gpx_basename,gpx_path,gpx_track_name,gpx_filename_datetime_raw,timezone_sensitive,date_match_status,enriched_match_status,enriched_confidence,candidate_count,best_yamap_activity_id,best_yamap_title,best_activity_date,best_title_similarity_score,review_reason_codes,candidate_summary,notes
yamap_2022-01-15_08_17.gpx,data/01_raw/gpx/2026-05-12/yamap_2022-01-15_08_17.gpx,関ヶ森・観音山・倉谷山・芝ヶ峠,2022-01-15 08:17,false,single_date_candidate,single_high_confidence_candidate,high,1,15239274,関ヶ森・観音山・倉谷山・芝ヶ峠,2022-01-15,1.0000,,"15239274:関ヶ森・観音山・倉谷山・芝ヶ峠(score:1.0000,rank:1)",Single candidate proposed with similarity score 1.
yamap_2022-01-22_09_04.gpx,data/01_raw/gpx/2026-05-12/yamap_2022-01-22_09_04.gpx,高森山・岩伽羅山・衣掛山・吉山(吉山城址),2022-01-22 09:04,false,single_date_candidate,single_high_confidence_candidate,high,1,15336083,高森山・岩伽羅山・衣掛山・吉山(吉山城址),2022-01-22,1.0000,,"15336083:高森山・岩伽羅山・衣掛山・吉山(吉山城址)(score:1.0000,rank:1)",Single candidate proposed with similarity score 1.
yamap_2022-01-28_12_28.gpx,data/01_raw/gpx/2026-05-12/yamap_2022-01-28_12_28.gpx,尾ノ峰・新城山・腰折山・恵良山,2022-01-28 12:28,false,single_date_candidate,single_high_confidence_candidate,high,1,15415794,尾ノ峰・新城山・腰折山・恵良山,2022-01-28,1.0000,,"15415794:尾ノ峰・新城山・腰折山・恵良山(score:1.0000,rank:1)",Single candidate proposed with similarity score 1.
yamap_2022-01-29_08_35.gpx,data/01_raw/gpx/2026-05-12/yamap_2022-01-29_08_35.gpx,皿ヶ森・経座ヶ森・ヨソ山,2022-01-29 08:35,false,single_date_candidate,single_high_confidence_candidate,high,1,15430410,皿ヶ森・経座ヶ森・ヨソ山,2022-01-29,1.0000,,"15430410:皿ヶ森・経座ヶ森・ヨソ山(score:1.0000,rank:1)",Single candidate proposed with similarity score 1.
yamap_2022-02-06_08_26.gpx,data/01_raw/gpx/2026-05-12/yamap_2022-02-06_08_26.gpx,谷上山・権現山・白滝山・障子山,2022-02-06 08:26,false,single_date_candidate,single_high_confidence_candidate,high,1,15569162,谷上山・権現山・白滝山・障子山,2022-02-06,1.0000,,"15569162:谷上山・権現山・白滝山・障子山(score:1.0000,rank:1)",Single candidate proposed with similarity score 1.
yamap_2022-02-09_10_01.gpx,data/01_raw/gpx/2026-05-12/yamap_2022-02-09_10_01.gpx,佐田岬と伽藍山,2022-02-09 10:01,false,single_date_candidate,single_high_confidence_candidate,high,1,15598504,佐田岬と伽藍山,2022-02-09,1.0000,,"15598504:佐田岬と伽藍山(score:1.0000,rank:1)",Single candidate proposed with similarity score 1.
yamap_2022-02-11_08_26.gpx,data/01_raw/gpx/2026-05-12/yamap_2022-02-11_08_26.gpx,塩ヶ森・番駄ヶ森・ケタ山・大磨山・鍵山（象ヶ森）,2022-02-11 08:26,false,single_date_candidate,single_high_confidence_candidate,high,1,15624334,塩ヶ森・番駄ヶ森・ケタ山・大磨山・鍵山（象ヶ森）,2022-02-11,1.0000,,"15624334:塩ヶ森・番駄ヶ森・ケタ山・大磨山・鍵山（象ヶ森）(score:1.0000,rank:1)",Single candidate proposed with similarity score 1.
yamap_2022-02-15_10_36.gpx,data/01_raw/gpx/2026-05-12/yamap_2022-02-15_10_36.gpx,天神山・御幸寺山,2022-02-15 10:36,false,single_date_candidate,single_high_confidence_candidate,high,1,15707049,天神山・御幸寺山,2022-02-15,1.0000,,"15707049:天神山・御幸寺山(score:1.0000,rank:1)",Single candidate proposed with similarity score 1.
yamap_2022-02-16_11_57.gpx,data/01_raw/gpx/2026-05-12/yamap_2022-02-16_11_57.gpx,愛宕山・常光寺山,2022-02-16 11:57,false,single_date_candidate,single_high_confidence_candidate,high,1,15715627,愛宕山・常光寺山,2022-02-16,1.0000,,"15715627:愛宕山・常光寺山(score:1.0000,rank:1)",Single candidate proposed with similarity score 1.
yamap_2022-02-23_08_42.gpx,data/01_raw/gpx/2026-05-12/yamap_2022-02-23_08_42.gpx,西山・経ヶ森・岩子山・護摩ヶ森,2022-02-23 08:42,false,single_date_candidate,single_high_confidence_candidate,high,1,15799454,西山・経ヶ森・岩子山・護摩ヶ森,2022-02-23,1.0000,,"15799454:西山・経ヶ森・岩子山・護摩ヶ森(score:1.0000,rank:1)",Single candidate proposed with similarity score 1.
yamap_2022-02-26_07_43.gpx,data/01_raw/gpx/2026-05-12/yamap_2022-02-26_07_43.gpx,御岳山,2022-02-26 07:43,false,multiple_date_candidates,multiple_candidates_ranked,high,3,15847055,御岳山,2022-02-26,1.0000,,"15847055:御岳山(score:1.0000,rank:1); 15848700:石槌山(score:0.0000,rank:2); 15852431:モニタリング調査ライン(score:0.0000,rank:3)",Proposing top candidate from multiple with superior score margin (1 vs 0).
yamap_2022-02-27_10_22.gpx,data/01_raw/gpx/2026-05-12/yamap_2022-02-27_10_22.gpx,日王山,2022-02-27 10:22,false,single_date_candidate,single_high_confidence_candidate,high,1,15886152,日王山,2022-02-27,1.0000,,"15886152:日王山(score:1.0000,rank:1)",Single candidate proposed with similarity score 1.
yamap_2022-02-28_13_13.gpx,data/01_raw/gpx/2026-05-12/yamap_2022-02-28_13_13.gpx,花木山,2022-02-28 13:13,false,multiple_date_candidates,multiple_candidates_ranked,high,2,15920024,花木山,2022-02-28,1.0000,,"15920024:花木山(score:1.0000,rank:1); 15918738:重茂山(score:0.0000,rank:2)",Proposing top candidate from multiple with superior score margin (1 vs 0).
yamap_2022-03-03_10_47.gpx,data/01_raw/gpx/2026-05-12/yamap_2022-03-03_10_47.gpx,奥之城山・ヌタノサコ,2022-03-03 10:47,false,single_date_candidate,single_high_confidence_candidate,high,1,15945836,奥之城山・ヌタノサコ,2022-03-03,1.0000,,"15945836:奥之城山・ヌタノサコ(score:1.0000,rank:1)",Single candidate proposed with similarity score 1.
yamap_2022-03-05_09_44.gpx,data/01_raw/gpx/2026-05-12/yamap_2022-03-05_09_44.gpx,城山・水梨山・向山,2022-03-05 09:44,false,single_date_candidate,single_high_confidence_candidate,high,1,15983117,城山・水梨山・向山,2022-03-05,1.0000,,"15983117:城山・水梨山・向山(score:1.0000,rank:1)",Single candidate proposed with similarity score 1.
yamap_2022-03-09_10_20.gpx,data/01_raw/gpx/2026-05-12/yamap_2022-03-09_10_20.gpx,稔山,2022-03-09 10:20,false,single_date_candidate,single_high_confidence_candidate,high,1,16050141,稔山,2022-03-09,1.0000,,"16050141:稔山(score:1.0000,rank:1)",Single candidate proposed with similarity score 1.
yamap_2022-03-12_08_31.gpx,data/01_raw/gpx/2026-05-12/yamap_2022-03-12_08_31.gpx,菊ヶ森,2022-03-12 08:31,false,multiple_date_candidates,multiple_candidates_ranked,high,3,16079603,菊ヶ森,2022-03-12,1.0000,,"16079603:菊ヶ森(score:1.0000,rank:1); 16081025:道後山(score:0.0000,rank:2); 16104803:鞍馬山・貴船山【鞍馬駅▶️貴船口駅】🌟🌟(score:0.0000,rank:3)",Proposing top candidate from multiple with superior score margin (1 vs 0).
yamap_2022-03-12_09_19.gpx,data/01_raw/gpx/2026-05-12/yamap_2022-03-12_09_19.gpx,道後山,2022-03-12 09:19,false,multiple_date_candidates,multiple_candidates_ranked,high,3,16081025,道後山,2022-03-12,1.0000,,"16081025:道後山(score:1.0000,rank:1); 16079603:菊ヶ森(score:0.0000,rank:2); 16104803:鞍馬山・貴船山【鞍馬駅▶️貴船口駅】🌟🌟(score:0.0000,rank:3)",Proposing top candidate from multiple with superior score margin (1 vs 0).
yamap_2022-03-13_09_49.gpx,data/01_raw/gpx/2026-05-12/yamap_2022-03-13_09_49.gpx,倉谷山・芝ヶ峠・淡路ヶ峠・宝ヶ峯,2022-03-13 09:49,false,single_date_candidate,single_high_confidence_candidate,high,1,16124915,倉谷山・芝ヶ峠・淡路ヶ峠・宝ヶ峯,2022-03-13,1.0000,,"16124915:倉谷山・芝ヶ峠・淡路ヶ峠・宝ヶ峯(score:1.0000,rank:1)",Single candidate proposed with similarity score 1.
yamap_2022-03-20_07_06.gpx,data/01_raw/gpx/2026-05-12/yamap_2022-03-20_07_06.gpx,大久保山・八里ヶ峠・中坂山・天神山・室岡山・潮見山,2022-03-20 07:06,false,single_date_candidate,single_high_confidence_candidate,high,1,16209216,大久保山・八里ヶ峠・中坂山・天神山・室岡山・潮見山,2022-03-20,1.0000,,"16209216:大久保山・八里ヶ峠・中坂山・天神山・室岡山・潮見山(score:1.0000,rank:1)",Single candidate proposed with similarity score 1.
yamap_2022-03-23_07_38.gpx,data/01_raw/gpx/2026-05-12/yamap_2022-03-23_07_38.gpx,明神山・潮見山,2022-03-23 07:38,false,single_date_candidate,single_high_confidence_candidate,high,1,16281691,明神山・潮見山,2022-03-23,1.0000,,"16281691:明神山・潮見山(score:1.0000,rank:1)",Single candidate proposed with similarity score 1.
yamap_2022-03-25_12_12.gpx,data/01_raw/gpx/2026-05-12/yamap_2022-03-25_12_12.gpx,十門山(十門城址)・ヨソ山,2022-03-25 12:12,false,single_date_candidate,single_high_confidence_candidate,high,1,16310772,十門山(十門城址)・ヨソ山,2022-03-25,1.0000,,"16310772:十門山(十門城址)・ヨソ山(score:1.0000,rank:1)",Single candidate proposed with similarity score 1.
yamap_2022-04-06_09_25.gpx,data/01_raw/gpx/2026-05-12/yamap_2022-04-06_09_25.gpx,忽那山,2022-04-06 09:25,false,single_date_candidate,single_high_confidence_candidate,high,1,16497216,忽那山,2022-04-06,1.0000,,"16497216:忽那山(score:1.0000,rank:1)",Single candidate proposed with similarity score 1.
yamap_2022-04-08_09_33.gpx,data/01_raw/gpx/2026-05-12/yamap_2022-04-08_09_33.gpx,鬼ヶ城山・大久保山・八面山・三本杭・横ノ森・小屋ヶ森・毛山,2022-04-08 09:33,false,single_date_candidate,single_high_confidence_candidate,high,1,16527154,鬼ヶ城山・大久保山・八面山・三本杭・横ノ森・小屋ヶ森・毛山,2022-04-08,1.0000,,"16527154:鬼ヶ城山・大久保山・八面山・三本杭・横ノ森・小屋ヶ森・毛山(score:1.0000,rank:1)",Single candidate proposed with similarity score 1.
yamap_2022-04-09_14_44.gpx,data/01_raw/gpx/2026-05-12/yamap_2022-04-09_14_44.gpx,大月山・高縄山,2022-04-09 14:44,false,multiple_date_candidates,multiple_candidates_ranked,high,2,16566166,大月山・高縄山,2022-04-09,1.0000,,"16566166:大月山・高縄山(score:1.0000,rank:1); 16544605:白山　桜山-2022-04-09(score:0.0000,rank:2)",Proposing top candidate from multiple with superior score margin (1 vs 0).
yamap_2022-04-15_11_52.gpx,data/01_raw/gpx/2026-05-12/yamap_2022-04-15_11_52.gpx,皿ヶ嶺・引地山,2022-04-15 11:52,false,single_date_candidate,single_high_confidence_candidate,high,1,16663708,皿ヶ嶺・引地山,2022-04-15,1.0000,,"16663708:皿ヶ嶺・引地山(score:1.0000,rank:1)",Single candidate proposed with similarity score 1.
yamap_2022-04-16_07_39.gpx,data/01_raw/gpx/2026-05-12/yamap_2022-04-16_07_39.gpx,東三方ヶ森,2022-04-16 07:39,false,single_date_candidate,single_high_confidence_candidate,high,1,16678030,東三方ヶ森,2022-04-16,1.0000,,"16678030:東三方ヶ森(score:1.0000,rank:1)",Single candidate proposed with similarity score 1.
yamap_2022-04-22_11_13.gpx,data/01_raw/gpx/2026-05-12/yamap_2022-04-22_11_13.gpx,甲が森,2022-04-22 11:13,false,multiple_date_candidates,multiple_candidates_ranked,high,5,16788269,甲が森,2022-04-22,1.0000,,"16788269:甲が森(score:1.0000,rank:1); 16791907:三滝山(score:0.0000,rank:2); 16791908:雨包山(score:0.0000,rank:3); 16794762:源氏ヶ駄場（薊野峰）(score:0.0000,rank:4); 16795124:碁石ヶ森(score:0.0000,rank:5)",Proposing top candidate from multiple with superior score margin (1 vs 0).
yamap_2022-04-22_12_22.gpx,data/01_raw/gpx/2026-05-12/yamap_2022-04-22_12_22.gpx,三滝山,2022-04-22 12:22,false,multiple_date_candidates,multiple_candidates_ranked,high,5,16791907,三滝山,2022-04-22,1.0000,,"16791907:三滝山(score:1.0000,rank:1); 16788269:甲が森(score:0.0000,rank:2); 16791908:雨包山(score:0.0000,rank:3); 16794762:源氏ヶ駄場（薊野峰）(score:0.0000,rank:4); 16795124:碁石ヶ森(score:0.0000,rank:5)",Proposing top candidate from multiple with superior score margin (1 vs 0).
yamap_2022-04-22_14_13.gpx,data/01_raw/gpx/2026-05-12/yamap_2022-04-22_14_13.gpx,雨包山,2022-04-22 14:13,false,multiple_date_candidates,multiple_candidates_ranked,high,5,16791908,雨包山,2022-04-22,1.0000,,"16791908:雨包山(score:1.0000,rank:1); 16788269:甲が森(score:0.0000,rank:2); 16791907:三滝山(score:0.0000,rank:3); 16794762:源氏ヶ駄場（薊野峰）(score:0.0000,rank:4); 16795124:碁石ヶ森(score:0.0000,rank:5)",Proposing top candidate from multiple with superior score margin (1 vs 0).
yamap_2022-04-22_16_48.gpx,data/01_raw/gpx/2026-05-12/yamap_2022-04-22_16_48.gpx,源氏ヶ駄場（薊野峰）,2022-04-22 16:48,true,multiple_date_candidates,multiple_candidates_ranked,high,5,16794762,源氏ヶ駄場（薊野峰）,2022-04-22,1.0000,timezone_sensitive,"16794762:源氏ヶ駄場（薊野峰）(score:1.0000,rank:1); 16788269:甲が森(score:0.0000,rank:2); 16791907:三滝山(score:0.0000,rank:3); 16791908:雨包山(score:0.0000,rank:4); 16795124:碁石ヶ森(score:0.0000,rank:5)",Proposing top candidate from multiple with superior score margin (1 vs 0). Timezone sensitive record.
yamap_2022-04-22_17_29.gpx,data/01_raw/gpx/2026-05-12/yamap_2022-04-22_17_29.gpx,碁石ヶ森,2022-04-22 17:29,true,multiple_date_candidates,multiple_candidates_ranked,high,5,16795124,碁石ヶ森,2022-04-22,1.0000,timezone_sensitive,"16795124:碁石ヶ森(score:1.0000,rank:1); 16788269:甲が森(score:0.0000,rank:2); 16791907:三滝山(score:0.0000,rank:3); 16791908:雨包山(score:0.0000,rank:4); 16794762:源氏ヶ駄場（薊野峰）(score:0.0000,rank:5)",Proposing top candidate from multiple with superior score margin (1 vs 0). Timezone sensitive record.
yamap_2022-04-25_11_35.gpx,data/01_raw/gpx/2026-05-12/yamap_2022-04-25_11_35.gpx,伊之子山・左谷ノ森,2022-04-25 11:35,false,multiple_date_candidates,multiple_candidates_ambiguous,low,2,,,,0.0000,title_tie;multiple_date_candidates,"16864115:横岳・大川入山(score:0.0000,rank:1); 16864667:二ッ箭山・暑いです！！(score:0.0000,rank:2)",Multiple candidates with close or tied scores (0 vs 0).
yamap_2022-04-27_10_31.gpx,data/01_raw/gpx/2026-05-12/yamap_2022-04-27_10_31.gpx,御在所山,2022-04-27 10:31,false,single_date_candidate,single_high_confidence_candidate,high,1,16881352,御在所山,2022-04-27,1.0000,,"16881352:御在所山(score:1.0000,rank:1)",Single candidate proposed with similarity score 1.
yamap_2022-04-30_08_30.gpx,data/01_raw/gpx/2026-05-12/yamap_2022-04-30_08_30.gpx,岩黒山・筒上山・手箱山,2022-04-30 08:30,false,multiple_date_candidates,multiple_candidates_ranked,high,2,16929212,岩黒山・筒上山・手箱山,2022-04-30,1.0000,,"16929212:岩黒山・筒上山・手箱山(score:1.0000,rank:1); 16916568:大菩薩嶺・妙見ノ頭(score:0.0000,rank:2)",Proposing top candidate from multiple with superior score margin (1 vs 0).
yamap_2022-05-02_09_06.gpx,data/01_raw/gpx/2026-05-12/yamap_2022-05-02_09_06.gpx,大川嶺・笠取山・ウバホド山,2022-05-02 09:06,false,single_date_candidate,single_high_confidence_candidate,high,1,16982038,大川嶺・笠取山・ウバホド山,2022-05-02,1.0000,,"16982038:大川嶺・笠取山・ウバホド山(score:1.0000,rank:1)",Single candidate proposed with similarity score 1.
yamap_2022-05-05_13_29.gpx,data/01_raw/gpx/2026-05-12/yamap_2022-05-05_13_29.gpx,陣ヶ森・前々司山・うなめご,2022-05-05 13:29,false,single_date_candidate,single_high_confidence_candidate,high,1,17142799,陣ヶ森・前々司山・うなめご,2022-05-05,1.0000,,"17142799:陣ヶ森・前々司山・うなめご(score:1.0000,rank:1)",Single candidate proposed with similarity score 1.
yamap_2022-05-07_07_14.gpx,data/01_raw/gpx/2026-05-12/yamap_2022-05-07_07_14.gpx,寒川山・鋸山・七々木山・豊受山・赤星山,2022-05-07 07:14,false,multiple_date_candidates,multiple_candidates_ranked,high,3,17193098,寒川山・鋸山・七々木山・豊受山・赤星山,2022-05-07,1.0000,,"17193098:寒川山・鋸山・七々木山・豊受山・赤星山(score:1.0000,rank:1); 17193111:翠波峰(score:0.0000,rank:2); 17195739:平石山(score:0.0000,rank:3)",Proposing top candidate from multiple with superior score margin (1 vs 0).
yamap_2022-05-07_13_44.gpx,data/01_raw/gpx/2026-05-12/yamap_2022-05-07_13_44.gpx,翠波峰,2022-05-07 13:44,false,multiple_date_candidates,multiple_candidates_ranked,high,3,17193111,翠波峰,2022-05-07,1.0000,,"17193111:翠波峰(score:1.0000,rank:1); 17193098:寒川山・鋸山・七々木山・豊受山・赤星山(score:0.0000,rank:2); 17195739:平石山(score:0.0000,rank:3)",Proposing top candidate from multiple with superior score margin (1 vs 0).
yamap_2022-05-07_14_18.gpx,data/01_raw/gpx/2026-05-12/yamap_2022-05-07_14_18.gpx,平石山,2022-05-07 14:18,false,multiple_date_candidates,multiple_candidates_ranked,high,3,17195739,平石山,2022-05-07,1.0000,,"17195739:平石山(score:1.0000,rank:1); 17193098:寒川山・鋸山・七々木山・豊受山・赤星山(score:0.0000,rank:2); 17193111:翠波峰(score:0.0000,rank:3)",Proposing top candidate from multiple with superior score margin (1 vs 0).
yamap_2022-05-15_06_10.gpx,data/01_raw/gpx/2026-05-12/yamap_2022-05-15_06_10.gpx,割石東山・青滝山・堂ヶ森,2022-05-15 06:10,false,multiple_date_candidates,multiple_candidates_ranked,high,3,17344616,割石東山・青滝山・堂ヶ森,2022-05-15,1.0000,,"17344616:割石東山・青滝山・堂ヶ森(score:1.0000,rank:1); 17325998:高岳・中岳・南岳(score:0.0000,rank:2); 17329584:烏帽子岳(score:0.0000,rank:3)",Proposing top candidate from multiple with superior score margin (1 vs 0).
yamap_2022-05-22_08_09.gpx,data/01_raw/gpx/2026-05-12/yamap_2022-05-22_08_09.gpx,石鎚山・天狗岳・南尖峰,2022-05-22 08:09,false,multiple_date_candidates,multiple_candidates_ranked,high,3,17465823,石鎚山・天狗岳・南尖峰,2022-05-22,1.0000,,"17465823:石鎚山・天狗岳・南尖峰(score:1.0000,rank:1); 17456789:万二郎岳（天城山）・万三郎岳（天城山）(score:0.0000,rank:2); 17479803:万二郎岳（天城山）・万三郎岳（天城山）(score:0.0000,rank:3)",Proposing top candidate from multiple with superior score margin (1 vs 0).
yamap_2022-05-25_09_48.gpx,data/01_raw/gpx/2026-05-12/yamap_2022-05-25_09_48.gpx,自念子ノ頭,2022-05-25 09:48,false,single_date_candidate,single_high_confidence_candidate,high,1,17536161,自念子ノ頭,2022-05-25,1.0000,,"17536161:自念子ノ頭(score:1.0000,rank:1)",Single candidate proposed with similarity score 1.
yamap_2022-06-04_14_13.gpx,data/01_raw/gpx/2026-05-12/yamap_2022-06-04_14_13.gpx,勝山,2022-06-04 14:13,false,single_date_candidate,single_high_confidence_candidate,high,1,17745232,勝山,2022-06-04,1.0000,,"17745232:勝山(score:1.0000,rank:1)",Single candidate proposed with similarity score 1.
yamap_2022-06-16_16_00.gpx,data/01_raw/gpx/2026-05-12/yamap_2022-06-16_16_00.gpx,姫草,2022-06-16 16:00,true,multiple_date_candidates,multiple_candidates_ranked,high,2,17955297,姫草,2022-06-16,1.0000,timezone_sensitive,"17955297:姫草(score:1.0000,rank:1); 17956064:牛城(score:0.0000,rank:2)",Proposing top candidate from multiple with superior score margin (1 vs 0). Timezone sensitive record.
yamap_2022-06-16_16_25.gpx,data/01_raw/gpx/2026-05-12/yamap_2022-06-16_16_25.gpx,牛城,2022-06-16 16:25,true,multiple_date_candidates,multiple_candidates_ranked,high,2,17956064,牛城,2022-06-16,1.0000,timezone_sensitive,"17956064:牛城(score:1.0000,rank:1); 17955297:姫草(score:0.0000,rank:2)",Proposing top candidate from multiple with superior score margin (1 vs 0). Timezone sensitive record.
yamap_2022-06-18_11_15.gpx,data/01_raw/gpx/2026-05-12/yamap_2022-06-18_11_15.gpx,積善山,2022-06-18 11:15,false,multiple_date_candidates,multiple_candidates_ranked,high,3,17985256,積善山,2022-06-18,1.0000,,"17985256:積善山(score:1.0000,rank:1); 17993401:鉢巻山(score:0.0000,rank:2); 17999330:立石山(score:0.0000,rank:3)",Proposing top candidate from multiple with superior score margin (1 vs 0).
yamap_2022-06-18_13_12.gpx,data/01_raw/gpx/2026-05-12/yamap_2022-06-18_13_12.gpx,鉢巻山,2022-06-18 13:12,false,multiple_date_candidates,multiple_candidates_ranked,high,3,17993401,鉢巻山,2022-06-18,1.0000,,"17993401:鉢巻山(score:1.0000,rank:1); 17985256:積善山(score:0.0000,rank:2); 17999330:立石山(score:0.0000,rank:3)",Proposing top candidate from multiple with superior score margin (1 vs 0).
yamap_2022-06-18_14_26.gpx,data/01_raw/gpx/2026-05-12/yamap_2022-06-18_14_26.gpx,立石山,2022-06-18 14:26,false,multiple_date_candidates,multiple_candidates_ranked,high,3,17999330,立石山,2022-06-18,1.0000,,"17999330:立石山(score:1.0000,rank:1); 17985256:積善山(score:0.0000,rank:2); 17993401:鉢巻山(score:0.0000,rank:3)",Proposing top candidate from multiple with superior score margin (1 vs 0).
yamap_2022-06-20_12_02.gpx,data/01_raw/gpx/2026-05-12/yamap_2022-06-20_12_02.gpx,安神山・鷲ヶ頭山,2022-06-20 12:02,false,single_date_candidate,single_high_confidence_candidate,high,1,18060852,安神山・鷲ヶ頭山,2022-06-20,1.0000,,"18060852:安神山・鷲ヶ頭山(score:1.0000,rank:1)",Single candidate proposed with similarity score 1.
yamap_2022-06-23_13_59.gpx,data/01_raw/gpx/2026-05-12/yamap_2022-06-23_13_59.gpx,篠山,2022-06-23 13:59,false,single_date_candidate,single_high_confidence_candidate,high,1,18089469,篠山,2022-06-23,1.0000,,"18089469:篠山(score:1.0000,rank:1)",Single candidate proposed with similarity score 1.
yamap_2022-06-29_08_48.gpx,data/01_raw/gpx/2026-05-12/yamap_2022-06-29_08_48.gpx,横山(横山城址),2022-06-29 08:48,false,single_date_candidate,single_high_confidence_candidate,high,1,18196317,横山(横山城址),2022-06-29,1.0000,,"18196317:横山(横山城址)(score:1.0000,rank:1)",Single candidate proposed with similarity score 1.
yamap_2022-07-02_07_43.gpx,data/01_raw/gpx/2026-05-12/yamap_2022-07-02_07_43.gpx,石鎚山・西ノ冠岳・面河の頭・二ノ森・鞍瀬ノ頭,2022-07-02 07:43,false,single_date_candidate,single_high_confidence_candidate,high,1,18250101,石鎚山・西ノ冠岳・面河の頭・二ノ森・鞍瀬ノ頭,2022-07-02,1.0000,,"18250101:石鎚山・西ノ冠岳・面河の頭・二ノ森・鞍瀬ノ頭(score:1.0000,rank:1)",Single candidate proposed with similarity score 1.
yamap_2022-07-10_07_25.gpx,data/01_raw/gpx/2026-05-12/yamap_2022-07-10_07_25.gpx,男山・瓶ヶ森・西黒森,2022-07-10 07:25,false,no_date_candidate,no_date_candidate,none,0,,,,0.0000,no_date_candidate,,No date candidates found.
yamap_2022-07-14_09_57.gpx,data/01_raw/gpx/2026-05-12/yamap_2022-07-14_09_57.gpx,小富士,2022-07-14 09:57,false,multiple_date_candidates,multiple_candidates_ranked,high,2,18427906,小富士,2022-07-14,1.0000,,"18427906:小富士(score:1.0000,rank:1); 18428061:龍石山(score:0.0000,rank:2)",Proposing top candidate from multiple with superior score margin (1 vs 0).
yamap_2022-07-14_11_15.gpx,data/01_raw/gpx/2026-05-12/yamap_2022-07-14_11_15.gpx,龍石山,2022-07-14 11:15,false,multiple_date_candidates,multiple_candidates_ranked,high,2,18428061,龍石山,2022-07-14,1.0000,,"18428061:龍石山(score:1.0000,rank:1); 18427906:小富士(score:0.0000,rank:2)",Proposing top candidate from multiple with superior score margin (1 vs 0).
yamap_2022-07-21_10_02.gpx,data/01_raw/gpx/2026-05-12/yamap_2022-07-21_10_02.gpx,子持山（頂上にたどり着けず）,2022-07-21 10:02,false,single_date_candidate,single_high_confidence_candidate,high,1,18543106,子持山（頂上にたどり着けず）,2022-07-21,1.0000,,"18543106:子持山（頂上にたどり着けず）(score:1.0000,rank:1)",Single candidate proposed with similarity score 1.
yamap_2022-08-21_15_44.gpx,data/01_raw/gpx/2026-05-12/yamap_2022-08-21_15_44.gpx,大峰ヶ台,2022-08-21 15:44,true,single_date_candidate,single_high_confidence_candidate,high,1,19164431,大峰ヶ台,2022-08-21,1.0000,timezone_sensitive,"19164431:大峰ヶ台(score:1.0000,rank:1)",Single candidate proposed with similarity score 1. Timezone sensitive record.
yamap_2022-08-26_08_45.gpx,data/01_raw/gpx/2026-05-12/yamap_2022-08-26_08_45.gpx,世田山・笠松山,2022-08-26 08:45,false,single_date_candidate,single_high_confidence_candidate,high,1,19222937,世田山・笠松山,2022-08-26,1.0000,,"19222937:世田山・笠松山(score:1.0000,rank:1)",Single candidate proposed with similarity score 1.
yamap_2022-08-27_06_05.gpx,data/01_raw/gpx/2026-05-12/yamap_2022-08-27_06_05.gpx,北三方ヶ森,2022-08-27 06:05,false,single_date_candidate,single_high_confidence_candidate,high,1,19236411,北三方ヶ森,2022-08-27,1.0000,,"19236411:北三方ヶ森(score:1.0000,rank:1)",Single candidate proposed with similarity score 1.
yamap_2022-09-04_12_08.gpx,data/01_raw/gpx/2026-05-12/yamap_2022-09-04_12_08.gpx,大友山,2022-09-04 12:08,false,single_date_candidate,single_high_confidence_candidate,high,1,19400534,大友山,2022-09-04,1.0000,,"19400534:大友山(score:1.0000,rank:1)",Single candidate proposed with similarity score 1.
yamap_2022-09-07_13_28.gpx,data/01_raw/gpx/2026-05-12/yamap_2022-09-07_13_28.gpx,湯築山,2022-09-07 13:28,false,single_date_candidate,single_high_confidence_candidate,high,1,19437997,湯築山,2022-09-07,1.0000,,"19437997:湯築山(score:1.0000,rank:1)",Single candidate proposed with similarity score 1.
yamap_2022-09-09_06_58.gpx,data/01_raw/gpx/2026-05-12/yamap_2022-09-09_06_58.gpx,寒風山・笹ヶ峰・ちち山,2022-09-09 06:58,false,single_date_candidate,single_high_confidence_candidate,high,1,19457807,寒風山・笹ヶ峰・ちち山,2022-09-09,1.0000,,"19457807:寒風山・笹ヶ峰・ちち山(score:1.0000,rank:1)",Single candidate proposed with similarity score 1.
yamap_2022-09-14_12_28.gpx,data/01_raw/gpx/2026-05-12/yamap_2022-09-14_12_28.gpx,松軒山,2022-09-14 12:28,false,single_date_candidate,single_high_confidence_candidate,high,1,19588038,松軒山,2022-09-14,1.0000,,"19588038:松軒山(score:1.0000,rank:1)",Single candidate proposed with similarity score 1.
yamap_2022-09-15_09_20.gpx,data/01_raw/gpx/2026-05-12/yamap_2022-09-15_09_20.gpx,三山,2022-09-15 09:20,false,multiple_date_candidates,multiple_candidates_ranked,high,4,19600002,三山,2022-09-15,1.0000,,"19600002:三山(score:1.0000,rank:1); 19600557:伊勢山(score:0.0000,rank:2); 19601222:久司山(score:0.0000,rank:3); 19604820:石灰山・古法皇山(score:0.0000,rank:4)",Proposing top candidate from multiple with superior score margin (1 vs 0).
yamap_2022-09-15_11_02.gpx,data/01_raw/gpx/2026-05-12/yamap_2022-09-15_11_02.gpx,伊勢山,2022-09-15 11:02,false,multiple_date_candidates,multiple_candidates_ranked,high,4,19600557,伊勢山,2022-09-15,1.0000,,"19600557:伊勢山(score:1.0000,rank:1); 19600002:三山(score:0.0000,rank:2); 19601222:久司山(score:0.0000,rank:3); 19604820:石灰山・古法皇山(score:0.0000,rank:4)",Proposing top candidate from multiple with superior score margin (1 vs 0).
yamap_2022-09-15_11_50.gpx,data/01_raw/gpx/2026-05-12/yamap_2022-09-15_11_50.gpx,久司山,2022-09-15 11:50,false,multiple_date_candidates,multiple_candidates_ranked,high,4,19601222,久司山,2022-09-15,1.0000,,"19601222:久司山(score:1.0000,rank:1); 19600002:三山(score:0.0000,rank:2); 19600557:伊勢山(score:0.0000,rank:3); 19604820:石灰山・古法皇山(score:0.0000,rank:4)",Proposing top candidate from multiple with superior score margin (1 vs 0).
yamap_2022-09-15_12_35.gpx,data/01_raw/gpx/2026-05-12/yamap_2022-09-15_12_35.gpx,石灰山・古法皇山,2022-09-15 12:35,false,multiple_date_candidates,multiple_candidates_ranked,high,4,19604820,石灰山・古法皇山,2022-09-15,1.0000,,"19604820:石灰山・古法皇山(score:1.0000,rank:1); 19600002:三山(score:0.0000,rank:2); 19600557:伊勢山(score:0.0000,rank:3); 19601222:久司山(score:0.0000,rank:4)",Proposing top candidate from multiple with superior score margin (1 vs 0).
yamap_2022-09-20_13_59.gpx,data/01_raw/gpx/2026-05-12/yamap_2022-09-20_13_59.gpx,狩江権現山,2022-09-20 13:59,false,multiple_date_candidates,multiple_candidates_ranked,high,2,19698405,狩江権現山,2022-09-20,1.0000,,"19698405:狩江権現山(score:1.0000,rank:1); 19698830:極山(score:0.0000,rank:2)",Proposing top candidate from multiple with superior score margin (1 vs 0).
yamap_2022-09-20_14_24.gpx,data/01_raw/gpx/2026-05-12/yamap_2022-09-20_14_24.gpx,極山,2022-09-20 14:24,false,multiple_date_candidates,multiple_candidates_ranked,high,2,19698830,極山,2022-09-20,1.0000,,"19698830:極山(score:1.0000,rank:1); 19698405:狩江権現山(score:0.0000,rank:2)",Proposing top candidate from multiple with superior score margin (1 vs 0).
yamap_2022-09-21_13_09.gpx,data/01_raw/gpx/2026-05-12/yamap_2022-09-21_13_09.gpx,高文殊山,2022-09-21 13:09,false,single_date_candidate,single_high_confidence_candidate,high,1,19708205,高文殊山,2022-09-21,1.0000,,"19708205:高文殊山(score:1.0000,rank:1)",Single candidate proposed with similarity score 1.
yamap_2022-09-24_08_33.gpx,data/01_raw/gpx/2026-05-12/yamap_2022-09-24_08_33.gpx,石鎚山,2022-09-24 08:33,false,single_date_candidate,single_high_confidence_candidate,high,1,19748541,石鎚山,2022-09-24,1.0000,,"19748541:石鎚山(score:1.0000,rank:1)",Single candidate proposed with similarity score 1.
yamap_2022-09-26_12_07.gpx,data/01_raw/gpx/2026-05-12/yamap_2022-09-26_12_07.gpx,三本榎,2022-09-26 12:07,false,multiple_date_candidates,multiple_candidates_ranked,high,3,19830861,三本榎,2022-09-26,1.0000,,"19830861:三本榎(score:1.0000,rank:1); 19827518:二反山・青刈山(score:0.0000,rank:2); 19833941:鏡山(score:0.0000,rank:3)",Proposing top candidate from multiple with superior score margin (1 vs 0).
yamap_2022-09-26_14_04.gpx,data/01_raw/gpx/2026-05-12/yamap_2022-09-26_14_04.gpx,鏡山,2022-09-26 14:04,false,multiple_date_candidates,multiple_candidates_ranked,high,3,19833941,鏡山,2022-09-26,1.0000,,"19833941:鏡山(score:1.0000,rank:1); 19827518:二反山・青刈山(score:0.0000,rank:2); 19830861:三本榎(score:0.0000,rank:3)",Proposing top candidate from multiple with superior score margin (1 vs 0).
yamap_2022-10-01_08_30.gpx,data/01_raw/gpx/2026-05-12/yamap_2022-10-01_08_30.gpx,戸祇御前山,2022-10-01 08:30,false,single_date_candidate,single_high_confidence_candidate,high,1,19911171,戸祇御前山,2022-10-01,1.0000,,"19911171:戸祇御前山(score:1.0000,rank:1)",Single candidate proposed with similarity score 1.
yamap_2022-10-03_14_57.gpx,data/01_raw/gpx/2026-05-12/yamap_2022-10-03_14_57.gpx,雄甲山・雌甲山,2022-10-03 14:57,false,single_date_candidate,single_high_confidence_candidate,high,1,20017361,雄甲山・雌甲山,2022-10-03,1.0000,,"20017361:雄甲山・雌甲山(score:1.0000,rank:1)",Single candidate proposed with similarity score 1.
yamap_2022-10-04_12_47.gpx,data/01_raw/gpx/2026-05-12/yamap_2022-10-04_12_47.gpx,泉ガ森,2022-10-04 12:47,false,single_date_candidate,single_high_confidence_candidate,high,1,20029187,泉ガ森,2022-10-04,1.0000,,"20029187:泉ガ森(score:1.0000,rank:1)",Single candidate proposed with similarity score 1.
yamap_2022-10-08_06_12.gpx,data/01_raw/gpx/2026-05-12/yamap_2022-10-08_06_12.gpx,東山・西赤石山・物住頭・前赤石山・東赤石山・八巻山,2022-10-08 06:12,false,single_date_candidate,single_high_confidence_candidate,high,1,20086190,東山・西赤石山・物住頭・前赤石山・東赤石山・八巻山,2022-10-08,1.0000,,"20086190:東山・西赤石山・物住頭・前赤石山・東赤石山・八巻山(score:1.0000,rank:1)",Single candidate proposed with similarity score 1.
yamap_2022-10-11_15_15.gpx,data/01_raw/gpx/2026-05-12/yamap_2022-10-11_15_15.gpx,黒崎山,2022-10-11 15:15,true,single_date_candidate,single_high_confidence_candidate,high,1,20172197,黒崎山,2022-10-11,1.0000,timezone_sensitive,"20172197:黒崎山(score:1.0000,rank:1)",Single candidate proposed with similarity score 1. Timezone sensitive record.
yamap_2022-10-14_12_05.gpx,data/01_raw/gpx/2026-05-12/yamap_2022-10-14_12_05.gpx,高戸山,2022-10-14 12:05,false,multiple_date_candidates,multiple_candidates_ranked,high,3,20211117,高戸山,2022-10-14,1.0000,,"20211117:高戸山(score:1.0000,rank:1); 20212951:犬吠山(score:0.0000,rank:2); 20216474:泰の山(score:0.0000,rank:3)",Proposing top candidate from multiple with superior score margin (1 vs 0).
yamap_2022-10-14_13_01.gpx,data/01_raw/gpx/2026-05-12/yamap_2022-10-14_13_01.gpx,犬吠山,2022-10-14 13:01,false,multiple_date_candidates,multiple_candidates_ranked,high,3,20212951,犬吠山,2022-10-14,1.0000,,"20212951:犬吠山(score:1.0000,rank:1); 20211117:高戸山(score:0.0000,rank:2); 20216474:泰の山(score:0.0000,rank:3)",Proposing top candidate from multiple with superior score margin (1 vs 0).
yamap_2022-10-14_13_42.gpx,data/01_raw/gpx/2026-05-12/yamap_2022-10-14_13_42.gpx,泰の山,2022-10-14 13:42,false,multiple_date_candidates,multiple_candidates_ranked,high,3,20216474,泰の山,2022-10-14,1.0000,,"20216474:泰の山(score:1.0000,rank:1); 20211117:高戸山(score:0.0000,rank:2); 20212951:犬吠山(score:0.0000,rank:3)",Proposing top candidate from multiple with superior score margin (1 vs 0).
yamap_2022-10-16_10_19.gpx,data/01_raw/gpx/2026-05-12/yamap_2022-10-16_10_19.gpx,楢原山・古権現山・中三方ヶ森,2022-10-16 10:19,false,single_date_candidate,single_high_confidence_candidate,high,1,20299413,楢原山・古権現山・中三方ヶ森,2022-10-16,1.0000,,"20299413:楢原山・古権現山・中三方ヶ森(score:1.0000,rank:1)",Single candidate proposed with similarity score 1.
yamap_2022-10-19_16_00.gpx,data/01_raw/gpx/2026-05-12/yamap_2022-10-19_16_00.gpx,西港山・大丸山・港山,2022-10-19 16:00,true,single_date_candidate,single_high_confidence_candidate,high,1,20348452,西港山・大丸山・港山,2022-10-19,1.0000,timezone_sensitive,"20348452:西港山・大丸山・港山(score:1.0000,rank:1)",Single candidate proposed with similarity score 1. Timezone sensitive record.
yamap_2022-10-21_09_17.gpx,data/01_raw/gpx/2026-05-12/yamap_2022-10-21_09_17.gpx,すくも山,2022-10-21 09:17,false,multiple_date_candidates,multiple_candidates_ranked,high,2,20370835,すくも山,2022-10-21,1.0000,,"20370835:すくも山(score:1.0000,rank:1); 20375635:愛ノ山(score:0.0000,rank:2)",Proposing top candidate from multiple with superior score margin (1 vs 0).
yamap_2022-10-21_12_15.gpx,data/01_raw/gpx/2026-05-12/yamap_2022-10-21_12_15.gpx,愛ノ山,2022-10-21 12:15,false,multiple_date_candidates,multiple_candidates_ranked,high,2,20375635,愛ノ山,2022-10-21,1.0000,,"20375635:愛ノ山(score:1.0000,rank:1); 20370835:すくも山(score:0.0000,rank:2)",Proposing top candidate from multiple with superior score margin (1 vs 0).
yamap_2022-10-27_13_37.gpx,data/01_raw/gpx/2026-05-12/yamap_2022-10-27_13_37.gpx,冨士山,2022-10-27 13:37,false,single_date_candidate,single_high_confidence_candidate,high,1,20527420,冨士山,2022-10-27,1.0000,,"20527420:冨士山(score:1.0000,rank:1)",Single candidate proposed with similarity score 1.
yamap_2022-10-28_06_21.gpx,data/01_raw/gpx/2026-05-12/yamap_2022-10-28_06_21.gpx,割石峠山・石墨山・法師山・白猪山・根無山・樽谷山・梅ヶ谷山,2022-10-28 06:21,false,single_date_candidate,single_high_confidence_candidate,high,1,20542185,割石峠山・石墨山・法師山・白猪山・根無山・樽谷山・梅ヶ谷山,2022-10-28,1.0000,,"20542185:割石峠山・石墨山・法師山・白猪山・根無山・樽谷山・梅ヶ谷山(score:1.0000,rank:1)",Single candidate proposed with similarity score 1.
yamap_2022-11-05_04_38.gpx,data/01_raw/gpx/2026-05-12/yamap_2022-11-05_04_38.gpx,権現山・黒岳・エビラ山・二ッ岳,2022-11-05 04:38,false,single_date_candidate,single_high_confidence_candidate,high,1,20769524,権現山・黒岳・エビラ山・二ッ岳,2022-11-05,1.0000,,"20769524:権現山・黒岳・エビラ山・二ッ岳(score:1.0000,rank:1)",Single candidate proposed with similarity score 1.
yamap_2022-11-07_12_37.gpx,data/01_raw/gpx/2026-05-12/yamap_2022-11-07_12_37.gpx,鹿島山,2022-11-07 12:37,false,single_date_candidate,single_high_confidence_candidate,high,1,20840182,鹿島山,2022-11-07,1.0000,,"20840182:鹿島山(score:1.0000,rank:1)",Single candidate proposed with similarity score 1.
yamap_2022-11-14_13_02.gpx,data/01_raw/gpx/2026-05-12/yamap_2022-11-14_13_02.gpx,出石山,2022-11-14 13:02,false,single_date_candidate,single_high_confidence_candidate,high,1,20978991,出石山,2022-11-14,1.0000,,"20978991:出石山(score:1.0000,rank:1)",Single candidate proposed with similarity score 1.
yamap_2022-11-26_04_41.gpx,data/01_raw/gpx/2026-05-12/yamap_2022-11-26_04_41.gpx,銅山峰・西山・綱繰山・獅子舞の鼻・冠山・平家平,2022-11-26 04:41,false,single_date_candidate,single_high_confidence_candidate,high,1,21174105,銅山峰・西山・綱繰山・獅子舞の鼻・冠山・平家平,2022-11-26,1.0000,,"21174105:銅山峰・西山・綱繰山・獅子舞の鼻・冠山・平家平(score:1.0000,rank:1)",Single candidate proposed with similarity score 1.
yamap_2022-12-12_08_41.gpx,data/01_raw/gpx/2026-05-12/yamap_2022-12-12_08_41.gpx,遠ヶ森,2022-12-12 08:41,false,multiple_date_candidates,multiple_candidates_ranked,high,2,21456728,遠ヶ森,2022-12-12,1.0000,,"21456728:遠ヶ森(score:1.0000,rank:1); 21457449:扇山(score:0.0000,rank:2)",Proposing top candidate from multiple with superior score margin (1 vs 0).
yamap_2022-12-12_10_30.gpx,data/01_raw/gpx/2026-05-12/yamap_2022-12-12_10_30.gpx,扇山,2022-12-12 10:30,false,multiple_date_candidates,multiple_candidates_ranked,high,2,21457449,扇山,2022-12-12,1.0000,,"21457449:扇山(score:1.0000,rank:1); 21456728:遠ヶ森(score:0.0000,rank:2)",Proposing top candidate from multiple with superior score margin (1 vs 0).
yamap_2022-12-25_10_09.gpx,data/01_raw/gpx/2026-05-12/yamap_2022-12-25_10_09.gpx,高山,2022-12-25 10:09,false,multiple_date_candidates,multiple_candidates_ranked,high,8,21589436,高山,2022-12-25,1.0000,,"21589436:高山(score:1.0000,rank:1); 21590134:塔ノ峰(score:0.0000,rank:2); 21590913:海山(score:0.0000,rank:3); 21592956:近見山(score:0.0000,rank:4); 21596150:唐子山(score:0.0000,rank:5); 21599402:医王山(score:0.0000,rank:6); 21602602:永納山(永納山城址)(score:0.0000,rank:7); 21605174:佐々久山(score:0.0000,rank:8)",Proposing top candidate from multiple with superior score margin (1 vs 0).
yamap_2022-12-25_10_46.gpx,data/01_raw/gpx/2026-05-12/yamap_2022-12-25_10_46.gpx,塔ノ峰,2022-12-25 10:46,false,multiple_date_candidates,multiple_candidates_ranked,high,8,21590134,塔ノ峰,2022-12-25,1.0000,,"21590134:塔ノ峰(score:1.0000,rank:1); 21589436:高山(score:0.0000,rank:2); 21590913:海山(score:0.0000,rank:3); 21592956:近見山(score:0.0000,rank:4); 21596150:唐子山(score:0.0000,rank:5); 21599402:医王山(score:0.0000,rank:6); 21602602:永納山(永納山城址)(score:0.0000,rank:7); 21605174:佐々久山(score:0.0000,rank:8)",Proposing top candidate from multiple with superior score margin (1 vs 0).
yamap_2022-12-25_11_10.gpx,data/01_raw/gpx/2026-05-12/yamap_2022-12-25_11_10.gpx,海山,2022-12-25 11:10,false,multiple_date_candidates,multiple_candidates_ranked,high,8,21590913,海山,2022-12-25,1.0000,,"21590913:海山(score:1.0000,rank:1); 21589436:高山(score:0.0000,rank:2); 21590134:塔ノ峰(score:0.0000,rank:3); 21592956:近見山(score:0.0000,rank:4); 21596150:唐子山(score:0.0000,rank:5); 21599402:医王山(score:0.0000,rank:6); 21602602:永納山(永納山城址)(score:0.0000,rank:7); 21605174:佐々久山(score:0.0000,rank:8)",Proposing top candidate from multiple with superior score margin (1 vs 0).
yamap_2022-12-25_11_41.gpx,data/01_raw/gpx/2026-05-12/yamap_2022-12-25_11_41.gpx,近見山,2022-12-25 11:41,false,multiple_date_candidates,multiple_candidates_ranked,high,8,21592956,近見山,2022-12-25,1.0000,,"21592956:近見山(score:1.0000,rank:1); 21589436:高山(score:0.0000,rank:2); 21590134:塔ノ峰(score:0.0000,rank:3); 21590913:海山(score:0.0000,rank:4); 21596150:唐子山(score:0.0000,rank:5); 21599402:医王山(score:0.0000,rank:6); 21602602:永納山(永納山城址)(score:0.0000,rank:7); 21605174:佐々久山(score:0.0000,rank:8)",Proposing top candidate from multiple with superior score margin (1 vs 0).
yamap_2022-12-25_12_44.gpx,data/01_raw/gpx/2026-05-12/yamap_2022-12-25_12_44.gpx,唐子山,2022-12-25 12:44,false,multiple_date_candidates,multiple_candidates_ranked,high,8,21596150,唐子山,2022-12-25,1.0000,,"21596150:唐子山(score:1.0000,rank:1); 21589436:高山(score:0.0000,rank:2); 21590134:塔ノ峰(score:0.0000,rank:3); 21590913:海山(score:0.0000,rank:4); 21592956:近見山(score:0.0000,rank:5); 21599402:医王山(score:0.0000,rank:6); 21602602:永納山(永納山城址)(score:0.0000,rank:7); 21605174:佐々久山(score:0.0000,rank:8)",Proposing top candidate from multiple with superior score margin (1 vs 0).
yamap_2022-12-25_13_36.gpx,data/01_raw/gpx/2026-05-12/yamap_2022-12-25_13_36.gpx,医王山,2022-12-25 13:36,false,multiple_date_candidates,multiple_candidates_ranked,high,8,21599402,医王山,2022-12-25,1.0000,,"21599402:医王山(score:1.0000,rank:1); 21589436:高山(score:0.0000,rank:2); 21590134:塔ノ峰(score:0.0000,rank:3); 21590913:海山(score:0.0000,rank:4); 21592956:近見山(score:0.0000,rank:5); 21596150:唐子山(score:0.0000,rank:6); 21602602:永納山(永納山城址)(score:0.0000,rank:7); 21605174:佐々久山(score:0.0000,rank:8)",Proposing top candidate from multiple with superior score margin (1 vs 0).
yamap_2022-12-25_15_08.gpx,data/01_raw/gpx/2026-05-12/yamap_2022-12-25_15_08.gpx,佐々久山,2022-12-25 15:08,true,multiple_date_candidates,multiple_candidates_ranked,high,8,21605174,佐々久山,2022-12-25,1.0000,timezone_sensitive,"21605174:佐々久山(score:1.0000,rank:1); 21589436:高山(score:0.0000,rank:2); 21590134:塔ノ峰(score:0.0000,rank:3); 21590913:海山(score:0.0000,rank:4); 21592956:近見山(score:0.0000,rank:5); 21596150:唐子山(score:0.0000,rank:6); 21599402:医王山(score:0.0000,rank:7); 21602602:永納山(永納山城址)(score:0.0000,rank:8)",Proposing top candidate from multiple with superior score margin (1 vs 0). Timezone sensitive record.
yamap_2022-12-31_14_13.gpx,data/01_raw/gpx/2026-05-12/yamap_2022-12-31_14_13.gpx,土亀山,2022-12-31 14:13,false,multiple_date_candidates,multiple_candidates_ranked,high,4,21696855,土亀山,2022-12-31,1.0000,,"21696855:土亀山(score:1.0000,rank:1); 21697421:天山(score:0.0000,rank:2); 21698197:東山(score:0.0000,rank:3); 21699312:星岡山(score:0.0000,rank:4)",Proposing top candidate from multiple with superior score margin (1 vs 0).
yamap_2022-12-31_14_27.gpx,data/01_raw/gpx/2026-05-12/yamap_2022-12-31_14_27.gpx,天山,2022-12-31 14:27,false,multiple_date_candidates,multiple_candidates_ranked,high,4,21697421,天山,2022-12-31,1.0000,,"21697421:天山(score:1.0000,rank:1); 21696855:土亀山(score:0.0000,rank:2); 21698197:東山(score:0.0000,rank:3); 21699312:星岡山(score:0.0000,rank:4)",Proposing top candidate from multiple with superior score margin (1 vs 0).
yamap_2022-12-31_14_45.gpx,data/01_raw/gpx/2026-05-12/yamap_2022-12-31_14_45.gpx,東山,2022-12-31 14:45,false,multiple_date_candidates,multiple_candidates_ranked,high,4,21698197,東山,2022-12-31,1.0000,,"21698197:東山(score:1.0000,rank:1); 21696855:土亀山(score:0.0000,rank:2); 21697421:天山(score:0.0000,rank:3); 21699312:星岡山(score:0.0000,rank:4)",Proposing top candidate from multiple with superior score margin (1 vs 0).
yamap_2022-12-31_15_00.gpx,data/01_raw/gpx/2026-05-12/yamap_2022-12-31_15_00.gpx,星岡山,2022-12-31 15:00,true,multiple_date_candidates,multiple_candidates_ranked,high,4,21699312,星岡山,2022-12-31,1.0000,timezone_sensitive,"21699312:星岡山(score:1.0000,rank:1); 21696855:土亀山(score:0.0000,rank:2); 21697421:天山(score:0.0000,rank:3); 21698197:東山(score:0.0000,rank:4)",Proposing top candidate from multiple with superior score margin (1 vs 0). Timezone sensitive record.
yamap_2023-01-03_07_36.gpx,data/01_raw/gpx/2026-05-12/yamap_2023-01-03_07_36.gpx,福見山・河原樋山・真松嶺・柿王寺森,2023-01-03 07:36,false,single_date_candidate,single_high_confidence_candidate,high,1,21774169,福見山・河原樋山・真松嶺・柿王寺森,2023-01-03,1.0000,,"21774169:福見山・河原樋山・真松嶺・柿王寺森(score:1.0000,rank:1)",Single candidate proposed with similarity score 1.
yamap_2023-01-06_11_33.gpx,data/01_raw/gpx/2026-05-12/yamap_2023-01-06_11_33.gpx,岩子山・垣生山・津田山・弁天山,2023-01-06 11:33,false,single_date_candidate,single_high_confidence_candidate,high,1,21828514,岩子山・垣生山・津田山・弁天山,2023-01-06,1.0000,,"21828514:岩子山・垣生山・津田山・弁天山(score:1.0000,rank:1)",Single candidate proposed with similarity score 1.
yamap_2023-01-08_09_18.gpx,data/01_raw/gpx/2026-05-12/yamap_2023-01-08_09_18.gpx,権現山,2023-01-08 09:18,false,multiple_date_candidates,multiple_candidates_ranked,high,2,21864997,権現山,2023-01-08,1.0000,,"21864997:権現山(score:1.0000,rank:1); 21888400:黒瀬山(黒瀬城址)・岡山(岡山城址)・鉢ヶ森(鉢ヶ森城址)・護摩ヶ森(護摩ヶ森城址)・我合山(...(score:0.0000,rank:2)",Proposing top candidate from multiple with superior score margin (1 vs 0).
yamap_2023-01-08_14_24.gpx,data/01_raw/gpx/2026-05-12/yamap_2023-01-08_14_24.gpx,黒瀬山(黒瀬城址)・岡山(岡山城址)・鉢ヶ森(鉢ヶ森城址)・護摩ヶ森(護摩ヶ森城址)・我合山(...,2023-01-08 14:24,false,multiple_date_candidates,multiple_candidates_ranked,high,2,21888400,黒瀬山(黒瀬城址)・岡山(岡山城址)・鉢ヶ森(鉢ヶ森城址)・護摩ヶ森(護摩ヶ森城址)・我合山(...,2023-01-08,1.0000,,"21888400:黒瀬山(黒瀬城址)・岡山(岡山城址)・鉢ヶ森(鉢ヶ森城址)・護摩ヶ森(護摩ヶ森城址)・我合山(...(score:1.0000,rank:1); 21864997:権現山(score:0.0000,rank:2)",Proposing top candidate from multiple with superior score margin (1 vs 0).
yamap_2023-01-10_10_30.gpx,data/01_raw/gpx/2026-05-12/yamap_2023-01-10_10_30.gpx,由良山,2023-01-10 10:30,false,single_date_candidate,single_high_confidence_candidate,high,1,21934144,由良山,2023-01-10,1.0000,,"21934144:由良山(score:1.0000,rank:1)",Single candidate proposed with similarity score 1.
yamap_2023-01-21_09_56.gpx,data/01_raw/gpx/2026-05-12/yamap_2023-01-21_09_56.gpx,大森山,2023-01-21 09:56,false,multiple_date_candidates,multiple_candidates_ranked,high,5,22060688,大森山,2023-01-21,1.0000,,"22060688:大森山(score:1.0000,rank:1); 22061577:見晴山(score:0.0000,rank:2); 22062877:権現山(score:0.0000,rank:3); 22065412:遠見山(score:0.0000,rank:4); 22078154:石神山・金比羅山(score:0.0000,rank:5)",Proposing top candidate from multiple with superior score margin (1 vs 0).
yamap_2023-01-21_10_45.gpx,data/01_raw/gpx/2026-05-12/yamap_2023-01-21_10_45.gpx,見晴山,2023-01-21 10:45,false,multiple_date_candidates,multiple_candidates_ranked,high,5,22061577,見晴山,2023-01-21,1.0000,,"22061577:見晴山(score:1.0000,rank:1); 22060688:大森山(score:0.0000,rank:2); 22062877:権現山(score:0.0000,rank:3); 22065412:遠見山(score:0.0000,rank:4); 22078154:石神山・金比羅山(score:0.0000,rank:5)",Proposing top candidate from multiple with superior score margin (1 vs 0).
yamap_2023-01-21_11_14.gpx,data/01_raw/gpx/2026-05-12/yamap_2023-01-21_11_14.gpx,権現山,2023-01-21 11:14,false,multiple_date_candidates,multiple_candidates_ranked,high,5,22062877,権現山,2023-01-21,1.0000,,"22062877:権現山(score:1.0000,rank:1); 22060688:大森山(score:0.0000,rank:2); 22061577:見晴山(score:0.0000,rank:3); 22065412:遠見山(score:0.0000,rank:4); 22078154:石神山・金比羅山(score:0.0000,rank:5)",Proposing top candidate from multiple with superior score margin (1 vs 0).
yamap_2023-01-21_12_02.gpx,data/01_raw/gpx/2026-05-12/yamap_2023-01-21_12_02.gpx,遠見山,2023-01-21 12:02,false,multiple_date_candidates,multiple_candidates_ranked,high,5,22065412,遠見山,2023-01-21,1.0000,,"22065412:遠見山(score:1.0000,rank:1); 22060688:大森山(score:0.0000,rank:2); 22061577:見晴山(score:0.0000,rank:3); 22062877:権現山(score:0.0000,rank:4); 22078154:石神山・金比羅山(score:0.0000,rank:5)",Proposing top candidate from multiple with superior score margin (1 vs 0).
yamap_2023-01-21_12_43.gpx,data/01_raw/gpx/2026-05-12/yamap_2023-01-21_12_43.gpx,石神山・金比羅山,2023-01-21 12:43,false,multiple_date_candidates,multiple_candidates_ranked,high,5,22078154,石神山・金比羅山,2023-01-21,1.0000,,"22078154:石神山・金比羅山(score:1.0000,rank:1); 22060688:大森山(score:0.0000,rank:2); 22061577:見晴山(score:0.0000,rank:3); 22062877:権現山(score:0.0000,rank:4); 22065412:遠見山(score:0.0000,rank:5)",Proposing top candidate from multiple with superior score margin (1 vs 0).
yamap_2023-01-28_11_53.gpx,data/01_raw/gpx/2026-05-12/yamap_2023-01-28_11_53.gpx,鳥越山,2023-01-28 11:53,false,multiple_date_candidates,multiple_candidates_ranked,high,4,22163782,鳥越山,2023-01-28,1.0000,,"22163782:鳥越山(score:1.0000,rank:1); 22167454:谷田山・金毘羅山(score:0.0000,rank:2); 22169885:佐古田山(score:0.0000,rank:3); 22176647:古城山・尾崎山(score:0.0000,rank:4)",Proposing top candidate from multiple with superior score margin (1 vs 0).
yamap_2023-01-28_12_19.gpx,data/01_raw/gpx/2026-05-12/yamap_2023-01-28_12_19.gpx,谷田山・金毘羅山,2023-01-28 12:19,false,multiple_date_candidates,multiple_candidates_ranked,high,4,22167454,谷田山・金毘羅山,2023-01-28,1.0000,,"22167454:谷田山・金毘羅山(score:1.0000,rank:1); 22163782:鳥越山(score:0.0000,rank:2); 22169885:佐古田山(score:0.0000,rank:3); 22176647:古城山・尾崎山(score:0.0000,rank:4)",Proposing top candidate from multiple with superior score margin (1 vs 0).
yamap_2023-01-28_13_44.gpx,data/01_raw/gpx/2026-05-12/yamap_2023-01-28_13_44.gpx,佐古田山,2023-01-28 13:44,false,multiple_date_candidates,multiple_candidates_ranked,high,4,22169885,佐古田山,2023-01-28,1.0000,,"22169885:佐古田山(score:1.0000,rank:1); 22163782:鳥越山(score:0.0000,rank:2); 22167454:谷田山・金毘羅山(score:0.0000,rank:3); 22176647:古城山・尾崎山(score:0.0000,rank:4)",Proposing top candidate from multiple with superior score margin (1 vs 0).
yamap_2023-01-28_14_27.gpx,data/01_raw/gpx/2026-05-12/yamap_2023-01-28_14_27.gpx,古城山・尾崎山,2023-01-28 14:27,false,multiple_date_candidates,multiple_candidates_ranked,high,4,22176647,古城山・尾崎山,2023-01-28,1.0000,,"22176647:古城山・尾崎山(score:1.0000,rank:1); 22163782:鳥越山(score:0.0000,rank:2); 22167454:谷田山・金毘羅山(score:0.0000,rank:3); 22169885:佐古田山(score:0.0000,rank:4)",Proposing top candidate from multiple with superior score margin (1 vs 0).
yamap_2023-03-05_11_09.gpx,data/01_raw/gpx/2026-05-12/yamap_2023-03-05_11_09.gpx,宝ヶ峯・淡路ヶ峠,2023-03-05 11:09,false,single_date_candidate,single_high_confidence_candidate,high,1,22807837,宝ヶ峯・淡路ヶ峠,2023-03-05,1.0000,,"22807837:宝ヶ峯・淡路ヶ峠(score:1.0000,rank:1)",Single candidate proposed with similarity score 1.
yamap_2023-03-11_06_08.gpx,data/01_raw/gpx/2026-05-12/yamap_2023-03-11_06_08.gpx,福見山・明神ヶ森・南三方ヶ森・魚谷森・左谷ノ森,2023-03-11 06:08,false,single_date_candidate,single_high_confidence_candidate,high,1,22917822,福見山・明神ヶ森・南三方ヶ森・魚谷森・左谷ノ森,2023-03-11,1.0000,,"22917822:福見山・明神ヶ森・南三方ヶ森・魚谷森・左谷ノ森(score:1.0000,rank:1)",Single candidate proposed with similarity score 1.
yamap_2023-03-15_09_53.gpx,data/01_raw/gpx/2026-05-12/yamap_2023-03-15_09_53.gpx,真城ヶ台,2023-03-15 09:53,false,single_date_candidate,single_high_confidence_candidate,high,1,22997019,真城ヶ台,2023-03-15,1.0000,,"22997019:真城ヶ台(score:1.0000,rank:1)",Single candidate proposed with similarity score 1.
yamap_2023-03-20_15_17.gpx,data/01_raw/gpx/2026-05-12/yamap_2023-03-20_15_17.gpx,千羽ヶ岳,2023-03-20 15:17,true,single_date_candidate,single_high_confidence_candidate,high,1,23107258,千羽ヶ岳,2023-03-20,1.0000,timezone_sensitive,"23107258:千羽ヶ岳(score:1.0000,rank:1)",Single candidate proposed with similarity score 1. Timezone sensitive record.
yamap_2023-03-29_05_31.gpx,data/01_raw/gpx/2026-05-12/yamap_2023-03-29_05_31.gpx,えんとつ山・生子山・犬返・種子川山・西赤石山・物住頭・上兜山・下兜山,2023-03-29 05:31,false,single_date_candidate,single_high_confidence_candidate,high,1,23230342,えんとつ山・生子山・犬返・種子川山・西赤石山・物住頭・上兜山・下兜山,2023-03-29,1.0000,,"23230342:えんとつ山・生子山・犬返・種子川山・西赤石山・物住頭・上兜山・下兜山(score:1.0000,rank:1)",Single candidate proposed with similarity score 1.
yamap_2023-04-04_12_51.gpx,data/01_raw/gpx/2026-05-12/yamap_2023-04-04_12_51.gpx,黒森山,2023-04-04 12:51,false,single_date_candidate,single_high_confidence_candidate,high,1,23372854,黒森山,2023-04-04,1.0000,,"23372854:黒森山(score:1.0000,rank:1)",Single candidate proposed with similarity score 1.
yamap_2023-04-09_09_08.gpx,data/01_raw/gpx/2026-05-12/yamap_2023-04-09_09_08.gpx,菊ヶ森・餓鬼ヶ森,2023-04-09 09:08,false,single_date_candidate,single_high_confidence_candidate,high,1,23456299,菊ヶ森・餓鬼ヶ森,2023-04-09,1.0000,,"23456299:菊ヶ森・餓鬼ヶ森(score:1.0000,rank:1)",Single candidate proposed with similarity score 1.
yamap_2023-04-18_06_58.gpx,data/01_raw/gpx/2026-05-12/yamap_2023-04-18_06_58.gpx,船野山,2023-04-18 06:58,false,multiple_date_candidates,multiple_candidates_ranked,high,2,23610620,船野山,2023-04-18,1.0000,,"23610620:船野山(score:1.0000,rank:1); 23615484:黒滝山・木久ヶ森(score:0.0000,rank:2)",Proposing top candidate from multiple with superior score margin (1 vs 0).
yamap_2023-04-18_10_53.gpx,data/01_raw/gpx/2026-05-12/yamap_2023-04-18_10_53.gpx,黒滝山・木久ヶ森,2023-04-18 10:53,false,multiple_date_candidates,multiple_candidates_ranked,high,2,23615484,黒滝山・木久ヶ森,2023-04-18,1.0000,,"23615484:黒滝山・木久ヶ森(score:1.0000,rank:1); 23610620:船野山(score:0.0000,rank:2)",Proposing top candidate from multiple with superior score margin (1 vs 0).
yamap_2023-05-27_09_55.gpx,data/01_raw/gpx/2026-05-12/yamap_2023-05-27_09_55.gpx,前善神山・善神山,2023-05-27 09:55,false,single_date_candidate,single_high_confidence_candidate,high,1,24526430,前善神山・善神山,2023-05-27,1.0000,,"24526430:前善神山・善神山(score:1.0000,rank:1)",Single candidate proposed with similarity score 1.
yamap_2023-06-11_11_57.gpx,data/01_raw/gpx/2026-05-12/yamap_2023-06-11_11_57.gpx,五葉が森,2023-06-11 11:57,false,single_date_candidate,single_high_confidence_candidate,high,1,24842919,五葉が森,2023-06-11,1.0000,,"24842919:五葉が森(score:1.0000,rank:1)",Single candidate proposed with similarity score 1.
yamap_2023-06-18_10_45.gpx,data/01_raw/gpx/2026-05-12/yamap_2023-06-18_10_45.gpx,亀老山,2023-06-18 10:45,false,single_date_candidate,single_high_confidence_candidate,high,1,24963250,亀老山,2023-06-18,1.0000,,"24963250:亀老山(score:1.0000,rank:1)",Single candidate proposed with similarity score 1.
yamap_2023-09-06_13_30.gpx,data/01_raw/gpx/2026-05-12/yamap_2023-09-06_13_30.gpx,冠岳,2023-09-06 13:30,false,single_date_candidate,single_high_confidence_candidate,high,1,26580294,冠岳,2023-09-06,1.0000,,"26580294:冠岳(score:1.0000,rank:1)",Single candidate proposed with similarity score 1.
yamap_2023-10-13_10_02.gpx,data/01_raw/gpx/2026-05-12/yamap_2023-10-13_10_02.gpx,ベツソ山・歯朶谷山,2023-10-13 10:02,false,single_date_candidate,single_high_confidence_candidate,high,1,27393055,ベツソ山・歯朶谷山,2023-10-13,1.0000,,"27393055:ベツソ山・歯朶谷山(score:1.0000,rank:1)",Single candidate proposed with similarity score 1.
yamap_2023-10-14_07_53.gpx,data/01_raw/gpx/2026-05-12/yamap_2023-10-14_07_53.gpx,丸山,2023-10-14 07:53,false,single_date_candidate,single_high_confidence_candidate,high,1,27410763,丸山,2023-10-14,1.0000,,"27410763:丸山(score:1.0000,rank:1)",Single candidate proposed with similarity score 1.
yamap_2023-10-22_06_44.gpx,data/01_raw/gpx/2026-05-12/yamap_2023-10-22_06_44.gpx,二ノ岳・高森,2023-10-22 06:44,false,single_date_candidate,single_high_confidence_candidate,high,1,27625682,二ノ岳・高森,2023-10-22,1.0000,,"27625682:二ノ岳・高森(score:1.0000,rank:1)",Single candidate proposed with similarity score 1.
yamap_2023-11-11_07_17.gpx,data/01_raw/gpx/2026-05-12/yamap_2023-11-11_07_17.gpx,四辻ノ森・三光ノ辻山,2023-11-11 07:17,false,single_date_candidate,single_high_confidence_candidate,high,1,28123419,四辻ノ森・三光ノ辻山,2023-11-11,1.0000,,"28123419:四辻ノ森・三光ノ辻山(score:1.0000,rank:1)",Single candidate proposed with similarity score 1.
yamap_2023-11-19_06_46.gpx,data/01_raw/gpx/2026-05-12/yamap_2023-11-19_06_46.gpx,瀬戸黒森・三森・羽子山・観音森,2023-11-19 06:46,false,single_date_candidate,single_high_confidence_candidate,high,1,28270130,瀬戸黒森・三森・羽子山・観音森,2023-11-19,1.0000,,"28270130:瀬戸黒森・三森・羽子山・観音森(score:1.0000,rank:1)",Single candidate proposed with similarity score 1.
yamap_2023-12-17_07_11.gpx,data/01_raw/gpx/2026-05-12/yamap_2023-12-17_07_11.gpx,総津権現山,2023-12-17 07:11,false,multiple_date_candidates,multiple_candidates_ranked,high,3,28786782,総津権現山,2023-12-17,1.0000,,"28786782:総津権現山(score:1.0000,rank:1); 28788628:秦皇山(score:0.0000,rank:2); 28790948:平岡山(平岡城址)(score:0.0000,rank:3)",Proposing top candidate from multiple with superior score margin (1 vs 0).
yamap_2023-12-17_09_45.gpx,data/01_raw/gpx/2026-05-12/yamap_2023-12-17_09_45.gpx,秦皇山,2023-12-17 09:45,false,multiple_date_candidates,multiple_candidates_ranked,high,3,28788628,秦皇山,2023-12-17,1.0000,,"28788628:秦皇山(score:1.0000,rank:1); 28786782:総津権現山(score:0.0000,rank:2); 28790948:平岡山(平岡城址)(score:0.0000,rank:3)",Proposing top candidate from multiple with superior score margin (1 vs 0).
yamap_2023-12-17_10_30.gpx,data/01_raw/gpx/2026-05-12/yamap_2023-12-17_10_30.gpx,平岡山(平岡城址) ,2023-12-17 10:30,false,multiple_date_candidates,multiple_candidates_ranked,high,3,28790948,平岡山(平岡城址),2023-12-17,1.0000,,"28790948:平岡山(平岡城址)(score:1.0000,rank:1); 28786782:総津権現山(score:0.0000,rank:2); 28788628:秦皇山(score:0.0000,rank:3)",Proposing top candidate from multiple with superior score margin (1 vs 0).
yamap_2024-01-14_10_18.gpx,data/01_raw/gpx/2026-05-12/yamap_2024-01-14_10_18.gpx,竜門山・大黒山,2024-01-14 10:18,false,single_date_candidate,single_high_confidence_candidate,high,1,29318444,竜門山・大黒山,2024-01-14,1.0000,,"29318444:竜門山・大黒山(score:1.0000,rank:1)",Single candidate proposed with similarity score 1.
yamap_2024-01-27_08_01.gpx,data/01_raw/gpx/2026-05-12/yamap_2024-01-27_08_01.gpx,大空山,2024-01-27 08:01,false,multiple_date_candidates,multiple_candidates_ranked,high,5,29473138,大空山,2024-01-27,1.0000,,"29473138:大空山(score:1.0000,rank:1); 29474188:御串山(score:0.0000,rank:2); 29480163:薬師山(score:0.0000,rank:3); 29488111:宝股山(score:0.0000,rank:4); 29492158:開山(score:0.0000,rank:5)",Proposing top candidate from multiple with superior score margin (1 vs 0).
yamap_2024-01-27_10_11.gpx,data/01_raw/gpx/2026-05-12/yamap_2024-01-27_10_11.gpx,御串山,2024-01-27 10:11,false,multiple_date_candidates,multiple_candidates_ranked,high,5,29474188,御串山,2024-01-27,1.0000,,"29474188:御串山(score:1.0000,rank:1); 29473138:大空山(score:0.0000,rank:2); 29480163:薬師山(score:0.0000,rank:3); 29488111:宝股山(score:0.0000,rank:4); 29492158:開山(score:0.0000,rank:5)",Proposing top candidate from multiple with superior score margin (1 vs 0).
yamap_2024-01-27_13_31.gpx,data/01_raw/gpx/2026-05-12/yamap_2024-01-27_13_31.gpx,宝股山,2024-01-27 13:31,false,multiple_date_candidates,multiple_candidates_ranked,high,5,29488111,宝股山,2024-01-27,1.0000,,"29488111:宝股山(score:1.0000,rank:1); 29473138:大空山(score:0.0000,rank:2); 29474188:御串山(score:0.0000,rank:3); 29480163:薬師山(score:0.0000,rank:4); 29492158:開山(score:0.0000,rank:5)",Proposing top candidate from multiple with superior score margin (1 vs 0).
yamap_2024-01-27_14_28.gpx,data/01_raw/gpx/2026-05-12/yamap_2024-01-27_14_28.gpx,開山,2024-01-27 14:28,false,multiple_date_candidates,multiple_candidates_ranked,high,5,29492158,開山,2024-01-27,1.0000,,"29492158:開山(score:1.0000,rank:1); 29473138:大空山(score:0.0000,rank:2); 29474188:御串山(score:0.0000,rank:3); 29480163:薬師山(score:0.0000,rank:4); 29488111:宝股山(score:0.0000,rank:5)",Proposing top candidate from multiple with superior score margin (1 vs 0).
yamap_2024-02-10_07_09.gpx,data/01_raw/gpx/2026-05-12/yamap_2024-02-10_07_09.gpx,鳥屋ヶ森,2024-02-10 07:09,false,multiple_date_candidates,multiple_candidates_ranked,high,3,29712865,鳥屋ヶ森,2024-02-10,1.0000,,"29712865:鳥屋ヶ森(score:1.0000,rank:1); 29720992:熊ガ峰(score:0.0000,rank:2); 29739163:権現山(score:0.0000,rank:3)",Proposing top candidate from multiple with superior score margin (1 vs 0).
yamap_2024-02-10_09_58.gpx,data/01_raw/gpx/2026-05-12/yamap_2024-02-10_09_58.gpx,熊ガ峰,2024-02-10 09:58,false,multiple_date_candidates,multiple_candidates_ranked,high,3,29720992,熊ガ峰,2024-02-10,1.0000,,"29720992:熊ガ峰(score:1.0000,rank:1); 29712865:鳥屋ヶ森(score:0.0000,rank:2); 29739163:権現山(score:0.0000,rank:3)",Proposing top candidate from multiple with superior score margin (1 vs 0).
yamap_2024-02-10_13_09.gpx,data/01_raw/gpx/2026-05-12/yamap_2024-02-10_13_09.gpx,権現山,2024-02-10 13:09,false,multiple_date_candidates,multiple_candidates_ranked,high,3,29739163,権現山,2024-02-10,1.0000,,"29739163:権現山(score:1.0000,rank:1); 29712865:鳥屋ヶ森(score:0.0000,rank:2); 29720992:熊ガ峰(score:0.0000,rank:3)",Proposing top candidate from multiple with superior score margin (1 vs 0).
yamap_2024-02-17_05_38.gpx,data/01_raw/gpx/2026-05-12/yamap_2024-02-17_05_38.gpx,大黒山・譲ヶ葉森,2024-02-17 05:38,false,single_date_candidate,single_high_confidence_candidate,high,1,29893880,大黒山・譲ヶ葉森,2024-02-17,1.0000,,"29893880:大黒山・譲ヶ葉森(score:1.0000,rank:1)",Single candidate proposed with similarity score 1.
yamap_2024-02-24_07_06.gpx,data/01_raw/gpx/2026-05-12/yamap_2024-02-24_07_06.gpx,高月山・東高月山・郭公岳・櫨ヶ森・毛山,2024-02-24 07:06,false,single_date_candidate,single_high_confidence_candidate,high,1,30009031,高月山・東高月山・郭公岳・櫨ヶ森・毛山,2024-02-24,1.0000,,"30009031:高月山・東高月山・郭公岳・櫨ヶ森・毛山(score:1.0000,rank:1)",Single candidate proposed with similarity score 1.
yamap_2024-03-03_06_23.gpx,data/01_raw/gpx/2026-05-12/yamap_2024-03-03_06_23.gpx,白石山,2024-03-03 06:23,false,multiple_date_candidates,multiple_candidates_ranked,high,4,30140047,白石山,2024-03-03,1.0000,,"30140047:白石山(score:1.0000,rank:1); 30141050:観音岳(score:0.0000,rank:2); 30154001:音無山(score:0.0000,rank:3); 30171840:天ガ森(score:0.0000,rank:4)",Proposing top candidate from multiple with superior score margin (1 vs 0).
yamap_2024-03-03_08_44.gpx,data/01_raw/gpx/2026-05-12/yamap_2024-03-03_08_44.gpx,観音岳,2024-03-03 08:44,false,multiple_date_candidates,multiple_candidates_ranked,high,4,30141050,観音岳,2024-03-03,1.0000,,"30141050:観音岳(score:1.0000,rank:1); 30140047:白石山(score:0.0000,rank:2); 30154001:音無山(score:0.0000,rank:3); 30171840:天ガ森(score:0.0000,rank:4)",Proposing top candidate from multiple with superior score margin (1 vs 0).
yamap_2024-03-03_10_00.gpx,data/01_raw/gpx/2026-05-12/yamap_2024-03-03_10_00.gpx,音無山,2024-03-03 10:00,false,multiple_date_candidates,multiple_candidates_ranked,high,4,30154001,音無山,2024-03-03,1.0000,,"30154001:音無山(score:1.0000,rank:1); 30140047:白石山(score:0.0000,rank:2); 30141050:観音岳(score:0.0000,rank:3); 30171840:天ガ森(score:0.0000,rank:4)",Proposing top candidate from multiple with superior score margin (1 vs 0).
yamap_2024-03-03_13_33.gpx,data/01_raw/gpx/2026-05-12/yamap_2024-03-03_13_33.gpx,天ガ森,2024-03-03 13:33,false,multiple_date_candidates,multiple_candidates_ranked,high,4,30171840,天ガ森,2024-03-03,1.0000,,"30171840:天ガ森(score:1.0000,rank:1); 30140047:白石山(score:0.0000,rank:2); 30141050:観音岳(score:0.0000,rank:3); 30154001:音無山(score:0.0000,rank:4)",Proposing top candidate from multiple with superior score margin (1 vs 0).
yamap_2024-03-10_07_12.gpx,data/01_raw/gpx/2026-05-12/yamap_2024-03-10_07_12.gpx,夫婦山・白山・観音山・国見山・城山・御勧請山,2024-03-10 07:12,false,single_date_candidate,single_high_confidence_candidate,high,1,30276721,夫婦山・白山・観音山・国見山・城山・御勧請山,2024-03-10,1.0000,,"30276721:夫婦山・白山・観音山・国見山・城山・御勧請山(score:1.0000,rank:1)",Single candidate proposed with similarity score 1.
yamap_2024-03-16_09_21.gpx,data/01_raw/gpx/2026-05-12/yamap_2024-03-16_09_21.gpx,トギ・張木山・高手山,2024-03-16 09:21,false,multiple_date_candidates,multiple_candidates_ranked,high,2,30377402,トギ・張木山・高手山,2024-03-16,1.0000,,"30377402:トギ・張木山・高手山(score:1.0000,rank:1); 30390268:斎藤山(score:0.0000,rank:2)",Proposing top candidate from multiple with superior score margin (1 vs 0).
yamap_2024-03-16_13_58.gpx,data/01_raw/gpx/2026-05-12/yamap_2024-03-16_13_58.gpx,斎藤山,2024-03-16 13:58,false,multiple_date_candidates,multiple_candidates_ranked,high,2,30390268,斎藤山,2024-03-16,1.0000,,"30390268:斎藤山(score:1.0000,rank:1); 30377402:トギ・張木山・高手山(score:0.0000,rank:2)",Proposing top candidate from multiple with superior score margin (1 vs 0).
yamap_2024-03-30_07_11.gpx,data/01_raw/gpx/2026-05-12/yamap_2024-03-30_07_11.gpx,御祝山・横ノ森・小屋ヶ森・串ヶ森・目黒鳥屋・長尾森,2024-03-30 07:11,false,single_date_candidate,single_high_confidence_candidate,high,1,30609975,御祝山・横ノ森・小屋ヶ森・串ヶ森・目黒鳥屋・長尾森,2024-03-30,1.0000,,"30609975:御祝山・横ノ森・小屋ヶ森・串ヶ森・目黒鳥屋・長尾森(score:1.0000,rank:1)",Single candidate proposed with similarity score 1.
yamap_2024-04-07_06_45.gpx,data/01_raw/gpx/2026-05-12/yamap_2024-04-07_06_45.gpx,二箆山・西雑誌山,2024-04-07 06:45,false,single_date_candidate,single_high_confidence_candidate,high,1,30816685,二箆山・西雑誌山,2024-04-07,1.0000,,"30816685:二箆山・西雑誌山(score:1.0000,rank:1)",Single candidate proposed with similarity score 1.
yamap_2024-04-20_05_43.gpx,data/01_raw/gpx/2026-05-12/yamap_2024-04-20_05_43.gpx,気多山・八辻ノ峰・五代ヶ森,2024-04-20 05:43,false,single_date_candidate,single_high_confidence_candidate,high,1,31098993,気多山・八辻ノ峰・五代ヶ森,2024-04-20,1.0000,,"31098993:気多山・八辻ノ峰・五代ヶ森(score:1.0000,rank:1)",Single candidate proposed with similarity score 1.
yamap_2024-04-27_08_04.gpx,data/01_raw/gpx/2026-05-12/yamap_2024-04-27_08_04.gpx,桂ヶ森,2024-04-27 08:04,false,single_date_candidate,single_high_confidence_candidate,high,1,31210522,桂ヶ森,2024-04-27,1.0000,,"31210522:桂ヶ森(score:1.0000,rank:1)",Single candidate proposed with similarity score 1.
yamap_2024-04-28_07_11.gpx,data/01_raw/gpx/2026-05-12/yamap_2024-04-28_07_11.gpx,狼ヶ城山,2024-04-28 07:11,false,multiple_date_candidates,multiple_candidates_ranked,high,2,31238258,狼ヶ城山,2024-04-28,1.0000,,"31238258:狼ヶ城山(score:1.0000,rank:1); 31279084:日浦嶺・打越山(score:0.0000,rank:2)",Proposing top candidate from multiple with superior score margin (1 vs 0).
yamap_2024-04-28_10_37.gpx,data/01_raw/gpx/2026-05-12/yamap_2024-04-28_10_37.gpx,日浦嶺・打越山,2024-04-28 10:37,false,multiple_date_candidates,multiple_candidates_ranked,high,2,31279084,日浦嶺・打越山,2024-04-28,1.0000,,"31279084:日浦嶺・打越山(score:1.0000,rank:1); 31238258:狼ヶ城山(score:0.0000,rank:2)",Proposing top candidate from multiple with superior score margin (1 vs 0).
yamap_2024-05-03_08_45.gpx,data/01_raw/gpx/2026-05-12/yamap_2024-05-03_08_45.gpx,面河山,2024-05-03 08:45,false,single_date_candidate,single_high_confidence_candidate,high,1,31444117,面河山,2024-05-03,1.0000,,"31444117:面河山(score:1.0000,rank:1)",Single candidate proposed with similarity score 1.
yamap_2024-05-11_07_45.gpx,data/01_raw/gpx/2026-05-12/yamap_2024-05-11_07_45.gpx,丸笹山,2024-05-11 07:45,false,multiple_date_candidates,multiple_candidates_ranked,high,2,31683137,丸笹山,2024-05-11,1.0000,,"31683137:丸笹山(score:1.0000,rank:1); 31711263:丸滝山(score:0.0000,rank:2)",Proposing top candidate from multiple with superior score margin (1 vs 0).
yamap_2024-05-11_13_46.gpx,data/01_raw/gpx/2026-05-12/yamap_2024-05-11_13_46.gpx,丸滝山,2024-05-11 13:46,false,multiple_date_candidates,multiple_candidates_ranked,high,2,31711263,丸滝山,2024-05-11,1.0000,,"31711263:丸滝山(score:1.0000,rank:1); 31683137:丸笹山(score:0.0000,rank:2)",Proposing top candidate from multiple with superior score margin (1 vs 0).
yamap_2024-05-15_11_16.gpx,data/01_raw/gpx/2026-05-12/yamap_2024-05-15_11_16.gpx,名石山,2024-05-15 11:16,false,single_date_candidate,single_high_confidence_candidate,high,1,31778883,名石山,2024-05-15,1.0000,,"31778883:名石山(score:1.0000,rank:1)",Single candidate proposed with similarity score 1.
yamap_2024-05-19_08_47.gpx,data/01_raw/gpx/2026-05-12/yamap_2024-05-19_08_47.gpx,二反山・青刈山,2024-05-19 08:47,false,no_date_candidate,no_date_candidate,none,0,,,,0.0000,no_date_candidate,,No date candidates found.
yamap_2024-06-01_07_14.gpx,data/01_raw/gpx/2026-05-12/yamap_2024-06-01_07_14.gpx,椿山,2024-06-01 07:14,false,single_date_candidate,single_high_confidence_candidate,high,1,32204862,椿山,2024-06-01,1.0000,,"32204862:椿山(score:1.0000,rank:1)",Single candidate proposed with similarity score 1.
yamap_2024-06-08_08_42.gpx,data/01_raw/gpx/2026-05-12/yamap_2024-06-08_08_42.gpx,沓掛山・黒森山,2024-06-08 08:42,false,single_date_candidate,single_high_confidence_candidate,high,1,32377948,沓掛山・黒森山,2024-06-08,1.0000,,"32377948:沓掛山・黒森山(score:1.0000,rank:1)",Single candidate proposed with similarity score 1.
yamap_2024-06-14_06_46.gpx,data/01_raw/gpx/2026-05-12/yamap_2024-06-14_06_46.gpx,二反山,2024-06-14 06:46,false,no_date_candidate,no_date_candidate,none,0,,,,0.0000,no_date_candidate,,No date candidates found.
yamap_2024-06-15_08_50.gpx,data/01_raw/gpx/2026-05-12/yamap_2024-06-15_08_50.gpx,平家平,2024-06-15 08:50,false,single_date_candidate,single_high_confidence_candidate,high,1,32551903,平家平,2024-06-15,1.0000,,"32551903:平家平(score:1.0000,rank:1)",Single candidate proposed with similarity score 1.
yamap_2024-06-16_07_27.gpx,data/01_raw/gpx/2026-05-12/yamap_2024-06-16_07_27.gpx,薬師山,2024-06-16 07:27,false,no_date_candidate,no_date_candidate,none,0,,,,0.0000,no_date_candidate,,No date candidates found.
yamap_2024-07-06_10_01.gpx,data/01_raw/gpx/2026-05-12/yamap_2024-07-06_10_01.gpx,子持権現山・男山・瓶ヶ森,2024-07-06 10:01,false,single_date_candidate,single_high_confidence_candidate,high,1,32926277,子持権現山・男山・瓶ヶ森,2024-07-06,1.0000,,"32926277:子持権現山・男山・瓶ヶ森(score:1.0000,rank:1)",Single candidate proposed with similarity score 1.
yamap_2024-07-08_11_33.gpx,data/01_raw/gpx/2026-05-12/yamap_2024-07-08_11_33.gpx,宅並山,2024-07-08 11:33,false,single_date_candidate,single_high_confidence_candidate,high,1,32996557,宅並山,2024-07-08,1.0000,,"32996557:宅並山(score:1.0000,rank:1)",Single candidate proposed with similarity score 1.
yamap_2024-07-28_15_53.gpx,data/01_raw/gpx/2026-05-12/yamap_2024-07-28_15_53.gpx,岩屋山,2024-07-28 15:53,true,single_date_candidate,single_high_confidence_candidate,high,1,33413387,岩屋山,2024-07-28,1.0000,timezone_sensitive,"33413387:岩屋山(score:1.0000,rank:1)",Single candidate proposed with similarity score 1. Timezone sensitive record.
yamap_2024-08-03_20_36.gpx,data/01_raw/gpx/2026-05-12/yamap_2024-08-03_20_36.gpx,高縄山,2024-08-03 20:36,true,no_date_candidate,no_date_candidate,none,0,,,,0.0000,no_date_candidate;timezone_sensitive,,No date candidates found. Timezone sensitive record.
yamap_2024-09-14_07_46.gpx,data/01_raw/gpx/2026-05-12/yamap_2024-09-14_07_46.gpx,伊予富士,2024-09-14 07:46,false,single_date_candidate,single_high_confidence_candidate,high,1,34378242,伊予富士,2024-09-14,1.0000,,"34378242:伊予富士(score:1.0000,rank:1)",Single candidate proposed with similarity score 1.
yamap_2024-09-23_07_35.gpx,data/01_raw/gpx/2026-05-12/yamap_2024-09-23_07_35.gpx,中津山(明神山)・猿越山,2024-09-23 07:35,false,single_date_candidate,single_high_confidence_candidate,high,1,34608189,中津山(明神山)・猿越山,2024-09-23,1.0000,,"34608189:中津山(明神山)・猿越山(score:1.0000,rank:1)",Single candidate proposed with similarity score 1.
yamap_2024-10-05_06_40.gpx,data/01_raw/gpx/2026-05-12/yamap_2024-10-05_06_40.gpx,銅山峰・西山・三の森・二の森・一の森,2024-10-05 06:40,false,single_date_candidate,single_high_confidence_candidate,high,1,34865968,銅山峰・西山・三の森・二の森・一の森,2024-10-05,1.0000,,"34865968:銅山峰・西山・三の森・二の森・一の森(score:1.0000,rank:1)",Single candidate proposed with similarity score 1.
yamap_2024-10-14_04_48.gpx,data/01_raw/gpx/2026-05-12/yamap_2024-10-14_04_48.gpx,三ッ足山・カガマシ山・橡尾山・笹ヶ峰,2024-10-14 04:48,false,single_date_candidate,single_high_confidence_candidate,high,1,35193395,三ッ足山・カガマシ山・橡尾山・笹ヶ峰,2024-10-14,1.0000,,"35193395:三ッ足山・カガマシ山・橡尾山・笹ヶ峰(score:1.0000,rank:1)",Single candidate proposed with similarity score 1.
yamap_2024-10-20_06_42.gpx,data/01_raw/gpx/2026-05-12/yamap_2024-10-20_06_42.gpx,ハネズル山,2024-10-20 06:42,false,multiple_date_candidates,multiple_candidates_ranked,high,2,35294207,ハネズル山,2024-10-20,1.0000,,"35294207:ハネズル山(score:1.0000,rank:1); 35299950:天堤山(score:0.0000,rank:2)",Proposing top candidate from multiple with superior score margin (1 vs 0).
yamap_2024-10-20_11_05.gpx,data/01_raw/gpx/2026-05-12/yamap_2024-10-20_11_05.gpx,天堤山,2024-10-20 11:05,false,multiple_date_candidates,multiple_candidates_ranked,high,2,35299950,天堤山,2024-10-20,1.0000,,"35299950:天堤山(score:1.0000,rank:1); 35294207:ハネズル山(score:0.0000,rank:2)",Proposing top candidate from multiple with superior score margin (1 vs 0).
yamap_2024-12-01_06_40.gpx,data/01_raw/gpx/2026-05-12/yamap_2024-12-01_06_40.gpx,唐谷山・天狗森・木峰・金見山・高丸・五郎丸・大谷山・龍王山,2024-12-01 06:40,false,multiple_date_candidates,multiple_candidates_ranked,high,2,36316517,唐谷山・天狗森・木峰・金見山・高丸・五郎丸・大谷山・龍王山,2024-12-01,1.0000,,"36316517:唐谷山・天狗森・木峰・金見山・高丸・五郎丸・大谷山・龍王山(score:1.0000,rank:1); 36324491:城山(score:0.0000,rank:2)",Proposing top candidate from multiple with superior score margin (1 vs 0).
yamap_2024-12-01_14_17.gpx,data/01_raw/gpx/2026-05-12/yamap_2024-12-01_14_17.gpx,城山,2024-12-01 14:17,false,multiple_date_candidates,multiple_candidates_ranked,high,2,36324491,城山,2024-12-01,1.0000,,"36324491:城山(score:1.0000,rank:1); 36316517:唐谷山・天狗森・木峰・金見山・高丸・五郎丸・大谷山・龍王山(score:0.0000,rank:2)",Proposing top candidate from multiple with superior score margin (1 vs 0).
yamap_2024-12-08_06_59.gpx,data/01_raw/gpx/2026-05-12/yamap_2024-12-08_06_59.gpx,本尊山・秋葉山・立烏帽子山・明神山,2024-12-08 06:59,false,single_date_candidate,single_high_confidence_candidate,high,1,36473567,本尊山・秋葉山・立烏帽子山・明神山,2024-12-08,1.0000,,"36473567:本尊山・秋葉山・立烏帽子山・明神山(score:1.0000,rank:1)",Single candidate proposed with similarity score 1.
yamap_2024-12-15_07_21.gpx,data/01_raw/gpx/2026-05-12/yamap_2024-12-15_07_21.gpx,陣が森・岩が森・スクモ塚・高萩山・長者森,2024-12-15 07:21,false,single_date_candidate,single_high_confidence_candidate,high,1,36604386,陣が森・岩が森・スクモ塚・高萩山・長者森,2024-12-15,1.0000,,"36604386:陣が森・岩が森・スクモ塚・高萩山・長者森(score:1.0000,rank:1)",Single candidate proposed with similarity score 1.
yamap_2024-12-22_06_34.gpx,data/01_raw/gpx/2026-05-12/yamap_2024-12-22_06_34.gpx,八倉山・行道山・水晶ヶ森,2024-12-22 06:34,false,multiple_date_candidates,multiple_candidates_ranked,high,2,36701543,八倉山・行道山・水晶ヶ森,2024-12-22,1.0000,,"36701543:八倉山・行道山・水晶ヶ森(score:1.0000,rank:1); 36703683:笹ヶ平山(score:0.0000,rank:2)",Proposing top candidate from multiple with superior score margin (1 vs 0).
yamap_2024-12-22_10_25.gpx,data/01_raw/gpx/2026-05-12/yamap_2024-12-22_10_25.gpx,笹ヶ平山,2024-12-22 10:25,false,multiple_date_candidates,multiple_candidates_ranked,high,2,36703683,笹ヶ平山,2024-12-22,1.0000,,"36703683:笹ヶ平山(score:1.0000,rank:1); 36701543:八倉山・行道山・水晶ヶ森(score:0.0000,rank:2)",Proposing top candidate from multiple with superior score margin (1 vs 0).
yamap_2025-01-03_07_19.gpx,data/01_raw/gpx/2026-05-12/yamap_2025-01-03_07_19.gpx,壺神山・滝山・足山・皿が森,2025-01-03 07:19,false,single_date_candidate,single_high_confidence_candidate,high,1,36988248,壺神山・滝山・足山・皿が森,2025-01-03,1.0000,,"36988248:壺神山・滝山・足山・皿が森(score:1.0000,rank:1)",Single candidate proposed with similarity score 1.
yamap_2025-01-11_08_43.gpx,data/01_raw/gpx/2026-05-12/yamap_2025-01-11_08_43.gpx,尉之山・小山岳,2025-01-11 08:43,false,multiple_date_candidates,multiple_candidates_ranked,high,2,37114706,尉之山・小山岳,2025-01-11,1.0000,,"37114706:尉之山・小山岳(score:1.0000,rank:1); 37120765:勝山(score:0.0000,rank:2)",Proposing top candidate from multiple with superior score margin (1 vs 0).
yamap_2025-01-11_11_51.gpx,data/01_raw/gpx/2026-05-12/yamap_2025-01-11_11_51.gpx,勝山,2025-01-11 11:51,false,multiple_date_candidates,multiple_candidates_ranked,high,2,37120765,勝山,2025-01-11,1.0000,,"37120765:勝山(score:1.0000,rank:1); 37114706:尉之山・小山岳(score:0.0000,rank:2)",Proposing top candidate from multiple with superior score margin (1 vs 0).
yamap_2025-01-24_13_34.gpx,data/01_raw/gpx/2026-05-12/yamap_2025-01-24_13_34.gpx,御篠山・松葉山（松葉城址）・烏殿,2025-01-24 13:34,false,single_date_candidate,single_high_confidence_candidate,high,1,37416231,御篠山・松葉山（松葉城址）・烏殿,2025-01-24,1.0000,,"37416231:御篠山・松葉山（松葉城址）・烏殿(score:1.0000,rank:1)",Single candidate proposed with similarity score 1.
yamap_2025-01-26_07_09.gpx,data/01_raw/gpx/2026-05-12/yamap_2025-01-26_07_09.gpx,天が森・浄心山・銅が鳴,2025-01-26 07:09,false,single_date_candidate,single_high_confidence_candidate,high,1,37479803,天が森・浄心山・銅が鳴,2025-01-26,1.0000,,"37479803:天が森・浄心山・銅が鳴(score:1.0000,rank:1)",Single candidate proposed with similarity score 1.
yamap_2025-01-30_06_55.gpx,data/01_raw/gpx/2026-05-12/yamap_2025-01-30_06_55.gpx,弥八山,2025-01-30 06:55,false,multiple_date_candidates,multiple_candidates_ranked,high,6,37542274,弥八山,2025-01-30,1.0000,,"37542274:弥八山(score:1.0000,rank:1); 37542942:西の山(score:0.0000,rank:2); 37544167:北山(score:0.0000,rank:3); 37545783:垣生山(score:0.0000,rank:4); 37547910:金子山(score:0.0000,rank:5); 37550157:八堂山(score:0.0000,rank:6)",Proposing top candidate from multiple with superior score margin (1 vs 0).
yamap_2025-01-30_08_48.gpx,data/01_raw/gpx/2026-05-12/yamap_2025-01-30_08_48.gpx,西の山,2025-01-30 08:48,false,multiple_date_candidates,multiple_candidates_ranked,high,6,37542942,西の山,2025-01-30,1.0000,,"37542942:西の山(score:1.0000,rank:1); 37542274:弥八山(score:0.0000,rank:2); 37544167:北山(score:0.0000,rank:3); 37545783:垣生山(score:0.0000,rank:4); 37547910:金子山(score:0.0000,rank:5); 37550157:八堂山(score:0.0000,rank:6)",Proposing top candidate from multiple with superior score margin (1 vs 0).
yamap_2025-01-30_10_12.gpx,data/01_raw/gpx/2026-05-12/yamap_2025-01-30_10_12.gpx,北山,2025-01-30 10:12,false,multiple_date_candidates,multiple_candidates_ranked,high,6,37544167,北山,2025-01-30,1.0000,,"37544167:北山(score:1.0000,rank:1); 37542274:弥八山(score:0.0000,rank:2); 37542942:西の山(score:0.0000,rank:3); 37545783:垣生山(score:0.0000,rank:4); 37547910:金子山(score:0.0000,rank:5); 37550157:八堂山(score:0.0000,rank:6)",Proposing top candidate from multiple with superior score margin (1 vs 0).
yamap_2025-01-30_12_21.gpx,data/01_raw/gpx/2026-05-12/yamap_2025-01-30_12_21.gpx,垣生山,2025-01-30 12:21,false,multiple_date_candidates,multiple_candidates_ranked,high,6,37545783,垣生山,2025-01-30,1.0000,,"37545783:垣生山(score:1.0000,rank:1); 37542274:弥八山(score:0.0000,rank:2); 37542942:西の山(score:0.0000,rank:3); 37544167:北山(score:0.0000,rank:4); 37547910:金子山(score:0.0000,rank:5); 37550157:八堂山(score:0.0000,rank:6)",Proposing top candidate from multiple with superior score margin (1 vs 0).
yamap_2025-01-30_13_18.gpx,data/01_raw/gpx/2026-05-12/yamap_2025-01-30_13_18.gpx,金子山,2025-01-30 13:18,false,multiple_date_candidates,multiple_candidates_ranked,high,6,37547910,金子山,2025-01-30,1.0000,,"37547910:金子山(score:1.0000,rank:1); 37542274:弥八山(score:0.0000,rank:2); 37542942:西の山(score:0.0000,rank:3); 37544167:北山(score:0.0000,rank:4); 37545783:垣生山(score:0.0000,rank:5); 37550157:八堂山(score:0.0000,rank:6)",Proposing top candidate from multiple with superior score margin (1 vs 0).
yamap_2025-01-30_14_42.gpx,data/01_raw/gpx/2026-05-12/yamap_2025-01-30_14_42.gpx,八堂山,2025-01-30 14:42,false,multiple_date_candidates,multiple_candidates_ranked,high,6,37550157,八堂山,2025-01-30,1.0000,,"37550157:八堂山(score:1.0000,rank:1); 37542274:弥八山(score:0.0000,rank:2); 37542942:西の山(score:0.0000,rank:3); 37544167:北山(score:0.0000,rank:4); 37545783:垣生山(score:0.0000,rank:5); 37547910:金子山(score:0.0000,rank:6)",Proposing top candidate from multiple with superior score margin (1 vs 0).
yamap_2025-02-09_07_31.gpx,data/01_raw/gpx/2026-05-12/yamap_2025-02-09_07_31.gpx,カレイ山,2025-02-09 07:31,false,multiple_date_candidates,multiple_candidates_ranked,high,5,37702991,カレイ山,2025-02-09,1.0000,,"37702991:カレイ山(score:1.0000,rank:1); 37704032:念仏山(score:0.0000,rank:2); 37707947:大頭山(score:0.0000,rank:3); 37710332:高取山(score:0.0000,rank:4); 37718049:八幡山(score:0.0000,rank:5)",Proposing top candidate from multiple with superior score margin (1 vs 0).
yamap_2025-02-09_08_01.gpx,data/01_raw/gpx/2026-05-12/yamap_2025-02-09_08_01.gpx,念仏山,2025-02-09 08:01,false,multiple_date_candidates,multiple_candidates_ranked,high,5,37704032,念仏山,2025-02-09,1.0000,,"37704032:念仏山(score:1.0000,rank:1); 37702991:カレイ山(score:0.0000,rank:2); 37707947:大頭山(score:0.0000,rank:3); 37710332:高取山(score:0.0000,rank:4); 37718049:八幡山(score:0.0000,rank:5)",Proposing top candidate from multiple with superior score margin (1 vs 0).
yamap_2025-02-09_09_27.gpx,data/01_raw/gpx/2026-05-12/yamap_2025-02-09_09_27.gpx,大頭山,2025-02-09 09:27,false,multiple_date_candidates,multiple_candidates_ranked,high,5,37707947,大頭山,2025-02-09,1.0000,,"37707947:大頭山(score:1.0000,rank:1); 37702991:カレイ山(score:0.0000,rank:2); 37704032:念仏山(score:0.0000,rank:3); 37710332:高取山(score:0.0000,rank:4); 37718049:八幡山(score:0.0000,rank:5)",Proposing top candidate from multiple with superior score margin (1 vs 0).
yamap_2025-02-09_11_27.gpx,data/01_raw/gpx/2026-05-12/yamap_2025-02-09_11_27.gpx,高取山,2025-02-09 11:27,false,multiple_date_candidates,multiple_candidates_ranked,high,5,37710332,高取山,2025-02-09,1.0000,,"37710332:高取山(score:1.0000,rank:1); 37702991:カレイ山(score:0.0000,rank:2); 37704032:念仏山(score:0.0000,rank:3); 37707947:大頭山(score:0.0000,rank:4); 37718049:八幡山(score:0.0000,rank:5)",Proposing top candidate from multiple with superior score margin (1 vs 0).
yamap_2025-02-09_12_21.gpx,data/01_raw/gpx/2026-05-12/yamap_2025-02-09_12_21.gpx,八幡山,2025-02-09 12:21,false,multiple_date_candidates,multiple_candidates_ranked,high,5,37718049,八幡山,2025-02-09,1.0000,,"37718049:八幡山(score:1.0000,rank:1); 37702991:カレイ山(score:0.0000,rank:2); 37704032:念仏山(score:0.0000,rank:3); 37707947:大頭山(score:0.0000,rank:4); 37710332:高取山(score:0.0000,rank:5)",Proposing top candidate from multiple with superior score margin (1 vs 0).
yamap_2025-02-11_08_43.gpx,data/01_raw/gpx/2026-05-12/yamap_2025-02-11_08_43.gpx,要害山,2025-02-11 08:43,false,multiple_date_candidates,multiple_candidates_ranked,high,3,37763384,要害山,2025-02-11,1.0000,,"37763384:要害山(score:1.0000,rank:1); 37766140:高穴山(score:0.0000,rank:2); 37786427:高仙山(score:0.0000,rank:3)",Proposing top candidate from multiple with superior score margin (1 vs 0).
yamap_2025-02-11_09_46.gpx,data/01_raw/gpx/2026-05-12/yamap_2025-02-11_09_46.gpx,高穴山,2025-02-11 09:46,false,multiple_date_candidates,multiple_candidates_ranked,high,3,37766140,高穴山,2025-02-11,1.0000,,"37766140:高穴山(score:1.0000,rank:1); 37763384:要害山(score:0.0000,rank:2); 37786427:高仙山(score:0.0000,rank:3)",Proposing top candidate from multiple with superior score margin (1 vs 0).
yamap_2025-02-11_13_28.gpx,data/01_raw/gpx/2026-05-12/yamap_2025-02-11_13_28.gpx,高仙山,2025-02-11 13:28,false,multiple_date_candidates,multiple_candidates_ranked,high,3,37786427,高仙山,2025-02-11,1.0000,,"37786427:高仙山(score:1.0000,rank:1); 37763384:要害山(score:0.0000,rank:2); 37766140:高穴山(score:0.0000,rank:3)",Proposing top candidate from multiple with superior score margin (1 vs 0).
yamap_2025-02-24_07_30.gpx,data/01_raw/gpx/2026-05-12/yamap_2025-02-24_07_30.gpx,無宗天山,2025-02-24 07:30,false,multiple_date_candidates,multiple_candidates_ranked,high,3,38067457,無宗天山,2025-02-24,1.0000,,"38067457:無宗天山(score:1.0000,rank:1); 38067461:若いもん山(score:0.0000,rank:2); 38070494:霊仙山(score:0.0000,rank:3)",Proposing top candidate from multiple with superior score margin (1 vs 0).
yamap_2025-02-24_09_04.gpx,data/01_raw/gpx/2026-05-12/yamap_2025-02-24_09_04.gpx,若いもん山,2025-02-24 09:04,false,multiple_date_candidates,multiple_candidates_ranked,high,3,38067461,若いもん山,2025-02-24,1.0000,,"38067461:若いもん山(score:1.0000,rank:1); 38067457:無宗天山(score:0.0000,rank:2); 38070494:霊仙山(score:0.0000,rank:3)",Proposing top candidate from multiple with superior score margin (1 vs 0).
yamap_2025-02-24_10_12.gpx,data/01_raw/gpx/2026-05-12/yamap_2025-02-24_10_12.gpx,霊仙山,2025-02-24 10:12,false,multiple_date_candidates,multiple_candidates_ranked,high,3,38070494,霊仙山,2025-02-24,1.0000,,"38070494:霊仙山(score:1.0000,rank:1); 38067457:無宗天山(score:0.0000,rank:2); 38067461:若いもん山(score:0.0000,rank:3)",Proposing top candidate from multiple with superior score margin (1 vs 0).
yamap_2025-02-28_07_34.gpx,data/01_raw/gpx/2026-05-12/yamap_2025-02-28_07_34.gpx,綱付山・幻城上城,2025-02-28 07:34,false,multiple_date_candidates,multiple_candidates_ranked,high,2,38146692,綱付山・幻城上城,2025-02-28,1.0000,,"38146692:綱付山・幻城上城(score:1.0000,rank:1); 38147328:幻城下城(score:0.0000,rank:2)",Proposing top candidate from multiple with superior score margin (1 vs 0).
yamap_2025-02-28_10_24.gpx,data/01_raw/gpx/2026-05-12/yamap_2025-02-28_10_24.gpx,幻城下城,2025-02-28 10:24,false,multiple_date_candidates,multiple_candidates_ranked,high,2,38147328,幻城下城,2025-02-28,1.0000,,"38147328:幻城下城(score:1.0000,rank:1); 38146692:綱付山・幻城上城(score:0.0000,rank:2)",Proposing top candidate from multiple with superior score margin (1 vs 0).
yamap_2025-03-02_13_17.gpx,data/01_raw/gpx/2026-05-12/yamap_2025-03-02_13_17.gpx,階上山,2025-03-02 13:17,false,single_date_candidate,single_high_confidence_candidate,high,1,38227665,階上山,2025-03-02,1.0000,,"38227665:階上山(score:1.0000,rank:1)",Single candidate proposed with similarity score 1.
yamap_2025-03-10_08_18.gpx,data/01_raw/gpx/2026-05-12/yamap_2025-03-10_08_18.gpx,姫政山,2025-03-10 08:18,false,multiple_date_candidates,multiple_candidates_ranked,high,2,38362578,姫政山,2025-03-10,1.0000,,"38362578:姫政山(score:1.0000,rank:1); 38366596:館山(score:0.0000,rank:2)",Proposing top candidate from multiple with superior score margin (1 vs 0).
yamap_2025-03-10_10_25.gpx,data/01_raw/gpx/2026-05-12/yamap_2025-03-10_10_25.gpx,館山,2025-03-10 10:25,false,multiple_date_candidates,multiple_candidates_ranked,high,2,38366596,館山,2025-03-10,1.0000,,"38366596:館山(score:1.0000,rank:1); 38362578:姫政山(score:0.0000,rank:2)",Proposing top candidate from multiple with superior score margin (1 vs 0).
yamap_2025-03-17_13_17.gpx,data/01_raw/gpx/2026-05-12/yamap_2025-03-17_13_17.gpx,高森山,2025-03-17 13:17,false,multiple_date_candidates,multiple_candidates_ranked,high,2,38474523,高森山,2025-03-17,1.0000,,"38474523:高森山(score:1.0000,rank:1); 38475631:大登山(score:0.0000,rank:2)",Proposing top candidate from multiple with superior score margin (1 vs 0).
yamap_2025-03-17_14_08.gpx,data/01_raw/gpx/2026-05-12/yamap_2025-03-17_14_08.gpx,大登山,2025-03-17 14:08,false,multiple_date_candidates,multiple_candidates_ranked,high,2,38475631,大登山,2025-03-17,1.0000,,"38475631:大登山(score:1.0000,rank:1); 38474523:高森山(score:0.0000,rank:2)",Proposing top candidate from multiple with superior score margin (1 vs 0).
yamap_2025-03-20_08_27.gpx,data/01_raw/gpx/2026-05-12/yamap_2025-03-20_08_27.gpx,高山・大里山・泰ノ山,2025-03-20 08:27,false,single_date_candidate,single_high_confidence_candidate,high,1,38537444,高山・大里山・泰ノ山,2025-03-20,1.0000,,"38537444:高山・大里山・泰ノ山(score:1.0000,rank:1)",Single candidate proposed with similarity score 1.
yamap_2025-03-23_11_12.gpx,data/01_raw/gpx/2026-05-12/yamap_2025-03-23_11_12.gpx,北ヶ森・高土の峰,2025-03-23 11:12,false,single_date_candidate,single_high_confidence_candidate,high,1,38638447,北ヶ森・高土の峰,2025-03-23,1.0000,,"38638447:北ヶ森・高土の峰(score:1.0000,rank:1)",Single candidate proposed with similarity score 1.
yamap_2025-03-30_07_01.gpx,data/01_raw/gpx/2026-05-12/yamap_2025-03-30_07_01.gpx,竜王山,2025-03-30 07:01,false,multiple_date_candidates,multiple_candidates_ranked,high,5,38765368,竜王山,2025-03-30,1.0000,,"38765368:竜王山(score:1.0000,rank:1); 38766891:岳山(score:0.0000,rank:2); 38767605:一ヶ森(score:0.0000,rank:3); 38774804:愛の森(score:0.0000,rank:4); 38792934:京の森・大迫山(score:0.0000,rank:5)",Proposing top candidate from multiple with superior score margin (1 vs 0).
yamap_2025-03-30_08_20.gpx,data/01_raw/gpx/2026-05-12/yamap_2025-03-30_08_20.gpx,岳山,2025-03-30 08:20,false,multiple_date_candidates,multiple_candidates_ranked,high,5,38766891,岳山,2025-03-30,1.0000,,"38766891:岳山(score:1.0000,rank:1); 38765368:竜王山(score:0.0000,rank:2); 38767605:一ヶ森(score:0.0000,rank:3); 38774804:愛の森(score:0.0000,rank:4); 38792934:京の森・大迫山(score:0.0000,rank:5)",Proposing top candidate from multiple with superior score margin (1 vs 0).
yamap_2025-03-30_09_12.gpx,data/01_raw/gpx/2026-05-12/yamap_2025-03-30_09_12.gpx,一ヶ森,2025-03-30 09:12,false,multiple_date_candidates,multiple_candidates_ranked,high,5,38767605,一ヶ森,2025-03-30,1.0000,,"38767605:一ヶ森(score:1.0000,rank:1); 38765368:竜王山(score:0.0000,rank:2); 38766891:岳山(score:0.0000,rank:3); 38774804:愛の森(score:0.0000,rank:4); 38792934:京の森・大迫山(score:0.0000,rank:5)",Proposing top candidate from multiple with superior score margin (1 vs 0).
yamap_2025-03-30_12_56.gpx,data/01_raw/gpx/2026-05-12/yamap_2025-03-30_12_56.gpx,京の森・大迫山,2025-03-30 12:56,false,multiple_date_candidates,multiple_candidates_ranked,high,5,38792934,京の森・大迫山,2025-03-30,1.0000,,"38792934:京の森・大迫山(score:1.0000,rank:1); 38765368:竜王山(score:0.0000,rank:2); 38766891:岳山(score:0.0000,rank:3); 38767605:一ヶ森(score:0.0000,rank:4); 38774804:愛の森(score:0.0000,rank:5)",Proposing top candidate from multiple with superior score margin (1 vs 0).
yamap_2025-04-04_06_19.gpx,data/01_raw/gpx/2026-05-12/yamap_2025-04-04_06_19.gpx,コクゾ峰,2025-04-04 06:19,false,single_date_candidate,single_high_confidence_candidate,high,1,38860677,コクゾ峰,2025-04-04,1.0000,,"38860677:コクゾ峰(score:1.0000,rank:1)",Single candidate proposed with similarity score 1.
yamap_2025-04-06_08_48.gpx,data/01_raw/gpx/2026-05-12/yamap_2025-04-06_08_48.gpx,加塚山,2025-04-06 08:48,false,single_date_candidate,single_high_confidence_candidate,high,1,38951022,加塚山,2025-04-06,1.0000,,"38951022:加塚山(score:1.0000,rank:1)",Single candidate proposed with similarity score 1.
yamap_2025-04-09_06_48.gpx,data/01_raw/gpx/2026-05-12/yamap_2025-04-09_06_48.gpx,新谷神南山・五十崎神南山,2025-04-09 06:48,false,single_date_candidate,single_high_confidence_candidate,high,1,39003887,新谷神南山・五十崎神南山,2025-04-09,1.0000,,"39003887:新谷神南山・五十崎神南山(score:1.0000,rank:1)",Single candidate proposed with similarity score 1.
yamap_2025-04-14_05_56.gpx,data/01_raw/gpx/2026-05-12/yamap_2025-04-14_05_56.gpx,笠成山,2025-04-14 05:56,false,single_date_candidate,single_high_confidence_candidate,high,1,39123687,笠成山,2025-04-14,1.0000,,"39123687:笠成山(score:1.0000,rank:1)",Single candidate proposed with similarity score 1.
yamap_2025-04-19_07_10.gpx,data/01_raw/gpx/2026-05-12/yamap_2025-04-19_07_10.gpx,小屋山・丸石山,2025-04-19 07:10,false,single_date_candidate,single_high_confidence_candidate,high,1,39224272,小屋山・丸石山,2025-04-19,1.0000,,"39224272:小屋山・丸石山(score:1.0000,rank:1)",Single candidate proposed with similarity score 1.
yamap_2025-04-27_06_23.gpx,data/01_raw/gpx/2026-05-12/yamap_2025-04-27_06_23.gpx,野地峰・黒岩山・大野山,2025-04-27 06:23,false,single_date_candidate,single_high_confidence_candidate,high,1,39474891,野地峰・黒岩山・大野山,2025-04-27,1.0000,,"39474891:野地峰・黒岩山・大野山(score:1.0000,rank:1)",Single candidate proposed with similarity score 1.
yamap_2025-06-21_08_53.gpx,data/01_raw/gpx/2026-05-12/yamap_2025-06-21_08_53.gpx,貝渚山・水なし山,2025-06-21 08:53,false,single_date_candidate,single_high_confidence_candidate,high,1,40865479,貝渚山・水なし山,2025-06-21,1.0000,,"40865479:貝渚山・水なし山(score:1.0000,rank:1)",Single candidate proposed with similarity score 1.
yamap_2025-07-06_07_10.gpx,data/01_raw/gpx/2026-05-12/yamap_2025-07-06_07_10.gpx,谷崎山,2025-07-06 07:10,false,multiple_date_candidates,multiple_candidates_ranked,high,3,41230473,谷崎山,2025-07-06,1.0000,,"41230473:谷崎山(score:1.0000,rank:1); 41238305:東黒森(score:0.0000,rank:2); 41245493:伊吹山(score:0.0000,rank:3)",Proposing top candidate from multiple with superior score margin (1 vs 0).
yamap_2025-07-06_09_43.gpx,data/01_raw/gpx/2026-05-12/yamap_2025-07-06_09_43.gpx,東黒森,2025-07-06 09:43,false,multiple_date_candidates,multiple_candidates_ranked,high,3,41238305,東黒森,2025-07-06,1.0000,,"41238305:東黒森(score:1.0000,rank:1); 41230473:谷崎山(score:0.0000,rank:2); 41245493:伊吹山(score:0.0000,rank:3)",Proposing top candidate from multiple with superior score margin (1 vs 0).
yamap_2025-07-06_12_03.gpx,data/01_raw/gpx/2026-05-12/yamap_2025-07-06_12_03.gpx,伊吹山,2025-07-06 12:03,false,multiple_date_candidates,multiple_candidates_ranked,high,3,41245493,伊吹山,2025-07-06,1.0000,,"41245493:伊吹山(score:1.0000,rank:1); 41230473:谷崎山(score:0.0000,rank:2); 41238305:東黒森(score:0.0000,rank:3)",Proposing top candidate from multiple with superior score margin (1 vs 0).
yamap_2025-08-15_09_21.gpx,data/01_raw/gpx/2026-05-12/yamap_2025-08-15_09_21.gpx,天狗ノ森 ,2025-08-15 09:21,false,multiple_date_candidates,multiple_candidates_ranked,high,4,42186770,天狗ノ森,2025-08-15,1.0000,,"42186770:天狗ノ森(score:1.0000,rank:1); 42189398:小牛城(score:0.0000,rank:2); 42192264:五段城(score:0.0000,rank:3); 42208891:正木ノ森(score:0.0000,rank:4)",Proposing top candidate from multiple with superior score margin (1 vs 0).
yamap_2025-08-15_10_51.gpx,data/01_raw/gpx/2026-05-12/yamap_2025-08-15_10_51.gpx,小牛城,2025-08-15 10:51,false,multiple_date_candidates,multiple_candidates_ranked,high,4,42189398,小牛城,2025-08-15,1.0000,,"42189398:小牛城(score:1.0000,rank:1); 42186770:天狗ノ森(score:0.0000,rank:2); 42192264:五段城(score:0.0000,rank:3); 42208891:正木ノ森(score:0.0000,rank:4)",Proposing top candidate from multiple with superior score margin (1 vs 0).
yamap_2025-08-15_11_47.gpx,data/01_raw/gpx/2026-05-12/yamap_2025-08-15_11_47.gpx,五段城,2025-08-15 11:47,false,multiple_date_candidates,multiple_candidates_ranked,high,4,42192264,五段城,2025-08-15,1.0000,,"42192264:五段城(score:1.0000,rank:1); 42186770:天狗ノ森(score:0.0000,rank:2); 42189398:小牛城(score:0.0000,rank:3); 42208891:正木ノ森(score:0.0000,rank:4)",Proposing top candidate from multiple with superior score margin (1 vs 0).
yamap_2025-08-15_12_44.gpx,data/01_raw/gpx/2026-05-12/yamap_2025-08-15_12_44.gpx,正木ノ森,2025-08-15 12:44,false,multiple_date_candidates,multiple_candidates_ranked,high,4,42208891,正木ノ森,2025-08-15,1.0000,,"42208891:正木ノ森(score:1.0000,rank:1); 42186770:天狗ノ森(score:0.0000,rank:2); 42189398:小牛城(score:0.0000,rank:3); 42192264:五段城(score:0.0000,rank:4)",Proposing top candidate from multiple with superior score margin (1 vs 0).
yamap_2025-09-07_08_00.gpx,data/01_raw/gpx/2026-05-12/yamap_2025-09-07_08_00.gpx,鶴ノ子ノ頭・石鎚山,2025-09-07 08:00,false,single_date_candidate,single_high_confidence_candidate,high,1,42724560,鶴ノ子ノ頭・石鎚山,2025-09-07,1.0000,,"42724560:鶴ノ子ノ頭・石鎚山(score:1.0000,rank:1)",Single candidate proposed with similarity score 1.
yamap_2025-09-21_08_53.gpx,data/01_raw/gpx/2026-05-12/yamap_2025-09-21_08_53.gpx,前社ヶ森・剣山・黒川山,2025-09-21 08:53,false,single_date_candidate,single_high_confidence_candidate,high,1,43020083,前社ヶ森・剣山・黒川山,2025-09-21,1.0000,,"43020083:前社ヶ森・剣山・黒川山(score:1.0000,rank:1)",Single candidate proposed with similarity score 1.
yamap_2025-09-27_06_52.gpx,data/01_raw/gpx/2026-05-12/yamap_2025-09-27_06_52.gpx,東光森山・別子山,2025-09-27 06:52,false,single_date_candidate,single_high_confidence_candidate,high,1,43183268,東光森山・別子山,2025-09-27,1.0000,,"43183268:東光森山・別子山(score:1.0000,rank:1)",Single candidate proposed with similarity score 1.
yamap_2025-10-05_08_42.gpx,data/01_raw/gpx/2026-05-12/yamap_2025-10-05_08_42.gpx,三ッ森山・大座礼山,2025-10-05 08:42,false,single_date_candidate,single_high_confidence_candidate,high,1,43408268,三ッ森山・大座礼山,2025-10-05,1.0000,,"43408268:三ッ森山・大座礼山(score:1.0000,rank:1)",Single candidate proposed with similarity score 1.
yamap_2025-10-11_06_24.gpx,data/01_raw/gpx/2026-05-12/yamap_2025-10-11_06_24.gpx,大森山・佐々連尾山・三つ足山,2025-10-11 06:24,false,single_date_candidate,single_high_confidence_candidate,high,1,43510643,大森山・佐々連尾山・三つ足山,2025-10-11,1.0000,,"43510643:大森山・佐々連尾山・三つ足山(score:1.0000,rank:1)",Single candidate proposed with similarity score 1.
yamap_2025-10-23_15_58.gpx,data/01_raw/gpx/2026-05-12/yamap_2025-10-23_15_58.gpx,大峰,2025-10-23 15:58,true,multiple_date_candidates,multiple_candidates_ranked,high,2,43811493,大峰,2025-10-23,1.0000,timezone_sensitive,"43811493:大峰(score:1.0000,rank:1); 43812344:堂堂山(score:0.0000,rank:2)",Proposing top candidate from multiple with superior score margin (1 vs 0). Timezone sensitive record.
yamap_2025-10-23_16_38.gpx,data/01_raw/gpx/2026-05-12/yamap_2025-10-23_16_38.gpx,堂堂山,2025-10-23 16:38,true,multiple_date_candidates,multiple_candidates_ranked,high,2,43812344,堂堂山,2025-10-23,1.0000,timezone_sensitive,"43812344:堂堂山(score:1.0000,rank:1); 43811493:大峰(score:0.0000,rank:2)",Proposing top candidate from multiple with superior score margin (1 vs 0). Timezone sensitive record.
yamap_2025-10-26_11_45.gpx,data/01_raw/gpx/2026-05-12/yamap_2025-10-26_11_45.gpx,堂所山,2025-10-26 11:45,false,single_date_candidate,single_high_confidence_candidate,high,1,43876718,堂所山,2025-10-26,1.0000,,"43876718:堂所山(score:1.0000,rank:1)",Single candidate proposed with similarity score 1.
yamap_2025-12-06_08_06.gpx,data/01_raw/gpx/2026-05-12/yamap_2025-12-06_08_06.gpx,霧立山・地蔵山,2025-12-06 08:06,false,single_date_candidate,single_high_confidence_candidate,high,1,44806322,霧立山・地蔵山,2025-12-06,1.0000,,"44806322:霧立山・地蔵山(score:1.0000,rank:1)",Single candidate proposed with similarity score 1.
yamap_2025-12-10_11_40.gpx,data/01_raw/gpx/2026-05-12/yamap_2025-12-10_11_40.gpx,天道ヶ頭,2025-12-10 11:40,false,single_date_candidate,single_high_confidence_candidate,high,1,44894200,天道ヶ頭,2025-12-10,1.0000,,"44894200:天道ヶ頭(score:1.0000,rank:1)",Single candidate proposed with similarity score 1.
yamap_2025-12-14_08_56.gpx,data/01_raw/gpx/2026-05-12/yamap_2025-12-14_08_56.gpx,梁瀬山・紅葉山,2025-12-14 08:56,false,multiple_date_candidates,multiple_candidates_ranked,high,2,44958594,梁瀬山・紅葉山,2025-12-14,1.0000,,"44958594:梁瀬山・紅葉山(score:1.0000,rank:1); 44962132:根太山(score:0.0000,rank:2)",Proposing top candidate from multiple with superior score margin (1 vs 0).
yamap_2025-12-14_12_03.gpx,data/01_raw/gpx/2026-05-12/yamap_2025-12-14_12_03.gpx,根太山,2025-12-14 12:03,false,multiple_date_candidates,multiple_candidates_ranked,high,2,44962132,根太山,2025-12-14,1.0000,,"44962132:根太山(score:1.0000,rank:1); 44958594:梁瀬山・紅葉山(score:0.0000,rank:2)",Proposing top candidate from multiple with superior score margin (1 vs 0).
yamap_2025-12-20_07_28.gpx,data/01_raw/gpx/2026-05-12/yamap_2025-12-20_07_28.gpx,池ノ城山,2025-12-20 07:28,false,single_date_candidate,single_high_confidence_candidate,high,1,45030933,池ノ城山,2025-12-20,1.0000,,"45030933:池ノ城山(score:1.0000,rank:1)",Single candidate proposed with similarity score 1.
yamap_2026-01-04_08_20.gpx,data/01_raw/gpx/2026-05-12/yamap_2026-01-04_08_20.gpx,雨森山,2026-01-04 08:20,false,multiple_date_candidates,multiple_candidates_ranked,high,2,45349128,雨森山,2026-01-04,1.0000,,"45349128:雨森山(score:1.0000,rank:1); 45357346:峠ヶ森(score:0.0000,rank:2)",Proposing top candidate from multiple with superior score margin (1 vs 0).
yamap_2026-01-04_11_16.gpx,data/01_raw/gpx/2026-05-12/yamap_2026-01-04_11_16.gpx,峠ヶ森,2026-01-04 11:16,false,multiple_date_candidates,multiple_candidates_ranked,high,2,45357346,峠ヶ森,2026-01-04,1.0000,,"45357346:峠ヶ森(score:1.0000,rank:1); 45349128:雨森山(score:0.0000,rank:2)",Proposing top candidate from multiple with superior score margin (1 vs 0).
yamap_2026-01-07_07_05.gpx,data/01_raw/gpx/2026-05-12/yamap_2026-01-07_07_05.gpx,御在所山,2026-01-07 07:05,false,multiple_date_candidates,multiple_candidates_ranked,high,2,45404158,御在所山,2026-01-07,1.0000,,"45404158:御在所山(score:1.0000,rank:1); 45404867:高雄山(score:0.0000,rank:2)",Proposing top candidate from multiple with superior score margin (1 vs 0).
yamap_2026-01-07_09_14.gpx,data/01_raw/gpx/2026-05-12/yamap_2026-01-07_09_14.gpx,高雄山,2026-01-07 09:14,false,multiple_date_candidates,multiple_candidates_ranked,high,2,45404867,高雄山,2026-01-07,1.0000,,"45404867:高雄山(score:1.0000,rank:1); 45404158:御在所山(score:0.0000,rank:2)",Proposing top candidate from multiple with superior score margin (1 vs 0).
yamap_2026-01-11_07_50.gpx,data/01_raw/gpx/2026-05-12/yamap_2026-01-11_07_50.gpx,黒岩岳,2026-01-11 07:50,false,multiple_date_candidates,multiple_candidates_ranked,high,2,45477282,黒岩岳,2026-01-11,1.0000,,"45477282:黒岩岳(score:1.0000,rank:1); 45483289:陣が森岳(score:0.0000,rank:2)",Proposing top candidate from multiple with superior score margin (1 vs 0).
yamap_2026-01-11_10_38.gpx,data/01_raw/gpx/2026-05-12/yamap_2026-01-11_10_38.gpx,陣が森岳,2026-01-11 10:38,false,multiple_date_candidates,multiple_candidates_ranked,high,2,45483289,陣が森岳,2026-01-11,1.0000,,"45483289:陣が森岳(score:1.0000,rank:1); 45477282:黒岩岳(score:0.0000,rank:2)",Proposing top candidate from multiple with superior score margin (1 vs 0).
yamap_2026-01-18_06_03.gpx,data/01_raw/gpx/2026-05-12/yamap_2026-01-18_06_03.gpx,大判山,2026-01-18 06:03,false,multiple_date_candidates,multiple_candidates_ranked,high,2,45624874,大判山,2026-01-18,1.0000,,"45624874:大判山(score:1.0000,rank:1); 45626465:竜王の峰(score:0.0000,rank:2)",Proposing top candidate from multiple with superior score margin (1 vs 0).
yamap_2026-01-18_09_11.gpx,data/01_raw/gpx/2026-05-12/yamap_2026-01-18_09_11.gpx,竜王の峰,2026-01-18 09:11,false,multiple_date_candidates,multiple_candidates_ranked,high,2,45626465,竜王の峰,2026-01-18,1.0000,,"45626465:竜王の峰(score:1.0000,rank:1); 45624874:大判山(score:0.0000,rank:2)",Proposing top candidate from multiple with superior score margin (1 vs 0).
yamap_2026-01-25_07_43.gpx,data/01_raw/gpx/2026-05-12/yamap_2026-01-25_07_43.gpx,船ヶ迫岳・鎌倉山,2026-01-25 07:43,false,single_date_candidate,single_high_confidence_candidate,high,1,45768033,船ヶ迫岳・鎌倉山,2026-01-25,1.0000,,"45768033:船ヶ迫岳・鎌倉山(score:1.0000,rank:1)",Single candidate proposed with similarity score 1.
yamap_2026-01-31_07_40.gpx,data/01_raw/gpx/2026-05-12/yamap_2026-01-31_07_40.gpx,槇ノ山,2026-01-31 07:40,false,multiple_date_candidates,multiple_candidates_ranked,high,3,45848201,槇ノ山,2026-01-31,1.0000,,"45848201:槇ノ山(score:1.0000,rank:1); 45854802:遠見山(score:0.0000,rank:2); 45870080:高森山(score:0.0000,rank:3)",Proposing top candidate from multiple with superior score margin (1 vs 0).
yamap_2026-01-31_10_49.gpx,data/01_raw/gpx/2026-05-12/yamap_2026-01-31_10_49.gpx,遠見山,2026-01-31 10:49,false,multiple_date_candidates,multiple_candidates_ranked,high,3,45854802,遠見山,2026-01-31,1.0000,,"45854802:遠見山(score:1.0000,rank:1); 45848201:槇ノ山(score:0.0000,rank:2); 45870080:高森山(score:0.0000,rank:3)",Proposing top candidate from multiple with superior score margin (1 vs 0).
yamap_2026-01-31_13_52.gpx,data/01_raw/gpx/2026-05-12/yamap_2026-01-31_13_52.gpx,高森山,2026-01-31 13:52,false,multiple_date_candidates,multiple_candidates_ranked,high,3,45870080,高森山,2026-01-31,1.0000,,"45870080:高森山(score:1.0000,rank:1); 45848201:槇ノ山(score:0.0000,rank:2); 45854802:遠見山(score:0.0000,rank:3)",Proposing top candidate from multiple with superior score margin (1 vs 0).
yamap_2026-02-07_07_21.gpx,data/01_raw/gpx/2026-05-12/yamap_2026-02-07_07_21.gpx,牛の峰・尻高峰,2026-02-07 07:21,false,multiple_date_candidates,multiple_candidates_ranked,high,2,45986574,牛の峰・尻高峰,2026-02-07,1.0000,,"45986574:牛の峰・尻高峰(score:1.0000,rank:1); 45998082:鞍掛山(score:0.0000,rank:2)",Proposing top candidate from multiple with superior score margin (1 vs 0).
yamap_2026-02-07_11_17.gpx,data/01_raw/gpx/2026-05-12/yamap_2026-02-07_11_17.gpx,鞍掛山,2026-02-07 11:17,false,multiple_date_candidates,multiple_candidates_ranked,high,2,45998082,鞍掛山,2026-02-07,1.0000,,"45998082:鞍掛山(score:1.0000,rank:1); 45986574:牛の峰・尻高峰(score:0.0000,rank:2)",Proposing top candidate from multiple with superior score margin (1 vs 0).
yamap_2026-02-14_08_22.gpx,data/01_raw/gpx/2026-05-12/yamap_2026-02-14_08_22.gpx,大畑山,2026-02-14 08:22,false,multiple_date_candidates,multiple_candidates_ranked,high,3,46099070,大畑山,2026-02-14,1.0000,,"46099070:大畑山(score:1.0000,rank:1); 46108940:飯之山(score:0.0000,rank:2); 46132478:権現山(score:0.0000,rank:3)",Proposing top candidate from multiple with superior score margin (1 vs 0).
yamap_2026-02-14_13_33.gpx,data/01_raw/gpx/2026-05-12/yamap_2026-02-14_13_33.gpx,権現山,2026-02-14 13:33,false,multiple_date_candidates,multiple_candidates_ranked,high,3,46132478,権現山,2026-02-14,1.0000,,"46132478:権現山(score:1.0000,rank:1); 46099070:大畑山(score:0.0000,rank:2); 46108940:飯之山(score:0.0000,rank:3)",Proposing top candidate from multiple with superior score margin (1 vs 0).
yamap_2026-02-22_06_23.gpx,data/01_raw/gpx/2026-05-12/yamap_2026-02-22_06_23.gpx,大森山,2026-02-22 06:23,false,multiple_date_candidates,multiple_candidates_ranked,high,2,46298145,大森山,2026-02-22,1.0000,,"46298145:大森山(score:1.0000,rank:1); 46325366:高森山・町木山・寒台山・鎧掛山(score:0.0000,rank:2)",Proposing top candidate from multiple with superior score margin (1 vs 0).
yamap_2026-02-22_07_32.gpx,data/01_raw/gpx/2026-05-12/yamap_2026-02-22_07_32.gpx,高森山・町木山・寒台山・鎧掛山,2026-02-22 07:32,false,multiple_date_candidates,multiple_candidates_ranked,high,2,46325366,高森山・町木山・寒台山・鎧掛山,2026-02-22,1.0000,,"46325366:高森山・町木山・寒台山・鎧掛山(score:1.0000,rank:1); 46298145:大森山(score:0.0000,rank:2)",Proposing top candidate from multiple with superior score margin (1 vs 0).
yamap_2026-02-23_14_06.gpx,data/01_raw/gpx/2026-05-12/yamap_2026-02-23_14_06.gpx,花見山,2026-02-23 14:06,false,single_date_candidate,single_high_confidence_candidate,high,1,46376333,花見山,2026-02-23,1.0000,,"46376333:花見山(score:1.0000,rank:1)",Single candidate proposed with similarity score 1.
yamap_2026-03-01_06_45.gpx,data/01_raw/gpx/2026-05-12/yamap_2026-03-01_06_45.gpx,剣ノ山・三傍示山・塩塚峰,2026-03-01 06:45,false,single_date_candidate,single_high_confidence_candidate,high,1,46501638,剣ノ山・三傍示山・塩塚峰,2026-03-01,1.0000,,"46501638:剣ノ山・三傍示山・塩塚峰(score:1.0000,rank:1)",Single candidate proposed with similarity score 1.
yamap_2026-03-04_06_40.gpx,data/01_raw/gpx/2026-05-12/yamap_2026-03-04_06_40.gpx,登議城山,2026-03-04 06:40,false,multiple_date_candidates,multiple_candidates_ranked,high,2,46529731,登議城山,2026-03-04,1.0000,,"46529731:登議城山(score:1.0000,rank:1); 46530379:愛宕山(score:0.0000,rank:2)",Proposing top candidate from multiple with superior score margin (1 vs 0).
yamap_2026-03-04_09_46.gpx,data/01_raw/gpx/2026-05-12/yamap_2026-03-04_09_46.gpx,愛宕山,2026-03-04 09:46,false,multiple_date_candidates,multiple_candidates_ranked,high,2,46530379,愛宕山,2026-03-04,1.0000,,"46530379:愛宕山(score:1.0000,rank:1); 46529731:登議城山(score:0.0000,rank:2)",Proposing top candidate from multiple with superior score margin (1 vs 0).
yamap_2026-03-06_09_00.gpx,data/01_raw/gpx/2026-05-12/yamap_2026-03-06_09_00.gpx,世田山・笠松山東峰・笠松山,2026-03-06 09:00,false,single_date_candidate,single_high_confidence_candidate,high,1,46554928,世田山・笠松山東峰・笠松山,2026-03-06,1.0000,,"46554928:世田山・笠松山東峰・笠松山(score:1.0000,rank:1)",Single candidate proposed with similarity score 1.
yamap_2026-03-07_09_28.gpx,data/01_raw/gpx/2026-05-12/yamap_2026-03-07_09_28.gpx,尻割山・四本松,2026-03-07 09:28,false,multiple_date_candidates,multiple_candidates_ranked,high,2,46568450,尻割山・四本松,2026-03-07,1.0000,,"46568450:尻割山・四本松(score:1.0000,rank:1); 46572122:権現山(score:0.0000,rank:2)",Proposing top candidate from multiple with superior score margin (1 vs 0).
yamap_2026-03-07_11_08.gpx,data/01_raw/gpx/2026-05-12/yamap_2026-03-07_11_08.gpx,権現山,2026-03-07 11:08,false,multiple_date_candidates,multiple_candidates_ranked,high,2,46572122,権現山,2026-03-07,1.0000,,"46572122:権現山(score:1.0000,rank:1); 46568450:尻割山・四本松(score:0.0000,rank:2)",Proposing top candidate from multiple with superior score margin (1 vs 0).
yamap_2026-03-08_07_27.gpx,data/01_raw/gpx/2026-05-12/yamap_2026-03-08_07_27.gpx,呉石山,2026-03-08 07:27,false,multiple_date_candidates,multiple_candidates_ranked,high,3,46595142,呉石山,2026-03-08,1.0000,,"46595142:呉石山(score:1.0000,rank:1); 46597643:峰畑山(score:0.0000,rank:2); 46605671:白木山(score:0.0000,rank:3)",Proposing top candidate from multiple with superior score margin (1 vs 0).
yamap_2026-03-08_08_05.gpx,data/01_raw/gpx/2026-05-12/yamap_2026-03-08_08_05.gpx,峰畑山,2026-03-08 08:05,false,multiple_date_candidates,multiple_candidates_ranked,high,3,46597643,峰畑山,2026-03-08,1.0000,,"46597643:峰畑山(score:1.0000,rank:1); 46595142:呉石山(score:0.0000,rank:2); 46605671:白木山(score:0.0000,rank:3)",Proposing top candidate from multiple with superior score margin (1 vs 0).
yamap_2026-03-08_10_45.gpx,data/01_raw/gpx/2026-05-12/yamap_2026-03-08_10_45.gpx,白木山,2026-03-08 10:45,false,multiple_date_candidates,multiple_candidates_ranked,high,3,46605671,白木山,2026-03-08,1.0000,,"46605671:白木山(score:1.0000,rank:1); 46595142:呉石山(score:0.0000,rank:2); 46597643:峰畑山(score:0.0000,rank:3)",Proposing top candidate from multiple with superior score margin (1 vs 0).
yamap_2026-03-11_10_35.gpx,data/01_raw/gpx/2026-05-12/yamap_2026-03-11_10_35.gpx,野津子山・軽ノ山,2026-03-11 10:35,false,single_date_candidate,single_high_confidence_candidate,high,1,46667116,野津子山・軽ノ山,2026-03-11,1.0000,,"46667116:野津子山・軽ノ山(score:1.0000,rank:1)",Single candidate proposed with similarity score 1.
yamap_2026-03-15_06_14.gpx,data/01_raw/gpx/2026-05-12/yamap_2026-03-15_06_14.gpx,長山,2026-03-15 06:14,false,multiple_date_candidates,multiple_candidates_ranked,high,2,46749710,長山,2026-03-15,1.0000,,"46749710:長山(score:1.0000,rank:1); 46761778:高研山(score:0.0000,rank:2)",Proposing top candidate from multiple with superior score margin (1 vs 0).
yamap_2026-03-15_10_21.gpx,data/01_raw/gpx/2026-05-12/yamap_2026-03-15_10_21.gpx,高研山,2026-03-15 10:21,false,multiple_date_candidates,multiple_candidates_ranked,high,2,46761778,高研山,2026-03-15,1.0000,,"46761778:高研山(score:1.0000,rank:1); 46749710:長山(score:0.0000,rank:2)",Proposing top candidate from multiple with superior score margin (1 vs 0).
yamap_2026-03-17_06_58.gpx,data/01_raw/gpx/2026-05-12/yamap_2026-03-17_06_58.gpx,大ノ森,2026-03-17 06:58,false,single_date_candidate,single_high_confidence_candidate,high,1,46818948,大ノ森,2026-03-17,1.0000,,"46818948:大ノ森(score:1.0000,rank:1)",Single candidate proposed with similarity score 1.
yamap_2026-03-21_07_01.gpx,data/01_raw/gpx/2026-05-12/yamap_2026-03-21_07_01.gpx,雨乞山・妙見森,2026-03-21 07:01,false,multiple_date_candidates,multiple_candidates_ranked,high,3,46899064,雨乞山・妙見森,2026-03-21,1.0000,,"46899064:雨乞山・妙見森(score:1.0000,rank:1); 46907972:笹峠山(score:0.0000,rank:2); 46921882:雨霧山(score:0.0000,rank:3)",Proposing top candidate from multiple with superior score margin (1 vs 0).
yamap_2026-03-21_13_44.gpx,data/01_raw/gpx/2026-05-12/yamap_2026-03-21_13_44.gpx,笹峠山,2026-03-21 13:44,false,multiple_date_candidates,multiple_candidates_ranked,high,3,46907972,笹峠山,2026-03-21,1.0000,,"46907972:笹峠山(score:1.0000,rank:1); 46899064:雨乞山・妙見森(score:0.0000,rank:2); 46921882:雨霧山(score:0.0000,rank:3)",Proposing top candidate from multiple with superior score margin (1 vs 0).
yamap_2026-03-21_14_58.gpx,data/01_raw/gpx/2026-05-12/yamap_2026-03-21_14_58.gpx,雨霧山,2026-03-21 14:58,false,multiple_date_candidates,multiple_candidates_ranked,high,3,46921882,雨霧山,2026-03-21,1.0000,,"46921882:雨霧山(score:1.0000,rank:1); 46899064:雨乞山・妙見森(score:0.0000,rank:2); 46907972:笹峠山(score:0.0000,rank:3)",Proposing top candidate from multiple with superior score margin (1 vs 0).
yamap_2026-04-11_09_14.gpx,data/01_raw/gpx/2026-05-12/yamap_2026-04-11_09_14.gpx,三郷の辻,2026-04-11 09:14,false,single_date_candidate,single_high_confidence_candidate,high,1,47330396,三郷の辻,2026-04-11,1.0000,,"47330396:三郷の辻(score:1.0000,rank:1)",Single candidate proposed with similarity score 1.
yamap_2026-04-12_11_03.gpx,data/01_raw/gpx/2026-05-12/yamap_2026-04-12_11_03.gpx,権現山,2026-04-12 11:03,false,single_date_candidate,single_high_confidence_candidate,high,1,47381696,権現山,2026-04-12,1.0000,,"47381696:権現山(score:1.0000,rank:1)",Single candidate proposed with similarity score 1.
yamap_2026-04-19_07_43.gpx,data/01_raw/gpx/2026-05-12/yamap_2026-04-19_07_43.gpx,雨乞山,2026-04-19 07:43,false,multiple_date_candidates,multiple_candidates_ranked,high,2,47548792,雨乞山,2026-04-19,1.0000,,"47548792:雨乞山(score:1.0000,rank:1); 47557807:鼻欠山(score:0.0000,rank:2)",Proposing top candidate from multiple with superior score margin (1 vs 0).
yamap_2026-04-19_10_27.gpx,data/01_raw/gpx/2026-05-12/yamap_2026-04-19_10_27.gpx,鼻欠山,2026-04-19 10:27,false,multiple_date_candidates,multiple_candidates_ranked,high,2,47557807,鼻欠山,2026-04-19,1.0000,,"47557807:鼻欠山(score:1.0000,rank:1); 47548792:雨乞山(score:0.0000,rank:2)",Proposing top candidate from multiple with superior score margin (1 vs 0).
yamap_2026-04-29_06_34.gpx,data/01_raw/gpx/2026-05-12/yamap_2026-04-29_06_34.gpx,面木山・黒森,2026-04-29 06:34,false,single_date_candidate,single_high_confidence_candidate,high,1,47818000,面木山・黒森,2026-04-29,1.0000,,"47818000:面木山・黒森(score:1.0000,rank:1)",Single candidate proposed with similarity score 1.
yamap_2026-05-02_09_29.gpx,data/01_raw/gpx/2026-05-12/yamap_2026-05-02_09_29.gpx,男山・瓶ヶ森・台ヶ森,2026-05-02 09:29,false,single_date_candidate,single_high_confidence_candidate,high,1,47890352,男山・瓶ヶ森・台ヶ森,2026-05-02,1.0000,,"47890352:男山・瓶ヶ森・台ヶ森(score:1.0000,rank:1)",Single candidate proposed with similarity score 1.
yamap_2026-05-06_07_28.gpx,data/01_raw/gpx/2026-05-12/yamap_2026-05-06_07_28.gpx,丸山・ちち山・笹ヶ峰,2026-05-06 07:28,false,single_date_candidate,single_high_confidence_candidate,high,1,48114780,丸山・ちち山・笹ヶ峰,2026-05-06,1.0000,,"48114780:丸山・ちち山・笹ヶ峰(score:1.0000,rank:1)",Single candidate proposed with similarity score 1.
