mountain_no,mountain_name,summit_candidate_id,source_gpx_basename,track_name,candidate_ele_m,mountain_elevation_m,elevation_diff_m,location_refined_candidate_score,location_refined_rank_for_mountain,location_refined_rank_for_summit_candidate,score_gap_to_next_candidate,mutual_top1,mutual_top3,confidence,review_priority,compact_review_priority,review_bucket,location_refinement_level,csv_municipality,csv_island,matched_terms,nearest_display_name,review_reason_codes,review_priority_reason_codes,compact_review_reason_codes,notes
1,関ヶ森,summit-candidate:a0c35720552a78c8,yamap_2022-01-15_08_17.gpx,関ヶ森・観音山・倉谷山・芝ヶ峠,573.7066666666666,592,18.29,0.7365,1,1,0.102,true,true,medium,high,medium,accept_candidate_after_map_check,exact_municipality_match,松山市,,松山市,"杉立町, 松山市, 愛媛県, 日本",multiple_candidates_for_mountain|multiple_mountains_for_candidate|missing_csv_coordinate,top_1_but_ambiguous,clear_mutual_top1,mountain=関ヶ森(#1); candidate=summit-candidate:a0c35720552a78c8; ref_score=0.7365; ref_rank=1; loc_level=exact_municipality_match; priority=high; priority_reasons=top_1_but_ambiguous
1,関ヶ森,summit-candidate:c284068144ec2cfd,yamap_2022-01-15_08_17.gpx,関ヶ森・観音山・倉谷山・芝ヶ峠,278.01,592,313.99,0.6345,2,2,0,false,true,medium,medium,low,low_priority,exact_municipality_match,松山市,,松山市,"鷹子町, 松山市, 愛媛県, 791-0243, 日本",multiple_candidates_for_mountain|multiple_mountains_for_candidate|weak_elevation_evidence|missing_csv_coordinate,top_3_with_evidence,low_priority_alternative,mountain=関ヶ森(#1); candidate=summit-candidate:c284068144ec2cfd; ref_score=0.6345; ref_rank=2; loc_level=exact_municipality_match; priority=medium; priority_reasons=top_3_with_evidence
1,関ヶ森,summit-candidate:cb62a56e70cedbce,yamap_2022-01-15_08_17.gpx,関ヶ森・観音山・倉谷山・芝ヶ峠,495.64000000000004,592,96.36,0.6345,3,2,0,false,true,medium,medium,low,low_priority,exact_municipality_match,松山市,,松山市,"平井町, 松山市, 愛媛県, 791-0243, 日本",multiple_candidates_for_mountain|multiple_mountains_for_candidate|weak_elevation_evidence|missing_csv_coordinate,top_3_with_evidence,low_priority_alternative,mountain=関ヶ森(#1); candidate=summit-candidate:cb62a56e70cedbce; ref_score=0.6345; ref_rank=3; loc_level=exact_municipality_match; priority=medium; priority_reasons=top_3_with_evidence
2,観音山,summit-candidate:cb62a56e70cedbce,yamap_2022-01-15_08_17.gpx,関ヶ森・観音山・倉谷山・芝ヶ峠,495.64000000000004,518,22.36,0.7365,1,1,0.102,true,true,medium,high,medium,accept_candidate_after_map_check,exact_municipality_match,松山市,,松山市,"平井町, 松山市, 愛媛県, 791-0243, 日本",multiple_candidates_for_mountain|multiple_mountains_for_candidate|missing_csv_coordinate,top_1_but_ambiguous,clear_mutual_top1,mountain=観音山(#2); candidate=summit-candidate:cb62a56e70cedbce; ref_score=0.7365; ref_rank=1; loc_level=exact_municipality_match; priority=high; priority_reasons=top_1_but_ambiguous
2,観音山,summit-candidate:0022a746b396d4c7,yamap_2024-03-10_07_12.gpx,夫婦山・白山・観音山・国見山・城山・御勧請山,264.2867991594412,518,253.71,0.6345,2,2,0,false,true,medium,medium,low,low_priority,exact_municipality_match,松山市,,松山市,"白水台三丁目, 松山市, 愛媛県, 791-0112, 日本",multiple_candidates_for_mountain|multiple_mountains_for_candidate|weak_elevation_evidence|missing_csv_coordinate,top_3_with_evidence,low_priority_alternative,mountain=観音山(#2); candidate=summit-candidate:0022a746b396d4c7; ref_score=0.6345; ref_rank=2; loc_level=exact_municipality_match; priority=medium; priority_reasons=top_3_with_evidence
2,観音山,summit-candidate:13b7a4bb8154974a,yamap_2024-03-10_07_12.gpx,夫婦山・白山・観音山・国見山・城山・御勧請山,336.02549564153543,518,181.97,0.6345,3,5,0,false,false,medium,high,high,resolve_conflict,exact_municipality_match,松山市,,松山市,"南白水三丁目, 下伊台町, 松山市, 愛媛県, 791-0112, 日本",multiple_candidates_for_mountain|multiple_mountains_for_candidate|weak_elevation_evidence|missing_csv_coordinate,top_candidate_for_multiple_mountains,shared_candidate,mountain=観音山(#2); candidate=summit-candidate:13b7a4bb8154974a; ref_score=0.6345; ref_rank=3; loc_level=exact_municipality_match; priority=high; priority_reasons=top_candidate_for_multiple_mountains
3,高森山,summit-candidate:e7ae682a07af2e10,yamap_2022-01-22_09_04.gpx,高森山・岩伽羅山・衣掛山・吉山(吉山城址),719.2533333333334,724,4.75,0.7875,1,1,0.153,true,true,medium,high,high,resolve_conflict,exact_municipality_match,東温市,,東温市,"樋口, 東温市, 愛媛県, 日本",multiple_candidates_for_mountain|multiple_mountains_for_candidate|missing_csv_coordinate,top_1_but_ambiguous|top_candidate_for_multiple_mountains,shared_candidate,"mountain=高森山(#3); candidate=summit-candidate:e7ae682a07af2e10; ref_score=0.7875; ref_rank=1; loc_level=exact_municipality_match; priority=high; priority_reasons=top_1_but_ambiguous,top_candidate_for_multiple_mountains"
3,高森山,summit-candidate:d03c84134ca0989d,yamap_2022-01-22_09_04.gpx,高森山・岩伽羅山・衣掛山・吉山(吉山城址),306.31,724,417.69,0.6345,2,2,0.0775,false,true,medium,high,high,resolve_conflict,exact_municipality_match,東温市,,東温市,"志津川南一丁目, 志津川, 東温市, 愛媛県, 791-0204, 日本",multiple_candidates_for_mountain|multiple_mountains_for_candidate|weak_elevation_evidence|missing_csv_coordinate,top_candidate_for_multiple_mountains,shared_candidate,mountain=高森山(#3); candidate=summit-candidate:d03c84134ca0989d; ref_score=0.6345; ref_rank=2; loc_level=exact_municipality_match; priority=high; priority_reasons=top_candidate_for_multiple_mountains
3,高森山,summit-candidate:b3cf76c035511afe,yamap_2026-02-22_06_23.gpx,大森山,737.4383606793477,724,13.44,0.557,3,5,0.102,false,false,medium,high,high,check_location_warning,boundary_tolerated_mismatch,東温市,,,"大洲市, 愛媛県, 795-0307, 日本",multiple_candidates_for_mountain|multiple_mountains_for_candidate|missing_csv_coordinate|location_mismatch_warning|activity_link_ambiguous,strong_evidence_with_mismatch,location_mismatch_warning,mountain=高森山(#3); candidate=summit-candidate:b3cf76c035511afe; ref_score=0.557; ref_rank=3; loc_level=boundary_tolerated_mismatch; priority=high; priority_reasons=strong_evidence_with_mismatch
4,岩伽羅山,summit-candidate:e7ae682a07af2e10,yamap_2022-01-22_09_04.gpx,高森山・岩伽羅山・衣掛山・吉山(吉山城址),719.2533333333334,696,23.25,0.7365,1,2,0.102,false,true,medium,high,high,resolve_conflict,exact_municipality_match,東温市,,東温市,"樋口, 東温市, 愛媛県, 日本",multiple_candidates_for_mountain|multiple_mountains_for_candidate|missing_csv_coordinate,top_1_but_ambiguous|top_candidate_for_multiple_mountains,shared_candidate|not_mutual_top1,"mountain=岩伽羅山(#4); candidate=summit-candidate:e7ae682a07af2e10; ref_score=0.7365; ref_rank=1; loc_level=exact_municipality_match; priority=high; priority_reasons=top_1_but_ambiguous,top_candidate_for_multiple_mountains"
4,岩伽羅山,summit-candidate:d03c84134ca0989d,yamap_2022-01-22_09_04.gpx,高森山・岩伽羅山・衣掛山・吉山(吉山城址),306.31,696,389.69,0.6345,2,3,0.1955,false,true,medium,high,high,resolve_conflict,exact_municipality_match,東温市,,東温市,"志津川南一丁目, 志津川, 東温市, 愛媛県, 791-0204, 日本",multiple_candidates_for_mountain|multiple_mountains_for_candidate|weak_elevation_evidence|missing_csv_coordinate,top_candidate_for_multiple_mountains,shared_candidate,mountain=岩伽羅山(#4); candidate=summit-candidate:d03c84134ca0989d; ref_score=0.6345; ref_rank=2; loc_level=exact_municipality_match; priority=high; priority_reasons=top_candidate_for_multiple_mountains
4,岩伽羅山,summit-candidate:a94564816fd4afff,yamap_2022-03-25_12_12.gpx,十門山(十門城址)・ヨソ山,676.7066666666667,696,19.29,0.439,3,3,0.1285,false,true,low,medium,low,low_priority,exact_municipality_match,東温市,,東温市,"東温市, 愛媛県, 日本",multiple_candidates_for_mountain|multiple_mountains_for_candidate|weak_name_evidence|missing_csv_coordinate,top_3_with_evidence,low_priority_alternative,mountain=岩伽羅山(#4); candidate=summit-candidate:a94564816fd4afff; ref_score=0.439; ref_rank=3; loc_level=exact_municipality_match; priority=medium; priority_reasons=top_3_with_evidence
5,衣掛山,summit-candidate:d03c84134ca0989d,yamap_2022-01-22_09_04.gpx,高森山・岩伽羅山・衣掛山・吉山(吉山城址),306.31,463,156.69,0.6345,1,4,0,false,false,medium,high,high,resolve_conflict,exact_municipality_match,東温市,,東温市,"志津川南一丁目, 志津川, 東温市, 愛媛県, 791-0204, 日本",multiple_candidates_for_mountain|multiple_mountains_for_candidate|weak_elevation_evidence|missing_csv_coordinate,top_1_but_ambiguous|top_candidate_for_multiple_mountains,shared_candidate|not_mutual_top1,"mountain=衣掛山(#5); candidate=summit-candidate:d03c84134ca0989d; ref_score=0.6345; ref_rank=1; loc_level=exact_municipality_match; priority=high; priority_reasons=top_1_but_ambiguous,top_candidate_for_multiple_mountains"
5,衣掛山,summit-candidate:e7ae682a07af2e10,yamap_2022-01-22_09_04.gpx,高森山・岩伽羅山・衣掛山・吉山(吉山城址),719.2533333333334,463,256.25,0.6345,2,3,0.1955,false,true,medium,high,high,resolve_conflict,exact_municipality_match,東温市,,東温市,"樋口, 東温市, 愛媛県, 日本",multiple_candidates_for_mountain|multiple_mountains_for_candidate|weak_elevation_evidence|missing_csv_coordinate,top_candidate_for_multiple_mountains,shared_candidate,mountain=衣掛山(#5); candidate=summit-candidate:e7ae682a07af2e10; ref_score=0.6345; ref_rank=2; loc_level=exact_municipality_match; priority=high; priority_reasons=top_candidate_for_multiple_mountains
5,衣掛山,summit-candidate:7880c9d0de83468b,yamap_2023-04-18_06_58.gpx,船野山,452.99666666666667,463,10,0.439,3,4,0.1285,false,false,low,medium,low,low_priority,exact_municipality_match,東温市,,東温市,"東温市, 愛媛県, 日本",multiple_candidates_for_mountain|multiple_mountains_for_candidate|weak_name_evidence|missing_csv_coordinate|activity_link_ambiguous,top_3_with_evidence,low_priority_alternative,mountain=衣掛山(#5); candidate=summit-candidate:7880c9d0de83468b; ref_score=0.439; ref_rank=3; loc_level=exact_municipality_match; priority=medium; priority_reasons=top_3_with_evidence
6,吉山(吉山城址),summit-candidate:d03c84134ca0989d,yamap_2022-01-22_09_04.gpx,高森山・岩伽羅山・衣掛山・吉山(吉山城址),306.31,262,44.31,0.6855,1,1,0.051,true,true,medium,high,high,resolve_conflict,exact_municipality_match,東温市,,東温市,"志津川南一丁目, 志津川, 東温市, 愛媛県, 791-0204, 日本",multiple_candidates_for_mountain|multiple_mountains_for_candidate|missing_csv_coordinate,top_1_but_ambiguous|top_candidate_for_multiple_mountains,shared_candidate,"mountain=吉山(吉山城址)(#6); candidate=summit-candidate:d03c84134ca0989d; ref_score=0.6855; ref_rank=1; loc_level=exact_municipality_match; priority=high; priority_reasons=top_1_but_ambiguous,top_candidate_for_multiple_mountains"
6,吉山(吉山城址),summit-candidate:e7ae682a07af2e10,yamap_2022-01-22_09_04.gpx,高森山・岩伽羅山・衣掛山・吉山(吉山城址),719.2533333333334,262,457.25,0.6345,2,4,0.324,false,false,medium,high,high,resolve_conflict,exact_municipality_match,東温市,,東温市,"樋口, 東温市, 愛媛県, 日本",multiple_candidates_for_mountain|multiple_mountains_for_candidate|weak_elevation_evidence|missing_csv_coordinate,top_candidate_for_multiple_mountains,shared_candidate,mountain=吉山(吉山城址)(#6); candidate=summit-candidate:e7ae682a07af2e10; ref_score=0.6345; ref_rank=2; loc_level=exact_municipality_match; priority=high; priority_reasons=top_candidate_for_multiple_mountains
6,吉山(吉山城址),summit-candidate:0022a746b396d4c7,yamap_2024-03-10_07_12.gpx,夫婦山・白山・観音山・国見山・城山・御勧請山,264.2867991594412,262,2.29,0.3105,3,17,0,false,false,low,high,high,check_location_warning,boundary_tolerated_mismatch,東温市,,,"白水台三丁目, 松山市, 愛媛県, 791-0112, 日本",multiple_candidates_for_mountain|multiple_mountains_for_candidate|weak_name_evidence|missing_csv_coordinate|location_mismatch_warning,strong_evidence_with_mismatch,location_mismatch_warning,mountain=吉山(吉山城址)(#6); candidate=summit-candidate:0022a746b396d4c7; ref_score=0.3105; ref_rank=3; loc_level=boundary_tolerated_mismatch; priority=high; priority_reasons=strong_evidence_with_mismatch
7,尾ノ峰,summit-candidate:36e3ac8003e8b5d0,yamap_2022-01-28_12_28.gpx,尾ノ峰・新城山・腰折山・恵良山,190.94333333333336,193,2.06,0.7875,1,1,0.051,true,true,medium,high,medium,accept_candidate_after_map_check,exact_municipality_match,松山市,,松山市,"大浦, 松山市, 愛媛県, 799-2401, 日本",multiple_candidates_for_mountain|multiple_mountains_for_candidate|missing_csv_coordinate,top_1_but_ambiguous,clear_mutual_top1,mountain=尾ノ峰(#7); candidate=summit-candidate:36e3ac8003e8b5d0; ref_score=0.7875; ref_rank=1; loc_level=exact_municipality_match; priority=high; priority_reasons=top_1_but_ambiguous
7,尾ノ峰,summit-candidate:d6b806525709cc22,yamap_2022-01-28_12_28.gpx,尾ノ峰・新城山・腰折山・恵良山,206.86333333333332,193,13.86,0.7365,2,2,0.051,false,true,medium,medium,low,low_priority,exact_municipality_match,松山市,,松山市,"下難波, 松山市, 愛媛県, 799-2401, 日本",multiple_candidates_for_mountain|multiple_mountains_for_candidate|missing_csv_coordinate,top_3_with_evidence,low_priority_alternative,mountain=尾ノ峰(#7); candidate=summit-candidate:d6b806525709cc22; ref_score=0.7365; ref_rank=2; loc_level=exact_municipality_match; priority=medium; priority_reasons=top_3_with_evidence
7,尾ノ峰,summit-candidate:ac7a1ebef52ea30c,yamap_2022-01-28_12_28.gpx,尾ノ峰・新城山・腰折山・恵良山,156.4466666666667,193,36.55,0.6855,3,2,0.051,false,true,medium,medium,low,low_priority,exact_municipality_match,松山市,,松山市,"下難波, 松山市, 愛媛県, 799-2499, 日本",multiple_candidates_for_mountain|multiple_mountains_for_candidate|missing_csv_coordinate,top_3_with_evidence,low_priority_alternative,mountain=尾ノ峰(#7); candidate=summit-candidate:ac7a1ebef52ea30c; ref_score=0.6855; ref_rank=3; loc_level=exact_municipality_match; priority=medium; priority_reasons=top_3_with_evidence
8,新城山,summit-candidate:ac7a1ebef52ea30c,yamap_2022-01-28_12_28.gpx,尾ノ峰・新城山・腰折山・恵良山,156.4466666666667,161,4.55,0.7875,1,1,0.051,true,true,medium,high,medium,accept_candidate_after_map_check,exact_municipality_match,松山市,,松山市,"下難波, 松山市, 愛媛県, 799-2499, 日本",multiple_candidates_for_mountain|multiple_mountains_for_candidate|missing_csv_coordinate,top_1_but_ambiguous,clear_mutual_top1,mountain=新城山(#8); candidate=summit-candidate:ac7a1ebef52ea30c; ref_score=0.7875; ref_rank=1; loc_level=exact_municipality_match; priority=high; priority_reasons=top_1_but_ambiguous
8,新城山,summit-candidate:36e3ac8003e8b5d0,yamap_2022-01-28_12_28.gpx,尾ノ峰・新城山・腰折山・恵良山,190.94333333333336,161,29.94,0.7365,2,2,0.051,false,true,medium,medium,low,low_priority,exact_municipality_match,松山市,,松山市,"大浦, 松山市, 愛媛県, 799-2401, 日本",multiple_candidates_for_mountain|multiple_mountains_for_candidate|missing_csv_coordinate,top_3_with_evidence,low_priority_alternative,mountain=新城山(#8); candidate=summit-candidate:36e3ac8003e8b5d0; ref_score=0.7365; ref_rank=2; loc_level=exact_municipality_match; priority=medium; priority_reasons=top_3_with_evidence
8,新城山,summit-candidate:d6b806525709cc22,yamap_2022-01-28_12_28.gpx,尾ノ峰・新城山・腰折山・恵良山,206.86333333333332,161,45.86,0.6855,3,3,0.051,false,true,medium,medium,low,low_priority,exact_municipality_match,松山市,,松山市,"下難波, 松山市, 愛媛県, 799-2401, 日本",multiple_candidates_for_mountain|multiple_mountains_for_candidate|missing_csv_coordinate,top_3_with_evidence,low_priority_alternative,mountain=新城山(#8); candidate=summit-candidate:d6b806525709cc22; ref_score=0.6855; ref_rank=3; loc_level=exact_municipality_match; priority=medium; priority_reasons=top_3_with_evidence
9,腰折山,summit-candidate:d6b806525709cc22,yamap_2022-01-28_12_28.gpx,尾ノ峰・新城山・腰折山・恵良山,206.86333333333332,213,6.14,0.7875,1,1,0.051,true,true,medium,high,medium,accept_candidate_after_map_check,exact_municipality_match,松山市,,松山市,"下難波, 松山市, 愛媛県, 799-2401, 日本",multiple_candidates_for_mountain|multiple_mountains_for_candidate|missing_csv_coordinate,top_1_but_ambiguous,clear_mutual_top1,mountain=腰折山(#9); candidate=summit-candidate:d6b806525709cc22; ref_score=0.7875; ref_rank=1; loc_level=exact_municipality_match; priority=high; priority_reasons=top_1_but_ambiguous
9,腰折山,summit-candidate:36e3ac8003e8b5d0,yamap_2022-01-28_12_28.gpx,尾ノ峰・新城山・腰折山・恵良山,190.94333333333336,213,22.06,0.7365,2,3,0.102,false,true,medium,medium,low,low_priority,exact_municipality_match,松山市,,松山市,"大浦, 松山市, 愛媛県, 799-2401, 日本",multiple_candidates_for_mountain|multiple_mountains_for_candidate|missing_csv_coordinate,top_3_with_evidence,low_priority_alternative,mountain=腰折山(#9); candidate=summit-candidate:36e3ac8003e8b5d0; ref_score=0.7365; ref_rank=2; loc_level=exact_municipality_match; priority=medium; priority_reasons=top_3_with_evidence
9,腰折山,summit-candidate:40260be41579ab8f,yamap_2022-01-28_12_28.gpx,尾ノ峰・新城山・腰折山・恵良山,299.12666666666667,213,86.13,0.6345,3,4,0,false,false,medium,medium,low,low_priority,exact_municipality_match,松山市,,松山市,"浅海原, 松山市, 愛媛県, 799-2401, 日本",multiple_candidates_for_mountain|multiple_mountains_for_candidate|weak_elevation_evidence|missing_csv_coordinate,top_3_with_evidence,low_priority_alternative,mountain=腰折山(#9); candidate=summit-candidate:40260be41579ab8f; ref_score=0.6345; ref_rank=3; loc_level=exact_municipality_match; priority=medium; priority_reasons=top_3_with_evidence
10,恵良山,summit-candidate:40260be41579ab8f,yamap_2022-01-28_12_28.gpx,尾ノ峰・新城山・腰折山・恵良山,299.12666666666667,302,2.87,0.7875,1,1,0.153,true,true,medium,high,medium,accept_candidate_after_map_check,exact_municipality_match,松山市,,松山市,"浅海原, 松山市, 愛媛県, 799-2401, 日本",multiple_candidates_for_mountain|multiple_mountains_for_candidate|missing_csv_coordinate,top_1_but_ambiguous,clear_mutual_top1,mountain=恵良山(#10); candidate=summit-candidate:40260be41579ab8f; ref_score=0.7875; ref_rank=1; loc_level=exact_municipality_match; priority=high; priority_reasons=top_1_but_ambiguous
10,恵良山,summit-candidate:36e3ac8003e8b5d0,yamap_2022-01-28_12_28.gpx,尾ノ峰・新城山・腰折山・恵良山,190.94333333333336,302,111.06,0.6345,2,4,0,false,false,medium,medium,low,low_priority,exact_municipality_match,松山市,,松山市,"大浦, 松山市, 愛媛県, 799-2401, 日本",multiple_candidates_for_mountain|multiple_mountains_for_candidate|weak_elevation_evidence|missing_csv_coordinate,top_3_with_evidence,low_priority_alternative,mountain=恵良山(#10); candidate=summit-candidate:36e3ac8003e8b5d0; ref_score=0.6345; ref_rank=2; loc_level=exact_municipality_match; priority=medium; priority_reasons=top_3_with_evidence
10,恵良山,summit-candidate:ac7a1ebef52ea30c,yamap_2022-01-28_12_28.gpx,尾ノ峰・新城山・腰折山・恵良山,156.4466666666667,302,145.55,0.6345,3,4,0,false,false,medium,medium,low,low_priority,exact_municipality_match,松山市,,松山市,"下難波, 松山市, 愛媛県, 799-2499, 日本",multiple_candidates_for_mountain|multiple_mountains_for_candidate|weak_elevation_evidence|missing_csv_coordinate,top_3_with_evidence,low_priority_alternative,mountain=恵良山(#10); candidate=summit-candidate:ac7a1ebef52ea30c; ref_score=0.6345; ref_rank=3; loc_level=exact_municipality_match; priority=medium; priority_reasons=top_3_with_evidence
11,皿ヶ森,summit-candidate:59c561a08189d6b9,yamap_2022-01-29_08_35.gpx,皿ヶ森・経座ヶ森・ヨソ山,630.2399999999999,633,2.76,0.7875,1,1,0.153,true,true,medium,high,high,resolve_conflict,exact_municipality_match,東温市,,東温市,"松瀬川, 東温市, 愛媛県, 日本",multiple_candidates_for_mountain|multiple_mountains_for_candidate|missing_csv_coordinate,top_1_but_ambiguous|top_candidate_for_multiple_mountains,shared_candidate,"mountain=皿ヶ森(#11); candidate=summit-candidate:59c561a08189d6b9; ref_score=0.7875; ref_rank=1; loc_level=exact_municipality_match; priority=high; priority_reasons=top_1_but_ambiguous,top_candidate_for_multiple_mountains"
11,皿ヶ森,summit-candidate:7c532ef1be71a4d1,yamap_2022-01-29_08_35.gpx,皿ヶ森・経座ヶ森・ヨソ山,924.7866666666665,633,291.79,0.6345,2,1,0.1445,false,true,medium,medium,low,low_priority,exact_municipality_match,東温市,,東温市,"東温市, 愛媛県, 日本",multiple_candidates_for_mountain|multiple_mountains_for_candidate|weak_elevation_evidence|missing_csv_coordinate,top_3_with_evidence,low_priority_alternative,mountain=皿ヶ森(#11); candidate=summit-candidate:7c532ef1be71a4d1; ref_score=0.6345; ref_rank=2; loc_level=exact_municipality_match; priority=medium; priority_reasons=top_3_with_evidence
11,皿ヶ森,summit-candidate:8e8035372e25eb9d,yamap_2022-04-16_07_39.gpx,東三方ヶ森,628.7666666666668,633,4.23,0.49,3,2,0.051,false,true,low,medium,low,low_priority,exact_municipality_match,東温市,,東温市,"東温市, 愛媛県, 日本",multiple_candidates_for_mountain|multiple_mountains_for_candidate|weak_name_evidence|missing_csv_coordinate,top_3_with_evidence,low_priority_alternative,mountain=皿ヶ森(#11); candidate=summit-candidate:8e8035372e25eb9d; ref_score=0.49; ref_rank=3; loc_level=exact_municipality_match; priority=medium; priority_reasons=top_3_with_evidence
12,経座ヶ森,summit-candidate:59c561a08189d6b9,yamap_2022-01-29_08_35.gpx,皿ヶ森・経座ヶ森・ヨソ山,630.2399999999999,735,104.76,0.6345,1,2,0,false,true,medium,high,high,resolve_conflict,exact_municipality_match,東温市,,東温市,"松瀬川, 東温市, 愛媛県, 日本",multiple_candidates_for_mountain|multiple_mountains_for_candidate|weak_elevation_evidence|missing_csv_coordinate,top_1_but_ambiguous|top_candidate_for_multiple_mountains,shared_candidate|not_mutual_top1,"mountain=経座ヶ森(#12); candidate=summit-candidate:59c561a08189d6b9; ref_score=0.6345; ref_rank=1; loc_level=exact_municipality_match; priority=high; priority_reasons=top_1_but_ambiguous,top_candidate_for_multiple_mountains"
12,経座ヶ森,summit-candidate:7c532ef1be71a4d1,yamap_2022-01-29_08_35.gpx,皿ヶ森・経座ヶ森・ヨソ山,924.7866666666665,735,189.79,0.6345,2,2,0.1955,false,true,medium,medium,high,check_close_alternatives,exact_municipality_match,東温市,,東温市,"東温市, 愛媛県, 日本",multiple_candidates_for_mountain|multiple_mountains_for_candidate|weak_elevation_evidence|missing_csv_coordinate,top_3_with_evidence,small_score_gap,mountain=経座ヶ森(#12); candidate=summit-candidate:7c532ef1be71a4d1; ref_score=0.6345; ref_rank=2; loc_level=exact_municipality_match; priority=medium; priority_reasons=top_3_with_evidence
12,経座ヶ森,summit-candidate:e7ae682a07af2e10,yamap_2022-01-22_09_04.gpx,高森山・岩伽羅山・衣掛山・吉山(吉山城址),719.2533333333334,735,15.75,0.439,3,9,0.1285,false,false,low,high,high,resolve_conflict,exact_municipality_match,東温市,,東温市,"樋口, 東温市, 愛媛県, 日本",multiple_candidates_for_mountain|multiple_mountains_for_candidate|weak_name_evidence|missing_csv_coordinate,top_candidate_for_multiple_mountains,shared_candidate,mountain=経座ヶ森(#12); candidate=summit-candidate:e7ae682a07af2e10; ref_score=0.439; ref_rank=3; loc_level=exact_municipality_match; priority=high; priority_reasons=top_candidate_for_multiple_mountains
13,谷上山,summit-candidate:0eff3d1ea2b48d73,yamap_2022-02-06_08_26.gpx,谷上山・権現山・白滝山・障子山,456.90483803547824,455,1.9,0.7875,1,1,0.102,true,true,medium,high,medium,accept_candidate_after_map_check,exact_municipality_match,伊予市,,伊予市,"伊予市, 愛媛県, 799-3193, 日本",multiple_candidates_for_mountain|multiple_mountains_for_candidate|missing_csv_coordinate,top_1_but_ambiguous,clear_mutual_top1,mountain=谷上山(#13); candidate=summit-candidate:0eff3d1ea2b48d73; ref_score=0.7875; ref_rank=1; loc_level=exact_municipality_match; priority=high; priority_reasons=top_1_but_ambiguous
13,谷上山,summit-candidate:2c817617699a0a45,yamap_2022-02-06_08_26.gpx,谷上山・権現山・白滝山・障子山,485.20803085647475,455,30.21,0.6855,2,3,0.051,false,true,medium,medium,low,low_priority,exact_municipality_match,伊予市,,伊予市,"大平砥部線, 鵜崎, 伊予市, 伊予郡, 愛媛県, 日本",multiple_candidates_for_mountain|multiple_mountains_for_candidate|missing_csv_coordinate,top_3_with_evidence,low_priority_alternative,mountain=谷上山(#13); candidate=summit-candidate:2c817617699a0a45; ref_score=0.6855; ref_rank=2; loc_level=exact_municipality_match; priority=medium; priority_reasons=top_3_with_evidence
13,谷上山,summit-candidate:c94d8d76133fda1a,yamap_2022-02-06_08_26.gpx,谷上山・権現山・白滝山・障子山,383.6048516063258,455,71.4,0.6345,3,1,0,false,true,medium,medium,low,low_priority,exact_municipality_match,伊予市,,伊予市,"大角蔵, 砥部町, 伊予郡, 愛媛県, 日本",multiple_candidates_for_mountain|multiple_mountains_for_candidate|weak_elevation_evidence|missing_csv_coordinate,top_3_with_evidence,low_priority_alternative,mountain=谷上山(#13); candidate=summit-candidate:c94d8d76133fda1a; ref_score=0.6345; ref_rank=3; loc_level=exact_municipality_match; priority=medium; priority_reasons=top_3_with_evidence
14,権現山,summit-candidate:2c817617699a0a45,yamap_2022-02-06_08_26.gpx,谷上山・権現山・白滝山・障子山,485.20803085647475,479,6.21,0.7875,1,1,0.051,true,true,medium,high,medium,accept_candidate_after_map_check,exact_municipality_match,伊予市,,伊予市,"大平砥部線, 鵜崎, 伊予市, 伊予郡, 愛媛県, 日本",multiple_candidates_for_mountain|multiple_mountains_for_candidate|missing_csv_coordinate,top_1_but_ambiguous,clear_mutual_top1,mountain=権現山(#14); candidate=summit-candidate:2c817617699a0a45; ref_score=0.7875; ref_rank=1; loc_level=exact_municipality_match; priority=high; priority_reasons=top_1_but_ambiguous
14,権現山,summit-candidate:0eff3d1ea2b48d73,yamap_2022-02-06_08_26.gpx,谷上山・権現山・白滝山・障子山,456.90483803547824,479,22.1,0.7365,2,2,0.051,false,true,medium,medium,low,low_priority,exact_municipality_match,伊予市,,伊予市,"伊予市, 愛媛県, 799-3193, 日本",multiple_candidates_for_mountain|multiple_mountains_for_candidate|missing_csv_coordinate,top_3_with_evidence,low_priority_alternative,mountain=権現山(#14); candidate=summit-candidate:0eff3d1ea2b48d73; ref_score=0.7365; ref_rank=2; loc_level=exact_municipality_match; priority=medium; priority_reasons=top_3_with_evidence
14,権現山,summit-candidate:ea5f711625df386b,yamap_2022-02-06_08_26.gpx,谷上山・権現山・白滝山・障子山,510.2597700981308,479,31.26,0.6855,3,2,0.051,false,true,medium,medium,low,low_priority,exact_municipality_match,伊予市,,伊予市,"大平砥部線, 鵜崎, 伊予市, 伊予郡, 愛媛県, 日本",multiple_candidates_for_mountain|multiple_mountains_for_candidate|missing_csv_coordinate,top_3_with_evidence,low_priority_alternative,mountain=権現山(#14); candidate=summit-candidate:ea5f711625df386b; ref_score=0.6855; ref_rank=3; loc_level=exact_municipality_match; priority=medium; priority_reasons=top_3_with_evidence
15,白滝山,summit-candidate:ea5f711625df386b,yamap_2022-02-06_08_26.gpx,谷上山・権現山・白滝山・障子山,510.2597700981308,504,6.26,0.7875,1,1,0.051,true,true,medium,high,medium,accept_candidate_after_map_check,exact_municipality_match,伊予市,,伊予市,"大平砥部線, 鵜崎, 伊予市, 伊予郡, 愛媛県, 日本",multiple_candidates_for_mountain|multiple_mountains_for_candidate|missing_csv_coordinate,top_1_but_ambiguous,clear_mutual_top1,mountain=白滝山(#15); candidate=summit-candidate:ea5f711625df386b; ref_score=0.7875; ref_rank=1; loc_level=exact_municipality_match; priority=high; priority_reasons=top_1_but_ambiguous
15,白滝山,summit-candidate:2c817617699a0a45,yamap_2022-02-06_08_26.gpx,谷上山・権現山・白滝山・障子山,485.20803085647475,504,18.79,0.7365,2,2,0.051,false,true,medium,medium,low,low_priority,exact_municipality_match,伊予市,,伊予市,"大平砥部線, 鵜崎, 伊予市, 伊予郡, 愛媛県, 日本",multiple_candidates_for_mountain|multiple_mountains_for_candidate|missing_csv_coordinate,top_3_with_evidence,low_priority_alternative,mountain=白滝山(#15); candidate=summit-candidate:2c817617699a0a45; ref_score=0.7365; ref_rank=2; loc_level=exact_municipality_match; priority=medium; priority_reasons=top_3_with_evidence
15,白滝山,summit-candidate:0eff3d1ea2b48d73,yamap_2022-02-06_08_26.gpx,谷上山・権現山・白滝山・障子山,456.90483803547824,504,47.1,0.6855,3,3,0.051,false,true,medium,medium,low,low_priority,exact_municipality_match,伊予市,,伊予市,"伊予市, 愛媛県, 799-3193, 日本",multiple_candidates_for_mountain|multiple_mountains_for_candidate|missing_csv_coordinate,top_3_with_evidence,low_priority_alternative,mountain=白滝山(#15); candidate=summit-candidate:0eff3d1ea2b48d73; ref_score=0.6855; ref_rank=3; loc_level=exact_municipality_match; priority=medium; priority_reasons=top_3_with_evidence
16,障子山,summit-candidate:a0ef25e9a532b62e,yamap_2022-02-06_08_26.gpx,谷上山・権現山・白滝山・障子山,888.5027304594954,885,3.5,0.728,1,1,0.0935,true,true,medium,high,high,resolve_conflict,exact_municipality_match,伊予市,,伊予,"鵜崎, 砥部町, 伊予郡, 愛媛県, 791-2133, 日本",multiple_candidates_for_mountain|multiple_mountains_for_candidate|missing_csv_coordinate|location_mismatch_warning,top_1_but_ambiguous|top_candidate_for_multiple_mountains,shared_candidate,"mountain=障子山(#16); candidate=summit-candidate:a0ef25e9a532b62e; ref_score=0.728; ref_rank=1; loc_level=exact_municipality_match; priority=high; priority_reasons=top_1_but_ambiguous,top_candidate_for_multiple_mountains"
16,障子山,summit-candidate:0eff3d1ea2b48d73,yamap_2022-02-06_08_26.gpx,谷上山・権現山・白滝山・障子山,456.90483803547824,885,428.1,0.6345,2,4,0,false,false,medium,medium,low,low_priority,exact_municipality_match,伊予市,,伊予市,"伊予市, 愛媛県, 799-3193, 日本",multiple_candidates_for_mountain|multiple_mountains_for_candidate|weak_elevation_evidence|missing_csv_coordinate,top_3_with_evidence,low_priority_alternative,mountain=障子山(#16); candidate=summit-candidate:0eff3d1ea2b48d73; ref_score=0.6345; ref_rank=2; loc_level=exact_municipality_match; priority=medium; priority_reasons=top_3_with_evidence
16,障子山,summit-candidate:2c817617699a0a45,yamap_2022-02-06_08_26.gpx,谷上山・権現山・白滝山・障子山,485.20803085647475,885,399.79,0.6345,3,4,0,false,false,medium,medium,low,low_priority,exact_municipality_match,伊予市,,伊予市,"大平砥部線, 鵜崎, 伊予市, 伊予郡, 愛媛県, 日本",multiple_candidates_for_mountain|multiple_mountains_for_candidate|weak_elevation_evidence|missing_csv_coordinate,top_3_with_evidence,low_priority_alternative,mountain=障子山(#16); candidate=summit-candidate:2c817617699a0a45; ref_score=0.6345; ref_rank=3; loc_level=exact_municipality_match; priority=medium; priority_reasons=top_3_with_evidence
17,伽藍山,summit-candidate:da46e12c02d47edf,yamap_2022-02-09_10_01.gpx,佐田岬と伽藍山,413.7400702411658,414,0.26,0.7875,1,1,0.153,true,true,medium,high,medium,accept_candidate_after_map_check,exact_municipality_match,伊方町,,伊方町,"松, 伊方町, 西宇和郡, 愛媛県, 796-0899, 日本",multiple_candidates_for_mountain|multiple_mountains_for_candidate|missing_csv_coordinate,top_1_but_ambiguous,clear_mutual_top1,mountain=伽藍山(#17); candidate=summit-candidate:da46e12c02d47edf; ref_score=0.7875; ref_rank=1; loc_level=exact_municipality_match; priority=high; priority_reasons=top_1_but_ambiguous
17,伽藍山,summit-candidate:40d5b4863907057a,yamap_2022-02-09_10_01.gpx,佐田岬と伽藍山,50.463046185756546,414,363.54,0.6345,2,1,0.1445,false,true,medium,medium,low,low_priority,exact_municipality_match,伊方町,,伊方町,"佐田岬三崎線, 伊方町, 西宇和郡, 愛媛県, 796-0822, 日本",multiple_candidates_for_mountain|multiple_mountains_for_candidate|weak_elevation_evidence|missing_csv_coordinate,top_3_with_evidence,low_priority_alternative,mountain=伽藍山(#17); candidate=summit-candidate:40d5b4863907057a; ref_score=0.6345; ref_rank=2; loc_level=exact_municipality_match; priority=medium; priority_reasons=top_3_with_evidence
17,伽藍山,summit-candidate:f3bf8b21a01f29ef,yamap_2025-10-23_16_38.gpx,堂堂山,408.84971455495605,414,5.15,0.49,3,3,0.1795,false,true,low,medium,low,low_priority,exact_municipality_match,伊方町,,伊方町,"鳥井喜木津線, 伊方越, 伊方町, 西宇和郡, 愛媛県, 796-0399, 日本",multiple_candidates_for_mountain|multiple_mountains_for_candidate|weak_name_evidence|missing_csv_coordinate|activity_link_ambiguous|timezone_sensitive_activity_link,top_3_with_evidence,low_priority_alternative,mountain=伽藍山(#17); candidate=summit-candidate:f3bf8b21a01f29ef; ref_score=0.49; ref_rank=3; loc_level=exact_municipality_match; priority=medium; priority_reasons=top_3_with_evidence
18,塩ヶ森,summit-candidate:0c210f0edfbda06f,yamap_2022-02-11_08_26.gpx,塩ヶ森・番駄ヶ森・ケタ山・大磨山・鍵山（象ヶ森）,522.6766666666666,526,3.32,0.7875,1,1,0.153,true,true,medium,high,medium,accept_candidate_after_map_check,exact_municipality_match,東温市,,東温市,"東温市, 愛媛県, 791-0399, 日本",multiple_candidates_for_mountain|multiple_mountains_for_candidate|missing_csv_coordinate,top_1_but_ambiguous,clear_mutual_top1,mountain=塩ヶ森(#18); candidate=summit-candidate:0c210f0edfbda06f; ref_score=0.7875; ref_rank=1; loc_level=exact_municipality_match; priority=high; priority_reasons=top_1_but_ambiguous
18,塩ヶ森,summit-candidate:24dc6cf37ce4e715,yamap_2022-02-11_08_26.gpx,塩ヶ森・番駄ヶ森・ケタ山・大磨山・鍵山（象ヶ森）,646.4833333333332,526,120.48,0.6345,2,4,0,false,false,medium,high,high,resolve_conflict,exact_municipality_match,東温市,,東温市,"東温市, 愛媛県, 791-0211, 日本",multiple_candidates_for_mountain|multiple_mountains_for_candidate|weak_elevation_evidence|missing_csv_coordinate,top_candidate_for_multiple_mountains,shared_candidate,mountain=塩ヶ森(#18); candidate=summit-candidate:24dc6cf37ce4e715; ref_score=0.6345; ref_rank=2; loc_level=exact_municipality_match; priority=high; priority_reasons=top_candidate_for_multiple_mountains
18,塩ヶ森,summit-candidate:a637fbc518f58ac5,yamap_2022-02-11_08_26.gpx,塩ヶ森・番駄ヶ森・ケタ山・大磨山・鍵山（象ヶ森）,600.8033333333334,526,74.8,0.6345,3,3,0,false,true,medium,medium,low,low_priority,exact_municipality_match,東温市,,東温市,"南方, 東温市, 愛媛県, 791-0399, 日本",multiple_candidates_for_mountain|multiple_mountains_for_candidate|weak_elevation_evidence|missing_csv_coordinate,top_3_with_evidence,low_priority_alternative,mountain=塩ヶ森(#18); candidate=summit-candidate:a637fbc518f58ac5; ref_score=0.6345; ref_rank=3; loc_level=exact_municipality_match; priority=medium; priority_reasons=top_3_with_evidence
19,番駄ヶ森,summit-candidate:a637fbc518f58ac5,yamap_2022-02-11_08_26.gpx,塩ヶ森・番駄ヶ森・ケタ山・大磨山・鍵山（象ヶ森）,600.8033333333334,605,4.2,0.7875,1,1,0.102,true,true,medium,high,medium,accept_candidate_after_map_check,exact_municipality_match,東温市,,東温市,"南方, 東温市, 愛媛県, 791-0399, 日本",multiple_candidates_for_mountain|multiple_mountains_for_candidate|missing_csv_coordinate,top_1_but_ambiguous,clear_mutual_top1,mountain=番駄ヶ森(#19); candidate=summit-candidate:a637fbc518f58ac5; ref_score=0.7875; ref_rank=1; loc_level=exact_municipality_match; priority=high; priority_reasons=top_1_but_ambiguous
19,番駄ヶ森,summit-candidate:24dc6cf37ce4e715,yamap_2022-02-11_08_26.gpx,塩ヶ森・番駄ヶ森・ケタ山・大磨山・鍵山（象ヶ森）,646.4833333333332,605,41.48,0.6855,2,3,0,false,true,medium,high,high,resolve_conflict,exact_municipality_match,東温市,,東温市,"東温市, 愛媛県, 791-0211, 日本",multiple_candidates_for_mountain|multiple_mountains_for_candidate|missing_csv_coordinate,top_candidate_for_multiple_mountains,shared_candidate,mountain=番駄ヶ森(#19); candidate=summit-candidate:24dc6cf37ce4e715; ref_score=0.6855; ref_rank=2; loc_level=exact_municipality_match; priority=high; priority_reasons=top_candidate_for_multiple_mountains
19,番駄ヶ森,summit-candidate:d4dc6f2bbe1f994f,yamap_2022-02-11_08_26.gpx,塩ヶ森・番駄ヶ森・ケタ山・大磨山・鍵山（象ヶ森）,643.7166666666667,605,38.72,0.6855,3,3,0.051,false,true,medium,medium,low,low_priority,exact_municipality_match,東温市,,東温市,"東温市, 愛媛県, 791-0222, 日本",multiple_candidates_for_mountain|multiple_mountains_for_candidate|missing_csv_coordinate,top_3_with_evidence,low_priority_alternative,mountain=番駄ヶ森(#19); candidate=summit-candidate:d4dc6f2bbe1f994f; ref_score=0.6855; ref_rank=3; loc_level=exact_municipality_match; priority=medium; priority_reasons=top_3_with_evidence
20,ケタ山,summit-candidate:24dc6cf37ce4e715,yamap_2022-02-11_08_26.gpx,塩ヶ森・番駄ヶ森・ケタ山・大磨山・鍵山（象ヶ森）,646.4833333333332,659,12.52,0.7365,1,2,0,false,true,medium,high,high,resolve_conflict,exact_municipality_match,東温市,,東温市,"東温市, 愛媛県, 791-0211, 日本",multiple_candidates_for_mountain|multiple_mountains_for_candidate|missing_csv_coordinate,top_1_but_ambiguous|top_candidate_for_multiple_mountains,shared_candidate|not_mutual_top1,"mountain=ケタ山(#20); candidate=summit-candidate:24dc6cf37ce4e715; ref_score=0.7365; ref_rank=1; loc_level=exact_municipality_match; priority=high; priority_reasons=top_1_but_ambiguous,top_candidate_for_multiple_mountains"
20,ケタ山,summit-candidate:d4dc6f2bbe1f994f,yamap_2022-02-11_08_26.gpx,塩ヶ森・番駄ヶ森・ケタ山・大磨山・鍵山（象ヶ森）,643.7166666666667,659,15.28,0.7365,2,2,0.102,false,true,medium,medium,high,check_close_alternatives,exact_municipality_match,東温市,,東温市,"東温市, 愛媛県, 791-0222, 日本",multiple_candidates_for_mountain|multiple_mountains_for_candidate|missing_csv_coordinate,top_3_with_evidence,small_score_gap,mountain=ケタ山(#20); candidate=summit-candidate:d4dc6f2bbe1f994f; ref_score=0.7365; ref_rank=2; loc_level=exact_municipality_match; priority=medium; priority_reasons=top_3_with_evidence
20,ケタ山,summit-candidate:0c210f0edfbda06f,yamap_2022-02-11_08_26.gpx,塩ヶ森・番駄ヶ森・ケタ山・大磨山・鍵山（象ヶ森）,522.6766666666666,659,136.32,0.6345,3,3,0,false,true,medium,medium,low,low_priority,exact_municipality_match,東温市,,東温市,"東温市, 愛媛県, 791-0399, 日本",multiple_candidates_for_mountain|multiple_mountains_for_candidate|weak_elevation_evidence|missing_csv_coordinate,top_3_with_evidence,low_priority_alternative,mountain=ケタ山(#20); candidate=summit-candidate:0c210f0edfbda06f; ref_score=0.6345; ref_rank=3; loc_level=exact_municipality_match; priority=medium; priority_reasons=top_3_with_evidence
21,大磨山,summit-candidate:24dc6cf37ce4e715,yamap_2022-02-11_08_26.gpx,塩ヶ森・番駄ヶ森・ケタ山・大磨山・鍵山（象ヶ森）,646.4833333333332,648,1.52,0.7875,1,1,0,true,true,medium,high,high,resolve_conflict,exact_municipality_match,東温市,,東温市,"東温市, 愛媛県, 791-0211, 日本",multiple_candidates_for_mountain|multiple_mountains_for_candidate|missing_csv_coordinate,top_1_but_ambiguous|top_candidate_for_multiple_mountains,shared_candidate,"mountain=大磨山(#21); candidate=summit-candidate:24dc6cf37ce4e715; ref_score=0.7875; ref_rank=1; loc_level=exact_municipality_match; priority=high; priority_reasons=top_1_but_ambiguous,top_candidate_for_multiple_mountains"
21,大磨山,summit-candidate:d4dc6f2bbe1f994f,yamap_2022-02-11_08_26.gpx,塩ヶ森・番駄ヶ森・ケタ山・大磨山・鍵山（象ヶ森）,643.7166666666667,648,4.28,0.7875,2,1,0.102,false,true,medium,medium,high,check_close_alternatives,exact_municipality_match,東温市,,東温市,"東温市, 愛媛県, 791-0222, 日本",multiple_candidates_for_mountain|multiple_mountains_for_candidate|missing_csv_coordinate,top_3_with_evidence,small_score_gap,mountain=大磨山(#21); candidate=summit-candidate:d4dc6f2bbe1f994f; ref_score=0.7875; ref_rank=2; loc_level=exact_municipality_match; priority=medium; priority_reasons=top_3_with_evidence
21,大磨山,summit-candidate:a637fbc518f58ac5,yamap_2022-02-11_08_26.gpx,塩ヶ森・番駄ヶ森・ケタ山・大磨山・鍵山（象ヶ森）,600.8033333333334,648,47.2,0.6855,3,2,0.051,false,true,medium,medium,low,low_priority,exact_municipality_match,東温市,,東温市,"南方, 東温市, 愛媛県, 791-0399, 日本",multiple_candidates_for_mountain|multiple_mountains_for_candidate|missing_csv_coordinate,top_3_with_evidence,low_priority_alternative,mountain=大磨山(#21); candidate=summit-candidate:a637fbc518f58ac5; ref_score=0.6855; ref_rank=3; loc_level=exact_municipality_match; priority=medium; priority_reasons=top_3_with_evidence
22,鍵山（象ヶ森）,summit-candidate:c2491268ea5645b7,yamap_2022-02-11_08_26.gpx,塩ヶ森・番駄ヶ森・ケタ山・大磨山・鍵山（象ヶ森）,801.5633333333334,804,2.44,0.7875,1,1,0.153,true,true,medium,high,medium,accept_candidate_after_map_check,exact_municipality_match,東温市,,東温市,"東温市, 愛媛県, 日本",multiple_candidates_for_mountain|multiple_mountains_for_candidate|missing_csv_coordinate,top_1_but_ambiguous,clear_mutual_top1,mountain=鍵山（象ヶ森）(#22); candidate=summit-candidate:c2491268ea5645b7; ref_score=0.7875; ref_rank=1; loc_level=exact_municipality_match; priority=high; priority_reasons=top_1_but_ambiguous
22,鍵山（象ヶ森）,summit-candidate:0c210f0edfbda06f,yamap_2022-02-11_08_26.gpx,塩ヶ森・番駄ヶ森・ケタ山・大磨山・鍵山（象ヶ森）,522.6766666666666,804,281.32,0.6345,2,5,0,false,false,medium,medium,low,low_priority,exact_municipality_match,東温市,,東温市,"東温市, 愛媛県, 791-0399, 日本",multiple_candidates_for_mountain|multiple_mountains_for_candidate|weak_elevation_evidence|missing_csv_coordinate,top_3_with_evidence,low_priority_alternative,mountain=鍵山（象ヶ森）(#22); candidate=summit-candidate:0c210f0edfbda06f; ref_score=0.6345; ref_rank=2; loc_level=exact_municipality_match; priority=medium; priority_reasons=top_3_with_evidence
22,鍵山（象ヶ森）,summit-candidate:24dc6cf37ce4e715,yamap_2022-02-11_08_26.gpx,塩ヶ森・番駄ヶ森・ケタ山・大磨山・鍵山（象ヶ森）,646.4833333333332,804,157.52,0.6345,3,5,0,false,false,medium,high,high,resolve_conflict,exact_municipality_match,東温市,,東温市,"東温市, 愛媛県, 791-0211, 日本",multiple_candidates_for_mountain|multiple_mountains_for_candidate|weak_elevation_evidence|missing_csv_coordinate,top_candidate_for_multiple_mountains,shared_candidate,mountain=鍵山（象ヶ森）(#22); candidate=summit-candidate:24dc6cf37ce4e715; ref_score=0.6345; ref_rank=3; loc_level=exact_municipality_match; priority=high; priority_reasons=top_candidate_for_multiple_mountains
23,天神山,summit-candidate:543b4550a3ef3e87,yamap_2022-02-15_10_36.gpx,天神山・御幸寺山,195.11333333333334,200,4.89,0.7875,1,1,0.051,true,true,medium,high,medium,accept_candidate_after_map_check,exact_municipality_match,松山市,,松山市,"祝谷六丁目, 祝谷西町, 松山市, 愛媛県, 790-0833, 日本",multiple_candidates_for_mountain|multiple_mountains_for_candidate|missing_csv_coordinate,top_1_but_ambiguous,clear_mutual_top1,mountain=天神山(#23); candidate=summit-candidate:543b4550a3ef3e87; ref_score=0.7875; ref_rank=1; loc_level=exact_municipality_match; priority=high; priority_reasons=top_1_but_ambiguous
23,天神山,summit-candidate:5aff666aa93b3a17,yamap_2022-03-20_07_06.gpx,大久保山・八里ヶ峠・中坂山・天神山・室岡山・潮見山,181.12,200,18.88,0.7365,2,3,0,false,true,medium,high,high,resolve_conflict,exact_municipality_match,松山市,,松山市,"平田町, 松山市, 愛媛県, 791-8004, 日本",multiple_candidates_for_mountain|multiple_mountains_for_candidate|missing_csv_coordinate,top_candidate_for_multiple_mountains,shared_candidate,mountain=天神山(#23); candidate=summit-candidate:5aff666aa93b3a17; ref_score=0.7365; ref_rank=2; loc_level=exact_municipality_match; priority=high; priority_reasons=top_candidate_for_multiple_mountains
23,天神山,summit-candidate:5e94c87cc5fcc87b,yamap_2022-03-20_07_06.gpx,大久保山・八里ヶ峠・中坂山・天神山・室岡山・潮見山,173.09,200,26.91,0.7365,3,3,0.051,false,true,medium,medium,low,low_priority,exact_municipality_match,松山市,,松山市,"吉藤五丁目, 松山市, 愛媛県, 791-8004, 日本",multiple_candidates_for_mountain|multiple_mountains_for_candidate|missing_csv_coordinate,top_3_with_evidence,low_priority_alternative,mountain=天神山(#23); candidate=summit-candidate:5e94c87cc5fcc87b; ref_score=0.7365; ref_rank=3; loc_level=exact_municipality_match; priority=medium; priority_reasons=top_3_with_evidence
24,御幸寺山,summit-candidate:e4808690532bb46c,yamap_2022-02-15_10_36.gpx,天神山・御幸寺山,158.70333333333335,165,6.3,0.7875,1,1,0.102,true,true,medium,high,medium,accept_candidate_after_map_check,exact_municipality_match,松山市,,松山市,"祝谷三丁目, 道後北代, 松山市, 愛媛県, 790-0833, 日本",multiple_candidates_for_mountain|multiple_mountains_for_candidate|missing_csv_coordinate,top_1_but_ambiguous,clear_mutual_top1,mountain=御幸寺山(#24); candidate=summit-candidate:e4808690532bb46c; ref_score=0.7875; ref_rank=1; loc_level=exact_municipality_match; priority=high; priority_reasons=top_1_but_ambiguous
24,御幸寺山,summit-candidate:543b4550a3ef3e87,yamap_2022-02-15_10_36.gpx,天神山・御幸寺山,195.11333333333334,165,30.11,0.6855,2,2,0.1955,false,true,medium,medium,low,low_priority,exact_municipality_match,松山市,,松山市,"祝谷六丁目, 祝谷西町, 松山市, 愛媛県, 790-0833, 日本",multiple_candidates_for_mountain|multiple_mountains_for_candidate|missing_csv_coordinate,top_3_with_evidence,low_priority_alternative,mountain=御幸寺山(#24); candidate=summit-candidate:543b4550a3ef3e87; ref_score=0.6855; ref_rank=2; loc_level=exact_municipality_match; priority=medium; priority_reasons=top_3_with_evidence
24,御幸寺山,summit-candidate:084fa7c9e55252dc,yamap_2026-03-11_10_35.gpx,野津子山・軽ノ山,165.84333333333333,165,0.84,0.49,3,4,0,false,false,low,high,high,resolve_conflict,exact_municipality_match,松山市,,松山市,"祝谷六丁目, 祝谷西町, 松山市, 愛媛県, 790-0833, 日本",multiple_candidates_for_mountain|multiple_mountains_for_candidate|weak_name_evidence|missing_csv_coordinate,top_candidate_for_multiple_mountains,shared_candidate,mountain=御幸寺山(#24); candidate=summit-candidate:084fa7c9e55252dc; ref_score=0.49; ref_rank=3; loc_level=exact_municipality_match; priority=high; priority_reasons=top_candidate_for_multiple_mountains
25,愛宕山,summit-candidate:d9391b001d4bc442,yamap_2022-02-16_11_57.gpx,愛宕山・常光寺山,120.82333333333334,115,5.82,0.7875,1,1,0.051,true,true,medium,high,high,resolve_conflict,exact_municipality_match,松山市,,松山市,"弘法大師像, 国道317号, 石手一丁目, 新石手, 松山市, 愛媛県, 790-0852, 日本",multiple_candidates_for_mountain|multiple_mountains_for_candidate|missing_csv_coordinate,top_1_but_ambiguous|top_candidate_for_multiple_mountains,shared_candidate,"mountain=愛宕山(#25); candidate=summit-candidate:d9391b001d4bc442; ref_score=0.7875; ref_rank=1; loc_level=exact_municipality_match; priority=high; priority_reasons=top_1_but_ambiguous,top_candidate_for_multiple_mountains"
25,愛宕山,summit-candidate:22b4a5a5c856bf4d,yamap_2022-02-16_11_57.gpx,愛宕山・常光寺山,104.27999999999999,115,10.72,0.7365,2,1,0.2465,false,true,medium,medium,low,low_priority,exact_municipality_match,松山市,,松山市,"石手二丁目, 新石手, 松山市, 愛媛県, 790-0852, 日本",multiple_candidates_for_mountain|multiple_mountains_for_candidate|missing_csv_coordinate,top_3_with_evidence,low_priority_alternative,mountain=愛宕山(#25); candidate=summit-candidate:22b4a5a5c856bf4d; ref_score=0.7365; ref_rank=2; loc_level=exact_municipality_match; priority=medium; priority_reasons=top_3_with_evidence
25,愛宕山,summit-candidate:45f49d8fd831427c,yamap_2023-01-06_11_33.gpx,岩子山・垣生山・津田山・弁天山,110.77666666666669,115,4.22,0.49,3,8,0,false,false,low,high,high,resolve_conflict,exact_municipality_match,松山市,,松山市,"垣生山公園登山道, 高岡町, 松山市, 愛媛県, 791-8036, 日本",multiple_candidates_for_mountain|multiple_mountains_for_candidate|weak_name_evidence|missing_csv_coordinate,top_candidate_for_multiple_mountains,shared_candidate,mountain=愛宕山(#25); candidate=summit-candidate:45f49d8fd831427c; ref_score=0.49; ref_rank=3; loc_level=exact_municipality_match; priority=high; priority_reasons=top_candidate_for_multiple_mountains
26,常光寺山,summit-candidate:d9391b001d4bc442,yamap_2022-02-16_11_57.gpx,愛宕山・常光寺山,120.82333333333334,124,3.18,0.7875,1,2,0.051,false,true,medium,high,high,resolve_conflict,exact_municipality_match,松山市,,松山市,"弘法大師像, 国道317号, 石手一丁目, 新石手, 松山市, 愛媛県, 790-0852, 日本",multiple_candidates_for_mountain|multiple_mountains_for_candidate|missing_csv_coordinate,top_1_but_ambiguous|top_candidate_for_multiple_mountains,shared_candidate|not_mutual_top1,"mountain=常光寺山(#26); candidate=summit-candidate:d9391b001d4bc442; ref_score=0.7875; ref_rank=1; loc_level=exact_municipality_match; priority=high; priority_reasons=top_1_but_ambiguous,top_candidate_for_multiple_mountains"
26,常光寺山,summit-candidate:22b4a5a5c856bf4d,yamap_2022-02-16_11_57.gpx,愛宕山・常光寺山,104.27999999999999,124,19.72,0.7365,2,2,0.2465,false,true,medium,medium,low,low_priority,exact_municipality_match,松山市,,松山市,"石手二丁目, 新石手, 松山市, 愛媛県, 790-0852, 日本",multiple_candidates_for_mountain|multiple_mountains_for_candidate|missing_csv_coordinate,top_3_with_evidence,low_priority_alternative,mountain=常光寺山(#26); candidate=summit-candidate:22b4a5a5c856bf4d; ref_score=0.7365; ref_rank=2; loc_level=exact_municipality_match; priority=medium; priority_reasons=top_3_with_evidence
26,常光寺山,summit-candidate:8178723bbadb1c72,yamap_2023-01-06_11_33.gpx,岩子山・垣生山・津田山・弁天山,123.67,124,0.33,0.49,3,9,0,false,false,low,medium,low,low_priority,exact_municipality_match,松山市,,松山市,"別府町, 松山市, 愛媛県, 791-8057, 日本",multiple_candidates_for_mountain|multiple_mountains_for_candidate|weak_name_evidence|missing_csv_coordinate,top_3_with_evidence,low_priority_alternative,mountain=常光寺山(#26); candidate=summit-candidate:8178723bbadb1c72; ref_score=0.49; ref_rank=3; loc_level=exact_municipality_match; priority=medium; priority_reasons=top_3_with_evidence
27,杉立山,summit-candidate:17c3649ad9b147ce,yamap_2026-01-07_07_05.gpx,御在所山,665.1833333333333,669,3.82,0.3105,1,9,0,false,false,low,high,high,resolve_conflict,boundary_tolerated_mismatch,松山市,,,"大洲市, 愛媛県, 797-1507, 日本",multiple_candidates_for_mountain|multiple_mountains_for_candidate|weak_name_evidence|missing_csv_coordinate|location_mismatch_warning|activity_link_ambiguous,top_1_but_ambiguous|strong_evidence_with_mismatch|top_candidate_for_multiple_mountains,shared_candidate|not_mutual_top1,"mountain=杉立山(#27); candidate=summit-candidate:17c3649ad9b147ce; ref_score=0.3105; ref_rank=1; loc_level=boundary_tolerated_mismatch; priority=high; priority_reasons=top_1_but_ambiguous,strong_evidence_with_mismatch,top_candidate_for_multiple_mountains"
27,杉立山,summit-candidate:4a22801b12460992,yamap_2026-01-25_07_43.gpx,船ヶ迫岳・鎌倉山,676.61,669,7.61,0.3105,2,5,0,false,false,low,high,high,resolve_conflict,boundary_tolerated_mismatch,松山市,,,"内子町, 喜多郡, 愛媛県, 791-3331, 日本",multiple_candidates_for_mountain|multiple_mountains_for_candidate|weak_name_evidence|missing_csv_coordinate|location_mismatch_warning,strong_evidence_with_mismatch|top_candidate_for_multiple_mountains,shared_candidate,"mountain=杉立山(#27); candidate=summit-candidate:4a22801b12460992; ref_score=0.3105; ref_rank=2; loc_level=boundary_tolerated_mismatch; priority=high; priority_reasons=strong_evidence_with_mismatch,top_candidate_for_multiple_mountains"
27,杉立山,summit-candidate:a94564816fd4afff,yamap_2022-03-25_12_12.gpx,十門山(十門城址)・ヨソ山,676.7066666666667,669,7.71,0.3105,3,6,0,false,false,low,high,high,check_close_alternatives,boundary_tolerated_mismatch,松山市,,,"東温市, 愛媛県, 日本",multiple_candidates_for_mountain|multiple_mountains_for_candidate|weak_name_evidence|missing_csv_coordinate|location_mismatch_warning,strong_evidence_with_mismatch,small_score_gap,mountain=杉立山(#27); candidate=summit-candidate:a94564816fd4afff; ref_score=0.3105; ref_rank=3; loc_level=boundary_tolerated_mismatch; priority=high; priority_reasons=strong_evidence_with_mismatch
28,岩柄山,summit-candidate:7d7066baad9d7077,yamap_2022-03-03_10_47.gpx,奥之城山・ヌタノサコ,505.77666666666664,507,1.22,0.49,1,4,0.051,false,false,low,high,high,resolve_conflict,exact_municipality_match,松山市,,松山市,"湯山柳, 松山市, 愛媛県, 790-2648, 日本",multiple_candidates_for_mountain|multiple_mountains_for_candidate|weak_name_evidence|missing_csv_coordinate,top_1_but_ambiguous|top_candidate_for_multiple_mountains,shared_candidate|not_mutual_top1,"mountain=岩柄山(#28); candidate=summit-candidate:7d7066baad9d7077; ref_score=0.49; ref_rank=1; loc_level=exact_municipality_match; priority=high; priority_reasons=top_1_but_ambiguous,top_candidate_for_multiple_mountains"
28,岩柄山,summit-candidate:cb62a56e70cedbce,yamap_2022-01-15_08_17.gpx,関ヶ森・観音山・倉谷山・芝ヶ峠,495.64000000000004,507,11.36,0.439,2,6,0.1285,false,false,low,medium,low,low_priority,exact_municipality_match,松山市,,松山市,"平井町, 松山市, 愛媛県, 791-0243, 日本",multiple_candidates_for_mountain|multiple_mountains_for_candidate|weak_name_evidence|missing_csv_coordinate,top_3_with_evidence,low_priority_alternative,mountain=岩柄山(#28); candidate=summit-candidate:cb62a56e70cedbce; ref_score=0.439; ref_rank=2; loc_level=exact_municipality_match; priority=medium; priority_reasons=top_3_with_evidence
28,岩柄山,summit-candidate:32bb5e7e1071e808,yamap_2023-01-08_09_18.gpx,権現山,497.2277182534487,507,9.77,0.3105,3,18,0,false,false,low,high,high,check_location_warning,boundary_tolerated_mismatch,松山市,,,"平城高茂岬線, 中泊, 愛南町, 南宇和郡, 愛媛県, 798-4125, 日本",multiple_candidates_for_mountain|multiple_mountains_for_candidate|weak_name_evidence|missing_csv_coordinate|location_mismatch_warning|activity_link_ambiguous,strong_evidence_with_mismatch,location_mismatch_warning,mountain=岩柄山(#28); candidate=summit-candidate:32bb5e7e1071e808; ref_score=0.3105; ref_rank=3; loc_level=boundary_tolerated_mismatch; priority=high; priority_reasons=strong_evidence_with_mismatch
29,高山,summit-candidate:8ff6361109e5ed5c,yamap_2025-03-20_08_27.gpx,高山・大里山・泰ノ山,121.16666666666667,463,341.83,0.6345,1,1,0,true,true,medium,high,medium,accept_candidate_after_map_check,exact_municipality_match,松山市,,松山市,"小浜, 松山市, 愛媛県, 791-4599, 日本",multiple_candidates_for_mountain|multiple_mountains_for_candidate|weak_elevation_evidence|missing_csv_coordinate,top_1_but_ambiguous,clear_mutual_top1,mountain=高山(#29); candidate=summit-candidate:8ff6361109e5ed5c; ref_score=0.6345; ref_rank=1; loc_level=exact_municipality_match; priority=high; priority_reasons=top_1_but_ambiguous
29,高山,summit-candidate:98457196a66e294d,yamap_2025-03-20_08_27.gpx,高山・大里山・泰ノ山,282.75666666666666,463,180.24,0.6345,2,3,0,false,true,medium,medium,high,check_close_alternatives,exact_municipality_match,松山市,,松山市,"中島大浦, 松山市, 愛媛県, 791-4599, 日本",multiple_candidates_for_mountain|multiple_mountains_for_candidate|weak_elevation_evidence|missing_csv_coordinate,top_3_with_evidence,small_score_gap,mountain=高山(#29); candidate=summit-candidate:98457196a66e294d; ref_score=0.6345; ref_rank=2; loc_level=exact_municipality_match; priority=medium; priority_reasons=top_3_with_evidence
29,高山,summit-candidate:c9aa57cdeb1b49fa,yamap_2025-03-20_08_27.gpx,高山・大里山・泰ノ山,105.34333333333332,463,357.66,0.6345,3,1,0,false,true,medium,medium,high,check_close_alternatives,exact_municipality_match,松山市,,松山市,"中島大浦, 松山市, 愛媛県, 791-4599, 日本",multiple_candidates_for_mountain|multiple_mountains_for_candidate|weak_elevation_evidence|missing_csv_coordinate,top_3_with_evidence,small_score_gap,mountain=高山(#29); candidate=summit-candidate:c9aa57cdeb1b49fa; ref_score=0.6345; ref_rank=3; loc_level=exact_municipality_match; priority=medium; priority_reasons=top_3_with_evidence
30,勝岡山,summit-candidate:43911aa413390192,yamap_2022-06-29_08_48.gpx,横山(横山城址),449.0333333333333,453,3.97,0.49,1,2,0.051,false,true,low,high,high,resolve_conflict,exact_municipality_match,松山市,,松山市,"麓, 松山市, 愛媛県, 790-2648, 日本",multiple_candidates_for_mountain|multiple_mountains_for_candidate|weak_name_evidence|missing_csv_coordinate,top_1_but_ambiguous|top_candidate_for_multiple_mountains,shared_candidate|not_mutual_top1,"mountain=勝岡山(#30); candidate=summit-candidate:43911aa413390192; ref_score=0.49; ref_rank=1; loc_level=exact_municipality_match; priority=high; priority_reasons=top_1_but_ambiguous,top_candidate_for_multiple_mountains"
30,勝岡山,summit-candidate:7749b785ef007c1a,yamap_2025-01-11_08_43.gpx,尉之山・小山岳,430.1766666666667,453,22.82,0.439,2,5,0.1285,false,false,low,medium,low,low_priority,exact_municipality_match,松山市,,松山市,"松山市, 愛媛県, 791-1132, 日本",multiple_candidates_for_mountain|multiple_mountains_for_candidate|weak_name_evidence|missing_csv_coordinate|activity_link_ambiguous,top_3_with_evidence,low_priority_alternative,mountain=勝岡山(#30); candidate=summit-candidate:7749b785ef007c1a; ref_score=0.439; ref_rank=2; loc_level=exact_municipality_match; priority=medium; priority_reasons=top_3_with_evidence
30,勝岡山,summit-candidate:0eff3d1ea2b48d73,yamap_2022-02-06_08_26.gpx,谷上山・権現山・白滝山・障子山,456.90483803547824,453,3.9,0.3105,3,16,0,false,false,low,high,high,check_location_warning,boundary_tolerated_mismatch,松山市,,,"伊予市, 愛媛県, 799-3193, 日本",multiple_candidates_for_mountain|multiple_mountains_for_candidate|weak_name_evidence|missing_csv_coordinate|location_mismatch_warning,strong_evidence_with_mismatch,location_mismatch_warning,mountain=勝岡山(#30); candidate=summit-candidate:0eff3d1ea2b48d73; ref_score=0.3105; ref_rank=3; loc_level=boundary_tolerated_mismatch; priority=high; priority_reasons=strong_evidence_with_mismatch
31,西山,summit-candidate:bdfa250c89c1ca90,yamap_2022-02-23_08_42.gpx,西山・経ヶ森・岩子山・護摩ヶ森,168.98333333333335,172,3.02,0.7875,1,1,0.051,true,true,medium,high,high,resolve_conflict,exact_municipality_match,松山市,,松山市,"高浜トンネル, 高浜町一丁目, 新浜町, 松山市, 愛媛県, 791-8081, 日本",multiple_candidates_for_mountain|multiple_mountains_for_candidate|missing_csv_coordinate,top_1_but_ambiguous|top_candidate_for_multiple_mountains,shared_candidate,"mountain=西山(#31); candidate=summit-candidate:bdfa250c89c1ca90; ref_score=0.7875; ref_rank=1; loc_level=exact_municipality_match; priority=high; priority_reasons=top_1_but_ambiguous,top_candidate_for_multiple_mountains"
31,西山,summit-candidate:23c112538ef91e0d,yamap_2022-02-23_08_42.gpx,西山・経ヶ森・岩子山・護摩ヶ森,195.95000000000002,172,23.95,0.7365,2,2,0.2465,false,true,medium,high,high,resolve_conflict,exact_municipality_match,松山市,,松山市,"高浜トンネル, 高浜町一丁目, 新浜町, 松山市, 愛媛県, 791-8081, 日本",multiple_candidates_for_mountain|multiple_mountains_for_candidate|missing_csv_coordinate,top_candidate_for_multiple_mountains,shared_candidate,mountain=西山(#31); candidate=summit-candidate:23c112538ef91e0d; ref_score=0.7365; ref_rank=2; loc_level=exact_municipality_match; priority=high; priority_reasons=top_candidate_for_multiple_mountains
31,西山,summit-candidate:084fa7c9e55252dc,yamap_2026-03-11_10_35.gpx,野津子山・軽ノ山,165.84333333333333,172,6.16,0.49,3,5,0,false,false,low,high,high,resolve_conflict,exact_municipality_match,松山市,,松山市,"祝谷六丁目, 祝谷西町, 松山市, 愛媛県, 790-0833, 日本",multiple_candidates_for_mountain|multiple_mountains_for_candidate|weak_name_evidence|missing_csv_coordinate,top_candidate_for_multiple_mountains,shared_candidate,mountain=西山(#31); candidate=summit-candidate:084fa7c9e55252dc; ref_score=0.49; ref_rank=3; loc_level=exact_municipality_match; priority=high; priority_reasons=top_candidate_for_multiple_mountains
32,岩子山,summit-candidate:23c112538ef91e0d,yamap_2022-02-23_08_42.gpx,西山・経ヶ森・岩子山・護摩ヶ森,195.95000000000002,181,14.95,0.7365,1,3,0,false,true,medium,high,high,resolve_conflict,exact_municipality_match,松山市,,松山市,"高浜トンネル, 高浜町一丁目, 新浜町, 松山市, 愛媛県, 791-8081, 日本",multiple_candidates_for_mountain|multiple_mountains_for_candidate|missing_csv_coordinate,top_1_but_ambiguous|top_candidate_for_multiple_mountains,shared_candidate|not_mutual_top1,"mountain=岩子山(#32); candidate=summit-candidate:23c112538ef91e0d; ref_score=0.7365; ref_rank=1; loc_level=exact_municipality_match; priority=high; priority_reasons=top_1_but_ambiguous,top_candidate_for_multiple_mountains"
32,岩子山,summit-candidate:bdfa250c89c1ca90,yamap_2022-02-23_08_42.gpx,西山・経ヶ森・岩子山・護摩ヶ森,168.98333333333335,181,12.02,0.7365,2,3,0.102,false,true,medium,high,high,resolve_conflict,exact_municipality_match,松山市,,松山市,"高浜トンネル, 高浜町一丁目, 新浜町, 松山市, 愛媛県, 791-8081, 日本",multiple_candidates_for_mountain|multiple_mountains_for_candidate|missing_csv_coordinate,top_candidate_for_multiple_mountains,shared_candidate,mountain=岩子山(#32); candidate=summit-candidate:bdfa250c89c1ca90; ref_score=0.7365; ref_rank=2; loc_level=exact_municipality_match; priority=high; priority_reasons=top_candidate_for_multiple_mountains
32,岩子山,summit-candidate:45f49d8fd831427c,yamap_2023-01-06_11_33.gpx,岩子山・垣生山・津田山・弁天山,110.77666666666669,181,70.22,0.6345,3,5,0,false,false,medium,high,high,resolve_conflict,exact_municipality_match,松山市,,松山市,"垣生山公園登山道, 高岡町, 松山市, 愛媛県, 791-8036, 日本",multiple_candidates_for_mountain|multiple_mountains_for_candidate|weak_elevation_evidence|missing_csv_coordinate,top_candidate_for_multiple_mountains,shared_candidate,mountain=岩子山(#32); candidate=summit-candidate:45f49d8fd831427c; ref_score=0.6345; ref_rank=3; loc_level=exact_municipality_match; priority=high; priority_reasons=top_candidate_for_multiple_mountains
33,経ヶ森,summit-candidate:23c112538ef91e0d,yamap_2022-02-23_08_42.gpx,西山・経ヶ森・岩子山・護摩ヶ森,195.95000000000002,200,4.05,0.7875,1,1,0.102,true,true,medium,high,high,resolve_conflict,exact_municipality_match,松山市,,松山市,"高浜トンネル, 高浜町一丁目, 新浜町, 松山市, 愛媛県, 791-8081, 日本",multiple_candidates_for_mountain|multiple_mountains_for_candidate|missing_csv_coordinate,top_1_but_ambiguous|top_candidate_for_multiple_mountains,shared_candidate,"mountain=経ヶ森(#33); candidate=summit-candidate:23c112538ef91e0d; ref_score=0.7875; ref_rank=1; loc_level=exact_municipality_match; priority=high; priority_reasons=top_1_but_ambiguous,top_candidate_for_multiple_mountains"
33,経ヶ森,summit-candidate:bdfa250c89c1ca90,yamap_2022-02-23_08_42.gpx,西山・経ヶ森・岩子山・護摩ヶ森,168.98333333333335,200,31.02,0.6855,2,4,0.1955,false,false,medium,high,high,resolve_conflict,exact_municipality_match,松山市,,松山市,"高浜トンネル, 高浜町一丁目, 新浜町, 松山市, 愛媛県, 791-8081, 日本",multiple_candidates_for_mountain|multiple_mountains_for_candidate|missing_csv_coordinate,top_candidate_for_multiple_mountains,shared_candidate,mountain=経ヶ森(#33); candidate=summit-candidate:bdfa250c89c1ca90; ref_score=0.6855; ref_rank=2; loc_level=exact_municipality_match; priority=high; priority_reasons=top_candidate_for_multiple_mountains
33,経ヶ森,summit-candidate:36e3ac8003e8b5d0,yamap_2022-01-28_12_28.gpx,尾ノ峰・新城山・腰折山・恵良山,190.94333333333336,200,9.06,0.49,3,8,0,false,false,low,medium,low,low_priority,exact_municipality_match,松山市,,松山市,"大浦, 松山市, 愛媛県, 799-2401, 日本",multiple_candidates_for_mountain|multiple_mountains_for_candidate|weak_name_evidence|missing_csv_coordinate,top_3_with_evidence,low_priority_alternative,mountain=経ヶ森(#33); candidate=summit-candidate:36e3ac8003e8b5d0; ref_score=0.49; ref_rank=3; loc_level=exact_municipality_match; priority=medium; priority_reasons=top_3_with_evidence
34,護摩ヶ森,summit-candidate:bdfa250c89c1ca90,yamap_2022-02-23_08_42.gpx,西山・経ヶ森・岩子山・護摩ヶ森,168.98333333333335,170,1.02,0.7875,1,2,0.051,false,true,medium,high,high,resolve_conflict,exact_municipality_match,松山市,,松山市,"高浜トンネル, 高浜町一丁目, 新浜町, 松山市, 愛媛県, 791-8081, 日本",multiple_candidates_for_mountain|multiple_mountains_for_candidate|missing_csv_coordinate,top_1_but_ambiguous|top_candidate_for_multiple_mountains,shared_candidate|not_mutual_top1,"mountain=護摩ヶ森(#34); candidate=summit-candidate:bdfa250c89c1ca90; ref_score=0.7875; ref_rank=1; loc_level=exact_municipality_match; priority=high; priority_reasons=top_1_but_ambiguous,top_candidate_for_multiple_mountains"
34,護摩ヶ森,summit-candidate:23c112538ef91e0d,yamap_2022-02-23_08_42.gpx,西山・経ヶ森・岩子山・護摩ヶ森,195.95000000000002,170,25.95,0.7365,2,4,0.2465,false,false,medium,high,high,resolve_conflict,exact_municipality_match,松山市,,松山市,"高浜トンネル, 高浜町一丁目, 新浜町, 松山市, 愛媛県, 791-8081, 日本",multiple_candidates_for_mountain|multiple_mountains_for_candidate|missing_csv_coordinate,top_candidate_for_multiple_mountains,shared_candidate,mountain=護摩ヶ森(#34); candidate=summit-candidate:23c112538ef91e0d; ref_score=0.7365; ref_rank=2; loc_level=exact_municipality_match; priority=high; priority_reasons=top_candidate_for_multiple_mountains
34,護摩ヶ森,summit-candidate:084fa7c9e55252dc,yamap_2026-03-11_10_35.gpx,野津子山・軽ノ山,165.84333333333333,170,4.16,0.49,3,6,0,false,false,low,high,high,resolve_conflict,exact_municipality_match,松山市,,松山市,"祝谷六丁目, 祝谷西町, 松山市, 愛媛県, 790-0833, 日本",multiple_candidates_for_mountain|multiple_mountains_for_candidate|weak_name_evidence|missing_csv_coordinate,top_candidate_for_multiple_mountains,shared_candidate,mountain=護摩ヶ森(#34); candidate=summit-candidate:084fa7c9e55252dc; ref_score=0.49; ref_rank=3; loc_level=exact_municipality_match; priority=high; priority_reasons=top_candidate_for_multiple_mountains
35,御岳山,summit-candidate:54cf4155ab259d9d,yamap_2022-02-26_07_43.gpx,御岳山,430.59999999999997,438,7.4,0.7875,1,1,0.153,true,true,medium,high,high,resolve_conflict,exact_municipality_match,東温市,,東温市,"下林, 東温市, 愛媛県, 日本",multiple_candidates_for_mountain|multiple_mountains_for_candidate|missing_csv_coordinate|activity_link_ambiguous,top_1_but_ambiguous|top_candidate_for_multiple_mountains,shared_candidate,"mountain=御岳山(#35); candidate=summit-candidate:54cf4155ab259d9d; ref_score=0.7875; ref_rank=1; loc_level=exact_municipality_match; priority=high; priority_reasons=top_1_but_ambiguous,top_candidate_for_multiple_mountains"
35,御岳山,summit-candidate:80fb4ff56016a4dd,yamap_2022-02-26_07_43.gpx,御岳山,326.3533333333333,438,111.65,0.6345,2,1,0.176657,false,true,medium,medium,low,low_priority,exact_municipality_match,東温市,,東温市,"下林, 東温市, 愛媛県, 日本",multiple_candidates_for_mountain|multiple_mountains_for_candidate|weak_elevation_evidence|missing_csv_coordinate|activity_link_ambiguous,top_3_with_evidence,low_priority_alternative,mountain=御岳山(#35); candidate=summit-candidate:80fb4ff56016a4dd; ref_score=0.6345; ref_rank=2; loc_level=exact_municipality_match; priority=medium; priority_reasons=top_3_with_evidence
35,御岳山,summit-candidate:62d2811f5d1a9f29,yamap_2025-03-30_07_01.gpx,竜王山,459.07666666666665,438,21.08,0.457843,3,9,0.018843,false,false,low,high,low,low_priority,boundary_tolerated_mismatch,東温市,,,"肱川町予子林, 大洲市, 愛媛県, 797-1505, 日本",multiple_candidates_for_mountain|multiple_mountains_for_candidate|missing_csv_coordinate|location_mismatch_warning|activity_link_ambiguous,strong_evidence_with_mismatch,low_priority_alternative,mountain=御岳山(#35); candidate=summit-candidate:62d2811f5d1a9f29; ref_score=0.457843; ref_rank=3; loc_level=boundary_tolerated_mismatch; priority=high; priority_reasons=strong_evidence_with_mismatch
36,石槌山,summit-candidate:54cf4155ab259d9d,yamap_2022-02-26_07_43.gpx,御岳山,430.59999999999997,252,178.6,0.6345,1,2,0,false,true,medium,high,high,resolve_conflict,exact_municipality_match,東温市,,東温市,"下林, 東温市, 愛媛県, 日本",multiple_candidates_for_mountain|multiple_mountains_for_candidate|weak_elevation_evidence|missing_csv_coordinate|activity_link_ambiguous,top_1_but_ambiguous|top_candidate_for_multiple_mountains,shared_candidate|not_mutual_top1,"mountain=石槌山(#36); candidate=summit-candidate:54cf4155ab259d9d; ref_score=0.6345; ref_rank=1; loc_level=exact_municipality_match; priority=high; priority_reasons=top_1_but_ambiguous,top_candidate_for_multiple_mountains"
36,石槌山,summit-candidate:80fb4ff56016a4dd,yamap_2022-02-26_07_43.gpx,御岳山,326.3533333333333,252,74.35,0.6345,2,2,0.324,false,true,medium,medium,high,check_close_alternatives,exact_municipality_match,東温市,,東温市,"下林, 東温市, 愛媛県, 日本",multiple_candidates_for_mountain|multiple_mountains_for_candidate|weak_elevation_evidence|missing_csv_coordinate|activity_link_ambiguous,top_3_with_evidence,small_score_gap,mountain=石槌山(#36); candidate=summit-candidate:80fb4ff56016a4dd; ref_score=0.6345; ref_rank=2; loc_level=exact_municipality_match; priority=medium; priority_reasons=top_3_with_evidence
36,石槌山,summit-candidate:0cc40babcd0ce6bf,yamap_2025-01-30_06_55.gpx,弥八山,261.15000000000003,252,9.15,0.3105,3,10,0,false,false,low,high,high,check_location_warning,boundary_tolerated_mismatch,東温市,,,"川之江町長須, 四国中央市, 愛媛県, 799-0101, 日本",multiple_candidates_for_mountain|multiple_mountains_for_candidate|weak_name_evidence|missing_csv_coordinate|location_mismatch_warning|activity_link_ambiguous,strong_evidence_with_mismatch,location_mismatch_warning,mountain=石槌山(#36); candidate=summit-candidate:0cc40babcd0ce6bf; ref_score=0.3105; ref_rank=3; loc_level=boundary_tolerated_mismatch; priority=high; priority_reasons=strong_evidence_with_mismatch
37,日王山,summit-candidate:2011a6c909945d6f,yamap_2026-04-12_11_03.gpx,権現山,102.87,109,6.13,0.49,1,2,0,false,true,low,high,high,resolve_conflict,exact_municipality_match,松山市,,松山市,"弁天山トンネル, 北斎院町, 松山市, 愛媛県, 791-8031, 日本",multiple_candidates_for_mountain|multiple_mountains_for_candidate|weak_name_evidence|missing_csv_coordinate,top_1_but_ambiguous|top_candidate_for_multiple_mountains,shared_candidate|not_mutual_top1,"mountain=日王山(#37); candidate=summit-candidate:2011a6c909945d6f; ref_score=0.49; ref_rank=1; loc_level=exact_municipality_match; priority=high; priority_reasons=top_1_but_ambiguous,top_candidate_for_multiple_mountains"
37,日王山,summit-candidate:22b4a5a5c856bf4d,yamap_2022-02-16_11_57.gpx,愛宕山・常光寺山,104.27999999999999,109,4.72,0.49,2,3,0,false,true,low,medium,high,check_close_alternatives,exact_municipality_match,松山市,,松山市,"石手二丁目, 新石手, 松山市, 愛媛県, 790-0852, 日本",multiple_candidates_for_mountain|multiple_mountains_for_candidate|weak_name_evidence|missing_csv_coordinate,top_3_with_evidence,small_score_gap,mountain=日王山(#37); candidate=summit-candidate:22b4a5a5c856bf4d; ref_score=0.49; ref_rank=2; loc_level=exact_municipality_match; priority=medium; priority_reasons=top_3_with_evidence
37,日王山,summit-candidate:45f49d8fd831427c,yamap_2023-01-06_11_33.gpx,岩子山・垣生山・津田山・弁天山,110.77666666666669,109,1.78,0.49,3,9,0,false,false,low,high,high,resolve_conflict,exact_municipality_match,松山市,,松山市,"垣生山公園登山道, 高岡町, 松山市, 愛媛県, 791-8036, 日本",multiple_candidates_for_mountain|multiple_mountains_for_candidate|weak_name_evidence|missing_csv_coordinate,top_candidate_for_multiple_mountains,shared_candidate,mountain=日王山(#37); candidate=summit-candidate:45f49d8fd831427c; ref_score=0.49; ref_rank=3; loc_level=exact_municipality_match; priority=high; priority_reasons=top_candidate_for_multiple_mountains
38,重茂山,summit-candidate:fbd725fc8006e2c8,yamap_2022-02-28_13_13.gpx,花木山,50.49,291,240.51,0.6345,1,2,0.1445,false,true,medium,high,high,resolve_conflict,exact_municipality_match,今治市,,今治市,"大西町九王, 今治市, 愛媛県, 794-8511, 日本",multiple_candidates_for_mountain|multiple_mountains_for_candidate|weak_elevation_evidence|missing_csv_coordinate|activity_link_ambiguous,top_1_but_ambiguous|top_candidate_for_multiple_mountains,shared_candidate|not_mutual_top1,"mountain=重茂山(#38); candidate=summit-candidate:fbd725fc8006e2c8; ref_score=0.6345; ref_rank=1; loc_level=exact_municipality_match; priority=high; priority_reasons=top_1_but_ambiguous,top_candidate_for_multiple_mountains"
38,重茂山,summit-candidate:468c5bbccd8aba53,yamap_2024-01-27_13_31.gpx,宝股山,300.6033333333333,291,9.6,0.49,2,3,0,false,true,low,high,high,resolve_conflict,exact_municipality_match,今治市,,今治市,"伯方町叶浦, 寺山, 今治市, 愛媛県, 794-8511, 日本",multiple_candidates_for_mountain|multiple_mountains_for_candidate|weak_name_evidence|missing_csv_coordinate|activity_link_ambiguous,top_candidate_for_multiple_mountains,shared_candidate,mountain=重茂山(#38); candidate=summit-candidate:468c5bbccd8aba53; ref_score=0.49; ref_rank=2; loc_level=exact_municipality_match; priority=high; priority_reasons=top_candidate_for_multiple_mountains
38,重茂山,summit-candidate:bcc05b721653749f,yamap_2024-12-15_07_21.gpx,陣が森・岩が森・スクモ塚・高萩山・長者森,290.3833333333333,291,0.62,0.49,3,3,0.051,false,true,low,medium,low,low_priority,exact_municipality_match,今治市,,今治市,"菊間町高田, 今治市, 愛媛県, 794-8511, 日本",multiple_candidates_for_mountain|multiple_mountains_for_candidate|weak_name_evidence|missing_csv_coordinate,top_3_with_evidence,low_priority_alternative,mountain=重茂山(#38); candidate=summit-candidate:bcc05b721653749f; ref_score=0.49; ref_rank=3; loc_level=exact_municipality_match; priority=medium; priority_reasons=top_3_with_evidence
39,花木山,summit-candidate:fbd725fc8006e2c8,yamap_2022-02-28_13_13.gpx,花木山,50.49,53,2.51,0.7875,1,1,0.2975,true,true,medium,high,high,resolve_conflict,exact_municipality_match,今治市,,今治市,"大西町九王, 今治市, 愛媛県, 794-8511, 日本",multiple_candidates_for_mountain|multiple_mountains_for_candidate|missing_csv_coordinate|activity_link_ambiguous,top_1_but_ambiguous|top_candidate_for_multiple_mountains,shared_candidate,"mountain=花木山(#39); candidate=summit-candidate:fbd725fc8006e2c8; ref_score=0.7875; ref_rank=1; loc_level=exact_municipality_match; priority=high; priority_reasons=top_1_but_ambiguous,top_candidate_for_multiple_mountains"
39,花木山,summit-candidate:02d59cd1260af017,yamap_2024-01-27_10_11.gpx,御串山,62.803333333333335,53,9.8,0.49,2,4,0.1795,false,false,low,high,high,resolve_conflict,exact_municipality_match,今治市,,今治市,"今治大三島自転車道線, 大三島町明日, 新地, 今治市, 愛媛県, 794-8511, 日本",multiple_candidates_for_mountain|multiple_mountains_for_candidate|weak_name_evidence|missing_csv_coordinate|activity_link_ambiguous,top_candidate_for_multiple_mountains,shared_candidate,mountain=花木山(#39); candidate=summit-candidate:02d59cd1260af017; ref_score=0.49; ref_rank=2; loc_level=exact_municipality_match; priority=high; priority_reasons=top_candidate_for_multiple_mountains
39,花木山,summit-candidate:40d5b4863907057a,yamap_2022-02-09_10_01.gpx,佐田岬と伽藍山,50.463046185756546,53,2.54,0.3105,3,2,0,false,true,low,high,high,check_location_warning,boundary_tolerated_mismatch,今治市,,,"佐田岬三崎線, 伊方町, 西宇和郡, 愛媛県, 796-0822, 日本",multiple_candidates_for_mountain|multiple_mountains_for_candidate|weak_name_evidence|missing_csv_coordinate|location_mismatch_warning,strong_evidence_with_mismatch,location_mismatch_warning,mountain=花木山(#39); candidate=summit-candidate:40d5b4863907057a; ref_score=0.3105; ref_rank=3; loc_level=boundary_tolerated_mismatch; priority=high; priority_reasons=strong_evidence_with_mismatch
40,ヌタノサコ,summit-candidate:7d7066baad9d7077,yamap_2022-03-03_10_47.gpx,奥之城山・ヌタノサコ,505.77666666666664,514,8.22,0.7875,1,1,0.153,true,true,medium,high,high,resolve_conflict,exact_municipality_match,松山市,,松山市,"湯山柳, 松山市, 愛媛県, 790-2648, 日本",multiple_candidates_for_mountain|multiple_mountains_for_candidate|missing_csv_coordinate,top_1_but_ambiguous|top_candidate_for_multiple_mountains,shared_candidate,"mountain=ヌタノサコ(#40); candidate=summit-candidate:7d7066baad9d7077; ref_score=0.7875; ref_rank=1; loc_level=exact_municipality_match; priority=high; priority_reasons=top_1_but_ambiguous,top_candidate_for_multiple_mountains"
40,ヌタノサコ,summit-candidate:0ec3be2fa2295b82,yamap_2022-03-03_10_47.gpx,奥之城山・ヌタノサコ,388.2833333333333,514,125.72,0.6345,2,2,0,false,true,medium,medium,low,low_priority,exact_municipality_match,松山市,,松山市,"末町, 松山市, 愛媛県, 790-2648, 日本",multiple_candidates_for_mountain|multiple_mountains_for_candidate|weak_elevation_evidence|missing_csv_coordinate,top_3_with_evidence,low_priority_alternative,mountain=ヌタノサコ(#40); candidate=summit-candidate:0ec3be2fa2295b82; ref_score=0.6345; ref_rank=2; loc_level=exact_municipality_match; priority=medium; priority_reasons=top_3_with_evidence
40,ヌタノサコ,summit-candidate:ea33d870d4700a56,yamap_2022-03-03_10_47.gpx,奥之城山・ヌタノサコ,414.2866666666667,514,99.71,0.6345,3,2,0.1955,false,true,medium,medium,low,low_priority,exact_municipality_match,松山市,,松山市,"末町, 松山市, 愛媛県, 790-2648, 日本",multiple_candidates_for_mountain|multiple_mountains_for_candidate|weak_elevation_evidence|missing_csv_coordinate,top_3_with_evidence,low_priority_alternative,mountain=ヌタノサコ(#40); candidate=summit-candidate:ea33d870d4700a56; ref_score=0.6345; ref_rank=3; loc_level=exact_municipality_match; priority=medium; priority_reasons=top_3_with_evidence
41,城山,summit-candidate:c1f175d0616be696,yamap_2022-03-05_09_44.gpx,城山・水梨山・向山,589.8691282114027,592,2.13,0.7875,1,1,0.153,true,true,medium,high,medium,accept_candidate_after_map_check,exact_municipality_match,砥部町,,砥部町,"砥部町, 伊予郡, 愛媛県, 日本",multiple_candidates_for_mountain|multiple_mountains_for_candidate|missing_csv_coordinate,top_1_but_ambiguous,clear_mutual_top1,mountain=城山(#41); candidate=summit-candidate:c1f175d0616be696; ref_score=0.7875; ref_rank=1; loc_level=exact_municipality_match; priority=high; priority_reasons=top_1_but_ambiguous
41,城山,summit-candidate:07834c521328cc1d,yamap_2022-03-05_09_44.gpx,城山・水梨山・向山,707.7550916004999,592,115.76,0.6345,2,3,0,false,true,medium,medium,low,low_priority,exact_municipality_match,砥部町,,砥部町,"砥部町, 伊予郡, 愛媛県, 日本",multiple_candidates_for_mountain|multiple_mountains_for_candidate|weak_elevation_evidence|missing_csv_coordinate,top_3_with_evidence,low_priority_alternative,mountain=城山(#41); candidate=summit-candidate:07834c521328cc1d; ref_score=0.6345; ref_rank=2; loc_level=exact_municipality_match; priority=medium; priority_reasons=top_3_with_evidence
41,城山,summit-candidate:0a765b89058b256b,yamap_2022-03-05_09_44.gpx,城山・水梨山・向山,734.4240556679409,592,142.42,0.6345,3,2,0,false,true,medium,medium,low,low_priority,exact_municipality_match,砥部町,,砥部町,"玉谷, 砥部町, 伊予郡, 愛媛県, 日本",multiple_candidates_for_mountain|multiple_mountains_for_candidate|weak_elevation_evidence|missing_csv_coordinate,top_3_with_evidence,low_priority_alternative,mountain=城山(#41); candidate=summit-candidate:0a765b89058b256b; ref_score=0.6345; ref_rank=3; loc_level=exact_municipality_match; priority=medium; priority_reasons=top_3_with_evidence
42,水梨山,summit-candidate:0a765b89058b256b,yamap_2022-03-05_09_44.gpx,城山・水梨山・向山,734.4240556679409,729,5.42,0.7875,1,1,0.051,true,true,medium,high,medium,accept_candidate_after_map_check,exact_municipality_match,砥部町,,砥部町,"玉谷, 砥部町, 伊予郡, 愛媛県, 日本",multiple_candidates_for_mountain|multiple_mountains_for_candidate|missing_csv_coordinate,top_1_but_ambiguous,clear_mutual_top1,mountain=水梨山(#42); candidate=summit-candidate:0a765b89058b256b; ref_score=0.7875; ref_rank=1; loc_level=exact_municipality_match; priority=high; priority_reasons=top_1_but_ambiguous
42,水梨山,summit-candidate:07834c521328cc1d,yamap_2022-03-05_09_44.gpx,城山・水梨山・向山,707.7550916004999,729,21.24,0.7365,2,1,0.051,false,true,medium,medium,low,low_priority,exact_municipality_match,砥部町,,砥部町,"砥部町, 伊予郡, 愛媛県, 日本",multiple_candidates_for_mountain|multiple_mountains_for_candidate|missing_csv_coordinate,top_3_with_evidence,low_priority_alternative,mountain=水梨山(#42); candidate=summit-candidate:07834c521328cc1d; ref_score=0.7365; ref_rank=2; loc_level=exact_municipality_match; priority=medium; priority_reasons=top_3_with_evidence
42,水梨山,summit-candidate:cf1e11202c4f4280,yamap_2022-03-05_09_44.gpx,城山・水梨山・向山,694.2914342760145,729,34.71,0.6855,3,2,0.051,false,true,medium,medium,low,low_priority,exact_municipality_match,砥部町,,砥部町,"砥部町, 伊予郡, 愛媛県, 日本",multiple_candidates_for_mountain|multiple_mountains_for_candidate|missing_csv_coordinate,top_3_with_evidence,low_priority_alternative,mountain=水梨山(#42); candidate=summit-candidate:cf1e11202c4f4280; ref_score=0.6855; ref_rank=3; loc_level=exact_municipality_match; priority=medium; priority_reasons=top_3_with_evidence
43,向山,summit-candidate:07834c521328cc1d,yamap_2022-03-05_09_44.gpx,城山・水梨山・向山,707.7550916004999,683,24.76,0.7365,1,2,0,false,true,medium,high,high,resolve_conflict,exact_municipality_match,砥部町,,砥部町,"砥部町, 伊予郡, 愛媛県, 日本",multiple_candidates_for_mountain|multiple_mountains_for_candidate|missing_csv_coordinate,top_1_but_ambiguous,not_mutual_top1,mountain=向山(#43); candidate=summit-candidate:07834c521328cc1d; ref_score=0.7365; ref_rank=1; loc_level=exact_municipality_match; priority=high; priority_reasons=top_1_but_ambiguous
43,向山,summit-candidate:cf1e11202c4f4280,yamap_2022-03-05_09_44.gpx,城山・水梨山・向山,694.2914342760145,683,11.29,0.7365,2,1,0.102,false,true,medium,medium,high,check_close_alternatives,exact_municipality_match,砥部町,,砥部町,"砥部町, 伊予郡, 愛媛県, 日本",multiple_candidates_for_mountain|multiple_mountains_for_candidate|missing_csv_coordinate,top_3_with_evidence,small_score_gap,mountain=向山(#43); candidate=summit-candidate:cf1e11202c4f4280; ref_score=0.7365; ref_rank=2; loc_level=exact_municipality_match; priority=medium; priority_reasons=top_3_with_evidence
43,向山,summit-candidate:0a765b89058b256b,yamap_2022-03-05_09_44.gpx,城山・水梨山・向山,734.4240556679409,683,51.42,0.6345,3,3,0,false,true,medium,medium,low,low_priority,exact_municipality_match,砥部町,,砥部町,"玉谷, 砥部町, 伊予郡, 愛媛県, 日本",multiple_candidates_for_mountain|multiple_mountains_for_candidate|weak_elevation_evidence|missing_csv_coordinate,top_3_with_evidence,low_priority_alternative,mountain=向山(#43); candidate=summit-candidate:0a765b89058b256b; ref_score=0.6345; ref_rank=3; loc_level=exact_municipality_match; priority=medium; priority_reasons=top_3_with_evidence
44,稔山,summit-candidate:622b899de76208ef,yamap_2022-03-09_10_20.gpx,稔山,911.0766666666667,917,5.92,0.7875,1,1,0.102,true,true,medium,high,medium,accept_candidate_after_map_check,exact_municipality_match,東温市,,東温市,"東温市, 愛媛県, 日本",multiple_candidates_for_mountain|multiple_mountains_for_candidate|missing_csv_coordinate,top_1_but_ambiguous,clear_mutual_top1,mountain=稔山(#44); candidate=summit-candidate:622b899de76208ef; ref_score=0.7875; ref_rank=1; loc_level=exact_municipality_match; priority=high; priority_reasons=top_1_but_ambiguous
44,稔山,summit-candidate:d1269170b687c5bc,yamap_2022-03-09_10_20.gpx,稔山,873.4633333333333,917,43.54,0.6855,2,1,0.1955,false,true,medium,medium,low,low_priority,exact_municipality_match,東温市,,東温市,"東温市, 愛媛県, 日本",multiple_candidates_for_mountain|multiple_mountains_for_candidate|missing_csv_coordinate,top_3_with_evidence,low_priority_alternative,mountain=稔山(#44); candidate=summit-candidate:d1269170b687c5bc; ref_score=0.6855; ref_rank=2; loc_level=exact_municipality_match; priority=medium; priority_reasons=top_3_with_evidence
44,稔山,summit-candidate:555fd1e3be8780dd,yamap_2022-03-25_12_12.gpx,十門山(十門城址)・ヨソ山,923.8766666666667,917,6.88,0.49,3,3,0,false,true,low,medium,low,low_priority,exact_municipality_match,東温市,,東温市,"東温市, 愛媛県, 日本",multiple_candidates_for_mountain|multiple_mountains_for_candidate|weak_name_evidence|missing_csv_coordinate,top_3_with_evidence,low_priority_alternative,mountain=稔山(#44); candidate=summit-candidate:555fd1e3be8780dd; ref_score=0.49; ref_rank=3; loc_level=exact_municipality_match; priority=medium; priority_reasons=top_3_with_evidence
45,菊ヶ森,summit-candidate:ab8cf0f07d2a219d,yamap_2022-03-12_08_31.gpx,菊ヶ森,145.66,151,5.34,0.7875,1,1,0.153,true,true,medium,high,medium,accept_candidate_after_map_check,exact_municipality_match,松山市,,松山市,"松山市道 湯山50号線, 上高野町, 松山市, 愛媛県, 791-0101, 日本",multiple_candidates_for_mountain|multiple_mountains_for_candidate|missing_csv_coordinate|activity_link_ambiguous,top_1_but_ambiguous,clear_mutual_top1,mountain=菊ヶ森(#45); candidate=summit-candidate:ab8cf0f07d2a219d; ref_score=0.7875; ref_rank=1; loc_level=exact_municipality_match; priority=high; priority_reasons=top_1_but_ambiguous
45,菊ヶ森,summit-candidate:7c680b0eed0187fa,yamap_2022-03-12_09_19.gpx,道後山,221.10333333333332,151,70.1,0.6345,2,2,0.1445,false,true,medium,medium,low,low_priority,exact_municipality_match,松山市,,松山市,"石手一丁目, 常光寺町, 松山市, 愛媛県, 790-0838, 日本",multiple_candidates_for_mountain|multiple_mountains_for_candidate|weak_elevation_evidence|missing_csv_coordinate|activity_link_ambiguous,top_3_with_evidence,low_priority_alternative,mountain=菊ヶ森(#45); candidate=summit-candidate:7c680b0eed0187fa; ref_score=0.6345; ref_rank=2; loc_level=exact_municipality_match; priority=medium; priority_reasons=top_3_with_evidence
45,菊ヶ森,summit-candidate:3259dfe3d9ce60c5,yamap_2022-03-23_07_38.gpx,明神山・潮見山,152.25333333333333,151,1.25,0.49,3,5,0,false,false,low,high,high,resolve_conflict,exact_municipality_match,松山市,,松山市,"平井町, 松山市, 愛媛県, 791-0243, 日本",multiple_candidates_for_mountain|multiple_mountains_for_candidate|weak_name_evidence|missing_csv_coordinate,top_candidate_for_multiple_mountains,shared_candidate,mountain=菊ヶ森(#45); candidate=summit-candidate:3259dfe3d9ce60c5; ref_score=0.49; ref_rank=3; loc_level=exact_municipality_match; priority=high; priority_reasons=top_candidate_for_multiple_mountains
46,道後山,summit-candidate:7c680b0eed0187fa,yamap_2022-03-12_09_19.gpx,道後山,221.10333333333332,224,2.9,0.7875,1,1,0.153,true,true,medium,high,medium,accept_candidate_after_map_check,exact_municipality_match,松山市,,松山市,"石手一丁目, 常光寺町, 松山市, 愛媛県, 790-0838, 日本",multiple_candidates_for_mountain|multiple_mountains_for_candidate|missing_csv_coordinate|activity_link_ambiguous,top_1_but_ambiguous,clear_mutual_top1,mountain=道後山(#46); candidate=summit-candidate:7c680b0eed0187fa; ref_score=0.7875; ref_rank=1; loc_level=exact_municipality_match; priority=high; priority_reasons=top_1_but_ambiguous
46,道後山,summit-candidate:ab8cf0f07d2a219d,yamap_2022-03-12_08_31.gpx,菊ヶ森,145.66,224,78.34,0.6345,2,2,0.1445,false,true,medium,medium,low,low_priority,exact_municipality_match,松山市,,松山市,"松山市道 湯山50号線, 上高野町, 松山市, 愛媛県, 791-0101, 日本",multiple_candidates_for_mountain|multiple_mountains_for_candidate|weak_elevation_evidence|missing_csv_coordinate|activity_link_ambiguous,top_3_with_evidence,low_priority_alternative,mountain=道後山(#46); candidate=summit-candidate:ab8cf0f07d2a219d; ref_score=0.6345; ref_rank=2; loc_level=exact_municipality_match; priority=medium; priority_reasons=top_3_with_evidence
46,道後山,summit-candidate:82d3009a6c1b2511,yamap_2022-10-03_14_57.gpx,雄甲山・雌甲山,218.9593458353185,224,5.04,0.49,3,4,0.051,false,false,low,high,high,resolve_conflict,exact_municipality_match,松山市,,松山市,"河野高山, 松山市, 愛媛県, 799-2436, 日本",multiple_candidates_for_mountain|multiple_mountains_for_candidate|weak_name_evidence|missing_csv_coordinate,top_candidate_for_multiple_mountains,shared_candidate,mountain=道後山(#46); candidate=summit-candidate:82d3009a6c1b2511; ref_score=0.49; ref_rank=3; loc_level=exact_municipality_match; priority=high; priority_reasons=top_candidate_for_multiple_mountains
47,倉谷山,summit-candidate:aba609f471e97e4a,yamap_2022-03-13_09_49.gpx,倉谷山・芝ヶ峠・淡路ヶ峠・宝ヶ峯,405.40333333333336,420,14.6,0.7365,1,1,0,true,true,medium,high,medium,accept_candidate_after_map_check,exact_municipality_match,松山市,,松山市,"松山市道 湯山75号線, 食場町, 松山市, 愛媛県, 791-0101, 日本",multiple_candidates_for_mountain|multiple_mountains_for_candidate|missing_csv_coordinate,top_1_but_ambiguous,clear_mutual_top1,mountain=倉谷山(#47); candidate=summit-candidate:aba609f471e97e4a; ref_score=0.7365; ref_rank=1; loc_level=exact_municipality_match; priority=high; priority_reasons=top_1_but_ambiguous
47,倉谷山,summit-candidate:feca346909b97b92,yamap_2022-01-15_08_17.gpx,関ヶ森・観音山・倉谷山・芝ヶ峠,402.01,420,17.99,0.7365,2,1,0.102,false,true,medium,medium,high,check_close_alternatives,exact_municipality_match,松山市,,松山市,"松山市道 湯山75号線, 食場町, 松山市, 愛媛県, 791-0101, 日本",multiple_candidates_for_mountain|multiple_mountains_for_candidate|missing_csv_coordinate,top_3_with_evidence,small_score_gap,mountain=倉谷山(#47); candidate=summit-candidate:feca346909b97b92; ref_score=0.7365; ref_rank=2; loc_level=exact_municipality_match; priority=medium; priority_reasons=top_3_with_evidence
47,倉谷山,summit-candidate:079ae30d76fb11c2,yamap_2022-03-13_09_49.gpx,倉谷山・芝ヶ峠・淡路ヶ峠・宝ヶ峯,280.85333333333335,420,139.15,0.6345,3,4,0,false,false,medium,high,high,resolve_conflict,exact_municipality_match,松山市,,松山市,"鷹子町, 松山市, 愛媛県, 791-0243, 日本",multiple_candidates_for_mountain|multiple_mountains_for_candidate|weak_elevation_evidence|missing_csv_coordinate,top_candidate_for_multiple_mountains,shared_candidate,mountain=倉谷山(#47); candidate=summit-candidate:079ae30d76fb11c2; ref_score=0.6345; ref_rank=3; loc_level=exact_municipality_match; priority=high; priority_reasons=top_candidate_for_multiple_mountains
48,芝ヶ峠,summit-candidate:079ae30d76fb11c2,yamap_2022-03-13_09_49.gpx,倉谷山・芝ヶ峠・淡路ヶ峠・宝ヶ峯,280.85333333333335,282,1.15,0.7875,1,1,0,true,true,medium,high,high,resolve_conflict,exact_municipality_match,松山市,,松山市,"鷹子町, 松山市, 愛媛県, 791-0243, 日本",multiple_candidates_for_mountain|multiple_mountains_for_candidate|missing_csv_coordinate,top_1_but_ambiguous|top_candidate_for_multiple_mountains,shared_candidate,"mountain=芝ヶ峠(#48); candidate=summit-candidate:079ae30d76fb11c2; ref_score=0.7875; ref_rank=1; loc_level=exact_municipality_match; priority=high; priority_reasons=top_1_but_ambiguous,top_candidate_for_multiple_mountains"
48,芝ヶ峠,summit-candidate:b9e78d4a587ceaa0,yamap_2022-03-13_09_49.gpx,倉谷山・芝ヶ峠・淡路ヶ峠・宝ヶ峯,278.7366666666667,282,3.26,0.7875,2,1,0,false,true,medium,medium,high,check_close_alternatives,exact_municipality_match,松山市,,松山市,"畑寺二丁目, 畑寺町, 松山市, 愛媛県, 790-0903, 日本",multiple_candidates_for_mountain|multiple_mountains_for_candidate|missing_csv_coordinate,top_3_with_evidence,small_score_gap,mountain=芝ヶ峠(#48); candidate=summit-candidate:b9e78d4a587ceaa0; ref_score=0.7875; ref_rank=2; loc_level=exact_municipality_match; priority=medium; priority_reasons=top_3_with_evidence
48,芝ヶ峠,summit-candidate:c284068144ec2cfd,yamap_2022-01-15_08_17.gpx,関ヶ森・観音山・倉谷山・芝ヶ峠,278.01,282,3.99,0.7875,3,1,0.153,false,true,medium,medium,high,check_close_alternatives,exact_municipality_match,松山市,,松山市,"鷹子町, 松山市, 愛媛県, 791-0243, 日本",multiple_candidates_for_mountain|multiple_mountains_for_candidate|missing_csv_coordinate,top_3_with_evidence,small_score_gap,mountain=芝ヶ峠(#48); candidate=summit-candidate:c284068144ec2cfd; ref_score=0.7875; ref_rank=3; loc_level=exact_municipality_match; priority=medium; priority_reasons=top_3_with_evidence
49,大久保山,summit-candidate:5aff666aa93b3a17,yamap_2022-03-20_07_06.gpx,大久保山・八里ヶ峠・中坂山・天神山・室岡山・潮見山,181.12,175,6.12,0.7875,1,1,0,true,true,medium,high,high,resolve_conflict,exact_municipality_match,松山市,,松山市,"平田町, 松山市, 愛媛県, 791-8004, 日本",multiple_candidates_for_mountain|multiple_mountains_for_candidate|missing_csv_coordinate,top_1_but_ambiguous|top_candidate_for_multiple_mountains,shared_candidate,"mountain=大久保山(#49); candidate=summit-candidate:5aff666aa93b3a17; ref_score=0.7875; ref_rank=1; loc_level=exact_municipality_match; priority=high; priority_reasons=top_1_but_ambiguous,top_candidate_for_multiple_mountains"
49,大久保山,summit-candidate:5e94c87cc5fcc87b,yamap_2022-03-20_07_06.gpx,大久保山・八里ヶ峠・中坂山・天神山・室岡山・潮見山,173.09,175,1.91,0.7875,2,1,0.153,false,true,medium,medium,high,check_close_alternatives,exact_municipality_match,松山市,,松山市,"吉藤五丁目, 松山市, 愛媛県, 791-8004, 日本",multiple_candidates_for_mountain|multiple_mountains_for_candidate|missing_csv_coordinate,top_3_with_evidence,small_score_gap,mountain=大久保山(#49); candidate=summit-candidate:5e94c87cc5fcc87b; ref_score=0.7875; ref_rank=2; loc_level=exact_municipality_match; priority=medium; priority_reasons=top_3_with_evidence
49,大久保山,summit-candidate:452c10a1db199870,yamap_2022-03-20_07_06.gpx,大久保山・八里ヶ峠・中坂山・天神山・室岡山・潮見山,76.83333333333333,175,98.17,0.6345,3,6,0,false,false,medium,high,high,resolve_conflict,exact_municipality_match,松山市,,松山市,"吉藤四丁目, 谷町, 松山市, 愛媛県, 791-8004, 日本",multiple_candidates_for_mountain|multiple_mountains_for_candidate|weak_elevation_evidence|missing_csv_coordinate,top_candidate_for_multiple_mountains,shared_candidate,mountain=大久保山(#49); candidate=summit-candidate:452c10a1db199870; ref_score=0.6345; ref_rank=3; loc_level=exact_municipality_match; priority=high; priority_reasons=top_candidate_for_multiple_mountains
50,八里ヶ峠,summit-candidate:5aff666aa93b3a17,yamap_2022-03-20_07_06.gpx,大久保山・八里ヶ峠・中坂山・天神山・室岡山・潮見山,181.12,182,0.88,0.7875,1,2,0,false,true,medium,high,high,resolve_conflict,exact_municipality_match,松山市,,松山市,"平田町, 松山市, 愛媛県, 791-8004, 日本",multiple_candidates_for_mountain|multiple_mountains_for_candidate|missing_csv_coordinate,top_1_but_ambiguous|top_candidate_for_multiple_mountains,shared_candidate|not_mutual_top1,"mountain=八里ヶ峠(#50); candidate=summit-candidate:5aff666aa93b3a17; ref_score=0.7875; ref_rank=1; loc_level=exact_municipality_match; priority=high; priority_reasons=top_1_but_ambiguous,top_candidate_for_multiple_mountains"
50,八里ヶ峠,summit-candidate:5e94c87cc5fcc87b,yamap_2022-03-20_07_06.gpx,大久保山・八里ヶ峠・中坂山・天神山・室岡山・潮見山,173.09,182,8.91,0.7875,2,2,0.153,false,true,medium,medium,high,check_close_alternatives,exact_municipality_match,松山市,,松山市,"吉藤五丁目, 松山市, 愛媛県, 791-8004, 日本",multiple_candidates_for_mountain|multiple_mountains_for_candidate|missing_csv_coordinate,top_3_with_evidence,small_score_gap,mountain=八里ヶ峠(#50); candidate=summit-candidate:5e94c87cc5fcc87b; ref_score=0.7875; ref_rank=2; loc_level=exact_municipality_match; priority=medium; priority_reasons=top_3_with_evidence
50,八里ヶ峠,summit-candidate:452c10a1db199870,yamap_2022-03-20_07_06.gpx,大久保山・八里ヶ峠・中坂山・天神山・室岡山・潮見山,76.83333333333333,182,105.17,0.6345,3,7,0,false,false,medium,high,high,resolve_conflict,exact_municipality_match,松山市,,松山市,"吉藤四丁目, 谷町, 松山市, 愛媛県, 791-8004, 日本",multiple_candidates_for_mountain|multiple_mountains_for_candidate|weak_elevation_evidence|missing_csv_coordinate,top_candidate_for_multiple_mountains,shared_candidate,mountain=八里ヶ峠(#50); candidate=summit-candidate:452c10a1db199870; ref_score=0.6345; ref_rank=3; loc_level=exact_municipality_match; priority=high; priority_reasons=top_candidate_for_multiple_mountains
51,中坂山,summit-candidate:452c10a1db199870,yamap_2022-03-20_07_06.gpx,大久保山・八里ヶ峠・中坂山・天神山・室岡山・潮見山,76.83333333333333,98,21.17,0.7365,1,1,0,true,true,medium,high,high,resolve_conflict,exact_municipality_match,松山市,,松山市,"吉藤四丁目, 谷町, 松山市, 愛媛県, 791-8004, 日本",multiple_candidates_for_mountain|multiple_mountains_for_candidate|missing_csv_coordinate,top_1_but_ambiguous|top_candidate_for_multiple_mountains,shared_candidate,"mountain=中坂山(#51); candidate=summit-candidate:452c10a1db199870; ref_score=0.7365; ref_rank=1; loc_level=exact_municipality_match; priority=high; priority_reasons=top_1_but_ambiguous,top_candidate_for_multiple_mountains"
51,中坂山,summit-candidate:c2c9094225d1da63,yamap_2022-03-20_07_06.gpx,大久保山・八里ヶ峠・中坂山・天神山・室岡山・潮見山,87.11000000000001,98,10.89,0.7365,2,1,0.102,false,true,medium,medium,high,check_close_alternatives,exact_municipality_match,松山市,,松山市,"谷町, 松山市, 愛媛県, 791-8004, 日本",multiple_candidates_for_mountain|multiple_mountains_for_candidate|missing_csv_coordinate,top_3_with_evidence,small_score_gap,mountain=中坂山(#51); candidate=summit-candidate:c2c9094225d1da63; ref_score=0.7365; ref_rank=2; loc_level=exact_municipality_match; priority=medium; priority_reasons=top_3_with_evidence
51,中坂山,summit-candidate:5aff666aa93b3a17,yamap_2022-03-20_07_06.gpx,大久保山・八里ヶ峠・中坂山・天神山・室岡山・潮見山,181.12,98,83.12,0.6345,3,5,0,false,false,medium,high,high,resolve_conflict,exact_municipality_match,松山市,,松山市,"平田町, 松山市, 愛媛県, 791-8004, 日本",multiple_candidates_for_mountain|multiple_mountains_for_candidate|weak_elevation_evidence|missing_csv_coordinate,top_candidate_for_multiple_mountains,shared_candidate,mountain=中坂山(#51); candidate=summit-candidate:5aff666aa93b3a17; ref_score=0.6345; ref_rank=3; loc_level=exact_municipality_match; priority=high; priority_reasons=top_candidate_for_multiple_mountains
52,天神山,summit-candidate:452c10a1db199870,yamap_2022-03-20_07_06.gpx,大久保山・八里ヶ峠・中坂山・天神山・室岡山・潮見山,76.83333333333333,47,29.83,0.7365,1,2,0.051,false,true,medium,high,high,resolve_conflict,exact_municipality_match,松山市,,松山市,"吉藤四丁目, 谷町, 松山市, 愛媛県, 791-8004, 日本",multiple_candidates_for_mountain|multiple_mountains_for_candidate|missing_csv_coordinate,top_1_but_ambiguous|top_candidate_for_multiple_mountains,shared_candidate|not_mutual_top1,"mountain=天神山(#52); candidate=summit-candidate:452c10a1db199870; ref_score=0.7365; ref_rank=1; loc_level=exact_municipality_match; priority=high; priority_reasons=top_1_but_ambiguous,top_candidate_for_multiple_mountains"
52,天神山,summit-candidate:c2c9094225d1da63,yamap_2022-03-20_07_06.gpx,大久保山・八里ヶ峠・中坂山・天神山・室岡山・潮見山,87.11000000000001,47,40.11,0.6855,2,2,0.051,false,true,medium,medium,low,low_priority,exact_municipality_match,松山市,,松山市,"谷町, 松山市, 愛媛県, 791-8004, 日本",multiple_candidates_for_mountain|multiple_mountains_for_candidate|missing_csv_coordinate,top_3_with_evidence,low_priority_alternative,mountain=天神山(#52); candidate=summit-candidate:c2c9094225d1da63; ref_score=0.6855; ref_rank=2; loc_level=exact_municipality_match; priority=medium; priority_reasons=top_3_with_evidence
52,天神山,summit-candidate:543b4550a3ef3e87,yamap_2022-02-15_10_36.gpx,天神山・御幸寺山,195.11333333333334,47,148.11,0.6345,3,3,0,false,true,medium,medium,low,low_priority,exact_municipality_match,松山市,,松山市,"祝谷六丁目, 祝谷西町, 松山市, 愛媛県, 790-0833, 日本",multiple_candidates_for_mountain|multiple_mountains_for_candidate|weak_elevation_evidence|missing_csv_coordinate,top_3_with_evidence,low_priority_alternative,mountain=天神山(#52); candidate=summit-candidate:543b4550a3ef3e87; ref_score=0.6345; ref_rank=3; loc_level=exact_municipality_match; priority=medium; priority_reasons=top_3_with_evidence
53,室岡山,summit-candidate:452c10a1db199870,yamap_2022-03-20_07_06.gpx,大久保山・八里ヶ峠・中坂山・天神山・室岡山・潮見山,76.83333333333333,42,34.83,0.6855,1,3,0,false,true,medium,high,high,resolve_conflict,exact_municipality_match,松山市,,松山市,"吉藤四丁目, 谷町, 松山市, 愛媛県, 791-8004, 日本",multiple_candidates_for_mountain|multiple_mountains_for_candidate|missing_csv_coordinate,top_1_but_ambiguous|top_candidate_for_multiple_mountains,shared_candidate|not_mutual_top1,"mountain=室岡山(#53); candidate=summit-candidate:452c10a1db199870; ref_score=0.6855; ref_rank=1; loc_level=exact_municipality_match; priority=high; priority_reasons=top_1_but_ambiguous,top_candidate_for_multiple_mountains"
53,室岡山,summit-candidate:c2c9094225d1da63,yamap_2022-03-20_07_06.gpx,大久保山・八里ヶ峠・中坂山・天神山・室岡山・潮見山,87.11000000000001,42,45.11,0.6855,2,3,0.051,false,true,medium,medium,high,check_close_alternatives,exact_municipality_match,松山市,,松山市,"谷町, 松山市, 愛媛県, 791-8004, 日本",multiple_candidates_for_mountain|multiple_mountains_for_candidate|missing_csv_coordinate,top_3_with_evidence,small_score_gap,mountain=室岡山(#53); candidate=summit-candidate:c2c9094225d1da63; ref_score=0.6855; ref_rank=2; loc_level=exact_municipality_match; priority=medium; priority_reasons=top_3_with_evidence
53,室岡山,summit-candidate:5aff666aa93b3a17,yamap_2022-03-20_07_06.gpx,大久保山・八里ヶ峠・中坂山・天神山・室岡山・潮見山,181.12,42,139.12,0.6345,3,7,0,false,false,medium,high,high,resolve_conflict,exact_municipality_match,松山市,,松山市,"平田町, 松山市, 愛媛県, 791-8004, 日本",multiple_candidates_for_mountain|multiple_mountains_for_candidate|weak_elevation_evidence|missing_csv_coordinate,top_candidate_for_multiple_mountains,shared_candidate,mountain=室岡山(#53); candidate=summit-candidate:5aff666aa93b3a17; ref_score=0.6345; ref_rank=3; loc_level=exact_municipality_match; priority=high; priority_reasons=top_candidate_for_multiple_mountains
54,潮見山,summit-candidate:3259dfe3d9ce60c5,yamap_2022-03-23_07_38.gpx,明神山・潮見山,152.25333333333333,123,29.25,0.7365,1,2,0.051,false,true,medium,high,high,resolve_conflict,exact_municipality_match,松山市,,松山市,"平井町, 松山市, 愛媛県, 791-0243, 日本",multiple_candidates_for_mountain|multiple_mountains_for_candidate|missing_csv_coordinate,top_1_but_ambiguous|top_candidate_for_multiple_mountains,shared_candidate|not_mutual_top1,"mountain=潮見山(#54); candidate=summit-candidate:3259dfe3d9ce60c5; ref_score=0.7365; ref_rank=1; loc_level=exact_municipality_match; priority=high; priority_reasons=top_1_but_ambiguous,top_candidate_for_multiple_mountains"
54,潮見山,summit-candidate:452c10a1db199870,yamap_2022-03-20_07_06.gpx,大久保山・八里ヶ峠・中坂山・天神山・室岡山・潮見山,76.83333333333333,123,46.17,0.6855,2,4,0,false,false,medium,high,high,resolve_conflict,exact_municipality_match,松山市,,松山市,"吉藤四丁目, 谷町, 松山市, 愛媛県, 791-8004, 日本",multiple_candidates_for_mountain|multiple_mountains_for_candidate|missing_csv_coordinate,top_candidate_for_multiple_mountains,shared_candidate,mountain=潮見山(#54); candidate=summit-candidate:452c10a1db199870; ref_score=0.6855; ref_rank=2; loc_level=exact_municipality_match; priority=high; priority_reasons=top_candidate_for_multiple_mountains
54,潮見山,summit-candidate:c2c9094225d1da63,yamap_2022-03-20_07_06.gpx,大久保山・八里ヶ峠・中坂山・天神山・室岡山・潮見山,87.11000000000001,123,35.89,0.6855,3,4,0.051,false,false,medium,medium,low,low_priority,exact_municipality_match,松山市,,松山市,"谷町, 松山市, 愛媛県, 791-8004, 日本",multiple_candidates_for_mountain|multiple_mountains_for_candidate|missing_csv_coordinate,top_3_with_evidence,low_priority_alternative,mountain=潮見山(#54); candidate=summit-candidate:c2c9094225d1da63; ref_score=0.6855; ref_rank=3; loc_level=exact_municipality_match; priority=medium; priority_reasons=top_3_with_evidence
55,明神山,summit-candidate:3259dfe3d9ce60c5,yamap_2022-03-23_07_38.gpx,明神山・潮見山,152.25333333333333,161,8.75,0.7875,1,1,0.102,true,true,medium,high,high,resolve_conflict,exact_municipality_match,松山市,,松山市,"平井町, 松山市, 愛媛県, 791-0243, 日本",multiple_candidates_for_mountain|multiple_mountains_for_candidate|missing_csv_coordinate,top_1_but_ambiguous|top_candidate_for_multiple_mountains,shared_candidate,"mountain=明神山(#55); candidate=summit-candidate:3259dfe3d9ce60c5; ref_score=0.7875; ref_rank=1; loc_level=exact_municipality_match; priority=high; priority_reasons=top_1_but_ambiguous,top_candidate_for_multiple_mountains"
55,明神山,summit-candidate:45439217573adfc4,yamap_2022-03-23_07_38.gpx,明神山・潮見山,210.93999999999997,161,49.94,0.6855,2,2,0.1955,false,true,medium,medium,low,low_priority,exact_municipality_match,松山市,,松山市,"北梅本町, 松山市, 愛媛県, 791-0245, 日本",multiple_candidates_for_mountain|multiple_mountains_for_candidate|missing_csv_coordinate,top_3_with_evidence,low_priority_alternative,mountain=明神山(#55); candidate=summit-candidate:45439217573adfc4; ref_score=0.6855; ref_rank=2; loc_level=exact_municipality_match; priority=medium; priority_reasons=top_3_with_evidence
55,明神山,summit-candidate:084fa7c9e55252dc,yamap_2026-03-11_10_35.gpx,野津子山・軽ノ山,165.84333333333333,161,4.84,0.49,3,8,0,false,false,low,high,high,resolve_conflict,exact_municipality_match,松山市,,松山市,"祝谷六丁目, 祝谷西町, 松山市, 愛媛県, 790-0833, 日本",multiple_candidates_for_mountain|multiple_mountains_for_candidate|weak_name_evidence|missing_csv_coordinate,top_candidate_for_multiple_mountains,shared_candidate,mountain=明神山(#55); candidate=summit-candidate:084fa7c9e55252dc; ref_score=0.49; ref_rank=3; loc_level=exact_municipality_match; priority=high; priority_reasons=top_candidate_for_multiple_mountains
56,潮見山,summit-candidate:45439217573adfc4,yamap_2022-03-23_07_38.gpx,明神山・潮見山,210.93999999999997,214,3.06,0.7875,1,1,0.102,true,true,medium,high,medium,accept_candidate_after_map_check,exact_municipality_match,松山市,,松山市,"北梅本町, 松山市, 愛媛県, 791-0245, 日本",multiple_candidates_for_mountain|multiple_mountains_for_candidate|missing_csv_coordinate,top_1_but_ambiguous,clear_mutual_top1,mountain=潮見山(#56); candidate=summit-candidate:45439217573adfc4; ref_score=0.7875; ref_rank=1; loc_level=exact_municipality_match; priority=high; priority_reasons=top_1_but_ambiguous
56,潮見山,summit-candidate:5aff666aa93b3a17,yamap_2022-03-20_07_06.gpx,大久保山・八里ヶ峠・中坂山・天神山・室岡山・潮見山,181.12,214,32.88,0.6855,2,4,0,false,false,medium,high,high,resolve_conflict,exact_municipality_match,松山市,,松山市,"平田町, 松山市, 愛媛県, 791-8004, 日本",multiple_candidates_for_mountain|multiple_mountains_for_candidate|missing_csv_coordinate,top_candidate_for_multiple_mountains,shared_candidate,mountain=潮見山(#56); candidate=summit-candidate:5aff666aa93b3a17; ref_score=0.6855; ref_rank=2; loc_level=exact_municipality_match; priority=high; priority_reasons=top_candidate_for_multiple_mountains
56,潮見山,summit-candidate:5e94c87cc5fcc87b,yamap_2022-03-20_07_06.gpx,大久保山・八里ヶ峠・中坂山・天神山・室岡山・潮見山,173.09,214,40.91,0.6855,3,4,0.051,false,false,medium,medium,low,low_priority,exact_municipality_match,松山市,,松山市,"吉藤五丁目, 松山市, 愛媛県, 791-8004, 日本",multiple_candidates_for_mountain|multiple_mountains_for_candidate|missing_csv_coordinate,top_3_with_evidence,low_priority_alternative,mountain=潮見山(#56); candidate=summit-candidate:5e94c87cc5fcc87b; ref_score=0.6855; ref_rank=3; loc_level=exact_municipality_match; priority=medium; priority_reasons=top_3_with_evidence
57,十門山(十門城址),summit-candidate:a94564816fd4afff,yamap_2022-03-25_12_12.gpx,十門山(十門城址)・ヨソ山,676.7066666666667,683,6.29,0.7875,1,1,0.153,true,true,medium,high,medium,accept_candidate_after_map_check,exact_municipality_match,東温市,,東温市,"東温市, 愛媛県, 日本",multiple_candidates_for_mountain|multiple_mountains_for_candidate|missing_csv_coordinate,top_1_but_ambiguous,clear_mutual_top1,mountain=十門山(十門城址)(#57); candidate=summit-candidate:a94564816fd4afff; ref_score=0.7875; ref_rank=1; loc_level=exact_municipality_match; priority=high; priority_reasons=top_1_but_ambiguous
57,十門山(十門城址),summit-candidate:555fd1e3be8780dd,yamap_2022-03-25_12_12.gpx,十門山(十門城址)・ヨソ山,923.8766666666667,683,240.88,0.6345,2,1,0.324,false,true,medium,medium,low,low_priority,exact_municipality_match,東温市,,東温市,"東温市, 愛媛県, 日本",multiple_candidates_for_mountain|multiple_mountains_for_candidate|weak_elevation_evidence|missing_csv_coordinate,top_3_with_evidence,low_priority_alternative,mountain=十門山(十門城址)(#57); candidate=summit-candidate:555fd1e3be8780dd; ref_score=0.6345; ref_rank=2; loc_level=exact_municipality_match; priority=medium; priority_reasons=top_3_with_evidence
57,十門山(十門城址),summit-candidate:4a22801b12460992,yamap_2026-01-25_07_43.gpx,船ヶ迫岳・鎌倉山,676.61,683,6.39,0.3105,3,7,0,false,false,low,high,high,resolve_conflict,boundary_tolerated_mismatch,東温市,,,"内子町, 喜多郡, 愛媛県, 791-3331, 日本",multiple_candidates_for_mountain|multiple_mountains_for_candidate|weak_name_evidence|missing_csv_coordinate|location_mismatch_warning,strong_evidence_with_mismatch|top_candidate_for_multiple_mountains,shared_candidate,"mountain=十門山(十門城址)(#57); candidate=summit-candidate:4a22801b12460992; ref_score=0.3105; ref_rank=3; loc_level=boundary_tolerated_mismatch; priority=high; priority_reasons=strong_evidence_with_mismatch,top_candidate_for_multiple_mountains"
58,ヨソ山,summit-candidate:555fd1e3be8780dd,yamap_2022-03-25_12_12.gpx,十門山(十門城址)・ヨソ山,923.8766666666667,928,4.12,0.608,1,2,0,false,true,medium,high,high,resolve_conflict,boundary_tolerated_mismatch,西条市,,,"東温市, 愛媛県, 日本",multiple_candidates_for_mountain|multiple_mountains_for_candidate|missing_csv_coordinate|location_mismatch_warning,top_1_but_ambiguous|strong_evidence_with_mismatch,not_mutual_top1,"mountain=ヨソ山(#58); candidate=summit-candidate:555fd1e3be8780dd; ref_score=0.608; ref_rank=1; loc_level=boundary_tolerated_mismatch; priority=high; priority_reasons=top_1_but_ambiguous,strong_evidence_with_mismatch"
58,ヨソ山,summit-candidate:7c532ef1be71a4d1,yamap_2022-01-29_08_35.gpx,皿ヶ森・経座ヶ森・ヨソ山,924.7866666666665,928,3.21,0.608,2,3,0.153,false,true,medium,high,high,check_close_alternatives,boundary_tolerated_mismatch,西条市,,,"東温市, 愛媛県, 日本",multiple_candidates_for_mountain|multiple_mountains_for_candidate|missing_csv_coordinate|location_mismatch_warning,strong_evidence_with_mismatch,small_score_gap,mountain=ヨソ山(#58); candidate=summit-candidate:7c532ef1be71a4d1; ref_score=0.608; ref_rank=2; loc_level=boundary_tolerated_mismatch; priority=high; priority_reasons=strong_evidence_with_mismatch
58,ヨソ山,summit-candidate:59c561a08189d6b9,yamap_2022-01-29_08_35.gpx,皿ヶ森・経座ヶ森・ヨソ山,630.2399999999999,928,297.76,0.455,3,3,0,false,true,low,high,high,resolve_conflict,boundary_tolerated_mismatch,西条市,,,"松瀬川, 東温市, 愛媛県, 日本",multiple_candidates_for_mountain|multiple_mountains_for_candidate|weak_elevation_evidence|missing_csv_coordinate|location_mismatch_warning,strong_evidence_with_mismatch|top_candidate_for_multiple_mountains,shared_candidate,"mountain=ヨソ山(#58); candidate=summit-candidate:59c561a08189d6b9; ref_score=0.455; ref_rank=3; loc_level=boundary_tolerated_mismatch; priority=high; priority_reasons=strong_evidence_with_mismatch,top_candidate_for_multiple_mountains"
59,忽那山,summit-candidate:daa8d4127fc92552,yamap_2022-04-06_09_25.gpx,忽那山,42.296666666666674,45,2.7,0.7875,1,1,0.2975,true,true,medium,high,medium,accept_candidate_after_map_check,exact_municipality_match,松山市,,松山市,"忽那山登山道, 大可賀三丁目, 北吉田町, 松山市, 愛媛県, 791-8057, 日本",multiple_candidates_for_mountain|multiple_mountains_for_candidate|missing_csv_coordinate,top_1_but_ambiguous,clear_mutual_top1,mountain=忽那山(#59); candidate=summit-candidate:daa8d4127fc92552; ref_score=0.7875; ref_rank=1; loc_level=exact_municipality_match; priority=high; priority_reasons=top_1_but_ambiguous
59,忽那山,summit-candidate:5f001ac124f82ef6,yamap_2022-10-19_16_00.gpx,西港山・大丸山・港山,41.080000000000005,45,3.92,0.49,2,6,0,false,false,low,high,high,resolve_conflict,exact_municipality_match,松山市,,松山市,"三津一丁目, 港山町, 松山市, 愛媛県, 791-8061, 日本",multiple_candidates_for_mountain|multiple_mountains_for_candidate|weak_name_evidence|missing_csv_coordinate|timezone_sensitive_activity_link,top_candidate_for_multiple_mountains,shared_candidate,mountain=忽那山(#59); candidate=summit-candidate:5f001ac124f82ef6; ref_score=0.49; ref_rank=2; loc_level=exact_municipality_match; priority=high; priority_reasons=top_candidate_for_multiple_mountains
59,忽那山,summit-candidate:bf2b3499e08da2df,yamap_2022-10-19_16_00.gpx,西港山・大丸山・港山,47.879999999999995,45,2.88,0.49,3,6,0.051,false,false,low,medium,low,low_priority,exact_municipality_match,松山市,,松山市,"港山城跡　みなとやまじょうあと, 松山港線, 松ノ木一丁目, 梅津寺町, 松山市, 愛媛県, 791-8083, 日本",multiple_candidates_for_mountain|multiple_mountains_for_candidate|weak_name_evidence|missing_csv_coordinate|timezone_sensitive_activity_link,top_3_with_evidence,low_priority_alternative,mountain=忽那山(#59); candidate=summit-candidate:bf2b3499e08da2df; ref_score=0.49; ref_rank=3; loc_level=exact_municipality_match; priority=medium; priority_reasons=top_3_with_evidence
60,鬼ヶ城山,summit-candidate:7ceb76663c2bb81b,yamap_2022-04-08_09_33.gpx,鬼ヶ城山・大久保山・八面山・三本杭・横ノ森・小屋ヶ森・毛山,1155.4333072605007,1151,4.43,0.7875,1,1,0.051,true,true,medium,high,high,resolve_conflict,exact_municipality_match,宇和島市,,宇和島市,"野川, 宇和島市, 愛媛県, 798-8601, 日本",multiple_candidates_for_mountain|multiple_mountains_for_candidate|missing_csv_coordinate,top_1_but_ambiguous|top_candidate_for_multiple_mountains,shared_candidate,"mountain=鬼ヶ城山(#60); candidate=summit-candidate:7ceb76663c2bb81b; ref_score=0.7875; ref_rank=1; loc_level=exact_municipality_match; priority=high; priority_reasons=top_1_but_ambiguous,top_candidate_for_multiple_mountains"
60,鬼ヶ城山,summit-candidate:27c1036d4aa2230e,yamap_2022-04-08_09_33.gpx,鬼ヶ城山・大久保山・八面山・三本杭・横ノ森・小屋ヶ森・毛山,1167.5519282683324,1151,16.55,0.7365,2,2,0,false,true,medium,medium,low,low_priority,exact_municipality_match,宇和島市,,宇和島市,"宇和島市, 愛媛県, 798-8601, 日本",multiple_candidates_for_mountain|multiple_mountains_for_candidate|missing_csv_coordinate,top_3_with_evidence,low_priority_alternative,mountain=鬼ヶ城山(#60); candidate=summit-candidate:27c1036d4aa2230e; ref_score=0.7365; ref_rank=2; loc_level=exact_municipality_match; priority=medium; priority_reasons=top_3_with_evidence
60,鬼ヶ城山,summit-candidate:91ebf1d99654d5b2,yamap_2022-04-08_09_33.gpx,鬼ヶ城山・大久保山・八面山・三本杭・横ノ森・小屋ヶ森・毛山,1162.2731411431716,1151,11.27,0.7365,3,3,0.102,false,true,medium,medium,low,low_priority,exact_municipality_match,宇和島市,,宇和島市,"宇和島市, 愛媛県, 798-8601, 日本",multiple_candidates_for_mountain|multiple_mountains_for_candidate|missing_csv_coordinate,top_3_with_evidence,low_priority_alternative,mountain=鬼ヶ城山(#60); candidate=summit-candidate:91ebf1d99654d5b2; ref_score=0.7365; ref_rank=3; loc_level=exact_municipality_match; priority=medium; priority_reasons=top_3_with_evidence
61,三本杭,summit-candidate:babbcdf7bbd23463,yamap_2022-04-08_09_33.gpx,鬼ヶ城山・大久保山・八面山・三本杭・横ノ森・小屋ヶ森・毛山,1222.4936499541386,1226,3.51,0.7875,1,1,0.153,true,true,medium,high,medium,accept_candidate_after_map_check,exact_municipality_match,宇和島市,,宇和島市,"宇和島市, 愛媛県, 798-8601, 日本",multiple_candidates_for_mountain|multiple_mountains_for_candidate|missing_csv_coordinate,top_1_but_ambiguous,clear_mutual_top1,mountain=三本杭(#61); candidate=summit-candidate:babbcdf7bbd23463; ref_score=0.7875; ref_rank=1; loc_level=exact_municipality_match; priority=high; priority_reasons=top_1_but_ambiguous
61,三本杭,summit-candidate:27c1036d4aa2230e,yamap_2022-04-08_09_33.gpx,鬼ヶ城山・大久保山・八面山・三本杭・横ノ森・小屋ヶ森・毛山,1167.5519282683324,1226,58.45,0.6345,2,4,0,false,false,medium,medium,low,low_priority,exact_municipality_match,宇和島市,,宇和島市,"宇和島市, 愛媛県, 798-8601, 日本",multiple_candidates_for_mountain|multiple_mountains_for_candidate|weak_elevation_evidence|missing_csv_coordinate,top_3_with_evidence,low_priority_alternative,mountain=三本杭(#61); candidate=summit-candidate:27c1036d4aa2230e; ref_score=0.6345; ref_rank=2; loc_level=exact_municipality_match; priority=medium; priority_reasons=top_3_with_evidence
61,三本杭,summit-candidate:40068653b28bad40,yamap_2022-04-08_09_33.gpx,鬼ヶ城山・大久保山・八面山・三本杭・横ノ森・小屋ヶ森・毛山,1090.3964691990484,1226,135.6,0.6345,3,3,0,false,true,medium,medium,low,low_priority,exact_municipality_match,宇和島市,,宇和島市,"野川, 宇和島市, 愛媛県, 798-8601, 日本",multiple_candidates_for_mountain|multiple_mountains_for_candidate|weak_elevation_evidence|missing_csv_coordinate,top_3_with_evidence,low_priority_alternative,mountain=三本杭(#61); candidate=summit-candidate:40068653b28bad40; ref_score=0.6345; ref_rank=3; loc_level=exact_municipality_match; priority=medium; priority_reasons=top_3_with_evidence
62,八面山,summit-candidate:27c1036d4aa2230e,yamap_2022-04-08_09_33.gpx,鬼ヶ城山・大久保山・八面山・三本杭・横ノ森・小屋ヶ森・毛山,1167.5519282683324,1166,1.55,0.7875,1,1,0,true,true,medium,high,medium,accept_candidate_after_map_check,exact_municipality_match,宇和島市,,宇和島市,"宇和島市, 愛媛県, 798-8601, 日本",multiple_candidates_for_mountain|multiple_mountains_for_candidate|missing_csv_coordinate,top_1_but_ambiguous,clear_mutual_top1,mountain=八面山(#62); candidate=summit-candidate:27c1036d4aa2230e; ref_score=0.7875; ref_rank=1; loc_level=exact_municipality_match; priority=high; priority_reasons=top_1_but_ambiguous
62,八面山,summit-candidate:91ebf1d99654d5b2,yamap_2022-04-08_09_33.gpx,鬼ヶ城山・大久保山・八面山・三本杭・横ノ森・小屋ヶ森・毛山,1162.2731411431716,1166,3.73,0.7875,2,1,0.051,false,true,medium,medium,high,check_close_alternatives,exact_municipality_match,宇和島市,,宇和島市,"宇和島市, 愛媛県, 798-8601, 日本",multiple_candidates_for_mountain|multiple_mountains_for_candidate|missing_csv_coordinate,top_3_with_evidence,small_score_gap,mountain=八面山(#62); candidate=summit-candidate:91ebf1d99654d5b2; ref_score=0.7875; ref_rank=2; loc_level=exact_municipality_match; priority=medium; priority_reasons=top_3_with_evidence
62,八面山,summit-candidate:7ceb76663c2bb81b,yamap_2022-04-08_09_33.gpx,鬼ヶ城山・大久保山・八面山・三本杭・横ノ森・小屋ヶ森・毛山,1155.4333072605007,1166,10.57,0.7365,3,3,0.102,false,true,medium,high,high,resolve_conflict,exact_municipality_match,宇和島市,,宇和島市,"野川, 宇和島市, 愛媛県, 798-8601, 日本",multiple_candidates_for_mountain|multiple_mountains_for_candidate|missing_csv_coordinate,top_candidate_for_multiple_mountains,shared_candidate,mountain=八面山(#62); candidate=summit-candidate:7ceb76663c2bb81b; ref_score=0.7365; ref_rank=3; loc_level=exact_municipality_match; priority=high; priority_reasons=top_candidate_for_multiple_mountains
63,大久保山,summit-candidate:7ceb76663c2bb81b,yamap_2022-04-08_09_33.gpx,鬼ヶ城山・大久保山・八面山・三本杭・横ノ森・小屋ヶ森・毛山,1155.4333072605007,1155,0.43,0.7875,1,2,0,false,true,medium,high,high,resolve_conflict,exact_municipality_match,宇和島市,,宇和島市,"野川, 宇和島市, 愛媛県, 798-8601, 日本",multiple_candidates_for_mountain|multiple_mountains_for_candidate|missing_csv_coordinate,top_1_but_ambiguous|top_candidate_for_multiple_mountains,shared_candidate|not_mutual_top1,"mountain=大久保山(#63); candidate=summit-candidate:7ceb76663c2bb81b; ref_score=0.7875; ref_rank=1; loc_level=exact_municipality_match; priority=high; priority_reasons=top_1_but_ambiguous,top_candidate_for_multiple_mountains"
63,大久保山,summit-candidate:91ebf1d99654d5b2,yamap_2022-04-08_09_33.gpx,鬼ヶ城山・大久保山・八面山・三本杭・横ノ森・小屋ヶ森・毛山,1162.2731411431716,1155,7.27,0.7875,2,2,0.051,false,true,medium,medium,high,check_close_alternatives,exact_municipality_match,宇和島市,,宇和島市,"宇和島市, 愛媛県, 798-8601, 日本",multiple_candidates_for_mountain|multiple_mountains_for_candidate|missing_csv_coordinate,top_3_with_evidence,small_score_gap,mountain=大久保山(#63); candidate=summit-candidate:91ebf1d99654d5b2; ref_score=0.7875; ref_rank=2; loc_level=exact_municipality_match; priority=medium; priority_reasons=top_3_with_evidence
63,大久保山,summit-candidate:27c1036d4aa2230e,yamap_2022-04-08_09_33.gpx,鬼ヶ城山・大久保山・八面山・三本杭・横ノ森・小屋ヶ森・毛山,1167.5519282683324,1155,12.55,0.7365,3,3,0.102,false,true,medium,medium,low,low_priority,exact_municipality_match,宇和島市,,宇和島市,"宇和島市, 愛媛県, 798-8601, 日本",multiple_candidates_for_mountain|multiple_mountains_for_candidate|missing_csv_coordinate,top_3_with_evidence,low_priority_alternative,mountain=大久保山(#63); candidate=summit-candidate:27c1036d4aa2230e; ref_score=0.7365; ref_rank=3; loc_level=exact_municipality_match; priority=medium; priority_reasons=top_3_with_evidence
64,大月山,summit-candidate:9a68e7a3a97831ff,yamap_2022-04-09_14_44.gpx,大月山・高縄山,950.6066666666666,953,2.39,0.7875,1,1,0.051,true,true,medium,high,medium,accept_candidate_after_map_check,exact_municipality_match,松山市,,松山市,"湯山高縄北条線, 九川, 松山市, 愛媛県, 日本",multiple_candidates_for_mountain|multiple_mountains_for_candidate|missing_csv_coordinate|activity_link_ambiguous,top_1_but_ambiguous,clear_mutual_top1,mountain=大月山(#64); candidate=summit-candidate:9a68e7a3a97831ff; ref_score=0.7875; ref_rank=1; loc_level=exact_municipality_match; priority=high; priority_reasons=top_1_but_ambiguous
64,大月山,summit-candidate:6ba0d3c6b0fb6b96,yamap_2022-04-09_14_44.gpx,大月山・高縄山,981.3100000000001,953,28.31,0.7365,2,1,0.2975,false,true,medium,medium,low,low_priority,exact_municipality_match,松山市,,松山市,"松山市, 愛媛県, 日本",multiple_candidates_for_mountain|multiple_mountains_for_candidate|missing_csv_coordinate|activity_link_ambiguous,top_3_with_evidence,low_priority_alternative,mountain=大月山(#64); candidate=summit-candidate:6ba0d3c6b0fb6b96; ref_score=0.7365; ref_rank=2; loc_level=exact_municipality_match; priority=medium; priority_reasons=top_3_with_evidence
64,大月山,summit-candidate:0ff024bf702c13bb,yamap_2023-03-11_06_08.gpx,福見山・明神ヶ森・南三方ヶ森・魚谷森・左谷ノ森,927.3133333333334,953,25.69,0.439,3,6,0.0255,false,false,low,high,high,resolve_conflict,exact_municipality_match,松山市,,松山市,"米野町, 松山市, 愛媛県, 日本",multiple_candidates_for_mountain|multiple_mountains_for_candidate|weak_name_evidence|missing_csv_coordinate,top_candidate_for_multiple_mountains,shared_candidate,mountain=大月山(#64); candidate=summit-candidate:0ff024bf702c13bb; ref_score=0.439; ref_rank=3; loc_level=exact_municipality_match; priority=high; priority_reasons=top_candidate_for_multiple_mountains
65,引地山,summit-candidate:7a1f0e8b5f9e5cc2,yamap_2022-04-15_11_52.gpx,皿ヶ嶺・引地山,1277.043085490437,1027,250.04,0.455,1,3,0,false,true,low,high,high,resolve_conflict,boundary_tolerated_mismatch,松山市,,,"竜神平小屋, 上林林道重信線, 東温市, 愛媛県, 日本",multiple_candidates_for_mountain|multiple_mountains_for_candidate|weak_elevation_evidence|missing_csv_coordinate|location_mismatch_warning,top_1_but_ambiguous|strong_evidence_with_mismatch|top_candidate_for_multiple_mountains,shared_candidate|not_mutual_top1,"mountain=引地山(#65); candidate=summit-candidate:7a1f0e8b5f9e5cc2; ref_score=0.455; ref_rank=1; loc_level=boundary_tolerated_mismatch; priority=high; priority_reasons=top_1_but_ambiguous,strong_evidence_with_mismatch,top_candidate_for_multiple_mountains"
65,引地山,summit-candidate:b06e13a9483478e5,yamap_2022-04-15_11_52.gpx,皿ヶ嶺・引地山,1139.9767402874822,1027,112.98,0.455,2,2,0.1445,false,true,low,high,high,check_close_alternatives,boundary_tolerated_mismatch,松山市,,,"久万高原町, 上浮穴郡, 愛媛県, 日本",multiple_candidates_for_mountain|multiple_mountains_for_candidate|weak_elevation_evidence|missing_csv_coordinate|location_mismatch_warning,strong_evidence_with_mismatch,small_score_gap,mountain=引地山(#65); candidate=summit-candidate:b06e13a9483478e5; ref_score=0.455; ref_rank=2; loc_level=boundary_tolerated_mismatch; priority=high; priority_reasons=strong_evidence_with_mismatch
65,引地山,summit-candidate:19baf3ce30f8991a,yamap_2024-02-17_05_38.gpx,大黒山・譲ヶ葉森,1021.9555481598042,1027,5.04,0.3105,3,6,0,false,false,low,high,high,resolve_conflict,boundary_tolerated_mismatch,松山市,,,"宇和島市, 愛媛県, 798-8601, 日本",multiple_candidates_for_mountain|multiple_mountains_for_candidate|weak_name_evidence|missing_csv_coordinate|location_mismatch_warning,strong_evidence_with_mismatch|top_candidate_for_multiple_mountains,shared_candidate,"mountain=引地山(#65); candidate=summit-candidate:19baf3ce30f8991a; ref_score=0.3105; ref_rank=3; loc_level=boundary_tolerated_mismatch; priority=high; priority_reasons=strong_evidence_with_mismatch,top_candidate_for_multiple_mountains"
66,東三方ヶ森,summit-candidate:d06b9d5365beffaa,yamap_2022-04-16_07_39.gpx,東三方ヶ森,1229.5033333333333,1233,3.5,0.7875,1,1,0.102,true,true,medium,high,medium,accept_candidate_after_map_check,exact_municipality_match,東温市,,東温市,"東温市, 愛媛県, 日本",multiple_candidates_for_mountain|multiple_mountains_for_candidate|missing_csv_coordinate,top_1_but_ambiguous,clear_mutual_top1,mountain=東三方ヶ森(#66); candidate=summit-candidate:d06b9d5365beffaa; ref_score=0.7875; ref_rank=1; loc_level=exact_municipality_match; priority=high; priority_reasons=top_1_but_ambiguous
66,東三方ヶ森,summit-candidate:77bb5774f7fa012e,yamap_2022-04-16_07_39.gpx,東三方ヶ森,1199.216666666667,1233,33.78,0.6855,2,1,0.051,false,true,medium,medium,low,low_priority,exact_municipality_match,東温市,,東温市,"西条市, 愛媛県, 日本",multiple_candidates_for_mountain|multiple_mountains_for_candidate|missing_csv_coordinate,top_3_with_evidence,low_priority_alternative,mountain=東三方ヶ森(#66); candidate=summit-candidate:77bb5774f7fa012e; ref_score=0.6855; ref_rank=2; loc_level=exact_municipality_match; priority=medium; priority_reasons=top_3_with_evidence
66,東三方ヶ森,summit-candidate:8e8035372e25eb9d,yamap_2022-04-16_07_39.gpx,東三方ヶ森,628.7666666666668,1233,604.23,0.6345,3,1,0.1445,false,true,medium,medium,low,low_priority,exact_municipality_match,東温市,,東温市,"東温市, 愛媛県, 日本",multiple_candidates_for_mountain|multiple_mountains_for_candidate|weak_elevation_evidence|missing_csv_coordinate,top_3_with_evidence,low_priority_alternative,mountain=東三方ヶ森(#66); candidate=summit-candidate:8e8035372e25eb9d; ref_score=0.6345; ref_rank=3; loc_level=exact_municipality_match; priority=medium; priority_reasons=top_3_with_evidence
67,甲が森,summit-candidate:50d68ea03af3c4ff,yamap_2022-04-22_11_13.gpx,甲が森,456.7219376700282,451,5.72,0.7875,1,1,0.153,true,true,medium,high,medium,accept_candidate_after_map_check,exact_municipality_match,西予市,,西予市,"西予市, 愛媛県, 日本",multiple_candidates_for_mountain|multiple_mountains_for_candidate|missing_csv_coordinate|activity_link_ambiguous,top_1_but_ambiguous,clear_mutual_top1,mountain=甲が森(#67); candidate=summit-candidate:50d68ea03af3c4ff; ref_score=0.7875; ref_rank=1; loc_level=exact_municipality_match; priority=high; priority_reasons=top_1_but_ambiguous
67,甲が森,summit-candidate:6198ad7009d86ec2,yamap_2022-04-22_14_13.gpx,雨包山,1117.4867674520622,451,666.49,0.6345,2,2,0,false,true,medium,medium,low,low_priority,exact_municipality_match,西予市,,西予市,"西予市, 愛媛県, 797-1432, 日本",multiple_candidates_for_mountain|multiple_mountains_for_candidate|weak_elevation_evidence|missing_csv_coordinate|activity_link_ambiguous,top_3_with_evidence,low_priority_alternative,mountain=甲が森(#67); candidate=summit-candidate:6198ad7009d86ec2; ref_score=0.6345; ref_rank=2; loc_level=exact_municipality_match; priority=medium; priority_reasons=top_3_with_evidence
67,甲が森,summit-candidate:da65a16f23740e83,yamap_2022-04-22_12_22.gpx,三滝山,646.7704243218062,451,195.77,0.6345,3,2,0,false,true,medium,medium,low,low_priority,exact_municipality_match,西予市,,西予市,"城川町窪野, 西予市, 愛媛県, 797-1712, 日本",multiple_candidates_for_mountain|multiple_mountains_for_candidate|weak_elevation_evidence|missing_csv_coordinate|activity_link_ambiguous,top_3_with_evidence,low_priority_alternative,mountain=甲が森(#67); candidate=summit-candidate:da65a16f23740e83; ref_score=0.6345; ref_rank=3; loc_level=exact_municipality_match; priority=medium; priority_reasons=top_3_with_evidence
68,三滝山,summit-candidate:da65a16f23740e83,yamap_2022-04-22_12_22.gpx,三滝山,646.7704243218062,642,4.77,0.7875,1,1,0.153,true,true,medium,high,medium,accept_candidate_after_map_check,exact_municipality_match,西予市,,西予市,"城川町窪野, 西予市, 愛媛県, 797-1712, 日本",multiple_candidates_for_mountain|multiple_mountains_for_candidate|missing_csv_coordinate|activity_link_ambiguous,top_1_but_ambiguous,clear_mutual_top1,mountain=三滝山(#68); candidate=summit-candidate:da65a16f23740e83; ref_score=0.7875; ref_rank=1; loc_level=exact_municipality_match; priority=high; priority_reasons=top_1_but_ambiguous
68,三滝山,summit-candidate:50d68ea03af3c4ff,yamap_2022-04-22_11_13.gpx,甲が森,456.7219376700282,642,185.28,0.6345,2,2,0,false,true,medium,medium,low,low_priority,exact_municipality_match,西予市,,西予市,"西予市, 愛媛県, 日本",multiple_candidates_for_mountain|multiple_mountains_for_candidate|weak_elevation_evidence|missing_csv_coordinate|activity_link_ambiguous,top_3_with_evidence,low_priority_alternative,mountain=三滝山(#68); candidate=summit-candidate:50d68ea03af3c4ff; ref_score=0.6345; ref_rank=2; loc_level=exact_municipality_match; priority=medium; priority_reasons=top_3_with_evidence
68,三滝山,summit-candidate:6198ad7009d86ec2,yamap_2022-04-22_14_13.gpx,雨包山,1117.4867674520622,642,475.49,0.6345,3,3,0,false,true,medium,medium,low,low_priority,exact_municipality_match,西予市,,西予市,"西予市, 愛媛県, 797-1432, 日本",multiple_candidates_for_mountain|multiple_mountains_for_candidate|weak_elevation_evidence|missing_csv_coordinate|activity_link_ambiguous,top_3_with_evidence,low_priority_alternative,mountain=三滝山(#68); candidate=summit-candidate:6198ad7009d86ec2; ref_score=0.6345; ref_rank=3; loc_level=exact_municipality_match; priority=medium; priority_reasons=top_3_with_evidence
69,雨包山,summit-candidate:6198ad7009d86ec2,yamap_2022-04-22_14_13.gpx,雨包山,1117.4867674520622,1111,6.49,0.7875,1,1,0.153,true,true,medium,high,medium,accept_candidate_after_map_check,exact_municipality_match,西予市,,西予市,"西予市, 愛媛県, 797-1432, 日本",multiple_candidates_for_mountain|multiple_mountains_for_candidate|missing_csv_coordinate|activity_link_ambiguous,top_1_but_ambiguous,clear_mutual_top1,mountain=雨包山(#69); candidate=summit-candidate:6198ad7009d86ec2; ref_score=0.7875; ref_rank=1; loc_level=exact_municipality_match; priority=high; priority_reasons=top_1_but_ambiguous
69,雨包山,summit-candidate:50d68ea03af3c4ff,yamap_2022-04-22_11_13.gpx,甲が森,456.7219376700282,1111,654.28,0.6345,2,3,0,false,true,medium,medium,low,low_priority,exact_municipality_match,西予市,,西予市,"西予市, 愛媛県, 日本",multiple_candidates_for_mountain|multiple_mountains_for_candidate|weak_elevation_evidence|missing_csv_coordinate|activity_link_ambiguous,top_3_with_evidence,low_priority_alternative,mountain=雨包山(#69); candidate=summit-candidate:50d68ea03af3c4ff; ref_score=0.6345; ref_rank=2; loc_level=exact_municipality_match; priority=medium; priority_reasons=top_3_with_evidence
69,雨包山,summit-candidate:da65a16f23740e83,yamap_2022-04-22_12_22.gpx,三滝山,646.7704243218062,1111,464.23,0.6345,3,3,0,false,true,medium,medium,low,low_priority,exact_municipality_match,西予市,,西予市,"城川町窪野, 西予市, 愛媛県, 797-1712, 日本",multiple_candidates_for_mountain|multiple_mountains_for_candidate|weak_elevation_evidence|missing_csv_coordinate|activity_link_ambiguous,top_3_with_evidence,low_priority_alternative,mountain=雨包山(#69); candidate=summit-candidate:da65a16f23740e83; ref_score=0.6345; ref_rank=3; loc_level=exact_municipality_match; priority=medium; priority_reasons=top_3_with_evidence
70,源氏ヶ駄場（薊野峰）,summit-candidate:e85b9bd32eb5e6f1,yamap_2022-04-22_16_48.gpx,源氏ヶ駄場（薊野峰）,1415.7321709473536,1403,12.73,0.7365,1,1,0.102,true,true,medium,high,medium,accept_candidate_after_map_check,exact_municipality_match,西予市,,西予市,"野村町大野ケ原, 西予市, 愛媛県, 日本",multiple_candidates_for_mountain|multiple_mountains_for_candidate|missing_csv_coordinate|activity_link_ambiguous|timezone_sensitive_activity_link,top_1_but_ambiguous,clear_mutual_top1,mountain=源氏ヶ駄場（薊野峰）(#70); candidate=summit-candidate:e85b9bd32eb5e6f1; ref_score=0.7365; ref_rank=1; loc_level=exact_municipality_match; priority=high; priority_reasons=top_1_but_ambiguous
70,源氏ヶ駄場（薊野峰）,summit-candidate:50d68ea03af3c4ff,yamap_2022-04-22_11_13.gpx,甲が森,456.7219376700282,1403,946.28,0.6345,2,4,0,false,false,medium,medium,low,low_priority,exact_municipality_match,西予市,,西予市,"西予市, 愛媛県, 日本",multiple_candidates_for_mountain|multiple_mountains_for_candidate|weak_elevation_evidence|missing_csv_coordinate|activity_link_ambiguous,top_3_with_evidence,low_priority_alternative,mountain=源氏ヶ駄場（薊野峰）(#70); candidate=summit-candidate:50d68ea03af3c4ff; ref_score=0.6345; ref_rank=2; loc_level=exact_municipality_match; priority=medium; priority_reasons=top_3_with_evidence
70,源氏ヶ駄場（薊野峰）,summit-candidate:6198ad7009d86ec2,yamap_2022-04-22_14_13.gpx,雨包山,1117.4867674520622,1403,285.51,0.6345,3,4,0,false,false,medium,medium,low,low_priority,exact_municipality_match,西予市,,西予市,"西予市, 愛媛県, 797-1432, 日本",multiple_candidates_for_mountain|multiple_mountains_for_candidate|weak_elevation_evidence|missing_csv_coordinate|activity_link_ambiguous,top_3_with_evidence,low_priority_alternative,mountain=源氏ヶ駄場（薊野峰）(#70); candidate=summit-candidate:6198ad7009d86ec2; ref_score=0.6345; ref_rank=3; loc_level=exact_municipality_match; priority=medium; priority_reasons=top_3_with_evidence
71,碁石ヶ森,summit-candidate:ee9d736a090185dd,yamap_2022-04-22_17_29.gpx,碁石ヶ森,1188.1187548490348,1183,5.12,0.7875,1,1,0.153,true,true,medium,high,high,resolve_conflict,exact_municipality_match,西予市,,西予市,"西予市, 愛媛県, 日本",multiple_candidates_for_mountain|multiple_mountains_for_candidate|missing_csv_coordinate|activity_link_ambiguous|timezone_sensitive_activity_link,top_1_but_ambiguous|top_candidate_for_multiple_mountains,shared_candidate,"mountain=碁石ヶ森(#71); candidate=summit-candidate:ee9d736a090185dd; ref_score=0.7875; ref_rank=1; loc_level=exact_municipality_match; priority=high; priority_reasons=top_1_but_ambiguous,top_candidate_for_multiple_mountains"
71,碁石ヶ森,summit-candidate:50d68ea03af3c4ff,yamap_2022-04-22_11_13.gpx,甲が森,456.7219376700282,1183,726.28,0.6345,2,5,0,false,false,medium,medium,low,low_priority,exact_municipality_match,西予市,,西予市,"西予市, 愛媛県, 日本",multiple_candidates_for_mountain|multiple_mountains_for_candidate|weak_elevation_evidence|missing_csv_coordinate|activity_link_ambiguous,top_3_with_evidence,low_priority_alternative,mountain=碁石ヶ森(#71); candidate=summit-candidate:50d68ea03af3c4ff; ref_score=0.6345; ref_rank=2; loc_level=exact_municipality_match; priority=medium; priority_reasons=top_3_with_evidence
71,碁石ヶ森,summit-candidate:6198ad7009d86ec2,yamap_2022-04-22_14_13.gpx,雨包山,1117.4867674520622,1183,65.51,0.6345,3,5,0,false,false,medium,medium,low,low_priority,exact_municipality_match,西予市,,西予市,"西予市, 愛媛県, 797-1432, 日本",multiple_candidates_for_mountain|multiple_mountains_for_candidate|weak_elevation_evidence|missing_csv_coordinate|activity_link_ambiguous,top_3_with_evidence,low_priority_alternative,mountain=碁石ヶ森(#71); candidate=summit-candidate:6198ad7009d86ec2; ref_score=0.6345; ref_rank=3; loc_level=exact_municipality_match; priority=medium; priority_reasons=top_3_with_evidence
72,伊之子山,summit-candidate:15c71a530dcecd2e,yamap_2022-04-25_11_35.gpx,伊之子山・左谷ノ森,943.7166666666667,872,71.72,0.558,1,2,0,false,true,low,high,high,resolve_conflict,exact_municipality_match,松山市,,松山市,"米野町, 松山市, 愛媛県, 日本",multiple_candidates_for_mountain|multiple_mountains_for_candidate|weak_elevation_evidence|missing_csv_coordinate|activity_link_ambiguous,top_1_but_ambiguous,not_mutual_top1,mountain=伊之子山(#72); candidate=summit-candidate:15c71a530dcecd2e; ref_score=0.558; ref_rank=1; loc_level=exact_municipality_match; priority=high; priority_reasons=top_1_but_ambiguous
72,伊之子山,summit-candidate:e793f83b8a4fd86f,yamap_2022-04-25_11_35.gpx,伊之子山・左谷ノ森,927.37,872,55.37,0.558,2,2,0.119,false,true,low,medium,high,check_close_alternatives,exact_municipality_match,松山市,,松山市,"米野町, 松山市, 愛媛県, 日本",multiple_candidates_for_mountain|multiple_mountains_for_candidate|weak_elevation_evidence|missing_csv_coordinate|activity_link_ambiguous,top_3_with_evidence,small_score_gap,mountain=伊之子山(#72); candidate=summit-candidate:e793f83b8a4fd86f; ref_score=0.558; ref_rank=2; loc_level=exact_municipality_match; priority=medium; priority_reasons=top_3_with_evidence
72,伊之子山,summit-candidate:b1d864fd1fcc9dcb,yamap_2023-01-03_07_36.gpx,福見山・河原樋山・真松嶺・柿王寺森,860.4766666666668,872,11.52,0.439,3,5,0.1285,false,false,low,medium,low,low_priority,exact_municipality_match,松山市,,松山市,"川の郷町, 松山市, 愛媛県, 791-0132, 日本",multiple_candidates_for_mountain|multiple_mountains_for_candidate|weak_name_evidence|missing_csv_coordinate,top_3_with_evidence,low_priority_alternative,mountain=伊之子山(#72); candidate=summit-candidate:b1d864fd1fcc9dcb; ref_score=0.439; ref_rank=3; loc_level=exact_municipality_match; priority=medium; priority_reasons=top_3_with_evidence
73,御在所山,summit-candidate:61f36127d879648f,yamap_2022-04-27_10_31.gpx,御在所山,911.8788921966252,915,3.12,0.7875,1,1,0.3325,true,true,medium,high,medium,accept_candidate_after_map_check,exact_municipality_match,西予市,,西予市,"西予市, 愛媛県, 日本",multiple_candidates_for_mountain|multiple_mountains_for_candidate|missing_csv_coordinate,top_1_but_ambiguous,clear_mutual_top1,mountain=御在所山(#73); candidate=summit-candidate:61f36127d879648f; ref_score=0.7875; ref_rank=1; loc_level=exact_municipality_match; priority=high; priority_reasons=top_1_but_ambiguous
73,御在所山,summit-candidate:17c3649ad9b147ce,yamap_2026-01-07_07_05.gpx,御在所山,665.1833333333333,915,249.82,0.455,2,5,0,false,false,low,high,high,resolve_conflict,boundary_tolerated_mismatch,西予市,,,"大洲市, 愛媛県, 797-1507, 日本",multiple_candidates_for_mountain|multiple_mountains_for_candidate|weak_elevation_evidence|missing_csv_coordinate|location_mismatch_warning|activity_link_ambiguous,strong_evidence_with_mismatch|top_candidate_for_multiple_mountains,shared_candidate,"mountain=御在所山(#73); candidate=summit-candidate:17c3649ad9b147ce; ref_score=0.455; ref_rank=2; loc_level=boundary_tolerated_mismatch; priority=high; priority_reasons=strong_evidence_with_mismatch,top_candidate_for_multiple_mountains"
73,御在所山,summit-candidate:a271a6c73ad11b69,yamap_2026-01-07_09_14.gpx,高雄山,382.21000000000004,915,532.79,0.455,3,6,0.1445,false,false,low,high,high,check_location_warning,boundary_tolerated_mismatch,西予市,,,"大洲市, 愛媛県, 797-1507, 日本",multiple_candidates_for_mountain|multiple_mountains_for_candidate|weak_elevation_evidence|missing_csv_coordinate|location_mismatch_warning|activity_link_ambiguous,strong_evidence_with_mismatch,location_mismatch_warning,mountain=御在所山(#73); candidate=summit-candidate:a271a6c73ad11b69; ref_score=0.455; ref_rank=3; loc_level=boundary_tolerated_mismatch; priority=high; priority_reasons=strong_evidence_with_mismatch
74,岩黒山,summit-candidate:591204fdc01b55b6,yamap_2022-04-30_08_30.gpx,岩黒山・筒上山・手箱山,1749.5652002309682,1746,3.57,0.7875,1,1,0.153,true,true,medium,high,high,resolve_conflict,exact_municipality_match,久万高原町,,久万高原町,"町道瓶ヶ森線, 西条市, 吾川郡, 愛媛県, 日本",multiple_candidates_for_mountain|multiple_mountains_for_candidate|missing_csv_coordinate|activity_link_ambiguous,top_1_but_ambiguous|top_candidate_for_multiple_mountains,shared_candidate,"mountain=岩黒山(#74); candidate=summit-candidate:591204fdc01b55b6; ref_score=0.7875; ref_rank=1; loc_level=exact_municipality_match; priority=high; priority_reasons=top_1_but_ambiguous,top_candidate_for_multiple_mountains"
74,岩黒山,summit-candidate:71b10e23075edf20,yamap_2022-04-30_08_30.gpx,岩黒山・筒上山・手箱山,1863.226432016608,1746,117.23,0.6345,2,2,0,false,true,medium,medium,low,low_priority,exact_municipality_match,久万高原町,,久万高原町,"久万高原町, 上浮穴郡, 愛媛県, 日本",multiple_candidates_for_mountain|multiple_mountains_for_candidate|weak_elevation_evidence|missing_csv_coordinate|activity_link_ambiguous,top_3_with_evidence,low_priority_alternative,mountain=岩黒山(#74); candidate=summit-candidate:71b10e23075edf20; ref_score=0.6345; ref_rank=2; loc_level=exact_municipality_match; priority=medium; priority_reasons=top_3_with_evidence
74,岩黒山,summit-candidate:d13554ef3debca9d,yamap_2022-04-30_08_30.gpx,岩黒山・筒上山・手箱山,1638.4079336000111,1746,107.59,0.6345,3,1,0.1795,false,true,medium,medium,low,low_priority,exact_municipality_match,久万高原町,,久万高原町,"石鎚スカイライン, 久万高原町, 上浮穴郡, 愛媛県, 日本",multiple_candidates_for_mountain|multiple_mountains_for_candidate|weak_elevation_evidence|missing_csv_coordinate|activity_link_ambiguous,top_3_with_evidence,low_priority_alternative,mountain=岩黒山(#74); candidate=summit-candidate:d13554ef3debca9d; ref_score=0.6345; ref_rank=3; loc_level=exact_municipality_match; priority=medium; priority_reasons=top_3_with_evidence
75,筒上山,summit-candidate:71b10e23075edf20,yamap_2022-04-30_08_30.gpx,岩黒山・筒上山・手箱山,1863.226432016608,1860,3.23,0.7875,1,1,0.153,true,true,medium,high,medium,accept_candidate_after_map_check,exact_municipality_match,久万高原町,,久万高原町,"久万高原町, 上浮穴郡, 愛媛県, 日本",multiple_candidates_for_mountain|multiple_mountains_for_candidate|missing_csv_coordinate|activity_link_ambiguous,top_1_but_ambiguous,clear_mutual_top1,mountain=筒上山(#75); candidate=summit-candidate:71b10e23075edf20; ref_score=0.7875; ref_rank=1; loc_level=exact_municipality_match; priority=high; priority_reasons=top_1_but_ambiguous
75,筒上山,summit-candidate:591204fdc01b55b6,yamap_2022-04-30_08_30.gpx,岩黒山・筒上山・手箱山,1749.5652002309682,1860,110.43,0.6345,2,2,0,false,true,medium,high,high,resolve_conflict,exact_municipality_match,久万高原町,,久万高原町,"町道瓶ヶ森線, 西条市, 吾川郡, 愛媛県, 日本",multiple_candidates_for_mountain|multiple_mountains_for_candidate|weak_elevation_evidence|missing_csv_coordinate|activity_link_ambiguous,top_candidate_for_multiple_mountains,shared_candidate,mountain=筒上山(#75); candidate=summit-candidate:591204fdc01b55b6; ref_score=0.6345; ref_rank=2; loc_level=exact_municipality_match; priority=high; priority_reasons=top_candidate_for_multiple_mountains
75,筒上山,summit-candidate:d13554ef3debca9d,yamap_2022-04-30_08_30.gpx,岩黒山・筒上山・手箱山,1638.4079336000111,1860,221.59,0.6345,3,2,0.1795,false,true,medium,medium,low,low_priority,exact_municipality_match,久万高原町,,久万高原町,"石鎚スカイライン, 久万高原町, 上浮穴郡, 愛媛県, 日本",multiple_candidates_for_mountain|multiple_mountains_for_candidate|weak_elevation_evidence|missing_csv_coordinate|activity_link_ambiguous,top_3_with_evidence,low_priority_alternative,mountain=筒上山(#75); candidate=summit-candidate:d13554ef3debca9d; ref_score=0.6345; ref_rank=3; loc_level=exact_municipality_match; priority=medium; priority_reasons=top_3_with_evidence
76,手箱山,summit-candidate:591204fdc01b55b6,yamap_2022-04-30_08_30.gpx,岩黒山・筒上山・手箱山,1749.5652002309682,1806,56.43,0.6345,1,3,0,false,true,medium,high,high,resolve_conflict,exact_municipality_match,久万高原町,,久万高原町,"町道瓶ヶ森線, 西条市, 吾川郡, 愛媛県, 日本",multiple_candidates_for_mountain|multiple_mountains_for_candidate|weak_elevation_evidence|missing_csv_coordinate|activity_link_ambiguous,top_1_but_ambiguous|top_candidate_for_multiple_mountains,shared_candidate|not_mutual_top1,"mountain=手箱山(#76); candidate=summit-candidate:591204fdc01b55b6; ref_score=0.6345; ref_rank=1; loc_level=exact_municipality_match; priority=high; priority_reasons=top_1_but_ambiguous,top_candidate_for_multiple_mountains"
76,手箱山,summit-candidate:71b10e23075edf20,yamap_2022-04-30_08_30.gpx,岩黒山・筒上山・手箱山,1863.226432016608,1806,57.23,0.6345,2,3,0,false,true,medium,medium,high,check_close_alternatives,exact_municipality_match,久万高原町,,久万高原町,"久万高原町, 上浮穴郡, 愛媛県, 日本",multiple_candidates_for_mountain|multiple_mountains_for_candidate|weak_elevation_evidence|missing_csv_coordinate|activity_link_ambiguous,top_3_with_evidence,small_score_gap,mountain=手箱山(#76); candidate=summit-candidate:71b10e23075edf20; ref_score=0.6345; ref_rank=2; loc_level=exact_municipality_match; priority=medium; priority_reasons=top_3_with_evidence
76,手箱山,summit-candidate:d13554ef3debca9d,yamap_2022-04-30_08_30.gpx,岩黒山・筒上山・手箱山,1638.4079336000111,1806,167.59,0.6345,3,3,0.0265,false,true,medium,medium,high,check_close_alternatives,exact_municipality_match,久万高原町,,久万高原町,"石鎚スカイライン, 久万高原町, 上浮穴郡, 愛媛県, 日本",multiple_candidates_for_mountain|multiple_mountains_for_candidate|weak_elevation_evidence|missing_csv_coordinate|activity_link_ambiguous,top_3_with_evidence,small_score_gap,mountain=手箱山(#76); candidate=summit-candidate:d13554ef3debca9d; ref_score=0.6345; ref_rank=3; loc_level=exact_municipality_match; priority=medium; priority_reasons=top_3_with_evidence
77,大川嶺,summit-candidate:1ebd63d8e2790409,yamap_2022-05-02_09_06.gpx,大川嶺・笠取山・ウバホド山,1532.1452947696732,1525,7.15,0.7875,1,1,0.102,true,true,medium,high,high,resolve_conflict,exact_municipality_match,久万高原町,,久万高原町,"久万高原町, 上浮穴郡, 愛媛県, 日本",multiple_candidates_for_mountain|multiple_mountains_for_candidate|missing_csv_coordinate,top_1_but_ambiguous|top_candidate_for_multiple_mountains,shared_candidate,"mountain=大川嶺(#77); candidate=summit-candidate:1ebd63d8e2790409; ref_score=0.7875; ref_rank=1; loc_level=exact_municipality_match; priority=high; priority_reasons=top_1_but_ambiguous,top_candidate_for_multiple_mountains"
77,大川嶺,summit-candidate:33637f0e3b5b1405,yamap_2022-05-02_09_06.gpx,大川嶺・笠取山・ウバホド山,1567.7094910140197,1525,42.71,0.6855,2,2,0.1955,false,true,medium,medium,low,low_priority,exact_municipality_match,久万高原町,,久万高原町,"久万高原町, 上浮穴郡, 愛媛県, 日本",multiple_candidates_for_mountain|multiple_mountains_for_candidate|missing_csv_coordinate,top_3_with_evidence,low_priority_alternative,mountain=大川嶺(#77); candidate=summit-candidate:33637f0e3b5b1405; ref_score=0.6855; ref_rank=2; loc_level=exact_municipality_match; priority=medium; priority_reasons=top_3_with_evidence
77,大川嶺,summit-candidate:22e40e9eb117a033,yamap_2024-05-03_08_45.gpx,面河山,1519.8633333333335,1525,5.14,0.49,3,2,0.051,false,true,low,medium,low,low_priority,exact_municipality_match,久万高原町,,久万高原町,"久万高原町, 上浮穴郡, 愛媛県, 日本",multiple_candidates_for_mountain|multiple_mountains_for_candidate|weak_name_evidence|missing_csv_coordinate,top_3_with_evidence,low_priority_alternative,mountain=大川嶺(#77); candidate=summit-candidate:22e40e9eb117a033; ref_score=0.49; ref_rank=3; loc_level=exact_municipality_match; priority=medium; priority_reasons=top_3_with_evidence
78,笠取山,summit-candidate:33637f0e3b5b1405,yamap_2022-05-02_09_06.gpx,大川嶺・笠取山・ウバホド山,1567.7094910140197,1562,5.71,0.7875,1,1,0.051,true,true,medium,high,medium,accept_candidate_after_map_check,exact_municipality_match,久万高原町,,久万高原町,"久万高原町, 上浮穴郡, 愛媛県, 日本",multiple_candidates_for_mountain|multiple_mountains_for_candidate|missing_csv_coordinate,top_1_but_ambiguous,clear_mutual_top1,mountain=笠取山(#78); candidate=summit-candidate:33637f0e3b5b1405; ref_score=0.7875; ref_rank=1; loc_level=exact_municipality_match; priority=high; priority_reasons=top_1_but_ambiguous
78,笠取山,summit-candidate:1ebd63d8e2790409,yamap_2022-05-02_09_06.gpx,大川嶺・笠取山・ウバホド山,1532.1452947696732,1562,29.85,0.7365,2,2,0.2465,false,true,medium,high,high,resolve_conflict,exact_municipality_match,久万高原町,,久万高原町,"久万高原町, 上浮穴郡, 愛媛県, 日本",multiple_candidates_for_mountain|multiple_mountains_for_candidate|missing_csv_coordinate,top_candidate_for_multiple_mountains,shared_candidate,mountain=笠取山(#78); candidate=summit-candidate:1ebd63d8e2790409; ref_score=0.7365; ref_rank=2; loc_level=exact_municipality_match; priority=high; priority_reasons=top_candidate_for_multiple_mountains
78,笠取山,summit-candidate:5ec5a611be375a53,yamap_2024-05-11_07_45.gpx,丸笹山,1567.1366666666665,1562,5.14,0.49,3,3,0.051,false,true,low,medium,low,low_priority,exact_municipality_match,久万高原町,,久万高原町,"久万高原町, 上浮穴郡, 愛媛県, 日本",multiple_candidates_for_mountain|multiple_mountains_for_candidate|weak_name_evidence|missing_csv_coordinate|activity_link_ambiguous,top_3_with_evidence,low_priority_alternative,mountain=笠取山(#78); candidate=summit-candidate:5ec5a611be375a53; ref_score=0.49; ref_rank=3; loc_level=exact_municipality_match; priority=medium; priority_reasons=top_3_with_evidence
79,ウバホド山,summit-candidate:1ebd63d8e2790409,yamap_2022-05-02_09_06.gpx,大川嶺・笠取山・ウバホド山,1532.1452947696732,1482,50.15,0.6345,1,3,0,false,true,medium,high,high,resolve_conflict,exact_municipality_match,久万高原町,,久万高原町,"久万高原町, 上浮穴郡, 愛媛県, 日本",multiple_candidates_for_mountain|multiple_mountains_for_candidate|weak_elevation_evidence|missing_csv_coordinate,top_1_but_ambiguous|top_candidate_for_multiple_mountains,shared_candidate|not_mutual_top1,"mountain=ウバホド山(#79); candidate=summit-candidate:1ebd63d8e2790409; ref_score=0.6345; ref_rank=1; loc_level=exact_municipality_match; priority=high; priority_reasons=top_1_but_ambiguous,top_candidate_for_multiple_mountains"
79,ウバホド山,summit-candidate:33637f0e3b5b1405,yamap_2022-05-02_09_06.gpx,大川嶺・笠取山・ウバホド山,1567.7094910140197,1482,85.71,0.6345,2,3,0.1445,false,true,medium,medium,high,check_close_alternatives,exact_municipality_match,久万高原町,,久万高原町,"久万高原町, 上浮穴郡, 愛媛県, 日本",multiple_candidates_for_mountain|multiple_mountains_for_candidate|weak_elevation_evidence|missing_csv_coordinate,top_3_with_evidence,small_score_gap,mountain=ウバホド山(#79); candidate=summit-candidate:33637f0e3b5b1405; ref_score=0.6345; ref_rank=2; loc_level=exact_municipality_match; priority=medium; priority_reasons=top_3_with_evidence
79,ウバホド山,summit-candidate:3f404ba3e31c8b54,yamap_2024-04-20_05_43.gpx,気多山・八辻ノ峰・五代ヶ森,1478.8966666666668,1482,3.1,0.49,3,4,0.051,false,false,low,medium,low,low_priority,exact_municipality_match,久万高原町,,久万高原町,"久万高原町, 上浮穴郡, 愛媛県, 日本",multiple_candidates_for_mountain|multiple_mountains_for_candidate|weak_name_evidence|missing_csv_coordinate,top_3_with_evidence,low_priority_alternative,mountain=ウバホド山(#79); candidate=summit-candidate:3f404ba3e31c8b54; ref_score=0.49; ref_rank=3; loc_level=exact_municipality_match; priority=medium; priority_reasons=top_3_with_evidence
80,うなめご,summit-candidate:e7e4429a39f6359f,yamap_2022-05-05_13_29.gpx,陣ヶ森・前々司山・うなめご,1250.17,1284,33.83,0.6855,1,2,0.0775,false,true,medium,high,high,resolve_conflict,exact_municipality_match,東温市,,東温市,"久万高原町, 上浮穴郡, 愛媛県, 日本",multiple_candidates_for_mountain|multiple_mountains_for_candidate|missing_csv_coordinate,top_1_but_ambiguous|top_candidate_for_multiple_mountains,shared_candidate|not_mutual_top1,"mountain=うなめご(#80); candidate=summit-candidate:e7e4429a39f6359f; ref_score=0.6855; ref_rank=1; loc_level=exact_municipality_match; priority=high; priority_reasons=top_1_but_ambiguous,top_candidate_for_multiple_mountains"
80,うなめご,summit-candidate:ea6bebee79234da7,yamap_2022-05-05_13_29.gpx,陣ヶ森・前々司山・うなめご,1276.53,1284,7.47,0.608,2,1,0.118,false,true,medium,high,high,check_location_warning,boundary_tolerated_mismatch,東温市,,,"成鈴山林道, 久万高原町, 上浮穴郡, 愛媛県, 日本",multiple_candidates_for_mountain|multiple_mountains_for_candidate|missing_csv_coordinate|location_mismatch_warning,strong_evidence_with_mismatch,location_mismatch_warning,mountain=うなめご(#80); candidate=summit-candidate:ea6bebee79234da7; ref_score=0.608; ref_rank=2; loc_level=boundary_tolerated_mismatch; priority=high; priority_reasons=strong_evidence_with_mismatch
80,うなめご,summit-candidate:7a1f0e8b5f9e5cc2,yamap_2022-04-15_11_52.gpx,皿ヶ嶺・引地山,1277.043085490437,1284,6.96,0.49,3,2,0.035,false,true,low,high,high,resolve_conflict,exact_municipality_match,東温市,,東温市,"竜神平小屋, 上林林道重信線, 東温市, 愛媛県, 日本",multiple_candidates_for_mountain|multiple_mountains_for_candidate|weak_name_evidence|missing_csv_coordinate,top_candidate_for_multiple_mountains,shared_candidate,mountain=うなめご(#80); candidate=summit-candidate:7a1f0e8b5f9e5cc2; ref_score=0.49; ref_rank=3; loc_level=exact_municipality_match; priority=high; priority_reasons=top_candidate_for_multiple_mountains
81,前々司山,summit-candidate:e7e4429a39f6359f,yamap_2022-05-05_13_29.gpx,陣ヶ森・前々司山・うなめご,1250.17,1253,2.83,0.7875,1,1,0.2305,true,true,medium,high,high,resolve_conflict,exact_municipality_match,東温市,,東温市,"久万高原町, 上浮穴郡, 愛媛県, 日本",multiple_candidates_for_mountain|multiple_mountains_for_candidate|missing_csv_coordinate,top_1_but_ambiguous|top_candidate_for_multiple_mountains,shared_candidate,"mountain=前々司山(#81); candidate=summit-candidate:e7e4429a39f6359f; ref_score=0.7875; ref_rank=1; loc_level=exact_municipality_match; priority=high; priority_reasons=top_1_but_ambiguous,top_candidate_for_multiple_mountains"
81,前々司山,summit-candidate:ea6bebee79234da7,yamap_2022-05-05_13_29.gpx,陣ヶ森・前々司山・うなめご,1276.53,1253,23.53,0.557,2,2,0.051,false,true,medium,high,high,check_location_warning,boundary_tolerated_mismatch,東温市,,,"成鈴山林道, 久万高原町, 上浮穴郡, 愛媛県, 日本",multiple_candidates_for_mountain|multiple_mountains_for_candidate|missing_csv_coordinate|location_mismatch_warning,strong_evidence_with_mismatch,location_mismatch_warning,mountain=前々司山(#81); candidate=summit-candidate:ea6bebee79234da7; ref_score=0.557; ref_rank=2; loc_level=boundary_tolerated_mismatch; priority=high; priority_reasons=strong_evidence_with_mismatch
81,前々司山,summit-candidate:e084389cc60ad329,yamap_2022-05-05_13_29.gpx,陣ヶ森・前々司山・うなめご,1203.3533333333332,1253,49.65,0.506,3,2,0.016,false,true,medium,high,high,check_location_warning,boundary_tolerated_mismatch,東温市,,,"久万高原町, 上浮穴郡, 愛媛県, 日本",multiple_candidates_for_mountain|multiple_mountains_for_candidate|missing_csv_coordinate|location_mismatch_warning,strong_evidence_with_mismatch,location_mismatch_warning,mountain=前々司山(#81); candidate=summit-candidate:e084389cc60ad329; ref_score=0.506; ref_rank=3; loc_level=boundary_tolerated_mismatch; priority=high; priority_reasons=strong_evidence_with_mismatch
82,陣ヶ森,summit-candidate:e7e4429a39f6359f,yamap_2022-05-05_13_29.gpx,陣ヶ森・前々司山・うなめご,1250.17,1207,43.17,0.6855,1,3,0.0775,false,true,medium,high,high,resolve_conflict,exact_municipality_match,東温市,,東温市,"久万高原町, 上浮穴郡, 愛媛県, 日本",multiple_candidates_for_mountain|multiple_mountains_for_candidate|missing_csv_coordinate,top_1_but_ambiguous|top_candidate_for_multiple_mountains,shared_candidate|not_mutual_top1,"mountain=陣ヶ森(#82); candidate=summit-candidate:e7e4429a39f6359f; ref_score=0.6855; ref_rank=1; loc_level=exact_municipality_match; priority=high; priority_reasons=top_1_but_ambiguous,top_candidate_for_multiple_mountains"
82,陣ヶ森,summit-candidate:e084389cc60ad329,yamap_2022-05-05_13_29.gpx,陣ヶ森・前々司山・うなめご,1203.3533333333332,1207,3.65,0.608,2,1,0.118,false,true,medium,high,high,check_location_warning,boundary_tolerated_mismatch,東温市,,,"久万高原町, 上浮穴郡, 愛媛県, 日本",multiple_candidates_for_mountain|multiple_mountains_for_candidate|missing_csv_coordinate|location_mismatch_warning,strong_evidence_with_mismatch,location_mismatch_warning,mountain=陣ヶ森(#82); candidate=summit-candidate:e084389cc60ad329; ref_score=0.608; ref_rank=2; loc_level=boundary_tolerated_mismatch; priority=high; priority_reasons=strong_evidence_with_mismatch
82,陣ヶ森,summit-candidate:77bb5774f7fa012e,yamap_2022-04-16_07_39.gpx,東三方ヶ森,1199.216666666667,1207,7.78,0.49,3,2,0,false,true,low,medium,low,low_priority,exact_municipality_match,東温市,,東温市,"西条市, 愛媛県, 日本",multiple_candidates_for_mountain|multiple_mountains_for_candidate|weak_name_evidence|missing_csv_coordinate,top_3_with_evidence,low_priority_alternative,mountain=陣ヶ森(#82); candidate=summit-candidate:77bb5774f7fa012e; ref_score=0.49; ref_rank=3; loc_level=exact_municipality_match; priority=medium; priority_reasons=top_3_with_evidence
83,寒川山,summit-candidate:2f7dbee4c5bde53e,yamap_2022-05-07_07_14.gpx,寒川山・鋸山・七々木山・豊受山・赤星山,1251.9766666666667,817,434.98,0.6345,1,2,0,false,true,medium,high,high,resolve_conflict,exact_municipality_match,四国中央市,,四国中央市,"豊受神社奥社, 林道法皇線, 四国中央市, 愛媛県, 799-0413, 日本",multiple_candidates_for_mountain|multiple_mountains_for_candidate|weak_elevation_evidence|missing_csv_coordinate|activity_link_ambiguous,top_1_but_ambiguous|top_candidate_for_multiple_mountains,shared_candidate|not_mutual_top1,"mountain=寒川山(#83); candidate=summit-candidate:2f7dbee4c5bde53e; ref_score=0.6345; ref_rank=1; loc_level=exact_municipality_match; priority=high; priority_reasons=top_1_but_ambiguous,top_candidate_for_multiple_mountains"
83,寒川山,summit-candidate:db51ae1b2be57eea,yamap_2022-05-07_07_14.gpx,寒川山・鋸山・七々木山・豊受山・赤星山,1451.0833333333333,817,634.08,0.6345,2,2,0,false,true,medium,medium,high,check_close_alternatives,exact_municipality_match,四国中央市,,四国中央市,"四国中央市, 愛媛県, 日本",multiple_candidates_for_mountain|multiple_mountains_for_candidate|weak_elevation_evidence|missing_csv_coordinate|activity_link_ambiguous,top_3_with_evidence,small_score_gap,mountain=寒川山(#83); candidate=summit-candidate:db51ae1b2be57eea; ref_score=0.6345; ref_rank=2; loc_level=exact_municipality_match; priority=medium; priority_reasons=top_3_with_evidence
83,寒川山,summit-candidate:eaabf45a5163fb65,yamap_2022-05-07_07_14.gpx,寒川山・鋸山・七々木山・豊受山・赤星山,1251.2133333333334,817,434.21,0.6345,3,2,0.1955,false,true,medium,medium,high,check_close_alternatives,exact_municipality_match,四国中央市,,四国中央市,"豊受神社奥社, 林道法皇線, 四国中央市, 愛媛県, 799-0413, 日本",multiple_candidates_for_mountain|multiple_mountains_for_candidate|weak_elevation_evidence|missing_csv_coordinate|activity_link_ambiguous,top_3_with_evidence,small_score_gap,mountain=寒川山(#83); candidate=summit-candidate:eaabf45a5163fb65; ref_score=0.6345; ref_rank=3; loc_level=exact_municipality_match; priority=medium; priority_reasons=top_3_with_evidence
84,豊受山,summit-candidate:2f7dbee4c5bde53e,yamap_2022-05-07_07_14.gpx,寒川山・鋸山・七々木山・豊受山・赤星山,1251.9766666666667,1247,4.98,0.7875,1,1,0,true,true,medium,high,high,resolve_conflict,exact_municipality_match,四国中央市,,四国中央市,"豊受神社奥社, 林道法皇線, 四国中央市, 愛媛県, 799-0413, 日本",multiple_candidates_for_mountain|multiple_mountains_for_candidate|missing_csv_coordinate|activity_link_ambiguous,top_1_but_ambiguous|top_candidate_for_multiple_mountains,shared_candidate,"mountain=豊受山(#84); candidate=summit-candidate:2f7dbee4c5bde53e; ref_score=0.7875; ref_rank=1; loc_level=exact_municipality_match; priority=high; priority_reasons=top_1_but_ambiguous,top_candidate_for_multiple_mountains"
84,豊受山,summit-candidate:eaabf45a5163fb65,yamap_2022-05-07_07_14.gpx,寒川山・鋸山・七々木山・豊受山・赤星山,1251.2133333333334,1247,4.21,0.7875,2,1,0.153,false,true,medium,medium,high,check_close_alternatives,exact_municipality_match,四国中央市,,四国中央市,"豊受神社奥社, 林道法皇線, 四国中央市, 愛媛県, 799-0413, 日本",multiple_candidates_for_mountain|multiple_mountains_for_candidate|missing_csv_coordinate|activity_link_ambiguous,top_3_with_evidence,small_score_gap,mountain=豊受山(#84); candidate=summit-candidate:eaabf45a5163fb65; ref_score=0.7875; ref_rank=2; loc_level=exact_municipality_match; priority=medium; priority_reasons=top_3_with_evidence
84,豊受山,summit-candidate:db51ae1b2be57eea,yamap_2022-05-07_07_14.gpx,寒川山・鋸山・七々木山・豊受山・赤星山,1451.0833333333333,1247,204.08,0.6345,3,3,0.324,false,true,medium,medium,low,low_priority,exact_municipality_match,四国中央市,,四国中央市,"四国中央市, 愛媛県, 日本",multiple_candidates_for_mountain|multiple_mountains_for_candidate|weak_elevation_evidence|missing_csv_coordinate|activity_link_ambiguous,top_3_with_evidence,low_priority_alternative,mountain=豊受山(#84); candidate=summit-candidate:db51ae1b2be57eea; ref_score=0.6345; ref_rank=3; loc_level=exact_municipality_match; priority=medium; priority_reasons=top_3_with_evidence
85,赤星山,summit-candidate:db51ae1b2be57eea,yamap_2022-05-07_07_14.gpx,寒川山・鋸山・七々木山・豊受山・赤星山,1451.0833333333333,1453,1.92,0.7875,1,1,0.153,true,true,medium,high,medium,accept_candidate_after_map_check,exact_municipality_match,四国中央市,,四国中央市,"四国中央市, 愛媛県, 日本",multiple_candidates_for_mountain|multiple_mountains_for_candidate|missing_csv_coordinate|activity_link_ambiguous,top_1_but_ambiguous,clear_mutual_top1,mountain=赤星山(#85); candidate=summit-candidate:db51ae1b2be57eea; ref_score=0.7875; ref_rank=1; loc_level=exact_municipality_match; priority=high; priority_reasons=top_1_but_ambiguous
85,赤星山,summit-candidate:2f7dbee4c5bde53e,yamap_2022-05-07_07_14.gpx,寒川山・鋸山・七々木山・豊受山・赤星山,1251.9766666666667,1453,201.02,0.6345,2,3,0,false,true,medium,high,high,resolve_conflict,exact_municipality_match,四国中央市,,四国中央市,"豊受神社奥社, 林道法皇線, 四国中央市, 愛媛県, 799-0413, 日本",multiple_candidates_for_mountain|multiple_mountains_for_candidate|weak_elevation_evidence|missing_csv_coordinate|activity_link_ambiguous,top_candidate_for_multiple_mountains,shared_candidate,mountain=赤星山(#85); candidate=summit-candidate:2f7dbee4c5bde53e; ref_score=0.6345; ref_rank=2; loc_level=exact_municipality_match; priority=high; priority_reasons=top_candidate_for_multiple_mountains
85,赤星山,summit-candidate:eaabf45a5163fb65,yamap_2022-05-07_07_14.gpx,寒川山・鋸山・七々木山・豊受山・赤星山,1251.2133333333334,1453,201.79,0.6345,3,3,0.1955,false,true,medium,medium,low,low_priority,exact_municipality_match,四国中央市,,四国中央市,"豊受神社奥社, 林道法皇線, 四国中央市, 愛媛県, 799-0413, 日本",multiple_candidates_for_mountain|multiple_mountains_for_candidate|weak_elevation_evidence|missing_csv_coordinate|activity_link_ambiguous,top_3_with_evidence,low_priority_alternative,mountain=赤星山(#85); candidate=summit-candidate:eaabf45a5163fb65; ref_score=0.6345; ref_rank=3; loc_level=exact_municipality_match; priority=medium; priority_reasons=top_3_with_evidence
86,七々木山,summit-candidate:2f7dbee4c5bde53e,yamap_2022-05-07_07_14.gpx,寒川山・鋸山・七々木山・豊受山・赤星山,1251.9766666666667,1145,106.98,0.6345,1,4,0,false,false,medium,high,high,resolve_conflict,exact_municipality_match,四国中央市,,四国中央市,"豊受神社奥社, 林道法皇線, 四国中央市, 愛媛県, 799-0413, 日本",multiple_candidates_for_mountain|multiple_mountains_for_candidate|weak_elevation_evidence|missing_csv_coordinate|activity_link_ambiguous,top_1_but_ambiguous|top_candidate_for_multiple_mountains,shared_candidate|not_mutual_top1,"mountain=七々木山(#86); candidate=summit-candidate:2f7dbee4c5bde53e; ref_score=0.6345; ref_rank=1; loc_level=exact_municipality_match; priority=high; priority_reasons=top_1_but_ambiguous,top_candidate_for_multiple_mountains"
86,七々木山,summit-candidate:db51ae1b2be57eea,yamap_2022-05-07_07_14.gpx,寒川山・鋸山・七々木山・豊受山・赤星山,1451.0833333333333,1145,306.08,0.6345,2,4,0,false,false,medium,medium,high,check_close_alternatives,exact_municipality_match,四国中央市,,四国中央市,"四国中央市, 愛媛県, 日本",multiple_candidates_for_mountain|multiple_mountains_for_candidate|weak_elevation_evidence|missing_csv_coordinate|activity_link_ambiguous,top_3_with_evidence,small_score_gap,mountain=七々木山(#86); candidate=summit-candidate:db51ae1b2be57eea; ref_score=0.6345; ref_rank=2; loc_level=exact_municipality_match; priority=medium; priority_reasons=top_3_with_evidence
86,七々木山,summit-candidate:eaabf45a5163fb65,yamap_2022-05-07_07_14.gpx,寒川山・鋸山・七々木山・豊受山・赤星山,1251.2133333333334,1145,106.21,0.6345,3,4,0.1445,false,false,medium,medium,high,check_close_alternatives,exact_municipality_match,四国中央市,,四国中央市,"豊受神社奥社, 林道法皇線, 四国中央市, 愛媛県, 799-0413, 日本",multiple_candidates_for_mountain|multiple_mountains_for_candidate|weak_elevation_evidence|missing_csv_coordinate|activity_link_ambiguous,top_3_with_evidence,small_score_gap,mountain=七々木山(#86); candidate=summit-candidate:eaabf45a5163fb65; ref_score=0.6345; ref_rank=3; loc_level=exact_municipality_match; priority=medium; priority_reasons=top_3_with_evidence
87,鋸山,summit-candidate:2f7dbee4c5bde53e,yamap_2022-05-07_07_14.gpx,寒川山・鋸山・七々木山・豊受山・赤星山,1251.9766666666667,1017,234.98,0.6345,1,5,0,false,false,medium,high,high,resolve_conflict,exact_municipality_match,四国中央市,,四国中央市,"豊受神社奥社, 林道法皇線, 四国中央市, 愛媛県, 799-0413, 日本",multiple_candidates_for_mountain|multiple_mountains_for_candidate|weak_elevation_evidence|missing_csv_coordinate|activity_link_ambiguous,top_1_but_ambiguous|top_candidate_for_multiple_mountains,shared_candidate|not_mutual_top1,"mountain=鋸山(#87); candidate=summit-candidate:2f7dbee4c5bde53e; ref_score=0.6345; ref_rank=1; loc_level=exact_municipality_match; priority=high; priority_reasons=top_1_but_ambiguous,top_candidate_for_multiple_mountains"
87,鋸山,summit-candidate:db51ae1b2be57eea,yamap_2022-05-07_07_14.gpx,寒川山・鋸山・七々木山・豊受山・赤星山,1451.0833333333333,1017,434.08,0.6345,2,5,0,false,false,medium,medium,high,check_close_alternatives,exact_municipality_match,四国中央市,,四国中央市,"四国中央市, 愛媛県, 日本",multiple_candidates_for_mountain|multiple_mountains_for_candidate|weak_elevation_evidence|missing_csv_coordinate|activity_link_ambiguous,top_3_with_evidence,small_score_gap,mountain=鋸山(#87); candidate=summit-candidate:db51ae1b2be57eea; ref_score=0.6345; ref_rank=2; loc_level=exact_municipality_match; priority=medium; priority_reasons=top_3_with_evidence
87,鋸山,summit-candidate:eaabf45a5163fb65,yamap_2022-05-07_07_14.gpx,寒川山・鋸山・七々木山・豊受山・赤星山,1251.2133333333334,1017,234.21,0.6345,3,5,0.1445,false,false,medium,medium,high,check_close_alternatives,exact_municipality_match,四国中央市,,四国中央市,"豊受神社奥社, 林道法皇線, 四国中央市, 愛媛県, 799-0413, 日本",multiple_candidates_for_mountain|multiple_mountains_for_candidate|weak_elevation_evidence|missing_csv_coordinate|activity_link_ambiguous,top_3_with_evidence,small_score_gap,mountain=鋸山(#87); candidate=summit-candidate:eaabf45a5163fb65; ref_score=0.6345; ref_rank=3; loc_level=exact_municipality_match; priority=medium; priority_reasons=top_3_with_evidence
88,翠波峰,summit-candidate:2f7dbee4c5bde53e,yamap_2022-05-07_07_14.gpx,寒川山・鋸山・七々木山・豊受山・赤星山,1251.9766666666667,891,360.98,0.6345,1,6,0,false,false,medium,high,high,resolve_conflict,exact_municipality_match,四国中央市,,四国中央市,"豊受神社奥社, 林道法皇線, 四国中央市, 愛媛県, 799-0413, 日本",multiple_candidates_for_mountain|multiple_mountains_for_candidate|weak_elevation_evidence|missing_csv_coordinate|activity_link_ambiguous,top_1_but_ambiguous|top_candidate_for_multiple_mountains,shared_candidate|not_mutual_top1,"mountain=翠波峰(#88); candidate=summit-candidate:2f7dbee4c5bde53e; ref_score=0.6345; ref_rank=1; loc_level=exact_municipality_match; priority=high; priority_reasons=top_1_but_ambiguous,top_candidate_for_multiple_mountains"
88,翠波峰,summit-candidate:db51ae1b2be57eea,yamap_2022-05-07_07_14.gpx,寒川山・鋸山・七々木山・豊受山・赤星山,1451.0833333333333,891,560.08,0.6345,2,6,0,false,false,medium,medium,high,check_close_alternatives,exact_municipality_match,四国中央市,,四国中央市,"四国中央市, 愛媛県, 日本",multiple_candidates_for_mountain|multiple_mountains_for_candidate|weak_elevation_evidence|missing_csv_coordinate|activity_link_ambiguous,top_3_with_evidence,small_score_gap,mountain=翠波峰(#88); candidate=summit-candidate:db51ae1b2be57eea; ref_score=0.6345; ref_rank=2; loc_level=exact_municipality_match; priority=medium; priority_reasons=top_3_with_evidence
88,翠波峰,summit-candidate:eaabf45a5163fb65,yamap_2022-05-07_07_14.gpx,寒川山・鋸山・七々木山・豊受山・赤星山,1251.2133333333334,891,360.21,0.6345,3,6,0.324,false,false,medium,medium,high,check_close_alternatives,exact_municipality_match,四国中央市,,四国中央市,"豊受神社奥社, 林道法皇線, 四国中央市, 愛媛県, 799-0413, 日本",multiple_candidates_for_mountain|multiple_mountains_for_candidate|weak_elevation_evidence|missing_csv_coordinate|activity_link_ambiguous,top_3_with_evidence,small_score_gap,mountain=翠波峰(#88); candidate=summit-candidate:eaabf45a5163fb65; ref_score=0.6345; ref_rank=3; loc_level=exact_municipality_match; priority=medium; priority_reasons=top_3_with_evidence
89,平石山,summit-candidate:2f7dbee4c5bde53e,yamap_2022-05-07_07_14.gpx,寒川山・鋸山・七々木山・豊受山・赤星山,1251.9766666666667,826,425.98,0.6345,1,7,0,false,false,medium,high,high,resolve_conflict,exact_municipality_match,四国中央市,,四国中央市,"豊受神社奥社, 林道法皇線, 四国中央市, 愛媛県, 799-0413, 日本",multiple_candidates_for_mountain|multiple_mountains_for_candidate|weak_elevation_evidence|missing_csv_coordinate|activity_link_ambiguous,top_1_but_ambiguous|top_candidate_for_multiple_mountains,shared_candidate|not_mutual_top1,"mountain=平石山(#89); candidate=summit-candidate:2f7dbee4c5bde53e; ref_score=0.6345; ref_rank=1; loc_level=exact_municipality_match; priority=high; priority_reasons=top_1_but_ambiguous,top_candidate_for_multiple_mountains"
89,平石山,summit-candidate:db51ae1b2be57eea,yamap_2022-05-07_07_14.gpx,寒川山・鋸山・七々木山・豊受山・赤星山,1451.0833333333333,826,625.08,0.6345,2,7,0,false,false,medium,medium,high,check_close_alternatives,exact_municipality_match,四国中央市,,四国中央市,"四国中央市, 愛媛県, 日本",multiple_candidates_for_mountain|multiple_mountains_for_candidate|weak_elevation_evidence|missing_csv_coordinate|activity_link_ambiguous,top_3_with_evidence,small_score_gap,mountain=平石山(#89); candidate=summit-candidate:db51ae1b2be57eea; ref_score=0.6345; ref_rank=2; loc_level=exact_municipality_match; priority=medium; priority_reasons=top_3_with_evidence
89,平石山,summit-candidate:eaabf45a5163fb65,yamap_2022-05-07_07_14.gpx,寒川山・鋸山・七々木山・豊受山・赤星山,1251.2133333333334,826,425.21,0.6345,3,7,0.1445,false,false,medium,medium,high,check_close_alternatives,exact_municipality_match,四国中央市,,四国中央市,"豊受神社奥社, 林道法皇線, 四国中央市, 愛媛県, 799-0413, 日本",multiple_candidates_for_mountain|multiple_mountains_for_candidate|weak_elevation_evidence|missing_csv_coordinate|activity_link_ambiguous,top_3_with_evidence,small_score_gap,mountain=平石山(#89); candidate=summit-candidate:eaabf45a5163fb65; ref_score=0.6345; ref_rank=3; loc_level=exact_municipality_match; priority=medium; priority_reasons=top_3_with_evidence
90,割石東山,summit-candidate:4b33f9c73e644793,yamap_2022-05-15_06_10.gpx,割石東山・青滝山・堂ヶ森,1076.4162189328617,1074,2.42,0.7875,1,1,0.153,true,true,medium,high,medium,accept_candidate_after_map_check,exact_municipality_match,久万高原町,,久万高原町,"国道494号, 久万高原町, 上浮穴郡, 愛媛県, 日本",multiple_candidates_for_mountain|multiple_mountains_for_candidate|missing_csv_coordinate|activity_link_ambiguous,top_1_but_ambiguous,clear_mutual_top1,mountain=割石東山(#90); candidate=summit-candidate:4b33f9c73e644793; ref_score=0.7875; ref_rank=1; loc_level=exact_municipality_match; priority=high; priority_reasons=top_1_but_ambiguous
90,割石東山,summit-candidate:124ae25a51aa9a64,yamap_2022-05-15_06_10.gpx,割石東山・青滝山・堂ヶ森,1256.8500000000001,1074,182.85,0.6345,2,2,0,false,true,medium,medium,low,low_priority,exact_municipality_match,久万高原町,,久万高原町,"梅ヶ市林道, 久万高原町, 上浮穴郡, 愛媛県, 日本",multiple_candidates_for_mountain|multiple_mountains_for_candidate|weak_elevation_evidence|missing_csv_coordinate|activity_link_ambiguous,top_3_with_evidence,low_priority_alternative,mountain=割石東山(#90); candidate=summit-candidate:124ae25a51aa9a64; ref_score=0.6345; ref_rank=2; loc_level=exact_municipality_match; priority=medium; priority_reasons=top_3_with_evidence
90,割石東山,summit-candidate:242762a3c600ff91,yamap_2022-05-15_06_10.gpx,割石東山・青滝山・堂ヶ森,1301.993333333333,1074,227.99,0.6345,3,2,0,false,true,medium,high,high,resolve_conflict,exact_municipality_match,久万高原町,,久万高原町,"梅ヶ市林道, 久万高原町, 上浮穴郡, 愛媛県, 日本",multiple_candidates_for_mountain|multiple_mountains_for_candidate|weak_elevation_evidence|missing_csv_coordinate|activity_link_ambiguous,top_candidate_for_multiple_mountains,shared_candidate,mountain=割石東山(#90); candidate=summit-candidate:242762a3c600ff91; ref_score=0.6345; ref_rank=3; loc_level=exact_municipality_match; priority=high; priority_reasons=top_candidate_for_multiple_mountains
91,青滝山,summit-candidate:242762a3c600ff91,yamap_2022-05-15_06_10.gpx,割石東山・青滝山・堂ヶ森,1301.993333333333,1303,1.01,0.7875,1,1,0.102,true,true,medium,high,high,resolve_conflict,exact_municipality_match,久万高原町,,久万高原町,"梅ヶ市林道, 久万高原町, 上浮穴郡, 愛媛県, 日本",multiple_candidates_for_mountain|multiple_mountains_for_candidate|missing_csv_coordinate|activity_link_ambiguous,top_1_but_ambiguous|top_candidate_for_multiple_mountains,shared_candidate,"mountain=青滝山(#91); candidate=summit-candidate:242762a3c600ff91; ref_score=0.7875; ref_rank=1; loc_level=exact_municipality_match; priority=high; priority_reasons=top_1_but_ambiguous,top_candidate_for_multiple_mountains"
91,青滝山,summit-candidate:124ae25a51aa9a64,yamap_2022-05-15_06_10.gpx,割石東山・青滝山・堂ヶ森,1256.8500000000001,1303,46.15,0.6855,2,1,0.051,false,true,medium,medium,low,low_priority,exact_municipality_match,久万高原町,,久万高原町,"梅ヶ市林道, 久万高原町, 上浮穴郡, 愛媛県, 日本",multiple_candidates_for_mountain|multiple_mountains_for_candidate|missing_csv_coordinate|activity_link_ambiguous,top_3_with_evidence,low_priority_alternative,mountain=青滝山(#91); candidate=summit-candidate:124ae25a51aa9a64; ref_score=0.6855; ref_rank=2; loc_level=exact_municipality_match; priority=medium; priority_reasons=top_3_with_evidence
91,青滝山,summit-candidate:2b97141dc260a078,yamap_2022-05-15_06_10.gpx,割石東山・青滝山・堂ヶ森,1232.6866666666667,1303,70.31,0.6345,3,2,0,false,true,medium,medium,low,low_priority,exact_municipality_match,久万高原町,,久万高原町,"久万高原町, 上浮穴郡, 愛媛県, 日本",multiple_candidates_for_mountain|multiple_mountains_for_candidate|weak_elevation_evidence|missing_csv_coordinate|activity_link_ambiguous,top_3_with_evidence,low_priority_alternative,mountain=青滝山(#91); candidate=summit-candidate:2b97141dc260a078; ref_score=0.6345; ref_rank=3; loc_level=exact_municipality_match; priority=medium; priority_reasons=top_3_with_evidence
92,堂ヶ森,summit-candidate:bb644412fd9a132c,yamap_2022-05-15_06_10.gpx,割石東山・青滝山・堂ヶ森,1682.5333333333335,1689,6.47,0.7875,1,1,0.153,true,true,medium,high,medium,accept_candidate_after_map_check,exact_municipality_match,久万高原町,,久万高原町,"久万高原町, 上浮穴郡, 愛媛県, 日本",multiple_candidates_for_mountain|multiple_mountains_for_candidate|missing_csv_coordinate|activity_link_ambiguous,top_1_but_ambiguous,clear_mutual_top1,mountain=堂ヶ森(#92); candidate=summit-candidate:bb644412fd9a132c; ref_score=0.7875; ref_rank=1; loc_level=exact_municipality_match; priority=high; priority_reasons=top_1_but_ambiguous
92,堂ヶ森,summit-candidate:124ae25a51aa9a64,yamap_2022-05-15_06_10.gpx,割石東山・青滝山・堂ヶ森,1256.8500000000001,1689,432.15,0.6345,2,3,0,false,true,medium,medium,low,low_priority,exact_municipality_match,久万高原町,,久万高原町,"梅ヶ市林道, 久万高原町, 上浮穴郡, 愛媛県, 日本",multiple_candidates_for_mountain|multiple_mountains_for_candidate|weak_elevation_evidence|missing_csv_coordinate|activity_link_ambiguous,top_3_with_evidence,low_priority_alternative,mountain=堂ヶ森(#92); candidate=summit-candidate:124ae25a51aa9a64; ref_score=0.6345; ref_rank=2; loc_level=exact_municipality_match; priority=medium; priority_reasons=top_3_with_evidence
92,堂ヶ森,summit-candidate:242762a3c600ff91,yamap_2022-05-15_06_10.gpx,割石東山・青滝山・堂ヶ森,1301.993333333333,1689,387.01,0.6345,3,3,0,false,true,medium,high,high,resolve_conflict,exact_municipality_match,久万高原町,,久万高原町,"梅ヶ市林道, 久万高原町, 上浮穴郡, 愛媛県, 日本",multiple_candidates_for_mountain|multiple_mountains_for_candidate|weak_elevation_evidence|missing_csv_coordinate|activity_link_ambiguous,top_candidate_for_multiple_mountains,shared_candidate,mountain=堂ヶ森(#92); candidate=summit-candidate:242762a3c600ff91; ref_score=0.6345; ref_rank=3; loc_level=exact_municipality_match; priority=high; priority_reasons=top_candidate_for_multiple_mountains
93,南尖峰,summit-candidate:3b98b67bbe0fe0f9,yamap_2022-05-22_08_09.gpx,石鎚山・天狗岳・南尖峰,1979.1701508543217,1982,2.83,0.608,1,1,0.3485,true,true,medium,high,high,resolve_conflict,boundary_tolerated_mismatch,久万高原町,,,"石鎚神社, 三の鎖, 西条市, 愛媛県, 日本",multiple_candidates_for_mountain|multiple_mountains_for_candidate|missing_csv_coordinate|location_mismatch_warning|activity_link_ambiguous,top_1_but_ambiguous|strong_evidence_with_mismatch|top_candidate_for_multiple_mountains,shared_candidate,"mountain=南尖峰(#93); candidate=summit-candidate:3b98b67bbe0fe0f9; ref_score=0.608; ref_rank=1; loc_level=boundary_tolerated_mismatch; priority=high; priority_reasons=top_1_but_ambiguous,strong_evidence_with_mismatch,top_candidate_for_multiple_mountains"
93,南尖峰,summit-candidate:19713e48698f3e2a,yamap_2025-09-07_08_00.gpx,鶴ノ子ノ頭・石鎚山,1967.0036586656968,1982,15,0.2595,2,3,0,false,true,none,high,low,low_priority,boundary_tolerated_mismatch,久万高原町,,,"石鎚神社, 三の鎖, 西条市, 愛媛県, 日本",multiple_candidates_for_mountain|multiple_mountains_for_candidate|weak_name_evidence|missing_csv_coordinate|location_mismatch_warning,strong_evidence_with_mismatch,low_priority_alternative,mountain=南尖峰(#93); candidate=summit-candidate:19713e48698f3e2a; ref_score=0.2595; ref_rank=2; loc_level=boundary_tolerated_mismatch; priority=high; priority_reasons=strong_evidence_with_mismatch
93,南尖峰,summit-candidate:88555c5557efeb46,yamap_2022-09-24_08_33.gpx,石鎚山,1967.3733333333332,1982,14.63,0.2595,3,2,,false,true,none,high,low,low_priority,boundary_tolerated_mismatch,久万高原町,,,"石鎚神社, 三の鎖, 西条市, 愛媛県, 日本",multiple_candidates_for_mountain|multiple_mountains_for_candidate|weak_name_evidence|missing_csv_coordinate|location_mismatch_warning,strong_evidence_with_mismatch,low_priority_alternative,mountain=南尖峰(#93); candidate=summit-candidate:88555c5557efeb46; ref_score=0.2595; ref_rank=3; loc_level=boundary_tolerated_mismatch; priority=high; priority_reasons=strong_evidence_with_mismatch
94,自念子ノ頭,summit-candidate:6b5100f449c22108,yamap_2022-05-25_09_48.gpx,自念子ノ頭,1698.7424939329492,1702,3.26,0.608,1,1,0.118,true,true,medium,high,high,check_location_warning,boundary_tolerated_mismatch,西条市,,,"町道瓶ヶ森線, いの町, 吾川郡, 高知県, 日本",multiple_candidates_for_mountain|multiple_mountains_for_candidate|missing_csv_coordinate|location_mismatch_warning,top_1_but_ambiguous|strong_evidence_with_mismatch,location_mismatch_warning,"mountain=自念子ノ頭(#94); candidate=summit-candidate:6b5100f449c22108; ref_score=0.608; ref_rank=1; loc_level=boundary_tolerated_mismatch; priority=high; priority_reasons=top_1_but_ambiguous,strong_evidence_with_mismatch"
94,自念子ノ頭,summit-candidate:7a5ca8d918f43720,yamap_2026-05-02_09_29.gpx,男山・瓶ヶ森・台ヶ森,1708.05,1702,6.05,0.49,2,4,0.051,false,false,low,medium,low,low_priority,exact_municipality_match,西条市,,西条市,"町道瓶ヶ森線, 西条市, 吾川郡, 愛媛県, 日本",multiple_candidates_for_mountain|multiple_mountains_for_candidate|weak_name_evidence|missing_csv_coordinate,top_3_with_evidence,low_priority_alternative,mountain=自念子ノ頭(#94); candidate=summit-candidate:7a5ca8d918f43720; ref_score=0.49; ref_rank=2; loc_level=exact_municipality_match; priority=medium; priority_reasons=top_3_with_evidence
94,自念子ノ頭,summit-candidate:40e090ce41a89b55,yamap_2024-06-08_08_42.gpx,沓掛山・黒森山,1690.4033333333334,1702,11.6,0.439,3,5,0.051,false,false,low,high,high,resolve_conflict,exact_municipality_match,西条市,,西条市,"西条市, 愛媛県, 日本",multiple_candidates_for_mountain|multiple_mountains_for_candidate|weak_name_evidence|missing_csv_coordinate,top_candidate_for_multiple_mountains,shared_candidate,mountain=自念子ノ頭(#94); candidate=summit-candidate:40e090ce41a89b55; ref_score=0.439; ref_rank=3; loc_level=exact_municipality_match; priority=high; priority_reasons=top_candidate_for_multiple_mountains
95,勝山,summit-candidate:91cacd7deced8470,yamap_2022-06-04_14_13.gpx,勝山,129.4799661552467,131,1.52,0.7875,1,1,0.153,true,true,medium,high,medium,accept_candidate_after_map_check,exact_municipality_match,松山市,,松山市,"中央循環線, 平和通五丁目, 鉄砲町, 松山市, 愛媛県, 790-0008, 日本",multiple_candidates_for_mountain|multiple_mountains_for_candidate|missing_csv_coordinate,top_1_but_ambiguous,clear_mutual_top1,mountain=勝山(#95); candidate=summit-candidate:91cacd7deced8470; ref_score=0.7875; ref_rank=1; loc_level=exact_municipality_match; priority=high; priority_reasons=top_1_but_ambiguous
95,勝山,summit-candidate:12f30719aca26806,yamap_2025-01-11_08_43.gpx,尉之山・小山岳,397.0566666666667,131,266.06,0.6345,2,4,0,false,false,medium,high,high,resolve_conflict,exact_municipality_match,松山市,,松山市,"松山市, 愛媛県, 791-1132, 日本",multiple_candidates_for_mountain|multiple_mountains_for_candidate|weak_elevation_evidence|missing_csv_coordinate|activity_link_ambiguous,top_candidate_for_multiple_mountains,shared_candidate,mountain=勝山(#95); candidate=summit-candidate:12f30719aca26806; ref_score=0.6345; ref_rank=2; loc_level=exact_municipality_match; priority=high; priority_reasons=top_candidate_for_multiple_mountains
95,勝山,summit-candidate:2b833dfb6f3f84c1,yamap_2025-01-11_11_51.gpx,勝山,371.26,131,240.26,0.6345,3,3,0,false,true,medium,medium,low,low_priority,exact_municipality_match,松山市,,松山市,"四国のみち 旧道三坂峠を下るみち, 松山市, 愛媛県, 791-1132, 日本",multiple_candidates_for_mountain|multiple_mountains_for_candidate|weak_elevation_evidence|missing_csv_coordinate|activity_link_ambiguous,top_3_with_evidence,low_priority_alternative,mountain=勝山(#95); candidate=summit-candidate:2b833dfb6f3f84c1; ref_score=0.6345; ref_rank=3; loc_level=exact_municipality_match; priority=medium; priority_reasons=top_3_with_evidence
96,姫草,summit-candidate:dc456a72b89d4d52,yamap_2022-06-16_16_00.gpx,姫草,1272.03184660662,1274,1.97,0.7875,1,1,0.3325,true,true,medium,high,high,resolve_conflict,exact_municipality_match,西予市,,西予市,"四国カルスト公園縦断線, 永野, 西予市, 高岡郡, 愛媛県, 日本",multiple_candidates_for_mountain|multiple_mountains_for_candidate|missing_csv_coordinate|activity_link_ambiguous|timezone_sensitive_activity_link,top_1_but_ambiguous|top_candidate_for_multiple_mountains,shared_candidate,"mountain=姫草(#96); candidate=summit-candidate:dc456a72b89d4d52; ref_score=0.7875; ref_rank=1; loc_level=exact_municipality_match; priority=high; priority_reasons=top_1_but_ambiguous,top_candidate_for_multiple_mountains"
96,姫草,summit-candidate:c7ff156edb321d12,yamap_2022-06-16_16_25.gpx,牛城,1345.4997959227253,1274,71.5,0.455,2,4,0.016,false,false,low,high,high,check_location_warning,boundary_tolerated_mismatch,西予市,,,"久万高原町, 上浮穴郡, 愛媛県, 日本",multiple_candidates_for_mountain|multiple_mountains_for_candidate|weak_elevation_evidence|missing_csv_coordinate|location_mismatch_warning|activity_link_ambiguous|timezone_sensitive_activity_link,strong_evidence_with_mismatch,location_mismatch_warning,mountain=姫草(#96); candidate=summit-candidate:c7ff156edb321d12; ref_score=0.455; ref_rank=2; loc_level=boundary_tolerated_mismatch; priority=high; priority_reasons=strong_evidence_with_mismatch
96,姫草,summit-candidate:0cc9c1186612ceaa,yamap_2025-04-19_07_10.gpx,小屋山・丸石山,1297.49,1274,23.49,0.439,3,3,0.1285,false,true,low,medium,low,low_priority,exact_municipality_match,西予市,,西予市,"西予市, 愛媛県, 日本",multiple_candidates_for_mountain|multiple_mountains_for_candidate|weak_name_evidence|missing_csv_coordinate,top_3_with_evidence,low_priority_alternative,mountain=姫草(#96); candidate=summit-candidate:0cc9c1186612ceaa; ref_score=0.439; ref_rank=3; loc_level=exact_municipality_match; priority=medium; priority_reasons=top_3_with_evidence
97,牛城,summit-candidate:dc456a72b89d4d52,yamap_2022-06-16_16_00.gpx,姫草,1272.03184660662,1342,69.97,0.6345,1,2,0.0265,false,true,medium,high,high,resolve_conflict,exact_municipality_match,西予市,,西予市,"四国カルスト公園縦断線, 永野, 西予市, 高岡郡, 愛媛県, 日本",multiple_candidates_for_mountain|multiple_mountains_for_candidate|weak_elevation_evidence|missing_csv_coordinate|activity_link_ambiguous|timezone_sensitive_activity_link,top_1_but_ambiguous|top_candidate_for_multiple_mountains,shared_candidate|not_mutual_top1,"mountain=牛城(#97); candidate=summit-candidate:dc456a72b89d4d52; ref_score=0.6345; ref_rank=1; loc_level=exact_municipality_match; priority=high; priority_reasons=top_1_but_ambiguous,top_candidate_for_multiple_mountains"
97,牛城,summit-candidate:c7ff156edb321d12,yamap_2022-06-16_16_25.gpx,牛城,1345.4997959227253,1342,3.5,0.608,2,1,0.118,false,true,medium,high,high,check_close_alternatives,boundary_tolerated_mismatch,西予市,,,"久万高原町, 上浮穴郡, 愛媛県, 日本",multiple_candidates_for_mountain|multiple_mountains_for_candidate|missing_csv_coordinate|location_mismatch_warning|activity_link_ambiguous|timezone_sensitive_activity_link,strong_evidence_with_mismatch,small_score_gap,mountain=牛城(#97); candidate=summit-candidate:c7ff156edb321d12; ref_score=0.608; ref_rank=2; loc_level=boundary_tolerated_mismatch; priority=high; priority_reasons=strong_evidence_with_mismatch
97,牛城,summit-candidate:422a9e74717ca96d,yamap_2025-04-19_07_10.gpx,小屋山・丸石山,1341.5,1342,0.5,0.49,3,3,0.032157,false,true,low,medium,low,low_priority,exact_municipality_match,西予市,,西予市,"高樽林道, 内子町, 喜多郡, 愛媛県, 日本",multiple_candidates_for_mountain|multiple_mountains_for_candidate|weak_name_evidence|missing_csv_coordinate,top_3_with_evidence,low_priority_alternative,mountain=牛城(#97); candidate=summit-candidate:422a9e74717ca96d; ref_score=0.49; ref_rank=3; loc_level=exact_municipality_match; priority=medium; priority_reasons=top_3_with_evidence
98,積善山,summit-candidate:76a5e492c9dcf980,yamap_2022-06-18_11_15.gpx,積善山,363.7359939346231,370,6.26,0.713,1,1,0.258,true,true,medium,high,medium,accept_candidate_after_map_check,island_text_match,,岩城島,岩城,"積善山, 岩城環状線, 東, 岩城, 上島町, 越智郡, 愛媛県, 794-2410, 日本",multiple_candidates_for_mountain|multiple_mountains_for_candidate|missing_csv_coordinate|location_mismatch_warning|activity_link_ambiguous,top_1_but_ambiguous,clear_mutual_top1,mountain=積善山(#98); candidate=summit-candidate:76a5e492c9dcf980; ref_score=0.713; ref_rank=1; loc_level=island_text_match; priority=high; priority_reasons=top_1_but_ambiguous
98,積善山,summit-candidate:50aa5073a99759cf,yamap_2022-06-18_14_26.gpx,立石山,133.6903994266386,370,236.31,0.455,2,3,0,false,true,low,high,high,resolve_conflict,boundary_tolerated_mismatch,,岩城島,,"横浜生名港線, 生名, 上島町, 越智郡, 愛媛県, 794-2550, 日本",multiple_candidates_for_mountain|multiple_mountains_for_candidate|weak_elevation_evidence|missing_csv_coordinate|location_mismatch_warning|activity_link_ambiguous,strong_evidence_with_mismatch|top_candidate_for_multiple_mountains,shared_candidate,"mountain=積善山(#98); candidate=summit-candidate:50aa5073a99759cf; ref_score=0.455; ref_rank=2; loc_level=boundary_tolerated_mismatch; priority=high; priority_reasons=strong_evidence_with_mismatch,top_candidate_for_multiple_mountains"
98,積善山,summit-candidate:c4169cdcaf61f31a,yamap_2022-06-18_13_12.gpx,鉢巻山,132.84324070749756,370,237.16,0.455,3,3,0.1445,false,true,low,high,high,check_location_warning,boundary_tolerated_mismatch,,岩城島,,"生名, 上島町, 越智郡, 愛媛県, 794-2550, 日本",multiple_candidates_for_mountain|multiple_mountains_for_candidate|weak_elevation_evidence|missing_csv_coordinate|location_mismatch_warning|activity_link_ambiguous,strong_evidence_with_mismatch,location_mismatch_warning,mountain=積善山(#98); candidate=summit-candidate:c4169cdcaf61f31a; ref_score=0.455; ref_rank=3; loc_level=boundary_tolerated_mismatch; priority=high; priority_reasons=strong_evidence_with_mismatch
99,鉢巻山,summit-candidate:50aa5073a99759cf,yamap_2022-06-18_14_26.gpx,立石山,133.6903994266386,142,8.31,0.713,1,1,0,true,true,medium,high,high,resolve_conflict,island_text_match,,生名島,生名,"横浜生名港線, 生名, 上島町, 越智郡, 愛媛県, 794-2550, 日本",multiple_candidates_for_mountain|multiple_mountains_for_candidate|missing_csv_coordinate|location_mismatch_warning|activity_link_ambiguous,top_1_but_ambiguous|top_candidate_for_multiple_mountains,shared_candidate,"mountain=鉢巻山(#99); candidate=summit-candidate:50aa5073a99759cf; ref_score=0.713; ref_rank=1; loc_level=island_text_match; priority=high; priority_reasons=top_1_but_ambiguous,top_candidate_for_multiple_mountains"
99,鉢巻山,summit-candidate:c4169cdcaf61f31a,yamap_2022-06-18_13_12.gpx,鉢巻山,132.84324070749756,142,9.16,0.713,2,1,0.258,false,true,medium,medium,high,check_close_alternatives,island_text_match,,生名島,生名,"生名, 上島町, 越智郡, 愛媛県, 794-2550, 日本",multiple_candidates_for_mountain|multiple_mountains_for_candidate|missing_csv_coordinate|location_mismatch_warning|activity_link_ambiguous,top_3_with_evidence,small_score_gap,mountain=鉢巻山(#99); candidate=summit-candidate:c4169cdcaf61f31a; ref_score=0.713; ref_rank=2; loc_level=island_text_match; priority=medium; priority_reasons=top_3_with_evidence
99,鉢巻山,summit-candidate:76a5e492c9dcf980,yamap_2022-06-18_11_15.gpx,積善山,363.7359939346231,142,221.74,0.455,3,2,0.1445,false,true,low,high,high,check_location_warning,boundary_tolerated_mismatch,,生名島,,"積善山, 岩城環状線, 東, 岩城, 上島町, 越智郡, 愛媛県, 794-2410, 日本",multiple_candidates_for_mountain|multiple_mountains_for_candidate|weak_elevation_evidence|missing_csv_coordinate|location_mismatch_warning|activity_link_ambiguous,strong_evidence_with_mismatch,location_mismatch_warning,mountain=鉢巻山(#99); candidate=summit-candidate:76a5e492c9dcf980; ref_score=0.455; ref_rank=3; loc_level=boundary_tolerated_mismatch; priority=high; priority_reasons=strong_evidence_with_mismatch
100,立石山,summit-candidate:50aa5073a99759cf,yamap_2022-06-18_14_26.gpx,立石山,133.6903994266386,139,5.31,0.713,1,2,0,false,true,medium,high,high,resolve_conflict,island_text_match,,生名島,生名,"横浜生名港線, 生名, 上島町, 越智郡, 愛媛県, 794-2550, 日本",multiple_candidates_for_mountain|multiple_mountains_for_candidate|missing_csv_coordinate|location_mismatch_warning|activity_link_ambiguous,top_1_but_ambiguous|top_candidate_for_multiple_mountains,shared_candidate|not_mutual_top1,"mountain=立石山(#100); candidate=summit-candidate:50aa5073a99759cf; ref_score=0.713; ref_rank=1; loc_level=island_text_match; priority=high; priority_reasons=top_1_but_ambiguous,top_candidate_for_multiple_mountains"
100,立石山,summit-candidate:c4169cdcaf61f31a,yamap_2022-06-18_13_12.gpx,鉢巻山,132.84324070749756,139,6.16,0.713,2,2,0.258,false,true,medium,medium,high,check_close_alternatives,island_text_match,,生名島,生名,"生名, 上島町, 越智郡, 愛媛県, 794-2550, 日本",multiple_candidates_for_mountain|multiple_mountains_for_candidate|missing_csv_coordinate|location_mismatch_warning|activity_link_ambiguous,top_3_with_evidence,small_score_gap,mountain=立石山(#100); candidate=summit-candidate:c4169cdcaf61f31a; ref_score=0.713; ref_rank=2; loc_level=island_text_match; priority=medium; priority_reasons=top_3_with_evidence
100,立石山,summit-candidate:76a5e492c9dcf980,yamap_2022-06-18_11_15.gpx,積善山,363.7359939346231,139,224.74,0.455,3,3,0.1445,false,true,low,high,high,check_location_warning,boundary_tolerated_mismatch,,生名島,,"積善山, 岩城環状線, 東, 岩城, 上島町, 越智郡, 愛媛県, 794-2410, 日本",multiple_candidates_for_mountain|multiple_mountains_for_candidate|weak_elevation_evidence|missing_csv_coordinate|location_mismatch_warning|activity_link_ambiguous,strong_evidence_with_mismatch,location_mismatch_warning,mountain=立石山(#100); candidate=summit-candidate:76a5e492c9dcf980; ref_score=0.455; ref_rank=3; loc_level=boundary_tolerated_mismatch; priority=high; priority_reasons=strong_evidence_with_mismatch
101,鷲ヶ頭山,summit-candidate:159deb385560c198,yamap_2022-06-20_12_02.gpx,安神山・鷲ヶ頭山,436.9143046126708,436,0.91,0.713,1,1,0.153,true,true,medium,high,high,resolve_conflict,island_text_match,,大三島,大三島,"県道今治大三島自転車道線, 上条, 今治市, 愛媛県, 794-8511, 日本",multiple_candidates_for_mountain|multiple_mountains_for_candidate|missing_csv_coordinate|location_mismatch_warning,top_1_but_ambiguous|top_candidate_for_multiple_mountains,shared_candidate,"mountain=鷲ヶ頭山(#101); candidate=summit-candidate:159deb385560c198; ref_score=0.713; ref_rank=1; loc_level=island_text_match; priority=high; priority_reasons=top_1_but_ambiguous,top_candidate_for_multiple_mountains"
101,鷲ヶ頭山,summit-candidate:a92a94d8b5e0fb90,yamap_2022-06-20_12_02.gpx,安神山・鷲ヶ頭山,156.04151443047127,436,279.96,0.56,2,1,0.2495,false,true,low,medium,low,low_priority,island_text_match,,大三島,大三島,"十却橋, 大三島町宮浦, 下条, 今治市, 愛媛県, 794-1402, 日本",multiple_candidates_for_mountain|multiple_mountains_for_candidate|weak_elevation_evidence|missing_csv_coordinate|location_mismatch_warning,top_3_with_evidence,low_priority_alternative,mountain=鷲ヶ頭山(#101); candidate=summit-candidate:a92a94d8b5e0fb90; ref_score=0.56; ref_rank=2; loc_level=island_text_match; priority=medium; priority_reasons=top_3_with_evidence
101,鷲ヶ頭山,summit-candidate:54cf4155ab259d9d,yamap_2022-02-26_07_43.gpx,御岳山,430.59999999999997,436,5.4,0.3105,3,5,0,false,false,low,high,high,resolve_conflict,boundary_tolerated_mismatch,,大三島,,"下林, 東温市, 愛媛県, 日本",multiple_candidates_for_mountain|multiple_mountains_for_candidate|weak_name_evidence|missing_csv_coordinate|location_mismatch_warning|activity_link_ambiguous,strong_evidence_with_mismatch|top_candidate_for_multiple_mountains,shared_candidate,"mountain=鷲ヶ頭山(#101); candidate=summit-candidate:54cf4155ab259d9d; ref_score=0.3105; ref_rank=3; loc_level=boundary_tolerated_mismatch; priority=high; priority_reasons=strong_evidence_with_mismatch,top_candidate_for_multiple_mountains"
102,安神山,summit-candidate:159deb385560c198,yamap_2022-06-20_12_02.gpx,安神山・鷲ヶ頭山,436.9143046126708,267,169.91,0.56,1,2,0,false,true,low,high,high,resolve_conflict,island_text_match,,大三島,大三島,"県道今治大三島自転車道線, 上条, 今治市, 愛媛県, 794-8511, 日本",multiple_candidates_for_mountain|multiple_mountains_for_candidate|weak_elevation_evidence|missing_csv_coordinate|location_mismatch_warning,top_1_but_ambiguous|top_candidate_for_multiple_mountains,shared_candidate|not_mutual_top1,"mountain=安神山(#102); candidate=summit-candidate:159deb385560c198; ref_score=0.56; ref_rank=1; loc_level=island_text_match; priority=high; priority_reasons=top_1_but_ambiguous,top_candidate_for_multiple_mountains"
102,安神山,summit-candidate:a92a94d8b5e0fb90,yamap_2022-06-20_12_02.gpx,安神山・鷲ヶ頭山,156.04151443047127,267,110.96,0.56,2,2,0.2495,false,true,low,medium,high,check_close_alternatives,island_text_match,,大三島,大三島,"十却橋, 大三島町宮浦, 下条, 今治市, 愛媛県, 794-1402, 日本",multiple_candidates_for_mountain|multiple_mountains_for_candidate|weak_elevation_evidence|missing_csv_coordinate|location_mismatch_warning,top_3_with_evidence,small_score_gap,mountain=安神山(#102); candidate=summit-candidate:a92a94d8b5e0fb90; ref_score=0.56; ref_rank=2; loc_level=island_text_match; priority=medium; priority_reasons=top_3_with_evidence
102,安神山,summit-candidate:0022a746b396d4c7,yamap_2024-03-10_07_12.gpx,夫婦山・白山・観音山・国見山・城山・御勧請山,264.2867991594412,267,2.71,0.3105,3,18,0,false,false,low,high,high,check_location_warning,boundary_tolerated_mismatch,,大三島,,"白水台三丁目, 松山市, 愛媛県, 791-0112, 日本",multiple_candidates_for_mountain|multiple_mountains_for_candidate|weak_name_evidence|missing_csv_coordinate|location_mismatch_warning,strong_evidence_with_mismatch,location_mismatch_warning,mountain=安神山(#102); candidate=summit-candidate:0022a746b396d4c7; ref_score=0.3105; ref_rank=3; loc_level=boundary_tolerated_mismatch; priority=high; priority_reasons=strong_evidence_with_mismatch
103,篠山,summit-candidate:c8a7a1f1d1dad353,yamap_2022-06-23_13_59.gpx,篠山,1061.6229039079428,1065,3.38,0.7875,1,1,0.3325,true,true,medium,high,medium,accept_candidate_after_map_check,exact_municipality_match,愛南町,,愛南町,"篠山公園線, 愛南町, 南宇和郡, 愛媛県, 日本",multiple_candidates_for_mountain|multiple_mountains_for_candidate|missing_csv_coordinate,top_1_but_ambiguous,clear_mutual_top1,mountain=篠山(#103); candidate=summit-candidate:c8a7a1f1d1dad353; ref_score=0.7875; ref_rank=1; loc_level=exact_municipality_match; priority=high; priority_reasons=top_1_but_ambiguous
103,篠山,summit-candidate:2c1cbc474e49f1ec,yamap_2025-01-24_13_34.gpx,御篠山・松葉山（松葉城址）・烏殿,387.82666666666665,1065,677.17,0.455,2,6,0,false,false,low,high,high,check_location_warning,boundary_tolerated_mismatch,愛南町,,,"篠山神社, 大洲北只30, 宇和町さくら, 西予市, 愛媛県, 797-0007, 日本",multiple_candidates_for_mountain|multiple_mountains_for_candidate|weak_elevation_evidence|missing_csv_coordinate|location_mismatch_warning,strong_evidence_with_mismatch,location_mismatch_warning,mountain=篠山(#103); candidate=summit-candidate:2c1cbc474e49f1ec; ref_score=0.455; ref_rank=2; loc_level=boundary_tolerated_mismatch; priority=high; priority_reasons=strong_evidence_with_mismatch
103,篠山,summit-candidate:7a59a4750a70552c,yamap_2025-01-24_13_34.gpx,御篠山・松葉山（松葉城址）・烏殿,400.06,1065,664.94,0.455,3,4,0,false,false,low,high,high,check_location_warning,boundary_tolerated_mismatch,愛南町,,,"宇和町上松葉, 西予市, 愛媛県, 797-0046, 日本",multiple_candidates_for_mountain|multiple_mountains_for_candidate|weak_elevation_evidence|missing_csv_coordinate|location_mismatch_warning,strong_evidence_with_mismatch,location_mismatch_warning,mountain=篠山(#103); candidate=summit-candidate:7a59a4750a70552c; ref_score=0.455; ref_rank=3; loc_level=boundary_tolerated_mismatch; priority=high; priority_reasons=strong_evidence_with_mismatch
104,横山(横山城址),summit-candidate:43911aa413390192,yamap_2022-06-29_08_48.gpx,横山(横山城址),449.0333333333333,453,3.97,0.7875,1,1,0.3485,true,true,medium,high,high,resolve_conflict,exact_municipality_match,松山市,,松山市,"麓, 松山市, 愛媛県, 790-2648, 日本",multiple_candidates_for_mountain|multiple_mountains_for_candidate|missing_csv_coordinate,top_1_but_ambiguous|top_candidate_for_multiple_mountains,shared_candidate,"mountain=横山(横山城址)(#104); candidate=summit-candidate:43911aa413390192; ref_score=0.7875; ref_rank=1; loc_level=exact_municipality_match; priority=high; priority_reasons=top_1_but_ambiguous,top_candidate_for_multiple_mountains"
104,横山(横山城址),summit-candidate:7749b785ef007c1a,yamap_2025-01-11_08_43.gpx,尉之山・小山岳,430.1766666666667,453,22.82,0.439,2,7,0.1285,false,false,low,medium,low,low_priority,exact_municipality_match,松山市,,松山市,"松山市, 愛媛県, 791-1132, 日本",multiple_candidates_for_mountain|multiple_mountains_for_candidate|weak_name_evidence|missing_csv_coordinate|activity_link_ambiguous,top_3_with_evidence,low_priority_alternative,mountain=横山(横山城址)(#104); candidate=summit-candidate:7749b785ef007c1a; ref_score=0.439; ref_rank=2; loc_level=exact_municipality_match; priority=medium; priority_reasons=top_3_with_evidence
104,横山(横山城址),summit-candidate:0eff3d1ea2b48d73,yamap_2022-02-06_08_26.gpx,谷上山・権現山・白滝山・障子山,456.90483803547824,453,3.9,0.3105,3,18,0,false,false,low,high,high,check_location_warning,boundary_tolerated_mismatch,松山市,,,"伊予市, 愛媛県, 799-3193, 日本",multiple_candidates_for_mountain|multiple_mountains_for_candidate|weak_name_evidence|missing_csv_coordinate|location_mismatch_warning,strong_evidence_with_mismatch,location_mismatch_warning,mountain=横山(横山城址)(#104); candidate=summit-candidate:0eff3d1ea2b48d73; ref_score=0.3105; ref_rank=3; loc_level=boundary_tolerated_mismatch; priority=high; priority_reasons=strong_evidence_with_mismatch
105,鞍瀬ノ頭,summit-candidate:846b096132c533d6,yamap_2022-07-02_07_43.gpx,石鎚山・西ノ冠岳・面河の頭・二ノ森・鞍瀬ノ頭,1879.8966666666665,1889,9.1,0.608,1,1,0.102,true,true,medium,high,high,resolve_conflict,boundary_tolerated_mismatch,久万高原町,,,"西条市, 愛媛県, 日本",multiple_candidates_for_mountain|multiple_mountains_for_candidate|missing_csv_coordinate|location_mismatch_warning,top_1_but_ambiguous|strong_evidence_with_mismatch|top_candidate_for_multiple_mountains,shared_candidate,"mountain=鞍瀬ノ頭(#105); candidate=summit-candidate:846b096132c533d6; ref_score=0.608; ref_rank=1; loc_level=boundary_tolerated_mismatch; priority=high; priority_reasons=top_1_but_ambiguous,strong_evidence_with_mismatch,top_candidate_for_multiple_mountains"
105,鞍瀬ノ頭,summit-candidate:bca203164e26ce6a,yamap_2022-07-02_07_43.gpx,石鎚山・西ノ冠岳・面河の頭・二ノ森・鞍瀬ノ頭,1924.4866666666667,1889,35.49,0.506,2,2,0,false,true,medium,high,high,check_location_warning,boundary_tolerated_mismatch,久万高原町,,,"西条市, 愛媛県, 日本",multiple_candidates_for_mountain|multiple_mountains_for_candidate|missing_csv_coordinate|location_mismatch_warning,strong_evidence_with_mismatch,location_mismatch_warning,mountain=鞍瀬ノ頭(#105); candidate=summit-candidate:bca203164e26ce6a; ref_score=0.506; ref_rank=2; loc_level=boundary_tolerated_mismatch; priority=high; priority_reasons=strong_evidence_with_mismatch
105,鞍瀬ノ頭,summit-candidate:fe43b0b6aa90cb8f,yamap_2022-07-02_07_43.gpx,石鎚山・西ノ冠岳・面河の頭・二ノ森・鞍瀬ノ頭,1920.7933333333333,1889,31.79,0.506,3,2,0.067,false,true,medium,high,high,check_location_warning,boundary_tolerated_mismatch,久万高原町,,,"石鎚神社頂上山荘, 三の鎖, 西条市, 愛媛県, 日本",multiple_candidates_for_mountain|multiple_mountains_for_candidate|missing_csv_coordinate|location_mismatch_warning,strong_evidence_with_mismatch,location_mismatch_warning,mountain=鞍瀬ノ頭(#105); candidate=summit-candidate:fe43b0b6aa90cb8f; ref_score=0.506; ref_rank=3; loc_level=boundary_tolerated_mismatch; priority=high; priority_reasons=strong_evidence_with_mismatch
106,二ノ森,summit-candidate:bca203164e26ce6a,yamap_2022-07-02_07_43.gpx,石鎚山・西ノ冠岳・面河の頭・二ノ森・鞍瀬ノ頭,1924.4866666666667,1930,5.51,0.608,1,1,0,true,true,medium,high,high,check_close_alternatives,boundary_tolerated_mismatch,久万高原町,,,"西条市, 愛媛県, 日本",multiple_candidates_for_mountain|multiple_mountains_for_candidate|missing_csv_coordinate|location_mismatch_warning,top_1_but_ambiguous|strong_evidence_with_mismatch,small_score_gap,"mountain=二ノ森(#106); candidate=summit-candidate:bca203164e26ce6a; ref_score=0.608; ref_rank=1; loc_level=boundary_tolerated_mismatch; priority=high; priority_reasons=top_1_but_ambiguous,strong_evidence_with_mismatch"
106,二ノ森,summit-candidate:fe43b0b6aa90cb8f,yamap_2022-07-02_07_43.gpx,石鎚山・西ノ冠岳・面河の頭・二ノ森・鞍瀬ノ頭,1920.7933333333333,1930,9.21,0.608,2,1,0.153,false,true,medium,high,high,check_close_alternatives,boundary_tolerated_mismatch,久万高原町,,,"石鎚神社頂上山荘, 三の鎖, 西条市, 愛媛県, 日本",multiple_candidates_for_mountain|multiple_mountains_for_candidate|missing_csv_coordinate|location_mismatch_warning,strong_evidence_with_mismatch,small_score_gap,mountain=二ノ森(#106); candidate=summit-candidate:fe43b0b6aa90cb8f; ref_score=0.608; ref_rank=2; loc_level=boundary_tolerated_mismatch; priority=high; priority_reasons=strong_evidence_with_mismatch
106,二ノ森,summit-candidate:846b096132c533d6,yamap_2022-07-02_07_43.gpx,石鎚山・西ノ冠岳・面河の頭・二ノ森・鞍瀬ノ頭,1879.8966666666665,1930,50.1,0.455,3,4,,false,false,low,high,high,resolve_conflict,boundary_tolerated_mismatch,久万高原町,,,"西条市, 愛媛県, 日本",multiple_candidates_for_mountain|multiple_mountains_for_candidate|weak_elevation_evidence|missing_csv_coordinate|location_mismatch_warning,strong_evidence_with_mismatch|top_candidate_for_multiple_mountains,shared_candidate,"mountain=二ノ森(#106); candidate=summit-candidate:846b096132c533d6; ref_score=0.455; ref_rank=3; loc_level=boundary_tolerated_mismatch; priority=high; priority_reasons=strong_evidence_with_mismatch,top_candidate_for_multiple_mountains"
107,面河の頭,summit-candidate:846b096132c533d6,yamap_2022-07-02_07_43.gpx,石鎚山・西ノ冠岳・面河の頭・二ノ森・鞍瀬ノ頭,1879.8966666666665,1866,13.9,0.557,1,2,0.067,false,true,medium,high,high,resolve_conflict,boundary_tolerated_mismatch,久万高原町,,,"西条市, 愛媛県, 日本",multiple_candidates_for_mountain|multiple_mountains_for_candidate|missing_csv_coordinate|location_mismatch_warning,top_1_but_ambiguous|strong_evidence_with_mismatch|top_candidate_for_multiple_mountains,shared_candidate|not_mutual_top1,"mountain=面河の頭(#107); candidate=summit-candidate:846b096132c533d6; ref_score=0.557; ref_rank=1; loc_level=boundary_tolerated_mismatch; priority=high; priority_reasons=top_1_but_ambiguous,strong_evidence_with_mismatch,top_candidate_for_multiple_mountains"
107,面河の頭,summit-candidate:71b10e23075edf20,yamap_2022-04-30_08_30.gpx,岩黒山・筒上山・手箱山,1863.226432016608,1866,2.77,0.49,2,4,0.035,false,false,low,medium,low,low_priority,exact_municipality_match,久万高原町,,久万高原町,"久万高原町, 上浮穴郡, 愛媛県, 日本",multiple_candidates_for_mountain|multiple_mountains_for_candidate|weak_name_evidence|missing_csv_coordinate|activity_link_ambiguous,top_3_with_evidence,low_priority_alternative,mountain=面河の頭(#107); candidate=summit-candidate:71b10e23075edf20; ref_score=0.49; ref_rank=2; loc_level=exact_municipality_match; priority=medium; priority_reasons=top_3_with_evidence
107,面河の頭,summit-candidate:bca203164e26ce6a,yamap_2022-07-02_07_43.gpx,石鎚山・西ノ冠岳・面河の頭・二ノ森・鞍瀬ノ頭,1924.4866666666667,1866,58.49,0.455,3,5,0,false,false,low,high,high,check_location_warning,boundary_tolerated_mismatch,久万高原町,,,"西条市, 愛媛県, 日本",multiple_candidates_for_mountain|multiple_mountains_for_candidate|weak_elevation_evidence|missing_csv_coordinate|location_mismatch_warning,strong_evidence_with_mismatch,location_mismatch_warning,mountain=面河の頭(#107); candidate=summit-candidate:bca203164e26ce6a; ref_score=0.455; ref_rank=3; loc_level=boundary_tolerated_mismatch; priority=high; priority_reasons=strong_evidence_with_mismatch
108,西ノ冠岳,summit-candidate:b73a23fa4b3abc39,yamap_2023-09-06_13_30.gpx,冠岳,1375.6266666666668,1890,514.37,0.575,1,2,0.018,false,true,low,high,high,resolve_conflict,exact_municipality_match,久万高原町,,久万高原町,"石鎚スカイライン, 久万高原町, 上浮穴郡, 愛媛県, 日本",multiple_candidates_for_mountain|multiple_mountains_for_candidate|weak_elevation_evidence|missing_csv_coordinate,top_1_but_ambiguous|top_candidate_for_multiple_mountains,shared_candidate|not_mutual_top1,"mountain=西ノ冠岳(#108); candidate=summit-candidate:b73a23fa4b3abc39; ref_score=0.575; ref_rank=1; loc_level=exact_municipality_match; priority=high; priority_reasons=top_1_but_ambiguous,top_candidate_for_multiple_mountains"
108,西ノ冠岳,summit-candidate:846b096132c533d6,yamap_2022-07-02_07_43.gpx,石鎚山・西ノ冠岳・面河の頭・二ノ森・鞍瀬ノ頭,1879.8966666666665,1890,10.1,0.557,2,3,0.051,false,true,medium,high,high,resolve_conflict,boundary_tolerated_mismatch,久万高原町,,,"西条市, 愛媛県, 日本",multiple_candidates_for_mountain|multiple_mountains_for_candidate|missing_csv_coordinate|location_mismatch_warning,strong_evidence_with_mismatch|top_candidate_for_multiple_mountains,shared_candidate,"mountain=西ノ冠岳(#108); candidate=summit-candidate:846b096132c533d6; ref_score=0.557; ref_rank=2; loc_level=boundary_tolerated_mismatch; priority=high; priority_reasons=strong_evidence_with_mismatch,top_candidate_for_multiple_mountains"
108,西ノ冠岳,summit-candidate:bca203164e26ce6a,yamap_2022-07-02_07_43.gpx,石鎚山・西ノ冠岳・面河の頭・二ノ森・鞍瀬ノ頭,1924.4866666666667,1890,34.49,0.506,3,3,0,false,true,medium,high,high,check_location_warning,boundary_tolerated_mismatch,久万高原町,,,"西条市, 愛媛県, 日本",multiple_candidates_for_mountain|multiple_mountains_for_candidate|missing_csv_coordinate|location_mismatch_warning,strong_evidence_with_mismatch,location_mismatch_warning,mountain=西ノ冠岳(#108); candidate=summit-candidate:bca203164e26ce6a; ref_score=0.506; ref_rank=3; loc_level=boundary_tolerated_mismatch; priority=high; priority_reasons=strong_evidence_with_mismatch
109,西黒森,summit-candidate:db28fcca36deb720,yamap_2022-07-10_07_25.gpx,男山・瓶ヶ森・西黒森,1892.6599999999999,1861,31.66,0.5835,1,2,0.051,false,true,low,high,high,resolve_conflict,exact_municipality_match,西条市,,西条市,"町道瓶ヶ森線, いの町, 吾川郡, 高知県, 日本",multiple_candidates_for_mountain|multiple_mountains_for_candidate|missing_csv_coordinate,top_1_but_ambiguous,not_mutual_top1,mountain=西黒森(#109); candidate=summit-candidate:db28fcca36deb720; ref_score=0.5835; ref_rank=1; loc_level=exact_municipality_match; priority=high; priority_reasons=top_1_but_ambiguous
109,西黒森,summit-candidate:ccaadb71f8ae2bd1,yamap_2022-07-10_07_25.gpx,男山・瓶ヶ森・西黒森,1711.8700000000001,1861,149.13,0.5325,2,1,0.0425,false,true,low,medium,low,low_priority,exact_municipality_match,西条市,,西条市,"町道瓶ヶ森線, いの町, 吾川郡, 高知県, 日本",multiple_candidates_for_mountain|multiple_mountains_for_candidate|weak_elevation_evidence|missing_csv_coordinate,top_3_with_evidence,low_priority_alternative,mountain=西黒森(#109); candidate=summit-candidate:ccaadb71f8ae2bd1; ref_score=0.5325; ref_rank=2; loc_level=exact_municipality_match; priority=medium; priority_reasons=top_3_with_evidence
109,西黒森,summit-candidate:9a59c4b620ba3792,yamap_2022-09-09_06_58.gpx,寒風山・笹ヶ峰・ちち山,1856.2533333333333,1861,4.75,0.49,3,4,0,false,false,low,medium,low,low_priority,exact_municipality_match,西条市,,西条市,"西条市, 愛媛県, 日本",multiple_candidates_for_mountain|multiple_mountains_for_candidate|weak_name_evidence|missing_csv_coordinate,top_3_with_evidence,low_priority_alternative,mountain=西黒森(#109); candidate=summit-candidate:9a59c4b620ba3792; ref_score=0.49; ref_rank=3; loc_level=exact_municipality_match; priority=medium; priority_reasons=top_3_with_evidence
110,小富士,summit-candidate:75832271d4e4d0ba,yamap_2022-07-14_09_57.gpx,小富士,281.5,282,0.5,0.713,1,1,0.4025,true,true,medium,high,high,resolve_conflict,island_text_match,,興居島,興居島,"興居島循環線, 門田町, 松山市, 愛媛県, 791-8093, 日本",multiple_candidates_for_mountain|multiple_mountains_for_candidate|missing_csv_coordinate|location_mismatch_warning|activity_link_ambiguous,top_1_but_ambiguous|top_candidate_for_multiple_mountains,shared_candidate,"mountain=小富士(#110); candidate=summit-candidate:75832271d4e4d0ba; ref_score=0.713; ref_rank=1; loc_level=island_text_match; priority=high; priority_reasons=top_1_but_ambiguous,top_candidate_for_multiple_mountains"
110,小富士,summit-candidate:079ae30d76fb11c2,yamap_2022-03-13_09_49.gpx,倉谷山・芝ヶ峠・淡路ヶ峠・宝ヶ峯,280.85333333333335,282,1.15,0.3105,2,10,0,false,false,low,high,high,resolve_conflict,boundary_tolerated_mismatch,,興居島,,"鷹子町, 松山市, 愛媛県, 791-0243, 日本",multiple_candidates_for_mountain|multiple_mountains_for_candidate|weak_name_evidence|missing_csv_coordinate|location_mismatch_warning,strong_evidence_with_mismatch|top_candidate_for_multiple_mountains,shared_candidate,"mountain=小富士(#110); candidate=summit-candidate:079ae30d76fb11c2; ref_score=0.3105; ref_rank=2; loc_level=boundary_tolerated_mismatch; priority=high; priority_reasons=strong_evidence_with_mismatch,top_candidate_for_multiple_mountains"
110,小富士,summit-candidate:830c63408bf56cc5,yamap_2023-01-21_09_56.gpx,大森山,289.2,282,7.2,0.3105,3,24,0,false,false,low,high,high,check_location_warning,boundary_tolerated_mismatch,,興居島,,"国道197号, 伊方町, 西宇和郡, 愛媛県, 792-0612, 日本",multiple_candidates_for_mountain|multiple_mountains_for_candidate|weak_name_evidence|missing_csv_coordinate|location_mismatch_warning|activity_link_ambiguous,strong_evidence_with_mismatch,location_mismatch_warning,mountain=小富士(#110); candidate=summit-candidate:830c63408bf56cc5; ref_score=0.3105; ref_rank=3; loc_level=boundary_tolerated_mismatch; priority=high; priority_reasons=strong_evidence_with_mismatch
111,龍石山,summit-candidate:75832271d4e4d0ba,yamap_2022-07-14_09_57.gpx,小富士,281.5,32,249.5,0.56,1,2,0.2495,false,true,low,high,high,resolve_conflict,island_text_match,,興居島,興居島,"興居島循環線, 門田町, 松山市, 愛媛県, 791-8093, 日本",multiple_candidates_for_mountain|multiple_mountains_for_candidate|weak_elevation_evidence|missing_csv_coordinate|location_mismatch_warning|activity_link_ambiguous,top_1_but_ambiguous|top_candidate_for_multiple_mountains,shared_candidate|not_mutual_top1,"mountain=龍石山(#111); candidate=summit-candidate:75832271d4e4d0ba; ref_score=0.56; ref_rank=1; loc_level=island_text_match; priority=high; priority_reasons=top_1_but_ambiguous,top_candidate_for_multiple_mountains"
111,龍石山,summit-candidate:5f001ac124f82ef6,yamap_2022-10-19_16_00.gpx,西港山・大丸山・港山,41.080000000000005,32,9.08,0.3105,2,14,0.051,false,false,low,high,high,resolve_conflict,boundary_tolerated_mismatch,,興居島,,"三津一丁目, 港山町, 松山市, 愛媛県, 791-8061, 日本",multiple_candidates_for_mountain|multiple_mountains_for_candidate|weak_name_evidence|missing_csv_coordinate|location_mismatch_warning|timezone_sensitive_activity_link,strong_evidence_with_mismatch|top_candidate_for_multiple_mountains,shared_candidate,"mountain=龍石山(#111); candidate=summit-candidate:5f001ac124f82ef6; ref_score=0.3105; ref_rank=2; loc_level=boundary_tolerated_mismatch; priority=high; priority_reasons=strong_evidence_with_mismatch,top_candidate_for_multiple_mountains"
111,龍石山,summit-candidate:40d5b4863907057a,yamap_2022-02-09_10_01.gpx,佐田岬と伽藍山,50.463046185756546,32,18.46,0.2595,3,15,0,false,false,none,high,low,low_priority,boundary_tolerated_mismatch,,興居島,,"佐田岬三崎線, 伊方町, 西宇和郡, 愛媛県, 796-0822, 日本",multiple_candidates_for_mountain|multiple_mountains_for_candidate|weak_name_evidence|missing_csv_coordinate|location_mismatch_warning,strong_evidence_with_mismatch,low_priority_alternative,mountain=龍石山(#111); candidate=summit-candidate:40d5b4863907057a; ref_score=0.2595; ref_rank=3; loc_level=boundary_tolerated_mismatch; priority=high; priority_reasons=strong_evidence_with_mismatch
112,子持山,summit-candidate:93b30125fa1dcd57,yamap_2022-07-21_10_02.gpx,子持山（頂上にたどり着けず）,62.39020293366199,123,60.61,0.56,1,1,0.2495,true,true,low,high,low,low_priority,island_text_match,,興居島,興居島,"松山市立興居島小中学校, 興居島循環線, 門田町, 松山市, 愛媛県, 791-8093, 日本",multiple_candidates_for_mountain|multiple_mountains_for_candidate|weak_elevation_evidence|missing_csv_coordinate|location_mismatch_warning,top_1_but_ambiguous,low_priority_alternative,mountain=子持山(#112); candidate=summit-candidate:93b30125fa1dcd57; ref_score=0.56; ref_rank=1; loc_level=island_text_match; priority=high; priority_reasons=top_1_but_ambiguous
112,子持山,summit-candidate:101c1b0635c0bec0,yamap_2022-12-25_10_09.gpx,高山,131.66666666666666,123,8.67,0.3105,2,18,0,false,false,low,high,high,resolve_conflict,boundary_tolerated_mismatch,,興居島,,"波方町馬刀潟, 今治市, 愛媛県, 794-8511, 日本",multiple_candidates_for_mountain|multiple_mountains_for_candidate|weak_name_evidence|missing_csv_coordinate|location_mismatch_warning|activity_link_ambiguous,strong_evidence_with_mismatch|top_candidate_for_multiple_mountains,shared_candidate,"mountain=子持山(#112); candidate=summit-candidate:101c1b0635c0bec0; ref_score=0.3105; ref_rank=2; loc_level=boundary_tolerated_mismatch; priority=high; priority_reasons=strong_evidence_with_mismatch,top_candidate_for_multiple_mountains"
112,子持山,summit-candidate:8178723bbadb1c72,yamap_2023-01-06_11_33.gpx,岩子山・垣生山・津田山・弁天山,123.67,123,0.67,0.3105,3,21,0,false,false,low,high,high,check_location_warning,boundary_tolerated_mismatch,,興居島,,"別府町, 松山市, 愛媛県, 791-8057, 日本",multiple_candidates_for_mountain|multiple_mountains_for_candidate|weak_name_evidence|missing_csv_coordinate|location_mismatch_warning,strong_evidence_with_mismatch,location_mismatch_warning,mountain=子持山(#112); candidate=summit-candidate:8178723bbadb1c72; ref_score=0.3105; ref_rank=3; loc_level=boundary_tolerated_mismatch; priority=high; priority_reasons=strong_evidence_with_mismatch
113,大峰ヶ台,summit-candidate:8de328f982753d58,yamap_2022-08-21_15_44.gpx,大峰ヶ台,117.91000000000001,141,23.09,0.7365,1,1,0.2465,true,true,medium,high,medium,accept_candidate_after_map_check,exact_municipality_match,松山市,,松山市,"朝日ケ丘一丁目, 南江戸町, 松山市, 愛媛県, 790-0062, 日本",multiple_candidates_for_mountain|multiple_mountains_for_candidate|missing_csv_coordinate|timezone_sensitive_activity_link,top_1_but_ambiguous,clear_mutual_top1,mountain=大峰ヶ台(#113); candidate=summit-candidate:8de328f982753d58; ref_score=0.7365; ref_rank=1; loc_level=exact_municipality_match; priority=high; priority_reasons=top_1_but_ambiguous
113,大峰ヶ台,summit-candidate:ab8cf0f07d2a219d,yamap_2022-03-12_08_31.gpx,菊ヶ森,145.66,141,4.66,0.49,2,3,0.051,false,true,low,medium,low,low_priority,exact_municipality_match,松山市,,松山市,"松山市道 湯山50号線, 上高野町, 松山市, 愛媛県, 791-0101, 日本",multiple_candidates_for_mountain|multiple_mountains_for_candidate|weak_name_evidence|missing_csv_coordinate|activity_link_ambiguous,top_3_with_evidence,low_priority_alternative,mountain=大峰ヶ台(#113); candidate=summit-candidate:ab8cf0f07d2a219d; ref_score=0.49; ref_rank=2; loc_level=exact_municipality_match; priority=medium; priority_reasons=top_3_with_evidence
113,大峰ヶ台,summit-candidate:084fa7c9e55252dc,yamap_2026-03-11_10_35.gpx,野津子山・軽ノ山,165.84333333333333,141,24.84,0.439,3,14,0,false,false,low,high,high,resolve_conflict,exact_municipality_match,松山市,,松山市,"祝谷六丁目, 祝谷西町, 松山市, 愛媛県, 790-0833, 日本",multiple_candidates_for_mountain|multiple_mountains_for_candidate|weak_name_evidence|missing_csv_coordinate,top_candidate_for_multiple_mountains,shared_candidate,mountain=大峰ヶ台(#113); candidate=summit-candidate:084fa7c9e55252dc; ref_score=0.439; ref_rank=3; loc_level=exact_municipality_match; priority=high; priority_reasons=top_candidate_for_multiple_mountains
114,世田山,summit-candidate:8f25ad4ff380df77,yamap_2026-03-06_09_00.gpx,世田山・笠松山東峰・笠松山,346.8866666666666,339,7.89,0.7875,1,1,0.051,true,true,medium,high,high,resolve_conflict,exact_municipality_match,今治市,,今治市,"今治市, 愛媛県, 794-8511, 日本",multiple_candidates_for_mountain|multiple_mountains_for_candidate|missing_csv_coordinate,top_1_but_ambiguous|top_candidate_for_multiple_mountains,shared_candidate,"mountain=世田山(#114); candidate=summit-candidate:8f25ad4ff380df77; ref_score=0.7875; ref_rank=1; loc_level=exact_municipality_match; priority=high; priority_reasons=top_1_but_ambiguous,top_candidate_for_multiple_mountains"
114,世田山,summit-candidate:9d5a3bd31bedfeda,yamap_2022-08-26_08_45.gpx,世田山・笠松山,356.6686284540569,339,17.67,0.7365,2,2,0,false,true,medium,medium,low,low_priority,exact_municipality_match,今治市,,今治市,"朝倉南, 今治市, 愛媛県, 794-8511, 日本",multiple_candidates_for_mountain|multiple_mountains_for_candidate|missing_csv_coordinate,top_3_with_evidence,low_priority_alternative,mountain=世田山(#114); candidate=summit-candidate:9d5a3bd31bedfeda; ref_score=0.7365; ref_rank=2; loc_level=exact_municipality_match; priority=medium; priority_reasons=top_3_with_evidence
114,世田山,summit-candidate:d0f2d4ee46a862c3,yamap_2022-08-26_08_45.gpx,世田山・笠松山,360.61048094906045,339,21.61,0.7365,3,2,0.2465,false,true,medium,medium,low,low_priority,exact_municipality_match,今治市,,今治市,"今治市, 愛媛県, 794-8511, 日本",multiple_candidates_for_mountain|multiple_mountains_for_candidate|missing_csv_coordinate,top_3_with_evidence,low_priority_alternative,mountain=世田山(#114); candidate=summit-candidate:d0f2d4ee46a862c3; ref_score=0.7365; ref_rank=3; loc_level=exact_municipality_match; priority=medium; priority_reasons=top_3_with_evidence
115,笠松山,summit-candidate:9d5a3bd31bedfeda,yamap_2022-08-26_08_45.gpx,世田山・笠松山,356.6686284540569,357,0.33,0.7875,1,1,0,true,true,medium,high,medium,accept_candidate_after_map_check,exact_municipality_match,今治市,,今治市,"朝倉南, 今治市, 愛媛県, 794-8511, 日本",multiple_candidates_for_mountain|multiple_mountains_for_candidate|missing_csv_coordinate,top_1_but_ambiguous,clear_mutual_top1,mountain=笠松山(#115); candidate=summit-candidate:9d5a3bd31bedfeda; ref_score=0.7875; ref_rank=1; loc_level=exact_municipality_match; priority=high; priority_reasons=top_1_but_ambiguous
115,笠松山,summit-candidate:d0f2d4ee46a862c3,yamap_2022-08-26_08_45.gpx,世田山・笠松山,360.61048094906045,357,3.61,0.7875,2,1,0.051,false,true,medium,medium,high,check_close_alternatives,exact_municipality_match,今治市,,今治市,"今治市, 愛媛県, 794-8511, 日本",multiple_candidates_for_mountain|multiple_mountains_for_candidate|missing_csv_coordinate,top_3_with_evidence,small_score_gap,mountain=笠松山(#115); candidate=summit-candidate:d0f2d4ee46a862c3; ref_score=0.7875; ref_rank=2; loc_level=exact_municipality_match; priority=medium; priority_reasons=top_3_with_evidence
115,笠松山,summit-candidate:8f25ad4ff380df77,yamap_2026-03-06_09_00.gpx,世田山・笠松山東峰・笠松山,346.8866666666666,357,10.11,0.7365,3,2,0.2465,false,true,medium,high,high,resolve_conflict,exact_municipality_match,今治市,,今治市,"今治市, 愛媛県, 794-8511, 日本",multiple_candidates_for_mountain|multiple_mountains_for_candidate|missing_csv_coordinate,top_candidate_for_multiple_mountains,shared_candidate,mountain=笠松山(#115); candidate=summit-candidate:8f25ad4ff380df77; ref_score=0.7365; ref_rank=3; loc_level=exact_municipality_match; priority=high; priority_reasons=top_candidate_for_multiple_mountains
116,北三方ヶ森,summit-candidate:80368eea9aabeb96,yamap_2022-08-27_06_05.gpx,北三方ヶ森,964.82,978,13.18,0.557,1,1,0.067,true,true,medium,high,high,check_location_warning,boundary_tolerated_mismatch,松山市,,,"今治市, 愛媛県, 794-8511, 日本",multiple_candidates_for_mountain|multiple_mountains_for_candidate|missing_csv_coordinate|location_mismatch_warning,top_1_but_ambiguous|strong_evidence_with_mismatch,location_mismatch_warning,"mountain=北三方ヶ森(#116); candidate=summit-candidate:80368eea9aabeb96; ref_score=0.557; ref_rank=1; loc_level=boundary_tolerated_mismatch; priority=high; priority_reasons=top_1_but_ambiguous,strong_evidence_with_mismatch"
116,北三方ヶ森,summit-candidate:6ba0d3c6b0fb6b96,yamap_2022-04-09_14_44.gpx,大月山・高縄山,981.3100000000001,978,3.31,0.49,2,4,0.035,false,false,low,medium,low,low_priority,exact_municipality_match,松山市,,松山市,"松山市, 愛媛県, 日本",multiple_candidates_for_mountain|multiple_mountains_for_candidate|weak_name_evidence|missing_csv_coordinate|activity_link_ambiguous,top_3_with_evidence,low_priority_alternative,mountain=北三方ヶ森(#116); candidate=summit-candidate:6ba0d3c6b0fb6b96; ref_score=0.49; ref_rank=2; loc_level=exact_municipality_match; priority=medium; priority_reasons=top_3_with_evidence
116,北三方ヶ森,summit-candidate:3111fcf6a23addd2,yamap_2022-08-27_06_05.gpx,北三方ヶ森,905.61,978,72.39,0.455,3,1,0.016,false,true,low,high,high,check_location_warning,boundary_tolerated_mismatch,松山市,,,"今治市, 愛媛県, 794-8511, 日本",multiple_candidates_for_mountain|multiple_mountains_for_candidate|weak_elevation_evidence|missing_csv_coordinate|location_mismatch_warning,strong_evidence_with_mismatch,location_mismatch_warning,mountain=北三方ヶ森(#116); candidate=summit-candidate:3111fcf6a23addd2; ref_score=0.455; ref_rank=3; loc_level=boundary_tolerated_mismatch; priority=high; priority_reasons=strong_evidence_with_mismatch
117,大友山,summit-candidate:2b56d4ad77a0c4b7,yamap_2022-09-04_12_08.gpx,大友山,404.05,407,2.95,0.7875,1,1,0.153,true,true,medium,high,medium,accept_candidate_after_map_check,exact_municipality_match,松山市,,松山市,"千足, 松山市, 伊予郡, 愛媛県, 791-2132, 日本",multiple_candidates_for_mountain|multiple_mountains_for_candidate|missing_csv_coordinate,top_1_but_ambiguous,clear_mutual_top1,mountain=大友山(#117); candidate=summit-candidate:2b56d4ad77a0c4b7; ref_score=0.7875; ref_rank=1; loc_level=exact_municipality_match; priority=high; priority_reasons=top_1_but_ambiguous
117,大友山,summit-candidate:9b4175d2d4104530,yamap_2022-09-04_12_08.gpx,大友山,343.08666666666664,407,63.91,0.6345,2,1,0.1445,false,true,medium,medium,low,low_priority,exact_municipality_match,松山市,,松山市,"宮内, 砥部町, 伊予郡, 愛媛県, 791-2120, 日本",multiple_candidates_for_mountain|multiple_mountains_for_candidate|weak_elevation_evidence|missing_csv_coordinate,top_3_with_evidence,low_priority_alternative,mountain=大友山(#117); candidate=summit-candidate:9b4175d2d4104530; ref_score=0.6345; ref_rank=2; loc_level=exact_municipality_match; priority=medium; priority_reasons=top_3_with_evidence
117,大友山,summit-candidate:12f30719aca26806,yamap_2025-01-11_08_43.gpx,尉之山・小山岳,397.0566666666667,407,9.94,0.49,3,5,0,false,false,low,high,high,resolve_conflict,exact_municipality_match,松山市,,松山市,"松山市, 愛媛県, 791-1132, 日本",multiple_candidates_for_mountain|multiple_mountains_for_candidate|weak_name_evidence|missing_csv_coordinate|activity_link_ambiguous,top_candidate_for_multiple_mountains,shared_candidate,mountain=大友山(#117); candidate=summit-candidate:12f30719aca26806; ref_score=0.49; ref_rank=3; loc_level=exact_municipality_match; priority=high; priority_reasons=top_candidate_for_multiple_mountains
118,湯築山,summit-candidate:452c10a1db199870,yamap_2022-03-20_07_06.gpx,大久保山・八里ヶ峠・中坂山・天神山・室岡山・潮見山,76.83333333333333,71,5.83,0.49,1,9,0,false,false,low,high,high,resolve_conflict,exact_municipality_match,松山市,,松山市,"吉藤四丁目, 谷町, 松山市, 愛媛県, 791-8004, 日本",multiple_candidates_for_mountain|multiple_mountains_for_candidate|weak_name_evidence|missing_csv_coordinate,top_1_but_ambiguous|top_candidate_for_multiple_mountains,shared_candidate|not_mutual_top1,"mountain=湯築山(#118); candidate=summit-candidate:452c10a1db199870; ref_score=0.49; ref_rank=1; loc_level=exact_municipality_match; priority=high; priority_reasons=top_1_but_ambiguous,top_candidate_for_multiple_mountains"
118,湯築山,summit-candidate:5c9365b2a5a9c97f,yamap_2022-12-31_15_00.gpx,星岡山,69.03333333333333,71,1.97,0.49,2,6,0,false,false,low,high,high,resolve_conflict,exact_municipality_match,松山市,,松山市,"星岡四丁目, 星岡町, 松山市, 愛媛県, 960-0951, 日本",multiple_candidates_for_mountain|multiple_mountains_for_candidate|weak_name_evidence|missing_csv_coordinate|activity_link_ambiguous|timezone_sensitive_activity_link,top_candidate_for_multiple_mountains,shared_candidate,mountain=湯築山(#118); candidate=summit-candidate:5c9365b2a5a9c97f; ref_score=0.49; ref_rank=2; loc_level=exact_municipality_match; priority=high; priority_reasons=top_candidate_for_multiple_mountains
118,湯築山,summit-candidate:93b30125fa1dcd57,yamap_2022-07-21_10_02.gpx,子持山（頂上にたどり着けず）,62.39020293366199,71,8.61,0.49,3,2,0,false,true,low,medium,high,check_close_alternatives,exact_municipality_match,松山市,,松山市,"松山市立興居島小中学校, 興居島循環線, 門田町, 松山市, 愛媛県, 791-8093, 日本",multiple_candidates_for_mountain|multiple_mountains_for_candidate|weak_name_evidence|missing_csv_coordinate,top_3_with_evidence,small_score_gap,mountain=湯築山(#118); candidate=summit-candidate:93b30125fa1dcd57; ref_score=0.49; ref_rank=3; loc_level=exact_municipality_match; priority=medium; priority_reasons=top_3_with_evidence
119,寒風山,summit-candidate:9a59c4b620ba3792,yamap_2022-09-09_06_58.gpx,寒風山・笹ヶ峰・ちち山,1856.2533333333333,1762,94.25,0.6345,1,3,0.0265,false,true,medium,high,high,resolve_conflict,exact_municipality_match,西条市,,西条市,"西条市, 愛媛県, 日本",multiple_candidates_for_mountain|multiple_mountains_for_candidate|weak_elevation_evidence|missing_csv_coordinate,top_1_but_ambiguous,not_mutual_top1,mountain=寒風山(#119); candidate=summit-candidate:9a59c4b620ba3792; ref_score=0.6345; ref_rank=1; loc_level=exact_municipality_match; priority=high; priority_reasons=top_1_but_ambiguous
119,寒風山,summit-candidate:23eea13de5db5c9f,yamap_2022-09-09_06_58.gpx,寒風山・笹ヶ峰・ちち山,1758.0533333333333,1762,3.95,0.608,2,1,0.153,false,true,medium,high,high,check_close_alternatives,boundary_tolerated_mismatch,西条市,,,"いの町, 吾川郡, 高知県, 日本",multiple_candidates_for_mountain|multiple_mountains_for_candidate|missing_csv_coordinate|location_mismatch_warning,strong_evidence_with_mismatch,small_score_gap,mountain=寒風山(#119); candidate=summit-candidate:23eea13de5db5c9f; ref_score=0.608; ref_rank=2; loc_level=boundary_tolerated_mismatch; priority=high; priority_reasons=strong_evidence_with_mismatch
119,寒風山,summit-candidate:395bb631522975b6,yamap_2022-09-09_06_58.gpx,寒風山・笹ヶ峰・ちち山,1138.3266666666668,1762,623.67,0.455,3,1,0,false,true,low,high,high,check_location_warning,boundary_tolerated_mismatch,西条市,,,"林道寒風大座礼西線, 桑瀬, いの町, 吾川郡, 高知県, 日本",multiple_candidates_for_mountain|multiple_mountains_for_candidate|weak_elevation_evidence|missing_csv_coordinate|location_mismatch_warning,strong_evidence_with_mismatch,location_mismatch_warning,mountain=寒風山(#119); candidate=summit-candidate:395bb631522975b6; ref_score=0.455; ref_rank=3; loc_level=boundary_tolerated_mismatch; priority=high; priority_reasons=strong_evidence_with_mismatch
120,ちち山,summit-candidate:453327d51d16e202,yamap_2026-05-06_07_28.gpx,丸山・ちち山・笹ヶ峰,1850.97,1855,4.03,0.7875,1,1,0,true,true,medium,high,high,resolve_conflict,exact_municipality_match,西条市,,西条市,"いの町, 吾川郡, 高知県, 日本",multiple_candidates_for_mountain|multiple_mountains_for_candidate|missing_csv_coordinate,top_1_but_ambiguous|top_candidate_for_multiple_mountains,shared_candidate,"mountain=ちち山(#120); candidate=summit-candidate:453327d51d16e202; ref_score=0.7875; ref_rank=1; loc_level=exact_municipality_match; priority=high; priority_reasons=top_1_but_ambiguous,top_candidate_for_multiple_mountains"
120,ちち山,summit-candidate:9a59c4b620ba3792,yamap_2022-09-09_06_58.gpx,寒風山・笹ヶ峰・ちち山,1856.2533333333333,1855,1.25,0.7875,2,1,0,false,true,medium,medium,high,check_close_alternatives,exact_municipality_match,西条市,,西条市,"西条市, 愛媛県, 日本",multiple_candidates_for_mountain|multiple_mountains_for_candidate|missing_csv_coordinate,top_3_with_evidence,small_score_gap,mountain=ちち山(#120); candidate=summit-candidate:9a59c4b620ba3792; ref_score=0.7875; ref_rank=2; loc_level=exact_municipality_match; priority=medium; priority_reasons=top_3_with_evidence
120,ちち山,summit-candidate:b87c90ebd1eb0d06,yamap_2026-05-06_07_28.gpx,丸山・ちち山・笹ヶ峰,1856.6633333333332,1855,1.66,0.7875,3,1,0.1795,false,true,medium,medium,high,check_close_alternatives,exact_municipality_match,西条市,,西条市,"西条市, 愛媛県, 日本",multiple_candidates_for_mountain|multiple_mountains_for_candidate|missing_csv_coordinate,top_3_with_evidence,small_score_gap,mountain=ちち山(#120); candidate=summit-candidate:b87c90ebd1eb0d06; ref_score=0.7875; ref_rank=3; loc_level=exact_municipality_match; priority=medium; priority_reasons=top_3_with_evidence
121,笹ヶ峰,summit-candidate:453327d51d16e202,yamap_2026-05-06_07_28.gpx,丸山・ちち山・笹ヶ峰,1850.97,1860,9.03,0.7875,1,2,0,false,true,medium,high,high,resolve_conflict,exact_municipality_match,西条市,,西条市,"いの町, 吾川郡, 高知県, 日本",multiple_candidates_for_mountain|multiple_mountains_for_candidate|missing_csv_coordinate,top_1_but_ambiguous|top_candidate_for_multiple_mountains,shared_candidate|not_mutual_top1,"mountain=笹ヶ峰(#121); candidate=summit-candidate:453327d51d16e202; ref_score=0.7875; ref_rank=1; loc_level=exact_municipality_match; priority=high; priority_reasons=top_1_but_ambiguous,top_candidate_for_multiple_mountains"
121,笹ヶ峰,summit-candidate:9a59c4b620ba3792,yamap_2022-09-09_06_58.gpx,寒風山・笹ヶ峰・ちち山,1856.2533333333333,1860,3.75,0.7875,2,2,0,false,true,medium,medium,high,check_close_alternatives,exact_municipality_match,西条市,,西条市,"西条市, 愛媛県, 日本",multiple_candidates_for_mountain|multiple_mountains_for_candidate|missing_csv_coordinate,top_3_with_evidence,small_score_gap,mountain=笹ヶ峰(#121); candidate=summit-candidate:9a59c4b620ba3792; ref_score=0.7875; ref_rank=2; loc_level=exact_municipality_match; priority=medium; priority_reasons=top_3_with_evidence
121,笹ヶ峰,summit-candidate:b87c90ebd1eb0d06,yamap_2026-05-06_07_28.gpx,丸山・ちち山・笹ヶ峰,1856.6633333333332,1860,3.34,0.7875,3,2,0.2305,false,true,medium,medium,high,check_close_alternatives,exact_municipality_match,西条市,,西条市,"西条市, 愛媛県, 日本",multiple_candidates_for_mountain|multiple_mountains_for_candidate|missing_csv_coordinate,top_3_with_evidence,small_score_gap,mountain=笹ヶ峰(#121); candidate=summit-candidate:b87c90ebd1eb0d06; ref_score=0.7875; ref_rank=3; loc_level=exact_municipality_match; priority=medium; priority_reasons=top_3_with_evidence
122,松軒山,summit-candidate:51a919059b1a6dbb,yamap_2023-01-10_10_30.gpx,由良山,194.63,190,4.63,0.49,1,1,0.1795,true,true,low,high,low,low_priority,exact_municipality_match,愛南町,,愛南町,"網代, 愛南町, 南宇和郡, 愛媛県, 798-3707, 日本",multiple_candidates_for_mountain|multiple_mountains_for_candidate|weak_name_evidence|missing_csv_coordinate,top_1_but_ambiguous,low_priority_alternative,mountain=松軒山(#122); candidate=summit-candidate:51a919059b1a6dbb; ref_score=0.49; ref_rank=1; loc_level=exact_municipality_match; priority=high; priority_reasons=top_1_but_ambiguous
122,松軒山,summit-candidate:23c112538ef91e0d,yamap_2022-02-23_08_42.gpx,西山・経ヶ森・岩子山・護摩ヶ森,195.95000000000002,190,5.95,0.3105,2,18,0,false,false,low,high,high,resolve_conflict,boundary_tolerated_mismatch,愛南町,,,"高浜トンネル, 高浜町一丁目, 新浜町, 松山市, 愛媛県, 791-8081, 日本",multiple_candidates_for_mountain|multiple_mountains_for_candidate|weak_name_evidence|missing_csv_coordinate|location_mismatch_warning,strong_evidence_with_mismatch|top_candidate_for_multiple_mountains,shared_candidate,"mountain=松軒山(#122); candidate=summit-candidate:23c112538ef91e0d; ref_score=0.3105; ref_rank=2; loc_level=boundary_tolerated_mismatch; priority=high; priority_reasons=strong_evidence_with_mismatch,top_candidate_for_multiple_mountains"
122,松軒山,summit-candidate:36e3ac8003e8b5d0,yamap_2022-01-28_12_28.gpx,尾ノ峰・新城山・腰折山・恵良山,190.94333333333336,190,0.94,0.3105,3,23,0,false,false,low,high,high,check_location_warning,boundary_tolerated_mismatch,愛南町,,,"大浦, 松山市, 愛媛県, 799-2401, 日本",multiple_candidates_for_mountain|multiple_mountains_for_candidate|weak_name_evidence|missing_csv_coordinate|location_mismatch_warning,strong_evidence_with_mismatch,location_mismatch_warning,mountain=松軒山(#122); candidate=summit-candidate:36e3ac8003e8b5d0; ref_score=0.3105; ref_rank=3; loc_level=boundary_tolerated_mismatch; priority=high; priority_reasons=strong_evidence_with_mismatch
123,三山,summit-candidate:35b464661fa62df9,yamap_2022-09-15_09_20.gpx,三山,323.2966666666667,325,1.7,0.713,1,1,0.153,true,true,medium,high,high,resolve_conflict,island_text_match,,弓削島,弓削,"弓削大谷, 上島町, 越智郡, 愛媛県, 794-2503, 日本",multiple_candidates_for_mountain|multiple_mountains_for_candidate|missing_csv_coordinate|location_mismatch_warning|activity_link_ambiguous,top_1_but_ambiguous|top_candidate_for_multiple_mountains,shared_candidate,"mountain=三山(#123); candidate=summit-candidate:35b464661fa62df9; ref_score=0.713; ref_rank=1; loc_level=island_text_match; priority=high; priority_reasons=top_1_but_ambiguous,top_candidate_for_multiple_mountains"
123,三山,summit-candidate:4d0f5f75da9165b8,yamap_2022-09-15_12_35.gpx,石灰山・古法皇山,269.75333333333333,325,55.25,0.56,2,2,0,false,true,low,medium,low,low_priority,island_text_match,,弓削島,弓削,"弓削島循環線, 弓削藤谷, 上島町, 越智郡, 愛媛県, 794-2503, 日本",multiple_candidates_for_mountain|multiple_mountains_for_candidate|weak_elevation_evidence|missing_csv_coordinate|location_mismatch_warning|activity_link_ambiguous,top_3_with_evidence,low_priority_alternative,mountain=三山(#123); candidate=summit-candidate:4d0f5f75da9165b8; ref_score=0.56; ref_rank=2; loc_level=island_text_match; priority=medium; priority_reasons=top_3_with_evidence
123,三山,summit-candidate:507809fc1a4b9e4e,yamap_2022-09-15_11_50.gpx,久司山,136.67,325,188.33,0.56,3,2,0,false,true,low,medium,low,low_priority,island_text_match,,弓削島,弓削,"弓削島循環線, 弓削鎌田, 上島町, 越智郡, 愛媛県, 794-2511, 日本",multiple_candidates_for_mountain|multiple_mountains_for_candidate|weak_elevation_evidence|missing_csv_coordinate|location_mismatch_warning|activity_link_ambiguous,top_3_with_evidence,low_priority_alternative,mountain=三山(#123); candidate=summit-candidate:507809fc1a4b9e4e; ref_score=0.56; ref_rank=3; loc_level=island_text_match; priority=medium; priority_reasons=top_3_with_evidence
124,伊勢山,summit-candidate:bd145a45a7d01b99,yamap_2022-09-15_11_02.gpx,伊勢山,52.94,57,4.06,0.713,1,1,0.153,true,true,medium,high,medium,accept_candidate_after_map_check,island_text_match,,弓削島,弓削,"弓削明神, 上島町, 越智郡, 愛媛県, 794-2599, 日本",multiple_candidates_for_mountain|multiple_mountains_for_candidate|missing_csv_coordinate|location_mismatch_warning|activity_link_ambiguous,top_1_but_ambiguous,clear_mutual_top1,mountain=伊勢山(#124); candidate=summit-candidate:bd145a45a7d01b99; ref_score=0.713; ref_rank=1; loc_level=island_text_match; priority=high; priority_reasons=top_1_but_ambiguous
124,伊勢山,summit-candidate:35b464661fa62df9,yamap_2022-09-15_09_20.gpx,三山,323.2966666666667,57,266.3,0.56,2,3,0,false,true,low,high,high,resolve_conflict,island_text_match,,弓削島,弓削,"弓削大谷, 上島町, 越智郡, 愛媛県, 794-2503, 日本",multiple_candidates_for_mountain|multiple_mountains_for_candidate|weak_elevation_evidence|missing_csv_coordinate|location_mismatch_warning|activity_link_ambiguous,top_candidate_for_multiple_mountains,shared_candidate,mountain=伊勢山(#124); candidate=summit-candidate:35b464661fa62df9; ref_score=0.56; ref_rank=2; loc_level=island_text_match; priority=high; priority_reasons=top_candidate_for_multiple_mountains
124,伊勢山,summit-candidate:4d0f5f75da9165b8,yamap_2022-09-15_12_35.gpx,石灰山・古法皇山,269.75333333333333,57,212.75,0.56,3,3,0,false,true,low,medium,low,low_priority,island_text_match,,弓削島,弓削,"弓削島循環線, 弓削藤谷, 上島町, 越智郡, 愛媛県, 794-2503, 日本",multiple_candidates_for_mountain|multiple_mountains_for_candidate|weak_elevation_evidence|missing_csv_coordinate|location_mismatch_warning|activity_link_ambiguous,top_3_with_evidence,low_priority_alternative,mountain=伊勢山(#124); candidate=summit-candidate:4d0f5f75da9165b8; ref_score=0.56; ref_rank=3; loc_level=island_text_match; priority=medium; priority_reasons=top_3_with_evidence
125,久司山,summit-candidate:507809fc1a4b9e4e,yamap_2022-09-15_11_50.gpx,久司山,136.67,142,5.33,0.713,1,1,0.153,true,true,medium,high,medium,accept_candidate_after_map_check,island_text_match,,弓削島,弓削,"弓削島循環線, 弓削鎌田, 上島町, 越智郡, 愛媛県, 794-2511, 日本",multiple_candidates_for_mountain|multiple_mountains_for_candidate|missing_csv_coordinate|location_mismatch_warning|activity_link_ambiguous,top_1_but_ambiguous,clear_mutual_top1,mountain=久司山(#125); candidate=summit-candidate:507809fc1a4b9e4e; ref_score=0.713; ref_rank=1; loc_level=island_text_match; priority=high; priority_reasons=top_1_but_ambiguous
125,久司山,summit-candidate:35b464661fa62df9,yamap_2022-09-15_09_20.gpx,三山,323.2966666666667,142,181.3,0.56,2,4,0,false,false,low,high,high,resolve_conflict,island_text_match,,弓削島,弓削,"弓削大谷, 上島町, 越智郡, 愛媛県, 794-2503, 日本",multiple_candidates_for_mountain|multiple_mountains_for_candidate|weak_elevation_evidence|missing_csv_coordinate|location_mismatch_warning|activity_link_ambiguous,top_candidate_for_multiple_mountains,shared_candidate,mountain=久司山(#125); candidate=summit-candidate:35b464661fa62df9; ref_score=0.56; ref_rank=2; loc_level=island_text_match; priority=high; priority_reasons=top_candidate_for_multiple_mountains
125,久司山,summit-candidate:4d0f5f75da9165b8,yamap_2022-09-15_12_35.gpx,石灰山・古法皇山,269.75333333333333,142,127.75,0.56,3,4,0,false,false,low,medium,low,low_priority,island_text_match,,弓削島,弓削,"弓削島循環線, 弓削藤谷, 上島町, 越智郡, 愛媛県, 794-2503, 日本",multiple_candidates_for_mountain|multiple_mountains_for_candidate|weak_elevation_evidence|missing_csv_coordinate|location_mismatch_warning|activity_link_ambiguous,top_3_with_evidence,low_priority_alternative,mountain=久司山(#125); candidate=summit-candidate:4d0f5f75da9165b8; ref_score=0.56; ref_rank=3; loc_level=island_text_match; priority=medium; priority_reasons=top_3_with_evidence
126,石灰山,summit-candidate:35b464661fa62df9,yamap_2022-09-15_09_20.gpx,三山,323.2966666666667,216,107.3,0.56,1,5,0,false,false,low,high,high,resolve_conflict,island_text_match,,弓削島,弓削,"弓削大谷, 上島町, 越智郡, 愛媛県, 794-2503, 日本",multiple_candidates_for_mountain|multiple_mountains_for_candidate|weak_elevation_evidence|missing_csv_coordinate|location_mismatch_warning|activity_link_ambiguous,top_1_but_ambiguous|top_candidate_for_multiple_mountains,shared_candidate|not_mutual_top1,"mountain=石灰山(#126); candidate=summit-candidate:35b464661fa62df9; ref_score=0.56; ref_rank=1; loc_level=island_text_match; priority=high; priority_reasons=top_1_but_ambiguous,top_candidate_for_multiple_mountains"
126,石灰山,summit-candidate:4d0f5f75da9165b8,yamap_2022-09-15_12_35.gpx,石灰山・古法皇山,269.75333333333333,216,53.75,0.56,2,5,0,false,false,low,medium,high,check_close_alternatives,island_text_match,,弓削島,弓削,"弓削島循環線, 弓削藤谷, 上島町, 越智郡, 愛媛県, 794-2503, 日本",multiple_candidates_for_mountain|multiple_mountains_for_candidate|weak_elevation_evidence|missing_csv_coordinate|location_mismatch_warning|activity_link_ambiguous,top_3_with_evidence,small_score_gap,mountain=石灰山(#126); candidate=summit-candidate:4d0f5f75da9165b8; ref_score=0.56; ref_rank=2; loc_level=island_text_match; priority=medium; priority_reasons=top_3_with_evidence
126,石灰山,summit-candidate:507809fc1a4b9e4e,yamap_2022-09-15_11_50.gpx,久司山,136.67,216,79.33,0.56,3,4,0,false,false,low,medium,high,check_close_alternatives,island_text_match,,弓削島,弓削,"弓削島循環線, 弓削鎌田, 上島町, 越智郡, 愛媛県, 794-2511, 日本",multiple_candidates_for_mountain|multiple_mountains_for_candidate|weak_elevation_evidence|missing_csv_coordinate|location_mismatch_warning|activity_link_ambiguous,top_3_with_evidence,small_score_gap,mountain=石灰山(#126); candidate=summit-candidate:507809fc1a4b9e4e; ref_score=0.56; ref_rank=3; loc_level=island_text_match; priority=medium; priority_reasons=top_3_with_evidence
127,古法皇山,summit-candidate:4d0f5f75da9165b8,yamap_2022-09-15_12_35.gpx,石灰山・古法皇山,269.75333333333333,279,9.25,0.713,1,1,0.102,true,true,medium,high,medium,accept_candidate_after_map_check,island_text_match,,弓削島,弓削,"弓削島循環線, 弓削藤谷, 上島町, 越智郡, 愛媛県, 794-2503, 日本",multiple_candidates_for_mountain|multiple_mountains_for_candidate|missing_csv_coordinate|location_mismatch_warning|activity_link_ambiguous,top_1_but_ambiguous,clear_mutual_top1,mountain=古法皇山(#127); candidate=summit-candidate:4d0f5f75da9165b8; ref_score=0.713; ref_rank=1; loc_level=island_text_match; priority=high; priority_reasons=top_1_but_ambiguous
127,古法皇山,summit-candidate:35b464661fa62df9,yamap_2022-09-15_09_20.gpx,三山,323.2966666666667,279,44.3,0.611,2,2,0.051,false,true,medium,high,high,resolve_conflict,island_text_match,,弓削島,弓削,"弓削大谷, 上島町, 越智郡, 愛媛県, 794-2503, 日本",multiple_candidates_for_mountain|multiple_mountains_for_candidate|missing_csv_coordinate|location_mismatch_warning|activity_link_ambiguous,top_candidate_for_multiple_mountains,shared_candidate,mountain=古法皇山(#127); candidate=summit-candidate:35b464661fa62df9; ref_score=0.611; ref_rank=2; loc_level=island_text_match; priority=high; priority_reasons=top_candidate_for_multiple_mountains
127,古法皇山,summit-candidate:507809fc1a4b9e4e,yamap_2022-09-15_11_50.gpx,久司山,136.67,279,142.33,0.56,3,5,0,false,false,low,medium,low,low_priority,island_text_match,,弓削島,弓削,"弓削島循環線, 弓削鎌田, 上島町, 越智郡, 愛媛県, 794-2511, 日本",multiple_candidates_for_mountain|multiple_mountains_for_candidate|weak_elevation_evidence|missing_csv_coordinate|location_mismatch_warning|activity_link_ambiguous,top_3_with_evidence,low_priority_alternative,mountain=古法皇山(#127); candidate=summit-candidate:507809fc1a4b9e4e; ref_score=0.56; ref_rank=3; loc_level=island_text_match; priority=medium; priority_reasons=top_3_with_evidence
128,狩江権現山,summit-candidate:ef5127a689eaf48a,yamap_2022-09-20_14_24.gpx,極山,559.4133333333333,464,95.41,0.6345,1,2,0.068,false,true,medium,high,high,resolve_conflict,exact_municipality_match,西予市,,西予市,"宇和高山線, 宇和町野田, 西予市, 愛媛県, 797-0113, 日本",multiple_candidates_for_mountain|multiple_mountains_for_candidate|weak_elevation_evidence|missing_csv_coordinate|activity_link_ambiguous,top_1_but_ambiguous|top_candidate_for_multiple_mountains,shared_candidate|not_mutual_top1,"mountain=狩江権現山(#128); candidate=summit-candidate:ef5127a689eaf48a; ref_score=0.6345; ref_rank=1; loc_level=exact_municipality_match; priority=high; priority_reasons=top_1_but_ambiguous,top_candidate_for_multiple_mountains"
128,狩江権現山,summit-candidate:a660f8ef78c69ab0,yamap_2023-01-08_14_24.gpx,黒瀬山(黒瀬城址)・岡山(岡山城址)・鉢ヶ森(鉢ヶ森城址)・護摩ヶ森(護摩ヶ森城址)・我合山(...,432.21000000000004,464,31.79,0.5665,2,4,0.051,false,false,low,medium,low,low_priority,exact_municipality_match,西予市,,西予市,"宇和町久枝, 西予市, 愛媛県, 797-0015, 日本",multiple_candidates_for_mountain|multiple_mountains_for_candidate|missing_csv_coordinate|activity_link_ambiguous,top_3_with_evidence,low_priority_alternative,mountain=狩江権現山(#128); candidate=summit-candidate:a660f8ef78c69ab0; ref_score=0.5665; ref_rank=2; loc_level=exact_municipality_match; priority=medium; priority_reasons=top_3_with_evidence
128,狩江権現山,summit-candidate:8a7a47d167c1aba6,yamap_2023-01-08_14_24.gpx,黒瀬山(黒瀬城址)・岡山(岡山城址)・鉢ヶ森(鉢ヶ森城址)・護摩ヶ森(護摩ヶ森城址)・我合山(...,349.4466666666667,464,114.55,0.5155,3,8,0,false,false,low,high,high,resolve_conflict,exact_municipality_match,西予市,,西予市,"宇和町神領, 西予市, 愛媛県, 797-0015, 日本",multiple_candidates_for_mountain|multiple_mountains_for_candidate|weak_elevation_evidence|missing_csv_coordinate|activity_link_ambiguous,top_candidate_for_multiple_mountains,shared_candidate,mountain=狩江権現山(#128); candidate=summit-candidate:8a7a47d167c1aba6; ref_score=0.5155; ref_rank=3; loc_level=exact_municipality_match; priority=high; priority_reasons=top_candidate_for_multiple_mountains
129,極山,summit-candidate:ef5127a689eaf48a,yamap_2022-09-20_14_24.gpx,極山,559.4133333333333,561,1.59,0.7875,1,1,0.3485,true,true,medium,high,high,resolve_conflict,exact_municipality_match,西予市,,西予市,"宇和高山線, 宇和町野田, 西予市, 愛媛県, 797-0113, 日本",multiple_candidates_for_mountain|multiple_mountains_for_candidate|missing_csv_coordinate|activity_link_ambiguous,top_1_but_ambiguous|top_candidate_for_multiple_mountains,shared_candidate,"mountain=極山(#129); candidate=summit-candidate:ef5127a689eaf48a; ref_score=0.7875; ref_rank=1; loc_level=exact_municipality_match; priority=high; priority_reasons=top_1_but_ambiguous,top_candidate_for_multiple_mountains"
129,極山,summit-candidate:51c8bc6a368c422c,yamap_2026-01-18_09_11.gpx,竜王の峰,542.5079186549784,561,18.49,0.439,2,4,0,false,false,low,high,high,resolve_conflict,exact_municipality_match,西予市,,西予市,"宇和町野田, 西予市, 愛媛県, 797-0111, 日本",multiple_candidates_for_mountain|multiple_mountains_for_candidate|weak_name_evidence|missing_csv_coordinate|activity_link_ambiguous,top_candidate_for_multiple_mountains,shared_candidate,mountain=極山(#129); candidate=summit-candidate:51c8bc6a368c422c; ref_score=0.439; ref_rank=2; loc_level=exact_municipality_match; priority=high; priority_reasons=top_candidate_for_multiple_mountains
129,極山,summit-candidate:d71483d289d0c575,yamap_2025-01-24_13_34.gpx,御篠山・松葉山（松葉城址）・烏殿,583.88,561,22.88,0.439,3,6,0.1795,false,false,low,medium,low,low_priority,exact_municipality_match,西予市,,西予市,"宇和町常定寺, 西予市, 愛媛県, 797-0006, 日本",multiple_candidates_for_mountain|multiple_mountains_for_candidate|weak_name_evidence|missing_csv_coordinate,top_3_with_evidence,low_priority_alternative,mountain=極山(#129); candidate=summit-candidate:d71483d289d0c575; ref_score=0.439; ref_rank=3; loc_level=exact_municipality_match; priority=medium; priority_reasons=top_3_with_evidence
130,高文殊山,summit-candidate:3a1a951de82d4254,yamap_2022-09-21_13_09.gpx,高文殊山,227.89170104701893,221,6.89,0.7875,1,1,0.3485,true,true,medium,high,medium,accept_candidate_after_map_check,exact_municipality_match,四国中央市,,四国中央市,"金生町山田井, 四国中央市, 愛媛県, 799-0101, 日本",multiple_candidates_for_mountain|multiple_mountains_for_candidate|missing_csv_coordinate,top_1_but_ambiguous,clear_mutual_top1,mountain=高文殊山(#130); candidate=summit-candidate:3a1a951de82d4254; ref_score=0.7875; ref_rank=1; loc_level=exact_municipality_match; priority=high; priority_reasons=top_1_but_ambiguous
130,高文殊山,summit-candidate:8cef52d6989a94db,yamap_2025-01-30_10_12.gpx,北山,237.66666666666666,221,16.67,0.439,2,8,0,false,false,low,high,high,resolve_conflict,exact_municipality_match,四国中央市,,四国中央市,"土居町北野, 四国中央市, 愛媛県, 799-0711, 日本",multiple_candidates_for_mountain|multiple_mountains_for_candidate|weak_name_evidence|missing_csv_coordinate|activity_link_ambiguous,top_candidate_for_multiple_mountains,shared_candidate,mountain=高文殊山(#130); candidate=summit-candidate:8cef52d6989a94db; ref_score=0.439; ref_rank=2; loc_level=exact_municipality_match; priority=high; priority_reasons=top_candidate_for_multiple_mountains
130,高文殊山,summit-candidate:a14a745323a3d3af,yamap_2025-01-30_08_48.gpx,西の山,250.30998537053583,221,29.31,0.439,3,8,0.1285,false,false,low,medium,low,low_priority,exact_municipality_match,四国中央市,,四国中央市,"壬生川新居浜野田線, 土居町天満, 四国中央市, 愛媛県, 799-0724, 日本",multiple_candidates_for_mountain|multiple_mountains_for_candidate|weak_name_evidence|missing_csv_coordinate|activity_link_ambiguous,top_3_with_evidence,low_priority_alternative,mountain=高文殊山(#130); candidate=summit-candidate:a14a745323a3d3af; ref_score=0.439; ref_rank=3; loc_level=exact_municipality_match; priority=medium; priority_reasons=top_3_with_evidence
131,三本榎,summit-candidate:8251283605282249,yamap_2022-09-26_12_07.gpx,三本榎,246.47333333333336,256,9.53,0.608,1,1,0.153,true,true,medium,high,high,check_location_warning,boundary_tolerated_mismatch,,大三島,,"洲元, 今治市, 愛媛県, 794-8511, 日本",multiple_candidates_for_mountain|multiple_mountains_for_candidate|missing_csv_coordinate|location_mismatch_warning|activity_link_ambiguous,top_1_but_ambiguous|strong_evidence_with_mismatch,location_mismatch_warning,"mountain=三本榎(#131); candidate=summit-candidate:8251283605282249; ref_score=0.608; ref_rank=1; loc_level=boundary_tolerated_mismatch; priority=high; priority_reasons=top_1_but_ambiguous,strong_evidence_with_mismatch"
131,三本榎,summit-candidate:588c967023117267,yamap_2022-09-26_14_04.gpx,鏡山,201.48000000000002,256,54.52,0.455,2,2,0.1445,false,true,low,high,high,resolve_conflict,boundary_tolerated_mismatch,,大三島,,"今治市, 愛媛県, 794-8511, 日本",multiple_candidates_for_mountain|multiple_mountains_for_candidate|weak_elevation_evidence|missing_csv_coordinate|location_mismatch_warning|activity_link_ambiguous,strong_evidence_with_mismatch|top_candidate_for_multiple_mountains,shared_candidate,"mountain=三本榎(#131); candidate=summit-candidate:588c967023117267; ref_score=0.455; ref_rank=2; loc_level=boundary_tolerated_mismatch; priority=high; priority_reasons=strong_evidence_with_mismatch,top_candidate_for_multiple_mountains"
131,三本榎,summit-candidate:0022a746b396d4c7,yamap_2024-03-10_07_12.gpx,夫婦山・白山・観音山・国見山・城山・御勧請山,264.2867991594412,256,8.29,0.3105,3,19,0,false,false,low,high,high,check_location_warning,boundary_tolerated_mismatch,,大三島,,"白水台三丁目, 松山市, 愛媛県, 791-0112, 日本",multiple_candidates_for_mountain|multiple_mountains_for_candidate|weak_name_evidence|missing_csv_coordinate|location_mismatch_warning,strong_evidence_with_mismatch,location_mismatch_warning,mountain=三本榎(#131); candidate=summit-candidate:0022a746b396d4c7; ref_score=0.3105; ref_rank=3; loc_level=boundary_tolerated_mismatch; priority=high; priority_reasons=strong_evidence_with_mismatch
132,鏡山,summit-candidate:588c967023117267,yamap_2022-09-26_14_04.gpx,鏡山,201.48000000000002,212,10.52,0.557,1,1,0.051,true,true,medium,high,high,resolve_conflict,boundary_tolerated_mismatch,,大三島,,"今治市, 愛媛県, 794-8511, 日本",multiple_candidates_for_mountain|multiple_mountains_for_candidate|missing_csv_coordinate|location_mismatch_warning|activity_link_ambiguous,top_1_but_ambiguous|strong_evidence_with_mismatch|top_candidate_for_multiple_mountains,shared_candidate,"mountain=鏡山(#132); candidate=summit-candidate:588c967023117267; ref_score=0.557; ref_rank=1; loc_level=boundary_tolerated_mismatch; priority=high; priority_reasons=top_1_but_ambiguous,strong_evidence_with_mismatch,top_candidate_for_multiple_mountains"
132,鏡山,summit-candidate:8251283605282249,yamap_2022-09-26_12_07.gpx,三本榎,246.47333333333336,212,34.47,0.506,2,2,0.1955,false,true,medium,high,high,check_location_warning,boundary_tolerated_mismatch,,大三島,,"洲元, 今治市, 愛媛県, 794-8511, 日本",multiple_candidates_for_mountain|multiple_mountains_for_candidate|missing_csv_coordinate|location_mismatch_warning|activity_link_ambiguous,strong_evidence_with_mismatch,location_mismatch_warning,mountain=鏡山(#132); candidate=summit-candidate:8251283605282249; ref_score=0.506; ref_rank=2; loc_level=boundary_tolerated_mismatch; priority=high; priority_reasons=strong_evidence_with_mismatch
132,鏡山,summit-candidate:45439217573adfc4,yamap_2022-03-23_07_38.gpx,明神山・潮見山,210.93999999999997,212,1.06,0.3105,3,17,0,false,false,low,high,high,check_location_warning,boundary_tolerated_mismatch,,大三島,,"北梅本町, 松山市, 愛媛県, 791-0245, 日本",multiple_candidates_for_mountain|multiple_mountains_for_candidate|weak_name_evidence|missing_csv_coordinate|location_mismatch_warning,strong_evidence_with_mismatch,location_mismatch_warning,mountain=鏡山(#132); candidate=summit-candidate:45439217573adfc4; ref_score=0.3105; ref_rank=3; loc_level=boundary_tolerated_mismatch; priority=high; priority_reasons=strong_evidence_with_mismatch
133,戸祇御前山,summit-candidate:7bda9ba8d2b47d6e,yamap_2022-10-01_08_30.gpx,戸祇御前山,947.3511063301806,946,1.35,0.7875,1,1,0.2975,true,true,medium,high,medium,accept_candidate_after_map_check,exact_municipality_match,鬼北町,,鬼北町,"鬼北町, 北宇和郡, 愛媛県, 日本",multiple_candidates_for_mountain|multiple_mountains_for_candidate|missing_csv_coordinate,top_1_but_ambiguous,clear_mutual_top1,mountain=戸祇御前山(#133); candidate=summit-candidate:7bda9ba8d2b47d6e; ref_score=0.7875; ref_rank=1; loc_level=exact_municipality_match; priority=high; priority_reasons=top_1_but_ambiguous
133,戸祇御前山,summit-candidate:c246a8edb72dbebb,yamap_2026-03-15_06_14.gpx,長山,939.7329137961616,946,6.27,0.49,2,3,0.1795,false,true,low,medium,low,low_priority,exact_municipality_match,鬼北町,,鬼北町,"鬼北町, 北宇和郡, 愛媛県, 日本",multiple_candidates_for_mountain|multiple_mountains_for_candidate|weak_name_evidence|missing_csv_coordinate|activity_link_ambiguous,top_3_with_evidence,low_priority_alternative,mountain=戸祇御前山(#133); candidate=summit-candidate:c246a8edb72dbebb; ref_score=0.49; ref_rank=2; loc_level=exact_municipality_match; priority=medium; priority_reasons=top_3_with_evidence
133,戸祇御前山,summit-candidate:18f6f4b086668887,yamap_2025-04-06_08_48.gpx,加塚山,936.75,946,9.25,0.3105,3,4,0,false,false,low,high,high,check_location_warning,boundary_tolerated_mismatch,鬼北町,,,"四万十市, 高知県, 日本",multiple_candidates_for_mountain|multiple_mountains_for_candidate|weak_name_evidence|missing_csv_coordinate|location_mismatch_warning,strong_evidence_with_mismatch,location_mismatch_warning,mountain=戸祇御前山(#133); candidate=summit-candidate:18f6f4b086668887; ref_score=0.3105; ref_rank=3; loc_level=boundary_tolerated_mismatch; priority=high; priority_reasons=strong_evidence_with_mismatch
134,雄甲山,summit-candidate:82d3009a6c1b2511,yamap_2022-10-03_14_57.gpx,雄甲山・雌甲山,218.9593458353185,239,20.04,0.7365,1,1,0.2975,true,true,medium,high,high,resolve_conflict,exact_municipality_match,松山市,,松山市,"河野高山, 松山市, 愛媛県, 799-2436, 日本",multiple_candidates_for_mountain|multiple_mountains_for_candidate|missing_csv_coordinate,top_1_but_ambiguous|top_candidate_for_multiple_mountains,shared_candidate,"mountain=雄甲山(#134); candidate=summit-candidate:82d3009a6c1b2511; ref_score=0.7365; ref_rank=1; loc_level=exact_municipality_match; priority=high; priority_reasons=top_1_but_ambiguous,top_candidate_for_multiple_mountains"
134,雄甲山,summit-candidate:0022a746b396d4c7,yamap_2024-03-10_07_12.gpx,夫婦山・白山・観音山・国見山・城山・御勧請山,264.2867991594412,239,25.29,0.439,2,13,0,false,false,low,medium,low,low_priority,exact_municipality_match,松山市,,松山市,"白水台三丁目, 松山市, 愛媛県, 791-0112, 日本",multiple_candidates_for_mountain|multiple_mountains_for_candidate|weak_name_evidence|missing_csv_coordinate,top_3_with_evidence,low_priority_alternative,mountain=雄甲山(#134); candidate=summit-candidate:0022a746b396d4c7; ref_score=0.439; ref_rank=2; loc_level=exact_municipality_match; priority=medium; priority_reasons=top_3_with_evidence
134,雄甲山,summit-candidate:1432f597b5dca157,yamap_2023-01-28_14_27.gpx,古城山・尾崎山,253.17333333333332,239,14.17,0.439,3,12,0,false,false,low,high,high,resolve_conflict,exact_municipality_match,松山市,,松山市,"東大栗町, 松山市, 愛媛県, 799-2649, 日本",multiple_candidates_for_mountain|multiple_mountains_for_candidate|weak_name_evidence|missing_csv_coordinate|activity_link_ambiguous,top_candidate_for_multiple_mountains,shared_candidate,mountain=雄甲山(#134); candidate=summit-candidate:1432f597b5dca157; ref_score=0.439; ref_rank=3; loc_level=exact_municipality_match; priority=high; priority_reasons=top_candidate_for_multiple_mountains
135,雌甲山,summit-candidate:82d3009a6c1b2511,yamap_2022-10-03_14_57.gpx,雄甲山・雌甲山,218.9593458353185,189,29.96,0.7365,1,2,0.2465,false,true,medium,high,high,resolve_conflict,exact_municipality_match,松山市,,松山市,"河野高山, 松山市, 愛媛県, 799-2436, 日本",multiple_candidates_for_mountain|multiple_mountains_for_candidate|missing_csv_coordinate,top_1_but_ambiguous|top_candidate_for_multiple_mountains,shared_candidate|not_mutual_top1,"mountain=雌甲山(#135); candidate=summit-candidate:82d3009a6c1b2511; ref_score=0.7365; ref_rank=1; loc_level=exact_municipality_match; priority=high; priority_reasons=top_1_but_ambiguous,top_candidate_for_multiple_mountains"
135,雌甲山,summit-candidate:23c112538ef91e0d,yamap_2022-02-23_08_42.gpx,西山・経ヶ森・岩子山・護摩ヶ森,195.95000000000002,189,6.95,0.49,2,8,0,false,false,low,high,high,resolve_conflict,exact_municipality_match,松山市,,松山市,"高浜トンネル, 高浜町一丁目, 新浜町, 松山市, 愛媛県, 791-8081, 日本",multiple_candidates_for_mountain|multiple_mountains_for_candidate|weak_name_evidence|missing_csv_coordinate,top_candidate_for_multiple_mountains,shared_candidate,mountain=雌甲山(#135); candidate=summit-candidate:23c112538ef91e0d; ref_score=0.49; ref_rank=2; loc_level=exact_municipality_match; priority=high; priority_reasons=top_candidate_for_multiple_mountains
135,雌甲山,summit-candidate:36e3ac8003e8b5d0,yamap_2022-01-28_12_28.gpx,尾ノ峰・新城山・腰折山・恵良山,190.94333333333336,189,1.94,0.49,3,10,0,false,false,low,medium,low,low_priority,exact_municipality_match,松山市,,松山市,"大浦, 松山市, 愛媛県, 799-2401, 日本",multiple_candidates_for_mountain|multiple_mountains_for_candidate|weak_name_evidence|missing_csv_coordinate,top_3_with_evidence,low_priority_alternative,mountain=雌甲山(#135); candidate=summit-candidate:36e3ac8003e8b5d0; ref_score=0.49; ref_rank=3; loc_level=exact_municipality_match; priority=medium; priority_reasons=top_3_with_evidence
136,泉ガ森,summit-candidate:ff0e7de3b62f5ed8,yamap_2022-10-04_12_47.gpx,泉ガ森,760.3519951848507,755,5.35,0.608,1,1,0.2975,true,true,medium,high,high,check_location_warning,boundary_tolerated_mismatch,鬼北町,,,"国道320号, 柿原, 宇和島市, 愛媛県, 798-8601, 日本",multiple_candidates_for_mountain|multiple_mountains_for_candidate|missing_csv_coordinate|location_mismatch_warning,top_1_but_ambiguous|strong_evidence_with_mismatch,location_mismatch_warning,"mountain=泉ガ森(#136); candidate=summit-candidate:ff0e7de3b62f5ed8; ref_score=0.608; ref_rank=1; loc_level=boundary_tolerated_mismatch; priority=high; priority_reasons=top_1_but_ambiguous,strong_evidence_with_mismatch"
136,泉ガ森,summit-candidate:6adfa15b8dbd8966,yamap_2026-02-07_07_21.gpx,牛の峰・尻高峰,756.9766666666668,755,1.98,0.3105,2,5,0,false,false,low,high,high,check_location_warning,boundary_tolerated_mismatch,鬼北町,,,"大洲市, 愛媛県, 799-3462, 日本",multiple_candidates_for_mountain|multiple_mountains_for_candidate|weak_name_evidence|missing_csv_coordinate|location_mismatch_warning|activity_link_ambiguous,strong_evidence_with_mismatch,location_mismatch_warning,mountain=泉ガ森(#136); candidate=summit-candidate:6adfa15b8dbd8966; ref_score=0.3105; ref_rank=2; loc_level=boundary_tolerated_mismatch; priority=high; priority_reasons=strong_evidence_with_mismatch
136,泉ガ森,summit-candidate:eb031d650d8e9a7a,yamap_2026-03-08_08_05.gpx,峰畑山,753.8057910293684,755,1.19,0.3105,3,4,0.051,false,false,low,high,high,check_location_warning,boundary_tolerated_mismatch,鬼北町,,,"山城町佐連, 三好市, 徳島県, 778-8501, 日本",multiple_candidates_for_mountain|multiple_mountains_for_candidate|weak_name_evidence|missing_csv_coordinate|location_mismatch_warning|activity_link_ambiguous,strong_evidence_with_mismatch,location_mismatch_warning,mountain=泉ガ森(#136); candidate=summit-candidate:eb031d650d8e9a7a; ref_score=0.3105; ref_rank=3; loc_level=boundary_tolerated_mismatch; priority=high; priority_reasons=strong_evidence_with_mismatch
137,東山,summit-candidate:5c9365b2a5a9c97f,yamap_2022-12-31_15_00.gpx,星岡山,69.03333333333333,1392,1322.97,0.6345,1,4,0.1795,false,false,medium,high,high,resolve_conflict,exact_municipality_match,松山市,,松山市,"星岡四丁目, 星岡町, 松山市, 愛媛県, 960-0951, 日本",multiple_candidates_for_mountain|multiple_mountains_for_candidate|weak_elevation_evidence|missing_csv_coordinate|activity_link_ambiguous|timezone_sensitive_activity_link,top_1_but_ambiguous|top_candidate_for_multiple_mountains,shared_candidate|not_mutual_top1,"mountain=東山(#137); candidate=summit-candidate:5c9365b2a5a9c97f; ref_score=0.6345; ref_rank=1; loc_level=exact_municipality_match; priority=high; priority_reasons=top_1_but_ambiguous,top_candidate_for_multiple_mountains"
137,東山,summit-candidate:124ae25a51aa9a64,yamap_2022-05-15_06_10.gpx,割石東山・青滝山・堂ヶ森,1256.8500000000001,1392,135.15,0.455,2,4,0,false,false,low,high,high,check_location_warning,boundary_tolerated_mismatch,松山市,,,"梅ヶ市林道, 久万高原町, 上浮穴郡, 愛媛県, 日本",multiple_candidates_for_mountain|multiple_mountains_for_candidate|weak_elevation_evidence|missing_csv_coordinate|location_mismatch_warning|activity_link_ambiguous,strong_evidence_with_mismatch,location_mismatch_warning,mountain=東山(#137); candidate=summit-candidate:124ae25a51aa9a64; ref_score=0.455; ref_rank=2; loc_level=boundary_tolerated_mismatch; priority=high; priority_reasons=strong_evidence_with_mismatch
137,東山,summit-candidate:242762a3c600ff91,yamap_2022-05-15_06_10.gpx,割石東山・青滝山・堂ヶ森,1301.993333333333,1392,90.01,0.455,3,5,0,false,false,low,high,high,resolve_conflict,boundary_tolerated_mismatch,松山市,,,"梅ヶ市林道, 久万高原町, 上浮穴郡, 愛媛県, 日本",multiple_candidates_for_mountain|multiple_mountains_for_candidate|weak_elevation_evidence|missing_csv_coordinate|location_mismatch_warning|activity_link_ambiguous,strong_evidence_with_mismatch|top_candidate_for_multiple_mountains,shared_candidate,"mountain=東山(#137); candidate=summit-candidate:242762a3c600ff91; ref_score=0.455; ref_rank=3; loc_level=boundary_tolerated_mismatch; priority=high; priority_reasons=strong_evidence_with_mismatch,top_candidate_for_multiple_mountains"
138,前赤石山,summit-candidate:2b7cce23b57844a5,yamap_2022-10-08_06_12.gpx,東山・西赤石山・物住頭・前赤石山・東赤石山・八巻山,1699.1266666666668,1677,22.13,0.7365,1,2,0,false,true,medium,high,high,resolve_conflict,exact_municipality_match,新居浜市,,新居浜市,"新居浜市, 愛媛県, 日本",multiple_candidates_for_mountain|multiple_mountains_for_candidate|missing_csv_coordinate,top_1_but_ambiguous|top_candidate_for_multiple_mountains,shared_candidate|not_mutual_top1,"mountain=前赤石山(#138); candidate=summit-candidate:2b7cce23b57844a5; ref_score=0.7365; ref_rank=1; loc_level=exact_municipality_match; priority=high; priority_reasons=top_1_but_ambiguous,top_candidate_for_multiple_mountains"
138,前赤石山,summit-candidate:e2bdd25969c7f122,yamap_2022-10-08_06_12.gpx,東山・西赤石山・物住頭・前赤石山・東赤石山・八巻山,1651.7766666666666,1677,25.22,0.7365,2,1,0.051,false,true,medium,medium,high,check_close_alternatives,exact_municipality_match,新居浜市,,新居浜市,"新居浜市, 愛媛県, 日本",multiple_candidates_for_mountain|multiple_mountains_for_candidate|missing_csv_coordinate,top_3_with_evidence,small_score_gap,mountain=前赤石山(#138); candidate=summit-candidate:e2bdd25969c7f122; ref_score=0.7365; ref_rank=2; loc_level=exact_municipality_match; priority=medium; priority_reasons=top_3_with_evidence
138,前赤石山,summit-candidate:61a5956a49a7ace2,yamap_2022-10-08_06_12.gpx,東山・西赤石山・物住頭・前赤石山・東赤石山・八巻山,1631.9833333333333,1677,45.02,0.6855,3,3,0.051,false,true,medium,medium,low,low_priority,exact_municipality_match,新居浜市,,新居浜市,"新居浜市, 愛媛県, 日本",multiple_candidates_for_mountain|multiple_mountains_for_candidate|missing_csv_coordinate,top_3_with_evidence,low_priority_alternative,mountain=前赤石山(#138); candidate=summit-candidate:61a5956a49a7ace2; ref_score=0.6855; ref_rank=3; loc_level=exact_municipality_match; priority=medium; priority_reasons=top_3_with_evidence
139,黒崎山,summit-candidate:541ec86327b86307,yamap_2022-10-11_15_15.gpx,黒崎山,89.01666666666667,57,32.02,0.506,1,1,0.0905,true,true,medium,high,high,check_location_warning,boundary_tolerated_mismatch,,興居島,,"泊町, 松山市, 愛媛県, 791-8093, 日本",multiple_candidates_for_mountain|multiple_mountains_for_candidate|missing_csv_coordinate|location_mismatch_warning|timezone_sensitive_activity_link,top_1_but_ambiguous|strong_evidence_with_mismatch,location_mismatch_warning,"mountain=黒崎山(#139); candidate=summit-candidate:541ec86327b86307; ref_score=0.506; ref_rank=1; loc_level=boundary_tolerated_mismatch; priority=high; priority_reasons=top_1_but_ambiguous,strong_evidence_with_mismatch"
139,黒崎山,summit-candidate:93b30125fa1dcd57,yamap_2022-07-21_10_02.gpx,子持山（頂上にたどり着けず）,62.39020293366199,57,5.39,0.4155,2,15,0.105,false,false,low,medium,low,low_priority,island_text_match,,興居島,興居島,"松山市立興居島小中学校, 興居島循環線, 門田町, 松山市, 愛媛県, 791-8093, 日本",multiple_candidates_for_mountain|multiple_mountains_for_candidate|weak_name_evidence|missing_csv_coordinate|location_mismatch_warning,top_3_with_evidence,low_priority_alternative,mountain=黒崎山(#139); candidate=summit-candidate:93b30125fa1dcd57; ref_score=0.4155; ref_rank=2; loc_level=island_text_match; priority=medium; priority_reasons=top_3_with_evidence
139,黒崎山,summit-candidate:02d59cd1260af017,yamap_2024-01-27_10_11.gpx,御串山,62.803333333333335,57,5.8,0.3105,3,9,0,false,false,low,high,high,resolve_conflict,boundary_tolerated_mismatch,,興居島,,"今治大三島自転車道線, 大三島町明日, 新地, 今治市, 愛媛県, 794-8511, 日本",multiple_candidates_for_mountain|multiple_mountains_for_candidate|weak_name_evidence|missing_csv_coordinate|location_mismatch_warning|activity_link_ambiguous,strong_evidence_with_mismatch|top_candidate_for_multiple_mountains,shared_candidate,"mountain=黒崎山(#139); candidate=summit-candidate:02d59cd1260af017; ref_score=0.3105; ref_rank=3; loc_level=boundary_tolerated_mismatch; priority=high; priority_reasons=strong_evidence_with_mismatch,top_candidate_for_multiple_mountains"
140,高戸山,summit-candidate:aadeb26cf0359691,yamap_2022-10-14_12_05.gpx,高戸山,112.67333333333333,115,2.33,0.608,1,1,0,true,true,medium,high,high,resolve_conflict,boundary_tolerated_mismatch,,興居島,,"由良町, 松山市, 愛媛県, 791-8092, 日本",multiple_candidates_for_mountain|multiple_mountains_for_candidate|missing_csv_coordinate|location_mismatch_warning|activity_link_ambiguous,top_1_but_ambiguous|strong_evidence_with_mismatch|top_candidate_for_multiple_mountains,shared_candidate,"mountain=高戸山(#140); candidate=summit-candidate:aadeb26cf0359691; ref_score=0.608; ref_rank=1; loc_level=boundary_tolerated_mismatch; priority=high; priority_reasons=top_1_but_ambiguous,strong_evidence_with_mismatch,top_candidate_for_multiple_mountains"
140,高戸山,summit-candidate:c7de309bf838af87,yamap_2022-10-14_13_42.gpx,泰の山,111.76333333333332,115,3.24,0.608,2,1,0,false,true,medium,high,high,check_close_alternatives,boundary_tolerated_mismatch,,興居島,,"門田町, 松山市, 愛媛県, 791-8092, 日本",multiple_candidates_for_mountain|multiple_mountains_for_candidate|missing_csv_coordinate|location_mismatch_warning|activity_link_ambiguous,strong_evidence_with_mismatch,small_score_gap,mountain=高戸山(#140); candidate=summit-candidate:c7de309bf838af87; ref_score=0.608; ref_rank=2; loc_level=boundary_tolerated_mismatch; priority=high; priority_reasons=strong_evidence_with_mismatch
140,高戸山,summit-candidate:cc3fbb2358d0d4fc,yamap_2022-10-14_13_01.gpx,犬吠山,120.40666666666665,115,5.41,0.608,3,1,0.2975,false,true,medium,high,high,check_close_alternatives,boundary_tolerated_mismatch,,興居島,,"門田町, 松山市, 愛媛県, 791-8092, 日本",multiple_candidates_for_mountain|multiple_mountains_for_candidate|missing_csv_coordinate|location_mismatch_warning|activity_link_ambiguous,strong_evidence_with_mismatch,small_score_gap,mountain=高戸山(#140); candidate=summit-candidate:cc3fbb2358d0d4fc; ref_score=0.608; ref_rank=3; loc_level=boundary_tolerated_mismatch; priority=high; priority_reasons=strong_evidence_with_mismatch
141,犬吠山,summit-candidate:cc3fbb2358d0d4fc,yamap_2022-10-14_13_01.gpx,犬吠山,120.40666666666665,124,3.59,0.608,1,2,0.051,false,true,medium,high,high,resolve_conflict,boundary_tolerated_mismatch,,興居島,,"門田町, 松山市, 愛媛県, 791-8092, 日本",multiple_candidates_for_mountain|multiple_mountains_for_candidate|missing_csv_coordinate|location_mismatch_warning|activity_link_ambiguous,top_1_but_ambiguous|strong_evidence_with_mismatch,not_mutual_top1,"mountain=犬吠山(#141); candidate=summit-candidate:cc3fbb2358d0d4fc; ref_score=0.608; ref_rank=1; loc_level=boundary_tolerated_mismatch; priority=high; priority_reasons=top_1_but_ambiguous,strong_evidence_with_mismatch"
141,犬吠山,summit-candidate:aadeb26cf0359691,yamap_2022-10-14_12_05.gpx,高戸山,112.67333333333333,124,11.33,0.557,2,3,0,false,true,medium,high,high,resolve_conflict,boundary_tolerated_mismatch,,興居島,,"由良町, 松山市, 愛媛県, 791-8092, 日本",multiple_candidates_for_mountain|multiple_mountains_for_candidate|missing_csv_coordinate|location_mismatch_warning|activity_link_ambiguous,strong_evidence_with_mismatch|top_candidate_for_multiple_mountains,shared_candidate,"mountain=犬吠山(#141); candidate=summit-candidate:aadeb26cf0359691; ref_score=0.557; ref_rank=2; loc_level=boundary_tolerated_mismatch; priority=high; priority_reasons=strong_evidence_with_mismatch,top_candidate_for_multiple_mountains"
141,犬吠山,summit-candidate:c7de309bf838af87,yamap_2022-10-14_13_42.gpx,泰の山,111.76333333333332,124,12.24,0.557,3,3,0.2465,false,true,medium,high,high,check_location_warning,boundary_tolerated_mismatch,,興居島,,"門田町, 松山市, 愛媛県, 791-8092, 日本",multiple_candidates_for_mountain|multiple_mountains_for_candidate|missing_csv_coordinate|location_mismatch_warning|activity_link_ambiguous,strong_evidence_with_mismatch,location_mismatch_warning,mountain=犬吠山(#141); candidate=summit-candidate:c7de309bf838af87; ref_score=0.557; ref_rank=3; loc_level=boundary_tolerated_mismatch; priority=high; priority_reasons=strong_evidence_with_mismatch
142,泰の山,summit-candidate:aadeb26cf0359691,yamap_2022-10-14_12_05.gpx,高戸山,112.67333333333333,115,2.33,0.608,1,2,0,false,true,medium,high,high,resolve_conflict,boundary_tolerated_mismatch,,興居島,,"由良町, 松山市, 愛媛県, 791-8092, 日本",multiple_candidates_for_mountain|multiple_mountains_for_candidate|missing_csv_coordinate|location_mismatch_warning|activity_link_ambiguous,top_1_but_ambiguous|strong_evidence_with_mismatch|top_candidate_for_multiple_mountains,shared_candidate|not_mutual_top1,"mountain=泰の山(#142); candidate=summit-candidate:aadeb26cf0359691; ref_score=0.608; ref_rank=1; loc_level=boundary_tolerated_mismatch; priority=high; priority_reasons=top_1_but_ambiguous,strong_evidence_with_mismatch,top_candidate_for_multiple_mountains"
142,泰の山,summit-candidate:c7de309bf838af87,yamap_2022-10-14_13_42.gpx,泰の山,111.76333333333332,115,3.24,0.608,2,2,0,false,true,medium,high,high,check_close_alternatives,boundary_tolerated_mismatch,,興居島,,"門田町, 松山市, 愛媛県, 791-8092, 日本",multiple_candidates_for_mountain|multiple_mountains_for_candidate|missing_csv_coordinate|location_mismatch_warning|activity_link_ambiguous,strong_evidence_with_mismatch,small_score_gap,mountain=泰の山(#142); candidate=summit-candidate:c7de309bf838af87; ref_score=0.608; ref_rank=2; loc_level=boundary_tolerated_mismatch; priority=high; priority_reasons=strong_evidence_with_mismatch
142,泰の山,summit-candidate:cc3fbb2358d0d4fc,yamap_2022-10-14_13_01.gpx,犬吠山,120.40666666666665,115,5.41,0.608,3,3,0.2975,false,true,medium,high,high,check_close_alternatives,boundary_tolerated_mismatch,,興居島,,"門田町, 松山市, 愛媛県, 791-8092, 日本",multiple_candidates_for_mountain|multiple_mountains_for_candidate|missing_csv_coordinate|location_mismatch_warning|activity_link_ambiguous,strong_evidence_with_mismatch,small_score_gap,mountain=泰の山(#142); candidate=summit-candidate:cc3fbb2358d0d4fc; ref_score=0.608; ref_rank=3; loc_level=boundary_tolerated_mismatch; priority=high; priority_reasons=strong_evidence_with_mismatch
143,中三方ヶ森,summit-candidate:17b2365d322cd022,yamap_2022-10-16_10_19.gpx,楢原山・古権現山・中三方ヶ森,1212.63,1229,16.37,0.7365,1,1,0.102,true,true,medium,high,medium,accept_candidate_after_map_check,exact_municipality_match,今治市,,今治市,"木地奥第2隧道, 今治市, 愛媛県, 794-8511, 日本",multiple_candidates_for_mountain|multiple_mountains_for_candidate|missing_csv_coordinate,top_1_but_ambiguous,clear_mutual_top1,mountain=中三方ヶ森(#143); candidate=summit-candidate:17b2365d322cd022; ref_score=0.7365; ref_rank=1; loc_level=exact_municipality_match; priority=high; priority_reasons=top_1_but_ambiguous
143,中三方ヶ森,summit-candidate:0c2609d9e7e31a00,yamap_2022-10-16_10_19.gpx,楢原山・古権現山・中三方ヶ森,1012.4166666666666,1229,216.58,0.6345,2,3,0,false,true,medium,medium,low,low_priority,exact_municipality_match,今治市,,今治市,"木地奥林道51線, 今治市, 愛媛県, 794-8511, 日本",multiple_candidates_for_mountain|multiple_mountains_for_candidate|weak_elevation_evidence|missing_csv_coordinate,top_3_with_evidence,low_priority_alternative,mountain=中三方ヶ森(#143); candidate=summit-candidate:0c2609d9e7e31a00; ref_score=0.6345; ref_rank=2; loc_level=exact_municipality_match; priority=medium; priority_reasons=top_3_with_evidence
143,中三方ヶ森,summit-candidate:bcf5d9d5a90e5cda,yamap_2022-10-16_10_19.gpx,楢原山・古権現山・中三方ヶ森,1010.1166666666667,1229,218.88,0.6345,3,3,0,false,true,medium,medium,low,low_priority,exact_municipality_match,今治市,,今治市,"木地奥林道51線, 今治市, 愛媛県, 794-8511, 日本",multiple_candidates_for_mountain|multiple_mountains_for_candidate|weak_elevation_evidence|missing_csv_coordinate,top_3_with_evidence,low_priority_alternative,mountain=中三方ヶ森(#143); candidate=summit-candidate:bcf5d9d5a90e5cda; ref_score=0.6345; ref_rank=3; loc_level=exact_municipality_match; priority=medium; priority_reasons=top_3_with_evidence
144,古権現山,summit-candidate:0c2609d9e7e31a00,yamap_2022-10-16_10_19.gpx,楢原山・古権現山・中三方ヶ森,1012.4166666666666,1003,9.42,0.7875,1,1,0,true,true,medium,high,medium,accept_candidate_after_map_check,exact_municipality_match,今治市,,今治市,"木地奥林道51線, 今治市, 愛媛県, 794-8511, 日本",multiple_candidates_for_mountain|multiple_mountains_for_candidate|missing_csv_coordinate,top_1_but_ambiguous,clear_mutual_top1,mountain=古権現山(#144); candidate=summit-candidate:0c2609d9e7e31a00; ref_score=0.7875; ref_rank=1; loc_level=exact_municipality_match; priority=high; priority_reasons=top_1_but_ambiguous
144,古権現山,summit-candidate:bcf5d9d5a90e5cda,yamap_2022-10-16_10_19.gpx,楢原山・古権現山・中三方ヶ森,1010.1166666666667,1003,7.12,0.7875,2,1,0.102,false,true,medium,medium,high,check_close_alternatives,exact_municipality_match,今治市,,今治市,"木地奥林道51線, 今治市, 愛媛県, 794-8511, 日本",multiple_candidates_for_mountain|multiple_mountains_for_candidate|missing_csv_coordinate,top_3_with_evidence,small_score_gap,mountain=古権現山(#144); candidate=summit-candidate:bcf5d9d5a90e5cda; ref_score=0.7875; ref_rank=2; loc_level=exact_municipality_match; priority=medium; priority_reasons=top_3_with_evidence
144,古権現山,summit-candidate:c7ac7ff98cacc074,yamap_2022-10-16_10_19.gpx,楢原山・古権現山・中三方ヶ森,1037.9733333333334,1003,34.97,0.6855,3,2,0.051,false,true,medium,medium,low,low_priority,exact_municipality_match,今治市,,今治市,"今治市, 愛媛県, 794-8511, 日本",multiple_candidates_for_mountain|multiple_mountains_for_candidate|missing_csv_coordinate,top_3_with_evidence,low_priority_alternative,mountain=古権現山(#144); candidate=summit-candidate:c7ac7ff98cacc074; ref_score=0.6855; ref_rank=3; loc_level=exact_municipality_match; priority=medium; priority_reasons=top_3_with_evidence
145,楢原山,summit-candidate:c7ac7ff98cacc074,yamap_2022-10-16_10_19.gpx,楢原山・古権現山・中三方ヶ森,1037.9733333333334,1041,3.03,0.7875,1,1,0.051,true,true,medium,high,medium,accept_candidate_after_map_check,exact_municipality_match,今治市,,今治市,"今治市, 愛媛県, 794-8511, 日本",multiple_candidates_for_mountain|multiple_mountains_for_candidate|missing_csv_coordinate,top_1_but_ambiguous,clear_mutual_top1,mountain=楢原山(#145); candidate=summit-candidate:c7ac7ff98cacc074; ref_score=0.7875; ref_rank=1; loc_level=exact_municipality_match; priority=high; priority_reasons=top_1_but_ambiguous
145,楢原山,summit-candidate:0c2609d9e7e31a00,yamap_2022-10-16_10_19.gpx,楢原山・古権現山・中三方ヶ森,1012.4166666666666,1041,28.58,0.7365,2,2,0.051,false,true,medium,medium,low,low_priority,exact_municipality_match,今治市,,今治市,"木地奥林道51線, 今治市, 愛媛県, 794-8511, 日本",multiple_candidates_for_mountain|multiple_mountains_for_candidate|missing_csv_coordinate,top_3_with_evidence,low_priority_alternative,mountain=楢原山(#145); candidate=summit-candidate:0c2609d9e7e31a00; ref_score=0.7365; ref_rank=2; loc_level=exact_municipality_match; priority=medium; priority_reasons=top_3_with_evidence
145,楢原山,summit-candidate:bcf5d9d5a90e5cda,yamap_2022-10-16_10_19.gpx,楢原山・古権現山・中三方ヶ森,1010.1166666666667,1041,30.88,0.6855,3,2,0.051,false,true,medium,medium,low,low_priority,exact_municipality_match,今治市,,今治市,"木地奥林道51線, 今治市, 愛媛県, 794-8511, 日本",multiple_candidates_for_mountain|multiple_mountains_for_candidate|missing_csv_coordinate,top_3_with_evidence,low_priority_alternative,mountain=楢原山(#145); candidate=summit-candidate:bcf5d9d5a90e5cda; ref_score=0.6855; ref_rank=3; loc_level=exact_municipality_match; priority=medium; priority_reasons=top_3_with_evidence
146,西港山,summit-candidate:bf2b3499e08da2df,yamap_2022-10-19_16_00.gpx,西港山・大丸山・港山,47.879999999999995,52,4.12,0.7875,1,1,0.051,true,true,medium,high,medium,accept_candidate_after_map_check,exact_municipality_match,松山市,,松山市,"港山城跡　みなとやまじょうあと, 松山港線, 松ノ木一丁目, 梅津寺町, 松山市, 愛媛県, 791-8083, 日本",multiple_candidates_for_mountain|multiple_mountains_for_candidate|missing_csv_coordinate|timezone_sensitive_activity_link,top_1_but_ambiguous,clear_mutual_top1,mountain=西港山(#146); candidate=summit-candidate:bf2b3499e08da2df; ref_score=0.7875; ref_rank=1; loc_level=exact_municipality_match; priority=high; priority_reasons=top_1_but_ambiguous
146,西港山,summit-candidate:5f001ac124f82ef6,yamap_2022-10-19_16_00.gpx,西港山・大丸山・港山,41.080000000000005,52,10.92,0.7365,2,2,0,false,true,medium,high,high,resolve_conflict,exact_municipality_match,松山市,,松山市,"三津一丁目, 港山町, 松山市, 愛媛県, 791-8061, 日本",multiple_candidates_for_mountain|multiple_mountains_for_candidate|missing_csv_coordinate|timezone_sensitive_activity_link,top_candidate_for_multiple_mountains,shared_candidate,mountain=西港山(#146); candidate=summit-candidate:5f001ac124f82ef6; ref_score=0.7365; ref_rank=2; loc_level=exact_municipality_match; priority=high; priority_reasons=top_candidate_for_multiple_mountains
146,西港山,summit-candidate:a9a2a270fb6273fe,yamap_2022-10-19_16_00.gpx,西港山・大丸山・港山,63.77666666666667,52,11.78,0.7365,3,1,0.2465,false,true,medium,medium,low,low_priority,exact_municipality_match,松山市,,松山市,"梅津寺町, 松山市, 愛媛県, 791-8083, 日本",multiple_candidates_for_mountain|multiple_mountains_for_candidate|missing_csv_coordinate|timezone_sensitive_activity_link,top_3_with_evidence,low_priority_alternative,mountain=西港山(#146); candidate=summit-candidate:a9a2a270fb6273fe; ref_score=0.7365; ref_rank=3; loc_level=exact_municipality_match; priority=medium; priority_reasons=top_3_with_evidence
147,大丸山,summit-candidate:a9a2a270fb6273fe,yamap_2022-10-19_16_00.gpx,西港山・大丸山・港山,63.77666666666667,76,12.22,0.7365,1,2,0,false,true,medium,high,high,resolve_conflict,exact_municipality_match,松山市,,松山市,"梅津寺町, 松山市, 愛媛県, 791-8083, 日本",multiple_candidates_for_mountain|multiple_mountains_for_candidate|missing_csv_coordinate|timezone_sensitive_activity_link,top_1_but_ambiguous,not_mutual_top1,mountain=大丸山(#147); candidate=summit-candidate:a9a2a270fb6273fe; ref_score=0.7365; ref_rank=1; loc_level=exact_municipality_match; priority=high; priority_reasons=top_1_but_ambiguous
147,大丸山,summit-candidate:bf2b3499e08da2df,yamap_2022-10-19_16_00.gpx,西港山・大丸山・港山,47.879999999999995,76,28.12,0.7365,2,3,0.051,false,true,medium,medium,high,check_close_alternatives,exact_municipality_match,松山市,,松山市,"港山城跡　みなとやまじょうあと, 松山港線, 松ノ木一丁目, 梅津寺町, 松山市, 愛媛県, 791-8083, 日本",multiple_candidates_for_mountain|multiple_mountains_for_candidate|missing_csv_coordinate|timezone_sensitive_activity_link,top_3_with_evidence,small_score_gap,mountain=大丸山(#147); candidate=summit-candidate:bf2b3499e08da2df; ref_score=0.7365; ref_rank=2; loc_level=exact_municipality_match; priority=medium; priority_reasons=top_3_with_evidence
147,大丸山,summit-candidate:5f001ac124f82ef6,yamap_2022-10-19_16_00.gpx,西港山・大丸山・港山,41.080000000000005,76,34.92,0.6855,3,3,0.1955,false,true,medium,high,high,resolve_conflict,exact_municipality_match,松山市,,松山市,"三津一丁目, 港山町, 松山市, 愛媛県, 791-8061, 日本",multiple_candidates_for_mountain|multiple_mountains_for_candidate|missing_csv_coordinate|timezone_sensitive_activity_link,top_candidate_for_multiple_mountains,shared_candidate,mountain=大丸山(#147); candidate=summit-candidate:5f001ac124f82ef6; ref_score=0.6855; ref_rank=3; loc_level=exact_municipality_match; priority=high; priority_reasons=top_candidate_for_multiple_mountains
148,港山,summit-candidate:5f001ac124f82ef6,yamap_2022-10-19_16_00.gpx,西港山・大丸山・港山,41.080000000000005,42,0.92,0.7875,1,1,0,true,true,medium,high,high,resolve_conflict,exact_municipality_match,松山市,,松山市,"三津一丁目, 港山町, 松山市, 愛媛県, 791-8061, 日本",multiple_candidates_for_mountain|multiple_mountains_for_candidate|missing_csv_coordinate|timezone_sensitive_activity_link,top_1_but_ambiguous|top_candidate_for_multiple_mountains,shared_candidate,"mountain=港山(#148); candidate=summit-candidate:5f001ac124f82ef6; ref_score=0.7875; ref_rank=1; loc_level=exact_municipality_match; priority=high; priority_reasons=top_1_but_ambiguous,top_candidate_for_multiple_mountains"
148,港山,summit-candidate:bf2b3499e08da2df,yamap_2022-10-19_16_00.gpx,西港山・大丸山・港山,47.879999999999995,42,5.88,0.7875,2,2,0.051,false,true,medium,medium,high,check_close_alternatives,exact_municipality_match,松山市,,松山市,"港山城跡　みなとやまじょうあと, 松山港線, 松ノ木一丁目, 梅津寺町, 松山市, 愛媛県, 791-8083, 日本",multiple_candidates_for_mountain|multiple_mountains_for_candidate|missing_csv_coordinate|timezone_sensitive_activity_link,top_3_with_evidence,small_score_gap,mountain=港山(#148); candidate=summit-candidate:bf2b3499e08da2df; ref_score=0.7875; ref_rank=2; loc_level=exact_municipality_match; priority=medium; priority_reasons=top_3_with_evidence
148,港山,summit-candidate:a9a2a270fb6273fe,yamap_2022-10-19_16_00.gpx,西港山・大丸山・港山,63.77666666666667,42,21.78,0.7365,3,3,0.2465,false,true,medium,medium,low,low_priority,exact_municipality_match,松山市,,松山市,"梅津寺町, 松山市, 愛媛県, 791-8083, 日本",multiple_candidates_for_mountain|multiple_mountains_for_candidate|missing_csv_coordinate|timezone_sensitive_activity_link,top_3_with_evidence,low_priority_alternative,mountain=港山(#148); candidate=summit-candidate:a9a2a270fb6273fe; ref_score=0.7365; ref_rank=3; loc_level=exact_municipality_match; priority=medium; priority_reasons=top_3_with_evidence
149,すくも山,summit-candidate:f676e5a22f523492,yamap_2022-10-21_12_15.gpx,愛ノ山,211.39459610568747,41,170.39,0.6345,1,2,0.324,false,true,medium,high,high,resolve_conflict,exact_municipality_match,西条市,,西条市,"丹原町今井, 西条市, 愛媛県, 791-0503, 日本",multiple_candidates_for_mountain|multiple_mountains_for_candidate|weak_elevation_evidence|missing_csv_coordinate|activity_link_ambiguous,top_1_but_ambiguous|top_candidate_for_multiple_mountains,shared_candidate|not_mutual_top1,"mountain=すくも山(#149); candidate=summit-candidate:f676e5a22f523492; ref_score=0.6345; ref_rank=1; loc_level=exact_municipality_match; priority=high; priority_reasons=top_1_but_ambiguous,top_candidate_for_multiple_mountains"
149,すくも山,summit-candidate:40d5b4863907057a,yamap_2022-02-09_10_01.gpx,佐田岬と伽藍山,50.463046185756546,41,9.46,0.3105,2,10,0,false,false,low,high,high,check_location_warning,boundary_tolerated_mismatch,西条市,,,"佐田岬三崎線, 伊方町, 西宇和郡, 愛媛県, 796-0822, 日本",multiple_candidates_for_mountain|multiple_mountains_for_candidate|weak_name_evidence|missing_csv_coordinate|location_mismatch_warning,strong_evidence_with_mismatch,location_mismatch_warning,mountain=すくも山(#149); candidate=summit-candidate:40d5b4863907057a; ref_score=0.3105; ref_rank=2; loc_level=boundary_tolerated_mismatch; priority=high; priority_reasons=strong_evidence_with_mismatch
149,すくも山,summit-candidate:5f001ac124f82ef6,yamap_2022-10-19_16_00.gpx,西港山・大丸山・港山,41.080000000000005,41,0.08,0.3105,3,15,0,false,false,low,high,high,resolve_conflict,boundary_tolerated_mismatch,西条市,,,"三津一丁目, 港山町, 松山市, 愛媛県, 791-8061, 日本",multiple_candidates_for_mountain|multiple_mountains_for_candidate|weak_name_evidence|missing_csv_coordinate|location_mismatch_warning|timezone_sensitive_activity_link,strong_evidence_with_mismatch|top_candidate_for_multiple_mountains,shared_candidate,"mountain=すくも山(#149); candidate=summit-candidate:5f001ac124f82ef6; ref_score=0.3105; ref_rank=3; loc_level=boundary_tolerated_mismatch; priority=high; priority_reasons=strong_evidence_with_mismatch,top_candidate_for_multiple_mountains"
150,愛ノ山,summit-candidate:f676e5a22f523492,yamap_2022-10-21_12_15.gpx,愛ノ山,211.39459610568747,198,13.39,0.7365,1,1,0.2465,true,true,medium,high,high,resolve_conflict,exact_municipality_match,西条市,,西条市,"丹原町今井, 西条市, 愛媛県, 791-0503, 日本",multiple_candidates_for_mountain|multiple_mountains_for_candidate|missing_csv_coordinate|activity_link_ambiguous,top_1_but_ambiguous|top_candidate_for_multiple_mountains,shared_candidate,"mountain=愛ノ山(#150); candidate=summit-candidate:f676e5a22f523492; ref_score=0.7365; ref_rank=1; loc_level=exact_municipality_match; priority=high; priority_reasons=top_1_but_ambiguous,top_candidate_for_multiple_mountains"
150,愛ノ山,summit-candidate:bf9808bbf86d5d73,yamap_2025-01-30_14_42.gpx,八堂山,191.83333333333334,198,6.17,0.49,2,5,0.1795,false,false,low,medium,low,low_priority,exact_municipality_match,西条市,,西条市,"松山自動車道, 福武乙, 西条市, 愛媛県, 793-0035, 日本",multiple_candidates_for_mountain|multiple_mountains_for_candidate|weak_name_evidence|missing_csv_coordinate|activity_link_ambiguous,top_3_with_evidence,low_priority_alternative,mountain=愛ノ山(#150); candidate=summit-candidate:bf9808bbf86d5d73; ref_score=0.49; ref_rank=2; loc_level=exact_municipality_match; priority=medium; priority_reasons=top_3_with_evidence
150,愛ノ山,summit-candidate:23c112538ef91e0d,yamap_2022-02-23_08_42.gpx,西山・経ヶ森・岩子山・護摩ヶ森,195.95000000000002,198,2.05,0.3105,3,19,0,false,false,low,high,high,resolve_conflict,boundary_tolerated_mismatch,西条市,,,"高浜トンネル, 高浜町一丁目, 新浜町, 松山市, 愛媛県, 791-8081, 日本",multiple_candidates_for_mountain|multiple_mountains_for_candidate|weak_name_evidence|missing_csv_coordinate|location_mismatch_warning,strong_evidence_with_mismatch|top_candidate_for_multiple_mountains,shared_candidate,"mountain=愛ノ山(#150); candidate=summit-candidate:23c112538ef91e0d; ref_score=0.3105; ref_rank=3; loc_level=boundary_tolerated_mismatch; priority=high; priority_reasons=strong_evidence_with_mismatch,top_candidate_for_multiple_mountains"
151,冨士山,summit-candidate:9d447faef6efe2ab,yamap_2022-10-27_13_37.gpx,冨士山,335.74500437341317,320,15.75,0.7365,1,1,0.426,true,true,medium,high,medium,accept_candidate_after_map_check,exact_municipality_match,大洲市,,大洲市,"田口, 大洲市, 愛媛県, 795-0063, 日本",multiple_candidates_for_mountain|multiple_mountains_for_candidate|missing_csv_coordinate,top_1_but_ambiguous,clear_mutual_top1,mountain=冨士山(#151); candidate=summit-candidate:9d447faef6efe2ab; ref_score=0.7365; ref_rank=1; loc_level=exact_municipality_match; priority=high; priority_reasons=top_1_but_ambiguous
151,冨士山,summit-candidate:0f09bdcc25daff65,yamap_2025-02-24_07_30.gpx,無宗天山,311.96,320,8.04,0.3105,2,10,0,false,false,low,high,high,check_location_warning,boundary_tolerated_mismatch,大洲市,,,"今治市, 愛媛県, 794-8511, 日本",multiple_candidates_for_mountain|multiple_mountains_for_candidate|weak_name_evidence|missing_csv_coordinate|location_mismatch_warning|activity_link_ambiguous,strong_evidence_with_mismatch,location_mismatch_warning,mountain=冨士山(#151); candidate=summit-candidate:0f09bdcc25daff65; ref_score=0.3105; ref_rank=2; loc_level=boundary_tolerated_mismatch; priority=high; priority_reasons=strong_evidence_with_mismatch
151,冨士山,summit-candidate:35b464661fa62df9,yamap_2022-09-15_09_20.gpx,三山,323.2966666666667,320,3.3,0.3105,3,7,0,false,false,low,high,high,resolve_conflict,boundary_tolerated_mismatch,大洲市,,,"弓削大谷, 上島町, 越智郡, 愛媛県, 794-2503, 日本",multiple_candidates_for_mountain|multiple_mountains_for_candidate|weak_name_evidence|missing_csv_coordinate|location_mismatch_warning|activity_link_ambiguous,strong_evidence_with_mismatch|top_candidate_for_multiple_mountains,shared_candidate,"mountain=冨士山(#151); candidate=summit-candidate:35b464661fa62df9; ref_score=0.3105; ref_rank=3; loc_level=boundary_tolerated_mismatch; priority=high; priority_reasons=strong_evidence_with_mismatch,top_candidate_for_multiple_mountains"
152,割石峠山,summit-candidate:45f2c6fc88212acd,yamap_2022-10-28_06_21.gpx,割石峠山・石墨山・法師山・白猪山・根無山・樽谷山・梅ヶ谷山,1059.54,1037,22.54,0.7365,1,1,0.102,true,true,medium,high,medium,accept_candidate_after_map_check,exact_municipality_match,東温市,,東温市,"国道494号, 東温市, 上浮穴郡, 愛媛県, 日本",multiple_candidates_for_mountain|multiple_mountains_for_candidate|missing_csv_coordinate,top_1_but_ambiguous,clear_mutual_top1,mountain=割石峠山(#152); candidate=summit-candidate:45f2c6fc88212acd; ref_score=0.7365; ref_rank=1; loc_level=exact_municipality_match; priority=high; priority_reasons=top_1_but_ambiguous
152,割石峠山,summit-candidate:16e9de2bedeb2d1c,yamap_2022-10-28_06_21.gpx,割石峠山・石墨山・法師山・白猪山・根無山・樽谷山・梅ヶ谷山,1252.3999999999999,1037,215.4,0.6345,2,3,0,false,true,medium,high,high,resolve_conflict,exact_municipality_match,東温市,,東温市,"根無山林道, 東温市, 愛媛県, 日本",multiple_candidates_for_mountain|multiple_mountains_for_candidate|weak_elevation_evidence|missing_csv_coordinate,top_candidate_for_multiple_mountains,shared_candidate,mountain=割石峠山(#152); candidate=summit-candidate:16e9de2bedeb2d1c; ref_score=0.6345; ref_rank=2; loc_level=exact_municipality_match; priority=high; priority_reasons=top_candidate_for_multiple_mountains
152,割石峠山,summit-candidate:25e47e34740282d2,yamap_2022-10-28_06_21.gpx,割石峠山・石墨山・法師山・白猪山・根無山・樽谷山・梅ヶ谷山,1313.3500000000001,1037,276.35,0.6345,3,3,0,false,true,medium,high,high,resolve_conflict,exact_municipality_match,東温市,,東温市,"根無山林道, 東温市, 愛媛県, 日本",multiple_candidates_for_mountain|multiple_mountains_for_candidate|weak_elevation_evidence|missing_csv_coordinate,top_candidate_for_multiple_mountains,shared_candidate,mountain=割石峠山(#152); candidate=summit-candidate:25e47e34740282d2; ref_score=0.6345; ref_rank=3; loc_level=exact_municipality_match; priority=high; priority_reasons=top_candidate_for_multiple_mountains
153,石墨山,summit-candidate:16e9de2bedeb2d1c,yamap_2022-10-28_06_21.gpx,割石峠山・石墨山・法師山・白猪山・根無山・樽谷山・梅ヶ谷山,1252.3999999999999,1456,203.6,0.6345,1,4,0,false,false,medium,high,high,resolve_conflict,exact_municipality_match,東温市,,東温市,"根無山林道, 東温市, 愛媛県, 日本",multiple_candidates_for_mountain|multiple_mountains_for_candidate|weak_elevation_evidence|missing_csv_coordinate,top_1_but_ambiguous|top_candidate_for_multiple_mountains,shared_candidate|not_mutual_top1,"mountain=石墨山(#153); candidate=summit-candidate:16e9de2bedeb2d1c; ref_score=0.6345; ref_rank=1; loc_level=exact_municipality_match; priority=high; priority_reasons=top_1_but_ambiguous,top_candidate_for_multiple_mountains"
153,石墨山,summit-candidate:25e47e34740282d2,yamap_2022-10-28_06_21.gpx,割石峠山・石墨山・法師山・白猪山・根無山・樽谷山・梅ヶ谷山,1313.3500000000001,1456,142.65,0.6345,2,4,0,false,false,medium,high,high,resolve_conflict,exact_municipality_match,東温市,,東温市,"根無山林道, 東温市, 愛媛県, 日本",multiple_candidates_for_mountain|multiple_mountains_for_candidate|weak_elevation_evidence|missing_csv_coordinate,top_candidate_for_multiple_mountains,shared_candidate,mountain=石墨山(#153); candidate=summit-candidate:25e47e34740282d2; ref_score=0.6345; ref_rank=2; loc_level=exact_municipality_match; priority=high; priority_reasons=top_candidate_for_multiple_mountains
153,石墨山,summit-candidate:45f2c6fc88212acd,yamap_2022-10-28_06_21.gpx,割石峠山・石墨山・法師山・白猪山・根無山・樽谷山・梅ヶ谷山,1059.54,1456,396.46,0.6345,3,2,0,false,true,medium,medium,high,check_close_alternatives,exact_municipality_match,東温市,,東温市,"国道494号, 東温市, 上浮穴郡, 愛媛県, 日本",multiple_candidates_for_mountain|multiple_mountains_for_candidate|weak_elevation_evidence|missing_csv_coordinate,top_3_with_evidence,small_score_gap,mountain=石墨山(#153); candidate=summit-candidate:45f2c6fc88212acd; ref_score=0.6345; ref_rank=3; loc_level=exact_municipality_match; priority=medium; priority_reasons=top_3_with_evidence
154,法師山,summit-candidate:25e47e34740282d2,yamap_2022-10-28_06_21.gpx,割石峠山・石墨山・法師山・白猪山・根無山・樽谷山・梅ヶ谷山,1313.3500000000001,1310,3.35,0.7875,1,1,0.153,true,true,medium,high,high,resolve_conflict,exact_municipality_match,東温市,,東温市,"根無山林道, 東温市, 愛媛県, 日本",multiple_candidates_for_mountain|multiple_mountains_for_candidate|missing_csv_coordinate,top_1_but_ambiguous|top_candidate_for_multiple_mountains,shared_candidate,"mountain=法師山(#154); candidate=summit-candidate:25e47e34740282d2; ref_score=0.7875; ref_rank=1; loc_level=exact_municipality_match; priority=high; priority_reasons=top_1_but_ambiguous,top_candidate_for_multiple_mountains"
154,法師山,summit-candidate:16e9de2bedeb2d1c,yamap_2022-10-28_06_21.gpx,割石峠山・石墨山・法師山・白猪山・根無山・樽谷山・梅ヶ谷山,1252.3999999999999,1310,57.6,0.6345,2,5,0,false,false,medium,high,high,resolve_conflict,exact_municipality_match,東温市,,東温市,"根無山林道, 東温市, 愛媛県, 日本",multiple_candidates_for_mountain|multiple_mountains_for_candidate|weak_elevation_evidence|missing_csv_coordinate,top_candidate_for_multiple_mountains,shared_candidate,mountain=法師山(#154); candidate=summit-candidate:16e9de2bedeb2d1c; ref_score=0.6345; ref_rank=2; loc_level=exact_municipality_match; priority=high; priority_reasons=top_candidate_for_multiple_mountains
154,法師山,summit-candidate:45f2c6fc88212acd,yamap_2022-10-28_06_21.gpx,割石峠山・石墨山・法師山・白猪山・根無山・樽谷山・梅ヶ谷山,1059.54,1310,250.46,0.6345,3,3,0,false,true,medium,medium,low,low_priority,exact_municipality_match,東温市,,東温市,"国道494号, 東温市, 上浮穴郡, 愛媛県, 日本",multiple_candidates_for_mountain|multiple_mountains_for_candidate|weak_elevation_evidence|missing_csv_coordinate,top_3_with_evidence,low_priority_alternative,mountain=法師山(#154); candidate=summit-candidate:45f2c6fc88212acd; ref_score=0.6345; ref_rank=3; loc_level=exact_municipality_match; priority=medium; priority_reasons=top_3_with_evidence
155,白猪山,summit-candidate:5cb1fa3d9dcf60f5,yamap_2022-10-28_06_21.gpx,割石峠山・石墨山・法師山・白猪山・根無山・樽谷山・梅ヶ谷山,1237.0966666666666,1202,35.1,0.6855,1,3,0.051,false,true,medium,high,high,resolve_conflict,exact_municipality_match,東温市,,東温市,"根無山林道, 東温市, 愛媛県, 日本",multiple_candidates_for_mountain|multiple_mountains_for_candidate|missing_csv_coordinate,top_1_but_ambiguous|top_candidate_for_multiple_mountains,shared_candidate|not_mutual_top1,"mountain=白猪山(#155); candidate=summit-candidate:5cb1fa3d9dcf60f5; ref_score=0.6855; ref_rank=1; loc_level=exact_municipality_match; priority=high; priority_reasons=top_1_but_ambiguous,top_candidate_for_multiple_mountains"
155,白猪山,summit-candidate:16e9de2bedeb2d1c,yamap_2022-10-28_06_21.gpx,割石峠山・石墨山・法師山・白猪山・根無山・樽谷山・梅ヶ谷山,1252.3999999999999,1202,50.4,0.6345,2,6,0,false,false,medium,high,high,resolve_conflict,exact_municipality_match,東温市,,東温市,"根無山林道, 東温市, 愛媛県, 日本",multiple_candidates_for_mountain|multiple_mountains_for_candidate|weak_elevation_evidence|missing_csv_coordinate,top_candidate_for_multiple_mountains,shared_candidate,mountain=白猪山(#155); candidate=summit-candidate:16e9de2bedeb2d1c; ref_score=0.6345; ref_rank=2; loc_level=exact_municipality_match; priority=high; priority_reasons=top_candidate_for_multiple_mountains
155,白猪山,summit-candidate:25e47e34740282d2,yamap_2022-10-28_06_21.gpx,割石峠山・石墨山・法師山・白猪山・根無山・樽谷山・梅ヶ谷山,1313.3500000000001,1202,111.35,0.6345,3,5,0,false,false,medium,high,high,resolve_conflict,exact_municipality_match,東温市,,東温市,"根無山林道, 東温市, 愛媛県, 日本",multiple_candidates_for_mountain|multiple_mountains_for_candidate|weak_elevation_evidence|missing_csv_coordinate,top_candidate_for_multiple_mountains,shared_candidate,mountain=白猪山(#155); candidate=summit-candidate:25e47e34740282d2; ref_score=0.6345; ref_rank=3; loc_level=exact_municipality_match; priority=high; priority_reasons=top_candidate_for_multiple_mountains
156,梅ヶ谷山,summit-candidate:25e47e34740282d2,yamap_2022-10-28_06_21.gpx,割石峠山・石墨山・法師山・白猪山・根無山・樽谷山・梅ヶ谷山,1313.3500000000001,1316,2.65,0.7875,1,2,0.153,false,true,medium,high,high,resolve_conflict,exact_municipality_match,東温市,,東温市,"根無山林道, 東温市, 愛媛県, 日本",multiple_candidates_for_mountain|multiple_mountains_for_candidate|missing_csv_coordinate,top_1_but_ambiguous|top_candidate_for_multiple_mountains,shared_candidate|not_mutual_top1,"mountain=梅ヶ谷山(#156); candidate=summit-candidate:25e47e34740282d2; ref_score=0.7875; ref_rank=1; loc_level=exact_municipality_match; priority=high; priority_reasons=top_1_but_ambiguous,top_candidate_for_multiple_mountains"
156,梅ヶ谷山,summit-candidate:16e9de2bedeb2d1c,yamap_2022-10-28_06_21.gpx,割石峠山・石墨山・法師山・白猪山・根無山・樽谷山・梅ヶ谷山,1252.3999999999999,1316,63.6,0.6345,2,7,0,false,false,medium,high,high,resolve_conflict,exact_municipality_match,東温市,,東温市,"根無山林道, 東温市, 愛媛県, 日本",multiple_candidates_for_mountain|multiple_mountains_for_candidate|weak_elevation_evidence|missing_csv_coordinate,top_candidate_for_multiple_mountains,shared_candidate,mountain=梅ヶ谷山(#156); candidate=summit-candidate:16e9de2bedeb2d1c; ref_score=0.6345; ref_rank=2; loc_level=exact_municipality_match; priority=high; priority_reasons=top_candidate_for_multiple_mountains
156,梅ヶ谷山,summit-candidate:45f2c6fc88212acd,yamap_2022-10-28_06_21.gpx,割石峠山・石墨山・法師山・白猪山・根無山・樽谷山・梅ヶ谷山,1059.54,1316,256.46,0.6345,3,5,0,false,false,medium,medium,low,low_priority,exact_municipality_match,東温市,,東温市,"国道494号, 東温市, 上浮穴郡, 愛媛県, 日本",multiple_candidates_for_mountain|multiple_mountains_for_candidate|weak_elevation_evidence|missing_csv_coordinate,top_3_with_evidence,low_priority_alternative,mountain=梅ヶ谷山(#156); candidate=summit-candidate:45f2c6fc88212acd; ref_score=0.6345; ref_rank=3; loc_level=exact_municipality_match; priority=medium; priority_reasons=top_3_with_evidence
157,樽谷山,summit-candidate:16e9de2bedeb2d1c,yamap_2022-10-28_06_21.gpx,割石峠山・石墨山・法師山・白猪山・根無山・樽谷山・梅ヶ谷山,1252.3999999999999,1255,2.6,0.7875,1,1,0.051,true,true,medium,high,high,resolve_conflict,exact_municipality_match,東温市,,東温市,"根無山林道, 東温市, 愛媛県, 日本",multiple_candidates_for_mountain|multiple_mountains_for_candidate|missing_csv_coordinate,top_1_but_ambiguous|top_candidate_for_multiple_mountains,shared_candidate,"mountain=樽谷山(#157); candidate=summit-candidate:16e9de2bedeb2d1c; ref_score=0.7875; ref_rank=1; loc_level=exact_municipality_match; priority=high; priority_reasons=top_1_but_ambiguous,top_candidate_for_multiple_mountains"
157,樽谷山,summit-candidate:5cb1fa3d9dcf60f5,yamap_2022-10-28_06_21.gpx,割石峠山・石墨山・法師山・白猪山・根無山・樽谷山・梅ヶ谷山,1237.0966666666666,1255,17.9,0.7365,2,2,0.102,false,true,medium,high,high,resolve_conflict,exact_municipality_match,東温市,,東温市,"根無山林道, 東温市, 愛媛県, 日本",multiple_candidates_for_mountain|multiple_mountains_for_candidate|missing_csv_coordinate,top_candidate_for_multiple_mountains,shared_candidate,mountain=樽谷山(#157); candidate=summit-candidate:5cb1fa3d9dcf60f5; ref_score=0.7365; ref_rank=2; loc_level=exact_municipality_match; priority=high; priority_reasons=top_candidate_for_multiple_mountains
157,樽谷山,summit-candidate:25e47e34740282d2,yamap_2022-10-28_06_21.gpx,割石峠山・石墨山・法師山・白猪山・根無山・樽谷山・梅ヶ谷山,1313.3500000000001,1255,58.35,0.6345,3,6,0,false,false,medium,high,high,resolve_conflict,exact_municipality_match,東温市,,東温市,"根無山林道, 東温市, 愛媛県, 日本",multiple_candidates_for_mountain|multiple_mountains_for_candidate|weak_elevation_evidence|missing_csv_coordinate,top_candidate_for_multiple_mountains,shared_candidate,mountain=樽谷山(#157); candidate=summit-candidate:25e47e34740282d2; ref_score=0.6345; ref_rank=3; loc_level=exact_municipality_match; priority=high; priority_reasons=top_candidate_for_multiple_mountains
158,根無山,summit-candidate:5cb1fa3d9dcf60f5,yamap_2022-10-28_06_21.gpx,割石峠山・石墨山・法師山・白猪山・根無山・樽谷山・梅ヶ谷山,1237.0966666666666,1241,3.9,0.7875,1,1,0.051,true,true,medium,high,high,resolve_conflict,exact_municipality_match,東温市,,東温市,"根無山林道, 東温市, 愛媛県, 日本",multiple_candidates_for_mountain|multiple_mountains_for_candidate|missing_csv_coordinate,top_1_but_ambiguous|top_candidate_for_multiple_mountains,shared_candidate,"mountain=根無山(#158); candidate=summit-candidate:5cb1fa3d9dcf60f5; ref_score=0.7875; ref_rank=1; loc_level=exact_municipality_match; priority=high; priority_reasons=top_1_but_ambiguous,top_candidate_for_multiple_mountains"
158,根無山,summit-candidate:16e9de2bedeb2d1c,yamap_2022-10-28_06_21.gpx,割石峠山・石墨山・法師山・白猪山・根無山・樽谷山・梅ヶ谷山,1252.3999999999999,1241,11.4,0.7365,2,2,0.102,false,true,medium,high,high,resolve_conflict,exact_municipality_match,東温市,,東温市,"根無山林道, 東温市, 愛媛県, 日本",multiple_candidates_for_mountain|multiple_mountains_for_candidate|missing_csv_coordinate,top_candidate_for_multiple_mountains,shared_candidate,mountain=根無山(#158); candidate=summit-candidate:16e9de2bedeb2d1c; ref_score=0.7365; ref_rank=2; loc_level=exact_municipality_match; priority=high; priority_reasons=top_candidate_for_multiple_mountains
158,根無山,summit-candidate:25e47e34740282d2,yamap_2022-10-28_06_21.gpx,割石峠山・石墨山・法師山・白猪山・根無山・樽谷山・梅ヶ谷山,1313.3500000000001,1241,72.35,0.6345,3,7,0,false,false,medium,high,high,resolve_conflict,exact_municipality_match,東温市,,東温市,"根無山林道, 東温市, 愛媛県, 日本",multiple_candidates_for_mountain|multiple_mountains_for_candidate|weak_elevation_evidence|missing_csv_coordinate,top_candidate_for_multiple_mountains,shared_candidate,mountain=根無山(#158); candidate=summit-candidate:25e47e34740282d2; ref_score=0.6345; ref_rank=3; loc_level=exact_municipality_match; priority=high; priority_reasons=top_candidate_for_multiple_mountains
159,権現山,summit-candidate:cf97b8470d2ed1d7,yamap_2022-11-05_04_38.gpx,権現山・黒岳・エビラ山・二ッ岳,1584.2533333333333,1594,9.75,0.7875,1,1,0.102,true,true,medium,high,medium,accept_candidate_after_map_check,exact_municipality_match,新居浜市,,新居浜市,"新居浜市, 愛媛県, 日本",multiple_candidates_for_mountain|multiple_mountains_for_candidate|missing_csv_coordinate,top_1_but_ambiguous,clear_mutual_top1,mountain=権現山(#159); candidate=summit-candidate:cf97b8470d2ed1d7; ref_score=0.7875; ref_rank=1; loc_level=exact_municipality_match; priority=high; priority_reasons=top_1_but_ambiguous
159,権現山,summit-candidate:ffa6a88e4e680fd5,yamap_2022-11-05_04_38.gpx,権現山・黒岳・エビラ山・二ッ岳,1626.996666666667,1594,33,0.6855,2,3,0.051,false,true,medium,medium,low,low_priority,exact_municipality_match,新居浜市,,新居浜市,"新居浜市, 愛媛県, 日本",multiple_candidates_for_mountain|multiple_mountains_for_candidate|missing_csv_coordinate,top_3_with_evidence,low_priority_alternative,mountain=権現山(#159); candidate=summit-candidate:ffa6a88e4e680fd5; ref_score=0.6855; ref_rank=2; loc_level=exact_municipality_match; priority=medium; priority_reasons=top_3_with_evidence
159,権現山,summit-candidate:09547fd48f24d064,yamap_2022-11-05_04_38.gpx,権現山・黒岳・エビラ山・二ッ岳,1672.3333333333333,1594,78.33,0.6345,3,4,0,false,false,medium,high,high,resolve_conflict,exact_municipality_match,新居浜市,,新居浜市,"新居浜市, 愛媛県, 日本",multiple_candidates_for_mountain|multiple_mountains_for_candidate|weak_elevation_evidence|missing_csv_coordinate,top_candidate_for_multiple_mountains,shared_candidate,mountain=権現山(#159); candidate=summit-candidate:09547fd48f24d064; ref_score=0.6345; ref_rank=3; loc_level=exact_municipality_match; priority=high; priority_reasons=top_candidate_for_multiple_mountains
160,黒岳,summit-candidate:ffa6a88e4e680fd5,yamap_2022-11-05_04_38.gpx,権現山・黒岳・エビラ山・二ッ岳,1626.996666666667,1636,9,0.7875,1,1,0.051,true,true,medium,high,medium,accept_candidate_after_map_check,exact_municipality_match,新居浜市,,新居浜市,"新居浜市, 愛媛県, 日本",multiple_candidates_for_mountain|multiple_mountains_for_candidate|missing_csv_coordinate,top_1_but_ambiguous,clear_mutual_top1,mountain=黒岳(#160); candidate=summit-candidate:ffa6a88e4e680fd5; ref_score=0.7875; ref_rank=1; loc_level=exact_municipality_match; priority=high; priority_reasons=top_1_but_ambiguous
160,黒岳,summit-candidate:7ef7c15a52318cc9,yamap_2022-11-05_04_38.gpx,権現山・黒岳・エビラ山・二ッ岳,1664.1233333333332,1636,28.12,0.7365,2,2,0.051,false,true,medium,medium,low,low_priority,exact_municipality_match,新居浜市,,新居浜市,"新居浜市, 愛媛県, 日本",multiple_candidates_for_mountain|multiple_mountains_for_candidate|missing_csv_coordinate,top_3_with_evidence,low_priority_alternative,mountain=黒岳(#160); candidate=summit-candidate:7ef7c15a52318cc9; ref_score=0.7365; ref_rank=2; loc_level=exact_municipality_match; priority=medium; priority_reasons=top_3_with_evidence
160,黒岳,summit-candidate:09547fd48f24d064,yamap_2022-11-05_04_38.gpx,権現山・黒岳・エビラ山・二ッ岳,1672.3333333333333,1636,36.33,0.6855,3,3,0.051,false,true,medium,high,high,resolve_conflict,exact_municipality_match,新居浜市,,新居浜市,"新居浜市, 愛媛県, 日本",multiple_candidates_for_mountain|multiple_mountains_for_candidate|missing_csv_coordinate,top_candidate_for_multiple_mountains,shared_candidate,mountain=黒岳(#160); candidate=summit-candidate:09547fd48f24d064; ref_score=0.6855; ref_rank=3; loc_level=exact_municipality_match; priority=high; priority_reasons=top_candidate_for_multiple_mountains
161,エビラ山,summit-candidate:09547fd48f24d064,yamap_2022-11-05_04_38.gpx,権現山・黒岳・エビラ山・二ッ岳,1672.3333333333333,1673,0.67,0.7875,1,1,0,true,true,medium,high,high,resolve_conflict,exact_municipality_match,新居浜市,,新居浜市,"新居浜市, 愛媛県, 日本",multiple_candidates_for_mountain|multiple_mountains_for_candidate|missing_csv_coordinate,top_1_but_ambiguous|top_candidate_for_multiple_mountains,shared_candidate,"mountain=エビラ山(#161); candidate=summit-candidate:09547fd48f24d064; ref_score=0.7875; ref_rank=1; loc_level=exact_municipality_match; priority=high; priority_reasons=top_1_but_ambiguous,top_candidate_for_multiple_mountains"
161,エビラ山,summit-candidate:7ef7c15a52318cc9,yamap_2022-11-05_04_38.gpx,権現山・黒岳・エビラ山・二ッ岳,1664.1233333333332,1673,8.88,0.7875,2,1,0.102,false,true,medium,medium,high,check_close_alternatives,exact_municipality_match,新居浜市,,新居浜市,"新居浜市, 愛媛県, 日本",multiple_candidates_for_mountain|multiple_mountains_for_candidate|missing_csv_coordinate,top_3_with_evidence,small_score_gap,mountain=エビラ山(#161); candidate=summit-candidate:7ef7c15a52318cc9; ref_score=0.7875; ref_rank=2; loc_level=exact_municipality_match; priority=medium; priority_reasons=top_3_with_evidence
161,エビラ山,summit-candidate:ffa6a88e4e680fd5,yamap_2022-11-05_04_38.gpx,権現山・黒岳・エビラ山・二ッ岳,1626.996666666667,1673,46,0.6855,3,4,0.051,false,false,medium,medium,low,low_priority,exact_municipality_match,新居浜市,,新居浜市,"新居浜市, 愛媛県, 日本",multiple_candidates_for_mountain|multiple_mountains_for_candidate|missing_csv_coordinate,top_3_with_evidence,low_priority_alternative,mountain=エビラ山(#161); candidate=summit-candidate:ffa6a88e4e680fd5; ref_score=0.6855; ref_rank=3; loc_level=exact_municipality_match; priority=medium; priority_reasons=top_3_with_evidence
162,二ッ岳,summit-candidate:09547fd48f24d064,yamap_2022-11-05_04_38.gpx,権現山・黒岳・エビラ山・二ッ岳,1672.3333333333333,1647,25.33,0.7365,1,2,0,false,true,medium,high,high,resolve_conflict,exact_municipality_match,新居浜市,,新居浜市,"新居浜市, 愛媛県, 日本",multiple_candidates_for_mountain|multiple_mountains_for_candidate|missing_csv_coordinate,top_1_but_ambiguous|top_candidate_for_multiple_mountains,shared_candidate|not_mutual_top1,"mountain=二ッ岳(#162); candidate=summit-candidate:09547fd48f24d064; ref_score=0.7365; ref_rank=1; loc_level=exact_municipality_match; priority=high; priority_reasons=top_1_but_ambiguous,top_candidate_for_multiple_mountains"
162,二ッ岳,summit-candidate:7ef7c15a52318cc9,yamap_2022-11-05_04_38.gpx,権現山・黒岳・エビラ山・二ッ岳,1664.1233333333332,1647,17.12,0.7365,2,3,0,false,true,medium,medium,high,check_close_alternatives,exact_municipality_match,新居浜市,,新居浜市,"新居浜市, 愛媛県, 日本",multiple_candidates_for_mountain|multiple_mountains_for_candidate|missing_csv_coordinate,top_3_with_evidence,small_score_gap,mountain=二ッ岳(#162); candidate=summit-candidate:7ef7c15a52318cc9; ref_score=0.7365; ref_rank=2; loc_level=exact_municipality_match; priority=medium; priority_reasons=top_3_with_evidence
162,二ッ岳,summit-candidate:ffa6a88e4e680fd5,yamap_2022-11-05_04_38.gpx,権現山・黒岳・エビラ山・二ッ岳,1626.996666666667,1647,20,0.7365,3,2,0.102,false,true,medium,medium,high,check_close_alternatives,exact_municipality_match,新居浜市,,新居浜市,"新居浜市, 愛媛県, 日本",multiple_candidates_for_mountain|multiple_mountains_for_candidate|missing_csv_coordinate,top_3_with_evidence,small_score_gap,mountain=二ッ岳(#162); candidate=summit-candidate:ffa6a88e4e680fd5; ref_score=0.7365; ref_rank=3; loc_level=exact_municipality_match; priority=medium; priority_reasons=top_3_with_evidence
163,鹿島山,summit-candidate:e4fbd033b13d73ce,yamap_2022-11-07_12_37.gpx,鹿島山,99.19338457582633,114,14.81,0.7365,1,1,0.2465,true,true,medium,high,medium,accept_candidate_after_map_check,exact_municipality_match,松山市,,松山市,"鹿島展望台, 鹿島公園線, 土手内, 松山市, 愛媛県, 799-2499, 日本",multiple_candidates_for_mountain|multiple_mountains_for_candidate|missing_csv_coordinate,top_1_but_ambiguous,clear_mutual_top1,mountain=鹿島山(#163); candidate=summit-candidate:e4fbd033b13d73ce; ref_score=0.7365; ref_rank=1; loc_level=exact_municipality_match; priority=high; priority_reasons=top_1_but_ambiguous
163,鹿島山,summit-candidate:22b4a5a5c856bf4d,yamap_2022-02-16_11_57.gpx,愛宕山・常光寺山,104.27999999999999,114,9.72,0.49,2,5,0,false,false,low,medium,low,low_priority,exact_municipality_match,松山市,,松山市,"石手二丁目, 新石手, 松山市, 愛媛県, 790-0852, 日本",multiple_candidates_for_mountain|multiple_mountains_for_candidate|weak_name_evidence|missing_csv_coordinate,top_3_with_evidence,low_priority_alternative,mountain=鹿島山(#163); candidate=summit-candidate:22b4a5a5c856bf4d; ref_score=0.49; ref_rank=2; loc_level=exact_municipality_match; priority=medium; priority_reasons=top_3_with_evidence
163,鹿島山,summit-candidate:45f49d8fd831427c,yamap_2023-01-06_11_33.gpx,岩子山・垣生山・津田山・弁天山,110.77666666666669,114,3.22,0.49,3,10,0,false,false,low,high,high,resolve_conflict,exact_municipality_match,松山市,,松山市,"垣生山公園登山道, 高岡町, 松山市, 愛媛県, 791-8036, 日本",multiple_candidates_for_mountain|multiple_mountains_for_candidate|weak_name_evidence|missing_csv_coordinate,top_candidate_for_multiple_mountains,shared_candidate,mountain=鹿島山(#163); candidate=summit-candidate:45f49d8fd831427c; ref_score=0.49; ref_rank=3; loc_level=exact_municipality_match; priority=high; priority_reasons=top_candidate_for_multiple_mountains
164,出石山,summit-candidate:615a70cf4401199b,yamap_2022-11-14_13_02.gpx,出石山,822.6353431394673,812,10.64,0.7365,1,1,0.2975,true,true,medium,high,high,resolve_conflict,exact_municipality_match,大洲市,,大洲市,"別格7番 出石寺, 1, 大洲市, 愛媛県, 799-3462, 日本",multiple_candidates_for_mountain|multiple_mountains_for_candidate|missing_csv_coordinate,top_1_but_ambiguous|top_candidate_for_multiple_mountains,shared_candidate,"mountain=出石山(#164); candidate=summit-candidate:615a70cf4401199b; ref_score=0.7365; ref_rank=1; loc_level=exact_municipality_match; priority=high; priority_reasons=top_1_but_ambiguous,top_candidate_for_multiple_mountains"
164,出石山,summit-candidate:37c3a34c16599379,yamap_2025-01-26_07_09.gpx,天が森・浄心山・銅が鳴,791.270282533162,812,20.73,0.439,2,5,0,false,false,low,medium,low,low_priority,exact_municipality_match,大洲市,,大洲市,"大洲市, 愛媛県, 799-3462, 日本",multiple_candidates_for_mountain|multiple_mountains_for_candidate|weak_name_evidence|missing_csv_coordinate,top_3_with_evidence,low_priority_alternative,mountain=出石山(#164); candidate=summit-candidate:37c3a34c16599379; ref_score=0.439; ref_rank=2; loc_level=exact_municipality_match; priority=medium; priority_reasons=top_3_with_evidence
164,出石山,summit-candidate:5f31b84e049f61fa,yamap_2026-02-22_07_32.gpx,高森山・町木山・寒台山・鎧掛山,798.325694253476,812,13.67,0.439,3,14,0,false,false,low,medium,low,low_priority,exact_municipality_match,大洲市,,大洲市,"池田川崎線, 大洲市, 喜多郡, 愛媛県, 日本",multiple_candidates_for_mountain|multiple_mountains_for_candidate|weak_name_evidence|missing_csv_coordinate|activity_link_ambiguous,top_3_with_evidence,low_priority_alternative,mountain=出石山(#164); candidate=summit-candidate:5f31b84e049f61fa; ref_score=0.439; ref_rank=3; loc_level=exact_municipality_match; priority=medium; priority_reasons=top_3_with_evidence
165,綱繰山,summit-candidate:53d0e375c60814f6,yamap_2022-11-26_04_41.gpx,銅山峰・西山・綱繰山・獅子舞の鼻・冠山・平家平,1457.99,1466,8.01,0.7875,1,1,0.102,true,true,medium,high,high,resolve_conflict,exact_municipality_match,新居浜市,,新居浜市,"新居浜市, 愛媛県, 日本",multiple_candidates_for_mountain|multiple_mountains_for_candidate|missing_csv_coordinate,top_1_but_ambiguous|top_candidate_for_multiple_mountains,shared_candidate,"mountain=綱繰山(#165); candidate=summit-candidate:53d0e375c60814f6; ref_score=0.7875; ref_rank=1; loc_level=exact_municipality_match; priority=high; priority_reasons=top_1_but_ambiguous,top_candidate_for_multiple_mountains"
165,綱繰山,summit-candidate:a557f14fb032a808,yamap_2022-11-26_04_41.gpx,銅山峰・西山・綱繰山・獅子舞の鼻・冠山・平家平,1423.68,1466,42.32,0.6855,2,2,0.051,false,true,medium,medium,low,low_priority,exact_municipality_match,新居浜市,,新居浜市,"新居浜市, 愛媛県, 日本",multiple_candidates_for_mountain|multiple_mountains_for_candidate|missing_csv_coordinate,top_3_with_evidence,low_priority_alternative,mountain=綱繰山(#165); candidate=summit-candidate:a557f14fb032a808; ref_score=0.6855; ref_rank=2; loc_level=exact_municipality_match; priority=medium; priority_reasons=top_3_with_evidence
165,綱繰山,summit-candidate:006436491de34784,yamap_2022-11-26_04_41.gpx,銅山峰・西山・綱繰山・獅子舞の鼻・冠山・平家平,1729.61,1466,263.61,0.6345,3,3,0,false,true,medium,high,high,resolve_conflict,exact_municipality_match,新居浜市,,新居浜市,"新居浜市, 愛媛県, 日本",multiple_candidates_for_mountain|multiple_mountains_for_candidate|weak_elevation_evidence|missing_csv_coordinate,top_candidate_for_multiple_mountains,shared_candidate,mountain=綱繰山(#165); candidate=summit-candidate:006436491de34784; ref_score=0.6345; ref_rank=3; loc_level=exact_municipality_match; priority=high; priority_reasons=top_candidate_for_multiple_mountains
166,獅子舞の鼻,summit-candidate:53d0e375c60814f6,yamap_2022-11-26_04_41.gpx,銅山峰・西山・綱繰山・獅子舞の鼻・冠山・平家平,1457.99,1482,24.01,0.7365,1,2,0.102,false,true,medium,high,high,resolve_conflict,exact_municipality_match,新居浜市,,新居浜市,"新居浜市, 愛媛県, 日本",multiple_candidates_for_mountain|multiple_mountains_for_candidate|missing_csv_coordinate,top_1_but_ambiguous|top_candidate_for_multiple_mountains,shared_candidate|not_mutual_top1,"mountain=獅子舞の鼻(#166); candidate=summit-candidate:53d0e375c60814f6; ref_score=0.7365; ref_rank=1; loc_level=exact_municipality_match; priority=high; priority_reasons=top_1_but_ambiguous,top_candidate_for_multiple_mountains"
166,獅子舞の鼻,summit-candidate:006436491de34784,yamap_2022-11-26_04_41.gpx,銅山峰・西山・綱繰山・獅子舞の鼻・冠山・平家平,1729.61,1482,247.61,0.6345,2,4,0,false,false,medium,high,high,resolve_conflict,exact_municipality_match,新居浜市,,新居浜市,"新居浜市, 愛媛県, 日本",multiple_candidates_for_mountain|multiple_mountains_for_candidate|weak_elevation_evidence|missing_csv_coordinate,top_candidate_for_multiple_mountains,shared_candidate,mountain=獅子舞の鼻(#166); candidate=summit-candidate:006436491de34784; ref_score=0.6345; ref_rank=2; loc_level=exact_municipality_match; priority=high; priority_reasons=top_candidate_for_multiple_mountains
166,獅子舞の鼻,summit-candidate:a03fbec9bab2fe7a,yamap_2022-11-26_04_41.gpx,銅山峰・西山・綱繰山・獅子舞の鼻・冠山・平家平,907.3366666666667,1482,574.66,0.6345,3,2,0,false,true,medium,medium,low,low_priority,exact_municipality_match,新居浜市,,新居浜市,"新居浜別子山線, 新居浜市, 愛媛県, 日本",multiple_candidates_for_mountain|multiple_mountains_for_candidate|weak_elevation_evidence|missing_csv_coordinate,top_3_with_evidence,low_priority_alternative,mountain=獅子舞の鼻(#166); candidate=summit-candidate:a03fbec9bab2fe7a; ref_score=0.6345; ref_rank=3; loc_level=exact_municipality_match; priority=medium; priority_reasons=top_3_with_evidence
167,冠山,summit-candidate:006436491de34784,yamap_2022-11-26_04_41.gpx,銅山峰・西山・綱繰山・獅子舞の鼻・冠山・平家平,1729.61,1731,1.39,0.7875,1,1,0.153,true,true,medium,high,high,resolve_conflict,exact_municipality_match,新居浜市,,新居浜市,"新居浜市, 愛媛県, 日本",multiple_candidates_for_mountain|multiple_mountains_for_candidate|missing_csv_coordinate,top_1_but_ambiguous|top_candidate_for_multiple_mountains,shared_candidate,"mountain=冠山(#167); candidate=summit-candidate:006436491de34784; ref_score=0.7875; ref_rank=1; loc_level=exact_municipality_match; priority=high; priority_reasons=top_1_but_ambiguous,top_candidate_for_multiple_mountains"
167,冠山,summit-candidate:53d0e375c60814f6,yamap_2022-11-26_04_41.gpx,銅山峰・西山・綱繰山・獅子舞の鼻・冠山・平家平,1457.99,1731,273.01,0.6345,2,4,0,false,false,medium,high,high,resolve_conflict,exact_municipality_match,新居浜市,,新居浜市,"新居浜市, 愛媛県, 日本",multiple_candidates_for_mountain|multiple_mountains_for_candidate|weak_elevation_evidence|missing_csv_coordinate,top_candidate_for_multiple_mountains,shared_candidate,mountain=冠山(#167); candidate=summit-candidate:53d0e375c60814f6; ref_score=0.6345; ref_rank=2; loc_level=exact_municipality_match; priority=high; priority_reasons=top_candidate_for_multiple_mountains
167,冠山,summit-candidate:a03fbec9bab2fe7a,yamap_2022-11-26_04_41.gpx,銅山峰・西山・綱繰山・獅子舞の鼻・冠山・平家平,907.3366666666667,1731,823.66,0.6345,3,3,0,false,true,medium,medium,low,low_priority,exact_municipality_match,新居浜市,,新居浜市,"新居浜別子山線, 新居浜市, 愛媛県, 日本",multiple_candidates_for_mountain|multiple_mountains_for_candidate|weak_elevation_evidence|missing_csv_coordinate,top_3_with_evidence,low_priority_alternative,mountain=冠山(#167); candidate=summit-candidate:a03fbec9bab2fe7a; ref_score=0.6345; ref_rank=3; loc_level=exact_municipality_match; priority=medium; priority_reasons=top_3_with_evidence
168,遠ヶ森,summit-candidate:02fa4cfab6fa90d3,yamap_2022-12-12_08_41.gpx,遠ヶ森,731.4733333333334,728,3.47,0.7875,1,1,0.3325,true,true,medium,high,high,resolve_conflict,exact_municipality_match,松山市,,松山市,"国道440号, 久谷町, 松山市, 愛媛県, 791-2133, 日本",multiple_candidates_for_mountain|multiple_mountains_for_candidate|missing_csv_coordinate|activity_link_ambiguous,top_1_but_ambiguous|top_candidate_for_multiple_mountains,shared_candidate,"mountain=遠ヶ森(#168); candidate=summit-candidate:02fa4cfab6fa90d3; ref_score=0.7875; ref_rank=1; loc_level=exact_municipality_match; priority=high; priority_reasons=top_1_but_ambiguous,top_candidate_for_multiple_mountains"
168,遠ヶ森,summit-candidate:9acc21860aa8a208,yamap_2022-12-12_10_30.gpx,扇山,192.99666666666667,728,535,0.455,2,3,0.1445,false,true,low,high,high,check_location_warning,boundary_tolerated_mismatch,松山市,,,"三角, 砥部町, 伊予郡, 愛媛県, 791-2191, 日本",multiple_candidates_for_mountain|multiple_mountains_for_candidate|weak_elevation_evidence|missing_csv_coordinate|location_mismatch_warning|activity_link_ambiguous,strong_evidence_with_mismatch,location_mismatch_warning,mountain=遠ヶ森(#168); candidate=summit-candidate:9acc21860aa8a208; ref_score=0.455; ref_rank=2; loc_level=boundary_tolerated_mismatch; priority=high; priority_reasons=strong_evidence_with_mismatch
168,遠ヶ森,summit-candidate:0a765b89058b256b,yamap_2022-03-05_09_44.gpx,城山・水梨山・向山,734.4240556679409,728,6.42,0.3105,3,9,0,false,false,low,high,high,check_location_warning,boundary_tolerated_mismatch,松山市,,,"玉谷, 砥部町, 伊予郡, 愛媛県, 日本",multiple_candidates_for_mountain|multiple_mountains_for_candidate|weak_name_evidence|missing_csv_coordinate|location_mismatch_warning,strong_evidence_with_mismatch,location_mismatch_warning,mountain=遠ヶ森(#168); candidate=summit-candidate:0a765b89058b256b; ref_score=0.3105; ref_rank=3; loc_level=boundary_tolerated_mismatch; priority=high; priority_reasons=strong_evidence_with_mismatch
169,扇山,summit-candidate:9acc21860aa8a208,yamap_2022-12-12_10_30.gpx,扇山,192.99666666666667,200,7,0.7875,1,1,0.3325,true,true,medium,high,medium,accept_candidate_after_map_check,exact_municipality_match,砥部町,,砥部町,"三角, 砥部町, 伊予郡, 愛媛県, 791-2191, 日本",multiple_candidates_for_mountain|multiple_mountains_for_candidate|missing_csv_coordinate|activity_link_ambiguous,top_1_but_ambiguous,clear_mutual_top1,mountain=扇山(#169); candidate=summit-candidate:9acc21860aa8a208; ref_score=0.7875; ref_rank=1; loc_level=exact_municipality_match; priority=high; priority_reasons=top_1_but_ambiguous
169,扇山,summit-candidate:02fa4cfab6fa90d3,yamap_2022-12-12_08_41.gpx,遠ヶ森,731.4733333333334,200,531.47,0.455,2,3,0.1445,false,true,low,high,high,resolve_conflict,boundary_tolerated_mismatch,砥部町,,,"国道440号, 久谷町, 松山市, 愛媛県, 791-2133, 日本",multiple_candidates_for_mountain|multiple_mountains_for_candidate|weak_elevation_evidence|missing_csv_coordinate|location_mismatch_warning|activity_link_ambiguous,strong_evidence_with_mismatch|top_candidate_for_multiple_mountains,shared_candidate,"mountain=扇山(#169); candidate=summit-candidate:02fa4cfab6fa90d3; ref_score=0.455; ref_rank=2; loc_level=boundary_tolerated_mismatch; priority=high; priority_reasons=strong_evidence_with_mismatch,top_candidate_for_multiple_mountains"
169,扇山,summit-candidate:23c112538ef91e0d,yamap_2022-02-23_08_42.gpx,西山・経ヶ森・岩子山・護摩ヶ森,195.95000000000002,200,4.05,0.3105,3,20,0,false,false,low,high,high,resolve_conflict,boundary_tolerated_mismatch,砥部町,,,"高浜トンネル, 高浜町一丁目, 新浜町, 松山市, 愛媛県, 791-8081, 日本",multiple_candidates_for_mountain|multiple_mountains_for_candidate|weak_name_evidence|missing_csv_coordinate|location_mismatch_warning,strong_evidence_with_mismatch|top_candidate_for_multiple_mountains,shared_candidate,"mountain=扇山(#169); candidate=summit-candidate:23c112538ef91e0d; ref_score=0.3105; ref_rank=3; loc_level=boundary_tolerated_mismatch; priority=high; priority_reasons=strong_evidence_with_mismatch,top_candidate_for_multiple_mountains"
170,高山,summit-candidate:101c1b0635c0bec0,yamap_2022-12-25_10_09.gpx,高山,131.66666666666666,135,3.33,0.7875,1,1,0.051,true,true,medium,high,high,resolve_conflict,exact_municipality_match,今治市,,今治市,"波方町馬刀潟, 今治市, 愛媛県, 794-8511, 日本",multiple_candidates_for_mountain|multiple_mountains_for_candidate|missing_csv_coordinate|activity_link_ambiguous,top_1_but_ambiguous|top_candidate_for_multiple_mountains,shared_candidate,"mountain=高山(#170); candidate=summit-candidate:101c1b0635c0bec0; ref_score=0.7875; ref_rank=1; loc_level=exact_municipality_match; priority=high; priority_reasons=top_1_but_ambiguous,top_candidate_for_multiple_mountains"
170,高山,summit-candidate:71f4bbfe52f75585,yamap_2022-12-25_12_44.gpx,唐子山,108.91779584922217,135,26.08,0.7365,2,2,0.102,false,true,medium,medium,low,low_priority,exact_municipality_match,今治市,,今治市,"古国分三丁目, 今治市, 愛媛県, 794-8511, 日本",multiple_candidates_for_mountain|multiple_mountains_for_candidate|missing_csv_coordinate|activity_link_ambiguous,top_3_with_evidence,low_priority_alternative,mountain=高山(#170); candidate=summit-candidate:71f4bbfe52f75585; ref_score=0.7365; ref_rank=2; loc_level=exact_municipality_match; priority=medium; priority_reasons=top_3_with_evidence
170,高山,summit-candidate:d5b708b4d3aa86a0,yamap_2022-12-25_11_41.gpx,近見山,239.86,135,104.86,0.6345,3,2,0.0775,false,true,medium,medium,low,low_priority,exact_municipality_match,今治市,,今治市,"近見町五丁目, 今治市, 愛媛県, 794-8511, 日本",multiple_candidates_for_mountain|multiple_mountains_for_candidate|weak_elevation_evidence|missing_csv_coordinate|activity_link_ambiguous,top_3_with_evidence,low_priority_alternative,mountain=高山(#170); candidate=summit-candidate:d5b708b4d3aa86a0; ref_score=0.6345; ref_rank=3; loc_level=exact_municipality_match; priority=medium; priority_reasons=top_3_with_evidence
171,塔ノ峰,summit-candidate:101c1b0635c0bec0,yamap_2022-12-25_10_09.gpx,高山,131.66666666666666,150,18.33,0.7365,1,2,0.051,false,true,medium,high,high,resolve_conflict,exact_municipality_match,今治市,,今治市,"波方町馬刀潟, 今治市, 愛媛県, 794-8511, 日本",multiple_candidates_for_mountain|multiple_mountains_for_candidate|missing_csv_coordinate|activity_link_ambiguous,top_1_but_ambiguous|top_candidate_for_multiple_mountains,shared_candidate|not_mutual_top1,"mountain=塔ノ峰(#171); candidate=summit-candidate:101c1b0635c0bec0; ref_score=0.7365; ref_rank=1; loc_level=exact_municipality_match; priority=high; priority_reasons=top_1_but_ambiguous,top_candidate_for_multiple_mountains"
171,塔ノ峰,summit-candidate:71f4bbfe52f75585,yamap_2022-12-25_12_44.gpx,唐子山,108.91779584922217,150,41.08,0.6855,2,3,0.051,false,true,medium,medium,low,low_priority,exact_municipality_match,今治市,,今治市,"古国分三丁目, 今治市, 愛媛県, 794-8511, 日本",multiple_candidates_for_mountain|multiple_mountains_for_candidate|missing_csv_coordinate|activity_link_ambiguous,top_3_with_evidence,low_priority_alternative,mountain=塔ノ峰(#171); candidate=summit-candidate:71f4bbfe52f75585; ref_score=0.6855; ref_rank=2; loc_level=exact_municipality_match; priority=medium; priority_reasons=top_3_with_evidence
171,塔ノ峰,summit-candidate:d5b708b4d3aa86a0,yamap_2022-12-25_11_41.gpx,近見山,239.86,150,89.86,0.6345,3,3,0.1445,false,true,medium,medium,low,low_priority,exact_municipality_match,今治市,,今治市,"近見町五丁目, 今治市, 愛媛県, 794-8511, 日本",multiple_candidates_for_mountain|multiple_mountains_for_candidate|weak_elevation_evidence|missing_csv_coordinate|activity_link_ambiguous,top_3_with_evidence,low_priority_alternative,mountain=塔ノ峰(#171); candidate=summit-candidate:d5b708b4d3aa86a0; ref_score=0.6345; ref_rank=3; loc_level=exact_municipality_match; priority=medium; priority_reasons=top_3_with_evidence
172,海山,summit-candidate:101c1b0635c0bec0,yamap_2022-12-25_10_09.gpx,高山,131.66666666666666,155,23.33,0.7365,1,3,0.051,false,true,medium,high,high,resolve_conflict,exact_municipality_match,今治市,,今治市,"波方町馬刀潟, 今治市, 愛媛県, 794-8511, 日本",multiple_candidates_for_mountain|multiple_mountains_for_candidate|missing_csv_coordinate|activity_link_ambiguous,top_1_but_ambiguous|top_candidate_for_multiple_mountains,shared_candidate|not_mutual_top1,"mountain=海山(#172); candidate=summit-candidate:101c1b0635c0bec0; ref_score=0.7365; ref_rank=1; loc_level=exact_municipality_match; priority=high; priority_reasons=top_1_but_ambiguous,top_candidate_for_multiple_mountains"
172,海山,summit-candidate:71f4bbfe52f75585,yamap_2022-12-25_12_44.gpx,唐子山,108.91779584922217,155,46.08,0.6855,2,4,0.051,false,false,medium,medium,low,low_priority,exact_municipality_match,今治市,,今治市,"古国分三丁目, 今治市, 愛媛県, 794-8511, 日本",multiple_candidates_for_mountain|multiple_mountains_for_candidate|missing_csv_coordinate|activity_link_ambiguous,top_3_with_evidence,low_priority_alternative,mountain=海山(#172); candidate=summit-candidate:71f4bbfe52f75585; ref_score=0.6855; ref_rank=2; loc_level=exact_municipality_match; priority=medium; priority_reasons=top_3_with_evidence
172,海山,summit-candidate:d5b708b4d3aa86a0,yamap_2022-12-25_11_41.gpx,近見山,239.86,155,84.86,0.6345,3,4,0.1445,false,false,medium,medium,low,low_priority,exact_municipality_match,今治市,,今治市,"近見町五丁目, 今治市, 愛媛県, 794-8511, 日本",multiple_candidates_for_mountain|multiple_mountains_for_candidate|weak_elevation_evidence|missing_csv_coordinate|activity_link_ambiguous,top_3_with_evidence,low_priority_alternative,mountain=海山(#172); candidate=summit-candidate:d5b708b4d3aa86a0; ref_score=0.6345; ref_rank=3; loc_level=exact_municipality_match; priority=medium; priority_reasons=top_3_with_evidence
173,近見山,summit-candidate:d5b708b4d3aa86a0,yamap_2022-12-25_11_41.gpx,近見山,239.86,244,4.14,0.7875,1,1,0.153,true,true,medium,high,medium,accept_candidate_after_map_check,exact_municipality_match,今治市,,今治市,"近見町五丁目, 今治市, 愛媛県, 794-8511, 日本",multiple_candidates_for_mountain|multiple_mountains_for_candidate|missing_csv_coordinate|activity_link_ambiguous,top_1_but_ambiguous,clear_mutual_top1,mountain=近見山(#173); candidate=summit-candidate:d5b708b4d3aa86a0; ref_score=0.7875; ref_rank=1; loc_level=exact_municipality_match; priority=high; priority_reasons=top_1_but_ambiguous
173,近見山,summit-candidate:101c1b0635c0bec0,yamap_2022-12-25_10_09.gpx,高山,131.66666666666666,244,112.33,0.6345,2,5,0,false,false,medium,high,high,resolve_conflict,exact_municipality_match,今治市,,今治市,"波方町馬刀潟, 今治市, 愛媛県, 794-8511, 日本",multiple_candidates_for_mountain|multiple_mountains_for_candidate|weak_elevation_evidence|missing_csv_coordinate|activity_link_ambiguous,top_candidate_for_multiple_mountains,shared_candidate,mountain=近見山(#173); candidate=summit-candidate:101c1b0635c0bec0; ref_score=0.6345; ref_rank=2; loc_level=exact_municipality_match; priority=high; priority_reasons=top_candidate_for_multiple_mountains
173,近見山,summit-candidate:71f4bbfe52f75585,yamap_2022-12-25_12_44.gpx,唐子山,108.91779584922217,244,135.08,0.6345,3,5,0.1445,false,false,medium,medium,low,low_priority,exact_municipality_match,今治市,,今治市,"古国分三丁目, 今治市, 愛媛県, 794-8511, 日本",multiple_candidates_for_mountain|multiple_mountains_for_candidate|weak_elevation_evidence|missing_csv_coordinate|activity_link_ambiguous,top_3_with_evidence,low_priority_alternative,mountain=近見山(#173); candidate=summit-candidate:71f4bbfe52f75585; ref_score=0.6345; ref_rank=3; loc_level=exact_municipality_match; priority=medium; priority_reasons=top_3_with_evidence
174,唐子山,summit-candidate:71f4bbfe52f75585,yamap_2022-12-25_12_44.gpx,唐子山,108.91779584922217,105,3.92,0.7875,1,1,0.051,true,true,medium,high,medium,accept_candidate_after_map_check,exact_municipality_match,今治市,,今治市,"古国分三丁目, 今治市, 愛媛県, 794-8511, 日本",multiple_candidates_for_mountain|multiple_mountains_for_candidate|missing_csv_coordinate|activity_link_ambiguous,top_1_but_ambiguous,clear_mutual_top1,mountain=唐子山(#174); candidate=summit-candidate:71f4bbfe52f75585; ref_score=0.7875; ref_rank=1; loc_level=exact_municipality_match; priority=high; priority_reasons=top_1_but_ambiguous
174,唐子山,summit-candidate:101c1b0635c0bec0,yamap_2022-12-25_10_09.gpx,高山,131.66666666666666,105,26.67,0.7365,2,4,0.102,false,false,medium,high,high,resolve_conflict,exact_municipality_match,今治市,,今治市,"波方町馬刀潟, 今治市, 愛媛県, 794-8511, 日本",multiple_candidates_for_mountain|multiple_mountains_for_candidate|missing_csv_coordinate|activity_link_ambiguous,top_candidate_for_multiple_mountains,shared_candidate,mountain=唐子山(#174); candidate=summit-candidate:101c1b0635c0bec0; ref_score=0.7365; ref_rank=2; loc_level=exact_municipality_match; priority=high; priority_reasons=top_candidate_for_multiple_mountains
174,唐子山,summit-candidate:d5b708b4d3aa86a0,yamap_2022-12-25_11_41.gpx,近見山,239.86,105,134.86,0.6345,3,5,0.0265,false,false,medium,medium,low,low_priority,exact_municipality_match,今治市,,今治市,"近見町五丁目, 今治市, 愛媛県, 794-8511, 日本",multiple_candidates_for_mountain|multiple_mountains_for_candidate|weak_elevation_evidence|missing_csv_coordinate|activity_link_ambiguous,top_3_with_evidence,low_priority_alternative,mountain=唐子山(#174); candidate=summit-candidate:d5b708b4d3aa86a0; ref_score=0.6345; ref_rank=3; loc_level=exact_municipality_match; priority=medium; priority_reasons=top_3_with_evidence
175,医王山,summit-candidate:1ed32ce6414c2781,yamap_2022-12-25_13_36.gpx,医王山,98.37666666666667,100,1.62,0.7875,1,1,0.1795,true,true,medium,high,high,resolve_conflict,exact_municipality_match,西条市,,西条市,"孫兵衛作壬生川線, 楠, 西条市, 愛媛県, 799-1303, 日本",multiple_candidates_for_mountain|multiple_mountains_for_candidate|missing_csv_coordinate|activity_link_ambiguous,top_1_but_ambiguous|top_candidate_for_multiple_mountains,shared_candidate,"mountain=医王山(#175); candidate=summit-candidate:1ed32ce6414c2781; ref_score=0.7875; ref_rank=1; loc_level=exact_municipality_match; priority=high; priority_reasons=top_1_but_ambiguous,top_candidate_for_multiple_mountains"
175,医王山,summit-candidate:71f4bbfe52f75585,yamap_2022-12-25_12_44.gpx,唐子山,108.91779584922217,100,8.92,0.608,2,6,0.102,false,false,medium,high,high,check_location_warning,boundary_tolerated_mismatch,西条市,,,"古国分三丁目, 今治市, 愛媛県, 794-8511, 日本",multiple_candidates_for_mountain|multiple_mountains_for_candidate|missing_csv_coordinate|location_mismatch_warning|activity_link_ambiguous,strong_evidence_with_mismatch,location_mismatch_warning,mountain=医王山(#175); candidate=summit-candidate:71f4bbfe52f75585; ref_score=0.608; ref_rank=2; loc_level=boundary_tolerated_mismatch; priority=high; priority_reasons=strong_evidence_with_mismatch
175,医王山,summit-candidate:101c1b0635c0bec0,yamap_2022-12-25_10_09.gpx,高山,131.66666666666666,100,31.67,0.506,3,8,0.051,false,false,medium,high,high,resolve_conflict,boundary_tolerated_mismatch,西条市,,,"波方町馬刀潟, 今治市, 愛媛県, 794-8511, 日本",multiple_candidates_for_mountain|multiple_mountains_for_candidate|missing_csv_coordinate|location_mismatch_warning|activity_link_ambiguous,strong_evidence_with_mismatch|top_candidate_for_multiple_mountains,shared_candidate,"mountain=医王山(#175); candidate=summit-candidate:101c1b0635c0bec0; ref_score=0.506; ref_rank=3; loc_level=boundary_tolerated_mismatch; priority=high; priority_reasons=strong_evidence_with_mismatch,top_candidate_for_multiple_mountains"
176,永納山(永納山城址),summit-candidate:1ed32ce6414c2781,yamap_2022-12-25_13_36.gpx,医王山,98.37666666666667,132,33.62,0.6855,1,2,0.0775,false,true,medium,high,high,resolve_conflict,exact_municipality_match,西条市,,西条市,"孫兵衛作壬生川線, 楠, 西条市, 愛媛県, 799-1303, 日本",multiple_candidates_for_mountain|multiple_mountains_for_candidate|missing_csv_coordinate|activity_link_ambiguous,top_1_but_ambiguous|top_candidate_for_multiple_mountains,shared_candidate|not_mutual_top1,"mountain=永納山(永納山城址)(#176); candidate=summit-candidate:1ed32ce6414c2781; ref_score=0.6855; ref_rank=1; loc_level=exact_municipality_match; priority=high; priority_reasons=top_1_but_ambiguous,top_candidate_for_multiple_mountains"
176,永納山(永納山城址),summit-candidate:101c1b0635c0bec0,yamap_2022-12-25_10_09.gpx,高山,131.66666666666666,132,0.33,0.608,2,6,0.051,false,false,medium,high,high,resolve_conflict,boundary_tolerated_mismatch,西条市,,,"波方町馬刀潟, 今治市, 愛媛県, 794-8511, 日本",multiple_candidates_for_mountain|multiple_mountains_for_candidate|missing_csv_coordinate|location_mismatch_warning|activity_link_ambiguous,strong_evidence_with_mismatch|top_candidate_for_multiple_mountains,shared_candidate,"mountain=永納山(永納山城址)(#176); candidate=summit-candidate:101c1b0635c0bec0; ref_score=0.608; ref_rank=2; loc_level=boundary_tolerated_mismatch; priority=high; priority_reasons=strong_evidence_with_mismatch,top_candidate_for_multiple_mountains"
176,永納山(永納山城址),summit-candidate:71f4bbfe52f75585,yamap_2022-12-25_12_44.gpx,唐子山,108.91779584922217,132,23.08,0.557,3,7,0.102,false,false,medium,high,high,check_location_warning,boundary_tolerated_mismatch,西条市,,,"古国分三丁目, 今治市, 愛媛県, 794-8511, 日本",multiple_candidates_for_mountain|multiple_mountains_for_candidate|missing_csv_coordinate|location_mismatch_warning|activity_link_ambiguous,strong_evidence_with_mismatch,location_mismatch_warning,mountain=永納山(永納山城址)(#176); candidate=summit-candidate:71f4bbfe52f75585; ref_score=0.557; ref_rank=3; loc_level=boundary_tolerated_mismatch; priority=high; priority_reasons=strong_evidence_with_mismatch
177,佐々久山,summit-candidate:1ed32ce6414c2781,yamap_2022-12-25_13_36.gpx,医王山,98.37666666666667,56,42.38,0.6855,1,3,0.2305,false,true,medium,high,high,resolve_conflict,exact_municipality_match,西条市,,西条市,"孫兵衛作壬生川線, 楠, 西条市, 愛媛県, 799-1303, 日本",multiple_candidates_for_mountain|multiple_mountains_for_candidate|missing_csv_coordinate|activity_link_ambiguous,top_1_but_ambiguous|top_candidate_for_multiple_mountains,shared_candidate|not_mutual_top1,"mountain=佐々久山(#177); candidate=summit-candidate:1ed32ce6414c2781; ref_score=0.6855; ref_rank=1; loc_level=exact_municipality_match; priority=high; priority_reasons=top_1_but_ambiguous,top_candidate_for_multiple_mountains"
177,佐々久山,summit-candidate:101c1b0635c0bec0,yamap_2022-12-25_10_09.gpx,高山,131.66666666666666,56,75.67,0.455,2,11,0,false,false,low,high,high,resolve_conflict,boundary_tolerated_mismatch,西条市,,,"波方町馬刀潟, 今治市, 愛媛県, 794-8511, 日本",multiple_candidates_for_mountain|multiple_mountains_for_candidate|weak_elevation_evidence|missing_csv_coordinate|location_mismatch_warning|activity_link_ambiguous,strong_evidence_with_mismatch|top_candidate_for_multiple_mountains,shared_candidate,"mountain=佐々久山(#177); candidate=summit-candidate:101c1b0635c0bec0; ref_score=0.455; ref_rank=2; loc_level=boundary_tolerated_mismatch; priority=high; priority_reasons=strong_evidence_with_mismatch,top_candidate_for_multiple_mountains"
177,佐々久山,summit-candidate:71f4bbfe52f75585,yamap_2022-12-25_12_44.gpx,唐子山,108.91779584922217,56,52.92,0.455,3,10,0,false,false,low,high,high,check_location_warning,boundary_tolerated_mismatch,西条市,,,"古国分三丁目, 今治市, 愛媛県, 794-8511, 日本",multiple_candidates_for_mountain|multiple_mountains_for_candidate|weak_elevation_evidence|missing_csv_coordinate|location_mismatch_warning|activity_link_ambiguous,strong_evidence_with_mismatch,location_mismatch_warning,mountain=佐々久山(#177); candidate=summit-candidate:71f4bbfe52f75585; ref_score=0.455; ref_rank=3; loc_level=boundary_tolerated_mismatch; priority=high; priority_reasons=strong_evidence_with_mismatch
178,土亀山,summit-candidate:5c9365b2a5a9c97f,yamap_2022-12-31_15_00.gpx,星岡山,69.03333333333333,50,19.03,0.7365,1,2,0.2465,false,true,medium,high,high,resolve_conflict,exact_municipality_match,松山市,,松山市,"星岡四丁目, 星岡町, 松山市, 愛媛県, 960-0951, 日本",multiple_candidates_for_mountain|multiple_mountains_for_candidate|missing_csv_coordinate|activity_link_ambiguous|timezone_sensitive_activity_link,top_1_but_ambiguous|top_candidate_for_multiple_mountains,shared_candidate|not_mutual_top1,"mountain=土亀山(#178); candidate=summit-candidate:5c9365b2a5a9c97f; ref_score=0.7365; ref_rank=1; loc_level=exact_municipality_match; priority=high; priority_reasons=top_1_but_ambiguous,top_candidate_for_multiple_mountains"
178,土亀山,summit-candidate:5f001ac124f82ef6,yamap_2022-10-19_16_00.gpx,西港山・大丸山・港山,41.080000000000005,50,8.92,0.49,2,7,0,false,false,low,high,high,resolve_conflict,exact_municipality_match,松山市,,松山市,"三津一丁目, 港山町, 松山市, 愛媛県, 791-8061, 日本",multiple_candidates_for_mountain|multiple_mountains_for_candidate|weak_name_evidence|missing_csv_coordinate|timezone_sensitive_activity_link,top_candidate_for_multiple_mountains,shared_candidate,mountain=土亀山(#178); candidate=summit-candidate:5f001ac124f82ef6; ref_score=0.49; ref_rank=2; loc_level=exact_municipality_match; priority=high; priority_reasons=top_candidate_for_multiple_mountains
178,土亀山,summit-candidate:ab7edbc3a52d24bf,yamap_2023-01-28_12_19.gpx,谷田山・金毘羅山,58.70666666666667,50,8.71,0.49,3,8,0,false,false,low,medium,low,low_priority,exact_municipality_match,松山市,,松山市,"平田町, 松山市, 愛媛県, 799-2651, 日本",multiple_candidates_for_mountain|multiple_mountains_for_candidate|weak_name_evidence|missing_csv_coordinate|activity_link_ambiguous,top_3_with_evidence,low_priority_alternative,mountain=土亀山(#178); candidate=summit-candidate:ab7edbc3a52d24bf; ref_score=0.49; ref_rank=3; loc_level=exact_municipality_match; priority=medium; priority_reasons=top_3_with_evidence
179,天山,summit-candidate:5c9365b2a5a9c97f,yamap_2022-12-31_15_00.gpx,星岡山,69.03333333333333,51,18.03,0.7365,1,3,0,false,true,medium,high,high,resolve_conflict,exact_municipality_match,松山市,,松山市,"星岡四丁目, 星岡町, 松山市, 愛媛県, 960-0951, 日本",multiple_candidates_for_mountain|multiple_mountains_for_candidate|missing_csv_coordinate|activity_link_ambiguous|timezone_sensitive_activity_link,top_1_but_ambiguous|top_candidate_for_multiple_mountains,shared_candidate|not_mutual_top1,"mountain=天山(#179); candidate=summit-candidate:5c9365b2a5a9c97f; ref_score=0.7365; ref_rank=1; loc_level=exact_municipality_match; priority=high; priority_reasons=top_1_but_ambiguous,top_candidate_for_multiple_mountains"
179,天山,summit-candidate:ea18d38abe59ed57,yamap_2023-01-06_11_33.gpx,岩子山・垣生山・津田山・弁天山,67.89666666666668,51,16.9,0.7365,2,1,0.102,false,true,medium,medium,high,check_close_alternatives,exact_municipality_match,松山市,,松山市,"南江戸六丁目, 南江戸町, 松山市, 愛媛県, 791-8031, 日本",multiple_candidates_for_mountain|multiple_mountains_for_candidate|missing_csv_coordinate,top_3_with_evidence,small_score_gap,mountain=天山(#179); candidate=summit-candidate:ea18d38abe59ed57; ref_score=0.7365; ref_rank=2; loc_level=exact_municipality_match; priority=medium; priority_reasons=top_3_with_evidence
179,天山,summit-candidate:45f49d8fd831427c,yamap_2023-01-06_11_33.gpx,岩子山・垣生山・津田山・弁天山,110.77666666666669,51,59.78,0.6345,3,6,0,false,false,medium,high,high,resolve_conflict,exact_municipality_match,松山市,,松山市,"垣生山公園登山道, 高岡町, 松山市, 愛媛県, 791-8036, 日本",multiple_candidates_for_mountain|multiple_mountains_for_candidate|weak_elevation_evidence|missing_csv_coordinate,top_candidate_for_multiple_mountains,shared_candidate,mountain=天山(#179); candidate=summit-candidate:45f49d8fd831427c; ref_score=0.6345; ref_rank=3; loc_level=exact_municipality_match; priority=high; priority_reasons=top_candidate_for_multiple_mountains
180,東山,summit-candidate:2b7cce23b57844a5,yamap_2022-10-08_06_12.gpx,東山・西赤石山・物住頭・前赤石山・東赤石山・八巻山,1699.1266666666668,1392,307.13,0.6345,1,4,0,false,false,medium,high,high,resolve_conflict,exact_municipality_match,新居浜市,,新居浜市,"新居浜市, 愛媛県, 日本",multiple_candidates_for_mountain|multiple_mountains_for_candidate|weak_elevation_evidence|missing_csv_coordinate,top_1_but_ambiguous|top_candidate_for_multiple_mountains,shared_candidate|not_mutual_top1,"mountain=東山(#180); candidate=summit-candidate:2b7cce23b57844a5; ref_score=0.6345; ref_rank=1; loc_level=exact_municipality_match; priority=high; priority_reasons=top_1_but_ambiguous,top_candidate_for_multiple_mountains"
180,東山,summit-candidate:5104c47f17101d63,yamap_2022-10-08_06_12.gpx,東山・西赤石山・物住頭・前赤石山・東赤石山・八巻山,1621.9866666666667,1392,229.99,0.6345,2,4,0,false,false,medium,medium,high,check_close_alternatives,exact_municipality_match,新居浜市,,新居浜市,"新居浜市, 愛媛県, 日本",multiple_candidates_for_mountain|multiple_mountains_for_candidate|weak_elevation_evidence|missing_csv_coordinate,top_3_with_evidence,small_score_gap,mountain=東山(#180); candidate=summit-candidate:5104c47f17101d63; ref_score=0.6345; ref_rank=2; loc_level=exact_municipality_match; priority=medium; priority_reasons=top_3_with_evidence
180,東山,summit-candidate:61a5956a49a7ace2,yamap_2022-10-08_06_12.gpx,東山・西赤石山・物住頭・前赤石山・東赤石山・八巻山,1631.9833333333333,1392,239.98,0.6345,3,4,0,false,false,medium,medium,high,check_close_alternatives,exact_municipality_match,新居浜市,,新居浜市,"新居浜市, 愛媛県, 日本",multiple_candidates_for_mountain|multiple_mountains_for_candidate|weak_elevation_evidence|missing_csv_coordinate,top_3_with_evidence,small_score_gap,mountain=東山(#180); candidate=summit-candidate:61a5956a49a7ace2; ref_score=0.6345; ref_rank=3; loc_level=exact_municipality_match; priority=medium; priority_reasons=top_3_with_evidence
181,星岡山,summit-candidate:5c9365b2a5a9c97f,yamap_2022-12-31_15_00.gpx,星岡山,69.03333333333333,75,5.97,0.7875,1,1,0.2975,true,true,medium,high,high,resolve_conflict,exact_municipality_match,松山市,,松山市,"星岡四丁目, 星岡町, 松山市, 愛媛県, 960-0951, 日本",multiple_candidates_for_mountain|multiple_mountains_for_candidate|missing_csv_coordinate|activity_link_ambiguous|timezone_sensitive_activity_link,top_1_but_ambiguous|top_candidate_for_multiple_mountains,shared_candidate,"mountain=星岡山(#181); candidate=summit-candidate:5c9365b2a5a9c97f; ref_score=0.7875; ref_rank=1; loc_level=exact_municipality_match; priority=high; priority_reasons=top_1_but_ambiguous,top_candidate_for_multiple_mountains"
181,星岡山,summit-candidate:452c10a1db199870,yamap_2022-03-20_07_06.gpx,大久保山・八里ヶ峠・中坂山・天神山・室岡山・潮見山,76.83333333333333,75,1.83,0.49,2,11,0,false,false,low,high,high,resolve_conflict,exact_municipality_match,松山市,,松山市,"吉藤四丁目, 谷町, 松山市, 愛媛県, 791-8004, 日本",multiple_candidates_for_mountain|multiple_mountains_for_candidate|weak_name_evidence|missing_csv_coordinate,top_candidate_for_multiple_mountains,shared_candidate,mountain=星岡山(#181); candidate=summit-candidate:452c10a1db199870; ref_score=0.49; ref_rank=2; loc_level=exact_municipality_match; priority=high; priority_reasons=top_candidate_for_multiple_mountains
181,星岡山,summit-candidate:ea18d38abe59ed57,yamap_2023-01-06_11_33.gpx,岩子山・垣生山・津田山・弁天山,67.89666666666668,75,7.1,0.49,3,10,0.051,false,false,low,medium,low,low_priority,exact_municipality_match,松山市,,松山市,"南江戸六丁目, 南江戸町, 松山市, 愛媛県, 791-8031, 日本",multiple_candidates_for_mountain|multiple_mountains_for_candidate|weak_name_evidence|missing_csv_coordinate,top_3_with_evidence,low_priority_alternative,mountain=星岡山(#181); candidate=summit-candidate:ea18d38abe59ed57; ref_score=0.49; ref_rank=3; loc_level=exact_municipality_match; priority=medium; priority_reasons=top_3_with_evidence
182,河原樋山,summit-candidate:b1d864fd1fcc9dcb,yamap_2023-01-03_07_36.gpx,福見山・河原樋山・真松嶺・柿王寺森,860.4766666666668,864,3.52,0.7875,1,1,0.153,true,true,medium,high,medium,accept_candidate_after_map_check,exact_municipality_match,松山市,,松山市,"川の郷町, 松山市, 愛媛県, 791-0132, 日本",multiple_candidates_for_mountain|multiple_mountains_for_candidate|missing_csv_coordinate,top_1_but_ambiguous,clear_mutual_top1,mountain=河原樋山(#182); candidate=summit-candidate:b1d864fd1fcc9dcb; ref_score=0.7875; ref_rank=1; loc_level=exact_municipality_match; priority=high; priority_reasons=top_1_but_ambiguous
182,河原樋山,summit-candidate:4fec4dd128e55ab0,yamap_2023-01-03_07_36.gpx,福見山・河原樋山・真松嶺・柿王寺森,410.7033333333334,864,453.3,0.6345,2,1,0,false,true,medium,medium,low,low_priority,exact_municipality_match,松山市,,松山市,"福見川町, 松山市, 愛媛県, 791-0132, 日本",multiple_candidates_for_mountain|multiple_mountains_for_candidate|weak_elevation_evidence|missing_csv_coordinate,top_3_with_evidence,low_priority_alternative,mountain=河原樋山(#182); candidate=summit-candidate:4fec4dd128e55ab0; ref_score=0.6345; ref_rank=2; loc_level=exact_municipality_match; priority=medium; priority_reasons=top_3_with_evidence
182,河原樋山,summit-candidate:74dd1729abbd7bb5,yamap_2023-01-03_07_36.gpx,福見山・河原樋山・真松嶺・柿王寺森,538.9699999999999,864,325.03,0.6345,3,3,0,false,true,medium,high,high,resolve_conflict,exact_municipality_match,松山市,,松山市,"河中平井停車場線, 河中町, 松山市, 愛媛県, 791-0132, 日本",multiple_candidates_for_mountain|multiple_mountains_for_candidate|weak_elevation_evidence|missing_csv_coordinate,top_candidate_for_multiple_mountains,shared_candidate,mountain=河原樋山(#182); candidate=summit-candidate:74dd1729abbd7bb5; ref_score=0.6345; ref_rank=3; loc_level=exact_municipality_match; priority=high; priority_reasons=top_candidate_for_multiple_mountains
183,真松嶺,summit-candidate:74dd1729abbd7bb5,yamap_2023-01-03_07_36.gpx,福見山・河原樋山・真松嶺・柿王寺森,538.9699999999999,548,9.03,0.7875,1,1,0,true,true,medium,high,high,resolve_conflict,exact_municipality_match,松山市,,松山市,"河中平井停車場線, 河中町, 松山市, 愛媛県, 791-0132, 日本",multiple_candidates_for_mountain|multiple_mountains_for_candidate|missing_csv_coordinate,top_1_but_ambiguous|top_candidate_for_multiple_mountains,shared_candidate,"mountain=真松嶺(#183); candidate=summit-candidate:74dd1729abbd7bb5; ref_score=0.7875; ref_rank=1; loc_level=exact_municipality_match; priority=high; priority_reasons=top_1_but_ambiguous,top_candidate_for_multiple_mountains"
183,真松嶺,summit-candidate:f2aae42aff3dea24,yamap_2023-01-03_07_36.gpx,福見山・河原樋山・真松嶺・柿王寺森,543.3533333333334,548,4.65,0.7875,2,1,0.153,false,true,medium,medium,high,check_close_alternatives,exact_municipality_match,松山市,,松山市,"川の郷町, 松山市, 愛媛県, 791-0132, 日本",multiple_candidates_for_mountain|multiple_mountains_for_candidate|missing_csv_coordinate,top_3_with_evidence,small_score_gap,mountain=真松嶺(#183); candidate=summit-candidate:f2aae42aff3dea24; ref_score=0.7875; ref_rank=2; loc_level=exact_municipality_match; priority=medium; priority_reasons=top_3_with_evidence
183,真松嶺,summit-candidate:4fec4dd128e55ab0,yamap_2023-01-03_07_36.gpx,福見山・河原樋山・真松嶺・柿王寺森,410.7033333333334,548,137.3,0.6345,3,2,0,false,true,medium,medium,low,low_priority,exact_municipality_match,松山市,,松山市,"福見川町, 松山市, 愛媛県, 791-0132, 日本",multiple_candidates_for_mountain|multiple_mountains_for_candidate|weak_elevation_evidence|missing_csv_coordinate,top_3_with_evidence,low_priority_alternative,mountain=真松嶺(#183); candidate=summit-candidate:4fec4dd128e55ab0; ref_score=0.6345; ref_rank=3; loc_level=exact_municipality_match; priority=medium; priority_reasons=top_3_with_evidence
184,柿王寺森,summit-candidate:74dd1729abbd7bb5,yamap_2023-01-03_07_36.gpx,福見山・河原樋山・真松嶺・柿王寺森,538.9699999999999,545,6.03,0.7875,1,2,0,false,true,medium,high,high,resolve_conflict,exact_municipality_match,松山市,,松山市,"河中平井停車場線, 河中町, 松山市, 愛媛県, 791-0132, 日本",multiple_candidates_for_mountain|multiple_mountains_for_candidate|missing_csv_coordinate,top_1_but_ambiguous|top_candidate_for_multiple_mountains,shared_candidate|not_mutual_top1,"mountain=柿王寺森(#184); candidate=summit-candidate:74dd1729abbd7bb5; ref_score=0.7875; ref_rank=1; loc_level=exact_municipality_match; priority=high; priority_reasons=top_1_but_ambiguous,top_candidate_for_multiple_mountains"
184,柿王寺森,summit-candidate:f2aae42aff3dea24,yamap_2023-01-03_07_36.gpx,福見山・河原樋山・真松嶺・柿王寺森,543.3533333333334,545,1.65,0.7875,2,2,0.153,false,true,medium,medium,high,check_close_alternatives,exact_municipality_match,松山市,,松山市,"川の郷町, 松山市, 愛媛県, 791-0132, 日本",multiple_candidates_for_mountain|multiple_mountains_for_candidate|missing_csv_coordinate,top_3_with_evidence,small_score_gap,mountain=柿王寺森(#184); candidate=summit-candidate:f2aae42aff3dea24; ref_score=0.7875; ref_rank=2; loc_level=exact_municipality_match; priority=medium; priority_reasons=top_3_with_evidence
184,柿王寺森,summit-candidate:4fec4dd128e55ab0,yamap_2023-01-03_07_36.gpx,福見山・河原樋山・真松嶺・柿王寺森,410.7033333333334,545,134.3,0.6345,3,3,0,false,true,medium,medium,low,low_priority,exact_municipality_match,松山市,,松山市,"福見川町, 松山市, 愛媛県, 791-0132, 日本",multiple_candidates_for_mountain|multiple_mountains_for_candidate|weak_elevation_evidence|missing_csv_coordinate,top_3_with_evidence,low_priority_alternative,mountain=柿王寺森(#184); candidate=summit-candidate:4fec4dd128e55ab0; ref_score=0.6345; ref_rank=3; loc_level=exact_municipality_match; priority=medium; priority_reasons=top_3_with_evidence
185,岩子山,summit-candidate:45f49d8fd831427c,yamap_2023-01-06_11_33.gpx,岩子山・垣生山・津田山・弁天山,110.77666666666669,111,0.22,0.7875,1,1,0,true,true,medium,high,high,resolve_conflict,exact_municipality_match,松山市,,松山市,"垣生山公園登山道, 高岡町, 松山市, 愛媛県, 791-8036, 日本",multiple_candidates_for_mountain|multiple_mountains_for_candidate|missing_csv_coordinate,top_1_but_ambiguous|top_candidate_for_multiple_mountains,shared_candidate,"mountain=岩子山(#185); candidate=summit-candidate:45f49d8fd831427c; ref_score=0.7875; ref_rank=1; loc_level=exact_municipality_match; priority=high; priority_reasons=top_1_but_ambiguous,top_candidate_for_multiple_mountains"
185,岩子山,summit-candidate:49cfd09def5fce03,yamap_2023-01-06_11_33.gpx,岩子山・垣生山・津田山・弁天山,107.46,111,3.54,0.7875,2,1,0.051,false,true,medium,medium,high,check_close_alternatives,exact_municipality_match,松山市,,松山市,"南斎院町, 松山市, 愛媛県, 791-8031, 日本",multiple_candidates_for_mountain|multiple_mountains_for_candidate|missing_csv_coordinate,top_3_with_evidence,small_score_gap,mountain=岩子山(#185); candidate=summit-candidate:49cfd09def5fce03; ref_score=0.7875; ref_rank=2; loc_level=exact_municipality_match; priority=medium; priority_reasons=top_3_with_evidence
185,岩子山,summit-candidate:8178723bbadb1c72,yamap_2023-01-06_11_33.gpx,岩子山・垣生山・津田山・弁天山,123.67,111,12.67,0.7365,3,3,0.051,false,true,medium,medium,low,low_priority,exact_municipality_match,松山市,,松山市,"別府町, 松山市, 愛媛県, 791-8057, 日本",multiple_candidates_for_mountain|multiple_mountains_for_candidate|missing_csv_coordinate,top_3_with_evidence,low_priority_alternative,mountain=岩子山(#185); candidate=summit-candidate:8178723bbadb1c72; ref_score=0.7365; ref_rank=3; loc_level=exact_municipality_match; priority=medium; priority_reasons=top_3_with_evidence
186,垣生山,summit-candidate:45f49d8fd831427c,yamap_2023-01-06_11_33.gpx,岩子山・垣生山・津田山・弁天山,110.77666666666669,118,7.22,0.7875,1,2,0,false,true,medium,high,high,resolve_conflict,exact_municipality_match,松山市,,松山市,"垣生山公園登山道, 高岡町, 松山市, 愛媛県, 791-8036, 日本",multiple_candidates_for_mountain|multiple_mountains_for_candidate|missing_csv_coordinate,top_1_but_ambiguous|top_candidate_for_multiple_mountains,shared_candidate|not_mutual_top1,"mountain=垣生山(#186); candidate=summit-candidate:45f49d8fd831427c; ref_score=0.7875; ref_rank=1; loc_level=exact_municipality_match; priority=high; priority_reasons=top_1_but_ambiguous,top_candidate_for_multiple_mountains"
186,垣生山,summit-candidate:8178723bbadb1c72,yamap_2023-01-06_11_33.gpx,岩子山・垣生山・津田山・弁天山,123.67,118,5.67,0.7875,2,1,0.051,false,true,medium,medium,high,check_close_alternatives,exact_municipality_match,松山市,,松山市,"別府町, 松山市, 愛媛県, 791-8057, 日本",multiple_candidates_for_mountain|multiple_mountains_for_candidate|missing_csv_coordinate,top_3_with_evidence,small_score_gap,mountain=垣生山(#186); candidate=summit-candidate:8178723bbadb1c72; ref_score=0.7875; ref_rank=2; loc_level=exact_municipality_match; priority=medium; priority_reasons=top_3_with_evidence
186,垣生山,summit-candidate:49cfd09def5fce03,yamap_2023-01-06_11_33.gpx,岩子山・垣生山・津田山・弁天山,107.46,118,10.54,0.7365,3,3,0.102,false,true,medium,medium,low,low_priority,exact_municipality_match,松山市,,松山市,"南斎院町, 松山市, 愛媛県, 791-8031, 日本",multiple_candidates_for_mountain|multiple_mountains_for_candidate|missing_csv_coordinate,top_3_with_evidence,low_priority_alternative,mountain=垣生山(#186); candidate=summit-candidate:49cfd09def5fce03; ref_score=0.7365; ref_rank=3; loc_level=exact_municipality_match; priority=medium; priority_reasons=top_3_with_evidence
187,津田山,summit-candidate:45f49d8fd831427c,yamap_2023-01-06_11_33.gpx,岩子山・垣生山・津田山・弁天山,110.77666666666669,110,0.78,0.7875,1,3,0,false,true,medium,high,high,resolve_conflict,exact_municipality_match,松山市,,松山市,"垣生山公園登山道, 高岡町, 松山市, 愛媛県, 791-8036, 日本",multiple_candidates_for_mountain|multiple_mountains_for_candidate|missing_csv_coordinate,top_1_but_ambiguous|top_candidate_for_multiple_mountains,shared_candidate|not_mutual_top1,"mountain=津田山(#187); candidate=summit-candidate:45f49d8fd831427c; ref_score=0.7875; ref_rank=1; loc_level=exact_municipality_match; priority=high; priority_reasons=top_1_but_ambiguous,top_candidate_for_multiple_mountains"
187,津田山,summit-candidate:49cfd09def5fce03,yamap_2023-01-06_11_33.gpx,岩子山・垣生山・津田山・弁天山,107.46,110,2.54,0.7875,2,2,0.051,false,true,medium,medium,high,check_close_alternatives,exact_municipality_match,松山市,,松山市,"南斎院町, 松山市, 愛媛県, 791-8031, 日本",multiple_candidates_for_mountain|multiple_mountains_for_candidate|missing_csv_coordinate,top_3_with_evidence,small_score_gap,mountain=津田山(#187); candidate=summit-candidate:49cfd09def5fce03; ref_score=0.7875; ref_rank=2; loc_level=exact_municipality_match; priority=medium; priority_reasons=top_3_with_evidence
187,津田山,summit-candidate:8178723bbadb1c72,yamap_2023-01-06_11_33.gpx,岩子山・垣生山・津田山・弁天山,123.67,110,13.67,0.7365,3,4,0.051,false,false,medium,medium,low,low_priority,exact_municipality_match,松山市,,松山市,"別府町, 松山市, 愛媛県, 791-8057, 日本",multiple_candidates_for_mountain|multiple_mountains_for_candidate|missing_csv_coordinate,top_3_with_evidence,low_priority_alternative,mountain=津田山(#187); candidate=summit-candidate:8178723bbadb1c72; ref_score=0.7365; ref_rank=3; loc_level=exact_municipality_match; priority=medium; priority_reasons=top_3_with_evidence
188,弁天山,summit-candidate:8178723bbadb1c72,yamap_2023-01-06_11_33.gpx,岩子山・垣生山・津田山・弁天山,123.67,130,6.33,0.7875,1,2,0.051,false,true,medium,high,high,resolve_conflict,exact_municipality_match,松山市,,松山市,"別府町, 松山市, 愛媛県, 791-8057, 日本",multiple_candidates_for_mountain|multiple_mountains_for_candidate|missing_csv_coordinate,top_1_but_ambiguous,not_mutual_top1,mountain=弁天山(#188); candidate=summit-candidate:8178723bbadb1c72; ref_score=0.7875; ref_rank=1; loc_level=exact_municipality_match; priority=high; priority_reasons=top_1_but_ambiguous
188,弁天山,summit-candidate:45f49d8fd831427c,yamap_2023-01-06_11_33.gpx,岩子山・垣生山・津田山・弁天山,110.77666666666669,130,19.22,0.7365,2,4,0,false,false,medium,high,high,resolve_conflict,exact_municipality_match,松山市,,松山市,"垣生山公園登山道, 高岡町, 松山市, 愛媛県, 791-8036, 日本",multiple_candidates_for_mountain|multiple_mountains_for_candidate|missing_csv_coordinate,top_candidate_for_multiple_mountains,shared_candidate,mountain=弁天山(#188); candidate=summit-candidate:45f49d8fd831427c; ref_score=0.7365; ref_rank=2; loc_level=exact_municipality_match; priority=high; priority_reasons=top_candidate_for_multiple_mountains
188,弁天山,summit-candidate:49cfd09def5fce03,yamap_2023-01-06_11_33.gpx,岩子山・垣生山・津田山・弁天山,107.46,130,22.54,0.7365,3,4,0.102,false,false,medium,medium,low,low_priority,exact_municipality_match,松山市,,松山市,"南斎院町, 松山市, 愛媛県, 791-8031, 日本",multiple_candidates_for_mountain|multiple_mountains_for_candidate|missing_csv_coordinate,top_3_with_evidence,low_priority_alternative,mountain=弁天山(#188); candidate=summit-candidate:49cfd09def5fce03; ref_score=0.7365; ref_rank=3; loc_level=exact_municipality_match; priority=medium; priority_reasons=top_3_with_evidence
189,権現山,summit-candidate:32bb5e7e1071e808,yamap_2023-01-08_09_18.gpx,権現山,497.2277182534487,491,6.23,0.7875,1,1,0.153,true,true,medium,high,medium,accept_candidate_after_map_check,exact_municipality_match,愛南町,,愛南町,"平城高茂岬線, 中泊, 愛南町, 南宇和郡, 愛媛県, 798-4125, 日本",multiple_candidates_for_mountain|multiple_mountains_for_candidate|missing_csv_coordinate|activity_link_ambiguous,top_1_but_ambiguous,clear_mutual_top1,mountain=権現山(#189); candidate=summit-candidate:32bb5e7e1071e808; ref_score=0.7875; ref_rank=1; loc_level=exact_municipality_match; priority=high; priority_reasons=top_1_but_ambiguous
189,権現山,summit-candidate:047b9599ec28c6ad,yamap_2023-01-08_09_18.gpx,権現山,368.9381628408408,491,122.06,0.6345,2,1,0.0265,false,true,medium,medium,low,low_priority,exact_municipality_match,愛南町,,愛南町,"高茂岬船越線, 武者泊, 愛南町, 南宇和郡, 愛媛県, 798-4216, 日本",multiple_candidates_for_mountain|multiple_mountains_for_candidate|weak_elevation_evidence|missing_csv_coordinate|activity_link_ambiguous,top_3_with_evidence,low_priority_alternative,mountain=権現山(#189); candidate=summit-candidate:047b9599ec28c6ad; ref_score=0.6345; ref_rank=2; loc_level=exact_municipality_match; priority=medium; priority_reasons=top_3_with_evidence
189,権現山,summit-candidate:2c817617699a0a45,yamap_2022-02-06_08_26.gpx,谷上山・権現山・白滝山・障子山,485.20803085647475,491,5.79,0.608,3,5,0,false,false,medium,high,high,check_location_warning,boundary_tolerated_mismatch,愛南町,,,"大平砥部線, 鵜崎, 伊予市, 伊予郡, 愛媛県, 日本",multiple_candidates_for_mountain|multiple_mountains_for_candidate|missing_csv_coordinate|location_mismatch_warning,strong_evidence_with_mismatch,location_mismatch_warning,mountain=権現山(#189); candidate=summit-candidate:2c817617699a0a45; ref_score=0.608; ref_rank=3; loc_level=boundary_tolerated_mismatch; priority=high; priority_reasons=strong_evidence_with_mismatch
190,黒瀬山（黒瀬城址）,summit-candidate:8a7a47d167c1aba6,yamap_2023-01-08_14_24.gpx,黒瀬山(黒瀬城址)・岡山(岡山城址)・鉢ヶ森(鉢ヶ森城址)・護摩ヶ森(護摩ヶ森城址)・我合山(...,349.4466666666667,341,8.45,0.7875,1,1,0.102,true,true,medium,high,high,resolve_conflict,exact_municipality_match,西予市,,西予市,"宇和町神領, 西予市, 愛媛県, 797-0015, 日本",multiple_candidates_for_mountain|multiple_mountains_for_candidate|missing_csv_coordinate|activity_link_ambiguous,top_1_but_ambiguous|top_candidate_for_multiple_mountains,shared_candidate,"mountain=黒瀬山（黒瀬城址）(#190); candidate=summit-candidate:8a7a47d167c1aba6; ref_score=0.7875; ref_rank=1; loc_level=exact_municipality_match; priority=high; priority_reasons=top_1_but_ambiguous,top_candidate_for_multiple_mountains"
190,黒瀬山（黒瀬城址）,summit-candidate:a5f51c62e44d0847,yamap_2023-01-08_14_24.gpx,黒瀬山(黒瀬城址)・岡山(岡山城址)・鉢ヶ森(鉢ヶ森城址)・護摩ヶ森(護摩ヶ森城址)・我合山(...,379.3966666666667,341,38.4,0.6855,2,2,0.051,false,true,medium,medium,low,low_priority,exact_municipality_match,西予市,,西予市,"宇和町神領, 西予市, 愛媛県, 797-0015, 日本",multiple_candidates_for_mountain|multiple_mountains_for_candidate|missing_csv_coordinate|activity_link_ambiguous,top_3_with_evidence,low_priority_alternative,mountain=黒瀬山（黒瀬城址）(#190); candidate=summit-candidate:a5f51c62e44d0847; ref_score=0.6855; ref_rank=2; loc_level=exact_municipality_match; priority=medium; priority_reasons=top_3_with_evidence
190,黒瀬山（黒瀬城址）,summit-candidate:a660f8ef78c69ab0,yamap_2023-01-08_14_24.gpx,黒瀬山(黒瀬城址)・岡山(岡山城址)・鉢ヶ森(鉢ヶ森城址)・護摩ヶ森(護摩ヶ森城址)・我合山(...,432.21000000000004,341,91.21,0.6345,3,2,0.0775,false,true,medium,medium,low,low_priority,exact_municipality_match,西予市,,西予市,"宇和町久枝, 西予市, 愛媛県, 797-0015, 日本",multiple_candidates_for_mountain|multiple_mountains_for_candidate|weak_elevation_evidence|missing_csv_coordinate|activity_link_ambiguous,top_3_with_evidence,low_priority_alternative,mountain=黒瀬山（黒瀬城址）(#190); candidate=summit-candidate:a660f8ef78c69ab0; ref_score=0.6345; ref_rank=3; loc_level=exact_municipality_match; priority=medium; priority_reasons=top_3_with_evidence
191,岡山（岡城址）,summit-candidate:8a7a47d167c1aba6,yamap_2023-01-08_14_24.gpx,黒瀬山(黒瀬城址)・岡山(岡山城址)・鉢ヶ森(鉢ヶ森城址)・護摩ヶ森(護摩ヶ森城址)・我合山(...,349.4466666666667,360,10.55,0.58775,1,5,0,false,false,low,high,high,resolve_conflict,exact_municipality_match,西予市,,西予市,"宇和町神領, 西予市, 愛媛県, 797-0015, 日本",multiple_candidates_for_mountain|multiple_mountains_for_candidate|weak_name_evidence|missing_csv_coordinate|activity_link_ambiguous,top_1_but_ambiguous|top_candidate_for_multiple_mountains,shared_candidate|not_mutual_top1,"mountain=岡山（岡城址）(#191); candidate=summit-candidate:8a7a47d167c1aba6; ref_score=0.58775; ref_rank=1; loc_level=exact_municipality_match; priority=high; priority_reasons=top_1_but_ambiguous,top_candidate_for_multiple_mountains"
191,岡山（岡城址）,summit-candidate:a5f51c62e44d0847,yamap_2023-01-08_14_24.gpx,黒瀬山(黒瀬城址)・岡山(岡山城址)・鉢ヶ森(鉢ヶ森城址)・護摩ヶ森(護摩ヶ森城址)・我合山(...,379.3966666666667,360,19.4,0.58775,2,5,0.102,false,false,low,medium,high,check_close_alternatives,exact_municipality_match,西予市,,西予市,"宇和町神領, 西予市, 愛媛県, 797-0015, 日本",multiple_candidates_for_mountain|multiple_mountains_for_candidate|weak_name_evidence|missing_csv_coordinate|activity_link_ambiguous,top_3_with_evidence,small_score_gap,mountain=岡山（岡城址）(#191); candidate=summit-candidate:a5f51c62e44d0847; ref_score=0.58775; ref_rank=2; loc_level=exact_municipality_match; priority=medium; priority_reasons=top_3_with_evidence
191,岡山（岡城址）,summit-candidate:a660f8ef78c69ab0,yamap_2023-01-08_14_24.gpx,黒瀬山(黒瀬城址)・岡山(岡山城址)・鉢ヶ森(鉢ヶ森城址)・護摩ヶ森(護摩ヶ森城址)・我合山(...,432.21000000000004,360,72.21,0.48575,3,7,0.0265,false,false,low,medium,low,low_priority,exact_municipality_match,西予市,,西予市,"宇和町久枝, 西予市, 愛媛県, 797-0015, 日本",multiple_candidates_for_mountain|multiple_mountains_for_candidate|weak_name_evidence|weak_elevation_evidence|missing_csv_coordinate|activity_link_ambiguous,top_3_with_evidence,low_priority_alternative,mountain=岡山（岡城址）(#191); candidate=summit-candidate:a660f8ef78c69ab0; ref_score=0.48575; ref_rank=3; loc_level=exact_municipality_match; priority=medium; priority_reasons=top_3_with_evidence
192,鉢ヶ森（鉢ヶ森城址）,summit-candidate:a660f8ef78c69ab0,yamap_2023-01-08_14_24.gpx,黒瀬山(黒瀬城址)・岡山(岡山城址)・鉢ヶ森(鉢ヶ森城址)・護摩ヶ森(護摩ヶ森城址)・我合山(...,432.21000000000004,434,1.79,0.7875,1,1,0.153,true,true,medium,high,medium,accept_candidate_after_map_check,exact_municipality_match,西予市,,西予市,"宇和町久枝, 西予市, 愛媛県, 797-0015, 日本",multiple_candidates_for_mountain|multiple_mountains_for_candidate|missing_csv_coordinate|activity_link_ambiguous,top_1_but_ambiguous,clear_mutual_top1,mountain=鉢ヶ森（鉢ヶ森城址）(#192); candidate=summit-candidate:a660f8ef78c69ab0; ref_score=0.7875; ref_rank=1; loc_level=exact_municipality_match; priority=high; priority_reasons=top_1_but_ambiguous
192,鉢ヶ森（鉢ヶ森城址）,summit-candidate:8a7a47d167c1aba6,yamap_2023-01-08_14_24.gpx,黒瀬山(黒瀬城址)・岡山(岡山城址)・鉢ヶ森(鉢ヶ森城址)・護摩ヶ森(護摩ヶ森城址)・我合山(...,349.4466666666667,434,84.55,0.6345,2,4,0,false,false,medium,high,high,resolve_conflict,exact_municipality_match,西予市,,西予市,"宇和町神領, 西予市, 愛媛県, 797-0015, 日本",multiple_candidates_for_mountain|multiple_mountains_for_candidate|weak_elevation_evidence|missing_csv_coordinate|activity_link_ambiguous,top_candidate_for_multiple_mountains,shared_candidate,mountain=鉢ヶ森（鉢ヶ森城址）(#192); candidate=summit-candidate:8a7a47d167c1aba6; ref_score=0.6345; ref_rank=2; loc_level=exact_municipality_match; priority=high; priority_reasons=top_candidate_for_multiple_mountains
192,鉢ヶ森（鉢ヶ森城址）,summit-candidate:a5f51c62e44d0847,yamap_2023-01-08_14_24.gpx,黒瀬山(黒瀬城址)・岡山(岡山城址)・鉢ヶ森(鉢ヶ森城址)・護摩ヶ森(護摩ヶ森城址)・我合山(...,379.3966666666667,434,54.6,0.6345,3,3,0.1795,false,true,medium,medium,low,low_priority,exact_municipality_match,西予市,,西予市,"宇和町神領, 西予市, 愛媛県, 797-0015, 日本",multiple_candidates_for_mountain|multiple_mountains_for_candidate|weak_elevation_evidence|missing_csv_coordinate|activity_link_ambiguous,top_3_with_evidence,low_priority_alternative,mountain=鉢ヶ森（鉢ヶ森城址）(#192); candidate=summit-candidate:a5f51c62e44d0847; ref_score=0.6345; ref_rank=3; loc_level=exact_municipality_match; priority=medium; priority_reasons=top_3_with_evidence
193,護摩ヶ森（護摩ヶ森城址）,summit-candidate:a5f51c62e44d0847,yamap_2023-01-08_14_24.gpx,黒瀬山(黒瀬城址)・岡山(岡山城址)・鉢ヶ森(鉢ヶ森城址)・護摩ヶ森(護摩ヶ森城址)・我合山(...,379.3966666666667,380,0.6,0.7875,1,1,0.102,true,true,medium,high,medium,accept_candidate_after_map_check,exact_municipality_match,西予市,,西予市,"宇和町神領, 西予市, 愛媛県, 797-0015, 日本",multiple_candidates_for_mountain|multiple_mountains_for_candidate|missing_csv_coordinate|activity_link_ambiguous,top_1_but_ambiguous,clear_mutual_top1,mountain=護摩ヶ森（護摩ヶ森城址）(#193); candidate=summit-candidate:a5f51c62e44d0847; ref_score=0.7875; ref_rank=1; loc_level=exact_municipality_match; priority=high; priority_reasons=top_1_but_ambiguous
193,護摩ヶ森（護摩ヶ森城址）,summit-candidate:8a7a47d167c1aba6,yamap_2023-01-08_14_24.gpx,黒瀬山(黒瀬城址)・岡山(岡山城址)・鉢ヶ森(鉢ヶ森城址)・護摩ヶ森(護摩ヶ森城址)・我合山(...,349.4466666666667,380,30.55,0.6855,2,2,0.051,false,true,medium,high,high,resolve_conflict,exact_municipality_match,西予市,,西予市,"宇和町神領, 西予市, 愛媛県, 797-0015, 日本",multiple_candidates_for_mountain|multiple_mountains_for_candidate|missing_csv_coordinate|activity_link_ambiguous,top_candidate_for_multiple_mountains,shared_candidate,mountain=護摩ヶ森（護摩ヶ森城址）(#193); candidate=summit-candidate:8a7a47d167c1aba6; ref_score=0.6855; ref_rank=2; loc_level=exact_municipality_match; priority=high; priority_reasons=top_candidate_for_multiple_mountains
193,護摩ヶ森（護摩ヶ森城址）,summit-candidate:a660f8ef78c69ab0,yamap_2023-01-08_14_24.gpx,黒瀬山(黒瀬城址)・岡山(岡山城址)・鉢ヶ森(鉢ヶ森城址)・護摩ヶ森(護摩ヶ森城址)・我合山(...,432.21000000000004,380,52.21,0.6345,3,3,0.0775,false,true,medium,medium,low,low_priority,exact_municipality_match,西予市,,西予市,"宇和町久枝, 西予市, 愛媛県, 797-0015, 日本",multiple_candidates_for_mountain|multiple_mountains_for_candidate|weak_elevation_evidence|missing_csv_coordinate|activity_link_ambiguous,top_3_with_evidence,low_priority_alternative,mountain=護摩ヶ森（護摩ヶ森城址）(#193); candidate=summit-candidate:a660f8ef78c69ab0; ref_score=0.6345; ref_rank=3; loc_level=exact_municipality_match; priority=medium; priority_reasons=top_3_with_evidence
194,我合山（我合城址）,summit-candidate:8a7a47d167c1aba6,yamap_2023-01-08_14_24.gpx,黒瀬山(黒瀬城址)・岡山(岡山城址)・鉢ヶ森(鉢ヶ森城址)・護摩ヶ森(護摩ヶ森城址)・我合山(...,349.4466666666667,350,0.55,0.63875,1,3,0.051,false,true,low,high,high,resolve_conflict,exact_municipality_match,西予市,,西予市,"宇和町神領, 西予市, 愛媛県, 797-0015, 日本",multiple_candidates_for_mountain|multiple_mountains_for_candidate|weak_name_evidence|missing_csv_coordinate|activity_link_ambiguous,top_1_but_ambiguous|top_candidate_for_multiple_mountains,shared_candidate|not_mutual_top1,"mountain=我合山（我合城址）(#194); candidate=summit-candidate:8a7a47d167c1aba6; ref_score=0.63875; ref_rank=1; loc_level=exact_municipality_match; priority=high; priority_reasons=top_1_but_ambiguous,top_candidate_for_multiple_mountains"
194,我合山（我合城址）,summit-candidate:a5f51c62e44d0847,yamap_2023-01-08_14_24.gpx,黒瀬山(黒瀬城址)・岡山(岡山城址)・鉢ヶ森(鉢ヶ森城址)・護摩ヶ森(護摩ヶ森城址)・我合山(...,379.3966666666667,350,29.4,0.58775,2,6,0.102,false,false,low,medium,low,low_priority,exact_municipality_match,西予市,,西予市,"宇和町神領, 西予市, 愛媛県, 797-0015, 日本",multiple_candidates_for_mountain|multiple_mountains_for_candidate|weak_name_evidence|missing_csv_coordinate|activity_link_ambiguous,top_3_with_evidence,low_priority_alternative,mountain=我合山（我合城址）(#194); candidate=summit-candidate:a5f51c62e44d0847; ref_score=0.58775; ref_rank=2; loc_level=exact_municipality_match; priority=medium; priority_reasons=top_3_with_evidence
194,我合山（我合城址）,summit-candidate:a660f8ef78c69ab0,yamap_2023-01-08_14_24.gpx,黒瀬山(黒瀬城址)・岡山(岡山城址)・鉢ヶ森(鉢ヶ森城址)・護摩ヶ森(護摩ヶ森城址)・我合山(...,432.21000000000004,350,82.21,0.48575,3,8,0.0775,false,false,low,medium,low,low_priority,exact_municipality_match,西予市,,西予市,"宇和町久枝, 西予市, 愛媛県, 797-0015, 日本",multiple_candidates_for_mountain|multiple_mountains_for_candidate|weak_name_evidence|weak_elevation_evidence|missing_csv_coordinate|activity_link_ambiguous,top_3_with_evidence,low_priority_alternative,mountain=我合山（我合城址）(#194); candidate=summit-candidate:a660f8ef78c69ab0; ref_score=0.48575; ref_rank=3; loc_level=exact_municipality_match; priority=medium; priority_reasons=top_3_with_evidence
195,由良山,summit-candidate:8f19c4c16e72e270,yamap_2023-01-10_10_30.gpx,由良山,243.4,249,5.6,0.7875,1,1,0.3325,true,true,medium,high,medium,accept_candidate_after_map_check,exact_municipality_match,宇和島市,,宇和島市,"津島町鰹網代, 宇和島市, 愛媛県, 798-8601, 日本",multiple_candidates_for_mountain|multiple_mountains_for_candidate|missing_csv_coordinate,top_1_but_ambiguous,clear_mutual_top1,mountain=由良山(#195); candidate=summit-candidate:8f19c4c16e72e270; ref_score=0.7875; ref_rank=1; loc_level=exact_municipality_match; priority=high; priority_reasons=top_1_but_ambiguous
195,由良山,summit-candidate:51a919059b1a6dbb,yamap_2023-01-10_10_30.gpx,由良山,194.63,249,54.37,0.455,2,2,0.1445,false,true,low,high,high,check_location_warning,boundary_tolerated_mismatch,宇和島市,,,"網代, 愛南町, 南宇和郡, 愛媛県, 798-3707, 日本",multiple_candidates_for_mountain|multiple_mountains_for_candidate|weak_elevation_evidence|missing_csv_coordinate|location_mismatch_warning,strong_evidence_with_mismatch,location_mismatch_warning,mountain=由良山(#195); candidate=summit-candidate:51a919059b1a6dbb; ref_score=0.455; ref_rank=2; loc_level=boundary_tolerated_mismatch; priority=high; priority_reasons=strong_evidence_with_mismatch
195,由良山,summit-candidate:1432f597b5dca157,yamap_2023-01-28_14_27.gpx,古城山・尾崎山,253.17333333333332,249,4.17,0.3105,3,24,0,false,false,low,high,high,resolve_conflict,boundary_tolerated_mismatch,宇和島市,,,"東大栗町, 松山市, 愛媛県, 799-2649, 日本",multiple_candidates_for_mountain|multiple_mountains_for_candidate|weak_name_evidence|missing_csv_coordinate|location_mismatch_warning|activity_link_ambiguous,strong_evidence_with_mismatch|top_candidate_for_multiple_mountains,shared_candidate,"mountain=由良山(#195); candidate=summit-candidate:1432f597b5dca157; ref_score=0.3105; ref_rank=3; loc_level=boundary_tolerated_mismatch; priority=high; priority_reasons=strong_evidence_with_mismatch,top_candidate_for_multiple_mountains"
196,大森山,summit-candidate:47129c06b82cf694,yamap_2023-01-21_12_43.gpx,石神山・金比羅山,295.1133333333334,291,4.11,0.7875,1,1,0,true,true,medium,high,high,resolve_conflict,exact_municipality_match,伊方町,,伊方町,"国道197号, 伊方町, 西宇和郡, 愛媛県, 796-0502, 日本",multiple_candidates_for_mountain|multiple_mountains_for_candidate|missing_csv_coordinate|activity_link_ambiguous,top_1_but_ambiguous|top_candidate_for_multiple_mountains,shared_candidate,"mountain=大森山(#196); candidate=summit-candidate:47129c06b82cf694; ref_score=0.7875; ref_rank=1; loc_level=exact_municipality_match; priority=high; priority_reasons=top_1_but_ambiguous,top_candidate_for_multiple_mountains"
196,大森山,summit-candidate:830c63408bf56cc5,yamap_2023-01-21_09_56.gpx,大森山,289.2,291,1.8,0.7875,2,1,0.153,false,true,medium,medium,high,check_close_alternatives,exact_municipality_match,伊方町,,伊方町,"国道197号, 伊方町, 西宇和郡, 愛媛県, 792-0612, 日本",multiple_candidates_for_mountain|multiple_mountains_for_candidate|missing_csv_coordinate|activity_link_ambiguous,top_3_with_evidence,small_score_gap,mountain=大森山(#196); candidate=summit-candidate:830c63408bf56cc5; ref_score=0.7875; ref_rank=2; loc_level=exact_municipality_match; priority=medium; priority_reasons=top_3_with_evidence
196,大森山,summit-candidate:c6ced2088a2376f5,yamap_2023-01-21_12_43.gpx,石神山・金比羅山,225.95666666666668,291,65.04,0.6345,3,2,0.1795,false,true,medium,medium,low,low_priority,exact_municipality_match,伊方町,,伊方町,"国道197号, 足成, 伊方町, 西宇和郡, 愛媛県, 796-0502, 日本",multiple_candidates_for_mountain|multiple_mountains_for_candidate|weak_elevation_evidence|missing_csv_coordinate|activity_link_ambiguous,top_3_with_evidence,low_priority_alternative,mountain=大森山(#196); candidate=summit-candidate:c6ced2088a2376f5; ref_score=0.6345; ref_rank=3; loc_level=exact_municipality_match; priority=medium; priority_reasons=top_3_with_evidence
197,見晴山,summit-candidate:47129c06b82cf694,yamap_2023-01-21_12_43.gpx,石神山・金比羅山,295.1133333333334,395,99.89,0.6345,1,3,0,false,true,medium,high,high,resolve_conflict,exact_municipality_match,伊方町,,伊方町,"国道197号, 伊方町, 西宇和郡, 愛媛県, 796-0502, 日本",multiple_candidates_for_mountain|multiple_mountains_for_candidate|weak_elevation_evidence|missing_csv_coordinate|activity_link_ambiguous,top_1_but_ambiguous|top_candidate_for_multiple_mountains,shared_candidate|not_mutual_top1,"mountain=見晴山(#197); candidate=summit-candidate:47129c06b82cf694; ref_score=0.6345; ref_rank=1; loc_level=exact_municipality_match; priority=high; priority_reasons=top_1_but_ambiguous,top_candidate_for_multiple_mountains"
197,見晴山,summit-candidate:830c63408bf56cc5,yamap_2023-01-21_09_56.gpx,大森山,289.2,395,105.8,0.6345,2,3,0,false,true,medium,medium,high,check_close_alternatives,exact_municipality_match,伊方町,,伊方町,"国道197号, 伊方町, 西宇和郡, 愛媛県, 792-0612, 日本",multiple_candidates_for_mountain|multiple_mountains_for_candidate|weak_elevation_evidence|missing_csv_coordinate|activity_link_ambiguous,top_3_with_evidence,small_score_gap,mountain=見晴山(#197); candidate=summit-candidate:830c63408bf56cc5; ref_score=0.6345; ref_rank=2; loc_level=exact_municipality_match; priority=medium; priority_reasons=top_3_with_evidence
197,見晴山,summit-candidate:c6ced2088a2376f5,yamap_2023-01-21_12_43.gpx,石神山・金比羅山,225.95666666666668,395,169.04,0.6345,3,3,0.1955,false,true,medium,medium,high,check_close_alternatives,exact_municipality_match,伊方町,,伊方町,"国道197号, 足成, 伊方町, 西宇和郡, 愛媛県, 796-0502, 日本",multiple_candidates_for_mountain|multiple_mountains_for_candidate|weak_elevation_evidence|missing_csv_coordinate|activity_link_ambiguous,top_3_with_evidence,small_score_gap,mountain=見晴山(#197); candidate=summit-candidate:c6ced2088a2376f5; ref_score=0.6345; ref_rank=3; loc_level=exact_municipality_match; priority=medium; priority_reasons=top_3_with_evidence
198,権現山,summit-candidate:47129c06b82cf694,yamap_2023-01-21_12_43.gpx,石神山・金比羅山,295.1133333333334,375,79.89,0.6345,1,4,0,false,false,medium,high,high,resolve_conflict,exact_municipality_match,伊方町,,伊方町,"国道197号, 伊方町, 西宇和郡, 愛媛県, 796-0502, 日本",multiple_candidates_for_mountain|multiple_mountains_for_candidate|weak_elevation_evidence|missing_csv_coordinate|activity_link_ambiguous,top_1_but_ambiguous|top_candidate_for_multiple_mountains,shared_candidate|not_mutual_top1,"mountain=権現山(#198); candidate=summit-candidate:47129c06b82cf694; ref_score=0.6345; ref_rank=1; loc_level=exact_municipality_match; priority=high; priority_reasons=top_1_but_ambiguous,top_candidate_for_multiple_mountains"
198,権現山,summit-candidate:830c63408bf56cc5,yamap_2023-01-21_09_56.gpx,大森山,289.2,375,85.8,0.6345,2,4,0,false,false,medium,medium,high,check_close_alternatives,exact_municipality_match,伊方町,,伊方町,"国道197号, 伊方町, 西宇和郡, 愛媛県, 792-0612, 日本",multiple_candidates_for_mountain|multiple_mountains_for_candidate|weak_elevation_evidence|missing_csv_coordinate|activity_link_ambiguous,top_3_with_evidence,small_score_gap,mountain=権現山(#198); candidate=summit-candidate:830c63408bf56cc5; ref_score=0.6345; ref_rank=2; loc_level=exact_municipality_match; priority=medium; priority_reasons=top_3_with_evidence
198,権現山,summit-candidate:c6ced2088a2376f5,yamap_2023-01-21_12_43.gpx,石神山・金比羅山,225.95666666666668,375,149.04,0.6345,3,4,0.0265,false,false,medium,medium,high,check_close_alternatives,exact_municipality_match,伊方町,,伊方町,"国道197号, 足成, 伊方町, 西宇和郡, 愛媛県, 796-0502, 日本",multiple_candidates_for_mountain|multiple_mountains_for_candidate|weak_elevation_evidence|missing_csv_coordinate|activity_link_ambiguous,top_3_with_evidence,small_score_gap,mountain=権現山(#198); candidate=summit-candidate:c6ced2088a2376f5; ref_score=0.6345; ref_rank=3; loc_level=exact_municipality_match; priority=medium; priority_reasons=top_3_with_evidence
199,遠見山,summit-candidate:47129c06b82cf694,yamap_2023-01-21_12_43.gpx,石神山・金比羅山,295.1133333333334,130,165.11,0.6345,1,5,0,false,false,medium,high,high,resolve_conflict,exact_municipality_match,伊方町,,伊方町,"国道197号, 伊方町, 西宇和郡, 愛媛県, 796-0502, 日本",multiple_candidates_for_mountain|multiple_mountains_for_candidate|weak_elevation_evidence|missing_csv_coordinate|activity_link_ambiguous,top_1_but_ambiguous|top_candidate_for_multiple_mountains,shared_candidate|not_mutual_top1,"mountain=遠見山(#199); candidate=summit-candidate:47129c06b82cf694; ref_score=0.6345; ref_rank=1; loc_level=exact_municipality_match; priority=high; priority_reasons=top_1_but_ambiguous,top_candidate_for_multiple_mountains"
199,遠見山,summit-candidate:830c63408bf56cc5,yamap_2023-01-21_09_56.gpx,大森山,289.2,130,159.2,0.6345,2,5,0,false,false,medium,medium,high,check_close_alternatives,exact_municipality_match,伊方町,,伊方町,"国道197号, 伊方町, 西宇和郡, 愛媛県, 792-0612, 日本",multiple_candidates_for_mountain|multiple_mountains_for_candidate|weak_elevation_evidence|missing_csv_coordinate|activity_link_ambiguous,top_3_with_evidence,small_score_gap,mountain=遠見山(#199); candidate=summit-candidate:830c63408bf56cc5; ref_score=0.6345; ref_rank=2; loc_level=exact_municipality_match; priority=medium; priority_reasons=top_3_with_evidence
199,遠見山,summit-candidate:c6ced2088a2376f5,yamap_2023-01-21_12_43.gpx,石神山・金比羅山,225.95666666666668,130,95.96,0.6345,3,5,0.1795,false,false,medium,medium,high,check_close_alternatives,exact_municipality_match,伊方町,,伊方町,"国道197号, 足成, 伊方町, 西宇和郡, 愛媛県, 796-0502, 日本",multiple_candidates_for_mountain|multiple_mountains_for_candidate|weak_elevation_evidence|missing_csv_coordinate|activity_link_ambiguous,top_3_with_evidence,small_score_gap,mountain=遠見山(#199); candidate=summit-candidate:c6ced2088a2376f5; ref_score=0.6345; ref_rank=3; loc_level=exact_municipality_match; priority=medium; priority_reasons=top_3_with_evidence
200,石神山,summit-candidate:47129c06b82cf694,yamap_2023-01-21_12_43.gpx,石神山・金比羅山,295.1133333333334,303,7.89,0.7875,1,2,0.051,false,true,medium,high,high,resolve_conflict,exact_municipality_match,伊方町,,伊方町,"国道197号, 伊方町, 西宇和郡, 愛媛県, 796-0502, 日本",multiple_candidates_for_mountain|multiple_mountains_for_candidate|missing_csv_coordinate|activity_link_ambiguous,top_1_but_ambiguous|top_candidate_for_multiple_mountains,shared_candidate|not_mutual_top1,"mountain=石神山(#200); candidate=summit-candidate:47129c06b82cf694; ref_score=0.7875; ref_rank=1; loc_level=exact_municipality_match; priority=high; priority_reasons=top_1_but_ambiguous,top_candidate_for_multiple_mountains"
200,石神山,summit-candidate:830c63408bf56cc5,yamap_2023-01-21_09_56.gpx,大森山,289.2,303,13.8,0.7365,2,2,0.102,false,true,medium,medium,low,low_priority,exact_municipality_match,伊方町,,伊方町,"国道197号, 伊方町, 西宇和郡, 愛媛県, 792-0612, 日本",multiple_candidates_for_mountain|multiple_mountains_for_candidate|missing_csv_coordinate|activity_link_ambiguous,top_3_with_evidence,low_priority_alternative,mountain=石神山(#200); candidate=summit-candidate:830c63408bf56cc5; ref_score=0.7365; ref_rank=2; loc_level=exact_municipality_match; priority=medium; priority_reasons=top_3_with_evidence
200,石神山,summit-candidate:c6ced2088a2376f5,yamap_2023-01-21_12_43.gpx,石神山・金比羅山,225.95666666666668,303,77.04,0.6345,3,6,0.324,false,false,medium,medium,low,low_priority,exact_municipality_match,伊方町,,伊方町,"国道197号, 足成, 伊方町, 西宇和郡, 愛媛県, 796-0502, 日本",multiple_candidates_for_mountain|multiple_mountains_for_candidate|weak_elevation_evidence|missing_csv_coordinate|activity_link_ambiguous,top_3_with_evidence,low_priority_alternative,mountain=石神山(#200); candidate=summit-candidate:c6ced2088a2376f5; ref_score=0.6345; ref_rank=3; loc_level=exact_municipality_match; priority=medium; priority_reasons=top_3_with_evidence
201,金比羅山,summit-candidate:c6ced2088a2376f5,yamap_2023-01-21_12_43.gpx,石神山・金比羅山,225.95666666666668,203,22.96,0.7365,1,1,0.102,true,true,medium,high,medium,accept_candidate_after_map_check,exact_municipality_match,伊方町,,伊方町,"国道197号, 足成, 伊方町, 西宇和郡, 愛媛県, 796-0502, 日本",multiple_candidates_for_mountain|multiple_mountains_for_candidate|missing_csv_coordinate|activity_link_ambiguous,top_1_but_ambiguous,clear_mutual_top1,mountain=金比羅山(#201); candidate=summit-candidate:c6ced2088a2376f5; ref_score=0.7365; ref_rank=1; loc_level=exact_municipality_match; priority=high; priority_reasons=top_1_but_ambiguous
201,金比羅山,summit-candidate:47129c06b82cf694,yamap_2023-01-21_12_43.gpx,石神山・金比羅山,295.1133333333334,203,92.11,0.6345,2,6,0,false,false,medium,high,high,resolve_conflict,exact_municipality_match,伊方町,,伊方町,"国道197号, 伊方町, 西宇和郡, 愛媛県, 796-0502, 日本",multiple_candidates_for_mountain|multiple_mountains_for_candidate|weak_elevation_evidence|missing_csv_coordinate|activity_link_ambiguous,top_candidate_for_multiple_mountains,shared_candidate,mountain=金比羅山(#201); candidate=summit-candidate:47129c06b82cf694; ref_score=0.6345; ref_rank=2; loc_level=exact_municipality_match; priority=high; priority_reasons=top_candidate_for_multiple_mountains
201,金比羅山,summit-candidate:830c63408bf56cc5,yamap_2023-01-21_09_56.gpx,大森山,289.2,203,86.2,0.6345,3,6,0.324,false,false,medium,medium,low,low_priority,exact_municipality_match,伊方町,,伊方町,"国道197号, 伊方町, 西宇和郡, 愛媛県, 792-0612, 日本",multiple_candidates_for_mountain|multiple_mountains_for_candidate|weak_elevation_evidence|missing_csv_coordinate|activity_link_ambiguous,top_3_with_evidence,low_priority_alternative,mountain=金比羅山(#201); candidate=summit-candidate:830c63408bf56cc5; ref_score=0.6345; ref_rank=3; loc_level=exact_municipality_match; priority=medium; priority_reasons=top_3_with_evidence
202,鳥越山,summit-candidate:5b7c833ac0535534,yamap_2023-01-28_11_53.gpx,鳥越山,99.92333333333335,100,0.08,0.7875,1,1,0.102,true,true,medium,high,high,resolve_conflict,exact_municipality_match,松山市,,松山市,"平田町, 松山市, 愛媛県, 799-2651, 日本",multiple_candidates_for_mountain|multiple_mountains_for_candidate|missing_csv_coordinate|activity_link_ambiguous,top_1_but_ambiguous|top_candidate_for_multiple_mountains,shared_candidate,"mountain=鳥越山(#202); candidate=summit-candidate:5b7c833ac0535534; ref_score=0.7875; ref_rank=1; loc_level=exact_municipality_match; priority=high; priority_reasons=top_1_but_ambiguous,top_candidate_for_multiple_mountains"
202,鳥越山,summit-candidate:ab7edbc3a52d24bf,yamap_2023-01-28_12_19.gpx,谷田山・金毘羅山,58.70666666666667,100,41.29,0.6855,2,4,0,false,false,medium,medium,low,low_priority,exact_municipality_match,松山市,,松山市,"平田町, 松山市, 愛媛県, 799-2651, 日本",multiple_candidates_for_mountain|multiple_mountains_for_candidate|missing_csv_coordinate|activity_link_ambiguous,top_3_with_evidence,low_priority_alternative,mountain=鳥越山(#202); candidate=summit-candidate:ab7edbc3a52d24bf; ref_score=0.6855; ref_rank=2; loc_level=exact_municipality_match; priority=medium; priority_reasons=top_3_with_evidence
202,鳥越山,summit-candidate:cf6802c2dafdbf46,yamap_2023-01-28_13_44.gpx,佐古田山,59.99333333333334,100,40.01,0.6855,3,4,0.051,false,false,medium,medium,low,low_priority,exact_municipality_match,松山市,,松山市,"福角町, 松山市, 愛媛県, 799-2651, 日本",multiple_candidates_for_mountain|multiple_mountains_for_candidate|missing_csv_coordinate|activity_link_ambiguous,top_3_with_evidence,low_priority_alternative,mountain=鳥越山(#202); candidate=summit-candidate:cf6802c2dafdbf46; ref_score=0.6855; ref_rank=3; loc_level=exact_municipality_match; priority=medium; priority_reasons=top_3_with_evidence
203,谷田山,summit-candidate:5b7c833ac0535534,yamap_2023-01-28_11_53.gpx,鳥越山,99.92333333333335,78,21.92,0.7365,1,2,0,false,true,medium,high,high,resolve_conflict,exact_municipality_match,松山市,,松山市,"平田町, 松山市, 愛媛県, 799-2651, 日本",multiple_candidates_for_mountain|multiple_mountains_for_candidate|missing_csv_coordinate|activity_link_ambiguous,top_1_but_ambiguous|top_candidate_for_multiple_mountains,shared_candidate|not_mutual_top1,"mountain=谷田山(#203); candidate=summit-candidate:5b7c833ac0535534; ref_score=0.7365; ref_rank=1; loc_level=exact_municipality_match; priority=high; priority_reasons=top_1_but_ambiguous,top_candidate_for_multiple_mountains"
203,谷田山,summit-candidate:ab7edbc3a52d24bf,yamap_2023-01-28_12_19.gpx,谷田山・金毘羅山,58.70666666666667,78,19.29,0.7365,2,1,0,false,true,medium,medium,high,check_close_alternatives,exact_municipality_match,松山市,,松山市,"平田町, 松山市, 愛媛県, 799-2651, 日本",multiple_candidates_for_mountain|multiple_mountains_for_candidate|missing_csv_coordinate|activity_link_ambiguous,top_3_with_evidence,small_score_gap,mountain=谷田山(#203); candidate=summit-candidate:ab7edbc3a52d24bf; ref_score=0.7365; ref_rank=2; loc_level=exact_municipality_match; priority=medium; priority_reasons=top_3_with_evidence
203,谷田山,summit-candidate:cf6802c2dafdbf46,yamap_2023-01-28_13_44.gpx,佐古田山,59.99333333333334,78,18.01,0.7365,3,1,0.102,false,true,medium,medium,high,check_close_alternatives,exact_municipality_match,松山市,,松山市,"福角町, 松山市, 愛媛県, 799-2651, 日本",multiple_candidates_for_mountain|multiple_mountains_for_candidate|missing_csv_coordinate|activity_link_ambiguous,top_3_with_evidence,small_score_gap,mountain=谷田山(#203); candidate=summit-candidate:cf6802c2dafdbf46; ref_score=0.7365; ref_rank=3; loc_level=exact_municipality_match; priority=medium; priority_reasons=top_3_with_evidence
204,金毘羅山,summit-candidate:ab7edbc3a52d24bf,yamap_2023-01-28_12_19.gpx,谷田山・金毘羅山,58.70666666666667,41,17.71,0.7365,1,2,0,false,true,medium,high,high,resolve_conflict,exact_municipality_match,松山市,,松山市,"平田町, 松山市, 愛媛県, 799-2651, 日本",multiple_candidates_for_mountain|multiple_mountains_for_candidate|missing_csv_coordinate|activity_link_ambiguous,top_1_but_ambiguous,not_mutual_top1,mountain=金毘羅山(#204); candidate=summit-candidate:ab7edbc3a52d24bf; ref_score=0.7365; ref_rank=1; loc_level=exact_municipality_match; priority=high; priority_reasons=top_1_but_ambiguous
204,金毘羅山,summit-candidate:cf6802c2dafdbf46,yamap_2023-01-28_13_44.gpx,佐古田山,59.99333333333334,41,18.99,0.7365,2,2,0.102,false,true,medium,medium,high,check_close_alternatives,exact_municipality_match,松山市,,松山市,"福角町, 松山市, 愛媛県, 799-2651, 日本",multiple_candidates_for_mountain|multiple_mountains_for_candidate|missing_csv_coordinate|activity_link_ambiguous,top_3_with_evidence,small_score_gap,mountain=金毘羅山(#204); candidate=summit-candidate:cf6802c2dafdbf46; ref_score=0.7365; ref_rank=2; loc_level=exact_municipality_match; priority=medium; priority_reasons=top_3_with_evidence
204,金毘羅山,summit-candidate:1432f597b5dca157,yamap_2023-01-28_14_27.gpx,古城山・尾崎山,253.17333333333332,41,212.17,0.6345,3,5,0,false,false,medium,high,high,resolve_conflict,exact_municipality_match,松山市,,松山市,"東大栗町, 松山市, 愛媛県, 799-2649, 日本",multiple_candidates_for_mountain|multiple_mountains_for_candidate|weak_elevation_evidence|missing_csv_coordinate|activity_link_ambiguous,top_candidate_for_multiple_mountains,shared_candidate,mountain=金毘羅山(#204); candidate=summit-candidate:1432f597b5dca157; ref_score=0.6345; ref_rank=3; loc_level=exact_municipality_match; priority=high; priority_reasons=top_candidate_for_multiple_mountains
205,佐古田山,summit-candidate:5b7c833ac0535534,yamap_2023-01-28_11_53.gpx,鳥越山,99.92333333333335,77,22.92,0.7365,1,3,0,false,true,medium,high,high,resolve_conflict,exact_municipality_match,松山市,,松山市,"平田町, 松山市, 愛媛県, 799-2651, 日本",multiple_candidates_for_mountain|multiple_mountains_for_candidate|missing_csv_coordinate|activity_link_ambiguous,top_1_but_ambiguous|top_candidate_for_multiple_mountains,shared_candidate|not_mutual_top1,"mountain=佐古田山(#205); candidate=summit-candidate:5b7c833ac0535534; ref_score=0.7365; ref_rank=1; loc_level=exact_municipality_match; priority=high; priority_reasons=top_1_but_ambiguous,top_candidate_for_multiple_mountains"
205,佐古田山,summit-candidate:ab7edbc3a52d24bf,yamap_2023-01-28_12_19.gpx,谷田山・金毘羅山,58.70666666666667,77,18.29,0.7365,2,3,0,false,true,medium,medium,high,check_close_alternatives,exact_municipality_match,松山市,,松山市,"平田町, 松山市, 愛媛県, 799-2651, 日本",multiple_candidates_for_mountain|multiple_mountains_for_candidate|missing_csv_coordinate|activity_link_ambiguous,top_3_with_evidence,small_score_gap,mountain=佐古田山(#205); candidate=summit-candidate:ab7edbc3a52d24bf; ref_score=0.7365; ref_rank=2; loc_level=exact_municipality_match; priority=medium; priority_reasons=top_3_with_evidence
205,佐古田山,summit-candidate:cf6802c2dafdbf46,yamap_2023-01-28_13_44.gpx,佐古田山,59.99333333333334,77,17.01,0.7365,3,3,0.102,false,true,medium,medium,high,check_close_alternatives,exact_municipality_match,松山市,,松山市,"福角町, 松山市, 愛媛県, 799-2651, 日本",multiple_candidates_for_mountain|multiple_mountains_for_candidate|missing_csv_coordinate|activity_link_ambiguous,top_3_with_evidence,small_score_gap,mountain=佐古田山(#205); candidate=summit-candidate:cf6802c2dafdbf46; ref_score=0.7365; ref_rank=3; loc_level=exact_municipality_match; priority=medium; priority_reasons=top_3_with_evidence
206,古城山,summit-candidate:1432f597b5dca157,yamap_2023-01-28_14_27.gpx,古城山・尾崎山,253.17333333333332,202,51.17,0.6345,1,7,0,false,false,medium,high,high,resolve_conflict,exact_municipality_match,松山市,,松山市,"東大栗町, 松山市, 愛媛県, 799-2649, 日本",multiple_candidates_for_mountain|multiple_mountains_for_candidate|weak_elevation_evidence|missing_csv_coordinate|activity_link_ambiguous,top_1_but_ambiguous|top_candidate_for_multiple_mountains,shared_candidate|not_mutual_top1,"mountain=古城山(#206); candidate=summit-candidate:1432f597b5dca157; ref_score=0.6345; ref_rank=1; loc_level=exact_municipality_match; priority=high; priority_reasons=top_1_but_ambiguous,top_candidate_for_multiple_mountains"
206,古城山,summit-candidate:5b7c833ac0535534,yamap_2023-01-28_11_53.gpx,鳥越山,99.92333333333335,202,102.08,0.6345,2,5,0,false,false,medium,high,high,resolve_conflict,exact_municipality_match,松山市,,松山市,"平田町, 松山市, 愛媛県, 799-2651, 日本",multiple_candidates_for_mountain|multiple_mountains_for_candidate|weak_elevation_evidence|missing_csv_coordinate|activity_link_ambiguous,top_candidate_for_multiple_mountains,shared_candidate,mountain=古城山(#206); candidate=summit-candidate:5b7c833ac0535534; ref_score=0.6345; ref_rank=2; loc_level=exact_municipality_match; priority=high; priority_reasons=top_candidate_for_multiple_mountains
206,古城山,summit-candidate:ab7edbc3a52d24bf,yamap_2023-01-28_12_19.gpx,谷田山・金毘羅山,58.70666666666667,202,143.29,0.6345,3,5,0,false,false,medium,medium,high,check_close_alternatives,exact_municipality_match,松山市,,松山市,"平田町, 松山市, 愛媛県, 799-2651, 日本",multiple_candidates_for_mountain|multiple_mountains_for_candidate|weak_elevation_evidence|missing_csv_coordinate|activity_link_ambiguous,top_3_with_evidence,small_score_gap,mountain=古城山(#206); candidate=summit-candidate:ab7edbc3a52d24bf; ref_score=0.6345; ref_rank=3; loc_level=exact_municipality_match; priority=medium; priority_reasons=top_3_with_evidence
207,尾崎山,summit-candidate:1432f597b5dca157,yamap_2023-01-28_14_27.gpx,古城山・尾崎山,253.17333333333332,260,6.83,0.7875,1,1,0.153,true,true,medium,high,high,resolve_conflict,exact_municipality_match,松山市,,松山市,"東大栗町, 松山市, 愛媛県, 799-2649, 日本",multiple_candidates_for_mountain|multiple_mountains_for_candidate|missing_csv_coordinate|activity_link_ambiguous,top_1_but_ambiguous|top_candidate_for_multiple_mountains,shared_candidate,"mountain=尾崎山(#207); candidate=summit-candidate:1432f597b5dca157; ref_score=0.7875; ref_rank=1; loc_level=exact_municipality_match; priority=high; priority_reasons=top_1_but_ambiguous,top_candidate_for_multiple_mountains"
207,尾崎山,summit-candidate:5b7c833ac0535534,yamap_2023-01-28_11_53.gpx,鳥越山,99.92333333333335,260,160.08,0.6345,2,6,0,false,false,medium,high,high,resolve_conflict,exact_municipality_match,松山市,,松山市,"平田町, 松山市, 愛媛県, 799-2651, 日本",multiple_candidates_for_mountain|multiple_mountains_for_candidate|weak_elevation_evidence|missing_csv_coordinate|activity_link_ambiguous,top_candidate_for_multiple_mountains,shared_candidate,mountain=尾崎山(#207); candidate=summit-candidate:5b7c833ac0535534; ref_score=0.6345; ref_rank=2; loc_level=exact_municipality_match; priority=high; priority_reasons=top_candidate_for_multiple_mountains
207,尾崎山,summit-candidate:ab7edbc3a52d24bf,yamap_2023-01-28_12_19.gpx,谷田山・金毘羅山,58.70666666666667,260,201.29,0.6345,3,6,0,false,false,medium,medium,low,low_priority,exact_municipality_match,松山市,,松山市,"平田町, 松山市, 愛媛県, 799-2651, 日本",multiple_candidates_for_mountain|multiple_mountains_for_candidate|weak_elevation_evidence|missing_csv_coordinate|activity_link_ambiguous,top_3_with_evidence,low_priority_alternative,mountain=尾崎山(#207); candidate=summit-candidate:ab7edbc3a52d24bf; ref_score=0.6345; ref_rank=3; loc_level=exact_municipality_match; priority=medium; priority_reasons=top_3_with_evidence
208,宝ヶ峯,summit-candidate:079ae30d76fb11c2,yamap_2022-03-13_09_49.gpx,倉谷山・芝ヶ峠・淡路ヶ峠・宝ヶ峯,280.85333333333335,284,3.15,0.7875,1,2,0,false,true,medium,high,high,resolve_conflict,exact_municipality_match,松山市,,松山市,"鷹子町, 松山市, 愛媛県, 791-0243, 日本",multiple_candidates_for_mountain|multiple_mountains_for_candidate|missing_csv_coordinate,top_1_but_ambiguous|top_candidate_for_multiple_mountains,shared_candidate|not_mutual_top1,"mountain=宝ヶ峯(#208); candidate=summit-candidate:079ae30d76fb11c2; ref_score=0.7875; ref_rank=1; loc_level=exact_municipality_match; priority=high; priority_reasons=top_1_but_ambiguous,top_candidate_for_multiple_mountains"
208,宝ヶ峯,summit-candidate:b9e78d4a587ceaa0,yamap_2022-03-13_09_49.gpx,倉谷山・芝ヶ峠・淡路ヶ峠・宝ヶ峯,278.7366666666667,284,5.26,0.7875,2,2,0,false,true,medium,medium,high,check_close_alternatives,exact_municipality_match,松山市,,松山市,"畑寺二丁目, 畑寺町, 松山市, 愛媛県, 790-0903, 日本",multiple_candidates_for_mountain|multiple_mountains_for_candidate|missing_csv_coordinate,top_3_with_evidence,small_score_gap,mountain=宝ヶ峯(#208); candidate=summit-candidate:b9e78d4a587ceaa0; ref_score=0.7875; ref_rank=2; loc_level=exact_municipality_match; priority=medium; priority_reasons=top_3_with_evidence
208,宝ヶ峯,summit-candidate:d43fade4de3e33c8,yamap_2023-03-05_11_09.gpx,宝ヶ峯・淡路ヶ峠,278.9166666666667,284,5.08,0.7875,3,1,0.153,false,true,medium,medium,high,check_close_alternatives,exact_municipality_match,松山市,,松山市,"畑寺二丁目, 畑寺町, 松山市, 愛媛県, 790-0903, 日本",multiple_candidates_for_mountain|multiple_mountains_for_candidate|missing_csv_coordinate,top_3_with_evidence,small_score_gap,mountain=宝ヶ峯(#208); candidate=summit-candidate:d43fade4de3e33c8; ref_score=0.7875; ref_rank=3; loc_level=exact_municipality_match; priority=medium; priority_reasons=top_3_with_evidence
209,淡路ヶ峠,summit-candidate:079ae30d76fb11c2,yamap_2022-03-13_09_49.gpx,倉谷山・芝ヶ峠・淡路ヶ峠・宝ヶ峯,280.85333333333335,273,7.85,0.7875,1,3,0,false,true,medium,high,high,resolve_conflict,exact_municipality_match,松山市,,松山市,"鷹子町, 松山市, 愛媛県, 791-0243, 日本",multiple_candidates_for_mountain|multiple_mountains_for_candidate|missing_csv_coordinate,top_1_but_ambiguous|top_candidate_for_multiple_mountains,shared_candidate|not_mutual_top1,"mountain=淡路ヶ峠(#209); candidate=summit-candidate:079ae30d76fb11c2; ref_score=0.7875; ref_rank=1; loc_level=exact_municipality_match; priority=high; priority_reasons=top_1_but_ambiguous,top_candidate_for_multiple_mountains"
209,淡路ヶ峠,summit-candidate:b9e78d4a587ceaa0,yamap_2022-03-13_09_49.gpx,倉谷山・芝ヶ峠・淡路ヶ峠・宝ヶ峯,278.7366666666667,273,5.74,0.7875,2,3,0,false,true,medium,medium,high,check_close_alternatives,exact_municipality_match,松山市,,松山市,"畑寺二丁目, 畑寺町, 松山市, 愛媛県, 790-0903, 日本",multiple_candidates_for_mountain|multiple_mountains_for_candidate|missing_csv_coordinate,top_3_with_evidence,small_score_gap,mountain=淡路ヶ峠(#209); candidate=summit-candidate:b9e78d4a587ceaa0; ref_score=0.7875; ref_rank=2; loc_level=exact_municipality_match; priority=medium; priority_reasons=top_3_with_evidence
209,淡路ヶ峠,summit-candidate:d43fade4de3e33c8,yamap_2023-03-05_11_09.gpx,宝ヶ峯・淡路ヶ峠,278.9166666666667,273,5.92,0.7875,3,2,0.153,false,true,medium,medium,high,check_close_alternatives,exact_municipality_match,松山市,,松山市,"畑寺二丁目, 畑寺町, 松山市, 愛媛県, 790-0903, 日本",multiple_candidates_for_mountain|multiple_mountains_for_candidate|missing_csv_coordinate,top_3_with_evidence,small_score_gap,mountain=淡路ヶ峠(#209); candidate=summit-candidate:d43fade4de3e33c8; ref_score=0.7875; ref_rank=3; loc_level=exact_municipality_match; priority=medium; priority_reasons=top_3_with_evidence
210,福見山,summit-candidate:0ff024bf702c13bb,yamap_2023-03-11_06_08.gpx,福見山・明神ヶ森・南三方ヶ森・魚谷森・左谷ノ森,927.3133333333334,1051,123.69,0.6345,1,2,0,false,true,medium,high,high,resolve_conflict,exact_municipality_match,松山市,,松山市,"米野町, 松山市, 愛媛県, 日本",multiple_candidates_for_mountain|multiple_mountains_for_candidate|weak_elevation_evidence|missing_csv_coordinate,top_1_but_ambiguous|top_candidate_for_multiple_mountains,shared_candidate|not_mutual_top1,"mountain=福見山(#210); candidate=summit-candidate:0ff024bf702c13bb; ref_score=0.6345; ref_rank=1; loc_level=exact_municipality_match; priority=high; priority_reasons=top_1_but_ambiguous,top_candidate_for_multiple_mountains"
210,福見山,summit-candidate:4fec4dd128e55ab0,yamap_2023-01-03_07_36.gpx,福見山・河原樋山・真松嶺・柿王寺森,410.7033333333334,1051,640.3,0.6345,2,4,0,false,false,medium,medium,high,check_close_alternatives,exact_municipality_match,松山市,,松山市,"福見川町, 松山市, 愛媛県, 791-0132, 日本",multiple_candidates_for_mountain|multiple_mountains_for_candidate|weak_elevation_evidence|missing_csv_coordinate,top_3_with_evidence,small_score_gap,mountain=福見山(#210); candidate=summit-candidate:4fec4dd128e55ab0; ref_score=0.6345; ref_rank=2; loc_level=exact_municipality_match; priority=medium; priority_reasons=top_3_with_evidence
210,福見山,summit-candidate:74dd1729abbd7bb5,yamap_2023-01-03_07_36.gpx,福見山・河原樋山・真松嶺・柿王寺森,538.9699999999999,1051,512.03,0.6345,3,4,0,false,false,medium,high,high,resolve_conflict,exact_municipality_match,松山市,,松山市,"河中平井停車場線, 河中町, 松山市, 愛媛県, 791-0132, 日本",multiple_candidates_for_mountain|multiple_mountains_for_candidate|weak_elevation_evidence|missing_csv_coordinate,top_candidate_for_multiple_mountains,shared_candidate,mountain=福見山(#210); candidate=summit-candidate:74dd1729abbd7bb5; ref_score=0.6345; ref_rank=3; loc_level=exact_municipality_match; priority=high; priority_reasons=top_candidate_for_multiple_mountains
211,明神ヶ森,summit-candidate:0ff024bf702c13bb,yamap_2023-03-11_06_08.gpx,福見山・明神ヶ森・南三方ヶ森・魚谷森・左谷ノ森,927.3133333333334,1217,289.69,0.6345,1,3,0.0265,false,true,medium,high,high,resolve_conflict,exact_municipality_match,松山市,,松山市,"米野町, 松山市, 愛媛県, 日本",multiple_candidates_for_mountain|multiple_mountains_for_candidate|weak_elevation_evidence|missing_csv_coordinate,top_1_but_ambiguous|top_candidate_for_multiple_mountains,shared_candidate|not_mutual_top1,"mountain=明神ヶ森(#211); candidate=summit-candidate:0ff024bf702c13bb; ref_score=0.6345; ref_rank=1; loc_level=exact_municipality_match; priority=high; priority_reasons=top_1_but_ambiguous,top_candidate_for_multiple_mountains"
211,明神ヶ森,summit-candidate:83f3af0488659ac8,yamap_2023-03-11_06_08.gpx,福見山・明神ヶ森・南三方ヶ森・魚谷森・左谷ノ森,1212.2866666666666,1217,4.71,0.608,2,1,0.153,false,true,medium,high,high,check_close_alternatives,boundary_tolerated_mismatch,松山市,,,"東温市, 愛媛県, 日本",multiple_candidates_for_mountain|multiple_mountains_for_candidate|missing_csv_coordinate|location_mismatch_warning,strong_evidence_with_mismatch,small_score_gap,mountain=明神ヶ森(#211); candidate=summit-candidate:83f3af0488659ac8; ref_score=0.608; ref_rank=2; loc_level=boundary_tolerated_mismatch; priority=high; priority_reasons=strong_evidence_with_mismatch
211,明神ヶ森,summit-candidate:446b5fe1e7a8b2fd,yamap_2023-03-11_06_08.gpx,福見山・明神ヶ森・南三方ヶ森・魚谷森・左谷ノ森,1048.2366666666665,1217,168.76,0.455,3,3,0,false,true,low,high,high,check_location_warning,boundary_tolerated_mismatch,松山市,,,"東温市, 愛媛県, 日本",multiple_candidates_for_mountain|multiple_mountains_for_candidate|weak_elevation_evidence|missing_csv_coordinate|location_mismatch_warning,strong_evidence_with_mismatch,location_mismatch_warning,mountain=明神ヶ森(#211); candidate=summit-candidate:446b5fe1e7a8b2fd; ref_score=0.455; ref_rank=3; loc_level=boundary_tolerated_mismatch; priority=high; priority_reasons=strong_evidence_with_mismatch
212,南三方ヶ森,summit-candidate:0ff024bf702c13bb,yamap_2023-03-11_06_08.gpx,福見山・明神ヶ森・南三方ヶ森・魚谷森・左谷ノ森,927.3133333333334,1156,228.69,0.6345,1,4,0.0265,false,false,medium,high,high,resolve_conflict,exact_municipality_match,松山市,,松山市,"米野町, 松山市, 愛媛県, 日本",multiple_candidates_for_mountain|multiple_mountains_for_candidate|weak_elevation_evidence|missing_csv_coordinate,top_1_but_ambiguous|top_candidate_for_multiple_mountains,shared_candidate|not_mutual_top1,"mountain=南三方ヶ森(#212); candidate=summit-candidate:0ff024bf702c13bb; ref_score=0.6345; ref_rank=1; loc_level=exact_municipality_match; priority=high; priority_reasons=top_1_but_ambiguous,top_candidate_for_multiple_mountains"
212,南三方ヶ森,summit-candidate:5b124255339c0714,yamap_2023-03-11_06_08.gpx,福見山・明神ヶ森・南三方ヶ森・魚谷森・左谷ノ森,1147.7433333333333,1156,8.26,0.608,2,1,0.153,false,true,medium,high,high,check_close_alternatives,boundary_tolerated_mismatch,松山市,,,"東温市, 愛媛県, 日本",multiple_candidates_for_mountain|multiple_mountains_for_candidate|missing_csv_coordinate|location_mismatch_warning,strong_evidence_with_mismatch,small_score_gap,mountain=南三方ヶ森(#212); candidate=summit-candidate:5b124255339c0714; ref_score=0.608; ref_rank=2; loc_level=boundary_tolerated_mismatch; priority=high; priority_reasons=strong_evidence_with_mismatch
212,南三方ヶ森,summit-candidate:446b5fe1e7a8b2fd,yamap_2023-03-11_06_08.gpx,福見山・明神ヶ森・南三方ヶ森・魚谷森・左谷ノ森,1048.2366666666665,1156,107.76,0.455,3,4,0,false,false,low,high,high,check_location_warning,boundary_tolerated_mismatch,松山市,,,"東温市, 愛媛県, 日本",multiple_candidates_for_mountain|multiple_mountains_for_candidate|weak_elevation_evidence|missing_csv_coordinate|location_mismatch_warning,strong_evidence_with_mismatch,location_mismatch_warning,mountain=南三方ヶ森(#212); candidate=summit-candidate:446b5fe1e7a8b2fd; ref_score=0.455; ref_rank=3; loc_level=boundary_tolerated_mismatch; priority=high; priority_reasons=strong_evidence_with_mismatch
213,魚谷森,summit-candidate:0ff024bf702c13bb,yamap_2023-03-11_06_08.gpx,福見山・明神ヶ森・南三方ヶ森・魚谷森・左谷ノ森,927.3133333333334,1005,77.69,0.6345,1,5,0.1285,false,false,medium,high,high,resolve_conflict,exact_municipality_match,松山市,,松山市,"米野町, 松山市, 愛媛県, 日本",multiple_candidates_for_mountain|multiple_mountains_for_candidate|weak_elevation_evidence|missing_csv_coordinate,top_1_but_ambiguous|top_candidate_for_multiple_mountains,shared_candidate|not_mutual_top1,"mountain=魚谷森(#213); candidate=summit-candidate:0ff024bf702c13bb; ref_score=0.6345; ref_rank=1; loc_level=exact_municipality_match; priority=high; priority_reasons=top_1_but_ambiguous,top_candidate_for_multiple_mountains"
213,魚谷森,summit-candidate:446b5fe1e7a8b2fd,yamap_2023-03-11_06_08.gpx,福見山・明神ヶ森・南三方ヶ森・魚谷森・左谷ノ森,1048.2366666666665,1005,43.24,0.506,2,2,0.051,false,true,medium,high,high,check_location_warning,boundary_tolerated_mismatch,松山市,,,"東温市, 愛媛県, 日本",multiple_candidates_for_mountain|multiple_mountains_for_candidate|missing_csv_coordinate|location_mismatch_warning,strong_evidence_with_mismatch,location_mismatch_warning,mountain=魚谷森(#213); candidate=summit-candidate:446b5fe1e7a8b2fd; ref_score=0.506; ref_rank=2; loc_level=boundary_tolerated_mismatch; priority=high; priority_reasons=strong_evidence_with_mismatch
213,魚谷森,summit-candidate:5b124255339c0714,yamap_2023-03-11_06_08.gpx,福見山・明神ヶ森・南三方ヶ森・魚谷森・左谷ノ森,1147.7433333333333,1005,142.74,0.455,3,4,0,false,false,low,high,high,check_location_warning,boundary_tolerated_mismatch,松山市,,,"東温市, 愛媛県, 日本",multiple_candidates_for_mountain|multiple_mountains_for_candidate|weak_elevation_evidence|missing_csv_coordinate|location_mismatch_warning,strong_evidence_with_mismatch,location_mismatch_warning,mountain=魚谷森(#213); candidate=summit-candidate:5b124255339c0714; ref_score=0.455; ref_rank=3; loc_level=boundary_tolerated_mismatch; priority=high; priority_reasons=strong_evidence_with_mismatch
214,左谷ノ森,summit-candidate:0ff024bf702c13bb,yamap_2023-03-11_06_08.gpx,福見山・明神ヶ森・南三方ヶ森・魚谷森・左谷ノ森,927.3133333333334,932,4.69,0.7875,1,1,0.0765,true,true,medium,high,high,resolve_conflict,exact_municipality_match,松山市,,松山市,"米野町, 松山市, 愛媛県, 日本",multiple_candidates_for_mountain|multiple_mountains_for_candidate|missing_csv_coordinate,top_1_but_ambiguous|top_candidate_for_multiple_mountains,shared_candidate,"mountain=左谷ノ森(#214); candidate=summit-candidate:0ff024bf702c13bb; ref_score=0.7875; ref_rank=1; loc_level=exact_municipality_match; priority=high; priority_reasons=top_1_but_ambiguous,top_candidate_for_multiple_mountains"
214,左谷ノ森,summit-candidate:e793f83b8a4fd86f,yamap_2022-04-25_11_35.gpx,伊之子山・左谷ノ森,927.37,932,4.63,0.711,2,1,0.051,false,true,medium,medium,low,low_priority,exact_municipality_match,松山市,,松山市,"米野町, 松山市, 愛媛県, 日本",multiple_candidates_for_mountain|multiple_mountains_for_candidate|missing_csv_coordinate|activity_link_ambiguous,top_3_with_evidence,low_priority_alternative,mountain=左谷ノ森(#214); candidate=summit-candidate:e793f83b8a4fd86f; ref_score=0.711; ref_rank=2; loc_level=exact_municipality_match; priority=medium; priority_reasons=top_3_with_evidence
214,左谷ノ森,summit-candidate:15c71a530dcecd2e,yamap_2022-04-25_11_35.gpx,伊之子山・左谷ノ森,943.7166666666667,932,11.72,0.66,3,1,0.205,false,true,medium,medium,low,low_priority,exact_municipality_match,松山市,,松山市,"米野町, 松山市, 愛媛県, 日本",multiple_candidates_for_mountain|multiple_mountains_for_candidate|missing_csv_coordinate|activity_link_ambiguous,top_3_with_evidence,low_priority_alternative,mountain=左谷ノ森(#214); candidate=summit-candidate:15c71a530dcecd2e; ref_score=0.66; ref_rank=3; loc_level=exact_municipality_match; priority=medium; priority_reasons=top_3_with_evidence
215,真城ヶ台,summit-candidate:6d533e458b56f1d6,yamap_2023-03-15_09_53.gpx,真城ヶ台,583.6133333333333,587,3.39,0.7875,1,1,0.3485,true,true,medium,high,medium,accept_candidate_after_map_check,exact_municipality_match,松山市,,松山市,"窪野町, 松山市, 愛媛県, 791-1132, 日本",multiple_candidates_for_mountain|multiple_mountains_for_candidate|missing_csv_coordinate,top_1_but_ambiguous,clear_mutual_top1,mountain=真城ヶ台(#215); candidate=summit-candidate:6d533e458b56f1d6; ref_score=0.7875; ref_rank=1; loc_level=exact_municipality_match; priority=high; priority_reasons=top_1_but_ambiguous
215,真城ヶ台,summit-candidate:a0c35720552a78c8,yamap_2022-01-15_08_17.gpx,関ヶ森・観音山・倉谷山・芝ヶ峠,573.7066666666666,587,13.29,0.439,2,8,0.1285,false,false,low,medium,low,low_priority,exact_municipality_match,松山市,,松山市,"杉立町, 松山市, 愛媛県, 日本",multiple_candidates_for_mountain|multiple_mountains_for_candidate|weak_name_evidence|missing_csv_coordinate,top_3_with_evidence,low_priority_alternative,mountain=真城ヶ台(#215); candidate=summit-candidate:a0c35720552a78c8; ref_score=0.439; ref_rank=2; loc_level=exact_municipality_match; priority=medium; priority_reasons=top_3_with_evidence
215,真城ヶ台,summit-candidate:192b785fe79890e5,yamap_2025-10-26_11_45.gpx,堂所山,592.0266666666666,587,5.03,0.3105,3,6,0,false,false,low,high,high,check_location_warning,boundary_tolerated_mismatch,松山市,,,"宇和町山田, 西予市, 愛媛県, 796-0912, 日本",multiple_candidates_for_mountain|multiple_mountains_for_candidate|weak_name_evidence|missing_csv_coordinate|location_mismatch_warning,strong_evidence_with_mismatch,location_mismatch_warning,mountain=真城ヶ台(#215); candidate=summit-candidate:192b785fe79890e5; ref_score=0.3105; ref_rank=3; loc_level=boundary_tolerated_mismatch; priority=high; priority_reasons=strong_evidence_with_mismatch
216,千羽ヶ岳,summit-candidate:afd70dd670366e77,yamap_2023-03-20_15_17.gpx,千羽ヶ岳,406.43,412,5.57,0.7875,1,1,0.3485,true,true,medium,high,medium,accept_candidate_after_map_check,exact_municipality_match,西条市,,西条市,"松山自動車道;四国縦貫自動車道, 西条市, 愛媛県, 791-0541, 日本",multiple_candidates_for_mountain|multiple_mountains_for_candidate|missing_csv_coordinate|timezone_sensitive_activity_link,top_1_but_ambiguous,clear_mutual_top1,mountain=千羽ヶ岳(#216); candidate=summit-candidate:afd70dd670366e77; ref_score=0.7875; ref_rank=1; loc_level=exact_municipality_match; priority=high; priority_reasons=top_1_but_ambiguous
216,千羽ヶ岳,summit-candidate:64a47ed9c06f56d5,yamap_2024-01-14_10_18.gpx,竜門山・大黒山,430.9866666666667,412,18.99,0.439,2,5,0,false,false,low,high,high,resolve_conflict,exact_municipality_match,西条市,,西条市,"西条市, 愛媛県, 794-8511, 日本",multiple_candidates_for_mountain|multiple_mountains_for_candidate|weak_name_evidence|missing_csv_coordinate,top_candidate_for_multiple_mountains,shared_candidate,mountain=千羽ヶ岳(#216); candidate=summit-candidate:64a47ed9c06f56d5; ref_score=0.439; ref_rank=2; loc_level=exact_municipality_match; priority=high; priority_reasons=top_candidate_for_multiple_mountains
216,千羽ヶ岳,summit-candidate:99b1b356cad63b98,yamap_2024-01-14_10_18.gpx,竜門山・大黒山,384.9466666666667,412,27.05,0.439,3,5,0.1285,false,false,low,medium,low,low_priority,exact_municipality_match,西条市,,西条市,"旦之上, 西条市, 愛媛県, 日本",multiple_candidates_for_mountain|multiple_mountains_for_candidate|weak_name_evidence|missing_csv_coordinate,top_3_with_evidence,low_priority_alternative,mountain=千羽ヶ岳(#216); candidate=summit-candidate:99b1b356cad63b98; ref_score=0.439; ref_rank=3; loc_level=exact_municipality_match; priority=medium; priority_reasons=top_3_with_evidence
217,皿ヶ嶺,summit-candidate:7a1f0e8b5f9e5cc2,yamap_2022-04-15_11_52.gpx,皿ヶ嶺・引地山,1277.043085490437,1278,0.96,0.7875,1,1,0.3325,true,true,medium,high,high,resolve_conflict,exact_municipality_match,東温市,,東温市,"竜神平小屋, 上林林道重信線, 東温市, 愛媛県, 日本",multiple_candidates_for_mountain|multiple_mountains_for_candidate|missing_csv_coordinate,top_1_but_ambiguous|top_candidate_for_multiple_mountains,shared_candidate,"mountain=皿ヶ嶺(#217); candidate=summit-candidate:7a1f0e8b5f9e5cc2; ref_score=0.7875; ref_rank=1; loc_level=exact_municipality_match; priority=high; priority_reasons=top_1_but_ambiguous,top_candidate_for_multiple_mountains"
217,皿ヶ嶺,summit-candidate:b06e13a9483478e5,yamap_2022-04-15_11_52.gpx,皿ヶ嶺・引地山,1139.9767402874822,1278,138.02,0.455,2,3,0.016,false,true,low,high,high,check_location_warning,boundary_tolerated_mismatch,東温市,,,"久万高原町, 上浮穴郡, 愛媛県, 日本",multiple_candidates_for_mountain|multiple_mountains_for_candidate|weak_elevation_evidence|missing_csv_coordinate|location_mismatch_warning,strong_evidence_with_mismatch,location_mismatch_warning,mountain=皿ヶ嶺(#217); candidate=summit-candidate:b06e13a9483478e5; ref_score=0.455; ref_rank=2; loc_level=boundary_tolerated_mismatch; priority=high; priority_reasons=strong_evidence_with_mismatch
217,皿ヶ嶺,summit-candidate:16e9de2bedeb2d1c,yamap_2022-10-28_06_21.gpx,割石峠山・石墨山・法師山・白猪山・根無山・樽谷山・梅ヶ谷山,1252.3999999999999,1278,25.6,0.439,3,10,0,false,false,low,high,high,resolve_conflict,exact_municipality_match,東温市,,東温市,"根無山林道, 東温市, 愛媛県, 日本",multiple_candidates_for_mountain|multiple_mountains_for_candidate|weak_name_evidence|missing_csv_coordinate,top_candidate_for_multiple_mountains,shared_candidate,mountain=皿ヶ嶺(#217); candidate=summit-candidate:16e9de2bedeb2d1c; ref_score=0.439; ref_rank=3; loc_level=exact_municipality_match; priority=high; priority_reasons=top_candidate_for_multiple_mountains
218,えんとつ山,summit-candidate:339138a4e53293da,yamap_2023-03-29_05_31.gpx,えんとつ山・生子山・犬返・種子川山・西赤石山・物住頭・上兜山・下兜山,571.1733333333333,127,444.17,0.6345,1,3,0,false,true,medium,high,high,resolve_conflict,exact_municipality_match,新居浜市,,新居浜市,"新居浜市, 愛媛県, 792-0846, 日本",multiple_candidates_for_mountain|multiple_mountains_for_candidate|weak_elevation_evidence|missing_csv_coordinate,top_1_but_ambiguous|top_candidate_for_multiple_mountains,shared_candidate|not_mutual_top1,"mountain=えんとつ山(#218); candidate=summit-candidate:339138a4e53293da; ref_score=0.6345; ref_rank=1; loc_level=exact_municipality_match; priority=high; priority_reasons=top_1_but_ambiguous,top_candidate_for_multiple_mountains"
218,えんとつ山,summit-candidate:4311f3ae9948ea08,yamap_2023-03-29_05_31.gpx,えんとつ山・生子山・犬返・種子川山・西赤石山・物住頭・上兜山・下兜山,1239.3733333333334,127,1112.37,0.6345,2,2,0,false,true,medium,medium,high,check_close_alternatives,exact_municipality_match,新居浜市,,新居浜市,"新居浜市, 愛媛県, 日本",multiple_candidates_for_mountain|multiple_mountains_for_candidate|weak_elevation_evidence|missing_csv_coordinate,top_3_with_evidence,small_score_gap,mountain=えんとつ山(#218); candidate=summit-candidate:4311f3ae9948ea08; ref_score=0.6345; ref_rank=2; loc_level=exact_municipality_match; priority=medium; priority_reasons=top_3_with_evidence
218,えんとつ山,summit-candidate:473a62086144ac33,yamap_2023-03-29_05_31.gpx,えんとつ山・生子山・犬返・種子川山・西赤石山・物住頭・上兜山・下兜山,1619.846666666667,127,1492.85,0.6345,3,3,0,false,true,medium,medium,high,check_close_alternatives,exact_municipality_match,新居浜市,,新居浜市,"新居浜市, 愛媛県, 日本",multiple_candidates_for_mountain|multiple_mountains_for_candidate|weak_elevation_evidence|missing_csv_coordinate,top_3_with_evidence,small_score_gap,mountain=えんとつ山(#218); candidate=summit-candidate:473a62086144ac33; ref_score=0.6345; ref_rank=3; loc_level=exact_municipality_match; priority=medium; priority_reasons=top_3_with_evidence
219,生子山,summit-candidate:339138a4e53293da,yamap_2023-03-29_05_31.gpx,えんとつ山・生子山・犬返・種子川山・西赤石山・物住頭・上兜山・下兜山,571.1733333333333,301,270.17,0.6345,1,4,0,false,false,medium,high,high,resolve_conflict,exact_municipality_match,新居浜市,,新居浜市,"新居浜市, 愛媛県, 792-0846, 日本",multiple_candidates_for_mountain|multiple_mountains_for_candidate|weak_elevation_evidence|missing_csv_coordinate,top_1_but_ambiguous|top_candidate_for_multiple_mountains,shared_candidate|not_mutual_top1,"mountain=生子山(#219); candidate=summit-candidate:339138a4e53293da; ref_score=0.6345; ref_rank=1; loc_level=exact_municipality_match; priority=high; priority_reasons=top_1_but_ambiguous,top_candidate_for_multiple_mountains"
219,生子山,summit-candidate:4311f3ae9948ea08,yamap_2023-03-29_05_31.gpx,えんとつ山・生子山・犬返・種子川山・西赤石山・物住頭・上兜山・下兜山,1239.3733333333334,301,938.37,0.6345,2,3,0,false,true,medium,medium,high,check_close_alternatives,exact_municipality_match,新居浜市,,新居浜市,"新居浜市, 愛媛県, 日本",multiple_candidates_for_mountain|multiple_mountains_for_candidate|weak_elevation_evidence|missing_csv_coordinate,top_3_with_evidence,small_score_gap,mountain=生子山(#219); candidate=summit-candidate:4311f3ae9948ea08; ref_score=0.6345; ref_rank=2; loc_level=exact_municipality_match; priority=medium; priority_reasons=top_3_with_evidence
219,生子山,summit-candidate:473a62086144ac33,yamap_2023-03-29_05_31.gpx,えんとつ山・生子山・犬返・種子川山・西赤石山・物住頭・上兜山・下兜山,1619.846666666667,301,1318.85,0.6345,3,4,0,false,false,medium,medium,high,check_close_alternatives,exact_municipality_match,新居浜市,,新居浜市,"新居浜市, 愛媛県, 日本",multiple_candidates_for_mountain|multiple_mountains_for_candidate|weak_elevation_evidence|missing_csv_coordinate,top_3_with_evidence,small_score_gap,mountain=生子山(#219); candidate=summit-candidate:473a62086144ac33; ref_score=0.6345; ref_rank=3; loc_level=exact_municipality_match; priority=medium; priority_reasons=top_3_with_evidence
220,犬返,summit-candidate:339138a4e53293da,yamap_2023-03-29_05_31.gpx,えんとつ山・生子山・犬返・種子川山・西赤石山・物住頭・上兜山・下兜山,571.1733333333333,576,4.83,0.7875,1,1,0.153,true,true,medium,high,high,resolve_conflict,exact_municipality_match,新居浜市,,新居浜市,"新居浜市, 愛媛県, 792-0846, 日本",multiple_candidates_for_mountain|multiple_mountains_for_candidate|missing_csv_coordinate,top_1_but_ambiguous|top_candidate_for_multiple_mountains,shared_candidate,"mountain=犬返(#220); candidate=summit-candidate:339138a4e53293da; ref_score=0.7875; ref_rank=1; loc_level=exact_municipality_match; priority=high; priority_reasons=top_1_but_ambiguous,top_candidate_for_multiple_mountains"
220,犬返,summit-candidate:4311f3ae9948ea08,yamap_2023-03-29_05_31.gpx,えんとつ山・生子山・犬返・種子川山・西赤石山・物住頭・上兜山・下兜山,1239.3733333333334,576,663.37,0.6345,2,4,0,false,false,medium,medium,low,low_priority,exact_municipality_match,新居浜市,,新居浜市,"新居浜市, 愛媛県, 日本",multiple_candidates_for_mountain|multiple_mountains_for_candidate|weak_elevation_evidence|missing_csv_coordinate,top_3_with_evidence,low_priority_alternative,mountain=犬返(#220); candidate=summit-candidate:4311f3ae9948ea08; ref_score=0.6345; ref_rank=2; loc_level=exact_municipality_match; priority=medium; priority_reasons=top_3_with_evidence
220,犬返,summit-candidate:473a62086144ac33,yamap_2023-03-29_05_31.gpx,えんとつ山・生子山・犬返・種子川山・西赤石山・物住頭・上兜山・下兜山,1619.846666666667,576,1043.85,0.6345,3,5,0,false,false,medium,medium,low,low_priority,exact_municipality_match,新居浜市,,新居浜市,"新居浜市, 愛媛県, 日本",multiple_candidates_for_mountain|multiple_mountains_for_candidate|weak_elevation_evidence|missing_csv_coordinate,top_3_with_evidence,low_priority_alternative,mountain=犬返(#220); candidate=summit-candidate:473a62086144ac33; ref_score=0.6345; ref_rank=3; loc_level=exact_municipality_match; priority=medium; priority_reasons=top_3_with_evidence
221,種子川山,summit-candidate:339138a4e53293da,yamap_2023-03-29_05_31.gpx,えんとつ山・生子山・犬返・種子川山・西赤石山・物住頭・上兜山・下兜山,571.1733333333333,539,32.17,0.6855,1,2,0.051,false,true,medium,high,high,resolve_conflict,exact_municipality_match,新居浜市,,新居浜市,"新居浜市, 愛媛県, 792-0846, 日本",multiple_candidates_for_mountain|multiple_mountains_for_candidate|missing_csv_coordinate,top_1_but_ambiguous|top_candidate_for_multiple_mountains,shared_candidate|not_mutual_top1,"mountain=種子川山(#221); candidate=summit-candidate:339138a4e53293da; ref_score=0.6855; ref_rank=1; loc_level=exact_municipality_match; priority=high; priority_reasons=top_1_but_ambiguous,top_candidate_for_multiple_mountains"
221,種子川山,summit-candidate:4311f3ae9948ea08,yamap_2023-03-29_05_31.gpx,えんとつ山・生子山・犬返・種子川山・西赤石山・物住頭・上兜山・下兜山,1239.3733333333334,539,700.37,0.6345,2,5,0,false,false,medium,medium,low,low_priority,exact_municipality_match,新居浜市,,新居浜市,"新居浜市, 愛媛県, 日本",multiple_candidates_for_mountain|multiple_mountains_for_candidate|weak_elevation_evidence|missing_csv_coordinate,top_3_with_evidence,low_priority_alternative,mountain=種子川山(#221); candidate=summit-candidate:4311f3ae9948ea08; ref_score=0.6345; ref_rank=2; loc_level=exact_municipality_match; priority=medium; priority_reasons=top_3_with_evidence
221,種子川山,summit-candidate:473a62086144ac33,yamap_2023-03-29_05_31.gpx,えんとつ山・生子山・犬返・種子川山・西赤石山・物住頭・上兜山・下兜山,1619.846666666667,539,1080.85,0.6345,3,6,0,false,false,medium,medium,low,low_priority,exact_municipality_match,新居浜市,,新居浜市,"新居浜市, 愛媛県, 日本",multiple_candidates_for_mountain|multiple_mountains_for_candidate|weak_elevation_evidence|missing_csv_coordinate,top_3_with_evidence,low_priority_alternative,mountain=種子川山(#221); candidate=summit-candidate:473a62086144ac33; ref_score=0.6345; ref_rank=3; loc_level=exact_municipality_match; priority=medium; priority_reasons=top_3_with_evidence
222,西赤石山,summit-candidate:473a62086144ac33,yamap_2023-03-29_05_31.gpx,えんとつ山・生子山・犬返・種子川山・西赤石山・物住頭・上兜山・下兜山,1619.846666666667,1626,6.15,0.7875,1,1,0,true,true,medium,high,medium,accept_candidate_after_map_check,exact_municipality_match,新居浜市,,新居浜市,"新居浜市, 愛媛県, 日本",multiple_candidates_for_mountain|multiple_mountains_for_candidate|missing_csv_coordinate,top_1_but_ambiguous,clear_mutual_top1,mountain=西赤石山(#222); candidate=summit-candidate:473a62086144ac33; ref_score=0.7875; ref_rank=1; loc_level=exact_municipality_match; priority=high; priority_reasons=top_1_but_ambiguous
222,西赤石山,summit-candidate:5104c47f17101d63,yamap_2022-10-08_06_12.gpx,東山・西赤石山・物住頭・前赤石山・東赤石山・八巻山,1621.9866666666667,1626,4.01,0.7875,2,1,0,false,true,medium,medium,high,check_close_alternatives,exact_municipality_match,新居浜市,,新居浜市,"新居浜市, 愛媛県, 日本",multiple_candidates_for_mountain|multiple_mountains_for_candidate|missing_csv_coordinate,top_3_with_evidence,small_score_gap,mountain=西赤石山(#222); candidate=summit-candidate:5104c47f17101d63; ref_score=0.7875; ref_rank=2; loc_level=exact_municipality_match; priority=medium; priority_reasons=top_3_with_evidence
222,西赤石山,summit-candidate:61a5956a49a7ace2,yamap_2022-10-08_06_12.gpx,東山・西赤石山・物住頭・前赤石山・東赤石山・八巻山,1631.9833333333333,1626,5.98,0.7875,3,1,0,false,true,medium,medium,high,check_close_alternatives,exact_municipality_match,新居浜市,,新居浜市,"新居浜市, 愛媛県, 日本",multiple_candidates_for_mountain|multiple_mountains_for_candidate|missing_csv_coordinate,top_3_with_evidence,small_score_gap,mountain=西赤石山(#222); candidate=summit-candidate:61a5956a49a7ace2; ref_score=0.7875; ref_rank=3; loc_level=exact_municipality_match; priority=medium; priority_reasons=top_3_with_evidence
223,物住頭,summit-candidate:61a5956a49a7ace2,yamap_2022-10-08_06_12.gpx,東山・西赤石山・物住頭・前赤石山・東赤石山・八巻山,1631.9833333333333,1635,3.02,0.7875,1,2,0,false,true,medium,high,high,resolve_conflict,exact_municipality_match,新居浜市,,新居浜市,"新居浜市, 愛媛県, 日本",multiple_candidates_for_mountain|multiple_mountains_for_candidate|missing_csv_coordinate,top_1_but_ambiguous,not_mutual_top1,mountain=物住頭(#223); candidate=summit-candidate:61a5956a49a7ace2; ref_score=0.7875; ref_rank=1; loc_level=exact_municipality_match; priority=high; priority_reasons=top_1_but_ambiguous
223,物住頭,summit-candidate:a6379cb2ebc004fb,yamap_2023-03-29_05_31.gpx,えんとつ山・生子山・犬返・種子川山・西赤石山・物住頭・上兜山・下兜山,1631.17,1635,3.83,0.7875,2,2,0.051,false,true,medium,medium,high,check_close_alternatives,exact_municipality_match,新居浜市,,新居浜市,"新居浜市, 愛媛県, 日本",multiple_candidates_for_mountain|multiple_mountains_for_candidate|missing_csv_coordinate,top_3_with_evidence,small_score_gap,mountain=物住頭(#223); candidate=summit-candidate:a6379cb2ebc004fb; ref_score=0.7875; ref_rank=2; loc_level=exact_municipality_match; priority=medium; priority_reasons=top_3_with_evidence
223,物住頭,summit-candidate:473a62086144ac33,yamap_2023-03-29_05_31.gpx,えんとつ山・生子山・犬返・種子川山・西赤石山・物住頭・上兜山・下兜山,1619.846666666667,1635,15.15,0.7365,3,2,0,false,true,medium,medium,low,low_priority,exact_municipality_match,新居浜市,,新居浜市,"新居浜市, 愛媛県, 日本",multiple_candidates_for_mountain|multiple_mountains_for_candidate|missing_csv_coordinate,top_3_with_evidence,low_priority_alternative,mountain=物住頭(#223); candidate=summit-candidate:473a62086144ac33; ref_score=0.7365; ref_rank=3; loc_level=exact_municipality_match; priority=medium; priority_reasons=top_3_with_evidence
224,上兜山,summit-candidate:339138a4e53293da,yamap_2023-03-29_05_31.gpx,えんとつ山・生子山・犬返・種子川山・西赤石山・物住頭・上兜山・下兜山,571.1733333333333,1559,987.83,0.6345,1,7,0,false,false,medium,high,high,resolve_conflict,exact_municipality_match,新居浜市,,新居浜市,"新居浜市, 愛媛県, 792-0846, 日本",multiple_candidates_for_mountain|multiple_mountains_for_candidate|weak_elevation_evidence|missing_csv_coordinate,top_1_but_ambiguous|top_candidate_for_multiple_mountains,shared_candidate|not_mutual_top1,"mountain=上兜山(#224); candidate=summit-candidate:339138a4e53293da; ref_score=0.6345; ref_rank=1; loc_level=exact_municipality_match; priority=high; priority_reasons=top_1_but_ambiguous,top_candidate_for_multiple_mountains"
224,上兜山,summit-candidate:4311f3ae9948ea08,yamap_2023-03-29_05_31.gpx,えんとつ山・生子山・犬返・種子川山・西赤石山・物住頭・上兜山・下兜山,1239.3733333333334,1559,319.63,0.6345,2,8,0,false,false,medium,medium,high,check_close_alternatives,exact_municipality_match,新居浜市,,新居浜市,"新居浜市, 愛媛県, 日本",multiple_candidates_for_mountain|multiple_mountains_for_candidate|weak_elevation_evidence|missing_csv_coordinate,top_3_with_evidence,small_score_gap,mountain=上兜山(#224); candidate=summit-candidate:4311f3ae9948ea08; ref_score=0.6345; ref_rank=2; loc_level=exact_municipality_match; priority=medium; priority_reasons=top_3_with_evidence
224,上兜山,summit-candidate:473a62086144ac33,yamap_2023-03-29_05_31.gpx,えんとつ山・生子山・犬返・種子川山・西赤石山・物住頭・上兜山・下兜山,1619.846666666667,1559,60.85,0.6345,3,7,0,false,false,medium,medium,high,check_close_alternatives,exact_municipality_match,新居浜市,,新居浜市,"新居浜市, 愛媛県, 日本",multiple_candidates_for_mountain|multiple_mountains_for_candidate|weak_elevation_evidence|missing_csv_coordinate,top_3_with_evidence,small_score_gap,mountain=上兜山(#224); candidate=summit-candidate:473a62086144ac33; ref_score=0.6345; ref_rank=3; loc_level=exact_municipality_match; priority=medium; priority_reasons=top_3_with_evidence
225,下兜山,summit-candidate:4311f3ae9948ea08,yamap_2023-03-29_05_31.gpx,えんとつ山・生子山・犬返・種子川山・西赤石山・物住頭・上兜山・下兜山,1239.3733333333334,1234,5.37,0.7875,1,1,0.153,true,true,medium,high,medium,accept_candidate_after_map_check,exact_municipality_match,新居浜市,,新居浜市,"新居浜市, 愛媛県, 日本",multiple_candidates_for_mountain|multiple_mountains_for_candidate|missing_csv_coordinate,top_1_but_ambiguous,clear_mutual_top1,mountain=下兜山(#225); candidate=summit-candidate:4311f3ae9948ea08; ref_score=0.7875; ref_rank=1; loc_level=exact_municipality_match; priority=high; priority_reasons=top_1_but_ambiguous
225,下兜山,summit-candidate:339138a4e53293da,yamap_2023-03-29_05_31.gpx,えんとつ山・生子山・犬返・種子川山・西赤石山・物住頭・上兜山・下兜山,571.1733333333333,1234,662.83,0.6345,2,8,0,false,false,medium,high,high,resolve_conflict,exact_municipality_match,新居浜市,,新居浜市,"新居浜市, 愛媛県, 792-0846, 日本",multiple_candidates_for_mountain|multiple_mountains_for_candidate|weak_elevation_evidence|missing_csv_coordinate,top_candidate_for_multiple_mountains,shared_candidate,mountain=下兜山(#225); candidate=summit-candidate:339138a4e53293da; ref_score=0.6345; ref_rank=2; loc_level=exact_municipality_match; priority=high; priority_reasons=top_candidate_for_multiple_mountains
225,下兜山,summit-candidate:473a62086144ac33,yamap_2023-03-29_05_31.gpx,えんとつ山・生子山・犬返・種子川山・西赤石山・物住頭・上兜山・下兜山,1619.846666666667,1234,385.85,0.6345,3,8,0,false,false,medium,medium,low,low_priority,exact_municipality_match,新居浜市,,新居浜市,"新居浜市, 愛媛県, 日本",multiple_candidates_for_mountain|multiple_mountains_for_candidate|weak_elevation_evidence|missing_csv_coordinate,top_3_with_evidence,low_priority_alternative,mountain=下兜山(#225); candidate=summit-candidate:473a62086144ac33; ref_score=0.6345; ref_rank=3; loc_level=exact_municipality_match; priority=medium; priority_reasons=top_3_with_evidence
226,黒森山,summit-candidate:924ccfedeb6c2d2c,yamap_2023-04-04_12_51.gpx,黒森山,1151.5666666666666,1154,2.43,0.608,1,1,0.153,true,true,medium,high,high,check_location_warning,boundary_tolerated_mismatch,松山市,,,"久万高原町, 上浮穴郡, 愛媛県, 日本",multiple_candidates_for_mountain|multiple_mountains_for_candidate|missing_csv_coordinate|location_mismatch_warning,top_1_but_ambiguous|strong_evidence_with_mismatch,location_mismatch_warning,"mountain=黒森山(#226); candidate=summit-candidate:924ccfedeb6c2d2c; ref_score=0.608; ref_rank=1; loc_level=boundary_tolerated_mismatch; priority=high; priority_reasons=top_1_but_ambiguous,strong_evidence_with_mismatch"
226,黒森山,summit-candidate:40e090ce41a89b55,yamap_2024-06-08_08_42.gpx,沓掛山・黒森山,1690.4033333333334,1154,536.4,0.455,2,4,0,false,false,low,high,high,resolve_conflict,boundary_tolerated_mismatch,松山市,,,"西条市, 愛媛県, 日本",multiple_candidates_for_mountain|multiple_mountains_for_candidate|weak_elevation_evidence|missing_csv_coordinate|location_mismatch_warning,strong_evidence_with_mismatch|top_candidate_for_multiple_mountains,shared_candidate,"mountain=黒森山(#226); candidate=summit-candidate:40e090ce41a89b55; ref_score=0.455; ref_rank=2; loc_level=boundary_tolerated_mismatch; priority=high; priority_reasons=strong_evidence_with_mismatch,top_candidate_for_multiple_mountains"
226,黒森山,summit-candidate:dd7a40896ae9f6d4,yamap_2024-06-08_08_42.gpx,沓掛山・黒森山,1666.7,1154,512.7,0.455,3,5,0.1445,false,false,low,high,high,check_location_warning,boundary_tolerated_mismatch,松山市,,,"西条市, 愛媛県, 日本",multiple_candidates_for_mountain|multiple_mountains_for_candidate|weak_elevation_evidence|missing_csv_coordinate|location_mismatch_warning,strong_evidence_with_mismatch,location_mismatch_warning,mountain=黒森山(#226); candidate=summit-candidate:dd7a40896ae9f6d4; ref_score=0.455; ref_rank=3; loc_level=boundary_tolerated_mismatch; priority=high; priority_reasons=strong_evidence_with_mismatch
227,菊ヶ森,summit-candidate:2a670286f545beb2,yamap_2023-04-09_09_08.gpx,菊ヶ森・餓鬼ヶ森,910.6433333333334,914,3.36,0.7875,1,1,0.102,true,true,medium,high,high,resolve_conflict,exact_municipality_match,久万高原町,,久万高原町,"久万高原町, 上浮穴郡, 愛媛県, 791-1212, 日本",multiple_candidates_for_mountain|multiple_mountains_for_candidate|missing_csv_coordinate,top_1_but_ambiguous|top_candidate_for_multiple_mountains,shared_candidate,"mountain=菊ヶ森(#227); candidate=summit-candidate:2a670286f545beb2; ref_score=0.7875; ref_rank=1; loc_level=exact_municipality_match; priority=high; priority_reasons=top_1_but_ambiguous,top_candidate_for_multiple_mountains"
227,菊ヶ森,summit-candidate:be07cff01023e072,yamap_2023-04-09_09_08.gpx,菊ヶ森・餓鬼ヶ森,950.8066666666667,914,36.81,0.6855,2,2,0.051,false,true,medium,medium,low,low_priority,exact_municipality_match,久万高原町,,久万高原町,"久万高原町, 上浮穴郡, 愛媛県, 791-1203, 日本",multiple_candidates_for_mountain|multiple_mountains_for_candidate|missing_csv_coordinate,top_3_with_evidence,low_priority_alternative,mountain=菊ヶ森(#227); candidate=summit-candidate:be07cff01023e072; ref_score=0.6855; ref_rank=2; loc_level=exact_municipality_match; priority=medium; priority_reasons=top_3_with_evidence
227,菊ヶ森,summit-candidate:4ffd2320af7e6acc,yamap_2023-04-09_09_08.gpx,菊ヶ森・餓鬼ヶ森,845.2599999999999,914,68.74,0.6345,3,1,0.1795,false,true,medium,medium,low,low_priority,exact_municipality_match,久万高原町,,久万高原町,"久万高原町, 上浮穴郡, 愛媛県, 791-1203, 日本",multiple_candidates_for_mountain|multiple_mountains_for_candidate|weak_elevation_evidence|missing_csv_coordinate,top_3_with_evidence,low_priority_alternative,mountain=菊ヶ森(#227); candidate=summit-candidate:4ffd2320af7e6acc; ref_score=0.6345; ref_rank=3; loc_level=exact_municipality_match; priority=medium; priority_reasons=top_3_with_evidence
228,餓鬼ヶ森,summit-candidate:be07cff01023e072,yamap_2023-04-09_09_08.gpx,菊ヶ森・餓鬼ヶ森,950.8066666666667,954,3.19,0.7875,1,1,0.102,true,true,medium,high,medium,accept_candidate_after_map_check,exact_municipality_match,久万高原町,,久万高原町,"久万高原町, 上浮穴郡, 愛媛県, 791-1203, 日本",multiple_candidates_for_mountain|multiple_mountains_for_candidate|missing_csv_coordinate,top_1_but_ambiguous,clear_mutual_top1,mountain=餓鬼ヶ森(#228); candidate=summit-candidate:be07cff01023e072; ref_score=0.7875; ref_rank=1; loc_level=exact_municipality_match; priority=high; priority_reasons=top_1_but_ambiguous
228,餓鬼ヶ森,summit-candidate:2a670286f545beb2,yamap_2023-04-09_09_08.gpx,菊ヶ森・餓鬼ヶ森,910.6433333333334,954,43.36,0.6855,2,2,0.051,false,true,medium,high,high,resolve_conflict,exact_municipality_match,久万高原町,,久万高原町,"久万高原町, 上浮穴郡, 愛媛県, 791-1212, 日本",multiple_candidates_for_mountain|multiple_mountains_for_candidate|missing_csv_coordinate,top_candidate_for_multiple_mountains,shared_candidate,mountain=餓鬼ヶ森(#228); candidate=summit-candidate:2a670286f545beb2; ref_score=0.6855; ref_rank=2; loc_level=exact_municipality_match; priority=high; priority_reasons=top_candidate_for_multiple_mountains
228,餓鬼ヶ森,summit-candidate:4ffd2320af7e6acc,yamap_2023-04-09_09_08.gpx,菊ヶ森・餓鬼ヶ森,845.2599999999999,954,108.74,0.6345,3,2,0.1955,false,true,medium,medium,low,low_priority,exact_municipality_match,久万高原町,,久万高原町,"久万高原町, 上浮穴郡, 愛媛県, 791-1203, 日本",multiple_candidates_for_mountain|multiple_mountains_for_candidate|weak_elevation_evidence|missing_csv_coordinate,top_3_with_evidence,low_priority_alternative,mountain=餓鬼ヶ森(#228); candidate=summit-candidate:4ffd2320af7e6acc; ref_score=0.6345; ref_rank=3; loc_level=exact_municipality_match; priority=medium; priority_reasons=top_3_with_evidence
229,船野山,summit-candidate:7880c9d0de83468b,yamap_2023-04-18_06_58.gpx,船野山,452.99666666666667,412,41,0.6855,1,1,0.2305,true,true,medium,high,medium,accept_candidate_after_map_check,exact_municipality_match,東温市,,東温市,"東温市, 愛媛県, 日本",multiple_candidates_for_mountain|multiple_mountains_for_candidate|missing_csv_coordinate|activity_link_ambiguous,top_1_but_ambiguous,clear_mutual_top1,mountain=船野山(#229); candidate=summit-candidate:7880c9d0de83468b; ref_score=0.6855; ref_rank=1; loc_level=exact_municipality_match; priority=high; priority_reasons=top_1_but_ambiguous
229,船野山,summit-candidate:9669b668bebfc145,yamap_2023-04-18_10_53.gpx,黒滝山・木久ヶ森,811.0092135228584,412,399.01,0.455,2,4,0.016,false,false,low,high,high,resolve_conflict,boundary_tolerated_mismatch,東温市,,,"黒滝神社, 寺尾重信線, 丹原町関屋, 西条市, 愛媛県, 791-0524, 日本",multiple_candidates_for_mountain|multiple_mountains_for_candidate|weak_elevation_evidence|missing_csv_coordinate|location_mismatch_warning|activity_link_ambiguous,strong_evidence_with_mismatch|top_candidate_for_multiple_mountains,shared_candidate,"mountain=船野山(#229); candidate=summit-candidate:9669b668bebfc145; ref_score=0.455; ref_rank=2; loc_level=boundary_tolerated_mismatch; priority=high; priority_reasons=strong_evidence_with_mismatch,top_candidate_for_multiple_mountains"
229,船野山,summit-candidate:54cf4155ab259d9d,yamap_2022-02-26_07_43.gpx,御岳山,430.59999999999997,412,18.6,0.439,3,4,0.1285,false,false,low,high,high,resolve_conflict,exact_municipality_match,東温市,,東温市,"下林, 東温市, 愛媛県, 日本",multiple_candidates_for_mountain|multiple_mountains_for_candidate|weak_name_evidence|missing_csv_coordinate|activity_link_ambiguous,top_candidate_for_multiple_mountains,shared_candidate,mountain=船野山(#229); candidate=summit-candidate:54cf4155ab259d9d; ref_score=0.439; ref_rank=3; loc_level=exact_municipality_match; priority=high; priority_reasons=top_candidate_for_multiple_mountains
230,木久ヶ森,summit-candidate:9669b668bebfc145,yamap_2023-04-18_10_53.gpx,黒滝山・木久ヶ森,811.0092135228584,752,59.01,0.6345,1,2,0.1795,false,true,medium,high,high,resolve_conflict,exact_municipality_match,西条市,,西条市,"黒滝神社, 寺尾重信線, 丹原町関屋, 西条市, 愛媛県, 791-0524, 日本",multiple_candidates_for_mountain|multiple_mountains_for_candidate|weak_elevation_evidence|missing_csv_coordinate|activity_link_ambiguous,top_1_but_ambiguous|top_candidate_for_multiple_mountains,shared_candidate|not_mutual_top1,"mountain=木久ヶ森(#230); candidate=summit-candidate:9669b668bebfc145; ref_score=0.6345; ref_rank=1; loc_level=exact_municipality_match; priority=high; priority_reasons=top_1_but_ambiguous,top_candidate_for_multiple_mountains"
230,木久ヶ森,summit-candidate:7880c9d0de83468b,yamap_2023-04-18_06_58.gpx,船野山,452.99666666666667,752,299,0.455,2,2,0.143,false,true,low,high,high,check_location_warning,boundary_tolerated_mismatch,西条市,,,"東温市, 愛媛県, 日本",multiple_candidates_for_mountain|multiple_mountains_for_candidate|weak_elevation_evidence|missing_csv_coordinate|location_mismatch_warning|activity_link_ambiguous,strong_evidence_with_mismatch,location_mismatch_warning,mountain=木久ヶ森(#230); candidate=summit-candidate:7880c9d0de83468b; ref_score=0.455; ref_rank=2; loc_level=boundary_tolerated_mismatch; priority=high; priority_reasons=strong_evidence_with_mismatch
230,木久ヶ森,summit-candidate:c9156b7eea77a1b0,yamap_2024-07-28_15_53.gpx,岩屋山,769.7933333333334,752,17.79,0.312,3,2,0.0015,false,true,none,medium,low,low_priority,local_text_match,西条市,,西条,"岩屋寺 奥の院 白山行場, 西条久万線, 久万高原町, 上浮穴郡, 愛媛県, 791-1512, 日本",multiple_candidates_for_mountain|multiple_mountains_for_candidate|weak_name_evidence|missing_csv_coordinate|location_mismatch_warning|timezone_sensitive_activity_link,top_3_with_evidence,low_priority_alternative,mountain=木久ヶ森(#230); candidate=summit-candidate:c9156b7eea77a1b0; ref_score=0.312; ref_rank=3; loc_level=local_text_match; priority=medium; priority_reasons=top_3_with_evidence
231,黒滝山,summit-candidate:9669b668bebfc145,yamap_2023-04-18_10_53.gpx,黒滝山・木久ヶ森,811.0092135228584,809,2.01,0.7875,1,1,0.3325,true,true,medium,high,high,resolve_conflict,exact_municipality_match,西条市,,西条市,"黒滝神社, 寺尾重信線, 丹原町関屋, 西条市, 愛媛県, 791-0524, 日本",multiple_candidates_for_mountain|multiple_mountains_for_candidate|missing_csv_coordinate|activity_link_ambiguous,top_1_but_ambiguous|top_candidate_for_multiple_mountains,shared_candidate,"mountain=黒滝山(#231); candidate=summit-candidate:9669b668bebfc145; ref_score=0.7875; ref_rank=1; loc_level=exact_municipality_match; priority=high; priority_reasons=top_1_but_ambiguous,top_candidate_for_multiple_mountains"
231,黒滝山,summit-candidate:7880c9d0de83468b,yamap_2023-04-18_06_58.gpx,船野山,452.99666666666667,809,356,0.455,2,3,0.1445,false,true,low,high,high,check_location_warning,boundary_tolerated_mismatch,西条市,,,"東温市, 愛媛県, 日本",multiple_candidates_for_mountain|multiple_mountains_for_candidate|weak_elevation_evidence|missing_csv_coordinate|location_mismatch_warning|activity_link_ambiguous,strong_evidence_with_mismatch,location_mismatch_warning,mountain=黒滝山(#231); candidate=summit-candidate:7880c9d0de83468b; ref_score=0.455; ref_rank=2; loc_level=boundary_tolerated_mismatch; priority=high; priority_reasons=strong_evidence_with_mismatch
231,黒滝山,summit-candidate:b997b8fd6709731d,yamap_2023-11-19_06_46.gpx,瀬戸黒森・三森・羽子山・観音森,806.4699999999999,809,2.53,0.3105,3,11,0,false,false,low,high,high,check_location_warning,boundary_tolerated_mismatch,西条市,,,"山出林道, 愛南町, 南宇和郡, 愛媛県, 日本",multiple_candidates_for_mountain|multiple_mountains_for_candidate|weak_name_evidence|missing_csv_coordinate|location_mismatch_warning,strong_evidence_with_mismatch,location_mismatch_warning,mountain=黒滝山(#231); candidate=summit-candidate:b997b8fd6709731d; ref_score=0.3105; ref_rank=3; loc_level=boundary_tolerated_mismatch; priority=high; priority_reasons=strong_evidence_with_mismatch
232,奥之城山,summit-candidate:ea33d870d4700a56,yamap_2022-03-03_10_47.gpx,奥之城山・ヌタノサコ,414.2866666666667,420,5.71,0.7875,1,1,0.102,true,true,medium,high,medium,accept_candidate_after_map_check,exact_municipality_match,松山市,,松山市,"末町, 松山市, 愛媛県, 790-2648, 日本",multiple_candidates_for_mountain|multiple_mountains_for_candidate|missing_csv_coordinate,top_1_but_ambiguous,clear_mutual_top1,mountain=奥之城山(#232); candidate=summit-candidate:ea33d870d4700a56; ref_score=0.7875; ref_rank=1; loc_level=exact_municipality_match; priority=high; priority_reasons=top_1_but_ambiguous
232,奥之城山,summit-candidate:0ec3be2fa2295b82,yamap_2022-03-03_10_47.gpx,奥之城山・ヌタノサコ,388.2833333333333,420,31.72,0.6855,2,1,0.051,false,true,medium,medium,low,low_priority,exact_municipality_match,松山市,,松山市,"末町, 松山市, 愛媛県, 790-2648, 日本",multiple_candidates_for_mountain|multiple_mountains_for_candidate|missing_csv_coordinate,top_3_with_evidence,low_priority_alternative,mountain=奥之城山(#232); candidate=summit-candidate:0ec3be2fa2295b82; ref_score=0.6855; ref_rank=2; loc_level=exact_municipality_match; priority=medium; priority_reasons=top_3_with_evidence
232,奥之城山,summit-candidate:7d7066baad9d7077,yamap_2022-03-03_10_47.gpx,奥之城山・ヌタノサコ,505.77666666666664,420,85.78,0.6345,3,2,0.1445,false,true,medium,high,high,resolve_conflict,exact_municipality_match,松山市,,松山市,"湯山柳, 松山市, 愛媛県, 790-2648, 日本",multiple_candidates_for_mountain|multiple_mountains_for_candidate|weak_elevation_evidence|missing_csv_coordinate,top_candidate_for_multiple_mountains,shared_candidate,mountain=奥之城山(#232); candidate=summit-candidate:7d7066baad9d7077; ref_score=0.6345; ref_rank=3; loc_level=exact_municipality_match; priority=high; priority_reasons=top_candidate_for_multiple_mountains
233,天狗岳,summit-candidate:3b98b67bbe0fe0f9,yamap_2022-05-22_08_09.gpx,石鎚山・天狗岳・南尖峰,1979.1701508543217,1982,2.83,0.608,1,2,0.3485,false,true,medium,high,high,resolve_conflict,boundary_tolerated_mismatch,久万高原町,,,"石鎚神社, 三の鎖, 西条市, 愛媛県, 日本",multiple_candidates_for_mountain|multiple_mountains_for_candidate|missing_csv_coordinate|location_mismatch_warning|activity_link_ambiguous,top_1_but_ambiguous|strong_evidence_with_mismatch|top_candidate_for_multiple_mountains,shared_candidate|not_mutual_top1,"mountain=天狗岳(#233); candidate=summit-candidate:3b98b67bbe0fe0f9; ref_score=0.608; ref_rank=1; loc_level=boundary_tolerated_mismatch; priority=high; priority_reasons=top_1_but_ambiguous,strong_evidence_with_mismatch,top_candidate_for_multiple_mountains"
233,天狗岳,summit-candidate:19713e48698f3e2a,yamap_2025-09-07_08_00.gpx,鶴ノ子ノ頭・石鎚山,1967.0036586656968,1982,15,0.2595,2,4,0,false,false,none,high,low,low_priority,boundary_tolerated_mismatch,久万高原町,,,"石鎚神社, 三の鎖, 西条市, 愛媛県, 日本",multiple_candidates_for_mountain|multiple_mountains_for_candidate|weak_name_evidence|missing_csv_coordinate|location_mismatch_warning,strong_evidence_with_mismatch,low_priority_alternative,mountain=天狗岳(#233); candidate=summit-candidate:19713e48698f3e2a; ref_score=0.2595; ref_rank=2; loc_level=boundary_tolerated_mismatch; priority=high; priority_reasons=strong_evidence_with_mismatch
233,天狗岳,summit-candidate:88555c5557efeb46,yamap_2022-09-24_08_33.gpx,石鎚山,1967.3733333333332,1982,14.63,0.2595,3,3,,false,true,none,high,low,low_priority,boundary_tolerated_mismatch,久万高原町,,,"石鎚神社, 三の鎖, 西条市, 愛媛県, 日本",multiple_candidates_for_mountain|multiple_mountains_for_candidate|weak_name_evidence|missing_csv_coordinate|location_mismatch_warning,strong_evidence_with_mismatch,low_priority_alternative,mountain=天狗岳(#233); candidate=summit-candidate:88555c5557efeb46; ref_score=0.2595; ref_rank=3; loc_level=boundary_tolerated_mismatch; priority=high; priority_reasons=strong_evidence_with_mismatch
234,石鎚山,summit-candidate:65906dbbd6e5b747,yamap_2025-09-07_08_00.gpx,鶴ノ子ノ頭・石鎚山,1647.683322091346,1972,324.32,0.6345,1,2,0.0265,false,true,medium,high,high,resolve_conflict,exact_municipality_match,久万高原町,,久万高原町,"久万高原町, 上浮穴郡, 愛媛県, 日本",multiple_candidates_for_mountain|multiple_mountains_for_candidate|weak_elevation_evidence|missing_csv_coordinate,top_1_but_ambiguous|top_candidate_for_multiple_mountains,shared_candidate|not_mutual_top1,"mountain=石鎚山(#234); candidate=summit-candidate:65906dbbd6e5b747; ref_score=0.6345; ref_rank=1; loc_level=exact_municipality_match; priority=high; priority_reasons=top_1_but_ambiguous,top_candidate_for_multiple_mountains"
234,石鎚山,summit-candidate:19713e48698f3e2a,yamap_2025-09-07_08_00.gpx,鶴ノ子ノ頭・石鎚山,1967.0036586656968,1972,5,0.608,2,1,0,false,true,medium,high,high,check_close_alternatives,boundary_tolerated_mismatch,久万高原町,,,"石鎚神社, 三の鎖, 西条市, 愛媛県, 日本",multiple_candidates_for_mountain|multiple_mountains_for_candidate|missing_csv_coordinate|location_mismatch_warning,strong_evidence_with_mismatch,small_score_gap,mountain=石鎚山(#234); candidate=summit-candidate:19713e48698f3e2a; ref_score=0.608; ref_rank=2; loc_level=boundary_tolerated_mismatch; priority=high; priority_reasons=strong_evidence_with_mismatch
234,石鎚山,summit-candidate:3b98b67bbe0fe0f9,yamap_2022-05-22_08_09.gpx,石鎚山・天狗岳・南尖峰,1979.1701508543217,1972,7.17,0.608,3,3,0,false,true,medium,high,high,resolve_conflict,boundary_tolerated_mismatch,久万高原町,,,"石鎚神社, 三の鎖, 西条市, 愛媛県, 日本",multiple_candidates_for_mountain|multiple_mountains_for_candidate|missing_csv_coordinate|location_mismatch_warning|activity_link_ambiguous,strong_evidence_with_mismatch|top_candidate_for_multiple_mountains,shared_candidate,"mountain=石鎚山(#234); candidate=summit-candidate:3b98b67bbe0fe0f9; ref_score=0.608; ref_rank=3; loc_level=boundary_tolerated_mismatch; priority=high; priority_reasons=strong_evidence_with_mismatch,top_candidate_for_multiple_mountains"
235,善神山,summit-candidate:367897a1c7a2d287,yamap_2023-05-27_09_55.gpx,前善神山・善神山,1089.5833333333333,1094,4.42,0.7875,1,1,0.3485,true,true,medium,high,high,resolve_conflict,exact_municipality_match,東温市,,東温市,"井内, 東温市, 愛媛県, 日本",multiple_candidates_for_mountain|multiple_mountains_for_candidate|missing_csv_coordinate,top_1_but_ambiguous|top_candidate_for_multiple_mountains,shared_candidate,"mountain=善神山(#235); candidate=summit-candidate:367897a1c7a2d287; ref_score=0.7875; ref_rank=1; loc_level=exact_municipality_match; priority=high; priority_reasons=top_1_but_ambiguous,top_candidate_for_multiple_mountains"
235,善神山,summit-candidate:4b33f9c73e644793,yamap_2022-05-15_06_10.gpx,割石東山・青滝山・堂ヶ森,1076.4162189328617,1094,17.58,0.439,2,8,0.1285,false,false,low,medium,low,low_priority,exact_municipality_match,東温市,,東温市,"国道494号, 久万高原町, 上浮穴郡, 愛媛県, 日本",multiple_candidates_for_mountain|multiple_mountains_for_candidate|weak_name_evidence|missing_csv_coordinate|activity_link_ambiguous,top_3_with_evidence,low_priority_alternative,mountain=善神山(#235); candidate=summit-candidate:4b33f9c73e644793; ref_score=0.439; ref_rank=2; loc_level=exact_municipality_match; priority=medium; priority_reasons=top_3_with_evidence
235,善神山,summit-candidate:40068653b28bad40,yamap_2022-04-08_09_33.gpx,鬼ヶ城山・大久保山・八面山・三本杭・横ノ森・小屋ヶ森・毛山,1090.3964691990484,1094,3.6,0.3105,3,16,0,false,false,low,high,high,check_location_warning,boundary_tolerated_mismatch,東温市,,,"野川, 宇和島市, 愛媛県, 798-8601, 日本",multiple_candidates_for_mountain|multiple_mountains_for_candidate|weak_name_evidence|missing_csv_coordinate|location_mismatch_warning,strong_evidence_with_mismatch,location_mismatch_warning,mountain=善神山(#235); candidate=summit-candidate:40068653b28bad40; ref_score=0.3105; ref_rank=3; loc_level=boundary_tolerated_mismatch; priority=high; priority_reasons=strong_evidence_with_mismatch
236,前善神山,summit-candidate:367897a1c7a2d287,yamap_2023-05-27_09_55.gpx,前善神山・善神山,1089.5833333333333,1070,19.58,0.7365,1,2,0.2465,false,true,medium,high,high,resolve_conflict,exact_municipality_match,東温市,,東温市,"井内, 東温市, 愛媛県, 日本",multiple_candidates_for_mountain|multiple_mountains_for_candidate|missing_csv_coordinate,top_1_but_ambiguous|top_candidate_for_multiple_mountains,shared_candidate|not_mutual_top1,"mountain=前善神山(#236); candidate=summit-candidate:367897a1c7a2d287; ref_score=0.7365; ref_rank=1; loc_level=exact_municipality_match; priority=high; priority_reasons=top_1_but_ambiguous,top_candidate_for_multiple_mountains"
236,前善神山,summit-candidate:4b33f9c73e644793,yamap_2022-05-15_06_10.gpx,割石東山・青滝山・堂ヶ森,1076.4162189328617,1070,6.42,0.49,2,4,0.051,false,false,low,medium,low,low_priority,exact_municipality_match,東温市,,東温市,"国道494号, 久万高原町, 上浮穴郡, 愛媛県, 日本",multiple_candidates_for_mountain|multiple_mountains_for_candidate|weak_name_evidence|missing_csv_coordinate|activity_link_ambiguous,top_3_with_evidence,low_priority_alternative,mountain=前善神山(#236); candidate=summit-candidate:4b33f9c73e644793; ref_score=0.49; ref_rank=2; loc_level=exact_municipality_match; priority=medium; priority_reasons=top_3_with_evidence
236,前善神山,summit-candidate:446b5fe1e7a8b2fd,yamap_2023-03-11_06_08.gpx,福見山・明神ヶ森・南三方ヶ森・魚谷森・左谷ノ森,1048.2366666666665,1070,21.76,0.439,3,7,0,false,false,low,medium,low,low_priority,exact_municipality_match,東温市,,東温市,"東温市, 愛媛県, 日本",multiple_candidates_for_mountain|multiple_mountains_for_candidate|weak_name_evidence|missing_csv_coordinate,top_3_with_evidence,low_priority_alternative,mountain=前善神山(#236); candidate=summit-candidate:446b5fe1e7a8b2fd; ref_score=0.439; ref_rank=3; loc_level=exact_municipality_match; priority=medium; priority_reasons=top_3_with_evidence
237,五葉が森,summit-candidate:9488d92d9ea95406,yamap_2023-06-11_11_57.gpx,五葉が森,837.212880782981,841,3.79,0.7875,1,1,0.153,true,true,medium,high,medium,accept_candidate_after_map_check,exact_municipality_match,今治市,,今治市,"今治市, 愛媛県, 794-8511, 日本",multiple_candidates_for_mountain|multiple_mountains_for_candidate|missing_csv_coordinate,top_1_but_ambiguous,clear_mutual_top1,mountain=五葉が森(#237); candidate=summit-candidate:9488d92d9ea95406; ref_score=0.7875; ref_rank=1; loc_level=exact_municipality_match; priority=high; priority_reasons=top_1_but_ambiguous
237,五葉が森,summit-candidate:1d3eb619bd125bfd,yamap_2023-06-11_11_57.gpx,五葉が森,778.4133333333334,841,62.59,0.6345,2,1,0.324,false,true,medium,medium,low,low_priority,exact_municipality_match,今治市,,今治市,"玉川町木地, 今治市, 愛媛県, 794-8511, 日本",multiple_candidates_for_mountain|multiple_mountains_for_candidate|weak_elevation_evidence|missing_csv_coordinate,top_3_with_evidence,low_priority_alternative,mountain=五葉が森(#237); candidate=summit-candidate:1d3eb619bd125bfd; ref_score=0.6345; ref_rank=2; loc_level=exact_municipality_match; priority=medium; priority_reasons=top_3_with_evidence
237,五葉が森,summit-candidate:0dea5d073885dc9d,yamap_2024-10-05_06_40.gpx,銅山峰・西山・三の森・二の森・一の森,831.0900000000001,841,9.91,0.3105,3,9,0,false,false,low,high,high,check_location_warning,boundary_tolerated_mismatch,今治市,,,"市道河又東平線, 新居浜市, 愛媛県, 792-0847, 日本",multiple_candidates_for_mountain|multiple_mountains_for_candidate|weak_name_evidence|missing_csv_coordinate|location_mismatch_warning,strong_evidence_with_mismatch,location_mismatch_warning,mountain=五葉が森(#237); candidate=summit-candidate:0dea5d073885dc9d; ref_score=0.3105; ref_rank=3; loc_level=boundary_tolerated_mismatch; priority=high; priority_reasons=strong_evidence_with_mismatch
238,冠岳,summit-candidate:b73a23fa4b3abc39,yamap_2023-09-06_13_30.gpx,冠岳,1375.6266666666668,1380,4.37,0.7875,1,1,0.2975,true,true,medium,high,high,resolve_conflict,exact_municipality_match,久万高原町,,久万高原町,"石鎚スカイライン, 久万高原町, 上浮穴郡, 愛媛県, 日本",multiple_candidates_for_mountain|multiple_mountains_for_candidate|missing_csv_coordinate,top_1_but_ambiguous|top_candidate_for_multiple_mountains,shared_candidate,"mountain=冠岳(#238); candidate=summit-candidate:b73a23fa4b3abc39; ref_score=0.7875; ref_rank=1; loc_level=exact_municipality_match; priority=high; priority_reasons=top_1_but_ambiguous,top_candidate_for_multiple_mountains"
238,冠岳,summit-candidate:95a8fa74fd4af7b0,yamap_2024-04-28_07_11.gpx,狼ヶ城山,1376.7700000000002,1380,3.23,0.49,2,4,0.035,false,false,low,high,high,resolve_conflict,exact_municipality_match,久万高原町,,久万高原町,"狼ヶ城林道, 久万高原町, 上浮穴郡, 愛媛県, 日本",multiple_candidates_for_mountain|multiple_mountains_for_candidate|weak_name_evidence|missing_csv_coordinate|activity_link_ambiguous,top_candidate_for_multiple_mountains,shared_candidate,mountain=冠岳(#238); candidate=summit-candidate:95a8fa74fd4af7b0; ref_score=0.49; ref_rank=2; loc_level=exact_municipality_match; priority=high; priority_reasons=top_candidate_for_multiple_mountains
238,冠岳,summit-candidate:846b096132c533d6,yamap_2022-07-02_07_43.gpx,石鎚山・西ノ冠岳・面河の頭・二ノ森・鞍瀬ノ頭,1879.8966666666665,1380,499.9,0.455,3,6,0,false,false,low,high,high,resolve_conflict,boundary_tolerated_mismatch,久万高原町,,,"西条市, 愛媛県, 日本",multiple_candidates_for_mountain|multiple_mountains_for_candidate|weak_elevation_evidence|missing_csv_coordinate|location_mismatch_warning,strong_evidence_with_mismatch|top_candidate_for_multiple_mountains,shared_candidate,"mountain=冠岳(#238); candidate=summit-candidate:846b096132c533d6; ref_score=0.455; ref_rank=3; loc_level=boundary_tolerated_mismatch; priority=high; priority_reasons=strong_evidence_with_mismatch,top_candidate_for_multiple_mountains"
239,東赤石山,summit-candidate:2b7cce23b57844a5,yamap_2022-10-08_06_12.gpx,東山・西赤石山・物住頭・前赤石山・東赤石山・八巻山,1699.1266666666668,1710,10.87,0.7365,1,3,0.102,false,true,medium,high,high,resolve_conflict,exact_municipality_match,新居浜市,,新居浜市,"新居浜市, 愛媛県, 日本",multiple_candidates_for_mountain|multiple_mountains_for_candidate|missing_csv_coordinate,top_1_but_ambiguous|top_candidate_for_multiple_mountains,shared_candidate|not_mutual_top1,"mountain=東赤石山(#239); candidate=summit-candidate:2b7cce23b57844a5; ref_score=0.7365; ref_rank=1; loc_level=exact_municipality_match; priority=high; priority_reasons=top_1_but_ambiguous,top_candidate_for_multiple_mountains"
239,東赤石山,summit-candidate:5104c47f17101d63,yamap_2022-10-08_06_12.gpx,東山・西赤石山・物住頭・前赤石山・東赤石山・八巻山,1621.9866666666667,1710,88.01,0.6345,2,5,0,false,false,medium,medium,low,low_priority,exact_municipality_match,新居浜市,,新居浜市,"新居浜市, 愛媛県, 日本",multiple_candidates_for_mountain|multiple_mountains_for_candidate|weak_elevation_evidence|missing_csv_coordinate,top_3_with_evidence,low_priority_alternative,mountain=東赤石山(#239); candidate=summit-candidate:5104c47f17101d63; ref_score=0.6345; ref_rank=2; loc_level=exact_municipality_match; priority=medium; priority_reasons=top_3_with_evidence
239,東赤石山,summit-candidate:61a5956a49a7ace2,yamap_2022-10-08_06_12.gpx,東山・西赤石山・物住頭・前赤石山・東赤石山・八巻山,1631.9833333333333,1710,78.02,0.6345,3,5,0,false,false,medium,medium,low,low_priority,exact_municipality_match,新居浜市,,新居浜市,"新居浜市, 愛媛県, 日本",multiple_candidates_for_mountain|multiple_mountains_for_candidate|weak_elevation_evidence|missing_csv_coordinate,top_3_with_evidence,low_priority_alternative,mountain=東赤石山(#239); candidate=summit-candidate:61a5956a49a7ace2; ref_score=0.6345; ref_rank=3; loc_level=exact_municipality_match; priority=medium; priority_reasons=top_3_with_evidence
240,八巻山,summit-candidate:2b7cce23b57844a5,yamap_2022-10-08_06_12.gpx,東山・西赤石山・物住頭・前赤石山・東赤石山・八巻山,1699.1266666666668,1698,1.13,0.7875,1,1,0.102,true,true,medium,high,high,resolve_conflict,exact_municipality_match,新居浜市,,新居浜市,"新居浜市, 愛媛県, 日本",multiple_candidates_for_mountain|multiple_mountains_for_candidate|missing_csv_coordinate,top_1_but_ambiguous|top_candidate_for_multiple_mountains,shared_candidate,"mountain=八巻山(#240); candidate=summit-candidate:2b7cce23b57844a5; ref_score=0.7875; ref_rank=1; loc_level=exact_municipality_match; priority=high; priority_reasons=top_1_but_ambiguous,top_candidate_for_multiple_mountains"
240,八巻山,summit-candidate:e2bdd25969c7f122,yamap_2022-10-08_06_12.gpx,東山・西赤石山・物住頭・前赤石山・東赤石山・八巻山,1651.7766666666666,1698,46.22,0.6855,2,4,0.051,false,false,medium,medium,low,low_priority,exact_municipality_match,新居浜市,,新居浜市,"新居浜市, 愛媛県, 日本",multiple_candidates_for_mountain|multiple_mountains_for_candidate|missing_csv_coordinate,top_3_with_evidence,low_priority_alternative,mountain=八巻山(#240); candidate=summit-candidate:e2bdd25969c7f122; ref_score=0.6855; ref_rank=2; loc_level=exact_municipality_match; priority=medium; priority_reasons=top_3_with_evidence
240,八巻山,summit-candidate:5104c47f17101d63,yamap_2022-10-08_06_12.gpx,東山・西赤石山・物住頭・前赤石山・東赤石山・八巻山,1621.9866666666667,1698,76.01,0.6345,3,6,0,false,false,medium,medium,low,low_priority,exact_municipality_match,新居浜市,,新居浜市,"新居浜市, 愛媛県, 日本",multiple_candidates_for_mountain|multiple_mountains_for_candidate|weak_elevation_evidence|missing_csv_coordinate,top_3_with_evidence,low_priority_alternative,mountain=八巻山(#240); candidate=summit-candidate:5104c47f17101d63; ref_score=0.6345; ref_rank=3; loc_level=exact_municipality_match; priority=medium; priority_reasons=top_3_with_evidence
241,ベツソ山,summit-candidate:dba931625b34d9ac,yamap_2023-10-13_10_02.gpx,ベツソ山・歯朶谷山,313.21999999999997,266,47.22,0.6855,1,2,0.255,false,true,medium,high,high,resolve_conflict,exact_municipality_match,伊予市,,伊予市,"伊予市, 愛媛県, 799-3193, 日本",multiple_candidates_for_mountain|multiple_mountains_for_candidate|missing_csv_coordinate,top_1_but_ambiguous|top_candidate_for_multiple_mountains,shared_candidate|not_mutual_top1,"mountain=ベツソ山(#241); candidate=summit-candidate:dba931625b34d9ac; ref_score=0.6855; ref_rank=1; loc_level=exact_municipality_match; priority=high; priority_reasons=top_1_but_ambiguous,top_candidate_for_multiple_mountains"
241,ベツソ山,summit-candidate:4416099ca0f9da08,yamap_2024-12-22_10_25.gpx,笹ヶ平山,260.1933333333333,266,5.81,0.4305,2,5,0.051,false,false,low,high,high,resolve_conflict,exact_municipality_match,伊予市,,伊予,"砥部伊予松山線, 七折, 砥部町, 伊予郡, 愛媛県, 799-3103, 日本",multiple_candidates_for_mountain|multiple_mountains_for_candidate|weak_name_evidence|missing_csv_coordinate|location_mismatch_warning|activity_link_ambiguous,top_candidate_for_multiple_mountains,shared_candidate,mountain=ベツソ山(#241); candidate=summit-candidate:4416099ca0f9da08; ref_score=0.4305; ref_rank=2; loc_level=exact_municipality_match; priority=high; priority_reasons=top_candidate_for_multiple_mountains
241,ベツソ山,summit-candidate:4973965873779cdc,yamap_2024-12-22_06_34.gpx,八倉山・行道山・水晶ヶ森,251.46333333333337,266,14.54,0.3795,3,5,0.069,false,false,none,medium,low,low_priority,exact_municipality_match,伊予市,,伊予,"田ノ浦, 砥部町, 伊予郡, 愛媛県, 791-2116, 日本",multiple_candidates_for_mountain|multiple_mountains_for_candidate|weak_name_evidence|missing_csv_coordinate|location_mismatch_warning|activity_link_ambiguous,top_3_with_evidence,low_priority_alternative,mountain=ベツソ山(#241); candidate=summit-candidate:4973965873779cdc; ref_score=0.3795; ref_rank=3; loc_level=exact_municipality_match; priority=medium; priority_reasons=top_3_with_evidence
242,歯朶谷山,summit-candidate:dba931625b34d9ac,yamap_2023-10-13_10_02.gpx,ベツソ山・歯朶谷山,313.21999999999997,314,0.78,0.7875,1,1,0.408,true,true,medium,high,high,resolve_conflict,exact_municipality_match,伊予市,,伊予市,"伊予市, 愛媛県, 799-3193, 日本",multiple_candidates_for_mountain|multiple_mountains_for_candidate|missing_csv_coordinate,top_1_but_ambiguous|top_candidate_for_multiple_mountains,shared_candidate,"mountain=歯朶谷山(#242); candidate=summit-candidate:dba931625b34d9ac; ref_score=0.7875; ref_rank=1; loc_level=exact_municipality_match; priority=high; priority_reasons=top_1_but_ambiguous,top_candidate_for_multiple_mountains"
242,歯朶谷山,summit-candidate:9b4175d2d4104530,yamap_2022-09-04_12_08.gpx,大友山,343.08666666666664,314,29.09,0.3795,2,7,0.069,false,false,none,medium,low,low_priority,exact_municipality_match,伊予市,,伊予,"宮内, 砥部町, 伊予郡, 愛媛県, 791-2120, 日本",multiple_candidates_for_mountain|multiple_mountains_for_candidate|weak_name_evidence|missing_csv_coordinate|location_mismatch_warning,top_3_with_evidence,low_priority_alternative,mountain=歯朶谷山(#242); candidate=summit-candidate:9b4175d2d4104530; ref_score=0.3795; ref_rank=2; loc_level=exact_municipality_match; priority=medium; priority_reasons=top_3_with_evidence
242,歯朶谷山,summit-candidate:0f09bdcc25daff65,yamap_2025-02-24_07_30.gpx,無宗天山,311.96,314,2.04,0.3105,3,12,0,false,false,low,high,high,check_location_warning,boundary_tolerated_mismatch,伊予市,,,"今治市, 愛媛県, 794-8511, 日本",multiple_candidates_for_mountain|multiple_mountains_for_candidate|weak_name_evidence|missing_csv_coordinate|location_mismatch_warning|activity_link_ambiguous,strong_evidence_with_mismatch,location_mismatch_warning,mountain=歯朶谷山(#242); candidate=summit-candidate:0f09bdcc25daff65; ref_score=0.3105; ref_rank=3; loc_level=boundary_tolerated_mismatch; priority=high; priority_reasons=strong_evidence_with_mismatch
243,丸山,summit-candidate:2670057d58a25475,yamap_2023-10-14_07_53.gpx,丸山,616.4333333333334,624,7.57,0.7875,1,1,0.3325,true,true,medium,high,medium,accept_candidate_after_map_check,exact_municipality_match,今治市,,今治市,"今治市, 愛媛県, 794-8511, 日本",multiple_candidates_for_mountain|multiple_mountains_for_candidate|missing_csv_coordinate,top_1_but_ambiguous,clear_mutual_top1,mountain=丸山(#243); candidate=summit-candidate:2670057d58a25475; ref_score=0.7875; ref_rank=1; loc_level=exact_municipality_match; priority=high; priority_reasons=top_1_but_ambiguous
243,丸山,summit-candidate:453327d51d16e202,yamap_2026-05-06_07_28.gpx,丸山・ちち山・笹ヶ峰,1850.97,624,1226.97,0.455,2,4,0,false,false,low,high,high,resolve_conflict,boundary_tolerated_mismatch,今治市,,,"いの町, 吾川郡, 高知県, 日本",multiple_candidates_for_mountain|multiple_mountains_for_candidate|weak_elevation_evidence|missing_csv_coordinate|location_mismatch_warning,strong_evidence_with_mismatch|top_candidate_for_multiple_mountains,shared_candidate,"mountain=丸山(#243); candidate=summit-candidate:453327d51d16e202; ref_score=0.455; ref_rank=2; loc_level=boundary_tolerated_mismatch; priority=high; priority_reasons=strong_evidence_with_mismatch,top_candidate_for_multiple_mountains"
243,丸山,summit-candidate:5f001ac124f82ef6,yamap_2022-10-19_16_00.gpx,西港山・大丸山・港山,41.080000000000005,624,582.92,0.455,3,10,0,false,false,low,high,high,resolve_conflict,boundary_tolerated_mismatch,今治市,,,"三津一丁目, 港山町, 松山市, 愛媛県, 791-8061, 日本",multiple_candidates_for_mountain|multiple_mountains_for_candidate|weak_elevation_evidence|missing_csv_coordinate|location_mismatch_warning|timezone_sensitive_activity_link,strong_evidence_with_mismatch|top_candidate_for_multiple_mountains,shared_candidate,"mountain=丸山(#243); candidate=summit-candidate:5f001ac124f82ef6; ref_score=0.455; ref_rank=3; loc_level=boundary_tolerated_mismatch; priority=high; priority_reasons=strong_evidence_with_mismatch,top_candidate_for_multiple_mountains"
244,二ノ岳,summit-candidate:b58470f57bb41331,yamap_2023-10-22_06_44.gpx,二ノ岳・高森,1152.69,1156,3.31,0.608,1,1,0.118,true,true,medium,high,high,check_location_warning,boundary_tolerated_mismatch,久万高原町,,,"中奥, 西条市, 愛媛県, 793-0214, 日本",multiple_candidates_for_mountain|multiple_mountains_for_candidate|missing_csv_coordinate|location_mismatch_warning,top_1_but_ambiguous|strong_evidence_with_mismatch,location_mismatch_warning,"mountain=二ノ岳(#244); candidate=summit-candidate:b58470f57bb41331; ref_score=0.608; ref_rank=1; loc_level=boundary_tolerated_mismatch; priority=high; priority_reasons=top_1_but_ambiguous,strong_evidence_with_mismatch"
244,二ノ岳,summit-candidate:0a89128346167f6e,yamap_2024-04-07_06_45.gpx,二箆山・西雑誌山,1158.3666666666668,1156,2.37,0.49,2,3,0,false,true,low,medium,low,low_priority,exact_municipality_match,久万高原町,,久万高原町,"ササミネ林道, 久万高原町, 上浮穴郡, 愛媛県, 日本",multiple_candidates_for_mountain|multiple_mountains_for_candidate|weak_name_evidence|missing_csv_coordinate,top_3_with_evidence,low_priority_alternative,mountain=二ノ岳(#244); candidate=summit-candidate:0a89128346167f6e; ref_score=0.49; ref_rank=2; loc_level=exact_municipality_match; priority=medium; priority_reasons=top_3_with_evidence
244,二ノ岳,summit-candidate:924ccfedeb6c2d2c,yamap_2023-04-04_12_51.gpx,黒森山,1151.5666666666666,1156,4.43,0.49,3,2,0,false,true,low,medium,low,low_priority,exact_municipality_match,久万高原町,,久万高原町,"久万高原町, 上浮穴郡, 愛媛県, 日本",multiple_candidates_for_mountain|multiple_mountains_for_candidate|weak_name_evidence|missing_csv_coordinate,top_3_with_evidence,low_priority_alternative,mountain=二ノ岳(#244); candidate=summit-candidate:924ccfedeb6c2d2c; ref_score=0.49; ref_rank=3; loc_level=exact_municipality_match; priority=medium; priority_reasons=top_3_with_evidence
245,高森,summit-candidate:5771cdd191c3861d,yamap_2023-10-22_06_44.gpx,二ノ岳・高森,1351.1733333333334,1360,8.83,0.608,1,1,0,true,true,medium,high,high,resolve_conflict,boundary_tolerated_mismatch,久万高原町,,,"東之川, 西条市, 愛媛県, 日本",multiple_candidates_for_mountain|multiple_mountains_for_candidate|missing_csv_coordinate|location_mismatch_warning,top_1_but_ambiguous|strong_evidence_with_mismatch|top_candidate_for_multiple_mountains,shared_candidate,"mountain=高森(#245); candidate=summit-candidate:5771cdd191c3861d; ref_score=0.608; ref_rank=1; loc_level=boundary_tolerated_mismatch; priority=high; priority_reasons=top_1_but_ambiguous,strong_evidence_with_mismatch,top_candidate_for_multiple_mountains"
245,高森,summit-candidate:a61fd78e4e062683,yamap_2023-10-22_06_44.gpx,二ノ岳・高森,1361.2233333333334,1360,1.22,0.608,2,1,0.118,false,true,medium,high,high,check_close_alternatives,boundary_tolerated_mismatch,久万高原町,,,"蔭地林道, 西条市, 愛媛県, 日本",multiple_candidates_for_mountain|multiple_mountains_for_candidate|missing_csv_coordinate|location_mismatch_warning,strong_evidence_with_mismatch,small_score_gap,mountain=高森(#245); candidate=summit-candidate:a61fd78e4e062683; ref_score=0.608; ref_rank=2; loc_level=boundary_tolerated_mismatch; priority=high; priority_reasons=strong_evidence_with_mismatch
245,高森,summit-candidate:09c1602c02ce7f78,yamap_2024-04-07_06_45.gpx,二箆山・西雑誌山,1357.4633333333334,1360,2.54,0.49,3,3,0,false,true,low,medium,low,low_priority,exact_municipality_match,久万高原町,,久万高原町,"久万高原町, 上浮穴郡, 愛媛県, 日本",multiple_candidates_for_mountain|multiple_mountains_for_candidate|weak_name_evidence|missing_csv_coordinate,top_3_with_evidence,low_priority_alternative,mountain=高森(#245); candidate=summit-candidate:09c1602c02ce7f78; ref_score=0.49; ref_rank=3; loc_level=exact_municipality_match; priority=medium; priority_reasons=top_3_with_evidence
246,四辻ノ森,summit-candidate:d659f1dc6e5fa0b5,yamap_2023-11-11_07_17.gpx,四辻ノ森・三光ノ辻山,1206.9212487152886,1201,5.92,0.7875,1,1,0.051,true,true,medium,high,medium,accept_candidate_after_map_check,exact_municipality_match,久万高原町,,久万高原町,"東川, 久万高原町, 上浮穴郡, 愛媛県, 日本",multiple_candidates_for_mountain|multiple_mountains_for_candidate|missing_csv_coordinate,top_1_but_ambiguous,clear_mutual_top1,mountain=四辻ノ森(#246); candidate=summit-candidate:d659f1dc6e5fa0b5; ref_score=0.7875; ref_rank=1; loc_level=exact_municipality_match; priority=high; priority_reasons=top_1_but_ambiguous
246,四辻ノ森,summit-candidate:c4504025c94f843c,yamap_2023-11-11_07_17.gpx,四辻ノ森・三光ノ辻山,1215.0715256104047,1201,14.07,0.7365,2,2,0.051,false,true,medium,medium,low,low_priority,exact_municipality_match,久万高原町,,久万高原町,"中組, 久万高原町, 上浮穴郡, 愛媛県, 791-1701, 日本",multiple_candidates_for_mountain|multiple_mountains_for_candidate|missing_csv_coordinate,top_3_with_evidence,low_priority_alternative,mountain=四辻ノ森(#246); candidate=summit-candidate:c4504025c94f843c; ref_score=0.7365; ref_rank=2; loc_level=exact_municipality_match; priority=medium; priority_reasons=top_3_with_evidence
246,四辻ノ森,summit-candidate:05f8527418663d3a,yamap_2023-11-11_07_17.gpx,四辻ノ森・三光ノ辻山,1237.4900548329229,1201,36.49,0.6855,3,2,0,false,true,medium,medium,low,low_priority,exact_municipality_match,久万高原町,,久万高原町,"久万高原町, 上浮穴郡, 愛媛県, 日本",multiple_candidates_for_mountain|multiple_mountains_for_candidate|missing_csv_coordinate,top_3_with_evidence,low_priority_alternative,mountain=四辻ノ森(#246); candidate=summit-candidate:05f8527418663d3a; ref_score=0.6855; ref_rank=3; loc_level=exact_municipality_match; priority=medium; priority_reasons=top_3_with_evidence
247,三光ノ辻山,summit-candidate:c4504025c94f843c,yamap_2023-11-11_07_17.gpx,四辻ノ森・三光ノ辻山,1215.0715256104047,1215,0.07,0.7875,1,1,0,true,true,medium,high,medium,accept_candidate_after_map_check,exact_municipality_match,久万高原町,,久万高原町,"中組, 久万高原町, 上浮穴郡, 愛媛県, 791-1701, 日本",multiple_candidates_for_mountain|multiple_mountains_for_candidate|missing_csv_coordinate,top_1_but_ambiguous,clear_mutual_top1,mountain=三光ノ辻山(#247); candidate=summit-candidate:c4504025c94f843c; ref_score=0.7875; ref_rank=1; loc_level=exact_municipality_match; priority=high; priority_reasons=top_1_but_ambiguous
247,三光ノ辻山,summit-candidate:d659f1dc6e5fa0b5,yamap_2023-11-11_07_17.gpx,四辻ノ森・三光ノ辻山,1206.9212487152886,1215,8.08,0.7875,2,2,0.051,false,true,medium,medium,high,check_close_alternatives,exact_municipality_match,久万高原町,,久万高原町,"東川, 久万高原町, 上浮穴郡, 愛媛県, 日本",multiple_candidates_for_mountain|multiple_mountains_for_candidate|missing_csv_coordinate,top_3_with_evidence,small_score_gap,mountain=三光ノ辻山(#247); candidate=summit-candidate:d659f1dc6e5fa0b5; ref_score=0.7875; ref_rank=2; loc_level=exact_municipality_match; priority=medium; priority_reasons=top_3_with_evidence
247,三光ノ辻山,summit-candidate:05f8527418663d3a,yamap_2023-11-11_07_17.gpx,四辻ノ森・三光ノ辻山,1237.4900548329229,1215,22.49,0.7365,3,1,0.102,false,true,medium,medium,low,low_priority,exact_municipality_match,久万高原町,,久万高原町,"久万高原町, 上浮穴郡, 愛媛県, 日本",multiple_candidates_for_mountain|multiple_mountains_for_candidate|missing_csv_coordinate,top_3_with_evidence,low_priority_alternative,mountain=三光ノ辻山(#247); candidate=summit-candidate:05f8527418663d3a; ref_score=0.7365; ref_rank=3; loc_level=exact_municipality_match; priority=medium; priority_reasons=top_3_with_evidence
248,瀬戸黒森,summit-candidate:290abf917754fd0b,yamap_2023-11-19_06_46.gpx,瀬戸黒森・三森・羽子山・観音森,972.6666666666666,976,3.33,0.7875,1,1,0.153,true,true,medium,high,medium,accept_candidate_after_map_check,exact_municipality_match,愛南町,,愛南町,"愛南町, 南宇和郡, 愛媛県, 日本",multiple_candidates_for_mountain|multiple_mountains_for_candidate|missing_csv_coordinate,top_1_but_ambiguous,clear_mutual_top1,mountain=瀬戸黒森(#248); candidate=summit-candidate:290abf917754fd0b; ref_score=0.7875; ref_rank=1; loc_level=exact_municipality_match; priority=high; priority_reasons=top_1_but_ambiguous
248,瀬戸黒森,summit-candidate:9a0532ee2b40e5f3,yamap_2023-11-19_06_46.gpx,瀬戸黒森・三森・羽子山・観音森,725.5,976,250.5,0.6345,2,2,0,false,true,medium,medium,low,low_priority,exact_municipality_match,愛南町,,愛南町,"愛南町, 南宇和郡, 愛媛県, 日本",multiple_candidates_for_mountain|multiple_mountains_for_candidate|weak_elevation_evidence|missing_csv_coordinate,top_3_with_evidence,low_priority_alternative,mountain=瀬戸黒森(#248); candidate=summit-candidate:9a0532ee2b40e5f3; ref_score=0.6345; ref_rank=2; loc_level=exact_municipality_match; priority=medium; priority_reasons=top_3_with_evidence
248,瀬戸黒森,summit-candidate:b997b8fd6709731d,yamap_2023-11-19_06_46.gpx,瀬戸黒森・三森・羽子山・観音森,806.4699999999999,976,169.53,0.6345,3,2,0,false,true,medium,medium,low,low_priority,exact_municipality_match,愛南町,,愛南町,"山出林道, 愛南町, 南宇和郡, 愛媛県, 日本",multiple_candidates_for_mountain|multiple_mountains_for_candidate|weak_elevation_evidence|missing_csv_coordinate,top_3_with_evidence,low_priority_alternative,mountain=瀬戸黒森(#248); candidate=summit-candidate:b997b8fd6709731d; ref_score=0.6345; ref_rank=3; loc_level=exact_municipality_match; priority=medium; priority_reasons=top_3_with_evidence
249,羽子山,summit-candidate:9a0532ee2b40e5f3,yamap_2023-11-19_06_46.gpx,瀬戸黒森・三森・羽子山・観音森,725.5,730,4.5,0.7875,1,1,0.153,true,true,medium,high,medium,accept_candidate_after_map_check,exact_municipality_match,愛南町,,愛南町,"愛南町, 南宇和郡, 愛媛県, 日本",multiple_candidates_for_mountain|multiple_mountains_for_candidate|missing_csv_coordinate,top_1_but_ambiguous,clear_mutual_top1,mountain=羽子山(#249); candidate=summit-candidate:9a0532ee2b40e5f3; ref_score=0.7875; ref_rank=1; loc_level=exact_municipality_match; priority=high; priority_reasons=top_1_but_ambiguous
249,羽子山,summit-candidate:290abf917754fd0b,yamap_2023-11-19_06_46.gpx,瀬戸黒森・三森・羽子山・観音森,972.6666666666666,730,242.67,0.6345,2,2,0,false,true,medium,medium,low,low_priority,exact_municipality_match,愛南町,,愛南町,"愛南町, 南宇和郡, 愛媛県, 日本",multiple_candidates_for_mountain|multiple_mountains_for_candidate|weak_elevation_evidence|missing_csv_coordinate,top_3_with_evidence,low_priority_alternative,mountain=羽子山(#249); candidate=summit-candidate:290abf917754fd0b; ref_score=0.6345; ref_rank=2; loc_level=exact_municipality_match; priority=medium; priority_reasons=top_3_with_evidence
249,羽子山,summit-candidate:b997b8fd6709731d,yamap_2023-11-19_06_46.gpx,瀬戸黒森・三森・羽子山・観音森,806.4699999999999,730,76.47,0.6345,3,3,0,false,true,medium,medium,low,low_priority,exact_municipality_match,愛南町,,愛南町,"山出林道, 愛南町, 南宇和郡, 愛媛県, 日本",multiple_candidates_for_mountain|multiple_mountains_for_candidate|weak_elevation_evidence|missing_csv_coordinate,top_3_with_evidence,low_priority_alternative,mountain=羽子山(#249); candidate=summit-candidate:b997b8fd6709731d; ref_score=0.6345; ref_rank=3; loc_level=exact_municipality_match; priority=medium; priority_reasons=top_3_with_evidence
250,観音森,summit-candidate:cf1cb583d492455c,yamap_2023-11-19_06_46.gpx,瀬戸黒森・三森・羽子山・観音森,784.9416257231666,779,5.94,0.7875,1,1,0.051,true,true,medium,high,medium,accept_candidate_after_map_check,exact_municipality_match,愛南町,,愛南町,"緑丙, 愛南町, 南宇和郡, 愛媛県, 798-4135, 日本",multiple_candidates_for_mountain|multiple_mountains_for_candidate|missing_csv_coordinate,top_1_but_ambiguous,clear_mutual_top1,mountain=観音森(#250); candidate=summit-candidate:cf1cb583d492455c; ref_score=0.7875; ref_rank=1; loc_level=exact_municipality_match; priority=high; priority_reasons=top_1_but_ambiguous
250,観音森,summit-candidate:b997b8fd6709731d,yamap_2023-11-19_06_46.gpx,瀬戸黒森・三森・羽子山・観音森,806.4699999999999,779,27.47,0.7365,2,1,0.102,false,true,medium,medium,low,low_priority,exact_municipality_match,愛南町,,愛南町,"山出林道, 愛南町, 南宇和郡, 愛媛県, 日本",multiple_candidates_for_mountain|multiple_mountains_for_candidate|missing_csv_coordinate,top_3_with_evidence,low_priority_alternative,mountain=観音森(#250); candidate=summit-candidate:b997b8fd6709731d; ref_score=0.7365; ref_rank=2; loc_level=exact_municipality_match; priority=medium; priority_reasons=top_3_with_evidence
250,観音森,summit-candidate:290abf917754fd0b,yamap_2023-11-19_06_46.gpx,瀬戸黒森・三森・羽子山・観音森,972.6666666666666,779,193.67,0.6345,3,3,0,false,true,medium,medium,low,low_priority,exact_municipality_match,愛南町,,愛南町,"愛南町, 南宇和郡, 愛媛県, 日本",multiple_candidates_for_mountain|multiple_mountains_for_candidate|weak_elevation_evidence|missing_csv_coordinate,top_3_with_evidence,low_priority_alternative,mountain=観音森(#250); candidate=summit-candidate:290abf917754fd0b; ref_score=0.6345; ref_rank=3; loc_level=exact_municipality_match; priority=medium; priority_reasons=top_3_with_evidence
251,三森,summit-candidate:f7593239fa7bdcc9,yamap_2023-11-19_06_46.gpx,瀬戸黒森・三森・羽子山・観音森,864.3133333333334,867,2.69,0.7875,1,1,0.153,true,true,medium,high,medium,accept_candidate_after_map_check,exact_municipality_match,愛南町,,愛南町,"三森林道, 愛南町, 南宇和郡, 愛媛県, 日本",multiple_candidates_for_mountain|multiple_mountains_for_candidate|missing_csv_coordinate,top_1_but_ambiguous,clear_mutual_top1,mountain=三森(#251); candidate=summit-candidate:f7593239fa7bdcc9; ref_score=0.7875; ref_rank=1; loc_level=exact_municipality_match; priority=high; priority_reasons=top_1_but_ambiguous
251,三森,summit-candidate:290abf917754fd0b,yamap_2023-11-19_06_46.gpx,瀬戸黒森・三森・羽子山・観音森,972.6666666666666,867,105.67,0.6345,2,4,0,false,false,medium,medium,low,low_priority,exact_municipality_match,愛南町,,愛南町,"愛南町, 南宇和郡, 愛媛県, 日本",multiple_candidates_for_mountain|multiple_mountains_for_candidate|weak_elevation_evidence|missing_csv_coordinate,top_3_with_evidence,low_priority_alternative,mountain=三森(#251); candidate=summit-candidate:290abf917754fd0b; ref_score=0.6345; ref_rank=2; loc_level=exact_municipality_match; priority=medium; priority_reasons=top_3_with_evidence
251,三森,summit-candidate:9a0532ee2b40e5f3,yamap_2023-11-19_06_46.gpx,瀬戸黒森・三森・羽子山・観音森,725.5,867,141.5,0.6345,3,4,0,false,false,medium,medium,low,low_priority,exact_municipality_match,愛南町,,愛南町,"愛南町, 南宇和郡, 愛媛県, 日本",multiple_candidates_for_mountain|multiple_mountains_for_candidate|weak_elevation_evidence|missing_csv_coordinate,top_3_with_evidence,low_priority_alternative,mountain=三森(#251); candidate=summit-candidate:9a0532ee2b40e5f3; ref_score=0.6345; ref_rank=3; loc_level=exact_municipality_match; priority=medium; priority_reasons=top_3_with_evidence
252,総津権現山,summit-candidate:f108570a8e33ce90,yamap_2023-12-17_07_11.gpx,総津権現山,437.40333333333336,440,2.6,0.7875,1,1,0.2305,true,true,medium,high,medium,accept_candidate_after_map_check,exact_municipality_match,砥部町,,砥部町,"中野川総津線, 中野川, 砥部町, 伊予郡, 愛媛県, 791-2205, 日本",multiple_candidates_for_mountain|multiple_mountains_for_candidate|missing_csv_coordinate|activity_link_ambiguous,top_1_but_ambiguous,clear_mutual_top1,mountain=総津権現山(#252); candidate=summit-candidate:f108570a8e33ce90; ref_score=0.7875; ref_rank=1; loc_level=exact_municipality_match; priority=high; priority_reasons=top_1_but_ambiguous
252,総津権現山,summit-candidate:1d97e1955af85092,yamap_2023-12-17_10_30.gpx,平岡山(平岡城址) ,417.80228626332246,440,22.2,0.557,2,3,0.068,false,true,medium,high,high,resolve_conflict,boundary_tolerated_mismatch,砥部町,,,"平岡, 伊予市, 愛媛県, 799-3123, 日本",multiple_candidates_for_mountain|multiple_mountains_for_candidate|missing_csv_coordinate|location_mismatch_warning|activity_link_ambiguous,strong_evidence_with_mismatch|top_candidate_for_multiple_mountains,shared_candidate,"mountain=総津権現山(#252); candidate=summit-candidate:1d97e1955af85092; ref_score=0.557; ref_rank=2; loc_level=boundary_tolerated_mismatch; priority=high; priority_reasons=strong_evidence_with_mismatch,top_candidate_for_multiple_mountains"
252,総津権現山,summit-candidate:a660f8ef78c69ab0,yamap_2023-01-08_14_24.gpx,黒瀬山(黒瀬城址)・岡山(岡山城址)・鉢ヶ森(鉢ヶ森城址)・護摩ヶ森(護摩ヶ森城址)・我合山(...,432.21000000000004,440,7.79,0.489,3,6,0.05,false,false,low,high,high,check_location_warning,boundary_tolerated_mismatch,砥部町,,,"宇和町久枝, 西予市, 愛媛県, 797-0015, 日本",multiple_candidates_for_mountain|multiple_mountains_for_candidate|missing_csv_coordinate|location_mismatch_warning|activity_link_ambiguous,strong_evidence_with_mismatch,location_mismatch_warning,mountain=総津権現山(#252); candidate=summit-candidate:a660f8ef78c69ab0; ref_score=0.489; ref_rank=3; loc_level=boundary_tolerated_mismatch; priority=high; priority_reasons=strong_evidence_with_mismatch
253,秦皇山,summit-candidate:1d97e1955af85092,yamap_2023-12-17_10_30.gpx,平岡山(平岡城址) ,417.80228626332246,874,456.2,0.6345,1,2,0.0595,false,true,medium,high,high,resolve_conflict,exact_municipality_match,伊予市,,伊予市,"平岡, 伊予市, 愛媛県, 799-3123, 日本",multiple_candidates_for_mountain|multiple_mountains_for_candidate|weak_elevation_evidence|missing_csv_coordinate|activity_link_ambiguous,top_1_but_ambiguous|top_candidate_for_multiple_mountains,shared_candidate|not_mutual_top1,"mountain=秦皇山(#253); candidate=summit-candidate:1d97e1955af85092; ref_score=0.6345; ref_rank=1; loc_level=exact_municipality_match; priority=high; priority_reasons=top_1_but_ambiguous,top_candidate_for_multiple_mountains"
253,秦皇山,summit-candidate:f108570a8e33ce90,yamap_2023-12-17_07_11.gpx,総津権現山,437.40333333333336,874,436.6,0.575,2,4,0.136,false,false,low,medium,low,low_priority,exact_municipality_match,伊予市,,伊予,"中野川総津線, 中野川, 砥部町, 伊予郡, 愛媛県, 791-2205, 日本",multiple_candidates_for_mountain|multiple_mountains_for_candidate|weak_elevation_evidence|missing_csv_coordinate|location_mismatch_warning|activity_link_ambiguous,top_3_with_evidence,low_priority_alternative,mountain=秦皇山(#253); candidate=summit-candidate:f108570a8e33ce90; ref_score=0.575; ref_rank=2; loc_level=exact_municipality_match; priority=medium; priority_reasons=top_3_with_evidence
253,秦皇山,summit-candidate:276fed5ecb7b3eb4,yamap_2025-03-02_13_17.gpx,階上山,893.9066666666668,874,19.91,0.439,3,3,0.0595,false,true,low,medium,low,low_priority,exact_municipality_match,伊予市,,伊予市,"中山町栗田, 伊予市, 愛媛県, 791-2133, 日本",multiple_candidates_for_mountain|multiple_mountains_for_candidate|weak_name_evidence|missing_csv_coordinate,top_3_with_evidence,low_priority_alternative,mountain=秦皇山(#253); candidate=summit-candidate:276fed5ecb7b3eb4; ref_score=0.439; ref_rank=3; loc_level=exact_municipality_match; priority=medium; priority_reasons=top_3_with_evidence
254,平岡山(平岡城址),summit-candidate:1d97e1955af85092,yamap_2023-12-17_10_30.gpx,平岡山(平岡城址) ,417.80228626332246,414,3.8,0.7875,1,1,0.1105,true,true,medium,high,high,resolve_conflict,exact_municipality_match,伊予市,,伊予市,"平岡, 伊予市, 愛媛県, 799-3123, 日本",multiple_candidates_for_mountain|multiple_mountains_for_candidate|missing_csv_coordinate|activity_link_ambiguous,top_1_but_ambiguous|top_candidate_for_multiple_mountains,shared_candidate,"mountain=平岡山(平岡城址)(#254); candidate=summit-candidate:1d97e1955af85092; ref_score=0.7875; ref_rank=1; loc_level=exact_municipality_match; priority=high; priority_reasons=top_1_but_ambiguous,top_candidate_for_multiple_mountains"
254,平岡山(平岡城址),summit-candidate:f108570a8e33ce90,yamap_2023-12-17_07_11.gpx,総津権現山,437.40333333333336,414,23.4,0.677,2,2,0.2465,false,true,medium,medium,low,low_priority,exact_municipality_match,伊予市,,伊予,"中野川総津線, 中野川, 砥部町, 伊予郡, 愛媛県, 791-2205, 日本",multiple_candidates_for_mountain|multiple_mountains_for_candidate|missing_csv_coordinate|location_mismatch_warning|activity_link_ambiguous,top_3_with_evidence,low_priority_alternative,mountain=平岡山(平岡城址)(#254); candidate=summit-candidate:f108570a8e33ce90; ref_score=0.677; ref_rank=2; loc_level=exact_municipality_match; priority=medium; priority_reasons=top_3_with_evidence
254,平岡山(平岡城址),summit-candidate:2b56d4ad77a0c4b7,yamap_2022-09-04_12_08.gpx,大友山,404.05,414,9.95,0.4305,3,10,0.051,false,false,low,medium,low,low_priority,exact_municipality_match,伊予市,,伊予,"千足, 松山市, 伊予郡, 愛媛県, 791-2132, 日本",multiple_candidates_for_mountain|multiple_mountains_for_candidate|weak_name_evidence|missing_csv_coordinate|location_mismatch_warning,top_3_with_evidence,low_priority_alternative,mountain=平岡山(平岡城址)(#254); candidate=summit-candidate:2b56d4ad77a0c4b7; ref_score=0.4305; ref_rank=3; loc_level=exact_municipality_match; priority=medium; priority_reasons=top_3_with_evidence
255,竜門山,summit-candidate:64a47ed9c06f56d5,yamap_2024-01-14_10_18.gpx,竜門山・大黒山,430.9866666666667,439,8.01,0.7875,1,1,0.153,true,true,medium,high,high,resolve_conflict,exact_municipality_match,西条市,,西条市,"西条市, 愛媛県, 794-8511, 日本",multiple_candidates_for_mountain|multiple_mountains_for_candidate|missing_csv_coordinate,top_1_but_ambiguous|top_candidate_for_multiple_mountains,shared_candidate,"mountain=竜門山(#255); candidate=summit-candidate:64a47ed9c06f56d5; ref_score=0.7875; ref_rank=1; loc_level=exact_municipality_match; priority=high; priority_reasons=top_1_but_ambiguous,top_candidate_for_multiple_mountains"
255,竜門山,summit-candidate:99b1b356cad63b98,yamap_2024-01-14_10_18.gpx,竜門山・大黒山,384.9466666666667,439,54.05,0.6345,2,1,0.324,false,true,medium,medium,low,low_priority,exact_municipality_match,西条市,,西条市,"旦之上, 西条市, 愛媛県, 日本",multiple_candidates_for_mountain|multiple_mountains_for_candidate|weak_elevation_evidence|missing_csv_coordinate,top_3_with_evidence,low_priority_alternative,mountain=竜門山(#255); candidate=summit-candidate:99b1b356cad63b98; ref_score=0.6345; ref_rank=2; loc_level=exact_municipality_match; priority=medium; priority_reasons=top_3_with_evidence
255,竜門山,summit-candidate:159deb385560c198,yamap_2022-06-20_12_02.gpx,安神山・鷲ヶ頭山,436.9143046126708,439,2.09,0.3105,3,7,0,false,false,low,high,high,resolve_conflict,boundary_tolerated_mismatch,西条市,,,"県道今治大三島自転車道線, 上条, 今治市, 愛媛県, 794-8511, 日本",multiple_candidates_for_mountain|multiple_mountains_for_candidate|weak_name_evidence|missing_csv_coordinate|location_mismatch_warning,strong_evidence_with_mismatch|top_candidate_for_multiple_mountains,shared_candidate,"mountain=竜門山(#255); candidate=summit-candidate:159deb385560c198; ref_score=0.3105; ref_rank=3; loc_level=boundary_tolerated_mismatch; priority=high; priority_reasons=strong_evidence_with_mismatch,top_candidate_for_multiple_mountains"
256,大黒山,summit-candidate:64a47ed9c06f56d5,yamap_2024-01-14_10_18.gpx,竜門山・大黒山,430.9866666666667,321,109.99,0.6345,1,2,0,false,true,medium,high,high,resolve_conflict,exact_municipality_match,西条市,,西条市,"西条市, 愛媛県, 794-8511, 日本",multiple_candidates_for_mountain|multiple_mountains_for_candidate|weak_elevation_evidence|missing_csv_coordinate,top_1_but_ambiguous|top_candidate_for_multiple_mountains,shared_candidate|not_mutual_top1,"mountain=大黒山(#256); candidate=summit-candidate:64a47ed9c06f56d5; ref_score=0.6345; ref_rank=1; loc_level=exact_municipality_match; priority=high; priority_reasons=top_1_but_ambiguous,top_candidate_for_multiple_mountains"
256,大黒山,summit-candidate:99b1b356cad63b98,yamap_2024-01-14_10_18.gpx,竜門山・大黒山,384.9466666666667,321,63.95,0.6345,2,2,0.1795,false,true,medium,medium,high,check_close_alternatives,exact_municipality_match,西条市,,西条市,"旦之上, 西条市, 愛媛県, 日本",multiple_candidates_for_mountain|multiple_mountains_for_candidate|weak_elevation_evidence|missing_csv_coordinate,top_3_with_evidence,small_score_gap,mountain=大黒山(#256); candidate=summit-candidate:99b1b356cad63b98; ref_score=0.6345; ref_rank=2; loc_level=exact_municipality_match; priority=medium; priority_reasons=top_3_with_evidence
256,大黒山,summit-candidate:19baf3ce30f8991a,yamap_2024-02-17_05_38.gpx,大黒山・譲ヶ葉森,1021.9555481598042,321,700.96,0.455,3,4,0,false,false,low,high,high,resolve_conflict,boundary_tolerated_mismatch,西条市,,,"宇和島市, 愛媛県, 798-8601, 日本",multiple_candidates_for_mountain|multiple_mountains_for_candidate|weak_elevation_evidence|missing_csv_coordinate|location_mismatch_warning,strong_evidence_with_mismatch|top_candidate_for_multiple_mountains,shared_candidate,"mountain=大黒山(#256); candidate=summit-candidate:19baf3ce30f8991a; ref_score=0.455; ref_rank=3; loc_level=boundary_tolerated_mismatch; priority=high; priority_reasons=strong_evidence_with_mismatch,top_candidate_for_multiple_mountains"
257,大空山,summit-candidate:fd13fabb918486e6,yamap_2024-01-27_08_01.gpx,大空山,348.28333333333336,352,3.72,0.713,1,1,0.153,true,true,medium,high,medium,accept_candidate_after_map_check,island_text_match,,大三島,大三島,"大三島町明日, 篠浜, 今治市, 愛媛県, 794-8511, 日本",multiple_candidates_for_mountain|multiple_mountains_for_candidate|missing_csv_coordinate|location_mismatch_warning|activity_link_ambiguous,top_1_but_ambiguous,clear_mutual_top1,mountain=大空山(#257); candidate=summit-candidate:fd13fabb918486e6; ref_score=0.713; ref_rank=1; loc_level=island_text_match; priority=high; priority_reasons=top_1_but_ambiguous
257,大空山,summit-candidate:02d59cd1260af017,yamap_2024-01-27_10_11.gpx,御串山,62.803333333333335,352,289.2,0.56,2,2,0.105,false,true,low,high,high,resolve_conflict,island_text_match,,大三島,大三島,"今治大三島自転車道線, 大三島町明日, 新地, 今治市, 愛媛県, 794-8511, 日本",multiple_candidates_for_mountain|multiple_mountains_for_candidate|weak_elevation_evidence|missing_csv_coordinate|location_mismatch_warning|activity_link_ambiguous,top_candidate_for_multiple_mountains,shared_candidate,mountain=大空山(#257); candidate=summit-candidate:02d59cd1260af017; ref_score=0.56; ref_rank=2; loc_level=island_text_match; priority=high; priority_reasons=top_candidate_for_multiple_mountains
257,大空山,summit-candidate:468c5bbccd8aba53,yamap_2024-01-27_13_31.gpx,宝股山,300.6033333333333,352,51.4,0.455,3,5,0.1445,false,false,low,high,high,resolve_conflict,boundary_tolerated_mismatch,,大三島,,"伯方町叶浦, 寺山, 今治市, 愛媛県, 794-8511, 日本",multiple_candidates_for_mountain|multiple_mountains_for_candidate|weak_elevation_evidence|missing_csv_coordinate|location_mismatch_warning|activity_link_ambiguous,strong_evidence_with_mismatch|top_candidate_for_multiple_mountains,shared_candidate,"mountain=大空山(#257); candidate=summit-candidate:468c5bbccd8aba53; ref_score=0.455; ref_rank=3; loc_level=boundary_tolerated_mismatch; priority=high; priority_reasons=strong_evidence_with_mismatch,top_candidate_for_multiple_mountains"
258,御串山,summit-candidate:02d59cd1260af017,yamap_2024-01-27_10_11.gpx,御串山,62.803333333333335,66,3.2,0.713,1,1,0.153,true,true,medium,high,high,resolve_conflict,island_text_match,,大三島,大三島,"今治大三島自転車道線, 大三島町明日, 新地, 今治市, 愛媛県, 794-8511, 日本",multiple_candidates_for_mountain|multiple_mountains_for_candidate|missing_csv_coordinate|location_mismatch_warning|activity_link_ambiguous,top_1_but_ambiguous|top_candidate_for_multiple_mountains,shared_candidate,"mountain=御串山(#258); candidate=summit-candidate:02d59cd1260af017; ref_score=0.713; ref_rank=1; loc_level=island_text_match; priority=high; priority_reasons=top_1_but_ambiguous,top_candidate_for_multiple_mountains"
258,御串山,summit-candidate:fd13fabb918486e6,yamap_2024-01-27_08_01.gpx,大空山,348.28333333333336,66,282.28,0.56,2,2,0.105,false,true,low,medium,low,low_priority,island_text_match,,大三島,大三島,"大三島町明日, 篠浜, 今治市, 愛媛県, 794-8511, 日本",multiple_candidates_for_mountain|multiple_mountains_for_candidate|weak_elevation_evidence|missing_csv_coordinate|location_mismatch_warning|activity_link_ambiguous,top_3_with_evidence,low_priority_alternative,mountain=御串山(#258); candidate=summit-candidate:fd13fabb918486e6; ref_score=0.56; ref_rank=2; loc_level=island_text_match; priority=medium; priority_reasons=top_3_with_evidence
258,御串山,summit-candidate:468c5bbccd8aba53,yamap_2024-01-27_13_31.gpx,宝股山,300.6033333333333,66,234.6,0.455,3,6,0.1445,false,false,low,high,high,resolve_conflict,boundary_tolerated_mismatch,,大三島,,"伯方町叶浦, 寺山, 今治市, 愛媛県, 794-8511, 日本",multiple_candidates_for_mountain|multiple_mountains_for_candidate|weak_elevation_evidence|missing_csv_coordinate|location_mismatch_warning|activity_link_ambiguous,strong_evidence_with_mismatch|top_candidate_for_multiple_mountains,shared_candidate,"mountain=御串山(#258); candidate=summit-candidate:468c5bbccd8aba53; ref_score=0.455; ref_rank=3; loc_level=boundary_tolerated_mismatch; priority=high; priority_reasons=strong_evidence_with_mismatch,top_candidate_for_multiple_mountains"
259,宝股山,summit-candidate:468c5bbccd8aba53,yamap_2024-01-27_13_31.gpx,宝股山,300.6033333333333,304,3.4,0.713,1,1,0.207,true,true,medium,high,high,resolve_conflict,island_text_match,,伯方島,伯方,"伯方町叶浦, 寺山, 今治市, 愛媛県, 794-8511, 日本",multiple_candidates_for_mountain|multiple_mountains_for_candidate|missing_csv_coordinate|location_mismatch_warning|activity_link_ambiguous,top_1_but_ambiguous|top_candidate_for_multiple_mountains,shared_candidate,"mountain=宝股山(#259); candidate=summit-candidate:468c5bbccd8aba53; ref_score=0.713; ref_rank=1; loc_level=island_text_match; priority=high; priority_reasons=top_1_but_ambiguous,top_candidate_for_multiple_mountains"
259,宝股山,summit-candidate:fd13fabb918486e6,yamap_2024-01-27_08_01.gpx,大空山,348.28333333333336,304,44.28,0.506,2,4,0.051,false,false,medium,high,high,check_location_warning,boundary_tolerated_mismatch,,伯方島,,"大三島町明日, 篠浜, 今治市, 愛媛県, 794-8511, 日本",multiple_candidates_for_mountain|multiple_mountains_for_candidate|missing_csv_coordinate|location_mismatch_warning|activity_link_ambiguous,strong_evidence_with_mismatch,location_mismatch_warning,mountain=宝股山(#259); candidate=summit-candidate:fd13fabb918486e6; ref_score=0.506; ref_rank=2; loc_level=boundary_tolerated_mismatch; priority=high; priority_reasons=strong_evidence_with_mismatch
259,宝股山,summit-candidate:02d59cd1260af017,yamap_2024-01-27_10_11.gpx,御串山,62.803333333333335,304,241.2,0.455,3,5,0.1445,false,false,low,high,high,resolve_conflict,boundary_tolerated_mismatch,,伯方島,,"今治大三島自転車道線, 大三島町明日, 新地, 今治市, 愛媛県, 794-8511, 日本",multiple_candidates_for_mountain|multiple_mountains_for_candidate|weak_elevation_evidence|missing_csv_coordinate|location_mismatch_warning|activity_link_ambiguous,strong_evidence_with_mismatch|top_candidate_for_multiple_mountains,shared_candidate,"mountain=宝股山(#259); candidate=summit-candidate:02d59cd1260af017; ref_score=0.455; ref_rank=3; loc_level=boundary_tolerated_mismatch; priority=high; priority_reasons=strong_evidence_with_mismatch,top_candidate_for_multiple_mountains"
260,開山,summit-candidate:468c5bbccd8aba53,yamap_2024-01-27_13_31.gpx,宝股山,300.6033333333333,149,151.6,0.56,1,2,0.105,false,true,low,high,high,resolve_conflict,island_text_match,,伯方島,伯方,"伯方町叶浦, 寺山, 今治市, 愛媛県, 794-8511, 日本",multiple_candidates_for_mountain|multiple_mountains_for_candidate|weak_elevation_evidence|missing_csv_coordinate|location_mismatch_warning|activity_link_ambiguous,top_1_but_ambiguous|top_candidate_for_multiple_mountains,shared_candidate|not_mutual_top1,"mountain=開山(#260); candidate=summit-candidate:468c5bbccd8aba53; ref_score=0.56; ref_rank=1; loc_level=island_text_match; priority=high; priority_reasons=top_1_but_ambiguous,top_candidate_for_multiple_mountains"
260,開山,summit-candidate:02d59cd1260af017,yamap_2024-01-27_10_11.gpx,御串山,62.803333333333335,149,86.2,0.455,2,6,0,false,false,low,high,high,resolve_conflict,boundary_tolerated_mismatch,,伯方島,,"今治大三島自転車道線, 大三島町明日, 新地, 今治市, 愛媛県, 794-8511, 日本",multiple_candidates_for_mountain|multiple_mountains_for_candidate|weak_elevation_evidence|missing_csv_coordinate|location_mismatch_warning|activity_link_ambiguous,strong_evidence_with_mismatch|top_candidate_for_multiple_mountains,shared_candidate,"mountain=開山(#260); candidate=summit-candidate:02d59cd1260af017; ref_score=0.455; ref_rank=2; loc_level=boundary_tolerated_mismatch; priority=high; priority_reasons=strong_evidence_with_mismatch,top_candidate_for_multiple_mountains"
260,開山,summit-candidate:fd13fabb918486e6,yamap_2024-01-27_08_01.gpx,大空山,348.28333333333336,149,199.28,0.455,3,7,0.1445,false,false,low,high,high,check_location_warning,boundary_tolerated_mismatch,,伯方島,,"大三島町明日, 篠浜, 今治市, 愛媛県, 794-8511, 日本",multiple_candidates_for_mountain|multiple_mountains_for_candidate|weak_elevation_evidence|missing_csv_coordinate|location_mismatch_warning|activity_link_ambiguous,strong_evidence_with_mismatch,location_mismatch_warning,mountain=開山(#260); candidate=summit-candidate:fd13fabb918486e6; ref_score=0.455; ref_rank=3; loc_level=boundary_tolerated_mismatch; priority=high; priority_reasons=strong_evidence_with_mismatch
261,鳥屋ヶ森,summit-candidate:ef6730fa259856ec,yamap_2024-02-10_07_09.gpx,鳥屋ヶ森,319.6933333333333,322,2.31,0.7875,1,1,0.051,true,true,medium,high,medium,accept_candidate_after_map_check,exact_municipality_match,宇和島市,,宇和島市,"百之浦, 本九島, 宇和島市, 愛媛県, 798-0096, 日本",multiple_candidates_for_mountain|multiple_mountains_for_candidate|missing_csv_coordinate|activity_link_ambiguous,top_1_but_ambiguous,clear_mutual_top1,mountain=鳥屋ヶ森(#261); candidate=summit-candidate:ef6730fa259856ec; ref_score=0.7875; ref_rank=1; loc_level=exact_municipality_match; priority=high; priority_reasons=top_1_but_ambiguous
261,鳥屋ヶ森,summit-candidate:ef3e845b5d632dd3,yamap_2024-02-10_09_58.gpx,熊ガ峰,340.53999999999996,322,18.54,0.7365,2,2,0.102,false,true,medium,medium,low,low_priority,exact_municipality_match,宇和島市,,宇和島市,"蕨, 宇和島市, 愛媛県, 798-8601, 日本",multiple_candidates_for_mountain|multiple_mountains_for_candidate|missing_csv_coordinate|activity_link_ambiguous,top_3_with_evidence,low_priority_alternative,mountain=鳥屋ヶ森(#261); candidate=summit-candidate:ef3e845b5d632dd3; ref_score=0.7365; ref_rank=2; loc_level=exact_municipality_match; priority=medium; priority_reasons=top_3_with_evidence
261,鳥屋ヶ森,summit-candidate:84f974876f397da1,yamap_2024-02-10_13_09.gpx,権現山,498.7563056512352,322,176.76,0.6345,3,2,0.1445,false,true,medium,medium,low,low_priority,exact_municipality_match,宇和島市,,宇和島市,"津島町北灘, 宇和島市, 愛媛県, 798-8601, 日本",multiple_candidates_for_mountain|multiple_mountains_for_candidate|weak_elevation_evidence|missing_csv_coordinate|activity_link_ambiguous,top_3_with_evidence,low_priority_alternative,mountain=鳥屋ヶ森(#261); candidate=summit-candidate:84f974876f397da1; ref_score=0.6345; ref_rank=3; loc_level=exact_municipality_match; priority=medium; priority_reasons=top_3_with_evidence
262,熊ガ峰,summit-candidate:ef3e845b5d632dd3,yamap_2024-02-10_09_58.gpx,熊ガ峰,340.53999999999996,343,2.46,0.7875,1,1,0.051,true,true,medium,high,medium,accept_candidate_after_map_check,exact_municipality_match,宇和島市,,宇和島市,"蕨, 宇和島市, 愛媛県, 798-8601, 日本",multiple_candidates_for_mountain|multiple_mountains_for_candidate|missing_csv_coordinate|activity_link_ambiguous,top_1_but_ambiguous,clear_mutual_top1,mountain=熊ガ峰(#262); candidate=summit-candidate:ef3e845b5d632dd3; ref_score=0.7875; ref_rank=1; loc_level=exact_municipality_match; priority=high; priority_reasons=top_1_but_ambiguous
262,熊ガ峰,summit-candidate:ef6730fa259856ec,yamap_2024-02-10_07_09.gpx,鳥屋ヶ森,319.6933333333333,343,23.31,0.7365,2,2,0.102,false,true,medium,medium,low,low_priority,exact_municipality_match,宇和島市,,宇和島市,"百之浦, 本九島, 宇和島市, 愛媛県, 798-0096, 日本",multiple_candidates_for_mountain|multiple_mountains_for_candidate|missing_csv_coordinate|activity_link_ambiguous,top_3_with_evidence,low_priority_alternative,mountain=熊ガ峰(#262); candidate=summit-candidate:ef6730fa259856ec; ref_score=0.7365; ref_rank=2; loc_level=exact_municipality_match; priority=medium; priority_reasons=top_3_with_evidence
262,熊ガ峰,summit-candidate:84f974876f397da1,yamap_2024-02-10_13_09.gpx,権現山,498.7563056512352,343,155.76,0.6345,3,3,0.1445,false,true,medium,medium,low,low_priority,exact_municipality_match,宇和島市,,宇和島市,"津島町北灘, 宇和島市, 愛媛県, 798-8601, 日本",multiple_candidates_for_mountain|multiple_mountains_for_candidate|weak_elevation_evidence|missing_csv_coordinate|activity_link_ambiguous,top_3_with_evidence,low_priority_alternative,mountain=熊ガ峰(#262); candidate=summit-candidate:84f974876f397da1; ref_score=0.6345; ref_rank=3; loc_level=exact_municipality_match; priority=medium; priority_reasons=top_3_with_evidence
263,権現山,summit-candidate:84f974876f397da1,yamap_2024-02-10_13_09.gpx,権現山,498.7563056512352,489,9.76,0.7875,1,1,0.153,true,true,medium,high,medium,accept_candidate_after_map_check,exact_municipality_match,宇和島市,,宇和島市,"津島町北灘, 宇和島市, 愛媛県, 798-8601, 日本",multiple_candidates_for_mountain|multiple_mountains_for_candidate|missing_csv_coordinate|activity_link_ambiguous,top_1_but_ambiguous,clear_mutual_top1,mountain=権現山(#263); candidate=summit-candidate:84f974876f397da1; ref_score=0.7875; ref_rank=1; loc_level=exact_municipality_match; priority=high; priority_reasons=top_1_but_ambiguous
263,権現山,summit-candidate:e8b129f70e703be5,yamap_2026-03-07_11_08.gpx,権現山,949.9166666666666,489,460.92,0.6345,2,3,0,false,true,medium,high,high,resolve_conflict,exact_municipality_match,宇和島市,,宇和島市,"山高神社, 若山林道, 野川, 宇和島市, 愛媛県, 798-8601, 日本",multiple_candidates_for_mountain|multiple_mountains_for_candidate|weak_elevation_evidence|missing_csv_coordinate|activity_link_ambiguous,top_candidate_for_multiple_mountains,shared_candidate,mountain=権現山(#263); candidate=summit-candidate:e8b129f70e703be5; ref_score=0.6345; ref_rank=2; loc_level=exact_municipality_match; priority=high; priority_reasons=top_candidate_for_multiple_mountains
263,権現山,summit-candidate:ef3e845b5d632dd3,yamap_2024-02-10_09_58.gpx,熊ガ峰,340.53999999999996,489,148.46,0.6345,3,3,0,false,true,medium,medium,low,low_priority,exact_municipality_match,宇和島市,,宇和島市,"蕨, 宇和島市, 愛媛県, 798-8601, 日本",multiple_candidates_for_mountain|multiple_mountains_for_candidate|weak_elevation_evidence|missing_csv_coordinate|activity_link_ambiguous,top_3_with_evidence,low_priority_alternative,mountain=権現山(#263); candidate=summit-candidate:ef3e845b5d632dd3; ref_score=0.6345; ref_rank=3; loc_level=exact_municipality_match; priority=medium; priority_reasons=top_3_with_evidence
264,大黒山,summit-candidate:f5c22dac4bd015ae,yamap_2024-02-17_05_38.gpx,大黒山・譲ヶ葉森,1098.249041559603,1106,7.75,0.7875,1,1,0.153,true,true,medium,high,medium,accept_candidate_after_map_check,exact_municipality_match,宇和島市,,宇和島市,"四万十市, 高知県, 日本",multiple_candidates_for_mountain|multiple_mountains_for_candidate|missing_csv_coordinate,top_1_but_ambiguous,clear_mutual_top1,mountain=大黒山(#264); candidate=summit-candidate:f5c22dac4bd015ae; ref_score=0.7875; ref_rank=1; loc_level=exact_municipality_match; priority=high; priority_reasons=top_1_but_ambiguous
264,大黒山,summit-candidate:19baf3ce30f8991a,yamap_2024-02-17_05_38.gpx,大黒山・譲ヶ葉森,1021.9555481598042,1106,84.04,0.6345,2,2,0,false,true,medium,high,high,resolve_conflict,exact_municipality_match,宇和島市,,宇和島市,"宇和島市, 愛媛県, 798-8601, 日本",multiple_candidates_for_mountain|multiple_mountains_for_candidate|weak_elevation_evidence|missing_csv_coordinate,top_candidate_for_multiple_mountains,shared_candidate,mountain=大黒山(#264); candidate=summit-candidate:19baf3ce30f8991a; ref_score=0.6345; ref_rank=2; loc_level=exact_municipality_match; priority=high; priority_reasons=top_candidate_for_multiple_mountains
264,大黒山,summit-candidate:56cffb103cbe3aac,yamap_2024-02-17_05_38.gpx,大黒山・譲ヶ葉森,863.4266666666667,1106,242.57,0.6345,3,1,0.0265,false,true,medium,medium,low,low_priority,exact_municipality_match,宇和島市,,宇和島市,"宇和島市, 愛媛県, 798-8601, 日本",multiple_candidates_for_mountain|multiple_mountains_for_candidate|weak_elevation_evidence|missing_csv_coordinate,top_3_with_evidence,low_priority_alternative,mountain=大黒山(#264); candidate=summit-candidate:56cffb103cbe3aac; ref_score=0.6345; ref_rank=3; loc_level=exact_municipality_match; priority=medium; priority_reasons=top_3_with_evidence
265,譲ヶ葉森,summit-candidate:19baf3ce30f8991a,yamap_2024-02-17_05_38.gpx,大黒山・譲ヶ葉森,1021.9555481598042,1016,5.96,0.7875,1,1,0.153,true,true,medium,high,high,resolve_conflict,exact_municipality_match,宇和島市,,宇和島市,"宇和島市, 愛媛県, 798-8601, 日本",multiple_candidates_for_mountain|multiple_mountains_for_candidate|missing_csv_coordinate,top_1_but_ambiguous|top_candidate_for_multiple_mountains,shared_candidate,"mountain=譲ヶ葉森(#265); candidate=summit-candidate:19baf3ce30f8991a; ref_score=0.7875; ref_rank=1; loc_level=exact_municipality_match; priority=high; priority_reasons=top_1_but_ambiguous,top_candidate_for_multiple_mountains"
265,譲ヶ葉森,summit-candidate:56cffb103cbe3aac,yamap_2024-02-17_05_38.gpx,大黒山・譲ヶ葉森,863.4266666666667,1016,152.57,0.6345,2,2,0,false,true,medium,medium,low,low_priority,exact_municipality_match,宇和島市,,宇和島市,"宇和島市, 愛媛県, 798-8601, 日本",multiple_candidates_for_mountain|multiple_mountains_for_candidate|weak_elevation_evidence|missing_csv_coordinate,top_3_with_evidence,low_priority_alternative,mountain=譲ヶ葉森(#265); candidate=summit-candidate:56cffb103cbe3aac; ref_score=0.6345; ref_rank=2; loc_level=exact_municipality_match; priority=medium; priority_reasons=top_3_with_evidence
265,譲ヶ葉森,summit-candidate:f5c22dac4bd015ae,yamap_2024-02-17_05_38.gpx,大黒山・譲ヶ葉森,1098.249041559603,1016,82.25,0.6345,3,2,0.1795,false,true,medium,medium,low,low_priority,exact_municipality_match,宇和島市,,宇和島市,"四万十市, 高知県, 日本",multiple_candidates_for_mountain|multiple_mountains_for_candidate|weak_elevation_evidence|missing_csv_coordinate,top_3_with_evidence,low_priority_alternative,mountain=譲ヶ葉森(#265); candidate=summit-candidate:f5c22dac4bd015ae; ref_score=0.6345; ref_rank=3; loc_level=exact_municipality_match; priority=medium; priority_reasons=top_3_with_evidence
266,郭公岳,summit-candidate:62351b8782d6f597,yamap_2024-02-24_07_06.gpx,高月山・東高月山・郭公岳・櫨ヶ森・毛山,1191.8999999999999,1010,181.9,0.6345,1,3,0,false,true,medium,high,high,resolve_conflict,exact_municipality_match,宇和島市,,宇和島市,"滑床林道63支線, 宇和島市, 愛媛県, 798-8601, 日本",multiple_candidates_for_mountain|multiple_mountains_for_candidate|weak_elevation_evidence|missing_csv_coordinate,top_1_but_ambiguous|top_candidate_for_multiple_mountains,shared_candidate|not_mutual_top1,"mountain=郭公岳(#266); candidate=summit-candidate:62351b8782d6f597; ref_score=0.6345; ref_rank=1; loc_level=exact_municipality_match; priority=high; priority_reasons=top_1_but_ambiguous,top_candidate_for_multiple_mountains"
266,郭公岳,summit-candidate:90c3723735d95c0d,yamap_2024-02-24_07_06.gpx,高月山・東高月山・郭公岳・櫨ヶ森・毛山,1224.2266666666667,1010,214.23,0.6345,2,3,0,false,true,medium,medium,high,check_close_alternatives,exact_municipality_match,宇和島市,,宇和島市,"滑床林道63支線, 宇和島市, 愛媛県, 798-8601, 日本",multiple_candidates_for_mountain|multiple_mountains_for_candidate|weak_elevation_evidence|missing_csv_coordinate,top_3_with_evidence,small_score_gap,mountain=郭公岳(#266); candidate=summit-candidate:90c3723735d95c0d; ref_score=0.6345; ref_rank=2; loc_level=exact_municipality_match; priority=medium; priority_reasons=top_3_with_evidence
266,郭公岳,summit-candidate:ba56c1ac8ac55c5f,yamap_2024-02-24_07_06.gpx,高月山・東高月山・郭公岳・櫨ヶ森・毛山,1062.8166666666666,1010,52.82,0.6345,3,3,0,false,true,medium,medium,high,check_close_alternatives,exact_municipality_match,宇和島市,,宇和島市,"宇和島市, 愛媛県, 798-8601, 日本",multiple_candidates_for_mountain|multiple_mountains_for_candidate|weak_elevation_evidence|missing_csv_coordinate,top_3_with_evidence,small_score_gap,mountain=郭公岳(#266); candidate=summit-candidate:ba56c1ac8ac55c5f; ref_score=0.6345; ref_rank=3; loc_level=exact_municipality_match; priority=medium; priority_reasons=top_3_with_evidence
267,東高月山,summit-candidate:62351b8782d6f597,yamap_2024-02-24_07_06.gpx,高月山・東高月山・郭公岳・櫨ヶ森・毛山,1191.8999999999999,1181,10.9,0.7365,1,1,0.051,true,true,medium,high,high,resolve_conflict,exact_municipality_match,宇和島市,,宇和島市,"滑床林道63支線, 宇和島市, 愛媛県, 798-8601, 日本",multiple_candidates_for_mountain|multiple_mountains_for_candidate|missing_csv_coordinate,top_1_but_ambiguous|top_candidate_for_multiple_mountains,shared_candidate,"mountain=東高月山(#267); candidate=summit-candidate:62351b8782d6f597; ref_score=0.7365; ref_rank=1; loc_level=exact_municipality_match; priority=high; priority_reasons=top_1_but_ambiguous,top_candidate_for_multiple_mountains"
267,東高月山,summit-candidate:90c3723735d95c0d,yamap_2024-02-24_07_06.gpx,高月山・東高月山・郭公岳・櫨ヶ森・毛山,1224.2266666666667,1181,43.23,0.6855,2,2,0.051,false,true,medium,medium,low,low_priority,exact_municipality_match,宇和島市,,宇和島市,"滑床林道63支線, 宇和島市, 愛媛県, 798-8601, 日本",multiple_candidates_for_mountain|multiple_mountains_for_candidate|missing_csv_coordinate,top_3_with_evidence,low_priority_alternative,mountain=東高月山(#267); candidate=summit-candidate:90c3723735d95c0d; ref_score=0.6855; ref_rank=2; loc_level=exact_municipality_match; priority=medium; priority_reasons=top_3_with_evidence
267,東高月山,summit-candidate:ba56c1ac8ac55c5f,yamap_2024-02-24_07_06.gpx,高月山・東高月山・郭公岳・櫨ヶ森・毛山,1062.8166666666666,1181,118.18,0.6345,3,4,0,false,false,medium,medium,low,low_priority,exact_municipality_match,宇和島市,,宇和島市,"宇和島市, 愛媛県, 798-8601, 日本",multiple_candidates_for_mountain|multiple_mountains_for_candidate|weak_elevation_evidence|missing_csv_coordinate,top_3_with_evidence,low_priority_alternative,mountain=東高月山(#267); candidate=summit-candidate:ba56c1ac8ac55c5f; ref_score=0.6345; ref_rank=3; loc_level=exact_municipality_match; priority=medium; priority_reasons=top_3_with_evidence
268,高月山,summit-candidate:90c3723735d95c0d,yamap_2024-02-24_07_06.gpx,高月山・東高月山・郭公岳・櫨ヶ森・毛山,1224.2266666666667,1229,4.77,0.7875,1,1,0.102,true,true,medium,high,medium,accept_candidate_after_map_check,exact_municipality_match,宇和島市,,宇和島市,"滑床林道63支線, 宇和島市, 愛媛県, 798-8601, 日本",multiple_candidates_for_mountain|multiple_mountains_for_candidate|missing_csv_coordinate,top_1_but_ambiguous,clear_mutual_top1,mountain=高月山(#268); candidate=summit-candidate:90c3723735d95c0d; ref_score=0.7875; ref_rank=1; loc_level=exact_municipality_match; priority=high; priority_reasons=top_1_but_ambiguous
268,高月山,summit-candidate:62351b8782d6f597,yamap_2024-02-24_07_06.gpx,高月山・東高月山・郭公岳・櫨ヶ森・毛山,1191.8999999999999,1229,37.1,0.6855,2,2,0.051,false,true,medium,high,high,resolve_conflict,exact_municipality_match,宇和島市,,宇和島市,"滑床林道63支線, 宇和島市, 愛媛県, 798-8601, 日本",multiple_candidates_for_mountain|multiple_mountains_for_candidate|missing_csv_coordinate,top_candidate_for_multiple_mountains,shared_candidate,mountain=高月山(#268); candidate=summit-candidate:62351b8782d6f597; ref_score=0.6855; ref_rank=2; loc_level=exact_municipality_match; priority=high; priority_reasons=top_candidate_for_multiple_mountains
268,高月山,summit-candidate:ba56c1ac8ac55c5f,yamap_2024-02-24_07_06.gpx,高月山・東高月山・郭公岳・櫨ヶ森・毛山,1062.8166666666666,1229,166.18,0.6345,3,5,0,false,false,medium,medium,low,low_priority,exact_municipality_match,宇和島市,,宇和島市,"宇和島市, 愛媛県, 798-8601, 日本",multiple_candidates_for_mountain|multiple_mountains_for_candidate|weak_elevation_evidence|missing_csv_coordinate,top_3_with_evidence,low_priority_alternative,mountain=高月山(#268); candidate=summit-candidate:ba56c1ac8ac55c5f; ref_score=0.6345; ref_rank=3; loc_level=exact_municipality_match; priority=medium; priority_reasons=top_3_with_evidence
269,櫨ヶ森,summit-candidate:ba56c1ac8ac55c5f,yamap_2024-02-24_07_06.gpx,高月山・東高月山・郭公岳・櫨ヶ森・毛山,1062.8166666666666,1064,1.18,0.7875,1,1,0.051,true,true,medium,high,medium,accept_candidate_after_map_check,exact_municipality_match,宇和島市,,宇和島市,"宇和島市, 愛媛県, 798-8601, 日本",multiple_candidates_for_mountain|multiple_mountains_for_candidate|missing_csv_coordinate,top_1_but_ambiguous,clear_mutual_top1,mountain=櫨ヶ森(#269); candidate=summit-candidate:ba56c1ac8ac55c5f; ref_score=0.7875; ref_rank=1; loc_level=exact_municipality_match; priority=high; priority_reasons=top_1_but_ambiguous
269,櫨ヶ森,summit-candidate:f7e5fd7b11eb7bd4,yamap_2024-02-24_07_06.gpx,高月山・東高月山・郭公岳・櫨ヶ森・毛山,1084.0533333333333,1064,20.05,0.7365,2,2,0.102,false,true,medium,medium,low,low_priority,exact_municipality_match,宇和島市,,宇和島市,"野川, 宇和島市, 愛媛県, 798-8601, 日本",multiple_candidates_for_mountain|multiple_mountains_for_candidate|missing_csv_coordinate,top_3_with_evidence,low_priority_alternative,mountain=櫨ヶ森(#269); candidate=summit-candidate:f7e5fd7b11eb7bd4; ref_score=0.7365; ref_rank=2; loc_level=exact_municipality_match; priority=medium; priority_reasons=top_3_with_evidence
269,櫨ヶ森,summit-candidate:62351b8782d6f597,yamap_2024-02-24_07_06.gpx,高月山・東高月山・郭公岳・櫨ヶ森・毛山,1191.8999999999999,1064,127.9,0.6345,3,4,0,false,false,medium,high,high,resolve_conflict,exact_municipality_match,宇和島市,,宇和島市,"滑床林道63支線, 宇和島市, 愛媛県, 798-8601, 日本",multiple_candidates_for_mountain|multiple_mountains_for_candidate|weak_elevation_evidence|missing_csv_coordinate,top_candidate_for_multiple_mountains,shared_candidate,mountain=櫨ヶ森(#269); candidate=summit-candidate:62351b8782d6f597; ref_score=0.6345; ref_rank=3; loc_level=exact_municipality_match; priority=high; priority_reasons=top_candidate_for_multiple_mountains
270,毛山,summit-candidate:40068653b28bad40,yamap_2022-04-08_09_33.gpx,鬼ヶ城山・大久保山・八面山・三本杭・横ノ森・小屋ヶ森・毛山,1090.3964691990484,1089,1.4,0.7875,1,1,0,true,true,medium,high,medium,accept_candidate_after_map_check,exact_municipality_match,宇和島市,,宇和島市,"野川, 宇和島市, 愛媛県, 798-8601, 日本",multiple_candidates_for_mountain|multiple_mountains_for_candidate|missing_csv_coordinate,top_1_but_ambiguous,clear_mutual_top1,mountain=毛山(#270); candidate=summit-candidate:40068653b28bad40; ref_score=0.7875; ref_rank=1; loc_level=exact_municipality_match; priority=high; priority_reasons=top_1_but_ambiguous
270,毛山,summit-candidate:f7e5fd7b11eb7bd4,yamap_2024-02-24_07_06.gpx,高月山・東高月山・郭公岳・櫨ヶ森・毛山,1084.0533333333333,1089,4.95,0.7875,2,1,0.051,false,true,medium,medium,high,check_close_alternatives,exact_municipality_match,宇和島市,,宇和島市,"野川, 宇和島市, 愛媛県, 798-8601, 日本",multiple_candidates_for_mountain|multiple_mountains_for_candidate|missing_csv_coordinate,top_3_with_evidence,small_score_gap,mountain=毛山(#270); candidate=summit-candidate:f7e5fd7b11eb7bd4; ref_score=0.7875; ref_rank=2; loc_level=exact_municipality_match; priority=medium; priority_reasons=top_3_with_evidence
270,毛山,summit-candidate:ba56c1ac8ac55c5f,yamap_2024-02-24_07_06.gpx,高月山・東高月山・郭公岳・櫨ヶ森・毛山,1062.8166666666666,1089,26.18,0.7365,3,2,0.102,false,true,medium,medium,low,low_priority,exact_municipality_match,宇和島市,,宇和島市,"宇和島市, 愛媛県, 798-8601, 日本",multiple_candidates_for_mountain|multiple_mountains_for_candidate|missing_csv_coordinate,top_3_with_evidence,low_priority_alternative,mountain=毛山(#270); candidate=summit-candidate:ba56c1ac8ac55c5f; ref_score=0.7365; ref_rank=3; loc_level=exact_municipality_match; priority=medium; priority_reasons=top_3_with_evidence
271,白石山,summit-candidate:ac8e3853fbbf0c6f,yamap_2024-03-03_06_23.gpx,白石山,651.8438770113412,648,3.84,0.7875,1,1,0.3325,true,true,medium,high,high,resolve_conflict,exact_municipality_match,愛南町,,愛南町,"愛南町, 南宇和郡, 愛媛県, 798-4135, 日本",multiple_candidates_for_mountain|multiple_mountains_for_candidate|missing_csv_coordinate|activity_link_ambiguous,top_1_but_ambiguous|top_candidate_for_multiple_mountains,shared_candidate,"mountain=白石山(#271); candidate=summit-candidate:ac8e3853fbbf0c6f; ref_score=0.7875; ref_rank=1; loc_level=exact_municipality_match; priority=high; priority_reasons=top_1_but_ambiguous,top_candidate_for_multiple_mountains"
271,白石山,summit-candidate:93a4d66ef3ee559d,yamap_2024-03-03_13_33.gpx,天ガ森,343.7659610142553,648,304.23,0.455,2,4,0,false,false,low,high,high,check_location_warning,boundary_tolerated_mismatch,愛南町,,,"宇和島市, 愛媛県, 798-8601, 日本",multiple_candidates_for_mountain|multiple_mountains_for_candidate|weak_elevation_evidence|missing_csv_coordinate|location_mismatch_warning|activity_link_ambiguous,strong_evidence_with_mismatch,location_mismatch_warning,mountain=白石山(#271); candidate=summit-candidate:93a4d66ef3ee559d; ref_score=0.455; ref_rank=2; loc_level=boundary_tolerated_mismatch; priority=high; priority_reasons=strong_evidence_with_mismatch
271,白石山,summit-candidate:97e45d6eab227d56,yamap_2024-03-03_10_00.gpx,音無山,845.57,648,197.57,0.455,3,3,0,false,true,low,high,high,check_location_warning,boundary_tolerated_mismatch,愛南町,,,"宇和島市, 愛媛県, 798-8601, 日本",multiple_candidates_for_mountain|multiple_mountains_for_candidate|weak_elevation_evidence|missing_csv_coordinate|location_mismatch_warning|activity_link_ambiguous,strong_evidence_with_mismatch,location_mismatch_warning,mountain=白石山(#271); candidate=summit-candidate:97e45d6eab227d56; ref_score=0.455; ref_rank=3; loc_level=boundary_tolerated_mismatch; priority=high; priority_reasons=strong_evidence_with_mismatch
272,観音岳,summit-candidate:ac8e3853fbbf0c6f,yamap_2024-03-03_06_23.gpx,白石山,651.8438770113412,782,130.16,0.6345,1,2,0.0265,false,true,medium,high,high,resolve_conflict,exact_municipality_match,愛南町,,愛南町,"愛南町, 南宇和郡, 愛媛県, 798-4135, 日本",multiple_candidates_for_mountain|multiple_mountains_for_candidate|weak_elevation_evidence|missing_csv_coordinate|activity_link_ambiguous,top_1_but_ambiguous|top_candidate_for_multiple_mountains,shared_candidate|not_mutual_top1,"mountain=観音岳(#272); candidate=summit-candidate:ac8e3853fbbf0c6f; ref_score=0.6345; ref_rank=1; loc_level=exact_municipality_match; priority=high; priority_reasons=top_1_but_ambiguous,top_candidate_for_multiple_mountains"
272,観音岳,summit-candidate:a53cc9868b7f2f70,yamap_2024-03-03_08_44.gpx,観音岳,780.6233333333334,782,1.38,0.608,2,3,0.118,false,true,medium,high,high,check_close_alternatives,boundary_tolerated_mismatch,愛南町,,,"緑資源幹線林道　広見・篠川線　小岩道・鳥越区間, 宇和島市, 愛媛県, 798-8601, 日本",multiple_candidates_for_mountain|multiple_mountains_for_candidate|missing_csv_coordinate|location_mismatch_warning|activity_link_ambiguous,strong_evidence_with_mismatch,small_score_gap,mountain=観音岳(#272); candidate=summit-candidate:a53cc9868b7f2f70; ref_score=0.608; ref_rank=2; loc_level=boundary_tolerated_mismatch; priority=high; priority_reasons=strong_evidence_with_mismatch
272,観音岳,summit-candidate:cf1cb583d492455c,yamap_2023-11-19_06_46.gpx,瀬戸黒森・三森・羽子山・観音森,784.9416257231666,782,2.94,0.49,3,5,0.035,false,false,low,medium,low,low_priority,exact_municipality_match,愛南町,,愛南町,"緑丙, 愛南町, 南宇和郡, 愛媛県, 798-4135, 日本",multiple_candidates_for_mountain|multiple_mountains_for_candidate|weak_name_evidence|missing_csv_coordinate,top_3_with_evidence,low_priority_alternative,mountain=観音岳(#272); candidate=summit-candidate:cf1cb583d492455c; ref_score=0.49; ref_rank=3; loc_level=exact_municipality_match; priority=medium; priority_reasons=top_3_with_evidence
273,音無山,summit-candidate:97e45d6eab227d56,yamap_2024-03-03_10_00.gpx,音無山,845.57,850,4.43,0.7875,1,1,0.153,true,true,medium,high,medium,accept_candidate_after_map_check,exact_municipality_match,宇和島市,,宇和島市,"宇和島市, 愛媛県, 798-8601, 日本",multiple_candidates_for_mountain|multiple_mountains_for_candidate|missing_csv_coordinate|activity_link_ambiguous,top_1_but_ambiguous,clear_mutual_top1,mountain=音無山(#273); candidate=summit-candidate:97e45d6eab227d56; ref_score=0.7875; ref_rank=1; loc_level=exact_municipality_match; priority=high; priority_reasons=top_1_but_ambiguous
273,音無山,summit-candidate:93a4d66ef3ee559d,yamap_2024-03-03_13_33.gpx,天ガ森,343.7659610142553,850,506.23,0.6345,2,2,0,false,true,medium,medium,low,low_priority,exact_municipality_match,宇和島市,,宇和島市,"宇和島市, 愛媛県, 798-8601, 日本",multiple_candidates_for_mountain|multiple_mountains_for_candidate|weak_elevation_evidence|missing_csv_coordinate|activity_link_ambiguous,top_3_with_evidence,low_priority_alternative,mountain=音無山(#273); candidate=summit-candidate:93a4d66ef3ee559d; ref_score=0.6345; ref_rank=2; loc_level=exact_municipality_match; priority=medium; priority_reasons=top_3_with_evidence
273,音無山,summit-candidate:a53cc9868b7f2f70,yamap_2024-03-03_08_44.gpx,観音岳,780.6233333333334,850,69.38,0.6345,3,1,0.1795,false,true,medium,medium,low,low_priority,exact_municipality_match,宇和島市,,宇和島市,"緑資源幹線林道　広見・篠川線　小岩道・鳥越区間, 宇和島市, 愛媛県, 798-8601, 日本",multiple_candidates_for_mountain|multiple_mountains_for_candidate|weak_elevation_evidence|missing_csv_coordinate|activity_link_ambiguous,top_3_with_evidence,low_priority_alternative,mountain=音無山(#273); candidate=summit-candidate:a53cc9868b7f2f70; ref_score=0.6345; ref_rank=3; loc_level=exact_municipality_match; priority=medium; priority_reasons=top_3_with_evidence
274,天ガ森,summit-candidate:93a4d66ef3ee559d,yamap_2024-03-03_13_33.gpx,天ガ森,343.7659610142553,331,12.77,0.7365,1,1,0.102,true,true,medium,high,medium,accept_candidate_after_map_check,exact_municipality_match,宇和島市,,宇和島市,"宇和島市, 愛媛県, 798-8601, 日本",multiple_candidates_for_mountain|multiple_mountains_for_candidate|missing_csv_coordinate|activity_link_ambiguous,top_1_but_ambiguous,clear_mutual_top1,mountain=天ガ森(#274); candidate=summit-candidate:93a4d66ef3ee559d; ref_score=0.7365; ref_rank=1; loc_level=exact_municipality_match; priority=high; priority_reasons=top_1_but_ambiguous
274,天ガ森,summit-candidate:97e45d6eab227d56,yamap_2024-03-03_10_00.gpx,音無山,845.57,331,514.57,0.6345,2,2,0,false,true,medium,medium,low,low_priority,exact_municipality_match,宇和島市,,宇和島市,"宇和島市, 愛媛県, 798-8601, 日本",multiple_candidates_for_mountain|multiple_mountains_for_candidate|weak_elevation_evidence|missing_csv_coordinate|activity_link_ambiguous,top_3_with_evidence,low_priority_alternative,mountain=天ガ森(#274); candidate=summit-candidate:97e45d6eab227d56; ref_score=0.6345; ref_rank=2; loc_level=exact_municipality_match; priority=medium; priority_reasons=top_3_with_evidence
274,天ガ森,summit-candidate:a53cc9868b7f2f70,yamap_2024-03-03_08_44.gpx,観音岳,780.6233333333334,331,449.62,0.6345,3,2,0.1445,false,true,medium,medium,low,low_priority,exact_municipality_match,宇和島市,,宇和島市,"緑資源幹線林道　広見・篠川線　小岩道・鳥越区間, 宇和島市, 愛媛県, 798-8601, 日本",multiple_candidates_for_mountain|multiple_mountains_for_candidate|weak_elevation_evidence|missing_csv_coordinate|activity_link_ambiguous,top_3_with_evidence,low_priority_alternative,mountain=天ガ森(#274); candidate=summit-candidate:a53cc9868b7f2f70; ref_score=0.6345; ref_rank=3; loc_level=exact_municipality_match; priority=medium; priority_reasons=top_3_with_evidence
275,夫婦山,summit-candidate:3e9348428f22a320,yamap_2024-03-10_07_12.gpx,夫婦山・白山・観音山・国見山・城山・御勧請山,385.21553569431927,387,1.78,0.7875,1,1,0.051,true,true,medium,high,medium,accept_candidate_after_map_check,exact_municipality_match,松山市,,松山市,"東大栗町, 松山市, 愛媛県, 799-2649, 日本",multiple_candidates_for_mountain|multiple_mountains_for_candidate|missing_csv_coordinate,top_1_but_ambiguous,clear_mutual_top1,mountain=夫婦山(#275); candidate=summit-candidate:3e9348428f22a320; ref_score=0.7875; ref_rank=1; loc_level=exact_municipality_match; priority=high; priority_reasons=top_1_but_ambiguous
275,夫婦山,summit-candidate:2ab43729f5e80cbe,yamap_2024-03-10_07_12.gpx,夫婦山・白山・観音山・国見山・城山・御勧請山,376.3033333333333,387,10.7,0.7365,2,2,0,false,true,medium,medium,low,low_priority,exact_municipality_match,松山市,,松山市,"上伊台町, 松山市, 愛媛県, 790-2648, 日本",multiple_candidates_for_mountain|multiple_mountains_for_candidate|missing_csv_coordinate,top_3_with_evidence,low_priority_alternative,mountain=夫婦山(#275); candidate=summit-candidate:2ab43729f5e80cbe; ref_score=0.7365; ref_rank=2; loc_level=exact_municipality_match; priority=medium; priority_reasons=top_3_with_evidence
275,夫婦山,summit-candidate:cf29543e6beaa1ec,yamap_2024-03-10_07_12.gpx,夫婦山・白山・観音山・国見山・城山・御勧請山,365.7180112898549,387,21.28,0.7365,3,2,0.102,false,true,medium,medium,low,low_priority,exact_municipality_match,松山市,,松山市,"東大栗町, 松山市, 愛媛県, 799-2649, 日本",multiple_candidates_for_mountain|multiple_mountains_for_candidate|missing_csv_coordinate,top_3_with_evidence,low_priority_alternative,mountain=夫婦山(#275); candidate=summit-candidate:cf29543e6beaa1ec; ref_score=0.7365; ref_rank=3; loc_level=exact_municipality_match; priority=medium; priority_reasons=top_3_with_evidence
276,白山,summit-candidate:13b7a4bb8154974a,yamap_2024-03-10_07_12.gpx,夫婦山・白山・観音山・国見山・城山・御勧請山,336.02549564153543,327,9.03,0.7875,1,1,0,true,true,medium,high,high,resolve_conflict,exact_municipality_match,松山市,,松山市,"南白水三丁目, 下伊台町, 松山市, 愛媛県, 791-0112, 日本",multiple_candidates_for_mountain|multiple_mountains_for_candidate|missing_csv_coordinate,top_1_but_ambiguous|top_candidate_for_multiple_mountains,shared_candidate,"mountain=白山(#276); candidate=summit-candidate:13b7a4bb8154974a; ref_score=0.7875; ref_rank=1; loc_level=exact_municipality_match; priority=high; priority_reasons=top_1_but_ambiguous,top_candidate_for_multiple_mountains"
276,白山,summit-candidate:3a491eecbf684185,yamap_2024-03-10_07_12.gpx,夫婦山・白山・観音山・国見山・城山・御勧請山,332.31718344424,327,5.32,0.7875,2,1,0.102,false,true,medium,medium,high,check_close_alternatives,exact_municipality_match,松山市,,松山市,"東大栗町, 松山市, 愛媛県, 799-2649, 日本",multiple_candidates_for_mountain|multiple_mountains_for_candidate|missing_csv_coordinate,top_3_with_evidence,small_score_gap,mountain=白山(#276); candidate=summit-candidate:3a491eecbf684185; ref_score=0.7875; ref_rank=2; loc_level=exact_municipality_match; priority=medium; priority_reasons=top_3_with_evidence
276,白山,summit-candidate:2ab43729f5e80cbe,yamap_2024-03-10_07_12.gpx,夫婦山・白山・観音山・国見山・城山・御勧請山,376.3033333333333,327,49.3,0.6855,3,4,0,false,false,medium,medium,low,low_priority,exact_municipality_match,松山市,,松山市,"上伊台町, 松山市, 愛媛県, 790-2648, 日本",multiple_candidates_for_mountain|multiple_mountains_for_candidate|missing_csv_coordinate,top_3_with_evidence,low_priority_alternative,mountain=白山(#276); candidate=summit-candidate:2ab43729f5e80cbe; ref_score=0.6855; ref_rank=3; loc_level=exact_municipality_match; priority=medium; priority_reasons=top_3_with_evidence
277,観音山,summit-candidate:cf29543e6beaa1ec,yamap_2024-03-10_07_12.gpx,夫婦山・白山・観音山・国見山・城山・御勧請山,365.7180112898549,360,5.72,0.7875,1,1,0.051,true,true,medium,high,medium,accept_candidate_after_map_check,exact_municipality_match,松山市,,松山市,"東大栗町, 松山市, 愛媛県, 799-2649, 日本",multiple_candidates_for_mountain|multiple_mountains_for_candidate|missing_csv_coordinate,top_1_but_ambiguous,clear_mutual_top1,mountain=観音山(#277); candidate=summit-candidate:cf29543e6beaa1ec; ref_score=0.7875; ref_rank=1; loc_level=exact_municipality_match; priority=high; priority_reasons=top_1_but_ambiguous
277,観音山,summit-candidate:13b7a4bb8154974a,yamap_2024-03-10_07_12.gpx,夫婦山・白山・観音山・国見山・城山・御勧請山,336.02549564153543,360,23.97,0.7365,2,3,0,false,true,medium,high,high,resolve_conflict,exact_municipality_match,松山市,,松山市,"南白水三丁目, 下伊台町, 松山市, 愛媛県, 791-0112, 日本",multiple_candidates_for_mountain|multiple_mountains_for_candidate|missing_csv_coordinate,top_candidate_for_multiple_mountains,shared_candidate,mountain=観音山(#277); candidate=summit-candidate:13b7a4bb8154974a; ref_score=0.7365; ref_rank=2; loc_level=exact_municipality_match; priority=high; priority_reasons=top_candidate_for_multiple_mountains
277,観音山,summit-candidate:2ab43729f5e80cbe,yamap_2024-03-10_07_12.gpx,夫婦山・白山・観音山・国見山・城山・御勧請山,376.3033333333333,360,16.3,0.7365,3,3,0,false,true,medium,medium,low,low_priority,exact_municipality_match,松山市,,松山市,"上伊台町, 松山市, 愛媛県, 790-2648, 日本",multiple_candidates_for_mountain|multiple_mountains_for_candidate|missing_csv_coordinate,top_3_with_evidence,low_priority_alternative,mountain=観音山(#277); candidate=summit-candidate:2ab43729f5e80cbe; ref_score=0.7365; ref_rank=3; loc_level=exact_municipality_match; priority=medium; priority_reasons=top_3_with_evidence
278,国見山,summit-candidate:2ab43729f5e80cbe,yamap_2024-03-10_07_12.gpx,夫婦山・白山・観音山・国見山・城山・御勧請山,376.3033333333333,380,3.7,0.7875,1,1,0,true,true,medium,high,medium,accept_candidate_after_map_check,exact_municipality_match,松山市,,松山市,"上伊台町, 松山市, 愛媛県, 790-2648, 日本",multiple_candidates_for_mountain|multiple_mountains_for_candidate|missing_csv_coordinate,top_1_but_ambiguous,clear_mutual_top1,mountain=国見山(#278); candidate=summit-candidate:2ab43729f5e80cbe; ref_score=0.7875; ref_rank=1; loc_level=exact_municipality_match; priority=high; priority_reasons=top_1_but_ambiguous
278,国見山,summit-candidate:3e9348428f22a320,yamap_2024-03-10_07_12.gpx,夫婦山・白山・観音山・国見山・城山・御勧請山,385.21553569431927,380,5.22,0.7875,2,2,0.051,false,true,medium,medium,high,check_close_alternatives,exact_municipality_match,松山市,,松山市,"東大栗町, 松山市, 愛媛県, 799-2649, 日本",multiple_candidates_for_mountain|multiple_mountains_for_candidate|missing_csv_coordinate,top_3_with_evidence,small_score_gap,mountain=国見山(#278); candidate=summit-candidate:3e9348428f22a320; ref_score=0.7875; ref_rank=2; loc_level=exact_municipality_match; priority=medium; priority_reasons=top_3_with_evidence
278,国見山,summit-candidate:cf29543e6beaa1ec,yamap_2024-03-10_07_12.gpx,夫婦山・白山・観音山・国見山・城山・御勧請山,365.7180112898549,380,14.28,0.7365,3,3,0.051,false,true,medium,medium,low,low_priority,exact_municipality_match,松山市,,松山市,"東大栗町, 松山市, 愛媛県, 799-2649, 日本",multiple_candidates_for_mountain|multiple_mountains_for_candidate|missing_csv_coordinate,top_3_with_evidence,low_priority_alternative,mountain=国見山(#278); candidate=summit-candidate:cf29543e6beaa1ec; ref_score=0.7365; ref_rank=3; loc_level=exact_municipality_match; priority=medium; priority_reasons=top_3_with_evidence
279,城山,summit-candidate:1432f597b5dca157,yamap_2023-01-28_14_27.gpx,古城山・尾崎山,253.17333333333332,244,9.17,0.7875,1,2,0,false,true,medium,high,high,resolve_conflict,exact_municipality_match,松山市,,松山市,"東大栗町, 松山市, 愛媛県, 799-2649, 日本",multiple_candidates_for_mountain|multiple_mountains_for_candidate|missing_csv_coordinate|activity_link_ambiguous,top_1_but_ambiguous|top_candidate_for_multiple_mountains,shared_candidate|not_mutual_top1,"mountain=城山(#279); candidate=summit-candidate:1432f597b5dca157; ref_score=0.7875; ref_rank=1; loc_level=exact_municipality_match; priority=high; priority_reasons=top_1_but_ambiguous,top_candidate_for_multiple_mountains"
279,城山,summit-candidate:d19542a61a416537,yamap_2024-03-10_07_12.gpx,夫婦山・白山・観音山・国見山・城山・御勧請山,249.26694835004648,244,5.27,0.7875,2,1,0.051,false,true,medium,medium,high,check_close_alternatives,exact_municipality_match,松山市,,松山市,"白水台三丁目, 松山市, 愛媛県, 791-0112, 日本",multiple_candidates_for_mountain|multiple_mountains_for_candidate|missing_csv_coordinate,top_3_with_evidence,small_score_gap,mountain=城山(#279); candidate=summit-candidate:d19542a61a416537; ref_score=0.7875; ref_rank=2; loc_level=exact_municipality_match; priority=medium; priority_reasons=top_3_with_evidence
279,城山,summit-candidate:0022a746b396d4c7,yamap_2024-03-10_07_12.gpx,夫婦山・白山・観音山・国見山・城山・御勧請山,264.2867991594412,244,20.29,0.7365,3,1,0.051,false,true,medium,medium,low,low_priority,exact_municipality_match,松山市,,松山市,"白水台三丁目, 松山市, 愛媛県, 791-0112, 日本",multiple_candidates_for_mountain|multiple_mountains_for_candidate|missing_csv_coordinate,top_3_with_evidence,low_priority_alternative,mountain=城山(#279); candidate=summit-candidate:0022a746b396d4c7; ref_score=0.7365; ref_rank=3; loc_level=exact_municipality_match; priority=medium; priority_reasons=top_3_with_evidence
280,御勧請山,summit-candidate:13b7a4bb8154974a,yamap_2024-03-10_07_12.gpx,夫婦山・白山・観音山・国見山・城山・御勧請山,336.02549564153543,327,9.03,0.7875,1,2,0,false,true,medium,high,high,resolve_conflict,exact_municipality_match,松山市,,松山市,"南白水三丁目, 下伊台町, 松山市, 愛媛県, 791-0112, 日本",multiple_candidates_for_mountain|multiple_mountains_for_candidate|missing_csv_coordinate,top_1_but_ambiguous|top_candidate_for_multiple_mountains,shared_candidate|not_mutual_top1,"mountain=御勧請山(#280); candidate=summit-candidate:13b7a4bb8154974a; ref_score=0.7875; ref_rank=1; loc_level=exact_municipality_match; priority=high; priority_reasons=top_1_but_ambiguous,top_candidate_for_multiple_mountains"
280,御勧請山,summit-candidate:3a491eecbf684185,yamap_2024-03-10_07_12.gpx,夫婦山・白山・観音山・国見山・城山・御勧請山,332.31718344424,327,5.32,0.7875,2,2,0.102,false,true,medium,medium,high,check_close_alternatives,exact_municipality_match,松山市,,松山市,"東大栗町, 松山市, 愛媛県, 799-2649, 日本",multiple_candidates_for_mountain|multiple_mountains_for_candidate|missing_csv_coordinate,top_3_with_evidence,small_score_gap,mountain=御勧請山(#280); candidate=summit-candidate:3a491eecbf684185; ref_score=0.7875; ref_rank=2; loc_level=exact_municipality_match; priority=medium; priority_reasons=top_3_with_evidence
280,御勧請山,summit-candidate:2ab43729f5e80cbe,yamap_2024-03-10_07_12.gpx,夫婦山・白山・観音山・国見山・城山・御勧請山,376.3033333333333,327,49.3,0.6855,3,5,0,false,false,medium,medium,low,low_priority,exact_municipality_match,松山市,,松山市,"上伊台町, 松山市, 愛媛県, 790-2648, 日本",multiple_candidates_for_mountain|multiple_mountains_for_candidate|missing_csv_coordinate,top_3_with_evidence,low_priority_alternative,mountain=御勧請山(#280); candidate=summit-candidate:2ab43729f5e80cbe; ref_score=0.6855; ref_rank=3; loc_level=exact_municipality_match; priority=medium; priority_reasons=top_3_with_evidence
281,トギ,summit-candidate:e75e04c2fbe61c2f,yamap_2024-03-16_09_21.gpx,トギ・張木山・高手山,391.45205218380346,391,0.45,0.7875,1,1,0.153,true,true,medium,high,high,resolve_conflict,exact_municipality_match,大洲市,,大洲市,"長浜町須沢, 大洲市, 愛媛県, 799-3452, 日本",multiple_candidates_for_mountain|multiple_mountains_for_candidate|missing_csv_coordinate|activity_link_ambiguous,top_1_but_ambiguous|top_candidate_for_multiple_mountains,shared_candidate,"mountain=トギ(#281); candidate=summit-candidate:e75e04c2fbe61c2f; ref_score=0.7875; ref_rank=1; loc_level=exact_municipality_match; priority=high; priority_reasons=top_1_but_ambiguous,top_candidate_for_multiple_mountains"
281,トギ,summit-candidate:3c28b6ebd5a97155,yamap_2024-03-16_13_58.gpx,斎藤山,472.13310176947385,391,81.13,0.6345,2,3,0,false,true,medium,high,high,resolve_conflict,exact_municipality_match,大洲市,,大洲市,"長浜町穂積, 大洲市, 愛媛県, 799-3499, 日本",multiple_candidates_for_mountain|multiple_mountains_for_candidate|weak_elevation_evidence|missing_csv_coordinate|activity_link_ambiguous,top_candidate_for_multiple_mountains,shared_candidate,mountain=トギ(#281); candidate=summit-candidate:3c28b6ebd5a97155; ref_score=0.6345; ref_rank=2; loc_level=exact_municipality_match; priority=high; priority_reasons=top_candidate_for_multiple_mountains
281,トギ,summit-candidate:b49681fa67b2b53e,yamap_2024-03-16_09_21.gpx,トギ・張木山・高手山,477.8922286451063,391,86.89,0.6345,3,3,0.1445,false,true,medium,medium,low,low_priority,exact_municipality_match,大洲市,,大洲市,"豊茂, 大洲市, 愛媛県, 799-3464, 日本",multiple_candidates_for_mountain|multiple_mountains_for_candidate|weak_elevation_evidence|missing_csv_coordinate|activity_link_ambiguous,top_3_with_evidence,low_priority_alternative,mountain=トギ(#281); candidate=summit-candidate:b49681fa67b2b53e; ref_score=0.6345; ref_rank=3; loc_level=exact_municipality_match; priority=medium; priority_reasons=top_3_with_evidence
282,張木山,summit-candidate:3c28b6ebd5a97155,yamap_2024-03-16_13_58.gpx,斎藤山,472.13310176947385,468,4.13,0.7875,1,1,0,true,true,medium,high,high,resolve_conflict,exact_municipality_match,大洲市,,大洲市,"長浜町穂積, 大洲市, 愛媛県, 799-3499, 日本",multiple_candidates_for_mountain|multiple_mountains_for_candidate|missing_csv_coordinate|activity_link_ambiguous,top_1_but_ambiguous|top_candidate_for_multiple_mountains,shared_candidate,"mountain=張木山(#282); candidate=summit-candidate:3c28b6ebd5a97155; ref_score=0.7875; ref_rank=1; loc_level=exact_municipality_match; priority=high; priority_reasons=top_1_but_ambiguous,top_candidate_for_multiple_mountains"
282,張木山,summit-candidate:b49681fa67b2b53e,yamap_2024-03-16_09_21.gpx,トギ・張木山・高手山,477.8922286451063,468,9.89,0.7875,2,1,0.153,false,true,medium,medium,high,check_close_alternatives,exact_municipality_match,大洲市,,大洲市,"豊茂, 大洲市, 愛媛県, 799-3464, 日本",multiple_candidates_for_mountain|multiple_mountains_for_candidate|missing_csv_coordinate|activity_link_ambiguous,top_3_with_evidence,small_score_gap,mountain=張木山(#282); candidate=summit-candidate:b49681fa67b2b53e; ref_score=0.7875; ref_rank=2; loc_level=exact_municipality_match; priority=medium; priority_reasons=top_3_with_evidence
282,張木山,summit-candidate:e75e04c2fbe61c2f,yamap_2024-03-16_09_21.gpx,トギ・張木山・高手山,391.45205218380346,468,76.55,0.6345,3,3,0.1445,false,true,medium,high,high,resolve_conflict,exact_municipality_match,大洲市,,大洲市,"長浜町須沢, 大洲市, 愛媛県, 799-3452, 日本",multiple_candidates_for_mountain|multiple_mountains_for_candidate|weak_elevation_evidence|missing_csv_coordinate|activity_link_ambiguous,top_candidate_for_multiple_mountains,shared_candidate,mountain=張木山(#282); candidate=summit-candidate:e75e04c2fbe61c2f; ref_score=0.6345; ref_rank=3; loc_level=exact_municipality_match; priority=high; priority_reasons=top_candidate_for_multiple_mountains
283,高手山,summit-candidate:e75e04c2fbe61c2f,yamap_2024-03-16_09_21.gpx,トギ・張木山・高手山,391.45205218380346,381,10.45,0.7365,1,2,0.102,false,true,medium,high,high,resolve_conflict,exact_municipality_match,大洲市,,大洲市,"長浜町須沢, 大洲市, 愛媛県, 799-3452, 日本",multiple_candidates_for_mountain|multiple_mountains_for_candidate|missing_csv_coordinate|activity_link_ambiguous,top_1_but_ambiguous|top_candidate_for_multiple_mountains,shared_candidate|not_mutual_top1,"mountain=高手山(#283); candidate=summit-candidate:e75e04c2fbe61c2f; ref_score=0.7365; ref_rank=1; loc_level=exact_municipality_match; priority=high; priority_reasons=top_1_but_ambiguous,top_candidate_for_multiple_mountains"
283,高手山,summit-candidate:3c28b6ebd5a97155,yamap_2024-03-16_13_58.gpx,斎藤山,472.13310176947385,381,91.13,0.6345,2,4,0,false,false,medium,high,high,resolve_conflict,exact_municipality_match,大洲市,,大洲市,"長浜町穂積, 大洲市, 愛媛県, 799-3499, 日本",multiple_candidates_for_mountain|multiple_mountains_for_candidate|weak_elevation_evidence|missing_csv_coordinate|activity_link_ambiguous,top_candidate_for_multiple_mountains,shared_candidate,mountain=高手山(#283); candidate=summit-candidate:3c28b6ebd5a97155; ref_score=0.6345; ref_rank=2; loc_level=exact_municipality_match; priority=high; priority_reasons=top_candidate_for_multiple_mountains
283,高手山,summit-candidate:b49681fa67b2b53e,yamap_2024-03-16_09_21.gpx,トギ・張木山・高手山,477.8922286451063,381,96.89,0.6345,3,4,0.1445,false,false,medium,medium,low,low_priority,exact_municipality_match,大洲市,,大洲市,"豊茂, 大洲市, 愛媛県, 799-3464, 日本",multiple_candidates_for_mountain|multiple_mountains_for_candidate|weak_elevation_evidence|missing_csv_coordinate|activity_link_ambiguous,top_3_with_evidence,low_priority_alternative,mountain=高手山(#283); candidate=summit-candidate:b49681fa67b2b53e; ref_score=0.6345; ref_rank=3; loc_level=exact_municipality_match; priority=medium; priority_reasons=top_3_with_evidence
284,斎藤山,summit-candidate:3c28b6ebd5a97155,yamap_2024-03-16_13_58.gpx,斎藤山,472.13310176947385,459,13.13,0.7365,1,2,0,false,true,medium,high,high,resolve_conflict,exact_municipality_match,大洲市,,大洲市,"長浜町穂積, 大洲市, 愛媛県, 799-3499, 日本",multiple_candidates_for_mountain|multiple_mountains_for_candidate|missing_csv_coordinate|activity_link_ambiguous,top_1_but_ambiguous|top_candidate_for_multiple_mountains,shared_candidate|not_mutual_top1,"mountain=斎藤山(#284); candidate=summit-candidate:3c28b6ebd5a97155; ref_score=0.7365; ref_rank=1; loc_level=exact_municipality_match; priority=high; priority_reasons=top_1_but_ambiguous,top_candidate_for_multiple_mountains"
284,斎藤山,summit-candidate:b49681fa67b2b53e,yamap_2024-03-16_09_21.gpx,トギ・張木山・高手山,477.8922286451063,459,18.89,0.7365,2,2,0.102,false,true,medium,medium,high,check_close_alternatives,exact_municipality_match,大洲市,,大洲市,"豊茂, 大洲市, 愛媛県, 799-3464, 日本",multiple_candidates_for_mountain|multiple_mountains_for_candidate|missing_csv_coordinate|activity_link_ambiguous,top_3_with_evidence,small_score_gap,mountain=斎藤山(#284); candidate=summit-candidate:b49681fa67b2b53e; ref_score=0.7365; ref_rank=2; loc_level=exact_municipality_match; priority=medium; priority_reasons=top_3_with_evidence
284,斎藤山,summit-candidate:e75e04c2fbe61c2f,yamap_2024-03-16_09_21.gpx,トギ・張木山・高手山,391.45205218380346,459,67.55,0.6345,3,4,0.1445,false,false,medium,high,high,resolve_conflict,exact_municipality_match,大洲市,,大洲市,"長浜町須沢, 大洲市, 愛媛県, 799-3452, 日本",multiple_candidates_for_mountain|multiple_mountains_for_candidate|weak_elevation_evidence|missing_csv_coordinate|activity_link_ambiguous,top_candidate_for_multiple_mountains,shared_candidate,mountain=斎藤山(#284); candidate=summit-candidate:e75e04c2fbe61c2f; ref_score=0.6345; ref_rank=3; loc_level=exact_municipality_match; priority=high; priority_reasons=top_candidate_for_multiple_mountains
285,御祝山,summit-candidate:9186201ca03b041d,yamap_2024-03-30_07_11.gpx,御祝山・横ノ森・小屋ヶ森・串ヶ森・目黒鳥屋・長尾森,1160.4399999999998,999,161.44,0.6345,1,6,0.1795,false,false,medium,high,high,resolve_conflict,exact_municipality_match,松野町,,松野町,"松野町, 北宇和郡, 愛媛県, 日本",multiple_candidates_for_mountain|multiple_mountains_for_candidate|weak_elevation_evidence|missing_csv_coordinate,top_1_but_ambiguous|top_candidate_for_multiple_mountains,shared_candidate|not_mutual_top1,"mountain=御祝山(#285); candidate=summit-candidate:9186201ca03b041d; ref_score=0.6345; ref_rank=1; loc_level=exact_municipality_match; priority=high; priority_reasons=top_1_but_ambiguous,top_candidate_for_multiple_mountains"
285,御祝山,summit-candidate:12c27f259b66de80,yamap_2024-03-30_07_11.gpx,御祝山・横ノ森・小屋ヶ森・串ヶ森・目黒鳥屋・長尾森,1201.04,999,202.04,0.455,2,6,0.1445,false,false,low,high,high,check_location_warning,boundary_tolerated_mismatch,松野町,,,"宇和島市, 愛媛県, 798-8601, 日本",multiple_candidates_for_mountain|multiple_mountains_for_candidate|weak_elevation_evidence|missing_csv_coordinate|location_mismatch_warning,strong_evidence_with_mismatch,location_mismatch_warning,mountain=御祝山(#285); candidate=summit-candidate:12c27f259b66de80; ref_score=0.455; ref_rank=2; loc_level=boundary_tolerated_mismatch; priority=high; priority_reasons=strong_evidence_with_mismatch
285,御祝山,summit-candidate:19ab381ef6c337af,yamap_2026-02-22_07_32.gpx,高森山・町木山・寒台山・鎧掛山,993.1336935716172,999,5.87,0.3105,3,16,0,false,false,low,high,high,check_location_warning,boundary_tolerated_mismatch,松野町,,,"大洲市, 愛媛県, 797-1608, 日本",multiple_candidates_for_mountain|multiple_mountains_for_candidate|weak_name_evidence|missing_csv_coordinate|location_mismatch_warning|activity_link_ambiguous,strong_evidence_with_mismatch,location_mismatch_warning,mountain=御祝山(#285); candidate=summit-candidate:19ab381ef6c337af; ref_score=0.3105; ref_rank=3; loc_level=boundary_tolerated_mismatch; priority=high; priority_reasons=strong_evidence_with_mismatch
286,横ノ森,summit-candidate:9186201ca03b041d,yamap_2024-03-30_07_11.gpx,御祝山・横ノ森・小屋ヶ森・串ヶ森・目黒鳥屋・長尾森,1160.4399999999998,1200,39.56,0.6855,1,5,0.0775,false,false,medium,high,high,resolve_conflict,exact_municipality_match,松野町,,松野町,"松野町, 北宇和郡, 愛媛県, 日本",multiple_candidates_for_mountain|multiple_mountains_for_candidate|missing_csv_coordinate,top_1_but_ambiguous|top_candidate_for_multiple_mountains,shared_candidate|not_mutual_top1,"mountain=横ノ森(#286); candidate=summit-candidate:9186201ca03b041d; ref_score=0.6855; ref_rank=1; loc_level=exact_municipality_match; priority=high; priority_reasons=top_1_but_ambiguous,top_candidate_for_multiple_mountains"
286,横ノ森,summit-candidate:12c27f259b66de80,yamap_2024-03-30_07_11.gpx,御祝山・横ノ森・小屋ヶ森・串ヶ森・目黒鳥屋・長尾森,1201.04,1200,1.04,0.608,2,1,0.051,false,true,medium,high,high,check_location_warning,boundary_tolerated_mismatch,松野町,,,"宇和島市, 愛媛県, 798-8601, 日本",multiple_candidates_for_mountain|multiple_mountains_for_candidate|missing_csv_coordinate|location_mismatch_warning,strong_evidence_with_mismatch,location_mismatch_warning,mountain=横ノ森(#286); candidate=summit-candidate:12c27f259b66de80; ref_score=0.608; ref_rank=2; loc_level=boundary_tolerated_mismatch; priority=high; priority_reasons=strong_evidence_with_mismatch
286,横ノ森,summit-candidate:babbcdf7bbd23463,yamap_2022-04-08_09_33.gpx,鬼ヶ城山・大久保山・八面山・三本杭・横ノ森・小屋ヶ森・毛山,1222.4936499541386,1200,22.49,0.557,3,6,0.051,false,false,medium,high,high,check_location_warning,boundary_tolerated_mismatch,松野町,,,"宇和島市, 愛媛県, 798-8601, 日本",multiple_candidates_for_mountain|multiple_mountains_for_candidate|missing_csv_coordinate|location_mismatch_warning,strong_evidence_with_mismatch,location_mismatch_warning,mountain=横ノ森(#286); candidate=summit-candidate:babbcdf7bbd23463; ref_score=0.557; ref_rank=3; loc_level=boundary_tolerated_mismatch; priority=high; priority_reasons=strong_evidence_with_mismatch
287,小屋ヶ森,summit-candidate:9186201ca03b041d,yamap_2024-03-30_07_11.gpx,御祝山・横ノ森・小屋ヶ森・串ヶ森・目黒鳥屋・長尾森,1160.4399999999998,1184,23.56,0.7365,1,3,0.1795,false,true,medium,high,high,resolve_conflict,exact_municipality_match,松野町,,松野町,"松野町, 北宇和郡, 愛媛県, 日本",multiple_candidates_for_mountain|multiple_mountains_for_candidate|missing_csv_coordinate,top_1_but_ambiguous|top_candidate_for_multiple_mountains,shared_candidate|not_mutual_top1,"mountain=小屋ヶ森(#287); candidate=summit-candidate:9186201ca03b041d; ref_score=0.7365; ref_rank=1; loc_level=exact_municipality_match; priority=high; priority_reasons=top_1_but_ambiguous,top_candidate_for_multiple_mountains"
287,小屋ヶ森,summit-candidate:12c27f259b66de80,yamap_2024-03-30_07_11.gpx,御祝山・横ノ森・小屋ヶ森・串ヶ森・目黒鳥屋・長尾森,1201.04,1184,17.04,0.557,2,2,0,false,true,medium,high,high,check_location_warning,boundary_tolerated_mismatch,松野町,,,"宇和島市, 愛媛県, 798-8601, 日本",multiple_candidates_for_mountain|multiple_mountains_for_candidate|missing_csv_coordinate|location_mismatch_warning,strong_evidence_with_mismatch,location_mismatch_warning,mountain=小屋ヶ森(#287); candidate=summit-candidate:12c27f259b66de80; ref_score=0.557; ref_rank=2; loc_level=boundary_tolerated_mismatch; priority=high; priority_reasons=strong_evidence_with_mismatch
287,小屋ヶ森,summit-candidate:27c1036d4aa2230e,yamap_2022-04-08_09_33.gpx,鬼ヶ城山・大久保山・八面山・三本杭・横ノ森・小屋ヶ森・毛山,1167.5519282683324,1184,16.45,0.557,3,6,0,false,false,medium,high,high,check_location_warning,boundary_tolerated_mismatch,松野町,,,"宇和島市, 愛媛県, 798-8601, 日本",multiple_candidates_for_mountain|multiple_mountains_for_candidate|missing_csv_coordinate|location_mismatch_warning,strong_evidence_with_mismatch,location_mismatch_warning,mountain=小屋ヶ森(#287); candidate=summit-candidate:27c1036d4aa2230e; ref_score=0.557; ref_rank=3; loc_level=boundary_tolerated_mismatch; priority=high; priority_reasons=strong_evidence_with_mismatch
288,串ヶ森,summit-candidate:9186201ca03b041d,yamap_2024-03-30_07_11.gpx,御祝山・横ノ森・小屋ヶ森・串ヶ森・目黒鳥屋・長尾森,1160.4399999999998,1160,0.44,0.7875,1,1,0.2815,true,true,medium,high,high,resolve_conflict,exact_municipality_match,松野町,,松野町,"松野町, 北宇和郡, 愛媛県, 日本",multiple_candidates_for_mountain|multiple_mountains_for_candidate|missing_csv_coordinate,top_1_but_ambiguous|top_candidate_for_multiple_mountains,shared_candidate,"mountain=串ヶ森(#288); candidate=summit-candidate:9186201ca03b041d; ref_score=0.7875; ref_rank=1; loc_level=exact_municipality_match; priority=high; priority_reasons=top_1_but_ambiguous,top_candidate_for_multiple_mountains"
288,串ヶ森,summit-candidate:12c27f259b66de80,yamap_2024-03-30_07_11.gpx,御祝山・横ノ森・小屋ヶ森・串ヶ森・目黒鳥屋・長尾森,1201.04,1160,41.04,0.506,2,4,0.1955,false,false,medium,high,high,check_location_warning,boundary_tolerated_mismatch,松野町,,,"宇和島市, 愛媛県, 798-8601, 日本",multiple_candidates_for_mountain|multiple_mountains_for_candidate|missing_csv_coordinate|location_mismatch_warning,strong_evidence_with_mismatch,location_mismatch_warning,mountain=串ヶ森(#288); candidate=summit-candidate:12c27f259b66de80; ref_score=0.506; ref_rank=2; loc_level=boundary_tolerated_mismatch; priority=high; priority_reasons=strong_evidence_with_mismatch
288,串ヶ森,summit-candidate:0a89128346167f6e,yamap_2024-04-07_06_45.gpx,二箆山・西雑誌山,1158.3666666666668,1160,1.63,0.3105,3,10,0,false,false,low,high,high,check_location_warning,boundary_tolerated_mismatch,松野町,,,"ササミネ林道, 久万高原町, 上浮穴郡, 愛媛県, 日本",multiple_candidates_for_mountain|multiple_mountains_for_candidate|weak_name_evidence|missing_csv_coordinate|location_mismatch_warning,strong_evidence_with_mismatch,location_mismatch_warning,mountain=串ヶ森(#288); candidate=summit-candidate:0a89128346167f6e; ref_score=0.3105; ref_rank=3; loc_level=boundary_tolerated_mismatch; priority=high; priority_reasons=strong_evidence_with_mismatch
289,目黒鳥屋,summit-candidate:9186201ca03b041d,yamap_2024-03-30_07_11.gpx,御祝山・横ノ森・小屋ヶ森・串ヶ森・目黒鳥屋・長尾森,1160.4399999999998,1157,3.44,0.7875,1,2,0.2815,false,true,medium,high,high,resolve_conflict,exact_municipality_match,松野町,,松野町,"松野町, 北宇和郡, 愛媛県, 日本",multiple_candidates_for_mountain|multiple_mountains_for_candidate|missing_csv_coordinate,top_1_but_ambiguous|top_candidate_for_multiple_mountains,shared_candidate|not_mutual_top1,"mountain=目黒鳥屋(#289); candidate=summit-candidate:9186201ca03b041d; ref_score=0.7875; ref_rank=1; loc_level=exact_municipality_match; priority=high; priority_reasons=top_1_but_ambiguous,top_candidate_for_multiple_mountains"
289,目黒鳥屋,summit-candidate:12c27f259b66de80,yamap_2024-03-30_07_11.gpx,御祝山・横ノ森・小屋ヶ森・串ヶ森・目黒鳥屋・長尾森,1201.04,1157,44.04,0.506,2,5,0.1955,false,false,medium,high,high,check_location_warning,boundary_tolerated_mismatch,松野町,,,"宇和島市, 愛媛県, 798-8601, 日本",multiple_candidates_for_mountain|multiple_mountains_for_candidate|missing_csv_coordinate|location_mismatch_warning,strong_evidence_with_mismatch,location_mismatch_warning,mountain=目黒鳥屋(#289); candidate=summit-candidate:12c27f259b66de80; ref_score=0.506; ref_rank=2; loc_level=boundary_tolerated_mismatch; priority=high; priority_reasons=strong_evidence_with_mismatch
289,目黒鳥屋,summit-candidate:0a89128346167f6e,yamap_2024-04-07_06_45.gpx,二箆山・西雑誌山,1158.3666666666668,1157,1.37,0.3105,3,11,0,false,false,low,high,high,check_location_warning,boundary_tolerated_mismatch,松野町,,,"ササミネ林道, 久万高原町, 上浮穴郡, 愛媛県, 日本",multiple_candidates_for_mountain|multiple_mountains_for_candidate|weak_name_evidence|missing_csv_coordinate|location_mismatch_warning,strong_evidence_with_mismatch,location_mismatch_warning,mountain=目黒鳥屋(#289); candidate=summit-candidate:0a89128346167f6e; ref_score=0.3105; ref_rank=3; loc_level=boundary_tolerated_mismatch; priority=high; priority_reasons=strong_evidence_with_mismatch
290,長尾森,summit-candidate:9186201ca03b041d,yamap_2024-03-30_07_11.gpx,御祝山・横ノ森・小屋ヶ森・串ヶ森・目黒鳥屋・長尾森,1160.4399999999998,1180,19.56,0.7365,1,4,0.1795,false,false,medium,high,high,resolve_conflict,exact_municipality_match,松野町,,松野町,"松野町, 北宇和郡, 愛媛県, 日本",multiple_candidates_for_mountain|multiple_mountains_for_candidate|missing_csv_coordinate,top_1_but_ambiguous|top_candidate_for_multiple_mountains,shared_candidate|not_mutual_top1,"mountain=長尾森(#290); candidate=summit-candidate:9186201ca03b041d; ref_score=0.7365; ref_rank=1; loc_level=exact_municipality_match; priority=high; priority_reasons=top_1_but_ambiguous,top_candidate_for_multiple_mountains"
290,長尾森,summit-candidate:12c27f259b66de80,yamap_2024-03-30_07_11.gpx,御祝山・横ノ森・小屋ヶ森・串ヶ森・目黒鳥屋・長尾森,1201.04,1180,21.04,0.557,2,3,0.2465,false,true,medium,high,high,check_location_warning,boundary_tolerated_mismatch,松野町,,,"宇和島市, 愛媛県, 798-8601, 日本",multiple_candidates_for_mountain|multiple_mountains_for_candidate|missing_csv_coordinate|location_mismatch_warning,strong_evidence_with_mismatch,location_mismatch_warning,mountain=長尾森(#290); candidate=summit-candidate:12c27f259b66de80; ref_score=0.557; ref_rank=2; loc_level=boundary_tolerated_mismatch; priority=high; priority_reasons=strong_evidence_with_mismatch
290,長尾森,summit-candidate:ee9d736a090185dd,yamap_2022-04-22_17_29.gpx,碁石ヶ森,1188.1187548490348,1180,8.12,0.3105,3,10,0.051,false,false,low,high,high,resolve_conflict,boundary_tolerated_mismatch,松野町,,,"西予市, 愛媛県, 日本",multiple_candidates_for_mountain|multiple_mountains_for_candidate|weak_name_evidence|missing_csv_coordinate|location_mismatch_warning|activity_link_ambiguous|timezone_sensitive_activity_link,strong_evidence_with_mismatch|top_candidate_for_multiple_mountains,shared_candidate,"mountain=長尾森(#290); candidate=summit-candidate:ee9d736a090185dd; ref_score=0.3105; ref_rank=3; loc_level=boundary_tolerated_mismatch; priority=high; priority_reasons=strong_evidence_with_mismatch,top_candidate_for_multiple_mountains"
291,二箆山,summit-candidate:0a89128346167f6e,yamap_2024-04-07_06_45.gpx,二箆山・西雑誌山,1158.3666666666668,1169,10.63,0.7365,1,1,0,true,true,medium,high,medium,accept_candidate_after_map_check,exact_municipality_match,久万高原町,,久万高原町,"ササミネ林道, 久万高原町, 上浮穴郡, 愛媛県, 日本",multiple_candidates_for_mountain|multiple_mountains_for_candidate|missing_csv_coordinate,top_1_but_ambiguous,clear_mutual_top1,mountain=二箆山(#291); candidate=summit-candidate:0a89128346167f6e; ref_score=0.7365; ref_rank=1; loc_level=exact_municipality_match; priority=high; priority_reasons=top_1_but_ambiguous
291,二箆山,summit-candidate:67df63dc99cf8614,yamap_2024-04-07_06_45.gpx,二箆山・西雑誌山,1190.45,1169,21.45,0.7365,2,1,0.102,false,true,medium,medium,high,check_close_alternatives,exact_municipality_match,久万高原町,,久万高原町,"ササミネ林道, 久万高原町, 上浮穴郡, 愛媛県, 日本",multiple_candidates_for_mountain|multiple_mountains_for_candidate|missing_csv_coordinate,top_3_with_evidence,small_score_gap,mountain=二箆山(#291); candidate=summit-candidate:67df63dc99cf8614; ref_score=0.7365; ref_rank=2; loc_level=exact_municipality_match; priority=medium; priority_reasons=top_3_with_evidence
291,二箆山,summit-candidate:09c1602c02ce7f78,yamap_2024-04-07_06_45.gpx,二箆山・西雑誌山,1357.4633333333334,1169,188.46,0.6345,3,2,0,false,true,medium,medium,low,low_priority,exact_municipality_match,久万高原町,,久万高原町,"久万高原町, 上浮穴郡, 愛媛県, 日本",multiple_candidates_for_mountain|multiple_mountains_for_candidate|weak_elevation_evidence|missing_csv_coordinate,top_3_with_evidence,low_priority_alternative,mountain=二箆山(#291); candidate=summit-candidate:09c1602c02ce7f78; ref_score=0.6345; ref_rank=3; loc_level=exact_municipality_match; priority=medium; priority_reasons=top_3_with_evidence
292,西雑誌山,summit-candidate:aa8ff99fc3bd426d,yamap_2024-04-07_06_45.gpx,二箆山・西雑誌山,1347.9433333333334,1341,6.94,0.7875,1,1,0.051,true,true,medium,high,medium,accept_candidate_after_map_check,exact_municipality_match,久万高原町,,久万高原町,"林道小田・池川線, 寄合, 仁淀川町, 吾川郡, 高知県, 781-1619, 日本",multiple_candidates_for_mountain|multiple_mountains_for_candidate|missing_csv_coordinate,top_1_but_ambiguous,clear_mutual_top1,mountain=西雑誌山(#292); candidate=summit-candidate:aa8ff99fc3bd426d; ref_score=0.7875; ref_rank=1; loc_level=exact_municipality_match; priority=high; priority_reasons=top_1_but_ambiguous
292,西雑誌山,summit-candidate:09c1602c02ce7f78,yamap_2024-04-07_06_45.gpx,二箆山・西雑誌山,1357.4633333333334,1341,16.46,0.7365,2,1,0.102,false,true,medium,medium,low,low_priority,exact_municipality_match,久万高原町,,久万高原町,"久万高原町, 上浮穴郡, 愛媛県, 日本",multiple_candidates_for_mountain|multiple_mountains_for_candidate|missing_csv_coordinate,top_3_with_evidence,low_priority_alternative,mountain=西雑誌山(#292); candidate=summit-candidate:09c1602c02ce7f78; ref_score=0.7365; ref_rank=2; loc_level=exact_municipality_match; priority=medium; priority_reasons=top_3_with_evidence
292,西雑誌山,summit-candidate:0a89128346167f6e,yamap_2024-04-07_06_45.gpx,二箆山・西雑誌山,1158.3666666666668,1341,182.63,0.6345,3,2,0,false,true,medium,medium,low,low_priority,exact_municipality_match,久万高原町,,久万高原町,"ササミネ林道, 久万高原町, 上浮穴郡, 愛媛県, 日本",multiple_candidates_for_mountain|multiple_mountains_for_candidate|weak_elevation_evidence|missing_csv_coordinate,top_3_with_evidence,low_priority_alternative,mountain=西雑誌山(#292); candidate=summit-candidate:0a89128346167f6e; ref_score=0.6345; ref_rank=3; loc_level=exact_municipality_match; priority=medium; priority_reasons=top_3_with_evidence
293,気多山,summit-candidate:e010f98d2b23f547,yamap_2024-04-20_05_43.gpx,気多山・八辻ノ峰・五代ヶ森,1212.5233333333333,1218,5.48,0.7875,1,1,0.153,true,true,medium,high,medium,accept_candidate_after_map_check,exact_municipality_match,久万高原町,,久万高原町,"大成, 久万高原町, 上浮穴郡, 愛媛県, 日本",multiple_candidates_for_mountain|multiple_mountains_for_candidate|missing_csv_coordinate,top_1_but_ambiguous,clear_mutual_top1,mountain=気多山(#293); candidate=summit-candidate:e010f98d2b23f547; ref_score=0.7875; ref_rank=1; loc_level=exact_municipality_match; priority=high; priority_reasons=top_1_but_ambiguous
293,気多山,summit-candidate:3f404ba3e31c8b54,yamap_2024-04-20_05_43.gpx,気多山・八辻ノ峰・五代ヶ森,1478.8966666666668,1218,260.9,0.6345,2,1,0,false,true,medium,medium,low,low_priority,exact_municipality_match,久万高原町,,久万高原町,"久万高原町, 上浮穴郡, 愛媛県, 日本",multiple_candidates_for_mountain|multiple_mountains_for_candidate|weak_elevation_evidence|missing_csv_coordinate,top_3_with_evidence,low_priority_alternative,mountain=気多山(#293); candidate=summit-candidate:3f404ba3e31c8b54; ref_score=0.6345; ref_rank=2; loc_level=exact_municipality_match; priority=medium; priority_reasons=top_3_with_evidence
293,気多山,summit-candidate:76cc7bb75549e7a1,yamap_2024-04-20_05_43.gpx,気多山・八辻ノ峰・五代ヶ森,1709.1566666666668,1218,491.16,0.6345,3,3,0,false,true,medium,high,high,resolve_conflict,exact_municipality_match,久万高原町,,久万高原町,"久万高原町, 上浮穴郡, 愛媛県, 日本",multiple_candidates_for_mountain|multiple_mountains_for_candidate|weak_elevation_evidence|missing_csv_coordinate,top_candidate_for_multiple_mountains,shared_candidate,mountain=気多山(#293); candidate=summit-candidate:76cc7bb75549e7a1; ref_score=0.6345; ref_rank=3; loc_level=exact_municipality_match; priority=high; priority_reasons=top_candidate_for_multiple_mountains
294,八辻ノ峰,summit-candidate:76cc7bb75549e7a1,yamap_2024-04-20_05_43.gpx,気多山・八辻ノ峰・五代ヶ森,1709.1566666666668,1724,14.84,0.7365,1,2,0.102,false,true,medium,high,high,resolve_conflict,exact_municipality_match,久万高原町,,久万高原町,"久万高原町, 上浮穴郡, 愛媛県, 日本",multiple_candidates_for_mountain|multiple_mountains_for_candidate|missing_csv_coordinate,top_1_but_ambiguous|top_candidate_for_multiple_mountains,shared_candidate|not_mutual_top1,"mountain=八辻ノ峰(#294); candidate=summit-candidate:76cc7bb75549e7a1; ref_score=0.7365; ref_rank=1; loc_level=exact_municipality_match; priority=high; priority_reasons=top_1_but_ambiguous,top_candidate_for_multiple_mountains"
294,八辻ノ峰,summit-candidate:3f404ba3e31c8b54,yamap_2024-04-20_05_43.gpx,気多山・八辻ノ峰・五代ヶ森,1478.8966666666668,1724,245.1,0.6345,2,2,0,false,true,medium,medium,low,low_priority,exact_municipality_match,久万高原町,,久万高原町,"久万高原町, 上浮穴郡, 愛媛県, 日本",multiple_candidates_for_mountain|multiple_mountains_for_candidate|weak_elevation_evidence|missing_csv_coordinate,top_3_with_evidence,low_priority_alternative,mountain=八辻ノ峰(#294); candidate=summit-candidate:3f404ba3e31c8b54; ref_score=0.6345; ref_rank=2; loc_level=exact_municipality_match; priority=medium; priority_reasons=top_3_with_evidence
294,八辻ノ峰,summit-candidate:83056c3652757f25,yamap_2024-04-20_05_43.gpx,気多山・八辻ノ峰・五代ヶ森,1281.8966666666665,1724,442.1,0.6345,3,2,0,false,true,medium,medium,low,low_priority,exact_municipality_match,久万高原町,,久万高原町,"大成, 久万高原町, 上浮穴郡, 愛媛県, 日本",multiple_candidates_for_mountain|multiple_mountains_for_candidate|weak_elevation_evidence|missing_csv_coordinate,top_3_with_evidence,low_priority_alternative,mountain=八辻ノ峰(#294); candidate=summit-candidate:83056c3652757f25; ref_score=0.6345; ref_rank=3; loc_level=exact_municipality_match; priority=medium; priority_reasons=top_3_with_evidence
295,五代ヶ森,summit-candidate:76cc7bb75549e7a1,yamap_2024-04-20_05_43.gpx,気多山・八辻ノ峰・五代ヶ森,1709.1566666666668,1711,1.84,0.7875,1,1,0.153,true,true,medium,high,high,resolve_conflict,exact_municipality_match,久万高原町,,久万高原町,"久万高原町, 上浮穴郡, 愛媛県, 日本",multiple_candidates_for_mountain|multiple_mountains_for_candidate|missing_csv_coordinate,top_1_but_ambiguous|top_candidate_for_multiple_mountains,shared_candidate,"mountain=五代ヶ森(#295); candidate=summit-candidate:76cc7bb75549e7a1; ref_score=0.7875; ref_rank=1; loc_level=exact_municipality_match; priority=high; priority_reasons=top_1_but_ambiguous,top_candidate_for_multiple_mountains"
295,五代ヶ森,summit-candidate:3f404ba3e31c8b54,yamap_2024-04-20_05_43.gpx,気多山・八辻ノ峰・五代ヶ森,1478.8966666666668,1711,232.1,0.6345,2,3,0,false,true,medium,medium,low,low_priority,exact_municipality_match,久万高原町,,久万高原町,"久万高原町, 上浮穴郡, 愛媛県, 日本",multiple_candidates_for_mountain|multiple_mountains_for_candidate|weak_elevation_evidence|missing_csv_coordinate,top_3_with_evidence,low_priority_alternative,mountain=五代ヶ森(#295); candidate=summit-candidate:3f404ba3e31c8b54; ref_score=0.6345; ref_rank=2; loc_level=exact_municipality_match; priority=medium; priority_reasons=top_3_with_evidence
295,五代ヶ森,summit-candidate:83056c3652757f25,yamap_2024-04-20_05_43.gpx,気多山・八辻ノ峰・五代ヶ森,1281.8966666666665,1711,429.1,0.6345,3,3,0,false,true,medium,medium,low,low_priority,exact_municipality_match,久万高原町,,久万高原町,"大成, 久万高原町, 上浮穴郡, 愛媛県, 日本",multiple_candidates_for_mountain|multiple_mountains_for_candidate|weak_elevation_evidence|missing_csv_coordinate,top_3_with_evidence,low_priority_alternative,mountain=五代ヶ森(#295); candidate=summit-candidate:83056c3652757f25; ref_score=0.6345; ref_rank=3; loc_level=exact_municipality_match; priority=medium; priority_reasons=top_3_with_evidence
296,桂ヶ森,summit-candidate:c210f415fc55501f,yamap_2024-04-27_08_04.gpx,桂ヶ森,1220.0333333333335,1224,3.97,0.7875,1,1,0.2975,true,true,medium,high,medium,accept_candidate_after_map_check,exact_municipality_match,久万高原町,,久万高原町,"二名, 久万高原町, 上浮穴郡, 愛媛県, 791-1222, 日本",multiple_candidates_for_mountain|multiple_mountains_for_candidate|missing_csv_coordinate,top_1_but_ambiguous,clear_mutual_top1,mountain=桂ヶ森(#296); candidate=summit-candidate:c210f415fc55501f; ref_score=0.7875; ref_rank=1; loc_level=exact_municipality_match; priority=high; priority_reasons=top_1_but_ambiguous
296,桂ヶ森,summit-candidate:2b97141dc260a078,yamap_2022-05-15_06_10.gpx,割石東山・青滝山・堂ヶ森,1232.6866666666667,1224,8.69,0.49,2,4,0,false,false,low,medium,low,low_priority,exact_municipality_match,久万高原町,,久万高原町,"久万高原町, 上浮穴郡, 愛媛県, 日本",multiple_candidates_for_mountain|multiple_mountains_for_candidate|weak_name_evidence|missing_csv_coordinate|activity_link_ambiguous,top_3_with_evidence,low_priority_alternative,mountain=桂ヶ森(#296); candidate=summit-candidate:2b97141dc260a078; ref_score=0.49; ref_rank=2; loc_level=exact_municipality_match; priority=medium; priority_reasons=top_3_with_evidence
296,桂ヶ森,summit-candidate:c4504025c94f843c,yamap_2023-11-11_07_17.gpx,四辻ノ森・三光ノ辻山,1215.0715256104047,1224,8.93,0.49,3,4,0.051,false,false,low,medium,low,low_priority,exact_municipality_match,久万高原町,,久万高原町,"中組, 久万高原町, 上浮穴郡, 愛媛県, 791-1701, 日本",multiple_candidates_for_mountain|multiple_mountains_for_candidate|weak_name_evidence|missing_csv_coordinate,top_3_with_evidence,low_priority_alternative,mountain=桂ヶ森(#296); candidate=summit-candidate:c4504025c94f843c; ref_score=0.49; ref_rank=3; loc_level=exact_municipality_match; priority=medium; priority_reasons=top_3_with_evidence
297,狼ヶ城山,summit-candidate:95a8fa74fd4af7b0,yamap_2024-04-28_07_11.gpx,狼ヶ城山,1376.7700000000002,1380,3.23,0.7875,1,1,0.2975,true,true,medium,high,high,resolve_conflict,exact_municipality_match,久万高原町,,久万高原町,"狼ヶ城林道, 久万高原町, 上浮穴郡, 愛媛県, 日本",multiple_candidates_for_mountain|multiple_mountains_for_candidate|missing_csv_coordinate|activity_link_ambiguous,top_1_but_ambiguous|top_candidate_for_multiple_mountains,shared_candidate,"mountain=狼ヶ城山(#297); candidate=summit-candidate:95a8fa74fd4af7b0; ref_score=0.7875; ref_rank=1; loc_level=exact_municipality_match; priority=high; priority_reasons=top_1_but_ambiguous,top_candidate_for_multiple_mountains"
297,狼ヶ城山,summit-candidate:b73a23fa4b3abc39,yamap_2023-09-06_13_30.gpx,冠岳,1375.6266666666668,1380,4.37,0.49,2,4,0.035,false,false,low,high,high,resolve_conflict,exact_municipality_match,久万高原町,,久万高原町,"石鎚スカイライン, 久万高原町, 上浮穴郡, 愛媛県, 日本",multiple_candidates_for_mountain|multiple_mountains_for_candidate|weak_name_evidence|missing_csv_coordinate,top_candidate_for_multiple_mountains,shared_candidate,mountain=狼ヶ城山(#297); candidate=summit-candidate:b73a23fa4b3abc39; ref_score=0.49; ref_rank=2; loc_level=exact_municipality_match; priority=high; priority_reasons=top_candidate_for_multiple_mountains
297,狼ヶ城山,summit-candidate:498b9618ca98fa34,yamap_2024-04-28_10_37.gpx,日浦嶺・打越山,854.2033333333333,1380,525.8,0.455,3,3,0,false,true,low,high,high,check_location_warning,boundary_tolerated_mismatch,久万高原町,,,"内子町, 喜多郡, 愛媛県, 日本",multiple_candidates_for_mountain|multiple_mountains_for_candidate|weak_elevation_evidence|missing_csv_coordinate|location_mismatch_warning|activity_link_ambiguous,strong_evidence_with_mismatch,location_mismatch_warning,mountain=狼ヶ城山(#297); candidate=summit-candidate:498b9618ca98fa34; ref_score=0.455; ref_rank=3; loc_level=boundary_tolerated_mismatch; priority=high; priority_reasons=strong_evidence_with_mismatch
298,日浦嶺,summit-candidate:95a8fa74fd4af7b0,yamap_2024-04-28_07_11.gpx,狼ヶ城山,1376.7700000000002,901,475.77,0.6345,1,2,0.0265,false,true,medium,high,high,resolve_conflict,exact_municipality_match,久万高原町,,久万高原町,"狼ヶ城林道, 久万高原町, 上浮穴郡, 愛媛県, 日本",multiple_candidates_for_mountain|multiple_mountains_for_candidate|weak_elevation_evidence|missing_csv_coordinate|activity_link_ambiguous,top_1_but_ambiguous|top_candidate_for_multiple_mountains,shared_candidate|not_mutual_top1,"mountain=日浦嶺(#298); candidate=summit-candidate:95a8fa74fd4af7b0; ref_score=0.6345; ref_rank=1; loc_level=exact_municipality_match; priority=high; priority_reasons=top_1_but_ambiguous,top_candidate_for_multiple_mountains"
298,日浦嶺,summit-candidate:606168b97944fce5,yamap_2024-04-28_10_37.gpx,日浦嶺・打越山,900.0566666666667,901,0.94,0.608,2,1,0.102,false,true,medium,high,high,check_close_alternatives,boundary_tolerated_mismatch,久万高原町,,,"内子町, 喜多郡, 愛媛県, 791-3521, 日本",multiple_candidates_for_mountain|multiple_mountains_for_candidate|missing_csv_coordinate|location_mismatch_warning|activity_link_ambiguous,strong_evidence_with_mismatch,small_score_gap,mountain=日浦嶺(#298); candidate=summit-candidate:606168b97944fce5; ref_score=0.608; ref_rank=2; loc_level=boundary_tolerated_mismatch; priority=high; priority_reasons=strong_evidence_with_mismatch
298,日浦嶺,summit-candidate:498b9618ca98fa34,yamap_2024-04-28_10_37.gpx,日浦嶺・打越山,854.2033333333333,901,46.8,0.506,3,2,0.016,false,true,medium,high,high,check_location_warning,boundary_tolerated_mismatch,久万高原町,,,"内子町, 喜多郡, 愛媛県, 日本",multiple_candidates_for_mountain|multiple_mountains_for_candidate|missing_csv_coordinate|location_mismatch_warning|activity_link_ambiguous,strong_evidence_with_mismatch,location_mismatch_warning,mountain=日浦嶺(#298); candidate=summit-candidate:498b9618ca98fa34; ref_score=0.506; ref_rank=3; loc_level=boundary_tolerated_mismatch; priority=high; priority_reasons=strong_evidence_with_mismatch
299,打越山,summit-candidate:95a8fa74fd4af7b0,yamap_2024-04-28_07_11.gpx,狼ヶ城山,1376.7700000000002,860,516.77,0.6345,1,3,0.0265,false,true,medium,high,high,resolve_conflict,exact_municipality_match,久万高原町,,久万高原町,"狼ヶ城林道, 久万高原町, 上浮穴郡, 愛媛県, 日本",multiple_candidates_for_mountain|multiple_mountains_for_candidate|weak_elevation_evidence|missing_csv_coordinate|activity_link_ambiguous,top_1_but_ambiguous|top_candidate_for_multiple_mountains,shared_candidate|not_mutual_top1,"mountain=打越山(#299); candidate=summit-candidate:95a8fa74fd4af7b0; ref_score=0.6345; ref_rank=1; loc_level=exact_municipality_match; priority=high; priority_reasons=top_1_but_ambiguous,top_candidate_for_multiple_mountains"
299,打越山,summit-candidate:498b9618ca98fa34,yamap_2024-04-28_10_37.gpx,日浦嶺・打越山,854.2033333333333,860,5.8,0.608,2,1,0.102,false,true,medium,high,high,check_close_alternatives,boundary_tolerated_mismatch,久万高原町,,,"内子町, 喜多郡, 愛媛県, 日本",multiple_candidates_for_mountain|multiple_mountains_for_candidate|missing_csv_coordinate|location_mismatch_warning|activity_link_ambiguous,strong_evidence_with_mismatch,small_score_gap,mountain=打越山(#299); candidate=summit-candidate:498b9618ca98fa34; ref_score=0.608; ref_rank=2; loc_level=boundary_tolerated_mismatch; priority=high; priority_reasons=strong_evidence_with_mismatch
299,打越山,summit-candidate:606168b97944fce5,yamap_2024-04-28_10_37.gpx,日浦嶺・打越山,900.0566666666667,860,40.06,0.506,3,3,0.067,false,true,medium,high,high,check_location_warning,boundary_tolerated_mismatch,久万高原町,,,"内子町, 喜多郡, 愛媛県, 791-3521, 日本",multiple_candidates_for_mountain|multiple_mountains_for_candidate|missing_csv_coordinate|location_mismatch_warning|activity_link_ambiguous,strong_evidence_with_mismatch,location_mismatch_warning,mountain=打越山(#299); candidate=summit-candidate:606168b97944fce5; ref_score=0.506; ref_rank=3; loc_level=boundary_tolerated_mismatch; priority=high; priority_reasons=strong_evidence_with_mismatch
300,面河山,summit-candidate:22e40e9eb117a033,yamap_2024-05-03_08_45.gpx,面河山,1519.8633333333335,1521,1.14,0.7875,1,1,0.3485,true,true,medium,high,medium,accept_candidate_after_map_check,exact_municipality_match,久万高原町,,久万高原町,"久万高原町, 上浮穴郡, 愛媛県, 日本",multiple_candidates_for_mountain|multiple_mountains_for_candidate|missing_csv_coordinate,top_1_but_ambiguous,clear_mutual_top1,mountain=面河山(#300); candidate=summit-candidate:22e40e9eb117a033; ref_score=0.7875; ref_rank=1; loc_level=exact_municipality_match; priority=high; priority_reasons=top_1_but_ambiguous
300,面河山,summit-candidate:1ebd63d8e2790409,yamap_2022-05-02_09_06.gpx,大川嶺・笠取山・ウバホド山,1532.1452947696732,1521,11.15,0.439,2,6,0,false,false,low,high,high,resolve_conflict,exact_municipality_match,久万高原町,,久万高原町,"久万高原町, 上浮穴郡, 愛媛県, 日本",multiple_candidates_for_mountain|multiple_mountains_for_candidate|weak_name_evidence|missing_csv_coordinate,top_candidate_for_multiple_mountains,shared_candidate,mountain=面河山(#300); candidate=summit-candidate:1ebd63d8e2790409; ref_score=0.439; ref_rank=2; loc_level=exact_municipality_match; priority=high; priority_reasons=top_candidate_for_multiple_mountains
300,面河山,summit-candidate:aa6060fe8a831f45,yamap_2024-05-11_13_46.gpx,丸滝山,1542.9666666666665,1521,21.97,0.439,3,8,0,false,false,low,medium,low,low_priority,exact_municipality_match,久万高原町,,久万高原町,"石鎚スカイライン, 久万高原町, 上浮穴郡, 愛媛県, 日本",multiple_candidates_for_mountain|multiple_mountains_for_candidate|weak_name_evidence|missing_csv_coordinate|activity_link_ambiguous,top_3_with_evidence,low_priority_alternative,mountain=面河山(#300); candidate=summit-candidate:aa6060fe8a831f45; ref_score=0.439; ref_rank=3; loc_level=exact_municipality_match; priority=medium; priority_reasons=top_3_with_evidence
301,丸笹山,summit-candidate:aa6060fe8a831f45,yamap_2024-05-11_13_46.gpx,丸滝山,1542.9666666666665,1535,7.97,0.7875,1,1,0.102,true,true,medium,high,medium,accept_candidate_after_map_check,exact_municipality_match,久万高原町,,久万高原町,"石鎚スカイライン, 久万高原町, 上浮穴郡, 愛媛県, 日本",multiple_candidates_for_mountain|multiple_mountains_for_candidate|missing_csv_coordinate|activity_link_ambiguous,top_1_but_ambiguous,clear_mutual_top1,mountain=丸笹山(#301); candidate=summit-candidate:aa6060fe8a831f45; ref_score=0.7875; ref_rank=1; loc_level=exact_municipality_match; priority=high; priority_reasons=top_1_but_ambiguous
301,丸笹山,summit-candidate:5ec5a611be375a53,yamap_2024-05-11_07_45.gpx,丸笹山,1567.1366666666665,1535,32.14,0.6855,2,2,0.051,false,true,medium,medium,low,low_priority,exact_municipality_match,久万高原町,,久万高原町,"久万高原町, 上浮穴郡, 愛媛県, 日本",multiple_candidates_for_mountain|multiple_mountains_for_candidate|missing_csv_coordinate|activity_link_ambiguous,top_3_with_evidence,low_priority_alternative,mountain=丸笹山(#301); candidate=summit-candidate:5ec5a611be375a53; ref_score=0.6855; ref_rank=2; loc_level=exact_municipality_match; priority=medium; priority_reasons=top_3_with_evidence
301,丸笹山,summit-candidate:8917a066a1c03aeb,yamap_2024-05-11_07_45.gpx,丸笹山,1431.0566666666666,1535,103.94,0.6345,3,1,0.1445,false,true,medium,medium,low,low_priority,exact_municipality_match,久万高原町,,久万高原町,"久万高原町, 上浮穴郡, 愛媛県, 日本",multiple_candidates_for_mountain|multiple_mountains_for_candidate|weak_elevation_evidence|missing_csv_coordinate|activity_link_ambiguous,top_3_with_evidence,low_priority_alternative,mountain=丸笹山(#301); candidate=summit-candidate:8917a066a1c03aeb; ref_score=0.6345; ref_rank=3; loc_level=exact_municipality_match; priority=medium; priority_reasons=top_3_with_evidence
302,丸滝山,summit-candidate:5ec5a611be375a53,yamap_2024-05-11_07_45.gpx,丸笹山,1567.1366666666665,1556,11.14,0.7365,1,1,0,true,true,medium,high,medium,accept_candidate_after_map_check,exact_municipality_match,久万高原町,,久万高原町,"久万高原町, 上浮穴郡, 愛媛県, 日本",multiple_candidates_for_mountain|multiple_mountains_for_candidate|missing_csv_coordinate|activity_link_ambiguous,top_1_but_ambiguous,clear_mutual_top1,mountain=丸滝山(#302); candidate=summit-candidate:5ec5a611be375a53; ref_score=0.7365; ref_rank=1; loc_level=exact_municipality_match; priority=high; priority_reasons=top_1_but_ambiguous
302,丸滝山,summit-candidate:aa6060fe8a831f45,yamap_2024-05-11_13_46.gpx,丸滝山,1542.9666666666665,1556,13.03,0.7365,2,2,0.102,false,true,medium,medium,high,check_close_alternatives,exact_municipality_match,久万高原町,,久万高原町,"石鎚スカイライン, 久万高原町, 上浮穴郡, 愛媛県, 日本",multiple_candidates_for_mountain|multiple_mountains_for_candidate|missing_csv_coordinate|activity_link_ambiguous,top_3_with_evidence,small_score_gap,mountain=丸滝山(#302); candidate=summit-candidate:aa6060fe8a831f45; ref_score=0.7365; ref_rank=2; loc_level=exact_municipality_match; priority=medium; priority_reasons=top_3_with_evidence
302,丸滝山,summit-candidate:8917a066a1c03aeb,yamap_2024-05-11_07_45.gpx,丸笹山,1431.0566666666666,1556,124.94,0.6345,3,2,0.1955,false,true,medium,medium,low,low_priority,exact_municipality_match,久万高原町,,久万高原町,"久万高原町, 上浮穴郡, 愛媛県, 日本",multiple_candidates_for_mountain|multiple_mountains_for_candidate|weak_elevation_evidence|missing_csv_coordinate|activity_link_ambiguous,top_3_with_evidence,low_priority_alternative,mountain=丸滝山(#302); candidate=summit-candidate:8917a066a1c03aeb; ref_score=0.6345; ref_rank=3; loc_level=exact_municipality_match; priority=medium; priority_reasons=top_3_with_evidence
303,名石山,summit-candidate:ea919bf883e31a7b,yamap_2024-05-15_11_16.gpx,名石山,289.7633333333333,297,7.24,0.7875,1,1,0.2975,true,true,medium,high,medium,accept_candidate_after_map_check,exact_municipality_match,松山市,,松山市,"粟井浅海線, 萩原, 松山市, 愛媛県, 799-2401, 日本",multiple_candidates_for_mountain|multiple_mountains_for_candidate|missing_csv_coordinate,top_1_but_ambiguous,clear_mutual_top1,mountain=名石山(#303); candidate=summit-candidate:ea919bf883e31a7b; ref_score=0.7875; ref_rank=1; loc_level=exact_municipality_match; priority=high; priority_reasons=top_1_but_ambiguous
303,名石山,summit-candidate:40260be41579ab8f,yamap_2022-01-28_12_28.gpx,尾ノ峰・新城山・腰折山・恵良山,299.12666666666667,297,2.13,0.49,2,6,0,false,false,low,medium,low,low_priority,exact_municipality_match,松山市,,松山市,"浅海原, 松山市, 愛媛県, 799-2401, 日本",multiple_candidates_for_mountain|multiple_mountains_for_candidate|weak_name_evidence|missing_csv_coordinate,top_3_with_evidence,low_priority_alternative,mountain=名石山(#303); candidate=summit-candidate:40260be41579ab8f; ref_score=0.49; ref_rank=2; loc_level=exact_municipality_match; priority=medium; priority_reasons=top_3_with_evidence
303,名石山,summit-candidate:fe8f624bdaa57afd,yamap_2025-03-20_08_27.gpx,高山・大里山・泰ノ山,288.9433333333333,297,8.06,0.49,3,7,0.051,false,false,low,medium,low,low_priority,exact_municipality_match,松山市,,松山市,"熊田, 松山市, 愛媛県, 791-4508, 日本",multiple_candidates_for_mountain|multiple_mountains_for_candidate|weak_name_evidence|missing_csv_coordinate,top_3_with_evidence,low_priority_alternative,mountain=名石山(#303); candidate=summit-candidate:fe8f624bdaa57afd; ref_score=0.49; ref_rank=3; loc_level=exact_municipality_match; priority=medium; priority_reasons=top_3_with_evidence
304,青刈山,summit-candidate:588c967023117267,yamap_2022-09-26_14_04.gpx,鏡山,201.48000000000002,342,140.52,0.455,1,3,0,false,true,low,high,high,resolve_conflict,boundary_tolerated_mismatch,,大三島,,"今治市, 愛媛県, 794-8511, 日本",multiple_candidates_for_mountain|multiple_mountains_for_candidate|weak_elevation_evidence|missing_csv_coordinate|location_mismatch_warning|activity_link_ambiguous,top_1_but_ambiguous|strong_evidence_with_mismatch|top_candidate_for_multiple_mountains,shared_candidate|not_mutual_top1,"mountain=青刈山(#304); candidate=summit-candidate:588c967023117267; ref_score=0.455; ref_rank=1; loc_level=boundary_tolerated_mismatch; priority=high; priority_reasons=top_1_but_ambiguous,strong_evidence_with_mismatch,top_candidate_for_multiple_mountains"
304,青刈山,summit-candidate:8251283605282249,yamap_2022-09-26_12_07.gpx,三本榎,246.47333333333336,342,95.53,0.455,2,5,0.0395,false,false,low,high,high,check_close_alternatives,boundary_tolerated_mismatch,,大三島,,"洲元, 今治市, 愛媛県, 794-8511, 日本",multiple_candidates_for_mountain|multiple_mountains_for_candidate|weak_elevation_evidence|missing_csv_coordinate|location_mismatch_warning|activity_link_ambiguous,strong_evidence_with_mismatch,small_score_gap,mountain=青刈山(#304); candidate=summit-candidate:8251283605282249; ref_score=0.455; ref_rank=2; loc_level=boundary_tolerated_mismatch; priority=high; priority_reasons=strong_evidence_with_mismatch
304,青刈山,summit-candidate:fd13fabb918486e6,yamap_2024-01-27_08_01.gpx,大空山,348.28333333333336,342,6.28,0.4155,3,9,0.0625,false,false,low,medium,low,low_priority,island_text_match,,大三島,大三島,"大三島町明日, 篠浜, 今治市, 愛媛県, 794-8511, 日本",multiple_candidates_for_mountain|multiple_mountains_for_candidate|weak_name_evidence|missing_csv_coordinate|location_mismatch_warning|activity_link_ambiguous,top_3_with_evidence,low_priority_alternative,mountain=青刈山(#304); candidate=summit-candidate:fd13fabb918486e6; ref_score=0.4155; ref_rank=3; loc_level=island_text_match; priority=medium; priority_reasons=top_3_with_evidence
305,椿山,summit-candidate:1b665bc67a34756a,yamap_2024-06-01_07_14.gpx,椿山,1579.6733333333332,1585,5.33,0.7875,1,1,0.051,true,true,medium,high,medium,accept_candidate_after_map_check,exact_municipality_match,久万高原町,,久万高原町,"久万高原町, 上浮穴郡, 愛媛県, 日本",multiple_candidates_for_mountain|multiple_mountains_for_candidate|missing_csv_coordinate,top_1_but_ambiguous,clear_mutual_top1,mountain=椿山(#305); candidate=summit-candidate:1b665bc67a34756a; ref_score=0.7875; ref_rank=1; loc_level=exact_municipality_match; priority=high; priority_reasons=top_1_but_ambiguous
305,椿山,summit-candidate:26848eb9192f4a1a,yamap_2024-06-01_07_14.gpx,椿山,1600.17,1585,15.17,0.7365,2,1,0.102,false,true,medium,medium,low,low_priority,exact_municipality_match,久万高原町,,久万高原町,"久万高原町, 上浮穴郡, 愛媛県, 日本",multiple_candidates_for_mountain|multiple_mountains_for_candidate|missing_csv_coordinate,top_3_with_evidence,low_priority_alternative,mountain=椿山(#305); candidate=summit-candidate:26848eb9192f4a1a; ref_score=0.7365; ref_rank=2; loc_level=exact_municipality_match; priority=medium; priority_reasons=top_3_with_evidence
305,椿山,summit-candidate:6ff5d266707ae664,yamap_2024-06-01_07_14.gpx,椿山,1431.7833333333335,1585,153.22,0.6345,3,1,0.1955,false,true,medium,medium,low,low_priority,exact_municipality_match,久万高原町,,久万高原町,"久万高原町, 上浮穴郡, 愛媛県, 日本",multiple_candidates_for_mountain|multiple_mountains_for_candidate|weak_elevation_evidence|missing_csv_coordinate,top_3_with_evidence,low_priority_alternative,mountain=椿山(#305); candidate=summit-candidate:6ff5d266707ae664; ref_score=0.6345; ref_rank=3; loc_level=exact_municipality_match; priority=medium; priority_reasons=top_3_with_evidence
306,黒森山,summit-candidate:40e090ce41a89b55,yamap_2024-06-08_08_42.gpx,沓掛山・黒森山,1690.4033333333334,1678,12.4,0.7365,1,2,0,false,true,medium,high,high,resolve_conflict,exact_municipality_match,西条市,,西条市,"西条市, 愛媛県, 日本",multiple_candidates_for_mountain|multiple_mountains_for_candidate|missing_csv_coordinate,top_1_but_ambiguous|top_candidate_for_multiple_mountains,shared_candidate|not_mutual_top1,"mountain=黒森山(#306); candidate=summit-candidate:40e090ce41a89b55; ref_score=0.7365; ref_rank=1; loc_level=exact_municipality_match; priority=high; priority_reasons=top_1_but_ambiguous,top_candidate_for_multiple_mountains"
306,黒森山,summit-candidate:dd7a40896ae9f6d4,yamap_2024-06-08_08_42.gpx,沓掛山・黒森山,1666.7,1678,11.3,0.7365,2,1,0.2815,false,true,medium,medium,high,check_close_alternatives,exact_municipality_match,西条市,,西条市,"西条市, 愛媛県, 日本",multiple_candidates_for_mountain|multiple_mountains_for_candidate|missing_csv_coordinate,top_3_with_evidence,small_score_gap,mountain=黒森山(#306); candidate=summit-candidate:dd7a40896ae9f6d4; ref_score=0.7365; ref_rank=2; loc_level=exact_municipality_match; priority=medium; priority_reasons=top_3_with_evidence
306,黒森山,summit-candidate:924ccfedeb6c2d2c,yamap_2023-04-04_12_51.gpx,黒森山,1151.5666666666666,1678,526.43,0.455,3,4,0.016,false,false,low,high,high,check_location_warning,boundary_tolerated_mismatch,西条市,,,"久万高原町, 上浮穴郡, 愛媛県, 日本",multiple_candidates_for_mountain|multiple_mountains_for_candidate|weak_elevation_evidence|missing_csv_coordinate|location_mismatch_warning,strong_evidence_with_mismatch,location_mismatch_warning,mountain=黒森山(#306); candidate=summit-candidate:924ccfedeb6c2d2c; ref_score=0.455; ref_rank=3; loc_level=boundary_tolerated_mismatch; priority=high; priority_reasons=strong_evidence_with_mismatch
307,沓掛山,summit-candidate:40e090ce41a89b55,yamap_2024-06-08_08_42.gpx,沓掛山・黒森山,1690.4033333333334,1691,0.6,0.7875,1,1,0.051,true,true,medium,high,high,resolve_conflict,exact_municipality_match,西条市,,西条市,"西条市, 愛媛県, 日本",multiple_candidates_for_mountain|multiple_mountains_for_candidate|missing_csv_coordinate,top_1_but_ambiguous|top_candidate_for_multiple_mountains,shared_candidate,"mountain=沓掛山(#307); candidate=summit-candidate:40e090ce41a89b55; ref_score=0.7875; ref_rank=1; loc_level=exact_municipality_match; priority=high; priority_reasons=top_1_but_ambiguous,top_candidate_for_multiple_mountains"
307,沓掛山,summit-candidate:dd7a40896ae9f6d4,yamap_2024-06-08_08_42.gpx,沓掛山・黒森山,1666.7,1691,24.3,0.7365,2,2,0.2975,false,true,medium,medium,low,low_priority,exact_municipality_match,西条市,,西条市,"西条市, 愛媛県, 日本",multiple_candidates_for_mountain|multiple_mountains_for_candidate|missing_csv_coordinate,top_3_with_evidence,low_priority_alternative,mountain=沓掛山(#307); candidate=summit-candidate:dd7a40896ae9f6d4; ref_score=0.7365; ref_rank=2; loc_level=exact_municipality_match; priority=medium; priority_reasons=top_3_with_evidence
307,沓掛山,summit-candidate:7a5ca8d918f43720,yamap_2026-05-02_09_29.gpx,男山・瓶ヶ森・台ヶ森,1708.05,1691,17.05,0.439,3,5,0,false,false,low,medium,low,low_priority,exact_municipality_match,西条市,,西条市,"町道瓶ヶ森線, 西条市, 吾川郡, 愛媛県, 日本",multiple_candidates_for_mountain|multiple_mountains_for_candidate|weak_name_evidence|missing_csv_coordinate,top_3_with_evidence,low_priority_alternative,mountain=沓掛山(#307); candidate=summit-candidate:7a5ca8d918f43720; ref_score=0.439; ref_rank=3; loc_level=exact_municipality_match; priority=medium; priority_reasons=top_3_with_evidence
308,二反山,summit-candidate:94e96018c0a5450d,yamap_2024-05-19_08_47.gpx,二反山・青刈山,392.00666666666666,395,2.99,0.506,1,1,0,true,true,medium,high,high,check_close_alternatives,boundary_tolerated_mismatch,,大三島,,"今治市, 愛媛県, 794-8511, 日本",multiple_candidates_for_mountain|multiple_mountains_for_candidate|missing_csv_coordinate|location_mismatch_warning,top_1_but_ambiguous|strong_evidence_with_mismatch,small_score_gap,"mountain=二反山(#308); candidate=summit-candidate:94e96018c0a5450d; ref_score=0.506; ref_rank=1; loc_level=boundary_tolerated_mismatch; priority=high; priority_reasons=top_1_but_ambiguous,strong_evidence_with_mismatch"
308,二反山,summit-candidate:bdf43111ae9de6ae,yamap_2024-06-14_06_46.gpx,二反山,391.75,395,3.25,0.506,2,1,0.051,false,true,medium,high,high,check_close_alternatives,boundary_tolerated_mismatch,,大三島,,"今治市, 愛媛県, 794-8511, 日本",multiple_candidates_for_mountain|multiple_mountains_for_candidate|missing_csv_coordinate|location_mismatch_warning,strong_evidence_with_mismatch,small_score_gap,mountain=二反山(#308); candidate=summit-candidate:bdf43111ae9de6ae; ref_score=0.506; ref_rank=2; loc_level=boundary_tolerated_mismatch; priority=high; priority_reasons=strong_evidence_with_mismatch
308,二反山,summit-candidate:588c967023117267,yamap_2022-09-26_14_04.gpx,鏡山,201.48000000000002,395,193.52,0.455,3,4,0,false,false,low,high,high,resolve_conflict,boundary_tolerated_mismatch,,大三島,,"今治市, 愛媛県, 794-8511, 日本",multiple_candidates_for_mountain|multiple_mountains_for_candidate|weak_elevation_evidence|missing_csv_coordinate|location_mismatch_warning|activity_link_ambiguous,strong_evidence_with_mismatch|top_candidate_for_multiple_mountains,shared_candidate,"mountain=二反山(#308); candidate=summit-candidate:588c967023117267; ref_score=0.455; ref_rank=3; loc_level=boundary_tolerated_mismatch; priority=high; priority_reasons=strong_evidence_with_mismatch,top_candidate_for_multiple_mountains"
309,平家平,summit-candidate:006436491de34784,yamap_2022-11-26_04_41.gpx,銅山峰・西山・綱繰山・獅子舞の鼻・冠山・平家平,1729.61,1693,36.61,0.6855,1,2,0.051,false,true,medium,high,high,resolve_conflict,exact_municipality_match,新居浜市,,新居浜市,"新居浜市, 愛媛県, 日本",multiple_candidates_for_mountain|multiple_mountains_for_candidate|missing_csv_coordinate,top_1_but_ambiguous|top_candidate_for_multiple_mountains,shared_candidate|not_mutual_top1,"mountain=平家平(#309); candidate=summit-candidate:006436491de34784; ref_score=0.6855; ref_rank=1; loc_level=exact_municipality_match; priority=high; priority_reasons=top_1_but_ambiguous,top_candidate_for_multiple_mountains"
309,平家平,summit-candidate:53d0e375c60814f6,yamap_2022-11-26_04_41.gpx,銅山峰・西山・綱繰山・獅子舞の鼻・冠山・平家平,1457.99,1693,235.01,0.6345,2,5,0,false,false,medium,high,high,resolve_conflict,exact_municipality_match,新居浜市,,新居浜市,"新居浜市, 愛媛県, 日本",multiple_candidates_for_mountain|multiple_mountains_for_candidate|weak_elevation_evidence|missing_csv_coordinate,top_candidate_for_multiple_mountains,shared_candidate,mountain=平家平(#309); candidate=summit-candidate:53d0e375c60814f6; ref_score=0.6345; ref_rank=2; loc_level=exact_municipality_match; priority=high; priority_reasons=top_candidate_for_multiple_mountains
309,平家平,summit-candidate:a03fbec9bab2fe7a,yamap_2022-11-26_04_41.gpx,銅山峰・西山・綱繰山・獅子舞の鼻・冠山・平家平,907.3366666666667,1693,785.66,0.6345,3,4,0,false,false,medium,medium,low,low_priority,exact_municipality_match,新居浜市,,新居浜市,"新居浜別子山線, 新居浜市, 愛媛県, 日本",multiple_candidates_for_mountain|multiple_mountains_for_candidate|weak_elevation_evidence|missing_csv_coordinate,top_3_with_evidence,low_priority_alternative,mountain=平家平(#309); candidate=summit-candidate:a03fbec9bab2fe7a; ref_score=0.6345; ref_rank=3; loc_level=exact_municipality_match; priority=medium; priority_reasons=top_3_with_evidence
310,薬師山,summit-candidate:02d59cd1260af017,yamap_2024-01-27_10_11.gpx,御串山,62.803333333333335,435,372.2,0.56,1,3,0,false,true,low,high,high,resolve_conflict,island_text_match,,大三島,大三島,"今治大三島自転車道線, 大三島町明日, 新地, 今治市, 愛媛県, 794-8511, 日本",multiple_candidates_for_mountain|multiple_mountains_for_candidate|weak_elevation_evidence|missing_csv_coordinate|location_mismatch_warning|activity_link_ambiguous,top_1_but_ambiguous|top_candidate_for_multiple_mountains,shared_candidate|not_mutual_top1,"mountain=薬師山(#310); candidate=summit-candidate:02d59cd1260af017; ref_score=0.56; ref_rank=1; loc_level=island_text_match; priority=high; priority_reasons=top_1_but_ambiguous,top_candidate_for_multiple_mountains"
310,薬師山,summit-candidate:fd13fabb918486e6,yamap_2024-01-27_08_01.gpx,大空山,348.28333333333336,435,86.72,0.56,2,3,0.054,false,true,low,medium,high,check_close_alternatives,island_text_match,,大三島,大三島,"大三島町明日, 篠浜, 今治市, 愛媛県, 794-8511, 日本",multiple_candidates_for_mountain|multiple_mountains_for_candidate|weak_elevation_evidence|missing_csv_coordinate|location_mismatch_warning|activity_link_ambiguous,top_3_with_evidence,small_score_gap,mountain=薬師山(#310); candidate=summit-candidate:fd13fabb918486e6; ref_score=0.56; ref_rank=2; loc_level=island_text_match; priority=medium; priority_reasons=top_3_with_evidence
310,薬師山,summit-candidate:167756a8b787a168,yamap_2024-06-16_07_27.gpx,薬師山,429.98333333333335,435,5.02,0.506,3,1,0.051,false,true,medium,high,high,check_location_warning,boundary_tolerated_mismatch,,大三島,,"口総, 今治市, 愛媛県, 794-8511, 日本",multiple_candidates_for_mountain|multiple_mountains_for_candidate|missing_csv_coordinate|location_mismatch_warning,strong_evidence_with_mismatch,location_mismatch_warning,mountain=薬師山(#310); candidate=summit-candidate:167756a8b787a168; ref_score=0.506; ref_rank=3; loc_level=boundary_tolerated_mismatch; priority=high; priority_reasons=strong_evidence_with_mismatch
311,子持権現山,summit-candidate:df6b60d513f5518e,yamap_2024-07-06_10_01.gpx,子持権現山・男山・瓶ヶ森,1661.57,1673,11.43,0.7365,1,1,0.102,true,true,medium,high,medium,accept_candidate_after_map_check,exact_municipality_match,西条市,,西条市,"町道瓶ヶ森線, いの町, 吾川郡, 高知県, 日本",multiple_candidates_for_mountain|multiple_mountains_for_candidate|missing_csv_coordinate,top_1_but_ambiguous,clear_mutual_top1,mountain=子持権現山(#311); candidate=summit-candidate:df6b60d513f5518e; ref_score=0.7365; ref_rank=1; loc_level=exact_municipality_match; priority=high; priority_reasons=top_1_but_ambiguous
311,子持権現山,summit-candidate:f2538b7f88e2dd06,yamap_2024-07-06_10_01.gpx,子持権現山・男山・瓶ヶ森,1892.493333333333,1673,219.49,0.6345,2,2,0.1445,false,true,medium,medium,low,low_priority,exact_municipality_match,西条市,,西条市,"町道瓶ヶ森線, いの町, 吾川郡, 高知県, 日本",multiple_candidates_for_mountain|multiple_mountains_for_candidate|weak_elevation_evidence|missing_csv_coordinate,top_3_with_evidence,low_priority_alternative,mountain=子持権現山(#311); candidate=summit-candidate:f2538b7f88e2dd06; ref_score=0.6345; ref_rank=2; loc_level=exact_municipality_match; priority=medium; priority_reasons=top_3_with_evidence
311,子持権現山,summit-candidate:dd7a40896ae9f6d4,yamap_2024-06-08_08_42.gpx,沓掛山・黒森山,1666.7,1673,6.3,0.49,3,4,0.051,false,false,low,medium,low,low_priority,exact_municipality_match,西条市,,西条市,"西条市, 愛媛県, 日本",multiple_candidates_for_mountain|multiple_mountains_for_candidate|weak_name_evidence|missing_csv_coordinate,top_3_with_evidence,low_priority_alternative,mountain=子持権現山(#311); candidate=summit-candidate:dd7a40896ae9f6d4; ref_score=0.49; ref_rank=3; loc_level=exact_municipality_match; priority=medium; priority_reasons=top_3_with_evidence
312,男山,summit-candidate:53a6401abf71c488,yamap_2026-05-02_09_29.gpx,男山・瓶ヶ森・台ヶ森,1892.1433333333334,1838,54.14,0.6345,1,2,0,false,true,medium,high,high,resolve_conflict,exact_municipality_match,西条市,,西条市,"町道瓶ヶ森線, いの町, 吾川郡, 高知県, 日本",multiple_candidates_for_mountain|multiple_mountains_for_candidate|weak_elevation_evidence|missing_csv_coordinate,top_1_but_ambiguous|top_candidate_for_multiple_mountains,shared_candidate|not_mutual_top1,"mountain=男山(#312); candidate=summit-candidate:53a6401abf71c488; ref_score=0.6345; ref_rank=1; loc_level=exact_municipality_match; priority=high; priority_reasons=top_1_but_ambiguous,top_candidate_for_multiple_mountains"
312,男山,summit-candidate:7a5ca8d918f43720,yamap_2026-05-02_09_29.gpx,男山・瓶ヶ森・台ヶ森,1708.05,1838,129.95,0.6345,2,1,0,false,true,medium,medium,high,check_close_alternatives,exact_municipality_match,西条市,,西条市,"町道瓶ヶ森線, 西条市, 吾川郡, 愛媛県, 日本",multiple_candidates_for_mountain|multiple_mountains_for_candidate|weak_elevation_evidence|missing_csv_coordinate,top_3_with_evidence,small_score_gap,mountain=男山(#312); candidate=summit-candidate:7a5ca8d918f43720; ref_score=0.6345; ref_rank=2; loc_level=exact_municipality_match; priority=medium; priority_reasons=top_3_with_evidence
312,男山,summit-candidate:c9e357d000632346,yamap_2026-05-02_09_29.gpx,男山・瓶ヶ森・台ヶ森,1732.5766666666666,1838,105.42,0.6345,3,1,0,false,true,medium,medium,high,check_close_alternatives,exact_municipality_match,西条市,,西条市,"町道瓶ヶ森線, 西条市, 吾川郡, 愛媛県, 日本",multiple_candidates_for_mountain|multiple_mountains_for_candidate|weak_elevation_evidence|missing_csv_coordinate,top_3_with_evidence,small_score_gap,mountain=男山(#312); candidate=summit-candidate:c9e357d000632346; ref_score=0.6345; ref_rank=3; loc_level=exact_municipality_match; priority=medium; priority_reasons=top_3_with_evidence
313,瓶ヶ森,summit-candidate:53a6401abf71c488,yamap_2026-05-02_09_29.gpx,男山・瓶ヶ森・台ヶ森,1892.1433333333334,1897,4.86,0.7875,1,1,0,true,true,medium,high,high,resolve_conflict,exact_municipality_match,西条市,,西条市,"町道瓶ヶ森線, いの町, 吾川郡, 高知県, 日本",multiple_candidates_for_mountain|multiple_mountains_for_candidate|missing_csv_coordinate,top_1_but_ambiguous|top_candidate_for_multiple_mountains,shared_candidate,"mountain=瓶ヶ森(#313); candidate=summit-candidate:53a6401abf71c488; ref_score=0.7875; ref_rank=1; loc_level=exact_municipality_match; priority=high; priority_reasons=top_1_but_ambiguous,top_candidate_for_multiple_mountains"
313,瓶ヶ森,summit-candidate:f2538b7f88e2dd06,yamap_2024-07-06_10_01.gpx,子持権現山・男山・瓶ヶ森,1892.493333333333,1897,4.51,0.7875,2,1,0.102,false,true,medium,medium,high,check_close_alternatives,exact_municipality_match,西条市,,西条市,"町道瓶ヶ森線, いの町, 吾川郡, 高知県, 日本",multiple_candidates_for_mountain|multiple_mountains_for_candidate|missing_csv_coordinate,top_3_with_evidence,small_score_gap,mountain=瓶ヶ森(#313); candidate=summit-candidate:f2538b7f88e2dd06; ref_score=0.7875; ref_rank=2; loc_level=exact_municipality_match; priority=medium; priority_reasons=top_3_with_evidence
313,瓶ヶ森,summit-candidate:db28fcca36deb720,yamap_2022-07-10_07_25.gpx,男山・瓶ヶ森・西黒森,1892.6599999999999,1897,4.34,0.6855,3,1,0.051,false,true,medium,medium,low,low_priority,exact_municipality_match,西条市,,西条市,"町道瓶ヶ森線, いの町, 吾川郡, 高知県, 日本",multiple_candidates_for_mountain|multiple_mountains_for_candidate|missing_csv_coordinate,top_3_with_evidence,low_priority_alternative,mountain=瓶ヶ森(#313); candidate=summit-candidate:db28fcca36deb720; ref_score=0.6855; ref_rank=3; loc_level=exact_municipality_match; priority=medium; priority_reasons=top_3_with_evidence
314,宅並山,summit-candidate:f1ee81f4d467a28e,yamap_2024-07-08_11_33.gpx,宅並山,191.34803656971437,200,8.65,0.7875,1,1,0.2975,true,true,medium,high,medium,accept_candidate_after_map_check,exact_municipality_match,松山市,,松山市,"小川, 松山市, 愛媛県, 799-2642, 日本",multiple_candidates_for_mountain|multiple_mountains_for_candidate|missing_csv_coordinate,top_1_but_ambiguous,clear_mutual_top1,mountain=宅並山(#314); candidate=summit-candidate:f1ee81f4d467a28e; ref_score=0.7875; ref_rank=1; loc_level=exact_municipality_match; priority=high; priority_reasons=top_1_but_ambiguous
314,宅並山,summit-candidate:23c112538ef91e0d,yamap_2022-02-23_08_42.gpx,西山・経ヶ森・岩子山・護摩ヶ森,195.95000000000002,200,4.05,0.49,2,10,0,false,false,low,high,high,resolve_conflict,exact_municipality_match,松山市,,松山市,"高浜トンネル, 高浜町一丁目, 新浜町, 松山市, 愛媛県, 791-8081, 日本",multiple_candidates_for_mountain|multiple_mountains_for_candidate|weak_name_evidence|missing_csv_coordinate,top_candidate_for_multiple_mountains,shared_candidate,mountain=宅並山(#314); candidate=summit-candidate:23c112538ef91e0d; ref_score=0.49; ref_rank=2; loc_level=exact_municipality_match; priority=high; priority_reasons=top_candidate_for_multiple_mountains
314,宅並山,summit-candidate:36e3ac8003e8b5d0,yamap_2022-01-28_12_28.gpx,尾ノ峰・新城山・腰折山・恵良山,190.94333333333336,200,9.06,0.49,3,11,0,false,false,low,medium,low,low_priority,exact_municipality_match,松山市,,松山市,"大浦, 松山市, 愛媛県, 799-2401, 日本",multiple_candidates_for_mountain|multiple_mountains_for_candidate|weak_name_evidence|missing_csv_coordinate,top_3_with_evidence,low_priority_alternative,mountain=宅並山(#314); candidate=summit-candidate:36e3ac8003e8b5d0; ref_score=0.49; ref_rank=3; loc_level=exact_municipality_match; priority=medium; priority_reasons=top_3_with_evidence
315,岩屋山,summit-candidate:c9156b7eea77a1b0,yamap_2024-07-28_15_53.gpx,岩屋山,769.7933333333334,786,16.21,0.7365,1,1,0.2975,true,true,medium,high,medium,accept_candidate_after_map_check,exact_municipality_match,久万高原町,,久万高原町,"岩屋寺 奥の院 白山行場, 西条久万線, 久万高原町, 上浮穴郡, 愛媛県, 791-1512, 日本",multiple_candidates_for_mountain|multiple_mountains_for_candidate|missing_csv_coordinate|timezone_sensitive_activity_link,top_1_but_ambiguous,clear_mutual_top1,mountain=岩屋山(#315); candidate=summit-candidate:c9156b7eea77a1b0; ref_score=0.7365; ref_rank=1; loc_level=exact_municipality_match; priority=high; priority_reasons=top_1_but_ambiguous
315,岩屋山,summit-candidate:57e8c6cb102c9500,yamap_2022-05-15_06_10.gpx,割石東山・青滝山・堂ヶ森,766.7766666666666,786,19.22,0.439,2,7,0.1285,false,false,low,medium,low,low_priority,exact_municipality_match,久万高原町,,久万高原町,"国道494号, 笠方, 久万高原町, 上浮穴郡, 愛媛県, 日本",multiple_candidates_for_mountain|multiple_mountains_for_candidate|weak_name_evidence|missing_csv_coordinate|activity_link_ambiguous,top_3_with_evidence,low_priority_alternative,mountain=岩屋山(#315); candidate=summit-candidate:57e8c6cb102c9500; ref_score=0.439; ref_rank=2; loc_level=exact_municipality_match; priority=medium; priority_reasons=top_3_with_evidence
315,岩屋山,summit-candidate:090f7fa4be89ec5e,yamap_2025-01-26_07_09.gpx,天が森・浄心山・銅が鳴,782.4408357907463,786,3.56,0.3105,3,6,0,false,false,low,high,high,resolve_conflict,boundary_tolerated_mismatch,久万高原町,,,"八幡浜市, 愛媛県, 796-0203, 日本",multiple_candidates_for_mountain|multiple_mountains_for_candidate|weak_name_evidence|missing_csv_coordinate|location_mismatch_warning,strong_evidence_with_mismatch|top_candidate_for_multiple_mountains,shared_candidate,"mountain=岩屋山(#315); candidate=summit-candidate:090f7fa4be89ec5e; ref_score=0.3105; ref_rank=3; loc_level=boundary_tolerated_mismatch; priority=high; priority_reasons=strong_evidence_with_mismatch,top_candidate_for_multiple_mountains"
316,高縄山,summit-candidate:6ba0d3c6b0fb6b96,yamap_2022-04-09_14_44.gpx,大月山・高縄山,981.3100000000001,993,11.69,0.7365,1,2,0.051,false,true,medium,high,high,resolve_conflict,exact_municipality_match,松山市,,松山市,"松山市, 愛媛県, 日本",multiple_candidates_for_mountain|multiple_mountains_for_candidate|missing_csv_coordinate|activity_link_ambiguous,top_1_but_ambiguous,not_mutual_top1,mountain=高縄山(#316); candidate=summit-candidate:6ba0d3c6b0fb6b96; ref_score=0.7365; ref_rank=1; loc_level=exact_municipality_match; priority=high; priority_reasons=top_1_but_ambiguous
316,高縄山,summit-candidate:9a68e7a3a97831ff,yamap_2022-04-09_14_44.gpx,大月山・高縄山,950.6066666666666,993,42.39,0.6855,2,2,0.051,false,true,medium,medium,low,low_priority,exact_municipality_match,松山市,,松山市,"湯山高縄北条線, 九川, 松山市, 愛媛県, 日本",multiple_candidates_for_mountain|multiple_mountains_for_candidate|missing_csv_coordinate|activity_link_ambiguous,top_3_with_evidence,low_priority_alternative,mountain=高縄山(#316); candidate=summit-candidate:9a68e7a3a97831ff; ref_score=0.6855; ref_rank=2; loc_level=exact_municipality_match; priority=medium; priority_reasons=top_3_with_evidence
316,高縄山,summit-candidate:96e5be71880efe52,yamap_2024-08-03_20_36.gpx,高縄山,978.8978042618015,993,14.1,0.6345,3,1,0.324,false,true,medium,medium,low,low_priority,exact_municipality_match,松山市,,松山市,"松山市, 愛媛県, 日本",multiple_candidates_for_mountain|multiple_mountains_for_candidate|missing_csv_coordinate|timezone_sensitive_activity_link,top_3_with_evidence,low_priority_alternative,mountain=高縄山(#316); candidate=summit-candidate:96e5be71880efe52; ref_score=0.6345; ref_rank=3; loc_level=exact_municipality_match; priority=medium; priority_reasons=top_3_with_evidence
317,伊予富士,summit-candidate:6f70c7d3c27fe164,yamap_2024-09-14_07_46.gpx,伊予富士,1746.743333333333,1756,9.26,0.608,1,1,0.118,true,true,medium,high,high,check_location_warning,boundary_tolerated_mismatch,西条市,,,"町道瓶ヶ森線, いの町, 吾川郡, 高知県, 日本",multiple_candidates_for_mountain|multiple_mountains_for_candidate|missing_csv_coordinate|location_mismatch_warning,top_1_but_ambiguous|strong_evidence_with_mismatch,location_mismatch_warning,"mountain=伊予富士(#317); candidate=summit-candidate:6f70c7d3c27fe164; ref_score=0.608; ref_rank=1; loc_level=boundary_tolerated_mismatch; priority=high; priority_reasons=top_1_but_ambiguous,strong_evidence_with_mismatch"
317,伊予富士,summit-candidate:591204fdc01b55b6,yamap_2022-04-30_08_30.gpx,岩黒山・筒上山・手箱山,1749.5652002309682,1756,6.43,0.49,2,4,0.035,false,false,low,high,high,resolve_conflict,exact_municipality_match,西条市,,西条市,"町道瓶ヶ森線, 西条市, 吾川郡, 愛媛県, 日本",multiple_candidates_for_mountain|multiple_mountains_for_candidate|weak_name_evidence|missing_csv_coordinate|activity_link_ambiguous,top_candidate_for_multiple_mountains,shared_candidate,mountain=伊予富士(#317); candidate=summit-candidate:591204fdc01b55b6; ref_score=0.49; ref_rank=2; loc_level=exact_municipality_match; priority=high; priority_reasons=top_candidate_for_multiple_mountains
317,伊予富士,summit-candidate:756a1162bc669c0b,yamap_2024-09-14_07_46.gpx,伊予富士,1452.5600000000002,1756,303.44,0.455,3,1,0,false,true,low,high,high,check_location_warning,boundary_tolerated_mismatch,西条市,,,"瓶ヶ森林道, いの町, 吾川郡, 高知県, 日本",multiple_candidates_for_mountain|multiple_mountains_for_candidate|weak_elevation_evidence|missing_csv_coordinate|location_mismatch_warning,strong_evidence_with_mismatch,location_mismatch_warning,mountain=伊予富士(#317); candidate=summit-candidate:756a1162bc669c0b; ref_score=0.455; ref_rank=3; loc_level=boundary_tolerated_mismatch; priority=high; priority_reasons=strong_evidence_with_mismatch
318,中津山(明神山),summit-candidate:fec0bb942061619b,yamap_2024-09-23_07_35.gpx,中津山(明神山)・猿越山,1539.5333333333335,1541,1.47,0.7875,1,1,0.153,true,true,medium,high,medium,accept_candidate_after_map_check,exact_municipality_match,久万高原町,,久万高原町,"久万高原町, 上浮穴郡, 愛媛県, 日本",multiple_candidates_for_mountain|multiple_mountains_for_candidate|missing_csv_coordinate,top_1_but_ambiguous,clear_mutual_top1,mountain=中津山(明神山)(#318); candidate=summit-candidate:fec0bb942061619b; ref_score=0.7875; ref_rank=1; loc_level=exact_municipality_match; priority=high; priority_reasons=top_1_but_ambiguous
318,中津山(明神山),summit-candidate:eb3b108c5d508377,yamap_2024-09-23_07_35.gpx,中津山(明神山)・猿越山,1459.6666666666667,1541,81.33,0.6345,2,2,0.1445,false,true,medium,medium,low,low_priority,exact_municipality_match,久万高原町,,久万高原町,"仁淀川町, 吾川郡, 高知県, 日本",multiple_candidates_for_mountain|multiple_mountains_for_candidate|weak_elevation_evidence|missing_csv_coordinate,top_3_with_evidence,low_priority_alternative,mountain=中津山(明神山)(#318); candidate=summit-candidate:eb3b108c5d508377; ref_score=0.6345; ref_rank=2; loc_level=exact_municipality_match; priority=medium; priority_reasons=top_3_with_evidence
318,中津山(明神山),summit-candidate:1ebd63d8e2790409,yamap_2022-05-02_09_06.gpx,大川嶺・笠取山・ウバホド山,1532.1452947696732,1541,8.85,0.49,3,5,0,false,false,low,high,high,resolve_conflict,exact_municipality_match,久万高原町,,久万高原町,"久万高原町, 上浮穴郡, 愛媛県, 日本",multiple_candidates_for_mountain|multiple_mountains_for_candidate|weak_name_evidence|missing_csv_coordinate,top_candidate_for_multiple_mountains,shared_candidate,mountain=中津山(明神山)(#318); candidate=summit-candidate:1ebd63d8e2790409; ref_score=0.49; ref_rank=3; loc_level=exact_municipality_match; priority=high; priority_reasons=top_candidate_for_multiple_mountains
319,猿越山,summit-candidate:eb3b108c5d508377,yamap_2024-09-23_07_35.gpx,中津山(明神山)・猿越山,1459.6666666666667,1435,24.67,0.7365,1,1,0.102,true,true,medium,high,medium,accept_candidate_after_map_check,exact_municipality_match,久万高原町,,久万高原町,"仁淀川町, 吾川郡, 高知県, 日本",multiple_candidates_for_mountain|multiple_mountains_for_candidate|missing_csv_coordinate,top_1_but_ambiguous,clear_mutual_top1,mountain=猿越山(#319); candidate=summit-candidate:eb3b108c5d508377; ref_score=0.7365; ref_rank=1; loc_level=exact_municipality_match; priority=high; priority_reasons=top_1_but_ambiguous
319,猿越山,summit-candidate:fec0bb942061619b,yamap_2024-09-23_07_35.gpx,中津山(明神山)・猿越山,1539.5333333333335,1435,104.53,0.6345,2,2,0.0265,false,true,medium,medium,low,low_priority,exact_municipality_match,久万高原町,,久万高原町,"久万高原町, 上浮穴郡, 愛媛県, 日本",multiple_candidates_for_mountain|multiple_mountains_for_candidate|weak_elevation_evidence|missing_csv_coordinate,top_3_with_evidence,low_priority_alternative,mountain=猿越山(#319); candidate=summit-candidate:fec0bb942061619b; ref_score=0.6345; ref_rank=2; loc_level=exact_municipality_match; priority=medium; priority_reasons=top_3_with_evidence
319,猿越山,summit-candidate:a0c5556d9432a199,yamap_2024-09-23_07_35.gpx,中津山(明神山)・猿越山,1432.5666666666666,1435,2.43,0.608,3,1,0.051,false,true,medium,high,high,check_location_warning,boundary_tolerated_mismatch,久万高原町,,,"林道上名野川線, 仁淀川町, 吾川郡, 高知県, 日本",multiple_candidates_for_mountain|multiple_mountains_for_candidate|missing_csv_coordinate|location_mismatch_warning,strong_evidence_with_mismatch,location_mismatch_warning,mountain=猿越山(#319); candidate=summit-candidate:a0c5556d9432a199; ref_score=0.608; ref_rank=3; loc_level=boundary_tolerated_mismatch; priority=high; priority_reasons=strong_evidence_with_mismatch
320,銅山峰,summit-candidate:006436491de34784,yamap_2022-11-26_04_41.gpx,銅山峰・西山・綱繰山・獅子舞の鼻・冠山・平家平,1729.61,1330,399.61,0.6345,1,5,0,false,false,medium,high,high,resolve_conflict,exact_municipality_match,新居浜市,,新居浜市,"新居浜市, 愛媛県, 日本",multiple_candidates_for_mountain|multiple_mountains_for_candidate|weak_elevation_evidence|missing_csv_coordinate,top_1_but_ambiguous|top_candidate_for_multiple_mountains,shared_candidate|not_mutual_top1,"mountain=銅山峰(#320); candidate=summit-candidate:006436491de34784; ref_score=0.6345; ref_rank=1; loc_level=exact_municipality_match; priority=high; priority_reasons=top_1_but_ambiguous,top_candidate_for_multiple_mountains"
320,銅山峰,summit-candidate:057580d1c60049b6,yamap_2024-10-05_06_40.gpx,銅山峰・西山・三の森・二の森・一の森,1425.3166666666668,1330,95.32,0.6345,2,2,0,false,true,medium,high,high,resolve_conflict,exact_municipality_match,新居浜市,,新居浜市,"新居浜市, 愛媛県, 日本",multiple_candidates_for_mountain|multiple_mountains_for_candidate|weak_elevation_evidence|missing_csv_coordinate,top_candidate_for_multiple_mountains,shared_candidate,mountain=銅山峰(#320); candidate=summit-candidate:057580d1c60049b6; ref_score=0.6345; ref_rank=2; loc_level=exact_municipality_match; priority=high; priority_reasons=top_candidate_for_multiple_mountains
320,銅山峰,summit-candidate:0dea5d073885dc9d,yamap_2024-10-05_06_40.gpx,銅山峰・西山・三の森・二の森・一の森,831.0900000000001,1330,498.91,0.6345,3,2,0,false,true,medium,medium,high,check_close_alternatives,exact_municipality_match,新居浜市,,新居浜市,"市道河又東平線, 新居浜市, 愛媛県, 792-0847, 日本",multiple_candidates_for_mountain|multiple_mountains_for_candidate|weak_elevation_evidence|missing_csv_coordinate,top_3_with_evidence,small_score_gap,mountain=銅山峰(#320); candidate=summit-candidate:0dea5d073885dc9d; ref_score=0.6345; ref_rank=3; loc_level=exact_municipality_match; priority=medium; priority_reasons=top_3_with_evidence
321,西山,summit-candidate:057580d1c60049b6,yamap_2024-10-05_06_40.gpx,銅山峰・西山・三の森・二の森・一の森,1425.3166666666668,1429,3.68,0.7875,1,1,0,true,true,medium,high,high,resolve_conflict,exact_municipality_match,新居浜市,,新居浜市,"新居浜市, 愛媛県, 日本",multiple_candidates_for_mountain|multiple_mountains_for_candidate|missing_csv_coordinate,top_1_but_ambiguous|top_candidate_for_multiple_mountains,shared_candidate,"mountain=西山(#321); candidate=summit-candidate:057580d1c60049b6; ref_score=0.7875; ref_rank=1; loc_level=exact_municipality_match; priority=high; priority_reasons=top_1_but_ambiguous,top_candidate_for_multiple_mountains"
321,西山,summit-candidate:a557f14fb032a808,yamap_2022-11-26_04_41.gpx,銅山峰・西山・綱繰山・獅子舞の鼻・冠山・平家平,1423.68,1429,5.32,0.7875,2,1,0.051,false,true,medium,medium,high,check_close_alternatives,exact_municipality_match,新居浜市,,新居浜市,"新居浜市, 愛媛県, 日本",multiple_candidates_for_mountain|multiple_mountains_for_candidate|missing_csv_coordinate,top_3_with_evidence,small_score_gap,mountain=西山(#321); candidate=summit-candidate:a557f14fb032a808; ref_score=0.7875; ref_rank=2; loc_level=exact_municipality_match; priority=medium; priority_reasons=top_3_with_evidence
321,西山,summit-candidate:53d0e375c60814f6,yamap_2022-11-26_04_41.gpx,銅山峰・西山・綱繰山・獅子舞の鼻・冠山・平家平,1457.99,1429,28.99,0.7365,3,3,0.102,false,true,medium,high,high,resolve_conflict,exact_municipality_match,新居浜市,,新居浜市,"新居浜市, 愛媛県, 日本",multiple_candidates_for_mountain|multiple_mountains_for_candidate|missing_csv_coordinate,top_candidate_for_multiple_mountains,shared_candidate,mountain=西山(#321); candidate=summit-candidate:53d0e375c60814f6; ref_score=0.7365; ref_rank=3; loc_level=exact_municipality_match; priority=high; priority_reasons=top_candidate_for_multiple_mountains
322,三の森,summit-candidate:057580d1c60049b6,yamap_2024-10-05_06_40.gpx,銅山峰・西山・三の森・二の森・一の森,1425.3166666666668,1154,271.32,0.6345,1,3,0,false,true,medium,high,high,resolve_conflict,exact_municipality_match,新居浜市,,新居浜市,"新居浜市, 愛媛県, 日本",multiple_candidates_for_mountain|multiple_mountains_for_candidate|weak_elevation_evidence|missing_csv_coordinate,top_1_but_ambiguous|top_candidate_for_multiple_mountains,shared_candidate|not_mutual_top1,"mountain=三の森(#322); candidate=summit-candidate:057580d1c60049b6; ref_score=0.6345; ref_rank=1; loc_level=exact_municipality_match; priority=high; priority_reasons=top_1_but_ambiguous,top_candidate_for_multiple_mountains"
322,三の森,summit-candidate:0dea5d073885dc9d,yamap_2024-10-05_06_40.gpx,銅山峰・西山・三の森・二の森・一の森,831.0900000000001,1154,322.91,0.6345,2,4,0.324,false,false,medium,medium,high,check_close_alternatives,exact_municipality_match,新居浜市,,新居浜市,"市道河又東平線, 新居浜市, 愛媛県, 792-0847, 日本",multiple_candidates_for_mountain|multiple_mountains_for_candidate|weak_elevation_evidence|missing_csv_coordinate,top_3_with_evidence,small_score_gap,mountain=三の森(#322); candidate=summit-candidate:0dea5d073885dc9d; ref_score=0.6345; ref_rank=2; loc_level=exact_municipality_match; priority=medium; priority_reasons=top_3_with_evidence
322,三の森,summit-candidate:0a89128346167f6e,yamap_2024-04-07_06_45.gpx,二箆山・西雑誌山,1158.3666666666668,1154,4.37,0.3105,3,12,0,false,false,low,high,high,check_location_warning,boundary_tolerated_mismatch,新居浜市,,,"ササミネ林道, 久万高原町, 上浮穴郡, 愛媛県, 日本",multiple_candidates_for_mountain|multiple_mountains_for_candidate|weak_name_evidence|missing_csv_coordinate|location_mismatch_warning,strong_evidence_with_mismatch,location_mismatch_warning,mountain=三の森(#322); candidate=summit-candidate:0a89128346167f6e; ref_score=0.3105; ref_rank=3; loc_level=boundary_tolerated_mismatch; priority=high; priority_reasons=strong_evidence_with_mismatch
323,二の森,summit-candidate:057580d1c60049b6,yamap_2024-10-05_06_40.gpx,銅山峰・西山・三の森・二の森・一の森,1425.3166666666668,1040,385.32,0.6345,1,4,0,false,false,medium,high,high,resolve_conflict,exact_municipality_match,新居浜市,,新居浜市,"新居浜市, 愛媛県, 日本",multiple_candidates_for_mountain|multiple_mountains_for_candidate|weak_elevation_evidence|missing_csv_coordinate,top_1_but_ambiguous|top_candidate_for_multiple_mountains,shared_candidate|not_mutual_top1,"mountain=二の森(#323); candidate=summit-candidate:057580d1c60049b6; ref_score=0.6345; ref_rank=1; loc_level=exact_municipality_match; priority=high; priority_reasons=top_1_but_ambiguous,top_candidate_for_multiple_mountains"
323,二の森,summit-candidate:0dea5d073885dc9d,yamap_2024-10-05_06_40.gpx,銅山峰・西山・三の森・二の森・一の森,831.0900000000001,1040,208.91,0.6345,2,5,0.324,false,false,medium,medium,high,check_close_alternatives,exact_municipality_match,新居浜市,,新居浜市,"市道河又東平線, 新居浜市, 愛媛県, 792-0847, 日本",multiple_candidates_for_mountain|multiple_mountains_for_candidate|weak_elevation_evidence|missing_csv_coordinate,top_3_with_evidence,small_score_gap,mountain=二の森(#323); candidate=summit-candidate:0dea5d073885dc9d; ref_score=0.6345; ref_rank=2; loc_level=exact_municipality_match; priority=medium; priority_reasons=top_3_with_evidence
323,二の森,summit-candidate:446b5fe1e7a8b2fd,yamap_2023-03-11_06_08.gpx,福見山・明神ヶ森・南三方ヶ森・魚谷森・左谷ノ森,1048.2366666666665,1040,8.24,0.3105,3,9,0,false,false,low,high,high,check_location_warning,boundary_tolerated_mismatch,新居浜市,,,"東温市, 愛媛県, 日本",multiple_candidates_for_mountain|multiple_mountains_for_candidate|weak_name_evidence|missing_csv_coordinate|location_mismatch_warning,strong_evidence_with_mismatch,location_mismatch_warning,mountain=二の森(#323); candidate=summit-candidate:446b5fe1e7a8b2fd; ref_score=0.3105; ref_rank=3; loc_level=boundary_tolerated_mismatch; priority=high; priority_reasons=strong_evidence_with_mismatch
324,一の森,summit-candidate:0dea5d073885dc9d,yamap_2024-10-05_06_40.gpx,銅山峰・西山・三の森・二の森・一の森,831.0900000000001,832,0.91,0.7875,1,1,0.153,true,true,medium,high,medium,accept_candidate_after_map_check,exact_municipality_match,新居浜市,,新居浜市,"市道河又東平線, 新居浜市, 愛媛県, 792-0847, 日本",multiple_candidates_for_mountain|multiple_mountains_for_candidate|missing_csv_coordinate,top_1_but_ambiguous,clear_mutual_top1,mountain=一の森(#324); candidate=summit-candidate:0dea5d073885dc9d; ref_score=0.7875; ref_rank=1; loc_level=exact_municipality_match; priority=high; priority_reasons=top_1_but_ambiguous
324,一の森,summit-candidate:057580d1c60049b6,yamap_2024-10-05_06_40.gpx,銅山峰・西山・三の森・二の森・一の森,1425.3166666666668,832,593.32,0.6345,2,5,0.324,false,false,medium,high,high,resolve_conflict,exact_municipality_match,新居浜市,,新居浜市,"新居浜市, 愛媛県, 日本",multiple_candidates_for_mountain|multiple_mountains_for_candidate|weak_elevation_evidence|missing_csv_coordinate,top_candidate_for_multiple_mountains,shared_candidate,mountain=一の森(#324); candidate=summit-candidate:057580d1c60049b6; ref_score=0.6345; ref_rank=2; loc_level=exact_municipality_match; priority=high; priority_reasons=top_candidate_for_multiple_mountains
324,一の森,summit-candidate:615a70cf4401199b,yamap_2022-11-14_13_02.gpx,出石山,822.6353431394673,832,9.36,0.3105,3,7,0,false,false,low,high,high,resolve_conflict,boundary_tolerated_mismatch,新居浜市,,,"別格7番 出石寺, 1, 大洲市, 愛媛県, 799-3462, 日本",multiple_candidates_for_mountain|multiple_mountains_for_candidate|weak_name_evidence|missing_csv_coordinate|location_mismatch_warning,strong_evidence_with_mismatch|top_candidate_for_multiple_mountains,shared_candidate,"mountain=一の森(#324); candidate=summit-candidate:615a70cf4401199b; ref_score=0.3105; ref_rank=3; loc_level=boundary_tolerated_mismatch; priority=high; priority_reasons=strong_evidence_with_mismatch,top_candidate_for_multiple_mountains"
325,三ッ足山,summit-candidate:8078eb6cc96c519a,yamap_2024-10-14_04_48.gpx,三ッ足山・カガマシ山・橡尾山・笹ヶ峰,1096.6433333333332,1103,6.36,0.7875,1,1,0.153,true,true,medium,high,high,resolve_conflict,exact_municipality_match,四国中央市,,四国中央市,"四国中央市, 愛媛県, 日本",multiple_candidates_for_mountain|multiple_mountains_for_candidate|missing_csv_coordinate,top_1_but_ambiguous|top_candidate_for_multiple_mountains,shared_candidate,"mountain=三ッ足山(#325); candidate=summit-candidate:8078eb6cc96c519a; ref_score=0.7875; ref_rank=1; loc_level=exact_municipality_match; priority=high; priority_reasons=top_1_but_ambiguous,top_candidate_for_multiple_mountains"
325,三ッ足山,summit-candidate:0886436b79473a6c,yamap_2024-10-14_04_48.gpx,三ッ足山・カガマシ山・橡尾山・笹ヶ峰,1340.51,1103,237.51,0.6345,2,2,0,false,true,medium,high,high,resolve_conflict,exact_municipality_match,四国中央市,,四国中央市,"四国中央市, 愛媛県, 日本",multiple_candidates_for_mountain|multiple_mountains_for_candidate|weak_elevation_evidence|missing_csv_coordinate,top_candidate_for_multiple_mountains,shared_candidate,mountain=三ッ足山(#325); candidate=summit-candidate:0886436b79473a6c; ref_score=0.6345; ref_rank=2; loc_level=exact_municipality_match; priority=high; priority_reasons=top_candidate_for_multiple_mountains
325,三ッ足山,summit-candidate:851dc9683d2d7442,yamap_2024-10-14_04_48.gpx,三ッ足山・カガマシ山・橡尾山・笹ヶ峰,1024.2766666666666,1103,78.72,0.6345,3,2,0,false,true,medium,medium,low,low_priority,exact_municipality_match,四国中央市,,四国中央市,"高知自動車道;笹ヶ峰トンネル, 四国中央市, 長岡郡, 愛媛県, 日本",multiple_candidates_for_mountain|multiple_mountains_for_candidate|weak_elevation_evidence|missing_csv_coordinate,top_3_with_evidence,low_priority_alternative,mountain=三ッ足山(#325); candidate=summit-candidate:851dc9683d2d7442; ref_score=0.6345; ref_rank=3; loc_level=exact_municipality_match; priority=medium; priority_reasons=top_3_with_evidence
326,カガマシ山,summit-candidate:0886436b79473a6c,yamap_2024-10-14_04_48.gpx,三ッ足山・カガマシ山・橡尾山・笹ヶ峰,1340.51,1343,2.49,0.7875,1,1,0.153,true,true,medium,high,high,resolve_conflict,exact_municipality_match,四国中央市,,四国中央市,"四国中央市, 愛媛県, 日本",multiple_candidates_for_mountain|multiple_mountains_for_candidate|missing_csv_coordinate,top_1_but_ambiguous|top_candidate_for_multiple_mountains,shared_candidate,"mountain=カガマシ山(#326); candidate=summit-candidate:0886436b79473a6c; ref_score=0.7875; ref_rank=1; loc_level=exact_municipality_match; priority=high; priority_reasons=top_1_but_ambiguous,top_candidate_for_multiple_mountains"
326,カガマシ山,summit-candidate:8078eb6cc96c519a,yamap_2024-10-14_04_48.gpx,三ッ足山・カガマシ山・橡尾山・笹ヶ峰,1096.6433333333332,1343,246.36,0.6345,2,2,0,false,true,medium,high,high,resolve_conflict,exact_municipality_match,四国中央市,,四国中央市,"四国中央市, 愛媛県, 日本",multiple_candidates_for_mountain|multiple_mountains_for_candidate|weak_elevation_evidence|missing_csv_coordinate,top_candidate_for_multiple_mountains,shared_candidate,mountain=カガマシ山(#326); candidate=summit-candidate:8078eb6cc96c519a; ref_score=0.6345; ref_rank=2; loc_level=exact_municipality_match; priority=high; priority_reasons=top_candidate_for_multiple_mountains
326,カガマシ山,summit-candidate:851dc9683d2d7442,yamap_2024-10-14_04_48.gpx,三ッ足山・カガマシ山・橡尾山・笹ヶ峰,1024.2766666666666,1343,318.72,0.6345,3,3,0,false,true,medium,medium,low,low_priority,exact_municipality_match,四国中央市,,四国中央市,"高知自動車道;笹ヶ峰トンネル, 四国中央市, 長岡郡, 愛媛県, 日本",multiple_candidates_for_mountain|multiple_mountains_for_candidate|weak_elevation_evidence|missing_csv_coordinate,top_3_with_evidence,low_priority_alternative,mountain=カガマシ山(#326); candidate=summit-candidate:851dc9683d2d7442; ref_score=0.6345; ref_rank=3; loc_level=exact_municipality_match; priority=medium; priority_reasons=top_3_with_evidence
327,橡尾山,summit-candidate:0886436b79473a6c,yamap_2024-10-14_04_48.gpx,三ッ足山・カガマシ山・橡尾山・笹ヶ峰,1340.51,1222,118.51,0.6345,1,3,0,false,true,medium,high,high,resolve_conflict,exact_municipality_match,四国中央市,,四国中央市,"四国中央市, 愛媛県, 日本",multiple_candidates_for_mountain|multiple_mountains_for_candidate|weak_elevation_evidence|missing_csv_coordinate,top_1_but_ambiguous|top_candidate_for_multiple_mountains,shared_candidate|not_mutual_top1,"mountain=橡尾山(#327); candidate=summit-candidate:0886436b79473a6c; ref_score=0.6345; ref_rank=1; loc_level=exact_municipality_match; priority=high; priority_reasons=top_1_but_ambiguous,top_candidate_for_multiple_mountains"
327,橡尾山,summit-candidate:8078eb6cc96c519a,yamap_2024-10-14_04_48.gpx,三ッ足山・カガマシ山・橡尾山・笹ヶ峰,1096.6433333333332,1222,125.36,0.6345,2,3,0,false,true,medium,high,high,resolve_conflict,exact_municipality_match,四国中央市,,四国中央市,"四国中央市, 愛媛県, 日本",multiple_candidates_for_mountain|multiple_mountains_for_candidate|weak_elevation_evidence|missing_csv_coordinate,top_candidate_for_multiple_mountains,shared_candidate,mountain=橡尾山(#327); candidate=summit-candidate:8078eb6cc96c519a; ref_score=0.6345; ref_rank=2; loc_level=exact_municipality_match; priority=high; priority_reasons=top_candidate_for_multiple_mountains
327,橡尾山,summit-candidate:851dc9683d2d7442,yamap_2024-10-14_04_48.gpx,三ッ足山・カガマシ山・橡尾山・笹ヶ峰,1024.2766666666666,1222,197.72,0.6345,3,4,0,false,false,medium,medium,high,check_close_alternatives,exact_municipality_match,四国中央市,,四国中央市,"高知自動車道;笹ヶ峰トンネル, 四国中央市, 長岡郡, 愛媛県, 日本",multiple_candidates_for_mountain|multiple_mountains_for_candidate|weak_elevation_evidence|missing_csv_coordinate,top_3_with_evidence,small_score_gap,mountain=橡尾山(#327); candidate=summit-candidate:851dc9683d2d7442; ref_score=0.6345; ref_rank=3; loc_level=exact_municipality_match; priority=medium; priority_reasons=top_3_with_evidence
328,笹ヶ峰,summit-candidate:851dc9683d2d7442,yamap_2024-10-14_04_48.gpx,三ッ足山・カガマシ山・橡尾山・笹ヶ峰,1024.2766666666666,1019,5.28,0.7875,1,1,0,true,true,medium,high,medium,accept_candidate_after_map_check,exact_municipality_match,四国中央市,,四国中央市,"高知自動車道;笹ヶ峰トンネル, 四国中央市, 長岡郡, 愛媛県, 日本",multiple_candidates_for_mountain|multiple_mountains_for_candidate|missing_csv_coordinate,top_1_but_ambiguous,clear_mutual_top1,mountain=笹ヶ峰(#328); candidate=summit-candidate:851dc9683d2d7442; ref_score=0.7875; ref_rank=1; loc_level=exact_municipality_match; priority=high; priority_reasons=top_1_but_ambiguous
328,笹ヶ峰,summit-candidate:a53ed6259e132097,yamap_2024-10-14_04_48.gpx,三ッ足山・カガマシ山・橡尾山・笹ヶ峰,1017.4166666666666,1019,1.58,0.7875,2,1,0.153,false,true,medium,medium,high,check_close_alternatives,exact_municipality_match,四国中央市,,四国中央市,"高知自動車道;笹ヶ峰トンネル, 四国中央市, 長岡郡, 愛媛県, 日本",multiple_candidates_for_mountain|multiple_mountains_for_candidate|missing_csv_coordinate,top_3_with_evidence,small_score_gap,mountain=笹ヶ峰(#328); candidate=summit-candidate:a53ed6259e132097; ref_score=0.7875; ref_rank=2; loc_level=exact_municipality_match; priority=medium; priority_reasons=top_3_with_evidence
328,笹ヶ峰,summit-candidate:0886436b79473a6c,yamap_2024-10-14_04_48.gpx,三ッ足山・カガマシ山・橡尾山・笹ヶ峰,1340.51,1019,321.51,0.6345,3,4,0,false,false,medium,high,high,resolve_conflict,exact_municipality_match,四国中央市,,四国中央市,"四国中央市, 愛媛県, 日本",multiple_candidates_for_mountain|multiple_mountains_for_candidate|weak_elevation_evidence|missing_csv_coordinate,top_candidate_for_multiple_mountains,shared_candidate,mountain=笹ヶ峰(#328); candidate=summit-candidate:0886436b79473a6c; ref_score=0.6345; ref_rank=3; loc_level=exact_municipality_match; priority=high; priority_reasons=top_candidate_for_multiple_mountains
329,ハネズル山,summit-candidate:e2c08955f9275289,yamap_2024-10-20_06_42.gpx,ハネズル山,1291.8700000000001,1299,7.13,0.7875,1,1,0.153,true,true,medium,high,high,resolve_conflict,exact_municipality_match,四国中央市,,四国中央市,"四国中央市, 愛媛県, 日本",multiple_candidates_for_mountain|multiple_mountains_for_candidate|missing_csv_coordinate|activity_link_ambiguous,top_1_but_ambiguous|top_candidate_for_multiple_mountains,shared_candidate,"mountain=ハネズル山(#329); candidate=summit-candidate:e2c08955f9275289; ref_score=0.7875; ref_rank=1; loc_level=exact_municipality_match; priority=high; priority_reasons=top_1_but_ambiguous,top_candidate_for_multiple_mountains"
329,ハネズル山,summit-candidate:f54f44da226a4a15,yamap_2024-10-20_11_05.gpx,天堤山,1134.8500000000001,1299,164.15,0.6345,2,2,0.324,false,true,medium,medium,low,low_priority,exact_municipality_match,四国中央市,,四国中央市,"四国中央市, 愛媛県, 日本",multiple_candidates_for_mountain|multiple_mountains_for_candidate|weak_elevation_evidence|missing_csv_coordinate|activity_link_ambiguous,top_3_with_evidence,low_priority_alternative,mountain=ハネズル山(#329); candidate=summit-candidate:f54f44da226a4a15; ref_score=0.6345; ref_rank=2; loc_level=exact_municipality_match; priority=medium; priority_reasons=top_3_with_evidence
329,ハネズル山,summit-candidate:0cc9c1186612ceaa,yamap_2025-04-19_07_10.gpx,小屋山・丸石山,1297.49,1299,1.51,0.3105,3,6,0,false,false,low,high,high,check_location_warning,boundary_tolerated_mismatch,四国中央市,,,"西予市, 愛媛県, 日本",multiple_candidates_for_mountain|multiple_mountains_for_candidate|weak_name_evidence|missing_csv_coordinate|location_mismatch_warning,strong_evidence_with_mismatch,location_mismatch_warning,mountain=ハネズル山(#329); candidate=summit-candidate:0cc9c1186612ceaa; ref_score=0.3105; ref_rank=3; loc_level=boundary_tolerated_mismatch; priority=high; priority_reasons=strong_evidence_with_mismatch
330,天堤山,summit-candidate:f54f44da226a4a15,yamap_2024-10-20_11_05.gpx,天堤山,1134.8500000000001,1147,12.15,0.7365,1,1,0.102,true,true,medium,high,medium,accept_candidate_after_map_check,exact_municipality_match,四国中央市,,四国中央市,"四国中央市, 愛媛県, 日本",multiple_candidates_for_mountain|multiple_mountains_for_candidate|missing_csv_coordinate|activity_link_ambiguous,top_1_but_ambiguous,clear_mutual_top1,mountain=天堤山(#330); candidate=summit-candidate:f54f44da226a4a15; ref_score=0.7365; ref_rank=1; loc_level=exact_municipality_match; priority=high; priority_reasons=top_1_but_ambiguous
330,天堤山,summit-candidate:e2c08955f9275289,yamap_2024-10-20_06_42.gpx,ハネズル山,1291.8700000000001,1147,144.87,0.6345,2,2,0.1445,false,true,medium,high,high,resolve_conflict,exact_municipality_match,四国中央市,,四国中央市,"四国中央市, 愛媛県, 日本",multiple_candidates_for_mountain|multiple_mountains_for_candidate|weak_elevation_evidence|missing_csv_coordinate|activity_link_ambiguous,top_candidate_for_multiple_mountains,shared_candidate,mountain=天堤山(#330); candidate=summit-candidate:e2c08955f9275289; ref_score=0.6345; ref_rank=2; loc_level=exact_municipality_match; priority=high; priority_reasons=top_candidate_for_multiple_mountains
330,天堤山,summit-candidate:78274ad93e160452,yamap_2026-03-01_06_45.gpx,剣ノ山・三傍示山・塩塚峰,1152.4499999999998,1147,5.45,0.49,3,5,0.1795,false,false,low,high,high,resolve_conflict,exact_municipality_match,四国中央市,,四国中央市,"四国中央市, 愛媛県, 日本",multiple_candidates_for_mountain|multiple_mountains_for_candidate|weak_name_evidence|missing_csv_coordinate,top_candidate_for_multiple_mountains,shared_candidate,mountain=天堤山(#330); candidate=summit-candidate:78274ad93e160452; ref_score=0.49; ref_rank=3; loc_level=exact_municipality_match; priority=high; priority_reasons=top_candidate_for_multiple_mountains
331,五郎丸,summit-candidate:9cc74b44e1289236,yamap_2024-12-01_06_40.gpx,唐谷山・天狗森・木峰・金見山・高丸・五郎丸・大谷山・龍王山,589.3233333333334,595,5.68,0.7875,1,1,0,true,true,medium,high,high,resolve_conflict,exact_municipality_match,四国中央市,,四国中央市,"市道下谷線, 金生町山田井, 四国中央市, 愛媛県, 769-1623, 日本",multiple_candidates_for_mountain|multiple_mountains_for_candidate|missing_csv_coordinate|activity_link_ambiguous,top_1_but_ambiguous|top_candidate_for_multiple_mountains,shared_candidate,"mountain=五郎丸(#331); candidate=summit-candidate:9cc74b44e1289236; ref_score=0.7875; ref_rank=1; loc_level=exact_municipality_match; priority=high; priority_reasons=top_1_but_ambiguous,top_candidate_for_multiple_mountains"
331,五郎丸,summit-candidate:c8607e1f03bb5db1,yamap_2024-12-01_06_40.gpx,唐谷山・天狗森・木峰・金見山・高丸・五郎丸・大谷山・龍王山,585.22,595,9.78,0.7875,2,1,0.1795,false,true,medium,medium,high,check_close_alternatives,exact_municipality_match,四国中央市,,四国中央市,"林道金見山線, 金生町山田井, 四国中央市, 愛媛県, 769-1623, 日本",multiple_candidates_for_mountain|multiple_mountains_for_candidate|missing_csv_coordinate|activity_link_ambiguous,top_3_with_evidence,small_score_gap,mountain=五郎丸(#331); candidate=summit-candidate:c8607e1f03bb5db1; ref_score=0.7875; ref_rank=2; loc_level=exact_municipality_match; priority=medium; priority_reasons=top_3_with_evidence
331,五郎丸,summit-candidate:edac81b361bdc70c,yamap_2024-12-01_06_40.gpx,唐谷山・天狗森・木峰・金見山・高丸・五郎丸・大谷山・龍王山,591.7966666666667,595,3.2,0.608,3,2,0.153,false,true,medium,high,high,check_location_warning,boundary_tolerated_mismatch,四国中央市,,,"大野原町海老済, 三好市, 徳島県, 778-8501, 日本",multiple_candidates_for_mountain|multiple_mountains_for_candidate|missing_csv_coordinate|location_mismatch_warning|activity_link_ambiguous,strong_evidence_with_mismatch,location_mismatch_warning,mountain=五郎丸(#331); candidate=summit-candidate:edac81b361bdc70c; ref_score=0.608; ref_rank=3; loc_level=boundary_tolerated_mismatch; priority=high; priority_reasons=strong_evidence_with_mismatch
332,高丸,summit-candidate:9cc74b44e1289236,yamap_2024-12-01_06_40.gpx,唐谷山・天狗森・木峰・金見山・高丸・五郎丸・大谷山・龍王山,589.3233333333334,589,0.32,0.7875,1,2,0,false,true,medium,high,high,resolve_conflict,exact_municipality_match,四国中央市,,四国中央市,"市道下谷線, 金生町山田井, 四国中央市, 愛媛県, 769-1623, 日本",multiple_candidates_for_mountain|multiple_mountains_for_candidate|missing_csv_coordinate|activity_link_ambiguous,top_1_but_ambiguous|top_candidate_for_multiple_mountains,shared_candidate|not_mutual_top1,"mountain=高丸(#332); candidate=summit-candidate:9cc74b44e1289236; ref_score=0.7875; ref_rank=1; loc_level=exact_municipality_match; priority=high; priority_reasons=top_1_but_ambiguous,top_candidate_for_multiple_mountains"
332,高丸,summit-candidate:c8607e1f03bb5db1,yamap_2024-12-01_06_40.gpx,唐谷山・天狗森・木峰・金見山・高丸・五郎丸・大谷山・龍王山,585.22,589,3.78,0.7875,2,2,0.1795,false,true,medium,medium,high,check_close_alternatives,exact_municipality_match,四国中央市,,四国中央市,"林道金見山線, 金生町山田井, 四国中央市, 愛媛県, 769-1623, 日本",multiple_candidates_for_mountain|multiple_mountains_for_candidate|missing_csv_coordinate|activity_link_ambiguous,top_3_with_evidence,small_score_gap,mountain=高丸(#332); candidate=summit-candidate:c8607e1f03bb5db1; ref_score=0.7875; ref_rank=2; loc_level=exact_municipality_match; priority=medium; priority_reasons=top_3_with_evidence
332,高丸,summit-candidate:edac81b361bdc70c,yamap_2024-12-01_06_40.gpx,唐谷山・天狗森・木峰・金見山・高丸・五郎丸・大谷山・龍王山,591.7966666666667,589,2.8,0.608,3,3,0.153,false,true,medium,high,high,check_location_warning,boundary_tolerated_mismatch,四国中央市,,,"大野原町海老済, 三好市, 徳島県, 778-8501, 日本",multiple_candidates_for_mountain|multiple_mountains_for_candidate|missing_csv_coordinate|location_mismatch_warning|activity_link_ambiguous,strong_evidence_with_mismatch,location_mismatch_warning,mountain=高丸(#332); candidate=summit-candidate:edac81b361bdc70c; ref_score=0.608; ref_rank=3; loc_level=boundary_tolerated_mismatch; priority=high; priority_reasons=strong_evidence_with_mismatch
333,金見山,summit-candidate:9cc74b44e1289236,yamap_2024-12-01_06_40.gpx,唐谷山・天狗森・木峰・金見山・高丸・五郎丸・大谷山・龍王山,589.3233333333334,596,6.68,0.7875,1,3,0.051,false,true,medium,high,high,resolve_conflict,exact_municipality_match,四国中央市,,四国中央市,"市道下谷線, 金生町山田井, 四国中央市, 愛媛県, 769-1623, 日本",multiple_candidates_for_mountain|multiple_mountains_for_candidate|missing_csv_coordinate|activity_link_ambiguous,top_1_but_ambiguous|top_candidate_for_multiple_mountains,shared_candidate|not_mutual_top1,"mountain=金見山(#333); candidate=summit-candidate:9cc74b44e1289236; ref_score=0.7875; ref_rank=1; loc_level=exact_municipality_match; priority=high; priority_reasons=top_1_but_ambiguous,top_candidate_for_multiple_mountains"
333,金見山,summit-candidate:c8607e1f03bb5db1,yamap_2024-12-01_06_40.gpx,唐谷山・天狗森・木峰・金見山・高丸・五郎丸・大谷山・龍王山,585.22,596,10.78,0.7365,2,4,0.1285,false,false,medium,medium,low,low_priority,exact_municipality_match,四国中央市,,四国中央市,"林道金見山線, 金生町山田井, 四国中央市, 愛媛県, 769-1623, 日本",multiple_candidates_for_mountain|multiple_mountains_for_candidate|missing_csv_coordinate|activity_link_ambiguous,top_3_with_evidence,low_priority_alternative,mountain=金見山(#333); candidate=summit-candidate:c8607e1f03bb5db1; ref_score=0.7365; ref_rank=2; loc_level=exact_municipality_match; priority=medium; priority_reasons=top_3_with_evidence
333,金見山,summit-candidate:edac81b361bdc70c,yamap_2024-12-01_06_40.gpx,唐谷山・天狗森・木峰・金見山・高丸・五郎丸・大谷山・龍王山,591.7966666666667,596,4.2,0.608,3,4,0.153,false,false,medium,high,high,check_location_warning,boundary_tolerated_mismatch,四国中央市,,,"大野原町海老済, 三好市, 徳島県, 778-8501, 日本",multiple_candidates_for_mountain|multiple_mountains_for_candidate|missing_csv_coordinate|location_mismatch_warning|activity_link_ambiguous,strong_evidence_with_mismatch,location_mismatch_warning,mountain=金見山(#333); candidate=summit-candidate:edac81b361bdc70c; ref_score=0.608; ref_rank=3; loc_level=boundary_tolerated_mismatch; priority=high; priority_reasons=strong_evidence_with_mismatch
334,木峰,summit-candidate:9cc74b44e1289236,yamap_2024-12-01_06_40.gpx,唐谷山・天狗森・木峰・金見山・高丸・五郎丸・大谷山・龍王山,589.3233333333334,594,4.68,0.7875,1,4,0,false,false,medium,high,high,resolve_conflict,exact_municipality_match,四国中央市,,四国中央市,"市道下谷線, 金生町山田井, 四国中央市, 愛媛県, 769-1623, 日本",multiple_candidates_for_mountain|multiple_mountains_for_candidate|missing_csv_coordinate|activity_link_ambiguous,top_1_but_ambiguous|top_candidate_for_multiple_mountains,shared_candidate|not_mutual_top1,"mountain=木峰(#334); candidate=summit-candidate:9cc74b44e1289236; ref_score=0.7875; ref_rank=1; loc_level=exact_municipality_match; priority=high; priority_reasons=top_1_but_ambiguous,top_candidate_for_multiple_mountains"
334,木峰,summit-candidate:c8607e1f03bb5db1,yamap_2024-12-01_06_40.gpx,唐谷山・天狗森・木峰・金見山・高丸・五郎丸・大谷山・龍王山,585.22,594,8.78,0.7875,2,3,0.1795,false,true,medium,medium,high,check_close_alternatives,exact_municipality_match,四国中央市,,四国中央市,"林道金見山線, 金生町山田井, 四国中央市, 愛媛県, 769-1623, 日本",multiple_candidates_for_mountain|multiple_mountains_for_candidate|missing_csv_coordinate|activity_link_ambiguous,top_3_with_evidence,small_score_gap,mountain=木峰(#334); candidate=summit-candidate:c8607e1f03bb5db1; ref_score=0.7875; ref_rank=2; loc_level=exact_municipality_match; priority=medium; priority_reasons=top_3_with_evidence
334,木峰,summit-candidate:edac81b361bdc70c,yamap_2024-12-01_06_40.gpx,唐谷山・天狗森・木峰・金見山・高丸・五郎丸・大谷山・龍王山,591.7966666666667,594,2.2,0.608,3,5,0.153,false,false,medium,high,high,check_location_warning,boundary_tolerated_mismatch,四国中央市,,,"大野原町海老済, 三好市, 徳島県, 778-8501, 日本",multiple_candidates_for_mountain|multiple_mountains_for_candidate|missing_csv_coordinate|location_mismatch_warning|activity_link_ambiguous,strong_evidence_with_mismatch,location_mismatch_warning,mountain=木峰(#334); candidate=summit-candidate:edac81b361bdc70c; ref_score=0.608; ref_rank=3; loc_level=boundary_tolerated_mismatch; priority=high; priority_reasons=strong_evidence_with_mismatch
335,天狗森,summit-candidate:9cc74b44e1289236,yamap_2024-12-01_06_40.gpx,唐谷山・天狗森・木峰・金見山・高丸・五郎丸・大谷山・龍王山,589.3233333333334,535,54.32,0.6345,1,5,0,false,false,medium,high,high,resolve_conflict,exact_municipality_match,四国中央市,,四国中央市,"市道下谷線, 金生町山田井, 四国中央市, 愛媛県, 769-1623, 日本",multiple_candidates_for_mountain|multiple_mountains_for_candidate|weak_elevation_evidence|missing_csv_coordinate|activity_link_ambiguous,top_1_but_ambiguous|top_candidate_for_multiple_mountains,shared_candidate|not_mutual_top1,"mountain=天狗森(#335); candidate=summit-candidate:9cc74b44e1289236; ref_score=0.6345; ref_rank=1; loc_level=exact_municipality_match; priority=high; priority_reasons=top_1_but_ambiguous,top_candidate_for_multiple_mountains"
335,天狗森,summit-candidate:c8607e1f03bb5db1,yamap_2024-12-01_06_40.gpx,唐谷山・天狗森・木峰・金見山・高丸・五郎丸・大谷山・龍王山,585.22,535,50.22,0.6345,2,5,0.1285,false,false,medium,medium,high,check_close_alternatives,exact_municipality_match,四国中央市,,四国中央市,"林道金見山線, 金生町山田井, 四国中央市, 愛媛県, 769-1623, 日本",multiple_candidates_for_mountain|multiple_mountains_for_candidate|weak_elevation_evidence|missing_csv_coordinate|activity_link_ambiguous,top_3_with_evidence,small_score_gap,mountain=天狗森(#335); candidate=summit-candidate:c8607e1f03bb5db1; ref_score=0.6345; ref_rank=2; loc_level=exact_municipality_match; priority=medium; priority_reasons=top_3_with_evidence
335,天狗森,summit-candidate:32c1cf967ab82dbe,yamap_2024-12-01_06_40.gpx,唐谷山・天狗森・木峰・金見山・高丸・五郎丸・大谷山・龍王山,503.24333333333334,535,31.76,0.506,3,3,0.051,false,true,medium,high,high,check_location_warning,boundary_tolerated_mismatch,四国中央市,,,"大野原川之江線, 大野原町田野々, 観音寺市, 香川県, 769-1623, 日本",multiple_candidates_for_mountain|multiple_mountains_for_candidate|missing_csv_coordinate|location_mismatch_warning|activity_link_ambiguous,strong_evidence_with_mismatch,location_mismatch_warning,mountain=天狗森(#335); candidate=summit-candidate:32c1cf967ab82dbe; ref_score=0.506; ref_rank=3; loc_level=boundary_tolerated_mismatch; priority=high; priority_reasons=strong_evidence_with_mismatch
336,唐谷山,summit-candidate:9cc74b44e1289236,yamap_2024-12-01_06_40.gpx,唐谷山・天狗森・木峰・金見山・高丸・五郎丸・大谷山・龍王山,589.3233333333334,485,104.32,0.6345,1,6,0,false,false,medium,high,high,resolve_conflict,exact_municipality_match,四国中央市,,四国中央市,"市道下谷線, 金生町山田井, 四国中央市, 愛媛県, 769-1623, 日本",multiple_candidates_for_mountain|multiple_mountains_for_candidate|weak_elevation_evidence|missing_csv_coordinate|activity_link_ambiguous,top_1_but_ambiguous|top_candidate_for_multiple_mountains,shared_candidate|not_mutual_top1,"mountain=唐谷山(#336); candidate=summit-candidate:9cc74b44e1289236; ref_score=0.6345; ref_rank=1; loc_level=exact_municipality_match; priority=high; priority_reasons=top_1_but_ambiguous,top_candidate_for_multiple_mountains"
336,唐谷山,summit-candidate:c8607e1f03bb5db1,yamap_2024-12-01_06_40.gpx,唐谷山・天狗森・木峰・金見山・高丸・五郎丸・大谷山・龍王山,585.22,485,100.22,0.6345,2,6,0.0775,false,false,medium,medium,high,check_close_alternatives,exact_municipality_match,四国中央市,,四国中央市,"林道金見山線, 金生町山田井, 四国中央市, 愛媛県, 769-1623, 日本",multiple_candidates_for_mountain|multiple_mountains_for_candidate|weak_elevation_evidence|missing_csv_coordinate|activity_link_ambiguous,top_3_with_evidence,small_score_gap,mountain=唐谷山(#336); candidate=summit-candidate:c8607e1f03bb5db1; ref_score=0.6345; ref_rank=2; loc_level=exact_municipality_match; priority=medium; priority_reasons=top_3_with_evidence
336,唐谷山,summit-candidate:32c1cf967ab82dbe,yamap_2024-12-01_06_40.gpx,唐谷山・天狗森・木峰・金見山・高丸・五郎丸・大谷山・龍王山,503.24333333333334,485,18.24,0.557,3,2,0.102,false,true,medium,high,high,check_location_warning,boundary_tolerated_mismatch,四国中央市,,,"大野原川之江線, 大野原町田野々, 観音寺市, 香川県, 769-1623, 日本",multiple_candidates_for_mountain|multiple_mountains_for_candidate|missing_csv_coordinate|location_mismatch_warning|activity_link_ambiguous,strong_evidence_with_mismatch,location_mismatch_warning,mountain=唐谷山(#336); candidate=summit-candidate:32c1cf967ab82dbe; ref_score=0.557; ref_rank=3; loc_level=boundary_tolerated_mismatch; priority=high; priority_reasons=strong_evidence_with_mismatch
337,龍王山,summit-candidate:9cc74b44e1289236,yamap_2024-12-01_06_40.gpx,唐谷山・天狗森・木峰・金見山・高丸・五郎丸・大谷山・龍王山,589.3233333333334,450,139.32,0.6345,1,7,0,false,false,medium,high,high,resolve_conflict,exact_municipality_match,四国中央市,,四国中央市,"市道下谷線, 金生町山田井, 四国中央市, 愛媛県, 769-1623, 日本",multiple_candidates_for_mountain|multiple_mountains_for_candidate|weak_elevation_evidence|missing_csv_coordinate|activity_link_ambiguous,top_1_but_ambiguous|top_candidate_for_multiple_mountains,shared_candidate|not_mutual_top1,"mountain=龍王山(#337); candidate=summit-candidate:9cc74b44e1289236; ref_score=0.6345; ref_rank=1; loc_level=exact_municipality_match; priority=high; priority_reasons=top_1_but_ambiguous,top_candidate_for_multiple_mountains"
337,龍王山,summit-candidate:c8607e1f03bb5db1,yamap_2024-12-01_06_40.gpx,唐谷山・天狗森・木峰・金見山・高丸・五郎丸・大谷山・龍王山,585.22,450,135.22,0.6345,2,7,0.1795,false,false,medium,medium,high,check_close_alternatives,exact_municipality_match,四国中央市,,四国中央市,"林道金見山線, 金生町山田井, 四国中央市, 愛媛県, 769-1623, 日本",multiple_candidates_for_mountain|multiple_mountains_for_candidate|weak_elevation_evidence|missing_csv_coordinate|activity_link_ambiguous,top_3_with_evidence,small_score_gap,mountain=龍王山(#337); candidate=summit-candidate:c8607e1f03bb5db1; ref_score=0.6345; ref_rank=2; loc_level=exact_municipality_match; priority=medium; priority_reasons=top_3_with_evidence
337,龍王山,summit-candidate:32c1cf967ab82dbe,yamap_2024-12-01_06_40.gpx,唐谷山・天狗森・木峰・金見山・高丸・五郎丸・大谷山・龍王山,503.24333333333334,450,53.24,0.455,3,10,0,false,false,low,high,high,check_location_warning,boundary_tolerated_mismatch,四国中央市,,,"大野原川之江線, 大野原町田野々, 観音寺市, 香川県, 769-1623, 日本",multiple_candidates_for_mountain|multiple_mountains_for_candidate|weak_elevation_evidence|missing_csv_coordinate|location_mismatch_warning|activity_link_ambiguous,strong_evidence_with_mismatch,location_mismatch_warning,mountain=龍王山(#337); candidate=summit-candidate:32c1cf967ab82dbe; ref_score=0.455; ref_rank=3; loc_level=boundary_tolerated_mismatch; priority=high; priority_reasons=strong_evidence_with_mismatch
338,大谷山,summit-candidate:9cc74b44e1289236,yamap_2024-12-01_06_40.gpx,唐谷山・天狗森・木峰・金見山・高丸・五郎丸・大谷山・龍王山,589.3233333333334,507,82.32,0.6345,1,8,0,false,false,medium,high,high,resolve_conflict,exact_municipality_match,四国中央市,,四国中央市,"市道下谷線, 金生町山田井, 四国中央市, 愛媛県, 769-1623, 日本",multiple_candidates_for_mountain|multiple_mountains_for_candidate|weak_elevation_evidence|missing_csv_coordinate|activity_link_ambiguous,top_1_but_ambiguous|top_candidate_for_multiple_mountains,shared_candidate|not_mutual_top1,"mountain=大谷山(#338); candidate=summit-candidate:9cc74b44e1289236; ref_score=0.6345; ref_rank=1; loc_level=exact_municipality_match; priority=high; priority_reasons=top_1_but_ambiguous,top_candidate_for_multiple_mountains"
338,大谷山,summit-candidate:c8607e1f03bb5db1,yamap_2024-12-01_06_40.gpx,唐谷山・天狗森・木峰・金見山・高丸・五郎丸・大谷山・龍王山,585.22,507,78.22,0.6345,2,8,0.0265,false,false,medium,medium,high,check_close_alternatives,exact_municipality_match,四国中央市,,四国中央市,"林道金見山線, 金生町山田井, 四国中央市, 愛媛県, 769-1623, 日本",multiple_candidates_for_mountain|multiple_mountains_for_candidate|weak_elevation_evidence|missing_csv_coordinate|activity_link_ambiguous,top_3_with_evidence,small_score_gap,mountain=大谷山(#338); candidate=summit-candidate:c8607e1f03bb5db1; ref_score=0.6345; ref_rank=2; loc_level=exact_municipality_match; priority=medium; priority_reasons=top_3_with_evidence
338,大谷山,summit-candidate:32c1cf967ab82dbe,yamap_2024-12-01_06_40.gpx,唐谷山・天狗森・木峰・金見山・高丸・五郎丸・大谷山・龍王山,503.24333333333334,507,3.76,0.608,3,1,0.153,false,true,medium,high,high,check_close_alternatives,boundary_tolerated_mismatch,四国中央市,,,"大野原川之江線, 大野原町田野々, 観音寺市, 香川県, 769-1623, 日本",multiple_candidates_for_mountain|multiple_mountains_for_candidate|missing_csv_coordinate|location_mismatch_warning|activity_link_ambiguous,strong_evidence_with_mismatch,small_score_gap,mountain=大谷山(#338); candidate=summit-candidate:32c1cf967ab82dbe; ref_score=0.608; ref_rank=3; loc_level=boundary_tolerated_mismatch; priority=high; priority_reasons=strong_evidence_with_mismatch
339,城山,summit-candidate:9cc74b44e1289236,yamap_2024-12-01_06_40.gpx,唐谷山・天狗森・木峰・金見山・高丸・五郎丸・大谷山・龍王山,589.3233333333334,62,527.32,0.6345,1,9,0,false,false,medium,high,high,resolve_conflict,exact_municipality_match,四国中央市,,四国中央市,"市道下谷線, 金生町山田井, 四国中央市, 愛媛県, 769-1623, 日本",multiple_candidates_for_mountain|multiple_mountains_for_candidate|weak_elevation_evidence|missing_csv_coordinate|activity_link_ambiguous,top_1_but_ambiguous|top_candidate_for_multiple_mountains,shared_candidate|not_mutual_top1,"mountain=城山(#339); candidate=summit-candidate:9cc74b44e1289236; ref_score=0.6345; ref_rank=1; loc_level=exact_municipality_match; priority=high; priority_reasons=top_1_but_ambiguous,top_candidate_for_multiple_mountains"
339,城山,summit-candidate:c8607e1f03bb5db1,yamap_2024-12-01_06_40.gpx,唐谷山・天狗森・木峰・金見山・高丸・五郎丸・大谷山・龍王山,585.22,62,523.22,0.6345,2,9,0.1795,false,false,medium,medium,high,check_close_alternatives,exact_municipality_match,四国中央市,,四国中央市,"林道金見山線, 金生町山田井, 四国中央市, 愛媛県, 769-1623, 日本",multiple_candidates_for_mountain|multiple_mountains_for_candidate|weak_elevation_evidence|missing_csv_coordinate|activity_link_ambiguous,top_3_with_evidence,small_score_gap,mountain=城山(#339); candidate=summit-candidate:c8607e1f03bb5db1; ref_score=0.6345; ref_rank=2; loc_level=exact_municipality_match; priority=medium; priority_reasons=top_3_with_evidence
339,城山,summit-candidate:0022a746b396d4c7,yamap_2024-03-10_07_12.gpx,夫婦山・白山・観音山・国見山・城山・御勧請山,264.2867991594412,62,202.29,0.455,3,11,0,false,false,low,high,high,check_location_warning,boundary_tolerated_mismatch,四国中央市,,,"白水台三丁目, 松山市, 愛媛県, 791-0112, 日本",multiple_candidates_for_mountain|multiple_mountains_for_candidate|weak_elevation_evidence|missing_csv_coordinate|location_mismatch_warning,strong_evidence_with_mismatch,location_mismatch_warning,mountain=城山(#339); candidate=summit-candidate:0022a746b396d4c7; ref_score=0.455; ref_rank=3; loc_level=boundary_tolerated_mismatch; priority=high; priority_reasons=strong_evidence_with_mismatch
340,本尊山,summit-candidate:0bd3d051cdb972fd,yamap_2024-12-08_06_59.gpx,本尊山・秋葉山・立烏帽子山・明神山,632.3133333333334,187,445.31,0.6345,1,3,0,false,true,medium,high,high,resolve_conflict,exact_municipality_match,伊予市,,伊予市,"双海町高野川, 伊予市, 愛媛県, 791-3201, 日本",multiple_candidates_for_mountain|multiple_mountains_for_candidate|weak_elevation_evidence|missing_csv_coordinate,top_1_but_ambiguous|top_candidate_for_multiple_mountains,shared_candidate|not_mutual_top1,"mountain=本尊山(#340); candidate=summit-candidate:0bd3d051cdb972fd; ref_score=0.6345; ref_rank=1; loc_level=exact_municipality_match; priority=high; priority_reasons=top_1_but_ambiguous,top_candidate_for_multiple_mountains"
340,本尊山,summit-candidate:23316af255d30882,yamap_2024-12-08_06_59.gpx,本尊山・秋葉山・立烏帽子山・明神山,627.2966666666666,187,440.3,0.6345,2,3,0,false,true,medium,medium,high,check_close_alternatives,exact_municipality_match,伊予市,,伊予市,"双海町高野川, 伊予市, 愛媛県, 日本",multiple_candidates_for_mountain|multiple_mountains_for_candidate|weak_elevation_evidence|missing_csv_coordinate,top_3_with_evidence,small_score_gap,mountain=本尊山(#340); candidate=summit-candidate:23316af255d30882; ref_score=0.6345; ref_rank=2; loc_level=exact_municipality_match; priority=medium; priority_reasons=top_3_with_evidence
340,本尊山,summit-candidate:f12898f5821b63b8,yamap_2024-12-08_06_59.gpx,本尊山・秋葉山・立烏帽子山・明神山,530.1166666666667,187,343.12,0.6345,3,2,0.204,false,true,medium,medium,high,check_close_alternatives,exact_municipality_match,伊予市,,伊予市,"伊予市, 愛媛県, 799-3202, 日本",multiple_candidates_for_mountain|multiple_mountains_for_candidate|weak_elevation_evidence|missing_csv_coordinate,top_3_with_evidence,small_score_gap,mountain=本尊山(#340); candidate=summit-candidate:f12898f5821b63b8; ref_score=0.6345; ref_rank=3; loc_level=exact_municipality_match; priority=medium; priority_reasons=top_3_with_evidence
341,秋葉山,summit-candidate:0bd3d051cdb972fd,yamap_2024-12-08_06_59.gpx,本尊山・秋葉山・立烏帽子山・明神山,632.3133333333334,631,1.31,0.7875,1,1,0,true,true,medium,high,high,resolve_conflict,exact_municipality_match,伊予市,,伊予市,"双海町高野川, 伊予市, 愛媛県, 791-3201, 日本",multiple_candidates_for_mountain|multiple_mountains_for_candidate|missing_csv_coordinate,top_1_but_ambiguous|top_candidate_for_multiple_mountains,shared_candidate,"mountain=秋葉山(#341); candidate=summit-candidate:0bd3d051cdb972fd; ref_score=0.7875; ref_rank=1; loc_level=exact_municipality_match; priority=high; priority_reasons=top_1_but_ambiguous,top_candidate_for_multiple_mountains"
341,秋葉山,summit-candidate:23316af255d30882,yamap_2024-12-08_06_59.gpx,本尊山・秋葉山・立烏帽子山・明神山,627.2966666666666,631,3.7,0.7875,2,1,0.153,false,true,medium,medium,high,check_close_alternatives,exact_municipality_match,伊予市,,伊予市,"双海町高野川, 伊予市, 愛媛県, 日本",multiple_candidates_for_mountain|multiple_mountains_for_candidate|missing_csv_coordinate,top_3_with_evidence,small_score_gap,mountain=秋葉山(#341); candidate=summit-candidate:23316af255d30882; ref_score=0.7875; ref_rank=2; loc_level=exact_municipality_match; priority=medium; priority_reasons=top_3_with_evidence
341,秋葉山,summit-candidate:f12898f5821b63b8,yamap_2024-12-08_06_59.gpx,本尊山・秋葉山・立烏帽子山・明神山,530.1166666666667,631,100.88,0.6345,3,3,0.1955,false,true,medium,medium,low,low_priority,exact_municipality_match,伊予市,,伊予市,"伊予市, 愛媛県, 799-3202, 日本",multiple_candidates_for_mountain|multiple_mountains_for_candidate|weak_elevation_evidence|missing_csv_coordinate,top_3_with_evidence,low_priority_alternative,mountain=秋葉山(#341); candidate=summit-candidate:f12898f5821b63b8; ref_score=0.6345; ref_rank=3; loc_level=exact_municipality_match; priority=medium; priority_reasons=top_3_with_evidence
342,立烏帽子山,summit-candidate:f12898f5821b63b8,yamap_2024-12-08_06_59.gpx,本尊山・秋葉山・立烏帽子山・明神山,530.1166666666667,536,5.88,0.7875,1,1,0.153,true,true,medium,high,medium,accept_candidate_after_map_check,exact_municipality_match,伊予市,,伊予市,"伊予市, 愛媛県, 799-3202, 日本",multiple_candidates_for_mountain|multiple_mountains_for_candidate|missing_csv_coordinate,top_1_but_ambiguous,clear_mutual_top1,mountain=立烏帽子山(#342); candidate=summit-candidate:f12898f5821b63b8; ref_score=0.7875; ref_rank=1; loc_level=exact_municipality_match; priority=high; priority_reasons=top_1_but_ambiguous
342,立烏帽子山,summit-candidate:0bd3d051cdb972fd,yamap_2024-12-08_06_59.gpx,本尊山・秋葉山・立烏帽子山・明神山,632.3133333333334,536,96.31,0.6345,2,4,0,false,false,medium,high,high,resolve_conflict,exact_municipality_match,伊予市,,伊予市,"双海町高野川, 伊予市, 愛媛県, 791-3201, 日本",multiple_candidates_for_mountain|multiple_mountains_for_candidate|weak_elevation_evidence|missing_csv_coordinate,top_candidate_for_multiple_mountains,shared_candidate,mountain=立烏帽子山(#342); candidate=summit-candidate:0bd3d051cdb972fd; ref_score=0.6345; ref_rank=2; loc_level=exact_municipality_match; priority=high; priority_reasons=top_candidate_for_multiple_mountains
342,立烏帽子山,summit-candidate:23316af255d30882,yamap_2024-12-08_06_59.gpx,本尊山・秋葉山・立烏帽子山・明神山,627.2966666666666,536,91.3,0.6345,3,4,0.1955,false,false,medium,medium,low,low_priority,exact_municipality_match,伊予市,,伊予市,"双海町高野川, 伊予市, 愛媛県, 日本",multiple_candidates_for_mountain|multiple_mountains_for_candidate|weak_elevation_evidence|missing_csv_coordinate,top_3_with_evidence,low_priority_alternative,mountain=立烏帽子山(#342); candidate=summit-candidate:23316af255d30882; ref_score=0.6345; ref_rank=3; loc_level=exact_municipality_match; priority=medium; priority_reasons=top_3_with_evidence
343,明神山,summit-candidate:0bd3d051cdb972fd,yamap_2024-12-08_06_59.gpx,本尊山・秋葉山・立烏帽子山・明神山,632.3133333333334,634,1.69,0.7875,1,2,0,false,true,medium,high,high,resolve_conflict,exact_municipality_match,伊予市,,伊予市,"双海町高野川, 伊予市, 愛媛県, 791-3201, 日本",multiple_candidates_for_mountain|multiple_mountains_for_candidate|missing_csv_coordinate,top_1_but_ambiguous|top_candidate_for_multiple_mountains,shared_candidate|not_mutual_top1,"mountain=明神山(#343); candidate=summit-candidate:0bd3d051cdb972fd; ref_score=0.7875; ref_rank=1; loc_level=exact_municipality_match; priority=high; priority_reasons=top_1_but_ambiguous,top_candidate_for_multiple_mountains"
343,明神山,summit-candidate:23316af255d30882,yamap_2024-12-08_06_59.gpx,本尊山・秋葉山・立烏帽子山・明神山,627.2966666666666,634,6.7,0.7875,2,2,0.153,false,true,medium,medium,high,check_close_alternatives,exact_municipality_match,伊予市,,伊予市,"双海町高野川, 伊予市, 愛媛県, 日本",multiple_candidates_for_mountain|multiple_mountains_for_candidate|missing_csv_coordinate,top_3_with_evidence,small_score_gap,mountain=明神山(#343); candidate=summit-candidate:23316af255d30882; ref_score=0.7875; ref_rank=2; loc_level=exact_municipality_match; priority=medium; priority_reasons=top_3_with_evidence
343,明神山,summit-candidate:f12898f5821b63b8,yamap_2024-12-08_06_59.gpx,本尊山・秋葉山・立烏帽子山・明神山,530.1166666666667,634,103.88,0.6345,3,4,0.1795,false,false,medium,medium,low,low_priority,exact_municipality_match,伊予市,,伊予市,"伊予市, 愛媛県, 799-3202, 日本",multiple_candidates_for_mountain|multiple_mountains_for_candidate|weak_elevation_evidence|missing_csv_coordinate,top_3_with_evidence,low_priority_alternative,mountain=明神山(#343); candidate=summit-candidate:f12898f5821b63b8; ref_score=0.6345; ref_rank=3; loc_level=exact_municipality_match; priority=medium; priority_reasons=top_3_with_evidence
344,陣が森,summit-candidate:d8270fc572efc0b2,yamap_2024-12-15_07_21.gpx,陣が森・岩が森・スクモ塚・高萩山・長者森,279.05333333333334,538,258.95,0.6345,1,2,0,false,true,medium,high,high,resolve_conflict,exact_municipality_match,松山市,,松山市,"小山田, 松山市, 愛媛県, 799-2415, 日本",multiple_candidates_for_mountain|multiple_mountains_for_candidate|weak_elevation_evidence|missing_csv_coordinate,top_1_but_ambiguous|top_candidate_for_multiple_mountains,shared_candidate|not_mutual_top1,"mountain=陣が森(#344); candidate=summit-candidate:d8270fc572efc0b2; ref_score=0.6345; ref_rank=1; loc_level=exact_municipality_match; priority=high; priority_reasons=top_1_but_ambiguous,top_candidate_for_multiple_mountains"
344,陣が森,summit-candidate:f0a03b36c279ddd3,yamap_2024-12-15_07_21.gpx,陣が森・岩が森・スクモ塚・高萩山・長者森,352.79,538,185.21,0.6345,2,2,0.0265,false,true,medium,medium,high,check_close_alternatives,exact_municipality_match,松山市,,松山市,"小山田, 松山市, 愛媛県, 799-2415, 日本",multiple_candidates_for_mountain|multiple_mountains_for_candidate|weak_elevation_evidence|missing_csv_coordinate,top_3_with_evidence,small_score_gap,mountain=陣が森(#344); candidate=summit-candidate:f0a03b36c279ddd3; ref_score=0.6345; ref_rank=2; loc_level=exact_municipality_match; priority=medium; priority_reasons=top_3_with_evidence
344,陣が森,summit-candidate:6b0155a434d72d79,yamap_2024-12-15_07_21.gpx,陣が森・岩が森・スクモ塚・高萩山・長者森,532.4466666666667,538,5.55,0.608,3,2,0.118,false,true,medium,high,high,check_close_alternatives,boundary_tolerated_mismatch,松山市,,,"今治市, 愛媛県, 794-8511, 日本",multiple_candidates_for_mountain|multiple_mountains_for_candidate|missing_csv_coordinate|location_mismatch_warning,strong_evidence_with_mismatch,small_score_gap,mountain=陣が森(#344); candidate=summit-candidate:6b0155a434d72d79; ref_score=0.608; ref_rank=3; loc_level=boundary_tolerated_mismatch; priority=high; priority_reasons=strong_evidence_with_mismatch
345,岩が森,summit-candidate:d8270fc572efc0b2,yamap_2024-12-15_07_21.gpx,陣が森・岩が森・スクモ塚・高萩山・長者森,279.05333333333334,413,133.95,0.6345,1,3,0,false,true,medium,high,high,resolve_conflict,exact_municipality_match,松山市,,松山市,"小山田, 松山市, 愛媛県, 799-2415, 日本",multiple_candidates_for_mountain|multiple_mountains_for_candidate|weak_elevation_evidence|missing_csv_coordinate,top_1_but_ambiguous|top_candidate_for_multiple_mountains,shared_candidate|not_mutual_top1,"mountain=岩が森(#345); candidate=summit-candidate:d8270fc572efc0b2; ref_score=0.6345; ref_rank=1; loc_level=exact_municipality_match; priority=high; priority_reasons=top_1_but_ambiguous,top_candidate_for_multiple_mountains"
345,岩が森,summit-candidate:f0a03b36c279ddd3,yamap_2024-12-15_07_21.gpx,陣が森・岩が森・スクモ塚・高萩山・長者森,352.79,413,60.21,0.6345,2,3,0.0265,false,true,medium,medium,high,check_close_alternatives,exact_municipality_match,松山市,,松山市,"小山田, 松山市, 愛媛県, 799-2415, 日本",multiple_candidates_for_mountain|multiple_mountains_for_candidate|weak_elevation_evidence|missing_csv_coordinate,top_3_with_evidence,small_score_gap,mountain=岩が森(#345); candidate=summit-candidate:f0a03b36c279ddd3; ref_score=0.6345; ref_rank=2; loc_level=exact_municipality_match; priority=medium; priority_reasons=top_3_with_evidence
345,岩が森,summit-candidate:c195c34fb7e38d7a,yamap_2024-12-15_07_21.gpx,陣が森・岩が森・スクモ塚・高萩山・長者森,418.54333333333335,413,5.54,0.608,3,2,0.118,false,true,medium,high,high,check_close_alternatives,boundary_tolerated_mismatch,松山市,,,"菊間町中川, 今治市, 愛媛県, 794-8511, 日本",multiple_candidates_for_mountain|multiple_mountains_for_candidate|missing_csv_coordinate|location_mismatch_warning,strong_evidence_with_mismatch,small_score_gap,mountain=岩が森(#345); candidate=summit-candidate:c195c34fb7e38d7a; ref_score=0.608; ref_rank=3; loc_level=boundary_tolerated_mismatch; priority=high; priority_reasons=strong_evidence_with_mismatch
346,スクモ塚,summit-candidate:d8270fc572efc0b2,yamap_2024-12-15_07_21.gpx,陣が森・岩が森・スクモ塚・高萩山・長者森,279.05333333333334,283,3.95,0.7875,1,1,0.153,true,true,medium,high,high,resolve_conflict,exact_municipality_match,松山市,,松山市,"小山田, 松山市, 愛媛県, 799-2415, 日本",multiple_candidates_for_mountain|multiple_mountains_for_candidate|missing_csv_coordinate,top_1_but_ambiguous|top_candidate_for_multiple_mountains,shared_candidate,"mountain=スクモ塚(#346); candidate=summit-candidate:d8270fc572efc0b2; ref_score=0.7875; ref_rank=1; loc_level=exact_municipality_match; priority=high; priority_reasons=top_1_but_ambiguous,top_candidate_for_multiple_mountains"
346,スクモ塚,summit-candidate:f0a03b36c279ddd3,yamap_2024-12-15_07_21.gpx,陣が森・岩が森・スクモ塚・高萩山・長者森,352.79,283,69.79,0.6345,2,4,0.0265,false,false,medium,medium,low,low_priority,exact_municipality_match,松山市,,松山市,"小山田, 松山市, 愛媛県, 799-2415, 日本",multiple_candidates_for_mountain|multiple_mountains_for_candidate|weak_elevation_evidence|missing_csv_coordinate,top_3_with_evidence,low_priority_alternative,mountain=スクモ塚(#346); candidate=summit-candidate:f0a03b36c279ddd3; ref_score=0.6345; ref_rank=2; loc_level=exact_municipality_match; priority=medium; priority_reasons=top_3_with_evidence
346,スクモ塚,summit-candidate:bcc05b721653749f,yamap_2024-12-15_07_21.gpx,陣が森・岩が森・スクモ塚・高萩山・長者森,290.3833333333333,283,7.38,0.608,3,2,0.118,false,true,medium,high,high,check_location_warning,boundary_tolerated_mismatch,松山市,,,"菊間町高田, 今治市, 愛媛県, 794-8511, 日本",multiple_candidates_for_mountain|multiple_mountains_for_candidate|missing_csv_coordinate|location_mismatch_warning,strong_evidence_with_mismatch,location_mismatch_warning,mountain=スクモ塚(#346); candidate=summit-candidate:bcc05b721653749f; ref_score=0.608; ref_rank=3; loc_level=boundary_tolerated_mismatch; priority=high; priority_reasons=strong_evidence_with_mismatch
347,高萩山,summit-candidate:f0a03b36c279ddd3,yamap_2024-12-15_07_21.gpx,陣が森・岩が森・スクモ塚・高萩山・長者森,352.79,356,3.21,0.7875,1,1,0.153,true,true,medium,high,medium,accept_candidate_after_map_check,exact_municipality_match,松山市,,松山市,"小山田, 松山市, 愛媛県, 799-2415, 日本",multiple_candidates_for_mountain|multiple_mountains_for_candidate|missing_csv_coordinate,top_1_but_ambiguous,clear_mutual_top1,mountain=高萩山(#347); candidate=summit-candidate:f0a03b36c279ddd3; ref_score=0.7875; ref_rank=1; loc_level=exact_municipality_match; priority=high; priority_reasons=top_1_but_ambiguous
347,高萩山,summit-candidate:d8270fc572efc0b2,yamap_2024-12-15_07_21.gpx,陣が森・岩が森・スクモ塚・高萩山・長者森,279.05333333333334,356,76.95,0.6345,2,4,0.1445,false,false,medium,high,high,resolve_conflict,exact_municipality_match,松山市,,松山市,"小山田, 松山市, 愛媛県, 799-2415, 日本",multiple_candidates_for_mountain|multiple_mountains_for_candidate|weak_elevation_evidence|missing_csv_coordinate,top_candidate_for_multiple_mountains,shared_candidate,mountain=高萩山(#347); candidate=summit-candidate:d8270fc572efc0b2; ref_score=0.6345; ref_rank=2; loc_level=exact_municipality_match; priority=high; priority_reasons=top_candidate_for_multiple_mountains
347,高萩山,summit-candidate:cf29543e6beaa1ec,yamap_2024-03-10_07_12.gpx,夫婦山・白山・観音山・国見山・城山・御勧請山,365.7180112898549,356,9.72,0.49,3,8,0.035,false,false,low,medium,low,low_priority,exact_municipality_match,松山市,,松山市,"東大栗町, 松山市, 愛媛県, 799-2649, 日本",multiple_candidates_for_mountain|multiple_mountains_for_candidate|weak_name_evidence|missing_csv_coordinate,top_3_with_evidence,low_priority_alternative,mountain=高萩山(#347); candidate=summit-candidate:cf29543e6beaa1ec; ref_score=0.49; ref_rank=3; loc_level=exact_municipality_match; priority=medium; priority_reasons=top_3_with_evidence
348,長者森,summit-candidate:bcc05b721653749f,yamap_2024-12-15_07_21.gpx,陣が森・岩が森・スクモ塚・高萩山・長者森,290.3833333333333,293,2.62,0.7875,1,1,0.153,true,true,medium,high,medium,accept_candidate_after_map_check,exact_municipality_match,今治市,,今治市,"菊間町高田, 今治市, 愛媛県, 794-8511, 日本",multiple_candidates_for_mountain|multiple_mountains_for_candidate|missing_csv_coordinate,top_1_but_ambiguous,clear_mutual_top1,mountain=長者森(#348); candidate=summit-candidate:bcc05b721653749f; ref_score=0.7875; ref_rank=1; loc_level=exact_municipality_match; priority=high; priority_reasons=top_1_but_ambiguous
348,長者森,summit-candidate:6b0155a434d72d79,yamap_2024-12-15_07_21.gpx,陣が森・岩が森・スクモ塚・高萩山・長者森,532.4466666666667,293,239.45,0.6345,2,1,0,false,true,medium,medium,low,low_priority,exact_municipality_match,今治市,,今治市,"今治市, 愛媛県, 794-8511, 日本",multiple_candidates_for_mountain|multiple_mountains_for_candidate|weak_elevation_evidence|missing_csv_coordinate,top_3_with_evidence,low_priority_alternative,mountain=長者森(#348); candidate=summit-candidate:6b0155a434d72d79; ref_score=0.6345; ref_rank=2; loc_level=exact_municipality_match; priority=medium; priority_reasons=top_3_with_evidence
348,長者森,summit-candidate:c195c34fb7e38d7a,yamap_2024-12-15_07_21.gpx,陣が森・岩が森・スクモ塚・高萩山・長者森,418.54333333333335,293,125.54,0.6345,3,1,0.0775,false,true,medium,medium,low,low_priority,exact_municipality_match,今治市,,今治市,"菊間町中川, 今治市, 愛媛県, 794-8511, 日本",multiple_candidates_for_mountain|multiple_mountains_for_candidate|weak_elevation_evidence|missing_csv_coordinate,top_3_with_evidence,low_priority_alternative,mountain=長者森(#348); candidate=summit-candidate:c195c34fb7e38d7a; ref_score=0.6345; ref_rank=3; loc_level=exact_municipality_match; priority=medium; priority_reasons=top_3_with_evidence
349,八倉山,summit-candidate:4416099ca0f9da08,yamap_2024-12-22_10_25.gpx,笹ヶ平山,260.1933333333333,257,3.19,0.7875,1,1,0,true,true,medium,high,high,resolve_conflict,exact_municipality_match,砥部町,,砥部町,"砥部伊予松山線, 七折, 砥部町, 伊予郡, 愛媛県, 799-3103, 日本",multiple_candidates_for_mountain|multiple_mountains_for_candidate|missing_csv_coordinate|activity_link_ambiguous,top_1_but_ambiguous|top_candidate_for_multiple_mountains,shared_candidate,"mountain=八倉山(#349); candidate=summit-candidate:4416099ca0f9da08; ref_score=0.7875; ref_rank=1; loc_level=exact_municipality_match; priority=high; priority_reasons=top_1_but_ambiguous,top_candidate_for_multiple_mountains"
349,八倉山,summit-candidate:4973965873779cdc,yamap_2024-12-22_06_34.gpx,八倉山・行道山・水晶ヶ森,251.46333333333337,257,5.54,0.7875,2,1,0.153,false,true,medium,medium,high,check_close_alternatives,exact_municipality_match,砥部町,,砥部町,"田ノ浦, 砥部町, 伊予郡, 愛媛県, 791-2116, 日本",multiple_candidates_for_mountain|multiple_mountains_for_candidate|missing_csv_coordinate|activity_link_ambiguous,top_3_with_evidence,small_score_gap,mountain=八倉山(#349); candidate=summit-candidate:4973965873779cdc; ref_score=0.7875; ref_rank=2; loc_level=exact_municipality_match; priority=medium; priority_reasons=top_3_with_evidence
349,八倉山,summit-candidate:cfd366be872f9534,yamap_2024-12-22_06_34.gpx,八倉山・行道山・水晶ヶ森,401.8633333333333,257,144.86,0.6345,3,3,0.324,false,true,medium,high,high,resolve_conflict,exact_municipality_match,砥部町,,砥部町,"七折, 砥部町, 伊予郡, 愛媛県, 799-3103, 日本",multiple_candidates_for_mountain|multiple_mountains_for_candidate|weak_elevation_evidence|missing_csv_coordinate|activity_link_ambiguous,top_candidate_for_multiple_mountains,shared_candidate,mountain=八倉山(#349); candidate=summit-candidate:cfd366be872f9534; ref_score=0.6345; ref_rank=3; loc_level=exact_municipality_match; priority=high; priority_reasons=top_candidate_for_multiple_mountains
350,行道山,summit-candidate:cfd366be872f9534,yamap_2024-12-22_06_34.gpx,八倉山・行道山・水晶ヶ森,401.8633333333333,371,30.86,0.6855,1,2,0.051,false,true,medium,high,high,resolve_conflict,exact_municipality_match,砥部町,,砥部町,"七折, 砥部町, 伊予郡, 愛媛県, 799-3103, 日本",multiple_candidates_for_mountain|multiple_mountains_for_candidate|missing_csv_coordinate|activity_link_ambiguous,top_1_but_ambiguous|top_candidate_for_multiple_mountains,shared_candidate|not_mutual_top1,"mountain=行道山(#350); candidate=summit-candidate:cfd366be872f9534; ref_score=0.6855; ref_rank=1; loc_level=exact_municipality_match; priority=high; priority_reasons=top_1_but_ambiguous,top_candidate_for_multiple_mountains"
350,行道山,summit-candidate:4416099ca0f9da08,yamap_2024-12-22_10_25.gpx,笹ヶ平山,260.1933333333333,371,110.81,0.6345,2,3,0,false,true,medium,high,high,resolve_conflict,exact_municipality_match,砥部町,,砥部町,"砥部伊予松山線, 七折, 砥部町, 伊予郡, 愛媛県, 799-3103, 日本",multiple_candidates_for_mountain|multiple_mountains_for_candidate|weak_elevation_evidence|missing_csv_coordinate|activity_link_ambiguous,top_candidate_for_multiple_mountains,shared_candidate,mountain=行道山(#350); candidate=summit-candidate:4416099ca0f9da08; ref_score=0.6345; ref_rank=2; loc_level=exact_municipality_match; priority=high; priority_reasons=top_candidate_for_multiple_mountains
350,行道山,summit-candidate:4973965873779cdc,yamap_2024-12-22_06_34.gpx,八倉山・行道山・水晶ヶ森,251.46333333333337,371,119.54,0.6345,3,3,0.1955,false,true,medium,medium,low,low_priority,exact_municipality_match,砥部町,,砥部町,"田ノ浦, 砥部町, 伊予郡, 愛媛県, 791-2116, 日本",multiple_candidates_for_mountain|multiple_mountains_for_candidate|weak_elevation_evidence|missing_csv_coordinate|activity_link_ambiguous,top_3_with_evidence,low_priority_alternative,mountain=行道山(#350); candidate=summit-candidate:4973965873779cdc; ref_score=0.6345; ref_rank=3; loc_level=exact_municipality_match; priority=medium; priority_reasons=top_3_with_evidence
351,水晶ヶ森,summit-candidate:cfd366be872f9534,yamap_2024-12-22_06_34.gpx,八倉山・行道山・水晶ヶ森,401.8633333333333,403,1.14,0.7875,1,1,0.153,true,true,medium,high,high,resolve_conflict,exact_municipality_match,砥部町,,砥部町,"七折, 砥部町, 伊予郡, 愛媛県, 799-3103, 日本",multiple_candidates_for_mountain|multiple_mountains_for_candidate|missing_csv_coordinate|activity_link_ambiguous,top_1_but_ambiguous|top_candidate_for_multiple_mountains,shared_candidate,"mountain=水晶ヶ森(#351); candidate=summit-candidate:cfd366be872f9534; ref_score=0.7875; ref_rank=1; loc_level=exact_municipality_match; priority=high; priority_reasons=top_1_but_ambiguous,top_candidate_for_multiple_mountains"
351,水晶ヶ森,summit-candidate:4416099ca0f9da08,yamap_2024-12-22_10_25.gpx,笹ヶ平山,260.1933333333333,403,142.81,0.6345,2,4,0,false,false,medium,high,high,resolve_conflict,exact_municipality_match,砥部町,,砥部町,"砥部伊予松山線, 七折, 砥部町, 伊予郡, 愛媛県, 799-3103, 日本",multiple_candidates_for_mountain|multiple_mountains_for_candidate|weak_elevation_evidence|missing_csv_coordinate|activity_link_ambiguous,top_candidate_for_multiple_mountains,shared_candidate,mountain=水晶ヶ森(#351); candidate=summit-candidate:4416099ca0f9da08; ref_score=0.6345; ref_rank=2; loc_level=exact_municipality_match; priority=high; priority_reasons=top_candidate_for_multiple_mountains
351,水晶ヶ森,summit-candidate:4973965873779cdc,yamap_2024-12-22_06_34.gpx,八倉山・行道山・水晶ヶ森,251.46333333333337,403,151.54,0.6345,3,4,0.1445,false,false,medium,medium,low,low_priority,exact_municipality_match,砥部町,,砥部町,"田ノ浦, 砥部町, 伊予郡, 愛媛県, 791-2116, 日本",multiple_candidates_for_mountain|multiple_mountains_for_candidate|weak_elevation_evidence|missing_csv_coordinate|activity_link_ambiguous,top_3_with_evidence,low_priority_alternative,mountain=水晶ヶ森(#351); candidate=summit-candidate:4973965873779cdc; ref_score=0.6345; ref_rank=3; loc_level=exact_municipality_match; priority=medium; priority_reasons=top_3_with_evidence
352,笹ヶ平山,summit-candidate:4416099ca0f9da08,yamap_2024-12-22_10_25.gpx,笹ヶ平山,260.1933333333333,261,0.81,0.7875,1,2,0,false,true,medium,high,high,resolve_conflict,exact_municipality_match,砥部町,,砥部町,"砥部伊予松山線, 七折, 砥部町, 伊予郡, 愛媛県, 799-3103, 日本",multiple_candidates_for_mountain|multiple_mountains_for_candidate|missing_csv_coordinate|activity_link_ambiguous,top_1_but_ambiguous|top_candidate_for_multiple_mountains,shared_candidate|not_mutual_top1,"mountain=笹ヶ平山(#352); candidate=summit-candidate:4416099ca0f9da08; ref_score=0.7875; ref_rank=1; loc_level=exact_municipality_match; priority=high; priority_reasons=top_1_but_ambiguous,top_candidate_for_multiple_mountains"
352,笹ヶ平山,summit-candidate:4973965873779cdc,yamap_2024-12-22_06_34.gpx,八倉山・行道山・水晶ヶ森,251.46333333333337,261,9.54,0.7875,2,2,0.153,false,true,medium,medium,high,check_close_alternatives,exact_municipality_match,砥部町,,砥部町,"田ノ浦, 砥部町, 伊予郡, 愛媛県, 791-2116, 日本",multiple_candidates_for_mountain|multiple_mountains_for_candidate|missing_csv_coordinate|activity_link_ambiguous,top_3_with_evidence,small_score_gap,mountain=笹ヶ平山(#352); candidate=summit-candidate:4973965873779cdc; ref_score=0.7875; ref_rank=2; loc_level=exact_municipality_match; priority=medium; priority_reasons=top_3_with_evidence
352,笹ヶ平山,summit-candidate:cfd366be872f9534,yamap_2024-12-22_06_34.gpx,八倉山・行道山・水晶ヶ森,401.8633333333333,261,140.86,0.6345,3,4,0.324,false,false,medium,high,high,resolve_conflict,exact_municipality_match,砥部町,,砥部町,"七折, 砥部町, 伊予郡, 愛媛県, 799-3103, 日本",multiple_candidates_for_mountain|multiple_mountains_for_candidate|weak_elevation_evidence|missing_csv_coordinate|activity_link_ambiguous,top_candidate_for_multiple_mountains,shared_candidate,mountain=笹ヶ平山(#352); candidate=summit-candidate:cfd366be872f9534; ref_score=0.6345; ref_rank=3; loc_level=exact_municipality_match; priority=high; priority_reasons=top_candidate_for_multiple_mountains
353,壺神山,summit-candidate:c58c0ba7145621b9,yamap_2025-01-03_07_19.gpx,壺神山・滝山・足山・皿が森,984.3464928489406,971,13.35,0.7365,1,1,0.102,true,true,medium,high,medium,accept_candidate_after_map_check,exact_municipality_match,大洲市,,大洲市,"戒川, 大洲市, 愛媛県, 日本",multiple_candidates_for_mountain|multiple_mountains_for_candidate|missing_csv_coordinate,top_1_but_ambiguous,clear_mutual_top1,mountain=壺神山(#353); candidate=summit-candidate:c58c0ba7145621b9; ref_score=0.7365; ref_rank=1; loc_level=exact_municipality_match; priority=high; priority_reasons=top_1_but_ambiguous
353,壺神山,summit-candidate:0048d4d3a7981b80,yamap_2025-01-03_07_19.gpx,壺神山・滝山・足山・皿が森,697.5172644320495,971,273.48,0.6345,2,3,0,false,true,medium,high,high,resolve_conflict,exact_municipality_match,大洲市,,大洲市,"無事喜地, 長浜町大越, 大洲市, 愛媛県, 799-3411, 日本",multiple_candidates_for_mountain|multiple_mountains_for_candidate|weak_elevation_evidence|missing_csv_coordinate,top_candidate_for_multiple_mountains,shared_candidate,mountain=壺神山(#353); candidate=summit-candidate:0048d4d3a7981b80; ref_score=0.6345; ref_rank=2; loc_level=exact_municipality_match; priority=high; priority_reasons=top_candidate_for_multiple_mountains
353,壺神山,summit-candidate:38105da918da8262,yamap_2025-01-03_07_19.gpx,壺神山・滝山・足山・皿が森,733.0708946789382,971,237.93,0.6345,3,2,0,false,true,medium,medium,low,low_priority,exact_municipality_match,大洲市,,大洲市,"長浜町今坊, 大洲市, 愛媛県, 799-3411, 日本",multiple_candidates_for_mountain|multiple_mountains_for_candidate|weak_elevation_evidence|missing_csv_coordinate,top_3_with_evidence,low_priority_alternative,mountain=壺神山(#353); candidate=summit-candidate:38105da918da8262; ref_score=0.6345; ref_rank=3; loc_level=exact_municipality_match; priority=medium; priority_reasons=top_3_with_evidence
354,滝山,summit-candidate:38105da918da8262,yamap_2025-01-03_07_19.gpx,壺神山・滝山・足山・皿が森,733.0708946789382,726,7.07,0.7875,1,1,0.051,true,true,medium,high,medium,accept_candidate_after_map_check,exact_municipality_match,大洲市,,大洲市,"長浜町今坊, 大洲市, 愛媛県, 799-3411, 日本",multiple_candidates_for_mountain|multiple_mountains_for_candidate|missing_csv_coordinate,top_1_but_ambiguous,clear_mutual_top1,mountain=滝山(#354); candidate=summit-candidate:38105da918da8262; ref_score=0.7875; ref_rank=1; loc_level=exact_municipality_match; priority=high; priority_reasons=top_1_but_ambiguous
354,滝山,summit-candidate:0048d4d3a7981b80,yamap_2025-01-03_07_19.gpx,壺神山・滝山・足山・皿が森,697.5172644320495,726,28.48,0.7365,2,1,0.102,false,true,medium,high,high,resolve_conflict,exact_municipality_match,大洲市,,大洲市,"無事喜地, 長浜町大越, 大洲市, 愛媛県, 799-3411, 日本",multiple_candidates_for_mountain|multiple_mountains_for_candidate|missing_csv_coordinate,top_candidate_for_multiple_mountains,shared_candidate,mountain=滝山(#354); candidate=summit-candidate:0048d4d3a7981b80; ref_score=0.7365; ref_rank=2; loc_level=exact_municipality_match; priority=high; priority_reasons=top_candidate_for_multiple_mountains
354,滝山,summit-candidate:4db5b3ffd85092bf,yamap_2025-01-03_07_19.gpx,壺神山・滝山・足山・皿が森,626.9591280717788,726,99.04,0.6345,3,4,0,false,false,medium,medium,low,low_priority,exact_municipality_match,大洲市,,大洲市,"小長浜, 長浜町大越, 大洲市, 愛媛県, 799-3431, 日本",multiple_candidates_for_mountain|multiple_mountains_for_candidate|weak_elevation_evidence|missing_csv_coordinate,top_3_with_evidence,low_priority_alternative,mountain=滝山(#354); candidate=summit-candidate:4db5b3ffd85092bf; ref_score=0.6345; ref_rank=3; loc_level=exact_municipality_match; priority=medium; priority_reasons=top_3_with_evidence
355,足山,summit-candidate:0048d4d3a7981b80,yamap_2025-01-03_07_19.gpx,壺神山・滝山・足山・皿が森,697.5172644320495,675,22.52,0.7365,1,2,0,false,true,medium,high,high,resolve_conflict,exact_municipality_match,大洲市,,大洲市,"無事喜地, 長浜町大越, 大洲市, 愛媛県, 799-3411, 日本",multiple_candidates_for_mountain|multiple_mountains_for_candidate|missing_csv_coordinate,top_1_but_ambiguous|top_candidate_for_multiple_mountains,shared_candidate|not_mutual_top1,"mountain=足山(#355); candidate=summit-candidate:0048d4d3a7981b80; ref_score=0.7365; ref_rank=1; loc_level=exact_municipality_match; priority=high; priority_reasons=top_1_but_ambiguous,top_candidate_for_multiple_mountains"
355,足山,summit-candidate:9306f5a7fe249a15,yamap_2025-01-03_07_19.gpx,壺神山・滝山・足山・皿が森,646.4861527563789,675,28.51,0.7365,2,1,0.051,false,true,medium,medium,high,check_close_alternatives,exact_municipality_match,大洲市,,大洲市,"長浜町今坊, 大洲市, 愛媛県, 799-3411, 日本",multiple_candidates_for_mountain|multiple_mountains_for_candidate|missing_csv_coordinate,top_3_with_evidence,small_score_gap,mountain=足山(#355); candidate=summit-candidate:9306f5a7fe249a15; ref_score=0.7365; ref_rank=2; loc_level=exact_municipality_match; priority=medium; priority_reasons=top_3_with_evidence
355,足山,summit-candidate:4db5b3ffd85092bf,yamap_2025-01-03_07_19.gpx,壺神山・滝山・足山・皿が森,626.9591280717788,675,48.04,0.6855,3,2,0.051,false,true,medium,medium,low,low_priority,exact_municipality_match,大洲市,,大洲市,"小長浜, 長浜町大越, 大洲市, 愛媛県, 799-3431, 日本",multiple_candidates_for_mountain|multiple_mountains_for_candidate|missing_csv_coordinate,top_3_with_evidence,low_priority_alternative,mountain=足山(#355); candidate=summit-candidate:4db5b3ffd85092bf; ref_score=0.6855; ref_rank=3; loc_level=exact_municipality_match; priority=medium; priority_reasons=top_3_with_evidence
356,皿が森,summit-candidate:4db5b3ffd85092bf,yamap_2025-01-03_07_19.gpx,壺神山・滝山・足山・皿が森,626.9591280717788,610,16.96,0.7365,1,1,0.051,true,true,medium,high,medium,accept_candidate_after_map_check,exact_municipality_match,大洲市,,大洲市,"小長浜, 長浜町大越, 大洲市, 愛媛県, 799-3431, 日本",multiple_candidates_for_mountain|multiple_mountains_for_candidate|missing_csv_coordinate,top_1_but_ambiguous,clear_mutual_top1,mountain=皿が森(#356); candidate=summit-candidate:4db5b3ffd85092bf; ref_score=0.7365; ref_rank=1; loc_level=exact_municipality_match; priority=high; priority_reasons=top_1_but_ambiguous
356,皿が森,summit-candidate:9306f5a7fe249a15,yamap_2025-01-03_07_19.gpx,壺神山・滝山・足山・皿が森,646.4861527563789,610,36.49,0.6855,2,2,0.051,false,true,medium,medium,low,low_priority,exact_municipality_match,大洲市,,大洲市,"長浜町今坊, 大洲市, 愛媛県, 799-3411, 日本",multiple_candidates_for_mountain|multiple_mountains_for_candidate|missing_csv_coordinate,top_3_with_evidence,low_priority_alternative,mountain=皿が森(#356); candidate=summit-candidate:9306f5a7fe249a15; ref_score=0.6855; ref_rank=2; loc_level=exact_municipality_match; priority=medium; priority_reasons=top_3_with_evidence
356,皿が森,summit-candidate:0048d4d3a7981b80,yamap_2025-01-03_07_19.gpx,壺神山・滝山・足山・皿が森,697.5172644320495,610,87.52,0.6345,3,4,0,false,false,medium,high,high,resolve_conflict,exact_municipality_match,大洲市,,大洲市,"無事喜地, 長浜町大越, 大洲市, 愛媛県, 799-3411, 日本",multiple_candidates_for_mountain|multiple_mountains_for_candidate|weak_elevation_evidence|missing_csv_coordinate,top_candidate_for_multiple_mountains,shared_candidate,mountain=皿が森(#356); candidate=summit-candidate:0048d4d3a7981b80; ref_score=0.6345; ref_rank=3; loc_level=exact_municipality_match; priority=high; priority_reasons=top_candidate_for_multiple_mountains
357,尉之山,summit-candidate:12f30719aca26806,yamap_2025-01-11_08_43.gpx,尉之山・小山岳,397.0566666666667,383,14.06,0.7365,1,1,0,true,true,medium,high,high,resolve_conflict,exact_municipality_match,松山市,,松山市,"松山市, 愛媛県, 791-1132, 日本",multiple_candidates_for_mountain|multiple_mountains_for_candidate|missing_csv_coordinate|activity_link_ambiguous,top_1_but_ambiguous|top_candidate_for_multiple_mountains,shared_candidate,"mountain=尉之山(#357); candidate=summit-candidate:12f30719aca26806; ref_score=0.7365; ref_rank=1; loc_level=exact_municipality_match; priority=high; priority_reasons=top_1_but_ambiguous,top_candidate_for_multiple_mountains"
357,尉之山,summit-candidate:2b833dfb6f3f84c1,yamap_2025-01-11_11_51.gpx,勝山,371.26,383,11.74,0.7365,2,1,0.051,false,true,medium,medium,high,check_close_alternatives,exact_municipality_match,松山市,,松山市,"四国のみち 旧道三坂峠を下るみち, 松山市, 愛媛県, 791-1132, 日本",multiple_candidates_for_mountain|multiple_mountains_for_candidate|missing_csv_coordinate|activity_link_ambiguous,top_3_with_evidence,small_score_gap,mountain=尉之山(#357); candidate=summit-candidate:2b833dfb6f3f84c1; ref_score=0.7365; ref_rank=2; loc_level=exact_municipality_match; priority=medium; priority_reasons=top_3_with_evidence
357,尉之山,summit-candidate:7749b785ef007c1a,yamap_2025-01-11_08_43.gpx,尉之山・小山岳,430.1766666666667,383,47.18,0.6855,3,2,0.1955,false,true,medium,medium,low,low_priority,exact_municipality_match,松山市,,松山市,"松山市, 愛媛県, 791-1132, 日本",multiple_candidates_for_mountain|multiple_mountains_for_candidate|missing_csv_coordinate|activity_link_ambiguous,top_3_with_evidence,low_priority_alternative,mountain=尉之山(#357); candidate=summit-candidate:7749b785ef007c1a; ref_score=0.6855; ref_rank=3; loc_level=exact_municipality_match; priority=medium; priority_reasons=top_3_with_evidence
358,小山岳,summit-candidate:7749b785ef007c1a,yamap_2025-01-11_08_43.gpx,尉之山・小山岳,430.1766666666667,435,4.82,0.7875,1,1,0.102,true,true,medium,high,medium,accept_candidate_after_map_check,exact_municipality_match,松山市,,松山市,"松山市, 愛媛県, 791-1132, 日本",multiple_candidates_for_mountain|multiple_mountains_for_candidate|missing_csv_coordinate|activity_link_ambiguous,top_1_but_ambiguous,clear_mutual_top1,mountain=小山岳(#358); candidate=summit-candidate:7749b785ef007c1a; ref_score=0.7875; ref_rank=1; loc_level=exact_municipality_match; priority=high; priority_reasons=top_1_but_ambiguous
358,小山岳,summit-candidate:12f30719aca26806,yamap_2025-01-11_08_43.gpx,尉之山・小山岳,397.0566666666667,435,37.94,0.6855,2,3,0.051,false,true,medium,high,high,resolve_conflict,exact_municipality_match,松山市,,松山市,"松山市, 愛媛県, 791-1132, 日本",multiple_candidates_for_mountain|multiple_mountains_for_candidate|missing_csv_coordinate|activity_link_ambiguous,top_candidate_for_multiple_mountains,shared_candidate,mountain=小山岳(#358); candidate=summit-candidate:12f30719aca26806; ref_score=0.6855; ref_rank=2; loc_level=exact_municipality_match; priority=high; priority_reasons=top_candidate_for_multiple_mountains
358,小山岳,summit-candidate:2b833dfb6f3f84c1,yamap_2025-01-11_11_51.gpx,勝山,371.26,435,63.74,0.6345,3,4,0.1955,false,false,medium,medium,low,low_priority,exact_municipality_match,松山市,,松山市,"四国のみち 旧道三坂峠を下るみち, 松山市, 愛媛県, 791-1132, 日本",multiple_candidates_for_mountain|multiple_mountains_for_candidate|weak_elevation_evidence|missing_csv_coordinate|activity_link_ambiguous,top_3_with_evidence,low_priority_alternative,mountain=小山岳(#358); candidate=summit-candidate:2b833dfb6f3f84c1; ref_score=0.6345; ref_rank=3; loc_level=exact_municipality_match; priority=medium; priority_reasons=top_3_with_evidence
359,勝山,summit-candidate:12f30719aca26806,yamap_2025-01-11_08_43.gpx,尉之山・小山岳,397.0566666666667,385,12.06,0.7365,1,2,0,false,true,medium,high,high,resolve_conflict,exact_municipality_match,松山市,,松山市,"松山市, 愛媛県, 791-1132, 日本",multiple_candidates_for_mountain|multiple_mountains_for_candidate|missing_csv_coordinate|activity_link_ambiguous,top_1_but_ambiguous|top_candidate_for_multiple_mountains,shared_candidate|not_mutual_top1,"mountain=勝山(#359); candidate=summit-candidate:12f30719aca26806; ref_score=0.7365; ref_rank=1; loc_level=exact_municipality_match; priority=high; priority_reasons=top_1_but_ambiguous,top_candidate_for_multiple_mountains"
359,勝山,summit-candidate:2b833dfb6f3f84c1,yamap_2025-01-11_11_51.gpx,勝山,371.26,385,13.74,0.7365,2,2,0.051,false,true,medium,medium,high,check_close_alternatives,exact_municipality_match,松山市,,松山市,"四国のみち 旧道三坂峠を下るみち, 松山市, 愛媛県, 791-1132, 日本",multiple_candidates_for_mountain|multiple_mountains_for_candidate|missing_csv_coordinate|activity_link_ambiguous,top_3_with_evidence,small_score_gap,mountain=勝山(#359); candidate=summit-candidate:2b833dfb6f3f84c1; ref_score=0.7365; ref_rank=2; loc_level=exact_municipality_match; priority=medium; priority_reasons=top_3_with_evidence
359,勝山,summit-candidate:7749b785ef007c1a,yamap_2025-01-11_08_43.gpx,尉之山・小山岳,430.1766666666667,385,45.18,0.6855,3,3,0.051,false,true,medium,medium,low,low_priority,exact_municipality_match,松山市,,松山市,"松山市, 愛媛県, 791-1132, 日本",multiple_candidates_for_mountain|multiple_mountains_for_candidate|missing_csv_coordinate|activity_link_ambiguous,top_3_with_evidence,low_priority_alternative,mountain=勝山(#359); candidate=summit-candidate:7749b785ef007c1a; ref_score=0.6855; ref_rank=3; loc_level=exact_municipality_match; priority=medium; priority_reasons=top_3_with_evidence
360,松葉山（松葉城址）,summit-candidate:7a59a4750a70552c,yamap_2025-01-24_13_34.gpx,御篠山・松葉山（松葉城址）・烏殿,400.06,410,9.94,0.7875,1,1,0.051,true,true,medium,high,medium,accept_candidate_after_map_check,exact_municipality_match,西予市,,西予市,"宇和町上松葉, 西予市, 愛媛県, 797-0046, 日本",multiple_candidates_for_mountain|multiple_mountains_for_candidate|missing_csv_coordinate,top_1_but_ambiguous,clear_mutual_top1,mountain=松葉山（松葉城址）(#360); candidate=summit-candidate:7a59a4750a70552c; ref_score=0.7875; ref_rank=1; loc_level=exact_municipality_match; priority=high; priority_reasons=top_1_but_ambiguous
360,松葉山（松葉城址）,summit-candidate:2c1cbc474e49f1ec,yamap_2025-01-24_13_34.gpx,御篠山・松葉山（松葉城址）・烏殿,387.82666666666665,410,22.17,0.7365,2,2,0.102,false,true,medium,medium,low,low_priority,exact_municipality_match,西予市,,西予市,"篠山神社, 大洲北只30, 宇和町さくら, 西予市, 愛媛県, 797-0007, 日本",multiple_candidates_for_mountain|multiple_mountains_for_candidate|missing_csv_coordinate,top_3_with_evidence,low_priority_alternative,mountain=松葉山（松葉城址）(#360); candidate=summit-candidate:2c1cbc474e49f1ec; ref_score=0.7365; ref_rank=2; loc_level=exact_municipality_match; priority=medium; priority_reasons=top_3_with_evidence
360,松葉山（松葉城址）,summit-candidate:d71483d289d0c575,yamap_2025-01-24_13_34.gpx,御篠山・松葉山（松葉城址）・烏殿,583.88,410,173.88,0.6345,3,2,0.1955,false,true,medium,medium,low,low_priority,exact_municipality_match,西予市,,西予市,"宇和町常定寺, 西予市, 愛媛県, 797-0006, 日本",multiple_candidates_for_mountain|multiple_mountains_for_candidate|weak_elevation_evidence|missing_csv_coordinate,top_3_with_evidence,low_priority_alternative,mountain=松葉山（松葉城址）(#360); candidate=summit-candidate:d71483d289d0c575; ref_score=0.6345; ref_rank=3; loc_level=exact_municipality_match; priority=medium; priority_reasons=top_3_with_evidence
361,烏殿,summit-candidate:d71483d289d0c575,yamap_2025-01-24_13_34.gpx,御篠山・松葉山（松葉城址）・烏殿,583.88,588,4.12,0.7875,1,1,0.153,true,true,medium,high,medium,accept_candidate_after_map_check,exact_municipality_match,西予市,,西予市,"宇和町常定寺, 西予市, 愛媛県, 797-0006, 日本",multiple_candidates_for_mountain|multiple_mountains_for_candidate|missing_csv_coordinate,top_1_but_ambiguous,clear_mutual_top1,mountain=烏殿(#361); candidate=summit-candidate:d71483d289d0c575; ref_score=0.7875; ref_rank=1; loc_level=exact_municipality_match; priority=high; priority_reasons=top_1_but_ambiguous
361,烏殿,summit-candidate:2c1cbc474e49f1ec,yamap_2025-01-24_13_34.gpx,御篠山・松葉山（松葉城址）・烏殿,387.82666666666665,588,200.17,0.6345,2,3,0,false,true,medium,medium,low,low_priority,exact_municipality_match,西予市,,西予市,"篠山神社, 大洲北只30, 宇和町さくら, 西予市, 愛媛県, 797-0007, 日本",multiple_candidates_for_mountain|multiple_mountains_for_candidate|weak_elevation_evidence|missing_csv_coordinate,top_3_with_evidence,low_priority_alternative,mountain=烏殿(#361); candidate=summit-candidate:2c1cbc474e49f1ec; ref_score=0.6345; ref_rank=2; loc_level=exact_municipality_match; priority=medium; priority_reasons=top_3_with_evidence
361,烏殿,summit-candidate:7a59a4750a70552c,yamap_2025-01-24_13_34.gpx,御篠山・松葉山（松葉城址）・烏殿,400.06,588,187.94,0.6345,3,3,0.1445,false,true,medium,medium,low,low_priority,exact_municipality_match,西予市,,西予市,"宇和町上松葉, 西予市, 愛媛県, 797-0046, 日本",multiple_candidates_for_mountain|multiple_mountains_for_candidate|weak_elevation_evidence|missing_csv_coordinate,top_3_with_evidence,low_priority_alternative,mountain=烏殿(#361); candidate=summit-candidate:7a59a4750a70552c; ref_score=0.6345; ref_rank=3; loc_level=exact_municipality_match; priority=medium; priority_reasons=top_3_with_evidence
362,御篠山,summit-candidate:2c1cbc474e49f1ec,yamap_2025-01-24_13_34.gpx,御篠山・松葉山（松葉城址）・烏殿,387.82666666666665,384,3.83,0.7875,1,1,0.051,true,true,medium,high,medium,accept_candidate_after_map_check,exact_municipality_match,西予市,,西予市,"篠山神社, 大洲北只30, 宇和町さくら, 西予市, 愛媛県, 797-0007, 日本",multiple_candidates_for_mountain|multiple_mountains_for_candidate|missing_csv_coordinate,top_1_but_ambiguous,clear_mutual_top1,mountain=御篠山(#362); candidate=summit-candidate:2c1cbc474e49f1ec; ref_score=0.7875; ref_rank=1; loc_level=exact_municipality_match; priority=high; priority_reasons=top_1_but_ambiguous
362,御篠山,summit-candidate:7a59a4750a70552c,yamap_2025-01-24_13_34.gpx,御篠山・松葉山（松葉城址）・烏殿,400.06,384,16.06,0.7365,2,2,0.102,false,true,medium,medium,low,low_priority,exact_municipality_match,西予市,,西予市,"宇和町上松葉, 西予市, 愛媛県, 797-0046, 日本",multiple_candidates_for_mountain|multiple_mountains_for_candidate|missing_csv_coordinate,top_3_with_evidence,low_priority_alternative,mountain=御篠山(#362); candidate=summit-candidate:7a59a4750a70552c; ref_score=0.7365; ref_rank=2; loc_level=exact_municipality_match; priority=medium; priority_reasons=top_3_with_evidence
362,御篠山,summit-candidate:d71483d289d0c575,yamap_2025-01-24_13_34.gpx,御篠山・松葉山（松葉城址）・烏殿,583.88,384,199.88,0.6345,3,3,0.1445,false,true,medium,medium,low,low_priority,exact_municipality_match,西予市,,西予市,"宇和町常定寺, 西予市, 愛媛県, 797-0006, 日本",multiple_candidates_for_mountain|multiple_mountains_for_candidate|weak_elevation_evidence|missing_csv_coordinate,top_3_with_evidence,low_priority_alternative,mountain=御篠山(#362); candidate=summit-candidate:d71483d289d0c575; ref_score=0.6345; ref_rank=3; loc_level=exact_municipality_match; priority=medium; priority_reasons=top_3_with_evidence
363,天が森,summit-candidate:090f7fa4be89ec5e,yamap_2025-01-26_07_09.gpx,天が森・浄心山・銅が鳴,782.4408357907463,393,389.44,0.6345,1,3,0.1795,false,true,medium,high,high,resolve_conflict,exact_municipality_match,八幡浜市,,八幡浜市,"八幡浜市, 愛媛県, 796-0203, 日本",multiple_candidates_for_mountain|multiple_mountains_for_candidate|weak_elevation_evidence|missing_csv_coordinate,top_1_but_ambiguous|top_candidate_for_multiple_mountains,shared_candidate|not_mutual_top1,"mountain=天が森(#363); candidate=summit-candidate:090f7fa4be89ec5e; ref_score=0.6345; ref_rank=1; loc_level=exact_municipality_match; priority=high; priority_reasons=top_1_but_ambiguous,top_candidate_for_multiple_mountains"
363,天が森,summit-candidate:37c3a34c16599379,yamap_2025-01-26_07_09.gpx,天が森・浄心山・銅が鳴,791.270282533162,393,398.27,0.455,2,4,0.1445,false,false,low,high,high,check_location_warning,boundary_tolerated_mismatch,八幡浜市,,,"大洲市, 愛媛県, 799-3462, 日本",multiple_candidates_for_mountain|multiple_mountains_for_candidate|weak_elevation_evidence|missing_csv_coordinate|location_mismatch_warning,strong_evidence_with_mismatch,location_mismatch_warning,mountain=天が森(#363); candidate=summit-candidate:37c3a34c16599379; ref_score=0.455; ref_rank=2; loc_level=boundary_tolerated_mismatch; priority=high; priority_reasons=strong_evidence_with_mismatch
363,天が森,summit-candidate:0ec3be2fa2295b82,yamap_2022-03-03_10_47.gpx,奥之城山・ヌタノサコ,388.2833333333333,393,4.72,0.3105,3,19,0,false,false,low,high,high,check_location_warning,boundary_tolerated_mismatch,八幡浜市,,,"末町, 松山市, 愛媛県, 790-2648, 日本",multiple_candidates_for_mountain|multiple_mountains_for_candidate|weak_name_evidence|missing_csv_coordinate|location_mismatch_warning,strong_evidence_with_mismatch,location_mismatch_warning,mountain=天が森(#363); candidate=summit-candidate:0ec3be2fa2295b82; ref_score=0.3105; ref_rank=3; loc_level=boundary_tolerated_mismatch; priority=high; priority_reasons=strong_evidence_with_mismatch
364,浄心山,summit-candidate:090f7fa4be89ec5e,yamap_2025-01-26_07_09.gpx,天が森・浄心山・銅が鳴,782.4408357907463,781,1.44,0.7875,1,1,0.2305,true,true,medium,high,high,resolve_conflict,exact_municipality_match,八幡浜市,,八幡浜市,"八幡浜市, 愛媛県, 796-0203, 日本",multiple_candidates_for_mountain|multiple_mountains_for_candidate|missing_csv_coordinate,top_1_but_ambiguous|top_candidate_for_multiple_mountains,shared_candidate,"mountain=浄心山(#364); candidate=summit-candidate:090f7fa4be89ec5e; ref_score=0.7875; ref_rank=1; loc_level=exact_municipality_match; priority=high; priority_reasons=top_1_but_ambiguous,top_candidate_for_multiple_mountains"
364,浄心山,summit-candidate:37c3a34c16599379,yamap_2025-01-26_07_09.gpx,天が森・浄心山・銅が鳴,791.270282533162,781,10.27,0.557,2,1,0.2465,false,true,medium,high,high,check_location_warning,boundary_tolerated_mismatch,八幡浜市,,,"大洲市, 愛媛県, 799-3462, 日本",multiple_candidates_for_mountain|multiple_mountains_for_candidate|missing_csv_coordinate|location_mismatch_warning,strong_evidence_with_mismatch,location_mismatch_warning,mountain=浄心山(#364); candidate=summit-candidate:37c3a34c16599379; ref_score=0.557; ref_rank=2; loc_level=boundary_tolerated_mismatch; priority=high; priority_reasons=strong_evidence_with_mismatch
364,浄心山,summit-candidate:1d3eb619bd125bfd,yamap_2023-06-11_11_57.gpx,五葉が森,778.4133333333334,781,2.59,0.3105,3,5,0,false,false,low,high,high,check_location_warning,boundary_tolerated_mismatch,八幡浜市,,,"玉川町木地, 今治市, 愛媛県, 794-8511, 日本",multiple_candidates_for_mountain|multiple_mountains_for_candidate|weak_name_evidence|missing_csv_coordinate|location_mismatch_warning,strong_evidence_with_mismatch,location_mismatch_warning,mountain=浄心山(#364); candidate=summit-candidate:1d3eb619bd125bfd; ref_score=0.3105; ref_rank=3; loc_level=boundary_tolerated_mismatch; priority=high; priority_reasons=strong_evidence_with_mismatch
365,銅が鳴,summit-candidate:090f7fa4be89ec5e,yamap_2025-01-26_07_09.gpx,天が森・浄心山・銅が鳴,782.4408357907463,767,15.44,0.7365,1,2,0.1795,false,true,medium,high,high,resolve_conflict,exact_municipality_match,八幡浜市,,八幡浜市,"八幡浜市, 愛媛県, 796-0203, 日本",multiple_candidates_for_mountain|multiple_mountains_for_candidate|missing_csv_coordinate,top_1_but_ambiguous|top_candidate_for_multiple_mountains,shared_candidate|not_mutual_top1,"mountain=銅が鳴(#365); candidate=summit-candidate:090f7fa4be89ec5e; ref_score=0.7365; ref_rank=1; loc_level=exact_municipality_match; priority=high; priority_reasons=top_1_but_ambiguous,top_candidate_for_multiple_mountains"
365,銅が鳴,summit-candidate:37c3a34c16599379,yamap_2025-01-26_07_09.gpx,天が森・浄心山・銅が鳴,791.270282533162,767,24.27,0.557,2,2,0.2465,false,true,medium,high,high,check_location_warning,boundary_tolerated_mismatch,八幡浜市,,,"大洲市, 愛媛県, 799-3462, 日本",multiple_candidates_for_mountain|multiple_mountains_for_candidate|missing_csv_coordinate|location_mismatch_warning,strong_evidence_with_mismatch,location_mismatch_warning,mountain=銅が鳴(#365); candidate=summit-candidate:37c3a34c16599379; ref_score=0.557; ref_rank=2; loc_level=boundary_tolerated_mismatch; priority=high; priority_reasons=strong_evidence_with_mismatch
365,銅が鳴,summit-candidate:57e8c6cb102c9500,yamap_2022-05-15_06_10.gpx,割石東山・青滝山・堂ヶ森,766.7766666666666,767,0.22,0.3105,3,8,0,false,false,low,high,high,check_location_warning,boundary_tolerated_mismatch,八幡浜市,,,"国道494号, 笠方, 久万高原町, 上浮穴郡, 愛媛県, 日本",multiple_candidates_for_mountain|multiple_mountains_for_candidate|weak_name_evidence|missing_csv_coordinate|location_mismatch_warning|activity_link_ambiguous,strong_evidence_with_mismatch,location_mismatch_warning,mountain=銅が鳴(#365); candidate=summit-candidate:57e8c6cb102c9500; ref_score=0.3105; ref_rank=3; loc_level=boundary_tolerated_mismatch; priority=high; priority_reasons=strong_evidence_with_mismatch
366,弥八山,summit-candidate:0cc40babcd0ce6bf,yamap_2025-01-30_06_55.gpx,弥八山,261.15000000000003,263,1.85,0.7875,1,1,0.051,true,true,medium,high,medium,accept_candidate_after_map_check,exact_municipality_match,四国中央市,,四国中央市,"川之江町長須, 四国中央市, 愛媛県, 799-0101, 日本",multiple_candidates_for_mountain|multiple_mountains_for_candidate|missing_csv_coordinate|activity_link_ambiguous,top_1_but_ambiguous,clear_mutual_top1,mountain=弥八山(#366); candidate=summit-candidate:0cc40babcd0ce6bf; ref_score=0.7875; ref_rank=1; loc_level=exact_municipality_match; priority=high; priority_reasons=top_1_but_ambiguous
366,弥八山,summit-candidate:8cef52d6989a94db,yamap_2025-01-30_10_12.gpx,北山,237.66666666666666,263,25.33,0.7365,2,3,0,false,true,medium,high,high,resolve_conflict,exact_municipality_match,四国中央市,,四国中央市,"土居町北野, 四国中央市, 愛媛県, 799-0711, 日本",multiple_candidates_for_mountain|multiple_mountains_for_candidate|missing_csv_coordinate|activity_link_ambiguous,top_candidate_for_multiple_mountains,shared_candidate,mountain=弥八山(#366); candidate=summit-candidate:8cef52d6989a94db; ref_score=0.7365; ref_rank=2; loc_level=exact_municipality_match; priority=high; priority_reasons=top_candidate_for_multiple_mountains
366,弥八山,summit-candidate:a14a745323a3d3af,yamap_2025-01-30_08_48.gpx,西の山,250.30998537053583,263,12.69,0.7365,3,3,0.2815,false,true,medium,medium,low,low_priority,exact_municipality_match,四国中央市,,四国中央市,"壬生川新居浜野田線, 土居町天満, 四国中央市, 愛媛県, 799-0724, 日本",multiple_candidates_for_mountain|multiple_mountains_for_candidate|missing_csv_coordinate|activity_link_ambiguous,top_3_with_evidence,low_priority_alternative,mountain=弥八山(#366); candidate=summit-candidate:a14a745323a3d3af; ref_score=0.7365; ref_rank=3; loc_level=exact_municipality_match; priority=medium; priority_reasons=top_3_with_evidence
367,西の山,summit-candidate:8cef52d6989a94db,yamap_2025-01-30_10_12.gpx,北山,237.66666666666666,244,6.33,0.7875,1,1,0,true,true,medium,high,high,resolve_conflict,exact_municipality_match,四国中央市,,四国中央市,"土居町北野, 四国中央市, 愛媛県, 799-0711, 日本",multiple_candidates_for_mountain|multiple_mountains_for_candidate|missing_csv_coordinate|activity_link_ambiguous,top_1_but_ambiguous|top_candidate_for_multiple_mountains,shared_candidate,"mountain=西の山(#367); candidate=summit-candidate:8cef52d6989a94db; ref_score=0.7875; ref_rank=1; loc_level=exact_municipality_match; priority=high; priority_reasons=top_1_but_ambiguous,top_candidate_for_multiple_mountains"
367,西の山,summit-candidate:a14a745323a3d3af,yamap_2025-01-30_08_48.gpx,西の山,250.30998537053583,244,6.31,0.7875,2,1,0.051,false,true,medium,medium,high,check_close_alternatives,exact_municipality_match,四国中央市,,四国中央市,"壬生川新居浜野田線, 土居町天満, 四国中央市, 愛媛県, 799-0724, 日本",multiple_candidates_for_mountain|multiple_mountains_for_candidate|missing_csv_coordinate|activity_link_ambiguous,top_3_with_evidence,small_score_gap,mountain=西の山(#367); candidate=summit-candidate:a14a745323a3d3af; ref_score=0.7875; ref_rank=2; loc_level=exact_municipality_match; priority=medium; priority_reasons=top_3_with_evidence
367,西の山,summit-candidate:0cc40babcd0ce6bf,yamap_2025-01-30_06_55.gpx,弥八山,261.15000000000003,244,17.15,0.7365,3,2,0.2815,false,true,medium,medium,low,low_priority,exact_municipality_match,四国中央市,,四国中央市,"川之江町長須, 四国中央市, 愛媛県, 799-0101, 日本",multiple_candidates_for_mountain|multiple_mountains_for_candidate|missing_csv_coordinate|activity_link_ambiguous,top_3_with_evidence,low_priority_alternative,mountain=西の山(#367); candidate=summit-candidate:0cc40babcd0ce6bf; ref_score=0.7365; ref_rank=3; loc_level=exact_municipality_match; priority=medium; priority_reasons=top_3_with_evidence
368,北山,summit-candidate:8cef52d6989a94db,yamap_2025-01-30_10_12.gpx,北山,237.66666666666666,241,3.33,0.7875,1,2,0,false,true,medium,high,high,resolve_conflict,exact_municipality_match,四国中央市,,四国中央市,"土居町北野, 四国中央市, 愛媛県, 799-0711, 日本",multiple_candidates_for_mountain|multiple_mountains_for_candidate|missing_csv_coordinate|activity_link_ambiguous,top_1_but_ambiguous|top_candidate_for_multiple_mountains,shared_candidate|not_mutual_top1,"mountain=北山(#368); candidate=summit-candidate:8cef52d6989a94db; ref_score=0.7875; ref_rank=1; loc_level=exact_municipality_match; priority=high; priority_reasons=top_1_but_ambiguous,top_candidate_for_multiple_mountains"
368,北山,summit-candidate:a14a745323a3d3af,yamap_2025-01-30_08_48.gpx,西の山,250.30998537053583,241,9.31,0.7875,2,2,0.051,false,true,medium,medium,high,check_close_alternatives,exact_municipality_match,四国中央市,,四国中央市,"壬生川新居浜野田線, 土居町天満, 四国中央市, 愛媛県, 799-0724, 日本",multiple_candidates_for_mountain|multiple_mountains_for_candidate|missing_csv_coordinate|activity_link_ambiguous,top_3_with_evidence,small_score_gap,mountain=北山(#368); candidate=summit-candidate:a14a745323a3d3af; ref_score=0.7875; ref_rank=2; loc_level=exact_municipality_match; priority=medium; priority_reasons=top_3_with_evidence
368,北山,summit-candidate:0cc40babcd0ce6bf,yamap_2025-01-30_06_55.gpx,弥八山,261.15000000000003,241,20.15,0.7365,3,3,0.2305,false,true,medium,medium,low,low_priority,exact_municipality_match,四国中央市,,四国中央市,"川之江町長須, 四国中央市, 愛媛県, 799-0101, 日本",multiple_candidates_for_mountain|multiple_mountains_for_candidate|missing_csv_coordinate|activity_link_ambiguous,top_3_with_evidence,low_priority_alternative,mountain=北山(#368); candidate=summit-candidate:0cc40babcd0ce6bf; ref_score=0.7365; ref_rank=3; loc_level=exact_municipality_match; priority=medium; priority_reasons=top_3_with_evidence
369,垣生山,summit-candidate:6c20bef6dc4e973b,yamap_2025-01-30_12_21.gpx,垣生山,103.26298735700367,101,2.26,0.7875,1,1,0.102,true,true,medium,high,medium,accept_candidate_after_map_check,exact_municipality_match,新居浜市,,新居浜市,"垣生五丁目, 垣生, 新居浜市, 愛媛県, 792-0872, 日本",multiple_candidates_for_mountain|multiple_mountains_for_candidate|missing_csv_coordinate|activity_link_ambiguous,top_1_but_ambiguous,clear_mutual_top1,mountain=垣生山(#369); candidate=summit-candidate:6c20bef6dc4e973b; ref_score=0.7875; ref_rank=1; loc_level=exact_municipality_match; priority=high; priority_reasons=top_1_but_ambiguous
369,垣生山,summit-candidate:3c1e55e6cc05c0ad,yamap_2025-01-30_13_18.gpx,金子山,148.30058041636374,101,47.3,0.6855,2,2,0.0775,false,true,medium,medium,low,low_priority,exact_municipality_match,新居浜市,,新居浜市,"林道 金子芳谷線, 横水町, 新居浜市, 愛媛県, 792-0050, 日本",multiple_candidates_for_mountain|multiple_mountains_for_candidate|missing_csv_coordinate|activity_link_ambiguous,top_3_with_evidence,low_priority_alternative,mountain=垣生山(#369); candidate=summit-candidate:3c1e55e6cc05c0ad; ref_score=0.6855; ref_rank=2; loc_level=exact_municipality_match; priority=medium; priority_reasons=top_3_with_evidence
369,垣生山,summit-candidate:45f49d8fd831427c,yamap_2023-01-06_11_33.gpx,岩子山・垣生山・津田山・弁天山,110.77666666666669,101,9.78,0.608,3,7,0,false,false,medium,high,high,resolve_conflict,boundary_tolerated_mismatch,新居浜市,,,"垣生山公園登山道, 高岡町, 松山市, 愛媛県, 791-8036, 日本",multiple_candidates_for_mountain|multiple_mountains_for_candidate|missing_csv_coordinate|location_mismatch_warning,strong_evidence_with_mismatch|top_candidate_for_multiple_mountains,shared_candidate,"mountain=垣生山(#369); candidate=summit-candidate:45f49d8fd831427c; ref_score=0.608; ref_rank=3; loc_level=boundary_tolerated_mismatch; priority=high; priority_reasons=strong_evidence_with_mismatch,top_candidate_for_multiple_mountains"
370,金子山,summit-candidate:3c1e55e6cc05c0ad,yamap_2025-01-30_13_18.gpx,金子山,148.30058041636374,146,2.3,0.7875,1,1,0.102,true,true,medium,high,medium,accept_candidate_after_map_check,exact_municipality_match,新居浜市,,新居浜市,"林道 金子芳谷線, 横水町, 新居浜市, 愛媛県, 792-0050, 日本",multiple_candidates_for_mountain|multiple_mountains_for_candidate|missing_csv_coordinate|activity_link_ambiguous,top_1_but_ambiguous,clear_mutual_top1,mountain=金子山(#370); candidate=summit-candidate:3c1e55e6cc05c0ad; ref_score=0.7875; ref_rank=1; loc_level=exact_municipality_match; priority=high; priority_reasons=top_1_but_ambiguous
370,金子山,summit-candidate:6c20bef6dc4e973b,yamap_2025-01-30_12_21.gpx,垣生山,103.26298735700367,146,42.74,0.6855,2,2,0.178,false,true,medium,medium,low,low_priority,exact_municipality_match,新居浜市,,新居浜市,"垣生五丁目, 垣生, 新居浜市, 愛媛県, 792-0872, 日本",multiple_candidates_for_mountain|multiple_mountains_for_candidate|missing_csv_coordinate|activity_link_ambiguous,top_3_with_evidence,low_priority_alternative,mountain=金子山(#370); candidate=summit-candidate:6c20bef6dc4e973b; ref_score=0.6855; ref_rank=2; loc_level=exact_municipality_match; priority=medium; priority_reasons=top_3_with_evidence
370,金子山,summit-candidate:a14a745323a3d3af,yamap_2025-01-30_08_48.gpx,西の山,250.30998537053583,146,104.31,0.5075,3,5,0.0015,false,false,low,medium,low,low_priority,local_text_match,新居浜市,,新居浜,"壬生川新居浜野田線, 土居町天満, 四国中央市, 愛媛県, 799-0724, 日本",multiple_candidates_for_mountain|multiple_mountains_for_candidate|weak_elevation_evidence|missing_csv_coordinate|location_mismatch_warning|activity_link_ambiguous,top_3_with_evidence,low_priority_alternative,mountain=金子山(#370); candidate=summit-candidate:a14a745323a3d3af; ref_score=0.5075; ref_rank=3; loc_level=local_text_match; priority=medium; priority_reasons=top_3_with_evidence
371,八堂山,summit-candidate:bf9808bbf86d5d73,yamap_2025-01-30_14_42.gpx,八堂山,191.83333333333334,193,1.17,0.7875,1,1,0.2815,true,true,medium,high,medium,accept_candidate_after_map_check,exact_municipality_match,西条市,,西条市,"松山自動車道, 福武乙, 西条市, 愛媛県, 793-0035, 日本",multiple_candidates_for_mountain|multiple_mountains_for_candidate|missing_csv_coordinate|activity_link_ambiguous,top_1_but_ambiguous,clear_mutual_top1,mountain=八堂山(#371); candidate=summit-candidate:bf9808bbf86d5d73; ref_score=0.7875; ref_rank=1; loc_level=exact_municipality_match; priority=high; priority_reasons=top_1_but_ambiguous
371,八堂山,summit-candidate:3c1e55e6cc05c0ad,yamap_2025-01-30_13_18.gpx,金子山,148.30058041636374,193,44.7,0.506,2,4,0,false,false,medium,high,high,check_location_warning,boundary_tolerated_mismatch,西条市,,,"林道 金子芳谷線, 横水町, 新居浜市, 愛媛県, 792-0050, 日本",multiple_candidates_for_mountain|multiple_mountains_for_candidate|missing_csv_coordinate|location_mismatch_warning|activity_link_ambiguous,strong_evidence_with_mismatch,location_mismatch_warning,mountain=八堂山(#371); candidate=summit-candidate:3c1e55e6cc05c0ad; ref_score=0.506; ref_rank=2; loc_level=boundary_tolerated_mismatch; priority=high; priority_reasons=strong_evidence_with_mismatch
371,八堂山,summit-candidate:8cef52d6989a94db,yamap_2025-01-30_10_12.gpx,北山,237.66666666666666,193,44.67,0.506,3,4,0.051,false,false,medium,high,high,resolve_conflict,boundary_tolerated_mismatch,西条市,,,"土居町北野, 四国中央市, 愛媛県, 799-0711, 日本",multiple_candidates_for_mountain|multiple_mountains_for_candidate|missing_csv_coordinate|location_mismatch_warning|activity_link_ambiguous,strong_evidence_with_mismatch|top_candidate_for_multiple_mountains,shared_candidate,"mountain=八堂山(#371); candidate=summit-candidate:8cef52d6989a94db; ref_score=0.506; ref_rank=3; loc_level=boundary_tolerated_mismatch; priority=high; priority_reasons=strong_evidence_with_mismatch,top_candidate_for_multiple_mountains"
372,亀老山,summit-candidate:35b464661fa62df9,yamap_2022-09-15_09_20.gpx,三山,323.2966666666667,301,22.3,0.3645,1,6,0,false,false,none,high,high,resolve_conflict,island_text_match,,大島,大,"弓削大谷, 上島町, 越智郡, 愛媛県, 794-2503, 日本",multiple_candidates_for_mountain|multiple_mountains_for_candidate|weak_name_evidence|missing_csv_coordinate|location_mismatch_warning|activity_link_ambiguous,top_1_but_ambiguous|top_candidate_for_multiple_mountains,shared_candidate|not_mutual_top1,"mountain=亀老山(#372); candidate=summit-candidate:35b464661fa62df9; ref_score=0.3645; ref_rank=1; loc_level=island_text_match; priority=high; priority_reasons=top_1_but_ambiguous,top_candidate_for_multiple_mountains"
372,亀老山,summit-candidate:98457196a66e294d,yamap_2025-03-20_08_27.gpx,高山・大里山・泰ノ山,282.75666666666666,301,18.24,0.3645,2,15,0,false,false,none,medium,high,check_close_alternatives,island_text_match,,大島,大,"中島大浦, 松山市, 愛媛県, 791-4599, 日本",multiple_candidates_for_mountain|multiple_mountains_for_candidate|weak_name_evidence|missing_csv_coordinate|location_mismatch_warning,top_3_with_evidence,small_score_gap,mountain=亀老山(#372); candidate=summit-candidate:98457196a66e294d; ref_score=0.3645; ref_rank=2; loc_level=island_text_match; priority=medium; priority_reasons=top_3_with_evidence
372,亀老山,summit-candidate:b1bd2a482a691bd8,yamap_2025-12-14_12_03.gpx,根太山,285.99333333333334,301,15.01,0.3645,3,5,0,false,false,none,medium,high,check_close_alternatives,island_text_match,,大島,大,"菅田町菅田, 大洲市, 愛媛県, 795-0081, 日本",multiple_candidates_for_mountain|multiple_mountains_for_candidate|weak_name_evidence|missing_csv_coordinate|location_mismatch_warning|activity_link_ambiguous,top_3_with_evidence,small_score_gap,mountain=亀老山(#372); candidate=summit-candidate:b1bd2a482a691bd8; ref_score=0.3645; ref_rank=3; loc_level=island_text_match; priority=medium; priority_reasons=top_3_with_evidence
373,カレイ山,summit-candidate:b9ae103da9e3136b,yamap_2025-02-09_12_21.gpx,八幡山,211.73666666666668,232,20.26,0.662,1,2,0.054,false,true,medium,high,high,resolve_conflict,island_text_match,,大島,大,"吉海町八幡, 大黒, 今治市, 愛媛県, 794-8511, 日本",multiple_candidates_for_mountain|multiple_mountains_for_candidate|missing_csv_coordinate|location_mismatch_warning|activity_link_ambiguous,top_1_but_ambiguous|top_candidate_for_multiple_mountains,shared_candidate|not_mutual_top1,"mountain=カレイ山(#373); candidate=summit-candidate:b9ae103da9e3136b; ref_score=0.662; ref_rank=1; loc_level=island_text_match; priority=high; priority_reasons=top_1_but_ambiguous,top_candidate_for_multiple_mountains"
373,カレイ山,summit-candidate:86e4db352b85ced4,yamap_2025-02-09_11_27.gpx,高取山,235.75333333333333,232,3.75,0.608,2,1,0.051,false,true,medium,high,high,check_location_warning,boundary_tolerated_mismatch,,大島,,"宮窪町友浦, 下浜, 今治市, 愛媛県, 794-8511, 日本",multiple_candidates_for_mountain|multiple_mountains_for_candidate|missing_csv_coordinate|location_mismatch_warning|activity_link_ambiguous,strong_evidence_with_mismatch,location_mismatch_warning,mountain=カレイ山(#373); candidate=summit-candidate:86e4db352b85ced4; ref_score=0.608; ref_rank=2; loc_level=boundary_tolerated_mismatch; priority=high; priority_reasons=strong_evidence_with_mismatch
373,カレイ山,summit-candidate:afc2e407c1d6b464,yamap_2025-02-09_09_27.gpx,大頭山,260.3866666666667,232,28.39,0.557,3,3,0.102,false,true,medium,high,high,check_location_warning,boundary_tolerated_mismatch,,大島,,"吉海町福田, 宮山, 今治市, 愛媛県, 794-8511, 日本",multiple_candidates_for_mountain|multiple_mountains_for_candidate|missing_csv_coordinate|location_mismatch_warning|activity_link_ambiguous,strong_evidence_with_mismatch,location_mismatch_warning,mountain=カレイ山(#373); candidate=summit-candidate:afc2e407c1d6b464; ref_score=0.557; ref_rank=3; loc_level=boundary_tolerated_mismatch; priority=high; priority_reasons=strong_evidence_with_mismatch
374,念仏山,summit-candidate:110345ef4fb31191,yamap_2025-02-09_08_01.gpx,念仏山,374.65000000000003,381,6.35,0.608,1,1,0.048,true,true,medium,high,high,check_location_warning,boundary_tolerated_mismatch,,大島,,"宮窪町余所国, 中村, 今治市, 愛媛県, 794-8511, 日本",multiple_candidates_for_mountain|multiple_mountains_for_candidate|missing_csv_coordinate|location_mismatch_warning|activity_link_ambiguous,top_1_but_ambiguous|strong_evidence_with_mismatch,location_mismatch_warning,"mountain=念仏山(#374); candidate=summit-candidate:110345ef4fb31191; ref_score=0.608; ref_rank=1; loc_level=boundary_tolerated_mismatch; priority=high; priority_reasons=top_1_but_ambiguous,strong_evidence_with_mismatch"
374,念仏山,summit-candidate:b9ae103da9e3136b,yamap_2025-02-09_12_21.gpx,八幡山,211.73666666666668,381,169.26,0.56,2,4,0.105,false,false,low,high,high,resolve_conflict,island_text_match,,大島,大,"吉海町八幡, 大黒, 今治市, 愛媛県, 794-8511, 日本",multiple_candidates_for_mountain|multiple_mountains_for_candidate|weak_elevation_evidence|missing_csv_coordinate|location_mismatch_warning|activity_link_ambiguous,top_candidate_for_multiple_mountains,shared_candidate,mountain=念仏山(#374); candidate=summit-candidate:b9ae103da9e3136b; ref_score=0.56; ref_rank=2; loc_level=island_text_match; priority=high; priority_reasons=top_candidate_for_multiple_mountains
374,念仏山,summit-candidate:86e4db352b85ced4,yamap_2025-02-09_11_27.gpx,高取山,235.75333333333333,381,145.25,0.455,3,6,0,false,false,low,high,high,check_location_warning,boundary_tolerated_mismatch,,大島,,"宮窪町友浦, 下浜, 今治市, 愛媛県, 794-8511, 日本",multiple_candidates_for_mountain|multiple_mountains_for_candidate|weak_elevation_evidence|missing_csv_coordinate|location_mismatch_warning|activity_link_ambiguous,strong_evidence_with_mismatch,location_mismatch_warning,mountain=念仏山(#374); candidate=summit-candidate:86e4db352b85ced4; ref_score=0.455; ref_rank=3; loc_level=boundary_tolerated_mismatch; priority=high; priority_reasons=strong_evidence_with_mismatch
375,大頭山,summit-candidate:afc2e407c1d6b464,yamap_2025-02-09_09_27.gpx,大頭山,260.3866666666667,264,3.61,0.608,1,1,0.048,true,true,medium,high,high,check_location_warning,boundary_tolerated_mismatch,,大島,,"吉海町福田, 宮山, 今治市, 愛媛県, 794-8511, 日本",multiple_candidates_for_mountain|multiple_mountains_for_candidate|missing_csv_coordinate|location_mismatch_warning|activity_link_ambiguous,top_1_but_ambiguous|strong_evidence_with_mismatch,location_mismatch_warning,"mountain=大頭山(#375); candidate=summit-candidate:afc2e407c1d6b464; ref_score=0.608; ref_rank=1; loc_level=boundary_tolerated_mismatch; priority=high; priority_reasons=top_1_but_ambiguous,strong_evidence_with_mismatch"
375,大頭山,summit-candidate:b9ae103da9e3136b,yamap_2025-02-09_12_21.gpx,八幡山,211.73666666666668,264,52.26,0.56,2,5,0.003,false,false,low,high,high,resolve_conflict,island_text_match,,大島,大,"吉海町八幡, 大黒, 今治市, 愛媛県, 794-8511, 日本",multiple_candidates_for_mountain|multiple_mountains_for_candidate|weak_elevation_evidence|missing_csv_coordinate|location_mismatch_warning|activity_link_ambiguous,top_candidate_for_multiple_mountains,shared_candidate,mountain=大頭山(#375); candidate=summit-candidate:b9ae103da9e3136b; ref_score=0.56; ref_rank=2; loc_level=island_text_match; priority=high; priority_reasons=top_candidate_for_multiple_mountains
375,大頭山,summit-candidate:86e4db352b85ced4,yamap_2025-02-09_11_27.gpx,高取山,235.75333333333333,264,28.25,0.557,3,2,0.102,false,true,medium,high,high,check_location_warning,boundary_tolerated_mismatch,,大島,,"宮窪町友浦, 下浜, 今治市, 愛媛県, 794-8511, 日本",multiple_candidates_for_mountain|multiple_mountains_for_candidate|missing_csv_coordinate|location_mismatch_warning|activity_link_ambiguous,strong_evidence_with_mismatch,location_mismatch_warning,mountain=大頭山(#375); candidate=summit-candidate:86e4db352b85ced4; ref_score=0.557; ref_rank=3; loc_level=boundary_tolerated_mismatch; priority=high; priority_reasons=strong_evidence_with_mismatch
376,高取山,summit-candidate:b9ae103da9e3136b,yamap_2025-02-09_12_21.gpx,八幡山,211.73666666666668,252,40.26,0.611,1,3,0.003,false,true,medium,high,high,resolve_conflict,island_text_match,,大島,大,"吉海町八幡, 大黒, 今治市, 愛媛県, 794-8511, 日本",multiple_candidates_for_mountain|multiple_mountains_for_candidate|missing_csv_coordinate|location_mismatch_warning|activity_link_ambiguous,top_1_but_ambiguous|top_candidate_for_multiple_mountains,shared_candidate|not_mutual_top1,"mountain=高取山(#376); candidate=summit-candidate:b9ae103da9e3136b; ref_score=0.611; ref_rank=1; loc_level=island_text_match; priority=high; priority_reasons=top_1_but_ambiguous,top_candidate_for_multiple_mountains"
376,高取山,summit-candidate:afc2e407c1d6b464,yamap_2025-02-09_09_27.gpx,大頭山,260.3866666666667,252,8.39,0.608,2,2,0.051,false,true,medium,high,high,check_close_alternatives,boundary_tolerated_mismatch,,大島,,"吉海町福田, 宮山, 今治市, 愛媛県, 794-8511, 日本",multiple_candidates_for_mountain|multiple_mountains_for_candidate|missing_csv_coordinate|location_mismatch_warning|activity_link_ambiguous,strong_evidence_with_mismatch,small_score_gap,mountain=高取山(#376); candidate=summit-candidate:afc2e407c1d6b464; ref_score=0.608; ref_rank=2; loc_level=boundary_tolerated_mismatch; priority=high; priority_reasons=strong_evidence_with_mismatch
376,高取山,summit-candidate:86e4db352b85ced4,yamap_2025-02-09_11_27.gpx,高取山,235.75333333333333,252,16.25,0.557,3,3,0.102,false,true,medium,high,high,check_location_warning,boundary_tolerated_mismatch,,大島,,"宮窪町友浦, 下浜, 今治市, 愛媛県, 794-8511, 日本",multiple_candidates_for_mountain|multiple_mountains_for_candidate|missing_csv_coordinate|location_mismatch_warning|activity_link_ambiguous,strong_evidence_with_mismatch,location_mismatch_warning,mountain=高取山(#376); candidate=summit-candidate:86e4db352b85ced4; ref_score=0.557; ref_rank=3; loc_level=boundary_tolerated_mismatch; priority=high; priority_reasons=strong_evidence_with_mismatch
377,八幡山,summit-candidate:b9ae103da9e3136b,yamap_2025-02-09_12_21.gpx,八幡山,211.73666666666668,212,0.26,0.713,1,1,0.156,true,true,medium,high,high,resolve_conflict,island_text_match,,大島,大,"吉海町八幡, 大黒, 今治市, 愛媛県, 794-8511, 日本",multiple_candidates_for_mountain|multiple_mountains_for_candidate|missing_csv_coordinate|location_mismatch_warning|activity_link_ambiguous,top_1_but_ambiguous|top_candidate_for_multiple_mountains,shared_candidate,"mountain=八幡山(#377); candidate=summit-candidate:b9ae103da9e3136b; ref_score=0.713; ref_rank=1; loc_level=island_text_match; priority=high; priority_reasons=top_1_but_ambiguous,top_candidate_for_multiple_mountains"
377,八幡山,summit-candidate:86e4db352b85ced4,yamap_2025-02-09_11_27.gpx,高取山,235.75333333333333,212,23.75,0.557,2,4,0.051,false,false,medium,high,high,check_location_warning,boundary_tolerated_mismatch,,大島,,"宮窪町友浦, 下浜, 今治市, 愛媛県, 794-8511, 日本",multiple_candidates_for_mountain|multiple_mountains_for_candidate|missing_csv_coordinate|location_mismatch_warning|activity_link_ambiguous,strong_evidence_with_mismatch,location_mismatch_warning,mountain=八幡山(#377); candidate=summit-candidate:86e4db352b85ced4; ref_score=0.557; ref_rank=2; loc_level=boundary_tolerated_mismatch; priority=high; priority_reasons=strong_evidence_with_mismatch
377,八幡山,summit-candidate:afc2e407c1d6b464,yamap_2025-02-09_09_27.gpx,大頭山,260.3866666666667,212,48.39,0.506,3,4,0.051,false,false,medium,high,high,check_location_warning,boundary_tolerated_mismatch,,大島,,"吉海町福田, 宮山, 今治市, 愛媛県, 794-8511, 日本",multiple_candidates_for_mountain|multiple_mountains_for_candidate|missing_csv_coordinate|location_mismatch_warning|activity_link_ambiguous,strong_evidence_with_mismatch,location_mismatch_warning,mountain=八幡山(#377); candidate=summit-candidate:afc2e407c1d6b464; ref_score=0.506; ref_rank=3; loc_level=boundary_tolerated_mismatch; priority=high; priority_reasons=strong_evidence_with_mismatch
378,要害山,summit-candidate:0005c0040c7c7966,yamap_2025-02-11_08_43.gpx,要害山,92.21,107,14.79,0.7365,1,1,0.102,true,true,medium,high,medium,accept_candidate_after_map_check,exact_municipality_match,松山市,,松山市,"松山北条バイパス, 堀江町, 松山市, 愛媛県, 799-2651, 日本",multiple_candidates_for_mountain|multiple_mountains_for_candidate|missing_csv_coordinate|activity_link_ambiguous,top_1_but_ambiguous,clear_mutual_top1,mountain=要害山(#378); candidate=summit-candidate:0005c0040c7c7966; ref_score=0.7365; ref_rank=1; loc_level=exact_municipality_match; priority=high; priority_reasons=top_1_but_ambiguous
378,要害山,summit-candidate:a0b87feaf88e526d,yamap_2025-02-11_09_46.gpx,高穴山,282.46000000000004,107,175.46,0.6345,2,2,0.1445,false,true,medium,medium,low,low_priority,exact_municipality_match,松山市,,松山市,"湯山高縄北条線, 横谷, 松山市, 愛媛県, 日本",multiple_candidates_for_mountain|multiple_mountains_for_candidate|weak_elevation_evidence|missing_csv_coordinate|activity_link_ambiguous,top_3_with_evidence,low_priority_alternative,mountain=要害山(#378); candidate=summit-candidate:a0b87feaf88e526d; ref_score=0.6345; ref_rank=2; loc_level=exact_municipality_match; priority=medium; priority_reasons=top_3_with_evidence
378,要害山,summit-candidate:2011a6c909945d6f,yamap_2026-04-12_11_03.gpx,権現山,102.87,107,4.13,0.49,3,7,0,false,false,low,high,high,resolve_conflict,exact_municipality_match,松山市,,松山市,"弁天山トンネル, 北斎院町, 松山市, 愛媛県, 791-8031, 日本",multiple_candidates_for_mountain|multiple_mountains_for_candidate|weak_name_evidence|missing_csv_coordinate,top_candidate_for_multiple_mountains,shared_candidate,mountain=要害山(#378); candidate=summit-candidate:2011a6c909945d6f; ref_score=0.49; ref_rank=3; loc_level=exact_municipality_match; priority=high; priority_reasons=top_candidate_for_multiple_mountains
379,高穴山,summit-candidate:a0b87feaf88e526d,yamap_2025-02-11_09_46.gpx,高穴山,282.46000000000004,292,9.54,0.7875,1,1,0.153,true,true,medium,high,medium,accept_candidate_after_map_check,exact_municipality_match,松山市,,松山市,"湯山高縄北条線, 横谷, 松山市, 愛媛県, 日本",multiple_candidates_for_mountain|multiple_mountains_for_candidate|missing_csv_coordinate|activity_link_ambiguous,top_1_but_ambiguous,clear_mutual_top1,mountain=高穴山(#379); candidate=summit-candidate:a0b87feaf88e526d; ref_score=0.7875; ref_rank=1; loc_level=exact_municipality_match; priority=high; priority_reasons=top_1_but_ambiguous
379,高穴山,summit-candidate:0005c0040c7c7966,yamap_2025-02-11_08_43.gpx,要害山,92.21,292,199.79,0.6345,2,2,0.1445,false,true,medium,medium,low,low_priority,exact_municipality_match,松山市,,松山市,"松山北条バイパス, 堀江町, 松山市, 愛媛県, 799-2651, 日本",multiple_candidates_for_mountain|multiple_mountains_for_candidate|weak_elevation_evidence|missing_csv_coordinate|activity_link_ambiguous,top_3_with_evidence,low_priority_alternative,mountain=高穴山(#379); candidate=summit-candidate:0005c0040c7c7966; ref_score=0.6345; ref_rank=2; loc_level=exact_municipality_match; priority=medium; priority_reasons=top_3_with_evidence
379,高穴山,summit-candidate:40260be41579ab8f,yamap_2022-01-28_12_28.gpx,尾ノ峰・新城山・腰折山・恵良山,299.12666666666667,292,7.13,0.49,3,7,0,false,false,low,medium,low,low_priority,exact_municipality_match,松山市,,松山市,"浅海原, 松山市, 愛媛県, 799-2401, 日本",multiple_candidates_for_mountain|multiple_mountains_for_candidate|weak_name_evidence|missing_csv_coordinate,top_3_with_evidence,low_priority_alternative,mountain=高穴山(#379); candidate=summit-candidate:40260be41579ab8f; ref_score=0.49; ref_rank=3; loc_level=exact_municipality_match; priority=medium; priority_reasons=top_3_with_evidence
380,高仙山,summit-candidate:3807e62715de33f9,yamap_2025-02-11_13_28.gpx,高仙山,240.99666666666667,248,7,0.7875,1,1,0.2815,true,true,medium,high,medium,accept_candidate_after_map_check,exact_municipality_match,今治市,,今治市,"高仙山城跡, 越智西部広域農道, 菊間町種, 今治市, 愛媛県, 794-8511, 日本",multiple_candidates_for_mountain|multiple_mountains_for_candidate|missing_csv_coordinate|activity_link_ambiguous,top_1_but_ambiguous,clear_mutual_top1,mountain=高仙山(#380); candidate=summit-candidate:3807e62715de33f9; ref_score=0.7875; ref_rank=1; loc_level=exact_municipality_match; priority=high; priority_reasons=top_1_but_ambiguous
380,高仙山,summit-candidate:a0b87feaf88e526d,yamap_2025-02-11_09_46.gpx,高穴山,282.46000000000004,248,34.46,0.506,2,3,0.016,false,true,medium,high,high,check_location_warning,boundary_tolerated_mismatch,今治市,,,"湯山高縄北条線, 横谷, 松山市, 愛媛県, 日本",multiple_candidates_for_mountain|multiple_mountains_for_candidate|missing_csv_coordinate|location_mismatch_warning|activity_link_ambiguous,strong_evidence_with_mismatch,location_mismatch_warning,mountain=高仙山(#380); candidate=summit-candidate:a0b87feaf88e526d; ref_score=0.506; ref_rank=2; loc_level=boundary_tolerated_mismatch; priority=high; priority_reasons=strong_evidence_with_mismatch
380,高仙山,summit-candidate:8251283605282249,yamap_2022-09-26_12_07.gpx,三本榎,246.47333333333336,248,1.53,0.49,3,4,0,false,false,low,medium,low,low_priority,exact_municipality_match,今治市,,今治市,"洲元, 今治市, 愛媛県, 794-8511, 日本",multiple_candidates_for_mountain|multiple_mountains_for_candidate|weak_name_evidence|missing_csv_coordinate|activity_link_ambiguous,top_3_with_evidence,low_priority_alternative,mountain=高仙山(#380); candidate=summit-candidate:8251283605282249; ref_score=0.49; ref_rank=3; loc_level=exact_municipality_match; priority=medium; priority_reasons=top_3_with_evidence
381,霊仙山,summit-candidate:47b61397fb9c5d3f,yamap_2025-02-24_10_12.gpx,霊仙山,152.43333333333337,156,3.57,0.7875,1,1,0.153,true,true,medium,high,high,resolve_conflict,exact_municipality_match,今治市,,今治市,"旦, 今治市, 愛媛県, 794-8511, 日本",multiple_candidates_for_mountain|multiple_mountains_for_candidate|missing_csv_coordinate|activity_link_ambiguous,top_1_but_ambiguous|top_candidate_for_multiple_mountains,shared_candidate,"mountain=霊仙山(#381); candidate=summit-candidate:47b61397fb9c5d3f; ref_score=0.7875; ref_rank=1; loc_level=exact_municipality_match; priority=high; priority_reasons=top_1_but_ambiguous,top_candidate_for_multiple_mountains"
381,霊仙山,summit-candidate:0f09bdcc25daff65,yamap_2025-02-24_07_30.gpx,無宗天山,311.96,156,155.96,0.6345,2,2,0.1445,false,true,medium,medium,low,low_priority,exact_municipality_match,今治市,,今治市,"今治市, 愛媛県, 794-8511, 日本",multiple_candidates_for_mountain|multiple_mountains_for_candidate|weak_elevation_evidence|missing_csv_coordinate|activity_link_ambiguous,top_3_with_evidence,low_priority_alternative,mountain=霊仙山(#381); candidate=summit-candidate:0f09bdcc25daff65; ref_score=0.6345; ref_rank=2; loc_level=exact_municipality_match; priority=medium; priority_reasons=top_3_with_evidence
381,霊仙山,summit-candidate:a92a94d8b5e0fb90,yamap_2022-06-20_12_02.gpx,安神山・鷲ヶ頭山,156.04151443047127,156,0.04,0.49,3,5,0.051,false,false,low,medium,low,low_priority,exact_municipality_match,今治市,,今治市,"十却橋, 大三島町宮浦, 下条, 今治市, 愛媛県, 794-1402, 日本",multiple_candidates_for_mountain|multiple_mountains_for_candidate|weak_name_evidence|missing_csv_coordinate,top_3_with_evidence,low_priority_alternative,mountain=霊仙山(#381); candidate=summit-candidate:a92a94d8b5e0fb90; ref_score=0.49; ref_rank=3; loc_level=exact_municipality_match; priority=medium; priority_reasons=top_3_with_evidence
382,若いもん山,summit-candidate:47b61397fb9c5d3f,yamap_2025-02-24_10_12.gpx,霊仙山,152.43333333333337,127,25.43,0.7365,1,2,0.102,false,true,medium,high,high,resolve_conflict,exact_municipality_match,今治市,,今治市,"旦, 今治市, 愛媛県, 794-8511, 日本",multiple_candidates_for_mountain|multiple_mountains_for_candidate|missing_csv_coordinate|activity_link_ambiguous,top_1_but_ambiguous|top_candidate_for_multiple_mountains,shared_candidate|not_mutual_top1,"mountain=若いもん山(#382); candidate=summit-candidate:47b61397fb9c5d3f; ref_score=0.7365; ref_rank=1; loc_level=exact_municipality_match; priority=high; priority_reasons=top_1_but_ambiguous,top_candidate_for_multiple_mountains"
382,若いもん山,summit-candidate:0f09bdcc25daff65,yamap_2025-02-24_07_30.gpx,無宗天山,311.96,127,184.96,0.6345,2,3,0.1445,false,true,medium,medium,low,low_priority,exact_municipality_match,今治市,,今治市,"今治市, 愛媛県, 794-8511, 日本",multiple_candidates_for_mountain|multiple_mountains_for_candidate|weak_elevation_evidence|missing_csv_coordinate|activity_link_ambiguous,top_3_with_evidence,low_priority_alternative,mountain=若いもん山(#382); candidate=summit-candidate:0f09bdcc25daff65; ref_score=0.6345; ref_rank=2; loc_level=exact_municipality_match; priority=medium; priority_reasons=top_3_with_evidence
382,若いもん山,summit-candidate:101c1b0635c0bec0,yamap_2022-12-25_10_09.gpx,高山,131.66666666666666,127,4.67,0.49,3,9,0.051,false,false,low,high,high,resolve_conflict,exact_municipality_match,今治市,,今治市,"波方町馬刀潟, 今治市, 愛媛県, 794-8511, 日本",multiple_candidates_for_mountain|multiple_mountains_for_candidate|weak_name_evidence|missing_csv_coordinate|activity_link_ambiguous,top_candidate_for_multiple_mountains,shared_candidate,mountain=若いもん山(#382); candidate=summit-candidate:101c1b0635c0bec0; ref_score=0.49; ref_rank=3; loc_level=exact_municipality_match; priority=high; priority_reasons=top_candidate_for_multiple_mountains
383,無宗天山,summit-candidate:0f09bdcc25daff65,yamap_2025-02-24_07_30.gpx,無宗天山,311.96,313,1.04,0.7875,1,1,0.153,true,true,medium,high,medium,accept_candidate_after_map_check,exact_municipality_match,今治市,,今治市,"今治市, 愛媛県, 794-8511, 日本",multiple_candidates_for_mountain|multiple_mountains_for_candidate|missing_csv_coordinate|activity_link_ambiguous,top_1_but_ambiguous,clear_mutual_top1,mountain=無宗天山(#383); candidate=summit-candidate:0f09bdcc25daff65; ref_score=0.7875; ref_rank=1; loc_level=exact_municipality_match; priority=high; priority_reasons=top_1_but_ambiguous
383,無宗天山,summit-candidate:47b61397fb9c5d3f,yamap_2025-02-24_10_12.gpx,霊仙山,152.43333333333337,313,160.57,0.6345,2,3,0.1955,false,true,medium,high,high,resolve_conflict,exact_municipality_match,今治市,,今治市,"旦, 今治市, 愛媛県, 794-8511, 日本",multiple_candidates_for_mountain|multiple_mountains_for_candidate|weak_elevation_evidence|missing_csv_coordinate|activity_link_ambiguous,top_candidate_for_multiple_mountains,shared_candidate,mountain=無宗天山(#383); candidate=summit-candidate:47b61397fb9c5d3f; ref_score=0.6345; ref_rank=2; loc_level=exact_municipality_match; priority=high; priority_reasons=top_candidate_for_multiple_mountains
383,無宗天山,summit-candidate:468c5bbccd8aba53,yamap_2024-01-27_13_31.gpx,宝股山,300.6033333333333,313,12.4,0.439,3,8,0,false,false,low,high,high,resolve_conflict,exact_municipality_match,今治市,,今治市,"伯方町叶浦, 寺山, 今治市, 愛媛県, 794-8511, 日本",multiple_candidates_for_mountain|multiple_mountains_for_candidate|weak_name_evidence|missing_csv_coordinate|activity_link_ambiguous,top_candidate_for_multiple_mountains,shared_candidate,mountain=無宗天山(#383); candidate=summit-candidate:468c5bbccd8aba53; ref_score=0.439; ref_rank=3; loc_level=exact_municipality_match; priority=high; priority_reasons=top_candidate_for_multiple_mountains
384,綱付山,summit-candidate:f19fd681c4c84753,yamap_2025-02-28_07_34.gpx,綱付山・幻城上城,516.7233333333334,519,2.28,0.7875,1,1,0.102,true,true,medium,high,medium,accept_candidate_after_map_check,exact_municipality_match,西条市,,西条市,"小松町新屋敷, 西条市, 愛媛県, 799-1199, 日本",multiple_candidates_for_mountain|multiple_mountains_for_candidate|missing_csv_coordinate|activity_link_ambiguous,top_1_but_ambiguous,clear_mutual_top1,mountain=綱付山(#384); candidate=summit-candidate:f19fd681c4c84753; ref_score=0.7875; ref_rank=1; loc_level=exact_municipality_match; priority=high; priority_reasons=top_1_but_ambiguous
384,綱付山,summit-candidate:e4f762179d85915d,yamap_2025-02-28_07_34.gpx,綱付山・幻城上城,477.85999999999996,519,41.14,0.6855,2,2,0.051,false,true,medium,medium,low,low_priority,exact_municipality_match,西条市,,西条市,"西条市, 愛媛県, 日本",multiple_candidates_for_mountain|multiple_mountains_for_candidate|missing_csv_coordinate|activity_link_ambiguous,top_3_with_evidence,low_priority_alternative,mountain=綱付山(#384); candidate=summit-candidate:e4f762179d85915d; ref_score=0.6855; ref_rank=2; loc_level=exact_municipality_match; priority=medium; priority_reasons=top_3_with_evidence
384,綱付山,summit-candidate:2129bbc9c3950a91,yamap_2025-02-28_10_24.gpx,幻城下城,243.64333333333335,519,275.36,0.6345,3,2,0.324,false,true,medium,medium,low,low_priority,exact_municipality_match,西条市,,西条市,"小松町新屋敷, 西条市, 愛媛県, 799-1199, 日本",multiple_candidates_for_mountain|multiple_mountains_for_candidate|weak_elevation_evidence|missing_csv_coordinate|activity_link_ambiguous,top_3_with_evidence,low_priority_alternative,mountain=綱付山(#384); candidate=summit-candidate:2129bbc9c3950a91; ref_score=0.6345; ref_rank=3; loc_level=exact_municipality_match; priority=medium; priority_reasons=top_3_with_evidence
385,幻城上城,summit-candidate:e4f762179d85915d,yamap_2025-02-28_07_34.gpx,綱付山・幻城上城,477.85999999999996,479,1.14,0.7875,1,1,0.102,true,true,medium,high,medium,accept_candidate_after_map_check,exact_municipality_match,西条市,,西条市,"西条市, 愛媛県, 日本",multiple_candidates_for_mountain|multiple_mountains_for_candidate|missing_csv_coordinate|activity_link_ambiguous,top_1_but_ambiguous,clear_mutual_top1,mountain=幻城上城(#385); candidate=summit-candidate:e4f762179d85915d; ref_score=0.7875; ref_rank=1; loc_level=exact_municipality_match; priority=high; priority_reasons=top_1_but_ambiguous
385,幻城上城,summit-candidate:f19fd681c4c84753,yamap_2025-02-28_07_34.gpx,綱付山・幻城上城,516.7233333333334,479,37.72,0.6855,2,2,0.051,false,true,medium,medium,low,low_priority,exact_municipality_match,西条市,,西条市,"小松町新屋敷, 西条市, 愛媛県, 799-1199, 日本",multiple_candidates_for_mountain|multiple_mountains_for_candidate|missing_csv_coordinate|activity_link_ambiguous,top_3_with_evidence,low_priority_alternative,mountain=幻城上城(#385); candidate=summit-candidate:f19fd681c4c84753; ref_score=0.6855; ref_rank=2; loc_level=exact_municipality_match; priority=medium; priority_reasons=top_3_with_evidence
385,幻城上城,summit-candidate:2129bbc9c3950a91,yamap_2025-02-28_10_24.gpx,幻城下城,243.64333333333335,479,235.36,0.6345,3,3,0.324,false,true,medium,medium,low,low_priority,exact_municipality_match,西条市,,西条市,"小松町新屋敷, 西条市, 愛媛県, 799-1199, 日本",multiple_candidates_for_mountain|multiple_mountains_for_candidate|weak_elevation_evidence|missing_csv_coordinate|activity_link_ambiguous,top_3_with_evidence,low_priority_alternative,mountain=幻城上城(#385); candidate=summit-candidate:2129bbc9c3950a91; ref_score=0.6345; ref_rank=3; loc_level=exact_municipality_match; priority=medium; priority_reasons=top_3_with_evidence
386,幻城下城,summit-candidate:2129bbc9c3950a91,yamap_2025-02-28_10_24.gpx,幻城下城,243.64333333333335,245,1.36,0.7875,1,1,0.153,true,true,medium,high,medium,accept_candidate_after_map_check,exact_municipality_match,西条市,,西条市,"小松町新屋敷, 西条市, 愛媛県, 799-1199, 日本",multiple_candidates_for_mountain|multiple_mountains_for_candidate|missing_csv_coordinate|activity_link_ambiguous,top_1_but_ambiguous,clear_mutual_top1,mountain=幻城下城(#386); candidate=summit-candidate:2129bbc9c3950a91; ref_score=0.7875; ref_rank=1; loc_level=exact_municipality_match; priority=high; priority_reasons=top_1_but_ambiguous
386,幻城下城,summit-candidate:e4f762179d85915d,yamap_2025-02-28_07_34.gpx,綱付山・幻城上城,477.85999999999996,245,232.86,0.6345,2,3,0,false,true,medium,medium,low,low_priority,exact_municipality_match,西条市,,西条市,"西条市, 愛媛県, 日本",multiple_candidates_for_mountain|multiple_mountains_for_candidate|weak_elevation_evidence|missing_csv_coordinate|activity_link_ambiguous,top_3_with_evidence,low_priority_alternative,mountain=幻城下城(#386); candidate=summit-candidate:e4f762179d85915d; ref_score=0.6345; ref_rank=2; loc_level=exact_municipality_match; priority=medium; priority_reasons=top_3_with_evidence
386,幻城下城,summit-candidate:f19fd681c4c84753,yamap_2025-02-28_07_34.gpx,綱付山・幻城上城,516.7233333333334,245,271.72,0.6345,3,3,0.324,false,true,medium,medium,low,low_priority,exact_municipality_match,西条市,,西条市,"小松町新屋敷, 西条市, 愛媛県, 799-1199, 日本",multiple_candidates_for_mountain|multiple_mountains_for_candidate|weak_elevation_evidence|missing_csv_coordinate|activity_link_ambiguous,top_3_with_evidence,low_priority_alternative,mountain=幻城下城(#386); candidate=summit-candidate:f19fd681c4c84753; ref_score=0.6345; ref_rank=3; loc_level=exact_municipality_match; priority=medium; priority_reasons=top_3_with_evidence
387,階上山,summit-candidate:276fed5ecb7b3eb4,yamap_2025-03-02_13_17.gpx,階上山,893.9066666666668,898,4.09,0.7875,1,1,0.357,true,true,medium,high,medium,accept_candidate_after_map_check,exact_municipality_match,伊予市,,伊予市,"中山町栗田, 伊予市, 愛媛県, 791-2133, 日本",multiple_candidates_for_mountain|multiple_mountains_for_candidate|missing_csv_coordinate,top_1_but_ambiguous,clear_mutual_top1,mountain=階上山(#387); candidate=summit-candidate:276fed5ecb7b3eb4; ref_score=0.7875; ref_rank=1; loc_level=exact_municipality_match; priority=high; priority_reasons=top_1_but_ambiguous
387,階上山,summit-candidate:a0ef25e9a532b62e,yamap_2022-02-06_08_26.gpx,谷上山・権現山・白滝山・障子山,888.5027304594954,898,9.5,0.4305,2,14,0.12,false,false,low,high,high,resolve_conflict,exact_municipality_match,伊予市,,伊予,"鵜崎, 砥部町, 伊予郡, 愛媛県, 791-2133, 日本",multiple_candidates_for_mountain|multiple_mountains_for_candidate|weak_name_evidence|missing_csv_coordinate|location_mismatch_warning,top_candidate_for_multiple_mountains,shared_candidate,mountain=階上山(#387); candidate=summit-candidate:a0ef25e9a532b62e; ref_score=0.4305; ref_rank=2; loc_level=exact_municipality_match; priority=high; priority_reasons=top_candidate_for_multiple_mountains
387,階上山,summit-candidate:3111fcf6a23addd2,yamap_2022-08-27_06_05.gpx,北三方ヶ森,905.61,898,7.61,0.3105,3,5,0,false,false,low,high,high,check_location_warning,boundary_tolerated_mismatch,伊予市,,,"今治市, 愛媛県, 794-8511, 日本",multiple_candidates_for_mountain|multiple_mountains_for_candidate|weak_name_evidence|missing_csv_coordinate|location_mismatch_warning,strong_evidence_with_mismatch,location_mismatch_warning,mountain=階上山(#387); candidate=summit-candidate:3111fcf6a23addd2; ref_score=0.3105; ref_rank=3; loc_level=boundary_tolerated_mismatch; priority=high; priority_reasons=strong_evidence_with_mismatch
388,姫政山,summit-candidate:d456af62868c5044,yamap_2025-03-10_08_18.gpx,姫政山,268.5833333333333,277,8.42,0.608,1,1,0.048,true,true,medium,high,high,check_location_warning,boundary_tolerated_mismatch,,大島,,"吉海町名, 永地, 今治市, 愛媛県, 794-8511, 日本",multiple_candidates_for_mountain|multiple_mountains_for_candidate|missing_csv_coordinate|location_mismatch_warning|activity_link_ambiguous,top_1_but_ambiguous|strong_evidence_with_mismatch,location_mismatch_warning,"mountain=姫政山(#388); candidate=summit-candidate:d456af62868c5044; ref_score=0.608; ref_rank=1; loc_level=boundary_tolerated_mismatch; priority=high; priority_reasons=top_1_but_ambiguous,strong_evidence_with_mismatch"
388,姫政山,summit-candidate:6b836f5beefdd52c,yamap_2025-03-10_10_25.gpx,館山,218.65,277,58.35,0.56,2,2,0.1445,false,true,low,medium,low,low_priority,island_text_match,,大島,大島,"千年松, 県道大島環状線, 吉海町臥間, 下田水, 今治市, 愛媛県, 794-8511, 日本",multiple_candidates_for_mountain|multiple_mountains_for_candidate|weak_elevation_evidence|missing_csv_coordinate|location_mismatch_warning|activity_link_ambiguous,top_3_with_evidence,low_priority_alternative,mountain=姫政山(#388); candidate=summit-candidate:6b836f5beefdd52c; ref_score=0.56; ref_rank=2; loc_level=island_text_match; priority=medium; priority_reasons=top_3_with_evidence
388,姫政山,summit-candidate:98457196a66e294d,yamap_2025-03-20_08_27.gpx,高山・大里山・泰ノ山,282.75666666666666,277,5.76,0.4155,3,14,0,false,false,low,medium,low,low_priority,island_text_match,,大島,大,"中島大浦, 松山市, 愛媛県, 791-4599, 日本",multiple_candidates_for_mountain|multiple_mountains_for_candidate|weak_name_evidence|missing_csv_coordinate|location_mismatch_warning,top_3_with_evidence,low_priority_alternative,mountain=姫政山(#388); candidate=summit-candidate:98457196a66e294d; ref_score=0.4155; ref_rank=3; loc_level=island_text_match; priority=medium; priority_reasons=top_3_with_evidence
389,館山,summit-candidate:6b836f5beefdd52c,yamap_2025-03-10_10_25.gpx,館山,218.65,230,11.35,0.662,1,1,0.156,true,true,medium,high,medium,accept_candidate_after_map_check,island_text_match,,大島,大島,"千年松, 県道大島環状線, 吉海町臥間, 下田水, 今治市, 愛媛県, 794-8511, 日本",multiple_candidates_for_mountain|multiple_mountains_for_candidate|missing_csv_coordinate|location_mismatch_warning|activity_link_ambiguous,top_1_but_ambiguous,clear_mutual_top1,mountain=館山(#389); candidate=summit-candidate:6b836f5beefdd52c; ref_score=0.662; ref_rank=1; loc_level=island_text_match; priority=high; priority_reasons=top_1_but_ambiguous
389,館山,summit-candidate:d456af62868c5044,yamap_2025-03-10_08_18.gpx,姫政山,268.5833333333333,230,38.58,0.506,2,2,0.0905,false,true,medium,high,high,check_location_warning,boundary_tolerated_mismatch,,大島,,"吉海町名, 永地, 今治市, 愛媛県, 794-8511, 日本",multiple_candidates_for_mountain|multiple_mountains_for_candidate|missing_csv_coordinate|location_mismatch_warning|activity_link_ambiguous,strong_evidence_with_mismatch,location_mismatch_warning,mountain=館山(#389); candidate=summit-candidate:d456af62868c5044; ref_score=0.506; ref_rank=2; loc_level=boundary_tolerated_mismatch; priority=high; priority_reasons=strong_evidence_with_mismatch
389,館山,summit-candidate:7c680b0eed0187fa,yamap_2022-03-12_09_19.gpx,道後山,221.10333333333332,230,8.9,0.4155,3,14,0.051,false,false,low,medium,low,low_priority,island_text_match,,大島,大,"石手一丁目, 常光寺町, 松山市, 愛媛県, 790-0838, 日本",multiple_candidates_for_mountain|multiple_mountains_for_candidate|weak_name_evidence|missing_csv_coordinate|location_mismatch_warning|activity_link_ambiguous,top_3_with_evidence,low_priority_alternative,mountain=館山(#389); candidate=summit-candidate:7c680b0eed0187fa; ref_score=0.4155; ref_rank=3; loc_level=island_text_match; priority=medium; priority_reasons=top_3_with_evidence
390,高森山,summit-candidate:682d61b87016166b,yamap_2025-03-17_13_17.gpx,高森山,307.18333333333334,309,1.82,0.7875,1,1,0.153,true,true,medium,high,medium,accept_candidate_after_map_check,exact_municipality_match,内子町,,内子町,"知清, 内子町, 喜多郡, 愛媛県, 791-3399, 日本",multiple_candidates_for_mountain|multiple_mountains_for_candidate|missing_csv_coordinate|activity_link_ambiguous,top_1_but_ambiguous,clear_mutual_top1,mountain=高森山(#390); candidate=summit-candidate:682d61b87016166b; ref_score=0.7875; ref_rank=1; loc_level=exact_municipality_match; priority=high; priority_reasons=top_1_but_ambiguous
390,高森山,summit-candidate:230b9847a05c8052,yamap_2025-03-17_14_08.gpx,大登山,362.42333333333335,309,53.42,0.6345,2,2,0,false,true,medium,medium,low,low_priority,exact_municipality_match,内子町,,内子町,"宿間, 内子町, 喜多郡, 愛媛県, 795-0301, 日本",multiple_candidates_for_mountain|multiple_mountains_for_candidate|weak_elevation_evidence|missing_csv_coordinate|activity_link_ambiguous,top_3_with_evidence,low_priority_alternative,mountain=高森山(#390); candidate=summit-candidate:230b9847a05c8052; ref_score=0.6345; ref_rank=2; loc_level=exact_municipality_match; priority=medium; priority_reasons=top_3_with_evidence
390,高森山,summit-candidate:7a8dca9b423536f5,yamap_2026-02-22_07_32.gpx,高森山・町木山・寒台山・鎧掛山,836.1037770875326,309,527.1,0.6345,3,1,0.0265,false,true,medium,high,high,resolve_conflict,exact_municipality_match,内子町,,内子町,"内子町, 喜多郡, 愛媛県, 日本",multiple_candidates_for_mountain|multiple_mountains_for_candidate|weak_elevation_evidence|missing_csv_coordinate|activity_link_ambiguous,top_candidate_for_multiple_mountains,shared_candidate,mountain=高森山(#390); candidate=summit-candidate:7a8dca9b423536f5; ref_score=0.6345; ref_rank=3; loc_level=exact_municipality_match; priority=high; priority_reasons=top_candidate_for_multiple_mountains
391,大登山,summit-candidate:230b9847a05c8052,yamap_2025-03-17_14_08.gpx,大登山,362.42333333333335,364,1.58,0.7875,1,1,0.153,true,true,medium,high,medium,accept_candidate_after_map_check,exact_municipality_match,内子町,,内子町,"宿間, 内子町, 喜多郡, 愛媛県, 795-0301, 日本",multiple_candidates_for_mountain|multiple_mountains_for_candidate|missing_csv_coordinate|activity_link_ambiguous,top_1_but_ambiguous,clear_mutual_top1,mountain=大登山(#391); candidate=summit-candidate:230b9847a05c8052; ref_score=0.7875; ref_rank=1; loc_level=exact_municipality_match; priority=high; priority_reasons=top_1_but_ambiguous
391,大登山,summit-candidate:682d61b87016166b,yamap_2025-03-17_13_17.gpx,高森山,307.18333333333334,364,56.82,0.6345,2,2,0.1445,false,true,medium,medium,low,low_priority,exact_municipality_match,内子町,,内子町,"知清, 内子町, 喜多郡, 愛媛県, 791-3399, 日本",multiple_candidates_for_mountain|multiple_mountains_for_candidate|weak_elevation_evidence|missing_csv_coordinate|activity_link_ambiguous,top_3_with_evidence,low_priority_alternative,mountain=大登山(#391); candidate=summit-candidate:682d61b87016166b; ref_score=0.6345; ref_rank=2; loc_level=exact_municipality_match; priority=medium; priority_reasons=top_3_with_evidence
391,大登山,summit-candidate:c6ea08c2953b4cb8,yamap_2026-03-04_09_46.gpx,愛宕山,369.3233333333333,364,5.32,0.49,3,3,0.1795,false,true,low,medium,low,low_priority,exact_municipality_match,内子町,,内子町,"内子町, 喜多郡, 愛媛県, 791-3521, 日本",multiple_candidates_for_mountain|multiple_mountains_for_candidate|weak_name_evidence|missing_csv_coordinate|activity_link_ambiguous,top_3_with_evidence,low_priority_alternative,mountain=大登山(#391); candidate=summit-candidate:c6ea08c2953b4cb8; ref_score=0.49; ref_rank=3; loc_level=exact_municipality_match; priority=medium; priority_reasons=top_3_with_evidence
392,高山,summit-candidate:c9aa57cdeb1b49fa,yamap_2025-03-20_08_27.gpx,高山・大里山・泰ノ山,105.34333333333332,149,43.66,0.611,1,2,0.051,false,true,medium,high,high,resolve_conflict,island_text_match,,中島,中島,"中島大浦, 松山市, 愛媛県, 791-4599, 日本",multiple_candidates_for_mountain|multiple_mountains_for_candidate|missing_csv_coordinate|location_mismatch_warning,top_1_but_ambiguous,not_mutual_top1,mountain=高山(#392); candidate=summit-candidate:c9aa57cdeb1b49fa; ref_score=0.611; ref_rank=1; loc_level=island_text_match; priority=high; priority_reasons=top_1_but_ambiguous
392,高山,summit-candidate:98457196a66e294d,yamap_2025-03-20_08_27.gpx,高山・大里山・泰ノ山,282.75666666666666,149,133.76,0.56,2,4,0,false,false,low,medium,low,low_priority,island_text_match,,中島,中島,"中島大浦, 松山市, 愛媛県, 791-4599, 日本",multiple_candidates_for_mountain|multiple_mountains_for_candidate|weak_elevation_evidence|missing_csv_coordinate|location_mismatch_warning,top_3_with_evidence,low_priority_alternative,mountain=高山(#392); candidate=summit-candidate:98457196a66e294d; ref_score=0.56; ref_rank=2; loc_level=island_text_match; priority=medium; priority_reasons=top_3_with_evidence
392,高山,summit-candidate:fe8f624bdaa57afd,yamap_2025-03-20_08_27.gpx,高山・大里山・泰ノ山,288.9433333333333,149,139.94,0.56,3,4,0.003,false,false,low,medium,low,low_priority,island_text_match,,中島,中島,"熊田, 松山市, 愛媛県, 791-4508, 日本",multiple_candidates_for_mountain|multiple_mountains_for_candidate|weak_elevation_evidence|missing_csv_coordinate|location_mismatch_warning,top_3_with_evidence,low_priority_alternative,mountain=高山(#392); candidate=summit-candidate:fe8f624bdaa57afd; ref_score=0.56; ref_rank=3; loc_level=island_text_match; priority=medium; priority_reasons=top_3_with_evidence
393,泰ノ山,summit-candidate:98457196a66e294d,yamap_2025-03-20_08_27.gpx,高山・大里山・泰ノ山,282.75666666666666,289,6.24,0.713,1,1,0,true,true,medium,high,medium,accept_candidate_after_map_check,island_text_match,,中島,中島,"中島大浦, 松山市, 愛媛県, 791-4599, 日本",multiple_candidates_for_mountain|multiple_mountains_for_candidate|missing_csv_coordinate|location_mismatch_warning,top_1_but_ambiguous,clear_mutual_top1,mountain=泰ノ山(#393); candidate=summit-candidate:98457196a66e294d; ref_score=0.713; ref_rank=1; loc_level=island_text_match; priority=high; priority_reasons=top_1_but_ambiguous
393,泰ノ山,summit-candidate:fe8f624bdaa57afd,yamap_2025-03-20_08_27.gpx,高山・大里山・泰ノ山,288.9433333333333,289,0.06,0.713,2,1,0.153,false,true,medium,medium,high,check_close_alternatives,island_text_match,,中島,中島,"熊田, 松山市, 愛媛県, 791-4508, 日本",multiple_candidates_for_mountain|multiple_mountains_for_candidate|missing_csv_coordinate|location_mismatch_warning,top_3_with_evidence,small_score_gap,mountain=泰ノ山(#393); candidate=summit-candidate:fe8f624bdaa57afd; ref_score=0.713; ref_rank=2; loc_level=island_text_match; priority=medium; priority_reasons=top_3_with_evidence
393,泰ノ山,summit-candidate:c9aa57cdeb1b49fa,yamap_2025-03-20_08_27.gpx,高山・大里山・泰ノ山,105.34333333333332,289,183.66,0.56,3,3,0.105,false,true,low,medium,low,low_priority,island_text_match,,中島,中島,"中島大浦, 松山市, 愛媛県, 791-4599, 日本",multiple_candidates_for_mountain|multiple_mountains_for_candidate|weak_elevation_evidence|missing_csv_coordinate|location_mismatch_warning,top_3_with_evidence,low_priority_alternative,mountain=泰ノ山(#393); candidate=summit-candidate:c9aa57cdeb1b49fa; ref_score=0.56; ref_rank=3; loc_level=island_text_match; priority=medium; priority_reasons=top_3_with_evidence
394,大里山,summit-candidate:fe8f624bdaa57afd,yamap_2025-03-20_08_27.gpx,高山・大里山・泰ノ山,288.9433333333333,296,7.06,0.713,1,2,0.051,false,true,medium,high,high,resolve_conflict,island_text_match,,中島,中島,"熊田, 松山市, 愛媛県, 791-4508, 日本",multiple_candidates_for_mountain|multiple_mountains_for_candidate|missing_csv_coordinate|location_mismatch_warning,top_1_but_ambiguous,not_mutual_top1,mountain=大里山(#394); candidate=summit-candidate:fe8f624bdaa57afd; ref_score=0.713; ref_rank=1; loc_level=island_text_match; priority=high; priority_reasons=top_1_but_ambiguous
394,大里山,summit-candidate:98457196a66e294d,yamap_2025-03-20_08_27.gpx,高山・大里山・泰ノ山,282.75666666666666,296,13.24,0.662,2,2,0.102,false,true,medium,medium,low,low_priority,island_text_match,,中島,中島,"中島大浦, 松山市, 愛媛県, 791-4599, 日本",multiple_candidates_for_mountain|multiple_mountains_for_candidate|missing_csv_coordinate|location_mismatch_warning,top_3_with_evidence,low_priority_alternative,mountain=大里山(#394); candidate=summit-candidate:98457196a66e294d; ref_score=0.662; ref_rank=2; loc_level=island_text_match; priority=medium; priority_reasons=top_3_with_evidence
394,大里山,summit-candidate:c9aa57cdeb1b49fa,yamap_2025-03-20_08_27.gpx,高山・大里山・泰ノ山,105.34333333333332,296,190.66,0.56,3,4,0.105,false,false,low,medium,low,low_priority,island_text_match,,中島,中島,"中島大浦, 松山市, 愛媛県, 791-4599, 日本",multiple_candidates_for_mountain|multiple_mountains_for_candidate|weak_elevation_evidence|missing_csv_coordinate|location_mismatch_warning,top_3_with_evidence,low_priority_alternative,mountain=大里山(#394); candidate=summit-candidate:c9aa57cdeb1b49fa; ref_score=0.56; ref_rank=3; loc_level=island_text_match; priority=medium; priority_reasons=top_3_with_evidence
395,北ヶ森,summit-candidate:dedadc05e5f6d5d5,yamap_2025-03-23_11_12.gpx,北ヶ森・高土の峰,1008.4066666666666,1010,1.59,0.7875,1,1,0.477,true,true,medium,high,high,resolve_conflict,exact_municipality_match,久万高原町,,久万高原町,"久万高原町, 上浮穴郡, 愛媛県, 日本",multiple_candidates_for_mountain|multiple_mountains_for_candidate|missing_csv_coordinate,top_1_but_ambiguous|top_candidate_for_multiple_mountains,shared_candidate,"mountain=北ヶ森(#395); candidate=summit-candidate:dedadc05e5f6d5d5; ref_score=0.7875; ref_rank=1; loc_level=exact_municipality_match; priority=high; priority_reasons=top_1_but_ambiguous,top_candidate_for_multiple_mountains"
395,北ヶ森,summit-candidate:0c2609d9e7e31a00,yamap_2022-10-16_10_19.gpx,楢原山・古権現山・中三方ヶ森,1012.4166666666666,1010,2.42,0.3105,2,17,0,false,false,low,high,high,check_location_warning,boundary_tolerated_mismatch,久万高原町,,,"木地奥林道51線, 今治市, 愛媛県, 794-8511, 日本",multiple_candidates_for_mountain|multiple_mountains_for_candidate|weak_name_evidence|missing_csv_coordinate|location_mismatch_warning,strong_evidence_with_mismatch,location_mismatch_warning,mountain=北ヶ森(#395); candidate=summit-candidate:0c2609d9e7e31a00; ref_score=0.3105; ref_rank=2; loc_level=boundary_tolerated_mismatch; priority=high; priority_reasons=strong_evidence_with_mismatch
395,北ヶ森,summit-candidate:0d5802be6f4a6c6e,yamap_2026-03-01_06_45.gpx,剣ノ山・三傍示山・塩塚峰,1012.1166666666668,1010,2.12,0.3105,3,10,0,false,false,low,high,high,check_location_warning,boundary_tolerated_mismatch,久万高原町,,,"四国中央市, 愛媛県, 779-5337, 日本",multiple_candidates_for_mountain|multiple_mountains_for_candidate|weak_name_evidence|missing_csv_coordinate|location_mismatch_warning,strong_evidence_with_mismatch,location_mismatch_warning,mountain=北ヶ森(#395); candidate=summit-candidate:0d5802be6f4a6c6e; ref_score=0.3105; ref_rank=3; loc_level=boundary_tolerated_mismatch; priority=high; priority_reasons=strong_evidence_with_mismatch
396,高土の峰,summit-candidate:dedadc05e5f6d5d5,yamap_2025-03-23_11_12.gpx,北ヶ森・高土の峰,1008.4066666666666,794,214.41,0.455,1,2,0.016,false,true,low,high,high,resolve_conflict,boundary_tolerated_mismatch,砥部町,,,"久万高原町, 上浮穴郡, 愛媛県, 日本",multiple_candidates_for_mountain|multiple_mountains_for_candidate|weak_elevation_evidence|missing_csv_coordinate|location_mismatch_warning,top_1_but_ambiguous|strong_evidence_with_mismatch|top_candidate_for_multiple_mountains,shared_candidate|not_mutual_top1,"mountain=高土の峰(#396); candidate=summit-candidate:dedadc05e5f6d5d5; ref_score=0.455; ref_rank=1; loc_level=boundary_tolerated_mismatch; priority=high; priority_reasons=top_1_but_ambiguous,strong_evidence_with_mismatch,top_candidate_for_multiple_mountains"
396,高土の峰,summit-candidate:94e39d837730a5c7,yamap_2025-04-04_06_19.gpx,コクゾ峰,822.6366666666667,794,28.64,0.439,2,2,0.1285,false,true,low,medium,high,check_close_alternatives,exact_municipality_match,砥部町,,砥部町,"砥部町, 伊予郡, 愛媛県, 791-2205, 日本",multiple_candidates_for_mountain|multiple_mountains_for_candidate|weak_name_evidence|missing_csv_coordinate,top_3_with_evidence,small_score_gap,mountain=高土の峰(#396); candidate=summit-candidate:94e39d837730a5c7; ref_score=0.439; ref_rank=2; loc_level=exact_municipality_match; priority=medium; priority_reasons=top_3_with_evidence
396,高土の峰,summit-candidate:37c3a34c16599379,yamap_2025-01-26_07_09.gpx,天が森・浄心山・銅が鳴,791.270282533162,794,2.73,0.3105,3,10,0,false,false,low,high,high,check_location_warning,boundary_tolerated_mismatch,砥部町,,,"大洲市, 愛媛県, 799-3462, 日本",multiple_candidates_for_mountain|multiple_mountains_for_candidate|weak_name_evidence|missing_csv_coordinate|location_mismatch_warning,strong_evidence_with_mismatch,location_mismatch_warning,mountain=高土の峰(#396); candidate=summit-candidate:37c3a34c16599379; ref_score=0.3105; ref_rank=3; loc_level=boundary_tolerated_mismatch; priority=high; priority_reasons=strong_evidence_with_mismatch
397,竜王山,summit-candidate:5f3f2f47d84464c4,yamap_2025-03-30_09_12.gpx,一ヶ森,605.2468947172716,460,145.25,0.6345,1,1,0,true,true,medium,high,medium,accept_candidate_after_map_check,exact_municipality_match,西予市,,西予市,"西予市, 愛媛県, 797-1505, 日本",multiple_candidates_for_mountain|multiple_mountains_for_candidate|weak_elevation_evidence|missing_csv_coordinate|activity_link_ambiguous,top_1_but_ambiguous,clear_mutual_top1,mountain=竜王山(#397); candidate=summit-candidate:5f3f2f47d84464c4; ref_score=0.6345; ref_rank=1; loc_level=exact_municipality_match; priority=high; priority_reasons=top_1_but_ambiguous
397,竜王山,summit-candidate:b02ff952b74ca472,yamap_2025-03-30_08_20.gpx,岳山,622.8707379152734,460,162.87,0.6345,2,1,0.0265,false,true,medium,medium,high,check_close_alternatives,exact_municipality_match,西予市,,西予市,"西予市, 愛媛県, 797-1505, 日本",multiple_candidates_for_mountain|multiple_mountains_for_candidate|weak_elevation_evidence|missing_csv_coordinate|activity_link_ambiguous,top_3_with_evidence,small_score_gap,mountain=竜王山(#397); candidate=summit-candidate:b02ff952b74ca472; ref_score=0.6345; ref_rank=2; loc_level=exact_municipality_match; priority=medium; priority_reasons=top_3_with_evidence
397,竜王山,summit-candidate:62d2811f5d1a9f29,yamap_2025-03-30_07_01.gpx,竜王山,459.07666666666665,460,0.92,0.608,3,6,0.118,false,false,medium,high,high,check_close_alternatives,boundary_tolerated_mismatch,西予市,,,"肱川町予子林, 大洲市, 愛媛県, 797-1505, 日本",multiple_candidates_for_mountain|multiple_mountains_for_candidate|missing_csv_coordinate|location_mismatch_warning|activity_link_ambiguous,strong_evidence_with_mismatch,small_score_gap,mountain=竜王山(#397); candidate=summit-candidate:62d2811f5d1a9f29; ref_score=0.608; ref_rank=3; loc_level=boundary_tolerated_mismatch; priority=high; priority_reasons=strong_evidence_with_mismatch
398,岳山,summit-candidate:13aa9354da4eb6d6,yamap_2025-03-30_12_56.gpx,京の森・大迫山,572.4394591518229,606,33.56,0.6855,1,4,0.051,false,false,medium,high,high,resolve_conflict,exact_municipality_match,大洲市,,大洲市,"大洲市, 喜多郡, 愛媛県, 795-0307, 日本",multiple_candidates_for_mountain|multiple_mountains_for_candidate|missing_csv_coordinate|activity_link_ambiguous,top_1_but_ambiguous|top_candidate_for_multiple_mountains,shared_candidate|not_mutual_top1,"mountain=岳山(#398); candidate=summit-candidate:13aa9354da4eb6d6; ref_score=0.6855; ref_rank=1; loc_level=exact_municipality_match; priority=high; priority_reasons=top_1_but_ambiguous,top_candidate_for_multiple_mountains"
398,岳山,summit-candidate:62d2811f5d1a9f29,yamap_2025-03-30_07_01.gpx,竜王山,459.07666666666665,606,146.92,0.6345,2,2,0.0265,false,true,medium,medium,low,low_priority,exact_municipality_match,大洲市,,大洲市,"肱川町予子林, 大洲市, 愛媛県, 797-1505, 日本",multiple_candidates_for_mountain|multiple_mountains_for_candidate|weak_elevation_evidence|missing_csv_coordinate|activity_link_ambiguous,top_3_with_evidence,low_priority_alternative,mountain=岳山(#398); candidate=summit-candidate:62d2811f5d1a9f29; ref_score=0.6345; ref_rank=2; loc_level=exact_municipality_match; priority=medium; priority_reasons=top_3_with_evidence
398,岳山,summit-candidate:5f3f2f47d84464c4,yamap_2025-03-30_09_12.gpx,一ヶ森,605.2468947172716,606,0.75,0.608,3,2,0.051,false,true,medium,high,high,check_location_warning,boundary_tolerated_mismatch,大洲市,,,"西予市, 愛媛県, 797-1505, 日本",multiple_candidates_for_mountain|multiple_mountains_for_candidate|missing_csv_coordinate|location_mismatch_warning|activity_link_ambiguous,strong_evidence_with_mismatch,location_mismatch_warning,mountain=岳山(#398); candidate=summit-candidate:5f3f2f47d84464c4; ref_score=0.608; ref_rank=3; loc_level=boundary_tolerated_mismatch; priority=high; priority_reasons=strong_evidence_with_mismatch
399,一ヶ森,summit-candidate:13aa9354da4eb6d6,yamap_2025-03-30_12_56.gpx,京の森・大迫山,572.4394591518229,597,24.56,0.7365,1,1,0.102,true,true,medium,high,high,resolve_conflict,exact_municipality_match,大洲市,,大洲市,"大洲市, 喜多郡, 愛媛県, 795-0307, 日本",multiple_candidates_for_mountain|multiple_mountains_for_candidate|missing_csv_coordinate|activity_link_ambiguous,top_1_but_ambiguous|top_candidate_for_multiple_mountains,shared_candidate,"mountain=一ヶ森(#399); candidate=summit-candidate:13aa9354da4eb6d6; ref_score=0.7365; ref_rank=1; loc_level=exact_municipality_match; priority=high; priority_reasons=top_1_but_ambiguous,top_candidate_for_multiple_mountains"
399,一ヶ森,summit-candidate:62d2811f5d1a9f29,yamap_2025-03-30_07_01.gpx,竜王山,459.07666666666665,597,137.92,0.6345,2,3,0.0265,false,true,medium,medium,low,low_priority,exact_municipality_match,大洲市,,大洲市,"肱川町予子林, 大洲市, 愛媛県, 797-1505, 日本",multiple_candidates_for_mountain|multiple_mountains_for_candidate|weak_elevation_evidence|missing_csv_coordinate|activity_link_ambiguous,top_3_with_evidence,low_priority_alternative,mountain=一ヶ森(#399); candidate=summit-candidate:62d2811f5d1a9f29; ref_score=0.6345; ref_rank=2; loc_level=exact_municipality_match; priority=medium; priority_reasons=top_3_with_evidence
399,一ヶ森,summit-candidate:5f3f2f47d84464c4,yamap_2025-03-30_09_12.gpx,一ヶ森,605.2468947172716,597,8.25,0.608,3,3,0.051,false,true,medium,high,high,check_location_warning,boundary_tolerated_mismatch,大洲市,,,"西予市, 愛媛県, 797-1505, 日本",multiple_candidates_for_mountain|multiple_mountains_for_candidate|missing_csv_coordinate|location_mismatch_warning|activity_link_ambiguous,strong_evidence_with_mismatch,location_mismatch_warning,mountain=一ヶ森(#399); candidate=summit-candidate:5f3f2f47d84464c4; ref_score=0.608; ref_rank=3; loc_level=boundary_tolerated_mismatch; priority=high; priority_reasons=strong_evidence_with_mismatch
400,愛の森,summit-candidate:62d2811f5d1a9f29,yamap_2025-03-30_07_01.gpx,竜王山,459.07666666666665,466,6.92,0.7875,1,1,0.153,true,true,medium,high,medium,accept_candidate_after_map_check,exact_municipality_match,大洲市,,大洲市,"肱川町予子林, 大洲市, 愛媛県, 797-1505, 日本",multiple_candidates_for_mountain|multiple_mountains_for_candidate|missing_csv_coordinate|activity_link_ambiguous,top_1_but_ambiguous,clear_mutual_top1,mountain=愛の森(#400); candidate=summit-candidate:62d2811f5d1a9f29; ref_score=0.7875; ref_rank=1; loc_level=exact_municipality_match; priority=high; priority_reasons=top_1_but_ambiguous
400,愛の森,summit-candidate:13aa9354da4eb6d6,yamap_2025-03-30_12_56.gpx,京の森・大迫山,572.4394591518229,466,106.44,0.6345,2,5,0.1445,false,false,medium,high,high,resolve_conflict,exact_municipality_match,大洲市,,大洲市,"大洲市, 喜多郡, 愛媛県, 795-0307, 日本",multiple_candidates_for_mountain|multiple_mountains_for_candidate|weak_elevation_evidence|missing_csv_coordinate|activity_link_ambiguous,top_candidate_for_multiple_mountains,shared_candidate,mountain=愛の森(#400); candidate=summit-candidate:13aa9354da4eb6d6; ref_score=0.6345; ref_rank=2; loc_level=exact_municipality_match; priority=high; priority_reasons=top_candidate_for_multiple_mountains
400,愛の森,summit-candidate:3c28b6ebd5a97155,yamap_2024-03-16_13_58.gpx,斎藤山,472.13310176947385,466,6.13,0.49,3,5,0,false,false,low,high,high,resolve_conflict,exact_municipality_match,大洲市,,大洲市,"長浜町穂積, 大洲市, 愛媛県, 799-3499, 日本",multiple_candidates_for_mountain|multiple_mountains_for_candidate|weak_name_evidence|missing_csv_coordinate|activity_link_ambiguous,top_candidate_for_multiple_mountains,shared_candidate,mountain=愛の森(#400); candidate=summit-candidate:3c28b6ebd5a97155; ref_score=0.49; ref_rank=3; loc_level=exact_municipality_match; priority=high; priority_reasons=top_candidate_for_multiple_mountains
401,京の森,summit-candidate:13aa9354da4eb6d6,yamap_2025-03-30_12_56.gpx,京の森・大迫山,572.4394591518229,545,27.44,0.7365,1,2,0.102,false,true,medium,high,high,resolve_conflict,exact_municipality_match,大洲市,,大洲市,"大洲市, 喜多郡, 愛媛県, 795-0307, 日本",multiple_candidates_for_mountain|multiple_mountains_for_candidate|missing_csv_coordinate|activity_link_ambiguous,top_1_but_ambiguous|top_candidate_for_multiple_mountains,shared_candidate|not_mutual_top1,"mountain=京の森(#401); candidate=summit-candidate:13aa9354da4eb6d6; ref_score=0.7365; ref_rank=1; loc_level=exact_municipality_match; priority=high; priority_reasons=top_1_but_ambiguous,top_candidate_for_multiple_mountains"
401,京の森,summit-candidate:62d2811f5d1a9f29,yamap_2025-03-30_07_01.gpx,竜王山,459.07666666666665,545,85.92,0.6345,2,4,0.1795,false,false,medium,medium,low,low_priority,exact_municipality_match,大洲市,,大洲市,"肱川町予子林, 大洲市, 愛媛県, 797-1505, 日本",multiple_candidates_for_mountain|multiple_mountains_for_candidate|weak_elevation_evidence|missing_csv_coordinate|activity_link_ambiguous,top_3_with_evidence,low_priority_alternative,mountain=京の森(#401); candidate=summit-candidate:62d2811f5d1a9f29; ref_score=0.6345; ref_rank=2; loc_level=exact_municipality_match; priority=medium; priority_reasons=top_3_with_evidence
401,京の森,summit-candidate:5f3f2f47d84464c4,yamap_2025-03-30_09_12.gpx,一ヶ森,605.2468947172716,545,60.25,0.455,3,6,0,false,false,low,high,high,check_location_warning,boundary_tolerated_mismatch,大洲市,,,"西予市, 愛媛県, 797-1505, 日本",multiple_candidates_for_mountain|multiple_mountains_for_candidate|weak_elevation_evidence|missing_csv_coordinate|location_mismatch_warning|activity_link_ambiguous,strong_evidence_with_mismatch,location_mismatch_warning,mountain=京の森(#401); candidate=summit-candidate:5f3f2f47d84464c4; ref_score=0.455; ref_rank=3; loc_level=boundary_tolerated_mismatch; priority=high; priority_reasons=strong_evidence_with_mismatch
402,大迫山,summit-candidate:13aa9354da4eb6d6,yamap_2025-03-30_12_56.gpx,京の森・大迫山,572.4394591518229,559,13.44,0.7365,1,3,0.102,false,true,medium,high,high,resolve_conflict,exact_municipality_match,大洲市,,大洲市,"大洲市, 喜多郡, 愛媛県, 795-0307, 日本",multiple_candidates_for_mountain|multiple_mountains_for_candidate|missing_csv_coordinate|activity_link_ambiguous,top_1_but_ambiguous|top_candidate_for_multiple_mountains,shared_candidate|not_mutual_top1,"mountain=大迫山(#402); candidate=summit-candidate:13aa9354da4eb6d6; ref_score=0.7365; ref_rank=1; loc_level=exact_municipality_match; priority=high; priority_reasons=top_1_but_ambiguous,top_candidate_for_multiple_mountains"
402,大迫山,summit-candidate:62d2811f5d1a9f29,yamap_2025-03-30_07_01.gpx,竜王山,459.07666666666665,559,99.92,0.6345,2,5,0.1285,false,false,medium,medium,low,low_priority,exact_municipality_match,大洲市,,大洲市,"肱川町予子林, 大洲市, 愛媛県, 797-1505, 日本",multiple_candidates_for_mountain|multiple_mountains_for_candidate|weak_elevation_evidence|missing_csv_coordinate|activity_link_ambiguous,top_3_with_evidence,low_priority_alternative,mountain=大迫山(#402); candidate=summit-candidate:62d2811f5d1a9f29; ref_score=0.6345; ref_rank=2; loc_level=exact_municipality_match; priority=medium; priority_reasons=top_3_with_evidence
402,大迫山,summit-candidate:5f3f2f47d84464c4,yamap_2025-03-30_09_12.gpx,一ヶ森,605.2468947172716,559,46.25,0.506,3,4,0.051,false,false,medium,high,high,check_location_warning,boundary_tolerated_mismatch,大洲市,,,"西予市, 愛媛県, 797-1505, 日本",multiple_candidates_for_mountain|multiple_mountains_for_candidate|missing_csv_coordinate|location_mismatch_warning|activity_link_ambiguous,strong_evidence_with_mismatch,location_mismatch_warning,mountain=大迫山(#402); candidate=summit-candidate:5f3f2f47d84464c4; ref_score=0.506; ref_rank=3; loc_level=boundary_tolerated_mismatch; priority=high; priority_reasons=strong_evidence_with_mismatch
403,船山,summit-candidate:2a670286f545beb2,yamap_2023-04-09_09_08.gpx,菊ヶ森・餓鬼ヶ森,910.6433333333334,910,0.64,0.49,1,4,0.051,false,false,low,high,high,resolve_conflict,exact_municipality_match,久万高原町,,久万高原町,"久万高原町, 上浮穴郡, 愛媛県, 791-1212, 日本",multiple_candidates_for_mountain|multiple_mountains_for_candidate|weak_name_evidence|missing_csv_coordinate,top_1_but_ambiguous|top_candidate_for_multiple_mountains,shared_candidate|not_mutual_top1,"mountain=船山(#403); candidate=summit-candidate:2a670286f545beb2; ref_score=0.49; ref_rank=1; loc_level=exact_municipality_match; priority=high; priority_reasons=top_1_but_ambiguous,top_candidate_for_multiple_mountains"
403,船山,summit-candidate:46ab73ee0e06e924,yamap_2026-04-11_09_14.gpx,三郷の辻,926.7733333333334,910,16.77,0.439,2,5,0.1285,false,false,low,medium,low,low_priority,exact_municipality_match,久万高原町,,久万高原町,"久万高原町, 上浮穴郡, 愛媛県, 791-1222, 日本",multiple_candidates_for_mountain|multiple_mountains_for_candidate|weak_name_evidence|missing_csv_coordinate,top_3_with_evidence,low_priority_alternative,mountain=船山(#403); candidate=summit-candidate:46ab73ee0e06e924; ref_score=0.439; ref_rank=2; loc_level=exact_municipality_match; priority=medium; priority_reasons=top_3_with_evidence
403,船山,summit-candidate:3111fcf6a23addd2,yamap_2022-08-27_06_05.gpx,北三方ヶ森,905.61,910,4.39,0.3105,3,6,0,false,false,low,high,high,check_location_warning,boundary_tolerated_mismatch,久万高原町,,,"今治市, 愛媛県, 794-8511, 日本",multiple_candidates_for_mountain|multiple_mountains_for_candidate|weak_name_evidence|missing_csv_coordinate|location_mismatch_warning,strong_evidence_with_mismatch,location_mismatch_warning,mountain=船山(#403); candidate=summit-candidate:3111fcf6a23addd2; ref_score=0.3105; ref_rank=3; loc_level=boundary_tolerated_mismatch; priority=high; priority_reasons=strong_evidence_with_mismatch
404,コクゾ峰,summit-candidate:94e39d837730a5c7,yamap_2025-04-04_06_19.gpx,コクゾ峰,822.6366666666667,824,1.36,0.7875,1,1,0.477,true,true,medium,high,medium,accept_candidate_after_map_check,exact_municipality_match,砥部町,,砥部町,"砥部町, 伊予郡, 愛媛県, 791-2205, 日本",multiple_candidates_for_mountain|multiple_mountains_for_candidate|missing_csv_coordinate,top_1_but_ambiguous,clear_mutual_top1,mountain=コクゾ峰(#404); candidate=summit-candidate:94e39d837730a5c7; ref_score=0.7875; ref_rank=1; loc_level=exact_municipality_match; priority=high; priority_reasons=top_1_but_ambiguous
404,コクゾ峰,summit-candidate:0dea5d073885dc9d,yamap_2024-10-05_06_40.gpx,銅山峰・西山・三の森・二の森・一の森,831.0900000000001,824,7.09,0.3105,2,10,0,false,false,low,high,high,check_location_warning,boundary_tolerated_mismatch,砥部町,,,"市道河又東平線, 新居浜市, 愛媛県, 792-0847, 日本",multiple_candidates_for_mountain|multiple_mountains_for_candidate|weak_name_evidence|missing_csv_coordinate|location_mismatch_warning,strong_evidence_with_mismatch,location_mismatch_warning,mountain=コクゾ峰(#404); candidate=summit-candidate:0dea5d073885dc9d; ref_score=0.3105; ref_rank=2; loc_level=boundary_tolerated_mismatch; priority=high; priority_reasons=strong_evidence_with_mismatch
404,コクゾ峰,summit-candidate:615a70cf4401199b,yamap_2022-11-14_13_02.gpx,出石山,822.6353431394673,824,1.36,0.3105,3,8,0,false,false,low,high,high,resolve_conflict,boundary_tolerated_mismatch,砥部町,,,"別格7番 出石寺, 1, 大洲市, 愛媛県, 799-3462, 日本",multiple_candidates_for_mountain|multiple_mountains_for_candidate|weak_name_evidence|missing_csv_coordinate|location_mismatch_warning,strong_evidence_with_mismatch|top_candidate_for_multiple_mountains,shared_candidate,"mountain=コクゾ峰(#404); candidate=summit-candidate:615a70cf4401199b; ref_score=0.3105; ref_rank=3; loc_level=boundary_tolerated_mismatch; priority=high; priority_reasons=strong_evidence_with_mismatch,top_candidate_for_multiple_mountains"
405,加塚山,summit-candidate:cdd4a9ba931c816e,yamap_2025-04-06_08_48.gpx,加塚山,1069.8255484698216,1065,4.83,0.7875,1,1,0.153,true,true,medium,high,medium,accept_candidate_after_map_check,exact_municipality_match,宇和島市,,宇和島市,"宇和島市, 愛媛県, 798-8601, 日本",multiple_candidates_for_mountain|multiple_mountains_for_candidate|missing_csv_coordinate,top_1_but_ambiguous,clear_mutual_top1,mountain=加塚山(#405); candidate=summit-candidate:cdd4a9ba931c816e; ref_score=0.7875; ref_rank=1; loc_level=exact_municipality_match; priority=high; priority_reasons=top_1_but_ambiguous
405,加塚山,summit-candidate:f59e1ba73617c383,yamap_2025-04-06_08_48.gpx,加塚山,1005.7346655272108,1065,59.27,0.6345,2,1,0.1445,false,true,medium,medium,low,low_priority,exact_municipality_match,宇和島市,,宇和島市,"四万十市, 高知県, 日本",multiple_candidates_for_mountain|multiple_mountains_for_candidate|weak_elevation_evidence|missing_csv_coordinate,top_3_with_evidence,low_priority_alternative,mountain=加塚山(#405); candidate=summit-candidate:f59e1ba73617c383; ref_score=0.6345; ref_rank=2; loc_level=exact_municipality_match; priority=medium; priority_reasons=top_3_with_evidence
405,加塚山,summit-candidate:ba56c1ac8ac55c5f,yamap_2024-02-24_07_06.gpx,高月山・東高月山・郭公岳・櫨ヶ森・毛山,1062.8166666666666,1065,2.18,0.49,3,6,0.035,false,false,low,medium,low,low_priority,exact_municipality_match,宇和島市,,宇和島市,"宇和島市, 愛媛県, 798-8601, 日本",multiple_candidates_for_mountain|multiple_mountains_for_candidate|weak_name_evidence|missing_csv_coordinate,top_3_with_evidence,low_priority_alternative,mountain=加塚山(#405); candidate=summit-candidate:ba56c1ac8ac55c5f; ref_score=0.49; ref_rank=3; loc_level=exact_municipality_match; priority=medium; priority_reasons=top_3_with_evidence
406,新谷神南山,summit-candidate:6342f0069cd164e8,yamap_2025-04-09_06_48.gpx,新谷神南山・五十崎神南山,649.24,654,4.76,0.7875,1,1,0.2975,true,true,medium,high,high,resolve_conflict,exact_municipality_match,大洲市,,大洲市,"新谷町, 大洲市, 愛媛県, 795-0073, 日本",multiple_candidates_for_mountain|multiple_mountains_for_candidate|missing_csv_coordinate,top_1_but_ambiguous|top_candidate_for_multiple_mountains,shared_candidate,"mountain=新谷神南山(#406); candidate=summit-candidate:6342f0069cd164e8; ref_score=0.7875; ref_rank=1; loc_level=exact_municipality_match; priority=high; priority_reasons=top_1_but_ambiguous,top_candidate_for_multiple_mountains"
406,新谷神南山,summit-candidate:9306f5a7fe249a15,yamap_2025-01-03_07_19.gpx,壺神山・滝山・足山・皿が森,646.4861527563789,654,7.51,0.49,2,5,0.035,false,false,low,medium,low,low_priority,exact_municipality_match,大洲市,,大洲市,"長浜町今坊, 大洲市, 愛媛県, 799-3411, 日本",multiple_candidates_for_mountain|multiple_mountains_for_candidate|weak_name_evidence|missing_csv_coordinate,top_3_with_evidence,low_priority_alternative,mountain=新谷神南山(#406); candidate=summit-candidate:9306f5a7fe249a15; ref_score=0.49; ref_rank=2; loc_level=exact_municipality_match; priority=medium; priority_reasons=top_3_with_evidence
406,新谷神南山,summit-candidate:49147712961a83be,yamap_2025-04-09_06_48.gpx,新谷神南山・五十崎神南山,708.9699999999999,654,54.97,0.455,3,4,0.016,false,false,low,high,high,check_location_warning,boundary_tolerated_mismatch,大洲市,,,"内子町, 喜多郡, 愛媛県, 795-0301, 日本",multiple_candidates_for_mountain|multiple_mountains_for_candidate|weak_elevation_evidence|missing_csv_coordinate|location_mismatch_warning,strong_evidence_with_mismatch,location_mismatch_warning,mountain=新谷神南山(#406); candidate=summit-candidate:49147712961a83be; ref_score=0.455; ref_rank=3; loc_level=boundary_tolerated_mismatch; priority=high; priority_reasons=strong_evidence_with_mismatch
407,五十崎神南山,summit-candidate:6342f0069cd164e8,yamap_2025-04-09_06_48.gpx,新谷神南山・五十崎神南山,649.24,710,60.76,0.6345,1,2,0.0265,false,true,medium,high,high,resolve_conflict,exact_municipality_match,大洲市,,大洲市,"新谷町, 大洲市, 愛媛県, 795-0073, 日本",multiple_candidates_for_mountain|multiple_mountains_for_candidate|weak_elevation_evidence|missing_csv_coordinate,top_1_but_ambiguous|top_candidate_for_multiple_mountains,shared_candidate|not_mutual_top1,"mountain=五十崎神南山(#407); candidate=summit-candidate:6342f0069cd164e8; ref_score=0.6345; ref_rank=1; loc_level=exact_municipality_match; priority=high; priority_reasons=top_1_but_ambiguous,top_candidate_for_multiple_mountains"
407,五十崎神南山,summit-candidate:49147712961a83be,yamap_2025-04-09_06_48.gpx,新谷神南山・五十崎神南山,708.9699999999999,710,1.03,0.608,2,1,0.169,false,true,medium,high,high,check_close_alternatives,boundary_tolerated_mismatch,大洲市,,,"内子町, 喜多郡, 愛媛県, 795-0301, 日本",multiple_candidates_for_mountain|multiple_mountains_for_candidate|missing_csv_coordinate|location_mismatch_warning,strong_evidence_with_mismatch,small_score_gap,mountain=五十崎神南山(#407); candidate=summit-candidate:49147712961a83be; ref_score=0.608; ref_rank=2; loc_level=boundary_tolerated_mismatch; priority=high; priority_reasons=strong_evidence_with_mismatch
407,五十崎神南山,summit-candidate:0048d4d3a7981b80,yamap_2025-01-03_07_19.gpx,壺神山・滝山・足山・皿が森,697.5172644320495,710,12.48,0.439,3,7,0,false,false,low,high,high,resolve_conflict,exact_municipality_match,大洲市,,大洲市,"無事喜地, 長浜町大越, 大洲市, 愛媛県, 799-3411, 日本",multiple_candidates_for_mountain|multiple_mountains_for_candidate|weak_name_evidence|missing_csv_coordinate,top_candidate_for_multiple_mountains,shared_candidate,mountain=五十崎神南山(#407); candidate=summit-candidate:0048d4d3a7981b80; ref_score=0.439; ref_rank=3; loc_level=exact_municipality_match; priority=high; priority_reasons=top_candidate_for_multiple_mountains
408,笠成山,summit-candidate:81081ef1b6e58a79,yamap_2025-04-14_05_56.gpx,笠成山,711,713,2,0.7875,1,1,0.2975,true,true,medium,high,medium,accept_candidate_after_map_check,exact_municipality_match,砥部町,,砥部町,"中野川, 砥部町, 伊予郡, 愛媛県, 791-2205, 日本",multiple_candidates_for_mountain|multiple_mountains_for_candidate|missing_csv_coordinate,top_1_but_ambiguous,clear_mutual_top1,mountain=笠成山(#408); candidate=summit-candidate:81081ef1b6e58a79; ref_score=0.7875; ref_rank=1; loc_level=exact_municipality_match; priority=high; priority_reasons=top_1_but_ambiguous
408,笠成山,summit-candidate:07834c521328cc1d,yamap_2022-03-05_09_44.gpx,城山・水梨山・向山,707.7550916004999,713,5.24,0.49,2,4,0.051,false,false,low,medium,low,low_priority,exact_municipality_match,砥部町,,砥部町,"砥部町, 伊予郡, 愛媛県, 日本",multiple_candidates_for_mountain|multiple_mountains_for_candidate|weak_name_evidence|missing_csv_coordinate,top_3_with_evidence,low_priority_alternative,mountain=笠成山(#408); candidate=summit-candidate:07834c521328cc1d; ref_score=0.49; ref_rank=2; loc_level=exact_municipality_match; priority=medium; priority_reasons=top_3_with_evidence
408,笠成山,summit-candidate:0a765b89058b256b,yamap_2022-03-05_09_44.gpx,城山・水梨山・向山,734.4240556679409,713,21.42,0.439,3,6,0,false,false,low,medium,low,low_priority,exact_municipality_match,砥部町,,砥部町,"玉谷, 砥部町, 伊予郡, 愛媛県, 日本",multiple_candidates_for_mountain|multiple_mountains_for_candidate|weak_name_evidence|missing_csv_coordinate,top_3_with_evidence,low_priority_alternative,mountain=笠成山(#408); candidate=summit-candidate:0a765b89058b256b; ref_score=0.439; ref_rank=3; loc_level=exact_municipality_match; priority=medium; priority_reasons=top_3_with_evidence
409,小屋山,summit-candidate:422a9e74717ca96d,yamap_2025-04-19_07_10.gpx,小屋山・丸石山,1341.5,1344,2.5,0.7875,1,1,0.051,true,true,medium,high,medium,accept_candidate_after_map_check,exact_municipality_match,西予市,,西予市,"高樽林道, 内子町, 喜多郡, 愛媛県, 日本",multiple_candidates_for_mountain|multiple_mountains_for_candidate|missing_csv_coordinate,top_1_but_ambiguous,clear_mutual_top1,mountain=小屋山(#409); candidate=summit-candidate:422a9e74717ca96d; ref_score=0.7875; ref_rank=1; loc_level=exact_municipality_match; priority=high; priority_reasons=top_1_but_ambiguous
409,小屋山,summit-candidate:01f601a63b1874f6,yamap_2025-04-19_07_10.gpx,小屋山・丸石山,1371.8433333333335,1344,27.84,0.7365,2,1,0.051,false,true,medium,medium,low,low_priority,exact_municipality_match,西予市,,西予市,"内子町, 喜多郡, 愛媛県, 日本",multiple_candidates_for_mountain|multiple_mountains_for_candidate|missing_csv_coordinate,top_3_with_evidence,low_priority_alternative,mountain=小屋山(#409); candidate=summit-candidate:01f601a63b1874f6; ref_score=0.7365; ref_rank=2; loc_level=exact_municipality_match; priority=medium; priority_reasons=top_3_with_evidence
409,小屋山,summit-candidate:0cc9c1186612ceaa,yamap_2025-04-19_07_10.gpx,小屋山・丸石山,1297.49,1344,46.51,0.6855,3,1,0,false,true,medium,medium,low,low_priority,exact_municipality_match,西予市,,西予市,"西予市, 愛媛県, 日本",multiple_candidates_for_mountain|multiple_mountains_for_candidate|missing_csv_coordinate,top_3_with_evidence,low_priority_alternative,mountain=小屋山(#409); candidate=summit-candidate:0cc9c1186612ceaa; ref_score=0.6855; ref_rank=3; loc_level=exact_municipality_match; priority=medium; priority_reasons=top_3_with_evidence
410,丸石山,summit-candidate:0cc9c1186612ceaa,yamap_2025-04-19_07_10.gpx,小屋山・丸石山,1297.49,1327,29.51,0.557,1,2,0,false,true,medium,high,high,resolve_conflict,boundary_tolerated_mismatch,久万高原町,,,"西予市, 愛媛県, 日本",multiple_candidates_for_mountain|multiple_mountains_for_candidate|missing_csv_coordinate|location_mismatch_warning,top_1_but_ambiguous|strong_evidence_with_mismatch,not_mutual_top1,"mountain=丸石山(#410); candidate=summit-candidate:0cc9c1186612ceaa; ref_score=0.557; ref_rank=1; loc_level=boundary_tolerated_mismatch; priority=high; priority_reasons=top_1_but_ambiguous,strong_evidence_with_mismatch"
410,丸石山,summit-candidate:422a9e74717ca96d,yamap_2025-04-19_07_10.gpx,小屋山・丸石山,1341.5,1327,14.5,0.557,2,2,0.051,false,true,medium,high,high,check_close_alternatives,boundary_tolerated_mismatch,久万高原町,,,"高樽林道, 内子町, 喜多郡, 愛媛県, 日本",multiple_candidates_for_mountain|multiple_mountains_for_candidate|missing_csv_coordinate|location_mismatch_warning,strong_evidence_with_mismatch,small_score_gap,mountain=丸石山(#410); candidate=summit-candidate:422a9e74717ca96d; ref_score=0.557; ref_rank=2; loc_level=boundary_tolerated_mismatch; priority=high; priority_reasons=strong_evidence_with_mismatch
410,丸石山,summit-candidate:01f601a63b1874f6,yamap_2025-04-19_07_10.gpx,小屋山・丸石山,1371.8433333333335,1327,44.84,0.506,3,2,0.016,false,true,medium,high,high,check_location_warning,boundary_tolerated_mismatch,久万高原町,,,"内子町, 喜多郡, 愛媛県, 日本",multiple_candidates_for_mountain|multiple_mountains_for_candidate|missing_csv_coordinate|location_mismatch_warning,strong_evidence_with_mismatch,location_mismatch_warning,mountain=丸石山(#410); candidate=summit-candidate:01f601a63b1874f6; ref_score=0.506; ref_rank=3; loc_level=boundary_tolerated_mismatch; priority=high; priority_reasons=strong_evidence_with_mismatch
411,野地峰,summit-candidate:8326f30918c16cbe,yamap_2025-04-27_06_23.gpx,野地峰・黒岩山・大野山,1061.7766666666666,1279,217.22,0.6345,1,1,0.0265,true,true,medium,high,high,resolve_conflict,exact_municipality_match,四国中央市,,四国中央市,"四国中央市, 愛媛県, 日本",multiple_candidates_for_mountain|multiple_mountains_for_candidate|weak_elevation_evidence|missing_csv_coordinate,top_1_but_ambiguous|top_candidate_for_multiple_mountains,shared_candidate,"mountain=野地峰(#411); candidate=summit-candidate:8326f30918c16cbe; ref_score=0.6345; ref_rank=1; loc_level=exact_municipality_match; priority=high; priority_reasons=top_1_but_ambiguous,top_candidate_for_multiple_mountains"
411,野地峰,summit-candidate:17a471cc45af2c05,yamap_2025-04-27_06_23.gpx,野地峰・黒岩山・大野山,1270.3933333333332,1279,8.61,0.608,2,1,0.153,false,true,medium,high,high,check_close_alternatives,boundary_tolerated_mismatch,四国中央市,,,"朝谷, 大川村, 土佐郡, 高知県, 日本",multiple_candidates_for_mountain|multiple_mountains_for_candidate|missing_csv_coordinate|location_mismatch_warning,strong_evidence_with_mismatch,small_score_gap,mountain=野地峰(#411); candidate=summit-candidate:17a471cc45af2c05; ref_score=0.608; ref_rank=2; loc_level=boundary_tolerated_mismatch; priority=high; priority_reasons=strong_evidence_with_mismatch
411,野地峰,summit-candidate:53bf856dccad5eab,yamap_2025-04-27_06_23.gpx,野地峰・黒岩山・大野山,1397.78,1279,118.78,0.455,3,5,0,false,false,low,high,high,check_location_warning,boundary_tolerated_mismatch,四国中央市,,,"新居浜市, 愛媛県, 日本",multiple_candidates_for_mountain|multiple_mountains_for_candidate|weak_elevation_evidence|missing_csv_coordinate|location_mismatch_warning,strong_evidence_with_mismatch,location_mismatch_warning,mountain=野地峰(#411); candidate=summit-candidate:53bf856dccad5eab; ref_score=0.455; ref_rank=3; loc_level=boundary_tolerated_mismatch; priority=high; priority_reasons=strong_evidence_with_mismatch
412,黒岩山,summit-candidate:8326f30918c16cbe,yamap_2025-04-27_06_23.gpx,野地峰・黒岩山・大野山,1061.7766666666666,1350,288.22,0.6345,1,2,0.0265,false,true,medium,high,high,resolve_conflict,exact_municipality_match,四国中央市,,四国中央市,"四国中央市, 愛媛県, 日本",multiple_candidates_for_mountain|multiple_mountains_for_candidate|weak_elevation_evidence|missing_csv_coordinate,top_1_but_ambiguous|top_candidate_for_multiple_mountains,shared_candidate|not_mutual_top1,"mountain=黒岩山(#412); candidate=summit-candidate:8326f30918c16cbe; ref_score=0.6345; ref_rank=1; loc_level=exact_municipality_match; priority=high; priority_reasons=top_1_but_ambiguous,top_candidate_for_multiple_mountains"
412,黒岩山,summit-candidate:e93bba1998d4efb5,yamap_2025-04-27_06_23.gpx,野地峰・黒岩山・大野山,1350.0266666666666,1350,0.03,0.608,2,1,0.102,false,true,medium,high,high,check_close_alternatives,boundary_tolerated_mismatch,四国中央市,,,"土佐町, 土佐郡, 高知県, 日本",multiple_candidates_for_mountain|multiple_mountains_for_candidate|missing_csv_coordinate|location_mismatch_warning,strong_evidence_with_mismatch,small_score_gap,mountain=黒岩山(#412); candidate=summit-candidate:e93bba1998d4efb5; ref_score=0.608; ref_rank=2; loc_level=boundary_tolerated_mismatch; priority=high; priority_reasons=strong_evidence_with_mismatch
412,黒岩山,summit-candidate:53bf856dccad5eab,yamap_2025-04-27_06_23.gpx,野地峰・黒岩山・大野山,1397.78,1350,47.78,0.506,3,2,0.016,false,true,medium,high,high,check_location_warning,boundary_tolerated_mismatch,四国中央市,,,"新居浜市, 愛媛県, 日本",multiple_candidates_for_mountain|multiple_mountains_for_candidate|missing_csv_coordinate|location_mismatch_warning,strong_evidence_with_mismatch,location_mismatch_warning,mountain=黒岩山(#412); candidate=summit-candidate:53bf856dccad5eab; ref_score=0.506; ref_rank=3; loc_level=boundary_tolerated_mismatch; priority=high; priority_reasons=strong_evidence_with_mismatch
413,大野山,summit-candidate:8326f30918c16cbe,yamap_2025-04-27_06_23.gpx,野地峰・黒岩山・大野山,1061.7766666666666,1400,338.22,0.6345,1,3,0.0265,false,true,medium,high,high,resolve_conflict,exact_municipality_match,四国中央市,,四国中央市,"四国中央市, 愛媛県, 日本",multiple_candidates_for_mountain|multiple_mountains_for_candidate|weak_elevation_evidence|missing_csv_coordinate,top_1_but_ambiguous|top_candidate_for_multiple_mountains,shared_candidate|not_mutual_top1,"mountain=大野山(#413); candidate=summit-candidate:8326f30918c16cbe; ref_score=0.6345; ref_rank=1; loc_level=exact_municipality_match; priority=high; priority_reasons=top_1_but_ambiguous,top_candidate_for_multiple_mountains"
413,大野山,summit-candidate:53bf856dccad5eab,yamap_2025-04-27_06_23.gpx,野地峰・黒岩山・大野山,1397.78,1400,2.22,0.608,2,1,0.102,false,true,medium,high,high,check_close_alternatives,boundary_tolerated_mismatch,四国中央市,,,"新居浜市, 愛媛県, 日本",multiple_candidates_for_mountain|multiple_mountains_for_candidate|missing_csv_coordinate|location_mismatch_warning,strong_evidence_with_mismatch,small_score_gap,mountain=大野山(#413); candidate=summit-candidate:53bf856dccad5eab; ref_score=0.608; ref_rank=2; loc_level=boundary_tolerated_mismatch; priority=high; priority_reasons=strong_evidence_with_mismatch
413,大野山,summit-candidate:e93bba1998d4efb5,yamap_2025-04-27_06_23.gpx,野地峰・黒岩山・大野山,1350.0266666666666,1400,49.97,0.506,3,2,0.051,false,true,medium,high,high,check_location_warning,boundary_tolerated_mismatch,四国中央市,,,"土佐町, 土佐郡, 高知県, 日本",multiple_candidates_for_mountain|multiple_mountains_for_candidate|missing_csv_coordinate|location_mismatch_warning,strong_evidence_with_mismatch,location_mismatch_warning,mountain=大野山(#413); candidate=summit-candidate:e93bba1998d4efb5; ref_score=0.506; ref_rank=3; loc_level=boundary_tolerated_mismatch; priority=high; priority_reasons=strong_evidence_with_mismatch
414,水なし山,summit-candidate:403c0894babcf279,yamap_2025-06-21_08_53.gpx,貝渚山・水なし山,1403.506666666667,1406,2.49,0.7875,1,1,0.3485,true,true,medium,high,high,resolve_conflict,exact_municipality_match,久万高原町,,久万高原町,"久万高原町, 上浮穴郡, 愛媛県, 日本",multiple_candidates_for_mountain|multiple_mountains_for_candidate|missing_csv_coordinate,top_1_but_ambiguous|top_candidate_for_multiple_mountains,shared_candidate,"mountain=水なし山(#414); candidate=summit-candidate:403c0894babcf279; ref_score=0.7875; ref_rank=1; loc_level=exact_municipality_match; priority=high; priority_reasons=top_1_but_ambiguous,top_candidate_for_multiple_mountains"
414,水なし山,summit-candidate:6ff5d266707ae664,yamap_2024-06-01_07_14.gpx,椿山,1431.7833333333335,1406,25.78,0.439,2,4,0,false,false,low,medium,low,low_priority,exact_municipality_match,久万高原町,,久万高原町,"久万高原町, 上浮穴郡, 愛媛県, 日本",multiple_candidates_for_mountain|multiple_mountains_for_candidate|weak_name_evidence|missing_csv_coordinate,top_3_with_evidence,low_priority_alternative,mountain=水なし山(#414); candidate=summit-candidate:6ff5d266707ae664; ref_score=0.439; ref_rank=2; loc_level=exact_municipality_match; priority=medium; priority_reasons=top_3_with_evidence
414,水なし山,summit-candidate:8917a066a1c03aeb,yamap_2024-05-11_07_45.gpx,丸笹山,1431.0566666666666,1406,25.06,0.439,3,5,0,false,false,low,medium,low,low_priority,exact_municipality_match,久万高原町,,久万高原町,"久万高原町, 上浮穴郡, 愛媛県, 日本",multiple_candidates_for_mountain|multiple_mountains_for_candidate|weak_name_evidence|missing_csv_coordinate|activity_link_ambiguous,top_3_with_evidence,low_priority_alternative,mountain=水なし山(#414); candidate=summit-candidate:8917a066a1c03aeb; ref_score=0.439; ref_rank=3; loc_level=exact_municipality_match; priority=medium; priority_reasons=top_3_with_evidence
415,貝渚山,summit-candidate:403c0894babcf279,yamap_2025-06-21_08_53.gpx,貝渚山・水なし山,1403.506666666667,1422,18.49,0.7365,1,2,0.2465,false,true,medium,high,high,resolve_conflict,exact_municipality_match,久万高原町,,久万高原町,"久万高原町, 上浮穴郡, 愛媛県, 日本",multiple_candidates_for_mountain|multiple_mountains_for_candidate|missing_csv_coordinate,top_1_but_ambiguous|top_candidate_for_multiple_mountains,shared_candidate|not_mutual_top1,"mountain=貝渚山(#415); candidate=summit-candidate:403c0894babcf279; ref_score=0.7365; ref_rank=1; loc_level=exact_municipality_match; priority=high; priority_reasons=top_1_but_ambiguous,top_candidate_for_multiple_mountains"
415,貝渚山,summit-candidate:6ff5d266707ae664,yamap_2024-06-01_07_14.gpx,椿山,1431.7833333333335,1422,9.78,0.49,2,3,0,false,true,low,medium,low,low_priority,exact_municipality_match,久万高原町,,久万高原町,"久万高原町, 上浮穴郡, 愛媛県, 日本",multiple_candidates_for_mountain|multiple_mountains_for_candidate|weak_name_evidence|missing_csv_coordinate,top_3_with_evidence,low_priority_alternative,mountain=貝渚山(#415); candidate=summit-candidate:6ff5d266707ae664; ref_score=0.49; ref_rank=2; loc_level=exact_municipality_match; priority=medium; priority_reasons=top_3_with_evidence
415,貝渚山,summit-candidate:8917a066a1c03aeb,yamap_2024-05-11_07_45.gpx,丸笹山,1431.0566666666666,1422,9.06,0.49,3,4,0.051,false,false,low,medium,low,low_priority,exact_municipality_match,久万高原町,,久万高原町,"久万高原町, 上浮穴郡, 愛媛県, 日本",multiple_candidates_for_mountain|multiple_mountains_for_candidate|weak_name_evidence|missing_csv_coordinate|activity_link_ambiguous,top_3_with_evidence,low_priority_alternative,mountain=貝渚山(#415); candidate=summit-candidate:8917a066a1c03aeb; ref_score=0.49; ref_rank=3; loc_level=exact_municipality_match; priority=medium; priority_reasons=top_3_with_evidence
416,谷崎山,summit-candidate:0d157ed871f76807,yamap_2025-07-06_07_10.gpx,谷崎山,1210.7966666666669,1203,7.8,0.7875,1,1,0.153,true,true,medium,high,high,resolve_conflict,exact_municipality_match,西条市,,西条市,"藤之石, 西条市, 愛媛県, 日本",multiple_candidates_for_mountain|multiple_mountains_for_candidate|missing_csv_coordinate|activity_link_ambiguous,top_1_but_ambiguous|top_candidate_for_multiple_mountains,shared_candidate,"mountain=谷崎山(#416); candidate=summit-candidate:0d157ed871f76807; ref_score=0.7875; ref_rank=1; loc_level=exact_municipality_match; priority=high; priority_reasons=top_1_but_ambiguous,top_candidate_for_multiple_mountains"
416,谷崎山,summit-candidate:e79e77da4bfd1f13,yamap_2025-07-06_12_03.gpx,伊吹山,1506.6639933943752,1203,303.66,0.6345,2,2,0.1445,false,true,medium,medium,low,low_priority,exact_municipality_match,西条市,,西条市,"町道瓶ヶ森線, 西条市, 吾川郡, 愛媛県, 日本",multiple_candidates_for_mountain|multiple_mountains_for_candidate|weak_elevation_evidence|missing_csv_coordinate|activity_link_ambiguous,top_3_with_evidence,low_priority_alternative,mountain=谷崎山(#416); candidate=summit-candidate:e79e77da4bfd1f13; ref_score=0.6345; ref_rank=2; loc_level=exact_municipality_match; priority=medium; priority_reasons=top_3_with_evidence
416,谷崎山,summit-candidate:77bb5774f7fa012e,yamap_2022-04-16_07_39.gpx,東三方ヶ森,1199.216666666667,1203,3.78,0.49,3,4,0.035,false,false,low,medium,low,low_priority,exact_municipality_match,西条市,,西条市,"西条市, 愛媛県, 日本",multiple_candidates_for_mountain|multiple_mountains_for_candidate|weak_name_evidence|missing_csv_coordinate,top_3_with_evidence,low_priority_alternative,mountain=谷崎山(#416); candidate=summit-candidate:77bb5774f7fa012e; ref_score=0.49; ref_rank=3; loc_level=exact_municipality_match; priority=medium; priority_reasons=top_3_with_evidence
417,東黒森,summit-candidate:0d157ed871f76807,yamap_2025-07-06_07_10.gpx,谷崎山,1210.7966666666669,1733,522.2,0.6345,1,2,0,false,true,medium,high,high,resolve_conflict,exact_municipality_match,西条市,,西条市,"藤之石, 西条市, 愛媛県, 日本",multiple_candidates_for_mountain|multiple_mountains_for_candidate|weak_elevation_evidence|missing_csv_coordinate|activity_link_ambiguous,top_1_but_ambiguous|top_candidate_for_multiple_mountains,shared_candidate|not_mutual_top1,"mountain=東黒森(#417); candidate=summit-candidate:0d157ed871f76807; ref_score=0.6345; ref_rank=1; loc_level=exact_municipality_match; priority=high; priority_reasons=top_1_but_ambiguous,top_candidate_for_multiple_mountains"
417,東黒森,summit-candidate:e79e77da4bfd1f13,yamap_2025-07-06_12_03.gpx,伊吹山,1506.6639933943752,1733,226.34,0.6345,2,3,0.0265,false,true,medium,medium,high,check_close_alternatives,exact_municipality_match,西条市,,西条市,"町道瓶ヶ森線, 西条市, 吾川郡, 愛媛県, 日本",multiple_candidates_for_mountain|multiple_mountains_for_candidate|weak_elevation_evidence|missing_csv_coordinate|activity_link_ambiguous,top_3_with_evidence,small_score_gap,mountain=東黒森(#417); candidate=summit-candidate:e79e77da4bfd1f13; ref_score=0.6345; ref_rank=2; loc_level=exact_municipality_match; priority=medium; priority_reasons=top_3_with_evidence
417,東黒森,summit-candidate:20f1c44b99e3d708,yamap_2025-07-06_09_43.gpx,東黒森,1731.0666666666668,1733,1.93,0.608,3,1,0.118,false,true,medium,high,high,check_close_alternatives,boundary_tolerated_mismatch,西条市,,,"町道瓶ヶ森線, いの町, 吾川郡, 高知県, 日本",multiple_candidates_for_mountain|multiple_mountains_for_candidate|missing_csv_coordinate|location_mismatch_warning|activity_link_ambiguous,strong_evidence_with_mismatch,small_score_gap,mountain=東黒森(#417); candidate=summit-candidate:20f1c44b99e3d708; ref_score=0.608; ref_rank=3; loc_level=boundary_tolerated_mismatch; priority=high; priority_reasons=strong_evidence_with_mismatch
418,伊吹山,summit-candidate:e79e77da4bfd1f13,yamap_2025-07-06_12_03.gpx,伊吹山,1506.6639933943752,1503,3.66,0.7875,1,1,0.153,true,true,medium,high,medium,accept_candidate_after_map_check,exact_municipality_match,西条市,,西条市,"町道瓶ヶ森線, 西条市, 吾川郡, 愛媛県, 日本",multiple_candidates_for_mountain|multiple_mountains_for_candidate|missing_csv_coordinate|activity_link_ambiguous,top_1_but_ambiguous,clear_mutual_top1,mountain=伊吹山(#418); candidate=summit-candidate:e79e77da4bfd1f13; ref_score=0.7875; ref_rank=1; loc_level=exact_municipality_match; priority=high; priority_reasons=top_1_but_ambiguous
418,伊吹山,summit-candidate:0d157ed871f76807,yamap_2025-07-06_07_10.gpx,谷崎山,1210.7966666666669,1503,292.2,0.6345,2,3,0.1795,false,true,medium,high,high,resolve_conflict,exact_municipality_match,西条市,,西条市,"藤之石, 西条市, 愛媛県, 日本",multiple_candidates_for_mountain|multiple_mountains_for_candidate|weak_elevation_evidence|missing_csv_coordinate|activity_link_ambiguous,top_candidate_for_multiple_mountains,shared_candidate,mountain=伊吹山(#418); candidate=summit-candidate:0d157ed871f76807; ref_score=0.6345; ref_rank=2; loc_level=exact_municipality_match; priority=high; priority_reasons=top_candidate_for_multiple_mountains
418,伊吹山,summit-candidate:20f1c44b99e3d708,yamap_2025-07-06_09_43.gpx,東黒森,1731.0666666666668,1503,228.07,0.455,3,3,0.1955,false,true,low,high,high,check_location_warning,boundary_tolerated_mismatch,西条市,,,"町道瓶ヶ森線, いの町, 吾川郡, 高知県, 日本",multiple_candidates_for_mountain|multiple_mountains_for_candidate|weak_elevation_evidence|missing_csv_coordinate|location_mismatch_warning|activity_link_ambiguous,strong_evidence_with_mismatch,location_mismatch_warning,mountain=伊吹山(#418); candidate=summit-candidate:20f1c44b99e3d708; ref_score=0.455; ref_rank=3; loc_level=boundary_tolerated_mismatch; priority=high; priority_reasons=strong_evidence_with_mismatch
419,小牛城,summit-candidate:ba78489e4d448645,yamap_2025-08-15_10_51.gpx,小牛城,1141.42,1142,0.58,0.7875,1,1,0.153,true,true,medium,high,medium,accept_candidate_after_map_check,exact_municipality_match,久万高原町,,久万高原町,"四国カルスト公園縦断線, 久万高原町, 上浮穴郡, 愛媛県, 日本",multiple_candidates_for_mountain|multiple_mountains_for_candidate|missing_csv_coordinate|activity_link_ambiguous,top_1_but_ambiguous,clear_mutual_top1,mountain=小牛城(#419); candidate=summit-candidate:ba78489e4d448645; ref_score=0.7875; ref_rank=1; loc_level=exact_municipality_match; priority=high; priority_reasons=top_1_but_ambiguous
419,小牛城,summit-candidate:1c085703f9a891aa,yamap_2025-08-15_12_44.gpx,正木ノ森,1363.1366666666665,1142,221.14,0.6345,2,2,0.0595,false,true,medium,high,high,resolve_conflict,exact_municipality_match,久万高原町,,久万高原町,"林道 小田・池川線, 久万高原町, 上浮穴郡, 愛媛県, 日本",multiple_candidates_for_mountain|multiple_mountains_for_candidate|weak_elevation_evidence|missing_csv_coordinate|activity_link_ambiguous,top_candidate_for_multiple_mountains,shared_candidate,mountain=小牛城(#419); candidate=summit-candidate:1c085703f9a891aa; ref_score=0.6345; ref_rank=2; loc_level=exact_municipality_match; priority=high; priority_reasons=top_candidate_for_multiple_mountains
419,小牛城,summit-candidate:c7ff156edb321d12,yamap_2022-06-16_16_25.gpx,牛城,1345.4997959227253,1142,203.5,0.575,3,2,0.085,false,true,low,medium,low,low_priority,exact_municipality_match,久万高原町,,久万高原町,"久万高原町, 上浮穴郡, 愛媛県, 日本",multiple_candidates_for_mountain|multiple_mountains_for_candidate|weak_elevation_evidence|missing_csv_coordinate|activity_link_ambiguous|timezone_sensitive_activity_link,top_3_with_evidence,low_priority_alternative,mountain=小牛城(#419); candidate=summit-candidate:c7ff156edb321d12; ref_score=0.575; ref_rank=3; loc_level=exact_municipality_match; priority=medium; priority_reasons=top_3_with_evidence
420,正木ノ森,summit-candidate:1c085703f9a891aa,yamap_2025-08-15_12_44.gpx,正木ノ森,1363.1366666666665,1365,1.86,0.7875,1,1,0.153,true,true,medium,high,high,resolve_conflict,exact_municipality_match,久万高原町,,久万高原町,"林道 小田・池川線, 久万高原町, 上浮穴郡, 愛媛県, 日本",multiple_candidates_for_mountain|multiple_mountains_for_candidate|missing_csv_coordinate|activity_link_ambiguous,top_1_but_ambiguous|top_candidate_for_multiple_mountains,shared_candidate,"mountain=正木ノ森(#420); candidate=summit-candidate:1c085703f9a891aa; ref_score=0.7875; ref_rank=1; loc_level=exact_municipality_match; priority=high; priority_reasons=top_1_but_ambiguous,top_candidate_for_multiple_mountains"
420,正木ノ森,summit-candidate:ba78489e4d448645,yamap_2025-08-15_10_51.gpx,小牛城,1141.42,1365,223.58,0.6345,2,2,0.1445,false,true,medium,medium,low,low_priority,exact_municipality_match,久万高原町,,久万高原町,"四国カルスト公園縦断線, 久万高原町, 上浮穴郡, 愛媛県, 日本",multiple_candidates_for_mountain|multiple_mountains_for_candidate|weak_elevation_evidence|missing_csv_coordinate|activity_link_ambiguous,top_3_with_evidence,low_priority_alternative,mountain=正木ノ森(#420); candidate=summit-candidate:ba78489e4d448645; ref_score=0.6345; ref_rank=2; loc_level=exact_municipality_match; priority=medium; priority_reasons=top_3_with_evidence
420,正木ノ森,summit-candidate:09c1602c02ce7f78,yamap_2024-04-07_06_45.gpx,二箆山・西雑誌山,1357.4633333333334,1365,7.54,0.49,3,4,0.035,false,false,low,medium,low,low_priority,exact_municipality_match,久万高原町,,久万高原町,"久万高原町, 上浮穴郡, 愛媛県, 日本",multiple_candidates_for_mountain|multiple_mountains_for_candidate|weak_name_evidence|missing_csv_coordinate,top_3_with_evidence,low_priority_alternative,mountain=正木ノ森(#420); candidate=summit-candidate:09c1602c02ce7f78; ref_score=0.49; ref_rank=3; loc_level=exact_municipality_match; priority=medium; priority_reasons=top_3_with_evidence
421,五段城,summit-candidate:1c085703f9a891aa,yamap_2025-08-15_12_44.gpx,正木ノ森,1363.1366666666665,1455,91.86,0.6345,1,3,0,false,true,medium,high,high,resolve_conflict,exact_municipality_match,久万高原町,,久万高原町,"林道 小田・池川線, 久万高原町, 上浮穴郡, 愛媛県, 日本",multiple_candidates_for_mountain|multiple_mountains_for_candidate|weak_elevation_evidence|missing_csv_coordinate|activity_link_ambiguous,top_1_but_ambiguous|top_candidate_for_multiple_mountains,shared_candidate|not_mutual_top1,"mountain=五段城(#421); candidate=summit-candidate:1c085703f9a891aa; ref_score=0.6345; ref_rank=1; loc_level=exact_municipality_match; priority=high; priority_reasons=top_1_but_ambiguous,top_candidate_for_multiple_mountains"
421,五段城,summit-candidate:ba78489e4d448645,yamap_2025-08-15_10_51.gpx,小牛城,1141.42,1455,313.58,0.6345,2,3,0.0265,false,true,medium,medium,high,check_close_alternatives,exact_municipality_match,久万高原町,,久万高原町,"四国カルスト公園縦断線, 久万高原町, 上浮穴郡, 愛媛県, 日本",multiple_candidates_for_mountain|multiple_mountains_for_candidate|weak_elevation_evidence|missing_csv_coordinate|activity_link_ambiguous,top_3_with_evidence,small_score_gap,mountain=五段城(#421); candidate=summit-candidate:ba78489e4d448645; ref_score=0.6345; ref_rank=2; loc_level=exact_municipality_match; priority=medium; priority_reasons=top_3_with_evidence
421,五段城,summit-candidate:00dfcd8bd36a1f00,yamap_2025-08-15_11_47.gpx,五段城,1452.0633333333335,1455,2.94,0.608,3,1,0.051,false,true,medium,high,high,check_close_alternatives,boundary_tolerated_mismatch,久万高原町,,,"四国カルスト公園縦断線, 檮原町, 高岡郡, 高知県, 日本",multiple_candidates_for_mountain|multiple_mountains_for_candidate|missing_csv_coordinate|location_mismatch_warning|activity_link_ambiguous,strong_evidence_with_mismatch,small_score_gap,mountain=五段城(#421); candidate=summit-candidate:00dfcd8bd36a1f00; ref_score=0.608; ref_rank=3; loc_level=boundary_tolerated_mismatch; priority=high; priority_reasons=strong_evidence_with_mismatch
422,天狗ノ森,summit-candidate:1c085703f9a891aa,yamap_2025-08-15_12_44.gpx,正木ノ森,1363.1366666666665,1485,121.86,0.6345,1,4,0,false,false,medium,high,high,resolve_conflict,exact_municipality_match,久万高原町,,久万高原町,"林道 小田・池川線, 久万高原町, 上浮穴郡, 愛媛県, 日本",multiple_candidates_for_mountain|multiple_mountains_for_candidate|weak_elevation_evidence|missing_csv_coordinate|activity_link_ambiguous,top_1_but_ambiguous|top_candidate_for_multiple_mountains,shared_candidate|not_mutual_top1,"mountain=天狗ノ森(#422); candidate=summit-candidate:1c085703f9a891aa; ref_score=0.6345; ref_rank=1; loc_level=exact_municipality_match; priority=high; priority_reasons=top_1_but_ambiguous,top_candidate_for_multiple_mountains"
422,天狗ノ森,summit-candidate:ba78489e4d448645,yamap_2025-08-15_10_51.gpx,小牛城,1141.42,1485,343.58,0.6345,2,4,0.0265,false,false,medium,medium,high,check_close_alternatives,exact_municipality_match,久万高原町,,久万高原町,"四国カルスト公園縦断線, 久万高原町, 上浮穴郡, 愛媛県, 日本",multiple_candidates_for_mountain|multiple_mountains_for_candidate|weak_elevation_evidence|missing_csv_coordinate|activity_link_ambiguous,top_3_with_evidence,small_score_gap,mountain=天狗ノ森(#422); candidate=summit-candidate:ba78489e4d448645; ref_score=0.6345; ref_rank=2; loc_level=exact_municipality_match; priority=medium; priority_reasons=top_3_with_evidence
422,天狗ノ森,summit-candidate:54dc6f5d29d60052,yamap_2025-08-15_09_21.gpx,天狗ノ森 ,1479.58,1485,5.42,0.608,3,1,0.102,false,true,medium,high,high,check_close_alternatives,boundary_tolerated_mismatch,久万高原町,,,"セラピーロード, 津野町, 高岡郡, 高知県, 日本",multiple_candidates_for_mountain|multiple_mountains_for_candidate|missing_csv_coordinate|location_mismatch_warning|activity_link_ambiguous,strong_evidence_with_mismatch,small_score_gap,mountain=天狗ノ森(#422); candidate=summit-candidate:54dc6f5d29d60052; ref_score=0.608; ref_rank=3; loc_level=boundary_tolerated_mismatch; priority=high; priority_reasons=strong_evidence_with_mismatch
423,鶴ノ子ノ頭,summit-candidate:65906dbbd6e5b747,yamap_2025-09-07_08_00.gpx,鶴ノ子ノ頭・石鎚山,1647.683322091346,1637,10.68,0.7365,1,1,0.2465,true,true,medium,high,high,resolve_conflict,exact_municipality_match,久万高原町,,久万高原町,"久万高原町, 上浮穴郡, 愛媛県, 日本",multiple_candidates_for_mountain|multiple_mountains_for_candidate|missing_csv_coordinate,top_1_but_ambiguous|top_candidate_for_multiple_mountains,shared_candidate,"mountain=鶴ノ子ノ頭(#423); candidate=summit-candidate:65906dbbd6e5b747; ref_score=0.7365; ref_rank=1; loc_level=exact_municipality_match; priority=high; priority_reasons=top_1_but_ambiguous,top_candidate_for_multiple_mountains"
423,鶴ノ子ノ頭,summit-candidate:d13554ef3debca9d,yamap_2022-04-30_08_30.gpx,岩黒山・筒上山・手箱山,1638.4079336000111,1637,1.41,0.49,2,4,0.035,false,false,low,medium,low,low_priority,exact_municipality_match,久万高原町,,久万高原町,"石鎚スカイライン, 久万高原町, 上浮穴郡, 愛媛県, 日本",multiple_candidates_for_mountain|multiple_mountains_for_candidate|weak_name_evidence|missing_csv_coordinate|activity_link_ambiguous,top_3_with_evidence,low_priority_alternative,mountain=鶴ノ子ノ頭(#423); candidate=summit-candidate:d13554ef3debca9d; ref_score=0.49; ref_rank=2; loc_level=exact_municipality_match; priority=medium; priority_reasons=top_3_with_evidence
423,鶴ノ子ノ頭,summit-candidate:19713e48698f3e2a,yamap_2025-09-07_08_00.gpx,鶴ノ子ノ頭・石鎚山,1967.0036586656968,1637,330,0.455,3,2,0.1445,false,true,low,high,high,check_location_warning,boundary_tolerated_mismatch,久万高原町,,,"石鎚神社, 三の鎖, 西条市, 愛媛県, 日本",multiple_candidates_for_mountain|multiple_mountains_for_candidate|weak_elevation_evidence|missing_csv_coordinate|location_mismatch_warning,strong_evidence_with_mismatch,location_mismatch_warning,mountain=鶴ノ子ノ頭(#423); candidate=summit-candidate:19713e48698f3e2a; ref_score=0.455; ref_rank=3; loc_level=boundary_tolerated_mismatch; priority=high; priority_reasons=strong_evidence_with_mismatch
424,千秋寺山,summit-candidate:084fa7c9e55252dc,yamap_2026-03-11_10_35.gpx,野津子山・軽ノ山,165.84333333333333,157,8.84,0.49,1,9,0,false,false,low,high,high,resolve_conflict,exact_municipality_match,松山市,,松山市,"祝谷六丁目, 祝谷西町, 松山市, 愛媛県, 790-0833, 日本",multiple_candidates_for_mountain|multiple_mountains_for_candidate|weak_name_evidence|missing_csv_coordinate,top_1_but_ambiguous|top_candidate_for_multiple_mountains,shared_candidate|not_mutual_top1,"mountain=千秋寺山(#424); candidate=summit-candidate:084fa7c9e55252dc; ref_score=0.49; ref_rank=1; loc_level=exact_municipality_match; priority=high; priority_reasons=top_1_but_ambiguous,top_candidate_for_multiple_mountains"
424,千秋寺山,summit-candidate:3259dfe3d9ce60c5,yamap_2022-03-23_07_38.gpx,明神山・潮見山,152.25333333333333,157,4.75,0.49,2,6,0,false,false,low,high,high,resolve_conflict,exact_municipality_match,松山市,,松山市,"平井町, 松山市, 愛媛県, 791-0243, 日本",multiple_candidates_for_mountain|multiple_mountains_for_candidate|weak_name_evidence|missing_csv_coordinate,top_candidate_for_multiple_mountains,shared_candidate,mountain=千秋寺山(#424); candidate=summit-candidate:3259dfe3d9ce60c5; ref_score=0.49; ref_rank=2; loc_level=exact_municipality_match; priority=high; priority_reasons=top_candidate_for_multiple_mountains
424,千秋寺山,summit-candidate:ac7a1ebef52ea30c,yamap_2022-01-28_12_28.gpx,尾ノ峰・新城山・腰折山・恵良山,156.4466666666667,157,0.55,0.49,3,9,0,false,false,low,medium,high,check_close_alternatives,exact_municipality_match,松山市,,松山市,"下難波, 松山市, 愛媛県, 799-2499, 日本",multiple_candidates_for_mountain|multiple_mountains_for_candidate|weak_name_evidence|missing_csv_coordinate,top_3_with_evidence,small_score_gap,mountain=千秋寺山(#424); candidate=summit-candidate:ac7a1ebef52ea30c; ref_score=0.49; ref_rank=3; loc_level=exact_municipality_match; priority=medium; priority_reasons=top_3_with_evidence
425,黒川山,summit-candidate:6b97922a3935a9a5,yamap_2025-09-21_08_53.gpx,前社ヶ森・剣山・黒川山,1354.6866666666667,1365,10.31,0.7365,1,1,0.051,true,true,medium,high,medium,accept_candidate_after_map_check,exact_municipality_match,西条市,,西条市,"西条市, 愛媛県, 日本",multiple_candidates_for_mountain|multiple_mountains_for_candidate|missing_csv_coordinate,top_1_but_ambiguous,clear_mutual_top1,mountain=黒川山(#425); candidate=summit-candidate:6b97922a3935a9a5; ref_score=0.7365; ref_rank=1; loc_level=exact_municipality_match; priority=high; priority_reasons=top_1_but_ambiguous
425,黒川山,summit-candidate:56e8244e578a141a,yamap_2025-09-21_08_53.gpx,前社ヶ森・剣山・黒川山,1409.006666666667,1365,44.01,0.6855,2,1,0.051,false,true,medium,medium,low,low_priority,exact_municipality_match,西条市,,西条市,"石鎚神社 成就社, 試しの鎖, 西条市, 愛媛県, 日本",multiple_candidates_for_mountain|multiple_mountains_for_candidate|missing_csv_coordinate,top_3_with_evidence,low_priority_alternative,mountain=黒川山(#425); candidate=summit-candidate:56e8244e578a141a; ref_score=0.6855; ref_rank=2; loc_level=exact_municipality_match; priority=medium; priority_reasons=top_3_with_evidence
425,黒川山,summit-candidate:109bc31ba8b3aa15,yamap_2025-09-21_08_53.gpx,前社ヶ森・剣山・黒川山,1627.0833333333333,1365,262.08,0.6345,3,3,0,false,true,medium,high,high,resolve_conflict,exact_municipality_match,西条市,,西条市,"試しの鎖, 西条市, 愛媛県, 日本",multiple_candidates_for_mountain|multiple_mountains_for_candidate|weak_elevation_evidence|missing_csv_coordinate,top_candidate_for_multiple_mountains,shared_candidate,mountain=黒川山(#425); candidate=summit-candidate:109bc31ba8b3aa15; ref_score=0.6345; ref_rank=3; loc_level=exact_municipality_match; priority=high; priority_reasons=top_candidate_for_multiple_mountains
426,前社ヶ森,summit-candidate:109bc31ba8b3aa15,yamap_2025-09-21_08_53.gpx,前社ヶ森・剣山・黒川山,1627.0833333333333,1592,35.08,0.6855,1,2,0.051,false,true,medium,high,high,resolve_conflict,exact_municipality_match,西条市,,西条市,"試しの鎖, 西条市, 愛媛県, 日本",multiple_candidates_for_mountain|multiple_mountains_for_candidate|missing_csv_coordinate,top_1_but_ambiguous|top_candidate_for_multiple_mountains,shared_candidate|not_mutual_top1,"mountain=前社ヶ森(#426); candidate=summit-candidate:109bc31ba8b3aa15; ref_score=0.6855; ref_rank=1; loc_level=exact_municipality_match; priority=high; priority_reasons=top_1_but_ambiguous,top_candidate_for_multiple_mountains"
426,前社ヶ森,summit-candidate:56e8244e578a141a,yamap_2025-09-21_08_53.gpx,前社ヶ森・剣山・黒川山,1409.006666666667,1592,182.99,0.6345,2,2,0,false,true,medium,medium,low,low_priority,exact_municipality_match,西条市,,西条市,"石鎚神社 成就社, 試しの鎖, 西条市, 愛媛県, 日本",multiple_candidates_for_mountain|multiple_mountains_for_candidate|weak_elevation_evidence|missing_csv_coordinate,top_3_with_evidence,low_priority_alternative,mountain=前社ヶ森(#426); candidate=summit-candidate:56e8244e578a141a; ref_score=0.6345; ref_rank=2; loc_level=exact_municipality_match; priority=medium; priority_reasons=top_3_with_evidence
426,前社ヶ森,summit-candidate:6b97922a3935a9a5,yamap_2025-09-21_08_53.gpx,前社ヶ森・剣山・黒川山,1354.6866666666667,1592,237.31,0.6345,3,2,0,false,true,medium,medium,low,low_priority,exact_municipality_match,西条市,,西条市,"西条市, 愛媛県, 日本",multiple_candidates_for_mountain|multiple_mountains_for_candidate|weak_elevation_evidence|missing_csv_coordinate,top_3_with_evidence,low_priority_alternative,mountain=前社ヶ森(#426); candidate=summit-candidate:6b97922a3935a9a5; ref_score=0.6345; ref_rank=3; loc_level=exact_municipality_match; priority=medium; priority_reasons=top_3_with_evidence
427,剣山,summit-candidate:109bc31ba8b3aa15,yamap_2025-09-21_08_53.gpx,前社ヶ森・剣山・黒川山,1627.0833333333333,1627,0.08,0.7875,1,1,0.153,true,true,medium,high,high,resolve_conflict,exact_municipality_match,西条市,,西条市,"試しの鎖, 西条市, 愛媛県, 日本",multiple_candidates_for_mountain|multiple_mountains_for_candidate|missing_csv_coordinate,top_1_but_ambiguous|top_candidate_for_multiple_mountains,shared_candidate,"mountain=剣山(#427); candidate=summit-candidate:109bc31ba8b3aa15; ref_score=0.7875; ref_rank=1; loc_level=exact_municipality_match; priority=high; priority_reasons=top_1_but_ambiguous,top_candidate_for_multiple_mountains"
427,剣山,summit-candidate:56e8244e578a141a,yamap_2025-09-21_08_53.gpx,前社ヶ森・剣山・黒川山,1409.006666666667,1627,217.99,0.6345,2,3,0,false,true,medium,medium,low,low_priority,exact_municipality_match,西条市,,西条市,"石鎚神社 成就社, 試しの鎖, 西条市, 愛媛県, 日本",multiple_candidates_for_mountain|multiple_mountains_for_candidate|weak_elevation_evidence|missing_csv_coordinate,top_3_with_evidence,low_priority_alternative,mountain=剣山(#427); candidate=summit-candidate:56e8244e578a141a; ref_score=0.6345; ref_rank=2; loc_level=exact_municipality_match; priority=medium; priority_reasons=top_3_with_evidence
427,剣山,summit-candidate:6b97922a3935a9a5,yamap_2025-09-21_08_53.gpx,前社ヶ森・剣山・黒川山,1354.6866666666667,1627,272.31,0.6345,3,3,0,false,true,medium,medium,low,low_priority,exact_municipality_match,西条市,,西条市,"西条市, 愛媛県, 日本",multiple_candidates_for_mountain|multiple_mountains_for_candidate|weak_elevation_evidence|missing_csv_coordinate,top_3_with_evidence,low_priority_alternative,mountain=剣山(#427); candidate=summit-candidate:6b97922a3935a9a5; ref_score=0.6345; ref_rank=3; loc_level=exact_municipality_match; priority=medium; priority_reasons=top_3_with_evidence
428,東光森山,summit-candidate:6358c7fb40ce841e,yamap_2025-09-27_06_52.gpx,東光森山・別子山,1480.9266666666665,1486,5.07,0.7875,1,1,0.102,true,true,medium,high,medium,accept_candidate_after_map_check,exact_municipality_match,新居浜市,,新居浜市,"新居浜市, 愛媛県, 799-0650, 日本",multiple_candidates_for_mountain|multiple_mountains_for_candidate|missing_csv_coordinate,top_1_but_ambiguous,clear_mutual_top1,mountain=東光森山(#428); candidate=summit-candidate:6358c7fb40ce841e; ref_score=0.7875; ref_rank=1; loc_level=exact_municipality_match; priority=high; priority_reasons=top_1_but_ambiguous
428,東光森山,summit-candidate:accbb6cf4fee8a2f,yamap_2025-09-27_06_52.gpx,東光森山・別子山,1449.5566666666666,1486,36.44,0.6855,2,1,0.051,false,true,medium,medium,low,low_priority,exact_municipality_match,新居浜市,,新居浜市,"新居浜市, 愛媛県, 日本",multiple_candidates_for_mountain|multiple_mountains_for_candidate|missing_csv_coordinate,top_3_with_evidence,low_priority_alternative,mountain=東光森山(#428); candidate=summit-candidate:accbb6cf4fee8a2f; ref_score=0.6855; ref_rank=2; loc_level=exact_municipality_match; priority=medium; priority_reasons=top_3_with_evidence
428,東光森山,summit-candidate:4b66146264e5e167,yamap_2025-09-27_06_52.gpx,東光森山・別子山,1271.6466666666668,1486,214.35,0.6345,3,1,0,false,true,medium,medium,low,low_priority,exact_municipality_match,新居浜市,,新居浜市,"新居浜市, 愛媛県, 799-0650, 日本",multiple_candidates_for_mountain|multiple_mountains_for_candidate|weak_elevation_evidence|missing_csv_coordinate,top_3_with_evidence,low_priority_alternative,mountain=東光森山(#428); candidate=summit-candidate:4b66146264e5e167; ref_score=0.6345; ref_rank=3; loc_level=exact_municipality_match; priority=medium; priority_reasons=top_3_with_evidence
429,別子山,summit-candidate:69652a1c97f3b2eb,yamap_2025-09-27_06_52.gpx,東光森山・別子山,1369.4399999999998,1374,4.56,0.7875,1,1,0.153,true,true,medium,high,high,resolve_conflict,exact_municipality_match,新居浜市,,新居浜市,"大北川, 大川村, 土佐郡, 高知県, 日本",multiple_candidates_for_mountain|multiple_mountains_for_candidate|missing_csv_coordinate,top_1_but_ambiguous|top_candidate_for_multiple_mountains,shared_candidate,"mountain=別子山(#429); candidate=summit-candidate:69652a1c97f3b2eb; ref_score=0.7875; ref_rank=1; loc_level=exact_municipality_match; priority=high; priority_reasons=top_1_but_ambiguous,top_candidate_for_multiple_mountains"
429,別子山,summit-candidate:4b66146264e5e167,yamap_2025-09-27_06_52.gpx,東光森山・別子山,1271.6466666666668,1374,102.35,0.6345,2,2,0,false,true,medium,medium,low,low_priority,exact_municipality_match,新居浜市,,新居浜市,"新居浜市, 愛媛県, 799-0650, 日本",multiple_candidates_for_mountain|multiple_mountains_for_candidate|weak_elevation_evidence|missing_csv_coordinate,top_3_with_evidence,low_priority_alternative,mountain=別子山(#429); candidate=summit-candidate:4b66146264e5e167; ref_score=0.6345; ref_rank=2; loc_level=exact_municipality_match; priority=medium; priority_reasons=top_3_with_evidence
429,別子山,summit-candidate:6358c7fb40ce841e,yamap_2025-09-27_06_52.gpx,東光森山・別子山,1480.9266666666665,1374,106.93,0.6345,3,2,0,false,true,medium,medium,low,low_priority,exact_municipality_match,新居浜市,,新居浜市,"新居浜市, 愛媛県, 799-0650, 日本",multiple_candidates_for_mountain|multiple_mountains_for_candidate|weak_elevation_evidence|missing_csv_coordinate,top_3_with_evidence,low_priority_alternative,mountain=別子山(#429); candidate=summit-candidate:6358c7fb40ce841e; ref_score=0.6345; ref_rank=3; loc_level=exact_municipality_match; priority=medium; priority_reasons=top_3_with_evidence
430,三ッ森山,summit-candidate:8f124a2a1de32654,yamap_2025-10-05_08_42.gpx,三ッ森山・大座礼山,1423.7,1429,5.3,0.7875,1,1,0.051,true,true,medium,high,high,resolve_conflict,exact_municipality_match,新居浜市,,新居浜市,"新居浜市, 愛媛県, 日本",multiple_candidates_for_mountain|multiple_mountains_for_candidate|missing_csv_coordinate,top_1_but_ambiguous|top_candidate_for_multiple_mountains,shared_candidate,"mountain=三ッ森山(#430); candidate=summit-candidate:8f124a2a1de32654; ref_score=0.7875; ref_rank=1; loc_level=exact_municipality_match; priority=high; priority_reasons=top_1_but_ambiguous,top_candidate_for_multiple_mountains"
430,三ッ森山,summit-candidate:b2662116bd1858b6,yamap_2025-10-05_08_42.gpx,三ッ森山・大座礼山,1446.9966666666667,1429,18,0.7365,2,1,0.2465,false,true,medium,medium,low,low_priority,exact_municipality_match,新居浜市,,新居浜市,"新居浜市, 愛媛県, 日本",multiple_candidates_for_mountain|multiple_mountains_for_candidate|missing_csv_coordinate,top_3_with_evidence,low_priority_alternative,mountain=三ッ森山(#430); candidate=summit-candidate:b2662116bd1858b6; ref_score=0.7365; ref_rank=2; loc_level=exact_municipality_match; priority=medium; priority_reasons=top_3_with_evidence
430,三ッ森山,summit-candidate:057580d1c60049b6,yamap_2024-10-05_06_40.gpx,銅山峰・西山・三の森・二の森・一の森,1425.3166666666668,1429,3.68,0.49,3,6,0,false,false,low,high,high,resolve_conflict,exact_municipality_match,新居浜市,,新居浜市,"新居浜市, 愛媛県, 日本",multiple_candidates_for_mountain|multiple_mountains_for_candidate|weak_name_evidence|missing_csv_coordinate,top_candidate_for_multiple_mountains,shared_candidate,mountain=三ッ森山(#430); candidate=summit-candidate:057580d1c60049b6; ref_score=0.49; ref_rank=3; loc_level=exact_municipality_match; priority=high; priority_reasons=top_candidate_for_multiple_mountains
431,大座礼山,summit-candidate:8f124a2a1de32654,yamap_2025-10-05_08_42.gpx,三ッ森山・大座礼山,1423.7,1587,163.3,0.6345,1,2,0,false,true,medium,high,high,resolve_conflict,exact_municipality_match,新居浜市,,新居浜市,"新居浜市, 愛媛県, 日本",multiple_candidates_for_mountain|multiple_mountains_for_candidate|weak_elevation_evidence|missing_csv_coordinate,top_1_but_ambiguous|top_candidate_for_multiple_mountains,shared_candidate|not_mutual_top1,"mountain=大座礼山(#431); candidate=summit-candidate:8f124a2a1de32654; ref_score=0.6345; ref_rank=1; loc_level=exact_municipality_match; priority=high; priority_reasons=top_1_but_ambiguous,top_candidate_for_multiple_mountains"
431,大座礼山,summit-candidate:b2662116bd1858b6,yamap_2025-10-05_08_42.gpx,三ッ森山・大座礼山,1446.9966666666667,1587,140,0.6345,2,2,0.0265,false,true,medium,medium,high,check_close_alternatives,exact_municipality_match,新居浜市,,新居浜市,"新居浜市, 愛媛県, 日本",multiple_candidates_for_mountain|multiple_mountains_for_candidate|weak_elevation_evidence|missing_csv_coordinate,top_3_with_evidence,small_score_gap,mountain=大座礼山(#431); candidate=summit-candidate:b2662116bd1858b6; ref_score=0.6345; ref_rank=2; loc_level=exact_municipality_match; priority=medium; priority_reasons=top_3_with_evidence
431,大座礼山,summit-candidate:20557338e1ab5de6,yamap_2025-10-05_08_42.gpx,三ッ森山・大座礼山,1586.6333333333332,1587,0.37,0.608,3,1,0.118,false,true,medium,high,high,check_close_alternatives,boundary_tolerated_mismatch,新居浜市,,,"大平, 大川村, 土佐郡, 高知県, 日本",multiple_candidates_for_mountain|multiple_mountains_for_candidate|missing_csv_coordinate|location_mismatch_warning,strong_evidence_with_mismatch,small_score_gap,mountain=大座礼山(#431); candidate=summit-candidate:20557338e1ab5de6; ref_score=0.608; ref_rank=3; loc_level=boundary_tolerated_mismatch; priority=high; priority_reasons=strong_evidence_with_mismatch
432,三つ足山,summit-candidate:565ba3761956d9b3,yamap_2025-10-11_06_24.gpx,大森山・佐々連尾山・三つ足山,1426.5633333333335,1452,25.44,0.7365,1,2,0.1285,false,true,medium,high,high,resolve_conflict,exact_municipality_match,四国中央市,,四国中央市,"四国中央市, 愛媛県, 日本",multiple_candidates_for_mountain|multiple_mountains_for_candidate|missing_csv_coordinate,top_1_but_ambiguous|top_candidate_for_multiple_mountains,shared_candidate|not_mutual_top1,"mountain=三つ足山(#432); candidate=summit-candidate:565ba3761956d9b3; ref_score=0.7365; ref_rank=1; loc_level=exact_municipality_match; priority=high; priority_reasons=top_1_but_ambiguous,top_candidate_for_multiple_mountains"
432,三つ足山,summit-candidate:a80dd0489247a839,yamap_2025-10-11_06_24.gpx,大森山・佐々連尾山・三つ足山,1445.6433333333334,1452,6.36,0.608,2,1,0.118,false,true,medium,high,high,check_location_warning,boundary_tolerated_mismatch,四国中央市,,,"本山町, 長岡郡, 高知県, 日本",multiple_candidates_for_mountain|multiple_mountains_for_candidate|missing_csv_coordinate|location_mismatch_warning,strong_evidence_with_mismatch,location_mismatch_warning,mountain=三つ足山(#432); candidate=summit-candidate:a80dd0489247a839; ref_score=0.608; ref_rank=2; loc_level=boundary_tolerated_mismatch; priority=high; priority_reasons=strong_evidence_with_mismatch
432,三つ足山,summit-candidate:db51ae1b2be57eea,yamap_2022-05-07_07_14.gpx,寒川山・鋸山・七々木山・豊受山・赤星山,1451.0833333333333,1452,0.92,0.49,3,8,0.1795,false,false,low,medium,low,low_priority,exact_municipality_match,四国中央市,,四国中央市,"四国中央市, 愛媛県, 日本",multiple_candidates_for_mountain|multiple_mountains_for_candidate|weak_name_evidence|missing_csv_coordinate|activity_link_ambiguous,top_3_with_evidence,low_priority_alternative,mountain=三つ足山(#432); candidate=summit-candidate:db51ae1b2be57eea; ref_score=0.49; ref_rank=3; loc_level=exact_municipality_match; priority=medium; priority_reasons=top_3_with_evidence
433,大森山,summit-candidate:565ba3761956d9b3,yamap_2025-10-11_06_24.gpx,大森山・佐々連尾山・三つ足山,1426.5633333333335,1433,6.44,0.7875,1,1,0.2305,true,true,medium,high,high,resolve_conflict,exact_municipality_match,四国中央市,,四国中央市,"四国中央市, 愛媛県, 日本",multiple_candidates_for_mountain|multiple_mountains_for_candidate|missing_csv_coordinate,top_1_but_ambiguous|top_candidate_for_multiple_mountains,shared_candidate,"mountain=大森山(#433); candidate=summit-candidate:565ba3761956d9b3; ref_score=0.7875; ref_rank=1; loc_level=exact_municipality_match; priority=high; priority_reasons=top_1_but_ambiguous,top_candidate_for_multiple_mountains"
433,大森山,summit-candidate:a80dd0489247a839,yamap_2025-10-11_06_24.gpx,大森山・佐々連尾山・三つ足山,1445.6433333333334,1433,12.64,0.557,2,2,0.102,false,true,medium,high,high,check_location_warning,boundary_tolerated_mismatch,四国中央市,,,"本山町, 長岡郡, 高知県, 日本",multiple_candidates_for_mountain|multiple_mountains_for_candidate|missing_csv_coordinate|location_mismatch_warning,strong_evidence_with_mismatch,location_mismatch_warning,mountain=大森山(#433); candidate=summit-candidate:a80dd0489247a839; ref_score=0.557; ref_rank=2; loc_level=boundary_tolerated_mismatch; priority=high; priority_reasons=strong_evidence_with_mismatch
433,大森山,summit-candidate:19ab381ef6c337af,yamap_2026-02-22_07_32.gpx,高森山・町木山・寒台山・鎧掛山,993.1336935716172,1433,439.87,0.455,3,10,0,false,false,low,high,high,check_location_warning,boundary_tolerated_mismatch,四国中央市,,,"大洲市, 愛媛県, 797-1608, 日本",multiple_candidates_for_mountain|multiple_mountains_for_candidate|weak_elevation_evidence|missing_csv_coordinate|location_mismatch_warning|activity_link_ambiguous,strong_evidence_with_mismatch,location_mismatch_warning,mountain=大森山(#433); candidate=summit-candidate:19ab381ef6c337af; ref_score=0.455; ref_rank=3; loc_level=boundary_tolerated_mismatch; priority=high; priority_reasons=strong_evidence_with_mismatch
434,佐々連尾山,summit-candidate:565ba3761956d9b3,yamap_2025-10-11_06_24.gpx,大森山・佐々連尾山・三つ足山,1426.5633333333335,1404,22.56,0.7365,1,3,0.2305,false,true,medium,high,high,resolve_conflict,exact_municipality_match,四国中央市,,四国中央市,"四国中央市, 愛媛県, 日本",multiple_candidates_for_mountain|multiple_mountains_for_candidate|missing_csv_coordinate,top_1_but_ambiguous|top_candidate_for_multiple_mountains,shared_candidate|not_mutual_top1,"mountain=佐々連尾山(#434); candidate=summit-candidate:565ba3761956d9b3; ref_score=0.7365; ref_rank=1; loc_level=exact_municipality_match; priority=high; priority_reasons=top_1_but_ambiguous,top_candidate_for_multiple_mountains"
434,佐々連尾山,summit-candidate:a80dd0489247a839,yamap_2025-10-11_06_24.gpx,大森山・佐々連尾山・三つ足山,1445.6433333333334,1404,41.64,0.506,2,4,0.1955,false,false,medium,high,high,check_location_warning,boundary_tolerated_mismatch,四国中央市,,,"本山町, 長岡郡, 高知県, 日本",multiple_candidates_for_mountain|multiple_mountains_for_candidate|missing_csv_coordinate|location_mismatch_warning,strong_evidence_with_mismatch,location_mismatch_warning,mountain=佐々連尾山(#434); candidate=summit-candidate:a80dd0489247a839; ref_score=0.506; ref_rank=2; loc_level=boundary_tolerated_mismatch; priority=high; priority_reasons=strong_evidence_with_mismatch
434,佐々連尾山,summit-candidate:403c0894babcf279,yamap_2025-06-21_08_53.gpx,貝渚山・水なし山,1403.506666666667,1404,0.49,0.3105,3,8,0,false,false,low,high,high,resolve_conflict,boundary_tolerated_mismatch,四国中央市,,,"久万高原町, 上浮穴郡, 愛媛県, 日本",multiple_candidates_for_mountain|multiple_mountains_for_candidate|weak_name_evidence|missing_csv_coordinate|location_mismatch_warning,strong_evidence_with_mismatch|top_candidate_for_multiple_mountains,shared_candidate,"mountain=佐々連尾山(#434); candidate=summit-candidate:403c0894babcf279; ref_score=0.3105; ref_rank=3; loc_level=boundary_tolerated_mismatch; priority=high; priority_reasons=strong_evidence_with_mismatch,top_candidate_for_multiple_mountains"
435,東ノ冠岳,summit-candidate:b73a23fa4b3abc39,yamap_2023-09-06_13_30.gpx,冠岳,1375.6266666666668,1920,544.37,0.575,1,3,0.2645,false,true,low,high,high,resolve_conflict,exact_municipality_match,久万高原町,,久万高原町,"石鎚スカイライン, 久万高原町, 上浮穴郡, 愛媛県, 日本",multiple_candidates_for_mountain|multiple_mountains_for_candidate|weak_elevation_evidence|missing_csv_coordinate,top_1_but_ambiguous|top_candidate_for_multiple_mountains,shared_candidate|not_mutual_top1,"mountain=東ノ冠岳(#435); candidate=summit-candidate:b73a23fa4b3abc39; ref_score=0.575; ref_rank=1; loc_level=exact_municipality_match; priority=high; priority_reasons=top_1_but_ambiguous,top_candidate_for_multiple_mountains"
435,東ノ冠岳,summit-candidate:bca203164e26ce6a,yamap_2022-07-02_07_43.gpx,石鎚山・西ノ冠岳・面河の頭・二ノ森・鞍瀬ノ頭,1924.4866666666667,1920,4.49,0.3105,2,8,0,false,false,low,high,high,check_location_warning,boundary_tolerated_mismatch,久万高原町,,,"西条市, 愛媛県, 日本",multiple_candidates_for_mountain|multiple_mountains_for_candidate|weak_name_evidence|missing_csv_coordinate|location_mismatch_warning,strong_evidence_with_mismatch,location_mismatch_warning,mountain=東ノ冠岳(#435); candidate=summit-candidate:bca203164e26ce6a; ref_score=0.3105; ref_rank=2; loc_level=boundary_tolerated_mismatch; priority=high; priority_reasons=strong_evidence_with_mismatch
435,東ノ冠岳,summit-candidate:fe43b0b6aa90cb8f,yamap_2022-07-02_07_43.gpx,石鎚山・西ノ冠岳・面河の頭・二ノ森・鞍瀬ノ頭,1920.7933333333333,1920,0.79,0.3105,3,8,0.051,false,false,low,high,high,check_location_warning,boundary_tolerated_mismatch,久万高原町,,,"石鎚神社頂上山荘, 三の鎖, 西条市, 愛媛県, 日本",multiple_candidates_for_mountain|multiple_mountains_for_candidate|weak_name_evidence|missing_csv_coordinate|location_mismatch_warning,strong_evidence_with_mismatch,location_mismatch_warning,mountain=東ノ冠岳(#435); candidate=summit-candidate:fe43b0b6aa90cb8f; ref_score=0.3105; ref_rank=3; loc_level=boundary_tolerated_mismatch; priority=high; priority_reasons=strong_evidence_with_mismatch
436,大峰,summit-candidate:1946316119cd7251,yamap_2025-10-23_15_58.gpx,大峰,362.5859909540507,358,4.59,0.7875,1,1,0.153,true,true,medium,high,medium,accept_candidate_after_map_check,exact_municipality_match,伊方町,,伊方町,"亀浦, 伊方町, 西宇和郡, 愛媛県, 796-0399, 日本",multiple_candidates_for_mountain|multiple_mountains_for_candidate|missing_csv_coordinate|activity_link_ambiguous|timezone_sensitive_activity_link,top_1_but_ambiguous,clear_mutual_top1,mountain=大峰(#436); candidate=summit-candidate:1946316119cd7251; ref_score=0.7875; ref_rank=1; loc_level=exact_municipality_match; priority=high; priority_reasons=top_1_but_ambiguous
436,大峰,summit-candidate:f3bf8b21a01f29ef,yamap_2025-10-23_16_38.gpx,堂堂山,408.84971455495605,358,50.85,0.6345,2,2,0.1795,false,true,medium,medium,low,low_priority,exact_municipality_match,伊方町,,伊方町,"鳥井喜木津線, 伊方越, 伊方町, 西宇和郡, 愛媛県, 796-0399, 日本",multiple_candidates_for_mountain|multiple_mountains_for_candidate|weak_elevation_evidence|missing_csv_coordinate|activity_link_ambiguous|timezone_sensitive_activity_link,top_3_with_evidence,low_priority_alternative,mountain=大峰(#436); candidate=summit-candidate:f3bf8b21a01f29ef; ref_score=0.6345; ref_rank=2; loc_level=exact_municipality_match; priority=medium; priority_reasons=top_3_with_evidence
436,大峰,summit-candidate:8de328f982753d58,yamap_2022-08-21_15_44.gpx,大峰ヶ台,117.91000000000001,358,240.09,0.455,3,11,0.1445,false,false,low,high,high,check_location_warning,boundary_tolerated_mismatch,伊方町,,,"朝日ケ丘一丁目, 南江戸町, 松山市, 愛媛県, 790-0062, 日本",multiple_candidates_for_mountain|multiple_mountains_for_candidate|weak_elevation_evidence|missing_csv_coordinate|location_mismatch_warning|timezone_sensitive_activity_link,strong_evidence_with_mismatch,location_mismatch_warning,mountain=大峰(#436); candidate=summit-candidate:8de328f982753d58; ref_score=0.455; ref_rank=3; loc_level=boundary_tolerated_mismatch; priority=high; priority_reasons=strong_evidence_with_mismatch
437,堂堂山,summit-candidate:f3bf8b21a01f29ef,yamap_2025-10-23_16_38.gpx,堂堂山,408.84971455495605,403,5.85,0.7875,1,1,0.102,true,true,medium,high,medium,accept_candidate_after_map_check,exact_municipality_match,伊方町,,伊方町,"鳥井喜木津線, 伊方越, 伊方町, 西宇和郡, 愛媛県, 796-0399, 日本",multiple_candidates_for_mountain|multiple_mountains_for_candidate|missing_csv_coordinate|activity_link_ambiguous|timezone_sensitive_activity_link,top_1_but_ambiguous,clear_mutual_top1,mountain=堂堂山(#437); candidate=summit-candidate:f3bf8b21a01f29ef; ref_score=0.7875; ref_rank=1; loc_level=exact_municipality_match; priority=high; priority_reasons=top_1_but_ambiguous
437,堂堂山,summit-candidate:1946316119cd7251,yamap_2025-10-23_15_58.gpx,大峰,362.5859909540507,403,40.41,0.6855,2,2,0.2465,false,true,medium,medium,low,low_priority,exact_municipality_match,伊方町,,伊方町,"亀浦, 伊方町, 西宇和郡, 愛媛県, 796-0399, 日本",multiple_candidates_for_mountain|multiple_mountains_for_candidate|missing_csv_coordinate|activity_link_ambiguous|timezone_sensitive_activity_link,top_3_with_evidence,low_priority_alternative,mountain=堂堂山(#437); candidate=summit-candidate:1946316119cd7251; ref_score=0.6855; ref_rank=2; loc_level=exact_municipality_match; priority=medium; priority_reasons=top_3_with_evidence
437,堂堂山,summit-candidate:da46e12c02d47edf,yamap_2022-02-09_10_01.gpx,佐田岬と伽藍山,413.7400702411658,403,10.74,0.439,3,3,0.1285,false,true,low,medium,low,low_priority,exact_municipality_match,伊方町,,伊方町,"松, 伊方町, 西宇和郡, 愛媛県, 796-0899, 日本",multiple_candidates_for_mountain|multiple_mountains_for_candidate|weak_name_evidence|missing_csv_coordinate,top_3_with_evidence,low_priority_alternative,mountain=堂堂山(#437); candidate=summit-candidate:da46e12c02d47edf; ref_score=0.439; ref_rank=3; loc_level=exact_municipality_match; priority=medium; priority_reasons=top_3_with_evidence
438,堂所山,summit-candidate:192b785fe79890e5,yamap_2025-10-26_11_45.gpx,堂所山,592.0266666666666,593,0.97,0.7875,1,1,0.2975,true,true,medium,high,medium,accept_candidate_after_map_check,exact_municipality_match,西予市,,西予市,"宇和町山田, 西予市, 愛媛県, 796-0912, 日本",multiple_candidates_for_mountain|multiple_mountains_for_candidate|missing_csv_coordinate,top_1_but_ambiguous,clear_mutual_top1,mountain=堂所山(#438); candidate=summit-candidate:192b785fe79890e5; ref_score=0.7875; ref_rank=1; loc_level=exact_municipality_match; priority=high; priority_reasons=top_1_but_ambiguous
438,堂所山,summit-candidate:d71483d289d0c575,yamap_2025-01-24_13_34.gpx,御篠山・松葉山（松葉城址）・烏殿,583.88,593,9.12,0.49,2,4,0.051,false,false,low,medium,low,low_priority,exact_municipality_match,西予市,,西予市,"宇和町常定寺, 西予市, 愛媛県, 797-0006, 日本",multiple_candidates_for_mountain|multiple_mountains_for_candidate|weak_name_evidence|missing_csv_coordinate,top_3_with_evidence,low_priority_alternative,mountain=堂所山(#438); candidate=summit-candidate:d71483d289d0c575; ref_score=0.49; ref_rank=2; loc_level=exact_municipality_match; priority=medium; priority_reasons=top_3_with_evidence
438,堂所山,summit-candidate:5f3f2f47d84464c4,yamap_2025-03-30_09_12.gpx,一ヶ森,605.2468947172716,593,12.25,0.439,3,8,0,false,false,low,medium,low,low_priority,exact_municipality_match,西予市,,西予市,"西予市, 愛媛県, 797-1505, 日本",multiple_candidates_for_mountain|multiple_mountains_for_candidate|weak_name_evidence|missing_csv_coordinate|activity_link_ambiguous,top_3_with_evidence,low_priority_alternative,mountain=堂所山(#438); candidate=summit-candidate:5f3f2f47d84464c4; ref_score=0.439; ref_rank=3; loc_level=exact_municipality_match; priority=medium; priority_reasons=top_3_with_evidence
439,天満山,summit-candidate:69652a1c97f3b2eb,yamap_2025-09-27_06_52.gpx,東光森山・別子山,1369.4399999999998,1360,9.44,0.49,1,3,0.1795,false,true,low,high,high,resolve_conflict,exact_municipality_match,新居浜市,,新居浜市,"大北川, 大川村, 土佐郡, 高知県, 日本",multiple_candidates_for_mountain|multiple_mountains_for_candidate|weak_name_evidence|missing_csv_coordinate,top_1_but_ambiguous|top_candidate_for_multiple_mountains,shared_candidate|not_mutual_top1,"mountain=天満山(#439); candidate=summit-candidate:69652a1c97f3b2eb; ref_score=0.49; ref_rank=1; loc_level=exact_municipality_match; priority=high; priority_reasons=top_1_but_ambiguous,top_candidate_for_multiple_mountains"
439,天満山,summit-candidate:09c1602c02ce7f78,yamap_2024-04-07_06_45.gpx,二箆山・西雑誌山,1357.4633333333334,1360,2.54,0.3105,2,9,0,false,false,low,high,high,check_location_warning,boundary_tolerated_mismatch,新居浜市,,,"久万高原町, 上浮穴郡, 愛媛県, 日本",multiple_candidates_for_mountain|multiple_mountains_for_candidate|weak_name_evidence|missing_csv_coordinate|location_mismatch_warning,strong_evidence_with_mismatch,location_mismatch_warning,mountain=天満山(#439); candidate=summit-candidate:09c1602c02ce7f78; ref_score=0.3105; ref_rank=2; loc_level=boundary_tolerated_mismatch; priority=high; priority_reasons=strong_evidence_with_mismatch
439,天満山,summit-candidate:1c085703f9a891aa,yamap_2025-08-15_12_44.gpx,正木ノ森,1363.1366666666665,1360,3.14,0.3105,3,11,0,false,false,low,high,high,resolve_conflict,boundary_tolerated_mismatch,新居浜市,,,"林道 小田・池川線, 久万高原町, 上浮穴郡, 愛媛県, 日本",multiple_candidates_for_mountain|multiple_mountains_for_candidate|weak_name_evidence|missing_csv_coordinate|location_mismatch_warning|activity_link_ambiguous,strong_evidence_with_mismatch|top_candidate_for_multiple_mountains,shared_candidate,"mountain=天満山(#439); candidate=summit-candidate:1c085703f9a891aa; ref_score=0.3105; ref_rank=3; loc_level=boundary_tolerated_mismatch; priority=high; priority_reasons=strong_evidence_with_mismatch,top_candidate_for_multiple_mountains"
440,霧立山,summit-candidate:b319c20dc9ecb5f1,yamap_2025-12-06_08_06.gpx,霧立山・地蔵山,1106.7248732843473,1096,10.72,0.7365,1,1,0.051,true,true,medium,high,medium,accept_candidate_after_map_check,exact_municipality_match,鬼北町,,鬼北町,"鬼北町, 北宇和郡, 愛媛県, 日本",multiple_candidates_for_mountain|multiple_mountains_for_candidate|missing_csv_coordinate,top_1_but_ambiguous,clear_mutual_top1,mountain=霧立山(#440); candidate=summit-candidate:b319c20dc9ecb5f1; ref_score=0.7365; ref_rank=1; loc_level=exact_municipality_match; priority=high; priority_reasons=top_1_but_ambiguous
440,霧立山,summit-candidate:9fe4d21715424f17,yamap_2025-12-06_08_06.gpx,霧立山・地蔵山,1139.8423907433491,1096,43.84,0.6855,2,2,0.375,false,true,medium,medium,low,low_priority,exact_municipality_match,鬼北町,,鬼北町,"鬼北町, 北宇和郡, 愛媛県, 日本",multiple_candidates_for_mountain|multiple_mountains_for_candidate|missing_csv_coordinate,top_3_with_evidence,low_priority_alternative,mountain=霧立山(#440); candidate=summit-candidate:9fe4d21715424f17; ref_score=0.6855; ref_rank=2; loc_level=exact_municipality_match; priority=medium; priority_reasons=top_3_with_evidence
440,霧立山,summit-candidate:367897a1c7a2d287,yamap_2023-05-27_09_55.gpx,前善神山・善神山,1089.5833333333333,1096,6.42,0.3105,3,6,0,false,false,low,high,high,resolve_conflict,boundary_tolerated_mismatch,鬼北町,,,"井内, 東温市, 愛媛県, 日本",multiple_candidates_for_mountain|multiple_mountains_for_candidate|weak_name_evidence|missing_csv_coordinate|location_mismatch_warning,strong_evidence_with_mismatch|top_candidate_for_multiple_mountains,shared_candidate,"mountain=霧立山(#440); candidate=summit-candidate:367897a1c7a2d287; ref_score=0.3105; ref_rank=3; loc_level=boundary_tolerated_mismatch; priority=high; priority_reasons=strong_evidence_with_mismatch,top_candidate_for_multiple_mountains"
441,地蔵山,summit-candidate:9fe4d21715424f17,yamap_2025-12-06_08_06.gpx,霧立山・地蔵山,1139.8423907433491,1126,13.84,0.7365,1,1,0,true,true,medium,high,medium,accept_candidate_after_map_check,exact_municipality_match,鬼北町,,鬼北町,"鬼北町, 北宇和郡, 愛媛県, 日本",multiple_candidates_for_mountain|multiple_mountains_for_candidate|missing_csv_coordinate,top_1_but_ambiguous,clear_mutual_top1,mountain=地蔵山(#441); candidate=summit-candidate:9fe4d21715424f17; ref_score=0.7365; ref_rank=1; loc_level=exact_municipality_match; priority=high; priority_reasons=top_1_but_ambiguous
441,地蔵山,summit-candidate:b319c20dc9ecb5f1,yamap_2025-12-06_08_06.gpx,霧立山・地蔵山,1106.7248732843473,1126,19.28,0.7365,2,2,0.426,false,true,medium,medium,high,check_close_alternatives,exact_municipality_match,鬼北町,,鬼北町,"鬼北町, 北宇和郡, 愛媛県, 日本",multiple_candidates_for_mountain|multiple_mountains_for_candidate|missing_csv_coordinate,top_3_with_evidence,small_score_gap,mountain=地蔵山(#441); candidate=summit-candidate:b319c20dc9ecb5f1; ref_score=0.7365; ref_rank=2; loc_level=exact_municipality_match; priority=medium; priority_reasons=top_3_with_evidence
441,地蔵山,summit-candidate:6198ad7009d86ec2,yamap_2022-04-22_14_13.gpx,雨包山,1117.4867674520622,1126,8.51,0.3105,3,8,0,false,false,low,high,high,check_location_warning,boundary_tolerated_mismatch,鬼北町,,,"西予市, 愛媛県, 797-1432, 日本",multiple_candidates_for_mountain|multiple_mountains_for_candidate|weak_name_evidence|missing_csv_coordinate|location_mismatch_warning|activity_link_ambiguous,strong_evidence_with_mismatch,location_mismatch_warning,mountain=地蔵山(#441); candidate=summit-candidate:6198ad7009d86ec2; ref_score=0.3105; ref_rank=3; loc_level=boundary_tolerated_mismatch; priority=high; priority_reasons=strong_evidence_with_mismatch
442,天道ヶ頭,summit-candidate:8d1f2bd134bed04d,yamap_2025-12-10_11_40.gpx,天道ヶ頭,507.77,510,2.23,0.7875,1,1,0.3485,true,true,medium,high,medium,accept_candidate_after_map_check,exact_municipality_match,今治市,,今治市,"今治市, 愛媛県, 794-8511, 日本",multiple_candidates_for_mountain|multiple_mountains_for_candidate|missing_csv_coordinate,top_1_but_ambiguous,clear_mutual_top1,mountain=天道ヶ頭(#442); candidate=summit-candidate:8d1f2bd134bed04d; ref_score=0.7875; ref_rank=1; loc_level=exact_municipality_match; priority=high; priority_reasons=top_1_but_ambiguous
442,天道ヶ頭,summit-candidate:6b0155a434d72d79,yamap_2024-12-15_07_21.gpx,陣が森・岩が森・スクモ塚・高萩山・長者森,532.4466666666667,510,22.45,0.439,2,6,0.1285,false,false,low,medium,low,low_priority,exact_municipality_match,今治市,,今治市,"今治市, 愛媛県, 794-8511, 日本",multiple_candidates_for_mountain|multiple_mountains_for_candidate|weak_name_evidence|missing_csv_coordinate,top_3_with_evidence,low_priority_alternative,mountain=天道ヶ頭(#442); candidate=summit-candidate:6b0155a434d72d79; ref_score=0.439; ref_rank=2; loc_level=exact_municipality_match; priority=medium; priority_reasons=top_3_with_evidence
442,天道ヶ頭,summit-candidate:32c1cf967ab82dbe,yamap_2024-12-01_06_40.gpx,唐谷山・天狗森・木峰・金見山・高丸・五郎丸・大谷山・龍王山,503.24333333333334,510,6.76,0.3105,3,16,0,false,false,low,high,high,check_location_warning,boundary_tolerated_mismatch,今治市,,,"大野原川之江線, 大野原町田野々, 観音寺市, 香川県, 769-1623, 日本",multiple_candidates_for_mountain|multiple_mountains_for_candidate|weak_name_evidence|missing_csv_coordinate|location_mismatch_warning|activity_link_ambiguous,strong_evidence_with_mismatch,location_mismatch_warning,mountain=天道ヶ頭(#442); candidate=summit-candidate:32c1cf967ab82dbe; ref_score=0.3105; ref_rank=3; loc_level=boundary_tolerated_mismatch; priority=high; priority_reasons=strong_evidence_with_mismatch
443,根太山,summit-candidate:b1bd2a482a691bd8,yamap_2025-12-14_12_03.gpx,根太山,285.99333333333334,299,13.01,0.7365,1,1,0.102,true,true,medium,high,medium,accept_candidate_after_map_check,exact_municipality_match,大洲市,,大洲市,"菅田町菅田, 大洲市, 愛媛県, 795-0081, 日本",multiple_candidates_for_mountain|multiple_mountains_for_candidate|missing_csv_coordinate|activity_link_ambiguous,top_1_but_ambiguous,clear_mutual_top1,mountain=根太山(#443); candidate=summit-candidate:b1bd2a482a691bd8; ref_score=0.7365; ref_rank=1; loc_level=exact_municipality_match; priority=high; priority_reasons=top_1_but_ambiguous
443,根太山,summit-candidate:6b62cbb916ef874d,yamap_2025-12-14_08_56.gpx,梁瀬山・紅葉山,371.28,299,72.28,0.6345,2,3,0,false,true,medium,high,high,resolve_conflict,exact_municipality_match,大洲市,,大洲市,"柚木, 大洲市, 愛媛県, 795-0001, 日本",multiple_candidates_for_mountain|multiple_mountains_for_candidate|weak_elevation_evidence|missing_csv_coordinate|activity_link_ambiguous,top_candidate_for_multiple_mountains,shared_candidate,mountain=根太山(#443); candidate=summit-candidate:6b62cbb916ef874d; ref_score=0.6345; ref_rank=2; loc_level=exact_municipality_match; priority=high; priority_reasons=top_candidate_for_multiple_mountains
443,根太山,summit-candidate:d663a75e24f23530,yamap_2025-12-14_08_56.gpx,梁瀬山・紅葉山,373.03999999999996,299,74.04,0.6345,3,3,0.324,false,true,medium,medium,low,low_priority,exact_municipality_match,大洲市,,大洲市,"松尾, 大洲市, 愛媛県, 795-0001, 日本",multiple_candidates_for_mountain|multiple_mountains_for_candidate|weak_elevation_evidence|missing_csv_coordinate|activity_link_ambiguous,top_3_with_evidence,low_priority_alternative,mountain=根太山(#443); candidate=summit-candidate:d663a75e24f23530; ref_score=0.6345; ref_rank=3; loc_level=exact_municipality_match; priority=medium; priority_reasons=top_3_with_evidence
444,紅葉山,summit-candidate:6b62cbb916ef874d,yamap_2025-12-14_08_56.gpx,梁瀬山・紅葉山,371.28,376,4.72,0.7875,1,1,0,true,true,medium,high,high,resolve_conflict,exact_municipality_match,大洲市,,大洲市,"柚木, 大洲市, 愛媛県, 795-0001, 日本",multiple_candidates_for_mountain|multiple_mountains_for_candidate|missing_csv_coordinate|activity_link_ambiguous,top_1_but_ambiguous|top_candidate_for_multiple_mountains,shared_candidate,"mountain=紅葉山(#444); candidate=summit-candidate:6b62cbb916ef874d; ref_score=0.7875; ref_rank=1; loc_level=exact_municipality_match; priority=high; priority_reasons=top_1_but_ambiguous,top_candidate_for_multiple_mountains"
444,紅葉山,summit-candidate:d663a75e24f23530,yamap_2025-12-14_08_56.gpx,梁瀬山・紅葉山,373.03999999999996,376,2.96,0.7875,2,1,0.153,false,true,medium,medium,high,check_close_alternatives,exact_municipality_match,大洲市,,大洲市,"松尾, 大洲市, 愛媛県, 795-0001, 日本",multiple_candidates_for_mountain|multiple_mountains_for_candidate|missing_csv_coordinate|activity_link_ambiguous,top_3_with_evidence,small_score_gap,mountain=紅葉山(#444); candidate=summit-candidate:d663a75e24f23530; ref_score=0.7875; ref_rank=2; loc_level=exact_municipality_match; priority=medium; priority_reasons=top_3_with_evidence
444,紅葉山,summit-candidate:b1bd2a482a691bd8,yamap_2025-12-14_12_03.gpx,根太山,285.99333333333334,376,90.01,0.6345,3,2,0.1445,false,true,medium,medium,low,low_priority,exact_municipality_match,大洲市,,大洲市,"菅田町菅田, 大洲市, 愛媛県, 795-0081, 日本",multiple_candidates_for_mountain|multiple_mountains_for_candidate|weak_elevation_evidence|missing_csv_coordinate|activity_link_ambiguous,top_3_with_evidence,low_priority_alternative,mountain=紅葉山(#444); candidate=summit-candidate:b1bd2a482a691bd8; ref_score=0.6345; ref_rank=3; loc_level=exact_municipality_match; priority=medium; priority_reasons=top_3_with_evidence
445,梁瀬山,summit-candidate:6b62cbb916ef874d,yamap_2025-12-14_08_56.gpx,梁瀬山・紅葉山,371.28,372,0.72,0.7875,1,2,0,false,true,medium,high,high,resolve_conflict,exact_municipality_match,大洲市,,大洲市,"柚木, 大洲市, 愛媛県, 795-0001, 日本",multiple_candidates_for_mountain|multiple_mountains_for_candidate|missing_csv_coordinate|activity_link_ambiguous,top_1_but_ambiguous|top_candidate_for_multiple_mountains,shared_candidate|not_mutual_top1,"mountain=梁瀬山(#445); candidate=summit-candidate:6b62cbb916ef874d; ref_score=0.7875; ref_rank=1; loc_level=exact_municipality_match; priority=high; priority_reasons=top_1_but_ambiguous,top_candidate_for_multiple_mountains"
445,梁瀬山,summit-candidate:d663a75e24f23530,yamap_2025-12-14_08_56.gpx,梁瀬山・紅葉山,373.03999999999996,372,1.04,0.7875,2,2,0.153,false,true,medium,medium,high,check_close_alternatives,exact_municipality_match,大洲市,,大洲市,"松尾, 大洲市, 愛媛県, 795-0001, 日本",multiple_candidates_for_mountain|multiple_mountains_for_candidate|missing_csv_coordinate|activity_link_ambiguous,top_3_with_evidence,small_score_gap,mountain=梁瀬山(#445); candidate=summit-candidate:d663a75e24f23530; ref_score=0.7875; ref_rank=2; loc_level=exact_municipality_match; priority=medium; priority_reasons=top_3_with_evidence
445,梁瀬山,summit-candidate:b1bd2a482a691bd8,yamap_2025-12-14_12_03.gpx,根太山,285.99333333333334,372,86.01,0.6345,3,3,0.1955,false,true,medium,medium,low,low_priority,exact_municipality_match,大洲市,,大洲市,"菅田町菅田, 大洲市, 愛媛県, 795-0081, 日本",multiple_candidates_for_mountain|multiple_mountains_for_candidate|weak_elevation_evidence|missing_csv_coordinate|activity_link_ambiguous,top_3_with_evidence,low_priority_alternative,mountain=梁瀬山(#445); candidate=summit-candidate:b1bd2a482a691bd8; ref_score=0.6345; ref_rank=3; loc_level=exact_municipality_match; priority=medium; priority_reasons=top_3_with_evidence
446,池ノ城山,summit-candidate:f028aab45221cee6,yamap_2025-12-20_07_28.gpx,池ノ城山,599.1233333333333,589,10.12,0.7365,1,1,0.27725,true,true,medium,high,high,resolve_conflict,exact_municipality_match,内子町,,内子町,"内子町, 喜多郡, 愛媛県, 日本",multiple_candidates_for_mountain|multiple_mountains_for_candidate|missing_csv_coordinate,top_1_but_ambiguous|top_candidate_for_multiple_mountains,shared_candidate,"mountain=池ノ城山(#446); candidate=summit-candidate:f028aab45221cee6; ref_score=0.7365; ref_rank=1; loc_level=exact_municipality_match; priority=high; priority_reasons=top_1_but_ambiguous,top_candidate_for_multiple_mountains"
446,池ノ城山,summit-candidate:9cc74b44e1289236,yamap_2024-12-01_06_40.gpx,唐谷山・天狗森・木峰・金見山・高丸・五郎丸・大谷山・龍王山,589.3233333333334,589,0.32,0.45925,2,11,0,false,false,low,high,high,resolve_conflict,boundary_tolerated_mismatch,内子町,,,"市道下谷線, 金生町山田井, 四国中央市, 愛媛県, 769-1623, 日本",multiple_candidates_for_mountain|multiple_mountains_for_candidate|weak_name_evidence|missing_csv_coordinate|location_mismatch_warning|activity_link_ambiguous,strong_evidence_with_mismatch|top_candidate_for_multiple_mountains,shared_candidate,"mountain=池ノ城山(#446); candidate=summit-candidate:9cc74b44e1289236; ref_score=0.45925; ref_rank=2; loc_level=boundary_tolerated_mismatch; priority=high; priority_reasons=strong_evidence_with_mismatch,top_candidate_for_multiple_mountains"
446,池ノ城山,summit-candidate:c8607e1f03bb5db1,yamap_2024-12-01_06_40.gpx,唐谷山・天狗森・木峰・金見山・高丸・五郎丸・大谷山・龍王山,585.22,589,3.78,0.45925,3,11,0,false,false,low,high,high,check_location_warning,boundary_tolerated_mismatch,内子町,,,"林道金見山線, 金生町山田井, 四国中央市, 愛媛県, 769-1623, 日本",multiple_candidates_for_mountain|multiple_mountains_for_candidate|weak_name_evidence|missing_csv_coordinate|location_mismatch_warning|activity_link_ambiguous,strong_evidence_with_mismatch,location_mismatch_warning,mountain=池ノ城山(#446); candidate=summit-candidate:c8607e1f03bb5db1; ref_score=0.45925; ref_rank=3; loc_level=boundary_tolerated_mismatch; priority=high; priority_reasons=strong_evidence_with_mismatch
447,峠ヶ森,summit-candidate:e7b64a377534c79e,yamap_2026-01-04_11_16.gpx,峠ヶ森,217.52368147012137,202,15.52,0.7365,1,1,0.102,true,true,medium,high,medium,accept_candidate_after_map_check,exact_municipality_match,宇和島市,,宇和島市,"宇和島市, 愛媛県, 798-8601, 日本",multiple_candidates_for_mountain|multiple_mountains_for_candidate|missing_csv_coordinate|activity_link_ambiguous,top_1_but_ambiguous,clear_mutual_top1,mountain=峠ヶ森(#447); candidate=summit-candidate:e7b64a377534c79e; ref_score=0.7365; ref_rank=1; loc_level=exact_municipality_match; priority=high; priority_reasons=top_1_but_ambiguous
447,峠ヶ森,summit-candidate:730e21bca5cdf60d,yamap_2026-01-04_08_20.gpx,雨森山,312.2633333333334,202,110.26,0.6345,2,2,0.324,false,true,medium,medium,low,low_priority,exact_municipality_match,宇和島市,,宇和島市,"津島町田之浜, 宇和島市, 愛媛県, 798-8601, 日本",multiple_candidates_for_mountain|multiple_mountains_for_candidate|weak_elevation_evidence|missing_csv_coordinate|activity_link_ambiguous,top_3_with_evidence,low_priority_alternative,mountain=峠ヶ森(#447); candidate=summit-candidate:730e21bca5cdf60d; ref_score=0.6345; ref_rank=2; loc_level=exact_municipality_match; priority=medium; priority_reasons=top_3_with_evidence
447,峠ヶ森,summit-candidate:23c112538ef91e0d,yamap_2022-02-23_08_42.gpx,西山・経ヶ森・岩子山・護摩ヶ森,195.95000000000002,202,6.05,0.3105,3,24,0,false,false,low,high,high,resolve_conflict,boundary_tolerated_mismatch,宇和島市,,,"高浜トンネル, 高浜町一丁目, 新浜町, 松山市, 愛媛県, 791-8081, 日本",multiple_candidates_for_mountain|multiple_mountains_for_candidate|weak_name_evidence|missing_csv_coordinate|location_mismatch_warning,strong_evidence_with_mismatch|top_candidate_for_multiple_mountains,shared_candidate,"mountain=峠ヶ森(#447); candidate=summit-candidate:23c112538ef91e0d; ref_score=0.3105; ref_rank=3; loc_level=boundary_tolerated_mismatch; priority=high; priority_reasons=strong_evidence_with_mismatch,top_candidate_for_multiple_mountains"
448,雨森山,summit-candidate:730e21bca5cdf60d,yamap_2026-01-04_08_20.gpx,雨森山,312.2633333333334,302,10.26,0.7365,1,1,0.102,true,true,medium,high,medium,accept_candidate_after_map_check,exact_municipality_match,宇和島市,,宇和島市,"津島町田之浜, 宇和島市, 愛媛県, 798-8601, 日本",multiple_candidates_for_mountain|multiple_mountains_for_candidate|missing_csv_coordinate|activity_link_ambiguous,top_1_but_ambiguous,clear_mutual_top1,mountain=雨森山(#448); candidate=summit-candidate:730e21bca5cdf60d; ref_score=0.7365; ref_rank=1; loc_level=exact_municipality_match; priority=high; priority_reasons=top_1_but_ambiguous
448,雨森山,summit-candidate:e7b64a377534c79e,yamap_2026-01-04_11_16.gpx,峠ヶ森,217.52368147012137,302,84.48,0.6345,2,2,0.1955,false,true,medium,medium,low,low_priority,exact_municipality_match,宇和島市,,宇和島市,"宇和島市, 愛媛県, 798-8601, 日本",multiple_candidates_for_mountain|multiple_mountains_for_candidate|weak_elevation_evidence|missing_csv_coordinate|activity_link_ambiguous,top_3_with_evidence,low_priority_alternative,mountain=雨森山(#448); candidate=summit-candidate:e7b64a377534c79e; ref_score=0.6345; ref_rank=2; loc_level=exact_municipality_match; priority=medium; priority_reasons=top_3_with_evidence
448,雨森山,summit-candidate:e55456349660bd14,yamap_2026-01-31_10_49.gpx,遠見山,325.42,302,23.42,0.439,3,11,0,false,false,low,medium,low,low_priority,exact_municipality_match,宇和島市,,宇和島市,"吉田町立間尻, 元町, 宇和島市, 愛媛県, 798-8601, 日本",multiple_candidates_for_mountain|multiple_mountains_for_candidate|weak_name_evidence|missing_csv_coordinate|activity_link_ambiguous,top_3_with_evidence,low_priority_alternative,mountain=雨森山(#448); candidate=summit-candidate:e55456349660bd14; ref_score=0.439; ref_rank=3; loc_level=exact_municipality_match; priority=medium; priority_reasons=top_3_with_evidence
449,御在所山,summit-candidate:17c3649ad9b147ce,yamap_2026-01-07_07_05.gpx,御在所山,665.1833333333333,668,2.82,0.7875,1,1,0.153,true,true,medium,high,high,resolve_conflict,exact_municipality_match,大洲市,,大洲市,"大洲市, 愛媛県, 797-1507, 日本",multiple_candidates_for_mountain|multiple_mountains_for_candidate|missing_csv_coordinate|activity_link_ambiguous,top_1_but_ambiguous|top_candidate_for_multiple_mountains,shared_candidate,"mountain=御在所山(#449); candidate=summit-candidate:17c3649ad9b147ce; ref_score=0.7875; ref_rank=1; loc_level=exact_municipality_match; priority=high; priority_reasons=top_1_but_ambiguous,top_candidate_for_multiple_mountains"
449,御在所山,summit-candidate:a271a6c73ad11b69,yamap_2026-01-07_09_14.gpx,高雄山,382.21000000000004,668,285.79,0.6345,2,1,0.1795,false,true,medium,medium,low,low_priority,exact_municipality_match,大洲市,,大洲市,"大洲市, 愛媛県, 797-1507, 日本",multiple_candidates_for_mountain|multiple_mountains_for_candidate|weak_elevation_evidence|missing_csv_coordinate|activity_link_ambiguous,top_3_with_evidence,low_priority_alternative,mountain=御在所山(#449); candidate=summit-candidate:a271a6c73ad11b69; ref_score=0.6345; ref_rank=2; loc_level=exact_municipality_match; priority=medium; priority_reasons=top_3_with_evidence
449,御在所山,summit-candidate:61f36127d879648f,yamap_2022-04-27_10_31.gpx,御在所山,911.8788921966252,668,243.88,0.455,3,2,0.016,false,true,low,high,high,check_location_warning,boundary_tolerated_mismatch,大洲市,,,"西予市, 愛媛県, 日本",multiple_candidates_for_mountain|multiple_mountains_for_candidate|weak_elevation_evidence|missing_csv_coordinate|location_mismatch_warning,strong_evidence_with_mismatch,location_mismatch_warning,mountain=御在所山(#449); candidate=summit-candidate:61f36127d879648f; ref_score=0.455; ref_rank=3; loc_level=boundary_tolerated_mismatch; priority=high; priority_reasons=strong_evidence_with_mismatch
450,高雄山,summit-candidate:a271a6c73ad11b69,yamap_2026-01-07_09_14.gpx,高雄山,382.21000000000004,388,5.79,0.608,1,2,0.118,false,true,medium,high,high,resolve_conflict,boundary_tolerated_mismatch,西予市,,,"大洲市, 愛媛県, 797-1507, 日本",multiple_candidates_for_mountain|multiple_mountains_for_candidate|missing_csv_coordinate|location_mismatch_warning|activity_link_ambiguous,top_1_but_ambiguous|strong_evidence_with_mismatch,not_mutual_top1,"mountain=高雄山(#450); candidate=summit-candidate:a271a6c73ad11b69; ref_score=0.608; ref_rank=1; loc_level=boundary_tolerated_mismatch; priority=high; priority_reasons=top_1_but_ambiguous,strong_evidence_with_mismatch"
450,高雄山,summit-candidate:2c1cbc474e49f1ec,yamap_2025-01-24_13_34.gpx,御篠山・松葉山（松葉城址）・烏殿,387.82666666666665,388,0.17,0.49,2,5,0,false,false,low,medium,low,low_priority,exact_municipality_match,西予市,,西予市,"篠山神社, 大洲北只30, 宇和町さくら, 西予市, 愛媛県, 797-0007, 日本",multiple_candidates_for_mountain|multiple_mountains_for_candidate|weak_name_evidence|missing_csv_coordinate,top_3_with_evidence,low_priority_alternative,mountain=高雄山(#450); candidate=summit-candidate:2c1cbc474e49f1ec; ref_score=0.49; ref_rank=2; loc_level=exact_municipality_match; priority=medium; priority_reasons=top_3_with_evidence
450,高雄山,summit-candidate:a5f51c62e44d0847,yamap_2023-01-08_14_24.gpx,黒瀬山(黒瀬城址)・岡山(岡山城址)・鉢ヶ森(鉢ヶ森城址)・護摩ヶ森(護摩ヶ森城址)・我合山(...,379.3966666666667,388,8.6,0.49,3,10,0.035,false,false,low,medium,low,low_priority,exact_municipality_match,西予市,,西予市,"宇和町神領, 西予市, 愛媛県, 797-0015, 日本",multiple_candidates_for_mountain|multiple_mountains_for_candidate|weak_name_evidence|missing_csv_coordinate|activity_link_ambiguous,top_3_with_evidence,low_priority_alternative,mountain=高雄山(#450); candidate=summit-candidate:a5f51c62e44d0847; ref_score=0.49; ref_rank=3; loc_level=exact_municipality_match; priority=medium; priority_reasons=top_3_with_evidence
451,陣が森岳,summit-candidate:1fd59e0e67624706,yamap_2026-01-11_10_38.gpx,陣が森岳,620.0533333333333,620,0.05,0.7875,1,1,0.153,true,true,medium,high,medium,accept_candidate_after_map_check,exact_municipality_match,伊予市,,伊予市,"伊予市, 愛媛県, 791-3206, 日本",multiple_candidates_for_mountain|multiple_mountains_for_candidate|missing_csv_coordinate|activity_link_ambiguous,top_1_but_ambiguous,clear_mutual_top1,mountain=陣が森岳(#451); candidate=summit-candidate:1fd59e0e67624706; ref_score=0.7875; ref_rank=1; loc_level=exact_municipality_match; priority=high; priority_reasons=top_1_but_ambiguous
451,陣が森岳,summit-candidate:61304308f9a58d0d,yamap_2026-01-11_07_50.gpx,黒岩岳,694.3566666666667,620,74.36,0.6345,2,2,0.1445,false,true,medium,medium,low,low_priority,exact_municipality_match,伊予市,,伊予市,"中山町中山, 伊予市, 愛媛県, 791-3206, 日本",multiple_candidates_for_mountain|multiple_mountains_for_candidate|weak_elevation_evidence|missing_csv_coordinate|activity_link_ambiguous,top_3_with_evidence,low_priority_alternative,mountain=陣が森岳(#451); candidate=summit-candidate:61304308f9a58d0d; ref_score=0.6345; ref_rank=2; loc_level=exact_municipality_match; priority=medium; priority_reasons=top_3_with_evidence
451,陣が森岳,summit-candidate:23316af255d30882,yamap_2024-12-08_06_59.gpx,本尊山・秋葉山・立烏帽子山・明神山,627.2966666666666,620,7.3,0.49,3,5,0.051,false,false,low,medium,low,low_priority,exact_municipality_match,伊予市,,伊予市,"双海町高野川, 伊予市, 愛媛県, 日本",multiple_candidates_for_mountain|multiple_mountains_for_candidate|weak_name_evidence|missing_csv_coordinate,top_3_with_evidence,low_priority_alternative,mountain=陣が森岳(#451); candidate=summit-candidate:23316af255d30882; ref_score=0.49; ref_rank=3; loc_level=exact_municipality_match; priority=medium; priority_reasons=top_3_with_evidence
452,黒岩岳,summit-candidate:61304308f9a58d0d,yamap_2026-01-11_07_50.gpx,黒岩岳,694.3566666666667,698,3.64,0.7875,1,1,0.153,true,true,medium,high,medium,accept_candidate_after_map_check,exact_municipality_match,伊予市,,伊予市,"中山町中山, 伊予市, 愛媛県, 791-3206, 日本",multiple_candidates_for_mountain|multiple_mountains_for_candidate|missing_csv_coordinate|activity_link_ambiguous,top_1_but_ambiguous,clear_mutual_top1,mountain=黒岩岳(#452); candidate=summit-candidate:61304308f9a58d0d; ref_score=0.7875; ref_rank=1; loc_level=exact_municipality_match; priority=high; priority_reasons=top_1_but_ambiguous
452,黒岩岳,summit-candidate:1fd59e0e67624706,yamap_2026-01-11_10_38.gpx,陣が森岳,620.0533333333333,698,77.95,0.6345,2,2,0.1955,false,true,medium,medium,low,low_priority,exact_municipality_match,伊予市,,伊予市,"伊予市, 愛媛県, 791-3206, 日本",multiple_candidates_for_mountain|multiple_mountains_for_candidate|weak_elevation_evidence|missing_csv_coordinate|activity_link_ambiguous,top_3_with_evidence,low_priority_alternative,mountain=黒岩岳(#452); candidate=summit-candidate:1fd59e0e67624706; ref_score=0.6345; ref_rank=2; loc_level=exact_municipality_match; priority=medium; priority_reasons=top_3_with_evidence
452,黒岩岳,summit-candidate:ce7fc6697696cde7,yamap_2026-01-25_07_43.gpx,船ヶ迫岳・鎌倉山,669.23,698,28.77,0.439,3,3,0.0085,false,true,low,medium,low,low_priority,exact_municipality_match,伊予市,,伊予市,"伊予市, 愛媛県, 791-3343, 日本",multiple_candidates_for_mountain|multiple_mountains_for_candidate|weak_name_evidence|missing_csv_coordinate,top_3_with_evidence,low_priority_alternative,mountain=黒岩岳(#452); candidate=summit-candidate:ce7fc6697696cde7; ref_score=0.439; ref_rank=3; loc_level=exact_municipality_match; priority=medium; priority_reasons=top_3_with_evidence
453,大判山,summit-candidate:fa9a4432fbf76027,yamap_2026-01-18_06_03.gpx,大判山,791.2866666666665,798,6.71,0.7875,1,1,0.153,true,true,medium,high,high,resolve_conflict,exact_municipality_match,西予市,,西予市,"宇和町窪, 西予市, 愛媛県, 797-0006, 日本",multiple_candidates_for_mountain|multiple_mountains_for_candidate|missing_csv_coordinate|activity_link_ambiguous,top_1_but_ambiguous|top_candidate_for_multiple_mountains,shared_candidate,"mountain=大判山(#453); candidate=summit-candidate:fa9a4432fbf76027; ref_score=0.7875; ref_rank=1; loc_level=exact_municipality_match; priority=high; priority_reasons=top_1_but_ambiguous,top_candidate_for_multiple_mountains"
453,大判山,summit-candidate:51c8bc6a368c422c,yamap_2026-01-18_09_11.gpx,竜王の峰,542.5079186549784,798,255.49,0.6345,2,2,0.324,false,true,medium,high,high,resolve_conflict,exact_municipality_match,西予市,,西予市,"宇和町野田, 西予市, 愛媛県, 797-0111, 日本",multiple_candidates_for_mountain|multiple_mountains_for_candidate|weak_elevation_evidence|missing_csv_coordinate|activity_link_ambiguous,top_candidate_for_multiple_mountains,shared_candidate,mountain=大判山(#453); candidate=summit-candidate:51c8bc6a368c422c; ref_score=0.6345; ref_rank=2; loc_level=exact_municipality_match; priority=high; priority_reasons=top_candidate_for_multiple_mountains
453,大判山,summit-candidate:37c3a34c16599379,yamap_2025-01-26_07_09.gpx,天が森・浄心山・銅が鳴,791.270282533162,798,6.73,0.3105,3,11,0,false,false,low,high,high,check_location_warning,boundary_tolerated_mismatch,西予市,,,"大洲市, 愛媛県, 799-3462, 日本",multiple_candidates_for_mountain|multiple_mountains_for_candidate|weak_name_evidence|missing_csv_coordinate|location_mismatch_warning,strong_evidence_with_mismatch,location_mismatch_warning,mountain=大判山(#453); candidate=summit-candidate:37c3a34c16599379; ref_score=0.3105; ref_rank=3; loc_level=boundary_tolerated_mismatch; priority=high; priority_reasons=strong_evidence_with_mismatch
454,竜王の峰,summit-candidate:51c8bc6a368c422c,yamap_2026-01-18_09_11.gpx,竜王の峰,542.5079186549784,534,8.51,0.7875,1,1,0.153,true,true,medium,high,high,resolve_conflict,exact_municipality_match,西予市,,西予市,"宇和町野田, 西予市, 愛媛県, 797-0111, 日本",multiple_candidates_for_mountain|multiple_mountains_for_candidate|missing_csv_coordinate|activity_link_ambiguous,top_1_but_ambiguous|top_candidate_for_multiple_mountains,shared_candidate,"mountain=竜王の峰(#454); candidate=summit-candidate:51c8bc6a368c422c; ref_score=0.7875; ref_rank=1; loc_level=exact_municipality_match; priority=high; priority_reasons=top_1_but_ambiguous,top_candidate_for_multiple_mountains"
454,竜王の峰,summit-candidate:fa9a4432fbf76027,yamap_2026-01-18_06_03.gpx,大判山,791.2866666666665,534,257.29,0.6345,2,2,0.1955,false,true,medium,high,high,resolve_conflict,exact_municipality_match,西予市,,西予市,"宇和町窪, 西予市, 愛媛県, 797-0006, 日本",multiple_candidates_for_mountain|multiple_mountains_for_candidate|weak_elevation_evidence|missing_csv_coordinate|activity_link_ambiguous,top_candidate_for_multiple_mountains,shared_candidate,mountain=竜王の峰(#454); candidate=summit-candidate:fa9a4432fbf76027; ref_score=0.6345; ref_rank=2; loc_level=exact_municipality_match; priority=high; priority_reasons=top_candidate_for_multiple_mountains
454,竜王の峰,summit-candidate:ef5127a689eaf48a,yamap_2022-09-20_14_24.gpx,極山,559.4133333333333,534,25.41,0.439,3,5,0.1285,false,false,low,high,high,resolve_conflict,exact_municipality_match,西予市,,西予市,"宇和高山線, 宇和町野田, 西予市, 愛媛県, 797-0113, 日本",multiple_candidates_for_mountain|multiple_mountains_for_candidate|weak_name_evidence|missing_csv_coordinate|activity_link_ambiguous,top_candidate_for_multiple_mountains,shared_candidate,mountain=竜王の峰(#454); candidate=summit-candidate:ef5127a689eaf48a; ref_score=0.439; ref_rank=3; loc_level=exact_municipality_match; priority=high; priority_reasons=top_candidate_for_multiple_mountains
455,船ヶ迫岳,summit-candidate:4a22801b12460992,yamap_2026-01-25_07_43.gpx,船ヶ迫岳・鎌倉山,676.61,631,45.61,0.6855,1,2,0.1795,false,true,medium,high,high,resolve_conflict,exact_municipality_match,内子町,,内子町,"内子町, 喜多郡, 愛媛県, 791-3331, 日本",multiple_candidates_for_mountain|multiple_mountains_for_candidate|missing_csv_coordinate,top_1_but_ambiguous|top_candidate_for_multiple_mountains,shared_candidate|not_mutual_top1,"mountain=船ヶ迫岳(#455); candidate=summit-candidate:4a22801b12460992; ref_score=0.6855; ref_rank=1; loc_level=exact_municipality_match; priority=high; priority_reasons=top_1_but_ambiguous,top_candidate_for_multiple_mountains"
455,船ヶ迫岳,summit-candidate:ce7fc6697696cde7,yamap_2026-01-25_07_43.gpx,船ヶ迫岳・鎌倉山,669.23,631,38.23,0.506,2,2,0.067,false,true,medium,high,high,check_location_warning,boundary_tolerated_mismatch,内子町,,,"伊予市, 愛媛県, 791-3343, 日本",multiple_candidates_for_mountain|multiple_mountains_for_candidate|missing_csv_coordinate|location_mismatch_warning,strong_evidence_with_mismatch,location_mismatch_warning,mountain=船ヶ迫岳(#455); candidate=summit-candidate:ce7fc6697696cde7; ref_score=0.506; ref_rank=2; loc_level=boundary_tolerated_mismatch; priority=high; priority_reasons=strong_evidence_with_mismatch
455,船ヶ迫岳,summit-candidate:9fe27d7d4a51aa70,yamap_2026-03-04_06_40.gpx,登議城山,649.16,631,18.16,0.439,3,7,0.1285,false,false,low,medium,low,low_priority,exact_municipality_match,内子町,,内子町,"内子町, 喜多郡, 愛媛県, 日本",multiple_candidates_for_mountain|multiple_mountains_for_candidate|weak_name_evidence|missing_csv_coordinate|activity_link_ambiguous,top_3_with_evidence,low_priority_alternative,mountain=船ヶ迫岳(#455); candidate=summit-candidate:9fe27d7d4a51aa70; ref_score=0.439; ref_rank=3; loc_level=exact_municipality_match; priority=medium; priority_reasons=top_3_with_evidence
456,鎌倉山,summit-candidate:4a22801b12460992,yamap_2026-01-25_07_43.gpx,船ヶ迫岳・鎌倉山,676.61,681,4.39,0.7875,1,1,0.2305,true,true,medium,high,high,resolve_conflict,exact_municipality_match,内子町,,内子町,"内子町, 喜多郡, 愛媛県, 791-3331, 日本",multiple_candidates_for_mountain|multiple_mountains_for_candidate|missing_csv_coordinate,top_1_but_ambiguous|top_candidate_for_multiple_mountains,shared_candidate,"mountain=鎌倉山(#456); candidate=summit-candidate:4a22801b12460992; ref_score=0.7875; ref_rank=1; loc_level=exact_municipality_match; priority=high; priority_reasons=top_1_but_ambiguous,top_candidate_for_multiple_mountains"
456,鎌倉山,summit-candidate:ce7fc6697696cde7,yamap_2026-01-25_07_43.gpx,船ヶ迫岳・鎌倉山,669.23,681,11.77,0.557,2,1,0.118,false,true,medium,high,high,check_location_warning,boundary_tolerated_mismatch,内子町,,,"伊予市, 愛媛県, 791-3343, 日本",multiple_candidates_for_mountain|multiple_mountains_for_candidate|missing_csv_coordinate|location_mismatch_warning,strong_evidence_with_mismatch,location_mismatch_warning,mountain=鎌倉山(#456); candidate=summit-candidate:ce7fc6697696cde7; ref_score=0.557; ref_rank=2; loc_level=boundary_tolerated_mismatch; priority=high; priority_reasons=strong_evidence_with_mismatch
456,鎌倉山,summit-candidate:49147712961a83be,yamap_2025-04-09_06_48.gpx,新谷神南山・五十崎神南山,708.9699999999999,681,27.97,0.439,3,5,0.1285,false,false,low,medium,low,low_priority,exact_municipality_match,内子町,,内子町,"内子町, 喜多郡, 愛媛県, 795-0301, 日本",multiple_candidates_for_mountain|multiple_mountains_for_candidate|weak_name_evidence|missing_csv_coordinate,top_3_with_evidence,low_priority_alternative,mountain=鎌倉山(#456); candidate=summit-candidate:49147712961a83be; ref_score=0.439; ref_rank=3; loc_level=exact_municipality_match; priority=medium; priority_reasons=top_3_with_evidence
457,槇ノ山,summit-candidate:f39b40bd0d9b0192,yamap_2026-01-31_07_40.gpx,槇ノ山,433.24,439,5.76,0.7875,1,1,0.153,true,true,medium,high,medium,accept_candidate_after_map_check,exact_municipality_match,宇和島市,,宇和島市,"藤江, 宇和島市, 愛媛県, 798-8601, 日本",multiple_candidates_for_mountain|multiple_mountains_for_candidate|missing_csv_coordinate|activity_link_ambiguous,top_1_but_ambiguous,clear_mutual_top1,mountain=槇ノ山(#457); candidate=summit-candidate:f39b40bd0d9b0192; ref_score=0.7875; ref_rank=1; loc_level=exact_municipality_match; priority=high; priority_reasons=top_1_but_ambiguous
457,槇ノ山,summit-candidate:a9b00b48e0c94eab,yamap_2026-01-31_13_52.gpx,高森山,631.8566666666667,439,192.86,0.6345,2,1,0,false,true,medium,medium,low,low_priority,exact_municipality_match,宇和島市,,宇和島市,"宇和島市, 愛媛県, 798-8601, 日本",multiple_candidates_for_mountain|multiple_mountains_for_candidate|weak_elevation_evidence|missing_csv_coordinate|activity_link_ambiguous,top_3_with_evidence,low_priority_alternative,mountain=槇ノ山(#457); candidate=summit-candidate:a9b00b48e0c94eab; ref_score=0.6345; ref_rank=2; loc_level=exact_municipality_match; priority=medium; priority_reasons=top_3_with_evidence
457,槇ノ山,summit-candidate:e55456349660bd14,yamap_2026-01-31_10_49.gpx,遠見山,325.42,439,113.58,0.6345,3,2,0,false,true,medium,medium,low,low_priority,exact_municipality_match,宇和島市,,宇和島市,"吉田町立間尻, 元町, 宇和島市, 愛媛県, 798-8601, 日本",multiple_candidates_for_mountain|multiple_mountains_for_candidate|weak_elevation_evidence|missing_csv_coordinate|activity_link_ambiguous,top_3_with_evidence,low_priority_alternative,mountain=槇ノ山(#457); candidate=summit-candidate:e55456349660bd14; ref_score=0.6345; ref_rank=3; loc_level=exact_municipality_match; priority=medium; priority_reasons=top_3_with_evidence
458,遠見山,summit-candidate:e55456349660bd14,yamap_2026-01-31_10_49.gpx,遠見山,325.42,322,3.42,0.7875,1,1,0.102,true,true,medium,high,medium,accept_candidate_after_map_check,exact_municipality_match,宇和島市,,宇和島市,"吉田町立間尻, 元町, 宇和島市, 愛媛県, 798-8601, 日本",multiple_candidates_for_mountain|multiple_mountains_for_candidate|missing_csv_coordinate|activity_link_ambiguous,top_1_but_ambiguous,clear_mutual_top1,mountain=遠見山(#458); candidate=summit-candidate:e55456349660bd14; ref_score=0.7875; ref_rank=1; loc_level=exact_municipality_match; priority=high; priority_reasons=top_1_but_ambiguous
458,遠見山,summit-candidate:fcfb64bccceb89d4,yamap_2026-01-31_07_40.gpx,槇ノ山,367.51666666666665,322,45.52,0.6855,2,1,0.051,false,true,medium,medium,low,low_priority,exact_municipality_match,宇和島市,,宇和島市,"藤江, 宇和島市, 愛媛県, 798-8601, 日本",multiple_candidates_for_mountain|multiple_mountains_for_candidate|missing_csv_coordinate|activity_link_ambiguous,top_3_with_evidence,low_priority_alternative,mountain=遠見山(#458); candidate=summit-candidate:fcfb64bccceb89d4; ref_score=0.6855; ref_rank=2; loc_level=exact_municipality_match; priority=medium; priority_reasons=top_3_with_evidence
458,遠見山,summit-candidate:a9b00b48e0c94eab,yamap_2026-01-31_13_52.gpx,高森山,631.8566666666667,322,309.86,0.6345,3,2,0,false,true,medium,medium,low,low_priority,exact_municipality_match,宇和島市,,宇和島市,"宇和島市, 愛媛県, 798-8601, 日本",multiple_candidates_for_mountain|multiple_mountains_for_candidate|weak_elevation_evidence|missing_csv_coordinate|activity_link_ambiguous,top_3_with_evidence,low_priority_alternative,mountain=遠見山(#458); candidate=summit-candidate:a9b00b48e0c94eab; ref_score=0.6345; ref_rank=3; loc_level=exact_municipality_match; priority=medium; priority_reasons=top_3_with_evidence
459,高森山,summit-candidate:a9b00b48e0c94eab,yamap_2026-01-31_13_52.gpx,高森山,631.8566666666667,634,2.14,0.608,1,3,0.118,false,true,medium,high,high,resolve_conflict,boundary_tolerated_mismatch,西予市,,,"宇和島市, 愛媛県, 798-8601, 日本",multiple_candidates_for_mountain|multiple_mountains_for_candidate|missing_csv_coordinate|location_mismatch_warning|activity_link_ambiguous,top_1_but_ambiguous|strong_evidence_with_mismatch,not_mutual_top1,"mountain=高森山(#459); candidate=summit-candidate:a9b00b48e0c94eab; ref_score=0.608; ref_rank=1; loc_level=boundary_tolerated_mismatch; priority=high; priority_reasons=top_1_but_ambiguous,strong_evidence_with_mismatch"
459,高森山,summit-candidate:bb84b00f3a929195,yamap_2026-02-14_08_22.gpx,大畑山,642.6,634,8.6,0.49,2,4,0.035,false,false,low,medium,low,low_priority,exact_municipality_match,西予市,,西予市,"宇和町伊延, 西予市, 愛媛県, 796-8035, 日本",multiple_candidates_for_mountain|multiple_mountains_for_candidate|weak_name_evidence|missing_csv_coordinate|activity_link_ambiguous,top_3_with_evidence,low_priority_alternative,mountain=高森山(#459); candidate=summit-candidate:bb84b00f3a929195; ref_score=0.49; ref_rank=2; loc_level=exact_municipality_match; priority=medium; priority_reasons=top_3_with_evidence
459,高森山,summit-candidate:19ab381ef6c337af,yamap_2026-02-22_07_32.gpx,高森山・町木山・寒台山・鎧掛山,993.1336935716172,634,359.13,0.455,3,11,0,false,false,low,high,high,check_location_warning,boundary_tolerated_mismatch,西予市,,,"大洲市, 愛媛県, 797-1608, 日本",multiple_candidates_for_mountain|multiple_mountains_for_candidate|weak_elevation_evidence|missing_csv_coordinate|location_mismatch_warning|activity_link_ambiguous,strong_evidence_with_mismatch,location_mismatch_warning,mountain=高森山(#459); candidate=summit-candidate:19ab381ef6c337af; ref_score=0.455; ref_rank=3; loc_level=boundary_tolerated_mismatch; priority=high; priority_reasons=strong_evidence_with_mismatch
460,牛の峰,summit-candidate:bd8fda9e743f2008,yamap_2026-02-07_07_21.gpx,牛の峰・尻高峰,681.2333333333333,660,21.23,0.7365,1,1,0.102,true,true,medium,high,medium,accept_candidate_after_map_check,exact_municipality_match,大洲市,,大洲市,"大洲市, 愛媛県, 799-3462, 日本",multiple_candidates_for_mountain|multiple_mountains_for_candidate|missing_csv_coordinate|activity_link_ambiguous,top_1_but_ambiguous,clear_mutual_top1,mountain=牛の峰(#460); candidate=summit-candidate:bd8fda9e743f2008; ref_score=0.7365; ref_rank=1; loc_level=exact_municipality_match; priority=high; priority_reasons=top_1_but_ambiguous
460,牛の峰,summit-candidate:6adfa15b8dbd8966,yamap_2026-02-07_07_21.gpx,牛の峰・尻高峰,756.9766666666668,660,96.98,0.6345,2,1,0.1285,false,true,medium,medium,low,low_priority,exact_municipality_match,大洲市,,大洲市,"大洲市, 愛媛県, 799-3462, 日本",multiple_candidates_for_mountain|multiple_mountains_for_candidate|weak_elevation_evidence|missing_csv_coordinate|activity_link_ambiguous,top_3_with_evidence,low_priority_alternative,mountain=牛の峰(#460); candidate=summit-candidate:6adfa15b8dbd8966; ref_score=0.6345; ref_rank=2; loc_level=exact_municipality_match; priority=medium; priority_reasons=top_3_with_evidence
460,牛の峰,summit-candidate:6b19d2116121b615,yamap_2026-02-07_11_17.gpx,鞍掛山,624.4499999999999,660,35.55,0.506,3,2,0.016,false,true,medium,high,high,check_location_warning,boundary_tolerated_mismatch,大洲市,,,"八幡浜市, 愛媛県, 796-0170, 日本",multiple_candidates_for_mountain|multiple_mountains_for_candidate|missing_csv_coordinate|location_mismatch_warning|activity_link_ambiguous,strong_evidence_with_mismatch,location_mismatch_warning,mountain=牛の峰(#460); candidate=summit-candidate:6b19d2116121b615; ref_score=0.506; ref_rank=3; loc_level=boundary_tolerated_mismatch; priority=high; priority_reasons=strong_evidence_with_mismatch
461,尻高峰,summit-candidate:6adfa15b8dbd8966,yamap_2026-02-07_07_21.gpx,牛の峰・尻高峰,756.9766666666668,566,190.98,0.6345,1,2,0,false,true,medium,high,high,resolve_conflict,exact_municipality_match,大洲市,,大洲市,"大洲市, 愛媛県, 799-3462, 日本",multiple_candidates_for_mountain|multiple_mountains_for_candidate|weak_elevation_evidence|missing_csv_coordinate|activity_link_ambiguous,top_1_but_ambiguous,not_mutual_top1,mountain=尻高峰(#461); candidate=summit-candidate:6adfa15b8dbd8966; ref_score=0.6345; ref_rank=1; loc_level=exact_municipality_match; priority=high; priority_reasons=top_1_but_ambiguous
461,尻高峰,summit-candidate:bd8fda9e743f2008,yamap_2026-02-07_07_21.gpx,牛の峰・尻高峰,681.2333333333333,566,115.23,0.6345,2,2,0.1445,false,true,medium,medium,high,check_close_alternatives,exact_municipality_match,大洲市,,大洲市,"大洲市, 愛媛県, 799-3462, 日本",multiple_candidates_for_mountain|multiple_mountains_for_candidate|weak_elevation_evidence|missing_csv_coordinate|activity_link_ambiguous,top_3_with_evidence,small_score_gap,mountain=尻高峰(#461); candidate=summit-candidate:bd8fda9e743f2008; ref_score=0.6345; ref_rank=2; loc_level=exact_municipality_match; priority=medium; priority_reasons=top_3_with_evidence
461,尻高峰,summit-candidate:13aa9354da4eb6d6,yamap_2025-03-30_12_56.gpx,京の森・大迫山,572.4394591518229,566,6.44,0.49,3,6,0.035,false,false,low,high,high,resolve_conflict,exact_municipality_match,大洲市,,大洲市,"大洲市, 喜多郡, 愛媛県, 795-0307, 日本",multiple_candidates_for_mountain|multiple_mountains_for_candidate|weak_name_evidence|missing_csv_coordinate|activity_link_ambiguous,top_candidate_for_multiple_mountains,shared_candidate,mountain=尻高峰(#461); candidate=summit-candidate:13aa9354da4eb6d6; ref_score=0.49; ref_rank=3; loc_level=exact_municipality_match; priority=high; priority_reasons=top_candidate_for_multiple_mountains
462,鞍掛山,summit-candidate:6b19d2116121b615,yamap_2026-02-07_11_17.gpx,鞍掛山,624.4499999999999,629,4.55,0.7875,1,1,0.3325,true,true,medium,high,medium,accept_candidate_after_map_check,exact_municipality_match,八幡浜市,,八幡浜市,"八幡浜市, 愛媛県, 796-0170, 日本",multiple_candidates_for_mountain|multiple_mountains_for_candidate|missing_csv_coordinate|activity_link_ambiguous,top_1_but_ambiguous,clear_mutual_top1,mountain=鞍掛山(#462); candidate=summit-candidate:6b19d2116121b615; ref_score=0.7875; ref_rank=1; loc_level=exact_municipality_match; priority=high; priority_reasons=top_1_but_ambiguous
462,鞍掛山,summit-candidate:6adfa15b8dbd8966,yamap_2026-02-07_07_21.gpx,牛の峰・尻高峰,756.9766666666668,629,127.98,0.455,2,3,0,false,true,low,high,high,check_location_warning,boundary_tolerated_mismatch,八幡浜市,,,"大洲市, 愛媛県, 799-3462, 日本",multiple_candidates_for_mountain|multiple_mountains_for_candidate|weak_elevation_evidence|missing_csv_coordinate|location_mismatch_warning|activity_link_ambiguous,strong_evidence_with_mismatch,location_mismatch_warning,mountain=鞍掛山(#462); candidate=summit-candidate:6adfa15b8dbd8966; ref_score=0.455; ref_rank=2; loc_level=boundary_tolerated_mismatch; priority=high; priority_reasons=strong_evidence_with_mismatch
462,鞍掛山,summit-candidate:bd8fda9e743f2008,yamap_2026-02-07_07_21.gpx,牛の峰・尻高峰,681.2333333333333,629,52.23,0.455,3,5,0.1445,false,false,low,high,high,check_location_warning,boundary_tolerated_mismatch,八幡浜市,,,"大洲市, 愛媛県, 799-3462, 日本",multiple_candidates_for_mountain|multiple_mountains_for_candidate|weak_elevation_evidence|missing_csv_coordinate|location_mismatch_warning|activity_link_ambiguous,strong_evidence_with_mismatch,location_mismatch_warning,mountain=鞍掛山(#462); candidate=summit-candidate:bd8fda9e743f2008; ref_score=0.455; ref_rank=3; loc_level=boundary_tolerated_mismatch; priority=high; priority_reasons=strong_evidence_with_mismatch
463,大畑山,summit-candidate:6756239601754708,yamap_2026-02-14_13_33.gpx,権現山,358.1833333333334,645,286.82,0.6345,1,3,0.0265,false,true,medium,high,high,resolve_conflict,exact_municipality_match,八幡浜市,,八幡浜市,"向灘, 八幡浜市, 愛媛県, 796-0111, 日本",multiple_candidates_for_mountain|multiple_mountains_for_candidate|weak_elevation_evidence|missing_csv_coordinate|activity_link_ambiguous,top_1_but_ambiguous|top_candidate_for_multiple_mountains,shared_candidate|not_mutual_top1,"mountain=大畑山(#463); candidate=summit-candidate:6756239601754708; ref_score=0.6345; ref_rank=1; loc_level=exact_municipality_match; priority=high; priority_reasons=top_1_but_ambiguous,top_candidate_for_multiple_mountains"
463,大畑山,summit-candidate:bb84b00f3a929195,yamap_2026-02-14_08_22.gpx,大畑山,642.6,645,2.4,0.608,2,1,0.169,false,true,medium,high,high,check_close_alternatives,boundary_tolerated_mismatch,八幡浜市,,,"宇和町伊延, 西予市, 愛媛県, 796-8035, 日本",multiple_candidates_for_mountain|multiple_mountains_for_candidate|missing_csv_coordinate|location_mismatch_warning|activity_link_ambiguous,strong_evidence_with_mismatch,small_score_gap,mountain=大畑山(#463); candidate=summit-candidate:bb84b00f3a929195; ref_score=0.608; ref_rank=2; loc_level=boundary_tolerated_mismatch; priority=high; priority_reasons=strong_evidence_with_mismatch
463,大畑山,summit-candidate:6b19d2116121b615,yamap_2026-02-07_11_17.gpx,鞍掛山,624.4499999999999,645,20.55,0.439,3,4,0.1285,false,false,low,medium,low,low_priority,exact_municipality_match,八幡浜市,,八幡浜市,"八幡浜市, 愛媛県, 796-0170, 日本",multiple_candidates_for_mountain|multiple_mountains_for_candidate|weak_name_evidence|missing_csv_coordinate|activity_link_ambiguous,top_3_with_evidence,low_priority_alternative,mountain=大畑山(#463); candidate=summit-candidate:6b19d2116121b615; ref_score=0.439; ref_rank=3; loc_level=exact_municipality_match; priority=medium; priority_reasons=top_3_with_evidence
464,飯之山,summit-candidate:6756239601754708,yamap_2026-02-14_13_33.gpx,権現山,358.1833333333334,320,38.18,0.6855,1,2,0.2305,false,true,medium,high,high,resolve_conflict,exact_municipality_match,八幡浜市,,八幡浜市,"向灘, 八幡浜市, 愛媛県, 796-0111, 日本",multiple_candidates_for_mountain|multiple_mountains_for_candidate|missing_csv_coordinate|activity_link_ambiguous,top_1_but_ambiguous|top_candidate_for_multiple_mountains,shared_candidate|not_mutual_top1,"mountain=飯之山(#464); candidate=summit-candidate:6756239601754708; ref_score=0.6855; ref_rank=1; loc_level=exact_municipality_match; priority=high; priority_reasons=top_1_but_ambiguous,top_candidate_for_multiple_mountains"
464,飯之山,summit-candidate:bb84b00f3a929195,yamap_2026-02-14_08_22.gpx,大畑山,642.6,320,322.6,0.455,2,10,0.1445,false,false,low,high,high,check_location_warning,boundary_tolerated_mismatch,八幡浜市,,,"宇和町伊延, 西予市, 愛媛県, 796-8035, 日本",multiple_candidates_for_mountain|multiple_mountains_for_candidate|weak_elevation_evidence|missing_csv_coordinate|location_mismatch_warning|activity_link_ambiguous,strong_evidence_with_mismatch,location_mismatch_warning,mountain=飯之山(#464); candidate=summit-candidate:bb84b00f3a929195; ref_score=0.455; ref_rank=2; loc_level=boundary_tolerated_mismatch; priority=high; priority_reasons=strong_evidence_with_mismatch
464,飯之山,summit-candidate:0f09bdcc25daff65,yamap_2025-02-24_07_30.gpx,無宗天山,311.96,320,8.04,0.3105,3,17,0,false,false,low,high,high,check_location_warning,boundary_tolerated_mismatch,八幡浜市,,,"今治市, 愛媛県, 794-8511, 日本",multiple_candidates_for_mountain|multiple_mountains_for_candidate|weak_name_evidence|missing_csv_coordinate|location_mismatch_warning|activity_link_ambiguous,strong_evidence_with_mismatch,location_mismatch_warning,mountain=飯之山(#464); candidate=summit-candidate:0f09bdcc25daff65; ref_score=0.3105; ref_rank=3; loc_level=boundary_tolerated_mismatch; priority=high; priority_reasons=strong_evidence_with_mismatch
465,権現山,summit-candidate:6756239601754708,yamap_2026-02-14_13_33.gpx,権現山,358.1833333333334,364,5.82,0.7875,1,1,0.1795,true,true,medium,high,high,resolve_conflict,exact_municipality_match,八幡浜市,,八幡浜市,"向灘, 八幡浜市, 愛媛県, 796-0111, 日本",multiple_candidates_for_mountain|multiple_mountains_for_candidate|missing_csv_coordinate|activity_link_ambiguous,top_1_but_ambiguous|top_candidate_for_multiple_mountains,shared_candidate,"mountain=権現山(#465); candidate=summit-candidate:6756239601754708; ref_score=0.7875; ref_rank=1; loc_level=exact_municipality_match; priority=high; priority_reasons=top_1_but_ambiguous,top_candidate_for_multiple_mountains"
465,権現山,summit-candidate:047b9599ec28c6ad,yamap_2023-01-08_09_18.gpx,権現山,368.9381628408408,364,4.94,0.608,2,3,0.051,false,true,medium,high,high,check_location_warning,boundary_tolerated_mismatch,八幡浜市,,,"高茂岬船越線, 武者泊, 愛南町, 南宇和郡, 愛媛県, 798-4216, 日本",multiple_candidates_for_mountain|multiple_mountains_for_candidate|missing_csv_coordinate|location_mismatch_warning|activity_link_ambiguous,strong_evidence_with_mismatch,location_mismatch_warning,mountain=権現山(#465); candidate=summit-candidate:047b9599ec28c6ad; ref_score=0.608; ref_rank=2; loc_level=boundary_tolerated_mismatch; priority=high; priority_reasons=strong_evidence_with_mismatch
465,権現山,summit-candidate:8a7a47d167c1aba6,yamap_2023-01-08_14_24.gpx,黒瀬山(黒瀬城址)・岡山(岡山城址)・鉢ヶ森(鉢ヶ森城址)・護摩ヶ森(護摩ヶ森城址)・我合山(...,349.4466666666667,364,14.55,0.557,3,7,0,false,false,medium,high,high,resolve_conflict,boundary_tolerated_mismatch,八幡浜市,,,"宇和町神領, 西予市, 愛媛県, 797-0015, 日本",multiple_candidates_for_mountain|multiple_mountains_for_candidate|missing_csv_coordinate|location_mismatch_warning|activity_link_ambiguous,strong_evidence_with_mismatch|top_candidate_for_multiple_mountains,shared_candidate,"mountain=権現山(#465); candidate=summit-candidate:8a7a47d167c1aba6; ref_score=0.557; ref_rank=3; loc_level=boundary_tolerated_mismatch; priority=high; priority_reasons=strong_evidence_with_mismatch,top_candidate_for_multiple_mountains"
466,大森山,summit-candidate:b3cf76c035511afe,yamap_2026-02-22_06_23.gpx,大森山,737.4383606793477,729,8.44,0.7875,1,1,0.153,true,true,medium,high,medium,accept_candidate_after_map_check,exact_municipality_match,大洲市,,大洲市,"大洲市, 愛媛県, 795-0307, 日本",multiple_candidates_for_mountain|multiple_mountains_for_candidate|missing_csv_coordinate|activity_link_ambiguous,top_1_but_ambiguous,clear_mutual_top1,mountain=大森山(#466); candidate=summit-candidate:b3cf76c035511afe; ref_score=0.7875; ref_rank=1; loc_level=exact_municipality_match; priority=high; priority_reasons=top_1_but_ambiguous
466,大森山,summit-candidate:19ab381ef6c337af,yamap_2026-02-22_07_32.gpx,高森山・町木山・寒台山・鎧掛山,993.1336935716172,729,264.13,0.6345,2,2,0,false,true,medium,medium,low,low_priority,exact_municipality_match,大洲市,,大洲市,"大洲市, 愛媛県, 797-1608, 日本",multiple_candidates_for_mountain|multiple_mountains_for_candidate|weak_elevation_evidence|missing_csv_coordinate|activity_link_ambiguous,top_3_with_evidence,low_priority_alternative,mountain=大森山(#466); candidate=summit-candidate:19ab381ef6c337af; ref_score=0.6345; ref_rank=2; loc_level=exact_municipality_match; priority=medium; priority_reasons=top_3_with_evidence
466,大森山,summit-candidate:428f403ddcc5a31a,yamap_2026-02-22_07_32.gpx,高森山・町木山・寒台山・鎧掛山,904.780552530514,729,175.78,0.6345,3,1,0,false,true,medium,medium,low,low_priority,exact_municipality_match,大洲市,,大洲市,"大洲市, 愛媛県, 797-1608, 日本",multiple_candidates_for_mountain|multiple_mountains_for_candidate|weak_elevation_evidence|missing_csv_coordinate|activity_link_ambiguous,top_3_with_evidence,low_priority_alternative,mountain=大森山(#466); candidate=summit-candidate:428f403ddcc5a31a; ref_score=0.6345; ref_rank=3; loc_level=exact_municipality_match; priority=medium; priority_reasons=top_3_with_evidence
467,高森山,summit-candidate:f55ffb534aa2ae4c,yamap_2026-02-22_07_32.gpx,高森山・町木山・寒台山・鎧掛山,825.9826876717713,819,6.98,0.7875,1,1,0.051,true,true,medium,high,medium,accept_candidate_after_map_check,exact_municipality_match,大洲市,,大洲市,"河辺町川上, 大洲市, 愛媛県, 797-1608, 日本",multiple_candidates_for_mountain|multiple_mountains_for_candidate|missing_csv_coordinate|activity_link_ambiguous,top_1_but_ambiguous,clear_mutual_top1,mountain=高森山(#467); candidate=summit-candidate:f55ffb534aa2ae4c; ref_score=0.7875; ref_rank=1; loc_level=exact_municipality_match; priority=high; priority_reasons=top_1_but_ambiguous
467,高森山,summit-candidate:5f31b84e049f61fa,yamap_2026-02-22_07_32.gpx,高森山・町木山・寒台山・鎧掛山,798.325694253476,819,20.67,0.7365,2,1,0.102,false,true,medium,medium,low,low_priority,exact_municipality_match,大洲市,,大洲市,"池田川崎線, 大洲市, 喜多郡, 愛媛県, 日本",multiple_candidates_for_mountain|multiple_mountains_for_candidate|missing_csv_coordinate|activity_link_ambiguous,top_3_with_evidence,low_priority_alternative,mountain=高森山(#467); candidate=summit-candidate:5f31b84e049f61fa; ref_score=0.7365; ref_rank=2; loc_level=exact_municipality_match; priority=medium; priority_reasons=top_3_with_evidence
467,高森山,summit-candidate:19ab381ef6c337af,yamap_2026-02-22_07_32.gpx,高森山・町木山・寒台山・鎧掛山,993.1336935716172,819,174.13,0.6345,3,3,0,false,true,medium,medium,low,low_priority,exact_municipality_match,大洲市,,大洲市,"大洲市, 愛媛県, 797-1608, 日本",multiple_candidates_for_mountain|multiple_mountains_for_candidate|weak_elevation_evidence|missing_csv_coordinate|activity_link_ambiguous,top_3_with_evidence,low_priority_alternative,mountain=高森山(#467); candidate=summit-candidate:19ab381ef6c337af; ref_score=0.6345; ref_rank=3; loc_level=exact_municipality_match; priority=medium; priority_reasons=top_3_with_evidence
468,町木山,summit-candidate:19ab381ef6c337af,yamap_2026-02-22_07_32.gpx,高森山・町木山・寒台山・鎧掛山,993.1336935716172,982,11.13,0.7365,1,1,0.102,true,true,medium,high,medium,accept_candidate_after_map_check,exact_municipality_match,大洲市,,大洲市,"大洲市, 愛媛県, 797-1608, 日本",multiple_candidates_for_mountain|multiple_mountains_for_candidate|missing_csv_coordinate|activity_link_ambiguous,top_1_but_ambiguous,clear_mutual_top1,mountain=町木山(#468); candidate=summit-candidate:19ab381ef6c337af; ref_score=0.7365; ref_rank=1; loc_level=exact_municipality_match; priority=high; priority_reasons=top_1_but_ambiguous
468,町木山,summit-candidate:428f403ddcc5a31a,yamap_2026-02-22_07_32.gpx,高森山・町木山・寒台山・鎧掛山,904.780552530514,982,77.22,0.6345,2,3,0,false,true,medium,medium,low,low_priority,exact_municipality_match,大洲市,,大洲市,"大洲市, 愛媛県, 797-1608, 日本",multiple_candidates_for_mountain|multiple_mountains_for_candidate|weak_elevation_evidence|missing_csv_coordinate|activity_link_ambiguous,top_3_with_evidence,low_priority_alternative,mountain=町木山(#468); candidate=summit-candidate:428f403ddcc5a31a; ref_score=0.6345; ref_rank=2; loc_level=exact_municipality_match; priority=medium; priority_reasons=top_3_with_evidence
468,町木山,summit-candidate:5f31b84e049f61fa,yamap_2026-02-22_07_32.gpx,高森山・町木山・寒台山・鎧掛山,798.325694253476,982,183.67,0.6345,3,4,0,false,false,medium,medium,low,low_priority,exact_municipality_match,大洲市,,大洲市,"池田川崎線, 大洲市, 喜多郡, 愛媛県, 日本",multiple_candidates_for_mountain|multiple_mountains_for_candidate|weak_elevation_evidence|missing_csv_coordinate|activity_link_ambiguous,top_3_with_evidence,low_priority_alternative,mountain=町木山(#468); candidate=summit-candidate:5f31b84e049f61fa; ref_score=0.6345; ref_rank=3; loc_level=exact_municipality_match; priority=medium; priority_reasons=top_3_with_evidence
469,寒台山,summit-candidate:7a8dca9b423536f5,yamap_2026-02-22_07_32.gpx,高森山・町木山・寒台山・鎧掛山,836.1037770875326,895,58.9,0.6345,1,2,0.0265,false,true,medium,high,high,resolve_conflict,exact_municipality_match,内子町,,内子町,"内子町, 喜多郡, 愛媛県, 日本",multiple_candidates_for_mountain|multiple_mountains_for_candidate|weak_elevation_evidence|missing_csv_coordinate|activity_link_ambiguous,top_1_but_ambiguous|top_candidate_for_multiple_mountains,shared_candidate|not_mutual_top1,"mountain=寒台山(#469); candidate=summit-candidate:7a8dca9b423536f5; ref_score=0.6345; ref_rank=1; loc_level=exact_municipality_match; priority=high; priority_reasons=top_1_but_ambiguous,top_candidate_for_multiple_mountains"
469,寒台山,summit-candidate:428f403ddcc5a31a,yamap_2026-02-22_07_32.gpx,高森山・町木山・寒台山・鎧掛山,904.780552530514,895,9.78,0.608,2,5,0.118,false,false,medium,high,high,check_close_alternatives,boundary_tolerated_mismatch,内子町,,,"大洲市, 愛媛県, 797-1608, 日本",multiple_candidates_for_mountain|multiple_mountains_for_candidate|missing_csv_coordinate|location_mismatch_warning|activity_link_ambiguous,strong_evidence_with_mismatch,small_score_gap,mountain=寒台山(#469); candidate=summit-candidate:428f403ddcc5a31a; ref_score=0.608; ref_rank=2; loc_level=boundary_tolerated_mismatch; priority=high; priority_reasons=strong_evidence_with_mismatch
469,寒台山,summit-candidate:606168b97944fce5,yamap_2024-04-28_10_37.gpx,日浦嶺・打越山,900.0566666666667,895,5.06,0.49,3,4,0.035,false,false,low,medium,low,low_priority,exact_municipality_match,内子町,,内子町,"内子町, 喜多郡, 愛媛県, 791-3521, 日本",multiple_candidates_for_mountain|multiple_mountains_for_candidate|weak_name_evidence|missing_csv_coordinate|activity_link_ambiguous,top_3_with_evidence,low_priority_alternative,mountain=寒台山(#469); candidate=summit-candidate:606168b97944fce5; ref_score=0.49; ref_rank=3; loc_level=exact_municipality_match; priority=medium; priority_reasons=top_3_with_evidence
470,鎧掛山,summit-candidate:5f31b84e049f61fa,yamap_2026-02-22_07_32.gpx,高森山・町木山・寒台山・鎧掛山,798.325694253476,788,10.33,0.7365,1,2,0.051,false,true,medium,high,high,resolve_conflict,exact_municipality_match,大洲市,,大洲市,"池田川崎線, 大洲市, 喜多郡, 愛媛県, 日本",multiple_candidates_for_mountain|multiple_mountains_for_candidate|missing_csv_coordinate|activity_link_ambiguous,top_1_but_ambiguous,not_mutual_top1,mountain=鎧掛山(#470); candidate=summit-candidate:5f31b84e049f61fa; ref_score=0.7365; ref_rank=1; loc_level=exact_municipality_match; priority=high; priority_reasons=top_1_but_ambiguous
470,鎧掛山,summit-candidate:f55ffb534aa2ae4c,yamap_2026-02-22_07_32.gpx,高森山・町木山・寒台山・鎧掛山,825.9826876717713,788,37.98,0.6855,2,2,0.051,false,true,medium,medium,low,low_priority,exact_municipality_match,大洲市,,大洲市,"河辺町川上, 大洲市, 愛媛県, 797-1608, 日本",multiple_candidates_for_mountain|multiple_mountains_for_candidate|missing_csv_coordinate|activity_link_ambiguous,top_3_with_evidence,low_priority_alternative,mountain=鎧掛山(#470); candidate=summit-candidate:f55ffb534aa2ae4c; ref_score=0.6855; ref_rank=2; loc_level=exact_municipality_match; priority=medium; priority_reasons=top_3_with_evidence
470,鎧掛山,summit-candidate:19ab381ef6c337af,yamap_2026-02-22_07_32.gpx,高森山・町木山・寒台山・鎧掛山,993.1336935716172,788,205.13,0.6345,3,4,0,false,false,medium,medium,low,low_priority,exact_municipality_match,大洲市,,大洲市,"大洲市, 愛媛県, 797-1608, 日本",multiple_candidates_for_mountain|multiple_mountains_for_candidate|weak_elevation_evidence|missing_csv_coordinate|activity_link_ambiguous,top_3_with_evidence,low_priority_alternative,mountain=鎧掛山(#470); candidate=summit-candidate:19ab381ef6c337af; ref_score=0.6345; ref_rank=3; loc_level=exact_municipality_match; priority=medium; priority_reasons=top_3_with_evidence
471,花見山,summit-candidate:5f001ac124f82ef6,yamap_2022-10-19_16_00.gpx,西港山・大丸山・港山,41.080000000000005,23,18.08,0.439,1,13,0,false,false,low,high,high,resolve_conflict,exact_municipality_match,松山市,,松山市,"三津一丁目, 港山町, 松山市, 愛媛県, 791-8061, 日本",multiple_candidates_for_mountain|multiple_mountains_for_candidate|weak_name_evidence|missing_csv_coordinate|timezone_sensitive_activity_link,top_1_but_ambiguous|top_candidate_for_multiple_mountains,shared_candidate|not_mutual_top1,"mountain=花見山(#471); candidate=summit-candidate:5f001ac124f82ef6; ref_score=0.439; ref_rank=1; loc_level=exact_municipality_match; priority=high; priority_reasons=top_1_but_ambiguous,top_candidate_for_multiple_mountains"
471,花見山,summit-candidate:bf2b3499e08da2df,yamap_2022-10-19_16_00.gpx,西港山・大丸山・港山,47.879999999999995,23,24.88,0.439,2,15,0,false,false,low,medium,high,check_close_alternatives,exact_municipality_match,松山市,,松山市,"港山城跡　みなとやまじょうあと, 松山港線, 松ノ木一丁目, 梅津寺町, 松山市, 愛媛県, 791-8083, 日本",multiple_candidates_for_mountain|multiple_mountains_for_candidate|weak_name_evidence|missing_csv_coordinate|timezone_sensitive_activity_link,top_3_with_evidence,small_score_gap,mountain=花見山(#471); candidate=summit-candidate:bf2b3499e08da2df; ref_score=0.439; ref_rank=2; loc_level=exact_municipality_match; priority=medium; priority_reasons=top_3_with_evidence
471,花見山,summit-candidate:daa8d4127fc92552,yamap_2022-04-06_09_25.gpx,忽那山,42.296666666666674,23,19.3,0.439,3,10,0.1795,false,false,low,medium,high,check_close_alternatives,exact_municipality_match,松山市,,松山市,"忽那山登山道, 大可賀三丁目, 北吉田町, 松山市, 愛媛県, 791-8057, 日本",multiple_candidates_for_mountain|multiple_mountains_for_candidate|weak_name_evidence|missing_csv_coordinate,top_3_with_evidence,small_score_gap,mountain=花見山(#471); candidate=summit-candidate:daa8d4127fc92552; ref_score=0.439; ref_rank=3; loc_level=exact_municipality_match; priority=medium; priority_reasons=top_3_with_evidence
472,剣ノ山,summit-candidate:78274ad93e160452,yamap_2026-03-01_06_45.gpx,剣ノ山・三傍示山・塩塚峰,1152.4499999999998,1105,47.45,0.6855,1,2,0.051,false,true,medium,high,high,resolve_conflict,exact_municipality_match,四国中央市,,四国中央市,"四国中央市, 愛媛県, 日本",multiple_candidates_for_mountain|multiple_mountains_for_candidate|missing_csv_coordinate,top_1_but_ambiguous|top_candidate_for_multiple_mountains,shared_candidate|not_mutual_top1,"mountain=剣ノ山(#472); candidate=summit-candidate:78274ad93e160452; ref_score=0.6855; ref_rank=1; loc_level=exact_municipality_match; priority=high; priority_reasons=top_1_but_ambiguous,top_candidate_for_multiple_mountains"
472,剣ノ山,summit-candidate:0d5802be6f4a6c6e,yamap_2026-03-01_06_45.gpx,剣ノ山・三傍示山・塩塚峰,1012.1166666666668,1105,92.88,0.6345,2,2,0,false,true,medium,medium,low,low_priority,exact_municipality_match,四国中央市,,四国中央市,"四国中央市, 愛媛県, 779-5337, 日本",multiple_candidates_for_mountain|multiple_mountains_for_candidate|weak_elevation_evidence|missing_csv_coordinate,top_3_with_evidence,low_priority_alternative,mountain=剣ノ山(#472); candidate=summit-candidate:0d5802be6f4a6c6e; ref_score=0.6345; ref_rank=2; loc_level=exact_municipality_match; priority=medium; priority_reasons=top_3_with_evidence
472,剣ノ山,summit-candidate:737ce2580de91527,yamap_2026-03-01_06_45.gpx,剣ノ山・三傍示山・塩塚峰,1041.1266666666668,1105,63.87,0.6345,3,2,0.0265,false,true,medium,medium,low,low_priority,exact_municipality_match,四国中央市,,四国中央市,"四国中央市, 愛媛県, 779-5337, 日本",multiple_candidates_for_mountain|multiple_mountains_for_candidate|weak_elevation_evidence|missing_csv_coordinate,top_3_with_evidence,low_priority_alternative,mountain=剣ノ山(#472); candidate=summit-candidate:737ce2580de91527; ref_score=0.6345; ref_rank=3; loc_level=exact_municipality_match; priority=medium; priority_reasons=top_3_with_evidence
473,三傍示山,summit-candidate:78274ad93e160452,yamap_2026-03-01_06_45.gpx,剣ノ山・三傍示山・塩塚峰,1152.4499999999998,1157,4.55,0.7875,1,1,0.153,true,true,medium,high,high,resolve_conflict,exact_municipality_match,四国中央市,,四国中央市,"四国中央市, 愛媛県, 日本",multiple_candidates_for_mountain|multiple_mountains_for_candidate|missing_csv_coordinate,top_1_but_ambiguous|top_candidate_for_multiple_mountains,shared_candidate,"mountain=三傍示山(#473); candidate=summit-candidate:78274ad93e160452; ref_score=0.7875; ref_rank=1; loc_level=exact_municipality_match; priority=high; priority_reasons=top_1_but_ambiguous,top_candidate_for_multiple_mountains"
473,三傍示山,summit-candidate:0d5802be6f4a6c6e,yamap_2026-03-01_06_45.gpx,剣ノ山・三傍示山・塩塚峰,1012.1166666666668,1157,144.88,0.6345,2,3,0,false,true,medium,medium,low,low_priority,exact_municipality_match,四国中央市,,四国中央市,"四国中央市, 愛媛県, 779-5337, 日本",multiple_candidates_for_mountain|multiple_mountains_for_candidate|weak_elevation_evidence|missing_csv_coordinate,top_3_with_evidence,low_priority_alternative,mountain=三傍示山(#473); candidate=summit-candidate:0d5802be6f4a6c6e; ref_score=0.6345; ref_rank=2; loc_level=exact_municipality_match; priority=medium; priority_reasons=top_3_with_evidence
473,三傍示山,summit-candidate:737ce2580de91527,yamap_2026-03-01_06_45.gpx,剣ノ山・三傍示山・塩塚峰,1041.1266666666668,1157,115.87,0.6345,3,3,0.1285,false,true,medium,medium,low,low_priority,exact_municipality_match,四国中央市,,四国中央市,"四国中央市, 愛媛県, 779-5337, 日本",multiple_candidates_for_mountain|multiple_mountains_for_candidate|weak_elevation_evidence|missing_csv_coordinate,top_3_with_evidence,low_priority_alternative,mountain=三傍示山(#473); candidate=summit-candidate:737ce2580de91527; ref_score=0.6345; ref_rank=3; loc_level=exact_municipality_match; priority=medium; priority_reasons=top_3_with_evidence
474,塩塚峰,summit-candidate:737ce2580de91527,yamap_2026-03-01_06_45.gpx,剣ノ山・三傍示山・塩塚峰,1041.1266666666668,1043,1.87,0.7875,1,1,0.102,true,true,medium,high,medium,accept_candidate_after_map_check,exact_municipality_match,四国中央市,,四国中央市,"四国中央市, 愛媛県, 779-5337, 日本",multiple_candidates_for_mountain|multiple_mountains_for_candidate|missing_csv_coordinate,top_1_but_ambiguous,clear_mutual_top1,mountain=塩塚峰(#474); candidate=summit-candidate:737ce2580de91527; ref_score=0.7875; ref_rank=1; loc_level=exact_municipality_match; priority=high; priority_reasons=top_1_but_ambiguous
474,塩塚峰,summit-candidate:0d5802be6f4a6c6e,yamap_2026-03-01_06_45.gpx,剣ノ山・三傍示山・塩塚峰,1012.1166666666668,1043,30.88,0.6855,2,1,0.051,false,true,medium,medium,low,low_priority,exact_municipality_match,四国中央市,,四国中央市,"四国中央市, 愛媛県, 779-5337, 日本",multiple_candidates_for_mountain|multiple_mountains_for_candidate|missing_csv_coordinate,top_3_with_evidence,low_priority_alternative,mountain=塩塚峰(#474); candidate=summit-candidate:0d5802be6f4a6c6e; ref_score=0.6855; ref_rank=2; loc_level=exact_municipality_match; priority=medium; priority_reasons=top_3_with_evidence
474,塩塚峰,summit-candidate:78274ad93e160452,yamap_2026-03-01_06_45.gpx,剣ノ山・三傍示山・塩塚峰,1152.4499999999998,1043,109.45,0.6345,3,3,0.1795,false,true,medium,high,high,resolve_conflict,exact_municipality_match,四国中央市,,四国中央市,"四国中央市, 愛媛県, 日本",multiple_candidates_for_mountain|multiple_mountains_for_candidate|weak_elevation_evidence|missing_csv_coordinate,top_candidate_for_multiple_mountains,shared_candidate,mountain=塩塚峰(#474); candidate=summit-candidate:78274ad93e160452; ref_score=0.6345; ref_rank=3; loc_level=exact_municipality_match; priority=high; priority_reasons=top_candidate_for_multiple_mountains
475,登議城山,summit-candidate:9fe27d7d4a51aa70,yamap_2026-03-04_06_40.gpx,登議城山,649.16,655,5.84,0.7875,1,1,0.153,true,true,medium,high,medium,accept_candidate_after_map_check,exact_municipality_match,内子町,,内子町,"内子町, 喜多郡, 愛媛県, 日本",multiple_candidates_for_mountain|multiple_mountains_for_candidate|missing_csv_coordinate|activity_link_ambiguous,top_1_but_ambiguous,clear_mutual_top1,mountain=登議城山(#475); candidate=summit-candidate:9fe27d7d4a51aa70; ref_score=0.7875; ref_rank=1; loc_level=exact_municipality_match; priority=high; priority_reasons=top_1_but_ambiguous
475,登議城山,summit-candidate:c6ea08c2953b4cb8,yamap_2026-03-04_09_46.gpx,愛宕山,369.3233333333333,655,285.68,0.6345,2,2,0.1955,false,true,medium,medium,low,low_priority,exact_municipality_match,内子町,,内子町,"内子町, 喜多郡, 愛媛県, 791-3521, 日本",multiple_candidates_for_mountain|multiple_mountains_for_candidate|weak_elevation_evidence|missing_csv_coordinate|activity_link_ambiguous,top_3_with_evidence,low_priority_alternative,mountain=登議城山(#475); candidate=summit-candidate:c6ea08c2953b4cb8; ref_score=0.6345; ref_rank=2; loc_level=exact_municipality_match; priority=medium; priority_reasons=top_3_with_evidence
475,登議城山,summit-candidate:4a22801b12460992,yamap_2026-01-25_07_43.gpx,船ヶ迫岳・鎌倉山,676.61,655,21.61,0.439,3,4,0.1285,false,false,low,high,high,resolve_conflict,exact_municipality_match,内子町,,内子町,"内子町, 喜多郡, 愛媛県, 791-3331, 日本",multiple_candidates_for_mountain|multiple_mountains_for_candidate|weak_name_evidence|missing_csv_coordinate,top_candidate_for_multiple_mountains,shared_candidate,mountain=登議城山(#475); candidate=summit-candidate:4a22801b12460992; ref_score=0.439; ref_rank=3; loc_level=exact_municipality_match; priority=high; priority_reasons=top_candidate_for_multiple_mountains
476,愛宕山,summit-candidate:c6ea08c2953b4cb8,yamap_2026-03-04_09_46.gpx,愛宕山,369.3233333333333,357,12.32,0.7365,1,1,0.102,true,true,medium,high,medium,accept_candidate_after_map_check,exact_municipality_match,内子町,,内子町,"内子町, 喜多郡, 愛媛県, 791-3521, 日本",multiple_candidates_for_mountain|multiple_mountains_for_candidate|missing_csv_coordinate|activity_link_ambiguous,top_1_but_ambiguous,clear_mutual_top1,mountain=愛宕山(#476); candidate=summit-candidate:c6ea08c2953b4cb8; ref_score=0.7365; ref_rank=1; loc_level=exact_municipality_match; priority=high; priority_reasons=top_1_but_ambiguous
476,愛宕山,summit-candidate:9fe27d7d4a51aa70,yamap_2026-03-04_06_40.gpx,登議城山,649.16,357,292.16,0.6345,2,2,0.1445,false,true,medium,medium,low,low_priority,exact_municipality_match,内子町,,内子町,"内子町, 喜多郡, 愛媛県, 日本",multiple_candidates_for_mountain|multiple_mountains_for_candidate|weak_elevation_evidence|missing_csv_coordinate|activity_link_ambiguous,top_3_with_evidence,low_priority_alternative,mountain=愛宕山(#476); candidate=summit-candidate:9fe27d7d4a51aa70; ref_score=0.6345; ref_rank=2; loc_level=exact_municipality_match; priority=medium; priority_reasons=top_3_with_evidence
476,愛宕山,summit-candidate:230b9847a05c8052,yamap_2025-03-17_14_08.gpx,大登山,362.42333333333335,357,5.42,0.49,3,3,0.035,false,true,low,medium,low,low_priority,exact_municipality_match,内子町,,内子町,"宿間, 内子町, 喜多郡, 愛媛県, 795-0301, 日本",multiple_candidates_for_mountain|multiple_mountains_for_candidate|weak_name_evidence|missing_csv_coordinate|activity_link_ambiguous,top_3_with_evidence,low_priority_alternative,mountain=愛宕山(#476); candidate=summit-candidate:230b9847a05c8052; ref_score=0.49; ref_rank=3; loc_level=exact_municipality_match; priority=medium; priority_reasons=top_3_with_evidence
477,笠松山東峰,summit-candidate:8f25ad4ff380df77,yamap_2026-03-06_09_00.gpx,世田山・笠松山東峰・笠松山,346.8866666666666,327,19.89,0.7365,1,3,0.2975,false,true,medium,high,high,resolve_conflict,exact_municipality_match,今治市,,今治市,"今治市, 愛媛県, 794-8511, 日本",multiple_candidates_for_mountain|multiple_mountains_for_candidate|missing_csv_coordinate,top_1_but_ambiguous|top_candidate_for_multiple_mountains,shared_candidate|not_mutual_top1,"mountain=笠松山東峰(#477); candidate=summit-candidate:8f25ad4ff380df77; ref_score=0.7365; ref_rank=1; loc_level=exact_municipality_match; priority=high; priority_reasons=top_1_but_ambiguous,top_candidate_for_multiple_mountains"
477,笠松山東峰,summit-candidate:0f09bdcc25daff65,yamap_2025-02-24_07_30.gpx,無宗天山,311.96,327,15.04,0.439,2,8,0,false,false,low,medium,low,low_priority,exact_municipality_match,今治市,,今治市,"今治市, 愛媛県, 794-8511, 日本",multiple_candidates_for_mountain|multiple_mountains_for_candidate|weak_name_evidence|missing_csv_coordinate|activity_link_ambiguous,top_3_with_evidence,low_priority_alternative,mountain=笠松山東峰(#477); candidate=summit-candidate:0f09bdcc25daff65; ref_score=0.439; ref_rank=2; loc_level=exact_municipality_match; priority=medium; priority_reasons=top_3_with_evidence
477,笠松山東峰,summit-candidate:468c5bbccd8aba53,yamap_2024-01-27_13_31.gpx,宝股山,300.6033333333333,327,26.4,0.439,3,9,0,false,false,low,high,high,resolve_conflict,exact_municipality_match,今治市,,今治市,"伯方町叶浦, 寺山, 今治市, 愛媛県, 794-8511, 日本",multiple_candidates_for_mountain|multiple_mountains_for_candidate|weak_name_evidence|missing_csv_coordinate|activity_link_ambiguous,top_candidate_for_multiple_mountains,shared_candidate,mountain=笠松山東峰(#477); candidate=summit-candidate:468c5bbccd8aba53; ref_score=0.439; ref_rank=3; loc_level=exact_municipality_match; priority=high; priority_reasons=top_candidate_for_multiple_mountains
478,尻割山,summit-candidate:e8b129f70e703be5,yamap_2026-03-07_11_08.gpx,権現山,949.9166666666666,980,30.08,0.6855,1,2,0.2465,false,true,medium,high,high,resolve_conflict,exact_municipality_match,宇和島市,,宇和島市,"山高神社, 若山林道, 野川, 宇和島市, 愛媛県, 798-8601, 日本",multiple_candidates_for_mountain|multiple_mountains_for_candidate|missing_csv_coordinate|activity_link_ambiguous,top_1_but_ambiguous|top_candidate_for_multiple_mountains,shared_candidate|not_mutual_top1,"mountain=尻割山(#478); candidate=summit-candidate:e8b129f70e703be5; ref_score=0.6855; ref_rank=1; loc_level=exact_municipality_match; priority=high; priority_reasons=top_1_but_ambiguous,top_candidate_for_multiple_mountains"
478,尻割山,summit-candidate:f59e1ba73617c383,yamap_2025-04-06_08_48.gpx,加塚山,1005.7346655272108,980,25.73,0.439,2,4,0.1285,false,false,low,medium,low,low_priority,exact_municipality_match,宇和島市,,宇和島市,"四万十市, 高知県, 日本",multiple_candidates_for_mountain|multiple_mountains_for_candidate|weak_name_evidence|missing_csv_coordinate,top_3_with_evidence,low_priority_alternative,mountain=尻割山(#478); candidate=summit-candidate:f59e1ba73617c383; ref_score=0.439; ref_rank=2; loc_level=exact_municipality_match; priority=medium; priority_reasons=top_3_with_evidence
478,尻割山,summit-candidate:290abf917754fd0b,yamap_2023-11-19_06_46.gpx,瀬戸黒森・三森・羽子山・観音森,972.6666666666666,980,7.33,0.3105,3,9,0,false,false,low,high,high,check_location_warning,boundary_tolerated_mismatch,宇和島市,,,"愛南町, 南宇和郡, 愛媛県, 日本",multiple_candidates_for_mountain|multiple_mountains_for_candidate|weak_name_evidence|missing_csv_coordinate|location_mismatch_warning,strong_evidence_with_mismatch,location_mismatch_warning,mountain=尻割山(#478); candidate=summit-candidate:290abf917754fd0b; ref_score=0.3105; ref_rank=3; loc_level=boundary_tolerated_mismatch; priority=high; priority_reasons=strong_evidence_with_mismatch
479,四本松,summit-candidate:e8b129f70e703be5,yamap_2026-03-07_11_08.gpx,権現山,949.9166666666666,721,228.92,0.6345,1,4,0.324,false,false,medium,high,high,resolve_conflict,exact_municipality_match,宇和島市,,宇和島市,"山高神社, 若山林道, 野川, 宇和島市, 愛媛県, 798-8601, 日本",multiple_candidates_for_mountain|multiple_mountains_for_candidate|weak_elevation_evidence|missing_csv_coordinate|activity_link_ambiguous,top_1_but_ambiguous|top_candidate_for_multiple_mountains,shared_candidate|not_mutual_top1,"mountain=四本松(#479); candidate=summit-candidate:e8b129f70e703be5; ref_score=0.6345; ref_rank=1; loc_level=exact_municipality_match; priority=high; priority_reasons=top_1_but_ambiguous,top_candidate_for_multiple_mountains"
479,四本松,summit-candidate:9a0532ee2b40e5f3,yamap_2023-11-19_06_46.gpx,瀬戸黒森・三森・羽子山・観音森,725.5,721,4.5,0.3105,2,14,0,false,false,low,high,high,check_location_warning,boundary_tolerated_mismatch,宇和島市,,,"愛南町, 南宇和郡, 愛媛県, 日本",multiple_candidates_for_mountain|multiple_mountains_for_candidate|weak_name_evidence|missing_csv_coordinate|location_mismatch_warning,strong_evidence_with_mismatch,location_mismatch_warning,mountain=四本松(#479); candidate=summit-candidate:9a0532ee2b40e5f3; ref_score=0.3105; ref_rank=2; loc_level=boundary_tolerated_mismatch; priority=high; priority_reasons=strong_evidence_with_mismatch
479,四本松,summit-candidate:e7ae682a07af2e10,yamap_2022-01-22_09_04.gpx,高森山・岩伽羅山・衣掛山・吉山(吉山城址),719.2533333333334,721,1.75,0.3105,3,18,0.051,false,false,low,high,high,resolve_conflict,boundary_tolerated_mismatch,宇和島市,,,"樋口, 東温市, 愛媛県, 日本",multiple_candidates_for_mountain|multiple_mountains_for_candidate|weak_name_evidence|missing_csv_coordinate|location_mismatch_warning,strong_evidence_with_mismatch|top_candidate_for_multiple_mountains,shared_candidate,"mountain=四本松(#479); candidate=summit-candidate:e7ae682a07af2e10; ref_score=0.3105; ref_rank=3; loc_level=boundary_tolerated_mismatch; priority=high; priority_reasons=strong_evidence_with_mismatch,top_candidate_for_multiple_mountains"
480,権現山,summit-candidate:e8b129f70e703be5,yamap_2026-03-07_11_08.gpx,権現山,949.9166666666666,952,2.08,0.7875,1,1,0.153,true,true,medium,high,high,resolve_conflict,exact_municipality_match,宇和島市,,宇和島市,"山高神社, 若山林道, 野川, 宇和島市, 愛媛県, 798-8601, 日本",multiple_candidates_for_mountain|multiple_mountains_for_candidate|missing_csv_coordinate|activity_link_ambiguous,top_1_but_ambiguous|top_candidate_for_multiple_mountains,shared_candidate,"mountain=権現山(#480); candidate=summit-candidate:e8b129f70e703be5; ref_score=0.7875; ref_rank=1; loc_level=exact_municipality_match; priority=high; priority_reasons=top_1_but_ambiguous,top_candidate_for_multiple_mountains"
480,権現山,summit-candidate:84f974876f397da1,yamap_2024-02-10_13_09.gpx,権現山,498.7563056512352,952,453.24,0.6345,2,4,0,false,false,medium,medium,low,low_priority,exact_municipality_match,宇和島市,,宇和島市,"津島町北灘, 宇和島市, 愛媛県, 798-8601, 日本",multiple_candidates_for_mountain|multiple_mountains_for_candidate|weak_elevation_evidence|missing_csv_coordinate|activity_link_ambiguous,top_3_with_evidence,low_priority_alternative,mountain=権現山(#480); candidate=summit-candidate:84f974876f397da1; ref_score=0.6345; ref_rank=2; loc_level=exact_municipality_match; priority=medium; priority_reasons=top_3_with_evidence
480,権現山,summit-candidate:ef3e845b5d632dd3,yamap_2024-02-10_09_58.gpx,熊ガ峰,340.53999999999996,952,611.46,0.6345,3,4,0,false,false,medium,medium,low,low_priority,exact_municipality_match,宇和島市,,宇和島市,"蕨, 宇和島市, 愛媛県, 798-8601, 日本",multiple_candidates_for_mountain|multiple_mountains_for_candidate|weak_elevation_evidence|missing_csv_coordinate|activity_link_ambiguous,top_3_with_evidence,low_priority_alternative,mountain=権現山(#480); candidate=summit-candidate:ef3e845b5d632dd3; ref_score=0.6345; ref_rank=3; loc_level=exact_municipality_match; priority=medium; priority_reasons=top_3_with_evidence
481,呉石山,summit-candidate:784df3690acb5365,yamap_2026-03-08_07_27.gpx,呉石山,833.5256703454279,826,7.53,0.7875,1,1,0.153,true,true,medium,high,high,resolve_conflict,exact_municipality_match,四国中央市,,四国中央市,"林道呉石境目線, 四国中央市, 愛媛県, 799-0127, 日本",multiple_candidates_for_mountain|multiple_mountains_for_candidate|missing_csv_coordinate|activity_link_ambiguous,top_1_but_ambiguous|top_candidate_for_multiple_mountains,shared_candidate,"mountain=呉石山(#481); candidate=summit-candidate:784df3690acb5365; ref_score=0.7875; ref_rank=1; loc_level=exact_municipality_match; priority=high; priority_reasons=top_1_but_ambiguous,top_candidate_for_multiple_mountains"
481,呉石山,summit-candidate:ab39145b6a448b8d,yamap_2026-03-08_10_45.gpx,白木山,617.3566666666667,826,208.64,0.6345,2,2,0.1795,false,true,medium,medium,low,low_priority,exact_municipality_match,四国中央市,,四国中央市,"国道319号, 金砂町小川山, 四国中央市, 愛媛県, 799-0301, 日本",multiple_candidates_for_mountain|multiple_mountains_for_candidate|weak_elevation_evidence|missing_csv_coordinate|activity_link_ambiguous,top_3_with_evidence,low_priority_alternative,mountain=呉石山(#481); candidate=summit-candidate:ab39145b6a448b8d; ref_score=0.6345; ref_rank=2; loc_level=exact_municipality_match; priority=medium; priority_reasons=top_3_with_evidence
481,呉石山,summit-candidate:eb031d650d8e9a7a,yamap_2026-03-08_08_05.gpx,峰畑山,753.8057910293684,826,72.19,0.455,3,2,0.016,false,true,low,high,high,check_location_warning,boundary_tolerated_mismatch,四国中央市,,,"山城町佐連, 三好市, 徳島県, 778-8501, 日本",multiple_candidates_for_mountain|multiple_mountains_for_candidate|weak_elevation_evidence|missing_csv_coordinate|location_mismatch_warning|activity_link_ambiguous,strong_evidence_with_mismatch,location_mismatch_warning,mountain=呉石山(#481); candidate=summit-candidate:eb031d650d8e9a7a; ref_score=0.455; ref_rank=3; loc_level=boundary_tolerated_mismatch; priority=high; priority_reasons=strong_evidence_with_mismatch
482,峰畑山,summit-candidate:784df3690acb5365,yamap_2026-03-08_07_27.gpx,呉石山,833.5256703454279,747,86.53,0.6345,1,2,0,false,true,medium,high,high,resolve_conflict,exact_municipality_match,四国中央市,,四国中央市,"林道呉石境目線, 四国中央市, 愛媛県, 799-0127, 日本",multiple_candidates_for_mountain|multiple_mountains_for_candidate|weak_elevation_evidence|missing_csv_coordinate|activity_link_ambiguous,top_1_but_ambiguous|top_candidate_for_multiple_mountains,shared_candidate|not_mutual_top1,"mountain=峰畑山(#482); candidate=summit-candidate:784df3690acb5365; ref_score=0.6345; ref_rank=1; loc_level=exact_municipality_match; priority=high; priority_reasons=top_1_but_ambiguous,top_candidate_for_multiple_mountains"
482,峰畑山,summit-candidate:ab39145b6a448b8d,yamap_2026-03-08_10_45.gpx,白木山,617.3566666666667,747,129.64,0.6345,2,3,0.0265,false,true,medium,medium,high,check_close_alternatives,exact_municipality_match,四国中央市,,四国中央市,"国道319号, 金砂町小川山, 四国中央市, 愛媛県, 799-0301, 日本",multiple_candidates_for_mountain|multiple_mountains_for_candidate|weak_elevation_evidence|missing_csv_coordinate|activity_link_ambiguous,top_3_with_evidence,small_score_gap,mountain=峰畑山(#482); candidate=summit-candidate:ab39145b6a448b8d; ref_score=0.6345; ref_rank=2; loc_level=exact_municipality_match; priority=medium; priority_reasons=top_3_with_evidence
482,峰畑山,summit-candidate:eb031d650d8e9a7a,yamap_2026-03-08_08_05.gpx,峰畑山,753.8057910293684,747,6.81,0.608,3,1,0.2975,false,true,medium,high,high,check_close_alternatives,boundary_tolerated_mismatch,四国中央市,,,"山城町佐連, 三好市, 徳島県, 778-8501, 日本",multiple_candidates_for_mountain|multiple_mountains_for_candidate|missing_csv_coordinate|location_mismatch_warning|activity_link_ambiguous,strong_evidence_with_mismatch,small_score_gap,mountain=峰畑山(#482); candidate=summit-candidate:eb031d650d8e9a7a; ref_score=0.608; ref_rank=3; loc_level=boundary_tolerated_mismatch; priority=high; priority_reasons=strong_evidence_with_mismatch
483,白木山,summit-candidate:ab39145b6a448b8d,yamap_2026-03-08_10_45.gpx,白木山,617.3566666666667,624,6.64,0.7875,1,1,0.153,true,true,medium,high,medium,accept_candidate_after_map_check,exact_municipality_match,四国中央市,,四国中央市,"国道319号, 金砂町小川山, 四国中央市, 愛媛県, 799-0301, 日本",multiple_candidates_for_mountain|multiple_mountains_for_candidate|missing_csv_coordinate|activity_link_ambiguous,top_1_but_ambiguous,clear_mutual_top1,mountain=白木山(#483); candidate=summit-candidate:ab39145b6a448b8d; ref_score=0.7875; ref_rank=1; loc_level=exact_municipality_match; priority=high; priority_reasons=top_1_but_ambiguous
483,白木山,summit-candidate:784df3690acb5365,yamap_2026-03-08_07_27.gpx,呉石山,833.5256703454279,624,209.53,0.6345,2,3,0.1795,false,true,medium,high,high,resolve_conflict,exact_municipality_match,四国中央市,,四国中央市,"林道呉石境目線, 四国中央市, 愛媛県, 799-0127, 日本",multiple_candidates_for_mountain|multiple_mountains_for_candidate|weak_elevation_evidence|missing_csv_coordinate|activity_link_ambiguous,top_candidate_for_multiple_mountains,shared_candidate,mountain=白木山(#483); candidate=summit-candidate:784df3690acb5365; ref_score=0.6345; ref_rank=2; loc_level=exact_municipality_match; priority=high; priority_reasons=top_candidate_for_multiple_mountains
483,白木山,summit-candidate:eb031d650d8e9a7a,yamap_2026-03-08_08_05.gpx,峰畑山,753.8057910293684,624,129.81,0.455,3,3,0.1445,false,true,low,high,high,check_location_warning,boundary_tolerated_mismatch,四国中央市,,,"山城町佐連, 三好市, 徳島県, 778-8501, 日本",multiple_candidates_for_mountain|multiple_mountains_for_candidate|weak_elevation_evidence|missing_csv_coordinate|location_mismatch_warning|activity_link_ambiguous,strong_evidence_with_mismatch,location_mismatch_warning,mountain=白木山(#483); candidate=summit-candidate:eb031d650d8e9a7a; ref_score=0.455; ref_rank=3; loc_level=boundary_tolerated_mismatch; priority=high; priority_reasons=strong_evidence_with_mismatch
484,軽ノ山,summit-candidate:084fa7c9e55252dc,yamap_2026-03-11_10_35.gpx,野津子山・軽ノ山,165.84333333333333,171,5.16,0.7875,1,1,0.2975,true,true,medium,high,high,resolve_conflict,exact_municipality_match,松山市,,松山市,"祝谷六丁目, 祝谷西町, 松山市, 愛媛県, 790-0833, 日本",multiple_candidates_for_mountain|multiple_mountains_for_candidate|missing_csv_coordinate,top_1_but_ambiguous|top_candidate_for_multiple_mountains,shared_candidate,"mountain=軽ノ山(#484); candidate=summit-candidate:084fa7c9e55252dc; ref_score=0.7875; ref_rank=1; loc_level=exact_municipality_match; priority=high; priority_reasons=top_1_but_ambiguous,top_candidate_for_multiple_mountains"
484,軽ノ山,summit-candidate:5e94c87cc5fcc87b,yamap_2022-03-20_07_06.gpx,大久保山・八里ヶ峠・中坂山・天神山・室岡山・潮見山,173.09,171,2.09,0.49,2,13,0,false,false,low,medium,low,low_priority,exact_municipality_match,松山市,,松山市,"吉藤五丁目, 松山市, 愛媛県, 791-8004, 日本",multiple_candidates_for_mountain|multiple_mountains_for_candidate|weak_name_evidence|missing_csv_coordinate,top_3_with_evidence,low_priority_alternative,mountain=軽ノ山(#484); candidate=summit-candidate:5e94c87cc5fcc87b; ref_score=0.49; ref_rank=2; loc_level=exact_municipality_match; priority=medium; priority_reasons=top_3_with_evidence
484,軽ノ山,summit-candidate:bdfa250c89c1ca90,yamap_2022-02-23_08_42.gpx,西山・経ヶ森・岩子山・護摩ヶ森,168.98333333333335,171,2.02,0.49,3,10,0.051,false,false,low,high,high,resolve_conflict,exact_municipality_match,松山市,,松山市,"高浜トンネル, 高浜町一丁目, 新浜町, 松山市, 愛媛県, 791-8081, 日本",multiple_candidates_for_mountain|multiple_mountains_for_candidate|weak_name_evidence|missing_csv_coordinate,top_candidate_for_multiple_mountains,shared_candidate,mountain=軽ノ山(#484); candidate=summit-candidate:bdfa250c89c1ca90; ref_score=0.49; ref_rank=3; loc_level=exact_municipality_match; priority=high; priority_reasons=top_candidate_for_multiple_mountains
485,野津子山,summit-candidate:084fa7c9e55252dc,yamap_2026-03-11_10_35.gpx,野津子山・軽ノ山,165.84333333333333,144,21.84,0.7365,1,2,0.2465,false,true,medium,high,high,resolve_conflict,exact_municipality_match,松山市,,松山市,"祝谷六丁目, 祝谷西町, 松山市, 愛媛県, 790-0833, 日本",multiple_candidates_for_mountain|multiple_mountains_for_candidate|missing_csv_coordinate,top_1_but_ambiguous|top_candidate_for_multiple_mountains,shared_candidate|not_mutual_top1,"mountain=野津子山(#485); candidate=summit-candidate:084fa7c9e55252dc; ref_score=0.7365; ref_rank=1; loc_level=exact_municipality_match; priority=high; priority_reasons=top_1_but_ambiguous,top_candidate_for_multiple_mountains"
485,野津子山,summit-candidate:3259dfe3d9ce60c5,yamap_2022-03-23_07_38.gpx,明神山・潮見山,152.25333333333333,144,8.25,0.49,2,7,0,false,false,low,high,high,resolve_conflict,exact_municipality_match,松山市,,松山市,"平井町, 松山市, 愛媛県, 791-0243, 日本",multiple_candidates_for_mountain|multiple_mountains_for_candidate|weak_name_evidence|missing_csv_coordinate,top_candidate_for_multiple_mountains,shared_candidate,mountain=野津子山(#485); candidate=summit-candidate:3259dfe3d9ce60c5; ref_score=0.49; ref_rank=2; loc_level=exact_municipality_match; priority=high; priority_reasons=top_candidate_for_multiple_mountains
485,野津子山,summit-candidate:ab8cf0f07d2a219d,yamap_2022-03-12_08_31.gpx,菊ヶ森,145.66,144,1.66,0.49,3,4,0.051,false,false,low,medium,low,low_priority,exact_municipality_match,松山市,,松山市,"松山市道 湯山50号線, 上高野町, 松山市, 愛媛県, 791-0101, 日本",multiple_candidates_for_mountain|multiple_mountains_for_candidate|weak_name_evidence|missing_csv_coordinate|activity_link_ambiguous,top_3_with_evidence,low_priority_alternative,mountain=野津子山(#485); candidate=summit-candidate:ab8cf0f07d2a219d; ref_score=0.49; ref_rank=3; loc_level=exact_municipality_match; priority=medium; priority_reasons=top_3_with_evidence
486,長山,summit-candidate:c246a8edb72dbebb,yamap_2026-03-15_06_14.gpx,長山,939.7329137961616,939,0.73,0.7875,1,1,0.153,true,true,medium,high,medium,accept_candidate_after_map_check,exact_municipality_match,鬼北町,,鬼北町,"鬼北町, 北宇和郡, 愛媛県, 日本",multiple_candidates_for_mountain|multiple_mountains_for_candidate|missing_csv_coordinate|activity_link_ambiguous,top_1_but_ambiguous,clear_mutual_top1,mountain=長山(#486); candidate=summit-candidate:c246a8edb72dbebb; ref_score=0.7875; ref_rank=1; loc_level=exact_municipality_match; priority=high; priority_reasons=top_1_but_ambiguous
486,長山,summit-candidate:314bd84876bc3fc3,yamap_2026-03-15_10_21.gpx,高研山,1065.780524285452,939,126.78,0.6345,2,2,0.1445,false,true,medium,medium,low,low_priority,exact_municipality_match,鬼北町,,鬼北町,"鬼北町, 北宇和郡, 愛媛県, 日本",multiple_candidates_for_mountain|multiple_mountains_for_candidate|weak_elevation_evidence|missing_csv_coordinate|activity_link_ambiguous,top_3_with_evidence,low_priority_alternative,mountain=長山(#486); candidate=summit-candidate:314bd84876bc3fc3; ref_score=0.6345; ref_rank=2; loc_level=exact_municipality_match; priority=medium; priority_reasons=top_3_with_evidence
486,長山,summit-candidate:7bda9ba8d2b47d6e,yamap_2022-10-01_08_30.gpx,戸祇御前山,947.3511063301806,939,8.35,0.49,3,2,0.1795,false,true,low,medium,low,low_priority,exact_municipality_match,鬼北町,,鬼北町,"鬼北町, 北宇和郡, 愛媛県, 日本",multiple_candidates_for_mountain|multiple_mountains_for_candidate|weak_name_evidence|missing_csv_coordinate,top_3_with_evidence,low_priority_alternative,mountain=長山(#486); candidate=summit-candidate:7bda9ba8d2b47d6e; ref_score=0.49; ref_rank=3; loc_level=exact_municipality_match; priority=medium; priority_reasons=top_3_with_evidence
487,高研山,summit-candidate:314bd84876bc3fc3,yamap_2026-03-15_10_21.gpx,高研山,1065.780524285452,1055,10.78,0.7365,1,1,0.102,true,true,medium,high,medium,accept_candidate_after_map_check,exact_municipality_match,鬼北町,,鬼北町,"鬼北町, 北宇和郡, 愛媛県, 日本",multiple_candidates_for_mountain|multiple_mountains_for_candidate|missing_csv_coordinate|activity_link_ambiguous,top_1_but_ambiguous,clear_mutual_top1,mountain=高研山(#487); candidate=summit-candidate:314bd84876bc3fc3; ref_score=0.7365; ref_rank=1; loc_level=exact_municipality_match; priority=high; priority_reasons=top_1_but_ambiguous
487,高研山,summit-candidate:c246a8edb72dbebb,yamap_2026-03-15_06_14.gpx,長山,939.7329137961616,1055,115.27,0.6345,2,2,0.324,false,true,medium,medium,low,low_priority,exact_municipality_match,鬼北町,,鬼北町,"鬼北町, 北宇和郡, 愛媛県, 日本",multiple_candidates_for_mountain|multiple_mountains_for_candidate|weak_elevation_evidence|missing_csv_coordinate|activity_link_ambiguous,top_3_with_evidence,low_priority_alternative,mountain=高研山(#487); candidate=summit-candidate:c246a8edb72dbebb; ref_score=0.6345; ref_rank=2; loc_level=exact_municipality_match; priority=medium; priority_reasons=top_3_with_evidence
487,高研山,summit-candidate:446b5fe1e7a8b2fd,yamap_2023-03-11_06_08.gpx,福見山・明神ヶ森・南三方ヶ森・魚谷森・左谷ノ森,1048.2366666666665,1055,6.76,0.3105,3,11,0,false,false,low,high,high,check_location_warning,boundary_tolerated_mismatch,鬼北町,,,"東温市, 愛媛県, 日本",multiple_candidates_for_mountain|multiple_mountains_for_candidate|weak_name_evidence|missing_csv_coordinate|location_mismatch_warning,strong_evidence_with_mismatch,location_mismatch_warning,mountain=高研山(#487); candidate=summit-candidate:446b5fe1e7a8b2fd; ref_score=0.3105; ref_rank=3; loc_level=boundary_tolerated_mismatch; priority=high; priority_reasons=strong_evidence_with_mismatch
488,大ノ森,summit-candidate:777bcc5c6ed2c27e,yamap_2026-03-17_06_58.gpx,大ノ森,1317.4533333333331,1320,2.55,0.7875,1,1,0.3485,true,true,medium,high,medium,accept_candidate_after_map_check,exact_municipality_match,久万高原町,,久万高原町,"大成, 久万高原町, 上浮穴郡, 愛媛県, 日本",multiple_candidates_for_mountain|multiple_mountains_for_candidate|missing_csv_coordinate,top_1_but_ambiguous,clear_mutual_top1,mountain=大ノ森(#488); candidate=summit-candidate:777bcc5c6ed2c27e; ref_score=0.7875; ref_rank=1; loc_level=exact_municipality_match; priority=high; priority_reasons=top_1_but_ambiguous
488,大ノ森,summit-candidate:242762a3c600ff91,yamap_2022-05-15_06_10.gpx,割石東山・青滝山・堂ヶ森,1301.993333333333,1320,18.01,0.439,2,9,0,false,false,low,high,high,resolve_conflict,exact_municipality_match,久万高原町,,久万高原町,"梅ヶ市林道, 久万高原町, 上浮穴郡, 愛媛県, 日本",multiple_candidates_for_mountain|multiple_mountains_for_candidate|weak_name_evidence|missing_csv_coordinate|activity_link_ambiguous,top_candidate_for_multiple_mountains,shared_candidate,mountain=大ノ森(#488); candidate=summit-candidate:242762a3c600ff91; ref_score=0.439; ref_rank=2; loc_level=exact_municipality_match; priority=high; priority_reasons=top_candidate_for_multiple_mountains
488,大ノ森,summit-candidate:aa8ff99fc3bd426d,yamap_2024-04-07_06_45.gpx,二箆山・西雑誌山,1347.9433333333334,1320,27.94,0.439,3,6,0,false,false,low,medium,low,low_priority,exact_municipality_match,久万高原町,,久万高原町,"林道小田・池川線, 寄合, 仁淀川町, 吾川郡, 高知県, 781-1619, 日本",multiple_candidates_for_mountain|multiple_mountains_for_candidate|weak_name_evidence|missing_csv_coordinate,top_3_with_evidence,low_priority_alternative,mountain=大ノ森(#488); candidate=summit-candidate:aa8ff99fc3bd426d; ref_score=0.439; ref_rank=3; loc_level=exact_municipality_match; priority=medium; priority_reasons=top_3_with_evidence
489,雨乞山,summit-candidate:f760bededfedfc09,yamap_2026-03-21_07_01.gpx,雨乞山・妙見森,1215.7332944221434,1213,2.73,0.7875,1,1,0.051,true,true,medium,high,medium,accept_candidate_after_map_check,exact_municipality_match,内子町,,内子町,"小田柳谷線, 本川, 内子町, 喜多郡, 愛媛県, 791-3521, 日本",multiple_candidates_for_mountain|multiple_mountains_for_candidate|missing_csv_coordinate|activity_link_ambiguous,top_1_but_ambiguous,clear_mutual_top1,mountain=雨乞山(#489); candidate=summit-candidate:f760bededfedfc09; ref_score=0.7875; ref_rank=1; loc_level=exact_municipality_match; priority=high; priority_reasons=top_1_but_ambiguous
489,雨乞山,summit-candidate:d5d39ec66a34deb5,yamap_2026-03-21_14_58.gpx,雨霧山,1235.86,1213,22.86,0.7365,2,2,0.102,false,true,medium,medium,low,low_priority,exact_municipality_match,内子町,,内子町,"内子町, 喜多郡, 愛媛県, 791-3521, 日本",multiple_candidates_for_mountain|multiple_mountains_for_candidate|missing_csv_coordinate|activity_link_ambiguous,top_3_with_evidence,low_priority_alternative,mountain=雨乞山(#489); candidate=summit-candidate:d5d39ec66a34deb5; ref_score=0.7365; ref_rank=2; loc_level=exact_municipality_match; priority=medium; priority_reasons=top_3_with_evidence
489,雨乞山,summit-candidate:118b217506eb653f,yamap_2026-03-21_07_01.gpx,雨乞山・妙見森,1334.4923924855789,1213,121.49,0.6345,3,2,0.1795,false,true,medium,high,high,resolve_conflict,exact_municipality_match,内子町,,内子町,"内子町, 喜多郡, 愛媛県, 日本",multiple_candidates_for_mountain|multiple_mountains_for_candidate|weak_elevation_evidence|missing_csv_coordinate|activity_link_ambiguous,top_candidate_for_multiple_mountains,shared_candidate,mountain=雨乞山(#489); candidate=summit-candidate:118b217506eb653f; ref_score=0.6345; ref_rank=3; loc_level=exact_municipality_match; priority=high; priority_reasons=top_candidate_for_multiple_mountains
490,妙見森,summit-candidate:118b217506eb653f,yamap_2026-03-21_07_01.gpx,雨乞山・妙見森,1334.4923924855789,1325,9.49,0.7875,1,1,0.153,true,true,medium,high,high,resolve_conflict,exact_municipality_match,内子町,,内子町,"内子町, 喜多郡, 愛媛県, 日本",multiple_candidates_for_mountain|multiple_mountains_for_candidate|missing_csv_coordinate|activity_link_ambiguous,top_1_but_ambiguous|top_candidate_for_multiple_mountains,shared_candidate,"mountain=妙見森(#490); candidate=summit-candidate:118b217506eb653f; ref_score=0.7875; ref_rank=1; loc_level=exact_municipality_match; priority=high; priority_reasons=top_1_but_ambiguous,top_candidate_for_multiple_mountains"
490,妙見森,summit-candidate:d5d39ec66a34deb5,yamap_2026-03-21_14_58.gpx,雨霧山,1235.86,1325,89.14,0.6345,2,3,0,false,true,medium,medium,low,low_priority,exact_municipality_match,内子町,,内子町,"内子町, 喜多郡, 愛媛県, 791-3521, 日本",multiple_candidates_for_mountain|multiple_mountains_for_candidate|weak_elevation_evidence|missing_csv_coordinate|activity_link_ambiguous,top_3_with_evidence,low_priority_alternative,mountain=妙見森(#490); candidate=summit-candidate:d5d39ec66a34deb5; ref_score=0.6345; ref_rank=2; loc_level=exact_municipality_match; priority=medium; priority_reasons=top_3_with_evidence
490,妙見森,summit-candidate:f760bededfedfc09,yamap_2026-03-21_07_01.gpx,雨乞山・妙見森,1215.7332944221434,1325,109.27,0.6345,3,3,0.0775,false,true,medium,medium,low,low_priority,exact_municipality_match,内子町,,内子町,"小田柳谷線, 本川, 内子町, 喜多郡, 愛媛県, 791-3521, 日本",multiple_candidates_for_mountain|multiple_mountains_for_candidate|weak_elevation_evidence|missing_csv_coordinate|activity_link_ambiguous,top_3_with_evidence,low_priority_alternative,mountain=妙見森(#490); candidate=summit-candidate:f760bededfedfc09; ref_score=0.6345; ref_rank=3; loc_level=exact_municipality_match; priority=medium; priority_reasons=top_3_with_evidence
491,笹峠山,summit-candidate:118b217506eb653f,yamap_2026-03-21_07_01.gpx,雨乞山・妙見森,1334.4923924855789,954,380.49,0.6345,1,3,0,false,true,medium,high,high,resolve_conflict,exact_municipality_match,内子町,,内子町,"内子町, 喜多郡, 愛媛県, 日本",multiple_candidates_for_mountain|multiple_mountains_for_candidate|weak_elevation_evidence|missing_csv_coordinate|activity_link_ambiguous,top_1_but_ambiguous|top_candidate_for_multiple_mountains,shared_candidate|not_mutual_top1,"mountain=笹峠山(#491); candidate=summit-candidate:118b217506eb653f; ref_score=0.6345; ref_rank=1; loc_level=exact_municipality_match; priority=high; priority_reasons=top_1_but_ambiguous,top_candidate_for_multiple_mountains"
491,笹峠山,summit-candidate:d5d39ec66a34deb5,yamap_2026-03-21_14_58.gpx,雨霧山,1235.86,954,281.86,0.6345,2,4,0,false,false,medium,medium,high,check_close_alternatives,exact_municipality_match,内子町,,内子町,"内子町, 喜多郡, 愛媛県, 791-3521, 日本",multiple_candidates_for_mountain|multiple_mountains_for_candidate|weak_elevation_evidence|missing_csv_coordinate|activity_link_ambiguous,top_3_with_evidence,small_score_gap,mountain=笹峠山(#491); candidate=summit-candidate:d5d39ec66a34deb5; ref_score=0.6345; ref_rank=2; loc_level=exact_municipality_match; priority=medium; priority_reasons=top_3_with_evidence
491,笹峠山,summit-candidate:f760bededfedfc09,yamap_2026-03-21_07_01.gpx,雨乞山・妙見森,1215.7332944221434,954,261.73,0.6345,3,4,0.0775,false,false,medium,medium,high,check_close_alternatives,exact_municipality_match,内子町,,内子町,"小田柳谷線, 本川, 内子町, 喜多郡, 愛媛県, 791-3521, 日本",multiple_candidates_for_mountain|multiple_mountains_for_candidate|weak_elevation_evidence|missing_csv_coordinate|activity_link_ambiguous,top_3_with_evidence,small_score_gap,mountain=笹峠山(#491); candidate=summit-candidate:f760bededfedfc09; ref_score=0.6345; ref_rank=3; loc_level=exact_municipality_match; priority=medium; priority_reasons=top_3_with_evidence
492,雨霧山,summit-candidate:d5d39ec66a34deb5,yamap_2026-03-21_14_58.gpx,雨霧山,1235.86,1245,9.14,0.7875,1,1,0.051,true,true,medium,high,medium,accept_candidate_after_map_check,exact_municipality_match,内子町,,内子町,"内子町, 喜多郡, 愛媛県, 791-3521, 日本",multiple_candidates_for_mountain|multiple_mountains_for_candidate|missing_csv_coordinate|activity_link_ambiguous,top_1_but_ambiguous,clear_mutual_top1,mountain=雨霧山(#492); candidate=summit-candidate:d5d39ec66a34deb5; ref_score=0.7875; ref_rank=1; loc_level=exact_municipality_match; priority=high; priority_reasons=top_1_but_ambiguous
492,雨霧山,summit-candidate:f760bededfedfc09,yamap_2026-03-21_07_01.gpx,雨乞山・妙見森,1215.7332944221434,1245,29.27,0.7365,2,2,0.102,false,true,medium,medium,low,low_priority,exact_municipality_match,内子町,,内子町,"小田柳谷線, 本川, 内子町, 喜多郡, 愛媛県, 791-3521, 日本",multiple_candidates_for_mountain|multiple_mountains_for_candidate|missing_csv_coordinate|activity_link_ambiguous,top_3_with_evidence,low_priority_alternative,mountain=雨霧山(#492); candidate=summit-candidate:f760bededfedfc09; ref_score=0.7365; ref_rank=2; loc_level=exact_municipality_match; priority=medium; priority_reasons=top_3_with_evidence
492,雨霧山,summit-candidate:118b217506eb653f,yamap_2026-03-21_07_01.gpx,雨乞山・妙見森,1334.4923924855789,1245,89.49,0.6345,3,4,0.0775,false,false,medium,high,high,resolve_conflict,exact_municipality_match,内子町,,内子町,"内子町, 喜多郡, 愛媛県, 日本",multiple_candidates_for_mountain|multiple_mountains_for_candidate|weak_elevation_evidence|missing_csv_coordinate|activity_link_ambiguous,top_candidate_for_multiple_mountains,shared_candidate,mountain=雨霧山(#492); candidate=summit-candidate:118b217506eb653f; ref_score=0.6345; ref_rank=3; loc_level=exact_municipality_match; priority=high; priority_reasons=top_candidate_for_multiple_mountains
493,三郷の辻,summit-candidate:46ab73ee0e06e924,yamap_2026-04-11_09_14.gpx,三郷の辻,926.7733333333334,931,4.23,0.7875,1,1,0.3485,true,true,medium,high,medium,accept_candidate_after_map_check,exact_municipality_match,久万高原町,,久万高原町,"久万高原町, 上浮穴郡, 愛媛県, 791-1222, 日本",multiple_candidates_for_mountain|multiple_mountains_for_candidate|missing_csv_coordinate,top_1_but_ambiguous,clear_mutual_top1,mountain=三郷の辻(#493); candidate=summit-candidate:46ab73ee0e06e924; ref_score=0.7875; ref_rank=1; loc_level=exact_municipality_match; priority=high; priority_reasons=top_1_but_ambiguous
493,三郷の辻,summit-candidate:2a670286f545beb2,yamap_2023-04-09_09_08.gpx,菊ヶ森・餓鬼ヶ森,910.6433333333334,931,20.36,0.439,2,6,0,false,false,low,high,high,resolve_conflict,exact_municipality_match,久万高原町,,久万高原町,"久万高原町, 上浮穴郡, 愛媛県, 791-1212, 日本",multiple_candidates_for_mountain|multiple_mountains_for_candidate|weak_name_evidence|missing_csv_coordinate,top_candidate_for_multiple_mountains,shared_candidate,mountain=三郷の辻(#493); candidate=summit-candidate:2a670286f545beb2; ref_score=0.439; ref_rank=2; loc_level=exact_municipality_match; priority=high; priority_reasons=top_candidate_for_multiple_mountains
493,三郷の辻,summit-candidate:be07cff01023e072,yamap_2023-04-09_09_08.gpx,菊ヶ森・餓鬼ヶ森,950.8066666666667,931,19.81,0.439,3,4,0.1285,false,false,low,medium,low,low_priority,exact_municipality_match,久万高原町,,久万高原町,"久万高原町, 上浮穴郡, 愛媛県, 791-1203, 日本",multiple_candidates_for_mountain|multiple_mountains_for_candidate|weak_name_evidence|missing_csv_coordinate,top_3_with_evidence,low_priority_alternative,mountain=三郷の辻(#493); candidate=summit-candidate:be07cff01023e072; ref_score=0.439; ref_rank=3; loc_level=exact_municipality_match; priority=medium; priority_reasons=top_3_with_evidence
494,権現山,summit-candidate:2011a6c909945d6f,yamap_2026-04-12_11_03.gpx,権現山,102.87,117,14.13,0.7365,1,1,0.2465,true,true,medium,high,high,resolve_conflict,exact_municipality_match,松山市,,松山市,"弁天山トンネル, 北斎院町, 松山市, 愛媛県, 791-8031, 日本",multiple_candidates_for_mountain|multiple_mountains_for_candidate|missing_csv_coordinate,top_1_but_ambiguous|top_candidate_for_multiple_mountains,shared_candidate,"mountain=権現山(#494); candidate=summit-candidate:2011a6c909945d6f; ref_score=0.7365; ref_rank=1; loc_level=exact_municipality_match; priority=high; priority_reasons=top_1_but_ambiguous,top_candidate_for_multiple_mountains"
494,権現山,summit-candidate:45f49d8fd831427c,yamap_2023-01-06_11_33.gpx,岩子山・垣生山・津田山・弁天山,110.77666666666669,117,6.22,0.49,2,12,0,false,false,low,high,high,resolve_conflict,exact_municipality_match,松山市,,松山市,"垣生山公園登山道, 高岡町, 松山市, 愛媛県, 791-8036, 日本",multiple_candidates_for_mountain|multiple_mountains_for_candidate|weak_name_evidence|missing_csv_coordinate,top_candidate_for_multiple_mountains,shared_candidate,mountain=権現山(#494); candidate=summit-candidate:45f49d8fd831427c; ref_score=0.49; ref_rank=2; loc_level=exact_municipality_match; priority=high; priority_reasons=top_candidate_for_multiple_mountains
494,権現山,summit-candidate:49cfd09def5fce03,yamap_2023-01-06_11_33.gpx,岩子山・垣生山・津田山・弁天山,107.46,117,9.54,0.49,3,14,0,false,false,low,medium,low,low_priority,exact_municipality_match,松山市,,松山市,"南斎院町, 松山市, 愛媛県, 791-8031, 日本",multiple_candidates_for_mountain|multiple_mountains_for_candidate|weak_name_evidence|missing_csv_coordinate,top_3_with_evidence,low_priority_alternative,mountain=権現山(#494); candidate=summit-candidate:49cfd09def5fce03; ref_score=0.49; ref_rank=3; loc_level=exact_municipality_match; priority=medium; priority_reasons=top_3_with_evidence
495,雨乞山,summit-candidate:d0d3096d540f375e,yamap_2026-04-19_07_43.gpx,雨乞山,496.59999999999997,499,2.4,0.7875,1,1,0.2815,true,true,medium,high,medium,accept_candidate_after_map_check,exact_municipality_match,八幡浜市,,八幡浜市,"八幡浜市, 愛媛県, 796-0204, 日本",multiple_candidates_for_mountain|multiple_mountains_for_candidate|missing_csv_coordinate|activity_link_ambiguous,top_1_but_ambiguous,clear_mutual_top1,mountain=雨乞山(#495); candidate=summit-candidate:d0d3096d540f375e; ref_score=0.7875; ref_rank=1; loc_level=exact_municipality_match; priority=high; priority_reasons=top_1_but_ambiguous
495,雨乞山,summit-candidate:9e86644a708cb211,yamap_2026-04-19_10_27.gpx,鼻欠山,459.0429986192042,499,39.96,0.506,2,2,0.051,false,true,medium,high,high,check_location_warning,boundary_tolerated_mismatch,八幡浜市,,,"郷, 長浜町下須戒, 大洲市, 愛媛県, 799-3431, 日本",multiple_candidates_for_mountain|multiple_mountains_for_candidate|missing_csv_coordinate|location_mismatch_warning|activity_link_ambiguous,strong_evidence_with_mismatch,location_mismatch_warning,mountain=雨乞山(#495); candidate=summit-candidate:9e86644a708cb211; ref_score=0.506; ref_rank=2; loc_level=boundary_tolerated_mismatch; priority=high; priority_reasons=strong_evidence_with_mismatch
495,雨乞山,summit-candidate:05007aaf499a4ecc,yamap_2026-03-21_13_44.gpx,笹峠山,967.0418485014342,499,468.04,0.455,3,6,0,false,false,low,high,high,check_location_warning,boundary_tolerated_mismatch,八幡浜市,,,"小田河辺大洲線, 南山, 大洲市, 喜多郡, 愛媛県, 日本",multiple_candidates_for_mountain|multiple_mountains_for_candidate|weak_elevation_evidence|missing_csv_coordinate|location_mismatch_warning|activity_link_ambiguous,strong_evidence_with_mismatch,location_mismatch_warning,mountain=雨乞山(#495); candidate=summit-candidate:05007aaf499a4ecc; ref_score=0.455; ref_rank=3; loc_level=boundary_tolerated_mismatch; priority=high; priority_reasons=strong_evidence_with_mismatch
496,鼻欠山,summit-candidate:9e86644a708cb211,yamap_2026-04-19_10_27.gpx,鼻欠山,459.0429986192042,446,13.04,0.7365,1,1,0.2815,true,true,medium,high,medium,accept_candidate_after_map_check,exact_municipality_match,大洲市,,大洲市,"郷, 長浜町下須戒, 大洲市, 愛媛県, 799-3431, 日本",multiple_candidates_for_mountain|multiple_mountains_for_candidate|missing_csv_coordinate|activity_link_ambiguous,top_1_but_ambiguous,clear_mutual_top1,mountain=鼻欠山(#496); candidate=summit-candidate:9e86644a708cb211; ref_score=0.7365; ref_rank=1; loc_level=exact_municipality_match; priority=high; priority_reasons=top_1_but_ambiguous
496,鼻欠山,summit-candidate:d0d3096d540f375e,yamap_2026-04-19_07_43.gpx,雨乞山,496.59999999999997,446,50.6,0.455,2,3,0.016,false,true,low,high,high,check_location_warning,boundary_tolerated_mismatch,大洲市,,,"八幡浜市, 愛媛県, 796-0204, 日本",multiple_candidates_for_mountain|multiple_mountains_for_candidate|weak_elevation_evidence|missing_csv_coordinate|location_mismatch_warning|activity_link_ambiguous,strong_evidence_with_mismatch,location_mismatch_warning,mountain=鼻欠山(#496); candidate=summit-candidate:d0d3096d540f375e; ref_score=0.455; ref_rank=2; loc_level=boundary_tolerated_mismatch; priority=high; priority_reasons=strong_evidence_with_mismatch
496,鼻欠山,summit-candidate:3c28b6ebd5a97155,yamap_2024-03-16_13_58.gpx,斎藤山,472.13310176947385,446,26.13,0.439,3,6,0,false,false,low,high,high,resolve_conflict,exact_municipality_match,大洲市,,大洲市,"長浜町穂積, 大洲市, 愛媛県, 799-3499, 日本",multiple_candidates_for_mountain|multiple_mountains_for_candidate|weak_name_evidence|missing_csv_coordinate|activity_link_ambiguous,top_candidate_for_multiple_mountains,shared_candidate,mountain=鼻欠山(#496); candidate=summit-candidate:3c28b6ebd5a97155; ref_score=0.439; ref_rank=3; loc_level=exact_municipality_match; priority=high; priority_reasons=top_candidate_for_multiple_mountains
497,面木山,summit-candidate:d5a6fcb592162088,yamap_2026-04-29_06_34.gpx,面木山・黒森,981.2133333333335,988,6.79,0.7875,1,1,0.3325,true,true,medium,high,high,resolve_conflict,exact_municipality_match,西条市,,西条市,"丹原町鞍瀬, 西条市, 愛媛県, 日本",multiple_candidates_for_mountain|multiple_mountains_for_candidate|missing_csv_coordinate,top_1_but_ambiguous|top_candidate_for_multiple_mountains,shared_candidate,"mountain=面木山(#497); candidate=summit-candidate:d5a6fcb592162088; ref_score=0.7875; ref_rank=1; loc_level=exact_municipality_match; priority=high; priority_reasons=top_1_but_ambiguous,top_candidate_for_multiple_mountains"
497,面木山,summit-candidate:a96db37bf518f31a,yamap_2026-04-29_06_34.gpx,面木山・黒森,894.5,988,93.5,0.455,2,2,0,false,true,low,high,high,check_location_warning,boundary_tolerated_mismatch,西条市,,,"明河, 東温市, 愛媛県, 日本",multiple_candidates_for_mountain|multiple_mountains_for_candidate|weak_elevation_evidence|missing_csv_coordinate|location_mismatch_warning,strong_evidence_with_mismatch,location_mismatch_warning,mountain=面木山(#497); candidate=summit-candidate:a96db37bf518f31a; ref_score=0.455; ref_rank=2; loc_level=boundary_tolerated_mismatch; priority=high; priority_reasons=strong_evidence_with_mismatch
497,面木山,summit-candidate:c87a377b77c80862,yamap_2026-04-29_06_34.gpx,面木山・黒森,890.1266666666667,988,97.87,0.455,3,2,0.1445,false,true,low,high,high,check_location_warning,boundary_tolerated_mismatch,西条市,,,"滑川, 東温市, 愛媛県, 日本",multiple_candidates_for_mountain|multiple_mountains_for_candidate|weak_elevation_evidence|missing_csv_coordinate|location_mismatch_warning,strong_evidence_with_mismatch,location_mismatch_warning,mountain=面木山(#497); candidate=summit-candidate:c87a377b77c80862; ref_score=0.455; ref_rank=3; loc_level=boundary_tolerated_mismatch; priority=high; priority_reasons=strong_evidence_with_mismatch
498,黒森,summit-candidate:40e090ce41a89b55,yamap_2024-06-08_08_42.gpx,沓掛山・黒森山,1690.4033333333334,903,787.4,0.6345,1,3,0,false,true,medium,high,high,resolve_conflict,exact_municipality_match,西条市,,西条市,"西条市, 愛媛県, 日本",multiple_candidates_for_mountain|multiple_mountains_for_candidate|weak_elevation_evidence|missing_csv_coordinate,top_1_but_ambiguous|top_candidate_for_multiple_mountains,shared_candidate|not_mutual_top1,"mountain=黒森(#498); candidate=summit-candidate:40e090ce41a89b55; ref_score=0.6345; ref_rank=1; loc_level=exact_municipality_match; priority=high; priority_reasons=top_1_but_ambiguous,top_candidate_for_multiple_mountains"
498,黒森,summit-candidate:d5a6fcb592162088,yamap_2026-04-29_06_34.gpx,面木山・黒森,981.2133333333335,903,78.21,0.6345,2,2,0,false,true,medium,high,high,resolve_conflict,exact_municipality_match,西条市,,西条市,"丹原町鞍瀬, 西条市, 愛媛県, 日本",multiple_candidates_for_mountain|multiple_mountains_for_candidate|weak_elevation_evidence|missing_csv_coordinate,top_candidate_for_multiple_mountains,shared_candidate,mountain=黒森(#498); candidate=summit-candidate:d5a6fcb592162088; ref_score=0.6345; ref_rank=2; loc_level=exact_municipality_match; priority=high; priority_reasons=top_candidate_for_multiple_mountains
498,黒森,summit-candidate:dd7a40896ae9f6d4,yamap_2024-06-08_08_42.gpx,沓掛山・黒森山,1666.7,903,763.7,0.6345,3,3,0.0265,false,true,medium,medium,high,check_close_alternatives,exact_municipality_match,西条市,,西条市,"西条市, 愛媛県, 日本",multiple_candidates_for_mountain|multiple_mountains_for_candidate|weak_elevation_evidence|missing_csv_coordinate,top_3_with_evidence,small_score_gap,mountain=黒森(#498); candidate=summit-candidate:dd7a40896ae9f6d4; ref_score=0.6345; ref_rank=3; loc_level=exact_municipality_match; priority=medium; priority_reasons=top_3_with_evidence
499,台ヶ森,summit-candidate:53a6401abf71c488,yamap_2026-05-02_09_29.gpx,男山・瓶ヶ森・台ヶ森,1892.1433333333334,1501,391.14,0.6345,1,3,0,false,true,medium,high,high,resolve_conflict,exact_municipality_match,西条市,,西条市,"町道瓶ヶ森線, いの町, 吾川郡, 高知県, 日本",multiple_candidates_for_mountain|multiple_mountains_for_candidate|weak_elevation_evidence|missing_csv_coordinate,top_1_but_ambiguous|top_candidate_for_multiple_mountains,shared_candidate|not_mutual_top1,"mountain=台ヶ森(#499); candidate=summit-candidate:53a6401abf71c488; ref_score=0.6345; ref_rank=1; loc_level=exact_municipality_match; priority=high; priority_reasons=top_1_but_ambiguous,top_candidate_for_multiple_mountains"
499,台ヶ森,summit-candidate:7a5ca8d918f43720,yamap_2026-05-02_09_29.gpx,男山・瓶ヶ森・台ヶ森,1708.05,1501,207.05,0.6345,2,3,0,false,true,medium,medium,high,check_close_alternatives,exact_municipality_match,西条市,,西条市,"町道瓶ヶ森線, 西条市, 吾川郡, 愛媛県, 日本",multiple_candidates_for_mountain|multiple_mountains_for_candidate|weak_elevation_evidence|missing_csv_coordinate,top_3_with_evidence,small_score_gap,mountain=台ヶ森(#499); candidate=summit-candidate:7a5ca8d918f43720; ref_score=0.6345; ref_rank=2; loc_level=exact_municipality_match; priority=medium; priority_reasons=top_3_with_evidence
499,台ヶ森,summit-candidate:c9e357d000632346,yamap_2026-05-02_09_29.gpx,男山・瓶ヶ森・台ヶ森,1732.5766666666666,1501,231.58,0.6345,3,3,0.1445,false,true,medium,medium,high,check_close_alternatives,exact_municipality_match,西条市,,西条市,"町道瓶ヶ森線, 西条市, 吾川郡, 愛媛県, 日本",multiple_candidates_for_mountain|multiple_mountains_for_candidate|weak_elevation_evidence|missing_csv_coordinate,top_3_with_evidence,small_score_gap,mountain=台ヶ森(#499); candidate=summit-candidate:c9e357d000632346; ref_score=0.6345; ref_rank=3; loc_level=exact_municipality_match; priority=medium; priority_reasons=top_3_with_evidence
500,丸山,summit-candidate:453327d51d16e202,yamap_2026-05-06_07_28.gpx,丸山・ちち山・笹ヶ峰,1850.97,1547,303.97,0.6345,1,3,0,false,true,medium,high,high,resolve_conflict,exact_municipality_match,西条市,,西条市,"いの町, 吾川郡, 高知県, 日本",multiple_candidates_for_mountain|multiple_mountains_for_candidate|weak_elevation_evidence|missing_csv_coordinate,top_1_but_ambiguous|top_candidate_for_multiple_mountains,shared_candidate|not_mutual_top1,"mountain=丸山(#500); candidate=summit-candidate:453327d51d16e202; ref_score=0.6345; ref_rank=1; loc_level=exact_municipality_match; priority=high; priority_reasons=top_1_but_ambiguous,top_candidate_for_multiple_mountains"
500,丸山,summit-candidate:b87c90ebd1eb0d06,yamap_2026-05-06_07_28.gpx,丸山・ちち山・笹ヶ峰,1856.6633333333332,1547,309.66,0.6345,2,3,0.1445,false,true,medium,medium,high,check_close_alternatives,exact_municipality_match,西条市,,西条市,"西条市, 愛媛県, 日本",multiple_candidates_for_mountain|multiple_mountains_for_candidate|weak_elevation_evidence|missing_csv_coordinate,top_3_with_evidence,small_score_gap,mountain=丸山(#500); candidate=summit-candidate:b87c90ebd1eb0d06; ref_score=0.6345; ref_rank=2; loc_level=exact_municipality_match; priority=medium; priority_reasons=top_3_with_evidence
500,丸山,summit-candidate:aa6060fe8a831f45,yamap_2024-05-11_13_46.gpx,丸滝山,1542.9666666666665,1547,4.03,0.49,3,4,0.035,false,false,low,medium,low,low_priority,exact_municipality_match,西条市,,西条市,"石鎚スカイライン, 久万高原町, 上浮穴郡, 愛媛県, 日本",multiple_candidates_for_mountain|multiple_mountains_for_candidate|weak_name_evidence|missing_csv_coordinate|activity_link_ambiguous,top_3_with_evidence,low_priority_alternative,mountain=丸山(#500); candidate=summit-candidate:aa6060fe8a831f45; ref_score=0.49; ref_rank=3; loc_level=exact_municipality_match; priority=medium; priority_reasons=top_3_with_evidence
501,大森山,summit-candidate:565ba3761956d9b3,yamap_2025-10-11_06_24.gpx,大森山・佐々連尾山・三つ足山,1426.5633333333335,1399,27.56,0.574,1,4,0.051,false,false,medium,high,high,resolve_conflict,boundary_tolerated_mismatch,西条市,,,"四国中央市, 愛媛県, 日本",multiple_candidates_for_mountain|multiple_mountains_for_candidate|csv_coordinate_far|location_mismatch_warning,top_1_but_ambiguous|strong_evidence_with_mismatch|top_candidate_for_multiple_mountains,shared_candidate|not_mutual_top1,"mountain=大森山(#501); candidate=summit-candidate:565ba3761956d9b3; ref_score=0.574; ref_rank=1; loc_level=boundary_tolerated_mismatch; priority=high; priority_reasons=top_1_but_ambiguous,strong_evidence_with_mismatch,top_candidate_for_multiple_mountains"
501,大森山,summit-candidate:a80dd0489247a839,yamap_2025-10-11_06_24.gpx,大森山・佐々連尾山・三つ足山,1445.6433333333334,1399,46.64,0.523,2,3,0.051,false,true,medium,high,high,check_location_warning,boundary_tolerated_mismatch,西条市,,,"本山町, 長岡郡, 高知県, 日本",multiple_candidates_for_mountain|multiple_mountains_for_candidate|csv_coordinate_far|location_mismatch_warning,strong_evidence_with_mismatch,location_mismatch_warning,mountain=大森山(#501); candidate=summit-candidate:a80dd0489247a839; ref_score=0.523; ref_rank=2; loc_level=boundary_tolerated_mismatch; priority=high; priority_reasons=strong_evidence_with_mismatch
501,大森山,summit-candidate:19ab381ef6c337af,yamap_2026-02-22_07_32.gpx,高森山・町木山・寒台山・鎧掛山,993.1336935716172,1399,405.87,0.472,3,5,0,false,false,low,high,high,check_location_warning,boundary_tolerated_mismatch,西条市,,,"大洲市, 愛媛県, 797-1608, 日本",multiple_candidates_for_mountain|multiple_mountains_for_candidate|weak_elevation_evidence|csv_coordinate_far|location_mismatch_warning|activity_link_ambiguous,strong_evidence_with_mismatch,location_mismatch_warning,mountain=大森山(#501); candidate=summit-candidate:19ab381ef6c337af; ref_score=0.472; ref_rank=3; loc_level=boundary_tolerated_mismatch; priority=high; priority_reasons=strong_evidence_with_mismatch
502,うつむき山,summit-candidate:51c8bc6a368c422c,yamap_2026-01-18_09_11.gpx,竜王の峰,542.5079186549784,535,7.51,0.3275,1,5,0,false,false,low,high,high,resolve_conflict,boundary_tolerated_mismatch,内子町,,,"宇和町野田, 西予市, 愛媛県, 797-0111, 日本",multiple_candidates_for_mountain|multiple_mountains_for_candidate|weak_name_evidence|csv_coordinate_far|location_mismatch_warning|activity_link_ambiguous,top_1_but_ambiguous|strong_evidence_with_mismatch|top_candidate_for_multiple_mountains,shared_candidate|not_mutual_top1,"mountain=うつむき山(#502); candidate=summit-candidate:51c8bc6a368c422c; ref_score=0.3275; ref_rank=1; loc_level=boundary_tolerated_mismatch; priority=high; priority_reasons=top_1_but_ambiguous,strong_evidence_with_mismatch,top_candidate_for_multiple_mountains"
502,うつむき山,summit-candidate:6b0155a434d72d79,yamap_2024-12-15_07_21.gpx,陣が森・岩が森・スクモ塚・高萩山・長者森,532.4466666666667,535,2.55,0.3275,2,7,0,false,false,low,high,high,check_close_alternatives,boundary_tolerated_mismatch,内子町,,,"今治市, 愛媛県, 794-8511, 日本",multiple_candidates_for_mountain|multiple_mountains_for_candidate|weak_name_evidence|csv_coordinate_far|location_mismatch_warning,strong_evidence_with_mismatch,small_score_gap,mountain=うつむき山(#502); candidate=summit-candidate:6b0155a434d72d79; ref_score=0.3275; ref_rank=2; loc_level=boundary_tolerated_mismatch; priority=high; priority_reasons=strong_evidence_with_mismatch
502,うつむき山,summit-candidate:74dd1729abbd7bb5,yamap_2023-01-03_07_36.gpx,福見山・河原樋山・真松嶺・柿王寺森,538.9699999999999,535,3.97,0.3275,3,8,0,false,false,low,high,high,resolve_conflict,boundary_tolerated_mismatch,内子町,,,"河中平井停車場線, 河中町, 松山市, 愛媛県, 791-0132, 日本",multiple_candidates_for_mountain|multiple_mountains_for_candidate|weak_name_evidence|csv_coordinate_far|location_mismatch_warning,strong_evidence_with_mismatch|top_candidate_for_multiple_mountains,shared_candidate,"mountain=うつむき山(#502); candidate=summit-candidate:74dd1729abbd7bb5; ref_score=0.3275; ref_rank=3; loc_level=boundary_tolerated_mismatch; priority=high; priority_reasons=strong_evidence_with_mismatch,top_candidate_for_multiple_mountains"
503,妙見山,summit-candidate:51c8bc6a368c422c,yamap_2026-01-18_09_11.gpx,竜王の峰,542.5079186549784,535,7.51,0.3275,1,6,0,false,false,low,high,high,resolve_conflict,boundary_tolerated_mismatch,大洲市,,,"宇和町野田, 西予市, 愛媛県, 797-0111, 日本",multiple_candidates_for_mountain|multiple_mountains_for_candidate|weak_name_evidence|csv_coordinate_far|location_mismatch_warning|activity_link_ambiguous,top_1_but_ambiguous|strong_evidence_with_mismatch|top_candidate_for_multiple_mountains,shared_candidate|not_mutual_top1,"mountain=妙見山(#503); candidate=summit-candidate:51c8bc6a368c422c; ref_score=0.3275; ref_rank=1; loc_level=boundary_tolerated_mismatch; priority=high; priority_reasons=top_1_but_ambiguous,strong_evidence_with_mismatch,top_candidate_for_multiple_mountains"
503,妙見山,summit-candidate:6b0155a434d72d79,yamap_2024-12-15_07_21.gpx,陣が森・岩が森・スクモ塚・高萩山・長者森,532.4466666666667,535,2.55,0.3275,2,8,0,false,false,low,high,high,check_close_alternatives,boundary_tolerated_mismatch,大洲市,,,"今治市, 愛媛県, 794-8511, 日本",multiple_candidates_for_mountain|multiple_mountains_for_candidate|weak_name_evidence|csv_coordinate_far|location_mismatch_warning,strong_evidence_with_mismatch,small_score_gap,mountain=妙見山(#503); candidate=summit-candidate:6b0155a434d72d79; ref_score=0.3275; ref_rank=2; loc_level=boundary_tolerated_mismatch; priority=high; priority_reasons=strong_evidence_with_mismatch
503,妙見山,summit-candidate:74dd1729abbd7bb5,yamap_2023-01-03_07_36.gpx,福見山・河原樋山・真松嶺・柿王寺森,538.9699999999999,535,3.97,0.3275,3,9,0,false,false,low,high,high,resolve_conflict,boundary_tolerated_mismatch,大洲市,,,"河中平井停車場線, 河中町, 松山市, 愛媛県, 791-0132, 日本",multiple_candidates_for_mountain|multiple_mountains_for_candidate|weak_name_evidence|csv_coordinate_far|location_mismatch_warning,strong_evidence_with_mismatch|top_candidate_for_multiple_mountains,shared_candidate,"mountain=妙見山(#503); candidate=summit-candidate:74dd1729abbd7bb5; ref_score=0.3275; ref_rank=3; loc_level=boundary_tolerated_mismatch; priority=high; priority_reasons=strong_evidence_with_mismatch,top_candidate_for_multiple_mountains"
504,鉢が森,summit-candidate:51c8bc6a368c422c,yamap_2026-01-18_09_11.gpx,竜王の峰,542.5079186549784,552,9.49,0.507,1,3,0,false,true,low,high,high,resolve_conflict,exact_municipality_match,西予市,,西予市,"宇和町野田, 西予市, 愛媛県, 797-0111, 日本",multiple_candidates_for_mountain|multiple_mountains_for_candidate|weak_name_evidence|csv_coordinate_far|activity_link_ambiguous,top_1_but_ambiguous|top_candidate_for_multiple_mountains,shared_candidate|not_mutual_top1,"mountain=鉢が森(#504); candidate=summit-candidate:51c8bc6a368c422c; ref_score=0.507; ref_rank=1; loc_level=exact_municipality_match; priority=high; priority_reasons=top_1_but_ambiguous,top_candidate_for_multiple_mountains"
504,鉢が森,summit-candidate:ef5127a689eaf48a,yamap_2022-09-20_14_24.gpx,極山,559.4133333333333,552,7.41,0.507,2,3,0.1795,false,true,low,high,high,resolve_conflict,exact_municipality_match,西予市,,西予市,"宇和高山線, 宇和町野田, 西予市, 愛媛県, 797-0113, 日本",multiple_candidates_for_mountain|multiple_mountains_for_candidate|weak_name_evidence|csv_coordinate_far|activity_link_ambiguous,top_candidate_for_multiple_mountains,shared_candidate,mountain=鉢が森(#504); candidate=summit-candidate:ef5127a689eaf48a; ref_score=0.507; ref_rank=2; loc_level=exact_municipality_match; priority=high; priority_reasons=top_candidate_for_multiple_mountains
504,鉢が森,summit-candidate:f2aae42aff3dea24,yamap_2023-01-03_07_36.gpx,福見山・河原樋山・真松嶺・柿王寺森,543.3533333333334,552,8.65,0.3275,3,10,0.051,false,false,low,high,high,check_location_warning,boundary_tolerated_mismatch,西予市,,,"川の郷町, 松山市, 愛媛県, 791-0132, 日本",multiple_candidates_for_mountain|multiple_mountains_for_candidate|weak_name_evidence|csv_coordinate_far|location_mismatch_warning,strong_evidence_with_mismatch,location_mismatch_warning,mountain=鉢が森(#504); candidate=summit-candidate:f2aae42aff3dea24; ref_score=0.3275; ref_rank=3; loc_level=boundary_tolerated_mismatch; priority=high; priority_reasons=strong_evidence_with_mismatch
505,高山寺山,summit-candidate:13aa9354da4eb6d6,yamap_2025-03-30_12_56.gpx,京の森・大迫山,572.4394591518229,561,11.44,0.456,1,7,0.0435,false,false,low,high,high,resolve_conflict,exact_municipality_match,大洲市,,大洲市,"大洲市, 喜多郡, 愛媛県, 795-0307, 日本",multiple_candidates_for_mountain|multiple_mountains_for_candidate|weak_name_evidence|csv_coordinate_far|activity_link_ambiguous,top_1_but_ambiguous|top_candidate_for_multiple_mountains,shared_candidate|not_mutual_top1,"mountain=高山寺山(#505); candidate=summit-candidate:13aa9354da4eb6d6; ref_score=0.456; ref_rank=1; loc_level=exact_municipality_match; priority=high; priority_reasons=top_1_but_ambiguous,top_candidate_for_multiple_mountains"
505,高山寺山,summit-candidate:101c1b0635c0bec0,yamap_2022-12-25_10_09.gpx,高山,131.66666666666666,561,429.33,0.4125,2,13,0.085,false,false,low,high,high,resolve_conflict,boundary_tolerated_mismatch,大洲市,,,"波方町馬刀潟, 今治市, 愛媛県, 794-8511, 日本",multiple_candidates_for_mountain|multiple_mountains_for_candidate|weak_elevation_evidence|csv_coordinate_far|location_mismatch_warning|activity_link_ambiguous,top_candidate_for_multiple_mountains,shared_candidate,mountain=高山寺山(#505); candidate=summit-candidate:101c1b0635c0bec0; ref_score=0.4125; ref_rank=2; loc_level=boundary_tolerated_mismatch; priority=high; priority_reasons=top_candidate_for_multiple_mountains
505,高山寺山,summit-candidate:ef5127a689eaf48a,yamap_2022-09-20_14_24.gpx,極山,559.4133333333333,561,1.59,0.3275,3,14,0.00425,false,false,low,high,high,resolve_conflict,boundary_tolerated_mismatch,大洲市,,,"宇和高山線, 宇和町野田, 西予市, 愛媛県, 797-0113, 日本",multiple_candidates_for_mountain|multiple_mountains_for_candidate|weak_name_evidence|csv_coordinate_far|location_mismatch_warning|activity_link_ambiguous,strong_evidence_with_mismatch|top_candidate_for_multiple_mountains,shared_candidate,"mountain=高山寺山(#505); candidate=summit-candidate:ef5127a689eaf48a; ref_score=0.3275; ref_rank=3; loc_level=boundary_tolerated_mismatch; priority=high; priority_reasons=strong_evidence_with_mismatch,top_candidate_for_multiple_mountains"
506,陣ヶ森,summit-candidate:e084389cc60ad329,yamap_2022-05-05_13_29.gpx,陣ヶ森・前々司山・うなめご,1203.3533333333332,565,638.35,0.472,1,4,0,false,false,low,high,high,resolve_conflict,boundary_tolerated_mismatch,内子町,,,"久万高原町, 上浮穴郡, 愛媛県, 日本",multiple_candidates_for_mountain|multiple_mountains_for_candidate|weak_elevation_evidence|csv_coordinate_far|location_mismatch_warning,top_1_but_ambiguous|strong_evidence_with_mismatch,not_mutual_top1,"mountain=陣ヶ森(#506); candidate=summit-candidate:e084389cc60ad329; ref_score=0.472; ref_rank=1; loc_level=boundary_tolerated_mismatch; priority=high; priority_reasons=top_1_but_ambiguous,strong_evidence_with_mismatch"
506,陣ヶ森,summit-candidate:e7e4429a39f6359f,yamap_2022-05-05_13_29.gpx,陣ヶ森・前々司山・うなめご,1250.17,565,685.17,0.472,2,6,0,false,false,low,high,high,resolve_conflict,boundary_tolerated_mismatch,内子町,,,"久万高原町, 上浮穴郡, 愛媛県, 日本",multiple_candidates_for_mountain|multiple_mountains_for_candidate|weak_elevation_evidence|csv_coordinate_far|location_mismatch_warning,strong_evidence_with_mismatch|top_candidate_for_multiple_mountains,shared_candidate,"mountain=陣ヶ森(#506); candidate=summit-candidate:e7e4429a39f6359f; ref_score=0.472; ref_rank=2; loc_level=boundary_tolerated_mismatch; priority=high; priority_reasons=strong_evidence_with_mismatch,top_candidate_for_multiple_mountains"
506,陣ヶ森,summit-candidate:ea6bebee79234da7,yamap_2022-05-05_13_29.gpx,陣ヶ森・前々司山・うなめご,1276.53,565,711.53,0.472,3,3,0.1445,false,true,low,high,high,check_close_alternatives,boundary_tolerated_mismatch,内子町,,,"成鈴山林道, 久万高原町, 上浮穴郡, 愛媛県, 日本",multiple_candidates_for_mountain|multiple_mountains_for_candidate|weak_elevation_evidence|csv_coordinate_far|location_mismatch_warning,strong_evidence_with_mismatch,small_score_gap,mountain=陣ヶ森(#506); candidate=summit-candidate:ea6bebee79234da7; ref_score=0.472; ref_rank=3; loc_level=boundary_tolerated_mismatch; priority=high; priority_reasons=strong_evidence_with_mismatch
507,牛ヶ首,summit-candidate:339138a4e53293da,yamap_2023-03-29_05_31.gpx,えんとつ山・生子山・犬返・種子川山・西赤石山・物住頭・上兜山・下兜山,571.1733333333333,584,12.83,0.456,1,9,0.1285,false,false,low,high,high,resolve_conflict,exact_municipality_match,新居浜市,,新居浜市,"新居浜市, 愛媛県, 792-0846, 日本",multiple_candidates_for_mountain|multiple_mountains_for_candidate|weak_name_evidence|csv_coordinate_far,top_1_but_ambiguous|top_candidate_for_multiple_mountains,shared_candidate|not_mutual_top1,"mountain=牛ヶ首(#507); candidate=summit-candidate:339138a4e53293da; ref_score=0.456; ref_rank=1; loc_level=exact_municipality_match; priority=high; priority_reasons=top_1_but_ambiguous,top_candidate_for_multiple_mountains"
507,牛ヶ首,summit-candidate:192b785fe79890e5,yamap_2025-10-26_11_45.gpx,堂所山,592.0266666666666,584,8.03,0.3275,2,3,0,false,true,low,high,high,check_location_warning,boundary_tolerated_mismatch,新居浜市,,,"宇和町山田, 西予市, 愛媛県, 796-0912, 日本",multiple_candidates_for_mountain|multiple_mountains_for_candidate|weak_name_evidence|csv_coordinate_far|location_mismatch_warning,strong_evidence_with_mismatch,location_mismatch_warning,mountain=牛ヶ首(#507); candidate=summit-candidate:192b785fe79890e5; ref_score=0.3275; ref_rank=2; loc_level=boundary_tolerated_mismatch; priority=high; priority_reasons=strong_evidence_with_mismatch
507,牛ヶ首,summit-candidate:6d533e458b56f1d6,yamap_2023-03-15_09_53.gpx,真城ヶ台,583.6133333333333,584,0.39,0.3275,3,3,0,false,true,low,high,high,check_location_warning,boundary_tolerated_mismatch,新居浜市,,,"窪野町, 松山市, 愛媛県, 791-1132, 日本",multiple_candidates_for_mountain|multiple_mountains_for_candidate|weak_name_evidence|csv_coordinate_far|location_mismatch_warning,strong_evidence_with_mismatch,location_mismatch_warning,mountain=牛ヶ首(#507); candidate=summit-candidate:6d533e458b56f1d6; ref_score=0.3275; ref_rank=3; loc_level=boundary_tolerated_mismatch; priority=high; priority_reasons=strong_evidence_with_mismatch
508,三石山,summit-candidate:f028aab45221cee6,yamap_2025-12-20_07_28.gpx,池ノ城山,599.1233333333333,616,16.88,0.456,1,3,0.1285,false,true,low,high,high,resolve_conflict,exact_municipality_match,内子町,,内子町,"内子町, 喜多郡, 愛媛県, 日本",multiple_candidates_for_mountain|multiple_mountains_for_candidate|weak_name_evidence|csv_coordinate_far,top_1_but_ambiguous|top_candidate_for_multiple_mountains,shared_candidate|not_mutual_top1,"mountain=三石山(#508); candidate=summit-candidate:f028aab45221cee6; ref_score=0.456; ref_rank=1; loc_level=exact_municipality_match; priority=high; priority_reasons=top_1_but_ambiguous,top_candidate_for_multiple_mountains"
508,三石山,summit-candidate:1fd59e0e67624706,yamap_2026-01-11_10_38.gpx,陣が森岳,620.0533333333333,616,4.05,0.3275,2,6,0,false,false,low,high,high,check_location_warning,boundary_tolerated_mismatch,内子町,,,"伊予市, 愛媛県, 791-3206, 日本",multiple_candidates_for_mountain|multiple_mountains_for_candidate|weak_name_evidence|csv_coordinate_far|location_mismatch_warning|activity_link_ambiguous,strong_evidence_with_mismatch,location_mismatch_warning,mountain=三石山(#508); candidate=summit-candidate:1fd59e0e67624706; ref_score=0.3275; ref_rank=2; loc_level=boundary_tolerated_mismatch; priority=high; priority_reasons=strong_evidence_with_mismatch
508,三石山,summit-candidate:2670057d58a25475,yamap_2023-10-14_07_53.gpx,丸山,616.4333333333334,616,0.43,0.3275,3,4,0,false,false,low,high,high,check_location_warning,boundary_tolerated_mismatch,内子町,,,"今治市, 愛媛県, 794-8511, 日本",multiple_candidates_for_mountain|multiple_mountains_for_candidate|weak_name_evidence|csv_coordinate_far|location_mismatch_warning,strong_evidence_with_mismatch,location_mismatch_warning,mountain=三石山(#508); candidate=summit-candidate:2670057d58a25475; ref_score=0.3275; ref_rank=3; loc_level=boundary_tolerated_mismatch; priority=high; priority_reasons=strong_evidence_with_mismatch
509,感応寺山,summit-candidate:0048d4d3a7981b80,yamap_2025-01-03_07_19.gpx,壺神山・滝山・足山・皿が森,697.5172644320495,688,9.52,0.507,1,5,0,false,false,low,high,high,resolve_conflict,exact_municipality_match,大洲市,,大洲市,"無事喜地, 長浜町大越, 大洲市, 愛媛県, 799-3411, 日本",multiple_candidates_for_mountain|multiple_mountains_for_candidate|weak_name_evidence|csv_coordinate_far,top_1_but_ambiguous|top_candidate_for_multiple_mountains,shared_candidate|not_mutual_top1,"mountain=感応寺山(#509); candidate=summit-candidate:0048d4d3a7981b80; ref_score=0.507; ref_rank=1; loc_level=exact_municipality_match; priority=high; priority_reasons=top_1_but_ambiguous,top_candidate_for_multiple_mountains"
509,感応寺山,summit-candidate:bd8fda9e743f2008,yamap_2026-02-07_07_21.gpx,牛の峰・尻高峰,681.2333333333333,688,6.77,0.507,2,3,0.051,false,true,low,medium,high,check_close_alternatives,exact_municipality_match,大洲市,,大洲市,"大洲市, 愛媛県, 799-3462, 日本",multiple_candidates_for_mountain|multiple_mountains_for_candidate|weak_name_evidence|csv_coordinate_far|activity_link_ambiguous,top_3_with_evidence,small_score_gap,mountain=感応寺山(#509); candidate=summit-candidate:bd8fda9e743f2008; ref_score=0.507; ref_rank=2; loc_level=exact_municipality_match; priority=medium; priority_reasons=top_3_with_evidence
509,感応寺山,summit-candidate:17c3649ad9b147ce,yamap_2026-01-07_07_05.gpx,御在所山,665.1833333333333,688,22.82,0.456,3,4,0.1285,false,false,low,high,high,resolve_conflict,exact_municipality_match,大洲市,,大洲市,"大洲市, 愛媛県, 797-1507, 日本",multiple_candidates_for_mountain|multiple_mountains_for_candidate|weak_name_evidence|csv_coordinate_far|activity_link_ambiguous,top_candidate_for_multiple_mountains,shared_candidate,mountain=感応寺山(#509); candidate=summit-candidate:17c3649ad9b147ce; ref_score=0.456; ref_rank=3; loc_level=exact_municipality_match; priority=high; priority_reasons=top_candidate_for_multiple_mountains
510,水無権現,summit-candidate:49147712961a83be,yamap_2025-04-09_06_48.gpx,新谷神南山・五十崎神南山,708.9699999999999,703,5.97,0.507,1,2,0.051,false,true,low,high,high,resolve_conflict,exact_municipality_match,内子町,,内子町,"内子町, 喜多郡, 愛媛県, 795-0301, 日本",multiple_candidates_for_mountain|multiple_mountains_for_candidate|weak_name_evidence|csv_coordinate_far,top_1_but_ambiguous,not_mutual_top1,mountain=水無権現(#510); candidate=summit-candidate:49147712961a83be; ref_score=0.507; ref_rank=1; loc_level=exact_municipality_match; priority=high; priority_reasons=top_1_but_ambiguous
510,水無権現,summit-candidate:4a22801b12460992,yamap_2026-01-25_07_43.gpx,船ヶ迫岳・鎌倉山,676.61,703,26.39,0.456,2,3,0.1285,false,true,low,high,high,resolve_conflict,exact_municipality_match,内子町,,内子町,"内子町, 喜多郡, 愛媛県, 791-3331, 日本",multiple_candidates_for_mountain|multiple_mountains_for_candidate|weak_name_evidence|csv_coordinate_far,top_candidate_for_multiple_mountains,shared_candidate,mountain=水無権現(#510); candidate=summit-candidate:4a22801b12460992; ref_score=0.456; ref_rank=2; loc_level=exact_municipality_match; priority=high; priority_reasons=top_candidate_for_multiple_mountains
510,水無権現,summit-candidate:0048d4d3a7981b80,yamap_2025-01-03_07_19.gpx,壺神山・滝山・足山・皿が森,697.5172644320495,703,5.48,0.3275,3,9,0,false,false,low,high,high,resolve_conflict,boundary_tolerated_mismatch,内子町,,,"無事喜地, 長浜町大越, 大洲市, 愛媛県, 799-3411, 日本",multiple_candidates_for_mountain|multiple_mountains_for_candidate|weak_name_evidence|csv_coordinate_far|location_mismatch_warning,strong_evidence_with_mismatch|top_candidate_for_multiple_mountains,shared_candidate,"mountain=水無権現(#510); candidate=summit-candidate:0048d4d3a7981b80; ref_score=0.3275; ref_rank=3; loc_level=boundary_tolerated_mismatch; priority=high; priority_reasons=strong_evidence_with_mismatch,top_candidate_for_multiple_mountains"
511,秋葉山,summit-candidate:0bd3d051cdb972fd,yamap_2024-12-08_06_59.gpx,本尊山・秋葉山・立烏帽子山・明神山,632.3133333333334,722,89.69,0.472,1,5,0,false,false,low,high,high,resolve_conflict,boundary_tolerated_mismatch,大洲市,,,"双海町高野川, 伊予市, 愛媛県, 791-3201, 日本",multiple_candidates_for_mountain|multiple_mountains_for_candidate|weak_elevation_evidence|csv_coordinate_far|location_mismatch_warning,top_1_but_ambiguous|strong_evidence_with_mismatch|top_candidate_for_multiple_mountains,shared_candidate|not_mutual_top1,"mountain=秋葉山(#511); candidate=summit-candidate:0bd3d051cdb972fd; ref_score=0.472; ref_rank=1; loc_level=boundary_tolerated_mismatch; priority=high; priority_reasons=top_1_but_ambiguous,strong_evidence_with_mismatch,top_candidate_for_multiple_mountains"
511,秋葉山,summit-candidate:23316af255d30882,yamap_2024-12-08_06_59.gpx,本尊山・秋葉山・立烏帽子山・明神山,627.2966666666666,722,94.7,0.472,2,6,0,false,false,low,high,high,check_close_alternatives,boundary_tolerated_mismatch,大洲市,,,"双海町高野川, 伊予市, 愛媛県, 日本",multiple_candidates_for_mountain|multiple_mountains_for_candidate|weak_elevation_evidence|csv_coordinate_far|location_mismatch_warning,strong_evidence_with_mismatch,small_score_gap,mountain=秋葉山(#511); candidate=summit-candidate:23316af255d30882; ref_score=0.472; ref_rank=2; loc_level=boundary_tolerated_mismatch; priority=high; priority_reasons=strong_evidence_with_mismatch
511,秋葉山,summit-candidate:f12898f5821b63b8,yamap_2024-12-08_06_59.gpx,本尊山・秋葉山・立烏帽子山・明神山,530.1166666666667,722,191.88,0.472,3,5,0.016,false,false,low,high,high,check_close_alternatives,boundary_tolerated_mismatch,大洲市,,,"伊予市, 愛媛県, 799-3202, 日本",multiple_candidates_for_mountain|multiple_mountains_for_candidate|weak_elevation_evidence|csv_coordinate_far|location_mismatch_warning,strong_evidence_with_mismatch,small_score_gap,mountain=秋葉山(#511); candidate=summit-candidate:f12898f5821b63b8; ref_score=0.472; ref_rank=3; loc_level=boundary_tolerated_mismatch; priority=high; priority_reasons=strong_evidence_with_mismatch
512,黒山,summit-candidate:19baf3ce30f8991a,yamap_2024-02-17_05_38.gpx,大黒山・譲ヶ葉森,1021.9555481598042,729,292.96,0.472,1,3,0,false,true,low,high,high,resolve_conflict,boundary_tolerated_mismatch,内子町,,,"宇和島市, 愛媛県, 798-8601, 日本",multiple_candidates_for_mountain|multiple_mountains_for_candidate|weak_elevation_evidence|csv_coordinate_far|location_mismatch_warning,top_1_but_ambiguous|strong_evidence_with_mismatch|top_candidate_for_multiple_mountains,shared_candidate|not_mutual_top1,"mountain=黒山(#512); candidate=summit-candidate:19baf3ce30f8991a; ref_score=0.472; ref_rank=1; loc_level=boundary_tolerated_mismatch; priority=high; priority_reasons=top_1_but_ambiguous,strong_evidence_with_mismatch,top_candidate_for_multiple_mountains"
512,黒山,summit-candidate:282882317c3aab0b,yamap_2024-02-17_05_38.gpx,大黒山・譲ヶ葉森,1106.79,729,377.79,0.472,2,2,0,false,true,low,high,high,check_close_alternatives,boundary_tolerated_mismatch,内子町,,,"四万十市, 高知県, 日本",multiple_candidates_for_mountain|multiple_mountains_for_candidate|weak_elevation_evidence|csv_coordinate_far|location_mismatch_warning,strong_evidence_with_mismatch,small_score_gap,mountain=黒山(#512); candidate=summit-candidate:282882317c3aab0b; ref_score=0.472; ref_rank=2; loc_level=boundary_tolerated_mismatch; priority=high; priority_reasons=strong_evidence_with_mismatch
512,黒山,summit-candidate:43f9d4fa36aabb79,yamap_2022-04-30_08_30.gpx,岩黒山・筒上山・手箱山,1808.4700055808014,729,1079.47,0.472,3,2,0,false,true,low,high,high,check_close_alternatives,boundary_tolerated_mismatch,内子町,,,"寺川, いの町, 吾川郡, 高知県, 日本",multiple_candidates_for_mountain|multiple_mountains_for_candidate|weak_elevation_evidence|csv_coordinate_far|location_mismatch_warning|activity_link_ambiguous,strong_evidence_with_mismatch,small_score_gap,mountain=黒山(#512); candidate=summit-candidate:43f9d4fa36aabb79; ref_score=0.472; ref_rank=3; loc_level=boundary_tolerated_mismatch; priority=high; priority_reasons=strong_evidence_with_mismatch
513,大野山,summit-candidate:fa9a4432fbf76027,yamap_2026-01-18_06_03.gpx,大判山,791.2866666666665,800,8.71,0.507,1,3,0.035,false,true,low,high,high,resolve_conflict,exact_municipality_match,西予市,,西予市,"宇和町窪, 西予市, 愛媛県, 797-0006, 日本",multiple_candidates_for_mountain|multiple_mountains_for_candidate|weak_name_evidence|csv_coordinate_far|activity_link_ambiguous,top_1_but_ambiguous|top_candidate_for_multiple_mountains,shared_candidate|not_mutual_top1,"mountain=大野山(#513); candidate=summit-candidate:fa9a4432fbf76027; ref_score=0.507; ref_rank=1; loc_level=exact_municipality_match; priority=high; priority_reasons=top_1_but_ambiguous,top_candidate_for_multiple_mountains"
513,大野山,summit-candidate:17a471cc45af2c05,yamap_2025-04-27_06_23.gpx,野地峰・黒岩山・大野山,1270.3933333333332,800,470.39,0.472,2,2,0,false,true,low,high,high,check_location_warning,boundary_tolerated_mismatch,西予市,,,"朝谷, 大川村, 土佐郡, 高知県, 日本",multiple_candidates_for_mountain|multiple_mountains_for_candidate|weak_elevation_evidence|csv_coordinate_far|location_mismatch_warning,strong_evidence_with_mismatch,location_mismatch_warning,mountain=大野山(#513); candidate=summit-candidate:17a471cc45af2c05; ref_score=0.472; ref_rank=2; loc_level=boundary_tolerated_mismatch; priority=high; priority_reasons=strong_evidence_with_mismatch
513,大野山,summit-candidate:53bf856dccad5eab,yamap_2025-04-27_06_23.gpx,野地峰・黒岩山・大野山,1397.78,800,597.78,0.472,3,4,0,false,false,low,high,high,check_location_warning,boundary_tolerated_mismatch,西予市,,,"新居浜市, 愛媛県, 日本",multiple_candidates_for_mountain|multiple_mountains_for_candidate|weak_elevation_evidence|csv_coordinate_far|location_mismatch_warning,strong_evidence_with_mismatch,location_mismatch_warning,mountain=大野山(#513); candidate=summit-candidate:53bf856dccad5eab; ref_score=0.472; ref_rank=3; loc_level=boundary_tolerated_mismatch; priority=high; priority_reasons=strong_evidence_with_mismatch
514,棟山,summit-candidate:7a8dca9b423536f5,yamap_2026-02-22_07_32.gpx,高森山・町木山・寒台山・鎧掛山,836.1037770875326,808,28.1,0.456,1,6,0.1285,false,false,low,high,high,resolve_conflict,exact_municipality_match,内子町,,内子町,"内子町, 喜多郡, 愛媛県, 日本",multiple_candidates_for_mountain|multiple_mountains_for_candidate|weak_name_evidence|csv_coordinate_far|activity_link_ambiguous,top_1_but_ambiguous|top_candidate_for_multiple_mountains,shared_candidate|not_mutual_top1,"mountain=棟山(#514); candidate=summit-candidate:7a8dca9b423536f5; ref_score=0.456; ref_rank=1; loc_level=exact_municipality_match; priority=high; priority_reasons=top_1_but_ambiguous,top_candidate_for_multiple_mountains"
514,棟山,summit-candidate:5f31b84e049f61fa,yamap_2026-02-22_07_32.gpx,高森山・町木山・寒台山・鎧掛山,798.325694253476,808,9.67,0.3275,2,16,0,false,false,low,high,high,check_location_warning,boundary_tolerated_mismatch,内子町,,,"池田川崎線, 大洲市, 喜多郡, 愛媛県, 日本",multiple_candidates_for_mountain|multiple_mountains_for_candidate|weak_name_evidence|csv_coordinate_far|location_mismatch_warning|activity_link_ambiguous,strong_evidence_with_mismatch,location_mismatch_warning,mountain=棟山(#514); candidate=summit-candidate:5f31b84e049f61fa; ref_score=0.3275; ref_rank=2; loc_level=boundary_tolerated_mismatch; priority=high; priority_reasons=strong_evidence_with_mismatch
514,棟山,summit-candidate:9669b668bebfc145,yamap_2023-04-18_10_53.gpx,黒滝山・木久ヶ森,811.0092135228584,808,3.01,0.3275,3,6,0,false,false,low,high,high,resolve_conflict,boundary_tolerated_mismatch,内子町,,,"黒滝神社, 寺尾重信線, 丹原町関屋, 西条市, 愛媛県, 791-0524, 日本",multiple_candidates_for_mountain|multiple_mountains_for_candidate|weak_name_evidence|csv_coordinate_far|location_mismatch_warning|activity_link_ambiguous,strong_evidence_with_mismatch|top_candidate_for_multiple_mountains,shared_candidate,"mountain=棟山(#514); candidate=summit-candidate:9669b668bebfc145; ref_score=0.3275; ref_rank=3; loc_level=boundary_tolerated_mismatch; priority=high; priority_reasons=strong_evidence_with_mismatch,top_candidate_for_multiple_mountains"
515,星ヶ森,summit-candidate:9669b668bebfc145,yamap_2023-04-18_10_53.gpx,黒滝山・木久ヶ森,811.0092135228584,820,8.99,0.507,1,3,0.1795,false,true,low,high,high,resolve_conflict,exact_municipality_match,西条市,,西条市,"黒滝神社, 寺尾重信線, 丹原町関屋, 西条市, 愛媛県, 791-0524, 日本",multiple_candidates_for_mountain|multiple_mountains_for_candidate|weak_name_evidence|csv_coordinate_far|activity_link_ambiguous,top_1_but_ambiguous|top_candidate_for_multiple_mountains,shared_candidate|not_mutual_top1,"mountain=星ヶ森(#515); candidate=summit-candidate:9669b668bebfc145; ref_score=0.507; ref_rank=1; loc_level=exact_municipality_match; priority=high; priority_reasons=top_1_but_ambiguous,top_candidate_for_multiple_mountains"
515,星ヶ森,summit-candidate:615a70cf4401199b,yamap_2022-11-14_13_02.gpx,出石山,822.6353431394673,820,2.64,0.3275,2,4,0,false,false,low,high,high,resolve_conflict,boundary_tolerated_mismatch,西条市,,,"別格7番 出石寺, 1, 大洲市, 愛媛県, 799-3462, 日本",multiple_candidates_for_mountain|multiple_mountains_for_candidate|weak_name_evidence|csv_coordinate_far|location_mismatch_warning,strong_evidence_with_mismatch|top_candidate_for_multiple_mountains,shared_candidate,"mountain=星ヶ森(#515); candidate=summit-candidate:615a70cf4401199b; ref_score=0.3275; ref_rank=2; loc_level=boundary_tolerated_mismatch; priority=high; priority_reasons=strong_evidence_with_mismatch,top_candidate_for_multiple_mountains"
515,星ヶ森,summit-candidate:94e39d837730a5c7,yamap_2025-04-04_06_19.gpx,コクゾ峰,822.6366666666667,820,2.64,0.3275,3,3,0,false,true,low,high,high,check_location_warning,boundary_tolerated_mismatch,西条市,,,"砥部町, 伊予郡, 愛媛県, 791-2205, 日本",multiple_candidates_for_mountain|multiple_mountains_for_candidate|weak_name_evidence|csv_coordinate_far|location_mismatch_warning,strong_evidence_with_mismatch,location_mismatch_warning,mountain=星ヶ森(#515); candidate=summit-candidate:94e39d837730a5c7; ref_score=0.3275; ref_rank=3; loc_level=boundary_tolerated_mismatch; priority=high; priority_reasons=strong_evidence_with_mismatch
516,草屋敷,summit-candidate:615a70cf4401199b,yamap_2022-11-14_13_02.gpx,出石山,822.6353431394673,824,1.36,0.507,1,2,0,false,true,low,high,high,resolve_conflict,exact_municipality_match,大洲市,,大洲市,"別格7番 出石寺, 1, 大洲市, 愛媛県, 799-3462, 日本",multiple_candidates_for_mountain|multiple_mountains_for_candidate|weak_name_evidence|csv_coordinate_far,top_1_but_ambiguous|top_candidate_for_multiple_mountains,shared_candidate|not_mutual_top1,"mountain=草屋敷(#516); candidate=summit-candidate:615a70cf4401199b; ref_score=0.507; ref_rank=1; loc_level=exact_municipality_match; priority=high; priority_reasons=top_1_but_ambiguous,top_candidate_for_multiple_mountains"
516,草屋敷,summit-candidate:f55ffb534aa2ae4c,yamap_2026-02-22_07_32.gpx,高森山・町木山・寒台山・鎧掛山,825.9826876717713,824,1.98,0.507,2,5,0.051,false,false,low,medium,high,check_close_alternatives,exact_municipality_match,大洲市,,大洲市,"河辺町川上, 大洲市, 愛媛県, 797-1608, 日本",multiple_candidates_for_mountain|multiple_mountains_for_candidate|weak_name_evidence|csv_coordinate_far|activity_link_ambiguous,top_3_with_evidence,small_score_gap,mountain=草屋敷(#516); candidate=summit-candidate:f55ffb534aa2ae4c; ref_score=0.507; ref_rank=2; loc_level=exact_municipality_match; priority=medium; priority_reasons=top_3_with_evidence
516,草屋敷,summit-candidate:5f31b84e049f61fa,yamap_2026-02-22_07_32.gpx,高森山・町木山・寒台山・鎧掛山,798.325694253476,824,25.67,0.456,3,6,0.1285,false,false,low,medium,low,low_priority,exact_municipality_match,大洲市,,大洲市,"池田川崎線, 大洲市, 喜多郡, 愛媛県, 日本",multiple_candidates_for_mountain|multiple_mountains_for_candidate|weak_name_evidence|csv_coordinate_far|activity_link_ambiguous,top_3_with_evidence,low_priority_alternative,mountain=草屋敷(#516); candidate=summit-candidate:5f31b84e049f61fa; ref_score=0.456; ref_rank=3; loc_level=exact_municipality_match; priority=medium; priority_reasons=top_3_with_evidence
517,大熊山,summit-candidate:d1269170b687c5bc,yamap_2022-03-09_10_20.gpx,稔山,873.4633333333333,856,17.46,0.456,1,2,0.1285,false,true,low,high,high,resolve_conflict,exact_municipality_match,東温市,,東温市,"東温市, 愛媛県, 日本",multiple_candidates_for_mountain|multiple_mountains_for_candidate|weak_name_evidence|csv_coordinate_far,top_1_but_ambiguous,not_mutual_top1,mountain=大熊山(#517); candidate=summit-candidate:d1269170b687c5bc; ref_score=0.456; ref_rank=1; loc_level=exact_municipality_match; priority=high; priority_reasons=top_1_but_ambiguous
517,大熊山,summit-candidate:3f84cc393481fcf2,yamap_2025-04-06_08_48.gpx,加塚山,850.5566666666667,856,5.44,0.3275,2,2,0,false,true,low,high,high,check_location_warning,boundary_tolerated_mismatch,東温市,,,"四万十市, 高知県, 日本",multiple_candidates_for_mountain|multiple_mountains_for_candidate|weak_name_evidence|csv_coordinate_far|location_mismatch_warning,strong_evidence_with_mismatch,location_mismatch_warning,mountain=大熊山(#517); candidate=summit-candidate:3f84cc393481fcf2; ref_score=0.3275; ref_rank=2; loc_level=boundary_tolerated_mismatch; priority=high; priority_reasons=strong_evidence_with_mismatch
517,大熊山,summit-candidate:498b9618ca98fa34,yamap_2024-04-28_10_37.gpx,日浦嶺・打越山,854.2033333333333,856,1.8,0.3275,3,4,0,false,false,low,high,high,check_location_warning,boundary_tolerated_mismatch,東温市,,,"内子町, 喜多郡, 愛媛県, 日本",multiple_candidates_for_mountain|multiple_mountains_for_candidate|weak_name_evidence|csv_coordinate_far|location_mismatch_warning|activity_link_ambiguous,strong_evidence_with_mismatch,location_mismatch_warning,mountain=大熊山(#517); candidate=summit-candidate:498b9618ca98fa34; ref_score=0.3275; ref_rank=3; loc_level=boundary_tolerated_mismatch; priority=high; priority_reasons=strong_evidence_with_mismatch
518,笠松山,summit-candidate:8f25ad4ff380df77,yamap_2026-03-06_09_00.gpx,世田山・笠松山東峰・笠松山,346.8866666666666,868,521.11,0.472,1,4,0,false,false,low,high,high,resolve_conflict,boundary_tolerated_mismatch,久万高原町,,,"今治市, 愛媛県, 794-8511, 日本",multiple_candidates_for_mountain|multiple_mountains_for_candidate|weak_elevation_evidence|csv_coordinate_far|location_mismatch_warning,top_1_but_ambiguous|strong_evidence_with_mismatch|top_candidate_for_multiple_mountains,shared_candidate|not_mutual_top1,"mountain=笠松山(#518); candidate=summit-candidate:8f25ad4ff380df77; ref_score=0.472; ref_rank=1; loc_level=boundary_tolerated_mismatch; priority=high; priority_reasons=top_1_but_ambiguous,strong_evidence_with_mismatch,top_candidate_for_multiple_mountains"
518,笠松山,summit-candidate:9d5a3bd31bedfeda,yamap_2022-08-26_08_45.gpx,世田山・笠松山,356.6686284540569,868,511.33,0.472,2,3,0,false,true,low,high,high,check_close_alternatives,boundary_tolerated_mismatch,久万高原町,,,"朝倉南, 今治市, 愛媛県, 794-8511, 日本",multiple_candidates_for_mountain|multiple_mountains_for_candidate|weak_elevation_evidence|csv_coordinate_far|location_mismatch_warning,strong_evidence_with_mismatch,small_score_gap,mountain=笠松山(#518); candidate=summit-candidate:9d5a3bd31bedfeda; ref_score=0.472; ref_rank=2; loc_level=boundary_tolerated_mismatch; priority=high; priority_reasons=strong_evidence_with_mismatch
518,笠松山,summit-candidate:d0f2d4ee46a862c3,yamap_2022-08-26_08_45.gpx,世田山・笠松山,360.61048094906045,868,507.39,0.472,3,3,0.016,false,true,low,high,high,check_close_alternatives,boundary_tolerated_mismatch,久万高原町,,,"今治市, 愛媛県, 794-8511, 日本",multiple_candidates_for_mountain|multiple_mountains_for_candidate|weak_elevation_evidence|csv_coordinate_far|location_mismatch_warning,strong_evidence_with_mismatch,small_score_gap,mountain=笠松山(#518); candidate=summit-candidate:d0f2d4ee46a862c3; ref_score=0.472; ref_rank=3; loc_level=boundary_tolerated_mismatch; priority=high; priority_reasons=strong_evidence_with_mismatch
519,蒲山,summit-candidate:a0ef25e9a532b62e,yamap_2022-02-06_08_26.gpx,谷上山・権現山・白滝山・障子山,888.5027304594954,873,15.5,0.456,1,5,0.1285,false,false,low,high,high,resolve_conflict,exact_municipality_match,砥部町,,砥部町,"鵜崎, 砥部町, 伊予郡, 愛媛県, 791-2133, 日本",multiple_candidates_for_mountain|multiple_mountains_for_candidate|weak_name_evidence|csv_coordinate_far,top_1_but_ambiguous|top_candidate_for_multiple_mountains,shared_candidate|not_mutual_top1,"mountain=蒲山(#519); candidate=summit-candidate:a0ef25e9a532b62e; ref_score=0.456; ref_rank=1; loc_level=exact_municipality_match; priority=high; priority_reasons=top_1_but_ambiguous,top_candidate_for_multiple_mountains"
519,蒲山,summit-candidate:56cffb103cbe3aac,yamap_2024-02-17_05_38.gpx,大黒山・譲ヶ葉森,863.4266666666667,873,9.57,0.3275,2,8,0,false,false,low,high,high,check_location_warning,boundary_tolerated_mismatch,砥部町,,,"宇和島市, 愛媛県, 798-8601, 日本",multiple_candidates_for_mountain|multiple_mountains_for_candidate|weak_name_evidence|csv_coordinate_far|location_mismatch_warning,strong_evidence_with_mismatch,location_mismatch_warning,mountain=蒲山(#519); candidate=summit-candidate:56cffb103cbe3aac; ref_score=0.3275; ref_rank=2; loc_level=boundary_tolerated_mismatch; priority=high; priority_reasons=strong_evidence_with_mismatch
519,蒲山,summit-candidate:d1269170b687c5bc,yamap_2022-03-09_10_20.gpx,稔山,873.4633333333333,873,0.46,0.3275,3,4,0,false,false,low,high,high,check_location_warning,boundary_tolerated_mismatch,砥部町,,,"東温市, 愛媛県, 日本",multiple_candidates_for_mountain|multiple_mountains_for_candidate|weak_name_evidence|csv_coordinate_far|location_mismatch_warning,strong_evidence_with_mismatch,location_mismatch_warning,mountain=蒲山(#519); candidate=summit-candidate:d1269170b687c5bc; ref_score=0.3275; ref_rank=3; loc_level=boundary_tolerated_mismatch; priority=high; priority_reasons=strong_evidence_with_mismatch
520,牛ノ峯,summit-candidate:606168b97944fce5,yamap_2024-04-28_10_37.gpx,日浦嶺・打越山,900.0566666666667,895,5.06,0.507,1,2,0.1795,false,true,low,high,high,resolve_conflict,exact_municipality_match,内子町,,内子町,"内子町, 喜多郡, 愛媛県, 791-3521, 日本",multiple_candidates_for_mountain|multiple_mountains_for_candidate|weak_name_evidence|csv_coordinate_far|activity_link_ambiguous,top_1_but_ambiguous,not_mutual_top1,mountain=牛ノ峯(#520); candidate=summit-candidate:606168b97944fce5; ref_score=0.507; ref_rank=1; loc_level=exact_municipality_match; priority=high; priority_reasons=top_1_but_ambiguous
520,牛ノ峯,summit-candidate:276fed5ecb7b3eb4,yamap_2025-03-02_13_17.gpx,階上山,893.9066666666668,895,1.09,0.3275,2,4,0,false,false,low,high,high,check_location_warning,boundary_tolerated_mismatch,内子町,,,"中山町栗田, 伊予市, 愛媛県, 791-2133, 日本",multiple_candidates_for_mountain|multiple_mountains_for_candidate|weak_name_evidence|csv_coordinate_far|location_mismatch_warning,strong_evidence_with_mismatch,location_mismatch_warning,mountain=牛ノ峯(#520); candidate=summit-candidate:276fed5ecb7b3eb4; ref_score=0.3275; ref_rank=2; loc_level=boundary_tolerated_mismatch; priority=high; priority_reasons=strong_evidence_with_mismatch
520,牛ノ峯,summit-candidate:428f403ddcc5a31a,yamap_2026-02-22_07_32.gpx,高森山・町木山・寒台山・鎧掛山,904.780552530514,895,9.78,0.3275,3,13,0,false,false,low,high,high,check_location_warning,boundary_tolerated_mismatch,内子町,,,"大洲市, 愛媛県, 797-1608, 日本",multiple_candidates_for_mountain|multiple_mountains_for_candidate|weak_name_evidence|csv_coordinate_far|location_mismatch_warning|activity_link_ambiguous,strong_evidence_with_mismatch,location_mismatch_warning,mountain=牛ノ峯(#520); candidate=summit-candidate:428f403ddcc5a31a; ref_score=0.3275; ref_rank=3; loc_level=boundary_tolerated_mismatch; priority=high; priority_reasons=strong_evidence_with_mismatch
521,小森,summit-candidate:0ff024bf702c13bb,yamap_2023-03-11_06_08.gpx,福見山・明神ヶ森・南三方ヶ森・魚谷森・左谷ノ森,927.3133333333334,932,4.69,0.3275,1,7,0,false,false,low,high,high,resolve_conflict,boundary_tolerated_mismatch,西条市,,,"米野町, 松山市, 愛媛県, 日本",multiple_candidates_for_mountain|multiple_mountains_for_candidate|weak_name_evidence|csv_coordinate_far|location_mismatch_warning,top_1_but_ambiguous|strong_evidence_with_mismatch|top_candidate_for_multiple_mountains,shared_candidate|not_mutual_top1,"mountain=小森(#521); candidate=summit-candidate:0ff024bf702c13bb; ref_score=0.3275; ref_rank=1; loc_level=boundary_tolerated_mismatch; priority=high; priority_reasons=top_1_but_ambiguous,strong_evidence_with_mismatch,top_candidate_for_multiple_mountains"
521,小森,summit-candidate:18f6f4b086668887,yamap_2025-04-06_08_48.gpx,加塚山,936.75,932,4.75,0.3275,2,2,0,false,true,low,high,high,check_close_alternatives,boundary_tolerated_mismatch,西条市,,,"四万十市, 高知県, 日本",multiple_candidates_for_mountain|multiple_mountains_for_candidate|weak_name_evidence|csv_coordinate_far|location_mismatch_warning,strong_evidence_with_mismatch,small_score_gap,mountain=小森(#521); candidate=summit-candidate:18f6f4b086668887; ref_score=0.3275; ref_rank=2; loc_level=boundary_tolerated_mismatch; priority=high; priority_reasons=strong_evidence_with_mismatch
521,小森,summit-candidate:46ab73ee0e06e924,yamap_2026-04-11_09_14.gpx,三郷の辻,926.7733333333334,932,5.23,0.3275,3,6,0,false,false,low,high,high,check_close_alternatives,boundary_tolerated_mismatch,西条市,,,"久万高原町, 上浮穴郡, 愛媛県, 791-1222, 日本",multiple_candidates_for_mountain|multiple_mountains_for_candidate|weak_name_evidence|csv_coordinate_far|location_mismatch_warning,strong_evidence_with_mismatch,small_score_gap,mountain=小森(#521); candidate=summit-candidate:46ab73ee0e06e924; ref_score=0.3275; ref_rank=3; loc_level=boundary_tolerated_mismatch; priority=high; priority_reasons=strong_evidence_with_mismatch
522,辻ヶ峰,summit-candidate:6a1baa0667de8a9d,yamap_2025-04-06_08_48.gpx,加塚山,959.7999999999998,957,2.8,0.3275,1,2,0,false,true,low,high,high,resolve_conflict,boundary_tolerated_mismatch,新居浜市,,,"四万十市, 高知県, 日本",multiple_candidates_for_mountain|multiple_mountains_for_candidate|weak_name_evidence|csv_coordinate_far|location_mismatch_warning,top_1_but_ambiguous|strong_evidence_with_mismatch,not_mutual_top1,"mountain=辻ヶ峰(#522); candidate=summit-candidate:6a1baa0667de8a9d; ref_score=0.3275; ref_rank=1; loc_level=boundary_tolerated_mismatch; priority=high; priority_reasons=top_1_but_ambiguous,strong_evidence_with_mismatch"
522,辻ヶ峰,summit-candidate:7bda9ba8d2b47d6e,yamap_2022-10-01_08_30.gpx,戸祇御前山,947.3511063301806,957,9.65,0.3275,2,3,0,false,true,low,high,high,check_close_alternatives,boundary_tolerated_mismatch,新居浜市,,,"鬼北町, 北宇和郡, 愛媛県, 日本",multiple_candidates_for_mountain|multiple_mountains_for_candidate|weak_name_evidence|csv_coordinate_far|location_mismatch_warning,strong_evidence_with_mismatch,small_score_gap,mountain=辻ヶ峰(#522); candidate=summit-candidate:7bda9ba8d2b47d6e; ref_score=0.3275; ref_rank=2; loc_level=boundary_tolerated_mismatch; priority=high; priority_reasons=strong_evidence_with_mismatch
522,辻ヶ峰,summit-candidate:80368eea9aabeb96,yamap_2022-08-27_06_05.gpx,北三方ヶ森,964.82,957,7.82,0.3275,3,2,0,false,true,low,high,high,check_close_alternatives,boundary_tolerated_mismatch,新居浜市,,,"今治市, 愛媛県, 794-8511, 日本",multiple_candidates_for_mountain|multiple_mountains_for_candidate|weak_name_evidence|csv_coordinate_far|location_mismatch_warning,strong_evidence_with_mismatch,small_score_gap,mountain=辻ヶ峰(#522); candidate=summit-candidate:80368eea9aabeb96; ref_score=0.3275; ref_rank=3; loc_level=boundary_tolerated_mismatch; priority=high; priority_reasons=strong_evidence_with_mismatch
523,常住,summit-candidate:d5a6fcb592162088,yamap_2026-04-29_06_34.gpx,面木山・黒森,981.2133333333335,984,2.79,0.507,1,3,0.1795,false,true,low,high,high,resolve_conflict,exact_municipality_match,西条市,,西条市,"丹原町鞍瀬, 西条市, 愛媛県, 日本",multiple_candidates_for_mountain|multiple_mountains_for_candidate|weak_name_evidence|csv_coordinate_far,top_1_but_ambiguous|top_candidate_for_multiple_mountains,shared_candidate|not_mutual_top1,"mountain=常住(#523); candidate=summit-candidate:d5a6fcb592162088; ref_score=0.507; ref_rank=1; loc_level=exact_municipality_match; priority=high; priority_reasons=top_1_but_ambiguous,top_candidate_for_multiple_mountains"
523,常住,summit-candidate:19ab381ef6c337af,yamap_2026-02-22_07_32.gpx,高森山・町木山・寒台山・鎧掛山,993.1336935716172,984,9.13,0.3275,2,14,0,false,false,low,high,high,check_location_warning,boundary_tolerated_mismatch,西条市,,,"大洲市, 愛媛県, 797-1608, 日本",multiple_candidates_for_mountain|multiple_mountains_for_candidate|weak_name_evidence|csv_coordinate_far|location_mismatch_warning|activity_link_ambiguous,strong_evidence_with_mismatch,location_mismatch_warning,mountain=常住(#523); candidate=summit-candidate:19ab381ef6c337af; ref_score=0.3275; ref_rank=2; loc_level=boundary_tolerated_mismatch; priority=high; priority_reasons=strong_evidence_with_mismatch
523,常住,summit-candidate:6ba0d3c6b0fb6b96,yamap_2022-04-09_14_44.gpx,大月山・高縄山,981.3100000000001,984,2.69,0.3275,3,6,0,false,false,low,high,high,check_location_warning,boundary_tolerated_mismatch,西条市,,,"松山市, 愛媛県, 日本",multiple_candidates_for_mountain|multiple_mountains_for_candidate|weak_name_evidence|csv_coordinate_far|location_mismatch_warning|activity_link_ambiguous,strong_evidence_with_mismatch,location_mismatch_warning,mountain=常住(#523); candidate=summit-candidate:6ba0d3c6b0fb6b96; ref_score=0.3275; ref_rank=3; loc_level=boundary_tolerated_mismatch; priority=high; priority_reasons=strong_evidence_with_mismatch
524,熊鷹山,summit-candidate:8078eb6cc96c519a,yamap_2024-10-14_04_48.gpx,三ッ足山・カガマシ山・橡尾山・笹ヶ峰,1096.6433333333332,1095,1.64,0.507,1,5,0.1795,false,false,low,high,high,resolve_conflict,exact_municipality_match,四国中央市,,四国中央市,"四国中央市, 愛媛県, 日本",multiple_candidates_for_mountain|multiple_mountains_for_candidate|weak_name_evidence|csv_coordinate_far,top_1_but_ambiguous|top_candidate_for_multiple_mountains,shared_candidate|not_mutual_top1,"mountain=熊鷹山(#524); candidate=summit-candidate:8078eb6cc96c519a; ref_score=0.507; ref_rank=1; loc_level=exact_municipality_match; priority=high; priority_reasons=top_1_but_ambiguous,top_candidate_for_multiple_mountains"
524,熊鷹山,summit-candidate:367897a1c7a2d287,yamap_2023-05-27_09_55.gpx,前善神山・善神山,1089.5833333333333,1095,5.42,0.3275,2,4,0,false,false,low,high,high,resolve_conflict,boundary_tolerated_mismatch,四国中央市,,,"井内, 東温市, 愛媛県, 日本",multiple_candidates_for_mountain|multiple_mountains_for_candidate|weak_name_evidence|csv_coordinate_far|location_mismatch_warning,strong_evidence_with_mismatch|top_candidate_for_multiple_mountains,shared_candidate,"mountain=熊鷹山(#524); candidate=summit-candidate:367897a1c7a2d287; ref_score=0.3275; ref_rank=2; loc_level=boundary_tolerated_mismatch; priority=high; priority_reasons=strong_evidence_with_mismatch,top_candidate_for_multiple_mountains"
524,熊鷹山,summit-candidate:40068653b28bad40,yamap_2022-04-08_09_33.gpx,鬼ヶ城山・大久保山・八面山・三本杭・横ノ森・小屋ヶ森・毛山,1090.3964691990484,1095,4.6,0.3275,3,15,0,false,false,low,high,high,check_location_warning,boundary_tolerated_mismatch,四国中央市,,,"野川, 宇和島市, 愛媛県, 798-8601, 日本",multiple_candidates_for_mountain|multiple_mountains_for_candidate|weak_name_evidence|csv_coordinate_far|location_mismatch_warning,strong_evidence_with_mismatch,location_mismatch_warning,mountain=熊鷹山(#524); candidate=summit-candidate:40068653b28bad40; ref_score=0.3275; ref_rank=3; loc_level=boundary_tolerated_mismatch; priority=high; priority_reasons=strong_evidence_with_mismatch
525,櫛ヶ峰,summit-candidate:282882317c3aab0b,yamap_2024-02-17_05_38.gpx,大黒山・譲ヶ葉森,1106.79,1112,5.21,0.3275,1,5,0,false,false,low,high,high,resolve_conflict,boundary_tolerated_mismatch,西条市,,,"四万十市, 高知県, 日本",multiple_candidates_for_mountain|multiple_mountains_for_candidate|weak_name_evidence|csv_coordinate_far|location_mismatch_warning,top_1_but_ambiguous|strong_evidence_with_mismatch,not_mutual_top1,"mountain=櫛ヶ峰(#525); candidate=summit-candidate:282882317c3aab0b; ref_score=0.3275; ref_rank=1; loc_level=boundary_tolerated_mismatch; priority=high; priority_reasons=top_1_but_ambiguous,strong_evidence_with_mismatch"
525,櫛ヶ峰,summit-candidate:6198ad7009d86ec2,yamap_2022-04-22_14_13.gpx,雨包山,1117.4867674520622,1112,5.49,0.3275,2,7,0,false,false,low,high,high,check_close_alternatives,boundary_tolerated_mismatch,西条市,,,"西予市, 愛媛県, 797-1432, 日本",multiple_candidates_for_mountain|multiple_mountains_for_candidate|weak_name_evidence|csv_coordinate_far|location_mismatch_warning|activity_link_ambiguous,strong_evidence_with_mismatch,small_score_gap,mountain=櫛ヶ峰(#525); candidate=summit-candidate:6198ad7009d86ec2; ref_score=0.3275; ref_rank=2; loc_level=boundary_tolerated_mismatch; priority=high; priority_reasons=strong_evidence_with_mismatch
525,櫛ヶ峰,summit-candidate:740ae36ed8c63d60,yamap_2026-03-01_06_45.gpx,剣ノ山・三傍示山・塩塚峰,1110.4433333333334,1112,1.56,0.3275,3,4,0,false,false,low,high,high,check_close_alternatives,boundary_tolerated_mismatch,西条市,,,"三好市, 徳島県, 778-8501, 日本",multiple_candidates_for_mountain|multiple_mountains_for_candidate|weak_name_evidence|csv_coordinate_far|location_mismatch_warning,strong_evidence_with_mismatch,small_score_gap,mountain=櫛ヶ峰(#525); candidate=summit-candidate:740ae36ed8c63d60; ref_score=0.3275; ref_rank=3; loc_level=boundary_tolerated_mismatch; priority=high; priority_reasons=strong_evidence_with_mismatch
526,大旗山,summit-candidate:ee9d736a090185dd,yamap_2022-04-22_17_29.gpx,碁石ヶ森,1188.1187548490348,1184,4.12,0.507,1,6,0.1795,false,false,low,high,high,resolve_conflict,exact_municipality_match,西予市,,西予市,"西予市, 愛媛県, 日本",multiple_candidates_for_mountain|multiple_mountains_for_candidate|weak_name_evidence|csv_coordinate_far|activity_link_ambiguous|timezone_sensitive_activity_link,top_1_but_ambiguous|top_candidate_for_multiple_mountains,shared_candidate|not_mutual_top1,"mountain=大旗山(#526); candidate=summit-candidate:ee9d736a090185dd; ref_score=0.507; ref_rank=1; loc_level=exact_municipality_match; priority=high; priority_reasons=top_1_but_ambiguous,top_candidate_for_multiple_mountains"
526,大旗山,summit-candidate:62351b8782d6f597,yamap_2024-02-24_07_06.gpx,高月山・東高月山・郭公岳・櫨ヶ森・毛山,1191.8999999999999,1184,7.9,0.3275,2,7,0,false,false,low,high,high,resolve_conflict,boundary_tolerated_mismatch,西予市,,,"滑床林道63支線, 宇和島市, 愛媛県, 798-8601, 日本",multiple_candidates_for_mountain|multiple_mountains_for_candidate|weak_name_evidence|csv_coordinate_far|location_mismatch_warning,strong_evidence_with_mismatch|top_candidate_for_multiple_mountains,shared_candidate,"mountain=大旗山(#526); candidate=summit-candidate:62351b8782d6f597; ref_score=0.3275; ref_rank=2; loc_level=boundary_tolerated_mismatch; priority=high; priority_reasons=strong_evidence_with_mismatch,top_candidate_for_multiple_mountains"
526,大旗山,summit-candidate:67df63dc99cf8614,yamap_2024-04-07_06_45.gpx,二箆山・西雑誌山,1190.45,1184,6.45,0.3275,3,6,0.051,false,false,low,high,high,check_location_warning,boundary_tolerated_mismatch,西予市,,,"ササミネ林道, 久万高原町, 上浮穴郡, 愛媛県, 日本",multiple_candidates_for_mountain|multiple_mountains_for_candidate|weak_name_evidence|csv_coordinate_far|location_mismatch_warning,strong_evidence_with_mismatch,location_mismatch_warning,mountain=大旗山(#526); candidate=summit-candidate:67df63dc99cf8614; ref_score=0.3275; ref_rank=3; loc_level=boundary_tolerated_mismatch; priority=high; priority_reasons=strong_evidence_with_mismatch
527,兵庫山,summit-candidate:e2c08955f9275289,yamap_2024-10-20_06_42.gpx,ハネズル山,1291.8700000000001,1303,11.13,0.456,1,3,0.1285,false,true,low,high,high,resolve_conflict,exact_municipality_match,四国中央市,,四国中央市,"四国中央市, 愛媛県, 日本",multiple_candidates_for_mountain|multiple_mountains_for_candidate|weak_name_evidence|csv_coordinate_far|activity_link_ambiguous,top_1_but_ambiguous|top_candidate_for_multiple_mountains,shared_candidate|not_mutual_top1,"mountain=兵庫山(#527); candidate=summit-candidate:e2c08955f9275289; ref_score=0.456; ref_rank=1; loc_level=exact_municipality_match; priority=high; priority_reasons=top_1_but_ambiguous,top_candidate_for_multiple_mountains"
527,兵庫山,summit-candidate:0cc9c1186612ceaa,yamap_2025-04-19_07_10.gpx,小屋山・丸石山,1297.49,1303,5.51,0.3275,2,4,0,false,false,low,high,high,check_location_warning,boundary_tolerated_mismatch,四国中央市,,,"西予市, 愛媛県, 日本",multiple_candidates_for_mountain|multiple_mountains_for_candidate|weak_name_evidence|csv_coordinate_far|location_mismatch_warning,strong_evidence_with_mismatch,location_mismatch_warning,mountain=兵庫山(#527); candidate=summit-candidate:0cc9c1186612ceaa; ref_score=0.3275; ref_rank=2; loc_level=boundary_tolerated_mismatch; priority=high; priority_reasons=strong_evidence_with_mismatch
527,兵庫山,summit-candidate:242762a3c600ff91,yamap_2022-05-15_06_10.gpx,割石東山・青滝山・堂ヶ森,1301.993333333333,1303,1.01,0.3275,3,10,0,false,false,low,high,high,resolve_conflict,boundary_tolerated_mismatch,四国中央市,,,"梅ヶ市林道, 久万高原町, 上浮穴郡, 愛媛県, 日本",multiple_candidates_for_mountain|multiple_mountains_for_candidate|weak_name_evidence|csv_coordinate_far|location_mismatch_warning|activity_link_ambiguous,strong_evidence_with_mismatch|top_candidate_for_multiple_mountains,shared_candidate,"mountain=兵庫山(#527); candidate=summit-candidate:242762a3c600ff91; ref_score=0.3275; ref_rank=3; loc_level=boundary_tolerated_mismatch; priority=high; priority_reasons=strong_evidence_with_mismatch,top_candidate_for_multiple_mountains"
528,生之越,summit-candidate:242762a3c600ff91,yamap_2022-05-15_06_10.gpx,割石東山・青滝山・堂ヶ森,1301.993333333333,1310,8.01,0.507,1,4,0,false,false,low,high,high,resolve_conflict,exact_municipality_match,久万高原町,,久万高原町,"梅ヶ市林道, 久万高原町, 上浮穴郡, 愛媛県, 日本",multiple_candidates_for_mountain|multiple_mountains_for_candidate|weak_name_evidence|csv_coordinate_far|activity_link_ambiguous,top_1_but_ambiguous|top_candidate_for_multiple_mountains,shared_candidate|not_mutual_top1,"mountain=生之越(#528); candidate=summit-candidate:242762a3c600ff91; ref_score=0.507; ref_rank=1; loc_level=exact_municipality_match; priority=high; priority_reasons=top_1_but_ambiguous,top_candidate_for_multiple_mountains"
528,生之越,summit-candidate:777bcc5c6ed2c27e,yamap_2026-03-17_06_58.gpx,大ノ森,1317.4533333333331,1310,7.45,0.507,2,2,0.051,false,true,low,medium,high,check_close_alternatives,exact_municipality_match,久万高原町,,久万高原町,"大成, 久万高原町, 上浮穴郡, 愛媛県, 日本",multiple_candidates_for_mountain|multiple_mountains_for_candidate|weak_name_evidence|csv_coordinate_far,top_3_with_evidence,small_score_gap,mountain=生之越(#528); candidate=summit-candidate:777bcc5c6ed2c27e; ref_score=0.507; ref_rank=2; loc_level=exact_municipality_match; priority=medium; priority_reasons=top_3_with_evidence
528,生之越,summit-candidate:83056c3652757f25,yamap_2024-04-20_05_43.gpx,気多山・八辻ノ峰・五代ヶ森,1281.8966666666665,1310,28.1,0.456,3,4,0.1285,false,false,low,medium,low,low_priority,exact_municipality_match,久万高原町,,久万高原町,"大成, 久万高原町, 上浮穴郡, 愛媛県, 日本",multiple_candidates_for_mountain|multiple_mountains_for_candidate|weak_name_evidence|csv_coordinate_far,top_3_with_evidence,low_priority_alternative,mountain=生之越(#528); candidate=summit-candidate:83056c3652757f25; ref_score=0.456; ref_rank=3; loc_level=exact_municipality_match; priority=medium; priority_reasons=top_3_with_evidence
529,玉取山,summit-candidate:0886436b79473a6c,yamap_2024-10-14_04_48.gpx,三ッ足山・カガマシ山・橡尾山・笹ヶ峰,1340.51,1330,10.51,0.456,1,6,0.1285,false,false,low,high,high,resolve_conflict,exact_municipality_match,四国中央市,,四国中央市,"四国中央市, 愛媛県, 日本",multiple_candidates_for_mountain|multiple_mountains_for_candidate|weak_name_evidence|csv_coordinate_far,top_1_but_ambiguous|top_candidate_for_multiple_mountains,shared_candidate|not_mutual_top1,"mountain=玉取山(#529); candidate=summit-candidate:0886436b79473a6c; ref_score=0.456; ref_rank=1; loc_level=exact_municipality_match; priority=high; priority_reasons=top_1_but_ambiguous,top_candidate_for_multiple_mountains"
529,玉取山,summit-candidate:118b217506eb653f,yamap_2026-03-21_07_01.gpx,雨乞山・妙見森,1334.4923924855789,1330,4.49,0.3275,2,6,0,false,false,low,high,high,resolve_conflict,boundary_tolerated_mismatch,四国中央市,,,"内子町, 喜多郡, 愛媛県, 日本",multiple_candidates_for_mountain|multiple_mountains_for_candidate|weak_name_evidence|csv_coordinate_far|location_mismatch_warning|activity_link_ambiguous,strong_evidence_with_mismatch|top_candidate_for_multiple_mountains,shared_candidate,"mountain=玉取山(#529); candidate=summit-candidate:118b217506eb653f; ref_score=0.3275; ref_rank=2; loc_level=boundary_tolerated_mismatch; priority=high; priority_reasons=strong_evidence_with_mismatch,top_candidate_for_multiple_mountains"
529,玉取山,summit-candidate:e4172c5503fdcc89,yamap_2024-04-07_06_45.gpx,二箆山・西雑誌山,1338.5933333333335,1330,8.59,0.3275,3,3,0.051,false,true,low,high,high,check_location_warning,boundary_tolerated_mismatch,四国中央市,,,"林道小田・池川線, 寄合, 仁淀川町, 吾川郡, 高知県, 781-1619, 日本",multiple_candidates_for_mountain|multiple_mountains_for_candidate|weak_name_evidence|csv_coordinate_far|location_mismatch_warning,strong_evidence_with_mismatch,location_mismatch_warning,mountain=玉取山(#529); candidate=summit-candidate:e4172c5503fdcc89; ref_score=0.3275; ref_rank=3; loc_level=boundary_tolerated_mismatch; priority=high; priority_reasons=strong_evidence_with_mismatch
530,三ヶ森,summit-candidate:5771cdd191c3861d,yamap_2023-10-22_06_44.gpx,二ノ岳・高森,1351.1733333333334,1377,25.83,0.456,1,2,0,false,true,low,high,high,resolve_conflict,exact_municipality_match,西条市,,西条市,"東之川, 西条市, 愛媛県, 日本",multiple_candidates_for_mountain|multiple_mountains_for_candidate|weak_name_evidence|csv_coordinate_far,top_1_but_ambiguous|top_candidate_for_multiple_mountains,shared_candidate|not_mutual_top1,"mountain=三ヶ森(#530); candidate=summit-candidate:5771cdd191c3861d; ref_score=0.456; ref_rank=1; loc_level=exact_municipality_match; priority=high; priority_reasons=top_1_but_ambiguous,top_candidate_for_multiple_mountains"
530,三ヶ森,summit-candidate:6b97922a3935a9a5,yamap_2025-09-21_08_53.gpx,前社ヶ森・剣山・黒川山,1354.6866666666667,1377,22.31,0.456,2,4,0,false,false,low,medium,high,check_close_alternatives,exact_municipality_match,西条市,,西条市,"西条市, 愛媛県, 日本",multiple_candidates_for_mountain|multiple_mountains_for_candidate|weak_name_evidence|csv_coordinate_far,top_3_with_evidence,small_score_gap,mountain=三ヶ森(#530); candidate=summit-candidate:6b97922a3935a9a5; ref_score=0.456; ref_rank=2; loc_level=exact_municipality_match; priority=medium; priority_reasons=top_3_with_evidence
530,三ヶ森,summit-candidate:a61fd78e4e062683,yamap_2023-10-22_06_44.gpx,二ノ岳・高森,1361.2233333333334,1377,15.78,0.456,3,3,0.1285,false,true,low,medium,high,check_close_alternatives,exact_municipality_match,西条市,,西条市,"蔭地林道, 西条市, 愛媛県, 日本",multiple_candidates_for_mountain|multiple_mountains_for_candidate|weak_name_evidence|csv_coordinate_far,top_3_with_evidence,small_score_gap,mountain=三ヶ森(#530); candidate=summit-candidate:a61fd78e4e062683; ref_score=0.456; ref_rank=3; loc_level=exact_municipality_match; priority=medium; priority_reasons=top_3_with_evidence
531,扇山,summit-candidate:02fa4cfab6fa90d3,yamap_2022-12-12_08_41.gpx,遠ヶ森,731.4733333333334,1392,660.53,0.472,1,2,0,false,true,low,high,high,resolve_conflict,boundary_tolerated_mismatch,西条市,,,"国道440号, 久谷町, 松山市, 愛媛県, 791-2133, 日本",multiple_candidates_for_mountain|multiple_mountains_for_candidate|weak_elevation_evidence|csv_coordinate_far|location_mismatch_warning|activity_link_ambiguous,top_1_but_ambiguous|strong_evidence_with_mismatch|top_candidate_for_multiple_mountains,shared_candidate|not_mutual_top1,"mountain=扇山(#531); candidate=summit-candidate:02fa4cfab6fa90d3; ref_score=0.472; ref_rank=1; loc_level=boundary_tolerated_mismatch; priority=high; priority_reasons=top_1_but_ambiguous,strong_evidence_with_mismatch,top_candidate_for_multiple_mountains"
531,扇山,summit-candidate:9acc21860aa8a208,yamap_2022-12-12_10_30.gpx,扇山,192.99666666666667,1392,1199,0.472,2,2,0.016,false,true,low,high,high,check_close_alternatives,boundary_tolerated_mismatch,西条市,,,"三角, 砥部町, 伊予郡, 愛媛県, 791-2191, 日本",multiple_candidates_for_mountain|multiple_mountains_for_candidate|weak_elevation_evidence|csv_coordinate_far|location_mismatch_warning|activity_link_ambiguous,strong_evidence_with_mismatch,small_score_gap,mountain=扇山(#531); candidate=summit-candidate:9acc21860aa8a208; ref_score=0.472; ref_rank=2; loc_level=boundary_tolerated_mismatch; priority=high; priority_reasons=strong_evidence_with_mismatch
531,扇山,summit-candidate:56e8244e578a141a,yamap_2025-09-21_08_53.gpx,前社ヶ森・剣山・黒川山,1409.006666666667,1392,17.01,0.456,3,5,0,false,false,low,medium,high,check_close_alternatives,exact_municipality_match,西条市,,西条市,"石鎚神社 成就社, 試しの鎖, 西条市, 愛媛県, 日本",multiple_candidates_for_mountain|multiple_mountains_for_candidate|weak_name_evidence|csv_coordinate_far,top_3_with_evidence,small_score_gap,mountain=扇山(#531); candidate=summit-candidate:56e8244e578a141a; ref_score=0.456; ref_rank=3; loc_level=exact_municipality_match; priority=medium; priority_reasons=top_3_with_evidence
