mountain_no,mountain_name,suggested_summit_candidate_id,suggested_candidate_score,suggested_candidate_confidence,suggested_location_stability_bucket,suggested_municipality_relation,suggested_candidate_municipality,source_mountain_municipality,accepted_summit_candidate_id,decision_status,decision_reason,reviewer_notes,needs_followup,map_checked,packet_path,top3_candidate_ids,conflict_group_ids,created_from_stage
1,関ヶ森,summit-candidate:a0c35720552a78c8,0.79,medium,municipality_incompatible_strong,non_adjacent_municipality,松山市,新居浜市,,pending_review,,,false,false,location_stability_review_packets/gpx_groups/gpx_group_0122_yamap_2022-01-15_08_17.md,summit-candidate:a0c35720552a78c8|summit-candidate:c284068144ec2cfd|summit-candidate:cb62a56e70cedbce,gpx_group_0122|summit_candidate_0291|summit_candidate_0446|summit_candidate_0235|mountain_001,location_stability_review_packets
2,観音山,summit-candidate:cb62a56e70cedbce,0.79,medium,municipality_incompatible_strong,non_adjacent_municipality,松山市,八幡浜市,,pending_review,,,false,false,location_stability_review_packets/gpx_groups/gpx_group_0122_yamap_2022-01-15_08_17.md,summit-candidate:cb62a56e70cedbce|summit-candidate:0022a746b396d4c7|summit-candidate:13b7a4bb8154974a,gpx_group_0122|summit_candidate_0235|summit_candidate_0375|summit_candidate_0063|mountain_002,location_stability_review_packets
3,高森山,summit-candidate:e7ae682a07af2e10,0.75,medium,location_uncertain_keep,candidate_boundary_ambiguous,,内子町,,pending_review,,,false,false,location_stability_review_packets/gpx_groups/gpx_group_0002_yamap_2022-01-22_09_04.md,summit-candidate:e7ae682a07af2e10|summit-candidate:d03c84134ca0989d|summit-candidate:b3cf76c035511afe,gpx_group_0002|summit_candidate_0043|summit_candidate_0038|summit_candidate_0297|mountain_003,location_stability_review_packets
4,岩伽羅山,summit-candidate:e7ae682a07af2e10,0.69,medium,location_uncertain_keep,candidate_boundary_ambiguous,,内子町,,pending_review,,,false,false,location_stability_review_packets/gpx_groups/gpx_group_0002_yamap_2022-01-22_09_04.md,summit-candidate:e7ae682a07af2e10|summit-candidate:d03c84134ca0989d|summit-candidate:a94564816fd4afff,gpx_group_0002|summit_candidate_0043|summit_candidate_0038|summit_candidate_0225|mountain_004,location_stability_review_packets
5,衣掛山,summit-candidate:d03c84134ca0989d,0.67,medium,boundary_plausible,adjacent_municipality,東温市,今治市,,pending_review,,,false,false,location_stability_review_packets/gpx_groups/gpx_group_0002_yamap_2022-01-22_09_04.md,summit-candidate:d03c84134ca0989d|summit-candidate:e7ae682a07af2e10|summit-candidate:7880c9d0de83468b,gpx_group_0002|summit_candidate_0038|summit_candidate_0043|summit_candidate_0170|mountain_005,location_stability_review_packets
6,吉山(吉山城址),summit-candidate:d03c84134ca0989d,0.73,medium,boundary_plausible,adjacent_municipality,東温市,今治市,,pending_review,,,false,false,location_stability_review_packets/gpx_groups/gpx_group_0002_yamap_2022-01-22_09_04.md,summit-candidate:d03c84134ca0989d|summit-candidate:e7ae682a07af2e10|summit-candidate:d456af62868c5044,gpx_group_0002|summit_candidate_0038|summit_candidate_0043|summit_candidate_0239|mountain_006,location_stability_review_packets
7,尾ノ峰,summit-candidate:36e3ac8003e8b5d0,0.85,medium,location_strong_match,same_municipality,松山市,松山市,,pending_review,,,false,false,location_stability_review_packets/gpx_groups/gpx_group_0014_yamap_2022-01-28_12_28.md,summit-candidate:36e3ac8003e8b5d0|summit-candidate:d6b806525709cc22|summit-candidate:ac7a1ebef52ea30c,gpx_group_0014|summit_candidate_0124|summit_candidate_0241|summit_candidate_0176|mountain_007,location_stability_review_packets
8,新城山,summit-candidate:ac7a1ebef52ea30c,0.85,medium,location_strong_match,same_municipality,松山市,松山市,,pending_review,,,false,false,location_stability_review_packets/gpx_groups/gpx_group_0014_yamap_2022-01-28_12_28.md,summit-candidate:ac7a1ebef52ea30c|summit-candidate:36e3ac8003e8b5d0|summit-candidate:d6b806525709cc22,gpx_group_0014|summit_candidate_0176|summit_candidate_0124|summit_candidate_0241|mountain_008,location_stability_review_packets
9,腰折山,summit-candidate:d6b806525709cc22,0.85,medium,municipality_incompatible_strong,non_adjacent_municipality,松山市,宇和島市,,pending_review,,,false,false,location_stability_review_packets/gpx_groups/gpx_group_0014_yamap_2022-01-28_12_28.md,summit-candidate:d6b806525709cc22|summit-candidate:36e3ac8003e8b5d0|summit-candidate:40260be41579ab8f,gpx_group_0014|summit_candidate_0241|summit_candidate_0124|summit_candidate_0050|mountain_009,location_stability_review_packets
10,恵良山,summit-candidate:40260be41579ab8f,0.85,medium,adjacent_but_deep_inside,adjacent_municipality,松山市,今治市,,pending_review,,,false,false,location_stability_review_packets/gpx_groups/gpx_group_0014_yamap_2022-01-28_12_28.md,summit-candidate:40260be41579ab8f|summit-candidate:36e3ac8003e8b5d0|summit-candidate:ac7a1ebef52ea30c,gpx_group_0014|summit_candidate_0050|summit_candidate_0124|summit_candidate_0176|mountain_010,location_stability_review_packets
11,皿ヶ森,summit-candidate:59c561a08189d6b9,0.85,medium,municipality_incompatible_strong,non_adjacent_municipality,東温市,内子町,,pending_review,,,false,false,location_stability_review_packets/gpx_groups/gpx_group_0060_yamap_2022-01-29_08_35.md,summit-candidate:59c561a08189d6b9|summit-candidate:7c532ef1be71a4d1|summit-candidate:8e8035372e25eb9d,gpx_group_0060|summit_candidate_0085|summit_candidate_0410|summit_candidate_0438|mountain_011,location_stability_review_packets
12,経座ヶ森,summit-candidate:59c561a08189d6b9,0.67,medium,municipality_incompatible_strong,non_adjacent_municipality,東温市,内子町,,pending_review,,,false,false,location_stability_review_packets/gpx_groups/gpx_group_0060_yamap_2022-01-29_08_35.md,summit-candidate:59c561a08189d6b9|summit-candidate:7c532ef1be71a4d1|summit-candidate:e7ae682a07af2e10,gpx_group_0060|summit_candidate_0085|summit_candidate_0410|summit_candidate_0043|mountain_012,location_stability_review_packets
13,谷上山,summit-candidate:0eff3d1ea2b48d73,0.85,medium,boundary_plausible,adjacent_municipality,伊予市,大洲市,,pending_review,,,false,false,location_stability_review_packets/gpx_groups/gpx_group_0001_yamap_2022-02-06_08_26.md,summit-candidate:0eff3d1ea2b48d73|summit-candidate:2c817617699a0a45|summit-candidate:c94d8d76133fda1a,gpx_group_0001|summit_candidate_0040|summit_candidate_0372|summit_candidate_0423|mountain_013,location_stability_review_packets
14,権現山,summit-candidate:0eff3d1ea2b48d73,0.79,medium,boundary_plausible,adjacent_municipality,伊予市,大洲市,,pending_review,,,false,false,location_stability_review_packets/gpx_groups/gpx_group_0001_yamap_2022-02-06_08_26.md,summit-candidate:0eff3d1ea2b48d73|summit-candidate:2c817617699a0a45|summit-candidate:ea5f711625df386b,gpx_group_0001|summit_candidate_0040|summit_candidate_0372|summit_candidate_0317|mountain_014,location_stability_review_packets
15,白滝山,summit-candidate:ea5f711625df386b,0.75,medium,location_uncertain_keep,candidate_boundary_ambiguous,,大洲市,,pending_review,,,false,false,location_stability_review_packets/gpx_groups/gpx_group_0001_yamap_2022-02-06_08_26.md,summit-candidate:ea5f711625df386b|summit-candidate:0eff3d1ea2b48d73|summit-candidate:2c817617699a0a45,gpx_group_0001|summit_candidate_0317|summit_candidate_0040|summit_candidate_0372|mountain_015,location_stability_review_packets
16,障子山,summit-candidate:a0ef25e9a532b62e,0.68,medium,location_uncertain_keep,candidate_boundary_ambiguous,,内子町,,pending_review,,,false,false,location_stability_review_packets/gpx_groups/gpx_group_0001_yamap_2022-02-06_08_26.md,summit-candidate:a0ef25e9a532b62e|summit-candidate:0eff3d1ea2b48d73|summit-candidate:2c817617699a0a45,gpx_group_0001|summit_candidate_0094|summit_candidate_0040|summit_candidate_0372|mountain_016,location_stability_review_packets
17,伽藍山,summit-candidate:da46e12c02d47edf,0.85,medium,municipality_incompatible_strong,non_adjacent_municipality,伊方町,宇和島市,,pending_review,,,false,false,location_stability_review_packets/gpx_groups/gpx_group_0133_yamap_2022-02-09_10_01.md,summit-candidate:da46e12c02d47edf|summit-candidate:40d5b4863907057a|summit-candidate:f3bf8b21a01f29ef,gpx_group_0133|summit_candidate_0310|summit_candidate_0385|summit_candidate_0249|mountain_017,location_stability_review_packets
18,塩ヶ森,summit-candidate:0c210f0edfbda06f,0.85,medium,municipality_incompatible_strong,non_adjacent_municipality,東温市,西予市,,pending_review,,,false,false,location_stability_review_packets/gpx_groups/gpx_group_0059_yamap_2022-02-11_08_26.md,summit-candidate:0c210f0edfbda06f|summit-candidate:24dc6cf37ce4e715|summit-candidate:a637fbc518f58ac5,gpx_group_0059|summit_candidate_0189|summit_candidate_0047|summit_candidate_0224|mountain_018,location_stability_review_packets
19,番駄ヶ森,summit-candidate:a637fbc518f58ac5,0.85,medium,municipality_incompatible_strong,non_adjacent_municipality,東温市,内子町,,pending_review,,,false,false,location_stability_review_packets/gpx_groups/gpx_group_0059_yamap_2022-02-11_08_26.md,summit-candidate:a637fbc518f58ac5|summit-candidate:24dc6cf37ce4e715|summit-candidate:d4dc6f2bbe1f994f,gpx_group_0059|summit_candidate_0224|summit_candidate_0047|summit_candidate_0424|mountain_019,location_stability_review_packets
20,ケタ山,summit-candidate:24dc6cf37ce4e715,0.79,medium,municipality_incompatible_strong,non_adjacent_municipality,東温市,四国中央市,,pending_review,,,false,false,location_stability_review_packets/gpx_groups/gpx_group_0059_yamap_2022-02-11_08_26.md,summit-candidate:24dc6cf37ce4e715|summit-candidate:d4dc6f2bbe1f994f|summit-candidate:0c210f0edfbda06f,gpx_group_0059|summit_candidate_0047|summit_candidate_0424|summit_candidate_0189|mountain_020,location_stability_review_packets
21,大磨山,summit-candidate:24dc6cf37ce4e715,0.85,medium,municipality_incompatible_strong,non_adjacent_municipality,東温市,四国中央市,,pending_review,,,false,false,location_stability_review_packets/gpx_groups/gpx_group_0059_yamap_2022-02-11_08_26.md,summit-candidate:24dc6cf37ce4e715|summit-candidate:d4dc6f2bbe1f994f|summit-candidate:a637fbc518f58ac5,gpx_group_0059|summit_candidate_0047|summit_candidate_0424|summit_candidate_0224|mountain_021,location_stability_review_packets
22,鍵山（象ヶ森）,summit-candidate:c2491268ea5645b7,0.85,medium,municipality_incompatible_strong,non_adjacent_municipality,東温市,大洲市,,pending_review,,,false,false,location_stability_review_packets/gpx_groups/gpx_group_0059_yamap_2022-02-11_08_26.md,summit-candidate:c2491268ea5645b7|summit-candidate:0c210f0edfbda06f|summit-candidate:24dc6cf37ce4e715,gpx_group_0059|summit_candidate_0302|summit_candidate_0189|summit_candidate_0047|mountain_022,location_stability_review_packets
23,天神山,summit-candidate:543b4550a3ef3e87,0.85,medium,location_strong_match,same_municipality,松山市,松山市,,pending_review,,,false,false,location_stability_review_packets/gpx_groups/gpx_group_0134_yamap_2022-02-15_10_36.md,summit-candidate:543b4550a3ef3e87|summit-candidate:5aff666aa93b3a17|summit-candidate:5e94c87cc5fcc87b,gpx_group_0134|summit_candidate_0203|summit_candidate_0042|summit_candidate_0379|mountain_023,location_stability_review_packets
24,御幸寺山,summit-candidate:e4808690532bb46c,0.85,medium,location_strong_match,same_municipality,松山市,松山市,,pending_review,,,false,false,location_stability_review_packets/gpx_groups/gpx_group_0134_yamap_2022-02-15_10_36.md,summit-candidate:e4808690532bb46c|summit-candidate:543b4550a3ef3e87|summit-candidate:084fa7c9e55252dc,gpx_group_0134|summit_candidate_0362|summit_candidate_0203|summit_candidate_0017|mountain_024,location_stability_review_packets
25,愛宕山,summit-candidate:d9391b001d4bc442,0.85,medium,location_strong_match,same_municipality,松山市,松山市,,pending_review,,,false,false,location_stability_review_packets/gpx_groups/gpx_group_0018_yamap_2022-02-16_11_57.md,summit-candidate:d9391b001d4bc442|summit-candidate:22b4a5a5c856bf4d|summit-candidate:45f49d8fd831427c,gpx_group_0018|summit_candidate_0112|summit_candidate_0383|summit_candidate_0011|mountain_025,location_stability_review_packets
26,常光寺山,summit-candidate:d9391b001d4bc442,0.85,medium,location_strong_match,same_municipality,松山市,松山市,,pending_review,,,false,false,location_stability_review_packets/gpx_groups/gpx_group_0018_yamap_2022-02-16_11_57.md,summit-candidate:d9391b001d4bc442|summit-candidate:22b4a5a5c856bf4d|summit-candidate:8178723bbadb1c72,gpx_group_0018|summit_candidate_0112|summit_candidate_0383|summit_candidate_0134|mountain_026,location_stability_review_packets
27,杉立山,summit-candidate:17c3649ad9b147ce,0.33,low,location_uncertain_keep,candidate_boundary_ambiguous,,大洲市,,pending_review,,,false,false,location_stability_review_packets/gpx_groups/gpx_group_0088_yamap_2026-01-07_07_05.md,summit-candidate:17c3649ad9b147ce|summit-candidate:ce7fc6697696cde7|summit-candidate:a94564816fd4afff,gpx_group_0088|summit_candidate_0045|summit_candidate_0400|summit_candidate_0225|mountain_027,location_stability_review_packets
28,岩柄山,summit-candidate:7d7066baad9d7077,0.5,low,municipality_incompatible_strong,non_adjacent_municipality,松山市,大洲市,,pending_review,,,false,false,location_stability_review_packets/gpx_groups/gpx_group_0065_yamap_2022-03-03_10_47.md,summit-candidate:7d7066baad9d7077|summit-candidate:cb62a56e70cedbce|summit-candidate:32c1cf967ab82dbe,gpx_group_0065|summit_candidate_0090|summit_candidate_0235|summit_candidate_0067|mountain_028,location_stability_review_packets
29,高山,summit-candidate:8ff6361109e5ed5c,0.67,medium,location_strong_match,same_municipality,松山市,松山市,,pending_review,,,false,false,location_stability_review_packets/gpx_groups/gpx_group_0107_yamap_2025-03-20_08_27.md,summit-candidate:8ff6361109e5ed5c|summit-candidate:98457196a66e294d|summit-candidate:c9aa57cdeb1b49fa,gpx_group_0107|summit_candidate_0148|summit_candidate_0218|summit_candidate_0470|mountain_029,location_stability_review_packets
30,勝岡山,summit-candidate:43911aa413390192,0.5,low,municipality_incompatible_strong,non_adjacent_municipality,松山市,大洲市,,pending_review,,,false,false,location_stability_review_packets/gpx_groups/gpx_group_0056_yamap_2022-06-29_08_48.md,summit-candidate:43911aa413390192|summit-candidate:7749b785ef007c1a|summit-candidate:0eff3d1ea2b48d73,gpx_group_0056|summit_candidate_0105|summit_candidate_0169|summit_candidate_0040|mountain_030,location_stability_review_packets
31,西山,summit-candidate:bdfa250c89c1ca90,0.85,medium,location_strong_match,same_municipality,松山市,松山市,,pending_review,,,false,false,location_stability_review_packets/gpx_groups/gpx_group_0004_yamap_2022-02-23_08_42.md,summit-candidate:bdfa250c89c1ca90|summit-candidate:23c112538ef91e0d|summit-candidate:006436491de34784,gpx_group_0004|summit_candidate_0059|summit_candidate_0029|summit_candidate_0013|mountain_031,location_stability_review_packets
32,岩子山,summit-candidate:23c112538ef91e0d,0.79,medium,location_strong_match,same_municipality,松山市,松山市,,pending_review,,,false,false,location_stability_review_packets/gpx_groups/gpx_group_0004_yamap_2022-02-23_08_42.md,summit-candidate:23c112538ef91e0d|summit-candidate:bdfa250c89c1ca90|summit-candidate:45f49d8fd831427c,gpx_group_0004|summit_candidate_0029|summit_candidate_0059|summit_candidate_0011|mountain_032,location_stability_review_packets
33,経ヶ森,summit-candidate:23c112538ef91e0d,0.85,medium,location_strong_match,same_municipality,松山市,松山市,,pending_review,,,false,false,location_stability_review_packets/gpx_groups/gpx_group_0004_yamap_2022-02-23_08_42.md,summit-candidate:23c112538ef91e0d|summit-candidate:bdfa250c89c1ca90|summit-candidate:36e3ac8003e8b5d0,gpx_group_0004|summit_candidate_0029|summit_candidate_0059|summit_candidate_0124|mountain_033,location_stability_review_packets
34,護摩ヶ森,summit-candidate:bdfa250c89c1ca90,0.85,medium,location_strong_match,same_municipality,松山市,松山市,,pending_review,,,false,false,location_stability_review_packets/gpx_groups/gpx_group_0004_yamap_2022-02-23_08_42.md,summit-candidate:bdfa250c89c1ca90|summit-candidate:23c112538ef91e0d|summit-candidate:047b9599ec28c6ad,gpx_group_0004|summit_candidate_0059|summit_candidate_0029|summit_candidate_0120|mountain_034,location_stability_review_packets
35,御岳山,summit-candidate:54cf4155ab259d9d,0.85,medium,location_uncertain_keep,non_adjacent_municipality,東温市,大洲市,,pending_review,,,false,false,location_stability_review_packets/gpx_groups/gpx_group_0043_yamap_2022-02-26_07_43.md,summit-candidate:54cf4155ab259d9d|summit-candidate:80fb4ff56016a4dd|summit-candidate:62d2811f5d1a9f29,gpx_group_0043|summit_candidate_0053|summit_candidate_0436|summit_candidate_0055|mountain_035,location_stability_review_packets
36,石槌山,summit-candidate:54cf4155ab259d9d,0.67,medium,location_uncertain_keep,non_adjacent_municipality,東温市,大洲市,,pending_review,,,false,false,location_stability_review_packets/gpx_groups/gpx_group_0043_yamap_2022-02-26_07_43.md,summit-candidate:54cf4155ab259d9d|summit-candidate:80fb4ff56016a4dd|summit-candidate:8251283605282249,gpx_group_0043|summit_candidate_0053|summit_candidate_0436|summit_candidate_0171|mountain_036,location_stability_review_packets
37,日王山,summit-candidate:2011a6c909945d6f,0.5,low,location_strong_match,same_municipality,松山市,松山市,,pending_review,,,false,false,location_stability_review_packets/gpx_groups/gpx_group_0013_yamap_2026-04-12_11_03.md,summit-candidate:2011a6c909945d6f|summit-candidate:22b4a5a5c856bf4d|summit-candidate:45f49d8fd831427c,gpx_group_0013|summit_candidate_0080|summit_candidate_0383|summit_candidate_0011|mountain_037,location_stability_review_packets
38,重茂山,summit-candidate:fbd725fc8006e2c8,0.67,medium,boundary_plausible,adjacent_municipality,今治市,松山市,,pending_review,,,false,false,location_stability_review_packets/gpx_groups/gpx_group_0062_yamap_2022-02-28_13_13.md,summit-candidate:fbd725fc8006e2c8|summit-candidate:468c5bbccd8aba53|summit-candidate:bcc05b721653749f,gpx_group_0062|summit_candidate_0099|summit_candidate_0118|summit_candidate_0177|mountain_038,location_stability_review_packets
39,花木山,summit-candidate:fbd725fc8006e2c8,0.85,medium,boundary_plausible,adjacent_municipality,今治市,松山市,,pending_review,,,false,false,location_stability_review_packets/gpx_groups/gpx_group_0062_yamap_2022-02-28_13_13.md,summit-candidate:fbd725fc8006e2c8|summit-candidate:02d59cd1260af017|summit-candidate:93b30125fa1dcd57,gpx_group_0062|summit_candidate_0099|summit_candidate_0034|summit_candidate_0216|mountain_039,location_stability_review_packets
40,ヌタノサコ,summit-candidate:7d7066baad9d7077,0.85,medium,municipality_incompatible_strong,non_adjacent_municipality,松山市,大洲市,,pending_review,,,false,false,location_stability_review_packets/gpx_groups/gpx_group_0065_yamap_2022-03-03_10_47.md,summit-candidate:7d7066baad9d7077|summit-candidate:0ec3be2fa2295b82|summit-candidate:ea33d870d4700a56,gpx_group_0065|summit_candidate_0090|summit_candidate_0429|summit_candidate_0316|mountain_040,location_stability_review_packets
41,城山,summit-candidate:c1f175d0616be696,0.85,medium,adjacent_but_deep_inside,adjacent_municipality,砥部町,内子町,,pending_review,,,false,false,location_stability_review_packets/gpx_groups/gpx_group_0108_yamap_2022-03-05_09_44.md,summit-candidate:c1f175d0616be696|summit-candidate:9cc74b44e1289236|summit-candidate:c8607e1f03bb5db1,gpx_group_0108|summit_candidate_0354|summit_candidate_0368|summit_candidate_0369|mountain_041,location_stability_review_packets
42,水梨山,summit-candidate:0a765b89058b256b,0.85,medium,adjacent_but_deep_inside,adjacent_municipality,砥部町,内子町,,pending_review,,,false,false,location_stability_review_packets/gpx_groups/gpx_group_0108_yamap_2022-03-05_09_44.md,summit-candidate:0a765b89058b256b|summit-candidate:07834c521328cc1d|summit-candidate:cf1e11202c4f4280,gpx_group_0108|summit_candidate_0188|summit_candidate_0137|summit_candidate_0449|mountain_042,location_stability_review_packets
43,向山,summit-candidate:07834c521328cc1d,0.79,medium,boundary_plausible,adjacent_municipality,砥部町,内子町,,pending_review,,,false,false,location_stability_review_packets/gpx_groups/gpx_group_0108_yamap_2022-03-05_09_44.md,summit-candidate:07834c521328cc1d|summit-candidate:cf1e11202c4f4280|summit-candidate:0a765b89058b256b,gpx_group_0108|summit_candidate_0137|summit_candidate_0449|summit_candidate_0188|mountain_043,location_stability_review_packets
44,稔山,summit-candidate:622b899de76208ef,0.85,medium,boundary_plausible,adjacent_municipality,東温市,西条市,,pending_review,,,false,false,location_stability_review_packets/gpx_groups/gpx_group_0117_yamap_2022-03-09_10_20.md,summit-candidate:622b899de76208ef|summit-candidate:d1269170b687c5bc|summit-candidate:555fd1e3be8780dd,gpx_group_0117|summit_candidate_0271|summit_candidate_0308|summit_candidate_0204|mountain_044,location_stability_review_packets
45,菊ヶ森,summit-candidate:ab8cf0f07d2a219d,0.85,medium,location_strong_match,same_municipality,松山市,松山市,,pending_review,,,false,false,location_stability_review_packets/gpx_groups/gpx_group_0152_yamap_2022-03-12_08_31.md,summit-candidate:ab8cf0f07d2a219d|summit-candidate:7c680b0eed0187fa|summit-candidate:3259dfe3d9ce60c5,gpx_group_0152|summit_candidate_0175|summit_candidate_0278|summit_candidate_0048|mountain_045,location_stability_review_packets
46,道後山,summit-candidate:7c680b0eed0187fa,0.85,medium,municipality_incompatible_strong,non_adjacent_municipality,松山市,宇和島市,,pending_review,,,false,false,location_stability_review_packets/gpx_groups/gpx_group_0180_yamap_2022-03-12_09_19.md,summit-candidate:7c680b0eed0187fa|summit-candidate:ab8cf0f07d2a219d|summit-candidate:82d3009a6c1b2511,gpx_group_0180|summit_candidate_0278|summit_candidate_0175|summit_candidate_0091|mountain_046,location_stability_review_packets
47,倉谷山,summit-candidate:aba609f471e97e4a,0.79,medium,municipality_incompatible_strong,non_adjacent_municipality,松山市,西予市,,pending_review,,,false,false,location_stability_review_packets/gpx_groups/gpx_group_0022_yamap_2022-03-13_09_49.md,summit-candidate:aba609f471e97e4a|summit-candidate:feca346909b97b92|summit-candidate:079ae30d76fb11c2,gpx_group_0022|summit_candidate_0349|summit_candidate_0478|summit_candidate_0015|mountain_047,location_stability_review_packets
48,芝ヶ峠,summit-candidate:079ae30d76fb11c2,0.85,medium,municipality_incompatible_strong,non_adjacent_municipality,松山市,宇和島市,,pending_review,,,false,false,location_stability_review_packets/gpx_groups/gpx_group_0022_yamap_2022-03-13_09_49.md,summit-candidate:079ae30d76fb11c2|summit-candidate:b9e78d4a587ceaa0|summit-candidate:c284068144ec2cfd,gpx_group_0022|summit_candidate_0015|summit_candidate_0418|summit_candidate_0446|mountain_048,location_stability_review_packets
49,大久保山,summit-candidate:5aff666aa93b3a17,0.85,medium,location_strong_match,same_municipality,松山市,松山市,,pending_review,,,false,false,location_stability_review_packets/gpx_groups/gpx_group_0005_yamap_2022-03-20_07_06.md,summit-candidate:5aff666aa93b3a17|summit-candidate:5e94c87cc5fcc87b|summit-candidate:452c10a1db199870,gpx_group_0005|summit_candidate_0042|summit_candidate_0379|summit_candidate_0006|mountain_049,location_stability_review_packets
50,八里ヶ峠,summit-candidate:5aff666aa93b3a17,0.85,medium,location_strong_match,same_municipality,松山市,松山市,,pending_review,,,false,false,location_stability_review_packets/gpx_groups/gpx_group_0005_yamap_2022-03-20_07_06.md,summit-candidate:5aff666aa93b3a17|summit-candidate:5e94c87cc5fcc87b|summit-candidate:452c10a1db199870,gpx_group_0005|summit_candidate_0042|summit_candidate_0379|summit_candidate_0006|mountain_050,location_stability_review_packets
51,中坂山,summit-candidate:452c10a1db199870,0.79,medium,municipality_incompatible_strong,non_adjacent_municipality,松山市,新居浜市,,pending_review,,,false,false,location_stability_review_packets/gpx_groups/gpx_group_0005_yamap_2022-03-20_07_06.md,summit-candidate:452c10a1db199870|summit-candidate:c2c9094225d1da63|summit-candidate:5aff666aa93b3a17,gpx_group_0005|summit_candidate_0006|summit_candidate_0399|summit_candidate_0042|mountain_051,location_stability_review_packets
52,天神山,summit-candidate:452c10a1db199870,0.79,medium,municipality_incompatible_strong,non_adjacent_municipality,松山市,新居浜市,,pending_review,,,false,false,location_stability_review_packets/gpx_groups/gpx_group_0005_yamap_2022-03-20_07_06.md,summit-candidate:452c10a1db199870|summit-candidate:c2c9094225d1da63|summit-candidate:543b4550a3ef3e87,gpx_group_0005|summit_candidate_0006|summit_candidate_0399|summit_candidate_0203|mountain_052,location_stability_review_packets
53,室岡山,summit-candidate:452c10a1db199870,0.73,medium,municipality_incompatible_strong,non_adjacent_municipality,松山市,新居浜市,,pending_review,,,false,false,location_stability_review_packets/gpx_groups/gpx_group_0005_yamap_2022-03-20_07_06.md,summit-candidate:452c10a1db199870|summit-candidate:c2c9094225d1da63|summit-candidate:5aff666aa93b3a17,gpx_group_0005|summit_candidate_0006|summit_candidate_0399|summit_candidate_0042|mountain_053,location_stability_review_packets
54,潮見山,summit-candidate:3259dfe3d9ce60c5,0.79,medium,location_strong_match,same_municipality,松山市,松山市,,pending_review,,,false,false,location_stability_review_packets/gpx_groups/gpx_group_0017_yamap_2022-03-23_07_38.md,summit-candidate:3259dfe3d9ce60c5|summit-candidate:452c10a1db199870|summit-candidate:c2c9094225d1da63,gpx_group_0017|summit_candidate_0048|summit_candidate_0006|summit_candidate_0399|mountain_054,location_stability_review_packets
55,明神山,summit-candidate:3259dfe3d9ce60c5,0.85,medium,location_strong_match,same_municipality,松山市,松山市,,pending_review,,,false,false,location_stability_review_packets/gpx_groups/gpx_group_0017_yamap_2022-03-23_07_38.md,summit-candidate:3259dfe3d9ce60c5|summit-candidate:45439217573adfc4|summit-candidate:fec0bb942061619b,gpx_group_0017|summit_candidate_0048|summit_candidate_0200|summit_candidate_0252|mountain_055,location_stability_review_packets
56,潮見山,summit-candidate:45439217573adfc4,0.85,medium,municipality_incompatible_strong,non_adjacent_municipality,松山市,宇和島市,,pending_review,,,false,false,location_stability_review_packets/gpx_groups/gpx_group_0017_yamap_2022-03-23_07_38.md,summit-candidate:45439217573adfc4|summit-candidate:5aff666aa93b3a17|summit-candidate:5e94c87cc5fcc87b,gpx_group_0017|summit_candidate_0200|summit_candidate_0042|summit_candidate_0379|mountain_056,location_stability_review_packets
57,十門山(十門城址),summit-candidate:a94564816fd4afff,0.85,medium,municipality_incompatible_strong,non_adjacent_municipality,東温市,内子町,,pending_review,,,false,false,location_stability_review_packets/gpx_groups/gpx_group_0115_yamap_2022-03-25_12_12.md,summit-candidate:a94564816fd4afff|summit-candidate:555fd1e3be8780dd|summit-candidate:07834c521328cc1d,gpx_group_0115|summit_candidate_0225|summit_candidate_0204|summit_candidate_0137|mountain_057,location_stability_review_packets
58,ヨソ山,summit-candidate:555fd1e3be8780dd,0.63,medium,adjacent_but_deep_inside,adjacent_municipality,東温市,西条市,,pending_review,,,false,false,location_stability_review_packets/gpx_groups/gpx_group_0115_yamap_2022-03-25_12_12.md,summit-candidate:555fd1e3be8780dd|summit-candidate:7c532ef1be71a4d1|summit-candidate:59c561a08189d6b9,gpx_group_0115|summit_candidate_0204|summit_candidate_0410|summit_candidate_0085|mountain_058,location_stability_review_packets
59,忽那山,summit-candidate:daa8d4127fc92552,0.85,medium,location_strong_match,same_municipality,松山市,松山市,,pending_review,,,false,false,location_stability_review_packets/gpx_groups/gpx_group_0234_yamap_2022-04-06_09_25.md,summit-candidate:daa8d4127fc92552|summit-candidate:5f001ac124f82ef6|summit-candidate:bf2b3499e08da2df,gpx_group_0234|summit_candidate_0311|summit_candidate_0030|summit_candidate_0152|mountain_059,location_stability_review_packets
60,鬼ヶ城山,summit-candidate:7ceb76663c2bb81b,0.85,medium,adjacent_but_deep_inside,adjacent_municipality,宇和島市,西予市,,pending_review,,,false,false,location_stability_review_packets/gpx_groups/gpx_group_0048_yamap_2022-04-08_09_33.md,summit-candidate:7ceb76663c2bb81b|summit-candidate:27c1036d4aa2230e|summit-candidate:91ebf1d99654d5b2,gpx_group_0048|summit_candidate_0089|summit_candidate_0123|summit_candidate_0414|mountain_060,location_stability_review_packets
61,三本杭,summit-candidate:babbcdf7bbd23463,0.85,medium,location_uncertain_keep,non_adjacent_municipality,宇和島市,内子町,,pending_review,,,false,false,location_stability_review_packets/gpx_groups/gpx_group_0048_yamap_2022-04-08_09_33.md,summit-candidate:babbcdf7bbd23463|summit-candidate:27c1036d4aa2230e|summit-candidate:40068653b28bad40,gpx_group_0048|summit_candidate_0299|summit_candidate_0123|summit_candidate_0265|mountain_061,location_stability_review_packets
62,八面山,summit-candidate:27c1036d4aa2230e,0.85,medium,boundary_plausible,adjacent_municipality,宇和島市,西予市,,pending_review,,,false,false,location_stability_review_packets/gpx_groups/gpx_group_0048_yamap_2022-04-08_09_33.md,summit-candidate:27c1036d4aa2230e|summit-candidate:91ebf1d99654d5b2|summit-candidate:7ceb76663c2bb81b,gpx_group_0048|summit_candidate_0123|summit_candidate_0414|summit_candidate_0089|mountain_062,location_stability_review_packets
63,大久保山,summit-candidate:7ceb76663c2bb81b,0.85,medium,adjacent_but_deep_inside,adjacent_municipality,宇和島市,西予市,,pending_review,,,false,false,location_stability_review_packets/gpx_groups/gpx_group_0048_yamap_2022-04-08_09_33.md,summit-candidate:7ceb76663c2bb81b|summit-candidate:91ebf1d99654d5b2|summit-candidate:27c1036d4aa2230e,gpx_group_0048|summit_candidate_0089|summit_candidate_0414|summit_candidate_0123|mountain_063,location_stability_review_packets
64,大月山,summit-candidate:9a68e7a3a97831ff,0.85,medium,municipality_incompatible_strong,non_adjacent_municipality,松山市,新居浜市,,pending_review,,,false,false,location_stability_review_packets/gpx_groups/gpx_group_0118_yamap_2022-04-09_14_44.md,summit-candidate:9a68e7a3a97831ff|summit-candidate:6ba0d3c6b0fb6b96|summit-candidate:0ff024bf702c13bb,gpx_group_0118|summit_candidate_0287|summit_candidate_0209|summit_candidate_0012|mountain_064,location_stability_review_packets
65,引地山,summit-candidate:7a1f0e8b5f9e5cc2,0.55,low,location_uncertain_keep,non_adjacent_municipality,久万高原町,四国中央市,,pending_review,,,false,false,location_stability_review_packets/gpx_groups/gpx_group_0101_yamap_2022-04-15_11_52.md,summit-candidate:7a1f0e8b5f9e5cc2|summit-candidate:b06e13a9483478e5|summit-candidate:851dc9683d2d7442,gpx_group_0101|summit_candidate_0110|summit_candidate_0443|summit_candidate_0437|mountain_065,location_stability_review_packets
66,東三方ヶ森,summit-candidate:d06b9d5365beffaa,0.75,medium,location_uncertain_keep,candidate_boundary_ambiguous,,内子町,,pending_review,,,false,false,location_stability_review_packets/gpx_groups/gpx_group_0127_yamap_2022-04-16_07_39.md,summit-candidate:d06b9d5365beffaa|summit-candidate:8e8035372e25eb9d|summit-candidate:77bb5774f7fa012e,gpx_group_0127|summit_candidate_0359|summit_candidate_0438|summit_candidate_0461|mountain_066,location_stability_review_packets
67,甲が森,summit-candidate:50d68ea03af3c4ff,0.85,medium,adjacent_but_deep_inside,adjacent_municipality,西予市,大洲市,,pending_review,,,false,false,location_stability_review_packets/gpx_groups/gpx_group_0181_yamap_2022-04-22_11_13.md,summit-candidate:50d68ea03af3c4ff|summit-candidate:6198ad7009d86ec2|summit-candidate:da65a16f23740e83,gpx_group_0181|summit_candidate_0142|summit_candidate_0126|summit_candidate_0242|mountain_067,location_stability_review_packets
68,三滝山,summit-candidate:da65a16f23740e83,0.85,medium,municipality_incompatible_strong,non_adjacent_municipality,西予市,四国中央市,,pending_review,,,false,false,location_stability_review_packets/gpx_groups/gpx_group_0207_yamap_2022-04-22_12_22.md,summit-candidate:da65a16f23740e83|summit-candidate:50d68ea03af3c4ff|summit-candidate:6198ad7009d86ec2,gpx_group_0207|summit_candidate_0242|summit_candidate_0142|summit_candidate_0126|mountain_068,location_stability_review_packets
69,雨包山,summit-candidate:6198ad7009d86ec2,0.85,medium,location_uncertain_keep,non_adjacent_municipality,西予市,西条市,,pending_review,,,false,false,location_stability_review_packets/gpx_groups/gpx_group_0235_yamap_2022-04-22_14_13.md,summit-candidate:6198ad7009d86ec2|summit-candidate:50d68ea03af3c4ff|summit-candidate:da65a16f23740e83,gpx_group_0235|summit_candidate_0126|summit_candidate_0142|summit_candidate_0242|mountain_069,location_stability_review_packets
70,源氏ヶ駄場（薊野峰）,summit-candidate:e85b9bd32eb5e6f1,0.79,medium,location_uncertain_keep,non_adjacent_municipality,西予市,西条市,,pending_review,,,false,false,location_stability_review_packets/gpx_groups/gpx_group_0236_yamap_2022-04-22_16_48.md,summit-candidate:e85b9bd32eb5e6f1|summit-candidate:50d68ea03af3c4ff|summit-candidate:6198ad7009d86ec2,gpx_group_0236|summit_candidate_0364|summit_candidate_0142|summit_candidate_0126|mountain_070,location_stability_review_packets
71,碁石ヶ森,summit-candidate:ee9d736a090185dd,0.85,medium,location_strong_match,same_municipality,西予市,西予市,,pending_review,,,false,false,location_stability_review_packets/gpx_groups/gpx_group_0067_yamap_2022-04-22_17_29.md,summit-candidate:ee9d736a090185dd|summit-candidate:50d68ea03af3c4ff|summit-candidate:6198ad7009d86ec2,gpx_group_0067|summit_candidate_0114|summit_candidate_0142|summit_candidate_0126|mountain_071,location_stability_review_packets
72,伊之子山,summit-candidate:15c71a530dcecd2e,0.58,low,location_uncertain_keep,non_adjacent_municipality,松山市,新居浜市,,pending_review,,,false,false,location_stability_review_packets/gpx_groups/gpx_group_0121_yamap_2022-04-25_11_35.md,summit-candidate:15c71a530dcecd2e|summit-candidate:e793f83b8a4fd86f|summit-candidate:b1d864fd1fcc9dcb,gpx_group_0121|summit_candidate_0255|summit_candidate_0452|summit_candidate_0295|mountain_072,location_stability_review_packets
73,御在所山,summit-candidate:61f36127d879648f,0.75,medium,location_uncertain_keep,candidate_boundary_ambiguous,,西条市,,pending_review,,,false,false,location_stability_review_packets/gpx_groups/gpx_group_0241_yamap_2022-04-27_10_31.md,summit-candidate:61f36127d879648f|summit-candidate:17c3649ad9b147ce|summit-candidate:a271a6c73ad11b69,gpx_group_0241|summit_candidate_0270|summit_candidate_0045|summit_candidate_0222|mountain_073,location_stability_review_packets
74,岩黒山,summit-candidate:591204fdc01b55b6,0.75,medium,location_uncertain_keep,candidate_boundary_ambiguous,,内子町,,pending_review,,,false,false,location_stability_review_packets/gpx_groups/gpx_group_0099_yamap_2022-04-30_08_30.md,summit-candidate:591204fdc01b55b6|summit-candidate:71b10e23075edf20|summit-candidate:d13554ef3debca9d,gpx_group_0099|summit_candidate_0268|summit_candidate_0056|summit_candidate_0380|mountain_074,location_stability_review_packets
75,筒上山,summit-candidate:71b10e23075edf20,0.85,medium,boundary_plausible,adjacent_municipality,久万高原町,内子町,,pending_review,,,false,false,location_stability_review_packets/gpx_groups/gpx_group_0099_yamap_2022-04-30_08_30.md,summit-candidate:71b10e23075edf20|summit-candidate:d13554ef3debca9d|summit-candidate:591204fdc01b55b6,gpx_group_0099|summit_candidate_0056|summit_candidate_0380|summit_candidate_0268|mountain_075,location_stability_review_packets
76,手箱山,summit-candidate:43f9d4fa36aabb79,0.68,medium,location_uncertain_keep,candidate_outside_prefecture,,内子町,,pending_review,,,false,false,location_stability_review_packets/gpx_groups/gpx_group_0099_yamap_2022-04-30_08_30.md,summit-candidate:43f9d4fa36aabb79|summit-candidate:71b10e23075edf20|summit-candidate:d13554ef3debca9d,gpx_group_0099|summit_candidate_0333|summit_candidate_0056|summit_candidate_0380|mountain_076,location_stability_review_packets
77,大川嶺,summit-candidate:1ebd63d8e2790409,0.85,medium,boundary_plausible,adjacent_municipality,久万高原町,西条市,,pending_review,,,false,false,location_stability_review_packets/gpx_groups/gpx_group_0102_yamap_2022-05-02_09_06.md,summit-candidate:1ebd63d8e2790409|summit-candidate:33637f0e3b5b1405|summit-candidate:22e40e9eb117a033,gpx_group_0102|summit_candidate_0019|summit_candidate_0406|summit_candidate_0259|mountain_077,location_stability_review_packets
78,笠取山,summit-candidate:1ebd63d8e2790409,0.79,medium,boundary_plausible,adjacent_municipality,久万高原町,西条市,,pending_review,,,false,false,location_stability_review_packets/gpx_groups/gpx_group_0102_yamap_2022-05-02_09_06.md,summit-candidate:1ebd63d8e2790409|summit-candidate:33637f0e3b5b1405|summit-candidate:5ec5a611be375a53,gpx_group_0102|summit_candidate_0019|summit_candidate_0406|summit_candidate_0207|mountain_078,location_stability_review_packets
79,ウバホド山,summit-candidate:1ebd63d8e2790409,0.67,medium,boundary_plausible,adjacent_municipality,久万高原町,西条市,,pending_review,,,false,false,location_stability_review_packets/gpx_groups/gpx_group_0102_yamap_2022-05-02_09_06.md,summit-candidate:1ebd63d8e2790409|summit-candidate:33637f0e3b5b1405|summit-candidate:3f404ba3e31c8b54,gpx_group_0102|summit_candidate_0019|summit_candidate_0406|summit_candidate_0384|mountain_079,location_stability_review_packets
80,うなめご,summit-candidate:ea6bebee79234da7,0.73,medium,location_uncertain_keep,non_adjacent_municipality,久万高原町,四国中央市,,pending_review,,,false,false,location_stability_review_packets/gpx_groups/gpx_group_0061_yamap_2022-05-05_13_29.md,summit-candidate:ea6bebee79234da7|summit-candidate:e7e4429a39f6359f|summit-candidate:e084389cc60ad329,gpx_group_0061|summit_candidate_0156|summit_candidate_0181|summit_candidate_0074|mountain_080,location_stability_review_packets
81,前々司山,summit-candidate:e7e4429a39f6359f,0.75,medium,location_uncertain_keep,candidate_boundary_ambiguous,,内子町,,pending_review,,,false,false,location_stability_review_packets/gpx_groups/gpx_group_0061_yamap_2022-05-05_13_29.md,summit-candidate:e7e4429a39f6359f|summit-candidate:ea6bebee79234da7|summit-candidate:e084389cc60ad329,gpx_group_0061|summit_candidate_0181|summit_candidate_0156|summit_candidate_0074|mountain_081,location_stability_review_packets
82,陣ヶ森,summit-candidate:e084389cc60ad329,0.73,medium,boundary_plausible,adjacent_municipality,久万高原町,西予市,,pending_review,,,false,false,location_stability_review_packets/gpx_groups/gpx_group_0061_yamap_2022-05-05_13_29.md,summit-candidate:e084389cc60ad329|summit-candidate:e7e4429a39f6359f|summit-candidate:ea6bebee79234da7,gpx_group_0061|summit_candidate_0074|summit_candidate_0181|summit_candidate_0156|mountain_082,location_stability_review_packets
83,寒川山,summit-candidate:2f7dbee4c5bde53e,0.67,medium,municipality_incompatible_strong,non_adjacent_municipality,四国中央市,内子町,,pending_review,,,false,false,location_stability_review_packets/gpx_groups/gpx_group_0070_yamap_2022-05-07_07_14.md,summit-candidate:2f7dbee4c5bde53e|summit-candidate:db51ae1b2be57eea|summit-candidate:eaabf45a5163fb65,gpx_group_0070|summit_candidate_0003|summit_candidate_0121|summit_candidate_0370|mountain_083,location_stability_review_packets
84,豊受山,summit-candidate:2f7dbee4c5bde53e,0.85,medium,municipality_incompatible_strong,non_adjacent_municipality,四国中央市,内子町,,pending_review,,,false,false,location_stability_review_packets/gpx_groups/gpx_group_0070_yamap_2022-05-07_07_14.md,summit-candidate:2f7dbee4c5bde53e|summit-candidate:eaabf45a5163fb65|summit-candidate:db51ae1b2be57eea,gpx_group_0070|summit_candidate_0003|summit_candidate_0370|summit_candidate_0121|mountain_084,location_stability_review_packets
85,赤星山,summit-candidate:db51ae1b2be57eea,0.85,medium,location_strong_match,same_municipality,四国中央市,四国中央市,,pending_review,,,false,false,location_stability_review_packets/gpx_groups/gpx_group_0070_yamap_2022-05-07_07_14.md,summit-candidate:db51ae1b2be57eea|summit-candidate:2f7dbee4c5bde53e|summit-candidate:eaabf45a5163fb65,gpx_group_0070|summit_candidate_0121|summit_candidate_0003|summit_candidate_0370|mountain_085,location_stability_review_packets
86,七々木山,summit-candidate:2f7dbee4c5bde53e,0.67,medium,municipality_incompatible_strong,non_adjacent_municipality,四国中央市,内子町,,pending_review,,,false,false,location_stability_review_packets/gpx_groups/gpx_group_0070_yamap_2022-05-07_07_14.md,summit-candidate:2f7dbee4c5bde53e|summit-candidate:db51ae1b2be57eea|summit-candidate:eaabf45a5163fb65,gpx_group_0070|summit_candidate_0003|summit_candidate_0121|summit_candidate_0370|mountain_086,location_stability_review_packets
87,鋸山,summit-candidate:2f7dbee4c5bde53e,0.67,medium,municipality_incompatible_strong,non_adjacent_municipality,四国中央市,内子町,,pending_review,,,false,false,location_stability_review_packets/gpx_groups/gpx_group_0070_yamap_2022-05-07_07_14.md,summit-candidate:2f7dbee4c5bde53e|summit-candidate:db51ae1b2be57eea|summit-candidate:eaabf45a5163fb65,gpx_group_0070|summit_candidate_0003|summit_candidate_0121|summit_candidate_0370|mountain_087,location_stability_review_packets
88,翠波峰,summit-candidate:2f7dbee4c5bde53e,0.67,medium,municipality_incompatible_strong,non_adjacent_municipality,四国中央市,内子町,,pending_review,,,false,false,location_stability_review_packets/gpx_groups/gpx_group_0070_yamap_2022-05-07_07_14.md,summit-candidate:2f7dbee4c5bde53e|summit-candidate:db51ae1b2be57eea|summit-candidate:eaabf45a5163fb65,gpx_group_0070|summit_candidate_0003|summit_candidate_0121|summit_candidate_0370|mountain_088,location_stability_review_packets
89,平石山,summit-candidate:2f7dbee4c5bde53e,0.67,medium,municipality_incompatible_strong,non_adjacent_municipality,四国中央市,内子町,,pending_review,,,false,false,location_stability_review_packets/gpx_groups/gpx_group_0070_yamap_2022-05-07_07_14.md,summit-candidate:2f7dbee4c5bde53e|summit-candidate:db51ae1b2be57eea|summit-candidate:eaabf45a5163fb65,gpx_group_0070|summit_candidate_0003|summit_candidate_0121|summit_candidate_0370|mountain_089,location_stability_review_packets
90,割石東山,summit-candidate:4b33f9c73e644793,0.85,medium,location_uncertain_keep,non_adjacent_municipality,久万高原町,四国中央市,,pending_review,,,false,false,location_stability_review_packets/gpx_groups/gpx_group_0123_yamap_2022-05-15_06_10.md,summit-candidate:4b33f9c73e644793|summit-candidate:57e8c6cb102c9500|summit-candidate:bb644412fd9a132c,gpx_group_0123|summit_candidate_0132|summit_candidate_0389|summit_candidate_0231|mountain_090,location_stability_review_packets
91,青滝山,summit-candidate:242762a3c600ff91,0.75,medium,location_uncertain_keep,candidate_boundary_ambiguous,,四国中央市,,pending_review,,,false,false,location_stability_review_packets/gpx_groups/gpx_group_0123_yamap_2022-05-15_06_10.md,summit-candidate:242762a3c600ff91|summit-candidate:4b33f9c73e644793|summit-candidate:57e8c6cb102c9500,gpx_group_0123|summit_candidate_0162|summit_candidate_0132|summit_candidate_0389|mountain_091,location_stability_review_packets
92,堂ヶ森,summit-candidate:bb644412fd9a132c,0.85,medium,location_uncertain_keep,non_adjacent_municipality,久万高原町,大洲市,,pending_review,,,false,false,location_stability_review_packets/gpx_groups/gpx_group_0123_yamap_2022-05-15_06_10.md,summit-candidate:bb644412fd9a132c|summit-candidate:4b33f9c73e644793|summit-candidate:57e8c6cb102c9500,gpx_group_0123|summit_candidate_0231|summit_candidate_0132|summit_candidate_0389|mountain_092,location_stability_review_packets
93,南尖峰,summit-candidate:3b98b67bbe0fe0f9,0.68,medium,location_uncertain_keep,candidate_boundary_ambiguous,,久万高原町,,pending_review,,,false,false,location_stability_review_packets/gpx_groups/gpx_group_0106_yamap_2022-05-22_08_09.md,summit-candidate:3b98b67bbe0fe0f9|summit-candidate:19713e48698f3e2a|summit-candidate:88555c5557efeb46,gpx_group_0106|summit_candidate_0082|summit_candidate_0161|summit_candidate_0413|mountain_093,location_stability_review_packets
94,自念子ノ頭,summit-candidate:6b5100f449c22108,0.78,medium,location_strong_match,same_municipality,西条市,西条市,,pending_review,,,false,false,location_stability_review_packets/gpx_groups/gpx_group_0258_yamap_2022-05-25_09_48.md,summit-candidate:6b5100f449c22108|summit-candidate:7a5ca8d918f43720|summit-candidate:40e090ce41a89b55,gpx_group_0258|summit_candidate_0338|summit_candidate_0391|summit_candidate_0051|mountain_094,location_stability_review_packets
95,勝山,summit-candidate:91cacd7deced8470,0.85,medium,location_strong_match,same_municipality,松山市,松山市,,pending_review,,,false,false,location_stability_review_packets/gpx_groups/gpx_group_0139_yamap_2022-06-04_14_13.md,summit-candidate:91cacd7deced8470|summit-candidate:2b833dfb6f3f84c1|summit-candidate:12f30719aca26806,gpx_group_0139|summit_candidate_0282|summit_candidate_0066|summit_candidate_0376|mountain_095,location_stability_review_packets
96,姫草,summit-candidate:dc456a72b89d4d52,0.75,medium,location_uncertain_keep,candidate_boundary_ambiguous,,内子町,,pending_review,,,false,false,location_stability_review_packets/gpx_groups/gpx_group_0261_yamap_2022-06-16_16_00.md,summit-candidate:dc456a72b89d4d52|summit-candidate:c7ff156edb321d12|summit-candidate:0cc9c1186612ceaa,gpx_group_0261|summit_candidate_0313|summit_candidate_0305|summit_candidate_0403|mountain_096,location_stability_review_packets
97,牛城,summit-candidate:c7ff156edb321d12,0.68,medium,location_uncertain_keep,candidate_outside_prefecture,,四国中央市,,pending_review,,,false,false,location_stability_review_packets/gpx_groups/gpx_group_0237_yamap_2022-06-16_16_25.md,summit-candidate:c7ff156edb321d12|summit-candidate:dc456a72b89d4d52|summit-candidate:1c085703f9a891aa,gpx_group_0237|summit_candidate_0305|summit_candidate_0313|summit_candidate_0130|mountain_097,location_stability_review_packets
98,積善山,summit-candidate:76a5e492c9dcf980,0.68,medium,municipality_incompatible_strong,non_adjacent_municipality,上島町,内子町,,pending_review,,,false,false,location_stability_review_packets/gpx_groups/gpx_group_0168_yamap_2022-06-18_11_15.md,summit-candidate:76a5e492c9dcf980|summit-candidate:50aa5073a99759cf|summit-candidate:c4169cdcaf61f31a,gpx_group_0168|summit_candidate_0211|summit_candidate_0084|summit_candidate_0421|mountain_098,location_stability_review_packets
99,鉢巻山,summit-candidate:50aa5073a99759cf,0.68,medium,location_uncertain_keep,non_adjacent_municipality,上島町,松山市,,pending_review,,,false,false,location_stability_review_packets/gpx_groups/gpx_group_0015_yamap_2022-06-18_14_26.md,summit-candidate:50aa5073a99759cf|summit-candidate:c4169cdcaf61f31a|summit-candidate:76a5e492c9dcf980,gpx_group_0015|summit_candidate_0084|summit_candidate_0421|summit_candidate_0211|mountain_099,location_stability_review_packets
100,立石山,summit-candidate:50aa5073a99759cf,0.68,medium,location_uncertain_keep,non_adjacent_municipality,上島町,松山市,,pending_review,,,false,false,location_stability_review_packets/gpx_groups/gpx_group_0015_yamap_2022-06-18_14_26.md,summit-candidate:50aa5073a99759cf|summit-candidate:c4169cdcaf61f31a|summit-candidate:76a5e492c9dcf980,gpx_group_0015|summit_candidate_0084|summit_candidate_0421|summit_candidate_0211|mountain_100,location_stability_review_packets
101,鷲ヶ頭山,summit-candidate:159deb385560c198,0.68,medium,municipality_incompatible_strong,non_adjacent_municipality,今治市,大洲市,,pending_review,,,false,false,location_stability_review_packets/gpx_groups/gpx_group_0036_yamap_2022-06-20_12_02.md,summit-candidate:159deb385560c198|summit-candidate:a92a94d8b5e0fb90|summit-candidate:54cf4155ab259d9d,gpx_group_0036|summit_candidate_0100|summit_candidate_0417|summit_candidate_0053|mountain_101,location_stability_review_packets
102,安神山,summit-candidate:159deb385560c198,0.5,low,municipality_incompatible_strong,non_adjacent_municipality,今治市,大洲市,,pending_review,,,false,false,location_stability_review_packets/gpx_groups/gpx_group_0036_yamap_2022-06-20_12_02.md,summit-candidate:159deb385560c198|summit-candidate:a92a94d8b5e0fb90|summit-candidate:0022a746b396d4c7,gpx_group_0036|summit_candidate_0100|summit_candidate_0417|summit_candidate_0375|mountain_102,location_stability_review_packets
103,篠山,summit-candidate:c8a7a1f1d1dad353,0.75,medium,location_uncertain_keep,candidate_outside_prefecture,,鬼北町,,pending_review,,,false,false,location_stability_review_packets/gpx_groups/gpx_group_0256_yamap_2022-06-23_13_59.md,summit-candidate:c8a7a1f1d1dad353|summit-candidate:cdd4a9ba931c816e|summit-candidate:314bd84876bc3fc3,gpx_group_0256|summit_candidate_0356|summit_candidate_0306|summit_candidate_0196|mountain_103,location_stability_review_packets
104,横山(横山城址),summit-candidate:43911aa413390192,0.85,medium,municipality_incompatible_strong,non_adjacent_municipality,松山市,大洲市,,pending_review,,,false,false,location_stability_review_packets/gpx_groups/gpx_group_0056_yamap_2022-06-29_08_48.md,summit-candidate:43911aa413390192|summit-candidate:7749b785ef007c1a|summit-candidate:0eff3d1ea2b48d73,gpx_group_0056|summit_candidate_0105|summit_candidate_0169|summit_candidate_0040|mountain_104,location_stability_review_packets
105,鞍瀬ノ頭,summit-candidate:846b096132c533d6,0.68,medium,location_uncertain_keep,candidate_boundary_ambiguous,,西条市,,pending_review,,,false,false,location_stability_review_packets/gpx_groups/gpx_group_0100_yamap_2022-07-02_07_43.md,summit-candidate:846b096132c533d6|summit-candidate:fe43b0b6aa90cb8f|summit-candidate:bca203164e26ce6a,gpx_group_0100|summit_candidate_0022|summit_candidate_0136|summit_candidate_0419|mountain_105,location_stability_review_packets
106,二ノ森,summit-candidate:fe43b0b6aa90cb8f,0.73,medium,boundary_plausible,adjacent_municipality,西条市,久万高原町,,pending_review,,,false,false,location_stability_review_packets/gpx_groups/gpx_group_0100_yamap_2022-07-02_07_43.md,summit-candidate:fe43b0b6aa90cb8f|summit-candidate:bca203164e26ce6a|summit-candidate:846b096132c533d6,gpx_group_0100|summit_candidate_0136|summit_candidate_0419|summit_candidate_0022|mountain_106,location_stability_review_packets
107,面河の頭,summit-candidate:846b096132c533d6,0.62,medium,location_uncertain_keep,candidate_boundary_ambiguous,,西条市,,pending_review,,,false,false,location_stability_review_packets/gpx_groups/gpx_group_0100_yamap_2022-07-02_07_43.md,summit-candidate:846b096132c533d6|summit-candidate:fe43b0b6aa90cb8f|summit-candidate:71b10e23075edf20,gpx_group_0100|summit_candidate_0022|summit_candidate_0136|summit_candidate_0056|mountain_107,location_stability_review_packets
108,西ノ冠岳,summit-candidate:846b096132c533d6,0.62,medium,location_uncertain_keep,candidate_boundary_ambiguous,,西条市,,pending_review,,,false,false,location_stability_review_packets/gpx_groups/gpx_group_0100_yamap_2022-07-02_07_43.md,summit-candidate:846b096132c533d6|summit-candidate:fe43b0b6aa90cb8f|summit-candidate:b73a23fa4b3abc39,gpx_group_0100|summit_candidate_0022|summit_candidate_0136|summit_candidate_0096|mountain_108,location_stability_review_packets
109,西黒森,summit-candidate:db28fcca36deb720,0.61,low,location_strong_match,same_municipality,西条市,西条市,,pending_review,,,false,false,location_stability_review_packets/gpx_groups/gpx_group_0120_yamap_2022-07-10_07_25.md,summit-candidate:db28fcca36deb720|summit-candidate:b87c90ebd1eb0d06|summit-candidate:f09a1f754bcb761e,gpx_group_0120|summit_candidate_0312|summit_candidate_0025|summit_candidate_0475|mountain_109,location_stability_review_packets
110,小富士,summit-candidate:75832271d4e4d0ba,0.68,medium,location_uncertain_keep,non_adjacent_municipality,松山市,宇和島市,,pending_review,,,false,false,location_stability_review_packets/gpx_groups/gpx_group_0023_yamap_2022-07-14_09_57.md,summit-candidate:75832271d4e4d0ba|summit-candidate:079ae30d76fb11c2|summit-candidate:830c63408bf56cc5,gpx_group_0023|summit_candidate_0108|summit_candidate_0015|summit_candidate_0374|mountain_110,location_stability_review_packets
111,龍石山,summit-candidate:75832271d4e4d0ba,0.5,low,location_uncertain_keep,non_adjacent_municipality,松山市,宇和島市,,pending_review,,,false,false,location_stability_review_packets/gpx_groups/gpx_group_0023_yamap_2022-07-14_09_57.md,summit-candidate:75832271d4e4d0ba|summit-candidate:5f001ac124f82ef6|summit-candidate:40d5b4863907057a,gpx_group_0023|summit_candidate_0108|summit_candidate_0030|summit_candidate_0385|mountain_111,location_stability_review_packets
112,子持山,summit-candidate:93b30125fa1dcd57,0.5,low,location_uncertain_keep,non_adjacent_municipality,松山市,四国中央市,,pending_review,,,false,false,location_stability_review_packets/gpx_groups/gpx_group_0222_yamap_2022-07-21_10_02.md,summit-candidate:93b30125fa1dcd57|summit-candidate:101c1b0635c0bec0|summit-candidate:8178723bbadb1c72,gpx_group_0222|summit_candidate_0216|summit_candidate_0002|summit_candidate_0134|mountain_112,location_stability_review_packets
113,大峰ヶ台,summit-candidate:8de328f982753d58,0.79,medium,location_strong_match,same_municipality,松山市,松山市,,pending_review,,,false,false,location_stability_review_packets/gpx_groups/gpx_group_0161_yamap_2022-08-21_15_44.md,summit-candidate:8de328f982753d58|summit-candidate:ab8cf0f07d2a219d|summit-candidate:084fa7c9e55252dc,gpx_group_0161|summit_candidate_0344|summit_candidate_0175|summit_candidate_0017|mountain_113,location_stability_review_packets
114,世田山,summit-candidate:8f25ad4ff380df77,0.85,medium,municipality_incompatible_strong,non_adjacent_municipality,今治市,久万高原町,,pending_review,,,false,false,location_stability_review_packets/gpx_groups/gpx_group_0042_yamap_2026-03-06_09_00.md,summit-candidate:8f25ad4ff380df77|summit-candidate:9d5a3bd31bedfeda|summit-candidate:d0f2d4ee46a862c3,gpx_group_0042|summit_candidate_0092|summit_candidate_0093|summit_candidate_0450|mountain_114,location_stability_review_packets
115,笠松山,summit-candidate:9d5a3bd31bedfeda,0.85,medium,location_uncertain_keep,non_adjacent_municipality,今治市,久万高原町,,pending_review,,,false,false,location_stability_review_packets/gpx_groups/gpx_group_0032_yamap_2022-08-26_08_45.md,summit-candidate:9d5a3bd31bedfeda|summit-candidate:d0f2d4ee46a862c3|summit-candidate:8f25ad4ff380df77,gpx_group_0032|summit_candidate_0093|summit_candidate_0450|summit_candidate_0092|mountain_115,location_stability_review_packets
116,北三方ヶ森,summit-candidate:80368eea9aabeb96,0.62,medium,location_uncertain_keep,candidate_boundary_ambiguous,,西条市,,pending_review,,,false,false,location_stability_review_packets/gpx_groups/gpx_group_0177_yamap_2022-08-27_06_05.md,summit-candidate:80368eea9aabeb96|summit-candidate:3111fcf6a23addd2|summit-candidate:6ba0d3c6b0fb6b96,gpx_group_0177|summit_candidate_0279|summit_candidate_0430|summit_candidate_0209|mountain_116,location_stability_review_packets
117,大友山,summit-candidate:2b56d4ad77a0c4b7,0.75,medium,location_uncertain_keep,candidate_boundary_ambiguous,,西予市,,pending_review,,,false,false,location_stability_review_packets/gpx_groups/gpx_group_0130_yamap_2022-09-04_12_08.md,summit-candidate:2b56d4ad77a0c4b7|summit-candidate:9b4175d2d4104530|summit-candidate:4fec4dd128e55ab0,gpx_group_0130|summit_candidate_0261|summit_candidate_0465|summit_candidate_0387|mountain_117,location_stability_review_packets
118,湯築山,summit-candidate:452c10a1db199870,0.5,low,municipality_incompatible_strong,non_adjacent_municipality,松山市,新居浜市,,pending_review,,,false,false,location_stability_review_packets/gpx_groups/gpx_group_0005_yamap_2022-03-20_07_06.md,summit-candidate:452c10a1db199870|summit-candidate:5c9365b2a5a9c97f|summit-candidate:93b30125fa1dcd57,gpx_group_0005|summit_candidate_0006|summit_candidate_0009|summit_candidate_0216|mountain_118,location_stability_review_packets
119,寒風山,summit-candidate:23eea13de5db5c9f,0.68,medium,location_uncertain_keep,candidate_boundary_ambiguous,,西条市,,pending_review,,,false,false,location_stability_review_packets/gpx_groups/gpx_group_0185_yamap_2022-09-09_06_58.md,summit-candidate:23eea13de5db5c9f|summit-candidate:9a59c4b620ba3792|summit-candidate:7213c478833fd90f,gpx_group_0185|summit_candidate_0328|summit_candidate_0416|summit_candidate_0459|mountain_119,location_stability_review_packets
120,ちち山,summit-candidate:b87c90ebd1eb0d06,0.85,medium,location_strong_match,same_municipality,西条市,西条市,,pending_review,,,false,false,location_stability_review_packets/gpx_groups/gpx_group_0103_yamap_2026-05-06_07_28.md,summit-candidate:b87c90ebd1eb0d06|summit-candidate:453327d51d16e202|summit-candidate:9a59c4b620ba3792,gpx_group_0103|summit_candidate_0025|summit_candidate_0407|summit_candidate_0416|mountain_120,location_stability_review_packets
121,笹ヶ峰,summit-candidate:b87c90ebd1eb0d06,0.85,medium,location_strong_match,same_municipality,西条市,西条市,,pending_review,,,false,false,location_stability_review_packets/gpx_groups/gpx_group_0103_yamap_2026-05-06_07_28.md,summit-candidate:b87c90ebd1eb0d06|summit-candidate:453327d51d16e202|summit-candidate:9a59c4b620ba3792,gpx_group_0103|summit_candidate_0025|summit_candidate_0407|summit_candidate_0416|mountain_121,location_stability_review_packets
122,松軒山,summit-candidate:51a919059b1a6dbb,0.4,low,location_uncertain_keep,candidate_boundary_ambiguous,,松山市,,pending_review,,,false,false,location_stability_review_packets/gpx_groups/gpx_group_0112_yamap_2023-01-10_10_30.md,summit-candidate:51a919059b1a6dbb|summit-candidate:23c112538ef91e0d|summit-candidate:f1ee81f4d467a28e,gpx_group_0112|summit_candidate_0266|summit_candidate_0029|summit_candidate_0320|mountain_122,location_stability_review_packets
123,三山,summit-candidate:35b464661fa62df9,0.68,medium,location_uncertain_keep,non_adjacent_municipality,上島町,今治市,,pending_review,,,false,false,location_stability_review_packets/gpx_groups/gpx_group_0028_yamap_2022-09-15_09_20.md,summit-candidate:35b464661fa62df9|summit-candidate:4d0f5f75da9165b8|summit-candidate:507809fc1a4b9e4e,gpx_group_0028|summit_candidate_0032|summit_candidate_0141|summit_candidate_0166|mountain_123,location_stability_review_packets
124,伊勢山,summit-candidate:bd145a45a7d01b99,0.68,medium,location_uncertain_keep,non_adjacent_municipality,上島町,松山市,,pending_review,,,false,false,location_stability_review_packets/gpx_groups/gpx_group_0201_yamap_2022-09-15_11_02.md,summit-candidate:bd145a45a7d01b99|summit-candidate:35b464661fa62df9|summit-candidate:4d0f5f75da9165b8,gpx_group_0201|summit_candidate_0352|summit_candidate_0032|summit_candidate_0141|mountain_124,location_stability_review_packets
125,久司山,summit-candidate:507809fc1a4b9e4e,0.68,medium,location_uncertain_keep,non_adjacent_municipality,上島町,松山市,,pending_review,,,false,false,location_stability_review_packets/gpx_groups/gpx_group_0138_yamap_2022-09-15_11_50.md,summit-candidate:507809fc1a4b9e4e|summit-candidate:35b464661fa62df9|summit-candidate:4d0f5f75da9165b8,gpx_group_0138|summit_candidate_0166|summit_candidate_0032|summit_candidate_0141|mountain_125,location_stability_review_packets
126,石灰山,summit-candidate:35b464661fa62df9,0.5,low,location_uncertain_keep,non_adjacent_municipality,上島町,今治市,,pending_review,,,false,false,location_stability_review_packets/gpx_groups/gpx_group_0028_yamap_2022-09-15_09_20.md,summit-candidate:35b464661fa62df9|summit-candidate:4d0f5f75da9165b8|summit-candidate:507809fc1a4b9e4e,gpx_group_0028|summit_candidate_0032|summit_candidate_0141|summit_candidate_0166|mountain_126,location_stability_review_packets
127,古法皇山,summit-candidate:4d0f5f75da9165b8,0.68,medium,location_uncertain_keep,non_adjacent_municipality,上島町,大洲市,,pending_review,,,false,false,location_stability_review_packets/gpx_groups/gpx_group_0144_yamap_2022-09-15_12_35.md,summit-candidate:4d0f5f75da9165b8|summit-candidate:35b464661fa62df9|summit-candidate:507809fc1a4b9e4e,gpx_group_0144|summit_candidate_0141|summit_candidate_0032|summit_candidate_0166|mountain_127,location_stability_review_packets
128,狩江権現山,summit-candidate:ef5127a689eaf48a,0.67,medium,municipality_incompatible_strong,non_adjacent_municipality,西予市,新居浜市,,pending_review,,,false,false,location_stability_review_packets/gpx_groups/gpx_group_0034_yamap_2022-09-20_14_24.md,summit-candidate:ef5127a689eaf48a|summit-candidate:a660f8ef78c69ab0|summit-candidate:8a7a47d167c1aba6,gpx_group_0034|summit_candidate_0076|summit_candidate_0151|summit_candidate_0016|mountain_128,location_stability_review_packets
129,極山,summit-candidate:ef5127a689eaf48a,0.85,medium,municipality_incompatible_strong,non_adjacent_municipality,西予市,新居浜市,,pending_review,,,false,false,location_stability_review_packets/gpx_groups/gpx_group_0034_yamap_2022-09-20_14_24.md,summit-candidate:ef5127a689eaf48a|summit-candidate:51c8bc6a368c422c|summit-candidate:d71483d289d0c575,gpx_group_0034|summit_candidate_0076|summit_candidate_0041|summit_candidate_0154|mountain_129,location_stability_review_packets
130,高文殊山,summit-candidate:3a1a951de82d4254,0.85,medium,municipality_incompatible_strong,non_adjacent_municipality,四国中央市,宇和島市,,pending_review,,,false,false,location_stability_review_packets/gpx_groups/gpx_group_0182_yamap_2022-09-21_13_09.md,summit-candidate:3a1a951de82d4254|summit-candidate:8cef52d6989a94db|summit-candidate:a14a745323a3d3af,gpx_group_0182|summit_candidate_0263|summit_candidate_0072|summit_candidate_0394|mountain_130,location_stability_review_packets
131,三本榎,summit-candidate:8251283605282249,0.68,medium,missing_location_evidence,missing_mountain_municipality,今治市,,,pending_review,,,false,false,location_stability_review_packets/gpx_groups/gpx_group_0195_yamap_2022-09-26_12_07.md,summit-candidate:8251283605282249|summit-candidate:588c967023117267|summit-candidate:0022a746b396d4c7,gpx_group_0195|summit_candidate_0171|summit_candidate_0054|summit_candidate_0375|mountain_131,location_stability_review_packets
132,鏡山,summit-candidate:588c967023117267,0.62,medium,location_uncertain_keep,non_adjacent_municipality,今治市,宇和島市,,pending_review,,,false,false,location_stability_review_packets/gpx_groups/gpx_group_0046_yamap_2022-09-26_14_04.md,summit-candidate:588c967023117267|summit-candidate:8251283605282249|summit-candidate:45439217573adfc4,gpx_group_0046|summit_candidate_0054|summit_candidate_0171|summit_candidate_0200|mountain_132,location_stability_review_packets
133,戸祇御前山,summit-candidate:7bda9ba8d2b47d6e,0.85,medium,location_uncertain_keep,non_adjacent_municipality,鬼北町,新居浜市,,pending_review,,,false,false,location_stability_review_packets/gpx_groups/gpx_group_0257_yamap_2022-10-01_08_30.md,summit-candidate:7bda9ba8d2b47d6e|summit-candidate:c246a8edb72dbebb|summit-candidate:18f6f4b086668887,gpx_group_0257|summit_candidate_0214|summit_candidate_0232|summit_candidate_0405|mountain_133,location_stability_review_packets
134,雄甲山,summit-candidate:82d3009a6c1b2511,0.79,medium,municipality_incompatible_strong,non_adjacent_municipality,松山市,宇和島市,,pending_review,,,false,false,location_stability_review_packets/gpx_groups/gpx_group_0047_yamap_2022-10-03_14_57.md,summit-candidate:82d3009a6c1b2511|summit-candidate:0022a746b396d4c7|summit-candidate:1432f597b5dca157,gpx_group_0047|summit_candidate_0091|summit_candidate_0375|summit_candidate_0018|mountain_134,location_stability_review_packets
135,雌甲山,summit-candidate:82d3009a6c1b2511,0.79,medium,municipality_incompatible_strong,non_adjacent_municipality,松山市,宇和島市,,pending_review,,,false,false,location_stability_review_packets/gpx_groups/gpx_group_0047_yamap_2022-10-03_14_57.md,summit-candidate:82d3009a6c1b2511|summit-candidate:23c112538ef91e0d|summit-candidate:36e3ac8003e8b5d0,gpx_group_0047|summit_candidate_0091|summit_candidate_0029|summit_candidate_0124|mountain_135,location_stability_review_packets
136,泉ガ森,summit-candidate:ff0e7de3b62f5ed8,0.68,medium,location_uncertain_keep,candidate_boundary_ambiguous,,四国中央市,,pending_review,,,false,false,location_stability_review_packets/gpx_groups/gpx_group_0265_yamap_2022-10-04_12_47.md,summit-candidate:ff0e7de3b62f5ed8|summit-candidate:6adfa15b8dbd8966|summit-candidate:eb031d650d8e9a7a,gpx_group_0265|summit_candidate_0323|summit_candidate_0146|summit_candidate_0182|mountain_136,location_stability_review_packets
137,東山,summit-candidate:5c9365b2a5a9c97f,0.67,medium,adjacent_but_deep_inside,adjacent_municipality,松山市,今治市,,pending_review,,,false,false,location_stability_review_packets/gpx_groups/gpx_group_0054_yamap_2022-12-31_15_00.md,summit-candidate:5c9365b2a5a9c97f|summit-candidate:4b33f9c73e644793|summit-candidate:bb644412fd9a132c,gpx_group_0054|summit_candidate_0009|summit_candidate_0132|summit_candidate_0231|mountain_137,location_stability_review_packets
138,前赤石山,summit-candidate:e2bdd25969c7f122,0.79,medium,boundary_plausible,adjacent_municipality,新居浜市,西条市,,pending_review,,,false,false,location_stability_review_packets/gpx_groups/gpx_group_0085_yamap_2022-10-08_06_12.md,summit-candidate:e2bdd25969c7f122|summit-candidate:2b7cce23b57844a5|summit-candidate:5104c47f17101d63,gpx_group_0085|summit_candidate_0135|summit_candidate_0065|summit_candidate_0133|mountain_138,location_stability_review_packets
139,黒崎山,summit-candidate:541ec86327b86307,0.56,medium,location_strong_match,same_municipality,松山市,松山市,,pending_review,,,false,false,location_stability_review_packets/gpx_groups/gpx_group_0214_yamap_2022-10-11_15_15.md,summit-candidate:541ec86327b86307|summit-candidate:02d59cd1260af017|summit-candidate:40d5b4863907057a,gpx_group_0214|summit_candidate_0335|summit_candidate_0034|summit_candidate_0385|mountain_139,location_stability_review_packets
140,高戸山,summit-candidate:aadeb26cf0359691,0.68,medium,location_strong_match,same_municipality,松山市,松山市,,pending_review,,,false,false,location_stability_review_packets/gpx_groups/gpx_group_0039_yamap_2022-10-14_12_05.md,summit-candidate:aadeb26cf0359691|summit-candidate:c7de309bf838af87|summit-candidate:cc3fbb2358d0d4fc,gpx_group_0039|summit_candidate_0095|summit_candidate_0422|summit_candidate_0236|mountain_140,location_stability_review_packets
141,犬吠山,summit-candidate:cc3fbb2358d0d4fc,0.68,medium,location_strong_match,same_municipality,松山市,松山市,,pending_review,,,false,false,location_stability_review_packets/gpx_groups/gpx_group_0114_yamap_2022-10-14_13_01.md,summit-candidate:cc3fbb2358d0d4fc|summit-candidate:aadeb26cf0359691|summit-candidate:c7de309bf838af87,gpx_group_0114|summit_candidate_0236|summit_candidate_0095|summit_candidate_0422|mountain_141,location_stability_review_packets
142,泰の山,summit-candidate:aadeb26cf0359691,0.68,medium,location_strong_match,same_municipality,松山市,松山市,,pending_review,,,false,false,location_stability_review_packets/gpx_groups/gpx_group_0039_yamap_2022-10-14_12_05.md,summit-candidate:aadeb26cf0359691|summit-candidate:c7de309bf838af87|summit-candidate:cc3fbb2358d0d4fc,gpx_group_0039|summit_candidate_0095|summit_candidate_0422|summit_candidate_0236|mountain_142,location_stability_review_packets
143,中三方ヶ森,summit-candidate:17b2365d322cd022,0.79,medium,location_uncertain_keep,non_adjacent_municipality,今治市,西予市,,pending_review,,,false,false,location_stability_review_packets/gpx_groups/gpx_group_0131_yamap_2022-10-16_10_19.md,summit-candidate:17b2365d322cd022|summit-candidate:0c2609d9e7e31a00|summit-candidate:bcf5d9d5a90e5cda,gpx_group_0131|summit_candidate_0256|summit_candidate_0190|summit_candidate_0420|mountain_143,location_stability_review_packets
144,古権現山,summit-candidate:0c2609d9e7e31a00,0.85,medium,adjacent_but_deep_inside,adjacent_municipality,今治市,西条市,,pending_review,,,false,false,location_stability_review_packets/gpx_groups/gpx_group_0131_yamap_2022-10-16_10_19.md,summit-candidate:0c2609d9e7e31a00|summit-candidate:bcf5d9d5a90e5cda|summit-candidate:c7ac7ff98cacc074,gpx_group_0131|summit_candidate_0190|summit_candidate_0420|summit_candidate_0304|mountain_144,location_stability_review_packets
145,楢原山,summit-candidate:c7ac7ff98cacc074,0.85,medium,adjacent_but_deep_inside,adjacent_municipality,今治市,松山市,,pending_review,,,false,false,location_stability_review_packets/gpx_groups/gpx_group_0131_yamap_2022-10-16_10_19.md,summit-candidate:c7ac7ff98cacc074|summit-candidate:0c2609d9e7e31a00|summit-candidate:bcf5d9d5a90e5cda,gpx_group_0131|summit_candidate_0304|summit_candidate_0190|summit_candidate_0420|mountain_145,location_stability_review_packets
146,西港山,summit-candidate:bf2b3499e08da2df,0.85,medium,location_uncertain_keep,non_adjacent_municipality,松山市,西条市,,pending_review,,,false,false,location_stability_review_packets/gpx_groups/gpx_group_0066_yamap_2022-10-19_16_00.md,summit-candidate:bf2b3499e08da2df|summit-candidate:5f001ac124f82ef6|summit-candidate:a9a2a270fb6273fe,gpx_group_0066|summit_candidate_0152|summit_candidate_0030|summit_candidate_0174|mountain_146,location_stability_review_packets
147,大丸山,summit-candidate:a9a2a270fb6273fe,0.79,medium,location_uncertain_keep,non_adjacent_municipality,松山市,西条市,,pending_review,,,false,false,location_stability_review_packets/gpx_groups/gpx_group_0066_yamap_2022-10-19_16_00.md,summit-candidate:a9a2a270fb6273fe|summit-candidate:bf2b3499e08da2df|summit-candidate:5f001ac124f82ef6,gpx_group_0066|summit_candidate_0174|summit_candidate_0152|summit_candidate_0030|mountain_147,location_stability_review_packets
148,港山,summit-candidate:5f001ac124f82ef6,0.85,medium,location_uncertain_keep,non_adjacent_municipality,松山市,西条市,,pending_review,,,false,false,location_stability_review_packets/gpx_groups/gpx_group_0066_yamap_2022-10-19_16_00.md,summit-candidate:5f001ac124f82ef6|summit-candidate:bf2b3499e08da2df|summit-candidate:a9a2a270fb6273fe,gpx_group_0066|summit_candidate_0030|summit_candidate_0152|summit_candidate_0174|mountain_148,location_stability_review_packets
149,すくも山,summit-candidate:f676e5a22f523492,0.67,medium,municipality_incompatible_strong,non_adjacent_municipality,西条市,宇和島市,,pending_review,,,false,false,location_stability_review_packets/gpx_groups/gpx_group_0053_yamap_2022-10-21_12_15.md,summit-candidate:f676e5a22f523492|summit-candidate:fbd725fc8006e2c8|summit-candidate:40d5b4863907057a,gpx_group_0053|summit_candidate_0116|summit_candidate_0099|summit_candidate_0385|mountain_149,location_stability_review_packets
150,愛ノ山,summit-candidate:f676e5a22f523492,0.79,medium,municipality_incompatible_strong,non_adjacent_municipality,西条市,宇和島市,,pending_review,,,false,false,location_stability_review_packets/gpx_groups/gpx_group_0053_yamap_2022-10-21_12_15.md,summit-candidate:f676e5a22f523492|summit-candidate:bf9808bbf86d5d73|summit-candidate:588c967023117267,gpx_group_0053|summit_candidate_0116|summit_candidate_0301|summit_candidate_0054|mountain_150,location_stability_review_packets
151,冨士山,summit-candidate:9d447faef6efe2ab,0.79,medium,municipality_incompatible_strong,non_adjacent_municipality,大洲市,今治市,,pending_review,,,false,false,location_stability_review_packets/gpx_groups/gpx_group_0196_yamap_2022-10-27_13_37.md,summit-candidate:9d447faef6efe2ab|summit-candidate:dba931625b34d9ac|summit-candidate:35b464661fa62df9,gpx_group_0196|summit_candidate_0347|summit_candidate_0097|summit_candidate_0032|mountain_151,location_stability_review_packets
152,割石峠山,summit-candidate:45f2c6fc88212acd,0.69,medium,location_uncertain_keep,candidate_boundary_ambiguous,,鬼北町,,pending_review,,,false,false,location_stability_review_packets/gpx_groups/gpx_group_0008_yamap_2022-10-28_06_21.md,summit-candidate:45f2c6fc88212acd|summit-candidate:c2fc382b492cfde4|summit-candidate:16e9de2bedeb2d1c,gpx_group_0008|summit_candidate_0334|summit_candidate_0037|summit_candidate_0122|mountain_152,location_stability_review_packets
153,石墨山,summit-candidate:c2fc382b492cfde4,0.67,medium,boundary_plausible,adjacent_municipality,東温市,西条市,,pending_review,,,false,false,location_stability_review_packets/gpx_groups/gpx_group_0008_yamap_2022-10-28_06_21.md,summit-candidate:c2fc382b492cfde4|summit-candidate:16e9de2bedeb2d1c|summit-candidate:25e47e34740282d2,gpx_group_0008|summit_candidate_0037|summit_candidate_0122|summit_candidate_0081|mountain_153,location_stability_review_packets
154,法師山,summit-candidate:25e47e34740282d2,0.75,medium,location_uncertain_keep,candidate_boundary_ambiguous,,四国中央市,,pending_review,,,false,false,location_stability_review_packets/gpx_groups/gpx_group_0008_yamap_2022-10-28_06_21.md,summit-candidate:25e47e34740282d2|summit-candidate:c2fc382b492cfde4|summit-candidate:16e9de2bedeb2d1c,gpx_group_0008|summit_candidate_0081|summit_candidate_0037|summit_candidate_0122|mountain_154,location_stability_review_packets
155,白猪山,summit-candidate:c2fc382b492cfde4,0.67,medium,boundary_plausible,adjacent_municipality,東温市,西条市,,pending_review,,,false,false,location_stability_review_packets/gpx_groups/gpx_group_0008_yamap_2022-10-28_06_21.md,summit-candidate:c2fc382b492cfde4|summit-candidate:5cb1fa3d9dcf60f5|summit-candidate:16e9de2bedeb2d1c,gpx_group_0008|summit_candidate_0037|summit_candidate_0206|summit_candidate_0122|mountain_155,location_stability_review_packets
156,梅ヶ谷山,summit-candidate:25e47e34740282d2,0.75,medium,location_uncertain_keep,candidate_boundary_ambiguous,,四国中央市,,pending_review,,,false,false,location_stability_review_packets/gpx_groups/gpx_group_0008_yamap_2022-10-28_06_21.md,summit-candidate:25e47e34740282d2|summit-candidate:c2fc382b492cfde4|summit-candidate:16e9de2bedeb2d1c,gpx_group_0008|summit_candidate_0081|summit_candidate_0037|summit_candidate_0122|mountain_156,location_stability_review_packets
157,樽谷山,summit-candidate:16e9de2bedeb2d1c,0.75,medium,location_uncertain_keep,candidate_boundary_ambiguous,,内子町,,pending_review,,,false,false,location_stability_review_packets/gpx_groups/gpx_group_0008_yamap_2022-10-28_06_21.md,summit-candidate:16e9de2bedeb2d1c|summit-candidate:5cb1fa3d9dcf60f5|summit-candidate:c2fc382b492cfde4,gpx_group_0008|summit_candidate_0122|summit_candidate_0206|summit_candidate_0037|mountain_157,location_stability_review_packets
158,根無山,summit-candidate:5cb1fa3d9dcf60f5,0.75,medium,location_uncertain_keep,candidate_boundary_ambiguous,,内子町,,pending_review,,,false,false,location_stability_review_packets/gpx_groups/gpx_group_0008_yamap_2022-10-28_06_21.md,summit-candidate:5cb1fa3d9dcf60f5|summit-candidate:16e9de2bedeb2d1c|summit-candidate:c2fc382b492cfde4,gpx_group_0008|summit_candidate_0206|summit_candidate_0122|summit_candidate_0037|mountain_158,location_stability_review_packets
159,権現山,summit-candidate:cf97b8470d2ed1d7,0.75,medium,location_uncertain_keep,candidate_boundary_ambiguous,,松山市,,pending_review,,,false,false,location_stability_review_packets/gpx_groups/gpx_group_0077_yamap_2022-11-05_04_38.md,summit-candidate:cf97b8470d2ed1d7|summit-candidate:09547fd48f24d064|summit-candidate:ffa6a88e4e680fd5,gpx_group_0077|summit_candidate_0358|summit_candidate_0061|summit_candidate_0186|mountain_159,location_stability_review_packets
160,黒岳,summit-candidate:ffa6a88e4e680fd5,0.75,medium,location_uncertain_keep,candidate_boundary_ambiguous,,松山市,,pending_review,,,false,false,location_stability_review_packets/gpx_groups/gpx_group_0077_yamap_2022-11-05_04_38.md,summit-candidate:ffa6a88e4e680fd5|summit-candidate:09547fd48f24d064|summit-candidate:7ef7c15a52318cc9,gpx_group_0077|summit_candidate_0186|summit_candidate_0061|summit_candidate_0411|mountain_160,location_stability_review_packets
161,エビラ山,summit-candidate:09547fd48f24d064,0.85,medium,location_uncertain_keep,non_adjacent_municipality,新居浜市,松山市,,pending_review,,,false,false,location_stability_review_packets/gpx_groups/gpx_group_0077_yamap_2022-11-05_04_38.md,summit-candidate:09547fd48f24d064|summit-candidate:7ef7c15a52318cc9|summit-candidate:ffa6a88e4e680fd5,gpx_group_0077|summit_candidate_0061|summit_candidate_0411|summit_candidate_0186|mountain_161,location_stability_review_packets
162,二ッ岳,summit-candidate:09547fd48f24d064,0.79,medium,location_uncertain_keep,non_adjacent_municipality,新居浜市,松山市,,pending_review,,,false,false,location_stability_review_packets/gpx_groups/gpx_group_0077_yamap_2022-11-05_04_38.md,summit-candidate:09547fd48f24d064|summit-candidate:7ef7c15a52318cc9|summit-candidate:ffa6a88e4e680fd5,gpx_group_0077|summit_candidate_0061|summit_candidate_0411|summit_candidate_0186|mountain_162,location_stability_review_packets
163,鹿島山,summit-candidate:e4fbd033b13d73ce,0.79,medium,location_strong_match,same_municipality,松山市,松山市,,pending_review,,,false,false,location_stability_review_packets/gpx_groups/gpx_group_0202_yamap_2022-11-07_12_37.md,summit-candidate:e4fbd033b13d73ce|summit-candidate:22b4a5a5c856bf4d|summit-candidate:45f49d8fd831427c,gpx_group_0202|summit_candidate_0363|summit_candidate_0383|summit_candidate_0011|mountain_163,location_stability_review_packets
164,出石山,summit-candidate:615a70cf4401199b,0.69,medium,location_uncertain_keep,candidate_boundary_ambiguous,,大洲市,,pending_review,,,false,false,location_stability_review_packets/gpx_groups/gpx_group_0242_yamap_2022-11-14_13_02.md,summit-candidate:615a70cf4401199b|summit-candidate:5f31b84e049f61fa|summit-candidate:f55ffb534aa2ae4c,gpx_group_0242|summit_candidate_0144|summit_candidate_0031|summit_candidate_0060|mountain_164,location_stability_review_packets
165,綱繰山,summit-candidate:53d0e375c60814f6,0.85,medium,adjacent_but_deep_inside,adjacent_municipality,新居浜市,四国中央市,,pending_review,,,false,false,location_stability_review_packets/gpx_groups/gpx_group_0031_yamap_2022-11-26_04_41.md,summit-candidate:53d0e375c60814f6|summit-candidate:a557f14fb032a808|summit-candidate:006436491de34784,gpx_group_0031|summit_candidate_0068|summit_candidate_0440|summit_candidate_0013|mountain_165,location_stability_review_packets
166,獅子舞の鼻,summit-candidate:53d0e375c60814f6,0.79,medium,adjacent_but_deep_inside,adjacent_municipality,新居浜市,四国中央市,,pending_review,,,false,false,location_stability_review_packets/gpx_groups/gpx_group_0031_yamap_2022-11-26_04_41.md,summit-candidate:53d0e375c60814f6|summit-candidate:006436491de34784|summit-candidate:a03fbec9bab2fe7a,gpx_group_0031|summit_candidate_0068|summit_candidate_0013|summit_candidate_0439|mountain_166,location_stability_review_packets
167,冠山,summit-candidate:006436491de34784,0.85,medium,boundary_plausible,adjacent_municipality,新居浜市,西条市,,pending_review,,,false,false,location_stability_review_packets/gpx_groups/gpx_group_0031_yamap_2022-11-26_04_41.md,summit-candidate:006436491de34784|summit-candidate:53d0e375c60814f6|summit-candidate:a03fbec9bab2fe7a,gpx_group_0031|summit_candidate_0013|summit_candidate_0068|summit_candidate_0439|mountain_167,location_stability_review_packets
168,遠ヶ森,summit-candidate:02fa4cfab6fa90d3,0.75,medium,location_uncertain_keep,candidate_boundary_ambiguous,,西条市,,pending_review,,,false,false,location_stability_review_packets/gpx_groups/gpx_group_0083_yamap_2022-12-12_08_41.md,summit-candidate:02fa4cfab6fa90d3|summit-candidate:9acc21860aa8a208|summit-candidate:38105da918da8262,gpx_group_0083|summit_candidate_0077|summit_candidate_0288|summit_candidate_0197|mountain_168,location_stability_review_packets
169,扇山,summit-candidate:9acc21860aa8a208,0.85,medium,municipality_incompatible_strong,non_adjacent_municipality,砥部町,西条市,,pending_review,,,false,false,location_stability_review_packets/gpx_groups/gpx_group_0187_yamap_2022-12-12_10_30.md,summit-candidate:9acc21860aa8a208|summit-candidate:02fa4cfab6fa90d3|summit-candidate:23c112538ef91e0d,gpx_group_0187|summit_candidate_0288|summit_candidate_0077|summit_candidate_0029|mountain_169,location_stability_review_packets
170,高山,summit-candidate:101c1b0635c0bec0,0.85,medium,location_uncertain_keep,non_adjacent_municipality,今治市,大洲市,,pending_review,,,false,false,location_stability_review_packets/gpx_groups/gpx_group_0011_yamap_2022-12-25_10_09.md,summit-candidate:101c1b0635c0bec0|summit-candidate:71f4bbfe52f75585|summit-candidate:8ff6361109e5ed5c,gpx_group_0011|summit_candidate_0002|summit_candidate_0119|summit_candidate_0148|mountain_170,location_stability_review_packets
171,塔ノ峰,summit-candidate:101c1b0635c0bec0,0.79,medium,location_uncertain_keep,non_adjacent_municipality,今治市,大洲市,,pending_review,,,false,false,location_stability_review_packets/gpx_groups/gpx_group_0011_yamap_2022-12-25_10_09.md,summit-candidate:101c1b0635c0bec0|summit-candidate:71f4bbfe52f75585|summit-candidate:d5b708b4d3aa86a0,gpx_group_0011|summit_candidate_0002|summit_candidate_0119|summit_candidate_0240|mountain_171,location_stability_review_packets
172,海山,summit-candidate:101c1b0635c0bec0,0.79,medium,location_uncertain_keep,non_adjacent_municipality,今治市,大洲市,,pending_review,,,false,false,location_stability_review_packets/gpx_groups/gpx_group_0011_yamap_2022-12-25_10_09.md,summit-candidate:101c1b0635c0bec0|summit-candidate:71f4bbfe52f75585|summit-candidate:d5b708b4d3aa86a0,gpx_group_0011|summit_candidate_0002|summit_candidate_0119|summit_candidate_0240|mountain_172,location_stability_review_packets
173,近見山,summit-candidate:d5b708b4d3aa86a0,0.85,medium,municipality_incompatible_strong,non_adjacent_municipality,今治市,大洲市,,pending_review,,,false,false,location_stability_review_packets/gpx_groups/gpx_group_0142_yamap_2022-12-25_11_41.md,summit-candidate:d5b708b4d3aa86a0|summit-candidate:101c1b0635c0bec0|summit-candidate:71f4bbfe52f75585,gpx_group_0142|summit_candidate_0240|summit_candidate_0002|summit_candidate_0119|mountain_173,location_stability_review_packets
174,唐子山,summit-candidate:71f4bbfe52f75585,0.85,medium,location_uncertain_keep,non_adjacent_municipality,今治市,大洲市,,pending_review,,,false,false,location_stability_review_packets/gpx_groups/gpx_group_0162_yamap_2022-12-25_12_44.md,summit-candidate:71f4bbfe52f75585|summit-candidate:101c1b0635c0bec0|summit-candidate:1ed32ce6414c2781,gpx_group_0162|summit_candidate_0119|summit_candidate_0002|summit_candidate_0046|mountain_174,location_stability_review_packets
175,医王山,summit-candidate:1ed32ce6414c2781,0.75,medium,location_uncertain_keep,candidate_boundary_ambiguous,,大洲市,,pending_review,,,false,false,location_stability_review_packets/gpx_groups/gpx_group_0019_yamap_2022-12-25_13_36.md,summit-candidate:1ed32ce6414c2781|summit-candidate:71f4bbfe52f75585|summit-candidate:101c1b0635c0bec0,gpx_group_0019|summit_candidate_0046|summit_candidate_0119|summit_candidate_0002|mountain_175,location_stability_review_packets
176,永納山(永納山城址),summit-candidate:101c1b0635c0bec0,0.73,medium,location_uncertain_keep,non_adjacent_municipality,今治市,大洲市,,pending_review,,,false,false,location_stability_review_packets/gpx_groups/gpx_group_0011_yamap_2022-12-25_10_09.md,summit-candidate:101c1b0635c0bec0|summit-candidate:71f4bbfe52f75585|summit-candidate:1ed32ce6414c2781,gpx_group_0011|summit_candidate_0002|summit_candidate_0119|summit_candidate_0046|mountain_176,location_stability_review_packets
177,佐々久山,summit-candidate:1ed32ce6414c2781,0.63,medium,location_uncertain_keep,candidate_boundary_ambiguous,,大洲市,,pending_review,,,false,false,location_stability_review_packets/gpx_groups/gpx_group_0019_yamap_2022-12-25_13_36.md,summit-candidate:1ed32ce6414c2781|summit-candidate:101c1b0635c0bec0|summit-candidate:71f4bbfe52f75585,gpx_group_0019|summit_candidate_0046|summit_candidate_0002|summit_candidate_0119|mountain_177,location_stability_review_packets
178,土亀山,summit-candidate:5c9365b2a5a9c97f,0.79,medium,adjacent_but_deep_inside,adjacent_municipality,松山市,今治市,,pending_review,,,false,false,location_stability_review_packets/gpx_groups/gpx_group_0054_yamap_2022-12-31_15_00.md,summit-candidate:5c9365b2a5a9c97f|summit-candidate:5f001ac124f82ef6|summit-candidate:ab7edbc3a52d24bf,gpx_group_0054|summit_candidate_0009|summit_candidate_0030|summit_candidate_0127|mountain_178,location_stability_review_packets
179,天山,summit-candidate:5c9365b2a5a9c97f,0.79,medium,adjacent_but_deep_inside,adjacent_municipality,松山市,今治市,,pending_review,,,false,false,location_stability_review_packets/gpx_groups/gpx_group_0054_yamap_2022-12-31_15_00.md,summit-candidate:5c9365b2a5a9c97f|summit-candidate:ea18d38abe59ed57|summit-candidate:45f49d8fd831427c,gpx_group_0054|summit_candidate_0009|summit_candidate_0453|summit_candidate_0011|mountain_179,location_stability_review_packets
180,東山,summit-candidate:5104c47f17101d63,0.67,medium,adjacent_but_deep_inside,adjacent_municipality,新居浜市,西条市,,pending_review,,,false,false,location_stability_review_packets/gpx_groups/gpx_group_0085_yamap_2022-10-08_06_12.md,summit-candidate:5104c47f17101d63|summit-candidate:e2bdd25969c7f122|summit-candidate:2b7cce23b57844a5,gpx_group_0085|summit_candidate_0133|summit_candidate_0135|summit_candidate_0065|mountain_180,location_stability_review_packets
181,星岡山,summit-candidate:5c9365b2a5a9c97f,0.85,medium,adjacent_but_deep_inside,adjacent_municipality,松山市,今治市,,pending_review,,,false,false,location_stability_review_packets/gpx_groups/gpx_group_0054_yamap_2022-12-31_15_00.md,summit-candidate:5c9365b2a5a9c97f|summit-candidate:452c10a1db199870|summit-candidate:ea18d38abe59ed57,gpx_group_0054|summit_candidate_0009|summit_candidate_0006|summit_candidate_0453|mountain_181,location_stability_review_packets
182,河原樋山,summit-candidate:b1d864fd1fcc9dcb,0.75,medium,location_uncertain_keep,candidate_boundary_ambiguous,,砥部町,,pending_review,,,false,false,location_stability_review_packets/gpx_groups/gpx_group_0058_yamap_2023-01-03_07_36.md,summit-candidate:b1d864fd1fcc9dcb|summit-candidate:4fec4dd128e55ab0|summit-candidate:74dd1729abbd7bb5,gpx_group_0058|summit_candidate_0295|summit_candidate_0387|summit_candidate_0087|mountain_182,location_stability_review_packets
183,真松嶺,summit-candidate:74dd1729abbd7bb5,0.85,medium,municipality_incompatible_strong,non_adjacent_municipality,松山市,内子町,,pending_review,,,false,false,location_stability_review_packets/gpx_groups/gpx_group_0058_yamap_2023-01-03_07_36.md,summit-candidate:74dd1729abbd7bb5|summit-candidate:f2aae42aff3dea24|summit-candidate:4fec4dd128e55ab0,gpx_group_0058|summit_candidate_0087|summit_candidate_0455|summit_candidate_0387|mountain_183,location_stability_review_packets
184,柿王寺森,summit-candidate:74dd1729abbd7bb5,0.85,medium,municipality_incompatible_strong,non_adjacent_municipality,松山市,内子町,,pending_review,,,false,false,location_stability_review_packets/gpx_groups/gpx_group_0058_yamap_2023-01-03_07_36.md,summit-candidate:74dd1729abbd7bb5|summit-candidate:f2aae42aff3dea24|summit-candidate:4fec4dd128e55ab0,gpx_group_0058|summit_candidate_0087|summit_candidate_0455|summit_candidate_0387|mountain_184,location_stability_review_packets
185,岩子山,summit-candidate:45f49d8fd831427c,0.85,medium,location_strong_match,same_municipality,松山市,松山市,,pending_review,,,false,false,location_stability_review_packets/gpx_groups/gpx_group_0037_yamap_2023-01-06_11_33.md,summit-candidate:45f49d8fd831427c|summit-candidate:49cfd09def5fce03|summit-candidate:8178723bbadb1c72,gpx_group_0037|summit_candidate_0011|summit_candidate_0386|summit_candidate_0134|mountain_185,location_stability_review_packets
186,垣生山,summit-candidate:45f49d8fd831427c,0.85,medium,location_strong_match,same_municipality,松山市,松山市,,pending_review,,,false,false,location_stability_review_packets/gpx_groups/gpx_group_0037_yamap_2023-01-06_11_33.md,summit-candidate:45f49d8fd831427c|summit-candidate:8178723bbadb1c72|summit-candidate:49cfd09def5fce03,gpx_group_0037|summit_candidate_0011|summit_candidate_0134|summit_candidate_0386|mountain_186,location_stability_review_packets
187,津田山,summit-candidate:45f49d8fd831427c,0.85,medium,location_strong_match,same_municipality,松山市,松山市,,pending_review,,,false,false,location_stability_review_packets/gpx_groups/gpx_group_0037_yamap_2023-01-06_11_33.md,summit-candidate:45f49d8fd831427c|summit-candidate:49cfd09def5fce03|summit-candidate:8178723bbadb1c72,gpx_group_0037|summit_candidate_0011|summit_candidate_0386|summit_candidate_0134|mountain_187,location_stability_review_packets
188,弁天山,summit-candidate:8178723bbadb1c72,0.85,medium,location_strong_match,same_municipality,松山市,松山市,,pending_review,,,false,false,location_stability_review_packets/gpx_groups/gpx_group_0037_yamap_2023-01-06_11_33.md,summit-candidate:8178723bbadb1c72|summit-candidate:45f49d8fd831427c|summit-candidate:49cfd09def5fce03,gpx_group_0037|summit_candidate_0134|summit_candidate_0011|summit_candidate_0386|mountain_188,location_stability_review_packets
189,権現山,summit-candidate:32bb5e7e1071e808,0.85,medium,municipality_incompatible_strong,non_adjacent_municipality,愛南町,八幡浜市,,pending_review,,,false,false,location_stability_review_packets/gpx_groups/gpx_group_0128_yamap_2023-01-08_09_18.md,summit-candidate:32bb5e7e1071e808|summit-candidate:2c817617699a0a45|summit-candidate:047b9599ec28c6ad,gpx_group_0128|summit_candidate_0331|summit_candidate_0372|summit_candidate_0120|mountain_189,location_stability_review_packets
190,黒瀬山（黒瀬城址）,summit-candidate:8a7a47d167c1aba6,0.85,medium,municipality_incompatible_strong,non_adjacent_municipality,西予市,松山市,,pending_review,,,false,false,location_stability_review_packets/gpx_groups/gpx_group_0010_yamap_2023-01-08_14_24.md,summit-candidate:8a7a47d167c1aba6|summit-candidate:a5f51c62e44d0847|summit-candidate:a660f8ef78c69ab0,gpx_group_0010|summit_candidate_0016|summit_candidate_0150|summit_candidate_0151|mountain_190,location_stability_review_packets
191,岡山（岡城址）,summit-candidate:8a7a47d167c1aba6,0.615,low,municipality_incompatible_strong,non_adjacent_municipality,西予市,松山市,,pending_review,,,false,false,location_stability_review_packets/gpx_groups/gpx_group_0010_yamap_2023-01-08_14_24.md,summit-candidate:8a7a47d167c1aba6|summit-candidate:a5f51c62e44d0847|summit-candidate:047b9599ec28c6ad,gpx_group_0010|summit_candidate_0016|summit_candidate_0150|summit_candidate_0120|mountain_191,location_stability_review_packets
192,鉢ヶ森（鉢ヶ森城址）,summit-candidate:a660f8ef78c69ab0,0.85,medium,adjacent_but_deep_inside,adjacent_municipality,西予市,大洲市,,pending_review,,,false,false,location_stability_review_packets/gpx_groups/gpx_group_0010_yamap_2023-01-08_14_24.md,summit-candidate:a660f8ef78c69ab0|summit-candidate:8a7a47d167c1aba6|summit-candidate:a5f51c62e44d0847,gpx_group_0010|summit_candidate_0151|summit_candidate_0016|summit_candidate_0150|mountain_192,location_stability_review_packets
193,護摩ヶ森（護摩ヶ森城址）,summit-candidate:a5f51c62e44d0847,0.85,medium,municipality_incompatible_strong,non_adjacent_municipality,西予市,松山市,,pending_review,,,false,false,location_stability_review_packets/gpx_groups/gpx_group_0010_yamap_2023-01-08_14_24.md,summit-candidate:a5f51c62e44d0847|summit-candidate:8a7a47d167c1aba6|summit-candidate:a660f8ef78c69ab0,gpx_group_0010|summit_candidate_0150|summit_candidate_0016|summit_candidate_0151|mountain_193,location_stability_review_packets
194,我合山（我合城址）,summit-candidate:8a7a47d167c1aba6,0.675,low,municipality_incompatible_strong,non_adjacent_municipality,西予市,松山市,,pending_review,,,false,false,location_stability_review_packets/gpx_groups/gpx_group_0010_yamap_2023-01-08_14_24.md,summit-candidate:8a7a47d167c1aba6|summit-candidate:a5f51c62e44d0847|summit-candidate:a660f8ef78c69ab0,gpx_group_0010|summit_candidate_0016|summit_candidate_0150|summit_candidate_0151|mountain_194,location_stability_review_packets
195,由良山,summit-candidate:8f19c4c16e72e270,0.75,medium,location_uncertain_keep,candidate_boundary_ambiguous,,宇和島市,,pending_review,,,false,false,location_stability_review_packets/gpx_groups/gpx_group_0112_yamap_2023-01-10_10_30.md,summit-candidate:8f19c4c16e72e270|summit-candidate:51a919059b1a6dbb|summit-candidate:4973965873779cdc,gpx_group_0112|summit_candidate_0345|summit_candidate_0266|summit_candidate_0373|mountain_195,location_stability_review_packets
196,大森山,summit-candidate:47129c06b82cf694,0.85,medium,location_uncertain_keep,non_adjacent_municipality,伊方町,西条市,,pending_review,,,false,false,location_stability_review_packets/gpx_groups/gpx_group_0007_yamap_2023-01-21_12_43.md,summit-candidate:47129c06b82cf694|summit-candidate:830c63408bf56cc5|summit-candidate:c6ced2088a2376f5,gpx_group_0007|summit_candidate_0007|summit_candidate_0374|summit_candidate_0153|mountain_196,location_stability_review_packets
197,見晴山,summit-candidate:47129c06b82cf694,0.67,medium,location_uncertain_keep,non_adjacent_municipality,伊方町,西条市,,pending_review,,,false,false,location_stability_review_packets/gpx_groups/gpx_group_0007_yamap_2023-01-21_12_43.md,summit-candidate:47129c06b82cf694|summit-candidate:830c63408bf56cc5|summit-candidate:c6ced2088a2376f5,gpx_group_0007|summit_candidate_0007|summit_candidate_0374|summit_candidate_0153|mountain_197,location_stability_review_packets
198,権現山,summit-candidate:047b9599ec28c6ad,0.68,medium,location_uncertain_keep,non_adjacent_municipality,愛南町,松山市,,pending_review,,,false,false,location_stability_review_packets/gpx_groups/gpx_group_0128_yamap_2023-01-08_09_18.md,summit-candidate:047b9599ec28c6ad|summit-candidate:c94d8d76133fda1a|summit-candidate:47129c06b82cf694,gpx_group_0128|summit_candidate_0120|summit_candidate_0423|summit_candidate_0007|mountain_198,location_stability_review_packets
199,遠見山,summit-candidate:47129c06b82cf694,0.67,medium,location_uncertain_keep,non_adjacent_municipality,伊方町,西条市,,pending_review,,,false,false,location_stability_review_packets/gpx_groups/gpx_group_0007_yamap_2023-01-21_12_43.md,summit-candidate:47129c06b82cf694|summit-candidate:830c63408bf56cc5|summit-candidate:c6ced2088a2376f5,gpx_group_0007|summit_candidate_0007|summit_candidate_0374|summit_candidate_0153|mountain_199,location_stability_review_packets
200,石神山,summit-candidate:47129c06b82cf694,0.85,medium,location_uncertain_keep,non_adjacent_municipality,伊方町,西条市,,pending_review,,,false,false,location_stability_review_packets/gpx_groups/gpx_group_0007_yamap_2023-01-21_12_43.md,summit-candidate:47129c06b82cf694|summit-candidate:830c63408bf56cc5|summit-candidate:c6ced2088a2376f5,gpx_group_0007|summit_candidate_0007|summit_candidate_0374|summit_candidate_0153|mountain_200,location_stability_review_packets
201,金比羅山,summit-candidate:c6ced2088a2376f5,0.79,medium,location_uncertain_keep,non_adjacent_municipality,伊方町,西条市,,pending_review,,,false,false,location_stability_review_packets/gpx_groups/gpx_group_0007_yamap_2023-01-21_12_43.md,summit-candidate:c6ced2088a2376f5|summit-candidate:47129c06b82cf694|summit-candidate:830c63408bf56cc5,gpx_group_0007|summit_candidate_0153|summit_candidate_0007|summit_candidate_0374|mountain_201,location_stability_review_packets
202,鳥越山,summit-candidate:5b7c833ac0535534,0.85,medium,location_strong_match,same_municipality,松山市,松山市,,pending_review,,,false,false,location_stability_review_packets/gpx_groups/gpx_group_0044_yamap_2023-01-28_11_53.md,summit-candidate:5b7c833ac0535534|summit-candidate:ab7edbc3a52d24bf|summit-candidate:cf6802c2dafdbf46,gpx_group_0044|summit_candidate_0020|summit_candidate_0127|summit_candidate_0401|mountain_202,location_stability_review_packets
203,谷田山,summit-candidate:5b7c833ac0535534,0.79,medium,location_strong_match,same_municipality,松山市,松山市,,pending_review,,,false,false,location_stability_review_packets/gpx_groups/gpx_group_0044_yamap_2023-01-28_11_53.md,summit-candidate:5b7c833ac0535534|summit-candidate:ab7edbc3a52d24bf|summit-candidate:cf6802c2dafdbf46,gpx_group_0044|summit_candidate_0020|summit_candidate_0127|summit_candidate_0401|mountain_203,location_stability_review_packets
204,金毘羅山,summit-candidate:ab7edbc3a52d24bf,0.79,medium,municipality_incompatible_strong,non_adjacent_municipality,松山市,四国中央市,,pending_review,,,false,false,location_stability_review_packets/gpx_groups/gpx_group_0119_yamap_2023-01-28_12_19.md,summit-candidate:ab7edbc3a52d24bf|summit-candidate:cf6802c2dafdbf46|summit-candidate:1432f597b5dca157,gpx_group_0119|summit_candidate_0127|summit_candidate_0401|summit_candidate_0018|mountain_204,location_stability_review_packets
205,佐古田山,summit-candidate:5b7c833ac0535534,0.79,medium,location_strong_match,same_municipality,松山市,松山市,,pending_review,,,false,false,location_stability_review_packets/gpx_groups/gpx_group_0044_yamap_2023-01-28_11_53.md,summit-candidate:5b7c833ac0535534|summit-candidate:ab7edbc3a52d24bf|summit-candidate:cf6802c2dafdbf46,gpx_group_0044|summit_candidate_0020|summit_candidate_0127|summit_candidate_0401|mountain_205,location_stability_review_packets
206,古城山,summit-candidate:1432f597b5dca157,0.67,medium,missing_location_evidence,missing_mountain_municipality,松山市,松山市,,pending_review,,,false,false,location_stability_review_packets/gpx_groups/gpx_group_0020_yamap_2023-01-28_14_27.md,summit-candidate:1432f597b5dca157|summit-candidate:5b7c833ac0535534|summit-candidate:ab7edbc3a52d24bf,gpx_group_0020|summit_candidate_0018|summit_candidate_0020|summit_candidate_0127|mountain_206,location_stability_review_packets
207,尾崎山,summit-candidate:1432f597b5dca157,0.85,medium,missing_location_evidence,missing_mountain_municipality,松山市,松山市,,pending_review,,,false,false,location_stability_review_packets/gpx_groups/gpx_group_0020_yamap_2023-01-28_14_27.md,summit-candidate:1432f597b5dca157|summit-candidate:5b7c833ac0535534|summit-candidate:ab7edbc3a52d24bf,gpx_group_0020|summit_candidate_0018|summit_candidate_0020|summit_candidate_0127|mountain_207,location_stability_review_packets
208,宝ヶ峯,summit-candidate:079ae30d76fb11c2,0.85,medium,municipality_incompatible_strong,non_adjacent_municipality,松山市,宇和島市,,pending_review,,,false,false,location_stability_review_packets/gpx_groups/gpx_group_0022_yamap_2022-03-13_09_49.md,summit-candidate:079ae30d76fb11c2|summit-candidate:b9e78d4a587ceaa0|summit-candidate:d43fade4de3e33c8,gpx_group_0022|summit_candidate_0015|summit_candidate_0418|summit_candidate_0451|mountain_208,location_stability_review_packets
209,淡路ヶ峠,summit-candidate:079ae30d76fb11c2,0.85,medium,municipality_incompatible_strong,non_adjacent_municipality,松山市,宇和島市,,pending_review,,,false,false,location_stability_review_packets/gpx_groups/gpx_group_0022_yamap_2022-03-13_09_49.md,summit-candidate:079ae30d76fb11c2|summit-candidate:b9e78d4a587ceaa0|summit-candidate:d43fade4de3e33c8,gpx_group_0022|summit_candidate_0015|summit_candidate_0418|summit_candidate_0451|mountain_209,location_stability_review_packets
210,福見山,summit-candidate:446b5fe1e7a8b2fd,0.68,medium,location_uncertain_keep,candidate_boundary_ambiguous,,鬼北町,,pending_review,,,false,false,location_stability_review_packets/gpx_groups/gpx_group_0064_yamap_2023-03-11_06_08.md,summit-candidate:446b5fe1e7a8b2fd|summit-candidate:90f628409cfebc32|summit-candidate:0ff024bf702c13bb,gpx_group_0064|summit_candidate_0125|summit_candidate_0462|summit_candidate_0012|mountain_210,location_stability_review_packets
211,明神ヶ森,summit-candidate:83f3af0488659ac8,0.68,medium,location_uncertain_keep,candidate_boundary_ambiguous,,西予市,,pending_review,,,false,false,location_stability_review_packets/gpx_groups/gpx_group_0064_yamap_2023-03-11_06_08.md,summit-candidate:83f3af0488659ac8|summit-candidate:0ff024bf702c13bb|summit-candidate:446b5fe1e7a8b2fd,gpx_group_0064|summit_candidate_0342|summit_candidate_0012|summit_candidate_0125|mountain_211,location_stability_review_packets
212,南三方ヶ森,summit-candidate:5b124255339c0714,0.68,medium,location_uncertain_keep,candidate_boundary_ambiguous,,四国中央市,,pending_review,,,false,false,location_stability_review_packets/gpx_groups/gpx_group_0064_yamap_2023-03-11_06_08.md,summit-candidate:5b124255339c0714|summit-candidate:0ff024bf702c13bb|summit-candidate:446b5fe1e7a8b2fd,gpx_group_0064|summit_candidate_0205|summit_candidate_0012|summit_candidate_0125|mountain_212,location_stability_review_packets
213,魚谷森,summit-candidate:0ff024bf702c13bb,0.67,medium,location_uncertain_keep,non_adjacent_municipality,松山市,新居浜市,,pending_review,,,false,false,location_stability_review_packets/gpx_groups/gpx_group_0064_yamap_2023-03-11_06_08.md,summit-candidate:0ff024bf702c13bb|summit-candidate:446b5fe1e7a8b2fd|summit-candidate:5b124255339c0714,gpx_group_0064|summit_candidate_0012|summit_candidate_0125|summit_candidate_0205|mountain_213,location_stability_review_packets
214,左谷ノ森,summit-candidate:0ff024bf702c13bb,0.85,medium,location_uncertain_keep,non_adjacent_municipality,松山市,新居浜市,,pending_review,,,false,false,location_stability_review_packets/gpx_groups/gpx_group_0064_yamap_2023-03-11_06_08.md,summit-candidate:0ff024bf702c13bb|summit-candidate:15c71a530dcecd2e|summit-candidate:e793f83b8a4fd86f,gpx_group_0064|summit_candidate_0012|summit_candidate_0255|summit_candidate_0452|mountain_214,location_stability_review_packets
215,真城ヶ台,summit-candidate:6d533e458b56f1d6,0.85,medium,municipality_incompatible_strong,non_adjacent_municipality,松山市,新居浜市,,pending_review,,,false,false,location_stability_review_packets/gpx_groups/gpx_group_0223_yamap_2023-03-15_09_53.md,summit-candidate:6d533e458b56f1d6|summit-candidate:a0c35720552a78c8|summit-candidate:9cc74b44e1289236,gpx_group_0223|summit_candidate_0339|summit_candidate_0291|summit_candidate_0368|mountain_215,location_stability_review_packets
216,千羽ヶ岳,summit-candidate:afd70dd670366e77,0.85,medium,location_uncertain_keep,non_adjacent_municipality,西条市,西予市,,pending_review,,,false,false,location_stability_review_packets/gpx_groups/gpx_group_0188_yamap_2023-03-20_15_17.md,summit-candidate:afd70dd670366e77|summit-candidate:99b1b356cad63b98|summit-candidate:64a47ed9c06f56d5,gpx_group_0188|summit_candidate_0350|summit_candidate_0219|summit_candidate_0208|mountain_216,location_stability_review_packets
217,皿ヶ嶺,summit-candidate:7a1f0e8b5f9e5cc2,0.8,medium,location_uncertain_keep,non_adjacent_municipality,久万高原町,四国中央市,,pending_review,,,false,false,location_stability_review_packets/gpx_groups/gpx_group_0101_yamap_2022-04-15_11_52.md,summit-candidate:7a1f0e8b5f9e5cc2|summit-candidate:b06e13a9483478e5|summit-candidate:ea6bebee79234da7,gpx_group_0101|summit_candidate_0110|summit_candidate_0443|summit_candidate_0156|mountain_217,location_stability_review_packets
218,えんとつ山,summit-candidate:339138a4e53293da,0.67,medium,location_strong_match,same_municipality,新居浜市,新居浜市,,pending_review,,,false,false,location_stability_review_packets/gpx_groups/gpx_group_0009_yamap_2023-03-29_05_31.md,summit-candidate:339138a4e53293da|summit-candidate:4311f3ae9948ea08|summit-candidate:473a62086144ac33,gpx_group_0009|summit_candidate_0004|summit_candidate_0131|summit_candidate_0033|mountain_218,location_stability_review_packets
219,生子山,summit-candidate:339138a4e53293da,0.67,medium,location_strong_match,same_municipality,新居浜市,新居浜市,,pending_review,,,false,false,location_stability_review_packets/gpx_groups/gpx_group_0009_yamap_2023-03-29_05_31.md,summit-candidate:339138a4e53293da|summit-candidate:4311f3ae9948ea08|summit-candidate:473a62086144ac33,gpx_group_0009|summit_candidate_0004|summit_candidate_0131|summit_candidate_0033|mountain_219,location_stability_review_packets
220,犬返,summit-candidate:339138a4e53293da,0.85,medium,location_strong_match,same_municipality,新居浜市,新居浜市,,pending_review,,,false,false,location_stability_review_packets/gpx_groups/gpx_group_0009_yamap_2023-03-29_05_31.md,summit-candidate:339138a4e53293da|summit-candidate:4311f3ae9948ea08|summit-candidate:473a62086144ac33,gpx_group_0009|summit_candidate_0004|summit_candidate_0131|summit_candidate_0033|mountain_220,location_stability_review_packets
221,種子川山,summit-candidate:339138a4e53293da,0.73,medium,location_strong_match,same_municipality,新居浜市,新居浜市,,pending_review,,,false,false,location_stability_review_packets/gpx_groups/gpx_group_0009_yamap_2023-03-29_05_31.md,summit-candidate:339138a4e53293da|summit-candidate:4311f3ae9948ea08|summit-candidate:473a62086144ac33,gpx_group_0009|summit_candidate_0004|summit_candidate_0131|summit_candidate_0033|mountain_221,location_stability_review_packets
222,西赤石山,summit-candidate:473a62086144ac33,0.85,medium,adjacent_but_deep_inside,adjacent_municipality,新居浜市,西条市,,pending_review,,,false,false,location_stability_review_packets/gpx_groups/gpx_group_0009_yamap_2023-03-29_05_31.md,summit-candidate:473a62086144ac33|summit-candidate:5104c47f17101d63|summit-candidate:e2bdd25969c7f122,gpx_group_0009|summit_candidate_0033|summit_candidate_0133|summit_candidate_0135|mountain_222,location_stability_review_packets
223,物住頭,summit-candidate:473a62086144ac33,0.79,medium,adjacent_but_deep_inside,adjacent_municipality,新居浜市,西条市,,pending_review,,,false,false,location_stability_review_packets/gpx_groups/gpx_group_0009_yamap_2023-03-29_05_31.md,summit-candidate:473a62086144ac33|summit-candidate:5104c47f17101d63|summit-candidate:e2bdd25969c7f122,gpx_group_0009|summit_candidate_0033|summit_candidate_0133|summit_candidate_0135|mountain_223,location_stability_review_packets
224,上兜山,summit-candidate:339138a4e53293da,0.67,medium,location_strong_match,same_municipality,新居浜市,新居浜市,,pending_review,,,false,false,location_stability_review_packets/gpx_groups/gpx_group_0009_yamap_2023-03-29_05_31.md,summit-candidate:339138a4e53293da|summit-candidate:4311f3ae9948ea08|summit-candidate:473a62086144ac33,gpx_group_0009|summit_candidate_0004|summit_candidate_0131|summit_candidate_0033|mountain_224,location_stability_review_packets
225,下兜山,summit-candidate:4311f3ae9948ea08,0.85,medium,location_uncertain_keep,non_adjacent_municipality,新居浜市,内子町,,pending_review,,,false,false,location_stability_review_packets/gpx_groups/gpx_group_0009_yamap_2023-03-29_05_31.md,summit-candidate:4311f3ae9948ea08|summit-candidate:339138a4e53293da|summit-candidate:473a62086144ac33,gpx_group_0009|summit_candidate_0131|summit_candidate_0004|summit_candidate_0033|mountain_225,location_stability_review_packets
226,黒森山,summit-candidate:924ccfedeb6c2d2c,0.68,medium,location_uncertain_keep,candidate_boundary_ambiguous,,西条市,,pending_review,,,false,false,location_stability_review_packets/gpx_groups/gpx_group_0229_yamap_2023-04-04_12_51.md,summit-candidate:924ccfedeb6c2d2c|summit-candidate:40e090ce41a89b55|summit-candidate:dd7a40896ae9f6d4,gpx_group_0229|summit_candidate_0283|summit_candidate_0051|summit_candidate_0426|mountain_226,location_stability_review_packets
227,菊ヶ森,summit-candidate:2a670286f545beb2,0.85,medium,adjacent_but_deep_inside,adjacent_municipality,久万高原町,西条市,,pending_review,,,false,false,location_stability_review_packets/gpx_groups/gpx_group_0079_yamap_2023-04-09_09_08.md,summit-candidate:2a670286f545beb2|summit-candidate:be07cff01023e072|summit-candidate:4ffd2320af7e6acc,gpx_group_0079|summit_candidate_0064|summit_candidate_0179|summit_candidate_0408|mountain_227,location_stability_review_packets
228,餓鬼ヶ森,summit-candidate:be07cff01023e072,0.85,medium,municipality_incompatible_strong,non_adjacent_municipality,久万高原町,新居浜市,,pending_review,,,false,false,location_stability_review_packets/gpx_groups/gpx_group_0079_yamap_2023-04-09_09_08.md,summit-candidate:be07cff01023e072|summit-candidate:2a670286f545beb2|summit-candidate:4ffd2320af7e6acc,gpx_group_0079|summit_candidate_0179|summit_candidate_0064|summit_candidate_0408|mountain_228,location_stability_review_packets
229,船野山,summit-candidate:7880c9d0de83468b,0.73,medium,municipality_incompatible_strong,non_adjacent_municipality,東温市,大洲市,,pending_review,,,false,false,location_stability_review_packets/gpx_groups/gpx_group_0203_yamap_2023-04-18_06_58.md,summit-candidate:7880c9d0de83468b|summit-candidate:9669b668bebfc145|summit-candidate:54cf4155ab259d9d,gpx_group_0203|summit_candidate_0170|summit_candidate_0024|summit_candidate_0053|mountain_229,location_stability_review_packets
230,木久ヶ森,summit-candidate:9669b668bebfc145,0.67,medium,municipality_incompatible_strong,non_adjacent_municipality,西条市,大洲市,,pending_review,,,false,false,location_stability_review_packets/gpx_groups/gpx_group_0068_yamap_2023-04-18_10_53.md,summit-candidate:9669b668bebfc145|summit-candidate:7880c9d0de83468b|summit-candidate:6adfa15b8dbd8966,gpx_group_0068|summit_candidate_0024|summit_candidate_0170|summit_candidate_0146|mountain_230,location_stability_review_packets
231,黒滝山,summit-candidate:9669b668bebfc145,0.85,medium,municipality_incompatible_strong,non_adjacent_municipality,西条市,大洲市,,pending_review,,,false,false,location_stability_review_packets/gpx_groups/gpx_group_0068_yamap_2023-04-18_10_53.md,summit-candidate:9669b668bebfc145|summit-candidate:7880c9d0de83468b|summit-candidate:c2491268ea5645b7,gpx_group_0068|summit_candidate_0024|summit_candidate_0170|summit_candidate_0302|mountain_231,location_stability_review_packets
232,奥之城山,summit-candidate:ea33d870d4700a56,0.85,medium,municipality_incompatible_strong,non_adjacent_municipality,松山市,宇和島市,,pending_review,,,false,false,location_stability_review_packets/gpx_groups/gpx_group_0065_yamap_2022-03-03_10_47.md,summit-candidate:ea33d870d4700a56|summit-candidate:0ec3be2fa2295b82|summit-candidate:7d7066baad9d7077,gpx_group_0065|summit_candidate_0316|summit_candidate_0429|summit_candidate_0090|mountain_232,location_stability_review_packets
233,天狗岳,summit-candidate:3b98b67bbe0fe0f9,0.68,medium,location_uncertain_keep,candidate_boundary_ambiguous,,久万高原町,,pending_review,,,false,false,location_stability_review_packets/gpx_groups/gpx_group_0106_yamap_2022-05-22_08_09.md,summit-candidate:3b98b67bbe0fe0f9|summit-candidate:19713e48698f3e2a|summit-candidate:88555c5557efeb46,gpx_group_0106|summit_candidate_0082|summit_candidate_0161|summit_candidate_0413|mountain_233,location_stability_review_packets
234,石鎚山,summit-candidate:19713e48698f3e2a,0.68,medium,location_uncertain_keep,candidate_boundary_ambiguous,,久万高原町,,pending_review,,,false,false,location_stability_review_packets/gpx_groups/gpx_group_0260_yamap_2025-09-07_08_00.md,summit-candidate:19713e48698f3e2a|summit-candidate:3b98b67bbe0fe0f9|summit-candidate:88555c5557efeb46,gpx_group_0260|summit_candidate_0161|summit_candidate_0082|summit_candidate_0413|mountain_234,location_stability_review_packets
235,善神山,summit-candidate:367897a1c7a2d287,0.85,medium,adjacent_but_deep_inside,adjacent_municipality,東温市,西条市,,pending_review,,,false,false,location_stability_review_packets/gpx_groups/gpx_group_0094_yamap_2023-05-27_09_55.md,summit-candidate:367897a1c7a2d287|summit-candidate:4b33f9c73e644793|summit-candidate:7a53852cc6c3e971,gpx_group_0094|summit_candidate_0102|summit_candidate_0132|summit_candidate_0390|mountain_235,location_stability_review_packets
236,前善神山,summit-candidate:367897a1c7a2d287,0.79,medium,adjacent_but_deep_inside,adjacent_municipality,東温市,西条市,,pending_review,,,false,false,location_stability_review_packets/gpx_groups/gpx_group_0094_yamap_2023-05-27_09_55.md,summit-candidate:367897a1c7a2d287|summit-candidate:4b33f9c73e644793|summit-candidate:446b5fe1e7a8b2fd,gpx_group_0094|summit_candidate_0102|summit_candidate_0132|summit_candidate_0125|mountain_236,location_stability_review_packets
237,五葉が森,summit-candidate:9488d92d9ea95406,0.75,medium,location_uncertain_keep,candidate_boundary_ambiguous,,東温市,,pending_review,,,false,false,location_stability_review_packets/gpx_groups/gpx_group_0183_yamap_2023-06-11_11_57.md,summit-candidate:9488d92d9ea95406|summit-candidate:1d3eb619bd125bfd|summit-candidate:3f84cc393481fcf2,gpx_group_0183|summit_candidate_0346|summit_candidate_0382|summit_candidate_0378|mountain_237,location_stability_review_packets
238,冠岳,summit-candidate:b73a23fa4b3abc39,0.85,medium,adjacent_but_deep_inside,adjacent_municipality,久万高原町,西条市,,pending_review,,,false,false,location_stability_review_packets/gpx_groups/gpx_group_0084_yamap_2023-09-06_13_30.md,summit-candidate:b73a23fa4b3abc39|summit-candidate:fe43b0b6aa90cb8f|summit-candidate:846b096132c533d6,gpx_group_0084|summit_candidate_0096|summit_candidate_0136|summit_candidate_0022|mountain_238,location_stability_review_packets
239,東赤石山,summit-candidate:2b7cce23b57844a5,0.69,medium,location_uncertain_keep,candidate_boundary_ambiguous,,西条市,,pending_review,,,false,false,location_stability_review_packets/gpx_groups/gpx_group_0085_yamap_2022-10-08_06_12.md,summit-candidate:2b7cce23b57844a5|summit-candidate:5104c47f17101d63|summit-candidate:e2bdd25969c7f122,gpx_group_0085|summit_candidate_0065|summit_candidate_0133|summit_candidate_0135|mountain_239,location_stability_review_packets
240,八巻山,summit-candidate:2b7cce23b57844a5,0.75,medium,location_uncertain_keep,candidate_boundary_ambiguous,,西条市,,pending_review,,,false,false,location_stability_review_packets/gpx_groups/gpx_group_0085_yamap_2022-10-08_06_12.md,summit-candidate:2b7cce23b57844a5|summit-candidate:e2bdd25969c7f122|summit-candidate:5104c47f17101d63,gpx_group_0085|summit_candidate_0065|summit_candidate_0135|summit_candidate_0133|mountain_240,location_stability_review_packets
241,ベツソ山,summit-candidate:dba931625b34d9ac,0.73,medium,location_uncertain_keep,non_adjacent_municipality,伊予市,今治市,,pending_review,,,false,false,location_stability_review_packets/gpx_groups/gpx_group_0027_yamap_2023-10-13_10_02.md,summit-candidate:dba931625b34d9ac|summit-candidate:4416099ca0f9da08|summit-candidate:4973965873779cdc,gpx_group_0027|summit_candidate_0097|summit_candidate_0052|summit_candidate_0373|mountain_241,location_stability_review_packets
242,歯朶谷山,summit-candidate:dba931625b34d9ac,0.85,medium,location_uncertain_keep,non_adjacent_municipality,伊予市,今治市,,pending_review,,,false,false,location_stability_review_packets/gpx_groups/gpx_group_0027_yamap_2023-10-13_10_02.md,summit-candidate:dba931625b34d9ac|summit-candidate:35b464661fa62df9|summit-candidate:d03c84134ca0989d,gpx_group_0027|summit_candidate_0097|summit_candidate_0032|summit_candidate_0038|mountain_242,location_stability_review_packets
243,丸山,summit-candidate:2670057d58a25475,0.85,medium,municipality_incompatible_strong,non_adjacent_municipality,今治市,内子町,,pending_review,,,false,false,location_stability_review_packets/gpx_groups/gpx_group_0189_yamap_2023-10-14_07_53.md,summit-candidate:2670057d58a25475|summit-candidate:5f001ac124f82ef6|summit-candidate:a9a2a270fb6273fe,gpx_group_0189|summit_candidate_0329|summit_candidate_0030|summit_candidate_0174|mountain_243,location_stability_review_packets
244,二ノ岳,summit-candidate:b58470f57bb41331,0.63,medium,municipality_incompatible_strong,non_adjacent_municipality,西条市,四国中央市,,pending_review,,,false,false,location_stability_review_packets/gpx_groups/gpx_group_0081_yamap_2023-10-22_06_44.md,summit-candidate:b58470f57bb41331|summit-candidate:0a89128346167f6e|summit-candidate:ad2256a1bfd3ef78,gpx_group_0081|summit_candidate_0351|summit_candidate_0253|summit_candidate_0467|mountain_244,location_stability_review_packets
245,高森,summit-candidate:5771cdd191c3861d,0.63,medium,location_strong_match,same_municipality,西条市,西条市,,pending_review,,,false,false,location_stability_review_packets/gpx_groups/gpx_group_0081_yamap_2023-10-22_06_44.md,summit-candidate:5771cdd191c3861d|summit-candidate:a61fd78e4e062683|summit-candidate:d03c84134ca0989d,gpx_group_0081|summit_candidate_0106|summit_candidate_0441|summit_candidate_0038|mountain_245,location_stability_review_packets
246,四辻ノ森,summit-candidate:d659f1dc6e5fa0b5,0.85,medium,adjacent_but_deep_inside,adjacent_municipality,久万高原町,西予市,,pending_review,,,false,false,location_stability_review_packets/gpx_groups/gpx_group_0136_yamap_2023-11-11_07_17.md,summit-candidate:d659f1dc6e5fa0b5|summit-candidate:c4504025c94f843c|summit-candidate:05f8527418663d3a,gpx_group_0136|summit_candidate_0309|summit_candidate_0233|summit_candidate_0402|mountain_246,location_stability_review_packets
247,三光ノ辻山,summit-candidate:c4504025c94f843c,0.85,medium,adjacent_but_deep_inside,adjacent_municipality,久万高原町,内子町,,pending_review,,,false,false,location_stability_review_packets/gpx_groups/gpx_group_0136_yamap_2023-11-11_07_17.md,summit-candidate:c4504025c94f843c|summit-candidate:d659f1dc6e5fa0b5|summit-candidate:05f8527418663d3a,gpx_group_0136|summit_candidate_0233|summit_candidate_0309|summit_candidate_0402|mountain_247,location_stability_review_packets
248,瀬戸黒森,summit-candidate:290abf917754fd0b,0.75,medium,location_uncertain_keep,candidate_boundary_ambiguous,,西条市,,pending_review,,,false,false,location_stability_review_packets/gpx_groups/gpx_group_0124_yamap_2023-11-19_06_46.md,summit-candidate:290abf917754fd0b|summit-candidate:9a0532ee2b40e5f3|summit-candidate:b997b8fd6709731d,gpx_group_0124|summit_candidate_0330|summit_candidate_0149|summit_candidate_0398|mountain_248,location_stability_review_packets
249,羽子山,summit-candidate:9a0532ee2b40e5f3,0.85,medium,municipality_incompatible_strong,non_adjacent_municipality,愛南町,内子町,,pending_review,,,false,false,location_stability_review_packets/gpx_groups/gpx_group_0124_yamap_2023-11-19_06_46.md,summit-candidate:9a0532ee2b40e5f3|summit-candidate:b997b8fd6709731d|summit-candidate:cf1cb583d492455c,gpx_group_0124|summit_candidate_0149|summit_candidate_0398|summit_candidate_0237|mountain_249,location_stability_review_packets
250,観音森,summit-candidate:cf1cb583d492455c,0.85,medium,municipality_incompatible_strong,non_adjacent_municipality,愛南町,内子町,,pending_review,,,false,false,location_stability_review_packets/gpx_groups/gpx_group_0124_yamap_2023-11-19_06_46.md,summit-candidate:cf1cb583d492455c|summit-candidate:b997b8fd6709731d|summit-candidate:9a0532ee2b40e5f3,gpx_group_0124|summit_candidate_0237|summit_candidate_0398|summit_candidate_0149|mountain_250,location_stability_review_packets
251,三森,summit-candidate:f7593239fa7bdcc9,0.85,medium,municipality_incompatible_strong,non_adjacent_municipality,愛南町,砥部町,,pending_review,,,false,false,location_stability_review_packets/gpx_groups/gpx_group_0124_yamap_2023-11-19_06_46.md,summit-candidate:f7593239fa7bdcc9|summit-candidate:9a0532ee2b40e5f3|summit-candidate:b997b8fd6709731d,gpx_group_0124|summit_candidate_0367|summit_candidate_0149|summit_candidate_0398|mountain_251,location_stability_review_packets
252,総津権現山,summit-candidate:f108570a8e33ce90,0.85,medium,municipality_incompatible_strong,non_adjacent_municipality,砥部町,大洲市,,pending_review,,,false,false,location_stability_review_packets/gpx_groups/gpx_group_0145_yamap_2023-12-17_07_11.md,summit-candidate:f108570a8e33ce90|summit-candidate:1d97e1955af85092|summit-candidate:047b9599ec28c6ad,gpx_group_0145|summit_candidate_0247|summit_candidate_0079|summit_candidate_0120|mountain_252,location_stability_review_packets
253,秦皇山,summit-candidate:1d97e1955af85092,0.67,medium,adjacent_but_deep_inside,adjacent_municipality,伊予市,大洲市,,pending_review,,,false,false,location_stability_review_packets/gpx_groups/gpx_group_0024_yamap_2023-12-17_10_30.md,summit-candidate:1d97e1955af85092|summit-candidate:f108570a8e33ce90|summit-candidate:276fed5ecb7b3eb4,gpx_group_0024|summit_candidate_0079|summit_candidate_0247|summit_candidate_0260|mountain_253,location_stability_review_packets
254,平岡山(平岡城址),summit-candidate:1d97e1955af85092,0.85,medium,adjacent_but_deep_inside,adjacent_municipality,伊予市,大洲市,,pending_review,,,false,false,location_stability_review_packets/gpx_groups/gpx_group_0024_yamap_2023-12-17_10_30.md,summit-candidate:1d97e1955af85092|summit-candidate:f108570a8e33ce90|summit-candidate:2b56d4ad77a0c4b7,gpx_group_0024|summit_candidate_0079|summit_candidate_0247|summit_candidate_0261|mountain_254,location_stability_review_packets
255,竜門山,summit-candidate:64a47ed9c06f56d5,0.75,medium,location_uncertain_keep,candidate_boundary_ambiguous,,内子町,,pending_review,,,false,false,location_stability_review_packets/gpx_groups/gpx_group_0111_yamap_2024-01-14_10_18.md,summit-candidate:64a47ed9c06f56d5|summit-candidate:99b1b356cad63b98|summit-candidate:54cf4155ab259d9d,gpx_group_0111|summit_candidate_0208|summit_candidate_0219|summit_candidate_0053|mountain_255,location_stability_review_packets
256,大黒山,summit-candidate:99b1b356cad63b98,0.67,medium,municipality_incompatible_strong,non_adjacent_municipality,西条市,内子町,,pending_review,,,false,false,location_stability_review_packets/gpx_groups/gpx_group_0111_yamap_2024-01-14_10_18.md,summit-candidate:99b1b356cad63b98|summit-candidate:64a47ed9c06f56d5|summit-candidate:282882317c3aab0b,gpx_group_0111|summit_candidate_0219|summit_candidate_0208|summit_candidate_0163|mountain_256,location_stability_review_packets
257,大空山,summit-candidate:fd13fabb918486e6,0.68,medium,location_strong_match,same_municipality,今治市,今治市,,pending_review,,,false,false,location_stability_review_packets/gpx_groups/gpx_group_0164_yamap_2024-01-27_08_01.md,summit-candidate:fd13fabb918486e6|summit-candidate:02d59cd1260af017|summit-candidate:468c5bbccd8aba53,gpx_group_0164|summit_candidate_0185|summit_candidate_0034|summit_candidate_0118|mountain_257,location_stability_review_packets
258,御串山,summit-candidate:02d59cd1260af017,0.68,medium,location_uncertain_keep,non_adjacent_municipality,今治市,四国中央市,,pending_review,,,false,false,location_stability_review_packets/gpx_groups/gpx_group_0057_yamap_2024-01-27_10_11.md,summit-candidate:02d59cd1260af017|summit-candidate:468c5bbccd8aba53|summit-candidate:fd13fabb918486e6,gpx_group_0057|summit_candidate_0034|summit_candidate_0118|summit_candidate_0185|mountain_258,location_stability_review_packets
259,宝股山,summit-candidate:468c5bbccd8aba53,0.68,medium,location_strong_match,same_municipality,今治市,今治市,,pending_review,,,false,false,location_stability_review_packets/gpx_groups/gpx_group_0146_yamap_2024-01-27_13_31.md,summit-candidate:468c5bbccd8aba53|summit-candidate:fd13fabb918486e6|summit-candidate:02d59cd1260af017,gpx_group_0146|summit_candidate_0118|summit_candidate_0185|summit_candidate_0034|mountain_259,location_stability_review_packets
260,開山,summit-candidate:02d59cd1260af017,0.5,low,location_uncertain_keep,non_adjacent_municipality,今治市,四国中央市,,pending_review,,,false,false,location_stability_review_packets/gpx_groups/gpx_group_0057_yamap_2024-01-27_10_11.md,summit-candidate:02d59cd1260af017|summit-candidate:468c5bbccd8aba53|summit-candidate:fd13fabb918486e6,gpx_group_0057|summit_candidate_0034|summit_candidate_0118|summit_candidate_0185|mountain_260,location_stability_review_packets
261,鳥屋ヶ森,summit-candidate:ef6730fa259856ec,0.85,medium,location_uncertain_keep,non_adjacent_municipality,宇和島市,松山市,,pending_review,,,false,false,location_stability_review_packets/gpx_groups/gpx_group_0137_yamap_2024-02-10_07_09.md,summit-candidate:ef6730fa259856ec|summit-candidate:ef3e845b5d632dd3|summit-candidate:84f974876f397da1,gpx_group_0137|summit_candidate_0319|summit_candidate_0246|summit_candidate_0172|mountain_261,location_stability_review_packets
262,熊ガ峰,summit-candidate:ef3e845b5d632dd3,0.85,medium,municipality_incompatible_strong,non_adjacent_municipality,宇和島市,松山市,,pending_review,,,false,false,location_stability_review_packets/gpx_groups/gpx_group_0143_yamap_2024-02-10_09_58.md,summit-candidate:ef3e845b5d632dd3|summit-candidate:ef6730fa259856ec|summit-candidate:84f974876f397da1,gpx_group_0143|summit_candidate_0246|summit_candidate_0319|summit_candidate_0172|mountain_262,location_stability_review_packets
263,権現山,summit-candidate:84f974876f397da1,0.85,medium,municipality_incompatible_strong,non_adjacent_municipality,宇和島市,八幡浜市,,pending_review,,,false,false,location_stability_review_packets/gpx_groups/gpx_group_0208_yamap_2024-02-10_13_09.md,summit-candidate:84f974876f397da1|summit-candidate:2c817617699a0a45|summit-candidate:e8b129f70e703be5,gpx_group_0208|summit_candidate_0172|summit_candidate_0372|summit_candidate_0026|mountain_263,location_stability_review_packets
264,大黒山,summit-candidate:f5c22dac4bd015ae,0.75,medium,location_uncertain_keep,candidate_boundary_ambiguous,,西条市,,pending_review,,,false,false,location_stability_review_packets/gpx_groups/gpx_group_0113_yamap_2024-02-17_05_38.md,summit-candidate:f5c22dac4bd015ae|summit-candidate:282882317c3aab0b|summit-candidate:19baf3ce30f8991a,gpx_group_0113|summit_candidate_0250|summit_candidate_0163|summit_candidate_0258|mountain_264,location_stability_review_packets
265,譲ヶ葉森,summit-candidate:19baf3ce30f8991a,0.85,medium,municipality_incompatible_strong,non_adjacent_municipality,宇和島市,内子町,,pending_review,,,false,false,location_stability_review_packets/gpx_groups/gpx_group_0113_yamap_2024-02-17_05_38.md,summit-candidate:19baf3ce30f8991a|summit-candidate:56cffb103cbe3aac|summit-candidate:f5c22dac4bd015ae,gpx_group_0113|summit_candidate_0258|summit_candidate_0458|summit_candidate_0250|mountain_265,location_stability_review_packets
266,郭公岳,summit-candidate:3853fbbba7330ec4,0.68,medium,location_uncertain_keep,candidate_boundary_ambiguous,,西条市,,pending_review,,,false,false,location_stability_review_packets/gpx_groups/gpx_group_0110_yamap_2024-02-24_07_06.md,summit-candidate:3853fbbba7330ec4|summit-candidate:f7e5fd7b11eb7bd4|summit-candidate:62351b8782d6f597,gpx_group_0110|summit_candidate_0262|summit_candidate_0157|summit_candidate_0145|mountain_266,location_stability_review_packets
267,東高月山,summit-candidate:62351b8782d6f597,0.69,medium,location_uncertain_keep,candidate_boundary_ambiguous,,西予市,,pending_review,,,false,false,location_stability_review_packets/gpx_groups/gpx_group_0110_yamap_2024-02-24_07_06.md,summit-candidate:62351b8782d6f597|summit-candidate:f7e5fd7b11eb7bd4|summit-candidate:90c3723735d95c0d,gpx_group_0110|summit_candidate_0145|summit_candidate_0157|summit_candidate_0281|mountain_267,location_stability_review_packets
268,高月山,summit-candidate:90c3723735d95c0d,0.75,medium,location_uncertain_keep,candidate_boundary_ambiguous,,内子町,,pending_review,,,false,false,location_stability_review_packets/gpx_groups/gpx_group_0110_yamap_2024-02-24_07_06.md,summit-candidate:90c3723735d95c0d|summit-candidate:f7e5fd7b11eb7bd4|summit-candidate:62351b8782d6f597,gpx_group_0110|summit_candidate_0281|summit_candidate_0157|summit_candidate_0145|mountain_268,location_stability_review_packets
269,櫨ヶ森,summit-candidate:f7e5fd7b11eb7bd4,0.79,medium,municipality_incompatible_strong,non_adjacent_municipality,宇和島市,西条市,,pending_review,,,false,false,location_stability_review_packets/gpx_groups/gpx_group_0110_yamap_2024-02-24_07_06.md,summit-candidate:f7e5fd7b11eb7bd4|summit-candidate:ba56c1ac8ac55c5f|summit-candidate:62351b8782d6f597,gpx_group_0110|summit_candidate_0157|summit_candidate_0445|summit_candidate_0145|mountain_269,location_stability_review_packets
270,毛山,summit-candidate:40068653b28bad40,0.85,medium,municipality_incompatible_strong,non_adjacent_municipality,宇和島市,西条市,,pending_review,,,false,false,location_stability_review_packets/gpx_groups/gpx_group_0048_yamap_2022-04-08_09_33.md,summit-candidate:40068653b28bad40|summit-candidate:f7e5fd7b11eb7bd4|summit-candidate:ba56c1ac8ac55c5f,gpx_group_0048|summit_candidate_0265|summit_candidate_0157|summit_candidate_0445|mountain_270,location_stability_review_packets
271,白石山,summit-candidate:ac8e3853fbbf0c6f,0.85,medium,municipality_incompatible_strong,non_adjacent_municipality,愛南町,四国中央市,,pending_review,,,false,false,location_stability_review_packets/gpx_groups/gpx_group_0215_yamap_2024-03-03_06_23.md,summit-candidate:ac8e3853fbbf0c6f|summit-candidate:a53cc9868b7f2f70|summit-candidate:93a4d66ef3ee559d,gpx_group_0215|summit_candidate_0294|summit_candidate_0173|summit_candidate_0215|mountain_271,location_stability_review_packets
272,観音岳,summit-candidate:a53cc9868b7f2f70,0.78,medium,location_uncertain_keep,non_adjacent_municipality,愛南町,内子町,,pending_review,,,false,false,location_stability_review_packets/gpx_groups/gpx_group_0243_yamap_2024-03-03_08_44.md,summit-candidate:a53cc9868b7f2f70|summit-candidate:ac8e3853fbbf0c6f|summit-candidate:cf1cb583d492455c,gpx_group_0243|summit_candidate_0173|summit_candidate_0294|summit_candidate_0237|mountain_272,location_stability_review_packets
273,音無山,summit-candidate:97e45d6eab227d56,0.85,medium,municipality_incompatible_strong,non_adjacent_municipality,宇和島市,砥部町,,pending_review,,,false,false,location_stability_review_packets/gpx_groups/gpx_group_0224_yamap_2024-03-03_10_00.md,summit-candidate:97e45d6eab227d56|summit-candidate:93a4d66ef3ee559d|summit-candidate:a53cc9868b7f2f70,gpx_group_0224|summit_candidate_0286|summit_candidate_0215|summit_candidate_0173|mountain_273,location_stability_review_packets
274,天ガ森,summit-candidate:93a4d66ef3ee559d,0.79,medium,municipality_incompatible_strong,non_adjacent_municipality,宇和島市,今治市,,pending_review,,,false,false,location_stability_review_packets/gpx_groups/gpx_group_0172_yamap_2024-03-03_13_33.md,summit-candidate:93a4d66ef3ee559d|summit-candidate:97e45d6eab227d56|summit-candidate:a53cc9868b7f2f70,gpx_group_0172|summit_candidate_0215|summit_candidate_0286|summit_candidate_0173|mountain_274,location_stability_review_packets
275,夫婦山,summit-candidate:3e9348428f22a320,0.85,medium,municipality_incompatible_strong,non_adjacent_municipality,松山市,内子町,,pending_review,,,false,false,location_stability_review_packets/gpx_groups/gpx_group_0025_yamap_2024-03-10_07_12.md,summit-candidate:3e9348428f22a320|summit-candidate:2ab43729f5e80cbe|summit-candidate:cf29543e6beaa1ec,gpx_group_0025|summit_candidate_0264|summit_candidate_0139|summit_candidate_0238|mountain_275,location_stability_review_packets
276,白山,summit-candidate:13b7a4bb8154974a,0.85,medium,adjacent_but_deep_inside,adjacent_municipality,松山市,今治市,,pending_review,,,false,false,location_stability_review_packets/gpx_groups/gpx_group_0025_yamap_2024-03-10_07_12.md,summit-candidate:13b7a4bb8154974a|summit-candidate:3a491eecbf684185|summit-candidate:2ab43729f5e80cbe,gpx_group_0025|summit_candidate_0063|summit_candidate_0431|summit_candidate_0139|mountain_276,location_stability_review_packets
277,観音山,summit-candidate:cf29543e6beaa1ec,0.85,medium,municipality_incompatible_strong,non_adjacent_municipality,松山市,内子町,,pending_review,,,false,false,location_stability_review_packets/gpx_groups/gpx_group_0025_yamap_2024-03-10_07_12.md,summit-candidate:cf29543e6beaa1ec|summit-candidate:13b7a4bb8154974a|summit-candidate:2ab43729f5e80cbe,gpx_group_0025|summit_candidate_0238|summit_candidate_0063|summit_candidate_0139|mountain_277,location_stability_review_packets
278,国見山,summit-candidate:2ab43729f5e80cbe,0.85,medium,municipality_incompatible_strong,non_adjacent_municipality,松山市,内子町,,pending_review,,,false,false,location_stability_review_packets/gpx_groups/gpx_group_0025_yamap_2024-03-10_07_12.md,summit-candidate:2ab43729f5e80cbe|summit-candidate:3e9348428f22a320|summit-candidate:cf29543e6beaa1ec,gpx_group_0025|summit_candidate_0139|summit_candidate_0264|summit_candidate_0238|mountain_278,location_stability_review_packets
279,城山,summit-candidate:1432f597b5dca157,0.85,medium,missing_location_evidence,missing_mountain_municipality,松山市,松山市,,pending_review,,,false,false,location_stability_review_packets/gpx_groups/gpx_group_0020_yamap_2023-01-28_14_27.md,summit-candidate:1432f597b5dca157|summit-candidate:d19542a61a416537|summit-candidate:0022a746b396d4c7,gpx_group_0020|summit_candidate_0018|summit_candidate_0472|summit_candidate_0375|mountain_279,location_stability_review_packets
280,御勧請山,summit-candidate:13b7a4bb8154974a,0.85,medium,adjacent_but_deep_inside,adjacent_municipality,松山市,今治市,,pending_review,,,false,false,location_stability_review_packets/gpx_groups/gpx_group_0025_yamap_2024-03-10_07_12.md,summit-candidate:13b7a4bb8154974a|summit-candidate:3a491eecbf684185|summit-candidate:2ab43729f5e80cbe,gpx_group_0025|summit_candidate_0063|summit_candidate_0431|summit_candidate_0139|mountain_280,location_stability_review_packets
281,トギ,summit-candidate:e75e04c2fbe61c2f,0.85,medium,adjacent_but_deep_inside,adjacent_municipality,大洲市,八幡浜市,,pending_review,,,false,false,location_stability_review_packets/gpx_groups/gpx_group_0026_yamap_2024-03-16_09_21.md,summit-candidate:e75e04c2fbe61c2f|summit-candidate:3c28b6ebd5a97155|summit-candidate:b49681fa67b2b53e,gpx_group_0026|summit_candidate_0075|summit_candidate_0049|summit_candidate_0397|mountain_281,location_stability_review_packets
282,張木山,summit-candidate:3c28b6ebd5a97155,0.85,medium,location_strong_match,same_municipality,大洲市,大洲市,,pending_review,,,false,false,location_stability_review_packets/gpx_groups/gpx_group_0071_yamap_2024-03-16_13_58.md,summit-candidate:3c28b6ebd5a97155|summit-candidate:b49681fa67b2b53e|summit-candidate:e75e04c2fbe61c2f,gpx_group_0071|summit_candidate_0049|summit_candidate_0397|summit_candidate_0075|mountain_282,location_stability_review_packets
283,高手山,summit-candidate:e75e04c2fbe61c2f,0.79,medium,adjacent_but_deep_inside,adjacent_municipality,大洲市,八幡浜市,,pending_review,,,false,false,location_stability_review_packets/gpx_groups/gpx_group_0026_yamap_2024-03-16_09_21.md,summit-candidate:e75e04c2fbe61c2f|summit-candidate:3c28b6ebd5a97155|summit-candidate:b49681fa67b2b53e,gpx_group_0026|summit_candidate_0075|summit_candidate_0049|summit_candidate_0397|mountain_283,location_stability_review_packets
284,斎藤山,summit-candidate:3c28b6ebd5a97155,0.79,medium,location_strong_match,same_municipality,大洲市,大洲市,,pending_review,,,false,false,location_stability_review_packets/gpx_groups/gpx_group_0071_yamap_2024-03-16_13_58.md,summit-candidate:3c28b6ebd5a97155|summit-candidate:b49681fa67b2b53e|summit-candidate:e75e04c2fbe61c2f,gpx_group_0071|summit_candidate_0049|summit_candidate_0397|summit_candidate_0075|mountain_284,location_stability_review_packets
285,御祝山,summit-candidate:9186201ca03b041d,0.67,medium,location_uncertain_keep,non_adjacent_municipality,松野町,西予市,,pending_review,,,false,false,location_stability_review_packets/gpx_groups/gpx_group_0069_yamap_2024-03-30_07_11.md,summit-candidate:9186201ca03b041d|summit-candidate:12c27f259b66de80|summit-candidate:19ab381ef6c337af,gpx_group_0069|summit_candidate_0005|summit_candidate_0129|summit_candidate_0117|mountain_285,location_stability_review_packets
286,横ノ森,summit-candidate:12c27f259b66de80,0.73,medium,boundary_plausible,adjacent_municipality,宇和島市,西予市,,pending_review,,,false,false,location_stability_review_packets/gpx_groups/gpx_group_0069_yamap_2024-03-30_07_11.md,summit-candidate:12c27f259b66de80|summit-candidate:9186201ca03b041d|summit-candidate:babbcdf7bbd23463,gpx_group_0069|summit_candidate_0129|summit_candidate_0005|summit_candidate_0299|mountain_286,location_stability_review_packets
287,小屋ヶ森,summit-candidate:9186201ca03b041d,0.79,medium,location_uncertain_keep,non_adjacent_municipality,松野町,西予市,,pending_review,,,false,false,location_stability_review_packets/gpx_groups/gpx_group_0069_yamap_2024-03-30_07_11.md,summit-candidate:9186201ca03b041d|summit-candidate:12c27f259b66de80|summit-candidate:27c1036d4aa2230e,gpx_group_0069|summit_candidate_0005|summit_candidate_0129|summit_candidate_0123|mountain_287,location_stability_review_packets
288,串ヶ森,summit-candidate:9186201ca03b041d,0.85,medium,location_uncertain_keep,non_adjacent_municipality,松野町,西予市,,pending_review,,,false,false,location_stability_review_packets/gpx_groups/gpx_group_0069_yamap_2024-03-30_07_11.md,summit-candidate:9186201ca03b041d|summit-candidate:12c27f259b66de80|summit-candidate:27c1036d4aa2230e,gpx_group_0069|summit_candidate_0005|summit_candidate_0129|summit_candidate_0123|mountain_288,location_stability_review_packets
289,目黒鳥屋,summit-candidate:9186201ca03b041d,0.85,medium,location_uncertain_keep,non_adjacent_municipality,松野町,西予市,,pending_review,,,false,false,location_stability_review_packets/gpx_groups/gpx_group_0069_yamap_2024-03-30_07_11.md,summit-candidate:9186201ca03b041d|summit-candidate:12c27f259b66de80|summit-candidate:5b124255339c0714,gpx_group_0069|summit_candidate_0005|summit_candidate_0129|summit_candidate_0205|mountain_289,location_stability_review_packets
290,長尾森,summit-candidate:9186201ca03b041d,0.79,medium,location_uncertain_keep,non_adjacent_municipality,松野町,西予市,,pending_review,,,false,false,location_stability_review_packets/gpx_groups/gpx_group_0069_yamap_2024-03-30_07_11.md,summit-candidate:9186201ca03b041d|summit-candidate:12c27f259b66de80|summit-candidate:27c1036d4aa2230e,gpx_group_0069|summit_candidate_0005|summit_candidate_0129|summit_candidate_0123|mountain_290,location_stability_review_packets
291,二箆山,summit-candidate:0a89128346167f6e,0.79,medium,adjacent_but_deep_inside,adjacent_municipality,久万高原町,西予市,,pending_review,,,false,false,location_stability_review_packets/gpx_groups/gpx_group_0126_yamap_2024-04-07_06_45.md,summit-candidate:0a89128346167f6e|summit-candidate:67df63dc99cf8614|summit-candidate:09c1602c02ce7f78,gpx_group_0126|summit_candidate_0253|summit_candidate_0433|summit_candidate_0381|mountain_291,location_stability_review_packets
292,西雑誌山,summit-candidate:aa8ff99fc3bd426d,0.85,medium,boundary_plausible,adjacent_municipality,久万高原町,西条市,,pending_review,,,false,false,location_stability_review_packets/gpx_groups/gpx_group_0126_yamap_2024-04-07_06_45.md,summit-candidate:aa8ff99fc3bd426d|summit-candidate:09c1602c02ce7f78|summit-candidate:e4172c5503fdcc89,gpx_group_0126|summit_candidate_0293|summit_candidate_0381|summit_candidate_0427|mountain_292,location_stability_review_packets
293,気多山,summit-candidate:e010f98d2b23f547,0.85,medium,adjacent_but_deep_inside,adjacent_municipality,久万高原町,西予市,,pending_review,,,false,false,location_stability_review_packets/gpx_groups/gpx_group_0098_yamap_2024-04-20_05_43.md,summit-candidate:e010f98d2b23f547|summit-candidate:3f404ba3e31c8b54|summit-candidate:76cc7bb75549e7a1,gpx_group_0098|summit_candidate_0361|summit_candidate_0384|summit_candidate_0088|mountain_293,location_stability_review_packets
294,八辻ノ峰,summit-candidate:76cc7bb75549e7a1,0.79,medium,adjacent_but_deep_inside,adjacent_municipality,久万高原町,西条市,,pending_review,,,false,false,location_stability_review_packets/gpx_groups/gpx_group_0098_yamap_2024-04-20_05_43.md,summit-candidate:76cc7bb75549e7a1|summit-candidate:3f404ba3e31c8b54|summit-candidate:83056c3652757f25,gpx_group_0098|summit_candidate_0088|summit_candidate_0384|summit_candidate_0412|mountain_294,location_stability_review_packets
295,五代ヶ森,summit-candidate:76cc7bb75549e7a1,0.85,medium,adjacent_but_deep_inside,adjacent_municipality,久万高原町,西条市,,pending_review,,,false,false,location_stability_review_packets/gpx_groups/gpx_group_0098_yamap_2024-04-20_05_43.md,summit-candidate:76cc7bb75549e7a1|summit-candidate:3f404ba3e31c8b54|summit-candidate:83056c3652757f25,gpx_group_0098|summit_candidate_0088|summit_candidate_0384|summit_candidate_0412|mountain_295,location_stability_review_packets
296,桂ヶ森,summit-candidate:c210f415fc55501f,0.85,medium,adjacent_but_deep_inside,adjacent_municipality,久万高原町,内子町,,pending_review,,,false,false,location_stability_review_packets/gpx_groups/gpx_group_0230_yamap_2024-04-27_08_04.md,summit-candidate:c210f415fc55501f|summit-candidate:c4504025c94f843c|summit-candidate:05f8527418663d3a,gpx_group_0230|summit_candidate_0355|summit_candidate_0233|summit_candidate_0402|mountain_296,location_stability_review_packets
297,狼ヶ城山,summit-candidate:95a8fa74fd4af7b0,0.75,medium,location_uncertain_keep,candidate_boundary_ambiguous,,西条市,,pending_review,,,false,false,location_stability_review_packets/gpx_groups/gpx_group_0221_yamap_2024-04-28_07_11.md,summit-candidate:95a8fa74fd4af7b0|summit-candidate:498b9618ca98fa34|summit-candidate:606168b97944fce5,gpx_group_0221|summit_candidate_0217|summit_candidate_0140|summit_candidate_0069|mountain_297,location_stability_review_packets
298,日浦嶺,summit-candidate:606168b97944fce5,0.68,medium,location_uncertain_keep,candidate_boundary_ambiguous,,内子町,,pending_review,,,false,false,location_stability_review_packets/gpx_groups/gpx_group_0073_yamap_2024-04-28_10_37.md,summit-candidate:606168b97944fce5|summit-candidate:95a8fa74fd4af7b0|summit-candidate:498b9618ca98fa34,gpx_group_0073|summit_candidate_0069|summit_candidate_0217|summit_candidate_0140|mountain_298,location_stability_review_packets
299,打越山,summit-candidate:498b9618ca98fa34,0.68,medium,location_uncertain_keep,candidate_boundary_ambiguous,,砥部町,,pending_review,,,false,false,location_stability_review_packets/gpx_groups/gpx_group_0073_yamap_2024-04-28_10_37.md,summit-candidate:498b9618ca98fa34|summit-candidate:95a8fa74fd4af7b0|summit-candidate:606168b97944fce5,gpx_group_0073|summit_candidate_0140|summit_candidate_0217|summit_candidate_0069|mountain_299,location_stability_review_packets
300,面河山,summit-candidate:22e40e9eb117a033,0.85,medium,adjacent_but_deep_inside,adjacent_municipality,久万高原町,西条市,,pending_review,,,false,false,location_stability_review_packets/gpx_groups/gpx_group_0267_yamap_2024-05-03_08_45.md,summit-candidate:22e40e9eb117a033|summit-candidate:1ebd63d8e2790409|summit-candidate:aa6060fe8a831f45,gpx_group_0267|summit_candidate_0259|summit_candidate_0019|summit_candidate_0227|mountain_300,location_stability_review_packets
301,丸笹山,summit-candidate:aa6060fe8a831f45,0.85,medium,boundary_plausible,adjacent_municipality,久万高原町,西条市,,pending_review,,,false,false,location_stability_review_packets/gpx_groups/gpx_group_0266_yamap_2024-05-11_13_46.md,summit-candidate:aa6060fe8a831f45|summit-candidate:5ec5a611be375a53|summit-candidate:8917a066a1c03aeb,gpx_group_0266|summit_candidate_0227|summit_candidate_0207|summit_candidate_0393|mountain_301,location_stability_review_packets
302,丸滝山,summit-candidate:5ec5a611be375a53,0.79,medium,boundary_plausible,adjacent_municipality,久万高原町,西条市,,pending_review,,,false,false,location_stability_review_packets/gpx_groups/gpx_group_0216_yamap_2024-05-11_07_45.md,summit-candidate:5ec5a611be375a53|summit-candidate:aa6060fe8a831f45|summit-candidate:8917a066a1c03aeb,gpx_group_0216|summit_candidate_0207|summit_candidate_0227|summit_candidate_0393|mountain_302,location_stability_review_packets
303,名石山,summit-candidate:ea919bf883e31a7b,0.75,medium,location_uncertain_keep,candidate_boundary_ambiguous,,宇和島市,,pending_review,,,false,false,location_stability_review_packets/gpx_groups/gpx_group_0173_yamap_2024-05-15_11_16.md,summit-candidate:ea919bf883e31a7b|summit-candidate:40260be41579ab8f|summit-candidate:fe8f624bdaa57afd,gpx_group_0173|summit_candidate_0365|summit_candidate_0050|summit_candidate_0251|mountain_303,location_stability_review_packets
304,青刈山,summit-candidate:588c967023117267,0.5,low,location_uncertain_keep,non_adjacent_municipality,今治市,宇和島市,,pending_review,,,false,false,location_stability_review_packets/gpx_groups/gpx_group_0046_yamap_2022-09-26_14_04.md,summit-candidate:588c967023117267|summit-candidate:8251283605282249|summit-candidate:94e96018c0a5450d,gpx_group_0046|summit_candidate_0054|summit_candidate_0171|summit_candidate_0285|mountain_304,location_stability_review_packets
305,椿山,summit-candidate:1b665bc67a34756a,0.85,medium,location_uncertain_keep,non_adjacent_municipality,久万高原町,新居浜市,,pending_review,,,false,false,location_stability_review_packets/gpx_groups/gpx_group_0225_yamap_2024-06-01_07_14.md,summit-candidate:1b665bc67a34756a|summit-candidate:26848eb9192f4a1a|summit-candidate:6ff5d266707ae664,gpx_group_0225|summit_candidate_0326|summit_candidate_0457|summit_candidate_0409|mountain_305,location_stability_review_packets
306,黒森山,summit-candidate:40e090ce41a89b55,0.69,medium,location_uncertain_keep,candidate_boundary_ambiguous,,西条市,,pending_review,,,false,false,location_stability_review_packets/gpx_groups/gpx_group_0096_yamap_2024-06-08_08_42.md,summit-candidate:40e090ce41a89b55|summit-candidate:dd7a40896ae9f6d4|summit-candidate:924ccfedeb6c2d2c,gpx_group_0096|summit_candidate_0051|summit_candidate_0426|summit_candidate_0283|mountain_306,location_stability_review_packets
307,沓掛山,summit-candidate:40e090ce41a89b55,0.75,medium,location_uncertain_keep,candidate_boundary_ambiguous,,西条市,,pending_review,,,false,false,location_stability_review_packets/gpx_groups/gpx_group_0096_yamap_2024-06-08_08_42.md,summit-candidate:40e090ce41a89b55|summit-candidate:dd7a40896ae9f6d4|summit-candidate:7a5ca8d918f43720,gpx_group_0096|summit_candidate_0051|summit_candidate_0426|summit_candidate_0391|mountain_307,location_stability_review_packets
308,二反山,summit-candidate:94e96018c0a5450d,0.56,medium,municipality_incompatible_strong,non_adjacent_municipality,今治市,八幡浜市,,pending_review,,,false,false,location_stability_review_packets/gpx_groups/gpx_group_0169_yamap_2024-05-19_08_47.md,summit-candidate:94e96018c0a5450d|summit-candidate:bdf43111ae9de6ae|summit-candidate:588c967023117267,gpx_group_0169|summit_candidate_0285|summit_candidate_0468|summit_candidate_0054|mountain_308,location_stability_review_packets
309,平家平,summit-candidate:006436491de34784,0.73,medium,boundary_plausible,adjacent_municipality,新居浜市,西条市,,pending_review,,,false,false,location_stability_review_packets/gpx_groups/gpx_group_0031_yamap_2022-11-26_04_41.md,summit-candidate:006436491de34784|summit-candidate:c256cfef3720557f|summit-candidate:dc647fe1827a43e3,gpx_group_0031|summit_candidate_0013|summit_candidate_0469|summit_candidate_0473|mountain_309,location_stability_review_packets
310,薬師山,summit-candidate:167756a8b787a168,0.56,medium,municipality_incompatible_strong,non_adjacent_municipality,今治市,大洲市,,pending_review,,,false,false,location_stability_review_packets/gpx_groups/gpx_group_0204_yamap_2024-06-16_07_27.md,summit-candidate:167756a8b787a168|summit-candidate:02d59cd1260af017|summit-candidate:468c5bbccd8aba53,gpx_group_0204|summit_candidate_0324|summit_candidate_0034|summit_candidate_0118|mountain_310,location_stability_review_packets
311,子持権現山,summit-candidate:df6b60d513f5518e,0.69,medium,location_uncertain_keep,candidate_boundary_ambiguous,,松山市,,pending_review,,,false,false,location_stability_review_packets/gpx_groups/gpx_group_0212_yamap_2024-07-06_10_01.md,summit-candidate:df6b60d513f5518e|summit-candidate:f2538b7f88e2dd06|summit-candidate:047b9599ec28c6ad,gpx_group_0212|summit_candidate_0360|summit_candidate_0454|summit_candidate_0120|mountain_311,location_stability_review_packets
312,男山,summit-candidate:53a6401abf71c488,0.67,medium,location_strong_match,same_municipality,西条市,西条市,,pending_review,,,false,false,location_stability_review_packets/gpx_groups/gpx_group_0105_yamap_2026-05-02_09_29.md,summit-candidate:53a6401abf71c488|summit-candidate:7a5ca8d918f43720|summit-candidate:c9e357d000632346,gpx_group_0105|summit_candidate_0028|summit_candidate_0391|summit_candidate_0448|mountain_312,location_stability_review_packets
313,瓶ヶ森,summit-candidate:53a6401abf71c488,0.85,medium,location_strong_match,same_municipality,西条市,西条市,,pending_review,,,false,false,location_stability_review_packets/gpx_groups/gpx_group_0105_yamap_2026-05-02_09_29.md,summit-candidate:53a6401abf71c488|summit-candidate:f2538b7f88e2dd06|summit-candidate:db28fcca36deb720,gpx_group_0105|summit_candidate_0028|summit_candidate_0454|summit_candidate_0312|mountain_313,location_stability_review_packets
314,宅並山,summit-candidate:f1ee81f4d467a28e,0.85,medium,location_strong_match,same_municipality,松山市,松山市,,pending_review,,,false,false,location_stability_review_packets/gpx_groups/gpx_group_0205_yamap_2024-07-08_11_33.md,summit-candidate:f1ee81f4d467a28e|summit-candidate:23c112538ef91e0d|summit-candidate:36e3ac8003e8b5d0,gpx_group_0205|summit_candidate_0320|summit_candidate_0029|summit_candidate_0124|mountain_314,location_stability_review_packets
315,岩屋山,summit-candidate:c9156b7eea77a1b0,0.79,medium,municipality_incompatible_strong,non_adjacent_municipality,久万高原町,四国中央市,,pending_review,,,false,false,location_stability_review_packets/gpx_groups/gpx_group_0263_yamap_2024-07-28_15_53.md,summit-candidate:c9156b7eea77a1b0|summit-candidate:57e8c6cb102c9500|summit-candidate:1d3eb619bd125bfd,gpx_group_0263|summit_candidate_0357|summit_candidate_0389|summit_candidate_0382|mountain_315,location_stability_review_packets
316,高縄山,summit-candidate:6ba0d3c6b0fb6b96,0.79,medium,municipality_incompatible_strong,non_adjacent_municipality,松山市,西条市,,pending_review,,,false,false,location_stability_review_packets/gpx_groups/gpx_group_0118_yamap_2022-04-09_14_44.md,summit-candidate:6ba0d3c6b0fb6b96|summit-candidate:9a68e7a3a97831ff|summit-candidate:96e5be71880efe52,gpx_group_0118|summit_candidate_0209|summit_candidate_0287|summit_candidate_0463|mountain_316,location_stability_review_packets
317,伊予富士,summit-candidate:6f70c7d3c27fe164,0.78,medium,location_strong_match,same_municipality,西条市,西条市,,pending_review,,,false,false,location_stability_review_packets/gpx_groups/gpx_group_0217_yamap_2024-09-14_07_46.md,summit-candidate:6f70c7d3c27fe164|summit-candidate:756a1162bc669c0b|summit-candidate:9aa0e8d9e593d79d,gpx_group_0217|summit_candidate_0340|summit_candidate_0460|summit_candidate_0464|mountain_317,location_stability_review_packets
318,中津山(明神山),summit-candidate:fec0bb942061619b,0.85,medium,boundary_plausible,adjacent_municipality,久万高原町,西条市,,pending_review,,,false,false,location_stability_review_packets/gpx_groups/gpx_group_0170_yamap_2024-09-23_07_35.md,summit-candidate:fec0bb942061619b|summit-candidate:eb3b108c5d508377|summit-candidate:1ebd63d8e2790409,gpx_group_0170|summit_candidate_0252|summit_candidate_0318|summit_candidate_0019|mountain_318,location_stability_review_packets
319,猿越山,summit-candidate:eb3b108c5d508377,0.69,medium,location_uncertain_keep,candidate_outside_prefecture,,四国中央市,,pending_review,,,false,false,location_stability_review_packets/gpx_groups/gpx_group_0170_yamap_2024-09-23_07_35.md,summit-candidate:eb3b108c5d508377|summit-candidate:a0c5556d9432a199|summit-candidate:fec0bb942061619b,gpx_group_0170|summit_candidate_0318|summit_candidate_0466|summit_candidate_0252|mountain_319,location_stability_review_packets
320,銅山峰,summit-candidate:006436491de34784,0.67,medium,boundary_plausible,adjacent_municipality,新居浜市,西条市,,pending_review,,,false,false,location_stability_review_packets/gpx_groups/gpx_group_0031_yamap_2022-11-26_04_41.md,summit-candidate:006436491de34784|summit-candidate:057580d1c60049b6|summit-candidate:0dea5d073885dc9d,gpx_group_0031|summit_candidate_0013|summit_candidate_0014|summit_candidate_0159|mountain_320,location_stability_review_packets
321,西山,summit-candidate:057580d1c60049b6,0.85,medium,adjacent_but_deep_inside,adjacent_municipality,新居浜市,西条市,,pending_review,,,false,false,location_stability_review_packets/gpx_groups/gpx_group_0082_yamap_2024-10-05_06_40.md,summit-candidate:057580d1c60049b6|summit-candidate:a557f14fb032a808|summit-candidate:53d0e375c60814f6,gpx_group_0082|summit_candidate_0014|summit_candidate_0440|summit_candidate_0068|mountain_321,location_stability_review_packets
322,三の森,summit-candidate:057580d1c60049b6,0.67,medium,adjacent_but_deep_inside,adjacent_municipality,新居浜市,西条市,,pending_review,,,false,false,location_stability_review_packets/gpx_groups/gpx_group_0082_yamap_2024-10-05_06_40.md,summit-candidate:057580d1c60049b6|summit-candidate:0dea5d073885dc9d|summit-candidate:78274ad93e160452,gpx_group_0082|summit_candidate_0014|summit_candidate_0159|summit_candidate_0057|mountain_322,location_stability_review_packets
323,二の森,summit-candidate:057580d1c60049b6,0.67,medium,adjacent_but_deep_inside,adjacent_municipality,新居浜市,西条市,,pending_review,,,false,false,location_stability_review_packets/gpx_groups/gpx_group_0082_yamap_2024-10-05_06_40.md,summit-candidate:057580d1c60049b6|summit-candidate:0dea5d073885dc9d|summit-candidate:446b5fe1e7a8b2fd,gpx_group_0082|summit_candidate_0014|summit_candidate_0159|summit_candidate_0125|mountain_323,location_stability_review_packets
324,一の森,summit-candidate:0dea5d073885dc9d,0.85,medium,municipality_incompatible_strong,non_adjacent_municipality,新居浜市,東温市,,pending_review,,,false,false,location_stability_review_packets/gpx_groups/gpx_group_0082_yamap_2024-10-05_06_40.md,summit-candidate:0dea5d073885dc9d|summit-candidate:057580d1c60049b6|summit-candidate:615a70cf4401199b,gpx_group_0082|summit_candidate_0159|summit_candidate_0014|summit_candidate_0144|mountain_324,location_stability_review_packets
325,三ッ足山,summit-candidate:8078eb6cc96c519a,0.85,medium,municipality_incompatible_strong,non_adjacent_municipality,四国中央市,西条市,,pending_review,,,false,false,location_stability_review_packets/gpx_groups/gpx_group_0016_yamap_2024-10-14_04_48.md,summit-candidate:8078eb6cc96c519a|summit-candidate:0886436b79473a6c|summit-candidate:a53ed6259e132097,gpx_group_0016|summit_candidate_0071|summit_candidate_0044|summit_candidate_0223|mountain_325,location_stability_review_packets
326,カガマシ山,summit-candidate:0886436b79473a6c,0.85,medium,location_strong_match,same_municipality,四国中央市,四国中央市,,pending_review,,,false,false,location_stability_review_packets/gpx_groups/gpx_group_0016_yamap_2024-10-14_04_48.md,summit-candidate:0886436b79473a6c|summit-candidate:8078eb6cc96c519a|summit-candidate:a53ed6259e132097,gpx_group_0016|summit_candidate_0044|summit_candidate_0071|summit_candidate_0223|mountain_326,location_stability_review_packets
327,橡尾山,summit-candidate:a1b1b7885eeab893,0.68,medium,location_uncertain_keep,candidate_outside_prefecture,,内子町,,pending_review,,,false,false,location_stability_review_packets/gpx_groups/gpx_group_0016_yamap_2024-10-14_04_48.md,summit-candidate:a1b1b7885eeab893|summit-candidate:0886436b79473a6c|summit-candidate:8078eb6cc96c519a,gpx_group_0016|summit_candidate_0348|summit_candidate_0044|summit_candidate_0071|mountain_327,location_stability_review_packets
328,笹ヶ峰,summit-candidate:a53ed6259e132097,0.85,medium,location_uncertain_keep,non_adjacent_municipality,四国中央市,西条市,,pending_review,,,false,false,location_stability_review_packets/gpx_groups/gpx_group_0016_yamap_2024-10-14_04_48.md,summit-candidate:a53ed6259e132097|summit-candidate:851dc9683d2d7442|summit-candidate:0886436b79473a6c,gpx_group_0016|summit_candidate_0223|summit_candidate_0437|summit_candidate_0044|mountain_328,location_stability_review_packets
329,ハネズル山,summit-candidate:e2c08955f9275289,0.85,medium,location_uncertain_keep,non_adjacent_municipality,四国中央市,久万高原町,,pending_review,,,false,false,location_stability_review_packets/gpx_groups/gpx_group_0097_yamap_2024-10-20_06_42.md,summit-candidate:e2c08955f9275289|summit-candidate:f54f44da226a4a15|summit-candidate:242762a3c600ff91,gpx_group_0097|summit_candidate_0098|summit_candidate_0321|summit_candidate_0162|mountain_329,location_stability_review_packets
330,天堤山,summit-candidate:f54f44da226a4a15,0.79,medium,municipality_incompatible_strong,non_adjacent_municipality,四国中央市,西条市,,pending_review,,,false,false,location_stability_review_packets/gpx_groups/gpx_group_0238_yamap_2024-10-20_11_05.md,summit-candidate:f54f44da226a4a15|summit-candidate:e2c08955f9275289|summit-candidate:78274ad93e160452,gpx_group_0238|summit_candidate_0321|summit_candidate_0098|summit_candidate_0057|mountain_330,location_stability_review_packets
331,五郎丸,summit-candidate:edac81b361bdc70c,0.78,medium,location_uncertain_keep,non_adjacent_municipality,四国中央市,内子町,,pending_review,,,false,false,location_stability_review_packets/gpx_groups/gpx_group_0003_yamap_2024-12-01_06_40.md,summit-candidate:edac81b361bdc70c|summit-candidate:9cc74b44e1289236|summit-candidate:c8607e1f03bb5db1,gpx_group_0003|summit_candidate_0001|summit_candidate_0368|summit_candidate_0369|mountain_331,location_stability_review_packets
332,高丸,summit-candidate:edac81b361bdc70c,0.78,medium,location_uncertain_keep,non_adjacent_municipality,四国中央市,内子町,,pending_review,,,false,false,location_stability_review_packets/gpx_groups/gpx_group_0003_yamap_2024-12-01_06_40.md,summit-candidate:edac81b361bdc70c|summit-candidate:9cc74b44e1289236|summit-candidate:c8607e1f03bb5db1,gpx_group_0003|summit_candidate_0001|summit_candidate_0368|summit_candidate_0369|mountain_332,location_stability_review_packets
333,金見山,summit-candidate:edac81b361bdc70c,0.78,medium,location_uncertain_keep,non_adjacent_municipality,四国中央市,内子町,,pending_review,,,false,false,location_stability_review_packets/gpx_groups/gpx_group_0003_yamap_2024-12-01_06_40.md,summit-candidate:edac81b361bdc70c|summit-candidate:9cc74b44e1289236|summit-candidate:c8607e1f03bb5db1,gpx_group_0003|summit_candidate_0001|summit_candidate_0368|summit_candidate_0369|mountain_333,location_stability_review_packets
334,木峰,summit-candidate:edac81b361bdc70c,0.78,medium,location_uncertain_keep,non_adjacent_municipality,四国中央市,内子町,,pending_review,,,false,false,location_stability_review_packets/gpx_groups/gpx_group_0003_yamap_2024-12-01_06_40.md,summit-candidate:edac81b361bdc70c|summit-candidate:9cc74b44e1289236|summit-candidate:c8607e1f03bb5db1,gpx_group_0003|summit_candidate_0001|summit_candidate_0368|summit_candidate_0369|mountain_334,location_stability_review_packets
335,天狗森,summit-candidate:edac81b361bdc70c,0.6,low,location_uncertain_keep,non_adjacent_municipality,四国中央市,内子町,,pending_review,,,false,false,location_stability_review_packets/gpx_groups/gpx_group_0003_yamap_2024-12-01_06_40.md,summit-candidate:edac81b361bdc70c|summit-candidate:9cc74b44e1289236|summit-candidate:c8607e1f03bb5db1,gpx_group_0003|summit_candidate_0001|summit_candidate_0368|summit_candidate_0369|mountain_335,location_stability_review_packets
336,唐谷山,summit-candidate:32c1cf967ab82dbe,0.62,medium,location_uncertain_keep,candidate_boundary_ambiguous,,八幡浜市,,pending_review,,,false,false,location_stability_review_packets/gpx_groups/gpx_group_0003_yamap_2024-12-01_06_40.md,summit-candidate:32c1cf967ab82dbe|summit-candidate:edac81b361bdc70c|summit-candidate:9cc74b44e1289236,gpx_group_0003|summit_candidate_0067|summit_candidate_0001|summit_candidate_0368|mountain_336,location_stability_review_packets
337,龍王山,summit-candidate:edac81b361bdc70c,0.6,low,location_uncertain_keep,non_adjacent_municipality,四国中央市,内子町,,pending_review,,,false,false,location_stability_review_packets/gpx_groups/gpx_group_0003_yamap_2024-12-01_06_40.md,summit-candidate:edac81b361bdc70c|summit-candidate:9cc74b44e1289236|summit-candidate:c8607e1f03bb5db1,gpx_group_0003|summit_candidate_0001|summit_candidate_0368|summit_candidate_0369|mountain_337,location_stability_review_packets
338,大谷山,summit-candidate:32c1cf967ab82dbe,0.68,medium,location_uncertain_keep,candidate_boundary_ambiguous,,八幡浜市,,pending_review,,,false,false,location_stability_review_packets/gpx_groups/gpx_group_0003_yamap_2024-12-01_06_40.md,summit-candidate:32c1cf967ab82dbe|summit-candidate:edac81b361bdc70c|summit-candidate:9cc74b44e1289236,gpx_group_0003|summit_candidate_0067|summit_candidate_0001|summit_candidate_0368|mountain_338,location_stability_review_packets
339,城山,summit-candidate:edac81b361bdc70c,0.6,low,location_uncertain_keep,non_adjacent_municipality,四国中央市,内子町,,pending_review,,,false,false,location_stability_review_packets/gpx_groups/gpx_group_0003_yamap_2024-12-01_06_40.md,summit-candidate:edac81b361bdc70c|summit-candidate:9cc74b44e1289236|summit-candidate:c8607e1f03bb5db1,gpx_group_0003|summit_candidate_0001|summit_candidate_0368|summit_candidate_0369|mountain_339,location_stability_review_packets
340,本尊山,summit-candidate:0bd3d051cdb972fd,0.67,medium,adjacent_but_deep_inside,adjacent_municipality,伊予市,大洲市,,pending_review,,,false,false,location_stability_review_packets/gpx_groups/gpx_group_0052_yamap_2024-12-08_06_59.md,summit-candidate:0bd3d051cdb972fd|summit-candidate:23316af255d30882|summit-candidate:f12898f5821b63b8,gpx_group_0052|summit_candidate_0008|summit_candidate_0371|summit_candidate_0128|mountain_340,location_stability_review_packets
341,秋葉山,summit-candidate:0bd3d051cdb972fd,0.85,medium,adjacent_but_deep_inside,adjacent_municipality,伊予市,大洲市,,pending_review,,,false,false,location_stability_review_packets/gpx_groups/gpx_group_0052_yamap_2024-12-08_06_59.md,summit-candidate:0bd3d051cdb972fd|summit-candidate:23316af255d30882|summit-candidate:f12898f5821b63b8,gpx_group_0052|summit_candidate_0008|summit_candidate_0371|summit_candidate_0128|mountain_341,location_stability_review_packets
342,立烏帽子山,summit-candidate:f12898f5821b63b8,0.85,medium,adjacent_but_deep_inside,adjacent_municipality,伊予市,大洲市,,pending_review,,,false,false,location_stability_review_packets/gpx_groups/gpx_group_0052_yamap_2024-12-08_06_59.md,summit-candidate:f12898f5821b63b8|summit-candidate:0bd3d051cdb972fd|summit-candidate:23316af255d30882,gpx_group_0052|summit_candidate_0128|summit_candidate_0008|summit_candidate_0371|mountain_342,location_stability_review_packets
343,明神山,summit-candidate:0bd3d051cdb972fd,0.85,medium,adjacent_but_deep_inside,adjacent_municipality,伊予市,大洲市,,pending_review,,,false,false,location_stability_review_packets/gpx_groups/gpx_group_0052_yamap_2024-12-08_06_59.md,summit-candidate:0bd3d051cdb972fd|summit-candidate:23316af255d30882|summit-candidate:f12898f5821b63b8,gpx_group_0052|summit_candidate_0008|summit_candidate_0371|summit_candidate_0128|mountain_343,location_stability_review_packets
344,陣が森,summit-candidate:6b0155a434d72d79,0.68,medium,location_uncertain_keep,candidate_boundary_ambiguous,,大洲市,,pending_review,,,false,false,location_stability_review_packets/gpx_groups/gpx_group_0051_yamap_2024-12-15_07_21.md,summit-candidate:6b0155a434d72d79|summit-candidate:d8270fc572efc0b2|summit-candidate:f0a03b36c279ddd3,gpx_group_0051|summit_candidate_0021|summit_candidate_0155|summit_candidate_0183|mountain_344,location_stability_review_packets
345,岩が森,summit-candidate:c195c34fb7e38d7a,0.68,medium,location_uncertain_keep,candidate_boundary_ambiguous,,大洲市,,pending_review,,,false,false,location_stability_review_packets/gpx_groups/gpx_group_0051_yamap_2024-12-15_07_21.md,summit-candidate:c195c34fb7e38d7a|summit-candidate:d8270fc572efc0b2|summit-candidate:f0a03b36c279ddd3,gpx_group_0051|summit_candidate_0353|summit_candidate_0155|summit_candidate_0183|mountain_345,location_stability_review_packets
346,スクモ塚,summit-candidate:d8270fc572efc0b2,0.85,medium,location_uncertain_keep,non_adjacent_municipality,松山市,宇和島市,,pending_review,,,false,false,location_stability_review_packets/gpx_groups/gpx_group_0051_yamap_2024-12-15_07_21.md,summit-candidate:d8270fc572efc0b2|summit-candidate:bcc05b721653749f|summit-candidate:f0a03b36c279ddd3,gpx_group_0051|summit_candidate_0155|summit_candidate_0177|summit_candidate_0183|mountain_346,location_stability_review_packets
347,高萩山,summit-candidate:f0a03b36c279ddd3,0.75,medium,location_uncertain_keep,candidate_boundary_ambiguous,,今治市,,pending_review,,,false,false,location_stability_review_packets/gpx_groups/gpx_group_0051_yamap_2024-12-15_07_21.md,summit-candidate:f0a03b36c279ddd3|summit-candidate:d8270fc572efc0b2|summit-candidate:bcc05b721653749f,gpx_group_0051|summit_candidate_0183|summit_candidate_0155|summit_candidate_0177|mountain_347,location_stability_review_packets
348,長者森,summit-candidate:bcc05b721653749f,0.85,medium,location_uncertain_keep,non_adjacent_municipality,今治市,八幡浜市,,pending_review,,,false,false,location_stability_review_packets/gpx_groups/gpx_group_0051_yamap_2024-12-15_07_21.md,summit-candidate:bcc05b721653749f|summit-candidate:d8270fc572efc0b2|summit-candidate:6b0155a434d72d79,gpx_group_0051|summit_candidate_0177|summit_candidate_0155|summit_candidate_0021|mountain_348,location_stability_review_packets
349,八倉山,summit-candidate:4416099ca0f9da08,0.85,medium,missing_location_evidence,missing_mountain_municipality,砥部町,砥部町,,pending_review,,,false,false,location_stability_review_packets/gpx_groups/gpx_group_0040_yamap_2024-12-22_10_25.md,summit-candidate:4416099ca0f9da08|summit-candidate:4973965873779cdc|summit-candidate:cfd366be872f9534,gpx_group_0040|summit_candidate_0052|summit_candidate_0373|summit_candidate_0073|mountain_349,location_stability_review_packets
350,行道山,summit-candidate:cfd366be872f9534,0.73,medium,location_uncertain_keep,non_adjacent_municipality,砥部町,西予市,,pending_review,,,false,false,location_stability_review_packets/gpx_groups/gpx_group_0038_yamap_2024-12-22_06_34.md,summit-candidate:cfd366be872f9534|summit-candidate:4416099ca0f9da08|summit-candidate:4973965873779cdc,gpx_group_0038|summit_candidate_0073|summit_candidate_0052|summit_candidate_0373|mountain_350,location_stability_review_packets
351,水晶ヶ森,summit-candidate:cfd366be872f9534,0.85,medium,location_uncertain_keep,non_adjacent_municipality,砥部町,西予市,,pending_review,,,false,false,location_stability_review_packets/gpx_groups/gpx_group_0038_yamap_2024-12-22_06_34.md,summit-candidate:cfd366be872f9534|summit-candidate:4416099ca0f9da08|summit-candidate:4973965873779cdc,gpx_group_0038|summit_candidate_0073|summit_candidate_0052|summit_candidate_0373|mountain_351,location_stability_review_packets
352,笹ヶ平山,summit-candidate:4416099ca0f9da08,0.85,medium,missing_location_evidence,missing_mountain_municipality,砥部町,砥部町,,pending_review,,,false,false,location_stability_review_packets/gpx_groups/gpx_group_0040_yamap_2024-12-22_10_25.md,summit-candidate:4416099ca0f9da08|summit-candidate:4973965873779cdc|summit-candidate:cfd366be872f9534,gpx_group_0040|summit_candidate_0052|summit_candidate_0373|summit_candidate_0073|mountain_352,location_stability_review_packets
353,壺神山,summit-candidate:c58c0ba7145621b9,0.69,medium,location_uncertain_keep,candidate_boundary_ambiguous,,西条市,,pending_review,,,false,false,location_stability_review_packets/gpx_groups/gpx_group_0078_yamap_2025-01-03_07_19.md,summit-candidate:c58c0ba7145621b9|summit-candidate:0048d4d3a7981b80|summit-candidate:38105da918da8262,gpx_group_0078|summit_candidate_0303|summit_candidate_0039|summit_candidate_0197|mountain_353,location_stability_review_packets
354,滝山,summit-candidate:38105da918da8262,0.85,medium,boundary_plausible,adjacent_municipality,大洲市,内子町,,pending_review,,,false,false,location_stability_review_packets/gpx_groups/gpx_group_0078_yamap_2025-01-03_07_19.md,summit-candidate:38105da918da8262|summit-candidate:0048d4d3a7981b80|summit-candidate:4db5b3ffd85092bf,gpx_group_0078|summit_candidate_0197|summit_candidate_0039|summit_candidate_0202|mountain_354,location_stability_review_packets
355,足山,summit-candidate:0048d4d3a7981b80,0.79,medium,location_strong_match,same_municipality,大洲市,大洲市,,pending_review,,,false,false,location_stability_review_packets/gpx_groups/gpx_group_0078_yamap_2025-01-03_07_19.md,summit-candidate:0048d4d3a7981b80|summit-candidate:9306f5a7fe249a15|summit-candidate:4db5b3ffd85092bf,gpx_group_0078|summit_candidate_0039|summit_candidate_0415|summit_candidate_0202|mountain_355,location_stability_review_packets
356,皿が森,summit-candidate:4db5b3ffd85092bf,0.79,medium,adjacent_but_deep_inside,adjacent_municipality,大洲市,内子町,,pending_review,,,false,false,location_stability_review_packets/gpx_groups/gpx_group_0078_yamap_2025-01-03_07_19.md,summit-candidate:4db5b3ffd85092bf|summit-candidate:9306f5a7fe249a15|summit-candidate:0048d4d3a7981b80,gpx_group_0078|summit_candidate_0202|summit_candidate_0415|summit_candidate_0039|mountain_356,location_stability_review_packets
357,尉之山,summit-candidate:2b833dfb6f3f84c1,0.79,medium,municipality_incompatible_strong,non_adjacent_municipality,松山市,内子町,,pending_review,,,false,false,location_stability_review_packets/gpx_groups/gpx_group_0029_yamap_2025-01-11_11_51.md,summit-candidate:2b833dfb6f3f84c1|summit-candidate:12f30719aca26806|summit-candidate:7749b785ef007c1a,gpx_group_0029|summit_candidate_0066|summit_candidate_0376|summit_candidate_0169|mountain_357,location_stability_review_packets
358,小山岳,summit-candidate:7749b785ef007c1a,0.75,medium,location_uncertain_keep,candidate_boundary_ambiguous,,大洲市,,pending_review,,,false,false,location_stability_review_packets/gpx_groups/gpx_group_0135_yamap_2025-01-11_08_43.md,summit-candidate:7749b785ef007c1a|summit-candidate:2b833dfb6f3f84c1|summit-candidate:12f30719aca26806,gpx_group_0135|summit_candidate_0169|summit_candidate_0066|summit_candidate_0376|mountain_358,location_stability_review_packets
359,勝山,summit-candidate:2b833dfb6f3f84c1,0.79,medium,municipality_incompatible_strong,non_adjacent_municipality,松山市,内子町,,pending_review,,,false,false,location_stability_review_packets/gpx_groups/gpx_group_0029_yamap_2025-01-11_11_51.md,summit-candidate:2b833dfb6f3f84c1|summit-candidate:12f30719aca26806|summit-candidate:91cacd7deced8470,gpx_group_0029|summit_candidate_0066|summit_candidate_0376|summit_candidate_0282|mountain_359,location_stability_review_packets
360,松葉山（松葉城址）,summit-candidate:7a59a4750a70552c,0.85,medium,location_strong_match,same_municipality,西予市,西予市,,pending_review,,,false,false,location_stability_review_packets/gpx_groups/gpx_group_0129_yamap_2025-01-24_13_34.md,summit-candidate:7a59a4750a70552c|summit-candidate:2c1cbc474e49f1ec|summit-candidate:d71483d289d0c575,gpx_group_0129|summit_candidate_0213|summit_candidate_0164|summit_candidate_0154|mountain_360,location_stability_review_packets
361,烏殿,summit-candidate:d71483d289d0c575,0.85,medium,municipality_incompatible_strong,non_adjacent_municipality,西予市,新居浜市,,pending_review,,,false,false,location_stability_review_packets/gpx_groups/gpx_group_0129_yamap_2025-01-24_13_34.md,summit-candidate:d71483d289d0c575|summit-candidate:2c1cbc474e49f1ec|summit-candidate:7a59a4750a70552c,gpx_group_0129|summit_candidate_0154|summit_candidate_0164|summit_candidate_0213|mountain_361,location_stability_review_packets
362,御篠山,summit-candidate:2c1cbc474e49f1ec,0.85,medium,adjacent_but_deep_inside,adjacent_municipality,西予市,八幡浜市,,pending_review,,,false,false,location_stability_review_packets/gpx_groups/gpx_group_0129_yamap_2025-01-24_13_34.md,summit-candidate:2c1cbc474e49f1ec|summit-candidate:7a59a4750a70552c|summit-candidate:d71483d289d0c575,gpx_group_0129|summit_candidate_0164|summit_candidate_0213|summit_candidate_0154|mountain_362,location_stability_review_packets
363,天が森,summit-candidate:090f7fa4be89ec5e,0.67,medium,municipality_incompatible_strong,non_adjacent_municipality,八幡浜市,内子町,,pending_review,,,false,false,location_stability_review_packets/gpx_groups/gpx_group_0092_yamap_2025-01-26_07_09.md,summit-candidate:090f7fa4be89ec5e|summit-candidate:37c3a34c16599379|summit-candidate:12f30719aca26806,gpx_group_0092|summit_candidate_0027|summit_candidate_0377|summit_candidate_0376|mountain_363,location_stability_review_packets
364,浄心山,summit-candidate:090f7fa4be89ec5e,0.85,medium,municipality_incompatible_strong,non_adjacent_municipality,八幡浜市,内子町,,pending_review,,,false,false,location_stability_review_packets/gpx_groups/gpx_group_0092_yamap_2025-01-26_07_09.md,summit-candidate:090f7fa4be89ec5e|summit-candidate:37c3a34c16599379|summit-candidate:1d3eb619bd125bfd,gpx_group_0092|summit_candidate_0027|summit_candidate_0377|summit_candidate_0382|mountain_364,location_stability_review_packets
365,銅が鳴,summit-candidate:090f7fa4be89ec5e,0.79,medium,municipality_incompatible_strong,non_adjacent_municipality,八幡浜市,内子町,,pending_review,,,false,false,location_stability_review_packets/gpx_groups/gpx_group_0092_yamap_2025-01-26_07_09.md,summit-candidate:090f7fa4be89ec5e|summit-candidate:37c3a34c16599379|summit-candidate:ff0e7de3b62f5ed8,gpx_group_0092|summit_candidate_0027|summit_candidate_0377|summit_candidate_0323|mountain_365,location_stability_review_packets
366,弥八山,summit-candidate:0cc40babcd0ce6bf,0.85,medium,missing_location_evidence,missing_mountain_municipality,四国中央市,四国中央市,,pending_review,,,false,false,location_stability_review_packets/gpx_groups/gpx_group_0154_yamap_2025-01-30_06_55.md,summit-candidate:0cc40babcd0ce6bf|summit-candidate:8cef52d6989a94db|summit-candidate:a14a745323a3d3af,gpx_group_0154|summit_candidate_0138|summit_candidate_0072|summit_candidate_0394|mountain_366,location_stability_review_packets
367,西の山,summit-candidate:8cef52d6989a94db,0.85,medium,missing_location_evidence,missing_mountain_municipality,四国中央市,四国中央市,,pending_review,,,false,false,location_stability_review_packets/gpx_groups/gpx_group_0030_yamap_2025-01-30_10_12.md,summit-candidate:8cef52d6989a94db|summit-candidate:a14a745323a3d3af|summit-candidate:0cc40babcd0ce6bf,gpx_group_0030|summit_candidate_0072|summit_candidate_0394|summit_candidate_0138|mountain_367,location_stability_review_packets
368,北山,summit-candidate:8cef52d6989a94db,0.85,medium,missing_location_evidence,missing_mountain_municipality,四国中央市,四国中央市,,pending_review,,,false,false,location_stability_review_packets/gpx_groups/gpx_group_0030_yamap_2025-01-30_10_12.md,summit-candidate:8cef52d6989a94db|summit-candidate:a14a745323a3d3af|summit-candidate:0cc40babcd0ce6bf,gpx_group_0030|summit_candidate_0072|summit_candidate_0394|summit_candidate_0138|mountain_368,location_stability_review_packets
369,垣生山,summit-candidate:6c20bef6dc4e973b,0.85,medium,location_uncertain_keep,non_adjacent_municipality,新居浜市,松山市,,pending_review,,,false,false,location_stability_review_packets/gpx_groups/gpx_group_0155_yamap_2025-01-30_12_21.md,summit-candidate:6c20bef6dc4e973b|summit-candidate:3c1e55e6cc05c0ad|summit-candidate:0cc40babcd0ce6bf,gpx_group_0155|summit_candidate_0210|summit_candidate_0198|summit_candidate_0138|mountain_369,location_stability_review_packets
370,金子山,summit-candidate:3c1e55e6cc05c0ad,0.85,medium,municipality_incompatible_strong,non_adjacent_municipality,新居浜市,松山市,,pending_review,,,false,false,location_stability_review_packets/gpx_groups/gpx_group_0147_yamap_2025-01-30_13_18.md,summit-candidate:3c1e55e6cc05c0ad|summit-candidate:6c20bef6dc4e973b|summit-candidate:0cc40babcd0ce6bf,gpx_group_0147|summit_candidate_0198|summit_candidate_0210|summit_candidate_0138|mountain_370,location_stability_review_packets
371,八堂山,summit-candidate:bf9808bbf86d5d73,0.85,medium,municipality_incompatible_strong,non_adjacent_municipality,西条市,松山市,,pending_review,,,false,false,location_stability_review_packets/gpx_groups/gpx_group_0171_yamap_2025-01-30_14_42.md,summit-candidate:bf9808bbf86d5d73|summit-candidate:6c20bef6dc4e973b|summit-candidate:3c1e55e6cc05c0ad,gpx_group_0171|summit_candidate_0301|summit_candidate_0210|summit_candidate_0198|mountain_371,location_stability_review_packets
372,亀老山,summit-candidate:40260be41579ab8f,0.33,low,adjacent_but_deep_inside,adjacent_municipality,松山市,今治市,,pending_review,,,false,false,location_stability_review_packets/gpx_groups/gpx_group_0014_yamap_2022-01-28_12_28.md,summit-candidate:40260be41579ab8f|summit-candidate:468c5bbccd8aba53|summit-candidate:47129c06b82cf694,gpx_group_0014|summit_candidate_0050|summit_candidate_0118|summit_candidate_0007|mountain_372,location_stability_review_packets
373,カレイ山,summit-candidate:86e4db352b85ced4,0.68,medium,missing_location_evidence,missing_mountain_municipality,今治市,,,pending_review,,,false,false,location_stability_review_packets/gpx_groups/gpx_group_0197_yamap_2025-02-09_11_27.md,summit-candidate:86e4db352b85ced4|summit-candidate:afc2e407c1d6b464|summit-candidate:b9ae103da9e3136b,gpx_group_0197|summit_candidate_0147|summit_candidate_0058|summit_candidate_0230|mountain_373,location_stability_review_packets
374,念仏山,summit-candidate:110345ef4fb31191,0.68,medium,municipality_incompatible_strong,non_adjacent_municipality,今治市,内子町,,pending_review,,,false,false,location_stability_review_packets/gpx_groups/gpx_group_0156_yamap_2025-02-09_08_01.md,summit-candidate:110345ef4fb31191|summit-candidate:86e4db352b85ced4|summit-candidate:afc2e407c1d6b464,gpx_group_0156|summit_candidate_0254|summit_candidate_0147|summit_candidate_0058|mountain_374,location_stability_review_packets
375,大頭山,summit-candidate:afc2e407c1d6b464,0.68,medium,missing_location_evidence,missing_mountain_municipality,今治市,,,pending_review,,,false,false,location_stability_review_packets/gpx_groups/gpx_group_0041_yamap_2025-02-09_09_27.md,summit-candidate:afc2e407c1d6b464|summit-candidate:86e4db352b85ced4|summit-candidate:110345ef4fb31191,gpx_group_0041|summit_candidate_0058|summit_candidate_0147|summit_candidate_0254|mountain_375,location_stability_review_packets
376,高取山,summit-candidate:afc2e407c1d6b464,0.68,medium,missing_location_evidence,missing_mountain_municipality,今治市,,,pending_review,,,false,false,location_stability_review_packets/gpx_groups/gpx_group_0041_yamap_2025-02-09_09_27.md,summit-candidate:afc2e407c1d6b464|summit-candidate:86e4db352b85ced4|summit-candidate:b9ae103da9e3136b,gpx_group_0041|summit_candidate_0058|summit_candidate_0147|summit_candidate_0230|mountain_376,location_stability_review_packets
377,八幡山,summit-candidate:b9ae103da9e3136b,0.68,medium,municipality_incompatible_strong,non_adjacent_municipality,今治市,宇和島市,,pending_review,,,false,false,location_stability_review_packets/gpx_groups/gpx_group_0190_yamap_2025-02-09_12_21.md,summit-candidate:b9ae103da9e3136b|summit-candidate:86e4db352b85ced4|summit-candidate:afc2e407c1d6b464,gpx_group_0190|summit_candidate_0230|summit_candidate_0147|summit_candidate_0058|mountain_377,location_stability_review_packets
378,要害山,summit-candidate:0005c0040c7c7966,0.79,medium,location_strong_match,same_municipality,松山市,松山市,,pending_review,,,false,false,location_stability_review_packets/gpx_groups/gpx_group_0218_yamap_2025-02-11_08_43.md,summit-candidate:0005c0040c7c7966|summit-candidate:a0b87feaf88e526d|summit-candidate:2011a6c909945d6f,gpx_group_0218|summit_candidate_0187|summit_candidate_0221|summit_candidate_0080|mountain_378,location_stability_review_packets
379,高穴山,summit-candidate:a0b87feaf88e526d,0.85,medium,municipality_incompatible_strong,non_adjacent_municipality,松山市,宇和島市,,pending_review,,,false,false,location_stability_review_packets/gpx_groups/gpx_group_0165_yamap_2025-02-11_09_46.md,summit-candidate:a0b87feaf88e526d|summit-candidate:0005c0040c7c7966|summit-candidate:40260be41579ab8f,gpx_group_0165|summit_candidate_0221|summit_candidate_0187|summit_candidate_0050|mountain_379,location_stability_review_packets
380,高仙山,summit-candidate:3807e62715de33f9,0.85,medium,missing_location_evidence,missing_mountain_municipality,今治市,今治市,,pending_review,,,false,false,location_stability_review_packets/gpx_groups/gpx_group_0179_yamap_2025-02-11_13_28.md,summit-candidate:3807e62715de33f9|summit-candidate:0005c0040c7c7966|summit-candidate:a0b87feaf88e526d,gpx_group_0179|summit_candidate_0332|summit_candidate_0187|summit_candidate_0221|mountain_380,location_stability_review_packets
381,霊仙山,summit-candidate:47b61397fb9c5d3f,0.85,medium,adjacent_but_deep_inside,adjacent_municipality,今治市,松山市,,pending_review,,,false,false,location_stability_review_packets/gpx_groups/gpx_group_0021_yamap_2025-02-24_10_12.md,summit-candidate:47b61397fb9c5d3f|summit-candidate:0f09bdcc25daff65|summit-candidate:a92a94d8b5e0fb90,gpx_group_0021|summit_candidate_0083|summit_candidate_0160|summit_candidate_0417|mountain_381,location_stability_review_packets
382,若いもん山,summit-candidate:47b61397fb9c5d3f,0.79,medium,adjacent_but_deep_inside,adjacent_municipality,今治市,松山市,,pending_review,,,false,false,location_stability_review_packets/gpx_groups/gpx_group_0021_yamap_2025-02-24_10_12.md,summit-candidate:47b61397fb9c5d3f|summit-candidate:0f09bdcc25daff65|summit-candidate:101c1b0635c0bec0,gpx_group_0021|summit_candidate_0083|summit_candidate_0160|summit_candidate_0002|mountain_382,location_stability_review_packets
383,無宗天山,summit-candidate:0f09bdcc25daff65,0.85,medium,location_strong_match,same_municipality,今治市,今治市,,pending_review,,,false,false,location_stability_review_packets/gpx_groups/gpx_group_0149_yamap_2025-02-24_07_30.md,summit-candidate:0f09bdcc25daff65|summit-candidate:47b61397fb9c5d3f|summit-candidate:468c5bbccd8aba53,gpx_group_0149|summit_candidate_0160|summit_candidate_0083|summit_candidate_0118|mountain_383,location_stability_review_packets
384,綱付山,summit-candidate:f19fd681c4c84753,0.85,medium,municipality_incompatible_strong,non_adjacent_municipality,西条市,大洲市,,pending_review,,,false,false,location_stability_review_packets/gpx_groups/gpx_group_0150_yamap_2025-02-28_07_34.md,summit-candidate:f19fd681c4c84753|summit-candidate:e4f762179d85915d|summit-candidate:2129bbc9c3950a91,gpx_group_0150|summit_candidate_0248|summit_candidate_0243|summit_candidate_0194|mountain_384,location_stability_review_packets
385,幻城上城,summit-candidate:e4f762179d85915d,0.85,medium,municipality_incompatible_strong,non_adjacent_municipality,西条市,八幡浜市,,pending_review,,,false,false,location_stability_review_packets/gpx_groups/gpx_group_0150_yamap_2025-02-28_07_34.md,summit-candidate:e4f762179d85915d|summit-candidate:f19fd681c4c84753|summit-candidate:2129bbc9c3950a91,gpx_group_0150|summit_candidate_0243|summit_candidate_0248|summit_candidate_0194|mountain_385,location_stability_review_packets
386,幻城下城,summit-candidate:2129bbc9c3950a91,0.85,medium,missing_location_evidence,missing_mountain_municipality,西条市,西条市,,pending_review,,,false,false,location_stability_review_packets/gpx_groups/gpx_group_0191_yamap_2025-02-28_10_24.md,summit-candidate:2129bbc9c3950a91|summit-candidate:e4f762179d85915d|summit-candidate:f19fd681c4c84753,gpx_group_0191|summit_candidate_0194|summit_candidate_0243|summit_candidate_0248|mountain_386,location_stability_review_packets
387,階上山,summit-candidate:276fed5ecb7b3eb4,0.85,medium,adjacent_but_deep_inside,adjacent_municipality,伊予市,内子町,,pending_review,,,false,false,location_stability_review_packets/gpx_groups/gpx_group_0244_yamap_2025-03-02_13_17.md,summit-candidate:276fed5ecb7b3eb4|summit-candidate:3111fcf6a23addd2|summit-candidate:428f403ddcc5a31a,gpx_group_0244|summit_candidate_0260|summit_candidate_0430|summit_candidate_0199|mountain_387,location_stability_review_packets
388,姫政山,summit-candidate:d456af62868c5044,0.68,medium,missing_location_evidence,missing_mountain_municipality,今治市,,,pending_review,,,false,false,location_stability_review_packets/gpx_groups/gpx_group_0157_yamap_2025-03-10_08_18.md,summit-candidate:d456af62868c5044|summit-candidate:6b836f5beefdd52c|summit-candidate:079ae30d76fb11c2,gpx_group_0157|summit_candidate_0239|summit_candidate_0275|summit_candidate_0015|mountain_388,location_stability_review_packets
389,館山,summit-candidate:6b836f5beefdd52c,0.62,medium,location_uncertain_keep,non_adjacent_municipality,今治市,宇和島市,,pending_review,,,false,false,location_stability_review_packets/gpx_groups/gpx_group_0184_yamap_2025-03-10_10_25.md,summit-candidate:6b836f5beefdd52c|summit-candidate:d456af62868c5044|summit-candidate:3a1a951de82d4254,gpx_group_0184|summit_candidate_0275|summit_candidate_0239|summit_candidate_0263|mountain_389,location_stability_review_packets
390,高森山,summit-candidate:682d61b87016166b,0.85,medium,municipality_incompatible_strong,non_adjacent_municipality,内子町,今治市,,pending_review,,,false,false,location_stability_review_packets/gpx_groups/gpx_group_0148_yamap_2025-03-17_13_17.md,summit-candidate:682d61b87016166b|summit-candidate:d03c84134ca0989d|summit-candidate:230b9847a05c8052,gpx_group_0148|summit_candidate_0273|summit_candidate_0038|summit_candidate_0195|mountain_390,location_stability_review_packets
391,大登山,summit-candidate:230b9847a05c8052,0.85,medium,location_strong_match,same_municipality,内子町,内子町,,pending_review,,,false,false,location_stability_review_packets/gpx_groups/gpx_group_0158_yamap_2025-03-17_14_08.md,summit-candidate:230b9847a05c8052|summit-candidate:682d61b87016166b|summit-candidate:c6ea08c2953b4cb8,gpx_group_0158|summit_candidate_0195|summit_candidate_0273|summit_candidate_0234|mountain_391,location_stability_review_packets
392,高山,summit-candidate:101c1b0635c0bec0,0.62,medium,location_uncertain_keep,non_adjacent_municipality,今治市,大洲市,,pending_review,,,false,false,location_stability_review_packets/gpx_groups/gpx_group_0011_yamap_2022-12-25_10_09.md,summit-candidate:101c1b0635c0bec0|summit-candidate:8ff6361109e5ed5c|summit-candidate:71f4bbfe52f75585,gpx_group_0011|summit_candidate_0002|summit_candidate_0148|summit_candidate_0119|mountain_392,location_stability_review_packets
393,泰ノ山,summit-candidate:98457196a66e294d,0.68,medium,municipality_incompatible_strong,non_adjacent_municipality,松山市,宇和島市,,pending_review,,,false,false,location_stability_review_packets/gpx_groups/gpx_group_0107_yamap_2025-03-20_08_27.md,summit-candidate:98457196a66e294d|summit-candidate:fe8f624bdaa57afd|summit-candidate:8ff6361109e5ed5c,gpx_group_0107|summit_candidate_0218|summit_candidate_0251|summit_candidate_0148|mountain_393,location_stability_review_packets
394,大里山,summit-candidate:fe8f624bdaa57afd,0.68,medium,municipality_incompatible_strong,non_adjacent_municipality,松山市,宇和島市,,pending_review,,,false,false,location_stability_review_packets/gpx_groups/gpx_group_0107_yamap_2025-03-20_08_27.md,summit-candidate:fe8f624bdaa57afd|summit-candidate:98457196a66e294d|summit-candidate:8ff6361109e5ed5c,gpx_group_0107|summit_candidate_0251|summit_candidate_0218|summit_candidate_0148|mountain_394,location_stability_review_packets
395,北ヶ森,summit-candidate:dedadc05e5f6d5d5,0.75,medium,location_uncertain_keep,candidate_boundary_ambiguous,,西条市,,pending_review,,,false,false,location_stability_review_packets/gpx_groups/gpx_group_0089_yamap_2025-03-23_11_12.md,summit-candidate:dedadc05e5f6d5d5|summit-candidate:0d5802be6f4a6c6e|summit-candidate:3853fbbba7330ec4,gpx_group_0089|summit_candidate_0113|summit_candidate_0404|summit_candidate_0262|mountain_395,location_stability_review_packets
396,高土の峰,summit-candidate:dedadc05e5f6d5d5,0.5,low,location_uncertain_keep,candidate_boundary_ambiguous,,西条市,,pending_review,,,false,false,location_stability_review_packets/gpx_groups/gpx_group_0089_yamap_2025-03-23_11_12.md,summit-candidate:dedadc05e5f6d5d5|summit-candidate:94e39d837730a5c7|summit-candidate:37c3a34c16599379,gpx_group_0089|summit_candidate_0113|summit_candidate_0284|summit_candidate_0377|mountain_396,location_stability_review_packets
397,竜王山,summit-candidate:62d2811f5d1a9f29,0.68,medium,location_uncertain_keep,candidate_boundary_ambiguous,,大洲市,,pending_review,,,false,false,location_stability_review_packets/gpx_groups/gpx_group_0045_yamap_2025-03-30_07_01.md,summit-candidate:62d2811f5d1a9f29|summit-candidate:5f3f2f47d84464c4|summit-candidate:b02ff952b74ca472,gpx_group_0045|summit_candidate_0055|summit_candidate_0036|summit_candidate_0396|mountain_397,location_stability_review_packets
398,岳山,summit-candidate:5f3f2f47d84464c4,0.73,medium,boundary_plausible,adjacent_municipality,西予市,内子町,,pending_review,,,false,false,location_stability_review_packets/gpx_groups/gpx_group_0035_yamap_2025-03-30_09_12.md,summit-candidate:5f3f2f47d84464c4|summit-candidate:b02ff952b74ca472|summit-candidate:13aa9354da4eb6d6,gpx_group_0035|summit_candidate_0036|summit_candidate_0396|summit_candidate_0035|mountain_398,location_stability_review_packets
399,一ヶ森,summit-candidate:5f3f2f47d84464c4,0.73,medium,boundary_plausible,adjacent_municipality,西予市,内子町,,pending_review,,,false,false,location_stability_review_packets/gpx_groups/gpx_group_0035_yamap_2025-03-30_09_12.md,summit-candidate:5f3f2f47d84464c4|summit-candidate:13aa9354da4eb6d6|summit-candidate:b02ff952b74ca472,gpx_group_0035|summit_candidate_0036|summit_candidate_0035|summit_candidate_0396|mountain_399,location_stability_review_packets
400,愛の森,summit-candidate:62d2811f5d1a9f29,0.75,medium,location_uncertain_keep,candidate_boundary_ambiguous,,大洲市,,pending_review,,,false,false,location_stability_review_packets/gpx_groups/gpx_group_0045_yamap_2025-03-30_07_01.md,summit-candidate:62d2811f5d1a9f29|summit-candidate:13aa9354da4eb6d6|summit-candidate:5f3f2f47d84464c4,gpx_group_0045|summit_candidate_0055|summit_candidate_0035|summit_candidate_0036|mountain_400,location_stability_review_packets
401,京の森,summit-candidate:13aa9354da4eb6d6,0.69,medium,location_uncertain_keep,candidate_boundary_ambiguous,,新居浜市,,pending_review,,,false,false,location_stability_review_packets/gpx_groups/gpx_group_0055_yamap_2025-03-30_12_56.md,summit-candidate:13aa9354da4eb6d6|summit-candidate:62d2811f5d1a9f29|summit-candidate:5f3f2f47d84464c4,gpx_group_0055|summit_candidate_0035|summit_candidate_0055|summit_candidate_0036|mountain_401,location_stability_review_packets
402,大迫山,summit-candidate:13aa9354da4eb6d6,0.69,medium,location_uncertain_keep,candidate_boundary_ambiguous,,新居浜市,,pending_review,,,false,false,location_stability_review_packets/gpx_groups/gpx_group_0055_yamap_2025-03-30_12_56.md,summit-candidate:13aa9354da4eb6d6|summit-candidate:5f3f2f47d84464c4|summit-candidate:62d2811f5d1a9f29,gpx_group_0055|summit_candidate_0035|summit_candidate_0036|summit_candidate_0055|mountain_402,location_stability_review_packets
403,船山,summit-candidate:2a670286f545beb2,0.5,low,adjacent_but_deep_inside,adjacent_municipality,久万高原町,西条市,,pending_review,,,false,false,location_stability_review_packets/gpx_groups/gpx_group_0079_yamap_2023-04-09_09_08.md,summit-candidate:2a670286f545beb2|summit-candidate:622b899de76208ef|summit-candidate:46ab73ee0e06e924,gpx_group_0079|summit_candidate_0064|summit_candidate_0271|summit_candidate_0201|mountain_403,location_stability_review_packets
404,コクゾ峰,summit-candidate:94e39d837730a5c7,0.85,medium,municipality_incompatible_strong,non_adjacent_municipality,砥部町,大洲市,,pending_review,,,false,false,location_stability_review_packets/gpx_groups/gpx_group_0245_yamap_2025-04-04_06_19.md,summit-candidate:94e39d837730a5c7|summit-candidate:615a70cf4401199b|summit-candidate:3f84cc393481fcf2,gpx_group_0245|summit_candidate_0284|summit_candidate_0144|summit_candidate_0378|mountain_404,location_stability_review_packets
405,加塚山,summit-candidate:cdd4a9ba931c816e,0.85,medium,location_uncertain_keep,non_adjacent_municipality,宇和島市,四国中央市,,pending_review,,,false,false,location_stability_review_packets/gpx_groups/gpx_group_0109_yamap_2025-04-06_08_48.md,summit-candidate:cdd4a9ba931c816e|summit-candidate:18f6f4b086668887|summit-candidate:3f84cc393481fcf2,gpx_group_0109|summit_candidate_0306|summit_candidate_0405|summit_candidate_0378|mountain_405,location_stability_review_packets
406,新谷神南山,summit-candidate:6342f0069cd164e8,0.85,medium,municipality_incompatible_strong,non_adjacent_municipality,大洲市,四国中央市,,pending_review,,,false,false,location_stability_review_packets/gpx_groups/gpx_group_0140_yamap_2025-04-09_06_48.md,summit-candidate:6342f0069cd164e8|summit-candidate:49147712961a83be|summit-candidate:9306f5a7fe249a15,gpx_group_0140|summit_candidate_0272|summit_candidate_0165|summit_candidate_0415|mountain_406,location_stability_review_packets
407,五十崎神南山,summit-candidate:49147712961a83be,0.68,medium,location_uncertain_keep,candidate_boundary_ambiguous,,内子町,,pending_review,,,false,false,location_stability_review_packets/gpx_groups/gpx_group_0140_yamap_2025-04-09_06_48.md,summit-candidate:49147712961a83be|summit-candidate:6342f0069cd164e8|summit-candidate:0048d4d3a7981b80,gpx_group_0140|summit_candidate_0165|summit_candidate_0272|summit_candidate_0039|mountain_407,location_stability_review_packets
408,笠成山,summit-candidate:81081ef1b6e58a79,0.85,medium,adjacent_but_deep_inside,adjacent_municipality,砥部町,内子町,,pending_review,,,false,false,location_stability_review_packets/gpx_groups/gpx_group_0239_yamap_2025-04-14_05_56.md,summit-candidate:81081ef1b6e58a79|summit-candidate:07834c521328cc1d|summit-candidate:0a765b89058b256b,gpx_group_0239|summit_candidate_0341|summit_candidate_0137|summit_candidate_0188|mountain_408,location_stability_review_packets
409,小屋山,summit-candidate:422a9e74717ca96d,0.75,medium,location_uncertain_keep,candidate_boundary_ambiguous,,四国中央市,,pending_review,,,false,false,location_stability_review_packets/gpx_groups/gpx_group_0091_yamap_2025-04-19_07_10.md,summit-candidate:422a9e74717ca96d|summit-candidate:0cc9c1186612ceaa|summit-candidate:01f601a63b1874f6,gpx_group_0091|summit_candidate_0104|summit_candidate_0403|summit_candidate_0428|mountain_409,location_stability_review_packets
410,丸石山,summit-candidate:422a9e74717ca96d,0.62,medium,location_uncertain_keep,candidate_boundary_ambiguous,,四国中央市,,pending_review,,,false,false,location_stability_review_packets/gpx_groups/gpx_group_0091_yamap_2025-04-19_07_10.md,summit-candidate:422a9e74717ca96d|summit-candidate:0cc9c1186612ceaa|summit-candidate:01f601a63b1874f6,gpx_group_0091|summit_candidate_0104|summit_candidate_0403|summit_candidate_0428|mountain_410,location_stability_review_packets
411,野地峰,summit-candidate:17a471cc45af2c05,0.68,medium,location_uncertain_keep,candidate_boundary_ambiguous,,西予市,,pending_review,,,false,false,location_stability_review_packets/gpx_groups/gpx_group_0095_yamap_2025-04-27_06_23.md,summit-candidate:17a471cc45af2c05|summit-candidate:8326f30918c16cbe|summit-candidate:53bf856dccad5eab,gpx_group_0095|summit_candidate_0101|summit_candidate_0392|summit_candidate_0143|mountain_411,location_stability_review_packets
412,黒岩山,summit-candidate:e93bba1998d4efb5,0.68,medium,location_uncertain_keep,candidate_outside_prefecture,,西条市,,pending_review,,,false,false,location_stability_review_packets/gpx_groups/gpx_group_0095_yamap_2025-04-27_06_23.md,summit-candidate:e93bba1998d4efb5|summit-candidate:53bf856dccad5eab|summit-candidate:8326f30918c16cbe,gpx_group_0095|summit_candidate_0315|summit_candidate_0143|summit_candidate_0392|mountain_412,location_stability_review_packets
413,大野山,summit-candidate:53bf856dccad5eab,0.73,medium,boundary_plausible,adjacent_municipality,新居浜市,西条市,,pending_review,,,false,false,location_stability_review_packets/gpx_groups/gpx_group_0095_yamap_2025-04-27_06_23.md,summit-candidate:53bf856dccad5eab|summit-candidate:8326f30918c16cbe|summit-candidate:e93bba1998d4efb5,gpx_group_0095|summit_candidate_0143|summit_candidate_0392|summit_candidate_0315|mountain_413,location_stability_review_packets
414,水なし山,summit-candidate:403c0894babcf279,0.75,medium,location_uncertain_keep,candidate_boundary_ambiguous,,西条市,,pending_review,,,false,false,location_stability_review_packets/gpx_groups/gpx_group_0090_yamap_2025-06-21_08_53.md,summit-candidate:403c0894babcf279|summit-candidate:6ff5d266707ae664|summit-candidate:8917a066a1c03aeb,gpx_group_0090|summit_candidate_0103|summit_candidate_0409|summit_candidate_0393|mountain_414,location_stability_review_packets
415,貝渚山,summit-candidate:403c0894babcf279,0.69,medium,location_uncertain_keep,candidate_boundary_ambiguous,,西条市,,pending_review,,,false,false,location_stability_review_packets/gpx_groups/gpx_group_0090_yamap_2025-06-21_08_53.md,summit-candidate:403c0894babcf279|summit-candidate:6ff5d266707ae664|summit-candidate:8917a066a1c03aeb,gpx_group_0090|summit_candidate_0103|summit_candidate_0409|summit_candidate_0393|mountain_415,location_stability_review_packets
416,谷崎山,summit-candidate:0d157ed871f76807,0.85,medium,municipality_incompatible_strong,non_adjacent_municipality,西条市,西予市,,pending_review,,,false,false,location_stability_review_packets/gpx_groups/gpx_group_0219_yamap_2025-07-06_07_10.md,summit-candidate:0d157ed871f76807|summit-candidate:e79e77da4bfd1f13|summit-candidate:20f1c44b99e3d708,gpx_group_0219|summit_candidate_0191|summit_candidate_0245|summit_candidate_0193|mountain_416,location_stability_review_packets
417,東黒森,summit-candidate:20f1c44b99e3d708,0.68,medium,location_uncertain_keep,candidate_boundary_ambiguous,,西条市,,pending_review,,,false,false,location_stability_review_packets/gpx_groups/gpx_group_0264_yamap_2025-07-06_09_43.md,summit-candidate:20f1c44b99e3d708|summit-candidate:0d157ed871f76807|summit-candidate:e79e77da4bfd1f13,gpx_group_0264|summit_candidate_0193|summit_candidate_0191|summit_candidate_0245|mountain_417,location_stability_review_packets
418,伊吹山,summit-candidate:e79e77da4bfd1f13,0.75,medium,location_uncertain_keep,candidate_boundary_ambiguous,,西条市,,pending_review,,,false,false,location_stability_review_packets/gpx_groups/gpx_group_0259_yamap_2025-07-06_12_03.md,summit-candidate:e79e77da4bfd1f13|summit-candidate:0d157ed871f76807|summit-candidate:20f1c44b99e3d708,gpx_group_0259|summit_candidate_0245|summit_candidate_0191|summit_candidate_0193|mountain_418,location_stability_review_packets
419,小牛城,summit-candidate:ba78489e4d448645,0.75,medium,location_uncertain_keep,candidate_boundary_ambiguous,,西条市,,pending_review,,,false,false,location_stability_review_packets/gpx_groups/gpx_group_0226_yamap_2025-08-15_10_51.md,summit-candidate:ba78489e4d448645|summit-candidate:1c085703f9a891aa|summit-candidate:00dfcd8bd36a1f00,gpx_group_0226|summit_candidate_0298|summit_candidate_0130|summit_candidate_0158|mountain_419,location_stability_review_packets
420,正木ノ森,summit-candidate:1c085703f9a891aa,0.85,medium,boundary_plausible,adjacent_municipality,久万高原町,西条市,,pending_review,,,false,false,location_stability_review_packets/gpx_groups/gpx_group_0231_yamap_2025-08-15_12_44.md,summit-candidate:1c085703f9a891aa|summit-candidate:00dfcd8bd36a1f00|summit-candidate:ba78489e4d448645,gpx_group_0231|summit_candidate_0130|summit_candidate_0158|summit_candidate_0298|mountain_420,location_stability_review_packets
421,五段城,summit-candidate:00dfcd8bd36a1f00,0.78,medium,location_uncertain_keep,non_adjacent_municipality,久万高原町,四国中央市,,pending_review,,,false,false,location_stability_review_packets/gpx_groups/gpx_group_0253_yamap_2025-08-15_11_47.md,summit-candidate:00dfcd8bd36a1f00|summit-candidate:1c085703f9a891aa|summit-candidate:54dc6f5d29d60052,gpx_group_0253|summit_candidate_0158|summit_candidate_0130|summit_candidate_0267|mountain_421,location_stability_review_packets
422,天狗ノ森,summit-candidate:54dc6f5d29d60052,0.68,medium,location_uncertain_keep,candidate_outside_prefecture,,西条市,,pending_review,,,false,false,location_stability_review_packets/gpx_groups/gpx_group_0255_yamap_2025-08-15_09_21.md,summit-candidate:54dc6f5d29d60052|summit-candidate:1c085703f9a891aa|summit-candidate:00dfcd8bd36a1f00,gpx_group_0255|summit_candidate_0267|summit_candidate_0130|summit_candidate_0158|mountain_422,location_stability_review_packets
423,鶴ノ子ノ頭,summit-candidate:65906dbbd6e5b747,0.69,medium,location_uncertain_keep,candidate_boundary_ambiguous,,西条市,,pending_review,,,false,false,location_stability_review_packets/gpx_groups/gpx_group_0260_yamap_2025-09-07_08_00.md,summit-candidate:65906dbbd6e5b747|summit-candidate:19713e48698f3e2a|summit-candidate:d13554ef3debca9d,gpx_group_0260|summit_candidate_0337|summit_candidate_0161|summit_candidate_0380|mountain_423,location_stability_review_packets
424,千秋寺山,summit-candidate:084fa7c9e55252dc,0.5,low,location_strong_match,same_municipality,松山市,松山市,,pending_review,,,false,false,location_stability_review_packets/gpx_groups/gpx_group_0050_yamap_2026-03-11_10_35.md,summit-candidate:084fa7c9e55252dc|summit-candidate:3259dfe3d9ce60c5|summit-candidate:ac7a1ebef52ea30c,gpx_group_0050|summit_candidate_0017|summit_candidate_0048|summit_candidate_0176|mountain_424,location_stability_review_packets
425,黒川山,summit-candidate:6b97922a3935a9a5,0.79,medium,location_strong_match,same_municipality,西条市,西条市,,pending_review,,,false,false,location_stability_review_packets/gpx_groups/gpx_group_0104_yamap_2025-09-21_08_53.md,summit-candidate:6b97922a3935a9a5|summit-candidate:56e8244e578a141a|summit-candidate:109bc31ba8b3aa15,gpx_group_0104|summit_candidate_0168|summit_candidate_0388|summit_candidate_0078|mountain_425,location_stability_review_packets
426,前社ヶ森,summit-candidate:109bc31ba8b3aa15,0.73,medium,location_strong_match,same_municipality,西条市,西条市,,pending_review,,,false,false,location_stability_review_packets/gpx_groups/gpx_group_0104_yamap_2025-09-21_08_53.md,summit-candidate:109bc31ba8b3aa15|summit-candidate:56e8244e578a141a|summit-candidate:6b97922a3935a9a5,gpx_group_0104|summit_candidate_0078|summit_candidate_0388|summit_candidate_0168|mountain_426,location_stability_review_packets
427,剣山,summit-candidate:109bc31ba8b3aa15,0.85,medium,location_strong_match,same_municipality,西条市,西条市,,pending_review,,,false,false,location_stability_review_packets/gpx_groups/gpx_group_0104_yamap_2025-09-21_08_53.md,summit-candidate:109bc31ba8b3aa15|summit-candidate:56e8244e578a141a|summit-candidate:6b97922a3935a9a5,gpx_group_0104|summit_candidate_0078|summit_candidate_0388|summit_candidate_0168|mountain_427,location_stability_review_packets
428,東光森山,summit-candidate:6358c7fb40ce841e,0.75,medium,location_uncertain_keep,candidate_boundary_ambiguous,,西条市,,pending_review,,,false,false,location_stability_review_packets/gpx_groups/gpx_group_0080_yamap_2025-09-27_06_52.md,summit-candidate:6358c7fb40ce841e|summit-candidate:accbb6cf4fee8a2f|summit-candidate:4b66146264e5e167,gpx_group_0080|summit_candidate_0336|summit_candidate_0442|summit_candidate_0432|mountain_428,location_stability_review_packets
429,別子山,summit-candidate:69652a1c97f3b2eb,0.75,medium,location_uncertain_keep,candidate_boundary_ambiguous,,西条市,,pending_review,,,false,false,location_stability_review_packets/gpx_groups/gpx_group_0080_yamap_2025-09-27_06_52.md,summit-candidate:69652a1c97f3b2eb|summit-candidate:4b66146264e5e167|summit-candidate:accbb6cf4fee8a2f,gpx_group_0080|summit_candidate_0107|summit_candidate_0432|summit_candidate_0442|mountain_429,location_stability_review_packets
430,三ッ森山,summit-candidate:8f124a2a1de32654,0.85,medium,boundary_plausible,adjacent_municipality,新居浜市,西条市,,pending_review,,,false,false,location_stability_review_packets/gpx_groups/gpx_group_0192_yamap_2025-10-05_08_42.md,summit-candidate:8f124a2a1de32654|summit-candidate:b2662116bd1858b6|summit-candidate:057580d1c60049b6,gpx_group_0192|summit_candidate_0280|summit_candidate_0444|summit_candidate_0014|mountain_430,location_stability_review_packets
431,大座礼山,summit-candidate:20557338e1ab5de6,0.68,medium,location_uncertain_keep,candidate_outside_prefecture,,新居浜市,,pending_review,,,false,false,location_stability_review_packets/gpx_groups/gpx_group_0192_yamap_2025-10-05_08_42.md,summit-candidate:20557338e1ab5de6|summit-candidate:8f124a2a1de32654|summit-candidate:b2662116bd1858b6,gpx_group_0192|summit_candidate_0327|summit_candidate_0280|summit_candidate_0444|mountain_431,location_stability_review_packets
432,三つ足山,summit-candidate:565ba3761956d9b3,0.79,medium,location_uncertain_keep,non_adjacent_municipality,四国中央市,西条市,,pending_review,,,false,false,location_stability_review_packets/gpx_groups/gpx_group_0087_yamap_2025-10-11_06_24.md,summit-candidate:565ba3761956d9b3|summit-candidate:a80dd0489247a839|summit-candidate:db51ae1b2be57eea,gpx_group_0087|summit_candidate_0010|summit_candidate_0395|summit_candidate_0121|mountain_432,location_stability_review_packets
433,大森山,summit-candidate:565ba3761956d9b3,0.85,medium,location_uncertain_keep,non_adjacent_municipality,四国中央市,西条市,,pending_review,,,false,false,location_stability_review_packets/gpx_groups/gpx_group_0087_yamap_2025-10-11_06_24.md,summit-candidate:565ba3761956d9b3|summit-candidate:a80dd0489247a839|summit-candidate:19ab381ef6c337af,gpx_group_0087|summit_candidate_0010|summit_candidate_0395|summit_candidate_0117|mountain_433,location_stability_review_packets
434,佐々連尾山,summit-candidate:565ba3761956d9b3,0.79,medium,location_uncertain_keep,non_adjacent_municipality,四国中央市,西条市,,pending_review,,,false,false,location_stability_review_packets/gpx_groups/gpx_group_0087_yamap_2025-10-11_06_24.md,summit-candidate:565ba3761956d9b3|summit-candidate:a80dd0489247a839|summit-candidate:53bf856dccad5eab,gpx_group_0087|summit_candidate_0010|summit_candidate_0395|summit_candidate_0143|mountain_434,location_stability_review_packets
435,東ノ冠岳,summit-candidate:b73a23fa4b3abc39,0.6,low,adjacent_but_deep_inside,adjacent_municipality,久万高原町,西条市,,pending_review,,,false,false,location_stability_review_packets/gpx_groups/gpx_group_0084_yamap_2023-09-06_13_30.md,summit-candidate:b73a23fa4b3abc39|summit-candidate:fe43b0b6aa90cb8f|summit-candidate:bca203164e26ce6a,gpx_group_0084|summit_candidate_0096|summit_candidate_0136|summit_candidate_0419|mountain_435,location_stability_review_packets
436,大峰,summit-candidate:1946316119cd7251,0.85,medium,municipality_incompatible_strong,non_adjacent_municipality,伊方町,内子町,,pending_review,,,false,false,location_stability_review_packets/gpx_groups/gpx_group_0175_yamap_2025-10-23_15_58.md,summit-candidate:1946316119cd7251|summit-candidate:f3bf8b21a01f29ef|summit-candidate:6756239601754708,gpx_group_0175|summit_candidate_0257|summit_candidate_0249|summit_candidate_0070|mountain_436,location_stability_review_packets
437,堂堂山,summit-candidate:f3bf8b21a01f29ef,0.85,medium,municipality_incompatible_strong,non_adjacent_municipality,伊方町,西予市,,pending_review,,,false,false,location_stability_review_packets/gpx_groups/gpx_group_0176_yamap_2025-10-23_16_38.md,summit-candidate:f3bf8b21a01f29ef|summit-candidate:1946316119cd7251|summit-candidate:da46e12c02d47edf,gpx_group_0176|summit_candidate_0249|summit_candidate_0257|summit_candidate_0310|mountain_437,location_stability_review_packets
438,堂所山,summit-candidate:192b785fe79890e5,0.85,medium,adjacent_but_deep_inside,adjacent_municipality,西予市,内子町,,pending_review,,,false,false,location_stability_review_packets/gpx_groups/gpx_group_0227_yamap_2025-10-26_11_45.md,summit-candidate:192b785fe79890e5|summit-candidate:d71483d289d0c575|summit-candidate:5f3f2f47d84464c4,gpx_group_0227|summit_candidate_0325|summit_candidate_0154|summit_candidate_0036|mountain_438,location_stability_review_packets
439,天満山,summit-candidate:69652a1c97f3b2eb,0.4,low,location_uncertain_keep,candidate_boundary_ambiguous,,西条市,,pending_review,,,false,false,location_stability_review_packets/gpx_groups/gpx_group_0080_yamap_2025-09-27_06_52.md,summit-candidate:69652a1c97f3b2eb|summit-candidate:09c1602c02ce7f78|summit-candidate:1c085703f9a891aa,gpx_group_0080|summit_candidate_0107|summit_candidate_0381|summit_candidate_0130|mountain_439,location_stability_review_packets
440,霧立山,summit-candidate:b319c20dc9ecb5f1,0.79,medium,location_uncertain_keep,non_adjacent_municipality,鬼北町,西条市,,pending_review,,,false,false,location_stability_review_packets/gpx_groups/gpx_group_0213_yamap_2025-12-06_08_06.md,summit-candidate:b319c20dc9ecb5f1|summit-candidate:9fe4d21715424f17|summit-candidate:7a53852cc6c3e971,gpx_group_0213|summit_candidate_0296|summit_candidate_0290|summit_candidate_0390|mountain_440,location_stability_review_packets
441,地蔵山,summit-candidate:9fe4d21715424f17,0.79,medium,location_uncertain_keep,non_adjacent_municipality,鬼北町,西条市,,pending_review,,,false,false,location_stability_review_packets/gpx_groups/gpx_group_0213_yamap_2025-12-06_08_06.md,summit-candidate:9fe4d21715424f17|summit-candidate:b319c20dc9ecb5f1|summit-candidate:6198ad7009d86ec2,gpx_group_0213|summit_candidate_0290|summit_candidate_0296|summit_candidate_0126|mountain_441,location_stability_review_packets
442,天道ヶ頭,summit-candidate:8d1f2bd134bed04d,0.85,medium,municipality_incompatible_strong,non_adjacent_municipality,今治市,大洲市,,pending_review,,,false,false,location_stability_review_packets/gpx_groups/gpx_group_0232_yamap_2025-12-10_11_40.md,summit-candidate:8d1f2bd134bed04d|summit-candidate:6b0155a434d72d79|summit-candidate:32c1cf967ab82dbe,gpx_group_0232|summit_candidate_0343|summit_candidate_0021|summit_candidate_0067|mountain_442,location_stability_review_packets
443,根太山,summit-candidate:b1bd2a482a691bd8,0.79,medium,municipality_incompatible_strong,non_adjacent_municipality,大洲市,宇和島市,,pending_review,,,false,false,location_stability_review_packets/gpx_groups/gpx_group_0153_yamap_2025-12-14_12_03.md,summit-candidate:b1bd2a482a691bd8|summit-candidate:6b62cbb916ef874d|summit-candidate:d663a75e24f23530,gpx_group_0153|summit_candidate_0229|summit_candidate_0086|summit_candidate_0425|mountain_443,location_stability_review_packets
444,紅葉山,summit-candidate:6b62cbb916ef874d,0.85,medium,adjacent_but_deep_inside,adjacent_municipality,大洲市,内子町,,pending_review,,,false,false,location_stability_review_packets/gpx_groups/gpx_group_0033_yamap_2025-12-14_08_56.md,summit-candidate:6b62cbb916ef874d|summit-candidate:d663a75e24f23530|summit-candidate:b1bd2a482a691bd8,gpx_group_0033|summit_candidate_0086|summit_candidate_0425|summit_candidate_0229|mountain_444,location_stability_review_packets
445,梁瀬山,summit-candidate:6b62cbb916ef874d,0.85,medium,adjacent_but_deep_inside,adjacent_municipality,大洲市,内子町,,pending_review,,,false,false,location_stability_review_packets/gpx_groups/gpx_group_0033_yamap_2025-12-14_08_56.md,summit-candidate:6b62cbb916ef874d|summit-candidate:d663a75e24f23530|summit-candidate:b1bd2a482a691bd8,gpx_group_0033|summit_candidate_0086|summit_candidate_0425|summit_candidate_0229|mountain_445,location_stability_review_packets
446,池ノ城山,summit-candidate:f028aab45221cee6,0.79,medium,location_strong_match,same_municipality,内子町,内子町,,pending_review,,,false,false,location_stability_review_packets/gpx_groups/gpx_group_0063_yamap_2025-12-20_07_28.md,summit-candidate:f028aab45221cee6|summit-candidate:9cc74b44e1289236|summit-candidate:c8607e1f03bb5db1,gpx_group_0063|summit_candidate_0115|summit_candidate_0368|summit_candidate_0369|mountain_446,location_stability_review_packets
447,峠ヶ森,summit-candidate:e7b64a377534c79e,0.79,medium,location_strong_match,same_municipality,宇和島市,宇和島市,,pending_review,,,false,false,location_stability_review_packets/gpx_groups/gpx_group_0193_yamap_2026-01-04_11_16.md,summit-candidate:e7b64a377534c79e|summit-candidate:730e21bca5cdf60d|summit-candidate:23c112538ef91e0d,gpx_group_0193|summit_candidate_0314|summit_candidate_0276|summit_candidate_0029|mountain_447,location_stability_review_packets
448,雨森山,summit-candidate:730e21bca5cdf60d,0.79,medium,municipality_incompatible_strong,non_adjacent_municipality,宇和島市,今治市,,pending_review,,,false,false,location_stability_review_packets/gpx_groups/gpx_group_0166_yamap_2026-01-04_08_20.md,summit-candidate:730e21bca5cdf60d|summit-candidate:e7b64a377534c79e|summit-candidate:e55456349660bd14,gpx_group_0166|summit_candidate_0276|summit_candidate_0314|summit_candidate_0244|mountain_448,location_stability_review_packets
449,御在所山,summit-candidate:17c3649ad9b147ce,0.75,medium,location_uncertain_keep,candidate_boundary_ambiguous,,大洲市,,pending_review,,,false,false,location_stability_review_packets/gpx_groups/gpx_group_0088_yamap_2026-01-07_07_05.md,summit-candidate:17c3649ad9b147ce|summit-candidate:a271a6c73ad11b69|summit-candidate:61f36127d879648f,gpx_group_0088|summit_candidate_0045|summit_candidate_0222|summit_candidate_0270|mountain_449,location_stability_review_packets
450,高雄山,summit-candidate:a271a6c73ad11b69,0.68,medium,location_uncertain_keep,candidate_boundary_ambiguous,,内子町,,pending_review,,,false,false,location_stability_review_packets/gpx_groups/gpx_group_0159_yamap_2026-01-07_09_14.md,summit-candidate:a271a6c73ad11b69|summit-candidate:17c3649ad9b147ce|summit-candidate:2c1cbc474e49f1ec,gpx_group_0159|summit_candidate_0222|summit_candidate_0045|summit_candidate_0164|mountain_450,location_stability_review_packets
451,陣が森岳,summit-candidate:1fd59e0e67624706,0.85,medium,boundary_plausible,adjacent_municipality,伊予市,内子町,,pending_review,,,false,false,location_stability_review_packets/gpx_groups/gpx_group_0206_yamap_2026-01-11_10_38.md,summit-candidate:1fd59e0e67624706|summit-candidate:61304308f9a58d0d|summit-candidate:23316af255d30882,gpx_group_0206|summit_candidate_0192|summit_candidate_0269|summit_candidate_0371|mountain_451,location_stability_review_packets
452,黒岩岳,summit-candidate:61304308f9a58d0d,0.85,medium,adjacent_but_deep_inside,adjacent_municipality,伊予市,大洲市,,pending_review,,,false,false,location_stability_review_packets/gpx_groups/gpx_group_0246_yamap_2026-01-11_07_50.md,summit-candidate:61304308f9a58d0d|summit-candidate:1fd59e0e67624706|summit-candidate:ce7fc6697696cde7,gpx_group_0246|summit_candidate_0269|summit_candidate_0192|summit_candidate_0400|mountain_452,location_stability_review_packets
453,大判山,summit-candidate:fa9a4432fbf76027,0.85,medium,municipality_incompatible_strong,non_adjacent_municipality,西予市,西条市,,pending_review,,,false,false,location_stability_review_packets/gpx_groups/gpx_group_0247_yamap_2026-01-18_06_03.md,summit-candidate:fa9a4432fbf76027|summit-candidate:51c8bc6a368c422c|summit-candidate:5f31b84e049f61fa,gpx_group_0247|summit_candidate_0322|summit_candidate_0041|summit_candidate_0031|mountain_453,location_stability_review_packets
454,竜王の峰,summit-candidate:51c8bc6a368c422c,0.85,medium,adjacent_but_deep_inside,adjacent_municipality,西予市,内子町,,pending_review,,,false,false,location_stability_review_packets/gpx_groups/gpx_group_0072_yamap_2026-01-18_09_11.md,summit-candidate:51c8bc6a368c422c|summit-candidate:fa9a4432fbf76027|summit-candidate:ef5127a689eaf48a,gpx_group_0072|summit_candidate_0041|summit_candidate_0322|summit_candidate_0076|mountain_454,location_stability_review_packets
455,船ヶ迫岳,summit-candidate:4a22801b12460992,0.73,medium,location_strong_match,same_municipality,内子町,内子町,,pending_review,,,false,false,location_stability_review_packets/gpx_groups/gpx_group_0086_yamap_2026-01-25_07_43.md,summit-candidate:4a22801b12460992|summit-candidate:ce7fc6697696cde7|summit-candidate:9fe27d7d4a51aa70,gpx_group_0086|summit_candidate_0023|summit_candidate_0400|summit_candidate_0220|mountain_455,location_stability_review_packets
456,鎌倉山,summit-candidate:4a22801b12460992,0.85,medium,location_strong_match,same_municipality,内子町,内子町,,pending_review,,,false,false,location_stability_review_packets/gpx_groups/gpx_group_0086_yamap_2026-01-25_07_43.md,summit-candidate:4a22801b12460992|summit-candidate:ce7fc6697696cde7|summit-candidate:49147712961a83be,gpx_group_0086|summit_candidate_0023|summit_candidate_0400|summit_candidate_0165|mountain_456,location_stability_review_packets
457,槇ノ山,summit-candidate:f39b40bd0d9b0192,0.85,medium,municipality_incompatible_strong,non_adjacent_municipality,宇和島市,大洲市,,pending_review,,,false,false,location_stability_review_packets/gpx_groups/gpx_group_0125_yamap_2026-01-31_07_40.md,summit-candidate:f39b40bd0d9b0192|summit-candidate:a9b00b48e0c94eab|summit-candidate:e55456349660bd14,gpx_group_0125|summit_candidate_0366|summit_candidate_0226|summit_candidate_0244|mountain_457,location_stability_review_packets
458,遠見山,summit-candidate:e55456349660bd14,0.85,medium,municipality_incompatible_strong,non_adjacent_municipality,宇和島市,今治市,,pending_review,,,false,false,location_stability_review_packets/gpx_groups/gpx_group_0160_yamap_2026-01-31_10_49.md,summit-candidate:e55456349660bd14|summit-candidate:fcfb64bccceb89d4|summit-candidate:a9b00b48e0c94eab,gpx_group_0160|summit_candidate_0244|summit_candidate_0477|summit_candidate_0226|mountain_458,location_stability_review_packets
459,高森山,summit-candidate:a9b00b48e0c94eab,0.73,medium,location_uncertain_keep,non_adjacent_municipality,宇和島市,内子町,,pending_review,,,false,false,location_stability_review_packets/gpx_groups/gpx_group_0194_yamap_2026-01-31_13_52.md,summit-candidate:a9b00b48e0c94eab|summit-candidate:19ab381ef6c337af|summit-candidate:5f31b84e049f61fa,gpx_group_0194|summit_candidate_0226|summit_candidate_0117|summit_candidate_0031|mountain_459,location_stability_review_packets
460,牛の峰,summit-candidate:bd8fda9e743f2008,0.79,medium,adjacent_but_deep_inside,adjacent_municipality,大洲市,内子町,,pending_review,,,false,false,location_stability_review_packets/gpx_groups/gpx_group_0116_yamap_2026-02-07_07_21.md,summit-candidate:bd8fda9e743f2008|summit-candidate:6adfa15b8dbd8966|summit-candidate:6b19d2116121b615,gpx_group_0116|summit_candidate_0178|summit_candidate_0146|summit_candidate_0167|mountain_460,location_stability_review_packets
461,尻高峰,summit-candidate:6adfa15b8dbd8966,0.67,medium,boundary_plausible,adjacent_municipality,大洲市,内子町,,pending_review,,,false,false,location_stability_review_packets/gpx_groups/gpx_group_0116_yamap_2026-02-07_07_21.md,summit-candidate:6adfa15b8dbd8966|summit-candidate:bd8fda9e743f2008|summit-candidate:6b19d2116121b615,gpx_group_0116|summit_candidate_0146|summit_candidate_0178|summit_candidate_0167|mountain_461,location_stability_review_packets
462,鞍掛山,summit-candidate:6b19d2116121b615,0.75,medium,location_uncertain_keep,candidate_boundary_ambiguous,,内子町,,pending_review,,,false,false,location_stability_review_packets/gpx_groups/gpx_group_0220_yamap_2026-02-07_11_17.md,summit-candidate:6b19d2116121b615|summit-candidate:6adfa15b8dbd8966|summit-candidate:bd8fda9e743f2008,gpx_group_0220|summit_candidate_0167|summit_candidate_0146|summit_candidate_0178|mountain_462,location_stability_review_packets
463,大畑山,summit-candidate:bb84b00f3a929195,0.68,medium,location_uncertain_keep,candidate_boundary_ambiguous,,内子町,,pending_review,,,false,false,location_stability_review_packets/gpx_groups/gpx_group_0167_yamap_2026-02-14_08_22.md,summit-candidate:bb84b00f3a929195|summit-candidate:6756239601754708|summit-candidate:6b19d2116121b615,gpx_group_0167|summit_candidate_0300|summit_candidate_0070|summit_candidate_0167|mountain_463,location_stability_review_packets
464,飯之山,summit-candidate:6756239601754708,0.73,medium,location_uncertain_keep,non_adjacent_municipality,八幡浜市,松山市,,pending_review,,,false,false,location_stability_review_packets/gpx_groups/gpx_group_0012_yamap_2026-02-14_13_33.md,summit-candidate:6756239601754708|summit-candidate:bb84b00f3a929195|summit-candidate:35b464661fa62df9,gpx_group_0012|summit_candidate_0070|summit_candidate_0300|summit_candidate_0032|mountain_464,location_stability_review_packets
465,権現山,summit-candidate:6756239601754708,0.85,medium,location_uncertain_keep,non_adjacent_municipality,八幡浜市,松山市,,pending_review,,,false,false,location_stability_review_packets/gpx_groups/gpx_group_0012_yamap_2026-02-14_13_33.md,summit-candidate:6756239601754708|summit-candidate:047b9599ec28c6ad|summit-candidate:c94d8d76133fda1a,gpx_group_0012|summit_candidate_0070|summit_candidate_0120|summit_candidate_0423|mountain_465,location_stability_review_packets
466,大森山,summit-candidate:b3cf76c035511afe,0.75,medium,location_uncertain_keep,candidate_boundary_ambiguous,,内子町,,pending_review,,,false,false,location_stability_review_packets/gpx_groups/gpx_group_0209_yamap_2026-02-22_06_23.md,summit-candidate:b3cf76c035511afe|summit-candidate:19ab381ef6c337af|summit-candidate:5f31b84e049f61fa,gpx_group_0209|summit_candidate_0297|summit_candidate_0117|summit_candidate_0031|mountain_466,location_stability_review_packets
467,高森山,summit-candidate:f55ffb534aa2ae4c,0.85,medium,location_strong_match,same_municipality,大洲市,大洲市,,pending_review,,,false,false,location_stability_review_packets/gpx_groups/gpx_group_0006_yamap_2026-02-22_07_32.md,summit-candidate:f55ffb534aa2ae4c|summit-candidate:5f31b84e049f61fa|summit-candidate:19ab381ef6c337af,gpx_group_0006|summit_candidate_0060|summit_candidate_0031|summit_candidate_0117|mountain_467,location_stability_review_packets
468,町木山,summit-candidate:19ab381ef6c337af,0.79,medium,location_uncertain_keep,non_adjacent_municipality,大洲市,西条市,,pending_review,,,false,false,location_stability_review_packets/gpx_groups/gpx_group_0006_yamap_2026-02-22_07_32.md,summit-candidate:19ab381ef6c337af|summit-candidate:5f31b84e049f61fa|summit-candidate:f55ffb534aa2ae4c,gpx_group_0006|summit_candidate_0117|summit_candidate_0031|summit_candidate_0060|mountain_468,location_stability_review_packets
469,寒台山,summit-candidate:428f403ddcc5a31a,0.68,medium,location_uncertain_keep,candidate_boundary_ambiguous,,西条市,,pending_review,,,false,false,location_stability_review_packets/gpx_groups/gpx_group_0006_yamap_2026-02-22_07_32.md,summit-candidate:428f403ddcc5a31a|summit-candidate:7a8dca9b423536f5|summit-candidate:19ab381ef6c337af,gpx_group_0006|summit_candidate_0199|summit_candidate_0435|summit_candidate_0117|mountain_469,location_stability_review_packets
470,鎧掛山,summit-candidate:5f31b84e049f61fa,0.79,medium,location_strong_match,same_municipality,大洲市,大洲市,,pending_review,,,false,false,location_stability_review_packets/gpx_groups/gpx_group_0006_yamap_2026-02-22_07_32.md,summit-candidate:5f31b84e049f61fa|summit-candidate:f55ffb534aa2ae4c|summit-candidate:19ab381ef6c337af,gpx_group_0006|summit_candidate_0031|summit_candidate_0060|summit_candidate_0117|mountain_470,location_stability_review_packets
471,花見山,summit-candidate:5f001ac124f82ef6,0.44,low,location_uncertain_keep,non_adjacent_municipality,松山市,西条市,,pending_review,,,false,false,location_stability_review_packets/gpx_groups/gpx_group_0066_yamap_2022-10-19_16_00.md,summit-candidate:5f001ac124f82ef6|summit-candidate:bf2b3499e08da2df|summit-candidate:daa8d4127fc92552,gpx_group_0066|summit_candidate_0030|summit_candidate_0152|summit_candidate_0311|mountain_471,location_stability_review_packets
472,剣ノ山,summit-candidate:78274ad93e160452,0.73,medium,location_strong_match,same_municipality,四国中央市,四国中央市,,pending_review,,,false,false,location_stability_review_packets/gpx_groups/gpx_group_0074_yamap_2026-03-01_06_45.md,summit-candidate:78274ad93e160452|summit-candidate:740ae36ed8c63d60|summit-candidate:7a53852cc6c3e971,gpx_group_0074|summit_candidate_0057|summit_candidate_0434|summit_candidate_0390|mountain_472,location_stability_review_packets
473,三傍示山,summit-candidate:78274ad93e160452,0.85,medium,location_strong_match,same_municipality,四国中央市,四国中央市,,pending_review,,,false,false,location_stability_review_packets/gpx_groups/gpx_group_0074_yamap_2026-03-01_06_45.md,summit-candidate:78274ad93e160452|summit-candidate:0d5802be6f4a6c6e|summit-candidate:737ce2580de91527,gpx_group_0074|summit_candidate_0057|summit_candidate_0404|summit_candidate_0277|mountain_473,location_stability_review_packets
474,塩塚峰,summit-candidate:737ce2580de91527,0.75,medium,location_uncertain_keep,candidate_boundary_ambiguous,,鬼北町,,pending_review,,,false,false,location_stability_review_packets/gpx_groups/gpx_group_0074_yamap_2026-03-01_06_45.md,summit-candidate:737ce2580de91527|summit-candidate:0d5802be6f4a6c6e|summit-candidate:78274ad93e160452,gpx_group_0074|summit_candidate_0277|summit_candidate_0404|summit_candidate_0057|mountain_474,location_stability_review_packets
475,登議城山,summit-candidate:9fe27d7d4a51aa70,0.85,medium,municipality_incompatible_strong,non_adjacent_municipality,内子町,四国中央市,,pending_review,,,false,false,location_stability_review_packets/gpx_groups/gpx_group_0210_yamap_2026-03-04_06_40.md,summit-candidate:9fe27d7d4a51aa70|summit-candidate:c6ea08c2953b4cb8|summit-candidate:4a22801b12460992,gpx_group_0210|summit_candidate_0220|summit_candidate_0234|summit_candidate_0023|mountain_475,location_stability_review_packets
476,愛宕山,summit-candidate:c6ea08c2953b4cb8,0.79,medium,location_strong_match,same_municipality,内子町,内子町,,pending_review,,,false,false,location_stability_review_packets/gpx_groups/gpx_group_0151_yamap_2026-03-04_09_46.md,summit-candidate:c6ea08c2953b4cb8|summit-candidate:9fe27d7d4a51aa70|summit-candidate:230b9847a05c8052,gpx_group_0151|summit_candidate_0234|summit_candidate_0220|summit_candidate_0195|mountain_476,location_stability_review_packets
477,笠松山東峰,summit-candidate:8f25ad4ff380df77,0.79,medium,municipality_incompatible_strong,non_adjacent_municipality,今治市,久万高原町,,pending_review,,,false,false,location_stability_review_packets/gpx_groups/gpx_group_0042_yamap_2026-03-06_09_00.md,summit-candidate:8f25ad4ff380df77|summit-candidate:0f09bdcc25daff65|summit-candidate:468c5bbccd8aba53,gpx_group_0042|summit_candidate_0092|summit_candidate_0160|summit_candidate_0118|mountain_477,location_stability_review_packets
478,尻割山,summit-candidate:e8b129f70e703be5,0.73,medium,municipality_incompatible_strong,non_adjacent_municipality,宇和島市,新居浜市,,pending_review,,,false,false,location_stability_review_packets/gpx_groups/gpx_group_0049_yamap_2026-03-07_11_08.md,summit-candidate:e8b129f70e703be5|summit-candidate:6a1baa0667de8a9d|summit-candidate:f59e1ba73617c383,gpx_group_0049|summit_candidate_0026|summit_candidate_0274|summit_candidate_0476|mountain_478,location_stability_review_packets
479,四本松,summit-candidate:e8b129f70e703be5,0.67,medium,municipality_incompatible_strong,non_adjacent_municipality,宇和島市,新居浜市,,pending_review,,,false,false,location_stability_review_packets/gpx_groups/gpx_group_0049_yamap_2026-03-07_11_08.md,summit-candidate:e8b129f70e703be5|summit-candidate:e7ae682a07af2e10|summit-candidate:9a0532ee2b40e5f3,gpx_group_0049|summit_candidate_0026|summit_candidate_0043|summit_candidate_0149|mountain_479,location_stability_review_packets
480,権現山,summit-candidate:e8b129f70e703be5,0.85,medium,municipality_incompatible_strong,non_adjacent_municipality,宇和島市,新居浜市,,pending_review,,,false,false,location_stability_review_packets/gpx_groups/gpx_group_0049_yamap_2026-03-07_11_08.md,summit-candidate:e8b129f70e703be5|summit-candidate:84f974876f397da1|summit-candidate:ef3e845b5d632dd3,gpx_group_0049|summit_candidate_0026|summit_candidate_0172|summit_candidate_0246|mountain_480,location_stability_review_packets
481,呉石山,summit-candidate:784df3690acb5365,0.85,medium,municipality_incompatible_strong,non_adjacent_municipality,四国中央市,東温市,,pending_review,,,false,false,location_stability_review_packets/gpx_groups/gpx_group_0240_yamap_2026-03-08_07_27.md,summit-candidate:784df3690acb5365|summit-candidate:ab39145b6a448b8d|summit-candidate:eb031d650d8e9a7a,gpx_group_0240|summit_candidate_0212|summit_candidate_0228|summit_candidate_0182|mountain_481,location_stability_review_packets
482,峰畑山,summit-candidate:eb031d650d8e9a7a,0.78,medium,location_uncertain_keep,non_adjacent_municipality,四国中央市,内子町,,pending_review,,,false,false,location_stability_review_packets/gpx_groups/gpx_group_0248_yamap_2026-03-08_08_05.md,summit-candidate:eb031d650d8e9a7a|summit-candidate:784df3690acb5365|summit-candidate:ab39145b6a448b8d,gpx_group_0248|summit_candidate_0182|summit_candidate_0212|summit_candidate_0228|mountain_482,location_stability_review_packets
483,白木山,summit-candidate:ab39145b6a448b8d,0.85,medium,municipality_incompatible_strong,non_adjacent_municipality,四国中央市,内子町,,pending_review,,,false,false,location_stability_review_packets/gpx_groups/gpx_group_0199_yamap_2026-03-08_10_45.md,summit-candidate:ab39145b6a448b8d|summit-candidate:784df3690acb5365|summit-candidate:eb031d650d8e9a7a,gpx_group_0199|summit_candidate_0228|summit_candidate_0212|summit_candidate_0182|mountain_483,location_stability_review_packets
484,軽ノ山,summit-candidate:084fa7c9e55252dc,0.85,medium,location_strong_match,same_municipality,松山市,松山市,,pending_review,,,false,false,location_stability_review_packets/gpx_groups/gpx_group_0050_yamap_2026-03-11_10_35.md,summit-candidate:084fa7c9e55252dc|summit-candidate:5e94c87cc5fcc87b|summit-candidate:bdfa250c89c1ca90,gpx_group_0050|summit_candidate_0017|summit_candidate_0379|summit_candidate_0059|mountain_484,location_stability_review_packets
485,野津子山,summit-candidate:084fa7c9e55252dc,0.79,medium,location_strong_match,same_municipality,松山市,松山市,,pending_review,,,false,false,location_stability_review_packets/gpx_groups/gpx_group_0050_yamap_2026-03-11_10_35.md,summit-candidate:084fa7c9e55252dc|summit-candidate:3259dfe3d9ce60c5|summit-candidate:ab8cf0f07d2a219d,gpx_group_0050|summit_candidate_0017|summit_candidate_0048|summit_candidate_0175|mountain_485,location_stability_review_packets
486,長山,summit-candidate:c246a8edb72dbebb,0.85,medium,location_uncertain_keep,non_adjacent_municipality,鬼北町,新居浜市,,pending_review,,,false,false,location_stability_review_packets/gpx_groups/gpx_group_0252_yamap_2026-03-15_06_14.md,summit-candidate:c246a8edb72dbebb|summit-candidate:314bd84876bc3fc3|summit-candidate:7bda9ba8d2b47d6e,gpx_group_0252|summit_candidate_0232|summit_candidate_0196|summit_candidate_0214|mountain_486,location_stability_review_packets
487,高研山,summit-candidate:314bd84876bc3fc3,0.79,medium,location_uncertain_keep,non_adjacent_municipality,鬼北町,四国中央市,,pending_review,,,false,false,location_stability_review_packets/gpx_groups/gpx_group_0254_yamap_2026-03-15_10_21.md,summit-candidate:314bd84876bc3fc3|summit-candidate:c246a8edb72dbebb|summit-candidate:446b5fe1e7a8b2fd,gpx_group_0254|summit_candidate_0196|summit_candidate_0232|summit_candidate_0125|mountain_487,location_stability_review_packets
488,大ノ森,summit-candidate:777bcc5c6ed2c27e,0.85,medium,municipality_incompatible_strong,non_adjacent_municipality,久万高原町,四国中央市,,pending_review,,,false,false,location_stability_review_packets/gpx_groups/gpx_group_0093_yamap_2026-03-17_06_58.md,summit-candidate:777bcc5c6ed2c27e|summit-candidate:aa8ff99fc3bd426d|summit-candidate:e4172c5503fdcc89,gpx_group_0093|summit_candidate_0109|summit_candidate_0293|summit_candidate_0427|mountain_488,location_stability_review_packets
489,雨乞山,summit-candidate:f760bededfedfc09,0.85,medium,location_uncertain_keep,non_adjacent_municipality,内子町,八幡浜市,,pending_review,,,false,false,location_stability_review_packets/gpx_groups/gpx_group_0075_yamap_2026-03-21_07_01.md,summit-candidate:f760bededfedfc09|summit-candidate:d5d39ec66a34deb5|summit-candidate:118b217506eb653f,gpx_group_0075|summit_candidate_0184|summit_candidate_0180|summit_candidate_0062|mountain_489,location_stability_review_packets
490,妙見森,summit-candidate:118b217506eb653f,0.85,medium,municipality_incompatible_strong,non_adjacent_municipality,内子町,四国中央市,,pending_review,,,false,false,location_stability_review_packets/gpx_groups/gpx_group_0075_yamap_2026-03-21_07_01.md,summit-candidate:118b217506eb653f|summit-candidate:d5d39ec66a34deb5|summit-candidate:f760bededfedfc09,gpx_group_0075|summit_candidate_0062|summit_candidate_0180|summit_candidate_0184|mountain_490,location_stability_review_packets
491,笹峠山,summit-candidate:118b217506eb653f,0.67,medium,municipality_incompatible_strong,non_adjacent_municipality,内子町,四国中央市,,pending_review,,,false,false,location_stability_review_packets/gpx_groups/gpx_group_0075_yamap_2026-03-21_07_01.md,summit-candidate:118b217506eb653f|summit-candidate:d5d39ec66a34deb5|summit-candidate:f760bededfedfc09,gpx_group_0075|summit_candidate_0062|summit_candidate_0180|summit_candidate_0184|mountain_491,location_stability_review_packets
492,雨霧山,summit-candidate:d5d39ec66a34deb5,0.85,medium,municipality_incompatible_strong,non_adjacent_municipality,内子町,八幡浜市,,pending_review,,,false,false,location_stability_review_packets/gpx_groups/gpx_group_0228_yamap_2026-03-21_14_58.md,summit-candidate:d5d39ec66a34deb5|summit-candidate:f760bededfedfc09|summit-candidate:118b217506eb653f,gpx_group_0228|summit_candidate_0180|summit_candidate_0184|summit_candidate_0062|mountain_492,location_stability_review_packets
493,三郷の辻,summit-candidate:46ab73ee0e06e924,0.75,medium,location_uncertain_keep,candidate_boundary_ambiguous,,西条市,,pending_review,,,false,false,location_stability_review_packets/gpx_groups/gpx_group_0249_yamap_2026-04-11_09_14.md,summit-candidate:46ab73ee0e06e924|summit-candidate:2a670286f545beb2|summit-candidate:be07cff01023e072,gpx_group_0249|summit_candidate_0201|summit_candidate_0064|summit_candidate_0179|mountain_493,location_stability_review_packets
494,権現山,summit-candidate:2011a6c909945d6f,0.79,medium,location_strong_match,same_municipality,松山市,松山市,,pending_review,,,false,false,location_stability_review_packets/gpx_groups/gpx_group_0013_yamap_2026-04-12_11_03.md,summit-candidate:2011a6c909945d6f|summit-candidate:17b2365d322cd022|summit-candidate:047b9599ec28c6ad,gpx_group_0013|summit_candidate_0080|summit_candidate_0256|summit_candidate_0120|mountain_494,location_stability_review_packets
495,雨乞山,summit-candidate:d0d3096d540f375e,0.85,medium,adjacent_but_deep_inside,adjacent_municipality,八幡浜市,大洲市,,pending_review,,,false,false,location_stability_review_packets/gpx_groups/gpx_group_0250_yamap_2026-04-19_07_43.md,summit-candidate:d0d3096d540f375e|summit-candidate:9e86644a708cb211|summit-candidate:05007aaf499a4ecc,gpx_group_0250|summit_candidate_0307|summit_candidate_0289|summit_candidate_0456|mountain_495,location_stability_review_packets
496,鼻欠山,summit-candidate:9e86644a708cb211,0.79,medium,location_strong_match,same_municipality,大洲市,大洲市,,pending_review,,,false,false,location_stability_review_packets/gpx_groups/gpx_group_0200_yamap_2026-04-19_10_27.md,summit-candidate:9e86644a708cb211|summit-candidate:d0d3096d540f375e|summit-candidate:3c28b6ebd5a97155,gpx_group_0200|summit_candidate_0289|summit_candidate_0307|summit_candidate_0049|mountain_496,location_stability_review_packets
497,面木山,summit-candidate:d5a6fcb592162088,0.75,medium,location_uncertain_keep,candidate_boundary_ambiguous,,西条市,,pending_review,,,false,false,location_stability_review_packets/gpx_groups/gpx_group_0076_yamap_2026-04-29_06_34.md,summit-candidate:d5a6fcb592162088|summit-candidate:a96db37bf518f31a|summit-candidate:c87a377b77c80862,gpx_group_0076|summit_candidate_0111|summit_candidate_0292|summit_candidate_0447|mountain_497,location_stability_review_packets
498,黒森,summit-candidate:a96db37bf518f31a,0.68,medium,location_uncertain_keep,candidate_boundary_ambiguous,,内子町,,pending_review,,,false,false,location_stability_review_packets/gpx_groups/gpx_group_0076_yamap_2026-04-29_06_34.md,summit-candidate:a96db37bf518f31a|summit-candidate:c87a377b77c80862|summit-candidate:40e090ce41a89b55,gpx_group_0076|summit_candidate_0292|summit_candidate_0447|summit_candidate_0051|mountain_498,location_stability_review_packets
499,台ヶ森,summit-candidate:53a6401abf71c488,0.67,medium,location_strong_match,same_municipality,西条市,西条市,,pending_review,,,false,false,location_stability_review_packets/gpx_groups/gpx_group_0105_yamap_2026-05-02_09_29.md,summit-candidate:53a6401abf71c488|summit-candidate:7a5ca8d918f43720|summit-candidate:c9e357d000632346,gpx_group_0105|summit_candidate_0028|summit_candidate_0391|summit_candidate_0448|mountain_499,location_stability_review_packets
500,丸山,summit-candidate:b87c90ebd1eb0d06,0.67,medium,location_strong_match,same_municipality,西条市,西条市,,pending_review,,,false,false,location_stability_review_packets/gpx_groups/gpx_group_0103_yamap_2026-05-06_07_28.md,summit-candidate:b87c90ebd1eb0d06|summit-candidate:453327d51d16e202|summit-candidate:5f001ac124f82ef6,gpx_group_0103|summit_candidate_0025|summit_candidate_0407|summit_candidate_0030|mountain_500,location_stability_review_packets
501,大森山,summit-candidate:565ba3761956d9b3,0.64,medium,location_uncertain_keep,non_adjacent_municipality,四国中央市,西条市,,pending_review,,,false,false,location_stability_review_packets/gpx_groups/gpx_group_0087_yamap_2025-10-11_06_24.md,summit-candidate:565ba3761956d9b3|summit-candidate:a80dd0489247a839|summit-candidate:19ab381ef6c337af,gpx_group_0087|summit_candidate_0010|summit_candidate_0395|summit_candidate_0117|mountain_501,location_stability_review_packets
502,うつむき山,summit-candidate:6b0155a434d72d79,0.35,low,location_uncertain_keep,candidate_boundary_ambiguous,,大洲市,,pending_review,,,false,false,location_stability_review_packets/gpx_groups/gpx_group_0051_yamap_2024-12-15_07_21.md,summit-candidate:6b0155a434d72d79|summit-candidate:51c8bc6a368c422c|summit-candidate:f12898f5821b63b8,gpx_group_0051|summit_candidate_0021|summit_candidate_0041|summit_candidate_0128|mountain_502,location_stability_review_packets
503,妙見山,summit-candidate:6b0155a434d72d79,0.35,low,location_uncertain_keep,candidate_boundary_ambiguous,,大洲市,,pending_review,,,false,false,location_stability_review_packets/gpx_groups/gpx_group_0051_yamap_2024-12-15_07_21.md,summit-candidate:6b0155a434d72d79|summit-candidate:51c8bc6a368c422c|summit-candidate:f12898f5821b63b8,gpx_group_0051|summit_candidate_0021|summit_candidate_0041|summit_candidate_0128|mountain_503,location_stability_review_packets
504,鉢が森,summit-candidate:51c8bc6a368c422c,0.52,low,adjacent_but_deep_inside,adjacent_municipality,西予市,内子町,,pending_review,,,false,false,location_stability_review_packets/gpx_groups/gpx_group_0072_yamap_2026-01-18_09_11.md,summit-candidate:51c8bc6a368c422c|summit-candidate:ef5127a689eaf48a|summit-candidate:13aa9354da4eb6d6,gpx_group_0072|summit_candidate_0041|summit_candidate_0076|summit_candidate_0035|mountain_504,location_stability_review_packets
505,高山寺山,summit-candidate:101c1b0635c0bec0,0.45,low,location_uncertain_keep,non_adjacent_municipality,今治市,大洲市,,pending_review,,,false,false,location_stability_review_packets/gpx_groups/gpx_group_0011_yamap_2022-12-25_10_09.md,summit-candidate:101c1b0635c0bec0|summit-candidate:13aa9354da4eb6d6|summit-candidate:1ed32ce6414c2781,gpx_group_0011|summit_candidate_0002|summit_candidate_0035|summit_candidate_0046|mountain_505,location_stability_review_packets
506,陣ヶ森,summit-candidate:e084389cc60ad329,0.57,low,boundary_plausible,adjacent_municipality,久万高原町,西予市,,pending_review,,,false,false,location_stability_review_packets/gpx_groups/gpx_group_0061_yamap_2022-05-05_13_29.md,summit-candidate:e084389cc60ad329|summit-candidate:ea6bebee79234da7|summit-candidate:e7e4429a39f6359f,gpx_group_0061|summit_candidate_0074|summit_candidate_0156|summit_candidate_0181|mountain_506,location_stability_review_packets
507,牛ヶ首,summit-candidate:339138a4e53293da,0.46,low,location_strong_match,same_municipality,新居浜市,新居浜市,,pending_review,,,false,false,location_stability_review_packets/gpx_groups/gpx_group_0009_yamap_2023-03-29_05_31.md,summit-candidate:339138a4e53293da|summit-candidate:edac81b361bdc70c|summit-candidate:9cc74b44e1289236,gpx_group_0009|summit_candidate_0004|summit_candidate_0001|summit_candidate_0368|mountain_507,location_stability_review_packets
508,三石山,summit-candidate:f028aab45221cee6,0.46,low,location_strong_match,same_municipality,内子町,内子町,,pending_review,,,false,false,location_stability_review_packets/gpx_groups/gpx_group_0063_yamap_2025-12-20_07_28.md,summit-candidate:f028aab45221cee6|summit-candidate:1fd59e0e67624706|summit-candidate:b02ff952b74ca472,gpx_group_0063|summit_candidate_0115|summit_candidate_0192|summit_candidate_0396|mountain_508,location_stability_review_packets
509,感応寺山,summit-candidate:0048d4d3a7981b80,0.52,low,location_strong_match,same_municipality,大洲市,大洲市,,pending_review,,,false,false,location_stability_review_packets/gpx_groups/gpx_group_0078_yamap_2025-01-03_07_19.md,summit-candidate:0048d4d3a7981b80|summit-candidate:bd8fda9e743f2008|summit-candidate:17c3649ad9b147ce,gpx_group_0078|summit_candidate_0039|summit_candidate_0178|summit_candidate_0045|mountain_509,location_stability_review_packets
510,水無権現,summit-candidate:4a22801b12460992,0.46,low,location_strong_match,same_municipality,内子町,内子町,,pending_review,,,false,false,location_stability_review_packets/gpx_groups/gpx_group_0086_yamap_2026-01-25_07_43.md,summit-candidate:4a22801b12460992|summit-candidate:49147712961a83be|summit-candidate:07834c521328cc1d,gpx_group_0086|summit_candidate_0023|summit_candidate_0165|summit_candidate_0137|mountain_510,location_stability_review_packets
511,秋葉山,summit-candidate:0bd3d051cdb972fd,0.47,low,adjacent_but_deep_inside,adjacent_municipality,伊予市,大洲市,,pending_review,,,false,false,location_stability_review_packets/gpx_groups/gpx_group_0052_yamap_2024-12-08_06_59.md,summit-candidate:0bd3d051cdb972fd|summit-candidate:23316af255d30882|summit-candidate:f12898f5821b63b8,gpx_group_0052|summit_candidate_0008|summit_candidate_0371|summit_candidate_0128|mountain_511,location_stability_review_packets
512,黒山,summit-candidate:71b10e23075edf20,0.57,low,boundary_plausible,adjacent_municipality,久万高原町,内子町,,pending_review,,,false,false,location_stability_review_packets/gpx_groups/gpx_group_0099_yamap_2022-04-30_08_30.md,summit-candidate:71b10e23075edf20|summit-candidate:d13554ef3debca9d|summit-candidate:282882317c3aab0b,gpx_group_0099|summit_candidate_0056|summit_candidate_0380|summit_candidate_0163|mountain_512,location_stability_review_packets
513,大野山,summit-candidate:17a471cc45af2c05,0.52,low,location_uncertain_keep,candidate_boundary_ambiguous,,西予市,,pending_review,,,false,false,location_stability_review_packets/gpx_groups/gpx_group_0095_yamap_2025-04-27_06_23.md,summit-candidate:17a471cc45af2c05|summit-candidate:53bf856dccad5eab|summit-candidate:8326f30918c16cbe,gpx_group_0095|summit_candidate_0101|summit_candidate_0143|summit_candidate_0392|mountain_513,location_stability_review_packets
514,棟山,summit-candidate:5f31b84e049f61fa,0.4,low,location_strong_match,same_municipality,大洲市,大洲市,,pending_review,,,false,false,location_stability_review_packets/gpx_groups/gpx_group_0006_yamap_2026-02-22_07_32.md,summit-candidate:5f31b84e049f61fa|summit-candidate:7a8dca9b423536f5|summit-candidate:1d3eb619bd125bfd,gpx_group_0006|summit_candidate_0031|summit_candidate_0435|summit_candidate_0382|mountain_514,location_stability_review_packets
515,星ヶ森,summit-candidate:9669b668bebfc145,0.52,low,municipality_incompatible_strong,non_adjacent_municipality,西条市,大洲市,,pending_review,,,false,false,location_stability_review_packets/gpx_groups/gpx_group_0068_yamap_2023-04-18_10_53.md,summit-candidate:9669b668bebfc145|summit-candidate:615a70cf4401199b|summit-candidate:37c3a34c16599379,gpx_group_0068|summit_candidate_0024|summit_candidate_0144|summit_candidate_0377|mountain_515,location_stability_review_packets
516,草屋敷,summit-candidate:f55ffb534aa2ae4c,0.52,low,location_strong_match,same_municipality,大洲市,大洲市,,pending_review,,,false,false,location_stability_review_packets/gpx_groups/gpx_group_0006_yamap_2026-02-22_07_32.md,summit-candidate:f55ffb534aa2ae4c|summit-candidate:5f31b84e049f61fa|summit-candidate:615a70cf4401199b,gpx_group_0006|summit_candidate_0060|summit_candidate_0031|summit_candidate_0144|mountain_516,location_stability_review_packets
517,大熊山,summit-candidate:d1269170b687c5bc,0.46,low,municipality_incompatible_strong,non_adjacent_municipality,東温市,内子町,,pending_review,,,false,false,location_stability_review_packets/gpx_groups/gpx_group_0117_yamap_2022-03-09_10_20.md,summit-candidate:d1269170b687c5bc|summit-candidate:3f84cc393481fcf2|summit-candidate:498b9618ca98fa34,gpx_group_0117|summit_candidate_0308|summit_candidate_0378|summit_candidate_0140|mountain_517,location_stability_review_packets
518,笠松山,summit-candidate:9d5a3bd31bedfeda,0.52,low,location_uncertain_keep,non_adjacent_municipality,今治市,久万高原町,,pending_review,,,false,false,location_stability_review_packets/gpx_groups/gpx_group_0032_yamap_2022-08-26_08_45.md,summit-candidate:9d5a3bd31bedfeda|summit-candidate:4ffd2320af7e6acc|summit-candidate:be07cff01023e072,gpx_group_0032|summit_candidate_0093|summit_candidate_0408|summit_candidate_0179|mountain_518,location_stability_review_packets
519,蒲山,summit-candidate:a0ef25e9a532b62e,0.36,low,location_uncertain_keep,candidate_boundary_ambiguous,,内子町,,pending_review,,,false,false,location_stability_review_packets/gpx_groups/gpx_group_0001_yamap_2022-02-06_08_26.md,summit-candidate:a0ef25e9a532b62e|summit-candidate:3f84cc393481fcf2|summit-candidate:498b9618ca98fa34,gpx_group_0001|summit_candidate_0094|summit_candidate_0378|summit_candidate_0140|mountain_519,location_stability_review_packets
520,牛ノ峯,summit-candidate:606168b97944fce5,0.42,low,location_uncertain_keep,candidate_boundary_ambiguous,,内子町,,pending_review,,,false,false,location_stability_review_packets/gpx_groups/gpx_group_0073_yamap_2024-04-28_10_37.md,summit-candidate:606168b97944fce5|summit-candidate:428f403ddcc5a31a|summit-candidate:a0ef25e9a532b62e,gpx_group_0073|summit_candidate_0069|summit_candidate_0199|summit_candidate_0094|mountain_520,location_stability_review_packets
521,小森,summit-candidate:0ff024bf702c13bb,0.35,low,location_uncertain_keep,non_adjacent_municipality,松山市,新居浜市,,pending_review,,,false,false,location_stability_review_packets/gpx_groups/gpx_group_0064_yamap_2023-03-11_06_08.md,summit-candidate:0ff024bf702c13bb|summit-candidate:18f6f4b086668887|summit-candidate:46ab73ee0e06e924,gpx_group_0064|summit_candidate_0012|summit_candidate_0405|summit_candidate_0201|mountain_521,location_stability_review_packets
522,辻ヶ峰,summit-candidate:6a1baa0667de8a9d,0.35,low,location_uncertain_keep,non_adjacent_municipality,宇和島市,西条市,,pending_review,,,false,false,location_stability_review_packets/gpx_groups/gpx_group_0109_yamap_2025-04-06_08_48.md,summit-candidate:6a1baa0667de8a9d|summit-candidate:7bda9ba8d2b47d6e|summit-candidate:80368eea9aabeb96,gpx_group_0109|summit_candidate_0274|summit_candidate_0214|summit_candidate_0279|mountain_522,location_stability_review_packets
523,常住,summit-candidate:d5a6fcb592162088,0.42,low,location_uncertain_keep,candidate_boundary_ambiguous,,西条市,,pending_review,,,false,false,location_stability_review_packets/gpx_groups/gpx_group_0076_yamap_2026-04-29_06_34.md,summit-candidate:d5a6fcb592162088|summit-candidate:19ab381ef6c337af|summit-candidate:c58c0ba7145621b9,gpx_group_0076|summit_candidate_0111|summit_candidate_0117|summit_candidate_0303|mountain_523,location_stability_review_packets
524,熊鷹山,summit-candidate:8078eb6cc96c519a,0.52,low,municipality_incompatible_strong,non_adjacent_municipality,四国中央市,西条市,,pending_review,,,false,false,location_stability_review_packets/gpx_groups/gpx_group_0016_yamap_2024-10-14_04_48.md,summit-candidate:8078eb6cc96c519a|summit-candidate:7a53852cc6c3e971|summit-candidate:f5c22dac4bd015ae,gpx_group_0016|summit_candidate_0071|summit_candidate_0390|summit_candidate_0250|mountain_524,location_stability_review_packets
525,櫛ヶ峰,summit-candidate:282882317c3aab0b,0.35,low,location_uncertain_keep,candidate_boundary_ambiguous,,西条市,,pending_review,,,false,false,location_stability_review_packets/gpx_groups/gpx_group_0113_yamap_2024-02-17_05_38.md,summit-candidate:282882317c3aab0b|summit-candidate:6198ad7009d86ec2|summit-candidate:740ae36ed8c63d60,gpx_group_0113|summit_candidate_0163|summit_candidate_0126|summit_candidate_0434|mountain_525,location_stability_review_packets
526,大旗山,summit-candidate:ee9d736a090185dd,0.52,low,location_strong_match,same_municipality,西予市,西予市,,pending_review,,,false,false,location_stability_review_packets/gpx_groups/gpx_group_0067_yamap_2022-04-22_17_29.md,summit-candidate:ee9d736a090185dd|summit-candidate:67df63dc99cf8614|summit-candidate:62351b8782d6f597,gpx_group_0067|summit_candidate_0114|summit_candidate_0433|summit_candidate_0145|mountain_526,location_stability_review_packets
527,兵庫山,summit-candidate:e2c08955f9275289,0.46,low,location_uncertain_keep,non_adjacent_municipality,四国中央市,久万高原町,,pending_review,,,false,false,location_stability_review_packets/gpx_groups/gpx_group_0097_yamap_2024-10-20_06_42.md,summit-candidate:e2c08955f9275289|summit-candidate:242762a3c600ff91|summit-candidate:cad0ade9ddec2b1a,gpx_group_0097|summit_candidate_0098|summit_candidate_0162|summit_candidate_0471|mountain_527,location_stability_review_packets
528,生之越,summit-candidate:777bcc5c6ed2c27e,0.52,low,municipality_incompatible_strong,non_adjacent_municipality,久万高原町,四国中央市,,pending_review,,,false,false,location_stability_review_packets/gpx_groups/gpx_group_0093_yamap_2026-03-17_06_58.md,summit-candidate:777bcc5c6ed2c27e|summit-candidate:83056c3652757f25|summit-candidate:242762a3c600ff91,gpx_group_0093|summit_candidate_0109|summit_candidate_0412|summit_candidate_0162|mountain_528,location_stability_review_packets
529,玉取山,summit-candidate:0886436b79473a6c,0.46,low,location_strong_match,same_municipality,四国中央市,四国中央市,,pending_review,,,false,false,location_stability_review_packets/gpx_groups/gpx_group_0016_yamap_2024-10-14_04_48.md,summit-candidate:0886436b79473a6c|summit-candidate:e4172c5503fdcc89|summit-candidate:09c1602c02ce7f78,gpx_group_0016|summit_candidate_0044|summit_candidate_0427|summit_candidate_0381|mountain_529,location_stability_review_packets
530,三ヶ森,summit-candidate:5771cdd191c3861d,0.46,low,location_strong_match,same_municipality,西条市,西条市,,pending_review,,,false,false,location_stability_review_packets/gpx_groups/gpx_group_0081_yamap_2023-10-22_06_44.md,summit-candidate:5771cdd191c3861d|summit-candidate:6b97922a3935a9a5|summit-candidate:a61fd78e4e062683,gpx_group_0081|summit_candidate_0106|summit_candidate_0168|summit_candidate_0441|mountain_530,location_stability_review_packets
531,扇山,summit-candidate:02fa4cfab6fa90d3,0.52,low,location_uncertain_keep,candidate_boundary_ambiguous,,西条市,,pending_review,,,false,false,location_stability_review_packets/gpx_groups/gpx_group_0083_yamap_2022-12-12_08_41.md,summit-candidate:02fa4cfab6fa90d3|summit-candidate:56e8244e578a141a|summit-candidate:ee632dd427dbb1ff,gpx_group_0083|summit_candidate_0077|summit_candidate_0388|summit_candidate_0474|mountain_531,location_stability_review_packets
