mountain_no,mountain_name,candidate_count,top_summit_candidate_id,top_score,top_confidence,top_track_name,top_source_gpx_basename,candidate_center_municipality,mountain_source_municipality,candidate_municipality_stability,location_stability_bucket,municipality_relation,center_distance_to_boundary_m,all_cardinal_1km_same,distance_stable_interior,location_stability_review_priority,review_reason_codes,notes
1,"関ヶ森",20,summit-candidate:a0c35720552a78c8,0.7900,medium,"関ヶ森・観音山・倉谷山・芝ヶ峠","yamap_2022-01-15_08_17.gpx","松山市","松山市",stable_interior,location_strong_match,same_municipality,3133.928,true,true,medium,"top_1_but_ambiguous;priority_reduced_strong_match_mutual_top1","mountain=関ヶ森(#1); candidate=summit-candidate:a0c35720552a78c8; track=""関ヶ森・観音山・倉谷山・芝ヶ峠""; score=0.69; name_tier=strong; ele_diff=18.29m; loc=strong_overlap; act_conf=high"
2,"観音山",25,summit-candidate:cb62a56e70cedbce,0.7900,medium,"関ヶ森・観音山・倉谷山・芝ヶ峠","yamap_2022-01-15_08_17.gpx","松山市","松山市",stable_interior,location_strong_match,same_municipality,3045.958,true,true,medium,"top_1_but_ambiguous;priority_reduced_strong_match_mutual_top1","mountain=観音山(#2); candidate=summit-candidate:cb62a56e70cedbce; track=""関ヶ森・観音山・倉谷山・芝ヶ峠""; score=0.69; name_tier=strong; ele_diff=22.36m; loc=strong_overlap; act_conf=high"
3,"高森山",25,summit-candidate:e7ae682a07af2e10,0.7500,medium,"高森山・岩伽羅山・衣掛山・吉山(吉山城址)","yamap_2022-01-22_09_04.gpx","","東温市",boundary_ambiguous,location_uncertain_keep,candidate_boundary_ambiguous,14.039,false,false,high,"top_1_but_ambiguous;top_candidate_for_multiple_mountains","mountain=高森山(#3); candidate=summit-candidate:e7ae682a07af2e10; track=""高森山・岩伽羅山・衣掛山・吉山(吉山城址)""; score=0.75; name_tier=strong; ele_diff=4.75m; loc=strong_overlap; act_conf=high"
4,"岩伽羅山",13,summit-candidate:e7ae682a07af2e10,0.6900,medium,"高森山・岩伽羅山・衣掛山・吉山(吉山城址)","yamap_2022-01-22_09_04.gpx","","東温市",boundary_ambiguous,location_uncertain_keep,candidate_boundary_ambiguous,14.039,false,false,high,"top_1_but_ambiguous;top_candidate_for_multiple_mountains","mountain=岩伽羅山(#4); candidate=summit-candidate:e7ae682a07af2e10; track=""高森山・岩伽羅山・衣掛山・吉山(吉山城址)""; score=0.69; name_tier=strong; ele_diff=23.25m; loc=strong_overlap; act_conf=high"
5,"衣掛山",16,summit-candidate:d03c84134ca0989d,0.6700,medium,"高森山・岩伽羅山・衣掛山・吉山(吉山城址)","yamap_2022-01-22_09_04.gpx","東温市","東温市",near_boundary,location_strong_match,same_municipality,303.237,false,false,high,"top_1_but_ambiguous;top_candidate_for_multiple_mountains","mountain=衣掛山(#5); candidate=summit-candidate:d03c84134ca0989d; track=""高森山・岩伽羅山・衣掛山・吉山(吉山城址)""; score=0.57; name_tier=strong; ele_diff=156.69m; loc=strong_overlap; act_conf=high"
6,"吉山(吉山城址)",32,summit-candidate:d03c84134ca0989d,0.7300,medium,"高森山・岩伽羅山・衣掛山・吉山(吉山城址)","yamap_2022-01-22_09_04.gpx","東温市","東温市",near_boundary,location_strong_match,same_municipality,303.237,false,false,medium,"top_1_but_ambiguous;top_candidate_for_multiple_mountains;priority_reduced_strong_match_mutual_top1","mountain=吉山(吉山城址)(#6); candidate=summit-candidate:d03c84134ca0989d; track=""高森山・岩伽羅山・衣掛山・吉山(吉山城址)""; score=0.63; name_tier=strong; ele_diff=44.31m; loc=strong_overlap; act_conf=high"
7,"尾ノ峰",22,summit-candidate:36e3ac8003e8b5d0,0.8500,medium,"尾ノ峰・新城山・腰折山・恵良山","yamap_2022-01-28_12_28.gpx","松山市","松山市",stable_cardinal_1km_same,location_strong_match,same_municipality,826.361,true,false,medium,"top_1_but_ambiguous;priority_reduced_strong_match_mutual_top1","mountain=尾ノ峰(#7); candidate=summit-candidate:36e3ac8003e8b5d0; track=""尾ノ峰・新城山・腰折山・恵良山""; score=0.75; name_tier=strong; ele_diff=2.06m; loc=strong_overlap; act_conf=high"
8,"新城山",22,summit-candidate:ac7a1ebef52ea30c,0.8500,medium,"尾ノ峰・新城山・腰折山・恵良山","yamap_2022-01-28_12_28.gpx","松山市","松山市",near_boundary,location_strong_match,same_municipality,630.975,false,false,medium,"top_1_but_ambiguous;priority_reduced_strong_match_mutual_top1","mountain=新城山(#8); candidate=summit-candidate:ac7a1ebef52ea30c; track=""尾ノ峰・新城山・腰折山・恵良山""; score=0.75; name_tier=strong; ele_diff=4.55m; loc=strong_overlap; act_conf=high"
9,"腰折山",24,summit-candidate:d6b806525709cc22,0.8500,medium,"尾ノ峰・新城山・腰折山・恵良山","yamap_2022-01-28_12_28.gpx","松山市","松山市",stable_interior,location_strong_match,same_municipality,1418.668,true,true,medium,"top_1_but_ambiguous;priority_reduced_strong_match_mutual_top1","mountain=腰折山(#9); candidate=summit-candidate:d6b806525709cc22; track=""尾ノ峰・新城山・腰折山・恵良山""; score=0.75; name_tier=strong; ele_diff=6.14m; loc=strong_overlap; act_conf=high"
10,"恵良山",28,summit-candidate:40260be41579ab8f,0.8500,medium,"尾ノ峰・新城山・腰折山・恵良山","yamap_2022-01-28_12_28.gpx","松山市","松山市",stable_interior,location_strong_match,same_municipality,1910.308,true,true,medium,"top_1_but_ambiguous;top_candidate_for_multiple_mountains;priority_reduced_strong_match_mutual_top1","mountain=恵良山(#10); candidate=summit-candidate:40260be41579ab8f; track=""尾ノ峰・新城山・腰折山・恵良山""; score=0.75; name_tier=strong; ele_diff=2.87m; loc=strong_overlap; act_conf=high"
11,"皿ヶ森",21,summit-candidate:59c561a08189d6b9,0.8500,medium,"皿ヶ森・経座ヶ森・ヨソ山","yamap_2022-01-29_08_35.gpx","東温市","東温市",stable_interior,location_strong_match,same_municipality,3031.159,true,true,medium,"top_1_but_ambiguous;top_candidate_for_multiple_mountains;priority_reduced_strong_match_mutual_top1","mountain=皿ヶ森(#11); candidate=summit-candidate:59c561a08189d6b9; track=""皿ヶ森・経座ヶ森・ヨソ山""; score=0.75; name_tier=strong; ele_diff=2.76m; loc=strong_overlap; act_conf=high"
12,"経座ヶ森",14,summit-candidate:59c561a08189d6b9,0.6700,medium,"皿ヶ森・経座ヶ森・ヨソ山","yamap_2022-01-29_08_35.gpx","東温市","東温市",stable_interior,location_strong_match,same_municipality,3031.159,true,true,high,"top_1_but_ambiguous;top_candidate_for_multiple_mountains","mountain=経座ヶ森(#12); candidate=summit-candidate:59c561a08189d6b9; track=""皿ヶ森・経座ヶ森・ヨソ山""; score=0.57; name_tier=strong; ele_diff=104.76m; loc=strong_overlap; act_conf=high"
13,"谷上山",22,summit-candidate:0eff3d1ea2b48d73,0.8500,medium,"谷上山・権現山・白滝山・障子山","yamap_2022-02-06_08_26.gpx","伊予市","伊予市",near_boundary,location_strong_match,same_municipality,458.681,false,false,medium,"top_1_but_ambiguous;top_candidate_for_multiple_mountains;priority_reduced_strong_match_mutual_top1","mountain=谷上山(#13); candidate=summit-candidate:0eff3d1ea2b48d73; track=""谷上山・権現山・白滝山・障子山""; score=0.75; name_tier=strong; ele_diff=1.9m; loc=strong_overlap; act_conf=high"
14,"権現山",47,summit-candidate:2c817617699a0a45,0.7500,medium,"谷上山・権現山・白滝山・障子山","yamap_2022-02-06_08_26.gpx","","伊予市",boundary_ambiguous,location_uncertain_keep,candidate_boundary_ambiguous,8.053,false,false,medium,"top_3_with_evidence","mountain=権現山(#14); candidate=summit-candidate:2c817617699a0a45; track=""谷上山・権現山・白滝山・障子山""; score=0.75; name_tier=strong; ele_diff=6.21m; loc=strong_overlap; act_conf=high"
15,"白滝山",19,summit-candidate:ea5f711625df386b,0.7500,medium,"谷上山・権現山・白滝山・障子山","yamap_2022-02-06_08_26.gpx","","伊予市",boundary_ambiguous,location_uncertain_keep,candidate_boundary_ambiguous,6.268,false,false,high,"top_1_but_ambiguous","mountain=白滝山(#15); candidate=summit-candidate:ea5f711625df386b; track=""谷上山・権現山・白滝山・障子山""; score=0.75; name_tier=strong; ele_diff=6.26m; loc=strong_overlap; act_conf=high"
16,"障子山",19,summit-candidate:a0ef25e9a532b62e,0.6800,medium,"谷上山・権現山・白滝山・障子山","yamap_2022-02-06_08_26.gpx","","伊予市",boundary_ambiguous,location_uncertain_keep,candidate_boundary_ambiguous,0.44,false,false,high,"top_1_but_ambiguous;top_candidate_for_multiple_mountains","mountain=障子山(#16); candidate=summit-candidate:a0ef25e9a532b62e; track=""谷上山・権現山・白滝山・障子山""; score=0.68; name_tier=strong; ele_diff=3.5m; loc=mismatch_warning; act_conf=high"
17,"伽藍山",29,summit-candidate:da46e12c02d47edf,0.8500,medium,"佐田岬と伽藍山","yamap_2022-02-09_10_01.gpx","伊方町","伊方町",stable_interior,location_strong_match,same_municipality,1107.077,true,true,medium,"top_1_but_ambiguous;priority_reduced_strong_match_mutual_top1","mountain=伽藍山(#17); candidate=summit-candidate:da46e12c02d47edf; track=""佐田岬と伽藍山""; score=0.75; name_tier=strong; ele_diff=0.26m; loc=strong_overlap; act_conf=high"
18,"塩ヶ森",18,summit-candidate:0c210f0edfbda06f,0.8500,medium,"塩ヶ森・番駄ヶ森・ケタ山・大磨山・鍵山（象ヶ森）","yamap_2022-02-11_08_26.gpx","東温市","東温市",stable_interior,location_strong_match,same_municipality,5064.405,true,true,medium,"top_1_but_ambiguous;priority_reduced_strong_match_mutual_top1","mountain=塩ヶ森(#18); candidate=summit-candidate:0c210f0edfbda06f; track=""塩ヶ森・番駄ヶ森・ケタ山・大磨山・鍵山（象ヶ森）""; score=0.75; name_tier=strong; ele_diff=3.32m; loc=strong_overlap; act_conf=high"
19,"番駄ヶ森",26,summit-candidate:a637fbc518f58ac5,0.8500,medium,"塩ヶ森・番駄ヶ森・ケタ山・大磨山・鍵山（象ヶ森）","yamap_2022-02-11_08_26.gpx","東温市","東温市",stable_interior,location_strong_match,same_municipality,4643.905,true,true,medium,"top_1_but_ambiguous;priority_reduced_strong_match_mutual_top1","mountain=番駄ヶ森(#19); candidate=summit-candidate:a637fbc518f58ac5; track=""塩ヶ森・番駄ヶ森・ケタ山・大磨山・鍵山（象ヶ森）""; score=0.75; name_tier=strong; ele_diff=4.2m; loc=strong_overlap; act_conf=high"
20,"ケタ山",19,summit-candidate:24dc6cf37ce4e715,0.7900,medium,"塩ヶ森・番駄ヶ森・ケタ山・大磨山・鍵山（象ヶ森）","yamap_2022-02-11_08_26.gpx","東温市","東温市",stable_interior,location_strong_match,same_municipality,4258.772,true,true,high,"top_1_but_ambiguous;top_candidate_for_multiple_mountains","mountain=ケタ山(#20); candidate=summit-candidate:24dc6cf37ce4e715; track=""塩ヶ森・番駄ヶ森・ケタ山・大磨山・鍵山（象ヶ森）""; score=0.69; name_tier=strong; ele_diff=12.52m; loc=strong_overlap; act_conf=high"
21,"大磨山",24,summit-candidate:24dc6cf37ce4e715,0.8500,medium,"塩ヶ森・番駄ヶ森・ケタ山・大磨山・鍵山（象ヶ森）","yamap_2022-02-11_08_26.gpx","東温市","東温市",stable_interior,location_strong_match,same_municipality,4258.772,true,true,medium,"top_1_but_ambiguous;top_candidate_for_multiple_mountains;priority_reduced_strong_match_mutual_top1","mountain=大磨山(#21); candidate=summit-candidate:24dc6cf37ce4e715; track=""塩ヶ森・番駄ヶ森・ケタ山・大磨山・鍵山（象ヶ森）""; score=0.75; name_tier=strong; ele_diff=1.52m; loc=strong_overlap; act_conf=high"
22,"鍵山（象ヶ森）",19,summit-candidate:c2491268ea5645b7,0.8500,medium,"塩ヶ森・番駄ヶ森・ケタ山・大磨山・鍵山（象ヶ森）","yamap_2022-02-11_08_26.gpx","東温市","東温市",stable_interior,location_strong_match,same_municipality,2479.848,true,true,medium,"top_1_but_ambiguous;priority_reduced_strong_match_mutual_top1","mountain=鍵山（象ヶ森）(#22); candidate=summit-candidate:c2491268ea5645b7; track=""塩ヶ森・番駄ヶ森・ケタ山・大磨山・鍵山（象ヶ森）""; score=0.75; name_tier=strong; ele_diff=2.44m; loc=strong_overlap; act_conf=high"
23,"天神山",23,summit-candidate:543b4550a3ef3e87,0.8500,medium,"天神山・御幸寺山","yamap_2022-02-15_10_36.gpx","松山市","松山市",stable_interior,location_strong_match,same_municipality,4678.627,true,true,medium,"top_1_but_ambiguous;priority_reduced_strong_match_mutual_top1","mountain=天神山(#23); candidate=summit-candidate:543b4550a3ef3e87; track=""天神山・御幸寺山""; score=0.75; name_tier=strong; ele_diff=4.89m; loc=strong_overlap; act_conf=high"
24,"御幸寺山",18,summit-candidate:e4808690532bb46c,0.8500,medium,"天神山・御幸寺山","yamap_2022-02-15_10_36.gpx","松山市","松山市",stable_interior,location_strong_match,same_municipality,5093.1,true,true,medium,"top_1_but_ambiguous;priority_reduced_strong_match_mutual_top1","mountain=御幸寺山(#24); candidate=summit-candidate:e4808690532bb46c; track=""天神山・御幸寺山""; score=0.75; name_tier=strong; ele_diff=6.3m; loc=strong_overlap; act_conf=high"
25,"愛宕山",27,summit-candidate:d9391b001d4bc442,0.8500,medium,"愛宕山・常光寺山","yamap_2022-02-16_11_57.gpx","松山市","松山市",stable_interior,location_strong_match,same_municipality,6040.804,true,true,medium,"top_1_but_ambiguous;top_candidate_for_multiple_mountains;priority_reduced_strong_match_mutual_top1","mountain=愛宕山(#25); candidate=summit-candidate:d9391b001d4bc442; track=""愛宕山・常光寺山""; score=0.75; name_tier=strong; ele_diff=5.82m; loc=strong_overlap; act_conf=high"
26,"常光寺山",26,summit-candidate:d9391b001d4bc442,0.8500,medium,"愛宕山・常光寺山","yamap_2022-02-16_11_57.gpx","松山市","松山市",stable_interior,location_strong_match,same_municipality,6040.804,true,true,high,"top_1_but_ambiguous;top_candidate_for_multiple_mountains","mountain=常光寺山(#26); candidate=summit-candidate:d9391b001d4bc442; track=""愛宕山・常光寺山""; score=0.75; name_tier=strong; ele_diff=3.18m; loc=strong_overlap; act_conf=high"
27,"杉立山",16,summit-candidate:17c3649ad9b147ce,0.3300,low,"御在所山","yamap_2026-01-07_07_05.gpx","","松山市",boundary_ambiguous,location_uncertain_keep,candidate_boundary_ambiguous,0.907,false,false,high,"top_1_but_ambiguous;top_candidate_for_multiple_mountains","mountain=杉立山(#27); candidate=summit-candidate:17c3649ad9b147ce; track=""御在所山""; score=0.33; name_tier=none; ele_diff=3.82m; loc=mismatch_warning; act_conf=high"
28,"岩柄山",16,summit-candidate:7d7066baad9d7077,0.5000,low,"奥之城山・ヌタノサコ","yamap_2022-03-03_10_47.gpx","松山市","松山市",stable_interior,location_strong_match,same_municipality,5239.155,true,true,high,"top_1_but_ambiguous;top_candidate_for_multiple_mountains","mountain=岩柄山(#28); candidate=summit-candidate:7d7066baad9d7077; track=""奥之城山・ヌタノサコ""; score=0.4; name_tier=none; ele_diff=1.22m; loc=strong_overlap; act_conf=high"
29,"高山",22,summit-candidate:8ff6361109e5ed5c,0.6700,medium,"高山・大里山・泰ノ山","yamap_2025-03-20_08_27.gpx","松山市","松山市",near_boundary,location_strong_match,same_municipality,490.253,false,false,medium,"top_1_but_ambiguous;priority_reduced_strong_match_mutual_top1","mountain=高山(#29); candidate=summit-candidate:8ff6361109e5ed5c; track=""高山・大里山・泰ノ山""; score=0.57; name_tier=strong; ele_diff=341.83m; loc=strong_overlap; act_conf=high"
30,"勝岡山",18,summit-candidate:43911aa413390192,0.5000,low,"横山(横山城址)","yamap_2022-06-29_08_48.gpx","松山市","松山市",stable_interior,location_strong_match,same_municipality,4419.226,true,true,high,"top_1_but_ambiguous;top_candidate_for_multiple_mountains","mountain=勝岡山(#30); candidate=summit-candidate:43911aa413390192; track=""横山(横山城址)""; score=0.4; name_tier=none; ele_diff=3.97m; loc=strong_overlap; act_conf=high"
31,"西山",27,summit-candidate:bdfa250c89c1ca90,0.8500,medium,"西山・経ヶ森・岩子山・護摩ヶ森","yamap_2022-02-23_08_42.gpx","松山市","松山市",near_boundary,location_strong_match,same_municipality,680.55,false,false,medium,"top_1_but_ambiguous;top_candidate_for_multiple_mountains;priority_reduced_strong_match_mutual_top1","mountain=西山(#31); candidate=summit-candidate:bdfa250c89c1ca90; track=""西山・経ヶ森・岩子山・護摩ヶ森""; score=0.75; name_tier=strong; ele_diff=3.02m; loc=strong_overlap; act_conf=high"
32,"岩子山",23,summit-candidate:23c112538ef91e0d,0.7900,medium,"西山・経ヶ森・岩子山・護摩ヶ森","yamap_2022-02-23_08_42.gpx","松山市","松山市",near_boundary,location_strong_match,same_municipality,868.443,false,false,high,"top_1_but_ambiguous;top_candidate_for_multiple_mountains","mountain=岩子山(#32); candidate=summit-candidate:23c112538ef91e0d; track=""西山・経ヶ森・岩子山・護摩ヶ森""; score=0.69; name_tier=strong; ele_diff=14.95m; loc=strong_overlap; act_conf=high"
33,"経ヶ森",21,summit-candidate:23c112538ef91e0d,0.8500,medium,"西山・経ヶ森・岩子山・護摩ヶ森","yamap_2022-02-23_08_42.gpx","松山市","松山市",near_boundary,location_strong_match,same_municipality,868.443,false,false,medium,"top_1_but_ambiguous;top_candidate_for_multiple_mountains;priority_reduced_strong_match_mutual_top1","mountain=経ヶ森(#33); candidate=summit-candidate:23c112538ef91e0d; track=""西山・経ヶ森・岩子山・護摩ヶ森""; score=0.75; name_tier=strong; ele_diff=4.05m; loc=strong_overlap; act_conf=high"
34,"護摩ヶ森",23,summit-candidate:bdfa250c89c1ca90,0.8500,medium,"西山・経ヶ森・岩子山・護摩ヶ森","yamap_2022-02-23_08_42.gpx","松山市","松山市",near_boundary,location_strong_match,same_municipality,680.55,false,false,high,"top_1_but_ambiguous;top_candidate_for_multiple_mountains","mountain=護摩ヶ森(#34); candidate=summit-candidate:bdfa250c89c1ca90; track=""西山・経ヶ森・岩子山・護摩ヶ森""; score=0.75; name_tier=strong; ele_diff=1.02m; loc=strong_overlap; act_conf=high"
35,"御岳山",24,summit-candidate:54cf4155ab259d9d,0.8500,medium,"御岳山","yamap_2022-02-26_07_43.gpx","東温市","東温市",near_boundary,location_strong_match,same_municipality,768.073,false,false,medium,"top_1_but_ambiguous;top_candidate_for_multiple_mountains;priority_reduced_strong_match_mutual_top1","mountain=御岳山(#35); candidate=summit-candidate:54cf4155ab259d9d; track=""御岳山""; score=0.75; name_tier=strong; ele_diff=7.4m; loc=strong_overlap; act_conf=high"
36,"石槌山",27,summit-candidate:54cf4155ab259d9d,0.6700,medium,"御岳山","yamap_2022-02-26_07_43.gpx","東温市","東温市",near_boundary,location_strong_match,same_municipality,768.073,false,false,high,"top_1_but_ambiguous;top_candidate_for_multiple_mountains","mountain=石槌山(#36); candidate=summit-candidate:54cf4155ab259d9d; track=""御岳山""; score=0.57; name_tier=strong; ele_diff=178.6m; loc=strong_overlap; act_conf=high"
37,"日王山",25,summit-candidate:2011a6c909945d6f,0.5000,low,"権現山","yamap_2026-04-12_11_03.gpx","松山市","松山市",stable_interior,location_strong_match,same_municipality,1788.516,true,true,high,"top_1_but_ambiguous;top_candidate_for_multiple_mountains","mountain=日王山(#37); candidate=summit-candidate:2011a6c909945d6f; track=""権現山""; score=0.4; name_tier=none; ele_diff=6.13m; loc=strong_overlap; act_conf=high"
38,"重茂山",27,summit-candidate:fbd725fc8006e2c8,0.6700,medium,"花木山","yamap_2022-02-28_13_13.gpx","今治市","今治市",near_boundary,location_strong_match,same_municipality,125.768,false,false,high,"top_1_but_ambiguous;top_candidate_for_multiple_mountains","mountain=重茂山(#38); candidate=summit-candidate:fbd725fc8006e2c8; track=""花木山""; score=0.57; name_tier=strong; ele_diff=240.51m; loc=strong_overlap; act_conf=high"
39,"花木山",14,summit-candidate:fbd725fc8006e2c8,0.8500,medium,"花木山","yamap_2022-02-28_13_13.gpx","今治市","今治市",near_boundary,location_strong_match,same_municipality,125.768,false,false,medium,"top_1_but_ambiguous;top_candidate_for_multiple_mountains;priority_reduced_strong_match_mutual_top1","mountain=花木山(#39); candidate=summit-candidate:fbd725fc8006e2c8; track=""花木山""; score=0.75; name_tier=strong; ele_diff=2.51m; loc=strong_overlap; act_conf=high"
40,"ヌタノサコ",18,summit-candidate:7d7066baad9d7077,0.8500,medium,"奥之城山・ヌタノサコ","yamap_2022-03-03_10_47.gpx","松山市","松山市",stable_interior,location_strong_match,same_municipality,5239.155,true,true,medium,"top_1_but_ambiguous;top_candidate_for_multiple_mountains;priority_reduced_strong_match_mutual_top1","mountain=ヌタノサコ(#40); candidate=summit-candidate:7d7066baad9d7077; track=""奥之城山・ヌタノサコ""; score=0.75; name_tier=strong; ele_diff=8.22m; loc=strong_overlap; act_conf=high"
41,"城山",47,summit-candidate:c1f175d0616be696,0.8500,medium,"城山・水梨山・向山","yamap_2022-03-05_09_44.gpx","砥部町","砥部町",stable_interior,location_strong_match,same_municipality,1542.882,true,true,medium,"top_1_but_ambiguous;priority_reduced_strong_match_mutual_top1","mountain=城山(#41); candidate=summit-candidate:c1f175d0616be696; track=""城山・水梨山・向山""; score=0.75; name_tier=strong; ele_diff=2.13m; loc=strong_overlap; act_conf=high"
42,"水梨山",14,summit-candidate:0a765b89058b256b,0.8500,medium,"城山・水梨山・向山","yamap_2022-03-05_09_44.gpx","砥部町","砥部町",stable_interior,location_strong_match,same_municipality,1090.163,true,true,medium,"top_1_but_ambiguous;priority_reduced_strong_match_mutual_top1","mountain=水梨山(#42); candidate=summit-candidate:0a765b89058b256b; track=""城山・水梨山・向山""; score=0.75; name_tier=strong; ele_diff=5.42m; loc=strong_overlap; act_conf=high"
43,"向山",14,summit-candidate:07834c521328cc1d,0.7900,medium,"城山・水梨山・向山","yamap_2022-03-05_09_44.gpx","砥部町","砥部町",near_boundary,location_strong_match,same_municipality,303.936,false,false,high,"top_1_but_ambiguous","mountain=向山(#43); candidate=summit-candidate:07834c521328cc1d; track=""城山・水梨山・向山""; score=0.69; name_tier=strong; ele_diff=24.76m; loc=strong_overlap; act_conf=high"
44,"稔山",21,summit-candidate:622b899de76208ef,0.8500,medium,"稔山","yamap_2022-03-09_10_20.gpx","東温市","東温市",near_boundary,location_strong_match,same_municipality,53.641,false,false,medium,"top_1_but_ambiguous;priority_reduced_strong_match_mutual_top1","mountain=稔山(#44); candidate=summit-candidate:622b899de76208ef; track=""稔山""; score=0.75; name_tier=strong; ele_diff=5.92m; loc=strong_overlap; act_conf=high"
45,"菊ヶ森",21,summit-candidate:ab8cf0f07d2a219d,0.8500,medium,"菊ヶ森","yamap_2022-03-12_08_31.gpx","松山市","松山市",stable_interior,location_strong_match,same_municipality,5615.729,true,true,medium,"top_1_but_ambiguous;priority_reduced_strong_match_mutual_top1","mountain=菊ヶ森(#45); candidate=summit-candidate:ab8cf0f07d2a219d; track=""菊ヶ森""; score=0.75; name_tier=strong; ele_diff=5.34m; loc=strong_overlap; act_conf=high"
46,"道後山",26,summit-candidate:7c680b0eed0187fa,0.8500,medium,"道後山","yamap_2022-03-12_09_19.gpx","松山市","松山市",stable_interior,location_strong_match,same_municipality,6722.667,true,true,medium,"top_1_but_ambiguous;priority_reduced_strong_match_mutual_top1","mountain=道後山(#46); candidate=summit-candidate:7c680b0eed0187fa; track=""道後山""; score=0.75; name_tier=strong; ele_diff=2.9m; loc=strong_overlap; act_conf=high"
47,"倉谷山",30,summit-candidate:aba609f471e97e4a,0.7900,medium,"倉谷山・芝ヶ峠・淡路ヶ峠・宝ヶ峯","yamap_2022-03-13_09_49.gpx","松山市","松山市",stable_interior,location_strong_match,same_municipality,4250.644,true,true,medium,"top_1_but_ambiguous;priority_reduced_strong_match_mutual_top1","mountain=倉谷山(#47); candidate=summit-candidate:aba609f471e97e4a; track=""倉谷山・芝ヶ峠・淡路ヶ峠・宝ヶ峯""; score=0.69; name_tier=strong; ele_diff=14.6m; loc=strong_overlap; act_conf=high"
48,"芝ヶ峠",30,summit-candidate:079ae30d76fb11c2,0.8500,medium,"倉谷山・芝ヶ峠・淡路ヶ峠・宝ヶ峯","yamap_2022-03-13_09_49.gpx","松山市","松山市",stable_interior,location_strong_match,same_municipality,3103.812,true,true,medium,"top_1_but_ambiguous;top_candidate_for_multiple_mountains;priority_reduced_strong_match_mutual_top1","mountain=芝ヶ峠(#48); candidate=summit-candidate:079ae30d76fb11c2; track=""倉谷山・芝ヶ峠・淡路ヶ峠・宝ヶ峯""; score=0.75; name_tier=strong; ele_diff=1.15m; loc=strong_overlap; act_conf=high"
49,"大久保山",26,summit-candidate:5aff666aa93b3a17,0.8500,medium,"大久保山・八里ヶ峠・中坂山・天神山・室岡山・潮見山","yamap_2022-03-20_07_06.gpx","松山市","松山市",stable_interior,location_strong_match,same_municipality,2787.805,true,true,medium,"top_1_but_ambiguous;top_candidate_for_multiple_mountains;priority_reduced_strong_match_mutual_top1","mountain=大久保山(#49); candidate=summit-candidate:5aff666aa93b3a17; track=""大久保山・八里ヶ峠・中坂山・天神山・室岡山・潮見山""; score=0.75; name_tier=strong; ele_diff=6.12m; loc=strong_overlap; act_conf=high"
50,"八里ヶ峠",23,summit-candidate:5aff666aa93b3a17,0.8500,medium,"大久保山・八里ヶ峠・中坂山・天神山・室岡山・潮見山","yamap_2022-03-20_07_06.gpx","松山市","松山市",stable_interior,location_strong_match,same_municipality,2787.805,true,true,high,"top_1_but_ambiguous;top_candidate_for_multiple_mountains","mountain=八里ヶ峠(#50); candidate=summit-candidate:5aff666aa93b3a17; track=""大久保山・八里ヶ峠・中坂山・天神山・室岡山・潮見山""; score=0.75; name_tier=strong; ele_diff=0.88m; loc=strong_overlap; act_conf=high"
51,"中坂山",24,summit-candidate:452c10a1db199870,0.7900,medium,"大久保山・八里ヶ峠・中坂山・天神山・室岡山・潮見山","yamap_2022-03-20_07_06.gpx","松山市","松山市",stable_interior,location_strong_match,same_municipality,3408.943,true,true,medium,"top_1_but_ambiguous;top_candidate_for_multiple_mountains;priority_reduced_strong_match_mutual_top1","mountain=中坂山(#51); candidate=summit-candidate:452c10a1db199870; track=""大久保山・八里ヶ峠・中坂山・天神山・室岡山・潮見山""; score=0.69; name_tier=strong; ele_diff=21.17m; loc=strong_overlap; act_conf=high"
52,"天神山",19,summit-candidate:452c10a1db199870,0.7900,medium,"大久保山・八里ヶ峠・中坂山・天神山・室岡山・潮見山","yamap_2022-03-20_07_06.gpx","松山市","松山市",stable_interior,location_strong_match,same_municipality,3408.943,true,true,high,"top_1_but_ambiguous;top_candidate_for_multiple_mountains","mountain=天神山(#52); candidate=summit-candidate:452c10a1db199870; track=""大久保山・八里ヶ峠・中坂山・天神山・室岡山・潮見山""; score=0.69; name_tier=strong; ele_diff=29.83m; loc=strong_overlap; act_conf=high"
53,"室岡山",17,summit-candidate:452c10a1db199870,0.7300,medium,"大久保山・八里ヶ峠・中坂山・天神山・室岡山・潮見山","yamap_2022-03-20_07_06.gpx","松山市","松山市",stable_interior,location_strong_match,same_municipality,3408.943,true,true,high,"top_1_but_ambiguous;top_candidate_for_multiple_mountains","mountain=室岡山(#53); candidate=summit-candidate:452c10a1db199870; track=""大久保山・八里ヶ峠・中坂山・天神山・室岡山・潮見山""; score=0.63; name_tier=strong; ele_diff=34.83m; loc=strong_overlap; act_conf=high"
54,"潮見山",31,summit-candidate:3259dfe3d9ce60c5,0.7900,medium,"明神山・潮見山","yamap_2022-03-23_07_38.gpx","松山市","松山市",stable_interior,location_strong_match,same_municipality,1802.528,true,true,high,"top_1_but_ambiguous;top_candidate_for_multiple_mountains","mountain=潮見山(#54); candidate=summit-candidate:3259dfe3d9ce60c5; track=""明神山・潮見山""; score=0.69; name_tier=strong; ele_diff=29.25m; loc=strong_overlap; act_conf=high"
55,"明神山",24,summit-candidate:3259dfe3d9ce60c5,0.8500,medium,"明神山・潮見山","yamap_2022-03-23_07_38.gpx","松山市","松山市",stable_interior,location_strong_match,same_municipality,1802.528,true,true,medium,"top_1_but_ambiguous;top_candidate_for_multiple_mountains;priority_reduced_strong_match_mutual_top1","mountain=明神山(#55); candidate=summit-candidate:3259dfe3d9ce60c5; track=""明神山・潮見山""; score=0.75; name_tier=strong; ele_diff=8.75m; loc=strong_overlap; act_conf=high"
56,"潮見山",29,summit-candidate:45439217573adfc4,0.8500,medium,"明神山・潮見山","yamap_2022-03-23_07_38.gpx","松山市","松山市",stable_interior,location_strong_match,same_municipality,1365.808,true,true,medium,"top_1_but_ambiguous;priority_reduced_strong_match_mutual_top1","mountain=潮見山(#56); candidate=summit-candidate:45439217573adfc4; track=""明神山・潮見山""; score=0.75; name_tier=strong; ele_diff=3.06m; loc=strong_overlap; act_conf=high"
57,"十門山(十門城址)",12,summit-candidate:a94564816fd4afff,0.8500,medium,"十門山(十門城址)・ヨソ山","yamap_2022-03-25_12_12.gpx","東温市","東温市",stable_interior,location_strong_match,same_municipality,2407.238,true,true,medium,"top_1_but_ambiguous;priority_reduced_strong_match_mutual_top1","mountain=十門山(十門城址)(#57); candidate=summit-candidate:a94564816fd4afff; track=""十門山(十門城址)・ヨソ山""; score=0.75; name_tier=strong; ele_diff=6.29m; loc=strong_overlap; act_conf=high"
58,"ヨソ山",22,summit-candidate:555fd1e3be8780dd,0.6300,medium,"十門山(十門城址)・ヨソ山","yamap_2022-03-25_12_12.gpx","東温市","西条市",stable_interior,adjacent_but_deep_inside,adjacent_municipality,3611.807,true,true,low,"adjacent_but_deep_inside","mountain=ヨソ山(#58); candidate=summit-candidate:555fd1e3be8780dd; track=""十門山(十門城址)・ヨソ山""; score=0.68; name_tier=strong; ele_diff=4.12m; loc=mismatch_warning; act_conf=high"
59,"忽那山",13,summit-candidate:daa8d4127fc92552,0.8500,medium,"忽那山","yamap_2022-04-06_09_25.gpx","松山市","松山市",near_boundary,location_strong_match,same_municipality,71.469,false,false,medium,"top_1_but_ambiguous;priority_reduced_strong_match_mutual_top1","mountain=忽那山(#59); candidate=summit-candidate:daa8d4127fc92552; track=""忽那山""; score=0.75; name_tier=strong; ele_diff=2.7m; loc=strong_overlap; act_conf=high"
60,"鬼ヶ城山",22,summit-candidate:7ceb76663c2bb81b,0.8500,medium,"鬼ヶ城山・大久保山・八面山・三本杭・横ノ森・小屋ヶ森・毛山","yamap_2022-04-08_09_33.gpx","宇和島市","宇和島市",stable_interior,location_strong_match,same_municipality,1322.858,true,true,medium,"top_1_but_ambiguous;top_candidate_for_multiple_mountains;priority_reduced_strong_match_mutual_top1","mountain=鬼ヶ城山(#60); candidate=summit-candidate:7ceb76663c2bb81b; track=""鬼ヶ城山・大久保山・八面山・三本杭・横ノ森・小屋ヶ森・毛山""; score=0.75; name_tier=strong; ele_diff=4.43m; loc=strong_overlap; act_conf=high"
61,"三本杭",29,summit-candidate:babbcdf7bbd23463,0.8500,medium,"鬼ヶ城山・大久保山・八面山・三本杭・横ノ森・小屋ヶ森・毛山","yamap_2022-04-08_09_33.gpx","宇和島市","宇和島市",near_boundary,location_strong_match,same_municipality,160.827,false,false,medium,"top_1_but_ambiguous;priority_reduced_strong_match_mutual_top1","mountain=三本杭(#61); candidate=summit-candidate:babbcdf7bbd23463; track=""鬼ヶ城山・大久保山・八面山・三本杭・横ノ森・小屋ヶ森・毛山""; score=0.75; name_tier=strong; ele_diff=3.51m; loc=strong_overlap; act_conf=high"
62,"八面山",20,summit-candidate:27c1036d4aa2230e,0.8500,medium,"鬼ヶ城山・大久保山・八面山・三本杭・横ノ森・小屋ヶ森・毛山","yamap_2022-04-08_09_33.gpx","宇和島市","宇和島市",near_boundary,location_strong_match,same_municipality,32.111,false,false,medium,"top_1_but_ambiguous;priority_reduced_strong_match_mutual_top1","mountain=八面山(#62); candidate=summit-candidate:27c1036d4aa2230e; track=""鬼ヶ城山・大久保山・八面山・三本杭・横ノ森・小屋ヶ森・毛山""; score=0.75; name_tier=strong; ele_diff=1.55m; loc=strong_overlap; act_conf=high"
63,"大久保山",22,summit-candidate:7ceb76663c2bb81b,0.8500,medium,"鬼ヶ城山・大久保山・八面山・三本杭・横ノ森・小屋ヶ森・毛山","yamap_2022-04-08_09_33.gpx","宇和島市","宇和島市",stable_interior,location_strong_match,same_municipality,1322.858,true,true,high,"top_1_but_ambiguous;top_candidate_for_multiple_mountains","mountain=大久保山(#63); candidate=summit-candidate:7ceb76663c2bb81b; track=""鬼ヶ城山・大久保山・八面山・三本杭・横ノ森・小屋ヶ森・毛山""; score=0.75; name_tier=strong; ele_diff=0.43m; loc=strong_overlap; act_conf=high"
64,"大月山",20,summit-candidate:9a68e7a3a97831ff,0.8500,medium,"大月山・高縄山","yamap_2022-04-09_14_44.gpx","松山市","松山市",stable_interior,location_strong_match,same_municipality,4359.288,true,true,medium,"top_1_but_ambiguous;priority_reduced_strong_match_mutual_top1","mountain=大月山(#64); candidate=summit-candidate:9a68e7a3a97831ff; track=""大月山・高縄山""; score=0.75; name_tier=strong; ele_diff=2.39m; loc=strong_overlap; act_conf=high"
65,"引地山",15,summit-candidate:7a1f0e8b5f9e5cc2,0.5500,low,"皿ヶ嶺・引地山","yamap_2022-04-15_11_52.gpx","久万高原町","松山市",near_boundary,boundary_plausible,adjacent_municipality,459.68,false,false,high,"top_1_but_ambiguous;top_candidate_for_multiple_mountains","mountain=引地山(#65); candidate=summit-candidate:7a1f0e8b5f9e5cc2; track=""皿ヶ嶺・引地山""; score=0.5; name_tier=strong; ele_diff=250.04m; loc=mismatch_warning; act_conf=high"
66,"東三方ヶ森",27,summit-candidate:d06b9d5365beffaa,0.7500,medium,"東三方ヶ森","yamap_2022-04-16_07_39.gpx","","東温市",boundary_ambiguous,location_uncertain_keep,candidate_boundary_ambiguous,6.511,false,false,high,"top_1_but_ambiguous","mountain=東三方ヶ森(#66); candidate=summit-candidate:d06b9d5365beffaa; track=""東三方ヶ森""; score=0.75; name_tier=strong; ele_diff=3.5m; loc=strong_overlap; act_conf=high"
67,"甲が森",22,summit-candidate:50d68ea03af3c4ff,0.8500,medium,"甲が森","yamap_2022-04-22_11_13.gpx","西予市","西予市",stable_interior,location_strong_match,same_municipality,4196.988,true,true,medium,"top_1_but_ambiguous;priority_reduced_strong_match_mutual_top1","mountain=甲が森(#67); candidate=summit-candidate:50d68ea03af3c4ff; track=""甲が森""; score=0.75; name_tier=strong; ele_diff=5.72m; loc=strong_overlap; act_conf=high"
68,"三滝山",25,summit-candidate:da65a16f23740e83,0.8500,medium,"三滝山","yamap_2022-04-22_12_22.gpx","西予市","西予市",stable_interior,location_strong_match,same_municipality,2821.06,true,true,medium,"top_1_but_ambiguous;priority_reduced_strong_match_mutual_top1","mountain=三滝山(#68); candidate=summit-candidate:da65a16f23740e83; track=""三滝山""; score=0.75; name_tier=strong; ele_diff=4.77m; loc=strong_overlap; act_conf=high"
69,"雨包山",19,summit-candidate:6198ad7009d86ec2,0.8500,medium,"雨包山","yamap_2022-04-22_14_13.gpx","西予市","西予市",near_boundary,location_strong_match,same_municipality,143.074,false,false,medium,"top_1_but_ambiguous;priority_reduced_strong_match_mutual_top1","mountain=雨包山(#69); candidate=summit-candidate:6198ad7009d86ec2; track=""雨包山""; score=0.75; name_tier=strong; ele_diff=6.49m; loc=strong_overlap; act_conf=high"
70,"源氏ヶ駄場（薊野峰）",20,summit-candidate:e85b9bd32eb5e6f1,0.7900,medium,"源氏ヶ駄場（薊野峰）","yamap_2022-04-22_16_48.gpx","西予市","西予市",near_boundary,location_strong_match,same_municipality,12.401,false,false,medium,"top_1_but_ambiguous;priority_reduced_strong_match_mutual_top1","mountain=源氏ヶ駄場（薊野峰）(#70); candidate=summit-candidate:e85b9bd32eb5e6f1; track=""源氏ヶ駄場（薊野峰）""; score=0.69; name_tier=strong; ele_diff=12.73m; loc=strong_overlap; act_conf=high"
71,"碁石ヶ森",21,summit-candidate:ee9d736a090185dd,0.8500,medium,"碁石ヶ森","yamap_2022-04-22_17_29.gpx","西予市","西予市",stable_interior,location_strong_match,same_municipality,1020.293,true,true,medium,"top_1_but_ambiguous;top_candidate_for_multiple_mountains;priority_reduced_strong_match_mutual_top1","mountain=碁石ヶ森(#71); candidate=summit-candidate:ee9d736a090185dd; track=""碁石ヶ森""; score=0.75; name_tier=strong; ele_diff=5.12m; loc=strong_overlap; act_conf=high"
72,"伊之子山",16,summit-candidate:15c71a530dcecd2e,0.5800,low,"伊之子山・左谷ノ森","yamap_2022-04-25_11_35.gpx","松山市","松山市",near_boundary,location_strong_match,same_municipality,36.569,false,false,high,"top_1_but_ambiguous","mountain=伊之子山(#72); candidate=summit-candidate:15c71a530dcecd2e; track=""伊之子山・左谷ノ森""; score=0.48; name_tier=strong; ele_diff=71.72m; loc=strong_overlap; act_conf=low"
73,"御在所山",22,summit-candidate:61f36127d879648f,0.7500,medium,"御在所山","yamap_2022-04-27_10_31.gpx","","西予市",boundary_ambiguous,location_uncertain_keep,candidate_boundary_ambiguous,11.242,false,false,high,"top_1_but_ambiguous","mountain=御在所山(#73); candidate=summit-candidate:61f36127d879648f; track=""御在所山""; score=0.75; name_tier=strong; ele_diff=3.12m; loc=strong_overlap; act_conf=high"
74,"岩黒山",10,summit-candidate:591204fdc01b55b6,0.7500,medium,"岩黒山・筒上山・手箱山","yamap_2022-04-30_08_30.gpx","","久万高原町",boundary_ambiguous,location_uncertain_keep,candidate_boundary_ambiguous,5.205,false,false,high,"top_1_but_ambiguous","mountain=岩黒山(#74); candidate=summit-candidate:591204fdc01b55b6; track=""岩黒山・筒上山・手箱山""; score=0.75; name_tier=strong; ele_diff=3.57m; loc=strong_overlap; act_conf=high"
75,"筒上山",10,summit-candidate:71b10e23075edf20,0.8500,medium,"岩黒山・筒上山・手箱山","yamap_2022-04-30_08_30.gpx","久万高原町","久万高原町",near_boundary,location_strong_match,same_municipality,2.797,false,false,medium,"top_1_but_ambiguous;top_candidate_for_multiple_mountains;priority_reduced_strong_match_mutual_top1","mountain=筒上山(#75); candidate=summit-candidate:71b10e23075edf20; track=""岩黒山・筒上山・手箱山""; score=0.75; name_tier=strong; ele_diff=3.23m; loc=strong_overlap; act_conf=high"
76,"手箱山",4,summit-candidate:43f9d4fa36aabb79,0.6800,medium,"岩黒山・筒上山・手箱山","yamap_2022-04-30_08_30.gpx","","久万高原町",outside_prefecture,location_uncertain_keep,candidate_outside_prefecture,,false,false,high,"top_1_but_ambiguous","mountain=手箱山(#76); candidate=summit-candidate:43f9d4fa36aabb79; track=""岩黒山・筒上山・手箱山""; score=0.68; name_tier=strong; ele_diff=2.47m; loc=mismatch_warning; act_conf=high"
77,"大川嶺",7,summit-candidate:1ebd63d8e2790409,0.8500,medium,"大川嶺・笠取山・ウバホド山","yamap_2022-05-02_09_06.gpx","久万高原町","久万高原町",near_boundary,location_strong_match,same_municipality,64.14,false,false,medium,"top_1_but_ambiguous;top_candidate_for_multiple_mountains;priority_reduced_strong_match_mutual_top1","mountain=大川嶺(#77); candidate=summit-candidate:1ebd63d8e2790409; track=""大川嶺・笠取山・ウバホド山""; score=0.75; name_tier=strong; ele_diff=7.15m; loc=strong_overlap; act_conf=high"
78,"笠取山",9,summit-candidate:33637f0e3b5b1405,0.7500,medium,"大川嶺・笠取山・ウバホド山","yamap_2022-05-02_09_06.gpx","","久万高原町",boundary_ambiguous,location_uncertain_keep,candidate_boundary_ambiguous,16.729,false,false,medium,"top_3_with_evidence","mountain=笠取山(#78); candidate=summit-candidate:33637f0e3b5b1405; track=""大川嶺・笠取山・ウバホド山""; score=0.75; name_tier=strong; ele_diff=5.71m; loc=strong_overlap; act_conf=high"
79,"ウバホド山",10,summit-candidate:1ebd63d8e2790409,0.6700,medium,"大川嶺・笠取山・ウバホド山","yamap_2022-05-02_09_06.gpx","久万高原町","久万高原町",near_boundary,location_strong_match,same_municipality,64.14,false,false,high,"top_1_but_ambiguous;top_candidate_for_multiple_mountains","mountain=ウバホド山(#79); candidate=summit-candidate:1ebd63d8e2790409; track=""大川嶺・笠取山・ウバホド山""; score=0.57; name_tier=strong; ele_diff=50.15m; loc=strong_overlap; act_conf=high"
80,"うなめご",15,summit-candidate:ea6bebee79234da7,0.7300,medium,"陣ヶ森・前々司山・うなめご","yamap_2022-05-05_13_29.gpx","久万高原町","東温市",near_boundary,boundary_plausible,adjacent_municipality,29.048,false,false,high,"top_1_but_ambiguous","mountain=うなめご(#80); candidate=summit-candidate:ea6bebee79234da7; track=""陣ヶ森・前々司山・うなめご""; score=0.68; name_tier=strong; ele_diff=7.47m; loc=mismatch_warning; act_conf=high"
81,"前々司山",21,summit-candidate:e7e4429a39f6359f,0.7500,medium,"陣ヶ森・前々司山・うなめご","yamap_2022-05-05_13_29.gpx","","東温市",boundary_ambiguous,location_uncertain_keep,candidate_boundary_ambiguous,2.283,false,false,high,"top_1_but_ambiguous","mountain=前々司山(#81); candidate=summit-candidate:e7e4429a39f6359f; track=""陣ヶ森・前々司山・うなめご""; score=0.75; name_tier=strong; ele_diff=2.83m; loc=strong_overlap; act_conf=high"
82,"陣ヶ森",22,summit-candidate:e084389cc60ad329,0.7300,medium,"陣ヶ森・前々司山・うなめご","yamap_2022-05-05_13_29.gpx","久万高原町","東温市",near_boundary,boundary_plausible,adjacent_municipality,54.574,false,false,high,"top_1_but_ambiguous;top_candidate_for_multiple_mountains","mountain=陣ヶ森(#82); candidate=summit-candidate:e084389cc60ad329; track=""陣ヶ森・前々司山・うなめご""; score=0.68; name_tier=strong; ele_diff=3.65m; loc=mismatch_warning; act_conf=high"
83,"寒川山",19,summit-candidate:2f7dbee4c5bde53e,0.6700,medium,"寒川山・鋸山・七々木山・豊受山・赤星山","yamap_2022-05-07_07_14.gpx","四国中央市","四国中央市",stable_interior,location_strong_match,same_municipality,4653.477,true,true,high,"top_1_but_ambiguous;top_candidate_for_multiple_mountains","mountain=寒川山(#83); candidate=summit-candidate:2f7dbee4c5bde53e; track=""寒川山・鋸山・七々木山・豊受山・赤星山""; score=0.57; name_tier=strong; ele_diff=434.98m; loc=strong_overlap; act_conf=high"
84,"豊受山",22,summit-candidate:2f7dbee4c5bde53e,0.8500,medium,"寒川山・鋸山・七々木山・豊受山・赤星山","yamap_2022-05-07_07_14.gpx","四国中央市","四国中央市",stable_interior,location_strong_match,same_municipality,4653.477,true,true,medium,"top_1_but_ambiguous;top_candidate_for_multiple_mountains;priority_reduced_strong_match_mutual_top1","mountain=豊受山(#84); candidate=summit-candidate:2f7dbee4c5bde53e; track=""寒川山・鋸山・七々木山・豊受山・赤星山""; score=0.75; name_tier=strong; ele_diff=4.98m; loc=strong_overlap; act_conf=high"
85,"赤星山",21,summit-candidate:db51ae1b2be57eea,0.8500,medium,"寒川山・鋸山・七々木山・豊受山・赤星山","yamap_2022-05-07_07_14.gpx","四国中央市","四国中央市",stable_interior,location_strong_match,same_municipality,3509.424,true,true,medium,"top_1_but_ambiguous;priority_reduced_strong_match_mutual_top1","mountain=赤星山(#85); candidate=summit-candidate:db51ae1b2be57eea; track=""寒川山・鋸山・七々木山・豊受山・赤星山""; score=0.75; name_tier=strong; ele_diff=1.92m; loc=strong_overlap; act_conf=high"
86,"七々木山",20,summit-candidate:2f7dbee4c5bde53e,0.6700,medium,"寒川山・鋸山・七々木山・豊受山・赤星山","yamap_2022-05-07_07_14.gpx","四国中央市","四国中央市",stable_interior,location_strong_match,same_municipality,4653.477,true,true,high,"top_1_but_ambiguous;top_candidate_for_multiple_mountains","mountain=七々木山(#86); candidate=summit-candidate:2f7dbee4c5bde53e; track=""寒川山・鋸山・七々木山・豊受山・赤星山""; score=0.57; name_tier=strong; ele_diff=106.98m; loc=strong_overlap; act_conf=high"
87,"鋸山",16,summit-candidate:2f7dbee4c5bde53e,0.6700,medium,"寒川山・鋸山・七々木山・豊受山・赤星山","yamap_2022-05-07_07_14.gpx","四国中央市","四国中央市",stable_interior,location_strong_match,same_municipality,4653.477,true,true,high,"top_1_but_ambiguous;top_candidate_for_multiple_mountains","mountain=鋸山(#87); candidate=summit-candidate:2f7dbee4c5bde53e; track=""寒川山・鋸山・七々木山・豊受山・赤星山""; score=0.57; name_tier=strong; ele_diff=234.98m; loc=strong_overlap; act_conf=high"
88,"翠波峰",17,summit-candidate:2f7dbee4c5bde53e,0.6700,medium,"寒川山・鋸山・七々木山・豊受山・赤星山","yamap_2022-05-07_07_14.gpx","四国中央市","四国中央市",stable_interior,location_strong_match,same_municipality,4653.477,true,true,high,"top_1_but_ambiguous;top_candidate_for_multiple_mountains","mountain=翠波峰(#88); candidate=summit-candidate:2f7dbee4c5bde53e; track=""寒川山・鋸山・七々木山・豊受山・赤星山""; score=0.57; name_tier=strong; ele_diff=360.98m; loc=strong_overlap; act_conf=high"
89,"平石山",19,summit-candidate:2f7dbee4c5bde53e,0.6700,medium,"寒川山・鋸山・七々木山・豊受山・赤星山","yamap_2022-05-07_07_14.gpx","四国中央市","四国中央市",stable_interior,location_strong_match,same_municipality,4653.477,true,true,high,"top_1_but_ambiguous;top_candidate_for_multiple_mountains","mountain=平石山(#89); candidate=summit-candidate:2f7dbee4c5bde53e; track=""寒川山・鋸山・七々木山・豊受山・赤星山""; score=0.57; name_tier=strong; ele_diff=425.98m; loc=strong_overlap; act_conf=high"
90,"割石東山",21,summit-candidate:4b33f9c73e644793,0.8500,medium,"割石東山・青滝山・堂ヶ森","yamap_2022-05-15_06_10.gpx","久万高原町","久万高原町",near_boundary,location_strong_match,same_municipality,27.216,false,false,medium,"top_1_but_ambiguous;priority_reduced_strong_match_mutual_top1","mountain=割石東山(#90); candidate=summit-candidate:4b33f9c73e644793; track=""割石東山・青滝山・堂ヶ森""; score=0.75; name_tier=strong; ele_diff=2.42m; loc=strong_overlap; act_conf=high"
91,"青滝山",14,summit-candidate:242762a3c600ff91,0.7500,medium,"割石東山・青滝山・堂ヶ森","yamap_2022-05-15_06_10.gpx","","久万高原町",boundary_ambiguous,location_uncertain_keep,candidate_boundary_ambiguous,7.225,false,false,high,"top_1_but_ambiguous","mountain=青滝山(#91); candidate=summit-candidate:242762a3c600ff91; track=""割石東山・青滝山・堂ヶ森""; score=0.75; name_tier=strong; ele_diff=1.01m; loc=strong_overlap; act_conf=high"
92,"堂ヶ森",18,summit-candidate:bb644412fd9a132c,0.8500,medium,"割石東山・青滝山・堂ヶ森","yamap_2022-05-15_06_10.gpx","久万高原町","久万高原町",near_boundary,location_strong_match,same_municipality,33.198,false,false,medium,"top_1_but_ambiguous;priority_reduced_strong_match_mutual_top1","mountain=堂ヶ森(#92); candidate=summit-candidate:bb644412fd9a132c; track=""割石東山・青滝山・堂ヶ森""; score=0.75; name_tier=strong; ele_diff=6.47m; loc=strong_overlap; act_conf=high"
93,"南尖峰",3,summit-candidate:3b98b67bbe0fe0f9,0.6800,medium,"石鎚山・天狗岳・南尖峰","yamap_2022-05-22_08_09.gpx","","久万高原町",boundary_ambiguous,location_uncertain_keep,candidate_boundary_ambiguous,3.34,false,false,high,"top_1_but_ambiguous;top_candidate_for_multiple_mountains","mountain=南尖峰(#93); candidate=summit-candidate:3b98b67bbe0fe0f9; track=""石鎚山・天狗岳・南尖峰""; score=0.68; name_tier=strong; ele_diff=2.83m; loc=mismatch_warning; act_conf=high"
94,"自念子ノ頭",13,summit-candidate:6b5100f449c22108,0.7800,medium,"自念子ノ頭","yamap_2022-05-25_09_48.gpx","西条市","西条市",near_boundary,location_strong_match,same_municipality,9.584,false,false,medium,"top_1_but_ambiguous;priority_reduced_strong_match_mutual_top1","mountain=自念子ノ頭(#94); candidate=summit-candidate:6b5100f449c22108; track=""自念子ノ頭""; score=0.68; name_tier=strong; ele_diff=3.26m; loc=mismatch_warning; act_conf=high"
95,"勝山",29,summit-candidate:91cacd7deced8470,0.8500,medium,"勝山","yamap_2022-06-04_14_13.gpx","松山市","松山市",stable_interior,location_strong_match,same_municipality,4586.993,true,true,medium,"top_1_but_ambiguous;priority_reduced_strong_match_mutual_top1","mountain=勝山(#95); candidate=summit-candidate:91cacd7deced8470; track=""勝山""; score=0.75; name_tier=strong; ele_diff=1.52m; loc=strong_overlap; act_conf=high"
96,"姫草",18,summit-candidate:dc456a72b89d4d52,0.7500,medium,"姫草","yamap_2022-06-16_16_00.gpx","","西予市",boundary_ambiguous,location_uncertain_keep,candidate_boundary_ambiguous,7.456,false,false,high,"top_1_but_ambiguous","mountain=姫草(#96); candidate=summit-candidate:dc456a72b89d4d52; track=""姫草""; score=0.75; name_tier=strong; ele_diff=1.97m; loc=strong_overlap; act_conf=high"
97,"牛城",20,summit-candidate:c7ff156edb321d12,0.6800,medium,"牛城","yamap_2022-06-16_16_25.gpx","","西予市",outside_prefecture,location_uncertain_keep,candidate_outside_prefecture,,false,false,high,"top_1_but_ambiguous","mountain=牛城(#97); candidate=summit-candidate:c7ff156edb321d12; track=""牛城""; score=0.68; name_tier=strong; ele_diff=3.5m; loc=mismatch_warning; act_conf=high"
98,"積善山",35,summit-candidate:76a5e492c9dcf980,0.6800,medium,"積善山","yamap_2022-06-18_11_15.gpx","上島町","",stable_interior,missing_location_evidence,missing_mountain_municipality,1085.978,true,true,high,"top_1_but_ambiguous","mountain=積善山(#98); candidate=summit-candidate:76a5e492c9dcf980; track=""積善山""; score=0.68; name_tier=strong; ele_diff=6.26m; loc=mismatch_warning; act_conf=high"
99,"鉢巻山",21,summit-candidate:50aa5073a99759cf,0.6800,medium,"立石山","yamap_2022-06-18_14_26.gpx","上島町","",near_boundary,missing_location_evidence,missing_mountain_municipality,347.551,false,false,high,"top_1_but_ambiguous;top_candidate_for_multiple_mountains","mountain=鉢巻山(#99); candidate=summit-candidate:50aa5073a99759cf; track=""立石山""; score=0.68; name_tier=strong; ele_diff=8.31m; loc=mismatch_warning; act_conf=high"
100,"立石山",23,summit-candidate:50aa5073a99759cf,0.6800,medium,"立石山","yamap_2022-06-18_14_26.gpx","上島町","",near_boundary,missing_location_evidence,missing_mountain_municipality,347.551,false,false,high,"top_1_but_ambiguous;top_candidate_for_multiple_mountains","mountain=立石山(#100); candidate=summit-candidate:50aa5073a99759cf; track=""立石山""; score=0.68; name_tier=strong; ele_diff=5.31m; loc=mismatch_warning; act_conf=high"
101,"鷲ヶ頭山",22,summit-candidate:159deb385560c198,0.6800,medium,"安神山・鷲ヶ頭山","yamap_2022-06-20_12_02.gpx","今治市","",stable_interior,missing_location_evidence,missing_mountain_municipality,2472.49,true,true,high,"top_1_but_ambiguous;top_candidate_for_multiple_mountains","mountain=鷲ヶ頭山(#101); candidate=summit-candidate:159deb385560c198; track=""安神山・鷲ヶ頭山""; score=0.68; name_tier=strong; ele_diff=0.91m; loc=mismatch_warning; act_conf=high"
102,"安神山",32,summit-candidate:159deb385560c198,0.5000,low,"安神山・鷲ヶ頭山","yamap_2022-06-20_12_02.gpx","今治市","",stable_interior,missing_location_evidence,missing_mountain_municipality,2472.49,true,true,high,"top_1_but_ambiguous;top_candidate_for_multiple_mountains","mountain=安神山(#102); candidate=summit-candidate:159deb385560c198; track=""安神山・鷲ヶ頭山""; score=0.5; name_tier=strong; ele_diff=169.91m; loc=mismatch_warning; act_conf=high"
103,"篠山",17,summit-candidate:c8a7a1f1d1dad353,0.7500,medium,"篠山","yamap_2022-06-23_13_59.gpx","","愛南町",outside_prefecture,location_uncertain_keep,candidate_outside_prefecture,,false,false,high,"top_1_but_ambiguous","mountain=篠山(#103); candidate=summit-candidate:c8a7a1f1d1dad353; track=""篠山""; score=0.75; name_tier=strong; ele_diff=3.38m; loc=strong_overlap; act_conf=high"
104,"横山(横山城址)",18,summit-candidate:43911aa413390192,0.8500,medium,"横山(横山城址)","yamap_2022-06-29_08_48.gpx","松山市","松山市",stable_interior,location_strong_match,same_municipality,4419.226,true,true,medium,"top_1_but_ambiguous;top_candidate_for_multiple_mountains;priority_reduced_strong_match_mutual_top1","mountain=横山(横山城址)(#104); candidate=summit-candidate:43911aa413390192; track=""横山(横山城址)""; score=0.75; name_tier=strong; ele_diff=3.97m; loc=strong_overlap; act_conf=high"
105,"鞍瀬ノ頭",7,summit-candidate:846b096132c533d6,0.6800,medium,"石鎚山・西ノ冠岳・面河の頭・二ノ森・鞍瀬ノ頭","yamap_2022-07-02_07_43.gpx","","久万高原町",boundary_ambiguous,location_uncertain_keep,candidate_boundary_ambiguous,5.431,false,false,high,"top_1_but_ambiguous;top_candidate_for_multiple_mountains","mountain=鞍瀬ノ頭(#105); candidate=summit-candidate:846b096132c533d6; track=""石鎚山・西ノ冠岳・面河の頭・二ノ森・鞍瀬ノ頭""; score=0.68; name_tier=strong; ele_diff=9.1m; loc=mismatch_warning; act_conf=high"
106,"二ノ森",3,summit-candidate:bca203164e26ce6a,0.6800,medium,"石鎚山・西ノ冠岳・面河の頭・二ノ森・鞍瀬ノ頭","yamap_2022-07-02_07_43.gpx","","久万高原町",boundary_ambiguous,location_uncertain_keep,candidate_boundary_ambiguous,3.53,false,false,medium,"top_3_with_evidence","mountain=二ノ森(#106); candidate=summit-candidate:bca203164e26ce6a; track=""石鎚山・西ノ冠岳・面河の頭・二ノ森・鞍瀬ノ頭""; score=0.68; name_tier=strong; ele_diff=5.51m; loc=mismatch_warning; act_conf=high"
107,"面河の頭",12,summit-candidate:846b096132c533d6,0.6200,medium,"石鎚山・西ノ冠岳・面河の頭・二ノ森・鞍瀬ノ頭","yamap_2022-07-02_07_43.gpx","","久万高原町",boundary_ambiguous,location_uncertain_keep,candidate_boundary_ambiguous,5.431,false,false,high,"top_1_but_ambiguous;top_candidate_for_multiple_mountains","mountain=面河の頭(#107); candidate=summit-candidate:846b096132c533d6; track=""石鎚山・西ノ冠岳・面河の頭・二ノ森・鞍瀬ノ頭""; score=0.62; name_tier=strong; ele_diff=13.9m; loc=mismatch_warning; act_conf=high"
108,"西ノ冠岳",8,summit-candidate:846b096132c533d6,0.6200,medium,"石鎚山・西ノ冠岳・面河の頭・二ノ森・鞍瀬ノ頭","yamap_2022-07-02_07_43.gpx","","久万高原町",boundary_ambiguous,location_uncertain_keep,candidate_boundary_ambiguous,5.431,false,false,high,"top_1_but_ambiguous;top_candidate_for_multiple_mountains","mountain=西ノ冠岳(#108); candidate=summit-candidate:846b096132c533d6; track=""石鎚山・西ノ冠岳・面河の頭・二ノ森・鞍瀬ノ頭""; score=0.62; name_tier=strong; ele_diff=10.1m; loc=mismatch_warning; act_conf=high"
109,"西黒森",9,summit-candidate:db28fcca36deb720,0.6100,low,"男山・瓶ヶ森・西黒森","yamap_2022-07-10_07_25.gpx","西条市","西条市",near_boundary,location_strong_match,same_municipality,42.659,false,false,high,"top_1_but_ambiguous","mountain=西黒森(#109); candidate=summit-candidate:db28fcca36deb720; track=""男山・瓶ヶ森・西黒森""; score=0.51; name_tier=strong; ele_diff=31.66m; loc=strong_overlap; act_conf=none"
110,"小富士",26,summit-candidate:75832271d4e4d0ba,0.6800,medium,"小富士","yamap_2022-07-14_09_57.gpx","松山市","",near_boundary,missing_location_evidence,missing_mountain_municipality,575.357,false,false,high,"top_1_but_ambiguous;top_candidate_for_multiple_mountains","mountain=小富士(#110); candidate=summit-candidate:75832271d4e4d0ba; track=""小富士""; score=0.68; name_tier=strong; ele_diff=0.5m; loc=mismatch_warning; act_conf=high"
111,"龍石山",9,summit-candidate:75832271d4e4d0ba,0.5000,low,"小富士","yamap_2022-07-14_09_57.gpx","松山市","",near_boundary,missing_location_evidence,missing_mountain_municipality,575.357,false,false,high,"top_1_but_ambiguous;top_candidate_for_multiple_mountains","mountain=龍石山(#111); candidate=summit-candidate:75832271d4e4d0ba; track=""小富士""; score=0.5; name_tier=strong; ele_diff=249.5m; loc=mismatch_warning; act_conf=high"
112,"子持山",27,summit-candidate:93b30125fa1dcd57,0.5000,low,"子持山（頂上にたどり着けず）","yamap_2022-07-21_10_02.gpx","松山市","",near_boundary,missing_location_evidence,missing_mountain_municipality,194.057,false,false,high,"top_1_but_ambiguous","mountain=子持山(#112); candidate=summit-candidate:93b30125fa1dcd57; track=""子持山（頂上にたどり着けず）""; score=0.5; name_tier=strong; ele_diff=60.61m; loc=mismatch_warning; act_conf=high"
113,"大峰ヶ台",23,summit-candidate:8de328f982753d58,0.7900,medium,"大峰ヶ台","yamap_2022-08-21_15_44.gpx","松山市","松山市",stable_interior,location_strong_match,same_municipality,3060.367,true,true,medium,"top_1_but_ambiguous;priority_reduced_strong_match_mutual_top1","mountain=大峰ヶ台(#113); candidate=summit-candidate:8de328f982753d58; track=""大峰ヶ台""; score=0.69; name_tier=strong; ele_diff=23.09m; loc=strong_overlap; act_conf=high"
114,"世田山",26,summit-candidate:8f25ad4ff380df77,0.8500,medium,"世田山・笠松山東峰・笠松山","yamap_2026-03-06_09_00.gpx","今治市","今治市",stable_cardinal_1km_same,location_strong_match,same_municipality,878.536,true,false,medium,"top_1_but_ambiguous;top_candidate_for_multiple_mountains;priority_reduced_strong_match_mutual_top1","mountain=世田山(#114); candidate=summit-candidate:8f25ad4ff380df77; track=""世田山・笠松山東峰・笠松山""; score=0.75; name_tier=strong; ele_diff=7.89m; loc=strong_overlap; act_conf=high"
115,"笠松山",30,summit-candidate:9d5a3bd31bedfeda,0.8500,medium,"世田山・笠松山","yamap_2022-08-26_08_45.gpx","今治市","今治市",near_boundary,location_strong_match,same_municipality,231.977,false,false,medium,"top_1_but_ambiguous;top_candidate_for_multiple_mountains;priority_reduced_strong_match_mutual_top1","mountain=笠松山(#115); candidate=summit-candidate:9d5a3bd31bedfeda; track=""世田山・笠松山""; score=0.75; name_tier=strong; ele_diff=0.33m; loc=strong_overlap; act_conf=high"
116,"北三方ヶ森",15,summit-candidate:80368eea9aabeb96,0.6200,medium,"北三方ヶ森","yamap_2022-08-27_06_05.gpx","","松山市",boundary_ambiguous,location_uncertain_keep,candidate_boundary_ambiguous,7.646,false,false,high,"top_1_but_ambiguous","mountain=北三方ヶ森(#116); candidate=summit-candidate:80368eea9aabeb96; track=""北三方ヶ森""; score=0.62; name_tier=strong; ele_diff=13.18m; loc=mismatch_warning; act_conf=high"
117,"大友山",31,summit-candidate:2b56d4ad77a0c4b7,0.7500,medium,"大友山","yamap_2022-09-04_12_08.gpx","","松山市",boundary_ambiguous,location_uncertain_keep,candidate_boundary_ambiguous,10.453,false,false,high,"top_1_but_ambiguous","mountain=大友山(#117); candidate=summit-candidate:2b56d4ad77a0c4b7; track=""大友山""; score=0.75; name_tier=strong; ele_diff=2.95m; loc=strong_overlap; act_conf=high"
118,"湯築山",20,summit-candidate:452c10a1db199870,0.5000,low,"大久保山・八里ヶ峠・中坂山・天神山・室岡山・潮見山","yamap_2022-03-20_07_06.gpx","松山市","松山市",stable_interior,location_strong_match,same_municipality,3408.943,true,true,high,"top_1_but_ambiguous;top_candidate_for_multiple_mountains","mountain=湯築山(#118); candidate=summit-candidate:452c10a1db199870; track=""大久保山・八里ヶ峠・中坂山・天神山・室岡山・潮見山""; score=0.4; name_tier=none; ele_diff=5.83m; loc=strong_overlap; act_conf=high"
119,"寒風山",7,summit-candidate:23eea13de5db5c9f,0.6800,medium,"寒風山・笹ヶ峰・ちち山","yamap_2022-09-09_06_58.gpx","","西条市",boundary_ambiguous,location_uncertain_keep,candidate_boundary_ambiguous,8.406,false,false,high,"top_1_but_ambiguous","mountain=寒風山(#119); candidate=summit-candidate:23eea13de5db5c9f; track=""寒風山・笹ヶ峰・ちち山""; score=0.68; name_tier=strong; ele_diff=3.95m; loc=mismatch_warning; act_conf=high"
120,"ちち山",9,summit-candidate:453327d51d16e202,0.7500,medium,"丸山・ちち山・笹ヶ峰","yamap_2026-05-06_07_28.gpx","","西条市",boundary_ambiguous,location_uncertain_keep,candidate_boundary_ambiguous,1.939,false,false,medium,"top_3_with_evidence","mountain=ちち山(#120); candidate=summit-candidate:453327d51d16e202; track=""丸山・ちち山・笹ヶ峰""; score=0.75; name_tier=strong; ele_diff=4.03m; loc=strong_overlap; act_conf=high"
121,"笹ヶ峰",15,summit-candidate:453327d51d16e202,0.7500,medium,"丸山・ちち山・笹ヶ峰","yamap_2026-05-06_07_28.gpx","","西条市",boundary_ambiguous,location_uncertain_keep,candidate_boundary_ambiguous,1.939,false,false,medium,"top_3_with_evidence","mountain=笹ヶ峰(#121); candidate=summit-candidate:453327d51d16e202; track=""丸山・ちち山・笹ヶ峰""; score=0.75; name_tier=strong; ele_diff=9.03m; loc=strong_overlap; act_conf=high"
122,"松軒山",19,summit-candidate:51a919059b1a6dbb,0.4000,low,"由良山","yamap_2023-01-10_10_30.gpx","","愛南町",boundary_ambiguous,location_uncertain_keep,candidate_boundary_ambiguous,2.41,false,false,high,"top_1_but_ambiguous","mountain=松軒山(#122); candidate=summit-candidate:51a919059b1a6dbb; track=""由良山""; score=0.4; name_tier=none; ele_diff=4.63m; loc=strong_overlap; act_conf=high"
123,"三山",25,summit-candidate:35b464661fa62df9,0.6800,medium,"三山","yamap_2022-09-15_09_20.gpx","上島町","",near_boundary,missing_location_evidence,missing_mountain_municipality,629.958,false,false,high,"top_1_but_ambiguous;top_candidate_for_multiple_mountains","mountain=三山(#123); candidate=summit-candidate:35b464661fa62df9; track=""三山""; score=0.68; name_tier=strong; ele_diff=1.7m; loc=mismatch_warning; act_conf=high"
124,"伊勢山",17,summit-candidate:bd145a45a7d01b99,0.6800,medium,"伊勢山","yamap_2022-09-15_11_02.gpx","上島町","",near_boundary,missing_location_evidence,missing_mountain_municipality,68.525,false,false,high,"top_1_but_ambiguous","mountain=伊勢山(#124); candidate=summit-candidate:bd145a45a7d01b99; track=""伊勢山""; score=0.68; name_tier=strong; ele_diff=4.06m; loc=mismatch_warning; act_conf=high"
125,"久司山",23,summit-candidate:507809fc1a4b9e4e,0.6800,medium,"久司山","yamap_2022-09-15_11_50.gpx","上島町","",near_boundary,missing_location_evidence,missing_mountain_municipality,412.671,false,false,high,"top_1_but_ambiguous","mountain=久司山(#125); candidate=summit-candidate:507809fc1a4b9e4e; track=""久司山""; score=0.68; name_tier=strong; ele_diff=5.33m; loc=mismatch_warning; act_conf=high"
126,"石灰山",28,summit-candidate:35b464661fa62df9,0.5000,low,"三山","yamap_2022-09-15_09_20.gpx","上島町","",near_boundary,missing_location_evidence,missing_mountain_municipality,629.958,false,false,high,"top_1_but_ambiguous;top_candidate_for_multiple_mountains","mountain=石灰山(#126); candidate=summit-candidate:35b464661fa62df9; track=""三山""; score=0.5; name_tier=strong; ele_diff=107.3m; loc=mismatch_warning; act_conf=high"
127,"古法皇山",31,summit-candidate:4d0f5f75da9165b8,0.6800,medium,"石灰山・古法皇山","yamap_2022-09-15_12_35.gpx","上島町","",near_boundary,missing_location_evidence,missing_mountain_municipality,522.815,false,false,high,"top_1_but_ambiguous","mountain=古法皇山(#127); candidate=summit-candidate:4d0f5f75da9165b8; track=""石灰山・古法皇山""; score=0.68; name_tier=strong; ele_diff=9.25m; loc=mismatch_warning; act_conf=high"
128,"狩江権現山",29,summit-candidate:ef5127a689eaf48a,0.6700,medium,"極山","yamap_2022-09-20_14_24.gpx","西予市","西予市",stable_interior,location_strong_match,same_municipality,2682.745,true,true,high,"top_1_but_ambiguous;top_candidate_for_multiple_mountains","mountain=狩江権現山(#128); candidate=summit-candidate:ef5127a689eaf48a; track=""極山""; score=0.57; name_tier=strong; ele_diff=95.41m; loc=strong_overlap; act_conf=high"
129,"極山",13,summit-candidate:ef5127a689eaf48a,0.8500,medium,"極山","yamap_2022-09-20_14_24.gpx","西予市","西予市",stable_interior,location_strong_match,same_municipality,2682.745,true,true,medium,"top_1_but_ambiguous;top_candidate_for_multiple_mountains;priority_reduced_strong_match_mutual_top1","mountain=極山(#129); candidate=summit-candidate:ef5127a689eaf48a; track=""極山""; score=0.75; name_tier=strong; ele_diff=1.59m; loc=strong_overlap; act_conf=high"
130,"高文殊山",26,summit-candidate:3a1a951de82d4254,0.8500,medium,"高文殊山","yamap_2022-09-21_13_09.gpx","四国中央市","四国中央市",stable_interior,location_strong_match,same_municipality,2247.681,true,true,medium,"top_1_but_ambiguous;priority_reduced_strong_match_mutual_top1","mountain=高文殊山(#130); candidate=summit-candidate:3a1a951de82d4254; track=""高文殊山""; score=0.75; name_tier=strong; ele_diff=6.89m; loc=strong_overlap; act_conf=high"
131,"三本榎",28,summit-candidate:8251283605282249,0.6800,medium,"三本榎","yamap_2022-09-26_12_07.gpx","今治市","",near_boundary,missing_location_evidence,missing_mountain_municipality,417.556,false,false,high,"top_1_but_ambiguous","mountain=三本榎(#131); candidate=summit-candidate:8251283605282249; track=""三本榎""; score=0.68; name_tier=strong; ele_diff=9.53m; loc=mismatch_warning; act_conf=high"
132,"鏡山",23,summit-candidate:588c967023117267,0.6200,medium,"鏡山","yamap_2022-09-26_14_04.gpx","今治市","",near_boundary,missing_location_evidence,missing_mountain_municipality,504.31,false,false,high,"top_1_but_ambiguous;top_candidate_for_multiple_mountains","mountain=鏡山(#132); candidate=summit-candidate:588c967023117267; track=""鏡山""; score=0.62; name_tier=strong; ele_diff=10.52m; loc=mismatch_warning; act_conf=high"
133,"戸祇御前山",18,summit-candidate:7bda9ba8d2b47d6e,0.8500,medium,"戸祇御前山","yamap_2022-10-01_08_30.gpx","鬼北町","鬼北町",near_boundary,location_strong_match,same_municipality,254.765,false,false,medium,"top_1_but_ambiguous;priority_reduced_strong_match_mutual_top1","mountain=戸祇御前山(#133); candidate=summit-candidate:7bda9ba8d2b47d6e; track=""戸祇御前山""; score=0.75; name_tier=strong; ele_diff=1.35m; loc=strong_overlap; act_conf=high"
134,"雄甲山",25,summit-candidate:82d3009a6c1b2511,0.7900,medium,"雄甲山・雌甲山","yamap_2022-10-03_14_57.gpx","松山市","松山市",stable_interior,location_strong_match,same_municipality,2791.794,true,true,medium,"top_1_but_ambiguous;top_candidate_for_multiple_mountains;priority_reduced_strong_match_mutual_top1","mountain=雄甲山(#134); candidate=summit-candidate:82d3009a6c1b2511; track=""雄甲山・雌甲山""; score=0.69; name_tier=strong; ele_diff=20.04m; loc=strong_overlap; act_conf=high"
135,"雌甲山",19,summit-candidate:82d3009a6c1b2511,0.7900,medium,"雄甲山・雌甲山","yamap_2022-10-03_14_57.gpx","松山市","松山市",stable_interior,location_strong_match,same_municipality,2791.794,true,true,high,"top_1_but_ambiguous;top_candidate_for_multiple_mountains","mountain=雌甲山(#135); candidate=summit-candidate:82d3009a6c1b2511; track=""雄甲山・雌甲山""; score=0.69; name_tier=strong; ele_diff=29.96m; loc=strong_overlap; act_conf=high"
136,"泉ガ森",14,summit-candidate:ff0e7de3b62f5ed8,0.6800,medium,"泉ガ森","yamap_2022-10-04_12_47.gpx","","鬼北町",boundary_ambiguous,location_uncertain_keep,candidate_boundary_ambiguous,10.268,false,false,high,"top_1_but_ambiguous","mountain=泉ガ森(#136); candidate=summit-candidate:ff0e7de3b62f5ed8; track=""泉ガ森""; score=0.68; name_tier=strong; ele_diff=5.35m; loc=mismatch_warning; act_conf=high"
137,"東山",23,summit-candidate:5c9365b2a5a9c97f,0.6700,medium,"星岡山","yamap_2022-12-31_15_00.gpx","松山市","松山市",stable_interior,location_strong_match,same_municipality,2777.214,true,true,high,"top_1_but_ambiguous;top_candidate_for_multiple_mountains","mountain=東山(#137); candidate=summit-candidate:5c9365b2a5a9c97f; track=""星岡山""; score=0.57; name_tier=strong; ele_diff=1322.97m; loc=strong_overlap; act_conf=high"
138,"前赤石山",14,summit-candidate:2b7cce23b57844a5,0.6900,medium,"東山・西赤石山・物住頭・前赤石山・東赤石山・八巻山","yamap_2022-10-08_06_12.gpx","","新居浜市",boundary_ambiguous,location_uncertain_keep,candidate_boundary_ambiguous,4.478,false,false,high,"top_candidate_for_multiple_mountains","mountain=前赤石山(#138); candidate=summit-candidate:2b7cce23b57844a5; track=""東山・西赤石山・物住頭・前赤石山・東赤石山・八巻山""; score=0.69; name_tier=strong; ele_diff=22.13m; loc=strong_overlap; act_conf=high"
139,"黒崎山",15,summit-candidate:541ec86327b86307,0.5600,medium,"黒崎山","yamap_2022-10-11_15_15.gpx","松山市","",near_boundary,missing_location_evidence,missing_mountain_municipality,137.959,false,false,high,"top_1_but_ambiguous","mountain=黒崎山(#139); candidate=summit-candidate:541ec86327b86307; track=""黒崎山""; score=0.56; name_tier=strong; ele_diff=32.02m; loc=mismatch_warning; act_conf=high"
140,"高戸山",25,summit-candidate:aadeb26cf0359691,0.6800,medium,"高戸山","yamap_2022-10-14_12_05.gpx","松山市","",near_boundary,missing_location_evidence,missing_mountain_municipality,481.72,false,false,high,"top_1_but_ambiguous;top_candidate_for_multiple_mountains","mountain=高戸山(#140); candidate=summit-candidate:aadeb26cf0359691; track=""高戸山""; score=0.68; name_tier=strong; ele_diff=2.33m; loc=mismatch_warning; act_conf=high"
141,"犬吠山",26,summit-candidate:cc3fbb2358d0d4fc,0.6800,medium,"犬吠山","yamap_2022-10-14_13_01.gpx","松山市","",near_boundary,missing_location_evidence,missing_mountain_municipality,386.179,false,false,high,"top_1_but_ambiguous","mountain=犬吠山(#141); candidate=summit-candidate:cc3fbb2358d0d4fc; track=""犬吠山""; score=0.68; name_tier=strong; ele_diff=3.59m; loc=mismatch_warning; act_conf=high"
142,"泰の山",25,summit-candidate:aadeb26cf0359691,0.6800,medium,"高戸山","yamap_2022-10-14_12_05.gpx","松山市","",near_boundary,missing_location_evidence,missing_mountain_municipality,481.72,false,false,high,"top_1_but_ambiguous;top_candidate_for_multiple_mountains","mountain=泰の山(#142); candidate=summit-candidate:aadeb26cf0359691; track=""高戸山""; score=0.68; name_tier=strong; ele_diff=2.33m; loc=mismatch_warning; act_conf=high"
143,"中三方ヶ森",29,summit-candidate:17b2365d322cd022,0.7900,medium,"楢原山・古権現山・中三方ヶ森","yamap_2022-10-16_10_19.gpx","今治市","今治市",near_boundary,location_strong_match,same_municipality,26.822,false,false,medium,"top_1_but_ambiguous;priority_reduced_strong_match_mutual_top1","mountain=中三方ヶ森(#143); candidate=summit-candidate:17b2365d322cd022; track=""楢原山・古権現山・中三方ヶ森""; score=0.69; name_tier=strong; ele_diff=16.37m; loc=strong_overlap; act_conf=high"
144,"古権現山",31,summit-candidate:0c2609d9e7e31a00,0.8500,medium,"楢原山・古権現山・中三方ヶ森","yamap_2022-10-16_10_19.gpx","今治市","今治市",stable_interior,location_strong_match,same_municipality,1917.167,true,true,medium,"top_1_but_ambiguous;priority_reduced_strong_match_mutual_top1","mountain=古権現山(#144); candidate=summit-candidate:0c2609d9e7e31a00; track=""楢原山・古権現山・中三方ヶ森""; score=0.75; name_tier=strong; ele_diff=9.42m; loc=strong_overlap; act_conf=high"
145,"楢原山",17,summit-candidate:c7ac7ff98cacc074,0.8500,medium,"楢原山・古権現山・中三方ヶ森","yamap_2022-10-16_10_19.gpx","今治市","今治市",stable_interior,location_strong_match,same_municipality,2151.142,true,true,medium,"top_1_but_ambiguous;priority_reduced_strong_match_mutual_top1","mountain=楢原山(#145); candidate=summit-candidate:c7ac7ff98cacc074; track=""楢原山・古権現山・中三方ヶ森""; score=0.75; name_tier=strong; ele_diff=3.03m; loc=strong_overlap; act_conf=high"
146,"西港山",14,summit-candidate:bf2b3499e08da2df,0.8500,medium,"西港山・大丸山・港山","yamap_2022-10-19_16_00.gpx","松山市","松山市",near_boundary,location_strong_match,same_municipality,94.781,false,false,medium,"top_1_but_ambiguous;priority_reduced_strong_match_mutual_top1","mountain=西港山(#146); candidate=summit-candidate:bf2b3499e08da2df; track=""西港山・大丸山・港山""; score=0.75; name_tier=strong; ele_diff=4.12m; loc=strong_overlap; act_conf=high"
147,"大丸山",24,summit-candidate:a9a2a270fb6273fe,0.7900,medium,"西港山・大丸山・港山","yamap_2022-10-19_16_00.gpx","松山市","松山市",near_boundary,location_strong_match,same_municipality,191.101,false,false,high,"top_1_but_ambiguous","mountain=大丸山(#147); candidate=summit-candidate:a9a2a270fb6273fe; track=""西港山・大丸山・港山""; score=0.69; name_tier=strong; ele_diff=12.22m; loc=strong_overlap; act_conf=high"
148,"港山",13,summit-candidate:5f001ac124f82ef6,0.8500,medium,"西港山・大丸山・港山","yamap_2022-10-19_16_00.gpx","松山市","松山市",near_boundary,location_strong_match,same_municipality,107.054,false,false,medium,"top_1_but_ambiguous;top_candidate_for_multiple_mountains;priority_reduced_strong_match_mutual_top1","mountain=港山(#148); candidate=summit-candidate:5f001ac124f82ef6; track=""西港山・大丸山・港山""; score=0.75; name_tier=strong; ele_diff=0.92m; loc=strong_overlap; act_conf=high"
149,"すくも山",14,summit-candidate:f676e5a22f523492,0.6700,medium,"愛ノ山","yamap_2022-10-21_12_15.gpx","西条市","西条市",stable_interior,location_strong_match,same_municipality,6214.891,true,true,high,"top_1_but_ambiguous;top_candidate_for_multiple_mountains","mountain=すくも山(#149); candidate=summit-candidate:f676e5a22f523492; track=""愛ノ山""; score=0.57; name_tier=strong; ele_diff=170.39m; loc=strong_overlap; act_conf=high"
150,"愛ノ山",21,summit-candidate:f676e5a22f523492,0.7900,medium,"愛ノ山","yamap_2022-10-21_12_15.gpx","西条市","西条市",stable_interior,location_strong_match,same_municipality,6214.891,true,true,medium,"top_1_but_ambiguous;top_candidate_for_multiple_mountains;priority_reduced_strong_match_mutual_top1","mountain=愛ノ山(#150); candidate=summit-candidate:f676e5a22f523492; track=""愛ノ山""; score=0.69; name_tier=strong; ele_diff=13.39m; loc=strong_overlap; act_conf=high"
151,"冨士山",22,summit-candidate:9d447faef6efe2ab,0.7900,medium,"冨士山","yamap_2022-10-27_13_37.gpx","大洲市","大洲市",stable_interior,location_strong_match,same_municipality,6269.082,true,true,medium,"top_1_but_ambiguous;priority_reduced_strong_match_mutual_top1","mountain=冨士山(#151); candidate=summit-candidate:9d447faef6efe2ab; track=""冨士山""; score=0.69; name_tier=strong; ele_diff=15.75m; loc=strong_overlap; act_conf=high"
152,"割石峠山",22,summit-candidate:45f2c6fc88212acd,0.6900,medium,"割石峠山・石墨山・法師山・白猪山・根無山・樽谷山・梅ヶ谷山","yamap_2022-10-28_06_21.gpx","","東温市",boundary_ambiguous,location_uncertain_keep,candidate_boundary_ambiguous,0.672,false,false,high,"top_1_but_ambiguous","mountain=割石峠山(#152); candidate=summit-candidate:45f2c6fc88212acd; track=""割石峠山・石墨山・法師山・白猪山・根無山・樽谷山・梅ヶ谷山""; score=0.69; name_tier=strong; ele_diff=22.54m; loc=strong_overlap; act_conf=high"
153,"石墨山",21,summit-candidate:9f01494435790d72,0.5700,medium,"割石峠山・石墨山・法師山・白猪山・根無山・樽谷山・梅ヶ谷山","yamap_2022-10-28_06_21.gpx","久万高原町","東温市",stable_cardinal_1km_same,adjacent_but_deep_inside,adjacent_municipality,745.846,true,false,low,"adjacent_but_deep_inside","mountain=石墨山(#153); candidate=summit-candidate:9f01494435790d72; track=""割石峠山・石墨山・法師山・白猪山・根無山・樽谷山・梅ヶ谷山""; score=0.62; name_tier=strong; ele_diff=18.17m; loc=mismatch_warning; act_conf=high"
154,"法師山",14,summit-candidate:25e47e34740282d2,0.7500,medium,"割石峠山・石墨山・法師山・白猪山・根無山・樽谷山・梅ヶ谷山","yamap_2022-10-28_06_21.gpx","","東温市",boundary_ambiguous,location_uncertain_keep,candidate_boundary_ambiguous,10.756,false,false,high,"top_1_but_ambiguous;top_candidate_for_multiple_mountains","mountain=法師山(#154); candidate=summit-candidate:25e47e34740282d2; track=""割石峠山・石墨山・法師山・白猪山・根無山・樽谷山・梅ヶ谷山""; score=0.75; name_tier=strong; ele_diff=3.35m; loc=strong_overlap; act_conf=high"
155,"白猪山",24,summit-candidate:5cb1fa3d9dcf60f5,0.6300,medium,"割石峠山・石墨山・法師山・白猪山・根無山・樽谷山・梅ヶ谷山","yamap_2022-10-28_06_21.gpx","","東温市",boundary_ambiguous,location_uncertain_keep,candidate_boundary_ambiguous,10.256,false,false,medium,"top_3_with_evidence","mountain=白猪山(#155); candidate=summit-candidate:5cb1fa3d9dcf60f5; track=""割石峠山・石墨山・法師山・白猪山・根無山・樽谷山・梅ヶ谷山""; score=0.63; name_tier=strong; ele_diff=35.1m; loc=strong_overlap; act_conf=high"
156,"梅ヶ谷山",16,summit-candidate:25e47e34740282d2,0.7500,medium,"割石峠山・石墨山・法師山・白猪山・根無山・樽谷山・梅ヶ谷山","yamap_2022-10-28_06_21.gpx","","東温市",boundary_ambiguous,location_uncertain_keep,candidate_boundary_ambiguous,10.756,false,false,high,"top_1_but_ambiguous;top_candidate_for_multiple_mountains","mountain=梅ヶ谷山(#156); candidate=summit-candidate:25e47e34740282d2; track=""割石峠山・石墨山・法師山・白猪山・根無山・樽谷山・梅ヶ谷山""; score=0.75; name_tier=strong; ele_diff=2.65m; loc=strong_overlap; act_conf=high"
157,"樽谷山",23,summit-candidate:16e9de2bedeb2d1c,0.7500,medium,"割石峠山・石墨山・法師山・白猪山・根無山・樽谷山・梅ヶ谷山","yamap_2022-10-28_06_21.gpx","","東温市",boundary_ambiguous,location_uncertain_keep,candidate_boundary_ambiguous,3.279,false,false,high,"top_1_but_ambiguous","mountain=樽谷山(#157); candidate=summit-candidate:16e9de2bedeb2d1c; track=""割石峠山・石墨山・法師山・白猪山・根無山・樽谷山・梅ヶ谷山""; score=0.75; name_tier=strong; ele_diff=2.6m; loc=strong_overlap; act_conf=high"
158,"根無山",27,summit-candidate:5cb1fa3d9dcf60f5,0.7500,medium,"割石峠山・石墨山・法師山・白猪山・根無山・樽谷山・梅ヶ谷山","yamap_2022-10-28_06_21.gpx","","東温市",boundary_ambiguous,location_uncertain_keep,candidate_boundary_ambiguous,10.256,false,false,high,"top_1_but_ambiguous","mountain=根無山(#158); candidate=summit-candidate:5cb1fa3d9dcf60f5; track=""割石峠山・石墨山・法師山・白猪山・根無山・樽谷山・梅ヶ谷山""; score=0.75; name_tier=strong; ele_diff=3.9m; loc=strong_overlap; act_conf=high"
159,"権現山",40,summit-candidate:cf97b8470d2ed1d7,0.7500,medium,"権現山・黒岳・エビラ山・二ッ岳","yamap_2022-11-05_04_38.gpx","","新居浜市",boundary_ambiguous,location_uncertain_keep,candidate_boundary_ambiguous,1.902,false,false,high,"top_1_but_ambiguous","mountain=権現山(#159); candidate=summit-candidate:cf97b8470d2ed1d7; track=""権現山・黒岳・エビラ山・二ッ岳""; score=0.75; name_tier=strong; ele_diff=9.75m; loc=strong_overlap; act_conf=high"
160,"黒岳",14,summit-candidate:ffa6a88e4e680fd5,0.7500,medium,"権現山・黒岳・エビラ山・二ッ岳","yamap_2022-11-05_04_38.gpx","","新居浜市",boundary_ambiguous,location_uncertain_keep,candidate_boundary_ambiguous,3.496,false,false,high,"top_1_but_ambiguous","mountain=黒岳(#160); candidate=summit-candidate:ffa6a88e4e680fd5; track=""権現山・黒岳・エビラ山・二ッ岳""; score=0.75; name_tier=strong; ele_diff=9m; loc=strong_overlap; act_conf=high"
161,"エビラ山",14,summit-candidate:09547fd48f24d064,0.8500,medium,"権現山・黒岳・エビラ山・二ッ岳","yamap_2022-11-05_04_38.gpx","新居浜市","新居浜市",near_boundary,location_strong_match,same_municipality,82.993,false,false,medium,"top_1_but_ambiguous;top_candidate_for_multiple_mountains;priority_reduced_strong_match_mutual_top1","mountain=エビラ山(#161); candidate=summit-candidate:09547fd48f24d064; track=""権現山・黒岳・エビラ山・二ッ岳""; score=0.75; name_tier=strong; ele_diff=0.67m; loc=strong_overlap; act_conf=high"
162,"二ッ岳",15,summit-candidate:09547fd48f24d064,0.7900,medium,"権現山・黒岳・エビラ山・二ッ岳","yamap_2022-11-05_04_38.gpx","新居浜市","新居浜市",near_boundary,location_strong_match,same_municipality,82.993,false,false,high,"top_1_but_ambiguous;top_candidate_for_multiple_mountains","mountain=二ッ岳(#162); candidate=summit-candidate:09547fd48f24d064; track=""権現山・黒岳・エビラ山・二ッ岳""; score=0.69; name_tier=strong; ele_diff=25.33m; loc=strong_overlap; act_conf=high"
163,"鹿島山",25,summit-candidate:e4fbd033b13d73ce,0.7900,medium,"鹿島山","yamap_2022-11-07_12_37.gpx","松山市","松山市",near_boundary,location_strong_match,same_municipality,156.326,false,false,medium,"top_1_but_ambiguous;priority_reduced_strong_match_mutual_top1","mountain=鹿島山(#163); candidate=summit-candidate:e4fbd033b13d73ce; track=""鹿島山""; score=0.69; name_tier=strong; ele_diff=14.81m; loc=strong_overlap; act_conf=high"
164,"出石山",15,summit-candidate:615a70cf4401199b,0.6900,medium,"出石山","yamap_2022-11-14_13_02.gpx","","大洲市",boundary_ambiguous,location_uncertain_keep,candidate_boundary_ambiguous,11.151,false,false,high,"top_1_but_ambiguous","mountain=出石山(#164); candidate=summit-candidate:615a70cf4401199b; track=""出石山""; score=0.69; name_tier=strong; ele_diff=10.64m; loc=strong_overlap; act_conf=high"
165,"綱繰山",17,summit-candidate:53d0e375c60814f6,0.8500,medium,"銅山峰・西山・綱繰山・獅子舞の鼻・冠山・平家平","yamap_2022-11-26_04_41.gpx","新居浜市","新居浜市",stable_interior,location_strong_match,same_municipality,3682.843,true,true,medium,"top_1_but_ambiguous;top_candidate_for_multiple_mountains;priority_reduced_strong_match_mutual_top1","mountain=綱繰山(#165); candidate=summit-candidate:53d0e375c60814f6; track=""銅山峰・西山・綱繰山・獅子舞の鼻・冠山・平家平""; score=0.75; name_tier=strong; ele_diff=8.01m; loc=strong_overlap; act_conf=high"
166,"獅子舞の鼻",13,summit-candidate:53d0e375c60814f6,0.7900,medium,"銅山峰・西山・綱繰山・獅子舞の鼻・冠山・平家平","yamap_2022-11-26_04_41.gpx","新居浜市","新居浜市",stable_interior,location_strong_match,same_municipality,3682.843,true,true,high,"top_1_but_ambiguous;top_candidate_for_multiple_mountains","mountain=獅子舞の鼻(#166); candidate=summit-candidate:53d0e375c60814f6; track=""銅山峰・西山・綱繰山・獅子舞の鼻・冠山・平家平""; score=0.69; name_tier=strong; ele_diff=24.01m; loc=strong_overlap; act_conf=high"
167,"冠山",14,summit-candidate:006436491de34784,0.8500,medium,"銅山峰・西山・綱繰山・獅子舞の鼻・冠山・平家平","yamap_2022-11-26_04_41.gpx","新居浜市","新居浜市",near_boundary,location_strong_match,same_municipality,12.494,false,false,medium,"top_1_but_ambiguous;top_candidate_for_multiple_mountains;priority_reduced_strong_match_mutual_top1","mountain=冠山(#167); candidate=summit-candidate:006436491de34784; track=""銅山峰・西山・綱繰山・獅子舞の鼻・冠山・平家平""; score=0.75; name_tier=strong; ele_diff=1.39m; loc=strong_overlap; act_conf=high"
168,"遠ヶ森",12,summit-candidate:02fa4cfab6fa90d3,0.7500,medium,"遠ヶ森","yamap_2022-12-12_08_41.gpx","","松山市",boundary_ambiguous,location_uncertain_keep,candidate_boundary_ambiguous,11.4,false,false,high,"top_1_but_ambiguous;top_candidate_for_multiple_mountains","mountain=遠ヶ森(#168); candidate=summit-candidate:02fa4cfab6fa90d3; track=""遠ヶ森""; score=0.75; name_tier=strong; ele_diff=3.47m; loc=strong_overlap; act_conf=high"
169,"扇山",21,summit-candidate:9acc21860aa8a208,0.8500,medium,"扇山","yamap_2022-12-12_10_30.gpx","砥部町","砥部町",stable_interior,location_strong_match,same_municipality,1282.946,true,true,medium,"top_1_but_ambiguous;priority_reduced_strong_match_mutual_top1","mountain=扇山(#169); candidate=summit-candidate:9acc21860aa8a208; track=""扇山""; score=0.75; name_tier=strong; ele_diff=7m; loc=strong_overlap; act_conf=high"
170,"高山",27,summit-candidate:101c1b0635c0bec0,0.8500,medium,"高山","yamap_2022-12-25_10_09.gpx","今治市","今治市",near_boundary,location_strong_match,same_municipality,263.16,false,false,medium,"top_1_but_ambiguous;top_candidate_for_multiple_mountains;priority_reduced_strong_match_mutual_top1","mountain=高山(#170); candidate=summit-candidate:101c1b0635c0bec0; track=""高山""; score=0.75; name_tier=strong; ele_diff=3.33m; loc=strong_overlap; act_conf=high"
171,"塔ノ峰",22,summit-candidate:101c1b0635c0bec0,0.7900,medium,"高山","yamap_2022-12-25_10_09.gpx","今治市","今治市",near_boundary,location_strong_match,same_municipality,263.16,false,false,high,"top_1_but_ambiguous;top_candidate_for_multiple_mountains","mountain=塔ノ峰(#171); candidate=summit-candidate:101c1b0635c0bec0; track=""高山""; score=0.69; name_tier=strong; ele_diff=18.33m; loc=strong_overlap; act_conf=high"
172,"海山",19,summit-candidate:101c1b0635c0bec0,0.7900,medium,"高山","yamap_2022-12-25_10_09.gpx","今治市","今治市",near_boundary,location_strong_match,same_municipality,263.16,false,false,high,"top_1_but_ambiguous;top_candidate_for_multiple_mountains","mountain=海山(#172); candidate=summit-candidate:101c1b0635c0bec0; track=""高山""; score=0.69; name_tier=strong; ele_diff=23.33m; loc=strong_overlap; act_conf=high"
173,"近見山",26,summit-candidate:d5b708b4d3aa86a0,0.8500,medium,"近見山","yamap_2022-12-25_11_41.gpx","今治市","今治市",stable_interior,location_strong_match,same_municipality,1824.483,true,true,medium,"top_1_but_ambiguous;priority_reduced_strong_match_mutual_top1","mountain=近見山(#173); candidate=summit-candidate:d5b708b4d3aa86a0; track=""近見山""; score=0.75; name_tier=strong; ele_diff=4.14m; loc=strong_overlap; act_conf=high"
174,"唐子山",26,summit-candidate:71f4bbfe52f75585,0.8500,medium,"唐子山","yamap_2022-12-25_12_44.gpx","今治市","今治市",near_boundary,location_strong_match,same_municipality,705.102,false,false,medium,"top_1_but_ambiguous;priority_reduced_strong_match_mutual_top1","mountain=唐子山(#174); candidate=summit-candidate:71f4bbfe52f75585; track=""唐子山""; score=0.75; name_tier=strong; ele_diff=3.92m; loc=strong_overlap; act_conf=high"
175,"医王山",24,summit-candidate:1ed32ce6414c2781,0.7500,medium,"医王山","yamap_2022-12-25_13_36.gpx","","西条市",boundary_ambiguous,location_uncertain_keep,candidate_boundary_ambiguous,3.859,false,false,high,"top_1_but_ambiguous;top_candidate_for_multiple_mountains","mountain=医王山(#175); candidate=summit-candidate:1ed32ce6414c2781; track=""医王山""; score=0.75; name_tier=strong; ele_diff=1.62m; loc=strong_overlap; act_conf=high"
176,"永納山(永納山城址)",28,summit-candidate:101c1b0635c0bec0,0.7300,medium,"高山","yamap_2022-12-25_10_09.gpx","今治市","西条市",near_boundary,boundary_plausible,adjacent_municipality,263.16,false,false,high,"top_1_but_ambiguous;top_candidate_for_multiple_mountains","mountain=永納山(永納山城址)(#176); candidate=summit-candidate:101c1b0635c0bec0; track=""高山""; score=0.68; name_tier=strong; ele_diff=0.33m; loc=mismatch_warning; act_conf=high"
177,"佐々久山",18,summit-candidate:1ed32ce6414c2781,0.6300,medium,"医王山","yamap_2022-12-25_13_36.gpx","","西条市",boundary_ambiguous,location_uncertain_keep,candidate_boundary_ambiguous,3.859,false,false,high,"top_1_but_ambiguous;top_candidate_for_multiple_mountains","mountain=佐々久山(#177); candidate=summit-candidate:1ed32ce6414c2781; track=""医王山""; score=0.63; name_tier=strong; ele_diff=42.38m; loc=strong_overlap; act_conf=high"
178,"土亀山",14,summit-candidate:5c9365b2a5a9c97f,0.7900,medium,"星岡山","yamap_2022-12-31_15_00.gpx","松山市","松山市",stable_interior,location_strong_match,same_municipality,2777.214,true,true,high,"top_1_but_ambiguous;top_candidate_for_multiple_mountains","mountain=土亀山(#178); candidate=summit-candidate:5c9365b2a5a9c97f; track=""星岡山""; score=0.69; name_tier=strong; ele_diff=19.03m; loc=strong_overlap; act_conf=high"
179,"天山",19,summit-candidate:5c9365b2a5a9c97f,0.7900,medium,"星岡山","yamap_2022-12-31_15_00.gpx","松山市","松山市",stable_interior,location_strong_match,same_municipality,2777.214,true,true,high,"top_1_but_ambiguous;top_candidate_for_multiple_mountains","mountain=天山(#179); candidate=summit-candidate:5c9365b2a5a9c97f; track=""星岡山""; score=0.69; name_tier=strong; ele_diff=18.03m; loc=strong_overlap; act_conf=high"
180,"東山",23,summit-candidate:2b7cce23b57844a5,0.5700,medium,"東山・西赤石山・物住頭・前赤石山・東赤石山・八巻山","yamap_2022-10-08_06_12.gpx","","新居浜市",boundary_ambiguous,location_uncertain_keep,candidate_boundary_ambiguous,4.478,false,false,high,"top_candidate_for_multiple_mountains","mountain=東山(#180); candidate=summit-candidate:2b7cce23b57844a5; track=""東山・西赤石山・物住頭・前赤石山・東赤石山・八巻山""; score=0.57; name_tier=strong; ele_diff=307.13m; loc=strong_overlap; act_conf=high"
181,"星岡山",21,summit-candidate:5c9365b2a5a9c97f,0.8500,medium,"星岡山","yamap_2022-12-31_15_00.gpx","松山市","松山市",stable_interior,location_strong_match,same_municipality,2777.214,true,true,medium,"top_1_but_ambiguous;top_candidate_for_multiple_mountains;priority_reduced_strong_match_mutual_top1","mountain=星岡山(#181); candidate=summit-candidate:5c9365b2a5a9c97f; track=""星岡山""; score=0.75; name_tier=strong; ele_diff=5.97m; loc=strong_overlap; act_conf=high"
182,"河原樋山",18,summit-candidate:b1d864fd1fcc9dcb,0.7500,medium,"福見山・河原樋山・真松嶺・柿王寺森","yamap_2023-01-03_07_36.gpx","","松山市",boundary_ambiguous,location_uncertain_keep,candidate_boundary_ambiguous,5.65,false,false,high,"top_1_but_ambiguous","mountain=河原樋山(#182); candidate=summit-candidate:b1d864fd1fcc9dcb; track=""福見山・河原樋山・真松嶺・柿王寺森""; score=0.75; name_tier=strong; ele_diff=3.52m; loc=strong_overlap; act_conf=high"
183,"真松嶺",13,summit-candidate:74dd1729abbd7bb5,0.8500,medium,"福見山・河原樋山・真松嶺・柿王寺森","yamap_2023-01-03_07_36.gpx","松山市","松山市",stable_interior,location_strong_match,same_municipality,1908.122,true,true,medium,"top_1_but_ambiguous;top_candidate_for_multiple_mountains;priority_reduced_strong_match_mutual_top1","mountain=真松嶺(#183); candidate=summit-candidate:74dd1729abbd7bb5; track=""福見山・河原樋山・真松嶺・柿王寺森""; score=0.75; name_tier=strong; ele_diff=9.03m; loc=strong_overlap; act_conf=high"
184,"柿王寺森",14,summit-candidate:74dd1729abbd7bb5,0.8500,medium,"福見山・河原樋山・真松嶺・柿王寺森","yamap_2023-01-03_07_36.gpx","松山市","松山市",stable_interior,location_strong_match,same_municipality,1908.122,true,true,high,"top_1_but_ambiguous;top_candidate_for_multiple_mountains","mountain=柿王寺森(#184); candidate=summit-candidate:74dd1729abbd7bb5; track=""福見山・河原樋山・真松嶺・柿王寺森""; score=0.75; name_tier=strong; ele_diff=6.03m; loc=strong_overlap; act_conf=high"
185,"岩子山",28,summit-candidate:45f49d8fd831427c,0.8500,medium,"岩子山・垣生山・津田山・弁天山","yamap_2023-01-06_11_33.gpx","松山市","松山市",stable_interior,location_strong_match,same_municipality,1321.517,true,true,medium,"top_1_but_ambiguous;top_candidate_for_multiple_mountains;priority_reduced_strong_match_mutual_top1","mountain=岩子山(#185); candidate=summit-candidate:45f49d8fd831427c; track=""岩子山・垣生山・津田山・弁天山""; score=0.75; name_tier=strong; ele_diff=0.22m; loc=strong_overlap; act_conf=high"
186,"垣生山",31,summit-candidate:45f49d8fd831427c,0.8500,medium,"岩子山・垣生山・津田山・弁天山","yamap_2023-01-06_11_33.gpx","松山市","松山市",stable_interior,location_strong_match,same_municipality,1321.517,true,true,high,"top_1_but_ambiguous;top_candidate_for_multiple_mountains","mountain=垣生山(#186); candidate=summit-candidate:45f49d8fd831427c; track=""岩子山・垣生山・津田山・弁天山""; score=0.75; name_tier=strong; ele_diff=7.22m; loc=strong_overlap; act_conf=high"
187,"津田山",26,summit-candidate:45f49d8fd831427c,0.8500,medium,"岩子山・垣生山・津田山・弁天山","yamap_2023-01-06_11_33.gpx","松山市","松山市",stable_interior,location_strong_match,same_municipality,1321.517,true,true,high,"top_1_but_ambiguous;top_candidate_for_multiple_mountains","mountain=津田山(#187); candidate=summit-candidate:45f49d8fd831427c; track=""岩子山・垣生山・津田山・弁天山""; score=0.75; name_tier=strong; ele_diff=0.78m; loc=strong_overlap; act_conf=high"
188,"弁天山",28,summit-candidate:8178723bbadb1c72,0.8500,medium,"岩子山・垣生山・津田山・弁天山","yamap_2023-01-06_11_33.gpx","松山市","松山市",stable_interior,location_strong_match,same_municipality,1174.769,true,true,high,"top_1_but_ambiguous","mountain=弁天山(#188); candidate=summit-candidate:8178723bbadb1c72; track=""岩子山・垣生山・津田山・弁天山""; score=0.75; name_tier=strong; ele_diff=6.33m; loc=strong_overlap; act_conf=high"
189,"権現山",43,summit-candidate:32bb5e7e1071e808,0.8500,medium,"権現山","yamap_2023-01-08_09_18.gpx","愛南町","愛南町",stable_cardinal_1km_same,location_strong_match,same_municipality,817.859,true,false,medium,"top_1_but_ambiguous;priority_reduced_strong_match_mutual_top1","mountain=権現山(#189); candidate=summit-candidate:32bb5e7e1071e808; track=""権現山""; score=0.75; name_tier=strong; ele_diff=6.23m; loc=strong_overlap; act_conf=high"
190,"黒瀬山（黒瀬城址）",30,summit-candidate:8a7a47d167c1aba6,0.8500,medium,"黒瀬山(黒瀬城址)・岡山(岡山城址)・鉢ヶ森(鉢ヶ森城址)・護摩ヶ森(護摩ヶ森城址)・我合山(...","yamap_2023-01-08_14_24.gpx","西予市","西予市",stable_interior,location_strong_match,same_municipality,2057.587,true,true,medium,"top_1_but_ambiguous;top_candidate_for_multiple_mountains;priority_reduced_strong_match_mutual_top1","mountain=黒瀬山（黒瀬城址）(#190); candidate=summit-candidate:8a7a47d167c1aba6; track=""黒瀬山(黒瀬城址)・岡山(岡山城址)・鉢ヶ森(鉢ヶ森城址)・護摩ヶ森(護摩ヶ森城址)・我合山(...""; score=0.75; name_tier=strong; ele_diff=8.45m; loc=strong_overlap; act_conf=high"
191,"岡山（岡城址）",34,summit-candidate:8a7a47d167c1aba6,0.6150,low,"黒瀬山(黒瀬城址)・岡山(岡山城址)・鉢ヶ森(鉢ヶ森城址)・護摩ヶ森(護摩ヶ森城址)・我合山(...","yamap_2023-01-08_14_24.gpx","西予市","西予市",stable_interior,location_strong_match,same_municipality,2057.587,true,true,high,"top_1_but_ambiguous;top_candidate_for_multiple_mountains","mountain=岡山（岡城址）(#191); candidate=summit-candidate:8a7a47d167c1aba6; track=""黒瀬山(黒瀬城址)・岡山(岡山城址)・鉢ヶ森(鉢ヶ森城址)・護摩ヶ森(護摩ヶ森城址)・我合山(...""; score=0.515; name_tier=weak; ele_diff=10.55m; loc=strong_overlap; act_conf=high"
192,"鉢ヶ森（鉢ヶ森城址）",27,summit-candidate:a660f8ef78c69ab0,0.8500,medium,"黒瀬山(黒瀬城址)・岡山(岡山城址)・鉢ヶ森(鉢ヶ森城址)・護摩ヶ森(護摩ヶ森城址)・我合山(...","yamap_2023-01-08_14_24.gpx","西予市","西予市",stable_interior,location_strong_match,same_municipality,2268.658,true,true,medium,"top_1_but_ambiguous;priority_reduced_strong_match_mutual_top1","mountain=鉢ヶ森（鉢ヶ森城址）(#192); candidate=summit-candidate:a660f8ef78c69ab0; track=""黒瀬山(黒瀬城址)・岡山(岡山城址)・鉢ヶ森(鉢ヶ森城址)・護摩ヶ森(護摩ヶ森城址)・我合山(...""; score=0.75; name_tier=strong; ele_diff=1.79m; loc=strong_overlap; act_conf=high"
193,"護摩ヶ森（護摩ヶ森城址）",39,summit-candidate:a5f51c62e44d0847,0.8500,medium,"黒瀬山(黒瀬城址)・岡山(岡山城址)・鉢ヶ森(鉢ヶ森城址)・護摩ヶ森(護摩ヶ森城址)・我合山(...","yamap_2023-01-08_14_24.gpx","西予市","西予市",stable_interior,location_strong_match,same_municipality,2060.232,true,true,medium,"top_1_but_ambiguous;priority_reduced_strong_match_mutual_top1","mountain=護摩ヶ森（護摩ヶ森城址）(#193); candidate=summit-candidate:a5f51c62e44d0847; track=""黒瀬山(黒瀬城址)・岡山(岡山城址)・鉢ヶ森(鉢ヶ森城址)・護摩ヶ森(護摩ヶ森城址)・我合山(...""; score=0.75; name_tier=strong; ele_diff=0.6m; loc=strong_overlap; act_conf=high"
194,"我合山（我合城址）",31,summit-candidate:8a7a47d167c1aba6,0.6750,low,"黒瀬山(黒瀬城址)・岡山(岡山城址)・鉢ヶ森(鉢ヶ森城址)・護摩ヶ森(護摩ヶ森城址)・我合山(...","yamap_2023-01-08_14_24.gpx","西予市","西予市",stable_interior,location_strong_match,same_municipality,2057.587,true,true,high,"top_1_but_ambiguous;top_candidate_for_multiple_mountains","mountain=我合山（我合城址）(#194); candidate=summit-candidate:8a7a47d167c1aba6; track=""黒瀬山(黒瀬城址)・岡山(岡山城址)・鉢ヶ森(鉢ヶ森城址)・護摩ヶ森(護摩ヶ森城址)・我合山(...""; score=0.575; name_tier=weak; ele_diff=0.55m; loc=strong_overlap; act_conf=high"
195,"由良山",24,summit-candidate:8f19c4c16e72e270,0.7500,medium,"由良山","yamap_2023-01-10_10_30.gpx","","宇和島市",boundary_ambiguous,location_uncertain_keep,candidate_boundary_ambiguous,13.405,false,false,high,"top_1_but_ambiguous","mountain=由良山(#195); candidate=summit-candidate:8f19c4c16e72e270; track=""由良山""; score=0.75; name_tier=strong; ele_diff=5.6m; loc=strong_overlap; act_conf=high"
196,"大森山",35,summit-candidate:47129c06b82cf694,0.8500,medium,"石神山・金比羅山","yamap_2023-01-21_12_43.gpx","伊方町","伊方町",near_boundary,location_strong_match,same_municipality,709.035,false,false,medium,"top_1_but_ambiguous;top_candidate_for_multiple_mountains;priority_reduced_strong_match_mutual_top1","mountain=大森山(#196); candidate=summit-candidate:47129c06b82cf694; track=""石神山・金比羅山""; score=0.75; name_tier=strong; ele_diff=4.11m; loc=strong_overlap; act_conf=high"
197,"見晴山",35,summit-candidate:47129c06b82cf694,0.6700,medium,"石神山・金比羅山","yamap_2023-01-21_12_43.gpx","伊方町","伊方町",near_boundary,location_strong_match,same_municipality,709.035,false,false,high,"top_1_but_ambiguous;top_candidate_for_multiple_mountains","mountain=見晴山(#197); candidate=summit-candidate:47129c06b82cf694; track=""石神山・金比羅山""; score=0.57; name_tier=strong; ele_diff=99.89m; loc=strong_overlap; act_conf=high"
198,"権現山",62,summit-candidate:047b9599ec28c6ad,0.6800,medium,"権現山","yamap_2023-01-08_09_18.gpx","愛南町","伊方町",near_boundary,location_uncertain_keep,non_adjacent_municipality,735.811,false,false,high,"top_1_but_ambiguous","mountain=権現山(#198); candidate=summit-candidate:047b9599ec28c6ad; track=""権現山""; score=0.68; name_tier=strong; ele_diff=6.06m; loc=mismatch_warning; act_conf=high"
199,"遠見山",33,summit-candidate:47129c06b82cf694,0.6700,medium,"石神山・金比羅山","yamap_2023-01-21_12_43.gpx","伊方町","伊方町",near_boundary,location_strong_match,same_municipality,709.035,false,false,high,"top_1_but_ambiguous;top_candidate_for_multiple_mountains","mountain=遠見山(#199); candidate=summit-candidate:47129c06b82cf694; track=""石神山・金比羅山""; score=0.57; name_tier=strong; ele_diff=165.11m; loc=strong_overlap; act_conf=high"
200,"石神山",27,summit-candidate:47129c06b82cf694,0.8500,medium,"石神山・金比羅山","yamap_2023-01-21_12_43.gpx","伊方町","伊方町",near_boundary,location_strong_match,same_municipality,709.035,false,false,high,"top_1_but_ambiguous;top_candidate_for_multiple_mountains","mountain=石神山(#200); candidate=summit-candidate:47129c06b82cf694; track=""石神山・金比羅山""; score=0.75; name_tier=strong; ele_diff=7.89m; loc=strong_overlap; act_conf=high"
201,"金比羅山",22,summit-candidate:c6ced2088a2376f5,0.7900,medium,"石神山・金比羅山","yamap_2023-01-21_12_43.gpx","伊方町","伊方町",near_boundary,location_strong_match,same_municipality,697.708,false,false,medium,"top_1_but_ambiguous;priority_reduced_strong_match_mutual_top1","mountain=金比羅山(#201); candidate=summit-candidate:c6ced2088a2376f5; track=""石神山・金比羅山""; score=0.69; name_tier=strong; ele_diff=22.96m; loc=strong_overlap; act_conf=high"
202,"鳥越山",25,summit-candidate:5b7c833ac0535534,0.8500,medium,"鳥越山","yamap_2023-01-28_11_53.gpx","松山市","松山市",stable_interior,location_strong_match,same_municipality,2055.601,true,true,medium,"top_1_but_ambiguous;top_candidate_for_multiple_mountains;priority_reduced_strong_match_mutual_top1","mountain=鳥越山(#202); candidate=summit-candidate:5b7c833ac0535534; track=""鳥越山""; score=0.75; name_tier=strong; ele_diff=0.08m; loc=strong_overlap; act_conf=high"
203,"谷田山",23,summit-candidate:5b7c833ac0535534,0.7900,medium,"鳥越山","yamap_2023-01-28_11_53.gpx","松山市","松山市",stable_interior,location_strong_match,same_municipality,2055.601,true,true,high,"top_1_but_ambiguous;top_candidate_for_multiple_mountains","mountain=谷田山(#203); candidate=summit-candidate:5b7c833ac0535534; track=""鳥越山""; score=0.69; name_tier=strong; ele_diff=21.92m; loc=strong_overlap; act_conf=high"
204,"金毘羅山",15,summit-candidate:ab7edbc3a52d24bf,0.7900,medium,"谷田山・金毘羅山","yamap_2023-01-28_12_19.gpx","松山市","松山市",stable_interior,location_strong_match,same_municipality,1632.831,true,true,high,"top_1_but_ambiguous","mountain=金毘羅山(#204); candidate=summit-candidate:ab7edbc3a52d24bf; track=""谷田山・金毘羅山""; score=0.69; name_tier=strong; ele_diff=17.71m; loc=strong_overlap; act_conf=high"
205,"佐古田山",23,summit-candidate:5b7c833ac0535534,0.7900,medium,"鳥越山","yamap_2023-01-28_11_53.gpx","松山市","松山市",stable_interior,location_strong_match,same_municipality,2055.601,true,true,high,"top_1_but_ambiguous;top_candidate_for_multiple_mountains","mountain=佐古田山(#205); candidate=summit-candidate:5b7c833ac0535534; track=""鳥越山""; score=0.69; name_tier=strong; ele_diff=22.92m; loc=strong_overlap; act_conf=high"
206,"古城山",28,summit-candidate:1432f597b5dca157,0.6700,medium,"古城山・尾崎山","yamap_2023-01-28_14_27.gpx","松山市","松山市",stable_interior,location_strong_match,same_municipality,2753.666,true,true,high,"top_1_but_ambiguous;top_candidate_for_multiple_mountains","mountain=古城山(#206); candidate=summit-candidate:1432f597b5dca157; track=""古城山・尾崎山""; score=0.57; name_tier=strong; ele_diff=51.17m; loc=strong_overlap; act_conf=high"
207,"尾崎山",32,summit-candidate:1432f597b5dca157,0.8500,medium,"古城山・尾崎山","yamap_2023-01-28_14_27.gpx","松山市","松山市",stable_interior,location_strong_match,same_municipality,2753.666,true,true,medium,"top_1_but_ambiguous;top_candidate_for_multiple_mountains;priority_reduced_strong_match_mutual_top1","mountain=尾崎山(#207); candidate=summit-candidate:1432f597b5dca157; track=""古城山・尾崎山""; score=0.75; name_tier=strong; ele_diff=6.83m; loc=strong_overlap; act_conf=high"
208,"宝ヶ峯",28,summit-candidate:079ae30d76fb11c2,0.8500,medium,"倉谷山・芝ヶ峠・淡路ヶ峠・宝ヶ峯","yamap_2022-03-13_09_49.gpx","松山市","松山市",stable_interior,location_strong_match,same_municipality,3103.812,true,true,high,"top_1_but_ambiguous;top_candidate_for_multiple_mountains","mountain=宝ヶ峯(#208); candidate=summit-candidate:079ae30d76fb11c2; track=""倉谷山・芝ヶ峠・淡路ヶ峠・宝ヶ峯""; score=0.75; name_tier=strong; ele_diff=3.15m; loc=strong_overlap; act_conf=high"
209,"淡路ヶ峠",30,summit-candidate:079ae30d76fb11c2,0.8500,medium,"倉谷山・芝ヶ峠・淡路ヶ峠・宝ヶ峯","yamap_2022-03-13_09_49.gpx","松山市","松山市",stable_interior,location_strong_match,same_municipality,3103.812,true,true,high,"top_1_but_ambiguous;top_candidate_for_multiple_mountains","mountain=淡路ヶ峠(#209); candidate=summit-candidate:079ae30d76fb11c2; track=""倉谷山・芝ヶ峠・淡路ヶ峠・宝ヶ峯""; score=0.75; name_tier=strong; ele_diff=7.85m; loc=strong_overlap; act_conf=high"
210,"福見山",20,summit-candidate:446b5fe1e7a8b2fd,0.6800,medium,"福見山・明神ヶ森・南三方ヶ森・魚谷森・左谷ノ森","yamap_2023-03-11_06_08.gpx","","松山市",boundary_ambiguous,location_uncertain_keep,candidate_boundary_ambiguous,6.296,false,false,high,"top_1_but_ambiguous","mountain=福見山(#210); candidate=summit-candidate:446b5fe1e7a8b2fd; track=""福見山・明神ヶ森・南三方ヶ森・魚谷森・左谷ノ森""; score=0.68; name_tier=strong; ele_diff=2.76m; loc=mismatch_warning; act_conf=high"
211,"明神ヶ森",26,summit-candidate:83f3af0488659ac8,0.6800,medium,"福見山・明神ヶ森・南三方ヶ森・魚谷森・左谷ノ森","yamap_2023-03-11_06_08.gpx","","松山市",boundary_ambiguous,location_uncertain_keep,candidate_boundary_ambiguous,0.788,false,false,high,"top_1_but_ambiguous","mountain=明神ヶ森(#211); candidate=summit-candidate:83f3af0488659ac8; track=""福見山・明神ヶ森・南三方ヶ森・魚谷森・左谷ノ森""; score=0.68; name_tier=strong; ele_diff=4.71m; loc=mismatch_warning; act_conf=high"
212,"南三方ヶ森",19,summit-candidate:5b124255339c0714,0.6800,medium,"福見山・明神ヶ森・南三方ヶ森・魚谷森・左谷ノ森","yamap_2023-03-11_06_08.gpx","","松山市",boundary_ambiguous,location_uncertain_keep,candidate_boundary_ambiguous,1.971,false,false,high,"top_1_but_ambiguous","mountain=南三方ヶ森(#212); candidate=summit-candidate:5b124255339c0714; track=""福見山・明神ヶ森・南三方ヶ森・魚谷森・左谷ノ森""; score=0.68; name_tier=strong; ele_diff=8.26m; loc=mismatch_warning; act_conf=high"
213,"魚谷森",18,summit-candidate:0ff024bf702c13bb,0.6700,medium,"福見山・明神ヶ森・南三方ヶ森・魚谷森・左谷ノ森","yamap_2023-03-11_06_08.gpx","松山市","松山市",near_boundary,location_strong_match,same_municipality,24.941,false,false,high,"top_1_but_ambiguous;top_candidate_for_multiple_mountains","mountain=魚谷森(#213); candidate=summit-candidate:0ff024bf702c13bb; track=""福見山・明神ヶ森・南三方ヶ森・魚谷森・左谷ノ森""; score=0.57; name_tier=strong; ele_diff=77.69m; loc=strong_overlap; act_conf=high"
214,"左谷ノ森",24,summit-candidate:0ff024bf702c13bb,0.8500,medium,"福見山・明神ヶ森・南三方ヶ森・魚谷森・左谷ノ森","yamap_2023-03-11_06_08.gpx","松山市","松山市",near_boundary,location_strong_match,same_municipality,24.941,false,false,medium,"top_1_but_ambiguous;top_candidate_for_multiple_mountains;priority_reduced_strong_match_mutual_top1","mountain=左谷ノ森(#214); candidate=summit-candidate:0ff024bf702c13bb; track=""福見山・明神ヶ森・南三方ヶ森・魚谷森・左谷ノ森""; score=0.75; name_tier=strong; ele_diff=4.69m; loc=strong_overlap; act_conf=high"
215,"真城ヶ台",16,summit-candidate:6d533e458b56f1d6,0.8500,medium,"真城ヶ台","yamap_2023-03-15_09_53.gpx","松山市","松山市",stable_interior,location_strong_match,same_municipality,1381.683,true,true,medium,"top_1_but_ambiguous;priority_reduced_strong_match_mutual_top1","mountain=真城ヶ台(#215); candidate=summit-candidate:6d533e458b56f1d6; track=""真城ヶ台""; score=0.75; name_tier=strong; ele_diff=3.39m; loc=strong_overlap; act_conf=high"
216,"千羽ヶ岳",30,summit-candidate:afd70dd670366e77,0.8500,medium,"千羽ヶ岳","yamap_2023-03-20_15_17.gpx","西条市","西条市",near_boundary,location_strong_match,same_municipality,548.416,false,false,medium,"top_1_but_ambiguous;priority_reduced_strong_match_mutual_top1","mountain=千羽ヶ岳(#216); candidate=summit-candidate:afd70dd670366e77; track=""千羽ヶ岳""; score=0.75; name_tier=strong; ele_diff=5.57m; loc=strong_overlap; act_conf=high"
217,"皿ヶ嶺",18,summit-candidate:7a1f0e8b5f9e5cc2,0.8000,medium,"皿ヶ嶺・引地山","yamap_2022-04-15_11_52.gpx","久万高原町","東温市",near_boundary,boundary_plausible,adjacent_municipality,459.68,false,false,high,"top_1_but_ambiguous;top_candidate_for_multiple_mountains","mountain=皿ヶ嶺(#217); candidate=summit-candidate:7a1f0e8b5f9e5cc2; track=""皿ヶ嶺・引地山""; score=0.75; name_tier=strong; ele_diff=0.96m; loc=strong_overlap; act_conf=high"
218,"えんとつ山",32,summit-candidate:339138a4e53293da,0.6700,medium,"えんとつ山・生子山・犬返・種子川山・西赤石山・物住頭・上兜山・下兜山","yamap_2023-03-29_05_31.gpx","新居浜市","新居浜市",stable_interior,location_strong_match,same_municipality,3508.188,true,true,high,"top_1_but_ambiguous;top_candidate_for_multiple_mountains","mountain=えんとつ山(#218); candidate=summit-candidate:339138a4e53293da; track=""えんとつ山・生子山・犬返・種子川山・西赤石山・物住頭・上兜山・下兜山""; score=0.57; name_tier=strong; ele_diff=444.17m; loc=strong_overlap; act_conf=high"
219,"生子山",29,summit-candidate:339138a4e53293da,0.6700,medium,"えんとつ山・生子山・犬返・種子川山・西赤石山・物住頭・上兜山・下兜山","yamap_2023-03-29_05_31.gpx","新居浜市","新居浜市",stable_interior,location_strong_match,same_municipality,3508.188,true,true,high,"top_1_but_ambiguous;top_candidate_for_multiple_mountains","mountain=生子山(#219); candidate=summit-candidate:339138a4e53293da; track=""えんとつ山・生子山・犬返・種子川山・西赤石山・物住頭・上兜山・下兜山""; score=0.57; name_tier=strong; ele_diff=270.17m; loc=strong_overlap; act_conf=high"
220,"犬返",18,summit-candidate:339138a4e53293da,0.8500,medium,"えんとつ山・生子山・犬返・種子川山・西赤石山・物住頭・上兜山・下兜山","yamap_2023-03-29_05_31.gpx","新居浜市","新居浜市",stable_interior,location_strong_match,same_municipality,3508.188,true,true,medium,"top_1_but_ambiguous;top_candidate_for_multiple_mountains;priority_reduced_strong_match_mutual_top1","mountain=犬返(#220); candidate=summit-candidate:339138a4e53293da; track=""えんとつ山・生子山・犬返・種子川山・西赤石山・物住頭・上兜山・下兜山""; score=0.75; name_tier=strong; ele_diff=4.83m; loc=strong_overlap; act_conf=high"
221,"種子川山",13,summit-candidate:339138a4e53293da,0.7300,medium,"えんとつ山・生子山・犬返・種子川山・西赤石山・物住頭・上兜山・下兜山","yamap_2023-03-29_05_31.gpx","新居浜市","新居浜市",stable_interior,location_strong_match,same_municipality,3508.188,true,true,high,"top_1_but_ambiguous;top_candidate_for_multiple_mountains","mountain=種子川山(#221); candidate=summit-candidate:339138a4e53293da; track=""えんとつ山・生子山・犬返・種子川山・西赤石山・物住頭・上兜山・下兜山""; score=0.63; name_tier=strong; ele_diff=32.17m; loc=strong_overlap; act_conf=high"
222,"西赤石山",14,summit-candidate:473a62086144ac33,0.8500,medium,"えんとつ山・生子山・犬返・種子川山・西赤石山・物住頭・上兜山・下兜山","yamap_2023-03-29_05_31.gpx","新居浜市","新居浜市",stable_interior,location_strong_match,same_municipality,1352.611,true,true,medium,"top_1_but_ambiguous;top_candidate_for_multiple_mountains;priority_reduced_strong_match_mutual_top1","mountain=西赤石山(#222); candidate=summit-candidate:473a62086144ac33; track=""えんとつ山・生子山・犬返・種子川山・西赤石山・物住頭・上兜山・下兜山""; score=0.75; name_tier=strong; ele_diff=6.15m; loc=strong_overlap; act_conf=high"
223,"物住頭",15,summit-candidate:61a5956a49a7ace2,0.7500,medium,"東山・西赤石山・物住頭・前赤石山・東赤石山・八巻山","yamap_2022-10-08_06_12.gpx","","新居浜市",boundary_ambiguous,location_uncertain_keep,candidate_boundary_ambiguous,0.569,false,false,low,"weak_confidence_no_strong_evidence","mountain=物住頭(#223); candidate=summit-candidate:61a5956a49a7ace2; track=""東山・西赤石山・物住頭・前赤石山・東赤石山・八巻山""; score=0.75; name_tier=strong; ele_diff=3.02m; loc=strong_overlap; act_conf=high"
224,"上兜山",13,summit-candidate:339138a4e53293da,0.6700,medium,"えんとつ山・生子山・犬返・種子川山・西赤石山・物住頭・上兜山・下兜山","yamap_2023-03-29_05_31.gpx","新居浜市","新居浜市",stable_interior,location_strong_match,same_municipality,3508.188,true,true,high,"top_1_but_ambiguous;top_candidate_for_multiple_mountains","mountain=上兜山(#224); candidate=summit-candidate:339138a4e53293da; track=""えんとつ山・生子山・犬返・種子川山・西赤石山・物住頭・上兜山・下兜山""; score=0.57; name_tier=strong; ele_diff=987.83m; loc=strong_overlap; act_conf=high"
225,"下兜山",26,summit-candidate:4311f3ae9948ea08,0.8500,medium,"えんとつ山・生子山・犬返・種子川山・西赤石山・物住頭・上兜山・下兜山","yamap_2023-03-29_05_31.gpx","新居浜市","新居浜市",near_boundary,location_strong_match,same_municipality,58.016,false,false,medium,"top_1_but_ambiguous;priority_reduced_strong_match_mutual_top1","mountain=下兜山(#225); candidate=summit-candidate:4311f3ae9948ea08; track=""えんとつ山・生子山・犬返・種子川山・西赤石山・物住頭・上兜山・下兜山""; score=0.75; name_tier=strong; ele_diff=5.37m; loc=strong_overlap; act_conf=high"
226,"黒森山",18,summit-candidate:924ccfedeb6c2d2c,0.6800,medium,"黒森山","yamap_2023-04-04_12_51.gpx","","松山市",boundary_ambiguous,location_uncertain_keep,candidate_boundary_ambiguous,4.646,false,false,high,"top_1_but_ambiguous","mountain=黒森山(#226); candidate=summit-candidate:924ccfedeb6c2d2c; track=""黒森山""; score=0.68; name_tier=strong; ele_diff=2.43m; loc=mismatch_warning; act_conf=high"
227,"菊ヶ森",24,summit-candidate:2a670286f545beb2,0.8500,medium,"菊ヶ森・餓鬼ヶ森","yamap_2023-04-09_09_08.gpx","久万高原町","久万高原町",stable_interior,location_strong_match,same_municipality,5012.546,true,true,medium,"top_1_but_ambiguous;top_candidate_for_multiple_mountains;priority_reduced_strong_match_mutual_top1","mountain=菊ヶ森(#227); candidate=summit-candidate:2a670286f545beb2; track=""菊ヶ森・餓鬼ヶ森""; score=0.75; name_tier=strong; ele_diff=3.36m; loc=strong_overlap; act_conf=high"
228,"餓鬼ヶ森",21,summit-candidate:be07cff01023e072,0.8500,medium,"菊ヶ森・餓鬼ヶ森","yamap_2023-04-09_09_08.gpx","久万高原町","久万高原町",stable_interior,location_strong_match,same_municipality,3376.97,true,true,medium,"top_1_but_ambiguous;priority_reduced_strong_match_mutual_top1","mountain=餓鬼ヶ森(#228); candidate=summit-candidate:be07cff01023e072; track=""菊ヶ森・餓鬼ヶ森""; score=0.75; name_tier=strong; ele_diff=3.19m; loc=strong_overlap; act_conf=high"
229,"船野山",32,summit-candidate:7880c9d0de83468b,0.7300,medium,"船野山","yamap_2023-04-18_06_58.gpx","東温市","東温市",stable_interior,location_strong_match,same_municipality,2935.398,true,true,medium,"top_1_but_ambiguous;priority_reduced_strong_match_mutual_top1","mountain=船野山(#229); candidate=summit-candidate:7880c9d0de83468b; track=""船野山""; score=0.63; name_tier=strong; ele_diff=41m; loc=strong_overlap; act_conf=high"
230,"木久ヶ森",14,summit-candidate:9669b668bebfc145,0.6700,medium,"黒滝山・木久ヶ森","yamap_2023-04-18_10_53.gpx","西条市","西条市",stable_interior,location_strong_match,same_municipality,2060.112,true,true,high,"top_1_but_ambiguous;top_candidate_for_multiple_mountains","mountain=木久ヶ森(#230); candidate=summit-candidate:9669b668bebfc145; track=""黒滝山・木久ヶ森""; score=0.57; name_tier=strong; ele_diff=59.01m; loc=strong_overlap; act_conf=high"
231,"黒滝山",17,summit-candidate:9669b668bebfc145,0.8500,medium,"黒滝山・木久ヶ森","yamap_2023-04-18_10_53.gpx","西条市","西条市",stable_interior,location_strong_match,same_municipality,2060.112,true,true,medium,"top_1_but_ambiguous;top_candidate_for_multiple_mountains;priority_reduced_strong_match_mutual_top1","mountain=黒滝山(#231); candidate=summit-candidate:9669b668bebfc145; track=""黒滝山・木久ヶ森""; score=0.75; name_tier=strong; ele_diff=2.01m; loc=strong_overlap; act_conf=high"
232,"奥之城山",31,summit-candidate:ea33d870d4700a56,0.8500,medium,"奥之城山・ヌタノサコ","yamap_2022-03-03_10_47.gpx","松山市","松山市",stable_interior,location_strong_match,same_municipality,4467.848,true,true,medium,"top_1_but_ambiguous;priority_reduced_strong_match_mutual_top1","mountain=奥之城山(#232); candidate=summit-candidate:ea33d870d4700a56; track=""奥之城山・ヌタノサコ""; score=0.75; name_tier=strong; ele_diff=5.71m; loc=strong_overlap; act_conf=high"
233,"天狗岳",3,summit-candidate:3b98b67bbe0fe0f9,0.6800,medium,"石鎚山・天狗岳・南尖峰","yamap_2022-05-22_08_09.gpx","","久万高原町",boundary_ambiguous,location_uncertain_keep,candidate_boundary_ambiguous,3.34,false,false,high,"top_1_but_ambiguous;top_candidate_for_multiple_mountains","mountain=天狗岳(#233); candidate=summit-candidate:3b98b67bbe0fe0f9; track=""石鎚山・天狗岳・南尖峰""; score=0.68; name_tier=strong; ele_diff=2.83m; loc=mismatch_warning; act_conf=high"
234,"石鎚山",7,summit-candidate:19713e48698f3e2a,0.6800,medium,"鶴ノ子ノ頭・石鎚山","yamap_2025-09-07_08_00.gpx","","久万高原町",boundary_ambiguous,location_uncertain_keep,candidate_boundary_ambiguous,2.351,false,false,high,"top_1_but_ambiguous","mountain=石鎚山(#234); candidate=summit-candidate:19713e48698f3e2a; track=""鶴ノ子ノ頭・石鎚山""; score=0.68; name_tier=strong; ele_diff=5m; loc=mismatch_warning; act_conf=high"
235,"善神山",13,summit-candidate:367897a1c7a2d287,0.8500,medium,"前善神山・善神山","yamap_2023-05-27_09_55.gpx","東温市","東温市",stable_cardinal_1km_same,location_strong_match,same_municipality,930.814,true,false,medium,"top_1_but_ambiguous;top_candidate_for_multiple_mountains;priority_reduced_strong_match_mutual_top1","mountain=善神山(#235); candidate=summit-candidate:367897a1c7a2d287; track=""前善神山・善神山""; score=0.75; name_tier=strong; ele_diff=4.42m; loc=strong_overlap; act_conf=high"
236,"前善神山",15,summit-candidate:367897a1c7a2d287,0.7900,medium,"前善神山・善神山","yamap_2023-05-27_09_55.gpx","東温市","東温市",stable_cardinal_1km_same,location_strong_match,same_municipality,930.814,true,false,high,"top_1_but_ambiguous;top_candidate_for_multiple_mountains","mountain=前善神山(#236); candidate=summit-candidate:367897a1c7a2d287; track=""前善神山・善神山""; score=0.69; name_tier=strong; ele_diff=19.58m; loc=strong_overlap; act_conf=high"
237,"五葉が森",17,summit-candidate:9488d92d9ea95406,0.7500,medium,"五葉が森","yamap_2023-06-11_11_57.gpx","","今治市",boundary_ambiguous,location_uncertain_keep,candidate_boundary_ambiguous,6.824,false,false,high,"top_1_but_ambiguous","mountain=五葉が森(#237); candidate=summit-candidate:9488d92d9ea95406; track=""五葉が森""; score=0.75; name_tier=strong; ele_diff=3.79m; loc=strong_overlap; act_conf=high"
238,"冠岳",17,summit-candidate:b73a23fa4b3abc39,0.8500,medium,"冠岳","yamap_2023-09-06_13_30.gpx","久万高原町","久万高原町",stable_interior,location_strong_match,same_municipality,2633.021,true,true,medium,"top_1_but_ambiguous;top_candidate_for_multiple_mountains;priority_reduced_strong_match_mutual_top1","mountain=冠岳(#238); candidate=summit-candidate:b73a23fa4b3abc39; track=""冠岳""; score=0.75; name_tier=strong; ele_diff=4.37m; loc=strong_overlap; act_conf=high"
239,"東赤石山",16,summit-candidate:2b7cce23b57844a5,0.6900,medium,"東山・西赤石山・物住頭・前赤石山・東赤石山・八巻山","yamap_2022-10-08_06_12.gpx","","新居浜市",boundary_ambiguous,location_uncertain_keep,candidate_boundary_ambiguous,4.478,false,false,high,"top_1_but_ambiguous;top_candidate_for_multiple_mountains","mountain=東赤石山(#239); candidate=summit-candidate:2b7cce23b57844a5; track=""東山・西赤石山・物住頭・前赤石山・東赤石山・八巻山""; score=0.69; name_tier=strong; ele_diff=10.87m; loc=strong_overlap; act_conf=high"
240,"八巻山",14,summit-candidate:2b7cce23b57844a5,0.7500,medium,"東山・西赤石山・物住頭・前赤石山・東赤石山・八巻山","yamap_2022-10-08_06_12.gpx","","新居浜市",boundary_ambiguous,location_uncertain_keep,candidate_boundary_ambiguous,4.478,false,false,high,"top_1_but_ambiguous;top_candidate_for_multiple_mountains","mountain=八巻山(#240); candidate=summit-candidate:2b7cce23b57844a5; track=""東山・西赤石山・物住頭・前赤石山・東赤石山・八巻山""; score=0.75; name_tier=strong; ele_diff=1.13m; loc=strong_overlap; act_conf=high"
241,"ベツソ山",31,summit-candidate:dba931625b34d9ac,0.7300,medium,"ベツソ山・歯朶谷山","yamap_2023-10-13_10_02.gpx","伊予市","伊予市",near_boundary,location_strong_match,same_municipality,486.168,false,false,high,"top_1_but_ambiguous;top_candidate_for_multiple_mountains","mountain=ベツソ山(#241); candidate=summit-candidate:dba931625b34d9ac; track=""ベツソ山・歯朶谷山""; score=0.63; name_tier=strong; ele_diff=47.22m; loc=strong_overlap; act_conf=high"
242,"歯朶谷山",23,summit-candidate:dba931625b34d9ac,0.8500,medium,"ベツソ山・歯朶谷山","yamap_2023-10-13_10_02.gpx","伊予市","伊予市",near_boundary,location_strong_match,same_municipality,486.168,false,false,medium,"top_1_but_ambiguous;top_candidate_for_multiple_mountains;priority_reduced_strong_match_mutual_top1","mountain=歯朶谷山(#242); candidate=summit-candidate:dba931625b34d9ac; track=""ベツソ山・歯朶谷山""; score=0.75; name_tier=strong; ele_diff=0.78m; loc=strong_overlap; act_conf=high"
243,"丸山",28,summit-candidate:2670057d58a25475,0.8500,medium,"丸山","yamap_2023-10-14_07_53.gpx","今治市","今治市",stable_interior,location_strong_match,same_municipality,3224.571,true,true,medium,"top_1_but_ambiguous;priority_reduced_strong_match_mutual_top1","mountain=丸山(#243); candidate=summit-candidate:2670057d58a25475; track=""丸山""; score=0.75; name_tier=strong; ele_diff=7.57m; loc=strong_overlap; act_conf=high"
244,"二ノ岳",18,summit-candidate:b58470f57bb41331,0.6300,medium,"二ノ岳・高森","yamap_2023-10-22_06_44.gpx","西条市","久万高原町",stable_interior,adjacent_but_deep_inside,adjacent_municipality,4162.584,true,true,low,"adjacent_but_deep_inside","mountain=二ノ岳(#244); candidate=summit-candidate:b58470f57bb41331; track=""二ノ岳・高森""; score=0.68; name_tier=strong; ele_diff=3.31m; loc=mismatch_warning; act_conf=high"
245,"高森",31,summit-candidate:5771cdd191c3861d,0.6300,medium,"二ノ岳・高森","yamap_2023-10-22_06_44.gpx","西条市","久万高原町",stable_interior,adjacent_but_deep_inside,adjacent_municipality,3896.677,true,true,low,"adjacent_but_deep_inside","mountain=高森(#245); candidate=summit-candidate:5771cdd191c3861d; track=""二ノ岳・高森""; score=0.68; name_tier=strong; ele_diff=8.83m; loc=mismatch_warning; act_conf=high"
246,"四辻ノ森",21,summit-candidate:d659f1dc6e5fa0b5,0.8500,medium,"四辻ノ森・三光ノ辻山","yamap_2023-11-11_07_17.gpx","久万高原町","久万高原町",stable_interior,location_strong_match,same_municipality,3412.683,true,true,medium,"top_1_but_ambiguous;priority_reduced_strong_match_mutual_top1","mountain=四辻ノ森(#246); candidate=summit-candidate:d659f1dc6e5fa0b5; track=""四辻ノ森・三光ノ辻山""; score=0.75; name_tier=strong; ele_diff=5.92m; loc=strong_overlap; act_conf=high"
247,"三光ノ辻山",25,summit-candidate:c4504025c94f843c,0.8500,medium,"四辻ノ森・三光ノ辻山","yamap_2023-11-11_07_17.gpx","久万高原町","久万高原町",stable_interior,location_strong_match,same_municipality,3156.813,true,true,medium,"top_1_but_ambiguous;priority_reduced_strong_match_mutual_top1","mountain=三光ノ辻山(#247); candidate=summit-candidate:c4504025c94f843c; track=""四辻ノ森・三光ノ辻山""; score=0.75; name_tier=strong; ele_diff=0.07m; loc=strong_overlap; act_conf=high"
248,"瀬戸黒森",19,summit-candidate:290abf917754fd0b,0.7500,medium,"瀬戸黒森・三森・羽子山・観音森","yamap_2023-11-19_06_46.gpx","","愛南町",boundary_ambiguous,location_uncertain_keep,candidate_boundary_ambiguous,3.287,false,false,high,"top_1_but_ambiguous","mountain=瀬戸黒森(#248); candidate=summit-candidate:290abf917754fd0b; track=""瀬戸黒森・三森・羽子山・観音森""; score=0.75; name_tier=strong; ele_diff=3.33m; loc=strong_overlap; act_conf=high"
249,"羽子山",15,summit-candidate:9a0532ee2b40e5f3,0.8500,medium,"瀬戸黒森・三森・羽子山・観音森","yamap_2023-11-19_06_46.gpx","愛南町","愛南町",stable_interior,location_strong_match,same_municipality,3232.585,true,true,medium,"top_1_but_ambiguous;priority_reduced_strong_match_mutual_top1","mountain=羽子山(#249); candidate=summit-candidate:9a0532ee2b40e5f3; track=""瀬戸黒森・三森・羽子山・観音森""; score=0.75; name_tier=strong; ele_diff=4.5m; loc=strong_overlap; act_conf=high"
250,"観音森",17,summit-candidate:cf1cb583d492455c,0.8500,medium,"瀬戸黒森・三森・羽子山・観音森","yamap_2023-11-19_06_46.gpx","愛南町","愛南町",stable_interior,location_strong_match,same_municipality,3323.71,true,true,medium,"top_1_but_ambiguous;priority_reduced_strong_match_mutual_top1","mountain=観音森(#250); candidate=summit-candidate:cf1cb583d492455c; track=""瀬戸黒森・三森・羽子山・観音森""; score=0.75; name_tier=strong; ele_diff=5.94m; loc=strong_overlap; act_conf=high"
251,"三森",18,summit-candidate:f7593239fa7bdcc9,0.8500,medium,"瀬戸黒森・三森・羽子山・観音森","yamap_2023-11-19_06_46.gpx","愛南町","愛南町",stable_interior,location_strong_match,same_municipality,1210.793,true,true,medium,"top_1_but_ambiguous;priority_reduced_strong_match_mutual_top1","mountain=三森(#251); candidate=summit-candidate:f7593239fa7bdcc9; track=""瀬戸黒森・三森・羽子山・観音森""; score=0.75; name_tier=strong; ele_diff=2.69m; loc=strong_overlap; act_conf=high"
252,"総津権現山",33,summit-candidate:f108570a8e33ce90,0.8500,medium,"総津権現山","yamap_2023-12-17_07_11.gpx","砥部町","砥部町",stable_interior,location_strong_match,same_municipality,1654.799,true,true,medium,"top_1_but_ambiguous;priority_reduced_strong_match_mutual_top1","mountain=総津権現山(#252); candidate=summit-candidate:f108570a8e33ce90; track=""総津権現山""; score=0.75; name_tier=strong; ele_diff=2.6m; loc=strong_overlap; act_conf=high"
253,"秦皇山",16,summit-candidate:1d97e1955af85092,0.6700,medium,"平岡山(平岡城址) ","yamap_2023-12-17_10_30.gpx","伊予市","伊予市",stable_interior,location_strong_match,same_municipality,2519.451,true,true,high,"top_1_but_ambiguous;top_candidate_for_multiple_mountains","mountain=秦皇山(#253); candidate=summit-candidate:1d97e1955af85092; track=""平岡山(平岡城址) ""; score=0.57; name_tier=strong; ele_diff=456.2m; loc=strong_overlap; act_conf=high"
254,"平岡山(平岡城址)",28,summit-candidate:1d97e1955af85092,0.8500,medium,"平岡山(平岡城址) ","yamap_2023-12-17_10_30.gpx","伊予市","伊予市",stable_interior,location_strong_match,same_municipality,2519.451,true,true,medium,"top_1_but_ambiguous;top_candidate_for_multiple_mountains;priority_reduced_strong_match_mutual_top1","mountain=平岡山(平岡城址)(#254); candidate=summit-candidate:1d97e1955af85092; track=""平岡山(平岡城址) ""; score=0.75; name_tier=strong; ele_diff=3.8m; loc=strong_overlap; act_conf=high"
255,"竜門山",20,summit-candidate:64a47ed9c06f56d5,0.7500,medium,"竜門山・大黒山","yamap_2024-01-14_10_18.gpx","","西条市",boundary_ambiguous,location_uncertain_keep,candidate_boundary_ambiguous,8.547,false,false,high,"top_1_but_ambiguous","mountain=竜門山(#255); candidate=summit-candidate:64a47ed9c06f56d5; track=""竜門山・大黒山""; score=0.75; name_tier=strong; ele_diff=8.01m; loc=strong_overlap; act_conf=high"
256,"大黒山",27,summit-candidate:64a47ed9c06f56d5,0.5700,medium,"竜門山・大黒山","yamap_2024-01-14_10_18.gpx","","西条市",boundary_ambiguous,location_uncertain_keep,candidate_boundary_ambiguous,8.547,false,false,medium,"top_3_with_evidence","mountain=大黒山(#256); candidate=summit-candidate:64a47ed9c06f56d5; track=""竜門山・大黒山""; score=0.57; name_tier=strong; ele_diff=109.99m; loc=strong_overlap; act_conf=high"
257,"大空山",31,summit-candidate:fd13fabb918486e6,0.6800,medium,"大空山","yamap_2024-01-27_08_01.gpx","今治市","",stable_cardinal_1km_same,missing_location_evidence,missing_mountain_municipality,722.263,true,false,high,"top_1_but_ambiguous","mountain=大空山(#257); candidate=summit-candidate:fd13fabb918486e6; track=""大空山""; score=0.68; name_tier=strong; ele_diff=3.72m; loc=mismatch_warning; act_conf=high"
258,"御串山",19,summit-candidate:02d59cd1260af017,0.6800,medium,"御串山","yamap_2024-01-27_10_11.gpx","今治市","",near_boundary,missing_location_evidence,missing_mountain_municipality,113.587,false,false,high,"top_1_but_ambiguous;top_candidate_for_multiple_mountains","mountain=御串山(#258); candidate=summit-candidate:02d59cd1260af017; track=""御串山""; score=0.68; name_tier=strong; ele_diff=3.2m; loc=mismatch_warning; act_conf=high"
259,"宝股山",28,summit-candidate:468c5bbccd8aba53,0.6800,medium,"宝股山","yamap_2024-01-27_13_31.gpx","今治市","",stable_interior,missing_location_evidence,missing_mountain_municipality,1164.707,true,true,high,"top_1_but_ambiguous","mountain=宝股山(#259); candidate=summit-candidate:468c5bbccd8aba53; track=""宝股山""; score=0.68; name_tier=strong; ele_diff=3.4m; loc=mismatch_warning; act_conf=high"
260,"開山",22,summit-candidate:02d59cd1260af017,0.5000,low,"御串山","yamap_2024-01-27_10_11.gpx","今治市","",near_boundary,missing_location_evidence,missing_mountain_municipality,113.587,false,false,high,"top_1_but_ambiguous;top_candidate_for_multiple_mountains","mountain=開山(#260); candidate=summit-candidate:02d59cd1260af017; track=""御串山""; score=0.5; name_tier=strong; ele_diff=86.2m; loc=mismatch_warning; act_conf=high"
261,"鳥屋ヶ森",22,summit-candidate:ef6730fa259856ec,0.8500,medium,"鳥屋ヶ森","yamap_2024-02-10_07_09.gpx","宇和島市","宇和島市",near_boundary,location_strong_match,same_municipality,775.351,false,false,medium,"top_1_but_ambiguous;priority_reduced_strong_match_mutual_top1","mountain=鳥屋ヶ森(#261); candidate=summit-candidate:ef6730fa259856ec; track=""鳥屋ヶ森""; score=0.75; name_tier=strong; ele_diff=2.31m; loc=strong_overlap; act_conf=high"
262,"熊ガ峰",28,summit-candidate:ef3e845b5d632dd3,0.8500,medium,"熊ガ峰","yamap_2024-02-10_09_58.gpx","宇和島市","宇和島市",stable_interior,location_strong_match,same_municipality,1312.531,true,true,medium,"top_1_but_ambiguous;priority_reduced_strong_match_mutual_top1","mountain=熊ガ峰(#262); candidate=summit-candidate:ef3e845b5d632dd3; track=""熊ガ峰""; score=0.75; name_tier=strong; ele_diff=2.46m; loc=strong_overlap; act_conf=high"
263,"権現山",45,summit-candidate:84f974876f397da1,0.8500,medium,"権現山","yamap_2024-02-10_13_09.gpx","宇和島市","宇和島市",stable_interior,location_strong_match,same_municipality,1289.462,true,true,medium,"top_1_but_ambiguous;priority_reduced_strong_match_mutual_top1","mountain=権現山(#263); candidate=summit-candidate:84f974876f397da1; track=""権現山""; score=0.75; name_tier=strong; ele_diff=9.76m; loc=strong_overlap; act_conf=high"
264,"大黒山",16,summit-candidate:f5c22dac4bd015ae,0.7500,medium,"大黒山・譲ヶ葉森","yamap_2024-02-17_05_38.gpx","","宇和島市",boundary_ambiguous,location_uncertain_keep,candidate_boundary_ambiguous,0.091,false,false,high,"top_1_but_ambiguous","mountain=大黒山(#264); candidate=summit-candidate:f5c22dac4bd015ae; track=""大黒山・譲ヶ葉森""; score=0.75; name_tier=strong; ele_diff=7.75m; loc=strong_overlap; act_conf=high"
265,"譲ヶ葉森",15,summit-candidate:19baf3ce30f8991a,0.8500,medium,"大黒山・譲ヶ葉森","yamap_2024-02-17_05_38.gpx","宇和島市","宇和島市",stable_interior,location_strong_match,same_municipality,1287.364,true,true,medium,"top_1_but_ambiguous;priority_reduced_strong_match_mutual_top1","mountain=譲ヶ葉森(#265); candidate=summit-candidate:19baf3ce30f8991a; track=""大黒山・譲ヶ葉森""; score=0.75; name_tier=strong; ele_diff=5.96m; loc=strong_overlap; act_conf=high"
266,"郭公岳",18,summit-candidate:3853fbbba7330ec4,0.6800,medium,"高月山・東高月山・郭公岳・櫨ヶ森・毛山","yamap_2024-02-24_07_06.gpx","","宇和島市",boundary_ambiguous,location_uncertain_keep,candidate_boundary_ambiguous,9.242,false,false,high,"top_1_but_ambiguous","mountain=郭公岳(#266); candidate=summit-candidate:3853fbbba7330ec4; track=""高月山・東高月山・郭公岳・櫨ヶ森・毛山""; score=0.68; name_tier=strong; ele_diff=0m; loc=mismatch_warning; act_conf=high"
267,"東高月山",21,summit-candidate:62351b8782d6f597,0.6900,medium,"高月山・東高月山・郭公岳・櫨ヶ森・毛山","yamap_2024-02-24_07_06.gpx","","宇和島市",boundary_ambiguous,location_uncertain_keep,candidate_boundary_ambiguous,6.466,false,false,high,"top_1_but_ambiguous","mountain=東高月山(#267); candidate=summit-candidate:62351b8782d6f597; track=""高月山・東高月山・郭公岳・櫨ヶ森・毛山""; score=0.69; name_tier=strong; ele_diff=10.9m; loc=strong_overlap; act_conf=high"
268,"高月山",30,summit-candidate:90c3723735d95c0d,0.7500,medium,"高月山・東高月山・郭公岳・櫨ヶ森・毛山","yamap_2024-02-24_07_06.gpx","","宇和島市",boundary_ambiguous,location_uncertain_keep,candidate_boundary_ambiguous,10.46,false,false,high,"top_1_but_ambiguous","mountain=高月山(#268); candidate=summit-candidate:90c3723735d95c0d; track=""高月山・東高月山・郭公岳・櫨ヶ森・毛山""; score=0.75; name_tier=strong; ele_diff=4.77m; loc=strong_overlap; act_conf=high"
269,"櫨ヶ森",17,summit-candidate:ba56c1ac8ac55c5f,0.7500,medium,"高月山・東高月山・郭公岳・櫨ヶ森・毛山","yamap_2024-02-24_07_06.gpx","","宇和島市",boundary_ambiguous,location_uncertain_keep,candidate_boundary_ambiguous,0.052,false,false,medium,"top_3_with_evidence","mountain=櫨ヶ森(#269); candidate=summit-candidate:ba56c1ac8ac55c5f; track=""高月山・東高月山・郭公岳・櫨ヶ森・毛山""; score=0.75; name_tier=strong; ele_diff=1.18m; loc=strong_overlap; act_conf=high"
270,"毛山",24,summit-candidate:40068653b28bad40,0.8500,medium,"鬼ヶ城山・大久保山・八面山・三本杭・横ノ森・小屋ヶ森・毛山","yamap_2022-04-08_09_33.gpx","宇和島市","宇和島市",stable_cardinal_1km_same,location_strong_match,same_municipality,492.011,true,false,medium,"top_1_but_ambiguous;priority_reduced_strong_match_mutual_top1","mountain=毛山(#270); candidate=summit-candidate:40068653b28bad40; track=""鬼ヶ城山・大久保山・八面山・三本杭・横ノ森・小屋ヶ森・毛山""; score=0.75; name_tier=strong; ele_diff=1.4m; loc=strong_overlap; act_conf=high"
271,"白石山",24,summit-candidate:ac8e3853fbbf0c6f,0.8500,medium,"白石山","yamap_2024-03-03_06_23.gpx","愛南町","愛南町",stable_interior,location_strong_match,same_municipality,4022.688,true,true,medium,"top_1_but_ambiguous;priority_reduced_strong_match_mutual_top1","mountain=白石山(#271); candidate=summit-candidate:ac8e3853fbbf0c6f; track=""白石山""; score=0.75; name_tier=strong; ele_diff=3.84m; loc=strong_overlap; act_conf=high"
272,"観音岳",18,summit-candidate:a53cc9868b7f2f70,0.7800,medium,"観音岳","yamap_2024-03-03_08_44.gpx","愛南町","愛南町",near_boundary,location_strong_match,same_municipality,181.045,false,false,medium,"top_1_but_ambiguous;priority_reduced_strong_match_mutual_top1","mountain=観音岳(#272); candidate=summit-candidate:a53cc9868b7f2f70; track=""観音岳""; score=0.68; name_tier=strong; ele_diff=1.38m; loc=mismatch_warning; act_conf=high"
273,"音無山",19,summit-candidate:97e45d6eab227d56,0.8500,medium,"音無山","yamap_2024-03-03_10_00.gpx","宇和島市","宇和島市",stable_interior,location_strong_match,same_municipality,2093.191,true,true,medium,"top_1_but_ambiguous;priority_reduced_strong_match_mutual_top1","mountain=音無山(#273); candidate=summit-candidate:97e45d6eab227d56; track=""音無山""; score=0.75; name_tier=strong; ele_diff=4.43m; loc=strong_overlap; act_conf=high"
274,"天ガ森",25,summit-candidate:93a4d66ef3ee559d,0.7900,medium,"天ガ森","yamap_2024-03-03_13_33.gpx","宇和島市","宇和島市",stable_interior,location_strong_match,same_municipality,2999.318,true,true,medium,"top_1_but_ambiguous;priority_reduced_strong_match_mutual_top1","mountain=天ガ森(#274); candidate=summit-candidate:93a4d66ef3ee559d; track=""天ガ森""; score=0.69; name_tier=strong; ele_diff=12.77m; loc=strong_overlap; act_conf=high"
275,"夫婦山",39,summit-candidate:3e9348428f22a320,0.8500,medium,"夫婦山・白山・観音山・国見山・城山・御勧請山","yamap_2024-03-10_07_12.gpx","松山市","松山市",stable_interior,location_strong_match,same_municipality,3717.407,true,true,medium,"top_1_but_ambiguous;priority_reduced_strong_match_mutual_top1","mountain=夫婦山(#275); candidate=summit-candidate:3e9348428f22a320; track=""夫婦山・白山・観音山・国見山・城山・御勧請山""; score=0.75; name_tier=strong; ele_diff=1.78m; loc=strong_overlap; act_conf=high"
276,"白山",29,summit-candidate:13b7a4bb8154974a,0.8500,medium,"夫婦山・白山・観音山・国見山・城山・御勧請山","yamap_2024-03-10_07_12.gpx","松山市","松山市",stable_interior,location_strong_match,same_municipality,6185.59,true,true,medium,"top_1_but_ambiguous;top_candidate_for_multiple_mountains;priority_reduced_strong_match_mutual_top1","mountain=白山(#276); candidate=summit-candidate:13b7a4bb8154974a; track=""夫婦山・白山・観音山・国見山・城山・御勧請山""; score=0.75; name_tier=strong; ele_diff=9.03m; loc=strong_overlap; act_conf=high"
277,"観音山",38,summit-candidate:cf29543e6beaa1ec,0.8500,medium,"夫婦山・白山・観音山・国見山・城山・御勧請山","yamap_2024-03-10_07_12.gpx","松山市","松山市",stable_interior,location_strong_match,same_municipality,3599.436,true,true,medium,"top_1_but_ambiguous;priority_reduced_strong_match_mutual_top1","mountain=観音山(#277); candidate=summit-candidate:cf29543e6beaa1ec; track=""夫婦山・白山・観音山・国見山・城山・御勧請山""; score=0.75; name_tier=strong; ele_diff=5.72m; loc=strong_overlap; act_conf=high"
278,"国見山",38,summit-candidate:2ab43729f5e80cbe,0.8500,medium,"夫婦山・白山・観音山・国見山・城山・御勧請山","yamap_2024-03-10_07_12.gpx","松山市","松山市",stable_interior,location_strong_match,same_municipality,4610.39,true,true,medium,"top_1_but_ambiguous;priority_reduced_strong_match_mutual_top1","mountain=国見山(#278); candidate=summit-candidate:2ab43729f5e80cbe; track=""夫婦山・白山・観音山・国見山・城山・御勧請山""; score=0.75; name_tier=strong; ele_diff=3.7m; loc=strong_overlap; act_conf=high"
279,"城山",55,summit-candidate:1432f597b5dca157,0.8500,medium,"古城山・尾崎山","yamap_2023-01-28_14_27.gpx","松山市","松山市",stable_interior,location_strong_match,same_municipality,2753.666,true,true,high,"top_1_but_ambiguous;top_candidate_for_multiple_mountains","mountain=城山(#279); candidate=summit-candidate:1432f597b5dca157; track=""古城山・尾崎山""; score=0.75; name_tier=strong; ele_diff=9.17m; loc=strong_overlap; act_conf=high"
280,"御勧請山",27,summit-candidate:13b7a4bb8154974a,0.8500,medium,"夫婦山・白山・観音山・国見山・城山・御勧請山","yamap_2024-03-10_07_12.gpx","松山市","松山市",stable_interior,location_strong_match,same_municipality,6185.59,true,true,high,"top_1_but_ambiguous;top_candidate_for_multiple_mountains","mountain=御勧請山(#280); candidate=summit-candidate:13b7a4bb8154974a; track=""夫婦山・白山・観音山・国見山・城山・御勧請山""; score=0.75; name_tier=strong; ele_diff=9.03m; loc=strong_overlap; act_conf=high"
281,"トギ",37,summit-candidate:e75e04c2fbe61c2f,0.8500,medium,"トギ・張木山・高手山","yamap_2024-03-16_09_21.gpx","大洲市","大洲市",stable_cardinal_1km_same,location_strong_match,same_municipality,855.624,true,false,medium,"top_1_but_ambiguous;top_candidate_for_multiple_mountains;priority_reduced_strong_match_mutual_top1","mountain=トギ(#281); candidate=summit-candidate:e75e04c2fbe61c2f; track=""トギ・張木山・高手山""; score=0.75; name_tier=strong; ele_diff=0.45m; loc=strong_overlap; act_conf=high"
282,"張木山",15,summit-candidate:3c28b6ebd5a97155,0.8500,medium,"斎藤山","yamap_2024-03-16_13_58.gpx","大洲市","大洲市",stable_interior,location_strong_match,same_municipality,1235.538,true,true,medium,"top_1_but_ambiguous;top_candidate_for_multiple_mountains;priority_reduced_strong_match_mutual_top1","mountain=張木山(#282); candidate=summit-candidate:3c28b6ebd5a97155; track=""斎藤山""; score=0.75; name_tier=strong; ele_diff=4.13m; loc=strong_overlap; act_conf=high"
283,"高手山",37,summit-candidate:e75e04c2fbe61c2f,0.7900,medium,"トギ・張木山・高手山","yamap_2024-03-16_09_21.gpx","大洲市","大洲市",stable_cardinal_1km_same,location_strong_match,same_municipality,855.624,true,false,high,"top_1_but_ambiguous;top_candidate_for_multiple_mountains","mountain=高手山(#283); candidate=summit-candidate:e75e04c2fbe61c2f; track=""トギ・張木山・高手山""; score=0.69; name_tier=strong; ele_diff=10.45m; loc=strong_overlap; act_conf=high"
284,"斎藤山",20,summit-candidate:3c28b6ebd5a97155,0.7900,medium,"斎藤山","yamap_2024-03-16_13_58.gpx","大洲市","大洲市",stable_interior,location_strong_match,same_municipality,1235.538,true,true,high,"top_1_but_ambiguous;top_candidate_for_multiple_mountains","mountain=斎藤山(#284); candidate=summit-candidate:3c28b6ebd5a97155; track=""斎藤山""; score=0.69; name_tier=strong; ele_diff=13.13m; loc=strong_overlap; act_conf=high"
285,"御祝山",17,summit-candidate:9186201ca03b041d,0.6700,medium,"御祝山・横ノ森・小屋ヶ森・串ヶ森・目黒鳥屋・長尾森","yamap_2024-03-30_07_11.gpx","松野町","松野町",near_boundary,location_strong_match,same_municipality,1.628,false,false,high,"top_1_but_ambiguous;top_candidate_for_multiple_mountains","mountain=御祝山(#285); candidate=summit-candidate:9186201ca03b041d; track=""御祝山・横ノ森・小屋ヶ森・串ヶ森・目黒鳥屋・長尾森""; score=0.57; name_tier=strong; ele_diff=161.44m; loc=strong_overlap; act_conf=high"
286,"横ノ森",23,summit-candidate:12c27f259b66de80,0.7300,medium,"御祝山・横ノ森・小屋ヶ森・串ヶ森・目黒鳥屋・長尾森","yamap_2024-03-30_07_11.gpx","宇和島市","松野町",near_boundary,boundary_plausible,adjacent_municipality,20.396,false,false,high,"top_1_but_ambiguous","mountain=横ノ森(#286); candidate=summit-candidate:12c27f259b66de80; track=""御祝山・横ノ森・小屋ヶ森・串ヶ森・目黒鳥屋・長尾森""; score=0.68; name_tier=strong; ele_diff=1.04m; loc=mismatch_warning; act_conf=high"
287,"小屋ヶ森",19,summit-candidate:9186201ca03b041d,0.7900,medium,"御祝山・横ノ森・小屋ヶ森・串ヶ森・目黒鳥屋・長尾森","yamap_2024-03-30_07_11.gpx","松野町","松野町",near_boundary,location_strong_match,same_municipality,1.628,false,false,high,"top_1_but_ambiguous;top_candidate_for_multiple_mountains","mountain=小屋ヶ森(#287); candidate=summit-candidate:9186201ca03b041d; track=""御祝山・横ノ森・小屋ヶ森・串ヶ森・目黒鳥屋・長尾森""; score=0.69; name_tier=strong; ele_diff=23.56m; loc=strong_overlap; act_conf=high"
288,"串ヶ森",18,summit-candidate:9186201ca03b041d,0.8500,medium,"御祝山・横ノ森・小屋ヶ森・串ヶ森・目黒鳥屋・長尾森","yamap_2024-03-30_07_11.gpx","松野町","松野町",near_boundary,location_strong_match,same_municipality,1.628,false,false,medium,"top_1_but_ambiguous;top_candidate_for_multiple_mountains;priority_reduced_strong_match_mutual_top1","mountain=串ヶ森(#288); candidate=summit-candidate:9186201ca03b041d; track=""御祝山・横ノ森・小屋ヶ森・串ヶ森・目黒鳥屋・長尾森""; score=0.75; name_tier=strong; ele_diff=0.44m; loc=strong_overlap; act_conf=high"
289,"目黒鳥屋",17,summit-candidate:9186201ca03b041d,0.8500,medium,"御祝山・横ノ森・小屋ヶ森・串ヶ森・目黒鳥屋・長尾森","yamap_2024-03-30_07_11.gpx","松野町","松野町",near_boundary,location_strong_match,same_municipality,1.628,false,false,high,"top_1_but_ambiguous;top_candidate_for_multiple_mountains","mountain=目黒鳥屋(#289); candidate=summit-candidate:9186201ca03b041d; track=""御祝山・横ノ森・小屋ヶ森・串ヶ森・目黒鳥屋・長尾森""; score=0.75; name_tier=strong; ele_diff=3.44m; loc=strong_overlap; act_conf=high"
290,"長尾森",16,summit-candidate:9186201ca03b041d,0.7900,medium,"御祝山・横ノ森・小屋ヶ森・串ヶ森・目黒鳥屋・長尾森","yamap_2024-03-30_07_11.gpx","松野町","松野町",near_boundary,location_strong_match,same_municipality,1.628,false,false,high,"top_1_but_ambiguous;top_candidate_for_multiple_mountains","mountain=長尾森(#290); candidate=summit-candidate:9186201ca03b041d; track=""御祝山・横ノ森・小屋ヶ森・串ヶ森・目黒鳥屋・長尾森""; score=0.69; name_tier=strong; ele_diff=19.56m; loc=strong_overlap; act_conf=high"
291,"二箆山",21,summit-candidate:0a89128346167f6e,0.7900,medium,"二箆山・西雑誌山","yamap_2024-04-07_06_45.gpx","久万高原町","久万高原町",stable_interior,location_strong_match,same_municipality,1407.561,true,true,medium,"top_1_but_ambiguous;priority_reduced_strong_match_mutual_top1","mountain=二箆山(#291); candidate=summit-candidate:0a89128346167f6e; track=""二箆山・西雑誌山""; score=0.69; name_tier=strong; ele_diff=10.63m; loc=strong_overlap; act_conf=high"
292,"西雑誌山",18,summit-candidate:aa8ff99fc3bd426d,0.8500,medium,"二箆山・西雑誌山","yamap_2024-04-07_06_45.gpx","久万高原町","久万高原町",near_boundary,location_strong_match,same_municipality,3.253,false,false,medium,"top_1_but_ambiguous;priority_reduced_strong_match_mutual_top1","mountain=西雑誌山(#292); candidate=summit-candidate:aa8ff99fc3bd426d; track=""二箆山・西雑誌山""; score=0.75; name_tier=strong; ele_diff=6.94m; loc=strong_overlap; act_conf=high"
293,"気多山",26,summit-candidate:e010f98d2b23f547,0.8500,medium,"気多山・八辻ノ峰・五代ヶ森","yamap_2024-04-20_05_43.gpx","久万高原町","久万高原町",stable_interior,location_strong_match,same_municipality,4367.278,true,true,medium,"top_1_but_ambiguous;priority_reduced_strong_match_mutual_top1","mountain=気多山(#293); candidate=summit-candidate:e010f98d2b23f547; track=""気多山・八辻ノ峰・五代ヶ森""; score=0.75; name_tier=strong; ele_diff=5.48m; loc=strong_overlap; act_conf=high"
294,"八辻ノ峰",14,summit-candidate:76cc7bb75549e7a1,0.7900,medium,"気多山・八辻ノ峰・五代ヶ森","yamap_2024-04-20_05_43.gpx","久万高原町","久万高原町",stable_interior,location_strong_match,same_municipality,2186.052,true,true,high,"top_1_but_ambiguous;top_candidate_for_multiple_mountains","mountain=八辻ノ峰(#294); candidate=summit-candidate:76cc7bb75549e7a1; track=""気多山・八辻ノ峰・五代ヶ森""; score=0.69; name_tier=strong; ele_diff=14.84m; loc=strong_overlap; act_conf=high"
295,"五代ヶ森",16,summit-candidate:76cc7bb75549e7a1,0.8500,medium,"気多山・八辻ノ峰・五代ヶ森","yamap_2024-04-20_05_43.gpx","久万高原町","久万高原町",stable_interior,location_strong_match,same_municipality,2186.052,true,true,medium,"top_1_but_ambiguous;top_candidate_for_multiple_mountains;priority_reduced_strong_match_mutual_top1","mountain=五代ヶ森(#295); candidate=summit-candidate:76cc7bb75549e7a1; track=""気多山・八辻ノ峰・五代ヶ森""; score=0.75; name_tier=strong; ele_diff=1.84m; loc=strong_overlap; act_conf=high"
296,"桂ヶ森",25,summit-candidate:c210f415fc55501f,0.8500,medium,"桂ヶ森","yamap_2024-04-27_08_04.gpx","久万高原町","久万高原町",stable_interior,location_strong_match,same_municipality,2148.032,true,true,medium,"top_1_but_ambiguous;priority_reduced_strong_match_mutual_top1","mountain=桂ヶ森(#296); candidate=summit-candidate:c210f415fc55501f; track=""桂ヶ森""; score=0.75; name_tier=strong; ele_diff=3.97m; loc=strong_overlap; act_conf=high"
297,"狼ヶ城山",20,summit-candidate:95a8fa74fd4af7b0,0.7500,medium,"狼ヶ城山","yamap_2024-04-28_07_11.gpx","","久万高原町",boundary_ambiguous,location_uncertain_keep,candidate_boundary_ambiguous,0.594,false,false,high,"top_1_but_ambiguous","mountain=狼ヶ城山(#297); candidate=summit-candidate:95a8fa74fd4af7b0; track=""狼ヶ城山""; score=0.75; name_tier=strong; ele_diff=3.23m; loc=strong_overlap; act_conf=high"
298,"日浦嶺",20,summit-candidate:606168b97944fce5,0.6800,medium,"日浦嶺・打越山","yamap_2024-04-28_10_37.gpx","","久万高原町",boundary_ambiguous,location_uncertain_keep,candidate_boundary_ambiguous,12.878,false,false,high,"top_1_but_ambiguous;top_candidate_for_multiple_mountains","mountain=日浦嶺(#298); candidate=summit-candidate:606168b97944fce5; track=""日浦嶺・打越山""; score=0.68; name_tier=strong; ele_diff=0.94m; loc=mismatch_warning; act_conf=high"
299,"打越山",16,summit-candidate:498b9618ca98fa34,0.6800,medium,"日浦嶺・打越山","yamap_2024-04-28_10_37.gpx","","久万高原町",boundary_ambiguous,location_uncertain_keep,candidate_boundary_ambiguous,10.755,false,false,high,"top_1_but_ambiguous","mountain=打越山(#299); candidate=summit-candidate:498b9618ca98fa34; track=""日浦嶺・打越山""; score=0.68; name_tier=strong; ele_diff=5.8m; loc=mismatch_warning; act_conf=high"
300,"面河山",6,summit-candidate:22e40e9eb117a033,0.8500,medium,"面河山","yamap_2024-05-03_08_45.gpx","久万高原町","久万高原町",stable_interior,location_strong_match,same_municipality,1587.641,true,true,medium,"top_1_but_ambiguous;priority_reduced_strong_match_mutual_top1","mountain=面河山(#300); candidate=summit-candidate:22e40e9eb117a033; track=""面河山""; score=0.75; name_tier=strong; ele_diff=1.14m; loc=strong_overlap; act_conf=high"
301,"丸笹山",8,summit-candidate:aa6060fe8a831f45,0.8500,medium,"丸滝山","yamap_2024-05-11_13_46.gpx","久万高原町","久万高原町",near_boundary,location_strong_match,same_municipality,594.959,false,false,medium,"top_1_but_ambiguous;priority_reduced_strong_match_mutual_top1","mountain=丸笹山(#301); candidate=summit-candidate:aa6060fe8a831f45; track=""丸滝山""; score=0.75; name_tier=strong; ele_diff=7.97m; loc=strong_overlap; act_conf=high"
302,"丸滝山",9,summit-candidate:5ec5a611be375a53,0.7900,medium,"丸笹山","yamap_2024-05-11_07_45.gpx","久万高原町","久万高原町",near_boundary,location_strong_match,same_municipality,3.089,false,false,medium,"top_1_but_ambiguous;priority_reduced_strong_match_mutual_top1","mountain=丸滝山(#302); candidate=summit-candidate:5ec5a611be375a53; track=""丸笹山""; score=0.69; name_tier=strong; ele_diff=11.14m; loc=strong_overlap; act_conf=high"
303,"名石山",27,summit-candidate:ea919bf883e31a7b,0.7500,medium,"名石山","yamap_2024-05-15_11_16.gpx","","松山市",boundary_ambiguous,location_uncertain_keep,candidate_boundary_ambiguous,2.055,false,false,high,"top_1_but_ambiguous","mountain=名石山(#303); candidate=summit-candidate:ea919bf883e31a7b; track=""名石山""; score=0.75; name_tier=strong; ele_diff=7.24m; loc=strong_overlap; act_conf=high"
304,"青刈山",31,summit-candidate:588c967023117267,0.5000,low,"鏡山","yamap_2022-09-26_14_04.gpx","今治市","",near_boundary,missing_location_evidence,missing_mountain_municipality,504.31,false,false,high,"top_1_but_ambiguous;top_candidate_for_multiple_mountains","mountain=青刈山(#304); candidate=summit-candidate:588c967023117267; track=""鏡山""; score=0.5; name_tier=strong; ele_diff=140.52m; loc=mismatch_warning; act_conf=high"
305,"椿山",7,summit-candidate:1b665bc67a34756a,0.8500,medium,"椿山","yamap_2024-06-01_07_14.gpx","久万高原町","久万高原町",near_boundary,location_strong_match,same_municipality,0.945,false,false,medium,"top_1_but_ambiguous;priority_reduced_strong_match_mutual_top1","mountain=椿山(#305); candidate=summit-candidate:1b665bc67a34756a; track=""椿山""; score=0.75; name_tier=strong; ele_diff=5.33m; loc=strong_overlap; act_conf=high"
306,"黒森山",12,summit-candidate:40e090ce41a89b55,0.6900,medium,"沓掛山・黒森山","yamap_2024-06-08_08_42.gpx","","西条市",boundary_ambiguous,location_uncertain_keep,candidate_boundary_ambiguous,8.98,false,false,high,"top_1_but_ambiguous;top_candidate_for_multiple_mountains","mountain=黒森山(#306); candidate=summit-candidate:40e090ce41a89b55; track=""沓掛山・黒森山""; score=0.69; name_tier=strong; ele_diff=12.4m; loc=strong_overlap; act_conf=high"
307,"沓掛山",14,summit-candidate:40e090ce41a89b55,0.7500,medium,"沓掛山・黒森山","yamap_2024-06-08_08_42.gpx","","西条市",boundary_ambiguous,location_uncertain_keep,candidate_boundary_ambiguous,8.98,false,false,high,"top_1_but_ambiguous;top_candidate_for_multiple_mountains","mountain=沓掛山(#307); candidate=summit-candidate:40e090ce41a89b55; track=""沓掛山・黒森山""; score=0.75; name_tier=strong; ele_diff=0.6m; loc=strong_overlap; act_conf=high"
308,"二反山",34,summit-candidate:94e96018c0a5450d,0.5600,medium,"二反山・青刈山","yamap_2024-05-19_08_47.gpx","今治市","",stable_interior,missing_location_evidence,missing_mountain_municipality,1218.201,true,true,high,"top_1_but_ambiguous","mountain=二反山(#308); candidate=summit-candidate:94e96018c0a5450d; track=""二反山・青刈山""; score=0.56; name_tier=strong; ele_diff=2.99m; loc=mismatch_warning; act_conf=none"
309,"平家平",17,summit-candidate:c256cfef3720557f,0.6800,medium,"銅山峰・西山・綱繰山・獅子舞の鼻・冠山・平家平","yamap_2022-11-26_04_41.gpx","","新居浜市",boundary_ambiguous,location_uncertain_keep,candidate_boundary_ambiguous,8.28,false,false,medium,"top_3_with_evidence","mountain=平家平(#309); candidate=summit-candidate:c256cfef3720557f; track=""銅山峰・西山・綱繰山・獅子舞の鼻・冠山・平家平""; score=0.68; name_tier=strong; ele_diff=1.72m; loc=mismatch_warning; act_conf=high"
310,"薬師山",25,summit-candidate:167756a8b787a168,0.5600,medium,"薬師山","yamap_2024-06-16_07_27.gpx","今治市","",stable_cardinal_1km_same,missing_location_evidence,missing_mountain_municipality,964.445,true,false,high,"top_1_but_ambiguous","mountain=薬師山(#310); candidate=summit-candidate:167756a8b787a168; track=""薬師山""; score=0.56; name_tier=strong; ele_diff=5.02m; loc=mismatch_warning; act_conf=none"
311,"子持権現山",28,summit-candidate:df6b60d513f5518e,0.6900,medium,"子持権現山・男山・瓶ヶ森","yamap_2024-07-06_10_01.gpx","","西条市",boundary_ambiguous,location_uncertain_keep,candidate_boundary_ambiguous,1.919,false,false,high,"top_1_but_ambiguous","mountain=子持権現山(#311); candidate=summit-candidate:df6b60d513f5518e; track=""子持権現山・男山・瓶ヶ森""; score=0.69; name_tier=strong; ele_diff=11.43m; loc=strong_overlap; act_conf=high"
312,"男山",14,summit-candidate:53a6401abf71c488,0.6700,medium,"男山・瓶ヶ森・台ヶ森","yamap_2026-05-02_09_29.gpx","西条市","西条市",near_boundary,location_strong_match,same_municipality,71.146,false,false,high,"top_1_but_ambiguous;top_candidate_for_multiple_mountains","mountain=男山(#312); candidate=summit-candidate:53a6401abf71c488; track=""男山・瓶ヶ森・台ヶ森""; score=0.57; name_tier=strong; ele_diff=54.14m; loc=strong_overlap; act_conf=high"
313,"瓶ヶ森",11,summit-candidate:53a6401abf71c488,0.8500,medium,"男山・瓶ヶ森・台ヶ森","yamap_2026-05-02_09_29.gpx","西条市","西条市",near_boundary,location_strong_match,same_municipality,71.146,false,false,medium,"top_1_but_ambiguous;top_candidate_for_multiple_mountains;priority_reduced_strong_match_mutual_top1","mountain=瓶ヶ森(#313); candidate=summit-candidate:53a6401abf71c488; track=""男山・瓶ヶ森・台ヶ森""; score=0.75; name_tier=strong; ele_diff=4.86m; loc=strong_overlap; act_conf=high"
314,"宅並山",20,summit-candidate:f1ee81f4d467a28e,0.8500,medium,"宅並山","yamap_2024-07-08_11_33.gpx","松山市","松山市",near_boundary,location_strong_match,same_municipality,908.41,false,false,medium,"top_1_but_ambiguous;priority_reduced_strong_match_mutual_top1","mountain=宅並山(#314); candidate=summit-candidate:f1ee81f4d467a28e; track=""宅並山""; score=0.75; name_tier=strong; ele_diff=8.65m; loc=strong_overlap; act_conf=high"
315,"岩屋山",14,summit-candidate:c9156b7eea77a1b0,0.7900,medium,"岩屋山","yamap_2024-07-28_15_53.gpx","久万高原町","久万高原町",stable_interior,location_strong_match,same_municipality,8631.071,true,true,medium,"top_1_but_ambiguous;priority_reduced_strong_match_mutual_top1","mountain=岩屋山(#315); candidate=summit-candidate:c9156b7eea77a1b0; track=""岩屋山""; score=0.69; name_tier=strong; ele_diff=16.21m; loc=strong_overlap; act_conf=high"
316,"高縄山",17,summit-candidate:6ba0d3c6b0fb6b96,0.7900,medium,"大月山・高縄山","yamap_2022-04-09_14_44.gpx","松山市","松山市",stable_interior,location_strong_match,same_municipality,3448.293,true,true,high,"top_1_but_ambiguous","mountain=高縄山(#316); candidate=summit-candidate:6ba0d3c6b0fb6b96; track=""大月山・高縄山""; score=0.69; name_tier=strong; ele_diff=11.69m; loc=strong_overlap; act_conf=high"
317,"伊予富士",8,summit-candidate:6f70c7d3c27fe164,0.7800,medium,"伊予富士","yamap_2024-09-14_07_46.gpx","西条市","西条市",near_boundary,location_strong_match,same_municipality,5.944,false,false,medium,"top_1_but_ambiguous;priority_reduced_strong_match_mutual_top1","mountain=伊予富士(#317); candidate=summit-candidate:6f70c7d3c27fe164; track=""伊予富士""; score=0.68; name_tier=strong; ele_diff=9.26m; loc=mismatch_warning; act_conf=high"
318,"中津山(明神山)",15,summit-candidate:fec0bb942061619b,0.8500,medium,"中津山(明神山)・猿越山","yamap_2024-09-23_07_35.gpx","久万高原町","久万高原町",near_boundary,location_strong_match,same_municipality,36.997,false,false,medium,"top_1_but_ambiguous;priority_reduced_strong_match_mutual_top1","mountain=中津山(明神山)(#318); candidate=summit-candidate:fec0bb942061619b; track=""中津山(明神山)・猿越山""; score=0.75; name_tier=strong; ele_diff=1.47m; loc=strong_overlap; act_conf=high"
319,"猿越山",21,summit-candidate:eb3b108c5d508377,0.6900,medium,"中津山(明神山)・猿越山","yamap_2024-09-23_07_35.gpx","","久万高原町",outside_prefecture,location_uncertain_keep,candidate_outside_prefecture,,false,false,high,"top_1_but_ambiguous","mountain=猿越山(#319); candidate=summit-candidate:eb3b108c5d508377; track=""中津山(明神山)・猿越山""; score=0.69; name_tier=strong; ele_diff=24.67m; loc=strong_overlap; act_conf=high"
320,"銅山峰",21,summit-candidate:006436491de34784,0.6700,medium,"銅山峰・西山・綱繰山・獅子舞の鼻・冠山・平家平","yamap_2022-11-26_04_41.gpx","新居浜市","新居浜市",near_boundary,location_strong_match,same_municipality,12.494,false,false,high,"top_1_but_ambiguous;top_candidate_for_multiple_mountains","mountain=銅山峰(#320); candidate=summit-candidate:006436491de34784; track=""銅山峰・西山・綱繰山・獅子舞の鼻・冠山・平家平""; score=0.57; name_tier=strong; ele_diff=399.61m; loc=strong_overlap; act_conf=high"
321,"西山",27,summit-candidate:057580d1c60049b6,0.8500,medium,"銅山峰・西山・三の森・二の森・一の森","yamap_2024-10-05_06_40.gpx","新居浜市","新居浜市",stable_interior,location_strong_match,same_municipality,3917.193,true,true,medium,"top_1_but_ambiguous;top_candidate_for_multiple_mountains;priority_reduced_strong_match_mutual_top1","mountain=西山(#321); candidate=summit-candidate:057580d1c60049b6; track=""銅山峰・西山・三の森・二の森・一の森""; score=0.75; name_tier=strong; ele_diff=3.68m; loc=strong_overlap; act_conf=high"
322,"三の森",18,summit-candidate:057580d1c60049b6,0.6700,medium,"銅山峰・西山・三の森・二の森・一の森","yamap_2024-10-05_06_40.gpx","新居浜市","新居浜市",stable_interior,location_strong_match,same_municipality,3917.193,true,true,high,"top_1_but_ambiguous;top_candidate_for_multiple_mountains","mountain=三の森(#322); candidate=summit-candidate:057580d1c60049b6; track=""銅山峰・西山・三の森・二の森・一の森""; score=0.57; name_tier=strong; ele_diff=271.32m; loc=strong_overlap; act_conf=high"
323,"二の森",18,summit-candidate:057580d1c60049b6,0.6700,medium,"銅山峰・西山・三の森・二の森・一の森","yamap_2024-10-05_06_40.gpx","新居浜市","新居浜市",stable_interior,location_strong_match,same_municipality,3917.193,true,true,high,"top_1_but_ambiguous;top_candidate_for_multiple_mountains","mountain=二の森(#323); candidate=summit-candidate:057580d1c60049b6; track=""銅山峰・西山・三の森・二の森・一の森""; score=0.57; name_tier=strong; ele_diff=385.32m; loc=strong_overlap; act_conf=high"
324,"一の森",16,summit-candidate:0dea5d073885dc9d,0.8500,medium,"銅山峰・西山・三の森・二の森・一の森","yamap_2024-10-05_06_40.gpx","新居浜市","新居浜市",stable_interior,location_strong_match,same_municipality,3629.443,true,true,medium,"top_1_but_ambiguous;priority_reduced_strong_match_mutual_top1","mountain=一の森(#324); candidate=summit-candidate:0dea5d073885dc9d; track=""銅山峰・西山・三の森・二の森・一の森""; score=0.75; name_tier=strong; ele_diff=0.91m; loc=strong_overlap; act_conf=high"
325,"三ッ足山",16,summit-candidate:8078eb6cc96c519a,0.8500,medium,"三ッ足山・カガマシ山・橡尾山・笹ヶ峰","yamap_2024-10-14_04_48.gpx","四国中央市","四国中央市",stable_interior,location_strong_match,same_municipality,1656.731,true,true,medium,"top_1_but_ambiguous;top_candidate_for_multiple_mountains;priority_reduced_strong_match_mutual_top1","mountain=三ッ足山(#325); candidate=summit-candidate:8078eb6cc96c519a; track=""三ッ足山・カガマシ山・橡尾山・笹ヶ峰""; score=0.75; name_tier=strong; ele_diff=6.36m; loc=strong_overlap; act_conf=high"
326,"カガマシ山",21,summit-candidate:0886436b79473a6c,0.8500,medium,"三ッ足山・カガマシ山・橡尾山・笹ヶ峰","yamap_2024-10-14_04_48.gpx","四国中央市","四国中央市",near_boundary,location_strong_match,same_municipality,10.028,false,false,medium,"top_1_but_ambiguous;top_candidate_for_multiple_mountains;priority_reduced_strong_match_mutual_top1","mountain=カガマシ山(#326); candidate=summit-candidate:0886436b79473a6c; track=""三ッ足山・カガマシ山・橡尾山・笹ヶ峰""; score=0.75; name_tier=strong; ele_diff=2.49m; loc=strong_overlap; act_conf=high"
327,"橡尾山",28,summit-candidate:a1b1b7885eeab893,0.6800,medium,"三ッ足山・カガマシ山・橡尾山・笹ヶ峰","yamap_2024-10-14_04_48.gpx","","四国中央市",outside_prefecture,location_uncertain_keep,candidate_outside_prefecture,,false,false,high,"top_1_but_ambiguous","mountain=橡尾山(#327); candidate=summit-candidate:a1b1b7885eeab893; track=""三ッ足山・カガマシ山・橡尾山・笹ヶ峰""; score=0.68; name_tier=strong; ele_diff=1.14m; loc=mismatch_warning; act_conf=high"
328,"笹ヶ峰",24,summit-candidate:851dc9683d2d7442,0.7500,medium,"三ッ足山・カガマシ山・橡尾山・笹ヶ峰","yamap_2024-10-14_04_48.gpx","","四国中央市",boundary_ambiguous,location_uncertain_keep,candidate_boundary_ambiguous,5.925,false,false,medium,"top_3_with_evidence","mountain=笹ヶ峰(#328); candidate=summit-candidate:851dc9683d2d7442; track=""三ッ足山・カガマシ山・橡尾山・笹ヶ峰""; score=0.75; name_tier=strong; ele_diff=5.28m; loc=strong_overlap; act_conf=high"
329,"ハネズル山",13,summit-candidate:e2c08955f9275289,0.8500,medium,"ハネズル山","yamap_2024-10-20_06_42.gpx","四国中央市","四国中央市",near_boundary,location_strong_match,same_municipality,399.903,false,false,medium,"top_1_but_ambiguous;top_candidate_for_multiple_mountains;priority_reduced_strong_match_mutual_top1","mountain=ハネズル山(#329); candidate=summit-candidate:e2c08955f9275289; track=""ハネズル山""; score=0.75; name_tier=strong; ele_diff=7.13m; loc=strong_overlap; act_conf=high"
330,"天堤山",18,summit-candidate:f54f44da226a4a15,0.7900,medium,"天堤山","yamap_2024-10-20_11_05.gpx","四国中央市","四国中央市",stable_interior,location_strong_match,same_municipality,2098.275,true,true,medium,"top_1_but_ambiguous;priority_reduced_strong_match_mutual_top1","mountain=天堤山(#330); candidate=summit-candidate:f54f44da226a4a15; track=""天堤山""; score=0.69; name_tier=strong; ele_diff=12.15m; loc=strong_overlap; act_conf=high"
331,"五郎丸",20,summit-candidate:9cc74b44e1289236,0.7500,medium,"唐谷山・天狗森・木峰・金見山・高丸・五郎丸・大谷山・龍王山","yamap_2024-12-01_06_40.gpx","","四国中央市",boundary_ambiguous,location_uncertain_keep,candidate_boundary_ambiguous,4.425,false,false,medium,"top_3_with_evidence","mountain=五郎丸(#331); candidate=summit-candidate:9cc74b44e1289236; track=""唐谷山・天狗森・木峰・金見山・高丸・五郎丸・大谷山・龍王山""; score=0.75; name_tier=strong; ele_diff=5.68m; loc=strong_overlap; act_conf=high"
332,"高丸",18,summit-candidate:9cc74b44e1289236,0.7500,medium,"唐谷山・天狗森・木峰・金見山・高丸・五郎丸・大谷山・龍王山","yamap_2024-12-01_06_40.gpx","","四国中央市",boundary_ambiguous,location_uncertain_keep,candidate_boundary_ambiguous,4.425,false,false,medium,"top_3_with_evidence","mountain=高丸(#332); candidate=summit-candidate:9cc74b44e1289236; track=""唐谷山・天狗森・木峰・金見山・高丸・五郎丸・大谷山・龍王山""; score=0.75; name_tier=strong; ele_diff=0.32m; loc=strong_overlap; act_conf=high"
333,"金見山",20,summit-candidate:9cc74b44e1289236,0.7500,medium,"唐谷山・天狗森・木峰・金見山・高丸・五郎丸・大谷山・龍王山","yamap_2024-12-01_06_40.gpx","","四国中央市",boundary_ambiguous,location_uncertain_keep,candidate_boundary_ambiguous,4.425,false,false,medium,"top_3_with_evidence","mountain=金見山(#333); candidate=summit-candidate:9cc74b44e1289236; track=""唐谷山・天狗森・木峰・金見山・高丸・五郎丸・大谷山・龍王山""; score=0.75; name_tier=strong; ele_diff=6.68m; loc=strong_overlap; act_conf=high"
334,"木峰",19,summit-candidate:9cc74b44e1289236,0.7500,medium,"唐谷山・天狗森・木峰・金見山・高丸・五郎丸・大谷山・龍王山","yamap_2024-12-01_06_40.gpx","","四国中央市",boundary_ambiguous,location_uncertain_keep,candidate_boundary_ambiguous,4.425,false,false,medium,"top_3_with_evidence","mountain=木峰(#334); candidate=summit-candidate:9cc74b44e1289236; track=""唐谷山・天狗森・木峰・金見山・高丸・五郎丸・大谷山・龍王山""; score=0.75; name_tier=strong; ele_diff=4.68m; loc=strong_overlap; act_conf=high"
335,"天狗森",15,summit-candidate:9cc74b44e1289236,0.5700,medium,"唐谷山・天狗森・木峰・金見山・高丸・五郎丸・大谷山・龍王山","yamap_2024-12-01_06_40.gpx","","四国中央市",boundary_ambiguous,location_uncertain_keep,candidate_boundary_ambiguous,4.425,false,false,medium,"top_3_with_evidence","mountain=天狗森(#335); candidate=summit-candidate:9cc74b44e1289236; track=""唐谷山・天狗森・木峰・金見山・高丸・五郎丸・大谷山・龍王山""; score=0.57; name_tier=strong; ele_diff=54.32m; loc=strong_overlap; act_conf=high"
336,"唐谷山",20,summit-candidate:32c1cf967ab82dbe,0.6200,medium,"唐谷山・天狗森・木峰・金見山・高丸・五郎丸・大谷山・龍王山","yamap_2024-12-01_06_40.gpx","","四国中央市",boundary_ambiguous,location_uncertain_keep,candidate_boundary_ambiguous,8.334,false,false,high,"top_1_but_ambiguous;top_candidate_for_multiple_mountains","mountain=唐谷山(#336); candidate=summit-candidate:32c1cf967ab82dbe; track=""唐谷山・天狗森・木峰・金見山・高丸・五郎丸・大谷山・龍王山""; score=0.62; name_tier=strong; ele_diff=18.24m; loc=mismatch_warning; act_conf=high"
337,"龍王山",22,summit-candidate:9cc74b44e1289236,0.5700,medium,"唐谷山・天狗森・木峰・金見山・高丸・五郎丸・大谷山・龍王山","yamap_2024-12-01_06_40.gpx","","四国中央市",boundary_ambiguous,location_uncertain_keep,candidate_boundary_ambiguous,4.425,false,false,medium,"top_3_with_evidence","mountain=龍王山(#337); candidate=summit-candidate:9cc74b44e1289236; track=""唐谷山・天狗森・木峰・金見山・高丸・五郎丸・大谷山・龍王山""; score=0.57; name_tier=strong; ele_diff=139.32m; loc=strong_overlap; act_conf=high"
338,"大谷山",19,summit-candidate:32c1cf967ab82dbe,0.6800,medium,"唐谷山・天狗森・木峰・金見山・高丸・五郎丸・大谷山・龍王山","yamap_2024-12-01_06_40.gpx","","四国中央市",boundary_ambiguous,location_uncertain_keep,candidate_boundary_ambiguous,8.334,false,false,high,"top_1_but_ambiguous;top_candidate_for_multiple_mountains","mountain=大谷山(#338); candidate=summit-candidate:32c1cf967ab82dbe; track=""唐谷山・天狗森・木峰・金見山・高丸・五郎丸・大谷山・龍王山""; score=0.68; name_tier=strong; ele_diff=3.76m; loc=mismatch_warning; act_conf=high"
339,"城山",51,summit-candidate:9cc74b44e1289236,0.5700,medium,"唐谷山・天狗森・木峰・金見山・高丸・五郎丸・大谷山・龍王山","yamap_2024-12-01_06_40.gpx","","四国中央市",boundary_ambiguous,location_uncertain_keep,candidate_boundary_ambiguous,4.425,false,false,medium,"top_3_with_evidence","mountain=城山(#339); candidate=summit-candidate:9cc74b44e1289236; track=""唐谷山・天狗森・木峰・金見山・高丸・五郎丸・大谷山・龍王山""; score=0.57; name_tier=strong; ele_diff=527.32m; loc=strong_overlap; act_conf=high"
340,"本尊山",20,summit-candidate:0bd3d051cdb972fd,0.6700,medium,"本尊山・秋葉山・立烏帽子山・明神山","yamap_2024-12-08_06_59.gpx","伊予市","伊予市",stable_interior,location_strong_match,same_municipality,2222.144,true,true,high,"top_1_but_ambiguous;top_candidate_for_multiple_mountains","mountain=本尊山(#340); candidate=summit-candidate:0bd3d051cdb972fd; track=""本尊山・秋葉山・立烏帽子山・明神山""; score=0.57; name_tier=strong; ele_diff=445.31m; loc=strong_overlap; act_conf=high"
341,"秋葉山",21,summit-candidate:0bd3d051cdb972fd,0.8500,medium,"本尊山・秋葉山・立烏帽子山・明神山","yamap_2024-12-08_06_59.gpx","伊予市","伊予市",stable_interior,location_strong_match,same_municipality,2222.144,true,true,medium,"top_1_but_ambiguous;top_candidate_for_multiple_mountains;priority_reduced_strong_match_mutual_top1","mountain=秋葉山(#341); candidate=summit-candidate:0bd3d051cdb972fd; track=""本尊山・秋葉山・立烏帽子山・明神山""; score=0.75; name_tier=strong; ele_diff=1.31m; loc=strong_overlap; act_conf=high"
342,"立烏帽子山",12,summit-candidate:f12898f5821b63b8,0.8500,medium,"本尊山・秋葉山・立烏帽子山・明神山","yamap_2024-12-08_06_59.gpx","伊予市","伊予市",stable_interior,location_strong_match,same_municipality,1446.108,true,true,medium,"top_1_but_ambiguous;priority_reduced_strong_match_mutual_top1","mountain=立烏帽子山(#342); candidate=summit-candidate:f12898f5821b63b8; track=""本尊山・秋葉山・立烏帽子山・明神山""; score=0.75; name_tier=strong; ele_diff=5.88m; loc=strong_overlap; act_conf=high"
343,"明神山",27,summit-candidate:0bd3d051cdb972fd,0.8500,medium,"本尊山・秋葉山・立烏帽子山・明神山","yamap_2024-12-08_06_59.gpx","伊予市","伊予市",stable_interior,location_strong_match,same_municipality,2222.144,true,true,high,"top_1_but_ambiguous;top_candidate_for_multiple_mountains","mountain=明神山(#343); candidate=summit-candidate:0bd3d051cdb972fd; track=""本尊山・秋葉山・立烏帽子山・明神山""; score=0.75; name_tier=strong; ele_diff=1.69m; loc=strong_overlap; act_conf=high"
344,"陣が森",15,summit-candidate:6b0155a434d72d79,0.6800,medium,"陣が森・岩が森・スクモ塚・高萩山・長者森","yamap_2024-12-15_07_21.gpx","","松山市",boundary_ambiguous,location_uncertain_keep,candidate_boundary_ambiguous,0.85,false,false,high,"top_1_but_ambiguous;top_candidate_for_multiple_mountains","mountain=陣が森(#344); candidate=summit-candidate:6b0155a434d72d79; track=""陣が森・岩が森・スクモ塚・高萩山・長者森""; score=0.68; name_tier=strong; ele_diff=5.55m; loc=mismatch_warning; act_conf=high"
345,"岩が森",33,summit-candidate:c195c34fb7e38d7a,0.6800,medium,"陣が森・岩が森・スクモ塚・高萩山・長者森","yamap_2024-12-15_07_21.gpx","","松山市",boundary_ambiguous,location_uncertain_keep,candidate_boundary_ambiguous,2.315,false,false,high,"top_1_but_ambiguous","mountain=岩が森(#345); candidate=summit-candidate:c195c34fb7e38d7a; track=""陣が森・岩が森・スクモ塚・高萩山・長者森""; score=0.68; name_tier=strong; ele_diff=5.54m; loc=mismatch_warning; act_conf=high"
346,"スクモ塚",30,summit-candidate:d8270fc572efc0b2,0.8500,medium,"陣が森・岩が森・スクモ塚・高萩山・長者森","yamap_2024-12-15_07_21.gpx","松山市","松山市",near_boundary,location_strong_match,same_municipality,261.183,false,false,medium,"top_1_but_ambiguous;priority_reduced_strong_match_mutual_top1","mountain=スクモ塚(#346); candidate=summit-candidate:d8270fc572efc0b2; track=""陣が森・岩が森・スクモ塚・高萩山・長者森""; score=0.75; name_tier=strong; ele_diff=3.95m; loc=strong_overlap; act_conf=high"
347,"高萩山",35,summit-candidate:f0a03b36c279ddd3,0.7500,medium,"陣が森・岩が森・スクモ塚・高萩山・長者森","yamap_2024-12-15_07_21.gpx","","松山市",boundary_ambiguous,location_uncertain_keep,candidate_boundary_ambiguous,4.076,false,false,high,"top_1_but_ambiguous","mountain=高萩山(#347); candidate=summit-candidate:f0a03b36c279ddd3; track=""陣が森・岩が森・スクモ塚・高萩山・長者森""; score=0.75; name_tier=strong; ele_diff=3.21m; loc=strong_overlap; act_conf=high"
348,"長者森",28,summit-candidate:bcc05b721653749f,0.8500,medium,"陣が森・岩が森・スクモ塚・高萩山・長者森","yamap_2024-12-15_07_21.gpx","今治市","今治市",near_boundary,location_strong_match,same_municipality,288.183,false,false,medium,"top_1_but_ambiguous;priority_reduced_strong_match_mutual_top1","mountain=長者森(#348); candidate=summit-candidate:bcc05b721653749f; track=""陣が森・岩が森・スクモ塚・高萩山・長者森""; score=0.75; name_tier=strong; ele_diff=2.62m; loc=strong_overlap; act_conf=high"
349,"八倉山",28,summit-candidate:4416099ca0f9da08,0.8500,medium,"笹ヶ平山","yamap_2024-12-22_10_25.gpx","砥部町","砥部町",near_boundary,location_strong_match,same_municipality,361.508,false,false,medium,"top_1_but_ambiguous;top_candidate_for_multiple_mountains;priority_reduced_strong_match_mutual_top1","mountain=八倉山(#349); candidate=summit-candidate:4416099ca0f9da08; track=""笹ヶ平山""; score=0.75; name_tier=strong; ele_diff=3.19m; loc=strong_overlap; act_conf=high"
350,"行道山",36,summit-candidate:cfd366be872f9534,0.7300,medium,"八倉山・行道山・水晶ヶ森","yamap_2024-12-22_06_34.gpx","砥部町","砥部町",near_boundary,location_strong_match,same_municipality,238.606,false,false,high,"top_1_but_ambiguous;top_candidate_for_multiple_mountains","mountain=行道山(#350); candidate=summit-candidate:cfd366be872f9534; track=""八倉山・行道山・水晶ヶ森""; score=0.63; name_tier=strong; ele_diff=30.86m; loc=strong_overlap; act_conf=high"
351,"水晶ヶ森",33,summit-candidate:cfd366be872f9534,0.8500,medium,"八倉山・行道山・水晶ヶ森","yamap_2024-12-22_06_34.gpx","砥部町","砥部町",near_boundary,location_strong_match,same_municipality,238.606,false,false,medium,"top_1_but_ambiguous;top_candidate_for_multiple_mountains;priority_reduced_strong_match_mutual_top1","mountain=水晶ヶ森(#351); candidate=summit-candidate:cfd366be872f9534; track=""八倉山・行道山・水晶ヶ森""; score=0.75; name_tier=strong; ele_diff=1.14m; loc=strong_overlap; act_conf=high"
352,"笹ヶ平山",31,summit-candidate:4416099ca0f9da08,0.8500,medium,"笹ヶ平山","yamap_2024-12-22_10_25.gpx","砥部町","砥部町",near_boundary,location_strong_match,same_municipality,361.508,false,false,high,"top_1_but_ambiguous;top_candidate_for_multiple_mountains","mountain=笹ヶ平山(#352); candidate=summit-candidate:4416099ca0f9da08; track=""笹ヶ平山""; score=0.75; name_tier=strong; ele_diff=0.81m; loc=strong_overlap; act_conf=high"
353,"壺神山",19,summit-candidate:c58c0ba7145621b9,0.6900,medium,"壺神山・滝山・足山・皿が森","yamap_2025-01-03_07_19.gpx","","大洲市",boundary_ambiguous,location_uncertain_keep,candidate_boundary_ambiguous,11.843,false,false,high,"top_1_but_ambiguous","mountain=壺神山(#353); candidate=summit-candidate:c58c0ba7145621b9; track=""壺神山・滝山・足山・皿が森""; score=0.69; name_tier=strong; ele_diff=13.35m; loc=strong_overlap; act_conf=high"
354,"滝山",34,summit-candidate:38105da918da8262,0.8500,medium,"壺神山・滝山・足山・皿が森","yamap_2025-01-03_07_19.gpx","大洲市","大洲市",near_boundary,location_strong_match,same_municipality,637.96,false,false,medium,"top_1_but_ambiguous;priority_reduced_strong_match_mutual_top1","mountain=滝山(#354); candidate=summit-candidate:38105da918da8262; track=""壺神山・滝山・足山・皿が森""; score=0.75; name_tier=strong; ele_diff=7.07m; loc=strong_overlap; act_conf=high"
355,"足山",25,summit-candidate:0048d4d3a7981b80,0.7900,medium,"壺神山・滝山・足山・皿が森","yamap_2025-01-03_07_19.gpx","大洲市","大洲市",stable_interior,location_strong_match,same_municipality,2356.709,true,true,high,"top_1_but_ambiguous;top_candidate_for_multiple_mountains","mountain=足山(#355); candidate=summit-candidate:0048d4d3a7981b80; track=""壺神山・滝山・足山・皿が森""; score=0.69; name_tier=strong; ele_diff=22.52m; loc=strong_overlap; act_conf=high"
356,"皿が森",26,summit-candidate:4db5b3ffd85092bf,0.7900,medium,"壺神山・滝山・足山・皿が森","yamap_2025-01-03_07_19.gpx","大洲市","大洲市",stable_interior,location_strong_match,same_municipality,3098.987,true,true,medium,"top_1_but_ambiguous;priority_reduced_strong_match_mutual_top1","mountain=皿が森(#356); candidate=summit-candidate:4db5b3ffd85092bf; track=""壺神山・滝山・足山・皿が森""; score=0.69; name_tier=strong; ele_diff=16.96m; loc=strong_overlap; act_conf=high"
357,"尉之山",35,summit-candidate:12f30719aca26806,0.6900,medium,"尉之山・小山岳","yamap_2025-01-11_08_43.gpx","","松山市",boundary_ambiguous,location_uncertain_keep,candidate_boundary_ambiguous,2.27,false,false,medium,"top_3_with_evidence","mountain=尉之山(#357); candidate=summit-candidate:12f30719aca26806; track=""尉之山・小山岳""; score=0.69; name_tier=strong; ele_diff=14.06m; loc=strong_overlap; act_conf=high"
358,"小山岳",24,summit-candidate:7749b785ef007c1a,0.7500,medium,"尉之山・小山岳","yamap_2025-01-11_08_43.gpx","","松山市",boundary_ambiguous,location_uncertain_keep,candidate_boundary_ambiguous,1.291,false,false,high,"top_1_but_ambiguous","mountain=小山岳(#358); candidate=summit-candidate:7749b785ef007c1a; track=""尉之山・小山岳""; score=0.75; name_tier=strong; ele_diff=4.82m; loc=strong_overlap; act_conf=high"
359,"勝山",38,summit-candidate:12f30719aca26806,0.6900,medium,"尉之山・小山岳","yamap_2025-01-11_08_43.gpx","","松山市",boundary_ambiguous,location_uncertain_keep,candidate_boundary_ambiguous,2.27,false,false,medium,"top_3_with_evidence","mountain=勝山(#359); candidate=summit-candidate:12f30719aca26806; track=""尉之山・小山岳""; score=0.69; name_tier=strong; ele_diff=12.06m; loc=strong_overlap; act_conf=high"
360,"松葉山（松葉城址）",31,summit-candidate:7a59a4750a70552c,0.8500,medium,"御篠山・松葉山（松葉城址）・烏殿","yamap_2025-01-24_13_34.gpx","西予市","西予市",stable_interior,location_strong_match,same_municipality,4263.745,true,true,medium,"top_1_but_ambiguous;priority_reduced_strong_match_mutual_top1","mountain=松葉山（松葉城址）(#360); candidate=summit-candidate:7a59a4750a70552c; track=""御篠山・松葉山（松葉城址）・烏殿""; score=0.75; name_tier=strong; ele_diff=9.94m; loc=strong_overlap; act_conf=high"
361,"烏殿",19,summit-candidate:d71483d289d0c575,0.8500,medium,"御篠山・松葉山（松葉城址）・烏殿","yamap_2025-01-24_13_34.gpx","西予市","西予市",stable_interior,location_strong_match,same_municipality,4197.095,true,true,medium,"top_1_but_ambiguous;priority_reduced_strong_match_mutual_top1","mountain=烏殿(#361); candidate=summit-candidate:d71483d289d0c575; track=""御篠山・松葉山（松葉城址）・烏殿""; score=0.75; name_tier=strong; ele_diff=4.12m; loc=strong_overlap; act_conf=high"
362,"御篠山",37,summit-candidate:2c1cbc474e49f1ec,0.8500,medium,"御篠山・松葉山（松葉城址）・烏殿","yamap_2025-01-24_13_34.gpx","西予市","西予市",stable_interior,location_strong_match,same_municipality,3927.807,true,true,medium,"top_1_but_ambiguous;priority_reduced_strong_match_mutual_top1","mountain=御篠山(#362); candidate=summit-candidate:2c1cbc474e49f1ec; track=""御篠山・松葉山（松葉城址）・烏殿""; score=0.75; name_tier=strong; ele_diff=3.83m; loc=strong_overlap; act_conf=high"
363,"天が森",35,summit-candidate:090f7fa4be89ec5e,0.6700,medium,"天が森・浄心山・銅が鳴","yamap_2025-01-26_07_09.gpx","八幡浜市","八幡浜市",stable_interior,location_strong_match,same_municipality,1481.082,true,true,high,"top_1_but_ambiguous;top_candidate_for_multiple_mountains","mountain=天が森(#363); candidate=summit-candidate:090f7fa4be89ec5e; track=""天が森・浄心山・銅が鳴""; score=0.57; name_tier=strong; ele_diff=389.44m; loc=strong_overlap; act_conf=high"
364,"浄心山",14,summit-candidate:090f7fa4be89ec5e,0.8500,medium,"天が森・浄心山・銅が鳴","yamap_2025-01-26_07_09.gpx","八幡浜市","八幡浜市",stable_interior,location_strong_match,same_municipality,1481.082,true,true,medium,"top_1_but_ambiguous;top_candidate_for_multiple_mountains;priority_reduced_strong_match_mutual_top1","mountain=浄心山(#364); candidate=summit-candidate:090f7fa4be89ec5e; track=""天が森・浄心山・銅が鳴""; score=0.75; name_tier=strong; ele_diff=1.44m; loc=strong_overlap; act_conf=high"
365,"銅が鳴",12,summit-candidate:090f7fa4be89ec5e,0.7900,medium,"天が森・浄心山・銅が鳴","yamap_2025-01-26_07_09.gpx","八幡浜市","八幡浜市",stable_interior,location_strong_match,same_municipality,1481.082,true,true,high,"top_1_but_ambiguous;top_candidate_for_multiple_mountains","mountain=銅が鳴(#365); candidate=summit-candidate:090f7fa4be89ec5e; track=""天が森・浄心山・銅が鳴""; score=0.69; name_tier=strong; ele_diff=15.44m; loc=strong_overlap; act_conf=high"
366,"弥八山",33,summit-candidate:0cc40babcd0ce6bf,0.8500,medium,"弥八山","yamap_2025-01-30_06_55.gpx","四国中央市","四国中央市",near_boundary,location_strong_match,same_municipality,698.434,false,false,medium,"top_1_but_ambiguous;priority_reduced_strong_match_mutual_top1","mountain=弥八山(#366); candidate=summit-candidate:0cc40babcd0ce6bf; track=""弥八山""; score=0.75; name_tier=strong; ele_diff=1.85m; loc=strong_overlap; act_conf=high"
367,"西の山",26,summit-candidate:8cef52d6989a94db,0.8500,medium,"北山","yamap_2025-01-30_10_12.gpx","四国中央市","四国中央市",stable_interior,location_strong_match,same_municipality,1970.211,true,true,medium,"top_1_but_ambiguous;top_candidate_for_multiple_mountains;priority_reduced_strong_match_mutual_top1","mountain=西の山(#367); candidate=summit-candidate:8cef52d6989a94db; track=""北山""; score=0.75; name_tier=strong; ele_diff=6.33m; loc=strong_overlap; act_conf=high"
368,"北山",28,summit-candidate:8cef52d6989a94db,0.8500,medium,"北山","yamap_2025-01-30_10_12.gpx","四国中央市","四国中央市",stable_interior,location_strong_match,same_municipality,1970.211,true,true,high,"top_1_but_ambiguous;top_candidate_for_multiple_mountains","mountain=北山(#368); candidate=summit-candidate:8cef52d6989a94db; track=""北山""; score=0.75; name_tier=strong; ele_diff=3.33m; loc=strong_overlap; act_conf=high"
369,"垣生山",28,summit-candidate:6c20bef6dc4e973b,0.8500,medium,"垣生山","yamap_2025-01-30_12_21.gpx","新居浜市","新居浜市",near_boundary,location_strong_match,same_municipality,247.052,false,false,medium,"top_1_but_ambiguous;priority_reduced_strong_match_mutual_top1","mountain=垣生山(#369); candidate=summit-candidate:6c20bef6dc4e973b; track=""垣生山""; score=0.75; name_tier=strong; ele_diff=2.26m; loc=strong_overlap; act_conf=high"
370,"金子山",25,summit-candidate:3c1e55e6cc05c0ad,0.8500,medium,"金子山","yamap_2025-01-30_13_18.gpx","新居浜市","新居浜市",stable_interior,location_strong_match,same_municipality,2308.954,true,true,medium,"top_1_but_ambiguous;priority_reduced_strong_match_mutual_top1","mountain=金子山(#370); candidate=summit-candidate:3c1e55e6cc05c0ad; track=""金子山""; score=0.75; name_tier=strong; ele_diff=2.3m; loc=strong_overlap; act_conf=high"
371,"八堂山",25,summit-candidate:bf9808bbf86d5d73,0.8500,medium,"八堂山","yamap_2025-01-30_14_42.gpx","西条市","西条市",stable_interior,location_strong_match,same_municipality,4094.17,true,true,medium,"top_1_but_ambiguous;priority_reduced_strong_match_mutual_top1","mountain=八堂山(#371); candidate=summit-candidate:bf9808bbf86d5d73; track=""八堂山""; score=0.75; name_tier=strong; ele_diff=1.17m; loc=strong_overlap; act_conf=high"
372,"亀老山",25,summit-candidate:40260be41579ab8f,0.3300,low,"尾ノ峰・新城山・腰折山・恵良山","yamap_2022-01-28_12_28.gpx","松山市","",stable_interior,missing_location_evidence,missing_mountain_municipality,1910.308,true,true,high,"top_1_but_ambiguous;top_candidate_for_multiple_mountains","mountain=亀老山(#372); candidate=summit-candidate:40260be41579ab8f; track=""尾ノ峰・新城山・腰折山・恵良山""; score=0.33; name_tier=none; ele_diff=1.87m; loc=mismatch_warning; act_conf=high"
373,"カレイ山",25,summit-candidate:86e4db352b85ced4,0.6800,medium,"高取山","yamap_2025-02-09_11_27.gpx","今治市","",stable_cardinal_1km_same,missing_location_evidence,missing_mountain_municipality,843.279,true,false,high,"top_1_but_ambiguous","mountain=カレイ山(#373); candidate=summit-candidate:86e4db352b85ced4; track=""高取山""; score=0.68; name_tier=strong; ele_diff=3.75m; loc=mismatch_warning; act_conf=high"
374,"念仏山",38,summit-candidate:110345ef4fb31191,0.6800,medium,"念仏山","yamap_2025-02-09_08_01.gpx","今治市","",stable_interior,missing_location_evidence,missing_mountain_municipality,1723.387,true,true,high,"top_1_but_ambiguous","mountain=念仏山(#374); candidate=summit-candidate:110345ef4fb31191; track=""念仏山""; score=0.68; name_tier=strong; ele_diff=6.35m; loc=mismatch_warning; act_conf=high"
375,"大頭山",32,summit-candidate:afc2e407c1d6b464,0.6800,medium,"大頭山","yamap_2025-02-09_09_27.gpx","今治市","",stable_cardinal_1km_same,missing_location_evidence,missing_mountain_municipality,831.521,true,false,high,"top_1_but_ambiguous;top_candidate_for_multiple_mountains","mountain=大頭山(#375); candidate=summit-candidate:afc2e407c1d6b464; track=""大頭山""; score=0.68; name_tier=strong; ele_diff=3.61m; loc=mismatch_warning; act_conf=high"
376,"高取山",27,summit-candidate:afc2e407c1d6b464,0.6800,medium,"大頭山","yamap_2025-02-09_09_27.gpx","今治市","",stable_cardinal_1km_same,missing_location_evidence,missing_mountain_municipality,831.521,true,false,high,"top_1_but_ambiguous;top_candidate_for_multiple_mountains","mountain=高取山(#376); candidate=summit-candidate:afc2e407c1d6b464; track=""大頭山""; score=0.68; name_tier=strong; ele_diff=8.39m; loc=mismatch_warning; act_conf=high"
377,"八幡山",24,summit-candidate:b9ae103da9e3136b,0.6800,medium,"八幡山","yamap_2025-02-09_12_21.gpx","今治市","",stable_interior,missing_location_evidence,missing_mountain_municipality,1209.797,true,true,high,"top_1_but_ambiguous","mountain=八幡山(#377); candidate=summit-candidate:b9ae103da9e3136b; track=""八幡山""; score=0.68; name_tier=strong; ele_diff=0.26m; loc=mismatch_warning; act_conf=high"
378,"要害山",27,summit-candidate:0005c0040c7c7966,0.7900,medium,"要害山","yamap_2025-02-11_08_43.gpx","松山市","松山市",near_boundary,location_strong_match,same_municipality,139.72,false,false,medium,"top_1_but_ambiguous;priority_reduced_strong_match_mutual_top1","mountain=要害山(#378); candidate=summit-candidate:0005c0040c7c7966; track=""要害山""; score=0.69; name_tier=strong; ele_diff=14.79m; loc=strong_overlap; act_conf=high"
379,"高穴山",27,summit-candidate:a0b87feaf88e526d,0.8500,medium,"高穴山","yamap_2025-02-11_09_46.gpx","松山市","松山市",stable_interior,location_strong_match,same_municipality,3747.995,true,true,medium,"top_1_but_ambiguous;priority_reduced_strong_match_mutual_top1","mountain=高穴山(#379); candidate=summit-candidate:a0b87feaf88e526d; track=""高穴山""; score=0.75; name_tier=strong; ele_diff=9.54m; loc=strong_overlap; act_conf=high"
380,"高仙山",24,summit-candidate:3807e62715de33f9,0.8500,medium,"高仙山","yamap_2025-02-11_13_28.gpx","今治市","今治市",stable_interior,location_strong_match,same_municipality,2368.176,true,true,medium,"top_1_but_ambiguous;priority_reduced_strong_match_mutual_top1","mountain=高仙山(#380); candidate=summit-candidate:3807e62715de33f9; track=""高仙山""; score=0.75; name_tier=strong; ele_diff=7m; loc=strong_overlap; act_conf=high"
381,"霊仙山",17,summit-candidate:47b61397fb9c5d3f,0.8500,medium,"霊仙山","yamap_2025-02-24_10_12.gpx","今治市","今治市",stable_interior,location_strong_match,same_municipality,2557.374,true,true,medium,"top_1_but_ambiguous;top_candidate_for_multiple_mountains;priority_reduced_strong_match_mutual_top1","mountain=霊仙山(#381); candidate=summit-candidate:47b61397fb9c5d3f; track=""霊仙山""; score=0.75; name_tier=strong; ele_diff=3.57m; loc=strong_overlap; act_conf=high"
382,"若いもん山",29,summit-candidate:47b61397fb9c5d3f,0.7900,medium,"霊仙山","yamap_2025-02-24_10_12.gpx","今治市","今治市",stable_interior,location_strong_match,same_municipality,2557.374,true,true,high,"top_1_but_ambiguous;top_candidate_for_multiple_mountains","mountain=若いもん山(#382); candidate=summit-candidate:47b61397fb9c5d3f; track=""霊仙山""; score=0.69; name_tier=strong; ele_diff=25.43m; loc=strong_overlap; act_conf=high"
383,"無宗天山",23,summit-candidate:0f09bdcc25daff65,0.8500,medium,"無宗天山","yamap_2025-02-24_07_30.gpx","今治市","今治市",stable_interior,location_strong_match,same_municipality,2302.322,true,true,medium,"top_1_but_ambiguous;priority_reduced_strong_match_mutual_top1","mountain=無宗天山(#383); candidate=summit-candidate:0f09bdcc25daff65; track=""無宗天山""; score=0.75; name_tier=strong; ele_diff=1.04m; loc=strong_overlap; act_conf=high"
384,"綱付山",17,summit-candidate:f19fd681c4c84753,0.8500,medium,"綱付山・幻城上城","yamap_2025-02-28_07_34.gpx","西条市","西条市",stable_interior,location_strong_match,same_municipality,6276.399,true,true,medium,"top_1_but_ambiguous;priority_reduced_strong_match_mutual_top1","mountain=綱付山(#384); candidate=summit-candidate:f19fd681c4c84753; track=""綱付山・幻城上城""; score=0.75; name_tier=strong; ele_diff=2.28m; loc=strong_overlap; act_conf=high"
385,"幻城上城",20,summit-candidate:e4f762179d85915d,0.8500,medium,"綱付山・幻城上城","yamap_2025-02-28_07_34.gpx","西条市","西条市",stable_interior,location_strong_match,same_municipality,6532.67,true,true,medium,"top_1_but_ambiguous;priority_reduced_strong_match_mutual_top1","mountain=幻城上城(#385); candidate=summit-candidate:e4f762179d85915d; track=""綱付山・幻城上城""; score=0.75; name_tier=strong; ele_diff=1.14m; loc=strong_overlap; act_conf=high"
386,"幻城下城",25,summit-candidate:2129bbc9c3950a91,0.8500,medium,"幻城下城","yamap_2025-02-28_10_24.gpx","西条市","西条市",stable_interior,location_strong_match,same_municipality,5606.713,true,true,medium,"top_1_but_ambiguous;priority_reduced_strong_match_mutual_top1","mountain=幻城下城(#386); candidate=summit-candidate:2129bbc9c3950a91; track=""幻城下城""; score=0.75; name_tier=strong; ele_diff=1.36m; loc=strong_overlap; act_conf=high"
387,"階上山",18,summit-candidate:276fed5ecb7b3eb4,0.8500,medium,"階上山","yamap_2025-03-02_13_17.gpx","伊予市","伊予市",stable_interior,location_strong_match,same_municipality,1220.878,true,true,medium,"top_1_but_ambiguous;priority_reduced_strong_match_mutual_top1","mountain=階上山(#387); candidate=summit-candidate:276fed5ecb7b3eb4; track=""階上山""; score=0.75; name_tier=strong; ele_diff=4.09m; loc=strong_overlap; act_conf=high"
388,"姫政山",28,summit-candidate:d456af62868c5044,0.6800,medium,"姫政山","yamap_2025-03-10_08_18.gpx","今治市","",near_boundary,missing_location_evidence,missing_mountain_municipality,691.495,false,false,high,"top_1_but_ambiguous","mountain=姫政山(#388); candidate=summit-candidate:d456af62868c5044; track=""姫政山""; score=0.68; name_tier=strong; ele_diff=8.42m; loc=mismatch_warning; act_conf=high"
389,"館山",23,summit-candidate:6b836f5beefdd52c,0.6200,medium,"館山","yamap_2025-03-10_10_25.gpx","今治市","",near_boundary,missing_location_evidence,missing_mountain_municipality,453.519,false,false,high,"top_1_but_ambiguous","mountain=館山(#389); candidate=summit-candidate:6b836f5beefdd52c; track=""館山""; score=0.62; name_tier=strong; ele_diff=11.35m; loc=mismatch_warning; act_conf=high"
390,"高森山",36,summit-candidate:682d61b87016166b,0.8500,medium,"高森山","yamap_2025-03-17_13_17.gpx","内子町","内子町",stable_interior,location_strong_match,same_municipality,2756.597,true,true,medium,"top_1_but_ambiguous;priority_reduced_strong_match_mutual_top1","mountain=高森山(#390); candidate=summit-candidate:682d61b87016166b; track=""高森山""; score=0.75; name_tier=strong; ele_diff=1.82m; loc=strong_overlap; act_conf=high"
391,"大登山",35,summit-candidate:230b9847a05c8052,0.8500,medium,"大登山","yamap_2025-03-17_14_08.gpx","内子町","内子町",stable_interior,location_strong_match,same_municipality,2424.675,true,true,medium,"top_1_but_ambiguous;priority_reduced_strong_match_mutual_top1","mountain=大登山(#391); candidate=summit-candidate:230b9847a05c8052; track=""大登山""; score=0.75; name_tier=strong; ele_diff=1.58m; loc=strong_overlap; act_conf=high"
392,"高山",25,summit-candidate:101c1b0635c0bec0,0.6200,medium,"高山","yamap_2022-12-25_10_09.gpx","今治市","",near_boundary,missing_location_evidence,missing_mountain_municipality,263.16,false,false,high,"top_1_but_ambiguous;top_candidate_for_multiple_mountains","mountain=高山(#392); candidate=summit-candidate:101c1b0635c0bec0; track=""高山""; score=0.62; name_tier=strong; ele_diff=17.33m; loc=mismatch_warning; act_conf=high"
393,"泰ノ山",29,summit-candidate:98457196a66e294d,0.6800,medium,"高山・大里山・泰ノ山","yamap_2025-03-20_08_27.gpx","松山市","",stable_cardinal_1km_same,missing_location_evidence,missing_mountain_municipality,591.025,true,false,high,"top_1_but_ambiguous","mountain=泰ノ山(#393); candidate=summit-candidate:98457196a66e294d; track=""高山・大里山・泰ノ山""; score=0.68; name_tier=strong; ele_diff=6.24m; loc=mismatch_warning; act_conf=high"
394,"大里山",28,summit-candidate:fe8f624bdaa57afd,0.6800,medium,"高山・大里山・泰ノ山","yamap_2025-03-20_08_27.gpx","松山市","",stable_interior,missing_location_evidence,missing_mountain_municipality,1285.902,true,true,high,"top_1_but_ambiguous","mountain=大里山(#394); candidate=summit-candidate:fe8f624bdaa57afd; track=""高山・大里山・泰ノ山""; score=0.68; name_tier=strong; ele_diff=7.06m; loc=mismatch_warning; act_conf=high"
395,"北ヶ森",14,summit-candidate:dedadc05e5f6d5d5,0.7500,medium,"北ヶ森・高土の峰","yamap_2025-03-23_11_12.gpx","","久万高原町",boundary_ambiguous,location_uncertain_keep,candidate_boundary_ambiguous,4.134,false,false,high,"top_1_but_ambiguous;top_candidate_for_multiple_mountains","mountain=北ヶ森(#395); candidate=summit-candidate:dedadc05e5f6d5d5; track=""北ヶ森・高土の峰""; score=0.75; name_tier=strong; ele_diff=1.59m; loc=strong_overlap; act_conf=high"
396,"高土の峰",15,summit-candidate:dedadc05e5f6d5d5,0.5000,low,"北ヶ森・高土の峰","yamap_2025-03-23_11_12.gpx","","砥部町",boundary_ambiguous,location_uncertain_keep,candidate_boundary_ambiguous,4.134,false,false,high,"top_1_but_ambiguous;top_candidate_for_multiple_mountains","mountain=高土の峰(#396); candidate=summit-candidate:dedadc05e5f6d5d5; track=""北ヶ森・高土の峰""; score=0.5; name_tier=strong; ele_diff=214.41m; loc=mismatch_warning; act_conf=high"
397,"竜王山",21,summit-candidate:62d2811f5d1a9f29,0.6800,medium,"竜王山","yamap_2025-03-30_07_01.gpx","","西予市",boundary_ambiguous,location_uncertain_keep,candidate_boundary_ambiguous,5.361,false,false,high,"top_1_but_ambiguous;top_candidate_for_multiple_mountains","mountain=竜王山(#397); candidate=summit-candidate:62d2811f5d1a9f29; track=""竜王山""; score=0.68; name_tier=strong; ele_diff=0.92m; loc=mismatch_warning; act_conf=high"
398,"岳山",26,summit-candidate:5f3f2f47d84464c4,0.7300,medium,"一ヶ森","yamap_2025-03-30_09_12.gpx","西予市","大洲市",near_boundary,boundary_plausible,adjacent_municipality,250.176,false,false,high,"top_1_but_ambiguous;top_candidate_for_multiple_mountains","mountain=岳山(#398); candidate=summit-candidate:5f3f2f47d84464c4; track=""一ヶ森""; score=0.68; name_tier=strong; ele_diff=0.75m; loc=mismatch_warning; act_conf=high"
399,"一ヶ森",21,summit-candidate:13aa9354da4eb6d6,0.6900,medium,"京の森・大迫山","yamap_2025-03-30_12_56.gpx","","大洲市",boundary_ambiguous,location_uncertain_keep,candidate_boundary_ambiguous,14.236,false,false,high,"top_candidate_for_multiple_mountains","mountain=一ヶ森(#399); candidate=summit-candidate:13aa9354da4eb6d6; track=""京の森・大迫山""; score=0.69; name_tier=strong; ele_diff=24.56m; loc=strong_overlap; act_conf=high"
400,"愛の森",17,summit-candidate:62d2811f5d1a9f29,0.7500,medium,"竜王山","yamap_2025-03-30_07_01.gpx","","大洲市",boundary_ambiguous,location_uncertain_keep,candidate_boundary_ambiguous,5.361,false,false,high,"top_1_but_ambiguous;top_candidate_for_multiple_mountains","mountain=愛の森(#400); candidate=summit-candidate:62d2811f5d1a9f29; track=""竜王山""; score=0.75; name_tier=strong; ele_diff=6.92m; loc=strong_overlap; act_conf=high"
401,"京の森",14,summit-candidate:13aa9354da4eb6d6,0.6900,medium,"京の森・大迫山","yamap_2025-03-30_12_56.gpx","","大洲市",boundary_ambiguous,location_uncertain_keep,candidate_boundary_ambiguous,14.236,false,false,high,"top_1_but_ambiguous;top_candidate_for_multiple_mountains","mountain=京の森(#401); candidate=summit-candidate:13aa9354da4eb6d6; track=""京の森・大迫山""; score=0.69; name_tier=strong; ele_diff=27.44m; loc=strong_overlap; act_conf=high"
402,"大迫山",15,summit-candidate:13aa9354da4eb6d6,0.6900,medium,"京の森・大迫山","yamap_2025-03-30_12_56.gpx","","大洲市",boundary_ambiguous,location_uncertain_keep,candidate_boundary_ambiguous,14.236,false,false,high,"top_1_but_ambiguous;top_candidate_for_multiple_mountains","mountain=大迫山(#402); candidate=summit-candidate:13aa9354da4eb6d6; track=""京の森・大迫山""; score=0.69; name_tier=strong; ele_diff=13.44m; loc=strong_overlap; act_conf=high"
403,"船山",19,summit-candidate:2a670286f545beb2,0.5000,low,"菊ヶ森・餓鬼ヶ森","yamap_2023-04-09_09_08.gpx","久万高原町","久万高原町",stable_interior,location_strong_match,same_municipality,5012.546,true,true,high,"top_1_but_ambiguous;top_candidate_for_multiple_mountains","mountain=船山(#403); candidate=summit-candidate:2a670286f545beb2; track=""菊ヶ森・餓鬼ヶ森""; score=0.4; name_tier=none; ele_diff=0.64m; loc=strong_overlap; act_conf=high"
404,"コクゾ峰",15,summit-candidate:94e39d837730a5c7,0.8500,medium,"コクゾ峰","yamap_2025-04-04_06_19.gpx","砥部町","砥部町",stable_cardinal_1km_same,location_strong_match,same_municipality,869.328,true,false,medium,"top_1_but_ambiguous;priority_reduced_strong_match_mutual_top1","mountain=コクゾ峰(#404); candidate=summit-candidate:94e39d837730a5c7; track=""コクゾ峰""; score=0.75; name_tier=strong; ele_diff=1.36m; loc=strong_overlap; act_conf=high"
405,"加塚山",19,summit-candidate:cdd4a9ba931c816e,0.8500,medium,"加塚山","yamap_2025-04-06_08_48.gpx","宇和島市","宇和島市",near_boundary,location_strong_match,same_municipality,0.113,false,false,medium,"top_1_but_ambiguous;priority_reduced_strong_match_mutual_top1","mountain=加塚山(#405); candidate=summit-candidate:cdd4a9ba931c816e; track=""加塚山""; score=0.75; name_tier=strong; ele_diff=4.83m; loc=strong_overlap; act_conf=high"
406,"新谷神南山",21,summit-candidate:6342f0069cd164e8,0.8500,medium,"新谷神南山・五十崎神南山","yamap_2025-04-09_06_48.gpx","大洲市","大洲市",stable_interior,location_strong_match,same_municipality,2313.686,true,true,medium,"top_1_but_ambiguous;priority_reduced_strong_match_mutual_top1","mountain=新谷神南山(#406); candidate=summit-candidate:6342f0069cd164e8; track=""新谷神南山・五十崎神南山""; score=0.75; name_tier=strong; ele_diff=4.76m; loc=strong_overlap; act_conf=high"
407,"五十崎神南山",14,summit-candidate:49147712961a83be,0.6800,medium,"新谷神南山・五十崎神南山","yamap_2025-04-09_06_48.gpx","","大洲市",boundary_ambiguous,location_uncertain_keep,candidate_boundary_ambiguous,2.914,false,false,high,"top_1_but_ambiguous","mountain=五十崎神南山(#407); candidate=summit-candidate:49147712961a83be; track=""新谷神南山・五十崎神南山""; score=0.68; name_tier=strong; ele_diff=1.03m; loc=mismatch_warning; act_conf=high"
408,"笠成山",12,summit-candidate:81081ef1b6e58a79,0.8500,medium,"笠成山","yamap_2025-04-14_05_56.gpx","砥部町","砥部町",stable_interior,location_strong_match,same_municipality,2431.059,true,true,medium,"top_1_but_ambiguous;priority_reduced_strong_match_mutual_top1","mountain=笠成山(#408); candidate=summit-candidate:81081ef1b6e58a79; track=""笠成山""; score=0.75; name_tier=strong; ele_diff=2m; loc=strong_overlap; act_conf=high"
409,"小屋山",17,summit-candidate:422a9e74717ca96d,0.7500,medium,"小屋山・丸石山","yamap_2025-04-19_07_10.gpx","","西予市",boundary_ambiguous,location_uncertain_keep,candidate_boundary_ambiguous,5.799,false,false,high,"top_1_but_ambiguous;top_candidate_for_multiple_mountains","mountain=小屋山(#409); candidate=summit-candidate:422a9e74717ca96d; track=""小屋山・丸石山""; score=0.75; name_tier=strong; ele_diff=2.5m; loc=strong_overlap; act_conf=high"
410,"丸石山",15,summit-candidate:0cc9c1186612ceaa,0.5700,medium,"小屋山・丸石山","yamap_2025-04-19_07_10.gpx","西予市","久万高原町",stable_interior,adjacent_but_deep_inside,adjacent_municipality,1208.462,true,true,low,"adjacent_but_deep_inside","mountain=丸石山(#410); candidate=summit-candidate:0cc9c1186612ceaa; track=""小屋山・丸石山""; score=0.62; name_tier=strong; ele_diff=29.51m; loc=mismatch_warning; act_conf=high"
411,"野地峰",20,summit-candidate:17a471cc45af2c05,0.6800,medium,"野地峰・黒岩山・大野山","yamap_2025-04-27_06_23.gpx","","四国中央市",boundary_ambiguous,location_uncertain_keep,candidate_boundary_ambiguous,6.924,false,false,high,"top_1_but_ambiguous;top_candidate_for_multiple_mountains","mountain=野地峰(#411); candidate=summit-candidate:17a471cc45af2c05; track=""野地峰・黒岩山・大野山""; score=0.68; name_tier=strong; ele_diff=8.61m; loc=mismatch_warning; act_conf=high"
412,"黒岩山",19,summit-candidate:e93bba1998d4efb5,0.6800,medium,"野地峰・黒岩山・大野山","yamap_2025-04-27_06_23.gpx","","四国中央市",outside_prefecture,location_uncertain_keep,candidate_outside_prefecture,,false,false,high,"top_1_but_ambiguous","mountain=黒岩山(#412); candidate=summit-candidate:e93bba1998d4efb5; track=""野地峰・黒岩山・大野山""; score=0.68; name_tier=strong; ele_diff=0.03m; loc=mismatch_warning; act_conf=high"
413,"大野山",17,summit-candidate:53bf856dccad5eab,0.7300,medium,"野地峰・黒岩山・大野山","yamap_2025-04-27_06_23.gpx","新居浜市","四国中央市",near_boundary,boundary_plausible,adjacent_municipality,5.402,false,false,high,"top_1_but_ambiguous","mountain=大野山(#413); candidate=summit-candidate:53bf856dccad5eab; track=""野地峰・黒岩山・大野山""; score=0.68; name_tier=strong; ele_diff=2.22m; loc=mismatch_warning; act_conf=high"
414,"水なし山",15,summit-candidate:403c0894babcf279,0.7500,medium,"貝渚山・水なし山","yamap_2025-06-21_08_53.gpx","","久万高原町",boundary_ambiguous,location_uncertain_keep,candidate_boundary_ambiguous,5.485,false,false,high,"top_1_but_ambiguous;top_candidate_for_multiple_mountains","mountain=水なし山(#414); candidate=summit-candidate:403c0894babcf279; track=""貝渚山・水なし山""; score=0.75; name_tier=strong; ele_diff=2.49m; loc=strong_overlap; act_conf=high"
415,"貝渚山",18,summit-candidate:403c0894babcf279,0.6900,medium,"貝渚山・水なし山","yamap_2025-06-21_08_53.gpx","","久万高原町",boundary_ambiguous,location_uncertain_keep,candidate_boundary_ambiguous,5.485,false,false,high,"top_1_but_ambiguous;top_candidate_for_multiple_mountains","mountain=貝渚山(#415); candidate=summit-candidate:403c0894babcf279; track=""貝渚山・水なし山""; score=0.69; name_tier=strong; ele_diff=18.49m; loc=strong_overlap; act_conf=high"
416,"谷崎山",21,summit-candidate:0d157ed871f76807,0.8500,medium,"谷崎山","yamap_2025-07-06_07_10.gpx","西条市","西条市",stable_interior,location_strong_match,same_municipality,1246.627,true,true,medium,"top_1_but_ambiguous;priority_reduced_strong_match_mutual_top1","mountain=谷崎山(#416); candidate=summit-candidate:0d157ed871f76807; track=""谷崎山""; score=0.75; name_tier=strong; ele_diff=7.8m; loc=strong_overlap; act_conf=high"
417,"東黒森",12,summit-candidate:20f1c44b99e3d708,0.6800,medium,"東黒森","yamap_2025-07-06_09_43.gpx","","西条市",boundary_ambiguous,location_uncertain_keep,candidate_boundary_ambiguous,9.142,false,false,high,"top_1_but_ambiguous","mountain=東黒森(#417); candidate=summit-candidate:20f1c44b99e3d708; track=""東黒森""; score=0.68; name_tier=strong; ele_diff=1.93m; loc=mismatch_warning; act_conf=high"
418,"伊吹山",9,summit-candidate:e79e77da4bfd1f13,0.7500,medium,"伊吹山","yamap_2025-07-06_12_03.gpx","","西条市",boundary_ambiguous,location_uncertain_keep,candidate_boundary_ambiguous,3.951,false,false,high,"top_1_but_ambiguous","mountain=伊吹山(#418); candidate=summit-candidate:e79e77da4bfd1f13; track=""伊吹山""; score=0.75; name_tier=strong; ele_diff=3.66m; loc=strong_overlap; act_conf=high"
419,"小牛城",22,summit-candidate:ba78489e4d448645,0.7500,medium,"小牛城","yamap_2025-08-15_10_51.gpx","","久万高原町",boundary_ambiguous,location_uncertain_keep,candidate_boundary_ambiguous,12.203,false,false,high,"top_1_but_ambiguous","mountain=小牛城(#419); candidate=summit-candidate:ba78489e4d448645; track=""小牛城""; score=0.75; name_tier=strong; ele_diff=0.58m; loc=strong_overlap; act_conf=high"
420,"正木ノ森",19,summit-candidate:1c085703f9a891aa,0.8500,medium,"正木ノ森","yamap_2025-08-15_12_44.gpx","久万高原町","久万高原町",near_boundary,location_strong_match,same_municipality,23.891,false,false,medium,"top_1_but_ambiguous;priority_reduced_strong_match_mutual_top1","mountain=正木ノ森(#420); candidate=summit-candidate:1c085703f9a891aa; track=""正木ノ森""; score=0.75; name_tier=strong; ele_diff=1.86m; loc=strong_overlap; act_conf=high"
421,"五段城",19,summit-candidate:00dfcd8bd36a1f00,0.7800,medium,"五段城","yamap_2025-08-15_11_47.gpx","久万高原町","久万高原町",near_boundary,location_strong_match,same_municipality,1.979,false,false,medium,"top_1_but_ambiguous;priority_reduced_strong_match_mutual_top1","mountain=五段城(#421); candidate=summit-candidate:00dfcd8bd36a1f00; track=""五段城""; score=0.68; name_tier=strong; ele_diff=2.94m; loc=mismatch_warning; act_conf=high"
422,"天狗ノ森",9,summit-candidate:54dc6f5d29d60052,0.6800,medium,"天狗ノ森 ","yamap_2025-08-15_09_21.gpx","","久万高原町",outside_prefecture,location_uncertain_keep,candidate_outside_prefecture,,false,false,high,"top_1_but_ambiguous","mountain=天狗ノ森(#422); candidate=summit-candidate:54dc6f5d29d60052; track=""天狗ノ森 ""; score=0.68; name_tier=strong; ele_diff=5.42m; loc=mismatch_warning; act_conf=high"
423,"鶴ノ子ノ頭",14,summit-candidate:65906dbbd6e5b747,0.6900,medium,"鶴ノ子ノ頭・石鎚山","yamap_2025-09-07_08_00.gpx","","久万高原町",boundary_ambiguous,location_uncertain_keep,candidate_boundary_ambiguous,5.425,false,false,high,"top_1_but_ambiguous","mountain=鶴ノ子ノ頭(#423); candidate=summit-candidate:65906dbbd6e5b747; track=""鶴ノ子ノ頭・石鎚山""; score=0.69; name_tier=strong; ele_diff=10.68m; loc=strong_overlap; act_conf=high"
424,"千秋寺山",16,summit-candidate:084fa7c9e55252dc,0.5000,low,"野津子山・軽ノ山","yamap_2026-03-11_10_35.gpx","松山市","松山市",stable_interior,location_strong_match,same_municipality,4582.652,true,true,high,"top_1_but_ambiguous;top_candidate_for_multiple_mountains","mountain=千秋寺山(#424); candidate=summit-candidate:084fa7c9e55252dc; track=""野津子山・軽ノ山""; score=0.4; name_tier=none; ele_diff=8.84m; loc=strong_overlap; act_conf=high"
425,"黒川山",19,summit-candidate:6b97922a3935a9a5,0.7900,medium,"前社ヶ森・剣山・黒川山","yamap_2025-09-21_08_53.gpx","西条市","西条市",stable_interior,location_strong_match,same_municipality,2886.291,true,true,medium,"top_1_but_ambiguous;priority_reduced_strong_match_mutual_top1","mountain=黒川山(#425); candidate=summit-candidate:6b97922a3935a9a5; track=""前社ヶ森・剣山・黒川山""; score=0.69; name_tier=strong; ele_diff=10.31m; loc=strong_overlap; act_conf=high"
426,"前社ヶ森",12,summit-candidate:109bc31ba8b3aa15,0.7300,medium,"前社ヶ森・剣山・黒川山","yamap_2025-09-21_08_53.gpx","西条市","西条市",stable_cardinal_1km_same,location_strong_match,same_municipality,983.822,true,false,high,"top_1_but_ambiguous;top_candidate_for_multiple_mountains","mountain=前社ヶ森(#426); candidate=summit-candidate:109bc31ba8b3aa15; track=""前社ヶ森・剣山・黒川山""; score=0.63; name_tier=strong; ele_diff=35.08m; loc=strong_overlap; act_conf=high"
427,"剣山",14,summit-candidate:109bc31ba8b3aa15,0.8500,medium,"前社ヶ森・剣山・黒川山","yamap_2025-09-21_08_53.gpx","西条市","西条市",stable_cardinal_1km_same,location_strong_match,same_municipality,983.822,true,false,medium,"top_1_but_ambiguous;top_candidate_for_multiple_mountains;priority_reduced_strong_match_mutual_top1","mountain=剣山(#427); candidate=summit-candidate:109bc31ba8b3aa15; track=""前社ヶ森・剣山・黒川山""; score=0.75; name_tier=strong; ele_diff=0.08m; loc=strong_overlap; act_conf=high"
428,"東光森山",9,summit-candidate:6358c7fb40ce841e,0.7500,medium,"東光森山・別子山","yamap_2025-09-27_06_52.gpx","","新居浜市",boundary_ambiguous,location_uncertain_keep,candidate_boundary_ambiguous,6.987,false,false,high,"top_1_but_ambiguous","mountain=東光森山(#428); candidate=summit-candidate:6358c7fb40ce841e; track=""東光森山・別子山""; score=0.75; name_tier=strong; ele_diff=5.07m; loc=strong_overlap; act_conf=high"
429,"別子山",18,summit-candidate:69652a1c97f3b2eb,0.7500,medium,"東光森山・別子山","yamap_2025-09-27_06_52.gpx","","新居浜市",boundary_ambiguous,location_uncertain_keep,candidate_boundary_ambiguous,1.656,false,false,high,"top_1_but_ambiguous;top_candidate_for_multiple_mountains","mountain=別子山(#429); candidate=summit-candidate:69652a1c97f3b2eb; track=""東光森山・別子山""; score=0.75; name_tier=strong; ele_diff=4.56m; loc=strong_overlap; act_conf=high"
430,"三ッ森山",22,summit-candidate:8f124a2a1de32654,0.8500,medium,"三ッ森山・大座礼山","yamap_2025-10-05_08_42.gpx","新居浜市","新居浜市",near_boundary,location_strong_match,same_municipality,7.504,false,false,medium,"top_1_but_ambiguous;priority_reduced_strong_match_mutual_top1","mountain=三ッ森山(#430); candidate=summit-candidate:8f124a2a1de32654; track=""三ッ森山・大座礼山""; score=0.75; name_tier=strong; ele_diff=5.3m; loc=strong_overlap; act_conf=high"
431,"大座礼山",9,summit-candidate:20557338e1ab5de6,0.6800,medium,"三ッ森山・大座礼山","yamap_2025-10-05_08_42.gpx","","新居浜市",outside_prefecture,location_uncertain_keep,candidate_outside_prefecture,,false,false,high,"top_1_but_ambiguous","mountain=大座礼山(#431); candidate=summit-candidate:20557338e1ab5de6; track=""三ッ森山・大座礼山""; score=0.68; name_tier=strong; ele_diff=0.37m; loc=mismatch_warning; act_conf=high"
432,"三つ足山",19,summit-candidate:565ba3761956d9b3,0.7900,medium,"大森山・佐々連尾山・三つ足山","yamap_2025-10-11_06_24.gpx","四国中央市","四国中央市",near_boundary,location_strong_match,same_municipality,7.014,false,false,high,"top_1_but_ambiguous;top_candidate_for_multiple_mountains","mountain=三つ足山(#432); candidate=summit-candidate:565ba3761956d9b3; track=""大森山・佐々連尾山・三つ足山""; score=0.69; name_tier=strong; ele_diff=25.44m; loc=strong_overlap; act_conf=high"
433,"大森山",30,summit-candidate:565ba3761956d9b3,0.8500,medium,"大森山・佐々連尾山・三つ足山","yamap_2025-10-11_06_24.gpx","四国中央市","四国中央市",near_boundary,location_strong_match,same_municipality,7.014,false,false,medium,"top_1_but_ambiguous;top_candidate_for_multiple_mountains;priority_reduced_strong_match_mutual_top1","mountain=大森山(#433); candidate=summit-candidate:565ba3761956d9b3; track=""大森山・佐々連尾山・三つ足山""; score=0.75; name_tier=strong; ele_diff=6.44m; loc=strong_overlap; act_conf=high"
434,"佐々連尾山",17,summit-candidate:565ba3761956d9b3,0.7900,medium,"大森山・佐々連尾山・三つ足山","yamap_2025-10-11_06_24.gpx","四国中央市","四国中央市",near_boundary,location_strong_match,same_municipality,7.014,false,false,high,"top_1_but_ambiguous;top_candidate_for_multiple_mountains","mountain=佐々連尾山(#434); candidate=summit-candidate:565ba3761956d9b3; track=""大森山・佐々連尾山・三つ足山""; score=0.69; name_tier=strong; ele_diff=22.56m; loc=strong_overlap; act_conf=high"
435,"東ノ冠岳",6,summit-candidate:b73a23fa4b3abc39,0.6000,low,"冠岳","yamap_2023-09-06_13_30.gpx","久万高原町","久万高原町",stable_interior,location_strong_match,same_municipality,2633.021,true,true,high,"top_1_but_ambiguous;top_candidate_for_multiple_mountains","mountain=東ノ冠岳(#435); candidate=summit-candidate:b73a23fa4b3abc39; track=""冠岳""; score=0.5; name_tier=medium; ele_diff=544.37m; loc=strong_overlap; act_conf=high"
436,"大峰",33,summit-candidate:1946316119cd7251,0.8500,medium,"大峰","yamap_2025-10-23_15_58.gpx","伊方町","伊方町",stable_cardinal_1km_same,location_strong_match,same_municipality,866.176,true,false,medium,"top_1_but_ambiguous;priority_reduced_strong_match_mutual_top1","mountain=大峰(#436); candidate=summit-candidate:1946316119cd7251; track=""大峰""; score=0.75; name_tier=strong; ele_diff=4.59m; loc=strong_overlap; act_conf=high"
437,"堂堂山",32,summit-candidate:f3bf8b21a01f29ef,0.8500,medium,"堂堂山","yamap_2025-10-23_16_38.gpx","伊方町","伊方町",stable_interior,location_strong_match,same_municipality,1099.038,true,true,medium,"top_1_but_ambiguous;priority_reduced_strong_match_mutual_top1","mountain=堂堂山(#437); candidate=summit-candidate:f3bf8b21a01f29ef; track=""堂堂山""; score=0.75; name_tier=strong; ele_diff=5.85m; loc=strong_overlap; act_conf=high"
438,"堂所山",18,summit-candidate:192b785fe79890e5,0.8500,medium,"堂所山","yamap_2025-10-26_11_45.gpx","西予市","西予市",stable_interior,location_strong_match,same_municipality,3124.646,true,true,medium,"top_1_but_ambiguous;priority_reduced_strong_match_mutual_top1","mountain=堂所山(#438); candidate=summit-candidate:192b785fe79890e5; track=""堂所山""; score=0.75; name_tier=strong; ele_diff=0.97m; loc=strong_overlap; act_conf=high"
439,"天満山",17,summit-candidate:69652a1c97f3b2eb,0.4000,low,"東光森山・別子山","yamap_2025-09-27_06_52.gpx","","新居浜市",boundary_ambiguous,location_uncertain_keep,candidate_boundary_ambiguous,1.656,false,false,high,"top_1_but_ambiguous;top_candidate_for_multiple_mountains","mountain=天満山(#439); candidate=summit-candidate:69652a1c97f3b2eb; track=""東光森山・別子山""; score=0.4; name_tier=none; ele_diff=9.44m; loc=strong_overlap; act_conf=high"
440,"霧立山",13,summit-candidate:b319c20dc9ecb5f1,0.7900,medium,"霧立山・地蔵山","yamap_2025-12-06_08_06.gpx","鬼北町","鬼北町",near_boundary,location_strong_match,same_municipality,20.582,false,false,medium,"top_1_but_ambiguous;priority_reduced_strong_match_mutual_top1","mountain=霧立山(#440); candidate=summit-candidate:b319c20dc9ecb5f1; track=""霧立山・地蔵山""; score=0.69; name_tier=strong; ele_diff=10.72m; loc=strong_overlap; act_conf=high"
441,"地蔵山",18,summit-candidate:9fe4d21715424f17,0.7900,medium,"霧立山・地蔵山","yamap_2025-12-06_08_06.gpx","鬼北町","鬼北町",near_boundary,location_strong_match,same_municipality,4.109,false,false,medium,"top_1_but_ambiguous;priority_reduced_strong_match_mutual_top1","mountain=地蔵山(#441); candidate=summit-candidate:9fe4d21715424f17; track=""霧立山・地蔵山""; score=0.69; name_tier=strong; ele_diff=13.84m; loc=strong_overlap; act_conf=high"
442,"天道ヶ頭",14,summit-candidate:8d1f2bd134bed04d,0.8500,medium,"天道ヶ頭","yamap_2025-12-10_11_40.gpx","今治市","今治市",stable_interior,location_strong_match,same_municipality,3824.298,true,true,medium,"top_1_but_ambiguous;priority_reduced_strong_match_mutual_top1","mountain=天道ヶ頭(#442); candidate=summit-candidate:8d1f2bd134bed04d; track=""天道ヶ頭""; score=0.75; name_tier=strong; ele_diff=2.23m; loc=strong_overlap; act_conf=high"
443,"根太山",28,summit-candidate:b1bd2a482a691bd8,0.7900,medium,"根太山","yamap_2025-12-14_12_03.gpx","大洲市","大洲市",stable_interior,location_strong_match,same_municipality,4970.626,true,true,medium,"top_1_but_ambiguous;priority_reduced_strong_match_mutual_top1","mountain=根太山(#443); candidate=summit-candidate:b1bd2a482a691bd8; track=""根太山""; score=0.69; name_tier=strong; ele_diff=13.01m; loc=strong_overlap; act_conf=high"
444,"紅葉山",36,summit-candidate:6b62cbb916ef874d,0.8500,medium,"梁瀬山・紅葉山","yamap_2025-12-14_08_56.gpx","大洲市","大洲市",stable_interior,location_strong_match,same_municipality,4408.32,true,true,medium,"top_1_but_ambiguous;top_candidate_for_multiple_mountains;priority_reduced_strong_match_mutual_top1","mountain=紅葉山(#444); candidate=summit-candidate:6b62cbb916ef874d; track=""梁瀬山・紅葉山""; score=0.75; name_tier=strong; ele_diff=4.72m; loc=strong_overlap; act_conf=high"
445,"梁瀬山",35,summit-candidate:6b62cbb916ef874d,0.8500,medium,"梁瀬山・紅葉山","yamap_2025-12-14_08_56.gpx","大洲市","大洲市",stable_interior,location_strong_match,same_municipality,4408.32,true,true,high,"top_1_but_ambiguous;top_candidate_for_multiple_mountains","mountain=梁瀬山(#445); candidate=summit-candidate:6b62cbb916ef874d; track=""梁瀬山・紅葉山""; score=0.75; name_tier=strong; ele_diff=0.72m; loc=strong_overlap; act_conf=high"
446,"池ノ城山",18,summit-candidate:f028aab45221cee6,0.7900,medium,"池ノ城山","yamap_2025-12-20_07_28.gpx","内子町","内子町",stable_interior,location_strong_match,same_municipality,1114.561,true,true,medium,"top_1_but_ambiguous;top_candidate_for_multiple_mountains;priority_reduced_strong_match_mutual_top1","mountain=池ノ城山(#446); candidate=summit-candidate:f028aab45221cee6; track=""池ノ城山""; score=0.69; name_tier=strong; ele_diff=10.12m; loc=strong_overlap; act_conf=high"
447,"峠ヶ森",21,summit-candidate:e7b64a377534c79e,0.7900,medium,"峠ヶ森","yamap_2026-01-04_11_16.gpx","宇和島市","宇和島市",near_boundary,location_strong_match,same_municipality,363.397,false,false,medium,"top_1_but_ambiguous;priority_reduced_strong_match_mutual_top1","mountain=峠ヶ森(#447); candidate=summit-candidate:e7b64a377534c79e; track=""峠ヶ森""; score=0.69; name_tier=strong; ele_diff=15.52m; loc=strong_overlap; act_conf=high"
448,"雨森山",26,summit-candidate:730e21bca5cdf60d,0.7900,medium,"雨森山","yamap_2026-01-04_08_20.gpx","宇和島市","宇和島市",stable_cardinal_1km_same,location_strong_match,same_municipality,905.743,true,false,medium,"top_1_but_ambiguous;priority_reduced_strong_match_mutual_top1","mountain=雨森山(#448); candidate=summit-candidate:730e21bca5cdf60d; track=""雨森山""; score=0.69; name_tier=strong; ele_diff=10.26m; loc=strong_overlap; act_conf=high"
449,"御在所山",18,summit-candidate:17c3649ad9b147ce,0.7500,medium,"御在所山","yamap_2026-01-07_07_05.gpx","","大洲市",boundary_ambiguous,location_uncertain_keep,candidate_boundary_ambiguous,0.907,false,false,high,"top_1_but_ambiguous;top_candidate_for_multiple_mountains","mountain=御在所山(#449); candidate=summit-candidate:17c3649ad9b147ce; track=""御在所山""; score=0.75; name_tier=strong; ele_diff=2.82m; loc=strong_overlap; act_conf=high"
450,"高雄山",37,summit-candidate:a271a6c73ad11b69,0.6800,medium,"高雄山","yamap_2026-01-07_09_14.gpx","","西予市",boundary_ambiguous,location_uncertain_keep,candidate_boundary_ambiguous,5.365,false,false,high,"top_1_but_ambiguous","mountain=高雄山(#450); candidate=summit-candidate:a271a6c73ad11b69; track=""高雄山""; score=0.68; name_tier=strong; ele_diff=5.79m; loc=mismatch_warning; act_conf=high"
451,"陣が森岳",25,summit-candidate:1fd59e0e67624706,0.8500,medium,"陣が森岳","yamap_2026-01-11_10_38.gpx","伊予市","伊予市",near_boundary,location_strong_match,same_municipality,757.604,false,false,medium,"top_1_but_ambiguous;priority_reduced_strong_match_mutual_top1","mountain=陣が森岳(#451); candidate=summit-candidate:1fd59e0e67624706; track=""陣が森岳""; score=0.75; name_tier=strong; ele_diff=0.05m; loc=strong_overlap; act_conf=high"
452,"黒岩岳",13,summit-candidate:61304308f9a58d0d,0.8500,medium,"黒岩岳","yamap_2026-01-11_07_50.gpx","伊予市","伊予市",stable_interior,location_strong_match,same_municipality,3497.941,true,true,medium,"top_1_but_ambiguous;priority_reduced_strong_match_mutual_top1","mountain=黒岩岳(#452); candidate=summit-candidate:61304308f9a58d0d; track=""黒岩岳""; score=0.75; name_tier=strong; ele_diff=3.64m; loc=strong_overlap; act_conf=high"
453,"大判山",15,summit-candidate:fa9a4432fbf76027,0.8500,medium,"大判山","yamap_2026-01-18_06_03.gpx","西予市","西予市",stable_interior,location_strong_match,same_municipality,4952.865,true,true,medium,"top_1_but_ambiguous;priority_reduced_strong_match_mutual_top1","mountain=大判山(#453); candidate=summit-candidate:fa9a4432fbf76027; track=""大判山""; score=0.75; name_tier=strong; ele_diff=6.71m; loc=strong_overlap; act_conf=high"
454,"竜王の峰",12,summit-candidate:51c8bc6a368c422c,0.8500,medium,"竜王の峰","yamap_2026-01-18_09_11.gpx","西予市","西予市",stable_interior,location_strong_match,same_municipality,2624.319,true,true,medium,"top_1_but_ambiguous;top_candidate_for_multiple_mountains;priority_reduced_strong_match_mutual_top1","mountain=竜王の峰(#454); candidate=summit-candidate:51c8bc6a368c422c; track=""竜王の峰""; score=0.75; name_tier=strong; ele_diff=8.51m; loc=strong_overlap; act_conf=high"
455,"船ヶ迫岳",22,summit-candidate:4a22801b12460992,0.7300,medium,"船ヶ迫岳・鎌倉山","yamap_2026-01-25_07_43.gpx","内子町","内子町",stable_interior,location_strong_match,same_municipality,1482.402,true,true,high,"top_1_but_ambiguous;top_candidate_for_multiple_mountains","mountain=船ヶ迫岳(#455); candidate=summit-candidate:4a22801b12460992; track=""船ヶ迫岳・鎌倉山""; score=0.63; name_tier=strong; ele_diff=45.61m; loc=strong_overlap; act_conf=high"
456,"鎌倉山",11,summit-candidate:4a22801b12460992,0.8500,medium,"船ヶ迫岳・鎌倉山","yamap_2026-01-25_07_43.gpx","内子町","内子町",stable_interior,location_strong_match,same_municipality,1482.402,true,true,medium,"top_1_but_ambiguous;top_candidate_for_multiple_mountains;priority_reduced_strong_match_mutual_top1","mountain=鎌倉山(#456); candidate=summit-candidate:4a22801b12460992; track=""船ヶ迫岳・鎌倉山""; score=0.75; name_tier=strong; ele_diff=4.39m; loc=strong_overlap; act_conf=high"
457,"槇ノ山",22,summit-candidate:f39b40bd0d9b0192,0.8500,medium,"槇ノ山","yamap_2026-01-31_07_40.gpx","宇和島市","宇和島市",stable_interior,location_strong_match,same_municipality,1564.754,true,true,medium,"top_1_but_ambiguous;priority_reduced_strong_match_mutual_top1","mountain=槇ノ山(#457); candidate=summit-candidate:f39b40bd0d9b0192; track=""槇ノ山""; score=0.75; name_tier=strong; ele_diff=5.76m; loc=strong_overlap; act_conf=high"
458,"遠見山",26,summit-candidate:e55456349660bd14,0.8500,medium,"遠見山","yamap_2026-01-31_10_49.gpx","宇和島市","宇和島市",stable_interior,location_strong_match,same_municipality,1087.183,true,true,medium,"top_1_but_ambiguous;priority_reduced_strong_match_mutual_top1","mountain=遠見山(#458); candidate=summit-candidate:e55456349660bd14; track=""遠見山""; score=0.75; name_tier=strong; ele_diff=3.42m; loc=strong_overlap; act_conf=high"
459,"高森山",33,summit-candidate:a9b00b48e0c94eab,0.7300,medium,"高森山","yamap_2026-01-31_13_52.gpx","宇和島市","西予市",near_boundary,boundary_plausible,adjacent_municipality,20.013,false,false,high,"top_1_but_ambiguous","mountain=高森山(#459); candidate=summit-candidate:a9b00b48e0c94eab; track=""高森山""; score=0.68; name_tier=strong; ele_diff=2.14m; loc=mismatch_warning; act_conf=high"
460,"牛の峰",18,summit-candidate:bd8fda9e743f2008,0.7900,medium,"牛の峰・尻高峰","yamap_2026-02-07_07_21.gpx","大洲市","大洲市",stable_interior,location_strong_match,same_municipality,1249.884,true,true,medium,"top_1_but_ambiguous;priority_reduced_strong_match_mutual_top1","mountain=牛の峰(#460); candidate=summit-candidate:bd8fda9e743f2008; track=""牛の峰・尻高峰""; score=0.69; name_tier=strong; ele_diff=21.23m; loc=strong_overlap; act_conf=high"
461,"尻高峰",17,summit-candidate:6adfa15b8dbd8966,0.6700,medium,"牛の峰・尻高峰","yamap_2026-02-07_07_21.gpx","大洲市","大洲市",near_boundary,location_strong_match,same_municipality,460.484,false,false,high,"top_1_but_ambiguous","mountain=尻高峰(#461); candidate=summit-candidate:6adfa15b8dbd8966; track=""牛の峰・尻高峰""; score=0.57; name_tier=strong; ele_diff=190.98m; loc=strong_overlap; act_conf=high"
462,"鞍掛山",24,summit-candidate:6b19d2116121b615,0.7500,medium,"鞍掛山","yamap_2026-02-07_11_17.gpx","","八幡浜市",boundary_ambiguous,location_uncertain_keep,candidate_boundary_ambiguous,0.558,false,false,high,"top_1_but_ambiguous","mountain=鞍掛山(#462); candidate=summit-candidate:6b19d2116121b615; track=""鞍掛山""; score=0.75; name_tier=strong; ele_diff=4.55m; loc=strong_overlap; act_conf=high"
463,"大畑山",22,summit-candidate:bb84b00f3a929195,0.6800,medium,"大畑山","yamap_2026-02-14_08_22.gpx","","八幡浜市",boundary_ambiguous,location_uncertain_keep,candidate_boundary_ambiguous,7.898,false,false,high,"top_1_but_ambiguous","mountain=大畑山(#463); candidate=summit-candidate:bb84b00f3a929195; track=""大畑山""; score=0.68; name_tier=strong; ele_diff=2.4m; loc=mismatch_warning; act_conf=high"
464,"飯之山",24,summit-candidate:6756239601754708,0.7300,medium,"権現山","yamap_2026-02-14_13_33.gpx","八幡浜市","八幡浜市",near_boundary,location_strong_match,same_municipality,878.59,false,false,high,"top_1_but_ambiguous;top_candidate_for_multiple_mountains","mountain=飯之山(#464); candidate=summit-candidate:6756239601754708; track=""権現山""; score=0.63; name_tier=strong; ele_diff=38.18m; loc=strong_overlap; act_conf=high"
465,"権現山",61,summit-candidate:6756239601754708,0.8500,medium,"権現山","yamap_2026-02-14_13_33.gpx","八幡浜市","八幡浜市",near_boundary,location_strong_match,same_municipality,878.59,false,false,medium,"top_1_but_ambiguous;top_candidate_for_multiple_mountains;priority_reduced_strong_match_mutual_top1","mountain=権現山(#465); candidate=summit-candidate:6756239601754708; track=""権現山""; score=0.75; name_tier=strong; ele_diff=5.82m; loc=strong_overlap; act_conf=high"
466,"大森山",21,summit-candidate:b3cf76c035511afe,0.7500,medium,"大森山","yamap_2026-02-22_06_23.gpx","","大洲市",boundary_ambiguous,location_uncertain_keep,candidate_boundary_ambiguous,10.196,false,false,high,"top_1_but_ambiguous","mountain=大森山(#466); candidate=summit-candidate:b3cf76c035511afe; track=""大森山""; score=0.75; name_tier=strong; ele_diff=8.44m; loc=strong_overlap; act_conf=high"
467,"高森山",27,summit-candidate:f55ffb534aa2ae4c,0.8500,medium,"高森山・町木山・寒台山・鎧掛山","yamap_2026-02-22_07_32.gpx","大洲市","大洲市",stable_interior,location_strong_match,same_municipality,1948.729,true,true,medium,"top_1_but_ambiguous;top_candidate_for_multiple_mountains;priority_reduced_strong_match_mutual_top1","mountain=高森山(#467); candidate=summit-candidate:f55ffb534aa2ae4c; track=""高森山・町木山・寒台山・鎧掛山""; score=0.75; name_tier=strong; ele_diff=6.98m; loc=strong_overlap; act_conf=high"
468,"町木山",19,summit-candidate:19ab381ef6c337af,0.7900,medium,"高森山・町木山・寒台山・鎧掛山","yamap_2026-02-22_07_32.gpx","大洲市","大洲市",near_boundary,location_strong_match,same_municipality,334.212,false,false,medium,"top_1_but_ambiguous;priority_reduced_strong_match_mutual_top1","mountain=町木山(#468); candidate=summit-candidate:19ab381ef6c337af; track=""高森山・町木山・寒台山・鎧掛山""; score=0.69; name_tier=strong; ele_diff=11.13m; loc=strong_overlap; act_conf=high"
469,"寒台山",20,summit-candidate:428f403ddcc5a31a,0.6800,medium,"高森山・町木山・寒台山・鎧掛山","yamap_2026-02-22_07_32.gpx","","内子町",boundary_ambiguous,location_uncertain_keep,candidate_boundary_ambiguous,8.2,false,false,high,"top_1_but_ambiguous","mountain=寒台山(#469); candidate=summit-candidate:428f403ddcc5a31a; track=""高森山・町木山・寒台山・鎧掛山""; score=0.68; name_tier=strong; ele_diff=9.78m; loc=mismatch_warning; act_conf=high"
470,"鎧掛山",18,summit-candidate:5f31b84e049f61fa,0.7900,medium,"高森山・町木山・寒台山・鎧掛山","yamap_2026-02-22_07_32.gpx","大洲市","大洲市",near_boundary,location_strong_match,same_municipality,231.072,false,false,high,"top_1_but_ambiguous;top_candidate_for_multiple_mountains","mountain=鎧掛山(#470); candidate=summit-candidate:5f31b84e049f61fa; track=""高森山・町木山・寒台山・鎧掛山""; score=0.69; name_tier=strong; ele_diff=10.33m; loc=strong_overlap; act_conf=high"
471,"花見山",6,summit-candidate:5f001ac124f82ef6,0.4400,low,"西港山・大丸山・港山","yamap_2022-10-19_16_00.gpx","松山市","松山市",near_boundary,location_strong_match,same_municipality,107.054,false,false,high,"top_1_but_ambiguous;top_candidate_for_multiple_mountains","mountain=花見山(#471); candidate=summit-candidate:5f001ac124f82ef6; track=""西港山・大丸山・港山""; score=0.34; name_tier=none; ele_diff=18.08m; loc=strong_overlap; act_conf=high"
472,"剣ノ山",15,summit-candidate:740ae36ed8c63d60,0.6800,medium,"剣ノ山・三傍示山・塩塚峰","yamap_2026-03-01_06_45.gpx","","四国中央市",boundary_ambiguous,location_uncertain_keep,candidate_boundary_ambiguous,0.473,false,false,medium,"top_3_with_evidence","mountain=剣ノ山(#472); candidate=summit-candidate:740ae36ed8c63d60; track=""剣ノ山・三傍示山・塩塚峰""; score=0.68; name_tier=strong; ele_diff=5.44m; loc=mismatch_warning; act_conf=high"
473,"三傍示山",20,summit-candidate:78274ad93e160452,0.8500,medium,"剣ノ山・三傍示山・塩塚峰","yamap_2026-03-01_06_45.gpx","四国中央市","四国中央市",near_boundary,location_strong_match,same_municipality,2.06,false,false,medium,"top_1_but_ambiguous;top_candidate_for_multiple_mountains;priority_reduced_strong_match_mutual_top1","mountain=三傍示山(#473); candidate=summit-candidate:78274ad93e160452; track=""剣ノ山・三傍示山・塩塚峰""; score=0.75; name_tier=strong; ele_diff=4.55m; loc=strong_overlap; act_conf=high"
474,"塩塚峰",17,summit-candidate:737ce2580de91527,0.7500,medium,"剣ノ山・三傍示山・塩塚峰","yamap_2026-03-01_06_45.gpx","","四国中央市",boundary_ambiguous,location_uncertain_keep,candidate_boundary_ambiguous,13.631,false,false,high,"top_1_but_ambiguous","mountain=塩塚峰(#474); candidate=summit-candidate:737ce2580de91527; track=""剣ノ山・三傍示山・塩塚峰""; score=0.75; name_tier=strong; ele_diff=1.87m; loc=strong_overlap; act_conf=high"
475,"登議城山",24,summit-candidate:9fe27d7d4a51aa70,0.8500,medium,"登議城山","yamap_2026-03-04_06_40.gpx","内子町","内子町",stable_interior,location_strong_match,same_municipality,3094.938,true,true,medium,"top_1_but_ambiguous;priority_reduced_strong_match_mutual_top1","mountain=登議城山(#475); candidate=summit-candidate:9fe27d7d4a51aa70; track=""登議城山""; score=0.75; name_tier=strong; ele_diff=5.84m; loc=strong_overlap; act_conf=high"
476,"愛宕山",33,summit-candidate:c6ea08c2953b4cb8,0.7900,medium,"愛宕山","yamap_2026-03-04_09_46.gpx","内子町","内子町",stable_interior,location_strong_match,same_municipality,2500.738,true,true,medium,"top_1_but_ambiguous;priority_reduced_strong_match_mutual_top1","mountain=愛宕山(#476); candidate=summit-candidate:c6ea08c2953b4cb8; track=""愛宕山""; score=0.69; name_tier=strong; ele_diff=12.32m; loc=strong_overlap; act_conf=high"
477,"笠松山東峰",22,summit-candidate:8f25ad4ff380df77,0.7900,medium,"世田山・笠松山東峰・笠松山","yamap_2026-03-06_09_00.gpx","今治市","今治市",stable_cardinal_1km_same,location_strong_match,same_municipality,878.536,true,false,high,"top_1_but_ambiguous;top_candidate_for_multiple_mountains","mountain=笠松山東峰(#477); candidate=summit-candidate:8f25ad4ff380df77; track=""世田山・笠松山東峰・笠松山""; score=0.69; name_tier=strong; ele_diff=19.89m; loc=strong_overlap; act_conf=high"
478,"尻割山",15,summit-candidate:e8b129f70e703be5,0.7300,medium,"権現山","yamap_2026-03-07_11_08.gpx","宇和島市","宇和島市",stable_interior,location_strong_match,same_municipality,2220.439,true,true,high,"top_1_but_ambiguous;top_candidate_for_multiple_mountains","mountain=尻割山(#478); candidate=summit-candidate:e8b129f70e703be5; track=""権現山""; score=0.63; name_tier=strong; ele_diff=30.08m; loc=strong_overlap; act_conf=high"
479,"四本松",13,summit-candidate:e8b129f70e703be5,0.6700,medium,"権現山","yamap_2026-03-07_11_08.gpx","宇和島市","宇和島市",stable_interior,location_strong_match,same_municipality,2220.439,true,true,high,"top_1_but_ambiguous;top_candidate_for_multiple_mountains","mountain=四本松(#479); candidate=summit-candidate:e8b129f70e703be5; track=""権現山""; score=0.57; name_tier=strong; ele_diff=228.92m; loc=strong_overlap; act_conf=high"
480,"権現山",52,summit-candidate:e8b129f70e703be5,0.8500,medium,"権現山","yamap_2026-03-07_11_08.gpx","宇和島市","宇和島市",stable_interior,location_strong_match,same_municipality,2220.439,true,true,medium,"top_1_but_ambiguous;top_candidate_for_multiple_mountains;priority_reduced_strong_match_mutual_top1","mountain=権現山(#480); candidate=summit-candidate:e8b129f70e703be5; track=""権現山""; score=0.75; name_tier=strong; ele_diff=2.08m; loc=strong_overlap; act_conf=high"
481,"呉石山",18,summit-candidate:784df3690acb5365,0.8500,medium,"呉石山","yamap_2026-03-08_07_27.gpx","四国中央市","四国中央市",stable_interior,location_strong_match,same_municipality,2953.526,true,true,medium,"top_1_but_ambiguous;priority_reduced_strong_match_mutual_top1","mountain=呉石山(#481); candidate=summit-candidate:784df3690acb5365; track=""呉石山""; score=0.75; name_tier=strong; ele_diff=7.53m; loc=strong_overlap; act_conf=high"
482,"峰畑山",13,summit-candidate:eb031d650d8e9a7a,0.7800,medium,"峰畑山","yamap_2026-03-08_08_05.gpx","四国中央市","四国中央市",near_boundary,location_strong_match,same_municipality,4.4,false,false,medium,"top_1_but_ambiguous;priority_reduced_strong_match_mutual_top1","mountain=峰畑山(#482); candidate=summit-candidate:eb031d650d8e9a7a; track=""峰畑山""; score=0.68; name_tier=strong; ele_diff=6.81m; loc=mismatch_warning; act_conf=high"
483,"白木山",25,summit-candidate:ab39145b6a448b8d,0.8500,medium,"白木山","yamap_2026-03-08_10_45.gpx","四国中央市","四国中央市",stable_interior,location_strong_match,same_municipality,6520.447,true,true,medium,"top_1_but_ambiguous;priority_reduced_strong_match_mutual_top1","mountain=白木山(#483); candidate=summit-candidate:ab39145b6a448b8d; track=""白木山""; score=0.75; name_tier=strong; ele_diff=6.64m; loc=strong_overlap; act_conf=high"
484,"軽ノ山",18,summit-candidate:084fa7c9e55252dc,0.8500,medium,"野津子山・軽ノ山","yamap_2026-03-11_10_35.gpx","松山市","松山市",stable_interior,location_strong_match,same_municipality,4582.652,true,true,medium,"top_1_but_ambiguous;top_candidate_for_multiple_mountains;priority_reduced_strong_match_mutual_top1","mountain=軽ノ山(#484); candidate=summit-candidate:084fa7c9e55252dc; track=""野津子山・軽ノ山""; score=0.75; name_tier=strong; ele_diff=5.16m; loc=strong_overlap; act_conf=high"
485,"野津子山",20,summit-candidate:084fa7c9e55252dc,0.7900,medium,"野津子山・軽ノ山","yamap_2026-03-11_10_35.gpx","松山市","松山市",stable_interior,location_strong_match,same_municipality,4582.652,true,true,high,"top_1_but_ambiguous;top_candidate_for_multiple_mountains","mountain=野津子山(#485); candidate=summit-candidate:084fa7c9e55252dc; track=""野津子山・軽ノ山""; score=0.69; name_tier=strong; ele_diff=21.84m; loc=strong_overlap; act_conf=high"
486,"長山",21,summit-candidate:c246a8edb72dbebb,0.8500,medium,"長山","yamap_2026-03-15_06_14.gpx","鬼北町","鬼北町",near_boundary,location_strong_match,same_municipality,553.092,false,false,medium,"top_1_but_ambiguous;priority_reduced_strong_match_mutual_top1","mountain=長山(#486); candidate=summit-candidate:c246a8edb72dbebb; track=""長山""; score=0.75; name_tier=strong; ele_diff=0.73m; loc=strong_overlap; act_conf=high"
487,"高研山",13,summit-candidate:314bd84876bc3fc3,0.7900,medium,"高研山","yamap_2026-03-15_10_21.gpx","鬼北町","鬼北町",near_boundary,location_strong_match,same_municipality,2.063,false,false,medium,"top_1_but_ambiguous;priority_reduced_strong_match_mutual_top1","mountain=高研山(#487); candidate=summit-candidate:314bd84876bc3fc3; track=""高研山""; score=0.69; name_tier=strong; ele_diff=10.78m; loc=strong_overlap; act_conf=high"
488,"大ノ森",12,summit-candidate:777bcc5c6ed2c27e,0.8500,medium,"大ノ森","yamap_2026-03-17_06_58.gpx","久万高原町","久万高原町",stable_interior,location_strong_match,same_municipality,4114.578,true,true,medium,"top_1_but_ambiguous;top_candidate_for_multiple_mountains;priority_reduced_strong_match_mutual_top1","mountain=大ノ森(#488); candidate=summit-candidate:777bcc5c6ed2c27e; track=""大ノ森""; score=0.75; name_tier=strong; ele_diff=2.55m; loc=strong_overlap; act_conf=high"
489,"雨乞山",29,summit-candidate:f760bededfedfc09,0.8500,medium,"雨乞山・妙見森","yamap_2026-03-21_07_01.gpx","内子町","内子町",near_boundary,location_strong_match,same_municipality,22.694,false,false,medium,"top_1_but_ambiguous;priority_reduced_strong_match_mutual_top1","mountain=雨乞山(#489); candidate=summit-candidate:f760bededfedfc09; track=""雨乞山・妙見森""; score=0.75; name_tier=strong; ele_diff=2.73m; loc=strong_overlap; act_conf=high"
490,"妙見森",18,summit-candidate:118b217506eb653f,0.8500,medium,"雨乞山・妙見森","yamap_2026-03-21_07_01.gpx","内子町","内子町",stable_interior,location_strong_match,same_municipality,1085.068,true,true,medium,"top_1_but_ambiguous;top_candidate_for_multiple_mountains;priority_reduced_strong_match_mutual_top1","mountain=妙見森(#490); candidate=summit-candidate:118b217506eb653f; track=""雨乞山・妙見森""; score=0.75; name_tier=strong; ele_diff=9.49m; loc=strong_overlap; act_conf=high"
491,"笹峠山",24,summit-candidate:05007aaf499a4ecc,0.6200,medium,"笹峠山","yamap_2026-03-21_13_44.gpx","","内子町",boundary_ambiguous,location_uncertain_keep,candidate_boundary_ambiguous,0.447,false,false,low,"weak_confidence_no_strong_evidence","mountain=笹峠山(#491); candidate=summit-candidate:05007aaf499a4ecc; track=""笹峠山""; score=0.62; name_tier=strong; ele_diff=13.04m; loc=mismatch_warning; act_conf=high"
492,"雨霧山",25,summit-candidate:d5d39ec66a34deb5,0.8500,medium,"雨霧山","yamap_2026-03-21_14_58.gpx","内子町","内子町",stable_interior,location_strong_match,same_municipality,3757.503,true,true,medium,"top_1_but_ambiguous;priority_reduced_strong_match_mutual_top1","mountain=雨霧山(#492); candidate=summit-candidate:d5d39ec66a34deb5; track=""雨霧山""; score=0.75; name_tier=strong; ele_diff=9.14m; loc=strong_overlap; act_conf=high"
493,"三郷の辻",20,summit-candidate:46ab73ee0e06e924,0.7500,medium,"三郷の辻","yamap_2026-04-11_09_14.gpx","","久万高原町",boundary_ambiguous,location_uncertain_keep,candidate_boundary_ambiguous,0.014,false,false,high,"top_1_but_ambiguous","mountain=三郷の辻(#493); candidate=summit-candidate:46ab73ee0e06e924; track=""三郷の辻""; score=0.75; name_tier=strong; ele_diff=4.23m; loc=strong_overlap; act_conf=high"
494,"権現山",58,summit-candidate:2011a6c909945d6f,0.7900,medium,"権現山","yamap_2026-04-12_11_03.gpx","松山市","松山市",stable_interior,location_strong_match,same_municipality,1788.516,true,true,medium,"top_1_but_ambiguous;top_candidate_for_multiple_mountains;priority_reduced_strong_match_mutual_top1","mountain=権現山(#494); candidate=summit-candidate:2011a6c909945d6f; track=""権現山""; score=0.69; name_tier=strong; ele_diff=14.13m; loc=strong_overlap; act_conf=high"
495,"雨乞山",22,summit-candidate:d0d3096d540f375e,0.8500,medium,"雨乞山","yamap_2026-04-19_07_43.gpx","八幡浜市","八幡浜市",stable_interior,location_strong_match,same_municipality,1391.136,true,true,medium,"top_1_but_ambiguous;priority_reduced_strong_match_mutual_top1","mountain=雨乞山(#495); candidate=summit-candidate:d0d3096d540f375e; track=""雨乞山""; score=0.75; name_tier=strong; ele_diff=2.4m; loc=strong_overlap; act_conf=high"
496,"鼻欠山",18,summit-candidate:9e86644a708cb211,0.7900,medium,"鼻欠山","yamap_2026-04-19_10_27.gpx","大洲市","大洲市",stable_interior,location_strong_match,same_municipality,3866.697,true,true,medium,"top_1_but_ambiguous;priority_reduced_strong_match_mutual_top1","mountain=鼻欠山(#496); candidate=summit-candidate:9e86644a708cb211; track=""鼻欠山""; score=0.69; name_tier=strong; ele_diff=13.04m; loc=strong_overlap; act_conf=high"
497,"面木山",19,summit-candidate:d5a6fcb592162088,0.7500,medium,"面木山・黒森","yamap_2026-04-29_06_34.gpx","","西条市",boundary_ambiguous,location_uncertain_keep,candidate_boundary_ambiguous,2.33,false,false,high,"top_1_but_ambiguous;top_candidate_for_multiple_mountains","mountain=面木山(#497); candidate=summit-candidate:d5a6fcb592162088; track=""面木山・黒森""; score=0.75; name_tier=strong; ele_diff=6.79m; loc=strong_overlap; act_conf=high"
498,"黒森",33,summit-candidate:a96db37bf518f31a,0.6800,medium,"面木山・黒森","yamap_2026-04-29_06_34.gpx","","西条市",boundary_ambiguous,location_uncertain_keep,candidate_boundary_ambiguous,3.054,false,false,high,"top_1_but_ambiguous","mountain=黒森(#498); candidate=summit-candidate:a96db37bf518f31a; track=""面木山・黒森""; score=0.68; name_tier=strong; ele_diff=8.5m; loc=mismatch_warning; act_conf=high"
499,"台ヶ森",8,summit-candidate:53a6401abf71c488,0.6700,medium,"男山・瓶ヶ森・台ヶ森","yamap_2026-05-02_09_29.gpx","西条市","西条市",near_boundary,location_strong_match,same_municipality,71.146,false,false,high,"top_1_but_ambiguous;top_candidate_for_multiple_mountains","mountain=台ヶ森(#499); candidate=summit-candidate:53a6401abf71c488; track=""男山・瓶ヶ森・台ヶ森""; score=0.57; name_tier=strong; ele_diff=391.14m; loc=strong_overlap; act_conf=high"
500,"丸山",13,summit-candidate:453327d51d16e202,0.5700,medium,"丸山・ちち山・笹ヶ峰","yamap_2026-05-06_07_28.gpx","","西条市",boundary_ambiguous,location_uncertain_keep,candidate_boundary_ambiguous,1.939,false,false,medium,"top_3_with_evidence","mountain=丸山(#500); candidate=summit-candidate:453327d51d16e202; track=""丸山・ちち山・笹ヶ峰""; score=0.57; name_tier=strong; ele_diff=303.97m; loc=strong_overlap; act_conf=high"
501,"大森山",25,summit-candidate:565ba3761956d9b3,0.6400,medium,"大森山・佐々連尾山・三つ足山","yamap_2025-10-11_06_24.gpx","四国中央市","西条市",near_boundary,location_uncertain_keep,non_adjacent_municipality,7.014,false,false,high,"top_1_but_ambiguous;top_candidate_for_multiple_mountains","mountain=大森山(#501); candidate=summit-candidate:565ba3761956d9b3; track=""大森山・佐々連尾山・三つ足山""; score=0.64; name_tier=strong; ele_diff=27.56m; loc=mismatch_warning; act_conf=high"
502,"うつむき山",11,summit-candidate:51c8bc6a368c422c,0.3000,low,"竜王の峰","yamap_2026-01-18_09_11.gpx","西予市","内子町",stable_interior,adjacent_but_deep_inside,adjacent_municipality,2624.319,true,true,low,"adjacent_but_deep_inside","mountain=うつむき山(#502); candidate=summit-candidate:51c8bc6a368c422c; track=""竜王の峰""; score=0.35; name_tier=none; ele_diff=7.51m; loc=mismatch_warning; act_conf=high"
503,"妙見山",11,summit-candidate:51c8bc6a368c422c,0.3000,low,"竜王の峰","yamap_2026-01-18_09_11.gpx","西予市","大洲市",stable_interior,adjacent_but_deep_inside,adjacent_municipality,2624.319,true,true,low,"adjacent_but_deep_inside","mountain=妙見山(#503); candidate=summit-candidate:51c8bc6a368c422c; track=""竜王の峰""; score=0.35; name_tier=none; ele_diff=7.51m; loc=mismatch_warning; act_conf=high"
504,"鉢が森",10,summit-candidate:51c8bc6a368c422c,0.5200,low,"竜王の峰","yamap_2026-01-18_09_11.gpx","西予市","西予市",stable_interior,location_strong_match,same_municipality,2624.319,true,true,high,"top_1_but_ambiguous;top_candidate_for_multiple_mountains","mountain=鉢が森(#504); candidate=summit-candidate:51c8bc6a368c422c; track=""竜王の峰""; score=0.42; name_tier=none; ele_diff=9.49m; loc=strong_overlap; act_conf=high"
505,"高山寺山",17,summit-candidate:101c1b0635c0bec0,0.4500,low,"高山","yamap_2022-12-25_10_09.gpx","今治市","大洲市",near_boundary,location_uncertain_keep,non_adjacent_municipality,263.16,false,false,high,"top_1_but_ambiguous;top_candidate_for_multiple_mountains","mountain=高山寺山(#505); candidate=summit-candidate:101c1b0635c0bec0; track=""高山""; score=0.45; name_tier=medium; ele_diff=429.33m; loc=mismatch_warning; act_conf=high"
506,"陣ヶ森",17,summit-candidate:e084389cc60ad329,0.5700,low,"陣ヶ森・前々司山・うなめご","yamap_2022-05-05_13_29.gpx","久万高原町","内子町",near_boundary,boundary_plausible,adjacent_municipality,54.574,false,false,high,"top_1_but_ambiguous;top_candidate_for_multiple_mountains","mountain=陣ヶ森(#506); candidate=summit-candidate:e084389cc60ad329; track=""陣ヶ森・前々司山・うなめご""; score=0.52; name_tier=strong; ele_diff=638.35m; loc=mismatch_warning; act_conf=high"
507,"牛ヶ首",15,summit-candidate:339138a4e53293da,0.4600,low,"えんとつ山・生子山・犬返・種子川山・西赤石山・物住頭・上兜山・下兜山","yamap_2023-03-29_05_31.gpx","新居浜市","新居浜市",stable_interior,location_strong_match,same_municipality,3508.188,true,true,high,"top_1_but_ambiguous;top_candidate_for_multiple_mountains","mountain=牛ヶ首(#507); candidate=summit-candidate:339138a4e53293da; track=""えんとつ山・生子山・犬返・種子川山・西赤石山・物住頭・上兜山・下兜山""; score=0.36; name_tier=none; ele_diff=12.83m; loc=strong_overlap; act_conf=high"
508,"三石山",21,summit-candidate:f028aab45221cee6,0.4600,low,"池ノ城山","yamap_2025-12-20_07_28.gpx","内子町","内子町",stable_interior,location_strong_match,same_municipality,1114.561,true,true,high,"top_1_but_ambiguous;top_candidate_for_multiple_mountains","mountain=三石山(#508); candidate=summit-candidate:f028aab45221cee6; track=""池ノ城山""; score=0.36; name_tier=none; ele_diff=16.88m; loc=strong_overlap; act_conf=high"
509,"感応寺山",11,summit-candidate:0048d4d3a7981b80,0.5200,low,"壺神山・滝山・足山・皿が森","yamap_2025-01-03_07_19.gpx","大洲市","大洲市",stable_interior,location_strong_match,same_municipality,2356.709,true,true,high,"top_1_but_ambiguous;top_candidate_for_multiple_mountains","mountain=感応寺山(#509); candidate=summit-candidate:0048d4d3a7981b80; track=""壺神山・滝山・足山・皿が森""; score=0.42; name_tier=none; ele_diff=9.52m; loc=strong_overlap; act_conf=high"
510,"水無権現",12,summit-candidate:49147712961a83be,0.4200,low,"新谷神南山・五十崎神南山","yamap_2025-04-09_06_48.gpx","","内子町",boundary_ambiguous,location_uncertain_keep,candidate_boundary_ambiguous,2.914,false,false,medium,"top_3_with_evidence","mountain=水無権現(#510); candidate=summit-candidate:49147712961a83be; track=""新谷神南山・五十崎神南山""; score=0.42; name_tier=none; ele_diff=5.97m; loc=strong_overlap; act_conf=high"
511,"秋葉山",15,summit-candidate:0bd3d051cdb972fd,0.4700,low,"本尊山・秋葉山・立烏帽子山・明神山","yamap_2024-12-08_06_59.gpx","伊予市","大洲市",stable_interior,adjacent_but_deep_inside,adjacent_municipality,2222.144,true,true,low,"adjacent_but_deep_inside","mountain=秋葉山(#511); candidate=summit-candidate:0bd3d051cdb972fd; track=""本尊山・秋葉山・立烏帽子山・明神山""; score=0.52; name_tier=strong; ele_diff=89.69m; loc=mismatch_warning; act_conf=high"
512,"黒山",21,summit-candidate:19baf3ce30f8991a,0.3200,low,"大黒山・譲ヶ葉森","yamap_2024-02-17_05_38.gpx","宇和島市","内子町",stable_interior,municipality_incompatible_strong,non_adjacent_municipality,1287.364,true,true,deprioritized,"incompatible_municipality","mountain=黒山(#512); candidate=summit-candidate:19baf3ce30f8991a; track=""大黒山・譲ヶ葉森""; score=0.52; name_tier=strong; ele_diff=292.96m; loc=mismatch_warning; act_conf=high"
513,"大野山",17,summit-candidate:17a471cc45af2c05,0.5200,low,"野地峰・黒岩山・大野山","yamap_2025-04-27_06_23.gpx","","西予市",boundary_ambiguous,location_uncertain_keep,candidate_boundary_ambiguous,6.924,false,false,high,"top_1_but_ambiguous;top_candidate_for_multiple_mountains","mountain=大野山(#513); candidate=summit-candidate:17a471cc45af2c05; track=""野地峰・黒岩山・大野山""; score=0.52; name_tier=strong; ele_diff=470.39m; loc=mismatch_warning; act_conf=high"
514,"棟山",17,summit-candidate:7a8dca9b423536f5,0.3600,low,"高森山・町木山・寒台山・鎧掛山","yamap_2026-02-22_07_32.gpx","","内子町",boundary_ambiguous,location_uncertain_keep,candidate_boundary_ambiguous,4.288,false,false,medium,"top_3_with_evidence","mountain=棟山(#514); candidate=summit-candidate:7a8dca9b423536f5; track=""高森山・町木山・寒台山・鎧掛山""; score=0.36; name_tier=none; ele_diff=28.1m; loc=strong_overlap; act_conf=high"
515,"星ヶ森",16,summit-candidate:9669b668bebfc145,0.5200,low,"黒滝山・木久ヶ森","yamap_2023-04-18_10_53.gpx","西条市","西条市",stable_interior,location_strong_match,same_municipality,2060.112,true,true,high,"top_1_but_ambiguous;top_candidate_for_multiple_mountains","mountain=星ヶ森(#515); candidate=summit-candidate:9669b668bebfc145; track=""黒滝山・木久ヶ森""; score=0.42; name_tier=none; ele_diff=8.99m; loc=strong_overlap; act_conf=high"
516,"草屋敷",15,summit-candidate:615a70cf4401199b,0.4200,low,"出石山","yamap_2022-11-14_13_02.gpx","","大洲市",boundary_ambiguous,location_uncertain_keep,candidate_boundary_ambiguous,11.151,false,false,medium,"top_3_with_evidence","mountain=草屋敷(#516); candidate=summit-candidate:615a70cf4401199b; track=""出石山""; score=0.42; name_tier=none; ele_diff=1.36m; loc=strong_overlap; act_conf=high"
517,"大熊山",13,summit-candidate:d1269170b687c5bc,0.4600,low,"稔山","yamap_2022-03-09_10_20.gpx","東温市","東温市",stable_interior,location_strong_match,same_municipality,1183.932,true,true,high,"top_1_but_ambiguous","mountain=大熊山(#517); candidate=summit-candidate:d1269170b687c5bc; track=""稔山""; score=0.36; name_tier=none; ele_diff=17.46m; loc=strong_overlap; act_conf=high"
518,"笠松山",17,summit-candidate:8f25ad4ff380df77,0.3200,low,"世田山・笠松山東峰・笠松山","yamap_2026-03-06_09_00.gpx","今治市","久万高原町",stable_cardinal_1km_same,municipality_incompatible_strong,non_adjacent_municipality,878.536,true,false,deprioritized,"incompatible_municipality","mountain=笠松山(#518); candidate=summit-candidate:8f25ad4ff380df77; track=""世田山・笠松山東峰・笠松山""; score=0.52; name_tier=strong; ele_diff=521.11m; loc=mismatch_warning; act_conf=high"
519,"蒲山",14,summit-candidate:a0ef25e9a532b62e,0.3600,low,"谷上山・権現山・白滝山・障子山","yamap_2022-02-06_08_26.gpx","","砥部町",boundary_ambiguous,location_uncertain_keep,candidate_boundary_ambiguous,0.44,false,false,high,"top_1_but_ambiguous;top_candidate_for_multiple_mountains","mountain=蒲山(#519); candidate=summit-candidate:a0ef25e9a532b62e; track=""谷上山・権現山・白滝山・障子山""; score=0.36; name_tier=none; ele_diff=15.5m; loc=strong_overlap; act_conf=high"
520,"牛ノ峯",15,summit-candidate:606168b97944fce5,0.4200,low,"日浦嶺・打越山","yamap_2024-04-28_10_37.gpx","","内子町",boundary_ambiguous,location_uncertain_keep,candidate_boundary_ambiguous,12.878,false,false,high,"top_1_but_ambiguous;top_candidate_for_multiple_mountains","mountain=牛ノ峯(#520); candidate=summit-candidate:606168b97944fce5; track=""日浦嶺・打越山""; score=0.42; name_tier=none; ele_diff=5.06m; loc=strong_overlap; act_conf=high"
521,"小森",21,summit-candidate:0ff024bf702c13bb,0.3500,low,"福見山・明神ヶ森・南三方ヶ森・魚谷森・左谷ノ森","yamap_2023-03-11_06_08.gpx","松山市","西条市",near_boundary,location_uncertain_keep,non_adjacent_municipality,24.941,false,false,high,"top_1_but_ambiguous;top_candidate_for_multiple_mountains","mountain=小森(#521); candidate=summit-candidate:0ff024bf702c13bb; track=""福見山・明神ヶ森・南三方ヶ森・魚谷森・左谷ノ森""; score=0.35; name_tier=none; ele_diff=4.69m; loc=mismatch_warning; act_conf=high"
522,"辻ヶ峰",18,summit-candidate:6a1baa0667de8a9d,0.3500,low,"加塚山","yamap_2025-04-06_08_48.gpx","宇和島市","新居浜市",near_boundary,location_uncertain_keep,non_adjacent_municipality,10.413,false,false,high,"top_1_but_ambiguous","mountain=辻ヶ峰(#522); candidate=summit-candidate:6a1baa0667de8a9d; track=""加塚山""; score=0.35; name_tier=none; ele_diff=2.8m; loc=mismatch_warning; act_conf=high"
523,"常住",16,summit-candidate:d5a6fcb592162088,0.4200,low,"面木山・黒森","yamap_2026-04-29_06_34.gpx","","西条市",boundary_ambiguous,location_uncertain_keep,candidate_boundary_ambiguous,2.33,false,false,high,"top_1_but_ambiguous;top_candidate_for_multiple_mountains","mountain=常住(#523); candidate=summit-candidate:d5a6fcb592162088; track=""面木山・黒森""; score=0.42; name_tier=none; ele_diff=2.79m; loc=strong_overlap; act_conf=high"
524,"熊鷹山",13,summit-candidate:8078eb6cc96c519a,0.5200,low,"三ッ足山・カガマシ山・橡尾山・笹ヶ峰","yamap_2024-10-14_04_48.gpx","四国中央市","四国中央市",stable_interior,location_strong_match,same_municipality,1656.731,true,true,high,"top_1_but_ambiguous;top_candidate_for_multiple_mountains","mountain=熊鷹山(#524); candidate=summit-candidate:8078eb6cc96c519a; track=""三ッ足山・カガマシ山・橡尾山・笹ヶ峰""; score=0.42; name_tier=none; ele_diff=1.64m; loc=strong_overlap; act_conf=high"
525,"櫛ヶ峰",16,summit-candidate:282882317c3aab0b,0.3500,low,"大黒山・譲ヶ葉森","yamap_2024-02-17_05_38.gpx","","西条市",boundary_ambiguous,location_uncertain_keep,candidate_boundary_ambiguous,17.059,false,false,high,"top_1_but_ambiguous","mountain=櫛ヶ峰(#525); candidate=summit-candidate:282882317c3aab0b; track=""大黒山・譲ヶ葉森""; score=0.35; name_tier=none; ele_diff=5.21m; loc=mismatch_warning; act_conf=high"
526,"大旗山",17,summit-candidate:ee9d736a090185dd,0.5200,low,"碁石ヶ森","yamap_2022-04-22_17_29.gpx","西予市","西予市",stable_interior,location_strong_match,same_municipality,1020.293,true,true,high,"top_1_but_ambiguous;top_candidate_for_multiple_mountains","mountain=大旗山(#526); candidate=summit-candidate:ee9d736a090185dd; track=""碁石ヶ森""; score=0.42; name_tier=none; ele_diff=4.12m; loc=strong_overlap; act_conf=high"
527,"兵庫山",9,summit-candidate:e2c08955f9275289,0.4600,low,"ハネズル山","yamap_2024-10-20_06_42.gpx","四国中央市","四国中央市",near_boundary,location_strong_match,same_municipality,399.903,false,false,high,"top_1_but_ambiguous;top_candidate_for_multiple_mountains","mountain=兵庫山(#527); candidate=summit-candidate:e2c08955f9275289; track=""ハネズル山""; score=0.36; name_tier=none; ele_diff=11.13m; loc=strong_overlap; act_conf=high"
528,"生之越",9,summit-candidate:242762a3c600ff91,0.4200,low,"割石東山・青滝山・堂ヶ森","yamap_2022-05-15_06_10.gpx","","久万高原町",boundary_ambiguous,location_uncertain_keep,candidate_boundary_ambiguous,7.225,false,false,medium,"top_3_with_evidence","mountain=生之越(#528); candidate=summit-candidate:242762a3c600ff91; track=""割石東山・青滝山・堂ヶ森""; score=0.42; name_tier=none; ele_diff=8.01m; loc=strong_overlap; act_conf=high"
529,"玉取山",13,summit-candidate:0886436b79473a6c,0.4600,low,"三ッ足山・カガマシ山・橡尾山・笹ヶ峰","yamap_2024-10-14_04_48.gpx","四国中央市","四国中央市",near_boundary,location_strong_match,same_municipality,10.028,false,false,high,"top_1_but_ambiguous;top_candidate_for_multiple_mountains","mountain=玉取山(#529); candidate=summit-candidate:0886436b79473a6c; track=""三ッ足山・カガマシ山・橡尾山・笹ヶ峰""; score=0.36; name_tier=none; ele_diff=10.51m; loc=strong_overlap; act_conf=high"
530,"三ヶ森",14,summit-candidate:5771cdd191c3861d,0.4600,low,"二ノ岳・高森","yamap_2023-10-22_06_44.gpx","西条市","西条市",stable_interior,location_strong_match,same_municipality,3896.677,true,true,high,"top_1_but_ambiguous;top_candidate_for_multiple_mountains","mountain=三ヶ森(#530); candidate=summit-candidate:5771cdd191c3861d; track=""二ノ岳・高森""; score=0.36; name_tier=none; ele_diff=25.83m; loc=strong_overlap; act_conf=high"
531,"扇山",14,summit-candidate:02fa4cfab6fa90d3,0.5200,low,"遠ヶ森","yamap_2022-12-12_08_41.gpx","","西条市",boundary_ambiguous,location_uncertain_keep,candidate_boundary_ambiguous,11.4,false,false,high,"top_1_but_ambiguous;top_candidate_for_multiple_mountains","mountain=扇山(#531); candidate=summit-candidate:02fa4cfab6fa90d3; track=""遠ヶ森""; score=0.52; name_tier=strong; ele_diff=660.53m; loc=mismatch_warning; act_conf=high"
