decision_row_id,mountain_no,mountain_name,suggested_summit_candidate_id,source_gpx_basename,track_name,candidate_ele_m,mountain_elevation_m,elevation_diff_m,location_refined_candidate_score,review_bucket,compact_review_priority,review_packet_id,review_packet_path,decision_status,accepted_summit_candidate_id,rejected_summit_candidate_ids,needs_external_map_check,needs_redetection,decision_basis,reviewer_note,reviewed_at,reviewer
dec-0001,1,関ヶ森,summit-candidate:a0c35720552a78c8,yamap_2022-01-15_08_17.gpx,関ヶ森・観音山・倉谷山・芝ヶ峠,573.7066666666666,592,18.29,0.7365,accept_candidate_after_map_check,medium,gpx_group_0132,review_packets/gpx_groups/gpx_group_0132_yamap_2022-01-15_08_17.md,pending_review,,,,,,,,
dec-0002,2,観音山,summit-candidate:cb62a56e70cedbce,yamap_2022-01-15_08_17.gpx,関ヶ森・観音山・倉谷山・芝ヶ峠,495.64000000000004,518,22.36,0.7365,accept_candidate_after_map_check,medium,gpx_group_0132,review_packets/gpx_groups/gpx_group_0132_yamap_2022-01-15_08_17.md,pending_review,,,,,,,,
dec-0003,3,高森山,summit-candidate:e7ae682a07af2e10,yamap_2022-01-22_09_04.gpx,高森山・岩伽羅山・衣掛山・吉山(吉山城址),719.2533333333334,724,4.75,0.7875,resolve_conflict,high,gpx_group_0001,review_packets/gpx_groups/gpx_group_0001_yamap_2022-01-22_09_04.md,pending_review,,,,,,,,
dec-0004,4,岩伽羅山,summit-candidate:e7ae682a07af2e10,yamap_2022-01-22_09_04.gpx,高森山・岩伽羅山・衣掛山・吉山(吉山城址),719.2533333333334,696,23.25,0.7365,resolve_conflict,high,gpx_group_0001,review_packets/gpx_groups/gpx_group_0001_yamap_2022-01-22_09_04.md,pending_review,,,,,,,,
dec-0005,5,衣掛山,summit-candidate:d03c84134ca0989d,yamap_2022-01-22_09_04.gpx,高森山・岩伽羅山・衣掛山・吉山(吉山城址),306.31,463,156.69,0.6345,resolve_conflict,high,gpx_group_0001,review_packets/gpx_groups/gpx_group_0001_yamap_2022-01-22_09_04.md,pending_review,,,,,,,,
dec-0006,6,吉山(吉山城址),summit-candidate:d03c84134ca0989d,yamap_2022-01-22_09_04.gpx,高森山・岩伽羅山・衣掛山・吉山(吉山城址),306.31,262,44.31,0.6855,resolve_conflict,high,gpx_group_0001,review_packets/gpx_groups/gpx_group_0001_yamap_2022-01-22_09_04.md,pending_review,,,,,,,,
dec-0007,7,尾ノ峰,summit-candidate:36e3ac8003e8b5d0,yamap_2022-01-28_12_28.gpx,尾ノ峰・新城山・腰折山・恵良山,190.94333333333336,193,2.06,0.7875,accept_candidate_after_map_check,medium,gpx_group_0133,review_packets/gpx_groups/gpx_group_0133_yamap_2022-01-28_12_28.md,pending_review,,,,,,,,
dec-0008,8,新城山,summit-candidate:ac7a1ebef52ea30c,yamap_2022-01-28_12_28.gpx,尾ノ峰・新城山・腰折山・恵良山,156.4466666666667,161,4.55,0.7875,accept_candidate_after_map_check,medium,gpx_group_0133,review_packets/gpx_groups/gpx_group_0133_yamap_2022-01-28_12_28.md,pending_review,,,,,,,,
dec-0009,9,腰折山,summit-candidate:d6b806525709cc22,yamap_2022-01-28_12_28.gpx,尾ノ峰・新城山・腰折山・恵良山,206.86333333333332,213,6.14,0.7875,accept_candidate_after_map_check,medium,gpx_group_0133,review_packets/gpx_groups/gpx_group_0133_yamap_2022-01-28_12_28.md,pending_review,,,,,,,,
dec-0010,10,恵良山,summit-candidate:40260be41579ab8f,yamap_2022-01-28_12_28.gpx,尾ノ峰・新城山・腰折山・恵良山,299.12666666666667,302,2.87,0.7875,accept_candidate_after_map_check,medium,gpx_group_0133,review_packets/gpx_groups/gpx_group_0133_yamap_2022-01-28_12_28.md,pending_review,,,,,,,,
dec-0011,11,皿ヶ森,summit-candidate:59c561a08189d6b9,yamap_2022-01-29_08_35.gpx,皿ヶ森・経座ヶ森・ヨソ山,630.2399999999999,633,2.76,0.7875,resolve_conflict,high,gpx_group_0058,review_packets/gpx_groups/gpx_group_0058_yamap_2022-01-29_08_35.md,pending_review,,,,,,,,
dec-0012,12,経座ヶ森,summit-candidate:59c561a08189d6b9,yamap_2022-01-29_08_35.gpx,皿ヶ森・経座ヶ森・ヨソ山,630.2399999999999,735,104.76,0.6345,resolve_conflict,high,gpx_group_0058,review_packets/gpx_groups/gpx_group_0058_yamap_2022-01-29_08_35.md,pending_review,,,,,,,,
dec-0013,13,谷上山,summit-candidate:0eff3d1ea2b48d73,yamap_2022-02-06_08_26.gpx,谷上山・権現山・白滝山・障子山,456.90483803547824,455,1.9,0.7875,accept_candidate_after_map_check,medium,gpx_group_0039,review_packets/gpx_groups/gpx_group_0039_yamap_2022-02-06_08_26.md,pending_review,,,,,,,,
dec-0014,14,権現山,summit-candidate:2c817617699a0a45,yamap_2022-02-06_08_26.gpx,谷上山・権現山・白滝山・障子山,485.20803085647475,479,6.21,0.7875,accept_candidate_after_map_check,medium,gpx_group_0039,review_packets/gpx_groups/gpx_group_0039_yamap_2022-02-06_08_26.md,pending_review,,,,,,,,
dec-0015,15,白滝山,summit-candidate:ea5f711625df386b,yamap_2022-02-06_08_26.gpx,谷上山・権現山・白滝山・障子山,510.2597700981308,504,6.26,0.7875,accept_candidate_after_map_check,medium,gpx_group_0039,review_packets/gpx_groups/gpx_group_0039_yamap_2022-02-06_08_26.md,pending_review,,,,,,,,
dec-0016,16,障子山,summit-candidate:a0ef25e9a532b62e,yamap_2022-02-06_08_26.gpx,谷上山・権現山・白滝山・障子山,888.5027304594954,885,3.5,0.728,resolve_conflict,high,gpx_group_0039,review_packets/gpx_groups/gpx_group_0039_yamap_2022-02-06_08_26.md,pending_review,,,,,,,,
dec-0017,17,伽藍山,summit-candidate:da46e12c02d47edf,yamap_2022-02-09_10_01.gpx,佐田岬と伽藍山,413.7400702411658,414,0.26,0.7875,accept_candidate_after_map_check,medium,gpx_group_0143,review_packets/gpx_groups/gpx_group_0143_yamap_2022-02-09_10_01.md,pending_review,,,,,,,,
dec-0018,18,塩ヶ森,summit-candidate:0c210f0edfbda06f,yamap_2022-02-11_08_26.gpx,塩ヶ森・番駄ヶ森・ケタ山・大磨山・鍵山（象ヶ森）,522.6766666666666,526,3.32,0.7875,accept_candidate_after_map_check,medium,gpx_group_0057,review_packets/gpx_groups/gpx_group_0057_yamap_2022-02-11_08_26.md,pending_review,,,,,,,,
dec-0019,19,番駄ヶ森,summit-candidate:a637fbc518f58ac5,yamap_2022-02-11_08_26.gpx,塩ヶ森・番駄ヶ森・ケタ山・大磨山・鍵山（象ヶ森）,600.8033333333334,605,4.2,0.7875,accept_candidate_after_map_check,medium,gpx_group_0057,review_packets/gpx_groups/gpx_group_0057_yamap_2022-02-11_08_26.md,pending_review,,,,,,,,
dec-0020,20,ケタ山,summit-candidate:24dc6cf37ce4e715,yamap_2022-02-11_08_26.gpx,塩ヶ森・番駄ヶ森・ケタ山・大磨山・鍵山（象ヶ森）,646.4833333333332,659,12.52,0.7365,resolve_conflict,high,gpx_group_0057,review_packets/gpx_groups/gpx_group_0057_yamap_2022-02-11_08_26.md,pending_review,,,,,,,,
dec-0021,21,大磨山,summit-candidate:24dc6cf37ce4e715,yamap_2022-02-11_08_26.gpx,塩ヶ森・番駄ヶ森・ケタ山・大磨山・鍵山（象ヶ森）,646.4833333333332,648,1.52,0.7875,resolve_conflict,high,gpx_group_0057,review_packets/gpx_groups/gpx_group_0057_yamap_2022-02-11_08_26.md,pending_review,,,,,,,,
dec-0022,22,鍵山（象ヶ森）,summit-candidate:c2491268ea5645b7,yamap_2022-02-11_08_26.gpx,塩ヶ森・番駄ヶ森・ケタ山・大磨山・鍵山（象ヶ森）,801.5633333333334,804,2.44,0.7875,accept_candidate_after_map_check,medium,gpx_group_0057,review_packets/gpx_groups/gpx_group_0057_yamap_2022-02-11_08_26.md,pending_review,,,,,,,,
dec-0023,23,天神山,summit-candidate:543b4550a3ef3e87,yamap_2022-02-15_10_36.gpx,天神山・御幸寺山,195.11333333333334,200,4.89,0.7875,accept_candidate_after_map_check,medium,gpx_group_0145,review_packets/gpx_groups/gpx_group_0145_yamap_2022-02-15_10_36.md,pending_review,,,,,,,,
dec-0024,24,御幸寺山,summit-candidate:e4808690532bb46c,yamap_2022-02-15_10_36.gpx,天神山・御幸寺山,158.70333333333335,165,6.3,0.7875,accept_candidate_after_map_check,medium,gpx_group_0145,review_packets/gpx_groups/gpx_group_0145_yamap_2022-02-15_10_36.md,pending_review,,,,,,,,
dec-0025,25,愛宕山,summit-candidate:d9391b001d4bc442,yamap_2022-02-16_11_57.gpx,愛宕山・常光寺山,120.82333333333334,115,5.82,0.7875,resolve_conflict,high,gpx_group_0015,review_packets/gpx_groups/gpx_group_0015_yamap_2022-02-16_11_57.md,pending_review,,,,,,,,
dec-0026,26,常光寺山,summit-candidate:d9391b001d4bc442,yamap_2022-02-16_11_57.gpx,愛宕山・常光寺山,120.82333333333334,124,3.18,0.7875,resolve_conflict,high,gpx_group_0015,review_packets/gpx_groups/gpx_group_0015_yamap_2022-02-16_11_57.md,pending_review,,,,,,,,
dec-0027,27,杉立山,summit-candidate:17c3649ad9b147ce,yamap_2026-01-07_07_05.gpx,御在所山,665.1833333333333,669,3.82,0.3105,resolve_conflict,high,gpx_group_0095,review_packets/gpx_groups/gpx_group_0095_yamap_2026-01-07_07_05.md,pending_review,,,,,,,,
dec-0028,28,岩柄山,summit-candidate:7d7066baad9d7077,yamap_2022-03-03_10_47.gpx,奥之城山・ヌタノサコ,505.77666666666664,507,1.22,0.49,resolve_conflict,high,gpx_group_0064,review_packets/gpx_groups/gpx_group_0064_yamap_2022-03-03_10_47.md,pending_review,,,,,,,,
dec-0029,29,高山,summit-candidate:8ff6361109e5ed5c,yamap_2025-03-20_08_27.gpx,高山・大里山・泰ノ山,121.16666666666667,463,341.83,0.6345,accept_candidate_after_map_check,medium,gpx_group_0116,review_packets/gpx_groups/gpx_group_0116_yamap_2025-03-20_08_27.md,pending_review,,,,,,,,
dec-0030,30,勝岡山,summit-candidate:43911aa413390192,yamap_2022-06-29_08_48.gpx,横山(横山城址),449.0333333333333,453,3.97,0.49,resolve_conflict,high,gpx_group_0054,review_packets/gpx_groups/gpx_group_0054_yamap_2022-06-29_08_48.md,pending_review,,,,,,,,
dec-0031,31,西山,summit-candidate:bdfa250c89c1ca90,yamap_2022-02-23_08_42.gpx,西山・経ヶ森・岩子山・護摩ヶ森,168.98333333333335,172,3.02,0.7875,resolve_conflict,high,gpx_group_0002,review_packets/gpx_groups/gpx_group_0002_yamap_2022-02-23_08_42.md,pending_review,,,,,,,,
dec-0032,32,岩子山,summit-candidate:23c112538ef91e0d,yamap_2022-02-23_08_42.gpx,西山・経ヶ森・岩子山・護摩ヶ森,195.95000000000002,181,14.95,0.7365,resolve_conflict,high,gpx_group_0002,review_packets/gpx_groups/gpx_group_0002_yamap_2022-02-23_08_42.md,pending_review,,,,,,,,
dec-0033,33,経ヶ森,summit-candidate:23c112538ef91e0d,yamap_2022-02-23_08_42.gpx,西山・経ヶ森・岩子山・護摩ヶ森,195.95000000000002,200,4.05,0.7875,resolve_conflict,high,gpx_group_0002,review_packets/gpx_groups/gpx_group_0002_yamap_2022-02-23_08_42.md,pending_review,,,,,,,,
dec-0034,34,護摩ヶ森,summit-candidate:bdfa250c89c1ca90,yamap_2022-02-23_08_42.gpx,西山・経ヶ森・岩子山・護摩ヶ森,168.98333333333335,170,1.02,0.7875,resolve_conflict,high,gpx_group_0002,review_packets/gpx_groups/gpx_group_0002_yamap_2022-02-23_08_42.md,pending_review,,,,,,,,
dec-0035,35,御岳山,summit-candidate:54cf4155ab259d9d,yamap_2022-02-26_07_43.gpx,御岳山,430.59999999999997,438,7.4,0.7875,resolve_conflict,high,gpx_group_0040,review_packets/gpx_groups/gpx_group_0040_yamap_2022-02-26_07_43.md,pending_review,,,,,,,,
dec-0036,36,石槌山,summit-candidate:54cf4155ab259d9d,yamap_2022-02-26_07_43.gpx,御岳山,430.59999999999997,252,178.6,0.6345,resolve_conflict,high,gpx_group_0040,review_packets/gpx_groups/gpx_group_0040_yamap_2022-02-26_07_43.md,pending_review,,,,,,,,
dec-0037,37,日王山,summit-candidate:2011a6c909945d6f,yamap_2026-04-12_11_03.gpx,権現山,102.87,109,6.13,0.49,resolve_conflict,high,gpx_group_0009,review_packets/gpx_groups/gpx_group_0009_yamap_2026-04-12_11_03.md,pending_review,,,,,,,,
dec-0038,38,重茂山,summit-candidate:fbd725fc8006e2c8,yamap_2022-02-28_13_13.gpx,花木山,50.49,291,240.51,0.6345,resolve_conflict,high,gpx_group_0059,review_packets/gpx_groups/gpx_group_0059_yamap_2022-02-28_13_13.md,pending_review,,,,,,,,
dec-0039,39,花木山,summit-candidate:fbd725fc8006e2c8,yamap_2022-02-28_13_13.gpx,花木山,50.49,53,2.51,0.7875,resolve_conflict,high,gpx_group_0059,review_packets/gpx_groups/gpx_group_0059_yamap_2022-02-28_13_13.md,pending_review,,,,,,,,
dec-0040,40,ヌタノサコ,summit-candidate:7d7066baad9d7077,yamap_2022-03-03_10_47.gpx,奥之城山・ヌタノサコ,505.77666666666664,514,8.22,0.7875,resolve_conflict,high,gpx_group_0064,review_packets/gpx_groups/gpx_group_0064_yamap_2022-03-03_10_47.md,pending_review,,,,,,,,
dec-0041,41,城山,summit-candidate:c1f175d0616be696,yamap_2022-03-05_09_44.gpx,城山・水梨山・向山,589.8691282114027,592,2.13,0.7875,accept_candidate_after_map_check,medium,gpx_group_0117,review_packets/gpx_groups/gpx_group_0117_yamap_2022-03-05_09_44.md,pending_review,,,,,,,,
dec-0042,42,水梨山,summit-candidate:0a765b89058b256b,yamap_2022-03-05_09_44.gpx,城山・水梨山・向山,734.4240556679409,729,5.42,0.7875,accept_candidate_after_map_check,medium,gpx_group_0117,review_packets/gpx_groups/gpx_group_0117_yamap_2022-03-05_09_44.md,pending_review,,,,,,,,
dec-0043,43,向山,summit-candidate:07834c521328cc1d,yamap_2022-03-05_09_44.gpx,城山・水梨山・向山,707.7550916004999,683,24.76,0.7365,resolve_conflict,high,gpx_group_0117,review_packets/gpx_groups/gpx_group_0117_yamap_2022-03-05_09_44.md,pending_review,,,,,,,,
dec-0044,44,稔山,summit-candidate:622b899de76208ef,yamap_2022-03-09_10_20.gpx,稔山,911.0766666666667,917,5.92,0.7875,accept_candidate_after_map_check,medium,gpx_group_0127,review_packets/gpx_groups/gpx_group_0127_yamap_2022-03-09_10_20.md,pending_review,,,,,,,,
dec-0045,45,菊ヶ森,summit-candidate:ab8cf0f07d2a219d,yamap_2022-03-12_08_31.gpx,菊ヶ森,145.66,151,5.34,0.7875,accept_candidate_after_map_check,medium,gpx_group_0160,review_packets/gpx_groups/gpx_group_0160_yamap_2022-03-12_08_31.md,pending_review,,,,,,,,
dec-0046,46,道後山,summit-candidate:7c680b0eed0187fa,yamap_2022-03-12_09_19.gpx,道後山,221.10333333333332,224,2.9,0.7875,accept_candidate_after_map_check,medium,gpx_group_0191,review_packets/gpx_groups/gpx_group_0191_yamap_2022-03-12_09_19.md,pending_review,,,,,,,,
dec-0047,47,倉谷山,summit-candidate:aba609f471e97e4a,yamap_2022-03-13_09_49.gpx,倉谷山・芝ヶ峠・淡路ヶ峠・宝ヶ峯,405.40333333333336,420,14.6,0.7365,accept_candidate_after_map_check,medium,gpx_group_0019,review_packets/gpx_groups/gpx_group_0019_yamap_2022-03-13_09_49.md,pending_review,,,,,,,,
dec-0048,48,芝ヶ峠,summit-candidate:079ae30d76fb11c2,yamap_2022-03-13_09_49.gpx,倉谷山・芝ヶ峠・淡路ヶ峠・宝ヶ峯,280.85333333333335,282,1.15,0.7875,resolve_conflict,high,gpx_group_0019,review_packets/gpx_groups/gpx_group_0019_yamap_2022-03-13_09_49.md,pending_review,,,,,,,,
dec-0049,49,大久保山,summit-candidate:5aff666aa93b3a17,yamap_2022-03-20_07_06.gpx,大久保山・八里ヶ峠・中坂山・天神山・室岡山・潮見山,181.12,175,6.12,0.7875,resolve_conflict,high,gpx_group_0004,review_packets/gpx_groups/gpx_group_0004_yamap_2022-03-20_07_06.md,pending_review,,,,,,,,
dec-0050,50,八里ヶ峠,summit-candidate:5aff666aa93b3a17,yamap_2022-03-20_07_06.gpx,大久保山・八里ヶ峠・中坂山・天神山・室岡山・潮見山,181.12,182,0.88,0.7875,resolve_conflict,high,gpx_group_0004,review_packets/gpx_groups/gpx_group_0004_yamap_2022-03-20_07_06.md,pending_review,,,,,,,,
dec-0051,51,中坂山,summit-candidate:452c10a1db199870,yamap_2022-03-20_07_06.gpx,大久保山・八里ヶ峠・中坂山・天神山・室岡山・潮見山,76.83333333333333,98,21.17,0.7365,resolve_conflict,high,gpx_group_0004,review_packets/gpx_groups/gpx_group_0004_yamap_2022-03-20_07_06.md,pending_review,,,,,,,,
dec-0052,52,天神山,summit-candidate:452c10a1db199870,yamap_2022-03-20_07_06.gpx,大久保山・八里ヶ峠・中坂山・天神山・室岡山・潮見山,76.83333333333333,47,29.83,0.7365,resolve_conflict,high,gpx_group_0004,review_packets/gpx_groups/gpx_group_0004_yamap_2022-03-20_07_06.md,pending_review,,,,,,,,
dec-0053,53,室岡山,summit-candidate:452c10a1db199870,yamap_2022-03-20_07_06.gpx,大久保山・八里ヶ峠・中坂山・天神山・室岡山・潮見山,76.83333333333333,42,34.83,0.6855,resolve_conflict,high,gpx_group_0004,review_packets/gpx_groups/gpx_group_0004_yamap_2022-03-20_07_06.md,pending_review,,,,,,,,
dec-0054,54,潮見山,summit-candidate:3259dfe3d9ce60c5,yamap_2022-03-23_07_38.gpx,明神山・潮見山,152.25333333333333,123,29.25,0.7365,resolve_conflict,high,gpx_group_0014,review_packets/gpx_groups/gpx_group_0014_yamap_2022-03-23_07_38.md,pending_review,,,,,,,,
dec-0055,55,明神山,summit-candidate:3259dfe3d9ce60c5,yamap_2022-03-23_07_38.gpx,明神山・潮見山,152.25333333333333,161,8.75,0.7875,resolve_conflict,high,gpx_group_0014,review_packets/gpx_groups/gpx_group_0014_yamap_2022-03-23_07_38.md,pending_review,,,,,,,,
dec-0056,56,潮見山,summit-candidate:45439217573adfc4,yamap_2022-03-23_07_38.gpx,明神山・潮見山,210.93999999999997,214,3.06,0.7875,accept_candidate_after_map_check,medium,gpx_group_0014,review_packets/gpx_groups/gpx_group_0014_yamap_2022-03-23_07_38.md,pending_review,,,,,,,,
dec-0057,57,十門山(十門城址),summit-candidate:a94564816fd4afff,yamap_2022-03-25_12_12.gpx,十門山(十門城址)・ヨソ山,676.7066666666667,683,6.29,0.7875,accept_candidate_after_map_check,medium,gpx_group_0122,review_packets/gpx_groups/gpx_group_0122_yamap_2022-03-25_12_12.md,pending_review,,,,,,,,
dec-0058,58,ヨソ山,summit-candidate:555fd1e3be8780dd,yamap_2022-03-25_12_12.gpx,十門山(十門城址)・ヨソ山,923.8766666666667,928,4.12,0.608,resolve_conflict,high,gpx_group_0122,review_packets/gpx_groups/gpx_group_0122_yamap_2022-03-25_12_12.md,pending_review,,,,,,,,
dec-0059,59,忽那山,summit-candidate:daa8d4127fc92552,yamap_2022-04-06_09_25.gpx,忽那山,42.296666666666674,45,2.7,0.7875,accept_candidate_after_map_check,medium,gpx_group_0238,review_packets/gpx_groups/gpx_group_0238_yamap_2022-04-06_09_25.md,pending_review,,,,,,,,
dec-0060,60,鬼ヶ城山,summit-candidate:7ceb76663c2bb81b,yamap_2022-04-08_09_33.gpx,鬼ヶ城山・大久保山・八面山・三本杭・横ノ森・小屋ヶ森・毛山,1155.4333072605007,1151,4.43,0.7875,resolve_conflict,high,gpx_group_0047,review_packets/gpx_groups/gpx_group_0047_yamap_2022-04-08_09_33.md,pending_review,,,,,,,,
dec-0061,61,三本杭,summit-candidate:babbcdf7bbd23463,yamap_2022-04-08_09_33.gpx,鬼ヶ城山・大久保山・八面山・三本杭・横ノ森・小屋ヶ森・毛山,1222.4936499541386,1226,3.51,0.7875,accept_candidate_after_map_check,medium,gpx_group_0047,review_packets/gpx_groups/gpx_group_0047_yamap_2022-04-08_09_33.md,pending_review,,,,,,,,
dec-0062,62,八面山,summit-candidate:27c1036d4aa2230e,yamap_2022-04-08_09_33.gpx,鬼ヶ城山・大久保山・八面山・三本杭・横ノ森・小屋ヶ森・毛山,1167.5519282683324,1166,1.55,0.7875,accept_candidate_after_map_check,medium,gpx_group_0047,review_packets/gpx_groups/gpx_group_0047_yamap_2022-04-08_09_33.md,pending_review,,,,,,,,
dec-0063,63,大久保山,summit-candidate:7ceb76663c2bb81b,yamap_2022-04-08_09_33.gpx,鬼ヶ城山・大久保山・八面山・三本杭・横ノ森・小屋ヶ森・毛山,1155.4333072605007,1155,0.43,0.7875,resolve_conflict,high,gpx_group_0047,review_packets/gpx_groups/gpx_group_0047_yamap_2022-04-08_09_33.md,pending_review,,,,,,,,
dec-0064,64,大月山,summit-candidate:9a68e7a3a97831ff,yamap_2022-04-09_14_44.gpx,大月山・高縄山,950.6066666666666,953,2.39,0.7875,accept_candidate_after_map_check,medium,gpx_group_0128,review_packets/gpx_groups/gpx_group_0128_yamap_2022-04-09_14_44.md,pending_review,,,,,,,,
dec-0065,65,引地山,summit-candidate:7a1f0e8b5f9e5cc2,yamap_2022-04-15_11_52.gpx,皿ヶ嶺・引地山,1277.043085490437,1027,250.04,0.455,resolve_conflict,high,gpx_group_0108,review_packets/gpx_groups/gpx_group_0108_yamap_2022-04-15_11_52.md,pending_review,,,,,,,,
dec-0066,66,東三方ヶ森,summit-candidate:d06b9d5365beffaa,yamap_2022-04-16_07_39.gpx,東三方ヶ森,1229.5033333333333,1233,3.5,0.7875,accept_candidate_after_map_check,medium,gpx_group_0137,review_packets/gpx_groups/gpx_group_0137_yamap_2022-04-16_07_39.md,pending_review,,,,,,,,
dec-0067,67,甲が森,summit-candidate:50d68ea03af3c4ff,yamap_2022-04-22_11_13.gpx,甲が森,456.7219376700282,451,5.72,0.7875,accept_candidate_after_map_check,medium,gpx_group_0192,review_packets/gpx_groups/gpx_group_0192_yamap_2022-04-22_11_13.md,pending_review,,,,,,,,
dec-0068,68,三滝山,summit-candidate:da65a16f23740e83,yamap_2022-04-22_12_22.gpx,三滝山,646.7704243218062,642,4.77,0.7875,accept_candidate_after_map_check,medium,gpx_group_0215,review_packets/gpx_groups/gpx_group_0215_yamap_2022-04-22_12_22.md,pending_review,,,,,,,,
dec-0069,69,雨包山,summit-candidate:6198ad7009d86ec2,yamap_2022-04-22_14_13.gpx,雨包山,1117.4867674520622,1111,6.49,0.7875,accept_candidate_after_map_check,medium,gpx_group_0239,review_packets/gpx_groups/gpx_group_0239_yamap_2022-04-22_14_13.md,pending_review,,,,,,,,
dec-0070,70,源氏ヶ駄場（薊野峰）,summit-candidate:e85b9bd32eb5e6f1,yamap_2022-04-22_16_48.gpx,源氏ヶ駄場（薊野峰）,1415.7321709473536,1403,12.73,0.7365,accept_candidate_after_map_check,medium,gpx_group_0240,review_packets/gpx_groups/gpx_group_0240_yamap_2022-04-22_16_48.md,pending_review,,,,,,,,
dec-0071,71,碁石ヶ森,summit-candidate:ee9d736a090185dd,yamap_2022-04-22_17_29.gpx,碁石ヶ森,1188.1187548490348,1183,5.12,0.7875,resolve_conflict,high,gpx_group_0067,review_packets/gpx_groups/gpx_group_0067_yamap_2022-04-22_17_29.md,pending_review,,,,,,,,
dec-0072,72,伊之子山,summit-candidate:15c71a530dcecd2e,yamap_2022-04-25_11_35.gpx,伊之子山・左谷ノ森,943.7166666666667,872,71.72,0.558,resolve_conflict,high,gpx_group_0131,review_packets/gpx_groups/gpx_group_0131_yamap_2022-04-25_11_35.md,pending_review,,,,,,,,
dec-0073,73,御在所山,summit-candidate:61f36127d879648f,yamap_2022-04-27_10_31.gpx,御在所山,911.8788921966252,915,3.12,0.7875,accept_candidate_after_map_check,medium,gpx_group_0244,review_packets/gpx_groups/gpx_group_0244_yamap_2022-04-27_10_31.md,pending_review,,,,,,,,
dec-0074,74,岩黒山,summit-candidate:591204fdc01b55b6,yamap_2022-04-30_08_30.gpx,岩黒山・筒上山・手箱山,1749.5652002309682,1746,3.57,0.7875,resolve_conflict,high,gpx_group_0111,review_packets/gpx_groups/gpx_group_0111_yamap_2022-04-30_08_30.md,pending_review,,,,,,,,
dec-0075,75,筒上山,summit-candidate:71b10e23075edf20,yamap_2022-04-30_08_30.gpx,岩黒山・筒上山・手箱山,1863.226432016608,1860,3.23,0.7875,accept_candidate_after_map_check,medium,gpx_group_0111,review_packets/gpx_groups/gpx_group_0111_yamap_2022-04-30_08_30.md,pending_review,,,,,,,,
dec-0076,76,手箱山,summit-candidate:591204fdc01b55b6,yamap_2022-04-30_08_30.gpx,岩黒山・筒上山・手箱山,1749.5652002309682,1806,56.43,0.6345,resolve_conflict,high,gpx_group_0111,review_packets/gpx_groups/gpx_group_0111_yamap_2022-04-30_08_30.md,pending_review,,,,,,,,
dec-0077,77,大川嶺,summit-candidate:1ebd63d8e2790409,yamap_2022-05-02_09_06.gpx,大川嶺・笠取山・ウバホド山,1532.1452947696732,1525,7.15,0.7875,resolve_conflict,high,gpx_group_0109,review_packets/gpx_groups/gpx_group_0109_yamap_2022-05-02_09_06.md,pending_review,,,,,,,,
dec-0078,78,笠取山,summit-candidate:33637f0e3b5b1405,yamap_2022-05-02_09_06.gpx,大川嶺・笠取山・ウバホド山,1567.7094910140197,1562,5.71,0.7875,accept_candidate_after_map_check,medium,gpx_group_0109,review_packets/gpx_groups/gpx_group_0109_yamap_2022-05-02_09_06.md,pending_review,,,,,,,,
dec-0079,79,ウバホド山,summit-candidate:1ebd63d8e2790409,yamap_2022-05-02_09_06.gpx,大川嶺・笠取山・ウバホド山,1532.1452947696732,1482,50.15,0.6345,resolve_conflict,high,gpx_group_0109,review_packets/gpx_groups/gpx_group_0109_yamap_2022-05-02_09_06.md,pending_review,,,,,,,,
dec-0080,80,うなめご,summit-candidate:e7e4429a39f6359f,yamap_2022-05-05_13_29.gpx,陣ヶ森・前々司山・うなめご,1250.17,1284,33.83,0.6855,resolve_conflict,high,gpx_group_0080,review_packets/gpx_groups/gpx_group_0080_yamap_2022-05-05_13_29.md,pending_review,,,,,,,,
dec-0081,81,前々司山,summit-candidate:e7e4429a39f6359f,yamap_2022-05-05_13_29.gpx,陣ヶ森・前々司山・うなめご,1250.17,1253,2.83,0.7875,resolve_conflict,high,gpx_group_0080,review_packets/gpx_groups/gpx_group_0080_yamap_2022-05-05_13_29.md,pending_review,,,,,,,,
dec-0082,82,陣ヶ森,summit-candidate:e7e4429a39f6359f,yamap_2022-05-05_13_29.gpx,陣ヶ森・前々司山・うなめご,1250.17,1207,43.17,0.6855,resolve_conflict,high,gpx_group_0080,review_packets/gpx_groups/gpx_group_0080_yamap_2022-05-05_13_29.md,pending_review,,,,,,,,
dec-0083,83,寒川山,summit-candidate:2f7dbee4c5bde53e,yamap_2022-05-07_07_14.gpx,寒川山・鋸山・七々木山・豊受山・赤星山,1251.9766666666667,817,434.98,0.6345,resolve_conflict,high,gpx_group_0071,review_packets/gpx_groups/gpx_group_0071_yamap_2022-05-07_07_14.md,pending_review,,,,,,,,
dec-0084,84,豊受山,summit-candidate:2f7dbee4c5bde53e,yamap_2022-05-07_07_14.gpx,寒川山・鋸山・七々木山・豊受山・赤星山,1251.9766666666667,1247,4.98,0.7875,resolve_conflict,high,gpx_group_0071,review_packets/gpx_groups/gpx_group_0071_yamap_2022-05-07_07_14.md,pending_review,,,,,,,,
dec-0085,85,赤星山,summit-candidate:db51ae1b2be57eea,yamap_2022-05-07_07_14.gpx,寒川山・鋸山・七々木山・豊受山・赤星山,1451.0833333333333,1453,1.92,0.7875,accept_candidate_after_map_check,medium,gpx_group_0071,review_packets/gpx_groups/gpx_group_0071_yamap_2022-05-07_07_14.md,pending_review,,,,,,,,
dec-0086,86,七々木山,summit-candidate:2f7dbee4c5bde53e,yamap_2022-05-07_07_14.gpx,寒川山・鋸山・七々木山・豊受山・赤星山,1251.9766666666667,1145,106.98,0.6345,resolve_conflict,high,gpx_group_0071,review_packets/gpx_groups/gpx_group_0071_yamap_2022-05-07_07_14.md,pending_review,,,,,,,,
dec-0087,87,鋸山,summit-candidate:2f7dbee4c5bde53e,yamap_2022-05-07_07_14.gpx,寒川山・鋸山・七々木山・豊受山・赤星山,1251.9766666666667,1017,234.98,0.6345,resolve_conflict,high,gpx_group_0071,review_packets/gpx_groups/gpx_group_0071_yamap_2022-05-07_07_14.md,pending_review,,,,,,,,
dec-0088,88,翠波峰,summit-candidate:2f7dbee4c5bde53e,yamap_2022-05-07_07_14.gpx,寒川山・鋸山・七々木山・豊受山・赤星山,1251.9766666666667,891,360.98,0.6345,resolve_conflict,high,gpx_group_0071,review_packets/gpx_groups/gpx_group_0071_yamap_2022-05-07_07_14.md,pending_review,,,,,,,,
dec-0089,89,平石山,summit-candidate:2f7dbee4c5bde53e,yamap_2022-05-07_07_14.gpx,寒川山・鋸山・七々木山・豊受山・赤星山,1251.9766666666667,826,425.98,0.6345,resolve_conflict,high,gpx_group_0071,review_packets/gpx_groups/gpx_group_0071_yamap_2022-05-07_07_14.md,pending_review,,,,,,,,
dec-0090,90,割石東山,summit-candidate:4b33f9c73e644793,yamap_2022-05-15_06_10.gpx,割石東山・青滝山・堂ヶ森,1076.4162189328617,1074,2.42,0.7875,accept_candidate_after_map_check,medium,gpx_group_0074,review_packets/gpx_groups/gpx_group_0074_yamap_2022-05-15_06_10.md,pending_review,,,,,,,,
dec-0091,91,青滝山,summit-candidate:242762a3c600ff91,yamap_2022-05-15_06_10.gpx,割石東山・青滝山・堂ヶ森,1301.993333333333,1303,1.01,0.7875,resolve_conflict,high,gpx_group_0074,review_packets/gpx_groups/gpx_group_0074_yamap_2022-05-15_06_10.md,pending_review,,,,,,,,
dec-0092,92,堂ヶ森,summit-candidate:bb644412fd9a132c,yamap_2022-05-15_06_10.gpx,割石東山・青滝山・堂ヶ森,1682.5333333333335,1689,6.47,0.7875,accept_candidate_after_map_check,medium,gpx_group_0074,review_packets/gpx_groups/gpx_group_0074_yamap_2022-05-15_06_10.md,pending_review,,,,,,,,
dec-0093,93,南尖峰,summit-candidate:3b98b67bbe0fe0f9,yamap_2022-05-22_08_09.gpx,石鎚山・天狗岳・南尖峰,1979.1701508543217,1982,2.83,0.608,resolve_conflict,high,gpx_group_0115,review_packets/gpx_groups/gpx_group_0115_yamap_2022-05-22_08_09.md,pending_review,,,,,,,,
dec-0094,94,自念子ノ頭,summit-candidate:6b5100f449c22108,yamap_2022-05-25_09_48.gpx,自念子ノ頭,1698.7424939329492,1702,3.26,0.608,check_location_warning,high,gpx_group_0260,review_packets/gpx_groups/gpx_group_0260_yamap_2022-05-25_09_48.md,pending_review,,,,,,,,
dec-0095,95,勝山,summit-candidate:91cacd7deced8470,yamap_2022-06-04_14_13.gpx,勝山,129.4799661552467,131,1.52,0.7875,accept_candidate_after_map_check,medium,gpx_group_0149,review_packets/gpx_groups/gpx_group_0149_yamap_2022-06-04_14_13.md,pending_review,,,,,,,,
dec-0096,96,姫草,summit-candidate:dc456a72b89d4d52,yamap_2022-06-16_16_00.gpx,姫草,1272.03184660662,1274,1.97,0.7875,resolve_conflict,high,gpx_group_0107,review_packets/gpx_groups/gpx_group_0107_yamap_2022-06-16_16_00.md,pending_review,,,,,,,,
dec-0097,97,牛城,summit-candidate:dc456a72b89d4d52,yamap_2022-06-16_16_00.gpx,姫草,1272.03184660662,1342,69.97,0.6345,resolve_conflict,high,gpx_group_0107,review_packets/gpx_groups/gpx_group_0107_yamap_2022-06-16_16_00.md,pending_review,,,,,,,,
dec-0098,98,積善山,summit-candidate:76a5e492c9dcf980,yamap_2022-06-18_11_15.gpx,積善山,363.7359939346231,370,6.26,0.713,accept_candidate_after_map_check,medium,gpx_group_0176,review_packets/gpx_groups/gpx_group_0176_yamap_2022-06-18_11_15.md,pending_review,,,,,,,,
dec-0099,99,鉢巻山,summit-candidate:50aa5073a99759cf,yamap_2022-06-18_14_26.gpx,立石山,133.6903994266386,142,8.31,0.713,resolve_conflict,high,gpx_group_0010,review_packets/gpx_groups/gpx_group_0010_yamap_2022-06-18_14_26.md,pending_review,,,,,,,,
dec-0100,100,立石山,summit-candidate:50aa5073a99759cf,yamap_2022-06-18_14_26.gpx,立石山,133.6903994266386,139,5.31,0.713,resolve_conflict,high,gpx_group_0010,review_packets/gpx_groups/gpx_group_0010_yamap_2022-06-18_14_26.md,pending_review,,,,,,,,
dec-0101,101,鷲ヶ頭山,summit-candidate:159deb385560c198,yamap_2022-06-20_12_02.gpx,安神山・鷲ヶ頭山,436.9143046126708,436,0.91,0.713,resolve_conflict,high,gpx_group_0032,review_packets/gpx_groups/gpx_group_0032_yamap_2022-06-20_12_02.md,pending_review,,,,,,,,
dec-0102,102,安神山,summit-candidate:159deb385560c198,yamap_2022-06-20_12_02.gpx,安神山・鷲ヶ頭山,436.9143046126708,267,169.91,0.56,resolve_conflict,high,gpx_group_0032,review_packets/gpx_groups/gpx_group_0032_yamap_2022-06-20_12_02.md,pending_review,,,,,,,,
dec-0103,103,篠山,summit-candidate:c8a7a1f1d1dad353,yamap_2022-06-23_13_59.gpx,篠山,1061.6229039079428,1065,3.38,0.7875,accept_candidate_after_map_check,medium,gpx_group_0258,review_packets/gpx_groups/gpx_group_0258_yamap_2022-06-23_13_59.md,pending_review,,,,,,,,
dec-0104,104,横山(横山城址),summit-candidate:43911aa413390192,yamap_2022-06-29_08_48.gpx,横山(横山城址),449.0333333333333,453,3.97,0.7875,resolve_conflict,high,gpx_group_0054,review_packets/gpx_groups/gpx_group_0054_yamap_2022-06-29_08_48.md,pending_review,,,,,,,,
dec-0105,105,鞍瀬ノ頭,summit-candidate:846b096132c533d6,yamap_2022-07-02_07_43.gpx,石鎚山・西ノ冠岳・面河の頭・二ノ森・鞍瀬ノ頭,1879.8966666666665,1889,9.1,0.608,resolve_conflict,high,gpx_group_0106,review_packets/gpx_groups/gpx_group_0106_yamap_2022-07-02_07_43.md,pending_review,,,,,,,,
dec-0106,106,二ノ森,summit-candidate:bca203164e26ce6a,yamap_2022-07-02_07_43.gpx,石鎚山・西ノ冠岳・面河の頭・二ノ森・鞍瀬ノ頭,1924.4866666666667,1930,5.51,0.608,check_close_alternatives,high,gpx_group_0106,review_packets/gpx_groups/gpx_group_0106_yamap_2022-07-02_07_43.md,pending_review,,,,,,,,
dec-0107,107,面河の頭,summit-candidate:846b096132c533d6,yamap_2022-07-02_07_43.gpx,石鎚山・西ノ冠岳・面河の頭・二ノ森・鞍瀬ノ頭,1879.8966666666665,1866,13.9,0.557,resolve_conflict,high,gpx_group_0106,review_packets/gpx_groups/gpx_group_0106_yamap_2022-07-02_07_43.md,pending_review,,,,,,,,
dec-0108,108,西ノ冠岳,summit-candidate:b73a23fa4b3abc39,yamap_2023-09-06_13_30.gpx,冠岳,1375.6266666666668,1890,514.37,0.575,resolve_conflict,high,gpx_group_0089,review_packets/gpx_groups/gpx_group_0089_yamap_2023-09-06_13_30.md,pending_review,,,,,,,,
dec-0109,109,西黒森,summit-candidate:db28fcca36deb720,yamap_2022-07-10_07_25.gpx,男山・瓶ヶ森・西黒森,1892.6599999999999,1861,31.66,0.5835,resolve_conflict,high,gpx_group_0130,review_packets/gpx_groups/gpx_group_0130_yamap_2022-07-10_07_25.md,pending_review,,,,,,,,
dec-0110,110,小富士,summit-candidate:75832271d4e4d0ba,yamap_2022-07-14_09_57.gpx,小富士,281.5,282,0.5,0.713,resolve_conflict,high,gpx_group_0020,review_packets/gpx_groups/gpx_group_0020_yamap_2022-07-14_09_57.md,pending_review,,,,,,,,
dec-0111,111,龍石山,summit-candidate:75832271d4e4d0ba,yamap_2022-07-14_09_57.gpx,小富士,281.5,32,249.5,0.56,resolve_conflict,high,gpx_group_0020,review_packets/gpx_groups/gpx_group_0020_yamap_2022-07-14_09_57.md,pending_review,,,,,,,,
dec-0112,112,子持山,summit-candidate:93b30125fa1dcd57,yamap_2022-07-21_10_02.gpx,子持山（頂上にたどり着けず）,62.39020293366199,123,60.61,0.56,low_priority,low,gpx_group_0227,review_packets/gpx_groups/gpx_group_0227_yamap_2022-07-21_10_02.md,pending_review,,,,,,,,
dec-0113,113,大峰ヶ台,summit-candidate:8de328f982753d58,yamap_2022-08-21_15_44.gpx,大峰ヶ台,117.91000000000001,141,23.09,0.7365,accept_candidate_after_map_check,medium,gpx_group_0168,review_packets/gpx_groups/gpx_group_0168_yamap_2022-08-21_15_44.md,pending_review,,,,,,,,
dec-0114,114,世田山,summit-candidate:8f25ad4ff380df77,yamap_2026-03-06_09_00.gpx,世田山・笠松山東峰・笠松山,346.8866666666666,339,7.89,0.7875,resolve_conflict,high,gpx_group_0038,review_packets/gpx_groups/gpx_group_0038_yamap_2026-03-06_09_00.md,pending_review,,,,,,,,
dec-0115,115,笠松山,summit-candidate:9d5a3bd31bedfeda,yamap_2022-08-26_08_45.gpx,世田山・笠松山,356.6686284540569,357,0.33,0.7875,accept_candidate_after_map_check,medium,gpx_group_0169,review_packets/gpx_groups/gpx_group_0169_yamap_2022-08-26_08_45.md,pending_review,,,,,,,,
dec-0116,116,北三方ヶ森,summit-candidate:80368eea9aabeb96,yamap_2022-08-27_06_05.gpx,北三方ヶ森,964.82,978,13.18,0.557,check_location_warning,high,gpx_group_0187,review_packets/gpx_groups/gpx_group_0187_yamap_2022-08-27_06_05.md,pending_review,,,,,,,,
dec-0117,117,大友山,summit-candidate:2b56d4ad77a0c4b7,yamap_2022-09-04_12_08.gpx,大友山,404.05,407,2.95,0.7875,accept_candidate_after_map_check,medium,gpx_group_0140,review_packets/gpx_groups/gpx_group_0140_yamap_2022-09-04_12_08.md,pending_review,,,,,,,,
dec-0118,118,湯築山,summit-candidate:452c10a1db199870,yamap_2022-03-20_07_06.gpx,大久保山・八里ヶ峠・中坂山・天神山・室岡山・潮見山,76.83333333333333,71,5.83,0.49,resolve_conflict,high,gpx_group_0004,review_packets/gpx_groups/gpx_group_0004_yamap_2022-03-20_07_06.md,pending_review,,,,,,,,
dec-0119,119,寒風山,summit-candidate:9a59c4b620ba3792,yamap_2022-09-09_06_58.gpx,寒風山・笹ヶ峰・ちち山,1856.2533333333333,1762,94.25,0.6345,resolve_conflict,high,gpx_group_0125,review_packets/gpx_groups/gpx_group_0125_yamap_2022-09-09_06_58.md,pending_review,,,,,,,,
dec-0120,120,ちち山,summit-candidate:453327d51d16e202,yamap_2026-05-06_07_28.gpx,丸山・ちち山・笹ヶ峰,1850.97,1855,4.03,0.7875,resolve_conflict,high,gpx_group_0112,review_packets/gpx_groups/gpx_group_0112_yamap_2026-05-06_07_28.md,pending_review,,,,,,,,
dec-0121,121,笹ヶ峰,summit-candidate:453327d51d16e202,yamap_2026-05-06_07_28.gpx,丸山・ちち山・笹ヶ峰,1850.97,1860,9.03,0.7875,resolve_conflict,high,gpx_group_0112,review_packets/gpx_groups/gpx_group_0112_yamap_2026-05-06_07_28.md,pending_review,,,,,,,,
dec-0122,122,松軒山,summit-candidate:51a919059b1a6dbb,yamap_2023-01-10_10_30.gpx,由良山,194.63,190,4.63,0.49,low_priority,low,gpx_group_0144,review_packets/gpx_groups/gpx_group_0144_yamap_2023-01-10_10_30.md,pending_review,,,,,,,,
dec-0123,123,三山,summit-candidate:35b464661fa62df9,yamap_2022-09-15_09_20.gpx,三山,323.2966666666667,325,1.7,0.713,resolve_conflict,high,gpx_group_0026,review_packets/gpx_groups/gpx_group_0026_yamap_2022-09-15_09_20.md,pending_review,,,,,,,,
dec-0124,124,伊勢山,summit-candidate:bd145a45a7d01b99,yamap_2022-09-15_11_02.gpx,伊勢山,52.94,57,4.06,0.713,accept_candidate_after_map_check,medium,gpx_group_0209,review_packets/gpx_groups/gpx_group_0209_yamap_2022-09-15_11_02.md,pending_review,,,,,,,,
dec-0125,125,久司山,summit-candidate:507809fc1a4b9e4e,yamap_2022-09-15_11_50.gpx,久司山,136.67,142,5.33,0.713,accept_candidate_after_map_check,medium,gpx_group_0148,review_packets/gpx_groups/gpx_group_0148_yamap_2022-09-15_11_50.md,pending_review,,,,,,,,
dec-0126,126,石灰山,summit-candidate:35b464661fa62df9,yamap_2022-09-15_09_20.gpx,三山,323.2966666666667,216,107.3,0.56,resolve_conflict,high,gpx_group_0026,review_packets/gpx_groups/gpx_group_0026_yamap_2022-09-15_09_20.md,pending_review,,,,,,,,
dec-0127,127,古法皇山,summit-candidate:4d0f5f75da9165b8,yamap_2022-09-15_12_35.gpx,石灰山・古法皇山,269.75333333333333,279,9.25,0.713,accept_candidate_after_map_check,medium,gpx_group_0153,review_packets/gpx_groups/gpx_group_0153_yamap_2022-09-15_12_35.md,pending_review,,,,,,,,
dec-0128,128,狩江権現山,summit-candidate:ef5127a689eaf48a,yamap_2022-09-20_14_24.gpx,極山,559.4133333333333,464,95.41,0.6345,resolve_conflict,high,gpx_group_0031,review_packets/gpx_groups/gpx_group_0031_yamap_2022-09-20_14_24.md,pending_review,,,,,,,,
dec-0129,129,極山,summit-candidate:ef5127a689eaf48a,yamap_2022-09-20_14_24.gpx,極山,559.4133333333333,561,1.59,0.7875,resolve_conflict,high,gpx_group_0031,review_packets/gpx_groups/gpx_group_0031_yamap_2022-09-20_14_24.md,pending_review,,,,,,,,
dec-0130,130,高文殊山,summit-candidate:3a1a951de82d4254,yamap_2022-09-21_13_09.gpx,高文殊山,227.89170104701893,221,6.89,0.7875,accept_candidate_after_map_check,medium,gpx_group_0193,review_packets/gpx_groups/gpx_group_0193_yamap_2022-09-21_13_09.md,pending_review,,,,,,,,
dec-0131,131,三本榎,summit-candidate:8251283605282249,yamap_2022-09-26_12_07.gpx,三本榎,246.47333333333336,256,9.53,0.608,check_location_warning,high,gpx_group_0203,review_packets/gpx_groups/gpx_group_0203_yamap_2022-09-26_12_07.md,pending_review,,,,,,,,
dec-0132,132,鏡山,summit-candidate:588c967023117267,yamap_2022-09-26_14_04.gpx,鏡山,201.48000000000002,212,10.52,0.557,resolve_conflict,high,gpx_group_0044,review_packets/gpx_groups/gpx_group_0044_yamap_2022-09-26_14_04.md,pending_review,,,,,,,,
dec-0133,133,戸祇御前山,summit-candidate:7bda9ba8d2b47d6e,yamap_2022-10-01_08_30.gpx,戸祇御前山,947.3511063301806,946,1.35,0.7875,accept_candidate_after_map_check,medium,gpx_group_0259,review_packets/gpx_groups/gpx_group_0259_yamap_2022-10-01_08_30.md,pending_review,,,,,,,,
dec-0134,134,雄甲山,summit-candidate:82d3009a6c1b2511,yamap_2022-10-03_14_57.gpx,雄甲山・雌甲山,218.9593458353185,239,20.04,0.7365,resolve_conflict,high,gpx_group_0045,review_packets/gpx_groups/gpx_group_0045_yamap_2022-10-03_14_57.md,pending_review,,,,,,,,
dec-0135,135,雌甲山,summit-candidate:82d3009a6c1b2511,yamap_2022-10-03_14_57.gpx,雄甲山・雌甲山,218.9593458353185,189,29.96,0.7365,resolve_conflict,high,gpx_group_0045,review_packets/gpx_groups/gpx_group_0045_yamap_2022-10-03_14_57.md,pending_review,,,,,,,,
dec-0136,136,泉ガ森,summit-candidate:ff0e7de3b62f5ed8,yamap_2022-10-04_12_47.gpx,泉ガ森,760.3519951848507,755,5.35,0.608,check_location_warning,high,gpx_group_0265,review_packets/gpx_groups/gpx_group_0265_yamap_2022-10-04_12_47.md,pending_review,,,,,,,,
dec-0137,137,東山,summit-candidate:5c9365b2a5a9c97f,yamap_2022-12-31_15_00.gpx,星岡山,69.03333333333333,1392,1322.97,0.6345,resolve_conflict,high,gpx_group_0052,review_packets/gpx_groups/gpx_group_0052_yamap_2022-12-31_15_00.md,pending_review,,,,,,,,
dec-0138,138,前赤石山,summit-candidate:2b7cce23b57844a5,yamap_2022-10-08_06_12.gpx,東山・西赤石山・物住頭・前赤石山・東赤石山・八巻山,1699.1266666666668,1677,22.13,0.7365,resolve_conflict,high,gpx_group_0091,review_packets/gpx_groups/gpx_group_0091_yamap_2022-10-08_06_12.md,pending_review,,,,,,,,
dec-0139,139,黒崎山,summit-candidate:541ec86327b86307,yamap_2022-10-11_15_15.gpx,黒崎山,89.01666666666667,57,32.02,0.506,check_location_warning,high,gpx_group_0222,review_packets/gpx_groups/gpx_group_0222_yamap_2022-10-11_15_15.md,pending_review,,,,,,,,
dec-0140,140,高戸山,summit-candidate:aadeb26cf0359691,yamap_2022-10-14_12_05.gpx,高戸山,112.67333333333333,115,2.33,0.608,resolve_conflict,high,gpx_group_0036,review_packets/gpx_groups/gpx_group_0036_yamap_2022-10-14_12_05.md,pending_review,,,,,,,,
dec-0141,141,犬吠山,summit-candidate:cc3fbb2358d0d4fc,yamap_2022-10-14_13_01.gpx,犬吠山,120.40666666666665,124,3.59,0.608,resolve_conflict,high,gpx_group_0120,review_packets/gpx_groups/gpx_group_0120_yamap_2022-10-14_13_01.md,pending_review,,,,,,,,
dec-0142,142,泰の山,summit-candidate:aadeb26cf0359691,yamap_2022-10-14_12_05.gpx,高戸山,112.67333333333333,115,2.33,0.608,resolve_conflict,high,gpx_group_0036,review_packets/gpx_groups/gpx_group_0036_yamap_2022-10-14_12_05.md,pending_review,,,,,,,,
dec-0143,143,中三方ヶ森,summit-candidate:17b2365d322cd022,yamap_2022-10-16_10_19.gpx,楢原山・古権現山・中三方ヶ森,1212.63,1229,16.37,0.7365,accept_candidate_after_map_check,medium,gpx_group_0141,review_packets/gpx_groups/gpx_group_0141_yamap_2022-10-16_10_19.md,pending_review,,,,,,,,
dec-0144,144,古権現山,summit-candidate:0c2609d9e7e31a00,yamap_2022-10-16_10_19.gpx,楢原山・古権現山・中三方ヶ森,1012.4166666666666,1003,9.42,0.7875,accept_candidate_after_map_check,medium,gpx_group_0141,review_packets/gpx_groups/gpx_group_0141_yamap_2022-10-16_10_19.md,pending_review,,,,,,,,
dec-0145,145,楢原山,summit-candidate:c7ac7ff98cacc074,yamap_2022-10-16_10_19.gpx,楢原山・古権現山・中三方ヶ森,1037.9733333333334,1041,3.03,0.7875,accept_candidate_after_map_check,medium,gpx_group_0141,review_packets/gpx_groups/gpx_group_0141_yamap_2022-10-16_10_19.md,pending_review,,,,,,,,
dec-0146,146,西港山,summit-candidate:bf2b3499e08da2df,yamap_2022-10-19_16_00.gpx,西港山・大丸山・港山,47.879999999999995,52,4.12,0.7875,accept_candidate_after_map_check,medium,gpx_group_0066,review_packets/gpx_groups/gpx_group_0066_yamap_2022-10-19_16_00.md,pending_review,,,,,,,,
dec-0147,147,大丸山,summit-candidate:a9a2a270fb6273fe,yamap_2022-10-19_16_00.gpx,西港山・大丸山・港山,63.77666666666667,76,12.22,0.7365,resolve_conflict,high,gpx_group_0066,review_packets/gpx_groups/gpx_group_0066_yamap_2022-10-19_16_00.md,pending_review,,,,,,,,
dec-0148,148,港山,summit-candidate:5f001ac124f82ef6,yamap_2022-10-19_16_00.gpx,西港山・大丸山・港山,41.080000000000005,42,0.92,0.7875,resolve_conflict,high,gpx_group_0066,review_packets/gpx_groups/gpx_group_0066_yamap_2022-10-19_16_00.md,pending_review,,,,,,,,
dec-0149,149,すくも山,summit-candidate:f676e5a22f523492,yamap_2022-10-21_12_15.gpx,愛ノ山,211.39459610568747,41,170.39,0.6345,resolve_conflict,high,gpx_group_0051,review_packets/gpx_groups/gpx_group_0051_yamap_2022-10-21_12_15.md,pending_review,,,,,,,,
dec-0150,150,愛ノ山,summit-candidate:f676e5a22f523492,yamap_2022-10-21_12_15.gpx,愛ノ山,211.39459610568747,198,13.39,0.7365,resolve_conflict,high,gpx_group_0051,review_packets/gpx_groups/gpx_group_0051_yamap_2022-10-21_12_15.md,pending_review,,,,,,,,
dec-0151,151,冨士山,summit-candidate:9d447faef6efe2ab,yamap_2022-10-27_13_37.gpx,冨士山,335.74500437341317,320,15.75,0.7365,accept_candidate_after_map_check,medium,gpx_group_0204,review_packets/gpx_groups/gpx_group_0204_yamap_2022-10-27_13_37.md,pending_review,,,,,,,,
dec-0152,152,割石峠山,summit-candidate:45f2c6fc88212acd,yamap_2022-10-28_06_21.gpx,割石峠山・石墨山・法師山・白猪山・根無山・樽谷山・梅ヶ谷山,1059.54,1037,22.54,0.7365,accept_candidate_after_map_check,medium,gpx_group_0003,review_packets/gpx_groups/gpx_group_0003_yamap_2022-10-28_06_21.md,pending_review,,,,,,,,
dec-0153,153,石墨山,summit-candidate:16e9de2bedeb2d1c,yamap_2022-10-28_06_21.gpx,割石峠山・石墨山・法師山・白猪山・根無山・樽谷山・梅ヶ谷山,1252.3999999999999,1456,203.6,0.6345,resolve_conflict,high,gpx_group_0003,review_packets/gpx_groups/gpx_group_0003_yamap_2022-10-28_06_21.md,pending_review,,,,,,,,
dec-0154,154,法師山,summit-candidate:25e47e34740282d2,yamap_2022-10-28_06_21.gpx,割石峠山・石墨山・法師山・白猪山・根無山・樽谷山・梅ヶ谷山,1313.3500000000001,1310,3.35,0.7875,resolve_conflict,high,gpx_group_0003,review_packets/gpx_groups/gpx_group_0003_yamap_2022-10-28_06_21.md,pending_review,,,,,,,,
dec-0155,155,白猪山,summit-candidate:5cb1fa3d9dcf60f5,yamap_2022-10-28_06_21.gpx,割石峠山・石墨山・法師山・白猪山・根無山・樽谷山・梅ヶ谷山,1237.0966666666666,1202,35.1,0.6855,resolve_conflict,high,gpx_group_0003,review_packets/gpx_groups/gpx_group_0003_yamap_2022-10-28_06_21.md,pending_review,,,,,,,,
dec-0156,156,梅ヶ谷山,summit-candidate:25e47e34740282d2,yamap_2022-10-28_06_21.gpx,割石峠山・石墨山・法師山・白猪山・根無山・樽谷山・梅ヶ谷山,1313.3500000000001,1316,2.65,0.7875,resolve_conflict,high,gpx_group_0003,review_packets/gpx_groups/gpx_group_0003_yamap_2022-10-28_06_21.md,pending_review,,,,,,,,
dec-0157,157,樽谷山,summit-candidate:16e9de2bedeb2d1c,yamap_2022-10-28_06_21.gpx,割石峠山・石墨山・法師山・白猪山・根無山・樽谷山・梅ヶ谷山,1252.3999999999999,1255,2.6,0.7875,resolve_conflict,high,gpx_group_0003,review_packets/gpx_groups/gpx_group_0003_yamap_2022-10-28_06_21.md,pending_review,,,,,,,,
dec-0158,158,根無山,summit-candidate:5cb1fa3d9dcf60f5,yamap_2022-10-28_06_21.gpx,割石峠山・石墨山・法師山・白猪山・根無山・樽谷山・梅ヶ谷山,1237.0966666666666,1241,3.9,0.7875,resolve_conflict,high,gpx_group_0003,review_packets/gpx_groups/gpx_group_0003_yamap_2022-10-28_06_21.md,pending_review,,,,,,,,
dec-0159,159,権現山,summit-candidate:cf97b8470d2ed1d7,yamap_2022-11-05_04_38.gpx,権現山・黒岳・エビラ山・二ッ岳,1584.2533333333333,1594,9.75,0.7875,accept_candidate_after_map_check,medium,gpx_group_0081,review_packets/gpx_groups/gpx_group_0081_yamap_2022-11-05_04_38.md,pending_review,,,,,,,,
dec-0160,160,黒岳,summit-candidate:ffa6a88e4e680fd5,yamap_2022-11-05_04_38.gpx,権現山・黒岳・エビラ山・二ッ岳,1626.996666666667,1636,9,0.7875,accept_candidate_after_map_check,medium,gpx_group_0081,review_packets/gpx_groups/gpx_group_0081_yamap_2022-11-05_04_38.md,pending_review,,,,,,,,
dec-0161,161,エビラ山,summit-candidate:09547fd48f24d064,yamap_2022-11-05_04_38.gpx,権現山・黒岳・エビラ山・二ッ岳,1672.3333333333333,1673,0.67,0.7875,resolve_conflict,high,gpx_group_0081,review_packets/gpx_groups/gpx_group_0081_yamap_2022-11-05_04_38.md,pending_review,,,,,,,,
dec-0162,162,二ッ岳,summit-candidate:09547fd48f24d064,yamap_2022-11-05_04_38.gpx,権現山・黒岳・エビラ山・二ッ岳,1672.3333333333333,1647,25.33,0.7365,resolve_conflict,high,gpx_group_0081,review_packets/gpx_groups/gpx_group_0081_yamap_2022-11-05_04_38.md,pending_review,,,,,,,,
dec-0163,163,鹿島山,summit-candidate:e4fbd033b13d73ce,yamap_2022-11-07_12_37.gpx,鹿島山,99.19338457582633,114,14.81,0.7365,accept_candidate_after_map_check,medium,gpx_group_0210,review_packets/gpx_groups/gpx_group_0210_yamap_2022-11-07_12_37.md,pending_review,,,,,,,,
dec-0164,164,出石山,summit-candidate:615a70cf4401199b,yamap_2022-11-14_13_02.gpx,出石山,822.6353431394673,812,10.64,0.7365,resolve_conflict,high,gpx_group_0094,review_packets/gpx_groups/gpx_group_0094_yamap_2022-11-14_13_02.md,pending_review,,,,,,,,
dec-0165,165,綱繰山,summit-candidate:53d0e375c60814f6,yamap_2022-11-26_04_41.gpx,銅山峰・西山・綱繰山・獅子舞の鼻・冠山・平家平,1457.99,1466,8.01,0.7875,resolve_conflict,high,gpx_group_0028,review_packets/gpx_groups/gpx_group_0028_yamap_2022-11-26_04_41.md,pending_review,,,,,,,,
dec-0166,166,獅子舞の鼻,summit-candidate:53d0e375c60814f6,yamap_2022-11-26_04_41.gpx,銅山峰・西山・綱繰山・獅子舞の鼻・冠山・平家平,1457.99,1482,24.01,0.7365,resolve_conflict,high,gpx_group_0028,review_packets/gpx_groups/gpx_group_0028_yamap_2022-11-26_04_41.md,pending_review,,,,,,,,
dec-0167,167,冠山,summit-candidate:006436491de34784,yamap_2022-11-26_04_41.gpx,銅山峰・西山・綱繰山・獅子舞の鼻・冠山・平家平,1729.61,1731,1.39,0.7875,resolve_conflict,high,gpx_group_0028,review_packets/gpx_groups/gpx_group_0028_yamap_2022-11-26_04_41.md,pending_review,,,,,,,,
dec-0168,168,遠ヶ森,summit-candidate:02fa4cfab6fa90d3,yamap_2022-12-12_08_41.gpx,遠ヶ森,731.4733333333334,728,3.47,0.7875,resolve_conflict,high,gpx_group_0088,review_packets/gpx_groups/gpx_group_0088_yamap_2022-12-12_08_41.md,pending_review,,,,,,,,
dec-0169,169,扇山,summit-candidate:9acc21860aa8a208,yamap_2022-12-12_10_30.gpx,扇山,192.99666666666667,200,7,0.7875,accept_candidate_after_map_check,medium,gpx_group_0198,review_packets/gpx_groups/gpx_group_0198_yamap_2022-12-12_10_30.md,pending_review,,,,,,,,
dec-0170,170,高山,summit-candidate:101c1b0635c0bec0,yamap_2022-12-25_10_09.gpx,高山,131.66666666666666,135,3.33,0.7875,resolve_conflict,high,gpx_group_0007,review_packets/gpx_groups/gpx_group_0007_yamap_2022-12-25_10_09.md,pending_review,,,,,,,,
dec-0171,171,塔ノ峰,summit-candidate:101c1b0635c0bec0,yamap_2022-12-25_10_09.gpx,高山,131.66666666666666,150,18.33,0.7365,resolve_conflict,high,gpx_group_0007,review_packets/gpx_groups/gpx_group_0007_yamap_2022-12-25_10_09.md,pending_review,,,,,,,,
dec-0172,172,海山,summit-candidate:101c1b0635c0bec0,yamap_2022-12-25_10_09.gpx,高山,131.66666666666666,155,23.33,0.7365,resolve_conflict,high,gpx_group_0007,review_packets/gpx_groups/gpx_group_0007_yamap_2022-12-25_10_09.md,pending_review,,,,,,,,
dec-0173,173,近見山,summit-candidate:d5b708b4d3aa86a0,yamap_2022-12-25_11_41.gpx,近見山,239.86,244,4.14,0.7875,accept_candidate_after_map_check,medium,gpx_group_0151,review_packets/gpx_groups/gpx_group_0151_yamap_2022-12-25_11_41.md,pending_review,,,,,,,,
dec-0174,174,唐子山,summit-candidate:71f4bbfe52f75585,yamap_2022-12-25_12_44.gpx,唐子山,108.91779584922217,105,3.92,0.7875,accept_candidate_after_map_check,medium,gpx_group_0170,review_packets/gpx_groups/gpx_group_0170_yamap_2022-12-25_12_44.md,pending_review,,,,,,,,
dec-0175,175,医王山,summit-candidate:1ed32ce6414c2781,yamap_2022-12-25_13_36.gpx,医王山,98.37666666666667,100,1.62,0.7875,resolve_conflict,high,gpx_group_0016,review_packets/gpx_groups/gpx_group_0016_yamap_2022-12-25_13_36.md,pending_review,,,,,,,,
dec-0176,176,永納山(永納山城址),summit-candidate:1ed32ce6414c2781,yamap_2022-12-25_13_36.gpx,医王山,98.37666666666667,132,33.62,0.6855,resolve_conflict,high,gpx_group_0016,review_packets/gpx_groups/gpx_group_0016_yamap_2022-12-25_13_36.md,pending_review,,,,,,,,
dec-0177,177,佐々久山,summit-candidate:1ed32ce6414c2781,yamap_2022-12-25_13_36.gpx,医王山,98.37666666666667,56,42.38,0.6855,resolve_conflict,high,gpx_group_0016,review_packets/gpx_groups/gpx_group_0016_yamap_2022-12-25_13_36.md,pending_review,,,,,,,,
dec-0178,178,土亀山,summit-candidate:5c9365b2a5a9c97f,yamap_2022-12-31_15_00.gpx,星岡山,69.03333333333333,50,19.03,0.7365,resolve_conflict,high,gpx_group_0052,review_packets/gpx_groups/gpx_group_0052_yamap_2022-12-31_15_00.md,pending_review,,,,,,,,
dec-0179,179,天山,summit-candidate:5c9365b2a5a9c97f,yamap_2022-12-31_15_00.gpx,星岡山,69.03333333333333,51,18.03,0.7365,resolve_conflict,high,gpx_group_0052,review_packets/gpx_groups/gpx_group_0052_yamap_2022-12-31_15_00.md,pending_review,,,,,,,,
dec-0180,180,東山,summit-candidate:2b7cce23b57844a5,yamap_2022-10-08_06_12.gpx,東山・西赤石山・物住頭・前赤石山・東赤石山・八巻山,1699.1266666666668,1392,307.13,0.6345,resolve_conflict,high,gpx_group_0091,review_packets/gpx_groups/gpx_group_0091_yamap_2022-10-08_06_12.md,pending_review,,,,,,,,
dec-0181,181,星岡山,summit-candidate:5c9365b2a5a9c97f,yamap_2022-12-31_15_00.gpx,星岡山,69.03333333333333,75,5.97,0.7875,resolve_conflict,high,gpx_group_0052,review_packets/gpx_groups/gpx_group_0052_yamap_2022-12-31_15_00.md,pending_review,,,,,,,,
dec-0182,182,河原樋山,summit-candidate:b1d864fd1fcc9dcb,yamap_2023-01-03_07_36.gpx,福見山・河原樋山・真松嶺・柿王寺森,860.4766666666668,864,3.52,0.7875,accept_candidate_after_map_check,medium,gpx_group_0056,review_packets/gpx_groups/gpx_group_0056_yamap_2023-01-03_07_36.md,pending_review,,,,,,,,
dec-0183,183,真松嶺,summit-candidate:74dd1729abbd7bb5,yamap_2023-01-03_07_36.gpx,福見山・河原樋山・真松嶺・柿王寺森,538.9699999999999,548,9.03,0.7875,resolve_conflict,high,gpx_group_0056,review_packets/gpx_groups/gpx_group_0056_yamap_2023-01-03_07_36.md,pending_review,,,,,,,,
dec-0184,184,柿王寺森,summit-candidate:74dd1729abbd7bb5,yamap_2023-01-03_07_36.gpx,福見山・河原樋山・真松嶺・柿王寺森,538.9699999999999,545,6.03,0.7875,resolve_conflict,high,gpx_group_0056,review_packets/gpx_groups/gpx_group_0056_yamap_2023-01-03_07_36.md,pending_review,,,,,,,,
dec-0185,185,岩子山,summit-candidate:45f49d8fd831427c,yamap_2023-01-06_11_33.gpx,岩子山・垣生山・津田山・弁天山,110.77666666666669,111,0.22,0.7875,resolve_conflict,high,gpx_group_0033,review_packets/gpx_groups/gpx_group_0033_yamap_2023-01-06_11_33.md,pending_review,,,,,,,,
dec-0186,186,垣生山,summit-candidate:45f49d8fd831427c,yamap_2023-01-06_11_33.gpx,岩子山・垣生山・津田山・弁天山,110.77666666666669,118,7.22,0.7875,resolve_conflict,high,gpx_group_0033,review_packets/gpx_groups/gpx_group_0033_yamap_2023-01-06_11_33.md,pending_review,,,,,,,,
dec-0187,187,津田山,summit-candidate:45f49d8fd831427c,yamap_2023-01-06_11_33.gpx,岩子山・垣生山・津田山・弁天山,110.77666666666669,110,0.78,0.7875,resolve_conflict,high,gpx_group_0033,review_packets/gpx_groups/gpx_group_0033_yamap_2023-01-06_11_33.md,pending_review,,,,,,,,
dec-0188,188,弁天山,summit-candidate:8178723bbadb1c72,yamap_2023-01-06_11_33.gpx,岩子山・垣生山・津田山・弁天山,123.67,130,6.33,0.7875,resolve_conflict,high,gpx_group_0033,review_packets/gpx_groups/gpx_group_0033_yamap_2023-01-06_11_33.md,pending_review,,,,,,,,
dec-0189,189,権現山,summit-candidate:32bb5e7e1071e808,yamap_2023-01-08_09_18.gpx,権現山,497.2277182534487,491,6.23,0.7875,accept_candidate_after_map_check,medium,gpx_group_0138,review_packets/gpx_groups/gpx_group_0138_yamap_2023-01-08_09_18.md,pending_review,,,,,,,,
dec-0190,190,黒瀬山（黒瀬城址）,summit-candidate:8a7a47d167c1aba6,yamap_2023-01-08_14_24.gpx,黒瀬山(黒瀬城址)・岡山(岡山城址)・鉢ヶ森(鉢ヶ森城址)・護摩ヶ森(護摩ヶ森城址)・我合山(...,349.4466666666667,341,8.45,0.7875,resolve_conflict,high,gpx_group_0006,review_packets/gpx_groups/gpx_group_0006_yamap_2023-01-08_14_24.md,pending_review,,,,,,,,
dec-0191,191,岡山（岡城址）,summit-candidate:8a7a47d167c1aba6,yamap_2023-01-08_14_24.gpx,黒瀬山(黒瀬城址)・岡山(岡山城址)・鉢ヶ森(鉢ヶ森城址)・護摩ヶ森(護摩ヶ森城址)・我合山(...,349.4466666666667,360,10.55,0.58775,resolve_conflict,high,gpx_group_0006,review_packets/gpx_groups/gpx_group_0006_yamap_2023-01-08_14_24.md,pending_review,,,,,,,,
dec-0192,192,鉢ヶ森（鉢ヶ森城址）,summit-candidate:a660f8ef78c69ab0,yamap_2023-01-08_14_24.gpx,黒瀬山(黒瀬城址)・岡山(岡山城址)・鉢ヶ森(鉢ヶ森城址)・護摩ヶ森(護摩ヶ森城址)・我合山(...,432.21000000000004,434,1.79,0.7875,accept_candidate_after_map_check,medium,gpx_group_0006,review_packets/gpx_groups/gpx_group_0006_yamap_2023-01-08_14_24.md,pending_review,,,,,,,,
dec-0193,193,護摩ヶ森（護摩ヶ森城址）,summit-candidate:a5f51c62e44d0847,yamap_2023-01-08_14_24.gpx,黒瀬山(黒瀬城址)・岡山(岡山城址)・鉢ヶ森(鉢ヶ森城址)・護摩ヶ森(護摩ヶ森城址)・我合山(...,379.3966666666667,380,0.6,0.7875,accept_candidate_after_map_check,medium,gpx_group_0006,review_packets/gpx_groups/gpx_group_0006_yamap_2023-01-08_14_24.md,pending_review,,,,,,,,
dec-0194,194,我合山（我合城址）,summit-candidate:8a7a47d167c1aba6,yamap_2023-01-08_14_24.gpx,黒瀬山(黒瀬城址)・岡山(岡山城址)・鉢ヶ森(鉢ヶ森城址)・護摩ヶ森(護摩ヶ森城址)・我合山(...,349.4466666666667,350,0.55,0.63875,resolve_conflict,high,gpx_group_0006,review_packets/gpx_groups/gpx_group_0006_yamap_2023-01-08_14_24.md,pending_review,,,,,,,,
dec-0195,195,由良山,summit-candidate:8f19c4c16e72e270,yamap_2023-01-10_10_30.gpx,由良山,243.4,249,5.6,0.7875,accept_candidate_after_map_check,medium,gpx_group_0144,review_packets/gpx_groups/gpx_group_0144_yamap_2023-01-10_10_30.md,pending_review,,,,,,,,
dec-0196,196,大森山,summit-candidate:47129c06b82cf694,yamap_2023-01-21_12_43.gpx,石神山・金比羅山,295.1133333333334,291,4.11,0.7875,resolve_conflict,high,gpx_group_0005,review_packets/gpx_groups/gpx_group_0005_yamap_2023-01-21_12_43.md,pending_review,,,,,,,,
dec-0197,197,見晴山,summit-candidate:47129c06b82cf694,yamap_2023-01-21_12_43.gpx,石神山・金比羅山,295.1133333333334,395,99.89,0.6345,resolve_conflict,high,gpx_group_0005,review_packets/gpx_groups/gpx_group_0005_yamap_2023-01-21_12_43.md,pending_review,,,,,,,,
dec-0198,198,権現山,summit-candidate:47129c06b82cf694,yamap_2023-01-21_12_43.gpx,石神山・金比羅山,295.1133333333334,375,79.89,0.6345,resolve_conflict,high,gpx_group_0005,review_packets/gpx_groups/gpx_group_0005_yamap_2023-01-21_12_43.md,pending_review,,,,,,,,
dec-0199,199,遠見山,summit-candidate:47129c06b82cf694,yamap_2023-01-21_12_43.gpx,石神山・金比羅山,295.1133333333334,130,165.11,0.6345,resolve_conflict,high,gpx_group_0005,review_packets/gpx_groups/gpx_group_0005_yamap_2023-01-21_12_43.md,pending_review,,,,,,,,
dec-0200,200,石神山,summit-candidate:47129c06b82cf694,yamap_2023-01-21_12_43.gpx,石神山・金比羅山,295.1133333333334,303,7.89,0.7875,resolve_conflict,high,gpx_group_0005,review_packets/gpx_groups/gpx_group_0005_yamap_2023-01-21_12_43.md,pending_review,,,,,,,,
dec-0201,201,金比羅山,summit-candidate:c6ced2088a2376f5,yamap_2023-01-21_12_43.gpx,石神山・金比羅山,225.95666666666668,203,22.96,0.7365,accept_candidate_after_map_check,medium,gpx_group_0005,review_packets/gpx_groups/gpx_group_0005_yamap_2023-01-21_12_43.md,pending_review,,,,,,,,
dec-0202,202,鳥越山,summit-candidate:5b7c833ac0535534,yamap_2023-01-28_11_53.gpx,鳥越山,99.92333333333335,100,0.08,0.7875,resolve_conflict,high,gpx_group_0042,review_packets/gpx_groups/gpx_group_0042_yamap_2023-01-28_11_53.md,pending_review,,,,,,,,
dec-0203,203,谷田山,summit-candidate:5b7c833ac0535534,yamap_2023-01-28_11_53.gpx,鳥越山,99.92333333333335,78,21.92,0.7365,resolve_conflict,high,gpx_group_0042,review_packets/gpx_groups/gpx_group_0042_yamap_2023-01-28_11_53.md,pending_review,,,,,,,,
dec-0204,204,金毘羅山,summit-candidate:ab7edbc3a52d24bf,yamap_2023-01-28_12_19.gpx,谷田山・金毘羅山,58.70666666666667,41,17.71,0.7365,resolve_conflict,high,gpx_group_0129,review_packets/gpx_groups/gpx_group_0129_yamap_2023-01-28_12_19.md,pending_review,,,,,,,,
dec-0205,205,佐古田山,summit-candidate:5b7c833ac0535534,yamap_2023-01-28_11_53.gpx,鳥越山,99.92333333333335,77,22.92,0.7365,resolve_conflict,high,gpx_group_0042,review_packets/gpx_groups/gpx_group_0042_yamap_2023-01-28_11_53.md,pending_review,,,,,,,,
dec-0206,206,古城山,summit-candidate:1432f597b5dca157,yamap_2023-01-28_14_27.gpx,古城山・尾崎山,253.17333333333332,202,51.17,0.6345,resolve_conflict,high,gpx_group_0017,review_packets/gpx_groups/gpx_group_0017_yamap_2023-01-28_14_27.md,pending_review,,,,,,,,
dec-0207,207,尾崎山,summit-candidate:1432f597b5dca157,yamap_2023-01-28_14_27.gpx,古城山・尾崎山,253.17333333333332,260,6.83,0.7875,resolve_conflict,high,gpx_group_0017,review_packets/gpx_groups/gpx_group_0017_yamap_2023-01-28_14_27.md,pending_review,,,,,,,,
dec-0208,208,宝ヶ峯,summit-candidate:079ae30d76fb11c2,yamap_2022-03-13_09_49.gpx,倉谷山・芝ヶ峠・淡路ヶ峠・宝ヶ峯,280.85333333333335,284,3.15,0.7875,resolve_conflict,high,gpx_group_0019,review_packets/gpx_groups/gpx_group_0019_yamap_2022-03-13_09_49.md,pending_review,,,,,,,,
dec-0209,209,淡路ヶ峠,summit-candidate:079ae30d76fb11c2,yamap_2022-03-13_09_49.gpx,倉谷山・芝ヶ峠・淡路ヶ峠・宝ヶ峯,280.85333333333335,273,7.85,0.7875,resolve_conflict,high,gpx_group_0019,review_packets/gpx_groups/gpx_group_0019_yamap_2022-03-13_09_49.md,pending_review,,,,,,,,
dec-0210,210,福見山,summit-candidate:0ff024bf702c13bb,yamap_2023-03-11_06_08.gpx,福見山・明神ヶ森・南三方ヶ森・魚谷森・左谷ノ森,927.3133333333334,1051,123.69,0.6345,resolve_conflict,high,gpx_group_0063,review_packets/gpx_groups/gpx_group_0063_yamap_2023-03-11_06_08.md,pending_review,,,,,,,,
dec-0211,211,明神ヶ森,summit-candidate:0ff024bf702c13bb,yamap_2023-03-11_06_08.gpx,福見山・明神ヶ森・南三方ヶ森・魚谷森・左谷ノ森,927.3133333333334,1217,289.69,0.6345,resolve_conflict,high,gpx_group_0063,review_packets/gpx_groups/gpx_group_0063_yamap_2023-03-11_06_08.md,pending_review,,,,,,,,
dec-0212,212,南三方ヶ森,summit-candidate:0ff024bf702c13bb,yamap_2023-03-11_06_08.gpx,福見山・明神ヶ森・南三方ヶ森・魚谷森・左谷ノ森,927.3133333333334,1156,228.69,0.6345,resolve_conflict,high,gpx_group_0063,review_packets/gpx_groups/gpx_group_0063_yamap_2023-03-11_06_08.md,pending_review,,,,,,,,
dec-0213,213,魚谷森,summit-candidate:0ff024bf702c13bb,yamap_2023-03-11_06_08.gpx,福見山・明神ヶ森・南三方ヶ森・魚谷森・左谷ノ森,927.3133333333334,1005,77.69,0.6345,resolve_conflict,high,gpx_group_0063,review_packets/gpx_groups/gpx_group_0063_yamap_2023-03-11_06_08.md,pending_review,,,,,,,,
dec-0214,214,左谷ノ森,summit-candidate:0ff024bf702c13bb,yamap_2023-03-11_06_08.gpx,福見山・明神ヶ森・南三方ヶ森・魚谷森・左谷ノ森,927.3133333333334,932,4.69,0.7875,resolve_conflict,high,gpx_group_0063,review_packets/gpx_groups/gpx_group_0063_yamap_2023-03-11_06_08.md,pending_review,,,,,,,,
dec-0215,215,真城ヶ台,summit-candidate:6d533e458b56f1d6,yamap_2023-03-15_09_53.gpx,真城ヶ台,583.6133333333333,587,3.39,0.7875,accept_candidate_after_map_check,medium,gpx_group_0228,review_packets/gpx_groups/gpx_group_0228_yamap_2023-03-15_09_53.md,pending_review,,,,,,,,
dec-0216,216,千羽ヶ岳,summit-candidate:afd70dd670366e77,yamap_2023-03-20_15_17.gpx,千羽ヶ岳,406.43,412,5.57,0.7875,accept_candidate_after_map_check,medium,gpx_group_0199,review_packets/gpx_groups/gpx_group_0199_yamap_2023-03-20_15_17.md,pending_review,,,,,,,,
dec-0217,217,皿ヶ嶺,summit-candidate:7a1f0e8b5f9e5cc2,yamap_2022-04-15_11_52.gpx,皿ヶ嶺・引地山,1277.043085490437,1278,0.96,0.7875,resolve_conflict,high,gpx_group_0108,review_packets/gpx_groups/gpx_group_0108_yamap_2022-04-15_11_52.md,pending_review,,,,,,,,
dec-0218,218,えんとつ山,summit-candidate:339138a4e53293da,yamap_2023-03-29_05_31.gpx,えんとつ山・生子山・犬返・種子川山・西赤石山・物住頭・上兜山・下兜山,571.1733333333333,127,444.17,0.6345,resolve_conflict,high,gpx_group_0041,review_packets/gpx_groups/gpx_group_0041_yamap_2023-03-29_05_31.md,pending_review,,,,,,,,
dec-0219,219,生子山,summit-candidate:339138a4e53293da,yamap_2023-03-29_05_31.gpx,えんとつ山・生子山・犬返・種子川山・西赤石山・物住頭・上兜山・下兜山,571.1733333333333,301,270.17,0.6345,resolve_conflict,high,gpx_group_0041,review_packets/gpx_groups/gpx_group_0041_yamap_2023-03-29_05_31.md,pending_review,,,,,,,,
dec-0220,220,犬返,summit-candidate:339138a4e53293da,yamap_2023-03-29_05_31.gpx,えんとつ山・生子山・犬返・種子川山・西赤石山・物住頭・上兜山・下兜山,571.1733333333333,576,4.83,0.7875,resolve_conflict,high,gpx_group_0041,review_packets/gpx_groups/gpx_group_0041_yamap_2023-03-29_05_31.md,pending_review,,,,,,,,
dec-0221,221,種子川山,summit-candidate:339138a4e53293da,yamap_2023-03-29_05_31.gpx,えんとつ山・生子山・犬返・種子川山・西赤石山・物住頭・上兜山・下兜山,571.1733333333333,539,32.17,0.6855,resolve_conflict,high,gpx_group_0041,review_packets/gpx_groups/gpx_group_0041_yamap_2023-03-29_05_31.md,pending_review,,,,,,,,
dec-0222,222,西赤石山,summit-candidate:473a62086144ac33,yamap_2023-03-29_05_31.gpx,えんとつ山・生子山・犬返・種子川山・西赤石山・物住頭・上兜山・下兜山,1619.846666666667,1626,6.15,0.7875,accept_candidate_after_map_check,medium,gpx_group_0041,review_packets/gpx_groups/gpx_group_0041_yamap_2023-03-29_05_31.md,pending_review,,,,,,,,
dec-0223,223,物住頭,summit-candidate:61a5956a49a7ace2,yamap_2022-10-08_06_12.gpx,東山・西赤石山・物住頭・前赤石山・東赤石山・八巻山,1631.9833333333333,1635,3.02,0.7875,resolve_conflict,high,gpx_group_0091,review_packets/gpx_groups/gpx_group_0091_yamap_2022-10-08_06_12.md,pending_review,,,,,,,,
dec-0224,224,上兜山,summit-candidate:339138a4e53293da,yamap_2023-03-29_05_31.gpx,えんとつ山・生子山・犬返・種子川山・西赤石山・物住頭・上兜山・下兜山,571.1733333333333,1559,987.83,0.6345,resolve_conflict,high,gpx_group_0041,review_packets/gpx_groups/gpx_group_0041_yamap_2023-03-29_05_31.md,pending_review,,,,,,,,
dec-0225,225,下兜山,summit-candidate:4311f3ae9948ea08,yamap_2023-03-29_05_31.gpx,えんとつ山・生子山・犬返・種子川山・西赤石山・物住頭・上兜山・下兜山,1239.3733333333334,1234,5.37,0.7875,accept_candidate_after_map_check,medium,gpx_group_0041,review_packets/gpx_groups/gpx_group_0041_yamap_2023-03-29_05_31.md,pending_review,,,,,,,,
dec-0226,226,黒森山,summit-candidate:924ccfedeb6c2d2c,yamap_2023-04-04_12_51.gpx,黒森山,1151.5666666666666,1154,2.43,0.608,check_location_warning,high,gpx_group_0234,review_packets/gpx_groups/gpx_group_0234_yamap_2023-04-04_12_51.md,pending_review,,,,,,,,
dec-0227,227,菊ヶ森,summit-candidate:2a670286f545beb2,yamap_2023-04-09_09_08.gpx,菊ヶ森・餓鬼ヶ森,910.6433333333334,914,3.36,0.7875,resolve_conflict,high,gpx_group_0084,review_packets/gpx_groups/gpx_group_0084_yamap_2023-04-09_09_08.md,pending_review,,,,,,,,
dec-0228,228,餓鬼ヶ森,summit-candidate:be07cff01023e072,yamap_2023-04-09_09_08.gpx,菊ヶ森・餓鬼ヶ森,950.8066666666667,954,3.19,0.7875,accept_candidate_after_map_check,medium,gpx_group_0084,review_packets/gpx_groups/gpx_group_0084_yamap_2023-04-09_09_08.md,pending_review,,,,,,,,
dec-0229,229,船野山,summit-candidate:7880c9d0de83468b,yamap_2023-04-18_06_58.gpx,船野山,452.99666666666667,412,41,0.6855,accept_candidate_after_map_check,medium,gpx_group_0211,review_packets/gpx_groups/gpx_group_0211_yamap_2023-04-18_06_58.md,pending_review,,,,,,,,
dec-0230,230,木久ヶ森,summit-candidate:9669b668bebfc145,yamap_2023-04-18_10_53.gpx,黒滝山・木久ヶ森,811.0092135228584,752,59.01,0.6345,resolve_conflict,high,gpx_group_0068,review_packets/gpx_groups/gpx_group_0068_yamap_2023-04-18_10_53.md,pending_review,,,,,,,,
dec-0231,231,黒滝山,summit-candidate:9669b668bebfc145,yamap_2023-04-18_10_53.gpx,黒滝山・木久ヶ森,811.0092135228584,809,2.01,0.7875,resolve_conflict,high,gpx_group_0068,review_packets/gpx_groups/gpx_group_0068_yamap_2023-04-18_10_53.md,pending_review,,,,,,,,
dec-0232,232,奥之城山,summit-candidate:ea33d870d4700a56,yamap_2022-03-03_10_47.gpx,奥之城山・ヌタノサコ,414.2866666666667,420,5.71,0.7875,accept_candidate_after_map_check,medium,gpx_group_0064,review_packets/gpx_groups/gpx_group_0064_yamap_2022-03-03_10_47.md,pending_review,,,,,,,,
dec-0233,233,天狗岳,summit-candidate:3b98b67bbe0fe0f9,yamap_2022-05-22_08_09.gpx,石鎚山・天狗岳・南尖峰,1979.1701508543217,1982,2.83,0.608,resolve_conflict,high,gpx_group_0115,review_packets/gpx_groups/gpx_group_0115_yamap_2022-05-22_08_09.md,pending_review,,,,,,,,
dec-0234,234,石鎚山,summit-candidate:65906dbbd6e5b747,yamap_2025-09-07_08_00.gpx,鶴ノ子ノ頭・石鎚山,1647.683322091346,1972,324.32,0.6345,resolve_conflict,high,gpx_group_0110,review_packets/gpx_groups/gpx_group_0110_yamap_2025-09-07_08_00.md,pending_review,,,,,,,,
dec-0235,235,善神山,summit-candidate:367897a1c7a2d287,yamap_2023-05-27_09_55.gpx,前善神山・善神山,1089.5833333333333,1094,4.42,0.7875,resolve_conflict,high,gpx_group_0101,review_packets/gpx_groups/gpx_group_0101_yamap_2023-05-27_09_55.md,pending_review,,,,,,,,
dec-0236,236,前善神山,summit-candidate:367897a1c7a2d287,yamap_2023-05-27_09_55.gpx,前善神山・善神山,1089.5833333333333,1070,19.58,0.7365,resolve_conflict,high,gpx_group_0101,review_packets/gpx_groups/gpx_group_0101_yamap_2023-05-27_09_55.md,pending_review,,,,,,,,
dec-0237,237,五葉が森,summit-candidate:9488d92d9ea95406,yamap_2023-06-11_11_57.gpx,五葉が森,837.212880782981,841,3.79,0.7875,accept_candidate_after_map_check,medium,gpx_group_0194,review_packets/gpx_groups/gpx_group_0194_yamap_2023-06-11_11_57.md,pending_review,,,,,,,,
dec-0238,238,冠岳,summit-candidate:b73a23fa4b3abc39,yamap_2023-09-06_13_30.gpx,冠岳,1375.6266666666668,1380,4.37,0.7875,resolve_conflict,high,gpx_group_0089,review_packets/gpx_groups/gpx_group_0089_yamap_2023-09-06_13_30.md,pending_review,,,,,,,,
dec-0239,239,東赤石山,summit-candidate:2b7cce23b57844a5,yamap_2022-10-08_06_12.gpx,東山・西赤石山・物住頭・前赤石山・東赤石山・八巻山,1699.1266666666668,1710,10.87,0.7365,resolve_conflict,high,gpx_group_0091,review_packets/gpx_groups/gpx_group_0091_yamap_2022-10-08_06_12.md,pending_review,,,,,,,,
dec-0240,240,八巻山,summit-candidate:2b7cce23b57844a5,yamap_2022-10-08_06_12.gpx,東山・西赤石山・物住頭・前赤石山・東赤石山・八巻山,1699.1266666666668,1698,1.13,0.7875,resolve_conflict,high,gpx_group_0091,review_packets/gpx_groups/gpx_group_0091_yamap_2022-10-08_06_12.md,pending_review,,,,,,,,
dec-0241,241,ベツソ山,summit-candidate:dba931625b34d9ac,yamap_2023-10-13_10_02.gpx,ベツソ山・歯朶谷山,313.21999999999997,266,47.22,0.6855,resolve_conflict,high,gpx_group_0025,review_packets/gpx_groups/gpx_group_0025_yamap_2023-10-13_10_02.md,pending_review,,,,,,,,
dec-0242,242,歯朶谷山,summit-candidate:dba931625b34d9ac,yamap_2023-10-13_10_02.gpx,ベツソ山・歯朶谷山,313.21999999999997,314,0.78,0.7875,resolve_conflict,high,gpx_group_0025,review_packets/gpx_groups/gpx_group_0025_yamap_2023-10-13_10_02.md,pending_review,,,,,,,,
dec-0243,243,丸山,summit-candidate:2670057d58a25475,yamap_2023-10-14_07_53.gpx,丸山,616.4333333333334,624,7.57,0.7875,accept_candidate_after_map_check,medium,gpx_group_0200,review_packets/gpx_groups/gpx_group_0200_yamap_2023-10-14_07_53.md,pending_review,,,,,,,,
dec-0244,244,二ノ岳,summit-candidate:b58470f57bb41331,yamap_2023-10-22_06_44.gpx,二ノ岳・高森,1152.69,1156,3.31,0.608,check_location_warning,high,gpx_group_0086,review_packets/gpx_groups/gpx_group_0086_yamap_2023-10-22_06_44.md,pending_review,,,,,,,,
dec-0245,245,高森,summit-candidate:5771cdd191c3861d,yamap_2023-10-22_06_44.gpx,二ノ岳・高森,1351.1733333333334,1360,8.83,0.608,resolve_conflict,high,gpx_group_0086,review_packets/gpx_groups/gpx_group_0086_yamap_2023-10-22_06_44.md,pending_review,,,,,,,,
dec-0246,246,四辻ノ森,summit-candidate:d659f1dc6e5fa0b5,yamap_2023-11-11_07_17.gpx,四辻ノ森・三光ノ辻山,1206.9212487152886,1201,5.92,0.7875,accept_candidate_after_map_check,medium,gpx_group_0146,review_packets/gpx_groups/gpx_group_0146_yamap_2023-11-11_07_17.md,pending_review,,,,,,,,
dec-0247,247,三光ノ辻山,summit-candidate:c4504025c94f843c,yamap_2023-11-11_07_17.gpx,四辻ノ森・三光ノ辻山,1215.0715256104047,1215,0.07,0.7875,accept_candidate_after_map_check,medium,gpx_group_0146,review_packets/gpx_groups/gpx_group_0146_yamap_2023-11-11_07_17.md,pending_review,,,,,,,,
dec-0248,248,瀬戸黒森,summit-candidate:290abf917754fd0b,yamap_2023-11-19_06_46.gpx,瀬戸黒森・三森・羽子山・観音森,972.6666666666666,976,3.33,0.7875,accept_candidate_after_map_check,medium,gpx_group_0134,review_packets/gpx_groups/gpx_group_0134_yamap_2023-11-19_06_46.md,pending_review,,,,,,,,
dec-0249,249,羽子山,summit-candidate:9a0532ee2b40e5f3,yamap_2023-11-19_06_46.gpx,瀬戸黒森・三森・羽子山・観音森,725.5,730,4.5,0.7875,accept_candidate_after_map_check,medium,gpx_group_0134,review_packets/gpx_groups/gpx_group_0134_yamap_2023-11-19_06_46.md,pending_review,,,,,,,,
dec-0250,250,観音森,summit-candidate:cf1cb583d492455c,yamap_2023-11-19_06_46.gpx,瀬戸黒森・三森・羽子山・観音森,784.9416257231666,779,5.94,0.7875,accept_candidate_after_map_check,medium,gpx_group_0134,review_packets/gpx_groups/gpx_group_0134_yamap_2023-11-19_06_46.md,pending_review,,,,,,,,
dec-0251,251,三森,summit-candidate:f7593239fa7bdcc9,yamap_2023-11-19_06_46.gpx,瀬戸黒森・三森・羽子山・観音森,864.3133333333334,867,2.69,0.7875,accept_candidate_after_map_check,medium,gpx_group_0134,review_packets/gpx_groups/gpx_group_0134_yamap_2023-11-19_06_46.md,pending_review,,,,,,,,
dec-0252,252,総津権現山,summit-candidate:f108570a8e33ce90,yamap_2023-12-17_07_11.gpx,総津権現山,437.40333333333336,440,2.6,0.7875,accept_candidate_after_map_check,medium,gpx_group_0154,review_packets/gpx_groups/gpx_group_0154_yamap_2023-12-17_07_11.md,pending_review,,,,,,,,
dec-0253,253,秦皇山,summit-candidate:1d97e1955af85092,yamap_2023-12-17_10_30.gpx,平岡山(平岡城址) ,417.80228626332246,874,456.2,0.6345,resolve_conflict,high,gpx_group_0021,review_packets/gpx_groups/gpx_group_0021_yamap_2023-12-17_10_30.md,pending_review,,,,,,,,
dec-0254,254,平岡山(平岡城址),summit-candidate:1d97e1955af85092,yamap_2023-12-17_10_30.gpx,平岡山(平岡城址) ,417.80228626332246,414,3.8,0.7875,resolve_conflict,high,gpx_group_0021,review_packets/gpx_groups/gpx_group_0021_yamap_2023-12-17_10_30.md,pending_review,,,,,,,,
dec-0255,255,竜門山,summit-candidate:64a47ed9c06f56d5,yamap_2024-01-14_10_18.gpx,竜門山・大黒山,430.9866666666667,439,8.01,0.7875,resolve_conflict,high,gpx_group_0034,review_packets/gpx_groups/gpx_group_0034_yamap_2024-01-14_10_18.md,pending_review,,,,,,,,
dec-0256,256,大黒山,summit-candidate:64a47ed9c06f56d5,yamap_2024-01-14_10_18.gpx,竜門山・大黒山,430.9866666666667,321,109.99,0.6345,resolve_conflict,high,gpx_group_0034,review_packets/gpx_groups/gpx_group_0034_yamap_2024-01-14_10_18.md,pending_review,,,,,,,,
dec-0257,257,大空山,summit-candidate:fd13fabb918486e6,yamap_2024-01-27_08_01.gpx,大空山,348.28333333333336,352,3.72,0.713,accept_candidate_after_map_check,medium,gpx_group_0172,review_packets/gpx_groups/gpx_group_0172_yamap_2024-01-27_08_01.md,pending_review,,,,,,,,
dec-0258,258,御串山,summit-candidate:02d59cd1260af017,yamap_2024-01-27_10_11.gpx,御串山,62.803333333333335,66,3.2,0.713,resolve_conflict,high,gpx_group_0055,review_packets/gpx_groups/gpx_group_0055_yamap_2024-01-27_10_11.md,pending_review,,,,,,,,
dec-0259,259,宝股山,summit-candidate:468c5bbccd8aba53,yamap_2024-01-27_13_31.gpx,宝股山,300.6033333333333,304,3.4,0.713,resolve_conflict,high,gpx_group_0012,review_packets/gpx_groups/gpx_group_0012_yamap_2024-01-27_13_31.md,pending_review,,,,,,,,
dec-0260,260,開山,summit-candidate:468c5bbccd8aba53,yamap_2024-01-27_13_31.gpx,宝股山,300.6033333333333,149,151.6,0.56,resolve_conflict,high,gpx_group_0012,review_packets/gpx_groups/gpx_group_0012_yamap_2024-01-27_13_31.md,pending_review,,,,,,,,
dec-0261,261,鳥屋ヶ森,summit-candidate:ef6730fa259856ec,yamap_2024-02-10_07_09.gpx,鳥屋ヶ森,319.6933333333333,322,2.31,0.7875,accept_candidate_after_map_check,medium,gpx_group_0147,review_packets/gpx_groups/gpx_group_0147_yamap_2024-02-10_07_09.md,pending_review,,,,,,,,
dec-0262,262,熊ガ峰,summit-candidate:ef3e845b5d632dd3,yamap_2024-02-10_09_58.gpx,熊ガ峰,340.53999999999996,343,2.46,0.7875,accept_candidate_after_map_check,medium,gpx_group_0152,review_packets/gpx_groups/gpx_group_0152_yamap_2024-02-10_09_58.md,pending_review,,,,,,,,
dec-0263,263,権現山,summit-candidate:84f974876f397da1,yamap_2024-02-10_13_09.gpx,権現山,498.7563056512352,489,9.76,0.7875,accept_candidate_after_map_check,medium,gpx_group_0216,review_packets/gpx_groups/gpx_group_0216_yamap_2024-02-10_13_09.md,pending_review,,,,,,,,
dec-0264,264,大黒山,summit-candidate:f5c22dac4bd015ae,yamap_2024-02-17_05_38.gpx,大黒山・譲ヶ葉森,1098.249041559603,1106,7.75,0.7875,accept_candidate_after_map_check,medium,gpx_group_0078,review_packets/gpx_groups/gpx_group_0078_yamap_2024-02-17_05_38.md,pending_review,,,,,,,,
dec-0265,265,譲ヶ葉森,summit-candidate:19baf3ce30f8991a,yamap_2024-02-17_05_38.gpx,大黒山・譲ヶ葉森,1021.9555481598042,1016,5.96,0.7875,resolve_conflict,high,gpx_group_0078,review_packets/gpx_groups/gpx_group_0078_yamap_2024-02-17_05_38.md,pending_review,,,,,,,,
dec-0266,266,郭公岳,summit-candidate:62351b8782d6f597,yamap_2024-02-24_07_06.gpx,高月山・東高月山・郭公岳・櫨ヶ森・毛山,1191.8999999999999,1010,181.9,0.6345,resolve_conflict,high,gpx_group_0075,review_packets/gpx_groups/gpx_group_0075_yamap_2024-02-24_07_06.md,pending_review,,,,,,,,
dec-0267,267,東高月山,summit-candidate:62351b8782d6f597,yamap_2024-02-24_07_06.gpx,高月山・東高月山・郭公岳・櫨ヶ森・毛山,1191.8999999999999,1181,10.9,0.7365,resolve_conflict,high,gpx_group_0075,review_packets/gpx_groups/gpx_group_0075_yamap_2024-02-24_07_06.md,pending_review,,,,,,,,
dec-0268,268,高月山,summit-candidate:90c3723735d95c0d,yamap_2024-02-24_07_06.gpx,高月山・東高月山・郭公岳・櫨ヶ森・毛山,1224.2266666666667,1229,4.77,0.7875,accept_candidate_after_map_check,medium,gpx_group_0075,review_packets/gpx_groups/gpx_group_0075_yamap_2024-02-24_07_06.md,pending_review,,,,,,,,
dec-0269,269,櫨ヶ森,summit-candidate:ba56c1ac8ac55c5f,yamap_2024-02-24_07_06.gpx,高月山・東高月山・郭公岳・櫨ヶ森・毛山,1062.8166666666666,1064,1.18,0.7875,accept_candidate_after_map_check,medium,gpx_group_0075,review_packets/gpx_groups/gpx_group_0075_yamap_2024-02-24_07_06.md,pending_review,,,,,,,,
dec-0270,270,毛山,summit-candidate:40068653b28bad40,yamap_2022-04-08_09_33.gpx,鬼ヶ城山・大久保山・八面山・三本杭・横ノ森・小屋ヶ森・毛山,1090.3964691990484,1089,1.4,0.7875,accept_candidate_after_map_check,medium,gpx_group_0047,review_packets/gpx_groups/gpx_group_0047_yamap_2022-04-08_09_33.md,pending_review,,,,,,,,
dec-0271,271,白石山,summit-candidate:ac8e3853fbbf0c6f,yamap_2024-03-03_06_23.gpx,白石山,651.8438770113412,648,3.84,0.7875,resolve_conflict,high,gpx_group_0060,review_packets/gpx_groups/gpx_group_0060_yamap_2024-03-03_06_23.md,pending_review,,,,,,,,
dec-0272,272,観音岳,summit-candidate:ac8e3853fbbf0c6f,yamap_2024-03-03_06_23.gpx,白石山,651.8438770113412,782,130.16,0.6345,resolve_conflict,high,gpx_group_0060,review_packets/gpx_groups/gpx_group_0060_yamap_2024-03-03_06_23.md,pending_review,,,,,,,,
dec-0273,273,音無山,summit-candidate:97e45d6eab227d56,yamap_2024-03-03_10_00.gpx,音無山,845.57,850,4.43,0.7875,accept_candidate_after_map_check,medium,gpx_group_0229,review_packets/gpx_groups/gpx_group_0229_yamap_2024-03-03_10_00.md,pending_review,,,,,,,,
dec-0274,274,天ガ森,summit-candidate:93a4d66ef3ee559d,yamap_2024-03-03_13_33.gpx,天ガ森,343.7659610142553,331,12.77,0.7365,accept_candidate_after_map_check,medium,gpx_group_0181,review_packets/gpx_groups/gpx_group_0181_yamap_2024-03-03_13_33.md,pending_review,,,,,,,,
dec-0275,275,夫婦山,summit-candidate:3e9348428f22a320,yamap_2024-03-10_07_12.gpx,夫婦山・白山・観音山・国見山・城山・御勧請山,385.21553569431927,387,1.78,0.7875,accept_candidate_after_map_check,medium,gpx_group_0022,review_packets/gpx_groups/gpx_group_0022_yamap_2024-03-10_07_12.md,pending_review,,,,,,,,
dec-0276,276,白山,summit-candidate:13b7a4bb8154974a,yamap_2024-03-10_07_12.gpx,夫婦山・白山・観音山・国見山・城山・御勧請山,336.02549564153543,327,9.03,0.7875,resolve_conflict,high,gpx_group_0022,review_packets/gpx_groups/gpx_group_0022_yamap_2024-03-10_07_12.md,pending_review,,,,,,,,
dec-0277,277,観音山,summit-candidate:cf29543e6beaa1ec,yamap_2024-03-10_07_12.gpx,夫婦山・白山・観音山・国見山・城山・御勧請山,365.7180112898549,360,5.72,0.7875,accept_candidate_after_map_check,medium,gpx_group_0022,review_packets/gpx_groups/gpx_group_0022_yamap_2024-03-10_07_12.md,pending_review,,,,,,,,
dec-0278,278,国見山,summit-candidate:2ab43729f5e80cbe,yamap_2024-03-10_07_12.gpx,夫婦山・白山・観音山・国見山・城山・御勧請山,376.3033333333333,380,3.7,0.7875,accept_candidate_after_map_check,medium,gpx_group_0022,review_packets/gpx_groups/gpx_group_0022_yamap_2024-03-10_07_12.md,pending_review,,,,,,,,
dec-0279,279,城山,summit-candidate:1432f597b5dca157,yamap_2023-01-28_14_27.gpx,古城山・尾崎山,253.17333333333332,244,9.17,0.7875,resolve_conflict,high,gpx_group_0017,review_packets/gpx_groups/gpx_group_0017_yamap_2023-01-28_14_27.md,pending_review,,,,,,,,
dec-0280,280,御勧請山,summit-candidate:13b7a4bb8154974a,yamap_2024-03-10_07_12.gpx,夫婦山・白山・観音山・国見山・城山・御勧請山,336.02549564153543,327,9.03,0.7875,resolve_conflict,high,gpx_group_0022,review_packets/gpx_groups/gpx_group_0022_yamap_2024-03-10_07_12.md,pending_review,,,,,,,,
dec-0281,281,トギ,summit-candidate:e75e04c2fbe61c2f,yamap_2024-03-16_09_21.gpx,トギ・張木山・高手山,391.45205218380346,391,0.45,0.7875,resolve_conflict,high,gpx_group_0023,review_packets/gpx_groups/gpx_group_0023_yamap_2024-03-16_09_21.md,pending_review,,,,,,,,
dec-0282,282,張木山,summit-candidate:3c28b6ebd5a97155,yamap_2024-03-16_13_58.gpx,斎藤山,472.13310176947385,468,4.13,0.7875,resolve_conflict,high,gpx_group_0072,review_packets/gpx_groups/gpx_group_0072_yamap_2024-03-16_13_58.md,pending_review,,,,,,,,
dec-0283,283,高手山,summit-candidate:e75e04c2fbe61c2f,yamap_2024-03-16_09_21.gpx,トギ・張木山・高手山,391.45205218380346,381,10.45,0.7365,resolve_conflict,high,gpx_group_0023,review_packets/gpx_groups/gpx_group_0023_yamap_2024-03-16_09_21.md,pending_review,,,,,,,,
dec-0284,284,斎藤山,summit-candidate:3c28b6ebd5a97155,yamap_2024-03-16_13_58.gpx,斎藤山,472.13310176947385,459,13.13,0.7365,resolve_conflict,high,gpx_group_0072,review_packets/gpx_groups/gpx_group_0072_yamap_2024-03-16_13_58.md,pending_review,,,,,,,,
dec-0285,285,御祝山,summit-candidate:9186201ca03b041d,yamap_2024-03-30_07_11.gpx,御祝山・横ノ森・小屋ヶ森・串ヶ森・目黒鳥屋・長尾森,1160.4399999999998,999,161.44,0.6345,resolve_conflict,high,gpx_group_0070,review_packets/gpx_groups/gpx_group_0070_yamap_2024-03-30_07_11.md,pending_review,,,,,,,,
dec-0286,286,横ノ森,summit-candidate:9186201ca03b041d,yamap_2024-03-30_07_11.gpx,御祝山・横ノ森・小屋ヶ森・串ヶ森・目黒鳥屋・長尾森,1160.4399999999998,1200,39.56,0.6855,resolve_conflict,high,gpx_group_0070,review_packets/gpx_groups/gpx_group_0070_yamap_2024-03-30_07_11.md,pending_review,,,,,,,,
dec-0287,287,小屋ヶ森,summit-candidate:9186201ca03b041d,yamap_2024-03-30_07_11.gpx,御祝山・横ノ森・小屋ヶ森・串ヶ森・目黒鳥屋・長尾森,1160.4399999999998,1184,23.56,0.7365,resolve_conflict,high,gpx_group_0070,review_packets/gpx_groups/gpx_group_0070_yamap_2024-03-30_07_11.md,pending_review,,,,,,,,
dec-0288,288,串ヶ森,summit-candidate:9186201ca03b041d,yamap_2024-03-30_07_11.gpx,御祝山・横ノ森・小屋ヶ森・串ヶ森・目黒鳥屋・長尾森,1160.4399999999998,1160,0.44,0.7875,resolve_conflict,high,gpx_group_0070,review_packets/gpx_groups/gpx_group_0070_yamap_2024-03-30_07_11.md,pending_review,,,,,,,,
dec-0289,289,目黒鳥屋,summit-candidate:9186201ca03b041d,yamap_2024-03-30_07_11.gpx,御祝山・横ノ森・小屋ヶ森・串ヶ森・目黒鳥屋・長尾森,1160.4399999999998,1157,3.44,0.7875,resolve_conflict,high,gpx_group_0070,review_packets/gpx_groups/gpx_group_0070_yamap_2024-03-30_07_11.md,pending_review,,,,,,,,
dec-0290,290,長尾森,summit-candidate:9186201ca03b041d,yamap_2024-03-30_07_11.gpx,御祝山・横ノ森・小屋ヶ森・串ヶ森・目黒鳥屋・長尾森,1160.4399999999998,1180,19.56,0.7365,resolve_conflict,high,gpx_group_0070,review_packets/gpx_groups/gpx_group_0070_yamap_2024-03-30_07_11.md,pending_review,,,,,,,,
dec-0291,291,二箆山,summit-candidate:0a89128346167f6e,yamap_2024-04-07_06_45.gpx,二箆山・西雑誌山,1158.3666666666668,1169,10.63,0.7365,accept_candidate_after_map_check,medium,gpx_group_0136,review_packets/gpx_groups/gpx_group_0136_yamap_2024-04-07_06_45.md,pending_review,,,,,,,,
dec-0292,292,西雑誌山,summit-candidate:aa8ff99fc3bd426d,yamap_2024-04-07_06_45.gpx,二箆山・西雑誌山,1347.9433333333334,1341,6.94,0.7875,accept_candidate_after_map_check,medium,gpx_group_0136,review_packets/gpx_groups/gpx_group_0136_yamap_2024-04-07_06_45.md,pending_review,,,,,,,,
dec-0293,293,気多山,summit-candidate:e010f98d2b23f547,yamap_2024-04-20_05_43.gpx,気多山・八辻ノ峰・五代ヶ森,1212.5233333333333,1218,5.48,0.7875,accept_candidate_after_map_check,medium,gpx_group_0105,review_packets/gpx_groups/gpx_group_0105_yamap_2024-04-20_05_43.md,pending_review,,,,,,,,
dec-0294,294,八辻ノ峰,summit-candidate:76cc7bb75549e7a1,yamap_2024-04-20_05_43.gpx,気多山・八辻ノ峰・五代ヶ森,1709.1566666666668,1724,14.84,0.7365,resolve_conflict,high,gpx_group_0105,review_packets/gpx_groups/gpx_group_0105_yamap_2024-04-20_05_43.md,pending_review,,,,,,,,
dec-0295,295,五代ヶ森,summit-candidate:76cc7bb75549e7a1,yamap_2024-04-20_05_43.gpx,気多山・八辻ノ峰・五代ヶ森,1709.1566666666668,1711,1.84,0.7875,resolve_conflict,high,gpx_group_0105,review_packets/gpx_groups/gpx_group_0105_yamap_2024-04-20_05_43.md,pending_review,,,,,,,,
dec-0296,296,桂ヶ森,summit-candidate:c210f415fc55501f,yamap_2024-04-27_08_04.gpx,桂ヶ森,1220.0333333333335,1224,3.97,0.7875,accept_candidate_after_map_check,medium,gpx_group_0235,review_packets/gpx_groups/gpx_group_0235_yamap_2024-04-27_08_04.md,pending_review,,,,,,,,
dec-0297,297,狼ヶ城山,summit-candidate:95a8fa74fd4af7b0,yamap_2024-04-28_07_11.gpx,狼ヶ城山,1376.7700000000002,1380,3.23,0.7875,resolve_conflict,high,gpx_group_0069,review_packets/gpx_groups/gpx_group_0069_yamap_2024-04-28_07_11.md,pending_review,,,,,,,,
dec-0298,298,日浦嶺,summit-candidate:95a8fa74fd4af7b0,yamap_2024-04-28_07_11.gpx,狼ヶ城山,1376.7700000000002,901,475.77,0.6345,resolve_conflict,high,gpx_group_0069,review_packets/gpx_groups/gpx_group_0069_yamap_2024-04-28_07_11.md,pending_review,,,,,,,,
dec-0299,299,打越山,summit-candidate:95a8fa74fd4af7b0,yamap_2024-04-28_07_11.gpx,狼ヶ城山,1376.7700000000002,860,516.77,0.6345,resolve_conflict,high,gpx_group_0069,review_packets/gpx_groups/gpx_group_0069_yamap_2024-04-28_07_11.md,pending_review,,,,,,,,
dec-0300,300,面河山,summit-candidate:22e40e9eb117a033,yamap_2024-05-03_08_45.gpx,面河山,1519.8633333333335,1521,1.14,0.7875,accept_candidate_after_map_check,medium,gpx_group_0267,review_packets/gpx_groups/gpx_group_0267_yamap_2024-05-03_08_45.md,pending_review,,,,,,,,
dec-0301,301,丸笹山,summit-candidate:aa6060fe8a831f45,yamap_2024-05-11_13_46.gpx,丸滝山,1542.9666666666665,1535,7.97,0.7875,accept_candidate_after_map_check,medium,gpx_group_0266,review_packets/gpx_groups/gpx_group_0266_yamap_2024-05-11_13_46.md,pending_review,,,,,,,,
dec-0302,302,丸滝山,summit-candidate:5ec5a611be375a53,yamap_2024-05-11_07_45.gpx,丸笹山,1567.1366666666665,1556,11.14,0.7365,accept_candidate_after_map_check,medium,gpx_group_0223,review_packets/gpx_groups/gpx_group_0223_yamap_2024-05-11_07_45.md,pending_review,,,,,,,,
dec-0303,303,名石山,summit-candidate:ea919bf883e31a7b,yamap_2024-05-15_11_16.gpx,名石山,289.7633333333333,297,7.24,0.7875,accept_candidate_after_map_check,medium,gpx_group_0182,review_packets/gpx_groups/gpx_group_0182_yamap_2024-05-15_11_16.md,pending_review,,,,,,,,
dec-0304,304,青刈山,summit-candidate:588c967023117267,yamap_2022-09-26_14_04.gpx,鏡山,201.48000000000002,342,140.52,0.455,resolve_conflict,high,gpx_group_0044,review_packets/gpx_groups/gpx_group_0044_yamap_2022-09-26_14_04.md,pending_review,,,,,,,,
dec-0305,305,椿山,summit-candidate:1b665bc67a34756a,yamap_2024-06-01_07_14.gpx,椿山,1579.6733333333332,1585,5.33,0.7875,accept_candidate_after_map_check,medium,gpx_group_0230,review_packets/gpx_groups/gpx_group_0230_yamap_2024-06-01_07_14.md,pending_review,,,,,,,,
dec-0306,306,黒森山,summit-candidate:40e090ce41a89b55,yamap_2024-06-08_08_42.gpx,沓掛山・黒森山,1690.4033333333334,1678,12.4,0.7365,resolve_conflict,high,gpx_group_0103,review_packets/gpx_groups/gpx_group_0103_yamap_2024-06-08_08_42.md,pending_review,,,,,,,,
dec-0307,307,沓掛山,summit-candidate:40e090ce41a89b55,yamap_2024-06-08_08_42.gpx,沓掛山・黒森山,1690.4033333333334,1691,0.6,0.7875,resolve_conflict,high,gpx_group_0103,review_packets/gpx_groups/gpx_group_0103_yamap_2024-06-08_08_42.md,pending_review,,,,,,,,
dec-0308,308,二反山,summit-candidate:94e96018c0a5450d,yamap_2024-05-19_08_47.gpx,二反山・青刈山,392.00666666666666,395,2.99,0.506,check_close_alternatives,high,gpx_group_0177,review_packets/gpx_groups/gpx_group_0177_yamap_2024-05-19_08_47.md,pending_review,,,,,,,,
dec-0309,309,平家平,summit-candidate:006436491de34784,yamap_2022-11-26_04_41.gpx,銅山峰・西山・綱繰山・獅子舞の鼻・冠山・平家平,1729.61,1693,36.61,0.6855,resolve_conflict,high,gpx_group_0028,review_packets/gpx_groups/gpx_group_0028_yamap_2022-11-26_04_41.md,pending_review,,,,,,,,
dec-0310,310,薬師山,summit-candidate:02d59cd1260af017,yamap_2024-01-27_10_11.gpx,御串山,62.803333333333335,435,372.2,0.56,resolve_conflict,high,gpx_group_0055,review_packets/gpx_groups/gpx_group_0055_yamap_2024-01-27_10_11.md,pending_review,,,,,,,,
dec-0311,311,子持権現山,summit-candidate:df6b60d513f5518e,yamap_2024-07-06_10_01.gpx,子持権現山・男山・瓶ヶ森,1661.57,1673,11.43,0.7365,accept_candidate_after_map_check,medium,gpx_group_0220,review_packets/gpx_groups/gpx_group_0220_yamap_2024-07-06_10_01.md,pending_review,,,,,,,,
dec-0312,312,男山,summit-candidate:53a6401abf71c488,yamap_2026-05-02_09_29.gpx,男山・瓶ヶ森・台ヶ森,1892.1433333333334,1838,54.14,0.6345,resolve_conflict,high,gpx_group_0114,review_packets/gpx_groups/gpx_group_0114_yamap_2026-05-02_09_29.md,pending_review,,,,,,,,
dec-0313,313,瓶ヶ森,summit-candidate:53a6401abf71c488,yamap_2026-05-02_09_29.gpx,男山・瓶ヶ森・台ヶ森,1892.1433333333334,1897,4.86,0.7875,resolve_conflict,high,gpx_group_0114,review_packets/gpx_groups/gpx_group_0114_yamap_2026-05-02_09_29.md,pending_review,,,,,,,,
dec-0314,314,宅並山,summit-candidate:f1ee81f4d467a28e,yamap_2024-07-08_11_33.gpx,宅並山,191.34803656971437,200,8.65,0.7875,accept_candidate_after_map_check,medium,gpx_group_0213,review_packets/gpx_groups/gpx_group_0213_yamap_2024-07-08_11_33.md,pending_review,,,,,,,,
dec-0315,315,岩屋山,summit-candidate:c9156b7eea77a1b0,yamap_2024-07-28_15_53.gpx,岩屋山,769.7933333333334,786,16.21,0.7365,accept_candidate_after_map_check,medium,gpx_group_0263,review_packets/gpx_groups/gpx_group_0263_yamap_2024-07-28_15_53.md,pending_review,,,,,,,,
dec-0316,316,高縄山,summit-candidate:6ba0d3c6b0fb6b96,yamap_2022-04-09_14_44.gpx,大月山・高縄山,981.3100000000001,993,11.69,0.7365,resolve_conflict,high,gpx_group_0128,review_packets/gpx_groups/gpx_group_0128_yamap_2022-04-09_14_44.md,pending_review,,,,,,,,
dec-0317,317,伊予富士,summit-candidate:6f70c7d3c27fe164,yamap_2024-09-14_07_46.gpx,伊予富士,1746.743333333333,1756,9.26,0.608,check_location_warning,high,gpx_group_0224,review_packets/gpx_groups/gpx_group_0224_yamap_2024-09-14_07_46.md,pending_review,,,,,,,,
dec-0318,318,中津山(明神山),summit-candidate:fec0bb942061619b,yamap_2024-09-23_07_35.gpx,中津山(明神山)・猿越山,1539.5333333333335,1541,1.47,0.7875,accept_candidate_after_map_check,medium,gpx_group_0178,review_packets/gpx_groups/gpx_group_0178_yamap_2024-09-23_07_35.md,pending_review,,,,,,,,
dec-0319,319,猿越山,summit-candidate:eb3b108c5d508377,yamap_2024-09-23_07_35.gpx,中津山(明神山)・猿越山,1459.6666666666667,1435,24.67,0.7365,accept_candidate_after_map_check,medium,gpx_group_0178,review_packets/gpx_groups/gpx_group_0178_yamap_2024-09-23_07_35.md,pending_review,,,,,,,,
dec-0320,320,銅山峰,summit-candidate:006436491de34784,yamap_2022-11-26_04_41.gpx,銅山峰・西山・綱繰山・獅子舞の鼻・冠山・平家平,1729.61,1330,399.61,0.6345,resolve_conflict,high,gpx_group_0028,review_packets/gpx_groups/gpx_group_0028_yamap_2022-11-26_04_41.md,pending_review,,,,,,,,
dec-0321,321,西山,summit-candidate:057580d1c60049b6,yamap_2024-10-05_06_40.gpx,銅山峰・西山・三の森・二の森・一の森,1425.3166666666668,1429,3.68,0.7875,resolve_conflict,high,gpx_group_0087,review_packets/gpx_groups/gpx_group_0087_yamap_2024-10-05_06_40.md,pending_review,,,,,,,,
dec-0322,322,三の森,summit-candidate:057580d1c60049b6,yamap_2024-10-05_06_40.gpx,銅山峰・西山・三の森・二の森・一の森,1425.3166666666668,1154,271.32,0.6345,resolve_conflict,high,gpx_group_0087,review_packets/gpx_groups/gpx_group_0087_yamap_2024-10-05_06_40.md,pending_review,,,,,,,,
dec-0323,323,二の森,summit-candidate:057580d1c60049b6,yamap_2024-10-05_06_40.gpx,銅山峰・西山・三の森・二の森・一の森,1425.3166666666668,1040,385.32,0.6345,resolve_conflict,high,gpx_group_0087,review_packets/gpx_groups/gpx_group_0087_yamap_2024-10-05_06_40.md,pending_review,,,,,,,,
dec-0324,324,一の森,summit-candidate:0dea5d073885dc9d,yamap_2024-10-05_06_40.gpx,銅山峰・西山・三の森・二の森・一の森,831.0900000000001,832,0.91,0.7875,accept_candidate_after_map_check,medium,gpx_group_0087,review_packets/gpx_groups/gpx_group_0087_yamap_2024-10-05_06_40.md,pending_review,,,,,,,,
dec-0325,325,三ッ足山,summit-candidate:8078eb6cc96c519a,yamap_2024-10-14_04_48.gpx,三ッ足山・カガマシ山・橡尾山・笹ヶ峰,1096.6433333333332,1103,6.36,0.7875,resolve_conflict,high,gpx_group_0011,review_packets/gpx_groups/gpx_group_0011_yamap_2024-10-14_04_48.md,pending_review,,,,,,,,
dec-0326,326,カガマシ山,summit-candidate:0886436b79473a6c,yamap_2024-10-14_04_48.gpx,三ッ足山・カガマシ山・橡尾山・笹ヶ峰,1340.51,1343,2.49,0.7875,resolve_conflict,high,gpx_group_0011,review_packets/gpx_groups/gpx_group_0011_yamap_2024-10-14_04_48.md,pending_review,,,,,,,,
dec-0327,327,橡尾山,summit-candidate:0886436b79473a6c,yamap_2024-10-14_04_48.gpx,三ッ足山・カガマシ山・橡尾山・笹ヶ峰,1340.51,1222,118.51,0.6345,resolve_conflict,high,gpx_group_0011,review_packets/gpx_groups/gpx_group_0011_yamap_2024-10-14_04_48.md,pending_review,,,,,,,,
dec-0328,328,笹ヶ峰,summit-candidate:851dc9683d2d7442,yamap_2024-10-14_04_48.gpx,三ッ足山・カガマシ山・橡尾山・笹ヶ峰,1024.2766666666666,1019,5.28,0.7875,accept_candidate_after_map_check,medium,gpx_group_0011,review_packets/gpx_groups/gpx_group_0011_yamap_2024-10-14_04_48.md,pending_review,,,,,,,,
dec-0329,329,ハネズル山,summit-candidate:e2c08955f9275289,yamap_2024-10-20_06_42.gpx,ハネズル山,1291.8700000000001,1299,7.13,0.7875,resolve_conflict,high,gpx_group_0104,review_packets/gpx_groups/gpx_group_0104_yamap_2024-10-20_06_42.md,pending_review,,,,,,,,
dec-0330,330,天堤山,summit-candidate:f54f44da226a4a15,yamap_2024-10-20_11_05.gpx,天堤山,1134.8500000000001,1147,12.15,0.7365,accept_candidate_after_map_check,medium,gpx_group_0242,review_packets/gpx_groups/gpx_group_0242_yamap_2024-10-20_11_05.md,pending_review,,,,,,,,
dec-0331,331,五郎丸,summit-candidate:9cc74b44e1289236,yamap_2024-12-01_06_40.gpx,唐谷山・天狗森・木峰・金見山・高丸・五郎丸・大谷山・龍王山,589.3233333333334,595,5.68,0.7875,resolve_conflict,high,gpx_group_0024,review_packets/gpx_groups/gpx_group_0024_yamap_2024-12-01_06_40.md,pending_review,,,,,,,,
dec-0332,332,高丸,summit-candidate:9cc74b44e1289236,yamap_2024-12-01_06_40.gpx,唐谷山・天狗森・木峰・金見山・高丸・五郎丸・大谷山・龍王山,589.3233333333334,589,0.32,0.7875,resolve_conflict,high,gpx_group_0024,review_packets/gpx_groups/gpx_group_0024_yamap_2024-12-01_06_40.md,pending_review,,,,,,,,
dec-0333,333,金見山,summit-candidate:9cc74b44e1289236,yamap_2024-12-01_06_40.gpx,唐谷山・天狗森・木峰・金見山・高丸・五郎丸・大谷山・龍王山,589.3233333333334,596,6.68,0.7875,resolve_conflict,high,gpx_group_0024,review_packets/gpx_groups/gpx_group_0024_yamap_2024-12-01_06_40.md,pending_review,,,,,,,,
dec-0334,334,木峰,summit-candidate:9cc74b44e1289236,yamap_2024-12-01_06_40.gpx,唐谷山・天狗森・木峰・金見山・高丸・五郎丸・大谷山・龍王山,589.3233333333334,594,4.68,0.7875,resolve_conflict,high,gpx_group_0024,review_packets/gpx_groups/gpx_group_0024_yamap_2024-12-01_06_40.md,pending_review,,,,,,,,
dec-0335,335,天狗森,summit-candidate:9cc74b44e1289236,yamap_2024-12-01_06_40.gpx,唐谷山・天狗森・木峰・金見山・高丸・五郎丸・大谷山・龍王山,589.3233333333334,535,54.32,0.6345,resolve_conflict,high,gpx_group_0024,review_packets/gpx_groups/gpx_group_0024_yamap_2024-12-01_06_40.md,pending_review,,,,,,,,
dec-0336,336,唐谷山,summit-candidate:9cc74b44e1289236,yamap_2024-12-01_06_40.gpx,唐谷山・天狗森・木峰・金見山・高丸・五郎丸・大谷山・龍王山,589.3233333333334,485,104.32,0.6345,resolve_conflict,high,gpx_group_0024,review_packets/gpx_groups/gpx_group_0024_yamap_2024-12-01_06_40.md,pending_review,,,,,,,,
dec-0337,337,龍王山,summit-candidate:9cc74b44e1289236,yamap_2024-12-01_06_40.gpx,唐谷山・天狗森・木峰・金見山・高丸・五郎丸・大谷山・龍王山,589.3233333333334,450,139.32,0.6345,resolve_conflict,high,gpx_group_0024,review_packets/gpx_groups/gpx_group_0024_yamap_2024-12-01_06_40.md,pending_review,,,,,,,,
dec-0338,338,大谷山,summit-candidate:9cc74b44e1289236,yamap_2024-12-01_06_40.gpx,唐谷山・天狗森・木峰・金見山・高丸・五郎丸・大谷山・龍王山,589.3233333333334,507,82.32,0.6345,resolve_conflict,high,gpx_group_0024,review_packets/gpx_groups/gpx_group_0024_yamap_2024-12-01_06_40.md,pending_review,,,,,,,,
dec-0339,339,城山,summit-candidate:9cc74b44e1289236,yamap_2024-12-01_06_40.gpx,唐谷山・天狗森・木峰・金見山・高丸・五郎丸・大谷山・龍王山,589.3233333333334,62,527.32,0.6345,resolve_conflict,high,gpx_group_0024,review_packets/gpx_groups/gpx_group_0024_yamap_2024-12-01_06_40.md,pending_review,,,,,,,,
dec-0340,340,本尊山,summit-candidate:0bd3d051cdb972fd,yamap_2024-12-08_06_59.gpx,本尊山・秋葉山・立烏帽子山・明神山,632.3133333333334,187,445.31,0.6345,resolve_conflict,high,gpx_group_0050,review_packets/gpx_groups/gpx_group_0050_yamap_2024-12-08_06_59.md,pending_review,,,,,,,,
dec-0341,341,秋葉山,summit-candidate:0bd3d051cdb972fd,yamap_2024-12-08_06_59.gpx,本尊山・秋葉山・立烏帽子山・明神山,632.3133333333334,631,1.31,0.7875,resolve_conflict,high,gpx_group_0050,review_packets/gpx_groups/gpx_group_0050_yamap_2024-12-08_06_59.md,pending_review,,,,,,,,
dec-0342,342,立烏帽子山,summit-candidate:f12898f5821b63b8,yamap_2024-12-08_06_59.gpx,本尊山・秋葉山・立烏帽子山・明神山,530.1166666666667,536,5.88,0.7875,accept_candidate_after_map_check,medium,gpx_group_0050,review_packets/gpx_groups/gpx_group_0050_yamap_2024-12-08_06_59.md,pending_review,,,,,,,,
dec-0343,343,明神山,summit-candidate:0bd3d051cdb972fd,yamap_2024-12-08_06_59.gpx,本尊山・秋葉山・立烏帽子山・明神山,632.3133333333334,634,1.69,0.7875,resolve_conflict,high,gpx_group_0050,review_packets/gpx_groups/gpx_group_0050_yamap_2024-12-08_06_59.md,pending_review,,,,,,,,
dec-0344,344,陣が森,summit-candidate:d8270fc572efc0b2,yamap_2024-12-15_07_21.gpx,陣が森・岩が森・スクモ塚・高萩山・長者森,279.05333333333334,538,258.95,0.6345,resolve_conflict,high,gpx_group_0013,review_packets/gpx_groups/gpx_group_0013_yamap_2024-12-15_07_21.md,pending_review,,,,,,,,
dec-0345,345,岩が森,summit-candidate:d8270fc572efc0b2,yamap_2024-12-15_07_21.gpx,陣が森・岩が森・スクモ塚・高萩山・長者森,279.05333333333334,413,133.95,0.6345,resolve_conflict,high,gpx_group_0013,review_packets/gpx_groups/gpx_group_0013_yamap_2024-12-15_07_21.md,pending_review,,,,,,,,
dec-0346,346,スクモ塚,summit-candidate:d8270fc572efc0b2,yamap_2024-12-15_07_21.gpx,陣が森・岩が森・スクモ塚・高萩山・長者森,279.05333333333334,283,3.95,0.7875,resolve_conflict,high,gpx_group_0013,review_packets/gpx_groups/gpx_group_0013_yamap_2024-12-15_07_21.md,pending_review,,,,,,,,
dec-0347,347,高萩山,summit-candidate:f0a03b36c279ddd3,yamap_2024-12-15_07_21.gpx,陣が森・岩が森・スクモ塚・高萩山・長者森,352.79,356,3.21,0.7875,accept_candidate_after_map_check,medium,gpx_group_0013,review_packets/gpx_groups/gpx_group_0013_yamap_2024-12-15_07_21.md,pending_review,,,,,,,,
dec-0348,348,長者森,summit-candidate:bcc05b721653749f,yamap_2024-12-15_07_21.gpx,陣が森・岩が森・スクモ塚・高萩山・長者森,290.3833333333333,293,2.62,0.7875,accept_candidate_after_map_check,medium,gpx_group_0013,review_packets/gpx_groups/gpx_group_0013_yamap_2024-12-15_07_21.md,pending_review,,,,,,,,
dec-0349,349,八倉山,summit-candidate:4416099ca0f9da08,yamap_2024-12-22_10_25.gpx,笹ヶ平山,260.1933333333333,257,3.19,0.7875,resolve_conflict,high,gpx_group_0037,review_packets/gpx_groups/gpx_group_0037_yamap_2024-12-22_10_25.md,pending_review,,,,,,,,
dec-0350,350,行道山,summit-candidate:cfd366be872f9534,yamap_2024-12-22_06_34.gpx,八倉山・行道山・水晶ヶ森,401.8633333333333,371,30.86,0.6855,resolve_conflict,high,gpx_group_0035,review_packets/gpx_groups/gpx_group_0035_yamap_2024-12-22_06_34.md,pending_review,,,,,,,,
dec-0351,351,水晶ヶ森,summit-candidate:cfd366be872f9534,yamap_2024-12-22_06_34.gpx,八倉山・行道山・水晶ヶ森,401.8633333333333,403,1.14,0.7875,resolve_conflict,high,gpx_group_0035,review_packets/gpx_groups/gpx_group_0035_yamap_2024-12-22_06_34.md,pending_review,,,,,,,,
dec-0352,352,笹ヶ平山,summit-candidate:4416099ca0f9da08,yamap_2024-12-22_10_25.gpx,笹ヶ平山,260.1933333333333,261,0.81,0.7875,resolve_conflict,high,gpx_group_0037,review_packets/gpx_groups/gpx_group_0037_yamap_2024-12-22_10_25.md,pending_review,,,,,,,,
dec-0353,353,壺神山,summit-candidate:c58c0ba7145621b9,yamap_2025-01-03_07_19.gpx,壺神山・滝山・足山・皿が森,984.3464928489406,971,13.35,0.7365,accept_candidate_after_map_check,medium,gpx_group_0083,review_packets/gpx_groups/gpx_group_0083_yamap_2025-01-03_07_19.md,pending_review,,,,,,,,
dec-0354,354,滝山,summit-candidate:38105da918da8262,yamap_2025-01-03_07_19.gpx,壺神山・滝山・足山・皿が森,733.0708946789382,726,7.07,0.7875,accept_candidate_after_map_check,medium,gpx_group_0083,review_packets/gpx_groups/gpx_group_0083_yamap_2025-01-03_07_19.md,pending_review,,,,,,,,
dec-0355,355,足山,summit-candidate:0048d4d3a7981b80,yamap_2025-01-03_07_19.gpx,壺神山・滝山・足山・皿が森,697.5172644320495,675,22.52,0.7365,resolve_conflict,high,gpx_group_0083,review_packets/gpx_groups/gpx_group_0083_yamap_2025-01-03_07_19.md,pending_review,,,,,,,,
dec-0356,356,皿が森,summit-candidate:4db5b3ffd85092bf,yamap_2025-01-03_07_19.gpx,壺神山・滝山・足山・皿が森,626.9591280717788,610,16.96,0.7365,accept_candidate_after_map_check,medium,gpx_group_0083,review_packets/gpx_groups/gpx_group_0083_yamap_2025-01-03_07_19.md,pending_review,,,,,,,,
dec-0357,357,尉之山,summit-candidate:12f30719aca26806,yamap_2025-01-11_08_43.gpx,尉之山・小山岳,397.0566666666667,383,14.06,0.7365,resolve_conflict,high,gpx_group_0029,review_packets/gpx_groups/gpx_group_0029_yamap_2025-01-11_08_43.md,pending_review,,,,,,,,
dec-0358,358,小山岳,summit-candidate:7749b785ef007c1a,yamap_2025-01-11_08_43.gpx,尉之山・小山岳,430.1766666666667,435,4.82,0.7875,accept_candidate_after_map_check,medium,gpx_group_0029,review_packets/gpx_groups/gpx_group_0029_yamap_2025-01-11_08_43.md,pending_review,,,,,,,,
dec-0359,359,勝山,summit-candidate:12f30719aca26806,yamap_2025-01-11_08_43.gpx,尉之山・小山岳,397.0566666666667,385,12.06,0.7365,resolve_conflict,high,gpx_group_0029,review_packets/gpx_groups/gpx_group_0029_yamap_2025-01-11_08_43.md,pending_review,,,,,,,,
dec-0360,360,松葉山（松葉城址）,summit-candidate:7a59a4750a70552c,yamap_2025-01-24_13_34.gpx,御篠山・松葉山（松葉城址）・烏殿,400.06,410,9.94,0.7875,accept_candidate_after_map_check,medium,gpx_group_0139,review_packets/gpx_groups/gpx_group_0139_yamap_2025-01-24_13_34.md,pending_review,,,,,,,,
dec-0361,361,烏殿,summit-candidate:d71483d289d0c575,yamap_2025-01-24_13_34.gpx,御篠山・松葉山（松葉城址）・烏殿,583.88,588,4.12,0.7875,accept_candidate_after_map_check,medium,gpx_group_0139,review_packets/gpx_groups/gpx_group_0139_yamap_2025-01-24_13_34.md,pending_review,,,,,,,,
dec-0362,362,御篠山,summit-candidate:2c1cbc474e49f1ec,yamap_2025-01-24_13_34.gpx,御篠山・松葉山（松葉城址）・烏殿,387.82666666666665,384,3.83,0.7875,accept_candidate_after_map_check,medium,gpx_group_0139,review_packets/gpx_groups/gpx_group_0139_yamap_2025-01-24_13_34.md,pending_review,,,,,,,,
dec-0363,363,天が森,summit-candidate:090f7fa4be89ec5e,yamap_2025-01-26_07_09.gpx,天が森・浄心山・銅が鳴,782.4408357907463,393,389.44,0.6345,resolve_conflict,high,gpx_group_0100,review_packets/gpx_groups/gpx_group_0100_yamap_2025-01-26_07_09.md,pending_review,,,,,,,,
dec-0364,364,浄心山,summit-candidate:090f7fa4be89ec5e,yamap_2025-01-26_07_09.gpx,天が森・浄心山・銅が鳴,782.4408357907463,781,1.44,0.7875,resolve_conflict,high,gpx_group_0100,review_packets/gpx_groups/gpx_group_0100_yamap_2025-01-26_07_09.md,pending_review,,,,,,,,
dec-0365,365,銅が鳴,summit-candidate:090f7fa4be89ec5e,yamap_2025-01-26_07_09.gpx,天が森・浄心山・銅が鳴,782.4408357907463,767,15.44,0.7365,resolve_conflict,high,gpx_group_0100,review_packets/gpx_groups/gpx_group_0100_yamap_2025-01-26_07_09.md,pending_review,,,,,,,,
dec-0366,366,弥八山,summit-candidate:0cc40babcd0ce6bf,yamap_2025-01-30_06_55.gpx,弥八山,261.15000000000003,263,1.85,0.7875,accept_candidate_after_map_check,medium,gpx_group_0162,review_packets/gpx_groups/gpx_group_0162_yamap_2025-01-30_06_55.md,pending_review,,,,,,,,
dec-0367,367,西の山,summit-candidate:8cef52d6989a94db,yamap_2025-01-30_10_12.gpx,北山,237.66666666666666,244,6.33,0.7875,resolve_conflict,high,gpx_group_0027,review_packets/gpx_groups/gpx_group_0027_yamap_2025-01-30_10_12.md,pending_review,,,,,,,,
dec-0368,368,北山,summit-candidate:8cef52d6989a94db,yamap_2025-01-30_10_12.gpx,北山,237.66666666666666,241,3.33,0.7875,resolve_conflict,high,gpx_group_0027,review_packets/gpx_groups/gpx_group_0027_yamap_2025-01-30_10_12.md,pending_review,,,,,,,,
dec-0369,369,垣生山,summit-candidate:6c20bef6dc4e973b,yamap_2025-01-30_12_21.gpx,垣生山,103.26298735700367,101,2.26,0.7875,accept_candidate_after_map_check,medium,gpx_group_0163,review_packets/gpx_groups/gpx_group_0163_yamap_2025-01-30_12_21.md,pending_review,,,,,,,,
dec-0370,370,金子山,summit-candidate:3c1e55e6cc05c0ad,yamap_2025-01-30_13_18.gpx,金子山,148.30058041636374,146,2.3,0.7875,accept_candidate_after_map_check,medium,gpx_group_0155,review_packets/gpx_groups/gpx_group_0155_yamap_2025-01-30_13_18.md,pending_review,,,,,,,,
dec-0371,371,八堂山,summit-candidate:bf9808bbf86d5d73,yamap_2025-01-30_14_42.gpx,八堂山,191.83333333333334,193,1.17,0.7875,accept_candidate_after_map_check,medium,gpx_group_0180,review_packets/gpx_groups/gpx_group_0180_yamap_2025-01-30_14_42.md,pending_review,,,,,,,,
dec-0372,372,亀老山,summit-candidate:35b464661fa62df9,yamap_2022-09-15_09_20.gpx,三山,323.2966666666667,301,22.3,0.3645,resolve_conflict,high,gpx_group_0026,review_packets/gpx_groups/gpx_group_0026_yamap_2022-09-15_09_20.md,pending_review,,,,,,,,
dec-0373,373,カレイ山,summit-candidate:b9ae103da9e3136b,yamap_2025-02-09_12_21.gpx,八幡山,211.73666666666668,232,20.26,0.662,resolve_conflict,high,gpx_group_0046,review_packets/gpx_groups/gpx_group_0046_yamap_2025-02-09_12_21.md,pending_review,,,,,,,,
dec-0374,374,念仏山,summit-candidate:110345ef4fb31191,yamap_2025-02-09_08_01.gpx,念仏山,374.65000000000003,381,6.35,0.608,check_location_warning,high,gpx_group_0164,review_packets/gpx_groups/gpx_group_0164_yamap_2025-02-09_08_01.md,pending_review,,,,,,,,
dec-0375,375,大頭山,summit-candidate:afc2e407c1d6b464,yamap_2025-02-09_09_27.gpx,大頭山,260.3866666666667,264,3.61,0.608,check_location_warning,high,gpx_group_0189,review_packets/gpx_groups/gpx_group_0189_yamap_2025-02-09_09_27.md,pending_review,,,,,,,,
dec-0376,376,高取山,summit-candidate:b9ae103da9e3136b,yamap_2025-02-09_12_21.gpx,八幡山,211.73666666666668,252,40.26,0.611,resolve_conflict,high,gpx_group_0046,review_packets/gpx_groups/gpx_group_0046_yamap_2025-02-09_12_21.md,pending_review,,,,,,,,
dec-0377,377,八幡山,summit-candidate:b9ae103da9e3136b,yamap_2025-02-09_12_21.gpx,八幡山,211.73666666666668,212,0.26,0.713,resolve_conflict,high,gpx_group_0046,review_packets/gpx_groups/gpx_group_0046_yamap_2025-02-09_12_21.md,pending_review,,,,,,,,
dec-0378,378,要害山,summit-candidate:0005c0040c7c7966,yamap_2025-02-11_08_43.gpx,要害山,92.21,107,14.79,0.7365,accept_candidate_after_map_check,medium,gpx_group_0225,review_packets/gpx_groups/gpx_group_0225_yamap_2025-02-11_08_43.md,pending_review,,,,,,,,
dec-0379,379,高穴山,summit-candidate:a0b87feaf88e526d,yamap_2025-02-11_09_46.gpx,高穴山,282.46000000000004,292,9.54,0.7875,accept_candidate_after_map_check,medium,gpx_group_0173,review_packets/gpx_groups/gpx_group_0173_yamap_2025-02-11_09_46.md,pending_review,,,,,,,,
dec-0380,380,高仙山,summit-candidate:3807e62715de33f9,yamap_2025-02-11_13_28.gpx,高仙山,240.99666666666667,248,7,0.7875,accept_candidate_after_map_check,medium,gpx_group_0190,review_packets/gpx_groups/gpx_group_0190_yamap_2025-02-11_13_28.md,pending_review,,,,,,,,
dec-0381,381,霊仙山,summit-candidate:47b61397fb9c5d3f,yamap_2025-02-24_10_12.gpx,霊仙山,152.43333333333337,156,3.57,0.7875,resolve_conflict,high,gpx_group_0018,review_packets/gpx_groups/gpx_group_0018_yamap_2025-02-24_10_12.md,pending_review,,,,,,,,
dec-0382,382,若いもん山,summit-candidate:47b61397fb9c5d3f,yamap_2025-02-24_10_12.gpx,霊仙山,152.43333333333337,127,25.43,0.7365,resolve_conflict,high,gpx_group_0018,review_packets/gpx_groups/gpx_group_0018_yamap_2025-02-24_10_12.md,pending_review,,,,,,,,
dec-0383,383,無宗天山,summit-candidate:0f09bdcc25daff65,yamap_2025-02-24_07_30.gpx,無宗天山,311.96,313,1.04,0.7875,accept_candidate_after_map_check,medium,gpx_group_0157,review_packets/gpx_groups/gpx_group_0157_yamap_2025-02-24_07_30.md,pending_review,,,,,,,,
dec-0384,384,綱付山,summit-candidate:f19fd681c4c84753,yamap_2025-02-28_07_34.gpx,綱付山・幻城上城,516.7233333333334,519,2.28,0.7875,accept_candidate_after_map_check,medium,gpx_group_0158,review_packets/gpx_groups/gpx_group_0158_yamap_2025-02-28_07_34.md,pending_review,,,,,,,,
dec-0385,385,幻城上城,summit-candidate:e4f762179d85915d,yamap_2025-02-28_07_34.gpx,綱付山・幻城上城,477.85999999999996,479,1.14,0.7875,accept_candidate_after_map_check,medium,gpx_group_0158,review_packets/gpx_groups/gpx_group_0158_yamap_2025-02-28_07_34.md,pending_review,,,,,,,,
dec-0386,386,幻城下城,summit-candidate:2129bbc9c3950a91,yamap_2025-02-28_10_24.gpx,幻城下城,243.64333333333335,245,1.36,0.7875,accept_candidate_after_map_check,medium,gpx_group_0201,review_packets/gpx_groups/gpx_group_0201_yamap_2025-02-28_10_24.md,pending_review,,,,,,,,
dec-0387,387,階上山,summit-candidate:276fed5ecb7b3eb4,yamap_2025-03-02_13_17.gpx,階上山,893.9066666666668,898,4.09,0.7875,accept_candidate_after_map_check,medium,gpx_group_0246,review_packets/gpx_groups/gpx_group_0246_yamap_2025-03-02_13_17.md,pending_review,,,,,,,,
dec-0388,388,姫政山,summit-candidate:d456af62868c5044,yamap_2025-03-10_08_18.gpx,姫政山,268.5833333333333,277,8.42,0.608,check_location_warning,high,gpx_group_0165,review_packets/gpx_groups/gpx_group_0165_yamap_2025-03-10_08_18.md,pending_review,,,,,,,,
dec-0389,389,館山,summit-candidate:6b836f5beefdd52c,yamap_2025-03-10_10_25.gpx,館山,218.65,230,11.35,0.662,accept_candidate_after_map_check,medium,gpx_group_0195,review_packets/gpx_groups/gpx_group_0195_yamap_2025-03-10_10_25.md,pending_review,,,,,,,,
dec-0390,390,高森山,summit-candidate:682d61b87016166b,yamap_2025-03-17_13_17.gpx,高森山,307.18333333333334,309,1.82,0.7875,accept_candidate_after_map_check,medium,gpx_group_0156,review_packets/gpx_groups/gpx_group_0156_yamap_2025-03-17_13_17.md,pending_review,,,,,,,,
dec-0391,391,大登山,summit-candidate:230b9847a05c8052,yamap_2025-03-17_14_08.gpx,大登山,362.42333333333335,364,1.58,0.7875,accept_candidate_after_map_check,medium,gpx_group_0166,review_packets/gpx_groups/gpx_group_0166_yamap_2025-03-17_14_08.md,pending_review,,,,,,,,
dec-0392,392,高山,summit-candidate:c9aa57cdeb1b49fa,yamap_2025-03-20_08_27.gpx,高山・大里山・泰ノ山,105.34333333333332,149,43.66,0.611,resolve_conflict,high,gpx_group_0116,review_packets/gpx_groups/gpx_group_0116_yamap_2025-03-20_08_27.md,pending_review,,,,,,,,
dec-0393,393,泰ノ山,summit-candidate:98457196a66e294d,yamap_2025-03-20_08_27.gpx,高山・大里山・泰ノ山,282.75666666666666,289,6.24,0.713,accept_candidate_after_map_check,medium,gpx_group_0116,review_packets/gpx_groups/gpx_group_0116_yamap_2025-03-20_08_27.md,pending_review,,,,,,,,
dec-0394,394,大里山,summit-candidate:fe8f624bdaa57afd,yamap_2025-03-20_08_27.gpx,高山・大里山・泰ノ山,288.9433333333333,296,7.06,0.713,resolve_conflict,high,gpx_group_0116,review_packets/gpx_groups/gpx_group_0116_yamap_2025-03-20_08_27.md,pending_review,,,,,,,,
dec-0395,395,北ヶ森,summit-candidate:dedadc05e5f6d5d5,yamap_2025-03-23_11_12.gpx,北ヶ森・高土の峰,1008.4066666666666,1010,1.59,0.7875,resolve_conflict,high,gpx_group_0098,review_packets/gpx_groups/gpx_group_0098_yamap_2025-03-23_11_12.md,pending_review,,,,,,,,
dec-0396,396,高土の峰,summit-candidate:dedadc05e5f6d5d5,yamap_2025-03-23_11_12.gpx,北ヶ森・高土の峰,1008.4066666666666,794,214.41,0.455,resolve_conflict,high,gpx_group_0098,review_packets/gpx_groups/gpx_group_0098_yamap_2025-03-23_11_12.md,pending_review,,,,,,,,
dec-0397,397,竜王山,summit-candidate:5f3f2f47d84464c4,yamap_2025-03-30_09_12.gpx,一ヶ森,605.2468947172716,460,145.25,0.6345,accept_candidate_after_map_check,medium,gpx_group_0184,review_packets/gpx_groups/gpx_group_0184_yamap_2025-03-30_09_12.md,pending_review,,,,,,,,
dec-0398,398,岳山,summit-candidate:13aa9354da4eb6d6,yamap_2025-03-30_12_56.gpx,京の森・大迫山,572.4394591518229,606,33.56,0.6855,resolve_conflict,high,gpx_group_0053,review_packets/gpx_groups/gpx_group_0053_yamap_2025-03-30_12_56.md,pending_review,,,,,,,,
dec-0399,399,一ヶ森,summit-candidate:13aa9354da4eb6d6,yamap_2025-03-30_12_56.gpx,京の森・大迫山,572.4394591518229,597,24.56,0.7365,resolve_conflict,high,gpx_group_0053,review_packets/gpx_groups/gpx_group_0053_yamap_2025-03-30_12_56.md,pending_review,,,,,,,,
dec-0400,400,愛の森,summit-candidate:62d2811f5d1a9f29,yamap_2025-03-30_07_01.gpx,竜王山,459.07666666666665,466,6.92,0.7875,accept_candidate_after_map_check,medium,gpx_group_0196,review_packets/gpx_groups/gpx_group_0196_yamap_2025-03-30_07_01.md,pending_review,,,,,,,,
dec-0401,401,京の森,summit-candidate:13aa9354da4eb6d6,yamap_2025-03-30_12_56.gpx,京の森・大迫山,572.4394591518229,545,27.44,0.7365,resolve_conflict,high,gpx_group_0053,review_packets/gpx_groups/gpx_group_0053_yamap_2025-03-30_12_56.md,pending_review,,,,,,,,
dec-0402,402,大迫山,summit-candidate:13aa9354da4eb6d6,yamap_2025-03-30_12_56.gpx,京の森・大迫山,572.4394591518229,559,13.44,0.7365,resolve_conflict,high,gpx_group_0053,review_packets/gpx_groups/gpx_group_0053_yamap_2025-03-30_12_56.md,pending_review,,,,,,,,
dec-0403,403,船山,summit-candidate:2a670286f545beb2,yamap_2023-04-09_09_08.gpx,菊ヶ森・餓鬼ヶ森,910.6433333333334,910,0.64,0.49,resolve_conflict,high,gpx_group_0084,review_packets/gpx_groups/gpx_group_0084_yamap_2023-04-09_09_08.md,pending_review,,,,,,,,
dec-0404,404,コクゾ峰,summit-candidate:94e39d837730a5c7,yamap_2025-04-04_06_19.gpx,コクゾ峰,822.6366666666667,824,1.36,0.7875,accept_candidate_after_map_check,medium,gpx_group_0247,review_packets/gpx_groups/gpx_group_0247_yamap_2025-04-04_06_19.md,pending_review,,,,,,,,
dec-0405,405,加塚山,summit-candidate:cdd4a9ba931c816e,yamap_2025-04-06_08_48.gpx,加塚山,1069.8255484698216,1065,4.83,0.7875,accept_candidate_after_map_check,medium,gpx_group_0118,review_packets/gpx_groups/gpx_group_0118_yamap_2025-04-06_08_48.md,pending_review,,,,,,,,
dec-0406,406,新谷神南山,summit-candidate:6342f0069cd164e8,yamap_2025-04-09_06_48.gpx,新谷神南山・五十崎神南山,649.24,654,4.76,0.7875,resolve_conflict,high,gpx_group_0065,review_packets/gpx_groups/gpx_group_0065_yamap_2025-04-09_06_48.md,pending_review,,,,,,,,
dec-0407,407,五十崎神南山,summit-candidate:6342f0069cd164e8,yamap_2025-04-09_06_48.gpx,新谷神南山・五十崎神南山,649.24,710,60.76,0.6345,resolve_conflict,high,gpx_group_0065,review_packets/gpx_groups/gpx_group_0065_yamap_2025-04-09_06_48.md,pending_review,,,,,,,,
dec-0408,408,笠成山,summit-candidate:81081ef1b6e58a79,yamap_2025-04-14_05_56.gpx,笠成山,711,713,2,0.7875,accept_candidate_after_map_check,medium,gpx_group_0243,review_packets/gpx_groups/gpx_group_0243_yamap_2025-04-14_05_56.md,pending_review,,,,,,,,
dec-0409,409,小屋山,summit-candidate:422a9e74717ca96d,yamap_2025-04-19_07_10.gpx,小屋山・丸石山,1341.5,1344,2.5,0.7875,accept_candidate_after_map_check,medium,gpx_group_0119,review_packets/gpx_groups/gpx_group_0119_yamap_2025-04-19_07_10.md,pending_review,,,,,,,,
dec-0410,410,丸石山,summit-candidate:0cc9c1186612ceaa,yamap_2025-04-19_07_10.gpx,小屋山・丸石山,1297.49,1327,29.51,0.557,resolve_conflict,high,gpx_group_0119,review_packets/gpx_groups/gpx_group_0119_yamap_2025-04-19_07_10.md,pending_review,,,,,,,,
dec-0411,411,野地峰,summit-candidate:8326f30918c16cbe,yamap_2025-04-27_06_23.gpx,野地峰・黒岩山・大野山,1061.7766666666666,1279,217.22,0.6345,resolve_conflict,high,gpx_group_0097,review_packets/gpx_groups/gpx_group_0097_yamap_2025-04-27_06_23.md,pending_review,,,,,,,,
dec-0412,412,黒岩山,summit-candidate:8326f30918c16cbe,yamap_2025-04-27_06_23.gpx,野地峰・黒岩山・大野山,1061.7766666666666,1350,288.22,0.6345,resolve_conflict,high,gpx_group_0097,review_packets/gpx_groups/gpx_group_0097_yamap_2025-04-27_06_23.md,pending_review,,,,,,,,
dec-0413,413,大野山,summit-candidate:8326f30918c16cbe,yamap_2025-04-27_06_23.gpx,野地峰・黒岩山・大野山,1061.7766666666666,1400,338.22,0.6345,resolve_conflict,high,gpx_group_0097,review_packets/gpx_groups/gpx_group_0097_yamap_2025-04-27_06_23.md,pending_review,,,,,,,,
dec-0414,414,水なし山,summit-candidate:403c0894babcf279,yamap_2025-06-21_08_53.gpx,貝渚山・水なし山,1403.506666666667,1406,2.49,0.7875,resolve_conflict,high,gpx_group_0099,review_packets/gpx_groups/gpx_group_0099_yamap_2025-06-21_08_53.md,pending_review,,,,,,,,
dec-0415,415,貝渚山,summit-candidate:403c0894babcf279,yamap_2025-06-21_08_53.gpx,貝渚山・水なし山,1403.506666666667,1422,18.49,0.7365,resolve_conflict,high,gpx_group_0099,review_packets/gpx_groups/gpx_group_0099_yamap_2025-06-21_08_53.md,pending_review,,,,,,,,
dec-0416,416,谷崎山,summit-candidate:0d157ed871f76807,yamap_2025-07-06_07_10.gpx,谷崎山,1210.7966666666669,1203,7.8,0.7875,resolve_conflict,high,gpx_group_0061,review_packets/gpx_groups/gpx_group_0061_yamap_2025-07-06_07_10.md,pending_review,,,,,,,,
dec-0417,417,東黒森,summit-candidate:0d157ed871f76807,yamap_2025-07-06_07_10.gpx,谷崎山,1210.7966666666669,1733,522.2,0.6345,resolve_conflict,high,gpx_group_0061,review_packets/gpx_groups/gpx_group_0061_yamap_2025-07-06_07_10.md,pending_review,,,,,,,,
dec-0418,418,伊吹山,summit-candidate:e79e77da4bfd1f13,yamap_2025-07-06_12_03.gpx,伊吹山,1506.6639933943752,1503,3.66,0.7875,accept_candidate_after_map_check,medium,gpx_group_0261,review_packets/gpx_groups/gpx_group_0261_yamap_2025-07-06_12_03.md,pending_review,,,,,,,,
dec-0419,419,小牛城,summit-candidate:ba78489e4d448645,yamap_2025-08-15_10_51.gpx,小牛城,1141.42,1142,0.58,0.7875,accept_candidate_after_map_check,medium,gpx_group_0231,review_packets/gpx_groups/gpx_group_0231_yamap_2025-08-15_10_51.md,pending_review,,,,,,,,
dec-0420,420,正木ノ森,summit-candidate:1c085703f9a891aa,yamap_2025-08-15_12_44.gpx,正木ノ森,1363.1366666666665,1365,1.86,0.7875,resolve_conflict,high,gpx_group_0082,review_packets/gpx_groups/gpx_group_0082_yamap_2025-08-15_12_44.md,pending_review,,,,,,,,
dec-0421,421,五段城,summit-candidate:1c085703f9a891aa,yamap_2025-08-15_12_44.gpx,正木ノ森,1363.1366666666665,1455,91.86,0.6345,resolve_conflict,high,gpx_group_0082,review_packets/gpx_groups/gpx_group_0082_yamap_2025-08-15_12_44.md,pending_review,,,,,,,,
dec-0422,422,天狗ノ森,summit-candidate:1c085703f9a891aa,yamap_2025-08-15_12_44.gpx,正木ノ森,1363.1366666666665,1485,121.86,0.6345,resolve_conflict,high,gpx_group_0082,review_packets/gpx_groups/gpx_group_0082_yamap_2025-08-15_12_44.md,pending_review,,,,,,,,
dec-0423,423,鶴ノ子ノ頭,summit-candidate:65906dbbd6e5b747,yamap_2025-09-07_08_00.gpx,鶴ノ子ノ頭・石鎚山,1647.683322091346,1637,10.68,0.7365,resolve_conflict,high,gpx_group_0110,review_packets/gpx_groups/gpx_group_0110_yamap_2025-09-07_08_00.md,pending_review,,,,,,,,
dec-0424,424,千秋寺山,summit-candidate:084fa7c9e55252dc,yamap_2026-03-11_10_35.gpx,野津子山・軽ノ山,165.84333333333333,157,8.84,0.49,resolve_conflict,high,gpx_group_0049,review_packets/gpx_groups/gpx_group_0049_yamap_2026-03-11_10_35.md,pending_review,,,,,,,,
dec-0425,425,黒川山,summit-candidate:6b97922a3935a9a5,yamap_2025-09-21_08_53.gpx,前社ヶ森・剣山・黒川山,1354.6866666666667,1365,10.31,0.7365,accept_candidate_after_map_check,medium,gpx_group_0113,review_packets/gpx_groups/gpx_group_0113_yamap_2025-09-21_08_53.md,pending_review,,,,,,,,
dec-0426,426,前社ヶ森,summit-candidate:109bc31ba8b3aa15,yamap_2025-09-21_08_53.gpx,前社ヶ森・剣山・黒川山,1627.0833333333333,1592,35.08,0.6855,resolve_conflict,high,gpx_group_0113,review_packets/gpx_groups/gpx_group_0113_yamap_2025-09-21_08_53.md,pending_review,,,,,,,,
dec-0427,427,剣山,summit-candidate:109bc31ba8b3aa15,yamap_2025-09-21_08_53.gpx,前社ヶ森・剣山・黒川山,1627.0833333333333,1627,0.08,0.7875,resolve_conflict,high,gpx_group_0113,review_packets/gpx_groups/gpx_group_0113_yamap_2025-09-21_08_53.md,pending_review,,,,,,,,
dec-0428,428,東光森山,summit-candidate:6358c7fb40ce841e,yamap_2025-09-27_06_52.gpx,東光森山・別子山,1480.9266666666665,1486,5.07,0.7875,accept_candidate_after_map_check,medium,gpx_group_0085,review_packets/gpx_groups/gpx_group_0085_yamap_2025-09-27_06_52.md,pending_review,,,,,,,,
dec-0429,429,別子山,summit-candidate:69652a1c97f3b2eb,yamap_2025-09-27_06_52.gpx,東光森山・別子山,1369.4399999999998,1374,4.56,0.7875,resolve_conflict,high,gpx_group_0085,review_packets/gpx_groups/gpx_group_0085_yamap_2025-09-27_06_52.md,pending_review,,,,,,,,
dec-0430,430,三ッ森山,summit-candidate:8f124a2a1de32654,yamap_2025-10-05_08_42.gpx,三ッ森山・大座礼山,1423.7,1429,5.3,0.7875,resolve_conflict,high,gpx_group_0102,review_packets/gpx_groups/gpx_group_0102_yamap_2025-10-05_08_42.md,pending_review,,,,,,,,
dec-0431,431,大座礼山,summit-candidate:8f124a2a1de32654,yamap_2025-10-05_08_42.gpx,三ッ森山・大座礼山,1423.7,1587,163.3,0.6345,resolve_conflict,high,gpx_group_0102,review_packets/gpx_groups/gpx_group_0102_yamap_2025-10-05_08_42.md,pending_review,,,,,,,,
dec-0432,432,三つ足山,summit-candidate:565ba3761956d9b3,yamap_2025-10-11_06_24.gpx,大森山・佐々連尾山・三つ足山,1426.5633333333335,1452,25.44,0.7365,resolve_conflict,high,gpx_group_0093,review_packets/gpx_groups/gpx_group_0093_yamap_2025-10-11_06_24.md,pending_review,,,,,,,,
dec-0433,433,大森山,summit-candidate:565ba3761956d9b3,yamap_2025-10-11_06_24.gpx,大森山・佐々連尾山・三つ足山,1426.5633333333335,1433,6.44,0.7875,resolve_conflict,high,gpx_group_0093,review_packets/gpx_groups/gpx_group_0093_yamap_2025-10-11_06_24.md,pending_review,,,,,,,,
dec-0434,434,佐々連尾山,summit-candidate:565ba3761956d9b3,yamap_2025-10-11_06_24.gpx,大森山・佐々連尾山・三つ足山,1426.5633333333335,1404,22.56,0.7365,resolve_conflict,high,gpx_group_0093,review_packets/gpx_groups/gpx_group_0093_yamap_2025-10-11_06_24.md,pending_review,,,,,,,,
dec-0435,435,東ノ冠岳,summit-candidate:b73a23fa4b3abc39,yamap_2023-09-06_13_30.gpx,冠岳,1375.6266666666668,1920,544.37,0.575,resolve_conflict,high,gpx_group_0089,review_packets/gpx_groups/gpx_group_0089_yamap_2023-09-06_13_30.md,pending_review,,,,,,,,
dec-0436,436,大峰,summit-candidate:1946316119cd7251,yamap_2025-10-23_15_58.gpx,大峰,362.5859909540507,358,4.59,0.7875,accept_candidate_after_map_check,medium,gpx_group_0185,review_packets/gpx_groups/gpx_group_0185_yamap_2025-10-23_15_58.md,pending_review,,,,,,,,
dec-0437,437,堂堂山,summit-candidate:f3bf8b21a01f29ef,yamap_2025-10-23_16_38.gpx,堂堂山,408.84971455495605,403,5.85,0.7875,accept_candidate_after_map_check,medium,gpx_group_0186,review_packets/gpx_groups/gpx_group_0186_yamap_2025-10-23_16_38.md,pending_review,,,,,,,,
dec-0438,438,堂所山,summit-candidate:192b785fe79890e5,yamap_2025-10-26_11_45.gpx,堂所山,592.0266666666666,593,0.97,0.7875,accept_candidate_after_map_check,medium,gpx_group_0232,review_packets/gpx_groups/gpx_group_0232_yamap_2025-10-26_11_45.md,pending_review,,,,,,,,
dec-0439,439,天満山,summit-candidate:69652a1c97f3b2eb,yamap_2025-09-27_06_52.gpx,東光森山・別子山,1369.4399999999998,1360,9.44,0.49,resolve_conflict,high,gpx_group_0085,review_packets/gpx_groups/gpx_group_0085_yamap_2025-09-27_06_52.md,pending_review,,,,,,,,
dec-0440,440,霧立山,summit-candidate:b319c20dc9ecb5f1,yamap_2025-12-06_08_06.gpx,霧立山・地蔵山,1106.7248732843473,1096,10.72,0.7365,accept_candidate_after_map_check,medium,gpx_group_0221,review_packets/gpx_groups/gpx_group_0221_yamap_2025-12-06_08_06.md,pending_review,,,,,,,,
dec-0441,441,地蔵山,summit-candidate:9fe4d21715424f17,yamap_2025-12-06_08_06.gpx,霧立山・地蔵山,1139.8423907433491,1126,13.84,0.7365,accept_candidate_after_map_check,medium,gpx_group_0221,review_packets/gpx_groups/gpx_group_0221_yamap_2025-12-06_08_06.md,pending_review,,,,,,,,
dec-0442,442,天道ヶ頭,summit-candidate:8d1f2bd134bed04d,yamap_2025-12-10_11_40.gpx,天道ヶ頭,507.77,510,2.23,0.7875,accept_candidate_after_map_check,medium,gpx_group_0236,review_packets/gpx_groups/gpx_group_0236_yamap_2025-12-10_11_40.md,pending_review,,,,,,,,
dec-0443,443,根太山,summit-candidate:b1bd2a482a691bd8,yamap_2025-12-14_12_03.gpx,根太山,285.99333333333334,299,13.01,0.7365,accept_candidate_after_map_check,medium,gpx_group_0161,review_packets/gpx_groups/gpx_group_0161_yamap_2025-12-14_12_03.md,pending_review,,,,,,,,
dec-0444,444,紅葉山,summit-candidate:6b62cbb916ef874d,yamap_2025-12-14_08_56.gpx,梁瀬山・紅葉山,371.28,376,4.72,0.7875,resolve_conflict,high,gpx_group_0030,review_packets/gpx_groups/gpx_group_0030_yamap_2025-12-14_08_56.md,pending_review,,,,,,,,
dec-0445,445,梁瀬山,summit-candidate:6b62cbb916ef874d,yamap_2025-12-14_08_56.gpx,梁瀬山・紅葉山,371.28,372,0.72,0.7875,resolve_conflict,high,gpx_group_0030,review_packets/gpx_groups/gpx_group_0030_yamap_2025-12-14_08_56.md,pending_review,,,,,,,,
dec-0446,446,池ノ城山,summit-candidate:f028aab45221cee6,yamap_2025-12-20_07_28.gpx,池ノ城山,599.1233333333333,589,10.12,0.7365,resolve_conflict,high,gpx_group_0062,review_packets/gpx_groups/gpx_group_0062_yamap_2025-12-20_07_28.md,pending_review,,,,,,,,
dec-0447,447,峠ヶ森,summit-candidate:e7b64a377534c79e,yamap_2026-01-04_11_16.gpx,峠ヶ森,217.52368147012137,202,15.52,0.7365,accept_candidate_after_map_check,medium,gpx_group_0202,review_packets/gpx_groups/gpx_group_0202_yamap_2026-01-04_11_16.md,pending_review,,,,,,,,
dec-0448,448,雨森山,summit-candidate:730e21bca5cdf60d,yamap_2026-01-04_08_20.gpx,雨森山,312.2633333333334,302,10.26,0.7365,accept_candidate_after_map_check,medium,gpx_group_0174,review_packets/gpx_groups/gpx_group_0174_yamap_2026-01-04_08_20.md,pending_review,,,,,,,,
dec-0449,449,御在所山,summit-candidate:17c3649ad9b147ce,yamap_2026-01-07_07_05.gpx,御在所山,665.1833333333333,668,2.82,0.7875,resolve_conflict,high,gpx_group_0095,review_packets/gpx_groups/gpx_group_0095_yamap_2026-01-07_07_05.md,pending_review,,,,,,,,
dec-0450,450,高雄山,summit-candidate:a271a6c73ad11b69,yamap_2026-01-07_09_14.gpx,高雄山,382.21000000000004,388,5.79,0.608,resolve_conflict,high,gpx_group_0121,review_packets/gpx_groups/gpx_group_0121_yamap_2026-01-07_09_14.md,pending_review,,,,,,,,
dec-0451,451,陣が森岳,summit-candidate:1fd59e0e67624706,yamap_2026-01-11_10_38.gpx,陣が森岳,620.0533333333333,620,0.05,0.7875,accept_candidate_after_map_check,medium,gpx_group_0214,review_packets/gpx_groups/gpx_group_0214_yamap_2026-01-11_10_38.md,pending_review,,,,,,,,
dec-0452,452,黒岩岳,summit-candidate:61304308f9a58d0d,yamap_2026-01-11_07_50.gpx,黒岩岳,694.3566666666667,698,3.64,0.7875,accept_candidate_after_map_check,medium,gpx_group_0248,review_packets/gpx_groups/gpx_group_0248_yamap_2026-01-11_07_50.md,pending_review,,,,,,,,
dec-0453,453,大判山,summit-candidate:fa9a4432fbf76027,yamap_2026-01-18_06_03.gpx,大判山,791.2866666666665,798,6.71,0.7875,resolve_conflict,high,gpx_group_0096,review_packets/gpx_groups/gpx_group_0096_yamap_2026-01-18_06_03.md,pending_review,,,,,,,,
dec-0454,454,竜王の峰,summit-candidate:51c8bc6a368c422c,yamap_2026-01-18_09_11.gpx,竜王の峰,542.5079186549784,534,8.51,0.7875,resolve_conflict,high,gpx_group_0073,review_packets/gpx_groups/gpx_group_0073_yamap_2026-01-18_09_11.md,pending_review,,,,,,,,
dec-0455,455,船ヶ迫岳,summit-candidate:4a22801b12460992,yamap_2026-01-25_07_43.gpx,船ヶ迫岳・鎌倉山,676.61,631,45.61,0.6855,resolve_conflict,high,gpx_group_0092,review_packets/gpx_groups/gpx_group_0092_yamap_2026-01-25_07_43.md,pending_review,,,,,,,,
dec-0456,456,鎌倉山,summit-candidate:4a22801b12460992,yamap_2026-01-25_07_43.gpx,船ヶ迫岳・鎌倉山,676.61,681,4.39,0.7875,resolve_conflict,high,gpx_group_0092,review_packets/gpx_groups/gpx_group_0092_yamap_2026-01-25_07_43.md,pending_review,,,,,,,,
dec-0457,457,槇ノ山,summit-candidate:f39b40bd0d9b0192,yamap_2026-01-31_07_40.gpx,槇ノ山,433.24,439,5.76,0.7875,accept_candidate_after_map_check,medium,gpx_group_0135,review_packets/gpx_groups/gpx_group_0135_yamap_2026-01-31_07_40.md,pending_review,,,,,,,,
dec-0458,458,遠見山,summit-candidate:e55456349660bd14,yamap_2026-01-31_10_49.gpx,遠見山,325.42,322,3.42,0.7875,accept_candidate_after_map_check,medium,gpx_group_0167,review_packets/gpx_groups/gpx_group_0167_yamap_2026-01-31_10_49.md,pending_review,,,,,,,,
dec-0459,459,高森山,summit-candidate:a9b00b48e0c94eab,yamap_2026-01-31_13_52.gpx,高森山,631.8566666666667,634,2.14,0.608,resolve_conflict,high,gpx_group_0126,review_packets/gpx_groups/gpx_group_0126_yamap_2026-01-31_13_52.md,pending_review,,,,,,,,
dec-0460,460,牛の峰,summit-candidate:bd8fda9e743f2008,yamap_2026-02-07_07_21.gpx,牛の峰・尻高峰,681.2333333333333,660,21.23,0.7365,accept_candidate_after_map_check,medium,gpx_group_0123,review_packets/gpx_groups/gpx_group_0123_yamap_2026-02-07_07_21.md,pending_review,,,,,,,,
dec-0461,461,尻高峰,summit-candidate:6adfa15b8dbd8966,yamap_2026-02-07_07_21.gpx,牛の峰・尻高峰,756.9766666666668,566,190.98,0.6345,resolve_conflict,high,gpx_group_0123,review_packets/gpx_groups/gpx_group_0123_yamap_2026-02-07_07_21.md,pending_review,,,,,,,,
dec-0462,462,鞍掛山,summit-candidate:6b19d2116121b615,yamap_2026-02-07_11_17.gpx,鞍掛山,624.4499999999999,629,4.55,0.7875,accept_candidate_after_map_check,medium,gpx_group_0226,review_packets/gpx_groups/gpx_group_0226_yamap_2026-02-07_11_17.md,pending_review,,,,,,,,
dec-0463,463,大畑山,summit-candidate:6756239601754708,yamap_2026-02-14_13_33.gpx,権現山,358.1833333333334,645,286.82,0.6345,resolve_conflict,high,gpx_group_0008,review_packets/gpx_groups/gpx_group_0008_yamap_2026-02-14_13_33.md,pending_review,,,,,,,,
dec-0464,464,飯之山,summit-candidate:6756239601754708,yamap_2026-02-14_13_33.gpx,権現山,358.1833333333334,320,38.18,0.6855,resolve_conflict,high,gpx_group_0008,review_packets/gpx_groups/gpx_group_0008_yamap_2026-02-14_13_33.md,pending_review,,,,,,,,
dec-0465,465,権現山,summit-candidate:6756239601754708,yamap_2026-02-14_13_33.gpx,権現山,358.1833333333334,364,5.82,0.7875,resolve_conflict,high,gpx_group_0008,review_packets/gpx_groups/gpx_group_0008_yamap_2026-02-14_13_33.md,pending_review,,,,,,,,
dec-0466,466,大森山,summit-candidate:b3cf76c035511afe,yamap_2026-02-22_06_23.gpx,大森山,737.4383606793477,729,8.44,0.7875,accept_candidate_after_map_check,medium,gpx_group_0217,review_packets/gpx_groups/gpx_group_0217_yamap_2026-02-22_06_23.md,pending_review,,,,,,,,
dec-0467,467,高森山,summit-candidate:f55ffb534aa2ae4c,yamap_2026-02-22_07_32.gpx,高森山・町木山・寒台山・鎧掛山,825.9826876717713,819,6.98,0.7875,accept_candidate_after_map_check,medium,gpx_group_0043,review_packets/gpx_groups/gpx_group_0043_yamap_2026-02-22_07_32.md,pending_review,,,,,,,,
dec-0468,468,町木山,summit-candidate:19ab381ef6c337af,yamap_2026-02-22_07_32.gpx,高森山・町木山・寒台山・鎧掛山,993.1336935716172,982,11.13,0.7365,accept_candidate_after_map_check,medium,gpx_group_0043,review_packets/gpx_groups/gpx_group_0043_yamap_2026-02-22_07_32.md,pending_review,,,,,,,,
dec-0469,469,寒台山,summit-candidate:7a8dca9b423536f5,yamap_2026-02-22_07_32.gpx,高森山・町木山・寒台山・鎧掛山,836.1037770875326,895,58.9,0.6345,resolve_conflict,high,gpx_group_0043,review_packets/gpx_groups/gpx_group_0043_yamap_2026-02-22_07_32.md,pending_review,,,,,,,,
dec-0470,470,鎧掛山,summit-candidate:5f31b84e049f61fa,yamap_2026-02-22_07_32.gpx,高森山・町木山・寒台山・鎧掛山,798.325694253476,788,10.33,0.7365,resolve_conflict,high,gpx_group_0043,review_packets/gpx_groups/gpx_group_0043_yamap_2026-02-22_07_32.md,pending_review,,,,,,,,
dec-0471,471,花見山,summit-candidate:5f001ac124f82ef6,yamap_2022-10-19_16_00.gpx,西港山・大丸山・港山,41.080000000000005,23,18.08,0.439,resolve_conflict,high,gpx_group_0066,review_packets/gpx_groups/gpx_group_0066_yamap_2022-10-19_16_00.md,pending_review,,,,,,,,
dec-0472,472,剣ノ山,summit-candidate:78274ad93e160452,yamap_2026-03-01_06_45.gpx,剣ノ山・三傍示山・塩塚峰,1152.4499999999998,1105,47.45,0.6855,resolve_conflict,high,gpx_group_0076,review_packets/gpx_groups/gpx_group_0076_yamap_2026-03-01_06_45.md,pending_review,,,,,,,,
dec-0473,473,三傍示山,summit-candidate:78274ad93e160452,yamap_2026-03-01_06_45.gpx,剣ノ山・三傍示山・塩塚峰,1152.4499999999998,1157,4.55,0.7875,resolve_conflict,high,gpx_group_0076,review_packets/gpx_groups/gpx_group_0076_yamap_2026-03-01_06_45.md,pending_review,,,,,,,,
dec-0474,474,塩塚峰,summit-candidate:737ce2580de91527,yamap_2026-03-01_06_45.gpx,剣ノ山・三傍示山・塩塚峰,1041.1266666666668,1043,1.87,0.7875,accept_candidate_after_map_check,medium,gpx_group_0076,review_packets/gpx_groups/gpx_group_0076_yamap_2026-03-01_06_45.md,pending_review,,,,,,,,
dec-0475,475,登議城山,summit-candidate:9fe27d7d4a51aa70,yamap_2026-03-04_06_40.gpx,登議城山,649.16,655,5.84,0.7875,accept_candidate_after_map_check,medium,gpx_group_0218,review_packets/gpx_groups/gpx_group_0218_yamap_2026-03-04_06_40.md,pending_review,,,,,,,,
dec-0476,476,愛宕山,summit-candidate:c6ea08c2953b4cb8,yamap_2026-03-04_09_46.gpx,愛宕山,369.3233333333333,357,12.32,0.7365,accept_candidate_after_map_check,medium,gpx_group_0159,review_packets/gpx_groups/gpx_group_0159_yamap_2026-03-04_09_46.md,pending_review,,,,,,,,
dec-0477,477,笠松山東峰,summit-candidate:8f25ad4ff380df77,yamap_2026-03-06_09_00.gpx,世田山・笠松山東峰・笠松山,346.8866666666666,327,19.89,0.7365,resolve_conflict,high,gpx_group_0038,review_packets/gpx_groups/gpx_group_0038_yamap_2026-03-06_09_00.md,pending_review,,,,,,,,
dec-0478,478,尻割山,summit-candidate:e8b129f70e703be5,yamap_2026-03-07_11_08.gpx,権現山,949.9166666666666,980,30.08,0.6855,resolve_conflict,high,gpx_group_0048,review_packets/gpx_groups/gpx_group_0048_yamap_2026-03-07_11_08.md,pending_review,,,,,,,,
dec-0479,479,四本松,summit-candidate:e8b129f70e703be5,yamap_2026-03-07_11_08.gpx,権現山,949.9166666666666,721,228.92,0.6345,resolve_conflict,high,gpx_group_0048,review_packets/gpx_groups/gpx_group_0048_yamap_2026-03-07_11_08.md,pending_review,,,,,,,,
dec-0480,480,権現山,summit-candidate:e8b129f70e703be5,yamap_2026-03-07_11_08.gpx,権現山,949.9166666666666,952,2.08,0.7875,resolve_conflict,high,gpx_group_0048,review_packets/gpx_groups/gpx_group_0048_yamap_2026-03-07_11_08.md,pending_review,,,,,,,,
dec-0481,481,呉石山,summit-candidate:784df3690acb5365,yamap_2026-03-08_07_27.gpx,呉石山,833.5256703454279,826,7.53,0.7875,resolve_conflict,high,gpx_group_0090,review_packets/gpx_groups/gpx_group_0090_yamap_2026-03-08_07_27.md,pending_review,,,,,,,,
dec-0482,482,峰畑山,summit-candidate:784df3690acb5365,yamap_2026-03-08_07_27.gpx,呉石山,833.5256703454279,747,86.53,0.6345,resolve_conflict,high,gpx_group_0090,review_packets/gpx_groups/gpx_group_0090_yamap_2026-03-08_07_27.md,pending_review,,,,,,,,
dec-0483,483,白木山,summit-candidate:ab39145b6a448b8d,yamap_2026-03-08_10_45.gpx,白木山,617.3566666666667,624,6.64,0.7875,accept_candidate_after_map_check,medium,gpx_group_0207,review_packets/gpx_groups/gpx_group_0207_yamap_2026-03-08_10_45.md,pending_review,,,,,,,,
dec-0484,484,軽ノ山,summit-candidate:084fa7c9e55252dc,yamap_2026-03-11_10_35.gpx,野津子山・軽ノ山,165.84333333333333,171,5.16,0.7875,resolve_conflict,high,gpx_group_0049,review_packets/gpx_groups/gpx_group_0049_yamap_2026-03-11_10_35.md,pending_review,,,,,,,,
dec-0485,485,野津子山,summit-candidate:084fa7c9e55252dc,yamap_2026-03-11_10_35.gpx,野津子山・軽ノ山,165.84333333333333,144,21.84,0.7365,resolve_conflict,high,gpx_group_0049,review_packets/gpx_groups/gpx_group_0049_yamap_2026-03-11_10_35.md,pending_review,,,,,,,,
dec-0486,486,長山,summit-candidate:c246a8edb72dbebb,yamap_2026-03-15_06_14.gpx,長山,939.7329137961616,939,0.73,0.7875,accept_candidate_after_map_check,medium,gpx_group_0253,review_packets/gpx_groups/gpx_group_0253_yamap_2026-03-15_06_14.md,pending_review,,,,,,,,
dec-0487,487,高研山,summit-candidate:314bd84876bc3fc3,yamap_2026-03-15_10_21.gpx,高研山,1065.780524285452,1055,10.78,0.7365,accept_candidate_after_map_check,medium,gpx_group_0255,review_packets/gpx_groups/gpx_group_0255_yamap_2026-03-15_10_21.md,pending_review,,,,,,,,
dec-0488,488,大ノ森,summit-candidate:777bcc5c6ed2c27e,yamap_2026-03-17_06_58.gpx,大ノ森,1317.4533333333331,1320,2.55,0.7875,accept_candidate_after_map_check,medium,gpx_group_0256,review_packets/gpx_groups/gpx_group_0256_yamap_2026-03-17_06_58.md,pending_review,,,,,,,,
dec-0489,489,雨乞山,summit-candidate:f760bededfedfc09,yamap_2026-03-21_07_01.gpx,雨乞山・妙見森,1215.7332944221434,1213,2.73,0.7875,accept_candidate_after_map_check,medium,gpx_group_0077,review_packets/gpx_groups/gpx_group_0077_yamap_2026-03-21_07_01.md,pending_review,,,,,,,,
dec-0490,490,妙見森,summit-candidate:118b217506eb653f,yamap_2026-03-21_07_01.gpx,雨乞山・妙見森,1334.4923924855789,1325,9.49,0.7875,resolve_conflict,high,gpx_group_0077,review_packets/gpx_groups/gpx_group_0077_yamap_2026-03-21_07_01.md,pending_review,,,,,,,,
dec-0491,491,笹峠山,summit-candidate:118b217506eb653f,yamap_2026-03-21_07_01.gpx,雨乞山・妙見森,1334.4923924855789,954,380.49,0.6345,resolve_conflict,high,gpx_group_0077,review_packets/gpx_groups/gpx_group_0077_yamap_2026-03-21_07_01.md,pending_review,,,,,,,,
dec-0492,492,雨霧山,summit-candidate:d5d39ec66a34deb5,yamap_2026-03-21_14_58.gpx,雨霧山,1235.86,1245,9.14,0.7875,accept_candidate_after_map_check,medium,gpx_group_0233,review_packets/gpx_groups/gpx_group_0233_yamap_2026-03-21_14_58.md,pending_review,,,,,,,,
dec-0493,493,三郷の辻,summit-candidate:46ab73ee0e06e924,yamap_2026-04-11_09_14.gpx,三郷の辻,926.7733333333334,931,4.23,0.7875,accept_candidate_after_map_check,medium,gpx_group_0250,review_packets/gpx_groups/gpx_group_0250_yamap_2026-04-11_09_14.md,pending_review,,,,,,,,
dec-0494,494,権現山,summit-candidate:2011a6c909945d6f,yamap_2026-04-12_11_03.gpx,権現山,102.87,117,14.13,0.7365,resolve_conflict,high,gpx_group_0009,review_packets/gpx_groups/gpx_group_0009_yamap_2026-04-12_11_03.md,pending_review,,,,,,,,
dec-0495,495,雨乞山,summit-candidate:d0d3096d540f375e,yamap_2026-04-19_07_43.gpx,雨乞山,496.59999999999997,499,2.4,0.7875,accept_candidate_after_map_check,medium,gpx_group_0251,review_packets/gpx_groups/gpx_group_0251_yamap_2026-04-19_07_43.md,pending_review,,,,,,,,
dec-0496,496,鼻欠山,summit-candidate:9e86644a708cb211,yamap_2026-04-19_10_27.gpx,鼻欠山,459.0429986192042,446,13.04,0.7365,accept_candidate_after_map_check,medium,gpx_group_0208,review_packets/gpx_groups/gpx_group_0208_yamap_2026-04-19_10_27.md,pending_review,,,,,,,,
dec-0497,497,面木山,summit-candidate:d5a6fcb592162088,yamap_2026-04-29_06_34.gpx,面木山・黒森,981.2133333333335,988,6.79,0.7875,resolve_conflict,high,gpx_group_0079,review_packets/gpx_groups/gpx_group_0079_yamap_2026-04-29_06_34.md,pending_review,,,,,,,,
dec-0498,498,黒森,summit-candidate:40e090ce41a89b55,yamap_2024-06-08_08_42.gpx,沓掛山・黒森山,1690.4033333333334,903,787.4,0.6345,resolve_conflict,high,gpx_group_0103,review_packets/gpx_groups/gpx_group_0103_yamap_2024-06-08_08_42.md,pending_review,,,,,,,,
dec-0499,499,台ヶ森,summit-candidate:53a6401abf71c488,yamap_2026-05-02_09_29.gpx,男山・瓶ヶ森・台ヶ森,1892.1433333333334,1501,391.14,0.6345,resolve_conflict,high,gpx_group_0114,review_packets/gpx_groups/gpx_group_0114_yamap_2026-05-02_09_29.md,pending_review,,,,,,,,
dec-0500,500,丸山,summit-candidate:453327d51d16e202,yamap_2026-05-06_07_28.gpx,丸山・ちち山・笹ヶ峰,1850.97,1547,303.97,0.6345,resolve_conflict,high,gpx_group_0112,review_packets/gpx_groups/gpx_group_0112_yamap_2026-05-06_07_28.md,pending_review,,,,,,,,
dec-0501,501,大森山,summit-candidate:565ba3761956d9b3,yamap_2025-10-11_06_24.gpx,大森山・佐々連尾山・三つ足山,1426.5633333333335,1399,27.56,0.574,resolve_conflict,high,gpx_group_0093,review_packets/gpx_groups/gpx_group_0093_yamap_2025-10-11_06_24.md,pending_review,,,,,,,,
dec-0502,502,うつむき山,summit-candidate:51c8bc6a368c422c,yamap_2026-01-18_09_11.gpx,竜王の峰,542.5079186549784,535,7.51,0.3275,resolve_conflict,high,gpx_group_0073,review_packets/gpx_groups/gpx_group_0073_yamap_2026-01-18_09_11.md,pending_review,,,,,,,,
dec-0503,503,妙見山,summit-candidate:51c8bc6a368c422c,yamap_2026-01-18_09_11.gpx,竜王の峰,542.5079186549784,535,7.51,0.3275,resolve_conflict,high,gpx_group_0073,review_packets/gpx_groups/gpx_group_0073_yamap_2026-01-18_09_11.md,pending_review,,,,,,,,
dec-0504,504,鉢が森,summit-candidate:51c8bc6a368c422c,yamap_2026-01-18_09_11.gpx,竜王の峰,542.5079186549784,552,9.49,0.507,resolve_conflict,high,gpx_group_0073,review_packets/gpx_groups/gpx_group_0073_yamap_2026-01-18_09_11.md,pending_review,,,,,,,,
dec-0505,505,高山寺山,summit-candidate:13aa9354da4eb6d6,yamap_2025-03-30_12_56.gpx,京の森・大迫山,572.4394591518229,561,11.44,0.456,resolve_conflict,high,gpx_group_0053,review_packets/gpx_groups/gpx_group_0053_yamap_2025-03-30_12_56.md,pending_review,,,,,,,,
dec-0506,506,陣ヶ森,summit-candidate:e084389cc60ad329,yamap_2022-05-05_13_29.gpx,陣ヶ森・前々司山・うなめご,1203.3533333333332,565,638.35,0.472,resolve_conflict,high,gpx_group_0080,review_packets/gpx_groups/gpx_group_0080_yamap_2022-05-05_13_29.md,pending_review,,,,,,,,
dec-0507,507,牛ヶ首,summit-candidate:339138a4e53293da,yamap_2023-03-29_05_31.gpx,えんとつ山・生子山・犬返・種子川山・西赤石山・物住頭・上兜山・下兜山,571.1733333333333,584,12.83,0.456,resolve_conflict,high,gpx_group_0041,review_packets/gpx_groups/gpx_group_0041_yamap_2023-03-29_05_31.md,pending_review,,,,,,,,
dec-0508,508,三石山,summit-candidate:f028aab45221cee6,yamap_2025-12-20_07_28.gpx,池ノ城山,599.1233333333333,616,16.88,0.456,resolve_conflict,high,gpx_group_0062,review_packets/gpx_groups/gpx_group_0062_yamap_2025-12-20_07_28.md,pending_review,,,,,,,,
dec-0509,509,感応寺山,summit-candidate:0048d4d3a7981b80,yamap_2025-01-03_07_19.gpx,壺神山・滝山・足山・皿が森,697.5172644320495,688,9.52,0.507,resolve_conflict,high,gpx_group_0083,review_packets/gpx_groups/gpx_group_0083_yamap_2025-01-03_07_19.md,pending_review,,,,,,,,
dec-0510,510,水無権現,summit-candidate:49147712961a83be,yamap_2025-04-09_06_48.gpx,新谷神南山・五十崎神南山,708.9699999999999,703,5.97,0.507,resolve_conflict,high,gpx_group_0065,review_packets/gpx_groups/gpx_group_0065_yamap_2025-04-09_06_48.md,pending_review,,,,,,,,
dec-0511,511,秋葉山,summit-candidate:0bd3d051cdb972fd,yamap_2024-12-08_06_59.gpx,本尊山・秋葉山・立烏帽子山・明神山,632.3133333333334,722,89.69,0.472,resolve_conflict,high,gpx_group_0050,review_packets/gpx_groups/gpx_group_0050_yamap_2024-12-08_06_59.md,pending_review,,,,,,,,
dec-0512,512,黒山,summit-candidate:19baf3ce30f8991a,yamap_2024-02-17_05_38.gpx,大黒山・譲ヶ葉森,1021.9555481598042,729,292.96,0.472,resolve_conflict,high,gpx_group_0078,review_packets/gpx_groups/gpx_group_0078_yamap_2024-02-17_05_38.md,pending_review,,,,,,,,
dec-0513,513,大野山,summit-candidate:fa9a4432fbf76027,yamap_2026-01-18_06_03.gpx,大判山,791.2866666666665,800,8.71,0.507,resolve_conflict,high,gpx_group_0096,review_packets/gpx_groups/gpx_group_0096_yamap_2026-01-18_06_03.md,pending_review,,,,,,,,
dec-0514,514,棟山,summit-candidate:7a8dca9b423536f5,yamap_2026-02-22_07_32.gpx,高森山・町木山・寒台山・鎧掛山,836.1037770875326,808,28.1,0.456,resolve_conflict,high,gpx_group_0043,review_packets/gpx_groups/gpx_group_0043_yamap_2026-02-22_07_32.md,pending_review,,,,,,,,
dec-0515,515,星ヶ森,summit-candidate:9669b668bebfc145,yamap_2023-04-18_10_53.gpx,黒滝山・木久ヶ森,811.0092135228584,820,8.99,0.507,resolve_conflict,high,gpx_group_0068,review_packets/gpx_groups/gpx_group_0068_yamap_2023-04-18_10_53.md,pending_review,,,,,,,,
dec-0516,516,草屋敷,summit-candidate:615a70cf4401199b,yamap_2022-11-14_13_02.gpx,出石山,822.6353431394673,824,1.36,0.507,resolve_conflict,high,gpx_group_0094,review_packets/gpx_groups/gpx_group_0094_yamap_2022-11-14_13_02.md,pending_review,,,,,,,,
dec-0517,517,大熊山,summit-candidate:d1269170b687c5bc,yamap_2022-03-09_10_20.gpx,稔山,873.4633333333333,856,17.46,0.456,resolve_conflict,high,gpx_group_0127,review_packets/gpx_groups/gpx_group_0127_yamap_2022-03-09_10_20.md,pending_review,,,,,,,,
dec-0518,518,笠松山,summit-candidate:8f25ad4ff380df77,yamap_2026-03-06_09_00.gpx,世田山・笠松山東峰・笠松山,346.8866666666666,868,521.11,0.472,resolve_conflict,high,gpx_group_0038,review_packets/gpx_groups/gpx_group_0038_yamap_2026-03-06_09_00.md,pending_review,,,,,,,,
dec-0519,519,蒲山,summit-candidate:a0ef25e9a532b62e,yamap_2022-02-06_08_26.gpx,谷上山・権現山・白滝山・障子山,888.5027304594954,873,15.5,0.456,resolve_conflict,high,gpx_group_0039,review_packets/gpx_groups/gpx_group_0039_yamap_2022-02-06_08_26.md,pending_review,,,,,,,,
dec-0520,520,牛ノ峯,summit-candidate:606168b97944fce5,yamap_2024-04-28_10_37.gpx,日浦嶺・打越山,900.0566666666667,895,5.06,0.507,resolve_conflict,high,gpx_group_0124,review_packets/gpx_groups/gpx_group_0124_yamap_2024-04-28_10_37.md,pending_review,,,,,,,,
dec-0521,521,小森,summit-candidate:0ff024bf702c13bb,yamap_2023-03-11_06_08.gpx,福見山・明神ヶ森・南三方ヶ森・魚谷森・左谷ノ森,927.3133333333334,932,4.69,0.3275,resolve_conflict,high,gpx_group_0063,review_packets/gpx_groups/gpx_group_0063_yamap_2023-03-11_06_08.md,pending_review,,,,,,,,
dec-0522,522,辻ヶ峰,summit-candidate:6a1baa0667de8a9d,yamap_2025-04-06_08_48.gpx,加塚山,959.7999999999998,957,2.8,0.3275,resolve_conflict,high,gpx_group_0118,review_packets/gpx_groups/gpx_group_0118_yamap_2025-04-06_08_48.md,pending_review,,,,,,,,
dec-0523,523,常住,summit-candidate:d5a6fcb592162088,yamap_2026-04-29_06_34.gpx,面木山・黒森,981.2133333333335,984,2.79,0.507,resolve_conflict,high,gpx_group_0079,review_packets/gpx_groups/gpx_group_0079_yamap_2026-04-29_06_34.md,pending_review,,,,,,,,
dec-0524,524,熊鷹山,summit-candidate:8078eb6cc96c519a,yamap_2024-10-14_04_48.gpx,三ッ足山・カガマシ山・橡尾山・笹ヶ峰,1096.6433333333332,1095,1.64,0.507,resolve_conflict,high,gpx_group_0011,review_packets/gpx_groups/gpx_group_0011_yamap_2024-10-14_04_48.md,pending_review,,,,,,,,
dec-0525,525,櫛ヶ峰,summit-candidate:282882317c3aab0b,yamap_2024-02-17_05_38.gpx,大黒山・譲ヶ葉森,1106.79,1112,5.21,0.3275,resolve_conflict,high,gpx_group_0078,review_packets/gpx_groups/gpx_group_0078_yamap_2024-02-17_05_38.md,pending_review,,,,,,,,
dec-0526,526,大旗山,summit-candidate:ee9d736a090185dd,yamap_2022-04-22_17_29.gpx,碁石ヶ森,1188.1187548490348,1184,4.12,0.507,resolve_conflict,high,gpx_group_0067,review_packets/gpx_groups/gpx_group_0067_yamap_2022-04-22_17_29.md,pending_review,,,,,,,,
dec-0527,527,兵庫山,summit-candidate:e2c08955f9275289,yamap_2024-10-20_06_42.gpx,ハネズル山,1291.8700000000001,1303,11.13,0.456,resolve_conflict,high,gpx_group_0104,review_packets/gpx_groups/gpx_group_0104_yamap_2024-10-20_06_42.md,pending_review,,,,,,,,
dec-0528,528,生之越,summit-candidate:242762a3c600ff91,yamap_2022-05-15_06_10.gpx,割石東山・青滝山・堂ヶ森,1301.993333333333,1310,8.01,0.507,resolve_conflict,high,gpx_group_0074,review_packets/gpx_groups/gpx_group_0074_yamap_2022-05-15_06_10.md,pending_review,,,,,,,,
dec-0529,529,玉取山,summit-candidate:0886436b79473a6c,yamap_2024-10-14_04_48.gpx,三ッ足山・カガマシ山・橡尾山・笹ヶ峰,1340.51,1330,10.51,0.456,resolve_conflict,high,gpx_group_0011,review_packets/gpx_groups/gpx_group_0011_yamap_2024-10-14_04_48.md,pending_review,,,,,,,,
dec-0530,530,三ヶ森,summit-candidate:5771cdd191c3861d,yamap_2023-10-22_06_44.gpx,二ノ岳・高森,1351.1733333333334,1377,25.83,0.456,resolve_conflict,high,gpx_group_0086,review_packets/gpx_groups/gpx_group_0086_yamap_2023-10-22_06_44.md,pending_review,,,,,,,,
dec-0531,531,扇山,summit-candidate:02fa4cfab6fa90d3,yamap_2022-12-12_08_41.gpx,遠ヶ森,731.4733333333334,1392,660.53,0.472,resolve_conflict,high,gpx_group_0088,review_packets/gpx_groups/gpx_group_0088_yamap_2022-12-12_08_41.md,pending_review,,,,,,,,
