<?xml version='1.0' encoding='UTF-8'?><gpx creator="YAMAP - https://yamap.com" xsi:schemaLocation="http://www.topografix.com/GPX/1/1 http://www.topografix.com/GPX/1/1/gpx.xsd" version="1.1" xmlns="http://www.topografix.com/GPX/1/1" xmlns:xsi="http://www.w3.org/2001/XMLSchema-instance"><metadata><bounds maxlat="33.9305315" maxlon="132.9267198" minlat="33.8835136" minlon="132.8702131"/></metadata><trk><name>福見山・明神ヶ森・南三方ヶ森・魚谷森・左谷ノ森</name><number>1</number><trkseg><trkpt lat="33.8886551" lon="132.870323"><ele>349.06644027822864</ele><time>2023-03-10T21:08:36Z</time></trkpt><trkpt lat="33.8886924" lon="132.870537"><ele>339.11322013911433</ele><time>2023-03-10T21:09:28Z</time></trkpt><trkpt lat="33.8886697" lon="132.8707645"><ele>335.8554800927429</ele><time>2023-03-10T21:09:43Z</time></trkpt><trkpt lat="33.8887211" lon="132.8709787"><ele>329.6566666666667</ele><time>2023-03-10T21:10:00Z</time></trkpt><trkpt lat="33.8886683" lon="132.8711861"><ele>330.1466666666667</ele><time>2023-03-10T21:10:16Z</time></trkpt><trkpt lat="33.8886647" lon="132.8714043"><ele>329.92333333333335</ele><time>2023-03-10T21:10:33Z</time></trkpt><trkpt lat="33.8885973" lon="132.8716141"><ele>336.0643826462363</ele><time>2023-03-10T21:10:49Z</time></trkpt><trkpt lat="33.8885021" lon="132.8717982"><ele>341.85768074038236</ele><time>2023-03-10T21:11:02Z</time></trkpt><trkpt lat="33.8886584" lon="132.8719076"><ele>341.2510140737157</ele><time>2023-03-10T21:11:39Z</time></trkpt><trkpt lat="33.8888485" lon="132.8719596"><ele>334.03329809414595</ele><time>2023-03-10T21:11:51Z</time></trkpt><trkpt lat="33.8890306" lon="132.8719128"><ele>326.6333333333334</ele><time>2023-03-10T21:12:04Z</time></trkpt><trkpt lat="33.889208" lon="132.8719558"><ele>326.34666666666664</ele><time>2023-03-10T21:12:19Z</time></trkpt><trkpt lat="33.8893308" lon="132.8721175"><ele>325.99666666666667</ele><time>2023-03-10T21:12:33Z</time></trkpt><trkpt lat="33.8894825" lon="132.8722584"><ele>326.50333333333333</ele><time>2023-03-10T21:12:45Z</time></trkpt><trkpt lat="33.8896313" lon="132.8723971"><ele>327.05</ele><time>2023-03-10T21:12:58Z</time></trkpt><trkpt lat="33.8898151" lon="132.8724409"><ele>327.25666666666666</ele><time>2023-03-10T21:13:13Z</time></trkpt><trkpt lat="33.8897774" lon="132.8726542"><ele>328.1766666666667</ele><time>2023-03-10T21:13:53Z</time></trkpt><trkpt lat="33.8896779" lon="132.8728348"><ele>329.5966666666667</ele><time>2023-03-10T21:14:05Z</time></trkpt><trkpt lat="33.8895921" lon="132.8730281"><ele>331.92</ele><time>2023-03-10T21:14:19Z</time></trkpt><trkpt lat="33.8894653" lon="132.8731917"><ele>334.04</ele><time>2023-03-10T21:14:33Z</time></trkpt><trkpt lat="33.8894056" lon="132.8733969"><ele>336.24666666666667</ele><time>2023-03-10T21:14:49Z</time></trkpt><trkpt lat="33.8895524" lon="132.8735328"><ele>337.75333333333333</ele><time>2023-03-10T21:15:06Z</time></trkpt><trkpt lat="33.889725" lon="132.8734371"><ele>338.22999999999996</ele><time>2023-03-10T21:15:19Z</time></trkpt><trkpt lat="33.8898473" lon="132.8732754"><ele>337.52333333333337</ele><time>2023-03-10T21:15:31Z</time></trkpt><trkpt lat="33.890027" lon="132.8732093"><ele>336.84999999999997</ele><time>2023-03-10T21:15:45Z</time></trkpt><trkpt lat="33.8902082" lon="132.8732062"><ele>336.40333333333336</ele><time>2023-03-10T21:15:58Z</time></trkpt><trkpt lat="33.8903834" lon="132.8732589"><ele>335.5366666666667</ele><time>2023-03-10T21:16:17Z</time></trkpt><trkpt lat="33.8904828" lon="132.8734562"><ele>338.03000000000003</ele><time>2023-03-10T21:16:32Z</time></trkpt><trkpt lat="33.8905684" lon="132.8736546"><ele>346.40000000000003</ele><time>2023-03-10T21:16:49Z</time></trkpt><trkpt lat="33.8906948" lon="132.8738177"><ele>356.16333333333336</ele><time>2023-03-10T21:17:03Z</time></trkpt><trkpt lat="33.8908247" lon="132.8739803"><ele>362.28000000000003</ele><time>2023-03-10T21:17:17Z</time></trkpt><trkpt lat="33.8908457" lon="132.8741969"><ele>362.8733333333334</ele><time>2023-03-10T21:17:31Z</time></trkpt><trkpt lat="33.8908304" lon="132.8744201"><ele>362.6366666666666</ele><time>2023-03-10T21:17:47Z</time></trkpt><trkpt lat="33.8907302" lon="132.8746151"><ele>362.84</ele><time>2023-03-10T21:17:59Z</time></trkpt><trkpt lat="33.8906314" lon="132.8748127"><ele>363.16333333333336</ele><time>2023-03-10T21:18:12Z</time></trkpt><trkpt lat="33.8904979" lon="132.874973"><ele>364.3866666666667</ele><time>2023-03-10T21:18:28Z</time></trkpt><trkpt lat="33.8903582" lon="132.8751131"><ele>366.0933333333334</ele><time>2023-03-10T21:18:41Z</time></trkpt><trkpt lat="33.8901963" lon="132.875218"><ele>369.0800000000001</ele><time>2023-03-10T21:18:54Z</time></trkpt><trkpt lat="33.8900298" lon="132.875308"><ele>374.0566666666667</ele><time>2023-03-10T21:19:11Z</time></trkpt><trkpt lat="33.8898674" lon="132.8754037"><ele>381.8966666666667</ele><time>2023-03-10T21:19:22Z</time></trkpt><trkpt lat="33.8897307" lon="132.8755688"><ele>384.9566666666667</ele><time>2023-03-10T21:19:41Z</time></trkpt><trkpt lat="33.889563" lon="132.875665"><ele>386.8633333333334</ele><time>2023-03-10T21:19:57Z</time></trkpt><trkpt lat="33.8893931" lon="132.8757466"><ele>385.44000000000005</ele><time>2023-03-10T21:20:13Z</time></trkpt><trkpt lat="33.8892321" lon="132.8758657"><ele>384.71000000000004</ele><time>2023-03-10T21:20:28Z</time></trkpt><trkpt lat="33.8890903" lon="132.8760145"><ele>383.3966666666667</ele><time>2023-03-10T21:20:44Z</time></trkpt><trkpt lat="33.8890098" lon="132.8762177"><ele>379.69000000000005</ele><time>2023-03-10T21:20:56Z</time></trkpt><trkpt lat="33.888894" lon="132.8763944"><ele>377.2</ele><time>2023-03-10T21:21:11Z</time></trkpt><trkpt lat="33.8887533" lon="132.8765455"><ele>374.04333333333335</ele><time>2023-03-10T21:21:26Z</time></trkpt><trkpt lat="33.8885748" lon="132.8766083"><ele>377.97006930129146</ele><time>2023-03-10T21:21:52Z</time></trkpt><trkpt lat="33.8883936" lon="132.8765954"><ele>381.8337191134317</ele><time>2023-03-10T21:22:07Z</time></trkpt><trkpt lat="33.8882231" lon="132.8766798"><ele>385.3044650679146</ele><time>2023-03-10T21:22:21Z</time></trkpt><trkpt lat="33.8880553" lon="132.8767792"><ele>383.9558786896344</ele><time>2023-03-10T21:22:33Z</time></trkpt><trkpt lat="33.8879005" lon="132.8768913"><ele>382.92195004816995</ele><time>2023-03-10T21:22:46Z</time></trkpt><trkpt lat="33.8877901" lon="132.8770763"><ele>385.204686924814</ele><time>2023-03-10T21:23:00Z</time></trkpt><trkpt lat="33.8876883" lon="132.8772584"><ele>387.38045409510454</ele><time>2023-03-10T21:23:18Z</time></trkpt><trkpt lat="33.8875795" lon="132.8774348"><ele>390.1782318358648</ele><time>2023-03-10T21:23:35Z</time></trkpt><trkpt lat="33.8874211" lon="132.8775635"><ele>390.03817701658295</ele><time>2023-03-10T21:23:51Z</time></trkpt><trkpt lat="33.8873045" lon="132.8777453"><ele>390.49039733555554</ele><time>2023-03-10T21:24:06Z</time></trkpt><trkpt lat="33.887224" lon="132.8779609"><ele>391.65116821198444</ele><time>2023-03-10T21:24:18Z</time></trkpt><trkpt lat="33.8871024" lon="132.8781299"><ele>393.16533444905</ele><time>2023-03-10T21:24:26Z</time></trkpt><trkpt lat="33.886974" lon="132.8782829"><ele>392.88705736628066</ele><time>2023-03-10T21:24:35Z</time></trkpt><trkpt lat="33.8869465" lon="132.8784973"><ele>394.2351504353666</ele><time>2023-03-10T21:24:47Z</time></trkpt><trkpt lat="33.88694" lon="132.8787259"><ele>394.6042302379908</ele><time>2023-03-10T21:25:02Z</time></trkpt><trkpt lat="33.8869198" lon="132.878943"><ele>398.47948623207253</ele><time>2023-03-10T21:25:19Z</time></trkpt><trkpt lat="33.8869342" lon="132.8791596"><ele>400.1507141697669</ele><time>2023-03-10T21:25:43Z</time></trkpt><trkpt lat="33.8870285" lon="132.8793469"><ele>402.9512490316822</ele><time>2023-03-10T21:25:56Z</time></trkpt><trkpt lat="33.8870815" lon="132.8795562"><ele>405.28192985713076</ele><time>2023-03-10T21:26:11Z</time></trkpt><trkpt lat="33.8871109" lon="132.8797804"><ele>406.75965353793134</ele><time>2023-03-10T21:26:26Z</time></trkpt><trkpt lat="33.8870973" lon="132.8799971"><ele>410.2400278446468</ele><time>2023-03-10T21:27:05Z</time></trkpt><trkpt lat="33.8869353" lon="132.8801033"><ele>414.3306259912691</ele><time>2023-03-10T21:28:29Z</time></trkpt><trkpt lat="33.8867968" lon="132.8802469"><ele>419.9913939999439</ele><time>2023-03-10T21:28:41Z</time></trkpt><trkpt lat="33.8866495" lon="132.8803735"><ele>424.6748627092525</ele><time>2023-03-10T21:28:57Z</time></trkpt><trkpt lat="33.8868246" lon="132.8804486"><ele>431.96275559647097</ele><time>2023-03-10T21:30:05Z</time></trkpt><trkpt lat="33.8869154" lon="132.8806355"><ele>438.03439792401394</ele><time>2023-03-10T21:30:19Z</time></trkpt><trkpt lat="33.8867509" lon="132.8807347"><ele>443.64557391293937</ele><time>2023-03-10T21:30:40Z</time></trkpt><trkpt lat="33.8866005" lon="132.8808544"><ele>447.4258860958457</ele><time>2023-03-10T21:31:13Z</time></trkpt><trkpt lat="33.8864899" lon="132.8810337"><ele>453.5920647146786</ele><time>2023-03-10T21:31:52Z</time></trkpt><trkpt lat="33.8865172" lon="132.881255"><ele>460.68393032544276</ele><time>2023-03-10T21:32:40Z</time></trkpt><trkpt lat="33.8865346" lon="132.8814702"><ele>467.0648474185168</ele><time>2023-03-10T21:33:40Z</time></trkpt><trkpt lat="33.8865087" lon="132.8816863"><ele>475.36998390433433</ele><time>2023-03-10T21:35:22Z</time></trkpt><trkpt lat="33.8864547" lon="132.8819026"><ele>482.04073830884613</ele><time>2023-03-10T21:35:36Z</time></trkpt><trkpt lat="33.8863638" lon="132.8820896"><ele>488.23244206644</ele><time>2023-03-10T21:35:55Z</time></trkpt><trkpt lat="33.8862828" lon="132.8822853"><ele>493.02138536638586</ele><time>2023-03-10T21:36:28Z</time></trkpt><trkpt lat="33.8862261" lon="132.8824936"><ele>499.5006629162278</ele><time>2023-03-10T21:36:56Z</time></trkpt><trkpt lat="33.8862258" lon="132.8827128"><ele>506.2122103792855</ele><time>2023-03-10T21:37:32Z</time></trkpt><trkpt lat="33.8861951" lon="132.8829295"><ele>512.5595124240243</ele><time>2023-03-10T21:37:55Z</time></trkpt><trkpt lat="33.8861658" lon="132.8831438"><ele>519.2221871699571</ele><time>2023-03-10T21:38:20Z</time></trkpt><trkpt lat="33.886191" lon="132.8833605"><ele>526.4777949835408</ele><time>2023-03-10T21:39:06Z</time></trkpt><trkpt lat="33.8860543" lon="132.8835094"><ele>533.3214422461205</ele><time>2023-03-10T21:39:34Z</time></trkpt><trkpt lat="33.8859393" lon="132.8836835"><ele>541.3082525682863</ele><time>2023-03-10T21:41:37Z</time></trkpt><trkpt lat="33.8858003" lon="132.8838275"><ele>547.8706347487843</ele><time>2023-03-10T21:41:55Z</time></trkpt><trkpt lat="33.8857187" lon="132.8840238"><ele>553.2235084401563</ele><time>2023-03-10T21:42:12Z</time></trkpt><trkpt lat="33.8856774" lon="132.8842383"><ele>555.4814533532668</ele><time>2023-03-10T21:42:25Z</time></trkpt><trkpt lat="33.8856101" lon="132.8844405"><ele>557.4484871457988</ele><time>2023-03-10T21:42:40Z</time></trkpt><trkpt lat="33.8854716" lon="132.8846004"><ele>560.9319965810084</ele><time>2023-03-10T21:43:15Z</time></trkpt><trkpt lat="33.8853195" lon="132.8847186"><ele>565.5601383404115</ele><time>2023-03-10T21:43:33Z</time></trkpt><trkpt lat="33.8851941" lon="132.8848792"><ele>571.0511609317983</ele><time>2023-03-10T21:44:02Z</time></trkpt><trkpt lat="33.8850383" lon="132.8850167"><ele>578.1183434152213</ele><time>2023-03-10T21:45:56Z</time></trkpt><trkpt lat="33.8848962" lon="132.8851524"><ele>584.9691131181876</ele><time>2023-03-10T21:48:48Z</time></trkpt><trkpt lat="33.8848299" lon="132.8853676"><ele>591.810132888796</ele><time>2023-03-10T21:49:12Z</time></trkpt><trkpt lat="33.8847534" lon="132.8855641"><ele>596.4767304557319</ele><time>2023-03-10T21:49:27Z</time></trkpt><trkpt lat="33.8846082" lon="132.8856964"><ele>602.1769946515531</ele><time>2023-03-10T21:50:18Z</time></trkpt><trkpt lat="33.884531" lon="132.8858944"><ele>607.6655322350053</ele><time>2023-03-10T21:50:50Z</time></trkpt><trkpt lat="33.8844383" lon="132.8860832"><ele>613.3787969553845</ele><time>2023-03-10T21:51:10Z</time></trkpt><trkpt lat="33.8843166" lon="132.8862468"><ele>618.1180158840209</ele><time>2023-03-10T21:51:25Z</time></trkpt><trkpt lat="33.8842112" lon="132.8864339"><ele>621.8895567880322</ele><time>2023-03-10T21:51:44Z</time></trkpt><trkpt lat="33.8841" lon="132.8866181"><ele>625.2077838664026</ele><time>2023-03-10T21:51:58Z</time></trkpt><trkpt lat="33.8840397" lon="132.8868243"><ele>627.0707887163944</ele><time>2023-03-10T21:52:14Z</time></trkpt><trkpt lat="33.8840674" lon="132.8870383"><ele>631.2501389135736</ele><time>2023-03-10T21:53:29Z</time></trkpt><trkpt lat="33.8840253" lon="132.8872512"><ele>637.742799938426</ele><time>2023-03-10T21:54:12Z</time></trkpt><trkpt lat="33.8839646" lon="132.8874568"><ele>645.8473439865207</ele><time>2023-03-10T21:54:41Z</time></trkpt><trkpt lat="33.8839334" lon="132.8876732"><ele>651.8084848716182</ele><time>2023-03-10T21:55:06Z</time></trkpt><trkpt lat="33.8838893" lon="132.8878844"><ele>654.5380934555038</ele><time>2023-03-10T21:55:19Z</time></trkpt><trkpt lat="33.8838519" lon="132.8880987"><ele>658.5869210073806</ele><time>2023-03-10T21:55:45Z</time></trkpt><trkpt lat="33.883787" lon="132.8883045"><ele>662.7821724479853</ele><time>2023-03-10T21:56:20Z</time></trkpt><trkpt lat="33.8836777" lon="132.8884818"><ele>668.218306917856</ele><time>2023-03-10T21:56:33Z</time></trkpt><trkpt lat="33.8835136" lon="132.8885867"><ele>672.1509938799737</ele><time>2023-03-10T21:56:45Z</time></trkpt><trkpt lat="33.8836989" lon="132.8885486"><ele>678.6794651917937</ele><time>2023-03-10T21:58:59Z</time></trkpt><trkpt lat="33.8838869" lon="132.8885438"><ele>684.3969093556467</ele><time>2023-03-10T21:59:08Z</time></trkpt><trkpt lat="33.884071" lon="132.8884988"><ele>689.371408765548</ele><time>2023-03-10T21:59:26Z</time></trkpt><trkpt lat="33.8840877" lon="132.8887153"><ele>692.0401899875609</ele><time>2023-03-10T21:59:41Z</time></trkpt><trkpt lat="33.8841801" lon="132.8889012"><ele>695.1514172429753</ele><time>2023-03-10T22:00:08Z</time></trkpt><trkpt lat="33.8841988" lon="132.8891166"><ele>697.7953328874223</ele><time>2023-03-10T22:00:24Z</time></trkpt><trkpt lat="33.8840808" lon="132.8892973"><ele>698.8066284206949</ele><time>2023-03-10T22:00:41Z</time></trkpt><trkpt lat="33.8840265" lon="132.889512"><ele>699.2089454786884</ele><time>2023-03-10T22:00:56Z</time></trkpt><trkpt lat="33.8841074" lon="132.889707"><ele>700.7963096070034</ele><time>2023-03-10T22:01:25Z</time></trkpt><trkpt lat="33.884224" lon="132.8898899"><ele>702.9446147158334</ele><time>2023-03-10T22:01:45Z</time></trkpt><trkpt lat="33.8842108" lon="132.8901235"><ele>704.3392642560815</ele><time>2023-03-10T22:02:01Z</time></trkpt><trkpt lat="33.8842063" lon="132.8903404"><ele>705.9303203738309</ele><time>2023-03-10T22:02:20Z</time></trkpt><trkpt lat="33.8843739" lon="132.8904262"><ele>707.8042592887214</ele><time>2023-03-10T22:02:44Z</time></trkpt><trkpt lat="33.8845184" lon="132.8905568"><ele>709.9136680659476</ele><time>2023-03-10T22:03:01Z</time></trkpt><trkpt lat="33.8846463" lon="132.8907281"><ele>711.15646836019</ele><time>2023-03-10T22:03:18Z</time></trkpt><trkpt lat="33.8847475" lon="132.8909169"><ele>712.2454618267308</ele><time>2023-03-10T22:03:51Z</time></trkpt><trkpt lat="33.8847695" lon="132.8911574"><ele>713.1196780158181</ele><time>2023-03-10T22:04:02Z</time></trkpt><trkpt lat="33.8848641" lon="132.8913605"><ele>713.667131416381</ele><time>2023-03-10T22:04:12Z</time></trkpt><trkpt lat="33.8848257" lon="132.8915882"><ele>714.9407506748926</ele><time>2023-03-10T22:04:27Z</time></trkpt><trkpt lat="33.884675" lon="132.8917136"><ele>717.210465786415</ele><time>2023-03-10T22:04:43Z</time></trkpt><trkpt lat="33.8846377" lon="132.8919406"><ele>725.0644490549912</ele><time>2023-03-10T22:06:53Z</time></trkpt><trkpt lat="33.884644" lon="132.8921595"><ele>732.8869166194745</ele><time>2023-03-10T22:07:21Z</time></trkpt><trkpt lat="33.8847079" lon="132.8923665"><ele>743.4818353334271</ele><time>2023-03-10T22:08:12Z</time></trkpt><trkpt lat="33.884761" lon="132.8925799"><ele>747.7336809924104</ele><time>2023-03-10T22:08:26Z</time></trkpt><trkpt lat="33.8847908" lon="132.8927938"><ele>752.7320476335207</ele><time>2023-03-10T22:08:40Z</time></trkpt><trkpt lat="33.8848159" lon="132.8930087"><ele>755.5113064815047</ele><time>2023-03-10T22:09:38Z</time></trkpt><trkpt lat="33.884922" lon="132.8931909"><ele>759.3447209011769</ele><time>2023-03-10T22:10:02Z</time></trkpt><trkpt lat="33.8850105" lon="132.8933912"><ele>761.3799857853286</ele><time>2023-03-10T22:10:42Z</time></trkpt><trkpt lat="33.8851527" lon="132.8935247"><ele>762.3590902161719</ele><time>2023-03-10T22:10:59Z</time></trkpt><trkpt lat="33.8851719" lon="132.8937414"><ele>765.77198182894</ele><time>2023-03-10T22:11:55Z</time></trkpt><trkpt lat="33.8851013" lon="132.8939436"><ele>769.9780467735155</ele><time>2023-03-10T22:12:12Z</time></trkpt><trkpt lat="33.8852196" lon="132.8941072"><ele>776.5863659556406</ele><time>2023-03-10T22:13:00Z</time></trkpt><trkpt lat="33.8853046" lon="132.8942998"><ele>782.8442968550771</ele><time>2023-03-10T22:13:57Z</time></trkpt><trkpt lat="33.8854887" lon="132.8943411"><ele>789.6497916149641</ele><time>2023-03-10T22:14:22Z</time></trkpt><trkpt lat="33.8856173" lon="132.8944936"><ele>796.5600488023905</ele><time>2023-03-10T22:15:17Z</time></trkpt><trkpt lat="33.8857516" lon="132.8946484"><ele>800.4587678728477</ele><time>2023-03-10T22:15:31Z</time></trkpt><trkpt lat="33.885853" lon="132.8948293"><ele>804.2464565965596</ele><time>2023-03-10T22:15:47Z</time></trkpt><trkpt lat="33.8859089" lon="132.8950434"><ele>806.9001820361813</ele><time>2023-03-10T22:16:27Z</time></trkpt><trkpt lat="33.8859647" lon="132.8952565"><ele>810.9584917013058</ele><time>2023-03-10T22:16:37Z</time></trkpt><trkpt lat="33.8859477" lon="132.8954758"><ele>814.4840702479278</ele><time>2023-03-10T22:16:53Z</time></trkpt><trkpt lat="33.8858678" lon="132.8956743"><ele>817.7960414344856</ele><time>2023-03-10T22:17:19Z</time></trkpt><trkpt lat="33.8858392" lon="132.8958885"><ele>821.4199082828635</ele><time>2023-03-10T22:17:51Z</time></trkpt><trkpt lat="33.885855" lon="132.8961044"><ele>829.5887987800355</ele><time>2023-03-10T22:19:30Z</time></trkpt><trkpt lat="33.8859401" lon="132.8963309"><ele>839.4602521507031</ele><time>2023-03-10T22:20:25Z</time></trkpt><trkpt lat="33.8860514" lon="132.8965196"><ele>848.6780566709253</ele><time>2023-03-10T22:20:35Z</time></trkpt><trkpt lat="33.8861688" lon="132.8966856"><ele>854.0132524842555</ele><time>2023-03-10T22:21:01Z</time></trkpt><trkpt lat="33.8863334" lon="132.896786"><ele>858.2044947788153</ele><time>2023-03-10T22:21:29Z</time></trkpt><trkpt lat="33.8865089" lon="132.8968377"><ele>862.8214521035198</ele><time>2023-03-10T22:21:51Z</time></trkpt><trkpt lat="33.8866057" lon="132.8970235"><ele>868.4613495811508</ele><time>2023-03-10T22:31:50Z</time></trkpt><trkpt lat="33.8866306" lon="132.8972395"><ele>875.4885675366489</ele><time>2023-03-10T22:32:39Z</time></trkpt><trkpt lat="33.8867197" lon="132.8974312"><ele>881.0950722029871</ele><time>2023-03-10T22:32:57Z</time></trkpt><trkpt lat="33.886821" lon="132.8976116"><ele>886.346332113143</ele><time>2023-03-10T22:33:43Z</time></trkpt><trkpt lat="33.8868429" lon="132.8978291"><ele>890.7940829044493</ele><time>2023-03-10T22:34:32Z</time></trkpt><trkpt lat="33.8868862" lon="132.8980434"><ele>897.9622080716064</ele><time>2023-03-10T22:35:03Z</time></trkpt><trkpt lat="33.8870623" lon="132.8980959"><ele>907.1337538508164</ele><time>2023-03-10T22:36:10Z</time></trkpt><trkpt lat="33.8872308" lon="132.8981777"><ele>916.1390262388624</ele><time>2023-03-10T22:36:40Z</time></trkpt><trkpt lat="33.8873867" lon="132.8982895"><ele>924.2302194458493</ele><time>2023-03-10T22:37:14Z</time></trkpt><trkpt lat="33.8875145" lon="132.8984434"><ele>931.7183752868021</ele><time>2023-03-10T22:38:01Z</time></trkpt><trkpt lat="33.8876864" lon="132.8985103"><ele>940.2858725537285</ele><time>2023-03-10T22:39:07Z</time></trkpt><trkpt lat="33.887859" lon="132.8985765"><ele>951.1130666270687</ele><time>2023-03-10T22:40:38Z</time></trkpt><trkpt lat="33.8880168" lon="132.8986936"><ele>962.5352836642465</ele><time>2023-03-10T22:41:49Z</time></trkpt><trkpt lat="33.8881152" lon="132.8988815"><ele>973.2531331559776</ele><time>2023-03-10T22:42:44Z</time></trkpt><trkpt lat="33.8882962" lon="132.898848"><ele>983.7771188031044</ele><time>2023-03-10T22:43:58Z</time></trkpt><trkpt lat="33.8884706" lon="132.8989035"><ele>992.4141844931934</ele><time>2023-03-10T22:44:38Z</time></trkpt><trkpt lat="33.8886272" lon="132.899012"><ele>999.9453326249577</ele><time>2023-03-10T22:45:25Z</time></trkpt><trkpt lat="33.8888043" lon="132.899094"><ele>1002.1598374501656</ele><time>2023-03-10T22:45:41Z</time></trkpt><trkpt lat="33.8889241" lon="132.8992571"><ele>1003.6216230188987</ele><time>2023-03-10T22:46:26Z</time></trkpt><trkpt lat="33.8889807" lon="132.8994707"><ele>1006.0400000000001</ele><time>2023-03-10T22:47:00Z</time></trkpt><trkpt lat="33.8890685" lon="132.8996601"><ele>1012.3266666666667</ele><time>2023-03-10T22:47:56Z</time></trkpt><trkpt lat="33.8891594" lon="132.8998533"><ele>1018.7000000000002</ele><time>2023-03-10T22:48:19Z</time></trkpt><trkpt lat="33.8892734" lon="132.9000265"><ele>1023.7266666666668</ele><time>2023-03-10T22:48:33Z</time></trkpt><trkpt lat="33.8894114" lon="132.9001696"><ele>1027.6866666666667</ele><time>2023-03-10T22:48:51Z</time></trkpt><trkpt lat="33.8895336" lon="132.9003371"><ele>1030.9233333333334</ele><time>2023-03-10T22:49:33Z</time></trkpt><trkpt lat="33.8896382" lon="132.9005182"><ele>1033.3766666666668</ele><time>2023-03-10T22:49:53Z</time></trkpt><trkpt lat="33.8897711" lon="132.9006698"><ele>1036.0433333333333</ele><time>2023-03-10T22:50:08Z</time></trkpt><trkpt lat="33.8899114" lon="132.9008134"><ele>1038.4033333333334</ele><time>2023-03-10T22:50:39Z</time></trkpt><trkpt lat="33.8899395" lon="132.9010308"><ele>1040.5866666666668</ele><time>2023-03-10T22:50:50Z</time></trkpt><trkpt lat="33.8898952" lon="132.9012439"><ele>1041.6933333333334</ele><time>2023-03-10T22:51:03Z</time></trkpt><trkpt lat="33.8897849" lon="132.9014217"><ele>1042.2766666666666</ele><time>2023-03-10T22:51:20Z</time></trkpt><trkpt lat="33.8896263" lon="132.9015264"><ele>1044.1299999999999</ele><time>2023-03-10T22:51:35Z</time></trkpt><trkpt lat="33.8894931" lon="132.9016731"><ele>1045.8999999999999</ele><time>2023-03-10T22:52:02Z</time></trkpt><trkpt lat="33.8893781" lon="132.9018403"><ele>1048.2366666666665</ele><time>2023-03-10T22:53:22Z</time></trkpt><trkpt lat="33.8892691" lon="132.9020209"><ele>1047.6433333333332</ele><time>2023-03-10T22:59:23Z</time></trkpt><trkpt lat="33.8891477" lon="132.9021826"><ele>1045.04</ele><time>2023-03-10T22:59:35Z</time></trkpt><trkpt lat="33.8890617" lon="132.9023823"><ele>1041.1833333333334</ele><time>2023-03-10T22:59:48Z</time></trkpt><trkpt lat="33.8890011" lon="132.9025873"><ele>1035.6466666666668</ele><time>2023-03-10T23:00:45Z</time></trkpt><trkpt lat="33.8889879" lon="132.9028035"><ele>1027.8966666666665</ele><time>2023-03-10T23:01:04Z</time></trkpt><trkpt lat="33.888988" lon="132.9030293"><ele>1017.68</ele><time>2023-03-10T23:01:38Z</time></trkpt><trkpt lat="33.8889533" lon="132.9032457"><ele>1009.8766666666667</ele><time>2023-03-10T23:02:17Z</time></trkpt><trkpt lat="33.8890317" lon="132.9034527"><ele>1004.58</ele><time>2023-03-10T23:02:36Z</time></trkpt><trkpt lat="33.8890924" lon="132.9036592"><ele>1000.5066666666667</ele><time>2023-03-10T23:02:42Z</time></trkpt><trkpt lat="33.8891326" lon="132.9038735"><ele>999.04</ele><time>2023-03-10T23:02:54Z</time></trkpt><trkpt lat="33.8891258" lon="132.9040901"><ele>999.2199999999999</ele><time>2023-03-10T23:03:09Z</time></trkpt><trkpt lat="33.8891361" lon="132.9043106"><ele>1001.0933333333332</ele><time>2023-03-10T23:03:27Z</time></trkpt><trkpt lat="33.8891806" lon="132.9045227"><ele>1000.4566666666666</ele><time>2023-03-10T23:03:41Z</time></trkpt><trkpt lat="33.8892229" lon="132.9047343"><ele>999.0433333333334</ele><time>2023-03-10T23:03:57Z</time></trkpt><trkpt lat="33.8892216" lon="132.9049546"><ele>996.5266666666666</ele><time>2023-03-10T23:04:16Z</time></trkpt><trkpt lat="33.8891877" lon="132.9051704"><ele>992.3033333333334</ele><time>2023-03-10T23:04:41Z</time></trkpt><trkpt lat="33.8892097" lon="132.9053885"><ele>987.6</ele><time>2023-03-10T23:04:55Z</time></trkpt><trkpt lat="33.8892065" lon="132.9056125"><ele>983.7366666666667</ele><time>2023-03-10T23:05:14Z</time></trkpt><trkpt lat="33.8891654" lon="132.9058285"><ele>980.34</ele><time>2023-03-10T23:05:43Z</time></trkpt><trkpt lat="33.8891401" lon="132.9060501"><ele>977.0766666666667</ele><time>2023-03-10T23:06:15Z</time></trkpt><trkpt lat="33.8891671" lon="132.9062651"><ele>977.7800000000001</ele><time>2023-03-10T23:06:54Z</time></trkpt><trkpt lat="33.889244" lon="132.9064608"><ele>983.5566666666667</ele><time>2023-03-10T23:08:12Z</time></trkpt><trkpt lat="33.8893302" lon="132.9066571"><ele>993.65</ele><time>2023-03-10T23:09:17Z</time></trkpt><trkpt lat="33.8894958" lon="132.9067517"><ele>1002.8100000000001</ele><time>2023-03-10T23:09:48Z</time></trkpt><trkpt lat="33.8896585" lon="132.9068457"><ele>1009.2466666666666</ele><time>2023-03-10T23:10:02Z</time></trkpt><trkpt lat="33.8898336" lon="132.9069269"><ele>1012.8866666666667</ele><time>2023-03-10T23:10:15Z</time></trkpt><trkpt lat="33.8900138" lon="132.9069658"><ele>1014.6666666666666</ele><time>2023-03-10T23:10:39Z</time></trkpt><trkpt lat="33.8901889" lon="132.9070517"><ele>1016.2400000000001</ele><time>2023-03-10T23:11:00Z</time></trkpt><trkpt lat="33.8903294" lon="132.9071949"><ele>1015.8666666666667</ele><time>2023-03-10T23:11:20Z</time></trkpt><trkpt lat="33.8904812" lon="132.9073164"><ele>1014.0633333333334</ele><time>2023-03-10T23:12:48Z</time></trkpt><trkpt lat="33.8906229" lon="132.907453"><ele>1012.96</ele><time>2023-03-10T23:12:59Z</time></trkpt><trkpt lat="33.8907526" lon="132.9076059"><ele>1014.7933333333334</ele><time>2023-03-10T23:13:53Z</time></trkpt><trkpt lat="33.8908893" lon="132.9077665"><ele>1019.3666666666668</ele><time>2023-03-10T23:14:14Z</time></trkpt><trkpt lat="33.8909954" lon="132.9079464"><ele>1025.3566666666668</ele><time>2023-03-10T23:15:32Z</time></trkpt><trkpt lat="33.8910796" lon="132.9081384"><ele>1033.6599999999999</ele><time>2023-03-10T23:15:48Z</time></trkpt><trkpt lat="33.8911521" lon="132.9083381"><ele>1042.5833333333335</ele><time>2023-03-10T23:16:44Z</time></trkpt><trkpt lat="33.8911649" lon="132.9085566"><ele>1050.6200000000001</ele><time>2023-03-10T23:17:42Z</time></trkpt><trkpt lat="33.8910932" lon="132.9087625"><ele>1056.09</ele><time>2023-03-10T23:18:25Z</time></trkpt><trkpt lat="33.8910183" lon="132.9089683"><ele>1059.6466666666665</ele><time>2023-03-10T23:18:41Z</time></trkpt><trkpt lat="33.8910963" lon="132.9091674"><ele>1062.2366666666667</ele><time>2023-03-10T23:19:10Z</time></trkpt><trkpt lat="33.8911287" lon="132.9093804"><ele>1064.05</ele><time>2023-03-10T23:19:31Z</time></trkpt><trkpt lat="33.8910993" lon="132.9096"><ele>1066.4799999999998</ele><time>2023-03-10T23:19:51Z</time></trkpt><trkpt lat="33.8910263" lon="132.909801"><ele>1069.4433333333334</ele><time>2023-03-10T23:20:27Z</time></trkpt><trkpt lat="33.8909671" lon="132.9100083"><ele>1072.2066666666667</ele><time>2023-03-10T23:20:57Z</time></trkpt><trkpt lat="33.8909202" lon="132.9102187"><ele>1074.5033333333333</ele><time>2023-03-10T23:21:25Z</time></trkpt><trkpt lat="33.8908532" lon="132.9104208"><ele>1077.6433333333334</ele><time>2023-03-10T23:22:16Z</time></trkpt><trkpt lat="33.8908687" lon="132.9106365"><ele>1083.5866666666668</ele><time>2023-03-10T23:22:59Z</time></trkpt><trkpt lat="33.8909606" lon="132.9108249"><ele>1090.36</ele><time>2023-03-10T23:23:16Z</time></trkpt><trkpt lat="33.8910558" lon="132.9110213"><ele>1096.29</ele><time>2023-03-10T23:24:01Z</time></trkpt><trkpt lat="33.891176" lon="132.9111935"><ele>1099.4366666666667</ele><time>2023-03-10T23:24:14Z</time></trkpt><trkpt lat="33.8912527" lon="132.9113908"><ele>1101.29</ele><time>2023-03-10T23:24:25Z</time></trkpt><trkpt lat="33.8913037" lon="132.9116042"><ele>1101.68</ele><time>2023-03-10T23:24:39Z</time></trkpt><trkpt lat="33.8913386" lon="132.9118202"><ele>1101.7633333333333</ele><time>2023-03-10T23:25:01Z</time></trkpt><trkpt lat="33.8913989" lon="132.9120261"><ele>1102.5833333333333</ele><time>2023-03-10T23:25:23Z</time></trkpt><trkpt lat="33.8914648" lon="132.9122326"><ele>1103.9566666666667</ele><time>2023-03-10T23:26:15Z</time></trkpt><trkpt lat="33.8915463" lon="132.9124276"><ele>1106.7733333333335</ele><time>2023-03-10T23:27:00Z</time></trkpt><trkpt lat="33.8916649" lon="132.9126015"><ele>1109.4533333333336</ele><time>2023-03-10T23:27:30Z</time></trkpt><trkpt lat="33.8917932" lon="132.9127576"><ele>1112.1766666666665</ele><time>2023-03-10T23:27:45Z</time></trkpt><trkpt lat="33.8919375" lon="132.9128996"><ele>1114.11</ele><time>2023-03-10T23:27:59Z</time></trkpt><trkpt lat="33.8920563" lon="132.9130635"><ele>1116.5199999999998</ele><time>2023-03-10T23:28:53Z</time></trkpt><trkpt lat="33.8921703" lon="132.913256"><ele>1119.4366666666667</ele><time>2023-03-10T23:29:07Z</time></trkpt><trkpt lat="33.8923153" lon="132.913388"><ele>1122.82</ele><time>2023-03-10T23:29:41Z</time></trkpt><trkpt lat="33.8924711" lon="132.9135009"><ele>1126.3433333333332</ele><time>2023-03-10T23:30:05Z</time></trkpt><trkpt lat="33.8926498" lon="132.913551"><ele>1131.2166666666667</ele><time>2023-03-10T23:30:33Z</time></trkpt><trkpt lat="33.8928307" lon="132.9135604"><ele>1136.1000000000001</ele><time>2023-03-10T23:31:08Z</time></trkpt><trkpt lat="33.8930064" lon="132.9136101"><ele>1140.53</ele><time>2023-03-10T23:32:09Z</time></trkpt><trkpt lat="33.8931715" lon="132.913707"><ele>1145.3033333333333</ele><time>2023-03-10T23:32:54Z</time></trkpt><trkpt lat="33.8933385" lon="132.9138091"><ele>1151.1333333333334</ele><time>2023-03-10T23:33:10Z</time></trkpt><trkpt lat="33.893508" lon="132.9138961"><ele>1157.5800000000002</ele><time>2023-03-10T23:33:30Z</time></trkpt><trkpt lat="33.8936568" lon="132.9140247"><ele>1161.74</ele><time>2023-03-10T23:34:23Z</time></trkpt><trkpt lat="33.8937227" lon="132.9142391"><ele>1163.6966666666665</ele><time>2023-03-10T23:34:45Z</time></trkpt><trkpt lat="33.8937579" lon="132.9144519"><ele>1163.6233333333332</ele><time>2023-03-10T23:35:15Z</time></trkpt><trkpt lat="33.8937565" lon="132.9146732"><ele>1163.1766666666665</ele><time>2023-03-10T23:35:31Z</time></trkpt><trkpt lat="33.893755" lon="132.9148901"><ele>1162.7300000000002</ele><time>2023-03-10T23:36:02Z</time></trkpt><trkpt lat="33.8938402" lon="132.9150838"><ele>1162.8033333333335</ele><time>2023-03-10T23:36:24Z</time></trkpt><trkpt lat="33.8938477" lon="132.9153061"><ele>1163.14</ele><time>2023-03-10T23:36:36Z</time></trkpt><trkpt lat="33.8938896" lon="132.91552"><ele>1163.14</ele><time>2023-03-10T23:37:06Z</time></trkpt><trkpt lat="33.8940485" lon="132.9156288"><ele>1163.0933333333335</ele><time>2023-03-10T23:37:51Z</time></trkpt><trkpt lat="33.8941889" lon="132.9157647"><ele>1162.5433333333333</ele><time>2023-03-10T23:38:27Z</time></trkpt><trkpt lat="33.8942364" lon="132.9159747"><ele>1163.55</ele><time>2023-03-10T23:39:08Z</time></trkpt><trkpt lat="33.8943891" lon="132.9160902"><ele>1164.5933333333332</ele><time>2023-03-10T23:39:22Z</time></trkpt><trkpt lat="33.8944142" lon="132.9163078"><ele>1168.2433333333333</ele><time>2023-03-10T23:39:40Z</time></trkpt><trkpt lat="33.8943993" lon="132.9165258"><ele>1172.3933333333332</ele><time>2023-03-10T23:40:51Z</time></trkpt><trkpt lat="33.8944667" lon="132.9167337"><ele>1178.4533333333334</ele><time>2023-03-10T23:41:07Z</time></trkpt><trkpt lat="33.894564" lon="132.9169176"><ele>1183.4133333333334</ele><time>2023-03-10T23:41:31Z</time></trkpt><trkpt lat="33.8944251" lon="132.9170653"><ele>1189.04</ele><time>2023-03-10T23:42:05Z</time></trkpt><trkpt lat="33.8943" lon="132.9172255"><ele>1193.57</ele><time>2023-03-10T23:42:25Z</time></trkpt><trkpt lat="33.8942091" lon="132.9174158"><ele>1199.68</ele><time>2023-03-10T23:43:22Z</time></trkpt><trkpt lat="33.8940847" lon="132.9175915"><ele>1205.1233333333334</ele><time>2023-03-10T23:43:48Z</time></trkpt><trkpt lat="33.8939491" lon="132.91774"><ele>1210.5733333333335</ele><time>2023-03-10T23:44:17Z</time></trkpt><trkpt lat="33.8940921" lon="132.9178729"><ele>1212.2866666666666</ele><time>2023-03-10T23:57:37Z</time></trkpt><trkpt lat="33.8942727" lon="132.9178959"><ele>1209.3933333333334</ele><time>2023-03-10T23:58:07Z</time></trkpt><trkpt lat="33.8944533" lon="132.9178625"><ele>1200.53</ele><time>2023-03-10T23:59:21Z</time></trkpt><trkpt lat="33.8946348" lon="132.9178908"><ele>1188.2433333333336</ele><time>2023-03-11T00:00:57Z</time></trkpt><trkpt lat="33.8947676" lon="132.9180416"><ele>1175.2700000000002</ele><time>2023-03-11T00:01:25Z</time></trkpt><trkpt lat="33.8948902" lon="132.9182018"><ele>1162.2566666666667</ele><time>2023-03-11T00:03:23Z</time></trkpt><trkpt lat="33.8950652" lon="132.9182635"><ele>1149.256666666667</ele><time>2023-03-11T00:04:04Z</time></trkpt><trkpt lat="33.8952312" lon="132.9183506"><ele>1135.93</ele><time>2023-03-11T00:04:41Z</time></trkpt><trkpt lat="33.8953612" lon="132.9185365"><ele>1126.4266666666665</ele><time>2023-03-11T00:05:18Z</time></trkpt><trkpt lat="33.8954432" lon="132.9187296"><ele>1123.48</ele><time>2023-03-11T00:05:29Z</time></trkpt><trkpt lat="33.8955334" lon="132.9189278"><ele>1126.66</ele><time>2023-03-11T00:05:44Z</time></trkpt><trkpt lat="33.8957096" lon="132.9189968"><ele>1131.3766666666668</ele><time>2023-03-11T00:06:15Z</time></trkpt><trkpt lat="33.8958406" lon="132.9191492"><ele>1134.8266666666666</ele><time>2023-03-11T00:06:33Z</time></trkpt><trkpt lat="33.8959474" lon="132.9193305"><ele>1134.74</ele><time>2023-03-11T00:06:47Z</time></trkpt><trkpt lat="33.8960518" lon="132.9195073"><ele>1134.1633333333332</ele><time>2023-03-11T00:07:14Z</time></trkpt><trkpt lat="33.8961765" lon="132.9196722"><ele>1132.0033333333333</ele><time>2023-03-11T00:07:36Z</time></trkpt><trkpt lat="33.8963141" lon="132.9198147"><ele>1130.24</ele><time>2023-03-11T00:07:43Z</time></trkpt><trkpt lat="33.8964095" lon="132.9200009"><ele>1127.0966666666666</ele><time>2023-03-11T00:09:51Z</time></trkpt><trkpt lat="33.8964858" lon="132.9202089"><ele>1120.3066666666666</ele><time>2023-03-11T00:10:13Z</time></trkpt><trkpt lat="33.8966701" lon="132.9202334"><ele>1112.0666666666666</ele><time>2023-03-11T00:10:26Z</time></trkpt><trkpt lat="33.8968316" lon="132.9203544"><ele>1106.4800000000002</ele><time>2023-03-11T00:11:05Z</time></trkpt><trkpt lat="33.8969216" lon="132.9205588"><ele>1106.3833333333332</ele><time>2023-03-11T00:11:11Z</time></trkpt><trkpt lat="33.8970724" lon="132.9206934"><ele>1111.4566666666667</ele><time>2023-03-11T00:12:24Z</time></trkpt><trkpt lat="33.8972462" lon="132.920756"><ele>1117.3733333333332</ele><time>2023-03-11T00:12:52Z</time></trkpt><trkpt lat="33.8974102" lon="132.920852"><ele>1123.8533333333332</ele><time>2023-03-11T00:14:25Z</time></trkpt><trkpt lat="33.8975691" lon="132.9207337"><ele>1126.5033333333333</ele><time>2023-03-11T00:15:12Z</time></trkpt><trkpt lat="33.8977508" lon="132.9206668"><ele>1127.5633333333333</ele><time>2023-03-11T00:15:27Z</time></trkpt><trkpt lat="33.8979312" lon="132.9206013"><ele>1125.7333333333333</ele><time>2023-03-11T00:15:52Z</time></trkpt><trkpt lat="33.8980755" lon="132.9204649"><ele>1123.08</ele><time>2023-03-11T00:16:26Z</time></trkpt><trkpt lat="33.8981889" lon="132.9202946"><ele>1117.1466666666668</ele><time>2023-03-11T00:16:50Z</time></trkpt><trkpt lat="33.8983289" lon="132.9201568"><ele>1111.6233333333332</ele><time>2023-03-11T00:17:37Z</time></trkpt><trkpt lat="33.8984969" lon="132.9202432"><ele>1107.1933333333334</ele><time>2023-03-11T00:19:29Z</time></trkpt><trkpt lat="33.8986054" lon="132.9200688"><ele>1104.5666666666666</ele><time>2023-03-11T00:20:24Z</time></trkpt><trkpt lat="33.8987854" lon="132.9200552"><ele>1097.0866666666668</ele><time>2023-03-11T00:21:57Z</time></trkpt><trkpt lat="33.8989643" lon="132.9201067"><ele>1088.2</ele><time>2023-03-11T00:22:37Z</time></trkpt><trkpt lat="33.8991645" lon="132.9200792"><ele>1082.6833333333334</ele><time>2023-03-11T00:22:56Z</time></trkpt><trkpt lat="33.8993196" lon="132.9199401"><ele>1082.0633333333333</ele><time>2023-03-11T00:23:01Z</time></trkpt><trkpt lat="33.8994816" lon="132.9198289"><ele>1083.44</ele><time>2023-03-11T00:24:01Z</time></trkpt><trkpt lat="33.8996379" lon="132.9197198"><ele>1079.7766666666666</ele><time>2023-03-11T00:24:47Z</time></trkpt><trkpt lat="33.8998177" lon="132.9197592"><ele>1080.52</ele><time>2023-03-11T00:25:47Z</time></trkpt><trkpt lat="33.8999807" lon="132.9198624"><ele>1085.24</ele><time>2023-03-11T00:26:42Z</time></trkpt><trkpt lat="33.9001455" lon="132.9199515"><ele>1097.3833333333334</ele><time>2023-03-11T00:27:34Z</time></trkpt><trkpt lat="33.9003035" lon="132.9200562"><ele>1107.7966666666669</ele><time>2023-03-11T00:36:08Z</time></trkpt><trkpt lat="33.9003048" lon="132.920274"><ele>1113.7133333333334</ele><time>2023-03-11T00:36:51Z</time></trkpt><trkpt lat="33.9003754" lon="132.9204734"><ele>1114.1366666666668</ele><time>2023-03-11T00:37:44Z</time></trkpt><trkpt lat="33.9004581" lon="132.9206677"><ele>1113.0166666666667</ele><time>2023-03-11T00:38:36Z</time></trkpt><trkpt lat="33.9006284" lon="132.9207407"><ele>1111.14</ele><time>2023-03-11T00:39:08Z</time></trkpt><trkpt lat="33.9008" lon="132.9208272"><ele>1109.7966666666669</ele><time>2023-03-11T00:39:36Z</time></trkpt><trkpt lat="33.9009895" lon="132.9208061"><ele>1105.7633333333333</ele><time>2023-03-11T00:39:52Z</time></trkpt><trkpt lat="33.9010889" lon="132.9209891"><ele>1104.16</ele><time>2023-03-11T00:40:53Z</time></trkpt><trkpt lat="33.9012712" lon="132.9210177"><ele>1100.2</ele><time>2023-03-11T00:41:16Z</time></trkpt><trkpt lat="33.9014471" lon="132.9209664"><ele>1094.3633333333335</ele><time>2023-03-11T00:41:32Z</time></trkpt><trkpt lat="33.9016263" lon="132.9209926"><ele>1086.5800000000002</ele><time>2023-03-11T00:42:17Z</time></trkpt><trkpt lat="33.901804" lon="132.9210373"><ele>1083.6033333333332</ele><time>2023-03-11T00:43:11Z</time></trkpt><trkpt lat="33.9019446" lon="132.9211858"><ele>1087.6733333333334</ele><time>2023-03-11T00:43:53Z</time></trkpt><trkpt lat="33.90205" lon="132.9213676"><ele>1094.2533333333333</ele><time>2023-03-11T00:44:48Z</time></trkpt><trkpt lat="33.9022161" lon="132.9214555"><ele>1100.756666666667</ele><time>2023-03-11T00:45:27Z</time></trkpt><trkpt lat="33.902376" lon="132.9215555"><ele>1106.4633333333334</ele><time>2023-03-11T00:46:03Z</time></trkpt><trkpt lat="33.9025515" lon="132.9216122"><ele>1112.13</ele><time>2023-03-11T00:48:02Z</time></trkpt><trkpt lat="33.9026274" lon="132.9218149"><ele>1116.42</ele><time>2023-03-11T00:48:45Z</time></trkpt><trkpt lat="33.9027262" lon="132.9220044"><ele>1118.5900000000001</ele><time>2023-03-11T00:49:47Z</time></trkpt><trkpt lat="33.9028252" lon="132.9221939"><ele>1117.3833333333334</ele><time>2023-03-11T00:50:14Z</time></trkpt><trkpt lat="33.9028818" lon="132.9224002"><ele>1114.7966666666669</ele><time>2023-03-11T00:51:22Z</time></trkpt><trkpt lat="33.9029263" lon="132.9226125"><ele>1112.6066666666668</ele><time>2023-03-11T00:51:37Z</time></trkpt><trkpt lat="33.9030405" lon="132.922803"><ele>1112.3133333333335</ele><time>2023-03-11T00:51:53Z</time></trkpt><trkpt lat="33.9031449" lon="132.922981"><ele>1112.6966666666665</ele><time>2023-03-11T00:52:13Z</time></trkpt><trkpt lat="33.9032761" lon="132.9231345"><ele>1114.6</ele><time>2023-03-11T00:52:35Z</time></trkpt><trkpt lat="33.9034248" lon="132.9232637"><ele>1115.21</ele><time>2023-03-11T00:53:27Z</time></trkpt><trkpt lat="33.90357" lon="132.9234014"><ele>1114.7466666666667</ele><time>2023-03-11T00:54:14Z</time></trkpt><trkpt lat="33.9037018" lon="132.9235548"><ele>1114.1966666666667</ele><time>2023-03-11T00:55:02Z</time></trkpt><trkpt lat="33.9038713" lon="132.9236335"><ele>1116.4733333333334</ele><time>2023-03-11T00:55:41Z</time></trkpt><trkpt lat="33.9040406" lon="132.9237122"><ele>1121.4399999999998</ele><time>2023-03-11T00:57:40Z</time></trkpt><trkpt lat="33.9041867" lon="132.9238433"><ele>1127.6999999999998</ele><time>2023-03-11T00:59:00Z</time></trkpt><trkpt lat="33.9042714" lon="132.9240375"><ele>1134.2533333333333</ele><time>2023-03-11T00:59:31Z</time></trkpt><trkpt lat="33.9043737" lon="132.9242212"><ele>1139.92</ele><time>2023-03-11T00:59:43Z</time></trkpt><trkpt lat="33.9045168" lon="132.9243704"><ele>1143.1499999999999</ele><time>2023-03-11T01:00:02Z</time></trkpt><trkpt lat="33.9046072" lon="132.9245677"><ele>1145.4333333333334</ele><time>2023-03-11T01:00:36Z</time></trkpt><trkpt lat="33.9046499" lon="132.9247864"><ele>1147.7433333333333</ele><time>2023-03-11T01:00:54Z</time></trkpt><trkpt lat="33.9047497" lon="132.9249671"><ele>1147.9466666666667</ele><time>2023-03-11T01:02:18Z</time></trkpt><trkpt lat="33.9049332" lon="132.9249227"><ele>1146.5433333333333</ele><time>2023-03-11T01:08:32Z</time></trkpt><trkpt lat="33.905109" lon="132.9249918"><ele>1141.7833333333335</ele><time>2023-03-11T01:09:02Z</time></trkpt><trkpt lat="33.9052574" lon="132.9251337"><ele>1138.8733333333332</ele><time>2023-03-11T01:09:41Z</time></trkpt><trkpt lat="33.9053934" lon="132.9252786"><ele>1138.6200000000001</ele><time>2023-03-11T01:10:43Z</time></trkpt><trkpt lat="33.9055542" lon="132.9253769"><ele>1141.6033333333335</ele><time>2023-03-11T01:12:06Z</time></trkpt><trkpt lat="33.9057291" lon="132.9252875"><ele>1141.5466666666669</ele><time>2023-03-11T01:17:16Z</time></trkpt><trkpt lat="33.9058959" lon="132.9252035"><ele>1137.1033333333335</ele><time>2023-03-11T01:17:30Z</time></trkpt><trkpt lat="33.9059201" lon="132.9249837"><ele>1129.6900000000003</ele><time>2023-03-11T01:17:56Z</time></trkpt><trkpt lat="33.9060627" lon="132.9248303"><ele>1123.5566666666666</ele><time>2023-03-11T01:18:20Z</time></trkpt><trkpt lat="33.9062421" lon="132.9247784"><ele>1119.8933333333334</ele><time>2023-03-11T01:18:58Z</time></trkpt><trkpt lat="33.906431" lon="132.9247807"><ele>1120.07</ele><time>2023-03-11T01:19:27Z</time></trkpt><trkpt lat="33.9066096" lon="132.9247104"><ele>1121.6100000000001</ele><time>2023-03-11T01:19:41Z</time></trkpt><trkpt lat="33.9067891" lon="132.9246793"><ele>1122.5866666666668</ele><time>2023-03-11T01:20:23Z</time></trkpt><trkpt lat="33.906953" lon="132.9245578"><ele>1121.74</ele><time>2023-03-11T01:20:34Z</time></trkpt><trkpt lat="33.9070332" lon="132.924363"><ele>1119.5166666666667</ele><time>2023-03-11T01:20:51Z</time></trkpt><trkpt lat="33.9071479" lon="132.9241908"><ele>1115.45</ele><time>2023-03-11T01:21:17Z</time></trkpt><trkpt lat="33.9072842" lon="132.9240428"><ele>1108.3366666666668</ele><time>2023-03-11T01:21:36Z</time></trkpt><trkpt lat="33.9074763" lon="132.9240265"><ele>1101.1966666666665</ele><time>2023-03-11T01:21:51Z</time></trkpt><trkpt lat="33.907654" lon="132.9239877"><ele>1094.1066666666666</ele><time>2023-03-11T01:22:51Z</time></trkpt><trkpt lat="33.9078312" lon="132.923923"><ele>1088.5066666666664</ele><time>2023-03-11T01:23:12Z</time></trkpt><trkpt lat="33.9079825" lon="132.9238015"><ele>1082.4566666666667</ele><time>2023-03-11T01:23:41Z</time></trkpt><trkpt lat="33.9081625" lon="132.923888"><ele>1078.7266666666667</ele><time>2023-03-11T01:24:08Z</time></trkpt><trkpt lat="33.908336" lon="132.9239506"><ele>1075.2733333333333</ele><time>2023-03-11T01:24:22Z</time></trkpt><trkpt lat="33.9085164" lon="132.9239287"><ele>1071.1666666666667</ele><time>2023-03-11T01:24:40Z</time></trkpt><trkpt lat="33.90867" lon="132.9240499"><ele>1065.4133333333334</ele><time>2023-03-11T01:25:43Z</time></trkpt><trkpt lat="33.9088481" lon="132.9240908"><ele>1058.0</ele><time>2023-03-11T01:26:02Z</time></trkpt><trkpt lat="33.9090315" lon="132.9241176"><ele>1052.1133333333335</ele><time>2023-03-11T01:26:52Z</time></trkpt><trkpt lat="33.9092169" lon="132.9241209"><ele>1042.7266666666667</ele><time>2023-03-11T01:27:13Z</time></trkpt><trkpt lat="33.9093753" lon="132.9242272"><ele>1033.1833333333334</ele><time>2023-03-11T01:28:03Z</time></trkpt><trkpt lat="33.9095139" lon="132.9243764"><ele>1021.1233333333333</ele><time>2023-03-11T01:29:04Z</time></trkpt><trkpt lat="33.9096715" lon="132.9244946"><ele>1010.4900000000001</ele><time>2023-03-11T01:29:22Z</time></trkpt><trkpt lat="33.9098053" lon="132.924647"><ele>1001.7766666666666</ele><time>2023-03-11T01:30:04Z</time></trkpt><trkpt lat="33.9099808" lon="132.9247098"><ele>995.7933333333334</ele><time>2023-03-11T01:30:14Z</time></trkpt><trkpt lat="33.9101594" lon="132.9247551"><ele>993.1866666666666</ele><time>2023-03-11T01:30:27Z</time></trkpt><trkpt lat="33.9103389" lon="132.9248053"><ele>993.19</ele><time>2023-03-11T01:30:46Z</time></trkpt><trkpt lat="33.9105019" lon="132.9249037"><ele>995.04</ele><time>2023-03-11T01:31:02Z</time></trkpt><trkpt lat="33.9106806" lon="132.9249457"><ele>997.6999999999999</ele><time>2023-03-11T01:31:25Z</time></trkpt><trkpt lat="33.9107884" lon="132.9251306"><ele>1000.3100000000001</ele><time>2023-03-11T01:33:25Z</time></trkpt><trkpt lat="33.910914" lon="132.9252925"><ele>1000.68</ele><time>2023-03-11T01:33:40Z</time></trkpt><trkpt lat="33.9110458" lon="132.925461"><ele>998.71</ele><time>2023-03-11T01:33:53Z</time></trkpt><trkpt lat="33.9112225" lon="132.9255336"><ele>994.9766666666668</ele><time>2023-03-11T01:37:48Z</time></trkpt><trkpt lat="33.9113617" lon="132.925681"><ele>992.6800000000002</ele><time>2023-03-11T01:37:54Z</time></trkpt><trkpt lat="33.9115182" lon="132.9258132"><ele>991.7633333333333</ele><time>2023-03-11T01:38:04Z</time></trkpt><trkpt lat="33.9117085" lon="132.9258277"><ele>990.5366666666667</ele><time>2023-03-11T01:38:14Z</time></trkpt><trkpt lat="33.911886" lon="132.9258718"><ele>987.6133333333333</ele><time>2023-03-11T01:38:25Z</time></trkpt><trkpt lat="33.9120663" lon="132.9259061"><ele>984.6833333333334</ele><time>2023-03-11T01:38:39Z</time></trkpt><trkpt lat="33.9122483" lon="132.9259082"><ele>981.5233333333334</ele><time>2023-03-11T01:39:58Z</time></trkpt><trkpt lat="33.9124183" lon="132.9259869"><ele>978.5533333333333</ele><time>2023-03-11T01:40:07Z</time></trkpt><trkpt lat="33.9125959" lon="132.9260332"><ele>975.36</ele><time>2023-03-11T01:40:34Z</time></trkpt><trkpt lat="33.9127442" lon="132.9261653"><ele>973.5866666666667</ele><time>2023-03-11T01:40:51Z</time></trkpt><trkpt lat="33.912907" lon="132.9262585"><ele>973.9533333333334</ele><time>2023-03-11T01:41:15Z</time></trkpt><trkpt lat="33.9130812" lon="132.9263351"><ele>975.9</ele><time>2023-03-11T01:41:36Z</time></trkpt><trkpt lat="33.9132518" lon="132.9264096"><ele>978.1300000000001</ele><time>2023-03-11T01:41:59Z</time></trkpt><trkpt lat="33.9134003" lon="132.9265344"><ele>978.9166666666666</ele><time>2023-03-11T01:42:10Z</time></trkpt><trkpt lat="33.9135703" lon="132.9266087"><ele>976.08</ele><time>2023-03-11T01:42:21Z</time></trkpt><trkpt lat="33.9137495" lon="132.9265709"><ele>970.3766666666667</ele><time>2023-03-11T01:42:34Z</time></trkpt><trkpt lat="33.9139278" lon="132.9266311"><ele>966.3066666666667</ele><time>2023-03-11T01:42:45Z</time></trkpt><trkpt lat="33.9141096" lon="132.9266537"><ele>965.1700000000001</ele><time>2023-03-11T01:43:03Z</time></trkpt><trkpt lat="33.9142906" lon="132.9266578"><ele>967.48</ele><time>2023-03-11T01:43:22Z</time></trkpt><trkpt lat="33.9144691" lon="132.9267198"><ele>969.9633333333335</ele><time>2023-03-11T01:43:53Z</time></trkpt><trkpt lat="33.914649" lon="132.9266754"><ele>971.6166666666668</ele><time>2023-03-11T01:44:05Z</time></trkpt><trkpt lat="33.9148134" lon="132.9265771"><ele>972.19</ele><time>2023-03-11T01:44:21Z</time></trkpt><trkpt lat="33.9149607" lon="132.926448"><ele>971.1333333333333</ele><time>2023-03-11T01:44:37Z</time></trkpt><trkpt lat="33.9151346" lon="132.9265262"><ele>970.1133333333333</ele><time>2023-03-11T01:44:48Z</time></trkpt><trkpt lat="33.9153104" lon="132.9265996"><ele>967.27</ele><time>2023-03-11T01:45:05Z</time></trkpt><trkpt lat="33.9154929" lon="132.9266309"><ele>963.7933333333334</ele><time>2023-03-11T01:45:36Z</time></trkpt><trkpt lat="33.9156775" lon="132.9266423"><ele>959.7533333333334</ele><time>2023-03-11T01:45:47Z</time></trkpt><trkpt lat="33.9158615" lon="132.9266656"><ele>957.0733333333334</ele><time>2023-03-11T01:45:58Z</time></trkpt><trkpt lat="33.9160151" lon="132.9265509"><ele>955.32</ele><time>2023-03-11T01:46:13Z</time></trkpt><trkpt lat="33.9161928" lon="132.9264972"><ele>954.39</ele><time>2023-03-11T01:46:34Z</time></trkpt><trkpt lat="33.9163764" lon="132.9265232"><ele>953.0300000000001</ele><time>2023-03-11T01:46:54Z</time></trkpt><trkpt lat="33.9165309" lon="132.9264063"><ele>951.9866666666667</ele><time>2023-03-11T01:47:07Z</time></trkpt><trkpt lat="33.9167117" lon="132.9263385"><ele>950.8266666666667</ele><time>2023-03-11T01:47:24Z</time></trkpt><trkpt lat="33.916894" lon="132.9263554"><ele>948.8366666666667</ele><time>2023-03-11T01:48:36Z</time></trkpt><trkpt lat="33.9170838" lon="132.9263647"><ele>944.9366666666666</ele><time>2023-03-11T01:48:50Z</time></trkpt><trkpt lat="33.9172144" lon="132.9262118"><ele>939.3066666666667</ele><time>2023-03-11T01:49:09Z</time></trkpt><trkpt lat="33.9173913" lon="132.9261568"><ele>933.07</ele><time>2023-03-11T01:49:32Z</time></trkpt><trkpt lat="33.917563" lon="132.9260855"><ele>928.0799999999999</ele><time>2023-03-11T01:49:50Z</time></trkpt><trkpt lat="33.9177477" lon="132.9260551"><ele>924.3433333333334</ele><time>2023-03-11T01:50:09Z</time></trkpt><trkpt lat="33.9179283" lon="132.926046"><ele>924.39</ele><time>2023-03-11T01:50:28Z</time></trkpt><trkpt lat="33.9181165" lon="132.9260258"><ele>926.38</ele><time>2023-03-11T01:50:47Z</time></trkpt><trkpt lat="33.9183003" lon="132.9260188"><ele>930.2333333333332</ele><time>2023-03-11T01:51:03Z</time></trkpt><trkpt lat="33.9184814" lon="132.9260286"><ele>932.8733333333333</ele><time>2023-03-11T01:51:18Z</time></trkpt><trkpt lat="33.9186567" lon="132.9259588"><ele>935.4533333333334</ele><time>2023-03-11T01:51:32Z</time></trkpt><trkpt lat="33.9188291" lon="132.9258826"><ele>938.3000000000001</ele><time>2023-03-11T01:52:45Z</time></trkpt><trkpt lat="33.9189811" lon="132.9257481"><ele>942.5066666666667</ele><time>2023-03-11T01:53:08Z</time></trkpt><trkpt lat="33.9191423" lon="132.9256481"><ele>946.4500000000002</ele><time>2023-03-11T01:53:27Z</time></trkpt><trkpt lat="33.9193196" lon="132.9256045"><ele>946.3433333333332</ele><time>2023-03-11T02:03:28Z</time></trkpt><trkpt lat="33.9194644" lon="132.9254731"><ele>942.2133333333335</ele><time>2023-03-11T02:03:41Z</time></trkpt><trkpt lat="33.9196108" lon="132.9253303"><ele>934.64</ele><time>2023-03-11T02:04:23Z</time></trkpt><trkpt lat="33.9197621" lon="132.9251998"><ele>929.88</ele><time>2023-03-11T02:04:43Z</time></trkpt><trkpt lat="33.9199376" lon="132.9251461"><ele>926.7133333333335</ele><time>2023-03-11T02:05:19Z</time></trkpt><trkpt lat="33.9201169" lon="132.9251092"><ele>924.5266666666666</ele><time>2023-03-11T02:06:06Z</time></trkpt><trkpt lat="33.9202985" lon="132.9251454"><ele>917.6833333333334</ele><time>2023-03-11T02:06:54Z</time></trkpt><trkpt lat="33.9204709" lon="132.9252109"><ele>909.3000000000001</ele><time>2023-03-11T02:07:06Z</time></trkpt><trkpt lat="33.9206371" lon="132.9252957"><ele>900.1633333333333</ele><time>2023-03-11T02:07:21Z</time></trkpt><trkpt lat="33.9208103" lon="132.9253574"><ele>892.7466666666666</ele><time>2023-03-11T02:07:53Z</time></trkpt><trkpt lat="33.9209992" lon="132.9253614"><ele>886.54</ele><time>2023-03-11T02:08:50Z</time></trkpt><trkpt lat="33.9211864" lon="132.9253694"><ele>881.4966666666668</ele><time>2023-03-11T02:09:01Z</time></trkpt><trkpt lat="33.9213676" lon="132.9253731"><ele>877.5933333333332</ele><time>2023-03-11T02:09:13Z</time></trkpt><trkpt lat="33.9215542" lon="132.9253767"><ele>874.4233333333333</ele><time>2023-03-11T02:09:40Z</time></trkpt><trkpt lat="33.9217332" lon="132.9254264"><ele>871.0333333333333</ele><time>2023-03-11T02:09:57Z</time></trkpt><trkpt lat="33.9219163" lon="132.9254618"><ele>869.7633333333333</ele><time>2023-03-11T02:10:09Z</time></trkpt><trkpt lat="33.9220993" lon="132.9254514"><ele>869.7933333333334</ele><time>2023-03-11T02:10:41Z</time></trkpt><trkpt lat="33.9222733" lon="132.9255205"><ele>870.9333333333334</ele><time>2023-03-11T02:11:00Z</time></trkpt><trkpt lat="33.922413" lon="132.9253805"><ele>874.3100000000001</ele><time>2023-03-11T02:11:27Z</time></trkpt><trkpt lat="33.9225994" lon="132.9253876"><ele>875.0766666666667</ele><time>2023-03-11T02:11:46Z</time></trkpt><trkpt lat="33.9227376" lon="132.925244"><ele>878.0866666666667</ele><time>2023-03-11T02:12:22Z</time></trkpt><trkpt lat="33.9228124" lon="132.9250458"><ele>881.8933333333334</ele><time>2023-03-11T02:13:06Z</time></trkpt><trkpt lat="33.9229097" lon="132.9248613"><ele>890.5233333333332</ele><time>2023-03-11T02:14:14Z</time></trkpt><trkpt lat="33.9230822" lon="132.9247872"><ele>896.91</ele><time>2023-03-11T02:14:33Z</time></trkpt><trkpt lat="33.9232553" lon="132.9246998"><ele>899.9066666666666</ele><time>2023-03-11T02:14:47Z</time></trkpt><trkpt lat="33.9234344" lon="132.924665"><ele>899.4900000000001</ele><time>2023-03-11T02:14:59Z</time></trkpt><trkpt lat="33.9236221" lon="132.9246876"><ele>897.3766666666667</ele><time>2023-03-11T02:15:12Z</time></trkpt><trkpt lat="33.9237537" lon="132.9248435"><ele>891.5533333333333</ele><time>2023-03-11T02:16:25Z</time></trkpt><trkpt lat="33.9239379" lon="132.9248366"><ele>884.9833333333335</ele><time>2023-03-11T02:16:41Z</time></trkpt><trkpt lat="33.924105" lon="132.9247503"><ele>881.15</ele><time>2023-03-11T02:17:10Z</time></trkpt><trkpt lat="33.9242857" lon="132.9247346"><ele>881.6300000000001</ele><time>2023-03-11T02:17:54Z</time></trkpt><trkpt lat="33.9244556" lon="132.9248133"><ele>884.9866666666667</ele><time>2023-03-11T02:19:03Z</time></trkpt><trkpt lat="33.9246004" lon="132.9249446"><ele>889.5133333333333</ele><time>2023-03-11T02:19:43Z</time></trkpt><trkpt lat="33.9247357" lon="132.9250949"><ele>895.5566666666667</ele><time>2023-03-11T02:20:16Z</time></trkpt><trkpt lat="33.9248577" lon="132.9252546"><ele>900.0266666666666</ele><time>2023-03-11T02:20:41Z</time></trkpt><trkpt lat="33.9250343" lon="132.9251982"><ele>901.85</ele><time>2023-03-11T02:21:57Z</time></trkpt><trkpt lat="33.9251905" lon="132.925088"><ele>900.09</ele><time>2023-03-11T02:22:08Z</time></trkpt><trkpt lat="33.9253672" lon="132.9250393"><ele>896.2000000000002</ele><time>2023-03-11T02:22:23Z</time></trkpt><trkpt lat="33.9255463" lon="132.9250024"><ele>891.64</ele><time>2023-03-11T02:22:44Z</time></trkpt><trkpt lat="33.9256672" lon="132.9248364"><ele>888.35</ele><time>2023-03-11T02:23:48Z</time></trkpt><trkpt lat="33.9258176" lon="132.9247143"><ele>888.2400000000001</ele><time>2023-03-11T02:24:19Z</time></trkpt><trkpt lat="33.925997" lon="132.9246704"><ele>892.6266666666667</ele><time>2023-03-11T02:25:37Z</time></trkpt><trkpt lat="33.9261469" lon="132.9245484"><ele>898.38</ele><time>2023-03-11T02:25:52Z</time></trkpt><trkpt lat="33.9263296" lon="132.9245256"><ele>904.25</ele><time>2023-03-11T02:26:25Z</time></trkpt><trkpt lat="33.9265005" lon="132.9244426"><ele>909.6533333333333</ele><time>2023-03-11T02:27:19Z</time></trkpt><trkpt lat="33.9266467" lon="132.9243106"><ele>916.86</ele><time>2023-03-11T02:28:08Z</time></trkpt><trkpt lat="33.9267909" lon="132.9241805"><ele>924.4499999999999</ele><time>2023-03-11T02:28:26Z</time></trkpt><trkpt lat="33.9266494" lon="132.924009"><ele>927.3133333333334</ele><time>2023-03-11T02:40:46Z</time></trkpt><trkpt lat="33.9265298" lon="132.9238252"><ele>924.43</ele><time>2023-03-11T02:40:53Z</time></trkpt><trkpt lat="33.9263556" lon="132.9236326"><ele>917.7566666666667</ele><time>2023-03-11T02:41:07Z</time></trkpt><trkpt lat="33.9262115" lon="132.9234964"><ele>910.65</ele><time>2023-03-11T02:41:23Z</time></trkpt><trkpt lat="33.9260519" lon="132.9233928"><ele>904.6500000000001</ele><time>2023-03-11T02:41:59Z</time></trkpt><trkpt lat="33.9259763" lon="132.9231928"><ele>898.89</ele><time>2023-03-11T02:42:30Z</time></trkpt><trkpt lat="33.9258487" lon="132.9230361"><ele>893.7166666666667</ele><time>2023-03-11T02:42:59Z</time></trkpt><trkpt lat="33.9257485" lon="132.9228485"><ele>889.0333333333333</ele><time>2023-03-11T02:43:27Z</time></trkpt><trkpt lat="33.925774" lon="132.9226298"><ele>882.3633333333333</ele><time>2023-03-11T02:43:42Z</time></trkpt><trkpt lat="33.9257638" lon="132.9224124"><ele>876.23</ele><time>2023-03-11T02:44:06Z</time></trkpt><trkpt lat="33.9257417" lon="132.9221949"><ele>868.2133333333335</ele><time>2023-03-11T02:44:21Z</time></trkpt><trkpt lat="33.9257629" lon="132.9219794"><ele>863.3000000000001</ele><time>2023-03-11T02:44:54Z</time></trkpt><trkpt lat="33.9257663" lon="132.9217515"><ele>859.5533333333333</ele><time>2023-03-11T02:45:10Z</time></trkpt><trkpt lat="33.9257201" lon="132.9215362"><ele>858.2866666666667</ele><time>2023-03-11T02:45:33Z</time></trkpt><trkpt lat="33.925679" lon="132.9213175"><ele>857.61</ele><time>2023-03-11T02:45:48Z</time></trkpt><trkpt lat="33.9256148" lon="132.921104"><ele>857.39</ele><time>2023-03-11T02:46:23Z</time></trkpt><trkpt lat="33.9255417" lon="132.9209005"><ele>858.5866666666667</ele><time>2023-03-11T02:46:38Z</time></trkpt><trkpt lat="33.9254434" lon="132.9207128"><ele>861.1266666666667</ele><time>2023-03-11T02:46:53Z</time></trkpt><trkpt lat="33.9253768" lon="132.9205081"><ele>864.4900000000001</ele><time>2023-03-11T02:47:20Z</time></trkpt><trkpt lat="33.9254608" lon="132.9203157"><ele>865.5633333333334</ele><time>2023-03-11T02:47:58Z</time></trkpt><trkpt lat="33.9253789" lon="132.9201204"><ele>866.2133333333333</ele><time>2023-03-11T02:48:33Z</time></trkpt><trkpt lat="33.9253699" lon="132.9198985"><ele>865.4633333333335</ele><time>2023-03-11T02:48:45Z</time></trkpt><trkpt lat="33.9253412" lon="132.9196812"><ele>866.2266666666666</ele><time>2023-03-11T02:48:57Z</time></trkpt><trkpt lat="33.9252362" lon="132.9195026"><ele>864.7766666666666</ele><time>2023-03-11T02:49:23Z</time></trkpt><trkpt lat="33.925185" lon="132.9192939"><ele>862.0933333333334</ele><time>2023-03-11T02:49:44Z</time></trkpt><trkpt lat="33.9251372" lon="132.9190836"><ele>855.2733333333334</ele><time>2023-03-11T02:50:05Z</time></trkpt><trkpt lat="33.9250576" lon="132.9188852"><ele>849.1933333333333</ele><time>2023-03-11T02:50:23Z</time></trkpt><trkpt lat="33.9250336" lon="132.9186669"><ele>841.3233333333333</ele><time>2023-03-11T02:50:43Z</time></trkpt><trkpt lat="33.9249583" lon="132.918464"><ele>836.6366666666667</ele><time>2023-03-11T02:51:03Z</time></trkpt><trkpt lat="33.9248594" lon="132.9182775"><ele>830.9433333333333</ele><time>2023-03-11T02:51:24Z</time></trkpt><trkpt lat="33.9248787" lon="132.9180584"><ele>826.4166666666666</ele><time>2023-03-11T02:51:45Z</time></trkpt><trkpt lat="33.9248792" lon="132.9178385"><ele>821.4166666666666</ele><time>2023-03-11T02:52:12Z</time></trkpt><trkpt lat="33.9248463" lon="132.9176256"><ele>817.0433333333334</ele><time>2023-03-11T02:52:27Z</time></trkpt><trkpt lat="33.9248778" lon="132.917411"><ele>813.9000000000001</ele><time>2023-03-11T02:52:49Z</time></trkpt><trkpt lat="33.9248775" lon="132.9171927"><ele>810.1133333333333</ele><time>2023-03-11T02:53:11Z</time></trkpt><trkpt lat="33.924764" lon="132.917018"><ele>808.0300000000001</ele><time>2023-03-11T02:53:46Z</time></trkpt><trkpt lat="33.9246986" lon="132.9168125"><ele>804.5500000000001</ele><time>2023-03-11T02:54:01Z</time></trkpt><trkpt lat="33.9245879" lon="132.9166398"><ele>800.9233333333335</ele><time>2023-03-11T02:55:26Z</time></trkpt><trkpt lat="33.9244222" lon="132.9165498"><ele>795.6633333333334</ele><time>2023-03-11T02:55:59Z</time></trkpt><trkpt lat="33.9242954" lon="132.9163909"><ele>788.3066666666667</ele><time>2023-03-11T02:56:26Z</time></trkpt><trkpt lat="33.924142" lon="132.9162698"><ele>779.4500000000002</ele><time>2023-03-11T02:56:45Z</time></trkpt><trkpt lat="33.924052" lon="132.916082"><ele>768.4933333333333</ele><time>2023-03-11T02:57:07Z</time></trkpt><trkpt lat="33.9238958" lon="132.9159442"><ele>759.8100000000001</ele><time>2023-03-11T02:57:24Z</time></trkpt><trkpt lat="33.9237565" lon="132.9158051"><ele>754.5166666666668</ele><time>2023-03-11T02:57:42Z</time></trkpt><trkpt lat="33.9236726" lon="132.9156127"><ele>750.43</ele><time>2023-03-11T02:58:14Z</time></trkpt><trkpt lat="33.9235924" lon="132.9154165"><ele>746.8566666666667</ele><time>2023-03-11T02:58:35Z</time></trkpt><trkpt lat="33.9235499" lon="132.9152036"><ele>743.1266666666667</ele><time>2023-03-11T02:58:56Z</time></trkpt><trkpt lat="33.9235355" lon="132.9149831"><ele>739.4433333333333</ele><time>2023-03-11T02:59:15Z</time></trkpt><trkpt lat="33.9235949" lon="132.9147749"><ele>735.2166666666667</ele><time>2023-03-11T02:59:32Z</time></trkpt><trkpt lat="33.9235128" lon="132.9145777"><ele>731.1033333333334</ele><time>2023-03-11T03:00:07Z</time></trkpt><trkpt lat="33.9235051" lon="132.9143595"><ele>726.6366666666667</ele><time>2023-03-11T03:00:24Z</time></trkpt><trkpt lat="33.9235063" lon="132.9141418"><ele>722.8333333333334</ele><time>2023-03-11T03:00:39Z</time></trkpt><trkpt lat="33.9234154" lon="132.9139504"><ele>717.1733333333333</ele><time>2023-03-11T03:00:57Z</time></trkpt><trkpt lat="33.9233527" lon="132.9137465"><ele>713.4699999999999</ele><time>2023-03-11T03:01:21Z</time></trkpt><trkpt lat="33.9234166" lon="132.9135409"><ele>711.0433333333334</ele><time>2023-03-11T03:01:44Z</time></trkpt><trkpt lat="33.9234814" lon="132.9133372"><ele>711.3333333333334</ele><time>2023-03-11T03:02:34Z</time></trkpt><trkpt lat="33.9234794" lon="132.9131067"><ele>711.4333333333334</ele><time>2023-03-11T03:13:24Z</time></trkpt><trkpt lat="33.9233987" lon="132.9129081"><ele>711.46</ele><time>2023-03-11T03:13:37Z</time></trkpt><trkpt lat="33.9232847" lon="132.9127373"><ele>710.5533333333333</ele><time>2023-03-11T03:14:58Z</time></trkpt><trkpt lat="33.9234267" lon="132.9125965"><ele>706.6866666666666</ele><time>2023-03-11T03:15:54Z</time></trkpt><trkpt lat="33.9235998" lon="132.9124847"><ele>700.5733333333334</ele><time>2023-03-11T03:16:12Z</time></trkpt><trkpt lat="33.9236161" lon="132.9122639"><ele>692.8833333333333</ele><time>2023-03-11T03:17:15Z</time></trkpt><trkpt lat="33.9235243" lon="132.9120775"><ele>684.89</ele><time>2023-03-11T03:17:43Z</time></trkpt><trkpt lat="33.9234608" lon="132.9118736"><ele>675.7966666666666</ele><time>2023-03-11T03:18:02Z</time></trkpt><trkpt lat="33.9234051" lon="132.9116678"><ele>665.56</ele><time>2023-03-11T03:18:29Z</time></trkpt><trkpt lat="33.9233545" lon="132.9114551"><ele>655.4899999999999</ele><time>2023-03-11T03:18:50Z</time></trkpt><trkpt lat="33.9233431" lon="132.9112373"><ele>648.15</ele><time>2023-03-11T03:19:11Z</time></trkpt><trkpt lat="33.9233426" lon="132.9110174"><ele>641.5333333333333</ele><time>2023-03-11T03:19:59Z</time></trkpt><trkpt lat="33.9233599" lon="132.9107908"><ele>636.86</ele><time>2023-03-11T03:20:16Z</time></trkpt><trkpt lat="33.9233616" lon="132.9105703"><ele>633.3533333333334</ele><time>2023-03-11T03:20:30Z</time></trkpt><trkpt lat="33.9234647" lon="132.9103886"><ele>633.2800000000001</ele><time>2023-03-11T03:21:21Z</time></trkpt><trkpt lat="33.9235651" lon="132.9101911"><ele>636.8333333333334</ele><time>2023-03-11T03:22:05Z</time></trkpt><trkpt lat="33.9237004" lon="132.9100444"><ele>640.09</ele><time>2023-03-11T03:22:16Z</time></trkpt><trkpt lat="33.9238542" lon="132.9099303"><ele>641.0466666666667</ele><time>2023-03-11T03:22:30Z</time></trkpt><trkpt lat="33.9240259" lon="132.9098604"><ele>637.64</ele><time>2023-03-11T03:22:46Z</time></trkpt><trkpt lat="33.9241192" lon="132.9096727"><ele>631.98</ele><time>2023-03-11T03:23:01Z</time></trkpt><trkpt lat="33.9240166" lon="132.9094895"><ele>625.5933333333334</ele><time>2023-03-11T03:23:32Z</time></trkpt><trkpt lat="33.9240784" lon="132.9092812"><ele>618.4</ele><time>2023-03-11T03:23:52Z</time></trkpt><trkpt lat="33.9241827" lon="132.9091007"><ele>610.35</ele><time>2023-03-11T03:24:11Z</time></trkpt><trkpt lat="33.9243562" lon="132.9090408"><ele>602.0333333333333</ele><time>2023-03-11T03:24:47Z</time></trkpt><trkpt lat="33.9244641" lon="132.9088593"><ele>594.1</ele><time>2023-03-11T03:25:15Z</time></trkpt><trkpt lat="33.9245378" lon="132.9086597"><ele>585.8600000000001</ele><time>2023-03-11T03:25:28Z</time></trkpt><trkpt lat="33.9245372" lon="132.9084433"><ele>576.4633333333335</ele><time>2023-03-11T03:25:55Z</time></trkpt><trkpt lat="33.9245565" lon="132.9082265"><ele>567.23</ele><time>2023-03-11T03:27:16Z</time></trkpt><trkpt lat="33.9246391" lon="132.9080321"><ele>556.2599999999999</ele><time>2023-03-11T03:27:43Z</time></trkpt><trkpt lat="33.9246507" lon="132.9078147"><ele>546.1</ele><time>2023-03-11T03:27:58Z</time></trkpt><trkpt lat="33.9245265" lon="132.9076528"><ele>535.9466666666666</ele><time>2023-03-11T03:28:21Z</time></trkpt><trkpt lat="33.9243571" lon="132.9077374"><ele>532.1366666666667</ele><time>2023-03-11T03:29:25Z</time></trkpt><trkpt lat="33.9242061" lon="132.9078577"><ele>532.38</ele><time>2023-03-11T03:29:38Z</time></trkpt><trkpt lat="33.9240321" lon="132.9077796"><ele>531.8100000000001</ele><time>2023-03-11T03:29:50Z</time></trkpt><trkpt lat="33.923943" lon="132.9075884"><ele>527.5600000000001</ele><time>2023-03-11T03:30:02Z</time></trkpt><trkpt lat="33.9239852" lon="132.9073729"><ele>520.69</ele><time>2023-03-11T03:30:14Z</time></trkpt><trkpt lat="33.9240163" lon="132.9071503"><ele>517.15</ele><time>2023-03-11T03:30:25Z</time></trkpt><trkpt lat="33.9240777" lon="132.9069402"><ele>516.1766666666666</ele><time>2023-03-11T03:30:36Z</time></trkpt><trkpt lat="33.9242206" lon="132.9067944"><ele>515.0733333333334</ele><time>2023-03-11T03:30:50Z</time></trkpt><trkpt lat="33.9243991" lon="132.9067619"><ele>512.9266666666666</ele><time>2023-03-11T03:31:01Z</time></trkpt><trkpt lat="33.9245755" lon="132.9068298"><ele>511.04333333333335</ele><time>2023-03-11T03:31:13Z</time></trkpt><trkpt lat="33.9247561" lon="132.9068079"><ele>510.7966666666666</ele><time>2023-03-11T03:31:25Z</time></trkpt><trkpt lat="33.9247919" lon="132.9065926"><ele>513.8833333333333</ele><time>2023-03-11T03:31:40Z</time></trkpt><trkpt lat="33.9247053" lon="132.9063987"><ele>517.6566666666666</ele><time>2023-03-11T03:32:11Z</time></trkpt><trkpt lat="33.9247393" lon="132.9061785"><ele>522.3166666666667</ele><time>2023-03-11T03:32:26Z</time></trkpt><trkpt lat="33.9246243" lon="132.9060103"><ele>522.3233333333334</ele><time>2023-03-11T03:34:35Z</time></trkpt><trkpt lat="33.9245616" lon="132.9058052"><ele>522.1833333333333</ele><time>2023-03-11T03:34:48Z</time></trkpt><trkpt lat="33.9245314" lon="132.9055907"><ele>519.3133333333334</ele><time>2023-03-11T03:35:01Z</time></trkpt><trkpt lat="33.9244684" lon="132.9053873"><ele>517.3433333333334</ele><time>2023-03-11T03:35:28Z</time></trkpt><trkpt lat="33.9244582" lon="132.9051656"><ele>514.2166666666667</ele><time>2023-03-11T03:35:39Z</time></trkpt><trkpt lat="33.9245682" lon="132.9049867"><ele>514.5166666666667</ele><time>2023-03-11T03:35:52Z</time></trkpt><trkpt lat="33.9246488" lon="132.9047882"><ele>516.7533333333334</ele><time>2023-03-11T03:36:07Z</time></trkpt><trkpt lat="33.9246544" lon="132.904567"><ele>517.5566666666667</ele><time>2023-03-11T03:36:22Z</time></trkpt><trkpt lat="33.9247477" lon="132.9043767"><ele>516.1833333333334</ele><time>2023-03-11T03:36:38Z</time></trkpt><trkpt lat="33.9248699" lon="132.9042082"><ele>515.2766666666666</ele><time>2023-03-11T03:37:00Z</time></trkpt><trkpt lat="33.9249457" lon="132.9040013"><ele>513.3433333333334</ele><time>2023-03-11T03:37:13Z</time></trkpt><trkpt lat="33.9251009" lon="132.9038808"><ele>513.0300000000001</ele><time>2023-03-11T03:37:33Z</time></trkpt><trkpt lat="33.9252197" lon="132.9037147"><ele>510.6566666666667</ele><time>2023-03-11T03:37:59Z</time></trkpt><trkpt lat="33.9253933" lon="132.9036435"><ele>510.7266666666667</ele><time>2023-03-11T03:38:13Z</time></trkpt><trkpt lat="33.92553" lon="132.9034982"><ele>505.83</ele><time>2023-03-11T03:38:26Z</time></trkpt><trkpt lat="33.9256917" lon="132.9033944"><ele>501.72</ele><time>2023-03-11T03:38:38Z</time></trkpt><trkpt lat="33.9258322" lon="132.9032567"><ele>501.06</ele><time>2023-03-11T03:38:50Z</time></trkpt><trkpt lat="33.9257894" lon="132.9030456"><ele>504.70000000000005</ele><time>2023-03-11T03:39:07Z</time></trkpt><trkpt lat="33.9256344" lon="132.9029325"><ele>504.76000000000005</ele><time>2023-03-11T03:39:24Z</time></trkpt><trkpt lat="33.9255991" lon="132.9027075"><ele>498.4633333333333</ele><time>2023-03-11T03:39:41Z</time></trkpt><trkpt lat="33.9256939" lon="132.9025127"><ele>491.07666666666665</ele><time>2023-03-11T03:39:53Z</time></trkpt><trkpt lat="33.9258684" lon="132.9024359"><ele>487.43333333333334</ele><time>2023-03-11T03:40:07Z</time></trkpt><trkpt lat="33.9260518" lon="132.9023892"><ele>486.74333333333334</ele><time>2023-03-11T03:40:20Z</time></trkpt><trkpt lat="33.9262287" lon="132.9023438"><ele>485.73333333333335</ele><time>2023-03-11T03:40:33Z</time></trkpt><trkpt lat="33.9263963" lon="132.9022459"><ele>483.50333333333333</ele><time>2023-03-11T03:40:52Z</time></trkpt><trkpt lat="33.9265642" lon="132.9021487"><ele>481.19000000000005</ele><time>2023-03-11T03:41:06Z</time></trkpt><trkpt lat="33.9267382" lon="132.902086"><ele>479.34666666666664</ele><time>2023-03-11T03:41:19Z</time></trkpt><trkpt lat="33.9269064" lon="132.9019851"><ele>478.81333333333333</ele><time>2023-03-11T03:41:33Z</time></trkpt><trkpt lat="33.927083" lon="132.9019203"><ele>478.5933333333333</ele><time>2023-03-11T03:41:44Z</time></trkpt><trkpt lat="33.927261" lon="132.9018456"><ele>478.52666666666664</ele><time>2023-03-11T03:41:57Z</time></trkpt><trkpt lat="33.927428" lon="132.9017448"><ele>478.79333333333335</ele><time>2023-03-11T03:42:16Z</time></trkpt><trkpt lat="33.9275852" lon="132.9016241"><ele>479.66</ele><time>2023-03-11T03:42:30Z</time></trkpt><trkpt lat="33.9277276" lon="132.901485"><ele>481.6266666666667</ele><time>2023-03-11T03:42:46Z</time></trkpt><trkpt lat="33.9276974" lon="132.9012709"><ele>481.8233333333333</ele><time>2023-03-11T03:43:01Z</time></trkpt><trkpt lat="33.9276917" lon="132.9010492"><ele>481.20000000000005</ele><time>2023-03-11T03:43:22Z</time></trkpt><trkpt lat="33.9278507" lon="132.9009377"><ele>478.68666666666667</ele><time>2023-03-11T03:43:34Z</time></trkpt><trkpt lat="33.927932" lon="132.9007322"><ele>477.71999999999997</ele><time>2023-03-11T03:43:51Z</time></trkpt><trkpt lat="33.9278173" lon="132.9005543"><ele>476.5933333333333</ele><time>2023-03-11T03:44:13Z</time></trkpt><trkpt lat="33.9277597" lon="132.9003443"><ele>475.8733333333334</ele><time>2023-03-11T03:44:29Z</time></trkpt><trkpt lat="33.927741" lon="132.9001219"><ele>477.74333333333334</ele><time>2023-03-11T03:45:04Z</time></trkpt><trkpt lat="33.9276933" lon="132.8999126"><ele>478.54333333333335</ele><time>2023-03-11T03:45:19Z</time></trkpt><trkpt lat="33.9276969" lon="132.8996945"><ele>478.59</ele><time>2023-03-11T03:45:31Z</time></trkpt><trkpt lat="33.9277404" lon="132.8994773"><ele>473.3766666666667</ele><time>2023-03-11T03:45:46Z</time></trkpt><trkpt lat="33.9279037" lon="132.8993807"><ele>469.5466666666667</ele><time>2023-03-11T03:46:05Z</time></trkpt><trkpt lat="33.9280672" lon="132.8992833"><ele>465.02666666666664</ele><time>2023-03-11T03:46:24Z</time></trkpt><trkpt lat="33.9282051" lon="132.8991325"><ele>462.9466666666667</ele><time>2023-03-11T03:46:40Z</time></trkpt><trkpt lat="33.9283535" lon="132.8990078"><ele>460.20000000000005</ele><time>2023-03-11T03:46:55Z</time></trkpt><trkpt lat="33.9285021" lon="132.8988775"><ele>458.84666666666664</ele><time>2023-03-11T03:47:10Z</time></trkpt><trkpt lat="33.9286698" lon="132.898775"><ele>458.46000000000004</ele><time>2023-03-11T03:47:24Z</time></trkpt><trkpt lat="33.9288475" lon="132.8987293"><ele>457.25666666666666</ele><time>2023-03-11T03:47:40Z</time></trkpt><trkpt lat="33.9290194" lon="132.8986597"><ele>456.49666666666667</ele><time>2023-03-11T03:48:01Z</time></trkpt><trkpt lat="33.929174" lon="132.8985392"><ele>454.69666666666666</ele><time>2023-03-11T03:48:15Z</time></trkpt><trkpt lat="33.9293225" lon="132.898407"><ele>456.1066666666666</ele><time>2023-03-11T03:48:32Z</time></trkpt><trkpt lat="33.9294959" lon="132.8983471"><ele>455.6233333333333</ele><time>2023-03-11T03:48:43Z</time></trkpt><trkpt lat="33.9296747" lon="132.8982489"><ele>454.6366666666666</ele><time>2023-03-11T03:48:55Z</time></trkpt><trkpt lat="33.9298312" lon="132.8981358"><ele>450.54999999999995</ele><time>2023-03-11T03:49:07Z</time></trkpt><trkpt lat="33.9299514" lon="132.897957"><ele>448.37999999999994</ele><time>2023-03-11T03:49:20Z</time></trkpt><trkpt lat="33.9300945" lon="132.8978226"><ele>446.26666666666665</ele><time>2023-03-11T03:49:38Z</time></trkpt><trkpt lat="33.9302344" lon="132.897971"><ele>445.22333333333336</ele><time>2023-03-11T03:49:51Z</time></trkpt><trkpt lat="33.9304269" lon="132.8979261"><ele>444.3500000000001</ele><time>2023-03-11T03:50:09Z</time></trkpt><trkpt lat="33.9305111" lon="132.8977342"><ele>444.91333333333336</ele><time>2023-03-11T03:50:24Z</time></trkpt><trkpt lat="33.9305315" lon="132.8975133"><ele>445.7033333333333</ele><time>2023-03-11T03:50:36Z</time></trkpt><trkpt lat="33.9304723" lon="132.8973067"><ele>446.9066666666667</ele><time>2023-03-11T03:50:50Z</time></trkpt><trkpt lat="33.9304366" lon="132.8970939"><ele>447.05</ele><time>2023-03-11T03:51:06Z</time></trkpt><trkpt lat="33.9304473" lon="132.8968726"><ele>448.81</ele><time>2023-03-11T03:51:19Z</time></trkpt><trkpt lat="33.9304932" lon="132.8966462"><ele>452.94000000000005</ele><time>2023-03-11T03:51:33Z</time></trkpt><trkpt lat="33.9304104" lon="132.8964459"><ele>457.2166666666667</ele><time>2023-03-11T03:51:50Z</time></trkpt><trkpt lat="33.9302583" lon="132.8963039"><ele>457.47333333333336</ele><time>2023-03-11T03:52:03Z</time></trkpt><trkpt lat="33.9301058" lon="132.8961808"><ele>453.19</ele><time>2023-03-11T03:52:16Z</time></trkpt><trkpt lat="33.9300045" lon="132.8959992"><ele>449.33</ele><time>2023-03-11T03:52:30Z</time></trkpt><trkpt lat="33.9299205" lon="132.8958017"><ele>447.7733333333333</ele><time>2023-03-11T03:52:45Z</time></trkpt><trkpt lat="33.929846" lon="132.8955929"><ele>447.64333333333326</ele><time>2023-03-11T03:52:59Z</time></trkpt><trkpt lat="33.929828" lon="132.8953763"><ele>448.21999999999997</ele><time>2023-03-11T03:53:13Z</time></trkpt><trkpt lat="33.9297632" lon="132.8951717"><ele>453.7166666666667</ele><time>2023-03-11T03:53:25Z</time></trkpt><trkpt lat="33.9295731" lon="132.8951261"><ele>454.2866666666667</ele><time>2023-03-11T03:54:01Z</time></trkpt><trkpt lat="33.9294533" lon="132.8949637"><ele>453.32</ele><time>2023-03-11T03:54:09Z</time></trkpt><trkpt lat="33.9292956" lon="132.8948496"><ele>446.89000000000004</ele><time>2023-03-11T03:54:22Z</time></trkpt><trkpt lat="33.9291088" lon="132.8948114"><ele>445.43</ele><time>2023-03-11T03:54:34Z</time></trkpt><trkpt lat="33.9289452" lon="132.8946982"><ele>445.0133333333333</ele><time>2023-03-11T03:54:45Z</time></trkpt><trkpt lat="33.9287701" lon="132.8946224"><ele>445.6000000000001</ele><time>2023-03-11T03:54:58Z</time></trkpt><trkpt lat="33.9285852" lon="132.8945517"><ele>445.92</ele><time>2023-03-11T03:55:11Z</time></trkpt><trkpt lat="33.9284106" lon="132.8944931"><ele>444.6933333333333</ele><time>2023-03-11T03:55:24Z</time></trkpt><trkpt lat="33.9282457" lon="132.8943879"><ele>443.16333333333336</ele><time>2023-03-11T03:55:37Z</time></trkpt><trkpt lat="33.9281229" lon="132.8942245"><ele>442.66333333333336</ele><time>2023-03-11T03:55:49Z</time></trkpt><trkpt lat="33.928107" lon="132.8940002"><ele>443.5133333333333</ele><time>2023-03-11T03:56:01Z</time></trkpt><trkpt lat="33.9280256" lon="132.8937972"><ele>443.37000000000006</ele><time>2023-03-11T03:56:13Z</time></trkpt><trkpt lat="33.9279495" lon="132.8935991"><ele>441.77</ele><time>2023-03-11T03:56:25Z</time></trkpt><trkpt lat="33.9278279" lon="132.8934271"><ele>439.09666666666664</ele><time>2023-03-11T03:56:37Z</time></trkpt><trkpt lat="33.9276786" lon="132.8932565"><ele>437.29</ele><time>2023-03-11T03:56:52Z</time></trkpt><trkpt lat="33.9275051" lon="132.8931925"><ele>435.72</ele><time>2023-03-11T03:57:04Z</time></trkpt><trkpt lat="33.9273737" lon="132.893024"><ele>435.0800000000001</ele><time>2023-03-11T03:57:21Z</time></trkpt><trkpt lat="33.9272644" lon="132.8928519"><ele>434.51</ele><time>2023-03-11T03:57:37Z</time></trkpt><trkpt lat="33.9270987" lon="132.8927629"><ele>433.84999999999997</ele><time>2023-03-11T03:57:49Z</time></trkpt><trkpt lat="33.9270571" lon="132.8925467"><ele>433.96000000000004</ele><time>2023-03-11T03:58:20Z</time></trkpt><trkpt lat="33.9269204" lon="132.8924017"><ele>432.74</ele><time>2023-03-11T03:58:33Z</time></trkpt><trkpt lat="33.9267569" lon="132.8922928"><ele>430.37999999999994</ele><time>2023-03-11T03:58:47Z</time></trkpt><trkpt lat="33.9266351" lon="132.8921284"><ele>427.8066666666667</ele><time>2023-03-11T03:59:00Z</time></trkpt><trkpt lat="33.9264916" lon="132.8919903"><ele>426.16333333333336</ele><time>2023-03-11T03:59:14Z</time></trkpt><trkpt lat="33.9263575" lon="132.8918344"><ele>425.3966666666667</ele><time>2023-03-11T03:59:26Z</time></trkpt><trkpt lat="33.9262541" lon="132.8916458"><ele>424.1000000000001</ele><time>2023-03-11T03:59:42Z</time></trkpt><trkpt lat="33.9260961" lon="132.891535"><ele>423.84666666666675</ele><time>2023-03-11T03:59:58Z</time></trkpt><trkpt lat="33.9259267" lon="132.891437"><ele>425.02666666666664</ele><time>2023-03-11T04:00:14Z</time></trkpt><trkpt lat="33.9258145" lon="132.8912668"><ele>426.4166666666667</ele><time>2023-03-11T04:00:27Z</time></trkpt><trkpt lat="33.9256793" lon="132.8911068"><ele>427.1566666666667</ele><time>2023-03-11T04:00:40Z</time></trkpt><trkpt lat="33.9255904" lon="132.8909132"><ele>427.68333333333334</ele><time>2023-03-11T04:00:53Z</time></trkpt><trkpt lat="33.9255665" lon="132.8906955"><ele>431.43666666666667</ele><time>2023-03-11T04:01:06Z</time></trkpt><trkpt lat="33.9254964" lon="132.8904927"><ele>435.65000000000003</ele><time>2023-03-11T04:01:21Z</time></trkpt><trkpt lat="33.9254817" lon="132.8902691"><ele>441.31333333333333</ele><time>2023-03-11T04:01:35Z</time></trkpt><trkpt lat="33.9253968" lon="132.8900638"><ele>443.99333333333334</ele><time>2023-03-11T04:01:48Z</time></trkpt><trkpt lat="33.9252386" lon="132.8899521"><ele>443.58</ele><time>2023-03-11T04:02:00Z</time></trkpt><trkpt lat="33.9250644" lon="132.8898624"><ele>439.14000000000004</ele><time>2023-03-11T04:02:15Z</time></trkpt><trkpt lat="33.9248852" lon="132.8898211"><ele>429.76</ele><time>2023-03-11T04:02:28Z</time></trkpt><trkpt lat="33.9246946" lon="132.8898563"><ele>421.2966666666666</ele><time>2023-03-11T04:02:41Z</time></trkpt><trkpt lat="33.9244948" lon="132.8898643"><ele>414.52</ele><time>2023-03-11T04:02:53Z</time></trkpt><trkpt lat="33.9243149" lon="132.8898215"><ele>412.12000000000006</ele><time>2023-03-11T04:03:06Z</time></trkpt><trkpt lat="33.9241507" lon="132.8897147"><ele>411.8533333333333</ele><time>2023-03-11T04:03:19Z</time></trkpt><trkpt lat="33.9240292" lon="132.889543"><ele>412.94666666666666</ele><time>2023-03-11T04:03:30Z</time></trkpt><trkpt lat="33.9239417" lon="132.8893393"><ele>414.5566666666667</ele><time>2023-03-11T04:03:40Z</time></trkpt><trkpt lat="33.9238598" lon="132.8891385"><ele>416.2266666666667</ele><time>2023-03-11T04:03:51Z</time></trkpt><trkpt lat="33.9238252" lon="132.8889106"><ele>417.1633333333334</ele><time>2023-03-11T04:04:05Z</time></trkpt><trkpt lat="33.9237719" lon="132.8886982"><ele>416.85666666666674</ele><time>2023-03-11T04:04:19Z</time></trkpt><trkpt lat="33.9237341" lon="132.888475"><ele>415.3766666666667</ele><time>2023-03-11T04:04:32Z</time></trkpt><trkpt lat="33.9237303" lon="132.8882538"><ele>416.0</ele><time>2023-03-11T04:04:44Z</time></trkpt><trkpt lat="33.9236667" lon="132.8880477"><ele>421.0800000000001</ele><time>2023-03-11T04:04:58Z</time></trkpt><trkpt lat="33.9235346" lon="132.8878941"><ele>423.3233333333333</ele><time>2023-03-11T04:05:11Z</time></trkpt><trkpt lat="33.9233931" lon="132.8877434"><ele>420.06333333333333</ele><time>2023-03-11T04:05:23Z</time></trkpt><trkpt lat="33.9233452" lon="132.8875276"><ele>412.51</ele><time>2023-03-11T04:05:38Z</time></trkpt><trkpt lat="33.9233803" lon="132.8872928"><ele>408.7066666666667</ele><time>2023-03-11T04:05:51Z</time></trkpt><trkpt lat="33.9234342" lon="132.8870764"><ele>407.1133333333334</ele><time>2023-03-11T04:06:03Z</time></trkpt><trkpt lat="33.9234005" lon="132.8868611"><ele>404.06666666666666</ele><time>2023-03-11T04:06:16Z</time></trkpt><trkpt lat="33.9233041" lon="132.8866731"><ele>400.84666666666664</ele><time>2023-03-11T04:06:31Z</time></trkpt><trkpt lat="33.9231596" lon="132.8865202"><ele>398.87000000000006</ele><time>2023-03-11T04:06:46Z</time></trkpt><trkpt lat="33.9229995" lon="132.8864182"><ele>400.02666666666664</ele><time>2023-03-11T04:06:55Z</time></trkpt><trkpt lat="33.9228267" lon="132.8863472"><ele>399.26666666666665</ele><time>2023-03-11T04:07:08Z</time></trkpt><trkpt lat="33.9226366" lon="132.8863272"><ele>395.98333333333335</ele><time>2023-03-11T04:07:23Z</time></trkpt><trkpt lat="33.9224573" lon="132.8863512"><ele>390.56</ele><time>2023-03-11T04:07:37Z</time></trkpt><trkpt lat="33.9222736" lon="132.8863665"><ele>386.44666666666666</ele><time>2023-03-11T04:07:49Z</time></trkpt><trkpt lat="33.9220873" lon="132.8864071"><ele>385.02</ele><time>2023-03-11T04:08:01Z</time></trkpt><trkpt lat="33.9219017" lon="132.8863921"><ele>384.78</ele><time>2023-03-11T04:08:17Z</time></trkpt><trkpt lat="33.9217225" lon="132.8864319"><ele>384.74333333333334</ele><time>2023-03-11T04:08:40Z</time></trkpt><trkpt lat="33.9215458" lon="132.8864801"><ele>384.46000000000004</ele><time>2023-03-11T04:08:50Z</time></trkpt><trkpt lat="33.9213726" lon="132.8864084"><ele>384.32666666666665</ele><time>2023-03-11T04:09:07Z</time></trkpt><trkpt lat="33.9211836" lon="132.8863774"><ele>384.2533333333334</ele><time>2023-03-11T04:09:20Z</time></trkpt><trkpt lat="33.9210005" lon="132.8863299"><ele>384.73333333333335</ele><time>2023-03-11T04:09:33Z</time></trkpt><trkpt lat="33.920872" lon="132.8861652"><ele>385.2633333333333</ele><time>2023-03-11T04:09:46Z</time></trkpt><trkpt lat="33.920712" lon="132.8860634"><ele>386.4666666666667</ele><time>2023-03-11T04:09:59Z</time></trkpt><trkpt lat="33.9205534" lon="132.8859513"><ele>386.4433333333333</ele><time>2023-03-11T04:10:12Z</time></trkpt><trkpt lat="33.9203807" lon="132.8858863"><ele>385.41333333333336</ele><time>2023-03-11T04:10:25Z</time></trkpt><trkpt lat="33.9201955" lon="132.8858801"><ele>383.66</ele><time>2023-03-11T04:10:37Z</time></trkpt><trkpt lat="33.9200119" lon="132.885869"><ele>382.41333333333336</ele><time>2023-03-11T04:10:50Z</time></trkpt><trkpt lat="33.9198342" lon="132.8859328"><ele>381.65333333333336</ele><time>2023-03-11T04:11:05Z</time></trkpt><trkpt lat="33.919659" lon="132.8860242"><ele>380.91333333333336</ele><time>2023-03-11T04:11:20Z</time></trkpt><trkpt lat="33.9194793" lon="132.8860757"><ele>379.66</ele><time>2023-03-11T04:11:33Z</time></trkpt><trkpt lat="33.919288" lon="132.8860363"><ele>377.77</ele><time>2023-03-11T04:11:48Z</time></trkpt><trkpt lat="33.9191017" lon="132.8860282"><ele>376.06333333333333</ele><time>2023-03-11T04:12:02Z</time></trkpt><trkpt lat="33.9189228" lon="132.8859696"><ele>374.84666666666664</ele><time>2023-03-11T04:12:15Z</time></trkpt><trkpt lat="33.9187587" lon="132.8858763"><ele>374.35666666666674</ele><time>2023-03-11T04:12:28Z</time></trkpt><trkpt lat="33.9186071" lon="132.8857542"><ele>373.9433333333333</ele><time>2023-03-11T04:12:40Z</time></trkpt><trkpt lat="33.9184448" lon="132.8856534"><ele>373.6933333333333</ele><time>2023-03-11T04:12:52Z</time></trkpt><trkpt lat="33.9182842" lon="132.8855544"><ele>373.85666666666674</ele><time>2023-03-11T04:13:05Z</time></trkpt><trkpt lat="33.918119" lon="132.8854445"><ele>374.09666666666664</ele><time>2023-03-11T04:13:18Z</time></trkpt><trkpt lat="33.9179986" lon="132.885278"><ele>375.23333333333335</ele><time>2023-03-11T04:13:33Z</time></trkpt><trkpt lat="33.9178427" lon="132.8851649"><ele>375.91333333333336</ele><time>2023-03-11T04:13:48Z</time></trkpt><trkpt lat="33.9176805" lon="132.8850617"><ele>376.51</ele><time>2023-03-11T04:14:00Z</time></trkpt><trkpt lat="33.9175306" lon="132.884935"><ele>376.5833333333333</ele><time>2023-03-11T04:14:13Z</time></trkpt><trkpt lat="33.9174237" lon="132.8847559"><ele>376.6066666666666</ele><time>2023-03-11T04:14:27Z</time></trkpt><trkpt lat="33.9173586" lon="132.8845436"><ele>376.73</ele><time>2023-03-11T04:14:39Z</time></trkpt><trkpt lat="33.9173581" lon="132.8843195"><ele>375.97666666666663</ele><time>2023-03-11T04:14:51Z</time></trkpt><trkpt lat="33.9173754" lon="132.8841012"><ele>374.51</ele><time>2023-03-11T04:15:05Z</time></trkpt><trkpt lat="33.9174299" lon="132.883885"><ele>372.4533333333334</ele><time>2023-03-11T04:15:21Z</time></trkpt><trkpt lat="33.9173871" lon="132.8836662"><ele>371.77666666666664</ele><time>2023-03-11T04:15:34Z</time></trkpt><trkpt lat="33.9173665" lon="132.8834453"><ele>374.2866666666667</ele><time>2023-03-11T04:15:47Z</time></trkpt><trkpt lat="33.9172593" lon="132.8832622"><ele>375.75666666666666</ele><time>2023-03-11T04:16:00Z</time></trkpt><trkpt lat="33.9170771" lon="132.883221"><ele>373.7866666666667</ele><time>2023-03-11T04:16:13Z</time></trkpt><trkpt lat="33.9169035" lon="132.883142"><ele>368.9133333333334</ele><time>2023-03-11T04:16:24Z</time></trkpt><trkpt lat="33.9167968" lon="132.8829659"><ele>366.16333333333336</ele><time>2023-03-11T04:16:41Z</time></trkpt><trkpt lat="33.916618" lon="132.8829251"><ele>365.1966666666667</ele><time>2023-03-11T04:16:52Z</time></trkpt><trkpt lat="33.9164481" lon="132.8828161"><ele>364.9166666666667</ele><time>2023-03-11T04:17:07Z</time></trkpt><trkpt lat="33.9162705" lon="132.8827462"><ele>364.50666666666666</ele><time>2023-03-11T04:17:28Z</time></trkpt><trkpt lat="33.916091" lon="132.882704"><ele>365.9433333333333</ele><time>2023-03-11T04:17:44Z</time></trkpt><trkpt lat="33.9159375" lon="132.8828297"><ele>366.36999999999995</ele><time>2023-03-11T04:17:57Z</time></trkpt><trkpt lat="33.9158001" lon="132.8829812"><ele>366.0366666666667</ele><time>2023-03-11T04:18:10Z</time></trkpt><trkpt lat="33.9156363" lon="132.8830811"><ele>364.3533333333333</ele><time>2023-03-11T04:18:23Z</time></trkpt><trkpt lat="33.9154703" lon="132.8831772"><ele>363.68333333333334</ele><time>2023-03-11T04:18:37Z</time></trkpt><trkpt lat="33.9152834" lon="132.8831756"><ele>361.95</ele><time>2023-03-11T04:18:51Z</time></trkpt><trkpt lat="33.9151231" lon="132.8830699"><ele>360.09999999999997</ele><time>2023-03-11T04:19:04Z</time></trkpt><trkpt lat="33.9150052" lon="132.8828992"><ele>358.41333333333336</ele><time>2023-03-11T04:19:16Z</time></trkpt><trkpt lat="33.9148916" lon="132.8827207"><ele>358.24666666666667</ele><time>2023-03-11T04:19:29Z</time></trkpt><trkpt lat="33.9147428" lon="132.8825925"><ele>357.3666666666666</ele><time>2023-03-11T04:19:46Z</time></trkpt><trkpt lat="33.914584" lon="132.8824749"><ele>354.1266666666667</ele><time>2023-03-11T04:20:01Z</time></trkpt><trkpt lat="33.9144583" lon="132.8823065"><ele>351.41</ele><time>2023-03-11T04:20:16Z</time></trkpt><trkpt lat="33.9144253" lon="132.8820758"><ele>350.26000000000005</ele><time>2023-03-11T04:20:27Z</time></trkpt><trkpt lat="33.9144444" lon="132.8818559"><ele>351.5333333333333</ele><time>2023-03-11T04:20:39Z</time></trkpt><trkpt lat="33.9144576" lon="132.8816155"><ele>352.66333333333336</ele><time>2023-03-11T04:20:53Z</time></trkpt><trkpt lat="33.9145258" lon="132.8814099"><ele>353.6166666666666</ele><time>2023-03-11T04:21:07Z</time></trkpt><trkpt lat="33.9145969" lon="132.8812028"><ele>354.53</ele><time>2023-03-11T04:21:21Z</time></trkpt><trkpt lat="33.9146107" lon="132.8809673"><ele>354.6066666666666</ele><time>2023-03-11T04:21:34Z</time></trkpt><trkpt lat="33.914574" lon="132.8807314"><ele>353.62000000000006</ele><time>2023-03-11T04:21:48Z</time></trkpt><trkpt lat="33.9145494" lon="132.8805118"><ele>352.84999999999997</ele><time>2023-03-11T04:22:03Z</time></trkpt><trkpt lat="33.9144223" lon="132.8806676"><ele>349.62999999999994</ele><time>2023-03-11T04:25:00Z</time></trkpt><trkpt lat="33.9142473" lon="132.8805879"><ele>349.8</ele><time>2023-03-11T04:25:10Z</time></trkpt><trkpt lat="33.9142926" lon="132.8803412"><ele>347.05</ele><time>2023-03-11T04:25:18Z</time></trkpt><trkpt lat="33.9142318" lon="132.8801346"><ele>347.81333333333333</ele><time>2023-03-11T04:25:31Z</time></trkpt><trkpt lat="33.9140512" lon="132.8800874"><ele>344.7633333333333</ele><time>2023-03-11T04:25:43Z</time></trkpt><trkpt lat="33.9138566" lon="132.8800678"><ele>343.82666666666665</ele><time>2023-03-11T04:25:58Z</time></trkpt><trkpt lat="33.9136959" lon="132.8799468"><ele>342.3333333333333</ele><time>2023-03-11T04:26:12Z</time></trkpt><trkpt lat="33.9135159" lon="132.8799277"><ele>340.99333333333334</ele><time>2023-03-11T04:26:26Z</time></trkpt><trkpt lat="33.9133296" lon="132.8798618"><ele>340.0133333333333</ele><time>2023-03-11T04:26:42Z</time></trkpt><trkpt lat="33.9131633" lon="132.8797767"><ele>338.99333333333334</ele><time>2023-03-11T04:26:55Z</time></trkpt><trkpt lat="33.9130509" lon="132.8796037"><ele>338.77666666666664</ele><time>2023-03-11T04:27:10Z</time></trkpt><trkpt lat="33.9129273" lon="132.8794403"><ele>338.31333333333333</ele><time>2023-03-11T04:27:23Z</time></trkpt><trkpt lat="33.9128729" lon="132.8792295"><ele>338.5333333333333</ele><time>2023-03-11T04:27:38Z</time></trkpt><trkpt lat="33.9127086" lon="132.8791237"><ele>337.7966666666667</ele><time>2023-03-11T04:27:51Z</time></trkpt><trkpt lat="33.9125599" lon="132.8789741"><ele>337.24</ele><time>2023-03-11T04:28:05Z</time></trkpt><trkpt lat="33.9124221" lon="132.8788161"><ele>335.75</ele><time>2023-03-11T04:28:18Z</time></trkpt><trkpt lat="33.9123137" lon="132.8786391"><ele>337.73</ele><time>2023-03-11T04:28:30Z</time></trkpt><trkpt lat="33.9121218" lon="132.8786468"><ele>338.04333333333335</ele><time>2023-03-11T04:28:45Z</time></trkpt><trkpt lat="33.9119251" lon="132.8786566"><ele>336.99666666666667</ele><time>2023-03-11T04:29:00Z</time></trkpt><trkpt lat="33.9117424" lon="132.8786044"><ele>335.15000000000003</ele><time>2023-03-11T04:29:15Z</time></trkpt><trkpt lat="33.9115819" lon="132.8784947"><ele>335.2866666666667</ele><time>2023-03-11T04:29:30Z</time></trkpt><trkpt lat="33.911424" lon="132.8783661"><ele>335.58</ele><time>2023-03-11T04:29:44Z</time></trkpt><trkpt lat="33.9113237" lon="132.8781733"><ele>334.33666666666664</ele><time>2023-03-11T04:29:57Z</time></trkpt><trkpt lat="33.9113177" lon="132.8779558"><ele>333.2</ele><time>2023-03-11T04:30:08Z</time></trkpt><trkpt lat="33.911344" lon="132.8777333"><ele>333.8333333333333</ele><time>2023-03-11T04:30:21Z</time></trkpt><trkpt lat="33.9113738" lon="132.8775196"><ele>334.66333333333336</ele><time>2023-03-11T04:30:32Z</time></trkpt><trkpt lat="33.9113808" lon="132.877301"><ele>334.5466666666667</ele><time>2023-03-11T04:30:47Z</time></trkpt><trkpt lat="33.9113658" lon="132.8770811"><ele>333.5266666666667</ele><time>2023-03-11T04:31:02Z</time></trkpt><trkpt lat="33.9113693" lon="132.8768508"><ele>333.0033333333334</ele><time>2023-03-11T04:31:23Z</time></trkpt><trkpt lat="33.9113095" lon="132.8766452"><ele>333.43333333333334</ele><time>2023-03-11T04:31:35Z</time></trkpt><trkpt lat="33.9112009" lon="132.8764629"><ele>334.9166666666667</ele><time>2023-03-11T04:31:49Z</time></trkpt><trkpt lat="33.9110532" lon="132.8763278"><ele>334.96333333333337</ele><time>2023-03-11T04:32:04Z</time></trkpt><trkpt lat="33.9108968" lon="132.8762031"><ele>334.49</ele><time>2023-03-11T04:32:20Z</time></trkpt><trkpt lat="33.9107836" lon="132.8760318"><ele>333.67</ele><time>2023-03-11T04:32:33Z</time></trkpt><trkpt lat="33.9106188" lon="132.8759433"><ele>333.81</ele><time>2023-03-11T04:32:46Z</time></trkpt><trkpt lat="33.9104364" lon="132.8759835"><ele>332.48</ele><time>2023-03-11T04:32:59Z</time></trkpt><trkpt lat="33.9102525" lon="132.8760326"><ele>331.02000000000004</ele><time>2023-03-11T04:33:13Z</time></trkpt><trkpt lat="33.9100704" lon="132.8760305"><ele>329.65000000000003</ele><time>2023-03-11T04:33:27Z</time></trkpt><trkpt lat="33.9098837" lon="132.8760759"><ele>329.15000000000003</ele><time>2023-03-11T04:33:42Z</time></trkpt><trkpt lat="33.9096772" lon="132.8760397"><ele>328.65000000000003</ele><time>2023-03-11T04:33:57Z</time></trkpt><trkpt lat="33.909538" lon="132.8758915"><ele>328.9533333333334</ele><time>2023-03-11T04:34:13Z</time></trkpt><trkpt lat="33.9093555" lon="132.8758886"><ele>329.97333333333336</ele><time>2023-03-11T04:34:25Z</time></trkpt><trkpt lat="33.9091804" lon="132.8759544"><ele>330.80333333333334</ele><time>2023-03-11T04:34:41Z</time></trkpt><trkpt lat="33.9090011" lon="132.8760125"><ele>331.08</ele><time>2023-03-11T04:34:54Z</time></trkpt><trkpt lat="33.908826" lon="132.8761065"><ele>329.74333333333334</ele><time>2023-03-11T04:35:08Z</time></trkpt><trkpt lat="33.9086454" lon="132.8761117"><ele>327.4866666666667</ele><time>2023-03-11T04:35:22Z</time></trkpt><trkpt lat="33.9084781" lon="132.8760196"><ele>324.5966666666667</ele><time>2023-03-11T04:35:38Z</time></trkpt><trkpt lat="33.9083143" lon="132.8759099"><ele>323.2866666666667</ele><time>2023-03-11T04:35:50Z</time></trkpt><trkpt lat="33.9081264" lon="132.8758758"><ele>321.46666666666664</ele><time>2023-03-11T04:36:00Z</time></trkpt><trkpt lat="33.9079919" lon="132.8757255"><ele>320.68</ele><time>2023-03-11T04:36:12Z</time></trkpt><trkpt lat="33.907854" lon="132.8755741"><ele>320.3</ele><time>2023-03-11T04:36:24Z</time></trkpt><trkpt lat="33.9076937" lon="132.8754722"><ele>320.27</ele><time>2023-03-11T04:36:36Z</time></trkpt><trkpt lat="33.9075642" lon="132.8753023"><ele>317.01</ele><time>2023-03-11T04:36:51Z</time></trkpt><trkpt lat="33.9073892" lon="132.8752375"><ele>310.3833333333334</ele><time>2023-03-11T04:37:04Z</time></trkpt><trkpt lat="33.9073004" lon="132.8750402"><ele>305.30333333333334</ele><time>2023-03-11T04:37:17Z</time></trkpt><trkpt lat="33.9071602" lon="132.8748954"><ele>302.6933333333333</ele><time>2023-03-11T04:37:30Z</time></trkpt><trkpt lat="33.9071056" lon="132.874683"><ele>304.1033333333333</ele><time>2023-03-11T04:37:43Z</time></trkpt><trkpt lat="33.9069413" lon="132.8745562"><ele>305.33666666666664</ele><time>2023-03-11T04:37:56Z</time></trkpt><trkpt lat="33.9067825" lon="132.8744439"><ele>304.87333333333333</ele><time>2023-03-11T04:38:11Z</time></trkpt><trkpt lat="33.9066624" lon="132.8742813"><ele>303.8</ele><time>2023-03-11T04:38:25Z</time></trkpt><trkpt lat="33.9065094" lon="132.8741477"><ele>302.3</ele><time>2023-03-11T04:38:38Z</time></trkpt><trkpt lat="33.9063291" lon="132.8741116"><ele>303.6333333333333</ele><time>2023-03-11T04:38:51Z</time></trkpt><trkpt lat="33.9061464" lon="132.8741018"><ele>304.98333333333335</ele><time>2023-03-11T04:39:06Z</time></trkpt><trkpt lat="33.9059671" lon="132.8740534"><ele>309.9633333333333</ele><time>2023-03-11T04:39:34Z</time></trkpt><trkpt lat="33.905797" lon="132.8741273"><ele>314.77</ele><time>2023-03-11T04:39:48Z</time></trkpt><trkpt lat="33.9057356" lon="132.874336"><ele>317.62</ele><time>2023-03-11T04:40:00Z</time></trkpt><trkpt lat="33.9057301" lon="132.8745655"><ele>316.02666666666664</ele><time>2023-03-11T04:40:13Z</time></trkpt><trkpt lat="33.9057114" lon="132.8747849"><ele>311.9766666666667</ele><time>2023-03-11T04:40:28Z</time></trkpt><trkpt lat="33.905665" lon="132.8750024"><ele>309.7966666666666</ele><time>2023-03-11T04:40:45Z</time></trkpt><trkpt lat="33.9056613" lon="132.8752299"><ele>306.9433333333333</ele><time>2023-03-11T04:40:58Z</time></trkpt><trkpt lat="33.9056647" lon="132.8754608"><ele>303.2333333333333</ele><time>2023-03-11T04:41:13Z</time></trkpt><trkpt lat="33.9055866" lon="132.8756609"><ele>299.19</ele><time>2023-03-11T04:41:27Z</time></trkpt><trkpt lat="33.9054766" lon="132.8758358"><ele>296.5933333333333</ele><time>2023-03-11T04:41:41Z</time></trkpt><trkpt lat="33.9053325" lon="132.8759682"><ele>295.15000000000003</ele><time>2023-03-11T04:41:54Z</time></trkpt><trkpt lat="33.9052242" lon="132.8761567"><ele>292.32</ele><time>2023-03-11T04:42:06Z</time></trkpt><trkpt lat="33.9050742" lon="132.876277"><ele>289.57</ele><time>2023-03-11T04:42:18Z</time></trkpt><trkpt lat="33.9048753" lon="132.8763224"><ele>288.3666666666666</ele><time>2023-03-11T04:42:50Z</time></trkpt><trkpt lat="33.9046967" lon="132.8763968"><ele>289.34666666666664</ele><time>2023-03-11T04:43:20Z</time></trkpt><trkpt lat="33.9045009" lon="132.8763831"><ele>290.7933333333333</ele><time>2023-03-11T04:43:32Z</time></trkpt><trkpt lat="33.9043228" lon="132.8763301"><ele>291.3733333333334</ele><time>2023-03-11T04:43:46Z</time></trkpt><trkpt lat="33.9041583" lon="132.876236"><ele>290.7033333333333</ele><time>2023-03-11T04:43:59Z</time></trkpt><trkpt lat="33.9039706" lon="132.8762147"><ele>290.9733333333333</ele><time>2023-03-11T04:44:13Z</time></trkpt><trkpt lat="33.9038419" lon="132.8760521"><ele>290.5266666666667</ele><time>2023-03-11T04:44:29Z</time></trkpt><trkpt lat="33.9037491" lon="132.8758617"><ele>290.35</ele><time>2023-03-11T04:44:54Z</time></trkpt><trkpt lat="33.9036141" lon="132.8757102"><ele>289.2366666666667</ele><time>2023-03-11T04:45:09Z</time></trkpt><trkpt lat="33.9035369" lon="132.8755029"><ele>289.17333333333335</ele><time>2023-03-11T04:45:25Z</time></trkpt><trkpt lat="33.9034803" lon="132.8752971"><ele>289.07</ele><time>2023-03-11T04:45:37Z</time></trkpt><trkpt lat="33.9034501" lon="132.8750814"><ele>288.7366666666667</ele><time>2023-03-11T04:45:50Z</time></trkpt><trkpt lat="33.9034253" lon="132.8748537"><ele>288.4266666666667</ele><time>2023-03-11T04:46:05Z</time></trkpt><trkpt lat="33.9033624" lon="132.8746444"><ele>288.29333333333335</ele><time>2023-03-11T04:46:18Z</time></trkpt><trkpt lat="33.9033029" lon="132.8744391"><ele>288.26666666666665</ele><time>2023-03-11T04:46:31Z</time></trkpt><trkpt lat="33.9032686" lon="132.8742229"><ele>288.08666666666664</ele><time>2023-03-11T04:46:45Z</time></trkpt><trkpt lat="33.9032317" lon="132.8740018"><ele>288.04</ele><time>2023-03-11T04:46:58Z</time></trkpt><trkpt lat="33.9031781" lon="132.8737947"><ele>287.81</ele><time>2023-03-11T04:47:14Z</time></trkpt><trkpt lat="33.9031136" lon="132.8735869"><ele>287.79</ele><time>2023-03-11T04:47:33Z</time></trkpt><trkpt lat="33.9030664" lon="132.8733749"><ele>287.22333333333336</ele><time>2023-03-11T04:47:49Z</time></trkpt><trkpt lat="33.9030209" lon="132.8731592"><ele>286.2266666666667</ele><time>2023-03-11T04:48:18Z</time></trkpt><trkpt lat="33.9029078" lon="132.8729895"><ele>285.09999999999997</ele><time>2023-03-11T04:48:33Z</time></trkpt><trkpt lat="33.902784" lon="132.8728218"><ele>284.49</ele><time>2023-03-11T04:48:45Z</time></trkpt><trkpt lat="33.9026406" lon="132.8726702"><ele>284.3666666666667</ele><time>2023-03-11T04:48:57Z</time></trkpt><trkpt lat="33.9024698" lon="132.8725664"><ele>285.1066666666667</ele><time>2023-03-11T04:49:11Z</time></trkpt><trkpt lat="33.9023095" lon="132.872449"><ele>285.99</ele><time>2023-03-11T04:49:24Z</time></trkpt><trkpt lat="33.9021663" lon="132.8723082"><ele>286.5133333333333</ele><time>2023-03-11T04:49:38Z</time></trkpt><trkpt lat="33.9020474" lon="132.8721423"><ele>285.68</ele><time>2023-03-11T04:49:50Z</time></trkpt><trkpt lat="33.9018796" lon="132.8720453"><ele>284.7066666666667</ele><time>2023-03-11T04:50:05Z</time></trkpt><trkpt lat="33.9017179" lon="132.8719478"><ele>284.2266666666667</ele><time>2023-03-11T04:50:19Z</time></trkpt><trkpt lat="33.9015599" lon="132.871829"><ele>284.4866666666667</ele><time>2023-03-11T04:50:33Z</time></trkpt><trkpt lat="33.9013839" lon="132.8717814"><ele>285.68666666666667</ele><time>2023-03-11T04:50:46Z</time></trkpt><trkpt lat="33.9012008" lon="132.8717466"><ele>287.55</ele><time>2023-03-11T04:51:01Z</time></trkpt><trkpt lat="33.9010195" lon="132.8716816"><ele>289.47333333333336</ele><time>2023-03-11T04:51:15Z</time></trkpt><trkpt lat="33.9008505" lon="132.8715989"><ele>290.32666666666665</ele><time>2023-03-11T04:51:28Z</time></trkpt><trkpt lat="33.9006844" lon="132.8714961"><ele>290.62666666666667</ele><time>2023-03-11T04:51:41Z</time></trkpt><trkpt lat="33.9005496" lon="132.8713261"><ele>290.1033333333333</ele><time>2023-03-11T04:51:55Z</time></trkpt><trkpt lat="33.9003994" lon="132.8711888"><ele>289.07</ele><time>2023-03-11T04:52:10Z</time></trkpt><trkpt lat="33.9003097" lon="132.8709877"><ele>286.7366666666667</ele><time>2023-03-11T04:52:25Z</time></trkpt><trkpt lat="33.9001709" lon="132.8708362"><ele>284.99666666666667</ele><time>2023-03-11T04:52:40Z</time></trkpt><trkpt lat="33.9000383" lon="132.8706819"><ele>284.1033333333333</ele><time>2023-03-11T04:52:55Z</time></trkpt><trkpt lat="33.8998651" lon="132.8707571"><ele>286.22999999999996</ele><time>2023-03-11T04:53:30Z</time></trkpt><trkpt lat="33.8997933" lon="132.8709572"><ele>288.71333333333337</ele><time>2023-03-11T04:53:44Z</time></trkpt><trkpt lat="33.8998079" lon="132.8711755"><ele>290.14</ele><time>2023-03-11T04:53:59Z</time></trkpt><trkpt lat="33.8999074" lon="132.8713693"><ele>288.90333333333336</ele><time>2023-03-11T04:54:14Z</time></trkpt><trkpt lat="33.9000588" lon="132.8715058"><ele>288.6466666666667</ele><time>2023-03-11T04:54:29Z</time></trkpt><trkpt lat="33.9002227" lon="132.871605"><ele>290.56333333333333</ele><time>2023-03-11T04:54:45Z</time></trkpt><trkpt lat="33.9003423" lon="132.8717689"><ele>293.98</ele><time>2023-03-11T04:55:02Z</time></trkpt><trkpt lat="33.9003479" lon="132.8719885"><ele>296.12666666666667</ele><time>2023-03-11T04:55:16Z</time></trkpt><trkpt lat="33.9003217" lon="132.8722029"><ele>296.4633333333333</ele><time>2023-03-11T04:55:32Z</time></trkpt><trkpt lat="33.9002129" lon="132.8723897"><ele>296.2966666666667</ele><time>2023-03-11T04:55:51Z</time></trkpt><trkpt lat="33.9000897" lon="132.8725476"><ele>296.16</ele><time>2023-03-11T04:56:13Z</time></trkpt><trkpt lat="33.8999104" lon="132.8725884"><ele>294.6566666666667</ele><time>2023-03-11T04:56:29Z</time></trkpt><trkpt lat="33.8997546" lon="132.8727026"><ele>293.1066666666666</ele><time>2023-03-11T04:56:45Z</time></trkpt><trkpt lat="33.8995798" lon="132.872787"><ele>291.38</ele><time>2023-03-11T04:57:02Z</time></trkpt><trkpt lat="33.899394" lon="132.8727709"><ele>289.59999999999997</ele><time>2023-03-11T04:57:17Z</time></trkpt><trkpt lat="33.8992446" lon="132.8729064"><ele>288.69</ele><time>2023-03-11T04:57:31Z</time></trkpt><trkpt lat="33.8990875" lon="132.8730191"><ele>288.66333333333336</ele><time>2023-03-11T04:57:48Z</time></trkpt><trkpt lat="33.8989264" lon="132.8731262"><ele>292.0366666666667</ele><time>2023-03-11T04:58:04Z</time></trkpt><trkpt lat="33.8987482" lon="132.8731995"><ele>295.81333333333333</ele><time>2023-03-11T04:58:19Z</time></trkpt><trkpt lat="33.8985737" lon="132.8731045"><ele>299.75666666666666</ele><time>2023-03-11T04:58:34Z</time></trkpt><trkpt lat="33.8983911" lon="132.8731351"><ele>302.7633333333333</ele><time>2023-03-11T04:58:52Z</time></trkpt><trkpt lat="33.8983418" lon="132.8733513"><ele>304.8466666666667</ele><time>2023-03-11T04:59:09Z</time></trkpt><trkpt lat="33.8983458" lon="132.8735798"><ele>308.38666666666666</ele><time>2023-03-11T04:59:43Z</time></trkpt><trkpt lat="33.8982583" lon="132.8737774"><ele>310.59999999999997</ele><time>2023-03-11T04:59:55Z</time></trkpt><trkpt lat="33.8981782" lon="132.8739854"><ele>313.43666666666667</ele><time>2023-03-11T05:00:07Z</time></trkpt><trkpt lat="33.8980801" lon="132.8741686"><ele>315.35333333333335</ele><time>2023-03-11T05:00:18Z</time></trkpt><trkpt lat="33.8979784" lon="132.8743612"><ele>315.65333333333336</ele><time>2023-03-11T05:00:28Z</time></trkpt><trkpt lat="33.8978365" lon="132.8745042"><ele>317.63333333333327</ele><time>2023-03-11T05:00:40Z</time></trkpt><trkpt lat="33.8976469" lon="132.874474"><ele>315.1466666666667</ele><time>2023-03-11T05:00:53Z</time></trkpt><trkpt lat="33.8974622" lon="132.8744716"><ele>314.8866666666667</ele><time>2023-03-11T05:01:05Z</time></trkpt><trkpt lat="33.8973067" lon="132.8743418"><ele>311.8866666666667</ele><time>2023-03-11T05:01:19Z</time></trkpt><trkpt lat="33.8972065" lon="132.8741536"><ele>311.14000000000004</ele><time>2023-03-11T05:01:34Z</time></trkpt><trkpt lat="33.8970608" lon="132.8740225"><ele>309.69</ele><time>2023-03-11T05:01:49Z</time></trkpt><trkpt lat="33.8968727" lon="132.8739935"><ele>307.77666666666664</ele><time>2023-03-11T05:02:05Z</time></trkpt><trkpt lat="33.8967084" lon="132.8740884"><ele>306.89</ele><time>2023-03-11T05:02:20Z</time></trkpt><trkpt lat="33.896536" lon="132.8741644"><ele>306.5566666666666</ele><time>2023-03-11T05:02:48Z</time></trkpt><trkpt lat="33.8963701" lon="132.8742722"><ele>306.4166666666667</ele><time>2023-03-11T05:03:01Z</time></trkpt><trkpt lat="33.8961879" lon="132.8743442"><ele>306.2366666666667</ele><time>2023-03-11T05:03:15Z</time></trkpt><trkpt lat="33.896" lon="132.8743706"><ele>305.90333333333336</ele><time>2023-03-11T05:03:27Z</time></trkpt><trkpt lat="33.8958945" lon="132.8745482"><ele>306.8533333333333</ele><time>2023-03-11T05:03:38Z</time></trkpt><trkpt lat="33.8957084" lon="132.8745674"><ele>308.59</ele><time>2023-03-11T05:03:53Z</time></trkpt><trkpt lat="33.8955278" lon="132.8745761"><ele>311.8233333333333</ele><time>2023-03-11T05:04:03Z</time></trkpt><trkpt lat="33.8953515" lon="132.8746489"><ele>313.61333333333334</ele><time>2023-03-11T05:04:18Z</time></trkpt><trkpt lat="33.8951703" lon="132.874704"><ele>315.24</ele><time>2023-03-11T05:04:32Z</time></trkpt><trkpt lat="33.8949799" lon="132.8746532"><ele>314.39000000000004</ele><time>2023-03-11T05:04:45Z</time></trkpt><trkpt lat="33.8948" lon="132.8745714"><ele>313.18</ele><time>2023-03-11T05:05:01Z</time></trkpt><trkpt lat="33.8946153" lon="132.8745582"><ele>312.45</ele><time>2023-03-11T05:05:31Z</time></trkpt><trkpt lat="33.8944601" lon="132.874437"><ele>313.7033333333333</ele><time>2023-03-11T05:05:44Z</time></trkpt><trkpt lat="33.8943528" lon="132.8742618"><ele>315.37333333333333</ele><time>2023-03-11T05:05:56Z</time></trkpt><trkpt lat="33.8942358" lon="132.8740855"><ele>315.01</ele><time>2023-03-11T05:06:09Z</time></trkpt><trkpt lat="33.8940971" lon="132.8739438"><ele>314.09999999999997</ele><time>2023-03-11T05:06:23Z</time></trkpt><trkpt lat="33.8939698" lon="132.8737794"><ele>313.68333333333334</ele><time>2023-03-11T05:06:38Z</time></trkpt><trkpt lat="33.893848" lon="132.8736042"><ele>314.4166666666667</ele><time>2023-03-11T05:06:55Z</time></trkpt><trkpt lat="33.8937518" lon="132.8734161"><ele>314.81666666666666</ele><time>2023-03-11T05:07:10Z</time></trkpt><trkpt lat="33.8937181" lon="132.8731979"><ele>313.53333333333336</ele><time>2023-03-11T05:07:26Z</time></trkpt><trkpt lat="33.8936603" lon="132.8729918"><ele>311.61</ele><time>2023-03-11T05:07:39Z</time></trkpt><trkpt lat="33.8935039" lon="132.87288"><ele>310.0266666666667</ele><time>2023-03-11T05:07:54Z</time></trkpt><trkpt lat="33.8933303" lon="132.8729416"><ele>310.57666666666665</ele><time>2023-03-11T05:08:06Z</time></trkpt><trkpt lat="33.8931459" lon="132.8729596"><ele>312.60999999999996</ele><time>2023-03-11T05:08:23Z</time></trkpt><trkpt lat="33.8929833" lon="132.872855"><ele>313.7</ele><time>2023-03-11T05:08:39Z</time></trkpt><trkpt lat="33.892808" lon="132.8727829"><ele>314.9533333333333</ele><time>2023-03-11T05:08:52Z</time></trkpt><trkpt lat="33.8926391" lon="132.8726918"><ele>315.93666666666667</ele><time>2023-03-11T05:09:05Z</time></trkpt><trkpt lat="33.8924558" lon="132.8726561"><ele>317.46999999999997</ele><time>2023-03-11T05:09:17Z</time></trkpt><trkpt lat="33.8922911" lon="132.8727509"><ele>317.8666666666666</ele><time>2023-03-11T05:09:37Z</time></trkpt><trkpt lat="33.8922488" lon="132.8729636"><ele>318.04999999999995</ele><time>2023-03-11T05:09:51Z</time></trkpt><trkpt lat="33.8921358" lon="132.8731478"><ele>318.4433333333333</ele><time>2023-03-11T05:10:08Z</time></trkpt><trkpt lat="33.8920506" lon="132.8733454"><ele>319.2333333333333</ele><time>2023-03-11T05:10:22Z</time></trkpt><trkpt lat="33.8919493" lon="132.8735274"><ele>320.06666666666666</ele><time>2023-03-11T05:10:40Z</time></trkpt><trkpt lat="33.8917786" lon="132.8735988"><ele>323.0466666666667</ele><time>2023-03-11T05:11:07Z</time></trkpt><trkpt lat="33.8915925" lon="132.8735428"><ele>323.44</ele><time>2023-03-11T05:11:29Z</time></trkpt><trkpt lat="33.8914306" lon="132.8734428"><ele>322.87666666666667</ele><time>2023-03-11T05:11:38Z</time></trkpt><trkpt lat="33.8912434" lon="132.8733976"><ele>320.52333333333337</ele><time>2023-03-11T05:11:50Z</time></trkpt><trkpt lat="33.8910625" lon="132.8734442"><ele>321.38</ele><time>2023-03-11T05:12:06Z</time></trkpt><trkpt lat="33.8908742" lon="132.8734172"><ele>323.4266666666667</ele><time>2023-03-11T05:12:21Z</time></trkpt><trkpt lat="33.8906982" lon="132.8733399"><ele>326.27666666666664</ele><time>2023-03-11T05:12:35Z</time></trkpt><trkpt lat="33.8905776" lon="132.8731782"><ele>328.03333333333336</ele><time>2023-03-11T05:12:50Z</time></trkpt><trkpt lat="33.8904524" lon="132.8730107"><ele>328.25666666666666</ele><time>2023-03-11T05:13:02Z</time></trkpt><trkpt lat="33.8903221" lon="132.8728515"><ele>327.4433333333333</ele><time>2023-03-11T05:13:17Z</time></trkpt><trkpt lat="33.8901372" lon="132.8727827"><ele>327.71000000000004</ele><time>2023-03-11T05:13:36Z</time></trkpt><trkpt lat="33.8899641" lon="132.8727137"><ele>328.56333333333333</ele><time>2023-03-11T05:13:53Z</time></trkpt><trkpt lat="33.8898144" lon="132.8725916"><ele>328.98333333333335</ele><time>2023-03-11T05:14:10Z</time></trkpt><trkpt lat="33.8896563" lon="132.8724624"><ele>328.75</ele><time>2023-03-11T05:14:23Z</time></trkpt><trkpt lat="33.8894698" lon="132.8723897"><ele>328.56</ele><time>2023-03-11T05:14:38Z</time></trkpt><trkpt lat="33.8892994" lon="132.8722977"><ele>328.59333333333336</ele><time>2023-03-11T05:14:55Z</time></trkpt><trkpt lat="33.8892194" lon="132.8720982"><ele>328.38666666666666</ele><time>2023-03-11T05:15:08Z</time></trkpt><trkpt lat="33.8891227" lon="132.8719135"><ele>327.25</ele><time>2023-03-11T05:15:22Z</time></trkpt><trkpt lat="33.8889523" lon="132.8720029"><ele>327.07</ele><time>2023-03-11T05:15:34Z</time></trkpt><trkpt lat="33.8887987" lon="132.8721196"><ele>327.52</ele><time>2023-03-11T05:15:47Z</time></trkpt><trkpt lat="33.8886171" lon="132.8720736"><ele>328.71943453054206</ele><time>2023-03-11T05:16:01Z</time></trkpt><trkpt lat="33.8884709" lon="132.8719357"><ele>329.72165680294415</ele><time>2023-03-11T05:16:15Z</time></trkpt><trkpt lat="33.8884083" lon="132.87173"><ele>329.9650446208098</ele><time>2023-03-11T05:16:30Z</time></trkpt><trkpt lat="33.8884182" lon="132.8715102"><ele>330.45068415465175</ele><time>2023-03-11T05:16:46Z</time></trkpt><trkpt lat="33.8884536" lon="132.8712908"><ele>330.7425961639379</ele><time>2023-03-11T05:17:02Z</time></trkpt><trkpt lat="33.8885343" lon="132.8710799"><ele>331.72880970097526</ele><time>2023-03-11T05:17:18Z</time></trkpt><trkpt lat="33.8885509" lon="132.8708621"><ele>332.5256298602722</ele><time>2023-03-11T05:17:33Z</time></trkpt><trkpt lat="33.8885946" lon="132.8706428"><ele>333.0014866645884</ele><time>2023-03-11T05:17:46Z</time></trkpt><trkpt lat="33.8886164" lon="132.8704184"><ele>334.5705434718504</ele><time>2023-03-11T05:18:02Z</time></trkpt><trkpt lat="33.8886886" lon="132.8702131"><ele>333.275315914836</ele><time>2023-03-11T05:18:19Z</time></trkpt></trkseg></trk></gpx>