grounding_request_id,mountain_no,mountain_name,municipality,island,selection_reason_codes,review_buckets,top1_summit_candidate_id,source_gpx_basename,packet_markdown_path,machine_packet_jsonl_path,submission_status,submitted_at,external_agent_name,raw_response_id,notes
req-grounding-000003-dcffce2d01c13daa,3,高森山,東温市,,review_bucket_resolve_conflict|compact_review_priority_high|compact_reason_shared_candidate|prio_reason_shared_top|prio_reason_top_ambiguous|stability_level_location_uncertain_keep|municipality_stability_boundary_ambiguous,resolve_conflict|low_priority|check_location_warning,summit-candidate:e7ae682a07af2e10,yamap_2022-01-22_09_04.gpx,review_required_request_packets/mountain_000003.md,review_required_grounding_request_packets.jsonl,pending,,,,
req-grounding-000004-44ba3a4caf8e6c05,4,岩伽羅山,東温市,,review_bucket_resolve_conflict|compact_review_priority_high|mutual_top1_false|compact_reason_shared_candidate|compact_reason_not_mutual_top1|prio_reason_shared_top|prio_reason_top_ambiguous|stability_level_location_uncertain_keep|municipality_stability_boundary_ambiguous,resolve_conflict|low_priority|check_location_warning,summit-candidate:e7ae682a07af2e10,yamap_2022-01-22_09_04.gpx,review_required_request_packets/mountain_000004.md,review_required_grounding_request_packets.jsonl,pending,,,,
req-grounding-000005-42cca397efb721cf,5,衣掛山,東温市,,review_bucket_resolve_conflict|compact_review_priority_high|mutual_top1_false|compact_reason_shared_candidate|compact_reason_not_mutual_top1|prio_reason_shared_top|prio_reason_top_ambiguous|municipality_stability_near_boundary,resolve_conflict|low_priority|check_location_warning,summit-candidate:d03c84134ca0989d,yamap_2022-01-22_09_04.gpx,review_required_request_packets/mountain_000005.md,review_required_grounding_request_packets.jsonl,pending,,,,
req-grounding-000006-f272a92bc24ee9c0,6,吉山(吉山城址),東温市,,review_bucket_resolve_conflict|compact_review_priority_high|compact_reason_shared_candidate|prio_reason_shared_top|prio_reason_top_ambiguous|municipality_stability_near_boundary,resolve_conflict|check_location_warning,summit-candidate:d03c84134ca0989d,yamap_2022-01-22_09_04.gpx,review_required_request_packets/mountain_000006.md,review_required_grounding_request_packets.jsonl,pending,,,,
req-grounding-000010-2857e2817be14262,10,恵良山,松山市,,review_bucket_resolve_conflict|compact_review_priority_high|compact_reason_shared_candidate|prio_reason_shared_top|prio_reason_top_ambiguous,resolve_conflict|low_priority|check_location_warning,summit-candidate:40260be41579ab8f,yamap_2022-01-28_12_28.gpx,review_required_request_packets/mountain_000010.md,review_required_grounding_request_packets.jsonl,pending,,,,
req-grounding-000011-b8840847243f3fb4,11,皿ヶ森,東温市,,review_bucket_resolve_conflict|compact_review_priority_high|compact_reason_shared_candidate|prio_reason_shared_top|prio_reason_top_ambiguous,resolve_conflict|low_priority|check_location_warning,summit-candidate:59c561a08189d6b9,yamap_2022-01-29_08_35.gpx,review_required_request_packets/mountain_000011.md,review_required_grounding_request_packets.jsonl,pending,,,,
req-grounding-000012-5decd23046de75b8,12,経座ヶ森,東温市,,review_bucket_resolve_conflict|compact_review_priority_high|mutual_top1_false|compact_reason_shared_candidate|compact_reason_not_mutual_top1|prio_reason_shared_top|prio_reason_top_ambiguous,resolve_conflict|check_close_alternatives|check_location_warning,summit-candidate:59c561a08189d6b9,yamap_2022-01-29_08_35.gpx,review_required_request_packets/mountain_000012.md,review_required_grounding_request_packets.jsonl,pending,,,,
req-grounding-000013-49dd5cbef17b0525,13,谷上山,伊予市,,review_bucket_resolve_conflict|compact_review_priority_high|compact_reason_shared_candidate|prio_reason_shared_top|prio_reason_top_ambiguous|municipality_stability_near_boundary,resolve_conflict|low_priority|check_location_warning,summit-candidate:0eff3d1ea2b48d73,yamap_2022-02-06_08_26.gpx,review_required_request_packets/mountain_000013.md,review_required_grounding_request_packets.jsonl,pending,,,,
req-grounding-000014-a6a89d813e1b82d2,14,権現山,伊予市,,review_bucket_resolve_conflict|compact_review_priority_high|mutual_top1_false|compact_reason_shared_candidate|compact_reason_not_mutual_top1|prio_reason_shared_top|prio_reason_top_ambiguous|municipality_stability_near_boundary,low_priority|resolve_conflict|check_location_warning,summit-candidate:0eff3d1ea2b48d73,yamap_2022-02-06_08_26.gpx,review_required_request_packets/mountain_000014.md,review_required_grounding_request_packets.jsonl,pending,,,,
req-grounding-000015-253f9a4926ba58a1,15,白滝山,伊予市,,stability_level_location_uncertain_keep|municipality_stability_boundary_ambiguous,accept_candidate_after_map_check|low_priority|resolve_conflict|check_location_warning,summit-candidate:ea5f711625df386b,yamap_2022-02-06_08_26.gpx,review_required_request_packets/mountain_000015.md,review_required_grounding_request_packets.jsonl,pending,,,,
req-grounding-000016-152974db230e3057,16,障子山,伊予市,,review_bucket_resolve_conflict|compact_review_priority_high|compact_reason_shared_candidate|prio_reason_shared_top|prio_reason_top_ambiguous|stability_level_location_uncertain_keep|municipality_stability_boundary_ambiguous,resolve_conflict|low_priority,summit-candidate:a0ef25e9a532b62e,yamap_2022-02-06_08_26.gpx,review_required_request_packets/mountain_000016.md,review_required_grounding_request_packets.jsonl,pending,,,,
req-grounding-000020-b9e1c4f69e013da5,20,ケタ山,東温市,,review_bucket_resolve_conflict|compact_review_priority_high|mutual_top1_false|compact_reason_shared_candidate|compact_reason_not_mutual_top1|prio_reason_shared_top|prio_reason_top_ambiguous,resolve_conflict|check_close_alternatives|low_priority|check_location_warning,summit-candidate:24dc6cf37ce4e715,yamap_2022-02-11_08_26.gpx,review_required_request_packets/mountain_000020.md,review_required_grounding_request_packets.jsonl,pending,,,,
req-grounding-000021-22fe9b3313dadc30,21,大磨山,東温市,,review_bucket_resolve_conflict|compact_review_priority_high|compact_reason_shared_candidate|prio_reason_shared_top|prio_reason_top_ambiguous,resolve_conflict|check_close_alternatives|low_priority|check_location_warning,summit-candidate:24dc6cf37ce4e715,yamap_2022-02-11_08_26.gpx,review_required_request_packets/mountain_000021.md,review_required_grounding_request_packets.jsonl,pending,,,,
req-grounding-000025-5712f66f4ec43a78,25,愛宕山,松山市,,review_bucket_resolve_conflict|compact_review_priority_high|compact_reason_shared_candidate|prio_reason_shared_top|prio_reason_top_ambiguous,resolve_conflict|low_priority|check_location_warning,summit-candidate:d9391b001d4bc442,yamap_2022-02-16_11_57.gpx,review_required_request_packets/mountain_000025.md,review_required_grounding_request_packets.jsonl,pending,,,,
req-grounding-000026-76141487eb8e2ed4,26,常光寺山,松山市,,review_bucket_resolve_conflict|compact_review_priority_high|mutual_top1_false|compact_reason_shared_candidate|compact_reason_not_mutual_top1|prio_reason_shared_top|prio_reason_top_ambiguous,resolve_conflict|low_priority,summit-candidate:d9391b001d4bc442,yamap_2022-02-16_11_57.gpx,review_required_request_packets/mountain_000026.md,review_required_grounding_request_packets.jsonl,pending,,,,
req-grounding-000027-1b2a8b371e93fa87,27,杉立山,松山市,,review_bucket_resolve_conflict|compact_review_priority_high|mutual_top1_false|compact_reason_shared_candidate|compact_reason_not_mutual_top1|prio_reason_shared_top|prio_reason_top_ambiguous|stability_level_location_uncertain_keep|municipality_stability_boundary_ambiguous,resolve_conflict|check_location_warning|check_close_alternatives,summit-candidate:17c3649ad9b147ce,yamap_2026-01-07_07_05.gpx,review_required_request_packets/mountain_000027.md,review_required_grounding_request_packets.jsonl,pending,,,,
req-grounding-000028-bd6c081403ce1e46,28,岩柄山,松山市,,review_bucket_resolve_conflict|compact_review_priority_high|mutual_top1_false|compact_reason_shared_candidate|compact_reason_not_mutual_top1|prio_reason_shared_top|prio_reason_top_ambiguous,resolve_conflict|low_priority|check_location_warning,summit-candidate:7d7066baad9d7077,yamap_2022-03-03_10_47.gpx,review_required_request_packets/mountain_000028.md,review_required_grounding_request_packets.jsonl,pending,,,,
req-grounding-000030-fd9e0e4776dbbd9e,30,勝岡山,松山市,,review_bucket_resolve_conflict|compact_review_priority_high|mutual_top1_false|compact_reason_shared_candidate|compact_reason_not_mutual_top1|prio_reason_shared_top|prio_reason_top_ambiguous,resolve_conflict|low_priority|check_location_warning,summit-candidate:43911aa413390192,yamap_2022-06-29_08_48.gpx,review_required_request_packets/mountain_000030.md,review_required_grounding_request_packets.jsonl,pending,,,,
req-grounding-000031-869da27ab8875856,31,西山,松山市,,review_bucket_resolve_conflict|compact_review_priority_high|compact_reason_shared_candidate|prio_reason_shared_top|prio_reason_top_ambiguous|municipality_stability_near_boundary,resolve_conflict|check_location_warning,summit-candidate:bdfa250c89c1ca90,yamap_2022-02-23_08_42.gpx,review_required_request_packets/mountain_000031.md,review_required_grounding_request_packets.jsonl,pending,,,,
req-grounding-000032-3fc0462411106a27,32,岩子山,松山市,,review_bucket_resolve_conflict|compact_review_priority_high|mutual_top1_false|compact_reason_shared_candidate|compact_reason_not_mutual_top1|prio_reason_shared_top|prio_reason_top_ambiguous|municipality_stability_near_boundary,resolve_conflict,summit-candidate:23c112538ef91e0d,yamap_2022-02-23_08_42.gpx,review_required_request_packets/mountain_000032.md,review_required_grounding_request_packets.jsonl,pending,,,,
req-grounding-000033-3084f9e97fa69d6c,33,経ヶ森,松山市,,review_bucket_resolve_conflict|compact_review_priority_high|compact_reason_shared_candidate|prio_reason_shared_top|prio_reason_top_ambiguous|municipality_stability_near_boundary,resolve_conflict|low_priority|check_location_warning,summit-candidate:23c112538ef91e0d,yamap_2022-02-23_08_42.gpx,review_required_request_packets/mountain_000033.md,review_required_grounding_request_packets.jsonl,pending,,,,
req-grounding-000034-d51317df40193ceb,34,護摩ヶ森,松山市,,review_bucket_resolve_conflict|compact_review_priority_high|mutual_top1_false|compact_reason_shared_candidate|compact_reason_not_mutual_top1|prio_reason_shared_top|prio_reason_top_ambiguous|municipality_stability_near_boundary,resolve_conflict|low_priority|check_location_warning,summit-candidate:bdfa250c89c1ca90,yamap_2022-02-23_08_42.gpx,review_required_request_packets/mountain_000034.md,review_required_grounding_request_packets.jsonl,pending,,,,
req-grounding-000035-d626fef8248f84a2,35,御岳山,東温市,,review_bucket_resolve_conflict|compact_review_priority_high|compact_reason_shared_candidate|prio_reason_shared_top|prio_reason_top_ambiguous|municipality_stability_near_boundary,resolve_conflict|low_priority|check_location_warning,summit-candidate:54cf4155ab259d9d,yamap_2022-02-26_07_43.gpx,review_required_request_packets/mountain_000035.md,review_required_grounding_request_packets.jsonl,pending,,,,
req-grounding-000036-c05e43c53cef4067,36,石槌山,東温市,,review_bucket_resolve_conflict|compact_review_priority_high|mutual_top1_false|compact_reason_shared_candidate|compact_reason_not_mutual_top1|prio_reason_shared_top|prio_reason_top_ambiguous|municipality_stability_near_boundary,resolve_conflict|check_close_alternatives|check_location_warning,summit-candidate:54cf4155ab259d9d,yamap_2022-02-26_07_43.gpx,review_required_request_packets/mountain_000036.md,review_required_grounding_request_packets.jsonl,pending,,,,
req-grounding-000037-90bec6ea859adea9,37,日王山,松山市,,review_bucket_resolve_conflict|compact_review_priority_high|mutual_top1_false|compact_reason_shared_candidate|compact_reason_not_mutual_top1|prio_reason_shared_top|prio_reason_top_ambiguous,resolve_conflict|check_close_alternatives|check_location_warning,summit-candidate:2011a6c909945d6f,yamap_2026-04-12_11_03.gpx,review_required_request_packets/mountain_000037.md,review_required_grounding_request_packets.jsonl,pending,,,,
req-grounding-000038-209f20dcbe2ac785,38,重茂山,今治市,,review_bucket_resolve_conflict|compact_review_priority_high|mutual_top1_false|compact_reason_shared_candidate|compact_reason_not_mutual_top1|prio_reason_shared_top|prio_reason_top_ambiguous|municipality_stability_near_boundary,resolve_conflict|low_priority|check_location_warning,summit-candidate:fbd725fc8006e2c8,yamap_2022-02-28_13_13.gpx,review_required_request_packets/mountain_000038.md,review_required_grounding_request_packets.jsonl,pending,,,,
req-grounding-000039-158e51ffaee544b4,39,花木山,今治市,,review_bucket_resolve_conflict|compact_review_priority_high|compact_reason_shared_candidate|prio_reason_shared_top|prio_reason_top_ambiguous|municipality_stability_near_boundary,resolve_conflict|check_location_warning,summit-candidate:fbd725fc8006e2c8,yamap_2022-02-28_13_13.gpx,review_required_request_packets/mountain_000039.md,review_required_grounding_request_packets.jsonl,pending,,,,
req-grounding-000040-d680eb71cdfbb8b2,40,ヌタノサコ,松山市,,review_bucket_resolve_conflict|compact_review_priority_high|compact_reason_shared_candidate|prio_reason_shared_top|prio_reason_top_ambiguous,resolve_conflict|low_priority|check_location_warning,summit-candidate:7d7066baad9d7077,yamap_2022-03-03_10_47.gpx,review_required_request_packets/mountain_000040.md,review_required_grounding_request_packets.jsonl,pending,,,,
req-grounding-000043-9788e13852d54adc,43,向山,砥部町,,review_bucket_resolve_conflict|compact_review_priority_high|mutual_top1_false|compact_reason_not_mutual_top1|prio_reason_top_ambiguous|municipality_stability_near_boundary,resolve_conflict|check_close_alternatives|low_priority|check_location_warning,summit-candidate:07834c521328cc1d,yamap_2022-03-05_09_44.gpx,review_required_request_packets/mountain_000043.md,review_required_grounding_request_packets.jsonl,pending,,,,
req-grounding-000048-11ba0f1626d04e5d,48,芝ヶ峠,松山市,,review_bucket_resolve_conflict|compact_review_priority_high|compact_reason_shared_candidate|prio_reason_shared_top|prio_reason_top_ambiguous,resolve_conflict|check_close_alternatives|check_location_warning,summit-candidate:079ae30d76fb11c2,yamap_2022-03-13_09_49.gpx,review_required_request_packets/mountain_000048.md,review_required_grounding_request_packets.jsonl,pending,,,,
req-grounding-000049-a258d4ba32a79c1f,49,大久保山,松山市,,review_bucket_resolve_conflict|compact_review_priority_high|compact_reason_shared_candidate|prio_reason_shared_top|prio_reason_top_ambiguous,resolve_conflict|check_close_alternatives|check_location_warning,summit-candidate:5aff666aa93b3a17,yamap_2022-03-20_07_06.gpx,review_required_request_packets/mountain_000049.md,review_required_grounding_request_packets.jsonl,pending,,,,
req-grounding-000050-e07f20cfd19fa197,50,八里ヶ峠,松山市,,review_bucket_resolve_conflict|compact_review_priority_high|mutual_top1_false|compact_reason_shared_candidate|compact_reason_not_mutual_top1|prio_reason_shared_top|prio_reason_top_ambiguous,resolve_conflict|check_close_alternatives|check_location_warning,summit-candidate:5aff666aa93b3a17,yamap_2022-03-20_07_06.gpx,review_required_request_packets/mountain_000050.md,review_required_grounding_request_packets.jsonl,pending,,,,
req-grounding-000051-2360bb0dc92fd000,51,中坂山,松山市,,review_bucket_resolve_conflict|compact_review_priority_high|compact_reason_shared_candidate|prio_reason_shared_top|prio_reason_top_ambiguous,resolve_conflict|check_close_alternatives,summit-candidate:452c10a1db199870,yamap_2022-03-20_07_06.gpx,review_required_request_packets/mountain_000051.md,review_required_grounding_request_packets.jsonl,pending,,,,
req-grounding-000052-74d5ae52c1fa60b0,52,天神山,松山市,,review_bucket_resolve_conflict|compact_review_priority_high|mutual_top1_false|compact_reason_shared_candidate|compact_reason_not_mutual_top1|prio_reason_shared_top|prio_reason_top_ambiguous,resolve_conflict|low_priority,summit-candidate:452c10a1db199870,yamap_2022-03-20_07_06.gpx,review_required_request_packets/mountain_000052.md,review_required_grounding_request_packets.jsonl,pending,,,,
req-grounding-000053-60c86055cba33bf4,53,室岡山,松山市,,review_bucket_resolve_conflict|compact_review_priority_high|mutual_top1_false|compact_reason_shared_candidate|compact_reason_not_mutual_top1|prio_reason_shared_top|prio_reason_top_ambiguous,resolve_conflict|check_close_alternatives,summit-candidate:452c10a1db199870,yamap_2022-03-20_07_06.gpx,review_required_request_packets/mountain_000053.md,review_required_grounding_request_packets.jsonl,pending,,,,
req-grounding-000054-02cad5043cf8699a,54,潮見山,松山市,,review_bucket_resolve_conflict|compact_review_priority_high|mutual_top1_false|compact_reason_shared_candidate|compact_reason_not_mutual_top1|prio_reason_shared_top|prio_reason_top_ambiguous,resolve_conflict|low_priority,summit-candidate:3259dfe3d9ce60c5,yamap_2022-03-23_07_38.gpx,review_required_request_packets/mountain_000054.md,review_required_grounding_request_packets.jsonl,pending,,,,
req-grounding-000055-81d69aed5deec0ab,55,明神山,松山市,,review_bucket_resolve_conflict|compact_review_priority_high|compact_reason_shared_candidate|prio_reason_shared_top|prio_reason_top_ambiguous,resolve_conflict|low_priority|check_location_warning,summit-candidate:3259dfe3d9ce60c5,yamap_2022-03-23_07_38.gpx,review_required_request_packets/mountain_000055.md,review_required_grounding_request_packets.jsonl,pending,,,,
req-grounding-000058-e0b676e5142eda6b,58,ヨソ山,西条市,,review_bucket_resolve_conflict|compact_review_priority_high|mutual_top1_false|compact_reason_not_mutual_top1|stability_level_adjacent_but_deep_inside,resolve_conflict|check_close_alternatives|check_location_warning,summit-candidate:555fd1e3be8780dd,yamap_2022-03-25_12_12.gpx,review_required_request_packets/mountain_000058.md,review_required_grounding_request_packets.jsonl,pending,,,,
req-grounding-000060-6c3031f4d53fc4f9,60,鬼ヶ城山,宇和島市,,review_bucket_resolve_conflict|compact_review_priority_high|compact_reason_shared_candidate|prio_reason_shared_top|prio_reason_top_ambiguous,resolve_conflict|low_priority|check_location_warning,summit-candidate:7ceb76663c2bb81b,yamap_2022-04-08_09_33.gpx,review_required_request_packets/mountain_000060.md,review_required_grounding_request_packets.jsonl,pending,,,,
req-grounding-000063-b0726b382a9657d5,63,大久保山,宇和島市,,review_bucket_resolve_conflict|compact_review_priority_high|mutual_top1_false|compact_reason_shared_candidate|compact_reason_not_mutual_top1|prio_reason_shared_top|prio_reason_top_ambiguous,resolve_conflict|check_close_alternatives|low_priority|check_location_warning,summit-candidate:7ceb76663c2bb81b,yamap_2022-04-08_09_33.gpx,review_required_request_packets/mountain_000063.md,review_required_grounding_request_packets.jsonl,pending,,,,
req-grounding-000065-2c79be54ab4e205d,65,引地山,松山市,,review_bucket_resolve_conflict|compact_review_priority_high|mutual_top1_false|compact_reason_shared_candidate|compact_reason_not_mutual_top1|prio_reason_shared_top|prio_reason_top_ambiguous|municipality_stability_near_boundary|stability_level_boundary_plausible,resolve_conflict|low_priority|check_location_warning,summit-candidate:7a1f0e8b5f9e5cc2,yamap_2022-04-15_11_52.gpx,review_required_request_packets/mountain_000065.md,review_required_grounding_request_packets.jsonl,pending,,,,
req-grounding-000066-2c1102073b2860b6,66,東三方ヶ森,東温市,,stability_level_location_uncertain_keep|municipality_stability_boundary_ambiguous,accept_candidate_after_map_check|low_priority|check_location_warning|resolve_conflict,summit-candidate:d06b9d5365beffaa,yamap_2022-04-16_07_39.gpx,review_required_request_packets/mountain_000066.md,review_required_grounding_request_packets.jsonl,pending,,,,
req-grounding-000071-205c6f4198e13f2b,71,碁石ヶ森,西予市,,review_bucket_resolve_conflict|compact_review_priority_high|compact_reason_shared_candidate|prio_reason_shared_top|prio_reason_top_ambiguous,resolve_conflict|low_priority|check_location_warning,summit-candidate:ee9d736a090185dd,yamap_2022-04-22_17_29.gpx,review_required_request_packets/mountain_000071.md,review_required_grounding_request_packets.jsonl,pending,,,,
req-grounding-000072-fd84b0c5873739fe,72,伊之子山,松山市,,review_bucket_resolve_conflict|compact_review_priority_high|mutual_top1_false|compact_reason_not_mutual_top1|prio_reason_top_ambiguous|municipality_stability_near_boundary,resolve_conflict|low_priority|check_location_warning,summit-candidate:15c71a530dcecd2e,yamap_2022-04-25_11_35.gpx,review_required_request_packets/mountain_000072.md,review_required_grounding_request_packets.jsonl,pending,,,,
req-grounding-000073-1d44089c261c4bd9,73,御在所山,西予市,,stability_level_location_uncertain_keep|municipality_stability_boundary_ambiguous,accept_candidate_after_map_check|resolve_conflict|low_priority|check_location_warning,summit-candidate:61f36127d879648f,yamap_2022-04-27_10_31.gpx,review_required_request_packets/mountain_000073.md,review_required_grounding_request_packets.jsonl,pending,,,,
req-grounding-000074-5bd39cc85715e628,74,岩黒山,久万高原町,,stability_level_location_uncertain_keep|municipality_stability_boundary_ambiguous,accept_candidate_after_map_check|resolve_conflict|low_priority|check_location_warning,summit-candidate:591204fdc01b55b6,yamap_2022-04-30_08_30.gpx,review_required_request_packets/mountain_000074.md,review_required_grounding_request_packets.jsonl,pending,,,,
req-grounding-000075-293495d062f970cf,75,筒上山,久万高原町,,review_bucket_resolve_conflict|compact_review_priority_high|compact_reason_shared_candidate|prio_reason_shared_top|prio_reason_top_ambiguous|municipality_stability_near_boundary,resolve_conflict|low_priority,summit-candidate:71b10e23075edf20,yamap_2022-04-30_08_30.gpx,review_required_request_packets/mountain_000075.md,review_required_grounding_request_packets.jsonl,pending,,,,
req-grounding-000076-36040779b3117a65,76,手箱山,久万高原町,,stability_level_location_uncertain_keep|municipality_stability_outside_prefecture,accept_candidate_after_map_check|resolve_conflict|check_close_alternatives,summit-candidate:43f9d4fa36aabb79,yamap_2022-04-30_08_30.gpx,review_required_request_packets/mountain_000076.md,review_required_grounding_request_packets.jsonl,pending,,,,
req-grounding-000077-9a4687922b1e03fa,77,大川嶺,久万高原町,,review_bucket_resolve_conflict|compact_review_priority_high|compact_reason_shared_candidate|prio_reason_shared_top|prio_reason_top_ambiguous|municipality_stability_near_boundary,resolve_conflict|low_priority,summit-candidate:1ebd63d8e2790409,yamap_2022-05-02_09_06.gpx,review_required_request_packets/mountain_000077.md,review_required_grounding_request_packets.jsonl,pending,,,,
req-grounding-000078-47c3385d4cbd8f78,78,笠取山,久万高原町,,review_bucket_resolve_conflict|compact_review_priority_high|mutual_top1_false|compact_reason_shared_candidate|compact_reason_not_mutual_top1|prio_reason_shared_top|prio_reason_top_ambiguous|municipality_stability_near_boundary,low_priority|resolve_conflict,summit-candidate:1ebd63d8e2790409,yamap_2022-05-02_09_06.gpx,review_required_request_packets/mountain_000078.md,review_required_grounding_request_packets.jsonl,pending,,,,
req-grounding-000079-5175b4a2bf5be662,79,ウバホド山,久万高原町,,review_bucket_resolve_conflict|compact_review_priority_high|mutual_top1_false|compact_reason_shared_candidate|compact_reason_not_mutual_top1|prio_reason_shared_top|prio_reason_top_ambiguous|municipality_stability_near_boundary,resolve_conflict|low_priority,summit-candidate:1ebd63d8e2790409,yamap_2022-05-02_09_06.gpx,review_required_request_packets/mountain_000079.md,review_required_grounding_request_packets.jsonl,pending,,,,
req-grounding-000080-b6edcb21807a589f,80,うなめご,東温市,,stability_level_boundary_plausible,accept_candidate_after_map_check|low_priority|resolve_conflict|check_location_warning,summit-candidate:ea6bebee79234da7,yamap_2022-05-05_13_29.gpx,review_required_request_packets/mountain_000080.md,review_required_grounding_request_packets.jsonl,pending,,,,
req-grounding-000081-7236f8ab4655f576,81,前々司山,東温市,,stability_level_location_uncertain_keep|municipality_stability_boundary_ambiguous,accept_candidate_after_map_check|check_location_warning|resolve_conflict,summit-candidate:e7e4429a39f6359f,yamap_2022-05-05_13_29.gpx,review_required_request_packets/mountain_000081.md,review_required_grounding_request_packets.jsonl,pending,,,,
req-grounding-000082-1ed997b553177a97,82,陣ヶ森,東温市,,review_bucket_resolve_conflict|compact_review_priority_high|compact_reason_shared_candidate|prio_reason_shared_top|prio_reason_top_ambiguous|municipality_stability_near_boundary|stability_level_boundary_plausible,resolve_conflict|low_priority|check_location_warning,summit-candidate:e084389cc60ad329,yamap_2022-05-05_13_29.gpx,review_required_request_packets/mountain_000082.md,review_required_grounding_request_packets.jsonl,pending,,,,
req-grounding-000083-4084d8a9ecb719e4,83,寒川山,四国中央市,,review_bucket_resolve_conflict|compact_review_priority_high|mutual_top1_false|compact_reason_shared_candidate|compact_reason_not_mutual_top1|prio_reason_shared_top|prio_reason_top_ambiguous,resolve_conflict|check_close_alternatives|check_location_warning,summit-candidate:2f7dbee4c5bde53e,yamap_2022-05-07_07_14.gpx,review_required_request_packets/mountain_000083.md,review_required_grounding_request_packets.jsonl,pending,,,,
req-grounding-000084-ca053fb8ac3e30ca,84,豊受山,四国中央市,,review_bucket_resolve_conflict|compact_review_priority_high|compact_reason_shared_candidate|prio_reason_shared_top|prio_reason_top_ambiguous,resolve_conflict|check_close_alternatives|low_priority|check_location_warning,summit-candidate:2f7dbee4c5bde53e,yamap_2022-05-07_07_14.gpx,review_required_request_packets/mountain_000084.md,review_required_grounding_request_packets.jsonl,pending,,,,
req-grounding-000086-55d39bbf5f318ead,86,七々木山,四国中央市,,review_bucket_resolve_conflict|compact_review_priority_high|mutual_top1_false|compact_reason_shared_candidate|compact_reason_not_mutual_top1|prio_reason_shared_top|prio_reason_top_ambiguous,resolve_conflict|check_close_alternatives|check_location_warning,summit-candidate:2f7dbee4c5bde53e,yamap_2022-05-07_07_14.gpx,review_required_request_packets/mountain_000086.md,review_required_grounding_request_packets.jsonl,pending,,,,
req-grounding-000087-c9f1e2d87edd73af,87,鋸山,四国中央市,,review_bucket_resolve_conflict|compact_review_priority_high|mutual_top1_false|compact_reason_shared_candidate|compact_reason_not_mutual_top1|prio_reason_shared_top|prio_reason_top_ambiguous,resolve_conflict|check_close_alternatives|check_location_warning,summit-candidate:2f7dbee4c5bde53e,yamap_2022-05-07_07_14.gpx,review_required_request_packets/mountain_000087.md,review_required_grounding_request_packets.jsonl,pending,,,,
req-grounding-000088-051dcedef69ea061,88,翠波峰,四国中央市,,review_bucket_resolve_conflict|compact_review_priority_high|mutual_top1_false|compact_reason_shared_candidate|compact_reason_not_mutual_top1|prio_reason_shared_top|prio_reason_top_ambiguous,resolve_conflict|check_close_alternatives|check_location_warning,summit-candidate:2f7dbee4c5bde53e,yamap_2022-05-07_07_14.gpx,review_required_request_packets/mountain_000088.md,review_required_grounding_request_packets.jsonl,pending,,,,
req-grounding-000089-a760645c6178cf54,89,平石山,四国中央市,,review_bucket_resolve_conflict|compact_review_priority_high|mutual_top1_false|compact_reason_shared_candidate|compact_reason_not_mutual_top1|prio_reason_shared_top|prio_reason_top_ambiguous,resolve_conflict|check_close_alternatives|check_location_warning,summit-candidate:2f7dbee4c5bde53e,yamap_2022-05-07_07_14.gpx,review_required_request_packets/mountain_000089.md,review_required_grounding_request_packets.jsonl,pending,,,,
req-grounding-000091-90913f092d10c7e9,91,青滝山,久万高原町,,stability_level_location_uncertain_keep|municipality_stability_boundary_ambiguous,accept_candidate_after_map_check|low_priority|resolve_conflict|check_location_warning,summit-candidate:242762a3c600ff91,yamap_2022-05-15_06_10.gpx,review_required_request_packets/mountain_000091.md,review_required_grounding_request_packets.jsonl,pending,,,,
req-grounding-000093-afd96970c237560b,93,南尖峰,久万高原町,,review_bucket_resolve_conflict|compact_review_priority_high|compact_reason_shared_candidate|prio_reason_shared_top|prio_reason_top_ambiguous|stability_level_location_uncertain_keep|municipality_stability_boundary_ambiguous,resolve_conflict|low_priority,summit-candidate:3b98b67bbe0fe0f9,yamap_2022-05-22_08_09.gpx,review_required_request_packets/mountain_000093.md,review_required_grounding_request_packets.jsonl,pending,,,,
req-grounding-000096-c2f10400eee68823,96,姫草,西予市,,stability_level_location_uncertain_keep|municipality_stability_boundary_ambiguous,accept_candidate_after_map_check|low_priority|resolve_conflict|check_location_warning,summit-candidate:dc456a72b89d4d52,yamap_2022-06-16_16_00.gpx,review_required_request_packets/mountain_000096.md,review_required_grounding_request_packets.jsonl,pending,,,,
req-grounding-000097-7e07637afc8f9dfd,97,牛城,西予市,,stability_level_location_uncertain_keep|municipality_stability_outside_prefecture,accept_candidate_after_map_check|low_priority|resolve_conflict|check_location_warning,summit-candidate:c7ff156edb321d12,yamap_2022-06-16_16_25.gpx,review_required_request_packets/mountain_000097.md,review_required_grounding_request_packets.jsonl,pending,,,,
req-grounding-000099-1abdff844d1ab2ab,99,鉢巻山,,生名島,review_bucket_resolve_conflict|compact_review_priority_high|compact_reason_shared_candidate|prio_reason_shared_top|prio_reason_top_ambiguous|municipality_stability_near_boundary,resolve_conflict|check_close_alternatives|low_priority,summit-candidate:50aa5073a99759cf,yamap_2022-06-18_14_26.gpx,review_required_request_packets/mountain_000099.md,review_required_grounding_request_packets.jsonl,pending,,,,
req-grounding-000100-37e9570e78b1d9d4,100,立石山,,生名島,review_bucket_resolve_conflict|compact_review_priority_high|mutual_top1_false|compact_reason_shared_candidate|compact_reason_not_mutual_top1|prio_reason_shared_top|prio_reason_top_ambiguous|municipality_stability_near_boundary,resolve_conflict|check_close_alternatives|low_priority,summit-candidate:50aa5073a99759cf,yamap_2022-06-18_14_26.gpx,review_required_request_packets/mountain_000100.md,review_required_grounding_request_packets.jsonl,pending,,,,
req-grounding-000101-6e03740c2310831f,101,鷲ヶ頭山,,大三島,review_bucket_resolve_conflict|compact_review_priority_high|compact_reason_shared_candidate|prio_reason_shared_top|prio_reason_top_ambiguous,resolve_conflict|low_priority,summit-candidate:159deb385560c198,yamap_2022-06-20_12_02.gpx,review_required_request_packets/mountain_000101.md,review_required_grounding_request_packets.jsonl,pending,,,,
req-grounding-000102-d92b1fcbb653810e,102,安神山,,大三島,review_bucket_resolve_conflict|compact_review_priority_high|mutual_top1_false|compact_reason_shared_candidate|compact_reason_not_mutual_top1|prio_reason_shared_top|prio_reason_top_ambiguous,resolve_conflict|check_close_alternatives|low_priority,summit-candidate:159deb385560c198,yamap_2022-06-20_12_02.gpx,review_required_request_packets/mountain_000102.md,review_required_grounding_request_packets.jsonl,pending,,,,
req-grounding-000103-ae0a4eeca57b13d8,103,篠山,愛南町,,stability_level_location_uncertain_keep|municipality_stability_outside_prefecture,accept_candidate_after_map_check|check_location_warning|low_priority|resolve_conflict,summit-candidate:c8a7a1f1d1dad353,yamap_2022-06-23_13_59.gpx,review_required_request_packets/mountain_000103.md,review_required_grounding_request_packets.jsonl,pending,,,,
req-grounding-000104-5bb46bc1c56c3090,104,横山(横山城址),松山市,,review_bucket_resolve_conflict|compact_review_priority_high|compact_reason_shared_candidate|prio_reason_shared_top|prio_reason_top_ambiguous,resolve_conflict|low_priority|check_location_warning,summit-candidate:43911aa413390192,yamap_2022-06-29_08_48.gpx,review_required_request_packets/mountain_000104.md,review_required_grounding_request_packets.jsonl,pending,,,,
req-grounding-000105-990e0ab8b57b0d5f,105,鞍瀬ノ頭,久万高原町,,review_bucket_resolve_conflict|compact_review_priority_high|compact_reason_shared_candidate|prio_reason_shared_top|prio_reason_top_ambiguous|stability_level_location_uncertain_keep|municipality_stability_boundary_ambiguous,resolve_conflict|low_priority|check_location_warning,summit-candidate:846b096132c533d6,yamap_2022-07-02_07_43.gpx,review_required_request_packets/mountain_000105.md,review_required_grounding_request_packets.jsonl,pending,,,,
req-grounding-000106-4e63f7bec9b586f3,106,二ノ森,久万高原町,,stability_level_boundary_plausible,low_priority|accept_candidate_after_map_check|resolve_conflict,summit-candidate:fe43b0b6aa90cb8f,yamap_2022-07-02_07_43.gpx,review_required_request_packets/mountain_000106.md,review_required_grounding_request_packets.jsonl,pending,,,,
req-grounding-000107-79d44f2deff6ad8b,107,面河の頭,久万高原町,,review_bucket_resolve_conflict|compact_review_priority_high|mutual_top1_false|compact_reason_shared_candidate|compact_reason_not_mutual_top1|prio_reason_shared_top|prio_reason_top_ambiguous|stability_level_location_uncertain_keep|municipality_stability_boundary_ambiguous,resolve_conflict|check_location_warning,summit-candidate:846b096132c533d6,yamap_2022-07-02_07_43.gpx,review_required_request_packets/mountain_000107.md,review_required_grounding_request_packets.jsonl,pending,,,,
req-grounding-000108-5cf566a2d89ad143,108,西ノ冠岳,久万高原町,,review_bucket_resolve_conflict|compact_review_priority_high|mutual_top1_false|compact_reason_shared_candidate|compact_reason_not_mutual_top1|prio_reason_shared_top|prio_reason_top_ambiguous|stability_level_location_uncertain_keep|municipality_stability_boundary_ambiguous,resolve_conflict|check_close_alternatives|check_location_warning,summit-candidate:846b096132c533d6,yamap_2022-07-02_07_43.gpx,review_required_request_packets/mountain_000108.md,review_required_grounding_request_packets.jsonl,pending,,,,
req-grounding-000109-3e29d481e1398308,109,西黒森,西条市,,review_bucket_resolve_conflict|compact_review_priority_high|mutual_top1_false|compact_reason_not_mutual_top1|prio_reason_top_ambiguous|municipality_stability_near_boundary,resolve_conflict|low_priority,summit-candidate:db28fcca36deb720,yamap_2022-07-10_07_25.gpx,review_required_request_packets/mountain_000109.md,review_required_grounding_request_packets.jsonl,pending,,,,
req-grounding-000110-b1fdaf37bb4cfbc3,110,小富士,,興居島,review_bucket_resolve_conflict|compact_review_priority_high|compact_reason_shared_candidate|prio_reason_shared_top|prio_reason_top_ambiguous|municipality_stability_near_boundary,resolve_conflict|low_priority,summit-candidate:75832271d4e4d0ba,yamap_2022-07-14_09_57.gpx,review_required_request_packets/mountain_000110.md,review_required_grounding_request_packets.jsonl,pending,,,,
req-grounding-000111-542d1ca7f93b0afd,111,龍石山,,興居島,review_bucket_resolve_conflict|compact_review_priority_high|mutual_top1_false|compact_reason_shared_candidate|compact_reason_not_mutual_top1|prio_reason_shared_top|prio_reason_top_ambiguous|municipality_stability_near_boundary,resolve_conflict|low_priority,summit-candidate:75832271d4e4d0ba,yamap_2022-07-14_09_57.gpx,review_required_request_packets/mountain_000111.md,review_required_grounding_request_packets.jsonl,pending,,,,
req-grounding-000114-be610a293e922435,114,世田山,今治市,,review_bucket_resolve_conflict|compact_review_priority_high|compact_reason_shared_candidate|prio_reason_shared_top|prio_reason_top_ambiguous,resolve_conflict|low_priority|check_location_warning,summit-candidate:8f25ad4ff380df77,yamap_2026-03-06_09_00.gpx,review_required_request_packets/mountain_000114.md,review_required_grounding_request_packets.jsonl,pending,,,,
req-grounding-000115-5f3db0dc3639a9ca,115,笠松山,今治市,,review_bucket_resolve_conflict|compact_review_priority_high|compact_reason_shared_candidate|prio_reason_shared_top|prio_reason_top_ambiguous|municipality_stability_near_boundary,resolve_conflict|check_close_alternatives|check_location_warning,summit-candidate:9d5a3bd31bedfeda,yamap_2022-08-26_08_45.gpx,review_required_request_packets/mountain_000115.md,review_required_grounding_request_packets.jsonl,pending,,,,
req-grounding-000116-6c13300e4b996018,116,北三方ヶ森,松山市,,stability_level_location_uncertain_keep|municipality_stability_boundary_ambiguous,accept_candidate_after_map_check|low_priority|resolve_conflict,summit-candidate:80368eea9aabeb96,yamap_2022-08-27_06_05.gpx,review_required_request_packets/mountain_000116.md,review_required_grounding_request_packets.jsonl,pending,,,,
req-grounding-000117-118ca05da54991e5,117,大友山,松山市,,stability_level_location_uncertain_keep|municipality_stability_boundary_ambiguous,accept_candidate_after_map_check|low_priority|check_location_warning|resolve_conflict,summit-candidate:2b56d4ad77a0c4b7,yamap_2022-09-04_12_08.gpx,review_required_request_packets/mountain_000117.md,review_required_grounding_request_packets.jsonl,pending,,,,
req-grounding-000118-fbb20d8f98e333e2,118,湯築山,松山市,,review_bucket_resolve_conflict|compact_review_priority_high|mutual_top1_false|compact_reason_shared_candidate|compact_reason_not_mutual_top1|prio_reason_shared_top|prio_reason_top_ambiguous,resolve_conflict|check_close_alternatives,summit-candidate:452c10a1db199870,yamap_2022-03-20_07_06.gpx,review_required_request_packets/mountain_000118.md,review_required_grounding_request_packets.jsonl,pending,,,,
req-grounding-000119-11c315790090f2c3,119,寒風山,西条市,,stability_level_location_uncertain_keep|municipality_stability_boundary_ambiguous,accept_candidate_after_map_check|low_priority|check_location_warning,summit-candidate:23eea13de5db5c9f,yamap_2022-09-09_06_58.gpx,review_required_request_packets/mountain_000119.md,review_required_grounding_request_packets.jsonl,pending,,,,
req-grounding-000120-9c01bd425026e6c7,120,ちち山,西条市,,review_bucket_resolve_conflict|compact_review_priority_high|compact_reason_shared_candidate|prio_reason_shared_top|prio_reason_top_ambiguous|municipality_stability_near_boundary,low_priority|resolve_conflict|check_location_warning,summit-candidate:b87c90ebd1eb0d06,yamap_2026-05-06_07_28.gpx,review_required_request_packets/mountain_000120.md,review_required_grounding_request_packets.jsonl,pending,,,,
req-grounding-000121-feff340afb4805c7,121,笹ヶ峰,西条市,,review_bucket_resolve_conflict|compact_review_priority_high|mutual_top1_false|compact_reason_shared_candidate|compact_reason_not_mutual_top1|prio_reason_shared_top|prio_reason_top_ambiguous|municipality_stability_near_boundary,low_priority|resolve_conflict|check_location_warning,summit-candidate:b87c90ebd1eb0d06,yamap_2026-05-06_07_28.gpx,review_required_request_packets/mountain_000121.md,review_required_grounding_request_packets.jsonl,pending,,,,
req-grounding-000122-4b53f09f808f8db7,122,松軒山,愛南町,,review_bucket_resolve_conflict|compact_review_priority_high|mutual_top1_false|compact_reason_not_mutual_top1|prio_reason_top_ambiguous|stability_level_location_uncertain_keep|municipality_stability_boundary_ambiguous,resolve_conflict|check_location_warning|low_priority,summit-candidate:51a919059b1a6dbb,yamap_2023-01-10_10_30.gpx,review_required_request_packets/mountain_000122.md,review_required_grounding_request_packets.jsonl,pending,,,,
req-grounding-000123-5bf028cc165a3097,123,三山,,弓削島,review_bucket_resolve_conflict|compact_review_priority_high|compact_reason_shared_candidate|prio_reason_shared_top|prio_reason_top_ambiguous|municipality_stability_near_boundary,resolve_conflict|low_priority,summit-candidate:35b464661fa62df9,yamap_2022-09-15_09_20.gpx,review_required_request_packets/mountain_000123.md,review_required_grounding_request_packets.jsonl,pending,,,,
req-grounding-000126-4f60fb8d37dbfb18,126,石灰山,,弓削島,review_bucket_resolve_conflict|compact_review_priority_high|mutual_top1_false|compact_reason_shared_candidate|compact_reason_not_mutual_top1|prio_reason_shared_top|prio_reason_top_ambiguous|municipality_stability_near_boundary,resolve_conflict|check_close_alternatives,summit-candidate:35b464661fa62df9,yamap_2022-09-15_09_20.gpx,review_required_request_packets/mountain_000126.md,review_required_grounding_request_packets.jsonl,pending,,,,
req-grounding-000128-96640303fa8efbab,128,狩江権現山,西予市,,review_bucket_resolve_conflict|compact_review_priority_high|mutual_top1_false|compact_reason_shared_candidate|compact_reason_not_mutual_top1|prio_reason_shared_top|prio_reason_top_ambiguous,resolve_conflict|low_priority|check_location_warning,summit-candidate:ef5127a689eaf48a,yamap_2022-09-20_14_24.gpx,review_required_request_packets/mountain_000128.md,review_required_grounding_request_packets.jsonl,pending,,,,
req-grounding-000129-2401291d151bee0b,129,極山,西予市,,review_bucket_resolve_conflict|compact_review_priority_high|compact_reason_shared_candidate|prio_reason_shared_top|prio_reason_top_ambiguous,resolve_conflict|low_priority,summit-candidate:ef5127a689eaf48a,yamap_2022-09-20_14_24.gpx,review_required_request_packets/mountain_000129.md,review_required_grounding_request_packets.jsonl,pending,,,,
req-grounding-000132-33536ca9d0b041eb,132,鏡山,,大三島,review_bucket_resolve_conflict|compact_review_priority_high|compact_reason_shared_candidate|prio_reason_shared_top|prio_reason_top_ambiguous|municipality_stability_near_boundary,resolve_conflict|low_priority,summit-candidate:588c967023117267,yamap_2022-09-26_14_04.gpx,review_required_request_packets/mountain_000132.md,review_required_grounding_request_packets.jsonl,pending,,,,
req-grounding-000134-e1b6908a77c0b193,134,雄甲山,松山市,,review_bucket_resolve_conflict|compact_review_priority_high|compact_reason_shared_candidate|prio_reason_shared_top|prio_reason_top_ambiguous,resolve_conflict|low_priority|check_location_warning,summit-candidate:82d3009a6c1b2511,yamap_2022-10-03_14_57.gpx,review_required_request_packets/mountain_000134.md,review_required_grounding_request_packets.jsonl,pending,,,,
req-grounding-000135-ae3299fbb53a2ec5,135,雌甲山,松山市,,review_bucket_resolve_conflict|compact_review_priority_high|mutual_top1_false|compact_reason_shared_candidate|compact_reason_not_mutual_top1|prio_reason_shared_top|prio_reason_top_ambiguous,resolve_conflict|low_priority|check_location_warning,summit-candidate:82d3009a6c1b2511,yamap_2022-10-03_14_57.gpx,review_required_request_packets/mountain_000135.md,review_required_grounding_request_packets.jsonl,pending,,,,
req-grounding-000136-e81c0f44b8a4ff3e,136,泉ガ森,鬼北町,,stability_level_location_uncertain_keep|municipality_stability_boundary_ambiguous,accept_candidate_after_map_check|low_priority|resolve_conflict,summit-candidate:ff0e7de3b62f5ed8,yamap_2022-10-04_12_47.gpx,review_required_request_packets/mountain_000136.md,review_required_grounding_request_packets.jsonl,pending,,,,
req-grounding-000137-9d188d6b389a9ee3,137,東山,松山市,,review_bucket_resolve_conflict|compact_review_priority_high|mutual_top1_false|compact_reason_shared_candidate|compact_reason_not_mutual_top1|prio_reason_shared_top|prio_reason_top_ambiguous,resolve_conflict|check_location_warning,summit-candidate:5c9365b2a5a9c97f,yamap_2022-12-31_15_00.gpx,review_required_request_packets/mountain_000137.md,review_required_grounding_request_packets.jsonl,pending,,,,
req-grounding-000140-57242a4b7ab3169a,140,高戸山,,興居島,review_bucket_resolve_conflict|compact_review_priority_high|compact_reason_shared_candidate|prio_reason_shared_top|prio_reason_top_ambiguous|municipality_stability_near_boundary,resolve_conflict|check_close_alternatives,summit-candidate:aadeb26cf0359691,yamap_2022-10-14_12_05.gpx,review_required_request_packets/mountain_000140.md,review_required_grounding_request_packets.jsonl,pending,,,,
req-grounding-000141-45dc01b600ea93ad,141,犬吠山,,興居島,review_bucket_resolve_conflict|compact_review_priority_high|mutual_top1_false|compact_reason_not_mutual_top1|prio_reason_top_ambiguous|municipality_stability_near_boundary,resolve_conflict|low_priority,summit-candidate:cc3fbb2358d0d4fc,yamap_2022-10-14_13_01.gpx,review_required_request_packets/mountain_000141.md,review_required_grounding_request_packets.jsonl,pending,,,,
req-grounding-000142-c74d396f68ac889e,142,泰の山,,興居島,review_bucket_resolve_conflict|compact_review_priority_high|mutual_top1_false|compact_reason_shared_candidate|compact_reason_not_mutual_top1|prio_reason_shared_top|prio_reason_top_ambiguous|municipality_stability_near_boundary,resolve_conflict|check_close_alternatives,summit-candidate:aadeb26cf0359691,yamap_2022-10-14_12_05.gpx,review_required_request_packets/mountain_000142.md,review_required_grounding_request_packets.jsonl,pending,,,,
req-grounding-000147-b44859ca43e101b5,147,大丸山,松山市,,review_bucket_resolve_conflict|compact_review_priority_high|mutual_top1_false|compact_reason_not_mutual_top1|prio_reason_top_ambiguous|municipality_stability_near_boundary,resolve_conflict|check_close_alternatives,summit-candidate:a9a2a270fb6273fe,yamap_2022-10-19_16_00.gpx,review_required_request_packets/mountain_000147.md,review_required_grounding_request_packets.jsonl,pending,,,,
req-grounding-000148-f869d1947ac5b920,148,港山,松山市,,review_bucket_resolve_conflict|compact_review_priority_high|compact_reason_shared_candidate|prio_reason_shared_top|prio_reason_top_ambiguous|municipality_stability_near_boundary,resolve_conflict|check_close_alternatives|low_priority,summit-candidate:5f001ac124f82ef6,yamap_2022-10-19_16_00.gpx,review_required_request_packets/mountain_000148.md,review_required_grounding_request_packets.jsonl,pending,,,,
req-grounding-000149-f395d3b09b5f714d,149,すくも山,西条市,,review_bucket_resolve_conflict|compact_review_priority_high|mutual_top1_false|compact_reason_shared_candidate|compact_reason_not_mutual_top1|prio_reason_shared_top|prio_reason_top_ambiguous,resolve_conflict|low_priority,summit-candidate:f676e5a22f523492,yamap_2022-10-21_12_15.gpx,review_required_request_packets/mountain_000149.md,review_required_grounding_request_packets.jsonl,pending,,,,
req-grounding-000150-b56d1644e6a5aff6,150,愛ノ山,西条市,,review_bucket_resolve_conflict|compact_review_priority_high|compact_reason_shared_candidate|prio_reason_shared_top|prio_reason_top_ambiguous,resolve_conflict|low_priority|check_location_warning,summit-candidate:f676e5a22f523492,yamap_2022-10-21_12_15.gpx,review_required_request_packets/mountain_000150.md,review_required_grounding_request_packets.jsonl,pending,,,,
req-grounding-000152-2b333fa6264ec549,152,割石峠山,東温市,,stability_level_location_uncertain_keep|municipality_stability_boundary_ambiguous,accept_candidate_after_map_check|low_priority|resolve_conflict|check_location_warning,summit-candidate:45f2c6fc88212acd,yamap_2022-10-28_06_21.gpx,review_required_request_packets/mountain_000152.md,review_required_grounding_request_packets.jsonl,pending,,,,
req-grounding-000153-e5291cb6a1187e2b,153,石墨山,東温市,,review_bucket_resolve_conflict|compact_review_priority_high|mutual_top1_false|compact_reason_shared_candidate|compact_reason_not_mutual_top1|prio_reason_shared_top|prio_reason_top_ambiguous|municipality_stability_near_boundary,check_location_warning|low_priority|resolve_conflict,summit-candidate:c2fc382b492cfde4,yamap_2022-10-28_06_21.gpx,review_required_request_packets/mountain_000153.md,review_required_grounding_request_packets.jsonl,pending,,,,
req-grounding-000154-f32f2dff4af1eb6e,154,法師山,東温市,,review_bucket_resolve_conflict|compact_review_priority_high|compact_reason_shared_candidate|prio_reason_shared_top|prio_reason_top_ambiguous|stability_level_location_uncertain_keep|municipality_stability_boundary_ambiguous,resolve_conflict|low_priority|check_location_warning,summit-candidate:25e47e34740282d2,yamap_2022-10-28_06_21.gpx,review_required_request_packets/mountain_000154.md,review_required_grounding_request_packets.jsonl,pending,,,,
req-grounding-000155-1c5fd70eb0dd73d2,155,白猪山,東温市,,review_bucket_resolve_conflict|compact_review_priority_high|mutual_top1_false|compact_reason_shared_candidate|compact_reason_not_mutual_top1|prio_reason_shared_top|prio_reason_top_ambiguous|municipality_stability_near_boundary,low_priority|resolve_conflict|check_location_warning,summit-candidate:c2fc382b492cfde4,yamap_2022-10-28_06_21.gpx,review_required_request_packets/mountain_000155.md,review_required_grounding_request_packets.jsonl,pending,,,,
req-grounding-000156-1518d78bf057a746,156,梅ヶ谷山,東温市,,review_bucket_resolve_conflict|compact_review_priority_high|mutual_top1_false|compact_reason_shared_candidate|compact_reason_not_mutual_top1|prio_reason_shared_top|prio_reason_top_ambiguous|stability_level_location_uncertain_keep|municipality_stability_boundary_ambiguous,resolve_conflict|low_priority|check_location_warning,summit-candidate:25e47e34740282d2,yamap_2022-10-28_06_21.gpx,review_required_request_packets/mountain_000156.md,review_required_grounding_request_packets.jsonl,pending,,,,
req-grounding-000157-bc2f9ad1ce58b2d1,157,樽谷山,東温市,,stability_level_location_uncertain_keep|municipality_stability_boundary_ambiguous,accept_candidate_after_map_check|low_priority|resolve_conflict|check_location_warning,summit-candidate:16e9de2bedeb2d1c,yamap_2022-10-28_06_21.gpx,review_required_request_packets/mountain_000157.md,review_required_grounding_request_packets.jsonl,pending,,,,
req-grounding-000158-ba3618a2d43ba4da,158,根無山,東温市,,stability_level_location_uncertain_keep|municipality_stability_boundary_ambiguous,accept_candidate_after_map_check|low_priority|resolve_conflict|check_location_warning,summit-candidate:5cb1fa3d9dcf60f5,yamap_2022-10-28_06_21.gpx,review_required_request_packets/mountain_000158.md,review_required_grounding_request_packets.jsonl,pending,,,,
req-grounding-000159-65859c8a65316921,159,権現山,新居浜市,,stability_level_location_uncertain_keep|municipality_stability_boundary_ambiguous,accept_candidate_after_map_check|low_priority|resolve_conflict|check_location_warning,summit-candidate:cf97b8470d2ed1d7,yamap_2022-11-05_04_38.gpx,review_required_request_packets/mountain_000159.md,review_required_grounding_request_packets.jsonl,pending,,,,
req-grounding-000160-afa28f4cd72e93c6,160,黒岳,新居浜市,,stability_level_location_uncertain_keep|municipality_stability_boundary_ambiguous,accept_candidate_after_map_check|low_priority|resolve_conflict,summit-candidate:ffa6a88e4e680fd5,yamap_2022-11-05_04_38.gpx,review_required_request_packets/mountain_000160.md,review_required_grounding_request_packets.jsonl,pending,,,,
req-grounding-000161-f830b161cee05be2,161,エビラ山,新居浜市,,review_bucket_resolve_conflict|compact_review_priority_high|compact_reason_shared_candidate|prio_reason_shared_top|prio_reason_top_ambiguous|municipality_stability_near_boundary,resolve_conflict|low_priority,summit-candidate:09547fd48f24d064,yamap_2022-11-05_04_38.gpx,review_required_request_packets/mountain_000161.md,review_required_grounding_request_packets.jsonl,pending,,,,
req-grounding-000162-01524ec713213eb6,162,二ッ岳,新居浜市,,review_bucket_resolve_conflict|compact_review_priority_high|mutual_top1_false|compact_reason_shared_candidate|compact_reason_not_mutual_top1|prio_reason_shared_top|prio_reason_top_ambiguous|municipality_stability_near_boundary,resolve_conflict|low_priority,summit-candidate:09547fd48f24d064,yamap_2022-11-05_04_38.gpx,review_required_request_packets/mountain_000162.md,review_required_grounding_request_packets.jsonl,pending,,,,
req-grounding-000164-8492bf662fece547,164,出石山,大洲市,,stability_level_location_uncertain_keep|municipality_stability_boundary_ambiguous,accept_candidate_after_map_check|resolve_conflict|check_location_warning,summit-candidate:615a70cf4401199b,yamap_2022-11-14_13_02.gpx,review_required_request_packets/mountain_000164.md,review_required_grounding_request_packets.jsonl,pending,,,,
req-grounding-000165-e1d0d2a4485a8546,165,綱繰山,新居浜市,,review_bucket_resolve_conflict|compact_review_priority_high|compact_reason_shared_candidate|prio_reason_shared_top|prio_reason_top_ambiguous,resolve_conflict|low_priority,summit-candidate:53d0e375c60814f6,yamap_2022-11-26_04_41.gpx,review_required_request_packets/mountain_000165.md,review_required_grounding_request_packets.jsonl,pending,,,,
req-grounding-000166-7712929b4b335368,166,獅子舞の鼻,新居浜市,,review_bucket_resolve_conflict|compact_review_priority_high|mutual_top1_false|compact_reason_shared_candidate|compact_reason_not_mutual_top1|prio_reason_shared_top|prio_reason_top_ambiguous,resolve_conflict|low_priority|check_location_warning,summit-candidate:53d0e375c60814f6,yamap_2022-11-26_04_41.gpx,review_required_request_packets/mountain_000166.md,review_required_grounding_request_packets.jsonl,pending,,,,
req-grounding-000167-657931f74ce12bf7,167,冠山,新居浜市,,review_bucket_resolve_conflict|compact_review_priority_high|compact_reason_shared_candidate|prio_reason_shared_top|prio_reason_top_ambiguous|municipality_stability_near_boundary,resolve_conflict|low_priority|check_location_warning,summit-candidate:006436491de34784,yamap_2022-11-26_04_41.gpx,review_required_request_packets/mountain_000167.md,review_required_grounding_request_packets.jsonl,pending,,,,
req-grounding-000168-f734aed5dbbf74df,168,遠ヶ森,松山市,,review_bucket_resolve_conflict|compact_review_priority_high|compact_reason_shared_candidate|prio_reason_shared_top|prio_reason_top_ambiguous|stability_level_location_uncertain_keep|municipality_stability_boundary_ambiguous,resolve_conflict|check_location_warning|low_priority,summit-candidate:02fa4cfab6fa90d3,yamap_2022-12-12_08_41.gpx,review_required_request_packets/mountain_000168.md,review_required_grounding_request_packets.jsonl,pending,,,,
req-grounding-000170-d80d2704b0c21628,170,高山,今治市,,review_bucket_resolve_conflict|compact_review_priority_high|compact_reason_shared_candidate|prio_reason_shared_top|prio_reason_top_ambiguous|municipality_stability_near_boundary,resolve_conflict|low_priority|check_location_warning,summit-candidate:101c1b0635c0bec0,yamap_2022-12-25_10_09.gpx,review_required_request_packets/mountain_000170.md,review_required_grounding_request_packets.jsonl,pending,,,,
req-grounding-000171-af4b4922413daa04,171,塔ノ峰,今治市,,review_bucket_resolve_conflict|compact_review_priority_high|mutual_top1_false|compact_reason_shared_candidate|compact_reason_not_mutual_top1|prio_reason_shared_top|prio_reason_top_ambiguous|municipality_stability_near_boundary,resolve_conflict|low_priority|check_location_warning,summit-candidate:101c1b0635c0bec0,yamap_2022-12-25_10_09.gpx,review_required_request_packets/mountain_000171.md,review_required_grounding_request_packets.jsonl,pending,,,,
req-grounding-000172-744269fc9ea2c4ca,172,海山,今治市,,review_bucket_resolve_conflict|compact_review_priority_high|mutual_top1_false|compact_reason_shared_candidate|compact_reason_not_mutual_top1|prio_reason_shared_top|prio_reason_top_ambiguous|municipality_stability_near_boundary,resolve_conflict|low_priority|check_location_warning,summit-candidate:101c1b0635c0bec0,yamap_2022-12-25_10_09.gpx,review_required_request_packets/mountain_000172.md,review_required_grounding_request_packets.jsonl,pending,,,,
req-grounding-000175-f9a97fba3c907af2,175,医王山,西条市,,review_bucket_resolve_conflict|compact_review_priority_high|compact_reason_shared_candidate|prio_reason_shared_top|prio_reason_top_ambiguous|stability_level_location_uncertain_keep|municipality_stability_boundary_ambiguous,resolve_conflict|check_close_alternatives|check_location_warning,summit-candidate:1ed32ce6414c2781,yamap_2022-12-25_13_36.gpx,review_required_request_packets/mountain_000175.md,review_required_grounding_request_packets.jsonl,pending,,,,
req-grounding-000176-fd9452e5a8884516,176,永納山(永納山城址),西条市,,review_bucket_resolve_conflict|compact_review_priority_high|mutual_top1_false|compact_reason_shared_candidate|compact_reason_not_mutual_top1|prio_reason_shared_top|prio_reason_top_ambiguous|municipality_stability_near_boundary|stability_level_boundary_plausible,resolve_conflict|check_location_warning,summit-candidate:101c1b0635c0bec0,yamap_2022-12-25_10_09.gpx,review_required_request_packets/mountain_000176.md,review_required_grounding_request_packets.jsonl,pending,,,,
req-grounding-000177-9f73575e125c2b53,177,佐々久山,西条市,,review_bucket_resolve_conflict|compact_review_priority_high|mutual_top1_false|compact_reason_shared_candidate|compact_reason_not_mutual_top1|prio_reason_shared_top|prio_reason_top_ambiguous|stability_level_location_uncertain_keep|municipality_stability_boundary_ambiguous,resolve_conflict|check_location_warning,summit-candidate:1ed32ce6414c2781,yamap_2022-12-25_13_36.gpx,review_required_request_packets/mountain_000177.md,review_required_grounding_request_packets.jsonl,pending,,,,
req-grounding-000178-0240588d8e80530e,178,土亀山,松山市,,review_bucket_resolve_conflict|compact_review_priority_high|mutual_top1_false|compact_reason_shared_candidate|compact_reason_not_mutual_top1|prio_reason_shared_top|prio_reason_top_ambiguous,resolve_conflict|low_priority,summit-candidate:5c9365b2a5a9c97f,yamap_2022-12-31_15_00.gpx,review_required_request_packets/mountain_000178.md,review_required_grounding_request_packets.jsonl,pending,,,,
req-grounding-000179-06ecfba91ce2c278,179,天山,松山市,,review_bucket_resolve_conflict|compact_review_priority_high|mutual_top1_false|compact_reason_shared_candidate|compact_reason_not_mutual_top1|prio_reason_shared_top|prio_reason_top_ambiguous,resolve_conflict|check_close_alternatives|check_location_warning,summit-candidate:5c9365b2a5a9c97f,yamap_2022-12-31_15_00.gpx,review_required_request_packets/mountain_000179.md,review_required_grounding_request_packets.jsonl,pending,,,,
req-grounding-000180-4cd462d122f2e556,180,東山,新居浜市,,review_bucket_resolve_conflict|compact_review_priority_high|mutual_top1_false|compact_reason_not_mutual_top1|prio_reason_top_ambiguous,resolve_conflict|check_close_alternatives|check_location_warning,summit-candidate:5104c47f17101d63,yamap_2022-10-08_06_12.gpx,review_required_request_packets/mountain_000180.md,review_required_grounding_request_packets.jsonl,pending,,,,
req-grounding-000181-1885ee9eab626999,181,星岡山,松山市,,review_bucket_resolve_conflict|compact_review_priority_high|compact_reason_shared_candidate|prio_reason_shared_top|prio_reason_top_ambiguous,resolve_conflict|low_priority,summit-candidate:5c9365b2a5a9c97f,yamap_2022-12-31_15_00.gpx,review_required_request_packets/mountain_000181.md,review_required_grounding_request_packets.jsonl,pending,,,,
req-grounding-000182-b6ec1c6e4381488c,182,河原樋山,松山市,,stability_level_location_uncertain_keep|municipality_stability_boundary_ambiguous,accept_candidate_after_map_check|low_priority|resolve_conflict|check_location_warning,summit-candidate:b1d864fd1fcc9dcb,yamap_2023-01-03_07_36.gpx,review_required_request_packets/mountain_000182.md,review_required_grounding_request_packets.jsonl,pending,,,,
req-grounding-000183-fb8d299492a507b0,183,真松嶺,松山市,,review_bucket_resolve_conflict|compact_review_priority_high|compact_reason_shared_candidate|prio_reason_shared_top|prio_reason_top_ambiguous,resolve_conflict|check_close_alternatives|low_priority,summit-candidate:74dd1729abbd7bb5,yamap_2023-01-03_07_36.gpx,review_required_request_packets/mountain_000183.md,review_required_grounding_request_packets.jsonl,pending,,,,
req-grounding-000184-13403fb636808633,184,柿王寺森,松山市,,review_bucket_resolve_conflict|compact_review_priority_high|mutual_top1_false|compact_reason_shared_candidate|compact_reason_not_mutual_top1|prio_reason_shared_top|prio_reason_top_ambiguous,resolve_conflict|check_close_alternatives|low_priority,summit-candidate:74dd1729abbd7bb5,yamap_2023-01-03_07_36.gpx,review_required_request_packets/mountain_000184.md,review_required_grounding_request_packets.jsonl,pending,,,,
req-grounding-000185-d5a326413efb60f3,185,岩子山,松山市,,review_bucket_resolve_conflict|compact_review_priority_high|compact_reason_shared_candidate|prio_reason_shared_top|prio_reason_top_ambiguous,resolve_conflict|check_close_alternatives|low_priority|check_location_warning,summit-candidate:45f49d8fd831427c,yamap_2023-01-06_11_33.gpx,review_required_request_packets/mountain_000185.md,review_required_grounding_request_packets.jsonl,pending,,,,
req-grounding-000186-63dcc7fc7cd07c38,186,垣生山,松山市,,review_bucket_resolve_conflict|compact_review_priority_high|mutual_top1_false|compact_reason_shared_candidate|compact_reason_not_mutual_top1|prio_reason_shared_top|prio_reason_top_ambiguous,resolve_conflict|check_close_alternatives|low_priority|check_location_warning,summit-candidate:45f49d8fd831427c,yamap_2023-01-06_11_33.gpx,review_required_request_packets/mountain_000186.md,review_required_grounding_request_packets.jsonl,pending,,,,
req-grounding-000187-9e38c5260ec63d75,187,津田山,松山市,,review_bucket_resolve_conflict|compact_review_priority_high|mutual_top1_false|compact_reason_shared_candidate|compact_reason_not_mutual_top1|prio_reason_shared_top|prio_reason_top_ambiguous,resolve_conflict|check_close_alternatives|low_priority|check_location_warning,summit-candidate:45f49d8fd831427c,yamap_2023-01-06_11_33.gpx,review_required_request_packets/mountain_000187.md,review_required_grounding_request_packets.jsonl,pending,,,,
req-grounding-000188-ef3fb15b3cdc2eb2,188,弁天山,松山市,,review_bucket_resolve_conflict|compact_review_priority_high|mutual_top1_false|compact_reason_not_mutual_top1|prio_reason_top_ambiguous,resolve_conflict|low_priority,summit-candidate:8178723bbadb1c72,yamap_2023-01-06_11_33.gpx,review_required_request_packets/mountain_000188.md,review_required_grounding_request_packets.jsonl,pending,,,,
req-grounding-000190-7cb45172613240f8,190,黒瀬山（黒瀬城址）,西予市,,review_bucket_resolve_conflict|compact_review_priority_high|compact_reason_shared_candidate|prio_reason_shared_top|prio_reason_top_ambiguous,resolve_conflict|low_priority|check_location_warning,summit-candidate:8a7a47d167c1aba6,yamap_2023-01-08_14_24.gpx,review_required_request_packets/mountain_000190.md,review_required_grounding_request_packets.jsonl,pending,,,,
req-grounding-000191-6a2b2fd5013dc453,191,岡山（岡城址）,西予市,,review_bucket_resolve_conflict|compact_review_priority_high|mutual_top1_false|compact_reason_shared_candidate|compact_reason_not_mutual_top1|prio_reason_shared_top|prio_reason_top_ambiguous,resolve_conflict|check_close_alternatives|low_priority|check_location_warning,summit-candidate:8a7a47d167c1aba6,yamap_2023-01-08_14_24.gpx,review_required_request_packets/mountain_000191.md,review_required_grounding_request_packets.jsonl,pending,,,,
req-grounding-000194-d14182c7015070f1,194,我合山（我合城址）,西予市,,review_bucket_resolve_conflict|compact_review_priority_high|mutual_top1_false|compact_reason_shared_candidate|compact_reason_not_mutual_top1|prio_reason_shared_top|prio_reason_top_ambiguous,resolve_conflict|low_priority|check_location_warning,summit-candidate:8a7a47d167c1aba6,yamap_2023-01-08_14_24.gpx,review_required_request_packets/mountain_000194.md,review_required_grounding_request_packets.jsonl,pending,,,,
req-grounding-000195-7f4f0d23ac68905d,195,由良山,宇和島市,,stability_level_location_uncertain_keep|municipality_stability_boundary_ambiguous,accept_candidate_after_map_check|low_priority|resolve_conflict|check_location_warning,summit-candidate:8f19c4c16e72e270,yamap_2023-01-10_10_30.gpx,review_required_request_packets/mountain_000195.md,review_required_grounding_request_packets.jsonl,pending,,,,
req-grounding-000196-5a5a6131d3c0f7f0,196,大森山,伊方町,,review_bucket_resolve_conflict|compact_review_priority_high|compact_reason_shared_candidate|prio_reason_shared_top|prio_reason_top_ambiguous|municipality_stability_near_boundary,resolve_conflict|check_close_alternatives|low_priority|check_location_warning,summit-candidate:47129c06b82cf694,yamap_2023-01-21_12_43.gpx,review_required_request_packets/mountain_000196.md,review_required_grounding_request_packets.jsonl,pending,,,,
req-grounding-000197-998bd8c2751c330b,197,見晴山,伊方町,,review_bucket_resolve_conflict|compact_review_priority_high|mutual_top1_false|compact_reason_shared_candidate|compact_reason_not_mutual_top1|prio_reason_shared_top|prio_reason_top_ambiguous|municipality_stability_near_boundary,resolve_conflict|check_close_alternatives|check_location_warning,summit-candidate:47129c06b82cf694,yamap_2023-01-21_12_43.gpx,review_required_request_packets/mountain_000197.md,review_required_grounding_request_packets.jsonl,pending,,,,
req-grounding-000198-4ff8c64b7afb103d,198,権現山,伊方町,,stability_level_location_uncertain_keep,accept_candidate_after_map_check|check_location_warning|check_close_alternatives|resolve_conflict,summit-candidate:047b9599ec28c6ad,yamap_2023-01-08_09_18.gpx,review_required_request_packets/mountain_000198.md,review_required_grounding_request_packets.jsonl,pending,,,,
req-grounding-000199-fe364115600fb1ad,199,遠見山,伊方町,,review_bucket_resolve_conflict|compact_review_priority_high|mutual_top1_false|compact_reason_shared_candidate|compact_reason_not_mutual_top1|prio_reason_shared_top|prio_reason_top_ambiguous|municipality_stability_near_boundary,resolve_conflict|check_close_alternatives|check_location_warning,summit-candidate:47129c06b82cf694,yamap_2023-01-21_12_43.gpx,review_required_request_packets/mountain_000199.md,review_required_grounding_request_packets.jsonl,pending,,,,
req-grounding-000200-64efdebb671ed6f3,200,石神山,伊方町,,review_bucket_resolve_conflict|compact_review_priority_high|mutual_top1_false|compact_reason_shared_candidate|compact_reason_not_mutual_top1|prio_reason_shared_top|prio_reason_top_ambiguous|municipality_stability_near_boundary,resolve_conflict|low_priority|check_location_warning,summit-candidate:47129c06b82cf694,yamap_2023-01-21_12_43.gpx,review_required_request_packets/mountain_000200.md,review_required_grounding_request_packets.jsonl,pending,,,,
req-grounding-000202-a018427bbf1af72d,202,鳥越山,松山市,,review_bucket_resolve_conflict|compact_review_priority_high|compact_reason_shared_candidate|prio_reason_shared_top|prio_reason_top_ambiguous,resolve_conflict|low_priority|check_location_warning,summit-candidate:5b7c833ac0535534,yamap_2023-01-28_11_53.gpx,review_required_request_packets/mountain_000202.md,review_required_grounding_request_packets.jsonl,pending,,,,
req-grounding-000203-34ce7eade1068b26,203,谷田山,松山市,,review_bucket_resolve_conflict|compact_review_priority_high|mutual_top1_false|compact_reason_shared_candidate|compact_reason_not_mutual_top1|prio_reason_shared_top|prio_reason_top_ambiguous,resolve_conflict|check_close_alternatives,summit-candidate:5b7c833ac0535534,yamap_2023-01-28_11_53.gpx,review_required_request_packets/mountain_000203.md,review_required_grounding_request_packets.jsonl,pending,,,,
req-grounding-000204-38d04e6910e51fa7,204,金毘羅山,松山市,,review_bucket_resolve_conflict|compact_review_priority_high|mutual_top1_false|compact_reason_not_mutual_top1|prio_reason_top_ambiguous,resolve_conflict|check_close_alternatives,summit-candidate:ab7edbc3a52d24bf,yamap_2023-01-28_12_19.gpx,review_required_request_packets/mountain_000204.md,review_required_grounding_request_packets.jsonl,pending,,,,
req-grounding-000205-709558c7cfb68c28,205,佐古田山,松山市,,review_bucket_resolve_conflict|compact_review_priority_high|mutual_top1_false|compact_reason_shared_candidate|compact_reason_not_mutual_top1|prio_reason_shared_top|prio_reason_top_ambiguous,resolve_conflict|check_close_alternatives,summit-candidate:5b7c833ac0535534,yamap_2023-01-28_11_53.gpx,review_required_request_packets/mountain_000205.md,review_required_grounding_request_packets.jsonl,pending,,,,
req-grounding-000206-ba3e828cf7597e18,206,古城山,松山市,,review_bucket_resolve_conflict|compact_review_priority_high|mutual_top1_false|compact_reason_shared_candidate|compact_reason_not_mutual_top1|prio_reason_shared_top|prio_reason_top_ambiguous,resolve_conflict|check_close_alternatives|check_location_warning,summit-candidate:1432f597b5dca157,yamap_2023-01-28_14_27.gpx,review_required_request_packets/mountain_000206.md,review_required_grounding_request_packets.jsonl,pending,,,,
req-grounding-000207-dff7894f0df21977,207,尾崎山,松山市,,review_bucket_resolve_conflict|compact_review_priority_high|compact_reason_shared_candidate|prio_reason_shared_top|prio_reason_top_ambiguous,resolve_conflict|low_priority|check_location_warning,summit-candidate:1432f597b5dca157,yamap_2023-01-28_14_27.gpx,review_required_request_packets/mountain_000207.md,review_required_grounding_request_packets.jsonl,pending,,,,
req-grounding-000208-783a8ee55edc454c,208,宝ヶ峯,松山市,,review_bucket_resolve_conflict|compact_review_priority_high|mutual_top1_false|compact_reason_shared_candidate|compact_reason_not_mutual_top1|prio_reason_shared_top|prio_reason_top_ambiguous,resolve_conflict|check_close_alternatives|check_location_warning,summit-candidate:079ae30d76fb11c2,yamap_2022-03-13_09_49.gpx,review_required_request_packets/mountain_000208.md,review_required_grounding_request_packets.jsonl,pending,,,,
req-grounding-000209-56718441e55c97fc,209,淡路ヶ峠,松山市,,review_bucket_resolve_conflict|compact_review_priority_high|mutual_top1_false|compact_reason_shared_candidate|compact_reason_not_mutual_top1|prio_reason_shared_top|prio_reason_top_ambiguous,resolve_conflict|check_close_alternatives|check_location_warning,summit-candidate:079ae30d76fb11c2,yamap_2022-03-13_09_49.gpx,review_required_request_packets/mountain_000209.md,review_required_grounding_request_packets.jsonl,pending,,,,
req-grounding-000210-4874df32297a66d2,210,福見山,松山市,,stability_level_location_uncertain_keep|municipality_stability_boundary_ambiguous,accept_candidate_after_map_check|check_close_alternatives|resolve_conflict,summit-candidate:446b5fe1e7a8b2fd,yamap_2023-03-11_06_08.gpx,review_required_request_packets/mountain_000210.md,review_required_grounding_request_packets.jsonl,pending,,,,
req-grounding-000211-57a5b2096bb76232,211,明神ヶ森,松山市,,stability_level_location_uncertain_keep|municipality_stability_boundary_ambiguous,accept_candidate_after_map_check|resolve_conflict|low_priority|check_location_warning,summit-candidate:83f3af0488659ac8,yamap_2023-03-11_06_08.gpx,review_required_request_packets/mountain_000211.md,review_required_grounding_request_packets.jsonl,pending,,,,
req-grounding-000212-490ce110a0533bda,212,南三方ヶ森,松山市,,stability_level_location_uncertain_keep|municipality_stability_boundary_ambiguous,accept_candidate_after_map_check|resolve_conflict|low_priority|check_location_warning,summit-candidate:5b124255339c0714,yamap_2023-03-11_06_08.gpx,review_required_request_packets/mountain_000212.md,review_required_grounding_request_packets.jsonl,pending,,,,
req-grounding-000213-6ed5172a05471cfa,213,魚谷森,松山市,,review_bucket_resolve_conflict|compact_review_priority_high|mutual_top1_false|compact_reason_shared_candidate|compact_reason_not_mutual_top1|prio_reason_shared_top|prio_reason_top_ambiguous|municipality_stability_near_boundary,resolve_conflict|low_priority|check_location_warning,summit-candidate:0ff024bf702c13bb,yamap_2023-03-11_06_08.gpx,review_required_request_packets/mountain_000213.md,review_required_grounding_request_packets.jsonl,pending,,,,
req-grounding-000214-6a7117dbe494bf70,214,左谷ノ森,松山市,,review_bucket_resolve_conflict|compact_review_priority_high|compact_reason_shared_candidate|prio_reason_shared_top|prio_reason_top_ambiguous|municipality_stability_near_boundary,resolve_conflict|low_priority|check_location_warning,summit-candidate:0ff024bf702c13bb,yamap_2023-03-11_06_08.gpx,review_required_request_packets/mountain_000214.md,review_required_grounding_request_packets.jsonl,pending,,,,
req-grounding-000217-501c6ef209b959d0,217,皿ヶ嶺,東温市,,review_bucket_resolve_conflict|compact_review_priority_high|compact_reason_shared_candidate|prio_reason_shared_top|prio_reason_top_ambiguous|municipality_stability_near_boundary|stability_level_boundary_plausible,resolve_conflict|low_priority|check_location_warning,summit-candidate:7a1f0e8b5f9e5cc2,yamap_2022-04-15_11_52.gpx,review_required_request_packets/mountain_000217.md,review_required_grounding_request_packets.jsonl,pending,,,,
req-grounding-000218-64926dfdfda38768,218,えんとつ山,新居浜市,,review_bucket_resolve_conflict|compact_review_priority_high|mutual_top1_false|compact_reason_shared_candidate|compact_reason_not_mutual_top1|prio_reason_shared_top|prio_reason_top_ambiguous,resolve_conflict|check_close_alternatives|check_location_warning,summit-candidate:339138a4e53293da,yamap_2023-03-29_05_31.gpx,review_required_request_packets/mountain_000218.md,review_required_grounding_request_packets.jsonl,pending,,,,
req-grounding-000219-f06aa80ba514352a,219,生子山,新居浜市,,review_bucket_resolve_conflict|compact_review_priority_high|mutual_top1_false|compact_reason_shared_candidate|compact_reason_not_mutual_top1|prio_reason_shared_top|prio_reason_top_ambiguous,resolve_conflict|check_close_alternatives|check_location_warning,summit-candidate:339138a4e53293da,yamap_2023-03-29_05_31.gpx,review_required_request_packets/mountain_000219.md,review_required_grounding_request_packets.jsonl,pending,,,,
req-grounding-000220-b2486886ef31cf67,220,犬返,新居浜市,,review_bucket_resolve_conflict|compact_review_priority_high|compact_reason_shared_candidate|prio_reason_shared_top|prio_reason_top_ambiguous,resolve_conflict|low_priority|check_location_warning,summit-candidate:339138a4e53293da,yamap_2023-03-29_05_31.gpx,review_required_request_packets/mountain_000220.md,review_required_grounding_request_packets.jsonl,pending,,,,
req-grounding-000221-70197d831e5de6d4,221,種子川山,新居浜市,,review_bucket_resolve_conflict|compact_review_priority_high|mutual_top1_false|compact_reason_shared_candidate|compact_reason_not_mutual_top1|prio_reason_shared_top|prio_reason_top_ambiguous,resolve_conflict|low_priority|check_location_warning,summit-candidate:339138a4e53293da,yamap_2023-03-29_05_31.gpx,review_required_request_packets/mountain_000221.md,review_required_grounding_request_packets.jsonl,pending,,,,
req-grounding-000222-9d7e4788e53badae,222,西赤石山,新居浜市,,review_bucket_resolve_conflict|compact_review_priority_high|compact_reason_shared_candidate|prio_reason_shared_top|prio_reason_top_ambiguous,resolve_conflict|check_close_alternatives|low_priority,summit-candidate:473a62086144ac33,yamap_2023-03-29_05_31.gpx,review_required_request_packets/mountain_000222.md,review_required_grounding_request_packets.jsonl,pending,,,,
req-grounding-000223-29598769c92fad07,223,物住頭,新居浜市,,review_bucket_resolve_conflict|compact_review_priority_high|mutual_top1_false|compact_reason_shared_candidate|compact_reason_not_mutual_top1|prio_reason_shared_top|prio_reason_top_ambiguous,resolve_conflict|check_close_alternatives,summit-candidate:473a62086144ac33,yamap_2023-03-29_05_31.gpx,review_required_request_packets/mountain_000223.md,review_required_grounding_request_packets.jsonl,pending,,,,
req-grounding-000224-2a4b50af13f639c2,224,上兜山,新居浜市,,review_bucket_resolve_conflict|compact_review_priority_high|mutual_top1_false|compact_reason_shared_candidate|compact_reason_not_mutual_top1|prio_reason_shared_top|prio_reason_top_ambiguous,resolve_conflict|check_close_alternatives,summit-candidate:339138a4e53293da,yamap_2023-03-29_05_31.gpx,review_required_request_packets/mountain_000224.md,review_required_grounding_request_packets.jsonl,pending,,,,
req-grounding-000226-ef62f4b3b60e3bb6,226,黒森山,松山市,,stability_level_location_uncertain_keep|municipality_stability_boundary_ambiguous,accept_candidate_after_map_check|resolve_conflict|low_priority|check_location_warning,summit-candidate:924ccfedeb6c2d2c,yamap_2023-04-04_12_51.gpx,review_required_request_packets/mountain_000226.md,review_required_grounding_request_packets.jsonl,pending,,,,
req-grounding-000227-75c2f395ed446971,227,菊ヶ森,久万高原町,,review_bucket_resolve_conflict|compact_review_priority_high|compact_reason_shared_candidate|prio_reason_shared_top|prio_reason_top_ambiguous,resolve_conflict|low_priority|check_location_warning,summit-candidate:2a670286f545beb2,yamap_2023-04-09_09_08.gpx,review_required_request_packets/mountain_000227.md,review_required_grounding_request_packets.jsonl,pending,,,,
req-grounding-000230-1e9e4ddddfea0ada,230,木久ヶ森,西条市,,review_bucket_resolve_conflict|compact_review_priority_high|mutual_top1_false|compact_reason_shared_candidate|compact_reason_not_mutual_top1|prio_reason_shared_top|prio_reason_top_ambiguous,resolve_conflict|check_location_warning|low_priority,summit-candidate:9669b668bebfc145,yamap_2023-04-18_10_53.gpx,review_required_request_packets/mountain_000230.md,review_required_grounding_request_packets.jsonl,pending,,,,
req-grounding-000231-c27070f2186a89d2,231,黒滝山,西条市,,review_bucket_resolve_conflict|compact_review_priority_high|compact_reason_shared_candidate|prio_reason_shared_top|prio_reason_top_ambiguous,resolve_conflict|check_location_warning,summit-candidate:9669b668bebfc145,yamap_2023-04-18_10_53.gpx,review_required_request_packets/mountain_000231.md,review_required_grounding_request_packets.jsonl,pending,,,,
req-grounding-000233-c5f7468c9f52cc86,233,天狗岳,久万高原町,,review_bucket_resolve_conflict|compact_review_priority_high|mutual_top1_false|compact_reason_shared_candidate|compact_reason_not_mutual_top1|prio_reason_shared_top|prio_reason_top_ambiguous|stability_level_location_uncertain_keep|municipality_stability_boundary_ambiguous,resolve_conflict|low_priority,summit-candidate:3b98b67bbe0fe0f9,yamap_2022-05-22_08_09.gpx,review_required_request_packets/mountain_000233.md,review_required_grounding_request_packets.jsonl,pending,,,,
req-grounding-000234-707827cbc777eca9,234,石鎚山,久万高原町,,stability_level_location_uncertain_keep|municipality_stability_boundary_ambiguous,accept_candidate_after_map_check|resolve_conflict|check_close_alternatives|check_location_warning,summit-candidate:19713e48698f3e2a,yamap_2025-09-07_08_00.gpx,review_required_request_packets/mountain_000234.md,review_required_grounding_request_packets.jsonl,pending,,,,
req-grounding-000235-fa57e4048af8ca47,235,善神山,東温市,,review_bucket_resolve_conflict|compact_review_priority_high|compact_reason_shared_candidate|prio_reason_shared_top|prio_reason_top_ambiguous,resolve_conflict|low_priority|check_location_warning,summit-candidate:367897a1c7a2d287,yamap_2023-05-27_09_55.gpx,review_required_request_packets/mountain_000235.md,review_required_grounding_request_packets.jsonl,pending,,,,
req-grounding-000236-9ea76da23997eb3d,236,前善神山,東温市,,review_bucket_resolve_conflict|compact_review_priority_high|mutual_top1_false|compact_reason_shared_candidate|compact_reason_not_mutual_top1|prio_reason_shared_top|prio_reason_top_ambiguous,resolve_conflict|check_location_warning|low_priority,summit-candidate:367897a1c7a2d287,yamap_2023-05-27_09_55.gpx,review_required_request_packets/mountain_000236.md,review_required_grounding_request_packets.jsonl,pending,,,,
req-grounding-000237-d86adb22195e8645,237,五葉が森,今治市,,stability_level_location_uncertain_keep|municipality_stability_boundary_ambiguous,accept_candidate_after_map_check|low_priority|check_location_warning|resolve_conflict,summit-candidate:9488d92d9ea95406,yamap_2023-06-11_11_57.gpx,review_required_request_packets/mountain_000237.md,review_required_grounding_request_packets.jsonl,pending,,,,
req-grounding-000238-7c4e2dda6d8159ad,238,冠岳,久万高原町,,review_bucket_resolve_conflict|compact_review_priority_high|compact_reason_shared_candidate|prio_reason_shared_top|prio_reason_top_ambiguous,resolve_conflict|check_location_warning,summit-candidate:b73a23fa4b3abc39,yamap_2023-09-06_13_30.gpx,review_required_request_packets/mountain_000238.md,review_required_grounding_request_packets.jsonl,pending,,,,
req-grounding-000239-0cf40ed25e3e0e09,239,東赤石山,新居浜市,,review_bucket_resolve_conflict|compact_review_priority_high|mutual_top1_false|compact_reason_shared_candidate|compact_reason_not_mutual_top1|prio_reason_shared_top|prio_reason_top_ambiguous|stability_level_location_uncertain_keep|municipality_stability_boundary_ambiguous,resolve_conflict|check_close_alternatives|check_location_warning,summit-candidate:2b7cce23b57844a5,yamap_2022-10-08_06_12.gpx,review_required_request_packets/mountain_000239.md,review_required_grounding_request_packets.jsonl,pending,,,,
req-grounding-000240-fe0ebbc9fdfb811f,240,八巻山,新居浜市,,review_bucket_resolve_conflict|compact_review_priority_high|compact_reason_shared_candidate|prio_reason_shared_top|prio_reason_top_ambiguous|stability_level_location_uncertain_keep|municipality_stability_boundary_ambiguous,resolve_conflict|check_close_alternatives|low_priority|check_location_warning,summit-candidate:2b7cce23b57844a5,yamap_2022-10-08_06_12.gpx,review_required_request_packets/mountain_000240.md,review_required_grounding_request_packets.jsonl,pending,,,,
req-grounding-000241-0fb8534df24904a3,241,ベツソ山,伊予市,,review_bucket_resolve_conflict|compact_review_priority_high|mutual_top1_false|compact_reason_shared_candidate|compact_reason_not_mutual_top1|prio_reason_shared_top|prio_reason_top_ambiguous|municipality_stability_near_boundary,resolve_conflict|check_location_warning|low_priority,summit-candidate:dba931625b34d9ac,yamap_2023-10-13_10_02.gpx,review_required_request_packets/mountain_000241.md,review_required_grounding_request_packets.jsonl,pending,,,,
req-grounding-000242-5632c43f2f03268d,242,歯朶谷山,伊予市,,review_bucket_resolve_conflict|compact_review_priority_high|compact_reason_shared_candidate|prio_reason_shared_top|prio_reason_top_ambiguous|municipality_stability_near_boundary,resolve_conflict|check_location_warning,summit-candidate:dba931625b34d9ac,yamap_2023-10-13_10_02.gpx,review_required_request_packets/mountain_000242.md,review_required_grounding_request_packets.jsonl,pending,,,,
req-grounding-000244-1871dc9326773cb9,244,二ノ岳,久万高原町,,stability_level_adjacent_but_deep_inside,accept_candidate_after_map_check|resolve_conflict|check_location_warning|low_priority,summit-candidate:b58470f57bb41331,yamap_2023-10-22_06_44.gpx,review_required_request_packets/mountain_000244.md,review_required_grounding_request_packets.jsonl,pending,,,,
req-grounding-000245-3f4eb25196ae8595,245,高森,久万高原町,,review_bucket_resolve_conflict|compact_review_priority_high|compact_reason_shared_candidate|stability_level_adjacent_but_deep_inside,resolve_conflict|check_close_alternatives|check_location_warning,summit-candidate:5771cdd191c3861d,yamap_2023-10-22_06_44.gpx,review_required_request_packets/mountain_000245.md,review_required_grounding_request_packets.jsonl,pending,,,,
req-grounding-000248-73803c33190a32d5,248,瀬戸黒森,愛南町,,stability_level_location_uncertain_keep|municipality_stability_boundary_ambiguous,accept_candidate_after_map_check|low_priority|check_location_warning|resolve_conflict,summit-candidate:290abf917754fd0b,yamap_2023-11-19_06_46.gpx,review_required_request_packets/mountain_000248.md,review_required_grounding_request_packets.jsonl,pending,,,,
req-grounding-000253-5d6d6a73205abb10,253,秦皇山,伊予市,,review_bucket_resolve_conflict|compact_review_priority_high|mutual_top1_false|compact_reason_shared_candidate|compact_reason_not_mutual_top1|prio_reason_shared_top|prio_reason_top_ambiguous,resolve_conflict|check_location_warning|low_priority,summit-candidate:1d97e1955af85092,yamap_2023-12-17_10_30.gpx,review_required_request_packets/mountain_000253.md,review_required_grounding_request_packets.jsonl,pending,,,,
req-grounding-000254-71136d30380a5f67,254,平岡山(平岡城址),伊予市,,review_bucket_resolve_conflict|compact_review_priority_high|compact_reason_shared_candidate|prio_reason_shared_top|prio_reason_top_ambiguous,resolve_conflict|check_location_warning|low_priority,summit-candidate:1d97e1955af85092,yamap_2023-12-17_10_30.gpx,review_required_request_packets/mountain_000254.md,review_required_grounding_request_packets.jsonl,pending,,,,
req-grounding-000255-be06d3a74776956b,255,竜門山,西条市,,stability_level_location_uncertain_keep|municipality_stability_boundary_ambiguous,accept_candidate_after_map_check|low_priority|resolve_conflict|check_location_warning,summit-candidate:64a47ed9c06f56d5,yamap_2024-01-14_10_18.gpx,review_required_request_packets/mountain_000255.md,review_required_grounding_request_packets.jsonl,pending,,,,
req-grounding-000256-a295ea7cc8596aa8,256,大黒山,西条市,,review_bucket_resolve_conflict|compact_review_priority_high|mutual_top1_false|compact_reason_not_mutual_top1|prio_reason_top_ambiguous,low_priority|resolve_conflict|check_location_warning,summit-candidate:99b1b356cad63b98,yamap_2024-01-14_10_18.gpx,review_required_request_packets/mountain_000256.md,review_required_grounding_request_packets.jsonl,pending,,,,
req-grounding-000258-e53b9a1c8988914f,258,御串山,,大三島,review_bucket_resolve_conflict|compact_review_priority_high|compact_reason_shared_candidate|prio_reason_shared_top|prio_reason_top_ambiguous|municipality_stability_near_boundary,resolve_conflict|low_priority,summit-candidate:02d59cd1260af017,yamap_2024-01-27_10_11.gpx,review_required_request_packets/mountain_000258.md,review_required_grounding_request_packets.jsonl,pending,,,,
req-grounding-000260-0c1e49e624465257,260,開山,,伯方島,review_bucket_resolve_conflict|compact_review_priority_high|mutual_top1_false|compact_reason_shared_candidate|compact_reason_not_mutual_top1|prio_reason_shared_top|prio_reason_top_ambiguous|municipality_stability_near_boundary,resolve_conflict|check_close_alternatives,summit-candidate:02d59cd1260af017,yamap_2024-01-27_10_11.gpx,review_required_request_packets/mountain_000260.md,review_required_grounding_request_packets.jsonl,pending,,,,
req-grounding-000264-8fd3c037296eb1c0,264,大黒山,宇和島市,,stability_level_location_uncertain_keep|municipality_stability_boundary_ambiguous,accept_candidate_after_map_check|low_priority|check_location_warning|resolve_conflict,summit-candidate:f5c22dac4bd015ae,yamap_2024-02-17_05_38.gpx,review_required_request_packets/mountain_000264.md,review_required_grounding_request_packets.jsonl,pending,,,,
req-grounding-000266-f2d3d53b7830efc1,266,郭公岳,宇和島市,,stability_level_location_uncertain_keep|municipality_stability_boundary_ambiguous,accept_candidate_after_map_check|low_priority|check_close_alternatives|check_location_warning|resolve_conflict,summit-candidate:3853fbbba7330ec4,yamap_2024-02-24_07_06.gpx,review_required_request_packets/mountain_000266.md,review_required_grounding_request_packets.jsonl,pending,,,,
req-grounding-000267-9c91435f3c443713,267,東高月山,宇和島市,,stability_level_location_uncertain_keep|municipality_stability_boundary_ambiguous,accept_candidate_after_map_check|low_priority|check_close_alternatives|resolve_conflict,summit-candidate:62351b8782d6f597,yamap_2024-02-24_07_06.gpx,review_required_request_packets/mountain_000267.md,review_required_grounding_request_packets.jsonl,pending,,,,
req-grounding-000268-a25e8a182d1ecf7f,268,高月山,宇和島市,,stability_level_location_uncertain_keep|municipality_stability_boundary_ambiguous,accept_candidate_after_map_check|low_priority|check_location_warning|resolve_conflict,summit-candidate:90c3723735d95c0d,yamap_2024-02-24_07_06.gpx,review_required_request_packets/mountain_000268.md,review_required_grounding_request_packets.jsonl,pending,,,,
req-grounding-000269-e6ac3805d35fadc1,269,櫨ヶ森,宇和島市,,review_bucket_resolve_conflict|compact_review_priority_high|mutual_top1_false|compact_reason_not_mutual_top1|prio_reason_top_ambiguous,low_priority|resolve_conflict|check_location_warning,summit-candidate:f7e5fd7b11eb7bd4,yamap_2024-02-24_07_06.gpx,review_required_request_packets/mountain_000269.md,review_required_grounding_request_packets.jsonl,pending,,,,
req-grounding-000276-c128969d78f76a29,276,白山,松山市,,review_bucket_resolve_conflict|compact_review_priority_high|compact_reason_shared_candidate|prio_reason_shared_top|prio_reason_top_ambiguous,resolve_conflict|check_close_alternatives|low_priority|check_location_warning,summit-candidate:13b7a4bb8154974a,yamap_2024-03-10_07_12.gpx,review_required_request_packets/mountain_000276.md,review_required_grounding_request_packets.jsonl,pending,,,,
req-grounding-000279-13737d3e7f0c5d63,279,城山,松山市,,review_bucket_resolve_conflict|compact_review_priority_high|mutual_top1_false|compact_reason_shared_candidate|compact_reason_not_mutual_top1|prio_reason_shared_top|prio_reason_top_ambiguous,resolve_conflict|check_close_alternatives|low_priority|check_location_warning,summit-candidate:1432f597b5dca157,yamap_2023-01-28_14_27.gpx,review_required_request_packets/mountain_000279.md,review_required_grounding_request_packets.jsonl,pending,,,,
req-grounding-000280-4fe48cbac7dc98fe,280,御勧請山,松山市,,review_bucket_resolve_conflict|compact_review_priority_high|mutual_top1_false|compact_reason_shared_candidate|compact_reason_not_mutual_top1|prio_reason_shared_top|prio_reason_top_ambiguous,resolve_conflict|check_close_alternatives|low_priority|check_location_warning,summit-candidate:13b7a4bb8154974a,yamap_2024-03-10_07_12.gpx,review_required_request_packets/mountain_000280.md,review_required_grounding_request_packets.jsonl,pending,,,,
req-grounding-000281-42fcffd3899872af,281,トギ,大洲市,,review_bucket_resolve_conflict|compact_review_priority_high|compact_reason_shared_candidate|prio_reason_shared_top|prio_reason_top_ambiguous,resolve_conflict|low_priority|check_location_warning,summit-candidate:e75e04c2fbe61c2f,yamap_2024-03-16_09_21.gpx,review_required_request_packets/mountain_000281.md,review_required_grounding_request_packets.jsonl,pending,,,,
req-grounding-000282-8c5cbd28da9fc5f1,282,張木山,大洲市,,review_bucket_resolve_conflict|compact_review_priority_high|compact_reason_shared_candidate|prio_reason_shared_top|prio_reason_top_ambiguous,resolve_conflict|check_close_alternatives|check_location_warning,summit-candidate:3c28b6ebd5a97155,yamap_2024-03-16_13_58.gpx,review_required_request_packets/mountain_000282.md,review_required_grounding_request_packets.jsonl,pending,,,,
req-grounding-000283-02d2151ad3bac402,283,高手山,大洲市,,review_bucket_resolve_conflict|compact_review_priority_high|mutual_top1_false|compact_reason_shared_candidate|compact_reason_not_mutual_top1|prio_reason_shared_top|prio_reason_top_ambiguous,resolve_conflict|low_priority|check_location_warning,summit-candidate:e75e04c2fbe61c2f,yamap_2024-03-16_09_21.gpx,review_required_request_packets/mountain_000283.md,review_required_grounding_request_packets.jsonl,pending,,,,
req-grounding-000284-654353ee7dbaa992,284,斎藤山,大洲市,,review_bucket_resolve_conflict|compact_review_priority_high|mutual_top1_false|compact_reason_shared_candidate|compact_reason_not_mutual_top1|prio_reason_shared_top|prio_reason_top_ambiguous,resolve_conflict|check_close_alternatives|check_location_warning,summit-candidate:3c28b6ebd5a97155,yamap_2024-03-16_13_58.gpx,review_required_request_packets/mountain_000284.md,review_required_grounding_request_packets.jsonl,pending,,,,
req-grounding-000285-0cbb6407a7356599,285,御祝山,松野町,,review_bucket_resolve_conflict|compact_review_priority_high|mutual_top1_false|compact_reason_shared_candidate|compact_reason_not_mutual_top1|prio_reason_shared_top|prio_reason_top_ambiguous|municipality_stability_near_boundary,resolve_conflict|check_location_warning|low_priority,summit-candidate:9186201ca03b041d,yamap_2024-03-30_07_11.gpx,review_required_request_packets/mountain_000285.md,review_required_grounding_request_packets.jsonl,pending,,,,
req-grounding-000286-782252fee5b70f58,286,横ノ森,松野町,,stability_level_boundary_plausible,accept_candidate_after_map_check|resolve_conflict|check_location_warning,summit-candidate:12c27f259b66de80,yamap_2024-03-30_07_11.gpx,review_required_request_packets/mountain_000286.md,review_required_grounding_request_packets.jsonl,pending,,,,
req-grounding-000287-d21d4ddf3fc31d5e,287,小屋ヶ森,松野町,,review_bucket_resolve_conflict|compact_review_priority_high|mutual_top1_false|compact_reason_shared_candidate|compact_reason_not_mutual_top1|prio_reason_shared_top|prio_reason_top_ambiguous|municipality_stability_near_boundary,resolve_conflict|check_location_warning,summit-candidate:9186201ca03b041d,yamap_2024-03-30_07_11.gpx,review_required_request_packets/mountain_000287.md,review_required_grounding_request_packets.jsonl,pending,,,,
req-grounding-000288-0966732de813b49e,288,串ヶ森,松野町,,review_bucket_resolve_conflict|compact_review_priority_high|compact_reason_shared_candidate|prio_reason_shared_top|prio_reason_top_ambiguous|municipality_stability_near_boundary,resolve_conflict|check_location_warning,summit-candidate:9186201ca03b041d,yamap_2024-03-30_07_11.gpx,review_required_request_packets/mountain_000288.md,review_required_grounding_request_packets.jsonl,pending,,,,
req-grounding-000289-92dfa021010a66d7,289,目黒鳥屋,松野町,,review_bucket_resolve_conflict|compact_review_priority_high|mutual_top1_false|compact_reason_shared_candidate|compact_reason_not_mutual_top1|prio_reason_shared_top|prio_reason_top_ambiguous|municipality_stability_near_boundary,resolve_conflict|check_location_warning|low_priority,summit-candidate:9186201ca03b041d,yamap_2024-03-30_07_11.gpx,review_required_request_packets/mountain_000289.md,review_required_grounding_request_packets.jsonl,pending,,,,
req-grounding-000290-9841f9ed4108b077,290,長尾森,松野町,,review_bucket_resolve_conflict|compact_review_priority_high|mutual_top1_false|compact_reason_shared_candidate|compact_reason_not_mutual_top1|prio_reason_shared_top|prio_reason_top_ambiguous|municipality_stability_near_boundary,resolve_conflict|check_location_warning|low_priority,summit-candidate:9186201ca03b041d,yamap_2024-03-30_07_11.gpx,review_required_request_packets/mountain_000290.md,review_required_grounding_request_packets.jsonl,pending,,,,
req-grounding-000294-66e360e4fae9904c,294,八辻ノ峰,久万高原町,,review_bucket_resolve_conflict|compact_review_priority_high|mutual_top1_false|compact_reason_shared_candidate|compact_reason_not_mutual_top1|prio_reason_shared_top|prio_reason_top_ambiguous,resolve_conflict|low_priority|check_location_warning,summit-candidate:76cc7bb75549e7a1,yamap_2024-04-20_05_43.gpx,review_required_request_packets/mountain_000294.md,review_required_grounding_request_packets.jsonl,pending,,,,
req-grounding-000295-8cd74fec0e84c653,295,五代ヶ森,久万高原町,,review_bucket_resolve_conflict|compact_review_priority_high|compact_reason_shared_candidate|prio_reason_shared_top|prio_reason_top_ambiguous,resolve_conflict|low_priority|check_location_warning,summit-candidate:76cc7bb75549e7a1,yamap_2024-04-20_05_43.gpx,review_required_request_packets/mountain_000295.md,review_required_grounding_request_packets.jsonl,pending,,,,
req-grounding-000297-e80d7fba4bd868da,297,狼ヶ城山,久万高原町,,stability_level_location_uncertain_keep|municipality_stability_boundary_ambiguous,accept_candidate_after_map_check|low_priority|resolve_conflict,summit-candidate:95a8fa74fd4af7b0,yamap_2024-04-28_07_11.gpx,review_required_request_packets/mountain_000297.md,review_required_grounding_request_packets.jsonl,pending,,,,
req-grounding-000298-4f892832f38e579a,298,日浦嶺,久万高原町,,review_bucket_resolve_conflict|compact_review_priority_high|compact_reason_shared_candidate|prio_reason_shared_top|prio_reason_top_ambiguous|stability_level_location_uncertain_keep|municipality_stability_boundary_ambiguous,resolve_conflict|low_priority|check_location_warning,summit-candidate:606168b97944fce5,yamap_2024-04-28_10_37.gpx,review_required_request_packets/mountain_000298.md,review_required_grounding_request_packets.jsonl,pending,,,,
req-grounding-000299-1d4e37e36efa852d,299,打越山,久万高原町,,stability_level_location_uncertain_keep|municipality_stability_boundary_ambiguous,accept_candidate_after_map_check|low_priority|resolve_conflict|check_location_warning,summit-candidate:498b9618ca98fa34,yamap_2024-04-28_10_37.gpx,review_required_request_packets/mountain_000299.md,review_required_grounding_request_packets.jsonl,pending,,,,
req-grounding-000303-de876e8d79e0eae0,303,名石山,松山市,,stability_level_location_uncertain_keep|municipality_stability_boundary_ambiguous,accept_candidate_after_map_check|resolve_conflict|low_priority|check_location_warning,summit-candidate:ea919bf883e31a7b,yamap_2024-05-15_11_16.gpx,review_required_request_packets/mountain_000303.md,review_required_grounding_request_packets.jsonl,pending,,,,
req-grounding-000304-8cdc6cd3dc65883b,304,青刈山,,大三島,review_bucket_resolve_conflict|compact_review_priority_high|mutual_top1_false|compact_reason_shared_candidate|compact_reason_not_mutual_top1|prio_reason_shared_top|prio_reason_top_ambiguous|municipality_stability_near_boundary,resolve_conflict|check_close_alternatives|low_priority,summit-candidate:588c967023117267,yamap_2022-09-26_14_04.gpx,review_required_request_packets/mountain_000304.md,review_required_grounding_request_packets.jsonl,pending,,,,
req-grounding-000306-657c38726427399b,306,黒森山,西条市,,review_bucket_resolve_conflict|compact_review_priority_high|mutual_top1_false|compact_reason_shared_candidate|compact_reason_not_mutual_top1|prio_reason_shared_top|prio_reason_top_ambiguous|stability_level_location_uncertain_keep|municipality_stability_boundary_ambiguous,resolve_conflict|check_close_alternatives|low_priority|check_location_warning,summit-candidate:40e090ce41a89b55,yamap_2024-06-08_08_42.gpx,review_required_request_packets/mountain_000306.md,review_required_grounding_request_packets.jsonl,pending,,,,
req-grounding-000307-fce4a34e368f5a1b,307,沓掛山,西条市,,review_bucket_resolve_conflict|compact_review_priority_high|compact_reason_shared_candidate|prio_reason_shared_top|prio_reason_top_ambiguous|stability_level_location_uncertain_keep|municipality_stability_boundary_ambiguous,resolve_conflict|low_priority|check_location_warning,summit-candidate:40e090ce41a89b55,yamap_2024-06-08_08_42.gpx,review_required_request_packets/mountain_000307.md,review_required_grounding_request_packets.jsonl,pending,,,,
req-grounding-000309-08b7eeb7205befb6,309,平家平,新居浜市,,review_bucket_resolve_conflict|compact_review_priority_high|mutual_top1_false|compact_reason_shared_candidate|compact_reason_not_mutual_top1|prio_reason_shared_top|prio_reason_top_ambiguous|municipality_stability_near_boundary,low_priority|resolve_conflict|check_location_warning,summit-candidate:006436491de34784,yamap_2022-11-26_04_41.gpx,review_required_request_packets/mountain_000309.md,review_required_grounding_request_packets.jsonl,pending,,,,
req-grounding-000311-d74d51554bbb23f1,311,子持権現山,西条市,,stability_level_location_uncertain_keep|municipality_stability_boundary_ambiguous,accept_candidate_after_map_check|check_close_alternatives|low_priority|resolve_conflict|check_location_warning,summit-candidate:df6b60d513f5518e,yamap_2024-07-06_10_01.gpx,review_required_request_packets/mountain_000311.md,review_required_grounding_request_packets.jsonl,pending,,,,
req-grounding-000312-152b646b932f6c4b,312,男山,西条市,,review_bucket_resolve_conflict|compact_review_priority_high|mutual_top1_false|compact_reason_shared_candidate|compact_reason_not_mutual_top1|prio_reason_shared_top|prio_reason_top_ambiguous|municipality_stability_near_boundary,resolve_conflict|check_close_alternatives|check_location_warning,summit-candidate:53a6401abf71c488,yamap_2026-05-02_09_29.gpx,review_required_request_packets/mountain_000312.md,review_required_grounding_request_packets.jsonl,pending,,,,
req-grounding-000313-523fbfdeaab3a72c,313,瓶ヶ森,西条市,,review_bucket_resolve_conflict|compact_review_priority_high|compact_reason_shared_candidate|prio_reason_shared_top|prio_reason_top_ambiguous|municipality_stability_near_boundary,resolve_conflict|check_close_alternatives|low_priority,summit-candidate:53a6401abf71c488,yamap_2026-05-02_09_29.gpx,review_required_request_packets/mountain_000313.md,review_required_grounding_request_packets.jsonl,pending,,,,
req-grounding-000316-6c6c6bb609b92b43,316,高縄山,松山市,,review_bucket_resolve_conflict|compact_review_priority_high|mutual_top1_false|compact_reason_not_mutual_top1|prio_reason_top_ambiguous,resolve_conflict|low_priority,summit-candidate:6ba0d3c6b0fb6b96,yamap_2022-04-09_14_44.gpx,review_required_request_packets/mountain_000316.md,review_required_grounding_request_packets.jsonl,pending,,,,
req-grounding-000319-33652c7a67eca18b,319,猿越山,久万高原町,,stability_level_location_uncertain_keep|municipality_stability_outside_prefecture,accept_candidate_after_map_check|check_close_alternatives|resolve_conflict,summit-candidate:eb3b108c5d508377,yamap_2024-09-23_07_35.gpx,review_required_request_packets/mountain_000319.md,review_required_grounding_request_packets.jsonl,pending,,,,
req-grounding-000320-f6aefbf6fa6299fd,320,銅山峰,新居浜市,,review_bucket_resolve_conflict|compact_review_priority_high|mutual_top1_false|compact_reason_shared_candidate|compact_reason_not_mutual_top1|prio_reason_shared_top|prio_reason_top_ambiguous|municipality_stability_near_boundary,resolve_conflict|check_close_alternatives,summit-candidate:006436491de34784,yamap_2022-11-26_04_41.gpx,review_required_request_packets/mountain_000320.md,review_required_grounding_request_packets.jsonl,pending,,,,
req-grounding-000321-753fd9215db3f2a3,321,西山,新居浜市,,review_bucket_resolve_conflict|compact_review_priority_high|compact_reason_shared_candidate|prio_reason_shared_top|prio_reason_top_ambiguous,resolve_conflict|check_close_alternatives|check_location_warning,summit-candidate:057580d1c60049b6,yamap_2024-10-05_06_40.gpx,review_required_request_packets/mountain_000321.md,review_required_grounding_request_packets.jsonl,pending,,,,
req-grounding-000322-2fa948849759ec4a,322,三の森,新居浜市,,review_bucket_resolve_conflict|compact_review_priority_high|mutual_top1_false|compact_reason_shared_candidate|compact_reason_not_mutual_top1|prio_reason_shared_top|prio_reason_top_ambiguous,resolve_conflict|check_close_alternatives|check_location_warning,summit-candidate:057580d1c60049b6,yamap_2024-10-05_06_40.gpx,review_required_request_packets/mountain_000322.md,review_required_grounding_request_packets.jsonl,pending,,,,
req-grounding-000323-38d6a74b3b18a27c,323,二の森,新居浜市,,review_bucket_resolve_conflict|compact_review_priority_high|mutual_top1_false|compact_reason_shared_candidate|compact_reason_not_mutual_top1|prio_reason_shared_top|prio_reason_top_ambiguous,resolve_conflict|check_close_alternatives|low_priority|check_location_warning,summit-candidate:057580d1c60049b6,yamap_2024-10-05_06_40.gpx,review_required_request_packets/mountain_000323.md,review_required_grounding_request_packets.jsonl,pending,,,,
req-grounding-000325-d2dfa1a270cc1467,325,三ッ足山,四国中央市,,review_bucket_resolve_conflict|compact_review_priority_high|compact_reason_shared_candidate|prio_reason_shared_top|prio_reason_top_ambiguous,resolve_conflict|low_priority,summit-candidate:8078eb6cc96c519a,yamap_2024-10-14_04_48.gpx,review_required_request_packets/mountain_000325.md,review_required_grounding_request_packets.jsonl,pending,,,,
req-grounding-000326-ba813d8e2b7e9394,326,カガマシ山,四国中央市,,review_bucket_resolve_conflict|compact_review_priority_high|compact_reason_shared_candidate|prio_reason_shared_top|prio_reason_top_ambiguous|municipality_stability_near_boundary,resolve_conflict|low_priority,summit-candidate:0886436b79473a6c,yamap_2024-10-14_04_48.gpx,review_required_request_packets/mountain_000326.md,review_required_grounding_request_packets.jsonl,pending,,,,
req-grounding-000327-5636b5de80a2a762,327,橡尾山,四国中央市,,stability_level_location_uncertain_keep|municipality_stability_outside_prefecture,accept_candidate_after_map_check|resolve_conflict|check_location_warning,summit-candidate:a1b1b7885eeab893,yamap_2024-10-14_04_48.gpx,review_required_request_packets/mountain_000327.md,review_required_grounding_request_packets.jsonl,pending,,,,
req-grounding-000329-6ed2ca81dda00327,329,ハネズル山,四国中央市,,review_bucket_resolve_conflict|compact_review_priority_high|compact_reason_shared_candidate|prio_reason_shared_top|prio_reason_top_ambiguous|municipality_stability_near_boundary,resolve_conflict|low_priority|check_location_warning,summit-candidate:e2c08955f9275289,yamap_2024-10-20_06_42.gpx,review_required_request_packets/mountain_000329.md,review_required_grounding_request_packets.jsonl,pending,,,,
req-grounding-000331-296a16a3cea4f05f,331,五郎丸,四国中央市,,review_bucket_resolve_conflict|compact_review_priority_high|compact_reason_shared_candidate|prio_reason_shared_top|prio_reason_top_ambiguous|municipality_stability_near_boundary,low_priority|resolve_conflict|check_location_warning,summit-candidate:edac81b361bdc70c,yamap_2024-12-01_06_40.gpx,review_required_request_packets/mountain_000331.md,review_required_grounding_request_packets.jsonl,pending,,,,
req-grounding-000332-7b008c247aecbeb4,332,高丸,四国中央市,,review_bucket_resolve_conflict|compact_review_priority_high|mutual_top1_false|compact_reason_shared_candidate|compact_reason_not_mutual_top1|prio_reason_shared_top|prio_reason_top_ambiguous|municipality_stability_near_boundary,low_priority|resolve_conflict|check_location_warning,summit-candidate:edac81b361bdc70c,yamap_2024-12-01_06_40.gpx,review_required_request_packets/mountain_000332.md,review_required_grounding_request_packets.jsonl,pending,,,,
req-grounding-000333-ec134a3f352e6ab7,333,金見山,四国中央市,,review_bucket_resolve_conflict|compact_review_priority_high|mutual_top1_false|compact_reason_shared_candidate|compact_reason_not_mutual_top1|prio_reason_shared_top|prio_reason_top_ambiguous|municipality_stability_near_boundary,low_priority|resolve_conflict|check_location_warning,summit-candidate:edac81b361bdc70c,yamap_2024-12-01_06_40.gpx,review_required_request_packets/mountain_000333.md,review_required_grounding_request_packets.jsonl,pending,,,,
req-grounding-000334-8c693a35fc5dfbd7,334,木峰,四国中央市,,review_bucket_resolve_conflict|compact_review_priority_high|mutual_top1_false|compact_reason_shared_candidate|compact_reason_not_mutual_top1|prio_reason_shared_top|prio_reason_top_ambiguous|municipality_stability_near_boundary,low_priority|resolve_conflict|check_location_warning,summit-candidate:edac81b361bdc70c,yamap_2024-12-01_06_40.gpx,review_required_request_packets/mountain_000334.md,review_required_grounding_request_packets.jsonl,pending,,,,
req-grounding-000335-c0267544f8d6cfe8,335,天狗森,四国中央市,,review_bucket_resolve_conflict|compact_review_priority_high|mutual_top1_false|compact_reason_shared_candidate|compact_reason_not_mutual_top1|prio_reason_shared_top|prio_reason_top_ambiguous|municipality_stability_near_boundary,low_priority|resolve_conflict|check_location_warning,summit-candidate:edac81b361bdc70c,yamap_2024-12-01_06_40.gpx,review_required_request_packets/mountain_000335.md,review_required_grounding_request_packets.jsonl,pending,,,,
req-grounding-000336-da21ff8ef80a84f9,336,唐谷山,四国中央市,,review_bucket_resolve_conflict|compact_review_priority_high|mutual_top1_false|compact_reason_shared_candidate|compact_reason_not_mutual_top1|prio_reason_shared_top|prio_reason_top_ambiguous|stability_level_location_uncertain_keep|municipality_stability_boundary_ambiguous,resolve_conflict|low_priority|check_location_warning,summit-candidate:32c1cf967ab82dbe,yamap_2024-12-01_06_40.gpx,review_required_request_packets/mountain_000336.md,review_required_grounding_request_packets.jsonl,pending,,,,
req-grounding-000337-e5e0b1e7480750b4,337,龍王山,四国中央市,,review_bucket_resolve_conflict|compact_review_priority_high|mutual_top1_false|compact_reason_shared_candidate|compact_reason_not_mutual_top1|prio_reason_shared_top|prio_reason_top_ambiguous|municipality_stability_near_boundary,low_priority|resolve_conflict|check_location_warning,summit-candidate:edac81b361bdc70c,yamap_2024-12-01_06_40.gpx,review_required_request_packets/mountain_000337.md,review_required_grounding_request_packets.jsonl,pending,,,,
req-grounding-000338-d605a460503c6679,338,大谷山,四国中央市,,review_bucket_resolve_conflict|compact_review_priority_high|compact_reason_shared_candidate|prio_reason_shared_top|prio_reason_top_ambiguous|stability_level_location_uncertain_keep|municipality_stability_boundary_ambiguous,resolve_conflict|low_priority|check_location_warning,summit-candidate:32c1cf967ab82dbe,yamap_2024-12-01_06_40.gpx,review_required_request_packets/mountain_000338.md,review_required_grounding_request_packets.jsonl,pending,,,,
req-grounding-000339-061e7e7fbacef778,339,城山,四国中央市,,review_bucket_resolve_conflict|compact_review_priority_high|mutual_top1_false|compact_reason_shared_candidate|compact_reason_not_mutual_top1|prio_reason_shared_top|prio_reason_top_ambiguous|municipality_stability_near_boundary,low_priority|check_location_warning|resolve_conflict,summit-candidate:edac81b361bdc70c,yamap_2024-12-01_06_40.gpx,review_required_request_packets/mountain_000339.md,review_required_grounding_request_packets.jsonl,pending,,,,
req-grounding-000340-2f3a8af75dfb6190,340,本尊山,伊予市,,review_bucket_resolve_conflict|compact_review_priority_high|mutual_top1_false|compact_reason_shared_candidate|compact_reason_not_mutual_top1|prio_reason_shared_top|prio_reason_top_ambiguous,resolve_conflict|check_close_alternatives|check_location_warning,summit-candidate:0bd3d051cdb972fd,yamap_2024-12-08_06_59.gpx,review_required_request_packets/mountain_000340.md,review_required_grounding_request_packets.jsonl,pending,,,,
req-grounding-000341-bca5b218e4952ff0,341,秋葉山,伊予市,,review_bucket_resolve_conflict|compact_review_priority_high|compact_reason_shared_candidate|prio_reason_shared_top|prio_reason_top_ambiguous,resolve_conflict|check_close_alternatives|low_priority|check_location_warning,summit-candidate:0bd3d051cdb972fd,yamap_2024-12-08_06_59.gpx,review_required_request_packets/mountain_000341.md,review_required_grounding_request_packets.jsonl,pending,,,,
req-grounding-000343-d7bfd7b1220835b6,343,明神山,伊予市,,review_bucket_resolve_conflict|compact_review_priority_high|mutual_top1_false|compact_reason_shared_candidate|compact_reason_not_mutual_top1|prio_reason_shared_top|prio_reason_top_ambiguous,resolve_conflict|check_close_alternatives|low_priority|check_location_warning,summit-candidate:0bd3d051cdb972fd,yamap_2024-12-08_06_59.gpx,review_required_request_packets/mountain_000343.md,review_required_grounding_request_packets.jsonl,pending,,,,
req-grounding-000344-696336b577688b1b,344,陣が森,松山市,,review_bucket_resolve_conflict|compact_review_priority_high|compact_reason_shared_candidate|prio_reason_shared_top|prio_reason_top_ambiguous|stability_level_location_uncertain_keep|municipality_stability_boundary_ambiguous,resolve_conflict|check_close_alternatives|low_priority|check_location_warning,summit-candidate:6b0155a434d72d79,yamap_2024-12-15_07_21.gpx,review_required_request_packets/mountain_000344.md,review_required_grounding_request_packets.jsonl,pending,,,,
req-grounding-000345-82455e824ab3bb1e,345,岩が森,松山市,,stability_level_location_uncertain_keep|municipality_stability_boundary_ambiguous,accept_candidate_after_map_check|check_close_alternatives|low_priority|resolve_conflict|check_location_warning,summit-candidate:c195c34fb7e38d7a,yamap_2024-12-15_07_21.gpx,review_required_request_packets/mountain_000345.md,review_required_grounding_request_packets.jsonl,pending,,,,
req-grounding-000347-1a886390672b6264,347,高萩山,松山市,,stability_level_location_uncertain_keep|municipality_stability_boundary_ambiguous,accept_candidate_after_map_check|low_priority|resolve_conflict|check_location_warning,summit-candidate:f0a03b36c279ddd3,yamap_2024-12-15_07_21.gpx,review_required_request_packets/mountain_000347.md,review_required_grounding_request_packets.jsonl,pending,,,,
req-grounding-000349-5393c8326a7ee894,349,八倉山,砥部町,,review_bucket_resolve_conflict|compact_review_priority_high|compact_reason_shared_candidate|prio_reason_shared_top|prio_reason_top_ambiguous|municipality_stability_near_boundary,resolve_conflict|check_location_warning,summit-candidate:4416099ca0f9da08,yamap_2024-12-22_10_25.gpx,review_required_request_packets/mountain_000349.md,review_required_grounding_request_packets.jsonl,pending,,,,
req-grounding-000350-8c78b3c6c3c2470e,350,行道山,砥部町,,review_bucket_resolve_conflict|compact_review_priority_high|mutual_top1_false|compact_reason_shared_candidate|compact_reason_not_mutual_top1|prio_reason_shared_top|prio_reason_top_ambiguous|municipality_stability_near_boundary,resolve_conflict|check_location_warning,summit-candidate:cfd366be872f9534,yamap_2024-12-22_06_34.gpx,review_required_request_packets/mountain_000350.md,review_required_grounding_request_packets.jsonl,pending,,,,
req-grounding-000351-853623e8bf7509d1,351,水晶ヶ森,砥部町,,review_bucket_resolve_conflict|compact_review_priority_high|compact_reason_shared_candidate|prio_reason_shared_top|prio_reason_top_ambiguous|municipality_stability_near_boundary,resolve_conflict|check_location_warning,summit-candidate:cfd366be872f9534,yamap_2024-12-22_06_34.gpx,review_required_request_packets/mountain_000351.md,review_required_grounding_request_packets.jsonl,pending,,,,
req-grounding-000352-3da0d7db7837f0b2,352,笹ヶ平山,砥部町,,review_bucket_resolve_conflict|compact_review_priority_high|mutual_top1_false|compact_reason_shared_candidate|compact_reason_not_mutual_top1|prio_reason_shared_top|prio_reason_top_ambiguous|municipality_stability_near_boundary,resolve_conflict|check_location_warning,summit-candidate:4416099ca0f9da08,yamap_2024-12-22_10_25.gpx,review_required_request_packets/mountain_000352.md,review_required_grounding_request_packets.jsonl,pending,,,,
req-grounding-000353-67a50e451ea59bcc,353,壺神山,大洲市,,stability_level_location_uncertain_keep|municipality_stability_boundary_ambiguous,accept_candidate_after_map_check|resolve_conflict|check_close_alternatives|check_location_warning,summit-candidate:c58c0ba7145621b9,yamap_2025-01-03_07_19.gpx,review_required_request_packets/mountain_000353.md,review_required_grounding_request_packets.jsonl,pending,,,,
req-grounding-000355-69c42543a185fe21,355,足山,大洲市,,review_bucket_resolve_conflict|compact_review_priority_high|mutual_top1_false|compact_reason_shared_candidate|compact_reason_not_mutual_top1|prio_reason_shared_top|prio_reason_top_ambiguous,resolve_conflict|check_close_alternatives|low_priority|check_location_warning,summit-candidate:0048d4d3a7981b80,yamap_2025-01-03_07_19.gpx,review_required_request_packets/mountain_000355.md,review_required_grounding_request_packets.jsonl,pending,,,,
req-grounding-000357-1d984bd5af27b1b1,357,尉之山,松山市,,review_bucket_resolve_conflict|compact_review_priority_high|compact_reason_shared_candidate|prio_reason_shared_top|prio_reason_top_ambiguous,low_priority|resolve_conflict|check_location_warning,summit-candidate:2b833dfb6f3f84c1,yamap_2025-01-11_11_51.gpx,review_required_request_packets/mountain_000357.md,review_required_grounding_request_packets.jsonl,pending,,,,
req-grounding-000358-646b263151af9827,358,小山岳,松山市,,stability_level_location_uncertain_keep|municipality_stability_boundary_ambiguous,accept_candidate_after_map_check|low_priority|resolve_conflict|check_location_warning,summit-candidate:7749b785ef007c1a,yamap_2025-01-11_08_43.gpx,review_required_request_packets/mountain_000358.md,review_required_grounding_request_packets.jsonl,pending,,,,
req-grounding-000359-97f7561ab7aa28a5,359,勝山,松山市,,review_bucket_resolve_conflict|compact_review_priority_high|mutual_top1_false|compact_reason_shared_candidate|compact_reason_not_mutual_top1|prio_reason_shared_top|prio_reason_top_ambiguous,low_priority|resolve_conflict|check_location_warning,summit-candidate:2b833dfb6f3f84c1,yamap_2025-01-11_11_51.gpx,review_required_request_packets/mountain_000359.md,review_required_grounding_request_packets.jsonl,pending,,,,
req-grounding-000363-67c6ca3bc7aefea4,363,天が森,八幡浜市,,review_bucket_resolve_conflict|compact_review_priority_high|mutual_top1_false|compact_reason_shared_candidate|compact_reason_not_mutual_top1|prio_reason_shared_top|prio_reason_top_ambiguous,resolve_conflict|low_priority|check_location_warning,summit-candidate:090f7fa4be89ec5e,yamap_2025-01-26_07_09.gpx,review_required_request_packets/mountain_000363.md,review_required_grounding_request_packets.jsonl,pending,,,,
req-grounding-000364-f67fb5a8b2c98d1b,364,浄心山,八幡浜市,,review_bucket_resolve_conflict|compact_review_priority_high|compact_reason_shared_candidate|prio_reason_shared_top|prio_reason_top_ambiguous,resolve_conflict|low_priority|check_location_warning,summit-candidate:090f7fa4be89ec5e,yamap_2025-01-26_07_09.gpx,review_required_request_packets/mountain_000364.md,review_required_grounding_request_packets.jsonl,pending,,,,
req-grounding-000365-2e563c3a23905138,365,銅が鳴,八幡浜市,,review_bucket_resolve_conflict|compact_review_priority_high|mutual_top1_false|compact_reason_shared_candidate|compact_reason_not_mutual_top1|prio_reason_shared_top|prio_reason_top_ambiguous,resolve_conflict|low_priority|check_location_warning,summit-candidate:090f7fa4be89ec5e,yamap_2025-01-26_07_09.gpx,review_required_request_packets/mountain_000365.md,review_required_grounding_request_packets.jsonl,pending,,,,
req-grounding-000367-3e22767f16087774,367,西の山,四国中央市,,review_bucket_resolve_conflict|compact_review_priority_high|compact_reason_shared_candidate|prio_reason_shared_top|prio_reason_top_ambiguous,resolve_conflict|check_close_alternatives|low_priority|check_location_warning,summit-candidate:8cef52d6989a94db,yamap_2025-01-30_10_12.gpx,review_required_request_packets/mountain_000367.md,review_required_grounding_request_packets.jsonl,pending,,,,
req-grounding-000368-122509ca3d87e57f,368,北山,四国中央市,,review_bucket_resolve_conflict|compact_review_priority_high|mutual_top1_false|compact_reason_shared_candidate|compact_reason_not_mutual_top1|prio_reason_shared_top|prio_reason_top_ambiguous,resolve_conflict|check_close_alternatives|low_priority|check_location_warning,summit-candidate:8cef52d6989a94db,yamap_2025-01-30_10_12.gpx,review_required_request_packets/mountain_000368.md,review_required_grounding_request_packets.jsonl,pending,,,,
req-grounding-000372-8b032044b52c395e,372,亀老山,,大島,review_bucket_resolve_conflict|compact_review_priority_high|mutual_top1_false|compact_reason_shared_candidate|compact_reason_not_mutual_top1|prio_reason_shared_top|prio_reason_top_ambiguous,resolve_conflict|check_close_alternatives,summit-candidate:40260be41579ab8f,yamap_2022-01-28_12_28.gpx,review_required_request_packets/mountain_000372.md,review_required_grounding_request_packets.jsonl,pending,,,,
req-grounding-000375-1ffe24e126e975d4,375,大頭山,,大島,review_bucket_resolve_conflict|compact_review_priority_high|compact_reason_shared_candidate|prio_reason_shared_top|prio_reason_top_ambiguous,resolve_conflict|low_priority,summit-candidate:afc2e407c1d6b464,yamap_2025-02-09_09_27.gpx,review_required_request_packets/mountain_000375.md,review_required_grounding_request_packets.jsonl,pending,,,,
req-grounding-000376-10355ac09dca2f13,376,高取山,,大島,review_bucket_resolve_conflict|compact_review_priority_high|mutual_top1_false|compact_reason_shared_candidate|compact_reason_not_mutual_top1|prio_reason_shared_top|prio_reason_top_ambiguous,resolve_conflict|low_priority,summit-candidate:afc2e407c1d6b464,yamap_2025-02-09_09_27.gpx,review_required_request_packets/mountain_000376.md,review_required_grounding_request_packets.jsonl,pending,,,,
req-grounding-000381-82c2f1b7d0a26d42,381,霊仙山,今治市,,review_bucket_resolve_conflict|compact_review_priority_high|compact_reason_shared_candidate|prio_reason_shared_top|prio_reason_top_ambiguous,resolve_conflict|low_priority|check_location_warning,summit-candidate:47b61397fb9c5d3f,yamap_2025-02-24_10_12.gpx,review_required_request_packets/mountain_000381.md,review_required_grounding_request_packets.jsonl,pending,,,,
req-grounding-000382-aae4babaa3f5a4f8,382,若いもん山,今治市,,review_bucket_resolve_conflict|compact_review_priority_high|mutual_top1_false|compact_reason_shared_candidate|compact_reason_not_mutual_top1|prio_reason_shared_top|prio_reason_top_ambiguous,resolve_conflict|low_priority|check_location_warning,summit-candidate:47b61397fb9c5d3f,yamap_2025-02-24_10_12.gpx,review_required_request_packets/mountain_000382.md,review_required_grounding_request_packets.jsonl,pending,,,,
req-grounding-000392-028cc3682c4f2907,392,高山,,中島,review_bucket_resolve_conflict|compact_review_priority_high|mutual_top1_false|compact_reason_shared_candidate|compact_reason_not_mutual_top1|prio_reason_shared_top|prio_reason_top_ambiguous|municipality_stability_near_boundary,resolve_conflict|check_close_alternatives|low_priority,summit-candidate:101c1b0635c0bec0,yamap_2022-12-25_10_09.gpx,review_required_request_packets/mountain_000392.md,review_required_grounding_request_packets.jsonl,pending,,,,
req-grounding-000394-2f969123cbdbd1ea,394,大里山,,中島,review_bucket_resolve_conflict|compact_review_priority_high|mutual_top1_false|compact_reason_not_mutual_top1|prio_reason_top_ambiguous,resolve_conflict|low_priority,summit-candidate:fe8f624bdaa57afd,yamap_2025-03-20_08_27.gpx,review_required_request_packets/mountain_000394.md,review_required_grounding_request_packets.jsonl,pending,,,,
req-grounding-000395-53a88aeebad5bc20,395,北ヶ森,久万高原町,,review_bucket_resolve_conflict|compact_review_priority_high|compact_reason_shared_candidate|prio_reason_shared_top|prio_reason_top_ambiguous|stability_level_location_uncertain_keep|municipality_stability_boundary_ambiguous,resolve_conflict|check_location_warning|low_priority,summit-candidate:dedadc05e5f6d5d5,yamap_2025-03-23_11_12.gpx,review_required_request_packets/mountain_000395.md,review_required_grounding_request_packets.jsonl,pending,,,,
req-grounding-000396-3ff8eec6b6f0dd09,396,高土の峰,砥部町,,review_bucket_resolve_conflict|compact_review_priority_high|mutual_top1_false|compact_reason_shared_candidate|compact_reason_not_mutual_top1|prio_reason_shared_top|prio_reason_top_ambiguous|stability_level_location_uncertain_keep|municipality_stability_boundary_ambiguous,resolve_conflict|low_priority|check_location_warning,summit-candidate:dedadc05e5f6d5d5,yamap_2025-03-23_11_12.gpx,review_required_request_packets/mountain_000396.md,review_required_grounding_request_packets.jsonl,pending,,,,
req-grounding-000397-6c7cbc3ae53d723f,397,竜王山,西予市,,review_bucket_resolve_conflict|compact_review_priority_high|mutual_top1_false|compact_reason_shared_candidate|compact_reason_not_mutual_top1|prio_reason_shared_top|prio_reason_top_ambiguous|stability_level_location_uncertain_keep|municipality_stability_boundary_ambiguous,resolve_conflict|check_close_alternatives|check_location_warning,summit-candidate:62d2811f5d1a9f29,yamap_2025-03-30_07_01.gpx,review_required_request_packets/mountain_000397.md,review_required_grounding_request_packets.jsonl,pending,,,,
req-grounding-000398-480f7770c9f2f4a2,398,岳山,大洲市,,review_bucket_resolve_conflict|compact_review_priority_high|compact_reason_shared_candidate|prio_reason_shared_top|prio_reason_top_ambiguous|municipality_stability_near_boundary|stability_level_boundary_plausible,resolve_conflict|check_location_warning,summit-candidate:5f3f2f47d84464c4,yamap_2025-03-30_09_12.gpx,review_required_request_packets/mountain_000398.md,review_required_grounding_request_packets.jsonl,pending,,,,
req-grounding-000399-59dc210e75634301,399,一ヶ森,大洲市,,review_bucket_resolve_conflict|compact_review_priority_high|mutual_top1_false|compact_reason_shared_candidate|compact_reason_not_mutual_top1|prio_reason_shared_top|prio_reason_top_ambiguous|municipality_stability_near_boundary|stability_level_boundary_plausible,resolve_conflict|check_location_warning,summit-candidate:5f3f2f47d84464c4,yamap_2025-03-30_09_12.gpx,review_required_request_packets/mountain_000399.md,review_required_grounding_request_packets.jsonl,pending,,,,
req-grounding-000400-903ad920840a20c8,400,愛の森,大洲市,,review_bucket_resolve_conflict|compact_review_priority_high|compact_reason_shared_candidate|prio_reason_shared_top|prio_reason_top_ambiguous|stability_level_location_uncertain_keep|municipality_stability_boundary_ambiguous,resolve_conflict|check_location_warning,summit-candidate:62d2811f5d1a9f29,yamap_2025-03-30_07_01.gpx,review_required_request_packets/mountain_000400.md,review_required_grounding_request_packets.jsonl,pending,,,,
req-grounding-000401-cdb29921955b84a4,401,京の森,大洲市,,review_bucket_resolve_conflict|compact_review_priority_high|mutual_top1_false|compact_reason_shared_candidate|compact_reason_not_mutual_top1|prio_reason_shared_top|prio_reason_top_ambiguous|stability_level_location_uncertain_keep|municipality_stability_boundary_ambiguous,resolve_conflict|check_location_warning,summit-candidate:13aa9354da4eb6d6,yamap_2025-03-30_12_56.gpx,review_required_request_packets/mountain_000401.md,review_required_grounding_request_packets.jsonl,pending,,,,
req-grounding-000402-b76eba46ee031eea,402,大迫山,大洲市,,review_bucket_resolve_conflict|compact_review_priority_high|mutual_top1_false|compact_reason_shared_candidate|compact_reason_not_mutual_top1|prio_reason_shared_top|prio_reason_top_ambiguous|stability_level_location_uncertain_keep|municipality_stability_boundary_ambiguous,resolve_conflict|check_location_warning,summit-candidate:13aa9354da4eb6d6,yamap_2025-03-30_12_56.gpx,review_required_request_packets/mountain_000402.md,review_required_grounding_request_packets.jsonl,pending,,,,
req-grounding-000403-56c0881e730ee19d,403,船山,久万高原町,,review_bucket_resolve_conflict|compact_review_priority_high|mutual_top1_false|compact_reason_shared_candidate|compact_reason_not_mutual_top1|prio_reason_shared_top|prio_reason_top_ambiguous,resolve_conflict|low_priority|check_location_warning,summit-candidate:2a670286f545beb2,yamap_2023-04-09_09_08.gpx,review_required_request_packets/mountain_000403.md,review_required_grounding_request_packets.jsonl,pending,,,,
req-grounding-000407-1f37b07a0d7e9f2a,407,五十崎神南山,大洲市,,stability_level_location_uncertain_keep|municipality_stability_boundary_ambiguous,accept_candidate_after_map_check|check_close_alternatives|resolve_conflict|check_location_warning,summit-candidate:49147712961a83be,yamap_2025-04-09_06_48.gpx,review_required_request_packets/mountain_000407.md,review_required_grounding_request_packets.jsonl,pending,,,,
req-grounding-000409-4fcb30d779d40fbd,409,小屋山,西予市,,review_bucket_resolve_conflict|compact_review_priority_high|compact_reason_shared_candidate|prio_reason_shared_top|prio_reason_top_ambiguous|stability_level_location_uncertain_keep|municipality_stability_boundary_ambiguous,resolve_conflict|low_priority|check_close_alternatives|check_location_warning,summit-candidate:422a9e74717ca96d,yamap_2025-04-19_07_10.gpx,review_required_request_packets/mountain_000409.md,review_required_grounding_request_packets.jsonl,pending,,,,
req-grounding-000410-74648e0c9bd3e04b,410,丸石山,久万高原町,,review_bucket_resolve_conflict|compact_review_priority_high|mutual_top1_false|compact_reason_shared_candidate|compact_reason_not_mutual_top1|prio_reason_shared_top|prio_reason_top_ambiguous|stability_level_location_uncertain_keep|municipality_stability_boundary_ambiguous,check_location_warning|resolve_conflict|low_priority,summit-candidate:422a9e74717ca96d,yamap_2025-04-19_07_10.gpx,review_required_request_packets/mountain_000410.md,review_required_grounding_request_packets.jsonl,pending,,,,
req-grounding-000411-0229ad78a31cc30f,411,野地峰,四国中央市,,review_bucket_resolve_conflict|compact_review_priority_high|compact_reason_shared_candidate|prio_reason_shared_top|prio_reason_top_ambiguous|stability_level_location_uncertain_keep|municipality_stability_boundary_ambiguous,resolve_conflict|low_priority|check_location_warning,summit-candidate:17a471cc45af2c05,yamap_2025-04-27_06_23.gpx,review_required_request_packets/mountain_000411.md,review_required_grounding_request_packets.jsonl,pending,,,,
req-grounding-000412-416547b8be3d7351,412,黒岩山,四国中央市,,stability_level_location_uncertain_keep|municipality_stability_outside_prefecture,accept_candidate_after_map_check|low_priority|check_location_warning|resolve_conflict,summit-candidate:e93bba1998d4efb5,yamap_2025-04-27_06_23.gpx,review_required_request_packets/mountain_000412.md,review_required_grounding_request_packets.jsonl,pending,,,,
req-grounding-000413-2b10ab61e93e0a83,413,大野山,四国中央市,,stability_level_boundary_plausible,accept_candidate_after_map_check|low_priority|resolve_conflict|check_location_warning,summit-candidate:53bf856dccad5eab,yamap_2025-04-27_06_23.gpx,review_required_request_packets/mountain_000413.md,review_required_grounding_request_packets.jsonl,pending,,,,
req-grounding-000414-63253bd0725d0a24,414,水なし山,久万高原町,,review_bucket_resolve_conflict|compact_review_priority_high|compact_reason_shared_candidate|prio_reason_shared_top|prio_reason_top_ambiguous|stability_level_location_uncertain_keep|municipality_stability_boundary_ambiguous,resolve_conflict|low_priority|check_location_warning,summit-candidate:403c0894babcf279,yamap_2025-06-21_08_53.gpx,review_required_request_packets/mountain_000414.md,review_required_grounding_request_packets.jsonl,pending,,,,
req-grounding-000415-2ebb52a473876489,415,貝渚山,久万高原町,,review_bucket_resolve_conflict|compact_review_priority_high|mutual_top1_false|compact_reason_shared_candidate|compact_reason_not_mutual_top1|prio_reason_shared_top|prio_reason_top_ambiguous|stability_level_location_uncertain_keep|municipality_stability_boundary_ambiguous,resolve_conflict|low_priority|check_location_warning,summit-candidate:403c0894babcf279,yamap_2025-06-21_08_53.gpx,review_required_request_packets/mountain_000415.md,review_required_grounding_request_packets.jsonl,pending,,,,
req-grounding-000417-cef0fb3439cf7a00,417,東黒森,西条市,,stability_level_location_uncertain_keep|municipality_stability_boundary_ambiguous,accept_candidate_after_map_check|check_close_alternatives|low_priority|resolve_conflict,summit-candidate:20f1c44b99e3d708,yamap_2025-07-06_09_43.gpx,review_required_request_packets/mountain_000417.md,review_required_grounding_request_packets.jsonl,pending,,,,
req-grounding-000418-1e054374522e0b4a,418,伊吹山,西条市,,stability_level_location_uncertain_keep|municipality_stability_boundary_ambiguous,accept_candidate_after_map_check|low_priority|resolve_conflict,summit-candidate:e79e77da4bfd1f13,yamap_2025-07-06_12_03.gpx,review_required_request_packets/mountain_000418.md,review_required_grounding_request_packets.jsonl,pending,,,,
req-grounding-000419-b395d9933241ec3a,419,小牛城,久万高原町,,stability_level_location_uncertain_keep|municipality_stability_boundary_ambiguous,accept_candidate_after_map_check|low_priority|check_location_warning|resolve_conflict,summit-candidate:ba78489e4d448645,yamap_2025-08-15_10_51.gpx,review_required_request_packets/mountain_000419.md,review_required_grounding_request_packets.jsonl,pending,,,,
req-grounding-000422-966e8338ca02af2e,422,天狗ノ森,久万高原町,,stability_level_location_uncertain_keep|municipality_stability_outside_prefecture,accept_candidate_after_map_check|check_close_alternatives|resolve_conflict,summit-candidate:54dc6f5d29d60052,yamap_2025-08-15_09_21.gpx,review_required_request_packets/mountain_000422.md,review_required_grounding_request_packets.jsonl,pending,,,,
req-grounding-000423-927d33f82c4ebdbb,423,鶴ノ子ノ頭,久万高原町,,stability_level_location_uncertain_keep|municipality_stability_boundary_ambiguous,accept_candidate_after_map_check|low_priority|resolve_conflict,summit-candidate:65906dbbd6e5b747,yamap_2025-09-07_08_00.gpx,review_required_request_packets/mountain_000423.md,review_required_grounding_request_packets.jsonl,pending,,,,
req-grounding-000424-17beaf8415af5ced,424,千秋寺山,松山市,,review_bucket_resolve_conflict|compact_review_priority_high|mutual_top1_false|compact_reason_shared_candidate|compact_reason_not_mutual_top1|prio_reason_shared_top|prio_reason_top_ambiguous,resolve_conflict|check_close_alternatives|check_location_warning,summit-candidate:084fa7c9e55252dc,yamap_2026-03-11_10_35.gpx,review_required_request_packets/mountain_000424.md,review_required_grounding_request_packets.jsonl,pending,,,,
req-grounding-000426-26fd50aee4f6011f,426,前社ヶ森,西条市,,review_bucket_resolve_conflict|compact_review_priority_high|mutual_top1_false|compact_reason_shared_candidate|compact_reason_not_mutual_top1|prio_reason_shared_top|prio_reason_top_ambiguous,resolve_conflict|low_priority|check_location_warning,summit-candidate:109bc31ba8b3aa15,yamap_2025-09-21_08_53.gpx,review_required_request_packets/mountain_000426.md,review_required_grounding_request_packets.jsonl,pending,,,,
req-grounding-000427-eb4f7c7983aff539,427,剣山,西条市,,review_bucket_resolve_conflict|compact_review_priority_high|compact_reason_shared_candidate|prio_reason_shared_top|prio_reason_top_ambiguous,resolve_conflict|low_priority|check_location_warning,summit-candidate:109bc31ba8b3aa15,yamap_2025-09-21_08_53.gpx,review_required_request_packets/mountain_000427.md,review_required_grounding_request_packets.jsonl,pending,,,,
req-grounding-000428-969fe9e4ae31d65e,428,東光森山,新居浜市,,stability_level_location_uncertain_keep|municipality_stability_boundary_ambiguous,accept_candidate_after_map_check|check_close_alternatives|low_priority|resolve_conflict|check_location_warning,summit-candidate:6358c7fb40ce841e,yamap_2025-09-27_06_52.gpx,review_required_request_packets/mountain_000428.md,review_required_grounding_request_packets.jsonl,pending,,,,
req-grounding-000429-3f9fa388bb586de0,429,別子山,新居浜市,,review_bucket_resolve_conflict|compact_review_priority_high|compact_reason_shared_candidate|prio_reason_shared_top|prio_reason_top_ambiguous|stability_level_location_uncertain_keep|municipality_stability_boundary_ambiguous,resolve_conflict|low_priority,summit-candidate:69652a1c97f3b2eb,yamap_2025-09-27_06_52.gpx,review_required_request_packets/mountain_000429.md,review_required_grounding_request_packets.jsonl,pending,,,,
req-grounding-000431-80a0ea551195d7bb,431,大座礼山,新居浜市,,stability_level_location_uncertain_keep|municipality_stability_outside_prefecture,accept_candidate_after_map_check|check_close_alternatives,summit-candidate:20557338e1ab5de6,yamap_2025-10-05_08_42.gpx,review_required_request_packets/mountain_000431.md,review_required_grounding_request_packets.jsonl,pending,,,,
req-grounding-000432-41c5b9ebba1e2ddd,432,三つ足山,四国中央市,,review_bucket_resolve_conflict|compact_review_priority_high|mutual_top1_false|compact_reason_shared_candidate|compact_reason_not_mutual_top1|prio_reason_shared_top|prio_reason_top_ambiguous|municipality_stability_near_boundary,resolve_conflict|low_priority|check_location_warning,summit-candidate:565ba3761956d9b3,yamap_2025-10-11_06_24.gpx,review_required_request_packets/mountain_000432.md,review_required_grounding_request_packets.jsonl,pending,,,,
req-grounding-000433-f785b0a20ac33c2b,433,大森山,四国中央市,,review_bucket_resolve_conflict|compact_review_priority_high|compact_reason_shared_candidate|prio_reason_shared_top|prio_reason_top_ambiguous|municipality_stability_near_boundary,resolve_conflict|low_priority|check_location_warning,summit-candidate:565ba3761956d9b3,yamap_2025-10-11_06_24.gpx,review_required_request_packets/mountain_000433.md,review_required_grounding_request_packets.jsonl,pending,,,,
req-grounding-000434-03918b07577ca780,434,佐々連尾山,四国中央市,,review_bucket_resolve_conflict|compact_review_priority_high|mutual_top1_false|compact_reason_shared_candidate|compact_reason_not_mutual_top1|prio_reason_shared_top|prio_reason_top_ambiguous|municipality_stability_near_boundary,resolve_conflict|low_priority|check_location_warning,summit-candidate:565ba3761956d9b3,yamap_2025-10-11_06_24.gpx,review_required_request_packets/mountain_000434.md,review_required_grounding_request_packets.jsonl,pending,,,,
req-grounding-000435-6d0cdf0e5903b24b,435,東ノ冠岳,久万高原町,,review_bucket_resolve_conflict|compact_review_priority_high|mutual_top1_false|compact_reason_shared_candidate|compact_reason_not_mutual_top1|prio_reason_shared_top|prio_reason_top_ambiguous,resolve_conflict|low_priority|check_location_warning,summit-candidate:b73a23fa4b3abc39,yamap_2023-09-06_13_30.gpx,review_required_request_packets/mountain_000435.md,review_required_grounding_request_packets.jsonl,pending,,,,
req-grounding-000439-86f47b172c4a1f3b,439,天満山,新居浜市,,review_bucket_resolve_conflict|compact_review_priority_high|mutual_top1_false|compact_reason_shared_candidate|compact_reason_not_mutual_top1|prio_reason_shared_top|prio_reason_top_ambiguous|stability_level_location_uncertain_keep|municipality_stability_boundary_ambiguous,resolve_conflict|low_priority|check_location_warning,summit-candidate:69652a1c97f3b2eb,yamap_2025-09-27_06_52.gpx,review_required_request_packets/mountain_000439.md,review_required_grounding_request_packets.jsonl,pending,,,,
req-grounding-000444-41e0dcdc0fcd75a4,444,紅葉山,大洲市,,review_bucket_resolve_conflict|compact_review_priority_high|compact_reason_shared_candidate|prio_reason_shared_top|prio_reason_top_ambiguous,resolve_conflict|check_close_alternatives|low_priority|check_location_warning,summit-candidate:6b62cbb916ef874d,yamap_2025-12-14_08_56.gpx,review_required_request_packets/mountain_000444.md,review_required_grounding_request_packets.jsonl,pending,,,,
req-grounding-000445-43ec2db4319b571d,445,梁瀬山,大洲市,,review_bucket_resolve_conflict|compact_review_priority_high|mutual_top1_false|compact_reason_shared_candidate|compact_reason_not_mutual_top1|prio_reason_shared_top|prio_reason_top_ambiguous,resolve_conflict|check_close_alternatives|low_priority|check_location_warning,summit-candidate:6b62cbb916ef874d,yamap_2025-12-14_08_56.gpx,review_required_request_packets/mountain_000445.md,review_required_grounding_request_packets.jsonl,pending,,,,
req-grounding-000446-3beb25f7cf76da46,446,池ノ城山,内子町,,review_bucket_resolve_conflict|compact_review_priority_high|compact_reason_shared_candidate|prio_reason_shared_top|prio_reason_top_ambiguous,resolve_conflict|low_priority|check_location_warning,summit-candidate:f028aab45221cee6,yamap_2025-12-20_07_28.gpx,review_required_request_packets/mountain_000446.md,review_required_grounding_request_packets.jsonl,pending,,,,
req-grounding-000449-248f24778926c791,449,御在所山,大洲市,,review_bucket_resolve_conflict|compact_review_priority_high|compact_reason_shared_candidate|prio_reason_shared_top|prio_reason_top_ambiguous|stability_level_location_uncertain_keep|municipality_stability_boundary_ambiguous,resolve_conflict|low_priority|check_location_warning,summit-candidate:17c3649ad9b147ce,yamap_2026-01-07_07_05.gpx,review_required_request_packets/mountain_000449.md,review_required_grounding_request_packets.jsonl,pending,,,,
req-grounding-000450-11e3b08de51f6275,450,高雄山,西予市,,stability_level_location_uncertain_keep|municipality_stability_boundary_ambiguous,accept_candidate_after_map_check|resolve_conflict|low_priority|check_location_warning,summit-candidate:a271a6c73ad11b69,yamap_2026-01-07_09_14.gpx,review_required_request_packets/mountain_000450.md,review_required_grounding_request_packets.jsonl,pending,,,,
req-grounding-000454-54a5d6db1125f412,454,竜王の峰,西予市,,review_bucket_resolve_conflict|compact_review_priority_high|compact_reason_shared_candidate|prio_reason_shared_top|prio_reason_top_ambiguous,resolve_conflict|low_priority|check_location_warning,summit-candidate:51c8bc6a368c422c,yamap_2026-01-18_09_11.gpx,review_required_request_packets/mountain_000454.md,review_required_grounding_request_packets.jsonl,pending,,,,
req-grounding-000455-b79a60d087a91249,455,船ヶ迫岳,内子町,,review_bucket_resolve_conflict|compact_review_priority_high|mutual_top1_false|compact_reason_shared_candidate|compact_reason_not_mutual_top1|prio_reason_shared_top|prio_reason_top_ambiguous,resolve_conflict|low_priority|check_location_warning,summit-candidate:4a22801b12460992,yamap_2026-01-25_07_43.gpx,review_required_request_packets/mountain_000455.md,review_required_grounding_request_packets.jsonl,pending,,,,
req-grounding-000456-7f9634ab01e5784f,456,鎌倉山,内子町,,review_bucket_resolve_conflict|compact_review_priority_high|compact_reason_shared_candidate|prio_reason_shared_top|prio_reason_top_ambiguous,resolve_conflict|low_priority|check_location_warning,summit-candidate:4a22801b12460992,yamap_2026-01-25_07_43.gpx,review_required_request_packets/mountain_000456.md,review_required_grounding_request_packets.jsonl,pending,,,,
req-grounding-000459-b1c44a4f70aaff01,459,高森山,西予市,,stability_level_boundary_plausible,accept_candidate_after_map_check|check_location_warning|resolve_conflict,summit-candidate:a9b00b48e0c94eab,yamap_2026-01-31_13_52.gpx,review_required_request_packets/mountain_000459.md,review_required_grounding_request_packets.jsonl,pending,,,,
req-grounding-000461-7e3fa6a851b84868,461,尻高峰,大洲市,,review_bucket_resolve_conflict|compact_review_priority_high|mutual_top1_false|compact_reason_not_mutual_top1|prio_reason_top_ambiguous|municipality_stability_near_boundary,resolve_conflict|check_close_alternatives|low_priority|check_location_warning,summit-candidate:6adfa15b8dbd8966,yamap_2026-02-07_07_21.gpx,review_required_request_packets/mountain_000461.md,review_required_grounding_request_packets.jsonl,pending,,,,
req-grounding-000462-091ce0a4fe24354e,462,鞍掛山,八幡浜市,,stability_level_location_uncertain_keep|municipality_stability_boundary_ambiguous,accept_candidate_after_map_check|check_location_warning|resolve_conflict,summit-candidate:6b19d2116121b615,yamap_2026-02-07_11_17.gpx,review_required_request_packets/mountain_000462.md,review_required_grounding_request_packets.jsonl,pending,,,,
req-grounding-000463-b66a6998ee8640c9,463,大畑山,八幡浜市,,stability_level_location_uncertain_keep|municipality_stability_boundary_ambiguous,accept_candidate_after_map_check|resolve_conflict|low_priority|check_location_warning,summit-candidate:bb84b00f3a929195,yamap_2026-02-14_08_22.gpx,review_required_request_packets/mountain_000463.md,review_required_grounding_request_packets.jsonl,pending,,,,
req-grounding-000464-21e8a7537147416f,464,飯之山,八幡浜市,,review_bucket_resolve_conflict|compact_review_priority_high|mutual_top1_false|compact_reason_shared_candidate|compact_reason_not_mutual_top1|prio_reason_shared_top|prio_reason_top_ambiguous|municipality_stability_near_boundary,resolve_conflict|low_priority|check_location_warning,summit-candidate:6756239601754708,yamap_2026-02-14_13_33.gpx,review_required_request_packets/mountain_000464.md,review_required_grounding_request_packets.jsonl,pending,,,,
req-grounding-000465-8a1d89f66aff71be,465,権現山,八幡浜市,,review_bucket_resolve_conflict|compact_review_priority_high|compact_reason_shared_candidate|prio_reason_shared_top|prio_reason_top_ambiguous|municipality_stability_near_boundary,resolve_conflict|low_priority|check_location_warning,summit-candidate:6756239601754708,yamap_2026-02-14_13_33.gpx,review_required_request_packets/mountain_000465.md,review_required_grounding_request_packets.jsonl,pending,,,,
req-grounding-000466-cd40d617ca0f95fc,466,大森山,大洲市,,stability_level_location_uncertain_keep|municipality_stability_boundary_ambiguous,accept_candidate_after_map_check|low_priority|resolve_conflict|check_location_warning,summit-candidate:b3cf76c035511afe,yamap_2026-02-22_06_23.gpx,review_required_request_packets/mountain_000466.md,review_required_grounding_request_packets.jsonl,pending,,,,
req-grounding-000467-b36524a79b8d7c32,467,高森山,大洲市,,review_bucket_resolve_conflict|compact_review_priority_high|compact_reason_shared_candidate|prio_reason_shared_top|prio_reason_top_ambiguous,resolve_conflict|low_priority|check_location_warning,summit-candidate:f55ffb534aa2ae4c,yamap_2026-02-22_07_32.gpx,review_required_request_packets/mountain_000467.md,review_required_grounding_request_packets.jsonl,pending,,,,
req-grounding-000469-17343c94938856da,469,寒台山,内子町,,stability_level_location_uncertain_keep|municipality_stability_boundary_ambiguous,accept_candidate_after_map_check|low_priority|check_location_warning|resolve_conflict,summit-candidate:428f403ddcc5a31a,yamap_2026-02-22_07_32.gpx,review_required_request_packets/mountain_000469.md,review_required_grounding_request_packets.jsonl,pending,,,,
req-grounding-000470-49c2d87653580703,470,鎧掛山,大洲市,,review_bucket_resolve_conflict|compact_review_priority_high|mutual_top1_false|compact_reason_shared_candidate|compact_reason_not_mutual_top1|prio_reason_shared_top|prio_reason_top_ambiguous|municipality_stability_near_boundary,resolve_conflict|low_priority|check_location_warning,summit-candidate:5f31b84e049f61fa,yamap_2026-02-22_07_32.gpx,review_required_request_packets/mountain_000470.md,review_required_grounding_request_packets.jsonl,pending,,,,
req-grounding-000471-529c39e97025660e,471,花見山,松山市,,review_bucket_resolve_conflict|compact_review_priority_high|mutual_top1_false|compact_reason_shared_candidate|compact_reason_not_mutual_top1|prio_reason_shared_top|prio_reason_top_ambiguous|municipality_stability_near_boundary,resolve_conflict|check_close_alternatives,summit-candidate:5f001ac124f82ef6,yamap_2022-10-19_16_00.gpx,review_required_request_packets/mountain_000471.md,review_required_grounding_request_packets.jsonl,pending,,,,
req-grounding-000472-81647cabc07ba8c2,472,剣ノ山,四国中央市,,review_bucket_resolve_conflict|compact_review_priority_high|mutual_top1_false|compact_reason_shared_candidate|compact_reason_not_mutual_top1|prio_reason_shared_top|prio_reason_top_ambiguous|municipality_stability_near_boundary,low_priority|resolve_conflict,summit-candidate:78274ad93e160452,yamap_2026-03-01_06_45.gpx,review_required_request_packets/mountain_000472.md,review_required_grounding_request_packets.jsonl,pending,,,,
req-grounding-000473-0f5c57f5e18a72a6,473,三傍示山,四国中央市,,review_bucket_resolve_conflict|compact_review_priority_high|compact_reason_shared_candidate|prio_reason_shared_top|prio_reason_top_ambiguous|municipality_stability_near_boundary,resolve_conflict|low_priority|check_location_warning,summit-candidate:78274ad93e160452,yamap_2026-03-01_06_45.gpx,review_required_request_packets/mountain_000473.md,review_required_grounding_request_packets.jsonl,pending,,,,
req-grounding-000474-9f6abd904e5e4624,474,塩塚峰,四国中央市,,stability_level_location_uncertain_keep|municipality_stability_boundary_ambiguous,accept_candidate_after_map_check|check_close_alternatives|resolve_conflict|check_location_warning,summit-candidate:737ce2580de91527,yamap_2026-03-01_06_45.gpx,review_required_request_packets/mountain_000474.md,review_required_grounding_request_packets.jsonl,pending,,,,
req-grounding-000477-a40cad84472bdaff,477,笠松山東峰,今治市,,review_bucket_resolve_conflict|compact_review_priority_high|mutual_top1_false|compact_reason_shared_candidate|compact_reason_not_mutual_top1|prio_reason_shared_top|prio_reason_top_ambiguous,resolve_conflict|low_priority|check_location_warning,summit-candidate:8f25ad4ff380df77,yamap_2026-03-06_09_00.gpx,review_required_request_packets/mountain_000477.md,review_required_grounding_request_packets.jsonl,pending,,,,
req-grounding-000478-57da34564273aca5,478,尻割山,宇和島市,,review_bucket_resolve_conflict|compact_review_priority_high|mutual_top1_false|compact_reason_shared_candidate|compact_reason_not_mutual_top1|prio_reason_shared_top|prio_reason_top_ambiguous,resolve_conflict|low_priority|check_location_warning,summit-candidate:e8b129f70e703be5,yamap_2026-03-07_11_08.gpx,review_required_request_packets/mountain_000478.md,review_required_grounding_request_packets.jsonl,pending,,,,
req-grounding-000479-11b2a610208a372e,479,四本松,宇和島市,,review_bucket_resolve_conflict|compact_review_priority_high|mutual_top1_false|compact_reason_shared_candidate|compact_reason_not_mutual_top1|prio_reason_shared_top|prio_reason_top_ambiguous,resolve_conflict|check_location_warning,summit-candidate:e8b129f70e703be5,yamap_2026-03-07_11_08.gpx,review_required_request_packets/mountain_000479.md,review_required_grounding_request_packets.jsonl,pending,,,,
req-grounding-000480-20e18c63e1e95ea0,480,権現山,宇和島市,,review_bucket_resolve_conflict|compact_review_priority_high|compact_reason_shared_candidate|prio_reason_shared_top|prio_reason_top_ambiguous,resolve_conflict|low_priority|check_location_warning,summit-candidate:e8b129f70e703be5,yamap_2026-03-07_11_08.gpx,review_required_request_packets/mountain_000480.md,review_required_grounding_request_packets.jsonl,pending,,,,
req-grounding-000484-78b5285e8574f708,484,軽ノ山,松山市,,review_bucket_resolve_conflict|compact_review_priority_high|compact_reason_shared_candidate|prio_reason_shared_top|prio_reason_top_ambiguous,resolve_conflict|low_priority,summit-candidate:084fa7c9e55252dc,yamap_2026-03-11_10_35.gpx,review_required_request_packets/mountain_000484.md,review_required_grounding_request_packets.jsonl,pending,,,,
req-grounding-000485-b053c338ed912f51,485,野津子山,松山市,,review_bucket_resolve_conflict|compact_review_priority_high|mutual_top1_false|compact_reason_shared_candidate|compact_reason_not_mutual_top1|prio_reason_shared_top|prio_reason_top_ambiguous,resolve_conflict|low_priority|check_location_warning,summit-candidate:084fa7c9e55252dc,yamap_2026-03-11_10_35.gpx,review_required_request_packets/mountain_000485.md,review_required_grounding_request_packets.jsonl,pending,,,,
req-grounding-000488-bf3e1ac8439392ca,488,大ノ森,久万高原町,,review_bucket_resolve_conflict|compact_review_priority_high|compact_reason_shared_candidate|prio_reason_shared_top|prio_reason_top_ambiguous,resolve_conflict|low_priority,summit-candidate:777bcc5c6ed2c27e,yamap_2026-03-17_06_58.gpx,review_required_request_packets/mountain_000488.md,review_required_grounding_request_packets.jsonl,pending,,,,
req-grounding-000490-72507954adae002e,490,妙見森,内子町,,review_bucket_resolve_conflict|compact_review_priority_high|compact_reason_shared_candidate|prio_reason_shared_top|prio_reason_top_ambiguous,resolve_conflict|low_priority,summit-candidate:118b217506eb653f,yamap_2026-03-21_07_01.gpx,review_required_request_packets/mountain_000490.md,review_required_grounding_request_packets.jsonl,pending,,,,
req-grounding-000491-6b4cd8c6a764d397,491,笹峠山,内子町,,review_bucket_resolve_conflict|compact_review_priority_high|mutual_top1_false|compact_reason_shared_candidate|compact_reason_not_mutual_top1|prio_reason_shared_top|prio_reason_top_ambiguous,resolve_conflict|check_close_alternatives|check_location_warning,summit-candidate:118b217506eb653f,yamap_2026-03-21_07_01.gpx,review_required_request_packets/mountain_000491.md,review_required_grounding_request_packets.jsonl,pending,,,,
req-grounding-000493-6ed3bcb7ec635ea7,493,三郷の辻,久万高原町,,stability_level_location_uncertain_keep|municipality_stability_boundary_ambiguous,accept_candidate_after_map_check|resolve_conflict|low_priority|check_location_warning,summit-candidate:46ab73ee0e06e924,yamap_2026-04-11_09_14.gpx,review_required_request_packets/mountain_000493.md,review_required_grounding_request_packets.jsonl,pending,,,,
req-grounding-000494-7090a187ffdfb2a3,494,権現山,松山市,,review_bucket_resolve_conflict|compact_review_priority_high|compact_reason_shared_candidate|prio_reason_shared_top|prio_reason_top_ambiguous,resolve_conflict|low_priority|check_location_warning,summit-candidate:2011a6c909945d6f,yamap_2026-04-12_11_03.gpx,review_required_request_packets/mountain_000494.md,review_required_grounding_request_packets.jsonl,pending,,,,
req-grounding-000497-d6f446a23181f4d1,497,面木山,西条市,,review_bucket_resolve_conflict|compact_review_priority_high|compact_reason_shared_candidate|prio_reason_shared_top|prio_reason_top_ambiguous|stability_level_location_uncertain_keep|municipality_stability_boundary_ambiguous,resolve_conflict|low_priority|check_location_warning,summit-candidate:d5a6fcb592162088,yamap_2026-04-29_06_34.gpx,review_required_request_packets/mountain_000497.md,review_required_grounding_request_packets.jsonl,pending,,,,
req-grounding-000498-de6b17a27283a815,498,黒森,西条市,,stability_level_location_uncertain_keep|municipality_stability_boundary_ambiguous,accept_candidate_after_map_check|low_priority|resolve_conflict|check_location_warning,summit-candidate:a96db37bf518f31a,yamap_2026-04-29_06_34.gpx,review_required_request_packets/mountain_000498.md,review_required_grounding_request_packets.jsonl,pending,,,,
req-grounding-000499-4a192fec0a3381af,499,台ヶ森,西条市,,review_bucket_resolve_conflict|compact_review_priority_high|mutual_top1_false|compact_reason_shared_candidate|compact_reason_not_mutual_top1|prio_reason_shared_top|prio_reason_top_ambiguous|municipality_stability_near_boundary,resolve_conflict|check_close_alternatives,summit-candidate:53a6401abf71c488,yamap_2026-05-02_09_29.gpx,review_required_request_packets/mountain_000499.md,review_required_grounding_request_packets.jsonl,pending,,,,
req-grounding-000500-e970f25462c067ad,500,丸山,西条市,,review_bucket_resolve_conflict|compact_review_priority_high|mutual_top1_false|compact_reason_shared_candidate|compact_reason_not_mutual_top1|prio_reason_shared_top|prio_reason_top_ambiguous|municipality_stability_near_boundary,low_priority|resolve_conflict|check_location_warning,summit-candidate:b87c90ebd1eb0d06,yamap_2026-05-06_07_28.gpx,review_required_request_packets/mountain_000500.md,review_required_grounding_request_packets.jsonl,pending,,,,
req-grounding-000501-038873c5eb8f3dd9,501,大森山,西条市,,review_bucket_resolve_conflict|compact_review_priority_high|mutual_top1_false|compact_reason_shared_candidate|compact_reason_not_mutual_top1|prio_reason_shared_top|prio_reason_top_ambiguous|municipality_stability_near_boundary|stability_level_location_uncertain_keep,resolve_conflict|low_priority|check_location_warning,summit-candidate:565ba3761956d9b3,yamap_2025-10-11_06_24.gpx,review_required_request_packets/mountain_000501.md,review_required_grounding_request_packets.jsonl,pending,,,,
req-grounding-000502-378288d84f9dbc59,502,うつむき山,内子町,,review_bucket_resolve_conflict|compact_review_priority_high|mutual_top1_false|compact_reason_shared_candidate|compact_reason_not_mutual_top1|prio_reason_shared_top|prio_reason_top_ambiguous|stability_level_location_uncertain_keep|municipality_stability_boundary_ambiguous,resolve_conflict|check_location_warning,summit-candidate:6b0155a434d72d79,yamap_2024-12-15_07_21.gpx,review_required_request_packets/mountain_000502.md,review_required_grounding_request_packets.jsonl,pending,,,,
req-grounding-000503-bed7ee472c07dfbf,503,妙見山,大洲市,,review_bucket_resolve_conflict|compact_review_priority_high|mutual_top1_false|compact_reason_shared_candidate|compact_reason_not_mutual_top1|prio_reason_shared_top|prio_reason_top_ambiguous|stability_level_location_uncertain_keep|municipality_stability_boundary_ambiguous,resolve_conflict|check_location_warning,summit-candidate:6b0155a434d72d79,yamap_2024-12-15_07_21.gpx,review_required_request_packets/mountain_000503.md,review_required_grounding_request_packets.jsonl,pending,,,,
req-grounding-000504-8a156a03f8581a70,504,鉢が森,西予市,,review_bucket_resolve_conflict|compact_review_priority_high|mutual_top1_false|compact_reason_shared_candidate|compact_reason_not_mutual_top1|prio_reason_shared_top|prio_reason_top_ambiguous,resolve_conflict|check_location_warning,summit-candidate:51c8bc6a368c422c,yamap_2026-01-18_09_11.gpx,review_required_request_packets/mountain_000504.md,review_required_grounding_request_packets.jsonl,pending,,,,
req-grounding-000505-5948e8e339b43835,505,高山寺山,大洲市,,review_bucket_resolve_conflict|compact_review_priority_high|mutual_top1_false|compact_reason_shared_candidate|compact_reason_not_mutual_top1|prio_reason_shared_top|prio_reason_top_ambiguous|municipality_stability_near_boundary|stability_level_location_uncertain_keep,resolve_conflict,summit-candidate:101c1b0635c0bec0,yamap_2022-12-25_10_09.gpx,review_required_request_packets/mountain_000505.md,review_required_grounding_request_packets.jsonl,pending,,,,
req-grounding-000506-22fce5bf60a631a4,506,陣ヶ森,内子町,,review_bucket_resolve_conflict|compact_review_priority_high|mutual_top1_false|compact_reason_shared_candidate|compact_reason_not_mutual_top1|prio_reason_shared_top|prio_reason_top_ambiguous|municipality_stability_near_boundary|stability_level_boundary_plausible,resolve_conflict|low_priority|check_close_alternatives|check_location_warning,summit-candidate:e084389cc60ad329,yamap_2022-05-05_13_29.gpx,review_required_request_packets/mountain_000506.md,review_required_grounding_request_packets.jsonl,pending,,,,
req-grounding-000507-34e60ab9adfffe1f,507,牛ヶ首,新居浜市,,review_bucket_resolve_conflict|compact_review_priority_high|mutual_top1_false|compact_reason_shared_candidate|compact_reason_not_mutual_top1|prio_reason_shared_top|prio_reason_top_ambiguous,resolve_conflict|check_location_warning|low_priority,summit-candidate:339138a4e53293da,yamap_2023-03-29_05_31.gpx,review_required_request_packets/mountain_000507.md,review_required_grounding_request_packets.jsonl,pending,,,,
req-grounding-000508-7485db0102b43078,508,三石山,内子町,,review_bucket_resolve_conflict|compact_review_priority_high|mutual_top1_false|compact_reason_shared_candidate|compact_reason_not_mutual_top1|prio_reason_shared_top|prio_reason_top_ambiguous,resolve_conflict|check_location_warning,summit-candidate:f028aab45221cee6,yamap_2025-12-20_07_28.gpx,review_required_request_packets/mountain_000508.md,review_required_grounding_request_packets.jsonl,pending,,,,
req-grounding-000509-8d4c7550a156d654,509,感応寺山,大洲市,,review_bucket_resolve_conflict|compact_review_priority_high|mutual_top1_false|compact_reason_shared_candidate|compact_reason_not_mutual_top1|prio_reason_shared_top|prio_reason_top_ambiguous,resolve_conflict|check_close_alternatives|check_location_warning,summit-candidate:0048d4d3a7981b80,yamap_2025-01-03_07_19.gpx,review_required_request_packets/mountain_000509.md,review_required_grounding_request_packets.jsonl,pending,,,,
req-grounding-000510-dc25f14623c1e87f,510,水無権現,内子町,,review_bucket_resolve_conflict|compact_review_priority_high|mutual_top1_false|compact_reason_shared_candidate|compact_reason_not_mutual_top1|prio_reason_shared_top|prio_reason_top_ambiguous,low_priority|resolve_conflict|check_location_warning,summit-candidate:4a22801b12460992,yamap_2026-01-25_07_43.gpx,review_required_request_packets/mountain_000510.md,review_required_grounding_request_packets.jsonl,pending,,,,
req-grounding-000511-bab81639d39fdb9e,511,秋葉山,大洲市,,review_bucket_resolve_conflict|compact_review_priority_high|mutual_top1_false|compact_reason_shared_candidate|compact_reason_not_mutual_top1|stability_level_adjacent_but_deep_inside,resolve_conflict|check_close_alternatives|check_location_warning,summit-candidate:0bd3d051cdb972fd,yamap_2024-12-08_06_59.gpx,review_required_request_packets/mountain_000511.md,review_required_grounding_request_packets.jsonl,pending,,,,
req-grounding-000512-9ae75f1d39f9dffe,512,黒山,内子町,,review_bucket_resolve_conflict|compact_review_priority_high|mutual_top1_false|compact_reason_shared_candidate|compact_reason_not_mutual_top1|prio_reason_shared_top|prio_reason_top_ambiguous|municipality_stability_near_boundary|stability_level_boundary_plausible,check_location_warning|low_priority|resolve_conflict|check_close_alternatives,summit-candidate:71b10e23075edf20,yamap_2022-04-30_08_30.gpx,review_required_request_packets/mountain_000512.md,review_required_grounding_request_packets.jsonl,pending,,,,
req-grounding-000513-5f16dc72e327a100,513,大野山,西予市,,review_bucket_resolve_conflict|compact_review_priority_high|mutual_top1_false|compact_reason_shared_candidate|compact_reason_not_mutual_top1|prio_reason_shared_top|prio_reason_top_ambiguous|stability_level_location_uncertain_keep|municipality_stability_boundary_ambiguous,resolve_conflict|check_close_alternatives|check_location_warning,summit-candidate:17a471cc45af2c05,yamap_2025-04-27_06_23.gpx,review_required_request_packets/mountain_000513.md,review_required_grounding_request_packets.jsonl,pending,,,,
req-grounding-000514-45ec3628d370c6db,514,棟山,内子町,,review_bucket_resolve_conflict|compact_review_priority_high|mutual_top1_false|compact_reason_shared_candidate|compact_reason_not_mutual_top1|prio_reason_shared_top|prio_reason_top_ambiguous|municipality_stability_near_boundary|stability_level_boundary_plausible,low_priority|resolve_conflict|check_location_warning,summit-candidate:5f31b84e049f61fa,yamap_2026-02-22_07_32.gpx,review_required_request_packets/mountain_000514.md,review_required_grounding_request_packets.jsonl,pending,,,,
req-grounding-000515-e2fe265b5242ca9d,515,星ヶ森,西条市,,review_bucket_resolve_conflict|compact_review_priority_high|mutual_top1_false|compact_reason_shared_candidate|compact_reason_not_mutual_top1|prio_reason_shared_top|prio_reason_top_ambiguous,resolve_conflict|low_priority|check_location_warning,summit-candidate:9669b668bebfc145,yamap_2023-04-18_10_53.gpx,review_required_request_packets/mountain_000515.md,review_required_grounding_request_packets.jsonl,pending,,,,
req-grounding-000516-d7168a7185f22231,516,草屋敷,大洲市,,review_bucket_resolve_conflict|compact_review_priority_high|mutual_top1_false|compact_reason_shared_candidate|compact_reason_not_mutual_top1|prio_reason_shared_top|prio_reason_top_ambiguous,low_priority|resolve_conflict|check_location_warning,summit-candidate:f55ffb534aa2ae4c,yamap_2026-02-22_07_32.gpx,review_required_request_packets/mountain_000516.md,review_required_grounding_request_packets.jsonl,pending,,,,
req-grounding-000517-2556a6b57a3ff337,517,大熊山,東温市,,review_bucket_resolve_conflict|compact_review_priority_high|mutual_top1_false|compact_reason_not_mutual_top1|prio_reason_top_ambiguous,resolve_conflict|low_priority|check_location_warning,summit-candidate:d1269170b687c5bc,yamap_2022-03-09_10_20.gpx,review_required_request_packets/mountain_000517.md,review_required_grounding_request_packets.jsonl,pending,,,,
req-grounding-000518-b4fad56b31d00cbf,518,笠松山,久万高原町,,review_bucket_resolve_conflict|compact_review_priority_high|mutual_top1_false|compact_reason_shared_candidate|compact_reason_not_mutual_top1|prio_reason_shared_top|prio_reason_top_ambiguous|municipality_stability_near_boundary|stability_level_location_uncertain_keep,resolve_conflict|check_location_warning|low_priority,summit-candidate:9d5a3bd31bedfeda,yamap_2022-08-26_08_45.gpx,review_required_request_packets/mountain_000518.md,review_required_grounding_request_packets.jsonl,pending,,,,
req-grounding-000519-94a450d2af5acd0b,519,蒲山,砥部町,,review_bucket_resolve_conflict|compact_review_priority_high|mutual_top1_false|compact_reason_shared_candidate|compact_reason_not_mutual_top1|prio_reason_shared_top|prio_reason_top_ambiguous|stability_level_location_uncertain_keep|municipality_stability_boundary_ambiguous,resolve_conflict|check_location_warning|low_priority,summit-candidate:a0ef25e9a532b62e,yamap_2022-02-06_08_26.gpx,review_required_request_packets/mountain_000519.md,review_required_grounding_request_packets.jsonl,pending,,,,
req-grounding-000520-f48eda282767ee02,520,牛ノ峯,内子町,,review_bucket_resolve_conflict|compact_review_priority_high|mutual_top1_false|compact_reason_shared_candidate|compact_reason_not_mutual_top1|prio_reason_shared_top|prio_reason_top_ambiguous|stability_level_location_uncertain_keep|municipality_stability_boundary_ambiguous,resolve_conflict|check_location_warning|low_priority,summit-candidate:606168b97944fce5,yamap_2024-04-28_10_37.gpx,review_required_request_packets/mountain_000520.md,review_required_grounding_request_packets.jsonl,pending,,,,
req-grounding-000521-f38b8f5431d00a29,521,小森,西条市,,review_bucket_resolve_conflict|compact_review_priority_high|mutual_top1_false|compact_reason_shared_candidate|compact_reason_not_mutual_top1|prio_reason_shared_top|prio_reason_top_ambiguous|municipality_stability_near_boundary|stability_level_location_uncertain_keep,resolve_conflict|check_close_alternatives|check_location_warning,summit-candidate:0ff024bf702c13bb,yamap_2023-03-11_06_08.gpx,review_required_request_packets/mountain_000521.md,review_required_grounding_request_packets.jsonl,pending,,,,
req-grounding-000522-542af55c72f9bd22,522,辻ヶ峰,新居浜市,,review_bucket_resolve_conflict|compact_review_priority_high|mutual_top1_false|compact_reason_not_mutual_top1|prio_reason_top_ambiguous|municipality_stability_near_boundary|stability_level_location_uncertain_keep,resolve_conflict|check_close_alternatives|check_location_warning,summit-candidate:6a1baa0667de8a9d,yamap_2025-04-06_08_48.gpx,review_required_request_packets/mountain_000522.md,review_required_grounding_request_packets.jsonl,pending,,,,
req-grounding-000523-a3b6b47416ff22b8,523,常住,西条市,,review_bucket_resolve_conflict|compact_review_priority_high|mutual_top1_false|compact_reason_shared_candidate|compact_reason_not_mutual_top1|prio_reason_shared_top|prio_reason_top_ambiguous|stability_level_location_uncertain_keep|municipality_stability_boundary_ambiguous,resolve_conflict|low_priority|check_location_warning,summit-candidate:d5a6fcb592162088,yamap_2026-04-29_06_34.gpx,review_required_request_packets/mountain_000523.md,review_required_grounding_request_packets.jsonl,pending,,,,
req-grounding-000524-ad8020437fd2b13c,524,熊鷹山,四国中央市,,review_bucket_resolve_conflict|compact_review_priority_high|mutual_top1_false|compact_reason_shared_candidate|compact_reason_not_mutual_top1|prio_reason_shared_top|prio_reason_top_ambiguous,resolve_conflict|check_location_warning|low_priority,summit-candidate:8078eb6cc96c519a,yamap_2024-10-14_04_48.gpx,review_required_request_packets/mountain_000524.md,review_required_grounding_request_packets.jsonl,pending,,,,
req-grounding-000525-9b612f7619aa2489,525,櫛ヶ峰,西条市,,review_bucket_resolve_conflict|compact_review_priority_high|mutual_top1_false|compact_reason_not_mutual_top1|prio_reason_top_ambiguous|stability_level_location_uncertain_keep|municipality_stability_boundary_ambiguous,resolve_conflict|check_close_alternatives,summit-candidate:282882317c3aab0b,yamap_2024-02-17_05_38.gpx,review_required_request_packets/mountain_000525.md,review_required_grounding_request_packets.jsonl,pending,,,,
req-grounding-000526-fe2252542134615b,526,大旗山,西予市,,review_bucket_resolve_conflict|compact_review_priority_high|mutual_top1_false|compact_reason_shared_candidate|compact_reason_not_mutual_top1|prio_reason_shared_top|prio_reason_top_ambiguous,resolve_conflict|low_priority|check_location_warning,summit-candidate:ee9d736a090185dd,yamap_2022-04-22_17_29.gpx,review_required_request_packets/mountain_000526.md,review_required_grounding_request_packets.jsonl,pending,,,,
req-grounding-000527-1f808dc6d212ac23,527,兵庫山,四国中央市,,review_bucket_resolve_conflict|compact_review_priority_high|mutual_top1_false|compact_reason_shared_candidate|compact_reason_not_mutual_top1|prio_reason_shared_top|prio_reason_top_ambiguous|municipality_stability_near_boundary,resolve_conflict|check_location_warning|low_priority,summit-candidate:e2c08955f9275289,yamap_2024-10-20_06_42.gpx,review_required_request_packets/mountain_000527.md,review_required_grounding_request_packets.jsonl,pending,,,,
req-grounding-000528-aedd04678a1a6248,528,生之越,久万高原町,,review_bucket_resolve_conflict|compact_review_priority_high|mutual_top1_false|compact_reason_shared_candidate|compact_reason_not_mutual_top1|prio_reason_shared_top|prio_reason_top_ambiguous,low_priority|resolve_conflict,summit-candidate:777bcc5c6ed2c27e,yamap_2026-03-17_06_58.gpx,review_required_request_packets/mountain_000528.md,review_required_grounding_request_packets.jsonl,pending,,,,
req-grounding-000529-2d1ab7cc0afd09a2,529,玉取山,四国中央市,,review_bucket_resolve_conflict|compact_review_priority_high|mutual_top1_false|compact_reason_shared_candidate|compact_reason_not_mutual_top1|prio_reason_shared_top|prio_reason_top_ambiguous|municipality_stability_near_boundary,resolve_conflict|low_priority,summit-candidate:0886436b79473a6c,yamap_2024-10-14_04_48.gpx,review_required_request_packets/mountain_000529.md,review_required_grounding_request_packets.jsonl,pending,,,,
req-grounding-000530-bc980278894ae92d,530,三ヶ森,西条市,,review_bucket_resolve_conflict|compact_review_priority_high|mutual_top1_false|compact_reason_shared_candidate|compact_reason_not_mutual_top1|prio_reason_shared_top|prio_reason_top_ambiguous,resolve_conflict|check_close_alternatives,summit-candidate:5771cdd191c3861d,yamap_2023-10-22_06_44.gpx,review_required_request_packets/mountain_000530.md,review_required_grounding_request_packets.jsonl,pending,,,,
req-grounding-000531-7fd5991a527d8623,531,扇山,西条市,,review_bucket_resolve_conflict|compact_review_priority_high|mutual_top1_false|compact_reason_shared_candidate|compact_reason_not_mutual_top1|prio_reason_shared_top|prio_reason_top_ambiguous|stability_level_location_uncertain_keep|municipality_stability_boundary_ambiguous,resolve_conflict|check_location_warning|low_priority,summit-candidate:02fa4cfab6fa90d3,yamap_2022-12-12_08_41.gpx,review_required_request_packets/mountain_000531.md,review_required_grounding_request_packets.jsonl,pending,,,,
