<?xml version='1.0' encoding='UTF-8'?><gpx creator="Yama Museum Peak Annotator" xsi:schemaLocation="http://www.topografix.com/GPX/1/1 http://www.topografix.com/GPX/1/1/gpx.xsd" version="1.1" xmlns="http://www.topografix.com/GPX/1/1" xmlns:xsi="http://www.w3.org/2001/XMLSchema-instance"><metadata><bounds maxlat="33.8625455" maxlon="133.3468802" minlat="33.8145828" minlon="133.2936118"/></metadata>  <wpt lat="33.8594931" lon="133.3189152">
    <ele>1423.68</ele>
    <name>西山</name>
    <desc>Peak detected at 1424m (prominence: 70m)</desc>
    <sym>Summit</sym>
  </wpt>
  <wpt lat="33.8537021" lon="133.3199199">
    <ele>1457.99</ele>
    <name>綱繰山</name>
    <desc>Peak detected at 1458m (prominence: 269m)</desc>
    <sym>Summit</sym>
  </wpt>
  <wpt lat="33.8285796" lon="133.2937377">
    <ele>1719.1733333333334</ele>
    <name>冠山</name>
    <desc>Peak detected at 1719m (prominence: 162m)</desc>
    <sym>Summit</sym>
  </wpt>
  <wpt lat="33.8159575" lon="133.3107033">
    <ele>1729.61</ele>
    <name>平家平</name>
    <desc>Peak detected at 1730m (prominence: 897m)</desc>
    <sym>Summit</sym>
  </wpt>
  <wpt lat="33.8146236" lon="133.3260701">
    <ele>1691.2766666666666</ele>
    <name>Peak (1691m)</name>
    <desc>Peak detected at 1691m (prominence: 48m)</desc>
    <sym>Summit</sym>
  </wpt>
  <wpt lat="33.8478086" lon="133.3416978">
    <ele>907.3366666666667</ele>
    <name>Peak (907m)</name>
    <desc>Peak detected at 907m (prominence: 50m)</desc>
    <sym>Summit</sym>
  </wpt>
<trk><name>銅山峰・西山・綱繰山・獅子舞の鼻・冠山・平家平</name><number>1</number><trkseg><trkpt lat="33.8519368" lon="133.3467883"><ele>827.72</ele><time>2022-11-25T19:41:14Z</time></trkpt><trkpt lat="33.852105" lon="133.3468802"><ele>831.6700000000001</ele><time>2022-11-25T19:42:38Z</time></trkpt><trkpt lat="33.8519787" lon="133.3467084"><ele>831.85</ele><time>2022-11-25T19:43:26Z</time></trkpt><trkpt lat="33.8519633" lon="133.3464794"><ele>834.9733333333334</ele><time>2022-11-25T19:43:46Z</time></trkpt><trkpt lat="33.851999" lon="133.3462658"><ele>835.96</ele><time>2022-11-25T19:44:06Z</time></trkpt><trkpt lat="33.8520245" lon="133.3460511"><ele>837.9500000000002</ele><time>2022-11-25T19:44:27Z</time></trkpt><trkpt lat="33.8520215" lon="133.3458341"><ele>838.9033333333333</ele><time>2022-11-25T19:44:44Z</time></trkpt><trkpt lat="33.8519317" lon="133.3456309"><ele>839.4066666666668</ele><time>2022-11-25T19:45:11Z</time></trkpt><trkpt lat="33.8518913" lon="133.3454178"><ele>842.8299999999999</ele><time>2022-11-25T19:45:29Z</time></trkpt><trkpt lat="33.8517576" lon="133.3452677"><ele>844.6733333333333</ele><time>2022-11-25T19:45:46Z</time></trkpt><trkpt lat="33.8517517" lon="133.3450475"><ele>848.0066666666667</ele><time>2022-11-25T19:46:03Z</time></trkpt><trkpt lat="33.8517" lon="133.3448256"><ele>847.9233333333335</ele><time>2022-11-25T19:46:30Z</time></trkpt><trkpt lat="33.8516061" lon="133.344641"><ele>848.6533333333333</ele><time>2022-11-25T19:46:47Z</time></trkpt><trkpt lat="33.8516309" lon="133.3444233"><ele>847.9366666666668</ele><time>2022-11-25T19:47:06Z</time></trkpt><trkpt lat="33.8517672" lon="133.3442715"><ele>850.0866666666667</ele><time>2022-11-25T19:47:27Z</time></trkpt><trkpt lat="33.8519495" lon="133.3442547"><ele>857.2466666666668</ele><time>2022-11-25T19:47:48Z</time></trkpt><trkpt lat="33.8520991" lon="133.3441242"><ele>867.7933333333334</ele><time>2022-11-25T19:48:09Z</time></trkpt><trkpt lat="33.8522739" lon="133.3440612"><ele>875.6366666666667</ele><time>2022-11-25T19:48:28Z</time></trkpt><trkpt lat="33.8524151" lon="133.3439232"><ele>880.0466666666667</ele><time>2022-11-25T19:48:49Z</time></trkpt><trkpt lat="33.8525859" lon="133.3438228"><ele>882.9933333333333</ele><time>2022-11-25T19:49:07Z</time></trkpt><trkpt lat="33.8527443" lon="133.3437119"><ele>888.7800000000001</ele><time>2022-11-25T19:49:29Z</time></trkpt><trkpt lat="33.8528645" lon="133.3435467"><ele>893.8066666666667</ele><time>2022-11-25T19:49:44Z</time></trkpt><trkpt lat="33.8528309" lon="133.3433275"><ele>898.8033333333333</ele><time>2022-11-25T19:50:25Z</time></trkpt><trkpt lat="33.8528272" lon="133.3430959"><ele>903.57</ele><time>2022-11-25T19:50:38Z</time></trkpt><trkpt lat="33.8528027" lon="133.3428767"><ele>906.6433333333334</ele><time>2022-11-25T19:50:49Z</time></trkpt><trkpt lat="33.8528153" lon="133.342657"><ele>908.1066666666667</ele><time>2022-11-25T19:51:04Z</time></trkpt><trkpt lat="33.8529657" lon="133.3425274"><ele>909.64</ele><time>2022-11-25T19:51:24Z</time></trkpt><trkpt lat="33.8530802" lon="133.342355"><ele>911.3000000000001</ele><time>2022-11-25T19:51:40Z</time></trkpt><trkpt lat="33.8532013" lon="133.3421904"><ele>913.0633333333334</ele><time>2022-11-25T19:51:56Z</time></trkpt><trkpt lat="33.8533263" lon="133.3420106"><ele>912.93</ele><time>2022-11-25T19:52:13Z</time></trkpt><trkpt lat="33.8534235" lon="133.3418194"><ele>912.8633333333333</ele><time>2022-11-25T19:52:29Z</time></trkpt><trkpt lat="33.8535813" lon="133.3417024"><ele>914.7266666666668</ele><time>2022-11-25T19:52:48Z</time></trkpt><trkpt lat="33.8536753" lon="133.3415047"><ele>916.2666666666668</ele><time>2022-11-25T19:53:02Z</time></trkpt><trkpt lat="33.8537079" lon="133.3412894"><ele>915.8100000000001</ele><time>2022-11-25T19:53:20Z</time></trkpt><trkpt lat="33.8538351" lon="133.3411325"><ele>912.2633333333333</ele><time>2022-11-25T19:53:38Z</time></trkpt><trkpt lat="33.8538219" lon="133.3409143"><ele>909.5300000000001</ele><time>2022-11-25T19:53:59Z</time></trkpt><trkpt lat="33.8538664" lon="133.340702"><ele>909.9166666666666</ele><time>2022-11-25T19:54:25Z</time></trkpt><trkpt lat="33.8539241" lon="133.3404879"><ele>913.2533333333334</ele><time>2022-11-25T19:54:39Z</time></trkpt><trkpt lat="33.8540052" lon="133.3402833"><ele>917.33</ele><time>2022-11-25T19:55:00Z</time></trkpt><trkpt lat="33.8541312" lon="133.3401266"><ele>922.89</ele><time>2022-11-25T19:55:19Z</time></trkpt><trkpt lat="33.854212" lon="133.3399278"><ele>924.4733333333334</ele><time>2022-11-25T19:55:36Z</time></trkpt><trkpt lat="33.8543884" lon="133.3398649"><ele>928.8233333333334</ele><time>2022-11-25T19:55:59Z</time></trkpt><trkpt lat="33.854534" lon="133.3397367"><ele>932.0366666666667</ele><time>2022-11-25T19:56:14Z</time></trkpt><trkpt lat="33.8546054" lon="133.3395266"><ele>936.81</ele><time>2022-11-25T19:56:29Z</time></trkpt><trkpt lat="33.854553" lon="133.3393192"><ele>936.3666666666667</ele><time>2022-11-25T19:56:36Z</time></trkpt><trkpt lat="33.8545687" lon="133.3391032"><ele>935.9399999999999</ele><time>2022-11-25T19:56:49Z</time></trkpt><trkpt lat="33.854545" lon="133.3388805"><ele>937.5233333333332</ele><time>2022-11-25T19:57:14Z</time></trkpt><trkpt lat="33.8544979" lon="133.3386718"><ele>940.31</ele><time>2022-11-25T19:57:37Z</time></trkpt><trkpt lat="33.8543742" lon="133.3385078"><ele>941.5799999999999</ele><time>2022-11-25T19:57:56Z</time></trkpt><trkpt lat="33.8544152" lon="133.3382928"><ele>941.8299999999999</ele><time>2022-11-25T19:58:22Z</time></trkpt><trkpt lat="33.8545808" lon="133.3382044"><ele>942.6166666666667</ele><time>2022-11-25T19:59:01Z</time></trkpt><trkpt lat="33.8546888" lon="133.3380183"><ele>944.21</ele><time>2022-11-25T19:59:14Z</time></trkpt><trkpt lat="33.8547357" lon="133.3377934"><ele>943.41</ele><time>2022-11-25T19:59:23Z</time></trkpt><trkpt lat="33.8548036" lon="133.3375836"><ele>942.1933333333333</ele><time>2022-11-25T19:59:35Z</time></trkpt><trkpt lat="33.854858" lon="133.3373686"><ele>942.6233333333333</ele><time>2022-11-25T19:59:49Z</time></trkpt><trkpt lat="33.8548452" lon="133.3371528"><ele>945.2933333333334</ele><time>2022-11-25T20:00:06Z</time></trkpt><trkpt lat="33.8547544" lon="133.3369574"><ele>948.0</ele><time>2022-11-25T20:00:27Z</time></trkpt><trkpt lat="33.8547402" lon="133.336737"><ele>950.5333333333333</ele><time>2022-11-25T20:00:45Z</time></trkpt><trkpt lat="33.8547094" lon="133.3365175"><ele>952.8533333333334</ele><time>2022-11-25T20:01:00Z</time></trkpt><trkpt lat="33.8546408" lon="133.3363152"><ele>955.2199999999999</ele><time>2022-11-25T20:01:15Z</time></trkpt><trkpt lat="33.8547173" lon="133.3361119"><ele>956.9933333333333</ele><time>2022-11-25T20:01:31Z</time></trkpt><trkpt lat="33.8547286" lon="133.3358928"><ele>959.0766666666667</ele><time>2022-11-25T20:01:46Z</time></trkpt><trkpt lat="33.8547581" lon="133.3356752"><ele>961.6066666666667</ele><time>2022-11-25T20:02:09Z</time></trkpt><trkpt lat="33.854897" lon="133.3355308"><ele>964.2433333333333</ele><time>2022-11-25T20:02:28Z</time></trkpt><trkpt lat="33.8549992" lon="133.335343"><ele>966.62</ele><time>2022-11-25T20:03:02Z</time></trkpt><trkpt lat="33.8550936" lon="133.3351462"><ele>968.9133333333334</ele><time>2022-11-25T20:03:18Z</time></trkpt><trkpt lat="33.8551706" lon="133.3349404"><ele>971.5666666666667</ele><time>2022-11-25T20:03:32Z</time></trkpt><trkpt lat="33.8552552" lon="133.3347488"><ele>974.33</ele><time>2022-11-25T20:03:52Z</time></trkpt><trkpt lat="33.8551951" lon="133.3345407"><ele>978.44</ele><time>2022-11-25T20:04:13Z</time></trkpt><trkpt lat="33.8551611" lon="133.3343204"><ele>982.87</ele><time>2022-11-25T20:04:42Z</time></trkpt><trkpt lat="33.8550887" lon="133.3341194"><ele>987.5266666666666</ele><time>2022-11-25T20:04:58Z</time></trkpt><trkpt lat="33.8549802" lon="133.333946"><ele>990.1133333333333</ele><time>2022-11-25T20:05:23Z</time></trkpt><trkpt lat="33.8549117" lon="133.3337364"><ele>991.0566666666667</ele><time>2022-11-25T20:05:42Z</time></trkpt><trkpt lat="33.8548478" lon="133.3335303"><ele>992.0466666666667</ele><time>2022-11-25T20:05:57Z</time></trkpt><trkpt lat="33.8547615" lon="133.3333378"><ele>993.7800000000001</ele><time>2022-11-25T20:06:20Z</time></trkpt><trkpt lat="33.8546977" lon="133.3331335"><ele>996.2633333333333</ele><time>2022-11-25T20:06:41Z</time></trkpt><trkpt lat="33.8546111" lon="133.332939"><ele>999.2933333333334</ele><time>2022-11-25T20:06:56Z</time></trkpt><trkpt lat="33.8546329" lon="133.332722"><ele>1003.1</ele><time>2022-11-25T20:07:21Z</time></trkpt><trkpt lat="33.8546952" lon="133.3325169"><ele>1006.5633333333334</ele><time>2022-11-25T20:07:37Z</time></trkpt><trkpt lat="33.8548175" lon="133.3323423"><ele>1008.4566666666668</ele><time>2022-11-25T20:08:45Z</time></trkpt><trkpt lat="33.854886" lon="133.3321343"><ele>1012.1366666666668</ele><time>2022-11-25T20:09:08Z</time></trkpt><trkpt lat="33.8550488" lon="133.3320243"><ele>1015.2633333333334</ele><time>2022-11-25T20:09:41Z</time></trkpt><trkpt lat="33.8551568" lon="133.3318437"><ele>1020.46</ele><time>2022-11-25T20:09:52Z</time></trkpt><trkpt lat="33.8553388" lon="133.3318559"><ele>1023.6</ele><time>2022-11-25T20:10:44Z</time></trkpt><trkpt lat="33.8554822" lon="133.3317183"><ele>1029.9399999999998</ele><time>2022-11-25T20:11:00Z</time></trkpt><trkpt lat="33.8555575" lon="133.331517"><ele>1034.3833333333332</ele><time>2022-11-25T20:11:24Z</time></trkpt><trkpt lat="33.8556566" lon="133.3313334"><ele>1037.2666666666667</ele><time>2022-11-25T20:11:43Z</time></trkpt><trkpt lat="33.8558414" lon="133.3313062"><ele>1038.9366666666667</ele><time>2022-11-25T20:12:13Z</time></trkpt><trkpt lat="33.8560225" lon="133.3313093"><ele>1042.4433333333334</ele><time>2022-11-25T20:12:43Z</time></trkpt><trkpt lat="33.8561803" lon="133.3311937"><ele>1047.9233333333334</ele><time>2022-11-25T20:12:57Z</time></trkpt><trkpt lat="33.8563055" lon="133.3310378"><ele>1052.2766666666666</ele><time>2022-11-25T20:13:16Z</time></trkpt><trkpt lat="33.8564492" lon="133.330901"><ele>1055.65</ele><time>2022-11-25T20:13:31Z</time></trkpt><trkpt lat="33.8565396" lon="133.3307128"><ele>1058.2733333333335</ele><time>2022-11-25T20:13:53Z</time></trkpt><trkpt lat="33.8566146" lon="133.3305153"><ele>1060.8300000000002</ele><time>2022-11-25T20:14:22Z</time></trkpt><trkpt lat="33.856664" lon="133.3303069"><ele>1063.36</ele><time>2022-11-25T20:14:46Z</time></trkpt><trkpt lat="33.8567298" lon="133.3305133"><ele>1064.3466666666666</ele><time>2022-11-25T20:16:36Z</time></trkpt><trkpt lat="33.8568909" lon="133.3306113"><ele>1067.0833333333333</ele><time>2022-11-25T20:17:25Z</time></trkpt><trkpt lat="33.8570708" lon="133.3305833"><ele>1071.34</ele><time>2022-11-25T20:18:22Z</time></trkpt><trkpt lat="33.857162" lon="133.3303915"><ele>1080.4633333333334</ele><time>2022-11-25T20:18:53Z</time></trkpt><trkpt lat="33.8572593" lon="133.3302047"><ele>1087.68</ele><time>2022-11-25T20:19:13Z</time></trkpt><trkpt lat="33.8573303" lon="133.3299993"><ele>1092.0133333333333</ele><time>2022-11-25T20:19:29Z</time></trkpt><trkpt lat="33.8574417" lon="133.3298288"><ele>1090.3533333333332</ele><time>2022-11-25T20:19:50Z</time></trkpt><trkpt lat="33.857616" lon="133.3298851"><ele>1091.0466666666669</ele><time>2022-11-25T20:20:09Z</time></trkpt><trkpt lat="33.8577802" lon="133.3297914"><ele>1092.2333333333333</ele><time>2022-11-25T20:20:26Z</time></trkpt><trkpt lat="33.857916" lon="133.3296397"><ele>1094.69</ele><time>2022-11-25T20:20:45Z</time></trkpt><trkpt lat="33.8579788" lon="133.3294364"><ele>1095.26</ele><time>2022-11-25T20:21:11Z</time></trkpt><trkpt lat="33.8578086" lon="133.3293626"><ele>1097.3</ele><time>2022-11-25T20:21:32Z</time></trkpt><trkpt lat="33.8578125" lon="133.3291438"><ele>1101.6733333333334</ele><time>2022-11-25T20:22:32Z</time></trkpt><trkpt lat="33.8578741" lon="133.3289389"><ele>1107.6966666666667</ele><time>2022-11-25T20:23:12Z</time></trkpt><trkpt lat="33.8579652" lon="133.3287511"><ele>1113.5200000000002</ele><time>2022-11-25T20:23:27Z</time></trkpt><trkpt lat="33.8579842" lon="133.3285327"><ele>1116.9966666666667</ele><time>2022-11-25T20:23:39Z</time></trkpt><trkpt lat="33.858034" lon="133.3283139"><ele>1119.3733333333332</ele><time>2022-11-25T20:23:54Z</time></trkpt><trkpt lat="33.8581451" lon="133.3281424"><ele>1121.2666666666667</ele><time>2022-11-25T20:24:19Z</time></trkpt><trkpt lat="33.8582628" lon="133.3279785"><ele>1125.79</ele><time>2022-11-25T20:24:55Z</time></trkpt><trkpt lat="33.8583977" lon="133.3278095"><ele>1130.95</ele><time>2022-11-25T20:25:08Z</time></trkpt><trkpt lat="33.858527" lon="133.3276508"><ele>1136.99</ele><time>2022-11-25T20:25:27Z</time></trkpt><trkpt lat="33.8586424" lon="133.3274844"><ele>1140.6133333333335</ele><time>2022-11-25T20:26:28Z</time></trkpt><trkpt lat="33.8588156" lon="133.3274224"><ele>1145.1866666666667</ele><time>2022-11-25T20:26:52Z</time></trkpt><trkpt lat="33.8590042" lon="133.3274304"><ele>1149.6499999999999</ele><time>2022-11-25T20:27:29Z</time></trkpt><trkpt lat="33.8591762" lon="133.3273633"><ele>1154.46</ele><time>2022-11-25T20:27:45Z</time></trkpt><trkpt lat="33.8593463" lon="133.3274374"><ele>1158.7466666666667</ele><time>2022-11-25T20:28:04Z</time></trkpt><trkpt lat="33.8595316" lon="133.3274486"><ele>1163.2866666666666</ele><time>2022-11-25T20:28:30Z</time></trkpt><trkpt lat="33.8597102" lon="133.3273966"><ele>1168.1233333333332</ele><time>2022-11-25T20:29:35Z</time></trkpt><trkpt lat="33.8598775" lon="133.3273009"><ele>1172.71</ele><time>2022-11-25T20:29:52Z</time></trkpt><trkpt lat="33.8600414" lon="133.3272042"><ele>1175.9033333333334</ele><time>2022-11-25T20:30:04Z</time></trkpt><trkpt lat="33.8602188" lon="133.3271581"><ele>1178.9366666666667</ele><time>2022-11-25T20:30:20Z</time></trkpt><trkpt lat="33.8603676" lon="133.3270359"><ele>1180.9566666666667</ele><time>2022-11-25T20:30:44Z</time></trkpt><trkpt lat="33.86045" lon="133.3268429"><ele>1183.41</ele><time>2022-11-25T20:31:10Z</time></trkpt><trkpt lat="33.8606143" lon="133.3267427"><ele>1187.4833333333333</ele><time>2022-11-25T20:32:12Z</time></trkpt><trkpt lat="33.8607631" lon="133.326617"><ele>1193.84</ele><time>2022-11-25T20:32:58Z</time></trkpt><trkpt lat="33.8608867" lon="133.3264562"><ele>1203.4333333333334</ele><time>2022-11-25T20:33:18Z</time></trkpt><trkpt lat="33.8609894" lon="133.3262785"><ele>1213.67</ele><time>2022-11-25T20:35:12Z</time></trkpt><trkpt lat="33.8611668" lon="133.3262304"><ele>1220.9466666666667</ele><time>2022-11-25T20:35:40Z</time></trkpt><trkpt lat="33.8613469" lon="133.3262173"><ele>1226.0466666666669</ele><time>2022-11-25T20:36:09Z</time></trkpt><trkpt lat="33.8615158" lon="133.3262982"><ele>1233.53</ele><time>2022-11-25T20:37:28Z</time></trkpt><trkpt lat="33.8616933" lon="133.3263629"><ele>1243.14</ele><time>2022-11-25T20:38:47Z</time></trkpt><trkpt lat="33.8618303" lon="133.3262177"><ele>1255.0033333333333</ele><time>2022-11-25T20:39:59Z</time></trkpt><trkpt lat="33.8618404" lon="133.3259966"><ele>1263.4966666666667</ele><time>2022-11-25T20:40:11Z</time></trkpt><trkpt lat="33.8619105" lon="133.3257933"><ele>1271.6766666666667</ele><time>2022-11-25T20:41:31Z</time></trkpt><trkpt lat="33.8619921" lon="133.3255997"><ele>1277.6833333333334</ele><time>2022-11-25T20:42:06Z</time></trkpt><trkpt lat="33.8620711" lon="133.3253968"><ele>1283.83</ele><time>2022-11-25T20:42:54Z</time></trkpt><trkpt lat="33.8622636" lon="133.325372"><ele>1288.8100000000002</ele><time>2022-11-25T20:43:21Z</time></trkpt><trkpt lat="33.8624419" lon="133.3254484"><ele>1291.716666666667</ele><time>2022-11-25T20:43:41Z</time></trkpt><trkpt lat="33.8624876" lon="133.3252378"><ele>1293.5</ele><time>2022-11-25T20:44:26Z</time></trkpt><trkpt lat="33.8624441" lon="133.3250192"><ele>1295.1133333333335</ele><time>2022-11-25T20:45:27Z</time></trkpt><trkpt lat="33.862398" lon="133.3247986"><ele>1298.18</ele><time>2022-11-25T20:45:36Z</time></trkpt><trkpt lat="33.8623594" lon="133.3245785"><ele>1301.53</ele><time>2022-11-25T20:46:14Z</time></trkpt><trkpt lat="33.8623998" lon="133.3243661"><ele>1303.9366666666667</ele><time>2022-11-25T20:46:48Z</time></trkpt><trkpt lat="33.862509" lon="133.3241881"><ele>1304.6633333333332</ele><time>2022-11-25T20:47:07Z</time></trkpt><trkpt lat="33.8625455" lon="133.3239743"><ele>1306.18</ele><time>2022-11-25T20:47:23Z</time></trkpt><trkpt lat="33.8624796" lon="133.3237701"><ele>1308.2266666666667</ele><time>2022-11-25T20:47:45Z</time></trkpt><trkpt lat="33.8624039" lon="133.3235678"><ele>1311.0733333333335</ele><time>2022-11-25T20:48:00Z</time></trkpt><trkpt lat="33.8623315" lon="133.3233567"><ele>1312.3500000000001</ele><time>2022-11-25T20:48:19Z</time></trkpt><trkpt lat="33.8624145" lon="133.3231618"><ele>1313.3833333333334</ele><time>2022-11-25T20:49:00Z</time></trkpt><trkpt lat="33.8624307" lon="133.3229434"><ele>1314.0900000000001</ele><time>2022-11-25T20:49:12Z</time></trkpt><trkpt lat="33.8624785" lon="133.3227344"><ele>1315.49</ele><time>2022-11-25T20:49:27Z</time></trkpt><trkpt lat="33.862418" lon="133.3225233"><ele>1317.1233333333332</ele><time>2022-11-25T20:49:47Z</time></trkpt><trkpt lat="33.8623259" lon="133.3223287"><ele>1319.5</ele><time>2022-11-25T20:50:09Z</time></trkpt><trkpt lat="33.8622246" lon="133.3221417"><ele>1321.64</ele><time>2022-11-25T20:50:32Z</time></trkpt><trkpt lat="33.8620964" lon="133.3219655"><ele>1324.9266666666667</ele><time>2022-11-25T20:51:18Z</time></trkpt><trkpt lat="33.8619896" lon="133.3217901"><ele>1327.4433333333334</ele><time>2022-11-25T20:51:31Z</time></trkpt><trkpt lat="33.8618885" lon="133.3216022"><ele>1328.42</ele><time>2022-11-25T20:51:46Z</time></trkpt><trkpt lat="33.8618161" lon="133.3214019"><ele>1327.5266666666666</ele><time>2022-11-25T20:52:04Z</time></trkpt><trkpt lat="33.8617323" lon="133.3212096"><ele>1327.1133333333335</ele><time>2022-11-25T20:52:21Z</time></trkpt><trkpt lat="33.8616787" lon="133.321002"><ele>1328.5633333333333</ele><time>2022-11-25T20:52:40Z</time></trkpt><trkpt lat="33.8616576" lon="133.3207809"><ele>1328.9966666666667</ele><time>2022-11-25T20:52:56Z</time></trkpt><trkpt lat="33.8616638" lon="133.3205623"><ele>1327.9566666666667</ele><time>2022-11-25T20:53:13Z</time></trkpt><trkpt lat="33.8614955" lon="133.3204841"><ele>1329.7533333333333</ele><time>2022-11-25T20:53:27Z</time></trkpt><trkpt lat="33.8613668" lon="133.3203272"><ele>1333.6299999999999</ele><time>2022-11-25T20:53:53Z</time></trkpt><trkpt lat="33.8611848" lon="133.3202671"><ele>1339.55</ele><time>2022-11-25T20:54:41Z</time></trkpt><trkpt lat="33.8610143" lon="133.3201802"><ele>1342.53</ele><time>2022-11-25T20:54:53Z</time></trkpt><trkpt lat="33.8608626" lon="133.3200484"><ele>1346.1033333333335</ele><time>2022-11-25T20:55:09Z</time></trkpt><trkpt lat="33.860696" lon="133.3199591"><ele>1350.8700000000001</ele><time>2022-11-25T20:55:26Z</time></trkpt><trkpt lat="33.8605099" lon="133.319952"><ele>1356.6566666666668</ele><time>2022-11-25T20:55:53Z</time></trkpt><trkpt lat="33.8603229" lon="133.3199344"><ele>1363.88</ele><time>2022-11-25T20:57:06Z</time></trkpt><trkpt lat="33.8601415" lon="133.3199017"><ele>1371.1933333333334</ele><time>2022-11-25T20:58:12Z</time></trkpt><trkpt lat="33.8600576" lon="133.3197073"><ele>1379.1966666666667</ele><time>2022-11-25T20:58:48Z</time></trkpt><trkpt lat="33.8598766" lon="133.3196922"><ele>1386.7833333333335</ele><time>2022-11-25T20:59:14Z</time></trkpt><trkpt lat="33.8597162" lon="133.3195823"><ele>1394.3566666666666</ele><time>2022-11-25T21:00:29Z</time></trkpt><trkpt lat="33.8597521" lon="133.3193634"><ele>1402.8466666666666</ele><time>2022-11-25T21:02:13Z</time></trkpt><trkpt lat="33.8596964" lon="133.3191577"><ele>1412.1866666666665</ele><time>2022-11-25T21:02:35Z</time></trkpt><trkpt lat="33.8596815" lon="133.3188929"><ele>1420.3166666666668</ele><time>2022-11-25T21:03:27Z</time></trkpt><trkpt lat="33.8594931" lon="133.3189152"><ele>1423.68</ele><time>2022-11-25T21:15:02Z</time></trkpt><trkpt lat="33.8593224" lon="133.3189872"><ele>1422.1033333333332</ele><time>2022-11-25T21:15:11Z</time></trkpt><trkpt lat="33.8591901" lon="133.3191391"><ele>1416.5733333333335</ele><time>2022-11-25T21:16:28Z</time></trkpt><trkpt lat="33.8590743" lon="133.3193051"><ele>1409.03</ele><time>2022-11-25T21:17:16Z</time></trkpt><trkpt lat="33.8589025" lon="133.3193766"><ele>1400.32</ele><time>2022-11-25T21:17:50Z</time></trkpt><trkpt lat="33.8587191" lon="133.319365"><ele>1390.18</ele><time>2022-11-25T21:18:19Z</time></trkpt><trkpt lat="33.8585557" lon="133.3194565"><ele>1382.2866666666669</ele><time>2022-11-25T21:18:46Z</time></trkpt><trkpt lat="33.8584002" lon="133.3193421"><ele>1374.3866666666665</ele><time>2022-11-25T21:21:06Z</time></trkpt><trkpt lat="33.8582817" lon="133.3191159"><ele>1370.2633333333333</ele><time>2022-11-25T21:21:16Z</time></trkpt><trkpt lat="33.8581682" lon="133.3189447"><ele>1365.6833333333334</ele><time>2022-11-25T21:21:23Z</time></trkpt><trkpt lat="33.8580038" lon="133.3190389"><ele>1362.0900000000001</ele><time>2022-11-25T21:21:47Z</time></trkpt><trkpt lat="33.8578527" lon="133.3191684"><ele>1356.7766666666666</ele><time>2022-11-25T21:22:13Z</time></trkpt><trkpt lat="33.857723" lon="133.31933"><ele>1350.4666666666667</ele><time>2022-11-25T21:22:44Z</time></trkpt><trkpt lat="33.8576045" lon="133.3194932"><ele>1345.2666666666667</ele><time>2022-11-25T21:23:31Z</time></trkpt><trkpt lat="33.8574612" lon="133.3196483"><ele>1343.6366666666665</ele><time>2022-11-25T21:23:58Z</time></trkpt><trkpt lat="33.8572889" lon="133.3197184"><ele>1347.8466666666666</ele><time>2022-11-25T21:25:16Z</time></trkpt><trkpt lat="33.8571191" lon="133.3197928"><ele>1356.04</ele><time>2022-11-25T21:25:57Z</time></trkpt><trkpt lat="33.856944" lon="133.3197347"><ele>1367.5266666666666</ele><time>2022-11-25T21:33:30Z</time></trkpt><trkpt lat="33.8567626" lon="133.3197653"><ele>1379.47</ele><time>2022-11-25T21:34:32Z</time></trkpt><trkpt lat="33.8565852" lon="133.3197176"><ele>1392.5</ele><time>2022-11-25T21:35:00Z</time></trkpt><trkpt lat="33.8564039" lon="133.3197071"><ele>1402.79</ele><time>2022-11-25T21:37:08Z</time></trkpt><trkpt lat="33.8562349" lon="133.3198038"><ele>1411.0833333333333</ele><time>2022-11-25T21:38:45Z</time></trkpt><trkpt lat="33.856059" lon="133.3198678"><ele>1416.9133333333332</ele><time>2022-11-25T21:39:14Z</time></trkpt><trkpt lat="33.8559029" lon="133.3200088"><ele>1420.91</ele><time>2022-11-25T21:40:24Z</time></trkpt><trkpt lat="33.8557532" lon="133.3201297"><ele>1425.39</ele><time>2022-11-25T21:40:52Z</time></trkpt><trkpt lat="33.8556325" lon="133.3202936"><ele>1429.216666666667</ele><time>2022-11-25T21:41:16Z</time></trkpt><trkpt lat="33.8555231" lon="133.3204783"><ele>1433.5466666666669</ele><time>2022-11-25T21:41:35Z</time></trkpt><trkpt lat="33.8553466" lon="133.3205309"><ele>1437.5100000000002</ele><time>2022-11-25T21:42:29Z</time></trkpt><trkpt lat="33.8551596" lon="133.3205491"><ele>1442.41</ele><time>2022-11-25T21:43:06Z</time></trkpt><trkpt lat="33.8549775" lon="133.3204971"><ele>1446.1166666666668</ele><time>2022-11-25T21:43:21Z</time></trkpt><trkpt lat="33.8548041" lon="133.3204116"><ele>1446.4166666666667</ele><time>2022-11-25T21:43:41Z</time></trkpt><trkpt lat="33.8546696" lon="133.3202667"><ele>1444.256666666667</ele><time>2022-11-25T21:44:14Z</time></trkpt><trkpt lat="33.8545507" lon="133.3201039"><ele>1443.4533333333336</ele><time>2022-11-25T21:44:47Z</time></trkpt><trkpt lat="33.8543776" lon="133.3199757"><ele>1446.4666666666665</ele><time>2022-11-25T21:46:02Z</time></trkpt><trkpt lat="33.8542163" lon="133.3198752"><ele>1449.3933333333334</ele><time>2022-11-25T21:46:35Z</time></trkpt><trkpt lat="33.8540335" lon="133.3199119"><ele>1453.3933333333334</ele><time>2022-11-25T21:46:53Z</time></trkpt><trkpt lat="33.853868" lon="133.3200054"><ele>1456.5366666666669</ele><time>2022-11-25T21:48:37Z</time></trkpt><trkpt lat="33.8537021" lon="133.3199199"><ele>1457.99</ele><time>2022-11-25T21:53:27Z</time></trkpt><trkpt lat="33.8535275" lon="133.3198645"><ele>1456.5233333333335</ele><time>2022-11-25T21:53:53Z</time></trkpt><trkpt lat="33.8533452" lon="133.3198368"><ele>1450.6966666666667</ele><time>2022-11-25T21:54:16Z</time></trkpt><trkpt lat="33.853191" lon="133.319712"><ele>1445.5633333333335</ele><time>2022-11-25T21:54:42Z</time></trkpt><trkpt lat="33.8530099" lon="133.3196979"><ele>1442.1566666666668</ele><time>2022-11-25T21:55:01Z</time></trkpt><trkpt lat="33.8528274" lon="133.3196464"><ele>1442.28</ele><time>2022-11-25T21:55:39Z</time></trkpt><trkpt lat="33.8526504" lon="133.3195873"><ele>1444.9033333333334</ele><time>2022-11-25T21:56:03Z</time></trkpt><trkpt lat="33.8524742" lon="133.3196334"><ele>1447.83</ele><time>2022-11-25T21:56:21Z</time></trkpt><trkpt lat="33.8523872" lon="133.3198239"><ele>1449.6766666666665</ele><time>2022-11-25T21:56:57Z</time></trkpt><trkpt lat="33.852399" lon="133.3200423"><ele>1448.0466666666669</ele><time>2022-11-25T21:57:15Z</time></trkpt><trkpt lat="33.8523922" lon="133.3202643"><ele>1444.57</ele><time>2022-11-25T21:57:40Z</time></trkpt><trkpt lat="33.8522801" lon="133.3204391"><ele>1437.13</ele><time>2022-11-25T21:58:01Z</time></trkpt><trkpt lat="33.8523157" lon="133.3206577"><ele>1429.95</ele><time>2022-11-25T22:02:03Z</time></trkpt><trkpt lat="33.8522527" lon="133.3208622"><ele>1420.1466666666668</ele><time>2022-11-25T22:02:20Z</time></trkpt><trkpt lat="33.8522" lon="133.3210715"><ele>1410.7666666666667</ele><time>2022-11-25T22:02:52Z</time></trkpt><trkpt lat="33.8520691" lon="133.3212279"><ele>1401.3566666666668</ele><time>2022-11-25T22:03:08Z</time></trkpt><trkpt lat="33.8519092" lon="133.3213285"><ele>1392.67</ele><time>2022-11-25T22:03:36Z</time></trkpt><trkpt lat="33.8519228" lon="133.3211113"><ele>1388.1666666666667</ele><time>2022-11-25T22:06:51Z</time></trkpt><trkpt lat="33.851939" lon="133.3208908"><ele>1384.4666666666665</ele><time>2022-11-25T22:07:31Z</time></trkpt><trkpt lat="33.8519097" lon="133.3206745"><ele>1384.1299999999999</ele><time>2022-11-25T22:08:28Z</time></trkpt><trkpt lat="33.8518276" lon="133.3204765"><ele>1383.2533333333333</ele><time>2022-11-25T22:08:41Z</time></trkpt><trkpt lat="33.8517775" lon="133.3202676"><ele>1381.2466666666667</ele><time>2022-11-25T22:09:45Z</time></trkpt><trkpt lat="33.8517753" lon="133.3200474"><ele>1378.1333333333332</ele><time>2022-11-25T22:10:05Z</time></trkpt><trkpt lat="33.8516776" lon="133.3198608"><ele>1372.47</ele><time>2022-11-25T22:10:17Z</time></trkpt><trkpt lat="33.8516955" lon="133.3196389"><ele>1367.8666666666668</ele><time>2022-11-25T22:10:51Z</time></trkpt><trkpt lat="33.8517069" lon="133.319421"><ele>1363.6966666666667</ele><time>2022-11-25T22:11:14Z</time></trkpt><trkpt lat="33.8515676" lon="133.3192748"><ele>1360.76</ele><time>2022-11-25T22:11:33Z</time></trkpt><trkpt lat="33.8515877" lon="133.3190597"><ele>1362.0266666666666</ele><time>2022-11-25T22:12:04Z</time></trkpt><trkpt lat="33.8515069" lon="133.3188613"><ele>1361.5533333333335</ele><time>2022-11-25T22:12:31Z</time></trkpt><trkpt lat="33.8514625" lon="133.3186283"><ele>1362.9499999999998</ele><time>2022-11-25T22:12:57Z</time></trkpt><trkpt lat="33.8514215" lon="133.3184176"><ele>1359.3266666666668</ele><time>2022-11-25T22:14:42Z</time></trkpt><trkpt lat="33.8512575" lon="133.3183228"><ele>1356.18</ele><time>2022-11-25T22:15:27Z</time></trkpt><trkpt lat="33.8511462" lon="133.3181495"><ele>1350.17</ele><time>2022-11-25T22:15:47Z</time></trkpt><trkpt lat="33.8510911" lon="133.3179432"><ele>1344.2266666666667</ele><time>2022-11-25T22:16:12Z</time></trkpt><trkpt lat="33.8510732" lon="133.3177266"><ele>1338.2866666666666</ele><time>2022-11-25T22:18:03Z</time></trkpt><trkpt lat="33.8509827" lon="133.3175283"><ele>1333.5933333333332</ele><time>2022-11-25T22:18:38Z</time></trkpt><trkpt lat="33.8509092" lon="133.317315"><ele>1329.63</ele><time>2022-11-25T22:18:52Z</time></trkpt><trkpt lat="33.8509031" lon="133.3170864"><ele>1325.1033333333335</ele><time>2022-11-25T22:19:21Z</time></trkpt><trkpt lat="33.8507977" lon="133.3168999"><ele>1323.16</ele><time>2022-11-25T22:20:40Z</time></trkpt><trkpt lat="33.8506689" lon="133.3167444"><ele>1321.7033333333336</ele><time>2022-11-25T22:20:55Z</time></trkpt><trkpt lat="33.8507338" lon="133.3165383"><ele>1323.5500000000002</ele><time>2022-11-25T22:21:33Z</time></trkpt><trkpt lat="33.8506581" lon="133.3163394"><ele>1322.93</ele><time>2022-11-25T22:22:26Z</time></trkpt><trkpt lat="33.8505017" lon="133.3162226"><ele>1320.0933333333332</ele><time>2022-11-25T22:22:41Z</time></trkpt><trkpt lat="33.8503567" lon="133.3160916"><ele>1312.3766666666668</ele><time>2022-11-25T22:22:58Z</time></trkpt><trkpt lat="33.8502718" lon="133.3159006"><ele>1308.5900000000001</ele><time>2022-11-25T22:23:31Z</time></trkpt><trkpt lat="33.8501092" lon="133.3158028"><ele>1307.0433333333335</ele><time>2022-11-25T22:24:03Z</time></trkpt><trkpt lat="33.8499298" lon="133.3157532"><ele>1304.3933333333334</ele><time>2022-11-25T22:24:17Z</time></trkpt><trkpt lat="33.8497676" lon="133.3156545"><ele>1299.5900000000001</ele><time>2022-11-25T22:24:32Z</time></trkpt><trkpt lat="33.8498014" lon="133.3154418"><ele>1294.8133333333333</ele><time>2022-11-25T22:25:06Z</time></trkpt><trkpt lat="33.8499126" lon="133.3152669"><ele>1294.8466666666666</ele><time>2022-11-25T22:25:45Z</time></trkpt><trkpt lat="33.8499513" lon="133.3150547"><ele>1290.4766666666667</ele><time>2022-11-25T22:27:22Z</time></trkpt><trkpt lat="33.8499664" lon="133.3148384"><ele>1287.22</ele><time>2022-11-25T22:27:36Z</time></trkpt><trkpt lat="33.8498872" lon="133.3146414"><ele>1279.2666666666667</ele><time>2022-11-25T22:27:58Z</time></trkpt><trkpt lat="33.8498116" lon="133.3144285"><ele>1273.9033333333334</ele><time>2022-11-25T22:28:18Z</time></trkpt><trkpt lat="33.8497382" lon="133.3142292"><ele>1268.11</ele><time>2022-11-25T22:28:36Z</time></trkpt><trkpt lat="33.8496096" lon="133.314076"><ele>1266.7433333333336</ele><time>2022-11-25T22:28:54Z</time></trkpt><trkpt lat="33.8495695" lon="133.3138643"><ele>1265.8300000000002</ele><time>2022-11-25T22:29:21Z</time></trkpt><trkpt lat="33.8495634" lon="133.3136474"><ele>1264.0066666666664</ele><time>2022-11-25T22:29:42Z</time></trkpt><trkpt lat="33.8494623" lon="133.3134653"><ele>1260.9933333333336</ele><time>2022-11-25T22:29:58Z</time></trkpt><trkpt lat="33.8493744" lon="133.313274"><ele>1255.9266666666667</ele><time>2022-11-25T22:30:19Z</time></trkpt><trkpt lat="33.8492481" lon="133.3131188"><ele>1250.01</ele><time>2022-11-25T22:30:34Z</time></trkpt><trkpt lat="33.8490692" lon="133.3131579"><ele>1241.6933333333334</ele><time>2022-11-25T22:31:56Z</time></trkpt><trkpt lat="33.8488837" lon="133.3131838"><ele>1232.64</ele><time>2022-11-25T22:32:13Z</time></trkpt><trkpt lat="33.8487091" lon="133.3131296"><ele>1223.63</ele><time>2022-11-25T22:32:31Z</time></trkpt><trkpt lat="33.8485309" lon="133.3130846"><ele>1215.17</ele><time>2022-11-25T22:33:03Z</time></trkpt><trkpt lat="33.8483954" lon="133.3129323"><ele>1209.9033333333334</ele><time>2022-11-25T22:33:20Z</time></trkpt><trkpt lat="33.8482841" lon="133.3127571"><ele>1205.3133333333333</ele><time>2022-11-25T22:33:51Z</time></trkpt><trkpt lat="33.8481036" lon="133.3127412"><ele>1203.9366666666667</ele><time>2022-11-25T22:34:12Z</time></trkpt><trkpt lat="33.8479388" lon="133.3126524"><ele>1205.3500000000001</ele><time>2022-11-25T22:34:27Z</time></trkpt><trkpt lat="33.8477757" lon="133.3127516"><ele>1205.4033333333334</ele><time>2022-11-25T22:34:51Z</time></trkpt><trkpt lat="33.8475899" lon="133.3127186"><ele>1204.28</ele><time>2022-11-25T22:35:11Z</time></trkpt><trkpt lat="33.8475189" lon="133.3125175"><ele>1201.8366666666666</ele><time>2022-11-25T22:35:29Z</time></trkpt><trkpt lat="33.8473325" lon="133.3125005"><ele>1199.3233333333333</ele><time>2022-11-25T22:36:11Z</time></trkpt><trkpt lat="33.8471519" lon="133.3124958"><ele>1196.6933333333334</ele><time>2022-11-25T22:36:30Z</time></trkpt><trkpt lat="33.846984" lon="133.3124036"><ele>1195.4033333333334</ele><time>2022-11-25T22:36:50Z</time></trkpt><trkpt lat="33.846814" lon="133.3124924"><ele>1194.8333333333333</ele><time>2022-11-25T22:37:04Z</time></trkpt><trkpt lat="33.8466362" lon="133.3124557"><ele>1196.22</ele><time>2022-11-25T22:37:25Z</time></trkpt><trkpt lat="33.8466108" lon="133.3122332"><ele>1197.4400000000003</ele><time>2022-11-25T22:37:40Z</time></trkpt><trkpt lat="33.8466439" lon="133.3120146"><ele>1199.0266666666666</ele><time>2022-11-25T22:38:34Z</time></trkpt><trkpt lat="33.8467404" lon="133.3118198"><ele>1197.8300000000002</ele><time>2022-11-25T22:38:51Z</time></trkpt><trkpt lat="33.8468763" lon="133.3116775"><ele>1194.3966666666668</ele><time>2022-11-25T22:39:06Z</time></trkpt><trkpt lat="33.8469559" lon="133.311477"><ele>1192.62</ele><time>2022-11-25T22:39:29Z</time></trkpt><trkpt lat="33.8469177" lon="133.3112531"><ele>1192.9333333333334</ele><time>2022-11-25T22:39:46Z</time></trkpt><trkpt lat="33.8469421" lon="133.3110222"><ele>1193.3133333333333</ele><time>2022-11-25T22:40:00Z</time></trkpt><trkpt lat="33.847009" lon="133.3108191"><ele>1192.31</ele><time>2022-11-25T22:40:19Z</time></trkpt><trkpt lat="33.8468589" lon="133.3106914"><ele>1192.1566666666668</ele><time>2022-11-25T22:41:03Z</time></trkpt><trkpt lat="33.8467153" lon="133.3105599"><ele>1192.0833333333333</ele><time>2022-11-25T22:41:17Z</time></trkpt><trkpt lat="33.8465331" lon="133.3105325"><ele>1191.23</ele><time>2022-11-25T22:41:38Z</time></trkpt><trkpt lat="33.8464409" lon="133.3103458"><ele>1189.1633333333336</ele><time>2022-11-25T22:41:59Z</time></trkpt><trkpt lat="33.8462825" lon="133.3102364"><ele>1184.2933333333335</ele><time>2022-11-25T22:42:14Z</time></trkpt><trkpt lat="33.8462271" lon="133.3100267"><ele>1182.1033333333332</ele><time>2022-11-25T22:42:33Z</time></trkpt><trkpt lat="33.8462334" lon="133.3098091"><ele>1184.8400000000001</ele><time>2022-11-25T22:42:48Z</time></trkpt><trkpt lat="33.8460959" lon="133.3096501"><ele>1189.3766666666668</ele><time>2022-11-25T22:43:01Z</time></trkpt><trkpt lat="33.8459879" lon="133.3094319"><ele>1194.22</ele><time>2022-11-25T22:43:22Z</time></trkpt><trkpt lat="33.8459566" lon="133.3092146"><ele>1196.0133333333333</ele><time>2022-11-25T22:43:29Z</time></trkpt><trkpt lat="33.8458075" lon="133.3090874"><ele>1197.4666666666665</ele><time>2022-11-25T22:43:49Z</time></trkpt><trkpt lat="33.8456704" lon="133.3089422"><ele>1199.48</ele><time>2022-11-25T22:44:06Z</time></trkpt><trkpt lat="33.8454938" lon="133.30888"><ele>1199.3033333333333</ele><time>2022-11-25T22:45:32Z</time></trkpt><trkpt lat="33.8453619" lon="133.3087207"><ele>1202.4399999999998</ele><time>2022-11-25T22:45:49Z</time></trkpt><trkpt lat="33.8451873" lon="133.3087824"><ele>1204.3066666666666</ele><time>2022-11-25T22:46:14Z</time></trkpt><trkpt lat="33.8450197" lon="133.3086949"><ele>1209.82</ele><time>2022-11-25T22:46:52Z</time></trkpt><trkpt lat="33.8449219" lon="133.3088837"><ele>1209.9966666666667</ele><time>2022-11-25T22:47:07Z</time></trkpt><trkpt lat="33.8447581" lon="133.3087778"><ele>1213.8100000000002</ele><time>2022-11-25T22:48:37Z</time></trkpt><trkpt lat="33.8445889" lon="133.3088642"><ele>1214.48</ele><time>2022-11-25T22:56:39Z</time></trkpt><trkpt lat="33.8443995" lon="133.3087853"><ele>1219.44</ele><time>2022-11-25T22:56:51Z</time></trkpt><trkpt lat="33.8441998" lon="133.3087605"><ele>1220.23</ele><time>2022-11-25T22:57:02Z</time></trkpt><trkpt lat="33.8440206" lon="133.3088206"><ele>1219.1000000000001</ele><time>2022-11-25T22:57:26Z</time></trkpt><trkpt lat="33.8438778" lon="133.3086809"><ele>1216.69</ele><time>2022-11-25T22:57:45Z</time></trkpt><trkpt lat="33.8437214" lon="133.3085609"><ele>1211.92</ele><time>2022-11-25T22:58:01Z</time></trkpt><trkpt lat="33.8436198" lon="133.308382"><ele>1211.2233333333334</ele><time>2022-11-25T22:58:17Z</time></trkpt><trkpt lat="33.8434447" lon="133.3084513"><ele>1207.5233333333333</ele><time>2022-11-25T22:59:06Z</time></trkpt><trkpt lat="33.8432571" lon="133.308494"><ele>1207.4466666666667</ele><time>2022-11-25T22:59:20Z</time></trkpt><trkpt lat="33.843078" lon="133.3084459"><ele>1207.74</ele><time>2022-11-25T22:59:34Z</time></trkpt><trkpt lat="33.842898" lon="133.3084943"><ele>1210.3666666666668</ele><time>2022-11-25T22:59:53Z</time></trkpt><trkpt lat="33.8427304" lon="133.308576"><ele>1210.2533333333333</ele><time>2022-11-25T23:00:12Z</time></trkpt><trkpt lat="33.842611" lon="133.3084118"><ele>1206.5833333333333</ele><time>2022-11-25T23:00:34Z</time></trkpt><trkpt lat="33.8425855" lon="133.3081949"><ele>1204.82</ele><time>2022-11-25T23:00:54Z</time></trkpt><trkpt lat="33.842603" lon="133.3079772"><ele>1208.0366666666666</ele><time>2022-11-25T23:01:02Z</time></trkpt><trkpt lat="33.8425446" lon="133.3077714"><ele>1213.7900000000002</ele><time>2022-11-25T23:01:19Z</time></trkpt><trkpt lat="33.8424363" lon="133.3075959"><ele>1221.7033333333334</ele><time>2022-11-25T23:01:58Z</time></trkpt><trkpt lat="33.8422708" lon="133.3075007"><ele>1229.0800000000002</ele><time>2022-11-25T23:02:18Z</time></trkpt><trkpt lat="33.8420927" lon="133.3075572"><ele>1232.4233333333334</ele><time>2022-11-25T23:02:31Z</time></trkpt><trkpt lat="33.8419163" lon="133.3074982"><ele>1232.8766666666668</ele><time>2022-11-25T23:02:53Z</time></trkpt><trkpt lat="33.8418015" lon="133.3073293"><ele>1231.0766666666666</ele><time>2022-11-25T23:03:31Z</time></trkpt><trkpt lat="33.8417208" lon="133.3071267"><ele>1233.9266666666667</ele><time>2022-11-25T23:03:41Z</time></trkpt><trkpt lat="33.8415703" lon="133.3069985"><ele>1237.2433333333333</ele><time>2022-11-25T23:03:54Z</time></trkpt><trkpt lat="33.8414132" lon="133.306888"><ele>1243.5833333333333</ele><time>2022-11-25T23:04:19Z</time></trkpt><trkpt lat="33.8412317" lon="133.3069002"><ele>1246.8100000000002</ele><time>2022-11-25T23:04:49Z</time></trkpt><trkpt lat="33.8411414" lon="133.3067104"><ele>1250.7233333333334</ele><time>2022-11-25T23:05:14Z</time></trkpt><trkpt lat="33.8409879" lon="133.3065944"><ele>1250.5333333333335</ele><time>2022-11-25T23:05:48Z</time></trkpt><trkpt lat="33.8408133" lon="133.3065165"><ele>1250.8966666666668</ele><time>2022-11-25T23:06:06Z</time></trkpt><trkpt lat="33.8406421" lon="133.3064256"><ele>1250.2266666666667</ele><time>2022-11-25T23:06:18Z</time></trkpt><trkpt lat="33.8404975" lon="133.3062902"><ele>1248.5533333333333</ele><time>2022-11-25T23:06:49Z</time></trkpt><trkpt lat="33.8403351" lon="133.3061919"><ele>1247.1066666666666</ele><time>2022-11-25T23:07:26Z</time></trkpt><trkpt lat="33.8402198" lon="133.3060188"><ele>1246.38</ele><time>2022-11-25T23:09:10Z</time></trkpt><trkpt lat="33.840053" lon="133.3059325"><ele>1248.3666666666668</ele><time>2022-11-25T23:09:29Z</time></trkpt><trkpt lat="33.8398796" lon="133.3058705"><ele>1251.4666666666667</ele><time>2022-11-25T23:09:52Z</time></trkpt><trkpt lat="33.8397242" lon="133.3057432"><ele>1254.39</ele><time>2022-11-25T23:10:09Z</time></trkpt><trkpt lat="33.8395635" lon="133.3056376"><ele>1256.8933333333332</ele><time>2022-11-25T23:10:45Z</time></trkpt><trkpt lat="33.8393847" lon="133.305586"><ele>1258.9266666666667</ele><time>2022-11-25T23:10:58Z</time></trkpt><trkpt lat="33.8392056" lon="133.3055475"><ele>1261.7166666666667</ele><time>2022-11-25T23:11:48Z</time></trkpt><trkpt lat="33.839024" lon="133.3055606"><ele>1266.42</ele><time>2022-11-25T23:12:15Z</time></trkpt><trkpt lat="33.838843" lon="133.3055596"><ele>1272.0466666666666</ele><time>2022-11-25T23:13:12Z</time></trkpt><trkpt lat="33.8386534" lon="133.3055843"><ele>1278.8566666666666</ele><time>2022-11-25T23:14:15Z</time></trkpt><trkpt lat="33.8384693" lon="133.3055475"><ele>1285.67</ele><time>2022-11-25T23:14:32Z</time></trkpt><trkpt lat="33.8382839" lon="133.305567"><ele>1292.7633333333333</ele><time>2022-11-25T23:15:56Z</time></trkpt><trkpt lat="33.8381001" lon="133.3055793"><ele>1300.0366666666666</ele><time>2022-11-25T23:16:17Z</time></trkpt><trkpt lat="33.8379169" lon="133.3055459"><ele>1305.9066666666668</ele><time>2022-11-25T23:17:55Z</time></trkpt><trkpt lat="33.8377411" lon="133.3054954"><ele>1312.49</ele><time>2022-11-25T23:18:33Z</time></trkpt><trkpt lat="33.8375633" lon="133.305444"><ele>1318.13</ele><time>2022-11-25T23:19:05Z</time></trkpt><trkpt lat="33.8373786" lon="133.305444"><ele>1325.4533333333331</ele><time>2022-11-25T23:20:32Z</time></trkpt><trkpt lat="33.8371998" lon="133.3054043"><ele>1332.9266666666665</ele><time>2022-11-25T23:20:50Z</time></trkpt><trkpt lat="33.8370263" lon="133.3054634"><ele>1342.57</ele><time>2022-11-25T23:22:05Z</time></trkpt><trkpt lat="33.8368509" lon="133.3055179"><ele>1352.14</ele><time>2022-11-25T23:23:34Z</time></trkpt><trkpt lat="33.8366696" lon="133.3055295"><ele>1361.64</ele><time>2022-11-25T23:24:46Z</time></trkpt><trkpt lat="33.8364942" lon="133.3055907"><ele>1370.2933333333333</ele><time>2022-11-25T23:26:14Z</time></trkpt><trkpt lat="33.8363169" lon="133.3056739"><ele>1380.6900000000003</ele><time>2022-11-25T23:28:10Z</time></trkpt><trkpt lat="33.8361444" lon="133.3057489"><ele>1392.5333333333335</ele><time>2022-11-25T23:28:41Z</time></trkpt><trkpt lat="33.8359607" lon="133.3057969"><ele>1406.1900000000003</ele><time>2022-11-25T23:30:27Z</time></trkpt><trkpt lat="33.8358206" lon="133.3059359"><ele>1418.3233333333335</ele><time>2022-11-25T23:32:25Z</time></trkpt><trkpt lat="33.8356767" lon="133.3060777"><ele>1429.5933333333335</ele><time>2022-11-25T23:32:48Z</time></trkpt><trkpt lat="33.8355427" lon="133.30623"><ele>1438.706666666667</ele><time>2022-11-25T23:33:44Z</time></trkpt><trkpt lat="33.8354077" lon="133.3063766"><ele>1447.1933333333334</ele><time>2022-11-25T23:34:29Z</time></trkpt><trkpt lat="33.8352266" lon="133.3064209"><ele>1455.7333333333333</ele><time>2022-11-25T23:36:32Z</time></trkpt><trkpt lat="33.8350326" lon="133.3063981"><ele>1463.86</ele><time>2022-11-25T23:38:30Z</time></trkpt><trkpt lat="33.8350424" lon="133.3061786"><ele>1470.97</ele><time>2022-11-25T23:39:32Z</time></trkpt><trkpt lat="33.8351336" lon="133.3059882"><ele>1473.8400000000001</ele><time>2022-11-25T23:41:19Z</time></trkpt><trkpt lat="33.8351043" lon="133.3057718"><ele>1475.1766666666665</ele><time>2022-11-25T23:41:36Z</time></trkpt><trkpt lat="33.8350268" lon="133.3055739"><ele>1474.8</ele><time>2022-11-25T23:42:08Z</time></trkpt><trkpt lat="33.8349664" lon="133.3053691"><ele>1474.9800000000002</ele><time>2022-11-25T23:49:38Z</time></trkpt><trkpt lat="33.8348971" lon="133.3051487"><ele>1473.6133333333335</ele><time>2022-11-25T23:49:55Z</time></trkpt><trkpt lat="33.8348275" lon="133.3049395"><ele>1472.6366666666665</ele><time>2022-11-25T23:50:46Z</time></trkpt><trkpt lat="33.8346825" lon="133.3048058"><ele>1472.1866666666665</ele><time>2022-11-25T23:51:03Z</time></trkpt><trkpt lat="33.834542" lon="133.304667"><ele>1471.92</ele><time>2022-11-25T23:51:20Z</time></trkpt><trkpt lat="33.8344506" lon="133.3044735"><ele>1471.12</ele><time>2022-11-25T23:51:48Z</time></trkpt><trkpt lat="33.8343813" lon="133.304269"><ele>1469.2266666666667</ele><time>2022-11-25T23:53:42Z</time></trkpt><trkpt lat="33.834289" lon="133.3040806"><ele>1466.1000000000001</ele><time>2022-11-25T23:54:00Z</time></trkpt><trkpt lat="33.8341436" lon="133.303943"><ele>1461.8766666666668</ele><time>2022-11-25T23:54:25Z</time></trkpt><trkpt lat="33.8340706" lon="133.3037411"><ele>1456.9566666666667</ele><time>2022-11-25T23:54:47Z</time></trkpt><trkpt lat="33.8339465" lon="133.3035773"><ele>1451.3566666666666</ele><time>2022-11-25T23:55:11Z</time></trkpt><trkpt lat="33.8337971" lon="133.3034496"><ele>1446.1899999999998</ele><time>2022-11-25T23:55:31Z</time></trkpt><trkpt lat="33.8337216" lon="133.3032492"><ele>1444.1499999999999</ele><time>2022-11-25T23:55:52Z</time></trkpt><trkpt lat="33.8335602" lon="133.3031264"><ele>1447.3633333333335</ele><time>2022-11-25T23:56:18Z</time></trkpt><trkpt lat="33.833483" lon="133.3029306"><ele>1453.6866666666665</ele><time>2022-11-25T23:57:33Z</time></trkpt><trkpt lat="33.8333814" lon="133.3027499"><ele>1459.4333333333334</ele><time>2022-11-25T23:57:49Z</time></trkpt><trkpt lat="33.8332829" lon="133.302551"><ele>1462.6433333333334</ele><time>2022-11-25T23:58:07Z</time></trkpt><trkpt lat="33.833201" lon="133.3023561"><ele>1463.99</ele><time>2022-11-25T23:58:22Z</time></trkpt><trkpt lat="33.8330759" lon="133.3021915"><ele>1466.13</ele><time>2022-11-25T23:58:52Z</time></trkpt><trkpt lat="33.8329808" lon="133.3020071"><ele>1468.8833333333332</ele><time>2022-11-25T23:59:36Z</time></trkpt><trkpt lat="33.8329196" lon="133.301793"><ele>1471.2466666666667</ele><time>2022-11-25T23:59:51Z</time></trkpt><trkpt lat="33.8328621" lon="133.3015851"><ele>1471.8700000000001</ele><time>2022-11-26T00:00:13Z</time></trkpt><trkpt lat="33.8328191" lon="133.3013709"><ele>1471.0566666666666</ele><time>2022-11-26T00:00:34Z</time></trkpt><trkpt lat="33.8327544" lon="133.3011655"><ele>1470.2066666666667</ele><time>2022-11-26T00:00:50Z</time></trkpt><trkpt lat="33.832636" lon="133.3009887"><ele>1468.7300000000002</ele><time>2022-11-26T00:01:33Z</time></trkpt><trkpt lat="33.8325026" lon="133.3008432"><ele>1469.4166666666667</ele><time>2022-11-26T00:02:04Z</time></trkpt><trkpt lat="33.8324112" lon="133.3006544"><ele>1473.5</ele><time>2022-11-26T00:02:57Z</time></trkpt><trkpt lat="33.8323266" lon="133.3004587"><ele>1480.1433333333334</ele><time>2022-11-26T00:03:27Z</time></trkpt><trkpt lat="33.8322495" lon="133.3002598"><ele>1486.0266666666666</ele><time>2022-11-26T00:03:45Z</time></trkpt><trkpt lat="33.8322086" lon="133.300045"><ele>1489.2966666666669</ele><time>2022-11-26T00:04:09Z</time></trkpt><trkpt lat="33.8321395" lon="133.2998402"><ele>1490.6133333333335</ele><time>2022-11-26T00:04:29Z</time></trkpt><trkpt lat="33.8320566" lon="133.2996456"><ele>1491.9800000000002</ele><time>2022-11-26T00:04:51Z</time></trkpt><trkpt lat="33.8320471" lon="133.2994262"><ele>1493.0133333333333</ele><time>2022-11-26T00:05:12Z</time></trkpt><trkpt lat="33.832053" lon="133.299207"><ele>1494.3333333333333</ele><time>2022-11-26T00:05:38Z</time></trkpt><trkpt lat="33.8319427" lon="133.2990341"><ele>1496.0466666666669</ele><time>2022-11-26T00:07:25Z</time></trkpt><trkpt lat="33.8318901" lon="133.2988268"><ele>1499.83</ele><time>2022-11-26T00:08:04Z</time></trkpt><trkpt lat="33.8318294" lon="133.2986205"><ele>1505.8433333333332</ele><time>2022-11-26T00:08:29Z</time></trkpt><trkpt lat="33.8317709" lon="133.2984149"><ele>1512.4866666666667</ele><time>2022-11-26T00:09:20Z</time></trkpt><trkpt lat="33.8317001" lon="133.2982149"><ele>1519.4566666666667</ele><time>2022-11-26T00:10:00Z</time></trkpt><trkpt lat="33.8316557" lon="133.2979973"><ele>1525.7333333333336</ele><time>2022-11-26T00:10:40Z</time></trkpt><trkpt lat="33.8315925" lon="133.2977946"><ele>1532.5133333333333</ele><time>2022-11-26T00:10:56Z</time></trkpt><trkpt lat="33.8315459" lon="133.2975816"><ele>1538.3</ele><time>2022-11-26T00:11:53Z</time></trkpt><trkpt lat="33.8315064" lon="133.2973616"><ele>1544.7533333333333</ele><time>2022-11-26T00:12:18Z</time></trkpt><trkpt lat="33.831441" lon="133.2971589"><ele>1550.1499999999999</ele><time>2022-11-26T00:13:07Z</time></trkpt><trkpt lat="33.8313494" lon="133.2969683"><ele>1556.6899999999998</ele><time>2022-11-26T00:14:39Z</time></trkpt><trkpt lat="33.8312656" lon="133.2967699"><ele>1563.9166666666667</ele><time>2022-11-26T00:15:05Z</time></trkpt><trkpt lat="33.8312567" lon="133.2965493"><ele>1570.6833333333334</ele><time>2022-11-26T00:15:40Z</time></trkpt><trkpt lat="33.831214" lon="133.2963388"><ele>1576.5466666666669</ele><time>2022-11-26T00:16:10Z</time></trkpt><trkpt lat="33.831103" lon="133.296166"><ele>1581.5666666666666</ele><time>2022-11-26T00:16:44Z</time></trkpt><trkpt lat="33.8310055" lon="133.2959839"><ele>1587.4899999999998</ele><time>2022-11-26T00:17:43Z</time></trkpt><trkpt lat="33.8309385" lon="133.2957733"><ele>1594.03</ele><time>2022-11-26T00:18:41Z</time></trkpt><trkpt lat="33.8308245" lon="133.2956036"><ele>1601.92</ele><time>2022-11-26T00:20:05Z</time></trkpt><trkpt lat="33.8307165" lon="133.2954292"><ele>1610.03</ele><time>2022-11-26T00:20:35Z</time></trkpt><trkpt lat="33.8306303" lon="133.2952386"><ele>1618.36</ele><time>2022-11-26T00:21:35Z</time></trkpt><trkpt lat="33.8304866" lon="133.2951013"><ele>1626.0900000000001</ele><time>2022-11-26T00:22:10Z</time></trkpt><trkpt lat="33.83038" lon="133.2949253"><ele>1633.86</ele><time>2022-11-26T00:23:23Z</time></trkpt><trkpt lat="33.8302358" lon="133.2947916"><ele>1642.756666666667</ele><time>2022-11-26T00:24:10Z</time></trkpt><trkpt lat="33.8301421" lon="133.2946031"><ele>1652.4033333333334</ele><time>2022-11-26T00:25:44Z</time></trkpt><trkpt lat="33.8301582" lon="133.2943763"><ele>1661.8633333333335</ele><time>2022-11-26T00:26:14Z</time></trkpt><trkpt lat="33.8300598" lon="133.294195"><ele>1670.1166666666668</ele><time>2022-11-26T00:26:40Z</time></trkpt><trkpt lat="33.829973" lon="133.294001"><ele>1675.5866666666668</ele><time>2022-11-26T00:27:16Z</time></trkpt><trkpt lat="33.8297952" lon="133.2939551"><ele>1680.9433333333334</ele><time>2022-11-26T00:28:29Z</time></trkpt><trkpt lat="33.8296221" lon="133.2938929"><ele>1686.1633333333332</ele><time>2022-11-26T00:29:13Z</time></trkpt><trkpt lat="33.8294434" lon="133.2938323"><ele>1692.42</ele><time>2022-11-26T00:29:53Z</time></trkpt><trkpt lat="33.8292773" lon="133.2937481"><ele>1699.3566666666666</ele><time>2022-11-26T00:30:23Z</time></trkpt><trkpt lat="33.829106" lon="133.2936792"><ele>1706.2766666666666</ele><time>2022-11-26T00:31:16Z</time></trkpt><trkpt lat="33.8289294" lon="133.29363"><ele>1712.8866666666665</ele><time>2022-11-26T00:31:47Z</time></trkpt><trkpt lat="33.8287335" lon="133.2936118"><ele>1718.1566666666665</ele><time>2022-11-26T00:42:27Z</time></trkpt><trkpt lat="33.8285796" lon="133.2937377"><ele>1719.1733333333334</ele><time>2022-11-26T00:42:34Z</time></trkpt><trkpt lat="33.8284384" lon="133.2938787"><ele>1716.4099999999999</ele><time>2022-11-26T00:42:43Z</time></trkpt><trkpt lat="33.8282753" lon="133.2939966"><ele>1710.3866666666665</ele><time>2022-11-26T00:42:52Z</time></trkpt><trkpt lat="33.8281626" lon="133.2941704"><ele>1704.24</ele><time>2022-11-26T00:43:10Z</time></trkpt><trkpt lat="33.8280239" lon="133.2943155"><ele>1697.4666666666665</ele><time>2022-11-26T00:43:28Z</time></trkpt><trkpt lat="33.8279467" lon="133.2945131"><ele>1690.07</ele><time>2022-11-26T00:43:44Z</time></trkpt><trkpt lat="33.8281097" lon="133.2944011"><ele>1685.9766666666667</ele><time>2022-11-26T00:43:49Z</time></trkpt><trkpt lat="33.8279761" lon="133.2945497"><ele>1682.0633333333335</ele><time>2022-11-26T00:44:09Z</time></trkpt><trkpt lat="33.827844" lon="133.2947054"><ele>1679.49</ele><time>2022-11-26T00:44:20Z</time></trkpt><trkpt lat="33.8277362" lon="133.29488"><ele>1673.7</ele><time>2022-11-26T00:44:33Z</time></trkpt><trkpt lat="33.8275917" lon="133.2950223"><ele>1669.13</ele><time>2022-11-26T00:44:46Z</time></trkpt><trkpt lat="33.8275121" lon="133.2952181"><ele>1664.3466666666666</ele><time>2022-11-26T00:45:01Z</time></trkpt><trkpt lat="33.8273851" lon="133.2953829"><ele>1659.64</ele><time>2022-11-26T00:45:16Z</time></trkpt><trkpt lat="33.8272684" lon="133.2955482"><ele>1654.8666666666668</ele><time>2022-11-26T00:45:25Z</time></trkpt><trkpt lat="33.8271525" lon="133.2957203"><ele>1650.4833333333336</ele><time>2022-11-26T00:45:38Z</time></trkpt><trkpt lat="33.8271064" lon="133.2959318"><ele>1646.7266666666667</ele><time>2022-11-26T00:46:05Z</time></trkpt><trkpt lat="33.8269861" lon="133.2960982"><ele>1644.33</ele><time>2022-11-26T00:46:20Z</time></trkpt><trkpt lat="33.8268794" lon="133.2962728"><ele>1642.2133333333334</ele><time>2022-11-26T00:46:45Z</time></trkpt><trkpt lat="33.8268069" lon="133.2964723"><ele>1640.0</ele><time>2022-11-26T00:46:59Z</time></trkpt><trkpt lat="33.8266772" lon="133.2966236"><ele>1636.6866666666667</ele><time>2022-11-26T00:47:16Z</time></trkpt><trkpt lat="33.8265131" lon="133.2967132"><ele>1633.6566666666665</ele><time>2022-11-26T00:47:28Z</time></trkpt><trkpt lat="33.8263787" lon="133.2968589"><ele>1630.8833333333332</ele><time>2022-11-26T00:47:41Z</time></trkpt><trkpt lat="33.8262765" lon="133.2970424"><ele>1626.9633333333334</ele><time>2022-11-26T00:47:59Z</time></trkpt><trkpt lat="33.8261278" lon="133.2971751"><ele>1623.1733333333332</ele><time>2022-11-26T00:48:23Z</time></trkpt><trkpt lat="33.8259975" lon="133.2973252"><ele>1619.4899999999998</ele><time>2022-11-26T00:51:11Z</time></trkpt><trkpt lat="33.8259033" lon="133.2975255"><ele>1618.0200000000002</ele><time>2022-11-26T00:51:32Z</time></trkpt><trkpt lat="33.8257921" lon="133.2977054"><ele>1616.7733333333333</ele><time>2022-11-26T00:51:45Z</time></trkpt><trkpt lat="33.8257272" lon="133.2979093"><ele>1615.6133333333335</ele><time>2022-11-26T00:52:05Z</time></trkpt><trkpt lat="33.8256473" lon="133.2981109"><ele>1614.9133333333332</ele><time>2022-11-26T00:52:23Z</time></trkpt><trkpt lat="33.825511" lon="133.2982557"><ele>1613.9766666666667</ele><time>2022-11-26T00:52:39Z</time></trkpt><trkpt lat="33.8254304" lon="133.2984563"><ele>1613.9966666666667</ele><time>2022-11-26T00:52:53Z</time></trkpt><trkpt lat="33.8253583" lon="133.2986599"><ele>1613.5733333333335</ele><time>2022-11-26T00:53:09Z</time></trkpt><trkpt lat="33.8252611" lon="133.298848"><ele>1613.1433333333334</ele><time>2022-11-26T00:53:27Z</time></trkpt><trkpt lat="33.8252286" lon="133.2990671"><ele>1612.243333333333</ele><time>2022-11-26T00:53:43Z</time></trkpt><trkpt lat="33.8251563" lon="133.2992864"><ele>1611.4400000000003</ele><time>2022-11-26T00:53:58Z</time></trkpt><trkpt lat="33.8250747" lon="133.2994837"><ele>1611.006666666667</ele><time>2022-11-26T00:54:17Z</time></trkpt><trkpt lat="33.8250438" lon="133.299699"><ele>1610.456666666667</ele><time>2022-11-26T00:54:31Z</time></trkpt><trkpt lat="33.824996" lon="133.2999137"><ele>1608.7033333333336</ele><time>2022-11-26T00:54:45Z</time></trkpt><trkpt lat="33.8248621" lon="133.3000642"><ele>1606.3566666666668</ele><time>2022-11-26T00:54:58Z</time></trkpt><trkpt lat="33.8247041" lon="133.3001811"><ele>1604.8200000000004</ele><time>2022-11-26T00:55:13Z</time></trkpt><trkpt lat="33.8245598" lon="133.3003145"><ele>1604.5033333333333</ele><time>2022-11-26T00:55:33Z</time></trkpt><trkpt lat="33.8244896" lon="133.3005156"><ele>1604.4266666666665</ele><time>2022-11-26T00:55:51Z</time></trkpt><trkpt lat="33.8244055" lon="133.3007125"><ele>1603.6666666666667</ele><time>2022-11-26T00:56:07Z</time></trkpt><trkpt lat="33.8242776" lon="133.3008722"><ele>1602.8666666666668</ele><time>2022-11-26T00:56:20Z</time></trkpt><trkpt lat="33.8241954" lon="133.3010658"><ele>1602.17</ele><time>2022-11-26T00:56:36Z</time></trkpt><trkpt lat="33.824057" lon="133.3012043"><ele>1601.1466666666668</ele><time>2022-11-26T00:56:54Z</time></trkpt><trkpt lat="33.8238673" lon="133.3011989"><ele>1600.14</ele><time>2022-11-26T00:57:08Z</time></trkpt><trkpt lat="33.8237295" lon="133.3013471"><ele>1596.716666666667</ele><time>2022-11-26T00:57:28Z</time></trkpt><trkpt lat="33.8235715" lon="133.3014556"><ele>1593.0166666666667</ele><time>2022-11-26T00:57:46Z</time></trkpt><trkpt lat="33.82345" lon="133.3016206"><ele>1587.72</ele><time>2022-11-26T00:58:02Z</time></trkpt><trkpt lat="33.8233177" lon="133.3017675"><ele>1583.4633333333331</ele><time>2022-11-26T00:58:21Z</time></trkpt><trkpt lat="33.823218" lon="133.3019513"><ele>1579.4433333333334</ele><time>2022-11-26T00:58:40Z</time></trkpt><trkpt lat="33.8231208" lon="133.302136"><ele>1576.9166666666667</ele><time>2022-11-26T00:59:15Z</time></trkpt><trkpt lat="33.823049" lon="133.3023365"><ele>1576.07</ele><time>2022-11-26T00:59:43Z</time></trkpt><trkpt lat="33.8228868" lon="133.3024323"><ele>1575.6633333333332</ele><time>2022-11-26T01:00:02Z</time></trkpt><trkpt lat="33.8227398" lon="133.3025646"><ele>1574.5033333333333</ele><time>2022-11-26T01:00:45Z</time></trkpt><trkpt lat="33.8225773" lon="133.302661"><ele>1573.4433333333334</ele><time>2022-11-26T01:01:15Z</time></trkpt><trkpt lat="33.8224446" lon="133.3028083"><ele>1571.9533333333331</ele><time>2022-11-26T01:01:32Z</time></trkpt><trkpt lat="33.8222997" lon="133.3029408"><ele>1571.79</ele><time>2022-11-26T01:01:47Z</time></trkpt><trkpt lat="33.8221655" lon="133.3030884"><ele>1571.29</ele><time>2022-11-26T01:02:01Z</time></trkpt><trkpt lat="33.8220858" lon="133.30329"><ele>1571.2266666666667</ele><time>2022-11-26T01:02:12Z</time></trkpt><trkpt lat="33.8219455" lon="133.3034326"><ele>1570.5466666666669</ele><time>2022-11-26T01:02:26Z</time></trkpt><trkpt lat="33.8217954" lon="133.3035572"><ele>1568.8266666666666</ele><time>2022-11-26T01:02:44Z</time></trkpt><trkpt lat="33.8216699" lon="133.3037225"><ele>1566.6733333333334</ele><time>2022-11-26T01:02:56Z</time></trkpt><trkpt lat="33.8215421" lon="133.3038803"><ele>1563.9800000000002</ele><time>2022-11-26T01:03:12Z</time></trkpt><trkpt lat="33.821396" lon="133.3040087"><ele>1561.1766666666665</ele><time>2022-11-26T01:03:26Z</time></trkpt><trkpt lat="33.8212382" lon="133.3041234"><ele>1557.83</ele><time>2022-11-26T01:04:17Z</time></trkpt><trkpt lat="33.8210863" lon="133.304247"><ele>1554.0166666666667</ele><time>2022-11-26T01:04:53Z</time></trkpt><trkpt lat="33.8209441" lon="133.3043801"><ele>1551.7933333333333</ele><time>2022-11-26T01:08:04Z</time></trkpt><trkpt lat="33.8207835" lon="133.3045109"><ele>1551.4466666666667</ele><time>2022-11-26T01:08:21Z</time></trkpt><trkpt lat="33.8206305" lon="133.3046285"><ele>1554.33</ele><time>2022-11-26T01:08:37Z</time></trkpt><trkpt lat="33.8204674" lon="133.3047297"><ele>1558.0766666666666</ele><time>2022-11-26T01:09:25Z</time></trkpt><trkpt lat="33.8204076" lon="133.3049351"><ele>1561.426666666667</ele><time>2022-11-26T01:09:51Z</time></trkpt><trkpt lat="33.8202956" lon="133.3051085"><ele>1564.0933333333332</ele><time>2022-11-26T01:10:18Z</time></trkpt><trkpt lat="33.8201863" lon="133.3052809"><ele>1566.9133333333332</ele><time>2022-11-26T01:10:37Z</time></trkpt><trkpt lat="33.8200595" lon="133.3054443"><ele>1571.5100000000002</ele><time>2022-11-26T01:11:00Z</time></trkpt><trkpt lat="33.8199785" lon="133.3056382"><ele>1576.573333333333</ele><time>2022-11-26T01:11:23Z</time></trkpt><trkpt lat="33.8198243" lon="133.3057607"><ele>1582.8433333333332</ele><time>2022-11-26T01:12:07Z</time></trkpt><trkpt lat="33.8197063" lon="133.3059323"><ele>1588.9399999999998</ele><time>2022-11-26T01:12:55Z</time></trkpt><trkpt lat="33.8197525" lon="133.3061631"><ele>1590.5833333333333</ele><time>2022-11-26T01:13:00Z</time></trkpt><trkpt lat="33.8195703" lon="133.3061781"><ele>1596.25</ele><time>2022-11-26T01:15:20Z</time></trkpt><trkpt lat="33.8194479" lon="133.3063503"><ele>1601.3733333333332</ele><time>2022-11-26T01:15:40Z</time></trkpt><trkpt lat="33.8193448" lon="133.3065294"><ele>1611.38</ele><time>2022-11-26T01:20:24Z</time></trkpt><trkpt lat="33.819194" lon="133.3066489"><ele>1616.7033333333331</ele><time>2022-11-26T01:20:43Z</time></trkpt><trkpt lat="33.819022" lon="133.3067209"><ele>1622.46</ele><time>2022-11-26T01:21:42Z</time></trkpt><trkpt lat="33.8188424" lon="133.3067732"><ele>1628.5433333333333</ele><time>2022-11-26T01:22:14Z</time></trkpt><trkpt lat="33.8186609" lon="133.3068204"><ele>1636.2</ele><time>2022-11-26T01:22:36Z</time></trkpt><trkpt lat="33.8184842" lon="133.3069152"><ele>1643.5833333333333</ele><time>2022-11-26T01:23:41Z</time></trkpt><trkpt lat="33.8183564" lon="133.3070706"><ele>1649.29</ele><time>2022-11-26T01:24:17Z</time></trkpt><trkpt lat="33.8182403" lon="133.3072502"><ele>1648.986666666667</ele><time>2022-11-26T01:24:34Z</time></trkpt><trkpt lat="33.8181071" lon="133.3074006"><ele>1649.6666666666667</ele><time>2022-11-26T01:24:50Z</time></trkpt><trkpt lat="33.8179631" lon="133.3075432"><ele>1649.8233333333335</ele><time>2022-11-26T01:25:12Z</time></trkpt><trkpt lat="33.8178047" lon="133.3076492"><ele>1655.0533333333333</ele><time>2022-11-26T01:25:29Z</time></trkpt><trkpt lat="33.8176926" lon="133.3078278"><ele>1657.2733333333333</ele><time>2022-11-26T01:25:45Z</time></trkpt><trkpt lat="33.8176062" lon="133.3080236"><ele>1657.3366666666668</ele><time>2022-11-26T01:26:21Z</time></trkpt><trkpt lat="33.8174993" lon="133.3082008"><ele>1656.38</ele><time>2022-11-26T01:26:37Z</time></trkpt><trkpt lat="33.817394" lon="133.3083792"><ele>1656.4733333333334</ele><time>2022-11-26T01:27:00Z</time></trkpt><trkpt lat="33.8172971" lon="133.3085656"><ele>1660.2766666666666</ele><time>2022-11-26T01:27:18Z</time></trkpt><trkpt lat="33.8172089" lon="133.3087551"><ele>1662.8266666666666</ele><time>2022-11-26T01:27:44Z</time></trkpt><trkpt lat="33.8171144" lon="133.3089424"><ele>1666.32</ele><time>2022-11-26T01:28:06Z</time></trkpt><trkpt lat="33.817014" lon="133.3091283"><ele>1670.3000000000002</ele><time>2022-11-26T01:28:40Z</time></trkpt><trkpt lat="33.8168922" lon="133.3092889"><ele>1675.7633333333333</ele><time>2022-11-26T01:29:21Z</time></trkpt><trkpt lat="33.8167358" lon="133.3093996"><ele>1682.1233333333332</ele><time>2022-11-26T01:29:45Z</time></trkpt><trkpt lat="33.8165765" lon="133.3095038"><ele>1687.4366666666665</ele><time>2022-11-26T01:30:54Z</time></trkpt><trkpt lat="33.8164667" lon="133.3096842"><ele>1694.47</ele><time>2022-11-26T01:31:58Z</time></trkpt><trkpt lat="33.8163446" lon="133.3098434"><ele>1701.42</ele><time>2022-11-26T01:33:14Z</time></trkpt><trkpt lat="33.8162882" lon="133.3100489"><ele>1708.39</ele><time>2022-11-26T01:34:01Z</time></trkpt><trkpt lat="33.8161235" lon="133.3101445"><ele>1715.1566666666668</ele><time>2022-11-26T01:35:18Z</time></trkpt><trkpt lat="33.8159591" lon="133.3100486"><ele>1721.95</ele><time>2022-11-26T01:36:02Z</time></trkpt><trkpt lat="33.8159448" lon="133.3102664"><ele>1727.8066666666666</ele><time>2022-11-26T01:43:26Z</time></trkpt><trkpt lat="33.8159355" lon="133.3104851"><ele>1730.33</ele><time>2022-11-26T01:43:45Z</time></trkpt><trkpt lat="33.8159575" lon="133.3107033"><ele>1729.61</ele><time>2022-11-26T01:44:08Z</time></trkpt><trkpt lat="33.8160349" lon="133.3109094"><ele>1727.6033333333332</ele><time>2022-11-26T01:45:00Z</time></trkpt><trkpt lat="33.8161122" lon="133.3111073"><ele>1724.6266666666668</ele><time>2022-11-26T01:45:27Z</time></trkpt><trkpt lat="33.8160627" lon="133.3113178"><ele>1723.2300000000002</ele><time>2022-11-26T01:45:48Z</time></trkpt><trkpt lat="33.81606" lon="133.3115394"><ele>1721.89</ele><time>2022-11-26T01:46:45Z</time></trkpt><trkpt lat="33.81607" lon="133.3117585"><ele>1721.22</ele><time>2022-11-26T01:46:56Z</time></trkpt><trkpt lat="33.8160228" lon="133.3119838"><ele>1718.0833333333333</ele><time>2022-11-26T01:47:10Z</time></trkpt><trkpt lat="33.8160493" lon="133.3121988"><ele>1716.08</ele><time>2022-11-26T01:47:38Z</time></trkpt><trkpt lat="33.8160474" lon="133.3124158"><ele>1713.22</ele><time>2022-11-26T01:48:01Z</time></trkpt><trkpt lat="33.8160043" lon="133.3126267"><ele>1710.6366666666665</ele><time>2022-11-26T01:48:27Z</time></trkpt><trkpt lat="33.8160283" lon="133.3128443"><ele>1704.5666666666666</ele><time>2022-11-26T01:49:04Z</time></trkpt><trkpt lat="33.8160288" lon="133.3130638"><ele>1696.8566666666666</ele><time>2022-11-26T01:49:28Z</time></trkpt><trkpt lat="33.8159749" lon="133.3132724"><ele>1689.03</ele><time>2022-11-26T01:49:55Z</time></trkpt><trkpt lat="33.8159506" lon="133.3134908"><ele>1683.4366666666665</ele><time>2022-11-26T01:50:58Z</time></trkpt><trkpt lat="33.8159009" lon="133.3137076"><ele>1679.6966666666667</ele><time>2022-11-26T01:51:10Z</time></trkpt><trkpt lat="33.8159251" lon="133.3139224"><ele>1677.1266666666668</ele><time>2022-11-26T01:51:22Z</time></trkpt><trkpt lat="33.8159167" lon="133.3141447"><ele>1674.9133333333332</ele><time>2022-11-26T01:51:41Z</time></trkpt><trkpt lat="33.8159413" lon="133.314359"><ele>1673.4099999999999</ele><time>2022-11-26T01:52:40Z</time></trkpt><trkpt lat="33.8159198" lon="133.3145833"><ele>1671.426666666667</ele><time>2022-11-26T01:53:01Z</time></trkpt><trkpt lat="33.8159361" lon="133.3148028"><ele>1667.993333333333</ele><time>2022-11-26T01:53:33Z</time></trkpt><trkpt lat="33.8159284" lon="133.3150233"><ele>1664.1933333333334</ele><time>2022-11-26T01:54:04Z</time></trkpt><trkpt lat="33.8159373" lon="133.3152392"><ele>1660.68</ele><time>2022-11-26T01:54:31Z</time></trkpt><trkpt lat="33.8159651" lon="133.3154628"><ele>1659.4966666666667</ele><time>2022-11-26T01:54:57Z</time></trkpt><trkpt lat="33.8159889" lon="133.3156861"><ele>1656.5866666666668</ele><time>2022-11-26T01:55:25Z</time></trkpt><trkpt lat="33.8159881" lon="133.3159057"><ele>1652.7033333333336</ele><time>2022-11-26T01:55:43Z</time></trkpt><trkpt lat="33.8160067" lon="133.3161273"><ele>1647.3</ele><time>2022-11-26T01:56:17Z</time></trkpt><trkpt lat="33.8159548" lon="133.3163351"><ele>1644.2433333333336</ele><time>2022-11-26T01:56:28Z</time></trkpt><trkpt lat="33.815958" lon="133.3165547"><ele>1642.8999999999999</ele><time>2022-11-26T01:56:46Z</time></trkpt><trkpt lat="33.8158987" lon="133.3167711"><ele>1642.9333333333334</ele><time>2022-11-26T01:57:16Z</time></trkpt><trkpt lat="33.8158969" lon="133.3169897"><ele>1643.0733333333335</ele><time>2022-11-26T01:57:31Z</time></trkpt><trkpt lat="33.8158955" lon="133.317207"><ele>1643.2333333333336</ele><time>2022-11-26T01:57:48Z</time></trkpt><trkpt lat="33.8159605" lon="133.3174095"><ele>1643.7766666666666</ele><time>2022-11-26T01:58:11Z</time></trkpt><trkpt lat="33.8159416" lon="133.3176516"><ele>1646.0200000000002</ele><time>2022-11-26T01:58:31Z</time></trkpt><trkpt lat="33.8159323" lon="133.3178767"><ele>1649.6933333333334</ele><time>2022-11-26T01:58:56Z</time></trkpt><trkpt lat="33.8159138" lon="133.3180951"><ele>1655.0966666666666</ele><time>2022-11-26T01:59:34Z</time></trkpt><trkpt lat="33.815913" lon="133.3183121"><ele>1659.8933333333334</ele><time>2022-11-26T02:00:04Z</time></trkpt><trkpt lat="33.815947" lon="133.3185261"><ele>1664.61</ele><time>2022-11-26T02:00:29Z</time></trkpt><trkpt lat="33.8159728" lon="133.318749"><ele>1667.72</ele><time>2022-11-26T02:00:56Z</time></trkpt><trkpt lat="33.8160577" lon="133.3189503"><ele>1669.83</ele><time>2022-11-26T02:01:21Z</time></trkpt><trkpt lat="33.8160724" lon="133.3191817"><ele>1670.1566666666668</ele><time>2022-11-26T02:01:41Z</time></trkpt><trkpt lat="33.816061" lon="133.3193973"><ele>1668.9399999999998</ele><time>2022-11-26T02:01:57Z</time></trkpt><trkpt lat="33.8160246" lon="133.3196251"><ele>1666.4533333333336</ele><time>2022-11-26T02:02:21Z</time></trkpt><trkpt lat="33.8159376" lon="133.3198205"><ele>1664.5533333333333</ele><time>2022-11-26T02:02:41Z</time></trkpt><trkpt lat="33.8158834" lon="133.3200348"><ele>1663.4966666666667</ele><time>2022-11-26T02:02:59Z</time></trkpt><trkpt lat="33.8158328" lon="133.3202528"><ele>1663.7066666666667</ele><time>2022-11-26T02:03:27Z</time></trkpt><trkpt lat="33.815845" lon="133.3204684"><ele>1663.033333333333</ele><time>2022-11-26T02:03:58Z</time></trkpt><trkpt lat="33.8157309" lon="133.3206366"><ele>1663.0133333333333</ele><time>2022-11-26T02:04:16Z</time></trkpt><trkpt lat="33.8157011" lon="133.3208552"><ele>1662.64</ele><time>2022-11-26T02:04:54Z</time></trkpt><trkpt lat="33.8156733" lon="133.3210732"><ele>1662.3733333333337</ele><time>2022-11-26T02:05:10Z</time></trkpt><trkpt lat="33.8156377" lon="133.3212892"><ele>1661.9133333333332</ele><time>2022-11-26T02:05:24Z</time></trkpt><trkpt lat="33.8155994" lon="133.3215022"><ele>1661.2633333333333</ele><time>2022-11-26T02:05:41Z</time></trkpt><trkpt lat="33.8155294" lon="133.3217022"><ele>1661.7766666666666</ele><time>2022-11-26T02:05:55Z</time></trkpt><trkpt lat="33.8155046" lon="133.3219181"><ele>1662.2333333333333</ele><time>2022-11-26T02:06:13Z</time></trkpt><trkpt lat="33.8154738" lon="133.3221335"><ele>1663.0233333333335</ele><time>2022-11-26T02:06:30Z</time></trkpt><trkpt lat="33.8154557" lon="133.3223621"><ele>1663.0866666666668</ele><time>2022-11-26T02:06:46Z</time></trkpt><trkpt lat="33.8154266" lon="133.3225794"><ele>1662.9800000000002</ele><time>2022-11-26T02:07:06Z</time></trkpt><trkpt lat="33.815425" lon="133.3227989"><ele>1663.0466666666669</ele><time>2022-11-26T02:08:09Z</time></trkpt><trkpt lat="33.8154172" lon="133.3230151"><ele>1663.3233333333335</ele><time>2022-11-26T02:08:23Z</time></trkpt><trkpt lat="33.8153488" lon="133.323217"><ele>1663.6000000000001</ele><time>2022-11-26T02:08:41Z</time></trkpt><trkpt lat="33.8152621" lon="133.3234069"><ele>1665.4099999999999</ele><time>2022-11-26T02:09:04Z</time></trkpt><trkpt lat="33.8151605" lon="133.3235855"><ele>1669.6666666666667</ele><time>2022-11-26T02:09:53Z</time></trkpt><trkpt lat="33.8150897" lon="133.3237894"><ele>1675.1933333333334</ele><time>2022-11-26T02:10:28Z</time></trkpt><trkpt lat="33.8150769" lon="133.3240107"><ele>1680.45</ele><time>2022-11-26T02:11:03Z</time></trkpt><trkpt lat="33.8150569" lon="133.324227"><ele>1683.51</ele><time>2022-11-26T02:11:19Z</time></trkpt><trkpt lat="33.8149736" lon="133.3244259"><ele>1686.25</ele><time>2022-11-26T02:11:34Z</time></trkpt><trkpt lat="33.8149065" lon="133.3246275"><ele>1688.0633333333335</ele><time>2022-11-26T02:11:51Z</time></trkpt><trkpt lat="33.8149214" lon="133.3248488"><ele>1689.6000000000001</ele><time>2022-11-26T02:12:11Z</time></trkpt><trkpt lat="33.8148698" lon="133.3250591"><ele>1690.0666666666666</ele><time>2022-11-26T02:12:26Z</time></trkpt><trkpt lat="33.8147395" lon="133.3252113"><ele>1690.1533333333334</ele><time>2022-11-26T02:12:43Z</time></trkpt><trkpt lat="33.8146528" lon="133.325403"><ele>1690.2666666666667</ele><time>2022-11-26T02:13:02Z</time></trkpt><trkpt lat="33.8146358" lon="133.3256194"><ele>1690.5433333333333</ele><time>2022-11-26T02:13:20Z</time></trkpt><trkpt lat="33.8146459" lon="133.32585"><ele>1690.8666666666668</ele><time>2022-11-26T02:13:38Z</time></trkpt><trkpt lat="33.8146236" lon="133.3260701"><ele>1691.2766666666666</ele><time>2022-11-26T02:13:56Z</time></trkpt><trkpt lat="33.8145828" lon="133.3262847"><ele>1691.3033333333333</ele><time>2022-11-26T02:14:10Z</time></trkpt><trkpt lat="33.8147243" lon="133.3264198"><ele>1691.1666666666667</ele><time>2022-11-26T02:22:00Z</time></trkpt><trkpt lat="33.8148381" lon="133.3266042"><ele>1688.8233333333335</ele><time>2022-11-26T02:24:05Z</time></trkpt><trkpt lat="33.8149728" lon="133.3267501"><ele>1684.9566666666667</ele><time>2022-11-26T02:24:21Z</time></trkpt><trkpt lat="33.8151195" lon="133.3268794"><ele>1680.2366666666667</ele><time>2022-11-26T02:24:46Z</time></trkpt><trkpt lat="33.8152341" lon="133.3270477"><ele>1675.89</ele><time>2022-11-26T02:25:09Z</time></trkpt><trkpt lat="33.8153708" lon="133.3271938"><ele>1671.91</ele><time>2022-11-26T02:25:28Z</time></trkpt><trkpt lat="33.8155287" lon="133.327312"><ele>1668.1933333333334</ele><time>2022-11-26T02:25:47Z</time></trkpt><trkpt lat="33.815594" lon="133.3275216"><ele>1664.96</ele><time>2022-11-26T02:26:16Z</time></trkpt><trkpt lat="33.8155815" lon="133.3277391"><ele>1661.1833333333334</ele><time>2022-11-26T02:26:32Z</time></trkpt><trkpt lat="33.8156341" lon="133.3279504"><ele>1654.95</ele><time>2022-11-26T02:26:51Z</time></trkpt><trkpt lat="33.8157824" lon="133.3280787"><ele>1649.7333333333333</ele><time>2022-11-26T02:27:26Z</time></trkpt><trkpt lat="33.8159162" lon="133.3282333"><ele>1645.0733333333335</ele><time>2022-11-26T02:28:14Z</time></trkpt><trkpt lat="33.8159951" lon="133.3284354"><ele>1642.2266666666667</ele><time>2022-11-26T02:28:38Z</time></trkpt><trkpt lat="33.8160435" lon="133.3286509"><ele>1638.1233333333337</ele><time>2022-11-26T02:29:10Z</time></trkpt><trkpt lat="33.8161144" lon="133.3288509"><ele>1634.49</ele><time>2022-11-26T02:29:24Z</time></trkpt><trkpt lat="33.8161693" lon="133.3290608"><ele>1629.96</ele><time>2022-11-26T02:29:39Z</time></trkpt><trkpt lat="33.8162867" lon="133.329231"><ele>1625.38</ele><time>2022-11-26T02:29:57Z</time></trkpt><trkpt lat="33.8164227" lon="133.3293784"><ele>1621.0433333333333</ele><time>2022-11-26T02:30:17Z</time></trkpt><trkpt lat="33.81659" lon="133.3294623"><ele>1617.8466666666666</ele><time>2022-11-26T02:30:42Z</time></trkpt><trkpt lat="33.8167473" lon="133.3295821"><ele>1614.2866666666669</ele><time>2022-11-26T02:31:12Z</time></trkpt><trkpt lat="33.8169109" lon="133.3296826"><ele>1609.64</ele><time>2022-11-26T02:31:26Z</time></trkpt><trkpt lat="33.8170758" lon="133.3297752"><ele>1604.6966666666667</ele><time>2022-11-26T02:31:48Z</time></trkpt><trkpt lat="33.8172481" lon="133.3298623"><ele>1600.5600000000002</ele><time>2022-11-26T02:32:29Z</time></trkpt><trkpt lat="33.8174026" lon="133.3299907"><ele>1597.6933333333334</ele><time>2022-11-26T02:32:43Z</time></trkpt><trkpt lat="33.8175315" lon="133.3301477"><ele>1595.5166666666667</ele><time>2022-11-26T02:32:56Z</time></trkpt><trkpt lat="33.8176568" lon="133.3303043"><ele>1594.1966666666667</ele><time>2022-11-26T02:33:12Z</time></trkpt><trkpt lat="33.8177064" lon="133.3305147"><ele>1592.5166666666667</ele><time>2022-11-26T02:33:27Z</time></trkpt><trkpt lat="33.8177936" lon="133.3307039"><ele>1590.5866666666668</ele><time>2022-11-26T02:33:52Z</time></trkpt><trkpt lat="33.8179445" lon="133.3308383"><ele>1588.3566666666666</ele><time>2022-11-26T02:34:42Z</time></trkpt><trkpt lat="33.8181174" lon="133.3309275"><ele>1585.4833333333336</ele><time>2022-11-26T02:35:31Z</time></trkpt><trkpt lat="33.8182963" lon="133.3308865"><ele>1582.54</ele><time>2022-11-26T02:35:44Z</time></trkpt><trkpt lat="33.818478" lon="133.3308824"><ele>1577.5766666666666</ele><time>2022-11-26T02:36:02Z</time></trkpt><trkpt lat="33.8186553" lon="133.3309378"><ele>1572.4866666666667</ele><time>2022-11-26T02:36:26Z</time></trkpt><trkpt lat="33.8188073" lon="133.331061"><ele>1567.7033333333331</ele><time>2022-11-26T02:36:52Z</time></trkpt><trkpt lat="33.8189197" lon="133.3312349"><ele>1563.7233333333334</ele><time>2022-11-26T02:37:12Z</time></trkpt><trkpt lat="33.8190254" lon="133.3314112"><ele>1559.3966666666668</ele><time>2022-11-26T02:37:38Z</time></trkpt><trkpt lat="33.8191623" lon="133.331554"><ele>1554.47</ele><time>2022-11-26T02:38:04Z</time></trkpt><trkpt lat="33.8192932" lon="133.3317097"><ele>1548.2633333333333</ele><time>2022-11-26T02:38:24Z</time></trkpt><trkpt lat="33.8194297" lon="133.331852"><ele>1541.9333333333334</ele><time>2022-11-26T02:38:56Z</time></trkpt><trkpt lat="33.8196047" lon="133.3319283"><ele>1534.75</ele><time>2022-11-26T02:39:22Z</time></trkpt><trkpt lat="33.8197809" lon="133.3319765"><ele>1529.1899999999998</ele><time>2022-11-26T02:39:51Z</time></trkpt><trkpt lat="33.8199338" lon="133.3320942"><ele>1525.34</ele><time>2022-11-26T02:40:09Z</time></trkpt><trkpt lat="33.8200545" lon="133.3322615"><ele>1523.7233333333334</ele><time>2022-11-26T02:40:27Z</time></trkpt><trkpt lat="33.8201635" lon="133.332434"><ele>1523.36</ele><time>2022-11-26T02:40:43Z</time></trkpt><trkpt lat="33.8202808" lon="133.3326025"><ele>1523.1733333333334</ele><time>2022-11-26T02:41:02Z</time></trkpt><trkpt lat="33.8204062" lon="133.3327668"><ele>1522.9833333333333</ele><time>2022-11-26T02:41:16Z</time></trkpt><trkpt lat="33.8205642" lon="133.3328871"><ele>1524.95</ele><time>2022-11-26T02:41:34Z</time></trkpt><trkpt lat="33.8206752" lon="133.3330594"><ele>1527.7633333333333</ele><time>2022-11-26T02:41:50Z</time></trkpt><trkpt lat="33.8208244" lon="133.3331997"><ele>1532.05</ele><time>2022-11-26T02:42:08Z</time></trkpt><trkpt lat="33.8209836" lon="133.3333024"><ele>1535.4399999999998</ele><time>2022-11-26T02:42:32Z</time></trkpt><trkpt lat="33.8211631" lon="133.3333404"><ele>1538.8866666666665</ele><time>2022-11-26T02:43:06Z</time></trkpt><trkpt lat="33.8212559" lon="133.3335263"><ele>1540.5766666666666</ele><time>2022-11-26T02:44:37Z</time></trkpt><trkpt lat="33.8213775" lon="133.3336886"><ele>1540.78</ele><time>2022-11-26T02:44:53Z</time></trkpt><trkpt lat="33.821429" lon="133.3338984"><ele>1539.8066666666666</ele><time>2022-11-26T02:45:12Z</time></trkpt><trkpt lat="33.8215076" lon="133.3341019"><ele>1537.28</ele><time>2022-11-26T02:45:25Z</time></trkpt><trkpt lat="33.8215549" lon="133.3343224"><ele>1533.3866666666665</ele><time>2022-11-26T02:45:42Z</time></trkpt><trkpt lat="33.8215564" lon="133.3345414"><ele>1529.8766666666668</ele><time>2022-11-26T02:46:01Z</time></trkpt><trkpt lat="33.8215378" lon="133.3347574"><ele>1527.2966666666664</ele><time>2022-11-26T02:46:20Z</time></trkpt><trkpt lat="33.8215951" lon="133.3349638"><ele>1524.7033333333331</ele><time>2022-11-26T02:46:55Z</time></trkpt><trkpt lat="33.8215959" lon="133.3351809"><ele>1520.8</ele><time>2022-11-26T02:47:22Z</time></trkpt><trkpt lat="33.8215597" lon="133.3354017"><ele>1516.99</ele><time>2022-11-26T02:47:58Z</time></trkpt><trkpt lat="33.8215386" lon="133.3356213"><ele>1514.24</ele><time>2022-11-26T02:48:09Z</time></trkpt><trkpt lat="33.8216412" lon="133.3358068"><ele>1512.1000000000001</ele><time>2022-11-26T02:48:20Z</time></trkpt><trkpt lat="33.8216168" lon="133.3360242"><ele>1508.8500000000001</ele><time>2022-11-26T02:48:33Z</time></trkpt><trkpt lat="33.8217351" lon="133.3361927"><ele>1502.78</ele><time>2022-11-26T02:49:06Z</time></trkpt><trkpt lat="33.8216876" lon="133.3364013"><ele>1497.7033333333336</ele><time>2022-11-26T02:49:17Z</time></trkpt><trkpt lat="33.8216667" lon="133.3366498"><ele>1493.6000000000001</ele><time>2022-11-26T02:49:30Z</time></trkpt><trkpt lat="33.8217501" lon="133.3368456"><ele>1491.8000000000002</ele><time>2022-11-26T02:49:44Z</time></trkpt><trkpt lat="33.8219286" lon="133.3369388"><ele>1489.3500000000001</ele><time>2022-11-26T02:50:15Z</time></trkpt><trkpt lat="33.8221016" lon="133.3368757"><ele>1484.0166666666667</ele><time>2022-11-26T03:02:30Z</time></trkpt><trkpt lat="33.8220326" lon="133.3366578"><ele>1479.1933333333334</ele><time>2022-11-26T03:02:48Z</time></trkpt><trkpt lat="33.8222162" lon="133.3365942"><ele>1470.78</ele><time>2022-11-26T03:03:28Z</time></trkpt><trkpt lat="33.8221376" lon="133.3363957"><ele>1467.7533333333333</ele><time>2022-11-26T03:04:20Z</time></trkpt><trkpt lat="33.8223021" lon="133.3362892"><ele>1462.1499999999999</ele><time>2022-11-26T03:04:31Z</time></trkpt><trkpt lat="33.8224876" lon="133.3363228"><ele>1459.0566666666666</ele><time>2022-11-26T03:04:44Z</time></trkpt><trkpt lat="33.8226031" lon="133.3361449"><ele>1453.1200000000001</ele><time>2022-11-26T03:05:17Z</time></trkpt><trkpt lat="33.8226965" lon="133.335955"><ele>1449.6899999999998</ele><time>2022-11-26T03:05:31Z</time></trkpt><trkpt lat="33.8228488" lon="133.335838"><ele>1444.9033333333334</ele><time>2022-11-26T03:05:46Z</time></trkpt><trkpt lat="33.8228169" lon="133.3356097"><ele>1442.0999999999997</ele><time>2022-11-26T03:06:11Z</time></trkpt><trkpt lat="33.822982" lon="133.3355112"><ele>1436.9333333333334</ele><time>2022-11-26T03:06:29Z</time></trkpt><trkpt lat="33.8231321" lon="133.3356352"><ele>1431.16</ele><time>2022-11-26T03:06:59Z</time></trkpt><trkpt lat="33.82324" lon="133.335811"><ele>1421.8500000000001</ele><time>2022-11-26T03:09:34Z</time></trkpt><trkpt lat="33.8234176" lon="133.3357675"><ele>1413.0433333333333</ele><time>2022-11-26T03:11:05Z</time></trkpt><trkpt lat="33.8236006" lon="133.3357591"><ele>1402.6899999999998</ele><time>2022-11-26T03:11:27Z</time></trkpt><trkpt lat="33.8237696" lon="133.3358473"><ele>1392.5533333333335</ele><time>2022-11-26T03:12:14Z</time></trkpt><trkpt lat="33.8238771" lon="133.3356728"><ele>1383.1333333333334</ele><time>2022-11-26T03:13:11Z</time></trkpt><trkpt lat="33.824034" lon="133.3355502"><ele>1377.4866666666667</ele><time>2022-11-26T03:13:44Z</time></trkpt><trkpt lat="33.8242175" lon="133.3355412"><ele>1372.3100000000002</ele><time>2022-11-26T03:14:02Z</time></trkpt><trkpt lat="33.8243315" lon="133.3353641"><ele>1367.0033333333333</ele><time>2022-11-26T03:14:31Z</time></trkpt><trkpt lat="33.8244936" lon="133.3352693"><ele>1359.7833333333333</ele><time>2022-11-26T03:15:15Z</time></trkpt><trkpt lat="33.8246738" lon="133.3352952"><ele>1351.0066666666664</ele><time>2022-11-26T03:16:46Z</time></trkpt><trkpt lat="33.8247813" lon="133.3351164"><ele>1343.2633333333333</ele><time>2022-11-26T03:17:28Z</time></trkpt><trkpt lat="33.8247221" lon="133.3349117"><ele>1339.6566666666668</ele><time>2022-11-26T03:17:52Z</time></trkpt><trkpt lat="33.8248885" lon="133.3348198"><ele>1336.5833333333333</ele><time>2022-11-26T03:18:07Z</time></trkpt><trkpt lat="33.8250663" lon="133.3347812"><ele>1332.4533333333334</ele><time>2022-11-26T03:18:52Z</time></trkpt><trkpt lat="33.8252467" lon="133.3347502"><ele>1323.8566666666666</ele><time>2022-11-26T03:19:22Z</time></trkpt><trkpt lat="33.8254177" lon="133.3346682"><ele>1316.0600000000002</ele><time>2022-11-26T03:20:03Z</time></trkpt><trkpt lat="33.8255572" lon="133.3345234"><ele>1308.4033333333334</ele><time>2022-11-26T03:20:23Z</time></trkpt><trkpt lat="33.8257278" lon="133.3346014"><ele>1301.6966666666667</ele><time>2022-11-26T03:21:03Z</time></trkpt><trkpt lat="33.8259101" lon="133.3346138"><ele>1296.17</ele><time>2022-11-26T03:22:58Z</time></trkpt><trkpt lat="33.8260396" lon="133.3344604"><ele>1291.4266666666667</ele><time>2022-11-26T03:23:14Z</time></trkpt><trkpt lat="33.8262089" lon="133.334385"><ele>1288.2533333333333</ele><time>2022-11-26T03:23:25Z</time></trkpt><trkpt lat="33.8263919" lon="133.3343918"><ele>1284.41</ele><time>2022-11-26T03:23:39Z</time></trkpt><trkpt lat="33.8265549" lon="133.3342969"><ele>1280.9733333333334</ele><time>2022-11-26T03:24:15Z</time></trkpt><trkpt lat="33.8267193" lon="133.3342017"><ele>1277.3533333333335</ele><time>2022-11-26T03:24:57Z</time></trkpt><trkpt lat="33.8268934" lon="133.3341339"><ele>1275.3633333333335</ele><time>2022-11-26T03:25:13Z</time></trkpt><trkpt lat="33.8270606" lon="133.334004"><ele>1274.0666666666666</ele><time>2022-11-26T03:25:33Z</time></trkpt><trkpt lat="33.8271911" lon="133.3338487"><ele>1272.3133333333333</ele><time>2022-11-26T03:25:52Z</time></trkpt><trkpt lat="33.8270565" lon="133.3336989"><ele>1268.0433333333333</ele><time>2022-11-26T03:26:44Z</time></trkpt><trkpt lat="33.8272051" lon="133.3335739"><ele>1261.1233333333334</ele><time>2022-11-26T03:27:55Z</time></trkpt><trkpt lat="33.8270472" lon="133.3334668"><ele>1253.4633333333334</ele><time>2022-11-26T03:28:20Z</time></trkpt><trkpt lat="33.8270073" lon="133.333255"><ele>1244.3533333333335</ele><time>2022-11-26T03:29:23Z</time></trkpt><trkpt lat="33.8270997" lon="133.3330694"><ele>1233.49</ele><time>2022-11-26T03:30:27Z</time></trkpt><trkpt lat="33.8272041" lon="133.3328672"><ele>1222.0833333333333</ele><time>2022-11-26T03:31:10Z</time></trkpt><trkpt lat="33.827264" lon="133.3326578"><ele>1211.2133333333334</ele><time>2022-11-26T03:31:24Z</time></trkpt><trkpt lat="33.8273231" lon="133.3324535"><ele>1201.2</ele><time>2022-11-26T03:31:52Z</time></trkpt><trkpt lat="33.8273811" lon="133.3322409"><ele>1192.0466666666669</ele><time>2022-11-26T03:33:07Z</time></trkpt><trkpt lat="33.8275381" lon="133.3321308"><ele>1183.256666666667</ele><time>2022-11-26T03:34:19Z</time></trkpt><trkpt lat="33.827692" lon="133.332013"><ele>1174.0066666666667</ele><time>2022-11-26T03:34:49Z</time></trkpt><trkpt lat="33.8278594" lon="133.3319233"><ele>1162.9466666666665</ele><time>2022-11-26T03:35:58Z</time></trkpt><trkpt lat="33.8279848" lon="133.3317628"><ele>1150.99</ele><time>2022-11-26T03:36:40Z</time></trkpt><trkpt lat="33.8280683" lon="133.3315704"><ele>1140.3133333333333</ele><time>2022-11-26T03:36:56Z</time></trkpt><trkpt lat="33.8281406" lon="133.3313698"><ele>1131.506666666667</ele><time>2022-11-26T03:37:58Z</time></trkpt><trkpt lat="33.8283011" lon="133.3312529"><ele>1121.49</ele><time>2022-11-26T03:38:33Z</time></trkpt><trkpt lat="33.8284115" lon="133.3310785"><ele>1112.2533333333333</ele><time>2022-11-26T03:38:50Z</time></trkpt><trkpt lat="33.8284644" lon="133.33087"><ele>1103.0366666666666</ele><time>2022-11-26T03:40:04Z</time></trkpt><trkpt lat="33.8284298" lon="133.3306548"><ele>1098.92</ele><time>2022-11-26T03:40:22Z</time></trkpt><trkpt lat="33.8284108" lon="133.3304337"><ele>1095.88</ele><time>2022-11-26T03:40:46Z</time></trkpt><trkpt lat="33.8285494" lon="133.3302935"><ele>1093.7133333333334</ele><time>2022-11-26T03:41:07Z</time></trkpt><trkpt lat="33.8286304" lon="133.3300983"><ele>1090.9066666666668</ele><time>2022-11-26T03:41:34Z</time></trkpt><trkpt lat="33.8286804" lon="133.3298891"><ele>1086.62</ele><time>2022-11-26T03:41:57Z</time></trkpt><trkpt lat="33.8284984" lon="133.3299394"><ele>1083.9033333333334</ele><time>2022-11-26T03:43:06Z</time></trkpt><trkpt lat="33.8283178" lon="133.3299864"><ele>1077.7</ele><time>2022-11-26T03:43:33Z</time></trkpt><trkpt lat="33.8281877" lon="133.33016"><ele>1072.5800000000002</ele><time>2022-11-26T03:44:58Z</time></trkpt><trkpt lat="33.8280269" lon="133.3302637"><ele>1066.4966666666667</ele><time>2022-11-26T03:45:58Z</time></trkpt><trkpt lat="33.8281505" lon="133.3300993"><ele>1065.24</ele><time>2022-11-26T03:47:57Z</time></trkpt><trkpt lat="33.8280813" lon="133.3298824"><ele>1061.6066666666666</ele><time>2022-11-26T03:48:01Z</time></trkpt><trkpt lat="33.8279271" lon="133.3297508"><ele>1058.1066666666666</ele><time>2022-11-26T03:48:08Z</time></trkpt><trkpt lat="33.8281067" lon="133.329727"><ele>1052.48</ele><time>2022-11-26T03:48:46Z</time></trkpt><trkpt lat="33.828122" lon="133.329508"><ele>1048.4766666666665</ele><time>2022-11-26T03:49:09Z</time></trkpt><trkpt lat="33.8282412" lon="133.3293336"><ele>1043.44</ele><time>2022-11-26T03:49:50Z</time></trkpt><trkpt lat="33.8281423" lon="133.3291454"><ele>1040.5166666666667</ele><time>2022-11-26T03:50:04Z</time></trkpt><trkpt lat="33.8282176" lon="133.3289399"><ele>1037.0733333333335</ele><time>2022-11-26T03:50:31Z</time></trkpt><trkpt lat="33.8283998" lon="133.3289469"><ele>1033.0333333333333</ele><time>2022-11-26T03:55:32Z</time></trkpt><trkpt lat="33.8285812" lon="133.3289543"><ele>1027.5966666666668</ele><time>2022-11-26T03:56:00Z</time></trkpt><trkpt lat="33.8287575" lon="133.3290064"><ele>1026.7066666666667</ele><time>2022-11-26T03:56:20Z</time></trkpt><trkpt lat="33.8289179" lon="133.3288915"><ele>1026.2633333333333</ele><time>2022-11-26T03:56:37Z</time></trkpt><trkpt lat="33.8290624" lon="133.3287543"><ele>1023.1033333333334</ele><time>2022-11-26T03:57:02Z</time></trkpt><trkpt lat="33.8292106" lon="133.3286282"><ele>1015.8333333333334</ele><time>2022-11-26T03:57:41Z</time></trkpt><trkpt lat="33.8293869" lon="133.3285822"><ele>1008.91</ele><time>2022-11-26T03:58:19Z</time></trkpt><trkpt lat="33.829544" lon="133.3286921"><ele>1005.1633333333333</ele><time>2022-11-26T03:59:52Z</time></trkpt><trkpt lat="33.8297138" lon="133.3287688"><ele>1002.2599999999999</ele><time>2022-11-26T04:00:06Z</time></trkpt><trkpt lat="33.8298915" lon="133.3288566"><ele>999.9966666666666</ele><time>2022-11-26T04:00:22Z</time></trkpt><trkpt lat="33.8300719" lon="133.3288382"><ele>995.02</ele><time>2022-11-26T04:01:25Z</time></trkpt><trkpt lat="33.8302539" lon="133.3288473"><ele>989.1300000000001</ele><time>2022-11-26T04:01:47Z</time></trkpt><trkpt lat="33.8304544" lon="133.3288209"><ele>981.4233333333333</ele><time>2022-11-26T04:01:58Z</time></trkpt><trkpt lat="33.8306271" lon="133.3287479"><ele>976.0500000000001</ele><time>2022-11-26T04:02:24Z</time></trkpt><trkpt lat="33.8308073" lon="133.3287582"><ele>971.3766666666667</ele><time>2022-11-26T04:02:47Z</time></trkpt><trkpt lat="33.8309884" lon="133.3287721"><ele>968.1733333333335</ele><time>2022-11-26T04:03:11Z</time></trkpt><trkpt lat="33.83105" lon="133.3285678"><ele>966.4033333333333</ele><time>2022-11-26T04:04:09Z</time></trkpt><trkpt lat="33.8312206" lon="133.3284728"><ele>964.1033333333334</ele><time>2022-11-26T04:04:34Z</time></trkpt><trkpt lat="33.8314034" lon="133.3284827"><ele>961.5400000000001</ele><time>2022-11-26T04:04:55Z</time></trkpt><trkpt lat="33.8315676" lon="133.3283812"><ele>957.1033333333335</ele><time>2022-11-26T04:05:13Z</time></trkpt><trkpt lat="33.8317476" lon="133.328336"><ele>953.0133333333333</ele><time>2022-11-26T04:05:58Z</time></trkpt><trkpt lat="33.8318133" lon="133.3281291"><ele>948.0766666666667</ele><time>2022-11-26T04:06:15Z</time></trkpt><trkpt lat="33.8318623" lon="133.3279071"><ele>944.7866666666665</ele><time>2022-11-26T04:06:31Z</time></trkpt><trkpt lat="33.8318368" lon="133.3276893"><ele>945.6966666666667</ele><time>2022-11-26T04:06:41Z</time></trkpt><trkpt lat="33.8318787" lon="133.3274784"><ele>949.0</ele><time>2022-11-26T04:07:13Z</time></trkpt><trkpt lat="33.8320596" lon="133.3274711"><ele>949.5099999999999</ele><time>2022-11-26T04:07:30Z</time></trkpt><trkpt lat="33.8322417" lon="133.3275055"><ele>943.64</ele><time>2022-11-26T04:08:29Z</time></trkpt><trkpt lat="33.8323713" lon="133.3273506"><ele>936.6833333333334</ele><time>2022-11-26T04:09:00Z</time></trkpt><trkpt lat="33.8324743" lon="133.3271661"><ele>933.0333333333333</ele><time>2022-11-26T04:09:18Z</time></trkpt><trkpt lat="33.8326275" lon="133.3270461"><ele>932.3766666666667</ele><time>2022-11-26T04:09:51Z</time></trkpt><trkpt lat="33.8327898" lon="133.3269423"><ele>929.36</ele><time>2022-11-26T04:10:06Z</time></trkpt><trkpt lat="33.8329398" lon="133.3268211"><ele>924.23</ele><time>2022-11-26T04:10:26Z</time></trkpt><trkpt lat="33.8330367" lon="133.3266345"><ele>919.4533333333333</ele><time>2022-11-26T04:10:41Z</time></trkpt><trkpt lat="33.8330806" lon="133.3264198"><ele>916.8100000000001</ele><time>2022-11-26T04:10:57Z</time></trkpt><trkpt lat="33.8332393" lon="133.3263018"><ele>913.52</ele><time>2022-11-26T04:11:14Z</time></trkpt><trkpt lat="33.8333825" lon="133.326169"><ele>910.4200000000001</ele><time>2022-11-26T04:11:24Z</time></trkpt><trkpt lat="33.8333718" lon="133.325952"><ele>906.8866666666667</ele><time>2022-11-26T04:11:48Z</time></trkpt><trkpt lat="33.8333841" lon="133.325732"><ele>904.9333333333334</ele><time>2022-11-26T04:12:50Z</time></trkpt><trkpt lat="33.8335552" lon="133.3256421"><ele>902.0466666666667</ele><time>2022-11-26T04:13:07Z</time></trkpt><trkpt lat="33.8337381" lon="133.3255852"><ele>901.66</ele><time>2022-11-26T04:13:25Z</time></trkpt><trkpt lat="33.8339016" lon="133.3254867"><ele>901.29</ele><time>2022-11-26T04:13:53Z</time></trkpt><trkpt lat="33.8340914" lon="133.3254405"><ele>900.1133333333333</ele><time>2022-11-26T04:14:11Z</time></trkpt><trkpt lat="33.8342734" lon="133.3254566"><ele>899.08</ele><time>2022-11-26T04:14:27Z</time></trkpt><trkpt lat="33.8344494" lon="133.3255118"><ele>897.3633333333333</ele><time>2022-11-26T04:14:50Z</time></trkpt><trkpt lat="33.8346307" lon="133.3254636"><ele>896.7633333333333</ele><time>2022-11-26T04:15:13Z</time></trkpt><trkpt lat="33.8348073" lon="133.3254185"><ele>894.2233333333334</ele><time>2022-11-26T04:15:31Z</time></trkpt><trkpt lat="33.8349784" lon="133.3254927"><ele>892.12</ele><time>2022-11-26T04:16:07Z</time></trkpt><trkpt lat="33.8351115" lon="133.325645"><ele>889.5966666666667</ele><time>2022-11-26T04:16:23Z</time></trkpt><trkpt lat="33.8351902" lon="133.3258432"><ele>886.7366666666667</ele><time>2022-11-26T04:16:45Z</time></trkpt><trkpt lat="33.8353756" lon="133.3257991"><ele>883.3366666666666</ele><time>2022-11-26T04:17:36Z</time></trkpt><trkpt lat="33.8354311" lon="133.3255904"><ele>883.4733333333334</ele><time>2022-11-26T04:18:35Z</time></trkpt><trkpt lat="33.8356084" lon="133.32564"><ele>885.6766666666666</ele><time>2022-11-26T04:19:57Z</time></trkpt><trkpt lat="33.8357454" lon="133.3257829"><ele>889.5799999999999</ele><time>2022-11-26T04:20:34Z</time></trkpt><trkpt lat="33.8358797" lon="133.3259289"><ele>891.8166666666666</ele><time>2022-11-26T04:21:16Z</time></trkpt><trkpt lat="33.835891" lon="133.3261455"><ele>892.7766666666666</ele><time>2022-11-26T04:21:33Z</time></trkpt><trkpt lat="33.8359662" lon="133.3263608"><ele>893.3866666666667</ele><time>2022-11-26T04:22:19Z</time></trkpt><trkpt lat="33.8360112" lon="133.3265774"><ele>892.8233333333334</ele><time>2022-11-26T04:22:32Z</time></trkpt><trkpt lat="33.8360796" lon="133.326786"><ele>891.7933333333334</ele><time>2022-11-26T04:22:43Z</time></trkpt><trkpt lat="33.8360957" lon="133.3270028"><ele>889.3366666666666</ele><time>2022-11-26T04:22:59Z</time></trkpt><trkpt lat="33.8360948" lon="133.3272247"><ele>886.68</ele><time>2022-11-26T04:23:18Z</time></trkpt><trkpt lat="33.836138" lon="133.3274359"><ele>883.3800000000001</ele><time>2022-11-26T04:23:33Z</time></trkpt><trkpt lat="33.8362666" lon="133.327613"><ele>880.5300000000001</ele><time>2022-11-26T04:23:50Z</time></trkpt><trkpt lat="33.8364316" lon="133.327721"><ele>878.4900000000001</ele><time>2022-11-26T04:24:06Z</time></trkpt><trkpt lat="33.8365895" lon="133.3276057"><ele>877.3533333333334</ele><time>2022-11-26T04:24:35Z</time></trkpt><trkpt lat="33.8367773" lon="133.3276258"><ele>876.96</ele><time>2022-11-26T04:25:02Z</time></trkpt><trkpt lat="33.8369478" lon="133.3277102"><ele>876.7766666666666</ele><time>2022-11-26T04:25:20Z</time></trkpt><trkpt lat="33.8371048" lon="133.3278259"><ele>877.5500000000001</ele><time>2022-11-26T04:25:55Z</time></trkpt><trkpt lat="33.837252" lon="133.327952"><ele>877.2666666666668</ele><time>2022-11-26T04:26:11Z</time></trkpt><trkpt lat="33.8373054" lon="133.3281598"><ele>873.61</ele><time>2022-11-26T04:26:27Z</time></trkpt><trkpt lat="33.8373835" lon="133.3283585"><ele>868.9433333333333</ele><time>2022-11-26T04:26:38Z</time></trkpt><trkpt lat="33.8373377" lon="133.3285678"><ele>865.7666666666668</ele><time>2022-11-26T04:27:09Z</time></trkpt><trkpt lat="33.8372064" lon="133.3287166"><ele>865.91</ele><time>2022-11-26T04:27:22Z</time></trkpt><trkpt lat="33.8371036" lon="133.3288983"><ele>866.0666666666666</ele><time>2022-11-26T04:27:38Z</time></trkpt><trkpt lat="33.8369659" lon="133.32904"><ele>865.2466666666666</ele><time>2022-11-26T04:28:04Z</time></trkpt><trkpt lat="33.8368442" lon="133.3291998"><ele>864.61</ele><time>2022-11-26T04:28:15Z</time></trkpt><trkpt lat="33.8367252" lon="133.3293664"><ele>864.2033333333334</ele><time>2022-11-26T04:28:27Z</time></trkpt><trkpt lat="33.8366328" lon="133.3295573"><ele>864.32</ele><time>2022-11-26T04:28:39Z</time></trkpt><trkpt lat="33.8365202" lon="133.3297293"><ele>864.2466666666666</ele><time>2022-11-26T04:28:57Z</time></trkpt><trkpt lat="33.8364181" lon="133.3299165"><ele>865.5966666666667</ele><time>2022-11-26T04:29:10Z</time></trkpt><trkpt lat="33.8363493" lon="133.3301167"><ele>867.8033333333333</ele><time>2022-11-26T04:29:23Z</time></trkpt><trkpt lat="33.8362396" lon="133.3302901"><ele>869.3933333333334</ele><time>2022-11-26T04:29:36Z</time></trkpt><trkpt lat="33.8361441" lon="133.3304762"><ele>869.4499999999999</ele><time>2022-11-26T04:29:50Z</time></trkpt><trkpt lat="33.8360765" lon="133.3306775"><ele>867.96</ele><time>2022-11-26T04:30:31Z</time></trkpt><trkpt lat="33.8361158" lon="133.3308962"><ele>867.0333333333334</ele><time>2022-11-26T04:30:53Z</time></trkpt><trkpt lat="33.8361022" lon="133.3311219"><ele>866.79</ele><time>2022-11-26T04:31:07Z</time></trkpt><trkpt lat="33.8360777" lon="133.3313395"><ele>867.1366666666668</ele><time>2022-11-26T04:31:17Z</time></trkpt><trkpt lat="33.836164" lon="133.3315334"><ele>867.9466666666667</ele><time>2022-11-26T04:31:32Z</time></trkpt><trkpt lat="33.8362454" lon="133.3317373"><ele>869.0166666666668</ele><time>2022-11-26T04:31:47Z</time></trkpt><trkpt lat="33.8363533" lon="133.3319264"><ele>872.1166666666667</ele><time>2022-11-26T04:31:58Z</time></trkpt><trkpt lat="33.8363671" lon="133.3321423"><ele>872.7466666666666</ele><time>2022-11-26T04:32:09Z</time></trkpt><trkpt lat="33.8363926" lon="133.332361"><ele>871.91</ele><time>2022-11-26T04:32:22Z</time></trkpt><trkpt lat="33.8365128" lon="133.3325234"><ele>869.9666666666667</ele><time>2022-11-26T04:32:34Z</time></trkpt><trkpt lat="33.8365468" lon="133.332745"><ele>869.16</ele><time>2022-11-26T04:32:46Z</time></trkpt><trkpt lat="33.8364975" lon="133.3329584"><ele>868.9433333333333</ele><time>2022-11-26T04:32:57Z</time></trkpt><trkpt lat="33.8364896" lon="133.333184"><ele>867.6233333333333</ele><time>2022-11-26T04:33:08Z</time></trkpt><trkpt lat="33.8364914" lon="133.3334049"><ele>866.64</ele><time>2022-11-26T04:33:27Z</time></trkpt><trkpt lat="33.836564" lon="133.3336062"><ele>866.1866666666666</ele><time>2022-11-26T04:33:42Z</time></trkpt><trkpt lat="33.8365921" lon="133.3338243"><ele>866.0333333333333</ele><time>2022-11-26T04:33:58Z</time></trkpt><trkpt lat="33.83651" lon="133.334018"><ele>865.4833333333332</ele><time>2022-11-26T04:34:12Z</time></trkpt><trkpt lat="33.8365394" lon="133.3342354"><ele>862.81</ele><time>2022-11-26T04:34:49Z</time></trkpt><trkpt lat="33.8366158" lon="133.33444"><ele>858.2766666666666</ele><time>2022-11-26T04:35:03Z</time></trkpt><trkpt lat="33.8366531" lon="133.3346638"><ele>853.6533333333333</ele><time>2022-11-26T04:35:15Z</time></trkpt><trkpt lat="33.8366873" lon="133.334878"><ele>850.85</ele><time>2022-11-26T04:35:28Z</time></trkpt><trkpt lat="33.8367858" lon="133.3350763"><ele>849.9</ele><time>2022-11-26T04:35:47Z</time></trkpt><trkpt lat="33.8369589" lon="133.3351452"><ele>849.9</ele><time>2022-11-26T04:36:07Z</time></trkpt><trkpt lat="33.8371336" lon="133.3352238"><ele>849.9</ele><time>2022-11-26T04:36:23Z</time></trkpt><trkpt lat="33.8373185" lon="133.3352349"><ele>849.9</ele><time>2022-11-26T04:36:38Z</time></trkpt><trkpt lat="33.8374994" lon="133.3351988"><ele>849.91</ele><time>2022-11-26T04:37:03Z</time></trkpt><trkpt lat="33.837683" lon="133.3352479"><ele>849.91</ele><time>2022-11-26T04:37:13Z</time></trkpt><trkpt lat="33.8378654" lon="133.3352776"><ele>849.91</ele><time>2022-11-26T04:37:26Z</time></trkpt><trkpt lat="33.8380378" lon="133.3352007"><ele>849.9366666666666</ele><time>2022-11-26T04:37:39Z</time></trkpt><trkpt lat="33.8382199" lon="133.3351593"><ele>850.0833333333334</ele><time>2022-11-26T04:37:51Z</time></trkpt><trkpt lat="33.8383973" lon="133.3352201"><ele>850.8933333333333</ele><time>2022-11-26T04:38:05Z</time></trkpt><trkpt lat="33.8385642" lon="133.335309"><ele>851.4033333333333</ele><time>2022-11-26T04:38:19Z</time></trkpt><trkpt lat="33.8387066" lon="133.3354434"><ele>851.3633333333333</ele><time>2022-11-26T04:38:31Z</time></trkpt><trkpt lat="33.8388108" lon="133.3356235"><ele>850.5533333333333</ele><time>2022-11-26T04:38:45Z</time></trkpt><trkpt lat="33.8389621" lon="133.3357437"><ele>850.0066666666667</ele><time>2022-11-26T04:39:00Z</time></trkpt><trkpt lat="33.8391242" lon="133.3358681"><ele>849.9</ele><time>2022-11-26T04:39:15Z</time></trkpt><trkpt lat="33.8392587" lon="133.3360147"><ele>849.9</ele><time>2022-11-26T04:39:29Z</time></trkpt><trkpt lat="33.8393564" lon="133.3361983"><ele>849.9</ele><time>2022-11-26T04:39:44Z</time></trkpt><trkpt lat="33.8394081" lon="133.3364083"><ele>849.9</ele><time>2022-11-26T04:39:58Z</time></trkpt><trkpt lat="33.839371" lon="133.3366283"><ele>849.91</ele><time>2022-11-26T04:40:11Z</time></trkpt><trkpt lat="33.8392822" lon="133.3368183"><ele>849.91</ele><time>2022-11-26T04:40:28Z</time></trkpt><trkpt lat="33.8392738" lon="133.33704"><ele>850.1666666666666</ele><time>2022-11-26T04:40:52Z</time></trkpt><trkpt lat="33.8392396" lon="133.337258"><ele>850.1566666666668</ele><time>2022-11-26T04:41:06Z</time></trkpt><trkpt lat="33.839143" lon="133.3374491"><ele>850.1566666666668</ele><time>2022-11-26T04:41:18Z</time></trkpt><trkpt lat="33.839155" lon="133.3376697"><ele>849.9</ele><time>2022-11-26T04:41:33Z</time></trkpt><trkpt lat="33.8392491" lon="133.337866"><ele>849.9</ele><time>2022-11-26T04:41:45Z</time></trkpt><trkpt lat="33.8393386" lon="133.338057"><ele>849.9033333333333</ele><time>2022-11-26T04:42:00Z</time></trkpt><trkpt lat="33.8394042" lon="133.3382601"><ele>849.9033333333333</ele><time>2022-11-26T04:42:17Z</time></trkpt><trkpt lat="33.8394639" lon="133.3384669"><ele>849.9033333333333</ele><time>2022-11-26T04:42:35Z</time></trkpt><trkpt lat="33.8395296" lon="133.3386694"><ele>849.91</ele><time>2022-11-26T04:42:53Z</time></trkpt><trkpt lat="33.8395999" lon="133.3388747"><ele>851.1966666666667</ele><time>2022-11-26T04:43:13Z</time></trkpt><trkpt lat="33.8396123" lon="133.3391009"><ele>853.3666666666667</ele><time>2022-11-26T04:43:27Z</time></trkpt><trkpt lat="33.8396858" lon="133.3392986"><ele>855.0866666666667</ele><time>2022-11-26T04:43:46Z</time></trkpt><trkpt lat="33.8398669" lon="133.3393164"><ele>855.2033333333334</ele><time>2022-11-26T04:44:02Z</time></trkpt><trkpt lat="33.8400496" lon="133.339304"><ele>854.16</ele><time>2022-11-26T04:44:23Z</time></trkpt><trkpt lat="33.8402235" lon="133.3392366"><ele>853.7266666666666</ele><time>2022-11-26T04:44:47Z</time></trkpt><trkpt lat="33.8404019" lon="133.3391921"><ele>853.52</ele><time>2022-11-26T04:45:08Z</time></trkpt><trkpt lat="33.8405937" lon="133.3391897"><ele>853.7933333333334</ele><time>2022-11-26T04:45:23Z</time></trkpt><trkpt lat="33.8407678" lon="133.3392584"><ele>854.5233333333334</ele><time>2022-11-26T04:45:40Z</time></trkpt><trkpt lat="33.8409419" lon="133.3393358"><ele>854.9833333333332</ele><time>2022-11-26T04:45:58Z</time></trkpt><trkpt lat="33.8410977" lon="133.3394484"><ele>854.1899999999999</ele><time>2022-11-26T04:46:12Z</time></trkpt><trkpt lat="33.8412517" lon="133.3395624"><ele>852.6266666666667</ele><time>2022-11-26T04:46:26Z</time></trkpt><trkpt lat="33.8414343" lon="133.3396398"><ele>851.7066666666666</ele><time>2022-11-26T04:46:43Z</time></trkpt><trkpt lat="33.8415936" lon="133.3397468"><ele>852.1700000000001</ele><time>2022-11-26T04:47:00Z</time></trkpt><trkpt lat="33.8417542" lon="133.3398559"><ele>853.2433333333333</ele><time>2022-11-26T04:47:14Z</time></trkpt><trkpt lat="33.8418515" lon="133.340044"><ele>853.63</ele><time>2022-11-26T04:47:29Z</time></trkpt><trkpt lat="33.8419232" lon="133.3402477"><ele>853.3033333333333</ele><time>2022-11-26T04:47:42Z</time></trkpt><trkpt lat="33.8420938" lon="133.3403233"><ele>852.7466666666668</ele><time>2022-11-26T04:48:01Z</time></trkpt><trkpt lat="33.842272" lon="133.3403619"><ele>852.9200000000001</ele><time>2022-11-26T04:48:20Z</time></trkpt><trkpt lat="33.8423869" lon="133.3401833"><ele>854.6066666666667</ele><time>2022-11-26T04:48:44Z</time></trkpt><trkpt lat="33.8425745" lon="133.3401077"><ele>855.77</ele><time>2022-11-26T04:49:02Z</time></trkpt><trkpt lat="33.8427221" lon="133.3399732"><ele>856.3966666666666</ele><time>2022-11-26T04:49:24Z</time></trkpt><trkpt lat="33.8428543" lon="133.3398211"><ele>856.3266666666667</ele><time>2022-11-26T04:49:44Z</time></trkpt><trkpt lat="33.8429987" lon="133.3396855"><ele>856.7000000000002</ele><time>2022-11-26T04:49:59Z</time></trkpt><trkpt lat="33.8431774" lon="133.3396148"><ele>856.2666666666668</ele><time>2022-11-26T04:50:10Z</time></trkpt><trkpt lat="33.8433577" lon="133.3395777"><ele>854.8800000000001</ele><time>2022-11-26T04:50:23Z</time></trkpt><trkpt lat="33.8435486" lon="133.3396033"><ele>854.0266666666666</ele><time>2022-11-26T04:50:42Z</time></trkpt><trkpt lat="33.843725" lon="133.339555"><ele>854.3000000000001</ele><time>2022-11-26T04:55:59Z</time></trkpt><trkpt lat="33.8439098" lon="133.339594"><ele>854.9</ele><time>2022-11-26T04:56:17Z</time></trkpt><trkpt lat="33.8441003" lon="133.3395619"><ele>854.5833333333334</ele><time>2022-11-26T04:56:32Z</time></trkpt><trkpt lat="33.8442732" lon="133.3394991"><ele>855.2833333333333</ele><time>2022-11-26T04:56:44Z</time></trkpt><trkpt lat="33.8444543" lon="133.3395261"><ele>855.5966666666667</ele><time>2022-11-26T04:57:01Z</time></trkpt><trkpt lat="33.8446302" lon="133.3395804"><ele>858.79</ele><time>2022-11-26T04:57:15Z</time></trkpt><trkpt lat="33.8447297" lon="133.3397635"><ele>861.6833333333334</ele><time>2022-11-26T04:57:30Z</time></trkpt><trkpt lat="33.8446982" lon="133.3399823"><ele>866.19</ele><time>2022-11-26T04:57:46Z</time></trkpt><trkpt lat="33.8445986" lon="133.340169"><ele>867.2766666666666</ele><time>2022-11-26T04:57:59Z</time></trkpt><trkpt lat="33.8444682" lon="133.3403211"><ele>867.5266666666666</ele><time>2022-11-26T04:58:15Z</time></trkpt><trkpt lat="33.8443057" lon="133.3404305"><ele>866.2566666666667</ele><time>2022-11-26T04:58:33Z</time></trkpt><trkpt lat="33.8441624" lon="133.3405702"><ele>865.5833333333334</ele><time>2022-11-26T04:58:58Z</time></trkpt><trkpt lat="33.8441946" lon="133.3407834"><ele>866.6766666666666</ele><time>2022-11-26T04:59:39Z</time></trkpt><trkpt lat="33.8442598" lon="133.3409893"><ele>867.4699999999999</ele><time>2022-11-26T04:59:52Z</time></trkpt><trkpt lat="33.8443415" lon="133.3411833"><ele>867.2800000000001</ele><time>2022-11-26T05:00:09Z</time></trkpt><trkpt lat="33.8444623" lon="133.3413552"><ele>863.7566666666668</ele><time>2022-11-26T05:00:32Z</time></trkpt><trkpt lat="33.8446377" lon="133.3414309"><ele>862.9366666666668</ele><time>2022-11-26T05:00:52Z</time></trkpt><trkpt lat="33.8446679" lon="133.3416475"><ele>862.93</ele><time>2022-11-26T05:01:04Z</time></trkpt><trkpt lat="33.8446445" lon="133.3418742"><ele>864.0300000000001</ele><time>2022-11-26T05:01:18Z</time></trkpt><trkpt lat="33.8447344" lon="133.3420641"><ele>863.4666666666667</ele><time>2022-11-26T05:01:36Z</time></trkpt><trkpt lat="33.8448031" lon="133.3422674"><ele>862.79</ele><time>2022-11-26T05:01:53Z</time></trkpt><trkpt lat="33.8449168" lon="133.3424672"><ele>861.92</ele><time>2022-11-26T05:02:07Z</time></trkpt><trkpt lat="33.8450601" lon="133.3426101"><ele>859.2533333333334</ele><time>2022-11-26T05:02:27Z</time></trkpt><trkpt lat="33.8452418" lon="133.3425315"><ele>857.9699999999999</ele><time>2022-11-26T05:02:47Z</time></trkpt><trkpt lat="33.8454242" lon="133.3425214"><ele>861.82</ele><time>2022-11-26T05:03:01Z</time></trkpt><trkpt lat="33.8456111" lon="133.3424509"><ele>870.2433333333333</ele><time>2022-11-26T05:03:18Z</time></trkpt><trkpt lat="33.8457412" lon="133.3422843"><ele>879.2633333333333</ele><time>2022-11-26T05:03:32Z</time></trkpt><trkpt lat="33.8458274" lon="133.3420867"><ele>883.1999999999999</ele><time>2022-11-26T05:03:46Z</time></trkpt><trkpt lat="33.8459281" lon="133.3418997"><ele>884.3166666666666</ele><time>2022-11-26T05:04:02Z</time></trkpt><trkpt lat="33.8459705" lon="133.3416892"><ele>884.27</ele><time>2022-11-26T05:04:16Z</time></trkpt><trkpt lat="33.8460853" lon="133.3415036"><ele>885.0966666666667</ele><time>2022-11-26T05:04:33Z</time></trkpt><trkpt lat="33.8462313" lon="133.3413678"><ele>885.3666666666668</ele><time>2022-11-26T05:04:47Z</time></trkpt><trkpt lat="33.8463347" lon="133.3411826"><ele>884.7866666666667</ele><time>2022-11-26T05:05:03Z</time></trkpt><trkpt lat="33.8464213" lon="133.3409902"><ele>884.2866666666667</ele><time>2022-11-26T05:05:18Z</time></trkpt><trkpt lat="33.8465495" lon="133.340825"><ele>883.8933333333334</ele><time>2022-11-26T05:05:31Z</time></trkpt><trkpt lat="33.8467131" lon="133.3407117"><ele>884.0100000000001</ele><time>2022-11-26T05:05:47Z</time></trkpt><trkpt lat="33.8468977" lon="133.3406857"><ele>883.12</ele><time>2022-11-26T05:06:01Z</time></trkpt><trkpt lat="33.8470791" lon="133.3407181"><ele>882.5066666666667</ele><time>2022-11-26T05:06:13Z</time></trkpt><trkpt lat="33.8472564" lon="133.340829"><ele>882.75</ele><time>2022-11-26T05:06:32Z</time></trkpt><trkpt lat="33.8473912" lon="133.3409763"><ele>884.1366666666667</ele><time>2022-11-26T05:06:51Z</time></trkpt><trkpt lat="33.8475045" lon="133.3411503"><ele>887.4333333333334</ele><time>2022-11-26T05:07:06Z</time></trkpt><trkpt lat="33.847624" lon="133.3413153"><ele>896.7733333333334</ele><time>2022-11-26T05:07:19Z</time></trkpt><trkpt lat="33.8477275" lon="133.3415046"><ele>904.1066666666667</ele><time>2022-11-26T05:07:33Z</time></trkpt><trkpt lat="33.8478086" lon="133.3416978"><ele>907.3366666666667</ele><time>2022-11-26T05:07:47Z</time></trkpt><trkpt lat="33.8478803" lon="133.341901"><ele>899.9433333333333</ele><time>2022-11-26T05:08:00Z</time></trkpt><trkpt lat="33.8479473" lon="133.3421045"><ele>891.96</ele><time>2022-11-26T05:08:13Z</time></trkpt><trkpt lat="33.8479875" lon="133.3423193"><ele>883.5099999999999</ele><time>2022-11-26T05:08:27Z</time></trkpt><trkpt lat="33.8483464" lon="133.3423235"><ele>884.3933333333333</ele><time>2022-11-26T05:08:36Z</time></trkpt><trkpt lat="33.8483105" lon="133.3425434"><ele>881.8833333333332</ele><time>2022-11-26T05:08:47Z</time></trkpt><trkpt lat="33.8483046" lon="133.3427671"><ele>881.4966666666666</ele><time>2022-11-26T05:09:11Z</time></trkpt><trkpt lat="33.8482506" lon="133.3429798"><ele>875.1866666666666</ele><time>2022-11-26T05:09:30Z</time></trkpt><trkpt lat="33.848154" lon="133.3431629"><ele>871.8033333333334</ele><time>2022-11-26T05:09:48Z</time></trkpt><trkpt lat="33.8482196" lon="133.3433687"><ele>867.7433333333333</ele><time>2022-11-26T05:10:03Z</time></trkpt><trkpt lat="33.8483657" lon="133.3435007"><ele>863.3266666666667</ele><time>2022-11-26T05:10:17Z</time></trkpt><trkpt lat="33.8485357" lon="133.3435974"><ele>861.7199999999999</ele><time>2022-11-26T05:10:27Z</time></trkpt><trkpt lat="33.8487155" lon="133.3436298"><ele>861.6633333333334</ele><time>2022-11-26T05:10:47Z</time></trkpt><trkpt lat="33.8488882" lon="133.3436983"><ele>862.1933333333333</ele><time>2022-11-26T05:11:11Z</time></trkpt><trkpt lat="33.8490299" lon="133.3438326"><ele>861.6666666666666</ele><time>2022-11-26T05:11:24Z</time></trkpt><trkpt lat="33.8492061" lon="133.3438837"><ele>862.69</ele><time>2022-11-26T05:11:37Z</time></trkpt><trkpt lat="33.8493782" lon="133.3439524"><ele>864.3133333333334</ele><time>2022-11-26T05:11:48Z</time></trkpt><trkpt lat="33.8495159" lon="133.344095"><ele>865.6633333333333</ele><time>2022-11-26T05:12:02Z</time></trkpt><trkpt lat="33.8495517" lon="133.3443093"><ele>862.7400000000001</ele><time>2022-11-26T05:12:17Z</time></trkpt><trkpt lat="33.8496384" lon="133.3445042"><ele>858.6500000000001</ele><time>2022-11-26T05:12:34Z</time></trkpt><trkpt lat="33.8497656" lon="133.3446684"><ele>858.94</ele><time>2022-11-26T05:13:21Z</time></trkpt><trkpt lat="33.8498758" lon="133.34485"><ele>860.44</ele><time>2022-11-26T05:13:34Z</time></trkpt><trkpt lat="33.8499041" lon="133.3450639"><ele>863.0300000000001</ele><time>2022-11-26T05:13:45Z</time></trkpt><trkpt lat="33.8499585" lon="133.3452811"><ele>860.3299999999999</ele><time>2022-11-26T05:13:56Z</time></trkpt><trkpt lat="33.8499104" lon="133.3454898"><ele>858.37</ele><time>2022-11-26T05:14:07Z</time></trkpt><trkpt lat="33.8499311" lon="133.3457069"><ele>855.6633333333333</ele><time>2022-11-26T05:14:21Z</time></trkpt><trkpt lat="33.8500104" lon="133.34591"><ele>855.1233333333333</ele><time>2022-11-26T05:15:08Z</time></trkpt><trkpt lat="33.85012" lon="133.3460895"><ele>854.9433333333333</ele><time>2022-11-26T05:15:21Z</time></trkpt><trkpt lat="33.8502643" lon="133.3462214"><ele>854.5566666666667</ele><time>2022-11-26T05:15:34Z</time></trkpt><trkpt lat="33.850424" lon="133.346328"><ele>854.0833333333334</ele><time>2022-11-26T05:15:51Z</time></trkpt><trkpt lat="33.8505785" lon="133.3464528"><ele>853.3066666666667</ele><time>2022-11-26T05:16:06Z</time></trkpt><trkpt lat="33.8507594" lon="133.3464709"><ele>852.9233333333333</ele><time>2022-11-26T05:16:22Z</time></trkpt><trkpt lat="33.8509118" lon="133.3463551"><ele>852.11</ele><time>2022-11-26T05:16:34Z</time></trkpt><trkpt lat="33.8510156" lon="133.3461745"><ele>851.4699999999999</ele><time>2022-11-26T05:16:48Z</time></trkpt><trkpt lat="33.8510118" lon="133.3459541"><ele>850.12</ele><time>2022-11-26T05:17:03Z</time></trkpt><trkpt lat="33.8509033" lon="133.3457747"><ele>849.5566666666667</ele><time>2022-11-26T05:17:18Z</time></trkpt><trkpt lat="33.8508255" lon="133.3455675"><ele>849.3433333333334</ele><time>2022-11-26T05:17:32Z</time></trkpt><trkpt lat="33.8509099" lon="133.345374"><ele>849.86</ele><time>2022-11-26T05:17:47Z</time></trkpt><trkpt lat="33.8510606" lon="133.3452357"><ele>847.9266666666666</ele><time>2022-11-26T05:17:59Z</time></trkpt><trkpt lat="33.8511176" lon="133.3450265"><ele>842.4699999999999</ele><time>2022-11-26T05:18:11Z</time></trkpt><trkpt lat="33.8510268" lon="133.3448203"><ele>839.8033333333333</ele><time>2022-11-26T05:18:26Z</time></trkpt><trkpt lat="33.8510015" lon="133.3445985"><ele>838.4933333333333</ele><time>2022-11-26T05:18:42Z</time></trkpt><trkpt lat="33.851036" lon="133.3443802"><ele>841.0233333333334</ele><time>2022-11-26T05:18:59Z</time></trkpt><trkpt lat="33.8511254" lon="133.3441866"><ele>841.6700000000001</ele><time>2022-11-26T05:19:13Z</time></trkpt><trkpt lat="33.8513013" lon="133.3441213"><ele>842.3000000000001</ele><time>2022-11-26T05:19:22Z</time></trkpt><trkpt lat="33.8514722" lon="133.3442146"><ele>842.4133333333333</ele><time>2022-11-26T05:19:41Z</time></trkpt><trkpt lat="33.8514617" lon="133.344434"><ele>842.39</ele><time>2022-11-26T05:20:04Z</time></trkpt><trkpt lat="33.8514199" lon="133.3446509"><ele>842.66</ele><time>2022-11-26T05:20:20Z</time></trkpt><trkpt lat="33.8514393" lon="133.3448688"><ele>841.1566666666668</ele><time>2022-11-26T05:20:33Z</time></trkpt><trkpt lat="33.8515214" lon="133.3450634"><ele>838.0066666666667</ele><time>2022-11-26T05:20:45Z</time></trkpt><trkpt lat="33.8515815" lon="133.3452685"><ele>835.52</ele><time>2022-11-26T05:20:59Z</time></trkpt><trkpt lat="33.8515541" lon="133.3454856"><ele>834.5133333333333</ele><time>2022-11-26T05:21:11Z</time></trkpt><trkpt lat="33.8515875" lon="133.3457053"><ele>831.8266666666667</ele><time>2022-11-26T05:21:25Z</time></trkpt><trkpt lat="33.8517567" lon="133.3457886"><ele>829.87</ele><time>2022-11-26T05:21:37Z</time></trkpt><trkpt lat="33.8518598" lon="133.3459673"><ele>829.1566666666668</ele><time>2022-11-26T05:21:56Z</time></trkpt><trkpt lat="33.8518878" lon="133.3461864"><ele>832.2199999999999</ele><time>2022-11-26T05:22:12Z</time></trkpt><trkpt lat="33.851856" lon="133.3464049"><ele>833.68</ele><time>2022-11-26T05:22:26Z</time></trkpt><trkpt lat="33.8518095" lon="133.3466217"><ele>832.4433333333335</ele><time>2022-11-26T05:22:42Z</time></trkpt></trkseg></trk></gpx>