<?xml version='1.0' encoding='UTF-8'?><gpx creator="Yama Museum Peak Annotator" xsi:schemaLocation="http://www.topografix.com/GPX/1/1 http://www.topografix.com/GPX/1/1/gpx.xsd" version="1.1" xmlns="http://www.topografix.com/GPX/1/1" xmlns:xsi="http://www.w3.org/2001/XMLSchema-instance"><metadata><bounds maxlat="33.7635164" maxlon="133.0706328" minlat="33.7347369" minlon="132.9916145"/></metadata>  <wpt lat="33.7587783" lon="132.9928848">
    <ele>1076.4162189328617</ele>
    <name>割石東山</name>
    <desc>Peak detected at 1076m (prominence: 36m)</desc>
    <sym>Summit</sym>
  </wpt>
  <wpt lat="33.7587106" lon="133.0192751">
    <ele>1232.6866666666667</ele>
    <name>Peak (1233m)</name>
    <desc>Peak detected at 1233m (prominence: 106m)</desc>
    <sym>Summit</sym>
  </wpt>
  <wpt lat="33.7620048" lon="133.0352237">
    <ele>1301.993333333333</ele>
    <name>青滝山</name>
    <desc>Peak detected at 1302m (prominence: 136m)</desc>
    <sym>Summit</sym>
  </wpt>
  <wpt lat="33.7589522" lon="133.0444754">
    <ele>1256.8500000000001</ele>
    <name>Peak (1257m)</name>
    <desc>Peak detected at 1257m (prominence: 44m)</desc>
    <sym>Summit</sym>
  </wpt>
  <wpt lat="33.7557226" lon="133.066955">
    <ele>1682.5333333333335</ele>
    <name>堂ヶ森</name>
    <desc>Peak detected at 1683m (prominence: 684m)</desc>
    <sym>Summit</sym>
  </wpt>
  <wpt lat="33.7374797" lon="133.0312873">
    <ele>766.7766666666666</ele>
    <name>Peak (767m)</name>
    <desc>Peak detected at 767m (prominence: 58m)</desc>
    <sym>Summit</sym>
  </wpt>
<trk><name>割石東山・青滝山・堂ヶ森</name><number>1</number><trkseg><trkpt lat="33.7535557" lon="132.9931536"><ele>997.134065533399</ele><time>2022-05-14T21:10:59Z</time></trkpt><trkpt lat="33.7536445" lon="132.9929635"><ele>999.0145920725148</ele><time>2022-05-14T21:14:11Z</time></trkpt><trkpt lat="33.7537099" lon="132.9927533"><ele>998.6239381910773</ele><time>2022-05-14T21:14:42Z</time></trkpt><trkpt lat="33.7537029" lon="132.9925362"><ele>1000.6014927074198</ele><time>2022-05-14T21:14:59Z</time></trkpt><trkpt lat="33.7538792" lon="132.9924783"><ele>1002.1586468509594</ele><time>2022-05-14T21:15:28Z</time></trkpt><trkpt lat="33.7540619" lon="132.9925629"><ele>1005.8266292558974</ele><time>2022-05-14T21:15:38Z</time></trkpt><trkpt lat="33.7542248" lon="132.9926698"><ele>1009.4189929987996</ele><time>2022-05-14T21:20:37Z</time></trkpt><trkpt lat="33.7544087" lon="132.992683"><ele>1013.8875743806908</ele><time>2022-05-14T21:20:52Z</time></trkpt><trkpt lat="33.7545921" lon="132.9926692"><ele>1019.8696692345335</ele><time>2022-05-14T21:21:36Z</time></trkpt><trkpt lat="33.7547311" lon="132.9925223"><ele>1025.2600598837923</ele><time>2022-05-14T21:21:51Z</time></trkpt><trkpt lat="33.7548191" lon="132.992333"><ele>1030.6032073102608</ele><time>2022-05-14T21:22:18Z</time></trkpt><trkpt lat="33.7549882" lon="132.9922528"><ele>1032.0420611484553</ele><time>2022-05-14T21:22:59Z</time></trkpt><trkpt lat="33.7551725" lon="132.9922909"><ele>1032.882417227296</ele><time>2022-05-14T21:23:15Z</time></trkpt><trkpt lat="33.7553506" lon="132.9922422"><ele>1032.8701483322936</ele><time>2022-05-14T21:23:32Z</time></trkpt><trkpt lat="33.7555336" lon="132.9922277"><ele>1036.1646810659506</ele><time>2022-05-14T21:23:55Z</time></trkpt><trkpt lat="33.7556727" lon="132.9920357"><ele>1039.5701731354122</ele><time>2022-05-14T21:24:20Z</time></trkpt><trkpt lat="33.755813" lon="132.9918899"><ele>1040.9224570786737</ele><time>2022-05-14T21:24:45Z</time></trkpt><trkpt lat="33.7559681" lon="132.9917598"><ele>1038.477766972911</ele><time>2022-05-14T21:25:21Z</time></trkpt><trkpt lat="33.7561349" lon="132.9916587"><ele>1035.6202529189602</ele><time>2022-05-14T21:25:32Z</time></trkpt><trkpt lat="33.7563173" lon="132.9916145"><ele>1034.7908064410933</ele><time>2022-05-14T21:25:46Z</time></trkpt><trkpt lat="33.7565032" lon="132.9916176"><ele>1036.2715624250895</ele><time>2022-05-14T21:26:04Z</time></trkpt><trkpt lat="33.7566695" lon="132.9917124"><ele>1038.1427051148485</ele><time>2022-05-14T21:26:18Z</time></trkpt><trkpt lat="33.7568174" lon="132.9918379"><ele>1039.2841109330288</ele><time>2022-05-14T21:26:34Z</time></trkpt><trkpt lat="33.7569698" lon="132.9919587"><ele>1041.978494963707</ele><time>2022-05-14T21:27:27Z</time></trkpt><trkpt lat="33.7571493" lon="132.9918419"><ele>1043.4383811710488</ele><time>2022-05-14T21:27:42Z</time></trkpt><trkpt lat="33.7573305" lon="132.9918497"><ele>1045.0758811658443</ele><time>2022-05-14T21:27:54Z</time></trkpt><trkpt lat="33.7575121" lon="132.9918095"><ele>1044.8217677614546</ele><time>2022-05-14T21:28:06Z</time></trkpt><trkpt lat="33.7576847" lon="132.9917327"><ele>1046.4003971591155</ele><time>2022-05-14T21:28:17Z</time></trkpt><trkpt lat="33.7578647" lon="132.9917107"><ele>1047.9869251478428</ele><time>2022-05-14T21:28:31Z</time></trkpt><trkpt lat="33.7580423" lon="132.9917552"><ele>1050.4522256009443</ele><time>2022-05-14T21:28:48Z</time></trkpt><trkpt lat="33.7581836" lon="132.9916197"><ele>1053.8667535953966</ele><time>2022-05-14T21:29:14Z</time></trkpt><trkpt lat="33.7583448" lon="132.9917279"><ele>1058.8331456803924</ele><time>2022-05-14T21:29:46Z</time></trkpt><trkpt lat="33.7585048" lon="132.9918314"><ele>1060.975598797905</ele><time>2022-05-14T21:30:05Z</time></trkpt><trkpt lat="33.7586317" lon="132.9919851"><ele>1061.2671883102287</ele><time>2022-05-14T21:32:47Z</time></trkpt><trkpt lat="33.7587753" lon="132.9921259"><ele>1063.151282404436</ele><time>2022-05-14T21:33:28Z</time></trkpt><trkpt lat="33.7589092" lon="132.9922774"><ele>1069.4612727611027</ele><time>2022-05-14T21:35:02Z</time></trkpt><trkpt lat="33.758952" lon="132.9924888"><ele>1075.4040098489747</ele><time>2022-05-14T21:37:08Z</time></trkpt><trkpt lat="33.7588803" lon="132.9926872"><ele>1078.23322069151</ele><time>2022-05-14T21:38:06Z</time></trkpt><trkpt lat="33.7587783" lon="132.9928848"><ele>1076.4162189328617</ele><time>2022-05-14T21:38:19Z</time></trkpt><trkpt lat="33.7587784" lon="132.9931118"><ele>1074.4127861543168</ele><time>2022-05-14T21:38:35Z</time></trkpt><trkpt lat="33.7586588" lon="132.9932782"><ele>1073.2580340412583</ele><time>2022-05-14T21:38:59Z</time></trkpt><trkpt lat="33.7586601" lon="132.9934984"><ele>1073.333064263472</ele><time>2022-05-14T21:39:11Z</time></trkpt><trkpt lat="33.7586119" lon="132.9937106"><ele>1072.671179484072</ele><time>2022-05-14T21:39:27Z</time></trkpt><trkpt lat="33.7585857" lon="132.9939266"><ele>1071.1504684777567</ele><time>2022-05-14T21:39:42Z</time></trkpt><trkpt lat="33.7584856" lon="132.9941067"><ele>1068.3407707718948</ele><time>2022-05-14T21:39:55Z</time></trkpt><trkpt lat="33.7584344" lon="132.9943188"><ele>1066.6132625878918</ele><time>2022-05-14T21:40:09Z</time></trkpt><trkpt lat="33.7583793" lon="132.9945259"><ele>1063.2767711188455</ele><time>2022-05-14T21:40:29Z</time></trkpt><trkpt lat="33.7583552" lon="132.9947446"><ele>1061.7853138355702</ele><time>2022-05-14T21:40:47Z</time></trkpt><trkpt lat="33.7582921" lon="132.9949549"><ele>1059.7791581269169</ele><time>2022-05-14T21:41:00Z</time></trkpt><trkpt lat="33.7582361" lon="132.9951682"><ele>1058.395352059232</ele><time>2022-05-14T21:41:10Z</time></trkpt><trkpt lat="33.7581487" lon="132.9953665"><ele>1055.9262501363908</ele><time>2022-05-14T21:41:26Z</time></trkpt><trkpt lat="33.7580808" lon="132.9956052"><ele>1050.766134854677</ele><time>2022-05-14T21:41:54Z</time></trkpt><trkpt lat="33.7580085" lon="132.9958239"><ele>1045.421218073185</ele><time>2022-05-14T21:42:02Z</time></trkpt><trkpt lat="33.7579494" lon="132.9960316"><ele>1042.6680842626995</ele><time>2022-05-14T21:42:10Z</time></trkpt><trkpt lat="33.7579435" lon="132.9962524"><ele>1042.0199454981419</ele><time>2022-05-14T21:42:20Z</time></trkpt><trkpt lat="33.7578716" lon="132.9964523"><ele>1041.5897577598378</ele><time>2022-05-14T21:42:34Z</time></trkpt><trkpt lat="33.7577547" lon="132.9966167"><ele>1038.7953403444658</ele><time>2022-05-14T21:42:47Z</time></trkpt><trkpt lat="33.7576527" lon="132.9967982"><ele>1038.09227396556</ele><time>2022-05-14T21:43:02Z</time></trkpt><trkpt lat="33.7576561" lon="132.9970162"><ele>1039.5115197720145</ele><time>2022-05-14T21:43:23Z</time></trkpt><trkpt lat="33.7575808" lon="132.9972154"><ele>1045.1953137986377</ele><time>2022-05-14T21:44:18Z</time></trkpt><trkpt lat="33.7574849" lon="132.9974021"><ele>1049.8456943968956</ele><time>2022-05-14T21:44:39Z</time></trkpt><trkpt lat="33.7574781" lon="132.9976233"><ele>1052.78581641617</ele><time>2022-05-14T21:44:54Z</time></trkpt><trkpt lat="33.7574719" lon="132.9978451"><ele>1051.6903927421758</ele><time>2022-05-14T21:45:06Z</time></trkpt><trkpt lat="33.7574373" lon="132.9980634"><ele>1050.4853137261082</ele><time>2022-05-14T21:45:22Z</time></trkpt><trkpt lat="33.7574329" lon="132.9982859"><ele>1049.404742922283</ele><time>2022-05-14T21:45:58Z</time></trkpt><trkpt lat="33.7573916" lon="132.9984991"><ele>1050.0939291621146</ele><time>2022-05-14T21:46:11Z</time></trkpt><trkpt lat="33.7573252" lon="132.998704"><ele>1052.9557036631957</ele><time>2022-05-14T21:46:34Z</time></trkpt><trkpt lat="33.7572681" lon="132.9989145"><ele>1057.0791268477262</ele><time>2022-05-14T21:46:54Z</time></trkpt><trkpt lat="33.7572418" lon="132.999132"><ele>1060.5396656079374</ele><time>2022-05-14T21:47:12Z</time></trkpt><trkpt lat="33.7572837" lon="132.999354"><ele>1060.3408329823744</ele><time>2022-05-14T21:47:42Z</time></trkpt><trkpt lat="33.7572951" lon="132.9995737"><ele>1059.1272587566311</ele><time>2022-05-14T21:47:52Z</time></trkpt><trkpt lat="33.7572674" lon="132.9997903"><ele>1058.7951280621987</ele><time>2022-05-14T21:48:06Z</time></trkpt><trkpt lat="33.7572179" lon="132.9999991"><ele>1061.591833263368</ele><time>2022-05-14T21:48:22Z</time></trkpt><trkpt lat="33.7571911" lon="133.0002166"><ele>1065.4786371902894</ele><time>2022-05-14T21:48:39Z</time></trkpt><trkpt lat="33.757122" lon="133.0004231"><ele>1069.1254703903328</ele><time>2022-05-14T21:49:04Z</time></trkpt><trkpt lat="33.75704" lon="133.0006296"><ele>1070.5689792038372</ele><time>2022-05-14T21:49:17Z</time></trkpt><trkpt lat="33.7569371" lon="133.000813"><ele>1068.3447725891813</ele><time>2022-05-14T21:49:32Z</time></trkpt><trkpt lat="33.7568196" lon="133.0009768"><ele>1064.9066666666668</ele><time>2022-05-14T21:49:50Z</time></trkpt><trkpt lat="33.7566959" lon="133.0011357"><ele>1062.8266666666668</ele><time>2022-05-14T21:50:16Z</time></trkpt><trkpt lat="33.7566273" lon="133.0013434"><ele>1064.7333333333333</ele><time>2022-05-14T21:50:45Z</time></trkpt><trkpt lat="33.7565937" lon="133.0015556"><ele>1067.72</ele><time>2022-05-14T21:50:55Z</time></trkpt><trkpt lat="33.756524" lon="133.0017552"><ele>1070.2333333333333</ele><time>2022-05-14T21:51:12Z</time></trkpt><trkpt lat="33.7565251" lon="133.0019733"><ele>1071.5</ele><time>2022-05-14T21:51:43Z</time></trkpt><trkpt lat="33.7564816" lon="133.0021862"><ele>1071.6866666666667</ele><time>2022-05-14T21:52:03Z</time></trkpt><trkpt lat="33.7564796" lon="133.0024021"><ele>1070.9933333333336</ele><time>2022-05-14T21:52:16Z</time></trkpt><trkpt lat="33.7564359" lon="133.0026136"><ele>1071.55</ele><time>2022-05-14T21:53:33Z</time></trkpt><trkpt lat="33.7564103" lon="133.0028275"><ele>1072.3633333333335</ele><time>2022-05-14T21:54:09Z</time></trkpt><trkpt lat="33.7563632" lon="133.0030504"><ele>1074.5633333333333</ele><time>2022-05-14T21:54:24Z</time></trkpt><trkpt lat="33.7562991" lon="133.0032531"><ele>1077.4966666666667</ele><time>2022-05-14T21:54:44Z</time></trkpt><trkpt lat="33.7562975" lon="133.0034709"><ele>1081.34</ele><time>2022-05-14T21:55:18Z</time></trkpt><trkpt lat="33.7562601" lon="133.0036868"><ele>1086.18</ele><time>2022-05-14T21:55:46Z</time></trkpt><trkpt lat="33.756204" lon="133.0038926"><ele>1090.0</ele><time>2022-05-14T21:56:27Z</time></trkpt><trkpt lat="33.756139" lon="133.0040946"><ele>1095.1066666666668</ele><time>2022-05-14T21:56:54Z</time></trkpt><trkpt lat="33.7560983" lon="133.0043179"><ele>1100.0100000000002</ele><time>2022-05-14T21:57:09Z</time></trkpt><trkpt lat="33.7560947" lon="133.0045373"><ele>1105.2333333333333</ele><time>2022-05-14T21:57:20Z</time></trkpt><trkpt lat="33.7561392" lon="133.0047535"><ele>1106.6833333333334</ele><time>2022-05-14T21:57:36Z</time></trkpt><trkpt lat="33.7561314" lon="133.0049733"><ele>1105.9466666666667</ele><time>2022-05-14T21:58:16Z</time></trkpt><trkpt lat="33.7561619" lon="133.0051871"><ele>1103.6033333333335</ele><time>2022-05-14T21:58:41Z</time></trkpt><trkpt lat="33.7561231" lon="133.0054026"><ele>1102.62</ele><time>2022-05-14T21:59:07Z</time></trkpt><trkpt lat="33.7561215" lon="133.005619"><ele>1102.0866666666668</ele><time>2022-05-14T21:59:31Z</time></trkpt><trkpt lat="33.7561281" lon="133.0058443"><ele>1101.6266666666668</ele><time>2022-05-14T21:59:50Z</time></trkpt><trkpt lat="33.7561324" lon="133.0060693"><ele>1102.21</ele><time>2022-05-14T22:00:01Z</time></trkpt><trkpt lat="33.7561353" lon="133.0062894"><ele>1104.5766666666668</ele><time>2022-05-14T22:00:15Z</time></trkpt><trkpt lat="33.7562053" lon="133.0064945"><ele>1105.9166666666667</ele><time>2022-05-14T22:00:44Z</time></trkpt><trkpt lat="33.7562254" lon="133.0067099"><ele>1105.4433333333334</ele><time>2022-05-14T22:00:57Z</time></trkpt><trkpt lat="33.7561856" lon="133.0069251"><ele>1103.4633333333334</ele><time>2022-05-14T22:01:15Z</time></trkpt><trkpt lat="33.7561795" lon="133.0071503"><ele>1102.39</ele><time>2022-05-14T22:01:29Z</time></trkpt><trkpt lat="33.7561468" lon="133.0073663"><ele>1102.2166666666667</ele><time>2022-05-14T22:01:43Z</time></trkpt><trkpt lat="33.7561581" lon="133.0075818"><ele>1101.9433333333334</ele><time>2022-05-14T22:02:11Z</time></trkpt><trkpt lat="33.7562291" lon="133.0077875"><ele>1101.8100000000002</ele><time>2022-05-14T22:02:34Z</time></trkpt><trkpt lat="33.7562578" lon="133.0080031"><ele>1102.3166666666666</ele><time>2022-05-14T22:02:54Z</time></trkpt><trkpt lat="33.7563268" lon="133.0082065"><ele>1103.51</ele><time>2022-05-14T22:03:09Z</time></trkpt><trkpt lat="33.7564329" lon="133.0083829"><ele>1104.4566666666667</ele><time>2022-05-14T22:03:29Z</time></trkpt><trkpt lat="33.7565502" lon="133.0085471"><ele>1104.4766666666667</ele><time>2022-05-14T22:03:48Z</time></trkpt><trkpt lat="33.7565831" lon="133.0087619"><ele>1103.5466666666669</ele><time>2022-05-14T22:04:15Z</time></trkpt><trkpt lat="33.7565681" lon="133.008985"><ele>1102.6499999999999</ele><time>2022-05-14T22:04:28Z</time></trkpt><trkpt lat="33.7565721" lon="133.0092059"><ele>1101.8400000000001</ele><time>2022-05-14T22:04:45Z</time></trkpt><trkpt lat="33.7564756" lon="133.0094002"><ele>1101.1633333333332</ele><time>2022-05-14T22:05:03Z</time></trkpt><trkpt lat="33.7563874" lon="133.009591"><ele>1098.47</ele><time>2022-05-14T22:05:16Z</time></trkpt><trkpt lat="33.7562862" lon="133.0097753"><ele>1095.4466666666667</ele><time>2022-05-14T22:05:38Z</time></trkpt><trkpt lat="33.7562516" lon="133.0099922"><ele>1092.1633333333332</ele><time>2022-05-14T22:06:07Z</time></trkpt><trkpt lat="33.7562829" lon="133.0102093"><ele>1092.2533333333333</ele><time>2022-05-14T22:06:27Z</time></trkpt><trkpt lat="33.7563125" lon="133.0104231"><ele>1094.3933333333334</ele><time>2022-05-14T22:07:18Z</time></trkpt><trkpt lat="33.7564477" lon="133.0105677"><ele>1100.5600000000002</ele><time>2022-05-14T22:08:09Z</time></trkpt><trkpt lat="33.7564765" lon="133.0107816"><ele>1108.0933333333335</ele><time>2022-05-14T22:14:15Z</time></trkpt><trkpt lat="33.7565253" lon="133.0109937"><ele>1117.5900000000001</ele><time>2022-05-14T22:14:36Z</time></trkpt><trkpt lat="33.7565611" lon="133.0112066"><ele>1125.4566666666667</ele><time>2022-05-14T22:15:30Z</time></trkpt><trkpt lat="33.7566436" lon="133.0114048"><ele>1133.5366666666666</ele><time>2022-05-14T22:15:55Z</time></trkpt><trkpt lat="33.7566845" lon="133.0116155"><ele>1139.466666666667</ele><time>2022-05-14T22:16:34Z</time></trkpt><trkpt lat="33.7567428" lon="133.0118241"><ele>1145.5166666666667</ele><time>2022-05-14T22:17:16Z</time></trkpt><trkpt lat="33.7568333" lon="133.012012"><ele>1151.3866666666668</ele><time>2022-05-14T22:18:02Z</time></trkpt><trkpt lat="33.7568226" lon="133.0122357"><ele>1157.5700000000002</ele><time>2022-05-14T22:18:23Z</time></trkpt><trkpt lat="33.7568591" lon="133.012451"><ele>1164.0966666666666</ele><time>2022-05-14T22:18:48Z</time></trkpt><trkpt lat="33.7569723" lon="133.0126191"><ele>1169.1433333333334</ele><time>2022-05-14T22:19:07Z</time></trkpt><trkpt lat="33.7570334" lon="133.0128232"><ele>1174.0333333333333</ele><time>2022-05-14T22:19:27Z</time></trkpt><trkpt lat="33.7571835" lon="133.0129465"><ele>1178.0466666666669</ele><time>2022-05-14T22:19:56Z</time></trkpt><trkpt lat="33.757219" lon="133.0131582"><ele>1182.3533333333335</ele><time>2022-05-14T22:20:14Z</time></trkpt><trkpt lat="33.7573421" lon="133.0133205"><ele>1186.743333333333</ele><time>2022-05-14T22:21:13Z</time></trkpt><trkpt lat="33.7574509" lon="133.0134967"><ele>1190.7533333333333</ele><time>2022-05-14T22:21:28Z</time></trkpt><trkpt lat="33.7574758" lon="133.0137189"><ele>1195.2266666666667</ele><time>2022-05-14T22:21:43Z</time></trkpt><trkpt lat="33.7575432" lon="133.0139207"><ele>1198.6466666666665</ele><time>2022-05-14T22:21:57Z</time></trkpt><trkpt lat="33.7575499" lon="133.0141449"><ele>1201.3500000000001</ele><time>2022-05-14T22:22:35Z</time></trkpt><trkpt lat="33.7575961" lon="133.0143612"><ele>1202.6033333333335</ele><time>2022-05-14T22:22:49Z</time></trkpt><trkpt lat="33.7575861" lon="133.0145777"><ele>1204.4433333333334</ele><time>2022-05-14T22:23:07Z</time></trkpt><trkpt lat="33.7575833" lon="133.0147952"><ele>1206.9233333333334</ele><time>2022-05-14T22:23:31Z</time></trkpt><trkpt lat="33.7576336" lon="133.0150049"><ele>1208.9933333333333</ele><time>2022-05-14T22:23:44Z</time></trkpt><trkpt lat="33.7576866" lon="133.0152139"><ele>1209.49</ele><time>2022-05-14T22:24:05Z</time></trkpt><trkpt lat="33.7577488" lon="133.0154218"><ele>1208.9499999999998</ele><time>2022-05-14T22:24:30Z</time></trkpt><trkpt lat="33.7578371" lon="133.0156179"><ele>1209.3500000000001</ele><time>2022-05-14T22:24:40Z</time></trkpt><trkpt lat="33.7579645" lon="133.0157721"><ele>1209.3500000000001</ele><time>2022-05-14T22:25:04Z</time></trkpt><trkpt lat="33.7579859" lon="133.0159884"><ele>1208.9233333333334</ele><time>2022-05-14T22:25:34Z</time></trkpt><trkpt lat="33.7579947" lon="133.0162104"><ele>1206.2533333333333</ele><time>2022-05-14T22:25:49Z</time></trkpt><trkpt lat="33.7580018" lon="133.0164307"><ele>1204.54</ele><time>2022-05-14T22:26:06Z</time></trkpt><trkpt lat="33.7580258" lon="133.0166474"><ele>1204.9866666666667</ele><time>2022-05-14T22:26:22Z</time></trkpt><trkpt lat="33.7581074" lon="133.0168416"><ele>1207.6066666666668</ele><time>2022-05-14T22:26:35Z</time></trkpt><trkpt lat="33.7581956" lon="133.0170313"><ele>1210.1866666666667</ele><time>2022-05-14T22:27:17Z</time></trkpt><trkpt lat="33.7582482" lon="133.0172476"><ele>1211.0166666666667</ele><time>2022-05-14T22:27:39Z</time></trkpt><trkpt lat="33.75829" lon="133.0174634"><ele>1212.11</ele><time>2022-05-14T22:27:48Z</time></trkpt><trkpt lat="33.7583659" lon="133.0176683"><ele>1214.5800000000002</ele><time>2022-05-14T22:27:57Z</time></trkpt><trkpt lat="33.7583325" lon="133.0178915"><ele>1217.7966666666666</ele><time>2022-05-14T22:28:26Z</time></trkpt><trkpt lat="33.7583272" lon="133.0181099"><ele>1221.0266666666666</ele><time>2022-05-14T22:28:57Z</time></trkpt><trkpt lat="33.7583867" lon="133.0183183"><ele>1223.24</ele><time>2022-05-14T22:29:12Z</time></trkpt><trkpt lat="33.7584289" lon="133.0185287"><ele>1226.6633333333332</ele><time>2022-05-14T22:29:32Z</time></trkpt><trkpt lat="33.7585332" lon="133.0187068"><ele>1229.03</ele><time>2022-05-14T22:29:52Z</time></trkpt><trkpt lat="33.7586703" lon="133.018853"><ele>1230.0600000000002</ele><time>2022-05-14T22:30:13Z</time></trkpt><trkpt lat="33.7587367" lon="133.0190556"><ele>1231.6733333333334</ele><time>2022-05-14T22:30:30Z</time></trkpt><trkpt lat="33.7587106" lon="133.0192751"><ele>1232.6866666666667</ele><time>2022-05-14T22:30:47Z</time></trkpt><trkpt lat="33.7587441" lon="133.01949"><ele>1233.8666666666666</ele><time>2022-05-14T22:31:06Z</time></trkpt><trkpt lat="33.7587777" lon="133.0197068"><ele>1232.16</ele><time>2022-05-14T22:31:22Z</time></trkpt><trkpt lat="33.7589124" lon="133.0198598"><ele>1227.4733333333334</ele><time>2022-05-14T22:31:44Z</time></trkpt><trkpt lat="33.7590212" lon="133.0200374"><ele>1221.9666666666667</ele><time>2022-05-14T22:32:02Z</time></trkpt><trkpt lat="33.7590077" lon="133.0202532"><ele>1215.7466666666667</ele><time>2022-05-14T22:32:23Z</time></trkpt><trkpt lat="33.7590851" lon="133.0204489"><ele>1210.42</ele><time>2022-05-14T22:32:42Z</time></trkpt><trkpt lat="33.7592024" lon="133.0206358"><ele>1204.0766666666666</ele><time>2022-05-14T22:33:03Z</time></trkpt><trkpt lat="33.7593337" lon="133.0207846"><ele>1196.54</ele><time>2022-05-14T22:33:21Z</time></trkpt><trkpt lat="33.7594838" lon="133.0209197"><ele>1190.2933333333333</ele><time>2022-05-14T22:33:37Z</time></trkpt><trkpt lat="33.759627" lon="133.0210558"><ele>1185.426666666667</ele><time>2022-05-14T22:33:56Z</time></trkpt><trkpt lat="33.7597717" lon="133.0211887"><ele>1181.46</ele><time>2022-05-14T22:34:27Z</time></trkpt><trkpt lat="33.7598644" lon="133.0213796"><ele>1178.03</ele><time>2022-05-14T22:34:57Z</time></trkpt><trkpt lat="33.7600006" lon="133.0215277"><ele>1173.743333333333</ele><time>2022-05-14T22:35:12Z</time></trkpt><trkpt lat="33.760162" lon="133.0216406"><ele>1169.1933333333334</ele><time>2022-05-14T22:35:24Z</time></trkpt><trkpt lat="33.7602769" lon="133.0218093"><ele>1164.5833333333333</ele><time>2022-05-14T22:35:43Z</time></trkpt><trkpt lat="33.7604387" lon="133.0219322"><ele>1160.8366666666668</ele><time>2022-05-14T22:35:58Z</time></trkpt><trkpt lat="33.7605786" lon="133.0220686"><ele>1159.9633333333331</ele><time>2022-05-14T22:36:13Z</time></trkpt><trkpt lat="33.7607123" lon="133.0222187"><ele>1160.31</ele><time>2022-05-14T22:36:30Z</time></trkpt><trkpt lat="33.7607866" lon="133.0224239"><ele>1161.68</ele><time>2022-05-14T22:36:56Z</time></trkpt><trkpt lat="33.7609313" lon="133.0225583"><ele>1159.5800000000002</ele><time>2022-05-14T22:37:19Z</time></trkpt><trkpt lat="33.7610684" lon="133.0227043"><ele>1155.1000000000001</ele><time>2022-05-14T22:37:50Z</time></trkpt><trkpt lat="33.7612308" lon="133.0228"><ele>1148.7633333333333</ele><time>2022-05-14T22:38:10Z</time></trkpt><trkpt lat="33.7613657" lon="133.0229436"><ele>1143.7</ele><time>2022-05-14T22:38:26Z</time></trkpt><trkpt lat="33.7615355" lon="133.0230205"><ele>1138.2433333333336</ele><time>2022-05-14T22:38:41Z</time></trkpt><trkpt lat="33.7616208" lon="133.0232133"><ele>1134.9066666666668</ele><time>2022-05-14T22:38:57Z</time></trkpt><trkpt lat="33.7617395" lon="133.0233813"><ele>1131.0433333333333</ele><time>2022-05-14T22:39:26Z</time></trkpt><trkpt lat="33.7618188" lon="133.0235808"><ele>1128.48</ele><time>2022-05-14T22:39:44Z</time></trkpt><trkpt lat="33.7618982" lon="133.0237767"><ele>1124.8066666666668</ele><time>2022-05-14T22:40:35Z</time></trkpt><trkpt lat="33.7620798" lon="133.0238178"><ele>1123.51</ele><time>2022-05-14T22:41:47Z</time></trkpt><trkpt lat="33.762263" lon="133.0238198"><ele>1125.5833333333333</ele><time>2022-05-14T22:42:08Z</time></trkpt><trkpt lat="33.762438" lon="133.0238728"><ele>1130.3666666666666</ele><time>2022-05-14T22:42:49Z</time></trkpt><trkpt lat="33.762625" lon="133.0239094"><ele>1135.4166666666667</ele><time>2022-05-14T22:43:12Z</time></trkpt><trkpt lat="33.762805" lon="133.0239365"><ele>1138.9533333333334</ele><time>2022-05-14T22:43:46Z</time></trkpt><trkpt lat="33.76293" lon="133.0240994"><ele>1141.8166666666666</ele><time>2022-05-14T22:44:18Z</time></trkpt><trkpt lat="33.7630462" lon="133.0242667"><ele>1143.493333333333</ele><time>2022-05-14T22:44:40Z</time></trkpt><trkpt lat="33.7630089" lon="133.0244829"><ele>1145.1833333333334</ele><time>2022-05-14T22:44:57Z</time></trkpt><trkpt lat="33.7629728" lon="133.0247034"><ele>1146.5866666666668</ele><time>2022-05-14T22:45:23Z</time></trkpt><trkpt lat="33.7629448" lon="133.0249203"><ele>1149.4533333333331</ele><time>2022-05-14T22:45:48Z</time></trkpt><trkpt lat="33.7630408" lon="133.0251044"><ele>1150.75</ele><time>2022-05-14T22:46:25Z</time></trkpt><trkpt lat="33.7630008" lon="133.0253185"><ele>1152.1333333333332</ele><time>2022-05-14T22:46:46Z</time></trkpt><trkpt lat="33.7628941" lon="133.0254935"><ele>1150.7233333333334</ele><time>2022-05-14T22:47:01Z</time></trkpt><trkpt lat="33.7627201" lon="133.0255575"><ele>1153.71</ele><time>2022-05-14T22:47:19Z</time></trkpt><trkpt lat="33.7625659" lon="133.0256726"><ele>1157.1533333333334</ele><time>2022-05-14T22:47:35Z</time></trkpt><trkpt lat="33.7624027" lon="133.0257745"><ele>1162.7</ele><time>2022-05-14T22:47:57Z</time></trkpt><trkpt lat="33.7623387" lon="133.025985"><ele>1165.79</ele><time>2022-05-14T22:48:28Z</time></trkpt><trkpt lat="33.7623261" lon="133.0262058"><ele>1169.16</ele><time>2022-05-14T22:49:28Z</time></trkpt><trkpt lat="33.7623592" lon="133.026424"><ele>1174.1500000000003</ele><time>2022-05-14T22:49:52Z</time></trkpt><trkpt lat="33.7622965" lon="133.0266302"><ele>1180.3700000000001</ele><time>2022-05-14T22:50:28Z</time></trkpt><trkpt lat="33.7623446" lon="133.026852"><ele>1189.0466666666669</ele><time>2022-05-14T22:51:19Z</time></trkpt><trkpt lat="33.7624531" lon="133.0270252"><ele>1192.94</ele><time>2022-05-14T22:55:07Z</time></trkpt><trkpt lat="33.7626269" lon="133.0269567"><ele>1188.9266666666667</ele><time>2022-05-14T22:56:08Z</time></trkpt><trkpt lat="33.7624476" lon="133.0270807"><ele>1189.1133333333335</ele><time>2022-05-14T22:56:17Z</time></trkpt><trkpt lat="33.7623717" lon="133.0273038"><ele>1195.1766666666665</ele><time>2022-05-14T22:56:26Z</time></trkpt><trkpt lat="33.7622609" lon="133.0274892"><ele>1209.9199999999998</ele><time>2022-05-14T22:57:46Z</time></trkpt><trkpt lat="33.7621634" lon="133.0276764"><ele>1220.2066666666667</ele><time>2022-05-14T22:58:05Z</time></trkpt><trkpt lat="33.7622352" lon="133.0278767"><ele>1224.6299999999999</ele><time>2022-05-14T22:58:39Z</time></trkpt><trkpt lat="33.7622653" lon="133.0280908"><ele>1225.3033333333333</ele><time>2022-05-14T22:59:14Z</time></trkpt><trkpt lat="33.7623126" lon="133.0283118"><ele>1222.4666666666665</ele><time>2022-05-14T22:59:37Z</time></trkpt><trkpt lat="33.762351" lon="133.0285287"><ele>1221.83</ele><time>2022-05-14T22:59:50Z</time></trkpt><trkpt lat="33.7623165" lon="133.0287443"><ele>1222.8733333333332</ele><time>2022-05-14T23:00:05Z</time></trkpt><trkpt lat="33.762298" lon="133.0289663"><ele>1225.2666666666667</ele><time>2022-05-14T23:00:21Z</time></trkpt><trkpt lat="33.7623981" lon="133.0291527"><ele>1229.3333333333335</ele><time>2022-05-14T23:01:35Z</time></trkpt><trkpt lat="33.7623887" lon="133.0293787"><ele>1234.74</ele><time>2022-05-14T23:01:46Z</time></trkpt><trkpt lat="33.7624183" lon="133.0295918"><ele>1239.21</ele><time>2022-05-14T23:02:04Z</time></trkpt><trkpt lat="33.762462" lon="133.0298136"><ele>1241.7933333333335</ele><time>2022-05-14T23:02:43Z</time></trkpt><trkpt lat="33.7626164" lon="133.0299442"><ele>1240.1133333333335</ele><time>2022-05-14T23:03:00Z</time></trkpt><trkpt lat="33.7626531" lon="133.0301593"><ele>1237.75</ele><time>2022-05-14T23:03:23Z</time></trkpt><trkpt lat="33.7627932" lon="133.0303049"><ele>1234.8500000000001</ele><time>2022-05-14T23:04:00Z</time></trkpt><trkpt lat="33.7629455" lon="133.030421"><ele>1233.6766666666665</ele><time>2022-05-14T23:04:13Z</time></trkpt><trkpt lat="33.7631345" lon="133.030502"><ele>1232.5833333333333</ele><time>2022-05-14T23:04:30Z</time></trkpt><trkpt lat="33.7632716" lon="133.030651"><ele>1233.0166666666667</ele><time>2022-05-14T23:05:05Z</time></trkpt><trkpt lat="33.7633441" lon="133.0308512"><ele>1234.2433333333336</ele><time>2022-05-14T23:05:24Z</time></trkpt><trkpt lat="33.7634335" lon="133.0310441"><ele>1236.96</ele><time>2022-05-14T23:05:39Z</time></trkpt><trkpt lat="33.7635164" lon="133.0312427"><ele>1240.7866666666666</ele><time>2022-05-14T23:06:05Z</time></trkpt><trkpt lat="33.7634982" lon="133.0314578"><ele>1245.9366666666667</ele><time>2022-05-14T23:07:10Z</time></trkpt><trkpt lat="33.7634558" lon="133.031687"><ele>1251.9066666666668</ele><time>2022-05-14T23:09:26Z</time></trkpt><trkpt lat="33.7633323" lon="133.031865"><ele>1257.4233333333334</ele><time>2022-05-14T23:09:40Z</time></trkpt><trkpt lat="33.7633419" lon="133.0320866"><ele>1263.466666666667</ele><time>2022-05-14T23:09:56Z</time></trkpt><trkpt lat="33.763385" lon="133.0322966"><ele>1267.9233333333334</ele><time>2022-05-14T23:10:20Z</time></trkpt><trkpt lat="33.763398" lon="133.0325154"><ele>1272.4033333333334</ele><time>2022-05-14T23:10:39Z</time></trkpt><trkpt lat="33.7632677" lon="133.0326704"><ele>1275.43</ele><time>2022-05-14T23:10:58Z</time></trkpt><trkpt lat="33.7632109" lon="133.032876"><ele>1278.8700000000001</ele><time>2022-05-14T23:11:33Z</time></trkpt><trkpt lat="33.7632586" lon="133.0330876"><ele>1280.9733333333334</ele><time>2022-05-14T23:11:58Z</time></trkpt><trkpt lat="33.7632355" lon="133.0333103"><ele>1283.1833333333334</ele><time>2022-05-14T23:12:16Z</time></trkpt><trkpt lat="33.7631903" lon="133.0335274"><ele>1284.8166666666666</ele><time>2022-05-14T23:12:32Z</time></trkpt><trkpt lat="33.7632514" lon="133.0337318"><ele>1287.0033333333333</ele><time>2022-05-14T23:13:07Z</time></trkpt><trkpt lat="33.7631967" lon="133.0339387"><ele>1288.8233333333335</ele><time>2022-05-14T23:13:37Z</time></trkpt><trkpt lat="33.7631455" lon="133.0341515"><ele>1290.6933333333334</ele><time>2022-05-14T23:13:54Z</time></trkpt><trkpt lat="33.763021" lon="133.0343111"><ele>1292.4799999999998</ele><time>2022-05-14T23:14:16Z</time></trkpt><trkpt lat="33.7628952" lon="133.0344837"><ele>1293.49</ele><time>2022-05-14T23:14:31Z</time></trkpt><trkpt lat="33.7627691" lon="133.0346435"><ele>1294.7566666666667</ele><time>2022-05-14T23:14:45Z</time></trkpt><trkpt lat="33.7626238" lon="133.0347807"><ele>1296.6033333333335</ele><time>2022-05-14T23:15:20Z</time></trkpt><trkpt lat="33.7624692" lon="133.0348954"><ele>1298.9566666666667</ele><time>2022-05-14T23:15:42Z</time></trkpt><trkpt lat="33.762272" lon="133.0349269"><ele>1301.1033333333335</ele><time>2022-05-14T23:15:59Z</time></trkpt><trkpt lat="33.7621466" lon="133.0350824"><ele>1301.9199999999998</ele><time>2022-05-14T23:22:24Z</time></trkpt><trkpt lat="33.7620048" lon="133.0352237"><ele>1301.993333333333</ele><time>2022-05-14T23:22:34Z</time></trkpt><trkpt lat="33.7619508" lon="133.0354409"><ele>1301.3000000000002</ele><time>2022-05-14T23:22:47Z</time></trkpt><trkpt lat="33.7619088" lon="133.035654"><ele>1300.5733333333335</ele><time>2022-05-14T23:23:00Z</time></trkpt><trkpt lat="33.7618126" lon="133.0358426"><ele>1298.3333333333333</ele><time>2022-05-14T23:23:13Z</time></trkpt><trkpt lat="33.7617633" lon="133.0360674"><ele>1292.32</ele><time>2022-05-14T23:23:35Z</time></trkpt><trkpt lat="33.7617142" lon="133.0362795"><ele>1284.84</ele><time>2022-05-14T23:23:51Z</time></trkpt><trkpt lat="33.761782" lon="133.0364809"><ele>1276.1433333333334</ele><time>2022-05-14T23:24:14Z</time></trkpt><trkpt lat="33.7617985" lon="133.0367069"><ele>1270.0133333333333</ele><time>2022-05-14T23:24:42Z</time></trkpt><trkpt lat="33.7617206" lon="133.0369109"><ele>1264.7633333333333</ele><time>2022-05-14T23:24:54Z</time></trkpt><trkpt lat="33.7617074" lon="133.0371338"><ele>1261.1333333333332</ele><time>2022-05-14T23:25:06Z</time></trkpt><trkpt lat="33.7615283" lon="133.0372289"><ele>1257.8733333333332</ele><time>2022-05-14T23:25:21Z</time></trkpt><trkpt lat="33.7613643" lon="133.0373285"><ele>1253.5533333333333</ele><time>2022-05-14T23:25:42Z</time></trkpt><trkpt lat="33.7612574" lon="133.0375081"><ele>1250.0933333333332</ele><time>2022-05-14T23:26:00Z</time></trkpt><trkpt lat="33.761115" lon="133.0376455"><ele>1246.9333333333334</ele><time>2022-05-14T23:26:21Z</time></trkpt><trkpt lat="33.7609771" lon="133.0377864"><ele>1245.1499999999999</ele><time>2022-05-14T23:26:38Z</time></trkpt><trkpt lat="33.7609974" lon="133.03801"><ele>1242.7233333333334</ele><time>2022-05-14T23:27:12Z</time></trkpt><trkpt lat="33.7609597" lon="133.0382229"><ele>1240.2500000000002</ele><time>2022-05-14T23:27:31Z</time></trkpt><trkpt lat="33.7609206" lon="133.0384399"><ele>1237.03</ele><time>2022-05-14T23:27:46Z</time></trkpt><trkpt lat="33.7608305" lon="133.0386329"><ele>1233.49</ele><time>2022-05-14T23:28:02Z</time></trkpt><trkpt lat="33.760906" lon="133.0388308"><ele>1229.75</ele><time>2022-05-14T23:28:21Z</time></trkpt><trkpt lat="33.7608706" lon="133.0390536"><ele>1226.2566666666667</ele><time>2022-05-14T23:29:18Z</time></trkpt><trkpt lat="33.7608724" lon="133.039279"><ele>1223.7366666666667</ele><time>2022-05-14T23:29:28Z</time></trkpt><trkpt lat="33.7607555" lon="133.039446"><ele>1220.8233333333333</ele><time>2022-05-14T23:29:41Z</time></trkpt><trkpt lat="33.7607065" lon="133.039659"><ele>1216.6566666666668</ele><time>2022-05-14T23:29:59Z</time></trkpt><trkpt lat="33.7606894" lon="133.0398761"><ele>1213.3633333333335</ele><time>2022-05-14T23:30:17Z</time></trkpt><trkpt lat="33.7606389" lon="133.0400944"><ele>1212.1566666666668</ele><time>2022-05-14T23:30:36Z</time></trkpt><trkpt lat="33.760589" lon="133.0403106"><ele>1214.82</ele><time>2022-05-14T23:31:01Z</time></trkpt><trkpt lat="33.760613" lon="133.040525"><ele>1217.1766666666665</ele><time>2022-05-14T23:31:19Z</time></trkpt><trkpt lat="33.7606363" lon="133.0407407"><ele>1217.8500000000001</ele><time>2022-05-14T23:31:32Z</time></trkpt><trkpt lat="33.7606622" lon="133.0409559"><ele>1214.73</ele><time>2022-05-14T23:32:01Z</time></trkpt><trkpt lat="33.7605962" lon="133.0411622"><ele>1211.0033333333333</ele><time>2022-05-14T23:32:29Z</time></trkpt><trkpt lat="33.760557" lon="133.0413758"><ele>1208.38</ele><time>2022-05-14T23:32:47Z</time></trkpt><trkpt lat="33.7604542" lon="133.0415594"><ele>1208.9466666666667</ele><time>2022-05-14T23:33:23Z</time></trkpt><trkpt lat="33.7603057" lon="133.041693"><ele>1211.0366666666666</ele><time>2022-05-14T23:33:38Z</time></trkpt><trkpt lat="33.7602024" lon="133.0418783"><ele>1213.676666666667</ele><time>2022-05-14T23:33:51Z</time></trkpt><trkpt lat="33.7600667" lon="133.0420342"><ele>1216.36</ele><time>2022-05-14T23:34:05Z</time></trkpt><trkpt lat="33.7599354" lon="133.0421917"><ele>1218.4433333333334</ele><time>2022-05-14T23:34:23Z</time></trkpt><trkpt lat="33.7600454" lon="133.0423675"><ele>1219.5266666666666</ele><time>2022-05-14T23:34:49Z</time></trkpt><trkpt lat="33.7599126" lon="133.0425145"><ele>1220.9233333333334</ele><time>2022-05-14T23:35:06Z</time></trkpt><trkpt lat="33.7597577" lon="133.0426342"><ele>1224.0033333333333</ele><time>2022-05-14T23:35:21Z</time></trkpt><trkpt lat="33.75961" lon="133.0427601"><ele>1228.0666666666666</ele><time>2022-05-14T23:35:36Z</time></trkpt><trkpt lat="33.7595559" lon="133.0429742"><ele>1231.6933333333334</ele><time>2022-05-14T23:35:50Z</time></trkpt><trkpt lat="33.7595724" lon="133.0431923"><ele>1234.4466666666665</ele><time>2022-05-14T23:36:12Z</time></trkpt><trkpt lat="33.7594215" lon="133.0433166"><ele>1236.6766666666667</ele><time>2022-05-14T23:36:27Z</time></trkpt><trkpt lat="33.759302" lon="133.0434785"><ele>1238.8966666666668</ele><time>2022-05-14T23:37:26Z</time></trkpt><trkpt lat="33.7592447" lon="133.0436934"><ele>1241.88</ele><time>2022-05-14T23:38:05Z</time></trkpt><trkpt lat="33.7591329" lon="133.0438742"><ele>1247.4099999999999</ele><time>2022-05-14T23:38:27Z</time></trkpt><trkpt lat="33.7591062" lon="133.0440891"><ele>1252.4866666666667</ele><time>2022-05-14T23:39:23Z</time></trkpt><trkpt lat="33.7589843" lon="133.0442598"><ele>1256.81</ele><time>2022-05-14T23:39:40Z</time></trkpt><trkpt lat="33.7589522" lon="133.0444754"><ele>1256.8500000000001</ele><time>2022-05-14T23:39:55Z</time></trkpt><trkpt lat="33.7588828" lon="133.0446797"><ele>1254.9066666666668</ele><time>2022-05-14T23:40:12Z</time></trkpt><trkpt lat="33.7588353" lon="133.0448978"><ele>1250.4433333333334</ele><time>2022-05-14T23:40:28Z</time></trkpt><trkpt lat="33.7589167" lon="133.0450942"><ele>1246.4633333333334</ele><time>2022-05-14T23:41:06Z</time></trkpt><trkpt lat="33.7589771" lon="133.0452983"><ele>1243.2866666666666</ele><time>2022-05-14T23:41:20Z</time></trkpt><trkpt lat="33.7590072" lon="133.0455119"><ele>1240.21</ele><time>2022-05-14T23:41:56Z</time></trkpt><trkpt lat="33.7589877" lon="133.0457479"><ele>1235.8400000000001</ele><time>2022-05-14T23:42:16Z</time></trkpt><trkpt lat="33.7589268" lon="133.0459547"><ele>1229.9966666666667</ele><time>2022-05-14T23:42:31Z</time></trkpt><trkpt lat="33.7590478" lon="133.0461225"><ele>1224.0433333333333</ele><time>2022-05-14T23:43:16Z</time></trkpt><trkpt lat="33.7590401" lon="133.0463423"><ele>1218.6233333333332</ele><time>2022-05-14T23:43:28Z</time></trkpt><trkpt lat="33.7590822" lon="133.0465586"><ele>1214.5133333333333</ele><time>2022-05-14T23:43:48Z</time></trkpt><trkpt lat="33.7591435" lon="133.0467811"><ele>1209.6066666666666</ele><time>2022-05-14T23:44:02Z</time></trkpt><trkpt lat="33.7592529" lon="133.0469566"><ele>1204.8933333333334</ele><time>2022-05-14T23:44:19Z</time></trkpt><trkpt lat="33.7593826" lon="133.0471173"><ele>1197.8366666666668</ele><time>2022-05-14T23:45:12Z</time></trkpt><trkpt lat="33.759468" lon="133.0473188"><ele>1190.3500000000001</ele><time>2022-05-14T23:45:33Z</time></trkpt><trkpt lat="33.7595491" lon="133.0475124"><ele>1182.43</ele><time>2022-05-14T23:45:55Z</time></trkpt><trkpt lat="33.7595381" lon="133.04773"><ele>1175.5666666666668</ele><time>2022-05-14T23:46:26Z</time></trkpt><trkpt lat="33.7595307" lon="133.0479656"><ele>1168.9033333333334</ele><time>2022-05-14T23:46:43Z</time></trkpt><trkpt lat="33.7595709" lon="133.0481763"><ele>1163.11</ele><time>2022-05-14T23:47:56Z</time></trkpt><trkpt lat="33.7596192" lon="133.048388"><ele>1161.6100000000001</ele><time>2022-05-14T23:48:16Z</time></trkpt><trkpt lat="33.7596267" lon="133.0486052"><ele>1163.7933333333333</ele><time>2022-05-14T23:48:36Z</time></trkpt><trkpt lat="33.7595886" lon="133.0488179"><ele>1167.8633333333332</ele><time>2022-05-14T23:48:52Z</time></trkpt><trkpt lat="33.7594742" lon="133.0489907"><ele>1170.1999999999998</ele><time>2022-05-14T23:49:15Z</time></trkpt><trkpt lat="33.7594204" lon="133.0492142"><ele>1172.2433333333336</ele><time>2022-05-14T23:49:44Z</time></trkpt><trkpt lat="33.7593351" lon="133.0494071"><ele>1175.8233333333335</ele><time>2022-05-14T23:55:43Z</time></trkpt><trkpt lat="33.759273" lon="133.0496116"><ele>1183.09</ele><time>2022-05-14T23:56:44Z</time></trkpt><trkpt lat="33.759203" lon="133.0498275"><ele>1192.3300000000002</ele><time>2022-05-14T23:57:16Z</time></trkpt><trkpt lat="33.7591286" lon="133.0500338"><ele>1202.1000000000001</ele><time>2022-05-14T23:57:28Z</time></trkpt><trkpt lat="33.7590453" lon="133.0502317"><ele>1208.2033333333334</ele><time>2022-05-14T23:57:46Z</time></trkpt><trkpt lat="33.7589529" lon="133.0504393"><ele>1211.5166666666667</ele><time>2022-05-14T23:58:02Z</time></trkpt><trkpt lat="33.7588482" lon="133.0506164"><ele>1212.34</ele><time>2022-05-14T23:58:20Z</time></trkpt><trkpt lat="33.7587479" lon="133.0507981"><ele>1212.9366666666667</ele><time>2022-05-14T23:58:33Z</time></trkpt><trkpt lat="33.7587715" lon="133.0510126"><ele>1213.7766666666669</ele><time>2022-05-14T23:59:12Z</time></trkpt><trkpt lat="33.758779" lon="133.0512314"><ele>1214.8166666666666</ele><time>2022-05-14T23:59:38Z</time></trkpt><trkpt lat="33.7587923" lon="133.051454"><ele>1215.66</ele><time>2022-05-15T00:00:14Z</time></trkpt><trkpt lat="33.7588375" lon="133.0516671"><ele>1215.6566666666668</ele><time>2022-05-15T00:00:26Z</time></trkpt><trkpt lat="33.7589267" lon="133.0518656"><ele>1214.91</ele><time>2022-05-15T00:00:38Z</time></trkpt><trkpt lat="33.7590196" lon="133.0520564"><ele>1213.2433333333336</ele><time>2022-05-15T00:00:53Z</time></trkpt><trkpt lat="33.7590247" lon="133.0522765"><ele>1210.6733333333334</ele><time>2022-05-15T00:01:07Z</time></trkpt><trkpt lat="33.759006" lon="133.0524928"><ele>1207.5633333333335</ele><time>2022-05-15T00:01:23Z</time></trkpt><trkpt lat="33.759008" lon="133.0527142"><ele>1205.1866666666667</ele><time>2022-05-15T00:01:40Z</time></trkpt><trkpt lat="33.7589553" lon="133.0529214"><ele>1204.9766666666667</ele><time>2022-05-15T00:02:00Z</time></trkpt><trkpt lat="33.7589578" lon="133.0531375"><ele>1205.1833333333334</ele><time>2022-05-15T00:02:24Z</time></trkpt><trkpt lat="33.7588342" lon="133.0532987"><ele>1206.9233333333334</ele><time>2022-05-15T00:02:41Z</time></trkpt><trkpt lat="33.7586846" lon="133.0534343"><ele>1208.6000000000001</ele><time>2022-05-15T00:02:57Z</time></trkpt><trkpt lat="33.7585536" lon="133.053589"><ele>1211.3966666666668</ele><time>2022-05-15T00:03:16Z</time></trkpt><trkpt lat="33.7584309" lon="133.0537609"><ele>1213.4933333333336</ele><time>2022-05-15T00:03:58Z</time></trkpt><trkpt lat="33.7583024" lon="133.0539167"><ele>1215.0433333333333</ele><time>2022-05-15T00:04:12Z</time></trkpt><trkpt lat="33.7581609" lon="133.0540604"><ele>1217.4733333333334</ele><time>2022-05-15T00:04:57Z</time></trkpt><trkpt lat="33.758011" lon="133.0541824"><ele>1220.8633333333335</ele><time>2022-05-15T00:05:18Z</time></trkpt><trkpt lat="33.7578411" lon="133.0542552"><ele>1226.7166666666667</ele><time>2022-05-15T00:06:02Z</time></trkpt><trkpt lat="33.7576751" lon="133.0543397"><ele>1233.1033333333335</ele><time>2022-05-15T00:06:52Z</time></trkpt><trkpt lat="33.7575027" lon="133.0544326"><ele>1240.5900000000001</ele><time>2022-05-15T00:08:06Z</time></trkpt><trkpt lat="33.7573305" lon="133.0544992"><ele>1246.3999999999999</ele><time>2022-05-15T00:08:18Z</time></trkpt><trkpt lat="33.7571855" lon="133.0546345"><ele>1250.6166666666668</ele><time>2022-05-15T00:08:33Z</time></trkpt><trkpt lat="33.75703" lon="133.0547488"><ele>1252.3100000000002</ele><time>2022-05-15T00:08:52Z</time></trkpt><trkpt lat="33.7568887" lon="133.054893"><ele>1253.23</ele><time>2022-05-15T00:09:13Z</time></trkpt><trkpt lat="33.756731" lon="133.0549979"><ele>1256.43</ele><time>2022-05-15T00:10:16Z</time></trkpt><trkpt lat="33.7565796" lon="133.0551204"><ele>1261.9866666666667</ele><time>2022-05-15T00:10:52Z</time></trkpt><trkpt lat="33.7564342" lon="133.0552522"><ele>1270.0366666666666</ele><time>2022-05-15T00:11:45Z</time></trkpt><trkpt lat="33.7562796" lon="133.055368"><ele>1279.6333333333334</ele><time>2022-05-15T00:12:52Z</time></trkpt><trkpt lat="33.7560965" lon="133.0553814"><ele>1291.0133333333333</ele><time>2022-05-15T00:13:57Z</time></trkpt><trkpt lat="33.7559234" lon="133.0554431"><ele>1303.1266666666668</ele><time>2022-05-15T00:15:09Z</time></trkpt><trkpt lat="33.7557488" lon="133.0553855"><ele>1312.9233333333334</ele><time>2022-05-15T00:15:37Z</time></trkpt><trkpt lat="33.7556737" lon="133.0555842"><ele>1321.6599999999999</ele><time>2022-05-15T00:17:15Z</time></trkpt><trkpt lat="33.755753" lon="133.0557812"><ele>1329.3666666666668</ele><time>2022-05-15T00:17:45Z</time></trkpt><trkpt lat="33.7557872" lon="133.0560005"><ele>1337.6333333333332</ele><time>2022-05-15T00:18:10Z</time></trkpt><trkpt lat="33.7557575" lon="133.0562179"><ele>1346.3466666666666</ele><time>2022-05-15T00:18:32Z</time></trkpt><trkpt lat="33.7557635" lon="133.0564357"><ele>1354.3799999999999</ele><time>2022-05-15T00:19:40Z</time></trkpt><trkpt lat="33.7558356" lon="133.056638"><ele>1360.17</ele><time>2022-05-15T00:20:35Z</time></trkpt><trkpt lat="33.7557732" lon="133.0568443"><ele>1363.8966666666668</ele><time>2022-05-15T00:20:46Z</time></trkpt><trkpt lat="33.7557167" lon="133.0570541"><ele>1367.3733333333332</ele><time>2022-05-15T00:21:02Z</time></trkpt><trkpt lat="33.7556163" lon="133.057242"><ele>1373.0566666666666</ele><time>2022-05-15T00:22:55Z</time></trkpt><trkpt lat="33.7555267" lon="133.0574391"><ele>1381.28</ele><time>2022-05-15T00:27:32Z</time></trkpt><trkpt lat="33.7554678" lon="133.0576472"><ele>1389.9733333333334</ele><time>2022-05-15T00:28:15Z</time></trkpt><trkpt lat="33.7554129" lon="133.0578605"><ele>1399.426666666667</ele><time>2022-05-15T00:29:19Z</time></trkpt><trkpt lat="33.7553627" lon="133.0580699"><ele>1406.89</ele><time>2022-05-15T00:30:45Z</time></trkpt><trkpt lat="33.7552764" lon="133.0582607"><ele>1416.2866666666669</ele><time>2022-05-15T00:31:14Z</time></trkpt><trkpt lat="33.7552473" lon="133.0584745"><ele>1425.3033333333333</ele><time>2022-05-15T00:31:55Z</time></trkpt><trkpt lat="33.7552907" lon="133.0586866"><ele>1436.0866666666668</ele><time>2022-05-15T00:33:17Z</time></trkpt><trkpt lat="33.7552977" lon="133.0589041"><ele>1445.5233333333333</ele><time>2022-05-15T00:33:58Z</time></trkpt><trkpt lat="33.7553666" lon="133.059112"><ele>1454.4466666666667</ele><time>2022-05-15T00:34:30Z</time></trkpt><trkpt lat="33.7553044" lon="133.0593196"><ele>1459.5566666666666</ele><time>2022-05-15T00:34:49Z</time></trkpt><trkpt lat="33.7553519" lon="133.0595313"><ele>1461.6433333333334</ele><time>2022-05-15T00:35:03Z</time></trkpt><trkpt lat="33.7554211" lon="133.0597355"><ele>1459.4966666666667</ele><time>2022-05-15T00:35:17Z</time></trkpt><trkpt lat="33.7554925" lon="133.0599399"><ele>1456.2966666666669</ele><time>2022-05-15T00:35:36Z</time></trkpt><trkpt lat="33.7555365" lon="133.0601516"><ele>1453.676666666667</ele><time>2022-05-15T00:36:06Z</time></trkpt><trkpt lat="33.755697" lon="133.0602552"><ele>1453.29</ele><time>2022-05-15T00:36:21Z</time></trkpt><trkpt lat="33.7557424" lon="133.0604751"><ele>1455.7333333333333</ele><time>2022-05-15T00:37:38Z</time></trkpt><trkpt lat="33.755843" lon="133.06066"><ele>1460.7533333333333</ele><time>2022-05-15T00:38:01Z</time></trkpt><trkpt lat="33.7559458" lon="133.060853"><ele>1467.8366666666668</ele><time>2022-05-15T00:39:27Z</time></trkpt><trkpt lat="33.756016" lon="133.0610557"><ele>1475.1466666666668</ele><time>2022-05-15T00:39:52Z</time></trkpt><trkpt lat="33.7559804" lon="133.0612717"><ele>1482.6733333333332</ele><time>2022-05-15T00:40:18Z</time></trkpt><trkpt lat="33.7559594" lon="133.06149"><ele>1490.42</ele><time>2022-05-15T00:41:50Z</time></trkpt><trkpt lat="33.7558041" lon="133.061637"><ele>1498.7433333333336</ele><time>2022-05-15T00:42:08Z</time></trkpt><trkpt lat="33.755672" lon="133.0617855"><ele>1506.4733333333334</ele><time>2022-05-15T00:43:24Z</time></trkpt><trkpt lat="33.7555969" lon="133.0619929"><ele>1514.0533333333333</ele><time>2022-05-15T00:44:13Z</time></trkpt><trkpt lat="33.7554554" lon="133.0621291"><ele>1519.83</ele><time>2022-05-15T00:46:22Z</time></trkpt><trkpt lat="33.7554281" lon="133.0623506"><ele>1525.4733333333334</ele><time>2022-05-15T00:46:36Z</time></trkpt><trkpt lat="33.755473" lon="133.0625602"><ele>1530.9099999999999</ele><time>2022-05-15T00:47:08Z</time></trkpt><trkpt lat="33.7556234" lon="133.0626892"><ele>1536.9166666666667</ele><time>2022-05-15T00:47:25Z</time></trkpt><trkpt lat="33.7557719" lon="133.0628125"><ele>1541.8333333333333</ele><time>2022-05-15T00:47:43Z</time></trkpt><trkpt lat="33.7559046" lon="133.0629635"><ele>1544.7900000000002</ele><time>2022-05-15T00:48:12Z</time></trkpt><trkpt lat="33.7560086" lon="133.0631399"><ele>1547.2366666666667</ele><time>2022-05-15T00:49:37Z</time></trkpt><trkpt lat="33.7560659" lon="133.0633551"><ele>1550.1633333333336</ele><time>2022-05-15T00:50:39Z</time></trkpt><trkpt lat="33.7560306" lon="133.0635697"><ele>1554.4933333333336</ele><time>2022-05-15T00:51:57Z</time></trkpt><trkpt lat="33.7559623" lon="133.0637698"><ele>1562.3433333333335</ele><time>2022-05-15T00:52:29Z</time></trkpt><trkpt lat="33.7559629" lon="133.0639933"><ele>1570.7233333333334</ele><time>2022-05-15T00:53:11Z</time></trkpt><trkpt lat="33.7559098" lon="133.0642116"><ele>1580.7399999999998</ele><time>2022-05-15T00:53:27Z</time></trkpt><trkpt lat="33.755823" lon="133.0644046"><ele>1586.9533333333336</ele><time>2022-05-15T00:54:01Z</time></trkpt><trkpt lat="33.7558617" lon="133.0646242"><ele>1594.7466666666667</ele><time>2022-05-15T00:55:02Z</time></trkpt><trkpt lat="33.7558569" lon="133.0648417"><ele>1600.6500000000003</ele><time>2022-05-15T00:55:49Z</time></trkpt><trkpt lat="33.7558397" lon="133.0650625"><ele>1608.8300000000002</ele><time>2022-05-15T00:56:31Z</time></trkpt><trkpt lat="33.7558125" lon="133.065281"><ele>1615.0766666666666</ele><time>2022-05-15T00:56:53Z</time></trkpt><trkpt lat="33.7557215" lon="133.0654752"><ele>1623.0633333333335</ele><time>2022-05-15T00:57:23Z</time></trkpt><trkpt lat="33.7556242" lon="133.0656594"><ele>1629.7</ele><time>2022-05-15T00:58:34Z</time></trkpt><trkpt lat="33.7555572" lon="133.0658606"><ele>1636.03</ele><time>2022-05-15T00:59:04Z</time></trkpt><trkpt lat="33.7555104" lon="133.0660695"><ele>1641.8966666666668</ele><time>2022-05-15T00:59:43Z</time></trkpt><trkpt lat="33.7554175" lon="133.0662587"><ele>1648.0433333333333</ele><time>2022-05-15T01:00:22Z</time></trkpt><trkpt lat="33.7553029" lon="133.0664281"><ele>1653.9166666666667</ele><time>2022-05-15T01:01:00Z</time></trkpt><trkpt lat="33.7551694" lon="133.0665747"><ele>1657.1733333333334</ele><time>2022-05-15T01:02:07Z</time></trkpt><trkpt lat="33.7550545" lon="133.0667429"><ele>1660.97</ele><time>2022-05-15T01:02:29Z</time></trkpt><trkpt lat="33.7549572" lon="133.0669255"><ele>1666.0666666666666</ele><time>2022-05-15T01:02:54Z</time></trkpt><trkpt lat="33.7550267" lon="133.0671251"><ele>1672.7666666666667</ele><time>2022-05-15T01:03:58Z</time></trkpt><trkpt lat="33.7552102" lon="133.067108"><ele>1677.6333333333332</ele><time>2022-05-15T01:04:11Z</time></trkpt><trkpt lat="33.7553895" lon="133.0670664"><ele>1680.3200000000004</ele><time>2022-05-15T01:04:30Z</time></trkpt><trkpt lat="33.7555521" lon="133.0669719"><ele>1681.4433333333334</ele><time>2022-05-15T01:04:48Z</time></trkpt><trkpt lat="33.7557248" lon="133.0669093"><ele>1682.3000000000002</ele><time>2022-05-15T01:05:07Z</time></trkpt><trkpt lat="33.7559065" lon="133.0669371"><ele>1682.29</ele><time>2022-05-15T01:05:33Z</time></trkpt><trkpt lat="33.7557226" lon="133.066955"><ele>1682.5333333333335</ele><time>2022-05-15T01:18:56Z</time></trkpt><trkpt lat="33.7555421" lon="133.0668943"><ele>1682.1266666666668</ele><time>2022-05-15T01:20:05Z</time></trkpt><trkpt lat="33.7553789" lon="133.0669897"><ele>1681.88</ele><time>2022-05-15T01:20:57Z</time></trkpt><trkpt lat="33.7552004" lon="133.0670566"><ele>1681.03</ele><time>2022-05-15T01:21:11Z</time></trkpt><trkpt lat="33.7550158" lon="133.0670698"><ele>1679.5633333333335</ele><time>2022-05-15T01:21:29Z</time></trkpt><trkpt lat="33.7548648" lon="133.0671945"><ele>1678.236666666667</ele><time>2022-05-15T01:22:25Z</time></trkpt><trkpt lat="33.7549585" lon="133.0673793"><ele>1675.4966666666667</ele><time>2022-05-15T01:22:41Z</time></trkpt><trkpt lat="33.7550249" lon="133.0675865"><ele>1672.13</ele><time>2022-05-15T01:23:00Z</time></trkpt><trkpt lat="33.7551641" lon="133.0677268"><ele>1667.7333333333333</ele><time>2022-05-15T01:23:25Z</time></trkpt><trkpt lat="33.7552431" lon="133.0679241"><ele>1663.4633333333334</ele><time>2022-05-15T01:23:56Z</time></trkpt><trkpt lat="33.7553901" lon="133.0680637"><ele>1657.756666666667</ele><time>2022-05-15T01:24:11Z</time></trkpt><trkpt lat="33.7555463" lon="133.0681782"><ele>1651.966666666667</ele><time>2022-05-15T01:24:33Z</time></trkpt><trkpt lat="33.755694" lon="133.0683081"><ele>1644.9866666666667</ele><time>2022-05-15T01:24:57Z</time></trkpt><trkpt lat="33.7558267" lon="133.0684556"><ele>1639.4066666666668</ele><time>2022-05-15T01:25:24Z</time></trkpt><trkpt lat="33.7559806" lon="133.0685761"><ele>1632.5866666666668</ele><time>2022-05-15T01:25:41Z</time></trkpt><trkpt lat="33.7561196" lon="133.0687209"><ele>1627.8566666666668</ele><time>2022-05-15T01:26:42Z</time></trkpt><trkpt lat="33.7562521" lon="133.0688769"><ele>1623.9233333333334</ele><time>2022-05-15T01:26:56Z</time></trkpt><trkpt lat="33.7564005" lon="133.0690049"><ele>1621.8733333333337</ele><time>2022-05-15T01:27:09Z</time></trkpt><trkpt lat="33.7565722" lon="133.0690776"><ele>1620.2666666666667</ele><time>2022-05-15T01:27:22Z</time></trkpt><trkpt lat="33.7567271" lon="133.0691963"><ele>1619.33</ele><time>2022-05-15T01:27:35Z</time></trkpt><trkpt lat="33.7568625" lon="133.0693406"><ele>1617.9933333333336</ele><time>2022-05-15T01:27:48Z</time></trkpt><trkpt lat="33.7569769" lon="133.0695105"><ele>1615.9233333333334</ele><time>2022-05-15T01:28:23Z</time></trkpt><trkpt lat="33.7571339" lon="133.0696308"><ele>1613.9099999999999</ele><time>2022-05-15T01:28:40Z</time></trkpt><trkpt lat="33.7572767" lon="133.0697656"><ele>1612.0833333333333</ele><time>2022-05-15T01:29:02Z</time></trkpt><trkpt lat="33.7573421" lon="133.0699788"><ele>1609.6200000000001</ele><time>2022-05-15T01:29:28Z</time></trkpt><trkpt lat="33.7574227" lon="133.0701774"><ele>1605.7</ele><time>2022-05-15T01:29:45Z</time></trkpt><trkpt lat="33.7575801" lon="133.0703069"><ele>1600.8366666666668</ele><time>2022-05-15T01:30:00Z</time></trkpt><trkpt lat="33.757572" lon="133.0705242"><ele>1596.0433333333333</ele><time>2022-05-15T01:30:14Z</time></trkpt><trkpt lat="33.7574002" lon="133.0706264"><ele>1593.3</ele><time>2022-05-15T01:30:40Z</time></trkpt><trkpt lat="33.7572238" lon="133.0705663"><ele>1591.6833333333334</ele><time>2022-05-15T01:30:54Z</time></trkpt><trkpt lat="33.7570588" lon="133.0704519"><ele>1590.63</ele><time>2022-05-15T01:31:12Z</time></trkpt><trkpt lat="33.7568794" lon="133.0704148"><ele>1588.1066666666668</ele><time>2022-05-15T01:31:27Z</time></trkpt><trkpt lat="33.7566974" lon="133.0704214"><ele>1585.5600000000002</ele><time>2022-05-15T01:31:41Z</time></trkpt><trkpt lat="33.7565132" lon="133.0704445"><ele>1581.176666666667</ele><time>2022-05-15T01:31:53Z</time></trkpt><trkpt lat="33.7563387" lon="133.0703738"><ele>1577.9133333333336</ele><time>2022-05-15T01:32:08Z</time></trkpt><trkpt lat="33.7561591" lon="133.070337"><ele>1574.2133333333331</ele><time>2022-05-15T01:33:17Z</time></trkpt><trkpt lat="33.7560086" lon="133.0702072"><ele>1572.8133333333333</ele><time>2022-05-15T01:33:32Z</time></trkpt><trkpt lat="33.7561957" lon="133.0702202"><ele>1573.2600000000002</ele><time>2022-05-15T01:35:14Z</time></trkpt><trkpt lat="33.756044" lon="133.0700803"><ele>1575.1533333333334</ele><time>2022-05-15T01:45:26Z</time></trkpt><trkpt lat="33.7561837" lon="133.0702367"><ele>1577.08</ele><time>2022-05-15T01:50:32Z</time></trkpt><trkpt lat="33.7563521" lon="133.0703321"><ele>1577.6633333333332</ele><time>2022-05-15T01:51:50Z</time></trkpt><trkpt lat="33.756538" lon="133.0703407"><ele>1579.5733333333335</ele><time>2022-05-15T01:52:04Z</time></trkpt><trkpt lat="33.7567178" lon="133.0703143"><ele>1582.6333333333332</ele><time>2022-05-15T01:52:24Z</time></trkpt><trkpt lat="33.7568882" lon="133.070397"><ele>1585.2766666666666</ele><time>2022-05-15T01:53:27Z</time></trkpt><trkpt lat="33.7570653" lon="133.0704568"><ele>1586.9133333333332</ele><time>2022-05-15T01:53:40Z</time></trkpt><trkpt lat="33.7572357" lon="133.0705351"><ele>1588.5166666666667</ele><time>2022-05-15T01:53:54Z</time></trkpt><trkpt lat="33.7574074" lon="133.0706328"><ele>1590.63</ele><time>2022-05-15T01:54:12Z</time></trkpt><trkpt lat="33.7574729" lon="133.0704309"><ele>1592.6333333333334</ele><time>2022-05-15T01:54:53Z</time></trkpt><trkpt lat="33.7574505" lon="133.0702153"><ele>1595.3066666666666</ele><time>2022-05-15T01:55:20Z</time></trkpt><trkpt lat="33.7573785" lon="133.07001"><ele>1599.67</ele><time>2022-05-15T01:55:50Z</time></trkpt><trkpt lat="33.7572788" lon="133.0698223"><ele>1604.9533333333331</ele><time>2022-05-15T01:56:52Z</time></trkpt><trkpt lat="33.7571584" lon="133.0696572"><ele>1609.62</ele><time>2022-05-15T01:57:07Z</time></trkpt><trkpt lat="33.7570014" lon="133.0695158"><ele>1612.0833333333333</ele><time>2022-05-15T01:57:23Z</time></trkpt><trkpt lat="33.7568791" lon="133.0693552"><ele>1613.91</ele><time>2022-05-15T01:57:47Z</time></trkpt><trkpt lat="33.7567189" lon="133.0692447"><ele>1615.0833333333333</ele><time>2022-05-15T01:58:05Z</time></trkpt><trkpt lat="33.7565837" lon="133.0690815"><ele>1617.1533333333334</ele><time>2022-05-15T01:58:22Z</time></trkpt><trkpt lat="33.7564229" lon="133.0689769"><ele>1619.42</ele><time>2022-05-15T01:58:37Z</time></trkpt><trkpt lat="33.7562686" lon="133.0688594"><ele>1621.1966666666667</ele><time>2022-05-15T01:58:51Z</time></trkpt><trkpt lat="33.756137" lon="133.0687097"><ele>1622.8033333333333</ele><time>2022-05-15T01:59:13Z</time></trkpt><trkpt lat="33.7559855" lon="133.0685846"><ele>1623.9233333333334</ele><time>2022-05-15T02:02:10Z</time></trkpt><trkpt lat="33.7558319" lon="133.0684667"><ele>1626.42</ele><time>2022-05-15T02:02:23Z</time></trkpt><trkpt lat="33.7557109" lon="133.0683031"><ele>1631.1499999999999</ele><time>2022-05-15T02:02:52Z</time></trkpt><trkpt lat="33.7555299" lon="133.0682484"><ele>1637.03</ele><time>2022-05-15T02:03:19Z</time></trkpt><trkpt lat="33.7554231" lon="133.0680685"><ele>1644.0466666666669</ele><time>2022-05-15T02:03:57Z</time></trkpt><trkpt lat="33.7552483" lon="133.0680119"><ele>1649.7600000000002</ele><time>2022-05-15T02:04:27Z</time></trkpt><trkpt lat="33.7551528" lon="133.0678239"><ele>1655.88</ele><time>2022-05-15T02:04:56Z</time></trkpt><trkpt lat="33.7550779" lon="133.0676257"><ele>1660.9733333333334</ele><time>2022-05-15T02:05:54Z</time></trkpt><trkpt lat="33.754974" lon="133.0674208"><ele>1666.4966666666667</ele><time>2022-05-15T02:06:10Z</time></trkpt><trkpt lat="33.7549105" lon="133.0672153"><ele>1671.6333333333332</ele><time>2022-05-15T02:06:36Z</time></trkpt><trkpt lat="33.754849" lon="133.0670122"><ele>1674.7066666666667</ele><time>2022-05-15T02:06:54Z</time></trkpt><trkpt lat="33.7549932" lon="133.0668606"><ele>1674.7166666666665</ele><time>2022-05-15T02:08:05Z</time></trkpt><trkpt lat="33.7551267" lon="133.0667114"><ele>1671.46</ele><time>2022-05-15T02:08:21Z</time></trkpt><trkpt lat="33.7551649" lon="133.0664944"><ele>1666.1733333333334</ele><time>2022-05-15T02:08:34Z</time></trkpt><trkpt lat="33.7553291" lon="133.0664013"><ele>1660.8133333333335</ele><time>2022-05-15T02:08:59Z</time></trkpt><trkpt lat="33.7554931" lon="133.0663086"><ele>1657.3433333333332</ele><time>2022-05-15T02:09:21Z</time></trkpt><trkpt lat="33.7555122" lon="133.0660862"><ele>1654.0866666666668</ele><time>2022-05-15T02:09:39Z</time></trkpt><trkpt lat="33.7555545" lon="133.0658714"><ele>1648.9166666666667</ele><time>2022-05-15T02:09:57Z</time></trkpt><trkpt lat="33.7555924" lon="133.0656556"><ele>1640.676666666667</ele><time>2022-05-15T02:10:29Z</time></trkpt><trkpt lat="33.7556556" lon="133.0654534"><ele>1631.8366666666668</ele><time>2022-05-15T02:13:04Z</time></trkpt><trkpt lat="33.7557147" lon="133.065243"><ele>1624.2233333333334</ele><time>2022-05-15T02:13:19Z</time></trkpt><trkpt lat="33.7558643" lon="133.0651207"><ele>1620.2566666666664</ele><time>2022-05-15T02:13:36Z</time></trkpt><trkpt lat="33.7559075" lon="133.0649056"><ele>1617.1333333333332</ele><time>2022-05-15T02:13:56Z</time></trkpt><trkpt lat="33.7558399" lon="133.0647037"><ele>1612.9333333333334</ele><time>2022-05-15T02:14:17Z</time></trkpt><trkpt lat="33.7558547" lon="133.0644875"><ele>1604.7966666666669</ele><time>2022-05-15T02:14:40Z</time></trkpt><trkpt lat="33.7558688" lon="133.0642678"><ele>1596.55</ele><time>2022-05-15T02:14:54Z</time></trkpt><trkpt lat="33.7559125" lon="133.0640508"><ele>1588.5133333333333</ele><time>2022-05-15T02:16:36Z</time></trkpt><trkpt lat="33.755965" lon="133.0638341"><ele>1581.9233333333334</ele><time>2022-05-15T02:17:01Z</time></trkpt><trkpt lat="33.75601" lon="133.0636204"><ele>1574.2633333333333</ele><time>2022-05-15T02:17:18Z</time></trkpt><trkpt lat="33.7560388" lon="133.0634042"><ele>1566.1533333333334</ele><time>2022-05-15T02:18:44Z</time></trkpt><trkpt lat="33.7560329" lon="133.0631875"><ele>1557.5100000000002</ele><time>2022-05-15T02:19:26Z</time></trkpt><trkpt lat="33.7559026" lon="133.0630313"><ele>1551.8366666666668</ele><time>2022-05-15T02:19:40Z</time></trkpt><trkpt lat="33.7557742" lon="133.0628776"><ele>1548.1200000000001</ele><time>2022-05-15T02:19:53Z</time></trkpt><trkpt lat="33.7556828" lon="133.0626869"><ele>1545.8000000000002</ele><time>2022-05-15T02:20:15Z</time></trkpt><trkpt lat="33.7555207" lon="133.0625726"><ele>1542.2833333333335</ele><time>2022-05-15T02:20:37Z</time></trkpt><trkpt lat="33.7554719" lon="133.0623451"><ele>1538.33</ele><time>2022-05-15T02:20:57Z</time></trkpt><trkpt lat="33.7554213" lon="133.0621283"><ele>1531.8733333333332</ele><time>2022-05-15T02:21:12Z</time></trkpt><trkpt lat="33.7555285" lon="133.0619492"><ele>1525.4766666666667</ele><time>2022-05-15T02:21:28Z</time></trkpt><trkpt lat="33.7556559" lon="133.0617954"><ele>1518.8700000000001</ele><time>2022-05-15T02:21:46Z</time></trkpt><trkpt lat="33.755771" lon="133.0616282"><ele>1513.0933333333335</ele><time>2022-05-15T02:22:17Z</time></trkpt><trkpt lat="33.7559024" lon="133.0614723"><ele>1506.5200000000002</ele><time>2022-05-15T02:22:41Z</time></trkpt><trkpt lat="33.7560292" lon="133.061318"><ele>1498.79</ele><time>2022-05-15T02:23:04Z</time></trkpt><trkpt lat="33.7560667" lon="133.0611067"><ele>1491.08</ele><time>2022-05-15T02:24:02Z</time></trkpt><trkpt lat="33.7560138" lon="133.0609003"><ele>1483.0366666666666</ele><time>2022-05-15T02:24:11Z</time></trkpt><trkpt lat="33.7559654" lon="133.0606872"><ele>1475.1666666666667</ele><time>2022-05-15T02:24:24Z</time></trkpt><trkpt lat="33.7558642" lon="133.0604995"><ele>1468.1766666666665</ele><time>2022-05-15T02:24:36Z</time></trkpt><trkpt lat="33.7557402" lon="133.0603317"><ele>1462.256666666667</ele><time>2022-05-15T02:24:47Z</time></trkpt><trkpt lat="33.7556132" lon="133.0601719"><ele>1457.4033333333334</ele><time>2022-05-15T02:25:01Z</time></trkpt><trkpt lat="33.755509" lon="133.0599954"><ele>1454.04</ele><time>2022-05-15T02:25:27Z</time></trkpt><trkpt lat="33.755524" lon="133.0597741"><ele>1453.2966666666664</ele><time>2022-05-15T02:25:41Z</time></trkpt><trkpt lat="33.7554517" lon="133.0595666"><ele>1455.6933333333334</ele><time>2022-05-15T02:25:57Z</time></trkpt><trkpt lat="33.7554007" lon="133.0593574"><ele>1459.8966666666668</ele><time>2022-05-15T02:26:19Z</time></trkpt><trkpt lat="33.7553817" lon="133.0591382"><ele>1462.2600000000002</ele><time>2022-05-15T02:26:37Z</time></trkpt><trkpt lat="33.7552731" lon="133.0589595"><ele>1461.876666666667</ele><time>2022-05-15T02:26:55Z</time></trkpt><trkpt lat="33.755264" lon="133.0587402"><ele>1455.75</ele><time>2022-05-15T02:27:17Z</time></trkpt><trkpt lat="33.7552906" lon="133.058523"><ele>1448.1366666666665</ele><time>2022-05-15T02:27:54Z</time></trkpt><trkpt lat="33.7553004" lon="133.058307"><ele>1437.3966666666668</ele><time>2022-05-15T02:29:56Z</time></trkpt><trkpt lat="33.7553318" lon="133.0580933"><ele>1427.47</ele><time>2022-05-15T02:30:09Z</time></trkpt><trkpt lat="33.7554135" lon="133.0578983"><ele>1417.1433333333334</ele><time>2022-05-15T02:30:24Z</time></trkpt><trkpt lat="33.7554565" lon="133.0576862"><ele>1409.3633333333335</ele><time>2022-05-15T02:31:46Z</time></trkpt><trkpt lat="33.7555677" lon="133.0575035"><ele>1401.08</ele><time>2022-05-15T02:32:03Z</time></trkpt><trkpt lat="33.7555339" lon="133.0572876"><ele>1392.76</ele><time>2022-05-15T02:32:18Z</time></trkpt><trkpt lat="33.7555308" lon="133.0570705"><ele>1384.3633333333335</ele><time>2022-05-15T02:33:39Z</time></trkpt><trkpt lat="33.7556808" lon="133.056917"><ele>1377.4833333333333</ele><time>2022-05-15T02:33:53Z</time></trkpt><trkpt lat="33.7557434" lon="133.0567124"><ele>1373.216666666667</ele><time>2022-05-15T02:44:27Z</time></trkpt><trkpt lat="33.7557336" lon="133.0564723"><ele>1368.8166666666666</ele><time>2022-05-15T02:45:34Z</time></trkpt><trkpt lat="33.7557129" lon="133.0562481"><ele>1364.4399999999998</ele><time>2022-05-15T02:45:43Z</time></trkpt><trkpt lat="33.7557274" lon="133.0560323"><ele>1357.97</ele><time>2022-05-15T02:46:04Z</time></trkpt><trkpt lat="33.7557184" lon="133.0558151"><ele>1350.1266666666668</ele><time>2022-05-15T02:46:47Z</time></trkpt><trkpt lat="33.7556615" lon="133.0556085"><ele>1342.7633333333335</ele><time>2022-05-15T02:47:09Z</time></trkpt><trkpt lat="33.7556821" lon="133.0553883"><ele>1333.9833333333333</ele><time>2022-05-15T02:47:32Z</time></trkpt><trkpt lat="33.7555964" lon="133.0551846"><ele>1328.3833333333332</ele><time>2022-05-15T02:51:46Z</time></trkpt><trkpt lat="33.7555554" lon="133.0549676"><ele>1323.01</ele><time>2022-05-15T02:51:58Z</time></trkpt><trkpt lat="33.7555296" lon="133.0547388"><ele>1320.1133333333335</ele><time>2022-05-15T02:52:14Z</time></trkpt><trkpt lat="33.7555354" lon="133.0545229"><ele>1314.3933333333334</ele><time>2022-05-15T02:53:00Z</time></trkpt><trkpt lat="33.7555852" lon="133.0543078"><ele>1308.0933333333335</ele><time>2022-05-15T02:53:18Z</time></trkpt><trkpt lat="33.7556311" lon="133.0540975"><ele>1300.5133333333333</ele><time>2022-05-15T02:53:33Z</time></trkpt><trkpt lat="33.7555355" lon="133.0539067"><ele>1294.9633333333334</ele><time>2022-05-15T02:53:48Z</time></trkpt><trkpt lat="33.7554074" lon="133.0537515"><ele>1290.32</ele><time>2022-05-15T02:54:01Z</time></trkpt><trkpt lat="33.7553789" lon="133.0535322"><ele>1285.5800000000002</ele><time>2022-05-15T02:54:22Z</time></trkpt><trkpt lat="33.7552735" lon="133.0533452"><ele>1277.8733333333334</ele><time>2022-05-15T02:54:42Z</time></trkpt><trkpt lat="33.7550989" lon="133.0532706"><ele>1270.1033333333335</ele><time>2022-05-15T02:54:57Z</time></trkpt><trkpt lat="33.7551277" lon="133.0530406"><ele>1264.2133333333334</ele><time>2022-05-15T02:55:09Z</time></trkpt><trkpt lat="33.7550933" lon="133.0528211"><ele>1259.4199999999998</ele><time>2022-05-15T02:55:24Z</time></trkpt><trkpt lat="33.754941" lon="133.0526503"><ele>1254.03</ele><time>2022-05-15T02:55:40Z</time></trkpt><trkpt lat="33.7548736" lon="133.0524418"><ele>1248.1499999999999</ele><time>2022-05-15T02:55:53Z</time></trkpt><trkpt lat="33.7549714" lon="133.0522441"><ele>1243.2866666666669</ele><time>2022-05-15T02:56:10Z</time></trkpt><trkpt lat="33.7549175" lon="133.052031"><ele>1238.38</ele><time>2022-05-15T02:56:31Z</time></trkpt><trkpt lat="33.7548788" lon="133.0518176"><ele>1231.7866666666669</ele><time>2022-05-15T02:56:53Z</time></trkpt><trkpt lat="33.7549889" lon="133.0516408"><ele>1221.3100000000002</ele><time>2022-05-15T02:57:14Z</time></trkpt><trkpt lat="33.7549652" lon="133.051425"><ele>1210.3100000000002</ele><time>2022-05-15T02:58:07Z</time></trkpt><trkpt lat="33.7548164" lon="133.05129"><ele>1200.9766666666667</ele><time>2022-05-15T02:58:34Z</time></trkpt><trkpt lat="33.7547805" lon="133.0510779"><ele>1195.7733333333335</ele><time>2022-05-15T02:59:13Z</time></trkpt><trkpt lat="33.7546344" lon="133.050939"><ele>1191.2333333333333</ele><time>2022-05-15T02:59:54Z</time></trkpt><trkpt lat="33.754495" lon="133.0507942"><ele>1186.7266666666667</ele><time>2022-05-15T03:00:07Z</time></trkpt><trkpt lat="33.7544063" lon="133.0505976"><ele>1179.92</ele><time>2022-05-15T03:00:20Z</time></trkpt><trkpt lat="33.7543423" lon="133.0503818"><ele>1172.9133333333334</ele><time>2022-05-15T03:00:31Z</time></trkpt><trkpt lat="33.7541692" lon="133.0503127"><ele>1168.1466666666665</ele><time>2022-05-15T03:00:46Z</time></trkpt><trkpt lat="33.7540678" lon="133.050123"><ele>1165.6200000000001</ele><time>2022-05-15T03:01:15Z</time></trkpt><trkpt lat="33.7539761" lon="133.0499333"><ele>1163.5200000000002</ele><time>2022-05-15T03:01:34Z</time></trkpt><trkpt lat="33.7538313" lon="133.0497881"><ele>1159.1366666666668</ele><time>2022-05-15T03:01:51Z</time></trkpt><trkpt lat="33.7537235" lon="133.0496134"><ele>1155.3200000000002</ele><time>2022-05-15T03:02:09Z</time></trkpt><trkpt lat="33.7535702" lon="133.0494936"><ele>1152.6866666666667</ele><time>2022-05-15T03:02:23Z</time></trkpt><trkpt lat="33.7534205" lon="133.049347"><ele>1152.1033333333335</ele><time>2022-05-15T03:02:56Z</time></trkpt><trkpt lat="33.7532658" lon="133.0492227"><ele>1153.0266666666666</ele><time>2022-05-15T03:03:10Z</time></trkpt><trkpt lat="33.75318" lon="133.0490218"><ele>1155.3466666666666</ele><time>2022-05-15T03:03:33Z</time></trkpt><trkpt lat="33.7530281" lon="133.0488917"><ele>1156.5066666666667</ele><time>2022-05-15T03:03:45Z</time></trkpt><trkpt lat="33.7529323" lon="133.0487047"><ele>1156.3600000000001</ele><time>2022-05-15T03:04:00Z</time></trkpt><trkpt lat="33.7527523" lon="133.0486908"><ele>1153.5866666666668</ele><time>2022-05-15T03:04:10Z</time></trkpt><trkpt lat="33.7526088" lon="133.048523"><ele>1150.8333333333333</ele><time>2022-05-15T03:04:25Z</time></trkpt><trkpt lat="33.7525558" lon="133.0483094"><ele>1147.3066666666668</ele><time>2022-05-15T03:04:36Z</time></trkpt><trkpt lat="33.7525373" lon="133.0480945"><ele>1142.9399999999998</ele><time>2022-05-15T03:04:49Z</time></trkpt><trkpt lat="33.7524968" lon="133.0478797"><ele>1137.2833333333335</ele><time>2022-05-15T03:05:15Z</time></trkpt><trkpt lat="33.7525957" lon="133.0476987"><ele>1130.5233333333333</ele><time>2022-05-15T03:06:15Z</time></trkpt><trkpt lat="33.752623" lon="133.0474828"><ele>1122.6833333333334</ele><time>2022-05-15T03:06:32Z</time></trkpt><trkpt lat="33.7525146" lon="133.0472865"><ele>1113.36</ele><time>2022-05-15T03:06:44Z</time></trkpt><trkpt lat="33.7525439" lon="133.0470633"><ele>1104.0833333333333</ele><time>2022-05-15T03:06:55Z</time></trkpt><trkpt lat="33.7524207" lon="133.0468962"><ele>1094.2466666666667</ele><time>2022-05-15T03:07:28Z</time></trkpt><trkpt lat="33.7523887" lon="133.0466794"><ele>1085.6633333333332</ele><time>2022-05-15T03:07:41Z</time></trkpt><trkpt lat="33.7524496" lon="133.0464604"><ele>1079.493333333333</ele><time>2022-05-15T03:08:20Z</time></trkpt><trkpt lat="33.7523089" lon="133.0463089"><ele>1072.0933333333332</ele><time>2022-05-15T03:08:30Z</time></trkpt><trkpt lat="33.7523045" lon="133.0460921"><ele>1064.6533333333334</ele><time>2022-05-15T03:08:40Z</time></trkpt><trkpt lat="33.7522938" lon="133.0458664"><ele>1055.78</ele><time>2022-05-15T03:09:00Z</time></trkpt><trkpt lat="33.7522268" lon="133.0456651"><ele>1048.1633333333332</ele><time>2022-05-15T03:09:25Z</time></trkpt><trkpt lat="33.7521202" lon="133.0454894"><ele>1038.98</ele><time>2022-05-15T03:09:52Z</time></trkpt><trkpt lat="33.7522274" lon="133.0453116"><ele>1031.0133333333333</ele><time>2022-05-15T03:10:18Z</time></trkpt><trkpt lat="33.7521681" lon="133.0451071"><ele>1023.3466666666667</ele><time>2022-05-15T03:10:33Z</time></trkpt><trkpt lat="33.7520839" lon="133.0449147"><ele>1016.8133333333334</ele><time>2022-05-15T03:10:56Z</time></trkpt><trkpt lat="33.7519483" lon="133.0447628"><ele>1005.4500000000002</ele><time>2022-05-15T03:11:24Z</time></trkpt><trkpt lat="33.7517801" lon="133.0446814"><ele>994.6733333333333</ele><time>2022-05-15T03:12:34Z</time></trkpt><trkpt lat="33.7516145" lon="133.0445704"><ele>983.6866666666666</ele><time>2022-05-15T03:12:57Z</time></trkpt><trkpt lat="33.7514329" lon="133.0445677"><ele>974.65</ele><time>2022-05-15T03:13:10Z</time></trkpt><trkpt lat="33.7512665" lon="133.0444783"><ele>966.3833333333333</ele><time>2022-05-15T03:14:10Z</time></trkpt><trkpt lat="33.7511885" lon="133.0442833"><ele>958.2733333333334</ele><time>2022-05-15T03:15:28Z</time></trkpt><trkpt lat="33.7511083" lon="133.0440854"><ele>947.9866666666667</ele><time>2022-05-15T03:16:04Z</time></trkpt><trkpt lat="33.7509307" lon="133.0441324"><ele>937.96</ele><time>2022-05-15T03:16:30Z</time></trkpt><trkpt lat="33.7507626" lon="133.044233"><ele>928.48</ele><time>2022-05-15T03:16:51Z</time></trkpt><trkpt lat="33.7505766" lon="133.0442502"><ele>919.2966666666667</ele><time>2022-05-15T03:17:46Z</time></trkpt><trkpt lat="33.7503955" lon="133.0442929"><ele>909.3266666666667</ele><time>2022-05-15T03:17:55Z</time></trkpt><trkpt lat="33.7502117" lon="133.0443191"><ele>899.6533333333333</ele><time>2022-05-15T03:18:07Z</time></trkpt><trkpt lat="33.7500355" lon="133.044271"><ele>895.1700000000001</ele><time>2022-05-15T03:18:48Z</time></trkpt><trkpt lat="33.7498918" lon="133.0441392"><ele>890.6166666666668</ele><time>2022-05-15T03:19:04Z</time></trkpt><trkpt lat="33.7497093" lon="133.0441477"><ele>886.8666666666668</ele><time>2022-05-15T03:19:35Z</time></trkpt><trkpt lat="33.7495817" lon="133.0439938"><ele>880.7766666666666</ele><time>2022-05-15T03:19:49Z</time></trkpt><trkpt lat="33.7493924" lon="133.0439877"><ele>875.1533333333333</ele><time>2022-05-15T03:20:03Z</time></trkpt><trkpt lat="33.749205" lon="133.0439929"><ele>869.0533333333333</ele><time>2022-05-15T03:20:17Z</time></trkpt><trkpt lat="33.7490239" lon="133.0440175"><ele>863.3933333333334</ele><time>2022-05-15T03:20:34Z</time></trkpt><trkpt lat="33.748878" lon="133.0438661"><ele>859.3933333333334</ele><time>2022-05-15T03:20:47Z</time></trkpt><trkpt lat="33.7487524" lon="133.0437014"><ele>857.6366666666667</ele><time>2022-05-15T03:20:57Z</time></trkpt><trkpt lat="33.7486466" lon="133.0435169"><ele>856.5</ele><time>2022-05-15T03:21:09Z</time></trkpt><trkpt lat="33.7485005" lon="133.0433749"><ele>853.82</ele><time>2022-05-15T03:21:22Z</time></trkpt><trkpt lat="33.7483268" lon="133.0432783"><ele>847.7800000000001</ele><time>2022-05-15T03:21:39Z</time></trkpt><trkpt lat="33.7482457" lon="133.0430829"><ele>840.9933333333333</ele><time>2022-05-15T03:21:50Z</time></trkpt><trkpt lat="33.7481762" lon="133.0428694"><ele>836.4166666666666</ele><time>2022-05-15T03:22:04Z</time></trkpt><trkpt lat="33.7480718" lon="133.0426848"><ele>834.1</ele><time>2022-05-15T03:22:22Z</time></trkpt><trkpt lat="33.7480513" lon="133.0424649"><ele>832.6</ele><time>2022-05-15T03:22:37Z</time></trkpt><trkpt lat="33.7479862" lon="133.0422623"><ele>830.0300000000001</ele><time>2022-05-15T03:22:57Z</time></trkpt><trkpt lat="33.7479155" lon="133.0420543"><ele>826.2199999999999</ele><time>2022-05-15T03:23:17Z</time></trkpt><trkpt lat="33.7479169" lon="133.0418373"><ele>823.9433333333333</ele><time>2022-05-15T03:23:34Z</time></trkpt><trkpt lat="33.7477456" lon="133.0417428"><ele>819.9633333333333</ele><time>2022-05-15T03:23:45Z</time></trkpt><trkpt lat="33.7476682" lon="133.0415465"><ele>816.3933333333333</ele><time>2022-05-15T03:24:01Z</time></trkpt><trkpt lat="33.7476404" lon="133.0413314"><ele>811.4466666666667</ele><time>2022-05-15T03:24:15Z</time></trkpt><trkpt lat="33.7474984" lon="133.041191"><ele>808.1633333333333</ele><time>2022-05-15T03:24:29Z</time></trkpt><trkpt lat="33.7474215" lon="133.0409707"><ele>804.3933333333333</ele><time>2022-05-15T03:24:47Z</time></trkpt><trkpt lat="33.7473046" lon="133.0408004"><ele>800.1366666666667</ele><time>2022-05-15T03:25:02Z</time></trkpt><trkpt lat="33.7472437" lon="133.0405961"><ele>796.3066666666667</ele><time>2022-05-15T03:25:16Z</time></trkpt><trkpt lat="33.747259" lon="133.040378"><ele>794.11</ele><time>2022-05-15T03:25:30Z</time></trkpt><trkpt lat="33.7471978" lon="133.0401672"><ele>792.8000000000001</ele><time>2022-05-15T03:25:42Z</time></trkpt><trkpt lat="33.7470408" lon="133.0400529"><ele>791.0233333333334</ele><time>2022-05-15T03:26:23Z</time></trkpt><trkpt lat="33.7469227" lon="133.0398727"><ele>788.1933333333333</ele><time>2022-05-15T03:26:36Z</time></trkpt><trkpt lat="33.7468299" lon="133.0396848"><ele>785.1366666666667</ele><time>2022-05-15T03:26:47Z</time></trkpt><trkpt lat="33.7466631" lon="133.0395896"><ele>781.85</ele><time>2022-05-15T03:26:59Z</time></trkpt><trkpt lat="33.7465242" lon="133.0394475"><ele>779.3733333333334</ele><time>2022-05-15T03:27:14Z</time></trkpt><trkpt lat="33.7464151" lon="133.0392704"><ele>776.7866666666667</ele><time>2022-05-15T03:27:26Z</time></trkpt><trkpt lat="33.7463028" lon="133.0390975"><ele>774.08</ele><time>2022-05-15T03:27:36Z</time></trkpt><trkpt lat="33.7461875" lon="133.0389237"><ele>771.4266666666667</ele><time>2022-05-15T03:27:49Z</time></trkpt><trkpt lat="33.7460866" lon="133.0387331"><ele>769.04</ele><time>2022-05-15T03:28:02Z</time></trkpt><trkpt lat="33.7460496" lon="133.038511"><ele>768.4033333333333</ele><time>2022-05-15T03:28:17Z</time></trkpt><trkpt lat="33.7461427" lon="133.0383116"><ele>768.29</ele><time>2022-05-15T03:28:31Z</time></trkpt><trkpt lat="33.746198" lon="133.0380992"><ele>768.9266666666667</ele><time>2022-05-15T03:28:44Z</time></trkpt><trkpt lat="33.746244" lon="133.0378868"><ele>768.1133333333333</ele><time>2022-05-15T03:29:00Z</time></trkpt><trkpt lat="33.7463749" lon="133.0377334"><ele>769.4200000000001</ele><time>2022-05-15T03:29:15Z</time></trkpt><trkpt lat="33.7464617" lon="133.0375279"><ele>770.8566666666667</ele><time>2022-05-15T03:29:29Z</time></trkpt><trkpt lat="33.7466001" lon="133.037359"><ele>772.3866666666667</ele><time>2022-05-15T03:29:43Z</time></trkpt><trkpt lat="33.7466299" lon="133.037143"><ele>770.3133333333334</ele><time>2022-05-15T03:30:00Z</time></trkpt><trkpt lat="33.7466629" lon="133.0369293"><ele>766.48</ele><time>2022-05-15T03:30:15Z</time></trkpt><trkpt lat="33.7466908" lon="133.0367006"><ele>762.1733333333333</ele><time>2022-05-15T03:30:23Z</time></trkpt><trkpt lat="33.7468004" lon="133.0365163"><ele>758.73</ele><time>2022-05-15T03:30:36Z</time></trkpt><trkpt lat="33.7466235" lon="133.0365654"><ele>756.2633333333333</ele><time>2022-05-15T03:32:07Z</time></trkpt><trkpt lat="33.746455" lon="133.0366613"><ele>754.7466666666666</ele><time>2022-05-15T03:32:18Z</time></trkpt><trkpt lat="33.7463193" lon="133.0368105"><ele>754.1866666666666</ele><time>2022-05-15T03:32:30Z</time></trkpt><trkpt lat="33.746133" lon="133.0368785"><ele>753.2866666666667</ele><time>2022-05-15T03:32:43Z</time></trkpt><trkpt lat="33.7459544" lon="133.0368266"><ele>752.2566666666667</ele><time>2022-05-15T03:32:57Z</time></trkpt><trkpt lat="33.7457746" lon="133.0367696"><ele>749.8566666666666</ele><time>2022-05-15T03:33:13Z</time></trkpt><trkpt lat="33.7456109" lon="133.0366687"><ele>747.61</ele><time>2022-05-15T03:33:29Z</time></trkpt><trkpt lat="33.745429" lon="133.0366569"><ele>745.25</ele><time>2022-05-15T03:33:42Z</time></trkpt><trkpt lat="33.7453047" lon="133.0368162"><ele>742.8833333333333</ele><time>2022-05-15T03:34:07Z</time></trkpt><trkpt lat="33.7451849" lon="133.0369974"><ele>741.1500000000001</ele><time>2022-05-15T03:34:20Z</time></trkpt><trkpt lat="33.7450214" lon="133.0370894"><ele>740.0500000000001</ele><time>2022-05-15T03:34:50Z</time></trkpt><trkpt lat="33.7448495" lon="133.0370217"><ele>739.2600000000001</ele><time>2022-05-15T03:35:04Z</time></trkpt><trkpt lat="33.7446603" lon="133.0370408"><ele>738.2933333333334</ele><time>2022-05-15T03:35:15Z</time></trkpt><trkpt lat="33.7444838" lon="133.0371106"><ele>737.52</ele><time>2022-05-15T03:35:25Z</time></trkpt><trkpt lat="33.7443406" lon="133.0372553"><ele>737.4033333333333</ele><time>2022-05-15T03:35:34Z</time></trkpt><trkpt lat="33.7442125" lon="133.0374162"><ele>737.9366666666666</ele><time>2022-05-15T03:35:46Z</time></trkpt><trkpt lat="33.744049" lon="133.0375174"><ele>739.3066666666667</ele><time>2022-05-15T03:36:03Z</time></trkpt><trkpt lat="33.7439393" lon="133.0377095"><ele>741.0533333333333</ele><time>2022-05-15T03:36:19Z</time></trkpt><trkpt lat="33.7437638" lon="133.0377977"><ele>742.3666666666667</ele><time>2022-05-15T03:36:34Z</time></trkpt><trkpt lat="33.7435805" lon="133.037813"><ele>742.5666666666667</ele><time>2022-05-15T03:36:49Z</time></trkpt><trkpt lat="33.743395" lon="133.0377775"><ele>741.82</ele><time>2022-05-15T03:37:07Z</time></trkpt><trkpt lat="33.743249" lon="133.0376465"><ele>740.1700000000001</ele><time>2022-05-15T03:37:23Z</time></trkpt><trkpt lat="33.7430787" lon="133.0375693"><ele>738.8233333333334</ele><time>2022-05-15T03:37:35Z</time></trkpt><trkpt lat="33.7428905" lon="133.0376123"><ele>737.0533333333333</ele><time>2022-05-15T03:37:47Z</time></trkpt><trkpt lat="33.7427027" lon="133.0375863"><ele>735.7833333333333</ele><time>2022-05-15T03:38:06Z</time></trkpt><trkpt lat="33.7425973" lon="133.0374101"><ele>733.1999999999999</ele><time>2022-05-15T03:38:20Z</time></trkpt><trkpt lat="33.7424132" lon="133.0374702"><ele>730.5466666666667</ele><time>2022-05-15T03:38:36Z</time></trkpt><trkpt lat="33.7422406" lon="133.0375619"><ele>728.1766666666667</ele><time>2022-05-15T03:38:50Z</time></trkpt><trkpt lat="33.7420619" lon="133.0376331"><ele>727.2133333333335</ele><time>2022-05-15T03:39:07Z</time></trkpt><trkpt lat="33.7418913" lon="133.037703"><ele>726.7933333333334</ele><time>2022-05-15T03:39:23Z</time></trkpt><trkpt lat="33.7417155" lon="133.0377611"><ele>726.64</ele><time>2022-05-15T03:39:37Z</time></trkpt><trkpt lat="33.7415545" lon="133.0378735"><ele>726.1966666666667</ele><time>2022-05-15T03:39:50Z</time></trkpt><trkpt lat="33.7413746" lon="133.0379428"><ele>725.5366666666665</ele><time>2022-05-15T03:40:03Z</time></trkpt><trkpt lat="33.7412014" lon="133.0380254"><ele>724.98</ele><time>2022-05-15T03:40:17Z</time></trkpt><trkpt lat="33.7410193" lon="133.0380811"><ele>724.1966666666667</ele><time>2022-05-15T03:40:32Z</time></trkpt><trkpt lat="33.7408344" lon="133.0380307"><ele>723.2666666666668</ele><time>2022-05-15T03:40:51Z</time></trkpt><trkpt lat="33.7406563" lon="133.0380757"><ele>721.5333333333333</ele><time>2022-05-15T03:41:02Z</time></trkpt><trkpt lat="33.7404734" lon="133.0381155"><ele>720.2433333333333</ele><time>2022-05-15T03:41:17Z</time></trkpt><trkpt lat="33.7402873" lon="133.0381308"><ele>719.3166666666667</ele><time>2022-05-15T03:41:29Z</time></trkpt><trkpt lat="33.740119" lon="133.0382159"><ele>719.1533333333333</ele><time>2022-05-15T03:41:44Z</time></trkpt><trkpt lat="33.7399245" lon="133.0382208"><ele>718.8133333333334</ele><time>2022-05-15T03:42:00Z</time></trkpt><trkpt lat="33.7397413" lon="133.0382276"><ele>718.3833333333333</ele><time>2022-05-15T03:42:14Z</time></trkpt><trkpt lat="33.7395584" lon="133.0382614"><ele>718.1766666666666</ele><time>2022-05-15T03:42:29Z</time></trkpt><trkpt lat="33.7393785" lon="133.0382316"><ele>717.1666666666666</ele><time>2022-05-15T03:42:45Z</time></trkpt><trkpt lat="33.7392586" lon="133.0380672"><ele>715.9566666666666</ele><time>2022-05-15T03:42:58Z</time></trkpt><trkpt lat="33.7391746" lon="133.0378717"><ele>714.5866666666666</ele><time>2022-05-15T03:43:10Z</time></trkpt><trkpt lat="33.7389929" lon="133.0378393"><ele>714.0066666666667</ele><time>2022-05-15T03:43:24Z</time></trkpt><trkpt lat="33.738811" lon="133.0378547"><ele>713.5799999999999</ele><time>2022-05-15T03:43:38Z</time></trkpt><trkpt lat="33.7386291" lon="133.0378129"><ele>713.1966666666667</ele><time>2022-05-15T03:45:33Z</time></trkpt><trkpt lat="33.7384516" lon="133.0377624"><ele>712.6733333333333</ele><time>2022-05-15T03:45:46Z</time></trkpt><trkpt lat="33.7382629" lon="133.0377242"><ele>711.9433333333333</ele><time>2022-05-15T03:46:02Z</time></trkpt><trkpt lat="33.7380914" lon="133.0378071"><ele>710.4633333333335</ele><time>2022-05-15T03:46:16Z</time></trkpt><trkpt lat="33.737908" lon="133.037838"><ele>709.2266666666666</ele><time>2022-05-15T03:46:29Z</time></trkpt><trkpt lat="33.7377296" lon="133.0378896"><ele>708.2333333333332</ele><time>2022-05-15T03:46:42Z</time></trkpt><trkpt lat="33.7375528" lon="133.0379364"><ele>707.5933333333334</ele><time>2022-05-15T03:46:59Z</time></trkpt><trkpt lat="33.7373882" lon="133.0378467"><ele>707.4399999999999</ele><time>2022-05-15T03:47:12Z</time></trkpt><trkpt lat="33.7371974" lon="133.0378315"><ele>707.6033333333334</ele><time>2022-05-15T03:47:27Z</time></trkpt><trkpt lat="33.737014" lon="133.0378659"><ele>707.9699999999999</ele><time>2022-05-15T03:47:41Z</time></trkpt><trkpt lat="33.7368274" lon="133.0378641"><ele>707.9699999999999</ele><time>2022-05-15T03:47:55Z</time></trkpt><trkpt lat="33.7366447" lon="133.037925"><ele>707.5433333333334</ele><time>2022-05-15T03:48:12Z</time></trkpt><trkpt lat="33.7364485" lon="133.0379158"><ele>706.7800000000001</ele><time>2022-05-15T03:48:28Z</time></trkpt><trkpt lat="33.7363806" lon="133.0377103"><ele>706.7933333333334</ele><time>2022-05-15T03:48:36Z</time></trkpt><trkpt lat="33.7362159" lon="133.0376176"><ele>707.0833333333334</ele><time>2022-05-15T03:48:51Z</time></trkpt><trkpt lat="33.7360524" lon="133.0375117"><ele>707.4566666666666</ele><time>2022-05-15T03:49:05Z</time></trkpt><trkpt lat="33.7358787" lon="133.0374218"><ele>706.86</ele><time>2022-05-15T03:49:21Z</time></trkpt><trkpt lat="33.7357725" lon="133.0372461"><ele>707.39</ele><time>2022-05-15T03:49:42Z</time></trkpt><trkpt lat="33.7358978" lon="133.0370679"><ele>708.8866666666668</ele><time>2022-05-15T03:49:50Z</time></trkpt><trkpt lat="33.7358581" lon="133.0368507"><ele>711.75</ele><time>2022-05-15T03:50:04Z</time></trkpt><trkpt lat="33.7358703" lon="133.0366313"><ele>714.2433333333333</ele><time>2022-05-15T03:50:16Z</time></trkpt><trkpt lat="33.7358968" lon="133.0364111"><ele>716.5300000000001</ele><time>2022-05-15T03:50:29Z</time></trkpt><trkpt lat="33.7358971" lon="133.0361923"><ele>718.3433333333334</ele><time>2022-05-15T03:50:43Z</time></trkpt><trkpt lat="33.7359414" lon="133.0359782"><ele>720.9633333333335</ele><time>2022-05-15T03:50:58Z</time></trkpt><trkpt lat="33.7360026" lon="133.0357705"><ele>722.85</ele><time>2022-05-15T03:51:12Z</time></trkpt><trkpt lat="33.7360669" lon="133.0355637"><ele>724.0566666666667</ele><time>2022-05-15T03:51:30Z</time></trkpt><trkpt lat="33.7361343" lon="133.0353548"><ele>724.3000000000001</ele><time>2022-05-15T03:51:43Z</time></trkpt><trkpt lat="33.7361692" lon="133.0351383"><ele>725.2033333333334</ele><time>2022-05-15T03:51:57Z</time></trkpt><trkpt lat="33.7362242" lon="133.0349238"><ele>726.5433333333334</ele><time>2022-05-15T03:52:16Z</time></trkpt><trkpt lat="33.7363" lon="133.034723"><ele>727.7199999999999</ele><time>2022-05-15T03:52:33Z</time></trkpt><trkpt lat="33.7364703" lon="133.0346492"><ele>728.7033333333334</ele><time>2022-05-15T03:52:46Z</time></trkpt><trkpt lat="33.7366469" lon="133.0347015"><ele>731.0300000000001</ele><time>2022-05-15T03:53:00Z</time></trkpt><trkpt lat="33.7367877" lon="133.0348386"><ele>733.0566666666667</ele><time>2022-05-15T03:53:10Z</time></trkpt><trkpt lat="33.7369345" lon="133.0349698"><ele>735.6</ele><time>2022-05-15T03:53:26Z</time></trkpt><trkpt lat="33.7370867" lon="133.034854"><ele>736.7199999999999</ele><time>2022-05-15T03:53:40Z</time></trkpt><trkpt lat="33.7372129" lon="133.0346914"><ele>739.2833333333333</ele><time>2022-05-15T03:53:53Z</time></trkpt><trkpt lat="33.7373741" lon="133.0345908"><ele>742.1366666666667</ele><time>2022-05-15T03:54:11Z</time></trkpt><trkpt lat="33.737537" lon="133.0344976"><ele>745.2700000000001</ele><time>2022-05-15T03:54:28Z</time></trkpt><trkpt lat="33.7376706" lon="133.034337"><ele>747.4900000000001</ele><time>2022-05-15T03:54:46Z</time></trkpt><trkpt lat="33.7375633" lon="133.0341536"><ele>747.8566666666667</ele><time>2022-05-15T03:54:56Z</time></trkpt><trkpt lat="33.7374256" lon="133.0340009"><ele>747.2933333333334</ele><time>2022-05-15T03:55:09Z</time></trkpt><trkpt lat="33.7372983" lon="133.0338362"><ele>746.94</ele><time>2022-05-15T03:55:30Z</time></trkpt><trkpt lat="33.7371876" lon="133.0336507"><ele>750.1266666666667</ele><time>2022-05-15T03:55:48Z</time></trkpt><trkpt lat="33.7370314" lon="133.0335189"><ele>753.5666666666666</ele><time>2022-05-15T03:56:04Z</time></trkpt><trkpt lat="33.7368893" lon="133.0333645"><ele>755.8666666666668</ele><time>2022-05-15T03:56:18Z</time></trkpt><trkpt lat="33.7367519" lon="133.0332175"><ele>755.4266666666666</ele><time>2022-05-15T03:56:46Z</time></trkpt><trkpt lat="33.7367358" lon="133.0329961"><ele>755.4066666666666</ele><time>2022-05-15T03:57:06Z</time></trkpt><trkpt lat="33.73671" lon="133.0327798"><ele>755.7933333333334</ele><time>2022-05-15T03:57:28Z</time></trkpt><trkpt lat="33.7367747" lon="133.0325756"><ele>756.4433333333333</ele><time>2022-05-15T03:57:43Z</time></trkpt><trkpt lat="33.7368892" lon="133.0324018"><ele>756.9133333333334</ele><time>2022-05-15T03:58:05Z</time></trkpt><trkpt lat="33.7369901" lon="133.0322163"><ele>758.6066666666667</ele><time>2022-05-15T03:58:28Z</time></trkpt><trkpt lat="33.7370387" lon="133.0319903"><ele>760.6500000000001</ele><time>2022-05-15T03:58:40Z</time></trkpt><trkpt lat="33.7371229" lon="133.0317971"><ele>762.0433333333334</ele><time>2022-05-15T03:58:55Z</time></trkpt><trkpt lat="33.7372627" lon="133.0316407"><ele>763.3766666666667</ele><time>2022-05-15T03:59:10Z</time></trkpt><trkpt lat="33.7373793" lon="133.0314753"><ele>764.9733333333334</ele><time>2022-05-15T03:59:24Z</time></trkpt><trkpt lat="33.7374797" lon="133.0312873"><ele>766.7766666666666</ele><time>2022-05-15T03:59:36Z</time></trkpt><trkpt lat="33.7374925" lon="133.0310593"><ele>766.2133333333333</ele><time>2022-05-15T03:59:48Z</time></trkpt><trkpt lat="33.7376737" lon="133.0310251"><ele>764.0833333333334</ele><time>2022-05-15T04:00:02Z</time></trkpt><trkpt lat="33.7378566" lon="133.0310518"><ele>762.9833333333335</ele><time>2022-05-15T04:00:15Z</time></trkpt><trkpt lat="33.7380292" lon="133.0311266"><ele>763.14</ele><time>2022-05-15T04:00:31Z</time></trkpt><trkpt lat="33.7381894" lon="133.03102"><ele>762.1066666666667</ele><time>2022-05-15T04:00:45Z</time></trkpt><trkpt lat="33.7383161" lon="133.0308427"><ele>759.3933333333334</ele><time>2022-05-15T04:01:00Z</time></trkpt><trkpt lat="33.7384791" lon="133.0307486"><ele>757.3333333333334</ele><time>2022-05-15T04:01:15Z</time></trkpt><trkpt lat="33.7385398" lon="133.0305426"><ele>756.7800000000001</ele><time>2022-05-15T04:01:31Z</time></trkpt><trkpt lat="33.738362" lon="133.0305874"><ele>756.6566666666666</ele><time>2022-05-15T04:01:46Z</time></trkpt><trkpt lat="33.7381896" lon="133.0306774"><ele>754.8666666666667</ele><time>2022-05-15T04:02:01Z</time></trkpt><trkpt lat="33.7380108" lon="133.0306205"><ele>752.2233333333334</ele><time>2022-05-15T04:02:17Z</time></trkpt><trkpt lat="33.7378351" lon="133.0305559"><ele>749.2700000000001</ele><time>2022-05-15T04:02:32Z</time></trkpt><trkpt lat="33.737664" lon="133.0304781"><ele>745.02</ele><time>2022-05-15T04:02:46Z</time></trkpt><trkpt lat="33.7375341" lon="133.0303259"><ele>742.2766666666666</ele><time>2022-05-15T04:02:57Z</time></trkpt><trkpt lat="33.7373567" lon="133.0302269"><ele>739.8866666666668</ele><time>2022-05-15T04:03:17Z</time></trkpt><trkpt lat="33.7372728" lon="133.0300257"><ele>739.7766666666666</ele><time>2022-05-15T04:03:32Z</time></trkpt><trkpt lat="33.7371789" lon="133.0298352"><ele>737.4000000000001</ele><time>2022-05-15T04:06:17Z</time></trkpt><trkpt lat="33.7370859" lon="133.0296458"><ele>734.9766666666668</ele><time>2022-05-15T04:06:29Z</time></trkpt><trkpt lat="33.7369552" lon="133.029482"><ele>731.1066666666667</ele><time>2022-05-15T04:06:41Z</time></trkpt><trkpt lat="33.7368752" lon="133.0292657"><ele>728.1500000000001</ele><time>2022-05-15T04:06:55Z</time></trkpt><trkpt lat="33.7367695" lon="133.0290889"><ele>724.9666666666667</ele><time>2022-05-15T04:07:07Z</time></trkpt><trkpt lat="33.7366578" lon="133.0289192"><ele>724.3966666666666</ele><time>2022-05-15T04:07:33Z</time></trkpt><trkpt lat="33.7366474" lon="133.0287032"><ele>725.7333333333332</ele><time>2022-05-15T04:07:46Z</time></trkpt><trkpt lat="33.7365554" lon="133.0285076"><ele>728.4866666666667</ele><time>2022-05-15T04:07:58Z</time></trkpt><trkpt lat="33.7364807" lon="133.0282841"><ele>729.3533333333335</ele><time>2022-05-15T04:08:11Z</time></trkpt><trkpt lat="33.7364224" lon="133.0280789"><ele>728.3966666666666</ele><time>2022-05-15T04:08:26Z</time></trkpt><trkpt lat="33.7362583" lon="133.0279613"><ele>725.3366666666667</ele><time>2022-05-15T04:08:40Z</time></trkpt><trkpt lat="33.7361226" lon="133.0278052"><ele>721.8233333333334</ele><time>2022-05-15T04:08:57Z</time></trkpt><trkpt lat="33.7360048" lon="133.0276358"><ele>718.5233333333334</ele><time>2022-05-15T04:09:15Z</time></trkpt><trkpt lat="33.7358205" lon="133.0276152"><ele>715.7066666666668</ele><time>2022-05-15T04:09:29Z</time></trkpt><trkpt lat="33.7356402" lon="133.0276012"><ele>712.9333333333334</ele><time>2022-05-15T04:09:42Z</time></trkpt><trkpt lat="33.7355032" lon="133.0274529"><ele>709.8433333333334</ele><time>2022-05-15T04:09:56Z</time></trkpt><trkpt lat="33.735322" lon="133.0274036"><ele>706.4699999999999</ele><time>2022-05-15T04:10:07Z</time></trkpt><trkpt lat="33.7352163" lon="133.0272279"><ele>704.3666666666668</ele><time>2022-05-15T04:10:57Z</time></trkpt><trkpt lat="33.735081" lon="133.0270776"><ele>703.62</ele><time>2022-05-15T04:11:12Z</time></trkpt><trkpt lat="33.7349652" lon="133.0269018"><ele>704.1</ele><time>2022-05-15T04:11:27Z</time></trkpt><trkpt lat="33.7348458" lon="133.0267387"><ele>704.8733333333333</ele><time>2022-05-15T04:11:38Z</time></trkpt><trkpt lat="33.7347369" lon="133.0265595"><ele>704.6666666666666</ele><time>2022-05-15T04:11:54Z</time></trkpt><trkpt lat="33.7347611" lon="133.0263297"><ele>705.43</ele><time>2022-05-15T04:12:07Z</time></trkpt><trkpt lat="33.7349538" lon="133.0262803"><ele>705.7233333333334</ele><time>2022-05-15T04:12:22Z</time></trkpt><trkpt lat="33.7351441" lon="133.0262602"><ele>706.3666666666667</ele><time>2022-05-15T04:12:37Z</time></trkpt><trkpt lat="33.7353278" lon="133.0262566"><ele>703.8966666666666</ele><time>2022-05-15T04:12:48Z</time></trkpt><trkpt lat="33.7355071" lon="133.0263184"><ele>700.5500000000001</ele><time>2022-05-15T04:13:00Z</time></trkpt><trkpt lat="33.7356905" lon="133.0263026"><ele>698.1633333333333</ele><time>2022-05-15T04:13:12Z</time></trkpt><trkpt lat="33.7357317" lon="133.0260888"><ele>698.3533333333334</ele><time>2022-05-15T04:13:38Z</time></trkpt><trkpt lat="33.7355318" lon="133.0260742"><ele>697.84</ele><time>2022-05-15T04:13:52Z</time></trkpt><trkpt lat="33.7353457" lon="133.0260333"><ele>695.96</ele><time>2022-05-15T04:14:09Z</time></trkpt><trkpt lat="33.7352383" lon="133.025859"><ele>692.9433333333333</ele><time>2022-05-15T04:14:24Z</time></trkpt><trkpt lat="33.7351384" lon="133.0256752"><ele>690.6666666666666</ele><time>2022-05-15T04:14:39Z</time></trkpt><trkpt lat="33.7350157" lon="133.0255078"><ele>688.0266666666666</ele><time>2022-05-15T04:14:53Z</time></trkpt><trkpt lat="33.7349049" lon="133.0253178"><ele>685.2733333333334</ele><time>2022-05-15T04:15:06Z</time></trkpt><trkpt lat="33.7348081" lon="133.0251281"><ele>683.1266666666667</ele><time>2022-05-15T04:15:17Z</time></trkpt><trkpt lat="33.7348203" lon="133.0248869"><ele>683.0133333333333</ele><time>2022-05-15T04:15:27Z</time></trkpt><trkpt lat="33.7348191" lon="133.0246705"><ele>683.04</ele><time>2022-05-15T04:15:37Z</time></trkpt><trkpt lat="33.7348699" lon="133.024457"><ele>683.6333333333333</ele><time>2022-05-15T04:15:51Z</time></trkpt><trkpt lat="33.734929" lon="133.0242491"><ele>684.1733333333333</ele><time>2022-05-15T04:16:03Z</time></trkpt><trkpt lat="33.735002" lon="133.0240408"><ele>685.3866666666667</ele><time>2022-05-15T04:16:17Z</time></trkpt><trkpt lat="33.7351436" lon="133.0238916"><ele>685.9900000000001</ele><time>2022-05-15T04:16:34Z</time></trkpt><trkpt lat="33.7352366" lon="133.0237052"><ele>684.7866666666667</ele><time>2022-05-15T04:16:48Z</time></trkpt><trkpt lat="33.7353396" lon="133.0235181"><ele>684.4133333333334</ele><time>2022-05-15T04:16:59Z</time></trkpt><trkpt lat="33.7354629" lon="133.0233556"><ele>684.4933333333333</ele><time>2022-05-15T04:17:11Z</time></trkpt><trkpt lat="33.7355615" lon="133.0231726"><ele>685.8666666666668</ele><time>2022-05-15T04:17:27Z</time></trkpt><trkpt lat="33.7356614" lon="133.0229867"><ele>686.07</ele><time>2022-05-15T04:17:42Z</time></trkpt><trkpt lat="33.7357695" lon="133.0228112"><ele>686.0833333333334</ele><time>2022-05-15T04:17:54Z</time></trkpt><trkpt lat="33.7358793" lon="133.0226296"><ele>684.66</ele><time>2022-05-15T04:18:09Z</time></trkpt><trkpt lat="33.7359783" lon="133.0224349"><ele>683.8733333333333</ele><time>2022-05-15T04:18:22Z</time></trkpt><trkpt lat="33.7360522" lon="133.022224"><ele>682.9366666666666</ele><time>2022-05-15T04:18:37Z</time></trkpt><trkpt lat="33.7361836" lon="133.0220601"><ele>682.8033333333333</ele><time>2022-05-15T04:18:50Z</time></trkpt><trkpt lat="33.7363174" lon="133.0219137"><ele>682.5533333333333</ele><time>2022-05-15T04:19:03Z</time></trkpt><trkpt lat="33.7364529" lon="133.0217544"><ele>683.0766666666665</ele><time>2022-05-15T04:19:18Z</time></trkpt><trkpt lat="33.7365794" lon="133.0215912"><ele>684.1366666666667</ele><time>2022-05-15T04:19:32Z</time></trkpt><trkpt lat="33.7367043" lon="133.0214352"><ele>685.3766666666667</ele><time>2022-05-15T04:19:45Z</time></trkpt><trkpt lat="33.736853" lon="133.0212941"><ele>685.7399999999999</ele><time>2022-05-15T04:20:10Z</time></trkpt><trkpt lat="33.7370164" lon="133.0211941"><ele>685.7533333333334</ele><time>2022-05-15T04:20:24Z</time></trkpt><trkpt lat="33.7371759" lon="133.0210842"><ele>685.59</ele><time>2022-05-15T04:20:37Z</time></trkpt><trkpt lat="33.7372616" lon="133.020873"><ele>685.7966666666667</ele><time>2022-05-15T04:20:51Z</time></trkpt><trkpt lat="33.7373281" lon="133.0206532"><ele>685.0433333333334</ele><time>2022-05-15T04:21:06Z</time></trkpt><trkpt lat="33.7374397" lon="133.0204773"><ele>684.7133333333333</ele><time>2022-05-15T04:21:19Z</time></trkpt><trkpt lat="33.7375793" lon="133.0203229"><ele>685.21</ele><time>2022-05-15T04:21:33Z</time></trkpt><trkpt lat="33.7377208" lon="133.0201738"><ele>686.8533333333334</ele><time>2022-05-15T04:21:48Z</time></trkpt><trkpt lat="33.7378848" lon="133.020067"><ele>687.6</ele><time>2022-05-15T04:22:03Z</time></trkpt><trkpt lat="33.7380486" lon="133.0199615"><ele>687.38</ele><time>2022-05-15T04:22:18Z</time></trkpt><trkpt lat="33.7382183" lon="133.0198758"><ele>687.18</ele><time>2022-05-15T04:22:32Z</time></trkpt><trkpt lat="33.7383821" lon="133.0197793"><ele>687.43</ele><time>2022-05-15T04:22:46Z</time></trkpt><trkpt lat="33.7385461" lon="133.0196699"><ele>688.6566666666668</ele><time>2022-05-15T04:23:05Z</time></trkpt><trkpt lat="33.7385044" lon="133.0192233"><ele>687.7566666666667</ele><time>2022-05-15T04:23:24Z</time></trkpt><trkpt lat="33.7384456" lon="133.0190165"><ele>685.7933333333334</ele><time>2022-05-15T04:23:35Z</time></trkpt><trkpt lat="33.7382927" lon="133.0188914"><ele>683.3566666666667</ele><time>2022-05-15T04:23:50Z</time></trkpt><trkpt lat="33.7381126" lon="133.01888"><ele>683.7333333333332</ele><time>2022-05-15T04:24:08Z</time></trkpt><trkpt lat="33.7379372" lon="133.0189373"><ele>685.04</ele><time>2022-05-15T04:24:24Z</time></trkpt><trkpt lat="33.7377912" lon="133.0190746"><ele>684.93</ele><time>2022-05-15T04:24:37Z</time></trkpt><trkpt lat="33.7376086" lon="133.0190971"><ele>683.9133333333333</ele><time>2022-05-15T04:24:50Z</time></trkpt><trkpt lat="33.7374285" lon="133.0191445"><ele>682.4566666666666</ele><time>2022-05-15T04:25:03Z</time></trkpt><trkpt lat="33.7372632" lon="133.0190272"><ele>682.2233333333334</ele><time>2022-05-15T04:25:17Z</time></trkpt><trkpt lat="33.7372615" lon="133.0188042"><ele>682.6966666666667</ele><time>2022-05-15T04:25:29Z</time></trkpt><trkpt lat="33.7374373" lon="133.0187249"><ele>683.9266666666666</ele><time>2022-05-15T04:25:41Z</time></trkpt><trkpt lat="33.7376392" lon="133.0187049"><ele>685.2599999999999</ele><time>2022-05-15T04:25:50Z</time></trkpt><trkpt lat="33.7378256" lon="133.0187133"><ele>686.1333333333332</ele><time>2022-05-15T04:26:02Z</time></trkpt><trkpt lat="33.7379982" lon="133.0186295"><ele>687.4500000000002</ele><time>2022-05-15T04:26:15Z</time></trkpt><trkpt lat="33.7381513" lon="133.0185082"><ele>688.9066666666668</ele><time>2022-05-15T04:26:26Z</time></trkpt><trkpt lat="33.7382822" lon="133.0183408"><ele>690.2966666666666</ele><time>2022-05-15T04:26:39Z</time></trkpt><trkpt lat="33.7383555" lon="133.0181293"><ele>690.9933333333333</ele><time>2022-05-15T04:26:56Z</time></trkpt><trkpt lat="33.7383881" lon="133.017914"><ele>691.6166666666667</ele><time>2022-05-15T04:27:09Z</time></trkpt><trkpt lat="33.7384773" lon="133.0177087"><ele>693.8000000000001</ele><time>2022-05-15T04:27:22Z</time></trkpt><trkpt lat="33.738588" lon="133.0175321"><ele>696.8333333333334</ele><time>2022-05-15T04:27:36Z</time></trkpt><trkpt lat="33.7387352" lon="133.0174063"><ele>698.5099999999999</ele><time>2022-05-15T04:27:50Z</time></trkpt><trkpt lat="33.7388631" lon="133.0172476"><ele>698.5133333333333</ele><time>2022-05-15T04:28:05Z</time></trkpt><trkpt lat="33.7390094" lon="133.0171054"><ele>697.8466666666667</ele><time>2022-05-15T04:28:22Z</time></trkpt><trkpt lat="33.7391728" lon="133.0170122"><ele>697.4966666666668</ele><time>2022-05-15T04:28:38Z</time></trkpt><trkpt lat="33.7392602" lon="133.0168208"><ele>696.4333333333334</ele><time>2022-05-15T04:28:53Z</time></trkpt><trkpt lat="33.7393738" lon="133.0166486"><ele>696.21</ele><time>2022-05-15T04:29:06Z</time></trkpt><trkpt lat="33.7395369" lon="133.0165322"><ele>698.32</ele><time>2022-05-15T04:29:19Z</time></trkpt><trkpt lat="33.7396269" lon="133.0161157"><ele>702.4366666666666</ele><time>2022-05-15T04:29:51Z</time></trkpt><trkpt lat="33.7396134" lon="133.0158948"><ele>707.66</ele><time>2022-05-15T04:30:09Z</time></trkpt><trkpt lat="33.7396812" lon="133.0156948"><ele>710.5966666666667</ele><time>2022-05-15T04:30:26Z</time></trkpt><trkpt lat="33.7397774" lon="133.0155074"><ele>711.9766666666666</ele><time>2022-05-15T04:30:38Z</time></trkpt><trkpt lat="33.7398592" lon="133.0153135"><ele>711.2066666666666</ele><time>2022-05-15T04:30:51Z</time></trkpt><trkpt lat="33.7399206" lon="133.0151095"><ele>710.98</ele><time>2022-05-15T04:31:03Z</time></trkpt><trkpt lat="33.740033" lon="133.0149285"><ele>711.7066666666666</ele><time>2022-05-15T04:31:17Z</time></trkpt><trkpt lat="33.7401791" lon="133.0148019"><ele>712.89</ele><time>2022-05-15T04:31:32Z</time></trkpt><trkpt lat="33.7403594" lon="133.014762"><ele>713.1333333333333</ele><time>2022-05-15T04:31:48Z</time></trkpt><trkpt lat="33.7404991" lon="133.0146111"><ele>714.1766666666667</ele><time>2022-05-15T04:32:03Z</time></trkpt><trkpt lat="33.7406134" lon="133.0144342"><ele>715.4633333333335</ele><time>2022-05-15T04:32:16Z</time></trkpt><trkpt lat="33.7407425" lon="133.0142829"><ele>717.9466666666667</ele><time>2022-05-15T04:32:31Z</time></trkpt><trkpt lat="33.7408985" lon="133.0141646"><ele>718.5566666666667</ele><time>2022-05-15T04:32:49Z</time></trkpt><trkpt lat="33.7410548" lon="133.0140495"><ele>717.9033333333333</ele><time>2022-05-15T04:33:04Z</time></trkpt><trkpt lat="33.7411533" lon="133.0138666"><ele>717.1766666666667</ele><time>2022-05-15T04:33:20Z</time></trkpt><trkpt lat="33.7412214" lon="133.0136546"><ele>716.8633333333333</ele><time>2022-05-15T04:33:33Z</time></trkpt><trkpt lat="33.7411639" lon="133.0134439"><ele>717.9066666666666</ele><time>2022-05-15T04:33:45Z</time></trkpt><trkpt lat="33.7412138" lon="133.0132363"><ele>718.4233333333333</ele><time>2022-05-15T04:34:01Z</time></trkpt><trkpt lat="33.7413656" lon="133.013102"><ele>719.1166666666667</ele><time>2022-05-15T04:34:19Z</time></trkpt><trkpt lat="33.7414891" lon="133.0129332"><ele>718.6166666666667</ele><time>2022-05-15T04:34:38Z</time></trkpt><trkpt lat="33.7415496" lon="133.0127243"><ele>719.1066666666667</ele><time>2022-05-15T04:36:10Z</time></trkpt><trkpt lat="33.7416886" lon="133.0125671"><ele>721.18</ele><time>2022-05-15T04:36:21Z</time></trkpt><trkpt lat="33.7417815" lon="133.0123745"><ele>724.0100000000001</ele><time>2022-05-15T04:36:32Z</time></trkpt><trkpt lat="33.7418915" lon="133.0121904"><ele>727.1833333333334</ele><time>2022-05-15T04:36:46Z</time></trkpt><trkpt lat="33.7420322" lon="133.0120396"><ele>729.7033333333334</ele><time>2022-05-15T04:37:04Z</time></trkpt><trkpt lat="33.7421771" lon="133.0119073"><ele>731.4933333333333</ele><time>2022-05-15T04:37:19Z</time></trkpt><trkpt lat="33.7421962" lon="133.0116786"><ele>732.67</ele><time>2022-05-15T04:37:35Z</time></trkpt><trkpt lat="33.742219" lon="133.0114592"><ele>734.0466666666666</ele><time>2022-05-15T04:38:01Z</time></trkpt><trkpt lat="33.7423484" lon="133.011301"><ele>735.5433333333334</ele><time>2022-05-15T04:38:42Z</time></trkpt><trkpt lat="33.7423786" lon="133.0110843"><ele>737.4</ele><time>2022-05-15T04:38:55Z</time></trkpt><trkpt lat="33.7424327" lon="133.0108775"><ele>737.5833333333334</ele><time>2022-05-15T04:39:08Z</time></trkpt><trkpt lat="33.7425246" lon="133.0106899"><ele>738.3266666666667</ele><time>2022-05-15T04:39:23Z</time></trkpt><trkpt lat="33.7426406" lon="133.0105159"><ele>739.73</ele><time>2022-05-15T04:39:37Z</time></trkpt><trkpt lat="33.7427336" lon="133.0103278"><ele>742.2400000000001</ele><time>2022-05-15T04:39:52Z</time></trkpt><trkpt lat="33.7428347" lon="133.0101455"><ele>744.3933333333334</ele><time>2022-05-15T04:40:08Z</time></trkpt><trkpt lat="33.7429585" lon="133.009981"><ele>745.6933333333333</ele><time>2022-05-15T04:40:25Z</time></trkpt><trkpt lat="33.7431136" lon="133.0098642"><ele>745.4266666666666</ele><time>2022-05-15T04:40:42Z</time></trkpt><trkpt lat="33.7432857" lon="133.0097875"><ele>745.4</ele><time>2022-05-15T04:40:57Z</time></trkpt><trkpt lat="33.7434787" lon="133.0097712"><ele>743.6166666666668</ele><time>2022-05-15T04:41:11Z</time></trkpt><trkpt lat="33.7436487" lon="133.0096785"><ele>743.8133333333334</ele><time>2022-05-15T04:41:25Z</time></trkpt><trkpt lat="33.7438356" lon="133.0096479"><ele>746.5233333333334</ele><time>2022-05-15T04:41:45Z</time></trkpt><trkpt lat="33.7440075" lon="133.0097234"><ele>749.59</ele><time>2022-05-15T04:42:03Z</time></trkpt><trkpt lat="33.7441845" lon="133.009669"><ele>752.33</ele><time>2022-05-15T04:42:15Z</time></trkpt><trkpt lat="33.744362" lon="133.0096302"><ele>752.1633333333334</ele><time>2022-05-15T04:42:30Z</time></trkpt><trkpt lat="33.7445465" lon="133.009666"><ele>753.1300000000001</ele><time>2022-05-15T04:42:46Z</time></trkpt><trkpt lat="33.7447324" lon="133.0096372"><ele>753.2933333333334</ele><time>2022-05-15T04:42:59Z</time></trkpt><trkpt lat="33.7449041" lon="133.0095575"><ele>753.3100000000001</ele><time>2022-05-15T04:43:14Z</time></trkpt><trkpt lat="33.7450498" lon="133.0094174"><ele>752.7866666666667</ele><time>2022-05-15T04:43:27Z</time></trkpt><trkpt lat="33.7451075" lon="133.0092006"><ele>753.0633333333334</ele><time>2022-05-15T04:43:40Z</time></trkpt><trkpt lat="33.7450367" lon="133.0089954"><ele>754.4433333333333</ele><time>2022-05-15T04:43:54Z</time></trkpt><trkpt lat="33.7448561" lon="133.0089301"><ele>756.8533333333334</ele><time>2022-05-15T04:44:09Z</time></trkpt><trkpt lat="33.744681" lon="133.0089943"><ele>759.4166666666666</ele><time>2022-05-15T04:44:23Z</time></trkpt><trkpt lat="33.7445176" lon="133.0090879"><ele>761.5500000000001</ele><time>2022-05-15T04:44:39Z</time></trkpt><trkpt lat="33.7443456" lon="133.0091592"><ele>763.3433333333334</ele><time>2022-05-15T04:44:54Z</time></trkpt><trkpt lat="33.7441731" lon="133.0090718"><ele>766.0100000000001</ele><time>2022-05-15T04:45:13Z</time></trkpt><trkpt lat="33.744152" lon="133.0088518"><ele>768.6133333333333</ele><time>2022-05-15T04:45:25Z</time></trkpt><trkpt lat="33.744259" lon="133.0086661"><ele>769.8100000000001</ele><time>2022-05-15T04:45:44Z</time></trkpt><trkpt lat="33.7444183" lon="133.0085577"><ele>768.7766666666666</ele><time>2022-05-15T04:46:03Z</time></trkpt><trkpt lat="33.7445695" lon="133.0084141"><ele>767.18</ele><time>2022-05-15T04:46:19Z</time></trkpt><trkpt lat="33.7446708" lon="133.00823"><ele>767.25</ele><time>2022-05-15T04:46:35Z</time></trkpt><trkpt lat="33.7447413" lon="133.0080157"><ele>769.3166666666666</ele><time>2022-05-15T04:46:51Z</time></trkpt><trkpt lat="33.7448067" lon="133.0078136"><ele>771.5100000000001</ele><time>2022-05-15T04:47:12Z</time></trkpt><trkpt lat="33.7447754" lon="133.0076005"><ele>773.2399999999999</ele><time>2022-05-15T04:47:39Z</time></trkpt><trkpt lat="33.7448578" lon="133.0074019"><ele>773.8566666666666</ele><time>2022-05-15T04:47:52Z</time></trkpt><trkpt lat="33.7449665" lon="133.007224"><ele>774.7733333333334</ele><time>2022-05-15T04:48:02Z</time></trkpt><trkpt lat="33.7450888" lon="133.0070617"><ele>775.2400000000001</ele><time>2022-05-15T04:48:14Z</time></trkpt><trkpt lat="33.7452014" lon="133.0068823"><ele>775.5033333333334</ele><time>2022-05-15T04:48:26Z</time></trkpt><trkpt lat="33.7453646" lon="133.0067724"><ele>775.6966666666667</ele><time>2022-05-15T04:48:43Z</time></trkpt><trkpt lat="33.7454291" lon="133.0065578"><ele>778.0933333333334</ele><time>2022-05-15T04:48:54Z</time></trkpt><trkpt lat="33.7454274" lon="133.006337"><ele>781.2333333333332</ele><time>2022-05-15T04:49:11Z</time></trkpt><trkpt lat="33.7452667" lon="133.0062359"><ele>785.4433333333333</ele><time>2022-05-15T04:49:29Z</time></trkpt><trkpt lat="33.7450999" lon="133.0063218"><ele>787.4533333333333</ele><time>2022-05-15T04:49:44Z</time></trkpt><trkpt lat="33.7449244" lon="133.0063954"><ele>788.25</ele><time>2022-05-15T04:49:59Z</time></trkpt><trkpt lat="33.7448263" lon="133.0065824"><ele>786.5500000000001</ele><time>2022-05-15T04:50:11Z</time></trkpt><trkpt lat="33.7447115" lon="133.0067573"><ele>785.23</ele><time>2022-05-15T04:51:40Z</time></trkpt><trkpt lat="33.7445845" lon="133.0069292"><ele>784.4133333333333</ele><time>2022-05-15T04:51:52Z</time></trkpt><trkpt lat="33.744409" lon="133.0069838"><ele>785.3633333333333</ele><time>2022-05-15T04:52:07Z</time></trkpt><trkpt lat="33.7442599" lon="133.0068558"><ele>786.8566666666666</ele><time>2022-05-15T04:52:20Z</time></trkpt><trkpt lat="33.7442387" lon="133.0066364"><ele>790.4333333333333</ele><time>2022-05-15T04:52:35Z</time></trkpt><trkpt lat="33.744345" lon="133.0064597"><ele>793.2433333333333</ele><time>2022-05-15T04:52:49Z</time></trkpt><trkpt lat="33.744506" lon="133.0063349"><ele>795.07</ele><time>2022-05-15T04:52:59Z</time></trkpt><trkpt lat="33.7446467" lon="133.0061889"><ele>795.0133333333333</ele><time>2022-05-15T04:53:16Z</time></trkpt><trkpt lat="33.7448272" lon="133.0061548"><ele>794.1966666666667</ele><time>2022-05-15T04:53:27Z</time></trkpt><trkpt lat="33.7450212" lon="133.0061388"><ele>793.8966666666666</ele><time>2022-05-15T04:53:41Z</time></trkpt><trkpt lat="33.7451337" lon="133.0059684"><ele>793.8299999999999</ele><time>2022-05-15T04:53:53Z</time></trkpt><trkpt lat="33.7452437" lon="133.0057924"><ele>794.9900000000001</ele><time>2022-05-15T04:54:07Z</time></trkpt><trkpt lat="33.7453769" lon="133.0056343"><ele>795.9500000000002</ele><time>2022-05-15T04:54:20Z</time></trkpt><trkpt lat="33.7455317" lon="133.0055211"><ele>795.9899999999999</ele><time>2022-05-15T04:54:36Z</time></trkpt><trkpt lat="33.7456239" lon="133.0053308"><ele>796.8333333333334</ele><time>2022-05-15T04:54:52Z</time></trkpt><trkpt lat="33.7457341" lon="133.0051569"><ele>799.1700000000001</ele><time>2022-05-15T04:55:14Z</time></trkpt><trkpt lat="33.7459171" lon="133.005126"><ele>801.0833333333334</ele><time>2022-05-15T04:55:33Z</time></trkpt><trkpt lat="33.746092" lon="133.0050237"><ele>802.5866666666667</ele><time>2022-05-15T04:55:45Z</time></trkpt><trkpt lat="33.7462571" lon="133.0049142"><ele>802.35</ele><time>2022-05-15T04:55:56Z</time></trkpt><trkpt lat="33.7464128" lon="133.0047993"><ele>802.58</ele><time>2022-05-15T04:56:10Z</time></trkpt><trkpt lat="33.74653" lon="133.0046326"><ele>802.4766666666668</ele><time>2022-05-15T04:56:23Z</time></trkpt><trkpt lat="33.7466442" lon="133.0044651"><ele>802.5133333333333</ele><time>2022-05-15T04:56:42Z</time></trkpt><trkpt lat="33.7467635" lon="133.0043026"><ele>802.6266666666667</ele><time>2022-05-15T04:56:59Z</time></trkpt><trkpt lat="33.7468015" lon="133.0040863"><ele>803.3000000000001</ele><time>2022-05-15T04:57:13Z</time></trkpt><trkpt lat="33.746879" lon="133.0038809"><ele>804.2033333333334</ele><time>2022-05-15T04:57:28Z</time></trkpt><trkpt lat="33.746751" lon="133.0040397"><ele>805.3466666666667</ele><time>2022-05-15T04:58:10Z</time></trkpt><trkpt lat="33.7465731" lon="133.0041802"><ele>805.7566666666667</ele><time>2022-05-15T04:58:31Z</time></trkpt><trkpt lat="33.7463763" lon="133.0041617"><ele>806.9766666666668</ele><time>2022-05-15T04:59:30Z</time></trkpt><trkpt lat="33.7461956" lon="133.0041868"><ele>807.7666666666668</ele><time>2022-05-15T04:59:41Z</time></trkpt><trkpt lat="33.7460127" lon="133.0041936"><ele>808.9966666666666</ele><time>2022-05-15T04:59:54Z</time></trkpt><trkpt lat="33.7458694" lon="133.0043369"><ele>809.9333333333334</ele><time>2022-05-15T05:00:09Z</time></trkpt><trkpt lat="33.7456929" lon="133.0043897"><ele>811.9166666666666</ele><time>2022-05-15T05:00:21Z</time></trkpt><trkpt lat="33.7455134" lon="133.0044483"><ele>813.7633333333333</ele><time>2022-05-15T05:00:36Z</time></trkpt><trkpt lat="33.7453488" lon="133.0045497"><ele>814.5566666666667</ele><time>2022-05-15T05:00:50Z</time></trkpt><trkpt lat="33.7451696" lon="133.0045208"><ele>815.8966666666669</ele><time>2022-05-15T05:01:15Z</time></trkpt><trkpt lat="33.7449964" lon="133.0045829"><ele>816.91</ele><time>2022-05-15T05:01:25Z</time></trkpt><trkpt lat="33.7448274" lon="133.0044968"><ele>819.8366666666667</ele><time>2022-05-15T05:01:43Z</time></trkpt><trkpt lat="33.7449302" lon="133.0043126"><ele>821.9566666666666</ele><time>2022-05-15T05:01:56Z</time></trkpt><trkpt lat="33.745108" lon="133.0042449"><ele>823.5933333333332</ele><time>2022-05-15T05:02:07Z</time></trkpt><trkpt lat="33.7452573" lon="133.0041214"><ele>823.1366666666667</ele><time>2022-05-15T05:02:18Z</time></trkpt><trkpt lat="33.7453736" lon="133.0039478"><ele>822.6566666666666</ele><time>2022-05-15T05:02:32Z</time></trkpt><trkpt lat="33.7455119" lon="133.003788"><ele>821.9733333333334</ele><time>2022-05-15T05:02:48Z</time></trkpt><trkpt lat="33.7456041" lon="133.0036025"><ele>821.9500000000002</ele><time>2022-05-15T05:03:04Z</time></trkpt><trkpt lat="33.7456499" lon="133.0033903"><ele>822.3000000000001</ele><time>2022-05-15T05:03:17Z</time></trkpt><trkpt lat="33.7457159" lon="133.0031806"><ele>824.3533333333334</ele><time>2022-05-15T05:03:30Z</time></trkpt><trkpt lat="33.7458833" lon="133.0030667"><ele>826.5433333333334</ele><time>2022-05-15T05:03:45Z</time></trkpt><trkpt lat="33.7460626" lon="133.0030369"><ele>827.5233333333334</ele><time>2022-05-15T05:03:56Z</time></trkpt><trkpt lat="33.7462351" lon="133.0029523"><ele>827.2833333333333</ele><time>2022-05-15T05:04:10Z</time></trkpt><trkpt lat="33.7462878" lon="133.0027431"><ele>826.8299999999999</ele><time>2022-05-15T05:04:23Z</time></trkpt><trkpt lat="33.7462666" lon="133.0025233"><ele>827.2000000000002</ele><time>2022-05-15T05:04:35Z</time></trkpt><trkpt lat="33.7460898" lon="133.0024617"><ele>829.09</ele><time>2022-05-15T05:04:58Z</time></trkpt><trkpt lat="33.7459817" lon="133.0026493"><ele>830.6300000000001</ele><time>2022-05-15T05:05:12Z</time></trkpt><trkpt lat="33.7458422" lon="133.0028162"><ele>831.6233333333333</ele><time>2022-05-15T05:05:24Z</time></trkpt><trkpt lat="33.7456598" lon="133.0028494"><ele>831.7366666666667</ele><time>2022-05-15T05:05:38Z</time></trkpt><trkpt lat="33.7454829" lon="133.0028945"><ele>831.69</ele><time>2022-05-15T05:05:51Z</time></trkpt><trkpt lat="33.745291" lon="133.0028694"><ele>833.86</ele><time>2022-05-15T05:06:05Z</time></trkpt><trkpt lat="33.7451265" lon="133.0027656"><ele>838.3266666666667</ele><time>2022-05-15T05:06:25Z</time></trkpt><trkpt lat="33.745194" lon="133.0025626"><ele>840.9100000000002</ele><time>2022-05-15T05:06:37Z</time></trkpt><trkpt lat="33.7453592" lon="133.0024693"><ele>840.4466666666667</ele><time>2022-05-15T05:06:48Z</time></trkpt><trkpt lat="33.7455304" lon="133.0023842"><ele>837.5766666666667</ele><time>2022-05-15T05:07:00Z</time></trkpt><trkpt lat="33.7457024" lon="133.002304"><ele>837.4033333333333</ele><time>2022-05-15T05:07:14Z</time></trkpt><trkpt lat="33.7457457" lon="133.0020943"><ele>839.0300000000001</ele><time>2022-05-15T05:07:28Z</time></trkpt><trkpt lat="33.745639" lon="133.0019094"><ele>841.1333333333333</ele><time>2022-05-15T05:07:40Z</time></trkpt><trkpt lat="33.7455172" lon="133.0017437"><ele>844.1300000000001</ele><time>2022-05-15T05:07:54Z</time></trkpt><trkpt lat="33.7455027" lon="133.0015266"><ele>846.4066666666668</ele><time>2022-05-15T05:08:06Z</time></trkpt><trkpt lat="33.7455438" lon="133.0013163"><ele>847.1933333333333</ele><time>2022-05-15T05:08:16Z</time></trkpt><trkpt lat="33.7456352" lon="133.0011174"><ele>846.9333333333333</ele><time>2022-05-15T05:08:53Z</time></trkpt><trkpt lat="33.7456606" lon="133.0008992"><ele>846.6766666666666</ele><time>2022-05-15T05:09:04Z</time></trkpt><trkpt lat="33.7457539" lon="133.0007079"><ele>847.71</ele><time>2022-05-15T05:09:21Z</time></trkpt><trkpt lat="33.7459326" lon="133.0006558"><ele>849.5799999999999</ele><time>2022-05-15T05:09:36Z</time></trkpt><trkpt lat="33.7460694" lon="133.0005021"><ele>851.65</ele><time>2022-05-15T05:09:51Z</time></trkpt><trkpt lat="33.7461341" lon="133.0002983"><ele>856.7819460029192</ele><time>2022-05-15T05:10:09Z</time></trkpt><trkpt lat="33.7462843" lon="133.0001676"><ele>861.1127478369822</ele><time>2022-05-15T05:10:25Z</time></trkpt><trkpt lat="33.7464653" lon="133.0001315"><ele>865.7795786353163</ele><time>2022-05-15T05:10:43Z</time></trkpt><trkpt lat="33.7465766" lon="133.0003064"><ele>866.13825852636</ele><time>2022-05-15T05:11:00Z</time></trkpt><trkpt lat="33.7466993" lon="133.0004721"><ele>867.5732712016788</ele><time>2022-05-15T05:11:13Z</time></trkpt><trkpt lat="33.7468178" lon="133.0006382"><ele>863.049773736678</ele><time>2022-05-15T05:11:27Z</time></trkpt><trkpt lat="33.7469665" lon="133.0007632"><ele>858.3058145093818</ele><time>2022-05-15T05:11:42Z</time></trkpt><trkpt lat="33.7470766" lon="133.0005854"><ele>853.5099999999999</ele><time>2022-05-15T05:13:21Z</time></trkpt><trkpt lat="33.7472642" lon="133.0005222"><ele>856.1700000000001</ele><time>2022-05-15T05:13:37Z</time></trkpt><trkpt lat="33.7474312" lon="133.0004045"><ele>864.07265031343</ele><time>2022-05-15T05:13:49Z</time></trkpt><trkpt lat="33.7474333" lon="133.0001827"><ele>871.4294496647857</ele><time>2022-05-15T05:14:05Z</time></trkpt><trkpt lat="33.7474658" lon="132.9999647"><ele>877.3554523378317</ele><time>2022-05-15T05:14:24Z</time></trkpt><trkpt lat="33.7475462" lon="132.9997707"><ele>879.281987119699</ele><time>2022-05-15T05:14:40Z</time></trkpt><trkpt lat="33.7475324" lon="132.999551"><ele>880.7561256432477</ele><time>2022-05-15T05:14:56Z</time></trkpt><trkpt lat="33.7476798" lon="132.9994179"><ele>881.4608180536414</ele><time>2022-05-15T05:15:16Z</time></trkpt><trkpt lat="33.7478402" lon="132.999527"><ele>882.6440510462267</ele><time>2022-05-15T05:15:30Z</time></trkpt><trkpt lat="33.7480031" lon="132.9994312"><ele>883.8148037789397</ele><time>2022-05-15T05:15:40Z</time></trkpt><trkpt lat="33.7480584" lon="132.9992238"><ele>884.8947911736781</ele><time>2022-05-15T05:15:52Z</time></trkpt><trkpt lat="33.7481219" lon="132.9990203"><ele>885.5296276378018</ele><time>2022-05-15T05:16:07Z</time></trkpt><trkpt lat="33.7482085" lon="132.9988274"><ele>886.0931311817284</ele><time>2022-05-15T05:16:23Z</time></trkpt><trkpt lat="33.7483758" lon="132.9987344"><ele>887.3364987702166</ele><time>2022-05-15T05:16:39Z</time></trkpt><trkpt lat="33.7485506" lon="132.9988003"><ele>888.3055026021593</ele><time>2022-05-15T05:16:53Z</time></trkpt><trkpt lat="33.748702" lon="132.9986756"><ele>889.6319654859172</ele><time>2022-05-15T05:17:07Z</time></trkpt><trkpt lat="33.7486883" lon="132.9984524"><ele>890.6494332299981</ele><time>2022-05-15T05:17:17Z</time></trkpt><trkpt lat="33.7488581" lon="132.9983689"><ele>891.9433333393526</ele><time>2022-05-15T05:17:36Z</time></trkpt><trkpt lat="33.7489389" lon="132.9985627"><ele>892.9376318368604</ele><time>2022-05-15T05:17:48Z</time></trkpt><trkpt lat="33.7491148" lon="132.9986429"><ele>893.9505904989301</ele><time>2022-05-15T05:18:00Z</time></trkpt><trkpt lat="33.749284" lon="132.9987231"><ele>894.6926183825555</ele><time>2022-05-15T05:18:14Z</time></trkpt><trkpt lat="33.7494631" lon="132.9986785"><ele>895.3154464851877</ele><time>2022-05-15T05:18:36Z</time></trkpt><trkpt lat="33.7495145" lon="132.998471"><ele>896.4046717744704</ele><time>2022-05-15T05:18:47Z</time></trkpt><trkpt lat="33.7495361" lon="132.9982539"><ele>897.4179611908161</ele><time>2022-05-15T05:19:01Z</time></trkpt><trkpt lat="33.7495431" lon="132.998029"><ele>898.4002656736212</ele><time>2022-05-15T05:19:15Z</time></trkpt><trkpt lat="33.7497297" lon="132.9980131"><ele>899.3388839895018</ele><time>2022-05-15T05:19:38Z</time></trkpt><trkpt lat="33.7498409" lon="132.9981925"><ele>900.220415081612</ele><time>2022-05-15T05:19:48Z</time></trkpt><trkpt lat="33.7499046" lon="132.9983966"><ele>901.1300243064353</ele><time>2022-05-15T05:20:01Z</time></trkpt><trkpt lat="33.7499907" lon="132.9985956"><ele>902.009594584328</ele><time>2022-05-15T05:20:14Z</time></trkpt><trkpt lat="33.7501656" lon="132.9986607"><ele>902.7912475670519</ele><time>2022-05-15T05:20:27Z</time></trkpt><trkpt lat="33.7503449" lon="132.9986172"><ele>903.3949434757551</ele><time>2022-05-15T05:20:42Z</time></trkpt><trkpt lat="33.7505219" lon="132.9985319"><ele>904.7654860679487</ele><time>2022-05-15T05:21:00Z</time></trkpt><trkpt lat="33.7506827" lon="132.9984306"><ele>905.8963864543251</ele><time>2022-05-15T05:21:18Z</time></trkpt><trkpt lat="33.7508675" lon="132.9984014"><ele>906.5298602397316</ele><time>2022-05-15T05:21:35Z</time></trkpt><trkpt lat="33.7510535" lon="132.9984156"><ele>906.5335326064251</ele><time>2022-05-15T05:21:51Z</time></trkpt><trkpt lat="33.7512406" lon="132.9984245"><ele>906.7588854359024</ele><time>2022-05-15T05:22:08Z</time></trkpt><trkpt lat="33.7513923" lon="132.9985458"><ele>908.714722699161</ele><time>2022-05-15T05:22:28Z</time></trkpt><trkpt lat="33.751326" lon="132.998756"><ele>910.0393124440529</ele><time>2022-05-15T05:22:45Z</time></trkpt><trkpt lat="33.7512186" lon="132.9989348"><ele>909.823786097576</ele><time>2022-05-15T05:22:58Z</time></trkpt><trkpt lat="33.7510917" lon="132.999091"><ele>910.7293273859487</ele><time>2022-05-15T05:23:10Z</time></trkpt><trkpt lat="33.7509349" lon="132.9992049"><ele>912.023677146749</ele><time>2022-05-15T05:23:24Z</time></trkpt><trkpt lat="33.75077" lon="132.9992938"><ele>914.9928710667624</ele><time>2022-05-15T05:23:39Z</time></trkpt><trkpt lat="33.7506046" lon="132.9993977"><ele>916.0008166534766</ele><time>2022-05-15T05:24:02Z</time></trkpt><trkpt lat="33.7504367" lon="132.9994855"><ele>916.9879510866966</ele><time>2022-05-15T05:24:16Z</time></trkpt><trkpt lat="33.7502536" lon="132.9995093"><ele>918.1865341828453</ele><time>2022-05-15T05:24:29Z</time></trkpt><trkpt lat="33.7500805" lon="132.9995751"><ele>918.7540403698944</ele><time>2022-05-15T05:24:43Z</time></trkpt><trkpt lat="33.749924" lon="132.999694"><ele>920.0482968819773</ele><time>2022-05-15T05:25:00Z</time></trkpt><trkpt lat="33.7498246" lon="132.9998843"><ele>921.3548385591803</ele><time>2022-05-15T05:25:14Z</time></trkpt><trkpt lat="33.7499791" lon="133.0000032"><ele>922.7668247617248</ele><time>2022-05-15T05:25:36Z</time></trkpt><trkpt lat="33.7500519" lon="132.9998"><ele>923.0910352648438</ele><time>2022-05-15T05:25:47Z</time></trkpt><trkpt lat="33.7500739" lon="132.9995798"><ele>924.1327044030473</ele><time>2022-05-15T05:25:59Z</time></trkpt><trkpt lat="33.7502499" lon="132.9996486"><ele>925.2215768911046</ele><time>2022-05-15T05:26:12Z</time></trkpt><trkpt lat="33.7504297" lon="132.9996861"><ele>927.237608342452</ele><time>2022-05-15T05:26:28Z</time></trkpt><trkpt lat="33.7506048" lon="132.9996298"><ele>927.8271942789103</ele><time>2022-05-15T05:26:45Z</time></trkpt><trkpt lat="33.7507693" lon="132.9995319"><ele>927.9141942638598</ele><time>2022-05-15T05:27:02Z</time></trkpt><trkpt lat="33.750854" lon="132.9993341"><ele>928.0172574964328</ele><time>2022-05-15T05:27:14Z</time></trkpt><trkpt lat="33.7510247" lon="132.9992441"><ele>929.1961065908099</ele><time>2022-05-15T05:27:30Z</time></trkpt><trkpt lat="33.7511678" lon="132.999108"><ele>931.725919735823</ele><time>2022-05-15T05:27:44Z</time></trkpt><trkpt lat="33.7513386" lon="132.9990257"><ele>933.5381204082678</ele><time>2022-05-15T05:27:59Z</time></trkpt><trkpt lat="33.7515191" lon="132.9990769"><ele>934.1597529117827</ele><time>2022-05-15T05:28:16Z</time></trkpt><trkpt lat="33.751701" lon="132.9991152"><ele>935.1478193478498</ele><time>2022-05-15T05:28:29Z</time></trkpt><trkpt lat="33.7518237" lon="132.9989469"><ele>935.1575500031022</ele><time>2022-05-15T05:28:45Z</time></trkpt><trkpt lat="33.7519703" lon="132.9988104"><ele>936.2564290680888</ele><time>2022-05-15T05:29:09Z</time></trkpt><trkpt lat="33.7521497" lon="132.9988507"><ele>937.0367896221055</ele><time>2022-05-15T05:29:24Z</time></trkpt><trkpt lat="33.7523308" lon="132.9988378"><ele>938.5282273036581</ele><time>2022-05-15T05:29:40Z</time></trkpt><trkpt lat="33.7525052" lon="132.9987662"><ele>940.403235052072</ele><time>2022-05-15T05:29:56Z</time></trkpt><trkpt lat="33.7526888" lon="132.9987946"><ele>942.0433647102286</ele><time>2022-05-15T05:30:13Z</time></trkpt><trkpt lat="33.7528688" lon="132.9987625"><ele>943.3691760432916</ele><time>2022-05-15T05:30:31Z</time></trkpt><trkpt lat="33.7530244" lon="132.9986326"><ele>944.4162253081214</ele><time>2022-05-15T05:30:44Z</time></trkpt><trkpt lat="33.7531756" lon="132.9985002"><ele>945.2306788607765</ele><time>2022-05-15T05:30:57Z</time></trkpt><trkpt lat="33.7532403" lon="132.9982976"><ele>946.150241141209</ele><time>2022-05-15T05:31:11Z</time></trkpt><trkpt lat="33.7532214" lon="132.9980805"><ele>946.966702187603</ele><time>2022-05-15T05:31:24Z</time></trkpt><trkpt lat="33.7533911" lon="132.9979987"><ele>947.3958697722983</ele><time>2022-05-15T05:31:38Z</time></trkpt><trkpt lat="33.7535722" lon="132.9979963"><ele>948.5044500420782</ele><time>2022-05-15T05:31:52Z</time></trkpt><trkpt lat="33.7537408" lon="132.9978992"><ele>950.0295344136302</ele><time>2022-05-15T05:32:08Z</time></trkpt><trkpt lat="33.7538954" lon="132.9977809"><ele>951.1600676678305</ele><time>2022-05-15T05:32:22Z</time></trkpt><trkpt lat="33.7540796" lon="132.9977814"><ele>952.0518963316463</ele><time>2022-05-15T05:32:42Z</time></trkpt><trkpt lat="33.7542568" lon="132.9978471"><ele>952.7006503616716</ele><time>2022-05-15T05:33:01Z</time></trkpt><trkpt lat="33.7544405" lon="132.997831"><ele>953.6610666129701</ele><time>2022-05-15T05:33:14Z</time></trkpt><trkpt lat="33.7543735" lon="132.9976285"><ele>954.3277562052048</ele><time>2022-05-15T05:33:45Z</time></trkpt><trkpt lat="33.754233" lon="132.9974902"><ele>955.2446198864127</ele><time>2022-05-15T05:34:05Z</time></trkpt><trkpt lat="33.754247" lon="132.9972728"><ele>956.5986314362834</ele><time>2022-05-15T05:34:17Z</time></trkpt><trkpt lat="33.7542756" lon="132.9970456"><ele>958.0979106025975</ele><time>2022-05-15T05:34:29Z</time></trkpt><trkpt lat="33.7543862" lon="132.9968711"><ele>958.8667720194425</ele><time>2022-05-15T05:34:42Z</time></trkpt><trkpt lat="33.7545319" lon="132.9967397"><ele>960.0487111822262</ele><time>2022-05-15T05:34:56Z</time></trkpt><trkpt lat="33.7546822" lon="132.9966013"><ele>961.3239574280973</ele><time>2022-05-15T05:35:13Z</time></trkpt><trkpt lat="33.7547929" lon="132.9964181"><ele>962.596665221458</ele><time>2022-05-15T05:35:28Z</time></trkpt><trkpt lat="33.7549398" lon="132.9962827"><ele>963.4813030134337</ele><time>2022-05-15T05:35:46Z</time></trkpt><trkpt lat="33.7550638" lon="132.9961241"><ele>964.9650845678956</ele><time>2022-05-15T05:36:03Z</time></trkpt><trkpt lat="33.7551713" lon="132.9959505"><ele>966.4462364358636</ele><time>2022-05-15T05:36:24Z</time></trkpt><trkpt lat="33.7551191" lon="132.9957378"><ele>968.0144493006923</ele><time>2022-05-15T05:36:40Z</time></trkpt><trkpt lat="33.754952" lon="132.9956479"><ele>969.0372454799399</ele><time>2022-05-15T05:37:10Z</time></trkpt><trkpt lat="33.7548611" lon="132.9958397"><ele>969.732958476318</ele><time>2022-05-15T05:37:22Z</time></trkpt><trkpt lat="33.7546808" lon="132.9958449"><ele>971.1254398955808</ele><time>2022-05-15T05:37:39Z</time></trkpt><trkpt lat="33.754501" lon="132.995872"><ele>971.5202757466141</ele><time>2022-05-15T05:37:57Z</time></trkpt><trkpt lat="33.7546429" lon="132.9960101"><ele>972.8358821015772</ele><time>2022-05-15T05:38:28Z</time></trkpt><trkpt lat="33.7545063" lon="132.996161"><ele>973.0651523238362</ele><time>2022-05-15T05:38:41Z</time></trkpt><trkpt lat="33.7543252" lon="132.996196"><ele>974.1223257858068</ele><time>2022-05-15T05:38:59Z</time></trkpt><trkpt lat="33.7541637" lon="132.9960959"><ele>974.0728314691145</ele><time>2022-05-15T05:39:18Z</time></trkpt><trkpt lat="33.7539957" lon="132.9959974"><ele>974.7332720370702</ele><time>2022-05-15T05:39:33Z</time></trkpt><trkpt lat="33.7538145" lon="132.996056"><ele>974.913167846889</ele><time>2022-05-15T05:39:48Z</time></trkpt><trkpt lat="33.7536281" lon="132.9960612"><ele>976.0076374427267</ele><time>2022-05-15T05:41:16Z</time></trkpt><trkpt lat="33.7535537" lon="132.9958607"><ele>976.9412108304654</ele><time>2022-05-15T05:41:28Z</time></trkpt><trkpt lat="33.7535269" lon="132.9956365"><ele>978.2679569374237</ele><time>2022-05-15T05:41:41Z</time></trkpt><trkpt lat="33.7535618" lon="132.9954008"><ele>979.5793712400373</ele><time>2022-05-15T05:41:55Z</time></trkpt><trkpt lat="33.753668" lon="132.9952238"><ele>979.9776532620522</ele><time>2022-05-15T05:42:10Z</time></trkpt><trkpt lat="33.7537844" lon="132.9950539"><ele>981.802302512017</ele><time>2022-05-15T05:42:25Z</time></trkpt><trkpt lat="33.7538751" lon="132.9948647"><ele>982.5985067590736</ele><time>2022-05-15T05:42:41Z</time></trkpt><trkpt lat="33.7539213" lon="132.9946395"><ele>985.2700431477159</ele><time>2022-05-15T05:42:57Z</time></trkpt><trkpt lat="33.7540091" lon="132.9944412"><ele>986.8318542640517</ele><time>2022-05-15T05:43:18Z</time></trkpt><trkpt lat="33.7539884" lon="132.9942252"><ele>989.6765742701738</ele><time>2022-05-15T05:43:36Z</time></trkpt><trkpt lat="33.7540092" lon="132.9940013"><ele>991.169531231636</ele><time>2022-05-15T05:43:50Z</time></trkpt><trkpt lat="33.7540782" lon="132.9938004"><ele>992.3762528856827</ele><time>2022-05-15T05:44:44Z</time></trkpt><trkpt lat="33.753954" lon="132.9936302"><ele>991.9424761999886</ele><time>2022-05-15T05:46:27Z</time></trkpt><trkpt lat="33.7538132" lon="132.9934838"><ele>992.5009927089137</ele><time>2022-05-15T05:46:47Z</time></trkpt><trkpt lat="33.7537034" lon="132.9933085"><ele>992.5041377155644</ele><time>2022-05-15T05:47:13Z</time></trkpt></trkseg></trk></gpx>