<?xml version='1.0' encoding='UTF-8'?><gpx creator="Yama Museum Peak Annotator" xsi:schemaLocation="http://www.topografix.com/GPX/1/1 http://www.topografix.com/GPX/1/1/gpx.xsd" version="1.1" xmlns="http://www.topografix.com/GPX/1/1" xmlns:xsi="http://www.w3.org/2001/XMLSchema-instance"><metadata><bounds maxlat="33.8913288" maxlon="133.4356817" minlat="33.8565423" minlon="133.385414"/></metadata>  <wpt lat="33.8793374" lon="133.3915368">
    <ele>1584.2533333333333</ele>
    <name>Peak (1584m)</name>
    <desc>Peak detected at 1584m (prominence: 71m)</desc>
    <sym>Summit</sym>
  </wpt>
  <wpt lat="33.8869696" lon="133.4012543">
    <ele>1626.996666666667</ele>
    <name>黒岳</name>
    <desc>Peak detected at 1627m (prominence: 39m)</desc>
    <sym>Summit</sym>
  </wpt>
  <wpt lat="33.8858865" lon="133.4078131">
    <ele>1672.3333333333333</ele>
    <name>エビラ山</name>
    <desc>Peak detected at 1672m (prominence: 1027m)</desc>
    <sym>Summit</sym>
  </wpt>
  <wpt lat="33.8894776" lon="133.4182784">
    <ele>1664.1233333333332</ele>
    <name>二ッ岳</name>
    <desc>Peak detected at 1664m (prominence: 82m)</desc>
    <sym>Summit</sym>
  </wpt>
<trk><name>権現山・黒岳・エビラ山・二ッ岳</name><number>1</number><trkseg><trkpt lat="33.8565423" lon="133.396653"><ele>647.0500000000001</ele><time>2022-11-04T19:38:41Z</time></trkpt><trkpt lat="33.8565586" lon="133.3968857"><ele>645.7850000000001</ele><time>2022-11-04T19:40:27Z</time></trkpt><trkpt lat="33.8566229" lon="133.3971116"><ele>645.7633333333334</ele><time>2022-11-04T19:40:43Z</time></trkpt><trkpt lat="33.8566795" lon="133.3973206"><ele>645.4633333333333</ele><time>2022-11-04T19:41:00Z</time></trkpt><trkpt lat="33.8566968" lon="133.3975378"><ele>645.3666666666667</ele><time>2022-11-04T19:41:25Z</time></trkpt><trkpt lat="33.8567739" lon="133.3977599"><ele>644.8866666666667</ele><time>2022-11-04T19:41:43Z</time></trkpt><trkpt lat="33.856905" lon="133.3979118"><ele>644.1366666666667</ele><time>2022-11-04T19:41:54Z</time></trkpt><trkpt lat="33.8570904" lon="133.3979428"><ele>644.9266666666666</ele><time>2022-11-04T19:42:08Z</time></trkpt><trkpt lat="33.857272" lon="133.3978926"><ele>645.7166666666667</ele><time>2022-11-04T19:42:23Z</time></trkpt><trkpt lat="33.8573912" lon="133.3977242"><ele>647.9533333333334</ele><time>2022-11-04T19:42:38Z</time></trkpt><trkpt lat="33.8574981" lon="133.3975457"><ele>650.7033333333334</ele><time>2022-11-04T19:42:56Z</time></trkpt><trkpt lat="33.8576399" lon="133.3973871"><ele>655.0533333333334</ele><time>2022-11-04T19:43:13Z</time></trkpt><trkpt lat="33.8577436" lon="133.3971943"><ele>658.3166666666667</ele><time>2022-11-04T19:43:28Z</time></trkpt><trkpt lat="33.8577138" lon="133.3969732"><ele>661.5799999999999</ele><time>2022-11-04T19:43:42Z</time></trkpt><trkpt lat="33.8577193" lon="133.3967543"><ele>665.0333333333333</ele><time>2022-11-04T19:43:54Z</time></trkpt><trkpt lat="33.8577451" lon="133.3965351"><ele>668.9433333333333</ele><time>2022-11-04T19:44:09Z</time></trkpt><trkpt lat="33.8577733" lon="133.3963203"><ele>673.16</ele><time>2022-11-04T19:44:43Z</time></trkpt><trkpt lat="33.8578233" lon="133.3961054"><ele>675.7333333333333</ele><time>2022-11-04T19:45:01Z</time></trkpt><trkpt lat="33.8579073" lon="133.3959112"><ele>678.89</ele><time>2022-11-04T19:45:14Z</time></trkpt><trkpt lat="33.8579699" lon="133.3957048"><ele>680.9666666666667</ele><time>2022-11-04T19:45:30Z</time></trkpt><trkpt lat="33.8581065" lon="133.3955445"><ele>681.56</ele><time>2022-11-04T19:45:42Z</time></trkpt><trkpt lat="33.858217" lon="133.3953649"><ele>681.4899999999999</ele><time>2022-11-04T19:45:55Z</time></trkpt><trkpt lat="33.8582847" lon="133.395146"><ele>681.4733333333334</ele><time>2022-11-04T19:46:09Z</time></trkpt><trkpt lat="33.8584124" lon="133.3949932"><ele>682.8033333333334</ele><time>2022-11-04T19:46:25Z</time></trkpt><trkpt lat="33.8584582" lon="133.3947837"><ele>685.5</ele><time>2022-11-04T19:46:57Z</time></trkpt><trkpt lat="33.8584536" lon="133.3945656"><ele>688.3400000000001</ele><time>2022-11-04T19:47:43Z</time></trkpt><trkpt lat="33.858485" lon="133.3943487"><ele>693.1266666666667</ele><time>2022-11-04T19:48:20Z</time></trkpt><trkpt lat="33.8586587" lon="133.3942887"><ele>696.27</ele><time>2022-11-04T19:49:06Z</time></trkpt><trkpt lat="33.8588231" lon="133.3941958"><ele>701.7733333333332</ele><time>2022-11-04T19:49:31Z</time></trkpt><trkpt lat="33.8589973" lon="133.394124"><ele>707.0566666666667</ele><time>2022-11-04T19:50:08Z</time></trkpt><trkpt lat="33.8591246" lon="133.3939694"><ele>714.9766666666666</ele><time>2022-11-04T19:50:32Z</time></trkpt><trkpt lat="33.8592156" lon="133.3937799"><ele>722.93</ele><time>2022-11-04T19:51:15Z</time></trkpt><trkpt lat="33.8593422" lon="133.3936214"><ele>731.6666666666666</ele><time>2022-11-04T19:51:38Z</time></trkpt><trkpt lat="33.8594897" lon="133.3934923"><ele>740.1866666666666</ele><time>2022-11-04T19:52:07Z</time></trkpt><trkpt lat="33.8596595" lon="133.3933988"><ele>748.0933333333334</ele><time>2022-11-04T19:52:46Z</time></trkpt><trkpt lat="33.859801" lon="133.3932622"><ele>755.8566666666666</ele><time>2022-11-04T19:53:20Z</time></trkpt><trkpt lat="33.8599473" lon="133.3931321"><ele>763.3800000000001</ele><time>2022-11-04T19:54:01Z</time></trkpt><trkpt lat="33.8600383" lon="133.3929433"><ele>769.9899999999999</ele><time>2022-11-04T19:54:32Z</time></trkpt><trkpt lat="33.8601406" lon="133.3927625"><ele>775.7833333333333</ele><time>2022-11-04T19:55:18Z</time></trkpt><trkpt lat="33.8601919" lon="133.3925502"><ele>781.9366666666666</ele><time>2022-11-04T19:55:46Z</time></trkpt><trkpt lat="33.860123" lon="133.3923504"><ele>788.2333333333335</ele><time>2022-11-04T19:56:45Z</time></trkpt><trkpt lat="33.8599659" lon="133.3922326"><ele>794.4966666666666</ele><time>2022-11-04T19:57:12Z</time></trkpt><trkpt lat="33.8598039" lon="133.3921171"><ele>800.2966666666666</ele><time>2022-11-04T19:57:42Z</time></trkpt><trkpt lat="33.8596305" lon="133.3920488"><ele>805.1766666666667</ele><time>2022-11-04T19:58:09Z</time></trkpt><trkpt lat="33.8595374" lon="133.3918598"><ele>812.25</ele><time>2022-11-04T19:58:50Z</time></trkpt><trkpt lat="33.8596742" lon="133.3917187"><ele>817.5166666666668</ele><time>2022-11-04T19:59:36Z</time></trkpt><trkpt lat="33.8597452" lon="133.3915165"><ele>825.2433333333333</ele><time>2022-11-04T20:00:18Z</time></trkpt><trkpt lat="33.8598788" lon="133.391367"><ele>829.5366666666665</ele><time>2022-11-04T20:00:36Z</time></trkpt><trkpt lat="33.8599974" lon="133.3912018"><ele>835.7600000000001</ele><time>2022-11-04T20:00:58Z</time></trkpt><trkpt lat="33.8601776" lon="133.3912224"><ele>836.57</ele><time>2022-11-04T20:01:32Z</time></trkpt><trkpt lat="33.8603672" lon="133.3912781"><ele>837.0166666666668</ele><time>2022-11-04T20:01:53Z</time></trkpt><trkpt lat="33.8605448" lon="133.3912307"><ele>837.1</ele><time>2022-11-04T20:02:14Z</time></trkpt><trkpt lat="33.8607253" lon="133.3912908"><ele>840.2733333333334</ele><time>2022-11-04T20:02:38Z</time></trkpt><trkpt lat="33.8609091" lon="133.3913075"><ele>845.0233333333334</ele><time>2022-11-04T20:03:32Z</time></trkpt><trkpt lat="33.8610476" lon="133.3911604"><ele>851.14</ele><time>2022-11-04T20:04:26Z</time></trkpt><trkpt lat="33.8612357" lon="133.3911468"><ele>859.0799999999999</ele><time>2022-11-04T20:06:14Z</time></trkpt><trkpt lat="33.8614102" lon="133.3910901"><ele>867.75</ele><time>2022-11-04T20:06:52Z</time></trkpt><trkpt lat="33.8615846" lon="133.3910208"><ele>874.2133333333333</ele><time>2022-11-04T20:07:32Z</time></trkpt><trkpt lat="33.8617467" lon="133.390911"><ele>879.8100000000001</ele><time>2022-11-04T20:07:56Z</time></trkpt><trkpt lat="33.8619278" lon="133.390941"><ele>883.0400000000001</ele><time>2022-11-04T20:08:16Z</time></trkpt><trkpt lat="33.8620887" lon="133.3910436"><ele>885.4866666666667</ele><time>2022-11-04T20:08:48Z</time></trkpt><trkpt lat="33.8622636" lon="133.3910974"><ele>887.0100000000001</ele><time>2022-11-04T20:09:15Z</time></trkpt><trkpt lat="33.862443" lon="133.3911217"><ele>889.9966666666666</ele><time>2022-11-04T20:09:58Z</time></trkpt><trkpt lat="33.8626269" lon="133.3910537"><ele>894.2333333333332</ele><time>2022-11-04T20:10:21Z</time></trkpt><trkpt lat="33.8628005" lon="133.3909851"><ele>898.1566666666668</ele><time>2022-11-04T20:10:38Z</time></trkpt><trkpt lat="33.8629651" lon="133.3908886"><ele>901.86</ele><time>2022-11-04T20:11:17Z</time></trkpt><trkpt lat="33.8631436" lon="133.3908516"><ele>904.7933333333334</ele><time>2022-11-04T20:11:51Z</time></trkpt><trkpt lat="33.8633128" lon="133.3909354"><ele>909.0433333333334</ele><time>2022-11-04T20:12:25Z</time></trkpt><trkpt lat="33.863408" lon="133.3911228"><ele>911.3066666666667</ele><time>2022-11-04T20:12:43Z</time></trkpt><trkpt lat="33.8635851" lon="133.3911855"><ele>916.18</ele><time>2022-11-04T20:13:10Z</time></trkpt><trkpt lat="33.8637258" lon="133.3913215"><ele>920.0966666666667</ele><time>2022-11-04T20:13:36Z</time></trkpt><trkpt lat="33.863908" lon="133.391331"><ele>926.6366666666668</ele><time>2022-11-04T20:14:04Z</time></trkpt><trkpt lat="33.8640734" lon="133.3914322"><ele>931.32</ele><time>2022-11-04T20:15:00Z</time></trkpt><trkpt lat="33.8642556" lon="133.3913911"><ele>936.7933333333334</ele><time>2022-11-04T20:15:43Z</time></trkpt><trkpt lat="33.8644352" lon="133.3914303"><ele>943.39</ele><time>2022-11-04T20:16:04Z</time></trkpt><trkpt lat="33.8646155" lon="133.3914927"><ele>947.7866666666667</ele><time>2022-11-04T20:16:24Z</time></trkpt><trkpt lat="33.8647741" lon="133.3913891"><ele>952.6233333333333</ele><time>2022-11-04T20:16:49Z</time></trkpt><trkpt lat="33.8649323" lon="133.391281"><ele>954.7766666666668</ele><time>2022-11-04T20:17:12Z</time></trkpt><trkpt lat="33.8650279" lon="133.3910963"><ele>960.4699999999999</ele><time>2022-11-04T20:17:45Z</time></trkpt><trkpt lat="33.8651194" lon="133.3909062"><ele>965.43</ele><time>2022-11-04T20:18:21Z</time></trkpt><trkpt lat="33.8652013" lon="133.3906942"><ele>971.3100000000001</ele><time>2022-11-04T20:18:39Z</time></trkpt><trkpt lat="33.8652793" lon="133.3904989"><ele>976.29</ele><time>2022-11-04T20:18:55Z</time></trkpt><trkpt lat="33.865397" lon="133.3903349"><ele>978.5566666666667</ele><time>2022-11-04T20:19:28Z</time></trkpt><trkpt lat="33.8654853" lon="133.3901415"><ele>982.2600000000001</ele><time>2022-11-04T20:20:08Z</time></trkpt><trkpt lat="33.8655836" lon="133.389958"><ele>984.0333333333334</ele><time>2022-11-04T20:20:36Z</time></trkpt><trkpt lat="33.8656221" lon="133.3897345"><ele>989.1866666666668</ele><time>2022-11-04T20:20:51Z</time></trkpt><trkpt lat="33.8656801" lon="133.3895244"><ele>994.0066666666668</ele><time>2022-11-04T20:21:10Z</time></trkpt><trkpt lat="33.8658045" lon="133.3893671"><ele>998.5833333333334</ele><time>2022-11-04T20:22:13Z</time></trkpt><trkpt lat="33.8659741" lon="133.389284"><ele>1001.0766666666667</ele><time>2022-11-04T20:23:11Z</time></trkpt><trkpt lat="33.866157" lon="133.3893007"><ele>1002.5833333333334</ele><time>2022-11-04T20:23:56Z</time></trkpt><trkpt lat="33.8663374" lon="133.3892582"><ele>1005.14</ele><time>2022-11-04T20:24:34Z</time></trkpt><trkpt lat="33.8665052" lon="133.3891651"><ele>1010.2966666666666</ele><time>2022-11-04T20:25:34Z</time></trkpt><trkpt lat="33.8666601" lon="133.3890486"><ele>1015.79</ele><time>2022-11-04T20:25:58Z</time></trkpt><trkpt lat="33.8668251" lon="133.388949"><ele>1023.7133333333335</ele><time>2022-11-04T20:26:16Z</time></trkpt><trkpt lat="33.8669682" lon="133.3888077"><ele>1029.76</ele><time>2022-11-04T20:26:34Z</time></trkpt><trkpt lat="33.867153" lon="133.3888074"><ele>1030.89</ele><time>2022-11-04T20:26:49Z</time></trkpt><trkpt lat="33.867314" lon="133.3887096"><ele>1028.11</ele><time>2022-11-04T20:27:08Z</time></trkpt><trkpt lat="33.8673465" lon="133.3884962"><ele>1029.3166666666666</ele><time>2022-11-04T20:27:24Z</time></trkpt><trkpt lat="33.8674522" lon="133.3883175"><ele>1032.7766666666666</ele><time>2022-11-04T20:27:43Z</time></trkpt><trkpt lat="33.8675855" lon="133.3881658"><ele>1034.58</ele><time>2022-11-04T20:28:11Z</time></trkpt><trkpt lat="33.8676357" lon="133.3879522"><ele>1032.7766666666666</ele><time>2022-11-04T20:28:30Z</time></trkpt><trkpt lat="33.8676507" lon="133.3877328"><ele>1031.6466666666668</ele><time>2022-11-04T20:29:23Z</time></trkpt><trkpt lat="33.8678102" lon="133.3876082"><ele>1030.2933333333333</ele><time>2022-11-04T20:29:50Z</time></trkpt><trkpt lat="33.8679763" lon="133.3876937"><ele>1029.31</ele><time>2022-11-04T20:30:55Z</time></trkpt><trkpt lat="33.8681087" lon="133.3878458"><ele>1030.7033333333331</ele><time>2022-11-04T20:31:20Z</time></trkpt><trkpt lat="33.8682009" lon="133.388035"><ele>1033.2733333333333</ele><time>2022-11-04T20:31:40Z</time></trkpt><trkpt lat="33.8683454" lon="133.3881687"><ele>1035.5900000000001</ele><time>2022-11-04T20:32:03Z</time></trkpt><trkpt lat="33.868523" lon="133.3881054"><ele>1037.8766666666668</ele><time>2022-11-04T20:32:28Z</time></trkpt><trkpt lat="33.8687074" lon="133.3880772"><ele>1042.2266666666667</ele><time>2022-11-04T20:32:49Z</time></trkpt><trkpt lat="33.8688857" lon="133.3880323"><ele>1045.2</ele><time>2022-11-04T20:33:06Z</time></trkpt><trkpt lat="33.8690699" lon="133.3880221"><ele>1045.78</ele><time>2022-11-04T20:33:26Z</time></trkpt><trkpt lat="33.8692039" lon="133.3878743"><ele>1046.83</ele><time>2022-11-04T20:33:47Z</time></trkpt><trkpt lat="33.8693189" lon="133.3877053"><ele>1047.9766666666667</ele><time>2022-11-04T20:34:31Z</time></trkpt><trkpt lat="33.8694175" lon="133.38752"><ele>1050.4366666666667</ele><time>2022-11-04T20:34:49Z</time></trkpt><trkpt lat="33.8695963" lon="133.3874803"><ele>1049.1266666666668</ele><time>2022-11-04T20:35:46Z</time></trkpt><trkpt lat="33.8697466" lon="133.3876028"><ele>1046.9233333333334</ele><time>2022-11-04T20:36:25Z</time></trkpt><trkpt lat="33.8698199" lon="133.3878057"><ele>1046.6366666666668</ele><time>2022-11-04T20:37:17Z</time></trkpt><trkpt lat="33.8697732" lon="133.3880206"><ele>1046.8266666666666</ele><time>2022-11-04T20:37:40Z</time></trkpt><trkpt lat="33.8697741" lon="133.3882405"><ele>1047.1966666666667</ele><time>2022-11-04T20:38:17Z</time></trkpt><trkpt lat="33.8699203" lon="133.3883677"><ele>1047.91</ele><time>2022-11-04T20:38:49Z</time></trkpt><trkpt lat="33.8700935" lon="133.3882937"><ele>1055.1000000000001</ele><time>2022-11-04T20:39:57Z</time></trkpt><trkpt lat="33.8702532" lon="133.3881786"><ele>1069.66</ele><time>2022-11-04T20:40:53Z</time></trkpt><trkpt lat="33.870366" lon="133.3880059"><ele>1084.8</ele><time>2022-11-04T20:41:58Z</time></trkpt><trkpt lat="33.8705301" lon="133.3879155"><ele>1098.3866666666668</ele><time>2022-11-04T20:42:43Z</time></trkpt><trkpt lat="33.8707106" lon="133.3878782"><ele>1107.76</ele><time>2022-11-04T20:44:05Z</time></trkpt><trkpt lat="33.8706368" lon="133.3876746"><ele>1115.0</ele><time>2022-11-04T20:45:14Z</time></trkpt><trkpt lat="33.870705" lon="133.3874704"><ele>1123.0933333333332</ele><time>2022-11-04T20:46:10Z</time></trkpt><trkpt lat="33.8708636" lon="133.3873602"><ele>1130.7933333333333</ele><time>2022-11-04T20:47:00Z</time></trkpt><trkpt lat="33.8709998" lon="133.3872176"><ele>1139.7133333333334</ele><time>2022-11-04T20:47:39Z</time></trkpt><trkpt lat="33.871129" lon="133.3870496"><ele>1145.7066666666667</ele><time>2022-11-04T20:47:53Z</time></trkpt><trkpt lat="33.8713054" lon="133.3869792"><ele>1149.9800000000002</ele><time>2022-11-04T20:48:06Z</time></trkpt><trkpt lat="33.8714895" lon="133.3869787"><ele>1154.92</ele><time>2022-11-04T20:49:08Z</time></trkpt><trkpt lat="33.8716704" lon="133.386955"><ele>1160.8166666666666</ele><time>2022-11-04T20:50:09Z</time></trkpt><trkpt lat="33.8718548" lon="133.386966"><ele>1168.89</ele><time>2022-11-04T20:51:06Z</time></trkpt><trkpt lat="33.8720241" lon="133.3868798"><ele>1176.1466666666665</ele><time>2022-11-04T20:52:01Z</time></trkpt><trkpt lat="33.8721221" lon="133.3866936"><ele>1184.4033333333334</ele><time>2022-11-04T20:53:15Z</time></trkpt><trkpt lat="33.8721691" lon="133.3864828"><ele>1192.5033333333333</ele><time>2022-11-04T20:55:34Z</time></trkpt><trkpt lat="33.8723047" lon="133.386338"><ele>1202.0466666666669</ele><time>2022-11-04T20:56:55Z</time></trkpt><trkpt lat="33.8724814" lon="133.386286"><ele>1212.2566666666667</ele><time>2022-11-04T20:58:04Z</time></trkpt><trkpt lat="33.8726639" lon="133.3862998"><ele>1223.2466666666667</ele><time>2022-11-04T20:58:36Z</time></trkpt><trkpt lat="33.8728436" lon="133.3863536"><ele>1235.2166666666667</ele><time>2022-11-04T21:00:01Z</time></trkpt><trkpt lat="33.8729992" lon="133.3862397"><ele>1246.4166666666667</ele><time>2022-11-04T21:00:39Z</time></trkpt><trkpt lat="33.8731164" lon="133.3864097"><ele>1254.2066666666667</ele><time>2022-11-04T21:01:51Z</time></trkpt><trkpt lat="33.8732819" lon="133.3865102"><ele>1260.7866666666669</ele><time>2022-11-04T21:02:09Z</time></trkpt><trkpt lat="33.8734363" lon="133.3866255"><ele>1267.7933333333333</ele><time>2022-11-04T21:02:32Z</time></trkpt><trkpt lat="33.8734258" lon="133.3868438"><ele>1273.0600000000002</ele><time>2022-11-04T21:02:48Z</time></trkpt><trkpt lat="33.8734396" lon="133.3870634"><ele>1273.47</ele><time>2022-11-04T21:03:07Z</time></trkpt><trkpt lat="33.8734691" lon="133.3872773"><ele>1269.7066666666667</ele><time>2022-11-04T21:03:28Z</time></trkpt><trkpt lat="33.8736297" lon="133.3873788"><ele>1271.2366666666667</ele><time>2022-11-04T21:03:54Z</time></trkpt><trkpt lat="33.8737538" lon="133.3875382"><ele>1273.1533333333334</ele><time>2022-11-04T21:04:32Z</time></trkpt><trkpt lat="33.8738771" lon="133.3877109"><ele>1275.4766666666667</ele><time>2022-11-04T21:05:00Z</time></trkpt><trkpt lat="33.8740427" lon="133.3876226"><ele>1277.6533333333334</ele><time>2022-11-04T21:05:33Z</time></trkpt><trkpt lat="33.8741273" lon="133.3878167"><ele>1279.3866666666665</ele><time>2022-11-04T21:06:13Z</time></trkpt><trkpt lat="33.8743023" lon="133.3878821"><ele>1282.4866666666667</ele><time>2022-11-04T21:06:49Z</time></trkpt><trkpt lat="33.8744796" lon="133.3879592"><ele>1284.79</ele><time>2022-11-04T21:07:15Z</time></trkpt><trkpt lat="33.8746062" lon="133.3881166"><ele>1286.3933333333334</ele><time>2022-11-04T21:07:44Z</time></trkpt><trkpt lat="33.8747891" lon="133.3881498"><ele>1290.36</ele><time>2022-11-04T21:08:11Z</time></trkpt><trkpt lat="33.8749666" lon="133.3881041"><ele>1292.9633333333334</ele><time>2022-11-04T21:08:34Z</time></trkpt><trkpt lat="33.8751494" lon="133.3881025"><ele>1298.2733333333333</ele><time>2022-11-04T21:09:19Z</time></trkpt><trkpt lat="33.8753283" lon="133.3880755"><ele>1303.3633333333335</ele><time>2022-11-04T21:10:12Z</time></trkpt><trkpt lat="33.8754963" lon="133.3881575"><ele>1307.18</ele><time>2022-11-04T21:10:47Z</time></trkpt><trkpt lat="33.8756788" lon="133.388178"><ele>1311.3200000000002</ele><time>2022-11-04T21:11:21Z</time></trkpt><trkpt lat="33.8758509" lon="133.3882666"><ele>1313.17</ele><time>2022-11-04T21:11:46Z</time></trkpt><trkpt lat="33.8760231" lon="133.388348"><ele>1315.7133333333334</ele><time>2022-11-04T21:12:12Z</time></trkpt><trkpt lat="33.8761979" lon="133.3884066"><ele>1319.7533333333333</ele><time>2022-11-04T21:12:58Z</time></trkpt><trkpt lat="33.8763185" lon="133.3885768"><ele>1324.4799999999998</ele><time>2022-11-04T21:15:02Z</time></trkpt><trkpt lat="33.8764718" lon="133.3886923"><ele>1331.6533333333334</ele><time>2022-11-04T21:16:51Z</time></trkpt><trkpt lat="33.8766484" lon="133.3886475"><ele>1339.5766666666666</ele><time>2022-11-04T21:17:18Z</time></trkpt><trkpt lat="33.876787" lon="133.3885079"><ele>1348.36</ele><time>2022-11-04T21:18:35Z</time></trkpt><trkpt lat="33.8769448" lon="133.3883984"><ele>1356.68</ele><time>2022-11-04T21:19:07Z</time></trkpt><trkpt lat="33.8770645" lon="133.3882305"><ele>1363.5633333333333</ele><time>2022-11-04T21:19:36Z</time></trkpt><trkpt lat="33.8770533" lon="133.388014"><ele>1368.9000000000003</ele><time>2022-11-04T21:20:10Z</time></trkpt><trkpt lat="33.8770923" lon="133.3878015"><ele>1373.49</ele><time>2022-11-04T21:21:02Z</time></trkpt><trkpt lat="33.8771506" lon="133.3875936"><ele>1378.3366666666668</ele><time>2022-11-04T21:21:58Z</time></trkpt><trkpt lat="33.8771709" lon="133.3873717"><ele>1384.9533333333331</ele><time>2022-11-04T21:22:26Z</time></trkpt><trkpt lat="33.8772588" lon="133.3871782"><ele>1392.8400000000001</ele><time>2022-11-04T21:22:56Z</time></trkpt><trkpt lat="33.8773731" lon="133.3870062"><ele>1400.1833333333334</ele><time>2022-11-04T21:23:31Z</time></trkpt><trkpt lat="33.8774834" lon="133.3868318"><ele>1407.3433333333335</ele><time>2022-11-04T21:24:25Z</time></trkpt><trkpt lat="33.877502" lon="133.3866151"><ele>1413.6566666666665</ele><time>2022-11-04T21:25:25Z</time></trkpt><trkpt lat="33.8775243" lon="133.386397"><ele>1419.4566666666667</ele><time>2022-11-04T21:25:55Z</time></trkpt><trkpt lat="33.8774884" lon="133.3861837"><ele>1424.8966666666668</ele><time>2022-11-04T21:26:28Z</time></trkpt><trkpt lat="33.8775726" lon="133.3859879"><ele>1429.8233333333335</ele><time>2022-11-04T21:27:36Z</time></trkpt><trkpt lat="33.8775948" lon="133.3857657"><ele>1436.3466666666666</ele><time>2022-11-04T21:28:00Z</time></trkpt><trkpt lat="33.8777274" lon="133.3856166"><ele>1443.2966666666664</ele><time>2022-11-04T21:28:33Z</time></trkpt><trkpt lat="33.8778548" lon="133.3854546"><ele>1451.6633333333332</ele><time>2022-11-04T21:29:06Z</time></trkpt><trkpt lat="33.8780388" lon="133.385414"><ele>1457.25</ele><time>2022-11-04T21:44:24Z</time></trkpt><trkpt lat="33.8782083" lon="133.3854998"><ele>1460.3500000000001</ele><time>2022-11-04T21:44:41Z</time></trkpt><trkpt lat="33.8783152" lon="133.3856794"><ele>1460.9333333333334</ele><time>2022-11-04T21:45:11Z</time></trkpt><trkpt lat="33.8784389" lon="133.3858391"><ele>1463.1166666666668</ele><time>2022-11-04T21:46:05Z</time></trkpt><trkpt lat="33.8786097" lon="133.3859092"><ele>1467.54</ele><time>2022-11-04T21:46:41Z</time></trkpt><trkpt lat="33.8787697" lon="133.3860123"><ele>1476.5466666666669</ele><time>2022-11-04T21:47:57Z</time></trkpt><trkpt lat="33.8789344" lon="133.3861108"><ele>1488.04</ele><time>2022-11-04T21:49:26Z</time></trkpt><trkpt lat="33.8791069" lon="133.3861806"><ele>1499.6599999999999</ele><time>2022-11-04T21:50:04Z</time></trkpt><trkpt lat="33.8792835" lon="133.386251"><ele>1509.8566666666668</ele><time>2022-11-04T21:51:21Z</time></trkpt><trkpt lat="33.8793828" lon="133.3864339"><ele>1516.5666666666668</ele><time>2022-11-04T21:51:39Z</time></trkpt><trkpt lat="33.8794498" lon="133.3866445"><ele>1521.14</ele><time>2022-11-04T21:52:00Z</time></trkpt><trkpt lat="33.8795473" lon="133.3868267"><ele>1522.7633333333333</ele><time>2022-11-04T21:52:16Z</time></trkpt><trkpt lat="33.8796677" lon="133.3869968"><ele>1523.8433333333332</ele><time>2022-11-04T21:52:41Z</time></trkpt><trkpt lat="33.8797784" lon="133.3871703"><ele>1526.45</ele><time>2022-11-04T21:53:53Z</time></trkpt><trkpt lat="33.8798753" lon="133.3873549"><ele>1529.2266666666667</ele><time>2022-11-04T21:54:21Z</time></trkpt><trkpt lat="33.8799176" lon="133.3875662"><ele>1533.3033333333333</ele><time>2022-11-04T21:54:41Z</time></trkpt><trkpt lat="33.8799197" lon="133.3877855"><ele>1536.6000000000001</ele><time>2022-11-04T21:55:02Z</time></trkpt><trkpt lat="33.8799545" lon="133.3880049"><ele>1538.96</ele><time>2022-11-04T21:55:22Z</time></trkpt><trkpt lat="33.8799869" lon="133.3882224"><ele>1538.8466666666666</ele><time>2022-11-04T21:55:49Z</time></trkpt><trkpt lat="33.8800036" lon="133.3884486"><ele>1536.5633333333333</ele><time>2022-11-04T21:56:12Z</time></trkpt><trkpt lat="33.8800132" lon="133.3886647"><ele>1534.0166666666667</ele><time>2022-11-04T21:56:32Z</time></trkpt><trkpt lat="33.8799994" lon="133.3888879"><ele>1531.95</ele><time>2022-11-04T21:57:04Z</time></trkpt><trkpt lat="33.8799955" lon="133.3891044"><ele>1530.9033333333334</ele><time>2022-11-04T21:57:36Z</time></trkpt><trkpt lat="33.8800413" lon="133.3893232"><ele>1530.7933333333333</ele><time>2022-11-04T21:58:03Z</time></trkpt><trkpt lat="33.8800182" lon="133.3895441"><ele>1531.0400000000002</ele><time>2022-11-04T21:58:35Z</time></trkpt><trkpt lat="33.8799227" lon="133.3897331"><ele>1532.5766666666668</ele><time>2022-11-04T21:59:07Z</time></trkpt><trkpt lat="33.8798792" lon="133.3899539"><ele>1535.0666666666668</ele><time>2022-11-04T21:59:51Z</time></trkpt><trkpt lat="33.8798328" lon="133.3901638"><ele>1540.0600000000002</ele><time>2022-11-04T22:00:15Z</time></trkpt><trkpt lat="33.8797379" lon="133.3903491"><ele>1546.4166666666667</ele><time>2022-11-04T22:01:18Z</time></trkpt><trkpt lat="33.8796598" lon="133.3905443"><ele>1553.46</ele><time>2022-11-04T22:02:13Z</time></trkpt><trkpt lat="33.8795871" lon="133.3907425"><ele>1559.993333333333</ele><time>2022-11-04T22:02:35Z</time></trkpt><trkpt lat="33.8795053" lon="133.3909393"><ele>1566.4799999999998</ele><time>2022-11-04T22:02:59Z</time></trkpt><trkpt lat="33.8793902" lon="133.3911089"><ele>1572.7933333333333</ele><time>2022-11-04T22:03:56Z</time></trkpt><trkpt lat="33.8793383" lon="133.3913202"><ele>1579.05</ele><time>2022-11-04T22:06:46Z</time></trkpt><trkpt lat="33.8793374" lon="133.3915368"><ele>1584.2533333333333</ele><time>2022-11-04T22:07:07Z</time></trkpt><trkpt lat="33.8793824" lon="133.3917467"><ele>1585.83</ele><time>2022-11-04T22:12:08Z</time></trkpt><trkpt lat="33.8795135" lon="133.3918977"><ele>1581.2533333333333</ele><time>2022-11-04T22:13:17Z</time></trkpt><trkpt lat="33.8796901" lon="133.3919857"><ele>1572.5333333333335</ele><time>2022-11-04T22:14:36Z</time></trkpt><trkpt lat="33.8798489" lon="133.3920992"><ele>1563.4866666666667</ele><time>2022-11-04T22:14:55Z</time></trkpt><trkpt lat="33.8799684" lon="133.392263"><ele>1557.49</ele><time>2022-11-04T22:15:50Z</time></trkpt><trkpt lat="33.8800959" lon="133.3924176"><ele>1552.9766666666667</ele><time>2022-11-04T22:16:23Z</time></trkpt><trkpt lat="33.8802498" lon="133.3925352"><ele>1547.6166666666668</ele><time>2022-11-04T22:16:52Z</time></trkpt><trkpt lat="33.8804038" lon="133.3926573"><ele>1541.2300000000002</ele><time>2022-11-04T22:17:27Z</time></trkpt><trkpt lat="33.8804671" lon="133.3928641"><ele>1534.5133333333333</ele><time>2022-11-04T22:18:03Z</time></trkpt><trkpt lat="33.8805613" lon="133.3930511"><ele>1528.4099999999999</ele><time>2022-11-04T22:18:24Z</time></trkpt><trkpt lat="33.8807047" lon="133.3931902"><ele>1523.9433333333334</ele><time>2022-11-04T22:19:24Z</time></trkpt><trkpt lat="33.880884" lon="133.393228"><ele>1521.93</ele><time>2022-11-04T22:20:05Z</time></trkpt><trkpt lat="33.881035" lon="133.3933481"><ele>1521.5333333333335</ele><time>2022-11-04T22:20:51Z</time></trkpt><trkpt lat="33.8811515" lon="133.3935158"><ele>1521.5</ele><time>2022-11-04T22:22:02Z</time></trkpt><trkpt lat="33.8811841" lon="133.3937345"><ele>1518.6366666666665</ele><time>2022-11-04T22:22:34Z</time></trkpt><trkpt lat="33.8812652" lon="133.3939317"><ele>1513.6833333333334</ele><time>2022-11-04T22:23:08Z</time></trkpt><trkpt lat="33.8813583" lon="133.3941212"><ele>1507.9966666666667</ele><time>2022-11-04T22:23:27Z</time></trkpt><trkpt lat="33.881439" lon="133.3943149"><ele>1505.53</ele><time>2022-11-04T22:23:50Z</time></trkpt><trkpt lat="33.8815698" lon="133.3944703"><ele>1508.1866666666665</ele><time>2022-11-04T22:24:10Z</time></trkpt><trkpt lat="33.8816643" lon="133.3946623"><ele>1512.4066666666668</ele><time>2022-11-04T22:25:53Z</time></trkpt><trkpt lat="33.8817986" lon="133.3948141"><ele>1517.8066666666666</ele><time>2022-11-04T22:26:23Z</time></trkpt><trkpt lat="33.8819153" lon="133.3949839"><ele>1522.49</ele><time>2022-11-04T22:26:52Z</time></trkpt><trkpt lat="33.8820873" lon="133.3950523"><ele>1529.2300000000002</ele><time>2022-11-04T22:27:26Z</time></trkpt><trkpt lat="33.8821602" lon="133.395261"><ele>1535.2600000000002</ele><time>2022-11-04T22:27:58Z</time></trkpt><trkpt lat="33.8822168" lon="133.3954733"><ele>1540.0</ele><time>2022-11-04T22:28:26Z</time></trkpt><trkpt lat="33.8823652" lon="133.395598"><ele>1541.0900000000001</ele><time>2022-11-04T22:29:02Z</time></trkpt><trkpt lat="33.8825546" lon="133.3955839"><ele>1538.6566666666668</ele><time>2022-11-04T22:29:55Z</time></trkpt><trkpt lat="33.8827291" lon="133.3955112"><ele>1534.1000000000001</ele><time>2022-11-04T22:30:15Z</time></trkpt><trkpt lat="33.8829111" lon="133.3954891"><ele>1527.8466666666666</ele><time>2022-11-04T22:30:38Z</time></trkpt><trkpt lat="33.8830758" lon="133.3955818"><ele>1522.26</ele><time>2022-11-04T22:31:00Z</time></trkpt><trkpt lat="33.8832626" lon="133.3955855"><ele>1516.89</ele><time>2022-11-04T22:31:52Z</time></trkpt><trkpt lat="33.8834456" lon="133.3956192"><ele>1514.57</ele><time>2022-11-04T22:32:11Z</time></trkpt><trkpt lat="33.8836036" lon="133.3957268"><ele>1515.6133333333335</ele><time>2022-11-04T22:33:31Z</time></trkpt><trkpt lat="33.8837866" lon="133.395744"><ele>1520.8666666666668</ele><time>2022-11-04T22:34:16Z</time></trkpt><trkpt lat="33.8839208" lon="133.395889"><ele>1528.3100000000002</ele><time>2022-11-04T22:35:22Z</time></trkpt><trkpt lat="33.8840273" lon="133.3960643"><ele>1534.9300000000003</ele><time>2022-11-04T22:36:32Z</time></trkpt><trkpt lat="33.8841975" lon="133.3961483"><ele>1537.706666666667</ele><time>2022-11-04T22:37:15Z</time></trkpt><trkpt lat="33.8843252" lon="133.3963013"><ele>1535.3700000000001</ele><time>2022-11-04T22:38:23Z</time></trkpt><trkpt lat="33.8844581" lon="133.3964519"><ele>1529.96</ele><time>2022-11-04T22:38:57Z</time></trkpt><trkpt lat="33.8845435" lon="133.3966476"><ele>1525.2533333333333</ele><time>2022-11-04T22:39:16Z</time></trkpt><trkpt lat="33.884639" lon="133.3968351"><ele>1524.1733333333332</ele><time>2022-11-04T22:40:21Z</time></trkpt><trkpt lat="33.8847717" lon="133.3969859"><ele>1525.1233333333332</ele><time>2022-11-04T22:40:36Z</time></trkpt><trkpt lat="33.8849336" lon="133.3970917"><ele>1526.1333333333334</ele><time>2022-11-04T22:41:10Z</time></trkpt><trkpt lat="33.8851" lon="133.397185"><ele>1526.0600000000002</ele><time>2022-11-04T22:41:37Z</time></trkpt><trkpt lat="33.8852634" lon="133.3972793"><ele>1524.7466666666667</ele><time>2022-11-04T22:42:19Z</time></trkpt><trkpt lat="33.8854449" lon="133.3972978"><ele>1522.7299999999998</ele><time>2022-11-04T22:42:51Z</time></trkpt><trkpt lat="33.8856247" lon="133.3973311"><ele>1521.46</ele><time>2022-11-04T22:46:41Z</time></trkpt><trkpt lat="33.8858058" lon="133.3973337"><ele>1522.7066666666667</ele><time>2022-11-04T22:47:40Z</time></trkpt><trkpt lat="33.8859833" lon="133.3972938"><ele>1528.37</ele><time>2022-11-04T22:48:36Z</time></trkpt><trkpt lat="33.8861547" lon="133.397361"><ele>1537.1033333333332</ele><time>2022-11-04T22:49:43Z</time></trkpt><trkpt lat="33.8863349" lon="133.3973755"><ele>1548.3799999999999</ele><time>2022-11-04T22:51:19Z</time></trkpt><trkpt lat="33.8863666" lon="133.3975954"><ele>1553.8200000000004</ele><time>2022-11-04T22:51:54Z</time></trkpt><trkpt lat="33.886482" lon="133.3977652"><ele>1554.91</ele><time>2022-11-04T22:52:16Z</time></trkpt><trkpt lat="33.8865763" lon="133.3979599"><ele>1552.07</ele><time>2022-11-04T22:52:35Z</time></trkpt><trkpt lat="33.8866939" lon="133.3981311"><ele>1553.1333333333334</ele><time>2022-11-04T22:53:22Z</time></trkpt><trkpt lat="33.8867636" lon="133.398332"><ele>1556.41</ele><time>2022-11-04T22:54:19Z</time></trkpt><trkpt lat="33.8868608" lon="133.3985254"><ele>1561.5433333333333</ele><time>2022-11-04T22:54:49Z</time></trkpt><trkpt lat="33.8869935" lon="133.3986724"><ele>1567.243333333333</ele><time>2022-11-04T22:55:29Z</time></trkpt><trkpt lat="33.8870984" lon="133.3988515"><ele>1573.6966666666667</ele><time>2022-11-04T22:56:03Z</time></trkpt><trkpt lat="33.8871984" lon="133.3990406"><ele>1579.3333333333333</ele><time>2022-11-04T22:57:08Z</time></trkpt><trkpt lat="33.8872657" lon="133.3992427"><ele>1584.8433333333335</ele><time>2022-11-04T22:57:42Z</time></trkpt><trkpt lat="33.8872884" lon="133.399463"><ele>1588.28</ele><time>2022-11-04T22:58:29Z</time></trkpt><trkpt lat="33.8871602" lon="133.3996178"><ele>1588.3100000000002</ele><time>2022-11-04T22:59:00Z</time></trkpt><trkpt lat="33.887125" lon="133.3998302"><ele>1585.6899999999998</ele><time>2022-11-04T22:59:53Z</time></trkpt><trkpt lat="33.8870809" lon="133.4000407"><ele>1582.8466666666666</ele><time>2022-11-04T23:00:31Z</time></trkpt><trkpt lat="33.8870747" lon="133.400266"><ele>1585.1466666666668</ele><time>2022-11-04T23:01:22Z</time></trkpt><trkpt lat="33.8869349" lon="133.4004031"><ele>1591.6633333333332</ele><time>2022-11-04T23:03:26Z</time></trkpt><trkpt lat="33.8868702" lon="133.4006143"><ele>1602.67</ele><time>2022-11-04T23:04:44Z</time></trkpt><trkpt lat="33.8868685" lon="133.4008358"><ele>1616.3233333333335</ele><time>2022-11-04T23:08:12Z</time></trkpt><trkpt lat="33.8868967" lon="133.4010559"><ele>1625.66</ele><time>2022-11-04T23:17:44Z</time></trkpt><trkpt lat="33.8869696" lon="133.4012543"><ele>1626.996666666667</ele><time>2022-11-04T23:19:27Z</time></trkpt><trkpt lat="33.8869972" lon="133.4014715"><ele>1620.8966666666668</ele><time>2022-11-04T23:21:03Z</time></trkpt><trkpt lat="33.8870664" lon="133.401674"><ele>1615.006666666667</ele><time>2022-11-04T23:22:31Z</time></trkpt><trkpt lat="33.887128" lon="133.4018774"><ele>1612.7466666666667</ele><time>2022-11-04T23:23:54Z</time></trkpt><trkpt lat="33.8872611" lon="133.402031"><ele>1610.8999999999999</ele><time>2022-11-04T23:25:28Z</time></trkpt><trkpt lat="33.8871244" lon="133.4021793"><ele>1610.14</ele><time>2022-11-04T23:26:08Z</time></trkpt><trkpt lat="33.8870717" lon="133.4023866"><ele>1607.61</ele><time>2022-11-04T23:26:43Z</time></trkpt><trkpt lat="33.8869838" lon="133.4025777"><ele>1603.33</ele><time>2022-11-04T23:27:12Z</time></trkpt><trkpt lat="33.8869434" lon="133.4027917"><ele>1592.7300000000002</ele><time>2022-11-04T23:28:48Z</time></trkpt><trkpt lat="33.8869864" lon="133.4030043"><ele>1584.2</ele><time>2022-11-04T23:29:30Z</time></trkpt><trkpt lat="33.886978" lon="133.4032227"><ele>1579.3100000000002</ele><time>2022-11-04T23:30:02Z</time></trkpt><trkpt lat="33.8869114" lon="133.4034255"><ele>1579.8266666666668</ele><time>2022-11-04T23:30:20Z</time></trkpt><trkpt lat="33.8868449" lon="133.4036271"><ele>1581.24</ele><time>2022-11-04T23:30:58Z</time></trkpt><trkpt lat="33.8867446" lon="133.4038102"><ele>1584.6233333333337</ele><time>2022-11-04T23:32:11Z</time></trkpt><trkpt lat="33.8866908" lon="133.4040166"><ele>1588.6033333333335</ele><time>2022-11-04T23:33:12Z</time></trkpt><trkpt lat="33.8867776" lon="133.4042075"><ele>1591.4800000000002</ele><time>2022-11-04T23:35:03Z</time></trkpt><trkpt lat="33.8867937" lon="133.4044268"><ele>1591.08</ele><time>2022-11-04T23:37:05Z</time></trkpt><trkpt lat="33.8867245" lon="133.4046265"><ele>1586.8433333333332</ele><time>2022-11-04T23:37:56Z</time></trkpt><trkpt lat="33.8867776" lon="133.4048381"><ele>1581.8166666666666</ele><time>2022-11-04T23:39:00Z</time></trkpt><trkpt lat="33.8869337" lon="133.404958"><ele>1580.55</ele><time>2022-11-04T23:43:14Z</time></trkpt><trkpt lat="33.8870228" lon="133.4051508"><ele>1585.0233333333333</ele><time>2022-11-04T23:45:01Z</time></trkpt><trkpt lat="33.8869405" lon="133.4053451"><ele>1589.04</ele><time>2022-11-04T23:46:19Z</time></trkpt><trkpt lat="33.8868159" lon="133.4055065"><ele>1591.1900000000003</ele><time>2022-11-04T23:46:48Z</time></trkpt><trkpt lat="33.8867248" lon="133.4056944"><ele>1593.3233333333335</ele><time>2022-11-04T23:48:19Z</time></trkpt><trkpt lat="33.8866155" lon="133.4058707"><ele>1601.7166666666665</ele><time>2022-11-04T23:49:58Z</time></trkpt><trkpt lat="33.886509" lon="133.4060456"><ele>1611.216666666667</ele><time>2022-11-04T23:51:05Z</time></trkpt><trkpt lat="33.8863783" lon="133.4062012"><ele>1618.9333333333334</ele><time>2022-11-04T23:51:31Z</time></trkpt><trkpt lat="33.8863519" lon="133.4064226"><ele>1624.2866666666669</ele><time>2022-11-04T23:52:24Z</time></trkpt><trkpt lat="33.8864415" lon="133.406614"><ele>1631.5133333333333</ele><time>2022-11-04T23:54:31Z</time></trkpt><trkpt lat="33.886362" lon="133.406818"><ele>1640.6066666666666</ele><time>2022-11-04T23:55:01Z</time></trkpt><trkpt lat="33.8864289" lon="133.4070254"><ele>1648.7333333333333</ele><time>2022-11-05T00:01:37Z</time></trkpt><trkpt lat="33.8863947" lon="133.4072491"><ele>1655.11</ele><time>2022-11-05T00:02:15Z</time></trkpt><trkpt lat="33.8863719" lon="133.4074647"><ele>1660.24</ele><time>2022-11-05T00:04:00Z</time></trkpt><trkpt lat="33.8862552" lon="133.4076357"><ele>1665.3466666666666</ele><time>2022-11-05T00:04:19Z</time></trkpt><trkpt lat="33.8860881" lon="133.4077703"><ele>1668.6066666666666</ele><time>2022-11-05T00:06:10Z</time></trkpt><trkpt lat="33.885888" lon="133.407793"><ele>1671.2133333333334</ele><time>2022-11-05T00:10:04Z</time></trkpt><trkpt lat="33.8857057" lon="133.4077942"><ele>1671.9533333333336</ele><time>2022-11-05T00:10:24Z</time></trkpt><trkpt lat="33.8858865" lon="133.4078131"><ele>1672.3333333333333</ele><time>2022-11-05T00:27:55Z</time></trkpt><trkpt lat="33.8860657" lon="133.4077689"><ele>1671.9533333333336</ele><time>2022-11-05T00:28:43Z</time></trkpt><trkpt lat="33.8862377" lon="133.407704"><ele>1671.41</ele><time>2022-11-05T00:29:42Z</time></trkpt><trkpt lat="33.886389" lon="133.4078411"><ele>1669.2133333333334</ele><time>2022-11-05T00:30:38Z</time></trkpt><trkpt lat="33.8864781" lon="133.4080307"><ele>1665.3100000000002</ele><time>2022-11-05T00:31:34Z</time></trkpt><trkpt lat="33.8865575" lon="133.408225"><ele>1659.2433333333336</ele><time>2022-11-05T00:32:37Z</time></trkpt><trkpt lat="33.886562" lon="133.408443"><ele>1650.9266666666665</ele><time>2022-11-05T00:39:09Z</time></trkpt><trkpt lat="33.8865639" lon="133.4086749"><ele>1642.1899999999998</ele><time>2022-11-05T00:39:33Z</time></trkpt><trkpt lat="33.8864897" lon="133.4088867"><ele>1632.36</ele><time>2022-11-05T00:40:29Z</time></trkpt><trkpt lat="33.8864522" lon="133.4090986"><ele>1624.2666666666667</ele><time>2022-11-05T00:41:04Z</time></trkpt><trkpt lat="33.8864118" lon="133.4093099"><ele>1615.64</ele><time>2022-11-05T00:41:49Z</time></trkpt><trkpt lat="33.8864328" lon="133.4095249"><ele>1609.1599999999999</ele><time>2022-11-05T00:42:04Z</time></trkpt><trkpt lat="33.8864653" lon="133.4097379"><ele>1602.24</ele><time>2022-11-05T00:42:22Z</time></trkpt><trkpt lat="33.8864506" lon="133.4099639"><ele>1596.6333333333332</ele><time>2022-11-05T00:42:42Z</time></trkpt><trkpt lat="33.8865577" lon="133.410148"><ele>1590.3033333333333</ele><time>2022-11-05T00:43:26Z</time></trkpt><trkpt lat="33.8866043" lon="133.4103622"><ele>1583.7466666666667</ele><time>2022-11-05T00:43:43Z</time></trkpt><trkpt lat="33.8867143" lon="133.4105379"><ele>1577.8133333333335</ele><time>2022-11-05T00:44:32Z</time></trkpt><trkpt lat="33.8867236" lon="133.4107612"><ele>1573.0100000000002</ele><time>2022-11-05T00:44:50Z</time></trkpt><trkpt lat="33.8868782" lon="133.4108748"><ele>1573.3400000000001</ele><time>2022-11-05T00:47:27Z</time></trkpt><trkpt lat="33.8869518" lon="133.4110765"><ele>1577.7966666666669</ele><time>2022-11-05T00:48:53Z</time></trkpt><trkpt lat="33.8870069" lon="133.4112995"><ele>1584.1733333333334</ele><time>2022-11-05T00:49:50Z</time></trkpt><trkpt lat="33.8871136" lon="133.4114795"><ele>1585.8966666666665</ele><time>2022-11-05T00:52:42Z</time></trkpt><trkpt lat="33.8871991" lon="133.4116732"><ele>1584.2133333333334</ele><time>2022-11-05T00:54:28Z</time></trkpt><trkpt lat="33.8871974" lon="133.4118907"><ele>1582.0566666666666</ele><time>2022-11-05T00:56:16Z</time></trkpt><trkpt lat="33.8871757" lon="133.4121078"><ele>1583.2633333333335</ele><time>2022-11-05T00:59:39Z</time></trkpt><trkpt lat="33.8871448" lon="133.4123222"><ele>1586.3133333333333</ele><time>2022-11-05T01:00:35Z</time></trkpt><trkpt lat="33.8872448" lon="133.412504"><ele>1586.846666666667</ele><time>2022-11-05T01:01:56Z</time></trkpt><trkpt lat="33.8872198" lon="133.4127287"><ele>1585.456666666667</ele><time>2022-11-05T01:03:33Z</time></trkpt><trkpt lat="33.887204" lon="133.4129448"><ele>1582.61</ele><time>2022-11-05T01:04:44Z</time></trkpt><trkpt lat="33.8871585" lon="133.4131564"><ele>1580.75</ele><time>2022-11-05T01:05:30Z</time></trkpt><trkpt lat="33.8871642" lon="133.4133789"><ele>1581.0833333333333</ele><time>2022-11-05T01:07:17Z</time></trkpt><trkpt lat="33.8871417" lon="133.4135967"><ele>1581.1033333333335</ele><time>2022-11-05T01:09:06Z</time></trkpt><trkpt lat="33.8871871" lon="133.4138084"><ele>1584.53</ele><time>2022-11-05T01:10:23Z</time></trkpt><trkpt lat="33.8872751" lon="133.4139978"><ele>1586.8</ele><time>2022-11-05T01:10:56Z</time></trkpt><trkpt lat="33.88738" lon="133.4141739"><ele>1591.01</ele><time>2022-11-05T01:12:40Z</time></trkpt><trkpt lat="33.8875271" lon="133.4143056"><ele>1596.5533333333333</ele><time>2022-11-05T01:15:20Z</time></trkpt><trkpt lat="33.8876269" lon="133.4144861"><ele>1603.4833333333333</ele><time>2022-11-05T01:15:49Z</time></trkpt><trkpt lat="33.8877666" lon="133.4146346"><ele>1609.6833333333334</ele><time>2022-11-05T01:16:44Z</time></trkpt><trkpt lat="33.8878776" lon="133.4148065"><ele>1613.8099999999997</ele><time>2022-11-05T01:17:16Z</time></trkpt><trkpt lat="33.8879742" lon="133.4149909"><ele>1617.0333333333335</ele><time>2022-11-05T01:18:25Z</time></trkpt><trkpt lat="33.8880981" lon="133.4151497"><ele>1620.03</ele><time>2022-11-05T01:20:27Z</time></trkpt><trkpt lat="33.888237" lon="133.4152958"><ele>1621.6766666666665</ele><time>2022-11-05T01:21:43Z</time></trkpt><trkpt lat="33.8883431" lon="133.4154748"><ele>1623.1899999999998</ele><time>2022-11-05T01:22:30Z</time></trkpt><trkpt lat="33.8884394" lon="133.4156576"><ele>1624.2266666666667</ele><time>2022-11-05T01:23:28Z</time></trkpt><trkpt lat="33.8885221" lon="133.4158526"><ele>1626.743333333333</ele><time>2022-11-05T01:24:49Z</time></trkpt><trkpt lat="33.8885533" lon="133.4160662"><ele>1628.8833333333332</ele><time>2022-11-05T01:26:51Z</time></trkpt><trkpt lat="33.8884257" lon="133.4162197"><ele>1628.2</ele><time>2022-11-05T01:29:05Z</time></trkpt><trkpt lat="33.8885889" lon="133.4163142"><ele>1629.0233333333333</ele><time>2022-11-05T01:31:59Z</time></trkpt><trkpt lat="33.8886628" lon="133.4165126"><ele>1630.6999999999998</ele><time>2022-11-05T01:33:04Z</time></trkpt><trkpt lat="33.8887386" lon="133.4167259"><ele>1635.8333333333333</ele><time>2022-11-05T01:35:13Z</time></trkpt><trkpt lat="33.8888235" lon="133.4169189"><ele>1637.89</ele><time>2022-11-05T01:35:52Z</time></trkpt><trkpt lat="33.8888559" lon="133.4171349"><ele>1635.0533333333333</ele><time>2022-11-05T01:37:05Z</time></trkpt><trkpt lat="33.8890265" lon="133.4172161"><ele>1634.6266666666668</ele><time>2022-11-05T01:38:56Z</time></trkpt><trkpt lat="33.8890503" lon="133.4174329"><ele>1634.3966666666668</ele><time>2022-11-05T01:45:37Z</time></trkpt><trkpt lat="33.8891995" lon="133.4175577"><ele>1642.3866666666665</ele><time>2022-11-05T01:46:49Z</time></trkpt><trkpt lat="33.8892932" lon="133.417758"><ele>1649.4033333333334</ele><time>2022-11-05T01:47:42Z</time></trkpt><trkpt lat="33.8894791" lon="133.4178233"><ele>1657.5933333333332</ele><time>2022-11-05T01:47:48Z</time></trkpt><trkpt lat="33.8894735" lon="133.4180407"><ele>1663.1466666666668</ele><time>2022-11-05T01:49:27Z</time></trkpt><trkpt lat="33.8894776" lon="133.4182784"><ele>1664.1233333333332</ele><time>2022-11-05T01:49:59Z</time></trkpt><trkpt lat="33.889584" lon="133.4184602"><ele>1660.256666666667</ele><time>2022-11-05T01:51:09Z</time></trkpt><trkpt lat="33.8895108" lon="133.4186622"><ele>1652.9266666666665</ele><time>2022-11-05T01:54:21Z</time></trkpt><trkpt lat="33.8895586" lon="133.4188727"><ele>1647.5133333333335</ele><time>2022-11-05T01:54:26Z</time></trkpt><trkpt lat="33.8894989" lon="133.4190798"><ele>1645.11</ele><time>2022-11-05T01:54:49Z</time></trkpt><trkpt lat="33.8894826" lon="133.4193017"><ele>1644.3466666666666</ele><time>2022-11-05T01:56:34Z</time></trkpt><trkpt lat="33.8894643" lon="133.4195229"><ele>1643.22</ele><time>2022-11-05T01:57:47Z</time></trkpt><trkpt lat="33.8893311" lon="133.4196689"><ele>1641.1000000000001</ele><time>2022-11-05T01:58:11Z</time></trkpt><trkpt lat="33.8893317" lon="133.4198886"><ele>1637.9866666666667</ele><time>2022-11-05T02:00:58Z</time></trkpt><trkpt lat="33.8893704" lon="133.4201027"><ele>1634.3133333333335</ele><time>2022-11-05T02:01:57Z</time></trkpt><trkpt lat="33.8893213" lon="133.4203128"><ele>1630.6599999999999</ele><time>2022-11-05T02:03:56Z</time></trkpt><trkpt lat="33.8892403" lon="133.4205075"><ele>1628.9099999999999</ele><time>2022-11-05T02:06:02Z</time></trkpt><trkpt lat="33.8891864" lon="133.4207203"><ele>1628.5033333333333</ele><time>2022-11-05T02:07:18Z</time></trkpt><trkpt lat="33.88903" lon="133.4208285"><ele>1629.45</ele><time>2022-11-05T02:09:18Z</time></trkpt><trkpt lat="33.888854" lon="133.420882"><ele>1623.8099999999997</ele><time>2022-11-05T02:10:54Z</time></trkpt><trkpt lat="33.8889443" lon="133.4210698"><ele>1624.11</ele><time>2022-11-05T02:12:48Z</time></trkpt><trkpt lat="33.8888777" lon="133.4212849"><ele>1624.3033333333333</ele><time>2022-11-05T02:13:34Z</time></trkpt><trkpt lat="33.8888002" lon="133.4214812"><ele>1629.3066666666666</ele><time>2022-11-05T02:14:36Z</time></trkpt><trkpt lat="33.8886961" lon="133.421665"><ele>1629.2466666666667</ele><time>2022-11-05T02:14:57Z</time></trkpt><trkpt lat="33.8885528" lon="133.4218025"><ele>1629.4399999999998</ele><time>2022-11-05T02:15:12Z</time></trkpt><trkpt lat="33.8883985" lon="133.4219205"><ele>1633.0199999999998</ele><time>2022-11-05T02:15:21Z</time></trkpt><trkpt lat="33.888361" lon="133.4221467"><ele>1635.8066666666666</ele><time>2022-11-05T02:17:33Z</time></trkpt><trkpt lat="33.8882793" lon="133.4223399"><ele>1636.2600000000002</ele><time>2022-11-05T02:17:53Z</time></trkpt><trkpt lat="33.8882441" lon="133.4225582"><ele>1633.7533333333333</ele><time>2022-11-05T02:18:50Z</time></trkpt><trkpt lat="33.8880767" lon="133.4226487"><ele>1634.7666666666664</ele><time>2022-11-05T02:20:21Z</time></trkpt><trkpt lat="33.8881168" lon="133.4228657"><ele>1636.5233333333333</ele><time>2022-11-05T02:40:18Z</time></trkpt><trkpt lat="33.8881417" lon="133.4230856"><ele>1637.72</ele><time>2022-11-05T02:40:48Z</time></trkpt><trkpt lat="33.8881679" lon="133.4233094"><ele>1631.3633333333335</ele><time>2022-11-05T02:41:22Z</time></trkpt><trkpt lat="33.8882872" lon="133.4234728"><ele>1620.966666666667</ele><time>2022-11-05T02:45:02Z</time></trkpt><trkpt lat="33.8883271" lon="133.4236844"><ele>1607.89</ele><time>2022-11-05T02:46:15Z</time></trkpt><trkpt lat="33.8883746" lon="133.4239011"><ele>1592.9733333333334</ele><time>2022-11-05T02:47:19Z</time></trkpt><trkpt lat="33.8885042" lon="133.4240541"><ele>1582.0133333333333</ele><time>2022-11-05T02:49:49Z</time></trkpt><trkpt lat="33.8886369" lon="133.424201"><ele>1570.8666666666668</ele><time>2022-11-05T02:50:18Z</time></trkpt><trkpt lat="33.8887235" lon="133.4243933"><ele>1562.7266666666667</ele><time>2022-11-05T02:51:24Z</time></trkpt><trkpt lat="33.8888579" lon="133.424542"><ele>1550.9166666666667</ele><time>2022-11-05T02:51:48Z</time></trkpt><trkpt lat="33.8889283" lon="133.4247428"><ele>1538.9533333333331</ele><time>2022-11-05T02:52:49Z</time></trkpt><trkpt lat="33.889082" lon="133.4248592"><ele>1526.75</ele><time>2022-11-05T02:55:37Z</time></trkpt><trkpt lat="33.8892143" lon="133.4250067"><ele>1518.4066666666668</ele><time>2022-11-05T02:56:12Z</time></trkpt><trkpt lat="33.8893367" lon="133.4251678"><ele>1510.9566666666667</ele><time>2022-11-05T02:57:01Z</time></trkpt><trkpt lat="33.8894384" lon="133.4253502"><ele>1502.6499999999999</ele><time>2022-11-05T02:57:28Z</time></trkpt><trkpt lat="33.8895647" lon="133.4255052"><ele>1493.6733333333334</ele><time>2022-11-05T02:57:50Z</time></trkpt><trkpt lat="33.8895621" lon="133.4257386"><ele>1485.99</ele><time>2022-11-05T02:58:33Z</time></trkpt><trkpt lat="33.8895769" lon="133.4259547"><ele>1479.4399999999998</ele><time>2022-11-05T02:59:45Z</time></trkpt><trkpt lat="33.889642" lon="133.4261726"><ele>1472.8500000000001</ele><time>2022-11-05T02:59:56Z</time></trkpt><trkpt lat="33.8896507" lon="133.4263942"><ele>1464.243333333333</ele><time>2022-11-05T03:00:06Z</time></trkpt><trkpt lat="33.8897458" lon="133.4265804"><ele>1457.8566666666666</ele><time>2022-11-05T03:00:48Z</time></trkpt><trkpt lat="33.8898048" lon="133.4267911"><ele>1452.5100000000002</ele><time>2022-11-05T03:01:17Z</time></trkpt><trkpt lat="33.8898129" lon="133.4270072"><ele>1446.21</ele><time>2022-11-05T03:02:36Z</time></trkpt><trkpt lat="33.8897862" lon="133.4272216"><ele>1435.8433333333332</ele><time>2022-11-05T03:04:14Z</time></trkpt><trkpt lat="33.8898667" lon="133.4274172"><ele>1420.9033333333334</ele><time>2022-11-05T03:05:39Z</time></trkpt><trkpt lat="33.8898824" lon="133.4276384"><ele>1407.6000000000001</ele><time>2022-11-05T03:06:43Z</time></trkpt><trkpt lat="33.8898956" lon="133.4278547"><ele>1395.1899999999998</ele><time>2022-11-05T03:07:02Z</time></trkpt><trkpt lat="33.8899873" lon="133.4280447"><ele>1386.8666666666668</ele><time>2022-11-05T03:08:03Z</time></trkpt><trkpt lat="33.8901242" lon="133.4281866"><ele>1380.9066666666668</ele><time>2022-11-05T03:08:38Z</time></trkpt><trkpt lat="33.8902258" lon="133.4283689"><ele>1378.2733333333333</ele><time>2022-11-05T03:09:19Z</time></trkpt><trkpt lat="33.8903978" lon="133.4284663"><ele>1376.4066666666668</ele><time>2022-11-05T03:09:36Z</time></trkpt><trkpt lat="33.8904624" lon="133.4286699"><ele>1374.2300000000002</ele><time>2022-11-05T03:10:02Z</time></trkpt><trkpt lat="33.8905454" lon="133.4288631"><ele>1370.8166666666668</ele><time>2022-11-05T03:10:44Z</time></trkpt><trkpt lat="33.8906283" lon="133.4290619"><ele>1366.04</ele><time>2022-11-05T03:11:10Z</time></trkpt><trkpt lat="33.8906631" lon="133.4292742"><ele>1361.0600000000002</ele><time>2022-11-05T03:11:24Z</time></trkpt><trkpt lat="33.8907365" lon="133.4294756"><ele>1354.8666666666666</ele><time>2022-11-05T03:13:15Z</time></trkpt><trkpt lat="33.8908398" lon="133.4296838"><ele>1348.4066666666668</ele><time>2022-11-05T03:13:35Z</time></trkpt><trkpt lat="33.8910028" lon="133.4297793"><ele>1342.4966666666667</ele><time>2022-11-05T03:14:20Z</time></trkpt><trkpt lat="33.8910653" lon="133.4299831"><ele>1337.43</ele><time>2022-11-05T03:19:27Z</time></trkpt><trkpt lat="33.8911136" lon="133.4301944"><ele>1331.45</ele><time>2022-11-05T03:20:09Z</time></trkpt><trkpt lat="33.8912587" lon="133.4303243"><ele>1324.7866666666666</ele><time>2022-11-05T03:21:27Z</time></trkpt><trkpt lat="33.891266" lon="133.4305473"><ele>1314.72</ele><time>2022-11-05T03:22:32Z</time></trkpt><trkpt lat="33.8912779" lon="133.4307634"><ele>1304.5166666666667</ele><time>2022-11-05T03:23:21Z</time></trkpt><trkpt lat="33.8912999" lon="133.4309813"><ele>1293.8</ele><time>2022-11-05T03:24:42Z</time></trkpt><trkpt lat="33.8913052" lon="133.4311994"><ele>1284.5199999999998</ele><time>2022-11-05T03:25:48Z</time></trkpt><trkpt lat="33.8913288" lon="133.4314173"><ele>1276.4266666666665</ele><time>2022-11-05T03:26:18Z</time></trkpt><trkpt lat="33.8912728" lon="133.4316263"><ele>1268.49</ele><time>2022-11-05T03:26:33Z</time></trkpt><trkpt lat="33.8911566" lon="133.4314513"><ele>1264.3466666666666</ele><time>2022-11-05T03:32:35Z</time></trkpt><trkpt lat="33.8910213" lon="133.4313028"><ele>1260.06</ele><time>2022-11-05T03:32:49Z</time></trkpt><trkpt lat="33.8908825" lon="133.4311616"><ele>1257.49</ele><time>2022-11-05T03:33:05Z</time></trkpt><trkpt lat="33.8907089" lon="133.4310994"><ele>1253.6133333333335</ele><time>2022-11-05T03:33:22Z</time></trkpt><trkpt lat="33.8905433" lon="133.4311957"><ele>1247.32</ele><time>2022-11-05T03:33:44Z</time></trkpt><trkpt lat="33.890464" lon="133.4313948"><ele>1240.1433333333334</ele><time>2022-11-05T03:34:14Z</time></trkpt><trkpt lat="33.8904336" lon="133.4316162"><ele>1233.4166666666667</ele><time>2022-11-05T03:34:27Z</time></trkpt><trkpt lat="33.8903437" lon="133.4318068"><ele>1229.9799999999998</ele><time>2022-11-05T03:34:40Z</time></trkpt><trkpt lat="33.8901665" lon="133.4318475"><ele>1229.1733333333334</ele><time>2022-11-05T03:35:10Z</time></trkpt><trkpt lat="33.8899838" lon="133.4318933"><ele>1230.0</ele><time>2022-11-05T03:35:31Z</time></trkpt><trkpt lat="33.8898175" lon="133.4320012"><ele>1232.44</ele><time>2022-11-05T03:35:45Z</time></trkpt><trkpt lat="33.889646" lon="133.4320798"><ele>1233.3133333333333</ele><time>2022-11-05T03:36:01Z</time></trkpt><trkpt lat="33.8895313" lon="133.4322489"><ele>1230.0266666666666</ele><time>2022-11-05T03:36:20Z</time></trkpt><trkpt lat="33.8893518" lon="133.43231"><ele>1224.216666666667</ele><time>2022-11-05T03:36:35Z</time></trkpt><trkpt lat="33.889223" lon="133.4321502"><ele>1221.1733333333334</ele><time>2022-11-05T03:36:48Z</time></trkpt><trkpt lat="33.8890631" lon="133.432048"><ele>1224.53</ele><time>2022-11-05T03:37:03Z</time></trkpt><trkpt lat="33.8889482" lon="133.4322184"><ele>1229.5833333333333</ele><time>2022-11-05T03:37:32Z</time></trkpt><trkpt lat="33.8888888" lon="133.4324308"><ele>1230.8266666666666</ele><time>2022-11-05T03:38:01Z</time></trkpt><trkpt lat="33.8888429" lon="133.4326465"><ele>1229.0766666666666</ele><time>2022-11-05T03:38:16Z</time></trkpt><trkpt lat="33.8889195" lon="133.4328437"><ele>1224.1633333333332</ele><time>2022-11-05T03:38:32Z</time></trkpt><trkpt lat="33.8889336" lon="133.4330608"><ele>1217.9833333333333</ele><time>2022-11-05T03:38:56Z</time></trkpt><trkpt lat="33.8887997" lon="133.4332153"><ele>1210.7866666666669</ele><time>2022-11-05T03:39:10Z</time></trkpt><trkpt lat="33.8886174" lon="133.4331882"><ele>1208.0533333333335</ele><time>2022-11-05T03:39:34Z</time></trkpt><trkpt lat="33.8884706" lon="133.4333253"><ele>1205.8866666666665</ele><time>2022-11-05T03:39:52Z</time></trkpt><trkpt lat="33.8882974" lon="133.4332569"><ele>1203.57</ele><time>2022-11-05T03:40:14Z</time></trkpt><trkpt lat="33.8881363" lon="133.43315"><ele>1201.6133333333335</ele><time>2022-11-05T03:40:43Z</time></trkpt><trkpt lat="33.8880185" lon="133.4329816"><ele>1203.4266666666667</ele><time>2022-11-05T03:41:02Z</time></trkpt><trkpt lat="33.8878333" lon="133.4329283"><ele>1203.6366666666668</ele><time>2022-11-05T03:41:28Z</time></trkpt><trkpt lat="33.8876856" lon="133.4327947"><ele>1204.0</ele><time>2022-11-05T03:41:43Z</time></trkpt><trkpt lat="33.8876067" lon="133.4325975"><ele>1203.17</ele><time>2022-11-05T03:42:09Z</time></trkpt><trkpt lat="33.8874224" lon="133.4326285"><ele>1201.96</ele><time>2022-11-05T03:42:42Z</time></trkpt><trkpt lat="33.8872687" lon="133.432749"><ele>1193.9233333333334</ele><time>2022-11-05T03:42:56Z</time></trkpt><trkpt lat="33.8871221" lon="133.4326203"><ele>1186.7933333333333</ele><time>2022-11-05T03:43:10Z</time></trkpt><trkpt lat="33.8870718" lon="133.4324019"><ele>1184.6233333333332</ele><time>2022-11-05T03:43:40Z</time></trkpt><trkpt lat="33.8869172" lon="133.43228"><ele>1188.1633333333334</ele><time>2022-11-05T03:43:54Z</time></trkpt><trkpt lat="33.8867438" lon="133.4323544"><ele>1190.4333333333334</ele><time>2022-11-05T03:44:22Z</time></trkpt><trkpt lat="33.8866841" lon="133.4325614"><ele>1190.04</ele><time>2022-11-05T03:44:38Z</time></trkpt><trkpt lat="33.8866403" lon="133.4327736"><ele>1189.59</ele><time>2022-11-05T03:44:59Z</time></trkpt><trkpt lat="33.8865898" lon="133.4329879"><ele>1188.6766666666665</ele><time>2022-11-05T03:45:22Z</time></trkpt><trkpt lat="33.8865329" lon="133.4331973"><ele>1185.7133333333334</ele><time>2022-11-05T03:45:45Z</time></trkpt><trkpt lat="33.8863524" lon="133.4331656"><ele>1185.93</ele><time>2022-11-05T03:46:04Z</time></trkpt><trkpt lat="33.886275" lon="133.4333669"><ele>1182.97</ele><time>2022-11-05T03:46:30Z</time></trkpt><trkpt lat="33.8861924" lon="133.4335641"><ele>1180.5033333333333</ele><time>2022-11-05T03:46:46Z</time></trkpt><trkpt lat="33.8860848" lon="133.4337436"><ele>1173.3466666666666</ele><time>2022-11-05T03:47:01Z</time></trkpt><trkpt lat="33.8859369" lon="133.4338685"><ele>1166.6466666666668</ele><time>2022-11-05T03:47:17Z</time></trkpt><trkpt lat="33.8857554" lon="133.4338773"><ele>1161.4866666666667</ele><time>2022-11-05T03:47:45Z</time></trkpt><trkpt lat="33.8855715" lon="133.4338605"><ele>1155.1166666666668</ele><time>2022-11-05T03:48:05Z</time></trkpt><trkpt lat="33.8854204" lon="133.4337402"><ele>1150.9633333333334</ele><time>2022-11-05T03:48:27Z</time></trkpt><trkpt lat="33.8852981" lon="133.4335778"><ele>1143.3933333333332</ele><time>2022-11-05T03:48:46Z</time></trkpt><trkpt lat="33.8853435" lon="133.433355"><ele>1140.51</ele><time>2022-11-05T03:49:00Z</time></trkpt><trkpt lat="33.8853647" lon="133.4331278"><ele>1137.1666666666667</ele><time>2022-11-05T03:49:15Z</time></trkpt><trkpt lat="33.8854241" lon="133.4329226"><ele>1139.8466666666666</ele><time>2022-11-05T03:49:36Z</time></trkpt><trkpt lat="33.8852556" lon="133.432841"><ele>1138.4466666666667</ele><time>2022-11-05T03:50:04Z</time></trkpt><trkpt lat="33.8850731" lon="133.4328753"><ele>1135.6433333333334</ele><time>2022-11-05T03:50:28Z</time></trkpt><trkpt lat="33.8849356" lon="133.4327302"><ele>1131.84</ele><time>2022-11-05T03:50:52Z</time></trkpt><trkpt lat="33.8848179" lon="133.4325652"><ele>1129.86</ele><time>2022-11-05T03:51:19Z</time></trkpt><trkpt lat="33.884712" lon="133.4323852"><ele>1129.66</ele><time>2022-11-05T03:52:48Z</time></trkpt><trkpt lat="33.8847075" lon="133.4321676"><ele>1130.2666666666667</ele><time>2022-11-05T03:53:06Z</time></trkpt><trkpt lat="33.8846212" lon="133.4319752"><ele>1130.493333333333</ele><time>2022-11-05T03:53:33Z</time></trkpt><trkpt lat="33.8845362" lon="133.4317824"><ele>1130.8933333333334</ele><time>2022-11-05T03:53:54Z</time></trkpt><trkpt lat="33.8843535" lon="133.4317758"><ele>1128.3999999999999</ele><time>2022-11-05T03:54:57Z</time></trkpt><trkpt lat="33.8842139" lon="133.4319143"><ele>1126.6433333333334</ele><time>2022-11-05T03:55:23Z</time></trkpt><trkpt lat="33.8841628" lon="133.4321288"><ele>1124.9333333333334</ele><time>2022-11-05T03:56:02Z</time></trkpt><trkpt lat="33.884151" lon="133.432347"><ele>1122.0166666666667</ele><time>2022-11-05T03:56:25Z</time></trkpt><trkpt lat="33.8839918" lon="133.4324894"><ele>1121.6966666666667</ele><time>2022-11-05T03:56:36Z</time></trkpt><trkpt lat="33.883883" lon="133.4326631"><ele>1121.6566666666668</ele><time>2022-11-05T03:56:47Z</time></trkpt><trkpt lat="33.883703" lon="133.4326985"><ele>1124.5600000000002</ele><time>2022-11-05T03:57:18Z</time></trkpt><trkpt lat="33.8836211" lon="133.4328976"><ele>1120.43</ele><time>2022-11-05T03:58:25Z</time></trkpt><trkpt lat="33.8835356" lon="133.4330936"><ele>1109.51</ele><time>2022-11-05T03:58:40Z</time></trkpt><trkpt lat="33.8833828" lon="133.4329631"><ele>1101.8</ele><time>2022-11-05T03:59:07Z</time></trkpt><trkpt lat="33.8832208" lon="133.4328533"><ele>1101.7766666666666</ele><time>2022-11-05T03:59:16Z</time></trkpt><trkpt lat="33.8830591" lon="133.4329496"><ele>1110.5133333333333</ele><time>2022-11-05T04:00:03Z</time></trkpt><trkpt lat="33.8829596" lon="133.4331384"><ele>1116.2</ele><time>2022-11-05T04:00:31Z</time></trkpt><trkpt lat="33.8828612" lon="133.4333346"><ele>1118.0866666666668</ele><time>2022-11-05T04:00:46Z</time></trkpt><trkpt lat="33.8827984" lon="133.4335387"><ele>1118.2233333333334</ele><time>2022-11-05T04:00:56Z</time></trkpt><trkpt lat="33.8828131" lon="133.43376"><ele>1116.3999999999999</ele><time>2022-11-05T04:01:10Z</time></trkpt><trkpt lat="33.8828071" lon="133.4339761"><ele>1110.02</ele><time>2022-11-05T04:01:33Z</time></trkpt><trkpt lat="33.8826997" lon="133.4341534"><ele>1103.1166666666668</ele><time>2022-11-05T04:02:21Z</time></trkpt><trkpt lat="33.8826727" lon="133.4343737"><ele>1095.5533333333333</ele><time>2022-11-05T04:02:36Z</time></trkpt><trkpt lat="33.8827031" lon="133.4345891"><ele>1091.7333333333333</ele><time>2022-11-05T04:02:48Z</time></trkpt><trkpt lat="33.8827557" lon="133.4347967"><ele>1085.9566666666667</ele><time>2022-11-05T04:02:58Z</time></trkpt><trkpt lat="33.8827549" lon="133.4350177"><ele>1080.9533333333334</ele><time>2022-11-05T04:03:13Z</time></trkpt><trkpt lat="33.8828078" lon="133.4352373"><ele>1074.6066666666668</ele><time>2022-11-05T04:03:34Z</time></trkpt><trkpt lat="33.8826199" lon="133.4352978"><ele>1070.3966666666668</ele><time>2022-11-05T04:04:01Z</time></trkpt><trkpt lat="33.8824349" lon="133.4352831"><ele>1066.0266666666666</ele><time>2022-11-05T04:04:13Z</time></trkpt><trkpt lat="33.8823439" lon="133.4354713"><ele>1060.8466666666666</ele><time>2022-11-05T04:05:03Z</time></trkpt><trkpt lat="33.8821702" lon="133.4355398"><ele>1055.5966666666666</ele><time>2022-11-05T04:06:05Z</time></trkpt><trkpt lat="33.8820025" lon="133.435628"><ele>1051.0166666666667</ele><time>2022-11-05T04:06:57Z</time></trkpt><trkpt lat="33.8818239" lon="133.4355772"><ele>1050.1733333333334</ele><time>2022-11-05T04:07:34Z</time></trkpt><trkpt lat="33.8816466" lon="133.435497"><ele>1050.0366666666666</ele><time>2022-11-05T04:07:52Z</time></trkpt><trkpt lat="33.8814628" lon="133.4354734"><ele>1050.9033333333334</ele><time>2022-11-05T04:08:17Z</time></trkpt><trkpt lat="33.8812833" lon="133.435428"><ele>1049.8966666666668</ele><time>2022-11-05T04:08:32Z</time></trkpt><trkpt lat="33.8810914" lon="133.4354648"><ele>1046.4466666666667</ele><time>2022-11-05T04:08:48Z</time></trkpt><trkpt lat="33.8809247" lon="133.4353527"><ele>1043.2066666666667</ele><time>2022-11-05T04:09:04Z</time></trkpt><trkpt lat="33.8807444" lon="133.4353634"><ele>1039.68</ele><time>2022-11-05T04:09:30Z</time></trkpt><trkpt lat="33.8805601" lon="133.4353419"><ele>1037.7866666666669</ele><time>2022-11-05T04:10:11Z</time></trkpt><trkpt lat="33.8803928" lon="133.4354345"><ele>1033.3866666666665</ele><time>2022-11-05T04:10:23Z</time></trkpt><trkpt lat="33.8802139" lon="133.4354999"><ele>1027.466666666667</ele><time>2022-11-05T04:10:39Z</time></trkpt><trkpt lat="33.8800318" lon="133.435489"><ele>1021.7599999999999</ele><time>2022-11-05T04:10:55Z</time></trkpt><trkpt lat="33.8798486" lon="133.4354845"><ele>1018.4466666666667</ele><time>2022-11-05T04:11:10Z</time></trkpt><trkpt lat="33.8796607" lon="133.4355054"><ele>1019.0933333333332</ele><time>2022-11-05T04:11:34Z</time></trkpt><trkpt lat="33.879482" lon="133.4355437"><ele>1018.7633333333333</ele><time>2022-11-05T04:12:21Z</time></trkpt><trkpt lat="33.879341" lon="133.4356817"><ele>1017.1766666666667</ele><time>2022-11-05T04:12:54Z</time></trkpt><trkpt lat="33.8791973" lon="133.4355505"><ele>1012.81</ele><time>2022-11-05T04:13:23Z</time></trkpt><trkpt lat="33.8793818" lon="133.4355546"><ele>1011.0066666666667</ele><time>2022-11-05T04:14:06Z</time></trkpt><trkpt lat="33.8794944" lon="133.4353839"><ele>1010.3733333333333</ele><time>2022-11-05T04:14:23Z</time></trkpt><trkpt lat="33.8795215" lon="133.435165"><ele>1009.7933333333334</ele><time>2022-11-05T04:14:40Z</time></trkpt><trkpt lat="33.8793716" lon="133.435034"><ele>1002.8299999999999</ele><time>2022-11-05T04:15:06Z</time></trkpt><trkpt lat="33.8791916" lon="133.4350203"><ele>992.9200000000001</ele><time>2022-11-05T04:15:32Z</time></trkpt><trkpt lat="33.8790111" lon="133.4349846"><ele>982.0933333333334</ele><time>2022-11-05T04:16:07Z</time></trkpt><trkpt lat="33.8788307" lon="133.4349542"><ele>972.8766666666667</ele><time>2022-11-05T04:16:22Z</time></trkpt><trkpt lat="33.878682" lon="133.4350885"><ele>967.3333333333334</ele><time>2022-11-05T04:16:39Z</time></trkpt><trkpt lat="33.8785" lon="133.435087"><ele>959.9166666666666</ele><time>2022-11-05T04:17:10Z</time></trkpt><trkpt lat="33.8783341" lon="133.4349916"><ele>951.68</ele><time>2022-11-05T04:18:09Z</time></trkpt><trkpt lat="33.8781598" lon="133.4350591"><ele>936.9566666666666</ele><time>2022-11-05T04:18:29Z</time></trkpt><trkpt lat="33.8782288" lon="133.4352666"><ele>928.2266666666668</ele><time>2022-11-05T04:18:52Z</time></trkpt><trkpt lat="33.8783367" lon="133.4354439"><ele>926.5</ele><time>2022-11-05T04:19:06Z</time></trkpt><trkpt lat="33.878163" lon="133.435369"><ele>924.3533333333335</ele><time>2022-11-05T04:19:20Z</time></trkpt><trkpt lat="33.8781183" lon="133.4355942"><ele>918.1633333333333</ele><time>2022-11-05T04:20:29Z</time></trkpt><trkpt lat="33.8780008" lon="133.4354273"><ele>906.6433333333333</ele><time>2022-11-05T04:25:03Z</time></trkpt><trkpt lat="33.8779085" lon="133.4352347"><ele>901.0100000000001</ele><time>2022-11-05T04:25:17Z</time></trkpt><trkpt lat="33.8777552" lon="133.4351015"><ele>894.4966666666666</ele><time>2022-11-05T04:25:34Z</time></trkpt><trkpt lat="33.8776351" lon="133.4349398"><ele>888.6133333333333</ele><time>2022-11-05T04:25:48Z</time></trkpt><trkpt lat="33.8777397" lon="133.4347499"><ele>882.9499999999999</ele><time>2022-11-05T04:26:07Z</time></trkpt><trkpt lat="33.8778984" lon="133.4346306"><ele>883.8833333333333</ele><time>2022-11-05T04:26:20Z</time></trkpt><trkpt lat="33.8778919" lon="133.4344131"><ele>879.7166666666667</ele><time>2022-11-05T04:26:35Z</time></trkpt><trkpt lat="33.8779976" lon="133.4342267"><ele>875.0933333333334</ele><time>2022-11-05T04:26:49Z</time></trkpt><trkpt lat="33.8781785" lon="133.4341853"><ele>869.2933333333334</ele><time>2022-11-05T04:27:00Z</time></trkpt><trkpt lat="33.8783607" lon="133.4341726"><ele>873.14</ele><time>2022-11-05T04:27:14Z</time></trkpt><trkpt lat="33.8785347" lon="133.4340989"><ele>877.7666666666668</ele><time>2022-11-05T04:27:30Z</time></trkpt><trkpt lat="33.8785265" lon="133.4338804"><ele>879.1033333333334</ele><time>2022-11-05T04:27:47Z</time></trkpt><trkpt lat="33.8784701" lon="133.4336713"><ele>877.7233333333334</ele><time>2022-11-05T04:28:35Z</time></trkpt><trkpt lat="33.8785135" lon="133.4334582"><ele>876.7133333333333</ele><time>2022-11-05T04:28:47Z</time></trkpt><trkpt lat="33.8784767" lon="133.4332415"><ele>877.63</ele><time>2022-11-05T04:28:59Z</time></trkpt><trkpt lat="33.8783419" lon="133.4330847"><ele>875.0566666666667</ele><time>2022-11-05T04:29:11Z</time></trkpt><trkpt lat="33.8781573" lon="133.433066"><ele>871.93</ele><time>2022-11-05T04:29:27Z</time></trkpt><trkpt lat="33.878091" lon="133.4332944"><ele>865.2199999999999</ele><time>2022-11-05T04:29:38Z</time></trkpt><trkpt lat="33.8780592" lon="133.4335086"><ele>859.4266666666666</ele><time>2022-11-05T04:29:57Z</time></trkpt><trkpt lat="33.8778786" lon="133.4334503"><ele>855.27</ele><time>2022-11-05T04:30:13Z</time></trkpt><trkpt lat="33.8777226" lon="133.4333395"><ele>856.87</ele><time>2022-11-05T04:30:24Z</time></trkpt><trkpt lat="33.8775349" lon="133.4333253"><ele>864.8333333333334</ele><time>2022-11-05T04:30:37Z</time></trkpt><trkpt lat="33.8773565" lon="133.4333864"><ele>868.2199999999999</ele><time>2022-11-05T04:30:49Z</time></trkpt><trkpt lat="33.877196" lon="133.4334878"><ele>866.3666666666667</ele><time>2022-11-05T04:31:02Z</time></trkpt><trkpt lat="33.8770221" lon="133.4335619"><ele>859.7433333333333</ele><time>2022-11-05T04:31:14Z</time></trkpt><trkpt lat="33.8769711" lon="133.433774"><ele>850.8933333333334</ele><time>2022-11-05T04:31:30Z</time></trkpt><trkpt lat="33.8767798" lon="133.4338001"><ele>846.7400000000001</ele><time>2022-11-05T04:31:49Z</time></trkpt><trkpt lat="33.8765921" lon="133.4337738"><ele>844.4666666666667</ele><time>2022-11-05T04:32:02Z</time></trkpt><trkpt lat="33.8764116" lon="133.4338113"><ele>848.39</ele><time>2022-11-05T04:32:16Z</time></trkpt><trkpt lat="33.8763318" lon="133.4340135"><ele>847.7466666666668</ele><time>2022-11-05T04:32:31Z</time></trkpt><trkpt lat="33.8762406" lon="133.4342028"><ele>840.63</ele><time>2022-11-05T04:32:47Z</time></trkpt><trkpt lat="33.8760635" lon="133.4342618"><ele>836.4666666666667</ele><time>2022-11-05T04:33:00Z</time></trkpt><trkpt lat="33.8760273" lon="133.4344791"><ele>833.1833333333334</ele><time>2022-11-05T04:33:21Z</time></trkpt><trkpt lat="33.8760368" lon="133.4346989"><ele>832.8666666666668</ele><time>2022-11-05T04:33:40Z</time></trkpt><trkpt lat="33.8758891" lon="133.434832"><ele>827.0966666666667</ele><time>2022-11-05T04:33:58Z</time></trkpt><trkpt lat="33.8757123" lon="133.434787"><ele>826.4633333333335</ele><time>2022-11-05T04:34:09Z</time></trkpt><trkpt lat="33.8755542" lon="133.434676"><ele>830.2266666666668</ele><time>2022-11-05T04:34:22Z</time></trkpt><trkpt lat="33.8754303" lon="133.4345101"><ele>835.5766666666667</ele><time>2022-11-05T04:34:37Z</time></trkpt><trkpt lat="33.8752667" lon="133.4344053"><ele>837.81</ele><time>2022-11-05T04:34:53Z</time></trkpt><trkpt lat="33.8750884" lon="133.4344426"><ele>838.6533333333333</ele><time>2022-11-05T04:35:10Z</time></trkpt><trkpt lat="33.8749258" lon="133.4345419"><ele>835.9366666666666</ele><time>2022-11-05T04:35:25Z</time></trkpt><trkpt lat="33.8747441" lon="133.43457"><ele>831.9900000000001</ele><time>2022-11-05T04:35:39Z</time></trkpt><trkpt lat="33.8745618" lon="133.4345685"><ele>826.9066666666668</ele><time>2022-11-05T04:35:54Z</time></trkpt><trkpt lat="33.8744437" lon="133.4343882"><ele>824.9766666666668</ele><time>2022-11-05T04:36:12Z</time></trkpt><trkpt lat="33.8743628" lon="133.4341827"><ele>823.1933333333333</ele><time>2022-11-05T04:36:30Z</time></trkpt><trkpt lat="33.8742263" lon="133.4340383"><ele>819.5500000000001</ele><time>2022-11-05T04:36:42Z</time></trkpt><trkpt lat="33.8740435" lon="133.4340694"><ele>810.8966666666666</ele><time>2022-11-05T04:36:55Z</time></trkpt><trkpt lat="33.8739144" lon="133.433908"><ele>804.3966666666666</ele><time>2022-11-05T04:37:09Z</time></trkpt><trkpt lat="33.8739438" lon="133.4336816"><ele>802.7333333333332</ele><time>2022-11-05T04:37:23Z</time></trkpt><trkpt lat="33.8739006" lon="133.4334685"><ele>804.84</ele><time>2022-11-05T04:37:37Z</time></trkpt><trkpt lat="33.8737602" lon="133.4333324"><ele>803.8366666666667</ele><time>2022-11-05T04:37:54Z</time></trkpt><trkpt lat="33.8736528" lon="133.4331574"><ele>801.3366666666667</ele><time>2022-11-05T04:38:08Z</time></trkpt><trkpt lat="33.8735776" lon="133.4329428"><ele>801.2233333333334</ele><time>2022-11-05T04:38:21Z</time></trkpt><trkpt lat="33.8734624" lon="133.4327762"><ele>801.2033333333334</ele><time>2022-11-05T04:38:38Z</time></trkpt><trkpt lat="33.8733172" lon="133.4326379"><ele>800.1700000000001</ele><time>2022-11-05T04:38:55Z</time></trkpt><trkpt lat="33.8731377" lon="133.4325978"><ele>796.8333333333334</ele><time>2022-11-05T04:39:10Z</time></trkpt><trkpt lat="33.8729602" lon="133.4325452"><ele>794.5533333333333</ele><time>2022-11-05T04:39:34Z</time></trkpt><trkpt lat="33.8727777" lon="133.4325063"><ele>790.4699999999999</ele><time>2022-11-05T04:39:47Z</time></trkpt><trkpt lat="33.8727337" lon="133.4322864"><ele>791.4200000000001</ele><time>2022-11-05T04:39:58Z</time></trkpt><trkpt lat="33.8725589" lon="133.4322064"><ele>792.8566666666667</ele><time>2022-11-05T04:40:11Z</time></trkpt><trkpt lat="33.872377" lon="133.4322145"><ele>793.0033333333334</ele><time>2022-11-05T04:40:25Z</time></trkpt><trkpt lat="33.8722717" lon="133.4320327"><ele>790.2466666666666</ele><time>2022-11-05T04:40:41Z</time></trkpt><trkpt lat="33.872118" lon="133.4319141"><ele>785.8833333333333</ele><time>2022-11-05T04:40:58Z</time></trkpt><trkpt lat="33.8719232" lon="133.4318997"><ele>782.9533333333334</ele><time>2022-11-05T04:41:15Z</time></trkpt><trkpt lat="33.871784" lon="133.4317531"><ele>780.3766666666667</ele><time>2022-11-05T04:41:33Z</time></trkpt><trkpt lat="33.871669" lon="133.4315829"><ele>779.7466666666668</ele><time>2022-11-05T04:41:49Z</time></trkpt><trkpt lat="33.8715465" lon="133.4314191"><ele>779.87</ele><time>2022-11-05T04:42:05Z</time></trkpt><trkpt lat="33.8714412" lon="133.4312411"><ele>777.9333333333334</ele><time>2022-11-05T04:42:25Z</time></trkpt><trkpt lat="33.8713294" lon="133.4310701"><ele>775.0366666666667</ele><time>2022-11-05T04:42:39Z</time></trkpt><trkpt lat="33.8712039" lon="133.430876"><ele>773.6933333333333</ele><time>2022-11-05T04:42:54Z</time></trkpt><trkpt lat="33.8710441" lon="133.4307722"><ele>771.1700000000001</ele><time>2022-11-05T04:43:10Z</time></trkpt><trkpt lat="33.8709995" lon="133.430551"><ele>772.1266666666667</ele><time>2022-11-05T04:43:24Z</time></trkpt><trkpt lat="33.8708716" lon="133.430387"><ele>773.1933333333333</ele><time>2022-11-05T04:43:39Z</time></trkpt><trkpt lat="33.8706829" lon="133.4303313"><ele>774.1833333333334</ele><time>2022-11-05T04:43:54Z</time></trkpt><trkpt lat="33.8706549" lon="133.4301163"><ele>775.5566666666667</ele><time>2022-11-05T04:44:11Z</time></trkpt><trkpt lat="33.8704854" lon="133.4300361"><ele>775.6833333333334</ele><time>2022-11-05T04:44:25Z</time></trkpt><trkpt lat="33.8703309" lon="133.4299202"><ele>778.77</ele><time>2022-11-05T04:44:43Z</time></trkpt><trkpt lat="33.8701761" lon="133.4298032"><ele>784.1433333333334</ele><time>2022-11-05T04:44:57Z</time></trkpt><trkpt lat="33.8699846" lon="133.4297874"><ele>790.2133333333335</ele><time>2022-11-05T04:45:15Z</time></trkpt><trkpt lat="33.8698167" lon="133.4298729"><ele>794.6333333333333</ele><time>2022-11-05T04:45:31Z</time></trkpt><trkpt lat="33.869638" lon="133.4298207"><ele>792.9266666666667</ele><time>2022-11-05T04:45:47Z</time></trkpt><trkpt lat="33.8694655" lon="133.4298941"><ele>787.6666666666666</ele><time>2022-11-05T04:46:00Z</time></trkpt><trkpt lat="33.8693303" lon="133.430046"><ele>782.0766666666667</ele><time>2022-11-05T04:46:13Z</time></trkpt><trkpt lat="33.8692398" lon="133.4302524"><ele>776.5833333333334</ele><time>2022-11-05T04:46:30Z</time></trkpt><trkpt lat="33.869065" lon="133.4303226"><ele>772.86</ele><time>2022-11-05T04:46:49Z</time></trkpt><trkpt lat="33.868948" lon="133.4304884"><ele>768.7766666666666</ele><time>2022-11-05T04:47:03Z</time></trkpt><trkpt lat="33.8688655" lon="133.4302909"><ele>763.8866666666667</ele><time>2022-11-05T04:47:36Z</time></trkpt><trkpt lat="33.8689778" lon="133.4301192"><ele>760.3299999999999</ele><time>2022-11-05T04:47:49Z</time></trkpt><trkpt lat="33.8690563" lon="133.4299216"><ele>757.7466666666666</ele><time>2022-11-05T04:48:07Z</time></trkpt><trkpt lat="33.8692021" lon="133.4297911"><ele>757.59</ele><time>2022-11-05T04:48:24Z</time></trkpt><trkpt lat="33.8693732" lon="133.4296962"><ele>761.2800000000001</ele><time>2022-11-05T04:48:39Z</time></trkpt><trkpt lat="33.8695259" lon="133.4295578"><ele>766.6833333333334</ele><time>2022-11-05T04:48:52Z</time></trkpt><trkpt lat="33.8695645" lon="133.4293288"><ele>767.52</ele><time>2022-11-05T04:49:04Z</time></trkpt><trkpt lat="33.8695976" lon="133.4291147"><ele>763.5633333333334</ele><time>2022-11-05T04:49:17Z</time></trkpt><trkpt lat="33.8695941" lon="133.4288934"><ele>757.7433333333333</ele><time>2022-11-05T04:49:32Z</time></trkpt><trkpt lat="33.8697201" lon="133.4287143"><ele>756.1866666666666</ele><time>2022-11-05T04:49:46Z</time></trkpt><trkpt lat="33.8697859" lon="133.4284882"><ele>755.4233333333333</ele><time>2022-11-05T04:50:00Z</time></trkpt><trkpt lat="33.8698018" lon="133.4282676"><ele>752.8733333333333</ele><time>2022-11-05T04:50:19Z</time></trkpt><trkpt lat="33.8697598" lon="133.4280518"><ele>748.2766666666666</ele><time>2022-11-05T04:50:37Z</time></trkpt><trkpt lat="33.8697293" lon="133.4278326"><ele>744.81</ele><time>2022-11-05T04:50:54Z</time></trkpt><trkpt lat="33.8697351" lon="133.4276165"><ele>743.9900000000001</ele><time>2022-11-05T04:51:10Z</time></trkpt><trkpt lat="33.8697757" lon="133.4274041"><ele>745.1466666666665</ele><time>2022-11-05T04:51:29Z</time></trkpt><trkpt lat="33.8698778" lon="133.4272254"><ele>746.4699999999999</ele><time>2022-11-05T04:51:46Z</time></trkpt><trkpt lat="33.8698389" lon="133.4270118"><ele>746.5633333333334</ele><time>2022-11-05T04:52:02Z</time></trkpt><trkpt lat="33.8697253" lon="133.4268206"><ele>745.5233333333334</ele><time>2022-11-05T04:52:26Z</time></trkpt><trkpt lat="33.8695926" lon="133.4266707"><ele>742.9766666666668</ele><time>2022-11-05T04:52:41Z</time></trkpt><trkpt lat="33.8694901" lon="133.4264781"><ele>741.5266666666666</ele><time>2022-11-05T04:52:55Z</time></trkpt><trkpt lat="33.8693486" lon="133.4263354"><ele>739.33</ele><time>2022-11-05T04:53:06Z</time></trkpt><trkpt lat="33.8692499" lon="133.4261454"><ele>736.0366666666667</ele><time>2022-11-05T04:53:19Z</time></trkpt><trkpt lat="33.869194" lon="133.425935"><ele>732.5133333333333</ele><time>2022-11-05T04:53:35Z</time></trkpt><trkpt lat="33.8692008" lon="133.4257047"><ele>729.4133333333333</ele><time>2022-11-05T04:53:51Z</time></trkpt><trkpt lat="33.8691846" lon="133.4254863"><ele>727.5666666666666</ele><time>2022-11-05T04:54:06Z</time></trkpt><trkpt lat="33.8692981" lon="133.4253006"><ele>728.6700000000001</ele><time>2022-11-05T04:54:23Z</time></trkpt><trkpt lat="33.8693339" lon="133.4250834"><ele>730.0866666666667</ele><time>2022-11-05T04:54:45Z</time></trkpt><trkpt lat="33.8691655" lon="133.424987"><ele>729.3333333333334</ele><time>2022-11-05T04:54:58Z</time></trkpt><trkpt lat="33.8690422" lon="133.4251567"><ele>724.0166666666668</ele><time>2022-11-05T04:55:12Z</time></trkpt><trkpt lat="33.8690212" lon="133.4253771"><ele>719.5033333333334</ele><time>2022-11-05T04:55:30Z</time></trkpt><trkpt lat="33.8690341" lon="133.4256016"><ele>718.1033333333334</ele><time>2022-11-05T04:55:43Z</time></trkpt><trkpt lat="33.8690032" lon="133.4258177"><ele>718.5</ele><time>2022-11-05T04:55:58Z</time></trkpt><trkpt lat="33.8690307" lon="133.4260321"><ele>718.5799999999999</ele><time>2022-11-05T04:56:15Z</time></trkpt><trkpt lat="33.8690049" lon="133.426247"><ele>718.2333333333335</ele><time>2022-11-05T04:56:29Z</time></trkpt><trkpt lat="33.8689617" lon="133.4264636"><ele>716.7066666666668</ele><time>2022-11-05T04:56:44Z</time></trkpt><trkpt lat="33.8690474" lon="133.4266688"><ele>715.5733333333334</ele><time>2022-11-05T04:57:00Z</time></trkpt><trkpt lat="33.8690946" lon="133.4268812"><ele>715.1466666666666</ele><time>2022-11-05T04:57:15Z</time></trkpt><trkpt lat="33.8690838" lon="133.4271092"><ele>713.14</ele><time>2022-11-05T04:57:33Z</time></trkpt><trkpt lat="33.8690636" lon="133.4273336"><ele>708.8766666666667</ele><time>2022-11-05T04:57:46Z</time></trkpt><trkpt lat="33.8691124" lon="133.4275456"><ele>704.0500000000001</ele><time>2022-11-05T04:57:59Z</time></trkpt><trkpt lat="33.869272" lon="133.4276541"><ele>703.32</ele><time>2022-11-05T04:58:18Z</time></trkpt><trkpt lat="33.8692643" lon="133.4278728"><ele>704.61</ele><time>2022-11-05T04:58:37Z</time></trkpt><trkpt lat="33.8690786" lon="133.4279109"><ele>704.0099999999999</ele><time>2022-11-05T04:58:48Z</time></trkpt><trkpt lat="33.8689162" lon="133.4278012"><ele>699.8366666666667</ele><time>2022-11-05T04:59:01Z</time></trkpt><trkpt lat="33.8687889" lon="133.4276137"><ele>695.2700000000001</ele><time>2022-11-05T04:59:15Z</time></trkpt><trkpt lat="33.8687682" lon="133.4273758"><ele>692.6233333333333</ele><time>2022-11-05T04:59:30Z</time></trkpt><trkpt lat="33.8686777" lon="133.427186"><ele>691.6800000000002</ele><time>2022-11-05T04:59:47Z</time></trkpt><trkpt lat="33.8685618" lon="133.4270071"><ele>689.9433333333333</ele><time>2022-11-05T05:00:04Z</time></trkpt><trkpt lat="33.8683836" lon="133.4269452"><ele>687.4266666666666</ele><time>2022-11-05T05:00:19Z</time></trkpt><trkpt lat="33.8682895" lon="133.426756"><ele>685.1633333333333</ele><time>2022-11-05T05:00:33Z</time></trkpt><trkpt lat="33.8682913" lon="133.4265294"><ele>684.4900000000001</ele><time>2022-11-05T05:00:50Z</time></trkpt><trkpt lat="33.8683738" lon="133.4263273"><ele>685.5433333333334</ele><time>2022-11-05T05:01:08Z</time></trkpt><trkpt lat="33.8684183" lon="133.4261"><ele>686.77</ele><time>2022-11-05T05:01:20Z</time></trkpt><trkpt lat="33.8684394" lon="133.4258759"><ele>687.9733333333334</ele><time>2022-11-05T05:01:35Z</time></trkpt><trkpt lat="33.8683578" lon="133.4256756"><ele>687.0166666666668</ele><time>2022-11-05T05:01:55Z</time></trkpt><trkpt lat="33.8682501" lon="133.4254968"><ele>683.9233333333333</ele><time>2022-11-05T05:02:18Z</time></trkpt><trkpt lat="33.8681937" lon="133.4252843"><ele>678.4866666666667</ele><time>2022-11-05T05:02:30Z</time></trkpt><trkpt lat="33.8681638" lon="133.4250587"><ele>674.3066666666666</ele><time>2022-11-05T05:02:42Z</time></trkpt><trkpt lat="33.8682435" lon="133.4248519"><ele>672.8066666666667</ele><time>2022-11-05T05:02:56Z</time></trkpt><trkpt lat="33.868336" lon="133.4246604"><ele>670.9900000000001</ele><time>2022-11-05T05:03:12Z</time></trkpt><trkpt lat="33.8684345" lon="133.4244784"><ele>669.5133333333333</ele><time>2022-11-05T05:03:29Z</time></trkpt><trkpt lat="33.8685708" lon="133.4243329"><ele>668.7666666666668</ele><time>2022-11-05T05:03:42Z</time></trkpt><trkpt lat="33.8686224" lon="133.4241254"><ele>667.8533333333334</ele><time>2022-11-05T05:03:55Z</time></trkpt><trkpt lat="33.8685277" lon="133.4239359"><ele>664.1566666666666</ele><time>2022-11-05T05:04:31Z</time></trkpt><trkpt lat="33.8684576" lon="133.4237193"><ele>657.5933333333334</ele><time>2022-11-05T05:04:42Z</time></trkpt><trkpt lat="33.8684237" lon="133.4235007"><ele>653.5566666666667</ele><time>2022-11-05T05:05:04Z</time></trkpt><trkpt lat="33.8684212" lon="133.4232807"><ele>651.1566666666666</ele><time>2022-11-05T05:05:22Z</time></trkpt><trkpt lat="33.8685426" lon="133.4231202"><ele>651.24</ele><time>2022-11-05T05:05:40Z</time></trkpt><trkpt lat="33.8686942" lon="133.4229776"><ele>648.9499999999999</ele><time>2022-11-05T05:05:55Z</time></trkpt><trkpt lat="33.8688185" lon="133.4228174"><ele>644.3266666666667</ele><time>2022-11-05T05:06:14Z</time></trkpt><trkpt lat="33.8690015" lon="133.4228318"><ele>639.5533333333333</ele><time>2022-11-05T05:06:31Z</time></trkpt><trkpt lat="33.8691852" lon="133.4228011"><ele>637.9566666666666</ele><time>2022-11-05T05:06:45Z</time></trkpt><trkpt lat="33.8691381" lon="133.4225882"><ele>640.0533333333333</ele><time>2022-11-05T05:07:20Z</time></trkpt><trkpt lat="33.8689659" lon="133.4225162"><ele>639.3966666666666</ele><time>2022-11-05T05:07:32Z</time></trkpt><trkpt lat="33.8687895" lon="133.4224459"><ele>636.5100000000001</ele><time>2022-11-05T05:07:47Z</time></trkpt><trkpt lat="33.8686507" lon="133.4223003"><ele>633.6700000000001</ele><time>2022-11-05T05:08:22Z</time></trkpt><trkpt lat="33.868487" lon="133.4221998"><ele>630.9533333333334</ele><time>2022-11-05T05:08:35Z</time></trkpt><trkpt lat="33.8683077" lon="133.4221572"><ele>629.75</ele><time>2022-11-05T05:08:52Z</time></trkpt><trkpt lat="33.8681307" lon="133.42209"><ele>626.7833333333333</ele><time>2022-11-05T05:09:07Z</time></trkpt><trkpt lat="33.8679893" lon="133.4219389"><ele>626.9433333333333</ele><time>2022-11-05T05:09:19Z</time></trkpt><trkpt lat="33.8678796" lon="133.4217606"><ele>627.6933333333333</ele><time>2022-11-05T05:09:35Z</time></trkpt><trkpt lat="33.8678007" lon="133.4215661"><ele>631.0566666666667</ele><time>2022-11-05T05:09:48Z</time></trkpt><trkpt lat="33.8676552" lon="133.4214266"><ele>631.8333333333334</ele><time>2022-11-05T05:10:07Z</time></trkpt><trkpt lat="33.8675004" lon="133.4213152"><ele>631.1533333333333</ele><time>2022-11-05T05:10:19Z</time></trkpt><trkpt lat="33.8674053" lon="133.4211254"><ele>628.76</ele><time>2022-11-05T05:10:36Z</time></trkpt><trkpt lat="33.8672246" lon="133.4211208"><ele>626.98</ele><time>2022-11-05T05:10:44Z</time></trkpt><trkpt lat="33.867098" lon="133.4212857"><ele>624.3766666666667</ele><time>2022-11-05T05:11:08Z</time></trkpt><trkpt lat="33.8671285" lon="133.4215028"><ele>621.05</ele><time>2022-11-05T05:11:20Z</time></trkpt><trkpt lat="33.8670527" lon="133.4217115"><ele>617.8466666666667</ele><time>2022-11-05T05:11:32Z</time></trkpt><trkpt lat="33.8669575" lon="133.4219029"><ele>615.65</ele><time>2022-11-05T05:11:44Z</time></trkpt><trkpt lat="33.8668942" lon="133.4221096"><ele>614.1766666666667</ele><time>2022-11-05T05:11:55Z</time></trkpt><trkpt lat="33.866785" lon="133.4222953"><ele>613.2333333333335</ele><time>2022-11-05T05:12:07Z</time></trkpt><trkpt lat="33.8666605" lon="133.4224688"><ele>613.6133333333333</ele><time>2022-11-05T05:12:43Z</time></trkpt><trkpt lat="33.8665425" lon="133.422642"><ele>614.4866666666667</ele><time>2022-11-05T05:12:52Z</time></trkpt><trkpt lat="33.8663749" lon="133.4227491"><ele>615.3466666666667</ele><time>2022-11-05T05:13:06Z</time></trkpt><trkpt lat="33.8662594" lon="133.422923"><ele>613.9466666666666</ele><time>2022-11-05T05:13:40Z</time></trkpt><trkpt lat="33.8660778" lon="133.4229015"><ele>611.43</ele><time>2022-11-05T05:13:53Z</time></trkpt><trkpt lat="33.8659347" lon="133.4227659"><ele>609.16</ele><time>2022-11-05T05:14:06Z</time></trkpt><trkpt lat="33.8657775" lon="133.4226594"><ele>607.68</ele><time>2022-11-05T05:14:20Z</time></trkpt><trkpt lat="33.8656248" lon="133.4225261"><ele>604.96</ele><time>2022-11-05T05:14:37Z</time></trkpt><trkpt lat="33.865532" lon="133.4223321"><ele>601.02</ele><time>2022-11-05T05:14:55Z</time></trkpt><trkpt lat="33.8655528" lon="133.4221092"><ele>597.7933333333334</ele><time>2022-11-05T05:15:11Z</time></trkpt><trkpt lat="33.8654486" lon="133.4219078"><ele>595.8133333333334</ele><time>2022-11-05T05:15:27Z</time></trkpt><trkpt lat="33.8652698" lon="133.4218661"><ele>592.7066666666667</ele><time>2022-11-05T05:15:42Z</time></trkpt><trkpt lat="33.8651689" lon="133.4220464"><ele>588.0766666666667</ele><time>2022-11-05T05:15:59Z</time></trkpt><trkpt lat="33.8652265" lon="133.4222546"><ele>585.48</ele><time>2022-11-05T05:16:16Z</time></trkpt><trkpt lat="33.865115" lon="133.4224275"><ele>581.9833333333333</ele><time>2022-11-05T05:16:33Z</time></trkpt><trkpt lat="33.8649973" lon="133.4222629"><ele>577.7833333333333</ele><time>2022-11-05T05:16:48Z</time></trkpt><trkpt lat="33.8650196" lon="133.4220403"><ele>574.6899999999999</ele><time>2022-11-05T05:17:00Z</time></trkpt><trkpt lat="33.8649549" lon="133.4218376"><ele>574.16</ele><time>2022-11-05T05:17:14Z</time></trkpt><trkpt lat="33.8648808" lon="133.4216127"><ele>575.14</ele><time>2022-11-05T05:17:27Z</time></trkpt><trkpt lat="33.8648349" lon="133.4214004"><ele>572.8566666666667</ele><time>2022-11-05T05:17:45Z</time></trkpt><trkpt lat="33.8648569" lon="133.4211814"><ele>571.87</ele><time>2022-11-05T05:17:59Z</time></trkpt><trkpt lat="33.8648744" lon="133.4209575"><ele>570.8933333333333</ele><time>2022-11-05T05:18:17Z</time></trkpt><trkpt lat="33.8647805" lon="133.4207729"><ele>565.23</ele><time>2022-11-05T05:18:29Z</time></trkpt><trkpt lat="33.8648911" lon="133.4206014"><ele>560.64</ele><time>2022-11-05T05:18:43Z</time></trkpt><trkpt lat="33.8650746" lon="133.4205746"><ele>561.3000000000001</ele><time>2022-11-05T05:18:50Z</time></trkpt><trkpt lat="33.8652434" lon="133.420476"><ele>568.98</ele><time>2022-11-05T05:19:05Z</time></trkpt><trkpt lat="33.8652995" lon="133.4202703"><ele>574.1366666666667</ele><time>2022-11-05T05:19:19Z</time></trkpt><trkpt lat="33.8654133" lon="133.4201017"><ele>572.9233333333333</ele><time>2022-11-05T05:19:34Z</time></trkpt><trkpt lat="33.86542" lon="133.4198727"><ele>569.4666666666666</ele><time>2022-11-05T05:19:47Z</time></trkpt><trkpt lat="33.8654188" lon="133.4196513"><ele>566.04</ele><time>2022-11-05T05:19:59Z</time></trkpt><trkpt lat="33.8654898" lon="133.41945"><ele>563.8966666666666</ele><time>2022-11-05T05:20:21Z</time></trkpt><trkpt lat="33.8655444" lon="133.419244"><ele>560.48</ele><time>2022-11-05T05:20:35Z</time></trkpt><trkpt lat="33.8655478" lon="133.4190274"><ele>556.6333333333333</ele><time>2022-11-05T05:20:46Z</time></trkpt><trkpt lat="33.8656923" lon="133.4188866"><ele>553.9699999999999</ele><time>2022-11-05T05:21:15Z</time></trkpt><trkpt lat="33.8657065" lon="133.418659"><ele>552.9333333333334</ele><time>2022-11-05T05:21:30Z</time></trkpt><trkpt lat="33.8655576" lon="133.4185118"><ele>551.1033333333334</ele><time>2022-11-05T05:22:17Z</time></trkpt><trkpt lat="33.8653829" lon="133.4184486"><ele>546.47</ele><time>2022-11-05T05:22:32Z</time></trkpt><trkpt lat="33.8653024" lon="133.4182543"><ele>542.4833333333335</ele><time>2022-11-05T05:22:44Z</time></trkpt><trkpt lat="33.8651169" lon="133.4182624"><ele>540.2533333333334</ele><time>2022-11-05T05:22:55Z</time></trkpt><trkpt lat="33.8649543" lon="133.418378"><ele>539.6466666666666</ele><time>2022-11-05T05:23:11Z</time></trkpt><trkpt lat="33.8648817" lon="133.41858"><ele>537.6866666666666</ele><time>2022-11-05T05:23:29Z</time></trkpt><trkpt lat="33.8647025" lon="133.4186093"><ele>535.1</ele><time>2022-11-05T05:23:44Z</time></trkpt><trkpt lat="33.8645833" lon="133.4184364"><ele>533.7733333333334</ele><time>2022-11-05T05:23:53Z</time></trkpt><trkpt lat="33.864416" lon="133.418336"><ele>533.6233333333333</ele><time>2022-11-05T05:24:09Z</time></trkpt><trkpt lat="33.8642307" lon="133.4183727"><ele>534.1733333333333</ele><time>2022-11-05T05:24:35Z</time></trkpt><trkpt lat="33.8640527" lon="133.4184132"><ele>533.4166666666666</ele><time>2022-11-05T05:24:47Z</time></trkpt><trkpt lat="33.8638729" lon="133.418366"><ele>533.1366666666667</ele><time>2022-11-05T05:25:02Z</time></trkpt><trkpt lat="33.8636885" lon="133.4183688"><ele>532.8299999999999</ele><time>2022-11-05T05:25:16Z</time></trkpt><trkpt lat="33.8635385" lon="133.4182423"><ele>533.0366666666666</ele><time>2022-11-05T05:25:31Z</time></trkpt><trkpt lat="33.8633918" lon="133.4181092"><ele>533.1233333333333</ele><time>2022-11-05T05:25:45Z</time></trkpt><trkpt lat="33.8633078" lon="133.4179122"><ele>533.6066666666667</ele><time>2022-11-05T05:25:53Z</time></trkpt><trkpt lat="33.8632986" lon="133.4176801"><ele>534.7833333333333</ele><time>2022-11-05T05:26:06Z</time></trkpt><trkpt lat="33.8632318" lon="133.4174781"><ele>535.8433333333334</ele><time>2022-11-05T05:26:20Z</time></trkpt><trkpt lat="33.8631673" lon="133.4172645"><ele>537.23</ele><time>2022-11-05T05:26:30Z</time></trkpt><trkpt lat="33.8631588" lon="133.417047"><ele>537.7533333333334</ele><time>2022-11-05T05:26:42Z</time></trkpt><trkpt lat="33.8632031" lon="133.4168281"><ele>537.8266666666667</ele><time>2022-11-05T05:26:57Z</time></trkpt><trkpt lat="33.8633402" lon="133.4166664"><ele>537.65</ele><time>2022-11-05T05:27:08Z</time></trkpt><trkpt lat="33.863486" lon="133.416538"><ele>538.0033333333334</ele><time>2022-11-05T05:27:24Z</time></trkpt><trkpt lat="33.8636207" lon="133.416393"><ele>538.9</ele><time>2022-11-05T05:27:38Z</time></trkpt><trkpt lat="33.8637513" lon="133.4162415"><ele>539.6</ele><time>2022-11-05T05:27:54Z</time></trkpt><trkpt lat="33.8638884" lon="133.4160777"><ele>539.9833333333333</ele><time>2022-11-05T05:28:09Z</time></trkpt><trkpt lat="33.8640412" lon="133.4159613"><ele>540.67</ele><time>2022-11-05T05:28:24Z</time></trkpt><trkpt lat="33.8641388" lon="133.4157585"><ele>540.9499999999999</ele><time>2022-11-05T05:32:12Z</time></trkpt><trkpt lat="33.864219" lon="133.4155472"><ele>541.2200000000001</ele><time>2022-11-05T05:32:25Z</time></trkpt><trkpt lat="33.8643218" lon="133.4153533"><ele>541.69</ele><time>2022-11-05T05:32:39Z</time></trkpt><trkpt lat="33.8644326" lon="133.415161"><ele>543.4733333333334</ele><time>2022-11-05T05:33:48Z</time></trkpt><trkpt lat="33.8644419" lon="133.414937"><ele>544.9533333333333</ele><time>2022-11-05T05:34:06Z</time></trkpt><trkpt lat="33.8645566" lon="133.4147581"><ele>546.2533333333333</ele><time>2022-11-05T05:34:24Z</time></trkpt><trkpt lat="33.8646194" lon="133.4145507"><ele>546.9766666666666</ele><time>2022-11-05T05:34:39Z</time></trkpt><trkpt lat="33.8645973" lon="133.414332"><ele>547.72</ele><time>2022-11-05T05:34:54Z</time></trkpt><trkpt lat="33.8644992" lon="133.4141346"><ele>547.7466666666668</ele><time>2022-11-05T05:35:10Z</time></trkpt><trkpt lat="33.8643561" lon="133.4139894"><ele>547.1733333333333</ele><time>2022-11-05T05:35:26Z</time></trkpt><trkpt lat="33.8642171" lon="133.4138408"><ele>547.0466666666666</ele><time>2022-11-05T05:35:40Z</time></trkpt><trkpt lat="33.8640942" lon="133.4136751"><ele>548.1</ele><time>2022-11-05T05:36:01Z</time></trkpt><trkpt lat="33.8639127" lon="133.4136107"><ele>548.4466666666667</ele><time>2022-11-05T05:36:19Z</time></trkpt><trkpt lat="33.8638042" lon="133.4134304"><ele>548.8966666666666</ele><time>2022-11-05T05:36:36Z</time></trkpt><trkpt lat="33.8637335" lon="133.4132138"><ele>549.35</ele><time>2022-11-05T05:36:56Z</time></trkpt><trkpt lat="33.8636504" lon="133.4130106"><ele>551.0733333333334</ele><time>2022-11-05T05:37:15Z</time></trkpt><trkpt lat="33.8635093" lon="133.4128657"><ele>554.4066666666666</ele><time>2022-11-05T05:37:28Z</time></trkpt><trkpt lat="33.8633567" lon="133.4127123"><ele>555.4633333333334</ele><time>2022-11-05T05:37:41Z</time></trkpt><trkpt lat="33.8632143" lon="133.4125469"><ele>556.06</ele><time>2022-11-05T05:37:54Z</time></trkpt><trkpt lat="33.8631271" lon="133.4123491"><ele>555.86</ele><time>2022-11-05T05:38:06Z</time></trkpt><trkpt lat="33.8632693" lon="133.4122016"><ele>559.0466666666666</ele><time>2022-11-05T05:38:14Z</time></trkpt><trkpt lat="33.8633311" lon="133.4119963"><ele>563.5466666666666</ele><time>2022-11-05T05:38:28Z</time></trkpt><trkpt lat="33.8631855" lon="133.4118551"><ele>567.9166666666666</ele><time>2022-11-05T05:38:37Z</time></trkpt><trkpt lat="33.8630726" lon="133.4116752"><ele>569.8133333333333</ele><time>2022-11-05T05:38:54Z</time></trkpt><trkpt lat="33.8631232" lon="133.4114576"><ele>571.1033333333334</ele><time>2022-11-05T05:39:07Z</time></trkpt><trkpt lat="33.8630417" lon="133.411259"><ele>571.7966666666666</ele><time>2022-11-05T05:39:22Z</time></trkpt><trkpt lat="33.8629036" lon="133.4111194"><ele>572.6533333333333</ele><time>2022-11-05T05:39:34Z</time></trkpt><trkpt lat="33.8628197" lon="133.4109213"><ele>573.3266666666667</ele><time>2022-11-05T05:39:55Z</time></trkpt><trkpt lat="33.8626854" lon="133.4107526"><ele>573.12</ele><time>2022-11-05T05:40:09Z</time></trkpt><trkpt lat="33.8626102" lon="133.4105557"><ele>573.24</ele><time>2022-11-05T05:40:19Z</time></trkpt><trkpt lat="33.8624365" lon="133.4104692"><ele>572.1333333333333</ele><time>2022-11-05T05:40:31Z</time></trkpt><trkpt lat="33.8622894" lon="133.4103278"><ele>569.3033333333334</ele><time>2022-11-05T05:40:41Z</time></trkpt><trkpt lat="33.8621618" lon="133.4101674"><ele>567.3666666666667</ele><time>2022-11-05T05:40:55Z</time></trkpt><trkpt lat="33.8622338" lon="133.4099644"><ele>565.5933333333334</ele><time>2022-11-05T05:41:10Z</time></trkpt><trkpt lat="33.8623841" lon="133.4098345"><ele>568.6533333333333</ele><time>2022-11-05T05:41:20Z</time></trkpt><trkpt lat="33.8622526" lon="133.4096829"><ele>569.8000000000001</ele><time>2022-11-05T05:41:58Z</time></trkpt><trkpt lat="33.8621195" lon="133.4095268"><ele>573.33</ele><time>2022-11-05T05:42:13Z</time></trkpt><trkpt lat="33.8619524" lon="133.4094228"><ele>575.59</ele><time>2022-11-05T05:43:14Z</time></trkpt><trkpt lat="33.8617679" lon="133.4094455"><ele>578.4266666666667</ele><time>2022-11-05T05:43:25Z</time></trkpt><trkpt lat="33.8615823" lon="133.409438"><ele>579.0633333333334</ele><time>2022-11-05T05:43:38Z</time></trkpt><trkpt lat="33.8614023" lon="133.4094588"><ele>577.2133333333333</ele><time>2022-11-05T05:43:52Z</time></trkpt><trkpt lat="33.8612323" lon="133.4093704"><ele>576.4399999999999</ele><time>2022-11-05T05:44:04Z</time></trkpt><trkpt lat="33.8610834" lon="133.409242"><ele>576.6566666666668</ele><time>2022-11-05T05:44:20Z</time></trkpt><trkpt lat="33.8609064" lon="133.4091386"><ele>576.0766666666667</ele><time>2022-11-05T05:44:33Z</time></trkpt><trkpt lat="33.860943" lon="133.4089176"><ele>580.52</ele><time>2022-11-05T05:44:52Z</time></trkpt><trkpt lat="33.8609559" lon="133.4086861"><ele>586.3166666666667</ele><time>2022-11-05T05:45:17Z</time></trkpt><trkpt lat="33.8608742" lon="133.4084925"><ele>594.6</ele><time>2022-11-05T05:45:32Z</time></trkpt><trkpt lat="33.8608456" lon="133.4082724"><ele>597.11</ele><time>2022-11-05T05:45:43Z</time></trkpt><trkpt lat="33.8608225" lon="133.4080533"><ele>599.9633333333333</ele><time>2022-11-05T05:45:56Z</time></trkpt><trkpt lat="33.8607623" lon="133.4078478"><ele>602.2666666666665</ele><time>2022-11-05T05:47:23Z</time></trkpt><trkpt lat="33.8606325" lon="133.4076892"><ele>603.3933333333333</ele><time>2022-11-05T05:47:59Z</time></trkpt><trkpt lat="33.8604793" lon="133.4075511"><ele>601.4833333333332</ele><time>2022-11-05T05:48:10Z</time></trkpt><trkpt lat="33.8603052" lon="133.4074754"><ele>601.0866666666667</ele><time>2022-11-05T05:48:22Z</time></trkpt><trkpt lat="33.8601388" lon="133.4073919"><ele>601.4633333333333</ele><time>2022-11-05T05:48:36Z</time></trkpt><trkpt lat="33.8600007" lon="133.4072454"><ele>601.3366666666666</ele><time>2022-11-05T05:48:51Z</time></trkpt><trkpt lat="33.8598808" lon="133.4070603"><ele>601.0300000000001</ele><time>2022-11-05T05:49:05Z</time></trkpt><trkpt lat="33.8598255" lon="133.4068496"><ele>601.34</ele><time>2022-11-05T05:49:27Z</time></trkpt><trkpt lat="33.8597139" lon="133.4066758"><ele>602.35</ele><time>2022-11-05T05:49:43Z</time></trkpt><trkpt lat="33.8596237" lon="133.4064795"><ele>601.5266666666666</ele><time>2022-11-05T05:49:57Z</time></trkpt><trkpt lat="33.8596439" lon="133.4062562"><ele>604.1266666666667</ele><time>2022-11-05T05:50:09Z</time></trkpt><trkpt lat="33.859697" lon="133.4060488"><ele>609.07</ele><time>2022-11-05T05:50:20Z</time></trkpt><trkpt lat="33.8596547" lon="133.4058367"><ele>614.7800000000001</ele><time>2022-11-05T05:50:31Z</time></trkpt><trkpt lat="33.8595892" lon="133.4056248"><ele>615.5633333333334</ele><time>2022-11-05T05:50:41Z</time></trkpt><trkpt lat="33.8596208" lon="133.4054019"><ele>615.73</ele><time>2022-11-05T05:50:53Z</time></trkpt><trkpt lat="33.8597673" lon="133.4052667"><ele>619.69</ele><time>2022-11-05T05:51:06Z</time></trkpt><trkpt lat="33.85977" lon="133.4050471"><ele>623.4833333333335</ele><time>2022-11-05T05:51:18Z</time></trkpt><trkpt lat="33.8598339" lon="133.4048368"><ele>625.9866666666667</ele><time>2022-11-05T05:51:30Z</time></trkpt><trkpt lat="33.859919" lon="133.404629"><ele>622.4966666666666</ele><time>2022-11-05T05:51:45Z</time></trkpt><trkpt lat="33.8600633" lon="133.4044852"><ele>621.8566666666667</ele><time>2022-11-05T05:51:56Z</time></trkpt><trkpt lat="33.8602267" lon="133.4043526"><ele>622.5966666666667</ele><time>2022-11-05T05:52:09Z</time></trkpt><trkpt lat="33.8602723" lon="133.4041411"><ele>623.9166666666666</ele><time>2022-11-05T05:52:23Z</time></trkpt><trkpt lat="33.8602806" lon="133.403923"><ele>622.66</ele><time>2022-11-05T05:52:37Z</time></trkpt><trkpt lat="33.8604217" lon="133.4037772"><ele>621.4499999999999</ele><time>2022-11-05T05:52:51Z</time></trkpt><trkpt lat="33.8605184" lon="133.4035867"><ele>622.77</ele><time>2022-11-05T05:53:10Z</time></trkpt><trkpt lat="33.8605391" lon="133.4033672"><ele>623.6933333333333</ele><time>2022-11-05T05:53:23Z</time></trkpt><trkpt lat="33.8605764" lon="133.4031284"><ele>622.7333333333333</ele><time>2022-11-05T05:53:38Z</time></trkpt><trkpt lat="33.8605062" lon="133.4029227"><ele>618.91</ele><time>2022-11-05T05:53:53Z</time></trkpt><trkpt lat="33.8603372" lon="133.4028379"><ele>616.4133333333333</ele><time>2022-11-05T05:54:09Z</time></trkpt><trkpt lat="33.8601726" lon="133.4027495"><ele>614.6133333333333</ele><time>2022-11-05T05:54:24Z</time></trkpt><trkpt lat="33.8599921" lon="133.4026764"><ele>613.5933333333334</ele><time>2022-11-05T05:54:41Z</time></trkpt><trkpt lat="33.8598038" lon="133.4026774"><ele>611.5766666666667</ele><time>2022-11-05T05:54:54Z</time></trkpt><trkpt lat="33.8596321" lon="133.4025757"><ele>609.2333333333332</ele><time>2022-11-05T05:55:08Z</time></trkpt><trkpt lat="33.859496" lon="133.4024035"><ele>610.1966666666667</ele><time>2022-11-05T05:55:27Z</time></trkpt><trkpt lat="33.8594524" lon="133.4021932"><ele>614.24</ele><time>2022-11-05T05:55:37Z</time></trkpt><trkpt lat="33.8594736" lon="133.4019576"><ele>619.86</ele><time>2022-11-05T05:55:46Z</time></trkpt><trkpt lat="33.8594371" lon="133.4017425"><ele>625.3866666666667</ele><time>2022-11-05T05:55:59Z</time></trkpt><trkpt lat="33.8595082" lon="133.4015287"><ele>630.86</ele><time>2022-11-05T05:56:15Z</time></trkpt><trkpt lat="33.8595061" lon="133.4013108"><ele>635.1</ele><time>2022-11-05T05:56:29Z</time></trkpt><trkpt lat="33.8594722" lon="133.4010808"><ele>636.9900000000001</ele><time>2022-11-05T05:56:46Z</time></trkpt><trkpt lat="33.8593925" lon="133.4008868"><ele>636.1</ele><time>2022-11-05T05:56:56Z</time></trkpt><trkpt lat="33.8594045" lon="133.4006606"><ele>637.31</ele><time>2022-11-05T05:57:11Z</time></trkpt><trkpt lat="33.8592778" lon="133.4004906"><ele>637.9499999999999</ele><time>2022-11-05T05:57:29Z</time></trkpt><trkpt lat="33.8591348" lon="133.4003521"><ele>637.36</ele><time>2022-11-05T05:57:43Z</time></trkpt><trkpt lat="33.8590951" lon="133.4001386"><ele>638.3633333333333</ele><time>2022-11-05T05:58:00Z</time></trkpt><trkpt lat="33.8590095" lon="133.3999471"><ele>640.38</ele><time>2022-11-05T05:58:18Z</time></trkpt><trkpt lat="33.8588214" lon="133.3999122"><ele>644.2566666666667</ele><time>2022-11-05T05:58:30Z</time></trkpt><trkpt lat="33.8586477" lon="133.3998257"><ele>643.2166666666667</ele><time>2022-11-05T05:58:46Z</time></trkpt><trkpt lat="33.858454" lon="133.3997655"><ele>640.4666666666667</ele><time>2022-11-05T05:59:02Z</time></trkpt><trkpt lat="33.8582672" lon="133.3996958"><ele>632.5933333333334</ele><time>2022-11-05T05:59:17Z</time></trkpt><trkpt lat="33.8580851" lon="133.399702"><ele>624.5066666666667</ele><time>2022-11-05T05:59:31Z</time></trkpt><trkpt lat="33.8579491" lon="133.3995444"><ele>619.8133333333334</ele><time>2022-11-05T05:59:46Z</time></trkpt><trkpt lat="33.8578627" lon="133.3993411"><ele>625.6366666666667</ele><time>2022-11-05T05:59:59Z</time></trkpt><trkpt lat="33.8576951" lon="133.3992503"><ele>632.7566666666667</ele><time>2022-11-05T06:00:15Z</time></trkpt><trkpt lat="33.8576129" lon="133.3990546"><ele>639.0233333333334</ele><time>2022-11-05T06:00:32Z</time></trkpt><trkpt lat="33.8576124" lon="133.3988228"><ele>641.0833333333334</ele><time>2022-11-05T06:00:43Z</time></trkpt><trkpt lat="33.8575064" lon="133.3986401"><ele>641.5766666666667</ele><time>2022-11-05T06:01:05Z</time></trkpt><trkpt lat="33.8573863" lon="133.3984741"><ele>637.5933333333332</ele><time>2022-11-05T06:01:18Z</time></trkpt><trkpt lat="33.8572998" lon="133.3982737"><ele>634.2933333333334</ele><time>2022-11-05T06:01:34Z</time></trkpt><trkpt lat="33.8571834" lon="133.3981037"><ele>635.1866666666666</ele><time>2022-11-05T06:01:52Z</time></trkpt><trkpt lat="33.8569815" lon="133.3981105"><ele>638.72</ele><time>2022-11-05T06:02:07Z</time></trkpt><trkpt lat="33.856804" lon="133.3980642"><ele>641.1666666666666</ele><time>2022-11-05T06:02:23Z</time></trkpt><trkpt lat="33.8566214" lon="133.3980124"><ele>643.5166666666667</ele><time>2022-11-05T06:02:39Z</time></trkpt><trkpt lat="33.8566387" lon="133.397789"><ele>644.09</ele><time>2022-11-05T06:03:13Z</time></trkpt><trkpt lat="33.8566319" lon="133.3975643"><ele>644.1533333333333</ele><time>2022-11-05T06:03:26Z</time></trkpt><trkpt lat="33.8565862" lon="133.3973528"><ele>641.4633333333335</ele><time>2022-11-05T06:03:37Z</time></trkpt><trkpt lat="33.8565837" lon="133.39713"><ele>641.6266666666667</ele><time>2022-11-05T06:03:50Z</time></trkpt><trkpt lat="33.8566453" lon="133.3969034"><ele>643.6733333333333</ele><time>2022-11-05T06:04:03Z</time></trkpt><trkpt lat="33.8566945" lon="133.3966897"><ele>649.21</ele><time>2022-11-05T06:04:17Z</time></trkpt></trkseg></trk></gpx>