<?xml version='1.0' encoding='UTF-8'?><gpx creator="Yama Museum Peak Annotator" xsi:schemaLocation="http://www.topografix.com/GPX/1/1 http://www.topografix.com/GPX/1/1/gpx.xsd" version="1.1" xmlns="http://www.topografix.com/GPX/1/1" xmlns:xsi="http://www.w3.org/2001/XMLSchema-instance"><metadata><bounds maxlat="33.7392877" maxlon="132.766282" minlat="33.6995003" minlon="132.7305975"/></metadata>  <wpt lat="33.7351844" lon="132.7317786">
    <ele>456.90483803547824</ele>
    <name>谷上山</name>
    <desc>Peak detected at 457m (prominence: 134m)</desc>
    <sym>Summit</sym>
  </wpt>
  <wpt lat="33.7339357" lon="132.7416297">
    <ele>383.6048516063258</ele>
    <name>Peak (384m)</name>
    <desc>Peak detected at 384m (prominence: 39m)</desc>
    <sym>Summit</sym>
  </wpt>
  <wpt lat="33.7235493" lon="132.7563447">
    <ele>485.20803085647475</ele>
    <name>白滝山</name>
    <desc>Peak detected at 485m (prominence: 37m)</desc>
    <sym>Summit</sym>
  </wpt>
  <wpt lat="33.7190577" lon="132.7591133">
    <ele>510.2597700981308</ele>
    <name>Peak (510m)</name>
    <desc>Peak detected at 510m (prominence: 92m)</desc>
    <sym>Summit</sym>
  </wpt>
  <wpt lat="33.7052794" lon="132.7652806">
    <ele>888.5027304594954</ele>
    <name>障子山</name>
    <desc>Peak detected at 889m (prominence: 576m)</desc>
    <sym>Summit</sym>
  </wpt>
<trk><name>谷上山・権現山・白滝山・障子山</name><number>1</number><trkseg><trkpt lat="33.739266" lon="132.7331337"><ele>312.3807675670908</ele><time>2022-02-05T23:26:09Z</time></trkpt><trkpt lat="33.7391075" lon="132.7332509"><ele>313.7236535963277</ele><time>2022-02-05T23:27:09Z</time></trkpt><trkpt lat="33.7389339" lon="132.7331793"><ele>315.8439331098648</ele><time>2022-02-05T23:27:31Z</time></trkpt><trkpt lat="33.7388849" lon="132.7329675"><ele>323.7389949386233</ele><time>2022-02-05T23:27:52Z</time></trkpt><trkpt lat="33.7388575" lon="132.7327483"><ele>331.67151246586405</ele><time>2022-02-05T23:28:09Z</time></trkpt><trkpt lat="33.7389279" lon="132.7325414"><ele>338.37678644316134</ele><time>2022-02-05T23:28:34Z</time></trkpt><trkpt lat="33.7389" lon="132.7323262"><ele>341.41324675340474</ele><time>2022-02-05T23:28:53Z</time></trkpt><trkpt lat="33.7387731" lon="132.7321708"><ele>345.9074976032019</ele><time>2022-02-05T23:29:43Z</time></trkpt><trkpt lat="33.7385821" lon="132.7321412"><ele>351.4188788186134</ele><time>2022-02-05T23:29:57Z</time></trkpt><trkpt lat="33.738464" lon="132.7319741"><ele>355.66574421670066</ele><time>2022-02-05T23:30:09Z</time></trkpt><trkpt lat="33.7382937" lon="132.7318911"><ele>357.265335252149</ele><time>2022-02-05T23:30:23Z</time></trkpt><trkpt lat="33.738106" lon="132.731867"><ele>359.03892896922724</ele><time>2022-02-05T23:30:36Z</time></trkpt><trkpt lat="33.7379209" lon="132.7318592"><ele>362.32335796592037</ele><time>2022-02-05T23:30:53Z</time></trkpt><trkpt lat="33.7377975" lon="132.7317007"><ele>367.55539514341643</ele><time>2022-02-05T23:31:18Z</time></trkpt><trkpt lat="33.7376268" lon="132.731617"><ele>372.299972085201</ele><time>2022-02-05T23:31:36Z</time></trkpt><trkpt lat="33.7374697" lon="132.7315079"><ele>375.9408449122448</ele><time>2022-02-05T23:31:51Z</time></trkpt><trkpt lat="33.7372915" lon="132.7314539"><ele>378.9834770163114</ele><time>2022-02-05T23:32:09Z</time></trkpt><trkpt lat="33.7371502" lon="132.7313119"><ele>381.17147891788517</ele><time>2022-02-05T23:32:39Z</time></trkpt><trkpt lat="33.7370707" lon="132.7311064"><ele>381.9337719986238</ele><time>2022-02-05T23:32:54Z</time></trkpt><trkpt lat="33.7368822" lon="132.7311196"><ele>383.1857802195759</ele><time>2022-02-05T23:33:09Z</time></trkpt><trkpt lat="33.7367765" lon="132.7309302"><ele>386.014629137495</ele><time>2022-02-05T23:33:40Z</time></trkpt><trkpt lat="33.7366194" lon="132.7308197"><ele>387.74551245347766</ele><time>2022-02-05T23:34:00Z</time></trkpt><trkpt lat="33.7364392" lon="132.7307802"><ele>390.00348692447034</ele><time>2022-02-05T23:34:28Z</time></trkpt><trkpt lat="33.7362809" lon="132.7306735"><ele>391.1110414572822</ele><time>2022-02-05T23:34:47Z</time></trkpt><trkpt lat="33.7361027" lon="132.7306145"><ele>395.45923299722534</ele><time>2022-02-05T23:35:13Z</time></trkpt><trkpt lat="33.7359215" lon="132.7305975"><ele>396.7441795825143</ele><time>2022-02-05T23:35:51Z</time></trkpt><trkpt lat="33.7358313" lon="132.7307878"><ele>405.2067719271515</ele><time>2022-02-05T23:36:51Z</time></trkpt><trkpt lat="33.7357076" lon="132.7309466"><ele>414.4982246908694</ele><time>2022-02-05T23:37:27Z</time></trkpt><trkpt lat="33.7355624" lon="132.7310754"><ele>425.89628457324943</ele><time>2022-02-05T23:37:44Z</time></trkpt><trkpt lat="33.735443" lon="132.7312479"><ele>432.44113955353646</ele><time>2022-02-05T23:38:21Z</time></trkpt><trkpt lat="33.7353344" lon="132.7314229"><ele>437.5381346538308</ele><time>2022-02-05T23:38:35Z</time></trkpt><trkpt lat="33.7352029" lon="132.7315743"><ele>442.0778971451703</ele><time>2022-02-05T23:38:56Z</time></trkpt><trkpt lat="33.7350204" lon="132.7315583"><ele>444.40736742203734</ele><time>2022-02-05T23:39:15Z</time></trkpt><trkpt lat="33.7348407" lon="132.731614"><ele>446.84560177411566</ele><time>2022-02-05T23:39:30Z</time></trkpt><trkpt lat="33.7349985" lon="132.7317263"><ele>450.47045069390487</ele><time>2022-02-05T23:40:01Z</time></trkpt><trkpt lat="33.7351832" lon="132.7317729"><ele>453.47229256659466</ele><time>2022-02-05T23:41:15Z</time></trkpt><trkpt lat="33.735364" lon="132.7317557"><ele>457.24363505758566</ele><time>2022-02-05T23:41:33Z</time></trkpt><trkpt lat="33.7351844" lon="132.7317786"><ele>456.90483803547824</ele><time>2022-02-05T23:46:45Z</time></trkpt><trkpt lat="33.7350288" lon="132.7319017"><ele>455.79053026055664</ele><time>2022-02-05T23:47:16Z</time></trkpt><trkpt lat="33.7349423" lon="132.7320929"><ele>452.20441809912177</ele><time>2022-02-05T23:47:39Z</time></trkpt><trkpt lat="33.734885" lon="132.7322992"><ele>447.68720968618555</ele><time>2022-02-05T23:47:53Z</time></trkpt><trkpt lat="33.7349072" lon="132.732515"><ele>441.2838016991309</ele><time>2022-02-05T23:48:49Z</time></trkpt><trkpt lat="33.734842" lon="132.7327211"><ele>435.6584172181531</ele><time>2022-02-05T23:49:33Z</time></trkpt><trkpt lat="33.7347588" lon="132.7329141"><ele>433.2454902262464</ele><time>2022-02-05T23:49:45Z</time></trkpt><trkpt lat="33.7346791" lon="132.7331371"><ele>431.199605958584</ele><time>2022-02-05T23:50:11Z</time></trkpt><trkpt lat="33.7346997" lon="132.7333533"><ele>428.2581374004638</ele><time>2022-02-05T23:50:44Z</time></trkpt><trkpt lat="33.7346908" lon="132.7335745"><ele>424.0435409512168</ele><time>2022-02-05T23:51:04Z</time></trkpt><trkpt lat="33.7347693" lon="132.7337689"><ele>419.71886978615095</ele><time>2022-02-05T23:51:23Z</time></trkpt><trkpt lat="33.7348017" lon="132.7339815"><ele>414.5021699682872</ele><time>2022-02-05T23:51:49Z</time></trkpt><trkpt lat="33.7349163" lon="132.7341504"><ele>409.00517826362375</ele><time>2022-02-05T23:52:09Z</time></trkpt><trkpt lat="33.7349648" lon="132.7343657"><ele>403.9904478938536</ele><time>2022-02-05T23:52:39Z</time></trkpt><trkpt lat="33.735049" lon="132.7345576"><ele>398.638835757042</ele><time>2022-02-05T23:53:14Z</time></trkpt><trkpt lat="33.7352211" lon="132.7346311"><ele>391.4245171790037</ele><time>2022-02-05T23:53:33Z</time></trkpt><trkpt lat="33.7353896" lon="132.7347476"><ele>387.36214756580904</ele><time>2022-02-05T23:53:56Z</time></trkpt><trkpt lat="33.7355457" lon="132.7348875"><ele>381.81099095164853</ele><time>2022-02-05T23:54:07Z</time></trkpt><trkpt lat="33.7357057" lon="132.7349994"><ele>379.4891702233302</ele><time>2022-02-05T23:54:17Z</time></trkpt><trkpt lat="33.7357799" lon="132.7352017"><ele>374.5116917317444</ele><time>2022-02-05T23:55:28Z</time></trkpt><trkpt lat="33.7359281" lon="132.7353722"><ele>372.45321748855184</ele><time>2022-02-05T23:55:40Z</time></trkpt><trkpt lat="33.7358561" lon="132.7355713"><ele>374.30942364637855</ele><time>2022-02-05T23:56:28Z</time></trkpt><trkpt lat="33.7357926" lon="132.7357739"><ele>372.34153849687783</ele><time>2022-02-05T23:57:57Z</time></trkpt><trkpt lat="33.7357488" lon="132.7359862"><ele>364.34808216834864</ele><time>2022-02-05T23:59:23Z</time></trkpt><trkpt lat="33.735687" lon="132.7361985"><ele>351.00620092926664</ele><time>2022-02-05T23:59:42Z</time></trkpt><trkpt lat="33.735866" lon="132.7361616"><ele>350.0409203172738</ele><time>2022-02-06T00:06:43Z</time></trkpt><trkpt lat="33.7360512" lon="132.736166"><ele>355.8172276184973</ele><time>2022-02-06T00:08:15Z</time></trkpt><trkpt lat="33.7361212" lon="132.7363669"><ele>365.4668190549383</ele><time>2022-02-06T00:08:47Z</time></trkpt><trkpt lat="33.7362753" lon="132.7362544"><ele>369.5824407342813</ele><time>2022-02-06T00:10:25Z</time></trkpt><trkpt lat="33.7364378" lon="132.7363863"><ele>368.2148663336714</ele><time>2022-02-06T00:11:49Z</time></trkpt><trkpt lat="33.7363771" lon="132.7365932"><ele>366.1980292921055</ele><time>2022-02-06T00:12:10Z</time></trkpt><trkpt lat="33.736262" lon="132.7367595"><ele>360.097076377547</ele><time>2022-02-06T00:12:27Z</time></trkpt><trkpt lat="33.7361565" lon="132.7369358"><ele>365.3504372130705</ele><time>2022-02-06T00:12:42Z</time></trkpt><trkpt lat="33.7359748" lon="132.7369061"><ele>363.95397520317533</ele><time>2022-02-06T00:13:14Z</time></trkpt><trkpt lat="33.7358644" lon="132.7370858"><ele>362.38843573984906</ele><time>2022-02-06T00:13:30Z</time></trkpt><trkpt lat="33.7358075" lon="132.7373049"><ele>353.78412938024866</ele><time>2022-02-06T00:13:40Z</time></trkpt><trkpt lat="33.7356666" lon="132.7374425"><ele>350.1250557781439</ele><time>2022-02-06T00:14:08Z</time></trkpt><trkpt lat="33.735579" lon="132.7376366"><ele>350.89358598168934</ele><time>2022-02-06T00:16:13Z</time></trkpt><trkpt lat="33.735526" lon="132.737854"><ele>353.4025137153082</ele><time>2022-02-06T00:16:22Z</time></trkpt><trkpt lat="33.735575" lon="132.7380781"><ele>356.90426732460145</ele><time>2022-02-06T00:16:34Z</time></trkpt><trkpt lat="33.7355153" lon="132.7382838"><ele>358.6858249565976</ele><time>2022-02-06T00:16:48Z</time></trkpt><trkpt lat="33.7354142" lon="132.738467"><ele>359.52871019996564</ele><time>2022-02-06T00:16:59Z</time></trkpt><trkpt lat="33.7352537" lon="132.7385778"><ele>359.37419109768257</ele><time>2022-02-06T00:17:09Z</time></trkpt><trkpt lat="33.7351037" lon="132.7387275"><ele>356.275497213748</ele><time>2022-02-06T00:17:26Z</time></trkpt><trkpt lat="33.7349749" lon="132.7388819"><ele>352.4309682205894</ele><time>2022-02-06T00:17:46Z</time></trkpt><trkpt lat="33.7349526" lon="132.739106"><ele>346.1833092938805</ele><time>2022-02-06T00:18:42Z</time></trkpt><trkpt lat="33.7348815" lon="132.7393054"><ele>343.93477250086715</ele><time>2022-02-06T00:18:51Z</time></trkpt><trkpt lat="33.7347275" lon="132.7394272"><ele>342.5291476727996</ele><time>2022-02-06T00:19:10Z</time></trkpt><trkpt lat="33.73462" lon="132.7396015"><ele>342.58020603550557</ele><time>2022-02-06T00:19:30Z</time></trkpt><trkpt lat="33.7345692" lon="132.7398087"><ele>342.40332747456904</ele><time>2022-02-06T00:19:50Z</time></trkpt><trkpt lat="33.7343805" lon="132.7398629"><ele>348.6028570641761</ele><time>2022-02-06T00:20:37Z</time></trkpt><trkpt lat="33.734239" lon="132.7400003"><ele>348.5854946086608</ele><time>2022-02-06T00:20:53Z</time></trkpt><trkpt lat="33.7341446" lon="132.7401951"><ele>350.3047850436008</ele><time>2022-02-06T00:21:04Z</time></trkpt><trkpt lat="33.7340897" lon="132.7404079"><ele>352.56219670378294</ele><time>2022-02-06T00:21:46Z</time></trkpt><trkpt lat="33.7340985" lon="132.7406307"><ele>359.4746616255691</ele><time>2022-02-06T00:22:03Z</time></trkpt><trkpt lat="33.7341821" lon="132.7408226"><ele>363.5972505292854</ele><time>2022-02-06T00:22:44Z</time></trkpt><trkpt lat="33.7340938" lon="132.7410125"><ele>368.7406101156942</ele><time>2022-02-06T00:23:40Z</time></trkpt><trkpt lat="33.7339428" lon="132.7411344"><ele>375.7140194901802</ele><time>2022-02-06T00:24:58Z</time></trkpt><trkpt lat="33.7338006" lon="132.7412907"><ele>383.4929556322131</ele><time>2022-02-06T00:25:44Z</time></trkpt><trkpt lat="33.7337828" lon="132.7415094"><ele>383.5539426571131</ele><time>2022-02-06T00:25:55Z</time></trkpt><trkpt lat="33.7339357" lon="132.7416297"><ele>383.6048516063258</ele><time>2022-02-06T00:26:33Z</time></trkpt><trkpt lat="33.7340405" lon="132.7418197"><ele>381.88051864518803</ele><time>2022-02-06T00:26:44Z</time></trkpt><trkpt lat="33.7339919" lon="132.7420438"><ele>380.5229405068712</ele><time>2022-02-06T00:26:57Z</time></trkpt><trkpt lat="33.733822" lon="132.7421194"><ele>380.4445810312995</ele><time>2022-02-06T00:27:08Z</time></trkpt><trkpt lat="33.733705" lon="132.7422849"><ele>379.8434649338413</ele><time>2022-02-06T00:27:20Z</time></trkpt><trkpt lat="33.733672" lon="132.7424979"><ele>378.6795046209945</ele><time>2022-02-06T00:28:12Z</time></trkpt><trkpt lat="33.7336255" lon="132.7427124"><ele>377.03199408349997</ele><time>2022-02-06T00:28:21Z</time></trkpt><trkpt lat="33.7335579" lon="132.7429212"><ele>377.91480745131054</ele><time>2022-02-06T00:28:33Z</time></trkpt><trkpt lat="33.733417" lon="132.7430565"><ele>378.7173084695019</ele><time>2022-02-06T00:28:44Z</time></trkpt><trkpt lat="33.733314" lon="132.7432393"><ele>379.07764793422376</ele><time>2022-02-06T00:29:03Z</time></trkpt><trkpt lat="33.733134" lon="132.7432944"><ele>378.6874675101747</ele><time>2022-02-06T00:30:12Z</time></trkpt><trkpt lat="33.7329523" lon="132.7433468"><ele>378.54720062906495</ele><time>2022-02-06T00:30:24Z</time></trkpt><trkpt lat="33.7327838" lon="132.743263"><ele>377.3709603370825</ele><time>2022-02-06T00:30:51Z</time></trkpt><trkpt lat="33.7326079" lon="132.7431823"><ele>375.8066326006692</ele><time>2022-02-06T00:31:05Z</time></trkpt><trkpt lat="33.7324347" lon="132.7431101"><ele>374.06055553754777</ele><time>2022-02-06T00:31:18Z</time></trkpt><trkpt lat="33.7322449" lon="132.7430507"><ele>374.23168750896747</ele><time>2022-02-06T00:31:33Z</time></trkpt><trkpt lat="33.7320749" lon="132.7429534"><ele>373.1363594598888</ele><time>2022-02-06T00:31:47Z</time></trkpt><trkpt lat="33.7318944" lon="132.7428841"><ele>372.1036486180937</ele><time>2022-02-06T00:31:59Z</time></trkpt><trkpt lat="33.7317337" lon="132.7427814"><ele>370.5634165027398</ele><time>2022-02-06T00:32:19Z</time></trkpt><trkpt lat="33.7315515" lon="132.7427566"><ele>369.45803241055006</ele><time>2022-02-06T00:32:52Z</time></trkpt><trkpt lat="33.7313677" lon="132.74279"><ele>368.8988931025262</ele><time>2022-02-06T00:35:38Z</time></trkpt><trkpt lat="33.7311888" lon="132.7428544"><ele>368.6609642459523</ele><time>2022-02-06T00:35:47Z</time></trkpt><trkpt lat="33.7310059" lon="132.7429043"><ele>368.6918825069679</ele><time>2022-02-06T00:35:59Z</time></trkpt><trkpt lat="33.7308178" lon="132.7429316"><ele>368.1926626276502</ele><time>2022-02-06T00:36:13Z</time></trkpt><trkpt lat="33.7306217" lon="132.7429163"><ele>368.02956927492573</ele><time>2022-02-06T00:36:28Z</time></trkpt><trkpt lat="33.730446" lon="132.7429787"><ele>367.1860487302186</ele><time>2022-02-06T00:36:41Z</time></trkpt><trkpt lat="33.7302674" lon="132.7429283"><ele>366.4901051625986</ele><time>2022-02-06T00:37:10Z</time></trkpt><trkpt lat="33.730082" lon="132.7429261"><ele>364.2894227305099</ele><time>2022-02-06T00:37:34Z</time></trkpt><trkpt lat="33.7299024" lon="132.7429496"><ele>363.4448267407736</ele><time>2022-02-06T00:37:46Z</time></trkpt><trkpt lat="33.7297328" lon="132.7428697"><ele>360.50913605256204</ele><time>2022-02-06T00:38:06Z</time></trkpt><trkpt lat="33.7295529" lon="132.7428529"><ele>357.5114321261006</ele><time>2022-02-06T00:38:23Z</time></trkpt><trkpt lat="33.7293689" lon="132.7428192"><ele>353.02614587455537</ele><time>2022-02-06T00:38:39Z</time></trkpt><trkpt lat="33.7291824" lon="132.7427805"><ele>350.6267061195875</ele><time>2022-02-06T00:38:52Z</time></trkpt><trkpt lat="33.7289952" lon="132.7427616"><ele>349.0731968466719</ele><time>2022-02-06T00:39:05Z</time></trkpt><trkpt lat="33.728816" lon="132.742789"><ele>347.6335411160895</ele><time>2022-02-06T00:39:18Z</time></trkpt><trkpt lat="33.7286418" lon="132.7428593"><ele>345.4955891083993</ele><time>2022-02-06T00:39:33Z</time></trkpt><trkpt lat="33.7284739" lon="132.7429472"><ele>345.15943499690223</ele><time>2022-02-06T00:39:45Z</time></trkpt><trkpt lat="33.7283457" lon="132.7431401"><ele>342.67255496060903</ele><time>2022-02-06T00:40:02Z</time></trkpt><trkpt lat="33.7282829" lon="132.7433659"><ele>340.2664809718701</ele><time>2022-02-06T00:40:16Z</time></trkpt><trkpt lat="33.7281992" lon="132.7435617"><ele>336.05423361124963</ele><time>2022-02-06T00:40:33Z</time></trkpt><trkpt lat="33.7281411" lon="132.7437737"><ele>334.778994489342</ele><time>2022-02-06T00:40:48Z</time></trkpt><trkpt lat="33.7281514" lon="132.7440014"><ele>333.88859463501734</ele><time>2022-02-06T00:41:02Z</time></trkpt><trkpt lat="33.7280572" lon="132.744189"><ele>332.8938926563906</ele><time>2022-02-06T00:41:17Z</time></trkpt><trkpt lat="33.7278699" lon="132.7441958"><ele>330.821695483703</ele><time>2022-02-06T00:43:25Z</time></trkpt><trkpt lat="33.72778" lon="132.7443944"><ele>328.90317377829695</ele><time>2022-02-06T00:43:34Z</time></trkpt><trkpt lat="33.7276069" lon="132.7445105"><ele>325.6580692917176</ele><time>2022-02-06T00:43:47Z</time></trkpt><trkpt lat="33.7274253" lon="132.744489"><ele>322.119525419519</ele><time>2022-02-06T00:44:01Z</time></trkpt><trkpt lat="33.7272473" lon="132.7444278"><ele>320.7543582679915</ele><time>2022-02-06T00:45:50Z</time></trkpt><trkpt lat="33.7270665" lon="132.7444304"><ele>320.4532065985649</ele><time>2022-02-06T00:46:03Z</time></trkpt><trkpt lat="33.7268818" lon="132.7444627"><ele>322.1613888330658</ele><time>2022-02-06T00:46:13Z</time></trkpt><trkpt lat="33.7266938" lon="132.744424"><ele>322.33874592238107</ele><time>2022-02-06T00:46:28Z</time></trkpt><trkpt lat="33.7265319" lon="132.7442942"><ele>323.33658422773743</ele><time>2022-02-06T00:47:24Z</time></trkpt><trkpt lat="33.7263493" lon="132.7442979"><ele>322.37565609348087</ele><time>2022-02-06T00:47:38Z</time></trkpt><trkpt lat="33.7261769" lon="132.7444029"><ele>320.32008591268834</ele><time>2022-02-06T00:47:52Z</time></trkpt><trkpt lat="33.7260174" lon="132.7445087"><ele>319.80243022948326</ele><time>2022-02-06T00:48:04Z</time></trkpt><trkpt lat="33.72589" lon="132.7446691"><ele>320.8507496054971</ele><time>2022-02-06T00:48:17Z</time></trkpt><trkpt lat="33.7257144" lon="132.7447286"><ele>321.9408689433</ele><time>2022-02-06T00:48:43Z</time></trkpt><trkpt lat="33.7255489" lon="132.7446378"><ele>321.5931654960743</ele><time>2022-02-06T00:49:18Z</time></trkpt><trkpt lat="33.7253986" lon="132.7444969"><ele>322.30692003752773</ele><time>2022-02-06T00:49:38Z</time></trkpt><trkpt lat="33.7252203" lon="132.7444439"><ele>326.2664315660109</ele><time>2022-02-06T00:49:57Z</time></trkpt><trkpt lat="33.7250815" lon="132.7445976"><ele>327.67293223785464</ele><time>2022-02-06T00:50:15Z</time></trkpt><trkpt lat="33.7249868" lon="132.74479"><ele>330.93649974572776</ele><time>2022-02-06T00:50:33Z</time></trkpt><trkpt lat="33.725022" lon="132.7450064"><ele>332.8640919859327</ele><time>2022-02-06T00:50:50Z</time></trkpt><trkpt lat="33.7250586" lon="132.7452346"><ele>336.6417438200306</ele><time>2022-02-06T00:51:09Z</time></trkpt><trkpt lat="33.7250434" lon="132.7454529"><ele>341.1635917048868</ele><time>2022-02-06T00:51:30Z</time></trkpt><trkpt lat="33.7249917" lon="132.7456633"><ele>345.95911500723304</ele><time>2022-02-06T00:51:50Z</time></trkpt><trkpt lat="33.7249785" lon="132.7458791"><ele>350.64046384135094</ele><time>2022-02-06T00:52:18Z</time></trkpt><trkpt lat="33.7249108" lon="132.7460796"><ele>354.85778932992065</ele><time>2022-02-06T00:52:35Z</time></trkpt><trkpt lat="33.7249116" lon="132.7463029"><ele>357.4686910035698</ele><time>2022-02-06T00:52:55Z</time></trkpt><trkpt lat="33.7249005" lon="132.7465303"><ele>361.7284749598585</ele><time>2022-02-06T00:53:15Z</time></trkpt><trkpt lat="33.7249547" lon="132.7467375"><ele>363.92996825990184</ele><time>2022-02-06T00:53:40Z</time></trkpt><trkpt lat="33.7249864" lon="132.7469542"><ele>368.00004299597117</ele><time>2022-02-06T00:54:54Z</time></trkpt><trkpt lat="33.7250562" lon="132.7471572"><ele>372.09965817747315</ele><time>2022-02-06T00:55:10Z</time></trkpt><trkpt lat="33.7250436" lon="132.7473736"><ele>374.60508365922334</ele><time>2022-02-06T00:55:38Z</time></trkpt><trkpt lat="33.7250463" lon="132.7475919"><ele>375.2781984166424</ele><time>2022-02-06T00:56:02Z</time></trkpt><trkpt lat="33.7251131" lon="132.747817"><ele>374.1483663144648</ele><time>2022-02-06T00:56:16Z</time></trkpt><trkpt lat="33.7251491" lon="132.7480452"><ele>374.38815610719394</ele><time>2022-02-06T00:56:31Z</time></trkpt><trkpt lat="33.7252358" lon="132.7482376"><ele>375.45620866272753</ele><time>2022-02-06T00:56:55Z</time></trkpt><trkpt lat="33.7253179" lon="132.7484359"><ele>377.61586036043064</ele><time>2022-02-06T00:57:08Z</time></trkpt><trkpt lat="33.7254061" lon="132.748629"><ele>379.2480422529413</ele><time>2022-02-06T00:57:25Z</time></trkpt><trkpt lat="33.7254124" lon="132.7488487"><ele>381.50516641627337</ele><time>2022-02-06T00:57:42Z</time></trkpt><trkpt lat="33.7253212" lon="132.7490382"><ele>382.5187598871453</ele><time>2022-02-06T00:57:55Z</time></trkpt><trkpt lat="33.7252141" lon="132.7492183"><ele>383.4410013016641</ele><time>2022-02-06T00:58:09Z</time></trkpt><trkpt lat="33.7251858" lon="132.749434"><ele>381.499335050225</ele><time>2022-02-06T00:58:23Z</time></trkpt><trkpt lat="33.7251364" lon="132.7496501"><ele>378.83642443332565</ele><time>2022-02-06T00:58:39Z</time></trkpt><trkpt lat="33.7252017" lon="132.7498513"><ele>375.43646824561523</ele><time>2022-02-06T00:59:04Z</time></trkpt><trkpt lat="33.7252495" lon="132.7500739"><ele>376.29590592700714</ele><time>2022-02-06T00:59:21Z</time></trkpt><trkpt lat="33.7252535" lon="132.7502928"><ele>379.26115913891203</ele><time>2022-02-06T00:59:38Z</time></trkpt><trkpt lat="33.7251627" lon="132.7504822"><ele>386.2213390673042</ele><time>2022-02-06T01:00:29Z</time></trkpt><trkpt lat="33.7251226" lon="132.7506957"><ele>389.66533688987084</ele><time>2022-02-06T01:00:49Z</time></trkpt><trkpt lat="33.7251829" lon="132.7509061"><ele>393.655032791294</ele><time>2022-02-06T01:01:05Z</time></trkpt><trkpt lat="33.7252994" lon="132.7510718"><ele>397.71789724997234</ele><time>2022-02-06T01:01:53Z</time></trkpt><trkpt lat="33.7253926" lon="132.7512596"><ele>404.3095146197425</ele><time>2022-02-06T01:02:13Z</time></trkpt><trkpt lat="33.7254591" lon="132.7514711"><ele>409.3357908837323</ele><time>2022-02-06T01:02:37Z</time></trkpt><trkpt lat="33.7255201" lon="132.7516765"><ele>412.23850254197026</ele><time>2022-02-06T01:02:53Z</time></trkpt><trkpt lat="33.7255842" lon="132.7518816"><ele>413.61448466314306</ele><time>2022-02-06T01:03:09Z</time></trkpt><trkpt lat="33.7255526" lon="132.7520995"><ele>415.84484589786933</ele><time>2022-02-06T01:03:24Z</time></trkpt><trkpt lat="33.7256185" lon="132.7523058"><ele>415.91819319197634</ele><time>2022-02-06T01:03:43Z</time></trkpt><trkpt lat="33.7256798" lon="132.7525101"><ele>416.55892992678963</ele><time>2022-02-06T01:04:20Z</time></trkpt><trkpt lat="33.7257624" lon="132.7527086"><ele>416.7267876966964</ele><time>2022-02-06T01:04:40Z</time></trkpt><trkpt lat="33.7257442" lon="132.7529274"><ele>417.45116898191736</ele><time>2022-02-06T01:04:54Z</time></trkpt><trkpt lat="33.7256557" lon="132.753119"><ele>418.4009968884673</ele><time>2022-02-06T01:05:10Z</time></trkpt><trkpt lat="33.7255927" lon="132.7533256"><ele>420.3789306927849</ele><time>2022-02-06T01:05:30Z</time></trkpt><trkpt lat="33.7255161" lon="132.753526"><ele>423.71793541910694</ele><time>2022-02-06T01:05:49Z</time></trkpt><trkpt lat="33.7254145" lon="132.753705"><ele>428.699528855042</ele><time>2022-02-06T01:06:11Z</time></trkpt><trkpt lat="33.7253126" lon="132.7538873"><ele>431.7499227123046</ele><time>2022-02-06T01:07:06Z</time></trkpt><trkpt lat="33.7252027" lon="132.7540621"><ele>430.549686496774</ele><time>2022-02-06T01:07:33Z</time></trkpt><trkpt lat="33.7250756" lon="132.7542177"><ele>427.8580483858779</ele><time>2022-02-06T01:07:55Z</time></trkpt><trkpt lat="33.724946" lon="132.7543857"><ele>425.3906117487147</ele><time>2022-02-06T01:08:08Z</time></trkpt><trkpt lat="33.7248114" lon="132.7545573"><ele>427.12620435219964</ele><time>2022-02-06T01:08:23Z</time></trkpt><trkpt lat="33.7247185" lon="132.7547545"><ele>431.199350863612</ele><time>2022-02-06T01:09:28Z</time></trkpt><trkpt lat="33.7245688" lon="132.7548752"><ele>435.1210659327353</ele><time>2022-02-06T01:09:50Z</time></trkpt><trkpt lat="33.724422" lon="132.7550041"><ele>441.23071229649935</ele><time>2022-02-06T01:10:37Z</time></trkpt><trkpt lat="33.7242654" lon="132.7551463"><ele>439.95652902365106</ele><time>2022-02-06T01:10:51Z</time></trkpt><trkpt lat="33.7241346" lon="132.7553018"><ele>441.26749018343054</ele><time>2022-02-06T01:11:04Z</time></trkpt><trkpt lat="33.7239543" lon="132.7552884"><ele>444.3314443194449</ele><time>2022-02-06T01:11:58Z</time></trkpt><trkpt lat="33.7237909" lon="132.7553865"><ele>451.9182295657181</ele><time>2022-02-06T01:12:16Z</time></trkpt><trkpt lat="33.7236361" lon="132.7555045"><ele>461.6217442592829</ele><time>2022-02-06T01:13:30Z</time></trkpt><trkpt lat="33.7234623" lon="132.7555673"><ele>465.9525482072734</ele><time>2022-02-06T01:15:11Z</time></trkpt><trkpt lat="33.7234087" lon="132.7557796"><ele>475.8399165078129</ele><time>2022-02-06T01:26:18Z</time></trkpt><trkpt lat="33.7233754" lon="132.7559974"><ele>480.21885315838216</ele><time>2022-02-06T01:26:29Z</time></trkpt><trkpt lat="33.7234036" lon="132.7562122"><ele>486.5391617045566</ele><time>2022-02-06T01:26:43Z</time></trkpt><trkpt lat="33.7235493" lon="132.7563447"><ele>485.20803085647475</ele><time>2022-02-06T01:26:55Z</time></trkpt><trkpt lat="33.7234809" lon="132.7565454"><ele>482.92268229576376</ele><time>2022-02-06T01:27:28Z</time></trkpt><trkpt lat="33.7233738" lon="132.7567273"><ele>476.4170891343926</ele><time>2022-02-06T01:29:21Z</time></trkpt><trkpt lat="33.7232437" lon="132.7568805"><ele>469.29222238087226</ele><time>2022-02-06T01:29:34Z</time></trkpt><trkpt lat="33.7232709" lon="132.7570947"><ele>468.330736222593</ele><time>2022-02-06T01:29:52Z</time></trkpt><trkpt lat="33.7231985" lon="132.7572945"><ele>467.3609345712411</ele><time>2022-02-06T01:30:20Z</time></trkpt><trkpt lat="33.7230272" lon="132.7574005"><ele>466.33541861867735</ele><time>2022-02-06T01:30:55Z</time></trkpt><trkpt lat="33.7228972" lon="132.7575502"><ele>461.4045392846205</ele><time>2022-02-06T01:31:54Z</time></trkpt><trkpt lat="33.7227272" lon="132.7576505"><ele>457.06511774161845</ele><time>2022-02-06T01:32:22Z</time></trkpt><trkpt lat="33.7226953" lon="132.7578702"><ele>455.3966666974252</ele><time>2022-02-06T01:32:33Z</time></trkpt><trkpt lat="33.7226248" lon="132.758078"><ele>448.36257864591494</ele><time>2022-02-06T01:33:36Z</time></trkpt><trkpt lat="33.7225712" lon="132.7582883"><ele>442.6790150090239</ele><time>2022-02-06T01:33:50Z</time></trkpt><trkpt lat="33.7225708" lon="132.7585048"><ele>439.4828010132591</ele><time>2022-02-06T01:34:08Z</time></trkpt><trkpt lat="33.7225128" lon="132.7587153"><ele>443.7002325090901</ele><time>2022-02-06T01:34:32Z</time></trkpt><trkpt lat="33.7224147" lon="132.7588971"><ele>451.6723304870905</ele><time>2022-02-06T01:35:10Z</time></trkpt><trkpt lat="33.7222712" lon="132.7590286"><ele>455.20069244971324</ele><time>2022-02-06T01:35:37Z</time></trkpt><trkpt lat="33.7220874" lon="132.7590622"><ele>455.4572405272132</ele><time>2022-02-06T01:35:56Z</time></trkpt><trkpt lat="33.7219098" lon="132.7590153"><ele>451.8002965680909</ele><time>2022-02-06T01:36:52Z</time></trkpt><trkpt lat="33.721784" lon="132.7591951"><ele>450.22366874062</ele><time>2022-02-06T01:37:03Z</time></trkpt><trkpt lat="33.7216353" lon="132.7593236"><ele>450.03495780017533</ele><time>2022-02-06T01:37:21Z</time></trkpt><trkpt lat="33.7214564" lon="132.7593511"><ele>451.9242295657607</ele><time>2022-02-06T01:37:34Z</time></trkpt><trkpt lat="33.7212742" lon="132.7593995"><ele>450.2497930406918</ele><time>2022-02-06T01:37:49Z</time></trkpt><trkpt lat="33.7211151" lon="132.7595118"><ele>450.6954595208761</ele><time>2022-02-06T01:38:07Z</time></trkpt><trkpt lat="33.7210435" lon="132.7597102"><ele>451.43162649631176</ele><time>2022-02-06T01:38:51Z</time></trkpt><trkpt lat="33.720927" lon="132.7598762"><ele>458.09081641232234</ele><time>2022-02-06T01:39:55Z</time></trkpt><trkpt lat="33.7207455" lon="132.7598707"><ele>465.6170422851912</ele><time>2022-02-06T01:40:31Z</time></trkpt><trkpt lat="33.7205619" lon="132.7598801"><ele>473.8826079773012</ele><time>2022-02-06T01:41:31Z</time></trkpt><trkpt lat="33.720451" lon="132.7597092"><ele>480.81210150252446</ele><time>2022-02-06T01:41:56Z</time></trkpt><trkpt lat="33.7202685" lon="132.759749"><ele>486.62340269609825</ele><time>2022-02-06T01:42:36Z</time></trkpt><trkpt lat="33.7200879" lon="132.7597398"><ele>489.23272115907906</ele><time>2022-02-06T01:42:58Z</time></trkpt><trkpt lat="33.7199191" lon="132.7596506"><ele>491.5928329679512</ele><time>2022-02-06T01:43:43Z</time></trkpt><trkpt lat="33.7197727" lon="132.7595164"><ele>492.3538791987553</ele><time>2022-02-06T01:44:01Z</time></trkpt><trkpt lat="33.7196258" lon="132.7593802"><ele>494.57344004134706</ele><time>2022-02-06T01:44:52Z</time></trkpt><trkpt lat="33.7194855" lon="132.7592413"><ele>496.8186059807087</ele><time>2022-02-06T01:45:25Z</time></trkpt><trkpt lat="33.7193548" lon="132.7590921"><ele>502.16029271520574</ele><time>2022-02-06T01:46:01Z</time></trkpt><trkpt lat="33.7192003" lon="132.7589803"><ele>506.9700116622091</ele><time>2022-02-06T01:46:21Z</time></trkpt><trkpt lat="33.7190577" lon="132.7591133"><ele>510.2597700981308</ele><time>2022-02-06T01:54:58Z</time></trkpt><trkpt lat="33.7188722" lon="132.7591366"><ele>505.9346416024057</ele><time>2022-02-06T01:55:28Z</time></trkpt><trkpt lat="33.7186867" lon="132.7591336"><ele>499.1564607965002</ele><time>2022-02-06T01:55:37Z</time></trkpt><trkpt lat="33.7185083" lon="132.7590804"><ele>489.1747228209011</ele><time>2022-02-06T01:55:58Z</time></trkpt><trkpt lat="33.7183415" lon="132.7591794"><ele>480.53230028855927</ele><time>2022-02-06T01:56:16Z</time></trkpt><trkpt lat="33.718155" lon="132.7591379"><ele>470.09152207533066</ele><time>2022-02-06T01:57:12Z</time></trkpt><trkpt lat="33.7180076" lon="132.7592754"><ele>463.8388080462693</ele><time>2022-02-06T01:57:23Z</time></trkpt><trkpt lat="33.7178496" lon="132.7593835"><ele>462.7734529760533</ele><time>2022-02-06T01:57:36Z</time></trkpt><trkpt lat="33.7176694" lon="132.7594363"><ele>465.8249661752836</ele><time>2022-02-06T01:58:01Z</time></trkpt><trkpt lat="33.7174795" lon="132.7595321"><ele>467.7296765383722</ele><time>2022-02-06T01:58:14Z</time></trkpt><trkpt lat="33.7172933" lon="132.7595317"><ele>465.7943272351916</ele><time>2022-02-06T01:58:27Z</time></trkpt><trkpt lat="33.7171112" lon="132.7595103"><ele>465.21012177725044</ele><time>2022-02-06T01:58:46Z</time></trkpt><trkpt lat="33.7169343" lon="132.7594472"><ele>464.9845831741364</ele><time>2022-02-06T01:58:59Z</time></trkpt><trkpt lat="33.7167904" lon="132.7593144"><ele>466.3219353863792</ele><time>2022-02-06T01:59:13Z</time></trkpt><trkpt lat="33.7166663" lon="132.7591476"><ele>462.3048473177928</ele><time>2022-02-06T02:00:22Z</time></trkpt><trkpt lat="33.716499" lon="132.7592342"><ele>453.35258418635385</ele><time>2022-02-06T02:01:20Z</time></trkpt><trkpt lat="33.7164387" lon="132.7594381"><ele>441.02194631752474</ele><time>2022-02-06T02:01:50Z</time></trkpt><trkpt lat="33.7163117" lon="132.7596118"><ele>430.6551392689867</ele><time>2022-02-06T02:02:03Z</time></trkpt><trkpt lat="33.7162263" lon="132.7598044"><ele>423.93747692444975</ele><time>2022-02-06T02:02:14Z</time></trkpt><trkpt lat="33.7160473" lon="132.7597777"><ele>419.20503522627524</ele><time>2022-02-06T02:02:30Z</time></trkpt><trkpt lat="33.7158621" lon="132.7597479"><ele>415.53426916168286</ele><time>2022-02-06T02:02:47Z</time></trkpt><trkpt lat="33.7158281" lon="132.7599645"><ele>414.07123436786173</ele><time>2022-02-06T02:03:17Z</time></trkpt><trkpt lat="33.7157064" lon="132.7601478"><ele>412.7437297325483</ele><time>2022-02-06T02:03:28Z</time></trkpt><trkpt lat="33.7155533" lon="132.7602623"><ele>412.4481565673673</ele><time>2022-02-06T02:03:40Z</time></trkpt><trkpt lat="33.7154216" lon="132.7604208"><ele>414.6929999030439</ele><time>2022-02-06T02:03:59Z</time></trkpt><trkpt lat="33.7153723" lon="132.7606302"><ele>414.9561538875993</ele><time>2022-02-06T02:04:14Z</time></trkpt><trkpt lat="33.7151973" lon="132.7605682"><ele>414.7585360489955</ele><time>2022-02-06T02:04:28Z</time></trkpt><trkpt lat="33.7150206" lon="132.7604444"><ele>410.6746445139633</ele><time>2022-02-06T02:04:42Z</time></trkpt><trkpt lat="33.7148421" lon="132.7604118"><ele>411.1866438470508</ele><time>2022-02-06T02:05:00Z</time></trkpt><trkpt lat="33.7146636" lon="132.7603668"><ele>411.31125960619244</ele><time>2022-02-06T02:05:15Z</time></trkpt><trkpt lat="33.7145466" lon="132.7605354"><ele>414.4289545481243</ele><time>2022-02-06T02:05:32Z</time></trkpt><trkpt lat="33.7143889" lon="132.7606407"><ele>416.4818494695434</ele><time>2022-02-06T02:05:52Z</time></trkpt><trkpt lat="33.7142118" lon="132.7607008"><ele>420.7314827655132</ele><time>2022-02-06T02:06:09Z</time></trkpt><trkpt lat="33.714136" lon="132.760903"><ele>422.6733752915232</ele><time>2022-02-06T02:06:23Z</time></trkpt><trkpt lat="33.7140759" lon="132.7611107"><ele>424.4519080528064</ele><time>2022-02-06T02:06:40Z</time></trkpt><trkpt lat="33.7139667" lon="132.7612918"><ele>424.14997013066676</ele><time>2022-02-06T02:07:20Z</time></trkpt><trkpt lat="33.7138492" lon="132.7614613"><ele>424.62278595262734</ele><time>2022-02-06T02:07:33Z</time></trkpt><trkpt lat="33.7137633" lon="132.7616527"><ele>425.11994617906925</ele><time>2022-02-06T02:07:49Z</time></trkpt><trkpt lat="33.7137695" lon="132.761872"><ele>426.7261498684561</ele><time>2022-02-06T02:08:02Z</time></trkpt><trkpt lat="33.7138785" lon="132.7620628"><ele>426.3909536062363</ele><time>2022-02-06T02:08:16Z</time></trkpt><trkpt lat="33.7137302" lon="132.7622255"><ele>425.87769636649983</ele><time>2022-02-06T02:08:48Z</time></trkpt><trkpt lat="33.7135544" lon="132.7622991"><ele>424.774756756601</ele><time>2022-02-06T02:09:00Z</time></trkpt><trkpt lat="33.7133811" lon="132.762371"><ele>424.98450358054566</ele><time>2022-02-06T02:09:14Z</time></trkpt><trkpt lat="33.7133408" lon="132.7625906"><ele>426.1013409509851</ele><time>2022-02-06T02:09:29Z</time></trkpt><trkpt lat="33.7131872" lon="132.7627116"><ele>428.9232879679607</ele><time>2022-02-06T02:09:46Z</time></trkpt><trkpt lat="33.7130056" lon="132.7627792"><ele>431.08834624415266</ele><time>2022-02-06T02:09:59Z</time></trkpt><trkpt lat="33.7129313" lon="132.7629992"><ele>433.51535239409856</ele><time>2022-02-06T02:10:14Z</time></trkpt><trkpt lat="33.7129125" lon="132.7632237"><ele>436.4855799900719</ele><time>2022-02-06T02:11:46Z</time></trkpt><trkpt lat="33.7128159" lon="132.7634193"><ele>437.51753994963116</ele><time>2022-02-06T02:12:06Z</time></trkpt><trkpt lat="33.7127326" lon="132.7636209"><ele>438.162826667091</ele><time>2022-02-06T02:12:19Z</time></trkpt><trkpt lat="33.7127997" lon="132.7638306"><ele>439.53353962451735</ele><time>2022-02-06T02:12:33Z</time></trkpt><trkpt lat="33.7129718" lon="132.7639029"><ele>442.69892428822413</ele><time>2022-02-06T02:12:53Z</time></trkpt><trkpt lat="33.7131171" lon="132.7640477"><ele>445.89159106711395</ele><time>2022-02-06T02:13:07Z</time></trkpt><trkpt lat="33.7132155" lon="132.7642377"><ele>447.57026337392523</ele><time>2022-02-06T02:13:22Z</time></trkpt><trkpt lat="33.7131955" lon="132.764465"><ele>449.57280947694335</ele><time>2022-02-06T02:13:38Z</time></trkpt><trkpt lat="33.7130884" lon="132.7646591"><ele>451.088879834005</ele><time>2022-02-06T02:13:52Z</time></trkpt><trkpt lat="33.7129502" lon="132.7648034"><ele>451.8006852315378</ele><time>2022-02-06T02:14:09Z</time></trkpt><trkpt lat="33.71296" lon="132.7650342"><ele>454.78244866690505</ele><time>2022-02-06T02:14:26Z</time></trkpt><trkpt lat="33.7130527" lon="132.7652216"><ele>456.25346495067015</ele><time>2022-02-06T02:14:42Z</time></trkpt><trkpt lat="33.713227" lon="132.765296"><ele>456.2323861113455</ele><time>2022-02-06T02:14:58Z</time></trkpt><trkpt lat="33.713162" lon="132.7655035"><ele>454.33362794752793</ele><time>2022-02-06T02:15:15Z</time></trkpt><trkpt lat="33.7131834" lon="132.7657232"><ele>458.0171512549891</ele><time>2022-02-06T02:15:26Z</time></trkpt><trkpt lat="33.7131427" lon="132.7659371"><ele>463.61306279136926</ele><time>2022-02-06T02:15:41Z</time></trkpt><trkpt lat="33.7129971" lon="132.7658064"><ele>469.7571946749351</ele><time>2022-02-06T02:16:05Z</time></trkpt><trkpt lat="33.7130113" lon="132.7655869"><ele>471.73250073808276</ele><time>2022-02-06T02:16:18Z</time></trkpt><trkpt lat="33.7128236" lon="132.7655742"><ele>474.1097156155422</ele><time>2022-02-06T02:16:41Z</time></trkpt><trkpt lat="33.7126472" lon="132.7654898"><ele>476.0929705183941</ele><time>2022-02-06T02:16:56Z</time></trkpt><trkpt lat="33.7124716" lon="132.7654274"><ele>477.9416979049647</ele><time>2022-02-06T02:17:18Z</time></trkpt><trkpt lat="33.7123758" lon="132.7652363"><ele>480.45067109020846</ele><time>2022-02-06T02:17:36Z</time></trkpt><trkpt lat="33.7123761" lon="132.7650197"><ele>482.0483346421648</ele><time>2022-02-06T02:18:04Z</time></trkpt><trkpt lat="33.7121959" lon="132.7649689"><ele>485.05683424635805</ele><time>2022-02-06T02:18:35Z</time></trkpt><trkpt lat="33.7120093" lon="132.7649139"><ele>485.2760242856328</ele><time>2022-02-06T02:18:52Z</time></trkpt><trkpt lat="33.7118405" lon="132.7648218"><ele>486.3093764127888</ele><time>2022-02-06T02:19:04Z</time></trkpt><trkpt lat="33.7117006" lon="132.7646846"><ele>486.05292539777133</ele><time>2022-02-06T02:19:20Z</time></trkpt><trkpt lat="33.7118216" lon="132.7645241"><ele>489.55668433242437</ele><time>2022-02-06T02:19:36Z</time></trkpt><trkpt lat="33.7119204" lon="132.7643196"><ele>488.90965708985146</ele><time>2022-02-06T02:19:50Z</time></trkpt><trkpt lat="33.7120087" lon="132.7641253"><ele>488.60688111093174</ele><time>2022-02-06T02:20:03Z</time></trkpt><trkpt lat="33.7120141" lon="132.763899"><ele>488.5447381926826</ele><time>2022-02-06T02:20:21Z</time></trkpt><trkpt lat="33.7118992" lon="132.7637319"><ele>488.1589510886965</ele><time>2022-02-06T02:20:57Z</time></trkpt><trkpt lat="33.7117297" lon="132.7636435"><ele>488.0677289633629</ele><time>2022-02-06T02:21:14Z</time></trkpt><trkpt lat="33.7115408" lon="132.7636402"><ele>486.04704632648105</ele><time>2022-02-06T02:21:33Z</time></trkpt><trkpt lat="33.7114451" lon="132.7634543"><ele>489.810632785008</ele><time>2022-02-06T02:21:48Z</time></trkpt><trkpt lat="33.711421" lon="132.7632338"><ele>496.7925718483984</ele><time>2022-02-06T02:22:01Z</time></trkpt><trkpt lat="33.7113267" lon="132.7630453"><ele>496.3720952282444</ele><time>2022-02-06T02:22:11Z</time></trkpt><trkpt lat="33.7113087" lon="132.7628216"><ele>501.3816547022129</ele><time>2022-02-06T02:22:29Z</time></trkpt><trkpt lat="33.7112359" lon="132.7626242"><ele>503.1244775374796</ele><time>2022-02-06T02:22:49Z</time></trkpt><trkpt lat="33.7110568" lon="132.7625887"><ele>512.4668183225685</ele><time>2022-02-06T02:23:13Z</time></trkpt><trkpt lat="33.7109272" lon="132.762433"><ele>513.2698950825726</ele><time>2022-02-06T02:23:31Z</time></trkpt><trkpt lat="33.7107444" lon="132.762439"><ele>514.4111538794039</ele><time>2022-02-06T02:23:55Z</time></trkpt><trkpt lat="33.7105996" lon="132.7623058"><ele>517.9297172075811</ele><time>2022-02-06T02:25:40Z</time></trkpt><trkpt lat="33.7104436" lon="132.7621869"><ele>523.1951119469574</ele><time>2022-02-06T02:26:19Z</time></trkpt><trkpt lat="33.7104219" lon="132.7624154"><ele>535.3316033573471</ele><time>2022-02-06T02:28:37Z</time></trkpt><trkpt lat="33.7103563" lon="132.7626165"><ele>545.6826168254291</ele><time>2022-02-06T02:29:49Z</time></trkpt><trkpt lat="33.7103387" lon="132.7628342"><ele>558.2616196506722</ele><time>2022-02-06T02:30:25Z</time></trkpt><trkpt lat="33.7103241" lon="132.7630494"><ele>568.533482342648</ele><time>2022-02-06T02:34:33Z</time></trkpt><trkpt lat="33.7102575" lon="132.7632511"><ele>582.0320705927533</ele><time>2022-02-06T02:36:07Z</time></trkpt><trkpt lat="33.7101282" lon="132.7634024"><ele>594.7569900552476</ele><time>2022-02-06T02:36:43Z</time></trkpt><trkpt lat="33.7099433" lon="132.7633953"><ele>600.0585781454741</ele><time>2022-02-06T02:37:33Z</time></trkpt><trkpt lat="33.7097636" lon="132.7634202"><ele>602.3033773856353</ele><time>2022-02-06T02:37:55Z</time></trkpt><trkpt lat="33.7095872" lon="132.7633623"><ele>607.1264140722232</ele><time>2022-02-06T02:39:39Z</time></trkpt><trkpt lat="33.7094213" lon="132.7634683"><ele>617.955704426063</ele><time>2022-02-06T02:40:23Z</time></trkpt><trkpt lat="33.7092566" lon="132.7635612"><ele>627.5823234836164</ele><time>2022-02-06T02:40:43Z</time></trkpt><trkpt lat="33.7090848" lon="132.7636284"><ele>633.820495961361</ele><time>2022-02-06T02:41:16Z</time></trkpt><trkpt lat="33.708919" lon="132.7637202"><ele>640.1589745078093</ele><time>2022-02-06T02:42:56Z</time></trkpt><trkpt lat="33.7087983" lon="132.7638821"><ele>652.6961881980789</ele><time>2022-02-06T02:44:30Z</time></trkpt><trkpt lat="33.7086088" lon="132.7639152"><ele>667.0587673864994</ele><time>2022-02-06T02:45:18Z</time></trkpt><trkpt lat="33.7084283" lon="132.7639388"><ele>681.2830912326236</ele><time>2022-02-06T02:48:44Z</time></trkpt><trkpt lat="33.708264" lon="132.7640288"><ele>691.2308912766567</ele><time>2022-02-06T02:50:10Z</time></trkpt><trkpt lat="33.7080971" lon="132.764111"><ele>699.8138553308726</ele><time>2022-02-06T02:51:17Z</time></trkpt><trkpt lat="33.7079827" lon="132.7642791"><ele>702.2394348289063</ele><time>2022-02-06T02:52:02Z</time></trkpt><trkpt lat="33.7078338" lon="132.7641561"><ele>709.6083592465166</ele><time>2022-02-06T02:53:25Z</time></trkpt><trkpt lat="33.7078173" lon="132.7639412"><ele>723.7563611910931</ele><time>2022-02-06T02:58:18Z</time></trkpt><trkpt lat="33.7076362" lon="132.7639543"><ele>742.2943690649454</ele><time>2022-02-06T03:00:21Z</time></trkpt><trkpt lat="33.7074617" lon="132.7640135"><ele>757.1209364050843</ele><time>2022-02-06T03:01:31Z</time></trkpt><trkpt lat="33.7072821" lon="132.7639823"><ele>766.9944605665668</ele><time>2022-02-06T03:02:50Z</time></trkpt><trkpt lat="33.7070943" lon="132.7639815"><ele>779.8049683526921</ele><time>2022-02-06T03:04:53Z</time></trkpt><trkpt lat="33.7069709" lon="132.7641451"><ele>792.9671013178742</ele><time>2022-02-06T03:06:19Z</time></trkpt><trkpt lat="33.7069514" lon="132.7643602"><ele>803.2188862295656</ele><time>2022-02-06T03:06:48Z</time></trkpt><trkpt lat="33.7069369" lon="132.7645794"><ele>808.6115606963504</ele><time>2022-02-06T03:07:15Z</time></trkpt><trkpt lat="33.7068326" lon="132.7647555"><ele>809.4082472835116</ele><time>2022-02-06T03:07:42Z</time></trkpt><trkpt lat="33.7066892" lon="132.7648882"><ele>808.7066268716499</ele><time>2022-02-06T03:08:13Z</time></trkpt><trkpt lat="33.7065383" lon="132.7650249"><ele>810.8847300032911</ele><time>2022-02-06T03:08:55Z</time></trkpt><trkpt lat="33.7064117" lon="132.7651804"><ele>815.4277919786746</ele><time>2022-02-06T03:09:34Z</time></trkpt><trkpt lat="33.7063083" lon="132.76536"><ele>821.6114699111228</ele><time>2022-02-06T03:10:04Z</time></trkpt><trkpt lat="33.706234" lon="132.7655571"><ele>826.1888352953725</ele><time>2022-02-06T03:10:47Z</time></trkpt><trkpt lat="33.7062448" lon="132.7657746"><ele>832.9729089124872</ele><time>2022-02-06T03:11:40Z</time></trkpt><trkpt lat="33.706168" lon="132.7659774"><ele>842.0970319746547</ele><time>2022-02-06T03:14:39Z</time></trkpt><trkpt lat="33.7060084" lon="132.7660789"><ele>851.78521623988</ele><time>2022-02-06T03:15:08Z</time></trkpt><trkpt lat="33.7058444" lon="132.7661726"><ele>859.7575043917523</ele><time>2022-02-06T03:15:52Z</time></trkpt><trkpt lat="33.7056797" lon="132.7662622"><ele>866.4229723174743</ele><time>2022-02-06T03:16:40Z</time></trkpt><trkpt lat="33.7054985" lon="132.7662707"><ele>873.401784238215</ele><time>2022-02-06T03:17:44Z</time></trkpt><trkpt lat="33.7053119" lon="132.766282"><ele>878.9579638346635</ele><time>2022-02-06T03:18:05Z</time></trkpt><trkpt lat="33.7051389" lon="132.766219"><ele>883.1195374471645</ele><time>2022-02-06T03:18:31Z</time></trkpt><trkpt lat="33.7049984" lon="132.7660832"><ele>886.0558566196677</ele><time>2022-02-06T03:19:21Z</time></trkpt><trkpt lat="33.7050267" lon="132.7658632"><ele>888.5333020275056</ele><time>2022-02-06T03:19:55Z</time></trkpt><trkpt lat="33.7050972" lon="132.7656578"><ele>889.7617717201932</ele><time>2022-02-06T03:20:10Z</time></trkpt><trkpt lat="33.705185" lon="132.7654679"><ele>889.5618584090074</ele><time>2022-02-06T03:20:27Z</time></trkpt><trkpt lat="33.7052794" lon="132.7652806"><ele>888.5027304594954</ele><time>2022-02-06T03:20:45Z</time></trkpt><trkpt lat="33.7052609" lon="132.7650652"><ele>891.1512173873198</ele><time>2022-02-06T03:27:36Z</time></trkpt><trkpt lat="33.7050826" lon="132.7650055"><ele>891.5386323250469</ele><time>2022-02-06T03:28:12Z</time></trkpt><trkpt lat="33.7049359" lon="132.7651365"><ele>888.9546191961689</ele><time>2022-02-06T03:29:16Z</time></trkpt><trkpt lat="33.7047939" lon="132.7652707"><ele>882.5243241022541</ele><time>2022-02-06T03:29:30Z</time></trkpt><trkpt lat="33.7046551" lon="132.7654119"><ele>877.4915929771264</ele><time>2022-02-06T03:29:45Z</time></trkpt><trkpt lat="33.7044638" lon="132.7654588"><ele>875.4087369026098</ele><time>2022-02-06T03:29:59Z</time></trkpt><trkpt lat="33.7043047" lon="132.7655674"><ele>872.2453420518837</ele><time>2022-02-06T03:30:12Z</time></trkpt><trkpt lat="33.7041732" lon="132.7654146"><ele>869.9093230307509</ele><time>2022-02-06T03:30:56Z</time></trkpt><trkpt lat="33.7040684" lon="132.7652378"><ele>866.2504767098126</ele><time>2022-02-06T03:31:27Z</time></trkpt><trkpt lat="33.7039457" lon="132.7650544"><ele>862.4908604828306</ele><time>2022-02-06T03:32:16Z</time></trkpt><trkpt lat="33.7038052" lon="132.7649157"><ele>861.756948346872</ele><time>2022-02-06T03:32:48Z</time></trkpt><trkpt lat="33.7036231" lon="132.7648697"><ele>864.6795731210477</ele><time>2022-02-06T03:33:43Z</time></trkpt><trkpt lat="33.7034453" lon="132.7648301"><ele>870.6931707435684</ele><time>2022-02-06T03:34:00Z</time></trkpt><trkpt lat="33.7032711" lon="132.7647555"><ele>874.7895090864508</ele><time>2022-02-06T03:34:50Z</time></trkpt><trkpt lat="33.7030909" lon="132.7647286"><ele>877.5784874418614</ele><time>2022-02-06T03:35:08Z</time></trkpt><trkpt lat="33.7029184" lon="132.7646593"><ele>878.6509671148748</ele><time>2022-02-06T03:36:04Z</time></trkpt><trkpt lat="33.702908" lon="132.7644431"><ele>878.688305084006</ele><time>2022-02-06T03:36:21Z</time></trkpt><trkpt lat="33.7029234" lon="132.7642274"><ele>877.3380206026708</ele><time>2022-02-06T03:36:39Z</time></trkpt><trkpt lat="33.7028006" lon="132.7640669"><ele>873.6363653394898</ele><time>2022-02-06T03:37:00Z</time></trkpt><trkpt lat="33.7027075" lon="132.7638821"><ele>870.1313615437915</ele><time>2022-02-06T03:37:14Z</time></trkpt><trkpt lat="33.7026122" lon="132.7636864"><ele>865.6851605647702</ele><time>2022-02-06T03:37:33Z</time></trkpt><trkpt lat="33.7024525" lon="132.7635815"><ele>865.0583192453388</ele><time>2022-02-06T03:37:54Z</time></trkpt><trkpt lat="33.7022787" lon="132.763509"><ele>866.7222282046927</ele><time>2022-02-06T03:38:30Z</time></trkpt><trkpt lat="33.7021011" lon="132.7634597"><ele>869.8573692194941</ele><time>2022-02-06T03:38:56Z</time></trkpt><trkpt lat="33.7019485" lon="132.7633334"><ele>872.6034660750898</ele><time>2022-02-06T03:39:13Z</time></trkpt><trkpt lat="33.7018635" lon="132.7631392"><ele>873.951037046695</ele><time>2022-02-06T03:40:16Z</time></trkpt><trkpt lat="33.7018709" lon="132.7629181"><ele>872.615559817839</ele><time>2022-02-06T03:40:31Z</time></trkpt><trkpt lat="33.701932" lon="132.7627142"><ele>870.1214398464184</ele><time>2022-02-06T03:40:42Z</time></trkpt><trkpt lat="33.7018355" lon="132.7625245"><ele>864.078574648007</ele><time>2022-02-06T03:41:18Z</time></trkpt><trkpt lat="33.7017635" lon="132.7623134"><ele>859.3286381441002</ele><time>2022-02-06T03:41:28Z</time></trkpt><trkpt lat="33.7016375" lon="132.7621517"><ele>853.5029882272029</ele><time>2022-02-06T03:41:42Z</time></trkpt><trkpt lat="33.7016098" lon="132.7619373"><ele>848.7633918645924</ele><time>2022-02-06T03:42:38Z</time></trkpt><trkpt lat="33.7016502" lon="132.761717"><ele>840.789021634591</ele><time>2022-02-06T03:43:03Z</time></trkpt><trkpt lat="33.7017201" lon="132.7615045"><ele>831.6018190580697</ele><time>2022-02-06T03:43:24Z</time></trkpt><trkpt lat="33.7018022" lon="132.7613065"><ele>817.9289887552437</ele><time>2022-02-06T03:43:54Z</time></trkpt><trkpt lat="33.7018069" lon="132.7610732"><ele>810.1747181999784</ele><time>2022-02-06T03:44:08Z</time></trkpt><trkpt lat="33.7016802" lon="132.7609156"><ele>806.5753088310838</ele><time>2022-02-06T03:44:28Z</time></trkpt><trkpt lat="33.7016324" lon="132.7606938"><ele>809.6872900814745</ele><time>2022-02-06T03:45:09Z</time></trkpt><trkpt lat="33.7015555" lon="132.7604897"><ele>811.9114708748571</ele><time>2022-02-06T03:45:34Z</time></trkpt><trkpt lat="33.7013778" lon="132.7604079"><ele>813.6166548371621</ele><time>2022-02-06T03:45:53Z</time></trkpt><trkpt lat="33.7011934" lon="132.7603589"><ele>815.3653418340187</ele><time>2022-02-06T03:46:14Z</time></trkpt><trkpt lat="33.7010343" lon="132.7602358"><ele>818.7869664283838</ele><time>2022-02-06T03:47:00Z</time></trkpt><trkpt lat="33.7008532" lon="132.7601687"><ele>822.4219134658711</ele><time>2022-02-06T03:47:32Z</time></trkpt><trkpt lat="33.7006673" lon="132.7601234"><ele>825.5700191081786</ele><time>2022-02-06T03:47:48Z</time></trkpt><trkpt lat="33.7004875" lon="132.7600821"><ele>825.9503104581003</ele><time>2022-02-06T03:48:05Z</time></trkpt><trkpt lat="33.7003646" lon="132.7599184"><ele>824.6228508636955</ele><time>2022-02-06T03:48:29Z</time></trkpt><trkpt lat="33.7001825" lon="132.7598761"><ele>820.6624540978884</ele><time>2022-02-06T03:48:45Z</time></trkpt><trkpt lat="33.7000464" lon="132.7597324"><ele>815.0111681422659</ele><time>2022-02-06T03:49:31Z</time></trkpt><trkpt lat="33.7000791" lon="132.7595148"><ele>807.8635849511503</ele><time>2022-02-06T03:49:46Z</time></trkpt><trkpt lat="33.7001715" lon="132.7593231"><ele>801.8934419495445</ele><time>2022-02-06T03:50:21Z</time></trkpt><trkpt lat="33.7002765" lon="132.759147"><ele>795.5194356236933</ele><time>2022-02-06T03:50:48Z</time></trkpt><trkpt lat="33.7002055" lon="132.7589479"><ele>785.398278364511</ele><time>2022-02-06T03:51:57Z</time></trkpt><trkpt lat="33.7000794" lon="132.7587869"><ele>766.3200836283477</ele><time>2022-02-06T03:54:16Z</time></trkpt><trkpt lat="33.6999594" lon="132.7586047"><ele>748.7768338768236</ele><time>2022-02-06T03:54:40Z</time></trkpt><trkpt lat="33.6998117" lon="132.7584764"><ele>732.1145445133061</ele><time>2022-02-06T03:55:12Z</time></trkpt><trkpt lat="33.6996109" lon="132.7582386"><ele>722.4433407489968</ele><time>2022-02-06T03:55:56Z</time></trkpt><trkpt lat="33.6995003" lon="132.7580318"><ele>714.0683531657147</ele><time>2022-02-06T03:56:08Z</time></trkpt><trkpt lat="33.6997042" lon="132.7580681"><ele>709.5109742845372</ele><time>2022-02-06T03:57:28Z</time></trkpt><trkpt lat="33.6997115" lon="132.7578478"><ele>706.0386696303981</ele><time>2022-02-06T03:58:44Z</time></trkpt><trkpt lat="33.6995266" lon="132.7578309"><ele>699.1057746466549</ele><time>2022-02-06T03:59:07Z</time></trkpt><trkpt lat="33.6995085" lon="132.7576156"><ele>693.2669230860821</ele><time>2022-02-06T03:59:20Z</time></trkpt><trkpt lat="33.6995202" lon="132.757397"><ele>690.0446236049561</ele><time>2022-02-06T03:59:38Z</time></trkpt><trkpt lat="33.6996911" lon="132.7573247"><ele>690.8282454819158</ele><time>2022-02-06T03:59:55Z</time></trkpt><trkpt lat="33.6998685" lon="132.7572422"><ele>693.1842177756113</ele><time>2022-02-06T04:00:15Z</time></trkpt><trkpt lat="33.6999258" lon="132.7570332"><ele>696.1371315879757</ele><time>2022-02-06T04:00:34Z</time></trkpt><trkpt lat="33.6999297" lon="132.7568151"><ele>699.3901738887322</ele><time>2022-02-06T04:00:50Z</time></trkpt><trkpt lat="33.7000985" lon="132.7567383"><ele>699.7764818245493</ele><time>2022-02-06T04:01:06Z</time></trkpt><trkpt lat="33.7002526" lon="132.7568587"><ele>699.8605980364233</ele><time>2022-02-06T04:02:43Z</time></trkpt><trkpt lat="33.7003407" lon="132.7570587"><ele>698.3350527995309</ele><time>2022-02-06T04:04:18Z</time></trkpt><trkpt lat="33.7004301" lon="132.7572472"><ele>698.9520853680282</ele><time>2022-02-06T04:04:32Z</time></trkpt><trkpt lat="33.7004682" lon="132.7574636"><ele>699.4275018939588</ele><time>2022-02-06T04:04:48Z</time></trkpt><trkpt lat="33.7006386" lon="132.7575344"><ele>702.7192291122766</ele><time>2022-02-06T04:05:54Z</time></trkpt><trkpt lat="33.7008005" lon="132.7574391"><ele>705.9324999100414</ele><time>2022-02-06T04:06:13Z</time></trkpt><trkpt lat="33.7009794" lon="132.7573512"><ele>709.0462659042438</ele><time>2022-02-06T04:07:24Z</time></trkpt><trkpt lat="33.7011602" lon="132.7573827"><ele>710.6060466378963</ele><time>2022-02-06T04:07:38Z</time></trkpt><trkpt lat="33.7013314" lon="132.7574561"><ele>712.1925838409206</ele><time>2022-02-06T04:07:52Z</time></trkpt><trkpt lat="33.701543" lon="132.7575062"><ele>712.6584192561886</ele><time>2022-02-06T04:08:07Z</time></trkpt><trkpt lat="33.7016761" lon="132.7576712"><ele>712.1473207821692</ele><time>2022-02-06T04:08:30Z</time></trkpt><trkpt lat="33.7016603" lon="132.7579027"><ele>711.3384389117394</ele><time>2022-02-06T04:09:27Z</time></trkpt><trkpt lat="33.7017265" lon="132.7581046"><ele>708.5428545811754</ele><time>2022-02-06T04:09:44Z</time></trkpt><trkpt lat="33.7018695" lon="132.7578693"><ele>706.7283172104121</ele><time>2022-02-06T04:16:31Z</time></trkpt><trkpt lat="33.7016864" lon="132.7579995"><ele>705.8988932920778</ele><time>2022-02-06T04:16:37Z</time></trkpt><trkpt lat="33.7017783" lon="132.758195"><ele>706.9963851523481</ele><time>2022-02-06T04:17:09Z</time></trkpt><trkpt lat="33.7018388" lon="132.7584022"><ele>707.5356690802442</ele><time>2022-02-06T04:17:19Z</time></trkpt><trkpt lat="33.701943" lon="132.7585852"><ele>707.7726113996808</ele><time>2022-02-06T04:17:31Z</time></trkpt><trkpt lat="33.702039" lon="132.7587707"><ele>707.6490669603987</ele><time>2022-02-06T04:17:47Z</time></trkpt><trkpt lat="33.7021744" lon="132.75893"><ele>706.98384148545</ele><time>2022-02-06T04:18:07Z</time></trkpt><trkpt lat="33.7023658" lon="132.7589589"><ele>705.1851221506937</ele><time>2022-02-06T04:18:22Z</time></trkpt><trkpt lat="33.7025411" lon="132.7590095"><ele>704.4644046943099</ele><time>2022-02-06T04:18:37Z</time></trkpt><trkpt lat="33.7026249" lon="132.7592039"><ele>705.4028755504643</ele><time>2022-02-06T04:18:53Z</time></trkpt><trkpt lat="33.7026764" lon="132.7594108"><ele>706.608292609002</ele><time>2022-02-06T04:19:09Z</time></trkpt><trkpt lat="33.7028318" lon="132.7595442"><ele>708.6008669714479</ele><time>2022-02-06T04:19:21Z</time></trkpt><trkpt lat="33.7030094" lon="132.7595903"><ele>709.644874780659</ele><time>2022-02-06T04:19:37Z</time></trkpt><trkpt lat="33.7031683" lon="132.7596994"><ele>711.0997710633834</ele><time>2022-02-06T04:19:53Z</time></trkpt><trkpt lat="33.7032656" lon="132.7599082"><ele>712.0878078239883</ele><time>2022-02-06T04:20:15Z</time></trkpt><trkpt lat="33.7034064" lon="132.7600485"><ele>713.6114468076476</ele><time>2022-02-06T04:20:29Z</time></trkpt><trkpt lat="33.703501" lon="132.7602351"><ele>713.7088060678053</ele><time>2022-02-06T04:20:46Z</time></trkpt><trkpt lat="33.7036733" lon="132.7603399"><ele>714.5116129009925</ele><time>2022-02-06T04:21:30Z</time></trkpt><trkpt lat="33.7038559" lon="132.7603695"><ele>712.8660716200678</ele><time>2022-02-06T04:24:40Z</time></trkpt><trkpt lat="33.7040276" lon="132.7602991"><ele>709.8481188975521</ele><time>2022-02-06T04:25:03Z</time></trkpt><trkpt lat="33.7041659" lon="132.7601561"><ele>705.2725194059154</ele><time>2022-02-06T04:25:55Z</time></trkpt><trkpt lat="33.7042899" lon="132.7599837"><ele>700.3348652326557</ele><time>2022-02-06T04:26:09Z</time></trkpt><trkpt lat="33.7043577" lon="132.7597776"><ele>696.1182059937464</ele><time>2022-02-06T04:26:24Z</time></trkpt><trkpt lat="33.7045468" lon="132.7597793"><ele>684.9107695458484</ele><time>2022-02-06T04:28:27Z</time></trkpt><trkpt lat="33.7047263" lon="132.7597379"><ele>673.4298240484587</ele><time>2022-02-06T04:28:48Z</time></trkpt><trkpt lat="33.7048753" lon="132.7596028"><ele>658.7559547717815</ele><time>2022-02-06T04:29:27Z</time></trkpt><trkpt lat="33.7050489" lon="132.7595256"><ele>649.7997403953744</ele><time>2022-02-06T04:29:44Z</time></trkpt><trkpt lat="33.7051935" lon="132.7593928"><ele>638.3763969153721</ele><time>2022-02-06T04:31:29Z</time></trkpt><trkpt lat="33.7053586" lon="132.7593036"><ele>631.5953966701469</ele><time>2022-02-06T04:32:40Z</time></trkpt><trkpt lat="33.7055311" lon="132.7592138"><ele>622.5066983025926</ele><time>2022-02-06T04:32:57Z</time></trkpt><trkpt lat="33.7056937" lon="132.7591069"><ele>615.5219760877231</ele><time>2022-02-06T04:33:30Z</time></trkpt><trkpt lat="33.7058661" lon="132.7590065"><ele>602.7009519540096</ele><time>2022-02-06T04:34:36Z</time></trkpt><trkpt lat="33.7060205" lon="132.75887"><ele>592.0844953605383</ele><time>2022-02-06T04:34:45Z</time></trkpt><trkpt lat="33.70617" lon="132.7587419"><ele>588.1782799842044</ele><time>2022-02-06T04:34:55Z</time></trkpt><trkpt lat="33.7063498" lon="132.7587178"><ele>583.5373589462057</ele><time>2022-02-06T04:35:08Z</time></trkpt><trkpt lat="33.7065306" lon="132.758703"><ele>577.1778841069295</ele><time>2022-02-06T04:35:30Z</time></trkpt><trkpt lat="33.7067112" lon="132.758681"><ele>558.3856896621187</ele><time>2022-02-06T04:37:12Z</time></trkpt><trkpt lat="33.7068989" lon="132.7586639"><ele>543.1455831047341</ele><time>2022-02-06T04:37:38Z</time></trkpt><trkpt lat="33.7069709" lon="132.7588636"><ele>528.1445726157991</ele><time>2022-02-06T04:39:47Z</time></trkpt><trkpt lat="33.7070331" lon="132.7590717"><ele>521.866198595366</ele><time>2022-02-06T04:39:59Z</time></trkpt><trkpt lat="33.7071042" lon="132.7592734"><ele>518.3950689651697</ele><time>2022-02-06T04:40:12Z</time></trkpt><trkpt lat="33.7071816" lon="132.7594683"><ele>518.3222885005731</ele><time>2022-02-06T04:40:27Z</time></trkpt><trkpt lat="33.7073475" lon="132.7595663"><ele>517.3344746052958</ele><time>2022-02-06T04:40:40Z</time></trkpt><trkpt lat="33.7075348" lon="132.7595775"><ele>516.5945209096135</ele><time>2022-02-06T04:40:58Z</time></trkpt><trkpt lat="33.7077067" lon="132.7595099"><ele>516.9836004209693</ele><time>2022-02-06T04:41:11Z</time></trkpt><trkpt lat="33.7078885" lon="132.7594807"><ele>517.1624202898855</ele><time>2022-02-06T04:41:25Z</time></trkpt><trkpt lat="33.7080747" lon="132.7595275"><ele>516.7247663791328</ele><time>2022-02-06T04:41:38Z</time></trkpt><trkpt lat="33.7082702" lon="132.7595837"><ele>513.9067711746033</ele><time>2022-02-06T04:41:51Z</time></trkpt><trkpt lat="33.7084415" lon="132.7595098"><ele>512.6166910875046</ele><time>2022-02-06T04:42:01Z</time></trkpt><trkpt lat="33.7086159" lon="132.7595761"><ele>514.5350961993735</ele><time>2022-02-06T04:42:15Z</time></trkpt><trkpt lat="33.708748" lon="132.7597235"><ele>513.5280932757722</ele><time>2022-02-06T04:42:31Z</time></trkpt><trkpt lat="33.7088661" lon="132.7595504"><ele>511.41732793756955</ele><time>2022-02-06T04:42:49Z</time></trkpt><trkpt lat="33.708999" lon="132.7593932"><ele>506.39743076927675</ele><time>2022-02-06T04:43:01Z</time></trkpt><trkpt lat="33.7091778" lon="132.7593168"><ele>504.8169326160318</ele><time>2022-02-06T04:43:40Z</time></trkpt><trkpt lat="33.7093523" lon="132.7593785"><ele>503.2463462994708</ele><time>2022-02-06T04:44:02Z</time></trkpt><trkpt lat="33.7093568" lon="132.7595988"><ele>502.37044517762666</ele><time>2022-02-06T04:44:23Z</time></trkpt><trkpt lat="33.7092197" lon="132.7597431"><ele>500.9186624363831</ele><time>2022-02-06T04:44:40Z</time></trkpt><trkpt lat="33.7091833" lon="132.7599603"><ele>500.4907627675905</ele><time>2022-02-06T04:44:59Z</time></trkpt><trkpt lat="33.7091505" lon="132.7601751"><ele>498.28793498636225</ele><time>2022-02-06T04:45:19Z</time></trkpt><trkpt lat="33.7091579" lon="132.7603958"><ele>497.8737079722553</ele><time>2022-02-06T04:45:30Z</time></trkpt><trkpt lat="33.7092819" lon="132.7605527"><ele>497.0693901164341</ele><time>2022-02-06T04:45:41Z</time></trkpt><trkpt lat="33.7094636" lon="132.7604998"><ele>496.1174370099047</ele><time>2022-02-06T04:45:51Z</time></trkpt><trkpt lat="33.7096287" lon="132.7603835"><ele>494.23696991206634</ele><time>2022-02-06T04:46:01Z</time></trkpt><trkpt lat="33.7097639" lon="132.7602377"><ele>491.76492796111535</ele><time>2022-02-06T04:46:12Z</time></trkpt><trkpt lat="33.7099195" lon="132.7601242"><ele>490.31837169171314</ele><time>2022-02-06T04:46:26Z</time></trkpt><trkpt lat="33.7100764" lon="132.7600176"><ele>490.0222647108864</ele><time>2022-02-06T04:46:42Z</time></trkpt><trkpt lat="33.7101363" lon="132.7598104"><ele>488.5206412607807</ele><time>2022-02-06T04:46:52Z</time></trkpt><trkpt lat="33.7101883" lon="132.7595986"><ele>487.3498267135363</ele><time>2022-02-06T04:47:08Z</time></trkpt><trkpt lat="33.7103658" lon="132.7596479"><ele>485.92418574119233</ele><time>2022-02-06T04:47:20Z</time></trkpt><trkpt lat="33.7104848" lon="132.7594835"><ele>483.84084661583876</ele><time>2022-02-06T04:47:34Z</time></trkpt><trkpt lat="33.7105173" lon="132.7592678"><ele>481.785564340162</ele><time>2022-02-06T04:47:52Z</time></trkpt><trkpt lat="33.7105495" lon="132.7590462"><ele>478.3097561808191</ele><time>2022-02-06T04:48:02Z</time></trkpt><trkpt lat="33.7106758" lon="132.7588886"><ele>477.0062775082517</ele><time>2022-02-06T04:48:16Z</time></trkpt><trkpt lat="33.7108631" lon="132.7588697"><ele>475.1317938889595</ele><time>2022-02-06T04:48:27Z</time></trkpt><trkpt lat="33.7110466" lon="132.7588718"><ele>473.4125146388138</ele><time>2022-02-06T04:48:38Z</time></trkpt><trkpt lat="33.7112216" lon="132.7588026"><ele>472.9439074997504</ele><time>2022-02-06T04:48:58Z</time></trkpt><trkpt lat="33.7113815" lon="132.7586861"><ele>470.6066948814744</ele><time>2022-02-06T04:49:12Z</time></trkpt><trkpt lat="33.7115645" lon="132.758733"><ele>468.36398479272174</ele><time>2022-02-06T04:49:25Z</time></trkpt><trkpt lat="33.7115185" lon="132.7589462"><ele>465.4215849557739</ele><time>2022-02-06T04:49:50Z</time></trkpt><trkpt lat="33.7116348" lon="132.7587745"><ele>465.5103513704673</ele><time>2022-02-06T04:50:27Z</time></trkpt><trkpt lat="33.7115816" lon="132.7585661"><ele>462.6561380444594</ele><time>2022-02-06T04:50:58Z</time></trkpt><trkpt lat="33.711418" lon="132.7584737"><ele>459.31138527669117</ele><time>2022-02-06T04:51:21Z</time></trkpt><trkpt lat="33.7112428" lon="132.7585362"><ele>452.23145644259813</ele><time>2022-02-06T04:51:51Z</time></trkpt><trkpt lat="33.7110622" lon="132.7585715"><ele>447.83815522637656</ele><time>2022-02-06T04:52:00Z</time></trkpt><trkpt lat="33.710876" lon="132.7585255"><ele>443.4296633684123</ele><time>2022-02-06T04:52:12Z</time></trkpt><trkpt lat="33.7106983" lon="132.7584621"><ele>442.48172925771246</ele><time>2022-02-06T04:52:24Z</time></trkpt><trkpt lat="33.7105155" lon="132.7584788"><ele>441.7336046879007</ele><time>2022-02-06T04:52:38Z</time></trkpt><trkpt lat="33.7103335" lon="132.7585203"><ele>441.3621658401796</ele><time>2022-02-06T04:52:54Z</time></trkpt><trkpt lat="33.7101514" lon="132.7585553"><ele>442.0844891051103</ele><time>2022-02-06T04:53:13Z</time></trkpt><trkpt lat="33.7100046" lon="132.7584197"><ele>445.4767878014532</ele><time>2022-02-06T04:53:36Z</time></trkpt><trkpt lat="33.7101241" lon="132.7582534"><ele>447.81927801771263</ele><time>2022-02-06T04:54:07Z</time></trkpt><trkpt lat="33.7100095" lon="132.7584253"><ele>449.48967397716206</ele><time>2022-02-06T04:54:28Z</time></trkpt><trkpt lat="33.7101748" lon="132.7585155"><ele>447.69031656258124</ele><time>2022-02-06T04:54:46Z</time></trkpt><trkpt lat="33.7103604" lon="132.7585318"><ele>446.6509550917312</ele><time>2022-02-06T04:55:02Z</time></trkpt><trkpt lat="33.7105419" lon="132.7585616"><ele>443.5557358823874</ele><time>2022-02-06T04:55:17Z</time></trkpt><trkpt lat="33.7107138" lon="132.758481"><ele>441.92677817895105</ele><time>2022-02-06T04:55:36Z</time></trkpt><trkpt lat="33.7108791" lon="132.7583922"><ele>439.05110282836523</ele><time>2022-02-06T04:55:58Z</time></trkpt><trkpt lat="33.7110648" lon="132.75832"><ele>436.71632289296275</ele><time>2022-02-06T04:56:25Z</time></trkpt><trkpt lat="33.7112076" lon="132.7581782"><ele>431.65019060731066</ele><time>2022-02-06T04:57:48Z</time></trkpt><trkpt lat="33.7113296" lon="132.7580147"><ele>429.21718519685845</ele><time>2022-02-06T04:57:59Z</time></trkpt><trkpt lat="33.7114713" lon="132.7578708"><ele>427.7113099096262</ele><time>2022-02-06T04:58:13Z</time></trkpt><trkpt lat="33.7116565" lon="132.7578664"><ele>424.7991305150229</ele><time>2022-02-06T04:58:37Z</time></trkpt><trkpt lat="33.7118332" lon="132.7577904"><ele>418.7319183947562</ele><time>2022-02-06T04:58:57Z</time></trkpt><trkpt lat="33.7119907" lon="132.7576824"><ele>411.1761857137271</ele><time>2022-02-06T04:59:52Z</time></trkpt><trkpt lat="33.7121733" lon="132.7576523"><ele>406.8305107367457</ele><time>2022-02-06T05:01:01Z</time></trkpt><trkpt lat="33.7123488" lon="132.7576021"><ele>403.0098252673417</ele><time>2022-02-06T05:03:45Z</time></trkpt><trkpt lat="33.7124648" lon="132.7574365"><ele>395.87641649079416</ele><time>2022-02-06T05:05:28Z</time></trkpt><trkpt lat="33.7125899" lon="132.7572792"><ele>389.5299508929145</ele><time>2022-02-06T05:06:08Z</time></trkpt><trkpt lat="33.7127767" lon="132.7573129"><ele>384.57396069333777</ele><time>2022-02-06T05:06:48Z</time></trkpt><trkpt lat="33.7129588" lon="132.7573075"><ele>383.3315395108393</ele><time>2022-02-06T05:07:02Z</time></trkpt><trkpt lat="33.7131393" lon="132.7573475"><ele>382.7965123467345</ele><time>2022-02-06T05:07:17Z</time></trkpt><trkpt lat="33.7133198" lon="132.7573392"><ele>381.0711255403532</ele><time>2022-02-06T05:07:30Z</time></trkpt><trkpt lat="33.7134788" lon="132.7574451"><ele>380.0761678129359</ele><time>2022-02-06T05:07:45Z</time></trkpt><trkpt lat="33.7136616" lon="132.7574095"><ele>377.75751664797014</ele><time>2022-02-06T05:08:00Z</time></trkpt><trkpt lat="33.7138383" lon="132.7573502"><ele>376.1268481013579</ele><time>2022-02-06T05:08:34Z</time></trkpt><trkpt lat="33.7136604" lon="132.7572763"><ele>372.99372892207856</ele><time>2022-02-06T05:11:25Z</time></trkpt><trkpt lat="33.7134804" lon="132.7572945"><ele>370.24163755199726</ele><time>2022-02-06T05:11:35Z</time></trkpt><trkpt lat="33.713628" lon="132.7571645"><ele>366.88378528396737</ele><time>2022-02-06T05:11:54Z</time></trkpt><trkpt lat="33.7137964" lon="132.7572499"><ele>363.7666262616937</ele><time>2022-02-06T05:12:12Z</time></trkpt><trkpt lat="33.7139737" lon="132.7573204"><ele>360.92657619432015</ele><time>2022-02-06T05:12:23Z</time></trkpt><trkpt lat="33.7141313" lon="132.7574355"><ele>358.128370007211</ele><time>2022-02-06T05:12:39Z</time></trkpt><trkpt lat="33.7143125" lon="132.7574089"><ele>356.4281847739481</ele><time>2022-02-06T05:12:53Z</time></trkpt><trkpt lat="33.7144963" lon="132.7574575"><ele>354.5152246512677</ele><time>2022-02-06T05:13:25Z</time></trkpt><trkpt lat="33.7146742" lon="132.7574989"><ele>352.6504212762756</ele><time>2022-02-06T05:13:36Z</time></trkpt><trkpt lat="33.7148568" lon="132.7575027"><ele>350.65655020092913</ele><time>2022-02-06T05:13:47Z</time></trkpt><trkpt lat="33.7150226" lon="132.757416"><ele>348.8699925122076</ele><time>2022-02-06T05:14:04Z</time></trkpt><trkpt lat="33.7151703" lon="132.7572843"><ele>347.0672792410389</ele><time>2022-02-06T05:14:32Z</time></trkpt><trkpt lat="33.7152803" lon="132.7570969"><ele>344.97335491010966</ele><time>2022-02-06T05:14:43Z</time></trkpt><trkpt lat="33.7153629" lon="132.7568979"><ele>341.88782043600054</ele><time>2022-02-06T05:14:54Z</time></trkpt><trkpt lat="33.7154763" lon="132.7567205"><ele>338.4984722514258</ele><time>2022-02-06T05:15:05Z</time></trkpt><trkpt lat="33.7156706" lon="132.7566927"><ele>336.48966110642795</ele><time>2022-02-06T05:15:16Z</time></trkpt><trkpt lat="33.715831" lon="132.7568155"><ele>334.96772910972237</ele><time>2022-02-06T05:15:24Z</time></trkpt><trkpt lat="33.7159317" lon="132.7569988"><ele>333.76610061438794</ele><time>2022-02-06T05:15:34Z</time></trkpt><trkpt lat="33.7160802" lon="132.7571352"><ele>331.2648347049598</ele><time>2022-02-06T05:15:50Z</time></trkpt><trkpt lat="33.716164" lon="132.7569326"><ele>342.68677212109105</ele><time>2022-02-06T05:16:03Z</time></trkpt><trkpt lat="33.716114" lon="132.756721"><ele>355.50464382797554</ele><time>2022-02-06T05:16:13Z</time></trkpt><trkpt lat="33.7160724" lon="132.7565092"><ele>354.18025671967695</ele><time>2022-02-06T05:16:24Z</time></trkpt><trkpt lat="33.7160782" lon="132.7562821"><ele>337.96253690067044</ele><time>2022-02-06T05:16:34Z</time></trkpt><trkpt lat="33.7161988" lon="132.7561169"><ele>321.89072886306195</ele><time>2022-02-06T05:16:45Z</time></trkpt><trkpt lat="33.7163667" lon="132.7560381"><ele>319.4044596583327</ele><time>2022-02-06T05:16:57Z</time></trkpt><trkpt lat="33.7165546" lon="132.7560313"><ele>317.299153982407</ele><time>2022-02-06T05:17:11Z</time></trkpt><trkpt lat="33.7166391" lon="132.7562259"><ele>313.80435983618685</ele><time>2022-02-06T05:17:36Z</time></trkpt><trkpt lat="33.7166362" lon="132.7564444"><ele>311.0520083906806</ele><time>2022-02-06T05:17:51Z</time></trkpt><trkpt lat="33.7164922" lon="132.7565806"><ele>308.1174608537771</ele><time>2022-02-06T05:18:06Z</time></trkpt><trkpt lat="33.7166077" lon="132.7567476"><ele>304.1463348421518</ele><time>2022-02-06T05:18:19Z</time></trkpt><trkpt lat="33.7167818" lon="132.7566744"><ele>300.8833305021899</ele><time>2022-02-06T05:18:34Z</time></trkpt><trkpt lat="33.7169412" lon="132.7565651"><ele>301.8448328603617</ele><time>2022-02-06T05:18:50Z</time></trkpt><trkpt lat="33.7170621" lon="132.7564024"><ele>303.15802783390956</ele><time>2022-02-06T05:19:02Z</time></trkpt><trkpt lat="33.7172105" lon="132.7562749"><ele>302.7697065651957</ele><time>2022-02-06T05:19:15Z</time></trkpt><trkpt lat="33.7173875" lon="132.7561694"><ele>299.5260232317434</ele><time>2022-02-06T05:19:32Z</time></trkpt><trkpt lat="33.7174906" lon="132.7559806"><ele>294.09710386685794</ele><time>2022-02-06T05:19:44Z</time></trkpt><trkpt lat="33.7176185" lon="132.7558199"><ele>293.15156824348674</ele><time>2022-02-06T05:19:57Z</time></trkpt><trkpt lat="33.7177404" lon="132.7556578"><ele>288.24460913958416</ele><time>2022-02-06T05:20:09Z</time></trkpt><trkpt lat="33.7178446" lon="132.7554716"><ele>285.68552453456226</ele><time>2022-02-06T05:20:23Z</time></trkpt><trkpt lat="33.7179401" lon="132.7552687"><ele>280.5881891228989</ele><time>2022-02-06T05:21:01Z</time></trkpt><trkpt lat="33.7180411" lon="132.7550734"><ele>276.9528165049628</ele><time>2022-02-06T05:21:10Z</time></trkpt><trkpt lat="33.7181536" lon="132.7548882"><ele>277.2480079142953</ele><time>2022-02-06T05:21:19Z</time></trkpt><trkpt lat="33.718292" lon="132.7547274"><ele>273.6661974366336</ele><time>2022-02-06T05:21:31Z</time></trkpt><trkpt lat="33.7184569" lon="132.7546157"><ele>271.62839475067875</ele><time>2022-02-06T05:21:45Z</time></trkpt><trkpt lat="33.7186179" lon="132.7545179"><ele>266.9873954583926</ele><time>2022-02-06T05:22:01Z</time></trkpt><trkpt lat="33.7187957" lon="132.7544392"><ele>264.90382285612833</ele><time>2022-02-06T05:22:16Z</time></trkpt><trkpt lat="33.7189731" lon="132.754353"><ele>262.91817063659624</ele><time>2022-02-06T05:22:31Z</time></trkpt><trkpt lat="33.719108" lon="132.7542055"><ele>260.6133866866956</ele><time>2022-02-06T05:22:42Z</time></trkpt><trkpt lat="33.7192671" lon="132.7540957"><ele>259.9706125848714</ele><time>2022-02-06T05:22:55Z</time></trkpt><trkpt lat="33.7194094" lon="132.753955"><ele>258.42857213839005</ele><time>2022-02-06T05:23:10Z</time></trkpt><trkpt lat="33.7195714" lon="132.7538439"><ele>257.2806352547118</ele><time>2022-02-06T05:23:24Z</time></trkpt><trkpt lat="33.7197029" lon="132.7536894"><ele>255.52972285294936</ele><time>2022-02-06T05:23:37Z</time></trkpt><trkpt lat="33.7198051" lon="132.7535041"><ele>254.60702075683366</ele><time>2022-02-06T05:23:49Z</time></trkpt><trkpt lat="33.719977" lon="132.7534183"><ele>253.64620093264662</ele><time>2022-02-06T05:24:04Z</time></trkpt><trkpt lat="33.720108" lon="132.7535803"><ele>253.53202795816472</ele><time>2022-02-06T05:24:14Z</time></trkpt><trkpt lat="33.7202226" lon="132.7537579"><ele>252.94880821024438</ele><time>2022-02-06T05:24:25Z</time></trkpt><trkpt lat="33.720327" lon="132.7539355"><ele>251.87468625678548</ele><time>2022-02-06T05:24:38Z</time></trkpt><trkpt lat="33.7204991" lon="132.7540009"><ele>248.89488850309377</ele><time>2022-02-06T05:25:04Z</time></trkpt><trkpt lat="33.7203905" lon="132.7538173"><ele>248.44059497880906</ele><time>2022-02-06T05:25:15Z</time></trkpt><trkpt lat="33.7203007" lon="132.7536215"><ele>248.89473434624082</ele><time>2022-02-06T05:25:26Z</time></trkpt><trkpt lat="33.720299" lon="132.7534022"><ele>246.482627681757</ele><time>2022-02-06T05:25:38Z</time></trkpt><trkpt lat="33.7202319" lon="132.7532015"><ele>241.33991821725536</ele><time>2022-02-06T05:25:53Z</time></trkpt><trkpt lat="33.7201411" lon="132.753011"><ele>237.07550478395265</ele><time>2022-02-06T05:26:06Z</time></trkpt><trkpt lat="33.7200376" lon="132.7528207"><ele>236.43590116954374</ele><time>2022-02-06T05:26:16Z</time></trkpt><trkpt lat="33.7199797" lon="132.7525987"><ele>237.06443357369744</ele><time>2022-02-06T05:26:30Z</time></trkpt><trkpt lat="33.7199032" lon="132.7524004"><ele>236.10049593120746</ele><time>2022-02-06T05:26:45Z</time></trkpt><trkpt lat="33.7198419" lon="132.752196"><ele>235.2969885003267</ele><time>2022-02-06T05:26:58Z</time></trkpt><trkpt lat="33.7199526" lon="132.7520226"><ele>234.26404488448418</ele><time>2022-02-06T05:27:19Z</time></trkpt><trkpt lat="33.7201312" lon="132.7519788"><ele>233.36546500556028</ele><time>2022-02-06T05:27:34Z</time></trkpt><trkpt lat="33.7203105" lon="132.7519235"><ele>232.05522437575647</ele><time>2022-02-06T05:27:47Z</time></trkpt><trkpt lat="33.7204899" lon="132.7518651"><ele>230.71839249744002</ele><time>2022-02-06T05:28:00Z</time></trkpt><trkpt lat="33.7206574" lon="132.7517796"><ele>228.90623828919868</ele><time>2022-02-06T05:28:13Z</time></trkpt><trkpt lat="33.7207238" lon="132.7515773"><ele>228.19999087155648</ele><time>2022-02-06T05:28:25Z</time></trkpt><trkpt lat="33.7208424" lon="132.7514061"><ele>227.3919666260705</ele><time>2022-02-06T05:28:38Z</time></trkpt><trkpt lat="33.7209929" lon="132.7512841"><ele>227.66180312841655</ele><time>2022-02-06T05:28:54Z</time></trkpt><trkpt lat="33.7211412" lon="132.7511529"><ele>226.29458812470705</ele><time>2022-02-06T05:29:08Z</time></trkpt><trkpt lat="33.7212577" lon="132.750982"><ele>225.98462390456652</ele><time>2022-02-06T05:29:21Z</time></trkpt><trkpt lat="33.721343" lon="132.7507917"><ele>225.31615867135906</ele><time>2022-02-06T05:29:34Z</time></trkpt><trkpt lat="33.721469" lon="132.7506277"><ele>225.83584901171275</ele><time>2022-02-06T05:29:47Z</time></trkpt><trkpt lat="33.7215626" lon="132.7504421"><ele>225.47022409125793</ele><time>2022-02-06T05:29:58Z</time></trkpt><trkpt lat="33.7216543" lon="132.7502448"><ele>224.0601279606948</ele><time>2022-02-06T05:30:11Z</time></trkpt><trkpt lat="33.7217801" lon="132.7500848"><ele>224.20857267090548</ele><time>2022-02-06T05:30:27Z</time></trkpt><trkpt lat="33.7219433" lon="132.749962"><ele>222.41053845734623</ele><time>2022-02-06T05:30:43Z</time></trkpt><trkpt lat="33.7220619" lon="132.7497865"><ele>223.02985637385143</ele><time>2022-02-06T05:30:58Z</time></trkpt><trkpt lat="33.7221482" lon="132.7495867"><ele>221.89987834434555</ele><time>2022-02-06T05:31:10Z</time></trkpt><trkpt lat="33.7222464" lon="132.7493956"><ele>220.44352477450562</ele><time>2022-02-06T05:31:24Z</time></trkpt><trkpt lat="33.7223677" lon="132.7492212"><ele>219.67699270646395</ele><time>2022-02-06T05:31:39Z</time></trkpt><trkpt lat="33.7224797" lon="132.7490324"><ele>218.89232036077507</ele><time>2022-02-06T05:31:55Z</time></trkpt><trkpt lat="33.7225746" lon="132.7488435"><ele>220.4131681237948</ele><time>2022-02-06T05:32:10Z</time></trkpt><trkpt lat="33.7226256" lon="132.7486347"><ele>218.84897596263713</ele><time>2022-02-06T05:32:25Z</time></trkpt><trkpt lat="33.7226643" lon="132.7484214"><ele>216.74385161455405</ele><time>2022-02-06T05:32:39Z</time></trkpt><trkpt lat="33.7226809" lon="132.7482005"><ele>218.96161126177356</ele><time>2022-02-06T05:32:53Z</time></trkpt><trkpt lat="33.722697" lon="132.7479852"><ele>217.6122088301263</ele><time>2022-02-06T05:33:06Z</time></trkpt><trkpt lat="33.7227075" lon="132.7477598"><ele>216.2086080317293</ele><time>2022-02-06T05:33:18Z</time></trkpt><trkpt lat="33.7227107" lon="132.747543"><ele>210.73541306508483</ele><time>2022-02-06T05:33:32Z</time></trkpt><trkpt lat="33.7227218" lon="132.7473248"><ele>208.67475321431638</ele><time>2022-02-06T05:33:45Z</time></trkpt><trkpt lat="33.7228049" lon="132.7471289"><ele>206.84440638830299</ele><time>2022-02-06T05:34:00Z</time></trkpt><trkpt lat="33.7229048" lon="132.746928"><ele>204.86575964178056</ele><time>2022-02-06T05:34:12Z</time></trkpt><trkpt lat="33.7229265" lon="132.7467082"><ele>203.17372115996864</ele><time>2022-02-06T05:34:25Z</time></trkpt><trkpt lat="33.7228843" lon="132.7464912"><ele>203.4485459732541</ele><time>2022-02-06T05:34:35Z</time></trkpt><trkpt lat="33.722855" lon="132.7462723"><ele>202.1005897595671</ele><time>2022-02-06T05:34:47Z</time></trkpt><trkpt lat="33.722798" lon="132.7460569"><ele>202.2151434604455</ele><time>2022-02-06T05:34:58Z</time></trkpt><trkpt lat="33.7227884" lon="132.7458376"><ele>200.9204038426749</ele><time>2022-02-06T05:35:10Z</time></trkpt><trkpt lat="33.7228112" lon="132.7456222"><ele>199.6407951139951</ele><time>2022-02-06T05:35:24Z</time></trkpt><trkpt lat="33.7228104" lon="132.7454039"><ele>196.1733465015533</ele><time>2022-02-06T05:35:43Z</time></trkpt><trkpt lat="33.7227764" lon="132.7451868"><ele>192.5074045425866</ele><time>2022-02-06T05:35:56Z</time></trkpt><trkpt lat="33.7227081" lon="132.7449803"><ele>190.66181778689466</ele><time>2022-02-06T05:36:07Z</time></trkpt><trkpt lat="33.7227673" lon="132.7447694"><ele>189.5510292184941</ele><time>2022-02-06T05:36:20Z</time></trkpt><trkpt lat="33.7227585" lon="132.7445481"><ele>189.11976244504217</ele><time>2022-02-06T05:36:35Z</time></trkpt><trkpt lat="33.7227073" lon="132.7443338"><ele>186.51972835614902</ele><time>2022-02-06T05:36:48Z</time></trkpt><trkpt lat="33.7227585" lon="132.7441267"><ele>183.34474846348516</ele><time>2022-02-06T05:37:44Z</time></trkpt><trkpt lat="33.7226711" lon="132.7439215"><ele>181.56900866306432</ele><time>2022-02-06T05:37:54Z</time></trkpt><trkpt lat="33.7226399" lon="132.7437055"><ele>179.3409705036282</ele><time>2022-02-06T05:38:05Z</time></trkpt><trkpt lat="33.7225908" lon="132.7434948"><ele>178.44101419203494</ele><time>2022-02-06T05:38:18Z</time></trkpt><trkpt lat="33.7226005" lon="132.7432726"><ele>175.78108832275976</ele><time>2022-02-06T05:38:32Z</time></trkpt><trkpt lat="33.7225573" lon="132.7430582"><ele>174.89081187772595</ele><time>2022-02-06T05:38:46Z</time></trkpt><trkpt lat="33.7225188" lon="132.7428377"><ele>175.29352843180132</ele><time>2022-02-06T05:39:02Z</time></trkpt><trkpt lat="33.722441" lon="132.7426384"><ele>173.75566082762842</ele><time>2022-02-06T05:39:17Z</time></trkpt><trkpt lat="33.7224622" lon="132.7424157"><ele>172.60946328990872</ele><time>2022-02-06T05:39:31Z</time></trkpt><trkpt lat="33.7224352" lon="132.7421965"><ele>170.6090086831331</ele><time>2022-02-06T05:39:45Z</time></trkpt><trkpt lat="33.7224067" lon="132.7419729"><ele>169.18250236527476</ele><time>2022-02-06T05:39:59Z</time></trkpt><trkpt lat="33.7223663" lon="132.74176"><ele>168.8347628909223</ele><time>2022-02-06T05:40:11Z</time></trkpt><trkpt lat="33.7223814" lon="132.7415424"><ele>166.22887528755322</ele><time>2022-02-06T05:40:25Z</time></trkpt><trkpt lat="33.7224618" lon="132.7413438"><ele>164.2026827297455</ele><time>2022-02-06T05:40:44Z</time></trkpt><trkpt lat="33.7224699" lon="132.7411282"><ele>161.64017378540473</ele><time>2022-02-06T05:40:54Z</time></trkpt><trkpt lat="33.7224628" lon="132.7409108"><ele>160.90640158305146</ele><time>2022-02-06T05:41:06Z</time></trkpt><trkpt lat="33.7224292" lon="132.740696"><ele>160.9064387250344</ele><time>2022-02-06T05:41:19Z</time></trkpt><trkpt lat="33.7223517" lon="132.7404927"><ele>160.9065707252122</ele><time>2022-02-06T05:41:38Z</time></trkpt><trkpt lat="33.7222589" lon="132.7402882"><ele>160.44013310069317</ele><time>2022-02-06T05:41:46Z</time></trkpt><trkpt lat="33.7222521" lon="132.7400722"><ele>159.3069991544514</ele><time>2022-02-06T05:42:05Z</time></trkpt><trkpt lat="33.7222138" lon="132.7398609"><ele>157.87108825056782</ele><time>2022-02-06T05:42:18Z</time></trkpt><trkpt lat="33.7221419" lon="132.7396529"><ele>155.80454838914517</ele><time>2022-02-06T05:42:33Z</time></trkpt><trkpt lat="33.7220521" lon="132.7394649"><ele>154.4047672379894</ele><time>2022-02-06T05:42:48Z</time></trkpt><trkpt lat="33.7219936" lon="132.7392548"><ele>153.30774212981206</ele><time>2022-02-06T05:43:04Z</time></trkpt><trkpt lat="33.7220441" lon="132.7390465"><ele>152.0360080401026</ele><time>2022-02-06T05:43:25Z</time></trkpt><trkpt lat="33.7220413" lon="132.7388268"><ele>150.8026889401403</ele><time>2022-02-06T05:43:37Z</time></trkpt><trkpt lat="33.7220376" lon="132.7386105"><ele>149.56930905810552</ele><time>2022-02-06T05:43:49Z</time></trkpt><trkpt lat="33.7220845" lon="132.7383887"><ele>149.60777689506907</ele><time>2022-02-06T05:44:02Z</time></trkpt><trkpt lat="33.722123" lon="132.7381761"><ele>149.6076874353769</ele><time>2022-02-06T05:44:13Z</time></trkpt><trkpt lat="33.7221445" lon="132.7379565"><ele>149.90757303309906</ele><time>2022-02-06T05:44:29Z</time></trkpt><trkpt lat="33.7222421" lon="132.7377571"><ele>150.2074022263051</ele><time>2022-02-06T05:44:46Z</time></trkpt><trkpt lat="33.7222541" lon="132.7375398"><ele>150.50726081731344</ele><time>2022-02-06T05:44:58Z</time></trkpt><trkpt lat="33.7223323" lon="132.737341"><ele>150.50705328155615</ele><time>2022-02-06T05:45:09Z</time></trkpt><trkpt lat="33.7224014" lon="132.7371412"><ele>150.50687733311787</ele><time>2022-02-06T05:45:21Z</time></trkpt><trkpt lat="33.7224888" lon="132.7369461"><ele>150.5066175058295</ele><time>2022-02-06T05:45:35Z</time></trkpt><trkpt lat="33.7226211" lon="132.7367902"><ele>150.50629739448297</ele><time>2022-02-06T05:45:49Z</time></trkpt><trkpt lat="33.7227738" lon="132.7366584"><ele>150.50588416446547</ele><time>2022-02-06T05:46:02Z</time></trkpt><trkpt lat="33.7227293" lon="132.736449"><ele>150.50561751365126</ele><time>2022-02-06T05:46:13Z</time></trkpt><trkpt lat="33.7227441" lon="132.7362303"><ele>149.63881282089295</ele><time>2022-02-06T05:46:26Z</time></trkpt><trkpt lat="33.7228823" lon="132.7360784"><ele>148.77202419007253</ele><time>2022-02-06T05:46:39Z</time></trkpt><trkpt lat="33.7230147" lon="132.7359228"><ele>147.90503871404496</ele><time>2022-02-06T05:46:54Z</time></trkpt><trkpt lat="33.7231532" lon="132.7357737"><ele>147.90458418450183</ele><time>2022-02-06T05:47:06Z</time></trkpt><trkpt lat="33.7233375" lon="132.7357651"><ele>147.7659669461384</ele><time>2022-02-06T05:47:29Z</time></trkpt><trkpt lat="33.7234829" lon="132.7356272"><ele>147.39746042234594</ele><time>2022-02-06T05:47:40Z</time></trkpt><trkpt lat="33.7236231" lon="132.7354893"><ele>147.360890491745</ele><time>2022-02-06T05:47:54Z</time></trkpt><trkpt lat="33.7237142" lon="132.7353011"><ele>147.39954126390776</ele><time>2022-02-06T05:48:09Z</time></trkpt><trkpt lat="33.7237996" lon="132.7351068"><ele>147.40191863548225</ele><time>2022-02-06T05:48:21Z</time></trkpt><trkpt lat="33.7238242" lon="132.7348854"><ele>146.74866683440993</ele><time>2022-02-06T05:48:32Z</time></trkpt><trkpt lat="33.723886" lon="132.7346762"><ele>145.84737196866936</ele><time>2022-02-06T05:49:37Z</time></trkpt><trkpt lat="33.7239701" lon="132.7348672"><ele>144.28632585504002</ele><time>2022-02-06T05:56:13Z</time></trkpt><trkpt lat="33.7241234" lon="132.7349931"><ele>143.72308194159075</ele><time>2022-02-06T05:56:27Z</time></trkpt><trkpt lat="33.7242374" lon="132.7351631"><ele>143.60747756172793</ele><time>2022-02-06T05:56:43Z</time></trkpt><trkpt lat="33.724412" lon="132.7352198"><ele>147.4256533133698</ele><time>2022-02-06T05:57:00Z</time></trkpt><trkpt lat="33.724595" lon="132.7352608"><ele>148.69522369788535</ele><time>2022-02-06T05:57:12Z</time></trkpt><trkpt lat="33.724769" lon="132.7353191"><ele>150.04417658270157</ele><time>2022-02-06T05:57:27Z</time></trkpt><trkpt lat="33.7249361" lon="132.7352331"><ele>148.262370461824</ele><time>2022-02-06T05:57:41Z</time></trkpt><trkpt lat="33.7250583" lon="132.7350613"><ele>148.83917989125442</ele><time>2022-02-06T05:57:53Z</time></trkpt><trkpt lat="33.7251966" lon="132.7349129"><ele>150.23756799998694</ele><time>2022-02-06T05:58:08Z</time></trkpt><trkpt lat="33.7253786" lon="132.7349472"><ele>152.59694932106547</ele><time>2022-02-06T05:58:34Z</time></trkpt><trkpt lat="33.7255602" lon="132.7350124"><ele>155.2843022189717</ele><time>2022-02-06T05:58:49Z</time></trkpt><trkpt lat="33.725736" lon="132.7350644"><ele>157.3221391494309</ele><time>2022-02-06T05:59:03Z</time></trkpt><trkpt lat="33.7258968" lon="132.7351702"><ele>159.53760350470372</ele><time>2022-02-06T05:59:23Z</time></trkpt><trkpt lat="33.7260665" lon="132.7352468"><ele>162.7572215318883</ele><time>2022-02-06T05:59:55Z</time></trkpt><trkpt lat="33.7262528" lon="132.7352305"><ele>166.66686548778088</ele><time>2022-02-06T06:00:10Z</time></trkpt><trkpt lat="33.7264272" lon="132.7351695"><ele>170.05074914922767</ele><time>2022-02-06T06:00:21Z</time></trkpt><trkpt lat="33.7265858" lon="132.7350516"><ele>172.3111768559048</ele><time>2022-02-06T06:00:38Z</time></trkpt><trkpt lat="33.7266927" lon="132.7348756"><ele>174.3965768752458</ele><time>2022-02-06T06:00:59Z</time></trkpt><trkpt lat="33.7268059" lon="132.7347049"><ele>176.7902725378179</ele><time>2022-02-06T06:01:14Z</time></trkpt><trkpt lat="33.7269676" lon="132.7345986"><ele>179.27872691578293</ele><time>2022-02-06T06:01:35Z</time></trkpt><trkpt lat="33.7271171" lon="132.7344759"><ele>182.78495489651718</ele><time>2022-02-06T06:02:20Z</time></trkpt><trkpt lat="33.7272885" lon="132.7344083"><ele>186.6653594287986</ele><time>2022-02-06T06:02:42Z</time></trkpt><trkpt lat="33.7274347" lon="132.7342759"><ele>190.57796100151458</ele><time>2022-02-06T06:03:04Z</time></trkpt><trkpt lat="33.727617" lon="132.7342974"><ele>193.52983591196792</ele><time>2022-02-06T06:03:23Z</time></trkpt><trkpt lat="33.727713" lon="132.7344843"><ele>196.35901097446887</ele><time>2022-02-06T06:03:41Z</time></trkpt><trkpt lat="33.7276884" lon="132.7346983"><ele>199.535281903724</ele><time>2022-02-06T06:03:59Z</time></trkpt><trkpt lat="33.7275258" lon="132.7347966"><ele>202.21498210794846</ele><time>2022-02-06T06:04:15Z</time></trkpt><trkpt lat="33.7274168" lon="132.7349726"><ele>204.89174002521372</ele><time>2022-02-06T06:04:37Z</time></trkpt><trkpt lat="33.7273211" lon="132.7351567"><ele>207.12438213659163</ele><time>2022-02-06T06:04:59Z</time></trkpt><trkpt lat="33.727448" lon="132.7353103"><ele>210.4453789571418</ele><time>2022-02-06T06:05:53Z</time></trkpt><trkpt lat="33.7275861" lon="132.7354612"><ele>213.5935735713075</ele><time>2022-02-06T06:06:06Z</time></trkpt><trkpt lat="33.7277608" lon="132.7355421"><ele>216.157377707608</ele><time>2022-02-06T06:06:18Z</time></trkpt><trkpt lat="33.727945" lon="132.7355282"><ele>217.89541211836521</ele><time>2022-02-06T06:06:32Z</time></trkpt><trkpt lat="33.7280893" lon="132.7353848"><ele>218.19276056340792</ele><time>2022-02-06T06:06:51Z</time></trkpt><trkpt lat="33.7282138" lon="132.7352225"><ele>219.5427259612526</ele><time>2022-02-06T06:07:09Z</time></trkpt><trkpt lat="33.7282961" lon="132.7350294"><ele>220.42061983221097</ele><time>2022-02-06T06:07:23Z</time></trkpt><trkpt lat="33.7284667" lon="132.7349514"><ele>222.72481456435898</ele><time>2022-02-06T06:07:45Z</time></trkpt><trkpt lat="33.7285856" lon="132.734788"><ele>224.93386938435876</ele><time>2022-02-06T06:08:03Z</time></trkpt><trkpt lat="33.7287244" lon="132.7346496"><ele>226.71136660890753</ele><time>2022-02-06T06:08:21Z</time></trkpt><trkpt lat="33.7288787" lon="132.7345355"><ele>228.83633590161148</ele><time>2022-02-06T06:08:36Z</time></trkpt><trkpt lat="33.7290281" lon="132.7344123"><ele>230.248791466889</ele><time>2022-02-06T06:08:56Z</time></trkpt><trkpt lat="33.7291782" lon="132.7342919"><ele>232.50739224476078</ele><time>2022-02-06T06:09:12Z</time></trkpt><trkpt lat="33.7292945" lon="132.7341207"><ele>234.01297753896492</ele><time>2022-02-06T06:09:25Z</time></trkpt><trkpt lat="33.7293596" lon="132.7339151"><ele>235.5009729554661</ele><time>2022-02-06T06:09:40Z</time></trkpt><trkpt lat="33.7293577" lon="132.7336963"><ele>237.02600286106426</ele><time>2022-02-06T06:09:56Z</time></trkpt><trkpt lat="33.7294575" lon="132.7335149"><ele>239.76872580800855</ele><time>2022-02-06T06:10:12Z</time></trkpt><trkpt lat="33.7296223" lon="132.7334139"><ele>241.84213026444434</ele><time>2022-02-06T06:10:26Z</time></trkpt><trkpt lat="33.7297723" lon="132.7332883"><ele>245.61343665974061</ele><time>2022-02-06T06:10:42Z</time></trkpt><trkpt lat="33.7299531" lon="132.7332973"><ele>248.36607900917727</ele><time>2022-02-06T06:11:04Z</time></trkpt><trkpt lat="33.729957" lon="132.7335192"><ele>253.1910552208404</ele><time>2022-02-06T06:11:31Z</time></trkpt><trkpt lat="33.730006" lon="132.7337326"><ele>255.083296119341</ele><time>2022-02-06T06:11:41Z</time></trkpt><trkpt lat="33.7301272" lon="132.7338974"><ele>257.3712753220844</ele><time>2022-02-06T06:11:52Z</time></trkpt><trkpt lat="33.7302507" lon="132.7340641"><ele>258.2523500576405</ele><time>2022-02-06T06:12:00Z</time></trkpt><trkpt lat="33.730433" lon="132.7340687"><ele>260.78910297108456</ele><time>2022-02-06T06:12:26Z</time></trkpt><trkpt lat="33.7306131" lon="132.734043"><ele>262.87537807103587</ele><time>2022-02-06T06:12:47Z</time></trkpt><trkpt lat="33.7307181" lon="132.7342251"><ele>265.31418494225954</ele><time>2022-02-06T06:13:04Z</time></trkpt><trkpt lat="33.7306531" lon="132.7344285"><ele>265.5398157789362</ele><time>2022-02-06T06:13:18Z</time></trkpt><trkpt lat="33.7305301" lon="132.7345925"><ele>266.2461913032807</ele><time>2022-02-06T06:13:31Z</time></trkpt><trkpt lat="33.7304175" lon="132.7347673"><ele>267.24680075771454</ele><time>2022-02-06T06:13:50Z</time></trkpt><trkpt lat="33.730273" lon="132.7349176"><ele>269.41524365149655</ele><time>2022-02-06T06:14:09Z</time></trkpt><trkpt lat="33.730138" lon="132.7350753"><ele>270.30081506507</ele><time>2022-02-06T06:14:24Z</time></trkpt><trkpt lat="33.730078" lon="132.7352831"><ele>270.0818082253525</ele><time>2022-02-06T06:14:38Z</time></trkpt><trkpt lat="33.7300258" lon="132.7354912"><ele>270.81640931677873</ele><time>2022-02-06T06:14:53Z</time></trkpt><trkpt lat="33.7301455" lon="132.7356588"><ele>271.8346446743273</ele><time>2022-02-06T06:15:09Z</time></trkpt><trkpt lat="33.7303205" lon="132.7355675"><ele>273.61510577419045</ele><time>2022-02-06T06:15:46Z</time></trkpt><trkpt lat="33.730495" lon="132.735644"><ele>274.3839720461944</ele><time>2022-02-06T06:15:58Z</time></trkpt><trkpt lat="33.7306739" lon="132.7356836"><ele>275.1518310892665</ele><time>2022-02-06T06:16:16Z</time></trkpt><trkpt lat="33.7308588" lon="132.7356738"><ele>276.5142886679889</ele><time>2022-02-06T06:16:37Z</time></trkpt><trkpt lat="33.7310411" lon="132.7357059"><ele>277.7743196222991</ele><time>2022-02-06T06:16:47Z</time></trkpt><trkpt lat="33.7312218" lon="132.7357358"><ele>280.5001547332561</ele><time>2022-02-06T06:19:13Z</time></trkpt><trkpt lat="33.73139" lon="132.7356237"><ele>281.7651754679007</ele><time>2022-02-06T06:19:27Z</time></trkpt><trkpt lat="33.7315127" lon="132.7354549"><ele>283.59006572258113</ele><time>2022-02-06T06:19:42Z</time></trkpt><trkpt lat="33.7315997" lon="132.7352597"><ele>283.62139483993076</ele><time>2022-02-06T06:20:00Z</time></trkpt><trkpt lat="33.7317566" lon="132.7351516"><ele>285.00507462784043</ele><time>2022-02-06T06:20:15Z</time></trkpt><trkpt lat="33.7319257" lon="132.7352468"><ele>287.5325934930091</ele><time>2022-02-06T06:20:30Z</time></trkpt><trkpt lat="33.7320587" lon="132.7354161"><ele>288.6070117733877</ele><time>2022-02-06T06:20:43Z</time></trkpt><trkpt lat="33.7322136" lon="132.7355329"><ele>290.2499146237803</ele><time>2022-02-06T06:20:56Z</time></trkpt><trkpt lat="33.7323958" lon="132.7354833"><ele>290.3662302492933</ele><time>2022-02-06T06:21:12Z</time></trkpt><trkpt lat="33.7323889" lon="132.7352624"><ele>293.2015244623757</ele><time>2022-02-06T06:21:26Z</time></trkpt><trkpt lat="33.7323143" lon="132.7350568"><ele>294.8949752272532</ele><time>2022-02-06T06:21:39Z</time></trkpt><trkpt lat="33.7324122" lon="132.7348674"><ele>297.0707005933877</ele><time>2022-02-06T06:21:54Z</time></trkpt><trkpt lat="33.732558" lon="132.7347287"><ele>298.6122878780563</ele><time>2022-02-06T06:22:09Z</time></trkpt><trkpt lat="33.7327436" lon="132.7346756"><ele>299.4732783577748</ele><time>2022-02-06T06:22:23Z</time></trkpt><trkpt lat="33.7329169" lon="132.734759"><ele>300.9348713123299</ele><time>2022-02-06T06:22:34Z</time></trkpt><trkpt lat="33.7330027" lon="132.7349497"><ele>300.8818400487985</ele><time>2022-02-06T06:22:44Z</time></trkpt><trkpt lat="33.7331677" lon="132.7350425"><ele>303.5880961858743</ele><time>2022-02-06T06:23:11Z</time></trkpt><trkpt lat="33.7332599" lon="132.734854"><ele>304.7291123205887</ele><time>2022-02-06T06:23:24Z</time></trkpt><trkpt lat="33.7333451" lon="132.7346572"><ele>306.62722750419215</ele><time>2022-02-06T06:23:38Z</time></trkpt><trkpt lat="33.7335187" lon="132.7347347"><ele>309.2551235814936</ele><time>2022-02-06T06:24:14Z</time></trkpt><trkpt lat="33.7336599" lon="132.7348775"><ele>309.21171942032555</ele><time>2022-02-06T06:24:28Z</time></trkpt><trkpt lat="33.7337053" lon="132.7350912"><ele>309.7796618631102</ele><time>2022-02-06T06:25:06Z</time></trkpt><trkpt lat="33.7336902" lon="132.7353088"><ele>310.46655338631825</ele><time>2022-02-06T06:25:48Z</time></trkpt><trkpt lat="33.7336913" lon="132.7355411"><ele>315.1498663866657</ele><time>2022-02-06T06:26:00Z</time></trkpt><trkpt lat="33.7338011" lon="132.735714"><ele>320.46598933234486</ele><time>2022-02-06T06:26:15Z</time></trkpt><trkpt lat="33.7339854" lon="132.735764"><ele>322.5280134026286</ele><time>2022-02-06T06:26:34Z</time></trkpt><trkpt lat="33.7341372" lon="132.7356284"><ele>324.4473228589812</ele><time>2022-02-06T06:26:50Z</time></trkpt><trkpt lat="33.7342998" lon="132.7357264"><ele>325.0263292236975</ele><time>2022-02-06T06:27:05Z</time></trkpt><trkpt lat="33.7344697" lon="132.735811"><ele>326.5413663212894</ele><time>2022-02-06T06:27:23Z</time></trkpt><trkpt lat="33.7346537" lon="132.7358023"><ele>327.390532724933</ele><time>2022-02-06T06:27:37Z</time></trkpt><trkpt lat="33.7348298" lon="132.735745"><ele>329.2243219975107</ele><time>2022-02-06T06:27:56Z</time></trkpt><trkpt lat="33.7349866" lon="132.7356366"><ele>330.4385445454703</ele><time>2022-02-06T06:28:11Z</time></trkpt><trkpt lat="33.7351818" lon="132.7356824"><ele>332.61903373977833</ele><time>2022-02-06T06:28:31Z</time></trkpt><trkpt lat="33.7353153" lon="132.7358298"><ele>335.555795492176</ele><time>2022-02-06T06:28:46Z</time></trkpt><trkpt lat="33.7354152" lon="132.736023"><ele>338.27597343560666</ele><time>2022-02-06T06:29:00Z</time></trkpt><trkpt lat="33.7355898" lon="132.7361095"><ele>340.2164682989264</ele><time>2022-02-06T06:29:18Z</time></trkpt><trkpt lat="33.7357487" lon="132.7362312"><ele>341.5047369382424</ele><time>2022-02-06T06:29:32Z</time></trkpt><trkpt lat="33.7359167" lon="132.7363232"><ele>342.68648101910577</ele><time>2022-02-06T06:29:47Z</time></trkpt><trkpt lat="33.7359019" lon="132.7365481"><ele>344.88530281809966</ele><time>2022-02-06T06:29:59Z</time></trkpt><trkpt lat="33.7358156" lon="132.7367611"><ele>347.4399779977169</ele><time>2022-02-06T06:30:11Z</time></trkpt><trkpt lat="33.7359297" lon="132.7369392"><ele>350.256587001348</ele><time>2022-02-06T06:30:30Z</time></trkpt><trkpt lat="33.7361105" lon="132.7369467"><ele>352.3865979617063</ele><time>2022-02-06T06:30:52Z</time></trkpt><trkpt lat="33.7362286" lon="132.7367834"><ele>353.59336356172116</ele><time>2022-02-06T06:31:06Z</time></trkpt><trkpt lat="33.7362866" lon="132.736571"><ele>355.3053884613834</ele><time>2022-02-06T06:31:20Z</time></trkpt><trkpt lat="33.7363746" lon="132.7363788"><ele>356.8953505812012</ele><time>2022-02-06T06:31:36Z</time></trkpt><trkpt lat="33.7365551" lon="132.7363831"><ele>358.76076667490725</ele><time>2022-02-06T06:31:54Z</time></trkpt><trkpt lat="33.7367431" lon="132.7363989"><ele>359.97931452812514</ele><time>2022-02-06T06:32:08Z</time></trkpt><trkpt lat="33.7369222" lon="132.7363657"><ele>359.81981919688127</ele><time>2022-02-06T06:32:22Z</time></trkpt><trkpt lat="33.7371011" lon="132.7362933"><ele>360.35814047693594</ele><time>2022-02-06T06:32:39Z</time></trkpt><trkpt lat="33.7371448" lon="132.7360838"><ele>358.69209621821193</ele><time>2022-02-06T06:32:51Z</time></trkpt><trkpt lat="33.7370053" lon="132.7359363"><ele>359.2423328750913</ele><time>2022-02-06T06:33:05Z</time></trkpt><trkpt lat="33.7368266" lon="132.7358787"><ele>357.7723800733025</ele><time>2022-02-06T06:33:16Z</time></trkpt><trkpt lat="33.7367052" lon="132.7357058"><ele>358.1155249082549</ele><time>2022-02-06T06:33:29Z</time></trkpt><trkpt lat="33.7366495" lon="132.7354855"><ele>357.78067310856073</ele><time>2022-02-06T06:33:45Z</time></trkpt><trkpt lat="33.736598" lon="132.7352737"><ele>358.12859785150386</ele><time>2022-02-06T06:33:59Z</time></trkpt><trkpt lat="33.7365238" lon="132.7350641"><ele>358.54484668491926</ele><time>2022-02-06T06:34:13Z</time></trkpt><trkpt lat="33.7363381" lon="132.7351192"><ele>357.5954989325837</ele><time>2022-02-06T06:34:29Z</time></trkpt><trkpt lat="33.7361584" lon="132.7352027"><ele>356.28073694053234</ele><time>2022-02-06T06:34:40Z</time></trkpt><trkpt lat="33.7359878" lon="132.7351259"><ele>354.9393381613845</ele><time>2022-02-06T06:34:55Z</time></trkpt><trkpt lat="33.7360029" lon="132.7349018"><ele>353.7204862944952</ele><time>2022-02-06T06:35:05Z</time></trkpt><trkpt lat="33.7360201" lon="132.7346792"><ele>353.04394678023385</ele><time>2022-02-06T06:35:15Z</time></trkpt><trkpt lat="33.7360081" lon="132.7344533"><ele>352.8091654922361</ele><time>2022-02-06T06:35:29Z</time></trkpt><trkpt lat="33.7359356" lon="132.7342468"><ele>353.2184299341443</ele><time>2022-02-06T06:35:43Z</time></trkpt><trkpt lat="33.7358337" lon="132.7340627"><ele>354.6583135080429</ele><time>2022-02-06T06:36:01Z</time></trkpt><trkpt lat="33.7357553" lon="132.7338589"><ele>354.4477093297319</ele><time>2022-02-06T06:36:15Z</time></trkpt><trkpt lat="33.7357065" lon="132.733647"><ele>355.7448426607636</ele><time>2022-02-06T06:36:31Z</time></trkpt><trkpt lat="33.7358356" lon="132.7334919"><ele>355.32765435020207</ele><time>2022-02-06T06:36:47Z</time></trkpt><trkpt lat="33.7359912" lon="132.7333684"><ele>355.0366583333864</ele><time>2022-02-06T06:37:12Z</time></trkpt><trkpt lat="33.7361714" lon="132.7332707"><ele>353.3665714346965</ele><time>2022-02-06T06:37:23Z</time></trkpt><trkpt lat="33.7363307" lon="132.7331677"><ele>352.5819737190245</ele><time>2022-02-06T06:37:31Z</time></trkpt><trkpt lat="33.7364929" lon="132.7330419"><ele>350.83688795303397</ele><time>2022-02-06T06:37:46Z</time></trkpt><trkpt lat="33.7366211" lon="132.7328827"><ele>350.43586071717374</ele><time>2022-02-06T06:38:00Z</time></trkpt><trkpt lat="33.7367462" lon="132.7327237"><ele>349.6547264733861</ele><time>2022-02-06T06:38:15Z</time></trkpt><trkpt lat="33.7367098" lon="132.7325116"><ele>350.13027132117213</ele><time>2022-02-06T06:38:33Z</time></trkpt><trkpt lat="33.7365529" lon="132.7323993"><ele>349.2590020881374</ele><time>2022-02-06T06:38:45Z</time></trkpt><trkpt lat="33.7365907" lon="132.7321876"><ele>348.2958664896693</ele><time>2022-02-06T06:39:00Z</time></trkpt><trkpt lat="33.7367361" lon="132.7320549"><ele>348.45089480862976</ele><time>2022-02-06T06:39:14Z</time></trkpt><trkpt lat="33.7369128" lon="132.7319848"><ele>347.17113687666296</ele><time>2022-02-06T06:39:30Z</time></trkpt><trkpt lat="33.7370962" lon="132.7319683"><ele>344.8828948871735</ele><time>2022-02-06T06:39:42Z</time></trkpt><trkpt lat="33.7372665" lon="132.7320569"><ele>343.35030582687705</ele><time>2022-02-06T06:39:54Z</time></trkpt><trkpt lat="33.7374435" lon="132.7321251"><ele>342.66673634812634</ele><time>2022-02-06T06:40:07Z</time></trkpt><trkpt lat="33.7375173" lon="132.7323247"><ele>342.5043299866343</ele><time>2022-02-06T06:40:21Z</time></trkpt><trkpt lat="33.7375944" lon="132.7325231"><ele>341.7749696684455</ele><time>2022-02-06T06:40:35Z</time></trkpt><trkpt lat="33.7377693" lon="132.7326041"><ele>340.5784852163443</ele><time>2022-02-06T06:40:46Z</time></trkpt><trkpt lat="33.7379434" lon="132.7325348"><ele>340.09952964497995</ele><time>2022-02-06T06:41:01Z</time></trkpt><trkpt lat="33.738074" lon="132.732369"><ele>338.49287295451796</ele><time>2022-02-06T06:41:17Z</time></trkpt><trkpt lat="33.7382662" lon="132.7323637"><ele>336.8315034064531</ele><time>2022-02-06T06:41:33Z</time></trkpt><trkpt lat="33.7383911" lon="132.732542"><ele>335.332259493819</ele><time>2022-02-06T06:41:44Z</time></trkpt><trkpt lat="33.73855" lon="132.7326925"><ele>334.9835497020222</ele><time>2022-02-06T06:42:34Z</time></trkpt><trkpt lat="33.738723" lon="132.7327552"><ele>334.6504147921508</ele><time>2022-02-06T06:42:43Z</time></trkpt><trkpt lat="33.7388066" lon="132.7329491"><ele>333.7095647742781</ele><time>2022-02-06T06:42:59Z</time></trkpt><trkpt lat="33.7388223" lon="132.7331744"><ele>332.101565322324</ele><time>2022-02-06T06:43:14Z</time></trkpt><trkpt lat="33.7388864" lon="132.7333781"><ele>332.143067984922</ele><time>2022-02-06T06:43:30Z</time></trkpt><trkpt lat="33.7390317" lon="132.7335066"><ele>332.2396052502002</ele><time>2022-02-06T06:43:45Z</time></trkpt><trkpt lat="33.7391454" lon="132.7333342"><ele>332.52659725968806</ele><time>2022-02-06T06:43:56Z</time></trkpt><trkpt lat="33.7392877" lon="132.7331643"><ele>328.63512050047</ele><time>2022-02-06T06:44:10Z</time></trkpt></trkseg></trk></gpx>