"mountain_no","mountain_name","summit_candidate_id","candidate_rank","candidate_review_classification","grounding_assisted_candidate_score","grounding_match_status","grounding_distance_m","grounding_distance_tier","grounding_elevation_diff_m","source_gpx_basename","track_name","stage21_link_status","review_reason_codes","notes"
"52","天神山","summit-candidate:452c10a1db199870","1","review_deferred_stage21_supported","0.456","grounding_contradicted_or_unrelated","31645.9","grounding_contradicted_or_unrelated","","yamap_2022-03-20_07_06.gpx","大久保山・八里ヶ峠・中坂山・天神山・室岡山・潮見山","present_in_stage21","grounding_far_from_candidate","mountain=天神山(#52); candidate=summit-candidate:452c10a1db199870; grounding_match=grounding_contradicted_or_unrelated; score=0.456"
"52","天神山","summit-candidate:c2c9094225d1da63","2","deferred_alternative","0.408","grounding_contradicted_or_unrelated","32321.5","grounding_contradicted_or_unrelated","","yamap_2022-03-20_07_06.gpx","大久保山・八里ヶ峠・中坂山・天神山・室岡山・潮見山","present_in_stage21","grounding_far_from_candidate","mountain=天神山(#52); candidate=summit-candidate:c2c9094225d1da63; grounding_match=grounding_contradicted_or_unrelated; score=0.408"
"52","天神山","summit-candidate:e4808690532bb46c","3","deferred_alternative","0.36","grounding_contradicted_or_unrelated","29535.6","grounding_contradicted_or_unrelated","","yamap_2022-02-15_10_36.gpx","天神山・御幸寺山","present_in_stage21","grounding_far_from_candidate","mountain=天神山(#52); candidate=summit-candidate:e4808690532bb46c; grounding_match=grounding_contradicted_or_unrelated; score=0.36"
"52","天神山","summit-candidate:543b4550a3ef3e87","4","deferred_alternative","0.36","grounding_contradicted_or_unrelated","30220","grounding_contradicted_or_unrelated","","yamap_2022-02-15_10_36.gpx","天神山・御幸寺山","present_in_stage21","grounding_far_from_candidate","mountain=天神山(#52); candidate=summit-candidate:543b4550a3ef3e87; grounding_match=grounding_contradicted_or_unrelated; score=0.36"
"52","天神山","summit-candidate:5e94c87cc5fcc87b","5","deferred_alternative","0.36","grounding_contradicted_or_unrelated","30968.7","grounding_contradicted_or_unrelated","","yamap_2022-03-20_07_06.gpx","大久保山・八里ヶ峠・中坂山・天神山・室岡山・潮見山","present_in_stage21","grounding_far_from_candidate","mountain=天神山(#52); candidate=summit-candidate:5e94c87cc5fcc87b; grounding_match=grounding_contradicted_or_unrelated; score=0.36"
"52","天神山","summit-candidate:5aff666aa93b3a17","6","deferred_alternative","0.36","grounding_contradicted_or_unrelated","31952","grounding_contradicted_or_unrelated","","yamap_2022-03-20_07_06.gpx","大久保山・八里ヶ峠・中坂山・天神山・室岡山・潮見山","present_in_stage21","grounding_far_from_candidate","mountain=天神山(#52); candidate=summit-candidate:5aff666aa93b3a17; grounding_match=grounding_contradicted_or_unrelated; score=0.36"
"53","室岡山","summit-candidate:452c10a1db199870","1","review_deferred_stage21_supported","0.408","grounding_contradicted_or_unrelated","32142.4","grounding_contradicted_or_unrelated","","yamap_2022-03-20_07_06.gpx","大久保山・八里ヶ峠・中坂山・天神山・室岡山・潮見山","present_in_stage21","grounding_far_from_candidate","mountain=室岡山(#53); candidate=summit-candidate:452c10a1db199870; grounding_match=grounding_contradicted_or_unrelated; score=0.408"
"53","室岡山","summit-candidate:c2c9094225d1da63","2","deferred_alternative","0.408","grounding_contradicted_or_unrelated","32812","grounding_contradicted_or_unrelated","","yamap_2022-03-20_07_06.gpx","大久保山・八里ヶ峠・中坂山・天神山・室岡山・潮見山","present_in_stage21","grounding_far_from_candidate","mountain=室岡山(#53); candidate=summit-candidate:c2c9094225d1da63; grounding_match=grounding_contradicted_or_unrelated; score=0.408"
"53","室岡山","summit-candidate:5e94c87cc5fcc87b","3","deferred_alternative","0.36","grounding_contradicted_or_unrelated","31452","grounding_contradicted_or_unrelated","","yamap_2022-03-20_07_06.gpx","大久保山・八里ヶ峠・中坂山・天神山・室岡山・潮見山","present_in_stage21","grounding_far_from_candidate","mountain=室岡山(#53); candidate=summit-candidate:5e94c87cc5fcc87b; grounding_match=grounding_contradicted_or_unrelated; score=0.36"
"53","室岡山","summit-candidate:5aff666aa93b3a17","4","deferred_alternative","0.36","grounding_contradicted_or_unrelated","32434.7","grounding_contradicted_or_unrelated","","yamap_2022-03-20_07_06.gpx","大久保山・八里ヶ峠・中坂山・天神山・室岡山・潮見山","present_in_stage21","grounding_far_from_candidate","mountain=室岡山(#53); candidate=summit-candidate:5aff666aa93b3a17; grounding_match=grounding_contradicted_or_unrelated; score=0.36"
"54","潮見山","summit-candidate:3259dfe3d9ce60c5","1","review_deferred_stage21_supported","0.456","grounding_contradicted_or_unrelated","21518.8","grounding_contradicted_or_unrelated","","yamap_2022-03-23_07_38.gpx","明神山・潮見山","present_in_stage21","grounding_far_from_candidate","mountain=潮見山(#54); candidate=summit-candidate:3259dfe3d9ce60c5; grounding_match=grounding_contradicted_or_unrelated; score=0.456"
"54","潮見山","summit-candidate:452c10a1db199870","2","deferred_alternative","0.408","grounding_contradicted_or_unrelated","31394.2","grounding_contradicted_or_unrelated","","yamap_2022-03-20_07_06.gpx","大久保山・八里ヶ峠・中坂山・天神山・室岡山・潮見山","present_in_stage21","grounding_far_from_candidate","mountain=潮見山(#54); candidate=summit-candidate:452c10a1db199870; grounding_match=grounding_contradicted_or_unrelated; score=0.408"
"54","潮見山","summit-candidate:c2c9094225d1da63","3","deferred_alternative","0.408","grounding_contradicted_or_unrelated","32073.3","grounding_contradicted_or_unrelated","","yamap_2022-03-20_07_06.gpx","大久保山・八里ヶ峠・中坂山・天神山・室岡山・潮見山","present_in_stage21","grounding_far_from_candidate","mountain=潮見山(#54); candidate=summit-candidate:c2c9094225d1da63; grounding_match=grounding_contradicted_or_unrelated; score=0.408"
"54","潮見山","summit-candidate:45439217573adfc4","4","deferred_alternative","0.36","grounding_contradicted_or_unrelated","20805.8","grounding_contradicted_or_unrelated","","yamap_2022-03-23_07_38.gpx","明神山・潮見山","present_in_stage21","grounding_far_from_candidate","mountain=潮見山(#54); candidate=summit-candidate:45439217573adfc4; grounding_match=grounding_contradicted_or_unrelated; score=0.36"
"54","潮見山","summit-candidate:5e94c87cc5fcc87b","5","deferred_alternative","0.36","grounding_contradicted_or_unrelated","30725.1","grounding_contradicted_or_unrelated","","yamap_2022-03-20_07_06.gpx","大久保山・八里ヶ峠・中坂山・天神山・室岡山・潮見山","present_in_stage21","grounding_far_from_candidate","mountain=潮見山(#54); candidate=summit-candidate:5e94c87cc5fcc87b; grounding_match=grounding_contradicted_or_unrelated; score=0.36"
"54","潮見山","summit-candidate:5aff666aa93b3a17","6","deferred_alternative","0.36","grounding_contradicted_or_unrelated","31708.5","grounding_contradicted_or_unrelated","","yamap_2022-03-20_07_06.gpx","大久保山・八里ヶ峠・中坂山・天神山・室岡山・潮見山","present_in_stage21","grounding_far_from_candidate","mountain=潮見山(#54); candidate=summit-candidate:5aff666aa93b3a17; grounding_match=grounding_contradicted_or_unrelated; score=0.36"
"55","明神山","summit-candidate:3259dfe3d9ce60c5","1","review_deferred_stage21_supported","0.504","grounding_contradicted_or_unrelated","20629.9","grounding_contradicted_or_unrelated","","yamap_2022-03-23_07_38.gpx","明神山・潮見山","present_in_stage21","grounding_far_from_candidate","mountain=明神山(#55); candidate=summit-candidate:3259dfe3d9ce60c5; grounding_match=grounding_contradicted_or_unrelated; score=0.504"
"55","明神山","summit-candidate:45439217573adfc4","2","deferred_alternative","0.408","grounding_contradicted_or_unrelated","19890.2","grounding_contradicted_or_unrelated","","yamap_2022-03-23_07_38.gpx","明神山・潮見山","present_in_stage21","grounding_far_from_candidate","mountain=明神山(#55); candidate=summit-candidate:45439217573adfc4; grounding_match=grounding_contradicted_or_unrelated; score=0.408"
"55","明神山","summit-candidate:a0c5556d9432a199","3","deferred_alternative","0.304","grounding_contradicted_or_unrelated","16266.9","grounding_contradicted_or_unrelated","","yamap_2024-09-23_07_35.gpx","中津山(明神山)・猿越山","present_in_stage21","grounding_far_from_candidate","mountain=明神山(#55); candidate=summit-candidate:a0c5556d9432a199; grounding_match=grounding_contradicted_or_unrelated; score=0.304"
"55","明神山","summit-candidate:bd875ddf4679d1f7","4","deferred_alternative","0.304","grounding_contradicted_or_unrelated","16997.7","grounding_contradicted_or_unrelated","","yamap_2024-09-23_07_35.gpx","中津山(明神山)・猿越山","present_in_stage21","grounding_far_from_candidate","mountain=明神山(#55); candidate=summit-candidate:bd875ddf4679d1f7; grounding_match=grounding_contradicted_or_unrelated; score=0.304"
"55","明神山","summit-candidate:eb3b108c5d508377","5","deferred_alternative","0.304","grounding_contradicted_or_unrelated","18062.9","grounding_contradicted_or_unrelated","","yamap_2024-09-23_07_35.gpx","中津山(明神山)・猿越山","present_in_stage21","grounding_far_from_candidate","mountain=明神山(#55); candidate=summit-candidate:eb3b108c5d508377; grounding_match=grounding_contradicted_or_unrelated; score=0.304"
"55","明神山","summit-candidate:fec0bb942061619b","6","deferred_alternative","0.304","grounding_contradicted_or_unrelated","18068","grounding_contradicted_or_unrelated","","yamap_2024-09-23_07_35.gpx","中津山(明神山)・猿越山","present_in_stage21","grounding_far_from_candidate","mountain=明神山(#55); candidate=summit-candidate:fec0bb942061619b; grounding_match=grounding_contradicted_or_unrelated; score=0.304"
"55","明神山","summit-candidate:0bd3d051cdb972fd","7","deferred_alternative","0.304","grounding_contradicted_or_unrelated","33748.5","grounding_contradicted_or_unrelated","","yamap_2024-12-08_06_59.gpx","本尊山・秋葉山・立烏帽子山・明神山","present_in_stage21","grounding_far_from_candidate","mountain=明神山(#55); candidate=summit-candidate:0bd3d051cdb972fd; grounding_match=grounding_contradicted_or_unrelated; score=0.304"
"55","明神山","summit-candidate:23316af255d30882","8","deferred_alternative","0.304","grounding_contradicted_or_unrelated","34766.3","grounding_contradicted_or_unrelated","","yamap_2024-12-08_06_59.gpx","本尊山・秋葉山・立烏帽子山・明神山","present_in_stage21","grounding_far_from_candidate","mountain=明神山(#55); candidate=summit-candidate:23316af255d30882; grounding_match=grounding_contradicted_or_unrelated; score=0.304"
"55","明神山","summit-candidate:f12898f5821b63b8","9","deferred_alternative","0.304","grounding_contradicted_or_unrelated","35356","grounding_contradicted_or_unrelated","","yamap_2024-12-08_06_59.gpx","本尊山・秋葉山・立烏帽子山・明神山","present_in_stage21","grounding_far_from_candidate","mountain=明神山(#55); candidate=summit-candidate:f12898f5821b63b8; grounding_match=grounding_contradicted_or_unrelated; score=0.304"
"63","大久保山","summit-candidate:7ceb76663c2bb81b","1","review_deferred_stage21_supported","0.504","grounding_contradicted_or_unrelated","97808.8","grounding_contradicted_or_unrelated","","yamap_2022-04-08_09_33.gpx","鬼ヶ城山・大久保山・八面山・三本杭・横ノ森・小屋ヶ森・毛山","present_in_stage21","grounding_far_from_candidate","mountain=大久保山(#63); candidate=summit-candidate:7ceb76663c2bb81b; grounding_match=grounding_contradicted_or_unrelated; score=0.504"
"63","大久保山","summit-candidate:91ebf1d99654d5b2","2","deferred_alternative","0.504","grounding_contradicted_or_unrelated","97882.7","grounding_contradicted_or_unrelated","","yamap_2022-04-08_09_33.gpx","鬼ヶ城山・大久保山・八面山・三本杭・横ノ森・小屋ヶ森・毛山","present_in_stage21","grounding_far_from_candidate","mountain=大久保山(#63); candidate=summit-candidate:91ebf1d99654d5b2; grounding_match=grounding_contradicted_or_unrelated; score=0.504"
"63","大久保山","summit-candidate:27c1036d4aa2230e","3","deferred_alternative","0.456","grounding_contradicted_or_unrelated","97968.3","grounding_contradicted_or_unrelated","","yamap_2022-04-08_09_33.gpx","鬼ヶ城山・大久保山・八面山・三本杭・横ノ森・小屋ヶ森・毛山","present_in_stage21","grounding_far_from_candidate","mountain=大久保山(#63); candidate=summit-candidate:27c1036d4aa2230e; grounding_match=grounding_contradicted_or_unrelated; score=0.456"
"63","大久保山","summit-candidate:babbcdf7bbd23463","4","deferred_alternative","0.36","grounding_contradicted_or_unrelated","96437","grounding_contradicted_or_unrelated","","yamap_2022-04-08_09_33.gpx","鬼ヶ城山・大久保山・八面山・三本杭・横ノ森・小屋ヶ森・毛山","present_in_stage21","grounding_far_from_candidate","mountain=大久保山(#63); candidate=summit-candidate:babbcdf7bbd23463; grounding_match=grounding_contradicted_or_unrelated; score=0.36"
"63","大久保山","summit-candidate:40068653b28bad40","5","deferred_alternative","0.36","grounding_contradicted_or_unrelated","97093","grounding_contradicted_or_unrelated","","yamap_2022-04-08_09_33.gpx","鬼ヶ城山・大久保山・八面山・三本杭・横ノ森・小屋ヶ森・毛山","present_in_stage21","grounding_far_from_candidate","mountain=大久保山(#63); candidate=summit-candidate:40068653b28bad40; grounding_match=grounding_contradicted_or_unrelated; score=0.36"
"63","大久保山","summit-candidate:5e94c87cc5fcc87b","6","deferred_alternative","0.304","grounding_contradicted_or_unrelated","50383.7","grounding_contradicted_or_unrelated","","yamap_2022-03-20_07_06.gpx","大久保山・八里ヶ峠・中坂山・天神山・室岡山・潮見山","present_in_stage21","grounding_far_from_candidate","mountain=大久保山(#63); candidate=summit-candidate:5e94c87cc5fcc87b; grounding_match=grounding_contradicted_or_unrelated; score=0.304"
"63","大久保山","summit-candidate:5aff666aa93b3a17","7","deferred_alternative","0.304","grounding_contradicted_or_unrelated","51243.5","grounding_contradicted_or_unrelated","","yamap_2022-03-20_07_06.gpx","大久保山・八里ヶ峠・中坂山・天神山・室岡山・潮見山","present_in_stage21","grounding_far_from_candidate","mountain=大久保山(#63); candidate=summit-candidate:5aff666aa93b3a17; grounding_match=grounding_contradicted_or_unrelated; score=0.304"
"63","大久保山","summit-candidate:452c10a1db199870","8","deferred_alternative","0.304","grounding_contradicted_or_unrelated","51294","grounding_contradicted_or_unrelated","","yamap_2022-03-20_07_06.gpx","大久保山・八里ヶ峠・中坂山・天神山・室岡山・潮見山","present_in_stage21","grounding_far_from_candidate","mountain=大久保山(#63); candidate=summit-candidate:452c10a1db199870; grounding_match=grounding_contradicted_or_unrelated; score=0.304"
"63","大久保山","summit-candidate:c2c9094225d1da63","9","deferred_alternative","0.304","grounding_contradicted_or_unrelated","51756.9","grounding_contradicted_or_unrelated","","yamap_2022-03-20_07_06.gpx","大久保山・八里ヶ峠・中坂山・天神山・室岡山・潮見山","present_in_stage21","grounding_far_from_candidate","mountain=大久保山(#63); candidate=summit-candidate:c2c9094225d1da63; grounding_match=grounding_contradicted_or_unrelated; score=0.304"
"66","東三方ヶ森","summit-candidate:d06b9d5365beffaa","1","review_deferred_stage21_supported","0.504","grounding_contradicted_or_unrelated","2568","grounding_contradicted_or_unrelated","","yamap_2022-04-16_07_39.gpx","東三方ヶ森","present_in_stage21","grounding_far_from_candidate","mountain=東三方ヶ森(#66); candidate=summit-candidate:d06b9d5365beffaa; grounding_match=grounding_contradicted_or_unrelated; score=0.504"
"66","東三方ヶ森","summit-candidate:77bb5774f7fa012e","2","deferred_alternative","0.408","grounding_contradicted_or_unrelated","2612","grounding_contradicted_or_unrelated","","yamap_2022-04-16_07_39.gpx","東三方ヶ森","present_in_stage21","grounding_far_from_candidate","mountain=東三方ヶ森(#66); candidate=summit-candidate:77bb5774f7fa012e; grounding_match=grounding_contradicted_or_unrelated; score=0.408"
"66","東三方ヶ森","summit-candidate:8e8035372e25eb9d","3","deferred_alternative","0.36","grounding_contradicted_or_unrelated","2963.6","grounding_contradicted_or_unrelated","","yamap_2022-04-16_07_39.gpx","東三方ヶ森","present_in_stage21","grounding_far_from_candidate","mountain=東三方ヶ森(#66); candidate=summit-candidate:8e8035372e25eb9d; grounding_match=grounding_contradicted_or_unrelated; score=0.36"
"66","東三方ヶ森","summit-candidate:b6f296c230c1891d","4","deferred_alternative","0.304","grounding_contradicted_or_unrelated","4848.9","grounding_contradicted_or_unrelated","","yamap_2022-04-16_07_39.gpx","東三方ヶ森","present_in_stage21","grounding_far_from_candidate","mountain=東三方ヶ森(#66); candidate=summit-candidate:b6f296c230c1891d; grounding_match=grounding_contradicted_or_unrelated; score=0.304"
"71","碁石ヶ森","summit-candidate:ee9d736a090185dd","1","review_deferred_stage21_supported","0.504","grounding_contradicted_or_unrelated","23432","grounding_contradicted_or_unrelated","","yamap_2022-04-22_17_29.gpx","碁石ヶ森","present_in_stage21","grounding_far_from_candidate","mountain=碁石ヶ森(#71); candidate=summit-candidate:ee9d736a090185dd; grounding_match=grounding_contradicted_or_unrelated; score=0.504"
"72","伊之子山","summit-candidate:15c71a530dcecd2e","1","review_deferred_stage21_supported","0.36","grounding_contradicted_or_unrelated","5901","grounding_contradicted_or_unrelated","","yamap_2022-04-25_11_35.gpx","伊之子山・左谷ノ森","present_in_stage21","grounding_far_from_candidate","mountain=伊之子山(#72); candidate=summit-candidate:15c71a530dcecd2e; grounding_match=grounding_contradicted_or_unrelated; score=0.36"
"72","伊之子山","summit-candidate:e793f83b8a4fd86f","2","deferred_alternative","0.36","grounding_contradicted_or_unrelated","6566.9","grounding_contradicted_or_unrelated","","yamap_2022-04-25_11_35.gpx","伊之子山・左谷ノ森","present_in_stage21","grounding_far_from_candidate","mountain=伊之子山(#72); candidate=summit-candidate:e793f83b8a4fd86f; grounding_match=grounding_contradicted_or_unrelated; score=0.36"
"73","御在所山","summit-candidate:61f36127d879648f","1","review_deferred_stage21_supported","0.504","grounding_contradicted_or_unrelated","5576","grounding_contradicted_or_unrelated","","yamap_2022-04-27_10_31.gpx","御在所山","present_in_stage21","grounding_far_from_candidate","mountain=御在所山(#73); candidate=summit-candidate:61f36127d879648f; grounding_match=grounding_contradicted_or_unrelated; score=0.504"
"73","御在所山","summit-candidate:17c3649ad9b147ce","2","deferred_alternative","0.304","grounding_contradicted_or_unrelated","10940.1","grounding_contradicted_or_unrelated","","yamap_2026-01-07_07_05.gpx","御在所山","present_in_stage21","grounding_far_from_candidate","mountain=御在所山(#73); candidate=summit-candidate:17c3649ad9b147ce; grounding_match=grounding_contradicted_or_unrelated; score=0.304"
"74","岩黒山","summit-candidate:591204fdc01b55b6","1","review_deferred_stage21_supported","0.504","grounding_contradicted_or_unrelated","3104.1","grounding_contradicted_or_unrelated","","yamap_2022-04-30_08_30.gpx","岩黒山・筒上山・手箱山","present_in_stage21","grounding_far_from_candidate","mountain=岩黒山(#74); candidate=summit-candidate:591204fdc01b55b6; grounding_match=grounding_contradicted_or_unrelated; score=0.504"
"74","岩黒山","summit-candidate:d13554ef3debca9d","2","deferred_alternative","0.36","grounding_contradicted_or_unrelated","3233.3","grounding_contradicted_or_unrelated","","yamap_2022-04-30_08_30.gpx","岩黒山・筒上山・手箱山","present_in_stage21","grounding_far_from_candidate","mountain=岩黒山(#74); candidate=summit-candidate:d13554ef3debca9d; grounding_match=grounding_contradicted_or_unrelated; score=0.36"
"74","岩黒山","summit-candidate:71b10e23075edf20","3","deferred_alternative","0.36","grounding_contradicted_or_unrelated","4220.5","grounding_contradicted_or_unrelated","","yamap_2022-04-30_08_30.gpx","岩黒山・筒上山・手箱山","present_in_stage21","grounding_far_from_candidate","mountain=岩黒山(#74); candidate=summit-candidate:71b10e23075edf20; grounding_match=grounding_contradicted_or_unrelated; score=0.36"
"74","岩黒山","summit-candidate:43f9d4fa36aabb79","4","deferred_alternative","0.304","grounding_contradicted_or_unrelated","5793.7","grounding_contradicted_or_unrelated","","yamap_2022-04-30_08_30.gpx","岩黒山・筒上山・手箱山","present_in_stage21","grounding_far_from_candidate","mountain=岩黒山(#74); candidate=summit-candidate:43f9d4fa36aabb79; grounding_match=grounding_contradicted_or_unrelated; score=0.304"
"75","筒上山","summit-candidate:71b10e23075edf20","1","review_deferred_stage21_supported","0.504","grounding_contradicted_or_unrelated","4701.1","grounding_contradicted_or_unrelated","","yamap_2022-04-30_08_30.gpx","岩黒山・筒上山・手箱山","present_in_stage21","grounding_far_from_candidate","mountain=筒上山(#75); candidate=summit-candidate:71b10e23075edf20; grounding_match=grounding_contradicted_or_unrelated; score=0.504"
"75","筒上山","summit-candidate:d13554ef3debca9d","2","deferred_alternative","0.36","grounding_contradicted_or_unrelated","4196.7","grounding_contradicted_or_unrelated","","yamap_2022-04-30_08_30.gpx","岩黒山・筒上山・手箱山","present_in_stage21","grounding_far_from_candidate","mountain=筒上山(#75); candidate=summit-candidate:d13554ef3debca9d; grounding_match=grounding_contradicted_or_unrelated; score=0.36"
"75","筒上山","summit-candidate:591204fdc01b55b6","3","deferred_alternative","0.36","grounding_contradicted_or_unrelated","4256.4","grounding_contradicted_or_unrelated","","yamap_2022-04-30_08_30.gpx","岩黒山・筒上山・手箱山","present_in_stage21","grounding_far_from_candidate","mountain=筒上山(#75); candidate=summit-candidate:591204fdc01b55b6; grounding_match=grounding_contradicted_or_unrelated; score=0.36"
"75","筒上山","summit-candidate:43f9d4fa36aabb79","4","deferred_alternative","0.304","grounding_contradicted_or_unrelated","6367.1","grounding_contradicted_or_unrelated","","yamap_2022-04-30_08_30.gpx","岩黒山・筒上山・手箱山","present_in_stage21","grounding_far_from_candidate","mountain=筒上山(#75); candidate=summit-candidate:43f9d4fa36aabb79; grounding_match=grounding_contradicted_or_unrelated; score=0.304"
"76","手箱山","summit-candidate:43f9d4fa36aabb79","1","review_deferred_stage21_supported","0.448","grounding_contradicted_or_unrelated","5722.6","grounding_contradicted_or_unrelated","","yamap_2022-04-30_08_30.gpx","岩黒山・筒上山・手箱山","present_in_stage21","grounding_far_from_candidate","mountain=手箱山(#76); candidate=summit-candidate:43f9d4fa36aabb79; grounding_match=grounding_contradicted_or_unrelated; score=0.448"
"76","手箱山","summit-candidate:d13554ef3debca9d","2","deferred_alternative","0.36","grounding_contradicted_or_unrelated","3729.5","grounding_contradicted_or_unrelated","","yamap_2022-04-30_08_30.gpx","岩黒山・筒上山・手箱山","present_in_stage21","grounding_far_from_candidate","mountain=手箱山(#76); candidate=summit-candidate:d13554ef3debca9d; grounding_match=grounding_contradicted_or_unrelated; score=0.36"
"76","手箱山","summit-candidate:591204fdc01b55b6","3","deferred_alternative","0.36","grounding_contradicted_or_unrelated","3874","grounding_contradicted_or_unrelated","","yamap_2022-04-30_08_30.gpx","岩黒山・筒上山・手箱山","present_in_stage21","grounding_far_from_candidate","mountain=手箱山(#76); candidate=summit-candidate:591204fdc01b55b6; grounding_match=grounding_contradicted_or_unrelated; score=0.36"
"76","手箱山","summit-candidate:71b10e23075edf20","4","deferred_alternative","0.36","grounding_contradicted_or_unrelated","4056.5","grounding_contradicted_or_unrelated","","yamap_2022-04-30_08_30.gpx","岩黒山・筒上山・手箱山","present_in_stage21","grounding_far_from_candidate","mountain=手箱山(#76); candidate=summit-candidate:71b10e23075edf20; grounding_match=grounding_contradicted_or_unrelated; score=0.36"
"79","ウバホド山","summit-candidate:1ebd63d8e2790409","1","review_deferred_stage21_supported","0.36","grounding_contradicted_or_unrelated","2309.1","grounding_contradicted_or_unrelated","","yamap_2022-05-02_09_06.gpx","大川嶺・笠取山・ウバホド山","present_in_stage21","grounding_far_from_candidate","mountain=ウバホド山(#79); candidate=summit-candidate:1ebd63d8e2790409; grounding_match=grounding_contradicted_or_unrelated; score=0.36"
"79","ウバホド山","summit-candidate:33637f0e3b5b1405","2","deferred_alternative","0.36","grounding_contradicted_or_unrelated","2801.9","grounding_contradicted_or_unrelated","","yamap_2022-05-02_09_06.gpx","大川嶺・笠取山・ウバホド山","present_in_stage21","grounding_far_from_candidate","mountain=ウバホド山(#79); candidate=summit-candidate:33637f0e3b5b1405; grounding_match=grounding_contradicted_or_unrelated; score=0.36"
"80","うなめご","summit-candidate:e7e4429a39f6359f","1","review_deferred_grounding_supported_top1","0.666","weak_grounding_nearby","101.7","weak_grounding_nearby","33.8","yamap_2022-05-05_13_29.gpx","陣ヶ森・前々司山・うなめご","present_in_stage21","","mountain=うなめご(#80); candidate=summit-candidate:e7e4429a39f6359f; grounding_match=weak_grounding_nearby; score=0.666"
"80","うなめご","summit-candidate:ea6bebee79234da7","2","deferred_alternative","0.448","grounding_contradicted_or_unrelated","636.3","grounding_contradicted_or_unrelated","","yamap_2022-05-05_13_29.gpx","陣ヶ森・前々司山・うなめご","present_in_stage21","grounding_far_from_candidate","mountain=うなめご(#80); candidate=summit-candidate:ea6bebee79234da7; grounding_match=grounding_contradicted_or_unrelated; score=0.448"
"80","うなめご","summit-candidate:e084389cc60ad329","3","deferred_alternative","0.304","grounding_contradicted_or_unrelated","1029.7","grounding_contradicted_or_unrelated","","yamap_2022-05-05_13_29.gpx","陣ヶ森・前々司山・うなめご","present_in_stage21","grounding_far_from_candidate","mountain=うなめご(#80); candidate=summit-candidate:e084389cc60ad329; grounding_match=grounding_contradicted_or_unrelated; score=0.304"
"84","豊受山","summit-candidate:2f7dbee4c5bde53e","1","review_deferred_stage21_supported","0.504","grounding_contradicted_or_unrelated","2208.3","grounding_contradicted_or_unrelated","","yamap_2022-05-07_07_14.gpx","寒川山・鋸山・七々木山・豊受山・赤星山","present_in_stage21","grounding_far_from_candidate","mountain=豊受山(#84); candidate=summit-candidate:2f7dbee4c5bde53e; grounding_match=grounding_contradicted_or_unrelated; score=0.504"
"84","豊受山","summit-candidate:eaabf45a5163fb65","2","deferred_alternative","0.504","grounding_contradicted_or_unrelated","2289.3","grounding_contradicted_or_unrelated","","yamap_2022-05-07_07_14.gpx","寒川山・鋸山・七々木山・豊受山・赤星山","present_in_stage21","grounding_far_from_candidate","mountain=豊受山(#84); candidate=summit-candidate:eaabf45a5163fb65; grounding_match=grounding_contradicted_or_unrelated; score=0.504"
"84","豊受山","summit-candidate:db51ae1b2be57eea","3","deferred_alternative","0.36","grounding_contradicted_or_unrelated","3403.1","grounding_contradicted_or_unrelated","","yamap_2022-05-07_07_14.gpx","寒川山・鋸山・七々木山・豊受山・赤星山","present_in_stage21","grounding_far_from_candidate","mountain=豊受山(#84); candidate=summit-candidate:db51ae1b2be57eea; grounding_match=grounding_contradicted_or_unrelated; score=0.36"
"91","青滝山","summit-candidate:242762a3c600ff91","1","review_deferred_stage21_supported","0.504","grounding_contradicted_or_unrelated","14948","grounding_contradicted_or_unrelated","","yamap_2022-05-15_06_10.gpx","割石東山・青滝山・堂ヶ森","present_in_stage21","grounding_far_from_candidate","mountain=青滝山(#91); candidate=summit-candidate:242762a3c600ff91; grounding_match=grounding_contradicted_or_unrelated; score=0.504"
"91","青滝山","summit-candidate:124ae25a51aa9a64","2","deferred_alternative","0.408","grounding_contradicted_or_unrelated","15130.9","grounding_contradicted_or_unrelated","","yamap_2022-05-15_06_10.gpx","割石東山・青滝山・堂ヶ森","present_in_stage21","grounding_far_from_candidate","mountain=青滝山(#91); candidate=summit-candidate:124ae25a51aa9a64; grounding_match=grounding_contradicted_or_unrelated; score=0.408"
"91","青滝山","summit-candidate:57e8c6cb102c9500","3","deferred_alternative","0.36","grounding_contradicted_or_unrelated","12479.9","grounding_contradicted_or_unrelated","","yamap_2022-05-15_06_10.gpx","割石東山・青滝山・堂ヶ森","present_in_stage21","grounding_far_from_candidate","mountain=青滝山(#91); candidate=summit-candidate:57e8c6cb102c9500; grounding_match=grounding_contradicted_or_unrelated; score=0.36"
"91","青滝山","summit-candidate:4b33f9c73e644793","4","deferred_alternative","0.36","grounding_contradicted_or_unrelated","12992.5","grounding_contradicted_or_unrelated","","yamap_2022-05-15_06_10.gpx","割石東山・青滝山・堂ヶ森","present_in_stage21","grounding_far_from_candidate","mountain=青滝山(#91); candidate=summit-candidate:4b33f9c73e644793; grounding_match=grounding_contradicted_or_unrelated; score=0.36"
"91","青滝山","summit-candidate:2b97141dc260a078","5","deferred_alternative","0.36","grounding_contradicted_or_unrelated","13908.5","grounding_contradicted_or_unrelated","","yamap_2022-05-15_06_10.gpx","割石東山・青滝山・堂ヶ森","present_in_stage21","grounding_far_from_candidate","mountain=青滝山(#91); candidate=summit-candidate:2b97141dc260a078; grounding_match=grounding_contradicted_or_unrelated; score=0.36"
"91","青滝山","summit-candidate:bb644412fd9a132c","6","deferred_alternative","0.36","grounding_contradicted_or_unrelated","16136.9","grounding_contradicted_or_unrelated","","yamap_2022-05-15_06_10.gpx","割石東山・青滝山・堂ヶ森","present_in_stage21","grounding_far_from_candidate","mountain=青滝山(#91); candidate=summit-candidate:bb644412fd9a132c; grounding_match=grounding_contradicted_or_unrelated; score=0.36"
"96","姫草","summit-candidate:dc456a72b89d4d52","1","review_deferred_stage21_supported","0.504","grounding_contradicted_or_unrelated","21433.1","grounding_contradicted_or_unrelated","","yamap_2022-06-16_16_00.gpx","姫草","present_in_stage21","grounding_far_from_candidate","mountain=姫草(#96); candidate=summit-candidate:dc456a72b89d4d52; grounding_match=grounding_contradicted_or_unrelated; score=0.504"
"97","牛城","summit-candidate:c7ff156edb321d12","1","review_deferred_stage21_supported","0.448","grounding_contradicted_or_unrelated","21437.8","grounding_contradicted_or_unrelated","","yamap_2022-06-16_16_25.gpx","牛城","present_in_stage21","grounding_far_from_candidate","mountain=牛城(#97); candidate=summit-candidate:c7ff156edb321d12; grounding_match=grounding_contradicted_or_unrelated; score=0.448"
"97","牛城","summit-candidate:ba78489e4d448645","2","deferred_alternative","0.304","grounding_contradicted_or_unrelated","23296.2","grounding_contradicted_or_unrelated","","yamap_2025-08-15_10_51.gpx","小牛城","present_in_stage21","grounding_far_from_candidate","mountain=牛城(#97); candidate=summit-candidate:ba78489e4d448645; grounding_match=grounding_contradicted_or_unrelated; score=0.304"
"103","篠山","summit-candidate:c8a7a1f1d1dad353","1","review_deferred_stage21_supported","0.504","grounding_contradicted_or_unrelated","10046.5","grounding_contradicted_or_unrelated","","yamap_2022-06-23_13_59.gpx","篠山","present_in_stage21","grounding_far_from_candidate","mountain=篠山(#103); candidate=summit-candidate:c8a7a1f1d1dad353; grounding_match=grounding_contradicted_or_unrelated; score=0.504"
"103","篠山","summit-candidate:2c1cbc474e49f1ec","2","deferred_alternative","0.304","grounding_contradicted_or_unrelated","47321.6","grounding_contradicted_or_unrelated","","yamap_2025-01-24_13_34.gpx","御篠山・松葉山（松葉城址）・烏殿","present_in_stage21","grounding_far_from_candidate","mountain=篠山(#103); candidate=summit-candidate:2c1cbc474e49f1ec; grounding_match=grounding_contradicted_or_unrelated; score=0.304"
"103","篠山","summit-candidate:7a59a4750a70552c","3","deferred_alternative","0.304","grounding_contradicted_or_unrelated","47705.8","grounding_contradicted_or_unrelated","","yamap_2025-01-24_13_34.gpx","御篠山・松葉山（松葉城址）・烏殿","present_in_stage21","grounding_far_from_candidate","mountain=篠山(#103); candidate=summit-candidate:7a59a4750a70552c; grounding_match=grounding_contradicted_or_unrelated; score=0.304"
"103","篠山","summit-candidate:d71483d289d0c575","4","deferred_alternative","0.304","grounding_contradicted_or_unrelated","48474.6","grounding_contradicted_or_unrelated","","yamap_2025-01-24_13_34.gpx","御篠山・松葉山（松葉城址）・烏殿","present_in_stage21","grounding_far_from_candidate","mountain=篠山(#103); candidate=summit-candidate:d71483d289d0c575; grounding_match=grounding_contradicted_or_unrelated; score=0.304"
"105","鞍瀬ノ頭","summit-candidate:846b096132c533d6","1","review_deferred_stage21_supported","0.448","grounding_contradicted_or_unrelated","5289","grounding_contradicted_or_unrelated","","yamap_2022-07-02_07_43.gpx","石鎚山・西ノ冠岳・面河の頭・二ノ森・鞍瀬ノ頭","present_in_stage21","grounding_far_from_candidate","mountain=鞍瀬ノ頭(#105); candidate=summit-candidate:846b096132c533d6; grounding_match=grounding_contradicted_or_unrelated; score=0.448"
"105","鞍瀬ノ頭","summit-candidate:bca203164e26ce6a","2","deferred_alternative","0.352","grounding_contradicted_or_unrelated","5920.4","grounding_contradicted_or_unrelated","","yamap_2022-07-02_07_43.gpx","石鎚山・西ノ冠岳・面河の頭・二ノ森・鞍瀬ノ頭","present_in_stage21","grounding_far_from_candidate","mountain=鞍瀬ノ頭(#105); candidate=summit-candidate:bca203164e26ce6a; grounding_match=grounding_contradicted_or_unrelated; score=0.352"
"105","鞍瀬ノ頭","summit-candidate:fe43b0b6aa90cb8f","3","deferred_alternative","0.352","grounding_contradicted_or_unrelated","7912.8","grounding_contradicted_or_unrelated","","yamap_2022-07-02_07_43.gpx","石鎚山・西ノ冠岳・面河の頭・二ノ森・鞍瀬ノ頭","present_in_stage21","grounding_far_from_candidate","mountain=鞍瀬ノ頭(#105); candidate=summit-candidate:fe43b0b6aa90cb8f; grounding_match=grounding_contradicted_or_unrelated; score=0.352"
"107","面河の頭","summit-candidate:846b096132c533d6","1","review_deferred_stage21_supported","0.4","grounding_contradicted_or_unrelated","2934.6","grounding_contradicted_or_unrelated","","yamap_2022-07-02_07_43.gpx","石鎚山・西ノ冠岳・面河の頭・二ノ森・鞍瀬ノ頭","present_in_stage21","grounding_far_from_candidate","mountain=面河の頭(#107); candidate=summit-candidate:846b096132c533d6; grounding_match=grounding_contradicted_or_unrelated; score=0.4"
"107","面河の頭","summit-candidate:bca203164e26ce6a","2","deferred_alternative","0.304","grounding_contradicted_or_unrelated","3548.4","grounding_contradicted_or_unrelated","","yamap_2022-07-02_07_43.gpx","石鎚山・西ノ冠岳・面河の頭・二ノ森・鞍瀬ノ頭","present_in_stage21","grounding_far_from_candidate","mountain=面河の頭(#107); candidate=summit-candidate:bca203164e26ce6a; grounding_match=grounding_contradicted_or_unrelated; score=0.304"
"107","面河の頭","summit-candidate:fe43b0b6aa90cb8f","3","deferred_alternative","0.304","grounding_contradicted_or_unrelated","5711.7","grounding_contradicted_or_unrelated","","yamap_2022-07-02_07_43.gpx","石鎚山・西ノ冠岳・面河の頭・二ノ森・鞍瀬ノ頭","present_in_stage21","grounding_far_from_candidate","mountain=面河の頭(#107); candidate=summit-candidate:fe43b0b6aa90cb8f; grounding_match=grounding_contradicted_or_unrelated; score=0.304"
"108","西ノ冠岳","summit-candidate:846b096132c533d6","1","review_deferred_stage21_supported","0.4","grounding_contradicted_or_unrelated","2554.4","grounding_contradicted_or_unrelated","","yamap_2022-07-02_07_43.gpx","石鎚山・西ノ冠岳・面河の頭・二ノ森・鞍瀬ノ頭","present_in_stage21","grounding_far_from_candidate","mountain=西ノ冠岳(#108); candidate=summit-candidate:846b096132c533d6; grounding_match=grounding_contradicted_or_unrelated; score=0.4"
"108","西ノ冠岳","summit-candidate:bca203164e26ce6a","2","deferred_alternative","0.352","grounding_contradicted_or_unrelated","3164.1","grounding_contradicted_or_unrelated","","yamap_2022-07-02_07_43.gpx","石鎚山・西ノ冠岳・面河の頭・二ノ森・鞍瀬ノ頭","present_in_stage21","grounding_far_from_candidate","mountain=西ノ冠岳(#108); candidate=summit-candidate:bca203164e26ce6a; grounding_match=grounding_contradicted_or_unrelated; score=0.352"
"108","西ノ冠岳","summit-candidate:fe43b0b6aa90cb8f","3","deferred_alternative","0.352","grounding_contradicted_or_unrelated","5336.7","grounding_contradicted_or_unrelated","","yamap_2022-07-02_07_43.gpx","石鎚山・西ノ冠岳・面河の頭・二ノ森・鞍瀬ノ頭","present_in_stage21","grounding_far_from_candidate","mountain=西ノ冠岳(#108); candidate=summit-candidate:fe43b0b6aa90cb8f; grounding_match=grounding_contradicted_or_unrelated; score=0.352"
"108","西ノ冠岳","summit-candidate:b73a23fa4b3abc39","4","deferred_alternative","0.304","grounding_contradicted_or_unrelated","5542.6","grounding_contradicted_or_unrelated","","yamap_2023-09-06_13_30.gpx","冠岳","present_in_stage21","grounding_far_from_candidate","mountain=西ノ冠岳(#108); candidate=summit-candidate:b73a23fa4b3abc39; grounding_match=grounding_contradicted_or_unrelated; score=0.304"
"109","西黒森","summit-candidate:db28fcca36deb720","1","review_deferred_stage21_supported","0.408","grounding_contradicted_or_unrelated","2643.5","grounding_contradicted_or_unrelated","","yamap_2022-07-10_07_25.gpx","男山・瓶ヶ森・西黒森","present_in_stage21","grounding_far_from_candidate","mountain=西黒森(#109); candidate=summit-candidate:db28fcca36deb720; grounding_match=grounding_contradicted_or_unrelated; score=0.408"
"109","西黒森","summit-candidate:f09a1f754bcb761e","2","deferred_alternative","0.4","grounding_contradicted_or_unrelated","3215.8","grounding_contradicted_or_unrelated","","yamap_2022-07-10_07_25.gpx","男山・瓶ヶ森・西黒森","present_in_stage21","grounding_far_from_candidate","mountain=西黒森(#109); candidate=summit-candidate:f09a1f754bcb761e; grounding_match=grounding_contradicted_or_unrelated; score=0.4"
"109","西黒森","summit-candidate:ccaadb71f8ae2bd1","3","deferred_alternative","0.36","grounding_contradicted_or_unrelated","2069.8","grounding_contradicted_or_unrelated","","yamap_2022-07-10_07_25.gpx","男山・瓶ヶ森・西黒森","present_in_stage21","grounding_far_from_candidate","mountain=西黒森(#109); candidate=summit-candidate:ccaadb71f8ae2bd1; grounding_match=grounding_contradicted_or_unrelated; score=0.36"
"114","世田山","summit-candidate:8f25ad4ff380df77","1","review_deferred_stage21_supported","0.504","grounding_contradicted_or_unrelated","2198.4","grounding_contradicted_or_unrelated","","yamap_2026-03-06_09_00.gpx","世田山・笠松山東峰・笠松山","present_in_stage21","grounding_far_from_candidate","mountain=世田山(#114); candidate=summit-candidate:8f25ad4ff380df77; grounding_match=grounding_contradicted_or_unrelated; score=0.504"
"114","世田山","summit-candidate:9d5a3bd31bedfeda","2","deferred_alternative","0.456","grounding_contradicted_or_unrelated","1784.6","grounding_contradicted_or_unrelated","","yamap_2022-08-26_08_45.gpx","世田山・笠松山","present_in_stage21","grounding_far_from_candidate","mountain=世田山(#114); candidate=summit-candidate:9d5a3bd31bedfeda; grounding_match=grounding_contradicted_or_unrelated; score=0.456"
"114","世田山","summit-candidate:d0f2d4ee46a862c3","3","deferred_alternative","0.456","grounding_contradicted_or_unrelated","2209.2","grounding_contradicted_or_unrelated","","yamap_2022-08-26_08_45.gpx","世田山・笠松山","present_in_stage21","grounding_far_from_candidate","mountain=世田山(#114); candidate=summit-candidate:d0f2d4ee46a862c3; grounding_match=grounding_contradicted_or_unrelated; score=0.456"
"170","高山","summit-candidate:101c1b0635c0bec0","1","review_deferred_stage21_supported","0.504","grounding_contradicted_or_unrelated","2835.3","grounding_contradicted_or_unrelated","","yamap_2022-12-25_10_09.gpx","高山","present_in_stage21","grounding_far_from_candidate","mountain=高山(#170); candidate=summit-candidate:101c1b0635c0bec0; grounding_match=grounding_contradicted_or_unrelated; score=0.504"
"170","高山","summit-candidate:8ff6361109e5ed5c","2","deferred_alternative","0.4","grounding_contradicted_or_unrelated","32933.8","grounding_contradicted_or_unrelated","","yamap_2025-03-20_08_27.gpx","高山・大里山・泰ノ山","present_in_stage21","grounding_far_from_candidate","mountain=高山(#170); candidate=summit-candidate:8ff6361109e5ed5c; grounding_match=grounding_contradicted_or_unrelated; score=0.4"
"170","高山","summit-candidate:c9aa57cdeb1b49fa","3","deferred_alternative","0.4","grounding_contradicted_or_unrelated","34101.7","grounding_contradicted_or_unrelated","","yamap_2025-03-20_08_27.gpx","高山・大里山・泰ノ山","present_in_stage21","grounding_far_from_candidate","mountain=高山(#170); candidate=summit-candidate:c9aa57cdeb1b49fa; grounding_match=grounding_contradicted_or_unrelated; score=0.4"
"170","高山","summit-candidate:98457196a66e294d","4","deferred_alternative","0.304","grounding_contradicted_or_unrelated","32487.5","grounding_contradicted_or_unrelated","","yamap_2025-03-20_08_27.gpx","高山・大里山・泰ノ山","present_in_stage21","grounding_far_from_candidate","mountain=高山(#170); candidate=summit-candidate:98457196a66e294d; grounding_match=grounding_contradicted_or_unrelated; score=0.304"
"170","高山","summit-candidate:fe8f624bdaa57afd","5","deferred_alternative","0.304","grounding_contradicted_or_unrelated","35035","grounding_contradicted_or_unrelated","","yamap_2025-03-20_08_27.gpx","高山・大里山・泰ノ山","present_in_stage21","grounding_far_from_candidate","mountain=高山(#170); candidate=summit-candidate:fe8f624bdaa57afd; grounding_match=grounding_contradicted_or_unrelated; score=0.304"
"175","医王山","summit-candidate:1ed32ce6414c2781","1","review_deferred_stage21_supported","0.504","grounding_contradicted_or_unrelated","7829.3","grounding_contradicted_or_unrelated","","yamap_2022-12-25_13_36.gpx","医王山","present_in_stage21","grounding_far_from_candidate","mountain=医王山(#175); candidate=summit-candidate:1ed32ce6414c2781; grounding_match=grounding_contradicted_or_unrelated; score=0.504"
"182","河原樋山","summit-candidate:b1d864fd1fcc9dcb","1","review_deferred_stage21_supported","0.504","grounding_contradicted_or_unrelated","19172.8","grounding_contradicted_or_unrelated","","yamap_2023-01-03_07_36.gpx","福見山・河原樋山・真松嶺・柿王寺森","present_in_stage21","grounding_far_from_candidate","mountain=河原樋山(#182); candidate=summit-candidate:b1d864fd1fcc9dcb; grounding_match=grounding_contradicted_or_unrelated; score=0.504"
"182","河原樋山","summit-candidate:f2aae42aff3dea24","2","deferred_alternative","0.36","grounding_contradicted_or_unrelated","20046.1","grounding_contradicted_or_unrelated","","yamap_2023-01-03_07_36.gpx","福見山・河原樋山・真松嶺・柿王寺森","present_in_stage21","grounding_far_from_candidate","mountain=河原樋山(#182); candidate=summit-candidate:f2aae42aff3dea24; grounding_match=grounding_contradicted_or_unrelated; score=0.36"
"182","河原樋山","summit-candidate:74dd1729abbd7bb5","3","deferred_alternative","0.36","grounding_contradicted_or_unrelated","20580.9","grounding_contradicted_or_unrelated","","yamap_2023-01-03_07_36.gpx","福見山・河原樋山・真松嶺・柿王寺森","present_in_stage21","grounding_far_from_candidate","mountain=河原樋山(#182); candidate=summit-candidate:74dd1729abbd7bb5; grounding_match=grounding_contradicted_or_unrelated; score=0.36"
"182","河原樋山","summit-candidate:4fec4dd128e55ab0","4","deferred_alternative","0.36","grounding_contradicted_or_unrelated","20859.2","grounding_contradicted_or_unrelated","","yamap_2023-01-03_07_36.gpx","福見山・河原樋山・真松嶺・柿王寺森","present_in_stage21","grounding_far_from_candidate","mountain=河原樋山(#182); candidate=summit-candidate:4fec4dd128e55ab0; grounding_match=grounding_contradicted_or_unrelated; score=0.36"
"182","河原樋山","summit-candidate:90f628409cfebc32","5","deferred_alternative","0.304","grounding_contradicted_or_unrelated","21661.9","grounding_contradicted_or_unrelated","","yamap_2023-01-03_07_36.gpx","福見山・河原樋山・真松嶺・柿王寺森","present_in_stage21","grounding_far_from_candidate","mountain=河原樋山(#182); candidate=summit-candidate:90f628409cfebc32; grounding_match=grounding_contradicted_or_unrelated; score=0.304"
"185","岩子山","summit-candidate:45f49d8fd831427c","1","review_deferred_grounding_supported_top1","0.7","weak_grounding_nearby","237","weak_grounding_nearby","0.2","yamap_2023-01-06_11_33.gpx","岩子山・垣生山・津田山・弁天山","present_in_stage21","","mountain=岩子山(#185); candidate=summit-candidate:45f49d8fd831427c; grounding_match=weak_grounding_nearby; score=0.7"
"185","岩子山","summit-candidate:49cfd09def5fce03","2","deferred_alternative","0.504","grounding_contradicted_or_unrelated","1758.1","grounding_contradicted_or_unrelated","","yamap_2023-01-06_11_33.gpx","岩子山・垣生山・津田山・弁天山","present_in_stage21","grounding_far_from_candidate","mountain=岩子山(#185); candidate=summit-candidate:49cfd09def5fce03; grounding_match=grounding_contradicted_or_unrelated; score=0.504"
"185","岩子山","summit-candidate:8178723bbadb1c72","3","deferred_alternative","0.456","grounding_contradicted_or_unrelated","1126.7","grounding_contradicted_or_unrelated","","yamap_2023-01-06_11_33.gpx","岩子山・垣生山・津田山・弁天山","present_in_stage21","grounding_far_from_candidate","mountain=岩子山(#185); candidate=summit-candidate:8178723bbadb1c72; grounding_match=grounding_contradicted_or_unrelated; score=0.456"
"185","岩子山","summit-candidate:ea18d38abe59ed57","4","deferred_alternative","0.408","grounding_contradicted_or_unrelated","1828.3","grounding_contradicted_or_unrelated","","yamap_2023-01-06_11_33.gpx","岩子山・垣生山・津田山・弁天山","present_in_stage21","grounding_far_from_candidate","mountain=岩子山(#185); candidate=summit-candidate:ea18d38abe59ed57; grounding_match=grounding_contradicted_or_unrelated; score=0.408"
"185","岩子山","summit-candidate:23c112538ef91e0d","5","deferred_alternative","0.36","grounding_contradicted_or_unrelated","5464","grounding_contradicted_or_unrelated","","yamap_2022-02-23_08_42.gpx","西山・経ヶ森・岩子山・護摩ヶ森","present_in_stage21","grounding_far_from_candidate","mountain=岩子山(#185); candidate=summit-candidate:23c112538ef91e0d; grounding_match=grounding_contradicted_or_unrelated; score=0.36"
"185","岩子山","summit-candidate:bdfa250c89c1ca90","6","deferred_alternative","0.36","grounding_contradicted_or_unrelated","5835.9","grounding_contradicted_or_unrelated","","yamap_2022-02-23_08_42.gpx","西山・経ヶ森・岩子山・護摩ヶ森","present_in_stage21","grounding_far_from_candidate","mountain=岩子山(#185); candidate=summit-candidate:bdfa250c89c1ca90; grounding_match=grounding_contradicted_or_unrelated; score=0.36"
"188","弁天山","summit-candidate:8178723bbadb1c72","1","review_deferred_stage21_supported","0.504","grounding_contradicted_or_unrelated","2565.2","grounding_contradicted_or_unrelated","","yamap_2023-01-06_11_33.gpx","岩子山・垣生山・津田山・弁天山","present_in_stage21","grounding_far_from_candidate","mountain=弁天山(#188); candidate=summit-candidate:8178723bbadb1c72; grounding_match=grounding_contradicted_or_unrelated; score=0.504"
"188","弁天山","summit-candidate:45f49d8fd831427c","2","deferred_alternative","0.456","grounding_contradicted_or_unrelated","1673.4","grounding_contradicted_or_unrelated","","yamap_2023-01-06_11_33.gpx","岩子山・垣生山・津田山・弁天山","present_in_stage21","grounding_far_from_candidate","mountain=弁天山(#188); candidate=summit-candidate:45f49d8fd831427c; grounding_match=grounding_contradicted_or_unrelated; score=0.456"
"188","弁天山","summit-candidate:49cfd09def5fce03","3","deferred_alternative","0.456","grounding_contradicted_or_unrelated","2939.4","grounding_contradicted_or_unrelated","","yamap_2023-01-06_11_33.gpx","岩子山・垣生山・津田山・弁天山","present_in_stage21","grounding_far_from_candidate","mountain=弁天山(#188); candidate=summit-candidate:49cfd09def5fce03; grounding_match=grounding_contradicted_or_unrelated; score=0.456"
"188","弁天山","summit-candidate:ea18d38abe59ed57","4","deferred_alternative","0.36","grounding_contradicted_or_unrelated","3068.3","grounding_contradicted_or_unrelated","","yamap_2023-01-06_11_33.gpx","岩子山・垣生山・津田山・弁天山","present_in_stage21","grounding_far_from_candidate","mountain=弁天山(#188); candidate=summit-candidate:ea18d38abe59ed57; grounding_match=grounding_contradicted_or_unrelated; score=0.36"
"195","由良山","summit-candidate:8f19c4c16e72e270","1","review_deferred_stage21_supported","0.504","grounding_contradicted_or_unrelated","11048.9","grounding_contradicted_or_unrelated","","yamap_2023-01-10_10_30.gpx","由良山","present_in_stage21","grounding_far_from_candidate","mountain=由良山(#195); candidate=summit-candidate:8f19c4c16e72e270; grounding_match=grounding_contradicted_or_unrelated; score=0.504"
"195","由良山","summit-candidate:51a919059b1a6dbb","2","deferred_alternative","0.304","grounding_contradicted_or_unrelated","9768","grounding_contradicted_or_unrelated","","yamap_2023-01-10_10_30.gpx","由良山","present_in_stage21","grounding_far_from_candidate","mountain=由良山(#195); candidate=summit-candidate:51a919059b1a6dbb; grounding_match=grounding_contradicted_or_unrelated; score=0.304"
"200","石神山","summit-candidate:47129c06b82cf694","1","review_deferred_stage21_supported","0.504","grounding_contradicted_or_unrelated","3725.9","grounding_contradicted_or_unrelated","","yamap_2023-01-21_12_43.gpx","石神山・金比羅山","present_in_stage21","grounding_far_from_candidate","mountain=石神山(#200); candidate=summit-candidate:47129c06b82cf694; grounding_match=grounding_contradicted_or_unrelated; score=0.504"
"200","石神山","summit-candidate:c6ced2088a2376f5","2","deferred_alternative","0.36","grounding_contradicted_or_unrelated","3548.4","grounding_contradicted_or_unrelated","","yamap_2023-01-21_12_43.gpx","石神山・金比羅山","present_in_stage21","grounding_far_from_candidate","mountain=石神山(#200); candidate=summit-candidate:c6ced2088a2376f5; grounding_match=grounding_contradicted_or_unrelated; score=0.36"
"204","金毘羅山","summit-candidate:ab7edbc3a52d24bf","1","review_deferred_stage21_supported","0.456","grounding_contradicted_or_unrelated","5771.1","grounding_contradicted_or_unrelated","","yamap_2023-01-28_12_19.gpx","谷田山・金毘羅山","present_in_stage21","grounding_far_from_candidate","mountain=金毘羅山(#204); candidate=summit-candidate:ab7edbc3a52d24bf; grounding_match=grounding_contradicted_or_unrelated; score=0.456"
"206","古城山","summit-candidate:1432f597b5dca157","1","review_deferred_stage21_supported","0.36","grounding_contradicted_or_unrelated","5892.4","grounding_contradicted_or_unrelated","","yamap_2023-01-28_14_27.gpx","古城山・尾崎山","present_in_stage21","grounding_far_from_candidate","mountain=古城山(#206); candidate=summit-candidate:1432f597b5dca157; grounding_match=grounding_contradicted_or_unrelated; score=0.36"
"207","尾崎山","summit-candidate:1432f597b5dca157","1","review_deferred_stage21_supported","0.504","grounding_contradicted_or_unrelated","6966.8","grounding_contradicted_or_unrelated","","yamap_2023-01-28_14_27.gpx","古城山・尾崎山","present_in_stage21","grounding_far_from_candidate","mountain=尾崎山(#207); candidate=summit-candidate:1432f597b5dca157; grounding_match=grounding_contradicted_or_unrelated; score=0.504"
"211","明神ヶ森","summit-candidate:83f3af0488659ac8","1","review_deferred_stage21_supported","0.448","grounding_contradicted_or_unrelated","6709.6","grounding_contradicted_or_unrelated","","yamap_2023-03-11_06_08.gpx","福見山・明神ヶ森・南三方ヶ森・魚谷森・左谷ノ森","present_in_stage21","grounding_far_from_candidate","mountain=明神ヶ森(#211); candidate=summit-candidate:83f3af0488659ac8; grounding_match=grounding_contradicted_or_unrelated; score=0.448"
"211","明神ヶ森","summit-candidate:0ff024bf702c13bb","2","deferred_alternative","0.36","grounding_contradicted_or_unrelated","10344.6","grounding_contradicted_or_unrelated","","yamap_2023-03-11_06_08.gpx","福見山・明神ヶ森・南三方ヶ森・魚谷森・左谷ノ森","present_in_stage21","grounding_far_from_candidate","mountain=明神ヶ森(#211); candidate=summit-candidate:0ff024bf702c13bb; grounding_match=grounding_contradicted_or_unrelated; score=0.36"
"211","明神ヶ森","summit-candidate:446b5fe1e7a8b2fd","3","deferred_alternative","0.304","grounding_contradicted_or_unrelated","5889.9","grounding_contradicted_or_unrelated","","yamap_2023-03-11_06_08.gpx","福見山・明神ヶ森・南三方ヶ森・魚谷森・左谷ノ森","present_in_stage21","grounding_far_from_candidate","mountain=明神ヶ森(#211); candidate=summit-candidate:446b5fe1e7a8b2fd; grounding_match=grounding_contradicted_or_unrelated; score=0.304"
"211","明神ヶ森","summit-candidate:5b124255339c0714","4","deferred_alternative","0.304","grounding_contradicted_or_unrelated","8026.6","grounding_contradicted_or_unrelated","","yamap_2023-03-11_06_08.gpx","福見山・明神ヶ森・南三方ヶ森・魚谷森・左谷ノ森","present_in_stage21","grounding_far_from_candidate","mountain=明神ヶ森(#211); candidate=summit-candidate:5b124255339c0714; grounding_match=grounding_contradicted_or_unrelated; score=0.304"
"212","南三方ヶ森","summit-candidate:5b124255339c0714","1","review_deferred_stage21_supported","0.448","grounding_contradicted_or_unrelated","3193.7","grounding_contradicted_or_unrelated","","yamap_2023-03-11_06_08.gpx","福見山・明神ヶ森・南三方ヶ森・魚谷森・左谷ノ森","present_in_stage21","grounding_far_from_candidate","mountain=南三方ヶ森(#212); candidate=summit-candidate:5b124255339c0714; grounding_match=grounding_contradicted_or_unrelated; score=0.448"
"212","南三方ヶ森","summit-candidate:0ff024bf702c13bb","2","deferred_alternative","0.36","grounding_contradicted_or_unrelated","5610.9","grounding_contradicted_or_unrelated","","yamap_2023-03-11_06_08.gpx","福見山・明神ヶ森・南三方ヶ森・魚谷森・左谷ノ森","present_in_stage21","grounding_far_from_candidate","mountain=南三方ヶ森(#212); candidate=summit-candidate:0ff024bf702c13bb; grounding_match=grounding_contradicted_or_unrelated; score=0.36"
"212","南三方ヶ森","summit-candidate:83f3af0488659ac8","3","deferred_alternative","0.304","grounding_contradicted_or_unrelated","1969.7","grounding_contradicted_or_unrelated","","yamap_2023-03-11_06_08.gpx","福見山・明神ヶ森・南三方ヶ森・魚谷森・左谷ノ森","present_in_stage21","grounding_far_from_candidate","mountain=南三方ヶ森(#212); candidate=summit-candidate:83f3af0488659ac8; grounding_match=grounding_contradicted_or_unrelated; score=0.304"
"212","南三方ヶ森","summit-candidate:446b5fe1e7a8b2fd","4","deferred_alternative","0.304","grounding_contradicted_or_unrelated","2117.3","grounding_contradicted_or_unrelated","","yamap_2023-03-11_06_08.gpx","福見山・明神ヶ森・南三方ヶ森・魚谷森・左谷ノ森","present_in_stage21","grounding_far_from_candidate","mountain=南三方ヶ森(#212); candidate=summit-candidate:446b5fe1e7a8b2fd; grounding_match=grounding_contradicted_or_unrelated; score=0.304"
"213","魚谷森","summit-candidate:0ff024bf702c13bb","1","review_deferred_stage21_supported","0.36","grounding_contradicted_or_unrelated","11211.8","grounding_contradicted_or_unrelated","","yamap_2023-03-11_06_08.gpx","福見山・明神ヶ森・南三方ヶ森・魚谷森・左谷ノ森","present_in_stage21","grounding_far_from_candidate","mountain=魚谷森(#213); candidate=summit-candidate:0ff024bf702c13bb; grounding_match=grounding_contradicted_or_unrelated; score=0.36"
"213","魚谷森","summit-candidate:446b5fe1e7a8b2fd","2","deferred_alternative","0.352","grounding_contradicted_or_unrelated","6678.5","grounding_contradicted_or_unrelated","","yamap_2023-03-11_06_08.gpx","福見山・明神ヶ森・南三方ヶ森・魚谷森・左谷ノ森","present_in_stage21","grounding_far_from_candidate","mountain=魚谷森(#213); candidate=summit-candidate:446b5fe1e7a8b2fd; grounding_match=grounding_contradicted_or_unrelated; score=0.352"
"213","魚谷森","summit-candidate:83f3af0488659ac8","3","deferred_alternative","0.304","grounding_contradicted_or_unrelated","7610.7","grounding_contradicted_or_unrelated","","yamap_2023-03-11_06_08.gpx","福見山・明神ヶ森・南三方ヶ森・魚谷森・左谷ノ森","present_in_stage21","grounding_far_from_candidate","mountain=魚谷森(#213); candidate=summit-candidate:83f3af0488659ac8; grounding_match=grounding_contradicted_or_unrelated; score=0.304"
"213","魚谷森","summit-candidate:5b124255339c0714","4","deferred_alternative","0.304","grounding_contradicted_or_unrelated","8939.1","grounding_contradicted_or_unrelated","","yamap_2023-03-11_06_08.gpx","福見山・明神ヶ森・南三方ヶ森・魚谷森・左谷ノ森","present_in_stage21","grounding_far_from_candidate","mountain=魚谷森(#213); candidate=summit-candidate:5b124255339c0714; grounding_match=grounding_contradicted_or_unrelated; score=0.304"
"214","左谷ノ森","summit-candidate:0ff024bf702c13bb","1","review_deferred_stage21_supported","0.504","grounding_contradicted_or_unrelated","12716.5","grounding_contradicted_or_unrelated","","yamap_2023-03-11_06_08.gpx","福見山・明神ヶ森・南三方ヶ森・魚谷森・左谷ノ森","present_in_stage21","grounding_far_from_candidate","mountain=左谷ノ森(#214); candidate=summit-candidate:0ff024bf702c13bb; grounding_match=grounding_contradicted_or_unrelated; score=0.504"
"214","左谷ノ森","summit-candidate:e793f83b8a4fd86f","2","deferred_alternative","0.504","grounding_contradicted_or_unrelated","12742.6","grounding_contradicted_or_unrelated","","yamap_2022-04-25_11_35.gpx","伊之子山・左谷ノ森","present_in_stage21","grounding_far_from_candidate","mountain=左谷ノ森(#214); candidate=summit-candidate:e793f83b8a4fd86f; grounding_match=grounding_contradicted_or_unrelated; score=0.504"
"214","左谷ノ森","summit-candidate:15c71a530dcecd2e","3","deferred_alternative","0.456","grounding_contradicted_or_unrelated","11995.3","grounding_contradicted_or_unrelated","","yamap_2022-04-25_11_35.gpx","伊之子山・左谷ノ森","present_in_stage21","grounding_far_from_candidate","mountain=左谷ノ森(#214); candidate=summit-candidate:15c71a530dcecd2e; grounding_match=grounding_contradicted_or_unrelated; score=0.456"
"214","左谷ノ森","summit-candidate:446b5fe1e7a8b2fd","4","deferred_alternative","0.304","grounding_contradicted_or_unrelated","8101.9","grounding_contradicted_or_unrelated","","yamap_2023-03-11_06_08.gpx","福見山・明神ヶ森・南三方ヶ森・魚谷森・左谷ノ森","present_in_stage21","grounding_far_from_candidate","mountain=左谷ノ森(#214); candidate=summit-candidate:446b5fe1e7a8b2fd; grounding_match=grounding_contradicted_or_unrelated; score=0.304"
"214","左谷ノ森","summit-candidate:83f3af0488659ac8","5","deferred_alternative","0.304","grounding_contradicted_or_unrelated","9222.4","grounding_contradicted_or_unrelated","","yamap_2023-03-11_06_08.gpx","福見山・明神ヶ森・南三方ヶ森・魚谷森・左谷ノ森","present_in_stage21","grounding_far_from_candidate","mountain=左谷ノ森(#214); candidate=summit-candidate:83f3af0488659ac8; grounding_match=grounding_contradicted_or_unrelated; score=0.304"
"214","左谷ノ森","summit-candidate:5b124255339c0714","6","deferred_alternative","0.304","grounding_contradicted_or_unrelated","10558.3","grounding_contradicted_or_unrelated","","yamap_2023-03-11_06_08.gpx","福見山・明神ヶ森・南三方ヶ森・魚谷森・左谷ノ森","present_in_stage21","grounding_far_from_candidate","mountain=左谷ノ森(#214); candidate=summit-candidate:5b124255339c0714; grounding_match=grounding_contradicted_or_unrelated; score=0.304"
"218","えんとつ山","summit-candidate:339138a4e53293da","1","review_deferred_stage21_supported","0.36","grounding_contradicted_or_unrelated","3610.5","grounding_contradicted_or_unrelated","","yamap_2023-03-29_05_31.gpx","えんとつ山・生子山・犬返・種子川山・西赤石山・物住頭・上兜山・下兜山","present_in_stage21","grounding_far_from_candidate","mountain=えんとつ山(#218); candidate=summit-candidate:339138a4e53293da; grounding_match=grounding_contradicted_or_unrelated; score=0.36"
"218","えんとつ山","summit-candidate:473a62086144ac33","2","deferred_alternative","0.36","grounding_contradicted_or_unrelated","6606.7","grounding_contradicted_or_unrelated","","yamap_2023-03-29_05_31.gpx","えんとつ山・生子山・犬返・種子川山・西赤石山・物住頭・上兜山・下兜山","present_in_stage21","grounding_far_from_candidate","mountain=えんとつ山(#218); candidate=summit-candidate:473a62086144ac33; grounding_match=grounding_contradicted_or_unrelated; score=0.36"
"218","えんとつ山","summit-candidate:4311f3ae9948ea08","3","deferred_alternative","0.36","grounding_contradicted_or_unrelated","7450.6","grounding_contradicted_or_unrelated","","yamap_2023-03-29_05_31.gpx","えんとつ山・生子山・犬返・種子川山・西赤石山・物住頭・上兜山・下兜山","present_in_stage21","grounding_far_from_candidate","mountain=えんとつ山(#218); candidate=summit-candidate:4311f3ae9948ea08; grounding_match=grounding_contradicted_or_unrelated; score=0.36"
"218","えんとつ山","summit-candidate:a6379cb2ebc004fb","4","deferred_alternative","0.36","grounding_contradicted_or_unrelated","7535.9","grounding_contradicted_or_unrelated","","yamap_2023-03-29_05_31.gpx","えんとつ山・生子山・犬返・種子川山・西赤石山・物住頭・上兜山・下兜山","present_in_stage21","grounding_far_from_candidate","mountain=えんとつ山(#218); candidate=summit-candidate:a6379cb2ebc004fb; grounding_match=grounding_contradicted_or_unrelated; score=0.36"
"219","生子山","summit-candidate:339138a4e53293da","1","review_deferred_stage21_supported","0.36","grounding_contradicted_or_unrelated","3733.5","grounding_contradicted_or_unrelated","","yamap_2023-03-29_05_31.gpx","えんとつ山・生子山・犬返・種子川山・西赤石山・物住頭・上兜山・下兜山","present_in_stage21","grounding_far_from_candidate","mountain=生子山(#219); candidate=summit-candidate:339138a4e53293da; grounding_match=grounding_contradicted_or_unrelated; score=0.36"
"219","生子山","summit-candidate:473a62086144ac33","2","deferred_alternative","0.36","grounding_contradicted_or_unrelated","6459.2","grounding_contradicted_or_unrelated","","yamap_2023-03-29_05_31.gpx","えんとつ山・生子山・犬返・種子川山・西赤石山・物住頭・上兜山・下兜山","present_in_stage21","grounding_far_from_candidate","mountain=生子山(#219); candidate=summit-candidate:473a62086144ac33; grounding_match=grounding_contradicted_or_unrelated; score=0.36"
"219","生子山","summit-candidate:a6379cb2ebc004fb","3","deferred_alternative","0.36","grounding_contradicted_or_unrelated","7455.6","grounding_contradicted_or_unrelated","","yamap_2023-03-29_05_31.gpx","えんとつ山・生子山・犬返・種子川山・西赤石山・物住頭・上兜山・下兜山","present_in_stage21","grounding_far_from_candidate","mountain=生子山(#219); candidate=summit-candidate:a6379cb2ebc004fb; grounding_match=grounding_contradicted_or_unrelated; score=0.36"
"219","生子山","summit-candidate:4311f3ae9948ea08","4","deferred_alternative","0.36","grounding_contradicted_or_unrelated","7520.2","grounding_contradicted_or_unrelated","","yamap_2023-03-29_05_31.gpx","えんとつ山・生子山・犬返・種子川山・西赤石山・物住頭・上兜山・下兜山","present_in_stage21","grounding_far_from_candidate","mountain=生子山(#219); candidate=summit-candidate:4311f3ae9948ea08; grounding_match=grounding_contradicted_or_unrelated; score=0.36"
"220","犬返","summit-candidate:339138a4e53293da","1","review_deferred_stage21_supported","0.504","grounding_contradicted_or_unrelated","3921.6","grounding_contradicted_or_unrelated","","yamap_2023-03-29_05_31.gpx","えんとつ山・生子山・犬返・種子川山・西赤石山・物住頭・上兜山・下兜山","present_in_stage21","grounding_far_from_candidate","mountain=犬返(#220); candidate=summit-candidate:339138a4e53293da; grounding_match=grounding_contradicted_or_unrelated; score=0.504"
"220","犬返","summit-candidate:473a62086144ac33","2","deferred_alternative","0.36","grounding_contradicted_or_unrelated","5192.5","grounding_contradicted_or_unrelated","","yamap_2023-03-29_05_31.gpx","えんとつ山・生子山・犬返・種子川山・西赤石山・物住頭・上兜山・下兜山","present_in_stage21","grounding_far_from_candidate","mountain=犬返(#220); candidate=summit-candidate:473a62086144ac33; grounding_match=grounding_contradicted_or_unrelated; score=0.36"
"220","犬返","summit-candidate:a6379cb2ebc004fb","3","deferred_alternative","0.36","grounding_contradicted_or_unrelated","6407","grounding_contradicted_or_unrelated","","yamap_2023-03-29_05_31.gpx","えんとつ山・生子山・犬返・種子川山・西赤石山・物住頭・上兜山・下兜山","present_in_stage21","grounding_far_from_candidate","mountain=犬返(#220); candidate=summit-candidate:a6379cb2ebc004fb; grounding_match=grounding_contradicted_or_unrelated; score=0.36"
"220","犬返","summit-candidate:4311f3ae9948ea08","4","deferred_alternative","0.36","grounding_contradicted_or_unrelated","7090.9","grounding_contradicted_or_unrelated","","yamap_2023-03-29_05_31.gpx","えんとつ山・生子山・犬返・種子川山・西赤石山・物住頭・上兜山・下兜山","present_in_stage21","grounding_far_from_candidate","mountain=犬返(#220); candidate=summit-candidate:4311f3ae9948ea08; grounding_match=grounding_contradicted_or_unrelated; score=0.36"
"221","種子川山","summit-candidate:339138a4e53293da","1","review_deferred_stage21_supported","0.408","grounding_contradicted_or_unrelated","3485.3","grounding_contradicted_or_unrelated","","yamap_2023-03-29_05_31.gpx","えんとつ山・生子山・犬返・種子川山・西赤石山・物住頭・上兜山・下兜山","present_in_stage21","grounding_far_from_candidate","mountain=種子川山(#221); candidate=summit-candidate:339138a4e53293da; grounding_match=grounding_contradicted_or_unrelated; score=0.408"
"221","種子川山","summit-candidate:473a62086144ac33","2","deferred_alternative","0.36","grounding_contradicted_or_unrelated","4464.2","grounding_contradicted_or_unrelated","","yamap_2023-03-29_05_31.gpx","えんとつ山・生子山・犬返・種子川山・西赤石山・物住頭・上兜山・下兜山","present_in_stage21","grounding_far_from_candidate","mountain=種子川山(#221); candidate=summit-candidate:473a62086144ac33; grounding_match=grounding_contradicted_or_unrelated; score=0.36"
"221","種子川山","summit-candidate:a6379cb2ebc004fb","3","deferred_alternative","0.36","grounding_contradicted_or_unrelated","5684.6","grounding_contradicted_or_unrelated","","yamap_2023-03-29_05_31.gpx","えんとつ山・生子山・犬返・種子川山・西赤石山・物住頭・上兜山・下兜山","present_in_stage21","grounding_far_from_candidate","mountain=種子川山(#221); candidate=summit-candidate:a6379cb2ebc004fb; grounding_match=grounding_contradicted_or_unrelated; score=0.36"
"221","種子川山","summit-candidate:4311f3ae9948ea08","4","deferred_alternative","0.36","grounding_contradicted_or_unrelated","6436.4","grounding_contradicted_or_unrelated","","yamap_2023-03-29_05_31.gpx","えんとつ山・生子山・犬返・種子川山・西赤石山・物住頭・上兜山・下兜山","present_in_stage21","grounding_far_from_candidate","mountain=種子川山(#221); candidate=summit-candidate:4311f3ae9948ea08; grounding_match=grounding_contradicted_or_unrelated; score=0.36"
"226","黒森山","summit-candidate:924ccfedeb6c2d2c","1","review_deferred_stage21_supported","0.448","grounding_contradicted_or_unrelated","15932.7","grounding_contradicted_or_unrelated","","yamap_2023-04-04_12_51.gpx","黒森山","present_in_stage21","grounding_far_from_candidate","mountain=黒森山(#226); candidate=summit-candidate:924ccfedeb6c2d2c; grounding_match=grounding_contradicted_or_unrelated; score=0.448"
"226","黒森山","summit-candidate:dd7a40896ae9f6d4","2","deferred_alternative","0.304","grounding_contradicted_or_unrelated","32099.1","grounding_contradicted_or_unrelated","","yamap_2024-06-08_08_42.gpx","沓掛山・黒森山","present_in_stage21","grounding_far_from_candidate","mountain=黒森山(#226); candidate=summit-candidate:dd7a40896ae9f6d4; grounding_match=grounding_contradicted_or_unrelated; score=0.304"
"226","黒森山","summit-candidate:40e090ce41a89b55","3","deferred_alternative","0.304","grounding_contradicted_or_unrelated","32158.4","grounding_contradicted_or_unrelated","","yamap_2024-06-08_08_42.gpx","沓掛山・黒森山","present_in_stage21","grounding_far_from_candidate","mountain=黒森山(#226); candidate=summit-candidate:40e090ce41a89b55; grounding_match=grounding_contradicted_or_unrelated; score=0.304"
"227","菊ヶ森","summit-candidate:2a670286f545beb2","1","review_deferred_stage21_supported","0.504","grounding_contradicted_or_unrelated","4341.2","grounding_contradicted_or_unrelated","","yamap_2023-04-09_09_08.gpx","菊ヶ森・餓鬼ヶ森","present_in_stage21","grounding_far_from_candidate","mountain=菊ヶ森(#227); candidate=summit-candidate:2a670286f545beb2; grounding_match=grounding_contradicted_or_unrelated; score=0.504"
"227","菊ヶ森","summit-candidate:be07cff01023e072","2","deferred_alternative","0.408","grounding_contradicted_or_unrelated","5378","grounding_contradicted_or_unrelated","","yamap_2023-04-09_09_08.gpx","菊ヶ森・餓鬼ヶ森","present_in_stage21","grounding_far_from_candidate","mountain=菊ヶ森(#227); candidate=summit-candidate:be07cff01023e072; grounding_match=grounding_contradicted_or_unrelated; score=0.408"
"227","菊ヶ森","summit-candidate:4ffd2320af7e6acc","3","deferred_alternative","0.36","grounding_contradicted_or_unrelated","4694.5","grounding_contradicted_or_unrelated","","yamap_2023-04-09_09_08.gpx","菊ヶ森・餓鬼ヶ森","present_in_stage21","grounding_far_from_candidate","mountain=菊ヶ森(#227); candidate=summit-candidate:4ffd2320af7e6acc; grounding_match=grounding_contradicted_or_unrelated; score=0.36"
"227","菊ヶ森","summit-candidate:ab8cf0f07d2a219d","4","deferred_alternative","0.304","grounding_contradicted_or_unrelated","24664.3","grounding_contradicted_or_unrelated","","yamap_2022-03-12_08_31.gpx","菊ヶ森","present_in_stage21","grounding_far_from_candidate","mountain=菊ヶ森(#227); candidate=summit-candidate:ab8cf0f07d2a219d; grounding_match=grounding_contradicted_or_unrelated; score=0.304"
"230","木久ヶ森","summit-candidate:9669b668bebfc145","1","review_deferred_stage21_supported","0.36","grounding_contradicted_or_unrelated","14683.2","grounding_contradicted_or_unrelated","","yamap_2023-04-18_10_53.gpx","黒滝山・木久ヶ森","present_in_stage21","grounding_far_from_candidate","mountain=木久ヶ森(#230); candidate=summit-candidate:9669b668bebfc145; grounding_match=grounding_contradicted_or_unrelated; score=0.36"
"231","黒滝山","summit-candidate:9669b668bebfc145","1","review_deferred_stage21_supported","0.504","grounding_contradicted_or_unrelated","15479.2","grounding_contradicted_or_unrelated","","yamap_2023-04-18_10_53.gpx","黒滝山・木久ヶ森","present_in_stage21","grounding_far_from_candidate","mountain=黒滝山(#231); candidate=summit-candidate:9669b668bebfc145; grounding_match=grounding_contradicted_or_unrelated; score=0.504"
"234","石鎚山","summit-candidate:22e40e9eb117a033","1","review_deferred_grounding_supported_top1","0.6","weak_grounding_nearby","129.4","weak_grounding_nearby","452.1","yamap_2024-05-03_08_45.gpx","面河山","not_in_stage21","","mountain=石鎚山(#234); candidate=summit-candidate:22e40e9eb117a033; grounding_match=weak_grounding_nearby; score=0.6"
"234","石鎚山","summit-candidate:3b98b67bbe0fe0f9","2","deferred_alternative","0.448","grounding_contradicted_or_unrelated","1755.6","grounding_contradicted_or_unrelated","","yamap_2022-05-22_08_09.gpx","石鎚山・天狗岳・南尖峰","present_in_stage21","grounding_far_from_candidate","mountain=石鎚山(#234); candidate=summit-candidate:3b98b67bbe0fe0f9; grounding_match=grounding_contradicted_or_unrelated; score=0.448"
"234","石鎚山","summit-candidate:88555c5557efeb46","3","deferred_alternative","0.448","grounding_contradicted_or_unrelated","1877","grounding_contradicted_or_unrelated","","yamap_2022-09-24_08_33.gpx","石鎚山","present_in_stage21","grounding_far_from_candidate","mountain=石鎚山(#234); candidate=summit-candidate:88555c5557efeb46; grounding_match=grounding_contradicted_or_unrelated; score=0.448"
"234","石鎚山","summit-candidate:19713e48698f3e2a","4","deferred_alternative","0.448","grounding_contradicted_or_unrelated","1893.3","grounding_contradicted_or_unrelated","","yamap_2025-09-07_08_00.gpx","鶴ノ子ノ頭・石鎚山","present_in_stage21","grounding_far_from_candidate","mountain=石鎚山(#234); candidate=summit-candidate:19713e48698f3e2a; grounding_match=grounding_contradicted_or_unrelated; score=0.448"
"234","石鎚山","summit-candidate:65906dbbd6e5b747","5","deferred_alternative","0.36","grounding_contradicted_or_unrelated","2338.1","grounding_contradicted_or_unrelated","","yamap_2025-09-07_08_00.gpx","鶴ノ子ノ頭・石鎚山","present_in_stage21","grounding_far_from_candidate","mountain=石鎚山(#234); candidate=summit-candidate:65906dbbd6e5b747; grounding_match=grounding_contradicted_or_unrelated; score=0.36"
"234","石鎚山","summit-candidate:bca203164e26ce6a","6","deferred_alternative","0.352","grounding_contradicted_or_unrelated","1941.1","grounding_contradicted_or_unrelated","","yamap_2022-07-02_07_43.gpx","石鎚山・西ノ冠岳・面河の頭・二ノ森・鞍瀬ノ頭","present_in_stage21","grounding_far_from_candidate","mountain=石鎚山(#234); candidate=summit-candidate:bca203164e26ce6a; grounding_match=grounding_contradicted_or_unrelated; score=0.352"
"234","石鎚山","summit-candidate:fe43b0b6aa90cb8f","7","deferred_alternative","0.304","grounding_contradicted_or_unrelated","1976.5","grounding_contradicted_or_unrelated","","yamap_2022-07-02_07_43.gpx","石鎚山・西ノ冠岳・面河の頭・二ノ森・鞍瀬ノ頭","present_in_stage21","grounding_far_from_candidate","mountain=石鎚山(#234); candidate=summit-candidate:fe43b0b6aa90cb8f; grounding_match=grounding_contradicted_or_unrelated; score=0.304"
"234","石鎚山","summit-candidate:846b096132c533d6","8","deferred_alternative","0.304","grounding_contradicted_or_unrelated","2515.6","grounding_contradicted_or_unrelated","","yamap_2022-07-02_07_43.gpx","石鎚山・西ノ冠岳・面河の頭・二ノ森・鞍瀬ノ頭","present_in_stage21","grounding_far_from_candidate","mountain=石鎚山(#234); candidate=summit-candidate:846b096132c533d6; grounding_match=grounding_contradicted_or_unrelated; score=0.304"
"235","善神山","summit-candidate:367897a1c7a2d287","1","review_deferred_stage21_supported","0.504","grounding_contradicted_or_unrelated","10647.7","grounding_contradicted_or_unrelated","","yamap_2023-05-27_09_55.gpx","前善神山・善神山","present_in_stage21","grounding_far_from_candidate","mountain=善神山(#235); candidate=summit-candidate:367897a1c7a2d287; grounding_match=grounding_contradicted_or_unrelated; score=0.504"
"236","前善神山","summit-candidate:367897a1c7a2d287","1","review_deferred_stage21_supported","0.456","grounding_contradicted_or_unrelated","9996.5","grounding_contradicted_or_unrelated","","yamap_2023-05-27_09_55.gpx","前善神山・善神山","present_in_stage21","grounding_far_from_candidate","mountain=前善神山(#236); candidate=summit-candidate:367897a1c7a2d287; grounding_match=grounding_contradicted_or_unrelated; score=0.456"
"237","五葉が森","summit-candidate:9488d92d9ea95406","1","review_deferred_stage21_supported","0.504","grounding_contradicted_or_unrelated","2551.1","grounding_contradicted_or_unrelated","","yamap_2023-06-11_11_57.gpx","五葉が森","present_in_stage21","grounding_far_from_candidate","mountain=五葉が森(#237); candidate=summit-candidate:9488d92d9ea95406; grounding_match=grounding_contradicted_or_unrelated; score=0.504"
"237","五葉が森","summit-candidate:1d3eb619bd125bfd","2","deferred_alternative","0.36","grounding_contradicted_or_unrelated","2664.4","grounding_contradicted_or_unrelated","","yamap_2023-06-11_11_57.gpx","五葉が森","present_in_stage21","grounding_far_from_candidate","mountain=五葉が森(#237); candidate=summit-candidate:1d3eb619bd125bfd; grounding_match=grounding_contradicted_or_unrelated; score=0.36"
"238","冠岳","summit-candidate:b73a23fa4b3abc39","1","review_deferred_stage21_supported","0.504","grounding_contradicted_or_unrelated","19163.6","grounding_contradicted_or_unrelated","","yamap_2023-09-06_13_30.gpx","冠岳","present_in_stage21","grounding_far_from_candidate","mountain=冠岳(#238); candidate=summit-candidate:b73a23fa4b3abc39; grounding_match=grounding_contradicted_or_unrelated; score=0.504"
"238","冠岳","summit-candidate:846b096132c533d6","2","deferred_alternative","0.304","grounding_contradicted_or_unrelated","17820.3","grounding_contradicted_or_unrelated","","yamap_2022-07-02_07_43.gpx","石鎚山・西ノ冠岳・面河の頭・二ノ森・鞍瀬ノ頭","present_in_stage21","grounding_far_from_candidate","mountain=冠岳(#238); candidate=summit-candidate:846b096132c533d6; grounding_match=grounding_contradicted_or_unrelated; score=0.304"
"238","冠岳","summit-candidate:bca203164e26ce6a","3","deferred_alternative","0.304","grounding_contradicted_or_unrelated","18411.1","grounding_contradicted_or_unrelated","","yamap_2022-07-02_07_43.gpx","石鎚山・西ノ冠岳・面河の頭・二ノ森・鞍瀬ノ頭","present_in_stage21","grounding_far_from_candidate","mountain=冠岳(#238); candidate=summit-candidate:bca203164e26ce6a; grounding_match=grounding_contradicted_or_unrelated; score=0.304"
"238","冠岳","summit-candidate:fe43b0b6aa90cb8f","4","deferred_alternative","0.304","grounding_contradicted_or_unrelated","20607.4","grounding_contradicted_or_unrelated","","yamap_2022-07-02_07_43.gpx","石鎚山・西ノ冠岳・面河の頭・二ノ森・鞍瀬ノ頭","present_in_stage21","grounding_far_from_candidate","mountain=冠岳(#238); candidate=summit-candidate:fe43b0b6aa90cb8f; grounding_match=grounding_contradicted_or_unrelated; score=0.304"
"240","八巻山","summit-candidate:2b7cce23b57844a5","1","review_deferred_stage21_supported","0.504","grounding_contradicted_or_unrelated","3927.2","grounding_contradicted_or_unrelated","","yamap_2022-10-08_06_12.gpx","東山・西赤石山・物住頭・前赤石山・東赤石山・八巻山","present_in_stage21","grounding_far_from_candidate","mountain=八巻山(#240); candidate=summit-candidate:2b7cce23b57844a5; grounding_match=grounding_contradicted_or_unrelated; score=0.504"
"240","八巻山","summit-candidate:e2bdd25969c7f122","2","deferred_alternative","0.408","grounding_contradicted_or_unrelated","3023.5","grounding_contradicted_or_unrelated","","yamap_2022-10-08_06_12.gpx","東山・西赤石山・物住頭・前赤石山・東赤石山・八巻山","present_in_stage21","grounding_far_from_candidate","mountain=八巻山(#240); candidate=summit-candidate:e2bdd25969c7f122; grounding_match=grounding_contradicted_or_unrelated; score=0.408"
"240","八巻山","summit-candidate:5104c47f17101d63","3","deferred_alternative","0.36","grounding_contradicted_or_unrelated","1401.6","grounding_contradicted_or_unrelated","","yamap_2022-10-08_06_12.gpx","東山・西赤石山・物住頭・前赤石山・東赤石山・八巻山","present_in_stage21","grounding_far_from_candidate","mountain=八巻山(#240); candidate=summit-candidate:5104c47f17101d63; grounding_match=grounding_contradicted_or_unrelated; score=0.36"
"240","八巻山","summit-candidate:61a5956a49a7ace2","4","deferred_alternative","0.36","grounding_contradicted_or_unrelated","2564.1","grounding_contradicted_or_unrelated","","yamap_2022-10-08_06_12.gpx","東山・西赤石山・物住頭・前赤石山・東赤石山・八巻山","present_in_stage21","grounding_far_from_candidate","mountain=八巻山(#240); candidate=summit-candidate:61a5956a49a7ace2; grounding_match=grounding_contradicted_or_unrelated; score=0.36"
"241","ベツソ山","summit-candidate:dba931625b34d9ac","1","review_deferred_stage21_supported","0.408","grounding_contradicted_or_unrelated","7170.6","grounding_contradicted_or_unrelated","","yamap_2023-10-13_10_02.gpx","ベツソ山・歯朶谷山","present_in_stage21","grounding_far_from_candidate","mountain=ベツソ山(#241); candidate=summit-candidate:dba931625b34d9ac; grounding_match=grounding_contradicted_or_unrelated; score=0.408"
"242","歯朶谷山","summit-candidate:dba931625b34d9ac","1","review_deferred_stage21_supported","0.504","grounding_contradicted_or_unrelated","7584","grounding_contradicted_or_unrelated","","yamap_2023-10-13_10_02.gpx","ベツソ山・歯朶谷山","present_in_stage21","grounding_far_from_candidate","mountain=歯朶谷山(#242); candidate=summit-candidate:dba931625b34d9ac; grounding_match=grounding_contradicted_or_unrelated; score=0.504"
"244","二ノ岳","summit-candidate:b58470f57bb41331","1","review_deferred_stage21_supported","0.448","grounding_contradicted_or_unrelated","26102.8","grounding_contradicted_or_unrelated","","yamap_2023-10-22_06_44.gpx","二ノ岳・高森","present_in_stage21","grounding_far_from_candidate","mountain=二ノ岳(#244); candidate=summit-candidate:b58470f57bb41331; grounding_match=grounding_contradicted_or_unrelated; score=0.448"
"244","二ノ岳","summit-candidate:a61fd78e4e062683","2","deferred_alternative","0.304","grounding_contradicted_or_unrelated","28344.6","grounding_contradicted_or_unrelated","","yamap_2023-10-22_06_44.gpx","二ノ岳・高森","present_in_stage21","grounding_far_from_candidate","mountain=二ノ岳(#244); candidate=summit-candidate:a61fd78e4e062683; grounding_match=grounding_contradicted_or_unrelated; score=0.304"
"244","二ノ岳","summit-candidate:5771cdd191c3861d","3","deferred_alternative","0.304","grounding_contradicted_or_unrelated","28556.7","grounding_contradicted_or_unrelated","","yamap_2023-10-22_06_44.gpx","二ノ岳・高森","present_in_stage21","grounding_far_from_candidate","mountain=二ノ岳(#244); candidate=summit-candidate:5771cdd191c3861d; grounding_match=grounding_contradicted_or_unrelated; score=0.304"
"254","平岡山(平岡城址)","summit-candidate:1d97e1955af85092","1","review_deferred_stage21_supported","0.504","grounding_contradicted_or_unrelated","7645.6","grounding_contradicted_or_unrelated","","yamap_2023-12-17_10_30.gpx","平岡山(平岡城址) ","present_in_stage21","grounding_far_from_candidate","mountain=平岡山(平岡城址)(#254); candidate=summit-candidate:1d97e1955af85092; grounding_match=grounding_contradicted_or_unrelated; score=0.504"
"255","竜門山","summit-candidate:64a47ed9c06f56d5","1","review_deferred_stage21_supported","0.504","grounding_contradicted_or_unrelated","8413","grounding_contradicted_or_unrelated","","yamap_2024-01-14_10_18.gpx","竜門山・大黒山","present_in_stage21","grounding_far_from_candidate","mountain=竜門山(#255); candidate=summit-candidate:64a47ed9c06f56d5; grounding_match=grounding_contradicted_or_unrelated; score=0.504"
"255","竜門山","summit-candidate:99b1b356cad63b98","2","deferred_alternative","0.36","grounding_contradicted_or_unrelated","7365.5","grounding_contradicted_or_unrelated","","yamap_2024-01-14_10_18.gpx","竜門山・大黒山","present_in_stage21","grounding_far_from_candidate","mountain=竜門山(#255); candidate=summit-candidate:99b1b356cad63b98; grounding_match=grounding_contradicted_or_unrelated; score=0.36"
"256","大黒山","summit-candidate:99b1b356cad63b98","1","review_deferred_stage21_supported","0.36","grounding_contradicted_or_unrelated","9817.5","grounding_contradicted_or_unrelated","","yamap_2024-01-14_10_18.gpx","竜門山・大黒山","present_in_stage21","grounding_far_from_candidate","mountain=大黒山(#256); candidate=summit-candidate:99b1b356cad63b98; grounding_match=grounding_contradicted_or_unrelated; score=0.36"
"256","大黒山","summit-candidate:64a47ed9c06f56d5","2","deferred_alternative","0.36","grounding_contradicted_or_unrelated","10221.8","grounding_contradicted_or_unrelated","","yamap_2024-01-14_10_18.gpx","竜門山・大黒山","present_in_stage21","grounding_far_from_candidate","mountain=大黒山(#256); candidate=summit-candidate:64a47ed9c06f56d5; grounding_match=grounding_contradicted_or_unrelated; score=0.36"
"256","大黒山","summit-candidate:f5c22dac4bd015ae","3","deferred_alternative","0.304","grounding_contradicted_or_unrelated","101585.9","grounding_contradicted_or_unrelated","","yamap_2024-02-17_05_38.gpx","大黒山・譲ヶ葉森","present_in_stage21","grounding_far_from_candidate","mountain=大黒山(#256); candidate=summit-candidate:f5c22dac4bd015ae; grounding_match=grounding_contradicted_or_unrelated; score=0.304"
"256","大黒山","summit-candidate:282882317c3aab0b","4","deferred_alternative","0.304","grounding_contradicted_or_unrelated","102887.3","grounding_contradicted_or_unrelated","","yamap_2024-02-17_05_38.gpx","大黒山・譲ヶ葉森","present_in_stage21","grounding_far_from_candidate","mountain=大黒山(#256); candidate=summit-candidate:282882317c3aab0b; grounding_match=grounding_contradicted_or_unrelated; score=0.304"
"256","大黒山","summit-candidate:19baf3ce30f8991a","5","deferred_alternative","0.304","grounding_contradicted_or_unrelated","103170","grounding_contradicted_or_unrelated","","yamap_2024-02-17_05_38.gpx","大黒山・譲ヶ葉森","present_in_stage21","grounding_far_from_candidate","mountain=大黒山(#256); candidate=summit-candidate:19baf3ce30f8991a; grounding_match=grounding_contradicted_or_unrelated; score=0.304"
"256","大黒山","summit-candidate:56cffb103cbe3aac","6","deferred_alternative","0.304","grounding_contradicted_or_unrelated","103605.8","grounding_contradicted_or_unrelated","","yamap_2024-02-17_05_38.gpx","大黒山・譲ヶ葉森","present_in_stage21","grounding_far_from_candidate","mountain=大黒山(#256); candidate=summit-candidate:56cffb103cbe3aac; grounding_match=grounding_contradicted_or_unrelated; score=0.304"
"264","大黒山","summit-candidate:f5c22dac4bd015ae","1","review_deferred_stage21_supported","0.504","grounding_contradicted_or_unrelated","7516","grounding_contradicted_or_unrelated","","yamap_2024-02-17_05_38.gpx","大黒山・譲ヶ葉森","present_in_stage21","grounding_far_from_candidate","mountain=大黒山(#264); candidate=summit-candidate:f5c22dac4bd015ae; grounding_match=grounding_contradicted_or_unrelated; score=0.504"
"264","大黒山","summit-candidate:282882317c3aab0b","2","deferred_alternative","0.448","grounding_contradicted_or_unrelated","10794.5","grounding_contradicted_or_unrelated","","yamap_2024-02-17_05_38.gpx","大黒山・譲ヶ葉森","present_in_stage21","grounding_far_from_candidate","mountain=大黒山(#264); candidate=summit-candidate:282882317c3aab0b; grounding_match=grounding_contradicted_or_unrelated; score=0.448"
"264","大黒山","summit-candidate:19baf3ce30f8991a","3","deferred_alternative","0.36","grounding_contradicted_or_unrelated","8225","grounding_contradicted_or_unrelated","","yamap_2024-02-17_05_38.gpx","大黒山・譲ヶ葉森","present_in_stage21","grounding_far_from_candidate","mountain=大黒山(#264); candidate=summit-candidate:19baf3ce30f8991a; grounding_match=grounding_contradicted_or_unrelated; score=0.36"
"264","大黒山","summit-candidate:56cffb103cbe3aac","4","deferred_alternative","0.36","grounding_contradicted_or_unrelated","8888","grounding_contradicted_or_unrelated","","yamap_2024-02-17_05_38.gpx","大黒山・譲ヶ葉森","present_in_stage21","grounding_far_from_candidate","mountain=大黒山(#264); candidate=summit-candidate:56cffb103cbe3aac; grounding_match=grounding_contradicted_or_unrelated; score=0.36"
"264","大黒山","summit-candidate:99b1b356cad63b98","5","deferred_alternative","0.304","grounding_contradicted_or_unrelated","91520.5","grounding_contradicted_or_unrelated","","yamap_2024-01-14_10_18.gpx","竜門山・大黒山","present_in_stage21","grounding_far_from_candidate","mountain=大黒山(#264); candidate=summit-candidate:99b1b356cad63b98; grounding_match=grounding_contradicted_or_unrelated; score=0.304"
"264","大黒山","summit-candidate:64a47ed9c06f56d5","6","deferred_alternative","0.304","grounding_contradicted_or_unrelated","92310","grounding_contradicted_or_unrelated","","yamap_2024-01-14_10_18.gpx","竜門山・大黒山","present_in_stage21","grounding_far_from_candidate","mountain=大黒山(#264); candidate=summit-candidate:64a47ed9c06f56d5; grounding_match=grounding_contradicted_or_unrelated; score=0.304"
"267","東高月山","summit-candidate:62351b8782d6f597","1","review_deferred_stage21_supported","0.456","grounding_contradicted_or_unrelated","4703","grounding_contradicted_or_unrelated","","yamap_2024-02-24_07_06.gpx","高月山・東高月山・郭公岳・櫨ヶ森・毛山","present_in_stage21","grounding_far_from_candidate","mountain=東高月山(#267); candidate=summit-candidate:62351b8782d6f597; grounding_match=grounding_contradicted_or_unrelated; score=0.456"
"267","東高月山","summit-candidate:90c3723735d95c0d","2","deferred_alternative","0.408","grounding_contradicted_or_unrelated","4302.7","grounding_contradicted_or_unrelated","","yamap_2024-02-24_07_06.gpx","高月山・東高月山・郭公岳・櫨ヶ森・毛山","present_in_stage21","grounding_far_from_candidate","mountain=東高月山(#267); candidate=summit-candidate:90c3723735d95c0d; grounding_match=grounding_contradicted_or_unrelated; score=0.408"
"267","東高月山","summit-candidate:ba56c1ac8ac55c5f","3","deferred_alternative","0.36","grounding_contradicted_or_unrelated","4027.5","grounding_contradicted_or_unrelated","","yamap_2024-02-24_07_06.gpx","高月山・東高月山・郭公岳・櫨ヶ森・毛山","present_in_stage21","grounding_far_from_candidate","mountain=東高月山(#267); candidate=summit-candidate:ba56c1ac8ac55c5f; grounding_match=grounding_contradicted_or_unrelated; score=0.36"
"267","東高月山","summit-candidate:f7e5fd7b11eb7bd4","4","deferred_alternative","0.36","grounding_contradicted_or_unrelated","4806.9","grounding_contradicted_or_unrelated","","yamap_2024-02-24_07_06.gpx","高月山・東高月山・郭公岳・櫨ヶ森・毛山","present_in_stage21","grounding_far_from_candidate","mountain=東高月山(#267); candidate=summit-candidate:f7e5fd7b11eb7bd4; grounding_match=grounding_contradicted_or_unrelated; score=0.36"
"267","東高月山","summit-candidate:3853fbbba7330ec4","5","deferred_alternative","0.304","grounding_contradicted_or_unrelated","4827.1","grounding_contradicted_or_unrelated","","yamap_2024-02-24_07_06.gpx","高月山・東高月山・郭公岳・櫨ヶ森・毛山","present_in_stage21","grounding_far_from_candidate","mountain=東高月山(#267); candidate=summit-candidate:3853fbbba7330ec4; grounding_match=grounding_contradicted_or_unrelated; score=0.304"
"268","高月山","summit-candidate:90c3723735d95c0d","1","review_deferred_stage21_supported","0.504","grounding_contradicted_or_unrelated","4395.5","grounding_contradicted_or_unrelated","","yamap_2024-02-24_07_06.gpx","高月山・東高月山・郭公岳・櫨ヶ森・毛山","present_in_stage21","grounding_far_from_candidate","mountain=高月山(#268); candidate=summit-candidate:90c3723735d95c0d; grounding_match=grounding_contradicted_or_unrelated; score=0.504"
"268","高月山","summit-candidate:62351b8782d6f597","2","deferred_alternative","0.408","grounding_contradicted_or_unrelated","4962.8","grounding_contradicted_or_unrelated","","yamap_2024-02-24_07_06.gpx","高月山・東高月山・郭公岳・櫨ヶ森・毛山","present_in_stage21","grounding_far_from_candidate","mountain=高月山(#268); candidate=summit-candidate:62351b8782d6f597; grounding_match=grounding_contradicted_or_unrelated; score=0.408"
"268","高月山","summit-candidate:ba56c1ac8ac55c5f","3","deferred_alternative","0.36","grounding_contradicted_or_unrelated","3850.4","grounding_contradicted_or_unrelated","","yamap_2024-02-24_07_06.gpx","高月山・東高月山・郭公岳・櫨ヶ森・毛山","present_in_stage21","grounding_far_from_candidate","mountain=高月山(#268); candidate=summit-candidate:ba56c1ac8ac55c5f; grounding_match=grounding_contradicted_or_unrelated; score=0.36"
"268","高月山","summit-candidate:f7e5fd7b11eb7bd4","4","deferred_alternative","0.36","grounding_contradicted_or_unrelated","4273.4","grounding_contradicted_or_unrelated","","yamap_2024-02-24_07_06.gpx","高月山・東高月山・郭公岳・櫨ヶ森・毛山","present_in_stage21","grounding_far_from_candidate","mountain=高月山(#268); candidate=summit-candidate:f7e5fd7b11eb7bd4; grounding_match=grounding_contradicted_or_unrelated; score=0.36"
"268","高月山","summit-candidate:3853fbbba7330ec4","5","deferred_alternative","0.304","grounding_contradicted_or_unrelated","5392.2","grounding_contradicted_or_unrelated","","yamap_2024-02-24_07_06.gpx","高月山・東高月山・郭公岳・櫨ヶ森・毛山","present_in_stage21","grounding_far_from_candidate","mountain=高月山(#268); candidate=summit-candidate:3853fbbba7330ec4; grounding_match=grounding_contradicted_or_unrelated; score=0.304"
"276","白山","summit-candidate:13b7a4bb8154974a","1","review_deferred_stage21_supported","0.504","grounding_contradicted_or_unrelated","4768.9","grounding_contradicted_or_unrelated","","yamap_2024-03-10_07_12.gpx","夫婦山・白山・観音山・国見山・城山・御勧請山","present_in_stage21","grounding_far_from_candidate","mountain=白山(#276); candidate=summit-candidate:13b7a4bb8154974a; grounding_match=grounding_contradicted_or_unrelated; score=0.504"
"276","白山","summit-candidate:3a491eecbf684185","2","deferred_alternative","0.504","grounding_contradicted_or_unrelated","5404.9","grounding_contradicted_or_unrelated","","yamap_2024-03-10_07_12.gpx","夫婦山・白山・観音山・国見山・城山・御勧請山","present_in_stage21","grounding_far_from_candidate","mountain=白山(#276); candidate=summit-candidate:3a491eecbf684185; grounding_match=grounding_contradicted_or_unrelated; score=0.504"
"276","白山","summit-candidate:2ab43729f5e80cbe","3","deferred_alternative","0.408","grounding_contradicted_or_unrelated","4490.7","grounding_contradicted_or_unrelated","","yamap_2024-03-10_07_12.gpx","夫婦山・白山・観音山・国見山・城山・御勧請山","present_in_stage21","grounding_far_from_candidate","mountain=白山(#276); candidate=summit-candidate:2ab43729f5e80cbe; grounding_match=grounding_contradicted_or_unrelated; score=0.408"
"276","白山","summit-candidate:cf29543e6beaa1ec","4","deferred_alternative","0.408","grounding_contradicted_or_unrelated","5479.2","grounding_contradicted_or_unrelated","","yamap_2024-03-10_07_12.gpx","夫婦山・白山・観音山・国見山・城山・御勧請山","present_in_stage21","grounding_far_from_candidate","mountain=白山(#276); candidate=summit-candidate:cf29543e6beaa1ec; grounding_match=grounding_contradicted_or_unrelated; score=0.408"
"276","白山","summit-candidate:3e9348428f22a320","5","deferred_alternative","0.36","grounding_contradicted_or_unrelated","5533.7","grounding_contradicted_or_unrelated","","yamap_2024-03-10_07_12.gpx","夫婦山・白山・観音山・国見山・城山・御勧請山","present_in_stage21","grounding_far_from_candidate","mountain=白山(#276); candidate=summit-candidate:3e9348428f22a320; grounding_match=grounding_contradicted_or_unrelated; score=0.36"
"276","白山","summit-candidate:d19542a61a416537","6","deferred_alternative","0.36","grounding_contradicted_or_unrelated","5552","grounding_contradicted_or_unrelated","","yamap_2024-03-10_07_12.gpx","夫婦山・白山・観音山・国見山・城山・御勧請山","present_in_stage21","grounding_far_from_candidate","mountain=白山(#276); candidate=summit-candidate:d19542a61a416537; grounding_match=grounding_contradicted_or_unrelated; score=0.36"
"276","白山","summit-candidate:0022a746b396d4c7","7","deferred_alternative","0.36","grounding_contradicted_or_unrelated","5901.8","grounding_contradicted_or_unrelated","","yamap_2024-03-10_07_12.gpx","夫婦山・白山・観音山・国見山・城山・御勧請山","present_in_stage21","grounding_far_from_candidate","mountain=白山(#276); candidate=summit-candidate:0022a746b396d4c7; grounding_match=grounding_contradicted_or_unrelated; score=0.36"
"280","御勧請山","summit-candidate:13b7a4bb8154974a","1","review_deferred_stage21_supported","0.504","grounding_contradicted_or_unrelated","5172.1","grounding_contradicted_or_unrelated","","yamap_2024-03-10_07_12.gpx","夫婦山・白山・観音山・国見山・城山・御勧請山","present_in_stage21","grounding_far_from_candidate","mountain=御勧請山(#280); candidate=summit-candidate:13b7a4bb8154974a; grounding_match=grounding_contradicted_or_unrelated; score=0.504"
"280","御勧請山","summit-candidate:3a491eecbf684185","2","deferred_alternative","0.504","grounding_contradicted_or_unrelated","5880.4","grounding_contradicted_or_unrelated","","yamap_2024-03-10_07_12.gpx","夫婦山・白山・観音山・国見山・城山・御勧請山","present_in_stage21","grounding_far_from_candidate","mountain=御勧請山(#280); candidate=summit-candidate:3a491eecbf684185; grounding_match=grounding_contradicted_or_unrelated; score=0.504"
"280","御勧請山","summit-candidate:2ab43729f5e80cbe","3","deferred_alternative","0.408","grounding_contradicted_or_unrelated","4959.6","grounding_contradicted_or_unrelated","","yamap_2024-03-10_07_12.gpx","夫婦山・白山・観音山・国見山・城山・御勧請山","present_in_stage21","grounding_far_from_candidate","mountain=御勧請山(#280); candidate=summit-candidate:2ab43729f5e80cbe; grounding_match=grounding_contradicted_or_unrelated; score=0.408"
"280","御勧請山","summit-candidate:cf29543e6beaa1ec","4","deferred_alternative","0.408","grounding_contradicted_or_unrelated","5956.4","grounding_contradicted_or_unrelated","","yamap_2024-03-10_07_12.gpx","夫婦山・白山・観音山・国見山・城山・御勧請山","present_in_stage21","grounding_far_from_candidate","mountain=御勧請山(#280); candidate=summit-candidate:cf29543e6beaa1ec; grounding_match=grounding_contradicted_or_unrelated; score=0.408"
"280","御勧請山","summit-candidate:3e9348428f22a320","5","deferred_alternative","0.36","grounding_contradicted_or_unrelated","6010.7","grounding_contradicted_or_unrelated","","yamap_2024-03-10_07_12.gpx","夫婦山・白山・観音山・国見山・城山・御勧請山","present_in_stage21","grounding_far_from_candidate","mountain=御勧請山(#280); candidate=summit-candidate:3e9348428f22a320; grounding_match=grounding_contradicted_or_unrelated; score=0.36"
"280","御勧請山","summit-candidate:d19542a61a416537","6","deferred_alternative","0.36","grounding_contradicted_or_unrelated","6019.5","grounding_contradicted_or_unrelated","","yamap_2024-03-10_07_12.gpx","夫婦山・白山・観音山・国見山・城山・御勧請山","present_in_stage21","grounding_far_from_candidate","mountain=御勧請山(#280); candidate=summit-candidate:d19542a61a416537; grounding_match=grounding_contradicted_or_unrelated; score=0.36"
"280","御勧請山","summit-candidate:0022a746b396d4c7","7","deferred_alternative","0.36","grounding_contradicted_or_unrelated","6367.7","grounding_contradicted_or_unrelated","","yamap_2024-03-10_07_12.gpx","夫婦山・白山・観音山・国見山・城山・御勧請山","present_in_stage21","grounding_far_from_candidate","mountain=御勧請山(#280); candidate=summit-candidate:0022a746b396d4c7; grounding_match=grounding_contradicted_or_unrelated; score=0.36"
"281","トギ","summit-candidate:e75e04c2fbe61c2f","1","review_deferred_stage21_supported","0.504","grounding_contradicted_or_unrelated","14419","grounding_contradicted_or_unrelated","","yamap_2024-03-16_09_21.gpx","トギ・張木山・高手山","present_in_stage21","grounding_far_from_candidate","mountain=トギ(#281); candidate=summit-candidate:e75e04c2fbe61c2f; grounding_match=grounding_contradicted_or_unrelated; score=0.504"
"281","トギ","summit-candidate:b49681fa67b2b53e","2","deferred_alternative","0.36","grounding_contradicted_or_unrelated","14293.6","grounding_contradicted_or_unrelated","","yamap_2024-03-16_09_21.gpx","トギ・張木山・高手山","present_in_stage21","grounding_far_from_candidate","mountain=トギ(#281); candidate=summit-candidate:b49681fa67b2b53e; grounding_match=grounding_contradicted_or_unrelated; score=0.36"
"283","高手山","summit-candidate:e75e04c2fbe61c2f","1","review_deferred_stage21_supported","0.456","grounding_contradicted_or_unrelated","17043.1","grounding_contradicted_or_unrelated","","yamap_2024-03-16_09_21.gpx","トギ・張木山・高手山","present_in_stage21","grounding_far_from_candidate","mountain=高手山(#283); candidate=summit-candidate:e75e04c2fbe61c2f; grounding_match=grounding_contradicted_or_unrelated; score=0.456"
"283","高手山","summit-candidate:b49681fa67b2b53e","2","deferred_alternative","0.36","grounding_contradicted_or_unrelated","16072.2","grounding_contradicted_or_unrelated","","yamap_2024-03-16_09_21.gpx","トギ・張木山・高手山","present_in_stage21","grounding_far_from_candidate","mountain=高手山(#283); candidate=summit-candidate:b49681fa67b2b53e; grounding_match=grounding_contradicted_or_unrelated; score=0.36"
"284","斎藤山","summit-candidate:3c28b6ebd5a97155","1","review_deferred_stage21_supported","0.456","grounding_contradicted_or_unrelated","11485.6","grounding_contradicted_or_unrelated","","yamap_2024-03-16_13_58.gpx","斎藤山","present_in_stage21","grounding_far_from_candidate","mountain=斎藤山(#284); candidate=summit-candidate:3c28b6ebd5a97155; grounding_match=grounding_contradicted_or_unrelated; score=0.456"
"285","御祝山","summit-candidate:9186201ca03b041d","1","review_deferred_stage21_supported","0.36","grounding_contradicted_or_unrelated","7958","grounding_contradicted_or_unrelated","","yamap_2024-03-30_07_11.gpx","御祝山・横ノ森・小屋ヶ森・串ヶ森・目黒鳥屋・長尾森","present_in_stage21","grounding_far_from_candidate","mountain=御祝山(#285); candidate=summit-candidate:9186201ca03b041d; grounding_match=grounding_contradicted_or_unrelated; score=0.36"
"285","御祝山","summit-candidate:12c27f259b66de80","2","deferred_alternative","0.304","grounding_contradicted_or_unrelated","6681.8","grounding_contradicted_or_unrelated","","yamap_2024-03-30_07_11.gpx","御祝山・横ノ森・小屋ヶ森・串ヶ森・目黒鳥屋・長尾森","present_in_stage21","grounding_far_from_candidate","mountain=御祝山(#285); candidate=summit-candidate:12c27f259b66de80; grounding_match=grounding_contradicted_or_unrelated; score=0.304"
"288","串ヶ森","summit-candidate:9186201ca03b041d","1","review_deferred_stage21_supported","0.504","grounding_contradicted_or_unrelated","3917","grounding_contradicted_or_unrelated","","yamap_2024-03-30_07_11.gpx","御祝山・横ノ森・小屋ヶ森・串ヶ森・目黒鳥屋・長尾森","present_in_stage21","grounding_far_from_candidate","mountain=串ヶ森(#288); candidate=summit-candidate:9186201ca03b041d; grounding_match=grounding_contradicted_or_unrelated; score=0.504"
"288","串ヶ森","summit-candidate:12c27f259b66de80","2","deferred_alternative","0.352","grounding_contradicted_or_unrelated","2965.7","grounding_contradicted_or_unrelated","","yamap_2024-03-30_07_11.gpx","御祝山・横ノ森・小屋ヶ森・串ヶ森・目黒鳥屋・長尾森","present_in_stage21","grounding_far_from_candidate","mountain=串ヶ森(#288); candidate=summit-candidate:12c27f259b66de80; grounding_match=grounding_contradicted_or_unrelated; score=0.352"
"289","目黒鳥屋","summit-candidate:9186201ca03b041d","1","review_deferred_stage21_supported","0.504","grounding_contradicted_or_unrelated","2117.4","grounding_contradicted_or_unrelated","","yamap_2024-03-30_07_11.gpx","御祝山・横ノ森・小屋ヶ森・串ヶ森・目黒鳥屋・長尾森","present_in_stage21","grounding_far_from_candidate","mountain=目黒鳥屋(#289); candidate=summit-candidate:9186201ca03b041d; grounding_match=grounding_contradicted_or_unrelated; score=0.504"
"289","目黒鳥屋","summit-candidate:12c27f259b66de80","2","deferred_alternative","0.352","grounding_contradicted_or_unrelated","895","grounding_contradicted_or_unrelated","","yamap_2024-03-30_07_11.gpx","御祝山・横ノ森・小屋ヶ森・串ヶ森・目黒鳥屋・長尾森","present_in_stage21","grounding_far_from_candidate","mountain=目黒鳥屋(#289); candidate=summit-candidate:12c27f259b66de80; grounding_match=grounding_contradicted_or_unrelated; score=0.352"
"294","八辻ノ峰","summit-candidate:76cc7bb75549e7a1","1","review_deferred_stage21_supported","0.456","grounding_contradicted_or_unrelated","2267.1","grounding_contradicted_or_unrelated","","yamap_2024-04-20_05_43.gpx","気多山・八辻ノ峰・五代ヶ森","present_in_stage21","grounding_far_from_candidate","mountain=八辻ノ峰(#294); candidate=summit-candidate:76cc7bb75549e7a1; grounding_match=grounding_contradicted_or_unrelated; score=0.456"
"294","八辻ノ峰","summit-candidate:3f404ba3e31c8b54","2","deferred_alternative","0.36","grounding_contradicted_or_unrelated","3029.9","grounding_contradicted_or_unrelated","","yamap_2024-04-20_05_43.gpx","気多山・八辻ノ峰・五代ヶ森","present_in_stage21","grounding_far_from_candidate","mountain=八辻ノ峰(#294); candidate=summit-candidate:3f404ba3e31c8b54; grounding_match=grounding_contradicted_or_unrelated; score=0.36"
"294","八辻ノ峰","summit-candidate:83056c3652757f25","3","deferred_alternative","0.36","grounding_contradicted_or_unrelated","4674.2","grounding_contradicted_or_unrelated","","yamap_2024-04-20_05_43.gpx","気多山・八辻ノ峰・五代ヶ森","present_in_stage21","grounding_far_from_candidate","mountain=八辻ノ峰(#294); candidate=summit-candidate:83056c3652757f25; grounding_match=grounding_contradicted_or_unrelated; score=0.36"
"294","八辻ノ峰","summit-candidate:e010f98d2b23f547","4","deferred_alternative","0.36","grounding_contradicted_or_unrelated","5795.1","grounding_contradicted_or_unrelated","","yamap_2024-04-20_05_43.gpx","気多山・八辻ノ峰・五代ヶ森","present_in_stage21","grounding_far_from_candidate","mountain=八辻ノ峰(#294); candidate=summit-candidate:e010f98d2b23f547; grounding_match=grounding_contradicted_or_unrelated; score=0.36"
"295","五代ヶ森","summit-candidate:76cc7bb75549e7a1","1","review_deferred_stage21_supported","0.504","grounding_contradicted_or_unrelated","2945.7","grounding_contradicted_or_unrelated","","yamap_2024-04-20_05_43.gpx","気多山・八辻ノ峰・五代ヶ森","present_in_stage21","grounding_far_from_candidate","mountain=五代ヶ森(#295); candidate=summit-candidate:76cc7bb75549e7a1; grounding_match=grounding_contradicted_or_unrelated; score=0.504"
"295","五代ヶ森","summit-candidate:3f404ba3e31c8b54","2","deferred_alternative","0.36","grounding_contradicted_or_unrelated","2833.3","grounding_contradicted_or_unrelated","","yamap_2024-04-20_05_43.gpx","気多山・八辻ノ峰・五代ヶ森","present_in_stage21","grounding_far_from_candidate","mountain=五代ヶ森(#295); candidate=summit-candidate:3f404ba3e31c8b54; grounding_match=grounding_contradicted_or_unrelated; score=0.36"
"295","五代ヶ森","summit-candidate:83056c3652757f25","3","deferred_alternative","0.36","grounding_contradicted_or_unrelated","3480.8","grounding_contradicted_or_unrelated","","yamap_2024-04-20_05_43.gpx","気多山・八辻ノ峰・五代ヶ森","present_in_stage21","grounding_far_from_candidate","mountain=五代ヶ森(#295); candidate=summit-candidate:83056c3652757f25; grounding_match=grounding_contradicted_or_unrelated; score=0.36"
"295","五代ヶ森","summit-candidate:e010f98d2b23f547","4","deferred_alternative","0.36","grounding_contradicted_or_unrelated","4484.5","grounding_contradicted_or_unrelated","","yamap_2024-04-20_05_43.gpx","気多山・八辻ノ峰・五代ヶ森","present_in_stage21","grounding_far_from_candidate","mountain=五代ヶ森(#295); candidate=summit-candidate:e010f98d2b23f547; grounding_match=grounding_contradicted_or_unrelated; score=0.36"
"297","狼ヶ城山","summit-candidate:95a8fa74fd4af7b0","1","review_deferred_stage21_supported","0.504","grounding_contradicted_or_unrelated","5255.1","grounding_contradicted_or_unrelated","","yamap_2024-04-28_07_11.gpx","狼ヶ城山","present_in_stage21","grounding_far_from_candidate","mountain=狼ヶ城山(#297); candidate=summit-candidate:95a8fa74fd4af7b0; grounding_match=grounding_contradicted_or_unrelated; score=0.504"
"298","日浦嶺","summit-candidate:606168b97944fce5","1","review_deferred_stage21_supported","0.448","grounding_contradicted_or_unrelated","9757.8","grounding_contradicted_or_unrelated","","yamap_2024-04-28_10_37.gpx","日浦嶺・打越山","present_in_stage21","grounding_far_from_candidate","mountain=日浦嶺(#298); candidate=summit-candidate:606168b97944fce5; grounding_match=grounding_contradicted_or_unrelated; score=0.448"
"298","日浦嶺","summit-candidate:498b9618ca98fa34","2","deferred_alternative","0.352","grounding_contradicted_or_unrelated","7658.3","grounding_contradicted_or_unrelated","","yamap_2024-04-28_10_37.gpx","日浦嶺・打越山","present_in_stage21","grounding_far_from_candidate","mountain=日浦嶺(#298); candidate=summit-candidate:498b9618ca98fa34; grounding_match=grounding_contradicted_or_unrelated; score=0.352"
"299","打越山","summit-candidate:498b9618ca98fa34","1","review_deferred_stage21_supported","0.448","grounding_contradicted_or_unrelated","8540.9","grounding_contradicted_or_unrelated","","yamap_2024-04-28_10_37.gpx","日浦嶺・打越山","present_in_stage21","grounding_far_from_candidate","mountain=打越山(#299); candidate=summit-candidate:498b9618ca98fa34; grounding_match=grounding_contradicted_or_unrelated; score=0.448"
"299","打越山","summit-candidate:606168b97944fce5","2","deferred_alternative","0.352","grounding_contradicted_or_unrelated","10523","grounding_contradicted_or_unrelated","","yamap_2024-04-28_10_37.gpx","日浦嶺・打越山","present_in_stage21","grounding_far_from_candidate","mountain=打越山(#299); candidate=summit-candidate:606168b97944fce5; grounding_match=grounding_contradicted_or_unrelated; score=0.352"
"303","名石山","summit-candidate:ea919bf883e31a7b","1","review_deferred_stage21_supported","0.504","grounding_contradicted_or_unrelated","10074.9","grounding_contradicted_or_unrelated","","yamap_2024-05-15_11_16.gpx","名石山","present_in_stage21","grounding_far_from_candidate","mountain=名石山(#303); candidate=summit-candidate:ea919bf883e31a7b; grounding_match=grounding_contradicted_or_unrelated; score=0.504"
"306","黒森山","summit-candidate:40e090ce41a89b55","1","review_deferred_stage21_supported","0.456","grounding_contradicted_or_unrelated","17597","grounding_contradicted_or_unrelated","","yamap_2024-06-08_08_42.gpx","沓掛山・黒森山","present_in_stage21","grounding_far_from_candidate","mountain=黒森山(#306); candidate=summit-candidate:40e090ce41a89b55; grounding_match=grounding_contradicted_or_unrelated; score=0.456"
"306","黒森山","summit-candidate:dd7a40896ae9f6d4","2","deferred_alternative","0.456","grounding_contradicted_or_unrelated","17751.9","grounding_contradicted_or_unrelated","","yamap_2024-06-08_08_42.gpx","沓掛山・黒森山","present_in_stage21","grounding_far_from_candidate","mountain=黒森山(#306); candidate=summit-candidate:dd7a40896ae9f6d4; grounding_match=grounding_contradicted_or_unrelated; score=0.456"
"306","黒森山","summit-candidate:924ccfedeb6c2d2c","3","deferred_alternative","0.304","grounding_contradicted_or_unrelated","25156.4","grounding_contradicted_or_unrelated","","yamap_2023-04-04_12_51.gpx","黒森山","present_in_stage21","grounding_far_from_candidate","mountain=黒森山(#306); candidate=summit-candidate:924ccfedeb6c2d2c; grounding_match=grounding_contradicted_or_unrelated; score=0.304"
"307","沓掛山","summit-candidate:40e090ce41a89b55","1","review_deferred_stage21_supported","0.504","grounding_contradicted_or_unrelated","9970.7","grounding_contradicted_or_unrelated","","yamap_2024-06-08_08_42.gpx","沓掛山・黒森山","present_in_stage21","grounding_far_from_candidate","mountain=沓掛山(#307); candidate=summit-candidate:40e090ce41a89b55; grounding_match=grounding_contradicted_or_unrelated; score=0.504"
"307","沓掛山","summit-candidate:dd7a40896ae9f6d4","2","deferred_alternative","0.456","grounding_contradicted_or_unrelated","10409.3","grounding_contradicted_or_unrelated","","yamap_2024-06-08_08_42.gpx","沓掛山・黒森山","present_in_stage21","grounding_far_from_candidate","mountain=沓掛山(#307); candidate=summit-candidate:dd7a40896ae9f6d4; grounding_match=grounding_contradicted_or_unrelated; score=0.456"
"319","猿越山","summit-candidate:eb3b108c5d508377","1","review_deferred_stage21_supported","0.456","grounding_contradicted_or_unrelated","8451.5","grounding_contradicted_or_unrelated","","yamap_2024-09-23_07_35.gpx","中津山(明神山)・猿越山","present_in_stage21","grounding_far_from_candidate","mountain=猿越山(#319); candidate=summit-candidate:eb3b108c5d508377; grounding_match=grounding_contradicted_or_unrelated; score=0.456"
"319","猿越山","summit-candidate:a0c5556d9432a199","2","deferred_alternative","0.448","grounding_contradicted_or_unrelated","8492.8","grounding_contradicted_or_unrelated","","yamap_2024-09-23_07_35.gpx","中津山(明神山)・猿越山","present_in_stage21","grounding_far_from_candidate","mountain=猿越山(#319); candidate=summit-candidate:a0c5556d9432a199; grounding_match=grounding_contradicted_or_unrelated; score=0.448"
"319","猿越山","summit-candidate:bd875ddf4679d1f7","3","deferred_alternative","0.4","grounding_contradicted_or_unrelated","8224.3","grounding_contradicted_or_unrelated","","yamap_2024-09-23_07_35.gpx","中津山(明神山)・猿越山","present_in_stage21","grounding_far_from_candidate","mountain=猿越山(#319); candidate=summit-candidate:bd875ddf4679d1f7; grounding_match=grounding_contradicted_or_unrelated; score=0.4"
"319","猿越山","summit-candidate:fec0bb942061619b","4","deferred_alternative","0.36","grounding_contradicted_or_unrelated","8273.1","grounding_contradicted_or_unrelated","","yamap_2024-09-23_07_35.gpx","中津山(明神山)・猿越山","present_in_stage21","grounding_far_from_candidate","mountain=猿越山(#319); candidate=summit-candidate:fec0bb942061619b; grounding_match=grounding_contradicted_or_unrelated; score=0.36"
"321","西山","summit-candidate:057580d1c60049b6","1","review_deferred_stage21_supported","0.504","grounding_contradicted_or_unrelated","2005.8","grounding_contradicted_or_unrelated","","yamap_2024-10-05_06_40.gpx","銅山峰・西山・三の森・二の森・一の森","present_in_stage21","grounding_far_from_candidate","mountain=西山(#321); candidate=summit-candidate:057580d1c60049b6; grounding_match=grounding_contradicted_or_unrelated; score=0.504"
"321","西山","summit-candidate:a557f14fb032a808","2","deferred_alternative","0.504","grounding_contradicted_or_unrelated","2011.1","grounding_contradicted_or_unrelated","","yamap_2022-11-26_04_41.gpx","銅山峰・西山・綱繰山・獅子舞の鼻・冠山・平家平","present_in_stage21","grounding_far_from_candidate","mountain=西山(#321); candidate=summit-candidate:a557f14fb032a808; grounding_match=grounding_contradicted_or_unrelated; score=0.504"
"321","西山","summit-candidate:53d0e375c60814f6","3","deferred_alternative","0.456","grounding_contradicted_or_unrelated","2252","grounding_contradicted_or_unrelated","","yamap_2022-11-26_04_41.gpx","銅山峰・西山・綱繰山・獅子舞の鼻・冠山・平家平","present_in_stage21","grounding_far_from_candidate","mountain=西山(#321); candidate=summit-candidate:53d0e375c60814f6; grounding_match=grounding_contradicted_or_unrelated; score=0.456"
"321","西山","summit-candidate:0dea5d073885dc9d","4","deferred_alternative","0.36","grounding_contradicted_or_unrelated","2430.6","grounding_contradicted_or_unrelated","","yamap_2024-10-05_06_40.gpx","銅山峰・西山・三の森・二の森・一の森","present_in_stage21","grounding_far_from_candidate","mountain=西山(#321); candidate=summit-candidate:0dea5d073885dc9d; grounding_match=grounding_contradicted_or_unrelated; score=0.36"
"321","西山","summit-candidate:a03fbec9bab2fe7a","5","deferred_alternative","0.36","grounding_contradicted_or_unrelated","4365.2","grounding_contradicted_or_unrelated","","yamap_2022-11-26_04_41.gpx","銅山峰・西山・綱繰山・獅子舞の鼻・冠山・平家平","present_in_stage21","grounding_far_from_candidate","mountain=西山(#321); candidate=summit-candidate:a03fbec9bab2fe7a; grounding_match=grounding_contradicted_or_unrelated; score=0.36"
"321","西山","summit-candidate:006436491de34784","6","deferred_alternative","0.36","grounding_contradicted_or_unrelated","5172.9","grounding_contradicted_or_unrelated","","yamap_2022-11-26_04_41.gpx","銅山峰・西山・綱繰山・獅子舞の鼻・冠山・平家平","present_in_stage21","grounding_far_from_candidate","mountain=西山(#321); candidate=summit-candidate:006436491de34784; grounding_match=grounding_contradicted_or_unrelated; score=0.36"
"321","西山","summit-candidate:a00d481162af54e2","7","deferred_alternative","0.304","grounding_contradicted_or_unrelated","3631.6","grounding_contradicted_or_unrelated","","yamap_2022-11-26_04_41.gpx","銅山峰・西山・綱繰山・獅子舞の鼻・冠山・平家平","present_in_stage21","grounding_far_from_candidate","mountain=西山(#321); candidate=summit-candidate:a00d481162af54e2; grounding_match=grounding_contradicted_or_unrelated; score=0.304"
"321","西山","summit-candidate:c256cfef3720557f","8","deferred_alternative","0.304","grounding_contradicted_or_unrelated","5815.4","grounding_contradicted_or_unrelated","","yamap_2022-11-26_04_41.gpx","銅山峰・西山・綱繰山・獅子舞の鼻・冠山・平家平","present_in_stage21","grounding_far_from_candidate","mountain=西山(#321); candidate=summit-candidate:c256cfef3720557f; grounding_match=grounding_contradicted_or_unrelated; score=0.304"
"321","西山","summit-candidate:bdfa250c89c1ca90","9","deferred_alternative","0.304","grounding_contradicted_or_unrelated","54134.8","grounding_contradicted_or_unrelated","","yamap_2022-02-23_08_42.gpx","西山・経ヶ森・岩子山・護摩ヶ森","present_in_stage21","grounding_far_from_candidate","mountain=西山(#321); candidate=summit-candidate:bdfa250c89c1ca90; grounding_match=grounding_contradicted_or_unrelated; score=0.304"
"321","西山","summit-candidate:23c112538ef91e0d","10","deferred_alternative","0.304","grounding_contradicted_or_unrelated","54181.7","grounding_contradicted_or_unrelated","","yamap_2022-02-23_08_42.gpx","西山・経ヶ森・岩子山・護摩ヶ森","present_in_stage21","grounding_far_from_candidate","mountain=西山(#321); candidate=summit-candidate:23c112538ef91e0d; grounding_match=grounding_contradicted_or_unrelated; score=0.304"
"322","三の森","summit-candidate:057580d1c60049b6","1","review_deferred_stage21_supported","0.36","grounding_contradicted_or_unrelated","13104.1","grounding_contradicted_or_unrelated","","yamap_2024-10-05_06_40.gpx","銅山峰・西山・三の森・二の森・一の森","present_in_stage21","grounding_far_from_candidate","mountain=三の森(#322); candidate=summit-candidate:057580d1c60049b6; grounding_match=grounding_contradicted_or_unrelated; score=0.36"
"322","三の森","summit-candidate:0dea5d073885dc9d","2","deferred_alternative","0.36","grounding_contradicted_or_unrelated","13586.6","grounding_contradicted_or_unrelated","","yamap_2024-10-05_06_40.gpx","銅山峰・西山・三の森・二の森・一の森","present_in_stage21","grounding_far_from_candidate","mountain=三の森(#322); candidate=summit-candidate:0dea5d073885dc9d; grounding_match=grounding_contradicted_or_unrelated; score=0.36"
"323","二の森","summit-candidate:057580d1c60049b6","1","review_deferred_stage21_supported","0.36","grounding_contradicted_or_unrelated","13657.3","grounding_contradicted_or_unrelated","","yamap_2024-10-05_06_40.gpx","銅山峰・西山・三の森・二の森・一の森","present_in_stage21","grounding_far_from_candidate","mountain=二の森(#323); candidate=summit-candidate:057580d1c60049b6; grounding_match=grounding_contradicted_or_unrelated; score=0.36"
"323","二の森","summit-candidate:0dea5d073885dc9d","2","deferred_alternative","0.36","grounding_contradicted_or_unrelated","14032.8","grounding_contradicted_or_unrelated","","yamap_2024-10-05_06_40.gpx","銅山峰・西山・三の森・二の森・一の森","present_in_stage21","grounding_far_from_candidate","mountain=二の森(#323); candidate=summit-candidate:0dea5d073885dc9d; grounding_match=grounding_contradicted_or_unrelated; score=0.36"
"325","三ッ足山","summit-candidate:8078eb6cc96c519a","1","review_deferred_stage21_supported","0.504","grounding_contradicted_or_unrelated","2201.1","grounding_contradicted_or_unrelated","","yamap_2024-10-14_04_48.gpx","三ッ足山・カガマシ山・橡尾山・笹ヶ峰","present_in_stage21","grounding_far_from_candidate","mountain=三ッ足山(#325); candidate=summit-candidate:8078eb6cc96c519a; grounding_match=grounding_contradicted_or_unrelated; score=0.504"
"325","三ッ足山","summit-candidate:fecfbf815fc6d5a7","2","deferred_alternative","0.36","grounding_contradicted_or_unrelated","3320.9","grounding_contradicted_or_unrelated","","yamap_2024-10-14_04_48.gpx","三ッ足山・カガマシ山・橡尾山・笹ヶ峰","present_in_stage21","grounding_far_from_candidate","mountain=三ッ足山(#325); candidate=summit-candidate:fecfbf815fc6d5a7; grounding_match=grounding_contradicted_or_unrelated; score=0.36"
"325","三ッ足山","summit-candidate:0886436b79473a6c","3","deferred_alternative","0.36","grounding_contradicted_or_unrelated","3803.6","grounding_contradicted_or_unrelated","","yamap_2024-10-14_04_48.gpx","三ッ足山・カガマシ山・橡尾山・笹ヶ峰","present_in_stage21","grounding_far_from_candidate","mountain=三ッ足山(#325); candidate=summit-candidate:0886436b79473a6c; grounding_match=grounding_contradicted_or_unrelated; score=0.36"
"325","三ッ足山","summit-candidate:851dc9683d2d7442","4","deferred_alternative","0.36","grounding_contradicted_or_unrelated","4637","grounding_contradicted_or_unrelated","","yamap_2024-10-14_04_48.gpx","三ッ足山・カガマシ山・橡尾山・笹ヶ峰","present_in_stage21","grounding_far_from_candidate","mountain=三ッ足山(#325); candidate=summit-candidate:851dc9683d2d7442; grounding_match=grounding_contradicted_or_unrelated; score=0.36"
"325","三ッ足山","summit-candidate:a53ed6259e132097","5","deferred_alternative","0.36","grounding_contradicted_or_unrelated","4796.7","grounding_contradicted_or_unrelated","","yamap_2024-10-14_04_48.gpx","三ッ足山・カガマシ山・橡尾山・笹ヶ峰","present_in_stage21","grounding_far_from_candidate","mountain=三ッ足山(#325); candidate=summit-candidate:a53ed6259e132097; grounding_match=grounding_contradicted_or_unrelated; score=0.36"
"325","三ッ足山","summit-candidate:a1b1b7885eeab893","6","deferred_alternative","0.304","grounding_contradicted_or_unrelated","5094.2","grounding_contradicted_or_unrelated","","yamap_2024-10-14_04_48.gpx","三ッ足山・カガマシ山・橡尾山・笹ヶ峰","present_in_stage21","grounding_far_from_candidate","mountain=三ッ足山(#325); candidate=summit-candidate:a1b1b7885eeab893; grounding_match=grounding_contradicted_or_unrelated; score=0.304"
"326","カガマシ山","summit-candidate:0886436b79473a6c","1","review_deferred_stage21_supported","0.504","grounding_contradicted_or_unrelated","3547.2","grounding_contradicted_or_unrelated","","yamap_2024-10-14_04_48.gpx","三ッ足山・カガマシ山・橡尾山・笹ヶ峰","present_in_stage21","grounding_far_from_candidate","mountain=カガマシ山(#326); candidate=summit-candidate:0886436b79473a6c; grounding_match=grounding_contradicted_or_unrelated; score=0.504"
"326","カガマシ山","summit-candidate:8078eb6cc96c519a","2","deferred_alternative","0.36","grounding_contradicted_or_unrelated","2553.4","grounding_contradicted_or_unrelated","","yamap_2024-10-14_04_48.gpx","三ッ足山・カガマシ山・橡尾山・笹ヶ峰","present_in_stage21","grounding_far_from_candidate","mountain=カガマシ山(#326); candidate=summit-candidate:8078eb6cc96c519a; grounding_match=grounding_contradicted_or_unrelated; score=0.36"
"326","カガマシ山","summit-candidate:fecfbf815fc6d5a7","3","deferred_alternative","0.36","grounding_contradicted_or_unrelated","4368.3","grounding_contradicted_or_unrelated","","yamap_2024-10-14_04_48.gpx","三ッ足山・カガマシ山・橡尾山・笹ヶ峰","present_in_stage21","grounding_far_from_candidate","mountain=カガマシ山(#326); candidate=summit-candidate:fecfbf815fc6d5a7; grounding_match=grounding_contradicted_or_unrelated; score=0.36"
"326","カガマシ山","summit-candidate:851dc9683d2d7442","4","deferred_alternative","0.36","grounding_contradicted_or_unrelated","5182.7","grounding_contradicted_or_unrelated","","yamap_2024-10-14_04_48.gpx","三ッ足山・カガマシ山・橡尾山・笹ヶ峰","present_in_stage21","grounding_far_from_candidate","mountain=カガマシ山(#326); candidate=summit-candidate:851dc9683d2d7442; grounding_match=grounding_contradicted_or_unrelated; score=0.36"
"326","カガマシ山","summit-candidate:a53ed6259e132097","5","deferred_alternative","0.36","grounding_contradicted_or_unrelated","5516.3","grounding_contradicted_or_unrelated","","yamap_2024-10-14_04_48.gpx","三ッ足山・カガマシ山・橡尾山・笹ヶ峰","present_in_stage21","grounding_far_from_candidate","mountain=カガマシ山(#326); candidate=summit-candidate:a53ed6259e132097; grounding_match=grounding_contradicted_or_unrelated; score=0.36"
"326","カガマシ山","summit-candidate:a1b1b7885eeab893","6","deferred_alternative","0.304","grounding_contradicted_or_unrelated","5349.9","grounding_contradicted_or_unrelated","","yamap_2024-10-14_04_48.gpx","三ッ足山・カガマシ山・橡尾山・笹ヶ峰","present_in_stage21","grounding_far_from_candidate","mountain=カガマシ山(#326); candidate=summit-candidate:a1b1b7885eeab893; grounding_match=grounding_contradicted_or_unrelated; score=0.304"
"327","橡尾山","summit-candidate:a1b1b7885eeab893","1","review_deferred_stage21_supported","0.448","grounding_contradicted_or_unrelated","5451.2","grounding_contradicted_or_unrelated","","yamap_2024-10-14_04_48.gpx","三ッ足山・カガマシ山・橡尾山・笹ヶ峰","present_in_stage21","grounding_far_from_candidate","mountain=橡尾山(#327); candidate=summit-candidate:a1b1b7885eeab893; grounding_match=grounding_contradicted_or_unrelated; score=0.448"
"327","橡尾山","summit-candidate:8078eb6cc96c519a","2","deferred_alternative","0.36","grounding_contradicted_or_unrelated","2964","grounding_contradicted_or_unrelated","","yamap_2024-10-14_04_48.gpx","三ッ足山・カガマシ山・橡尾山・笹ヶ峰","present_in_stage21","grounding_far_from_candidate","mountain=橡尾山(#327); candidate=summit-candidate:8078eb6cc96c519a; grounding_match=grounding_contradicted_or_unrelated; score=0.36"
"327","橡尾山","summit-candidate:0886436b79473a6c","3","deferred_alternative","0.36","grounding_contradicted_or_unrelated","3335.9","grounding_contradicted_or_unrelated","","yamap_2024-10-14_04_48.gpx","三ッ足山・カガマシ山・橡尾山・笹ヶ峰","present_in_stage21","grounding_far_from_candidate","mountain=橡尾山(#327); candidate=summit-candidate:0886436b79473a6c; grounding_match=grounding_contradicted_or_unrelated; score=0.36"
"327","橡尾山","summit-candidate:fecfbf815fc6d5a7","4","deferred_alternative","0.36","grounding_contradicted_or_unrelated","5136","grounding_contradicted_or_unrelated","","yamap_2024-10-14_04_48.gpx","三ッ足山・カガマシ山・橡尾山・笹ヶ峰","present_in_stage21","grounding_far_from_candidate","mountain=橡尾山(#327); candidate=summit-candidate:fecfbf815fc6d5a7; grounding_match=grounding_contradicted_or_unrelated; score=0.36"
"327","橡尾山","summit-candidate:851dc9683d2d7442","5","deferred_alternative","0.36","grounding_contradicted_or_unrelated","5525.3","grounding_contradicted_or_unrelated","","yamap_2024-10-14_04_48.gpx","三ッ足山・カガマシ山・橡尾山・笹ヶ峰","present_in_stage21","grounding_far_from_candidate","mountain=橡尾山(#327); candidate=summit-candidate:851dc9683d2d7442; grounding_match=grounding_contradicted_or_unrelated; score=0.36"
"327","橡尾山","summit-candidate:a53ed6259e132097","6","deferred_alternative","0.36","grounding_contradicted_or_unrelated","5986.6","grounding_contradicted_or_unrelated","","yamap_2024-10-14_04_48.gpx","三ッ足山・カガマシ山・橡尾山・笹ヶ峰","present_in_stage21","grounding_far_from_candidate","mountain=橡尾山(#327); candidate=summit-candidate:a53ed6259e132097; grounding_match=grounding_contradicted_or_unrelated; score=0.36"
"329","ハネズル山","summit-candidate:e2c08955f9275289","1","review_deferred_stage21_supported","0.504","grounding_contradicted_or_unrelated","12884.9","grounding_contradicted_or_unrelated","","yamap_2024-10-20_06_42.gpx","ハネズル山","present_in_stage21","grounding_far_from_candidate","mountain=ハネズル山(#329); candidate=summit-candidate:e2c08955f9275289; grounding_match=grounding_contradicted_or_unrelated; score=0.504"
"336","唐谷山","summit-candidate:32c1cf967ab82dbe","1","review_deferred_stage21_supported","0.4","grounding_contradicted_or_unrelated","15601.2","grounding_contradicted_or_unrelated","","yamap_2024-12-01_06_40.gpx","唐谷山・天狗森・木峰・金見山・高丸・五郎丸・大谷山・龍王山","present_in_stage21","grounding_far_from_candidate","mountain=唐谷山(#336); candidate=summit-candidate:32c1cf967ab82dbe; grounding_match=grounding_contradicted_or_unrelated; score=0.4"
"336","唐谷山","summit-candidate:9cc74b44e1289236","2","deferred_alternative","0.36","grounding_contradicted_or_unrelated","15346.2","grounding_contradicted_or_unrelated","","yamap_2024-12-01_06_40.gpx","唐谷山・天狗森・木峰・金見山・高丸・五郎丸・大谷山・龍王山","present_in_stage21","grounding_far_from_candidate","mountain=唐谷山(#336); candidate=summit-candidate:9cc74b44e1289236; grounding_match=grounding_contradicted_or_unrelated; score=0.36"
"336","唐谷山","summit-candidate:c8607e1f03bb5db1","3","deferred_alternative","0.36","grounding_contradicted_or_unrelated","16136.7","grounding_contradicted_or_unrelated","","yamap_2024-12-01_06_40.gpx","唐谷山・天狗森・木峰・金見山・高丸・五郎丸・大谷山・龍王山","present_in_stage21","grounding_far_from_candidate","mountain=唐谷山(#336); candidate=summit-candidate:c8607e1f03bb5db1; grounding_match=grounding_contradicted_or_unrelated; score=0.36"
"336","唐谷山","summit-candidate:edac81b361bdc70c","4","deferred_alternative","0.304","grounding_contradicted_or_unrelated","15802.6","grounding_contradicted_or_unrelated","","yamap_2024-12-01_06_40.gpx","唐谷山・天狗森・木峰・金見山・高丸・五郎丸・大谷山・龍王山","present_in_stage21","grounding_far_from_candidate","mountain=唐谷山(#336); candidate=summit-candidate:edac81b361bdc70c; grounding_match=grounding_contradicted_or_unrelated; score=0.304"
"338","大谷山","summit-candidate:32c1cf967ab82dbe","1","review_deferred_stage21_supported","0.448","grounding_contradicted_or_unrelated","15517.5","grounding_contradicted_or_unrelated","","yamap_2024-12-01_06_40.gpx","唐谷山・天狗森・木峰・金見山・高丸・五郎丸・大谷山・龍王山","present_in_stage21","grounding_far_from_candidate","mountain=大谷山(#338); candidate=summit-candidate:32c1cf967ab82dbe; grounding_match=grounding_contradicted_or_unrelated; score=0.448"
"338","大谷山","summit-candidate:9cc74b44e1289236","2","deferred_alternative","0.36","grounding_contradicted_or_unrelated","15176.6","grounding_contradicted_or_unrelated","","yamap_2024-12-01_06_40.gpx","唐谷山・天狗森・木峰・金見山・高丸・五郎丸・大谷山・龍王山","present_in_stage21","grounding_far_from_candidate","mountain=大谷山(#338); candidate=summit-candidate:9cc74b44e1289236; grounding_match=grounding_contradicted_or_unrelated; score=0.36"
"338","大谷山","summit-candidate:c8607e1f03bb5db1","3","deferred_alternative","0.36","grounding_contradicted_or_unrelated","15892.1","grounding_contradicted_or_unrelated","","yamap_2024-12-01_06_40.gpx","唐谷山・天狗森・木峰・金見山・高丸・五郎丸・大谷山・龍王山","present_in_stage21","grounding_far_from_candidate","mountain=大谷山(#338); candidate=summit-candidate:c8607e1f03bb5db1; grounding_match=grounding_contradicted_or_unrelated; score=0.36"
"338","大谷山","summit-candidate:edac81b361bdc70c","4","deferred_alternative","0.304","grounding_contradicted_or_unrelated","15443.2","grounding_contradicted_or_unrelated","","yamap_2024-12-01_06_40.gpx","唐谷山・天狗森・木峰・金見山・高丸・五郎丸・大谷山・龍王山","present_in_stage21","grounding_far_from_candidate","mountain=大谷山(#338); candidate=summit-candidate:edac81b361bdc70c; grounding_match=grounding_contradicted_or_unrelated; score=0.304"
"340","本尊山","summit-candidate:0bd3d051cdb972fd","1","review_deferred_stage21_supported","0.36","grounding_contradicted_or_unrelated","2422.6","grounding_contradicted_or_unrelated","","yamap_2024-12-08_06_59.gpx","本尊山・秋葉山・立烏帽子山・明神山","present_in_stage21","grounding_far_from_candidate","mountain=本尊山(#340); candidate=summit-candidate:0bd3d051cdb972fd; grounding_match=grounding_contradicted_or_unrelated; score=0.36"
"340","本尊山","summit-candidate:23316af255d30882","2","deferred_alternative","0.36","grounding_contradicted_or_unrelated","3507.3","grounding_contradicted_or_unrelated","","yamap_2024-12-08_06_59.gpx","本尊山・秋葉山・立烏帽子山・明神山","present_in_stage21","grounding_far_from_candidate","mountain=本尊山(#340); candidate=summit-candidate:23316af255d30882; grounding_match=grounding_contradicted_or_unrelated; score=0.36"
"340","本尊山","summit-candidate:f12898f5821b63b8","3","deferred_alternative","0.36","grounding_contradicted_or_unrelated","3944.8","grounding_contradicted_or_unrelated","","yamap_2024-12-08_06_59.gpx","本尊山・秋葉山・立烏帽子山・明神山","present_in_stage21","grounding_far_from_candidate","mountain=本尊山(#340); candidate=summit-candidate:f12898f5821b63b8; grounding_match=grounding_contradicted_or_unrelated; score=0.36"
"344","陣が森","summit-candidate:6b0155a434d72d79","1","review_deferred_stage21_supported","0.448","grounding_contradicted_or_unrelated","29000.7","grounding_contradicted_or_unrelated","","yamap_2024-12-15_07_21.gpx","陣が森・岩が森・スクモ塚・高萩山・長者森","present_in_stage21","grounding_far_from_candidate","mountain=陣が森(#344); candidate=summit-candidate:6b0155a434d72d79; grounding_match=grounding_contradicted_or_unrelated; score=0.448"
"344","陣が森","summit-candidate:f0a03b36c279ddd3","2","deferred_alternative","0.36","grounding_contradicted_or_unrelated","28775","grounding_contradicted_or_unrelated","","yamap_2024-12-15_07_21.gpx","陣が森・岩が森・スクモ塚・高萩山・長者森","present_in_stage21","grounding_far_from_candidate","mountain=陣が森(#344); candidate=summit-candidate:f0a03b36c279ddd3; grounding_match=grounding_contradicted_or_unrelated; score=0.36"
"344","陣が森","summit-candidate:d8270fc572efc0b2","3","deferred_alternative","0.36","grounding_contradicted_or_unrelated","28930.1","grounding_contradicted_or_unrelated","","yamap_2024-12-15_07_21.gpx","陣が森・岩が森・スクモ塚・高萩山・長者森","present_in_stage21","grounding_far_from_candidate","mountain=陣が森(#344); candidate=summit-candidate:d8270fc572efc0b2; grounding_match=grounding_contradicted_or_unrelated; score=0.36"
"344","陣が森","summit-candidate:1fd59e0e67624706","4","deferred_alternative","0.304","grounding_contradicted_or_unrelated","16119.1","grounding_contradicted_or_unrelated","","yamap_2026-01-11_10_38.gpx","陣が森岳","present_in_stage21","grounding_far_from_candidate","mountain=陣が森(#344); candidate=summit-candidate:1fd59e0e67624706; grounding_match=grounding_contradicted_or_unrelated; score=0.304"
"344","陣が森","summit-candidate:c195c34fb7e38d7a","5","deferred_alternative","0.304","grounding_contradicted_or_unrelated","29157.4","grounding_contradicted_or_unrelated","","yamap_2024-12-15_07_21.gpx","陣が森・岩が森・スクモ塚・高萩山・長者森","present_in_stage21","grounding_far_from_candidate","mountain=陣が森(#344); candidate=summit-candidate:c195c34fb7e38d7a; grounding_match=grounding_contradicted_or_unrelated; score=0.304"
"344","陣が森","summit-candidate:bcc05b721653749f","6","deferred_alternative","0.304","grounding_contradicted_or_unrelated","29909.6","grounding_contradicted_or_unrelated","","yamap_2024-12-15_07_21.gpx","陣が森・岩が森・スクモ塚・高萩山・長者森","present_in_stage21","grounding_far_from_candidate","mountain=陣が森(#344); candidate=summit-candidate:bcc05b721653749f; grounding_match=grounding_contradicted_or_unrelated; score=0.304"
"345","岩が森","summit-candidate:c195c34fb7e38d7a","1","review_deferred_stage21_supported","0.448","grounding_contradicted_or_unrelated","28518.9","grounding_contradicted_or_unrelated","","yamap_2024-12-15_07_21.gpx","陣が森・岩が森・スクモ塚・高萩山・長者森","present_in_stage21","grounding_far_from_candidate","mountain=岩が森(#345); candidate=summit-candidate:c195c34fb7e38d7a; grounding_match=grounding_contradicted_or_unrelated; score=0.448"
"345","岩が森","summit-candidate:f0a03b36c279ddd3","2","deferred_alternative","0.36","grounding_contradicted_or_unrelated","28194.8","grounding_contradicted_or_unrelated","","yamap_2024-12-15_07_21.gpx","陣が森・岩が森・スクモ塚・高萩山・長者森","present_in_stage21","grounding_far_from_candidate","mountain=岩が森(#345); candidate=summit-candidate:f0a03b36c279ddd3; grounding_match=grounding_contradicted_or_unrelated; score=0.36"
"345","岩が森","summit-candidate:d8270fc572efc0b2","3","deferred_alternative","0.36","grounding_contradicted_or_unrelated","28325.7","grounding_contradicted_or_unrelated","","yamap_2024-12-15_07_21.gpx","陣が森・岩が森・スクモ塚・高萩山・長者森","present_in_stage21","grounding_far_from_candidate","mountain=岩が森(#345); candidate=summit-candidate:d8270fc572efc0b2; grounding_match=grounding_contradicted_or_unrelated; score=0.36"
"345","岩が森","summit-candidate:6b0155a434d72d79","4","deferred_alternative","0.304","grounding_contradicted_or_unrelated","28333","grounding_contradicted_or_unrelated","","yamap_2024-12-15_07_21.gpx","陣が森・岩が森・スクモ塚・高萩山・長者森","present_in_stage21","grounding_far_from_candidate","mountain=岩が森(#345); candidate=summit-candidate:6b0155a434d72d79; grounding_match=grounding_contradicted_or_unrelated; score=0.304"
"345","岩が森","summit-candidate:bcc05b721653749f","5","deferred_alternative","0.304","grounding_contradicted_or_unrelated","29314","grounding_contradicted_or_unrelated","","yamap_2024-12-15_07_21.gpx","陣が森・岩が森・スクモ塚・高萩山・長者森","present_in_stage21","grounding_far_from_candidate","mountain=岩が森(#345); candidate=summit-candidate:bcc05b721653749f; grounding_match=grounding_contradicted_or_unrelated; score=0.304"
"347","高萩山","summit-candidate:f0a03b36c279ddd3","1","review_deferred_stage21_supported","0.504","grounding_contradicted_or_unrelated","27723.3","grounding_contradicted_or_unrelated","","yamap_2024-12-15_07_21.gpx","陣が森・岩が森・スクモ塚・高萩山・長者森","present_in_stage21","grounding_far_from_candidate","mountain=高萩山(#347); candidate=summit-candidate:f0a03b36c279ddd3; grounding_match=grounding_contradicted_or_unrelated; score=0.504"
"347","高萩山","summit-candidate:d8270fc572efc0b2","2","deferred_alternative","0.36","grounding_contradicted_or_unrelated","27924.4","grounding_contradicted_or_unrelated","","yamap_2024-12-15_07_21.gpx","陣が森・岩が森・スクモ塚・高萩山・長者森","present_in_stage21","grounding_far_from_candidate","mountain=高萩山(#347); candidate=summit-candidate:d8270fc572efc0b2; grounding_match=grounding_contradicted_or_unrelated; score=0.36"
"347","高萩山","summit-candidate:6b0155a434d72d79","3","deferred_alternative","0.304","grounding_contradicted_or_unrelated","28142.8","grounding_contradicted_or_unrelated","","yamap_2024-12-15_07_21.gpx","陣が森・岩が森・スクモ塚・高萩山・長者森","present_in_stage21","grounding_far_from_candidate","mountain=高萩山(#347); candidate=summit-candidate:6b0155a434d72d79; grounding_match=grounding_contradicted_or_unrelated; score=0.304"
"347","高萩山","summit-candidate:c195c34fb7e38d7a","4","deferred_alternative","0.304","grounding_contradicted_or_unrelated","28225.8","grounding_contradicted_or_unrelated","","yamap_2024-12-15_07_21.gpx","陣が森・岩が森・スクモ塚・高萩山・長者森","present_in_stage21","grounding_far_from_candidate","mountain=高萩山(#347); candidate=summit-candidate:c195c34fb7e38d7a; grounding_match=grounding_contradicted_or_unrelated; score=0.304"
"347","高萩山","summit-candidate:bcc05b721653749f","5","deferred_alternative","0.304","grounding_contradicted_or_unrelated","28885.7","grounding_contradicted_or_unrelated","","yamap_2024-12-15_07_21.gpx","陣が森・岩が森・スクモ塚・高萩山・長者森","present_in_stage21","grounding_far_from_candidate","mountain=高萩山(#347); candidate=summit-candidate:bcc05b721653749f; grounding_match=grounding_contradicted_or_unrelated; score=0.304"
"352","笹ヶ平山","summit-candidate:4416099ca0f9da08","1","review_deferred_stage21_supported","0.504","grounding_contradicted_or_unrelated","5436.7","grounding_contradicted_or_unrelated","","yamap_2024-12-22_10_25.gpx","笹ヶ平山","present_in_stage21","grounding_far_from_candidate","mountain=笹ヶ平山(#352); candidate=summit-candidate:4416099ca0f9da08; grounding_match=grounding_contradicted_or_unrelated; score=0.504"
"353","壺神山","summit-candidate:c58c0ba7145621b9","1","review_deferred_stage21_supported","0.456","grounding_contradicted_or_unrelated","2237.6","grounding_contradicted_or_unrelated","","yamap_2025-01-03_07_19.gpx","壺神山・滝山・足山・皿が森","present_in_stage21","grounding_far_from_candidate","mountain=壺神山(#353); candidate=summit-candidate:c58c0ba7145621b9; grounding_match=grounding_contradicted_or_unrelated; score=0.456"
"353","壺神山","summit-candidate:38105da918da8262","2","deferred_alternative","0.36","grounding_contradicted_or_unrelated","3246.8","grounding_contradicted_or_unrelated","","yamap_2025-01-03_07_19.gpx","壺神山・滝山・足山・皿が森","present_in_stage21","grounding_far_from_candidate","mountain=壺神山(#353); candidate=summit-candidate:38105da918da8262; grounding_match=grounding_contradicted_or_unrelated; score=0.36"
"353","壺神山","summit-candidate:9306f5a7fe249a15","3","deferred_alternative","0.36","grounding_contradicted_or_unrelated","3728.9","grounding_contradicted_or_unrelated","","yamap_2025-01-03_07_19.gpx","壺神山・滝山・足山・皿が森","present_in_stage21","grounding_far_from_candidate","mountain=壺神山(#353); candidate=summit-candidate:9306f5a7fe249a15; grounding_match=grounding_contradicted_or_unrelated; score=0.36"
"353","壺神山","summit-candidate:4db5b3ffd85092bf","4","deferred_alternative","0.36","grounding_contradicted_or_unrelated","3768.2","grounding_contradicted_or_unrelated","","yamap_2025-01-03_07_19.gpx","壺神山・滝山・足山・皿が森","present_in_stage21","grounding_far_from_candidate","mountain=壺神山(#353); candidate=summit-candidate:4db5b3ffd85092bf; grounding_match=grounding_contradicted_or_unrelated; score=0.36"
"353","壺神山","summit-candidate:0048d4d3a7981b80","5","deferred_alternative","0.36","grounding_contradicted_or_unrelated","4232.9","grounding_contradicted_or_unrelated","","yamap_2025-01-03_07_19.gpx","壺神山・滝山・足山・皿が森","present_in_stage21","grounding_far_from_candidate","mountain=壺神山(#353); candidate=summit-candidate:0048d4d3a7981b80; grounding_match=grounding_contradicted_or_unrelated; score=0.36"
"358","小山岳","summit-candidate:7749b785ef007c1a","1","review_deferred_stage21_supported","0.504","grounding_contradicted_or_unrelated","13578.8","grounding_contradicted_or_unrelated","","yamap_2025-01-11_08_43.gpx","尉之山・小山岳","present_in_stage21","grounding_far_from_candidate","mountain=小山岳(#358); candidate=summit-candidate:7749b785ef007c1a; grounding_match=grounding_contradicted_or_unrelated; score=0.504"
"358","小山岳","summit-candidate:12f30719aca26806","2","deferred_alternative","0.408","grounding_contradicted_or_unrelated","13395.4","grounding_contradicted_or_unrelated","","yamap_2025-01-11_08_43.gpx","尉之山・小山岳","present_in_stage21","grounding_far_from_candidate","mountain=小山岳(#358); candidate=summit-candidate:12f30719aca26806; grounding_match=grounding_contradicted_or_unrelated; score=0.408"
"359","勝山","summit-candidate:2b833dfb6f3f84c1","1","review_deferred_stage21_supported","0.456","grounding_contradicted_or_unrelated","17181.1","grounding_contradicted_or_unrelated","","yamap_2025-01-11_11_51.gpx","勝山","present_in_stage21","grounding_far_from_candidate","mountain=勝山(#359); candidate=summit-candidate:2b833dfb6f3f84c1; grounding_match=grounding_contradicted_or_unrelated; score=0.456"
"359","勝山","summit-candidate:91cacd7deced8470","2","deferred_alternative","0.36","grounding_contradicted_or_unrelated","8120.7","grounding_contradicted_or_unrelated","","yamap_2022-06-04_14_13.gpx","勝山","present_in_stage21","grounding_far_from_candidate","mountain=勝山(#359); candidate=summit-candidate:91cacd7deced8470; grounding_match=grounding_contradicted_or_unrelated; score=0.36"
"363","天が森","summit-candidate:090f7fa4be89ec5e","1","review_deferred_stage21_supported","0.36","grounding_contradicted_or_unrelated","4492.4","grounding_contradicted_or_unrelated","","yamap_2025-01-26_07_09.gpx","天が森・浄心山・銅が鳴","present_in_stage21","grounding_far_from_candidate","mountain=天が森(#363); candidate=summit-candidate:090f7fa4be89ec5e; grounding_match=grounding_contradicted_or_unrelated; score=0.36"
"363","天が森","summit-candidate:37c3a34c16599379","2","deferred_alternative","0.304","grounding_contradicted_or_unrelated","5839.4","grounding_contradicted_or_unrelated","","yamap_2025-01-26_07_09.gpx","天が森・浄心山・銅が鳴","present_in_stage21","grounding_far_from_candidate","mountain=天が森(#363); candidate=summit-candidate:37c3a34c16599379; grounding_match=grounding_contradicted_or_unrelated; score=0.304"
"368","北山","summit-candidate:8cef52d6989a94db","1","review_deferred_stage21_supported","0.504","grounding_contradicted_or_unrelated","2350.6","grounding_contradicted_or_unrelated","","yamap_2025-01-30_10_12.gpx","北山","present_in_stage21","grounding_far_from_candidate","mountain=北山(#368); candidate=summit-candidate:8cef52d6989a94db; grounding_match=grounding_contradicted_or_unrelated; score=0.504"
"375","大頭山","summit-candidate:d456af62868c5044","1","review_deferred_grounding_supported_top1","0.645","weak_grounding_nearby","137.5","weak_grounding_nearby","4.6","yamap_2025-03-10_08_18.gpx","姫政山","present_in_stage21","grounding_municipality_mismatch","mountain=大頭山(#375); candidate=summit-candidate:d456af62868c5044; grounding_match=weak_grounding_nearby; score=0.645"
"375","大頭山","summit-candidate:afc2e407c1d6b464","2","deferred_alternative","0.448","grounding_contradicted_or_unrelated","4095.6","grounding_contradicted_or_unrelated","","yamap_2025-02-09_09_27.gpx","大頭山","present_in_stage21","grounding_far_from_candidate","mountain=大頭山(#375); candidate=summit-candidate:afc2e407c1d6b464; grounding_match=grounding_contradicted_or_unrelated; score=0.448"
"381","霊仙山","summit-candidate:47b61397fb9c5d3f","1","review_deferred_stage21_supported","0.504","grounding_contradicted_or_unrelated","2401.1","grounding_contradicted_or_unrelated","","yamap_2025-02-24_10_12.gpx","霊仙山","present_in_stage21","grounding_far_from_candidate","mountain=霊仙山(#381); candidate=summit-candidate:47b61397fb9c5d3f; grounding_match=grounding_contradicted_or_unrelated; score=0.504"
"392","高山","summit-candidate:c9aa57cdeb1b49fa","1","review_deferred_grounding_supported_top1","0.656","weak_grounding_nearby","186.5","weak_grounding_nearby","43.7","yamap_2025-03-20_08_27.gpx","高山・大里山・泰ノ山","present_in_stage21","grounding_municipality_mismatch","mountain=高山(#392); candidate=summit-candidate:c9aa57cdeb1b49fa; grounding_match=weak_grounding_nearby; score=0.656"
"392","高山","summit-candidate:8ff6361109e5ed5c","2","deferred_alternative","0.4","grounding_contradicted_or_unrelated","2547.2","grounding_contradicted_or_unrelated","","yamap_2025-03-20_08_27.gpx","高山・大里山・泰ノ山","present_in_stage21","grounding_far_from_candidate","mountain=高山(#392); candidate=summit-candidate:8ff6361109e5ed5c; grounding_match=grounding_contradicted_or_unrelated; score=0.4"
"392","高山","summit-candidate:101c1b0635c0bec0","3","deferred_alternative","0.4","grounding_contradicted_or_unrelated","31593.5","grounding_contradicted_or_unrelated","","yamap_2022-12-25_10_09.gpx","高山","present_in_stage21","grounding_far_from_candidate","mountain=高山(#392); candidate=summit-candidate:101c1b0635c0bec0; grounding_match=grounding_contradicted_or_unrelated; score=0.4"
"392","高山","summit-candidate:fe8f624bdaa57afd","4","deferred_alternative","0.304","grounding_contradicted_or_unrelated","1118.6","grounding_contradicted_or_unrelated","","yamap_2025-03-20_08_27.gpx","高山・大里山・泰ノ山","present_in_stage21","grounding_far_from_candidate","mountain=高山(#392); candidate=summit-candidate:fe8f624bdaa57afd; grounding_match=grounding_contradicted_or_unrelated; score=0.304"
"392","高山","summit-candidate:98457196a66e294d","5","deferred_alternative","0.304","grounding_contradicted_or_unrelated","1649.7","grounding_contradicted_or_unrelated","","yamap_2025-03-20_08_27.gpx","高山・大里山・泰ノ山","present_in_stage21","grounding_far_from_candidate","mountain=高山(#392); candidate=summit-candidate:98457196a66e294d; grounding_match=grounding_contradicted_or_unrelated; score=0.304"
"394","大里山","summit-candidate:fe8f624bdaa57afd","1","review_deferred_stage21_supported","0.448","grounding_contradicted_or_unrelated","2083.5","grounding_contradicted_or_unrelated","","yamap_2025-03-20_08_27.gpx","高山・大里山・泰ノ山","present_in_stage21","grounding_far_from_candidate","mountain=大里山(#394); candidate=summit-candidate:fe8f624bdaa57afd; grounding_match=grounding_contradicted_or_unrelated; score=0.448"
"394","大里山","summit-candidate:98457196a66e294d","2","deferred_alternative","0.4","grounding_contradicted_or_unrelated","3533","grounding_contradicted_or_unrelated","","yamap_2025-03-20_08_27.gpx","高山・大里山・泰ノ山","present_in_stage21","grounding_far_from_candidate","mountain=大里山(#394); candidate=summit-candidate:98457196a66e294d; grounding_match=grounding_contradicted_or_unrelated; score=0.4"
"394","大里山","summit-candidate:8ff6361109e5ed5c","3","deferred_alternative","0.304","grounding_contradicted_or_unrelated","1478","grounding_contradicted_or_unrelated","","yamap_2025-03-20_08_27.gpx","高山・大里山・泰ノ山","present_in_stage21","grounding_far_from_candidate","mountain=大里山(#394); candidate=summit-candidate:8ff6361109e5ed5c; grounding_match=grounding_contradicted_or_unrelated; score=0.304"
"394","大里山","summit-candidate:c9aa57cdeb1b49fa","4","deferred_alternative","0.304","grounding_contradicted_or_unrelated","2313.1","grounding_contradicted_or_unrelated","","yamap_2025-03-20_08_27.gpx","高山・大里山・泰ノ山","present_in_stage21","grounding_far_from_candidate","mountain=大里山(#394); candidate=summit-candidate:c9aa57cdeb1b49fa; grounding_match=grounding_contradicted_or_unrelated; score=0.304"
"395","北ヶ森","summit-candidate:dedadc05e5f6d5d5","1","review_deferred_stage21_supported","0.504","grounding_contradicted_or_unrelated","6251.1","grounding_contradicted_or_unrelated","","yamap_2025-03-23_11_12.gpx","北ヶ森・高土の峰","present_in_stage21","grounding_far_from_candidate","mountain=北ヶ森(#395); candidate=summit-candidate:dedadc05e5f6d5d5; grounding_match=grounding_contradicted_or_unrelated; score=0.504"
"396","高土の峰","summit-candidate:dedadc05e5f6d5d5","1","review_deferred_stage21_supported","0.304","grounding_contradicted_or_unrelated","4980","grounding_contradicted_or_unrelated","","yamap_2025-03-23_11_12.gpx","北ヶ森・高土の峰","present_in_stage21","grounding_far_from_candidate","mountain=高土の峰(#396); candidate=summit-candidate:dedadc05e5f6d5d5; grounding_match=grounding_contradicted_or_unrelated; score=0.304"
"397","竜王山","summit-candidate:62d2811f5d1a9f29","1","review_deferred_stage21_supported","0.448","grounding_contradicted_or_unrelated","17344.9","grounding_contradicted_or_unrelated","","yamap_2025-03-30_07_01.gpx","竜王山","present_in_stage21","grounding_far_from_candidate","mountain=竜王山(#397); candidate=summit-candidate:62d2811f5d1a9f29; grounding_match=grounding_contradicted_or_unrelated; score=0.448"
"399","一ヶ森","summit-candidate:5f3f2f47d84464c4","1","review_deferred_stage21_supported","0.448","grounding_contradicted_or_unrelated","12870.1","grounding_contradicted_or_unrelated","","yamap_2025-03-30_09_12.gpx","一ヶ森","present_in_stage21","grounding_far_from_candidate","mountain=一ヶ森(#399); candidate=summit-candidate:5f3f2f47d84464c4; grounding_match=grounding_contradicted_or_unrelated; score=0.448"
"401","京の森","summit-candidate:13aa9354da4eb6d6","1","review_deferred_stage21_supported","0.456","grounding_contradicted_or_unrelated","5947.3","grounding_contradicted_or_unrelated","","yamap_2025-03-30_12_56.gpx","京の森・大迫山","present_in_stage21","grounding_far_from_candidate","mountain=京の森(#401); candidate=summit-candidate:13aa9354da4eb6d6; grounding_match=grounding_contradicted_or_unrelated; score=0.456"
"402","大迫山","summit-candidate:13aa9354da4eb6d6","1","review_deferred_stage21_supported","0.456","grounding_contradicted_or_unrelated","6823.2","grounding_contradicted_or_unrelated","","yamap_2025-03-30_12_56.gpx","京の森・大迫山","present_in_stage21","grounding_far_from_candidate","mountain=大迫山(#402); candidate=summit-candidate:13aa9354da4eb6d6; grounding_match=grounding_contradicted_or_unrelated; score=0.456"
"407","五十崎神南山","summit-candidate:49147712961a83be","1","review_deferred_stage21_supported","0.448","grounding_contradicted_or_unrelated","5166","grounding_contradicted_or_unrelated","","yamap_2025-04-09_06_48.gpx","新谷神南山・五十崎神南山","present_in_stage21","grounding_far_from_candidate","mountain=五十崎神南山(#407); candidate=summit-candidate:49147712961a83be; grounding_match=grounding_contradicted_or_unrelated; score=0.448"
"407","五十崎神南山","summit-candidate:6342f0069cd164e8","2","deferred_alternative","0.36","grounding_contradicted_or_unrelated","3073.1","grounding_contradicted_or_unrelated","","yamap_2025-04-09_06_48.gpx","新谷神南山・五十崎神南山","present_in_stage21","grounding_far_from_candidate","mountain=五十崎神南山(#407); candidate=summit-candidate:6342f0069cd164e8; grounding_match=grounding_contradicted_or_unrelated; score=0.36"
"409","小屋山","summit-candidate:422a9e74717ca96d","1","review_deferred_stage21_supported","0.504","grounding_contradicted_or_unrelated","18697.8","grounding_contradicted_or_unrelated","","yamap_2025-04-19_07_10.gpx","小屋山・丸石山","present_in_stage21","grounding_far_from_candidate","mountain=小屋山(#409); candidate=summit-candidate:422a9e74717ca96d; grounding_match=grounding_contradicted_or_unrelated; score=0.504"
"409","小屋山","summit-candidate:01f601a63b1874f6","2","deferred_alternative","0.456","grounding_contradicted_or_unrelated","19638.4","grounding_contradicted_or_unrelated","","yamap_2025-04-19_07_10.gpx","小屋山・丸石山","present_in_stage21","grounding_far_from_candidate","mountain=小屋山(#409); candidate=summit-candidate:01f601a63b1874f6; grounding_match=grounding_contradicted_or_unrelated; score=0.456"
"409","小屋山","summit-candidate:0cc9c1186612ceaa","3","deferred_alternative","0.408","grounding_contradicted_or_unrelated","17781.9","grounding_contradicted_or_unrelated","","yamap_2025-04-19_07_10.gpx","小屋山・丸石山","present_in_stage21","grounding_far_from_candidate","mountain=小屋山(#409); candidate=summit-candidate:0cc9c1186612ceaa; grounding_match=grounding_contradicted_or_unrelated; score=0.408"
"409","小屋山","summit-candidate:1f61c36c208539fd","4","deferred_alternative","0.408","grounding_contradicted_or_unrelated","18991.8","grounding_contradicted_or_unrelated","","yamap_2025-04-19_07_10.gpx","小屋山・丸石山","present_in_stage21","grounding_far_from_candidate","mountain=小屋山(#409); candidate=summit-candidate:1f61c36c208539fd; grounding_match=grounding_contradicted_or_unrelated; score=0.408"
"411","野地峰","summit-candidate:17a471cc45af2c05","1","review_deferred_stage21_supported","0.448","grounding_contradicted_or_unrelated","10372","grounding_contradicted_or_unrelated","","yamap_2025-04-27_06_23.gpx","野地峰・黒岩山・大野山","present_in_stage21","grounding_far_from_candidate","mountain=野地峰(#411); candidate=summit-candidate:17a471cc45af2c05; grounding_match=grounding_contradicted_or_unrelated; score=0.448"
"411","野地峰","summit-candidate:8326f30918c16cbe","2","deferred_alternative","0.36","grounding_contradicted_or_unrelated","12158.3","grounding_contradicted_or_unrelated","","yamap_2025-04-27_06_23.gpx","野地峰・黒岩山・大野山","present_in_stage21","grounding_far_from_candidate","mountain=野地峰(#411); candidate=summit-candidate:8326f30918c16cbe; grounding_match=grounding_contradicted_or_unrelated; score=0.36"
"411","野地峰","summit-candidate:e93bba1998d4efb5","3","deferred_alternative","0.304","grounding_contradicted_or_unrelated","9231.4","grounding_contradicted_or_unrelated","","yamap_2025-04-27_06_23.gpx","野地峰・黒岩山・大野山","present_in_stage21","grounding_far_from_candidate","mountain=野地峰(#411); candidate=summit-candidate:e93bba1998d4efb5; grounding_match=grounding_contradicted_or_unrelated; score=0.304"
"411","野地峰","summit-candidate:53bf856dccad5eab","4","deferred_alternative","0.304","grounding_contradicted_or_unrelated","12094.3","grounding_contradicted_or_unrelated","","yamap_2025-04-27_06_23.gpx","野地峰・黒岩山・大野山","present_in_stage21","grounding_far_from_candidate","mountain=野地峰(#411); candidate=summit-candidate:53bf856dccad5eab; grounding_match=grounding_contradicted_or_unrelated; score=0.304"
"412","黒岩山","summit-candidate:e93bba1998d4efb5","1","review_deferred_stage21_supported","0.448","grounding_contradicted_or_unrelated","9872.7","grounding_contradicted_or_unrelated","","yamap_2025-04-27_06_23.gpx","野地峰・黒岩山・大野山","present_in_stage21","grounding_far_from_candidate","mountain=黒岩山(#412); candidate=summit-candidate:e93bba1998d4efb5; grounding_match=grounding_contradicted_or_unrelated; score=0.448"
"412","黒岩山","summit-candidate:8326f30918c16cbe","2","deferred_alternative","0.36","grounding_contradicted_or_unrelated","13024.4","grounding_contradicted_or_unrelated","","yamap_2025-04-27_06_23.gpx","野地峰・黒岩山・大野山","present_in_stage21","grounding_far_from_candidate","mountain=黒岩山(#412); candidate=summit-candidate:8326f30918c16cbe; grounding_match=grounding_contradicted_or_unrelated; score=0.36"
"412","黒岩山","summit-candidate:53bf856dccad5eab","3","deferred_alternative","0.352","grounding_contradicted_or_unrelated","12837","grounding_contradicted_or_unrelated","","yamap_2025-04-27_06_23.gpx","野地峰・黒岩山・大野山","present_in_stage21","grounding_far_from_candidate","mountain=黒岩山(#412); candidate=summit-candidate:53bf856dccad5eab; grounding_match=grounding_contradicted_or_unrelated; score=0.352"
"412","黒岩山","summit-candidate:17a471cc45af2c05","4","deferred_alternative","0.304","grounding_contradicted_or_unrelated","11076.2","grounding_contradicted_or_unrelated","","yamap_2025-04-27_06_23.gpx","野地峰・黒岩山・大野山","present_in_stage21","grounding_far_from_candidate","mountain=黒岩山(#412); candidate=summit-candidate:17a471cc45af2c05; grounding_match=grounding_contradicted_or_unrelated; score=0.304"
"413","大野山","summit-candidate:53bf856dccad5eab","1","review_deferred_stage21_supported","0.448","grounding_contradicted_or_unrelated","14071.2","grounding_contradicted_or_unrelated","","yamap_2025-04-27_06_23.gpx","野地峰・黒岩山・大野山","present_in_stage21","grounding_far_from_candidate","mountain=大野山(#413); candidate=summit-candidate:53bf856dccad5eab; grounding_match=grounding_contradicted_or_unrelated; score=0.448"
"413","大野山","summit-candidate:8326f30918c16cbe","2","deferred_alternative","0.36","grounding_contradicted_or_unrelated","14282.1","grounding_contradicted_or_unrelated","","yamap_2025-04-27_06_23.gpx","野地峰・黒岩山・大野山","present_in_stage21","grounding_far_from_candidate","mountain=大野山(#413); candidate=summit-candidate:8326f30918c16cbe; grounding_match=grounding_contradicted_or_unrelated; score=0.36"
"413","大野山","summit-candidate:e93bba1998d4efb5","3","deferred_alternative","0.352","grounding_contradicted_or_unrelated","11087.6","grounding_contradicted_or_unrelated","","yamap_2025-04-27_06_23.gpx","野地峰・黒岩山・大野山","present_in_stage21","grounding_far_from_candidate","mountain=大野山(#413); candidate=summit-candidate:e93bba1998d4efb5; grounding_match=grounding_contradicted_or_unrelated; score=0.352"
"413","大野山","summit-candidate:17a471cc45af2c05","4","deferred_alternative","0.304","grounding_contradicted_or_unrelated","12304.2","grounding_contradicted_or_unrelated","","yamap_2025-04-27_06_23.gpx","野地峰・黒岩山・大野山","present_in_stage21","grounding_far_from_candidate","mountain=大野山(#413); candidate=summit-candidate:17a471cc45af2c05; grounding_match=grounding_contradicted_or_unrelated; score=0.304"
"414","水なし山","summit-candidate:403c0894babcf279","1","review_deferred_stage21_supported","0.504","grounding_contradicted_or_unrelated","7725.6","grounding_contradicted_or_unrelated","","yamap_2025-06-21_08_53.gpx","貝渚山・水なし山","present_in_stage21","grounding_far_from_candidate","mountain=水なし山(#414); candidate=summit-candidate:403c0894babcf279; grounding_match=grounding_contradicted_or_unrelated; score=0.504"
"415","貝渚山","summit-candidate:403c0894babcf279","1","review_deferred_stage21_supported","0.456","grounding_contradicted_or_unrelated","8930","grounding_contradicted_or_unrelated","","yamap_2025-06-21_08_53.gpx","貝渚山・水なし山","present_in_stage21","grounding_far_from_candidate","mountain=貝渚山(#415); candidate=summit-candidate:403c0894babcf279; grounding_match=grounding_contradicted_or_unrelated; score=0.456"
"415","貝渚山","summit-candidate:00dfcd8bd36a1f00","2","deferred_alternative","0.454","far_grounding_candidate","394.1","far_grounding_candidate","30.1","yamap_2025-08-15_11_47.gpx","五段城","not_in_stage21","","mountain=貝渚山(#415); candidate=summit-candidate:00dfcd8bd36a1f00; grounding_match=far_grounding_candidate; score=0.454"
"418","伊吹山","summit-candidate:e79e77da4bfd1f13","1","review_deferred_stage21_supported","0.504","grounding_contradicted_or_unrelated","2273.8","grounding_contradicted_or_unrelated","","yamap_2025-07-06_12_03.gpx","伊吹山","present_in_stage21","grounding_far_from_candidate","mountain=伊吹山(#418); candidate=summit-candidate:e79e77da4bfd1f13; grounding_match=grounding_contradicted_or_unrelated; score=0.504"
"419","小牛城","summit-candidate:ba78489e4d448645","1","review_deferred_stage21_supported","0.504","grounding_contradicted_or_unrelated","22700.7","grounding_contradicted_or_unrelated","","yamap_2025-08-15_10_51.gpx","小牛城","present_in_stage21","grounding_far_from_candidate","mountain=小牛城(#419); candidate=summit-candidate:ba78489e4d448645; grounding_match=grounding_contradicted_or_unrelated; score=0.504"
"419","小牛城","summit-candidate:c7ff156edb321d12","2","deferred_alternative","0.304","grounding_contradicted_or_unrelated","20822.7","grounding_contradicted_or_unrelated","","yamap_2022-06-16_16_25.gpx","牛城","present_in_stage21","grounding_far_from_candidate","mountain=小牛城(#419); candidate=summit-candidate:c7ff156edb321d12; grounding_match=grounding_contradicted_or_unrelated; score=0.304"
"423","鶴ノ子ノ頭","summit-candidate:65906dbbd6e5b747","1","review_deferred_stage21_supported","0.456","grounding_contradicted_or_unrelated","5995.7","grounding_contradicted_or_unrelated","","yamap_2025-09-07_08_00.gpx","鶴ノ子ノ頭・石鎚山","present_in_stage21","grounding_far_from_candidate","mountain=鶴ノ子ノ頭(#423); candidate=summit-candidate:65906dbbd6e5b747; grounding_match=grounding_contradicted_or_unrelated; score=0.456"
"423","鶴ノ子ノ頭","summit-candidate:19713e48698f3e2a","2","deferred_alternative","0.304","grounding_contradicted_or_unrelated","6150.9","grounding_contradicted_or_unrelated","","yamap_2025-09-07_08_00.gpx","鶴ノ子ノ頭・石鎚山","present_in_stage21","grounding_far_from_candidate","mountain=鶴ノ子ノ頭(#423); candidate=summit-candidate:19713e48698f3e2a; grounding_match=grounding_contradicted_or_unrelated; score=0.304"
"426","前社ヶ森","summit-candidate:109bc31ba8b3aa15","1","review_deferred_stage21_supported","0.408","grounding_contradicted_or_unrelated","2970.6","grounding_contradicted_or_unrelated","","yamap_2025-09-21_08_53.gpx","前社ヶ森・剣山・黒川山","present_in_stage21","grounding_far_from_candidate","mountain=前社ヶ森(#426); candidate=summit-candidate:109bc31ba8b3aa15; grounding_match=grounding_contradicted_or_unrelated; score=0.408"
"426","前社ヶ森","summit-candidate:56e8244e578a141a","2","deferred_alternative","0.36","grounding_contradicted_or_unrelated","3317","grounding_contradicted_or_unrelated","","yamap_2025-09-21_08_53.gpx","前社ヶ森・剣山・黒川山","present_in_stage21","grounding_far_from_candidate","mountain=前社ヶ森(#426); candidate=summit-candidate:56e8244e578a141a; grounding_match=grounding_contradicted_or_unrelated; score=0.36"
"426","前社ヶ森","summit-candidate:ee632dd427dbb1ff","3","deferred_alternative","0.36","grounding_contradicted_or_unrelated","3436.1","grounding_contradicted_or_unrelated","","yamap_2025-09-21_08_53.gpx","前社ヶ森・剣山・黒川山","present_in_stage21","grounding_far_from_candidate","mountain=前社ヶ森(#426); candidate=summit-candidate:ee632dd427dbb1ff; grounding_match=grounding_contradicted_or_unrelated; score=0.36"
"426","前社ヶ森","summit-candidate:6b97922a3935a9a5","4","deferred_alternative","0.36","grounding_contradicted_or_unrelated","4394.5","grounding_contradicted_or_unrelated","","yamap_2025-09-21_08_53.gpx","前社ヶ森・剣山・黒川山","present_in_stage21","grounding_far_from_candidate","mountain=前社ヶ森(#426); candidate=summit-candidate:6b97922a3935a9a5; grounding_match=grounding_contradicted_or_unrelated; score=0.36"
"427","剣山","summit-candidate:109bc31ba8b3aa15","1","review_deferred_stage21_supported","0.504","grounding_contradicted_or_unrelated","2249.1","grounding_contradicted_or_unrelated","","yamap_2025-09-21_08_53.gpx","前社ヶ森・剣山・黒川山","present_in_stage21","grounding_far_from_candidate","mountain=剣山(#427); candidate=summit-candidate:109bc31ba8b3aa15; grounding_match=grounding_contradicted_or_unrelated; score=0.504"
"427","剣山","summit-candidate:56e8244e578a141a","2","deferred_alternative","0.36","grounding_contradicted_or_unrelated","3140.8","grounding_contradicted_or_unrelated","","yamap_2025-09-21_08_53.gpx","前社ヶ森・剣山・黒川山","present_in_stage21","grounding_far_from_candidate","mountain=剣山(#427); candidate=summit-candidate:56e8244e578a141a; grounding_match=grounding_contradicted_or_unrelated; score=0.36"
"427","剣山","summit-candidate:ee632dd427dbb1ff","3","deferred_alternative","0.36","grounding_contradicted_or_unrelated","3214.4","grounding_contradicted_or_unrelated","","yamap_2025-09-21_08_53.gpx","前社ヶ森・剣山・黒川山","present_in_stage21","grounding_far_from_candidate","mountain=剣山(#427); candidate=summit-candidate:ee632dd427dbb1ff; grounding_match=grounding_contradicted_or_unrelated; score=0.36"
"427","剣山","summit-candidate:6b97922a3935a9a5","4","deferred_alternative","0.36","grounding_contradicted_or_unrelated","4123.3","grounding_contradicted_or_unrelated","","yamap_2025-09-21_08_53.gpx","前社ヶ森・剣山・黒川山","present_in_stage21","grounding_far_from_candidate","mountain=剣山(#427); candidate=summit-candidate:6b97922a3935a9a5; grounding_match=grounding_contradicted_or_unrelated; score=0.36"
"428","東光森山","summit-candidate:6358c7fb40ce841e","1","review_deferred_stage21_supported","0.504","grounding_contradicted_or_unrelated","8363.1","grounding_contradicted_or_unrelated","","yamap_2025-09-27_06_52.gpx","東光森山・別子山","present_in_stage21","grounding_far_from_candidate","mountain=東光森山(#428); candidate=summit-candidate:6358c7fb40ce841e; grounding_match=grounding_contradicted_or_unrelated; score=0.504"
"428","東光森山","summit-candidate:accbb6cf4fee8a2f","2","deferred_alternative","0.408","grounding_contradicted_or_unrelated","9229.2","grounding_contradicted_or_unrelated","","yamap_2025-09-27_06_52.gpx","東光森山・別子山","present_in_stage21","grounding_far_from_candidate","mountain=東光森山(#428); candidate=summit-candidate:accbb6cf4fee8a2f; grounding_match=grounding_contradicted_or_unrelated; score=0.408"
"428","東光森山","summit-candidate:4b66146264e5e167","3","deferred_alternative","0.36","grounding_contradicted_or_unrelated","7228.9","grounding_contradicted_or_unrelated","","yamap_2025-09-27_06_52.gpx","東光森山・別子山","present_in_stage21","grounding_far_from_candidate","mountain=東光森山(#428); candidate=summit-candidate:4b66146264e5e167; grounding_match=grounding_contradicted_or_unrelated; score=0.36"
"428","東光森山","summit-candidate:69652a1c97f3b2eb","4","deferred_alternative","0.36","grounding_contradicted_or_unrelated","9689.9","grounding_contradicted_or_unrelated","","yamap_2025-09-27_06_52.gpx","東光森山・別子山","present_in_stage21","grounding_far_from_candidate","mountain=東光森山(#428); candidate=summit-candidate:69652a1c97f3b2eb; grounding_match=grounding_contradicted_or_unrelated; score=0.36"
"429","別子山","summit-candidate:69652a1c97f3b2eb","1","review_deferred_stage21_supported","0.504","grounding_contradicted_or_unrelated","5180.4","grounding_contradicted_or_unrelated","","yamap_2025-09-27_06_52.gpx","東光森山・別子山","present_in_stage21","grounding_far_from_candidate","mountain=別子山(#429); candidate=summit-candidate:69652a1c97f3b2eb; grounding_match=grounding_contradicted_or_unrelated; score=0.504"
"429","別子山","summit-candidate:4b66146264e5e167","2","deferred_alternative","0.36","grounding_contradicted_or_unrelated","2630.8","grounding_contradicted_or_unrelated","","yamap_2025-09-27_06_52.gpx","東光森山・別子山","present_in_stage21","grounding_far_from_candidate","mountain=別子山(#429); candidate=summit-candidate:4b66146264e5e167; grounding_match=grounding_contradicted_or_unrelated; score=0.36"
"429","別子山","summit-candidate:6358c7fb40ce841e","3","deferred_alternative","0.36","grounding_contradicted_or_unrelated","3748.8","grounding_contradicted_or_unrelated","","yamap_2025-09-27_06_52.gpx","東光森山・別子山","present_in_stage21","grounding_far_from_candidate","mountain=別子山(#429); candidate=summit-candidate:6358c7fb40ce841e; grounding_match=grounding_contradicted_or_unrelated; score=0.36"
"429","別子山","summit-candidate:accbb6cf4fee8a2f","4","deferred_alternative","0.36","grounding_contradicted_or_unrelated","4646.2","grounding_contradicted_or_unrelated","","yamap_2025-09-27_06_52.gpx","東光森山・別子山","present_in_stage21","grounding_far_from_candidate","mountain=別子山(#429); candidate=summit-candidate:accbb6cf4fee8a2f; grounding_match=grounding_contradicted_or_unrelated; score=0.36"
"431","大座礼山","summit-candidate:20557338e1ab5de6","1","review_deferred_stage21_supported","0.448","grounding_contradicted_or_unrelated","3904.2","grounding_contradicted_or_unrelated","","yamap_2025-10-05_08_42.gpx","三ッ森山・大座礼山","present_in_stage21","grounding_far_from_candidate","mountain=大座礼山(#431); candidate=summit-candidate:20557338e1ab5de6; grounding_match=grounding_contradicted_or_unrelated; score=0.448"
"431","大座礼山","summit-candidate:b2662116bd1858b6","2","deferred_alternative","0.36","grounding_contradicted_or_unrelated","5973.2","grounding_contradicted_or_unrelated","","yamap_2025-10-05_08_42.gpx","三ッ森山・大座礼山","present_in_stage21","grounding_far_from_candidate","mountain=大座礼山(#431); candidate=summit-candidate:b2662116bd1858b6; grounding_match=grounding_contradicted_or_unrelated; score=0.36"
"431","大座礼山","summit-candidate:8f124a2a1de32654","3","deferred_alternative","0.36","grounding_contradicted_or_unrelated","7276.3","grounding_contradicted_or_unrelated","","yamap_2025-10-05_08_42.gpx","三ッ森山・大座礼山","present_in_stage21","grounding_far_from_candidate","mountain=大座礼山(#431); candidate=summit-candidate:8f124a2a1de32654; grounding_match=grounding_contradicted_or_unrelated; score=0.36"
"431","大座礼山","summit-candidate:2666cead0a841bbb","4","deferred_alternative","0.304","grounding_contradicted_or_unrelated","4077","grounding_contradicted_or_unrelated","","yamap_2025-10-05_08_42.gpx","三ッ森山・大座礼山","present_in_stage21","grounding_far_from_candidate","mountain=大座礼山(#431); candidate=summit-candidate:2666cead0a841bbb; grounding_match=grounding_contradicted_or_unrelated; score=0.304"
"432","三つ足山","summit-candidate:565ba3761956d9b3","1","review_deferred_stage21_supported","0.456","grounding_contradicted_or_unrelated","7431","grounding_contradicted_or_unrelated","","yamap_2025-10-11_06_24.gpx","大森山・佐々連尾山・三つ足山","present_in_stage21","grounding_far_from_candidate","mountain=三つ足山(#432); candidate=summit-candidate:565ba3761956d9b3; grounding_match=grounding_contradicted_or_unrelated; score=0.456"
"432","三つ足山","summit-candidate:a80dd0489247a839","2","deferred_alternative","0.448","grounding_contradicted_or_unrelated","5375.2","grounding_contradicted_or_unrelated","","yamap_2025-10-11_06_24.gpx","大森山・佐々連尾山・三つ足山","present_in_stage21","grounding_far_from_candidate","mountain=三つ足山(#432); candidate=summit-candidate:a80dd0489247a839; grounding_match=grounding_contradicted_or_unrelated; score=0.448"
"433","大森山","summit-candidate:565ba3761956d9b3","1","review_deferred_stage21_supported","0.504","grounding_contradicted_or_unrelated","9964.4","grounding_contradicted_or_unrelated","","yamap_2025-10-11_06_24.gpx","大森山・佐々連尾山・三つ足山","present_in_stage21","grounding_far_from_candidate","mountain=大森山(#433); candidate=summit-candidate:565ba3761956d9b3; grounding_match=grounding_contradicted_or_unrelated; score=0.504"
"433","大森山","summit-candidate:a80dd0489247a839","2","deferred_alternative","0.4","grounding_contradicted_or_unrelated","6565.3","grounding_contradicted_or_unrelated","","yamap_2025-10-11_06_24.gpx","大森山・佐々連尾山・三つ足山","present_in_stage21","grounding_far_from_candidate","mountain=大森山(#433); candidate=summit-candidate:a80dd0489247a839; grounding_match=grounding_contradicted_or_unrelated; score=0.4"
"433","大森山","summit-candidate:b3cf76c035511afe","3","deferred_alternative","0.304","grounding_contradicted_or_unrelated","89941.8","grounding_contradicted_or_unrelated","","yamap_2026-02-22_06_23.gpx","大森山","present_in_stage21","grounding_far_from_candidate","mountain=大森山(#433); candidate=summit-candidate:b3cf76c035511afe; grounding_match=grounding_contradicted_or_unrelated; score=0.304"
"433","大森山","summit-candidate:830c63408bf56cc5","4","deferred_alternative","0.304","grounding_contradicted_or_unrelated","141798.2","grounding_contradicted_or_unrelated","","yamap_2023-01-21_09_56.gpx","大森山","present_in_stage21","grounding_far_from_candidate","mountain=大森山(#433); candidate=summit-candidate:830c63408bf56cc5; grounding_match=grounding_contradicted_or_unrelated; score=0.304"
"434","佐々連尾山","summit-candidate:565ba3761956d9b3","1","review_deferred_stage21_supported","0.456","grounding_contradicted_or_unrelated","11004.9","grounding_contradicted_or_unrelated","","yamap_2025-10-11_06_24.gpx","大森山・佐々連尾山・三つ足山","present_in_stage21","grounding_far_from_candidate","mountain=佐々連尾山(#434); candidate=summit-candidate:565ba3761956d9b3; grounding_match=grounding_contradicted_or_unrelated; score=0.456"
"434","佐々連尾山","summit-candidate:a80dd0489247a839","2","deferred_alternative","0.352","grounding_contradicted_or_unrelated","7401.1","grounding_contradicted_or_unrelated","","yamap_2025-10-11_06_24.gpx","大森山・佐々連尾山・三つ足山","present_in_stage21","grounding_far_from_candidate","mountain=佐々連尾山(#434); candidate=summit-candidate:a80dd0489247a839; grounding_match=grounding_contradicted_or_unrelated; score=0.352"
"444","紅葉山","summit-candidate:6b62cbb916ef874d","1","review_deferred_stage21_supported","0.504","grounding_contradicted_or_unrelated","2949.9","grounding_contradicted_or_unrelated","","yamap_2025-12-14_08_56.gpx","梁瀬山・紅葉山","present_in_stage21","grounding_far_from_candidate","mountain=紅葉山(#444); candidate=summit-candidate:6b62cbb916ef874d; grounding_match=grounding_contradicted_or_unrelated; score=0.504"
"444","紅葉山","summit-candidate:d663a75e24f23530","2","deferred_alternative","0.504","grounding_contradicted_or_unrelated","3950.1","grounding_contradicted_or_unrelated","","yamap_2025-12-14_08_56.gpx","梁瀬山・紅葉山","present_in_stage21","grounding_far_from_candidate","mountain=紅葉山(#444); candidate=summit-candidate:d663a75e24f23530; grounding_match=grounding_contradicted_or_unrelated; score=0.504"
"445","梁瀬山","summit-candidate:6b62cbb916ef874d","1","review_deferred_stage21_supported","0.504","grounding_contradicted_or_unrelated","2443.9","grounding_contradicted_or_unrelated","","yamap_2025-12-14_08_56.gpx","梁瀬山・紅葉山","present_in_stage21","grounding_far_from_candidate","mountain=梁瀬山(#445); candidate=summit-candidate:6b62cbb916ef874d; grounding_match=grounding_contradicted_or_unrelated; score=0.504"
"445","梁瀬山","summit-candidate:d663a75e24f23530","2","deferred_alternative","0.504","grounding_contradicted_or_unrelated","3475.6","grounding_contradicted_or_unrelated","","yamap_2025-12-14_08_56.gpx","梁瀬山・紅葉山","present_in_stage21","grounding_far_from_candidate","mountain=梁瀬山(#445); candidate=summit-candidate:d663a75e24f23530; grounding_match=grounding_contradicted_or_unrelated; score=0.504"
"446","池ノ城山","summit-candidate:f028aab45221cee6","1","review_deferred_stage21_supported","0.456","grounding_contradicted_or_unrelated","14053.5","grounding_contradicted_or_unrelated","","yamap_2025-12-20_07_28.gpx","池ノ城山","present_in_stage21","grounding_far_from_candidate","mountain=池ノ城山(#446); candidate=summit-candidate:f028aab45221cee6; grounding_match=grounding_contradicted_or_unrelated; score=0.456"
"449","御在所山","summit-candidate:17c3649ad9b147ce","1","review_deferred_stage21_supported","0.504","grounding_contradicted_or_unrelated","13389.3","grounding_contradicted_or_unrelated","","yamap_2026-01-07_07_05.gpx","御在所山","present_in_stage21","grounding_far_from_candidate","mountain=御在所山(#449); candidate=summit-candidate:17c3649ad9b147ce; grounding_match=grounding_contradicted_or_unrelated; score=0.504"
"449","御在所山","summit-candidate:61f36127d879648f","2","deferred_alternative","0.304","grounding_contradicted_or_unrelated","28695.2","grounding_contradicted_or_unrelated","","yamap_2022-04-27_10_31.gpx","御在所山","present_in_stage21","grounding_far_from_candidate","mountain=御在所山(#449); candidate=summit-candidate:61f36127d879648f; grounding_match=grounding_contradicted_or_unrelated; score=0.304"
"450","高雄山","summit-candidate:a271a6c73ad11b69","1","review_deferred_stage21_supported","0.448","grounding_contradicted_or_unrelated","25246.9","grounding_contradicted_or_unrelated","","yamap_2026-01-07_09_14.gpx","高雄山","present_in_stage21","grounding_far_from_candidate","mountain=高雄山(#450); candidate=summit-candidate:a271a6c73ad11b69; grounding_match=grounding_contradicted_or_unrelated; score=0.448"
"454","竜王の峰","summit-candidate:51c8bc6a368c422c","1","review_deferred_stage21_supported","0.504","grounding_contradicted_or_unrelated","12715","grounding_contradicted_or_unrelated","","yamap_2026-01-18_09_11.gpx","竜王の峰","present_in_stage21","grounding_far_from_candidate","mountain=竜王の峰(#454); candidate=summit-candidate:51c8bc6a368c422c; grounding_match=grounding_contradicted_or_unrelated; score=0.504"
"455","船ヶ迫岳","summit-candidate:4a22801b12460992","1","review_deferred_stage21_supported","0.408","grounding_contradicted_or_unrelated","5638.5","grounding_contradicted_or_unrelated","","yamap_2026-01-25_07_43.gpx","船ヶ迫岳・鎌倉山","present_in_stage21","grounding_far_from_candidate","mountain=船ヶ迫岳(#455); candidate=summit-candidate:4a22801b12460992; grounding_match=grounding_contradicted_or_unrelated; score=0.408"
"455","船ヶ迫岳","summit-candidate:ce7fc6697696cde7","2","deferred_alternative","0.352","grounding_contradicted_or_unrelated","7528.6","grounding_contradicted_or_unrelated","","yamap_2026-01-25_07_43.gpx","船ヶ迫岳・鎌倉山","present_in_stage21","grounding_far_from_candidate","mountain=船ヶ迫岳(#455); candidate=summit-candidate:ce7fc6697696cde7; grounding_match=grounding_contradicted_or_unrelated; score=0.352"
"456","鎌倉山","summit-candidate:4a22801b12460992","1","review_deferred_stage21_supported","0.504","grounding_contradicted_or_unrelated","5028.3","grounding_contradicted_or_unrelated","","yamap_2026-01-25_07_43.gpx","船ヶ迫岳・鎌倉山","present_in_stage21","grounding_far_from_candidate","mountain=鎌倉山(#456); candidate=summit-candidate:4a22801b12460992; grounding_match=grounding_contradicted_or_unrelated; score=0.504"
"456","鎌倉山","summit-candidate:ce7fc6697696cde7","2","deferred_alternative","0.4","grounding_contradicted_or_unrelated","6840.5","grounding_contradicted_or_unrelated","","yamap_2026-01-25_07_43.gpx","船ヶ迫岳・鎌倉山","present_in_stage21","grounding_far_from_candidate","mountain=鎌倉山(#456); candidate=summit-candidate:ce7fc6697696cde7; grounding_match=grounding_contradicted_or_unrelated; score=0.4"
"462","鞍掛山","summit-candidate:6b19d2116121b615","1","review_deferred_stage21_supported","0.504","grounding_contradicted_or_unrelated","3127.5","grounding_contradicted_or_unrelated","","yamap_2026-02-07_11_17.gpx","鞍掛山","present_in_stage21","grounding_far_from_candidate","mountain=鞍掛山(#462); candidate=summit-candidate:6b19d2116121b615; grounding_match=grounding_contradicted_or_unrelated; score=0.504"
"463","大畑山","summit-candidate:bb84b00f3a929195","1","review_deferred_stage21_supported","0.448","grounding_contradicted_or_unrelated","13140.9","grounding_contradicted_or_unrelated","","yamap_2026-02-14_08_22.gpx","大畑山","present_in_stage21","grounding_far_from_candidate","mountain=大畑山(#463); candidate=summit-candidate:bb84b00f3a929195; grounding_match=grounding_contradicted_or_unrelated; score=0.448"
"466","大森山","summit-candidate:b3cf76c035511afe","1","review_deferred_stage21_supported","0.504","grounding_contradicted_or_unrelated","18509.3","grounding_contradicted_or_unrelated","","yamap_2026-02-22_06_23.gpx","大森山","present_in_stage21","grounding_far_from_candidate","mountain=大森山(#466); candidate=summit-candidate:b3cf76c035511afe; grounding_match=grounding_contradicted_or_unrelated; score=0.504"
"466","大森山","summit-candidate:830c63408bf56cc5","2","deferred_alternative","0.304","grounding_contradicted_or_unrelated","33826.9","grounding_contradicted_or_unrelated","","yamap_2023-01-21_09_56.gpx","大森山","present_in_stage21","grounding_far_from_candidate","mountain=大森山(#466); candidate=summit-candidate:830c63408bf56cc5; grounding_match=grounding_contradicted_or_unrelated; score=0.304"
"466","大森山","summit-candidate:565ba3761956d9b3","3","deferred_alternative","0.304","grounding_contradicted_or_unrelated","103701.7","grounding_contradicted_or_unrelated","","yamap_2025-10-11_06_24.gpx","大森山・佐々連尾山・三つ足山","present_in_stage21","grounding_far_from_candidate","mountain=大森山(#466); candidate=summit-candidate:565ba3761956d9b3; grounding_match=grounding_contradicted_or_unrelated; score=0.304"
"466","大森山","summit-candidate:a80dd0489247a839","4","deferred_alternative","0.304","grounding_contradicted_or_unrelated","106449.4","grounding_contradicted_or_unrelated","","yamap_2025-10-11_06_24.gpx","大森山・佐々連尾山・三つ足山","present_in_stage21","grounding_far_from_candidate","mountain=大森山(#466); candidate=summit-candidate:a80dd0489247a839; grounding_match=grounding_contradicted_or_unrelated; score=0.304"
"467","高森山","summit-candidate:f55ffb534aa2ae4c","1","review_deferred_stage21_supported","0.504","grounding_contradicted_or_unrelated","24499.9","grounding_contradicted_or_unrelated","","yamap_2026-02-22_07_32.gpx","高森山・町木山・寒台山・鎧掛山","present_in_stage21","grounding_far_from_candidate","mountain=高森山(#467); candidate=summit-candidate:f55ffb534aa2ae4c; grounding_match=grounding_contradicted_or_unrelated; score=0.504"
"467","高森山","summit-candidate:5f31b84e049f61fa","2","deferred_alternative","0.456","grounding_contradicted_or_unrelated","22792.4","grounding_contradicted_or_unrelated","","yamap_2026-02-22_07_32.gpx","高森山・町木山・寒台山・鎧掛山","present_in_stage21","grounding_far_from_candidate","mountain=高森山(#467); candidate=summit-candidate:5f31b84e049f61fa; grounding_match=grounding_contradicted_or_unrelated; score=0.456"
"467","高森山","summit-candidate:7a8dca9b423536f5","3","deferred_alternative","0.4","grounding_contradicted_or_unrelated","23935.8","grounding_contradicted_or_unrelated","","yamap_2026-02-22_07_32.gpx","高森山・町木山・寒台山・鎧掛山","present_in_stage21","grounding_far_from_candidate","mountain=高森山(#467); candidate=summit-candidate:7a8dca9b423536f5; grounding_match=grounding_contradicted_or_unrelated; score=0.4"
"467","高森山","summit-candidate:19ab381ef6c337af","4","deferred_alternative","0.36","grounding_contradicted_or_unrelated","25500.1","grounding_contradicted_or_unrelated","","yamap_2026-02-22_07_32.gpx","高森山・町木山・寒台山・鎧掛山","present_in_stage21","grounding_far_from_candidate","mountain=高森山(#467); candidate=summit-candidate:19ab381ef6c337af; grounding_match=grounding_contradicted_or_unrelated; score=0.36"
"467","高森山","summit-candidate:428f403ddcc5a31a","5","deferred_alternative","0.36","grounding_contradicted_or_unrelated","25585.2","grounding_contradicted_or_unrelated","","yamap_2026-02-22_07_32.gpx","高森山・町木山・寒台山・鎧掛山","present_in_stage21","grounding_far_from_candidate","mountain=高森山(#467); candidate=summit-candidate:428f403ddcc5a31a; grounding_match=grounding_contradicted_or_unrelated; score=0.36"
"467","高森山","summit-candidate:a9b00b48e0c94eab","6","deferred_alternative","0.304","grounding_contradicted_or_unrelated","12140.1","grounding_contradicted_or_unrelated","","yamap_2026-01-31_13_52.gpx","高森山","present_in_stage21","grounding_far_from_candidate","mountain=高森山(#467); candidate=summit-candidate:a9b00b48e0c94eab; grounding_match=grounding_contradicted_or_unrelated; score=0.304"
"467","高森山","summit-candidate:682d61b87016166b","7","deferred_alternative","0.304","grounding_contradicted_or_unrelated","18170.1","grounding_contradicted_or_unrelated","","yamap_2025-03-17_13_17.gpx","高森山","present_in_stage21","grounding_far_from_candidate","mountain=高森山(#467); candidate=summit-candidate:682d61b87016166b; grounding_match=grounding_contradicted_or_unrelated; score=0.304"
"467","高森山","summit-candidate:d03c84134ca0989d","8","deferred_alternative","0.304","grounding_contradicted_or_unrelated","53184.6","grounding_contradicted_or_unrelated","","yamap_2022-01-22_09_04.gpx","高森山・岩伽羅山・衣掛山・吉山(吉山城址)","present_in_stage21","grounding_far_from_candidate","mountain=高森山(#467); candidate=summit-candidate:d03c84134ca0989d; grounding_match=grounding_contradicted_or_unrelated; score=0.304"
"467","高森山","summit-candidate:e7ae682a07af2e10","9","deferred_alternative","0.304","grounding_contradicted_or_unrelated","55697.8","grounding_contradicted_or_unrelated","","yamap_2022-01-22_09_04.gpx","高森山・岩伽羅山・衣掛山・吉山(吉山城址)","present_in_stage21","grounding_far_from_candidate","mountain=高森山(#467); candidate=summit-candidate:e7ae682a07af2e10; grounding_match=grounding_contradicted_or_unrelated; score=0.304"
"469","寒台山","summit-candidate:428f403ddcc5a31a","1","review_deferred_stage21_supported","0.448","grounding_contradicted_or_unrelated","3896","grounding_contradicted_or_unrelated","","yamap_2026-02-22_07_32.gpx","高森山・町木山・寒台山・鎧掛山","present_in_stage21","grounding_far_from_candidate","mountain=寒台山(#469); candidate=summit-candidate:428f403ddcc5a31a; grounding_match=grounding_contradicted_or_unrelated; score=0.448"
"469","寒台山","summit-candidate:7a8dca9b423536f5","2","deferred_alternative","0.36","grounding_contradicted_or_unrelated","2371.6","grounding_contradicted_or_unrelated","","yamap_2026-02-22_07_32.gpx","高森山・町木山・寒台山・鎧掛山","present_in_stage21","grounding_far_from_candidate","mountain=寒台山(#469); candidate=summit-candidate:7a8dca9b423536f5; grounding_match=grounding_contradicted_or_unrelated; score=0.36"
"469","寒台山","summit-candidate:5f31b84e049f61fa","3","deferred_alternative","0.304","grounding_contradicted_or_unrelated","1358.9","grounding_contradicted_or_unrelated","","yamap_2026-02-22_07_32.gpx","高森山・町木山・寒台山・鎧掛山","present_in_stage21","grounding_far_from_candidate","mountain=寒台山(#469); candidate=summit-candidate:5f31b84e049f61fa; grounding_match=grounding_contradicted_or_unrelated; score=0.304"
"469","寒台山","summit-candidate:f55ffb534aa2ae4c","4","deferred_alternative","0.304","grounding_contradicted_or_unrelated","2626.7","grounding_contradicted_or_unrelated","","yamap_2026-02-22_07_32.gpx","高森山・町木山・寒台山・鎧掛山","present_in_stage21","grounding_far_from_candidate","mountain=寒台山(#469); candidate=summit-candidate:f55ffb534aa2ae4c; grounding_match=grounding_contradicted_or_unrelated; score=0.304"
"469","寒台山","summit-candidate:19ab381ef6c337af","5","deferred_alternative","0.304","grounding_contradicted_or_unrelated","3444.1","grounding_contradicted_or_unrelated","","yamap_2026-02-22_07_32.gpx","高森山・町木山・寒台山・鎧掛山","present_in_stage21","grounding_far_from_candidate","mountain=寒台山(#469); candidate=summit-candidate:19ab381ef6c337af; grounding_match=grounding_contradicted_or_unrelated; score=0.304"
"470","鎧掛山","summit-candidate:5f31b84e049f61fa","1","review_deferred_stage21_supported","0.456","grounding_contradicted_or_unrelated","24073.2","grounding_contradicted_or_unrelated","","yamap_2026-02-22_07_32.gpx","高森山・町木山・寒台山・鎧掛山","present_in_stage21","grounding_far_from_candidate","mountain=鎧掛山(#470); candidate=summit-candidate:5f31b84e049f61fa; grounding_match=grounding_contradicted_or_unrelated; score=0.456"
"470","鎧掛山","summit-candidate:f55ffb534aa2ae4c","2","deferred_alternative","0.408","grounding_contradicted_or_unrelated","25950.4","grounding_contradicted_or_unrelated","","yamap_2026-02-22_07_32.gpx","高森山・町木山・寒台山・鎧掛山","present_in_stage21","grounding_far_from_candidate","mountain=鎧掛山(#470); candidate=summit-candidate:f55ffb534aa2ae4c; grounding_match=grounding_contradicted_or_unrelated; score=0.408"
"470","鎧掛山","summit-candidate:428f403ddcc5a31a","3","deferred_alternative","0.36","grounding_contradicted_or_unrelated","26819.7","grounding_contradicted_or_unrelated","","yamap_2026-02-22_07_32.gpx","高森山・町木山・寒台山・鎧掛山","present_in_stage21","grounding_far_from_candidate","mountain=鎧掛山(#470); candidate=summit-candidate:428f403ddcc5a31a; grounding_match=grounding_contradicted_or_unrelated; score=0.36"
"470","鎧掛山","summit-candidate:19ab381ef6c337af","4","deferred_alternative","0.36","grounding_contradicted_or_unrelated","26851.6","grounding_contradicted_or_unrelated","","yamap_2026-02-22_07_32.gpx","高森山・町木山・寒台山・鎧掛山","present_in_stage21","grounding_far_from_candidate","mountain=鎧掛山(#470); candidate=summit-candidate:19ab381ef6c337af; grounding_match=grounding_contradicted_or_unrelated; score=0.36"
"470","鎧掛山","summit-candidate:7a8dca9b423536f5","5","deferred_alternative","0.352","grounding_contradicted_or_unrelated","25188.9","grounding_contradicted_or_unrelated","","yamap_2026-02-22_07_32.gpx","高森山・町木山・寒台山・鎧掛山","present_in_stage21","grounding_far_from_candidate","mountain=鎧掛山(#470); candidate=summit-candidate:7a8dca9b423536f5; grounding_match=grounding_contradicted_or_unrelated; score=0.352"
"473","三傍示山","summit-candidate:78274ad93e160452","1","review_deferred_stage21_supported","0.504","grounding_contradicted_or_unrelated","12264.9","grounding_contradicted_or_unrelated","","yamap_2026-03-01_06_45.gpx","剣ノ山・三傍示山・塩塚峰","present_in_stage21","grounding_far_from_candidate","mountain=三傍示山(#473); candidate=summit-candidate:78274ad93e160452; grounding_match=grounding_contradicted_or_unrelated; score=0.504"
"473","三傍示山","summit-candidate:737ce2580de91527","2","deferred_alternative","0.36","grounding_contradicted_or_unrelated","7420","grounding_contradicted_or_unrelated","","yamap_2026-03-01_06_45.gpx","剣ノ山・三傍示山・塩塚峰","present_in_stage21","grounding_far_from_candidate","mountain=三傍示山(#473); candidate=summit-candidate:737ce2580de91527; grounding_match=grounding_contradicted_or_unrelated; score=0.36"
"473","三傍示山","summit-candidate:0d5802be6f4a6c6e","3","deferred_alternative","0.36","grounding_contradicted_or_unrelated","7918.5","grounding_contradicted_or_unrelated","","yamap_2026-03-01_06_45.gpx","剣ノ山・三傍示山・塩塚峰","present_in_stage21","grounding_far_from_candidate","mountain=三傍示山(#473); candidate=summit-candidate:0d5802be6f4a6c6e; grounding_match=grounding_contradicted_or_unrelated; score=0.36"
"473","三傍示山","summit-candidate:740ae36ed8c63d60","4","deferred_alternative","0.352","grounding_contradicted_or_unrelated","10684","grounding_contradicted_or_unrelated","","yamap_2026-03-01_06_45.gpx","剣ノ山・三傍示山・塩塚峰","present_in_stage21","grounding_far_from_candidate","mountain=三傍示山(#473); candidate=summit-candidate:740ae36ed8c63d60; grounding_match=grounding_contradicted_or_unrelated; score=0.352"
"473","三傍示山","summit-candidate:7a53852cc6c3e971","5","deferred_alternative","0.304","grounding_contradicted_or_unrelated","10145.9","grounding_contradicted_or_unrelated","","yamap_2026-03-01_06_45.gpx","剣ノ山・三傍示山・塩塚峰","present_in_stage21","grounding_far_from_candidate","mountain=三傍示山(#473); candidate=summit-candidate:7a53852cc6c3e971; grounding_match=grounding_contradicted_or_unrelated; score=0.304"
"474","塩塚峰","summit-candidate:737ce2580de91527","1","review_deferred_stage21_supported","0.504","grounding_contradicted_or_unrelated","6637.3","grounding_contradicted_or_unrelated","","yamap_2026-03-01_06_45.gpx","剣ノ山・三傍示山・塩塚峰","present_in_stage21","grounding_far_from_candidate","mountain=塩塚峰(#474); candidate=summit-candidate:737ce2580de91527; grounding_match=grounding_contradicted_or_unrelated; score=0.504"
"474","塩塚峰","summit-candidate:0d5802be6f4a6c6e","2","deferred_alternative","0.408","grounding_contradicted_or_unrelated","7682","grounding_contradicted_or_unrelated","","yamap_2026-03-01_06_45.gpx","剣ノ山・三傍示山・塩塚峰","present_in_stage21","grounding_far_from_candidate","mountain=塩塚峰(#474); candidate=summit-candidate:0d5802be6f4a6c6e; grounding_match=grounding_contradicted_or_unrelated; score=0.408"
"474","塩塚峰","summit-candidate:78274ad93e160452","3","deferred_alternative","0.36","grounding_contradicted_or_unrelated","11545","grounding_contradicted_or_unrelated","","yamap_2026-03-01_06_45.gpx","剣ノ山・三傍示山・塩塚峰","present_in_stage21","grounding_far_from_candidate","mountain=塩塚峰(#474); candidate=summit-candidate:78274ad93e160452; grounding_match=grounding_contradicted_or_unrelated; score=0.36"
"474","塩塚峰","summit-candidate:7a53852cc6c3e971","4","deferred_alternative","0.304","grounding_contradicted_or_unrelated","9671.5","grounding_contradicted_or_unrelated","","yamap_2026-03-01_06_45.gpx","剣ノ山・三傍示山・塩塚峰","present_in_stage21","grounding_far_from_candidate","mountain=塩塚峰(#474); candidate=summit-candidate:7a53852cc6c3e971; grounding_match=grounding_contradicted_or_unrelated; score=0.304"
"474","塩塚峰","summit-candidate:740ae36ed8c63d60","5","deferred_alternative","0.304","grounding_contradicted_or_unrelated","10250.9","grounding_contradicted_or_unrelated","","yamap_2026-03-01_06_45.gpx","剣ノ山・三傍示山・塩塚峰","present_in_stage21","grounding_far_from_candidate","mountain=塩塚峰(#474); candidate=summit-candidate:740ae36ed8c63d60; grounding_match=grounding_contradicted_or_unrelated; score=0.304"
"477","笠松山東峰","summit-candidate:8f25ad4ff380df77","1","review_deferred_stage21_supported","0.456","grounding_contradicted_or_unrelated","2334.3","grounding_contradicted_or_unrelated","","yamap_2026-03-06_09_00.gpx","世田山・笠松山東峰・笠松山","present_in_stage21","grounding_far_from_candidate","mountain=笠松山東峰(#477); candidate=summit-candidate:8f25ad4ff380df77; grounding_match=grounding_contradicted_or_unrelated; score=0.456"
"484","軽ノ山","summit-candidate:084fa7c9e55252dc","1","review_deferred_stage21_supported","0.504","grounding_contradicted_or_unrelated","13052.1","grounding_contradicted_or_unrelated","","yamap_2026-03-11_10_35.gpx","野津子山・軽ノ山","present_in_stage21","grounding_far_from_candidate","mountain=軽ノ山(#484); candidate=summit-candidate:084fa7c9e55252dc; grounding_match=grounding_contradicted_or_unrelated; score=0.504"
"485","野津子山","summit-candidate:084fa7c9e55252dc","1","review_deferred_stage21_supported","0.456","grounding_contradicted_or_unrelated","12642.9","grounding_contradicted_or_unrelated","","yamap_2026-03-11_10_35.gpx","野津子山・軽ノ山","present_in_stage21","grounding_far_from_candidate","mountain=野津子山(#485); candidate=summit-candidate:084fa7c9e55252dc; grounding_match=grounding_contradicted_or_unrelated; score=0.456"
"488","大ノ森","summit-candidate:777bcc5c6ed2c27e","1","review_deferred_stage21_supported","0.504","grounding_contradicted_or_unrelated","16256.8","grounding_contradicted_or_unrelated","","yamap_2026-03-17_06_58.gpx","大ノ森","present_in_stage21","grounding_far_from_candidate","mountain=大ノ森(#488); candidate=summit-candidate:777bcc5c6ed2c27e; grounding_match=grounding_contradicted_or_unrelated; score=0.504"
"490","妙見森","summit-candidate:118b217506eb653f","1","review_deferred_stage21_supported","0.504","grounding_contradicted_or_unrelated","4973.4","grounding_contradicted_or_unrelated","","yamap_2026-03-21_07_01.gpx","雨乞山・妙見森","present_in_stage21","grounding_far_from_candidate","mountain=妙見森(#490); candidate=summit-candidate:118b217506eb653f; grounding_match=grounding_contradicted_or_unrelated; score=0.504"
"490","妙見森","summit-candidate:cad0ade9ddec2b1a","2","deferred_alternative","0.4","grounding_contradicted_or_unrelated","5995.7","grounding_contradicted_or_unrelated","","yamap_2026-03-21_07_01.gpx","雨乞山・妙見森","present_in_stage21","grounding_far_from_candidate","mountain=妙見森(#490); candidate=summit-candidate:cad0ade9ddec2b1a; grounding_match=grounding_contradicted_or_unrelated; score=0.4"
"490","妙見森","summit-candidate:f760bededfedfc09","3","deferred_alternative","0.36","grounding_contradicted_or_unrelated","7418.7","grounding_contradicted_or_unrelated","","yamap_2026-03-21_07_01.gpx","雨乞山・妙見森","present_in_stage21","grounding_far_from_candidate","mountain=妙見森(#490); candidate=summit-candidate:f760bededfedfc09; grounding_match=grounding_contradicted_or_unrelated; score=0.36"
"490","妙見森","summit-candidate:0f61b39e537be0a6","4","deferred_alternative","0.304","grounding_contradicted_or_unrelated","6413.8","grounding_contradicted_or_unrelated","","yamap_2026-03-21_07_01.gpx","雨乞山・妙見森","present_in_stage21","grounding_far_from_candidate","mountain=妙見森(#490); candidate=summit-candidate:0f61b39e537be0a6; grounding_match=grounding_contradicted_or_unrelated; score=0.304"
"493","三郷の辻","summit-candidate:46ab73ee0e06e924","1","review_deferred_stage21_supported","0.504","grounding_contradicted_or_unrelated","14402","grounding_contradicted_or_unrelated","","yamap_2026-04-11_09_14.gpx","三郷の辻","present_in_stage21","grounding_far_from_candidate","mountain=三郷の辻(#493); candidate=summit-candidate:46ab73ee0e06e924; grounding_match=grounding_contradicted_or_unrelated; score=0.504"
"494","権現山","summit-candidate:2011a6c909945d6f","1","review_deferred_stage21_supported","0.456","grounding_contradicted_or_unrelated","13287.5","grounding_contradicted_or_unrelated","","yamap_2026-04-12_11_03.gpx","権現山","present_in_stage21","grounding_far_from_candidate","mountain=権現山(#494); candidate=summit-candidate:2011a6c909945d6f; grounding_match=grounding_contradicted_or_unrelated; score=0.456"
"494","権現山","summit-candidate:c7ac7ff98cacc074","2","deferred_alternative","0.304","grounding_contradicted_or_unrelated","14737.5","grounding_contradicted_or_unrelated","","yamap_2022-10-16_10_19.gpx","楢原山・古権現山・中三方ヶ森","present_in_stage21","grounding_far_from_candidate","mountain=権現山(#494); candidate=summit-candidate:c7ac7ff98cacc074; grounding_match=grounding_contradicted_or_unrelated; score=0.304"
"494","権現山","summit-candidate:0c2609d9e7e31a00","3","deferred_alternative","0.304","grounding_contradicted_or_unrelated","14997.1","grounding_contradicted_or_unrelated","","yamap_2022-10-16_10_19.gpx","楢原山・古権現山・中三方ヶ森","present_in_stage21","grounding_far_from_candidate","mountain=権現山(#494); candidate=summit-candidate:0c2609d9e7e31a00; grounding_match=grounding_contradicted_or_unrelated; score=0.304"
"494","権現山","summit-candidate:bcf5d9d5a90e5cda","4","deferred_alternative","0.304","grounding_contradicted_or_unrelated","15091.1","grounding_contradicted_or_unrelated","","yamap_2022-10-16_10_19.gpx","楢原山・古権現山・中三方ヶ森","present_in_stage21","grounding_far_from_candidate","mountain=権現山(#494); candidate=summit-candidate:bcf5d9d5a90e5cda; grounding_match=grounding_contradicted_or_unrelated; score=0.304"
"494","権現山","summit-candidate:17b2365d322cd022","5","deferred_alternative","0.304","grounding_contradicted_or_unrelated","15304.6","grounding_contradicted_or_unrelated","","yamap_2022-10-16_10_19.gpx","楢原山・古権現山・中三方ヶ森","present_in_stage21","grounding_far_from_candidate","mountain=権現山(#494); candidate=summit-candidate:17b2365d322cd022; grounding_match=grounding_contradicted_or_unrelated; score=0.304"
"494","権現山","summit-candidate:c94d8d76133fda1a","6","deferred_alternative","0.304","grounding_contradicted_or_unrelated","23895.7","grounding_contradicted_or_unrelated","","yamap_2022-02-06_08_26.gpx","谷上山・権現山・白滝山・障子山","present_in_stage21","grounding_far_from_candidate","mountain=権現山(#494); candidate=summit-candidate:c94d8d76133fda1a; grounding_match=grounding_contradicted_or_unrelated; score=0.304"
"494","権現山","summit-candidate:0eff3d1ea2b48d73","7","deferred_alternative","0.304","grounding_contradicted_or_unrelated","23928","grounding_contradicted_or_unrelated","","yamap_2022-02-06_08_26.gpx","谷上山・権現山・白滝山・障子山","present_in_stage21","grounding_far_from_candidate","mountain=権現山(#494); candidate=summit-candidate:0eff3d1ea2b48d73; grounding_match=grounding_contradicted_or_unrelated; score=0.304"
"494","権現山","summit-candidate:2c817617699a0a45","8","deferred_alternative","0.304","grounding_contradicted_or_unrelated","24855.4","grounding_contradicted_or_unrelated","","yamap_2022-02-06_08_26.gpx","谷上山・権現山・白滝山・障子山","present_in_stage21","grounding_far_from_candidate","mountain=権現山(#494); candidate=summit-candidate:2c817617699a0a45; grounding_match=grounding_contradicted_or_unrelated; score=0.304"
"494","権現山","summit-candidate:ea5f711625df386b","9","deferred_alternative","0.304","grounding_contradicted_or_unrelated","25327","grounding_contradicted_or_unrelated","","yamap_2022-02-06_08_26.gpx","谷上山・権現山・白滝山・障子山","present_in_stage21","grounding_far_from_candidate","mountain=権現山(#494); candidate=summit-candidate:ea5f711625df386b; grounding_match=grounding_contradicted_or_unrelated; score=0.304"
"494","権現山","summit-candidate:a0ef25e9a532b62e","10","deferred_alternative","0.304","grounding_contradicted_or_unrelated","26808.6","grounding_contradicted_or_unrelated","","yamap_2022-02-06_08_26.gpx","谷上山・権現山・白滝山・障子山","present_in_stage21","grounding_far_from_candidate","mountain=権現山(#494); candidate=summit-candidate:a0ef25e9a532b62e; grounding_match=grounding_contradicted_or_unrelated; score=0.304"
"494","権現山","summit-candidate:f108570a8e33ce90","11","deferred_alternative","0.304","grounding_contradicted_or_unrelated","34163.8","grounding_contradicted_or_unrelated","","yamap_2023-12-17_07_11.gpx","総津権現山","present_in_stage21","grounding_far_from_candidate","mountain=権現山(#494); candidate=summit-candidate:f108570a8e33ce90; grounding_match=grounding_contradicted_or_unrelated; score=0.304"
"494","権現山","summit-candidate:f2538b7f88e2dd06","12","deferred_alternative","0.304","grounding_contradicted_or_unrelated","41268.3","grounding_contradicted_or_unrelated","","yamap_2024-07-06_10_01.gpx","子持権現山・男山・瓶ヶ森","present_in_stage21","grounding_far_from_candidate","mountain=権現山(#494); candidate=summit-candidate:f2538b7f88e2dd06; grounding_match=grounding_contradicted_or_unrelated; score=0.304"
"494","権現山","summit-candidate:df6b60d513f5518e","13","deferred_alternative","0.304","grounding_contradicted_or_unrelated","41530.9","grounding_contradicted_or_unrelated","","yamap_2024-07-06_10_01.gpx","子持権現山・男山・瓶ヶ森","present_in_stage21","grounding_far_from_candidate","mountain=権現山(#494); candidate=summit-candidate:df6b60d513f5518e; grounding_match=grounding_contradicted_or_unrelated; score=0.304"
"494","権現山","summit-candidate:cf97b8470d2ed1d7","14","deferred_alternative","0.304","grounding_contradicted_or_unrelated","56482.5","grounding_contradicted_or_unrelated","","yamap_2022-11-05_04_38.gpx","権現山・黒岳・エビラ山・二ッ岳","present_in_stage21","grounding_far_from_candidate","mountain=権現山(#494); candidate=summit-candidate:cf97b8470d2ed1d7; grounding_match=grounding_contradicted_or_unrelated; score=0.304"
"494","権現山","summit-candidate:ffa6a88e4e680fd5","15","deferred_alternative","0.304","grounding_contradicted_or_unrelated","57266","grounding_contradicted_or_unrelated","","yamap_2022-11-05_04_38.gpx","権現山・黒岳・エビラ山・二ッ岳","present_in_stage21","grounding_far_from_candidate","mountain=権現山(#494); candidate=summit-candidate:ffa6a88e4e680fd5; grounding_match=grounding_contradicted_or_unrelated; score=0.304"
"494","権現山","summit-candidate:09547fd48f24d064","16","deferred_alternative","0.304","grounding_contradicted_or_unrelated","57881.4","grounding_contradicted_or_unrelated","","yamap_2022-11-05_04_38.gpx","権現山・黒岳・エビラ山・二ッ岳","present_in_stage21","grounding_far_from_candidate","mountain=権現山(#494); candidate=summit-candidate:09547fd48f24d064; grounding_match=grounding_contradicted_or_unrelated; score=0.304"
"494","権現山","summit-candidate:7ef7c15a52318cc9","17","deferred_alternative","0.304","grounding_contradicted_or_unrelated","58795.6","grounding_contradicted_or_unrelated","","yamap_2022-11-05_04_38.gpx","権現山・黒岳・エビラ山・二ッ岳","present_in_stage21","grounding_far_from_candidate","mountain=権現山(#494); candidate=summit-candidate:7ef7c15a52318cc9; grounding_match=grounding_contradicted_or_unrelated; score=0.304"
"494","権現山","summit-candidate:6756239601754708","18","deferred_alternative","0.304","grounding_contradicted_or_unrelated","63259.3","grounding_contradicted_or_unrelated","","yamap_2026-02-14_13_33.gpx","権現山","present_in_stage21","grounding_far_from_candidate","mountain=権現山(#494); candidate=summit-candidate:6756239601754708; grounding_match=grounding_contradicted_or_unrelated; score=0.304"
"494","権現山","summit-candidate:e8b129f70e703be5","19","deferred_alternative","0.304","grounding_contradicted_or_unrelated","86631.9","grounding_contradicted_or_unrelated","","yamap_2026-03-07_11_08.gpx","権現山","present_in_stage21","grounding_far_from_candidate","mountain=権現山(#494); candidate=summit-candidate:e8b129f70e703be5; grounding_match=grounding_contradicted_or_unrelated; score=0.304"
"494","権現山","summit-candidate:84f974876f397da1","20","deferred_alternative","0.304","grounding_contradicted_or_unrelated","92225.1","grounding_contradicted_or_unrelated","","yamap_2024-02-10_13_09.gpx","権現山","present_in_stage21","grounding_far_from_candidate","mountain=権現山(#494); candidate=summit-candidate:84f974876f397da1; grounding_match=grounding_contradicted_or_unrelated; score=0.304"
"494","権現山","summit-candidate:32bb5e7e1071e808","21","deferred_alternative","0.304","grounding_contradicted_or_unrelated","116832.5","grounding_contradicted_or_unrelated","","yamap_2023-01-08_09_18.gpx","権現山","present_in_stage21","grounding_far_from_candidate","mountain=権現山(#494); candidate=summit-candidate:32bb5e7e1071e808; grounding_match=grounding_contradicted_or_unrelated; score=0.304"
"494","権現山","summit-candidate:047b9599ec28c6ad","22","deferred_alternative","0.304","grounding_contradicted_or_unrelated","118344.5","grounding_contradicted_or_unrelated","","yamap_2023-01-08_09_18.gpx","権現山","present_in_stage21","grounding_far_from_candidate","mountain=権現山(#494); candidate=summit-candidate:047b9599ec28c6ad; grounding_match=grounding_contradicted_or_unrelated; score=0.304"
"497","面木山","summit-candidate:d5a6fcb592162088","1","review_deferred_stage21_supported","0.504","grounding_contradicted_or_unrelated","6203","grounding_contradicted_or_unrelated","","yamap_2026-04-29_06_34.gpx","面木山・黒森","present_in_stage21","grounding_far_from_candidate","mountain=面木山(#497); candidate=summit-candidate:d5a6fcb592162088; grounding_match=grounding_contradicted_or_unrelated; score=0.504"
"497","面木山","summit-candidate:c87a377b77c80862","2","deferred_alternative","0.304","grounding_contradicted_or_unrelated","7127","grounding_contradicted_or_unrelated","","yamap_2026-04-29_06_34.gpx","面木山・黒森","present_in_stage21","grounding_far_from_candidate","mountain=面木山(#497); candidate=summit-candidate:c87a377b77c80862; grounding_match=grounding_contradicted_or_unrelated; score=0.304"
"497","面木山","summit-candidate:a96db37bf518f31a","3","deferred_alternative","0.304","grounding_contradicted_or_unrelated","7833.7","grounding_contradicted_or_unrelated","","yamap_2026-04-29_06_34.gpx","面木山・黒森","present_in_stage21","grounding_far_from_candidate","mountain=面木山(#497); candidate=summit-candidate:a96db37bf518f31a; grounding_match=grounding_contradicted_or_unrelated; score=0.304"
"498","黒森","summit-candidate:a96db37bf518f31a","1","review_deferred_stage21_supported","0.448","grounding_contradicted_or_unrelated","7550.6","grounding_contradicted_or_unrelated","","yamap_2026-04-29_06_34.gpx","面木山・黒森","present_in_stage21","grounding_far_from_candidate","mountain=黒森(#498); candidate=summit-candidate:a96db37bf518f31a; grounding_match=grounding_contradicted_or_unrelated; score=0.448"
"498","黒森","summit-candidate:c87a377b77c80862","2","deferred_alternative","0.4","grounding_contradicted_or_unrelated","7037.6","grounding_contradicted_or_unrelated","","yamap_2026-04-29_06_34.gpx","面木山・黒森","present_in_stage21","grounding_far_from_candidate","mountain=黒森(#498); candidate=summit-candidate:c87a377b77c80862; grounding_match=grounding_contradicted_or_unrelated; score=0.4"
"498","黒森","summit-candidate:d5a6fcb592162088","3","deferred_alternative","0.36","grounding_contradicted_or_unrelated","6629.6","grounding_contradicted_or_unrelated","","yamap_2026-04-29_06_34.gpx","面木山・黒森","present_in_stage21","grounding_far_from_candidate","mountain=黒森(#498); candidate=summit-candidate:d5a6fcb592162088; grounding_match=grounding_contradicted_or_unrelated; score=0.36"
"498","黒森","summit-candidate:ccaadb71f8ae2bd1","4","deferred_alternative","0.36","grounding_contradicted_or_unrelated","23261","grounding_contradicted_or_unrelated","","yamap_2022-07-10_07_25.gpx","男山・瓶ヶ森・西黒森","present_in_stage21","grounding_far_from_candidate","mountain=黒森(#498); candidate=summit-candidate:ccaadb71f8ae2bd1; grounding_match=grounding_contradicted_or_unrelated; score=0.36"
"498","黒森","summit-candidate:db28fcca36deb720","5","deferred_alternative","0.36","grounding_contradicted_or_unrelated","23283.8","grounding_contradicted_or_unrelated","","yamap_2022-07-10_07_25.gpx","男山・瓶ヶ森・西黒森","present_in_stage21","grounding_far_from_candidate","mountain=黒森(#498); candidate=summit-candidate:db28fcca36deb720; grounding_match=grounding_contradicted_or_unrelated; score=0.36"
"498","黒森","summit-candidate:dd7a40896ae9f6d4","6","deferred_alternative","0.36","grounding_contradicted_or_unrelated","30704.5","grounding_contradicted_or_unrelated","","yamap_2024-06-08_08_42.gpx","沓掛山・黒森山","present_in_stage21","grounding_far_from_candidate","mountain=黒森(#498); candidate=summit-candidate:dd7a40896ae9f6d4; grounding_match=grounding_contradicted_or_unrelated; score=0.36"
"498","黒森","summit-candidate:40e090ce41a89b55","7","deferred_alternative","0.36","grounding_contradicted_or_unrelated","30728","grounding_contradicted_or_unrelated","","yamap_2024-06-08_08_42.gpx","沓掛山・黒森山","present_in_stage21","grounding_far_from_candidate","mountain=黒森(#498); candidate=summit-candidate:40e090ce41a89b55; grounding_match=grounding_contradicted_or_unrelated; score=0.36"
"498","黒森","summit-candidate:f7593239fa7bdcc9","8","deferred_alternative","0.352","grounding_contradicted_or_unrelated","89962.7","grounding_contradicted_or_unrelated","","yamap_2023-11-19_06_46.gpx","瀬戸黒森・三森・羽子山・観音森","present_in_stage21","grounding_far_from_candidate","mountain=黒森(#498); candidate=summit-candidate:f7593239fa7bdcc9; grounding_match=grounding_contradicted_or_unrelated; score=0.352"
"498","黒森","summit-candidate:924ccfedeb6c2d2c","9","deferred_alternative","0.304","grounding_contradicted_or_unrelated","15453.9","grounding_contradicted_or_unrelated","","yamap_2023-04-04_12_51.gpx","黒森山","present_in_stage21","grounding_far_from_candidate","mountain=黒森(#498); candidate=summit-candidate:924ccfedeb6c2d2c; grounding_match=grounding_contradicted_or_unrelated; score=0.304"
"498","黒森","summit-candidate:f09a1f754bcb761e","10","deferred_alternative","0.304","grounding_contradicted_or_unrelated","24460.6","grounding_contradicted_or_unrelated","","yamap_2022-07-10_07_25.gpx","男山・瓶ヶ森・西黒森","present_in_stage21","grounding_far_from_candidate","mountain=黒森(#498); candidate=summit-candidate:f09a1f754bcb761e; grounding_match=grounding_contradicted_or_unrelated; score=0.304"
"498","黒森","summit-candidate:20f1c44b99e3d708","11","deferred_alternative","0.304","grounding_contradicted_or_unrelated","27388.5","grounding_contradicted_or_unrelated","","yamap_2025-07-06_09_43.gpx","東黒森","present_in_stage21","grounding_far_from_candidate","mountain=黒森(#498); candidate=summit-candidate:20f1c44b99e3d708; grounding_match=grounding_contradicted_or_unrelated; score=0.304"
"498","黒森","summit-candidate:290abf917754fd0b","12","deferred_alternative","0.304","grounding_contradicted_or_unrelated","87222.8","grounding_contradicted_or_unrelated","","yamap_2023-11-19_06_46.gpx","瀬戸黒森・三森・羽子山・観音森","present_in_stage21","grounding_far_from_candidate","mountain=黒森(#498); candidate=summit-candidate:290abf917754fd0b; grounding_match=grounding_contradicted_or_unrelated; score=0.304"
"498","黒森","summit-candidate:b997b8fd6709731d","13","deferred_alternative","0.304","grounding_contradicted_or_unrelated","90671","grounding_contradicted_or_unrelated","","yamap_2023-11-19_06_46.gpx","瀬戸黒森・三森・羽子山・観音森","present_in_stage21","grounding_far_from_candidate","mountain=黒森(#498); candidate=summit-candidate:b997b8fd6709731d; grounding_match=grounding_contradicted_or_unrelated; score=0.304"
"498","黒森","summit-candidate:9a0532ee2b40e5f3","14","deferred_alternative","0.304","grounding_contradicted_or_unrelated","90953.1","grounding_contradicted_or_unrelated","","yamap_2023-11-19_06_46.gpx","瀬戸黒森・三森・羽子山・観音森","present_in_stage21","grounding_far_from_candidate","mountain=黒森(#498); candidate=summit-candidate:9a0532ee2b40e5f3; grounding_match=grounding_contradicted_or_unrelated; score=0.304"
"498","黒森","summit-candidate:cf1cb583d492455c","15","deferred_alternative","0.304","grounding_contradicted_or_unrelated","92328.7","grounding_contradicted_or_unrelated","","yamap_2023-11-19_06_46.gpx","瀬戸黒森・三森・羽子山・観音森","present_in_stage21","grounding_far_from_candidate","mountain=黒森(#498); candidate=summit-candidate:cf1cb583d492455c; grounding_match=grounding_contradicted_or_unrelated; score=0.304"
"501","大森山","summit-candidate:565ba3761956d9b3","1","review_deferred_stage21_supported","0.416","grounding_contradicted_or_unrelated","37661.1","grounding_contradicted_or_unrelated","","yamap_2025-10-11_06_24.gpx","大森山・佐々連尾山・三つ足山","present_in_stage21","grounding_far_from_candidate","mountain=大森山(#501); candidate=summit-candidate:565ba3761956d9b3; grounding_match=grounding_contradicted_or_unrelated; score=0.416"
"501","大森山","summit-candidate:a80dd0489247a839","2","deferred_alternative","0.368","grounding_contradicted_or_unrelated","40802.1","grounding_contradicted_or_unrelated","","yamap_2025-10-11_06_24.gpx","大森山・佐々連尾山・三つ足山","present_in_stage21","grounding_far_from_candidate","mountain=大森山(#501); candidate=summit-candidate:a80dd0489247a839; grounding_match=grounding_contradicted_or_unrelated; score=0.368"
"501","大森山","summit-candidate:b3cf76c035511afe","3","deferred_alternative","0.32","grounding_contradicted_or_unrelated","49353.3","grounding_contradicted_or_unrelated","","yamap_2026-02-22_06_23.gpx","大森山","present_in_stage21","grounding_far_from_candidate","mountain=大森山(#501); candidate=summit-candidate:b3cf76c035511afe; grounding_match=grounding_contradicted_or_unrelated; score=0.32"
"501","大森山","summit-candidate:830c63408bf56cc5","4","deferred_alternative","0.32","grounding_contradicted_or_unrelated","99421.8","grounding_contradicted_or_unrelated","","yamap_2023-01-21_09_56.gpx","大森山","present_in_stage21","grounding_far_from_candidate","mountain=大森山(#501); candidate=summit-candidate:830c63408bf56cc5; grounding_match=grounding_contradicted_or_unrelated; score=0.32"
"505","高山寺山","summit-candidate:101c1b0635c0bec0","1","review_deferred_stage21_supported","0.264","grounding_contradicted_or_unrelated","75689.4","grounding_contradicted_or_unrelated","","yamap_2022-12-25_10_09.gpx","高山","present_in_stage21","grounding_far_from_candidate","mountain=高山寺山(#505); candidate=summit-candidate:101c1b0635c0bec0; grounding_match=grounding_contradicted_or_unrelated; score=0.264"
"506","陣ヶ森","summit-candidate:e084389cc60ad329","1","review_deferred_stage21_supported","0.32","grounding_contradicted_or_unrelated","24182.4","grounding_contradicted_or_unrelated","","yamap_2022-05-05_13_29.gpx","陣ヶ森・前々司山・うなめご","present_in_stage21","grounding_far_from_candidate","mountain=陣ヶ森(#506); candidate=summit-candidate:e084389cc60ad329; grounding_match=grounding_contradicted_or_unrelated; score=0.32"
"506","陣ヶ森","summit-candidate:e7e4429a39f6359f","2","deferred_alternative","0.32","grounding_contradicted_or_unrelated","25233.6","grounding_contradicted_or_unrelated","","yamap_2022-05-05_13_29.gpx","陣ヶ森・前々司山・うなめご","present_in_stage21","grounding_far_from_candidate","mountain=陣ヶ森(#506); candidate=summit-candidate:e7e4429a39f6359f; grounding_match=grounding_contradicted_or_unrelated; score=0.32"
"506","陣ヶ森","summit-candidate:ea6bebee79234da7","3","deferred_alternative","0.32","grounding_contradicted_or_unrelated","25711.1","grounding_contradicted_or_unrelated","","yamap_2022-05-05_13_29.gpx","陣ヶ森・前々司山・うなめご","present_in_stage21","grounding_far_from_candidate","mountain=陣ヶ森(#506); candidate=summit-candidate:ea6bebee79234da7; grounding_match=grounding_contradicted_or_unrelated; score=0.32"
"518","笠松山","summit-candidate:9d5a3bd31bedfeda","1","review_deferred_stage21_supported","0.32","grounding_contradicted_or_unrelated","34380.6","grounding_contradicted_or_unrelated","","yamap_2022-08-26_08_45.gpx","世田山・笠松山","present_in_stage21","grounding_far_from_candidate","mountain=笠松山(#518); candidate=summit-candidate:9d5a3bd31bedfeda; grounding_match=grounding_contradicted_or_unrelated; score=0.32"
"518","笠松山","summit-candidate:8f25ad4ff380df77","2","deferred_alternative","0.32","grounding_contradicted_or_unrelated","34445.5","grounding_contradicted_or_unrelated","","yamap_2026-03-06_09_00.gpx","世田山・笠松山東峰・笠松山","present_in_stage21","grounding_far_from_candidate","mountain=笠松山(#518); candidate=summit-candidate:8f25ad4ff380df77; grounding_match=grounding_contradicted_or_unrelated; score=0.32"
"518","笠松山","summit-candidate:d0f2d4ee46a862c3","3","deferred_alternative","0.32","grounding_contradicted_or_unrelated","34453.2","grounding_contradicted_or_unrelated","","yamap_2022-08-26_08_45.gpx","世田山・笠松山","present_in_stage21","grounding_far_from_candidate","mountain=笠松山(#518); candidate=summit-candidate:d0f2d4ee46a862c3; grounding_match=grounding_contradicted_or_unrelated; score=0.32"
"518","笠松山","summit-candidate:be07cff01023e072","4","deferred_alternative","0.144","grounding_contradicted_or_unrelated","996.5","grounding_contradicted_or_unrelated","","yamap_2023-04-09_09_08.gpx","菊ヶ森・餓鬼ヶ森","present_in_stage21","grounding_far_from_candidate","mountain=笠松山(#518); candidate=summit-candidate:be07cff01023e072; grounding_match=grounding_contradicted_or_unrelated; score=0.144"
