mountain_no,mountain_name,classification,summit_candidate_id,grounding_assisted_candidate_score,grounding_distance_m,grounding_match_status,candidate_lat,candidate_lon,candidate_ele_m,mountain_elevation_m,track_name,grounding_reason_codes
1,関ヶ森,grounding_response_without_coordinate,summit-candidate:a0c35720552a78c8,0.57,,grounding_unavailable,33.8560644,132.8432176,573.7066666666666,592,関ヶ森・観音山・倉谷山・芝ヶ峠,grounding_response_without_coordinate
2,観音山,grounding_response_without_coordinate,summit-candidate:cb62a56e70cedbce,0.57,,grounding_unavailable,33.8382073,132.8403915,495.64000000000004,518,関ヶ森・観音山・倉谷山・芝ヶ峠,grounding_response_without_coordinate
4,岩伽羅山,grounding_response_without_coordinate,summit-candidate:e7ae682a07af2e10,0.57,,grounding_unavailable,33.8423734,132.8811963,719.2533333333334,696,高森山・岩伽羅山・衣掛山・吉山(吉山城址),grounding_response_without_coordinate
5,衣掛山,grounding_response_without_coordinate,summit-candidate:d03c84134ca0989d,0.45,,grounding_unavailable,33.8192567,132.8731185,306.31,463,高森山・岩伽羅山・衣掛山・吉山(吉山城址),grounding_response_without_coordinate
6,吉山(吉山城址),grounding_response_without_coordinate,summit-candidate:d03c84134ca0989d,0.51,,grounding_unavailable,33.8192567,132.8731185,306.31,262,高森山・岩伽羅山・衣掛山・吉山(吉山城址),grounding_response_without_coordinate
7,尾ノ峰,grounding_response_without_coordinate,summit-candidate:36e3ac8003e8b5d0,0.63,,grounding_unavailable,33.9989521,132.785492,190.94333333333336,193,尾ノ峰・新城山・腰折山・恵良山,grounding_response_without_coordinate
8,新城山,grounding_response_without_coordinate,summit-candidate:ac7a1ebef52ea30c,0.63,,grounding_unavailable,33.9926561,132.7813592,156.4466666666667,161,尾ノ峰・新城山・腰折山・恵良山,grounding_response_without_coordinate
9,腰折山,grounding_response_without_coordinate,summit-candidate:d6b806525709cc22,0.63,,grounding_unavailable,33.9932805,132.7899177,206.86333333333332,213,尾ノ峰・新城山・腰折山・恵良山,grounding_response_without_coordinate
10,恵良山,grounding_response_without_coordinate,summit-candidate:40260be41579ab8f,0.63,,grounding_unavailable,33.9922702,132.7992645,299.12666666666667,302,尾ノ峰・新城山・腰折山・恵良山,grounding_response_without_coordinate
11,皿ヶ森,grounding_response_without_coordinate,summit-candidate:59c561a08189d6b9,0.63,,grounding_unavailable,33.8233656,132.9413939,630.2399999999999,633,皿ヶ森・経座ヶ森・ヨソ山,grounding_response_without_coordinate
12,経座ヶ森,grounding_response_without_coordinate,summit-candidate:59c561a08189d6b9,0.45,,grounding_unavailable,33.8233656,132.9413939,630.2399999999999,735,皿ヶ森・経座ヶ森・ヨソ山,grounding_response_without_coordinate
13,谷上山,grounding_response_without_coordinate,summit-candidate:0eff3d1ea2b48d73,0.63,,grounding_unavailable,33.7351844,132.7317786,456.90483803547824,455,谷上山・権現山・白滝山・障子山,grounding_response_without_coordinate
14,権現山,grounding_response_without_coordinate,summit-candidate:2c817617699a0a45,0.63,,grounding_unavailable,33.7235493,132.7563447,485.20803085647475,479,谷上山・権現山・白滝山・障子山,grounding_response_without_coordinate
15,白滝山,grounding_response_without_coordinate,summit-candidate:ea5f711625df386b,0.63,,grounding_unavailable,33.7190577,132.7591133,510.2597700981308,504,谷上山・権現山・白滝山・障子山,grounding_response_without_coordinate
16,障子山,grounding_response_without_coordinate,summit-candidate:a0ef25e9a532b62e,0.56,,grounding_unavailable,33.7052794,132.7652806,888.5027304594954,885,谷上山・権現山・白滝山・障子山,grounding_response_without_coordinate
17,伽藍山,grounding_response_without_coordinate,summit-candidate:da46e12c02d47edf,0.63,,grounding_unavailable,33.401877,132.1168226,413.7400702411658,414,佐田岬と伽藍山,grounding_response_without_coordinate
18,塩ヶ森,grounding_response_without_coordinate,summit-candidate:0c210f0edfbda06f,0.63,,grounding_unavailable,33.7794142,132.9091359,522.6766666666666,526,塩ヶ森・番駄ヶ森・ケタ山・大磨山・鍵山（象ヶ森）,grounding_response_without_coordinate
19,番駄ヶ森,grounding_response_without_coordinate,summit-candidate:a637fbc518f58ac5,0.63,,grounding_unavailable,33.7736953,132.9019215,600.8033333333334,605,塩ヶ森・番駄ヶ森・ケタ山・大磨山・鍵山（象ヶ森）,grounding_response_without_coordinate
20,ケタ山,grounding_response_without_coordinate,summit-candidate:24dc6cf37ce4e715,0.57,,grounding_unavailable,33.7661685,132.9049612,646.4833333333332,659,塩ヶ森・番駄ヶ森・ケタ山・大磨山・鍵山（象ヶ森）,grounding_response_without_coordinate
21,大磨山,grounding_response_without_coordinate,summit-candidate:24dc6cf37ce4e715,0.63,,grounding_unavailable,33.7661685,132.9049612,646.4833333333332,648,塩ヶ森・番駄ヶ森・ケタ山・大磨山・鍵山（象ヶ森）,grounding_response_without_coordinate
22,鍵山（象ヶ森）,grounding_response_without_coordinate,summit-candidate:c2491268ea5645b7,0.63,,grounding_unavailable,33.7502454,132.9097454,801.5633333333334,804,塩ヶ森・番駄ヶ森・ケタ山・大磨山・鍵山（象ヶ森）,grounding_response_without_coordinate
23,天神山,grounding_response_without_coordinate,summit-candidate:543b4550a3ef3e87,0.63,,grounding_unavailable,33.8634835,132.7695824,195.11333333333334,200,天神山・御幸寺山,grounding_response_without_coordinate
24,御幸寺山,grounding_response_without_coordinate,summit-candidate:e4808690532bb46c,0.63,,grounding_unavailable,33.85598,132.7730493,158.70333333333335,165,天神山・御幸寺山,grounding_response_without_coordinate
25,愛宕山,grounding_response_without_coordinate,summit-candidate:d9391b001d4bc442,0.63,,grounding_unavailable,33.8494454,132.7983769,120.82333333333334,115,愛宕山・常光寺山,grounding_response_without_coordinate
26,常光寺山,grounding_response_without_coordinate,summit-candidate:d9391b001d4bc442,0.63,,grounding_unavailable,33.8494454,132.7983769,120.82333333333334,124,愛宕山・常光寺山,grounding_response_without_coordinate
27,杉立山,grounding_response_without_coordinate,summit-candidate:17c3649ad9b147ce,0.21,,grounding_unavailable,33.4376592,132.6335849,665.1833333333333,669,御在所山,grounding_response_without_coordinate
28,岩柄山,grounding_response_without_coordinate,summit-candidate:7d7066baad9d7077,0.28,,grounding_unavailable,33.8922068,132.8273765,505.77666666666664,507,奥之城山・ヌタノサコ,grounding_response_without_coordinate
29,高山,grounding_response_without_coordinate,summit-candidate:8ff6361109e5ed5c,0.45,,grounding_unavailable,33.9651048,132.6367544,121.16666666666667,463,高山・大里山・泰ノ山,grounding_response_without_coordinate
30,勝岡山,grounding_response_without_coordinate,summit-candidate:43911aa413390192,0.28,,grounding_unavailable,33.9200756,132.807533,449.0333333333333,453,横山(横山城址),grounding_response_without_coordinate
31,西山,grounding_response_without_coordinate,summit-candidate:bdfa250c89c1ca90,0.63,,grounding_unavailable,33.8865639,132.7116504,168.98333333333335,172,西山・経ヶ森・岩子山・護摩ヶ森,grounding_response_without_coordinate
32,岩子山,grounding_response_without_coordinate,summit-candidate:23c112538ef91e0d,0.57,,grounding_unavailable,33.8831745,132.7109537,195.95000000000002,181,西山・経ヶ森・岩子山・護摩ヶ森,grounding_response_without_coordinate
33,経ヶ森,grounding_response_without_coordinate,summit-candidate:23c112538ef91e0d,0.63,,grounding_unavailable,33.8831745,132.7109537,195.95000000000002,200,西山・経ヶ森・岩子山・護摩ヶ森,grounding_response_without_coordinate
34,護摩ヶ森,grounding_response_without_coordinate,summit-candidate:bdfa250c89c1ca90,0.63,,grounding_unavailable,33.8865639,132.7116504,168.98333333333335,170,西山・経ヶ森・岩子山・護摩ヶ森,grounding_response_without_coordinate
35,御岳山,grounding_response_without_coordinate,summit-candidate:54cf4155ab259d9d,0.63,,grounding_unavailable,33.7480679,132.8711955,430.59999999999997,438,御岳山,grounding_response_without_coordinate
36,石槌山,grounding_response_without_coordinate,summit-candidate:0cc40babcd0ce6bf,0.21,,grounding_unavailable,34.0273223,133.5919989,261.15000000000003,252,弥八山,grounding_response_without_coordinate
37,日王山,grounding_response_without_coordinate,summit-candidate:2011a6c909945d6f,0.28,,grounding_unavailable,33.8390197,132.7201785,102.87,109,権現山,grounding_response_without_coordinate
38,重茂山,grounding_response_without_coordinate,summit-candidate:468c5bbccd8aba53,0.28,,grounding_unavailable,34.212287,133.0867989,300.6033333333333,291,宝股山,grounding_response_without_coordinate
39,花木山,grounding_response_without_coordinate,summit-candidate:fbd725fc8006e2c8,0.63,,grounding_unavailable,34.0752611,132.9233053,50.49,53,花木山,grounding_response_without_coordinate
40,ヌタノサコ,grounding_response_without_coordinate,summit-candidate:7d7066baad9d7077,0.63,,grounding_unavailable,33.8922068,132.8273765,505.77666666666664,514,奥之城山・ヌタノサコ,grounding_response_without_coordinate
41,城山,grounding_response_without_coordinate,summit-candidate:c1f175d0616be696,0.63,,grounding_unavailable,33.6968367,132.7954997,589.8691282114027,592,城山・水梨山・向山,grounding_response_without_coordinate
42,水梨山,grounding_response_without_coordinate,summit-candidate:0a765b89058b256b,0.63,,grounding_unavailable,33.6808914,132.7938736,734.4240556679409,729,城山・水梨山・向山,grounding_response_without_coordinate
43,向山,grounding_response_without_coordinate,summit-candidate:07834c521328cc1d,0.57,,grounding_unavailable,33.6848511,132.7812374,707.7550916004999,683,城山・水梨山・向山,grounding_response_without_coordinate
44,稔山,grounding_response_without_coordinate,summit-candidate:622b899de76208ef,0.63,,grounding_unavailable,33.8609206,132.9700981,911.0766666666667,917,稔山,grounding_response_without_coordinate
45,菊ヶ森,grounding_response_without_coordinate,summit-candidate:ab8cf0f07d2a219d,0.63,,grounding_unavailable,33.859723,132.8152899,145.66,151,菊ヶ森,grounding_response_without_coordinate
46,道後山,grounding_response_without_coordinate,summit-candidate:7c680b0eed0187fa,0.63,,grounding_unavailable,33.8556124,132.7933144,221.10333333333332,224,道後山,grounding_response_without_coordinate
47,倉谷山,grounding_response_without_coordinate,summit-candidate:aba609f471e97e4a,0.57,,grounding_unavailable,33.837858,132.8256729,405.40333333333336,420,倉谷山・芝ヶ峠・淡路ヶ峠・宝ヶ峯,grounding_response_without_coordinate
48,芝ヶ峠,grounding_response_without_coordinate,summit-candidate:079ae30d76fb11c2,0.63,,grounding_unavailable,33.8265074,132.8167326,280.85333333333335,282,倉谷山・芝ヶ峠・淡路ヶ峠・宝ヶ峯,grounding_response_without_coordinate
49,大久保山,grounding_far_from_all_candidates,summit-candidate:5aff666aa93b3a17,0.504,20910.7,grounding_contradicted_or_unrelated,33.8841169,132.7626522,181.12,175,大久保山・八里ヶ峠・中坂山・天神山・室岡山・潮見山,grounding_far_from_candidate
50,八里ヶ峠,grounding_far_from_all_candidates,summit-candidate:5aff666aa93b3a17,0.504,16798.9,grounding_contradicted_or_unrelated,33.8841169,132.7626522,181.12,182,大久保山・八里ヶ峠・中坂山・天神山・室岡山・潮見山,grounding_far_from_candidate
51,中坂山,grounding_response_without_coordinate,summit-candidate:452c10a1db199870,0.57,,grounding_unavailable,33.8773459,132.7614769,76.83333333333333,98,大久保山・八里ヶ峠・中坂山・天神山・室岡山・潮見山,grounding_response_without_coordinate
52,天神山,grounding_far_from_all_candidates,summit-candidate:452c10a1db199870,0.456,31645.9,grounding_contradicted_or_unrelated,33.8773459,132.7614769,76.83333333333333,47,大久保山・八里ヶ峠・中坂山・天神山・室岡山・潮見山,grounding_far_from_candidate
53,室岡山,grounding_far_from_all_candidates,summit-candidate:452c10a1db199870,0.408,32142.4,grounding_contradicted_or_unrelated,33.8773459,132.7614769,76.83333333333333,42,大久保山・八里ヶ峠・中坂山・天神山・室岡山・潮見山,grounding_far_from_candidate
54,潮見山,grounding_far_from_all_candidates,summit-candidate:3259dfe3d9ce60c5,0.456,21518.8,grounding_contradicted_or_unrelated,33.816673,132.8428244,152.25333333333333,123,明神山・潮見山,grounding_far_from_candidate
55,明神山,grounding_far_from_all_candidates,summit-candidate:3259dfe3d9ce60c5,0.504,20629.9,grounding_contradicted_or_unrelated,33.816673,132.8428244,152.25333333333333,161,明神山・潮見山,grounding_far_from_candidate
56,潮見山,grounding_response_without_coordinate,summit-candidate:45439217573adfc4,0.63,,grounding_unavailable,33.8188713,132.8530104,210.93999999999997,214,明神山・潮見山,grounding_response_without_coordinate
57,十門山(十門城址),grounding_response_without_coordinate,summit-candidate:a94564816fd4afff,0.63,,grounding_unavailable,33.8503146,132.9103674,676.7066666666667,683,十門山(十門城址)・ヨソ山,grounding_response_without_coordinate
58,ヨソ山,grounding_far_from_all_candidates,summit-candidate:555fd1e3be8780dd,0.448,2787.1,grounding_contradicted_or_unrelated,33.8408635,132.9292547,923.8766666666667,928,十門山(十門城址)・ヨソ山,grounding_far_from_candidate
59,忽那山,grounding_response_without_coordinate,summit-candidate:daa8d4127fc92552,0.63,,grounding_unavailable,33.8441067,132.7004302,42.296666666666674,45,忽那山,grounding_response_without_coordinate
60,鬼ヶ城山,grounding_response_without_coordinate,summit-candidate:7ceb76663c2bb81b,0.63,,grounding_unavailable,33.1905947,132.6094331,1155.4333072605007,1151,鬼ヶ城山・大久保山・八面山・三本杭・横ノ森・小屋ヶ森・毛山,grounding_response_without_coordinate
61,三本杭,grounding_response_without_coordinate,summit-candidate:babbcdf7bbd23463,0.63,,grounding_unavailable,33.1878433,132.6355525,1222.4936499541386,1226,鬼ヶ城山・大久保山・八面山・三本杭・横ノ森・小屋ヶ森・毛山,grounding_response_without_coordinate
62,八面山,grounding_response_without_coordinate,summit-candidate:27c1036d4aa2230e,0.63,,grounding_unavailable,33.1812975,132.6194355,1167.5519282683324,1166,鬼ヶ城山・大久保山・八面山・三本杭・横ノ森・小屋ヶ森・毛山,grounding_response_without_coordinate
63,大久保山,grounding_far_from_all_candidates,summit-candidate:7ceb76663c2bb81b,0.504,97808.8,grounding_contradicted_or_unrelated,33.1905947,132.6094331,1155.4333072605007,1155,鬼ヶ城山・大久保山・八面山・三本杭・横ノ森・小屋ヶ森・毛山,grounding_far_from_candidate
64,大月山,grounding_response_without_coordinate,summit-candidate:9a68e7a3a97831ff,0.63,,grounding_unavailable,33.92961,132.8476038,950.6066666666666,953,大月山・高縄山,grounding_response_without_coordinate
65,引地山,grounding_far_from_all_candidates,summit-candidate:7a1f0e8b5f9e5cc2,0.304,2691.3,grounding_contradicted_or_unrelated,33.7157017,132.8951897,1277.043085490437,1027,皿ヶ嶺・引地山,grounding_far_from_candidate
66,東三方ヶ森,grounding_far_from_all_candidates,summit-candidate:d06b9d5365beffaa,0.504,2568,grounding_contradicted_or_unrelated,33.9025981,132.959899,1229.5033333333333,1233,東三方ヶ森,grounding_far_from_candidate
67,甲が森,grounding_response_without_coordinate,summit-candidate:50d68ea03af3c4ff,0.63,,grounding_unavailable,33.3884297,132.7572928,456.7219376700282,451,甲が森,grounding_response_without_coordinate
68,三滝山,grounding_response_without_coordinate,summit-candidate:da65a16f23740e83,0.63,,grounding_unavailable,33.4130019,132.7969092,646.7704243218062,642,三滝山,grounding_response_without_coordinate
69,雨包山,grounding_response_without_coordinate,summit-candidate:6198ad7009d86ec2,0.63,,grounding_unavailable,33.4536468,132.8065716,1117.4867674520622,1111,雨包山,grounding_response_without_coordinate
70,源氏ヶ駄場（薊野峰）,grounding_response_without_coordinate,summit-candidate:e85b9bd32eb5e6f1,0.57,,grounding_unavailable,33.4721185,132.8658682,1415.7321709473536,1403,源氏ヶ駄場（薊野峰）,grounding_response_without_coordinate
71,碁石ヶ森,grounding_far_from_all_candidates,summit-candidate:ee9d736a090185dd,0.504,23432,grounding_contradicted_or_unrelated,33.4823808,132.8861266,1188.1187548490348,1183,碁石ヶ森,grounding_far_from_candidate
72,伊之子山,grounding_far_from_all_candidates,summit-candidate:15c71a530dcecd2e,0.36,5901,grounding_contradicted_or_unrelated,33.9189905,132.9253476,943.7166666666667,872,伊之子山・左谷ノ森,grounding_far_from_candidate
73,御在所山,grounding_far_from_all_candidates,summit-candidate:61f36127d879648f,0.504,5576,grounding_contradicted_or_unrelated,33.3438869,132.7560391,911.8788921966252,915,御在所山,grounding_far_from_candidate
74,岩黒山,grounding_far_from_all_candidates,summit-candidate:591204fdc01b55b6,0.504,3104.1,grounding_contradicted_or_unrelated,33.7507578,133.1571706,1749.5652002309682,1746,岩黒山・筒上山・手箱山,grounding_far_from_candidate
75,筒上山,grounding_far_from_all_candidates,summit-candidate:71b10e23075edf20,0.504,4701.1,grounding_contradicted_or_unrelated,33.732243,133.160912,1863.226432016608,1860,岩黒山・筒上山・手箱山,grounding_far_from_candidate
76,手箱山,grounding_far_from_all_candidates,summit-candidate:43f9d4fa36aabb79,0.448,5722.6,grounding_contradicted_or_unrelated,33.7288641,133.1784766,1808.4700055808014,1806,岩黒山・筒上山・手箱山,grounding_far_from_candidate
77,大川嶺,grounding_far_from_all_candidates,summit-candidate:1ebd63d8e2790409,0.504,1225.1,grounding_contradicted_or_unrelated,33.5604174,132.9270238,1532.1452947696732,1525,大川嶺・笠取山・ウバホド山,grounding_far_from_candidate
78,笠取山,grounding_far_from_all_candidates,summit-candidate:33637f0e3b5b1405,0.504,1431,grounding_contradicted_or_unrelated,33.5552593,132.9223115,1567.7094910140197,1562,大川嶺・笠取山・ウバホド山,grounding_far_from_candidate
79,ウバホド山,grounding_far_from_all_candidates,summit-candidate:1ebd63d8e2790409,0.36,2309.1,grounding_contradicted_or_unrelated,33.5604174,132.9270238,1532.1452947696732,1482,大川嶺・笠取山・ウバホド山,grounding_far_from_candidate
80,うなめご,fallback_review_required,summit-candidate:e7e4429a39f6359f,0.666,101.7,weak_grounding_nearby,33.7306327,132.9237927,1250.17,1284,陣ヶ森・前々司山・うなめご,
81,前々司山,grounding_far_from_all_candidates,summit-candidate:e7e4429a39f6359f,0.504,1203.6,grounding_contradicted_or_unrelated,33.7306327,132.9237927,1250.17,1253,陣ヶ森・前々司山・うなめご,grounding_far_from_candidate
82,陣ヶ森,fallback_review_required,summit-candidate:25e47e34740282d2,0.6,218.7,weak_grounding_nearby,33.7336817,132.9534746,1313.3500000000001,1207,割石峠山・石墨山・法師山・白猪山・根無山・樽谷山・梅ヶ谷山,
83,寒川山,grounding_far_from_all_candidates,summit-candidate:2f7dbee4c5bde53e,0.36,4761.7,grounding_contradicted_or_unrelated,33.9280045,133.4790952,1251.9766666666667,817,寒川山・鋸山・七々木山・豊受山・赤星山,grounding_far_from_candidate
84,豊受山,grounding_far_from_all_candidates,summit-candidate:2f7dbee4c5bde53e,0.504,2208.3,grounding_contradicted_or_unrelated,33.9280045,133.4790952,1251.9766666666667,1247,寒川山・鋸山・七々木山・豊受山・赤星山,grounding_far_from_candidate
85,赤星山,grounding_response_without_coordinate,summit-candidate:db51ae1b2be57eea,0.63,,grounding_unavailable,33.9193511,133.4578173,1451.0833333333333,1453,寒川山・鋸山・七々木山・豊受山・赤星山,grounding_response_without_coordinate
86,七々木山,grounding_far_from_all_candidates,summit-candidate:2f7dbee4c5bde53e,0.36,1537.5,grounding_contradicted_or_unrelated,33.9280045,133.4790952,1251.9766666666667,1145,寒川山・鋸山・七々木山・豊受山・赤星山,grounding_far_from_candidate
87,鋸山,grounding_far_from_all_candidates,summit-candidate:2f7dbee4c5bde53e,0.36,3232.1,grounding_contradicted_or_unrelated,33.9280045,133.4790952,1251.9766666666667,1017,寒川山・鋸山・七々木山・豊受山・赤星山,grounding_far_from_candidate
90,割石東山,grounding_response_without_coordinate,summit-candidate:4b33f9c73e644793,0.63,,grounding_unavailable,33.7587783,132.9928848,1076.4162189328617,1074,割石東山・青滝山・堂ヶ森,grounding_response_without_coordinate
91,青滝山,grounding_far_from_all_candidates,summit-candidate:242762a3c600ff91,0.504,14948,grounding_contradicted_or_unrelated,33.7620048,133.0352237,1301.993333333333,1303,割石東山・青滝山・堂ヶ森,grounding_far_from_candidate
92,堂ヶ森,grounding_response_without_coordinate,summit-candidate:bb644412fd9a132c,0.63,,grounding_unavailable,33.7557226,133.066955,1682.5333333333335,1689,割石東山・青滝山・堂ヶ森,grounding_response_without_coordinate
93,南尖峰,grounding_far_from_all_candidates,summit-candidate:3b98b67bbe0fe0f9,0.448,1767.3,grounding_contradicted_or_unrelated,33.7675949,133.1152818,1979.1701508543217,1982,石鎚山・天狗岳・南尖峰,grounding_far_from_candidate
94,自念子ノ頭,grounding_response_without_coordinate,summit-candidate:6b5100f449c22108,0.56,,grounding_unavailable,33.7805717,133.2216507,1698.7424939329492,1702,自念子ノ頭,grounding_response_without_coordinate
95,勝山,grounding_response_without_coordinate,summit-candidate:91cacd7deced8470,0.63,,grounding_unavailable,33.844404,132.7665578,129.4799661552467,131,勝山,grounding_response_without_coordinate
96,姫草,grounding_far_from_all_candidates,summit-candidate:dc456a72b89d4d52,0.504,21433.1,grounding_contradicted_or_unrelated,33.4707047,132.8970608,1272.03184660662,1274,姫草,grounding_far_from_candidate
97,牛城,grounding_far_from_all_candidates,summit-candidate:c7ff156edb321d12,0.448,21437.8,grounding_contradicted_or_unrelated,33.4674336,132.9161606,1345.4997959227253,1342,牛城,grounding_far_from_candidate
98,積善山,grounding_response_without_coordinate,summit-candidate:76a5e492c9dcf980,0.56,,grounding_unavailable,34.2566278,133.1474902,363.7359939346231,370,積善山,grounding_response_without_coordinate
99,鉢巻山,grounding_far_from_all_candidates,summit-candidate:c4169cdcaf61f31a,0.448,2841.1,grounding_contradicted_or_unrelated,34.2604083,133.178604,132.84324070749756,142,鉢巻山,grounding_far_from_candidate
100,立石山,fallback_review_required,summit-candidate:50aa5073a99759cf,0.736,331.5,far_grounding_candidate,34.280645,133.1726806,133.6903994266386,139,立石山,grounding_municipality_mismatch
101,鷲ヶ頭山,fallback_review_required,summit-candidate:159deb385560c198,0.736,363.8,far_grounding_candidate,34.2396526,133.0209828,436.9143046126708,436,安神山・鷲ヶ頭山,grounding_municipality_mismatch
102,安神山,grounding_far_from_all_candidates,summit-candidate:159deb385560c198,0.304,1677.1,grounding_contradicted_or_unrelated,34.2396526,133.0209828,436.9143046126708,267,安神山・鷲ヶ頭山,grounding_far_from_candidate
103,篠山,grounding_far_from_all_candidates,summit-candidate:c8a7a1f1d1dad353,0.504,10046.5,grounding_contradicted_or_unrelated,33.0558602,132.6590657,1061.6229039079428,1065,篠山,grounding_far_from_candidate
104,横山(横山城址),grounding_response_without_coordinate,summit-candidate:43911aa413390192,0.63,,grounding_unavailable,33.9200756,132.807533,449.0333333333333,453,横山(横山城址),grounding_response_without_coordinate
105,鞍瀬ノ頭,grounding_far_from_all_candidates,summit-candidate:846b096132c533d6,0.448,5289,grounding_contradicted_or_unrelated,33.7578996,133.086527,1879.8966666666665,1889,石鎚山・西ノ冠岳・面河の頭・二ノ森・鞍瀬ノ頭,grounding_far_from_candidate
106,二ノ森,grounding_far_from_all_candidates,summit-candidate:bca203164e26ce6a,0.448,4759,grounding_contradicted_or_unrelated,33.7585064,133.093322,1924.4866666666667,1930,石鎚山・西ノ冠岳・面河の頭・二ノ森・鞍瀬ノ頭,grounding_far_from_candidate
107,面河の頭,grounding_far_from_all_candidates,summit-candidate:846b096132c533d6,0.4,2934.6,grounding_contradicted_or_unrelated,33.7578996,133.086527,1879.8966666666665,1866,石鎚山・西ノ冠岳・面河の頭・二ノ森・鞍瀬ノ頭,grounding_far_from_candidate
108,西ノ冠岳,grounding_far_from_all_candidates,summit-candidate:846b096132c533d6,0.4,2554.4,grounding_contradicted_or_unrelated,33.7578996,133.086527,1879.8966666666665,1890,石鎚山・西ノ冠岳・面河の頭・二ノ森・鞍瀬ノ頭,grounding_far_from_candidate
109,西黒森,grounding_far_from_all_candidates,summit-candidate:db28fcca36deb720,0.408,2643.5,grounding_contradicted_or_unrelated,33.7943958,133.1932944,1892.6599999999999,1861,男山・瓶ヶ森・西黒森,grounding_far_from_candidate
110,小富士,grounding_far_from_all_candidates,summit-candidate:75832271d4e4d0ba,0.448,1177.8,grounding_contradicted_or_unrelated,33.8816318,132.6714828,281.5,282,小富士,grounding_far_from_candidate
111,龍石山,grounding_response_without_coordinate,summit-candidate:5f001ac124f82ef6,0.21,,grounding_unavailable,33.8685926,132.7153244,41.080000000000005,32,西港山・大丸山・港山,grounding_response_without_coordinate
112,子持山,grounding_response_without_coordinate,summit-candidate:93b30125fa1dcd57,0.38,,grounding_unavailable,33.8920646,132.6706697,62.39020293366199,123,子持山（頂上にたどり着けず）,grounding_response_without_coordinate
113,大峰ヶ台,grounding_response_without_coordinate,summit-candidate:8de328f982753d58,0.57,,grounding_unavailable,33.8440521,132.7412572,117.91000000000001,141,大峰ヶ台,grounding_response_without_coordinate
114,世田山,grounding_far_from_all_candidates,summit-candidate:8f25ad4ff380df77,0.504,2198.4,grounding_contradicted_or_unrelated,33.9820342,133.0334752,346.8866666666666,339,世田山・笠松山東峰・笠松山,grounding_far_from_candidate
115,笠松山,fallback_review_required,summit-candidate:9d5a3bd31bedfeda,0.504,1293.2,grounding_contradicted_or_unrelated,33.9792546,133.0397832,356.6686284540569,357,世田山・笠松山,grounding_far_from_candidate
116,北三方ヶ森,grounding_coordinate_conflict,summit-candidate:80368eea9aabeb96,0.5,,grounding_unavailable,33.9503258,132.8887705,964.82,978,北三方ヶ森,grounding_coordinate_conflict
117,大友山,grounding_coordinate_conflict,summit-candidate:2b56d4ad77a0c4b7,0.63,,grounding_unavailable,33.7484344,132.8072111,404.05,407,大友山,grounding_coordinate_conflict
119,寒風山,grounding_coordinate_conflict,summit-candidate:23eea13de5db5c9f,0.56,,grounding_unavailable,33.8116552,133.2616339,1758.0533333333333,1762,寒風山・笹ヶ峰・ちち山,grounding_coordinate_conflict
120,ちち山,grounding_coordinate_conflict,summit-candidate:453327d51d16e202,0.63,,grounding_unavailable,33.8318164,133.2841218,1850.97,1855,丸山・ちち山・笹ヶ峰,grounding_coordinate_conflict
121,笹ヶ峰,grounding_coordinate_conflict,summit-candidate:453327d51d16e202,0.63,,grounding_unavailable,33.8318164,133.2841218,1850.97,1860,丸山・ちち山・笹ヶ峰,grounding_coordinate_conflict
122,松軒山,grounding_coordinate_conflict,summit-candidate:51a919059b1a6dbb,0.28,,grounding_unavailable,33.0306132,132.399974,194.63,190,由良山,grounding_coordinate_conflict
123,三山,grounding_coordinate_conflict,summit-candidate:35b464661fa62df9,0.56,,grounding_unavailable,34.2803533,133.2279632,323.2966666666667,325,三山,grounding_coordinate_conflict
124,伊勢山,grounding_response_without_coordinate,summit-candidate:bd145a45a7d01b99,0.56,,grounding_unavailable,34.2687521,133.1998766,52.94,57,伊勢山,grounding_response_without_coordinate
125,久司山,grounding_response_without_coordinate,summit-candidate:507809fc1a4b9e4e,0.56,,grounding_unavailable,34.2444484,133.2061963,136.67,142,久司山,grounding_response_without_coordinate
126,石灰山,grounding_coordinate_conflict,summit-candidate:4d0f5f75da9165b8,0.38,,grounding_unavailable,34.2665635,133.2120741,269.75333333333333,216,石灰山・古法皇山,grounding_coordinate_conflict
127,古法皇山,grounding_response_without_coordinate,summit-candidate:4d0f5f75da9165b8,0.56,,grounding_unavailable,34.2665635,133.2120741,269.75333333333333,279,石灰山・古法皇山,grounding_response_without_coordinate
128,狩江権現山,grounding_coordinate_conflict,summit-candidate:32bb5e7e1071e808,0.37,,grounding_unavailable,32.9252175,132.4855806,497.2277182534487,464,権現山,grounding_coordinate_conflict
129,極山,grounding_coordinate_conflict,summit-candidate:ef5127a689eaf48a,0.63,,grounding_unavailable,33.3425963,132.4607227,559.4133333333333,561,極山,grounding_coordinate_conflict
130,高文殊山,grounding_response_without_coordinate,summit-candidate:3a1a951de82d4254,0.63,,grounding_unavailable,34.0131705,133.6055034,227.89170104701893,221,高文殊山,grounding_response_without_coordinate
131,三本榎,grounding_response_without_coordinate,summit-candidate:8251283605282249,0.56,,grounding_unavailable,34.2867345,132.9886798,246.47333333333336,256,三本榎,grounding_response_without_coordinate
132,鏡山,grounding_coordinate_conflict,summit-candidate:588c967023117267,0.5,,grounding_unavailable,34.2634531,132.9718171,201.48000000000002,212,鏡山,grounding_coordinate_conflict
133,戸祇御前山,grounding_response_without_coordinate,summit-candidate:7bda9ba8d2b47d6e,0.63,,grounding_unavailable,33.2788845,132.7701055,947.3511063301806,946,戸祇御前山,grounding_response_without_coordinate
134,雄甲山,grounding_coordinate_conflict,summit-candidate:82d3009a6c1b2511,0.57,,grounding_unavailable,33.9465786,132.799306,218.9593458353185,239,雄甲山・雌甲山,grounding_coordinate_conflict
135,雌甲山,grounding_coordinate_conflict,summit-candidate:82d3009a6c1b2511,0.57,,grounding_unavailable,33.9465786,132.799306,218.9593458353185,189,雄甲山・雌甲山,grounding_coordinate_conflict
136,泉ガ森,grounding_coordinate_conflict,summit-candidate:ff0e7de3b62f5ed8,0.56,,grounding_unavailable,33.2597751,132.6071981,760.3519951848507,755,泉ガ森,grounding_coordinate_conflict
137,東山,grounding_coordinate_conflict,summit-candidate:124ae25a51aa9a64,0.38,,grounding_unavailable,33.7589522,133.0444754,1256.8500000000001,1392,割石東山・青滝山・堂ヶ森,grounding_coordinate_conflict
138,前赤石山,grounding_response_without_coordinate,summit-candidate:2b7cce23b57844a5,0.57,,grounding_unavailable,33.8752971,133.3737015,1699.1266666666668,1677,東山・西赤石山・物住頭・前赤石山・東赤石山・八巻山,grounding_response_without_coordinate
139,黒崎山,grounding_response_without_coordinate,summit-candidate:541ec86327b86307,0.44,,grounding_unavailable,33.8763934,132.685607,89.01666666666667,57,黒崎山,grounding_response_without_coordinate
140,高戸山,grounding_coordinate_conflict,summit-candidate:aadeb26cf0359691,0.56,,grounding_unavailable,33.9054103,132.6682142,112.67333333333333,115,高戸山,grounding_coordinate_conflict
141,犬吠山,grounding_coordinate_conflict,summit-candidate:cc3fbb2358d0d4fc,0.56,,grounding_unavailable,33.9183794,132.6903824,120.40666666666665,124,犬吠山,grounding_coordinate_conflict
142,泰の山,grounding_coordinate_conflict,summit-candidate:c7de309bf838af87,0.56,,grounding_unavailable,33.9108676,132.6865172,111.76333333333332,115,泰の山,grounding_coordinate_conflict
143,中三方ヶ森,grounding_response_without_coordinate,summit-candidate:17b2365d322cd022,0.57,,grounding_unavailable,33.9071584,132.9439167,1212.63,1229,楢原山・古権現山・中三方ヶ森,grounding_response_without_coordinate
144,古権現山,grounding_response_without_coordinate,summit-candidate:0c2609d9e7e31a00,0.63,,grounding_unavailable,33.9279339,132.945849,1012.4166666666666,1003,楢原山・古権現山・中三方ヶ森,grounding_response_without_coordinate
145,楢原山,grounding_response_without_coordinate,summit-candidate:c7ac7ff98cacc074,0.63,,grounding_unavailable,33.9400809,132.9443333,1037.9733333333334,1041,楢原山・古権現山・中三方ヶ森,grounding_response_without_coordinate
146,西港山,grounding_response_without_coordinate,summit-candidate:bf2b3499e08da2df,0.63,,grounding_unavailable,33.8685514,132.7112215,47.879999999999995,52,西港山・大丸山・港山,grounding_response_without_coordinate
147,大丸山,grounding_coordinate_conflict,summit-candidate:a9a2a270fb6273fe,0.57,,grounding_unavailable,33.8724674,132.7108146,63.77666666666667,76,西港山・大丸山・港山,grounding_coordinate_conflict
148,港山,grounding_coordinate_conflict,summit-candidate:5f001ac124f82ef6,0.63,,grounding_unavailable,33.8685926,132.7153244,41.080000000000005,42,西港山・大丸山・港山,grounding_coordinate_conflict
149,すくも山,grounding_coordinate_conflict,summit-candidate:40d5b4863907057a,0.21,,grounding_unavailable,33.3437391,132.0161535,50.463046185756546,41,佐田岬と伽藍山,grounding_coordinate_conflict
150,愛ノ山,grounding_coordinate_conflict,summit-candidate:f676e5a22f523492,0.57,,grounding_unavailable,33.8924606,133.0391092,211.39459610568747,198,愛ノ山,grounding_coordinate_conflict
151,冨士山,grounding_response_without_coordinate,summit-candidate:9d447faef6efe2ab,0.57,,grounding_unavailable,33.5090382,132.5604,335.74500437341317,320,冨士山,grounding_response_without_coordinate
152,割石峠山,grounding_coordinate_conflict,summit-candidate:45f2c6fc88212acd,0.57,,grounding_unavailable,33.7504959,132.9904187,1059.54,1037,割石峠山・石墨山・法師山・白猪山・根無山・樽谷山・梅ヶ谷山,grounding_coordinate_conflict
153,石墨山,grounding_coordinate_conflict,summit-candidate:9f01494435790d72,0.5,,grounding_unavailable,33.7341084,132.9846838,1437.8266666666666,1456,割石峠山・石墨山・法師山・白猪山・根無山・樽谷山・梅ヶ谷山,grounding_coordinate_conflict
154,法師山,grounding_coordinate_conflict,summit-candidate:25e47e34740282d2,0.63,,grounding_unavailable,33.7336817,132.9534746,1313.3500000000001,1310,割石峠山・石墨山・法師山・白猪山・根無山・樽谷山・梅ヶ谷山,grounding_coordinate_conflict
155,白猪山,grounding_coordinate_conflict,summit-candidate:5cb1fa3d9dcf60f5,0.51,,grounding_unavailable,33.7477413,132.9624107,1237.0966666666666,1202,割石峠山・石墨山・法師山・白猪山・根無山・樽谷山・梅ヶ谷山,grounding_coordinate_conflict
156,梅ヶ谷山,grounding_coordinate_conflict,summit-candidate:25e47e34740282d2,0.63,,grounding_unavailable,33.7336817,132.9534746,1313.3500000000001,1316,割石峠山・石墨山・法師山・白猪山・根無山・樽谷山・梅ヶ谷山,grounding_coordinate_conflict
157,樽谷山,grounding_coordinate_conflict,summit-candidate:16e9de2bedeb2d1c,0.63,,grounding_unavailable,33.7433387,132.9562696,1252.3999999999999,1255,割石峠山・石墨山・法師山・白猪山・根無山・樽谷山・梅ヶ谷山,grounding_coordinate_conflict
158,根無山,grounding_coordinate_conflict,summit-candidate:5cb1fa3d9dcf60f5,0.63,,grounding_unavailable,33.7477413,132.9624107,1237.0966666666666,1241,割石峠山・石墨山・法師山・白猪山・根無山・樽谷山・梅ヶ谷山,grounding_coordinate_conflict
159,権現山,grounding_coordinate_conflict,summit-candidate:cf97b8470d2ed1d7,0.63,,grounding_unavailable,33.8793374,133.3915368,1584.2533333333333,1594,権現山・黒岳・エビラ山・二ッ岳,grounding_coordinate_conflict
160,黒岳,grounding_coordinate_conflict,summit-candidate:ffa6a88e4e680fd5,0.63,,grounding_unavailable,33.8869696,133.4012543,1626.996666666667,1636,権現山・黒岳・エビラ山・二ッ岳,grounding_coordinate_conflict
161,エビラ山,grounding_coordinate_conflict,summit-candidate:09547fd48f24d064,0.63,,grounding_unavailable,33.8858865,133.4078131,1672.3333333333333,1673,権現山・黒岳・エビラ山・二ッ岳,grounding_coordinate_conflict
162,二ッ岳,grounding_coordinate_conflict,summit-candidate:09547fd48f24d064,0.57,,grounding_unavailable,33.8858865,133.4078131,1672.3333333333333,1647,権現山・黒岳・エビラ山・二ッ岳,grounding_coordinate_conflict
163,鹿島山,grounding_response_without_coordinate,summit-candidate:e4fbd033b13d73ce,0.57,,grounding_unavailable,33.9739877,132.7641726,99.19338457582633,114,鹿島山,grounding_response_without_coordinate
164,出石山,grounding_coordinate_conflict,summit-candidate:615a70cf4401199b,0.57,,grounding_unavailable,33.5350475,132.4654448,822.6353431394673,812,出石山,grounding_coordinate_conflict
165,綱繰山,grounding_coordinate_conflict,summit-candidate:53d0e375c60814f6,0.63,,grounding_unavailable,33.8537021,133.3199199,1457.99,1466,銅山峰・西山・綱繰山・獅子舞の鼻・冠山・平家平,grounding_coordinate_conflict
166,獅子舞の鼻,grounding_coordinate_conflict,summit-candidate:53d0e375c60814f6,0.57,,grounding_unavailable,33.8537021,133.3199199,1457.99,1482,銅山峰・西山・綱繰山・獅子舞の鼻・冠山・平家平,grounding_coordinate_conflict
167,冠山,grounding_coordinate_conflict,summit-candidate:006436491de34784,0.63,,grounding_unavailable,33.8159575,133.3107033,1729.61,1731,銅山峰・西山・綱繰山・獅子舞の鼻・冠山・平家平,grounding_coordinate_conflict
168,遠ヶ森,grounding_coordinate_conflict,summit-candidate:02fa4cfab6fa90d3,0.63,,grounding_unavailable,33.7134297,132.824108,731.4733333333334,728,遠ヶ森,grounding_coordinate_conflict
169,扇山,grounding_response_without_coordinate,summit-candidate:9acc21860aa8a208,0.63,,grounding_unavailable,33.7680114,132.779871,192.99666666666667,200,扇山,grounding_response_without_coordinate
170,高山,grounding_far_from_all_candidates,summit-candidate:101c1b0635c0bec0,0.504,2835.3,grounding_contradicted_or_unrelated,34.1144302,132.9156361,131.66666666666666,135,高山,grounding_far_from_candidate
173,近見山,grounding_response_without_coordinate,summit-candidate:d5b708b4d3aa86a0,0.63,,grounding_unavailable,34.0853958,132.9709549,239.86,244,近見山,grounding_response_without_coordinate
174,唐子山,grounding_response_without_coordinate,summit-candidate:71f4bbfe52f75585,0.63,,grounding_unavailable,34.0274965,133.032579,108.91779584922217,105,唐子山,grounding_response_without_coordinate
175,医王山,grounding_far_from_all_candidates,summit-candidate:1ed32ce6414c2781,0.504,7829.3,grounding_contradicted_or_unrelated,33.9801287,133.0507842,98.37666666666667,100,医王山,grounding_far_from_candidate
179,天山,grounding_far_from_all_candidates,summit-candidate:ea18d38abe59ed57,0.456,4866.1,grounding_contradicted_or_unrelated,33.8438046,132.7313169,67.89666666666668,51,岩子山・垣生山・津田山・弁天山,grounding_far_from_candidate
180,東山,grounding_far_from_all_candidates,summit-candidate:2b7cce23b57844a5,0.36,7157.5,grounding_contradicted_or_unrelated,33.8752971,133.3737015,1699.1266666666668,1392,東山・西赤石山・物住頭・前赤石山・東赤石山・八巻山,grounding_far_from_candidate
181,星岡山,fallback_review_required,summit-candidate:5c9365b2a5a9c97f,0.778,465.2,far_grounding_candidate,33.8164872,132.787544,69.03333333333333,75,星岡山,
182,河原樋山,grounding_far_from_all_candidates,summit-candidate:b1d864fd1fcc9dcb,0.504,19172.8,grounding_contradicted_or_unrelated,33.8717799,132.8815633,860.4766666666668,864,福見山・河原樋山・真松嶺・柿王寺森,grounding_far_from_candidate
183,真松嶺,grounding_far_from_all_candidates,summit-candidate:74dd1729abbd7bb5,0.504,19620.7,grounding_contradicted_or_unrelated,33.8887442,132.8659698,538.9699999999999,548,福見山・河原樋山・真松嶺・柿王寺森,grounding_far_from_candidate
184,柿王寺森,grounding_far_from_all_candidates,summit-candidate:74dd1729abbd7bb5,0.504,19178,grounding_contradicted_or_unrelated,33.8887442,132.8659698,538.9699999999999,545,福見山・河原樋山・真松嶺・柿王寺森,grounding_far_from_candidate
185,岩子山,fallback_review_required,summit-candidate:45f49d8fd831427c,0.7,237,weak_grounding_nearby,33.8362547,132.7147629,110.77666666666669,111,岩子山・垣生山・津田山・弁天山,
186,垣生山,grounding_far_from_all_candidates,summit-candidate:45f49d8fd831427c,0.504,797.9,grounding_contradicted_or_unrelated,33.8362547,132.7147629,110.77666666666669,118,岩子山・垣生山・津田山・弁天山,grounding_far_from_candidate
187,津田山,grounding_far_from_all_candidates,summit-candidate:45f49d8fd831427c,0.504,1192.4,grounding_contradicted_or_unrelated,33.8362547,132.7147629,110.77666666666669,110,岩子山・垣生山・津田山・弁天山,grounding_far_from_candidate
188,弁天山,grounding_far_from_all_candidates,summit-candidate:8178723bbadb1c72,0.504,2565.2,grounding_contradicted_or_unrelated,33.8442998,132.7151969,123.67,130,岩子山・垣生山・津田山・弁天山,grounding_far_from_candidate
189,権現山,grounding_response_without_coordinate,summit-candidate:32bb5e7e1071e808,0.63,,grounding_unavailable,32.9252175,132.4855806,497.2277182534487,491,権現山,grounding_response_without_coordinate
190,黒瀬山（黒瀬城址）,grounding_far_from_all_candidates,summit-candidate:8a7a47d167c1aba6,0.504,1011.7,grounding_contradicted_or_unrelated,33.3556223,132.5138567,349.4466666666667,341,黒瀬山(黒瀬城址)・岡山(岡山城址)・鉢ヶ森(鉢ヶ森城址)・護摩ヶ森(護摩ヶ森城址)・我合山(...,grounding_far_from_candidate
191,岡山（岡城址）,grounding_far_from_all_candidates,summit-candidate:8a7a47d167c1aba6,0.316,1900.9,grounding_contradicted_or_unrelated,33.3556223,132.5138567,349.4466666666667,360,黒瀬山(黒瀬城址)・岡山(岡山城址)・鉢ヶ森(鉢ヶ森城址)・護摩ヶ森(護摩ヶ森城址)・我合山(...,grounding_far_from_candidate
192,鉢ヶ森（鉢ヶ森城址）,grounding_response_without_coordinate,summit-candidate:a660f8ef78c69ab0,0.63,,grounding_unavailable,33.3548241,132.5023048,432.21000000000004,434,黒瀬山(黒瀬城址)・岡山(岡山城址)・鉢ヶ森(鉢ヶ森城址)・護摩ヶ森(護摩ヶ森城址)・我合山(...,grounding_response_without_coordinate
193,護摩ヶ森（護摩ヶ森城址）,grounding_response_without_coordinate,summit-candidate:a5f51c62e44d0847,0.63,,grounding_unavailable,33.3541563,132.5087392,379.3966666666667,380,黒瀬山(黒瀬城址)・岡山(岡山城址)・鉢ヶ森(鉢ヶ森城址)・護摩ヶ森(護摩ヶ森城址)・我合山(...,grounding_response_without_coordinate
194,我合山（我合城址）,fallback_review_required,summit-candidate:8a7a47d167c1aba6,0.673,441.6,far_grounding_candidate,33.3556223,132.5138567,349.4466666666667,350,黒瀬山(黒瀬城址)・岡山(岡山城址)・鉢ヶ森(鉢ヶ森城址)・護摩ヶ森(護摩ヶ森城址)・我合山(...,
195,由良山,grounding_far_from_all_candidates,summit-candidate:8f19c4c16e72e270,0.504,11048.9,grounding_contradicted_or_unrelated,33.0229168,132.387323,243.4,249,由良山,grounding_far_from_candidate
196,大森山,grounding_far_from_all_candidates,summit-candidate:830c63408bf56cc5,0.504,15631.4,grounding_contradicted_or_unrelated,33.4134474,132.1753954,289.2,291,大森山,grounding_far_from_candidate
198,権現山,grounding_far_from_all_candidates,summit-candidate:047b9599ec28c6ad,0.448,65258.2,grounding_contradicted_or_unrelated,32.9109139,132.4871509,368.9381628408408,375,権現山,grounding_far_from_candidate
199,遠見山,fallback_review_required,summit-candidate:40d5b4863907057a,0.6,248.8,weak_grounding_nearby,33.3437391,132.0161535,50.463046185756546,130,佐田岬と伽藍山,
200,石神山,grounding_far_from_all_candidates,summit-candidate:47129c06b82cf694,0.504,3725.9,grounding_contradicted_or_unrelated,33.4533154,132.27344,295.1133333333334,303,石神山・金比羅山,grounding_far_from_candidate
201,金比羅山,grounding_response_without_coordinate,summit-candidate:c6ced2088a2376f5,0.57,,grounding_unavailable,33.4565633,132.2726227,225.95666666666668,203,石神山・金比羅山,grounding_response_without_coordinate
202,鳥越山,fallback_review_required,summit-candidate:c7de309bf838af87,0.532,399.9,far_grounding_candidate,33.9108676,132.6865172,111.76333333333332,100,泰の山,
203,谷田山,grounding_far_from_all_candidates,summit-candidate:ab7edbc3a52d24bf,0.456,5477.9,grounding_contradicted_or_unrelated,33.8919295,132.7535894,58.70666666666667,78,谷田山・金毘羅山,grounding_far_from_candidate
204,金毘羅山,grounding_far_from_all_candidates,summit-candidate:ab7edbc3a52d24bf,0.456,5771.1,grounding_contradicted_or_unrelated,33.8919295,132.7535894,58.70666666666667,41,谷田山・金毘羅山,grounding_far_from_candidate
205,佐古田山,grounding_far_from_all_candidates,summit-candidate:cf6802c2dafdbf46,0.456,6124.1,grounding_contradicted_or_unrelated,33.8941455,132.7646371,59.99333333333334,77,佐古田山,grounding_far_from_candidate
206,古城山,grounding_far_from_all_candidates,summit-candidate:1432f597b5dca157,0.36,5892.4,grounding_contradicted_or_unrelated,33.9038632,132.7837316,253.17333333333332,202,古城山・尾崎山,grounding_far_from_candidate
207,尾崎山,grounding_far_from_all_candidates,summit-candidate:1432f597b5dca157,0.504,6966.8,grounding_contradicted_or_unrelated,33.9038632,132.7837316,253.17333333333332,260,古城山・尾崎山,grounding_far_from_candidate
208,宝ヶ峯,grounding_supported_but_map_check_recommended,summit-candidate:b9e78d4a587ceaa0,0.895,95.4,strong_grounding_nearby,33.8349112,132.8127369,278.7366666666667,284,倉谷山・芝ヶ峠・淡路ヶ峠・宝ヶ峯,
209,淡路ヶ峠,grounding_far_from_all_candidates,summit-candidate:079ae30d76fb11c2,0.504,950.3,grounding_contradicted_or_unrelated,33.8265074,132.8167326,280.85333333333335,273,倉谷山・芝ヶ峠・淡路ヶ峠・宝ヶ峯,grounding_far_from_candidate
210,福見山,fallback_review_required,summit-candidate:d03c84134ca0989d,0.6,203.6,weak_grounding_nearby,33.8192567,132.8731185,306.31,1051,高森山・岩伽羅山・衣掛山・吉山(吉山城址),
211,明神ヶ森,grounding_far_from_all_candidates,summit-candidate:83f3af0488659ac8,0.448,6709.6,grounding_contradicted_or_unrelated,33.8940921,132.9178729,1212.2866666666666,1217,福見山・明神ヶ森・南三方ヶ森・魚谷森・左谷ノ森,grounding_far_from_candidate
212,南三方ヶ森,grounding_far_from_all_candidates,summit-candidate:5b124255339c0714,0.448,3193.7,grounding_contradicted_or_unrelated,33.9046499,132.9247864,1147.7433333333333,1156,福見山・明神ヶ森・南三方ヶ森・魚谷森・左谷ノ森,grounding_far_from_candidate
213,魚谷森,grounding_far_from_all_candidates,summit-candidate:0ff024bf702c13bb,0.36,11211.8,grounding_contradicted_or_unrelated,33.9266494,132.924009,927.3133333333334,1005,福見山・明神ヶ森・南三方ヶ森・魚谷森・左谷ノ森,grounding_far_from_candidate
214,左谷ノ森,grounding_far_from_all_candidates,summit-candidate:0ff024bf702c13bb,0.504,12716.5,grounding_contradicted_or_unrelated,33.9266494,132.924009,927.3133333333334,932,福見山・明神ヶ森・南三方ヶ森・魚谷森・左谷ノ森,grounding_far_from_candidate
215,真城ヶ台,grounding_response_without_coordinate,summit-candidate:6d533e458b56f1d6,0.63,,grounding_unavailable,33.7246538,132.8569052,583.6133333333333,587,真城ヶ台,grounding_response_without_coordinate
216,千羽ヶ岳,grounding_response_without_coordinate,summit-candidate:afd70dd670366e77,0.63,,grounding_unavailable,33.8312843,132.9832873,406.43,412,千羽ヶ岳,grounding_response_without_coordinate
217,皿ヶ嶺,grounding_far_from_all_candidates,summit-candidate:7a1f0e8b5f9e5cc2,0.504,770.8,grounding_contradicted_or_unrelated,33.7157017,132.8951897,1277.043085490437,1278,皿ヶ嶺・引地山,grounding_far_from_candidate
218,えんとつ山,grounding_far_from_all_candidates,summit-candidate:339138a4e53293da,0.36,3610.5,grounding_contradicted_or_unrelated,33.9047167,133.3174422,571.1733333333333,127,えんとつ山・生子山・犬返・種子川山・西赤石山・物住頭・上兜山・下兜山,grounding_far_from_candidate
219,生子山,grounding_far_from_all_candidates,summit-candidate:339138a4e53293da,0.36,3733.5,grounding_contradicted_or_unrelated,33.9047167,133.3174422,571.1733333333333,301,えんとつ山・生子山・犬返・種子川山・西赤石山・物住頭・上兜山・下兜山,grounding_far_from_candidate
220,犬返,grounding_far_from_all_candidates,summit-candidate:339138a4e53293da,0.504,3921.6,grounding_contradicted_or_unrelated,33.9047167,133.3174422,571.1733333333333,576,えんとつ山・生子山・犬返・種子川山・西赤石山・物住頭・上兜山・下兜山,grounding_far_from_candidate
221,種子川山,grounding_far_from_all_candidates,summit-candidate:339138a4e53293da,0.408,3485.3,grounding_contradicted_or_unrelated,33.9047167,133.3174422,571.1733333333333,539,えんとつ山・生子山・犬返・種子川山・西赤石山・物住頭・上兜山・下兜山,grounding_far_from_candidate
222,西赤石山,fallback_review_required,summit-candidate:473a62086144ac33,0.504,3086.4,grounding_contradicted_or_unrelated,33.8755645,133.3400675,1619.846666666667,1626,えんとつ山・生子山・犬返・種子川山・西赤石山・物住頭・上兜山・下兜山,grounding_far_from_candidate
223,物住頭,fallback_review_required,summit-candidate:53d0e375c60814f6,0.6,238,weak_grounding_nearby,33.8537021,133.3199199,1457.99,1635,銅山峰・西山・綱繰山・獅子舞の鼻・冠山・平家平,
224,上兜山,grounding_far_from_all_candidates,summit-candidate:339138a4e53293da,0.36,5485,grounding_contradicted_or_unrelated,33.9047167,133.3174422,571.1733333333333,1559,えんとつ山・生子山・犬返・種子川山・西赤石山・物住頭・上兜山・下兜山,grounding_far_from_candidate
225,下兜山,grounding_response_without_coordinate,summit-candidate:4311f3ae9948ea08,0.63,,grounding_unavailable,33.8989598,133.3586627,1239.3733333333334,1234,えんとつ山・生子山・犬返・種子川山・西赤石山・物住頭・上兜山・下兜山,grounding_response_without_coordinate
226,黒森山,grounding_far_from_all_candidates,summit-candidate:924ccfedeb6c2d2c,0.448,15932.7,grounding_contradicted_or_unrelated,33.6897024,132.8493405,1151.5666666666666,1154,黒森山,grounding_far_from_candidate
227,菊ヶ森,grounding_far_from_all_candidates,summit-candidate:2a670286f545beb2,0.504,4341.2,grounding_contradicted_or_unrelated,33.6772505,132.9121114,910.6433333333334,914,菊ヶ森・餓鬼ヶ森,grounding_far_from_candidate
228,餓鬼ヶ森,grounding_response_without_coordinate,summit-candidate:be07cff01023e072,0.63,,grounding_unavailable,33.6908158,132.9052102,950.8066666666667,954,菊ヶ森・餓鬼ヶ森,grounding_response_without_coordinate
229,船野山,grounding_response_without_coordinate,summit-candidate:7880c9d0de83468b,0.51,,grounding_unavailable,33.8031315,132.9547814,452.99666666666667,412,船野山,grounding_response_without_coordinate
230,木久ヶ森,grounding_far_from_all_candidates,summit-candidate:9669b668bebfc145,0.36,14683.2,grounding_contradicted_or_unrelated,33.9017492,132.9949732,811.0092135228584,752,黒滝山・木久ヶ森,grounding_far_from_candidate
231,黒滝山,grounding_far_from_all_candidates,summit-candidate:9669b668bebfc145,0.504,15479.2,grounding_contradicted_or_unrelated,33.9017492,132.9949732,811.0092135228584,809,黒滝山・木久ヶ森,grounding_far_from_candidate
232,奥之城山,grounding_response_without_coordinate,summit-candidate:ea33d870d4700a56,0.63,,grounding_unavailable,33.8778648,132.8306597,414.2866666666667,420,奥之城山・ヌタノサコ,grounding_response_without_coordinate
233,天狗岳,fallback_review_required,summit-candidate:22e40e9eb117a033,0.46,379.5,far_grounding_candidate,33.7513188,133.1115977,1519.8633333333335,1982,面河山,
234,石鎚山,fallback_review_required,summit-candidate:22e40e9eb117a033,0.6,129.4,weak_grounding_nearby,33.7513188,133.1115977,1519.8633333333335,1972,面河山,
235,善神山,grounding_far_from_all_candidates,summit-candidate:367897a1c7a2d287,0.504,10647.7,grounding_contradicted_or_unrelated,33.737749,132.9184402,1089.5833333333333,1094,前善神山・善神山,grounding_far_from_candidate
236,前善神山,grounding_far_from_all_candidates,summit-candidate:367897a1c7a2d287,0.456,9996.5,grounding_contradicted_or_unrelated,33.737749,132.9184402,1089.5833333333333,1070,前善神山・善神山,grounding_far_from_candidate
237,五葉が森,grounding_far_from_all_candidates,summit-candidate:9488d92d9ea95406,0.504,2551.1,grounding_contradicted_or_unrelated,33.9483028,132.9785604,837.212880782981,841,五葉が森,grounding_far_from_candidate
238,冠岳,grounding_far_from_all_candidates,summit-candidate:b73a23fa4b3abc39,0.504,19163.6,grounding_contradicted_or_unrelated,33.728215,133.1156537,1375.6266666666668,1380,冠岳,grounding_far_from_candidate
239,東赤石山,grounding_far_from_all_candidates,summit-candidate:2b7cce23b57844a5,0.456,2777.2,grounding_contradicted_or_unrelated,33.8752971,133.3737015,1699.1266666666668,1710,東山・西赤石山・物住頭・前赤石山・東赤石山・八巻山,grounding_far_from_candidate
240,八巻山,grounding_far_from_all_candidates,summit-candidate:2b7cce23b57844a5,0.504,3927.2,grounding_contradicted_or_unrelated,33.8752971,133.3737015,1699.1266666666668,1698,東山・西赤石山・物住頭・前赤石山・東赤石山・八巻山,grounding_far_from_candidate
241,ベツソ山,grounding_far_from_all_candidates,summit-candidate:dba931625b34d9ac,0.408,7170.6,grounding_contradicted_or_unrelated,33.741489,132.7329923,313.21999999999997,266,ベツソ山・歯朶谷山,grounding_far_from_candidate
242,歯朶谷山,grounding_far_from_all_candidates,summit-candidate:dba931625b34d9ac,0.504,7584,grounding_contradicted_or_unrelated,33.741489,132.7329923,313.21999999999997,314,ベツソ山・歯朶谷山,grounding_far_from_candidate
243,丸山,grounding_response_without_coordinate,summit-candidate:2670057d58a25475,0.63,,grounding_unavailable,33.9725881,132.924821,616.4333333333334,624,丸山,grounding_response_without_coordinate
244,二ノ岳,grounding_far_from_all_candidates,summit-candidate:b58470f57bb41331,0.448,26102.8,grounding_contradicted_or_unrelated,33.8130309,133.154101,1152.69,1156,二ノ岳・高森,grounding_far_from_candidate
245,高森,grounding_far_from_all_candidates,summit-candidate:5771cdd191c3861d,0.448,33133.6,grounding_contradicted_or_unrelated,33.8259035,133.1757371,1351.1733333333334,1360,二ノ岳・高森,grounding_far_from_candidate
246,四辻ノ森,grounding_response_without_coordinate,summit-candidate:d659f1dc6e5fa0b5,0.63,,grounding_unavailable,33.6584439,133.0393458,1206.9212487152886,1201,四辻ノ森・三光ノ辻山,grounding_response_without_coordinate
247,三光ノ辻山,grounding_response_without_coordinate,summit-candidate:c4504025c94f843c,0.63,,grounding_unavailable,33.6609688,133.0432584,1215.0715256104047,1215,四辻ノ森・三光ノ辻山,grounding_response_without_coordinate
248,瀬戸黒森,grounding_far_from_all_candidates,summit-candidate:290abf917754fd0b,0.504,2711.7,grounding_contradicted_or_unrelated,33.0633959,132.6373234,972.6666666666666,976,瀬戸黒森・三森・羽子山・観音森,grounding_far_from_candidate
249,羽子山,grounding_response_without_coordinate,summit-candidate:9a0532ee2b40e5f3,0.63,,grounding_unavailable,33.0274144,132.6396303,725.5,730,瀬戸黒森・三森・羽子山・観音森,grounding_response_without_coordinate
250,観音森,grounding_response_without_coordinate,summit-candidate:cf1cb583d492455c,0.63,,grounding_unavailable,33.0210963,132.6156053,784.9416257231666,779,瀬戸黒森・三森・羽子山・観音森,grounding_response_without_coordinate
251,三森,grounding_response_without_coordinate,summit-candidate:f7593239fa7bdcc9,0.63,,grounding_unavailable,33.0409924,132.624637,864.3133333333334,867,瀬戸黒森・三森・羽子山・観音森,grounding_response_without_coordinate
252,総津権現山,grounding_response_without_coordinate,summit-candidate:f108570a8e33ce90,0.63,,grounding_unavailable,33.6386291,132.7905473,437.40333333333336,440,総津権現山,grounding_response_without_coordinate
254,平岡山(平岡城址),grounding_far_from_all_candidates,summit-candidate:1d97e1955af85092,0.504,7645.6,grounding_contradicted_or_unrelated,33.7116367,132.7230323,417.80228626332246,414,平岡山(平岡城址) ,grounding_far_from_candidate
255,竜門山,grounding_far_from_all_candidates,summit-candidate:64a47ed9c06f56d5,0.504,8413,grounding_contradicted_or_unrelated,33.9577565,133.0133542,430.9866666666667,439,竜門山・大黒山,grounding_far_from_candidate
256,大黒山,grounding_far_from_all_candidates,summit-candidate:64a47ed9c06f56d5,0.36,10221.8,grounding_contradicted_or_unrelated,33.9577565,133.0133542,430.9866666666667,321,竜門山・大黒山,grounding_far_from_candidate
257,大空山,grounding_response_without_coordinate,summit-candidate:fd13fabb918486e6,0.56,,grounding_unavailable,34.2657519,132.9964757,348.28333333333336,352,大空山,grounding_response_without_coordinate
258,御串山,grounding_far_from_all_candidates,summit-candidate:02d59cd1260af017,0.448,798.3,grounding_contradicted_or_unrelated,34.2470088,132.9890515,62.803333333333335,66,御串山,grounding_far_from_candidate
259,宝股山,grounding_response_without_coordinate,summit-candidate:468c5bbccd8aba53,0.56,,grounding_unavailable,34.212287,133.0867989,300.6033333333333,304,宝股山,grounding_response_without_coordinate
261,鳥屋ヶ森,grounding_response_without_coordinate,summit-candidate:ef6730fa259856ec,0.63,,grounding_unavailable,33.2302311,132.5212462,319.6933333333333,322,鳥屋ヶ森,grounding_response_without_coordinate
262,熊ガ峰,grounding_response_without_coordinate,summit-candidate:ef3e845b5d632dd3,0.63,,grounding_unavailable,33.1991626,132.5213654,340.53999999999996,343,熊ガ峰,grounding_response_without_coordinate
263,権現山,grounding_response_without_coordinate,summit-candidate:84f974876f397da1,0.63,,grounding_unavailable,33.1592369,132.4691277,498.7563056512352,489,権現山,grounding_response_without_coordinate
264,大黒山,grounding_far_from_all_candidates,summit-candidate:f5c22dac4bd015ae,0.504,7516,grounding_contradicted_or_unrelated,33.1325116,132.6372183,1098.249041559603,1106,大黒山・譲ヶ葉森,grounding_far_from_candidate
265,譲ヶ葉森,grounding_response_without_coordinate,summit-candidate:19baf3ce30f8991a,0.63,,grounding_unavailable,33.1234747,132.6207282,1021.9555481598042,1016,大黒山・譲ヶ葉森,grounding_response_without_coordinate
266,郭公岳,fallback_review_required,summit-candidate:27c1036d4aa2230e,0.46,259.5,far_grounding_candidate,33.1812975,132.6194355,1167.5519282683324,1010,鬼ヶ城山・大久保山・八面山・三本杭・横ノ森・小屋ヶ森・毛山,
267,東高月山,grounding_far_from_all_candidates,summit-candidate:62351b8782d6f597,0.456,4703,grounding_contradicted_or_unrelated,33.213477,132.6419476,1191.8999999999999,1181,高月山・東高月山・郭公岳・櫨ヶ森・毛山,grounding_far_from_candidate
268,高月山,grounding_far_from_all_candidates,summit-candidate:90c3723735d95c0d,0.504,4395.5,grounding_contradicted_or_unrelated,33.2086892,132.6346403,1224.2266666666667,1229,高月山・東高月山・郭公岳・櫨ヶ森・毛山,grounding_far_from_candidate
269,櫨ヶ森,grounding_far_from_all_candidates,summit-candidate:ba56c1ac8ac55c5f,0.504,3159.1,grounding_contradicted_or_unrelated,33.2026814,132.6251485,1062.8166666666666,1064,高月山・東高月山・郭公岳・櫨ヶ森・毛山,grounding_far_from_candidate
270,毛山,grounding_response_without_coordinate,summit-candidate:40068653b28bad40,0.63,,grounding_unavailable,33.2001424,132.6082692,1090.3964691990484,1089,鬼ヶ城山・大久保山・八面山・三本杭・横ノ森・小屋ヶ森・毛山,grounding_response_without_coordinate
271,白石山,grounding_response_without_coordinate,summit-candidate:ac8e3853fbbf0c6f,0.63,,grounding_unavailable,33.0072084,132.5866268,651.8438770113412,648,白石山,grounding_response_without_coordinate
272,観音岳,grounding_response_without_coordinate,summit-candidate:a53cc9868b7f2f70,0.56,,grounding_unavailable,33.0342378,132.5322872,780.6233333333334,782,観音岳,grounding_response_without_coordinate
273,音無山,grounding_response_without_coordinate,summit-candidate:97e45d6eab227d56,0.63,,grounding_unavailable,33.1131437,132.6235455,845.57,850,音無山,grounding_response_without_coordinate
274,天ガ森,grounding_response_without_coordinate,summit-candidate:93a4d66ef3ee559d,0.57,,grounding_unavailable,33.1178859,132.5317791,343.7659610142553,331,天ガ森,grounding_response_without_coordinate
275,夫婦山,grounding_response_without_coordinate,summit-candidate:3e9348428f22a320,0.63,,grounding_unavailable,33.892102,132.788188,385.21553569431927,387,夫婦山・白山・観音山・国見山・城山・御勧請山,grounding_response_without_coordinate
276,白山,grounding_far_from_all_candidates,summit-candidate:13b7a4bb8154974a,0.504,4768.9,grounding_contradicted_or_unrelated,33.8682654,132.7980997,336.02549564153543,327,夫婦山・白山・観音山・国見山・城山・御勧請山,grounding_far_from_candidate
277,観音山,grounding_response_without_coordinate,summit-candidate:cf29543e6beaa1ec,0.63,,grounding_unavailable,33.8974685,132.7904961,365.7180112898549,360,夫婦山・白山・観音山・国見山・城山・御勧請山,grounding_response_without_coordinate
278,国見山,grounding_response_without_coordinate,summit-candidate:2ab43729f5e80cbe,0.63,,grounding_unavailable,33.9003229,132.8034521,376.3033333333333,380,夫婦山・白山・観音山・国見山・城山・御勧請山,grounding_response_without_coordinate
279,城山,fallback_review_required,summit-candidate:1432f597b5dca157,0.504,7146.6,grounding_contradicted_or_unrelated,33.9038632,132.7837316,253.17333333333332,244,古城山・尾崎山,grounding_far_from_candidate
280,御勧請山,grounding_far_from_all_candidates,summit-candidate:13b7a4bb8154974a,0.504,5172.1,grounding_contradicted_or_unrelated,33.8682654,132.7980997,336.02549564153543,327,夫婦山・白山・観音山・国見山・城山・御勧請山,grounding_far_from_candidate
281,トギ,grounding_far_from_all_candidates,summit-candidate:e75e04c2fbe61c2f,0.504,14419,grounding_contradicted_or_unrelated,33.5806252,132.4593069,391.45205218380346,391,トギ・張木山・高手山,grounding_far_from_candidate
282,張木山,grounding_far_from_all_candidates,summit-candidate:b49681fa67b2b53e,0.504,14731.9,grounding_contradicted_or_unrelated,33.5634523,132.4596426,477.8922286451063,468,トギ・張木山・高手山,grounding_far_from_candidate
283,高手山,grounding_far_from_all_candidates,summit-candidate:e75e04c2fbe61c2f,0.456,17043.1,grounding_contradicted_or_unrelated,33.5806252,132.4593069,391.45205218380346,381,トギ・張木山・高手山,grounding_far_from_candidate
284,斎藤山,grounding_far_from_all_candidates,summit-candidate:3c28b6ebd5a97155,0.456,11485.6,grounding_contradicted_or_unrelated,33.5944697,132.4784739,472.13310176947385,459,斎藤山,grounding_far_from_candidate
285,御祝山,grounding_far_from_all_candidates,summit-candidate:9186201ca03b041d,0.36,7958,grounding_contradicted_or_unrelated,33.1727703,132.6401559,1160.4399999999998,999,御祝山・横ノ森・小屋ヶ森・串ヶ森・目黒鳥屋・長尾森,grounding_far_from_candidate
286,横ノ森,grounding_far_from_all_candidates,summit-candidate:12c27f259b66de80,0.448,1754.3,grounding_contradicted_or_unrelated,33.1850023,132.6371878,1201.04,1200,御祝山・横ノ森・小屋ヶ森・串ヶ森・目黒鳥屋・長尾森,grounding_far_from_candidate
287,小屋ヶ森,fallback_review_required,summit-candidate:27c1036d4aa2230e,0.7,435.5,far_grounding_candidate,33.1812975,132.6194355,1167.5519282683324,1184,鬼ヶ城山・大久保山・八面山・三本杭・横ノ森・小屋ヶ森・毛山,
288,串ヶ森,grounding_far_from_all_candidates,summit-candidate:9186201ca03b041d,0.504,3917,grounding_contradicted_or_unrelated,33.1727703,132.6401559,1160.4399999999998,1160,御祝山・横ノ森・小屋ヶ森・串ヶ森・目黒鳥屋・長尾森,grounding_far_from_candidate
289,目黒鳥屋,grounding_far_from_all_candidates,summit-candidate:9186201ca03b041d,0.504,2117.4,grounding_contradicted_or_unrelated,33.1727703,132.6401559,1160.4399999999998,1157,御祝山・横ノ森・小屋ヶ森・串ヶ森・目黒鳥屋・長尾森,grounding_far_from_candidate
290,長尾森,fallback_review_required,summit-candidate:91ebf1d99654d5b2,0.49,437.2,far_grounding_candidate,33.1848651,132.6159575,1162.2731411431716,1180,鬼ヶ城山・大久保山・八面山・三本杭・横ノ森・小屋ヶ森・毛山,
291,二箆山,grounding_response_without_coordinate,summit-candidate:0a89128346167f6e,0.57,,grounding_unavailable,33.62142,133.0520358,1158.3666666666668,1169,二箆山・西雑誌山,grounding_response_without_coordinate
292,西雑誌山,grounding_response_without_coordinate,summit-candidate:aa8ff99fc3bd426d,0.63,,grounding_unavailable,33.601894,133.0710189,1347.9433333333334,1341,二箆山・西雑誌山,grounding_response_without_coordinate
293,気多山,grounding_response_without_coordinate,summit-candidate:e010f98d2b23f547,0.63,,grounding_unavailable,33.6973447,133.0732035,1212.5233333333333,1218,気多山・八辻ノ峰・五代ヶ森,grounding_response_without_coordinate
294,八辻ノ峰,grounding_far_from_all_candidates,summit-candidate:76cc7bb75549e7a1,0.456,2267.1,grounding_contradicted_or_unrelated,33.7367329,133.0832761,1709.1566666666668,1724,気多山・八辻ノ峰・五代ヶ森,grounding_far_from_candidate
295,五代ヶ森,grounding_far_from_all_candidates,summit-candidate:76cc7bb75549e7a1,0.504,2945.7,grounding_contradicted_or_unrelated,33.7367329,133.0832761,1709.1566666666668,1711,気多山・八辻ノ峰・五代ヶ森,grounding_far_from_candidate
296,桂ヶ森,grounding_response_without_coordinate,summit-candidate:c210f415fc55501f,0.63,,grounding_unavailable,33.6590168,132.8578473,1220.0333333333335,1224,桂ヶ森,grounding_response_without_coordinate
297,狼ヶ城山,grounding_far_from_all_candidates,summit-candidate:95a8fa74fd4af7b0,0.504,5255.1,grounding_contradicted_or_unrelated,33.5763649,132.9111904,1376.7700000000002,1380,狼ヶ城山,grounding_far_from_candidate
298,日浦嶺,grounding_far_from_all_candidates,summit-candidate:606168b97944fce5,0.448,9757.8,grounding_contradicted_or_unrelated,33.5926584,132.8486131,900.0566666666667,901,日浦嶺・打越山,grounding_far_from_candidate
299,打越山,grounding_far_from_all_candidates,summit-candidate:498b9618ca98fa34,0.448,8540.9,grounding_contradicted_or_unrelated,33.6118803,132.8524765,854.2033333333333,860,日浦嶺・打越山,grounding_far_from_candidate
300,面河山,grounding_response_without_coordinate,summit-candidate:22e40e9eb117a033,0.63,,grounding_unavailable,33.7513188,133.1115977,1519.8633333333335,1521,面河山,grounding_response_without_coordinate
301,丸笹山,grounding_response_without_coordinate,summit-candidate:5ec5a611be375a53,0.51,,grounding_unavailable,33.7195139,133.1457476,1567.1366666666665,1535,丸笹山,grounding_response_without_coordinate
302,丸滝山,grounding_response_without_coordinate,summit-candidate:aa6060fe8a831f45,0.57,,grounding_unavailable,33.7465829,133.1513298,1542.9666666666665,1556,丸滝山,grounding_response_without_coordinate
303,名石山,grounding_far_from_all_candidates,summit-candidate:ea919bf883e31a7b,0.504,10074.9,grounding_contradicted_or_unrelated,34.0063802,132.8186843,289.7633333333333,297,名石山,grounding_far_from_candidate
304,青刈山,grounding_far_from_all_candidates,summit-candidate:94e96018c0a5450d,0.304,3523.9,grounding_contradicted_or_unrelated,34.2837172,133.0100334,392.00666666666666,342,二反山・青刈山,grounding_far_from_candidate
305,椿山,grounding_response_without_coordinate,summit-candidate:1b665bc67a34756a,0.63,,grounding_unavailable,33.7033183,133.1423731,1579.6733333333332,1585,椿山,grounding_response_without_coordinate
306,黒森山,grounding_far_from_all_candidates,summit-candidate:40e090ce41a89b55,0.456,17597,grounding_contradicted_or_unrelated,33.8493229,133.2701244,1690.4033333333334,1678,沓掛山・黒森山,grounding_far_from_candidate
307,沓掛山,grounding_far_from_all_candidates,summit-candidate:40e090ce41a89b55,0.504,9970.7,grounding_contradicted_or_unrelated,33.8493229,133.2701244,1690.4033333333334,1691,沓掛山・黒森山,grounding_far_from_candidate
308,二反山,grounding_response_without_coordinate,summit-candidate:94e96018c0a5450d,0.56,,grounding_unavailable,34.2837172,133.0100334,392.00666666666666,395,二反山・青刈山,grounding_response_without_coordinate
309,平家平,grounding_far_from_all_candidates,summit-candidate:c256cfef3720557f,0.448,7866.4,grounding_contradicted_or_unrelated,33.8146236,133.3260701,1691.2766666666666,1693,銅山峰・西山・綱繰山・獅子舞の鼻・冠山・平家平,grounding_far_from_candidate
310,薬師山,grounding_response_without_coordinate,summit-candidate:167756a8b787a168,0.56,,grounding_unavailable,34.2035605,132.9686491,429.98333333333335,435,薬師山,grounding_response_without_coordinate
311,子持権現山,grounding_far_from_all_candidates,summit-candidate:df6b60d513f5518e,0.456,2625.1,grounding_contradicted_or_unrelated,33.7802626,133.1879064,1661.57,1673,子持権現山・男山・瓶ヶ森,grounding_far_from_candidate
312,男山,grounding_far_from_all_candidates,summit-candidate:f09a1f754bcb761e,0.4,1685.7,grounding_contradicted_or_unrelated,33.7942477,133.2060388,1850.4420465524036,1838,男山・瓶ヶ森・西黒森,grounding_far_from_candidate
313,瓶ヶ森,grounding_far_from_all_candidates,summit-candidate:53a6401abf71c488,0.504,1271.7,grounding_contradicted_or_unrelated,33.7946359,133.1931324,1892.1433333333334,1897,男山・瓶ヶ森・台ヶ森,grounding_far_from_candidate
314,宅並山,grounding_response_without_coordinate,summit-candidate:f1ee81f4d467a28e,0.63,,grounding_unavailable,33.9194619,132.7676241,191.34803656971437,200,宅並山,grounding_response_without_coordinate
315,岩屋山,grounding_response_without_coordinate,summit-candidate:c9156b7eea77a1b0,0.57,,grounding_unavailable,33.6581301,132.974538,769.7933333333334,786,岩屋山,grounding_response_without_coordinate
316,高縄山,grounding_far_from_all_candidates,summit-candidate:6ba0d3c6b0fb6b96,0.456,1751.4,grounding_contradicted_or_unrelated,33.9456945,132.8499533,981.3100000000001,993,大月山・高縄山,grounding_far_from_candidate
317,伊予富士,grounding_response_without_coordinate,summit-candidate:6f70c7d3c27fe164,0.56,,grounding_unavailable,33.7882403,133.2475791,1746.743333333333,1756,伊予富士,grounding_response_without_coordinate
318,中津山(明神山),grounding_response_without_coordinate,summit-candidate:fec0bb942061619b,0.63,,grounding_unavailable,33.5755696,133.0461981,1539.5333333333335,1541,中津山(明神山)・猿越山,grounding_response_without_coordinate
319,猿越山,grounding_far_from_all_candidates,summit-candidate:eb3b108c5d508377,0.456,8451.5,grounding_contradicted_or_unrelated,33.5756361,133.0483249,1459.6666666666667,1435,中津山(明神山)・猿越山,grounding_far_from_candidate
320,銅山峰,grounding_far_from_all_candidates,summit-candidate:006436491de34784,0.36,5940,grounding_contradicted_or_unrelated,33.8159575,133.3107033,1729.61,1330,銅山峰・西山・綱繰山・獅子舞の鼻・冠山・平家平,grounding_far_from_candidate
321,西山,grounding_far_from_all_candidates,summit-candidate:057580d1c60049b6,0.504,2005.8,grounding_contradicted_or_unrelated,33.8596586,133.3188738,1425.3166666666668,1429,銅山峰・西山・三の森・二の森・一の森,grounding_far_from_candidate
322,三の森,grounding_far_from_all_candidates,summit-candidate:057580d1c60049b6,0.36,13104.1,grounding_contradicted_or_unrelated,33.8596586,133.3188738,1425.3166666666668,1154,銅山峰・西山・三の森・二の森・一の森,grounding_far_from_candidate
323,二の森,grounding_far_from_all_candidates,summit-candidate:057580d1c60049b6,0.36,13657.3,grounding_contradicted_or_unrelated,33.8596586,133.3188738,1425.3166666666668,1040,銅山峰・西山・三の森・二の森・一の森,grounding_far_from_candidate
324,一の森,grounding_response_without_coordinate,summit-candidate:0dea5d073885dc9d,0.63,,grounding_unavailable,33.8793776,133.3116827,831.0900000000001,832,銅山峰・西山・三の森・二の森・一の森,grounding_response_without_coordinate
325,三ッ足山,grounding_far_from_all_candidates,summit-candidate:8078eb6cc96c519a,0.504,2201.1,grounding_contradicted_or_unrelated,33.895514,133.6139166,1096.6433333333332,1103,三ッ足山・カガマシ山・橡尾山・笹ヶ峰,grounding_far_from_candidate
326,カガマシ山,grounding_far_from_all_candidates,summit-candidate:0886436b79473a6c,0.504,3547.2,grounding_contradicted_or_unrelated,33.8803402,133.6037486,1340.51,1343,三ッ足山・カガマシ山・橡尾山・笹ヶ峰,grounding_far_from_candidate
327,橡尾山,grounding_far_from_all_candidates,summit-candidate:a1b1b7885eeab893,0.448,5451.2,grounding_contradicted_or_unrelated,33.8717366,133.6269198,1220.8566666666666,1222,三ッ足山・カガマシ山・橡尾山・笹ヶ峰,grounding_far_from_candidate
328,笹ヶ峰,grounding_response_without_coordinate,summit-candidate:851dc9683d2d7442,0.63,,grounding_unavailable,33.8802331,133.6356728,1024.2766666666666,1019,三ッ足山・カガマシ山・橡尾山・笹ヶ峰,grounding_response_without_coordinate
329,ハネズル山,grounding_far_from_all_candidates,summit-candidate:e2c08955f9275289,0.504,12884.9,grounding_contradicted_or_unrelated,33.88745,133.4510092,1291.8700000000001,1299,ハネズル山,grounding_far_from_candidate
330,天堤山,grounding_response_without_coordinate,summit-candidate:f54f44da226a4a15,0.57,,grounding_unavailable,33.8625158,133.4945751,1134.8500000000001,1147,天堤山,grounding_response_without_coordinate
331,五郎丸,grounding_far_from_all_candidates,summit-candidate:9cc74b44e1289236,0.504,13445.6,grounding_contradicted_or_unrelated,34.0275511,133.6441984,589.3233333333334,595,唐谷山・天狗森・木峰・金見山・高丸・五郎丸・大谷山・龍王山,grounding_far_from_candidate
332,高丸,grounding_far_from_all_candidates,summit-candidate:9cc74b44e1289236,0.504,13551,grounding_contradicted_or_unrelated,34.0275511,133.6441984,589.3233333333334,589,唐谷山・天狗森・木峰・金見山・高丸・五郎丸・大谷山・龍王山,grounding_far_from_candidate
333,金見山,grounding_far_from_all_candidates,summit-candidate:9cc74b44e1289236,0.504,13635.9,grounding_contradicted_or_unrelated,34.0275511,133.6441984,589.3233333333334,596,唐谷山・天狗森・木峰・金見山・高丸・五郎丸・大谷山・龍王山,grounding_far_from_candidate
334,木峰,grounding_far_from_all_candidates,summit-candidate:9cc74b44e1289236,0.504,14473.1,grounding_contradicted_or_unrelated,34.0275511,133.6441984,589.3233333333334,594,唐谷山・天狗森・木峰・金見山・高丸・五郎丸・大谷山・龍王山,grounding_far_from_candidate
335,天狗森,grounding_far_from_all_candidates,summit-candidate:9cc74b44e1289236,0.36,14781.6,grounding_contradicted_or_unrelated,34.0275511,133.6441984,589.3233333333334,535,唐谷山・天狗森・木峰・金見山・高丸・五郎丸・大谷山・龍王山,grounding_far_from_candidate
336,唐谷山,grounding_far_from_all_candidates,summit-candidate:32c1cf967ab82dbe,0.4,15601.2,grounding_contradicted_or_unrelated,34.0356467,133.6297572,503.24333333333334,485,唐谷山・天狗森・木峰・金見山・高丸・五郎丸・大谷山・龍王山,grounding_far_from_candidate
337,龍王山,grounding_far_from_all_candidates,summit-candidate:9cc74b44e1289236,0.36,15975.4,grounding_contradicted_or_unrelated,34.0275511,133.6441984,589.3233333333334,450,唐谷山・天狗森・木峰・金見山・高丸・五郎丸・大谷山・龍王山,grounding_far_from_candidate
338,大谷山,grounding_far_from_all_candidates,summit-candidate:32c1cf967ab82dbe,0.448,15517.5,grounding_contradicted_or_unrelated,34.0356467,133.6297572,503.24333333333334,507,唐谷山・天狗森・木峰・金見山・高丸・五郎丸・大谷山・龍王山,grounding_far_from_candidate
339,城山,grounding_far_from_all_candidates,summit-candidate:0022a746b396d4c7,0.304,74522.2,grounding_contradicted_or_unrelated,33.8836999,132.7830348,264.2867991594412,62,夫婦山・白山・観音山・国見山・城山・御勧請山,grounding_far_from_candidate
340,本尊山,grounding_far_from_all_candidates,summit-candidate:0bd3d051cdb972fd,0.36,2422.6,grounding_contradicted_or_unrelated,33.6988091,132.6831717,632.3133333333334,187,本尊山・秋葉山・立烏帽子山・明神山,grounding_far_from_candidate
341,秋葉山,fallback_review_required,summit-candidate:61304308f9a58d0d,0.6,236.3,weak_grounding_nearby,33.654334,132.6895797,694.3566666666667,631,黒岩岳,
342,立烏帽子山,grounding_response_without_coordinate,summit-candidate:f12898f5821b63b8,0.63,,grounding_unavailable,33.6910161,132.6669514,530.1166666666667,536,本尊山・秋葉山・立烏帽子山・明神山,grounding_response_without_coordinate
343,明神山,fallback_review_required,summit-candidate:0bd3d051cdb972fd,0.504,5318.9,grounding_contradicted_or_unrelated,33.6988091,132.6831717,632.3133333333334,634,本尊山・秋葉山・立烏帽子山・明神山,grounding_far_from_candidate
344,陣が森,grounding_far_from_all_candidates,summit-candidate:6b0155a434d72d79,0.448,29000.7,grounding_contradicted_or_unrelated,33.9890249,132.8891658,532.4466666666667,538,陣が森・岩が森・スクモ塚・高萩山・長者森,grounding_far_from_candidate
345,岩が森,grounding_far_from_all_candidates,summit-candidate:c195c34fb7e38d7a,0.448,28518.9,grounding_contradicted_or_unrelated,33.9955014,132.8701408,418.54333333333335,413,陣が森・岩が森・スクモ塚・高萩山・長者森,grounding_far_from_candidate
346,スクモ塚,grounding_response_without_coordinate,summit-candidate:d8270fc572efc0b2,0.63,,grounding_unavailable,33.99782,132.8482925,279.05333333333334,283,陣が森・岩が森・スクモ塚・高萩山・長者森,grounding_response_without_coordinate
347,高萩山,grounding_far_from_all_candidates,summit-candidate:f0a03b36c279ddd3,0.504,27723.3,grounding_contradicted_or_unrelated,33.9985859,132.8339632,352.79,356,陣が森・岩が森・スクモ塚・高萩山・長者森,grounding_far_from_candidate
348,長者森,grounding_response_without_coordinate,summit-candidate:bcc05b721653749f,0.63,,grounding_unavailable,34.0073425,132.8450021,290.3833333333333,293,陣が森・岩が森・スクモ塚・高萩山・長者森,grounding_response_without_coordinate
349,八倉山,grounding_far_from_all_candidates,summit-candidate:4973965873779cdc,0.504,3044.4,grounding_contradicted_or_unrelated,33.778716,132.7722765,251.46333333333337,257,八倉山・行道山・水晶ヶ森,grounding_far_from_candidate
350,行道山,fallback_review_required,summit-candidate:cfd366be872f9534,0.706,458.4,far_grounding_candidate,33.7579255,132.7571571,401.8633333333333,371,八倉山・行道山・水晶ヶ森,
351,水晶ヶ森,grounding_far_from_all_candidates,summit-candidate:cfd366be872f9534,0.504,1766.7,grounding_contradicted_or_unrelated,33.7579255,132.7571571,401.8633333333333,403,八倉山・行道山・水晶ヶ森,grounding_far_from_candidate
352,笹ヶ平山,grounding_far_from_all_candidates,summit-candidate:4416099ca0f9da08,0.504,5436.7,grounding_contradicted_or_unrelated,33.7478819,132.7506238,260.1933333333333,261,笹ヶ平山,grounding_far_from_candidate
353,壺神山,grounding_far_from_all_candidates,summit-candidate:c58c0ba7145621b9,0.456,2237.6,grounding_contradicted_or_unrelated,33.6056753,132.5543754,984.3464928489406,971,壺神山・滝山・足山・皿が森,grounding_far_from_candidate
354,滝山,grounding_response_without_coordinate,summit-candidate:38105da918da8262,0.63,,grounding_unavailable,33.6137407,132.5447284,733.0708946789382,726,壺神山・滝山・足山・皿が森,grounding_response_without_coordinate
355,足山,grounding_far_from_all_candidates,summit-candidate:0048d4d3a7981b80,0.456,5916.6,grounding_contradicted_or_unrelated,33.6062894,132.5155614,697.5172644320495,675,壺神山・滝山・足山・皿が森,grounding_far_from_candidate
356,皿が森,grounding_response_without_coordinate,summit-candidate:4db5b3ffd85092bf,0.57,,grounding_unavailable,33.5995314,132.5168274,626.9591280717788,610,壺神山・滝山・足山・皿が森,grounding_response_without_coordinate
357,尉之山,fallback_review_required,summit-candidate:ea33d870d4700a56,0.496,339.6,far_grounding_candidate,33.8778648,132.8306597,414.2866666666667,383,奥之城山・ヌタノサコ,
358,小山岳,grounding_far_from_all_candidates,summit-candidate:7749b785ef007c1a,0.504,13578.8,grounding_contradicted_or_unrelated,33.7568663,132.8499505,430.1766666666667,435,尉之山・小山岳,grounding_far_from_candidate
359,勝山,grounding_far_from_all_candidates,summit-candidate:2b833dfb6f3f84c1,0.456,17181.1,grounding_contradicted_or_unrelated,33.7282794,132.8388236,371.26,385,勝山,grounding_far_from_candidate
360,松葉山（松葉城址）,grounding_response_without_coordinate,summit-candidate:7a59a4750a70552c,0.63,,grounding_unavailable,33.3754372,132.5110871,400.06,410,御篠山・松葉山（松葉城址）・烏殿,grounding_response_without_coordinate
361,烏殿,grounding_response_without_coordinate,summit-candidate:d71483d289d0c575,0.63,,grounding_unavailable,33.384401,132.5180668,583.88,588,御篠山・松葉山（松葉城址）・烏殿,grounding_response_without_coordinate
362,御篠山,grounding_response_without_coordinate,summit-candidate:2c1cbc474e49f1ec,0.63,,grounding_unavailable,33.372906,132.5153141,387.82666666666665,384,御篠山・松葉山（松葉城址）・烏殿,grounding_response_without_coordinate
363,天が森,grounding_far_from_all_candidates,summit-candidate:090f7fa4be89ec5e,0.36,4492.4,grounding_contradicted_or_unrelated,33.5225161,132.4288807,782.4408357907463,393,天が森・浄心山・銅が鳴,grounding_far_from_candidate
364,浄心山,grounding_far_from_all_candidates,summit-candidate:090f7fa4be89ec5e,0.504,1010.4,grounding_contradicted_or_unrelated,33.5225161,132.4288807,782.4408357907463,781,天が森・浄心山・銅が鳴,grounding_far_from_candidate
365,銅が鳴,grounding_far_from_all_candidates,summit-candidate:090f7fa4be89ec5e,0.456,1389.1,grounding_contradicted_or_unrelated,33.5225161,132.4288807,782.4408357907463,767,天が森・浄心山・銅が鳴,grounding_far_from_candidate
366,弥八山,grounding_response_without_coordinate,summit-candidate:0cc40babcd0ce6bf,0.63,,grounding_unavailable,34.0273223,133.5919989,261.15000000000003,263,弥八山,grounding_response_without_coordinate
367,西の山,grounding_far_from_all_candidates,summit-candidate:a14a745323a3d3af,0.504,4188.7,grounding_contradicted_or_unrelated,33.9827566,133.3976892,250.30998537053583,244,西の山,grounding_far_from_candidate
368,北山,grounding_far_from_all_candidates,summit-candidate:8cef52d6989a94db,0.504,2350.6,grounding_contradicted_or_unrelated,33.9640455,133.4034525,237.66666666666666,241,北山,grounding_far_from_candidate
369,垣生山,grounding_response_without_coordinate,summit-candidate:6c20bef6dc4e973b,0.63,,grounding_unavailable,33.9892197,133.3258232,103.26298735700367,101,垣生山,grounding_response_without_coordinate
370,金子山,grounding_response_without_coordinate,summit-candidate:3c1e55e6cc05c0ad,0.63,,grounding_unavailable,33.9423212,133.2748429,148.30058041636374,146,金子山,grounding_response_without_coordinate
371,八堂山,grounding_response_without_coordinate,summit-candidate:bf9808bbf86d5d73,0.63,,grounding_unavailable,33.8975964,133.1980477,191.83333333333334,193,八堂山,grounding_response_without_coordinate
373,カレイ山,grounding_response_without_coordinate,summit-candidate:3807e62715de33f9,0.21,,grounding_unavailable,34.0326072,132.8753902,240.99666666666667,232,高仙山,grounding_response_without_coordinate
374,念仏山,grounding_response_without_coordinate,summit-candidate:110345ef4fb31191,0.56,,grounding_unavailable,34.1747341,133.0532069,374.65000000000003,381,念仏山,grounding_response_without_coordinate
375,大頭山,fallback_review_required,summit-candidate:d456af62868c5044,0.645,137.5,weak_grounding_nearby,34.1283255,133.047895,268.5833333333333,264,姫政山,grounding_municipality_mismatch
376,高取山,grounding_far_from_all_candidates,summit-candidate:86e4db352b85ced4,0.4,3319,grounding_contradicted_or_unrelated,34.1597225,133.0770866,235.75333333333333,252,高取山,grounding_far_from_candidate
377,八幡山,grounding_response_without_coordinate,summit-candidate:b9ae103da9e3136b,0.56,,grounding_unavailable,34.140513,133.0475658,211.73666666666668,212,八幡山,grounding_response_without_coordinate
378,要害山,grounding_response_without_coordinate,summit-candidate:0005c0040c7c7966,0.57,,grounding_unavailable,33.9135717,132.7570186,92.21,107,要害山,grounding_response_without_coordinate
379,高穴山,grounding_response_without_coordinate,summit-candidate:a0b87feaf88e526d,0.63,,grounding_unavailable,33.9536062,132.8113157,282.46000000000004,292,高穴山,grounding_response_without_coordinate
380,高仙山,grounding_response_without_coordinate,summit-candidate:3807e62715de33f9,0.63,,grounding_unavailable,34.0326072,132.8753902,240.99666666666667,248,高仙山,grounding_response_without_coordinate
381,霊仙山,grounding_far_from_all_candidates,summit-candidate:47b61397fb9c5d3f,0.504,2401.1,grounding_contradicted_or_unrelated,34.0105612,133.0203144,152.43333333333337,156,霊仙山,grounding_far_from_candidate
383,無宗天山,grounding_response_without_coordinate,summit-candidate:0f09bdcc25daff65,0.63,,grounding_unavailable,34.0386314,132.8923059,311.96,313,無宗天山,grounding_response_without_coordinate
384,綱付山,grounding_response_without_coordinate,summit-candidate:f19fd681c4c84753,0.63,,grounding_unavailable,33.8680685,133.1174852,516.7233333333334,519,綱付山・幻城上城,grounding_response_without_coordinate
385,幻城上城,grounding_response_without_coordinate,summit-candidate:e4f762179d85915d,0.63,,grounding_unavailable,33.8666424,133.106705,477.85999999999996,479,綱付山・幻城上城,grounding_response_without_coordinate
386,幻城下城,grounding_response_without_coordinate,summit-candidate:2129bbc9c3950a91,0.63,,grounding_unavailable,33.8756903,133.1037524,243.64333333333335,245,幻城下城,grounding_response_without_coordinate
387,階上山,grounding_response_without_coordinate,summit-candidate:276fed5ecb7b3eb4,0.63,,grounding_unavailable,33.6859182,132.7609047,893.9066666666668,898,階上山,grounding_response_without_coordinate
388,姫政山,grounding_response_without_coordinate,summit-candidate:d456af62868c5044,0.56,,grounding_unavailable,34.1283255,133.047895,268.5833333333333,277,姫政山,grounding_response_without_coordinate
389,館山,grounding_response_without_coordinate,summit-candidate:6b836f5beefdd52c,0.5,,grounding_unavailable,34.1133271,133.0210613,218.65,230,館山,grounding_response_without_coordinate
390,高森山,grounding_response_without_coordinate,summit-candidate:682d61b87016166b,0.63,,grounding_unavailable,33.5504243,132.669431,307.18333333333334,309,高森山,grounding_response_without_coordinate
391,大登山,grounding_response_without_coordinate,summit-candidate:230b9847a05c8052,0.63,,grounding_unavailable,33.525029,132.6716242,362.42333333333335,364,大登山,grounding_response_without_coordinate
392,高山,fallback_review_required,summit-candidate:c9aa57cdeb1b49fa,0.656,186.5,weak_grounding_nearby,33.9769486,132.6147118,105.34333333333332,149,高山・大里山・泰ノ山,grounding_municipality_mismatch
393,泰ノ山,grounding_response_without_coordinate,summit-candidate:98457196a66e294d,0.56,,grounding_unavailable,33.9891451,132.6270439,282.75666666666666,289,高山・大里山・泰ノ山,grounding_response_without_coordinate
394,大里山,grounding_far_from_all_candidates,summit-candidate:fe8f624bdaa57afd,0.448,2083.5,grounding_contradicted_or_unrelated,33.9704741,132.6073111,288.9433333333333,296,高山・大里山・泰ノ山,grounding_far_from_candidate
395,北ヶ森,grounding_far_from_all_candidates,summit-candidate:dedadc05e5f6d5d5,0.504,6251.1,grounding_contradicted_or_unrelated,33.6707038,132.8271198,1008.4066666666666,1010,北ヶ森・高土の峰,grounding_far_from_candidate
396,高土の峰,grounding_far_from_all_candidates,summit-candidate:dedadc05e5f6d5d5,0.304,4980,grounding_contradicted_or_unrelated,33.6707038,132.8271198,1008.4066666666666,794,北ヶ森・高土の峰,grounding_far_from_candidate
397,竜王山,grounding_far_from_all_candidates,summit-candidate:62d2811f5d1a9f29,0.448,17344.9,grounding_contradicted_or_unrelated,33.4256595,132.7088906,459.07666666666665,460,竜王山,grounding_far_from_candidate
398,岳山,grounding_far_from_all_candidates,summit-candidate:b02ff952b74ca472,0.4,13863,grounding_contradicted_or_unrelated,33.454717,132.7240857,622.8707379152734,606,岳山,grounding_far_from_candidate
399,一ヶ森,grounding_far_from_all_candidates,summit-candidate:5f3f2f47d84464c4,0.448,12870.1,grounding_contradicted_or_unrelated,33.4530897,132.7168465,605.2468947172716,597,一ヶ森,grounding_far_from_candidate
401,京の森,grounding_far_from_all_candidates,summit-candidate:13aa9354da4eb6d6,0.456,5947.3,grounding_contradicted_or_unrelated,33.5055365,132.6868759,572.4394591518229,545,京の森・大迫山,grounding_far_from_candidate
402,大迫山,grounding_far_from_all_candidates,summit-candidate:13aa9354da4eb6d6,0.456,6823.2,grounding_contradicted_or_unrelated,33.5055365,132.6868759,572.4394591518229,559,京の森・大迫山,grounding_far_from_candidate
404,コクゾ峰,grounding_response_without_coordinate,summit-candidate:94e39d837730a5c7,0.63,,grounding_unavailable,33.6297301,132.7781689,822.6366666666667,824,コクゾ峰,grounding_response_without_coordinate
405,加塚山,grounding_response_without_coordinate,summit-candidate:cdd4a9ba931c816e,0.63,,grounding_unavailable,33.1328174,132.6290592,1069.8255484698216,1065,加塚山,grounding_response_without_coordinate
406,新谷神南山,grounding_response_without_coordinate,summit-candidate:6342f0069cd164e8,0.63,,grounding_unavailable,33.5194593,132.6057323,649.24,654,新谷神南山・五十崎神南山,grounding_response_without_coordinate
407,五十崎神南山,grounding_far_from_all_candidates,summit-candidate:49147712961a83be,0.448,5166,grounding_contradicted_or_unrelated,33.5174638,132.6333302,708.9699999999999,710,新谷神南山・五十崎神南山,grounding_far_from_candidate
408,笠成山,grounding_response_without_coordinate,summit-candidate:81081ef1b6e58a79,0.63,,grounding_unavailable,33.6509595,132.7915875,711,713,笠成山,grounding_response_without_coordinate
409,小屋山,grounding_far_from_all_candidates,summit-candidate:422a9e74717ca96d,0.504,18697.8,grounding_contradicted_or_unrelated,33.5012064,132.8649354,1341.5,1344,小屋山・丸石山,grounding_far_from_candidate
410,丸石山,grounding_far_from_all_candidates,summit-candidate:0cc9c1186612ceaa,0.4,16980.5,grounding_contradicted_or_unrelated,33.4889649,132.8660449,1297.49,1327,小屋山・丸石山,grounding_far_from_candidate
411,野地峰,grounding_far_from_all_candidates,summit-candidate:17a471cc45af2c05,0.448,10372,grounding_contradicted_or_unrelated,33.833662,133.4735407,1270.3933333333332,1279,野地峰・黒岩山・大野山,grounding_far_from_candidate
412,黒岩山,grounding_far_from_all_candidates,summit-candidate:e93bba1998d4efb5,0.448,9872.7,grounding_contradicted_or_unrelated,33.8295237,133.4864513,1350.0266666666666,1350,野地峰・黒岩山・大野山,grounding_far_from_candidate
413,大野山,grounding_far_from_all_candidates,summit-candidate:53bf856dccad5eab,0.448,14071.2,grounding_contradicted_or_unrelated,33.8369517,133.454669,1397.78,1400,野地峰・黒岩山・大野山,grounding_far_from_candidate
414,水なし山,grounding_far_from_all_candidates,summit-candidate:403c0894babcf279,0.504,7725.6,grounding_contradicted_or_unrelated,33.5339268,132.9213872,1403.506666666667,1406,貝渚山・水なし山,grounding_far_from_candidate
415,貝渚山,fallback_review_required,summit-candidate:403c0894babcf279,0.456,8930,grounding_contradicted_or_unrelated,33.5339268,132.9213872,1403.506666666667,1422,貝渚山・水なし山,grounding_far_from_candidate
416,谷崎山,grounding_response_without_coordinate,summit-candidate:0d157ed871f76807,0.63,,grounding_unavailable,33.8127427,133.2473801,1210.7966666666669,1203,谷崎山,grounding_response_without_coordinate
417,東黒森,grounding_far_from_all_candidates,summit-candidate:20f1c44b99e3d708,0.448,949.7,grounding_contradicted_or_unrelated,33.7826057,133.2367653,1731.0666666666668,1733,東黒森,grounding_far_from_candidate
418,伊吹山,grounding_far_from_all_candidates,summit-candidate:e79e77da4bfd1f13,0.504,2273.8,grounding_contradicted_or_unrelated,33.7638082,133.1769575,1506.6639933943752,1503,伊吹山,grounding_far_from_candidate
419,小牛城,grounding_far_from_all_candidates,summit-candidate:ba78489e4d448645,0.504,22700.7,grounding_contradicted_or_unrelated,33.4706698,132.9365377,1141.42,1142,小牛城,grounding_far_from_candidate
420,正木ノ森,grounding_response_without_coordinate,summit-candidate:1c085703f9a891aa,0.63,,grounding_unavailable,33.4903782,133.0130292,1363.1366666666665,1365,正木ノ森,grounding_response_without_coordinate
421,五段城,grounding_response_without_coordinate,summit-candidate:00dfcd8bd36a1f00,0.56,,grounding_unavailable,33.4728129,132.9862432,1452.0633333333335,1455,五段城,grounding_response_without_coordinate
422,天狗ノ森,fallback_review_required,summit-candidate:54dc6f5d29d60052,0.736,349.5,far_grounding_candidate,33.4805132,133.0152222,1479.58,1485,天狗ノ森 ,
423,鶴ノ子ノ頭,grounding_far_from_all_candidates,summit-candidate:65906dbbd6e5b747,0.456,5995.7,grounding_contradicted_or_unrelated,33.7605415,133.1358584,1647.683322091346,1637,鶴ノ子ノ頭・石鎚山,grounding_far_from_candidate
425,黒川山,grounding_response_without_coordinate,summit-candidate:6b97922a3935a9a5,0.57,,grounding_unavailable,33.7968869,133.1208698,1354.6866666666667,1365,前社ヶ森・剣山・黒川山,grounding_response_without_coordinate
426,前社ヶ森,grounding_far_from_all_candidates,summit-candidate:109bc31ba8b3aa15,0.408,2970.6,grounding_contradicted_or_unrelated,33.7755639,133.1209272,1627.0833333333333,1592,前社ヶ森・剣山・黒川山,grounding_far_from_candidate
427,剣山,grounding_far_from_all_candidates,summit-candidate:109bc31ba8b3aa15,0.504,2249.1,grounding_contradicted_or_unrelated,33.7755639,133.1209272,1627.0833333333333,1627,前社ヶ森・剣山・黒川山,grounding_far_from_candidate
428,東光森山,grounding_far_from_all_candidates,summit-candidate:6358c7fb40ce841e,0.504,8363.1,grounding_contradicted_or_unrelated,33.8398487,133.4152863,1480.9266666666665,1486,東光森山・別子山,grounding_far_from_candidate
429,別子山,grounding_far_from_all_candidates,summit-candidate:69652a1c97f3b2eb,0.504,5180.4,grounding_contradicted_or_unrelated,33.8353414,133.4313475,1369.4399999999998,1374,東光森山・別子山,grounding_far_from_candidate
430,三ッ森山,grounding_response_without_coordinate,summit-candidate:8f124a2a1de32654,0.63,,grounding_unavailable,33.8344836,133.3567357,1423.7,1429,三ッ森山・大座礼山,grounding_response_without_coordinate
431,大座礼山,grounding_far_from_all_candidates,summit-candidate:20557338e1ab5de6,0.448,3904.2,grounding_contradicted_or_unrelated,33.8212475,133.3941804,1586.6333333333332,1587,三ッ森山・大座礼山,grounding_far_from_candidate
432,三つ足山,grounding_far_from_all_candidates,summit-candidate:565ba3761956d9b3,0.456,7431,grounding_contradicted_or_unrelated,33.8789795,133.544002,1426.5633333333335,1452,大森山・佐々連尾山・三つ足山,grounding_far_from_candidate
433,大森山,grounding_far_from_all_candidates,summit-candidate:565ba3761956d9b3,0.504,9964.4,grounding_contradicted_or_unrelated,33.8789795,133.544002,1426.5633333333335,1433,大森山・佐々連尾山・三つ足山,grounding_far_from_candidate
434,佐々連尾山,grounding_far_from_all_candidates,summit-candidate:565ba3761956d9b3,0.456,11004.9,grounding_contradicted_or_unrelated,33.8789795,133.544002,1426.5633333333335,1404,大森山・佐々連尾山・三つ足山,grounding_far_from_candidate
435,東ノ冠岳,fallback_review_required,summit-candidate:22e40e9eb117a033,0.46,468.7,far_grounding_candidate,33.7513188,133.1115977,1519.8633333333335,1920,面河山,
436,大峰,grounding_response_without_coordinate,summit-candidate:1946316119cd7251,0.63,,grounding_unavailable,33.4909198,132.330294,362.5859909540507,358,大峰,grounding_response_without_coordinate
437,堂堂山,grounding_response_without_coordinate,summit-candidate:f3bf8b21a01f29ef,0.63,,grounding_unavailable,33.5004147,132.3547022,408.84971455495605,403,堂堂山,grounding_response_without_coordinate
438,堂所山,grounding_response_without_coordinate,summit-candidate:192b785fe79890e5,0.63,,grounding_unavailable,33.3653822,132.4528183,592.0266666666666,593,堂所山,grounding_response_without_coordinate
440,霧立山,grounding_response_without_coordinate,summit-candidate:b319c20dc9ecb5f1,0.57,,grounding_unavailable,33.3272325,132.9014493,1106.7248732843473,1096,霧立山・地蔵山,grounding_response_without_coordinate
441,地蔵山,grounding_response_without_coordinate,summit-candidate:9fe4d21715424f17,0.57,,grounding_unavailable,33.3120212,132.8936817,1139.8423907433491,1126,霧立山・地蔵山,grounding_response_without_coordinate
442,天道ヶ頭,grounding_response_without_coordinate,summit-candidate:8d1f2bd134bed04d,0.63,,grounding_unavailable,33.9910002,132.9850803,507.77,510,天道ヶ頭,grounding_response_without_coordinate
443,根太山,grounding_response_without_coordinate,summit-candidate:b1bd2a482a691bd8,0.57,,grounding_unavailable,33.4977228,132.5826447,285.99333333333334,299,根太山,grounding_response_without_coordinate
444,紅葉山,grounding_far_from_all_candidates,summit-candidate:6b62cbb916ef874d,0.504,2949.9,grounding_contradicted_or_unrelated,33.4920833,132.5614224,371.28,376,梁瀬山・紅葉山,grounding_far_from_candidate
445,梁瀬山,grounding_far_from_all_candidates,summit-candidate:6b62cbb916ef874d,0.504,2443.9,grounding_contradicted_or_unrelated,33.4920833,132.5614224,371.28,372,梁瀬山・紅葉山,grounding_far_from_candidate
446,池ノ城山,grounding_far_from_all_candidates,summit-candidate:f028aab45221cee6,0.456,14053.5,grounding_contradicted_or_unrelated,33.6093279,132.8006087,599.1233333333333,589,池ノ城山,grounding_far_from_candidate
447,峠ヶ森,grounding_response_without_coordinate,summit-candidate:e7b64a377534c79e,0.57,,grounding_unavailable,33.1384517,132.4477537,217.52368147012137,202,峠ヶ森,grounding_response_without_coordinate
448,雨森山,grounding_response_without_coordinate,summit-candidate:730e21bca5cdf60d,0.57,,grounding_unavailable,33.1120886,132.4865753,312.2633333333334,302,雨森山,grounding_response_without_coordinate
449,御在所山,grounding_far_from_all_candidates,summit-candidate:17c3649ad9b147ce,0.504,13389.3,grounding_contradicted_or_unrelated,33.4376592,132.6335849,665.1833333333333,668,御在所山,grounding_far_from_candidate
450,高雄山,grounding_far_from_all_candidates,summit-candidate:a271a6c73ad11b69,0.448,25246.9,grounding_contradicted_or_unrelated,33.4270319,132.6809369,382.21000000000004,388,高雄山,grounding_far_from_candidate
451,陣が森岳,grounding_response_without_coordinate,summit-candidate:1fd59e0e67624706,0.63,,grounding_unavailable,33.6266981,132.6808191,620.0533333333333,620,陣が森岳,grounding_response_without_coordinate
452,黒岩岳,grounding_response_without_coordinate,summit-candidate:61304308f9a58d0d,0.63,,grounding_unavailable,33.654334,132.6895797,694.3566666666667,698,黒岩岳,grounding_response_without_coordinate
453,大判山,grounding_response_without_coordinate,summit-candidate:fa9a4432fbf76027,0.63,,grounding_unavailable,33.3926301,132.5594513,791.2866666666665,798,大判山,grounding_response_without_coordinate
454,竜王の峰,grounding_far_from_all_candidates,summit-candidate:51c8bc6a368c422c,0.504,12715,grounding_contradicted_or_unrelated,33.3475127,132.4815915,542.5079186549784,534,竜王の峰,grounding_far_from_candidate
455,船ヶ迫岳,grounding_far_from_all_candidates,summit-candidate:4a22801b12460992,0.408,5638.5,grounding_contradicted_or_unrelated,33.6034415,132.6564373,676.61,631,船ヶ迫岳・鎌倉山,grounding_far_from_candidate
456,鎌倉山,grounding_far_from_all_candidates,summit-candidate:4a22801b12460992,0.504,5028.3,grounding_contradicted_or_unrelated,33.6034415,132.6564373,676.61,681,船ヶ迫岳・鎌倉山,grounding_far_from_candidate
457,槇ノ山,grounding_response_without_coordinate,summit-candidate:f39b40bd0d9b0192,0.63,,grounding_unavailable,33.2533161,132.5564232,433.24,439,槇ノ山,grounding_response_without_coordinate
458,遠見山,grounding_response_without_coordinate,summit-candidate:e55456349660bd14,0.63,,grounding_unavailable,33.2720922,132.5543833,325.42,322,遠見山,grounding_response_without_coordinate
459,高森山,grounding_far_from_all_candidates,summit-candidate:a9b00b48e0c94eab,0.448,1041,grounding_contradicted_or_unrelated,33.3270345,132.5414704,631.8566666666667,634,高森山,grounding_far_from_candidate
460,牛の峰,grounding_response_without_coordinate,summit-candidate:bd8fda9e743f2008,0.57,,grounding_unavailable,33.54274,132.4754911,681.2333333333333,660,牛の峰・尻高峰,grounding_response_without_coordinate
461,尻高峰,grounding_far_from_all_candidates,summit-candidate:6adfa15b8dbd8966,0.36,1419.3,grounding_contradicted_or_unrelated,33.5381203,132.4689665,756.9766666666668,566,牛の峰・尻高峰,grounding_far_from_candidate
462,鞍掛山,grounding_far_from_all_candidates,summit-candidate:6b19d2116121b615,0.504,3127.5,grounding_contradicted_or_unrelated,33.4883211,132.4618686,624.4499999999999,629,鞍掛山,grounding_far_from_candidate
463,大畑山,grounding_far_from_all_candidates,summit-candidate:bb84b00f3a929195,0.448,13140.9,grounding_contradicted_or_unrelated,33.4309452,132.482212,642.6,645,大畑山,grounding_far_from_candidate
465,権現山,grounding_far_from_all_candidates,summit-candidate:6756239601754708,0.504,1915.4,grounding_contradicted_or_unrelated,33.4692555,132.4112445,358.1833333333334,364,権現山,grounding_far_from_candidate
466,大森山,grounding_far_from_all_candidates,summit-candidate:b3cf76c035511afe,0.504,18509.3,grounding_contradicted_or_unrelated,33.5171137,132.7257366,737.4383606793477,729,大森山,grounding_far_from_candidate
467,高森山,grounding_far_from_all_candidates,summit-candidate:f55ffb534aa2ae4c,0.504,24499.9,grounding_contradicted_or_unrelated,33.5133814,132.7770265,825.9826876717713,819,高森山・町木山・寒台山・鎧掛山,grounding_far_from_candidate
468,町木山,grounding_response_without_coordinate,summit-candidate:19ab381ef6c337af,0.57,,grounding_unavailable,33.5275826,132.7817668,993.1336935716172,982,高森山・町木山・寒台山・鎧掛山,grounding_response_without_coordinate
469,寒台山,grounding_far_from_all_candidates,summit-candidate:428f403ddcc5a31a,0.448,3896,grounding_contradicted_or_unrelated,33.5404689,132.7754857,904.780552530514,895,高森山・町木山・寒台山・鎧掛山,grounding_far_from_candidate
470,鎧掛山,grounding_far_from_all_candidates,summit-candidate:5f31b84e049f61fa,0.456,24073.2,grounding_contradicted_or_unrelated,33.525575,132.750723,798.325694253476,788,高森山・町木山・寒台山・鎧掛山,grounding_far_from_candidate
472,剣ノ山,grounding_far_from_all_candidates,summit-candidate:740ae36ed8c63d60,0.448,11955.5,grounding_contradicted_or_unrelated,33.8934243,133.6780358,1110.4433333333334,1105,剣ノ山・三傍示山・塩塚峰,grounding_far_from_candidate
473,三傍示山,grounding_far_from_all_candidates,summit-candidate:78274ad93e160452,0.504,12264.9,grounding_contradicted_or_unrelated,33.8838209,133.660917,1152.4499999999998,1157,剣ノ山・三傍示山・塩塚峰,grounding_far_from_candidate
474,塩塚峰,grounding_far_from_all_candidates,summit-candidate:737ce2580de91527,0.504,6637.3,grounding_contradicted_or_unrelated,33.9263671,133.6759094,1041.1266666666668,1043,剣ノ山・三傍示山・塩塚峰,grounding_far_from_candidate
475,登議城山,grounding_response_without_coordinate,summit-candidate:9fe27d7d4a51aa70,0.63,,grounding_unavailable,33.590232,132.798511,649.16,655,登議城山,grounding_response_without_coordinate
476,愛宕山,grounding_response_without_coordinate,summit-candidate:c6ea08c2953b4cb8,0.57,,grounding_unavailable,33.5709203,132.8411558,369.3233333333333,357,愛宕山,grounding_response_without_coordinate
477,笠松山東峰,grounding_far_from_all_candidates,summit-candidate:8f25ad4ff380df77,0.456,2334.3,grounding_contradicted_or_unrelated,33.9820342,133.0334752,346.8866666666666,327,世田山・笠松山東峰・笠松山,grounding_far_from_candidate
478,尻割山,fallback_review_required,summit-candidate:27c1036d4aa2230e,0.46,465,far_grounding_candidate,33.1812975,132.6194355,1167.5519282683324,980,鬼ヶ城山・大久保山・八面山・三本杭・横ノ森・小屋ヶ森・毛山,
480,権現山,grounding_far_from_all_candidates,summit-candidate:e8b129f70e703be5,0.504,731.9,grounding_contradicted_or_unrelated,33.1828203,132.5956974,949.9166666666666,952,権現山,grounding_far_from_candidate
481,呉石山,grounding_response_without_coordinate,summit-candidate:784df3690acb5365,0.63,,grounding_unavailable,33.9710941,133.6468525,833.5256703454279,826,呉石山,grounding_response_without_coordinate
482,峰畑山,grounding_response_without_coordinate,summit-candidate:eb031d650d8e9a7a,0.56,,grounding_unavailable,33.9835402,133.681909,753.8057910293684,747,峰畑山,grounding_response_without_coordinate
483,白木山,grounding_response_without_coordinate,summit-candidate:ab39145b6a448b8d,0.63,,grounding_unavailable,33.9386003,133.5857961,617.3566666666667,624,白木山,grounding_response_without_coordinate
484,軽ノ山,grounding_far_from_all_candidates,summit-candidate:084fa7c9e55252dc,0.504,13052.1,grounding_contradicted_or_unrelated,33.8667446,132.768519,165.84333333333333,171,野津子山・軽ノ山,grounding_far_from_candidate
485,野津子山,grounding_far_from_all_candidates,summit-candidate:084fa7c9e55252dc,0.456,12642.9,grounding_contradicted_or_unrelated,33.8667446,132.768519,165.84333333333333,144,野津子山・軽ノ山,grounding_far_from_candidate
486,長山,grounding_response_without_coordinate,summit-candidate:c246a8edb72dbebb,0.63,,grounding_unavailable,33.294387,132.8359236,939.7329137961616,939,長山,grounding_response_without_coordinate
487,高研山,grounding_response_without_coordinate,summit-candidate:314bd84876bc3fc3,0.57,,grounding_unavailable,33.3677949,132.8609245,1065.780524285452,1055,高研山,grounding_response_without_coordinate
488,大ノ森,grounding_far_from_all_candidates,summit-candidate:777bcc5c6ed2c27e,0.504,16256.8,grounding_contradicted_or_unrelated,33.7182406,133.056812,1317.4533333333331,1320,大ノ森,grounding_far_from_candidate
489,雨乞山,grounding_response_without_coordinate,summit-candidate:f760bededfedfc09,0.63,,grounding_unavailable,33.5377687,132.8255571,1215.7332944221434,1213,雨乞山・妙見森,grounding_response_without_coordinate
490,妙見森,grounding_far_from_all_candidates,summit-candidate:118b217506eb653f,0.504,4973.4,grounding_contradicted_or_unrelated,33.5274365,132.8527908,1334.4923924855789,1325,雨乞山・妙見森,grounding_far_from_candidate
491,笹峠山,grounding_far_from_all_candidates,summit-candidate:05007aaf499a4ecc,0.4,5852.5,grounding_contradicted_or_unrelated,33.5409797,132.8012664,967.0418485014342,954,笹峠山,grounding_far_from_candidate
492,雨霧山,grounding_response_without_coordinate,summit-candidate:d5d39ec66a34deb5,0.63,,grounding_unavailable,33.5549522,132.8679548,1235.86,1245,雨霧山,grounding_response_without_coordinate
493,三郷の辻,grounding_far_from_all_candidates,summit-candidate:46ab73ee0e06e924,0.504,14402,grounding_contradicted_or_unrelated,33.640684,132.8369828,926.7733333333334,931,三郷の辻,grounding_far_from_candidate
494,権現山,grounding_far_from_all_candidates,summit-candidate:2011a6c909945d6f,0.456,13287.5,grounding_contradicted_or_unrelated,33.8390197,132.7201785,102.87,117,権現山,grounding_far_from_candidate
495,雨乞山,grounding_response_without_coordinate,summit-candidate:d0d3096d540f375e,0.63,,grounding_unavailable,33.5112211,132.3821763,496.59999999999997,499,雨乞山,grounding_response_without_coordinate
496,鼻欠山,grounding_response_without_coordinate,summit-candidate:9e86644a708cb211,0.57,,grounding_unavailable,33.582033,132.5041115,459.0429986192042,446,鼻欠山,grounding_response_without_coordinate
497,面木山,grounding_far_from_all_candidates,summit-candidate:d5a6fcb592162088,0.504,6203,grounding_contradicted_or_unrelated,33.8136584,133.0127568,981.2133333333335,988,面木山・黒森,grounding_far_from_candidate
498,黒森,grounding_far_from_all_candidates,summit-candidate:a96db37bf518f31a,0.448,7550.6,grounding_contradicted_or_unrelated,33.7912411,133.0215447,894.5,903,面木山・黒森,grounding_far_from_candidate
499,台ヶ森,grounding_far_from_all_candidates,summit-candidate:53a6401abf71c488,0.36,3903.1,grounding_contradicted_or_unrelated,33.7946359,133.1931324,1892.1433333333334,1501,男山・瓶ヶ森・台ヶ森,grounding_far_from_candidate
500,丸山,grounding_far_from_all_candidates,summit-candidate:453327d51d16e202,0.36,3102.8,grounding_contradicted_or_unrelated,33.8318164,133.2841218,1850.97,1547,丸山・ちち山・笹ヶ峰,grounding_far_from_candidate
501,大森山,grounding_far_from_all_candidates,summit-candidate:565ba3761956d9b3,0.416,37661.1,grounding_contradicted_or_unrelated,33.8789795,133.544002,1426.5633333333335,1399,大森山・佐々連尾山・三つ足山,grounding_far_from_candidate
505,高山寺山,grounding_far_from_all_candidates,summit-candidate:101c1b0635c0bec0,0.264,75689.4,grounding_contradicted_or_unrelated,34.1144302,132.9156361,131.66666666666666,561,高山,grounding_far_from_candidate
506,陣ヶ森,grounding_far_from_all_candidates,summit-candidate:e084389cc60ad329,0.32,24182.4,grounding_contradicted_or_unrelated,33.7260215,132.9136819,1203.3533333333332,565,陣ヶ森・前々司山・うなめご,grounding_far_from_candidate
511,秋葉山,grounding_far_from_all_candidates,summit-candidate:0bd3d051cdb972fd,0.32,13409,grounding_contradicted_or_unrelated,33.6988091,132.6831717,632.3133333333334,722,本尊山・秋葉山・立烏帽子山・明神山,grounding_far_from_candidate
512,黒山,grounding_far_from_all_candidates,summit-candidate:19baf3ce30f8991a,0.32,57328.3,grounding_contradicted_or_unrelated,33.1234747,132.6207282,1021.9555481598042,729,大黒山・譲ヶ葉森,grounding_far_from_candidate
513,大野山,grounding_far_from_all_candidates,summit-candidate:17a471cc45af2c05,0.32,96659.1,grounding_contradicted_or_unrelated,33.833662,133.4735407,1270.3933333333332,800,野地峰・黒岩山・大野山,grounding_far_from_candidate
518,笠松山,grounding_far_from_all_candidates,summit-candidate:8f25ad4ff380df77,0.32,34445.5,grounding_contradicted_or_unrelated,33.9820342,133.0334752,346.8866666666666,868,世田山・笠松山東峰・笠松山,grounding_far_from_candidate
531,扇山,grounding_far_from_all_candidates,summit-candidate:9acc21860aa8a208,0.32,40649.3,grounding_contradicted_or_unrelated,33.7680114,132.779871,192.99666666666667,1392,扇山,grounding_far_from_candidate
88,翠波峰,grounding_far_from_all_candidates,,0,,no_candidate,,,,891,,no_candidate_for_mountain
89,平石山,grounding_far_from_all_candidates,,0,,no_candidate,,,,826,,no_candidate_for_mountain
118,湯築山,grounding_far_from_all_candidates,,0,,no_candidate,,,,71,,no_candidate_for_mountain
171,塔ノ峰,grounding_far_from_all_candidates,,0,,no_candidate,,,,150,,no_candidate_for_mountain
172,海山,grounding_far_from_all_candidates,,0,,no_candidate,,,,155,,no_candidate_for_mountain
176,永納山(永納山城址),grounding_far_from_all_candidates,,0,,no_candidate,,,,132,,no_candidate_for_mountain
177,佐々久山,grounding_far_from_all_candidates,,0,,no_candidate,,,,56,,no_candidate_for_mountain
178,土亀山,grounding_far_from_all_candidates,,0,,no_candidate,,,,50,,no_candidate_for_mountain
197,見晴山,grounding_far_from_all_candidates,,0,,no_candidate,,,,395,,no_candidate_for_mountain
253,秦皇山,grounding_far_from_all_candidates,,0,,no_candidate,,,,874,,no_candidate_for_mountain
260,開山,grounding_far_from_all_candidates,,0,,no_candidate,,,,149,,no_candidate_for_mountain
372,亀老山,grounding_far_from_all_candidates,,0,,no_candidate,,,,301,,no_candidate_for_mountain
382,若いもん山,grounding_far_from_all_candidates,,0,,no_candidate,,,,127,,no_candidate_for_mountain
400,愛の森,grounding_far_from_all_candidates,,0,,no_candidate,,,,466,,no_candidate_for_mountain
403,船山,grounding_far_from_all_candidates,,0,,no_candidate,,,,910,,no_candidate_for_mountain
424,千秋寺山,grounding_far_from_all_candidates,,0,,no_candidate,,,,157,,no_candidate_for_mountain
439,天満山,grounding_far_from_all_candidates,,0,,no_candidate,,,,1360,,no_candidate_for_mountain
464,飯之山,grounding_far_from_all_candidates,,0,,no_candidate,,,,320,,no_candidate_for_mountain
471,花見山,grounding_far_from_all_candidates,,0,,no_candidate,,,,23,,no_candidate_for_mountain
479,四本松,grounding_far_from_all_candidates,,0,,no_candidate,,,,721,,no_candidate_for_mountain
502,うつむき山,grounding_far_from_all_candidates,,0,,no_candidate,,,,535,,no_candidate_for_mountain
503,妙見山,grounding_far_from_all_candidates,,0,,no_candidate,,,,535,,no_candidate_for_mountain
504,鉢が森,grounding_far_from_all_candidates,,0,,no_candidate,,,,552,,no_candidate_for_mountain
507,牛ヶ首,grounding_far_from_all_candidates,,0,,no_candidate,,,,584,,no_candidate_for_mountain
508,三石山,grounding_far_from_all_candidates,,0,,no_candidate,,,,616,,no_candidate_for_mountain
509,感応寺山,grounding_far_from_all_candidates,,0,,no_candidate,,,,688,,no_candidate_for_mountain
510,水無権現,grounding_far_from_all_candidates,,0,,no_candidate,,,,703,,no_candidate_for_mountain
514,棟山,grounding_far_from_all_candidates,,0,,no_candidate,,,,808,,no_candidate_for_mountain
515,星ヶ森,grounding_far_from_all_candidates,,0,,no_candidate,,,,820,,no_candidate_for_mountain
516,草屋敷,grounding_far_from_all_candidates,,0,,no_candidate,,,,824,,no_candidate_for_mountain
517,大熊山,grounding_far_from_all_candidates,,0,,no_candidate,,,,856,,no_candidate_for_mountain
519,蒲山,grounding_far_from_all_candidates,,0,,no_candidate,,,,873,,no_candidate_for_mountain
520,牛ノ峯,grounding_far_from_all_candidates,,0,,no_candidate,,,,895,,no_candidate_for_mountain
521,小森,grounding_far_from_all_candidates,,0,,no_candidate,,,,932,,no_candidate_for_mountain
522,辻ヶ峰,grounding_far_from_all_candidates,,0,,no_candidate,,,,957,,no_candidate_for_mountain
523,常住,grounding_far_from_all_candidates,,0,,no_candidate,,,,984,,no_candidate_for_mountain
524,熊鷹山,grounding_far_from_all_candidates,,0,,no_candidate,,,,1095,,no_candidate_for_mountain
525,櫛ヶ峰,grounding_far_from_all_candidates,,0,,no_candidate,,,,1112,,no_candidate_for_mountain
526,大旗山,grounding_far_from_all_candidates,,0,,no_candidate,,,,1184,,no_candidate_for_mountain
527,兵庫山,grounding_far_from_all_candidates,,0,,no_candidate,,,,1303,,no_candidate_for_mountain
528,生之越,grounding_far_from_all_candidates,,0,,no_candidate,,,,1310,,no_candidate_for_mountain
529,玉取山,grounding_far_from_all_candidates,,0,,no_candidate,,,,1330,,no_candidate_for_mountain
530,三ヶ森,grounding_far_from_all_candidates,,0,,no_candidate,,,,1377,,no_candidate_for_mountain
