mountain_no,mountain_name,category,candidate_count,top_summit_candidate_id,top_score,top_confidence,top_match_status,top_candidate_generation_strategy,top_source_gpx_basename,top_track_name,top_candidate_lat,top_candidate_lon,top_candidate_ele_m,mountain_csv_lat,mountain_csv_lon,mountain_elevation_m,grounding_status,grounding_distance_m,grounding_municipality,candidate_municipality,municipality_compatibility,name_evidence_tier,elevation_diff_m,csv_coordinate_distance_m,activity_link_summary,needs_human_review,review_reason_codes,notes
1,関ヶ森,v3_conflict_case,4,summit-candidate:a0c35720552a78c8,0.65,medium,v3_conflict_case,fallback_name_municipality,yamap_2022-01-15_08_17.gpx,関ヶ森・観音山・倉谷山・芝ヶ峠,NaN,NaN,,,,592,,,,松山市,compatible,strong,,,,true,grounding_missing;missing_csv_coordinate;timezone_ambiguity;multiple_mountains_for_candidate;near_tie_candidates_for_mountain,
2,観音山,v3_conflict_case,11,summit-candidate:0022a746b396d4c7,0.65,medium,v3_conflict_case,fallback_name_municipality,yamap_2024-03-10_07_12.gpx,夫婦山・白山・観音山・国見山・城山・御勧請山,NaN,NaN,,,,518,,,,松山市,compatible,strong,,,,true,grounding_missing;missing_csv_coordinate;timezone_ambiguity;multiple_mountains_for_candidate;near_tie_candidates_for_mountain,
3,高森山,v3_conflict_case,9,summit-candidate:428f403ddcc5a31a,0.65,medium,v3_conflict_case,fallback_name_municipality,yamap_2026-02-22_07_32.gpx,高森山・町木山・寒台山・鎧掛山,NaN,NaN,,,,724,,NaN,東温市,,unknown,strong,,,,true,missing_csv_coordinate;timezone_ambiguity;multiple_mountains_for_candidate;near_tie_candidates_for_mountain,
4,岩伽羅山,v3_conflict_case,2,summit-candidate:d03c84134ca0989d,0.65,medium,v3_conflict_case,fallback_name_municipality,yamap_2022-01-22_09_04.gpx,高森山・岩伽羅山・衣掛山・吉山(吉山城址),NaN,NaN,,,,696,,,,東温市,compatible,strong,,,,true,grounding_missing;missing_csv_coordinate;timezone_ambiguity;multiple_mountains_for_candidate;near_tie_candidates_for_mountain,
5,衣掛山,v3_conflict_case,2,summit-candidate:d03c84134ca0989d,0.65,medium,v3_conflict_case,fallback_name_municipality,yamap_2022-01-22_09_04.gpx,高森山・岩伽羅山・衣掛山・吉山(吉山城址),NaN,NaN,,,,463,,,,東温市,compatible,strong,,,,true,grounding_missing;missing_csv_coordinate;timezone_ambiguity;multiple_mountains_for_candidate;near_tie_candidates_for_mountain,
6,吉山(吉山城址),v3_conflict_case,2,summit-candidate:d03c84134ca0989d,0.65,medium,v3_conflict_case,fallback_name_municipality,yamap_2022-01-22_09_04.gpx,高森山・岩伽羅山・衣掛山・吉山(吉山城址),NaN,NaN,,,,262,,,,東温市,compatible,strong,,,,true,grounding_missing;missing_csv_coordinate;timezone_ambiguity;multiple_mountains_for_candidate;near_tie_candidates_for_mountain,
7,尾ノ峰,v3_conflict_case,4,summit-candidate:36e3ac8003e8b5d0,0.65,medium,v3_conflict_case,fallback_name_municipality,yamap_2022-01-28_12_28.gpx,尾ノ峰・新城山・腰折山・恵良山,NaN,NaN,,,,193,,,,松山市,compatible,strong,,,,true,grounding_missing;missing_csv_coordinate;timezone_ambiguity;multiple_mountains_for_candidate;near_tie_candidates_for_mountain,
8,新城山,v3_conflict_case,4,summit-candidate:36e3ac8003e8b5d0,0.65,medium,v3_conflict_case,fallback_name_municipality,yamap_2022-01-28_12_28.gpx,尾ノ峰・新城山・腰折山・恵良山,NaN,NaN,,,,161,,,,松山市,compatible,strong,,,,true,grounding_missing;missing_csv_coordinate;timezone_ambiguity;multiple_mountains_for_candidate;near_tie_candidates_for_mountain,
9,腰折山,v3_conflict_case,4,summit-candidate:36e3ac8003e8b5d0,0.65,medium,v3_conflict_case,fallback_name_municipality,yamap_2022-01-28_12_28.gpx,尾ノ峰・新城山・腰折山・恵良山,NaN,NaN,,,,213,,,,松山市,compatible,strong,,,,true,grounding_missing;missing_csv_coordinate;timezone_ambiguity;multiple_mountains_for_candidate;near_tie_candidates_for_mountain,
10,恵良山,v3_conflict_case,4,summit-candidate:36e3ac8003e8b5d0,0.65,medium,v3_conflict_case,fallback_name_municipality,yamap_2022-01-28_12_28.gpx,尾ノ峰・新城山・腰折山・恵良山,NaN,NaN,,,,302,,,,松山市,compatible,strong,,,,true,grounding_missing;missing_csv_coordinate;timezone_ambiguity;multiple_mountains_for_candidate;near_tie_candidates_for_mountain,
11,皿ヶ森,v3_conflict_case,2,summit-candidate:59c561a08189d6b9,0.65,medium,v3_conflict_case,fallback_name_municipality,yamap_2022-01-29_08_35.gpx,皿ヶ森・経座ヶ森・ヨソ山,NaN,NaN,,,,633,,,,東温市,compatible,strong,,,,true,grounding_missing;missing_csv_coordinate;timezone_ambiguity;multiple_mountains_for_candidate;near_tie_candidates_for_mountain,
12,経座ヶ森,v3_conflict_case,2,summit-candidate:59c561a08189d6b9,0.65,medium,v3_conflict_case,fallback_name_municipality,yamap_2022-01-29_08_35.gpx,皿ヶ森・経座ヶ森・ヨソ山,NaN,NaN,,,,735,,,,東温市,compatible,strong,,,,true,grounding_missing;missing_csv_coordinate;timezone_ambiguity;multiple_mountains_for_candidate;near_tie_candidates_for_mountain,
13,谷上山,v3_conflict_case,5,summit-candidate:0eff3d1ea2b48d73,0.65,medium,v3_conflict_case,fallback_name_municipality,yamap_2022-02-06_08_26.gpx,谷上山・権現山・白滝山・障子山,NaN,NaN,,,,455,,,,伊予市,compatible,strong,,,,true,grounding_missing;missing_csv_coordinate;timezone_ambiguity;multiple_mountains_for_candidate;near_tie_candidates_for_mountain,
14,権現山,v3_conflict_case,22,summit-candidate:0eff3d1ea2b48d73,0.65,medium,v3_conflict_case,fallback_name_municipality,yamap_2022-02-06_08_26.gpx,谷上山・権現山・白滝山・障子山,NaN,NaN,,,,479,,,,伊予市,compatible,strong,,,,true,grounding_missing;missing_csv_coordinate;timezone_ambiguity;multiple_mountains_for_candidate;near_tie_candidates_for_mountain,
15,白滝山,v3_conflict_case,5,summit-candidate:0eff3d1ea2b48d73,0.65,medium,v3_conflict_case,fallback_name_municipality,yamap_2022-02-06_08_26.gpx,谷上山・権現山・白滝山・障子山,NaN,NaN,,,,504,,,,伊予市,compatible,strong,,,,true,grounding_missing;missing_csv_coordinate;timezone_ambiguity;multiple_mountains_for_candidate;near_tie_candidates_for_mountain,
16,障子山,v3_conflict_case,5,summit-candidate:0eff3d1ea2b48d73,0.65,medium,v3_conflict_case,fallback_name_municipality,yamap_2022-02-06_08_26.gpx,谷上山・権現山・白滝山・障子山,NaN,NaN,,,,885,,,,伊予市,compatible,strong,,,,true,grounding_missing;missing_csv_coordinate;timezone_ambiguity;multiple_mountains_for_candidate;near_tie_candidates_for_mountain,
17,伽藍山,v3_conflict_case,2,summit-candidate:40d5b4863907057a,0.65,medium,v3_conflict_case,fallback_name_municipality,yamap_2022-02-09_10_01.gpx,佐田岬と伽藍山,NaN,NaN,,,,414,,,,伊方町,compatible,strong,,,,true,grounding_missing;missing_csv_coordinate;timezone_ambiguity;near_tie_candidates_for_mountain,
18,塩ヶ森,v3_conflict_case,5,summit-candidate:0c210f0edfbda06f,0.65,medium,v3_conflict_case,fallback_name_municipality,yamap_2022-02-11_08_26.gpx,塩ヶ森・番駄ヶ森・ケタ山・大磨山・鍵山（象ヶ森）,NaN,NaN,,,,526,,,,東温市,compatible,strong,,,,true,grounding_missing;missing_csv_coordinate;timezone_ambiguity;multiple_mountains_for_candidate;near_tie_candidates_for_mountain,
19,番駄ヶ森,v3_conflict_case,5,summit-candidate:0c210f0edfbda06f,0.65,medium,v3_conflict_case,fallback_name_municipality,yamap_2022-02-11_08_26.gpx,塩ヶ森・番駄ヶ森・ケタ山・大磨山・鍵山（象ヶ森）,NaN,NaN,,,,605,,,,東温市,compatible,strong,,,,true,grounding_missing;missing_csv_coordinate;timezone_ambiguity;multiple_mountains_for_candidate;near_tie_candidates_for_mountain,
20,ケタ山,v3_conflict_case,5,summit-candidate:0c210f0edfbda06f,0.65,medium,v3_conflict_case,fallback_name_municipality,yamap_2022-02-11_08_26.gpx,塩ヶ森・番駄ヶ森・ケタ山・大磨山・鍵山（象ヶ森）,NaN,NaN,,,,659,,,,東温市,compatible,strong,,,,true,grounding_missing;missing_csv_coordinate;timezone_ambiguity;multiple_mountains_for_candidate;near_tie_candidates_for_mountain,
21,大磨山,v3_conflict_case,5,summit-candidate:0c210f0edfbda06f,0.65,medium,v3_conflict_case,fallback_name_municipality,yamap_2022-02-11_08_26.gpx,塩ヶ森・番駄ヶ森・ケタ山・大磨山・鍵山（象ヶ森）,NaN,NaN,,,,648,,,,東温市,compatible,strong,,,,true,grounding_missing;missing_csv_coordinate;timezone_ambiguity;multiple_mountains_for_candidate;near_tie_candidates_for_mountain,
22,鍵山（象ヶ森）,v3_conflict_case,5,summit-candidate:0c210f0edfbda06f,0.65,medium,v3_conflict_case,fallback_name_municipality,yamap_2022-02-11_08_26.gpx,塩ヶ森・番駄ヶ森・ケタ山・大磨山・鍵山（象ヶ森）,NaN,NaN,,,,804,,,,東温市,compatible,strong,,,,true,grounding_missing;missing_csv_coordinate;timezone_ambiguity;multiple_mountains_for_candidate;near_tie_candidates_for_mountain,
23,天神山,v3_conflict_case,6,summit-candidate:452c10a1db199870,0.65,medium,v3_conflict_case,fallback_name_municipality,yamap_2022-03-20_07_06.gpx,大久保山・八里ヶ峠・中坂山・天神山・室岡山・潮見山,NaN,NaN,,,,200,,,,松山市,compatible,strong,,,,true,grounding_missing;missing_csv_coordinate;timezone_ambiguity;multiple_mountains_for_candidate;near_tie_candidates_for_mountain,
24,御幸寺山,v3_conflict_case,2,summit-candidate:543b4550a3ef3e87,0.65,medium,v3_conflict_case,fallback_name_municipality,yamap_2022-02-15_10_36.gpx,天神山・御幸寺山,NaN,NaN,,,,165,,,,松山市,compatible,strong,,,,true,grounding_missing;missing_csv_coordinate;timezone_ambiguity;multiple_mountains_for_candidate;near_tie_candidates_for_mountain,
25,愛宕山,v3_conflict_case,3,summit-candidate:22b4a5a5c856bf4d,0.65,medium,v3_conflict_case,fallback_name_municipality,yamap_2022-02-16_11_57.gpx,愛宕山・常光寺山,NaN,NaN,,,,115,,,,松山市,compatible,strong,,,,true,grounding_missing;missing_csv_coordinate;timezone_ambiguity;multiple_mountains_for_candidate;near_tie_candidates_for_mountain,
26,常光寺山,v3_conflict_case,2,summit-candidate:22b4a5a5c856bf4d,0.65,medium,v3_conflict_case,fallback_name_municipality,yamap_2022-02-16_11_57.gpx,愛宕山・常光寺山,NaN,NaN,,,,124,,,,松山市,compatible,strong,,,,true,grounding_missing;missing_csv_coordinate;timezone_ambiguity;multiple_mountains_for_candidate;near_tie_candidates_for_mountain,
29,高山,v3_conflict_case,5,summit-candidate:8ff6361109e5ed5c,0.65,medium,v3_conflict_case,fallback_name_municipality,yamap_2025-03-20_08_27.gpx,高山・大里山・泰ノ山,NaN,NaN,,,,463,,,,松山市,compatible,strong,,,,true,grounding_missing;missing_csv_coordinate;timezone_ambiguity;multiple_mountains_for_candidate;near_tie_candidates_for_mountain,
31,西山,v3_conflict_case,10,summit-candidate:23c112538ef91e0d,0.65,medium,v3_conflict_case,fallback_name_municipality,yamap_2022-02-23_08_42.gpx,西山・経ヶ森・岩子山・護摩ヶ森,NaN,NaN,,,,172,,,,松山市,compatible,strong,,,,true,grounding_missing;missing_csv_coordinate;timezone_ambiguity;multiple_mountains_for_candidate;near_tie_candidates_for_mountain,
32,岩子山,v3_conflict_case,6,summit-candidate:23c112538ef91e0d,0.65,medium,v3_conflict_case,fallback_name_municipality,yamap_2022-02-23_08_42.gpx,西山・経ヶ森・岩子山・護摩ヶ森,NaN,NaN,,,,181,,,,松山市,compatible,strong,,,,true,grounding_missing;missing_csv_coordinate;timezone_ambiguity;multiple_mountains_for_candidate;near_tie_candidates_for_mountain,
33,経ヶ森,v3_conflict_case,2,summit-candidate:23c112538ef91e0d,0.65,medium,v3_conflict_case,fallback_name_municipality,yamap_2022-02-23_08_42.gpx,西山・経ヶ森・岩子山・護摩ヶ森,NaN,NaN,,,,200,,,,松山市,compatible,strong,,,,true,grounding_missing;missing_csv_coordinate;timezone_ambiguity;multiple_mountains_for_candidate;near_tie_candidates_for_mountain,
34,護摩ヶ森,v3_conflict_case,5,summit-candidate:23c112538ef91e0d,0.65,medium,v3_conflict_case,fallback_name_municipality,yamap_2022-02-23_08_42.gpx,西山・経ヶ森・岩子山・護摩ヶ森,NaN,NaN,,,,170,,,,松山市,compatible,strong,,,,true,grounding_missing;missing_csv_coordinate;timezone_ambiguity;multiple_mountains_for_candidate;near_tie_candidates_for_mountain,
35,御岳山,v3_conflict_case,2,summit-candidate:54cf4155ab259d9d,0.65,medium,v3_conflict_case,fallback_name_municipality,yamap_2022-02-26_07_43.gpx,御岳山,NaN,NaN,,,,438,,,,東温市,compatible,strong,,,,true,grounding_missing;missing_csv_coordinate;timezone_ambiguity;multiple_mountains_for_candidate;near_tie_candidates_for_mountain,
40,ヌタノサコ,v3_conflict_case,3,summit-candidate:0ec3be2fa2295b82,0.65,medium,v3_conflict_case,fallback_name_municipality,yamap_2022-03-03_10_47.gpx,奥之城山・ヌタノサコ,NaN,NaN,,,,514,,,,松山市,compatible,strong,,,,true,grounding_missing;missing_csv_coordinate;timezone_ambiguity;multiple_mountains_for_candidate;near_tie_candidates_for_mountain,
41,城山,v3_conflict_case,28,summit-candidate:07834c521328cc1d,0.65,medium,v3_conflict_case,fallback_name_municipality,yamap_2022-03-05_09_44.gpx,城山・水梨山・向山,NaN,NaN,,,,592,,,,砥部町,compatible,strong,,,,true,grounding_missing;missing_csv_coordinate;timezone_ambiguity;multiple_mountains_for_candidate;near_tie_candidates_for_mountain,
42,水梨山,v3_conflict_case,5,summit-candidate:07834c521328cc1d,0.65,medium,v3_conflict_case,fallback_name_municipality,yamap_2022-03-05_09_44.gpx,城山・水梨山・向山,NaN,NaN,,,,729,,,,砥部町,compatible,strong,,,,true,grounding_missing;missing_csv_coordinate;timezone_ambiguity;multiple_mountains_for_candidate;near_tie_candidates_for_mountain,
43,向山,v3_conflict_case,5,summit-candidate:07834c521328cc1d,0.65,medium,v3_conflict_case,fallback_name_municipality,yamap_2022-03-05_09_44.gpx,城山・水梨山・向山,NaN,NaN,,,,683,,,,砥部町,compatible,strong,,,,true,grounding_missing;missing_csv_coordinate;timezone_ambiguity;multiple_mountains_for_candidate;near_tie_candidates_for_mountain,
44,稔山,v3_conflict_case,2,summit-candidate:622b899de76208ef,0.65,medium,v3_conflict_case,fallback_name_municipality,yamap_2022-03-09_10_20.gpx,稔山,NaN,NaN,,,,917,,,,東温市,compatible,strong,,,,true,grounding_missing;missing_csv_coordinate;timezone_ambiguity;near_tie_candidates_for_mountain,
45,菊ヶ森,v3_conflict_case,4,summit-candidate:ab8cf0f07d2a219d,0.65,medium,v3_conflict_case,fallback_name_municipality,yamap_2022-03-12_08_31.gpx,菊ヶ森,NaN,NaN,,,,151,,,,松山市,compatible,strong,,,,true,grounding_missing;missing_csv_coordinate;timezone_ambiguity;multiple_mountains_for_candidate,
47,倉谷山,v3_conflict_case,7,summit-candidate:079ae30d76fb11c2,0.65,medium,v3_conflict_case,fallback_name_municipality,yamap_2022-03-13_09_49.gpx,倉谷山・芝ヶ峠・淡路ヶ峠・宝ヶ峯,NaN,NaN,,,,420,,,,松山市,compatible,strong,,,,true,grounding_missing;missing_csv_coordinate;timezone_ambiguity;multiple_mountains_for_candidate;near_tie_candidates_for_mountain,
48,芝ヶ峠,v3_conflict_case,7,summit-candidate:079ae30d76fb11c2,0.65,medium,v3_conflict_case,fallback_name_municipality,yamap_2022-03-13_09_49.gpx,倉谷山・芝ヶ峠・淡路ヶ峠・宝ヶ峯,NaN,NaN,,,,282,,,,松山市,compatible,strong,,,,true,grounding_missing;missing_csv_coordinate;timezone_ambiguity;multiple_mountains_for_candidate;near_tie_candidates_for_mountain,
49,大久保山,v3_conflict_case,9,summit-candidate:452c10a1db199870,0.65,medium,v3_conflict_case,fallback_name_municipality,yamap_2022-03-20_07_06.gpx,大久保山・八里ヶ峠・中坂山・天神山・室岡山・潮見山,NaN,NaN,,,,175,,NaN,伊予市,松山市,compatible,strong,,,,true,missing_csv_coordinate;timezone_ambiguity;multiple_mountains_for_candidate;near_tie_candidates_for_mountain,
50,八里ヶ峠,v3_conflict_case,4,summit-candidate:452c10a1db199870,0.65,medium,v3_conflict_case,fallback_name_municipality,yamap_2022-03-20_07_06.gpx,大久保山・八里ヶ峠・中坂山・天神山・室岡山・潮見山,NaN,NaN,,,,182,,NaN,伊予市,松山市,compatible,strong,,,,true,missing_csv_coordinate;timezone_ambiguity;multiple_mountains_for_candidate;near_tie_candidates_for_mountain,
51,中坂山,v3_conflict_case,4,summit-candidate:452c10a1db199870,0.65,medium,v3_conflict_case,fallback_name_municipality,yamap_2022-03-20_07_06.gpx,大久保山・八里ヶ峠・中坂山・天神山・室岡山・潮見山,NaN,NaN,,,,98,,,,松山市,compatible,strong,,,,true,grounding_missing;missing_csv_coordinate;timezone_ambiguity;multiple_mountains_for_candidate;near_tie_candidates_for_mountain,
52,天神山,v3_conflict_case,6,summit-candidate:452c10a1db199870,0.65,medium,v3_conflict_case,fallback_name_municipality,yamap_2022-03-20_07_06.gpx,大久保山・八里ヶ峠・中坂山・天神山・室岡山・潮見山,NaN,NaN,,,,47,,NaN,久万高原町,松山市,compatible,strong,,,,true,missing_csv_coordinate;timezone_ambiguity;multiple_mountains_for_candidate;near_tie_candidates_for_mountain,
53,室岡山,v3_conflict_case,4,summit-candidate:452c10a1db199870,0.65,medium,v3_conflict_case,fallback_name_municipality,yamap_2022-03-20_07_06.gpx,大久保山・八里ヶ峠・中坂山・天神山・室岡山・潮見山,NaN,NaN,,,,42,,NaN,久万高原町,松山市,compatible,strong,,,,true,missing_csv_coordinate;timezone_ambiguity;multiple_mountains_for_candidate;near_tie_candidates_for_mountain,
54,潮見山,v3_conflict_case,6,summit-candidate:3259dfe3d9ce60c5,0.65,medium,v3_conflict_case,fallback_name_municipality,yamap_2022-03-23_07_38.gpx,明神山・潮見山,NaN,NaN,,,,123,,NaN,久万高原町,松山市,compatible,strong,,,,true,missing_csv_coordinate;timezone_ambiguity;multiple_mountains_for_candidate;near_tie_candidates_for_mountain,
55,明神山,v3_conflict_case,9,summit-candidate:3259dfe3d9ce60c5,0.65,medium,v3_conflict_case,fallback_name_municipality,yamap_2022-03-23_07_38.gpx,明神山・潮見山,NaN,NaN,,,,161,,NaN,久万高原町,松山市,compatible,strong,,,,true,missing_csv_coordinate;timezone_ambiguity;multiple_mountains_for_candidate;near_tie_candidates_for_mountain,
56,潮見山,v3_conflict_case,6,summit-candidate:3259dfe3d9ce60c5,0.65,medium,v3_conflict_case,fallback_name_municipality,yamap_2022-03-23_07_38.gpx,明神山・潮見山,NaN,NaN,,,,214,,,,松山市,compatible,strong,,,,true,grounding_missing;missing_csv_coordinate;timezone_ambiguity;multiple_mountains_for_candidate;near_tie_candidates_for_mountain,
57,十門山(十門城址),v3_conflict_case,2,summit-candidate:555fd1e3be8780dd,0.65,medium,v3_conflict_case,fallback_name_municipality,yamap_2022-03-25_12_12.gpx,十門山(十門城址)・ヨソ山,NaN,NaN,,,,683,,,,東温市,compatible,strong,,,,true,grounding_missing;missing_csv_coordinate;timezone_ambiguity;multiple_mountains_for_candidate;near_tie_candidates_for_mountain,
58,ヨソ山,v3_conflict_case,4,summit-candidate:555fd1e3be8780dd,0.55,low,v3_conflict_case,fallback_name_only_review,yamap_2022-03-25_12_12.gpx,十門山(十門城址)・ヨソ山,NaN,NaN,,,,928,,NaN,東温市,東温市,compatible,strong,,,,true,municipality_mismatch;missing_csv_coordinate;timezone_ambiguity;multiple_mountains_for_candidate;near_tie_candidates_for_mountain,
60,鬼ヶ城山,v3_conflict_case,5,summit-candidate:27c1036d4aa2230e,0.65,medium,v3_conflict_case,fallback_name_municipality,yamap_2022-04-08_09_33.gpx,鬼ヶ城山・大久保山・八面山・三本杭・横ノ森・小屋ヶ森・毛山,NaN,NaN,,,,1151,,,,宇和島市,compatible,strong,,,,true,grounding_missing;missing_csv_coordinate;timezone_ambiguity;multiple_mountains_for_candidate;near_tie_candidates_for_mountain,
61,三本杭,v3_conflict_case,5,summit-candidate:27c1036d4aa2230e,0.65,medium,v3_conflict_case,fallback_name_municipality,yamap_2022-04-08_09_33.gpx,鬼ヶ城山・大久保山・八面山・三本杭・横ノ森・小屋ヶ森・毛山,NaN,NaN,,,,1226,,,,宇和島市,compatible,strong,,,,true,grounding_missing;missing_csv_coordinate;timezone_ambiguity;multiple_mountains_for_candidate;near_tie_candidates_for_mountain,
62,八面山,v3_conflict_case,5,summit-candidate:27c1036d4aa2230e,0.65,medium,v3_conflict_case,fallback_name_municipality,yamap_2022-04-08_09_33.gpx,鬼ヶ城山・大久保山・八面山・三本杭・横ノ森・小屋ヶ森・毛山,NaN,NaN,,,,1166,,,,宇和島市,compatible,strong,,,,true,grounding_missing;missing_csv_coordinate;timezone_ambiguity;multiple_mountains_for_candidate;near_tie_candidates_for_mountain,
63,大久保山,v3_conflict_case,9,summit-candidate:27c1036d4aa2230e,0.65,medium,v3_conflict_case,fallback_name_municipality,yamap_2022-04-08_09_33.gpx,鬼ヶ城山・大久保山・八面山・三本杭・横ノ森・小屋ヶ森・毛山,NaN,NaN,,,,1155,,NaN,新居浜市,宇和島市,compatible,strong,,,,true,missing_csv_coordinate;timezone_ambiguity;multiple_mountains_for_candidate;near_tie_candidates_for_mountain,
64,大月山,v3_conflict_case,2,summit-candidate:6ba0d3c6b0fb6b96,0.65,medium,v3_conflict_case,fallback_name_municipality,yamap_2022-04-09_14_44.gpx,大月山・高縄山,NaN,NaN,,,,953,,,,松山市,compatible,strong,,,,true,grounding_missing;missing_csv_coordinate;timezone_ambiguity;multiple_mountains_for_candidate;near_tie_candidates_for_mountain,
65,引地山,v3_conflict_case,2,summit-candidate:b06e13a9483478e5,0.65,medium,v3_conflict_case,fallback_name_municipality,yamap_2022-04-15_11_52.gpx,皿ヶ嶺・引地山,NaN,NaN,,,,1027,,NaN,松山市,,unknown,strong,,,,true,missing_csv_coordinate;timezone_ambiguity;multiple_mountains_for_candidate,
66,東三方ヶ森,v3_conflict_case,4,summit-candidate:77bb5774f7fa012e,0.65,medium,v3_conflict_case,fallback_name_municipality,yamap_2022-04-16_07_39.gpx,東三方ヶ森,NaN,NaN,,,,1233,,NaN,東温市,,unknown,strong,,,,true,missing_csv_coordinate;timezone_ambiguity;near_tie_candidates_for_mountain,
68,三滝山,v3_conflict_case,1,summit-candidate:da65a16f23740e83,0.65,medium,v3_conflict_case,fallback_name_municipality,yamap_2022-04-22_12_22.gpx,三滝山,NaN,NaN,,,,642,,,,西予市,compatible,strong,,,,true,grounding_missing;missing_csv_coordinate;timezone_ambiguity;multiple_mountains_for_candidate,
72,伊之子山,v3_conflict_case,2,summit-candidate:15c71a530dcecd2e,0.65,medium,v3_conflict_case,fallback_name_municipality,yamap_2022-04-25_11_35.gpx,伊之子山・左谷ノ森,NaN,NaN,,,,872,,NaN,松山市,松山市,compatible,strong,,,,true,missing_csv_coordinate;timezone_ambiguity;multiple_mountains_for_candidate;near_tie_candidates_for_mountain,
73,御在所山,v3_conflict_case,2,summit-candidate:17c3649ad9b147ce,0.65,medium,v3_conflict_case,fallback_name_municipality,yamap_2026-01-07_07_05.gpx,御在所山,NaN,NaN,,,,915,,NaN,西予市,,unknown,strong,,,,true,missing_csv_coordinate;timezone_ambiguity;multiple_mountains_for_candidate;near_tie_candidates_for_mountain,
74,岩黒山,v3_conflict_case,4,summit-candidate:43f9d4fa36aabb79,0.65,medium,v3_conflict_case,fallback_name_municipality,yamap_2022-04-30_08_30.gpx,岩黒山・筒上山・手箱山,NaN,NaN,,,,1746,,NaN,久万高原町,,unknown,strong,,,,true,missing_csv_coordinate;timezone_ambiguity;multiple_mountains_for_candidate;near_tie_candidates_for_mountain,
75,筒上山,v3_conflict_case,4,summit-candidate:43f9d4fa36aabb79,0.65,medium,v3_conflict_case,fallback_name_municipality,yamap_2022-04-30_08_30.gpx,岩黒山・筒上山・手箱山,NaN,NaN,,,,1860,,NaN,久万高原町,,unknown,strong,,,,true,missing_csv_coordinate;timezone_ambiguity;multiple_mountains_for_candidate;near_tie_candidates_for_mountain,
76,手箱山,v3_conflict_case,4,summit-candidate:43f9d4fa36aabb79,0.65,medium,v3_conflict_case,fallback_name_municipality,yamap_2022-04-30_08_30.gpx,岩黒山・筒上山・手箱山,NaN,NaN,,,,1806,,NaN,久万高原町,,unknown,strong,,,,true,missing_csv_coordinate;timezone_ambiguity;multiple_mountains_for_candidate;near_tie_candidates_for_mountain,
77,大川嶺,v3_conflict_case,2,summit-candidate:1ebd63d8e2790409,0.65,medium,v3_conflict_case,fallback_name_municipality,yamap_2022-05-02_09_06.gpx,大川嶺・笠取山・ウバホド山,NaN,NaN,,,,1525,,NaN,久万高原町,久万高原町,compatible,strong,,,,true,missing_csv_coordinate;timezone_ambiguity;multiple_mountains_for_candidate;near_tie_candidates_for_mountain,
78,笠取山,v3_conflict_case,2,summit-candidate:1ebd63d8e2790409,0.65,medium,v3_conflict_case,fallback_name_municipality,yamap_2022-05-02_09_06.gpx,大川嶺・笠取山・ウバホド山,NaN,NaN,,,,1562,,NaN,久万高原町,久万高原町,compatible,strong,,,,true,missing_csv_coordinate;timezone_ambiguity;multiple_mountains_for_candidate;near_tie_candidates_for_mountain,
79,ウバホド山,v3_conflict_case,2,summit-candidate:1ebd63d8e2790409,0.65,medium,v3_conflict_case,fallback_name_municipality,yamap_2022-05-02_09_06.gpx,大川嶺・笠取山・ウバホド山,NaN,NaN,,,,1482,,NaN,久万高原町,久万高原町,compatible,strong,,,,true,missing_csv_coordinate;timezone_ambiguity;multiple_mountains_for_candidate;near_tie_candidates_for_mountain,
80,うなめご,v3_conflict_case,3,summit-candidate:e7e4429a39f6359f,0.65,medium,v3_conflict_case,fallback_name_municipality,yamap_2022-05-05_13_29.gpx,陣ヶ森・前々司山・うなめご,NaN,NaN,,,,1284,,NaN,東温市,,unknown,strong,,,,true,missing_csv_coordinate;timezone_ambiguity;multiple_mountains_for_candidate,
81,前々司山,v3_conflict_case,3,summit-candidate:e7e4429a39f6359f,0.65,medium,v3_conflict_case,fallback_name_municipality,yamap_2022-05-05_13_29.gpx,陣ヶ森・前々司山・うなめご,NaN,NaN,,,,1253,,NaN,東温市,,unknown,strong,,,,true,missing_csv_coordinate;timezone_ambiguity;multiple_mountains_for_candidate,
82,陣ヶ森,v3_conflict_case,3,summit-candidate:e7e4429a39f6359f,0.65,medium,v3_conflict_case,fallback_name_municipality,yamap_2022-05-05_13_29.gpx,陣ヶ森・前々司山・うなめご,NaN,NaN,,,,1207,,NaN,東温市,,unknown,strong,,,,true,missing_csv_coordinate;timezone_ambiguity;multiple_mountains_for_candidate,
83,寒川山,v3_conflict_case,3,summit-candidate:2f7dbee4c5bde53e,0.65,medium,v3_conflict_case,fallback_name_municipality,yamap_2022-05-07_07_14.gpx,寒川山・鋸山・七々木山・豊受山・赤星山,NaN,NaN,,,,817,,NaN,四国中央市,四国中央市,compatible,strong,,,,true,missing_csv_coordinate;timezone_ambiguity;multiple_mountains_for_candidate;near_tie_candidates_for_mountain,
84,豊受山,v3_conflict_case,3,summit-candidate:2f7dbee4c5bde53e,0.65,medium,v3_conflict_case,fallback_name_municipality,yamap_2022-05-07_07_14.gpx,寒川山・鋸山・七々木山・豊受山・赤星山,NaN,NaN,,,,1247,,NaN,四国中央市,四国中央市,compatible,strong,,,,true,missing_csv_coordinate;timezone_ambiguity;multiple_mountains_for_candidate;near_tie_candidates_for_mountain,
85,赤星山,v3_conflict_case,3,summit-candidate:2f7dbee4c5bde53e,0.65,medium,v3_conflict_case,fallback_name_municipality,yamap_2022-05-07_07_14.gpx,寒川山・鋸山・七々木山・豊受山・赤星山,NaN,NaN,,,,1453,,,,四国中央市,compatible,strong,,,,true,grounding_missing;missing_csv_coordinate;timezone_ambiguity;multiple_mountains_for_candidate;near_tie_candidates_for_mountain,
86,七々木山,v3_conflict_case,3,summit-candidate:2f7dbee4c5bde53e,0.65,medium,v3_conflict_case,fallback_name_municipality,yamap_2022-05-07_07_14.gpx,寒川山・鋸山・七々木山・豊受山・赤星山,NaN,NaN,,,,1145,,NaN,四国中央市,四国中央市,compatible,strong,,,,true,missing_csv_coordinate;timezone_ambiguity;multiple_mountains_for_candidate;near_tie_candidates_for_mountain,
87,鋸山,v3_conflict_case,3,summit-candidate:2f7dbee4c5bde53e,0.65,medium,v3_conflict_case,fallback_name_municipality,yamap_2022-05-07_07_14.gpx,寒川山・鋸山・七々木山・豊受山・赤星山,NaN,NaN,,,,1017,,NaN,四国中央市,四国中央市,compatible,strong,,,,true,missing_csv_coordinate;timezone_ambiguity;multiple_mountains_for_candidate;near_tie_candidates_for_mountain,
90,割石東山,v3_conflict_case,6,summit-candidate:124ae25a51aa9a64,0.65,medium,v3_conflict_case,fallback_name_municipality,yamap_2022-05-15_06_10.gpx,割石東山・青滝山・堂ヶ森,NaN,NaN,,,,1074,,,,,unknown,strong,,,,true,grounding_missing;missing_csv_coordinate;timezone_ambiguity;multiple_mountains_for_candidate;near_tie_candidates_for_mountain,
91,青滝山,v3_conflict_case,6,summit-candidate:124ae25a51aa9a64,0.65,medium,v3_conflict_case,fallback_name_municipality,yamap_2022-05-15_06_10.gpx,割石東山・青滝山・堂ヶ森,NaN,NaN,,,,1303,,NaN,久万高原町,,unknown,strong,,,,true,missing_csv_coordinate;timezone_ambiguity;multiple_mountains_for_candidate;near_tie_candidates_for_mountain,
92,堂ヶ森,v3_conflict_case,6,summit-candidate:124ae25a51aa9a64,0.65,medium,v3_conflict_case,fallback_name_municipality,yamap_2022-05-15_06_10.gpx,割石東山・青滝山・堂ヶ森,NaN,NaN,,,,1689,,,,,unknown,strong,,,,true,grounding_missing;missing_csv_coordinate;timezone_ambiguity;multiple_mountains_for_candidate;near_tie_candidates_for_mountain,
93,南尖峰,v3_conflict_case,1,summit-candidate:3b98b67bbe0fe0f9,0.65,medium,v3_conflict_case,fallback_name_municipality,yamap_2022-05-22_08_09.gpx,石鎚山・天狗岳・南尖峰,NaN,NaN,,,,1982,,NaN,久万高原町,,unknown,strong,,,,true,missing_csv_coordinate;timezone_ambiguity;multiple_mountains_for_candidate,
95,勝山,v3_conflict_case,2,summit-candidate:2b833dfb6f3f84c1,0.65,medium,v3_conflict_case,fallback_name_municipality,yamap_2025-01-11_11_51.gpx,勝山,NaN,NaN,,,,131,,,,松山市,compatible,strong,,,,true,grounding_missing;missing_csv_coordinate;timezone_ambiguity;multiple_mountains_for_candidate;near_tie_candidates_for_mountain,
97,牛城,v3_conflict_case,2,summit-candidate:ba78489e4d448645,0.65,medium,v3_conflict_case,fallback_name_municipality,yamap_2025-08-15_10_51.gpx,小牛城,NaN,NaN,,,,1342,,NaN,西予市,,unknown,strong,,,,true,missing_csv_coordinate;timezone_ambiguity;multiple_mountains_for_candidate;near_tie_candidates_for_mountain,
101,鷲ヶ頭山,v3_conflict_case,2,summit-candidate:159deb385560c198,0.65,medium,v3_conflict_case,fallback_name_municipality,yamap_2022-06-20_12_02.gpx,安神山・鷲ヶ頭山,NaN,NaN,,,,436,,NaN,今治市,今治市,compatible,strong,,,,true,missing_csv_coordinate;timezone_ambiguity;multiple_mountains_for_candidate;near_tie_candidates_for_mountain,
102,安神山,v3_conflict_case,2,summit-candidate:159deb385560c198,0.65,medium,v3_conflict_case,fallback_name_municipality,yamap_2022-06-20_12_02.gpx,安神山・鷲ヶ頭山,NaN,NaN,,,,267,,NaN,今治市,今治市,compatible,strong,,,,true,missing_csv_coordinate;timezone_ambiguity;multiple_mountains_for_candidate;near_tie_candidates_for_mountain,
103,篠山,v3_conflict_case,4,summit-candidate:c8a7a1f1d1dad353,0.65,medium,v3_conflict_case,fallback_name_municipality,yamap_2022-06-23_13_59.gpx,篠山,NaN,NaN,,,,1065,,NaN,愛南町,,unknown,strong,,,,true,missing_csv_coordinate;timezone_ambiguity,
105,鞍瀬ノ頭,v3_conflict_case,3,summit-candidate:846b096132c533d6,0.65,medium,v3_conflict_case,fallback_name_municipality,yamap_2022-07-02_07_43.gpx,石鎚山・西ノ冠岳・面河の頭・二ノ森・鞍瀬ノ頭,NaN,NaN,,,,1889,,NaN,久万高原町,,unknown,strong,,,,true,missing_csv_coordinate;timezone_ambiguity;multiple_mountains_for_candidate;near_tie_candidates_for_mountain,
106,二ノ森,v3_conflict_case,3,summit-candidate:846b096132c533d6,0.65,medium,v3_conflict_case,fallback_name_municipality,yamap_2022-07-02_07_43.gpx,石鎚山・西ノ冠岳・面河の頭・二ノ森・鞍瀬ノ頭,NaN,NaN,,,,1930,,NaN,久万高原町,,unknown,strong,,,,true,missing_csv_coordinate;timezone_ambiguity;multiple_mountains_for_candidate;near_tie_candidates_for_mountain,
107,面河の頭,v3_conflict_case,3,summit-candidate:846b096132c533d6,0.65,medium,v3_conflict_case,fallback_name_municipality,yamap_2022-07-02_07_43.gpx,石鎚山・西ノ冠岳・面河の頭・二ノ森・鞍瀬ノ頭,NaN,NaN,,,,1866,,NaN,久万高原町,,unknown,strong,,,,true,missing_csv_coordinate;timezone_ambiguity;multiple_mountains_for_candidate;near_tie_candidates_for_mountain,
108,西ノ冠岳,v3_conflict_case,3,summit-candidate:846b096132c533d6,0.65,medium,v3_conflict_case,fallback_name_municipality,yamap_2022-07-02_07_43.gpx,石鎚山・西ノ冠岳・面河の頭・二ノ森・鞍瀬ノ頭,NaN,NaN,,,,1890,,NaN,久万高原町,,unknown,strong,,,,true,missing_csv_coordinate;timezone_ambiguity;multiple_mountains_for_candidate;near_tie_candidates_for_mountain,
109,西黒森,v3_conflict_case,3,summit-candidate:ccaadb71f8ae2bd1,0.65,medium,v3_conflict_case,fallback_name_municipality,yamap_2022-07-10_07_25.gpx,男山・瓶ヶ森・西黒森,NaN,NaN,,,,1861,,NaN,西条市,,unknown,strong,,,,true,missing_csv_coordinate;timezone_ambiguity;multiple_mountains_for_candidate;near_tie_candidates_for_mountain,
113,大峰ヶ台,v3_conflict_case,1,summit-candidate:8de328f982753d58,0.65,medium,v3_conflict_case,fallback_name_municipality,yamap_2022-08-21_15_44.gpx,大峰ヶ台,NaN,NaN,,,,141,,,,松山市,compatible,strong,,,,true,grounding_missing;missing_csv_coordinate;timezone_sensitive_activity_link;multiple_mountains_for_candidate,
114,世田山,v3_conflict_case,3,summit-candidate:8f25ad4ff380df77,0.65,medium,v3_conflict_case,fallback_name_municipality,yamap_2026-03-06_09_00.gpx,世田山・笠松山東峰・笠松山,NaN,NaN,,,,339,,NaN,今治市,今治市,compatible,strong,,,,true,missing_csv_coordinate;timezone_ambiguity;multiple_mountains_for_candidate;near_tie_candidates_for_mountain,
115,笠松山,v3_conflict_case,3,summit-candidate:8f25ad4ff380df77,0.65,medium,v3_conflict_case,fallback_name_municipality,yamap_2026-03-06_09_00.gpx,世田山・笠松山東峰・笠松山,NaN,NaN,,,,357,,NaN,今治市,今治市,compatible,strong,,,,true,missing_csv_coordinate;timezone_ambiguity;multiple_mountains_for_candidate;near_tie_candidates_for_mountain,
116,北三方ヶ森,v3_conflict_case,2,summit-candidate:3111fcf6a23addd2,0.65,medium,v3_conflict_case,fallback_name_municipality,yamap_2022-08-27_06_05.gpx,北三方ヶ森,NaN,NaN,,,,978,,NaN,松山市,,unknown,strong,,,,true,missing_csv_coordinate;timezone_ambiguity;near_tie_candidates_for_mountain,
117,大友山,v3_conflict_case,2,summit-candidate:2b56d4ad77a0c4b7,0.65,medium,v3_conflict_case,fallback_name_municipality,yamap_2022-09-04_12_08.gpx,大友山,NaN,NaN,,,,407,,NaN,松山市,,unknown,strong,,,,true,missing_csv_coordinate;timezone_ambiguity;near_tie_candidates_for_mountain,
119,寒風山,v3_conflict_case,4,summit-candidate:23eea13de5db5c9f,0.65,medium,v3_conflict_case,fallback_name_municipality,yamap_2022-09-09_06_58.gpx,寒風山・笹ヶ峰・ちち山,NaN,NaN,,,,1762,,NaN,西条市,,unknown,strong,,,,true,missing_csv_coordinate;timezone_ambiguity;multiple_mountains_for_candidate;near_tie_candidates_for_mountain,
120,ちち山,v3_conflict_case,6,summit-candidate:23eea13de5db5c9f,0.65,medium,v3_conflict_case,fallback_name_municipality,yamap_2022-09-09_06_58.gpx,寒風山・笹ヶ峰・ちち山,NaN,NaN,,,,1855,,NaN,西条市,,unknown,strong,,,,true,missing_csv_coordinate;timezone_ambiguity;multiple_mountains_for_candidate;near_tie_candidates_for_mountain,
121,笹ヶ峰,v3_conflict_case,12,summit-candidate:23eea13de5db5c9f,0.65,medium,v3_conflict_case,fallback_name_municipality,yamap_2022-09-09_06_58.gpx,寒風山・笹ヶ峰・ちち山,NaN,NaN,,,,1860,,NaN,西条市,,unknown,strong,,,,true,missing_csv_coordinate;timezone_ambiguity;multiple_mountains_for_candidate;near_tie_candidates_for_mountain,
126,石灰山,v3_conflict_case,1,summit-candidate:4d0f5f75da9165b8,0.65,medium,v3_conflict_case,fallback_name_municipality,yamap_2022-09-15_12_35.gpx,石灰山・古法皇山,NaN,NaN,,,,216,,NaN,上島町,上島町,compatible,strong,,,,true,missing_csv_coordinate;timezone_ambiguity;multiple_mountains_for_candidate,
127,古法皇山,v3_conflict_case,1,summit-candidate:4d0f5f75da9165b8,0.65,medium,v3_conflict_case,fallback_name_municipality,yamap_2022-09-15_12_35.gpx,石灰山・古法皇山,NaN,NaN,,,,279,,,,上島町,compatible,strong,,,,true,grounding_missing;missing_csv_coordinate;timezone_ambiguity;multiple_mountains_for_candidate,
134,雄甲山,v3_conflict_case,1,summit-candidate:82d3009a6c1b2511,0.65,medium,v3_conflict_case,fallback_name_municipality,yamap_2022-10-03_14_57.gpx,雄甲山・雌甲山,NaN,NaN,,,,239,,NaN,松山市,松山市,compatible,strong,,,,true,missing_csv_coordinate;timezone_ambiguity;multiple_mountains_for_candidate,
135,雌甲山,v3_conflict_case,1,summit-candidate:82d3009a6c1b2511,0.65,medium,v3_conflict_case,fallback_name_municipality,yamap_2022-10-03_14_57.gpx,雄甲山・雌甲山,NaN,NaN,,,,189,,NaN,松山市,松山市,compatible,strong,,,,true,missing_csv_coordinate;timezone_ambiguity;multiple_mountains_for_candidate,
137,東山,v3_conflict_case,10,summit-candidate:124ae25a51aa9a64,0.65,medium,v3_conflict_case,fallback_name_municipality,yamap_2022-05-15_06_10.gpx,割石東山・青滝山・堂ヶ森,NaN,NaN,,,,1392,,NaN,久万高原町,,unknown,strong,,,,true,missing_csv_coordinate;timezone_ambiguity;multiple_mountains_for_candidate;near_tie_candidates_for_mountain,
138,前赤石山,v3_conflict_case,4,summit-candidate:2b7cce23b57844a5,0.65,medium,v3_conflict_case,fallback_name_municipality,yamap_2022-10-08_06_12.gpx,東山・西赤石山・物住頭・前赤石山・東赤石山・八巻山,NaN,NaN,,,,1677,,,,,unknown,strong,,,,true,grounding_missing;missing_csv_coordinate;timezone_ambiguity;multiple_mountains_for_candidate;near_tie_candidates_for_mountain,
143,中三方ヶ森,v3_conflict_case,4,summit-candidate:0c2609d9e7e31a00,0.65,medium,v3_conflict_case,fallback_name_municipality,yamap_2022-10-16_10_19.gpx,楢原山・古権現山・中三方ヶ森,NaN,NaN,,,,1229,,,,今治市,compatible,strong,,,,true,grounding_missing;missing_csv_coordinate;timezone_ambiguity;multiple_mountains_for_candidate;near_tie_candidates_for_mountain,
144,古権現山,v3_conflict_case,4,summit-candidate:0c2609d9e7e31a00,0.65,medium,v3_conflict_case,fallback_name_municipality,yamap_2022-10-16_10_19.gpx,楢原山・古権現山・中三方ヶ森,NaN,NaN,,,,1003,,,,今治市,compatible,strong,,,,true,grounding_missing;missing_csv_coordinate;timezone_ambiguity;multiple_mountains_for_candidate;near_tie_candidates_for_mountain,
145,楢原山,v3_conflict_case,4,summit-candidate:0c2609d9e7e31a00,0.65,medium,v3_conflict_case,fallback_name_municipality,yamap_2022-10-16_10_19.gpx,楢原山・古権現山・中三方ヶ森,NaN,NaN,,,,1041,,,,今治市,compatible,strong,,,,true,grounding_missing;missing_csv_coordinate;timezone_ambiguity;multiple_mountains_for_candidate;near_tie_candidates_for_mountain,
146,西港山,v3_conflict_case,3,summit-candidate:5f001ac124f82ef6,0.65,medium,v3_conflict_case,fallback_name_municipality,yamap_2022-10-19_16_00.gpx,西港山・大丸山・港山,NaN,NaN,,,,52,,,,松山市,compatible,strong,,,,true,grounding_missing;missing_csv_coordinate;timezone_sensitive_activity_link;multiple_mountains_for_candidate;near_tie_candidates_for_mountain,
147,大丸山,v3_conflict_case,3,summit-candidate:5f001ac124f82ef6,0.65,medium,v3_conflict_case,fallback_name_municipality,yamap_2022-10-19_16_00.gpx,西港山・大丸山・港山,NaN,NaN,,,,76,,NaN,松山市,松山市,compatible,strong,,,,true,missing_csv_coordinate;timezone_sensitive_activity_link;multiple_mountains_for_candidate;near_tie_candidates_for_mountain,
148,港山,v3_conflict_case,3,summit-candidate:5f001ac124f82ef6,0.65,medium,v3_conflict_case,fallback_name_municipality,yamap_2022-10-19_16_00.gpx,西港山・大丸山・港山,NaN,NaN,,,,42,,NaN,松山市,松山市,compatible,strong,,,,true,missing_csv_coordinate;timezone_sensitive_activity_link;multiple_mountains_for_candidate;near_tie_candidates_for_mountain,
152,割石峠山,v3_conflict_case,6,summit-candidate:16e9de2bedeb2d1c,0.65,medium,v3_conflict_case,fallback_name_municipality,yamap_2022-10-28_06_21.gpx,割石峠山・石墨山・法師山・白猪山・根無山・樽谷山・梅ヶ谷山,NaN,NaN,,,,1037,,NaN,東温市,,unknown,strong,,,,true,missing_csv_coordinate;timezone_ambiguity;multiple_mountains_for_candidate;near_tie_candidates_for_mountain,
153,石墨山,v3_conflict_case,6,summit-candidate:16e9de2bedeb2d1c,0.65,medium,v3_conflict_case,fallback_name_municipality,yamap_2022-10-28_06_21.gpx,割石峠山・石墨山・法師山・白猪山・根無山・樽谷山・梅ヶ谷山,NaN,NaN,,,,1456,,NaN,東温市,,unknown,strong,,,,true,missing_csv_coordinate;timezone_ambiguity;multiple_mountains_for_candidate;near_tie_candidates_for_mountain,
154,法師山,v3_conflict_case,6,summit-candidate:16e9de2bedeb2d1c,0.65,medium,v3_conflict_case,fallback_name_municipality,yamap_2022-10-28_06_21.gpx,割石峠山・石墨山・法師山・白猪山・根無山・樽谷山・梅ヶ谷山,NaN,NaN,,,,1310,,NaN,東温市,,unknown,strong,,,,true,missing_csv_coordinate;timezone_ambiguity;multiple_mountains_for_candidate;near_tie_candidates_for_mountain,
155,白猪山,v3_conflict_case,6,summit-candidate:16e9de2bedeb2d1c,0.65,medium,v3_conflict_case,fallback_name_municipality,yamap_2022-10-28_06_21.gpx,割石峠山・石墨山・法師山・白猪山・根無山・樽谷山・梅ヶ谷山,NaN,NaN,,,,1202,,NaN,東温市,,unknown,strong,,,,true,missing_csv_coordinate;timezone_ambiguity;multiple_mountains_for_candidate;near_tie_candidates_for_mountain,
156,梅ヶ谷山,v3_conflict_case,6,summit-candidate:16e9de2bedeb2d1c,0.65,medium,v3_conflict_case,fallback_name_municipality,yamap_2022-10-28_06_21.gpx,割石峠山・石墨山・法師山・白猪山・根無山・樽谷山・梅ヶ谷山,NaN,NaN,,,,1316,,NaN,東温市,,unknown,strong,,,,true,missing_csv_coordinate;timezone_ambiguity;multiple_mountains_for_candidate;near_tie_candidates_for_mountain,
157,樽谷山,v3_conflict_case,6,summit-candidate:16e9de2bedeb2d1c,0.65,medium,v3_conflict_case,fallback_name_municipality,yamap_2022-10-28_06_21.gpx,割石峠山・石墨山・法師山・白猪山・根無山・樽谷山・梅ヶ谷山,NaN,NaN,,,,1255,,NaN,東温市,,unknown,strong,,,,true,missing_csv_coordinate;timezone_ambiguity;multiple_mountains_for_candidate;near_tie_candidates_for_mountain,
158,根無山,v3_conflict_case,6,summit-candidate:16e9de2bedeb2d1c,0.65,medium,v3_conflict_case,fallback_name_municipality,yamap_2022-10-28_06_21.gpx,割石峠山・石墨山・法師山・白猪山・根無山・樽谷山・梅ヶ谷山,NaN,NaN,,,,1241,,NaN,東温市,,unknown,strong,,,,true,missing_csv_coordinate;timezone_ambiguity;multiple_mountains_for_candidate;near_tie_candidates_for_mountain,
159,権現山,v3_conflict_case,22,summit-candidate:09547fd48f24d064,0.65,medium,v3_conflict_case,fallback_name_municipality,yamap_2022-11-05_04_38.gpx,権現山・黒岳・エビラ山・二ッ岳,NaN,NaN,,,,1594,,NaN,新居浜市,新居浜市,compatible,strong,,,,true,missing_csv_coordinate;timezone_ambiguity;multiple_mountains_for_candidate;near_tie_candidates_for_mountain,
160,黒岳,v3_conflict_case,4,summit-candidate:09547fd48f24d064,0.65,medium,v3_conflict_case,fallback_name_municipality,yamap_2022-11-05_04_38.gpx,権現山・黒岳・エビラ山・二ッ岳,NaN,NaN,,,,1636,,NaN,新居浜市,新居浜市,compatible,strong,,,,true,missing_csv_coordinate;timezone_ambiguity;multiple_mountains_for_candidate;near_tie_candidates_for_mountain,
161,エビラ山,v3_conflict_case,4,summit-candidate:09547fd48f24d064,0.65,medium,v3_conflict_case,fallback_name_municipality,yamap_2022-11-05_04_38.gpx,権現山・黒岳・エビラ山・二ッ岳,NaN,NaN,,,,1673,,NaN,新居浜市,新居浜市,compatible,strong,,,,true,missing_csv_coordinate;timezone_ambiguity;multiple_mountains_for_candidate;near_tie_candidates_for_mountain,
162,二ッ岳,v3_conflict_case,4,summit-candidate:09547fd48f24d064,0.65,medium,v3_conflict_case,fallback_name_municipality,yamap_2022-11-05_04_38.gpx,権現山・黒岳・エビラ山・二ッ岳,NaN,NaN,,,,1647,,NaN,新居浜市,新居浜市,compatible,strong,,,,true,missing_csv_coordinate;timezone_ambiguity;multiple_mountains_for_candidate;near_tie_candidates_for_mountain,
165,綱繰山,v3_conflict_case,6,summit-candidate:006436491de34784,0.65,medium,v3_conflict_case,fallback_name_municipality,yamap_2022-11-26_04_41.gpx,銅山峰・西山・綱繰山・獅子舞の鼻・冠山・平家平,NaN,NaN,,,,1466,,NaN,新居浜市,新居浜市,compatible,strong,,,,true,missing_csv_coordinate;timezone_ambiguity;multiple_mountains_for_candidate;near_tie_candidates_for_mountain,
166,獅子舞の鼻,v3_conflict_case,6,summit-candidate:006436491de34784,0.65,medium,v3_conflict_case,fallback_name_municipality,yamap_2022-11-26_04_41.gpx,銅山峰・西山・綱繰山・獅子舞の鼻・冠山・平家平,NaN,NaN,,,,1482,,NaN,新居浜市,新居浜市,compatible,strong,,,,true,missing_csv_coordinate;timezone_ambiguity;multiple_mountains_for_candidate;near_tie_candidates_for_mountain,
167,冠山,v3_conflict_case,6,summit-candidate:006436491de34784,0.65,medium,v3_conflict_case,fallback_name_municipality,yamap_2022-11-26_04_41.gpx,銅山峰・西山・綱繰山・獅子舞の鼻・冠山・平家平,NaN,NaN,,,,1731,,NaN,新居浜市,新居浜市,compatible,strong,,,,true,missing_csv_coordinate;timezone_ambiguity;multiple_mountains_for_candidate;near_tie_candidates_for_mountain,
169,扇山,v3_conflict_case,1,summit-candidate:9acc21860aa8a208,0.65,medium,v3_conflict_case,fallback_name_municipality,yamap_2022-12-12_10_30.gpx,扇山,NaN,NaN,,,,200,,,,砥部町,compatible,strong,,,,true,grounding_missing;missing_csv_coordinate;timezone_ambiguity;multiple_mountains_for_candidate,
170,高山,v3_conflict_case,5,summit-candidate:101c1b0635c0bec0,0.65,medium,v3_conflict_case,fallback_name_municipality,yamap_2022-12-25_10_09.gpx,高山,NaN,NaN,,,,135,,NaN,今治市,今治市,compatible,strong,,,,true,missing_csv_coordinate;timezone_ambiguity;multiple_mountains_for_candidate,
179,天山,v3_conflict_case,5,summit-candidate:45f49d8fd831427c,0.65,medium,v3_conflict_case,fallback_name_municipality,yamap_2023-01-06_11_33.gpx,岩子山・垣生山・津田山・弁天山,NaN,NaN,,,,51,,NaN,松山市,松山市,compatible,strong,,,,true,missing_csv_coordinate;timezone_ambiguity;multiple_mountains_for_candidate;near_tie_candidates_for_mountain,
180,東山,v3_conflict_case,10,summit-candidate:124ae25a51aa9a64,0.65,medium,v3_conflict_case,fallback_name_municipality,yamap_2022-05-15_06_10.gpx,割石東山・青滝山・堂ヶ森,NaN,NaN,,,,1392,,NaN,新居浜市,,unknown,strong,,,,true,missing_csv_coordinate;timezone_ambiguity;multiple_mountains_for_candidate;near_tie_candidates_for_mountain,
182,河原樋山,v3_conflict_case,5,summit-candidate:4fec4dd128e55ab0,0.65,medium,v3_conflict_case,fallback_name_municipality,yamap_2023-01-03_07_36.gpx,福見山・河原樋山・真松嶺・柿王寺森,NaN,NaN,,,,864,,NaN,松山市,松山市,compatible,strong,,,,true,missing_csv_coordinate;timezone_ambiguity;multiple_mountains_for_candidate;near_tie_candidates_for_mountain,
183,真松嶺,v3_conflict_case,5,summit-candidate:4fec4dd128e55ab0,0.65,medium,v3_conflict_case,fallback_name_municipality,yamap_2023-01-03_07_36.gpx,福見山・河原樋山・真松嶺・柿王寺森,NaN,NaN,,,,548,,NaN,松山市,松山市,compatible,strong,,,,true,missing_csv_coordinate;timezone_ambiguity;multiple_mountains_for_candidate;near_tie_candidates_for_mountain,
184,柿王寺森,v3_conflict_case,5,summit-candidate:4fec4dd128e55ab0,0.65,medium,v3_conflict_case,fallback_name_municipality,yamap_2023-01-03_07_36.gpx,福見山・河原樋山・真松嶺・柿王寺森,NaN,NaN,,,,545,,NaN,松山市,松山市,compatible,strong,,,,true,missing_csv_coordinate;timezone_ambiguity;multiple_mountains_for_candidate;near_tie_candidates_for_mountain,
185,岩子山,v3_conflict_case,6,summit-candidate:23c112538ef91e0d,0.65,medium,v3_conflict_case,fallback_name_municipality,yamap_2022-02-23_08_42.gpx,西山・経ヶ森・岩子山・護摩ヶ森,NaN,NaN,,,,111,,NaN,松山市,松山市,compatible,strong,,,,true,missing_csv_coordinate;timezone_ambiguity;multiple_mountains_for_candidate;near_tie_candidates_for_mountain,
186,垣生山,v3_conflict_case,5,summit-candidate:45f49d8fd831427c,0.65,medium,v3_conflict_case,fallback_name_municipality,yamap_2023-01-06_11_33.gpx,岩子山・垣生山・津田山・弁天山,NaN,NaN,,,,118,,NaN,松山市,松山市,compatible,strong,,,,true,missing_csv_coordinate;timezone_ambiguity;multiple_mountains_for_candidate;near_tie_candidates_for_mountain,
187,津田山,v3_conflict_case,4,summit-candidate:45f49d8fd831427c,0.65,medium,v3_conflict_case,fallback_name_municipality,yamap_2023-01-06_11_33.gpx,岩子山・垣生山・津田山・弁天山,NaN,NaN,,,,110,,NaN,松山市,松山市,compatible,strong,,,,true,missing_csv_coordinate;timezone_ambiguity;multiple_mountains_for_candidate;near_tie_candidates_for_mountain,
188,弁天山,v3_conflict_case,4,summit-candidate:45f49d8fd831427c,0.65,medium,v3_conflict_case,fallback_name_municipality,yamap_2023-01-06_11_33.gpx,岩子山・垣生山・津田山・弁天山,NaN,NaN,,,,130,,NaN,松山市,松山市,compatible,strong,,,,true,missing_csv_coordinate;timezone_ambiguity;multiple_mountains_for_candidate;near_tie_candidates_for_mountain,
189,権現山,v3_conflict_case,22,summit-candidate:047b9599ec28c6ad,0.65,medium,v3_conflict_case,fallback_name_municipality,yamap_2023-01-08_09_18.gpx,権現山,NaN,NaN,,,,491,,,,愛南町,compatible,strong,,,,true,grounding_missing;missing_csv_coordinate;timezone_ambiguity;multiple_mountains_for_candidate;near_tie_candidates_for_mountain,
190,黒瀬山（黒瀬城址）,v3_conflict_case,3,summit-candidate:8a7a47d167c1aba6,0.65,medium,v3_conflict_case,fallback_name_municipality,yamap_2023-01-08_14_24.gpx,黒瀬山(黒瀬城址)・岡山(岡山城址)・鉢ヶ森(鉢ヶ森城址)・護摩ヶ森(護摩ヶ森城址)・我合山(...,NaN,NaN,,,,341,,NaN,西予市,西予市,compatible,strong,,,,true,missing_csv_coordinate;timezone_ambiguity;multiple_mountains_for_candidate;near_tie_candidates_for_mountain,
191,岡山（岡城址）,v3_conflict_case,1,summit-candidate:1d97e1955af85092,0.55,low,v3_conflict_case,fallback_name_only_review,yamap_2023-12-17_10_30.gpx,平岡山(平岡城址) ,NaN,NaN,,,,360,,NaN,西予市,伊予市,compatible,strong,,,,true,municipality_mismatch;missing_csv_coordinate;timezone_ambiguity;multiple_mountains_for_candidate,
192,鉢ヶ森（鉢ヶ森城址）,v3_conflict_case,3,summit-candidate:8a7a47d167c1aba6,0.65,medium,v3_conflict_case,fallback_name_municipality,yamap_2023-01-08_14_24.gpx,黒瀬山(黒瀬城址)・岡山(岡山城址)・鉢ヶ森(鉢ヶ森城址)・護摩ヶ森(護摩ヶ森城址)・我合山(...,NaN,NaN,,,,434,,,,西予市,compatible,strong,,,,true,grounding_missing;missing_csv_coordinate;timezone_ambiguity;multiple_mountains_for_candidate;near_tie_candidates_for_mountain,
193,護摩ヶ森（護摩ヶ森城址）,v3_conflict_case,3,summit-candidate:8a7a47d167c1aba6,0.65,medium,v3_conflict_case,fallback_name_municipality,yamap_2023-01-08_14_24.gpx,黒瀬山(黒瀬城址)・岡山(岡山城址)・鉢ヶ森(鉢ヶ森城址)・護摩ヶ森(護摩ヶ森城址)・我合山(...,NaN,NaN,,,,380,,,,西予市,compatible,strong,,,,true,grounding_missing;missing_csv_coordinate;timezone_ambiguity;multiple_mountains_for_candidate;near_tie_candidates_for_mountain,
195,由良山,v3_conflict_case,2,summit-candidate:51a919059b1a6dbb,0.65,medium,v3_conflict_case,fallback_name_municipality,yamap_2023-01-10_10_30.gpx,由良山,NaN,NaN,,,,249,,NaN,宇和島市,,unknown,strong,,,,true,missing_csv_coordinate;timezone_ambiguity;near_tie_candidates_for_mountain,
196,大森山,v3_conflict_case,4,summit-candidate:830c63408bf56cc5,0.65,medium,v3_conflict_case,fallback_name_municipality,yamap_2023-01-21_09_56.gpx,大森山,NaN,NaN,,,,291,,NaN,伊方町,伊方町,compatible,strong,,,,true,missing_csv_coordinate;timezone_ambiguity;multiple_mountains_for_candidate;near_tie_candidates_for_mountain,
198,権現山,v3_conflict_case,22,summit-candidate:2c817617699a0a45,0.65,medium,v3_conflict_case,fallback_name_municipality,yamap_2022-02-06_08_26.gpx,谷上山・権現山・白滝山・障子山,NaN,NaN,,,,375,,NaN,伊方町,,unknown,strong,,,,true,missing_csv_coordinate;timezone_ambiguity;multiple_mountains_for_candidate;near_tie_candidates_for_mountain,
199,遠見山,v3_conflict_case,1,summit-candidate:e55456349660bd14,0.55,low,v3_conflict_case,fallback_name_only_review,yamap_2026-01-31_10_49.gpx,遠見山,NaN,NaN,,,,130,,NaN,伊方町,宇和島市,compatible,strong,,,,true,municipality_mismatch;missing_csv_coordinate;timezone_ambiguity;multiple_mountains_for_candidate,
200,石神山,v3_conflict_case,2,summit-candidate:47129c06b82cf694,0.65,medium,v3_conflict_case,fallback_name_municipality,yamap_2023-01-21_12_43.gpx,石神山・金比羅山,NaN,NaN,,,,303,,NaN,伊方町,伊方町,compatible,strong,,,,true,missing_csv_coordinate;timezone_ambiguity;multiple_mountains_for_candidate;near_tie_candidates_for_mountain,
201,金比羅山,v3_conflict_case,2,summit-candidate:47129c06b82cf694,0.65,medium,v3_conflict_case,fallback_name_municipality,yamap_2023-01-21_12_43.gpx,石神山・金比羅山,NaN,NaN,,,,203,,,,伊方町,compatible,strong,,,,true,grounding_missing;missing_csv_coordinate;timezone_ambiguity;multiple_mountains_for_candidate;near_tie_candidates_for_mountain,
203,谷田山,v3_conflict_case,1,summit-candidate:ab7edbc3a52d24bf,0.65,medium,v3_conflict_case,fallback_name_municipality,yamap_2023-01-28_12_19.gpx,谷田山・金毘羅山,NaN,NaN,,,,78,,NaN,松山市,松山市,compatible,strong,,,,true,missing_csv_coordinate;timezone_ambiguity;multiple_mountains_for_candidate,
204,金毘羅山,v3_conflict_case,1,summit-candidate:ab7edbc3a52d24bf,0.65,medium,v3_conflict_case,fallback_name_municipality,yamap_2023-01-28_12_19.gpx,谷田山・金毘羅山,NaN,NaN,,,,41,,NaN,松山市,松山市,compatible,strong,,,,true,missing_csv_coordinate;timezone_ambiguity;multiple_mountains_for_candidate,
206,古城山,v3_conflict_case,1,summit-candidate:1432f597b5dca157,0.65,medium,v3_conflict_case,fallback_name_municipality,yamap_2023-01-28_14_27.gpx,古城山・尾崎山,NaN,NaN,,,,202,,NaN,松山市,松山市,compatible,strong,,,,true,missing_csv_coordinate;timezone_ambiguity;multiple_mountains_for_candidate,
207,尾崎山,v3_conflict_case,1,summit-candidate:1432f597b5dca157,0.65,medium,v3_conflict_case,fallback_name_municipality,yamap_2023-01-28_14_27.gpx,古城山・尾崎山,NaN,NaN,,,,260,,NaN,松山市,松山市,compatible,strong,,,,true,missing_csv_coordinate;timezone_ambiguity;multiple_mountains_for_candidate,
208,宝ヶ峯,v3_conflict_case,4,summit-candidate:079ae30d76fb11c2,0.65,medium,v3_conflict_case,fallback_name_municipality,yamap_2022-03-13_09_49.gpx,倉谷山・芝ヶ峠・淡路ヶ峠・宝ヶ峯,NaN,NaN,,,,284,,NaN,松山市,松山市,compatible,strong,,,,true,missing_csv_coordinate;timezone_ambiguity;multiple_mountains_for_candidate;near_tie_candidates_for_mountain,
209,淡路ヶ峠,v3_conflict_case,4,summit-candidate:079ae30d76fb11c2,0.65,medium,v3_conflict_case,fallback_name_municipality,yamap_2022-03-13_09_49.gpx,倉谷山・芝ヶ峠・淡路ヶ峠・宝ヶ峯,NaN,NaN,,,,273,,NaN,松山市,松山市,compatible,strong,,,,true,missing_csv_coordinate;timezone_ambiguity;multiple_mountains_for_candidate;near_tie_candidates_for_mountain,
210,福見山,v3_conflict_case,9,summit-candidate:0ff024bf702c13bb,0.65,medium,v3_conflict_case,fallback_name_municipality,yamap_2023-03-11_06_08.gpx,福見山・明神ヶ森・南三方ヶ森・魚谷森・左谷ノ森,NaN,NaN,,,,1051,,NaN,松山市,松山市,compatible,strong,,,,true,missing_csv_coordinate;timezone_ambiguity;multiple_mountains_for_candidate;near_tie_candidates_for_mountain,
211,明神ヶ森,v3_conflict_case,4,summit-candidate:0ff024bf702c13bb,0.65,medium,v3_conflict_case,fallback_name_municipality,yamap_2023-03-11_06_08.gpx,福見山・明神ヶ森・南三方ヶ森・魚谷森・左谷ノ森,NaN,NaN,,,,1217,,NaN,松山市,松山市,compatible,strong,,,,true,missing_csv_coordinate;timezone_ambiguity;multiple_mountains_for_candidate;near_tie_candidates_for_mountain,
212,南三方ヶ森,v3_conflict_case,4,summit-candidate:0ff024bf702c13bb,0.65,medium,v3_conflict_case,fallback_name_municipality,yamap_2023-03-11_06_08.gpx,福見山・明神ヶ森・南三方ヶ森・魚谷森・左谷ノ森,NaN,NaN,,,,1156,,NaN,松山市,松山市,compatible,strong,,,,true,missing_csv_coordinate;timezone_ambiguity;multiple_mountains_for_candidate;near_tie_candidates_for_mountain,
213,魚谷森,v3_conflict_case,4,summit-candidate:0ff024bf702c13bb,0.65,medium,v3_conflict_case,fallback_name_municipality,yamap_2023-03-11_06_08.gpx,福見山・明神ヶ森・南三方ヶ森・魚谷森・左谷ノ森,NaN,NaN,,,,1005,,NaN,松山市,松山市,compatible,strong,,,,true,missing_csv_coordinate;timezone_ambiguity;multiple_mountains_for_candidate;near_tie_candidates_for_mountain,
214,左谷ノ森,v3_conflict_case,6,summit-candidate:0ff024bf702c13bb,0.65,medium,v3_conflict_case,fallback_name_municipality,yamap_2023-03-11_06_08.gpx,福見山・明神ヶ森・南三方ヶ森・魚谷森・左谷ノ森,NaN,NaN,,,,932,,NaN,松山市,松山市,compatible,strong,,,,true,missing_csv_coordinate;timezone_ambiguity;multiple_mountains_for_candidate;near_tie_candidates_for_mountain,
217,皿ヶ嶺,v3_conflict_case,2,summit-candidate:b06e13a9483478e5,0.65,medium,v3_conflict_case,fallback_name_municipality,yamap_2022-04-15_11_52.gpx,皿ヶ嶺・引地山,NaN,NaN,,,,1278,,NaN,東温市,,unknown,strong,,,,true,missing_csv_coordinate;timezone_ambiguity;multiple_mountains_for_candidate,
218,えんとつ山,v3_conflict_case,4,summit-candidate:339138a4e53293da,0.65,medium,v3_conflict_case,fallback_name_municipality,yamap_2023-03-29_05_31.gpx,えんとつ山・生子山・犬返・種子川山・西赤石山・物住頭・上兜山・下兜山,NaN,NaN,,,,127,,NaN,新居浜市,新居浜市,compatible,strong,,,,true,missing_csv_coordinate;timezone_ambiguity;multiple_mountains_for_candidate;near_tie_candidates_for_mountain,
219,生子山,v3_conflict_case,4,summit-candidate:339138a4e53293da,0.65,medium,v3_conflict_case,fallback_name_municipality,yamap_2023-03-29_05_31.gpx,えんとつ山・生子山・犬返・種子川山・西赤石山・物住頭・上兜山・下兜山,NaN,NaN,,,,301,,NaN,新居浜市,新居浜市,compatible,strong,,,,true,missing_csv_coordinate;timezone_ambiguity;multiple_mountains_for_candidate;near_tie_candidates_for_mountain,
220,犬返,v3_conflict_case,4,summit-candidate:339138a4e53293da,0.65,medium,v3_conflict_case,fallback_name_municipality,yamap_2023-03-29_05_31.gpx,えんとつ山・生子山・犬返・種子川山・西赤石山・物住頭・上兜山・下兜山,NaN,NaN,,,,576,,NaN,新居浜市,新居浜市,compatible,strong,,,,true,missing_csv_coordinate;timezone_ambiguity;multiple_mountains_for_candidate;near_tie_candidates_for_mountain,
221,種子川山,v3_conflict_case,4,summit-candidate:339138a4e53293da,0.65,medium,v3_conflict_case,fallback_name_municipality,yamap_2023-03-29_05_31.gpx,えんとつ山・生子山・犬返・種子川山・西赤石山・物住頭・上兜山・下兜山,NaN,NaN,,,,539,,NaN,新居浜市,新居浜市,compatible,strong,,,,true,missing_csv_coordinate;timezone_ambiguity;multiple_mountains_for_candidate;near_tie_candidates_for_mountain,
222,西赤石山,v3_conflict_case,8,summit-candidate:2b7cce23b57844a5,0.65,medium,v3_conflict_case,fallback_name_municipality,yamap_2022-10-08_06_12.gpx,東山・西赤石山・物住頭・前赤石山・東赤石山・八巻山,NaN,NaN,,,,1626,,NaN,新居浜市,,unknown,strong,,,,true,missing_csv_coordinate;timezone_ambiguity;multiple_mountains_for_candidate;near_tie_candidates_for_mountain,
223,物住頭,v3_conflict_case,8,summit-candidate:2b7cce23b57844a5,0.65,medium,v3_conflict_case,fallback_name_municipality,yamap_2022-10-08_06_12.gpx,東山・西赤石山・物住頭・前赤石山・東赤石山・八巻山,NaN,NaN,,,,1635,,NaN,新居浜市,,unknown,strong,,,,true,missing_csv_coordinate;timezone_ambiguity;multiple_mountains_for_candidate;near_tie_candidates_for_mountain,
224,上兜山,v3_conflict_case,4,summit-candidate:339138a4e53293da,0.65,medium,v3_conflict_case,fallback_name_municipality,yamap_2023-03-29_05_31.gpx,えんとつ山・生子山・犬返・種子川山・西赤石山・物住頭・上兜山・下兜山,NaN,NaN,,,,1559,,NaN,新居浜市,新居浜市,compatible,strong,,,,true,missing_csv_coordinate;timezone_ambiguity;multiple_mountains_for_candidate;near_tie_candidates_for_mountain,
225,下兜山,v3_conflict_case,4,summit-candidate:339138a4e53293da,0.65,medium,v3_conflict_case,fallback_name_municipality,yamap_2023-03-29_05_31.gpx,えんとつ山・生子山・犬返・種子川山・西赤石山・物住頭・上兜山・下兜山,NaN,NaN,,,,1234,,,,新居浜市,compatible,strong,,,,true,grounding_missing;missing_csv_coordinate;timezone_ambiguity;multiple_mountains_for_candidate;near_tie_candidates_for_mountain,
226,黒森山,v3_conflict_case,3,summit-candidate:40e090ce41a89b55,0.65,medium,v3_conflict_case,fallback_name_municipality,yamap_2024-06-08_08_42.gpx,沓掛山・黒森山,NaN,NaN,,,,1154,,NaN,松山市,,unknown,strong,,,,true,missing_csv_coordinate;timezone_ambiguity;multiple_mountains_for_candidate;near_tie_candidates_for_mountain,
227,菊ヶ森,v3_conflict_case,4,summit-candidate:2a670286f545beb2,0.65,medium,v3_conflict_case,fallback_name_municipality,yamap_2023-04-09_09_08.gpx,菊ヶ森・餓鬼ヶ森,NaN,NaN,,,,914,,NaN,久万高原町,久万高原町,compatible,strong,,,,true,missing_csv_coordinate;timezone_ambiguity;multiple_mountains_for_candidate;near_tie_candidates_for_mountain,
228,餓鬼ヶ森,v3_conflict_case,3,summit-candidate:2a670286f545beb2,0.65,medium,v3_conflict_case,fallback_name_municipality,yamap_2023-04-09_09_08.gpx,菊ヶ森・餓鬼ヶ森,NaN,NaN,,,,954,,,,久万高原町,compatible,strong,,,,true,grounding_missing;missing_csv_coordinate;timezone_ambiguity;multiple_mountains_for_candidate;near_tie_candidates_for_mountain,
230,木久ヶ森,v3_conflict_case,1,summit-candidate:9669b668bebfc145,0.65,medium,v3_conflict_case,fallback_name_municipality,yamap_2023-04-18_10_53.gpx,黒滝山・木久ヶ森,NaN,NaN,,,,752,,NaN,西条市,西条市,compatible,strong,,,,true,missing_csv_coordinate;timezone_ambiguity;multiple_mountains_for_candidate,
231,黒滝山,v3_conflict_case,1,summit-candidate:9669b668bebfc145,0.65,medium,v3_conflict_case,fallback_name_municipality,yamap_2023-04-18_10_53.gpx,黒滝山・木久ヶ森,NaN,NaN,,,,809,,NaN,西条市,西条市,compatible,strong,,,,true,missing_csv_coordinate;timezone_ambiguity;multiple_mountains_for_candidate,
232,奥之城山,v3_conflict_case,3,summit-candidate:0ec3be2fa2295b82,0.65,medium,v3_conflict_case,fallback_name_municipality,yamap_2022-03-03_10_47.gpx,奥之城山・ヌタノサコ,NaN,NaN,,,,420,,,,松山市,compatible,strong,,,,true,grounding_missing;missing_csv_coordinate;timezone_ambiguity;multiple_mountains_for_candidate;near_tie_candidates_for_mountain,
233,天狗岳,v3_conflict_case,1,summit-candidate:3b98b67bbe0fe0f9,0.65,medium,v3_conflict_case,fallback_name_municipality,yamap_2022-05-22_08_09.gpx,石鎚山・天狗岳・南尖峰,NaN,NaN,,,,1982,,NaN,久万高原町,,unknown,strong,,,,true,missing_csv_coordinate;timezone_ambiguity;multiple_mountains_for_candidate,
234,石鎚山,v3_conflict_case,7,summit-candidate:19713e48698f3e2a,0.65,medium,v3_conflict_case,fallback_name_municipality,yamap_2025-09-07_08_00.gpx,鶴ノ子ノ頭・石鎚山,NaN,NaN,,,,1972,,NaN,久万高原町,,unknown,strong,,,,true,missing_csv_coordinate;timezone_ambiguity;multiple_mountains_for_candidate;near_tie_candidates_for_mountain,
235,善神山,v3_conflict_case,1,summit-candidate:367897a1c7a2d287,0.65,medium,v3_conflict_case,fallback_name_municipality,yamap_2023-05-27_09_55.gpx,前善神山・善神山,NaN,NaN,,,,1094,,NaN,東温市,東温市,compatible,strong,,,,true,missing_csv_coordinate;timezone_ambiguity;multiple_mountains_for_candidate,
236,前善神山,v3_conflict_case,1,summit-candidate:367897a1c7a2d287,0.65,medium,v3_conflict_case,fallback_name_municipality,yamap_2023-05-27_09_55.gpx,前善神山・善神山,NaN,NaN,,,,1070,,NaN,東温市,東温市,compatible,strong,,,,true,missing_csv_coordinate;timezone_ambiguity;multiple_mountains_for_candidate,
237,五葉が森,v3_conflict_case,2,summit-candidate:1d3eb619bd125bfd,0.65,medium,v3_conflict_case,fallback_name_municipality,yamap_2023-06-11_11_57.gpx,五葉が森,NaN,NaN,,,,841,,NaN,今治市,,unknown,strong,,,,true,missing_csv_coordinate;timezone_ambiguity;near_tie_candidates_for_mountain,
238,冠岳,v3_conflict_case,4,summit-candidate:846b096132c533d6,0.65,medium,v3_conflict_case,fallback_name_municipality,yamap_2022-07-02_07_43.gpx,石鎚山・西ノ冠岳・面河の頭・二ノ森・鞍瀬ノ頭,NaN,NaN,,,,1380,,NaN,久万高原町,,unknown,strong,,,,true,missing_csv_coordinate;timezone_ambiguity;multiple_mountains_for_candidate;near_tie_candidates_for_mountain,
239,東赤石山,v3_conflict_case,4,summit-candidate:2b7cce23b57844a5,0.65,medium,v3_conflict_case,fallback_name_municipality,yamap_2022-10-08_06_12.gpx,東山・西赤石山・物住頭・前赤石山・東赤石山・八巻山,NaN,NaN,,,,1710,,NaN,新居浜市,,unknown,strong,,,,true,missing_csv_coordinate;timezone_ambiguity;multiple_mountains_for_candidate;near_tie_candidates_for_mountain,
240,八巻山,v3_conflict_case,4,summit-candidate:2b7cce23b57844a5,0.65,medium,v3_conflict_case,fallback_name_municipality,yamap_2022-10-08_06_12.gpx,東山・西赤石山・物住頭・前赤石山・東赤石山・八巻山,NaN,NaN,,,,1698,,NaN,新居浜市,,unknown,strong,,,,true,missing_csv_coordinate;timezone_ambiguity;multiple_mountains_for_candidate;near_tie_candidates_for_mountain,
241,ベツソ山,v3_conflict_case,1,summit-candidate:dba931625b34d9ac,0.65,medium,v3_conflict_case,fallback_name_municipality,yamap_2023-10-13_10_02.gpx,ベツソ山・歯朶谷山,NaN,NaN,,,,266,,NaN,伊予市,伊予市,compatible,strong,,,,true,missing_csv_coordinate;timezone_ambiguity;multiple_mountains_for_candidate,
242,歯朶谷山,v3_conflict_case,1,summit-candidate:dba931625b34d9ac,0.65,medium,v3_conflict_case,fallback_name_municipality,yamap_2023-10-13_10_02.gpx,ベツソ山・歯朶谷山,NaN,NaN,,,,314,,NaN,伊予市,伊予市,compatible,strong,,,,true,missing_csv_coordinate;timezone_ambiguity;multiple_mountains_for_candidate,
243,丸山,v3_conflict_case,6,summit-candidate:2670057d58a25475,0.65,medium,v3_conflict_case,fallback_name_municipality,yamap_2023-10-14_07_53.gpx,丸山,NaN,NaN,,,,624,,,,今治市,compatible,strong,,,,true,grounding_missing;missing_csv_coordinate;timezone_ambiguity;multiple_mountains_for_candidate;near_tie_candidates_for_mountain,
244,二ノ岳,v3_conflict_case,3,summit-candidate:5771cdd191c3861d,0.55,low,v3_conflict_case,fallback_name_only_review,yamap_2023-10-22_06_44.gpx,二ノ岳・高森,NaN,NaN,,,,1156,,NaN,久万高原町,西条市,compatible,strong,,,,true,municipality_mismatch;missing_csv_coordinate;timezone_ambiguity;multiple_mountains_for_candidate;near_tie_candidates_for_mountain,
245,高森,v3_conflict_case,12,summit-candidate:428f403ddcc5a31a,0.65,medium,v3_conflict_case,fallback_name_municipality,yamap_2026-02-22_07_32.gpx,高森山・町木山・寒台山・鎧掛山,NaN,NaN,,,,1360,,NaN,久万高原町,,unknown,strong,,,,true,missing_csv_coordinate;timezone_ambiguity;multiple_mountains_for_candidate;near_tie_candidates_for_mountain,
246,四辻ノ森,v3_conflict_case,5,summit-candidate:05f8527418663d3a,0.65,medium,v3_conflict_case,fallback_name_municipality,yamap_2023-11-11_07_17.gpx,四辻ノ森・三光ノ辻山,NaN,NaN,,,,1201,,,,久万高原町,compatible,strong,,,,true,grounding_missing;missing_csv_coordinate;timezone_ambiguity;multiple_mountains_for_candidate;near_tie_candidates_for_mountain,
247,三光ノ辻山,v3_conflict_case,5,summit-candidate:05f8527418663d3a,0.65,medium,v3_conflict_case,fallback_name_municipality,yamap_2023-11-11_07_17.gpx,四辻ノ森・三光ノ辻山,NaN,NaN,,,,1215,,,,久万高原町,compatible,strong,,,,true,grounding_missing;missing_csv_coordinate;timezone_ambiguity;multiple_mountains_for_candidate;near_tie_candidates_for_mountain,
248,瀬戸黒森,v3_conflict_case,5,summit-candidate:290abf917754fd0b,0.65,medium,v3_conflict_case,fallback_name_municipality,yamap_2023-11-19_06_46.gpx,瀬戸黒森・三森・羽子山・観音森,NaN,NaN,,,,976,,NaN,愛南町,,unknown,strong,,,,true,missing_csv_coordinate;timezone_ambiguity;multiple_mountains_for_candidate;near_tie_candidates_for_mountain,
249,羽子山,v3_conflict_case,5,summit-candidate:290abf917754fd0b,0.65,medium,v3_conflict_case,fallback_name_municipality,yamap_2023-11-19_06_46.gpx,瀬戸黒森・三森・羽子山・観音森,NaN,NaN,,,,730,,,,,unknown,strong,,,,true,grounding_missing;missing_csv_coordinate;timezone_ambiguity;multiple_mountains_for_candidate;near_tie_candidates_for_mountain,
250,観音森,v3_conflict_case,5,summit-candidate:290abf917754fd0b,0.65,medium,v3_conflict_case,fallback_name_municipality,yamap_2023-11-19_06_46.gpx,瀬戸黒森・三森・羽子山・観音森,NaN,NaN,,,,779,,,,,unknown,strong,,,,true,grounding_missing;missing_csv_coordinate;timezone_ambiguity;multiple_mountains_for_candidate;near_tie_candidates_for_mountain,
251,三森,v3_conflict_case,5,summit-candidate:290abf917754fd0b,0.65,medium,v3_conflict_case,fallback_name_municipality,yamap_2023-11-19_06_46.gpx,瀬戸黒森・三森・羽子山・観音森,NaN,NaN,,,,867,,,,,unknown,strong,,,,true,grounding_missing;missing_csv_coordinate;timezone_ambiguity;multiple_mountains_for_candidate;near_tie_candidates_for_mountain,
252,総津権現山,v3_conflict_case,1,summit-candidate:f108570a8e33ce90,0.65,medium,v3_conflict_case,fallback_name_municipality,yamap_2023-12-17_07_11.gpx,総津権現山,NaN,NaN,,,,440,,,,砥部町,compatible,strong,,,,true,grounding_missing;missing_csv_coordinate;timezone_ambiguity;multiple_mountains_for_candidate,
254,平岡山(平岡城址),v3_conflict_case,1,summit-candidate:1d97e1955af85092,0.65,medium,v3_conflict_case,fallback_name_municipality,yamap_2023-12-17_10_30.gpx,平岡山(平岡城址) ,NaN,NaN,,,,414,,NaN,伊予市,伊予市,compatible,strong,,,,true,missing_csv_coordinate;timezone_ambiguity;multiple_mountains_for_candidate,
255,竜門山,v3_conflict_case,2,summit-candidate:64a47ed9c06f56d5,0.65,medium,v3_conflict_case,fallback_name_municipality,yamap_2024-01-14_10_18.gpx,竜門山・大黒山,NaN,NaN,,,,439,,NaN,西条市,,unknown,strong,,,,true,missing_csv_coordinate;timezone_ambiguity;multiple_mountains_for_candidate;near_tie_candidates_for_mountain,
256,大黒山,v3_conflict_case,6,summit-candidate:282882317c3aab0b,0.65,medium,v3_conflict_case,fallback_name_municipality,yamap_2024-02-17_05_38.gpx,大黒山・譲ヶ葉森,NaN,NaN,,,,321,,NaN,西条市,,unknown,strong,,,,true,missing_csv_coordinate;timezone_ambiguity;multiple_mountains_for_candidate;near_tie_candidates_for_mountain,
263,権現山,v3_conflict_case,22,summit-candidate:2c817617699a0a45,0.65,medium,v3_conflict_case,fallback_name_municipality,yamap_2022-02-06_08_26.gpx,谷上山・権現山・白滝山・障子山,NaN,NaN,,,,489,,,,,unknown,strong,,,,true,grounding_missing;missing_csv_coordinate;timezone_ambiguity;multiple_mountains_for_candidate;near_tie_candidates_for_mountain,
264,大黒山,v3_conflict_case,6,summit-candidate:19baf3ce30f8991a,0.65,medium,v3_conflict_case,fallback_name_municipality,yamap_2024-02-17_05_38.gpx,大黒山・譲ヶ葉森,NaN,NaN,,,,1106,,NaN,宇和島市,宇和島市,compatible,strong,,,,true,missing_csv_coordinate;timezone_ambiguity;multiple_mountains_for_candidate;near_tie_candidates_for_mountain,
265,譲ヶ葉森,v3_conflict_case,4,summit-candidate:19baf3ce30f8991a,0.65,medium,v3_conflict_case,fallback_name_municipality,yamap_2024-02-17_05_38.gpx,大黒山・譲ヶ葉森,NaN,NaN,,,,1016,,,,宇和島市,compatible,strong,,,,true,grounding_missing;missing_csv_coordinate;timezone_ambiguity;multiple_mountains_for_candidate;near_tie_candidates_for_mountain,
266,郭公岳,v3_conflict_case,5,summit-candidate:3853fbbba7330ec4,0.65,medium,v3_conflict_case,fallback_name_municipality,yamap_2024-02-24_07_06.gpx,高月山・東高月山・郭公岳・櫨ヶ森・毛山,NaN,NaN,,,,1010,,NaN,宇和島市,,unknown,strong,,,,true,missing_csv_coordinate;timezone_ambiguity;multiple_mountains_for_candidate;near_tie_candidates_for_mountain,
267,東高月山,v3_conflict_case,5,summit-candidate:3853fbbba7330ec4,0.65,medium,v3_conflict_case,fallback_name_municipality,yamap_2024-02-24_07_06.gpx,高月山・東高月山・郭公岳・櫨ヶ森・毛山,NaN,NaN,,,,1181,,NaN,宇和島市,,unknown,strong,,,,true,missing_csv_coordinate;timezone_ambiguity;multiple_mountains_for_candidate;near_tie_candidates_for_mountain,
268,高月山,v3_conflict_case,5,summit-candidate:3853fbbba7330ec4,0.65,medium,v3_conflict_case,fallback_name_municipality,yamap_2024-02-24_07_06.gpx,高月山・東高月山・郭公岳・櫨ヶ森・毛山,NaN,NaN,,,,1229,,NaN,宇和島市,,unknown,strong,,,,true,missing_csv_coordinate;timezone_ambiguity;multiple_mountains_for_candidate;near_tie_candidates_for_mountain,
269,櫨ヶ森,v3_conflict_case,5,summit-candidate:3853fbbba7330ec4,0.65,medium,v3_conflict_case,fallback_name_municipality,yamap_2024-02-24_07_06.gpx,高月山・東高月山・郭公岳・櫨ヶ森・毛山,NaN,NaN,,,,1064,,NaN,宇和島市,,unknown,strong,,,,true,missing_csv_coordinate;timezone_ambiguity;multiple_mountains_for_candidate;near_tie_candidates_for_mountain,
270,毛山,v3_conflict_case,10,summit-candidate:27c1036d4aa2230e,0.65,medium,v3_conflict_case,fallback_name_municipality,yamap_2022-04-08_09_33.gpx,鬼ヶ城山・大久保山・八面山・三本杭・横ノ森・小屋ヶ森・毛山,NaN,NaN,,,,1089,,,,宇和島市,compatible,strong,,,,true,grounding_missing;missing_csv_coordinate;timezone_ambiguity;multiple_mountains_for_candidate;near_tie_candidates_for_mountain,
275,夫婦山,v3_conflict_case,7,summit-candidate:0022a746b396d4c7,0.65,medium,v3_conflict_case,fallback_name_municipality,yamap_2024-03-10_07_12.gpx,夫婦山・白山・観音山・国見山・城山・御勧請山,NaN,NaN,,,,387,,,,松山市,compatible,strong,,,,true,grounding_missing;missing_csv_coordinate;timezone_ambiguity;multiple_mountains_for_candidate;near_tie_candidates_for_mountain,
276,白山,v3_conflict_case,7,summit-candidate:0022a746b396d4c7,0.65,medium,v3_conflict_case,fallback_name_municipality,yamap_2024-03-10_07_12.gpx,夫婦山・白山・観音山・国見山・城山・御勧請山,NaN,NaN,,,,327,,NaN,松山市,松山市,compatible,strong,,,,true,missing_csv_coordinate;timezone_ambiguity;multiple_mountains_for_candidate;near_tie_candidates_for_mountain,
277,観音山,v3_conflict_case,11,summit-candidate:0022a746b396d4c7,0.65,medium,v3_conflict_case,fallback_name_municipality,yamap_2024-03-10_07_12.gpx,夫婦山・白山・観音山・国見山・城山・御勧請山,NaN,NaN,,,,360,,,,松山市,compatible,strong,,,,true,grounding_missing;missing_csv_coordinate;timezone_ambiguity;multiple_mountains_for_candidate;near_tie_candidates_for_mountain,
278,国見山,v3_conflict_case,7,summit-candidate:0022a746b396d4c7,0.65,medium,v3_conflict_case,fallback_name_municipality,yamap_2024-03-10_07_12.gpx,夫婦山・白山・観音山・国見山・城山・御勧請山,NaN,NaN,,,,380,,,,松山市,compatible,strong,,,,true,grounding_missing;missing_csv_coordinate;timezone_ambiguity;multiple_mountains_for_candidate;near_tie_candidates_for_mountain,
279,城山,v3_conflict_case,28,summit-candidate:0022a746b396d4c7,0.65,medium,v3_conflict_case,fallback_name_municipality,yamap_2024-03-10_07_12.gpx,夫婦山・白山・観音山・国見山・城山・御勧請山,NaN,NaN,,,,244,,NaN,松山市,松山市,compatible,strong,,,,true,missing_csv_coordinate;timezone_ambiguity;multiple_mountains_for_candidate;near_tie_candidates_for_mountain,
280,御勧請山,v3_conflict_case,7,summit-candidate:0022a746b396d4c7,0.65,medium,v3_conflict_case,fallback_name_municipality,yamap_2024-03-10_07_12.gpx,夫婦山・白山・観音山・国見山・城山・御勧請山,NaN,NaN,,,,327,,NaN,松山市,松山市,compatible,strong,,,,true,missing_csv_coordinate;timezone_ambiguity;multiple_mountains_for_candidate;near_tie_candidates_for_mountain,
281,トギ,v3_conflict_case,2,summit-candidate:b49681fa67b2b53e,0.65,medium,v3_conflict_case,fallback_name_municipality,yamap_2024-03-16_09_21.gpx,トギ・張木山・高手山,NaN,NaN,,,,391,,NaN,大洲市,大洲市,compatible,strong,,,,true,missing_csv_coordinate;timezone_ambiguity;multiple_mountains_for_candidate;near_tie_candidates_for_mountain,
282,張木山,v3_conflict_case,2,summit-candidate:b49681fa67b2b53e,0.65,medium,v3_conflict_case,fallback_name_municipality,yamap_2024-03-16_09_21.gpx,トギ・張木山・高手山,NaN,NaN,,,,468,,NaN,大洲市,大洲市,compatible,strong,,,,true,missing_csv_coordinate;timezone_ambiguity;multiple_mountains_for_candidate;near_tie_candidates_for_mountain,
283,高手山,v3_conflict_case,2,summit-candidate:b49681fa67b2b53e,0.65,medium,v3_conflict_case,fallback_name_municipality,yamap_2024-03-16_09_21.gpx,トギ・張木山・高手山,NaN,NaN,,,,381,,NaN,大洲市,大洲市,compatible,strong,,,,true,missing_csv_coordinate;timezone_ambiguity;multiple_mountains_for_candidate;near_tie_candidates_for_mountain,
285,御祝山,v3_conflict_case,2,summit-candidate:9186201ca03b041d,0.65,medium,v3_conflict_case,fallback_name_municipality,yamap_2024-03-30_07_11.gpx,御祝山・横ノ森・小屋ヶ森・串ヶ森・目黒鳥屋・長尾森,NaN,NaN,,,,999,,NaN,松野町,松野町,compatible,strong,,,,true,missing_csv_coordinate;timezone_ambiguity;multiple_mountains_for_candidate,
286,横ノ森,v3_conflict_case,7,summit-candidate:9186201ca03b041d,0.65,medium,v3_conflict_case,fallback_name_municipality,yamap_2024-03-30_07_11.gpx,御祝山・横ノ森・小屋ヶ森・串ヶ森・目黒鳥屋・長尾森,NaN,NaN,,,,1200,,NaN,松野町,松野町,compatible,strong,,,,true,missing_csv_coordinate;timezone_ambiguity;multiple_mountains_for_candidate,
287,小屋ヶ森,v3_conflict_case,7,summit-candidate:9186201ca03b041d,0.65,medium,v3_conflict_case,fallback_name_municipality,yamap_2024-03-30_07_11.gpx,御祝山・横ノ森・小屋ヶ森・串ヶ森・目黒鳥屋・長尾森,NaN,NaN,,,,1184,,NaN,松野町,松野町,compatible,strong,,,,true,missing_csv_coordinate;timezone_ambiguity;multiple_mountains_for_candidate,
288,串ヶ森,v3_conflict_case,2,summit-candidate:9186201ca03b041d,0.65,medium,v3_conflict_case,fallback_name_municipality,yamap_2024-03-30_07_11.gpx,御祝山・横ノ森・小屋ヶ森・串ヶ森・目黒鳥屋・長尾森,NaN,NaN,,,,1160,,NaN,松野町,松野町,compatible,strong,,,,true,missing_csv_coordinate;timezone_ambiguity;multiple_mountains_for_candidate,
289,目黒鳥屋,v3_conflict_case,2,summit-candidate:9186201ca03b041d,0.65,medium,v3_conflict_case,fallback_name_municipality,yamap_2024-03-30_07_11.gpx,御祝山・横ノ森・小屋ヶ森・串ヶ森・目黒鳥屋・長尾森,NaN,NaN,,,,1157,,NaN,松野町,松野町,compatible,strong,,,,true,missing_csv_coordinate;timezone_ambiguity;multiple_mountains_for_candidate,
290,長尾森,v3_conflict_case,2,summit-candidate:9186201ca03b041d,0.65,medium,v3_conflict_case,fallback_name_municipality,yamap_2024-03-30_07_11.gpx,御祝山・横ノ森・小屋ヶ森・串ヶ森・目黒鳥屋・長尾森,NaN,NaN,,,,1180,,NaN,松野町,松野町,compatible,strong,,,,true,missing_csv_coordinate;timezone_ambiguity;multiple_mountains_for_candidate,
291,二箆山,v3_conflict_case,6,summit-candidate:09c1602c02ce7f78,0.65,medium,v3_conflict_case,fallback_name_municipality,yamap_2024-04-07_06_45.gpx,二箆山・西雑誌山,NaN,NaN,,,,1169,,,,久万高原町,compatible,strong,,,,true,grounding_missing;missing_csv_coordinate;timezone_ambiguity;multiple_mountains_for_candidate;near_tie_candidates_for_mountain,
292,西雑誌山,v3_conflict_case,6,summit-candidate:09c1602c02ce7f78,0.65,medium,v3_conflict_case,fallback_name_municipality,yamap_2024-04-07_06_45.gpx,二箆山・西雑誌山,NaN,NaN,,,,1341,,,,久万高原町,compatible,strong,,,,true,grounding_missing;missing_csv_coordinate;timezone_ambiguity;multiple_mountains_for_candidate;near_tie_candidates_for_mountain,
293,気多山,v3_conflict_case,4,summit-candidate:3f404ba3e31c8b54,0.65,medium,v3_conflict_case,fallback_name_municipality,yamap_2024-04-20_05_43.gpx,気多山・八辻ノ峰・五代ヶ森,NaN,NaN,,,,1218,,,,久万高原町,compatible,strong,,,,true,grounding_missing;missing_csv_coordinate;timezone_ambiguity;multiple_mountains_for_candidate;near_tie_candidates_for_mountain,
294,八辻ノ峰,v3_conflict_case,4,summit-candidate:3f404ba3e31c8b54,0.65,medium,v3_conflict_case,fallback_name_municipality,yamap_2024-04-20_05_43.gpx,気多山・八辻ノ峰・五代ヶ森,NaN,NaN,,,,1724,,NaN,久万高原町,久万高原町,compatible,strong,,,,true,missing_csv_coordinate;timezone_ambiguity;multiple_mountains_for_candidate;near_tie_candidates_for_mountain,
295,五代ヶ森,v3_conflict_case,4,summit-candidate:3f404ba3e31c8b54,0.65,medium,v3_conflict_case,fallback_name_municipality,yamap_2024-04-20_05_43.gpx,気多山・八辻ノ峰・五代ヶ森,NaN,NaN,,,,1711,,NaN,久万高原町,久万高原町,compatible,strong,,,,true,missing_csv_coordinate;timezone_ambiguity;multiple_mountains_for_candidate;near_tie_candidates_for_mountain,
297,狼ヶ城山,v3_conflict_case,1,summit-candidate:95a8fa74fd4af7b0,0.65,medium,v3_conflict_case,fallback_name_municipality,yamap_2024-04-28_07_11.gpx,狼ヶ城山,NaN,NaN,,,,1380,,NaN,久万高原町,,unknown,strong,,,,true,missing_csv_coordinate;timezone_ambiguity;multiple_mountains_for_candidate,
298,日浦嶺,v3_conflict_case,2,summit-candidate:498b9618ca98fa34,0.65,medium,v3_conflict_case,fallback_name_municipality,yamap_2024-04-28_10_37.gpx,日浦嶺・打越山,NaN,NaN,,,,901,,NaN,久万高原町,,unknown,strong,,,,true,missing_csv_coordinate;timezone_ambiguity;multiple_mountains_for_candidate;near_tie_candidates_for_mountain,
299,打越山,v3_conflict_case,2,summit-candidate:498b9618ca98fa34,0.65,medium,v3_conflict_case,fallback_name_municipality,yamap_2024-04-28_10_37.gpx,日浦嶺・打越山,NaN,NaN,,,,860,,NaN,久万高原町,,unknown,strong,,,,true,missing_csv_coordinate;timezone_ambiguity;multiple_mountains_for_candidate;near_tie_candidates_for_mountain,
301,丸笹山,v3_conflict_case,2,summit-candidate:5ec5a611be375a53,0.65,medium,v3_conflict_case,fallback_name_municipality,yamap_2024-05-11_07_45.gpx,丸笹山,NaN,NaN,,,,1535,,,,久万高原町,compatible,strong,,,,true,grounding_missing;missing_csv_coordinate;timezone_ambiguity;near_tie_candidates_for_mountain,
302,丸滝山,v3_conflict_case,1,summit-candidate:aa6060fe8a831f45,0.65,medium,v3_conflict_case,fallback_name_municipality,yamap_2024-05-11_13_46.gpx,丸滝山,NaN,NaN,,,,1556,,,,久万高原町,compatible,strong,,,,true,grounding_missing;missing_csv_coordinate;timezone_ambiguity;multiple_mountains_for_candidate,
304,青刈山,v3_conflict_case,1,summit-candidate:94e96018c0a5450d,0.65,medium,v3_conflict_case,fallback_name_municipality,yamap_2024-05-19_08_47.gpx,二反山・青刈山,NaN,NaN,,,,342,,NaN,今治市,今治市,compatible,strong,,,,true,missing_csv_coordinate;timezone_ambiguity;multiple_mountains_for_candidate,
305,椿山,v3_conflict_case,3,summit-candidate:1b665bc67a34756a,0.65,medium,v3_conflict_case,fallback_name_municipality,yamap_2024-06-01_07_14.gpx,椿山,NaN,NaN,,,,1585,,,,久万高原町,compatible,strong,,,,true,grounding_missing;missing_csv_coordinate;timezone_ambiguity;near_tie_candidates_for_mountain,
306,黒森山,v3_conflict_case,3,summit-candidate:40e090ce41a89b55,0.65,medium,v3_conflict_case,fallback_name_municipality,yamap_2024-06-08_08_42.gpx,沓掛山・黒森山,NaN,NaN,,,,1678,,NaN,西条市,,unknown,strong,,,,true,missing_csv_coordinate;timezone_ambiguity;multiple_mountains_for_candidate;near_tie_candidates_for_mountain,
307,沓掛山,v3_conflict_case,2,summit-candidate:40e090ce41a89b55,0.65,medium,v3_conflict_case,fallback_name_municipality,yamap_2024-06-08_08_42.gpx,沓掛山・黒森山,NaN,NaN,,,,1691,,NaN,西条市,,unknown,strong,,,,true,missing_csv_coordinate;timezone_ambiguity;multiple_mountains_for_candidate;near_tie_candidates_for_mountain,
308,二反山,v3_conflict_case,2,summit-candidate:94e96018c0a5450d,0.65,medium,v3_conflict_case,fallback_name_municipality,yamap_2024-05-19_08_47.gpx,二反山・青刈山,NaN,NaN,,,,395,,,,今治市,compatible,strong,,,,true,grounding_missing;missing_csv_coordinate;timezone_ambiguity;multiple_mountains_for_candidate;near_tie_candidates_for_mountain,
309,平家平,v3_conflict_case,7,summit-candidate:006436491de34784,0.65,medium,v3_conflict_case,fallback_name_municipality,yamap_2022-11-26_04_41.gpx,銅山峰・西山・綱繰山・獅子舞の鼻・冠山・平家平,NaN,NaN,,,,1693,,NaN,新居浜市,新居浜市,compatible,strong,,,,true,missing_csv_coordinate;timezone_ambiguity;multiple_mountains_for_candidate;near_tie_candidates_for_mountain,
311,子持権現山,v3_conflict_case,2,summit-candidate:df6b60d513f5518e,0.65,medium,v3_conflict_case,fallback_name_municipality,yamap_2024-07-06_10_01.gpx,子持権現山・男山・瓶ヶ森,NaN,NaN,,,,1673,,NaN,西条市,,unknown,strong,,,,true,missing_csv_coordinate;timezone_ambiguity;multiple_mountains_for_candidate;near_tie_candidates_for_mountain,
312,男山,v3_conflict_case,8,summit-candidate:53a6401abf71c488,0.65,medium,v3_conflict_case,fallback_name_municipality,yamap_2026-05-02_09_29.gpx,男山・瓶ヶ森・台ヶ森,NaN,NaN,,,,1838,,NaN,西条市,西条市,compatible,strong,,,,true,missing_csv_coordinate;timezone_ambiguity;multiple_mountains_for_candidate;near_tie_candidates_for_mountain,
313,瓶ヶ森,v3_conflict_case,8,summit-candidate:53a6401abf71c488,0.65,medium,v3_conflict_case,fallback_name_municipality,yamap_2026-05-02_09_29.gpx,男山・瓶ヶ森・台ヶ森,NaN,NaN,,,,1897,,NaN,西条市,西条市,compatible,strong,,,,true,missing_csv_coordinate;timezone_ambiguity;multiple_mountains_for_candidate;near_tie_candidates_for_mountain,
316,高縄山,v3_conflict_case,3,summit-candidate:6ba0d3c6b0fb6b96,0.65,medium,v3_conflict_case,fallback_name_municipality,yamap_2022-04-09_14_44.gpx,大月山・高縄山,NaN,NaN,,,,993,,NaN,松山市,松山市,compatible,strong,,,,true,missing_csv_coordinate;timezone_ambiguity;multiple_mountains_for_candidate;near_tie_candidates_for_mountain,
317,伊予富士,v3_conflict_case,3,summit-candidate:6f70c7d3c27fe164,0.65,medium,v3_conflict_case,fallback_name_municipality,yamap_2024-09-14_07_46.gpx,伊予富士,NaN,NaN,,,,1756,,,,西条市,compatible,strong,,,,true,grounding_missing;missing_csv_coordinate;timezone_ambiguity;near_tie_candidates_for_mountain,
318,中津山(明神山),v3_conflict_case,4,summit-candidate:a0c5556d9432a199,0.65,medium,v3_conflict_case,fallback_name_municipality,yamap_2024-09-23_07_35.gpx,中津山(明神山)・猿越山,NaN,NaN,,,,1541,,,,,unknown,strong,,,,true,grounding_missing;missing_csv_coordinate;timezone_ambiguity;multiple_mountains_for_candidate;near_tie_candidates_for_mountain,
319,猿越山,v3_conflict_case,4,summit-candidate:a0c5556d9432a199,0.65,medium,v3_conflict_case,fallback_name_municipality,yamap_2024-09-23_07_35.gpx,中津山(明神山)・猿越山,NaN,NaN,,,,1435,,NaN,久万高原町,,unknown,strong,,,,true,missing_csv_coordinate;timezone_ambiguity;multiple_mountains_for_candidate;near_tie_candidates_for_mountain,
320,銅山峰,v3_conflict_case,8,summit-candidate:006436491de34784,0.65,medium,v3_conflict_case,fallback_name_municipality,yamap_2022-11-26_04_41.gpx,銅山峰・西山・綱繰山・獅子舞の鼻・冠山・平家平,NaN,NaN,,,,1330,,NaN,新居浜市,新居浜市,compatible,strong,,,,true,missing_csv_coordinate;timezone_ambiguity;multiple_mountains_for_candidate;near_tie_candidates_for_mountain,
321,西山,v3_conflict_case,10,summit-candidate:006436491de34784,0.65,medium,v3_conflict_case,fallback_name_municipality,yamap_2022-11-26_04_41.gpx,銅山峰・西山・綱繰山・獅子舞の鼻・冠山・平家平,NaN,NaN,,,,1429,,NaN,新居浜市,新居浜市,compatible,strong,,,,true,missing_csv_coordinate;timezone_ambiguity;multiple_mountains_for_candidate;near_tie_candidates_for_mountain,
322,三の森,v3_conflict_case,2,summit-candidate:057580d1c60049b6,0.65,medium,v3_conflict_case,fallback_name_municipality,yamap_2024-10-05_06_40.gpx,銅山峰・西山・三の森・二の森・一の森,NaN,NaN,,,,1154,,NaN,新居浜市,新居浜市,compatible,strong,,,,true,missing_csv_coordinate;timezone_ambiguity;multiple_mountains_for_candidate;near_tie_candidates_for_mountain,
323,二の森,v3_conflict_case,2,summit-candidate:057580d1c60049b6,0.65,medium,v3_conflict_case,fallback_name_municipality,yamap_2024-10-05_06_40.gpx,銅山峰・西山・三の森・二の森・一の森,NaN,NaN,,,,1040,,NaN,新居浜市,新居浜市,compatible,strong,,,,true,missing_csv_coordinate;timezone_ambiguity;multiple_mountains_for_candidate;near_tie_candidates_for_mountain,
324,一の森,v3_conflict_case,2,summit-candidate:057580d1c60049b6,0.65,medium,v3_conflict_case,fallback_name_municipality,yamap_2024-10-05_06_40.gpx,銅山峰・西山・三の森・二の森・一の森,NaN,NaN,,,,832,,,,新居浜市,compatible,strong,,,,true,grounding_missing;missing_csv_coordinate;timezone_ambiguity;multiple_mountains_for_candidate;near_tie_candidates_for_mountain,
325,三ッ足山,v3_conflict_case,6,summit-candidate:0886436b79473a6c,0.65,medium,v3_conflict_case,fallback_name_municipality,yamap_2024-10-14_04_48.gpx,三ッ足山・カガマシ山・橡尾山・笹ヶ峰,NaN,NaN,,,,1103,,NaN,四国中央市,四国中央市,compatible,strong,,,,true,missing_csv_coordinate;timezone_ambiguity;multiple_mountains_for_candidate;near_tie_candidates_for_mountain,
326,カガマシ山,v3_conflict_case,6,summit-candidate:0886436b79473a6c,0.65,medium,v3_conflict_case,fallback_name_municipality,yamap_2024-10-14_04_48.gpx,三ッ足山・カガマシ山・橡尾山・笹ヶ峰,NaN,NaN,,,,1343,,NaN,四国中央市,四国中央市,compatible,strong,,,,true,missing_csv_coordinate;timezone_ambiguity;multiple_mountains_for_candidate;near_tie_candidates_for_mountain,
327,橡尾山,v3_conflict_case,6,summit-candidate:0886436b79473a6c,0.65,medium,v3_conflict_case,fallback_name_municipality,yamap_2024-10-14_04_48.gpx,三ッ足山・カガマシ山・橡尾山・笹ヶ峰,NaN,NaN,,,,1222,,NaN,四国中央市,四国中央市,compatible,strong,,,,true,missing_csv_coordinate;timezone_ambiguity;multiple_mountains_for_candidate;near_tie_candidates_for_mountain,
328,笹ヶ峰,v3_conflict_case,12,summit-candidate:0886436b79473a6c,0.65,medium,v3_conflict_case,fallback_name_municipality,yamap_2024-10-14_04_48.gpx,三ッ足山・カガマシ山・橡尾山・笹ヶ峰,NaN,NaN,,,,1019,,,,四国中央市,compatible,strong,,,,true,grounding_missing;missing_csv_coordinate;timezone_ambiguity;multiple_mountains_for_candidate;near_tie_candidates_for_mountain,
331,五郎丸,v3_conflict_case,4,summit-candidate:32c1cf967ab82dbe,0.65,medium,v3_conflict_case,fallback_name_municipality,yamap_2024-12-01_06_40.gpx,唐谷山・天狗森・木峰・金見山・高丸・五郎丸・大谷山・龍王山,NaN,NaN,,,,595,,NaN,四国中央市,,unknown,strong,,,,true,missing_csv_coordinate;timezone_ambiguity;multiple_mountains_for_candidate;near_tie_candidates_for_mountain,
332,高丸,v3_conflict_case,4,summit-candidate:32c1cf967ab82dbe,0.65,medium,v3_conflict_case,fallback_name_municipality,yamap_2024-12-01_06_40.gpx,唐谷山・天狗森・木峰・金見山・高丸・五郎丸・大谷山・龍王山,NaN,NaN,,,,589,,NaN,四国中央市,,unknown,strong,,,,true,missing_csv_coordinate;timezone_ambiguity;multiple_mountains_for_candidate;near_tie_candidates_for_mountain,
333,金見山,v3_conflict_case,4,summit-candidate:32c1cf967ab82dbe,0.65,medium,v3_conflict_case,fallback_name_municipality,yamap_2024-12-01_06_40.gpx,唐谷山・天狗森・木峰・金見山・高丸・五郎丸・大谷山・龍王山,NaN,NaN,,,,596,,NaN,四国中央市,,unknown,strong,,,,true,missing_csv_coordinate;timezone_ambiguity;multiple_mountains_for_candidate;near_tie_candidates_for_mountain,
334,木峰,v3_conflict_case,4,summit-candidate:32c1cf967ab82dbe,0.65,medium,v3_conflict_case,fallback_name_municipality,yamap_2024-12-01_06_40.gpx,唐谷山・天狗森・木峰・金見山・高丸・五郎丸・大谷山・龍王山,NaN,NaN,,,,594,,NaN,四国中央市,,unknown,strong,,,,true,missing_csv_coordinate;timezone_ambiguity;multiple_mountains_for_candidate;near_tie_candidates_for_mountain,
335,天狗森,v3_conflict_case,4,summit-candidate:32c1cf967ab82dbe,0.65,medium,v3_conflict_case,fallback_name_municipality,yamap_2024-12-01_06_40.gpx,唐谷山・天狗森・木峰・金見山・高丸・五郎丸・大谷山・龍王山,NaN,NaN,,,,535,,NaN,四国中央市,,unknown,strong,,,,true,missing_csv_coordinate;timezone_ambiguity;multiple_mountains_for_candidate;near_tie_candidates_for_mountain,
336,唐谷山,v3_conflict_case,4,summit-candidate:32c1cf967ab82dbe,0.65,medium,v3_conflict_case,fallback_name_municipality,yamap_2024-12-01_06_40.gpx,唐谷山・天狗森・木峰・金見山・高丸・五郎丸・大谷山・龍王山,NaN,NaN,,,,485,,NaN,四国中央市,,unknown,strong,,,,true,missing_csv_coordinate;timezone_ambiguity;multiple_mountains_for_candidate;near_tie_candidates_for_mountain,
337,龍王山,v3_conflict_case,4,summit-candidate:32c1cf967ab82dbe,0.65,medium,v3_conflict_case,fallback_name_municipality,yamap_2024-12-01_06_40.gpx,唐谷山・天狗森・木峰・金見山・高丸・五郎丸・大谷山・龍王山,NaN,NaN,,,,450,,NaN,四国中央市,,unknown,strong,,,,true,missing_csv_coordinate;timezone_ambiguity;multiple_mountains_for_candidate;near_tie_candidates_for_mountain,
338,大谷山,v3_conflict_case,4,summit-candidate:32c1cf967ab82dbe,0.65,medium,v3_conflict_case,fallback_name_municipality,yamap_2024-12-01_06_40.gpx,唐谷山・天狗森・木峰・金見山・高丸・五郎丸・大谷山・龍王山,NaN,NaN,,,,507,,NaN,四国中央市,,unknown,strong,,,,true,missing_csv_coordinate;timezone_ambiguity;multiple_mountains_for_candidate;near_tie_candidates_for_mountain,
339,城山,v3_conflict_case,28,summit-candidate:95a8fa74fd4af7b0,0.65,medium,v3_conflict_case,fallback_name_municipality,yamap_2024-04-28_07_11.gpx,狼ヶ城山,NaN,NaN,,,,62,,NaN,四国中央市,,unknown,strong,,,,true,missing_csv_coordinate;timezone_ambiguity;multiple_mountains_for_candidate,
340,本尊山,v3_conflict_case,3,summit-candidate:0bd3d051cdb972fd,0.65,medium,v3_conflict_case,fallback_name_municipality,yamap_2024-12-08_06_59.gpx,本尊山・秋葉山・立烏帽子山・明神山,NaN,NaN,,,,187,,NaN,伊予市,伊予市,compatible,strong,,,,true,missing_csv_coordinate;timezone_ambiguity;multiple_mountains_for_candidate;near_tie_candidates_for_mountain,
341,秋葉山,v3_conflict_case,3,summit-candidate:0bd3d051cdb972fd,0.65,medium,v3_conflict_case,fallback_name_municipality,yamap_2024-12-08_06_59.gpx,本尊山・秋葉山・立烏帽子山・明神山,NaN,NaN,,,,631,,NaN,伊予市,伊予市,compatible,strong,,,,true,missing_csv_coordinate;timezone_ambiguity;multiple_mountains_for_candidate;near_tie_candidates_for_mountain,
342,立烏帽子山,v3_conflict_case,3,summit-candidate:0bd3d051cdb972fd,0.65,medium,v3_conflict_case,fallback_name_municipality,yamap_2024-12-08_06_59.gpx,本尊山・秋葉山・立烏帽子山・明神山,NaN,NaN,,,,536,,,,伊予市,compatible,strong,,,,true,grounding_missing;missing_csv_coordinate;timezone_ambiguity;multiple_mountains_for_candidate;near_tie_candidates_for_mountain,
343,明神山,v3_conflict_case,9,summit-candidate:0bd3d051cdb972fd,0.65,medium,v3_conflict_case,fallback_name_municipality,yamap_2024-12-08_06_59.gpx,本尊山・秋葉山・立烏帽子山・明神山,NaN,NaN,,,,634,,NaN,伊予市,伊予市,compatible,strong,,,,true,missing_csv_coordinate;timezone_ambiguity;multiple_mountains_for_candidate;near_tie_candidates_for_mountain,
344,陣が森,v3_conflict_case,6,summit-candidate:6b0155a434d72d79,0.65,medium,v3_conflict_case,fallback_name_municipality,yamap_2024-12-15_07_21.gpx,陣が森・岩が森・スクモ塚・高萩山・長者森,NaN,NaN,,,,538,,NaN,松山市,,unknown,strong,,,,true,missing_csv_coordinate;timezone_ambiguity;multiple_mountains_for_candidate;near_tie_candidates_for_mountain,
345,岩が森,v3_conflict_case,5,summit-candidate:6b0155a434d72d79,0.65,medium,v3_conflict_case,fallback_name_municipality,yamap_2024-12-15_07_21.gpx,陣が森・岩が森・スクモ塚・高萩山・長者森,NaN,NaN,,,,413,,NaN,松山市,,unknown,strong,,,,true,missing_csv_coordinate;timezone_ambiguity;multiple_mountains_for_candidate;near_tie_candidates_for_mountain,
346,スクモ塚,v3_conflict_case,5,summit-candidate:6b0155a434d72d79,0.65,medium,v3_conflict_case,fallback_name_municipality,yamap_2024-12-15_07_21.gpx,陣が森・岩が森・スクモ塚・高萩山・長者森,NaN,NaN,,,,283,,,,,unknown,strong,,,,true,grounding_missing;missing_csv_coordinate;timezone_ambiguity;multiple_mountains_for_candidate;near_tie_candidates_for_mountain,
347,高萩山,v3_conflict_case,5,summit-candidate:6b0155a434d72d79,0.65,medium,v3_conflict_case,fallback_name_municipality,yamap_2024-12-15_07_21.gpx,陣が森・岩が森・スクモ塚・高萩山・長者森,NaN,NaN,,,,356,,NaN,松山市,,unknown,strong,,,,true,missing_csv_coordinate;timezone_ambiguity;multiple_mountains_for_candidate;near_tie_candidates_for_mountain,
348,長者森,v3_conflict_case,5,summit-candidate:6b0155a434d72d79,0.65,medium,v3_conflict_case,fallback_name_municipality,yamap_2024-12-15_07_21.gpx,陣が森・岩が森・スクモ塚・高萩山・長者森,NaN,NaN,,,,293,,,,,unknown,strong,,,,true,grounding_missing;missing_csv_coordinate;timezone_ambiguity;multiple_mountains_for_candidate;near_tie_candidates_for_mountain,
349,八倉山,v3_conflict_case,2,summit-candidate:cfd366be872f9534,0.65,medium,v3_conflict_case,fallback_name_municipality,yamap_2024-12-22_06_34.gpx,八倉山・行道山・水晶ヶ森,NaN,NaN,,,,257,,NaN,砥部町,砥部町,compatible,strong,,,,true,missing_csv_coordinate;timezone_ambiguity;multiple_mountains_for_candidate,
350,行道山,v3_conflict_case,2,summit-candidate:cfd366be872f9534,0.65,medium,v3_conflict_case,fallback_name_municipality,yamap_2024-12-22_06_34.gpx,八倉山・行道山・水晶ヶ森,NaN,NaN,,,,371,,NaN,砥部町,砥部町,compatible,strong,,,,true,missing_csv_coordinate;timezone_ambiguity;multiple_mountains_for_candidate,
351,水晶ヶ森,v3_conflict_case,2,summit-candidate:cfd366be872f9534,0.65,medium,v3_conflict_case,fallback_name_municipality,yamap_2024-12-22_06_34.gpx,八倉山・行道山・水晶ヶ森,NaN,NaN,,,,403,,NaN,砥部町,砥部町,compatible,strong,,,,true,missing_csv_coordinate;timezone_ambiguity;multiple_mountains_for_candidate,
353,壺神山,v3_conflict_case,5,summit-candidate:0048d4d3a7981b80,0.65,medium,v3_conflict_case,fallback_name_municipality,yamap_2025-01-03_07_19.gpx,壺神山・滝山・足山・皿が森,NaN,NaN,,,,971,,NaN,大洲市,大洲市,compatible,strong,,,,true,missing_csv_coordinate;timezone_ambiguity;multiple_mountains_for_candidate;near_tie_candidates_for_mountain,
354,滝山,v3_conflict_case,19,summit-candidate:0048d4d3a7981b80,0.65,medium,v3_conflict_case,fallback_name_municipality,yamap_2025-01-03_07_19.gpx,壺神山・滝山・足山・皿が森,NaN,NaN,,,,726,,,,大洲市,compatible,strong,,,,true,grounding_missing;missing_csv_coordinate;timezone_ambiguity;multiple_mountains_for_candidate;near_tie_candidates_for_mountain,
355,足山,v3_conflict_case,13,summit-candidate:0048d4d3a7981b80,0.65,medium,v3_conflict_case,fallback_name_municipality,yamap_2025-01-03_07_19.gpx,壺神山・滝山・足山・皿が森,NaN,NaN,,,,675,,NaN,大洲市,大洲市,compatible,strong,,,,true,missing_csv_coordinate;timezone_ambiguity;multiple_mountains_for_candidate;near_tie_candidates_for_mountain,
356,皿が森,v3_conflict_case,5,summit-candidate:0048d4d3a7981b80,0.65,medium,v3_conflict_case,fallback_name_municipality,yamap_2025-01-03_07_19.gpx,壺神山・滝山・足山・皿が森,NaN,NaN,,,,610,,,,大洲市,compatible,strong,,,,true,grounding_missing;missing_csv_coordinate;timezone_ambiguity;multiple_mountains_for_candidate;near_tie_candidates_for_mountain,
357,尉之山,v3_conflict_case,2,summit-candidate:12f30719aca26806,0.65,medium,v3_conflict_case,fallback_name_municipality,yamap_2025-01-11_08_43.gpx,尉之山・小山岳,NaN,NaN,,,,383,,NaN,松山市,,unknown,strong,,,,true,missing_csv_coordinate;timezone_ambiguity;multiple_mountains_for_candidate;near_tie_candidates_for_mountain,
358,小山岳,v3_conflict_case,2,summit-candidate:12f30719aca26806,0.65,medium,v3_conflict_case,fallback_name_municipality,yamap_2025-01-11_08_43.gpx,尉之山・小山岳,NaN,NaN,,,,435,,NaN,松山市,,unknown,strong,,,,true,missing_csv_coordinate;timezone_ambiguity;multiple_mountains_for_candidate;near_tie_candidates_for_mountain,
359,勝山,v3_conflict_case,2,summit-candidate:2b833dfb6f3f84c1,0.65,medium,v3_conflict_case,fallback_name_municipality,yamap_2025-01-11_11_51.gpx,勝山,NaN,NaN,,,,385,,NaN,松山市,松山市,compatible,strong,,,,true,missing_csv_coordinate;timezone_ambiguity;multiple_mountains_for_candidate;near_tie_candidates_for_mountain,
360,松葉山（松葉城址）,v3_conflict_case,3,summit-candidate:2c1cbc474e49f1ec,0.65,medium,v3_conflict_case,fallback_name_municipality,yamap_2025-01-24_13_34.gpx,御篠山・松葉山（松葉城址）・烏殿,NaN,NaN,,,,410,,,,西予市,compatible,strong,,,,true,grounding_missing;missing_csv_coordinate;timezone_ambiguity;multiple_mountains_for_candidate;near_tie_candidates_for_mountain,
361,烏殿,v3_conflict_case,3,summit-candidate:2c1cbc474e49f1ec,0.65,medium,v3_conflict_case,fallback_name_municipality,yamap_2025-01-24_13_34.gpx,御篠山・松葉山（松葉城址）・烏殿,NaN,NaN,,,,588,,,,西予市,compatible,strong,,,,true,grounding_missing;missing_csv_coordinate;timezone_ambiguity;multiple_mountains_for_candidate;near_tie_candidates_for_mountain,
362,御篠山,v3_conflict_case,3,summit-candidate:2c1cbc474e49f1ec,0.65,medium,v3_conflict_case,fallback_name_municipality,yamap_2025-01-24_13_34.gpx,御篠山・松葉山（松葉城址）・烏殿,NaN,NaN,,,,384,,,,西予市,compatible,strong,,,,true,grounding_missing;missing_csv_coordinate;timezone_ambiguity;multiple_mountains_for_candidate;near_tie_candidates_for_mountain,
363,天が森,v3_conflict_case,2,summit-candidate:090f7fa4be89ec5e,0.65,medium,v3_conflict_case,fallback_name_municipality,yamap_2025-01-26_07_09.gpx,天が森・浄心山・銅が鳴,NaN,NaN,,,,393,,NaN,八幡浜市,八幡浜市,compatible,strong,,,,true,missing_csv_coordinate;timezone_ambiguity;multiple_mountains_for_candidate;near_tie_candidates_for_mountain,
364,浄心山,v3_conflict_case,2,summit-candidate:090f7fa4be89ec5e,0.65,medium,v3_conflict_case,fallback_name_municipality,yamap_2025-01-26_07_09.gpx,天が森・浄心山・銅が鳴,NaN,NaN,,,,781,,NaN,八幡浜市,八幡浜市,compatible,strong,,,,true,missing_csv_coordinate;timezone_ambiguity;multiple_mountains_for_candidate;near_tie_candidates_for_mountain,
365,銅が鳴,v3_conflict_case,2,summit-candidate:090f7fa4be89ec5e,0.65,medium,v3_conflict_case,fallback_name_municipality,yamap_2025-01-26_07_09.gpx,天が森・浄心山・銅が鳴,NaN,NaN,,,,767,,NaN,八幡浜市,八幡浜市,compatible,strong,,,,true,missing_csv_coordinate;timezone_ambiguity;multiple_mountains_for_candidate;near_tie_candidates_for_mountain,
369,垣生山,v3_conflict_case,5,summit-candidate:6c20bef6dc4e973b,0.65,medium,v3_conflict_case,fallback_name_municipality,yamap_2025-01-30_12_21.gpx,垣生山,NaN,NaN,,,,101,,,,新居浜市,compatible,strong,,,,true,grounding_missing;missing_csv_coordinate;timezone_ambiguity;multiple_mountains_for_candidate,
383,無宗天山,v3_conflict_case,1,summit-candidate:0f09bdcc25daff65,0.65,medium,v3_conflict_case,fallback_name_municipality,yamap_2025-02-24_07_30.gpx,無宗天山,NaN,NaN,,,,313,,,,今治市,compatible,strong,,,,true,grounding_missing;missing_csv_coordinate;timezone_ambiguity;multiple_mountains_for_candidate,
384,綱付山,v3_conflict_case,2,summit-candidate:e4f762179d85915d,0.65,medium,v3_conflict_case,fallback_name_municipality,yamap_2025-02-28_07_34.gpx,綱付山・幻城上城,NaN,NaN,,,,519,,,,西条市,compatible,strong,,,,true,grounding_missing;missing_csv_coordinate;timezone_ambiguity;multiple_mountains_for_candidate;near_tie_candidates_for_mountain,
385,幻城上城,v3_conflict_case,2,summit-candidate:e4f762179d85915d,0.65,medium,v3_conflict_case,fallback_name_municipality,yamap_2025-02-28_07_34.gpx,綱付山・幻城上城,NaN,NaN,,,,479,,,,西条市,compatible,strong,,,,true,grounding_missing;missing_csv_coordinate;timezone_ambiguity;multiple_mountains_for_candidate;near_tie_candidates_for_mountain,
390,高森山,v3_conflict_case,9,summit-candidate:428f403ddcc5a31a,0.65,medium,v3_conflict_case,fallback_name_municipality,yamap_2026-02-22_07_32.gpx,高森山・町木山・寒台山・鎧掛山,NaN,NaN,,,,309,,,,,unknown,strong,,,,true,grounding_missing;missing_csv_coordinate;timezone_ambiguity;multiple_mountains_for_candidate;near_tie_candidates_for_mountain,
392,高山,v3_conflict_case,5,summit-candidate:101c1b0635c0bec0,0.65,medium,v3_conflict_case,fallback_name_municipality,yamap_2022-12-25_10_09.gpx,高山,NaN,NaN,,,,149,,NaN,松山市,今治市,compatible,strong,,,,true,missing_csv_coordinate;timezone_ambiguity;multiple_mountains_for_candidate;near_tie_candidates_for_mountain,
393,泰ノ山,v3_conflict_case,4,summit-candidate:8ff6361109e5ed5c,0.65,medium,v3_conflict_case,fallback_name_municipality,yamap_2025-03-20_08_27.gpx,高山・大里山・泰ノ山,NaN,NaN,,,,289,,,,松山市,compatible,strong,,,,true,grounding_missing;missing_csv_coordinate;timezone_ambiguity;multiple_mountains_for_candidate;near_tie_candidates_for_mountain,
394,大里山,v3_conflict_case,4,summit-candidate:8ff6361109e5ed5c,0.65,medium,v3_conflict_case,fallback_name_municipality,yamap_2025-03-20_08_27.gpx,高山・大里山・泰ノ山,NaN,NaN,,,,296,,NaN,松山市,松山市,compatible,strong,,,,true,missing_csv_coordinate;timezone_ambiguity;multiple_mountains_for_candidate;near_tie_candidates_for_mountain,
395,北ヶ森,v3_conflict_case,1,summit-candidate:dedadc05e5f6d5d5,0.65,medium,v3_conflict_case,fallback_name_municipality,yamap_2025-03-23_11_12.gpx,北ヶ森・高土の峰,NaN,NaN,,,,1010,,NaN,久万高原町,,unknown,strong,,,,true,missing_csv_coordinate;timezone_ambiguity;multiple_mountains_for_candidate,
396,高土の峰,v3_conflict_case,1,summit-candidate:dedadc05e5f6d5d5,0.65,medium,v3_conflict_case,fallback_name_municipality,yamap_2025-03-23_11_12.gpx,北ヶ森・高土の峰,NaN,NaN,,,,794,,NaN,砥部町,,unknown,strong,,,,true,missing_csv_coordinate;timezone_ambiguity;multiple_mountains_for_candidate,
398,岳山,v3_conflict_case,3,summit-candidate:54cf4155ab259d9d,0.55,low,v3_conflict_case,fallback_name_only_review,yamap_2022-02-26_07_43.gpx,御岳山,NaN,NaN,,,,606,,NaN,大洲市,東温市,compatible,strong,,,,true,municipality_mismatch;missing_csv_coordinate;timezone_ambiguity;multiple_mountains_for_candidate;near_tie_candidates_for_mountain,
401,京の森,v3_conflict_case,1,summit-candidate:13aa9354da4eb6d6,0.65,medium,v3_conflict_case,fallback_name_municipality,yamap_2025-03-30_12_56.gpx,京の森・大迫山,NaN,NaN,,,,545,,NaN,大洲市,,unknown,strong,,,,true,missing_csv_coordinate;timezone_ambiguity;multiple_mountains_for_candidate,
402,大迫山,v3_conflict_case,1,summit-candidate:13aa9354da4eb6d6,0.65,medium,v3_conflict_case,fallback_name_municipality,yamap_2025-03-30_12_56.gpx,京の森・大迫山,NaN,NaN,,,,559,,NaN,大洲市,,unknown,strong,,,,true,missing_csv_coordinate;timezone_ambiguity;multiple_mountains_for_candidate,
405,加塚山,v3_conflict_case,6,summit-candidate:18f6f4b086668887,0.65,medium,v3_conflict_case,fallback_name_municipality,yamap_2025-04-06_08_48.gpx,加塚山,NaN,NaN,,,,1065,,,,宇和島市,compatible,strong,,,,true,grounding_missing;missing_csv_coordinate;timezone_ambiguity;near_tie_candidates_for_mountain,
406,新谷神南山,v3_conflict_case,2,summit-candidate:49147712961a83be,0.65,medium,v3_conflict_case,fallback_name_municipality,yamap_2025-04-09_06_48.gpx,新谷神南山・五十崎神南山,NaN,NaN,,,,654,,,,,unknown,strong,,,,true,grounding_missing;missing_csv_coordinate;timezone_ambiguity;multiple_mountains_for_candidate;near_tie_candidates_for_mountain,
407,五十崎神南山,v3_conflict_case,2,summit-candidate:49147712961a83be,0.65,medium,v3_conflict_case,fallback_name_municipality,yamap_2025-04-09_06_48.gpx,新谷神南山・五十崎神南山,NaN,NaN,,,,710,,NaN,大洲市,,unknown,strong,,,,true,missing_csv_coordinate;timezone_ambiguity;multiple_mountains_for_candidate;near_tie_candidates_for_mountain,
409,小屋山,v3_conflict_case,4,summit-candidate:01f601a63b1874f6,0.65,medium,v3_conflict_case,fallback_name_municipality,yamap_2025-04-19_07_10.gpx,小屋山・丸石山,NaN,NaN,,,,1344,,NaN,西予市,,unknown,strong,,,,true,missing_csv_coordinate;timezone_ambiguity;multiple_mountains_for_candidate;near_tie_candidates_for_mountain,
410,丸石山,v3_conflict_case,4,summit-candidate:01f601a63b1874f6,0.65,medium,v3_conflict_case,fallback_name_municipality,yamap_2025-04-19_07_10.gpx,小屋山・丸石山,NaN,NaN,,,,1327,,NaN,久万高原町,,unknown,strong,,,,true,missing_csv_coordinate;timezone_ambiguity;multiple_mountains_for_candidate;near_tie_candidates_for_mountain,
411,野地峰,v3_conflict_case,4,summit-candidate:17a471cc45af2c05,0.65,medium,v3_conflict_case,fallback_name_municipality,yamap_2025-04-27_06_23.gpx,野地峰・黒岩山・大野山,NaN,NaN,,,,1279,,NaN,四国中央市,,unknown,strong,,,,true,missing_csv_coordinate;timezone_ambiguity;multiple_mountains_for_candidate;near_tie_candidates_for_mountain,
412,黒岩山,v3_conflict_case,4,summit-candidate:17a471cc45af2c05,0.65,medium,v3_conflict_case,fallback_name_municipality,yamap_2025-04-27_06_23.gpx,野地峰・黒岩山・大野山,NaN,NaN,,,,1350,,NaN,四国中央市,,unknown,strong,,,,true,missing_csv_coordinate;timezone_ambiguity;multiple_mountains_for_candidate;near_tie_candidates_for_mountain,
413,大野山,v3_conflict_case,4,summit-candidate:17a471cc45af2c05,0.65,medium,v3_conflict_case,fallback_name_municipality,yamap_2025-04-27_06_23.gpx,野地峰・黒岩山・大野山,NaN,NaN,,,,1400,,NaN,四国中央市,,unknown,strong,,,,true,missing_csv_coordinate;timezone_ambiguity;multiple_mountains_for_candidate;near_tie_candidates_for_mountain,
414,水なし山,v3_conflict_case,1,summit-candidate:403c0894babcf279,0.65,medium,v3_conflict_case,fallback_name_municipality,yamap_2025-06-21_08_53.gpx,貝渚山・水なし山,NaN,NaN,,,,1406,,NaN,久万高原町,,unknown,strong,,,,true,missing_csv_coordinate;timezone_ambiguity;multiple_mountains_for_candidate,
415,貝渚山,v3_conflict_case,1,summit-candidate:403c0894babcf279,0.65,medium,v3_conflict_case,fallback_name_municipality,yamap_2025-06-21_08_53.gpx,貝渚山・水なし山,NaN,NaN,,,,1422,,NaN,久万高原町,,unknown,strong,,,,true,missing_csv_coordinate;timezone_ambiguity;multiple_mountains_for_candidate,
417,東黒森,v3_conflict_case,1,summit-candidate:20f1c44b99e3d708,0.65,medium,v3_conflict_case,fallback_name_municipality,yamap_2025-07-06_09_43.gpx,東黒森,NaN,NaN,,,,1733,,NaN,西条市,,unknown,strong,,,,true,missing_csv_coordinate;timezone_ambiguity;multiple_mountains_for_candidate,
419,小牛城,v3_conflict_case,1,summit-candidate:ba78489e4d448645,0.65,medium,v3_conflict_case,fallback_name_municipality,yamap_2025-08-15_10_51.gpx,小牛城,NaN,NaN,,,,1142,,NaN,久万高原町,,unknown,strong,,,,true,missing_csv_coordinate;timezone_ambiguity;multiple_mountains_for_candidate,
423,鶴ノ子ノ頭,v3_conflict_case,2,summit-candidate:19713e48698f3e2a,0.65,medium,v3_conflict_case,fallback_name_municipality,yamap_2025-09-07_08_00.gpx,鶴ノ子ノ頭・石鎚山,NaN,NaN,,,,1637,,NaN,久万高原町,,unknown,strong,,,,true,missing_csv_coordinate;timezone_ambiguity;multiple_mountains_for_candidate;near_tie_candidates_for_mountain,
425,黒川山,v3_conflict_case,4,summit-candidate:109bc31ba8b3aa15,0.65,medium,v3_conflict_case,fallback_name_municipality,yamap_2025-09-21_08_53.gpx,前社ヶ森・剣山・黒川山,NaN,NaN,,,,1365,,,,西条市,compatible,strong,,,,true,grounding_missing;missing_csv_coordinate;timezone_ambiguity;multiple_mountains_for_candidate;near_tie_candidates_for_mountain,
426,前社ヶ森,v3_conflict_case,4,summit-candidate:109bc31ba8b3aa15,0.65,medium,v3_conflict_case,fallback_name_municipality,yamap_2025-09-21_08_53.gpx,前社ヶ森・剣山・黒川山,NaN,NaN,,,,1592,,NaN,西条市,西条市,compatible,strong,,,,true,missing_csv_coordinate;timezone_ambiguity;multiple_mountains_for_candidate;near_tie_candidates_for_mountain,
427,剣山,v3_conflict_case,4,summit-candidate:109bc31ba8b3aa15,0.65,medium,v3_conflict_case,fallback_name_municipality,yamap_2025-09-21_08_53.gpx,前社ヶ森・剣山・黒川山,NaN,NaN,,,,1627,,NaN,西条市,西条市,compatible,strong,,,,true,missing_csv_coordinate;timezone_ambiguity;multiple_mountains_for_candidate;near_tie_candidates_for_mountain,
428,東光森山,v3_conflict_case,4,summit-candidate:4b66146264e5e167,0.65,medium,v3_conflict_case,fallback_name_municipality,yamap_2025-09-27_06_52.gpx,東光森山・別子山,NaN,NaN,,,,1486,,NaN,新居浜市,新居浜市,compatible,strong,,,,true,missing_csv_coordinate;timezone_ambiguity;multiple_mountains_for_candidate;near_tie_candidates_for_mountain,
429,別子山,v3_conflict_case,4,summit-candidate:4b66146264e5e167,0.65,medium,v3_conflict_case,fallback_name_municipality,yamap_2025-09-27_06_52.gpx,東光森山・別子山,NaN,NaN,,,,1374,,NaN,新居浜市,新居浜市,compatible,strong,,,,true,missing_csv_coordinate;timezone_ambiguity;multiple_mountains_for_candidate;near_tie_candidates_for_mountain,
430,三ッ森山,v3_conflict_case,4,summit-candidate:20557338e1ab5de6,0.65,medium,v3_conflict_case,fallback_name_municipality,yamap_2025-10-05_08_42.gpx,三ッ森山・大座礼山,NaN,NaN,,,,1429,,,,,unknown,strong,,,,true,grounding_missing;missing_csv_coordinate;timezone_ambiguity;multiple_mountains_for_candidate;near_tie_candidates_for_mountain,
431,大座礼山,v3_conflict_case,4,summit-candidate:20557338e1ab5de6,0.65,medium,v3_conflict_case,fallback_name_municipality,yamap_2025-10-05_08_42.gpx,三ッ森山・大座礼山,NaN,NaN,,,,1587,,NaN,新居浜市,,unknown,strong,,,,true,missing_csv_coordinate;timezone_ambiguity;multiple_mountains_for_candidate;near_tie_candidates_for_mountain,
432,三つ足山,v3_conflict_case,2,summit-candidate:565ba3761956d9b3,0.65,medium,v3_conflict_case,fallback_name_municipality,yamap_2025-10-11_06_24.gpx,大森山・佐々連尾山・三つ足山,NaN,NaN,,,,1452,,NaN,四国中央市,四国中央市,compatible,strong,,,,true,missing_csv_coordinate;timezone_ambiguity;multiple_mountains_for_candidate;near_tie_candidates_for_mountain,
433,大森山,v3_conflict_case,4,summit-candidate:565ba3761956d9b3,0.65,medium,v3_conflict_case,fallback_name_municipality,yamap_2025-10-11_06_24.gpx,大森山・佐々連尾山・三つ足山,NaN,NaN,,,,1433,,NaN,四国中央市,四国中央市,compatible,strong,,,,true,missing_csv_coordinate;timezone_ambiguity;multiple_mountains_for_candidate;near_tie_candidates_for_mountain,
434,佐々連尾山,v3_conflict_case,2,summit-candidate:565ba3761956d9b3,0.65,medium,v3_conflict_case,fallback_name_municipality,yamap_2025-10-11_06_24.gpx,大森山・佐々連尾山・三つ足山,NaN,NaN,,,,1404,,NaN,四国中央市,四国中央市,compatible,strong,,,,true,missing_csv_coordinate;timezone_ambiguity;multiple_mountains_for_candidate;near_tie_candidates_for_mountain,
436,大峰,v3_conflict_case,2,summit-candidate:1946316119cd7251,0.65,medium,v3_conflict_case,fallback_name_municipality,yamap_2025-10-23_15_58.gpx,大峰,NaN,NaN,,,,358,,,,伊方町,compatible,strong,,,,true,grounding_missing;missing_csv_coordinate;timezone_sensitive_activity_link,
440,霧立山,v3_conflict_case,2,summit-candidate:9fe4d21715424f17,0.65,medium,v3_conflict_case,fallback_name_municipality,yamap_2025-12-06_08_06.gpx,霧立山・地蔵山,NaN,NaN,,,,1096,,,,鬼北町,compatible,strong,,,,true,grounding_missing;missing_csv_coordinate;timezone_ambiguity;multiple_mountains_for_candidate;near_tie_candidates_for_mountain,
441,地蔵山,v3_conflict_case,2,summit-candidate:9fe4d21715424f17,0.65,medium,v3_conflict_case,fallback_name_municipality,yamap_2025-12-06_08_06.gpx,霧立山・地蔵山,NaN,NaN,,,,1126,,,,鬼北町,compatible,strong,,,,true,grounding_missing;missing_csv_coordinate;timezone_ambiguity;multiple_mountains_for_candidate;near_tie_candidates_for_mountain,
444,紅葉山,v3_conflict_case,2,summit-candidate:6b62cbb916ef874d,0.65,medium,v3_conflict_case,fallback_name_municipality,yamap_2025-12-14_08_56.gpx,梁瀬山・紅葉山,NaN,NaN,,,,376,,NaN,大洲市,大洲市,compatible,strong,,,,true,missing_csv_coordinate;timezone_ambiguity;multiple_mountains_for_candidate;near_tie_candidates_for_mountain,
445,梁瀬山,v3_conflict_case,2,summit-candidate:6b62cbb916ef874d,0.65,medium,v3_conflict_case,fallback_name_municipality,yamap_2025-12-14_08_56.gpx,梁瀬山・紅葉山,NaN,NaN,,,,372,,NaN,大洲市,大洲市,compatible,strong,,,,true,missing_csv_coordinate;timezone_ambiguity;multiple_mountains_for_candidate;near_tie_candidates_for_mountain,
446,池ノ城山,v3_conflict_case,1,summit-candidate:f028aab45221cee6,0.65,medium,v3_conflict_case,fallback_name_municipality,yamap_2025-12-20_07_28.gpx,池ノ城山,NaN,NaN,,,,589,,NaN,内子町,内子町,compatible,strong,,,,true,missing_csv_coordinate;timezone_ambiguity;multiple_mountains_for_candidate,
449,御在所山,v3_conflict_case,2,summit-candidate:17c3649ad9b147ce,0.65,medium,v3_conflict_case,fallback_name_municipality,yamap_2026-01-07_07_05.gpx,御在所山,NaN,NaN,,,,668,,NaN,大洲市,,unknown,strong,,,,true,missing_csv_coordinate;timezone_ambiguity;multiple_mountains_for_candidate;near_tie_candidates_for_mountain,
451,陣が森岳,v3_conflict_case,1,summit-candidate:1fd59e0e67624706,0.65,medium,v3_conflict_case,fallback_name_municipality,yamap_2026-01-11_10_38.gpx,陣が森岳,NaN,NaN,,,,620,,,,伊予市,compatible,strong,,,,true,grounding_missing;missing_csv_coordinate;timezone_ambiguity;multiple_mountains_for_candidate,
455,船ヶ迫岳,v3_conflict_case,2,summit-candidate:4a22801b12460992,0.65,medium,v3_conflict_case,fallback_name_municipality,yamap_2026-01-25_07_43.gpx,船ヶ迫岳・鎌倉山,NaN,NaN,,,,631,,NaN,内子町,内子町,compatible,strong,,,,true,missing_csv_coordinate;timezone_ambiguity;multiple_mountains_for_candidate;near_tie_candidates_for_mountain,
456,鎌倉山,v3_conflict_case,2,summit-candidate:4a22801b12460992,0.65,medium,v3_conflict_case,fallback_name_municipality,yamap_2026-01-25_07_43.gpx,船ヶ迫岳・鎌倉山,NaN,NaN,,,,681,,NaN,内子町,内子町,compatible,strong,,,,true,missing_csv_coordinate;timezone_ambiguity;multiple_mountains_for_candidate;near_tie_candidates_for_mountain,
457,槇ノ山,v3_conflict_case,2,summit-candidate:f39b40bd0d9b0192,0.65,medium,v3_conflict_case,fallback_name_municipality,yamap_2026-01-31_07_40.gpx,槇ノ山,NaN,NaN,,,,439,,,,宇和島市,compatible,strong,,,,true,grounding_missing;missing_csv_coordinate;timezone_ambiguity;near_tie_candidates_for_mountain,
458,遠見山,v3_conflict_case,1,summit-candidate:e55456349660bd14,0.65,medium,v3_conflict_case,fallback_name_municipality,yamap_2026-01-31_10_49.gpx,遠見山,NaN,NaN,,,,322,,,,宇和島市,compatible,strong,,,,true,grounding_missing;missing_csv_coordinate;timezone_ambiguity;multiple_mountains_for_candidate,
459,高森山,v3_conflict_case,9,summit-candidate:428f403ddcc5a31a,0.65,medium,v3_conflict_case,fallback_name_municipality,yamap_2026-02-22_07_32.gpx,高森山・町木山・寒台山・鎧掛山,NaN,NaN,,,,634,,NaN,西予市,,unknown,strong,,,,true,missing_csv_coordinate;timezone_ambiguity;multiple_mountains_for_candidate;near_tie_candidates_for_mountain,
460,牛の峰,v3_conflict_case,2,summit-candidate:6adfa15b8dbd8966,0.65,medium,v3_conflict_case,fallback_name_municipality,yamap_2026-02-07_07_21.gpx,牛の峰・尻高峰,NaN,NaN,,,,660,,,,大洲市,compatible,strong,,,,true,grounding_missing;missing_csv_coordinate;timezone_ambiguity;multiple_mountains_for_candidate;near_tie_candidates_for_mountain,
461,尻高峰,v3_conflict_case,2,summit-candidate:6adfa15b8dbd8966,0.65,medium,v3_conflict_case,fallback_name_municipality,yamap_2026-02-07_07_21.gpx,牛の峰・尻高峰,NaN,NaN,,,,566,,NaN,大洲市,大洲市,compatible,strong,,,,true,missing_csv_coordinate;timezone_ambiguity;multiple_mountains_for_candidate;near_tie_candidates_for_mountain,
465,権現山,v3_conflict_case,22,summit-candidate:2c817617699a0a45,0.65,medium,v3_conflict_case,fallback_name_municipality,yamap_2022-02-06_08_26.gpx,谷上山・権現山・白滝山・障子山,NaN,NaN,,,,364,,NaN,八幡浜市,,unknown,strong,,,,true,missing_csv_coordinate;timezone_ambiguity;multiple_mountains_for_candidate;near_tie_candidates_for_mountain,
466,大森山,v3_conflict_case,4,summit-candidate:a80dd0489247a839,0.65,medium,v3_conflict_case,fallback_name_municipality,yamap_2025-10-11_06_24.gpx,大森山・佐々連尾山・三つ足山,NaN,NaN,,,,729,,NaN,大洲市,,unknown,strong,,,,true,missing_csv_coordinate;timezone_ambiguity;multiple_mountains_for_candidate;near_tie_candidates_for_mountain,
467,高森山,v3_conflict_case,9,summit-candidate:19ab381ef6c337af,0.65,medium,v3_conflict_case,fallback_name_municipality,yamap_2026-02-22_07_32.gpx,高森山・町木山・寒台山・鎧掛山,NaN,NaN,,,,819,,NaN,大洲市,大洲市,compatible,strong,,,,true,missing_csv_coordinate;timezone_ambiguity;multiple_mountains_for_candidate;near_tie_candidates_for_mountain,
468,町木山,v3_conflict_case,5,summit-candidate:19ab381ef6c337af,0.65,medium,v3_conflict_case,fallback_name_municipality,yamap_2026-02-22_07_32.gpx,高森山・町木山・寒台山・鎧掛山,NaN,NaN,,,,982,,,,大洲市,compatible,strong,,,,true,grounding_missing;missing_csv_coordinate;timezone_ambiguity;multiple_mountains_for_candidate;near_tie_candidates_for_mountain,
469,寒台山,v3_conflict_case,5,summit-candidate:428f403ddcc5a31a,0.65,medium,v3_conflict_case,fallback_name_municipality,yamap_2026-02-22_07_32.gpx,高森山・町木山・寒台山・鎧掛山,NaN,NaN,,,,895,,NaN,内子町,,unknown,strong,,,,true,missing_csv_coordinate;timezone_ambiguity;multiple_mountains_for_candidate;near_tie_candidates_for_mountain,
470,鎧掛山,v3_conflict_case,5,summit-candidate:19ab381ef6c337af,0.65,medium,v3_conflict_case,fallback_name_municipality,yamap_2026-02-22_07_32.gpx,高森山・町木山・寒台山・鎧掛山,NaN,NaN,,,,788,,NaN,大洲市,大洲市,compatible,strong,,,,true,missing_csv_coordinate;timezone_ambiguity;multiple_mountains_for_candidate;near_tie_candidates_for_mountain,
472,剣ノ山,v3_conflict_case,5,summit-candidate:0d5802be6f4a6c6e,0.65,medium,v3_conflict_case,fallback_name_municipality,yamap_2026-03-01_06_45.gpx,剣ノ山・三傍示山・塩塚峰,NaN,NaN,,,,1105,,NaN,四国中央市,四国中央市,compatible,strong,,,,true,missing_csv_coordinate;timezone_ambiguity;multiple_mountains_for_candidate;near_tie_candidates_for_mountain,
473,三傍示山,v3_conflict_case,5,summit-candidate:0d5802be6f4a6c6e,0.65,medium,v3_conflict_case,fallback_name_municipality,yamap_2026-03-01_06_45.gpx,剣ノ山・三傍示山・塩塚峰,NaN,NaN,,,,1157,,NaN,四国中央市,四国中央市,compatible,strong,,,,true,missing_csv_coordinate;timezone_ambiguity;multiple_mountains_for_candidate;near_tie_candidates_for_mountain,
474,塩塚峰,v3_conflict_case,5,summit-candidate:0d5802be6f4a6c6e,0.65,medium,v3_conflict_case,fallback_name_municipality,yamap_2026-03-01_06_45.gpx,剣ノ山・三傍示山・塩塚峰,NaN,NaN,,,,1043,,NaN,四国中央市,四国中央市,compatible,strong,,,,true,missing_csv_coordinate;timezone_ambiguity;multiple_mountains_for_candidate;near_tie_candidates_for_mountain,
475,登議城山,v3_conflict_case,1,summit-candidate:9fe27d7d4a51aa70,0.65,medium,v3_conflict_case,fallback_name_municipality,yamap_2026-03-04_06_40.gpx,登議城山,NaN,NaN,,,,655,,,,内子町,compatible,strong,,,,true,grounding_missing;missing_csv_coordinate;timezone_ambiguity;multiple_mountains_for_candidate,
476,愛宕山,v3_conflict_case,3,summit-candidate:c6ea08c2953b4cb8,0.65,medium,v3_conflict_case,fallback_name_municipality,yamap_2026-03-04_09_46.gpx,愛宕山,NaN,NaN,,,,357,,,,内子町,compatible,strong,,,,true,grounding_missing;missing_csv_coordinate;timezone_ambiguity;multiple_mountains_for_candidate,
477,笠松山東峰,v3_conflict_case,1,summit-candidate:8f25ad4ff380df77,0.65,medium,v3_conflict_case,fallback_name_municipality,yamap_2026-03-06_09_00.gpx,世田山・笠松山東峰・笠松山,NaN,NaN,,,,327,,NaN,今治市,今治市,compatible,strong,,,,true,missing_csv_coordinate;timezone_ambiguity;multiple_mountains_for_candidate,
480,権現山,v3_conflict_case,22,summit-candidate:2c817617699a0a45,0.65,medium,v3_conflict_case,fallback_name_municipality,yamap_2022-02-06_08_26.gpx,谷上山・権現山・白滝山・障子山,NaN,NaN,,,,952,,NaN,宇和島市,,unknown,strong,,,,true,missing_csv_coordinate;timezone_ambiguity;multiple_mountains_for_candidate;near_tie_candidates_for_mountain,
484,軽ノ山,v3_conflict_case,1,summit-candidate:084fa7c9e55252dc,0.65,medium,v3_conflict_case,fallback_name_municipality,yamap_2026-03-11_10_35.gpx,野津子山・軽ノ山,NaN,NaN,,,,171,,NaN,松山市,松山市,compatible,strong,,,,true,missing_csv_coordinate;timezone_ambiguity;multiple_mountains_for_candidate,
485,野津子山,v3_conflict_case,1,summit-candidate:084fa7c9e55252dc,0.65,medium,v3_conflict_case,fallback_name_municipality,yamap_2026-03-11_10_35.gpx,野津子山・軽ノ山,NaN,NaN,,,,144,,NaN,松山市,松山市,compatible,strong,,,,true,missing_csv_coordinate;timezone_ambiguity;multiple_mountains_for_candidate,
489,雨乞山,v3_conflict_case,5,summit-candidate:0f61b39e537be0a6,0.65,medium,v3_conflict_case,fallback_name_municipality,yamap_2026-03-21_07_01.gpx,雨乞山・妙見森,NaN,NaN,,,,1213,,,,,unknown,strong,,,,true,grounding_missing;missing_csv_coordinate;timezone_ambiguity;multiple_mountains_for_candidate;near_tie_candidates_for_mountain,
490,妙見森,v3_conflict_case,4,summit-candidate:0f61b39e537be0a6,0.65,medium,v3_conflict_case,fallback_name_municipality,yamap_2026-03-21_07_01.gpx,雨乞山・妙見森,NaN,NaN,,,,1325,,NaN,内子町,,unknown,strong,,,,true,missing_csv_coordinate;timezone_ambiguity;multiple_mountains_for_candidate;near_tie_candidates_for_mountain,
494,権現山,v3_conflict_case,22,summit-candidate:2011a6c909945d6f,0.65,medium,v3_conflict_case,fallback_name_municipality,yamap_2026-04-12_11_03.gpx,権現山,NaN,NaN,,,,117,,NaN,松山市,松山市,compatible,strong,,,,true,missing_csv_coordinate;timezone_ambiguity;multiple_mountains_for_candidate;near_tie_candidates_for_mountain,
495,雨乞山,v3_conflict_case,5,summit-candidate:0f61b39e537be0a6,0.65,medium,v3_conflict_case,fallback_name_municipality,yamap_2026-03-21_07_01.gpx,雨乞山・妙見森,NaN,NaN,,,,499,,,,,unknown,strong,,,,true,grounding_missing;missing_csv_coordinate;timezone_ambiguity;multiple_mountains_for_candidate;near_tie_candidates_for_mountain,
497,面木山,v3_conflict_case,3,summit-candidate:a96db37bf518f31a,0.65,medium,v3_conflict_case,fallback_name_municipality,yamap_2026-04-29_06_34.gpx,面木山・黒森,NaN,NaN,,,,988,,NaN,西条市,,unknown,strong,,,,true,missing_csv_coordinate;timezone_ambiguity;multiple_mountains_for_candidate;near_tie_candidates_for_mountain,
498,黒森,v3_conflict_case,15,summit-candidate:20f1c44b99e3d708,0.65,medium,v3_conflict_case,fallback_name_municipality,yamap_2025-07-06_09_43.gpx,東黒森,NaN,NaN,,,,903,,NaN,西条市,,unknown,strong,,,,true,missing_csv_coordinate;timezone_ambiguity;multiple_mountains_for_candidate;near_tie_candidates_for_mountain,
499,台ヶ森,v3_conflict_case,3,summit-candidate:53a6401abf71c488,0.65,medium,v3_conflict_case,fallback_name_municipality,yamap_2026-05-02_09_29.gpx,男山・瓶ヶ森・台ヶ森,NaN,NaN,,,,1501,,NaN,西条市,西条市,compatible,strong,,,,true,missing_csv_coordinate;timezone_ambiguity;multiple_mountains_for_candidate;near_tie_candidates_for_mountain,
500,丸山,v3_conflict_case,6,summit-candidate:453327d51d16e202,0.65,medium,v3_conflict_case,fallback_name_municipality,yamap_2026-05-06_07_28.gpx,丸山・ちち山・笹ヶ峰,NaN,NaN,,,,1547,,NaN,西条市,,unknown,strong,,,,true,missing_csv_coordinate;timezone_ambiguity;multiple_mountains_for_candidate;near_tie_candidates_for_mountain,
501,大森山,v3_conflict_case,4,summit-candidate:a80dd0489247a839,0.65,medium,v3_conflict_case,fallback_name_municipality,yamap_2025-10-11_06_24.gpx,大森山・佐々連尾山・三つ足山,NaN,NaN,,33.782402,133.153201,1399,,NaN,西条市,,unknown,strong,,,,true,timezone_ambiguity;multiple_mountains_for_candidate;near_tie_candidates_for_mountain,
506,陣ヶ森,v3_conflict_case,3,summit-candidate:e7e4429a39f6359f,0.65,medium,v3_conflict_case,fallback_name_municipality,yamap_2022-05-05_13_29.gpx,陣ヶ森・前々司山・うなめご,NaN,NaN,,33.590092,132.709728,565,,NaN,内子町,,unknown,strong,,,,true,timezone_ambiguity;multiple_mountains_for_candidate,
511,秋葉山,v3_conflict_case,3,summit-candidate:0bd3d051cdb972fd,0.55,low,v3_conflict_case,fallback_name_only_review,yamap_2024-12-08_06_59.gpx,本尊山・秋葉山・立烏帽子山・明神山,NaN,NaN,,33.596611,132.606278,722,,NaN,大洲市,伊予市,compatible,strong,,,,true,municipality_mismatch;timezone_ambiguity;multiple_mountains_for_candidate;near_tie_candidates_for_mountain,
512,黒山,v3_conflict_case,10,summit-candidate:282882317c3aab0b,0.65,medium,v3_conflict_case,fallback_name_municipality,yamap_2024-02-17_05_38.gpx,大黒山・譲ヶ葉森,NaN,NaN,,33.638972,132.610639,729,,NaN,内子町,,unknown,strong,,,,true,timezone_ambiguity;multiple_mountains_for_candidate;near_tie_candidates_for_mountain,
513,大野山,v3_conflict_case,4,summit-candidate:17a471cc45af2c05,0.65,medium,v3_conflict_case,fallback_name_municipality,yamap_2025-04-27_06_23.gpx,野地峰・黒岩山・大野山,NaN,NaN,,33.423639,132.552972,800,,NaN,西予市,,unknown,strong,,,,true,timezone_ambiguity;multiple_mountains_for_candidate;near_tie_candidates_for_mountain,
518,笠松山,v3_conflict_case,3,summit-candidate:8f25ad4ff380df77,0.55,low,v3_conflict_case,fallback_name_only_review,yamap_2026-03-06_09_00.gpx,世田山・笠松山東峰・笠松山,NaN,NaN,,33.694307,132.89529,868,,NaN,久万高原町,今治市,compatible,strong,,,,true,municipality_mismatch;timezone_ambiguity;multiple_mountains_for_candidate;near_tie_candidates_for_mountain,
531,扇山,v3_conflict_case,1,summit-candidate:9acc21860aa8a208,0.55,low,v3_conflict_case,fallback_name_only_review,yamap_2022-12-12_10_30.gpx,扇山,NaN,NaN,,33.8244,133.214509,1392,,NaN,西条市,砥部町,compatible,strong,,,,true,municipality_mismatch;timezone_ambiguity;multiple_mountains_for_candidate,