mountain_no,mountain_name,summit_candidate_id,candidate_rank_for_mountain,candidate_rank_for_summit_candidate,combined_candidate_score,confidence,match_status,candidate_generation_strategy,source_gpx_basename,track_name,candidate_lat,candidate_lon,candidate_ele_m,grounding_distance_m,csv_coordinate_distance_m,elevation_diff_m,municipality_compatibility,name_evidence_tier,needs_human_review,review_reason_codes,notes
1,関ヶ森,summit-candidate:a0c35720552a78c8,1,1,0.65,medium,v3_conflict_case,fallback_name_municipality,yamap_2022-01-15_08_17.gpx,関ヶ森・観音山・倉谷山・芝ヶ峠,NaN,NaN,,,,,,strong,true,grounding_missing;missing_csv_coordinate;timezone_ambiguity;multiple_mountains_for_candidate;near_tie_candidates_for_mountain,
1,関ヶ森,summit-candidate:c284068144ec2cfd,2,1,0.65,medium,v3_conflict_case,fallback_name_municipality,yamap_2022-01-15_08_17.gpx,関ヶ森・観音山・倉谷山・芝ヶ峠,NaN,NaN,,,,,,strong,true,grounding_missing;missing_csv_coordinate;timezone_ambiguity;multiple_mountains_for_candidate;near_tie_candidates_for_mountain,
1,関ヶ森,summit-candidate:cb62a56e70cedbce,3,1,0.65,medium,v3_conflict_case,fallback_name_municipality,yamap_2022-01-15_08_17.gpx,関ヶ森・観音山・倉谷山・芝ヶ峠,NaN,NaN,,,,,,strong,true,grounding_missing;missing_csv_coordinate;timezone_ambiguity;multiple_mountains_for_candidate;near_tie_candidates_for_mountain,
1,関ヶ森,summit-candidate:feca346909b97b92,4,1,0.65,medium,v3_conflict_case,fallback_name_municipality,yamap_2022-01-15_08_17.gpx,関ヶ森・観音山・倉谷山・芝ヶ峠,NaN,NaN,,,,,,strong,true,grounding_missing;missing_csv_coordinate;timezone_ambiguity;multiple_mountains_for_candidate;near_tie_candidates_for_mountain,
2,観音山,summit-candidate:0022a746b396d4c7,1,1,0.65,medium,v3_conflict_case,fallback_name_municipality,yamap_2024-03-10_07_12.gpx,夫婦山・白山・観音山・国見山・城山・御勧請山,NaN,NaN,,,,,,strong,true,grounding_missing;missing_csv_coordinate;timezone_ambiguity;multiple_mountains_for_candidate;near_tie_candidates_for_mountain,
2,観音山,summit-candidate:13b7a4bb8154974a,2,1,0.65,medium,v3_conflict_case,fallback_name_municipality,yamap_2024-03-10_07_12.gpx,夫婦山・白山・観音山・国見山・城山・御勧請山,NaN,NaN,,,,,,strong,true,grounding_missing;missing_csv_coordinate;timezone_ambiguity;multiple_mountains_for_candidate;near_tie_candidates_for_mountain,
2,観音山,summit-candidate:2ab43729f5e80cbe,3,1,0.65,medium,v3_conflict_case,fallback_name_municipality,yamap_2024-03-10_07_12.gpx,夫婦山・白山・観音山・国見山・城山・御勧請山,NaN,NaN,,,,,,strong,true,grounding_missing;missing_csv_coordinate;timezone_ambiguity;multiple_mountains_for_candidate;near_tie_candidates_for_mountain,
2,観音山,summit-candidate:3a491eecbf684185,4,1,0.65,medium,v3_conflict_case,fallback_name_municipality,yamap_2024-03-10_07_12.gpx,夫婦山・白山・観音山・国見山・城山・御勧請山,NaN,NaN,,,,,,strong,true,grounding_missing;missing_csv_coordinate;timezone_ambiguity;multiple_mountains_for_candidate;near_tie_candidates_for_mountain,
2,観音山,summit-candidate:3e9348428f22a320,5,1,0.65,medium,v3_conflict_case,fallback_name_municipality,yamap_2024-03-10_07_12.gpx,夫婦山・白山・観音山・国見山・城山・御勧請山,NaN,NaN,,,,,,strong,true,grounding_missing;missing_csv_coordinate;timezone_ambiguity;multiple_mountains_for_candidate;near_tie_candidates_for_mountain,
2,観音山,summit-candidate:a0c35720552a78c8,6,2,0.65,medium,v3_conflict_case,fallback_name_municipality,yamap_2022-01-15_08_17.gpx,関ヶ森・観音山・倉谷山・芝ヶ峠,NaN,NaN,,,,,,strong,true,grounding_missing;missing_csv_coordinate;timezone_ambiguity;multiple_mountains_for_candidate;near_tie_candidates_for_mountain,
2,観音山,summit-candidate:c284068144ec2cfd,7,2,0.65,medium,v3_conflict_case,fallback_name_municipality,yamap_2022-01-15_08_17.gpx,関ヶ森・観音山・倉谷山・芝ヶ峠,NaN,NaN,,,,,,strong,true,grounding_missing;missing_csv_coordinate;timezone_ambiguity;multiple_mountains_for_candidate;near_tie_candidates_for_mountain,
2,観音山,summit-candidate:cb62a56e70cedbce,8,2,0.65,medium,v3_conflict_case,fallback_name_municipality,yamap_2022-01-15_08_17.gpx,関ヶ森・観音山・倉谷山・芝ヶ峠,NaN,NaN,,,,,,strong,true,grounding_missing;missing_csv_coordinate;timezone_ambiguity;multiple_mountains_for_candidate;near_tie_candidates_for_mountain,
2,観音山,summit-candidate:cf29543e6beaa1ec,9,1,0.65,medium,v3_conflict_case,fallback_name_municipality,yamap_2024-03-10_07_12.gpx,夫婦山・白山・観音山・国見山・城山・御勧請山,NaN,NaN,,,,,,strong,true,grounding_missing;missing_csv_coordinate;timezone_ambiguity;multiple_mountains_for_candidate;near_tie_candidates_for_mountain,
2,観音山,summit-candidate:d19542a61a416537,10,1,0.65,medium,v3_conflict_case,fallback_name_municipality,yamap_2024-03-10_07_12.gpx,夫婦山・白山・観音山・国見山・城山・御勧請山,NaN,NaN,,,,,,strong,true,grounding_missing;missing_csv_coordinate;timezone_ambiguity;multiple_mountains_for_candidate;near_tie_candidates_for_mountain,
2,観音山,summit-candidate:feca346909b97b92,11,2,0.65,medium,v3_conflict_case,fallback_name_municipality,yamap_2022-01-15_08_17.gpx,関ヶ森・観音山・倉谷山・芝ヶ峠,NaN,NaN,,,,,,strong,true,grounding_missing;missing_csv_coordinate;timezone_ambiguity;multiple_mountains_for_candidate;near_tie_candidates_for_mountain,
3,高森山,summit-candidate:428f403ddcc5a31a,1,1,0.65,medium,v3_conflict_case,fallback_name_municipality,yamap_2026-02-22_07_32.gpx,高森山・町木山・寒台山・鎧掛山,NaN,NaN,,NaN,,,,strong,true,missing_csv_coordinate;timezone_ambiguity;multiple_mountains_for_candidate;near_tie_candidates_for_mountain,
3,高森山,summit-candidate:7a8dca9b423536f5,2,1,0.65,medium,v3_conflict_case,fallback_name_municipality,yamap_2026-02-22_07_32.gpx,高森山・町木山・寒台山・鎧掛山,NaN,NaN,,NaN,,,,strong,true,missing_csv_coordinate;timezone_ambiguity;multiple_mountains_for_candidate;near_tie_candidates_for_mountain,
3,高森山,summit-candidate:d03c84134ca0989d,3,1,0.65,medium,v3_conflict_case,fallback_name_municipality,yamap_2022-01-22_09_04.gpx,高森山・岩伽羅山・衣掛山・吉山(吉山城址),NaN,NaN,,NaN,,,,strong,true,missing_csv_coordinate;timezone_ambiguity;multiple_mountains_for_candidate;near_tie_candidates_for_mountain,
3,高森山,summit-candidate:e7ae682a07af2e10,4,1,0.65,medium,v3_conflict_case,fallback_name_municipality,yamap_2022-01-22_09_04.gpx,高森山・岩伽羅山・衣掛山・吉山(吉山城址),NaN,NaN,,NaN,,,,strong,true,missing_csv_coordinate;timezone_ambiguity;multiple_mountains_for_candidate;near_tie_candidates_for_mountain,
3,高森山,summit-candidate:19ab381ef6c337af,5,4,0.55,low,v3_conflict_case,fallback_name_only_review,yamap_2026-02-22_07_32.gpx,高森山・町木山・寒台山・鎧掛山,NaN,NaN,,NaN,,,,strong,true,municipality_mismatch;missing_csv_coordinate;timezone_ambiguity;multiple_mountains_for_candidate;near_tie_candidates_for_mountain,
3,高森山,summit-candidate:5f31b84e049f61fa,6,4,0.55,low,v3_conflict_case,fallback_name_only_review,yamap_2026-02-22_07_32.gpx,高森山・町木山・寒台山・鎧掛山,NaN,NaN,,NaN,,,,strong,true,municipality_mismatch;missing_csv_coordinate;timezone_ambiguity;multiple_mountains_for_candidate;near_tie_candidates_for_mountain,
3,高森山,summit-candidate:682d61b87016166b,7,2,0.55,low,v3_conflict_case,fallback_name_only_review,yamap_2025-03-17_13_17.gpx,高森山,NaN,NaN,,NaN,,,,strong,true,municipality_mismatch;missing_csv_coordinate;timezone_ambiguity;multiple_mountains_for_candidate;near_tie_candidates_for_mountain,
3,高森山,summit-candidate:a9b00b48e0c94eab,8,1,0.55,low,v3_conflict_case,fallback_name_only_review,yamap_2026-01-31_13_52.gpx,高森山,NaN,NaN,,NaN,,,,strong,true,municipality_mismatch;missing_csv_coordinate;timezone_ambiguity;multiple_mountains_for_candidate;near_tie_candidates_for_mountain,
3,高森山,summit-candidate:f55ffb534aa2ae4c,9,4,0.55,low,v3_conflict_case,fallback_name_only_review,yamap_2026-02-22_07_32.gpx,高森山・町木山・寒台山・鎧掛山,NaN,NaN,,NaN,,,,strong,true,municipality_mismatch;missing_csv_coordinate;timezone_ambiguity;multiple_mountains_for_candidate;near_tie_candidates_for_mountain,
4,岩伽羅山,summit-candidate:d03c84134ca0989d,1,2,0.65,medium,v3_conflict_case,fallback_name_municipality,yamap_2022-01-22_09_04.gpx,高森山・岩伽羅山・衣掛山・吉山(吉山城址),NaN,NaN,,,,,,strong,true,grounding_missing;missing_csv_coordinate;timezone_ambiguity;multiple_mountains_for_candidate;near_tie_candidates_for_mountain,
4,岩伽羅山,summit-candidate:e7ae682a07af2e10,2,2,0.65,medium,v3_conflict_case,fallback_name_municipality,yamap_2022-01-22_09_04.gpx,高森山・岩伽羅山・衣掛山・吉山(吉山城址),NaN,NaN,,,,,,strong,true,grounding_missing;missing_csv_coordinate;timezone_ambiguity;multiple_mountains_for_candidate;near_tie_candidates_for_mountain,
5,衣掛山,summit-candidate:d03c84134ca0989d,1,3,0.65,medium,v3_conflict_case,fallback_name_municipality,yamap_2022-01-22_09_04.gpx,高森山・岩伽羅山・衣掛山・吉山(吉山城址),NaN,NaN,,,,,,strong,true,grounding_missing;missing_csv_coordinate;timezone_ambiguity;multiple_mountains_for_candidate;near_tie_candidates_for_mountain,
5,衣掛山,summit-candidate:e7ae682a07af2e10,2,3,0.65,medium,v3_conflict_case,fallback_name_municipality,yamap_2022-01-22_09_04.gpx,高森山・岩伽羅山・衣掛山・吉山(吉山城址),NaN,NaN,,,,,,strong,true,grounding_missing;missing_csv_coordinate;timezone_ambiguity;multiple_mountains_for_candidate;near_tie_candidates_for_mountain,
6,吉山(吉山城址),summit-candidate:d03c84134ca0989d,1,4,0.65,medium,v3_conflict_case,fallback_name_municipality,yamap_2022-01-22_09_04.gpx,高森山・岩伽羅山・衣掛山・吉山(吉山城址),NaN,NaN,,,,,,strong,true,grounding_missing;missing_csv_coordinate;timezone_ambiguity;multiple_mountains_for_candidate;near_tie_candidates_for_mountain,
6,吉山(吉山城址),summit-candidate:e7ae682a07af2e10,2,4,0.65,medium,v3_conflict_case,fallback_name_municipality,yamap_2022-01-22_09_04.gpx,高森山・岩伽羅山・衣掛山・吉山(吉山城址),NaN,NaN,,,,,,strong,true,grounding_missing;missing_csv_coordinate;timezone_ambiguity;multiple_mountains_for_candidate;near_tie_candidates_for_mountain,
7,尾ノ峰,summit-candidate:36e3ac8003e8b5d0,1,1,0.65,medium,v3_conflict_case,fallback_name_municipality,yamap_2022-01-28_12_28.gpx,尾ノ峰・新城山・腰折山・恵良山,NaN,NaN,,,,,,strong,true,grounding_missing;missing_csv_coordinate;timezone_ambiguity;multiple_mountains_for_candidate;near_tie_candidates_for_mountain,
7,尾ノ峰,summit-candidate:40260be41579ab8f,2,1,0.65,medium,v3_conflict_case,fallback_name_municipality,yamap_2022-01-28_12_28.gpx,尾ノ峰・新城山・腰折山・恵良山,NaN,NaN,,,,,,strong,true,grounding_missing;missing_csv_coordinate;timezone_ambiguity;multiple_mountains_for_candidate;near_tie_candidates_for_mountain,
7,尾ノ峰,summit-candidate:ac7a1ebef52ea30c,3,1,0.65,medium,v3_conflict_case,fallback_name_municipality,yamap_2022-01-28_12_28.gpx,尾ノ峰・新城山・腰折山・恵良山,NaN,NaN,,,,,,strong,true,grounding_missing;missing_csv_coordinate;timezone_ambiguity;multiple_mountains_for_candidate;near_tie_candidates_for_mountain,
7,尾ノ峰,summit-candidate:d6b806525709cc22,4,1,0.65,medium,v3_conflict_case,fallback_name_municipality,yamap_2022-01-28_12_28.gpx,尾ノ峰・新城山・腰折山・恵良山,NaN,NaN,,,,,,strong,true,grounding_missing;missing_csv_coordinate;timezone_ambiguity;multiple_mountains_for_candidate;near_tie_candidates_for_mountain,
8,新城山,summit-candidate:36e3ac8003e8b5d0,1,2,0.65,medium,v3_conflict_case,fallback_name_municipality,yamap_2022-01-28_12_28.gpx,尾ノ峰・新城山・腰折山・恵良山,NaN,NaN,,,,,,strong,true,grounding_missing;missing_csv_coordinate;timezone_ambiguity;multiple_mountains_for_candidate;near_tie_candidates_for_mountain,
8,新城山,summit-candidate:40260be41579ab8f,2,2,0.65,medium,v3_conflict_case,fallback_name_municipality,yamap_2022-01-28_12_28.gpx,尾ノ峰・新城山・腰折山・恵良山,NaN,NaN,,,,,,strong,true,grounding_missing;missing_csv_coordinate;timezone_ambiguity;multiple_mountains_for_candidate;near_tie_candidates_for_mountain,
8,新城山,summit-candidate:ac7a1ebef52ea30c,3,2,0.65,medium,v3_conflict_case,fallback_name_municipality,yamap_2022-01-28_12_28.gpx,尾ノ峰・新城山・腰折山・恵良山,NaN,NaN,,,,,,strong,true,grounding_missing;missing_csv_coordinate;timezone_ambiguity;multiple_mountains_for_candidate;near_tie_candidates_for_mountain,
8,新城山,summit-candidate:d6b806525709cc22,4,2,0.65,medium,v3_conflict_case,fallback_name_municipality,yamap_2022-01-28_12_28.gpx,尾ノ峰・新城山・腰折山・恵良山,NaN,NaN,,,,,,strong,true,grounding_missing;missing_csv_coordinate;timezone_ambiguity;multiple_mountains_for_candidate;near_tie_candidates_for_mountain,
9,腰折山,summit-candidate:36e3ac8003e8b5d0,1,3,0.65,medium,v3_conflict_case,fallback_name_municipality,yamap_2022-01-28_12_28.gpx,尾ノ峰・新城山・腰折山・恵良山,NaN,NaN,,,,,,strong,true,grounding_missing;missing_csv_coordinate;timezone_ambiguity;multiple_mountains_for_candidate;near_tie_candidates_for_mountain,
9,腰折山,summit-candidate:40260be41579ab8f,2,3,0.65,medium,v3_conflict_case,fallback_name_municipality,yamap_2022-01-28_12_28.gpx,尾ノ峰・新城山・腰折山・恵良山,NaN,NaN,,,,,,strong,true,grounding_missing;missing_csv_coordinate;timezone_ambiguity;multiple_mountains_for_candidate;near_tie_candidates_for_mountain,
9,腰折山,summit-candidate:ac7a1ebef52ea30c,3,3,0.65,medium,v3_conflict_case,fallback_name_municipality,yamap_2022-01-28_12_28.gpx,尾ノ峰・新城山・腰折山・恵良山,NaN,NaN,,,,,,strong,true,grounding_missing;missing_csv_coordinate;timezone_ambiguity;multiple_mountains_for_candidate;near_tie_candidates_for_mountain,
9,腰折山,summit-candidate:d6b806525709cc22,4,3,0.65,medium,v3_conflict_case,fallback_name_municipality,yamap_2022-01-28_12_28.gpx,尾ノ峰・新城山・腰折山・恵良山,NaN,NaN,,,,,,strong,true,grounding_missing;missing_csv_coordinate;timezone_ambiguity;multiple_mountains_for_candidate;near_tie_candidates_for_mountain,
10,恵良山,summit-candidate:36e3ac8003e8b5d0,1,4,0.65,medium,v3_conflict_case,fallback_name_municipality,yamap_2022-01-28_12_28.gpx,尾ノ峰・新城山・腰折山・恵良山,NaN,NaN,,,,,,strong,true,grounding_missing;missing_csv_coordinate;timezone_ambiguity;multiple_mountains_for_candidate;near_tie_candidates_for_mountain,
10,恵良山,summit-candidate:40260be41579ab8f,2,4,0.65,medium,v3_conflict_case,fallback_name_municipality,yamap_2022-01-28_12_28.gpx,尾ノ峰・新城山・腰折山・恵良山,NaN,NaN,,,,,,strong,true,grounding_missing;missing_csv_coordinate;timezone_ambiguity;multiple_mountains_for_candidate;near_tie_candidates_for_mountain,
10,恵良山,summit-candidate:ac7a1ebef52ea30c,3,4,0.65,medium,v3_conflict_case,fallback_name_municipality,yamap_2022-01-28_12_28.gpx,尾ノ峰・新城山・腰折山・恵良山,NaN,NaN,,,,,,strong,true,grounding_missing;missing_csv_coordinate;timezone_ambiguity;multiple_mountains_for_candidate;near_tie_candidates_for_mountain,
10,恵良山,summit-candidate:d6b806525709cc22,4,4,0.65,medium,v3_conflict_case,fallback_name_municipality,yamap_2022-01-28_12_28.gpx,尾ノ峰・新城山・腰折山・恵良山,NaN,NaN,,,,,,strong,true,grounding_missing;missing_csv_coordinate;timezone_ambiguity;multiple_mountains_for_candidate;near_tie_candidates_for_mountain,
11,皿ヶ森,summit-candidate:59c561a08189d6b9,1,1,0.65,medium,v3_conflict_case,fallback_name_municipality,yamap_2022-01-29_08_35.gpx,皿ヶ森・経座ヶ森・ヨソ山,NaN,NaN,,,,,,strong,true,grounding_missing;missing_csv_coordinate;timezone_ambiguity;multiple_mountains_for_candidate;near_tie_candidates_for_mountain,
11,皿ヶ森,summit-candidate:7c532ef1be71a4d1,2,1,0.65,medium,v3_conflict_case,fallback_name_municipality,yamap_2022-01-29_08_35.gpx,皿ヶ森・経座ヶ森・ヨソ山,NaN,NaN,,,,,,strong,true,grounding_missing;missing_csv_coordinate;timezone_ambiguity;multiple_mountains_for_candidate;near_tie_candidates_for_mountain,
12,経座ヶ森,summit-candidate:59c561a08189d6b9,1,2,0.65,medium,v3_conflict_case,fallback_name_municipality,yamap_2022-01-29_08_35.gpx,皿ヶ森・経座ヶ森・ヨソ山,NaN,NaN,,,,,,strong,true,grounding_missing;missing_csv_coordinate;timezone_ambiguity;multiple_mountains_for_candidate;near_tie_candidates_for_mountain,
12,経座ヶ森,summit-candidate:7c532ef1be71a4d1,2,2,0.65,medium,v3_conflict_case,fallback_name_municipality,yamap_2022-01-29_08_35.gpx,皿ヶ森・経座ヶ森・ヨソ山,NaN,NaN,,,,,,strong,true,grounding_missing;missing_csv_coordinate;timezone_ambiguity;multiple_mountains_for_candidate;near_tie_candidates_for_mountain,
13,谷上山,summit-candidate:0eff3d1ea2b48d73,1,1,0.65,medium,v3_conflict_case,fallback_name_municipality,yamap_2022-02-06_08_26.gpx,谷上山・権現山・白滝山・障子山,NaN,NaN,,,,,,strong,true,grounding_missing;missing_csv_coordinate;timezone_ambiguity;multiple_mountains_for_candidate;near_tie_candidates_for_mountain,
13,谷上山,summit-candidate:2c817617699a0a45,2,1,0.65,medium,v3_conflict_case,fallback_name_municipality,yamap_2022-02-06_08_26.gpx,谷上山・権現山・白滝山・障子山,NaN,NaN,,,,,,strong,true,grounding_missing;missing_csv_coordinate;timezone_ambiguity;multiple_mountains_for_candidate;near_tie_candidates_for_mountain,
13,谷上山,summit-candidate:a0ef25e9a532b62e,3,1,0.65,medium,v3_conflict_case,fallback_name_municipality,yamap_2022-02-06_08_26.gpx,谷上山・権現山・白滝山・障子山,NaN,NaN,,,,,,strong,true,grounding_missing;missing_csv_coordinate;timezone_ambiguity;multiple_mountains_for_candidate;near_tie_candidates_for_mountain,
13,谷上山,summit-candidate:c94d8d76133fda1a,4,1,0.65,medium,v3_conflict_case,fallback_name_municipality,yamap_2022-02-06_08_26.gpx,谷上山・権現山・白滝山・障子山,NaN,NaN,,,,,,strong,true,grounding_missing;missing_csv_coordinate;timezone_ambiguity;multiple_mountains_for_candidate;near_tie_candidates_for_mountain,
13,谷上山,summit-candidate:ea5f711625df386b,5,1,0.65,medium,v3_conflict_case,fallback_name_municipality,yamap_2022-02-06_08_26.gpx,谷上山・権現山・白滝山・障子山,NaN,NaN,,,,,,strong,true,grounding_missing;missing_csv_coordinate;timezone_ambiguity;multiple_mountains_for_candidate;near_tie_candidates_for_mountain,
14,権現山,summit-candidate:0eff3d1ea2b48d73,1,2,0.65,medium,v3_conflict_case,fallback_name_municipality,yamap_2022-02-06_08_26.gpx,谷上山・権現山・白滝山・障子山,NaN,NaN,,,,,,strong,true,grounding_missing;missing_csv_coordinate;timezone_ambiguity;multiple_mountains_for_candidate;near_tie_candidates_for_mountain,
14,権現山,summit-candidate:2c817617699a0a45,2,2,0.65,medium,v3_conflict_case,fallback_name_municipality,yamap_2022-02-06_08_26.gpx,谷上山・権現山・白滝山・障子山,NaN,NaN,,,,,,strong,true,grounding_missing;missing_csv_coordinate;timezone_ambiguity;multiple_mountains_for_candidate;near_tie_candidates_for_mountain,
14,権現山,summit-candidate:7ef7c15a52318cc9,3,1,0.65,medium,v3_conflict_case,fallback_name_municipality,yamap_2022-11-05_04_38.gpx,権現山・黒岳・エビラ山・二ッ岳,NaN,NaN,,,,,,strong,true,grounding_missing;missing_csv_coordinate;timezone_ambiguity;multiple_mountains_for_candidate;near_tie_candidates_for_mountain,
14,権現山,summit-candidate:a0ef25e9a532b62e,4,2,0.65,medium,v3_conflict_case,fallback_name_municipality,yamap_2022-02-06_08_26.gpx,谷上山・権現山・白滝山・障子山,NaN,NaN,,,,,,strong,true,grounding_missing;missing_csv_coordinate;timezone_ambiguity;multiple_mountains_for_candidate;near_tie_candidates_for_mountain,
14,権現山,summit-candidate:c94d8d76133fda1a,5,2,0.65,medium,v3_conflict_case,fallback_name_municipality,yamap_2022-02-06_08_26.gpx,谷上山・権現山・白滝山・障子山,NaN,NaN,,,,,,strong,true,grounding_missing;missing_csv_coordinate;timezone_ambiguity;multiple_mountains_for_candidate;near_tie_candidates_for_mountain,
14,権現山,summit-candidate:cf97b8470d2ed1d7,6,1,0.65,medium,v3_conflict_case,fallback_name_municipality,yamap_2022-11-05_04_38.gpx,権現山・黒岳・エビラ山・二ッ岳,NaN,NaN,,,,,,strong,true,grounding_missing;missing_csv_coordinate;timezone_ambiguity;multiple_mountains_for_candidate;near_tie_candidates_for_mountain,
14,権現山,summit-candidate:df6b60d513f5518e,7,1,0.65,medium,v3_conflict_case,fallback_name_municipality,yamap_2024-07-06_10_01.gpx,子持権現山・男山・瓶ヶ森,NaN,NaN,,,,,,strong,true,grounding_missing;missing_csv_coordinate;timezone_ambiguity;multiple_mountains_for_candidate;near_tie_candidates_for_mountain,
14,権現山,summit-candidate:ea5f711625df386b,8,2,0.65,medium,v3_conflict_case,fallback_name_municipality,yamap_2022-02-06_08_26.gpx,谷上山・権現山・白滝山・障子山,NaN,NaN,,,,,,strong,true,grounding_missing;missing_csv_coordinate;timezone_ambiguity;multiple_mountains_for_candidate;near_tie_candidates_for_mountain,
14,権現山,summit-candidate:ffa6a88e4e680fd5,9,1,0.65,medium,v3_conflict_case,fallback_name_municipality,yamap_2022-11-05_04_38.gpx,権現山・黒岳・エビラ山・二ッ岳,NaN,NaN,,,,,,strong,true,grounding_missing;missing_csv_coordinate;timezone_ambiguity;multiple_mountains_for_candidate;near_tie_candidates_for_mountain,
14,権現山,summit-candidate:047b9599ec28c6ad,10,2,0.55,low,v3_conflict_case,fallback_name_only_review,yamap_2023-01-08_09_18.gpx,権現山,NaN,NaN,,,,,,strong,true,grounding_missing;municipality_mismatch;missing_csv_coordinate;timezone_ambiguity;multiple_mountains_for_candidate;near_tie_candidates_for_mountain,
14,権現山,summit-candidate:09547fd48f24d064,11,5,0.55,low,v3_conflict_case,fallback_name_only_review,yamap_2022-11-05_04_38.gpx,権現山・黒岳・エビラ山・二ッ岳,NaN,NaN,,,,,,strong,true,grounding_missing;municipality_mismatch;missing_csv_coordinate;timezone_ambiguity;multiple_mountains_for_candidate;near_tie_candidates_for_mountain,
14,権現山,summit-candidate:0c2609d9e7e31a00,12,4,0.55,low,v3_conflict_case,fallback_name_only_review,yamap_2022-10-16_10_19.gpx,楢原山・古権現山・中三方ヶ森,NaN,NaN,,,,,,strong,true,grounding_missing;municipality_mismatch;missing_csv_coordinate;timezone_ambiguity;multiple_mountains_for_candidate;near_tie_candidates_for_mountain,
14,権現山,summit-candidate:17b2365d322cd022,13,4,0.55,low,v3_conflict_case,fallback_name_only_review,yamap_2022-10-16_10_19.gpx,楢原山・古権現山・中三方ヶ森,NaN,NaN,,,,,,strong,true,grounding_missing;municipality_mismatch;missing_csv_coordinate;timezone_ambiguity;multiple_mountains_for_candidate;near_tie_candidates_for_mountain,
14,権現山,summit-candidate:2011a6c909945d6f,14,2,0.55,low,v3_conflict_case,fallback_name_only_review,yamap_2026-04-12_11_03.gpx,権現山,NaN,NaN,,,,,,strong,true,grounding_missing;municipality_mismatch;missing_csv_coordinate;timezone_ambiguity;multiple_mountains_for_candidate;near_tie_candidates_for_mountain,
14,権現山,summit-candidate:32bb5e7e1071e808,15,2,0.55,low,v3_conflict_case,fallback_name_only_review,yamap_2023-01-08_09_18.gpx,権現山,NaN,NaN,,,,,,strong,true,grounding_missing;municipality_mismatch;missing_csv_coordinate;timezone_ambiguity;multiple_mountains_for_candidate;near_tie_candidates_for_mountain,
14,権現山,summit-candidate:6756239601754708,16,2,0.55,low,v3_conflict_case,fallback_name_only_review,yamap_2026-02-14_13_33.gpx,権現山,NaN,NaN,,,,,,strong,true,grounding_missing;municipality_mismatch;missing_csv_coordinate;timezone_ambiguity;multiple_mountains_for_candidate;near_tie_candidates_for_mountain,
14,権現山,summit-candidate:84f974876f397da1,17,3,0.55,low,v3_conflict_case,fallback_name_only_review,yamap_2024-02-10_13_09.gpx,権現山,NaN,NaN,,,,,,strong,true,grounding_missing;municipality_mismatch;missing_csv_coordinate;timezone_ambiguity;multiple_mountains_for_candidate;near_tie_candidates_for_mountain,
14,権現山,summit-candidate:bcf5d9d5a90e5cda,18,4,0.55,low,v3_conflict_case,fallback_name_only_review,yamap_2022-10-16_10_19.gpx,楢原山・古権現山・中三方ヶ森,NaN,NaN,,,,,,strong,true,grounding_missing;municipality_mismatch;missing_csv_coordinate;timezone_ambiguity;multiple_mountains_for_candidate;near_tie_candidates_for_mountain,
14,権現山,summit-candidate:c7ac7ff98cacc074,19,4,0.55,low,v3_conflict_case,fallback_name_only_review,yamap_2022-10-16_10_19.gpx,楢原山・古権現山・中三方ヶ森,NaN,NaN,,,,,,strong,true,grounding_missing;municipality_mismatch;missing_csv_coordinate;timezone_ambiguity;multiple_mountains_for_candidate;near_tie_candidates_for_mountain,
14,権現山,summit-candidate:e8b129f70e703be5,20,3,0.55,low,v3_conflict_case,fallback_name_only_review,yamap_2026-03-07_11_08.gpx,権現山,NaN,NaN,,,,,,strong,true,grounding_missing;municipality_mismatch;missing_csv_coordinate;timezone_ambiguity;multiple_mountains_for_candidate;near_tie_candidates_for_mountain,
14,権現山,summit-candidate:f108570a8e33ce90,21,2,0.55,low,v3_conflict_case,fallback_name_only_review,yamap_2023-12-17_07_11.gpx,総津権現山,NaN,NaN,,,,,,strong,true,grounding_missing;municipality_mismatch;missing_csv_coordinate;timezone_ambiguity;multiple_mountains_for_candidate;near_tie_candidates_for_mountain,
14,権現山,summit-candidate:f2538b7f88e2dd06,22,4,0.55,low,v3_conflict_case,fallback_name_only_review,yamap_2024-07-06_10_01.gpx,子持権現山・男山・瓶ヶ森,NaN,NaN,,,,,,strong,true,grounding_missing;municipality_mismatch;missing_csv_coordinate;timezone_ambiguity;multiple_mountains_for_candidate;near_tie_candidates_for_mountain,
15,白滝山,summit-candidate:0eff3d1ea2b48d73,1,3,0.65,medium,v3_conflict_case,fallback_name_municipality,yamap_2022-02-06_08_26.gpx,谷上山・権現山・白滝山・障子山,NaN,NaN,,,,,,strong,true,grounding_missing;missing_csv_coordinate;timezone_ambiguity;multiple_mountains_for_candidate;near_tie_candidates_for_mountain,
15,白滝山,summit-candidate:2c817617699a0a45,2,3,0.65,medium,v3_conflict_case,fallback_name_municipality,yamap_2022-02-06_08_26.gpx,谷上山・権現山・白滝山・障子山,NaN,NaN,,,,,,strong,true,grounding_missing;missing_csv_coordinate;timezone_ambiguity;multiple_mountains_for_candidate;near_tie_candidates_for_mountain,
15,白滝山,summit-candidate:a0ef25e9a532b62e,3,3,0.65,medium,v3_conflict_case,fallback_name_municipality,yamap_2022-02-06_08_26.gpx,谷上山・権現山・白滝山・障子山,NaN,NaN,,,,,,strong,true,grounding_missing;missing_csv_coordinate;timezone_ambiguity;multiple_mountains_for_candidate;near_tie_candidates_for_mountain,
15,白滝山,summit-candidate:c94d8d76133fda1a,4,3,0.65,medium,v3_conflict_case,fallback_name_municipality,yamap_2022-02-06_08_26.gpx,谷上山・権現山・白滝山・障子山,NaN,NaN,,,,,,strong,true,grounding_missing;missing_csv_coordinate;timezone_ambiguity;multiple_mountains_for_candidate;near_tie_candidates_for_mountain,
15,白滝山,summit-candidate:ea5f711625df386b,5,3,0.65,medium,v3_conflict_case,fallback_name_municipality,yamap_2022-02-06_08_26.gpx,谷上山・権現山・白滝山・障子山,NaN,NaN,,,,,,strong,true,grounding_missing;missing_csv_coordinate;timezone_ambiguity;multiple_mountains_for_candidate;near_tie_candidates_for_mountain,
16,障子山,summit-candidate:0eff3d1ea2b48d73,1,4,0.65,medium,v3_conflict_case,fallback_name_municipality,yamap_2022-02-06_08_26.gpx,谷上山・権現山・白滝山・障子山,NaN,NaN,,,,,,strong,true,grounding_missing;missing_csv_coordinate;timezone_ambiguity;multiple_mountains_for_candidate;near_tie_candidates_for_mountain,
16,障子山,summit-candidate:2c817617699a0a45,2,4,0.65,medium,v3_conflict_case,fallback_name_municipality,yamap_2022-02-06_08_26.gpx,谷上山・権現山・白滝山・障子山,NaN,NaN,,,,,,strong,true,grounding_missing;missing_csv_coordinate;timezone_ambiguity;multiple_mountains_for_candidate;near_tie_candidates_for_mountain,
16,障子山,summit-candidate:a0ef25e9a532b62e,3,4,0.65,medium,v3_conflict_case,fallback_name_municipality,yamap_2022-02-06_08_26.gpx,谷上山・権現山・白滝山・障子山,NaN,NaN,,,,,,strong,true,grounding_missing;missing_csv_coordinate;timezone_ambiguity;multiple_mountains_for_candidate;near_tie_candidates_for_mountain,
16,障子山,summit-candidate:c94d8d76133fda1a,4,4,0.65,medium,v3_conflict_case,fallback_name_municipality,yamap_2022-02-06_08_26.gpx,谷上山・権現山・白滝山・障子山,NaN,NaN,,,,,,strong,true,grounding_missing;missing_csv_coordinate;timezone_ambiguity;multiple_mountains_for_candidate;near_tie_candidates_for_mountain,
16,障子山,summit-candidate:ea5f711625df386b,5,4,0.65,medium,v3_conflict_case,fallback_name_municipality,yamap_2022-02-06_08_26.gpx,谷上山・権現山・白滝山・障子山,NaN,NaN,,,,,,strong,true,grounding_missing;missing_csv_coordinate;timezone_ambiguity;multiple_mountains_for_candidate;near_tie_candidates_for_mountain,
17,伽藍山,summit-candidate:40d5b4863907057a,1,1,0.65,medium,v3_conflict_case,fallback_name_municipality,yamap_2022-02-09_10_01.gpx,佐田岬と伽藍山,NaN,NaN,,,,,,strong,true,grounding_missing;missing_csv_coordinate;timezone_ambiguity;near_tie_candidates_for_mountain,
17,伽藍山,summit-candidate:da46e12c02d47edf,2,1,0.65,medium,v3_conflict_case,fallback_name_municipality,yamap_2022-02-09_10_01.gpx,佐田岬と伽藍山,NaN,NaN,,,,,,strong,true,grounding_missing;missing_csv_coordinate;timezone_ambiguity;near_tie_candidates_for_mountain,
18,塩ヶ森,summit-candidate:0c210f0edfbda06f,1,1,0.65,medium,v3_conflict_case,fallback_name_municipality,yamap_2022-02-11_08_26.gpx,塩ヶ森・番駄ヶ森・ケタ山・大磨山・鍵山（象ヶ森）,NaN,NaN,,,,,,strong,true,grounding_missing;missing_csv_coordinate;timezone_ambiguity;multiple_mountains_for_candidate;near_tie_candidates_for_mountain,
18,塩ヶ森,summit-candidate:24dc6cf37ce4e715,2,1,0.65,medium,v3_conflict_case,fallback_name_municipality,yamap_2022-02-11_08_26.gpx,塩ヶ森・番駄ヶ森・ケタ山・大磨山・鍵山（象ヶ森）,NaN,NaN,,,,,,strong,true,grounding_missing;missing_csv_coordinate;timezone_ambiguity;multiple_mountains_for_candidate;near_tie_candidates_for_mountain,
18,塩ヶ森,summit-candidate:a637fbc518f58ac5,3,1,0.65,medium,v3_conflict_case,fallback_name_municipality,yamap_2022-02-11_08_26.gpx,塩ヶ森・番駄ヶ森・ケタ山・大磨山・鍵山（象ヶ森）,NaN,NaN,,,,,,strong,true,grounding_missing;missing_csv_coordinate;timezone_ambiguity;multiple_mountains_for_candidate;near_tie_candidates_for_mountain,
18,塩ヶ森,summit-candidate:c2491268ea5645b7,4,1,0.65,medium,v3_conflict_case,fallback_name_municipality,yamap_2022-02-11_08_26.gpx,塩ヶ森・番駄ヶ森・ケタ山・大磨山・鍵山（象ヶ森）,NaN,NaN,,,,,,strong,true,grounding_missing;missing_csv_coordinate;timezone_ambiguity;multiple_mountains_for_candidate;near_tie_candidates_for_mountain,
18,塩ヶ森,summit-candidate:d4dc6f2bbe1f994f,5,1,0.65,medium,v3_conflict_case,fallback_name_municipality,yamap_2022-02-11_08_26.gpx,塩ヶ森・番駄ヶ森・ケタ山・大磨山・鍵山（象ヶ森）,NaN,NaN,,,,,,strong,true,grounding_missing;missing_csv_coordinate;timezone_ambiguity;multiple_mountains_for_candidate;near_tie_candidates_for_mountain,
19,番駄ヶ森,summit-candidate:0c210f0edfbda06f,1,2,0.65,medium,v3_conflict_case,fallback_name_municipality,yamap_2022-02-11_08_26.gpx,塩ヶ森・番駄ヶ森・ケタ山・大磨山・鍵山（象ヶ森）,NaN,NaN,,,,,,strong,true,grounding_missing;missing_csv_coordinate;timezone_ambiguity;multiple_mountains_for_candidate;near_tie_candidates_for_mountain,
19,番駄ヶ森,summit-candidate:24dc6cf37ce4e715,2,2,0.65,medium,v3_conflict_case,fallback_name_municipality,yamap_2022-02-11_08_26.gpx,塩ヶ森・番駄ヶ森・ケタ山・大磨山・鍵山（象ヶ森）,NaN,NaN,,,,,,strong,true,grounding_missing;missing_csv_coordinate;timezone_ambiguity;multiple_mountains_for_candidate;near_tie_candidates_for_mountain,
19,番駄ヶ森,summit-candidate:a637fbc518f58ac5,3,2,0.65,medium,v3_conflict_case,fallback_name_municipality,yamap_2022-02-11_08_26.gpx,塩ヶ森・番駄ヶ森・ケタ山・大磨山・鍵山（象ヶ森）,NaN,NaN,,,,,,strong,true,grounding_missing;missing_csv_coordinate;timezone_ambiguity;multiple_mountains_for_candidate;near_tie_candidates_for_mountain,
19,番駄ヶ森,summit-candidate:c2491268ea5645b7,4,2,0.65,medium,v3_conflict_case,fallback_name_municipality,yamap_2022-02-11_08_26.gpx,塩ヶ森・番駄ヶ森・ケタ山・大磨山・鍵山（象ヶ森）,NaN,NaN,,,,,,strong,true,grounding_missing;missing_csv_coordinate;timezone_ambiguity;multiple_mountains_for_candidate;near_tie_candidates_for_mountain,
19,番駄ヶ森,summit-candidate:d4dc6f2bbe1f994f,5,2,0.65,medium,v3_conflict_case,fallback_name_municipality,yamap_2022-02-11_08_26.gpx,塩ヶ森・番駄ヶ森・ケタ山・大磨山・鍵山（象ヶ森）,NaN,NaN,,,,,,strong,true,grounding_missing;missing_csv_coordinate;timezone_ambiguity;multiple_mountains_for_candidate;near_tie_candidates_for_mountain,
20,ケタ山,summit-candidate:0c210f0edfbda06f,1,3,0.65,medium,v3_conflict_case,fallback_name_municipality,yamap_2022-02-11_08_26.gpx,塩ヶ森・番駄ヶ森・ケタ山・大磨山・鍵山（象ヶ森）,NaN,NaN,,,,,,strong,true,grounding_missing;missing_csv_coordinate;timezone_ambiguity;multiple_mountains_for_candidate;near_tie_candidates_for_mountain,
20,ケタ山,summit-candidate:24dc6cf37ce4e715,2,3,0.65,medium,v3_conflict_case,fallback_name_municipality,yamap_2022-02-11_08_26.gpx,塩ヶ森・番駄ヶ森・ケタ山・大磨山・鍵山（象ヶ森）,NaN,NaN,,,,,,strong,true,grounding_missing;missing_csv_coordinate;timezone_ambiguity;multiple_mountains_for_candidate;near_tie_candidates_for_mountain,
20,ケタ山,summit-candidate:a637fbc518f58ac5,3,3,0.65,medium,v3_conflict_case,fallback_name_municipality,yamap_2022-02-11_08_26.gpx,塩ヶ森・番駄ヶ森・ケタ山・大磨山・鍵山（象ヶ森）,NaN,NaN,,,,,,strong,true,grounding_missing;missing_csv_coordinate;timezone_ambiguity;multiple_mountains_for_candidate;near_tie_candidates_for_mountain,
20,ケタ山,summit-candidate:c2491268ea5645b7,4,3,0.65,medium,v3_conflict_case,fallback_name_municipality,yamap_2022-02-11_08_26.gpx,塩ヶ森・番駄ヶ森・ケタ山・大磨山・鍵山（象ヶ森）,NaN,NaN,,,,,,strong,true,grounding_missing;missing_csv_coordinate;timezone_ambiguity;multiple_mountains_for_candidate;near_tie_candidates_for_mountain,
20,ケタ山,summit-candidate:d4dc6f2bbe1f994f,5,3,0.65,medium,v3_conflict_case,fallback_name_municipality,yamap_2022-02-11_08_26.gpx,塩ヶ森・番駄ヶ森・ケタ山・大磨山・鍵山（象ヶ森）,NaN,NaN,,,,,,strong,true,grounding_missing;missing_csv_coordinate;timezone_ambiguity;multiple_mountains_for_candidate;near_tie_candidates_for_mountain,
21,大磨山,summit-candidate:0c210f0edfbda06f,1,4,0.65,medium,v3_conflict_case,fallback_name_municipality,yamap_2022-02-11_08_26.gpx,塩ヶ森・番駄ヶ森・ケタ山・大磨山・鍵山（象ヶ森）,NaN,NaN,,,,,,strong,true,grounding_missing;missing_csv_coordinate;timezone_ambiguity;multiple_mountains_for_candidate;near_tie_candidates_for_mountain,
21,大磨山,summit-candidate:24dc6cf37ce4e715,2,4,0.65,medium,v3_conflict_case,fallback_name_municipality,yamap_2022-02-11_08_26.gpx,塩ヶ森・番駄ヶ森・ケタ山・大磨山・鍵山（象ヶ森）,NaN,NaN,,,,,,strong,true,grounding_missing;missing_csv_coordinate;timezone_ambiguity;multiple_mountains_for_candidate;near_tie_candidates_for_mountain,
21,大磨山,summit-candidate:a637fbc518f58ac5,3,4,0.65,medium,v3_conflict_case,fallback_name_municipality,yamap_2022-02-11_08_26.gpx,塩ヶ森・番駄ヶ森・ケタ山・大磨山・鍵山（象ヶ森）,NaN,NaN,,,,,,strong,true,grounding_missing;missing_csv_coordinate;timezone_ambiguity;multiple_mountains_for_candidate;near_tie_candidates_for_mountain,
21,大磨山,summit-candidate:c2491268ea5645b7,4,4,0.65,medium,v3_conflict_case,fallback_name_municipality,yamap_2022-02-11_08_26.gpx,塩ヶ森・番駄ヶ森・ケタ山・大磨山・鍵山（象ヶ森）,NaN,NaN,,,,,,strong,true,grounding_missing;missing_csv_coordinate;timezone_ambiguity;multiple_mountains_for_candidate;near_tie_candidates_for_mountain,
21,大磨山,summit-candidate:d4dc6f2bbe1f994f,5,4,0.65,medium,v3_conflict_case,fallback_name_municipality,yamap_2022-02-11_08_26.gpx,塩ヶ森・番駄ヶ森・ケタ山・大磨山・鍵山（象ヶ森）,NaN,NaN,,,,,,strong,true,grounding_missing;missing_csv_coordinate;timezone_ambiguity;multiple_mountains_for_candidate;near_tie_candidates_for_mountain,
22,鍵山（象ヶ森）,summit-candidate:0c210f0edfbda06f,1,5,0.65,medium,v3_conflict_case,fallback_name_municipality,yamap_2022-02-11_08_26.gpx,塩ヶ森・番駄ヶ森・ケタ山・大磨山・鍵山（象ヶ森）,NaN,NaN,,,,,,strong,true,grounding_missing;missing_csv_coordinate;timezone_ambiguity;multiple_mountains_for_candidate;near_tie_candidates_for_mountain,
22,鍵山（象ヶ森）,summit-candidate:24dc6cf37ce4e715,2,5,0.65,medium,v3_conflict_case,fallback_name_municipality,yamap_2022-02-11_08_26.gpx,塩ヶ森・番駄ヶ森・ケタ山・大磨山・鍵山（象ヶ森）,NaN,NaN,,,,,,strong,true,grounding_missing;missing_csv_coordinate;timezone_ambiguity;multiple_mountains_for_candidate;near_tie_candidates_for_mountain,
22,鍵山（象ヶ森）,summit-candidate:a637fbc518f58ac5,3,5,0.65,medium,v3_conflict_case,fallback_name_municipality,yamap_2022-02-11_08_26.gpx,塩ヶ森・番駄ヶ森・ケタ山・大磨山・鍵山（象ヶ森）,NaN,NaN,,,,,,strong,true,grounding_missing;missing_csv_coordinate;timezone_ambiguity;multiple_mountains_for_candidate;near_tie_candidates_for_mountain,
22,鍵山（象ヶ森）,summit-candidate:c2491268ea5645b7,4,5,0.65,medium,v3_conflict_case,fallback_name_municipality,yamap_2022-02-11_08_26.gpx,塩ヶ森・番駄ヶ森・ケタ山・大磨山・鍵山（象ヶ森）,NaN,NaN,,,,,,strong,true,grounding_missing;missing_csv_coordinate;timezone_ambiguity;multiple_mountains_for_candidate;near_tie_candidates_for_mountain,
22,鍵山（象ヶ森）,summit-candidate:d4dc6f2bbe1f994f,5,5,0.65,medium,v3_conflict_case,fallback_name_municipality,yamap_2022-02-11_08_26.gpx,塩ヶ森・番駄ヶ森・ケタ山・大磨山・鍵山（象ヶ森）,NaN,NaN,,,,,,strong,true,grounding_missing;missing_csv_coordinate;timezone_ambiguity;multiple_mountains_for_candidate;near_tie_candidates_for_mountain,
23,天神山,summit-candidate:452c10a1db199870,1,1,0.65,medium,v3_conflict_case,fallback_name_municipality,yamap_2022-03-20_07_06.gpx,大久保山・八里ヶ峠・中坂山・天神山・室岡山・潮見山,NaN,NaN,,,,,,strong,true,grounding_missing;missing_csv_coordinate;timezone_ambiguity;multiple_mountains_for_candidate;near_tie_candidates_for_mountain,
23,天神山,summit-candidate:543b4550a3ef3e87,2,1,0.65,medium,v3_conflict_case,fallback_name_municipality,yamap_2022-02-15_10_36.gpx,天神山・御幸寺山,NaN,NaN,,,,,,strong,true,grounding_missing;missing_csv_coordinate;timezone_ambiguity;multiple_mountains_for_candidate;near_tie_candidates_for_mountain,
23,天神山,summit-candidate:5aff666aa93b3a17,3,1,0.65,medium,v3_conflict_case,fallback_name_municipality,yamap_2022-03-20_07_06.gpx,大久保山・八里ヶ峠・中坂山・天神山・室岡山・潮見山,NaN,NaN,,,,,,strong,true,grounding_missing;missing_csv_coordinate;timezone_ambiguity;multiple_mountains_for_candidate;near_tie_candidates_for_mountain,
23,天神山,summit-candidate:5e94c87cc5fcc87b,4,1,0.65,medium,v3_conflict_case,fallback_name_municipality,yamap_2022-03-20_07_06.gpx,大久保山・八里ヶ峠・中坂山・天神山・室岡山・潮見山,NaN,NaN,,,,,,strong,true,grounding_missing;missing_csv_coordinate;timezone_ambiguity;multiple_mountains_for_candidate;near_tie_candidates_for_mountain,
23,天神山,summit-candidate:c2c9094225d1da63,5,1,0.65,medium,v3_conflict_case,fallback_name_municipality,yamap_2022-03-20_07_06.gpx,大久保山・八里ヶ峠・中坂山・天神山・室岡山・潮見山,NaN,NaN,,,,,,strong,true,grounding_missing;missing_csv_coordinate;timezone_ambiguity;multiple_mountains_for_candidate;near_tie_candidates_for_mountain,
23,天神山,summit-candidate:e4808690532bb46c,6,1,0.65,medium,v3_conflict_case,fallback_name_municipality,yamap_2022-02-15_10_36.gpx,天神山・御幸寺山,NaN,NaN,,,,,,strong,true,grounding_missing;missing_csv_coordinate;timezone_ambiguity;multiple_mountains_for_candidate;near_tie_candidates_for_mountain,
24,御幸寺山,summit-candidate:543b4550a3ef3e87,1,2,0.65,medium,v3_conflict_case,fallback_name_municipality,yamap_2022-02-15_10_36.gpx,天神山・御幸寺山,NaN,NaN,,,,,,strong,true,grounding_missing;missing_csv_coordinate;timezone_ambiguity;multiple_mountains_for_candidate;near_tie_candidates_for_mountain,
24,御幸寺山,summit-candidate:e4808690532bb46c,2,2,0.65,medium,v3_conflict_case,fallback_name_municipality,yamap_2022-02-15_10_36.gpx,天神山・御幸寺山,NaN,NaN,,,,,,strong,true,grounding_missing;missing_csv_coordinate;timezone_ambiguity;multiple_mountains_for_candidate;near_tie_candidates_for_mountain,
25,愛宕山,summit-candidate:22b4a5a5c856bf4d,1,1,0.65,medium,v3_conflict_case,fallback_name_municipality,yamap_2022-02-16_11_57.gpx,愛宕山・常光寺山,NaN,NaN,,,,,,strong,true,grounding_missing;missing_csv_coordinate;timezone_ambiguity;multiple_mountains_for_candidate;near_tie_candidates_for_mountain,
25,愛宕山,summit-candidate:d9391b001d4bc442,2,1,0.65,medium,v3_conflict_case,fallback_name_municipality,yamap_2022-02-16_11_57.gpx,愛宕山・常光寺山,NaN,NaN,,,,,,strong,true,grounding_missing;missing_csv_coordinate;timezone_ambiguity;multiple_mountains_for_candidate;near_tie_candidates_for_mountain,
25,愛宕山,summit-candidate:c6ea08c2953b4cb8,3,2,0.55,low,v3_conflict_case,fallback_name_only_review,yamap_2026-03-04_09_46.gpx,愛宕山,NaN,NaN,,,,,,strong,true,grounding_missing;municipality_mismatch;missing_csv_coordinate;timezone_ambiguity;multiple_mountains_for_candidate;near_tie_candidates_for_mountain,
26,常光寺山,summit-candidate:22b4a5a5c856bf4d,1,2,0.65,medium,v3_conflict_case,fallback_name_municipality,yamap_2022-02-16_11_57.gpx,愛宕山・常光寺山,NaN,NaN,,,,,,strong,true,grounding_missing;missing_csv_coordinate;timezone_ambiguity;multiple_mountains_for_candidate;near_tie_candidates_for_mountain,
26,常光寺山,summit-candidate:d9391b001d4bc442,2,2,0.65,medium,v3_conflict_case,fallback_name_municipality,yamap_2022-02-16_11_57.gpx,愛宕山・常光寺山,NaN,NaN,,,,,,strong,true,grounding_missing;missing_csv_coordinate;timezone_ambiguity;multiple_mountains_for_candidate;near_tie_candidates_for_mountain,
29,高山,summit-candidate:8ff6361109e5ed5c,1,1,0.65,medium,v3_conflict_case,fallback_name_municipality,yamap_2025-03-20_08_27.gpx,高山・大里山・泰ノ山,NaN,NaN,,,,,,strong,true,grounding_missing;missing_csv_coordinate;timezone_ambiguity;multiple_mountains_for_candidate;near_tie_candidates_for_mountain,
29,高山,summit-candidate:98457196a66e294d,2,1,0.65,medium,v3_conflict_case,fallback_name_municipality,yamap_2025-03-20_08_27.gpx,高山・大里山・泰ノ山,NaN,NaN,,,,,,strong,true,grounding_missing;missing_csv_coordinate;timezone_ambiguity;multiple_mountains_for_candidate;near_tie_candidates_for_mountain,
29,高山,summit-candidate:c9aa57cdeb1b49fa,3,1,0.65,medium,v3_conflict_case,fallback_name_municipality,yamap_2025-03-20_08_27.gpx,高山・大里山・泰ノ山,NaN,NaN,,,,,,strong,true,grounding_missing;missing_csv_coordinate;timezone_ambiguity;multiple_mountains_for_candidate;near_tie_candidates_for_mountain,
29,高山,summit-candidate:fe8f624bdaa57afd,4,1,0.65,medium,v3_conflict_case,fallback_name_municipality,yamap_2025-03-20_08_27.gpx,高山・大里山・泰ノ山,NaN,NaN,,,,,,strong,true,grounding_missing;missing_csv_coordinate;timezone_ambiguity;multiple_mountains_for_candidate;near_tie_candidates_for_mountain,
29,高山,summit-candidate:101c1b0635c0bec0,5,3,0.55,low,v3_conflict_case,fallback_name_only_review,yamap_2022-12-25_10_09.gpx,高山,NaN,NaN,,,,,,strong,true,grounding_missing;municipality_mismatch;missing_csv_coordinate;timezone_ambiguity;multiple_mountains_for_candidate;near_tie_candidates_for_mountain,
31,西山,summit-candidate:23c112538ef91e0d,1,1,0.65,medium,v3_conflict_case,fallback_name_municipality,yamap_2022-02-23_08_42.gpx,西山・経ヶ森・岩子山・護摩ヶ森,NaN,NaN,,,,,,strong,true,grounding_missing;missing_csv_coordinate;timezone_ambiguity;multiple_mountains_for_candidate;near_tie_candidates_for_mountain,
31,西山,summit-candidate:a00d481162af54e2,2,1,0.65,medium,v3_conflict_case,fallback_name_municipality,yamap_2022-11-26_04_41.gpx,銅山峰・西山・綱繰山・獅子舞の鼻・冠山・平家平,NaN,NaN,,,,,,strong,true,grounding_missing;missing_csv_coordinate;timezone_ambiguity;multiple_mountains_for_candidate;near_tie_candidates_for_mountain,
31,西山,summit-candidate:bdfa250c89c1ca90,3,1,0.65,medium,v3_conflict_case,fallback_name_municipality,yamap_2022-02-23_08_42.gpx,西山・経ヶ森・岩子山・護摩ヶ森,NaN,NaN,,,,,,strong,true,grounding_missing;missing_csv_coordinate;timezone_ambiguity;multiple_mountains_for_candidate;near_tie_candidates_for_mountain,
31,西山,summit-candidate:c256cfef3720557f,4,1,0.65,medium,v3_conflict_case,fallback_name_municipality,yamap_2022-11-26_04_41.gpx,銅山峰・西山・綱繰山・獅子舞の鼻・冠山・平家平,NaN,NaN,,,,,,strong,true,grounding_missing;missing_csv_coordinate;timezone_ambiguity;multiple_mountains_for_candidate;near_tie_candidates_for_mountain,
31,西山,summit-candidate:006436491de34784,5,7,0.55,low,v3_conflict_case,fallback_name_only_review,yamap_2022-11-26_04_41.gpx,銅山峰・西山・綱繰山・獅子舞の鼻・冠山・平家平,NaN,NaN,,,,,,strong,true,grounding_missing;municipality_mismatch;missing_csv_coordinate;timezone_ambiguity;multiple_mountains_for_candidate;near_tie_candidates_for_mountain,
31,西山,summit-candidate:057580d1c60049b6,6,6,0.55,low,v3_conflict_case,fallback_name_only_review,yamap_2024-10-05_06_40.gpx,銅山峰・西山・三の森・二の森・一の森,NaN,NaN,,,,,,strong,true,grounding_missing;municipality_mismatch;missing_csv_coordinate;timezone_ambiguity;multiple_mountains_for_candidate;near_tie_candidates_for_mountain,
31,西山,summit-candidate:0dea5d073885dc9d,7,6,0.55,low,v3_conflict_case,fallback_name_only_review,yamap_2024-10-05_06_40.gpx,銅山峰・西山・三の森・二の森・一の森,NaN,NaN,,,,,,strong,true,grounding_missing;municipality_mismatch;missing_csv_coordinate;timezone_ambiguity;multiple_mountains_for_candidate;near_tie_candidates_for_mountain,
31,西山,summit-candidate:53d0e375c60814f6,8,7,0.55,low,v3_conflict_case,fallback_name_only_review,yamap_2022-11-26_04_41.gpx,銅山峰・西山・綱繰山・獅子舞の鼻・冠山・平家平,NaN,NaN,,,,,,strong,true,grounding_missing;municipality_mismatch;missing_csv_coordinate;timezone_ambiguity;multiple_mountains_for_candidate;near_tie_candidates_for_mountain,
31,西山,summit-candidate:a03fbec9bab2fe7a,9,7,0.55,low,v3_conflict_case,fallback_name_only_review,yamap_2022-11-26_04_41.gpx,銅山峰・西山・綱繰山・獅子舞の鼻・冠山・平家平,NaN,NaN,,,,,,strong,true,grounding_missing;municipality_mismatch;missing_csv_coordinate;timezone_ambiguity;multiple_mountains_for_candidate;near_tie_candidates_for_mountain,
31,西山,summit-candidate:a557f14fb032a808,10,7,0.55,low,v3_conflict_case,fallback_name_only_review,yamap_2022-11-26_04_41.gpx,銅山峰・西山・綱繰山・獅子舞の鼻・冠山・平家平,NaN,NaN,,,,,,strong,true,grounding_missing;municipality_mismatch;missing_csv_coordinate;timezone_ambiguity;multiple_mountains_for_candidate;near_tie_candidates_for_mountain,
32,岩子山,summit-candidate:23c112538ef91e0d,1,2,0.65,medium,v3_conflict_case,fallback_name_municipality,yamap_2022-02-23_08_42.gpx,西山・経ヶ森・岩子山・護摩ヶ森,NaN,NaN,,,,,,strong,true,grounding_missing;missing_csv_coordinate;timezone_ambiguity;multiple_mountains_for_candidate;near_tie_candidates_for_mountain,
32,岩子山,summit-candidate:45f49d8fd831427c,2,1,0.65,medium,v3_conflict_case,fallback_name_municipality,yamap_2023-01-06_11_33.gpx,岩子山・垣生山・津田山・弁天山,NaN,NaN,,,,,,strong,true,grounding_missing;missing_csv_coordinate;timezone_ambiguity;multiple_mountains_for_candidate;near_tie_candidates_for_mountain,
32,岩子山,summit-candidate:49cfd09def5fce03,3,1,0.65,medium,v3_conflict_case,fallback_name_municipality,yamap_2023-01-06_11_33.gpx,岩子山・垣生山・津田山・弁天山,NaN,NaN,,,,,,strong,true,grounding_missing;missing_csv_coordinate;timezone_ambiguity;multiple_mountains_for_candidate;near_tie_candidates_for_mountain,
32,岩子山,summit-candidate:8178723bbadb1c72,4,1,0.65,medium,v3_conflict_case,fallback_name_municipality,yamap_2023-01-06_11_33.gpx,岩子山・垣生山・津田山・弁天山,NaN,NaN,,,,,,strong,true,grounding_missing;missing_csv_coordinate;timezone_ambiguity;multiple_mountains_for_candidate;near_tie_candidates_for_mountain,
32,岩子山,summit-candidate:bdfa250c89c1ca90,5,2,0.65,medium,v3_conflict_case,fallback_name_municipality,yamap_2022-02-23_08_42.gpx,西山・経ヶ森・岩子山・護摩ヶ森,NaN,NaN,,,,,,strong,true,grounding_missing;missing_csv_coordinate;timezone_ambiguity;multiple_mountains_for_candidate;near_tie_candidates_for_mountain,
32,岩子山,summit-candidate:ea18d38abe59ed57,6,1,0.65,medium,v3_conflict_case,fallback_name_municipality,yamap_2023-01-06_11_33.gpx,岩子山・垣生山・津田山・弁天山,NaN,NaN,,,,,,strong,true,grounding_missing;missing_csv_coordinate;timezone_ambiguity;multiple_mountains_for_candidate;near_tie_candidates_for_mountain,
33,経ヶ森,summit-candidate:23c112538ef91e0d,1,3,0.65,medium,v3_conflict_case,fallback_name_municipality,yamap_2022-02-23_08_42.gpx,西山・経ヶ森・岩子山・護摩ヶ森,NaN,NaN,,,,,,strong,true,grounding_missing;missing_csv_coordinate;timezone_ambiguity;multiple_mountains_for_candidate;near_tie_candidates_for_mountain,
33,経ヶ森,summit-candidate:bdfa250c89c1ca90,2,3,0.65,medium,v3_conflict_case,fallback_name_municipality,yamap_2022-02-23_08_42.gpx,西山・経ヶ森・岩子山・護摩ヶ森,NaN,NaN,,,,,,strong,true,grounding_missing;missing_csv_coordinate;timezone_ambiguity;multiple_mountains_for_candidate;near_tie_candidates_for_mountain,
34,護摩ヶ森,summit-candidate:23c112538ef91e0d,1,4,0.65,medium,v3_conflict_case,fallback_name_municipality,yamap_2022-02-23_08_42.gpx,西山・経ヶ森・岩子山・護摩ヶ森,NaN,NaN,,,,,,strong,true,grounding_missing;missing_csv_coordinate;timezone_ambiguity;multiple_mountains_for_candidate;near_tie_candidates_for_mountain,
34,護摩ヶ森,summit-candidate:bdfa250c89c1ca90,2,4,0.65,medium,v3_conflict_case,fallback_name_municipality,yamap_2022-02-23_08_42.gpx,西山・経ヶ森・岩子山・護摩ヶ森,NaN,NaN,,,,,,strong,true,grounding_missing;missing_csv_coordinate;timezone_ambiguity;multiple_mountains_for_candidate;near_tie_candidates_for_mountain,
34,護摩ヶ森,summit-candidate:8a7a47d167c1aba6,3,4,0.55,low,v3_conflict_case,fallback_name_only_review,yamap_2023-01-08_14_24.gpx,黒瀬山(黒瀬城址)・岡山(岡山城址)・鉢ヶ森(鉢ヶ森城址)・護摩ヶ森(護摩ヶ森城址)・我合山(...,NaN,NaN,,,,,,strong,true,grounding_missing;municipality_mismatch;missing_csv_coordinate;timezone_ambiguity;multiple_mountains_for_candidate;near_tie_candidates_for_mountain,
34,護摩ヶ森,summit-candidate:a5f51c62e44d0847,4,4,0.55,low,v3_conflict_case,fallback_name_only_review,yamap_2023-01-08_14_24.gpx,黒瀬山(黒瀬城址)・岡山(岡山城址)・鉢ヶ森(鉢ヶ森城址)・護摩ヶ森(護摩ヶ森城址)・我合山(...,NaN,NaN,,,,,,strong,true,grounding_missing;municipality_mismatch;missing_csv_coordinate;timezone_ambiguity;multiple_mountains_for_candidate;near_tie_candidates_for_mountain,
34,護摩ヶ森,summit-candidate:a660f8ef78c69ab0,5,4,0.55,low,v3_conflict_case,fallback_name_only_review,yamap_2023-01-08_14_24.gpx,黒瀬山(黒瀬城址)・岡山(岡山城址)・鉢ヶ森(鉢ヶ森城址)・護摩ヶ森(護摩ヶ森城址)・我合山(...,NaN,NaN,,,,,,strong,true,grounding_missing;municipality_mismatch;missing_csv_coordinate;timezone_ambiguity;multiple_mountains_for_candidate;near_tie_candidates_for_mountain,
35,御岳山,summit-candidate:54cf4155ab259d9d,1,1,0.65,medium,v3_conflict_case,fallback_name_municipality,yamap_2022-02-26_07_43.gpx,御岳山,NaN,NaN,,,,,,strong,true,grounding_missing;missing_csv_coordinate;timezone_ambiguity;multiple_mountains_for_candidate;near_tie_candidates_for_mountain,
35,御岳山,summit-candidate:80fb4ff56016a4dd,2,1,0.65,medium,v3_conflict_case,fallback_name_municipality,yamap_2022-02-26_07_43.gpx,御岳山,NaN,NaN,,,,,,strong,true,grounding_missing;missing_csv_coordinate;timezone_ambiguity;multiple_mountains_for_candidate;near_tie_candidates_for_mountain,
39,花木山,summit-candidate:fbd725fc8006e2c8,1,1,0.65,medium,v3_candidate_review_required,fallback_name_municipality,yamap_2022-02-28_13_13.gpx,花木山,NaN,NaN,,,,,,strong,true,grounding_missing;missing_csv_coordinate;timezone_ambiguity,
40,ヌタノサコ,summit-candidate:0ec3be2fa2295b82,1,1,0.65,medium,v3_conflict_case,fallback_name_municipality,yamap_2022-03-03_10_47.gpx,奥之城山・ヌタノサコ,NaN,NaN,,,,,,strong,true,grounding_missing;missing_csv_coordinate;timezone_ambiguity;multiple_mountains_for_candidate;near_tie_candidates_for_mountain,
40,ヌタノサコ,summit-candidate:7d7066baad9d7077,2,1,0.65,medium,v3_conflict_case,fallback_name_municipality,yamap_2022-03-03_10_47.gpx,奥之城山・ヌタノサコ,NaN,NaN,,,,,,strong,true,grounding_missing;missing_csv_coordinate;timezone_ambiguity;multiple_mountains_for_candidate;near_tie_candidates_for_mountain,
40,ヌタノサコ,summit-candidate:ea33d870d4700a56,3,1,0.65,medium,v3_conflict_case,fallback_name_municipality,yamap_2022-03-03_10_47.gpx,奥之城山・ヌタノサコ,NaN,NaN,,,,,,strong,true,grounding_missing;missing_csv_coordinate;timezone_ambiguity;multiple_mountains_for_candidate;near_tie_candidates_for_mountain,
41,城山,summit-candidate:07834c521328cc1d,1,1,0.65,medium,v3_conflict_case,fallback_name_municipality,yamap_2022-03-05_09_44.gpx,城山・水梨山・向山,NaN,NaN,,,,,,strong,true,grounding_missing;missing_csv_coordinate;timezone_ambiguity;multiple_mountains_for_candidate;near_tie_candidates_for_mountain,
41,城山,summit-candidate:0a765b89058b256b,2,1,0.65,medium,v3_conflict_case,fallback_name_municipality,yamap_2022-03-05_09_44.gpx,城山・水梨山・向山,NaN,NaN,,,,,,strong,true,grounding_missing;missing_csv_coordinate;timezone_ambiguity;multiple_mountains_for_candidate;near_tie_candidates_for_mountain,
41,城山,summit-candidate:95a8fa74fd4af7b0,3,1,0.65,medium,v3_conflict_case,fallback_name_municipality,yamap_2024-04-28_07_11.gpx,狼ヶ城山,NaN,NaN,,,,,,strong,true,grounding_missing;missing_csv_coordinate;timezone_ambiguity;multiple_mountains_for_candidate;near_tie_candidates_for_mountain,
41,城山,summit-candidate:c1f175d0616be696,4,1,0.65,medium,v3_conflict_case,fallback_name_municipality,yamap_2022-03-05_09_44.gpx,城山・水梨山・向山,NaN,NaN,,,,,,strong,true,grounding_missing;missing_csv_coordinate;timezone_ambiguity;multiple_mountains_for_candidate;near_tie_candidates_for_mountain,
41,城山,summit-candidate:cf1e11202c4f4280,5,1,0.65,medium,v3_conflict_case,fallback_name_municipality,yamap_2022-03-05_09_44.gpx,城山・水梨山・向山,NaN,NaN,,,,,,strong,true,grounding_missing;missing_csv_coordinate;timezone_ambiguity;multiple_mountains_for_candidate;near_tie_candidates_for_mountain,
41,城山,summit-candidate:edd15dad4a862cba,6,1,0.65,medium,v3_conflict_case,fallback_name_municipality,yamap_2022-03-05_09_44.gpx,城山・水梨山・向山,NaN,NaN,,,,,,strong,true,grounding_missing;missing_csv_coordinate;timezone_ambiguity;multiple_mountains_for_candidate;near_tie_candidates_for_mountain,
41,城山,summit-candidate:0022a746b396d4c7,7,8,0.55,low,v3_conflict_case,fallback_name_only_review,yamap_2024-03-10_07_12.gpx,夫婦山・白山・観音山・国見山・城山・御勧請山,NaN,NaN,,,,,,strong,true,grounding_missing;municipality_mismatch;missing_csv_coordinate;timezone_ambiguity;multiple_mountains_for_candidate;near_tie_candidates_for_mountain,
41,城山,summit-candidate:0ec3be2fa2295b82,8,4,0.55,low,v3_conflict_case,fallback_name_only_review,yamap_2022-03-03_10_47.gpx,奥之城山・ヌタノサコ,NaN,NaN,,,,,,strong,true,grounding_missing;municipality_mismatch;missing_csv_coordinate;timezone_ambiguity;multiple_mountains_for_candidate;near_tie_candidates_for_mountain,
41,城山,summit-candidate:13b7a4bb8154974a,9,8,0.55,low,v3_conflict_case,fallback_name_only_review,yamap_2024-03-10_07_12.gpx,夫婦山・白山・観音山・国見山・城山・御勧請山,NaN,NaN,,,,,,strong,true,grounding_missing;municipality_mismatch;missing_csv_coordinate;timezone_ambiguity;multiple_mountains_for_candidate;near_tie_candidates_for_mountain,
41,城山,summit-candidate:1432f597b5dca157,10,4,0.55,low,v3_conflict_case,fallback_name_only_review,yamap_2023-01-28_14_27.gpx,古城山・尾崎山,NaN,NaN,,,,,,strong,true,grounding_missing;municipality_mismatch;missing_csv_coordinate;timezone_ambiguity;multiple_mountains_for_candidate;near_tie_candidates_for_mountain,
41,城山,summit-candidate:27c1036d4aa2230e,11,6,0.55,low,v3_conflict_case,fallback_name_only_review,yamap_2022-04-08_09_33.gpx,鬼ヶ城山・大久保山・八面山・三本杭・横ノ森・小屋ヶ森・毛山,NaN,NaN,,,,,,strong,true,grounding_missing;municipality_mismatch;missing_csv_coordinate;timezone_ambiguity;multiple_mountains_for_candidate;near_tie_candidates_for_mountain,
41,城山,summit-candidate:2ab43729f5e80cbe,12,8,0.55,low,v3_conflict_case,fallback_name_only_review,yamap_2024-03-10_07_12.gpx,夫婦山・白山・観音山・国見山・城山・御勧請山,NaN,NaN,,,,,,strong,true,grounding_missing;municipality_mismatch;missing_csv_coordinate;timezone_ambiguity;multiple_mountains_for_candidate;near_tie_candidates_for_mountain,
41,城山,summit-candidate:36e3ac8003e8b5d0,13,6,0.55,low,v3_conflict_case,fallback_name_only_review,yamap_2022-01-28_12_28.gpx,尾ノ峰・新城山・腰折山・恵良山,NaN,NaN,,,,,,strong,true,grounding_missing;municipality_mismatch;missing_csv_coordinate;timezone_ambiguity;multiple_mountains_for_candidate;near_tie_candidates_for_mountain,
41,城山,summit-candidate:3a491eecbf684185,14,8,0.55,low,v3_conflict_case,fallback_name_only_review,yamap_2024-03-10_07_12.gpx,夫婦山・白山・観音山・国見山・城山・御勧請山,NaN,NaN,,,,,,strong,true,grounding_missing;municipality_mismatch;missing_csv_coordinate;timezone_ambiguity;multiple_mountains_for_candidate;near_tie_candidates_for_mountain,
41,城山,summit-candidate:3e9348428f22a320,15,8,0.55,low,v3_conflict_case,fallback_name_only_review,yamap_2024-03-10_07_12.gpx,夫婦山・白山・観音山・国見山・城山・御勧請山,NaN,NaN,,,,,,strong,true,grounding_missing;municipality_mismatch;missing_csv_coordinate;timezone_ambiguity;multiple_mountains_for_candidate;near_tie_candidates_for_mountain,
41,城山,summit-candidate:40068653b28bad40,16,6,0.55,low,v3_conflict_case,fallback_name_only_review,yamap_2022-04-08_09_33.gpx,鬼ヶ城山・大久保山・八面山・三本杭・横ノ森・小屋ヶ森・毛山,NaN,NaN,,,,,,strong,true,grounding_missing;municipality_mismatch;missing_csv_coordinate;timezone_ambiguity;multiple_mountains_for_candidate;near_tie_candidates_for_mountain,
41,城山,summit-candidate:40260be41579ab8f,17,6,0.55,low,v3_conflict_case,fallback_name_only_review,yamap_2022-01-28_12_28.gpx,尾ノ峰・新城山・腰折山・恵良山,NaN,NaN,,,,,,strong,true,grounding_missing;municipality_mismatch;missing_csv_coordinate;timezone_ambiguity;multiple_mountains_for_candidate;near_tie_candidates_for_mountain,
41,城山,summit-candidate:7ceb76663c2bb81b,18,6,0.55,low,v3_conflict_case,fallback_name_only_review,yamap_2022-04-08_09_33.gpx,鬼ヶ城山・大久保山・八面山・三本杭・横ノ森・小屋ヶ森・毛山,NaN,NaN,,,,,,strong,true,grounding_missing;municipality_mismatch;missing_csv_coordinate;timezone_ambiguity;multiple_mountains_for_candidate;near_tie_candidates_for_mountain,
41,城山,summit-candidate:7d7066baad9d7077,19,4,0.55,low,v3_conflict_case,fallback_name_only_review,yamap_2022-03-03_10_47.gpx,奥之城山・ヌタノサコ,NaN,NaN,,,,,,strong,true,grounding_missing;municipality_mismatch;missing_csv_coordinate;timezone_ambiguity;multiple_mountains_for_candidate;near_tie_candidates_for_mountain,
41,城山,summit-candidate:91ebf1d99654d5b2,20,6,0.55,low,v3_conflict_case,fallback_name_only_review,yamap_2022-04-08_09_33.gpx,鬼ヶ城山・大久保山・八面山・三本杭・横ノ森・小屋ヶ森・毛山,NaN,NaN,,,,,,strong,true,grounding_missing;municipality_mismatch;missing_csv_coordinate;timezone_ambiguity;multiple_mountains_for_candidate;near_tie_candidates_for_mountain,
41,城山,summit-candidate:9fe27d7d4a51aa70,21,2,0.55,low,v3_conflict_case,fallback_name_only_review,yamap_2026-03-04_06_40.gpx,登議城山,NaN,NaN,,,,,,strong,true,grounding_missing;municipality_mismatch;missing_csv_coordinate;timezone_ambiguity;multiple_mountains_for_candidate;near_tie_candidates_for_mountain,
41,城山,summit-candidate:ac7a1ebef52ea30c,22,6,0.55,low,v3_conflict_case,fallback_name_only_review,yamap_2022-01-28_12_28.gpx,尾ノ峰・新城山・腰折山・恵良山,NaN,NaN,,,,,,strong,true,grounding_missing;municipality_mismatch;missing_csv_coordinate;timezone_ambiguity;multiple_mountains_for_candidate;near_tie_candidates_for_mountain,
41,城山,summit-candidate:babbcdf7bbd23463,23,6,0.55,low,v3_conflict_case,fallback_name_only_review,yamap_2022-04-08_09_33.gpx,鬼ヶ城山・大久保山・八面山・三本杭・横ノ森・小屋ヶ森・毛山,NaN,NaN,,,,,,strong,true,grounding_missing;municipality_mismatch;missing_csv_coordinate;timezone_ambiguity;multiple_mountains_for_candidate;near_tie_candidates_for_mountain,
41,城山,summit-candidate:cf29543e6beaa1ec,24,8,0.55,low,v3_conflict_case,fallback_name_only_review,yamap_2024-03-10_07_12.gpx,夫婦山・白山・観音山・国見山・城山・御勧請山,NaN,NaN,,,,,,strong,true,grounding_missing;municipality_mismatch;missing_csv_coordinate;timezone_ambiguity;multiple_mountains_for_candidate;near_tie_candidates_for_mountain,
41,城山,summit-candidate:d19542a61a416537,25,8,0.55,low,v3_conflict_case,fallback_name_only_review,yamap_2024-03-10_07_12.gpx,夫婦山・白山・観音山・国見山・城山・御勧請山,NaN,NaN,,,,,,strong,true,grounding_missing;municipality_mismatch;missing_csv_coordinate;timezone_ambiguity;multiple_mountains_for_candidate;near_tie_candidates_for_mountain,
41,城山,summit-candidate:d6b806525709cc22,26,6,0.55,low,v3_conflict_case,fallback_name_only_review,yamap_2022-01-28_12_28.gpx,尾ノ峰・新城山・腰折山・恵良山,NaN,NaN,,,,,,strong,true,grounding_missing;municipality_mismatch;missing_csv_coordinate;timezone_ambiguity;multiple_mountains_for_candidate;near_tie_candidates_for_mountain,
41,城山,summit-candidate:ea33d870d4700a56,27,4,0.55,low,v3_conflict_case,fallback_name_only_review,yamap_2022-03-03_10_47.gpx,奥之城山・ヌタノサコ,NaN,NaN,,,,,,strong,true,grounding_missing;municipality_mismatch;missing_csv_coordinate;timezone_ambiguity;multiple_mountains_for_candidate;near_tie_candidates_for_mountain,
41,城山,summit-candidate:f028aab45221cee6,28,2,0.55,low,v3_conflict_case,fallback_name_only_review,yamap_2025-12-20_07_28.gpx,池ノ城山,NaN,NaN,,,,,,strong,true,grounding_missing;municipality_mismatch;missing_csv_coordinate;timezone_ambiguity;multiple_mountains_for_candidate;near_tie_candidates_for_mountain,
42,水梨山,summit-candidate:07834c521328cc1d,1,2,0.65,medium,v3_conflict_case,fallback_name_municipality,yamap_2022-03-05_09_44.gpx,城山・水梨山・向山,NaN,NaN,,,,,,strong,true,grounding_missing;missing_csv_coordinate;timezone_ambiguity;multiple_mountains_for_candidate;near_tie_candidates_for_mountain,
42,水梨山,summit-candidate:0a765b89058b256b,2,2,0.65,medium,v3_conflict_case,fallback_name_municipality,yamap_2022-03-05_09_44.gpx,城山・水梨山・向山,NaN,NaN,,,,,,strong,true,grounding_missing;missing_csv_coordinate;timezone_ambiguity;multiple_mountains_for_candidate;near_tie_candidates_for_mountain,
42,水梨山,summit-candidate:c1f175d0616be696,3,2,0.65,medium,v3_conflict_case,fallback_name_municipality,yamap_2022-03-05_09_44.gpx,城山・水梨山・向山,NaN,NaN,,,,,,strong,true,grounding_missing;missing_csv_coordinate;timezone_ambiguity;multiple_mountains_for_candidate;near_tie_candidates_for_mountain,
42,水梨山,summit-candidate:cf1e11202c4f4280,4,2,0.65,medium,v3_conflict_case,fallback_name_municipality,yamap_2022-03-05_09_44.gpx,城山・水梨山・向山,NaN,NaN,,,,,,strong,true,grounding_missing;missing_csv_coordinate;timezone_ambiguity;multiple_mountains_for_candidate;near_tie_candidates_for_mountain,
42,水梨山,summit-candidate:edd15dad4a862cba,5,2,0.65,medium,v3_conflict_case,fallback_name_municipality,yamap_2022-03-05_09_44.gpx,城山・水梨山・向山,NaN,NaN,,,,,,strong,true,grounding_missing;missing_csv_coordinate;timezone_ambiguity;multiple_mountains_for_candidate;near_tie_candidates_for_mountain,
43,向山,summit-candidate:07834c521328cc1d,1,3,0.65,medium,v3_conflict_case,fallback_name_municipality,yamap_2022-03-05_09_44.gpx,城山・水梨山・向山,NaN,NaN,,,,,,strong,true,grounding_missing;missing_csv_coordinate;timezone_ambiguity;multiple_mountains_for_candidate;near_tie_candidates_for_mountain,
43,向山,summit-candidate:0a765b89058b256b,2,3,0.65,medium,v3_conflict_case,fallback_name_municipality,yamap_2022-03-05_09_44.gpx,城山・水梨山・向山,NaN,NaN,,,,,,strong,true,grounding_missing;missing_csv_coordinate;timezone_ambiguity;multiple_mountains_for_candidate;near_tie_candidates_for_mountain,
43,向山,summit-candidate:c1f175d0616be696,3,3,0.65,medium,v3_conflict_case,fallback_name_municipality,yamap_2022-03-05_09_44.gpx,城山・水梨山・向山,NaN,NaN,,,,,,strong,true,grounding_missing;missing_csv_coordinate;timezone_ambiguity;multiple_mountains_for_candidate;near_tie_candidates_for_mountain,
43,向山,summit-candidate:cf1e11202c4f4280,4,3,0.65,medium,v3_conflict_case,fallback_name_municipality,yamap_2022-03-05_09_44.gpx,城山・水梨山・向山,NaN,NaN,,,,,,strong,true,grounding_missing;missing_csv_coordinate;timezone_ambiguity;multiple_mountains_for_candidate;near_tie_candidates_for_mountain,
43,向山,summit-candidate:edd15dad4a862cba,5,3,0.65,medium,v3_conflict_case,fallback_name_municipality,yamap_2022-03-05_09_44.gpx,城山・水梨山・向山,NaN,NaN,,,,,,strong,true,grounding_missing;missing_csv_coordinate;timezone_ambiguity;multiple_mountains_for_candidate;near_tie_candidates_for_mountain,
44,稔山,summit-candidate:622b899de76208ef,1,1,0.65,medium,v3_conflict_case,fallback_name_municipality,yamap_2022-03-09_10_20.gpx,稔山,NaN,NaN,,,,,,strong,true,grounding_missing;missing_csv_coordinate;timezone_ambiguity;near_tie_candidates_for_mountain,
44,稔山,summit-candidate:d1269170b687c5bc,2,1,0.65,medium,v3_conflict_case,fallback_name_municipality,yamap_2022-03-09_10_20.gpx,稔山,NaN,NaN,,,,,,strong,true,grounding_missing;missing_csv_coordinate;timezone_ambiguity;near_tie_candidates_for_mountain,
45,菊ヶ森,summit-candidate:ab8cf0f07d2a219d,1,1,0.65,medium,v3_conflict_case,fallback_name_municipality,yamap_2022-03-12_08_31.gpx,菊ヶ森,NaN,NaN,,,,,,strong,true,grounding_missing;missing_csv_coordinate;timezone_ambiguity;multiple_mountains_for_candidate,
45,菊ヶ森,summit-candidate:2a670286f545beb2,2,3,0.55,low,v3_conflict_case,fallback_name_only_review,yamap_2023-04-09_09_08.gpx,菊ヶ森・餓鬼ヶ森,NaN,NaN,,,,,,strong,true,grounding_missing;municipality_mismatch;missing_csv_coordinate;timezone_ambiguity;multiple_mountains_for_candidate,
45,菊ヶ森,summit-candidate:4ffd2320af7e6acc,3,3,0.55,low,v3_conflict_case,fallback_name_only_review,yamap_2023-04-09_09_08.gpx,菊ヶ森・餓鬼ヶ森,NaN,NaN,,,,,,strong,true,grounding_missing;municipality_mismatch;missing_csv_coordinate;timezone_ambiguity;multiple_mountains_for_candidate,
45,菊ヶ森,summit-candidate:be07cff01023e072,4,3,0.55,low,v3_conflict_case,fallback_name_only_review,yamap_2023-04-09_09_08.gpx,菊ヶ森・餓鬼ヶ森,NaN,NaN,,,,,,strong,true,grounding_missing;municipality_mismatch;missing_csv_coordinate;timezone_ambiguity;multiple_mountains_for_candidate,
46,道後山,summit-candidate:7c680b0eed0187fa,1,1,0.65,medium,v3_candidate_review_required,fallback_name_municipality,yamap_2022-03-12_09_19.gpx,道後山,NaN,NaN,,,,,,strong,true,grounding_missing;missing_csv_coordinate;timezone_ambiguity,
47,倉谷山,summit-candidate:079ae30d76fb11c2,1,1,0.65,medium,v3_conflict_case,fallback_name_municipality,yamap_2022-03-13_09_49.gpx,倉谷山・芝ヶ峠・淡路ヶ峠・宝ヶ峯,NaN,NaN,,,,,,strong,true,grounding_missing;missing_csv_coordinate;timezone_ambiguity;multiple_mountains_for_candidate;near_tie_candidates_for_mountain,
47,倉谷山,summit-candidate:a0c35720552a78c8,2,3,0.65,medium,v3_conflict_case,fallback_name_municipality,yamap_2022-01-15_08_17.gpx,関ヶ森・観音山・倉谷山・芝ヶ峠,NaN,NaN,,,,,,strong,true,grounding_missing;missing_csv_coordinate;timezone_ambiguity;multiple_mountains_for_candidate;near_tie_candidates_for_mountain,
47,倉谷山,summit-candidate:aba609f471e97e4a,3,1,0.65,medium,v3_conflict_case,fallback_name_municipality,yamap_2022-03-13_09_49.gpx,倉谷山・芝ヶ峠・淡路ヶ峠・宝ヶ峯,NaN,NaN,,,,,,strong,true,grounding_missing;missing_csv_coordinate;timezone_ambiguity;multiple_mountains_for_candidate;near_tie_candidates_for_mountain,
47,倉谷山,summit-candidate:b9e78d4a587ceaa0,4,1,0.65,medium,v3_conflict_case,fallback_name_municipality,yamap_2022-03-13_09_49.gpx,倉谷山・芝ヶ峠・淡路ヶ峠・宝ヶ峯,NaN,NaN,,,,,,strong,true,grounding_missing;missing_csv_coordinate;timezone_ambiguity;multiple_mountains_for_candidate;near_tie_candidates_for_mountain,
47,倉谷山,summit-candidate:c284068144ec2cfd,5,3,0.65,medium,v3_conflict_case,fallback_name_municipality,yamap_2022-01-15_08_17.gpx,関ヶ森・観音山・倉谷山・芝ヶ峠,NaN,NaN,,,,,,strong,true,grounding_missing;missing_csv_coordinate;timezone_ambiguity;multiple_mountains_for_candidate;near_tie_candidates_for_mountain,
47,倉谷山,summit-candidate:cb62a56e70cedbce,6,3,0.65,medium,v3_conflict_case,fallback_name_municipality,yamap_2022-01-15_08_17.gpx,関ヶ森・観音山・倉谷山・芝ヶ峠,NaN,NaN,,,,,,strong,true,grounding_missing;missing_csv_coordinate;timezone_ambiguity;multiple_mountains_for_candidate;near_tie_candidates_for_mountain,
47,倉谷山,summit-candidate:feca346909b97b92,7,3,0.65,medium,v3_conflict_case,fallback_name_municipality,yamap_2022-01-15_08_17.gpx,関ヶ森・観音山・倉谷山・芝ヶ峠,NaN,NaN,,,,,,strong,true,grounding_missing;missing_csv_coordinate;timezone_ambiguity;multiple_mountains_for_candidate;near_tie_candidates_for_mountain,
48,芝ヶ峠,summit-candidate:079ae30d76fb11c2,1,2,0.65,medium,v3_conflict_case,fallback_name_municipality,yamap_2022-03-13_09_49.gpx,倉谷山・芝ヶ峠・淡路ヶ峠・宝ヶ峯,NaN,NaN,,,,,,strong,true,grounding_missing;missing_csv_coordinate;timezone_ambiguity;multiple_mountains_for_candidate;near_tie_candidates_for_mountain,
48,芝ヶ峠,summit-candidate:a0c35720552a78c8,2,4,0.65,medium,v3_conflict_case,fallback_name_municipality,yamap_2022-01-15_08_17.gpx,関ヶ森・観音山・倉谷山・芝ヶ峠,NaN,NaN,,,,,,strong,true,grounding_missing;missing_csv_coordinate;timezone_ambiguity;multiple_mountains_for_candidate;near_tie_candidates_for_mountain,
48,芝ヶ峠,summit-candidate:aba609f471e97e4a,3,2,0.65,medium,v3_conflict_case,fallback_name_municipality,yamap_2022-03-13_09_49.gpx,倉谷山・芝ヶ峠・淡路ヶ峠・宝ヶ峯,NaN,NaN,,,,,,strong,true,grounding_missing;missing_csv_coordinate;timezone_ambiguity;multiple_mountains_for_candidate;near_tie_candidates_for_mountain,
48,芝ヶ峠,summit-candidate:b9e78d4a587ceaa0,4,2,0.65,medium,v3_conflict_case,fallback_name_municipality,yamap_2022-03-13_09_49.gpx,倉谷山・芝ヶ峠・淡路ヶ峠・宝ヶ峯,NaN,NaN,,,,,,strong,true,grounding_missing;missing_csv_coordinate;timezone_ambiguity;multiple_mountains_for_candidate;near_tie_candidates_for_mountain,
48,芝ヶ峠,summit-candidate:c284068144ec2cfd,5,4,0.65,medium,v3_conflict_case,fallback_name_municipality,yamap_2022-01-15_08_17.gpx,関ヶ森・観音山・倉谷山・芝ヶ峠,NaN,NaN,,,,,,strong,true,grounding_missing;missing_csv_coordinate;timezone_ambiguity;multiple_mountains_for_candidate;near_tie_candidates_for_mountain,
48,芝ヶ峠,summit-candidate:cb62a56e70cedbce,6,4,0.65,medium,v3_conflict_case,fallback_name_municipality,yamap_2022-01-15_08_17.gpx,関ヶ森・観音山・倉谷山・芝ヶ峠,NaN,NaN,,,,,,strong,true,grounding_missing;missing_csv_coordinate;timezone_ambiguity;multiple_mountains_for_candidate;near_tie_candidates_for_mountain,
48,芝ヶ峠,summit-candidate:feca346909b97b92,7,4,0.65,medium,v3_conflict_case,fallback_name_municipality,yamap_2022-01-15_08_17.gpx,関ヶ森・観音山・倉谷山・芝ヶ峠,NaN,NaN,,,,,,strong,true,grounding_missing;missing_csv_coordinate;timezone_ambiguity;multiple_mountains_for_candidate;near_tie_candidates_for_mountain,
49,大久保山,summit-candidate:452c10a1db199870,1,2,0.65,medium,v3_conflict_case,fallback_name_municipality,yamap_2022-03-20_07_06.gpx,大久保山・八里ヶ峠・中坂山・天神山・室岡山・潮見山,NaN,NaN,,NaN,,,,strong,true,missing_csv_coordinate;timezone_ambiguity;multiple_mountains_for_candidate;near_tie_candidates_for_mountain,
49,大久保山,summit-candidate:5aff666aa93b3a17,2,2,0.65,medium,v3_conflict_case,fallback_name_municipality,yamap_2022-03-20_07_06.gpx,大久保山・八里ヶ峠・中坂山・天神山・室岡山・潮見山,NaN,NaN,,NaN,,,,strong,true,missing_csv_coordinate;timezone_ambiguity;multiple_mountains_for_candidate;near_tie_candidates_for_mountain,
49,大久保山,summit-candidate:5e94c87cc5fcc87b,3,2,0.65,medium,v3_conflict_case,fallback_name_municipality,yamap_2022-03-20_07_06.gpx,大久保山・八里ヶ峠・中坂山・天神山・室岡山・潮見山,NaN,NaN,,NaN,,,,strong,true,missing_csv_coordinate;timezone_ambiguity;multiple_mountains_for_candidate;near_tie_candidates_for_mountain,
49,大久保山,summit-candidate:c2c9094225d1da63,4,2,0.65,medium,v3_conflict_case,fallback_name_municipality,yamap_2022-03-20_07_06.gpx,大久保山・八里ヶ峠・中坂山・天神山・室岡山・潮見山,NaN,NaN,,NaN,,,,strong,true,missing_csv_coordinate;timezone_ambiguity;multiple_mountains_for_candidate;near_tie_candidates_for_mountain,
49,大久保山,summit-candidate:27c1036d4aa2230e,5,7,0.55,low,v3_conflict_case,fallback_name_only_review,yamap_2022-04-08_09_33.gpx,鬼ヶ城山・大久保山・八面山・三本杭・横ノ森・小屋ヶ森・毛山,NaN,NaN,,NaN,,,,strong,true,municipality_mismatch;missing_csv_coordinate;timezone_ambiguity;multiple_mountains_for_candidate;near_tie_candidates_for_mountain,
49,大久保山,summit-candidate:40068653b28bad40,6,7,0.55,low,v3_conflict_case,fallback_name_only_review,yamap_2022-04-08_09_33.gpx,鬼ヶ城山・大久保山・八面山・三本杭・横ノ森・小屋ヶ森・毛山,NaN,NaN,,NaN,,,,strong,true,municipality_mismatch;missing_csv_coordinate;timezone_ambiguity;multiple_mountains_for_candidate;near_tie_candidates_for_mountain,
49,大久保山,summit-candidate:7ceb76663c2bb81b,7,7,0.55,low,v3_conflict_case,fallback_name_only_review,yamap_2022-04-08_09_33.gpx,鬼ヶ城山・大久保山・八面山・三本杭・横ノ森・小屋ヶ森・毛山,NaN,NaN,,NaN,,,,strong,true,municipality_mismatch;missing_csv_coordinate;timezone_ambiguity;multiple_mountains_for_candidate;near_tie_candidates_for_mountain,
49,大久保山,summit-candidate:91ebf1d99654d5b2,8,7,0.55,low,v3_conflict_case,fallback_name_only_review,yamap_2022-04-08_09_33.gpx,鬼ヶ城山・大久保山・八面山・三本杭・横ノ森・小屋ヶ森・毛山,NaN,NaN,,NaN,,,,strong,true,municipality_mismatch;missing_csv_coordinate;timezone_ambiguity;multiple_mountains_for_candidate;near_tie_candidates_for_mountain,
49,大久保山,summit-candidate:babbcdf7bbd23463,9,7,0.55,low,v3_conflict_case,fallback_name_only_review,yamap_2022-04-08_09_33.gpx,鬼ヶ城山・大久保山・八面山・三本杭・横ノ森・小屋ヶ森・毛山,NaN,NaN,,NaN,,,,strong,true,municipality_mismatch;missing_csv_coordinate;timezone_ambiguity;multiple_mountains_for_candidate;near_tie_candidates_for_mountain,
50,八里ヶ峠,summit-candidate:452c10a1db199870,1,3,0.65,medium,v3_conflict_case,fallback_name_municipality,yamap_2022-03-20_07_06.gpx,大久保山・八里ヶ峠・中坂山・天神山・室岡山・潮見山,NaN,NaN,,NaN,,,,strong,true,missing_csv_coordinate;timezone_ambiguity;multiple_mountains_for_candidate;near_tie_candidates_for_mountain,
50,八里ヶ峠,summit-candidate:5aff666aa93b3a17,2,3,0.65,medium,v3_conflict_case,fallback_name_municipality,yamap_2022-03-20_07_06.gpx,大久保山・八里ヶ峠・中坂山・天神山・室岡山・潮見山,NaN,NaN,,NaN,,,,strong,true,missing_csv_coordinate;timezone_ambiguity;multiple_mountains_for_candidate;near_tie_candidates_for_mountain,
50,八里ヶ峠,summit-candidate:5e94c87cc5fcc87b,3,3,0.65,medium,v3_conflict_case,fallback_name_municipality,yamap_2022-03-20_07_06.gpx,大久保山・八里ヶ峠・中坂山・天神山・室岡山・潮見山,NaN,NaN,,NaN,,,,strong,true,missing_csv_coordinate;timezone_ambiguity;multiple_mountains_for_candidate;near_tie_candidates_for_mountain,
50,八里ヶ峠,summit-candidate:c2c9094225d1da63,4,3,0.65,medium,v3_conflict_case,fallback_name_municipality,yamap_2022-03-20_07_06.gpx,大久保山・八里ヶ峠・中坂山・天神山・室岡山・潮見山,NaN,NaN,,NaN,,,,strong,true,missing_csv_coordinate;timezone_ambiguity;multiple_mountains_for_candidate;near_tie_candidates_for_mountain,
51,中坂山,summit-candidate:452c10a1db199870,1,4,0.65,medium,v3_conflict_case,fallback_name_municipality,yamap_2022-03-20_07_06.gpx,大久保山・八里ヶ峠・中坂山・天神山・室岡山・潮見山,NaN,NaN,,,,,,strong,true,grounding_missing;missing_csv_coordinate;timezone_ambiguity;multiple_mountains_for_candidate;near_tie_candidates_for_mountain,
51,中坂山,summit-candidate:5aff666aa93b3a17,2,4,0.65,medium,v3_conflict_case,fallback_name_municipality,yamap_2022-03-20_07_06.gpx,大久保山・八里ヶ峠・中坂山・天神山・室岡山・潮見山,NaN,NaN,,,,,,strong,true,grounding_missing;missing_csv_coordinate;timezone_ambiguity;multiple_mountains_for_candidate;near_tie_candidates_for_mountain,
51,中坂山,summit-candidate:5e94c87cc5fcc87b,3,4,0.65,medium,v3_conflict_case,fallback_name_municipality,yamap_2022-03-20_07_06.gpx,大久保山・八里ヶ峠・中坂山・天神山・室岡山・潮見山,NaN,NaN,,,,,,strong,true,grounding_missing;missing_csv_coordinate;timezone_ambiguity;multiple_mountains_for_candidate;near_tie_candidates_for_mountain,
51,中坂山,summit-candidate:c2c9094225d1da63,4,4,0.65,medium,v3_conflict_case,fallback_name_municipality,yamap_2022-03-20_07_06.gpx,大久保山・八里ヶ峠・中坂山・天神山・室岡山・潮見山,NaN,NaN,,,,,,strong,true,grounding_missing;missing_csv_coordinate;timezone_ambiguity;multiple_mountains_for_candidate;near_tie_candidates_for_mountain,
52,天神山,summit-candidate:452c10a1db199870,1,5,0.65,medium,v3_conflict_case,fallback_name_municipality,yamap_2022-03-20_07_06.gpx,大久保山・八里ヶ峠・中坂山・天神山・室岡山・潮見山,NaN,NaN,,NaN,,,,strong,true,missing_csv_coordinate;timezone_ambiguity;multiple_mountains_for_candidate;near_tie_candidates_for_mountain,
52,天神山,summit-candidate:543b4550a3ef3e87,2,3,0.65,medium,v3_conflict_case,fallback_name_municipality,yamap_2022-02-15_10_36.gpx,天神山・御幸寺山,NaN,NaN,,NaN,,,,strong,true,missing_csv_coordinate;timezone_ambiguity;multiple_mountains_for_candidate;near_tie_candidates_for_mountain,
52,天神山,summit-candidate:5aff666aa93b3a17,3,5,0.65,medium,v3_conflict_case,fallback_name_municipality,yamap_2022-03-20_07_06.gpx,大久保山・八里ヶ峠・中坂山・天神山・室岡山・潮見山,NaN,NaN,,NaN,,,,strong,true,missing_csv_coordinate;timezone_ambiguity;multiple_mountains_for_candidate;near_tie_candidates_for_mountain,
52,天神山,summit-candidate:5e94c87cc5fcc87b,4,5,0.65,medium,v3_conflict_case,fallback_name_municipality,yamap_2022-03-20_07_06.gpx,大久保山・八里ヶ峠・中坂山・天神山・室岡山・潮見山,NaN,NaN,,NaN,,,,strong,true,missing_csv_coordinate;timezone_ambiguity;multiple_mountains_for_candidate;near_tie_candidates_for_mountain,
52,天神山,summit-candidate:c2c9094225d1da63,5,5,0.65,medium,v3_conflict_case,fallback_name_municipality,yamap_2022-03-20_07_06.gpx,大久保山・八里ヶ峠・中坂山・天神山・室岡山・潮見山,NaN,NaN,,NaN,,,,strong,true,missing_csv_coordinate;timezone_ambiguity;multiple_mountains_for_candidate;near_tie_candidates_for_mountain,
52,天神山,summit-candidate:e4808690532bb46c,6,3,0.65,medium,v3_conflict_case,fallback_name_municipality,yamap_2022-02-15_10_36.gpx,天神山・御幸寺山,NaN,NaN,,NaN,,,,strong,true,missing_csv_coordinate;timezone_ambiguity;multiple_mountains_for_candidate;near_tie_candidates_for_mountain,
53,室岡山,summit-candidate:452c10a1db199870,1,6,0.65,medium,v3_conflict_case,fallback_name_municipality,yamap_2022-03-20_07_06.gpx,大久保山・八里ヶ峠・中坂山・天神山・室岡山・潮見山,NaN,NaN,,NaN,,,,strong,true,missing_csv_coordinate;timezone_ambiguity;multiple_mountains_for_candidate;near_tie_candidates_for_mountain,
53,室岡山,summit-candidate:5aff666aa93b3a17,2,6,0.65,medium,v3_conflict_case,fallback_name_municipality,yamap_2022-03-20_07_06.gpx,大久保山・八里ヶ峠・中坂山・天神山・室岡山・潮見山,NaN,NaN,,NaN,,,,strong,true,missing_csv_coordinate;timezone_ambiguity;multiple_mountains_for_candidate;near_tie_candidates_for_mountain,
53,室岡山,summit-candidate:5e94c87cc5fcc87b,3,6,0.65,medium,v3_conflict_case,fallback_name_municipality,yamap_2022-03-20_07_06.gpx,大久保山・八里ヶ峠・中坂山・天神山・室岡山・潮見山,NaN,NaN,,NaN,,,,strong,true,missing_csv_coordinate;timezone_ambiguity;multiple_mountains_for_candidate;near_tie_candidates_for_mountain,
53,室岡山,summit-candidate:c2c9094225d1da63,4,6,0.65,medium,v3_conflict_case,fallback_name_municipality,yamap_2022-03-20_07_06.gpx,大久保山・八里ヶ峠・中坂山・天神山・室岡山・潮見山,NaN,NaN,,NaN,,,,strong,true,missing_csv_coordinate;timezone_ambiguity;multiple_mountains_for_candidate;near_tie_candidates_for_mountain,
54,潮見山,summit-candidate:3259dfe3d9ce60c5,1,1,0.65,medium,v3_conflict_case,fallback_name_municipality,yamap_2022-03-23_07_38.gpx,明神山・潮見山,NaN,NaN,,NaN,,,,strong,true,missing_csv_coordinate;timezone_ambiguity;multiple_mountains_for_candidate;near_tie_candidates_for_mountain,
54,潮見山,summit-candidate:452c10a1db199870,2,7,0.65,medium,v3_conflict_case,fallback_name_municipality,yamap_2022-03-20_07_06.gpx,大久保山・八里ヶ峠・中坂山・天神山・室岡山・潮見山,NaN,NaN,,NaN,,,,strong,true,missing_csv_coordinate;timezone_ambiguity;multiple_mountains_for_candidate;near_tie_candidates_for_mountain,
54,潮見山,summit-candidate:45439217573adfc4,3,1,0.65,medium,v3_conflict_case,fallback_name_municipality,yamap_2022-03-23_07_38.gpx,明神山・潮見山,NaN,NaN,,NaN,,,,strong,true,missing_csv_coordinate;timezone_ambiguity;multiple_mountains_for_candidate;near_tie_candidates_for_mountain,
54,潮見山,summit-candidate:5aff666aa93b3a17,4,7,0.65,medium,v3_conflict_case,fallback_name_municipality,yamap_2022-03-20_07_06.gpx,大久保山・八里ヶ峠・中坂山・天神山・室岡山・潮見山,NaN,NaN,,NaN,,,,strong,true,missing_csv_coordinate;timezone_ambiguity;multiple_mountains_for_candidate;near_tie_candidates_for_mountain,
54,潮見山,summit-candidate:5e94c87cc5fcc87b,5,7,0.65,medium,v3_conflict_case,fallback_name_municipality,yamap_2022-03-20_07_06.gpx,大久保山・八里ヶ峠・中坂山・天神山・室岡山・潮見山,NaN,NaN,,NaN,,,,strong,true,missing_csv_coordinate;timezone_ambiguity;multiple_mountains_for_candidate;near_tie_candidates_for_mountain,
54,潮見山,summit-candidate:c2c9094225d1da63,6,7,0.65,medium,v3_conflict_case,fallback_name_municipality,yamap_2022-03-20_07_06.gpx,大久保山・八里ヶ峠・中坂山・天神山・室岡山・潮見山,NaN,NaN,,NaN,,,,strong,true,missing_csv_coordinate;timezone_ambiguity;multiple_mountains_for_candidate;near_tie_candidates_for_mountain,
55,明神山,summit-candidate:3259dfe3d9ce60c5,1,2,0.65,medium,v3_conflict_case,fallback_name_municipality,yamap_2022-03-23_07_38.gpx,明神山・潮見山,NaN,NaN,,NaN,,,,strong,true,missing_csv_coordinate;timezone_ambiguity;multiple_mountains_for_candidate;near_tie_candidates_for_mountain,
55,明神山,summit-candidate:45439217573adfc4,2,2,0.65,medium,v3_conflict_case,fallback_name_municipality,yamap_2022-03-23_07_38.gpx,明神山・潮見山,NaN,NaN,,NaN,,,,strong,true,missing_csv_coordinate;timezone_ambiguity;multiple_mountains_for_candidate;near_tie_candidates_for_mountain,
55,明神山,summit-candidate:a0c5556d9432a199,3,1,0.65,medium,v3_conflict_case,fallback_name_municipality,yamap_2024-09-23_07_35.gpx,中津山(明神山)・猿越山,NaN,NaN,,NaN,,,,strong,true,missing_csv_coordinate;timezone_ambiguity;multiple_mountains_for_candidate;near_tie_candidates_for_mountain,
55,明神山,summit-candidate:bd875ddf4679d1f7,4,1,0.65,medium,v3_conflict_case,fallback_name_municipality,yamap_2024-09-23_07_35.gpx,中津山(明神山)・猿越山,NaN,NaN,,NaN,,,,strong,true,missing_csv_coordinate;timezone_ambiguity;multiple_mountains_for_candidate;near_tie_candidates_for_mountain,
55,明神山,summit-candidate:eb3b108c5d508377,5,1,0.65,medium,v3_conflict_case,fallback_name_municipality,yamap_2024-09-23_07_35.gpx,中津山(明神山)・猿越山,NaN,NaN,,NaN,,,,strong,true,missing_csv_coordinate;timezone_ambiguity;multiple_mountains_for_candidate;near_tie_candidates_for_mountain,
55,明神山,summit-candidate:0bd3d051cdb972fd,6,5,0.55,low,v3_conflict_case,fallback_name_only_review,yamap_2024-12-08_06_59.gpx,本尊山・秋葉山・立烏帽子山・明神山,NaN,NaN,,NaN,,,,strong,true,municipality_mismatch;missing_csv_coordinate;timezone_ambiguity;multiple_mountains_for_candidate;near_tie_candidates_for_mountain,
55,明神山,summit-candidate:23316af255d30882,7,5,0.55,low,v3_conflict_case,fallback_name_only_review,yamap_2024-12-08_06_59.gpx,本尊山・秋葉山・立烏帽子山・明神山,NaN,NaN,,NaN,,,,strong,true,municipality_mismatch;missing_csv_coordinate;timezone_ambiguity;multiple_mountains_for_candidate;near_tie_candidates_for_mountain,
55,明神山,summit-candidate:f12898f5821b63b8,8,5,0.55,low,v3_conflict_case,fallback_name_only_review,yamap_2024-12-08_06_59.gpx,本尊山・秋葉山・立烏帽子山・明神山,NaN,NaN,,NaN,,,,strong,true,municipality_mismatch;missing_csv_coordinate;timezone_ambiguity;multiple_mountains_for_candidate;near_tie_candidates_for_mountain,
55,明神山,summit-candidate:fec0bb942061619b,9,3,0.55,low,v3_conflict_case,fallback_name_only_review,yamap_2024-09-23_07_35.gpx,中津山(明神山)・猿越山,NaN,NaN,,NaN,,,,strong,true,municipality_mismatch;missing_csv_coordinate;timezone_ambiguity;multiple_mountains_for_candidate;near_tie_candidates_for_mountain,
56,潮見山,summit-candidate:3259dfe3d9ce60c5,1,3,0.65,medium,v3_conflict_case,fallback_name_municipality,yamap_2022-03-23_07_38.gpx,明神山・潮見山,NaN,NaN,,,,,,strong,true,grounding_missing;missing_csv_coordinate;timezone_ambiguity;multiple_mountains_for_candidate;near_tie_candidates_for_mountain,
56,潮見山,summit-candidate:452c10a1db199870,2,8,0.65,medium,v3_conflict_case,fallback_name_municipality,yamap_2022-03-20_07_06.gpx,大久保山・八里ヶ峠・中坂山・天神山・室岡山・潮見山,NaN,NaN,,,,,,strong,true,grounding_missing;missing_csv_coordinate;timezone_ambiguity;multiple_mountains_for_candidate;near_tie_candidates_for_mountain,
56,潮見山,summit-candidate:45439217573adfc4,3,3,0.65,medium,v3_conflict_case,fallback_name_municipality,yamap_2022-03-23_07_38.gpx,明神山・潮見山,NaN,NaN,,,,,,strong,true,grounding_missing;missing_csv_coordinate;timezone_ambiguity;multiple_mountains_for_candidate;near_tie_candidates_for_mountain,
56,潮見山,summit-candidate:5aff666aa93b3a17,4,8,0.65,medium,v3_conflict_case,fallback_name_municipality,yamap_2022-03-20_07_06.gpx,大久保山・八里ヶ峠・中坂山・天神山・室岡山・潮見山,NaN,NaN,,,,,,strong,true,grounding_missing;missing_csv_coordinate;timezone_ambiguity;multiple_mountains_for_candidate;near_tie_candidates_for_mountain,
56,潮見山,summit-candidate:5e94c87cc5fcc87b,5,8,0.65,medium,v3_conflict_case,fallback_name_municipality,yamap_2022-03-20_07_06.gpx,大久保山・八里ヶ峠・中坂山・天神山・室岡山・潮見山,NaN,NaN,,,,,,strong,true,grounding_missing;missing_csv_coordinate;timezone_ambiguity;multiple_mountains_for_candidate;near_tie_candidates_for_mountain,
56,潮見山,summit-candidate:c2c9094225d1da63,6,8,0.65,medium,v3_conflict_case,fallback_name_municipality,yamap_2022-03-20_07_06.gpx,大久保山・八里ヶ峠・中坂山・天神山・室岡山・潮見山,NaN,NaN,,,,,,strong,true,grounding_missing;missing_csv_coordinate;timezone_ambiguity;multiple_mountains_for_candidate;near_tie_candidates_for_mountain,
57,十門山(十門城址),summit-candidate:555fd1e3be8780dd,1,1,0.65,medium,v3_conflict_case,fallback_name_municipality,yamap_2022-03-25_12_12.gpx,十門山(十門城址)・ヨソ山,NaN,NaN,,,,,,strong,true,grounding_missing;missing_csv_coordinate;timezone_ambiguity;multiple_mountains_for_candidate;near_tie_candidates_for_mountain,
57,十門山(十門城址),summit-candidate:a94564816fd4afff,2,1,0.65,medium,v3_conflict_case,fallback_name_municipality,yamap_2022-03-25_12_12.gpx,十門山(十門城址)・ヨソ山,NaN,NaN,,,,,,strong,true,grounding_missing;missing_csv_coordinate;timezone_ambiguity;multiple_mountains_for_candidate;near_tie_candidates_for_mountain,
58,ヨソ山,summit-candidate:555fd1e3be8780dd,1,2,0.55,low,v3_conflict_case,fallback_name_only_review,yamap_2022-03-25_12_12.gpx,十門山(十門城址)・ヨソ山,NaN,NaN,,NaN,,,,strong,true,municipality_mismatch;missing_csv_coordinate;timezone_ambiguity;multiple_mountains_for_candidate;near_tie_candidates_for_mountain,
58,ヨソ山,summit-candidate:59c561a08189d6b9,2,3,0.55,low,v3_conflict_case,fallback_name_only_review,yamap_2022-01-29_08_35.gpx,皿ヶ森・経座ヶ森・ヨソ山,NaN,NaN,,NaN,,,,strong,true,municipality_mismatch;missing_csv_coordinate;timezone_ambiguity;multiple_mountains_for_candidate;near_tie_candidates_for_mountain,
58,ヨソ山,summit-candidate:7c532ef1be71a4d1,3,3,0.55,low,v3_conflict_case,fallback_name_only_review,yamap_2022-01-29_08_35.gpx,皿ヶ森・経座ヶ森・ヨソ山,NaN,NaN,,NaN,,,,strong,true,municipality_mismatch;missing_csv_coordinate;timezone_ambiguity;multiple_mountains_for_candidate;near_tie_candidates_for_mountain,
58,ヨソ山,summit-candidate:a94564816fd4afff,4,2,0.55,low,v3_conflict_case,fallback_name_only_review,yamap_2022-03-25_12_12.gpx,十門山(十門城址)・ヨソ山,NaN,NaN,,NaN,,,,strong,true,municipality_mismatch;missing_csv_coordinate;timezone_ambiguity;multiple_mountains_for_candidate;near_tie_candidates_for_mountain,
59,忽那山,summit-candidate:daa8d4127fc92552,1,1,0.65,medium,v3_candidate_review_required,fallback_name_municipality,yamap_2022-04-06_09_25.gpx,忽那山,NaN,NaN,,,,,,strong,true,grounding_missing;missing_csv_coordinate;timezone_ambiguity,
60,鬼ヶ城山,summit-candidate:27c1036d4aa2230e,1,1,0.65,medium,v3_conflict_case,fallback_name_municipality,yamap_2022-04-08_09_33.gpx,鬼ヶ城山・大久保山・八面山・三本杭・横ノ森・小屋ヶ森・毛山,NaN,NaN,,,,,,strong,true,grounding_missing;missing_csv_coordinate;timezone_ambiguity;multiple_mountains_for_candidate;near_tie_candidates_for_mountain,
60,鬼ヶ城山,summit-candidate:40068653b28bad40,2,1,0.65,medium,v3_conflict_case,fallback_name_municipality,yamap_2022-04-08_09_33.gpx,鬼ヶ城山・大久保山・八面山・三本杭・横ノ森・小屋ヶ森・毛山,NaN,NaN,,,,,,strong,true,grounding_missing;missing_csv_coordinate;timezone_ambiguity;multiple_mountains_for_candidate;near_tie_candidates_for_mountain,
60,鬼ヶ城山,summit-candidate:7ceb76663c2bb81b,3,1,0.65,medium,v3_conflict_case,fallback_name_municipality,yamap_2022-04-08_09_33.gpx,鬼ヶ城山・大久保山・八面山・三本杭・横ノ森・小屋ヶ森・毛山,NaN,NaN,,,,,,strong,true,grounding_missing;missing_csv_coordinate;timezone_ambiguity;multiple_mountains_for_candidate;near_tie_candidates_for_mountain,
60,鬼ヶ城山,summit-candidate:91ebf1d99654d5b2,4,1,0.65,medium,v3_conflict_case,fallback_name_municipality,yamap_2022-04-08_09_33.gpx,鬼ヶ城山・大久保山・八面山・三本杭・横ノ森・小屋ヶ森・毛山,NaN,NaN,,,,,,strong,true,grounding_missing;missing_csv_coordinate;timezone_ambiguity;multiple_mountains_for_candidate;near_tie_candidates_for_mountain,
60,鬼ヶ城山,summit-candidate:babbcdf7bbd23463,5,1,0.65,medium,v3_conflict_case,fallback_name_municipality,yamap_2022-04-08_09_33.gpx,鬼ヶ城山・大久保山・八面山・三本杭・横ノ森・小屋ヶ森・毛山,NaN,NaN,,,,,,strong,true,grounding_missing;missing_csv_coordinate;timezone_ambiguity;multiple_mountains_for_candidate;near_tie_candidates_for_mountain,
61,三本杭,summit-candidate:27c1036d4aa2230e,1,2,0.65,medium,v3_conflict_case,fallback_name_municipality,yamap_2022-04-08_09_33.gpx,鬼ヶ城山・大久保山・八面山・三本杭・横ノ森・小屋ヶ森・毛山,NaN,NaN,,,,,,strong,true,grounding_missing;missing_csv_coordinate;timezone_ambiguity;multiple_mountains_for_candidate;near_tie_candidates_for_mountain,
61,三本杭,summit-candidate:40068653b28bad40,2,2,0.65,medium,v3_conflict_case,fallback_name_municipality,yamap_2022-04-08_09_33.gpx,鬼ヶ城山・大久保山・八面山・三本杭・横ノ森・小屋ヶ森・毛山,NaN,NaN,,,,,,strong,true,grounding_missing;missing_csv_coordinate;timezone_ambiguity;multiple_mountains_for_candidate;near_tie_candidates_for_mountain,
61,三本杭,summit-candidate:7ceb76663c2bb81b,3,2,0.65,medium,v3_conflict_case,fallback_name_municipality,yamap_2022-04-08_09_33.gpx,鬼ヶ城山・大久保山・八面山・三本杭・横ノ森・小屋ヶ森・毛山,NaN,NaN,,,,,,strong,true,grounding_missing;missing_csv_coordinate;timezone_ambiguity;multiple_mountains_for_candidate;near_tie_candidates_for_mountain,
61,三本杭,summit-candidate:91ebf1d99654d5b2,4,2,0.65,medium,v3_conflict_case,fallback_name_municipality,yamap_2022-04-08_09_33.gpx,鬼ヶ城山・大久保山・八面山・三本杭・横ノ森・小屋ヶ森・毛山,NaN,NaN,,,,,,strong,true,grounding_missing;missing_csv_coordinate;timezone_ambiguity;multiple_mountains_for_candidate;near_tie_candidates_for_mountain,
61,三本杭,summit-candidate:babbcdf7bbd23463,5,2,0.65,medium,v3_conflict_case,fallback_name_municipality,yamap_2022-04-08_09_33.gpx,鬼ヶ城山・大久保山・八面山・三本杭・横ノ森・小屋ヶ森・毛山,NaN,NaN,,,,,,strong,true,grounding_missing;missing_csv_coordinate;timezone_ambiguity;multiple_mountains_for_candidate;near_tie_candidates_for_mountain,
62,八面山,summit-candidate:27c1036d4aa2230e,1,3,0.65,medium,v3_conflict_case,fallback_name_municipality,yamap_2022-04-08_09_33.gpx,鬼ヶ城山・大久保山・八面山・三本杭・横ノ森・小屋ヶ森・毛山,NaN,NaN,,,,,,strong,true,grounding_missing;missing_csv_coordinate;timezone_ambiguity;multiple_mountains_for_candidate;near_tie_candidates_for_mountain,
62,八面山,summit-candidate:40068653b28bad40,2,3,0.65,medium,v3_conflict_case,fallback_name_municipality,yamap_2022-04-08_09_33.gpx,鬼ヶ城山・大久保山・八面山・三本杭・横ノ森・小屋ヶ森・毛山,NaN,NaN,,,,,,strong,true,grounding_missing;missing_csv_coordinate;timezone_ambiguity;multiple_mountains_for_candidate;near_tie_candidates_for_mountain,
62,八面山,summit-candidate:7ceb76663c2bb81b,3,3,0.65,medium,v3_conflict_case,fallback_name_municipality,yamap_2022-04-08_09_33.gpx,鬼ヶ城山・大久保山・八面山・三本杭・横ノ森・小屋ヶ森・毛山,NaN,NaN,,,,,,strong,true,grounding_missing;missing_csv_coordinate;timezone_ambiguity;multiple_mountains_for_candidate;near_tie_candidates_for_mountain,
62,八面山,summit-candidate:91ebf1d99654d5b2,4,3,0.65,medium,v3_conflict_case,fallback_name_municipality,yamap_2022-04-08_09_33.gpx,鬼ヶ城山・大久保山・八面山・三本杭・横ノ森・小屋ヶ森・毛山,NaN,NaN,,,,,,strong,true,grounding_missing;missing_csv_coordinate;timezone_ambiguity;multiple_mountains_for_candidate;near_tie_candidates_for_mountain,
62,八面山,summit-candidate:babbcdf7bbd23463,5,3,0.65,medium,v3_conflict_case,fallback_name_municipality,yamap_2022-04-08_09_33.gpx,鬼ヶ城山・大久保山・八面山・三本杭・横ノ森・小屋ヶ森・毛山,NaN,NaN,,,,,,strong,true,grounding_missing;missing_csv_coordinate;timezone_ambiguity;multiple_mountains_for_candidate;near_tie_candidates_for_mountain,
63,大久保山,summit-candidate:27c1036d4aa2230e,1,4,0.65,medium,v3_conflict_case,fallback_name_municipality,yamap_2022-04-08_09_33.gpx,鬼ヶ城山・大久保山・八面山・三本杭・横ノ森・小屋ヶ森・毛山,NaN,NaN,,NaN,,,,strong,true,missing_csv_coordinate;timezone_ambiguity;multiple_mountains_for_candidate;near_tie_candidates_for_mountain,
63,大久保山,summit-candidate:40068653b28bad40,2,4,0.65,medium,v3_conflict_case,fallback_name_municipality,yamap_2022-04-08_09_33.gpx,鬼ヶ城山・大久保山・八面山・三本杭・横ノ森・小屋ヶ森・毛山,NaN,NaN,,NaN,,,,strong,true,missing_csv_coordinate;timezone_ambiguity;multiple_mountains_for_candidate;near_tie_candidates_for_mountain,
63,大久保山,summit-candidate:7ceb76663c2bb81b,3,4,0.65,medium,v3_conflict_case,fallback_name_municipality,yamap_2022-04-08_09_33.gpx,鬼ヶ城山・大久保山・八面山・三本杭・横ノ森・小屋ヶ森・毛山,NaN,NaN,,NaN,,,,strong,true,missing_csv_coordinate;timezone_ambiguity;multiple_mountains_for_candidate;near_tie_candidates_for_mountain,
63,大久保山,summit-candidate:91ebf1d99654d5b2,4,4,0.65,medium,v3_conflict_case,fallback_name_municipality,yamap_2022-04-08_09_33.gpx,鬼ヶ城山・大久保山・八面山・三本杭・横ノ森・小屋ヶ森・毛山,NaN,NaN,,NaN,,,,strong,true,missing_csv_coordinate;timezone_ambiguity;multiple_mountains_for_candidate;near_tie_candidates_for_mountain,
63,大久保山,summit-candidate:babbcdf7bbd23463,5,4,0.65,medium,v3_conflict_case,fallback_name_municipality,yamap_2022-04-08_09_33.gpx,鬼ヶ城山・大久保山・八面山・三本杭・横ノ森・小屋ヶ森・毛山,NaN,NaN,,NaN,,,,strong,true,missing_csv_coordinate;timezone_ambiguity;multiple_mountains_for_candidate;near_tie_candidates_for_mountain,
63,大久保山,summit-candidate:452c10a1db199870,6,9,0.55,low,v3_conflict_case,fallback_name_only_review,yamap_2022-03-20_07_06.gpx,大久保山・八里ヶ峠・中坂山・天神山・室岡山・潮見山,NaN,NaN,,NaN,,,,strong,true,municipality_mismatch;missing_csv_coordinate;timezone_ambiguity;multiple_mountains_for_candidate;near_tie_candidates_for_mountain,
63,大久保山,summit-candidate:5aff666aa93b3a17,7,9,0.55,low,v3_conflict_case,fallback_name_only_review,yamap_2022-03-20_07_06.gpx,大久保山・八里ヶ峠・中坂山・天神山・室岡山・潮見山,NaN,NaN,,NaN,,,,strong,true,municipality_mismatch;missing_csv_coordinate;timezone_ambiguity;multiple_mountains_for_candidate;near_tie_candidates_for_mountain,
63,大久保山,summit-candidate:5e94c87cc5fcc87b,8,9,0.55,low,v3_conflict_case,fallback_name_only_review,yamap_2022-03-20_07_06.gpx,大久保山・八里ヶ峠・中坂山・天神山・室岡山・潮見山,NaN,NaN,,NaN,,,,strong,true,municipality_mismatch;missing_csv_coordinate;timezone_ambiguity;multiple_mountains_for_candidate;near_tie_candidates_for_mountain,
63,大久保山,summit-candidate:c2c9094225d1da63,9,9,0.55,low,v3_conflict_case,fallback_name_only_review,yamap_2022-03-20_07_06.gpx,大久保山・八里ヶ峠・中坂山・天神山・室岡山・潮見山,NaN,NaN,,NaN,,,,strong,true,municipality_mismatch;missing_csv_coordinate;timezone_ambiguity;multiple_mountains_for_candidate;near_tie_candidates_for_mountain,
64,大月山,summit-candidate:6ba0d3c6b0fb6b96,1,1,0.65,medium,v3_conflict_case,fallback_name_municipality,yamap_2022-04-09_14_44.gpx,大月山・高縄山,NaN,NaN,,,,,,strong,true,grounding_missing;missing_csv_coordinate;timezone_ambiguity;multiple_mountains_for_candidate;near_tie_candidates_for_mountain,
64,大月山,summit-candidate:9a68e7a3a97831ff,2,1,0.65,medium,v3_conflict_case,fallback_name_municipality,yamap_2022-04-09_14_44.gpx,大月山・高縄山,NaN,NaN,,,,,,strong,true,grounding_missing;missing_csv_coordinate;timezone_ambiguity;multiple_mountains_for_candidate;near_tie_candidates_for_mountain,
65,引地山,summit-candidate:b06e13a9483478e5,1,1,0.65,medium,v3_conflict_case,fallback_name_municipality,yamap_2022-04-15_11_52.gpx,皿ヶ嶺・引地山,NaN,NaN,,NaN,,,,strong,true,missing_csv_coordinate;timezone_ambiguity;multiple_mountains_for_candidate,
65,引地山,summit-candidate:7a1f0e8b5f9e5cc2,2,1,0.55,low,v3_conflict_case,fallback_name_only_review,yamap_2022-04-15_11_52.gpx,皿ヶ嶺・引地山,NaN,NaN,,NaN,,,,strong,true,municipality_mismatch;missing_csv_coordinate;timezone_ambiguity;multiple_mountains_for_candidate,
66,東三方ヶ森,summit-candidate:77bb5774f7fa012e,1,1,0.65,medium,v3_conflict_case,fallback_name_municipality,yamap_2022-04-16_07_39.gpx,東三方ヶ森,NaN,NaN,,NaN,,,,strong,true,missing_csv_coordinate;timezone_ambiguity;near_tie_candidates_for_mountain,
66,東三方ヶ森,summit-candidate:8e8035372e25eb9d,2,1,0.65,medium,v3_conflict_case,fallback_name_municipality,yamap_2022-04-16_07_39.gpx,東三方ヶ森,NaN,NaN,,NaN,,,,strong,true,missing_csv_coordinate;timezone_ambiguity;near_tie_candidates_for_mountain,
66,東三方ヶ森,summit-candidate:d06b9d5365beffaa,3,1,0.65,medium,v3_conflict_case,fallback_name_municipality,yamap_2022-04-16_07_39.gpx,東三方ヶ森,NaN,NaN,,NaN,,,,strong,true,missing_csv_coordinate;timezone_ambiguity;near_tie_candidates_for_mountain,
66,東三方ヶ森,summit-candidate:b6f296c230c1891d,4,1,0.55,low,v3_conflict_case,fallback_name_only_review,yamap_2022-04-16_07_39.gpx,東三方ヶ森,NaN,NaN,,NaN,,,,strong,true,municipality_mismatch;missing_csv_coordinate;timezone_ambiguity;near_tie_candidates_for_mountain,
67,甲が森,summit-candidate:50d68ea03af3c4ff,1,1,0.65,medium,v3_candidate_review_required,fallback_name_municipality,yamap_2022-04-22_11_13.gpx,甲が森,NaN,NaN,,,,,,strong,true,grounding_missing;missing_csv_coordinate;timezone_ambiguity,
68,三滝山,summit-candidate:da65a16f23740e83,1,1,0.65,medium,v3_conflict_case,fallback_name_municipality,yamap_2022-04-22_12_22.gpx,三滝山,NaN,NaN,,,,,,strong,true,grounding_missing;missing_csv_coordinate;timezone_ambiguity;multiple_mountains_for_candidate,
69,雨包山,summit-candidate:6198ad7009d86ec2,1,1,0.65,medium,v3_candidate_review_required,fallback_name_municipality,yamap_2022-04-22_14_13.gpx,雨包山,NaN,NaN,,,,,,strong,true,grounding_missing;missing_csv_coordinate;timezone_ambiguity,
70,源氏ヶ駄場（薊野峰）,summit-candidate:e85b9bd32eb5e6f1,1,1,0.65,medium,v3_candidate_review_required,fallback_name_municipality,yamap_2022-04-22_16_48.gpx,源氏ヶ駄場（薊野峰）,NaN,NaN,,,,,,strong,true,grounding_missing;missing_csv_coordinate;timezone_sensitive_activity_link,
71,碁石ヶ森,summit-candidate:ee9d736a090185dd,1,1,0.65,medium,v3_candidate_review_required,fallback_name_municipality,yamap_2022-04-22_17_29.gpx,碁石ヶ森,NaN,NaN,,NaN,,,,strong,true,missing_csv_coordinate;timezone_sensitive_activity_link,
72,伊之子山,summit-candidate:15c71a530dcecd2e,1,1,0.65,medium,v3_conflict_case,fallback_name_municipality,yamap_2022-04-25_11_35.gpx,伊之子山・左谷ノ森,NaN,NaN,,NaN,,,,strong,true,missing_csv_coordinate;timezone_ambiguity;multiple_mountains_for_candidate;near_tie_candidates_for_mountain,
72,伊之子山,summit-candidate:e793f83b8a4fd86f,2,1,0.65,medium,v3_conflict_case,fallback_name_municipality,yamap_2022-04-25_11_35.gpx,伊之子山・左谷ノ森,NaN,NaN,,NaN,,,,strong,true,missing_csv_coordinate;timezone_ambiguity;multiple_mountains_for_candidate;near_tie_candidates_for_mountain,
73,御在所山,summit-candidate:17c3649ad9b147ce,1,1,0.65,medium,v3_conflict_case,fallback_name_municipality,yamap_2026-01-07_07_05.gpx,御在所山,NaN,NaN,,NaN,,,,strong,true,missing_csv_coordinate;timezone_ambiguity;multiple_mountains_for_candidate;near_tie_candidates_for_mountain,
73,御在所山,summit-candidate:61f36127d879648f,2,1,0.65,medium,v3_conflict_case,fallback_name_municipality,yamap_2022-04-27_10_31.gpx,御在所山,NaN,NaN,,NaN,,,,strong,true,missing_csv_coordinate;timezone_ambiguity;multiple_mountains_for_candidate;near_tie_candidates_for_mountain,
74,岩黒山,summit-candidate:43f9d4fa36aabb79,1,1,0.65,medium,v3_conflict_case,fallback_name_municipality,yamap_2022-04-30_08_30.gpx,岩黒山・筒上山・手箱山,NaN,NaN,,NaN,,,,strong,true,missing_csv_coordinate;timezone_ambiguity;multiple_mountains_for_candidate;near_tie_candidates_for_mountain,
74,岩黒山,summit-candidate:591204fdc01b55b6,2,1,0.65,medium,v3_conflict_case,fallback_name_municipality,yamap_2022-04-30_08_30.gpx,岩黒山・筒上山・手箱山,NaN,NaN,,NaN,,,,strong,true,missing_csv_coordinate;timezone_ambiguity;multiple_mountains_for_candidate;near_tie_candidates_for_mountain,
74,岩黒山,summit-candidate:71b10e23075edf20,3,1,0.65,medium,v3_conflict_case,fallback_name_municipality,yamap_2022-04-30_08_30.gpx,岩黒山・筒上山・手箱山,NaN,NaN,,NaN,,,,strong,true,missing_csv_coordinate;timezone_ambiguity;multiple_mountains_for_candidate;near_tie_candidates_for_mountain,
74,岩黒山,summit-candidate:d13554ef3debca9d,4,1,0.65,medium,v3_conflict_case,fallback_name_municipality,yamap_2022-04-30_08_30.gpx,岩黒山・筒上山・手箱山,NaN,NaN,,NaN,,,,strong,true,missing_csv_coordinate;timezone_ambiguity;multiple_mountains_for_candidate;near_tie_candidates_for_mountain,
75,筒上山,summit-candidate:43f9d4fa36aabb79,1,2,0.65,medium,v3_conflict_case,fallback_name_municipality,yamap_2022-04-30_08_30.gpx,岩黒山・筒上山・手箱山,NaN,NaN,,NaN,,,,strong,true,missing_csv_coordinate;timezone_ambiguity;multiple_mountains_for_candidate;near_tie_candidates_for_mountain,
75,筒上山,summit-candidate:591204fdc01b55b6,2,2,0.65,medium,v3_conflict_case,fallback_name_municipality,yamap_2022-04-30_08_30.gpx,岩黒山・筒上山・手箱山,NaN,NaN,,NaN,,,,strong,true,missing_csv_coordinate;timezone_ambiguity;multiple_mountains_for_candidate;near_tie_candidates_for_mountain,
75,筒上山,summit-candidate:71b10e23075edf20,3,2,0.65,medium,v3_conflict_case,fallback_name_municipality,yamap_2022-04-30_08_30.gpx,岩黒山・筒上山・手箱山,NaN,NaN,,NaN,,,,strong,true,missing_csv_coordinate;timezone_ambiguity;multiple_mountains_for_candidate;near_tie_candidates_for_mountain,
75,筒上山,summit-candidate:d13554ef3debca9d,4,2,0.65,medium,v3_conflict_case,fallback_name_municipality,yamap_2022-04-30_08_30.gpx,岩黒山・筒上山・手箱山,NaN,NaN,,NaN,,,,strong,true,missing_csv_coordinate;timezone_ambiguity;multiple_mountains_for_candidate;near_tie_candidates_for_mountain,
76,手箱山,summit-candidate:43f9d4fa36aabb79,1,3,0.65,medium,v3_conflict_case,fallback_name_municipality,yamap_2022-04-30_08_30.gpx,岩黒山・筒上山・手箱山,NaN,NaN,,NaN,,,,strong,true,missing_csv_coordinate;timezone_ambiguity;multiple_mountains_for_candidate;near_tie_candidates_for_mountain,
76,手箱山,summit-candidate:591204fdc01b55b6,2,3,0.65,medium,v3_conflict_case,fallback_name_municipality,yamap_2022-04-30_08_30.gpx,岩黒山・筒上山・手箱山,NaN,NaN,,NaN,,,,strong,true,missing_csv_coordinate;timezone_ambiguity;multiple_mountains_for_candidate;near_tie_candidates_for_mountain,
76,手箱山,summit-candidate:71b10e23075edf20,3,3,0.65,medium,v3_conflict_case,fallback_name_municipality,yamap_2022-04-30_08_30.gpx,岩黒山・筒上山・手箱山,NaN,NaN,,NaN,,,,strong,true,missing_csv_coordinate;timezone_ambiguity;multiple_mountains_for_candidate;near_tie_candidates_for_mountain,
76,手箱山,summit-candidate:d13554ef3debca9d,4,3,0.65,medium,v3_conflict_case,fallback_name_municipality,yamap_2022-04-30_08_30.gpx,岩黒山・筒上山・手箱山,NaN,NaN,,NaN,,,,strong,true,missing_csv_coordinate;timezone_ambiguity;multiple_mountains_for_candidate;near_tie_candidates_for_mountain,
77,大川嶺,summit-candidate:1ebd63d8e2790409,1,1,0.65,medium,v3_conflict_case,fallback_name_municipality,yamap_2022-05-02_09_06.gpx,大川嶺・笠取山・ウバホド山,NaN,NaN,,NaN,,,,strong,true,missing_csv_coordinate;timezone_ambiguity;multiple_mountains_for_candidate;near_tie_candidates_for_mountain,
77,大川嶺,summit-candidate:33637f0e3b5b1405,2,1,0.65,medium,v3_conflict_case,fallback_name_municipality,yamap_2022-05-02_09_06.gpx,大川嶺・笠取山・ウバホド山,NaN,NaN,,NaN,,,,strong,true,missing_csv_coordinate;timezone_ambiguity;multiple_mountains_for_candidate;near_tie_candidates_for_mountain,
78,笠取山,summit-candidate:1ebd63d8e2790409,1,2,0.65,medium,v3_conflict_case,fallback_name_municipality,yamap_2022-05-02_09_06.gpx,大川嶺・笠取山・ウバホド山,NaN,NaN,,NaN,,,,strong,true,missing_csv_coordinate;timezone_ambiguity;multiple_mountains_for_candidate;near_tie_candidates_for_mountain,
78,笠取山,summit-candidate:33637f0e3b5b1405,2,2,0.65,medium,v3_conflict_case,fallback_name_municipality,yamap_2022-05-02_09_06.gpx,大川嶺・笠取山・ウバホド山,NaN,NaN,,NaN,,,,strong,true,missing_csv_coordinate;timezone_ambiguity;multiple_mountains_for_candidate;near_tie_candidates_for_mountain,
79,ウバホド山,summit-candidate:1ebd63d8e2790409,1,3,0.65,medium,v3_conflict_case,fallback_name_municipality,yamap_2022-05-02_09_06.gpx,大川嶺・笠取山・ウバホド山,NaN,NaN,,NaN,,,,strong,true,missing_csv_coordinate;timezone_ambiguity;multiple_mountains_for_candidate;near_tie_candidates_for_mountain,
79,ウバホド山,summit-candidate:33637f0e3b5b1405,2,3,0.65,medium,v3_conflict_case,fallback_name_municipality,yamap_2022-05-02_09_06.gpx,大川嶺・笠取山・ウバホド山,NaN,NaN,,NaN,,,,strong,true,missing_csv_coordinate;timezone_ambiguity;multiple_mountains_for_candidate;near_tie_candidates_for_mountain,
80,うなめご,summit-candidate:e7e4429a39f6359f,1,1,0.65,medium,v3_conflict_case,fallback_name_municipality,yamap_2022-05-05_13_29.gpx,陣ヶ森・前々司山・うなめご,NaN,NaN,,NaN,,,,strong,true,missing_csv_coordinate;timezone_ambiguity;multiple_mountains_for_candidate,
80,うなめご,summit-candidate:e084389cc60ad329,2,1,0.55,low,v3_conflict_case,fallback_name_only_review,yamap_2022-05-05_13_29.gpx,陣ヶ森・前々司山・うなめご,NaN,NaN,,NaN,,,,strong,true,municipality_mismatch;missing_csv_coordinate;timezone_ambiguity;multiple_mountains_for_candidate,
80,うなめご,summit-candidate:ea6bebee79234da7,3,1,0.55,low,v3_conflict_case,fallback_name_only_review,yamap_2022-05-05_13_29.gpx,陣ヶ森・前々司山・うなめご,NaN,NaN,,NaN,,,,strong,true,municipality_mismatch;missing_csv_coordinate;timezone_ambiguity;multiple_mountains_for_candidate,
81,前々司山,summit-candidate:e7e4429a39f6359f,1,2,0.65,medium,v3_conflict_case,fallback_name_municipality,yamap_2022-05-05_13_29.gpx,陣ヶ森・前々司山・うなめご,NaN,NaN,,NaN,,,,strong,true,missing_csv_coordinate;timezone_ambiguity;multiple_mountains_for_candidate,
81,前々司山,summit-candidate:e084389cc60ad329,2,2,0.55,low,v3_conflict_case,fallback_name_only_review,yamap_2022-05-05_13_29.gpx,陣ヶ森・前々司山・うなめご,NaN,NaN,,NaN,,,,strong,true,municipality_mismatch;missing_csv_coordinate;timezone_ambiguity;multiple_mountains_for_candidate,
81,前々司山,summit-candidate:ea6bebee79234da7,3,2,0.55,low,v3_conflict_case,fallback_name_only_review,yamap_2022-05-05_13_29.gpx,陣ヶ森・前々司山・うなめご,NaN,NaN,,NaN,,,,strong,true,municipality_mismatch;missing_csv_coordinate;timezone_ambiguity;multiple_mountains_for_candidate,
82,陣ヶ森,summit-candidate:e7e4429a39f6359f,1,3,0.65,medium,v3_conflict_case,fallback_name_municipality,yamap_2022-05-05_13_29.gpx,陣ヶ森・前々司山・うなめご,NaN,NaN,,NaN,,,,strong,true,missing_csv_coordinate;timezone_ambiguity;multiple_mountains_for_candidate,
82,陣ヶ森,summit-candidate:e084389cc60ad329,2,3,0.55,low,v3_conflict_case,fallback_name_only_review,yamap_2022-05-05_13_29.gpx,陣ヶ森・前々司山・うなめご,NaN,NaN,,NaN,,,,strong,true,municipality_mismatch;missing_csv_coordinate;timezone_ambiguity;multiple_mountains_for_candidate,
82,陣ヶ森,summit-candidate:ea6bebee79234da7,3,3,0.55,low,v3_conflict_case,fallback_name_only_review,yamap_2022-05-05_13_29.gpx,陣ヶ森・前々司山・うなめご,NaN,NaN,,NaN,,,,strong,true,municipality_mismatch;missing_csv_coordinate;timezone_ambiguity;multiple_mountains_for_candidate,
83,寒川山,summit-candidate:2f7dbee4c5bde53e,1,1,0.65,medium,v3_conflict_case,fallback_name_municipality,yamap_2022-05-07_07_14.gpx,寒川山・鋸山・七々木山・豊受山・赤星山,NaN,NaN,,NaN,,,,strong,true,missing_csv_coordinate;timezone_ambiguity;multiple_mountains_for_candidate;near_tie_candidates_for_mountain,
83,寒川山,summit-candidate:db51ae1b2be57eea,2,1,0.65,medium,v3_conflict_case,fallback_name_municipality,yamap_2022-05-07_07_14.gpx,寒川山・鋸山・七々木山・豊受山・赤星山,NaN,NaN,,NaN,,,,strong,true,missing_csv_coordinate;timezone_ambiguity;multiple_mountains_for_candidate;near_tie_candidates_for_mountain,
83,寒川山,summit-candidate:eaabf45a5163fb65,3,1,0.65,medium,v3_conflict_case,fallback_name_municipality,yamap_2022-05-07_07_14.gpx,寒川山・鋸山・七々木山・豊受山・赤星山,NaN,NaN,,NaN,,,,strong,true,missing_csv_coordinate;timezone_ambiguity;multiple_mountains_for_candidate;near_tie_candidates_for_mountain,
84,豊受山,summit-candidate:2f7dbee4c5bde53e,1,2,0.65,medium,v3_conflict_case,fallback_name_municipality,yamap_2022-05-07_07_14.gpx,寒川山・鋸山・七々木山・豊受山・赤星山,NaN,NaN,,NaN,,,,strong,true,missing_csv_coordinate;timezone_ambiguity;multiple_mountains_for_candidate;near_tie_candidates_for_mountain,
84,豊受山,summit-candidate:db51ae1b2be57eea,2,2,0.65,medium,v3_conflict_case,fallback_name_municipality,yamap_2022-05-07_07_14.gpx,寒川山・鋸山・七々木山・豊受山・赤星山,NaN,NaN,,NaN,,,,strong,true,missing_csv_coordinate;timezone_ambiguity;multiple_mountains_for_candidate;near_tie_candidates_for_mountain,
84,豊受山,summit-candidate:eaabf45a5163fb65,3,2,0.65,medium,v3_conflict_case,fallback_name_municipality,yamap_2022-05-07_07_14.gpx,寒川山・鋸山・七々木山・豊受山・赤星山,NaN,NaN,,NaN,,,,strong,true,missing_csv_coordinate;timezone_ambiguity;multiple_mountains_for_candidate;near_tie_candidates_for_mountain,
85,赤星山,summit-candidate:2f7dbee4c5bde53e,1,3,0.65,medium,v3_conflict_case,fallback_name_municipality,yamap_2022-05-07_07_14.gpx,寒川山・鋸山・七々木山・豊受山・赤星山,NaN,NaN,,,,,,strong,true,grounding_missing;missing_csv_coordinate;timezone_ambiguity;multiple_mountains_for_candidate;near_tie_candidates_for_mountain,
85,赤星山,summit-candidate:db51ae1b2be57eea,2,3,0.65,medium,v3_conflict_case,fallback_name_municipality,yamap_2022-05-07_07_14.gpx,寒川山・鋸山・七々木山・豊受山・赤星山,NaN,NaN,,,,,,strong,true,grounding_missing;missing_csv_coordinate;timezone_ambiguity;multiple_mountains_for_candidate;near_tie_candidates_for_mountain,
85,赤星山,summit-candidate:eaabf45a5163fb65,3,3,0.65,medium,v3_conflict_case,fallback_name_municipality,yamap_2022-05-07_07_14.gpx,寒川山・鋸山・七々木山・豊受山・赤星山,NaN,NaN,,,,,,strong,true,grounding_missing;missing_csv_coordinate;timezone_ambiguity;multiple_mountains_for_candidate;near_tie_candidates_for_mountain,
86,七々木山,summit-candidate:2f7dbee4c5bde53e,1,4,0.65,medium,v3_conflict_case,fallback_name_municipality,yamap_2022-05-07_07_14.gpx,寒川山・鋸山・七々木山・豊受山・赤星山,NaN,NaN,,NaN,,,,strong,true,missing_csv_coordinate;timezone_ambiguity;multiple_mountains_for_candidate;near_tie_candidates_for_mountain,
86,七々木山,summit-candidate:db51ae1b2be57eea,2,4,0.65,medium,v3_conflict_case,fallback_name_municipality,yamap_2022-05-07_07_14.gpx,寒川山・鋸山・七々木山・豊受山・赤星山,NaN,NaN,,NaN,,,,strong,true,missing_csv_coordinate;timezone_ambiguity;multiple_mountains_for_candidate;near_tie_candidates_for_mountain,
86,七々木山,summit-candidate:eaabf45a5163fb65,3,4,0.65,medium,v3_conflict_case,fallback_name_municipality,yamap_2022-05-07_07_14.gpx,寒川山・鋸山・七々木山・豊受山・赤星山,NaN,NaN,,NaN,,,,strong,true,missing_csv_coordinate;timezone_ambiguity;multiple_mountains_for_candidate;near_tie_candidates_for_mountain,
87,鋸山,summit-candidate:2f7dbee4c5bde53e,1,5,0.65,medium,v3_conflict_case,fallback_name_municipality,yamap_2022-05-07_07_14.gpx,寒川山・鋸山・七々木山・豊受山・赤星山,NaN,NaN,,NaN,,,,strong,true,missing_csv_coordinate;timezone_ambiguity;multiple_mountains_for_candidate;near_tie_candidates_for_mountain,
87,鋸山,summit-candidate:db51ae1b2be57eea,2,5,0.65,medium,v3_conflict_case,fallback_name_municipality,yamap_2022-05-07_07_14.gpx,寒川山・鋸山・七々木山・豊受山・赤星山,NaN,NaN,,NaN,,,,strong,true,missing_csv_coordinate;timezone_ambiguity;multiple_mountains_for_candidate;near_tie_candidates_for_mountain,
87,鋸山,summit-candidate:eaabf45a5163fb65,3,5,0.65,medium,v3_conflict_case,fallback_name_municipality,yamap_2022-05-07_07_14.gpx,寒川山・鋸山・七々木山・豊受山・赤星山,NaN,NaN,,NaN,,,,strong,true,missing_csv_coordinate;timezone_ambiguity;multiple_mountains_for_candidate;near_tie_candidates_for_mountain,
90,割石東山,summit-candidate:124ae25a51aa9a64,1,1,0.65,medium,v3_conflict_case,fallback_name_municipality,yamap_2022-05-15_06_10.gpx,割石東山・青滝山・堂ヶ森,NaN,NaN,,,,,,strong,true,grounding_missing;missing_csv_coordinate;timezone_ambiguity;multiple_mountains_for_candidate;near_tie_candidates_for_mountain,
90,割石東山,summit-candidate:242762a3c600ff91,2,1,0.65,medium,v3_conflict_case,fallback_name_municipality,yamap_2022-05-15_06_10.gpx,割石東山・青滝山・堂ヶ森,NaN,NaN,,,,,,strong,true,grounding_missing;missing_csv_coordinate;timezone_ambiguity;multiple_mountains_for_candidate;near_tie_candidates_for_mountain,
90,割石東山,summit-candidate:2b97141dc260a078,3,1,0.65,medium,v3_conflict_case,fallback_name_municipality,yamap_2022-05-15_06_10.gpx,割石東山・青滝山・堂ヶ森,NaN,NaN,,,,,,strong,true,grounding_missing;missing_csv_coordinate;timezone_ambiguity;multiple_mountains_for_candidate;near_tie_candidates_for_mountain,
90,割石東山,summit-candidate:4b33f9c73e644793,4,1,0.65,medium,v3_conflict_case,fallback_name_municipality,yamap_2022-05-15_06_10.gpx,割石東山・青滝山・堂ヶ森,NaN,NaN,,,,,,strong,true,grounding_missing;missing_csv_coordinate;timezone_ambiguity;multiple_mountains_for_candidate;near_tie_candidates_for_mountain,
90,割石東山,summit-candidate:57e8c6cb102c9500,5,1,0.65,medium,v3_conflict_case,fallback_name_municipality,yamap_2022-05-15_06_10.gpx,割石東山・青滝山・堂ヶ森,NaN,NaN,,,,,,strong,true,grounding_missing;missing_csv_coordinate;timezone_ambiguity;multiple_mountains_for_candidate;near_tie_candidates_for_mountain,
90,割石東山,summit-candidate:bb644412fd9a132c,6,1,0.65,medium,v3_conflict_case,fallback_name_municipality,yamap_2022-05-15_06_10.gpx,割石東山・青滝山・堂ヶ森,NaN,NaN,,,,,,strong,true,grounding_missing;missing_csv_coordinate;timezone_ambiguity;multiple_mountains_for_candidate;near_tie_candidates_for_mountain,
91,青滝山,summit-candidate:124ae25a51aa9a64,1,2,0.65,medium,v3_conflict_case,fallback_name_municipality,yamap_2022-05-15_06_10.gpx,割石東山・青滝山・堂ヶ森,NaN,NaN,,NaN,,,,strong,true,missing_csv_coordinate;timezone_ambiguity;multiple_mountains_for_candidate;near_tie_candidates_for_mountain,
91,青滝山,summit-candidate:242762a3c600ff91,2,2,0.65,medium,v3_conflict_case,fallback_name_municipality,yamap_2022-05-15_06_10.gpx,割石東山・青滝山・堂ヶ森,NaN,NaN,,NaN,,,,strong,true,missing_csv_coordinate;timezone_ambiguity;multiple_mountains_for_candidate;near_tie_candidates_for_mountain,
91,青滝山,summit-candidate:2b97141dc260a078,3,2,0.65,medium,v3_conflict_case,fallback_name_municipality,yamap_2022-05-15_06_10.gpx,割石東山・青滝山・堂ヶ森,NaN,NaN,,NaN,,,,strong,true,missing_csv_coordinate;timezone_ambiguity;multiple_mountains_for_candidate;near_tie_candidates_for_mountain,
91,青滝山,summit-candidate:4b33f9c73e644793,4,2,0.65,medium,v3_conflict_case,fallback_name_municipality,yamap_2022-05-15_06_10.gpx,割石東山・青滝山・堂ヶ森,NaN,NaN,,NaN,,,,strong,true,missing_csv_coordinate;timezone_ambiguity;multiple_mountains_for_candidate;near_tie_candidates_for_mountain,
91,青滝山,summit-candidate:57e8c6cb102c9500,5,2,0.65,medium,v3_conflict_case,fallback_name_municipality,yamap_2022-05-15_06_10.gpx,割石東山・青滝山・堂ヶ森,NaN,NaN,,NaN,,,,strong,true,missing_csv_coordinate;timezone_ambiguity;multiple_mountains_for_candidate;near_tie_candidates_for_mountain,
91,青滝山,summit-candidate:bb644412fd9a132c,6,2,0.65,medium,v3_conflict_case,fallback_name_municipality,yamap_2022-05-15_06_10.gpx,割石東山・青滝山・堂ヶ森,NaN,NaN,,NaN,,,,strong,true,missing_csv_coordinate;timezone_ambiguity;multiple_mountains_for_candidate;near_tie_candidates_for_mountain,
92,堂ヶ森,summit-candidate:124ae25a51aa9a64,1,3,0.65,medium,v3_conflict_case,fallback_name_municipality,yamap_2022-05-15_06_10.gpx,割石東山・青滝山・堂ヶ森,NaN,NaN,,,,,,strong,true,grounding_missing;missing_csv_coordinate;timezone_ambiguity;multiple_mountains_for_candidate;near_tie_candidates_for_mountain,
92,堂ヶ森,summit-candidate:242762a3c600ff91,2,3,0.65,medium,v3_conflict_case,fallback_name_municipality,yamap_2022-05-15_06_10.gpx,割石東山・青滝山・堂ヶ森,NaN,NaN,,,,,,strong,true,grounding_missing;missing_csv_coordinate;timezone_ambiguity;multiple_mountains_for_candidate;near_tie_candidates_for_mountain,
92,堂ヶ森,summit-candidate:2b97141dc260a078,3,3,0.65,medium,v3_conflict_case,fallback_name_municipality,yamap_2022-05-15_06_10.gpx,割石東山・青滝山・堂ヶ森,NaN,NaN,,,,,,strong,true,grounding_missing;missing_csv_coordinate;timezone_ambiguity;multiple_mountains_for_candidate;near_tie_candidates_for_mountain,
92,堂ヶ森,summit-candidate:4b33f9c73e644793,4,3,0.65,medium,v3_conflict_case,fallback_name_municipality,yamap_2022-05-15_06_10.gpx,割石東山・青滝山・堂ヶ森,NaN,NaN,,,,,,strong,true,grounding_missing;missing_csv_coordinate;timezone_ambiguity;multiple_mountains_for_candidate;near_tie_candidates_for_mountain,
92,堂ヶ森,summit-candidate:57e8c6cb102c9500,5,3,0.65,medium,v3_conflict_case,fallback_name_municipality,yamap_2022-05-15_06_10.gpx,割石東山・青滝山・堂ヶ森,NaN,NaN,,,,,,strong,true,grounding_missing;missing_csv_coordinate;timezone_ambiguity;multiple_mountains_for_candidate;near_tie_candidates_for_mountain,
92,堂ヶ森,summit-candidate:bb644412fd9a132c,6,3,0.65,medium,v3_conflict_case,fallback_name_municipality,yamap_2022-05-15_06_10.gpx,割石東山・青滝山・堂ヶ森,NaN,NaN,,,,,,strong,true,grounding_missing;missing_csv_coordinate;timezone_ambiguity;multiple_mountains_for_candidate;near_tie_candidates_for_mountain,
93,南尖峰,summit-candidate:3b98b67bbe0fe0f9,1,1,0.65,medium,v3_conflict_case,fallback_name_municipality,yamap_2022-05-22_08_09.gpx,石鎚山・天狗岳・南尖峰,NaN,NaN,,NaN,,,,strong,true,missing_csv_coordinate;timezone_ambiguity;multiple_mountains_for_candidate,
94,自念子ノ頭,summit-candidate:6b5100f449c22108,1,1,0.65,medium,v3_candidate_review_required,fallback_name_municipality,yamap_2022-05-25_09_48.gpx,自念子ノ頭,NaN,NaN,,,,,,strong,true,grounding_missing;missing_csv_coordinate;timezone_ambiguity,
95,勝山,summit-candidate:2b833dfb6f3f84c1,1,1,0.65,medium,v3_conflict_case,fallback_name_municipality,yamap_2025-01-11_11_51.gpx,勝山,NaN,NaN,,,,,,strong,true,grounding_missing;missing_csv_coordinate;timezone_ambiguity;multiple_mountains_for_candidate;near_tie_candidates_for_mountain,
95,勝山,summit-candidate:91cacd7deced8470,2,1,0.65,medium,v3_conflict_case,fallback_name_municipality,yamap_2022-06-04_14_13.gpx,勝山,NaN,NaN,,,,,,strong,true,grounding_missing;missing_csv_coordinate;timezone_ambiguity;multiple_mountains_for_candidate;near_tie_candidates_for_mountain,
96,姫草,summit-candidate:dc456a72b89d4d52,1,1,0.65,medium,v3_candidate_review_required,fallback_name_municipality,yamap_2022-06-16_16_00.gpx,姫草,NaN,NaN,,NaN,,,,strong,true,missing_csv_coordinate;timezone_sensitive_activity_link,
97,牛城,summit-candidate:ba78489e4d448645,1,1,0.65,medium,v3_conflict_case,fallback_name_municipality,yamap_2025-08-15_10_51.gpx,小牛城,NaN,NaN,,NaN,,,,strong,true,missing_csv_coordinate;timezone_ambiguity;multiple_mountains_for_candidate;near_tie_candidates_for_mountain,
97,牛城,summit-candidate:c7ff156edb321d12,2,1,0.65,medium,v3_conflict_case,fallback_name_municipality,yamap_2022-06-16_16_25.gpx,牛城,NaN,NaN,,NaN,,,,strong,true,missing_csv_coordinate;timezone_sensitive_activity_link;near_tie_candidates_for_mountain,
98,積善山,summit-candidate:76a5e492c9dcf980,1,1,0.65,medium,v3_candidate_review_required,fallback_name_municipality,yamap_2022-06-18_11_15.gpx,積善山,NaN,NaN,,,,,,strong,true,grounding_missing;missing_csv_coordinate;timezone_ambiguity,
99,鉢巻山,summit-candidate:c4169cdcaf61f31a,1,1,0.65,medium,v3_candidate_review_required,fallback_name_municipality,yamap_2022-06-18_13_12.gpx,鉢巻山,NaN,NaN,,NaN,,,,strong,true,missing_csv_coordinate;timezone_ambiguity,
100,立石山,summit-candidate:50aa5073a99759cf,1,1,0.65,medium,v3_candidate_review_required,fallback_name_municipality,yamap_2022-06-18_14_26.gpx,立石山,NaN,NaN,,NaN,,,,strong,true,missing_csv_coordinate;timezone_ambiguity,
101,鷲ヶ頭山,summit-candidate:159deb385560c198,1,1,0.65,medium,v3_conflict_case,fallback_name_municipality,yamap_2022-06-20_12_02.gpx,安神山・鷲ヶ頭山,NaN,NaN,,NaN,,,,strong,true,missing_csv_coordinate;timezone_ambiguity;multiple_mountains_for_candidate;near_tie_candidates_for_mountain,
101,鷲ヶ頭山,summit-candidate:a92a94d8b5e0fb90,2,1,0.65,medium,v3_conflict_case,fallback_name_municipality,yamap_2022-06-20_12_02.gpx,安神山・鷲ヶ頭山,NaN,NaN,,NaN,,,,strong,true,missing_csv_coordinate;timezone_ambiguity;multiple_mountains_for_candidate;near_tie_candidates_for_mountain,
102,安神山,summit-candidate:159deb385560c198,1,2,0.65,medium,v3_conflict_case,fallback_name_municipality,yamap_2022-06-20_12_02.gpx,安神山・鷲ヶ頭山,NaN,NaN,,NaN,,,,strong,true,missing_csv_coordinate;timezone_ambiguity;multiple_mountains_for_candidate;near_tie_candidates_for_mountain,
102,安神山,summit-candidate:a92a94d8b5e0fb90,2,2,0.65,medium,v3_conflict_case,fallback_name_municipality,yamap_2022-06-20_12_02.gpx,安神山・鷲ヶ頭山,NaN,NaN,,NaN,,,,strong,true,missing_csv_coordinate;timezone_ambiguity;multiple_mountains_for_candidate;near_tie_candidates_for_mountain,
103,篠山,summit-candidate:c8a7a1f1d1dad353,1,1,0.65,medium,v3_conflict_case,fallback_name_municipality,yamap_2022-06-23_13_59.gpx,篠山,NaN,NaN,,NaN,,,,strong,true,missing_csv_coordinate;timezone_ambiguity,
103,篠山,summit-candidate:2c1cbc474e49f1ec,2,4,0.55,low,v3_conflict_case,fallback_name_only_review,yamap_2025-01-24_13_34.gpx,御篠山・松葉山（松葉城址）・烏殿,NaN,NaN,,NaN,,,,strong,true,municipality_mismatch;missing_csv_coordinate;timezone_ambiguity;multiple_mountains_for_candidate,
103,篠山,summit-candidate:7a59a4750a70552c,3,4,0.55,low,v3_conflict_case,fallback_name_only_review,yamap_2025-01-24_13_34.gpx,御篠山・松葉山（松葉城址）・烏殿,NaN,NaN,,NaN,,,,strong,true,municipality_mismatch;missing_csv_coordinate;timezone_ambiguity;multiple_mountains_for_candidate,
103,篠山,summit-candidate:d71483d289d0c575,4,4,0.55,low,v3_conflict_case,fallback_name_only_review,yamap_2025-01-24_13_34.gpx,御篠山・松葉山（松葉城址）・烏殿,NaN,NaN,,NaN,,,,strong,true,municipality_mismatch;missing_csv_coordinate;timezone_ambiguity;multiple_mountains_for_candidate,
104,横山(横山城址),summit-candidate:43911aa413390192,1,1,0.65,medium,v3_candidate_review_required,fallback_name_municipality,yamap_2022-06-29_08_48.gpx,横山(横山城址),NaN,NaN,,,,,,strong,true,grounding_missing;missing_csv_coordinate;timezone_ambiguity,
105,鞍瀬ノ頭,summit-candidate:846b096132c533d6,1,1,0.65,medium,v3_conflict_case,fallback_name_municipality,yamap_2022-07-02_07_43.gpx,石鎚山・西ノ冠岳・面河の頭・二ノ森・鞍瀬ノ頭,NaN,NaN,,NaN,,,,strong,true,missing_csv_coordinate;timezone_ambiguity;multiple_mountains_for_candidate;near_tie_candidates_for_mountain,
105,鞍瀬ノ頭,summit-candidate:bca203164e26ce6a,2,1,0.65,medium,v3_conflict_case,fallback_name_municipality,yamap_2022-07-02_07_43.gpx,石鎚山・西ノ冠岳・面河の頭・二ノ森・鞍瀬ノ頭,NaN,NaN,,NaN,,,,strong,true,missing_csv_coordinate;timezone_ambiguity;multiple_mountains_for_candidate;near_tie_candidates_for_mountain,
105,鞍瀬ノ頭,summit-candidate:fe43b0b6aa90cb8f,3,1,0.55,low,v3_conflict_case,fallback_name_only_review,yamap_2022-07-02_07_43.gpx,石鎚山・西ノ冠岳・面河の頭・二ノ森・鞍瀬ノ頭,NaN,NaN,,NaN,,,,strong,true,municipality_mismatch;missing_csv_coordinate;timezone_ambiguity;multiple_mountains_for_candidate;near_tie_candidates_for_mountain,
106,二ノ森,summit-candidate:846b096132c533d6,1,2,0.65,medium,v3_conflict_case,fallback_name_municipality,yamap_2022-07-02_07_43.gpx,石鎚山・西ノ冠岳・面河の頭・二ノ森・鞍瀬ノ頭,NaN,NaN,,NaN,,,,strong,true,missing_csv_coordinate;timezone_ambiguity;multiple_mountains_for_candidate;near_tie_candidates_for_mountain,
106,二ノ森,summit-candidate:bca203164e26ce6a,2,2,0.65,medium,v3_conflict_case,fallback_name_municipality,yamap_2022-07-02_07_43.gpx,石鎚山・西ノ冠岳・面河の頭・二ノ森・鞍瀬ノ頭,NaN,NaN,,NaN,,,,strong,true,missing_csv_coordinate;timezone_ambiguity;multiple_mountains_for_candidate;near_tie_candidates_for_mountain,
106,二ノ森,summit-candidate:fe43b0b6aa90cb8f,3,2,0.55,low,v3_conflict_case,fallback_name_only_review,yamap_2022-07-02_07_43.gpx,石鎚山・西ノ冠岳・面河の頭・二ノ森・鞍瀬ノ頭,NaN,NaN,,NaN,,,,strong,true,municipality_mismatch;missing_csv_coordinate;timezone_ambiguity;multiple_mountains_for_candidate;near_tie_candidates_for_mountain,
107,面河の頭,summit-candidate:846b096132c533d6,1,3,0.65,medium,v3_conflict_case,fallback_name_municipality,yamap_2022-07-02_07_43.gpx,石鎚山・西ノ冠岳・面河の頭・二ノ森・鞍瀬ノ頭,NaN,NaN,,NaN,,,,strong,true,missing_csv_coordinate;timezone_ambiguity;multiple_mountains_for_candidate;near_tie_candidates_for_mountain,
107,面河の頭,summit-candidate:bca203164e26ce6a,2,3,0.65,medium,v3_conflict_case,fallback_name_municipality,yamap_2022-07-02_07_43.gpx,石鎚山・西ノ冠岳・面河の頭・二ノ森・鞍瀬ノ頭,NaN,NaN,,NaN,,,,strong,true,missing_csv_coordinate;timezone_ambiguity;multiple_mountains_for_candidate;near_tie_candidates_for_mountain,
107,面河の頭,summit-candidate:fe43b0b6aa90cb8f,3,3,0.55,low,v3_conflict_case,fallback_name_only_review,yamap_2022-07-02_07_43.gpx,石鎚山・西ノ冠岳・面河の頭・二ノ森・鞍瀬ノ頭,NaN,NaN,,NaN,,,,strong,true,municipality_mismatch;missing_csv_coordinate;timezone_ambiguity;multiple_mountains_for_candidate;near_tie_candidates_for_mountain,
108,西ノ冠岳,summit-candidate:846b096132c533d6,1,4,0.65,medium,v3_conflict_case,fallback_name_municipality,yamap_2022-07-02_07_43.gpx,石鎚山・西ノ冠岳・面河の頭・二ノ森・鞍瀬ノ頭,NaN,NaN,,NaN,,,,strong,true,missing_csv_coordinate;timezone_ambiguity;multiple_mountains_for_candidate;near_tie_candidates_for_mountain,
108,西ノ冠岳,summit-candidate:bca203164e26ce6a,2,4,0.65,medium,v3_conflict_case,fallback_name_municipality,yamap_2022-07-02_07_43.gpx,石鎚山・西ノ冠岳・面河の頭・二ノ森・鞍瀬ノ頭,NaN,NaN,,NaN,,,,strong,true,missing_csv_coordinate;timezone_ambiguity;multiple_mountains_for_candidate;near_tie_candidates_for_mountain,
108,西ノ冠岳,summit-candidate:fe43b0b6aa90cb8f,3,4,0.55,low,v3_conflict_case,fallback_name_only_review,yamap_2022-07-02_07_43.gpx,石鎚山・西ノ冠岳・面河の頭・二ノ森・鞍瀬ノ頭,NaN,NaN,,NaN,,,,strong,true,municipality_mismatch;missing_csv_coordinate;timezone_ambiguity;multiple_mountains_for_candidate;near_tie_candidates_for_mountain,
109,西黒森,summit-candidate:ccaadb71f8ae2bd1,1,1,0.65,medium,v3_conflict_case,fallback_name_municipality,yamap_2022-07-10_07_25.gpx,男山・瓶ヶ森・西黒森,NaN,NaN,,NaN,,,,strong,true,missing_csv_coordinate;timezone_ambiguity;multiple_mountains_for_candidate;near_tie_candidates_for_mountain,
109,西黒森,summit-candidate:db28fcca36deb720,2,1,0.65,medium,v3_conflict_case,fallback_name_municipality,yamap_2022-07-10_07_25.gpx,男山・瓶ヶ森・西黒森,NaN,NaN,,NaN,,,,strong,true,missing_csv_coordinate;timezone_ambiguity;multiple_mountains_for_candidate;near_tie_candidates_for_mountain,
109,西黒森,summit-candidate:f09a1f754bcb761e,3,1,0.65,medium,v3_conflict_case,fallback_name_municipality,yamap_2022-07-10_07_25.gpx,男山・瓶ヶ森・西黒森,NaN,NaN,,NaN,,,,strong,true,missing_csv_coordinate;timezone_ambiguity;multiple_mountains_for_candidate;near_tie_candidates_for_mountain,
110,小富士,summit-candidate:75832271d4e4d0ba,1,1,0.65,medium,v3_candidate_review_required,fallback_name_municipality,yamap_2022-07-14_09_57.gpx,小富士,NaN,NaN,,NaN,,,,strong,true,missing_csv_coordinate;timezone_ambiguity,
112,子持山,summit-candidate:93b30125fa1dcd57,1,1,0.65,medium,v3_candidate_review_required,fallback_name_municipality,yamap_2022-07-21_10_02.gpx,子持山（頂上にたどり着けず）,NaN,NaN,,,,,,strong,true,grounding_missing;missing_csv_coordinate;timezone_ambiguity,
113,大峰ヶ台,summit-candidate:8de328f982753d58,1,1,0.65,medium,v3_conflict_case,fallback_name_municipality,yamap_2022-08-21_15_44.gpx,大峰ヶ台,NaN,NaN,,,,,,strong,true,grounding_missing;missing_csv_coordinate;timezone_sensitive_activity_link;multiple_mountains_for_candidate,
114,世田山,summit-candidate:8f25ad4ff380df77,1,1,0.65,medium,v3_conflict_case,fallback_name_municipality,yamap_2026-03-06_09_00.gpx,世田山・笠松山東峰・笠松山,NaN,NaN,,NaN,,,,strong,true,missing_csv_coordinate;timezone_ambiguity;multiple_mountains_for_candidate;near_tie_candidates_for_mountain,
114,世田山,summit-candidate:9d5a3bd31bedfeda,2,1,0.65,medium,v3_conflict_case,fallback_name_municipality,yamap_2022-08-26_08_45.gpx,世田山・笠松山,NaN,NaN,,NaN,,,,strong,true,missing_csv_coordinate;timezone_ambiguity;multiple_mountains_for_candidate;near_tie_candidates_for_mountain,
114,世田山,summit-candidate:d0f2d4ee46a862c3,3,1,0.65,medium,v3_conflict_case,fallback_name_municipality,yamap_2022-08-26_08_45.gpx,世田山・笠松山,NaN,NaN,,NaN,,,,strong,true,missing_csv_coordinate;timezone_ambiguity;multiple_mountains_for_candidate;near_tie_candidates_for_mountain,
115,笠松山,summit-candidate:8f25ad4ff380df77,1,2,0.65,medium,v3_conflict_case,fallback_name_municipality,yamap_2026-03-06_09_00.gpx,世田山・笠松山東峰・笠松山,NaN,NaN,,NaN,,,,strong,true,missing_csv_coordinate;timezone_ambiguity;multiple_mountains_for_candidate;near_tie_candidates_for_mountain,
115,笠松山,summit-candidate:9d5a3bd31bedfeda,2,2,0.65,medium,v3_conflict_case,fallback_name_municipality,yamap_2022-08-26_08_45.gpx,世田山・笠松山,NaN,NaN,,NaN,,,,strong,true,missing_csv_coordinate;timezone_ambiguity;multiple_mountains_for_candidate;near_tie_candidates_for_mountain,
115,笠松山,summit-candidate:d0f2d4ee46a862c3,3,2,0.65,medium,v3_conflict_case,fallback_name_municipality,yamap_2022-08-26_08_45.gpx,世田山・笠松山,NaN,NaN,,NaN,,,,strong,true,missing_csv_coordinate;timezone_ambiguity;multiple_mountains_for_candidate;near_tie_candidates_for_mountain,
116,北三方ヶ森,summit-candidate:3111fcf6a23addd2,1,1,0.65,medium,v3_conflict_case,fallback_name_municipality,yamap_2022-08-27_06_05.gpx,北三方ヶ森,NaN,NaN,,NaN,,,,strong,true,missing_csv_coordinate;timezone_ambiguity;near_tie_candidates_for_mountain,
116,北三方ヶ森,summit-candidate:80368eea9aabeb96,2,1,0.65,medium,v3_conflict_case,fallback_name_municipality,yamap_2022-08-27_06_05.gpx,北三方ヶ森,NaN,NaN,,NaN,,,,strong,true,missing_csv_coordinate;timezone_ambiguity;near_tie_candidates_for_mountain,
117,大友山,summit-candidate:2b56d4ad77a0c4b7,1,1,0.65,medium,v3_conflict_case,fallback_name_municipality,yamap_2022-09-04_12_08.gpx,大友山,NaN,NaN,,NaN,,,,strong,true,missing_csv_coordinate;timezone_ambiguity;near_tie_candidates_for_mountain,
117,大友山,summit-candidate:9b4175d2d4104530,2,1,0.65,medium,v3_conflict_case,fallback_name_municipality,yamap_2022-09-04_12_08.gpx,大友山,NaN,NaN,,NaN,,,,strong,true,missing_csv_coordinate;timezone_ambiguity;near_tie_candidates_for_mountain,
119,寒風山,summit-candidate:23eea13de5db5c9f,1,1,0.65,medium,v3_conflict_case,fallback_name_municipality,yamap_2022-09-09_06_58.gpx,寒風山・笹ヶ峰・ちち山,NaN,NaN,,NaN,,,,strong,true,missing_csv_coordinate;timezone_ambiguity;multiple_mountains_for_candidate;near_tie_candidates_for_mountain,
119,寒風山,summit-candidate:395bb631522975b6,2,1,0.65,medium,v3_conflict_case,fallback_name_municipality,yamap_2022-09-09_06_58.gpx,寒風山・笹ヶ峰・ちち山,NaN,NaN,,NaN,,,,strong,true,missing_csv_coordinate;timezone_ambiguity;multiple_mountains_for_candidate;near_tie_candidates_for_mountain,
119,寒風山,summit-candidate:9a59c4b620ba3792,3,1,0.65,medium,v3_conflict_case,fallback_name_municipality,yamap_2022-09-09_06_58.gpx,寒風山・笹ヶ峰・ちち山,NaN,NaN,,NaN,,,,strong,true,missing_csv_coordinate;timezone_ambiguity;multiple_mountains_for_candidate;near_tie_candidates_for_mountain,
119,寒風山,summit-candidate:7213c478833fd90f,4,1,0.55,low,v3_conflict_case,fallback_name_only_review,yamap_2022-09-09_06_58.gpx,寒風山・笹ヶ峰・ちち山,NaN,NaN,,NaN,,,,strong,true,municipality_mismatch;missing_csv_coordinate;timezone_ambiguity;multiple_mountains_for_candidate;near_tie_candidates_for_mountain,
120,ちち山,summit-candidate:23eea13de5db5c9f,1,2,0.65,medium,v3_conflict_case,fallback_name_municipality,yamap_2022-09-09_06_58.gpx,寒風山・笹ヶ峰・ちち山,NaN,NaN,,NaN,,,,strong,true,missing_csv_coordinate;timezone_ambiguity;multiple_mountains_for_candidate;near_tie_candidates_for_mountain,
120,ちち山,summit-candidate:395bb631522975b6,2,2,0.65,medium,v3_conflict_case,fallback_name_municipality,yamap_2022-09-09_06_58.gpx,寒風山・笹ヶ峰・ちち山,NaN,NaN,,NaN,,,,strong,true,missing_csv_coordinate;timezone_ambiguity;multiple_mountains_for_candidate;near_tie_candidates_for_mountain,
120,ちち山,summit-candidate:453327d51d16e202,3,1,0.65,medium,v3_conflict_case,fallback_name_municipality,yamap_2026-05-06_07_28.gpx,丸山・ちち山・笹ヶ峰,NaN,NaN,,NaN,,,,strong,true,missing_csv_coordinate;timezone_ambiguity;multiple_mountains_for_candidate;near_tie_candidates_for_mountain,
120,ちち山,summit-candidate:9a59c4b620ba3792,4,2,0.65,medium,v3_conflict_case,fallback_name_municipality,yamap_2022-09-09_06_58.gpx,寒風山・笹ヶ峰・ちち山,NaN,NaN,,NaN,,,,strong,true,missing_csv_coordinate;timezone_ambiguity;multiple_mountains_for_candidate;near_tie_candidates_for_mountain,
120,ちち山,summit-candidate:b87c90ebd1eb0d06,5,1,0.65,medium,v3_conflict_case,fallback_name_municipality,yamap_2026-05-06_07_28.gpx,丸山・ちち山・笹ヶ峰,NaN,NaN,,NaN,,,,strong,true,missing_csv_coordinate;timezone_ambiguity;multiple_mountains_for_candidate;near_tie_candidates_for_mountain,
120,ちち山,summit-candidate:7213c478833fd90f,6,2,0.55,low,v3_conflict_case,fallback_name_only_review,yamap_2022-09-09_06_58.gpx,寒風山・笹ヶ峰・ちち山,NaN,NaN,,NaN,,,,strong,true,municipality_mismatch;missing_csv_coordinate;timezone_ambiguity;multiple_mountains_for_candidate;near_tie_candidates_for_mountain,
121,笹ヶ峰,summit-candidate:23eea13de5db5c9f,1,3,0.65,medium,v3_conflict_case,fallback_name_municipality,yamap_2022-09-09_06_58.gpx,寒風山・笹ヶ峰・ちち山,NaN,NaN,,NaN,,,,strong,true,missing_csv_coordinate;timezone_ambiguity;multiple_mountains_for_candidate;near_tie_candidates_for_mountain,
121,笹ヶ峰,summit-candidate:395bb631522975b6,2,3,0.65,medium,v3_conflict_case,fallback_name_municipality,yamap_2022-09-09_06_58.gpx,寒風山・笹ヶ峰・ちち山,NaN,NaN,,NaN,,,,strong,true,missing_csv_coordinate;timezone_ambiguity;multiple_mountains_for_candidate;near_tie_candidates_for_mountain,
121,笹ヶ峰,summit-candidate:453327d51d16e202,3,2,0.65,medium,v3_conflict_case,fallback_name_municipality,yamap_2026-05-06_07_28.gpx,丸山・ちち山・笹ヶ峰,NaN,NaN,,NaN,,,,strong,true,missing_csv_coordinate;timezone_ambiguity;multiple_mountains_for_candidate;near_tie_candidates_for_mountain,
121,笹ヶ峰,summit-candidate:851dc9683d2d7442,4,1,0.65,medium,v3_conflict_case,fallback_name_municipality,yamap_2024-10-14_04_48.gpx,三ッ足山・カガマシ山・橡尾山・笹ヶ峰,NaN,NaN,,NaN,,,,strong,true,missing_csv_coordinate;timezone_ambiguity;multiple_mountains_for_candidate;near_tie_candidates_for_mountain,
121,笹ヶ峰,summit-candidate:9a59c4b620ba3792,5,3,0.65,medium,v3_conflict_case,fallback_name_municipality,yamap_2022-09-09_06_58.gpx,寒風山・笹ヶ峰・ちち山,NaN,NaN,,NaN,,,,strong,true,missing_csv_coordinate;timezone_ambiguity;multiple_mountains_for_candidate;near_tie_candidates_for_mountain,
121,笹ヶ峰,summit-candidate:a1b1b7885eeab893,6,1,0.65,medium,v3_conflict_case,fallback_name_municipality,yamap_2024-10-14_04_48.gpx,三ッ足山・カガマシ山・橡尾山・笹ヶ峰,NaN,NaN,,NaN,,,,strong,true,missing_csv_coordinate;timezone_ambiguity;multiple_mountains_for_candidate;near_tie_candidates_for_mountain,
121,笹ヶ峰,summit-candidate:b87c90ebd1eb0d06,7,2,0.65,medium,v3_conflict_case,fallback_name_municipality,yamap_2026-05-06_07_28.gpx,丸山・ちち山・笹ヶ峰,NaN,NaN,,NaN,,,,strong,true,missing_csv_coordinate;timezone_ambiguity;multiple_mountains_for_candidate;near_tie_candidates_for_mountain,
121,笹ヶ峰,summit-candidate:0886436b79473a6c,8,5,0.55,low,v3_conflict_case,fallback_name_only_review,yamap_2024-10-14_04_48.gpx,三ッ足山・カガマシ山・橡尾山・笹ヶ峰,NaN,NaN,,NaN,,,,strong,true,municipality_mismatch;missing_csv_coordinate;timezone_ambiguity;multiple_mountains_for_candidate;near_tie_candidates_for_mountain,
121,笹ヶ峰,summit-candidate:7213c478833fd90f,9,3,0.55,low,v3_conflict_case,fallback_name_only_review,yamap_2022-09-09_06_58.gpx,寒風山・笹ヶ峰・ちち山,NaN,NaN,,NaN,,,,strong,true,municipality_mismatch;missing_csv_coordinate;timezone_ambiguity;multiple_mountains_for_candidate;near_tie_candidates_for_mountain,
121,笹ヶ峰,summit-candidate:8078eb6cc96c519a,10,5,0.55,low,v3_conflict_case,fallback_name_only_review,yamap_2024-10-14_04_48.gpx,三ッ足山・カガマシ山・橡尾山・笹ヶ峰,NaN,NaN,,NaN,,,,strong,true,municipality_mismatch;missing_csv_coordinate;timezone_ambiguity;multiple_mountains_for_candidate;near_tie_candidates_for_mountain,
121,笹ヶ峰,summit-candidate:a53ed6259e132097,11,5,0.55,low,v3_conflict_case,fallback_name_only_review,yamap_2024-10-14_04_48.gpx,三ッ足山・カガマシ山・橡尾山・笹ヶ峰,NaN,NaN,,NaN,,,,strong,true,municipality_mismatch;missing_csv_coordinate;timezone_ambiguity;multiple_mountains_for_candidate;near_tie_candidates_for_mountain,
121,笹ヶ峰,summit-candidate:fecfbf815fc6d5a7,12,5,0.55,low,v3_conflict_case,fallback_name_only_review,yamap_2024-10-14_04_48.gpx,三ッ足山・カガマシ山・橡尾山・笹ヶ峰,NaN,NaN,,NaN,,,,strong,true,municipality_mismatch;missing_csv_coordinate;timezone_ambiguity;multiple_mountains_for_candidate;near_tie_candidates_for_mountain,
123,三山,summit-candidate:35b464661fa62df9,1,1,0.65,medium,v3_candidate_review_required,fallback_name_municipality,yamap_2022-09-15_09_20.gpx,三山,NaN,NaN,,NaN,,,,strong,true,missing_csv_coordinate;timezone_ambiguity,
124,伊勢山,summit-candidate:bd145a45a7d01b99,1,1,0.65,medium,v3_candidate_review_required,fallback_name_municipality,yamap_2022-09-15_11_02.gpx,伊勢山,NaN,NaN,,,,,,strong,true,grounding_missing;missing_csv_coordinate;timezone_ambiguity,
125,久司山,summit-candidate:507809fc1a4b9e4e,1,1,0.65,medium,v3_candidate_review_required,fallback_name_municipality,yamap_2022-09-15_11_50.gpx,久司山,NaN,NaN,,,,,,strong,true,grounding_missing;missing_csv_coordinate;timezone_ambiguity,
126,石灰山,summit-candidate:4d0f5f75da9165b8,1,1,0.65,medium,v3_conflict_case,fallback_name_municipality,yamap_2022-09-15_12_35.gpx,石灰山・古法皇山,NaN,NaN,,NaN,,,,strong,true,missing_csv_coordinate;timezone_ambiguity;multiple_mountains_for_candidate,
127,古法皇山,summit-candidate:4d0f5f75da9165b8,1,2,0.65,medium,v3_conflict_case,fallback_name_municipality,yamap_2022-09-15_12_35.gpx,石灰山・古法皇山,NaN,NaN,,,,,,strong,true,grounding_missing;missing_csv_coordinate;timezone_ambiguity;multiple_mountains_for_candidate,
129,極山,summit-candidate:ef5127a689eaf48a,1,1,0.65,medium,v3_candidate_review_required,fallback_name_municipality,yamap_2022-09-20_14_24.gpx,極山,NaN,NaN,,NaN,,,,strong,true,missing_csv_coordinate;timezone_ambiguity,
130,高文殊山,summit-candidate:3a1a951de82d4254,1,1,0.65,medium,v3_candidate_review_required,fallback_name_municipality,yamap_2022-09-21_13_09.gpx,高文殊山,NaN,NaN,,,,,,strong,true,grounding_missing;missing_csv_coordinate;timezone_ambiguity,
131,三本榎,summit-candidate:8251283605282249,1,1,0.65,medium,v3_candidate_review_required,fallback_name_municipality,yamap_2022-09-26_12_07.gpx,三本榎,NaN,NaN,,,,,,strong,true,grounding_missing;missing_csv_coordinate;timezone_ambiguity,
132,鏡山,summit-candidate:588c967023117267,1,1,0.65,medium,v3_candidate_review_required,fallback_name_municipality,yamap_2022-09-26_14_04.gpx,鏡山,NaN,NaN,,NaN,,,,strong,true,missing_csv_coordinate;timezone_ambiguity,
133,戸祇御前山,summit-candidate:7bda9ba8d2b47d6e,1,1,0.65,medium,v3_candidate_review_required,fallback_name_municipality,yamap_2022-10-01_08_30.gpx,戸祇御前山,NaN,NaN,,,,,,strong,true,grounding_missing;missing_csv_coordinate;timezone_ambiguity,
134,雄甲山,summit-candidate:82d3009a6c1b2511,1,1,0.65,medium,v3_conflict_case,fallback_name_municipality,yamap_2022-10-03_14_57.gpx,雄甲山・雌甲山,NaN,NaN,,NaN,,,,strong,true,missing_csv_coordinate;timezone_ambiguity;multiple_mountains_for_candidate,
135,雌甲山,summit-candidate:82d3009a6c1b2511,1,2,0.65,medium,v3_conflict_case,fallback_name_municipality,yamap_2022-10-03_14_57.gpx,雄甲山・雌甲山,NaN,NaN,,NaN,,,,strong,true,missing_csv_coordinate;timezone_ambiguity;multiple_mountains_for_candidate,
136,泉ガ森,summit-candidate:ff0e7de3b62f5ed8,1,1,0.65,medium,v3_candidate_review_required,fallback_name_municipality,yamap_2022-10-04_12_47.gpx,泉ガ森,NaN,NaN,,NaN,,,,strong,true,missing_csv_coordinate;timezone_ambiguity,
137,東山,summit-candidate:124ae25a51aa9a64,1,4,0.65,medium,v3_conflict_case,fallback_name_municipality,yamap_2022-05-15_06_10.gpx,割石東山・青滝山・堂ヶ森,NaN,NaN,,NaN,,,,strong,true,missing_csv_coordinate;timezone_ambiguity;multiple_mountains_for_candidate;near_tie_candidates_for_mountain,
137,東山,summit-candidate:242762a3c600ff91,2,4,0.65,medium,v3_conflict_case,fallback_name_municipality,yamap_2022-05-15_06_10.gpx,割石東山・青滝山・堂ヶ森,NaN,NaN,,NaN,,,,strong,true,missing_csv_coordinate;timezone_ambiguity;multiple_mountains_for_candidate;near_tie_candidates_for_mountain,
137,東山,summit-candidate:2b7cce23b57844a5,3,1,0.65,medium,v3_conflict_case,fallback_name_municipality,yamap_2022-10-08_06_12.gpx,東山・西赤石山・物住頭・前赤石山・東赤石山・八巻山,NaN,NaN,,NaN,,,,strong,true,missing_csv_coordinate;timezone_ambiguity;multiple_mountains_for_candidate;near_tie_candidates_for_mountain,
137,東山,summit-candidate:2b97141dc260a078,4,4,0.65,medium,v3_conflict_case,fallback_name_municipality,yamap_2022-05-15_06_10.gpx,割石東山・青滝山・堂ヶ森,NaN,NaN,,NaN,,,,strong,true,missing_csv_coordinate;timezone_ambiguity;multiple_mountains_for_candidate;near_tie_candidates_for_mountain,
137,東山,summit-candidate:61a5956a49a7ace2,5,1,0.65,medium,v3_conflict_case,fallback_name_municipality,yamap_2022-10-08_06_12.gpx,東山・西赤石山・物住頭・前赤石山・東赤石山・八巻山,NaN,NaN,,NaN,,,,strong,true,missing_csv_coordinate;timezone_ambiguity;multiple_mountains_for_candidate;near_tie_candidates_for_mountain,
137,東山,summit-candidate:4b33f9c73e644793,6,4,0.55,low,v3_conflict_case,fallback_name_only_review,yamap_2022-05-15_06_10.gpx,割石東山・青滝山・堂ヶ森,NaN,NaN,,NaN,,,,strong,true,municipality_mismatch;missing_csv_coordinate;timezone_ambiguity;multiple_mountains_for_candidate;near_tie_candidates_for_mountain,
137,東山,summit-candidate:5104c47f17101d63,7,7,0.55,low,v3_conflict_case,fallback_name_only_review,yamap_2022-10-08_06_12.gpx,東山・西赤石山・物住頭・前赤石山・東赤石山・八巻山,NaN,NaN,,NaN,,,,strong,true,municipality_mismatch;missing_csv_coordinate;timezone_ambiguity;multiple_mountains_for_candidate;near_tie_candidates_for_mountain,
137,東山,summit-candidate:57e8c6cb102c9500,8,4,0.55,low,v3_conflict_case,fallback_name_only_review,yamap_2022-05-15_06_10.gpx,割石東山・青滝山・堂ヶ森,NaN,NaN,,NaN,,,,strong,true,municipality_mismatch;missing_csv_coordinate;timezone_ambiguity;multiple_mountains_for_candidate;near_tie_candidates_for_mountain,
137,東山,summit-candidate:bb644412fd9a132c,9,4,0.55,low,v3_conflict_case,fallback_name_only_review,yamap_2022-05-15_06_10.gpx,割石東山・青滝山・堂ヶ森,NaN,NaN,,NaN,,,,strong,true,municipality_mismatch;missing_csv_coordinate;timezone_ambiguity;multiple_mountains_for_candidate;near_tie_candidates_for_mountain,
137,東山,summit-candidate:e2bdd25969c7f122,10,7,0.55,low,v3_conflict_case,fallback_name_only_review,yamap_2022-10-08_06_12.gpx,東山・西赤石山・物住頭・前赤石山・東赤石山・八巻山,NaN,NaN,,NaN,,,,strong,true,municipality_mismatch;missing_csv_coordinate;timezone_ambiguity;multiple_mountains_for_candidate;near_tie_candidates_for_mountain,
138,前赤石山,summit-candidate:2b7cce23b57844a5,1,2,0.65,medium,v3_conflict_case,fallback_name_municipality,yamap_2022-10-08_06_12.gpx,東山・西赤石山・物住頭・前赤石山・東赤石山・八巻山,NaN,NaN,,,,,,strong,true,grounding_missing;missing_csv_coordinate;timezone_ambiguity;multiple_mountains_for_candidate;near_tie_candidates_for_mountain,
138,前赤石山,summit-candidate:5104c47f17101d63,2,1,0.65,medium,v3_conflict_case,fallback_name_municipality,yamap_2022-10-08_06_12.gpx,東山・西赤石山・物住頭・前赤石山・東赤石山・八巻山,NaN,NaN,,,,,,strong,true,grounding_missing;missing_csv_coordinate;timezone_ambiguity;multiple_mountains_for_candidate;near_tie_candidates_for_mountain,
138,前赤石山,summit-candidate:61a5956a49a7ace2,3,2,0.65,medium,v3_conflict_case,fallback_name_municipality,yamap_2022-10-08_06_12.gpx,東山・西赤石山・物住頭・前赤石山・東赤石山・八巻山,NaN,NaN,,,,,,strong,true,grounding_missing;missing_csv_coordinate;timezone_ambiguity;multiple_mountains_for_candidate;near_tie_candidates_for_mountain,
138,前赤石山,summit-candidate:e2bdd25969c7f122,4,1,0.65,medium,v3_conflict_case,fallback_name_municipality,yamap_2022-10-08_06_12.gpx,東山・西赤石山・物住頭・前赤石山・東赤石山・八巻山,NaN,NaN,,,,,,strong,true,grounding_missing;missing_csv_coordinate;timezone_ambiguity;multiple_mountains_for_candidate;near_tie_candidates_for_mountain,
139,黒崎山,summit-candidate:541ec86327b86307,1,1,0.65,medium,v3_candidate_review_required,fallback_name_municipality,yamap_2022-10-11_15_15.gpx,黒崎山,NaN,NaN,,,,,,strong,true,grounding_missing;missing_csv_coordinate;timezone_sensitive_activity_link,
140,高戸山,summit-candidate:aadeb26cf0359691,1,1,0.65,medium,v3_candidate_review_required,fallback_name_municipality,yamap_2022-10-14_12_05.gpx,高戸山,NaN,NaN,,NaN,,,,strong,true,missing_csv_coordinate;timezone_ambiguity,
141,犬吠山,summit-candidate:cc3fbb2358d0d4fc,1,1,0.65,medium,v3_candidate_review_required,fallback_name_municipality,yamap_2022-10-14_13_01.gpx,犬吠山,NaN,NaN,,NaN,,,,strong,true,missing_csv_coordinate;timezone_ambiguity,
142,泰の山,summit-candidate:c7de309bf838af87,1,1,0.65,medium,v3_candidate_review_required,fallback_name_municipality,yamap_2022-10-14_13_42.gpx,泰の山,NaN,NaN,,NaN,,,,strong,true,missing_csv_coordinate;timezone_ambiguity,
143,中三方ヶ森,summit-candidate:0c2609d9e7e31a00,1,1,0.65,medium,v3_conflict_case,fallback_name_municipality,yamap_2022-10-16_10_19.gpx,楢原山・古権現山・中三方ヶ森,NaN,NaN,,,,,,strong,true,grounding_missing;missing_csv_coordinate;timezone_ambiguity;multiple_mountains_for_candidate;near_tie_candidates_for_mountain,
143,中三方ヶ森,summit-candidate:17b2365d322cd022,2,1,0.65,medium,v3_conflict_case,fallback_name_municipality,yamap_2022-10-16_10_19.gpx,楢原山・古権現山・中三方ヶ森,NaN,NaN,,,,,,strong,true,grounding_missing;missing_csv_coordinate;timezone_ambiguity;multiple_mountains_for_candidate;near_tie_candidates_for_mountain,
143,中三方ヶ森,summit-candidate:bcf5d9d5a90e5cda,3,1,0.65,medium,v3_conflict_case,fallback_name_municipality,yamap_2022-10-16_10_19.gpx,楢原山・古権現山・中三方ヶ森,NaN,NaN,,,,,,strong,true,grounding_missing;missing_csv_coordinate;timezone_ambiguity;multiple_mountains_for_candidate;near_tie_candidates_for_mountain,
143,中三方ヶ森,summit-candidate:c7ac7ff98cacc074,4,1,0.65,medium,v3_conflict_case,fallback_name_municipality,yamap_2022-10-16_10_19.gpx,楢原山・古権現山・中三方ヶ森,NaN,NaN,,,,,,strong,true,grounding_missing;missing_csv_coordinate;timezone_ambiguity;multiple_mountains_for_candidate;near_tie_candidates_for_mountain,
144,古権現山,summit-candidate:0c2609d9e7e31a00,1,2,0.65,medium,v3_conflict_case,fallback_name_municipality,yamap_2022-10-16_10_19.gpx,楢原山・古権現山・中三方ヶ森,NaN,NaN,,,,,,strong,true,grounding_missing;missing_csv_coordinate;timezone_ambiguity;multiple_mountains_for_candidate;near_tie_candidates_for_mountain,
144,古権現山,summit-candidate:17b2365d322cd022,2,2,0.65,medium,v3_conflict_case,fallback_name_municipality,yamap_2022-10-16_10_19.gpx,楢原山・古権現山・中三方ヶ森,NaN,NaN,,,,,,strong,true,grounding_missing;missing_csv_coordinate;timezone_ambiguity;multiple_mountains_for_candidate;near_tie_candidates_for_mountain,
144,古権現山,summit-candidate:bcf5d9d5a90e5cda,3,2,0.65,medium,v3_conflict_case,fallback_name_municipality,yamap_2022-10-16_10_19.gpx,楢原山・古権現山・中三方ヶ森,NaN,NaN,,,,,,strong,true,grounding_missing;missing_csv_coordinate;timezone_ambiguity;multiple_mountains_for_candidate;near_tie_candidates_for_mountain,
144,古権現山,summit-candidate:c7ac7ff98cacc074,4,2,0.65,medium,v3_conflict_case,fallback_name_municipality,yamap_2022-10-16_10_19.gpx,楢原山・古権現山・中三方ヶ森,NaN,NaN,,,,,,strong,true,grounding_missing;missing_csv_coordinate;timezone_ambiguity;multiple_mountains_for_candidate;near_tie_candidates_for_mountain,
145,楢原山,summit-candidate:0c2609d9e7e31a00,1,3,0.65,medium,v3_conflict_case,fallback_name_municipality,yamap_2022-10-16_10_19.gpx,楢原山・古権現山・中三方ヶ森,NaN,NaN,,,,,,strong,true,grounding_missing;missing_csv_coordinate;timezone_ambiguity;multiple_mountains_for_candidate;near_tie_candidates_for_mountain,
145,楢原山,summit-candidate:17b2365d322cd022,2,3,0.65,medium,v3_conflict_case,fallback_name_municipality,yamap_2022-10-16_10_19.gpx,楢原山・古権現山・中三方ヶ森,NaN,NaN,,,,,,strong,true,grounding_missing;missing_csv_coordinate;timezone_ambiguity;multiple_mountains_for_candidate;near_tie_candidates_for_mountain,
145,楢原山,summit-candidate:bcf5d9d5a90e5cda,3,3,0.65,medium,v3_conflict_case,fallback_name_municipality,yamap_2022-10-16_10_19.gpx,楢原山・古権現山・中三方ヶ森,NaN,NaN,,,,,,strong,true,grounding_missing;missing_csv_coordinate;timezone_ambiguity;multiple_mountains_for_candidate;near_tie_candidates_for_mountain,
145,楢原山,summit-candidate:c7ac7ff98cacc074,4,3,0.65,medium,v3_conflict_case,fallback_name_municipality,yamap_2022-10-16_10_19.gpx,楢原山・古権現山・中三方ヶ森,NaN,NaN,,,,,,strong,true,grounding_missing;missing_csv_coordinate;timezone_ambiguity;multiple_mountains_for_candidate;near_tie_candidates_for_mountain,
146,西港山,summit-candidate:5f001ac124f82ef6,1,1,0.65,medium,v3_conflict_case,fallback_name_municipality,yamap_2022-10-19_16_00.gpx,西港山・大丸山・港山,NaN,NaN,,,,,,strong,true,grounding_missing;missing_csv_coordinate;timezone_sensitive_activity_link;multiple_mountains_for_candidate;near_tie_candidates_for_mountain,
146,西港山,summit-candidate:a9a2a270fb6273fe,2,1,0.65,medium,v3_conflict_case,fallback_name_municipality,yamap_2022-10-19_16_00.gpx,西港山・大丸山・港山,NaN,NaN,,,,,,strong,true,grounding_missing;missing_csv_coordinate;timezone_sensitive_activity_link;multiple_mountains_for_candidate;near_tie_candidates_for_mountain,
146,西港山,summit-candidate:bf2b3499e08da2df,3,1,0.65,medium,v3_conflict_case,fallback_name_municipality,yamap_2022-10-19_16_00.gpx,西港山・大丸山・港山,NaN,NaN,,,,,,strong,true,grounding_missing;missing_csv_coordinate;timezone_sensitive_activity_link;multiple_mountains_for_candidate;near_tie_candidates_for_mountain,
147,大丸山,summit-candidate:5f001ac124f82ef6,1,2,0.65,medium,v3_conflict_case,fallback_name_municipality,yamap_2022-10-19_16_00.gpx,西港山・大丸山・港山,NaN,NaN,,NaN,,,,strong,true,missing_csv_coordinate;timezone_sensitive_activity_link;multiple_mountains_for_candidate;near_tie_candidates_for_mountain,
147,大丸山,summit-candidate:a9a2a270fb6273fe,2,2,0.65,medium,v3_conflict_case,fallback_name_municipality,yamap_2022-10-19_16_00.gpx,西港山・大丸山・港山,NaN,NaN,,NaN,,,,strong,true,missing_csv_coordinate;timezone_sensitive_activity_link;multiple_mountains_for_candidate;near_tie_candidates_for_mountain,
147,大丸山,summit-candidate:bf2b3499e08da2df,3,2,0.65,medium,v3_conflict_case,fallback_name_municipality,yamap_2022-10-19_16_00.gpx,西港山・大丸山・港山,NaN,NaN,,NaN,,,,strong,true,missing_csv_coordinate;timezone_sensitive_activity_link;multiple_mountains_for_candidate;near_tie_candidates_for_mountain,
148,港山,summit-candidate:5f001ac124f82ef6,1,3,0.65,medium,v3_conflict_case,fallback_name_municipality,yamap_2022-10-19_16_00.gpx,西港山・大丸山・港山,NaN,NaN,,NaN,,,,strong,true,missing_csv_coordinate;timezone_sensitive_activity_link;multiple_mountains_for_candidate;near_tie_candidates_for_mountain,
148,港山,summit-candidate:a9a2a270fb6273fe,2,3,0.65,medium,v3_conflict_case,fallback_name_municipality,yamap_2022-10-19_16_00.gpx,西港山・大丸山・港山,NaN,NaN,,NaN,,,,strong,true,missing_csv_coordinate;timezone_sensitive_activity_link;multiple_mountains_for_candidate;near_tie_candidates_for_mountain,
148,港山,summit-candidate:bf2b3499e08da2df,3,3,0.65,medium,v3_conflict_case,fallback_name_municipality,yamap_2022-10-19_16_00.gpx,西港山・大丸山・港山,NaN,NaN,,NaN,,,,strong,true,missing_csv_coordinate;timezone_sensitive_activity_link;multiple_mountains_for_candidate;near_tie_candidates_for_mountain,
150,愛ノ山,summit-candidate:f676e5a22f523492,1,1,0.65,medium,v3_candidate_review_required,fallback_name_municipality,yamap_2022-10-21_12_15.gpx,愛ノ山,NaN,NaN,,NaN,,,,strong,true,missing_csv_coordinate;timezone_ambiguity,
151,冨士山,summit-candidate:9d447faef6efe2ab,1,1,0.65,medium,v3_candidate_review_required,fallback_name_municipality,yamap_2022-10-27_13_37.gpx,冨士山,NaN,NaN,,,,,,strong,true,grounding_missing;missing_csv_coordinate;timezone_ambiguity,
152,割石峠山,summit-candidate:16e9de2bedeb2d1c,1,1,0.65,medium,v3_conflict_case,fallback_name_municipality,yamap_2022-10-28_06_21.gpx,割石峠山・石墨山・法師山・白猪山・根無山・樽谷山・梅ヶ谷山,NaN,NaN,,NaN,,,,strong,true,missing_csv_coordinate;timezone_ambiguity;multiple_mountains_for_candidate;near_tie_candidates_for_mountain,
152,割石峠山,summit-candidate:25e47e34740282d2,2,1,0.65,medium,v3_conflict_case,fallback_name_municipality,yamap_2022-10-28_06_21.gpx,割石峠山・石墨山・法師山・白猪山・根無山・樽谷山・梅ヶ谷山,NaN,NaN,,NaN,,,,strong,true,missing_csv_coordinate;timezone_ambiguity;multiple_mountains_for_candidate;near_tie_candidates_for_mountain,
152,割石峠山,summit-candidate:45f2c6fc88212acd,3,1,0.65,medium,v3_conflict_case,fallback_name_municipality,yamap_2022-10-28_06_21.gpx,割石峠山・石墨山・法師山・白猪山・根無山・樽谷山・梅ヶ谷山,NaN,NaN,,NaN,,,,strong,true,missing_csv_coordinate;timezone_ambiguity;multiple_mountains_for_candidate;near_tie_candidates_for_mountain,
152,割石峠山,summit-candidate:5cb1fa3d9dcf60f5,4,1,0.65,medium,v3_conflict_case,fallback_name_municipality,yamap_2022-10-28_06_21.gpx,割石峠山・石墨山・法師山・白猪山・根無山・樽谷山・梅ヶ谷山,NaN,NaN,,NaN,,,,strong,true,missing_csv_coordinate;timezone_ambiguity;multiple_mountains_for_candidate;near_tie_candidates_for_mountain,
152,割石峠山,summit-candidate:c2fc382b492cfde4,5,1,0.65,medium,v3_conflict_case,fallback_name_municipality,yamap_2022-10-28_06_21.gpx,割石峠山・石墨山・法師山・白猪山・根無山・樽谷山・梅ヶ谷山,NaN,NaN,,NaN,,,,strong,true,missing_csv_coordinate;timezone_ambiguity;multiple_mountains_for_candidate;near_tie_candidates_for_mountain,
152,割石峠山,summit-candidate:9f01494435790d72,6,1,0.55,low,v3_conflict_case,fallback_name_only_review,yamap_2022-10-28_06_21.gpx,割石峠山・石墨山・法師山・白猪山・根無山・樽谷山・梅ヶ谷山,NaN,NaN,,NaN,,,,strong,true,municipality_mismatch;missing_csv_coordinate;timezone_ambiguity;multiple_mountains_for_candidate;near_tie_candidates_for_mountain,
153,石墨山,summit-candidate:16e9de2bedeb2d1c,1,2,0.65,medium,v3_conflict_case,fallback_name_municipality,yamap_2022-10-28_06_21.gpx,割石峠山・石墨山・法師山・白猪山・根無山・樽谷山・梅ヶ谷山,NaN,NaN,,NaN,,,,strong,true,missing_csv_coordinate;timezone_ambiguity;multiple_mountains_for_candidate;near_tie_candidates_for_mountain,
153,石墨山,summit-candidate:25e47e34740282d2,2,2,0.65,medium,v3_conflict_case,fallback_name_municipality,yamap_2022-10-28_06_21.gpx,割石峠山・石墨山・法師山・白猪山・根無山・樽谷山・梅ヶ谷山,NaN,NaN,,NaN,,,,strong,true,missing_csv_coordinate;timezone_ambiguity;multiple_mountains_for_candidate;near_tie_candidates_for_mountain,
153,石墨山,summit-candidate:45f2c6fc88212acd,3,2,0.65,medium,v3_conflict_case,fallback_name_municipality,yamap_2022-10-28_06_21.gpx,割石峠山・石墨山・法師山・白猪山・根無山・樽谷山・梅ヶ谷山,NaN,NaN,,NaN,,,,strong,true,missing_csv_coordinate;timezone_ambiguity;multiple_mountains_for_candidate;near_tie_candidates_for_mountain,
153,石墨山,summit-candidate:5cb1fa3d9dcf60f5,4,2,0.65,medium,v3_conflict_case,fallback_name_municipality,yamap_2022-10-28_06_21.gpx,割石峠山・石墨山・法師山・白猪山・根無山・樽谷山・梅ヶ谷山,NaN,NaN,,NaN,,,,strong,true,missing_csv_coordinate;timezone_ambiguity;multiple_mountains_for_candidate;near_tie_candidates_for_mountain,
153,石墨山,summit-candidate:c2fc382b492cfde4,5,2,0.65,medium,v3_conflict_case,fallback_name_municipality,yamap_2022-10-28_06_21.gpx,割石峠山・石墨山・法師山・白猪山・根無山・樽谷山・梅ヶ谷山,NaN,NaN,,NaN,,,,strong,true,missing_csv_coordinate;timezone_ambiguity;multiple_mountains_for_candidate;near_tie_candidates_for_mountain,
153,石墨山,summit-candidate:9f01494435790d72,6,2,0.55,low,v3_conflict_case,fallback_name_only_review,yamap_2022-10-28_06_21.gpx,割石峠山・石墨山・法師山・白猪山・根無山・樽谷山・梅ヶ谷山,NaN,NaN,,NaN,,,,strong,true,municipality_mismatch;missing_csv_coordinate;timezone_ambiguity;multiple_mountains_for_candidate;near_tie_candidates_for_mountain,
154,法師山,summit-candidate:16e9de2bedeb2d1c,1,3,0.65,medium,v3_conflict_case,fallback_name_municipality,yamap_2022-10-28_06_21.gpx,割石峠山・石墨山・法師山・白猪山・根無山・樽谷山・梅ヶ谷山,NaN,NaN,,NaN,,,,strong,true,missing_csv_coordinate;timezone_ambiguity;multiple_mountains_for_candidate;near_tie_candidates_for_mountain,
154,法師山,summit-candidate:25e47e34740282d2,2,3,0.65,medium,v3_conflict_case,fallback_name_municipality,yamap_2022-10-28_06_21.gpx,割石峠山・石墨山・法師山・白猪山・根無山・樽谷山・梅ヶ谷山,NaN,NaN,,NaN,,,,strong,true,missing_csv_coordinate;timezone_ambiguity;multiple_mountains_for_candidate;near_tie_candidates_for_mountain,
154,法師山,summit-candidate:45f2c6fc88212acd,3,3,0.65,medium,v3_conflict_case,fallback_name_municipality,yamap_2022-10-28_06_21.gpx,割石峠山・石墨山・法師山・白猪山・根無山・樽谷山・梅ヶ谷山,NaN,NaN,,NaN,,,,strong,true,missing_csv_coordinate;timezone_ambiguity;multiple_mountains_for_candidate;near_tie_candidates_for_mountain,
154,法師山,summit-candidate:5cb1fa3d9dcf60f5,4,3,0.65,medium,v3_conflict_case,fallback_name_municipality,yamap_2022-10-28_06_21.gpx,割石峠山・石墨山・法師山・白猪山・根無山・樽谷山・梅ヶ谷山,NaN,NaN,,NaN,,,,strong,true,missing_csv_coordinate;timezone_ambiguity;multiple_mountains_for_candidate;near_tie_candidates_for_mountain,
154,法師山,summit-candidate:c2fc382b492cfde4,5,3,0.65,medium,v3_conflict_case,fallback_name_municipality,yamap_2022-10-28_06_21.gpx,割石峠山・石墨山・法師山・白猪山・根無山・樽谷山・梅ヶ谷山,NaN,NaN,,NaN,,,,strong,true,missing_csv_coordinate;timezone_ambiguity;multiple_mountains_for_candidate;near_tie_candidates_for_mountain,
154,法師山,summit-candidate:9f01494435790d72,6,3,0.55,low,v3_conflict_case,fallback_name_only_review,yamap_2022-10-28_06_21.gpx,割石峠山・石墨山・法師山・白猪山・根無山・樽谷山・梅ヶ谷山,NaN,NaN,,NaN,,,,strong,true,municipality_mismatch;missing_csv_coordinate;timezone_ambiguity;multiple_mountains_for_candidate;near_tie_candidates_for_mountain,
155,白猪山,summit-candidate:16e9de2bedeb2d1c,1,4,0.65,medium,v3_conflict_case,fallback_name_municipality,yamap_2022-10-28_06_21.gpx,割石峠山・石墨山・法師山・白猪山・根無山・樽谷山・梅ヶ谷山,NaN,NaN,,NaN,,,,strong,true,missing_csv_coordinate;timezone_ambiguity;multiple_mountains_for_candidate;near_tie_candidates_for_mountain,
155,白猪山,summit-candidate:25e47e34740282d2,2,4,0.65,medium,v3_conflict_case,fallback_name_municipality,yamap_2022-10-28_06_21.gpx,割石峠山・石墨山・法師山・白猪山・根無山・樽谷山・梅ヶ谷山,NaN,NaN,,NaN,,,,strong,true,missing_csv_coordinate;timezone_ambiguity;multiple_mountains_for_candidate;near_tie_candidates_for_mountain,
155,白猪山,summit-candidate:45f2c6fc88212acd,3,4,0.65,medium,v3_conflict_case,fallback_name_municipality,yamap_2022-10-28_06_21.gpx,割石峠山・石墨山・法師山・白猪山・根無山・樽谷山・梅ヶ谷山,NaN,NaN,,NaN,,,,strong,true,missing_csv_coordinate;timezone_ambiguity;multiple_mountains_for_candidate;near_tie_candidates_for_mountain,
155,白猪山,summit-candidate:5cb1fa3d9dcf60f5,4,4,0.65,medium,v3_conflict_case,fallback_name_municipality,yamap_2022-10-28_06_21.gpx,割石峠山・石墨山・法師山・白猪山・根無山・樽谷山・梅ヶ谷山,NaN,NaN,,NaN,,,,strong,true,missing_csv_coordinate;timezone_ambiguity;multiple_mountains_for_candidate;near_tie_candidates_for_mountain,
155,白猪山,summit-candidate:c2fc382b492cfde4,5,4,0.65,medium,v3_conflict_case,fallback_name_municipality,yamap_2022-10-28_06_21.gpx,割石峠山・石墨山・法師山・白猪山・根無山・樽谷山・梅ヶ谷山,NaN,NaN,,NaN,,,,strong,true,missing_csv_coordinate;timezone_ambiguity;multiple_mountains_for_candidate;near_tie_candidates_for_mountain,
155,白猪山,summit-candidate:9f01494435790d72,6,4,0.55,low,v3_conflict_case,fallback_name_only_review,yamap_2022-10-28_06_21.gpx,割石峠山・石墨山・法師山・白猪山・根無山・樽谷山・梅ヶ谷山,NaN,NaN,,NaN,,,,strong,true,municipality_mismatch;missing_csv_coordinate;timezone_ambiguity;multiple_mountains_for_candidate;near_tie_candidates_for_mountain,
156,梅ヶ谷山,summit-candidate:16e9de2bedeb2d1c,1,5,0.65,medium,v3_conflict_case,fallback_name_municipality,yamap_2022-10-28_06_21.gpx,割石峠山・石墨山・法師山・白猪山・根無山・樽谷山・梅ヶ谷山,NaN,NaN,,NaN,,,,strong,true,missing_csv_coordinate;timezone_ambiguity;multiple_mountains_for_candidate;near_tie_candidates_for_mountain,
156,梅ヶ谷山,summit-candidate:25e47e34740282d2,2,5,0.65,medium,v3_conflict_case,fallback_name_municipality,yamap_2022-10-28_06_21.gpx,割石峠山・石墨山・法師山・白猪山・根無山・樽谷山・梅ヶ谷山,NaN,NaN,,NaN,,,,strong,true,missing_csv_coordinate;timezone_ambiguity;multiple_mountains_for_candidate;near_tie_candidates_for_mountain,
156,梅ヶ谷山,summit-candidate:45f2c6fc88212acd,3,5,0.65,medium,v3_conflict_case,fallback_name_municipality,yamap_2022-10-28_06_21.gpx,割石峠山・石墨山・法師山・白猪山・根無山・樽谷山・梅ヶ谷山,NaN,NaN,,NaN,,,,strong,true,missing_csv_coordinate;timezone_ambiguity;multiple_mountains_for_candidate;near_tie_candidates_for_mountain,
156,梅ヶ谷山,summit-candidate:5cb1fa3d9dcf60f5,4,5,0.65,medium,v3_conflict_case,fallback_name_municipality,yamap_2022-10-28_06_21.gpx,割石峠山・石墨山・法師山・白猪山・根無山・樽谷山・梅ヶ谷山,NaN,NaN,,NaN,,,,strong,true,missing_csv_coordinate;timezone_ambiguity;multiple_mountains_for_candidate;near_tie_candidates_for_mountain,
156,梅ヶ谷山,summit-candidate:c2fc382b492cfde4,5,5,0.65,medium,v3_conflict_case,fallback_name_municipality,yamap_2022-10-28_06_21.gpx,割石峠山・石墨山・法師山・白猪山・根無山・樽谷山・梅ヶ谷山,NaN,NaN,,NaN,,,,strong,true,missing_csv_coordinate;timezone_ambiguity;multiple_mountains_for_candidate;near_tie_candidates_for_mountain,
156,梅ヶ谷山,summit-candidate:9f01494435790d72,6,5,0.55,low,v3_conflict_case,fallback_name_only_review,yamap_2022-10-28_06_21.gpx,割石峠山・石墨山・法師山・白猪山・根無山・樽谷山・梅ヶ谷山,NaN,NaN,,NaN,,,,strong,true,municipality_mismatch;missing_csv_coordinate;timezone_ambiguity;multiple_mountains_for_candidate;near_tie_candidates_for_mountain,
157,樽谷山,summit-candidate:16e9de2bedeb2d1c,1,6,0.65,medium,v3_conflict_case,fallback_name_municipality,yamap_2022-10-28_06_21.gpx,割石峠山・石墨山・法師山・白猪山・根無山・樽谷山・梅ヶ谷山,NaN,NaN,,NaN,,,,strong,true,missing_csv_coordinate;timezone_ambiguity;multiple_mountains_for_candidate;near_tie_candidates_for_mountain,
157,樽谷山,summit-candidate:25e47e34740282d2,2,6,0.65,medium,v3_conflict_case,fallback_name_municipality,yamap_2022-10-28_06_21.gpx,割石峠山・石墨山・法師山・白猪山・根無山・樽谷山・梅ヶ谷山,NaN,NaN,,NaN,,,,strong,true,missing_csv_coordinate;timezone_ambiguity;multiple_mountains_for_candidate;near_tie_candidates_for_mountain,
157,樽谷山,summit-candidate:45f2c6fc88212acd,3,6,0.65,medium,v3_conflict_case,fallback_name_municipality,yamap_2022-10-28_06_21.gpx,割石峠山・石墨山・法師山・白猪山・根無山・樽谷山・梅ヶ谷山,NaN,NaN,,NaN,,,,strong,true,missing_csv_coordinate;timezone_ambiguity;multiple_mountains_for_candidate;near_tie_candidates_for_mountain,
157,樽谷山,summit-candidate:5cb1fa3d9dcf60f5,4,6,0.65,medium,v3_conflict_case,fallback_name_municipality,yamap_2022-10-28_06_21.gpx,割石峠山・石墨山・法師山・白猪山・根無山・樽谷山・梅ヶ谷山,NaN,NaN,,NaN,,,,strong,true,missing_csv_coordinate;timezone_ambiguity;multiple_mountains_for_candidate;near_tie_candidates_for_mountain,
157,樽谷山,summit-candidate:c2fc382b492cfde4,5,6,0.65,medium,v3_conflict_case,fallback_name_municipality,yamap_2022-10-28_06_21.gpx,割石峠山・石墨山・法師山・白猪山・根無山・樽谷山・梅ヶ谷山,NaN,NaN,,NaN,,,,strong,true,missing_csv_coordinate;timezone_ambiguity;multiple_mountains_for_candidate;near_tie_candidates_for_mountain,
157,樽谷山,summit-candidate:9f01494435790d72,6,6,0.55,low,v3_conflict_case,fallback_name_only_review,yamap_2022-10-28_06_21.gpx,割石峠山・石墨山・法師山・白猪山・根無山・樽谷山・梅ヶ谷山,NaN,NaN,,NaN,,,,strong,true,municipality_mismatch;missing_csv_coordinate;timezone_ambiguity;multiple_mountains_for_candidate;near_tie_candidates_for_mountain,
158,根無山,summit-candidate:16e9de2bedeb2d1c,1,7,0.65,medium,v3_conflict_case,fallback_name_municipality,yamap_2022-10-28_06_21.gpx,割石峠山・石墨山・法師山・白猪山・根無山・樽谷山・梅ヶ谷山,NaN,NaN,,NaN,,,,strong,true,missing_csv_coordinate;timezone_ambiguity;multiple_mountains_for_candidate;near_tie_candidates_for_mountain,
158,根無山,summit-candidate:25e47e34740282d2,2,7,0.65,medium,v3_conflict_case,fallback_name_municipality,yamap_2022-10-28_06_21.gpx,割石峠山・石墨山・法師山・白猪山・根無山・樽谷山・梅ヶ谷山,NaN,NaN,,NaN,,,,strong,true,missing_csv_coordinate;timezone_ambiguity;multiple_mountains_for_candidate;near_tie_candidates_for_mountain,
158,根無山,summit-candidate:45f2c6fc88212acd,3,7,0.65,medium,v3_conflict_case,fallback_name_municipality,yamap_2022-10-28_06_21.gpx,割石峠山・石墨山・法師山・白猪山・根無山・樽谷山・梅ヶ谷山,NaN,NaN,,NaN,,,,strong,true,missing_csv_coordinate;timezone_ambiguity;multiple_mountains_for_candidate;near_tie_candidates_for_mountain,
158,根無山,summit-candidate:5cb1fa3d9dcf60f5,4,7,0.65,medium,v3_conflict_case,fallback_name_municipality,yamap_2022-10-28_06_21.gpx,割石峠山・石墨山・法師山・白猪山・根無山・樽谷山・梅ヶ谷山,NaN,NaN,,NaN,,,,strong,true,missing_csv_coordinate;timezone_ambiguity;multiple_mountains_for_candidate;near_tie_candidates_for_mountain,
158,根無山,summit-candidate:c2fc382b492cfde4,5,7,0.65,medium,v3_conflict_case,fallback_name_municipality,yamap_2022-10-28_06_21.gpx,割石峠山・石墨山・法師山・白猪山・根無山・樽谷山・梅ヶ谷山,NaN,NaN,,NaN,,,,strong,true,missing_csv_coordinate;timezone_ambiguity;multiple_mountains_for_candidate;near_tie_candidates_for_mountain,
158,根無山,summit-candidate:9f01494435790d72,6,7,0.55,low,v3_conflict_case,fallback_name_only_review,yamap_2022-10-28_06_21.gpx,割石峠山・石墨山・法師山・白猪山・根無山・樽谷山・梅ヶ谷山,NaN,NaN,,NaN,,,,strong,true,municipality_mismatch;missing_csv_coordinate;timezone_ambiguity;multiple_mountains_for_candidate;near_tie_candidates_for_mountain,
159,権現山,summit-candidate:09547fd48f24d064,1,1,0.65,medium,v3_conflict_case,fallback_name_municipality,yamap_2022-11-05_04_38.gpx,権現山・黒岳・エビラ山・二ッ岳,NaN,NaN,,NaN,,,,strong,true,missing_csv_coordinate;timezone_ambiguity;multiple_mountains_for_candidate;near_tie_candidates_for_mountain,
159,権現山,summit-candidate:2c817617699a0a45,2,5,0.65,medium,v3_conflict_case,fallback_name_municipality,yamap_2022-02-06_08_26.gpx,谷上山・権現山・白滝山・障子山,NaN,NaN,,NaN,,,,strong,true,missing_csv_coordinate;timezone_ambiguity;multiple_mountains_for_candidate;near_tie_candidates_for_mountain,
159,権現山,summit-candidate:7ef7c15a52318cc9,3,2,0.65,medium,v3_conflict_case,fallback_name_municipality,yamap_2022-11-05_04_38.gpx,権現山・黒岳・エビラ山・二ッ岳,NaN,NaN,,NaN,,,,strong,true,missing_csv_coordinate;timezone_ambiguity;multiple_mountains_for_candidate;near_tie_candidates_for_mountain,
159,権現山,summit-candidate:a0ef25e9a532b62e,4,5,0.65,medium,v3_conflict_case,fallback_name_municipality,yamap_2022-02-06_08_26.gpx,谷上山・権現山・白滝山・障子山,NaN,NaN,,NaN,,,,strong,true,missing_csv_coordinate;timezone_ambiguity;multiple_mountains_for_candidate;near_tie_candidates_for_mountain,
159,権現山,summit-candidate:c94d8d76133fda1a,5,5,0.65,medium,v3_conflict_case,fallback_name_municipality,yamap_2022-02-06_08_26.gpx,谷上山・権現山・白滝山・障子山,NaN,NaN,,NaN,,,,strong,true,missing_csv_coordinate;timezone_ambiguity;multiple_mountains_for_candidate;near_tie_candidates_for_mountain,
159,権現山,summit-candidate:cf97b8470d2ed1d7,6,2,0.65,medium,v3_conflict_case,fallback_name_municipality,yamap_2022-11-05_04_38.gpx,権現山・黒岳・エビラ山・二ッ岳,NaN,NaN,,NaN,,,,strong,true,missing_csv_coordinate;timezone_ambiguity;multiple_mountains_for_candidate;near_tie_candidates_for_mountain,
159,権現山,summit-candidate:df6b60d513f5518e,7,2,0.65,medium,v3_conflict_case,fallback_name_municipality,yamap_2024-07-06_10_01.gpx,子持権現山・男山・瓶ヶ森,NaN,NaN,,NaN,,,,strong,true,missing_csv_coordinate;timezone_ambiguity;multiple_mountains_for_candidate;near_tie_candidates_for_mountain,
159,権現山,summit-candidate:ea5f711625df386b,8,5,0.65,medium,v3_conflict_case,fallback_name_municipality,yamap_2022-02-06_08_26.gpx,谷上山・権現山・白滝山・障子山,NaN,NaN,,NaN,,,,strong,true,missing_csv_coordinate;timezone_ambiguity;multiple_mountains_for_candidate;near_tie_candidates_for_mountain,
159,権現山,summit-candidate:ffa6a88e4e680fd5,9,2,0.65,medium,v3_conflict_case,fallback_name_municipality,yamap_2022-11-05_04_38.gpx,権現山・黒岳・エビラ山・二ッ岳,NaN,NaN,,NaN,,,,strong,true,missing_csv_coordinate;timezone_ambiguity;multiple_mountains_for_candidate;near_tie_candidates_for_mountain,
159,権現山,summit-candidate:047b9599ec28c6ad,10,3,0.55,low,v3_conflict_case,fallback_name_only_review,yamap_2023-01-08_09_18.gpx,権現山,NaN,NaN,,NaN,,,,strong,true,municipality_mismatch;missing_csv_coordinate;timezone_ambiguity;multiple_mountains_for_candidate;near_tie_candidates_for_mountain,
159,権現山,summit-candidate:0c2609d9e7e31a00,11,5,0.55,low,v3_conflict_case,fallback_name_only_review,yamap_2022-10-16_10_19.gpx,楢原山・古権現山・中三方ヶ森,NaN,NaN,,NaN,,,,strong,true,municipality_mismatch;missing_csv_coordinate;timezone_ambiguity;multiple_mountains_for_candidate;near_tie_candidates_for_mountain,
159,権現山,summit-candidate:0eff3d1ea2b48d73,12,5,0.55,low,v3_conflict_case,fallback_name_only_review,yamap_2022-02-06_08_26.gpx,谷上山・権現山・白滝山・障子山,NaN,NaN,,NaN,,,,strong,true,municipality_mismatch;missing_csv_coordinate;timezone_ambiguity;multiple_mountains_for_candidate;near_tie_candidates_for_mountain,
159,権現山,summit-candidate:17b2365d322cd022,13,5,0.55,low,v3_conflict_case,fallback_name_only_review,yamap_2022-10-16_10_19.gpx,楢原山・古権現山・中三方ヶ森,NaN,NaN,,NaN,,,,strong,true,municipality_mismatch;missing_csv_coordinate;timezone_ambiguity;multiple_mountains_for_candidate;near_tie_candidates_for_mountain,
159,権現山,summit-candidate:2011a6c909945d6f,14,3,0.55,low,v3_conflict_case,fallback_name_only_review,yamap_2026-04-12_11_03.gpx,権現山,NaN,NaN,,NaN,,,,strong,true,municipality_mismatch;missing_csv_coordinate;timezone_ambiguity;multiple_mountains_for_candidate;near_tie_candidates_for_mountain,
159,権現山,summit-candidate:32bb5e7e1071e808,15,3,0.55,low,v3_conflict_case,fallback_name_only_review,yamap_2023-01-08_09_18.gpx,権現山,NaN,NaN,,NaN,,,,strong,true,municipality_mismatch;missing_csv_coordinate;timezone_ambiguity;multiple_mountains_for_candidate;near_tie_candidates_for_mountain,
159,権現山,summit-candidate:6756239601754708,16,3,0.55,low,v3_conflict_case,fallback_name_only_review,yamap_2026-02-14_13_33.gpx,権現山,NaN,NaN,,NaN,,,,strong,true,municipality_mismatch;missing_csv_coordinate;timezone_ambiguity;multiple_mountains_for_candidate;near_tie_candidates_for_mountain,
159,権現山,summit-candidate:84f974876f397da1,17,4,0.55,low,v3_conflict_case,fallback_name_only_review,yamap_2024-02-10_13_09.gpx,権現山,NaN,NaN,,NaN,,,,strong,true,municipality_mismatch;missing_csv_coordinate;timezone_ambiguity;multiple_mountains_for_candidate;near_tie_candidates_for_mountain,
159,権現山,summit-candidate:bcf5d9d5a90e5cda,18,5,0.55,low,v3_conflict_case,fallback_name_only_review,yamap_2022-10-16_10_19.gpx,楢原山・古権現山・中三方ヶ森,NaN,NaN,,NaN,,,,strong,true,municipality_mismatch;missing_csv_coordinate;timezone_ambiguity;multiple_mountains_for_candidate;near_tie_candidates_for_mountain,
159,権現山,summit-candidate:c7ac7ff98cacc074,19,5,0.55,low,v3_conflict_case,fallback_name_only_review,yamap_2022-10-16_10_19.gpx,楢原山・古権現山・中三方ヶ森,NaN,NaN,,NaN,,,,strong,true,municipality_mismatch;missing_csv_coordinate;timezone_ambiguity;multiple_mountains_for_candidate;near_tie_candidates_for_mountain,
159,権現山,summit-candidate:e8b129f70e703be5,20,4,0.55,low,v3_conflict_case,fallback_name_only_review,yamap_2026-03-07_11_08.gpx,権現山,NaN,NaN,,NaN,,,,strong,true,municipality_mismatch;missing_csv_coordinate;timezone_ambiguity;multiple_mountains_for_candidate;near_tie_candidates_for_mountain,
159,権現山,summit-candidate:f108570a8e33ce90,21,3,0.55,low,v3_conflict_case,fallback_name_only_review,yamap_2023-12-17_07_11.gpx,総津権現山,NaN,NaN,,NaN,,,,strong,true,municipality_mismatch;missing_csv_coordinate;timezone_ambiguity;multiple_mountains_for_candidate;near_tie_candidates_for_mountain,
159,権現山,summit-candidate:f2538b7f88e2dd06,22,5,0.55,low,v3_conflict_case,fallback_name_only_review,yamap_2024-07-06_10_01.gpx,子持権現山・男山・瓶ヶ森,NaN,NaN,,NaN,,,,strong,true,municipality_mismatch;missing_csv_coordinate;timezone_ambiguity;multiple_mountains_for_candidate;near_tie_candidates_for_mountain,
160,黒岳,summit-candidate:09547fd48f24d064,1,2,0.65,medium,v3_conflict_case,fallback_name_municipality,yamap_2022-11-05_04_38.gpx,権現山・黒岳・エビラ山・二ッ岳,NaN,NaN,,NaN,,,,strong,true,missing_csv_coordinate;timezone_ambiguity;multiple_mountains_for_candidate;near_tie_candidates_for_mountain,
160,黒岳,summit-candidate:7ef7c15a52318cc9,2,3,0.65,medium,v3_conflict_case,fallback_name_municipality,yamap_2022-11-05_04_38.gpx,権現山・黒岳・エビラ山・二ッ岳,NaN,NaN,,NaN,,,,strong,true,missing_csv_coordinate;timezone_ambiguity;multiple_mountains_for_candidate;near_tie_candidates_for_mountain,
160,黒岳,summit-candidate:cf97b8470d2ed1d7,3,3,0.65,medium,v3_conflict_case,fallback_name_municipality,yamap_2022-11-05_04_38.gpx,権現山・黒岳・エビラ山・二ッ岳,NaN,NaN,,NaN,,,,strong,true,missing_csv_coordinate;timezone_ambiguity;multiple_mountains_for_candidate;near_tie_candidates_for_mountain,
160,黒岳,summit-candidate:ffa6a88e4e680fd5,4,3,0.65,medium,v3_conflict_case,fallback_name_municipality,yamap_2022-11-05_04_38.gpx,権現山・黒岳・エビラ山・二ッ岳,NaN,NaN,,NaN,,,,strong,true,missing_csv_coordinate;timezone_ambiguity;multiple_mountains_for_candidate;near_tie_candidates_for_mountain,
161,エビラ山,summit-candidate:09547fd48f24d064,1,3,0.65,medium,v3_conflict_case,fallback_name_municipality,yamap_2022-11-05_04_38.gpx,権現山・黒岳・エビラ山・二ッ岳,NaN,NaN,,NaN,,,,strong,true,missing_csv_coordinate;timezone_ambiguity;multiple_mountains_for_candidate;near_tie_candidates_for_mountain,
161,エビラ山,summit-candidate:7ef7c15a52318cc9,2,4,0.65,medium,v3_conflict_case,fallback_name_municipality,yamap_2022-11-05_04_38.gpx,権現山・黒岳・エビラ山・二ッ岳,NaN,NaN,,NaN,,,,strong,true,missing_csv_coordinate;timezone_ambiguity;multiple_mountains_for_candidate;near_tie_candidates_for_mountain,
161,エビラ山,summit-candidate:cf97b8470d2ed1d7,3,4,0.65,medium,v3_conflict_case,fallback_name_municipality,yamap_2022-11-05_04_38.gpx,権現山・黒岳・エビラ山・二ッ岳,NaN,NaN,,NaN,,,,strong,true,missing_csv_coordinate;timezone_ambiguity;multiple_mountains_for_candidate;near_tie_candidates_for_mountain,
161,エビラ山,summit-candidate:ffa6a88e4e680fd5,4,4,0.65,medium,v3_conflict_case,fallback_name_municipality,yamap_2022-11-05_04_38.gpx,権現山・黒岳・エビラ山・二ッ岳,NaN,NaN,,NaN,,,,strong,true,missing_csv_coordinate;timezone_ambiguity;multiple_mountains_for_candidate;near_tie_candidates_for_mountain,
162,二ッ岳,summit-candidate:09547fd48f24d064,1,4,0.65,medium,v3_conflict_case,fallback_name_municipality,yamap_2022-11-05_04_38.gpx,権現山・黒岳・エビラ山・二ッ岳,NaN,NaN,,NaN,,,,strong,true,missing_csv_coordinate;timezone_ambiguity;multiple_mountains_for_candidate;near_tie_candidates_for_mountain,
162,二ッ岳,summit-candidate:7ef7c15a52318cc9,2,5,0.65,medium,v3_conflict_case,fallback_name_municipality,yamap_2022-11-05_04_38.gpx,権現山・黒岳・エビラ山・二ッ岳,NaN,NaN,,NaN,,,,strong,true,missing_csv_coordinate;timezone_ambiguity;multiple_mountains_for_candidate;near_tie_candidates_for_mountain,
162,二ッ岳,summit-candidate:cf97b8470d2ed1d7,3,5,0.65,medium,v3_conflict_case,fallback_name_municipality,yamap_2022-11-05_04_38.gpx,権現山・黒岳・エビラ山・二ッ岳,NaN,NaN,,NaN,,,,strong,true,missing_csv_coordinate;timezone_ambiguity;multiple_mountains_for_candidate;near_tie_candidates_for_mountain,
162,二ッ岳,summit-candidate:ffa6a88e4e680fd5,4,5,0.65,medium,v3_conflict_case,fallback_name_municipality,yamap_2022-11-05_04_38.gpx,権現山・黒岳・エビラ山・二ッ岳,NaN,NaN,,NaN,,,,strong,true,missing_csv_coordinate;timezone_ambiguity;multiple_mountains_for_candidate;near_tie_candidates_for_mountain,
163,鹿島山,summit-candidate:e4fbd033b13d73ce,1,1,0.65,medium,v3_candidate_review_required,fallback_name_municipality,yamap_2022-11-07_12_37.gpx,鹿島山,NaN,NaN,,,,,,strong,true,grounding_missing;missing_csv_coordinate;timezone_ambiguity,
164,出石山,summit-candidate:615a70cf4401199b,1,1,0.65,medium,v3_candidate_review_required,fallback_name_municipality,yamap_2022-11-14_13_02.gpx,出石山,NaN,NaN,,NaN,,,,strong,true,missing_csv_coordinate;timezone_ambiguity,
165,綱繰山,summit-candidate:006436491de34784,1,1,0.65,medium,v3_conflict_case,fallback_name_municipality,yamap_2022-11-26_04_41.gpx,銅山峰・西山・綱繰山・獅子舞の鼻・冠山・平家平,NaN,NaN,,NaN,,,,strong,true,missing_csv_coordinate;timezone_ambiguity;multiple_mountains_for_candidate;near_tie_candidates_for_mountain,
165,綱繰山,summit-candidate:53d0e375c60814f6,2,1,0.65,medium,v3_conflict_case,fallback_name_municipality,yamap_2022-11-26_04_41.gpx,銅山峰・西山・綱繰山・獅子舞の鼻・冠山・平家平,NaN,NaN,,NaN,,,,strong,true,missing_csv_coordinate;timezone_ambiguity;multiple_mountains_for_candidate;near_tie_candidates_for_mountain,
165,綱繰山,summit-candidate:a00d481162af54e2,3,2,0.65,medium,v3_conflict_case,fallback_name_municipality,yamap_2022-11-26_04_41.gpx,銅山峰・西山・綱繰山・獅子舞の鼻・冠山・平家平,NaN,NaN,,NaN,,,,strong,true,missing_csv_coordinate;timezone_ambiguity;multiple_mountains_for_candidate;near_tie_candidates_for_mountain,
165,綱繰山,summit-candidate:a03fbec9bab2fe7a,4,1,0.65,medium,v3_conflict_case,fallback_name_municipality,yamap_2022-11-26_04_41.gpx,銅山峰・西山・綱繰山・獅子舞の鼻・冠山・平家平,NaN,NaN,,NaN,,,,strong,true,missing_csv_coordinate;timezone_ambiguity;multiple_mountains_for_candidate;near_tie_candidates_for_mountain,
165,綱繰山,summit-candidate:a557f14fb032a808,5,1,0.65,medium,v3_conflict_case,fallback_name_municipality,yamap_2022-11-26_04_41.gpx,銅山峰・西山・綱繰山・獅子舞の鼻・冠山・平家平,NaN,NaN,,NaN,,,,strong,true,missing_csv_coordinate;timezone_ambiguity;multiple_mountains_for_candidate;near_tie_candidates_for_mountain,
165,綱繰山,summit-candidate:c256cfef3720557f,6,2,0.65,medium,v3_conflict_case,fallback_name_municipality,yamap_2022-11-26_04_41.gpx,銅山峰・西山・綱繰山・獅子舞の鼻・冠山・平家平,NaN,NaN,,NaN,,,,strong,true,missing_csv_coordinate;timezone_ambiguity;multiple_mountains_for_candidate;near_tie_candidates_for_mountain,
166,獅子舞の鼻,summit-candidate:006436491de34784,1,2,0.65,medium,v3_conflict_case,fallback_name_municipality,yamap_2022-11-26_04_41.gpx,銅山峰・西山・綱繰山・獅子舞の鼻・冠山・平家平,NaN,NaN,,NaN,,,,strong,true,missing_csv_coordinate;timezone_ambiguity;multiple_mountains_for_candidate;near_tie_candidates_for_mountain,
166,獅子舞の鼻,summit-candidate:53d0e375c60814f6,2,2,0.65,medium,v3_conflict_case,fallback_name_municipality,yamap_2022-11-26_04_41.gpx,銅山峰・西山・綱繰山・獅子舞の鼻・冠山・平家平,NaN,NaN,,NaN,,,,strong,true,missing_csv_coordinate;timezone_ambiguity;multiple_mountains_for_candidate;near_tie_candidates_for_mountain,
166,獅子舞の鼻,summit-candidate:a00d481162af54e2,3,3,0.65,medium,v3_conflict_case,fallback_name_municipality,yamap_2022-11-26_04_41.gpx,銅山峰・西山・綱繰山・獅子舞の鼻・冠山・平家平,NaN,NaN,,NaN,,,,strong,true,missing_csv_coordinate;timezone_ambiguity;multiple_mountains_for_candidate;near_tie_candidates_for_mountain,
166,獅子舞の鼻,summit-candidate:a03fbec9bab2fe7a,4,2,0.65,medium,v3_conflict_case,fallback_name_municipality,yamap_2022-11-26_04_41.gpx,銅山峰・西山・綱繰山・獅子舞の鼻・冠山・平家平,NaN,NaN,,NaN,,,,strong,true,missing_csv_coordinate;timezone_ambiguity;multiple_mountains_for_candidate;near_tie_candidates_for_mountain,
166,獅子舞の鼻,summit-candidate:a557f14fb032a808,5,2,0.65,medium,v3_conflict_case,fallback_name_municipality,yamap_2022-11-26_04_41.gpx,銅山峰・西山・綱繰山・獅子舞の鼻・冠山・平家平,NaN,NaN,,NaN,,,,strong,true,missing_csv_coordinate;timezone_ambiguity;multiple_mountains_for_candidate;near_tie_candidates_for_mountain,
166,獅子舞の鼻,summit-candidate:c256cfef3720557f,6,3,0.65,medium,v3_conflict_case,fallback_name_municipality,yamap_2022-11-26_04_41.gpx,銅山峰・西山・綱繰山・獅子舞の鼻・冠山・平家平,NaN,NaN,,NaN,,,,strong,true,missing_csv_coordinate;timezone_ambiguity;multiple_mountains_for_candidate;near_tie_candidates_for_mountain,
167,冠山,summit-candidate:006436491de34784,1,3,0.65,medium,v3_conflict_case,fallback_name_municipality,yamap_2022-11-26_04_41.gpx,銅山峰・西山・綱繰山・獅子舞の鼻・冠山・平家平,NaN,NaN,,NaN,,,,strong,true,missing_csv_coordinate;timezone_ambiguity;multiple_mountains_for_candidate;near_tie_candidates_for_mountain,
167,冠山,summit-candidate:53d0e375c60814f6,2,3,0.65,medium,v3_conflict_case,fallback_name_municipality,yamap_2022-11-26_04_41.gpx,銅山峰・西山・綱繰山・獅子舞の鼻・冠山・平家平,NaN,NaN,,NaN,,,,strong,true,missing_csv_coordinate;timezone_ambiguity;multiple_mountains_for_candidate;near_tie_candidates_for_mountain,
167,冠山,summit-candidate:a00d481162af54e2,3,4,0.65,medium,v3_conflict_case,fallback_name_municipality,yamap_2022-11-26_04_41.gpx,銅山峰・西山・綱繰山・獅子舞の鼻・冠山・平家平,NaN,NaN,,NaN,,,,strong,true,missing_csv_coordinate;timezone_ambiguity;multiple_mountains_for_candidate;near_tie_candidates_for_mountain,
167,冠山,summit-candidate:a03fbec9bab2fe7a,4,3,0.65,medium,v3_conflict_case,fallback_name_municipality,yamap_2022-11-26_04_41.gpx,銅山峰・西山・綱繰山・獅子舞の鼻・冠山・平家平,NaN,NaN,,NaN,,,,strong,true,missing_csv_coordinate;timezone_ambiguity;multiple_mountains_for_candidate;near_tie_candidates_for_mountain,
167,冠山,summit-candidate:a557f14fb032a808,5,3,0.65,medium,v3_conflict_case,fallback_name_municipality,yamap_2022-11-26_04_41.gpx,銅山峰・西山・綱繰山・獅子舞の鼻・冠山・平家平,NaN,NaN,,NaN,,,,strong,true,missing_csv_coordinate;timezone_ambiguity;multiple_mountains_for_candidate;near_tie_candidates_for_mountain,
167,冠山,summit-candidate:c256cfef3720557f,6,4,0.65,medium,v3_conflict_case,fallback_name_municipality,yamap_2022-11-26_04_41.gpx,銅山峰・西山・綱繰山・獅子舞の鼻・冠山・平家平,NaN,NaN,,NaN,,,,strong,true,missing_csv_coordinate;timezone_ambiguity;multiple_mountains_for_candidate;near_tie_candidates_for_mountain,
168,遠ヶ森,summit-candidate:02fa4cfab6fa90d3,1,1,0.65,medium,v3_candidate_review_required,fallback_name_municipality,yamap_2022-12-12_08_41.gpx,遠ヶ森,NaN,NaN,,NaN,,,,strong,true,missing_csv_coordinate;timezone_ambiguity,
169,扇山,summit-candidate:9acc21860aa8a208,1,1,0.65,medium,v3_conflict_case,fallback_name_municipality,yamap_2022-12-12_10_30.gpx,扇山,NaN,NaN,,,,,,strong,true,grounding_missing;missing_csv_coordinate;timezone_ambiguity;multiple_mountains_for_candidate,
170,高山,summit-candidate:101c1b0635c0bec0,1,1,0.65,medium,v3_conflict_case,fallback_name_municipality,yamap_2022-12-25_10_09.gpx,高山,NaN,NaN,,NaN,,,,strong,true,missing_csv_coordinate;timezone_ambiguity;multiple_mountains_for_candidate,
170,高山,summit-candidate:8ff6361109e5ed5c,2,5,0.55,low,v3_conflict_case,fallback_name_only_review,yamap_2025-03-20_08_27.gpx,高山・大里山・泰ノ山,NaN,NaN,,NaN,,,,strong,true,municipality_mismatch;missing_csv_coordinate;timezone_ambiguity;multiple_mountains_for_candidate,
170,高山,summit-candidate:98457196a66e294d,3,5,0.55,low,v3_conflict_case,fallback_name_only_review,yamap_2025-03-20_08_27.gpx,高山・大里山・泰ノ山,NaN,NaN,,NaN,,,,strong,true,municipality_mismatch;missing_csv_coordinate;timezone_ambiguity;multiple_mountains_for_candidate,
170,高山,summit-candidate:c9aa57cdeb1b49fa,4,5,0.55,low,v3_conflict_case,fallback_name_only_review,yamap_2025-03-20_08_27.gpx,高山・大里山・泰ノ山,NaN,NaN,,NaN,,,,strong,true,municipality_mismatch;missing_csv_coordinate;timezone_ambiguity;multiple_mountains_for_candidate,
170,高山,summit-candidate:fe8f624bdaa57afd,5,5,0.55,low,v3_conflict_case,fallback_name_only_review,yamap_2025-03-20_08_27.gpx,高山・大里山・泰ノ山,NaN,NaN,,NaN,,,,strong,true,municipality_mismatch;missing_csv_coordinate;timezone_ambiguity;multiple_mountains_for_candidate,
173,近見山,summit-candidate:d5b708b4d3aa86a0,1,1,0.65,medium,v3_candidate_review_required,fallback_name_municipality,yamap_2022-12-25_11_41.gpx,近見山,NaN,NaN,,,,,,strong,true,grounding_missing;missing_csv_coordinate;timezone_ambiguity,
174,唐子山,summit-candidate:71f4bbfe52f75585,1,1,0.65,medium,v3_candidate_review_required,fallback_name_municipality,yamap_2022-12-25_12_44.gpx,唐子山,NaN,NaN,,,,,,strong,true,grounding_missing;missing_csv_coordinate;timezone_ambiguity,
175,医王山,summit-candidate:1ed32ce6414c2781,1,1,0.65,medium,v3_candidate_review_required,fallback_name_municipality,yamap_2022-12-25_13_36.gpx,医王山,NaN,NaN,,NaN,,,,strong,true,missing_csv_coordinate;timezone_ambiguity,
179,天山,summit-candidate:45f49d8fd831427c,1,2,0.65,medium,v3_conflict_case,fallback_name_municipality,yamap_2023-01-06_11_33.gpx,岩子山・垣生山・津田山・弁天山,NaN,NaN,,NaN,,,,strong,true,missing_csv_coordinate;timezone_ambiguity;multiple_mountains_for_candidate;near_tie_candidates_for_mountain,
179,天山,summit-candidate:49cfd09def5fce03,2,2,0.65,medium,v3_conflict_case,fallback_name_municipality,yamap_2023-01-06_11_33.gpx,岩子山・垣生山・津田山・弁天山,NaN,NaN,,NaN,,,,strong,true,missing_csv_coordinate;timezone_ambiguity;multiple_mountains_for_candidate;near_tie_candidates_for_mountain,
179,天山,summit-candidate:8178723bbadb1c72,3,2,0.65,medium,v3_conflict_case,fallback_name_municipality,yamap_2023-01-06_11_33.gpx,岩子山・垣生山・津田山・弁天山,NaN,NaN,,NaN,,,,strong,true,missing_csv_coordinate;timezone_ambiguity;multiple_mountains_for_candidate;near_tie_candidates_for_mountain,
179,天山,summit-candidate:ea18d38abe59ed57,4,2,0.65,medium,v3_conflict_case,fallback_name_municipality,yamap_2023-01-06_11_33.gpx,岩子山・垣生山・津田山・弁天山,NaN,NaN,,NaN,,,,strong,true,missing_csv_coordinate;timezone_ambiguity;multiple_mountains_for_candidate;near_tie_candidates_for_mountain,
179,天山,summit-candidate:0f09bdcc25daff65,5,2,0.55,low,v3_conflict_case,fallback_name_only_review,yamap_2025-02-24_07_30.gpx,無宗天山,NaN,NaN,,NaN,,,,strong,true,municipality_mismatch;missing_csv_coordinate;timezone_ambiguity;multiple_mountains_for_candidate;near_tie_candidates_for_mountain,
180,東山,summit-candidate:124ae25a51aa9a64,1,5,0.65,medium,v3_conflict_case,fallback_name_municipality,yamap_2022-05-15_06_10.gpx,割石東山・青滝山・堂ヶ森,NaN,NaN,,NaN,,,,strong,true,missing_csv_coordinate;timezone_ambiguity;multiple_mountains_for_candidate;near_tie_candidates_for_mountain,
180,東山,summit-candidate:242762a3c600ff91,2,5,0.65,medium,v3_conflict_case,fallback_name_municipality,yamap_2022-05-15_06_10.gpx,割石東山・青滝山・堂ヶ森,NaN,NaN,,NaN,,,,strong,true,missing_csv_coordinate;timezone_ambiguity;multiple_mountains_for_candidate;near_tie_candidates_for_mountain,
180,東山,summit-candidate:2b7cce23b57844a5,3,3,0.65,medium,v3_conflict_case,fallback_name_municipality,yamap_2022-10-08_06_12.gpx,東山・西赤石山・物住頭・前赤石山・東赤石山・八巻山,NaN,NaN,,NaN,,,,strong,true,missing_csv_coordinate;timezone_ambiguity;multiple_mountains_for_candidate;near_tie_candidates_for_mountain,
180,東山,summit-candidate:2b97141dc260a078,4,5,0.65,medium,v3_conflict_case,fallback_name_municipality,yamap_2022-05-15_06_10.gpx,割石東山・青滝山・堂ヶ森,NaN,NaN,,NaN,,,,strong,true,missing_csv_coordinate;timezone_ambiguity;multiple_mountains_for_candidate;near_tie_candidates_for_mountain,
180,東山,summit-candidate:5104c47f17101d63,5,2,0.65,medium,v3_conflict_case,fallback_name_municipality,yamap_2022-10-08_06_12.gpx,東山・西赤石山・物住頭・前赤石山・東赤石山・八巻山,NaN,NaN,,NaN,,,,strong,true,missing_csv_coordinate;timezone_ambiguity;multiple_mountains_for_candidate;near_tie_candidates_for_mountain,
180,東山,summit-candidate:61a5956a49a7ace2,6,3,0.65,medium,v3_conflict_case,fallback_name_municipality,yamap_2022-10-08_06_12.gpx,東山・西赤石山・物住頭・前赤石山・東赤石山・八巻山,NaN,NaN,,NaN,,,,strong,true,missing_csv_coordinate;timezone_ambiguity;multiple_mountains_for_candidate;near_tie_candidates_for_mountain,
180,東山,summit-candidate:e2bdd25969c7f122,7,2,0.65,medium,v3_conflict_case,fallback_name_municipality,yamap_2022-10-08_06_12.gpx,東山・西赤石山・物住頭・前赤石山・東赤石山・八巻山,NaN,NaN,,NaN,,,,strong,true,missing_csv_coordinate;timezone_ambiguity;multiple_mountains_for_candidate;near_tie_candidates_for_mountain,
180,東山,summit-candidate:4b33f9c73e644793,8,5,0.55,low,v3_conflict_case,fallback_name_only_review,yamap_2022-05-15_06_10.gpx,割石東山・青滝山・堂ヶ森,NaN,NaN,,NaN,,,,strong,true,municipality_mismatch;missing_csv_coordinate;timezone_ambiguity;multiple_mountains_for_candidate;near_tie_candidates_for_mountain,
180,東山,summit-candidate:57e8c6cb102c9500,9,5,0.55,low,v3_conflict_case,fallback_name_only_review,yamap_2022-05-15_06_10.gpx,割石東山・青滝山・堂ヶ森,NaN,NaN,,NaN,,,,strong,true,municipality_mismatch;missing_csv_coordinate;timezone_ambiguity;multiple_mountains_for_candidate;near_tie_candidates_for_mountain,
180,東山,summit-candidate:bb644412fd9a132c,10,5,0.55,low,v3_conflict_case,fallback_name_only_review,yamap_2022-05-15_06_10.gpx,割石東山・青滝山・堂ヶ森,NaN,NaN,,NaN,,,,strong,true,municipality_mismatch;missing_csv_coordinate;timezone_ambiguity;multiple_mountains_for_candidate;near_tie_candidates_for_mountain,
181,星岡山,summit-candidate:5c9365b2a5a9c97f,1,1,0.65,medium,v3_candidate_review_required,fallback_name_municipality,yamap_2022-12-31_15_00.gpx,星岡山,NaN,NaN,,NaN,,,,strong,true,missing_csv_coordinate;timezone_sensitive_activity_link,
182,河原樋山,summit-candidate:4fec4dd128e55ab0,1,1,0.65,medium,v3_conflict_case,fallback_name_municipality,yamap_2023-01-03_07_36.gpx,福見山・河原樋山・真松嶺・柿王寺森,NaN,NaN,,NaN,,,,strong,true,missing_csv_coordinate;timezone_ambiguity;multiple_mountains_for_candidate;near_tie_candidates_for_mountain,
182,河原樋山,summit-candidate:74dd1729abbd7bb5,2,1,0.65,medium,v3_conflict_case,fallback_name_municipality,yamap_2023-01-03_07_36.gpx,福見山・河原樋山・真松嶺・柿王寺森,NaN,NaN,,NaN,,,,strong,true,missing_csv_coordinate;timezone_ambiguity;multiple_mountains_for_candidate;near_tie_candidates_for_mountain,
182,河原樋山,summit-candidate:90f628409cfebc32,3,1,0.65,medium,v3_conflict_case,fallback_name_municipality,yamap_2023-01-03_07_36.gpx,福見山・河原樋山・真松嶺・柿王寺森,NaN,NaN,,NaN,,,,strong,true,missing_csv_coordinate;timezone_ambiguity;multiple_mountains_for_candidate;near_tie_candidates_for_mountain,
182,河原樋山,summit-candidate:b1d864fd1fcc9dcb,4,1,0.65,medium,v3_conflict_case,fallback_name_municipality,yamap_2023-01-03_07_36.gpx,福見山・河原樋山・真松嶺・柿王寺森,NaN,NaN,,NaN,,,,strong,true,missing_csv_coordinate;timezone_ambiguity;multiple_mountains_for_candidate;near_tie_candidates_for_mountain,
182,河原樋山,summit-candidate:f2aae42aff3dea24,5,1,0.65,medium,v3_conflict_case,fallback_name_municipality,yamap_2023-01-03_07_36.gpx,福見山・河原樋山・真松嶺・柿王寺森,NaN,NaN,,NaN,,,,strong,true,missing_csv_coordinate;timezone_ambiguity;multiple_mountains_for_candidate;near_tie_candidates_for_mountain,
183,真松嶺,summit-candidate:4fec4dd128e55ab0,1,2,0.65,medium,v3_conflict_case,fallback_name_municipality,yamap_2023-01-03_07_36.gpx,福見山・河原樋山・真松嶺・柿王寺森,NaN,NaN,,NaN,,,,strong,true,missing_csv_coordinate;timezone_ambiguity;multiple_mountains_for_candidate;near_tie_candidates_for_mountain,
183,真松嶺,summit-candidate:74dd1729abbd7bb5,2,2,0.65,medium,v3_conflict_case,fallback_name_municipality,yamap_2023-01-03_07_36.gpx,福見山・河原樋山・真松嶺・柿王寺森,NaN,NaN,,NaN,,,,strong,true,missing_csv_coordinate;timezone_ambiguity;multiple_mountains_for_candidate;near_tie_candidates_for_mountain,
183,真松嶺,summit-candidate:90f628409cfebc32,3,2,0.65,medium,v3_conflict_case,fallback_name_municipality,yamap_2023-01-03_07_36.gpx,福見山・河原樋山・真松嶺・柿王寺森,NaN,NaN,,NaN,,,,strong,true,missing_csv_coordinate;timezone_ambiguity;multiple_mountains_for_candidate;near_tie_candidates_for_mountain,
183,真松嶺,summit-candidate:b1d864fd1fcc9dcb,4,2,0.65,medium,v3_conflict_case,fallback_name_municipality,yamap_2023-01-03_07_36.gpx,福見山・河原樋山・真松嶺・柿王寺森,NaN,NaN,,NaN,,,,strong,true,missing_csv_coordinate;timezone_ambiguity;multiple_mountains_for_candidate;near_tie_candidates_for_mountain,
183,真松嶺,summit-candidate:f2aae42aff3dea24,5,2,0.65,medium,v3_conflict_case,fallback_name_municipality,yamap_2023-01-03_07_36.gpx,福見山・河原樋山・真松嶺・柿王寺森,NaN,NaN,,NaN,,,,strong,true,missing_csv_coordinate;timezone_ambiguity;multiple_mountains_for_candidate;near_tie_candidates_for_mountain,
184,柿王寺森,summit-candidate:4fec4dd128e55ab0,1,3,0.65,medium,v3_conflict_case,fallback_name_municipality,yamap_2023-01-03_07_36.gpx,福見山・河原樋山・真松嶺・柿王寺森,NaN,NaN,,NaN,,,,strong,true,missing_csv_coordinate;timezone_ambiguity;multiple_mountains_for_candidate;near_tie_candidates_for_mountain,
184,柿王寺森,summit-candidate:74dd1729abbd7bb5,2,3,0.65,medium,v3_conflict_case,fallback_name_municipality,yamap_2023-01-03_07_36.gpx,福見山・河原樋山・真松嶺・柿王寺森,NaN,NaN,,NaN,,,,strong,true,missing_csv_coordinate;timezone_ambiguity;multiple_mountains_for_candidate;near_tie_candidates_for_mountain,
184,柿王寺森,summit-candidate:90f628409cfebc32,3,3,0.65,medium,v3_conflict_case,fallback_name_municipality,yamap_2023-01-03_07_36.gpx,福見山・河原樋山・真松嶺・柿王寺森,NaN,NaN,,NaN,,,,strong,true,missing_csv_coordinate;timezone_ambiguity;multiple_mountains_for_candidate;near_tie_candidates_for_mountain,
184,柿王寺森,summit-candidate:b1d864fd1fcc9dcb,4,3,0.65,medium,v3_conflict_case,fallback_name_municipality,yamap_2023-01-03_07_36.gpx,福見山・河原樋山・真松嶺・柿王寺森,NaN,NaN,,NaN,,,,strong,true,missing_csv_coordinate;timezone_ambiguity;multiple_mountains_for_candidate;near_tie_candidates_for_mountain,
184,柿王寺森,summit-candidate:f2aae42aff3dea24,5,3,0.65,medium,v3_conflict_case,fallback_name_municipality,yamap_2023-01-03_07_36.gpx,福見山・河原樋山・真松嶺・柿王寺森,NaN,NaN,,NaN,,,,strong,true,missing_csv_coordinate;timezone_ambiguity;multiple_mountains_for_candidate;near_tie_candidates_for_mountain,
185,岩子山,summit-candidate:23c112538ef91e0d,1,5,0.65,medium,v3_conflict_case,fallback_name_municipality,yamap_2022-02-23_08_42.gpx,西山・経ヶ森・岩子山・護摩ヶ森,NaN,NaN,,NaN,,,,strong,true,missing_csv_coordinate;timezone_ambiguity;multiple_mountains_for_candidate;near_tie_candidates_for_mountain,
185,岩子山,summit-candidate:45f49d8fd831427c,2,3,0.65,medium,v3_conflict_case,fallback_name_municipality,yamap_2023-01-06_11_33.gpx,岩子山・垣生山・津田山・弁天山,NaN,NaN,,NaN,,,,strong,true,missing_csv_coordinate;timezone_ambiguity;multiple_mountains_for_candidate;near_tie_candidates_for_mountain,
185,岩子山,summit-candidate:49cfd09def5fce03,3,3,0.65,medium,v3_conflict_case,fallback_name_municipality,yamap_2023-01-06_11_33.gpx,岩子山・垣生山・津田山・弁天山,NaN,NaN,,NaN,,,,strong,true,missing_csv_coordinate;timezone_ambiguity;multiple_mountains_for_candidate;near_tie_candidates_for_mountain,
185,岩子山,summit-candidate:8178723bbadb1c72,4,3,0.65,medium,v3_conflict_case,fallback_name_municipality,yamap_2023-01-06_11_33.gpx,岩子山・垣生山・津田山・弁天山,NaN,NaN,,NaN,,,,strong,true,missing_csv_coordinate;timezone_ambiguity;multiple_mountains_for_candidate;near_tie_candidates_for_mountain,
185,岩子山,summit-candidate:bdfa250c89c1ca90,5,5,0.65,medium,v3_conflict_case,fallback_name_municipality,yamap_2022-02-23_08_42.gpx,西山・経ヶ森・岩子山・護摩ヶ森,NaN,NaN,,NaN,,,,strong,true,missing_csv_coordinate;timezone_ambiguity;multiple_mountains_for_candidate;near_tie_candidates_for_mountain,
185,岩子山,summit-candidate:ea18d38abe59ed57,6,3,0.65,medium,v3_conflict_case,fallback_name_municipality,yamap_2023-01-06_11_33.gpx,岩子山・垣生山・津田山・弁天山,NaN,NaN,,NaN,,,,strong,true,missing_csv_coordinate;timezone_ambiguity;multiple_mountains_for_candidate;near_tie_candidates_for_mountain,
186,垣生山,summit-candidate:45f49d8fd831427c,1,4,0.65,medium,v3_conflict_case,fallback_name_municipality,yamap_2023-01-06_11_33.gpx,岩子山・垣生山・津田山・弁天山,NaN,NaN,,NaN,,,,strong,true,missing_csv_coordinate;timezone_ambiguity;multiple_mountains_for_candidate;near_tie_candidates_for_mountain,
186,垣生山,summit-candidate:49cfd09def5fce03,2,4,0.65,medium,v3_conflict_case,fallback_name_municipality,yamap_2023-01-06_11_33.gpx,岩子山・垣生山・津田山・弁天山,NaN,NaN,,NaN,,,,strong,true,missing_csv_coordinate;timezone_ambiguity;multiple_mountains_for_candidate;near_tie_candidates_for_mountain,
186,垣生山,summit-candidate:8178723bbadb1c72,3,4,0.65,medium,v3_conflict_case,fallback_name_municipality,yamap_2023-01-06_11_33.gpx,岩子山・垣生山・津田山・弁天山,NaN,NaN,,NaN,,,,strong,true,missing_csv_coordinate;timezone_ambiguity;multiple_mountains_for_candidate;near_tie_candidates_for_mountain,
186,垣生山,summit-candidate:ea18d38abe59ed57,4,4,0.65,medium,v3_conflict_case,fallback_name_municipality,yamap_2023-01-06_11_33.gpx,岩子山・垣生山・津田山・弁天山,NaN,NaN,,NaN,,,,strong,true,missing_csv_coordinate;timezone_ambiguity;multiple_mountains_for_candidate;near_tie_candidates_for_mountain,
186,垣生山,summit-candidate:6c20bef6dc4e973b,5,2,0.55,low,v3_conflict_case,fallback_name_only_review,yamap_2025-01-30_12_21.gpx,垣生山,NaN,NaN,,NaN,,,,strong,true,municipality_mismatch;missing_csv_coordinate;timezone_ambiguity;multiple_mountains_for_candidate;near_tie_candidates_for_mountain,
187,津田山,summit-candidate:45f49d8fd831427c,1,5,0.65,medium,v3_conflict_case,fallback_name_municipality,yamap_2023-01-06_11_33.gpx,岩子山・垣生山・津田山・弁天山,NaN,NaN,,NaN,,,,strong,true,missing_csv_coordinate;timezone_ambiguity;multiple_mountains_for_candidate;near_tie_candidates_for_mountain,
187,津田山,summit-candidate:49cfd09def5fce03,2,5,0.65,medium,v3_conflict_case,fallback_name_municipality,yamap_2023-01-06_11_33.gpx,岩子山・垣生山・津田山・弁天山,NaN,NaN,,NaN,,,,strong,true,missing_csv_coordinate;timezone_ambiguity;multiple_mountains_for_candidate;near_tie_candidates_for_mountain,
187,津田山,summit-candidate:8178723bbadb1c72,3,5,0.65,medium,v3_conflict_case,fallback_name_municipality,yamap_2023-01-06_11_33.gpx,岩子山・垣生山・津田山・弁天山,NaN,NaN,,NaN,,,,strong,true,missing_csv_coordinate;timezone_ambiguity;multiple_mountains_for_candidate;near_tie_candidates_for_mountain,
187,津田山,summit-candidate:ea18d38abe59ed57,4,5,0.65,medium,v3_conflict_case,fallback_name_municipality,yamap_2023-01-06_11_33.gpx,岩子山・垣生山・津田山・弁天山,NaN,NaN,,NaN,,,,strong,true,missing_csv_coordinate;timezone_ambiguity;multiple_mountains_for_candidate;near_tie_candidates_for_mountain,
188,弁天山,summit-candidate:45f49d8fd831427c,1,6,0.65,medium,v3_conflict_case,fallback_name_municipality,yamap_2023-01-06_11_33.gpx,岩子山・垣生山・津田山・弁天山,NaN,NaN,,NaN,,,,strong,true,missing_csv_coordinate;timezone_ambiguity;multiple_mountains_for_candidate;near_tie_candidates_for_mountain,
188,弁天山,summit-candidate:49cfd09def5fce03,2,6,0.65,medium,v3_conflict_case,fallback_name_municipality,yamap_2023-01-06_11_33.gpx,岩子山・垣生山・津田山・弁天山,NaN,NaN,,NaN,,,,strong,true,missing_csv_coordinate;timezone_ambiguity;multiple_mountains_for_candidate;near_tie_candidates_for_mountain,
188,弁天山,summit-candidate:8178723bbadb1c72,3,6,0.65,medium,v3_conflict_case,fallback_name_municipality,yamap_2023-01-06_11_33.gpx,岩子山・垣生山・津田山・弁天山,NaN,NaN,,NaN,,,,strong,true,missing_csv_coordinate;timezone_ambiguity;multiple_mountains_for_candidate;near_tie_candidates_for_mountain,
188,弁天山,summit-candidate:ea18d38abe59ed57,4,6,0.65,medium,v3_conflict_case,fallback_name_municipality,yamap_2023-01-06_11_33.gpx,岩子山・垣生山・津田山・弁天山,NaN,NaN,,NaN,,,,strong,true,missing_csv_coordinate;timezone_ambiguity;multiple_mountains_for_candidate;near_tie_candidates_for_mountain,
189,権現山,summit-candidate:047b9599ec28c6ad,1,1,0.65,medium,v3_conflict_case,fallback_name_municipality,yamap_2023-01-08_09_18.gpx,権現山,NaN,NaN,,,,,,strong,true,grounding_missing;missing_csv_coordinate;timezone_ambiguity;multiple_mountains_for_candidate;near_tie_candidates_for_mountain,
189,権現山,summit-candidate:2c817617699a0a45,2,6,0.65,medium,v3_conflict_case,fallback_name_municipality,yamap_2022-02-06_08_26.gpx,谷上山・権現山・白滝山・障子山,NaN,NaN,,,,,,strong,true,grounding_missing;missing_csv_coordinate;timezone_ambiguity;multiple_mountains_for_candidate;near_tie_candidates_for_mountain,
189,権現山,summit-candidate:32bb5e7e1071e808,3,1,0.65,medium,v3_conflict_case,fallback_name_municipality,yamap_2023-01-08_09_18.gpx,権現山,NaN,NaN,,,,,,strong,true,grounding_missing;missing_csv_coordinate;timezone_ambiguity;multiple_mountains_for_candidate;near_tie_candidates_for_mountain,
189,権現山,summit-candidate:7ef7c15a52318cc9,4,6,0.65,medium,v3_conflict_case,fallback_name_municipality,yamap_2022-11-05_04_38.gpx,権現山・黒岳・エビラ山・二ッ岳,NaN,NaN,,,,,,strong,true,grounding_missing;missing_csv_coordinate;timezone_ambiguity;multiple_mountains_for_candidate;near_tie_candidates_for_mountain,
189,権現山,summit-candidate:a0ef25e9a532b62e,5,6,0.65,medium,v3_conflict_case,fallback_name_municipality,yamap_2022-02-06_08_26.gpx,谷上山・権現山・白滝山・障子山,NaN,NaN,,,,,,strong,true,grounding_missing;missing_csv_coordinate;timezone_ambiguity;multiple_mountains_for_candidate;near_tie_candidates_for_mountain,
189,権現山,summit-candidate:c94d8d76133fda1a,6,6,0.65,medium,v3_conflict_case,fallback_name_municipality,yamap_2022-02-06_08_26.gpx,谷上山・権現山・白滝山・障子山,NaN,NaN,,,,,,strong,true,grounding_missing;missing_csv_coordinate;timezone_ambiguity;multiple_mountains_for_candidate;near_tie_candidates_for_mountain,
189,権現山,summit-candidate:cf97b8470d2ed1d7,7,6,0.65,medium,v3_conflict_case,fallback_name_municipality,yamap_2022-11-05_04_38.gpx,権現山・黒岳・エビラ山・二ッ岳,NaN,NaN,,,,,,strong,true,grounding_missing;missing_csv_coordinate;timezone_ambiguity;multiple_mountains_for_candidate;near_tie_candidates_for_mountain,
189,権現山,summit-candidate:df6b60d513f5518e,8,3,0.65,medium,v3_conflict_case,fallback_name_municipality,yamap_2024-07-06_10_01.gpx,子持権現山・男山・瓶ヶ森,NaN,NaN,,,,,,strong,true,grounding_missing;missing_csv_coordinate;timezone_ambiguity;multiple_mountains_for_candidate;near_tie_candidates_for_mountain,
189,権現山,summit-candidate:ea5f711625df386b,9,6,0.65,medium,v3_conflict_case,fallback_name_municipality,yamap_2022-02-06_08_26.gpx,谷上山・権現山・白滝山・障子山,NaN,NaN,,,,,,strong,true,grounding_missing;missing_csv_coordinate;timezone_ambiguity;multiple_mountains_for_candidate;near_tie_candidates_for_mountain,
189,権現山,summit-candidate:ffa6a88e4e680fd5,10,6,0.65,medium,v3_conflict_case,fallback_name_municipality,yamap_2022-11-05_04_38.gpx,権現山・黒岳・エビラ山・二ッ岳,NaN,NaN,,,,,,strong,true,grounding_missing;missing_csv_coordinate;timezone_ambiguity;multiple_mountains_for_candidate;near_tie_candidates_for_mountain,
189,権現山,summit-candidate:09547fd48f24d064,11,6,0.55,low,v3_conflict_case,fallback_name_only_review,yamap_2022-11-05_04_38.gpx,権現山・黒岳・エビラ山・二ッ岳,NaN,NaN,,,,,,strong,true,grounding_missing;municipality_mismatch;missing_csv_coordinate;timezone_ambiguity;multiple_mountains_for_candidate;near_tie_candidates_for_mountain,
189,権現山,summit-candidate:0c2609d9e7e31a00,12,6,0.55,low,v3_conflict_case,fallback_name_only_review,yamap_2022-10-16_10_19.gpx,楢原山・古権現山・中三方ヶ森,NaN,NaN,,,,,,strong,true,grounding_missing;municipality_mismatch;missing_csv_coordinate;timezone_ambiguity;multiple_mountains_for_candidate;near_tie_candidates_for_mountain,
189,権現山,summit-candidate:0eff3d1ea2b48d73,13,6,0.55,low,v3_conflict_case,fallback_name_only_review,yamap_2022-02-06_08_26.gpx,谷上山・権現山・白滝山・障子山,NaN,NaN,,,,,,strong,true,grounding_missing;municipality_mismatch;missing_csv_coordinate;timezone_ambiguity;multiple_mountains_for_candidate;near_tie_candidates_for_mountain,
189,権現山,summit-candidate:17b2365d322cd022,14,6,0.55,low,v3_conflict_case,fallback_name_only_review,yamap_2022-10-16_10_19.gpx,楢原山・古権現山・中三方ヶ森,NaN,NaN,,,,,,strong,true,grounding_missing;municipality_mismatch;missing_csv_coordinate;timezone_ambiguity;multiple_mountains_for_candidate;near_tie_candidates_for_mountain,
189,権現山,summit-candidate:2011a6c909945d6f,15,4,0.55,low,v3_conflict_case,fallback_name_only_review,yamap_2026-04-12_11_03.gpx,権現山,NaN,NaN,,,,,,strong,true,grounding_missing;municipality_mismatch;missing_csv_coordinate;timezone_ambiguity;multiple_mountains_for_candidate;near_tie_candidates_for_mountain,
189,権現山,summit-candidate:6756239601754708,16,4,0.55,low,v3_conflict_case,fallback_name_only_review,yamap_2026-02-14_13_33.gpx,権現山,NaN,NaN,,,,,,strong,true,grounding_missing;municipality_mismatch;missing_csv_coordinate;timezone_ambiguity;multiple_mountains_for_candidate;near_tie_candidates_for_mountain,
189,権現山,summit-candidate:84f974876f397da1,17,5,0.55,low,v3_conflict_case,fallback_name_only_review,yamap_2024-02-10_13_09.gpx,権現山,NaN,NaN,,,,,,strong,true,grounding_missing;municipality_mismatch;missing_csv_coordinate;timezone_ambiguity;multiple_mountains_for_candidate;near_tie_candidates_for_mountain,
189,権現山,summit-candidate:bcf5d9d5a90e5cda,18,6,0.55,low,v3_conflict_case,fallback_name_only_review,yamap_2022-10-16_10_19.gpx,楢原山・古権現山・中三方ヶ森,NaN,NaN,,,,,,strong,true,grounding_missing;municipality_mismatch;missing_csv_coordinate;timezone_ambiguity;multiple_mountains_for_candidate;near_tie_candidates_for_mountain,
189,権現山,summit-candidate:c7ac7ff98cacc074,19,6,0.55,low,v3_conflict_case,fallback_name_only_review,yamap_2022-10-16_10_19.gpx,楢原山・古権現山・中三方ヶ森,NaN,NaN,,,,,,strong,true,grounding_missing;municipality_mismatch;missing_csv_coordinate;timezone_ambiguity;multiple_mountains_for_candidate;near_tie_candidates_for_mountain,
189,権現山,summit-candidate:e8b129f70e703be5,20,5,0.55,low,v3_conflict_case,fallback_name_only_review,yamap_2026-03-07_11_08.gpx,権現山,NaN,NaN,,,,,,strong,true,grounding_missing;municipality_mismatch;missing_csv_coordinate;timezone_ambiguity;multiple_mountains_for_candidate;near_tie_candidates_for_mountain,
189,権現山,summit-candidate:f108570a8e33ce90,21,4,0.55,low,v3_conflict_case,fallback_name_only_review,yamap_2023-12-17_07_11.gpx,総津権現山,NaN,NaN,,,,,,strong,true,grounding_missing;municipality_mismatch;missing_csv_coordinate;timezone_ambiguity;multiple_mountains_for_candidate;near_tie_candidates_for_mountain,
189,権現山,summit-candidate:f2538b7f88e2dd06,22,6,0.55,low,v3_conflict_case,fallback_name_only_review,yamap_2024-07-06_10_01.gpx,子持権現山・男山・瓶ヶ森,NaN,NaN,,,,,,strong,true,grounding_missing;municipality_mismatch;missing_csv_coordinate;timezone_ambiguity;multiple_mountains_for_candidate;near_tie_candidates_for_mountain,
190,黒瀬山（黒瀬城址）,summit-candidate:8a7a47d167c1aba6,1,1,0.65,medium,v3_conflict_case,fallback_name_municipality,yamap_2023-01-08_14_24.gpx,黒瀬山(黒瀬城址)・岡山(岡山城址)・鉢ヶ森(鉢ヶ森城址)・護摩ヶ森(護摩ヶ森城址)・我合山(...,NaN,NaN,,NaN,,,,strong,true,missing_csv_coordinate;timezone_ambiguity;multiple_mountains_for_candidate;near_tie_candidates_for_mountain,
190,黒瀬山（黒瀬城址）,summit-candidate:a5f51c62e44d0847,2,1,0.65,medium,v3_conflict_case,fallback_name_municipality,yamap_2023-01-08_14_24.gpx,黒瀬山(黒瀬城址)・岡山(岡山城址)・鉢ヶ森(鉢ヶ森城址)・護摩ヶ森(護摩ヶ森城址)・我合山(...,NaN,NaN,,NaN,,,,strong,true,missing_csv_coordinate;timezone_ambiguity;multiple_mountains_for_candidate;near_tie_candidates_for_mountain,
190,黒瀬山（黒瀬城址）,summit-candidate:a660f8ef78c69ab0,3,1,0.65,medium,v3_conflict_case,fallback_name_municipality,yamap_2023-01-08_14_24.gpx,黒瀬山(黒瀬城址)・岡山(岡山城址)・鉢ヶ森(鉢ヶ森城址)・護摩ヶ森(護摩ヶ森城址)・我合山(...,NaN,NaN,,NaN,,,,strong,true,missing_csv_coordinate;timezone_ambiguity;multiple_mountains_for_candidate;near_tie_candidates_for_mountain,
191,岡山（岡城址）,summit-candidate:1d97e1955af85092,1,2,0.55,low,v3_conflict_case,fallback_name_only_review,yamap_2023-12-17_10_30.gpx,平岡山(平岡城址) ,NaN,NaN,,NaN,,,,strong,true,municipality_mismatch;missing_csv_coordinate;timezone_ambiguity;multiple_mountains_for_candidate,
192,鉢ヶ森（鉢ヶ森城址）,summit-candidate:8a7a47d167c1aba6,1,2,0.65,medium,v3_conflict_case,fallback_name_municipality,yamap_2023-01-08_14_24.gpx,黒瀬山(黒瀬城址)・岡山(岡山城址)・鉢ヶ森(鉢ヶ森城址)・護摩ヶ森(護摩ヶ森城址)・我合山(...,NaN,NaN,,,,,,strong,true,grounding_missing;missing_csv_coordinate;timezone_ambiguity;multiple_mountains_for_candidate;near_tie_candidates_for_mountain,
192,鉢ヶ森（鉢ヶ森城址）,summit-candidate:a5f51c62e44d0847,2,2,0.65,medium,v3_conflict_case,fallback_name_municipality,yamap_2023-01-08_14_24.gpx,黒瀬山(黒瀬城址)・岡山(岡山城址)・鉢ヶ森(鉢ヶ森城址)・護摩ヶ森(護摩ヶ森城址)・我合山(...,NaN,NaN,,,,,,strong,true,grounding_missing;missing_csv_coordinate;timezone_ambiguity;multiple_mountains_for_candidate;near_tie_candidates_for_mountain,
192,鉢ヶ森（鉢ヶ森城址）,summit-candidate:a660f8ef78c69ab0,3,2,0.65,medium,v3_conflict_case,fallback_name_municipality,yamap_2023-01-08_14_24.gpx,黒瀬山(黒瀬城址)・岡山(岡山城址)・鉢ヶ森(鉢ヶ森城址)・護摩ヶ森(護摩ヶ森城址)・我合山(...,NaN,NaN,,,,,,strong,true,grounding_missing;missing_csv_coordinate;timezone_ambiguity;multiple_mountains_for_candidate;near_tie_candidates_for_mountain,
193,護摩ヶ森（護摩ヶ森城址）,summit-candidate:8a7a47d167c1aba6,1,3,0.65,medium,v3_conflict_case,fallback_name_municipality,yamap_2023-01-08_14_24.gpx,黒瀬山(黒瀬城址)・岡山(岡山城址)・鉢ヶ森(鉢ヶ森城址)・護摩ヶ森(護摩ヶ森城址)・我合山(...,NaN,NaN,,,,,,strong,true,grounding_missing;missing_csv_coordinate;timezone_ambiguity;multiple_mountains_for_candidate;near_tie_candidates_for_mountain,
193,護摩ヶ森（護摩ヶ森城址）,summit-candidate:a5f51c62e44d0847,2,3,0.65,medium,v3_conflict_case,fallback_name_municipality,yamap_2023-01-08_14_24.gpx,黒瀬山(黒瀬城址)・岡山(岡山城址)・鉢ヶ森(鉢ヶ森城址)・護摩ヶ森(護摩ヶ森城址)・我合山(...,NaN,NaN,,,,,,strong,true,grounding_missing;missing_csv_coordinate;timezone_ambiguity;multiple_mountains_for_candidate;near_tie_candidates_for_mountain,
193,護摩ヶ森（護摩ヶ森城址）,summit-candidate:a660f8ef78c69ab0,3,3,0.65,medium,v3_conflict_case,fallback_name_municipality,yamap_2023-01-08_14_24.gpx,黒瀬山(黒瀬城址)・岡山(岡山城址)・鉢ヶ森(鉢ヶ森城址)・護摩ヶ森(護摩ヶ森城址)・我合山(...,NaN,NaN,,,,,,strong,true,grounding_missing;missing_csv_coordinate;timezone_ambiguity;multiple_mountains_for_candidate;near_tie_candidates_for_mountain,
195,由良山,summit-candidate:51a919059b1a6dbb,1,1,0.65,medium,v3_conflict_case,fallback_name_municipality,yamap_2023-01-10_10_30.gpx,由良山,NaN,NaN,,NaN,,,,strong,true,missing_csv_coordinate;timezone_ambiguity;near_tie_candidates_for_mountain,
195,由良山,summit-candidate:8f19c4c16e72e270,2,1,0.65,medium,v3_conflict_case,fallback_name_municipality,yamap_2023-01-10_10_30.gpx,由良山,NaN,NaN,,NaN,,,,strong,true,missing_csv_coordinate;timezone_ambiguity;near_tie_candidates_for_mountain,
196,大森山,summit-candidate:830c63408bf56cc5,1,1,0.65,medium,v3_conflict_case,fallback_name_municipality,yamap_2023-01-21_09_56.gpx,大森山,NaN,NaN,,NaN,,,,strong,true,missing_csv_coordinate;timezone_ambiguity;multiple_mountains_for_candidate;near_tie_candidates_for_mountain,
196,大森山,summit-candidate:a80dd0489247a839,2,1,0.65,medium,v3_conflict_case,fallback_name_municipality,yamap_2025-10-11_06_24.gpx,大森山・佐々連尾山・三つ足山,NaN,NaN,,NaN,,,,strong,true,missing_csv_coordinate;timezone_ambiguity;multiple_mountains_for_candidate;near_tie_candidates_for_mountain,
196,大森山,summit-candidate:b3cf76c035511afe,3,1,0.65,medium,v3_conflict_case,fallback_name_municipality,yamap_2026-02-22_06_23.gpx,大森山,NaN,NaN,,NaN,,,,strong,true,missing_csv_coordinate;timezone_ambiguity;multiple_mountains_for_candidate;near_tie_candidates_for_mountain,
196,大森山,summit-candidate:565ba3761956d9b3,4,4,0.55,low,v3_conflict_case,fallback_name_only_review,yamap_2025-10-11_06_24.gpx,大森山・佐々連尾山・三つ足山,NaN,NaN,,NaN,,,,strong,true,municipality_mismatch;missing_csv_coordinate;timezone_ambiguity;multiple_mountains_for_candidate;near_tie_candidates_for_mountain,
198,権現山,summit-candidate:2c817617699a0a45,1,7,0.65,medium,v3_conflict_case,fallback_name_municipality,yamap_2022-02-06_08_26.gpx,谷上山・権現山・白滝山・障子山,NaN,NaN,,NaN,,,,strong,true,missing_csv_coordinate;timezone_ambiguity;multiple_mountains_for_candidate;near_tie_candidates_for_mountain,
198,権現山,summit-candidate:7ef7c15a52318cc9,2,7,0.65,medium,v3_conflict_case,fallback_name_municipality,yamap_2022-11-05_04_38.gpx,権現山・黒岳・エビラ山・二ッ岳,NaN,NaN,,NaN,,,,strong,true,missing_csv_coordinate;timezone_ambiguity;multiple_mountains_for_candidate;near_tie_candidates_for_mountain,
198,権現山,summit-candidate:a0ef25e9a532b62e,3,7,0.65,medium,v3_conflict_case,fallback_name_municipality,yamap_2022-02-06_08_26.gpx,谷上山・権現山・白滝山・障子山,NaN,NaN,,NaN,,,,strong,true,missing_csv_coordinate;timezone_ambiguity;multiple_mountains_for_candidate;near_tie_candidates_for_mountain,
198,権現山,summit-candidate:c94d8d76133fda1a,4,7,0.65,medium,v3_conflict_case,fallback_name_municipality,yamap_2022-02-06_08_26.gpx,谷上山・権現山・白滝山・障子山,NaN,NaN,,NaN,,,,strong,true,missing_csv_coordinate;timezone_ambiguity;multiple_mountains_for_candidate;near_tie_candidates_for_mountain,
198,権現山,summit-candidate:cf97b8470d2ed1d7,5,7,0.65,medium,v3_conflict_case,fallback_name_municipality,yamap_2022-11-05_04_38.gpx,権現山・黒岳・エビラ山・二ッ岳,NaN,NaN,,NaN,,,,strong,true,missing_csv_coordinate;timezone_ambiguity;multiple_mountains_for_candidate;near_tie_candidates_for_mountain,
198,権現山,summit-candidate:df6b60d513f5518e,6,4,0.65,medium,v3_conflict_case,fallback_name_municipality,yamap_2024-07-06_10_01.gpx,子持権現山・男山・瓶ヶ森,NaN,NaN,,NaN,,,,strong,true,missing_csv_coordinate;timezone_ambiguity;multiple_mountains_for_candidate;near_tie_candidates_for_mountain,
198,権現山,summit-candidate:ea5f711625df386b,7,7,0.65,medium,v3_conflict_case,fallback_name_municipality,yamap_2022-02-06_08_26.gpx,谷上山・権現山・白滝山・障子山,NaN,NaN,,NaN,,,,strong,true,missing_csv_coordinate;timezone_ambiguity;multiple_mountains_for_candidate;near_tie_candidates_for_mountain,
198,権現山,summit-candidate:ffa6a88e4e680fd5,8,7,0.65,medium,v3_conflict_case,fallback_name_municipality,yamap_2022-11-05_04_38.gpx,権現山・黒岳・エビラ山・二ッ岳,NaN,NaN,,NaN,,,,strong,true,missing_csv_coordinate;timezone_ambiguity;multiple_mountains_for_candidate;near_tie_candidates_for_mountain,
198,権現山,summit-candidate:047b9599ec28c6ad,9,4,0.55,low,v3_conflict_case,fallback_name_only_review,yamap_2023-01-08_09_18.gpx,権現山,NaN,NaN,,NaN,,,,strong,true,municipality_mismatch;missing_csv_coordinate;timezone_ambiguity;multiple_mountains_for_candidate;near_tie_candidates_for_mountain,
198,権現山,summit-candidate:09547fd48f24d064,10,7,0.55,low,v3_conflict_case,fallback_name_only_review,yamap_2022-11-05_04_38.gpx,権現山・黒岳・エビラ山・二ッ岳,NaN,NaN,,NaN,,,,strong,true,municipality_mismatch;missing_csv_coordinate;timezone_ambiguity;multiple_mountains_for_candidate;near_tie_candidates_for_mountain,
198,権現山,summit-candidate:0c2609d9e7e31a00,11,7,0.55,low,v3_conflict_case,fallback_name_only_review,yamap_2022-10-16_10_19.gpx,楢原山・古権現山・中三方ヶ森,NaN,NaN,,NaN,,,,strong,true,municipality_mismatch;missing_csv_coordinate;timezone_ambiguity;multiple_mountains_for_candidate;near_tie_candidates_for_mountain,
198,権現山,summit-candidate:0eff3d1ea2b48d73,12,7,0.55,low,v3_conflict_case,fallback_name_only_review,yamap_2022-02-06_08_26.gpx,谷上山・権現山・白滝山・障子山,NaN,NaN,,NaN,,,,strong,true,municipality_mismatch;missing_csv_coordinate;timezone_ambiguity;multiple_mountains_for_candidate;near_tie_candidates_for_mountain,
198,権現山,summit-candidate:17b2365d322cd022,13,7,0.55,low,v3_conflict_case,fallback_name_only_review,yamap_2022-10-16_10_19.gpx,楢原山・古権現山・中三方ヶ森,NaN,NaN,,NaN,,,,strong,true,municipality_mismatch;missing_csv_coordinate;timezone_ambiguity;multiple_mountains_for_candidate;near_tie_candidates_for_mountain,
198,権現山,summit-candidate:2011a6c909945d6f,14,5,0.55,low,v3_conflict_case,fallback_name_only_review,yamap_2026-04-12_11_03.gpx,権現山,NaN,NaN,,NaN,,,,strong,true,municipality_mismatch;missing_csv_coordinate;timezone_ambiguity;multiple_mountains_for_candidate;near_tie_candidates_for_mountain,
198,権現山,summit-candidate:32bb5e7e1071e808,15,4,0.55,low,v3_conflict_case,fallback_name_only_review,yamap_2023-01-08_09_18.gpx,権現山,NaN,NaN,,NaN,,,,strong,true,municipality_mismatch;missing_csv_coordinate;timezone_ambiguity;multiple_mountains_for_candidate;near_tie_candidates_for_mountain,
198,権現山,summit-candidate:6756239601754708,16,5,0.55,low,v3_conflict_case,fallback_name_only_review,yamap_2026-02-14_13_33.gpx,権現山,NaN,NaN,,NaN,,,,strong,true,municipality_mismatch;missing_csv_coordinate;timezone_ambiguity;multiple_mountains_for_candidate;near_tie_candidates_for_mountain,
198,権現山,summit-candidate:84f974876f397da1,17,6,0.55,low,v3_conflict_case,fallback_name_only_review,yamap_2024-02-10_13_09.gpx,権現山,NaN,NaN,,NaN,,,,strong,true,municipality_mismatch;missing_csv_coordinate;timezone_ambiguity;multiple_mountains_for_candidate;near_tie_candidates_for_mountain,
198,権現山,summit-candidate:bcf5d9d5a90e5cda,18,7,0.55,low,v3_conflict_case,fallback_name_only_review,yamap_2022-10-16_10_19.gpx,楢原山・古権現山・中三方ヶ森,NaN,NaN,,NaN,,,,strong,true,municipality_mismatch;missing_csv_coordinate;timezone_ambiguity;multiple_mountains_for_candidate;near_tie_candidates_for_mountain,
198,権現山,summit-candidate:c7ac7ff98cacc074,19,7,0.55,low,v3_conflict_case,fallback_name_only_review,yamap_2022-10-16_10_19.gpx,楢原山・古権現山・中三方ヶ森,NaN,NaN,,NaN,,,,strong,true,municipality_mismatch;missing_csv_coordinate;timezone_ambiguity;multiple_mountains_for_candidate;near_tie_candidates_for_mountain,
198,権現山,summit-candidate:e8b129f70e703be5,20,6,0.55,low,v3_conflict_case,fallback_name_only_review,yamap_2026-03-07_11_08.gpx,権現山,NaN,NaN,,NaN,,,,strong,true,municipality_mismatch;missing_csv_coordinate;timezone_ambiguity;multiple_mountains_for_candidate;near_tie_candidates_for_mountain,
198,権現山,summit-candidate:f108570a8e33ce90,21,5,0.55,low,v3_conflict_case,fallback_name_only_review,yamap_2023-12-17_07_11.gpx,総津権現山,NaN,NaN,,NaN,,,,strong,true,municipality_mismatch;missing_csv_coordinate;timezone_ambiguity;multiple_mountains_for_candidate;near_tie_candidates_for_mountain,
198,権現山,summit-candidate:f2538b7f88e2dd06,22,7,0.55,low,v3_conflict_case,fallback_name_only_review,yamap_2024-07-06_10_01.gpx,子持権現山・男山・瓶ヶ森,NaN,NaN,,NaN,,,,strong,true,municipality_mismatch;missing_csv_coordinate;timezone_ambiguity;multiple_mountains_for_candidate;near_tie_candidates_for_mountain,
199,遠見山,summit-candidate:e55456349660bd14,1,2,0.55,low,v3_conflict_case,fallback_name_only_review,yamap_2026-01-31_10_49.gpx,遠見山,NaN,NaN,,NaN,,,,strong,true,municipality_mismatch;missing_csv_coordinate;timezone_ambiguity;multiple_mountains_for_candidate,
200,石神山,summit-candidate:47129c06b82cf694,1,1,0.65,medium,v3_conflict_case,fallback_name_municipality,yamap_2023-01-21_12_43.gpx,石神山・金比羅山,NaN,NaN,,NaN,,,,strong,true,missing_csv_coordinate;timezone_ambiguity;multiple_mountains_for_candidate;near_tie_candidates_for_mountain,
200,石神山,summit-candidate:c6ced2088a2376f5,2,1,0.65,medium,v3_conflict_case,fallback_name_municipality,yamap_2023-01-21_12_43.gpx,石神山・金比羅山,NaN,NaN,,NaN,,,,strong,true,missing_csv_coordinate;timezone_ambiguity;multiple_mountains_for_candidate;near_tie_candidates_for_mountain,
201,金比羅山,summit-candidate:47129c06b82cf694,1,2,0.65,medium,v3_conflict_case,fallback_name_municipality,yamap_2023-01-21_12_43.gpx,石神山・金比羅山,NaN,NaN,,,,,,strong,true,grounding_missing;missing_csv_coordinate;timezone_ambiguity;multiple_mountains_for_candidate;near_tie_candidates_for_mountain,
201,金比羅山,summit-candidate:c6ced2088a2376f5,2,2,0.65,medium,v3_conflict_case,fallback_name_municipality,yamap_2023-01-21_12_43.gpx,石神山・金比羅山,NaN,NaN,,,,,,strong,true,grounding_missing;missing_csv_coordinate;timezone_ambiguity;multiple_mountains_for_candidate;near_tie_candidates_for_mountain,
202,鳥越山,summit-candidate:5b7c833ac0535534,1,1,0.65,medium,v3_candidate_review_required,fallback_name_municipality,yamap_2023-01-28_11_53.gpx,鳥越山,NaN,NaN,,NaN,,,,strong,true,missing_csv_coordinate;timezone_ambiguity,
203,谷田山,summit-candidate:ab7edbc3a52d24bf,1,1,0.65,medium,v3_conflict_case,fallback_name_municipality,yamap_2023-01-28_12_19.gpx,谷田山・金毘羅山,NaN,NaN,,NaN,,,,strong,true,missing_csv_coordinate;timezone_ambiguity;multiple_mountains_for_candidate,
204,金毘羅山,summit-candidate:ab7edbc3a52d24bf,1,2,0.65,medium,v3_conflict_case,fallback_name_municipality,yamap_2023-01-28_12_19.gpx,谷田山・金毘羅山,NaN,NaN,,NaN,,,,strong,true,missing_csv_coordinate;timezone_ambiguity;multiple_mountains_for_candidate,
205,佐古田山,summit-candidate:cf6802c2dafdbf46,1,1,0.65,medium,v3_candidate_review_required,fallback_name_municipality,yamap_2023-01-28_13_44.gpx,佐古田山,NaN,NaN,,NaN,,,,strong,true,missing_csv_coordinate;timezone_ambiguity,
206,古城山,summit-candidate:1432f597b5dca157,1,1,0.65,medium,v3_conflict_case,fallback_name_municipality,yamap_2023-01-28_14_27.gpx,古城山・尾崎山,NaN,NaN,,NaN,,,,strong,true,missing_csv_coordinate;timezone_ambiguity;multiple_mountains_for_candidate,
207,尾崎山,summit-candidate:1432f597b5dca157,1,2,0.65,medium,v3_conflict_case,fallback_name_municipality,yamap_2023-01-28_14_27.gpx,古城山・尾崎山,NaN,NaN,,NaN,,,,strong,true,missing_csv_coordinate;timezone_ambiguity;multiple_mountains_for_candidate,
208,宝ヶ峯,summit-candidate:079ae30d76fb11c2,1,3,0.65,medium,v3_conflict_case,fallback_name_municipality,yamap_2022-03-13_09_49.gpx,倉谷山・芝ヶ峠・淡路ヶ峠・宝ヶ峯,NaN,NaN,,NaN,,,,strong,true,missing_csv_coordinate;timezone_ambiguity;multiple_mountains_for_candidate;near_tie_candidates_for_mountain,
208,宝ヶ峯,summit-candidate:aba609f471e97e4a,2,3,0.65,medium,v3_conflict_case,fallback_name_municipality,yamap_2022-03-13_09_49.gpx,倉谷山・芝ヶ峠・淡路ヶ峠・宝ヶ峯,NaN,NaN,,NaN,,,,strong,true,missing_csv_coordinate;timezone_ambiguity;multiple_mountains_for_candidate;near_tie_candidates_for_mountain,
208,宝ヶ峯,summit-candidate:b9e78d4a587ceaa0,3,3,0.65,medium,v3_conflict_case,fallback_name_municipality,yamap_2022-03-13_09_49.gpx,倉谷山・芝ヶ峠・淡路ヶ峠・宝ヶ峯,NaN,NaN,,NaN,,,,strong,true,missing_csv_coordinate;timezone_ambiguity;multiple_mountains_for_candidate;near_tie_candidates_for_mountain,
208,宝ヶ峯,summit-candidate:d43fade4de3e33c8,4,1,0.65,medium,v3_conflict_case,fallback_name_municipality,yamap_2023-03-05_11_09.gpx,宝ヶ峯・淡路ヶ峠,NaN,NaN,,NaN,,,,strong,true,missing_csv_coordinate;timezone_ambiguity;multiple_mountains_for_candidate;near_tie_candidates_for_mountain,
209,淡路ヶ峠,summit-candidate:079ae30d76fb11c2,1,4,0.65,medium,v3_conflict_case,fallback_name_municipality,yamap_2022-03-13_09_49.gpx,倉谷山・芝ヶ峠・淡路ヶ峠・宝ヶ峯,NaN,NaN,,NaN,,,,strong,true,missing_csv_coordinate;timezone_ambiguity;multiple_mountains_for_candidate;near_tie_candidates_for_mountain,
209,淡路ヶ峠,summit-candidate:aba609f471e97e4a,2,4,0.65,medium,v3_conflict_case,fallback_name_municipality,yamap_2022-03-13_09_49.gpx,倉谷山・芝ヶ峠・淡路ヶ峠・宝ヶ峯,NaN,NaN,,NaN,,,,strong,true,missing_csv_coordinate;timezone_ambiguity;multiple_mountains_for_candidate;near_tie_candidates_for_mountain,
209,淡路ヶ峠,summit-candidate:b9e78d4a587ceaa0,3,4,0.65,medium,v3_conflict_case,fallback_name_municipality,yamap_2022-03-13_09_49.gpx,倉谷山・芝ヶ峠・淡路ヶ峠・宝ヶ峯,NaN,NaN,,NaN,,,,strong,true,missing_csv_coordinate;timezone_ambiguity;multiple_mountains_for_candidate;near_tie_candidates_for_mountain,
209,淡路ヶ峠,summit-candidate:d43fade4de3e33c8,4,2,0.65,medium,v3_conflict_case,fallback_name_municipality,yamap_2023-03-05_11_09.gpx,宝ヶ峯・淡路ヶ峠,NaN,NaN,,NaN,,,,strong,true,missing_csv_coordinate;timezone_ambiguity;multiple_mountains_for_candidate;near_tie_candidates_for_mountain,
210,福見山,summit-candidate:0ff024bf702c13bb,1,1,0.65,medium,v3_conflict_case,fallback_name_municipality,yamap_2023-03-11_06_08.gpx,福見山・明神ヶ森・南三方ヶ森・魚谷森・左谷ノ森,NaN,NaN,,NaN,,,,strong,true,missing_csv_coordinate;timezone_ambiguity;multiple_mountains_for_candidate;near_tie_candidates_for_mountain,
210,福見山,summit-candidate:446b5fe1e7a8b2fd,2,1,0.65,medium,v3_conflict_case,fallback_name_municipality,yamap_2023-03-11_06_08.gpx,福見山・明神ヶ森・南三方ヶ森・魚谷森・左谷ノ森,NaN,NaN,,NaN,,,,strong,true,missing_csv_coordinate;timezone_ambiguity;multiple_mountains_for_candidate;near_tie_candidates_for_mountain,
210,福見山,summit-candidate:4fec4dd128e55ab0,3,4,0.65,medium,v3_conflict_case,fallback_name_municipality,yamap_2023-01-03_07_36.gpx,福見山・河原樋山・真松嶺・柿王寺森,NaN,NaN,,NaN,,,,strong,true,missing_csv_coordinate;timezone_ambiguity;multiple_mountains_for_candidate;near_tie_candidates_for_mountain,
210,福見山,summit-candidate:5b124255339c0714,4,1,0.65,medium,v3_conflict_case,fallback_name_municipality,yamap_2023-03-11_06_08.gpx,福見山・明神ヶ森・南三方ヶ森・魚谷森・左谷ノ森,NaN,NaN,,NaN,,,,strong,true,missing_csv_coordinate;timezone_ambiguity;multiple_mountains_for_candidate;near_tie_candidates_for_mountain,
210,福見山,summit-candidate:74dd1729abbd7bb5,5,4,0.65,medium,v3_conflict_case,fallback_name_municipality,yamap_2023-01-03_07_36.gpx,福見山・河原樋山・真松嶺・柿王寺森,NaN,NaN,,NaN,,,,strong,true,missing_csv_coordinate;timezone_ambiguity;multiple_mountains_for_candidate;near_tie_candidates_for_mountain,
210,福見山,summit-candidate:83f3af0488659ac8,6,1,0.65,medium,v3_conflict_case,fallback_name_municipality,yamap_2023-03-11_06_08.gpx,福見山・明神ヶ森・南三方ヶ森・魚谷森・左谷ノ森,NaN,NaN,,NaN,,,,strong,true,missing_csv_coordinate;timezone_ambiguity;multiple_mountains_for_candidate;near_tie_candidates_for_mountain,
210,福見山,summit-candidate:90f628409cfebc32,7,4,0.65,medium,v3_conflict_case,fallback_name_municipality,yamap_2023-01-03_07_36.gpx,福見山・河原樋山・真松嶺・柿王寺森,NaN,NaN,,NaN,,,,strong,true,missing_csv_coordinate;timezone_ambiguity;multiple_mountains_for_candidate;near_tie_candidates_for_mountain,
210,福見山,summit-candidate:b1d864fd1fcc9dcb,8,4,0.65,medium,v3_conflict_case,fallback_name_municipality,yamap_2023-01-03_07_36.gpx,福見山・河原樋山・真松嶺・柿王寺森,NaN,NaN,,NaN,,,,strong,true,missing_csv_coordinate;timezone_ambiguity;multiple_mountains_for_candidate;near_tie_candidates_for_mountain,
210,福見山,summit-candidate:f2aae42aff3dea24,9,4,0.65,medium,v3_conflict_case,fallback_name_municipality,yamap_2023-01-03_07_36.gpx,福見山・河原樋山・真松嶺・柿王寺森,NaN,NaN,,NaN,,,,strong,true,missing_csv_coordinate;timezone_ambiguity;multiple_mountains_for_candidate;near_tie_candidates_for_mountain,
211,明神ヶ森,summit-candidate:0ff024bf702c13bb,1,2,0.65,medium,v3_conflict_case,fallback_name_municipality,yamap_2023-03-11_06_08.gpx,福見山・明神ヶ森・南三方ヶ森・魚谷森・左谷ノ森,NaN,NaN,,NaN,,,,strong,true,missing_csv_coordinate;timezone_ambiguity;multiple_mountains_for_candidate;near_tie_candidates_for_mountain,
211,明神ヶ森,summit-candidate:446b5fe1e7a8b2fd,2,2,0.65,medium,v3_conflict_case,fallback_name_municipality,yamap_2023-03-11_06_08.gpx,福見山・明神ヶ森・南三方ヶ森・魚谷森・左谷ノ森,NaN,NaN,,NaN,,,,strong,true,missing_csv_coordinate;timezone_ambiguity;multiple_mountains_for_candidate;near_tie_candidates_for_mountain,
211,明神ヶ森,summit-candidate:5b124255339c0714,3,2,0.65,medium,v3_conflict_case,fallback_name_municipality,yamap_2023-03-11_06_08.gpx,福見山・明神ヶ森・南三方ヶ森・魚谷森・左谷ノ森,NaN,NaN,,NaN,,,,strong,true,missing_csv_coordinate;timezone_ambiguity;multiple_mountains_for_candidate;near_tie_candidates_for_mountain,
211,明神ヶ森,summit-candidate:83f3af0488659ac8,4,2,0.65,medium,v3_conflict_case,fallback_name_municipality,yamap_2023-03-11_06_08.gpx,福見山・明神ヶ森・南三方ヶ森・魚谷森・左谷ノ森,NaN,NaN,,NaN,,,,strong,true,missing_csv_coordinate;timezone_ambiguity;multiple_mountains_for_candidate;near_tie_candidates_for_mountain,
212,南三方ヶ森,summit-candidate:0ff024bf702c13bb,1,3,0.65,medium,v3_conflict_case,fallback_name_municipality,yamap_2023-03-11_06_08.gpx,福見山・明神ヶ森・南三方ヶ森・魚谷森・左谷ノ森,NaN,NaN,,NaN,,,,strong,true,missing_csv_coordinate;timezone_ambiguity;multiple_mountains_for_candidate;near_tie_candidates_for_mountain,
212,南三方ヶ森,summit-candidate:446b5fe1e7a8b2fd,2,3,0.65,medium,v3_conflict_case,fallback_name_municipality,yamap_2023-03-11_06_08.gpx,福見山・明神ヶ森・南三方ヶ森・魚谷森・左谷ノ森,NaN,NaN,,NaN,,,,strong,true,missing_csv_coordinate;timezone_ambiguity;multiple_mountains_for_candidate;near_tie_candidates_for_mountain,
212,南三方ヶ森,summit-candidate:5b124255339c0714,3,3,0.65,medium,v3_conflict_case,fallback_name_municipality,yamap_2023-03-11_06_08.gpx,福見山・明神ヶ森・南三方ヶ森・魚谷森・左谷ノ森,NaN,NaN,,NaN,,,,strong,true,missing_csv_coordinate;timezone_ambiguity;multiple_mountains_for_candidate;near_tie_candidates_for_mountain,
212,南三方ヶ森,summit-candidate:83f3af0488659ac8,4,3,0.65,medium,v3_conflict_case,fallback_name_municipality,yamap_2023-03-11_06_08.gpx,福見山・明神ヶ森・南三方ヶ森・魚谷森・左谷ノ森,NaN,NaN,,NaN,,,,strong,true,missing_csv_coordinate;timezone_ambiguity;multiple_mountains_for_candidate;near_tie_candidates_for_mountain,
213,魚谷森,summit-candidate:0ff024bf702c13bb,1,4,0.65,medium,v3_conflict_case,fallback_name_municipality,yamap_2023-03-11_06_08.gpx,福見山・明神ヶ森・南三方ヶ森・魚谷森・左谷ノ森,NaN,NaN,,NaN,,,,strong,true,missing_csv_coordinate;timezone_ambiguity;multiple_mountains_for_candidate;near_tie_candidates_for_mountain,
213,魚谷森,summit-candidate:446b5fe1e7a8b2fd,2,4,0.65,medium,v3_conflict_case,fallback_name_municipality,yamap_2023-03-11_06_08.gpx,福見山・明神ヶ森・南三方ヶ森・魚谷森・左谷ノ森,NaN,NaN,,NaN,,,,strong,true,missing_csv_coordinate;timezone_ambiguity;multiple_mountains_for_candidate;near_tie_candidates_for_mountain,
213,魚谷森,summit-candidate:5b124255339c0714,3,4,0.65,medium,v3_conflict_case,fallback_name_municipality,yamap_2023-03-11_06_08.gpx,福見山・明神ヶ森・南三方ヶ森・魚谷森・左谷ノ森,NaN,NaN,,NaN,,,,strong,true,missing_csv_coordinate;timezone_ambiguity;multiple_mountains_for_candidate;near_tie_candidates_for_mountain,
213,魚谷森,summit-candidate:83f3af0488659ac8,4,4,0.65,medium,v3_conflict_case,fallback_name_municipality,yamap_2023-03-11_06_08.gpx,福見山・明神ヶ森・南三方ヶ森・魚谷森・左谷ノ森,NaN,NaN,,NaN,,,,strong,true,missing_csv_coordinate;timezone_ambiguity;multiple_mountains_for_candidate;near_tie_candidates_for_mountain,
214,左谷ノ森,summit-candidate:0ff024bf702c13bb,1,5,0.65,medium,v3_conflict_case,fallback_name_municipality,yamap_2023-03-11_06_08.gpx,福見山・明神ヶ森・南三方ヶ森・魚谷森・左谷ノ森,NaN,NaN,,NaN,,,,strong,true,missing_csv_coordinate;timezone_ambiguity;multiple_mountains_for_candidate;near_tie_candidates_for_mountain,
214,左谷ノ森,summit-candidate:15c71a530dcecd2e,2,2,0.65,medium,v3_conflict_case,fallback_name_municipality,yamap_2022-04-25_11_35.gpx,伊之子山・左谷ノ森,NaN,NaN,,NaN,,,,strong,true,missing_csv_coordinate;timezone_ambiguity;multiple_mountains_for_candidate;near_tie_candidates_for_mountain,
214,左谷ノ森,summit-candidate:446b5fe1e7a8b2fd,3,5,0.65,medium,v3_conflict_case,fallback_name_municipality,yamap_2023-03-11_06_08.gpx,福見山・明神ヶ森・南三方ヶ森・魚谷森・左谷ノ森,NaN,NaN,,NaN,,,,strong,true,missing_csv_coordinate;timezone_ambiguity;multiple_mountains_for_candidate;near_tie_candidates_for_mountain,
214,左谷ノ森,summit-candidate:5b124255339c0714,4,5,0.65,medium,v3_conflict_case,fallback_name_municipality,yamap_2023-03-11_06_08.gpx,福見山・明神ヶ森・南三方ヶ森・魚谷森・左谷ノ森,NaN,NaN,,NaN,,,,strong,true,missing_csv_coordinate;timezone_ambiguity;multiple_mountains_for_candidate;near_tie_candidates_for_mountain,
214,左谷ノ森,summit-candidate:83f3af0488659ac8,5,5,0.65,medium,v3_conflict_case,fallback_name_municipality,yamap_2023-03-11_06_08.gpx,福見山・明神ヶ森・南三方ヶ森・魚谷森・左谷ノ森,NaN,NaN,,NaN,,,,strong,true,missing_csv_coordinate;timezone_ambiguity;multiple_mountains_for_candidate;near_tie_candidates_for_mountain,
214,左谷ノ森,summit-candidate:e793f83b8a4fd86f,6,2,0.65,medium,v3_conflict_case,fallback_name_municipality,yamap_2022-04-25_11_35.gpx,伊之子山・左谷ノ森,NaN,NaN,,NaN,,,,strong,true,missing_csv_coordinate;timezone_ambiguity;multiple_mountains_for_candidate;near_tie_candidates_for_mountain,
215,真城ヶ台,summit-candidate:6d533e458b56f1d6,1,1,0.65,medium,v3_candidate_review_required,fallback_name_municipality,yamap_2023-03-15_09_53.gpx,真城ヶ台,NaN,NaN,,,,,,strong,true,grounding_missing;missing_csv_coordinate;timezone_ambiguity,
216,千羽ヶ岳,summit-candidate:afd70dd670366e77,1,1,0.65,medium,v3_candidate_review_required,fallback_name_municipality,yamap_2023-03-20_15_17.gpx,千羽ヶ岳,NaN,NaN,,,,,,strong,true,grounding_missing;missing_csv_coordinate;timezone_sensitive_activity_link,
217,皿ヶ嶺,summit-candidate:b06e13a9483478e5,1,2,0.65,medium,v3_conflict_case,fallback_name_municipality,yamap_2022-04-15_11_52.gpx,皿ヶ嶺・引地山,NaN,NaN,,NaN,,,,strong,true,missing_csv_coordinate;timezone_ambiguity;multiple_mountains_for_candidate,
217,皿ヶ嶺,summit-candidate:7a1f0e8b5f9e5cc2,2,2,0.55,low,v3_conflict_case,fallback_name_only_review,yamap_2022-04-15_11_52.gpx,皿ヶ嶺・引地山,NaN,NaN,,NaN,,,,strong,true,municipality_mismatch;missing_csv_coordinate;timezone_ambiguity;multiple_mountains_for_candidate,
218,えんとつ山,summit-candidate:339138a4e53293da,1,1,0.65,medium,v3_conflict_case,fallback_name_municipality,yamap_2023-03-29_05_31.gpx,えんとつ山・生子山・犬返・種子川山・西赤石山・物住頭・上兜山・下兜山,NaN,NaN,,NaN,,,,strong,true,missing_csv_coordinate;timezone_ambiguity;multiple_mountains_for_candidate;near_tie_candidates_for_mountain,
218,えんとつ山,summit-candidate:4311f3ae9948ea08,2,1,0.65,medium,v3_conflict_case,fallback_name_municipality,yamap_2023-03-29_05_31.gpx,えんとつ山・生子山・犬返・種子川山・西赤石山・物住頭・上兜山・下兜山,NaN,NaN,,NaN,,,,strong,true,missing_csv_coordinate;timezone_ambiguity;multiple_mountains_for_candidate;near_tie_candidates_for_mountain,
218,えんとつ山,summit-candidate:473a62086144ac33,3,1,0.65,medium,v3_conflict_case,fallback_name_municipality,yamap_2023-03-29_05_31.gpx,えんとつ山・生子山・犬返・種子川山・西赤石山・物住頭・上兜山・下兜山,NaN,NaN,,NaN,,,,strong,true,missing_csv_coordinate;timezone_ambiguity;multiple_mountains_for_candidate;near_tie_candidates_for_mountain,
218,えんとつ山,summit-candidate:a6379cb2ebc004fb,4,1,0.65,medium,v3_conflict_case,fallback_name_municipality,yamap_2023-03-29_05_31.gpx,えんとつ山・生子山・犬返・種子川山・西赤石山・物住頭・上兜山・下兜山,NaN,NaN,,NaN,,,,strong,true,missing_csv_coordinate;timezone_ambiguity;multiple_mountains_for_candidate;near_tie_candidates_for_mountain,
219,生子山,summit-candidate:339138a4e53293da,1,2,0.65,medium,v3_conflict_case,fallback_name_municipality,yamap_2023-03-29_05_31.gpx,えんとつ山・生子山・犬返・種子川山・西赤石山・物住頭・上兜山・下兜山,NaN,NaN,,NaN,,,,strong,true,missing_csv_coordinate;timezone_ambiguity;multiple_mountains_for_candidate;near_tie_candidates_for_mountain,
219,生子山,summit-candidate:4311f3ae9948ea08,2,2,0.65,medium,v3_conflict_case,fallback_name_municipality,yamap_2023-03-29_05_31.gpx,えんとつ山・生子山・犬返・種子川山・西赤石山・物住頭・上兜山・下兜山,NaN,NaN,,NaN,,,,strong,true,missing_csv_coordinate;timezone_ambiguity;multiple_mountains_for_candidate;near_tie_candidates_for_mountain,
219,生子山,summit-candidate:473a62086144ac33,3,2,0.65,medium,v3_conflict_case,fallback_name_municipality,yamap_2023-03-29_05_31.gpx,えんとつ山・生子山・犬返・種子川山・西赤石山・物住頭・上兜山・下兜山,NaN,NaN,,NaN,,,,strong,true,missing_csv_coordinate;timezone_ambiguity;multiple_mountains_for_candidate;near_tie_candidates_for_mountain,
219,生子山,summit-candidate:a6379cb2ebc004fb,4,2,0.65,medium,v3_conflict_case,fallback_name_municipality,yamap_2023-03-29_05_31.gpx,えんとつ山・生子山・犬返・種子川山・西赤石山・物住頭・上兜山・下兜山,NaN,NaN,,NaN,,,,strong,true,missing_csv_coordinate;timezone_ambiguity;multiple_mountains_for_candidate;near_tie_candidates_for_mountain,
220,犬返,summit-candidate:339138a4e53293da,1,3,0.65,medium,v3_conflict_case,fallback_name_municipality,yamap_2023-03-29_05_31.gpx,えんとつ山・生子山・犬返・種子川山・西赤石山・物住頭・上兜山・下兜山,NaN,NaN,,NaN,,,,strong,true,missing_csv_coordinate;timezone_ambiguity;multiple_mountains_for_candidate;near_tie_candidates_for_mountain,
220,犬返,summit-candidate:4311f3ae9948ea08,2,3,0.65,medium,v3_conflict_case,fallback_name_municipality,yamap_2023-03-29_05_31.gpx,えんとつ山・生子山・犬返・種子川山・西赤石山・物住頭・上兜山・下兜山,NaN,NaN,,NaN,,,,strong,true,missing_csv_coordinate;timezone_ambiguity;multiple_mountains_for_candidate;near_tie_candidates_for_mountain,
220,犬返,summit-candidate:473a62086144ac33,3,3,0.65,medium,v3_conflict_case,fallback_name_municipality,yamap_2023-03-29_05_31.gpx,えんとつ山・生子山・犬返・種子川山・西赤石山・物住頭・上兜山・下兜山,NaN,NaN,,NaN,,,,strong,true,missing_csv_coordinate;timezone_ambiguity;multiple_mountains_for_candidate;near_tie_candidates_for_mountain,
220,犬返,summit-candidate:a6379cb2ebc004fb,4,3,0.65,medium,v3_conflict_case,fallback_name_municipality,yamap_2023-03-29_05_31.gpx,えんとつ山・生子山・犬返・種子川山・西赤石山・物住頭・上兜山・下兜山,NaN,NaN,,NaN,,,,strong,true,missing_csv_coordinate;timezone_ambiguity;multiple_mountains_for_candidate;near_tie_candidates_for_mountain,
221,種子川山,summit-candidate:339138a4e53293da,1,4,0.65,medium,v3_conflict_case,fallback_name_municipality,yamap_2023-03-29_05_31.gpx,えんとつ山・生子山・犬返・種子川山・西赤石山・物住頭・上兜山・下兜山,NaN,NaN,,NaN,,,,strong,true,missing_csv_coordinate;timezone_ambiguity;multiple_mountains_for_candidate;near_tie_candidates_for_mountain,
221,種子川山,summit-candidate:4311f3ae9948ea08,2,4,0.65,medium,v3_conflict_case,fallback_name_municipality,yamap_2023-03-29_05_31.gpx,えんとつ山・生子山・犬返・種子川山・西赤石山・物住頭・上兜山・下兜山,NaN,NaN,,NaN,,,,strong,true,missing_csv_coordinate;timezone_ambiguity;multiple_mountains_for_candidate;near_tie_candidates_for_mountain,
221,種子川山,summit-candidate:473a62086144ac33,3,4,0.65,medium,v3_conflict_case,fallback_name_municipality,yamap_2023-03-29_05_31.gpx,えんとつ山・生子山・犬返・種子川山・西赤石山・物住頭・上兜山・下兜山,NaN,NaN,,NaN,,,,strong,true,missing_csv_coordinate;timezone_ambiguity;multiple_mountains_for_candidate;near_tie_candidates_for_mountain,
221,種子川山,summit-candidate:a6379cb2ebc004fb,4,4,0.65,medium,v3_conflict_case,fallback_name_municipality,yamap_2023-03-29_05_31.gpx,えんとつ山・生子山・犬返・種子川山・西赤石山・物住頭・上兜山・下兜山,NaN,NaN,,NaN,,,,strong,true,missing_csv_coordinate;timezone_ambiguity;multiple_mountains_for_candidate;near_tie_candidates_for_mountain,
222,西赤石山,summit-candidate:2b7cce23b57844a5,1,4,0.65,medium,v3_conflict_case,fallback_name_municipality,yamap_2022-10-08_06_12.gpx,東山・西赤石山・物住頭・前赤石山・東赤石山・八巻山,NaN,NaN,,NaN,,,,strong,true,missing_csv_coordinate;timezone_ambiguity;multiple_mountains_for_candidate;near_tie_candidates_for_mountain,
222,西赤石山,summit-candidate:339138a4e53293da,2,5,0.65,medium,v3_conflict_case,fallback_name_municipality,yamap_2023-03-29_05_31.gpx,えんとつ山・生子山・犬返・種子川山・西赤石山・物住頭・上兜山・下兜山,NaN,NaN,,NaN,,,,strong,true,missing_csv_coordinate;timezone_ambiguity;multiple_mountains_for_candidate;near_tie_candidates_for_mountain,
222,西赤石山,summit-candidate:4311f3ae9948ea08,3,5,0.65,medium,v3_conflict_case,fallback_name_municipality,yamap_2023-03-29_05_31.gpx,えんとつ山・生子山・犬返・種子川山・西赤石山・物住頭・上兜山・下兜山,NaN,NaN,,NaN,,,,strong,true,missing_csv_coordinate;timezone_ambiguity;multiple_mountains_for_candidate;near_tie_candidates_for_mountain,
222,西赤石山,summit-candidate:473a62086144ac33,4,5,0.65,medium,v3_conflict_case,fallback_name_municipality,yamap_2023-03-29_05_31.gpx,えんとつ山・生子山・犬返・種子川山・西赤石山・物住頭・上兜山・下兜山,NaN,NaN,,NaN,,,,strong,true,missing_csv_coordinate;timezone_ambiguity;multiple_mountains_for_candidate;near_tie_candidates_for_mountain,
222,西赤石山,summit-candidate:5104c47f17101d63,5,3,0.65,medium,v3_conflict_case,fallback_name_municipality,yamap_2022-10-08_06_12.gpx,東山・西赤石山・物住頭・前赤石山・東赤石山・八巻山,NaN,NaN,,NaN,,,,strong,true,missing_csv_coordinate;timezone_ambiguity;multiple_mountains_for_candidate;near_tie_candidates_for_mountain,
222,西赤石山,summit-candidate:61a5956a49a7ace2,6,4,0.65,medium,v3_conflict_case,fallback_name_municipality,yamap_2022-10-08_06_12.gpx,東山・西赤石山・物住頭・前赤石山・東赤石山・八巻山,NaN,NaN,,NaN,,,,strong,true,missing_csv_coordinate;timezone_ambiguity;multiple_mountains_for_candidate;near_tie_candidates_for_mountain,
222,西赤石山,summit-candidate:a6379cb2ebc004fb,7,5,0.65,medium,v3_conflict_case,fallback_name_municipality,yamap_2023-03-29_05_31.gpx,えんとつ山・生子山・犬返・種子川山・西赤石山・物住頭・上兜山・下兜山,NaN,NaN,,NaN,,,,strong,true,missing_csv_coordinate;timezone_ambiguity;multiple_mountains_for_candidate;near_tie_candidates_for_mountain,
222,西赤石山,summit-candidate:e2bdd25969c7f122,8,3,0.65,medium,v3_conflict_case,fallback_name_municipality,yamap_2022-10-08_06_12.gpx,東山・西赤石山・物住頭・前赤石山・東赤石山・八巻山,NaN,NaN,,NaN,,,,strong,true,missing_csv_coordinate;timezone_ambiguity;multiple_mountains_for_candidate;near_tie_candidates_for_mountain,
223,物住頭,summit-candidate:2b7cce23b57844a5,1,5,0.65,medium,v3_conflict_case,fallback_name_municipality,yamap_2022-10-08_06_12.gpx,東山・西赤石山・物住頭・前赤石山・東赤石山・八巻山,NaN,NaN,,NaN,,,,strong,true,missing_csv_coordinate;timezone_ambiguity;multiple_mountains_for_candidate;near_tie_candidates_for_mountain,
223,物住頭,summit-candidate:339138a4e53293da,2,6,0.65,medium,v3_conflict_case,fallback_name_municipality,yamap_2023-03-29_05_31.gpx,えんとつ山・生子山・犬返・種子川山・西赤石山・物住頭・上兜山・下兜山,NaN,NaN,,NaN,,,,strong,true,missing_csv_coordinate;timezone_ambiguity;multiple_mountains_for_candidate;near_tie_candidates_for_mountain,
223,物住頭,summit-candidate:4311f3ae9948ea08,3,6,0.65,medium,v3_conflict_case,fallback_name_municipality,yamap_2023-03-29_05_31.gpx,えんとつ山・生子山・犬返・種子川山・西赤石山・物住頭・上兜山・下兜山,NaN,NaN,,NaN,,,,strong,true,missing_csv_coordinate;timezone_ambiguity;multiple_mountains_for_candidate;near_tie_candidates_for_mountain,
223,物住頭,summit-candidate:473a62086144ac33,4,6,0.65,medium,v3_conflict_case,fallback_name_municipality,yamap_2023-03-29_05_31.gpx,えんとつ山・生子山・犬返・種子川山・西赤石山・物住頭・上兜山・下兜山,NaN,NaN,,NaN,,,,strong,true,missing_csv_coordinate;timezone_ambiguity;multiple_mountains_for_candidate;near_tie_candidates_for_mountain,
223,物住頭,summit-candidate:5104c47f17101d63,5,4,0.65,medium,v3_conflict_case,fallback_name_municipality,yamap_2022-10-08_06_12.gpx,東山・西赤石山・物住頭・前赤石山・東赤石山・八巻山,NaN,NaN,,NaN,,,,strong,true,missing_csv_coordinate;timezone_ambiguity;multiple_mountains_for_candidate;near_tie_candidates_for_mountain,
223,物住頭,summit-candidate:61a5956a49a7ace2,6,5,0.65,medium,v3_conflict_case,fallback_name_municipality,yamap_2022-10-08_06_12.gpx,東山・西赤石山・物住頭・前赤石山・東赤石山・八巻山,NaN,NaN,,NaN,,,,strong,true,missing_csv_coordinate;timezone_ambiguity;multiple_mountains_for_candidate;near_tie_candidates_for_mountain,
223,物住頭,summit-candidate:a6379cb2ebc004fb,7,6,0.65,medium,v3_conflict_case,fallback_name_municipality,yamap_2023-03-29_05_31.gpx,えんとつ山・生子山・犬返・種子川山・西赤石山・物住頭・上兜山・下兜山,NaN,NaN,,NaN,,,,strong,true,missing_csv_coordinate;timezone_ambiguity;multiple_mountains_for_candidate;near_tie_candidates_for_mountain,
223,物住頭,summit-candidate:e2bdd25969c7f122,8,4,0.65,medium,v3_conflict_case,fallback_name_municipality,yamap_2022-10-08_06_12.gpx,東山・西赤石山・物住頭・前赤石山・東赤石山・八巻山,NaN,NaN,,NaN,,,,strong,true,missing_csv_coordinate;timezone_ambiguity;multiple_mountains_for_candidate;near_tie_candidates_for_mountain,
224,上兜山,summit-candidate:339138a4e53293da,1,7,0.65,medium,v3_conflict_case,fallback_name_municipality,yamap_2023-03-29_05_31.gpx,えんとつ山・生子山・犬返・種子川山・西赤石山・物住頭・上兜山・下兜山,NaN,NaN,,NaN,,,,strong,true,missing_csv_coordinate;timezone_ambiguity;multiple_mountains_for_candidate;near_tie_candidates_for_mountain,
224,上兜山,summit-candidate:4311f3ae9948ea08,2,7,0.65,medium,v3_conflict_case,fallback_name_municipality,yamap_2023-03-29_05_31.gpx,えんとつ山・生子山・犬返・種子川山・西赤石山・物住頭・上兜山・下兜山,NaN,NaN,,NaN,,,,strong,true,missing_csv_coordinate;timezone_ambiguity;multiple_mountains_for_candidate;near_tie_candidates_for_mountain,
224,上兜山,summit-candidate:473a62086144ac33,3,7,0.65,medium,v3_conflict_case,fallback_name_municipality,yamap_2023-03-29_05_31.gpx,えんとつ山・生子山・犬返・種子川山・西赤石山・物住頭・上兜山・下兜山,NaN,NaN,,NaN,,,,strong,true,missing_csv_coordinate;timezone_ambiguity;multiple_mountains_for_candidate;near_tie_candidates_for_mountain,
224,上兜山,summit-candidate:a6379cb2ebc004fb,4,7,0.65,medium,v3_conflict_case,fallback_name_municipality,yamap_2023-03-29_05_31.gpx,えんとつ山・生子山・犬返・種子川山・西赤石山・物住頭・上兜山・下兜山,NaN,NaN,,NaN,,,,strong,true,missing_csv_coordinate;timezone_ambiguity;multiple_mountains_for_candidate;near_tie_candidates_for_mountain,
225,下兜山,summit-candidate:339138a4e53293da,1,8,0.65,medium,v3_conflict_case,fallback_name_municipality,yamap_2023-03-29_05_31.gpx,えんとつ山・生子山・犬返・種子川山・西赤石山・物住頭・上兜山・下兜山,NaN,NaN,,,,,,strong,true,grounding_missing;missing_csv_coordinate;timezone_ambiguity;multiple_mountains_for_candidate;near_tie_candidates_for_mountain,
225,下兜山,summit-candidate:4311f3ae9948ea08,2,8,0.65,medium,v3_conflict_case,fallback_name_municipality,yamap_2023-03-29_05_31.gpx,えんとつ山・生子山・犬返・種子川山・西赤石山・物住頭・上兜山・下兜山,NaN,NaN,,,,,,strong,true,grounding_missing;missing_csv_coordinate;timezone_ambiguity;multiple_mountains_for_candidate;near_tie_candidates_for_mountain,
225,下兜山,summit-candidate:473a62086144ac33,3,8,0.65,medium,v3_conflict_case,fallback_name_municipality,yamap_2023-03-29_05_31.gpx,えんとつ山・生子山・犬返・種子川山・西赤石山・物住頭・上兜山・下兜山,NaN,NaN,,,,,,strong,true,grounding_missing;missing_csv_coordinate;timezone_ambiguity;multiple_mountains_for_candidate;near_tie_candidates_for_mountain,
225,下兜山,summit-candidate:a6379cb2ebc004fb,4,8,0.65,medium,v3_conflict_case,fallback_name_municipality,yamap_2023-03-29_05_31.gpx,えんとつ山・生子山・犬返・種子川山・西赤石山・物住頭・上兜山・下兜山,NaN,NaN,,,,,,strong,true,grounding_missing;missing_csv_coordinate;timezone_ambiguity;multiple_mountains_for_candidate;near_tie_candidates_for_mountain,
226,黒森山,summit-candidate:40e090ce41a89b55,1,1,0.65,medium,v3_conflict_case,fallback_name_municipality,yamap_2024-06-08_08_42.gpx,沓掛山・黒森山,NaN,NaN,,NaN,,,,strong,true,missing_csv_coordinate;timezone_ambiguity;multiple_mountains_for_candidate;near_tie_candidates_for_mountain,
226,黒森山,summit-candidate:924ccfedeb6c2d2c,2,1,0.65,medium,v3_conflict_case,fallback_name_municipality,yamap_2023-04-04_12_51.gpx,黒森山,NaN,NaN,,NaN,,,,strong,true,missing_csv_coordinate;timezone_ambiguity;multiple_mountains_for_candidate;near_tie_candidates_for_mountain,
226,黒森山,summit-candidate:dd7a40896ae9f6d4,3,1,0.65,medium,v3_conflict_case,fallback_name_municipality,yamap_2024-06-08_08_42.gpx,沓掛山・黒森山,NaN,NaN,,NaN,,,,strong,true,missing_csv_coordinate;timezone_ambiguity;multiple_mountains_for_candidate;near_tie_candidates_for_mountain,
227,菊ヶ森,summit-candidate:2a670286f545beb2,1,1,0.65,medium,v3_conflict_case,fallback_name_municipality,yamap_2023-04-09_09_08.gpx,菊ヶ森・餓鬼ヶ森,NaN,NaN,,NaN,,,,strong,true,missing_csv_coordinate;timezone_ambiguity;multiple_mountains_for_candidate;near_tie_candidates_for_mountain,
227,菊ヶ森,summit-candidate:4ffd2320af7e6acc,2,1,0.65,medium,v3_conflict_case,fallback_name_municipality,yamap_2023-04-09_09_08.gpx,菊ヶ森・餓鬼ヶ森,NaN,NaN,,NaN,,,,strong,true,missing_csv_coordinate;timezone_ambiguity;multiple_mountains_for_candidate;near_tie_candidates_for_mountain,
227,菊ヶ森,summit-candidate:be07cff01023e072,3,1,0.65,medium,v3_conflict_case,fallback_name_municipality,yamap_2023-04-09_09_08.gpx,菊ヶ森・餓鬼ヶ森,NaN,NaN,,NaN,,,,strong,true,missing_csv_coordinate;timezone_ambiguity;multiple_mountains_for_candidate;near_tie_candidates_for_mountain,
227,菊ヶ森,summit-candidate:ab8cf0f07d2a219d,4,2,0.55,low,v3_conflict_case,fallback_name_only_review,yamap_2022-03-12_08_31.gpx,菊ヶ森,NaN,NaN,,NaN,,,,strong,true,municipality_mismatch;missing_csv_coordinate;timezone_ambiguity;multiple_mountains_for_candidate;near_tie_candidates_for_mountain,
228,餓鬼ヶ森,summit-candidate:2a670286f545beb2,1,2,0.65,medium,v3_conflict_case,fallback_name_municipality,yamap_2023-04-09_09_08.gpx,菊ヶ森・餓鬼ヶ森,NaN,NaN,,,,,,strong,true,grounding_missing;missing_csv_coordinate;timezone_ambiguity;multiple_mountains_for_candidate;near_tie_candidates_for_mountain,
228,餓鬼ヶ森,summit-candidate:4ffd2320af7e6acc,2,2,0.65,medium,v3_conflict_case,fallback_name_municipality,yamap_2023-04-09_09_08.gpx,菊ヶ森・餓鬼ヶ森,NaN,NaN,,,,,,strong,true,grounding_missing;missing_csv_coordinate;timezone_ambiguity;multiple_mountains_for_candidate;near_tie_candidates_for_mountain,
228,餓鬼ヶ森,summit-candidate:be07cff01023e072,3,2,0.65,medium,v3_conflict_case,fallback_name_municipality,yamap_2023-04-09_09_08.gpx,菊ヶ森・餓鬼ヶ森,NaN,NaN,,,,,,strong,true,grounding_missing;missing_csv_coordinate;timezone_ambiguity;multiple_mountains_for_candidate;near_tie_candidates_for_mountain,
229,船野山,summit-candidate:7880c9d0de83468b,1,1,0.65,medium,v3_candidate_review_required,fallback_name_municipality,yamap_2023-04-18_06_58.gpx,船野山,NaN,NaN,,,,,,strong,true,grounding_missing;missing_csv_coordinate;timezone_ambiguity,
230,木久ヶ森,summit-candidate:9669b668bebfc145,1,1,0.65,medium,v3_conflict_case,fallback_name_municipality,yamap_2023-04-18_10_53.gpx,黒滝山・木久ヶ森,NaN,NaN,,NaN,,,,strong,true,missing_csv_coordinate;timezone_ambiguity;multiple_mountains_for_candidate,
231,黒滝山,summit-candidate:9669b668bebfc145,1,2,0.65,medium,v3_conflict_case,fallback_name_municipality,yamap_2023-04-18_10_53.gpx,黒滝山・木久ヶ森,NaN,NaN,,NaN,,,,strong,true,missing_csv_coordinate;timezone_ambiguity;multiple_mountains_for_candidate,
232,奥之城山,summit-candidate:0ec3be2fa2295b82,1,2,0.65,medium,v3_conflict_case,fallback_name_municipality,yamap_2022-03-03_10_47.gpx,奥之城山・ヌタノサコ,NaN,NaN,,,,,,strong,true,grounding_missing;missing_csv_coordinate;timezone_ambiguity;multiple_mountains_for_candidate;near_tie_candidates_for_mountain,
232,奥之城山,summit-candidate:7d7066baad9d7077,2,2,0.65,medium,v3_conflict_case,fallback_name_municipality,yamap_2022-03-03_10_47.gpx,奥之城山・ヌタノサコ,NaN,NaN,,,,,,strong,true,grounding_missing;missing_csv_coordinate;timezone_ambiguity;multiple_mountains_for_candidate;near_tie_candidates_for_mountain,
232,奥之城山,summit-candidate:ea33d870d4700a56,3,2,0.65,medium,v3_conflict_case,fallback_name_municipality,yamap_2022-03-03_10_47.gpx,奥之城山・ヌタノサコ,NaN,NaN,,,,,,strong,true,grounding_missing;missing_csv_coordinate;timezone_ambiguity;multiple_mountains_for_candidate;near_tie_candidates_for_mountain,
233,天狗岳,summit-candidate:3b98b67bbe0fe0f9,1,2,0.65,medium,v3_conflict_case,fallback_name_municipality,yamap_2022-05-22_08_09.gpx,石鎚山・天狗岳・南尖峰,NaN,NaN,,NaN,,,,strong,true,missing_csv_coordinate;timezone_ambiguity;multiple_mountains_for_candidate,
234,石鎚山,summit-candidate:19713e48698f3e2a,1,1,0.65,medium,v3_conflict_case,fallback_name_municipality,yamap_2025-09-07_08_00.gpx,鶴ノ子ノ頭・石鎚山,NaN,NaN,,NaN,,,,strong,true,missing_csv_coordinate;timezone_ambiguity;multiple_mountains_for_candidate;near_tie_candidates_for_mountain,
234,石鎚山,summit-candidate:3b98b67bbe0fe0f9,2,3,0.65,medium,v3_conflict_case,fallback_name_municipality,yamap_2022-05-22_08_09.gpx,石鎚山・天狗岳・南尖峰,NaN,NaN,,NaN,,,,strong,true,missing_csv_coordinate;timezone_ambiguity;multiple_mountains_for_candidate;near_tie_candidates_for_mountain,
234,石鎚山,summit-candidate:65906dbbd6e5b747,3,1,0.65,medium,v3_conflict_case,fallback_name_municipality,yamap_2025-09-07_08_00.gpx,鶴ノ子ノ頭・石鎚山,NaN,NaN,,NaN,,,,strong,true,missing_csv_coordinate;timezone_ambiguity;multiple_mountains_for_candidate;near_tie_candidates_for_mountain,
234,石鎚山,summit-candidate:846b096132c533d6,4,5,0.65,medium,v3_conflict_case,fallback_name_municipality,yamap_2022-07-02_07_43.gpx,石鎚山・西ノ冠岳・面河の頭・二ノ森・鞍瀬ノ頭,NaN,NaN,,NaN,,,,strong,true,missing_csv_coordinate;timezone_ambiguity;multiple_mountains_for_candidate;near_tie_candidates_for_mountain,
234,石鎚山,summit-candidate:88555c5557efeb46,5,1,0.65,medium,v3_conflict_case,fallback_name_municipality,yamap_2022-09-24_08_33.gpx,石鎚山,NaN,NaN,,NaN,,,,strong,true,missing_csv_coordinate;timezone_ambiguity;near_tie_candidates_for_mountain,
234,石鎚山,summit-candidate:bca203164e26ce6a,6,5,0.65,medium,v3_conflict_case,fallback_name_municipality,yamap_2022-07-02_07_43.gpx,石鎚山・西ノ冠岳・面河の頭・二ノ森・鞍瀬ノ頭,NaN,NaN,,NaN,,,,strong,true,missing_csv_coordinate;timezone_ambiguity;multiple_mountains_for_candidate;near_tie_candidates_for_mountain,
234,石鎚山,summit-candidate:fe43b0b6aa90cb8f,7,5,0.55,low,v3_conflict_case,fallback_name_only_review,yamap_2022-07-02_07_43.gpx,石鎚山・西ノ冠岳・面河の頭・二ノ森・鞍瀬ノ頭,NaN,NaN,,NaN,,,,strong,true,municipality_mismatch;missing_csv_coordinate;timezone_ambiguity;multiple_mountains_for_candidate;near_tie_candidates_for_mountain,
235,善神山,summit-candidate:367897a1c7a2d287,1,1,0.65,medium,v3_conflict_case,fallback_name_municipality,yamap_2023-05-27_09_55.gpx,前善神山・善神山,NaN,NaN,,NaN,,,,strong,true,missing_csv_coordinate;timezone_ambiguity;multiple_mountains_for_candidate,
236,前善神山,summit-candidate:367897a1c7a2d287,1,2,0.65,medium,v3_conflict_case,fallback_name_municipality,yamap_2023-05-27_09_55.gpx,前善神山・善神山,NaN,NaN,,NaN,,,,strong,true,missing_csv_coordinate;timezone_ambiguity;multiple_mountains_for_candidate,
237,五葉が森,summit-candidate:1d3eb619bd125bfd,1,1,0.65,medium,v3_conflict_case,fallback_name_municipality,yamap_2023-06-11_11_57.gpx,五葉が森,NaN,NaN,,NaN,,,,strong,true,missing_csv_coordinate;timezone_ambiguity;near_tie_candidates_for_mountain,
237,五葉が森,summit-candidate:9488d92d9ea95406,2,1,0.65,medium,v3_conflict_case,fallback_name_municipality,yamap_2023-06-11_11_57.gpx,五葉が森,NaN,NaN,,NaN,,,,strong,true,missing_csv_coordinate;timezone_ambiguity;near_tie_candidates_for_mountain,
238,冠岳,summit-candidate:846b096132c533d6,1,6,0.65,medium,v3_conflict_case,fallback_name_municipality,yamap_2022-07-02_07_43.gpx,石鎚山・西ノ冠岳・面河の頭・二ノ森・鞍瀬ノ頭,NaN,NaN,,NaN,,,,strong,true,missing_csv_coordinate;timezone_ambiguity;multiple_mountains_for_candidate;near_tie_candidates_for_mountain,
238,冠岳,summit-candidate:b73a23fa4b3abc39,2,1,0.65,medium,v3_conflict_case,fallback_name_municipality,yamap_2023-09-06_13_30.gpx,冠岳,NaN,NaN,,NaN,,,,strong,true,missing_csv_coordinate;timezone_ambiguity;near_tie_candidates_for_mountain,
238,冠岳,summit-candidate:bca203164e26ce6a,3,6,0.65,medium,v3_conflict_case,fallback_name_municipality,yamap_2022-07-02_07_43.gpx,石鎚山・西ノ冠岳・面河の頭・二ノ森・鞍瀬ノ頭,NaN,NaN,,NaN,,,,strong,true,missing_csv_coordinate;timezone_ambiguity;multiple_mountains_for_candidate;near_tie_candidates_for_mountain,
238,冠岳,summit-candidate:fe43b0b6aa90cb8f,4,6,0.55,low,v3_conflict_case,fallback_name_only_review,yamap_2022-07-02_07_43.gpx,石鎚山・西ノ冠岳・面河の頭・二ノ森・鞍瀬ノ頭,NaN,NaN,,NaN,,,,strong,true,municipality_mismatch;missing_csv_coordinate;timezone_ambiguity;multiple_mountains_for_candidate;near_tie_candidates_for_mountain,
239,東赤石山,summit-candidate:2b7cce23b57844a5,1,6,0.65,medium,v3_conflict_case,fallback_name_municipality,yamap_2022-10-08_06_12.gpx,東山・西赤石山・物住頭・前赤石山・東赤石山・八巻山,NaN,NaN,,NaN,,,,strong,true,missing_csv_coordinate;timezone_ambiguity;multiple_mountains_for_candidate;near_tie_candidates_for_mountain,
239,東赤石山,summit-candidate:5104c47f17101d63,2,5,0.65,medium,v3_conflict_case,fallback_name_municipality,yamap_2022-10-08_06_12.gpx,東山・西赤石山・物住頭・前赤石山・東赤石山・八巻山,NaN,NaN,,NaN,,,,strong,true,missing_csv_coordinate;timezone_ambiguity;multiple_mountains_for_candidate;near_tie_candidates_for_mountain,
239,東赤石山,summit-candidate:61a5956a49a7ace2,3,6,0.65,medium,v3_conflict_case,fallback_name_municipality,yamap_2022-10-08_06_12.gpx,東山・西赤石山・物住頭・前赤石山・東赤石山・八巻山,NaN,NaN,,NaN,,,,strong,true,missing_csv_coordinate;timezone_ambiguity;multiple_mountains_for_candidate;near_tie_candidates_for_mountain,
239,東赤石山,summit-candidate:e2bdd25969c7f122,4,5,0.65,medium,v3_conflict_case,fallback_name_municipality,yamap_2022-10-08_06_12.gpx,東山・西赤石山・物住頭・前赤石山・東赤石山・八巻山,NaN,NaN,,NaN,,,,strong,true,missing_csv_coordinate;timezone_ambiguity;multiple_mountains_for_candidate;near_tie_candidates_for_mountain,
240,八巻山,summit-candidate:2b7cce23b57844a5,1,7,0.65,medium,v3_conflict_case,fallback_name_municipality,yamap_2022-10-08_06_12.gpx,東山・西赤石山・物住頭・前赤石山・東赤石山・八巻山,NaN,NaN,,NaN,,,,strong,true,missing_csv_coordinate;timezone_ambiguity;multiple_mountains_for_candidate;near_tie_candidates_for_mountain,
240,八巻山,summit-candidate:5104c47f17101d63,2,6,0.65,medium,v3_conflict_case,fallback_name_municipality,yamap_2022-10-08_06_12.gpx,東山・西赤石山・物住頭・前赤石山・東赤石山・八巻山,NaN,NaN,,NaN,,,,strong,true,missing_csv_coordinate;timezone_ambiguity;multiple_mountains_for_candidate;near_tie_candidates_for_mountain,
240,八巻山,summit-candidate:61a5956a49a7ace2,3,7,0.65,medium,v3_conflict_case,fallback_name_municipality,yamap_2022-10-08_06_12.gpx,東山・西赤石山・物住頭・前赤石山・東赤石山・八巻山,NaN,NaN,,NaN,,,,strong,true,missing_csv_coordinate;timezone_ambiguity;multiple_mountains_for_candidate;near_tie_candidates_for_mountain,
240,八巻山,summit-candidate:e2bdd25969c7f122,4,6,0.65,medium,v3_conflict_case,fallback_name_municipality,yamap_2022-10-08_06_12.gpx,東山・西赤石山・物住頭・前赤石山・東赤石山・八巻山,NaN,NaN,,NaN,,,,strong,true,missing_csv_coordinate;timezone_ambiguity;multiple_mountains_for_candidate;near_tie_candidates_for_mountain,
241,ベツソ山,summit-candidate:dba931625b34d9ac,1,1,0.65,medium,v3_conflict_case,fallback_name_municipality,yamap_2023-10-13_10_02.gpx,ベツソ山・歯朶谷山,NaN,NaN,,NaN,,,,strong,true,missing_csv_coordinate;timezone_ambiguity;multiple_mountains_for_candidate,
242,歯朶谷山,summit-candidate:dba931625b34d9ac,1,2,0.65,medium,v3_conflict_case,fallback_name_municipality,yamap_2023-10-13_10_02.gpx,ベツソ山・歯朶谷山,NaN,NaN,,NaN,,,,strong,true,missing_csv_coordinate;timezone_ambiguity;multiple_mountains_for_candidate,
243,丸山,summit-candidate:2670057d58a25475,1,1,0.65,medium,v3_conflict_case,fallback_name_municipality,yamap_2023-10-14_07_53.gpx,丸山,NaN,NaN,,,,,,strong,true,grounding_missing;missing_csv_coordinate;timezone_ambiguity;multiple_mountains_for_candidate;near_tie_candidates_for_mountain,
243,丸山,summit-candidate:453327d51d16e202,2,3,0.65,medium,v3_conflict_case,fallback_name_municipality,yamap_2026-05-06_07_28.gpx,丸山・ちち山・笹ヶ峰,NaN,NaN,,,,,,strong,true,grounding_missing;missing_csv_coordinate;timezone_ambiguity;multiple_mountains_for_candidate;near_tie_candidates_for_mountain,
243,丸山,summit-candidate:5f001ac124f82ef6,3,4,0.55,low,v3_conflict_case,fallback_name_only_review,yamap_2022-10-19_16_00.gpx,西港山・大丸山・港山,NaN,NaN,,,,,,strong,true,grounding_missing;municipality_mismatch;missing_csv_coordinate;timezone_sensitive_activity_link;multiple_mountains_for_candidate;near_tie_candidates_for_mountain,
243,丸山,summit-candidate:a9a2a270fb6273fe,4,4,0.55,low,v3_conflict_case,fallback_name_only_review,yamap_2022-10-19_16_00.gpx,西港山・大丸山・港山,NaN,NaN,,,,,,strong,true,grounding_missing;municipality_mismatch;missing_csv_coordinate;timezone_sensitive_activity_link;multiple_mountains_for_candidate;near_tie_candidates_for_mountain,
243,丸山,summit-candidate:b87c90ebd1eb0d06,5,4,0.55,low,v3_conflict_case,fallback_name_only_review,yamap_2026-05-06_07_28.gpx,丸山・ちち山・笹ヶ峰,NaN,NaN,,,,,,strong,true,grounding_missing;municipality_mismatch;missing_csv_coordinate;timezone_ambiguity;multiple_mountains_for_candidate;near_tie_candidates_for_mountain,
243,丸山,summit-candidate:bf2b3499e08da2df,6,4,0.55,low,v3_conflict_case,fallback_name_only_review,yamap_2022-10-19_16_00.gpx,西港山・大丸山・港山,NaN,NaN,,,,,,strong,true,grounding_missing;municipality_mismatch;missing_csv_coordinate;timezone_sensitive_activity_link;multiple_mountains_for_candidate;near_tie_candidates_for_mountain,
244,二ノ岳,summit-candidate:5771cdd191c3861d,1,1,0.55,low,v3_conflict_case,fallback_name_only_review,yamap_2023-10-22_06_44.gpx,二ノ岳・高森,NaN,NaN,,NaN,,,,strong,true,municipality_mismatch;missing_csv_coordinate;timezone_ambiguity;multiple_mountains_for_candidate;near_tie_candidates_for_mountain,
244,二ノ岳,summit-candidate:a61fd78e4e062683,2,1,0.55,low,v3_conflict_case,fallback_name_only_review,yamap_2023-10-22_06_44.gpx,二ノ岳・高森,NaN,NaN,,NaN,,,,strong,true,municipality_mismatch;missing_csv_coordinate;timezone_ambiguity;multiple_mountains_for_candidate;near_tie_candidates_for_mountain,
244,二ノ岳,summit-candidate:b58470f57bb41331,3,1,0.55,low,v3_conflict_case,fallback_name_only_review,yamap_2023-10-22_06_44.gpx,二ノ岳・高森,NaN,NaN,,NaN,,,,strong,true,municipality_mismatch;missing_csv_coordinate;timezone_ambiguity;multiple_mountains_for_candidate;near_tie_candidates_for_mountain,
245,高森,summit-candidate:428f403ddcc5a31a,1,2,0.65,medium,v3_conflict_case,fallback_name_municipality,yamap_2026-02-22_07_32.gpx,高森山・町木山・寒台山・鎧掛山,NaN,NaN,,NaN,,,,strong,true,missing_csv_coordinate;timezone_ambiguity;multiple_mountains_for_candidate;near_tie_candidates_for_mountain,
245,高森,summit-candidate:7a8dca9b423536f5,2,2,0.65,medium,v3_conflict_case,fallback_name_municipality,yamap_2026-02-22_07_32.gpx,高森山・町木山・寒台山・鎧掛山,NaN,NaN,,NaN,,,,strong,true,missing_csv_coordinate;timezone_ambiguity;multiple_mountains_for_candidate;near_tie_candidates_for_mountain,
245,高森,summit-candidate:e7ae682a07af2e10,3,5,0.65,medium,v3_conflict_case,fallback_name_municipality,yamap_2022-01-22_09_04.gpx,高森山・岩伽羅山・衣掛山・吉山(吉山城址),NaN,NaN,,NaN,,,,strong,true,missing_csv_coordinate;timezone_ambiguity;multiple_mountains_for_candidate;near_tie_candidates_for_mountain,
245,高森,summit-candidate:19ab381ef6c337af,4,5,0.55,low,v3_conflict_case,fallback_name_only_review,yamap_2026-02-22_07_32.gpx,高森山・町木山・寒台山・鎧掛山,NaN,NaN,,NaN,,,,strong,true,municipality_mismatch;missing_csv_coordinate;timezone_ambiguity;multiple_mountains_for_candidate;near_tie_candidates_for_mountain,
245,高森,summit-candidate:5771cdd191c3861d,5,2,0.55,low,v3_conflict_case,fallback_name_only_review,yamap_2023-10-22_06_44.gpx,二ノ岳・高森,NaN,NaN,,NaN,,,,strong,true,municipality_mismatch;missing_csv_coordinate;timezone_ambiguity;multiple_mountains_for_candidate;near_tie_candidates_for_mountain,
245,高森,summit-candidate:5f31b84e049f61fa,6,5,0.55,low,v3_conflict_case,fallback_name_only_review,yamap_2026-02-22_07_32.gpx,高森山・町木山・寒台山・鎧掛山,NaN,NaN,,NaN,,,,strong,true,municipality_mismatch;missing_csv_coordinate;timezone_ambiguity;multiple_mountains_for_candidate;near_tie_candidates_for_mountain,
245,高森,summit-candidate:682d61b87016166b,7,3,0.55,low,v3_conflict_case,fallback_name_only_review,yamap_2025-03-17_13_17.gpx,高森山,NaN,NaN,,NaN,,,,strong,true,municipality_mismatch;missing_csv_coordinate;timezone_ambiguity;multiple_mountains_for_candidate;near_tie_candidates_for_mountain,
245,高森,summit-candidate:a61fd78e4e062683,8,2,0.55,low,v3_conflict_case,fallback_name_only_review,yamap_2023-10-22_06_44.gpx,二ノ岳・高森,NaN,NaN,,NaN,,,,strong,true,municipality_mismatch;missing_csv_coordinate;timezone_ambiguity;multiple_mountains_for_candidate;near_tie_candidates_for_mountain,
245,高森,summit-candidate:a9b00b48e0c94eab,9,2,0.55,low,v3_conflict_case,fallback_name_only_review,yamap_2026-01-31_13_52.gpx,高森山,NaN,NaN,,NaN,,,,strong,true,municipality_mismatch;missing_csv_coordinate;timezone_ambiguity;multiple_mountains_for_candidate;near_tie_candidates_for_mountain,
245,高森,summit-candidate:b58470f57bb41331,10,2,0.55,low,v3_conflict_case,fallback_name_only_review,yamap_2023-10-22_06_44.gpx,二ノ岳・高森,NaN,NaN,,NaN,,,,strong,true,municipality_mismatch;missing_csv_coordinate;timezone_ambiguity;multiple_mountains_for_candidate;near_tie_candidates_for_mountain,
245,高森,summit-candidate:d03c84134ca0989d,11,5,0.55,low,v3_conflict_case,fallback_name_only_review,yamap_2022-01-22_09_04.gpx,高森山・岩伽羅山・衣掛山・吉山(吉山城址),NaN,NaN,,NaN,,,,strong,true,municipality_mismatch;missing_csv_coordinate;timezone_ambiguity;multiple_mountains_for_candidate;near_tie_candidates_for_mountain,
245,高森,summit-candidate:f55ffb534aa2ae4c,12,5,0.55,low,v3_conflict_case,fallback_name_only_review,yamap_2026-02-22_07_32.gpx,高森山・町木山・寒台山・鎧掛山,NaN,NaN,,NaN,,,,strong,true,municipality_mismatch;missing_csv_coordinate;timezone_ambiguity;multiple_mountains_for_candidate;near_tie_candidates_for_mountain,
246,四辻ノ森,summit-candidate:05f8527418663d3a,1,1,0.65,medium,v3_conflict_case,fallback_name_municipality,yamap_2023-11-11_07_17.gpx,四辻ノ森・三光ノ辻山,NaN,NaN,,,,,,strong,true,grounding_missing;missing_csv_coordinate;timezone_ambiguity;multiple_mountains_for_candidate;near_tie_candidates_for_mountain,
246,四辻ノ森,summit-candidate:ad2256a1bfd3ef78,2,1,0.65,medium,v3_conflict_case,fallback_name_municipality,yamap_2023-11-11_07_17.gpx,四辻ノ森・三光ノ辻山,NaN,NaN,,,,,,strong,true,grounding_missing;missing_csv_coordinate;timezone_ambiguity;multiple_mountains_for_candidate;near_tie_candidates_for_mountain,
246,四辻ノ森,summit-candidate:b27cb491de0f94b6,3,1,0.65,medium,v3_conflict_case,fallback_name_municipality,yamap_2023-11-11_07_17.gpx,四辻ノ森・三光ノ辻山,NaN,NaN,,,,,,strong,true,grounding_missing;missing_csv_coordinate;timezone_ambiguity;multiple_mountains_for_candidate;near_tie_candidates_for_mountain,
246,四辻ノ森,summit-candidate:c4504025c94f843c,4,1,0.65,medium,v3_conflict_case,fallback_name_municipality,yamap_2023-11-11_07_17.gpx,四辻ノ森・三光ノ辻山,NaN,NaN,,,,,,strong,true,grounding_missing;missing_csv_coordinate;timezone_ambiguity;multiple_mountains_for_candidate;near_tie_candidates_for_mountain,
246,四辻ノ森,summit-candidate:d659f1dc6e5fa0b5,5,1,0.65,medium,v3_conflict_case,fallback_name_municipality,yamap_2023-11-11_07_17.gpx,四辻ノ森・三光ノ辻山,NaN,NaN,,,,,,strong,true,grounding_missing;missing_csv_coordinate;timezone_ambiguity;multiple_mountains_for_candidate;near_tie_candidates_for_mountain,
247,三光ノ辻山,summit-candidate:05f8527418663d3a,1,2,0.65,medium,v3_conflict_case,fallback_name_municipality,yamap_2023-11-11_07_17.gpx,四辻ノ森・三光ノ辻山,NaN,NaN,,,,,,strong,true,grounding_missing;missing_csv_coordinate;timezone_ambiguity;multiple_mountains_for_candidate;near_tie_candidates_for_mountain,
247,三光ノ辻山,summit-candidate:ad2256a1bfd3ef78,2,2,0.65,medium,v3_conflict_case,fallback_name_municipality,yamap_2023-11-11_07_17.gpx,四辻ノ森・三光ノ辻山,NaN,NaN,,,,,,strong,true,grounding_missing;missing_csv_coordinate;timezone_ambiguity;multiple_mountains_for_candidate;near_tie_candidates_for_mountain,
247,三光ノ辻山,summit-candidate:b27cb491de0f94b6,3,2,0.65,medium,v3_conflict_case,fallback_name_municipality,yamap_2023-11-11_07_17.gpx,四辻ノ森・三光ノ辻山,NaN,NaN,,,,,,strong,true,grounding_missing;missing_csv_coordinate;timezone_ambiguity;multiple_mountains_for_candidate;near_tie_candidates_for_mountain,
247,三光ノ辻山,summit-candidate:c4504025c94f843c,4,2,0.65,medium,v3_conflict_case,fallback_name_municipality,yamap_2023-11-11_07_17.gpx,四辻ノ森・三光ノ辻山,NaN,NaN,,,,,,strong,true,grounding_missing;missing_csv_coordinate;timezone_ambiguity;multiple_mountains_for_candidate;near_tie_candidates_for_mountain,
247,三光ノ辻山,summit-candidate:d659f1dc6e5fa0b5,5,2,0.65,medium,v3_conflict_case,fallback_name_municipality,yamap_2023-11-11_07_17.gpx,四辻ノ森・三光ノ辻山,NaN,NaN,,,,,,strong,true,grounding_missing;missing_csv_coordinate;timezone_ambiguity;multiple_mountains_for_candidate;near_tie_candidates_for_mountain,
248,瀬戸黒森,summit-candidate:290abf917754fd0b,1,1,0.65,medium,v3_conflict_case,fallback_name_municipality,yamap_2023-11-19_06_46.gpx,瀬戸黒森・三森・羽子山・観音森,NaN,NaN,,NaN,,,,strong,true,missing_csv_coordinate;timezone_ambiguity;multiple_mountains_for_candidate;near_tie_candidates_for_mountain,
248,瀬戸黒森,summit-candidate:9a0532ee2b40e5f3,2,1,0.65,medium,v3_conflict_case,fallback_name_municipality,yamap_2023-11-19_06_46.gpx,瀬戸黒森・三森・羽子山・観音森,NaN,NaN,,NaN,,,,strong,true,missing_csv_coordinate;timezone_ambiguity;multiple_mountains_for_candidate;near_tie_candidates_for_mountain,
248,瀬戸黒森,summit-candidate:b997b8fd6709731d,3,1,0.65,medium,v3_conflict_case,fallback_name_municipality,yamap_2023-11-19_06_46.gpx,瀬戸黒森・三森・羽子山・観音森,NaN,NaN,,NaN,,,,strong,true,missing_csv_coordinate;timezone_ambiguity;multiple_mountains_for_candidate;near_tie_candidates_for_mountain,
248,瀬戸黒森,summit-candidate:cf1cb583d492455c,4,1,0.65,medium,v3_conflict_case,fallback_name_municipality,yamap_2023-11-19_06_46.gpx,瀬戸黒森・三森・羽子山・観音森,NaN,NaN,,NaN,,,,strong,true,missing_csv_coordinate;timezone_ambiguity;multiple_mountains_for_candidate;near_tie_candidates_for_mountain,
248,瀬戸黒森,summit-candidate:f7593239fa7bdcc9,5,1,0.65,medium,v3_conflict_case,fallback_name_municipality,yamap_2023-11-19_06_46.gpx,瀬戸黒森・三森・羽子山・観音森,NaN,NaN,,NaN,,,,strong,true,missing_csv_coordinate;timezone_ambiguity;multiple_mountains_for_candidate;near_tie_candidates_for_mountain,
249,羽子山,summit-candidate:290abf917754fd0b,1,2,0.65,medium,v3_conflict_case,fallback_name_municipality,yamap_2023-11-19_06_46.gpx,瀬戸黒森・三森・羽子山・観音森,NaN,NaN,,,,,,strong,true,grounding_missing;missing_csv_coordinate;timezone_ambiguity;multiple_mountains_for_candidate;near_tie_candidates_for_mountain,
249,羽子山,summit-candidate:9a0532ee2b40e5f3,2,2,0.65,medium,v3_conflict_case,fallback_name_municipality,yamap_2023-11-19_06_46.gpx,瀬戸黒森・三森・羽子山・観音森,NaN,NaN,,,,,,strong,true,grounding_missing;missing_csv_coordinate;timezone_ambiguity;multiple_mountains_for_candidate;near_tie_candidates_for_mountain,
249,羽子山,summit-candidate:b997b8fd6709731d,3,2,0.65,medium,v3_conflict_case,fallback_name_municipality,yamap_2023-11-19_06_46.gpx,瀬戸黒森・三森・羽子山・観音森,NaN,NaN,,,,,,strong,true,grounding_missing;missing_csv_coordinate;timezone_ambiguity;multiple_mountains_for_candidate;near_tie_candidates_for_mountain,
249,羽子山,summit-candidate:cf1cb583d492455c,4,2,0.65,medium,v3_conflict_case,fallback_name_municipality,yamap_2023-11-19_06_46.gpx,瀬戸黒森・三森・羽子山・観音森,NaN,NaN,,,,,,strong,true,grounding_missing;missing_csv_coordinate;timezone_ambiguity;multiple_mountains_for_candidate;near_tie_candidates_for_mountain,
249,羽子山,summit-candidate:f7593239fa7bdcc9,5,2,0.65,medium,v3_conflict_case,fallback_name_municipality,yamap_2023-11-19_06_46.gpx,瀬戸黒森・三森・羽子山・観音森,NaN,NaN,,,,,,strong,true,grounding_missing;missing_csv_coordinate;timezone_ambiguity;multiple_mountains_for_candidate;near_tie_candidates_for_mountain,
250,観音森,summit-candidate:290abf917754fd0b,1,3,0.65,medium,v3_conflict_case,fallback_name_municipality,yamap_2023-11-19_06_46.gpx,瀬戸黒森・三森・羽子山・観音森,NaN,NaN,,,,,,strong,true,grounding_missing;missing_csv_coordinate;timezone_ambiguity;multiple_mountains_for_candidate;near_tie_candidates_for_mountain,
250,観音森,summit-candidate:9a0532ee2b40e5f3,2,3,0.65,medium,v3_conflict_case,fallback_name_municipality,yamap_2023-11-19_06_46.gpx,瀬戸黒森・三森・羽子山・観音森,NaN,NaN,,,,,,strong,true,grounding_missing;missing_csv_coordinate;timezone_ambiguity;multiple_mountains_for_candidate;near_tie_candidates_for_mountain,
250,観音森,summit-candidate:b997b8fd6709731d,3,3,0.65,medium,v3_conflict_case,fallback_name_municipality,yamap_2023-11-19_06_46.gpx,瀬戸黒森・三森・羽子山・観音森,NaN,NaN,,,,,,strong,true,grounding_missing;missing_csv_coordinate;timezone_ambiguity;multiple_mountains_for_candidate;near_tie_candidates_for_mountain,
250,観音森,summit-candidate:cf1cb583d492455c,4,3,0.65,medium,v3_conflict_case,fallback_name_municipality,yamap_2023-11-19_06_46.gpx,瀬戸黒森・三森・羽子山・観音森,NaN,NaN,,,,,,strong,true,grounding_missing;missing_csv_coordinate;timezone_ambiguity;multiple_mountains_for_candidate;near_tie_candidates_for_mountain,
250,観音森,summit-candidate:f7593239fa7bdcc9,5,3,0.65,medium,v3_conflict_case,fallback_name_municipality,yamap_2023-11-19_06_46.gpx,瀬戸黒森・三森・羽子山・観音森,NaN,NaN,,,,,,strong,true,grounding_missing;missing_csv_coordinate;timezone_ambiguity;multiple_mountains_for_candidate;near_tie_candidates_for_mountain,
251,三森,summit-candidate:290abf917754fd0b,1,4,0.65,medium,v3_conflict_case,fallback_name_municipality,yamap_2023-11-19_06_46.gpx,瀬戸黒森・三森・羽子山・観音森,NaN,NaN,,,,,,strong,true,grounding_missing;missing_csv_coordinate;timezone_ambiguity;multiple_mountains_for_candidate;near_tie_candidates_for_mountain,
251,三森,summit-candidate:9a0532ee2b40e5f3,2,4,0.65,medium,v3_conflict_case,fallback_name_municipality,yamap_2023-11-19_06_46.gpx,瀬戸黒森・三森・羽子山・観音森,NaN,NaN,,,,,,strong,true,grounding_missing;missing_csv_coordinate;timezone_ambiguity;multiple_mountains_for_candidate;near_tie_candidates_for_mountain,
251,三森,summit-candidate:b997b8fd6709731d,3,4,0.65,medium,v3_conflict_case,fallback_name_municipality,yamap_2023-11-19_06_46.gpx,瀬戸黒森・三森・羽子山・観音森,NaN,NaN,,,,,,strong,true,grounding_missing;missing_csv_coordinate;timezone_ambiguity;multiple_mountains_for_candidate;near_tie_candidates_for_mountain,
251,三森,summit-candidate:cf1cb583d492455c,4,4,0.65,medium,v3_conflict_case,fallback_name_municipality,yamap_2023-11-19_06_46.gpx,瀬戸黒森・三森・羽子山・観音森,NaN,NaN,,,,,,strong,true,grounding_missing;missing_csv_coordinate;timezone_ambiguity;multiple_mountains_for_candidate;near_tie_candidates_for_mountain,
251,三森,summit-candidate:f7593239fa7bdcc9,5,4,0.65,medium,v3_conflict_case,fallback_name_municipality,yamap_2023-11-19_06_46.gpx,瀬戸黒森・三森・羽子山・観音森,NaN,NaN,,,,,,strong,true,grounding_missing;missing_csv_coordinate;timezone_ambiguity;multiple_mountains_for_candidate;near_tie_candidates_for_mountain,
252,総津権現山,summit-candidate:f108570a8e33ce90,1,1,0.65,medium,v3_conflict_case,fallback_name_municipality,yamap_2023-12-17_07_11.gpx,総津権現山,NaN,NaN,,,,,,strong,true,grounding_missing;missing_csv_coordinate;timezone_ambiguity;multiple_mountains_for_candidate,
254,平岡山(平岡城址),summit-candidate:1d97e1955af85092,1,1,0.65,medium,v3_conflict_case,fallback_name_municipality,yamap_2023-12-17_10_30.gpx,平岡山(平岡城址) ,NaN,NaN,,NaN,,,,strong,true,missing_csv_coordinate;timezone_ambiguity;multiple_mountains_for_candidate,
255,竜門山,summit-candidate:64a47ed9c06f56d5,1,1,0.65,medium,v3_conflict_case,fallback_name_municipality,yamap_2024-01-14_10_18.gpx,竜門山・大黒山,NaN,NaN,,NaN,,,,strong,true,missing_csv_coordinate;timezone_ambiguity;multiple_mountains_for_candidate;near_tie_candidates_for_mountain,
255,竜門山,summit-candidate:99b1b356cad63b98,2,1,0.65,medium,v3_conflict_case,fallback_name_municipality,yamap_2024-01-14_10_18.gpx,竜門山・大黒山,NaN,NaN,,NaN,,,,strong,true,missing_csv_coordinate;timezone_ambiguity;multiple_mountains_for_candidate;near_tie_candidates_for_mountain,
256,大黒山,summit-candidate:282882317c3aab0b,1,1,0.65,medium,v3_conflict_case,fallback_name_municipality,yamap_2024-02-17_05_38.gpx,大黒山・譲ヶ葉森,NaN,NaN,,NaN,,,,strong,true,missing_csv_coordinate;timezone_ambiguity;multiple_mountains_for_candidate;near_tie_candidates_for_mountain,
256,大黒山,summit-candidate:64a47ed9c06f56d5,2,2,0.65,medium,v3_conflict_case,fallback_name_municipality,yamap_2024-01-14_10_18.gpx,竜門山・大黒山,NaN,NaN,,NaN,,,,strong,true,missing_csv_coordinate;timezone_ambiguity;multiple_mountains_for_candidate;near_tie_candidates_for_mountain,
256,大黒山,summit-candidate:99b1b356cad63b98,3,2,0.65,medium,v3_conflict_case,fallback_name_municipality,yamap_2024-01-14_10_18.gpx,竜門山・大黒山,NaN,NaN,,NaN,,,,strong,true,missing_csv_coordinate;timezone_ambiguity;multiple_mountains_for_candidate;near_tie_candidates_for_mountain,
256,大黒山,summit-candidate:f5c22dac4bd015ae,4,1,0.65,medium,v3_conflict_case,fallback_name_municipality,yamap_2024-02-17_05_38.gpx,大黒山・譲ヶ葉森,NaN,NaN,,NaN,,,,strong,true,missing_csv_coordinate;timezone_ambiguity;multiple_mountains_for_candidate;near_tie_candidates_for_mountain,
256,大黒山,summit-candidate:19baf3ce30f8991a,5,3,0.55,low,v3_conflict_case,fallback_name_only_review,yamap_2024-02-17_05_38.gpx,大黒山・譲ヶ葉森,NaN,NaN,,NaN,,,,strong,true,municipality_mismatch;missing_csv_coordinate;timezone_ambiguity;multiple_mountains_for_candidate;near_tie_candidates_for_mountain,
256,大黒山,summit-candidate:56cffb103cbe3aac,6,3,0.55,low,v3_conflict_case,fallback_name_only_review,yamap_2024-02-17_05_38.gpx,大黒山・譲ヶ葉森,NaN,NaN,,NaN,,,,strong,true,municipality_mismatch;missing_csv_coordinate;timezone_ambiguity;multiple_mountains_for_candidate;near_tie_candidates_for_mountain,
257,大空山,summit-candidate:fd13fabb918486e6,1,1,0.65,medium,v3_candidate_review_required,fallback_name_municipality,yamap_2024-01-27_08_01.gpx,大空山,NaN,NaN,,,,,,strong,true,grounding_missing;missing_csv_coordinate;timezone_ambiguity,
258,御串山,summit-candidate:02d59cd1260af017,1,1,0.65,medium,v3_candidate_review_required,fallback_name_municipality,yamap_2024-01-27_10_11.gpx,御串山,NaN,NaN,,NaN,,,,strong,true,missing_csv_coordinate;timezone_ambiguity,
259,宝股山,summit-candidate:468c5bbccd8aba53,1,1,0.65,medium,v3_candidate_review_required,fallback_name_municipality,yamap_2024-01-27_13_31.gpx,宝股山,NaN,NaN,,,,,,strong,true,grounding_missing;missing_csv_coordinate;timezone_ambiguity,
261,鳥屋ヶ森,summit-candidate:ef6730fa259856ec,1,1,0.65,medium,v3_candidate_review_required,fallback_name_municipality,yamap_2024-02-10_07_09.gpx,鳥屋ヶ森,NaN,NaN,,,,,,strong,true,grounding_missing;missing_csv_coordinate;timezone_ambiguity,
262,熊ガ峰,summit-candidate:ef3e845b5d632dd3,1,1,0.65,medium,v3_candidate_review_required,fallback_name_municipality,yamap_2024-02-10_09_58.gpx,熊ガ峰,NaN,NaN,,,,,,strong,true,grounding_missing;missing_csv_coordinate;timezone_ambiguity,
263,権現山,summit-candidate:2c817617699a0a45,1,8,0.65,medium,v3_conflict_case,fallback_name_municipality,yamap_2022-02-06_08_26.gpx,谷上山・権現山・白滝山・障子山,NaN,NaN,,,,,,strong,true,grounding_missing;missing_csv_coordinate;timezone_ambiguity;multiple_mountains_for_candidate;near_tie_candidates_for_mountain,
263,権現山,summit-candidate:7ef7c15a52318cc9,2,8,0.65,medium,v3_conflict_case,fallback_name_municipality,yamap_2022-11-05_04_38.gpx,権現山・黒岳・エビラ山・二ッ岳,NaN,NaN,,,,,,strong,true,grounding_missing;missing_csv_coordinate;timezone_ambiguity;multiple_mountains_for_candidate;near_tie_candidates_for_mountain,
263,権現山,summit-candidate:84f974876f397da1,3,1,0.65,medium,v3_conflict_case,fallback_name_municipality,yamap_2024-02-10_13_09.gpx,権現山,NaN,NaN,,,,,,strong,true,grounding_missing;missing_csv_coordinate;timezone_ambiguity;multiple_mountains_for_candidate;near_tie_candidates_for_mountain,
263,権現山,summit-candidate:a0ef25e9a532b62e,4,8,0.65,medium,v3_conflict_case,fallback_name_municipality,yamap_2022-02-06_08_26.gpx,谷上山・権現山・白滝山・障子山,NaN,NaN,,,,,,strong,true,grounding_missing;missing_csv_coordinate;timezone_ambiguity;multiple_mountains_for_candidate;near_tie_candidates_for_mountain,
263,権現山,summit-candidate:c94d8d76133fda1a,5,8,0.65,medium,v3_conflict_case,fallback_name_municipality,yamap_2022-02-06_08_26.gpx,谷上山・権現山・白滝山・障子山,NaN,NaN,,,,,,strong,true,grounding_missing;missing_csv_coordinate;timezone_ambiguity;multiple_mountains_for_candidate;near_tie_candidates_for_mountain,
263,権現山,summit-candidate:cf97b8470d2ed1d7,6,8,0.65,medium,v3_conflict_case,fallback_name_municipality,yamap_2022-11-05_04_38.gpx,権現山・黒岳・エビラ山・二ッ岳,NaN,NaN,,,,,,strong,true,grounding_missing;missing_csv_coordinate;timezone_ambiguity;multiple_mountains_for_candidate;near_tie_candidates_for_mountain,
263,権現山,summit-candidate:df6b60d513f5518e,7,5,0.65,medium,v3_conflict_case,fallback_name_municipality,yamap_2024-07-06_10_01.gpx,子持権現山・男山・瓶ヶ森,NaN,NaN,,,,,,strong,true,grounding_missing;missing_csv_coordinate;timezone_ambiguity;multiple_mountains_for_candidate;near_tie_candidates_for_mountain,
263,権現山,summit-candidate:e8b129f70e703be5,8,1,0.65,medium,v3_conflict_case,fallback_name_municipality,yamap_2026-03-07_11_08.gpx,権現山,NaN,NaN,,,,,,strong,true,grounding_missing;missing_csv_coordinate;timezone_ambiguity;multiple_mountains_for_candidate;near_tie_candidates_for_mountain,
263,権現山,summit-candidate:ea5f711625df386b,9,8,0.65,medium,v3_conflict_case,fallback_name_municipality,yamap_2022-02-06_08_26.gpx,谷上山・権現山・白滝山・障子山,NaN,NaN,,,,,,strong,true,grounding_missing;missing_csv_coordinate;timezone_ambiguity;multiple_mountains_for_candidate;near_tie_candidates_for_mountain,
263,権現山,summit-candidate:ffa6a88e4e680fd5,10,8,0.65,medium,v3_conflict_case,fallback_name_municipality,yamap_2022-11-05_04_38.gpx,権現山・黒岳・エビラ山・二ッ岳,NaN,NaN,,,,,,strong,true,grounding_missing;missing_csv_coordinate;timezone_ambiguity;multiple_mountains_for_candidate;near_tie_candidates_for_mountain,
263,権現山,summit-candidate:047b9599ec28c6ad,11,5,0.55,low,v3_conflict_case,fallback_name_only_review,yamap_2023-01-08_09_18.gpx,権現山,NaN,NaN,,,,,,strong,true,grounding_missing;municipality_mismatch;missing_csv_coordinate;timezone_ambiguity;multiple_mountains_for_candidate;near_tie_candidates_for_mountain,
263,権現山,summit-candidate:09547fd48f24d064,12,8,0.55,low,v3_conflict_case,fallback_name_only_review,yamap_2022-11-05_04_38.gpx,権現山・黒岳・エビラ山・二ッ岳,NaN,NaN,,,,,,strong,true,grounding_missing;municipality_mismatch;missing_csv_coordinate;timezone_ambiguity;multiple_mountains_for_candidate;near_tie_candidates_for_mountain,
263,権現山,summit-candidate:0c2609d9e7e31a00,13,8,0.55,low,v3_conflict_case,fallback_name_only_review,yamap_2022-10-16_10_19.gpx,楢原山・古権現山・中三方ヶ森,NaN,NaN,,,,,,strong,true,grounding_missing;municipality_mismatch;missing_csv_coordinate;timezone_ambiguity;multiple_mountains_for_candidate;near_tie_candidates_for_mountain,
263,権現山,summit-candidate:0eff3d1ea2b48d73,14,8,0.55,low,v3_conflict_case,fallback_name_only_review,yamap_2022-02-06_08_26.gpx,谷上山・権現山・白滝山・障子山,NaN,NaN,,,,,,strong,true,grounding_missing;municipality_mismatch;missing_csv_coordinate;timezone_ambiguity;multiple_mountains_for_candidate;near_tie_candidates_for_mountain,
263,権現山,summit-candidate:17b2365d322cd022,15,8,0.55,low,v3_conflict_case,fallback_name_only_review,yamap_2022-10-16_10_19.gpx,楢原山・古権現山・中三方ヶ森,NaN,NaN,,,,,,strong,true,grounding_missing;municipality_mismatch;missing_csv_coordinate;timezone_ambiguity;multiple_mountains_for_candidate;near_tie_candidates_for_mountain,
263,権現山,summit-candidate:2011a6c909945d6f,16,6,0.55,low,v3_conflict_case,fallback_name_only_review,yamap_2026-04-12_11_03.gpx,権現山,NaN,NaN,,,,,,strong,true,grounding_missing;municipality_mismatch;missing_csv_coordinate;timezone_ambiguity;multiple_mountains_for_candidate;near_tie_candidates_for_mountain,
263,権現山,summit-candidate:32bb5e7e1071e808,17,5,0.55,low,v3_conflict_case,fallback_name_only_review,yamap_2023-01-08_09_18.gpx,権現山,NaN,NaN,,,,,,strong,true,grounding_missing;municipality_mismatch;missing_csv_coordinate;timezone_ambiguity;multiple_mountains_for_candidate;near_tie_candidates_for_mountain,
263,権現山,summit-candidate:6756239601754708,18,6,0.55,low,v3_conflict_case,fallback_name_only_review,yamap_2026-02-14_13_33.gpx,権現山,NaN,NaN,,,,,,strong,true,grounding_missing;municipality_mismatch;missing_csv_coordinate;timezone_ambiguity;multiple_mountains_for_candidate;near_tie_candidates_for_mountain,
263,権現山,summit-candidate:bcf5d9d5a90e5cda,19,8,0.55,low,v3_conflict_case,fallback_name_only_review,yamap_2022-10-16_10_19.gpx,楢原山・古権現山・中三方ヶ森,NaN,NaN,,,,,,strong,true,grounding_missing;municipality_mismatch;missing_csv_coordinate;timezone_ambiguity;multiple_mountains_for_candidate;near_tie_candidates_for_mountain,
263,権現山,summit-candidate:c7ac7ff98cacc074,20,8,0.55,low,v3_conflict_case,fallback_name_only_review,yamap_2022-10-16_10_19.gpx,楢原山・古権現山・中三方ヶ森,NaN,NaN,,,,,,strong,true,grounding_missing;municipality_mismatch;missing_csv_coordinate;timezone_ambiguity;multiple_mountains_for_candidate;near_tie_candidates_for_mountain,
263,権現山,summit-candidate:f108570a8e33ce90,21,6,0.55,low,v3_conflict_case,fallback_name_only_review,yamap_2023-12-17_07_11.gpx,総津権現山,NaN,NaN,,,,,,strong,true,grounding_missing;municipality_mismatch;missing_csv_coordinate;timezone_ambiguity;multiple_mountains_for_candidate;near_tie_candidates_for_mountain,
263,権現山,summit-candidate:f2538b7f88e2dd06,22,8,0.55,low,v3_conflict_case,fallback_name_only_review,yamap_2024-07-06_10_01.gpx,子持権現山・男山・瓶ヶ森,NaN,NaN,,,,,,strong,true,grounding_missing;municipality_mismatch;missing_csv_coordinate;timezone_ambiguity;multiple_mountains_for_candidate;near_tie_candidates_for_mountain,
264,大黒山,summit-candidate:19baf3ce30f8991a,1,1,0.65,medium,v3_conflict_case,fallback_name_municipality,yamap_2024-02-17_05_38.gpx,大黒山・譲ヶ葉森,NaN,NaN,,NaN,,,,strong,true,missing_csv_coordinate;timezone_ambiguity;multiple_mountains_for_candidate;near_tie_candidates_for_mountain,
264,大黒山,summit-candidate:282882317c3aab0b,2,2,0.65,medium,v3_conflict_case,fallback_name_municipality,yamap_2024-02-17_05_38.gpx,大黒山・譲ヶ葉森,NaN,NaN,,NaN,,,,strong,true,missing_csv_coordinate;timezone_ambiguity;multiple_mountains_for_candidate;near_tie_candidates_for_mountain,
264,大黒山,summit-candidate:56cffb103cbe3aac,3,1,0.65,medium,v3_conflict_case,fallback_name_municipality,yamap_2024-02-17_05_38.gpx,大黒山・譲ヶ葉森,NaN,NaN,,NaN,,,,strong,true,missing_csv_coordinate;timezone_ambiguity;multiple_mountains_for_candidate;near_tie_candidates_for_mountain,
264,大黒山,summit-candidate:64a47ed9c06f56d5,4,3,0.65,medium,v3_conflict_case,fallback_name_municipality,yamap_2024-01-14_10_18.gpx,竜門山・大黒山,NaN,NaN,,NaN,,,,strong,true,missing_csv_coordinate;timezone_ambiguity;multiple_mountains_for_candidate;near_tie_candidates_for_mountain,
264,大黒山,summit-candidate:f5c22dac4bd015ae,5,2,0.65,medium,v3_conflict_case,fallback_name_municipality,yamap_2024-02-17_05_38.gpx,大黒山・譲ヶ葉森,NaN,NaN,,NaN,,,,strong,true,missing_csv_coordinate;timezone_ambiguity;multiple_mountains_for_candidate;near_tie_candidates_for_mountain,
264,大黒山,summit-candidate:99b1b356cad63b98,6,3,0.55,low,v3_conflict_case,fallback_name_only_review,yamap_2024-01-14_10_18.gpx,竜門山・大黒山,NaN,NaN,,NaN,,,,strong,true,municipality_mismatch;missing_csv_coordinate;timezone_ambiguity;multiple_mountains_for_candidate;near_tie_candidates_for_mountain,
265,譲ヶ葉森,summit-candidate:19baf3ce30f8991a,1,2,0.65,medium,v3_conflict_case,fallback_name_municipality,yamap_2024-02-17_05_38.gpx,大黒山・譲ヶ葉森,NaN,NaN,,,,,,strong,true,grounding_missing;missing_csv_coordinate;timezone_ambiguity;multiple_mountains_for_candidate;near_tie_candidates_for_mountain,
265,譲ヶ葉森,summit-candidate:282882317c3aab0b,2,3,0.65,medium,v3_conflict_case,fallback_name_municipality,yamap_2024-02-17_05_38.gpx,大黒山・譲ヶ葉森,NaN,NaN,,,,,,strong,true,grounding_missing;missing_csv_coordinate;timezone_ambiguity;multiple_mountains_for_candidate;near_tie_candidates_for_mountain,
265,譲ヶ葉森,summit-candidate:56cffb103cbe3aac,3,2,0.65,medium,v3_conflict_case,fallback_name_municipality,yamap_2024-02-17_05_38.gpx,大黒山・譲ヶ葉森,NaN,NaN,,,,,,strong,true,grounding_missing;missing_csv_coordinate;timezone_ambiguity;multiple_mountains_for_candidate;near_tie_candidates_for_mountain,
265,譲ヶ葉森,summit-candidate:f5c22dac4bd015ae,4,3,0.65,medium,v3_conflict_case,fallback_name_municipality,yamap_2024-02-17_05_38.gpx,大黒山・譲ヶ葉森,NaN,NaN,,,,,,strong,true,grounding_missing;missing_csv_coordinate;timezone_ambiguity;multiple_mountains_for_candidate;near_tie_candidates_for_mountain,
266,郭公岳,summit-candidate:3853fbbba7330ec4,1,1,0.65,medium,v3_conflict_case,fallback_name_municipality,yamap_2024-02-24_07_06.gpx,高月山・東高月山・郭公岳・櫨ヶ森・毛山,NaN,NaN,,NaN,,,,strong,true,missing_csv_coordinate;timezone_ambiguity;multiple_mountains_for_candidate;near_tie_candidates_for_mountain,
266,郭公岳,summit-candidate:62351b8782d6f597,2,1,0.65,medium,v3_conflict_case,fallback_name_municipality,yamap_2024-02-24_07_06.gpx,高月山・東高月山・郭公岳・櫨ヶ森・毛山,NaN,NaN,,NaN,,,,strong,true,missing_csv_coordinate;timezone_ambiguity;multiple_mountains_for_candidate;near_tie_candidates_for_mountain,
266,郭公岳,summit-candidate:90c3723735d95c0d,3,1,0.65,medium,v3_conflict_case,fallback_name_municipality,yamap_2024-02-24_07_06.gpx,高月山・東高月山・郭公岳・櫨ヶ森・毛山,NaN,NaN,,NaN,,,,strong,true,missing_csv_coordinate;timezone_ambiguity;multiple_mountains_for_candidate;near_tie_candidates_for_mountain,
266,郭公岳,summit-candidate:ba56c1ac8ac55c5f,4,1,0.65,medium,v3_conflict_case,fallback_name_municipality,yamap_2024-02-24_07_06.gpx,高月山・東高月山・郭公岳・櫨ヶ森・毛山,NaN,NaN,,NaN,,,,strong,true,missing_csv_coordinate;timezone_ambiguity;multiple_mountains_for_candidate;near_tie_candidates_for_mountain,
266,郭公岳,summit-candidate:f7e5fd7b11eb7bd4,5,1,0.65,medium,v3_conflict_case,fallback_name_municipality,yamap_2024-02-24_07_06.gpx,高月山・東高月山・郭公岳・櫨ヶ森・毛山,NaN,NaN,,NaN,,,,strong,true,missing_csv_coordinate;timezone_ambiguity;multiple_mountains_for_candidate;near_tie_candidates_for_mountain,
267,東高月山,summit-candidate:3853fbbba7330ec4,1,2,0.65,medium,v3_conflict_case,fallback_name_municipality,yamap_2024-02-24_07_06.gpx,高月山・東高月山・郭公岳・櫨ヶ森・毛山,NaN,NaN,,NaN,,,,strong,true,missing_csv_coordinate;timezone_ambiguity;multiple_mountains_for_candidate;near_tie_candidates_for_mountain,
267,東高月山,summit-candidate:62351b8782d6f597,2,2,0.65,medium,v3_conflict_case,fallback_name_municipality,yamap_2024-02-24_07_06.gpx,高月山・東高月山・郭公岳・櫨ヶ森・毛山,NaN,NaN,,NaN,,,,strong,true,missing_csv_coordinate;timezone_ambiguity;multiple_mountains_for_candidate;near_tie_candidates_for_mountain,
267,東高月山,summit-candidate:90c3723735d95c0d,3,2,0.65,medium,v3_conflict_case,fallback_name_municipality,yamap_2024-02-24_07_06.gpx,高月山・東高月山・郭公岳・櫨ヶ森・毛山,NaN,NaN,,NaN,,,,strong,true,missing_csv_coordinate;timezone_ambiguity;multiple_mountains_for_candidate;near_tie_candidates_for_mountain,
267,東高月山,summit-candidate:ba56c1ac8ac55c5f,4,2,0.65,medium,v3_conflict_case,fallback_name_municipality,yamap_2024-02-24_07_06.gpx,高月山・東高月山・郭公岳・櫨ヶ森・毛山,NaN,NaN,,NaN,,,,strong,true,missing_csv_coordinate;timezone_ambiguity;multiple_mountains_for_candidate;near_tie_candidates_for_mountain,
267,東高月山,summit-candidate:f7e5fd7b11eb7bd4,5,2,0.65,medium,v3_conflict_case,fallback_name_municipality,yamap_2024-02-24_07_06.gpx,高月山・東高月山・郭公岳・櫨ヶ森・毛山,NaN,NaN,,NaN,,,,strong,true,missing_csv_coordinate;timezone_ambiguity;multiple_mountains_for_candidate;near_tie_candidates_for_mountain,
268,高月山,summit-candidate:3853fbbba7330ec4,1,3,0.65,medium,v3_conflict_case,fallback_name_municipality,yamap_2024-02-24_07_06.gpx,高月山・東高月山・郭公岳・櫨ヶ森・毛山,NaN,NaN,,NaN,,,,strong,true,missing_csv_coordinate;timezone_ambiguity;multiple_mountains_for_candidate;near_tie_candidates_for_mountain,
268,高月山,summit-candidate:62351b8782d6f597,2,3,0.65,medium,v3_conflict_case,fallback_name_municipality,yamap_2024-02-24_07_06.gpx,高月山・東高月山・郭公岳・櫨ヶ森・毛山,NaN,NaN,,NaN,,,,strong,true,missing_csv_coordinate;timezone_ambiguity;multiple_mountains_for_candidate;near_tie_candidates_for_mountain,
268,高月山,summit-candidate:90c3723735d95c0d,3,3,0.65,medium,v3_conflict_case,fallback_name_municipality,yamap_2024-02-24_07_06.gpx,高月山・東高月山・郭公岳・櫨ヶ森・毛山,NaN,NaN,,NaN,,,,strong,true,missing_csv_coordinate;timezone_ambiguity;multiple_mountains_for_candidate;near_tie_candidates_for_mountain,
268,高月山,summit-candidate:ba56c1ac8ac55c5f,4,3,0.65,medium,v3_conflict_case,fallback_name_municipality,yamap_2024-02-24_07_06.gpx,高月山・東高月山・郭公岳・櫨ヶ森・毛山,NaN,NaN,,NaN,,,,strong,true,missing_csv_coordinate;timezone_ambiguity;multiple_mountains_for_candidate;near_tie_candidates_for_mountain,
268,高月山,summit-candidate:f7e5fd7b11eb7bd4,5,3,0.65,medium,v3_conflict_case,fallback_name_municipality,yamap_2024-02-24_07_06.gpx,高月山・東高月山・郭公岳・櫨ヶ森・毛山,NaN,NaN,,NaN,,,,strong,true,missing_csv_coordinate;timezone_ambiguity;multiple_mountains_for_candidate;near_tie_candidates_for_mountain,
269,櫨ヶ森,summit-candidate:3853fbbba7330ec4,1,4,0.65,medium,v3_conflict_case,fallback_name_municipality,yamap_2024-02-24_07_06.gpx,高月山・東高月山・郭公岳・櫨ヶ森・毛山,NaN,NaN,,NaN,,,,strong,true,missing_csv_coordinate;timezone_ambiguity;multiple_mountains_for_candidate;near_tie_candidates_for_mountain,
269,櫨ヶ森,summit-candidate:62351b8782d6f597,2,4,0.65,medium,v3_conflict_case,fallback_name_municipality,yamap_2024-02-24_07_06.gpx,高月山・東高月山・郭公岳・櫨ヶ森・毛山,NaN,NaN,,NaN,,,,strong,true,missing_csv_coordinate;timezone_ambiguity;multiple_mountains_for_candidate;near_tie_candidates_for_mountain,
269,櫨ヶ森,summit-candidate:90c3723735d95c0d,3,4,0.65,medium,v3_conflict_case,fallback_name_municipality,yamap_2024-02-24_07_06.gpx,高月山・東高月山・郭公岳・櫨ヶ森・毛山,NaN,NaN,,NaN,,,,strong,true,missing_csv_coordinate;timezone_ambiguity;multiple_mountains_for_candidate;near_tie_candidates_for_mountain,
269,櫨ヶ森,summit-candidate:ba56c1ac8ac55c5f,4,4,0.65,medium,v3_conflict_case,fallback_name_municipality,yamap_2024-02-24_07_06.gpx,高月山・東高月山・郭公岳・櫨ヶ森・毛山,NaN,NaN,,NaN,,,,strong,true,missing_csv_coordinate;timezone_ambiguity;multiple_mountains_for_candidate;near_tie_candidates_for_mountain,
269,櫨ヶ森,summit-candidate:f7e5fd7b11eb7bd4,5,4,0.65,medium,v3_conflict_case,fallback_name_municipality,yamap_2024-02-24_07_06.gpx,高月山・東高月山・郭公岳・櫨ヶ森・毛山,NaN,NaN,,NaN,,,,strong,true,missing_csv_coordinate;timezone_ambiguity;multiple_mountains_for_candidate;near_tie_candidates_for_mountain,
270,毛山,summit-candidate:27c1036d4aa2230e,1,5,0.65,medium,v3_conflict_case,fallback_name_municipality,yamap_2022-04-08_09_33.gpx,鬼ヶ城山・大久保山・八面山・三本杭・横ノ森・小屋ヶ森・毛山,NaN,NaN,,,,,,strong,true,grounding_missing;missing_csv_coordinate;timezone_ambiguity;multiple_mountains_for_candidate;near_tie_candidates_for_mountain,
270,毛山,summit-candidate:3853fbbba7330ec4,2,5,0.65,medium,v3_conflict_case,fallback_name_municipality,yamap_2024-02-24_07_06.gpx,高月山・東高月山・郭公岳・櫨ヶ森・毛山,NaN,NaN,,,,,,strong,true,grounding_missing;missing_csv_coordinate;timezone_ambiguity;multiple_mountains_for_candidate;near_tie_candidates_for_mountain,
270,毛山,summit-candidate:40068653b28bad40,3,5,0.65,medium,v3_conflict_case,fallback_name_municipality,yamap_2022-04-08_09_33.gpx,鬼ヶ城山・大久保山・八面山・三本杭・横ノ森・小屋ヶ森・毛山,NaN,NaN,,,,,,strong,true,grounding_missing;missing_csv_coordinate;timezone_ambiguity;multiple_mountains_for_candidate;near_tie_candidates_for_mountain,
270,毛山,summit-candidate:62351b8782d6f597,4,5,0.65,medium,v3_conflict_case,fallback_name_municipality,yamap_2024-02-24_07_06.gpx,高月山・東高月山・郭公岳・櫨ヶ森・毛山,NaN,NaN,,,,,,strong,true,grounding_missing;missing_csv_coordinate;timezone_ambiguity;multiple_mountains_for_candidate;near_tie_candidates_for_mountain,
270,毛山,summit-candidate:7ceb76663c2bb81b,5,5,0.65,medium,v3_conflict_case,fallback_name_municipality,yamap_2022-04-08_09_33.gpx,鬼ヶ城山・大久保山・八面山・三本杭・横ノ森・小屋ヶ森・毛山,NaN,NaN,,,,,,strong,true,grounding_missing;missing_csv_coordinate;timezone_ambiguity;multiple_mountains_for_candidate;near_tie_candidates_for_mountain,
270,毛山,summit-candidate:90c3723735d95c0d,6,5,0.65,medium,v3_conflict_case,fallback_name_municipality,yamap_2024-02-24_07_06.gpx,高月山・東高月山・郭公岳・櫨ヶ森・毛山,NaN,NaN,,,,,,strong,true,grounding_missing;missing_csv_coordinate;timezone_ambiguity;multiple_mountains_for_candidate;near_tie_candidates_for_mountain,
270,毛山,summit-candidate:91ebf1d99654d5b2,7,5,0.65,medium,v3_conflict_case,fallback_name_municipality,yamap_2022-04-08_09_33.gpx,鬼ヶ城山・大久保山・八面山・三本杭・横ノ森・小屋ヶ森・毛山,NaN,NaN,,,,,,strong,true,grounding_missing;missing_csv_coordinate;timezone_ambiguity;multiple_mountains_for_candidate;near_tie_candidates_for_mountain,
270,毛山,summit-candidate:ba56c1ac8ac55c5f,8,5,0.65,medium,v3_conflict_case,fallback_name_municipality,yamap_2024-02-24_07_06.gpx,高月山・東高月山・郭公岳・櫨ヶ森・毛山,NaN,NaN,,,,,,strong,true,grounding_missing;missing_csv_coordinate;timezone_ambiguity;multiple_mountains_for_candidate;near_tie_candidates_for_mountain,
270,毛山,summit-candidate:babbcdf7bbd23463,9,5,0.65,medium,v3_conflict_case,fallback_name_municipality,yamap_2022-04-08_09_33.gpx,鬼ヶ城山・大久保山・八面山・三本杭・横ノ森・小屋ヶ森・毛山,NaN,NaN,,,,,,strong,true,grounding_missing;missing_csv_coordinate;timezone_ambiguity;multiple_mountains_for_candidate;near_tie_candidates_for_mountain,
270,毛山,summit-candidate:f7e5fd7b11eb7bd4,10,5,0.65,medium,v3_conflict_case,fallback_name_municipality,yamap_2024-02-24_07_06.gpx,高月山・東高月山・郭公岳・櫨ヶ森・毛山,NaN,NaN,,,,,,strong,true,grounding_missing;missing_csv_coordinate;timezone_ambiguity;multiple_mountains_for_candidate;near_tie_candidates_for_mountain,
271,白石山,summit-candidate:ac8e3853fbbf0c6f,1,1,0.65,medium,v3_candidate_review_required,fallback_name_municipality,yamap_2024-03-03_06_23.gpx,白石山,NaN,NaN,,,,,,strong,true,grounding_missing;missing_csv_coordinate;timezone_ambiguity,
272,観音岳,summit-candidate:a53cc9868b7f2f70,1,1,0.65,medium,v3_candidate_review_required,fallback_name_municipality,yamap_2024-03-03_08_44.gpx,観音岳,NaN,NaN,,,,,,strong,true,grounding_missing;missing_csv_coordinate;timezone_ambiguity,
273,音無山,summit-candidate:97e45d6eab227d56,1,1,0.65,medium,v3_candidate_review_required,fallback_name_municipality,yamap_2024-03-03_10_00.gpx,音無山,NaN,NaN,,,,,,strong,true,grounding_missing;missing_csv_coordinate;timezone_ambiguity,
274,天ガ森,summit-candidate:93a4d66ef3ee559d,1,1,0.65,medium,v3_candidate_review_required,fallback_name_municipality,yamap_2024-03-03_13_33.gpx,天ガ森,NaN,NaN,,,,,,strong,true,grounding_missing;missing_csv_coordinate;timezone_ambiguity,
275,夫婦山,summit-candidate:0022a746b396d4c7,1,2,0.65,medium,v3_conflict_case,fallback_name_municipality,yamap_2024-03-10_07_12.gpx,夫婦山・白山・観音山・国見山・城山・御勧請山,NaN,NaN,,,,,,strong,true,grounding_missing;missing_csv_coordinate;timezone_ambiguity;multiple_mountains_for_candidate;near_tie_candidates_for_mountain,
275,夫婦山,summit-candidate:13b7a4bb8154974a,2,2,0.65,medium,v3_conflict_case,fallback_name_municipality,yamap_2024-03-10_07_12.gpx,夫婦山・白山・観音山・国見山・城山・御勧請山,NaN,NaN,,,,,,strong,true,grounding_missing;missing_csv_coordinate;timezone_ambiguity;multiple_mountains_for_candidate;near_tie_candidates_for_mountain,
275,夫婦山,summit-candidate:2ab43729f5e80cbe,3,2,0.65,medium,v3_conflict_case,fallback_name_municipality,yamap_2024-03-10_07_12.gpx,夫婦山・白山・観音山・国見山・城山・御勧請山,NaN,NaN,,,,,,strong,true,grounding_missing;missing_csv_coordinate;timezone_ambiguity;multiple_mountains_for_candidate;near_tie_candidates_for_mountain,
275,夫婦山,summit-candidate:3a491eecbf684185,4,2,0.65,medium,v3_conflict_case,fallback_name_municipality,yamap_2024-03-10_07_12.gpx,夫婦山・白山・観音山・国見山・城山・御勧請山,NaN,NaN,,,,,,strong,true,grounding_missing;missing_csv_coordinate;timezone_ambiguity;multiple_mountains_for_candidate;near_tie_candidates_for_mountain,
275,夫婦山,summit-candidate:3e9348428f22a320,5,2,0.65,medium,v3_conflict_case,fallback_name_municipality,yamap_2024-03-10_07_12.gpx,夫婦山・白山・観音山・国見山・城山・御勧請山,NaN,NaN,,,,,,strong,true,grounding_missing;missing_csv_coordinate;timezone_ambiguity;multiple_mountains_for_candidate;near_tie_candidates_for_mountain,
275,夫婦山,summit-candidate:cf29543e6beaa1ec,6,2,0.65,medium,v3_conflict_case,fallback_name_municipality,yamap_2024-03-10_07_12.gpx,夫婦山・白山・観音山・国見山・城山・御勧請山,NaN,NaN,,,,,,strong,true,grounding_missing;missing_csv_coordinate;timezone_ambiguity;multiple_mountains_for_candidate;near_tie_candidates_for_mountain,
275,夫婦山,summit-candidate:d19542a61a416537,7,2,0.65,medium,v3_conflict_case,fallback_name_municipality,yamap_2024-03-10_07_12.gpx,夫婦山・白山・観音山・国見山・城山・御勧請山,NaN,NaN,,,,,,strong,true,grounding_missing;missing_csv_coordinate;timezone_ambiguity;multiple_mountains_for_candidate;near_tie_candidates_for_mountain,
276,白山,summit-candidate:0022a746b396d4c7,1,3,0.65,medium,v3_conflict_case,fallback_name_municipality,yamap_2024-03-10_07_12.gpx,夫婦山・白山・観音山・国見山・城山・御勧請山,NaN,NaN,,NaN,,,,strong,true,missing_csv_coordinate;timezone_ambiguity;multiple_mountains_for_candidate;near_tie_candidates_for_mountain,
276,白山,summit-candidate:13b7a4bb8154974a,2,3,0.65,medium,v3_conflict_case,fallback_name_municipality,yamap_2024-03-10_07_12.gpx,夫婦山・白山・観音山・国見山・城山・御勧請山,NaN,NaN,,NaN,,,,strong,true,missing_csv_coordinate;timezone_ambiguity;multiple_mountains_for_candidate;near_tie_candidates_for_mountain,
276,白山,summit-candidate:2ab43729f5e80cbe,3,3,0.65,medium,v3_conflict_case,fallback_name_municipality,yamap_2024-03-10_07_12.gpx,夫婦山・白山・観音山・国見山・城山・御勧請山,NaN,NaN,,NaN,,,,strong,true,missing_csv_coordinate;timezone_ambiguity;multiple_mountains_for_candidate;near_tie_candidates_for_mountain,
276,白山,summit-candidate:3a491eecbf684185,4,3,0.65,medium,v3_conflict_case,fallback_name_municipality,yamap_2024-03-10_07_12.gpx,夫婦山・白山・観音山・国見山・城山・御勧請山,NaN,NaN,,NaN,,,,strong,true,missing_csv_coordinate;timezone_ambiguity;multiple_mountains_for_candidate;near_tie_candidates_for_mountain,
276,白山,summit-candidate:3e9348428f22a320,5,3,0.65,medium,v3_conflict_case,fallback_name_municipality,yamap_2024-03-10_07_12.gpx,夫婦山・白山・観音山・国見山・城山・御勧請山,NaN,NaN,,NaN,,,,strong,true,missing_csv_coordinate;timezone_ambiguity;multiple_mountains_for_candidate;near_tie_candidates_for_mountain,
276,白山,summit-candidate:cf29543e6beaa1ec,6,3,0.65,medium,v3_conflict_case,fallback_name_municipality,yamap_2024-03-10_07_12.gpx,夫婦山・白山・観音山・国見山・城山・御勧請山,NaN,NaN,,NaN,,,,strong,true,missing_csv_coordinate;timezone_ambiguity;multiple_mountains_for_candidate;near_tie_candidates_for_mountain,
276,白山,summit-candidate:d19542a61a416537,7,3,0.65,medium,v3_conflict_case,fallback_name_municipality,yamap_2024-03-10_07_12.gpx,夫婦山・白山・観音山・国見山・城山・御勧請山,NaN,NaN,,NaN,,,,strong,true,missing_csv_coordinate;timezone_ambiguity;multiple_mountains_for_candidate;near_tie_candidates_for_mountain,
277,観音山,summit-candidate:0022a746b396d4c7,1,4,0.65,medium,v3_conflict_case,fallback_name_municipality,yamap_2024-03-10_07_12.gpx,夫婦山・白山・観音山・国見山・城山・御勧請山,NaN,NaN,,,,,,strong,true,grounding_missing;missing_csv_coordinate;timezone_ambiguity;multiple_mountains_for_candidate;near_tie_candidates_for_mountain,
277,観音山,summit-candidate:13b7a4bb8154974a,2,4,0.65,medium,v3_conflict_case,fallback_name_municipality,yamap_2024-03-10_07_12.gpx,夫婦山・白山・観音山・国見山・城山・御勧請山,NaN,NaN,,,,,,strong,true,grounding_missing;missing_csv_coordinate;timezone_ambiguity;multiple_mountains_for_candidate;near_tie_candidates_for_mountain,
277,観音山,summit-candidate:2ab43729f5e80cbe,3,4,0.65,medium,v3_conflict_case,fallback_name_municipality,yamap_2024-03-10_07_12.gpx,夫婦山・白山・観音山・国見山・城山・御勧請山,NaN,NaN,,,,,,strong,true,grounding_missing;missing_csv_coordinate;timezone_ambiguity;multiple_mountains_for_candidate;near_tie_candidates_for_mountain,
277,観音山,summit-candidate:3a491eecbf684185,4,4,0.65,medium,v3_conflict_case,fallback_name_municipality,yamap_2024-03-10_07_12.gpx,夫婦山・白山・観音山・国見山・城山・御勧請山,NaN,NaN,,,,,,strong,true,grounding_missing;missing_csv_coordinate;timezone_ambiguity;multiple_mountains_for_candidate;near_tie_candidates_for_mountain,
277,観音山,summit-candidate:3e9348428f22a320,5,4,0.65,medium,v3_conflict_case,fallback_name_municipality,yamap_2024-03-10_07_12.gpx,夫婦山・白山・観音山・国見山・城山・御勧請山,NaN,NaN,,,,,,strong,true,grounding_missing;missing_csv_coordinate;timezone_ambiguity;multiple_mountains_for_candidate;near_tie_candidates_for_mountain,
277,観音山,summit-candidate:a0c35720552a78c8,6,5,0.65,medium,v3_conflict_case,fallback_name_municipality,yamap_2022-01-15_08_17.gpx,関ヶ森・観音山・倉谷山・芝ヶ峠,NaN,NaN,,,,,,strong,true,grounding_missing;missing_csv_coordinate;timezone_ambiguity;multiple_mountains_for_candidate;near_tie_candidates_for_mountain,
277,観音山,summit-candidate:c284068144ec2cfd,7,5,0.65,medium,v3_conflict_case,fallback_name_municipality,yamap_2022-01-15_08_17.gpx,関ヶ森・観音山・倉谷山・芝ヶ峠,NaN,NaN,,,,,,strong,true,grounding_missing;missing_csv_coordinate;timezone_ambiguity;multiple_mountains_for_candidate;near_tie_candidates_for_mountain,
277,観音山,summit-candidate:cb62a56e70cedbce,8,5,0.65,medium,v3_conflict_case,fallback_name_municipality,yamap_2022-01-15_08_17.gpx,関ヶ森・観音山・倉谷山・芝ヶ峠,NaN,NaN,,,,,,strong,true,grounding_missing;missing_csv_coordinate;timezone_ambiguity;multiple_mountains_for_candidate;near_tie_candidates_for_mountain,
277,観音山,summit-candidate:cf29543e6beaa1ec,9,4,0.65,medium,v3_conflict_case,fallback_name_municipality,yamap_2024-03-10_07_12.gpx,夫婦山・白山・観音山・国見山・城山・御勧請山,NaN,NaN,,,,,,strong,true,grounding_missing;missing_csv_coordinate;timezone_ambiguity;multiple_mountains_for_candidate;near_tie_candidates_for_mountain,
277,観音山,summit-candidate:d19542a61a416537,10,4,0.65,medium,v3_conflict_case,fallback_name_municipality,yamap_2024-03-10_07_12.gpx,夫婦山・白山・観音山・国見山・城山・御勧請山,NaN,NaN,,,,,,strong,true,grounding_missing;missing_csv_coordinate;timezone_ambiguity;multiple_mountains_for_candidate;near_tie_candidates_for_mountain,
277,観音山,summit-candidate:feca346909b97b92,11,5,0.65,medium,v3_conflict_case,fallback_name_municipality,yamap_2022-01-15_08_17.gpx,関ヶ森・観音山・倉谷山・芝ヶ峠,NaN,NaN,,,,,,strong,true,grounding_missing;missing_csv_coordinate;timezone_ambiguity;multiple_mountains_for_candidate;near_tie_candidates_for_mountain,
278,国見山,summit-candidate:0022a746b396d4c7,1,5,0.65,medium,v3_conflict_case,fallback_name_municipality,yamap_2024-03-10_07_12.gpx,夫婦山・白山・観音山・国見山・城山・御勧請山,NaN,NaN,,,,,,strong,true,grounding_missing;missing_csv_coordinate;timezone_ambiguity;multiple_mountains_for_candidate;near_tie_candidates_for_mountain,
278,国見山,summit-candidate:13b7a4bb8154974a,2,5,0.65,medium,v3_conflict_case,fallback_name_municipality,yamap_2024-03-10_07_12.gpx,夫婦山・白山・観音山・国見山・城山・御勧請山,NaN,NaN,,,,,,strong,true,grounding_missing;missing_csv_coordinate;timezone_ambiguity;multiple_mountains_for_candidate;near_tie_candidates_for_mountain,
278,国見山,summit-candidate:2ab43729f5e80cbe,3,5,0.65,medium,v3_conflict_case,fallback_name_municipality,yamap_2024-03-10_07_12.gpx,夫婦山・白山・観音山・国見山・城山・御勧請山,NaN,NaN,,,,,,strong,true,grounding_missing;missing_csv_coordinate;timezone_ambiguity;multiple_mountains_for_candidate;near_tie_candidates_for_mountain,
278,国見山,summit-candidate:3a491eecbf684185,4,5,0.65,medium,v3_conflict_case,fallback_name_municipality,yamap_2024-03-10_07_12.gpx,夫婦山・白山・観音山・国見山・城山・御勧請山,NaN,NaN,,,,,,strong,true,grounding_missing;missing_csv_coordinate;timezone_ambiguity;multiple_mountains_for_candidate;near_tie_candidates_for_mountain,
278,国見山,summit-candidate:3e9348428f22a320,5,5,0.65,medium,v3_conflict_case,fallback_name_municipality,yamap_2024-03-10_07_12.gpx,夫婦山・白山・観音山・国見山・城山・御勧請山,NaN,NaN,,,,,,strong,true,grounding_missing;missing_csv_coordinate;timezone_ambiguity;multiple_mountains_for_candidate;near_tie_candidates_for_mountain,
278,国見山,summit-candidate:cf29543e6beaa1ec,6,5,0.65,medium,v3_conflict_case,fallback_name_municipality,yamap_2024-03-10_07_12.gpx,夫婦山・白山・観音山・国見山・城山・御勧請山,NaN,NaN,,,,,,strong,true,grounding_missing;missing_csv_coordinate;timezone_ambiguity;multiple_mountains_for_candidate;near_tie_candidates_for_mountain,
278,国見山,summit-candidate:d19542a61a416537,7,5,0.65,medium,v3_conflict_case,fallback_name_municipality,yamap_2024-03-10_07_12.gpx,夫婦山・白山・観音山・国見山・城山・御勧請山,NaN,NaN,,,,,,strong,true,grounding_missing;missing_csv_coordinate;timezone_ambiguity;multiple_mountains_for_candidate;near_tie_candidates_for_mountain,
279,城山,summit-candidate:0022a746b396d4c7,1,6,0.65,medium,v3_conflict_case,fallback_name_municipality,yamap_2024-03-10_07_12.gpx,夫婦山・白山・観音山・国見山・城山・御勧請山,NaN,NaN,,NaN,,,,strong,true,missing_csv_coordinate;timezone_ambiguity;multiple_mountains_for_candidate;near_tie_candidates_for_mountain,
279,城山,summit-candidate:0ec3be2fa2295b82,2,3,0.65,medium,v3_conflict_case,fallback_name_municipality,yamap_2022-03-03_10_47.gpx,奥之城山・ヌタノサコ,NaN,NaN,,NaN,,,,strong,true,missing_csv_coordinate;timezone_ambiguity;multiple_mountains_for_candidate;near_tie_candidates_for_mountain,
279,城山,summit-candidate:13b7a4bb8154974a,3,6,0.65,medium,v3_conflict_case,fallback_name_municipality,yamap_2024-03-10_07_12.gpx,夫婦山・白山・観音山・国見山・城山・御勧請山,NaN,NaN,,NaN,,,,strong,true,missing_csv_coordinate;timezone_ambiguity;multiple_mountains_for_candidate;near_tie_candidates_for_mountain,
279,城山,summit-candidate:1432f597b5dca157,4,3,0.65,medium,v3_conflict_case,fallback_name_municipality,yamap_2023-01-28_14_27.gpx,古城山・尾崎山,NaN,NaN,,NaN,,,,strong,true,missing_csv_coordinate;timezone_ambiguity;multiple_mountains_for_candidate;near_tie_candidates_for_mountain,
279,城山,summit-candidate:2ab43729f5e80cbe,5,6,0.65,medium,v3_conflict_case,fallback_name_municipality,yamap_2024-03-10_07_12.gpx,夫婦山・白山・観音山・国見山・城山・御勧請山,NaN,NaN,,NaN,,,,strong,true,missing_csv_coordinate;timezone_ambiguity;multiple_mountains_for_candidate;near_tie_candidates_for_mountain,
279,城山,summit-candidate:36e3ac8003e8b5d0,6,5,0.65,medium,v3_conflict_case,fallback_name_municipality,yamap_2022-01-28_12_28.gpx,尾ノ峰・新城山・腰折山・恵良山,NaN,NaN,,NaN,,,,strong,true,missing_csv_coordinate;timezone_ambiguity;multiple_mountains_for_candidate;near_tie_candidates_for_mountain,
279,城山,summit-candidate:3a491eecbf684185,7,6,0.65,medium,v3_conflict_case,fallback_name_municipality,yamap_2024-03-10_07_12.gpx,夫婦山・白山・観音山・国見山・城山・御勧請山,NaN,NaN,,NaN,,,,strong,true,missing_csv_coordinate;timezone_ambiguity;multiple_mountains_for_candidate;near_tie_candidates_for_mountain,
279,城山,summit-candidate:3e9348428f22a320,8,6,0.65,medium,v3_conflict_case,fallback_name_municipality,yamap_2024-03-10_07_12.gpx,夫婦山・白山・観音山・国見山・城山・御勧請山,NaN,NaN,,NaN,,,,strong,true,missing_csv_coordinate;timezone_ambiguity;multiple_mountains_for_candidate;near_tie_candidates_for_mountain,
279,城山,summit-candidate:40260be41579ab8f,9,5,0.65,medium,v3_conflict_case,fallback_name_municipality,yamap_2022-01-28_12_28.gpx,尾ノ峰・新城山・腰折山・恵良山,NaN,NaN,,NaN,,,,strong,true,missing_csv_coordinate;timezone_ambiguity;multiple_mountains_for_candidate;near_tie_candidates_for_mountain,
279,城山,summit-candidate:7d7066baad9d7077,10,3,0.65,medium,v3_conflict_case,fallback_name_municipality,yamap_2022-03-03_10_47.gpx,奥之城山・ヌタノサコ,NaN,NaN,,NaN,,,,strong,true,missing_csv_coordinate;timezone_ambiguity;multiple_mountains_for_candidate;near_tie_candidates_for_mountain,
279,城山,summit-candidate:95a8fa74fd4af7b0,11,2,0.65,medium,v3_conflict_case,fallback_name_municipality,yamap_2024-04-28_07_11.gpx,狼ヶ城山,NaN,NaN,,NaN,,,,strong,true,missing_csv_coordinate;timezone_ambiguity;multiple_mountains_for_candidate;near_tie_candidates_for_mountain,
279,城山,summit-candidate:ac7a1ebef52ea30c,12,5,0.65,medium,v3_conflict_case,fallback_name_municipality,yamap_2022-01-28_12_28.gpx,尾ノ峰・新城山・腰折山・恵良山,NaN,NaN,,NaN,,,,strong,true,missing_csv_coordinate;timezone_ambiguity;multiple_mountains_for_candidate;near_tie_candidates_for_mountain,
279,城山,summit-candidate:cf29543e6beaa1ec,13,6,0.65,medium,v3_conflict_case,fallback_name_municipality,yamap_2024-03-10_07_12.gpx,夫婦山・白山・観音山・国見山・城山・御勧請山,NaN,NaN,,NaN,,,,strong,true,missing_csv_coordinate;timezone_ambiguity;multiple_mountains_for_candidate;near_tie_candidates_for_mountain,
279,城山,summit-candidate:d19542a61a416537,14,6,0.65,medium,v3_conflict_case,fallback_name_municipality,yamap_2024-03-10_07_12.gpx,夫婦山・白山・観音山・国見山・城山・御勧請山,NaN,NaN,,NaN,,,,strong,true,missing_csv_coordinate;timezone_ambiguity;multiple_mountains_for_candidate;near_tie_candidates_for_mountain,
279,城山,summit-candidate:d6b806525709cc22,15,5,0.65,medium,v3_conflict_case,fallback_name_municipality,yamap_2022-01-28_12_28.gpx,尾ノ峰・新城山・腰折山・恵良山,NaN,NaN,,NaN,,,,strong,true,missing_csv_coordinate;timezone_ambiguity;multiple_mountains_for_candidate;near_tie_candidates_for_mountain,
279,城山,summit-candidate:ea33d870d4700a56,16,3,0.65,medium,v3_conflict_case,fallback_name_municipality,yamap_2022-03-03_10_47.gpx,奥之城山・ヌタノサコ,NaN,NaN,,NaN,,,,strong,true,missing_csv_coordinate;timezone_ambiguity;multiple_mountains_for_candidate;near_tie_candidates_for_mountain,
279,城山,summit-candidate:07834c521328cc1d,17,4,0.55,low,v3_conflict_case,fallback_name_only_review,yamap_2022-03-05_09_44.gpx,城山・水梨山・向山,NaN,NaN,,NaN,,,,strong,true,municipality_mismatch;missing_csv_coordinate;timezone_ambiguity;multiple_mountains_for_candidate;near_tie_candidates_for_mountain,
279,城山,summit-candidate:0a765b89058b256b,18,4,0.55,low,v3_conflict_case,fallback_name_only_review,yamap_2022-03-05_09_44.gpx,城山・水梨山・向山,NaN,NaN,,NaN,,,,strong,true,municipality_mismatch;missing_csv_coordinate;timezone_ambiguity;multiple_mountains_for_candidate;near_tie_candidates_for_mountain,
279,城山,summit-candidate:27c1036d4aa2230e,19,8,0.55,low,v3_conflict_case,fallback_name_only_review,yamap_2022-04-08_09_33.gpx,鬼ヶ城山・大久保山・八面山・三本杭・横ノ森・小屋ヶ森・毛山,NaN,NaN,,NaN,,,,strong,true,municipality_mismatch;missing_csv_coordinate;timezone_ambiguity;multiple_mountains_for_candidate;near_tie_candidates_for_mountain,
279,城山,summit-candidate:40068653b28bad40,20,8,0.55,low,v3_conflict_case,fallback_name_only_review,yamap_2022-04-08_09_33.gpx,鬼ヶ城山・大久保山・八面山・三本杭・横ノ森・小屋ヶ森・毛山,NaN,NaN,,NaN,,,,strong,true,municipality_mismatch;missing_csv_coordinate;timezone_ambiguity;multiple_mountains_for_candidate;near_tie_candidates_for_mountain,
279,城山,summit-candidate:7ceb76663c2bb81b,21,8,0.55,low,v3_conflict_case,fallback_name_only_review,yamap_2022-04-08_09_33.gpx,鬼ヶ城山・大久保山・八面山・三本杭・横ノ森・小屋ヶ森・毛山,NaN,NaN,,NaN,,,,strong,true,municipality_mismatch;missing_csv_coordinate;timezone_ambiguity;multiple_mountains_for_candidate;near_tie_candidates_for_mountain,
279,城山,summit-candidate:91ebf1d99654d5b2,22,8,0.55,low,v3_conflict_case,fallback_name_only_review,yamap_2022-04-08_09_33.gpx,鬼ヶ城山・大久保山・八面山・三本杭・横ノ森・小屋ヶ森・毛山,NaN,NaN,,NaN,,,,strong,true,municipality_mismatch;missing_csv_coordinate;timezone_ambiguity;multiple_mountains_for_candidate;near_tie_candidates_for_mountain,
279,城山,summit-candidate:9fe27d7d4a51aa70,23,3,0.55,low,v3_conflict_case,fallback_name_only_review,yamap_2026-03-04_06_40.gpx,登議城山,NaN,NaN,,NaN,,,,strong,true,municipality_mismatch;missing_csv_coordinate;timezone_ambiguity;multiple_mountains_for_candidate;near_tie_candidates_for_mountain,
279,城山,summit-candidate:babbcdf7bbd23463,24,8,0.55,low,v3_conflict_case,fallback_name_only_review,yamap_2022-04-08_09_33.gpx,鬼ヶ城山・大久保山・八面山・三本杭・横ノ森・小屋ヶ森・毛山,NaN,NaN,,NaN,,,,strong,true,municipality_mismatch;missing_csv_coordinate;timezone_ambiguity;multiple_mountains_for_candidate;near_tie_candidates_for_mountain,
279,城山,summit-candidate:c1f175d0616be696,25,4,0.55,low,v3_conflict_case,fallback_name_only_review,yamap_2022-03-05_09_44.gpx,城山・水梨山・向山,NaN,NaN,,NaN,,,,strong,true,municipality_mismatch;missing_csv_coordinate;timezone_ambiguity;multiple_mountains_for_candidate;near_tie_candidates_for_mountain,
279,城山,summit-candidate:cf1e11202c4f4280,26,4,0.55,low,v3_conflict_case,fallback_name_only_review,yamap_2022-03-05_09_44.gpx,城山・水梨山・向山,NaN,NaN,,NaN,,,,strong,true,municipality_mismatch;missing_csv_coordinate;timezone_ambiguity;multiple_mountains_for_candidate;near_tie_candidates_for_mountain,
279,城山,summit-candidate:edd15dad4a862cba,27,4,0.55,low,v3_conflict_case,fallback_name_only_review,yamap_2022-03-05_09_44.gpx,城山・水梨山・向山,NaN,NaN,,NaN,,,,strong,true,municipality_mismatch;missing_csv_coordinate;timezone_ambiguity;multiple_mountains_for_candidate;near_tie_candidates_for_mountain,
279,城山,summit-candidate:f028aab45221cee6,28,3,0.55,low,v3_conflict_case,fallback_name_only_review,yamap_2025-12-20_07_28.gpx,池ノ城山,NaN,NaN,,NaN,,,,strong,true,municipality_mismatch;missing_csv_coordinate;timezone_ambiguity;multiple_mountains_for_candidate;near_tie_candidates_for_mountain,
280,御勧請山,summit-candidate:0022a746b396d4c7,1,7,0.65,medium,v3_conflict_case,fallback_name_municipality,yamap_2024-03-10_07_12.gpx,夫婦山・白山・観音山・国見山・城山・御勧請山,NaN,NaN,,NaN,,,,strong,true,missing_csv_coordinate;timezone_ambiguity;multiple_mountains_for_candidate;near_tie_candidates_for_mountain,
280,御勧請山,summit-candidate:13b7a4bb8154974a,2,7,0.65,medium,v3_conflict_case,fallback_name_municipality,yamap_2024-03-10_07_12.gpx,夫婦山・白山・観音山・国見山・城山・御勧請山,NaN,NaN,,NaN,,,,strong,true,missing_csv_coordinate;timezone_ambiguity;multiple_mountains_for_candidate;near_tie_candidates_for_mountain,
280,御勧請山,summit-candidate:2ab43729f5e80cbe,3,7,0.65,medium,v3_conflict_case,fallback_name_municipality,yamap_2024-03-10_07_12.gpx,夫婦山・白山・観音山・国見山・城山・御勧請山,NaN,NaN,,NaN,,,,strong,true,missing_csv_coordinate;timezone_ambiguity;multiple_mountains_for_candidate;near_tie_candidates_for_mountain,
280,御勧請山,summit-candidate:3a491eecbf684185,4,7,0.65,medium,v3_conflict_case,fallback_name_municipality,yamap_2024-03-10_07_12.gpx,夫婦山・白山・観音山・国見山・城山・御勧請山,NaN,NaN,,NaN,,,,strong,true,missing_csv_coordinate;timezone_ambiguity;multiple_mountains_for_candidate;near_tie_candidates_for_mountain,
280,御勧請山,summit-candidate:3e9348428f22a320,5,7,0.65,medium,v3_conflict_case,fallback_name_municipality,yamap_2024-03-10_07_12.gpx,夫婦山・白山・観音山・国見山・城山・御勧請山,NaN,NaN,,NaN,,,,strong,true,missing_csv_coordinate;timezone_ambiguity;multiple_mountains_for_candidate;near_tie_candidates_for_mountain,
280,御勧請山,summit-candidate:cf29543e6beaa1ec,6,7,0.65,medium,v3_conflict_case,fallback_name_municipality,yamap_2024-03-10_07_12.gpx,夫婦山・白山・観音山・国見山・城山・御勧請山,NaN,NaN,,NaN,,,,strong,true,missing_csv_coordinate;timezone_ambiguity;multiple_mountains_for_candidate;near_tie_candidates_for_mountain,
280,御勧請山,summit-candidate:d19542a61a416537,7,7,0.65,medium,v3_conflict_case,fallback_name_municipality,yamap_2024-03-10_07_12.gpx,夫婦山・白山・観音山・国見山・城山・御勧請山,NaN,NaN,,NaN,,,,strong,true,missing_csv_coordinate;timezone_ambiguity;multiple_mountains_for_candidate;near_tie_candidates_for_mountain,
281,トギ,summit-candidate:b49681fa67b2b53e,1,1,0.65,medium,v3_conflict_case,fallback_name_municipality,yamap_2024-03-16_09_21.gpx,トギ・張木山・高手山,NaN,NaN,,NaN,,,,strong,true,missing_csv_coordinate;timezone_ambiguity;multiple_mountains_for_candidate;near_tie_candidates_for_mountain,
281,トギ,summit-candidate:e75e04c2fbe61c2f,2,1,0.65,medium,v3_conflict_case,fallback_name_municipality,yamap_2024-03-16_09_21.gpx,トギ・張木山・高手山,NaN,NaN,,NaN,,,,strong,true,missing_csv_coordinate;timezone_ambiguity;multiple_mountains_for_candidate;near_tie_candidates_for_mountain,
282,張木山,summit-candidate:b49681fa67b2b53e,1,2,0.65,medium,v3_conflict_case,fallback_name_municipality,yamap_2024-03-16_09_21.gpx,トギ・張木山・高手山,NaN,NaN,,NaN,,,,strong,true,missing_csv_coordinate;timezone_ambiguity;multiple_mountains_for_candidate;near_tie_candidates_for_mountain,
282,張木山,summit-candidate:e75e04c2fbe61c2f,2,2,0.65,medium,v3_conflict_case,fallback_name_municipality,yamap_2024-03-16_09_21.gpx,トギ・張木山・高手山,NaN,NaN,,NaN,,,,strong,true,missing_csv_coordinate;timezone_ambiguity;multiple_mountains_for_candidate;near_tie_candidates_for_mountain,
283,高手山,summit-candidate:b49681fa67b2b53e,1,3,0.65,medium,v3_conflict_case,fallback_name_municipality,yamap_2024-03-16_09_21.gpx,トギ・張木山・高手山,NaN,NaN,,NaN,,,,strong,true,missing_csv_coordinate;timezone_ambiguity;multiple_mountains_for_candidate;near_tie_candidates_for_mountain,
283,高手山,summit-candidate:e75e04c2fbe61c2f,2,3,0.65,medium,v3_conflict_case,fallback_name_municipality,yamap_2024-03-16_09_21.gpx,トギ・張木山・高手山,NaN,NaN,,NaN,,,,strong,true,missing_csv_coordinate;timezone_ambiguity;multiple_mountains_for_candidate;near_tie_candidates_for_mountain,
284,斎藤山,summit-candidate:3c28b6ebd5a97155,1,1,0.65,medium,v3_candidate_review_required,fallback_name_municipality,yamap_2024-03-16_13_58.gpx,斎藤山,NaN,NaN,,NaN,,,,strong,true,missing_csv_coordinate;timezone_ambiguity,
285,御祝山,summit-candidate:9186201ca03b041d,1,1,0.65,medium,v3_conflict_case,fallback_name_municipality,yamap_2024-03-30_07_11.gpx,御祝山・横ノ森・小屋ヶ森・串ヶ森・目黒鳥屋・長尾森,NaN,NaN,,NaN,,,,strong,true,missing_csv_coordinate;timezone_ambiguity;multiple_mountains_for_candidate,
285,御祝山,summit-candidate:12c27f259b66de80,2,1,0.55,low,v3_conflict_case,fallback_name_only_review,yamap_2024-03-30_07_11.gpx,御祝山・横ノ森・小屋ヶ森・串ヶ森・目黒鳥屋・長尾森,NaN,NaN,,NaN,,,,strong,true,municipality_mismatch;missing_csv_coordinate;timezone_ambiguity;multiple_mountains_for_candidate,
286,横ノ森,summit-candidate:9186201ca03b041d,1,2,0.65,medium,v3_conflict_case,fallback_name_municipality,yamap_2024-03-30_07_11.gpx,御祝山・横ノ森・小屋ヶ森・串ヶ森・目黒鳥屋・長尾森,NaN,NaN,,NaN,,,,strong,true,missing_csv_coordinate;timezone_ambiguity;multiple_mountains_for_candidate,
286,横ノ森,summit-candidate:12c27f259b66de80,2,2,0.55,low,v3_conflict_case,fallback_name_only_review,yamap_2024-03-30_07_11.gpx,御祝山・横ノ森・小屋ヶ森・串ヶ森・目黒鳥屋・長尾森,NaN,NaN,,NaN,,,,strong,true,municipality_mismatch;missing_csv_coordinate;timezone_ambiguity;multiple_mountains_for_candidate,
286,横ノ森,summit-candidate:27c1036d4aa2230e,3,9,0.55,low,v3_conflict_case,fallback_name_only_review,yamap_2022-04-08_09_33.gpx,鬼ヶ城山・大久保山・八面山・三本杭・横ノ森・小屋ヶ森・毛山,NaN,NaN,,NaN,,,,strong,true,municipality_mismatch;missing_csv_coordinate;timezone_ambiguity;multiple_mountains_for_candidate,
286,横ノ森,summit-candidate:40068653b28bad40,4,9,0.55,low,v3_conflict_case,fallback_name_only_review,yamap_2022-04-08_09_33.gpx,鬼ヶ城山・大久保山・八面山・三本杭・横ノ森・小屋ヶ森・毛山,NaN,NaN,,NaN,,,,strong,true,municipality_mismatch;missing_csv_coordinate;timezone_ambiguity;multiple_mountains_for_candidate,
286,横ノ森,summit-candidate:7ceb76663c2bb81b,5,9,0.55,low,v3_conflict_case,fallback_name_only_review,yamap_2022-04-08_09_33.gpx,鬼ヶ城山・大久保山・八面山・三本杭・横ノ森・小屋ヶ森・毛山,NaN,NaN,,NaN,,,,strong,true,municipality_mismatch;missing_csv_coordinate;timezone_ambiguity;multiple_mountains_for_candidate,
286,横ノ森,summit-candidate:91ebf1d99654d5b2,6,9,0.55,low,v3_conflict_case,fallback_name_only_review,yamap_2022-04-08_09_33.gpx,鬼ヶ城山・大久保山・八面山・三本杭・横ノ森・小屋ヶ森・毛山,NaN,NaN,,NaN,,,,strong,true,municipality_mismatch;missing_csv_coordinate;timezone_ambiguity;multiple_mountains_for_candidate,
286,横ノ森,summit-candidate:babbcdf7bbd23463,7,9,0.55,low,v3_conflict_case,fallback_name_only_review,yamap_2022-04-08_09_33.gpx,鬼ヶ城山・大久保山・八面山・三本杭・横ノ森・小屋ヶ森・毛山,NaN,NaN,,NaN,,,,strong,true,municipality_mismatch;missing_csv_coordinate;timezone_ambiguity;multiple_mountains_for_candidate,
287,小屋ヶ森,summit-candidate:9186201ca03b041d,1,3,0.65,medium,v3_conflict_case,fallback_name_municipality,yamap_2024-03-30_07_11.gpx,御祝山・横ノ森・小屋ヶ森・串ヶ森・目黒鳥屋・長尾森,NaN,NaN,,NaN,,,,strong,true,missing_csv_coordinate;timezone_ambiguity;multiple_mountains_for_candidate,
287,小屋ヶ森,summit-candidate:12c27f259b66de80,2,3,0.55,low,v3_conflict_case,fallback_name_only_review,yamap_2024-03-30_07_11.gpx,御祝山・横ノ森・小屋ヶ森・串ヶ森・目黒鳥屋・長尾森,NaN,NaN,,NaN,,,,strong,true,municipality_mismatch;missing_csv_coordinate;timezone_ambiguity;multiple_mountains_for_candidate,
287,小屋ヶ森,summit-candidate:27c1036d4aa2230e,3,10,0.55,low,v3_conflict_case,fallback_name_only_review,yamap_2022-04-08_09_33.gpx,鬼ヶ城山・大久保山・八面山・三本杭・横ノ森・小屋ヶ森・毛山,NaN,NaN,,NaN,,,,strong,true,municipality_mismatch;missing_csv_coordinate;timezone_ambiguity;multiple_mountains_for_candidate,
287,小屋ヶ森,summit-candidate:40068653b28bad40,4,10,0.55,low,v3_conflict_case,fallback_name_only_review,yamap_2022-04-08_09_33.gpx,鬼ヶ城山・大久保山・八面山・三本杭・横ノ森・小屋ヶ森・毛山,NaN,NaN,,NaN,,,,strong,true,municipality_mismatch;missing_csv_coordinate;timezone_ambiguity;multiple_mountains_for_candidate,
287,小屋ヶ森,summit-candidate:7ceb76663c2bb81b,5,10,0.55,low,v3_conflict_case,fallback_name_only_review,yamap_2022-04-08_09_33.gpx,鬼ヶ城山・大久保山・八面山・三本杭・横ノ森・小屋ヶ森・毛山,NaN,NaN,,NaN,,,,strong,true,municipality_mismatch;missing_csv_coordinate;timezone_ambiguity;multiple_mountains_for_candidate,
287,小屋ヶ森,summit-candidate:91ebf1d99654d5b2,6,10,0.55,low,v3_conflict_case,fallback_name_only_review,yamap_2022-04-08_09_33.gpx,鬼ヶ城山・大久保山・八面山・三本杭・横ノ森・小屋ヶ森・毛山,NaN,NaN,,NaN,,,,strong,true,municipality_mismatch;missing_csv_coordinate;timezone_ambiguity;multiple_mountains_for_candidate,
287,小屋ヶ森,summit-candidate:babbcdf7bbd23463,7,10,0.55,low,v3_conflict_case,fallback_name_only_review,yamap_2022-04-08_09_33.gpx,鬼ヶ城山・大久保山・八面山・三本杭・横ノ森・小屋ヶ森・毛山,NaN,NaN,,NaN,,,,strong,true,municipality_mismatch;missing_csv_coordinate;timezone_ambiguity;multiple_mountains_for_candidate,
288,串ヶ森,summit-candidate:9186201ca03b041d,1,4,0.65,medium,v3_conflict_case,fallback_name_municipality,yamap_2024-03-30_07_11.gpx,御祝山・横ノ森・小屋ヶ森・串ヶ森・目黒鳥屋・長尾森,NaN,NaN,,NaN,,,,strong,true,missing_csv_coordinate;timezone_ambiguity;multiple_mountains_for_candidate,
288,串ヶ森,summit-candidate:12c27f259b66de80,2,4,0.55,low,v3_conflict_case,fallback_name_only_review,yamap_2024-03-30_07_11.gpx,御祝山・横ノ森・小屋ヶ森・串ヶ森・目黒鳥屋・長尾森,NaN,NaN,,NaN,,,,strong,true,municipality_mismatch;missing_csv_coordinate;timezone_ambiguity;multiple_mountains_for_candidate,
289,目黒鳥屋,summit-candidate:9186201ca03b041d,1,5,0.65,medium,v3_conflict_case,fallback_name_municipality,yamap_2024-03-30_07_11.gpx,御祝山・横ノ森・小屋ヶ森・串ヶ森・目黒鳥屋・長尾森,NaN,NaN,,NaN,,,,strong,true,missing_csv_coordinate;timezone_ambiguity;multiple_mountains_for_candidate,
289,目黒鳥屋,summit-candidate:12c27f259b66de80,2,5,0.55,low,v3_conflict_case,fallback_name_only_review,yamap_2024-03-30_07_11.gpx,御祝山・横ノ森・小屋ヶ森・串ヶ森・目黒鳥屋・長尾森,NaN,NaN,,NaN,,,,strong,true,municipality_mismatch;missing_csv_coordinate;timezone_ambiguity;multiple_mountains_for_candidate,
290,長尾森,summit-candidate:9186201ca03b041d,1,6,0.65,medium,v3_conflict_case,fallback_name_municipality,yamap_2024-03-30_07_11.gpx,御祝山・横ノ森・小屋ヶ森・串ヶ森・目黒鳥屋・長尾森,NaN,NaN,,NaN,,,,strong,true,missing_csv_coordinate;timezone_ambiguity;multiple_mountains_for_candidate,
290,長尾森,summit-candidate:12c27f259b66de80,2,6,0.55,low,v3_conflict_case,fallback_name_only_review,yamap_2024-03-30_07_11.gpx,御祝山・横ノ森・小屋ヶ森・串ヶ森・目黒鳥屋・長尾森,NaN,NaN,,NaN,,,,strong,true,municipality_mismatch;missing_csv_coordinate;timezone_ambiguity;multiple_mountains_for_candidate,
291,二箆山,summit-candidate:09c1602c02ce7f78,1,1,0.65,medium,v3_conflict_case,fallback_name_municipality,yamap_2024-04-07_06_45.gpx,二箆山・西雑誌山,NaN,NaN,,,,,,strong,true,grounding_missing;missing_csv_coordinate;timezone_ambiguity;multiple_mountains_for_candidate;near_tie_candidates_for_mountain,
291,二箆山,summit-candidate:0a89128346167f6e,2,1,0.65,medium,v3_conflict_case,fallback_name_municipality,yamap_2024-04-07_06_45.gpx,二箆山・西雑誌山,NaN,NaN,,,,,,strong,true,grounding_missing;missing_csv_coordinate;timezone_ambiguity;multiple_mountains_for_candidate;near_tie_candidates_for_mountain,
291,二箆山,summit-candidate:67df63dc99cf8614,3,1,0.65,medium,v3_conflict_case,fallback_name_municipality,yamap_2024-04-07_06_45.gpx,二箆山・西雑誌山,NaN,NaN,,,,,,strong,true,grounding_missing;missing_csv_coordinate;timezone_ambiguity;multiple_mountains_for_candidate;near_tie_candidates_for_mountain,
291,二箆山,summit-candidate:aa8ff99fc3bd426d,4,1,0.65,medium,v3_conflict_case,fallback_name_municipality,yamap_2024-04-07_06_45.gpx,二箆山・西雑誌山,NaN,NaN,,,,,,strong,true,grounding_missing;missing_csv_coordinate;timezone_ambiguity;multiple_mountains_for_candidate;near_tie_candidates_for_mountain,
291,二箆山,summit-candidate:e4172c5503fdcc89,5,1,0.65,medium,v3_conflict_case,fallback_name_municipality,yamap_2024-04-07_06_45.gpx,二箆山・西雑誌山,NaN,NaN,,,,,,strong,true,grounding_missing;missing_csv_coordinate;timezone_ambiguity;multiple_mountains_for_candidate;near_tie_candidates_for_mountain,
291,二箆山,summit-candidate:ec2a95521eaac250,6,1,0.65,medium,v3_conflict_case,fallback_name_municipality,yamap_2024-04-07_06_45.gpx,二箆山・西雑誌山,NaN,NaN,,,,,,strong,true,grounding_missing;missing_csv_coordinate;timezone_ambiguity;multiple_mountains_for_candidate;near_tie_candidates_for_mountain,
292,西雑誌山,summit-candidate:09c1602c02ce7f78,1,2,0.65,medium,v3_conflict_case,fallback_name_municipality,yamap_2024-04-07_06_45.gpx,二箆山・西雑誌山,NaN,NaN,,,,,,strong,true,grounding_missing;missing_csv_coordinate;timezone_ambiguity;multiple_mountains_for_candidate;near_tie_candidates_for_mountain,
292,西雑誌山,summit-candidate:0a89128346167f6e,2,2,0.65,medium,v3_conflict_case,fallback_name_municipality,yamap_2024-04-07_06_45.gpx,二箆山・西雑誌山,NaN,NaN,,,,,,strong,true,grounding_missing;missing_csv_coordinate;timezone_ambiguity;multiple_mountains_for_candidate;near_tie_candidates_for_mountain,
292,西雑誌山,summit-candidate:67df63dc99cf8614,3,2,0.65,medium,v3_conflict_case,fallback_name_municipality,yamap_2024-04-07_06_45.gpx,二箆山・西雑誌山,NaN,NaN,,,,,,strong,true,grounding_missing;missing_csv_coordinate;timezone_ambiguity;multiple_mountains_for_candidate;near_tie_candidates_for_mountain,
292,西雑誌山,summit-candidate:aa8ff99fc3bd426d,4,2,0.65,medium,v3_conflict_case,fallback_name_municipality,yamap_2024-04-07_06_45.gpx,二箆山・西雑誌山,NaN,NaN,,,,,,strong,true,grounding_missing;missing_csv_coordinate;timezone_ambiguity;multiple_mountains_for_candidate;near_tie_candidates_for_mountain,
292,西雑誌山,summit-candidate:e4172c5503fdcc89,5,2,0.65,medium,v3_conflict_case,fallback_name_municipality,yamap_2024-04-07_06_45.gpx,二箆山・西雑誌山,NaN,NaN,,,,,,strong,true,grounding_missing;missing_csv_coordinate;timezone_ambiguity;multiple_mountains_for_candidate;near_tie_candidates_for_mountain,
292,西雑誌山,summit-candidate:ec2a95521eaac250,6,2,0.65,medium,v3_conflict_case,fallback_name_municipality,yamap_2024-04-07_06_45.gpx,二箆山・西雑誌山,NaN,NaN,,,,,,strong,true,grounding_missing;missing_csv_coordinate;timezone_ambiguity;multiple_mountains_for_candidate;near_tie_candidates_for_mountain,
293,気多山,summit-candidate:3f404ba3e31c8b54,1,1,0.65,medium,v3_conflict_case,fallback_name_municipality,yamap_2024-04-20_05_43.gpx,気多山・八辻ノ峰・五代ヶ森,NaN,NaN,,,,,,strong,true,grounding_missing;missing_csv_coordinate;timezone_ambiguity;multiple_mountains_for_candidate;near_tie_candidates_for_mountain,
293,気多山,summit-candidate:76cc7bb75549e7a1,2,1,0.65,medium,v3_conflict_case,fallback_name_municipality,yamap_2024-04-20_05_43.gpx,気多山・八辻ノ峰・五代ヶ森,NaN,NaN,,,,,,strong,true,grounding_missing;missing_csv_coordinate;timezone_ambiguity;multiple_mountains_for_candidate;near_tie_candidates_for_mountain,
293,気多山,summit-candidate:83056c3652757f25,3,1,0.65,medium,v3_conflict_case,fallback_name_municipality,yamap_2024-04-20_05_43.gpx,気多山・八辻ノ峰・五代ヶ森,NaN,NaN,,,,,,strong,true,grounding_missing;missing_csv_coordinate;timezone_ambiguity;multiple_mountains_for_candidate;near_tie_candidates_for_mountain,
293,気多山,summit-candidate:e010f98d2b23f547,4,1,0.65,medium,v3_conflict_case,fallback_name_municipality,yamap_2024-04-20_05_43.gpx,気多山・八辻ノ峰・五代ヶ森,NaN,NaN,,,,,,strong,true,grounding_missing;missing_csv_coordinate;timezone_ambiguity;multiple_mountains_for_candidate;near_tie_candidates_for_mountain,
294,八辻ノ峰,summit-candidate:3f404ba3e31c8b54,1,2,0.65,medium,v3_conflict_case,fallback_name_municipality,yamap_2024-04-20_05_43.gpx,気多山・八辻ノ峰・五代ヶ森,NaN,NaN,,NaN,,,,strong,true,missing_csv_coordinate;timezone_ambiguity;multiple_mountains_for_candidate;near_tie_candidates_for_mountain,
294,八辻ノ峰,summit-candidate:76cc7bb75549e7a1,2,2,0.65,medium,v3_conflict_case,fallback_name_municipality,yamap_2024-04-20_05_43.gpx,気多山・八辻ノ峰・五代ヶ森,NaN,NaN,,NaN,,,,strong,true,missing_csv_coordinate;timezone_ambiguity;multiple_mountains_for_candidate;near_tie_candidates_for_mountain,
294,八辻ノ峰,summit-candidate:83056c3652757f25,3,2,0.65,medium,v3_conflict_case,fallback_name_municipality,yamap_2024-04-20_05_43.gpx,気多山・八辻ノ峰・五代ヶ森,NaN,NaN,,NaN,,,,strong,true,missing_csv_coordinate;timezone_ambiguity;multiple_mountains_for_candidate;near_tie_candidates_for_mountain,
294,八辻ノ峰,summit-candidate:e010f98d2b23f547,4,2,0.65,medium,v3_conflict_case,fallback_name_municipality,yamap_2024-04-20_05_43.gpx,気多山・八辻ノ峰・五代ヶ森,NaN,NaN,,NaN,,,,strong,true,missing_csv_coordinate;timezone_ambiguity;multiple_mountains_for_candidate;near_tie_candidates_for_mountain,
295,五代ヶ森,summit-candidate:3f404ba3e31c8b54,1,3,0.65,medium,v3_conflict_case,fallback_name_municipality,yamap_2024-04-20_05_43.gpx,気多山・八辻ノ峰・五代ヶ森,NaN,NaN,,NaN,,,,strong,true,missing_csv_coordinate;timezone_ambiguity;multiple_mountains_for_candidate;near_tie_candidates_for_mountain,
295,五代ヶ森,summit-candidate:76cc7bb75549e7a1,2,3,0.65,medium,v3_conflict_case,fallback_name_municipality,yamap_2024-04-20_05_43.gpx,気多山・八辻ノ峰・五代ヶ森,NaN,NaN,,NaN,,,,strong,true,missing_csv_coordinate;timezone_ambiguity;multiple_mountains_for_candidate;near_tie_candidates_for_mountain,
295,五代ヶ森,summit-candidate:83056c3652757f25,3,3,0.65,medium,v3_conflict_case,fallback_name_municipality,yamap_2024-04-20_05_43.gpx,気多山・八辻ノ峰・五代ヶ森,NaN,NaN,,NaN,,,,strong,true,missing_csv_coordinate;timezone_ambiguity;multiple_mountains_for_candidate;near_tie_candidates_for_mountain,
295,五代ヶ森,summit-candidate:e010f98d2b23f547,4,3,0.65,medium,v3_conflict_case,fallback_name_municipality,yamap_2024-04-20_05_43.gpx,気多山・八辻ノ峰・五代ヶ森,NaN,NaN,,NaN,,,,strong,true,missing_csv_coordinate;timezone_ambiguity;multiple_mountains_for_candidate;near_tie_candidates_for_mountain,
296,桂ヶ森,summit-candidate:c210f415fc55501f,1,1,0.65,medium,v3_candidate_review_required,fallback_name_municipality,yamap_2024-04-27_08_04.gpx,桂ヶ森,NaN,NaN,,,,,,strong,true,grounding_missing;missing_csv_coordinate;timezone_ambiguity,
297,狼ヶ城山,summit-candidate:95a8fa74fd4af7b0,1,3,0.65,medium,v3_conflict_case,fallback_name_municipality,yamap_2024-04-28_07_11.gpx,狼ヶ城山,NaN,NaN,,NaN,,,,strong,true,missing_csv_coordinate;timezone_ambiguity;multiple_mountains_for_candidate,
298,日浦嶺,summit-candidate:498b9618ca98fa34,1,1,0.65,medium,v3_conflict_case,fallback_name_municipality,yamap_2024-04-28_10_37.gpx,日浦嶺・打越山,NaN,NaN,,NaN,,,,strong,true,missing_csv_coordinate;timezone_ambiguity;multiple_mountains_for_candidate;near_tie_candidates_for_mountain,
298,日浦嶺,summit-candidate:606168b97944fce5,2,1,0.65,medium,v3_conflict_case,fallback_name_municipality,yamap_2024-04-28_10_37.gpx,日浦嶺・打越山,NaN,NaN,,NaN,,,,strong,true,missing_csv_coordinate;timezone_ambiguity;multiple_mountains_for_candidate;near_tie_candidates_for_mountain,
299,打越山,summit-candidate:498b9618ca98fa34,1,2,0.65,medium,v3_conflict_case,fallback_name_municipality,yamap_2024-04-28_10_37.gpx,日浦嶺・打越山,NaN,NaN,,NaN,,,,strong,true,missing_csv_coordinate;timezone_ambiguity;multiple_mountains_for_candidate;near_tie_candidates_for_mountain,
299,打越山,summit-candidate:606168b97944fce5,2,2,0.65,medium,v3_conflict_case,fallback_name_municipality,yamap_2024-04-28_10_37.gpx,日浦嶺・打越山,NaN,NaN,,NaN,,,,strong,true,missing_csv_coordinate;timezone_ambiguity;multiple_mountains_for_candidate;near_tie_candidates_for_mountain,
300,面河山,summit-candidate:22e40e9eb117a033,1,1,0.65,medium,v3_candidate_review_required,fallback_name_municipality,yamap_2024-05-03_08_45.gpx,面河山,NaN,NaN,,,,,,strong,true,grounding_missing;missing_csv_coordinate;timezone_ambiguity,
301,丸笹山,summit-candidate:5ec5a611be375a53,1,1,0.65,medium,v3_conflict_case,fallback_name_municipality,yamap_2024-05-11_07_45.gpx,丸笹山,NaN,NaN,,,,,,strong,true,grounding_missing;missing_csv_coordinate;timezone_ambiguity;near_tie_candidates_for_mountain,
301,丸笹山,summit-candidate:8917a066a1c03aeb,2,1,0.65,medium,v3_conflict_case,fallback_name_municipality,yamap_2024-05-11_07_45.gpx,丸笹山,NaN,NaN,,,,,,strong,true,grounding_missing;missing_csv_coordinate;timezone_ambiguity;near_tie_candidates_for_mountain,
302,丸滝山,summit-candidate:aa6060fe8a831f45,1,1,0.65,medium,v3_conflict_case,fallback_name_municipality,yamap_2024-05-11_13_46.gpx,丸滝山,NaN,NaN,,,,,,strong,true,grounding_missing;missing_csv_coordinate;timezone_ambiguity;multiple_mountains_for_candidate,
303,名石山,summit-candidate:ea919bf883e31a7b,1,1,0.65,medium,v3_candidate_review_required,fallback_name_municipality,yamap_2024-05-15_11_16.gpx,名石山,NaN,NaN,,NaN,,,,strong,true,missing_csv_coordinate;timezone_ambiguity,
304,青刈山,summit-candidate:94e96018c0a5450d,1,1,0.65,medium,v3_conflict_case,fallback_name_municipality,yamap_2024-05-19_08_47.gpx,二反山・青刈山,NaN,NaN,,NaN,,,,strong,true,missing_csv_coordinate;timezone_ambiguity;multiple_mountains_for_candidate,
305,椿山,summit-candidate:1b665bc67a34756a,1,1,0.65,medium,v3_conflict_case,fallback_name_municipality,yamap_2024-06-01_07_14.gpx,椿山,NaN,NaN,,,,,,strong,true,grounding_missing;missing_csv_coordinate;timezone_ambiguity;near_tie_candidates_for_mountain,
305,椿山,summit-candidate:26848eb9192f4a1a,2,1,0.65,medium,v3_conflict_case,fallback_name_municipality,yamap_2024-06-01_07_14.gpx,椿山,NaN,NaN,,,,,,strong,true,grounding_missing;missing_csv_coordinate;timezone_ambiguity;near_tie_candidates_for_mountain,
305,椿山,summit-candidate:6ff5d266707ae664,3,1,0.65,medium,v3_conflict_case,fallback_name_municipality,yamap_2024-06-01_07_14.gpx,椿山,NaN,NaN,,,,,,strong,true,grounding_missing;missing_csv_coordinate;timezone_ambiguity;near_tie_candidates_for_mountain,
306,黒森山,summit-candidate:40e090ce41a89b55,1,2,0.65,medium,v3_conflict_case,fallback_name_municipality,yamap_2024-06-08_08_42.gpx,沓掛山・黒森山,NaN,NaN,,NaN,,,,strong,true,missing_csv_coordinate;timezone_ambiguity;multiple_mountains_for_candidate;near_tie_candidates_for_mountain,
306,黒森山,summit-candidate:924ccfedeb6c2d2c,2,2,0.65,medium,v3_conflict_case,fallback_name_municipality,yamap_2023-04-04_12_51.gpx,黒森山,NaN,NaN,,NaN,,,,strong,true,missing_csv_coordinate;timezone_ambiguity;multiple_mountains_for_candidate;near_tie_candidates_for_mountain,
306,黒森山,summit-candidate:dd7a40896ae9f6d4,3,2,0.65,medium,v3_conflict_case,fallback_name_municipality,yamap_2024-06-08_08_42.gpx,沓掛山・黒森山,NaN,NaN,,NaN,,,,strong,true,missing_csv_coordinate;timezone_ambiguity;multiple_mountains_for_candidate;near_tie_candidates_for_mountain,
307,沓掛山,summit-candidate:40e090ce41a89b55,1,3,0.65,medium,v3_conflict_case,fallback_name_municipality,yamap_2024-06-08_08_42.gpx,沓掛山・黒森山,NaN,NaN,,NaN,,,,strong,true,missing_csv_coordinate;timezone_ambiguity;multiple_mountains_for_candidate;near_tie_candidates_for_mountain,
307,沓掛山,summit-candidate:dd7a40896ae9f6d4,2,3,0.65,medium,v3_conflict_case,fallback_name_municipality,yamap_2024-06-08_08_42.gpx,沓掛山・黒森山,NaN,NaN,,NaN,,,,strong,true,missing_csv_coordinate;timezone_ambiguity;multiple_mountains_for_candidate;near_tie_candidates_for_mountain,
308,二反山,summit-candidate:94e96018c0a5450d,1,2,0.65,medium,v3_conflict_case,fallback_name_municipality,yamap_2024-05-19_08_47.gpx,二反山・青刈山,NaN,NaN,,,,,,strong,true,grounding_missing;missing_csv_coordinate;timezone_ambiguity;multiple_mountains_for_candidate;near_tie_candidates_for_mountain,
308,二反山,summit-candidate:bdf43111ae9de6ae,2,1,0.65,medium,v3_conflict_case,fallback_name_municipality,yamap_2024-06-14_06_46.gpx,二反山,NaN,NaN,,,,,,strong,true,grounding_missing;missing_csv_coordinate;timezone_ambiguity;near_tie_candidates_for_mountain,
309,平家平,summit-candidate:006436491de34784,1,4,0.65,medium,v3_conflict_case,fallback_name_municipality,yamap_2022-11-26_04_41.gpx,銅山峰・西山・綱繰山・獅子舞の鼻・冠山・平家平,NaN,NaN,,NaN,,,,strong,true,missing_csv_coordinate;timezone_ambiguity;multiple_mountains_for_candidate;near_tie_candidates_for_mountain,
309,平家平,summit-candidate:53d0e375c60814f6,2,4,0.65,medium,v3_conflict_case,fallback_name_municipality,yamap_2022-11-26_04_41.gpx,銅山峰・西山・綱繰山・獅子舞の鼻・冠山・平家平,NaN,NaN,,NaN,,,,strong,true,missing_csv_coordinate;timezone_ambiguity;multiple_mountains_for_candidate;near_tie_candidates_for_mountain,
309,平家平,summit-candidate:a00d481162af54e2,3,5,0.65,medium,v3_conflict_case,fallback_name_municipality,yamap_2022-11-26_04_41.gpx,銅山峰・西山・綱繰山・獅子舞の鼻・冠山・平家平,NaN,NaN,,NaN,,,,strong,true,missing_csv_coordinate;timezone_ambiguity;multiple_mountains_for_candidate;near_tie_candidates_for_mountain,
309,平家平,summit-candidate:a03fbec9bab2fe7a,4,4,0.65,medium,v3_conflict_case,fallback_name_municipality,yamap_2022-11-26_04_41.gpx,銅山峰・西山・綱繰山・獅子舞の鼻・冠山・平家平,NaN,NaN,,NaN,,,,strong,true,missing_csv_coordinate;timezone_ambiguity;multiple_mountains_for_candidate;near_tie_candidates_for_mountain,
309,平家平,summit-candidate:a557f14fb032a808,5,4,0.65,medium,v3_conflict_case,fallback_name_municipality,yamap_2022-11-26_04_41.gpx,銅山峰・西山・綱繰山・獅子舞の鼻・冠山・平家平,NaN,NaN,,NaN,,,,strong,true,missing_csv_coordinate;timezone_ambiguity;multiple_mountains_for_candidate;near_tie_candidates_for_mountain,
309,平家平,summit-candidate:c256cfef3720557f,6,5,0.65,medium,v3_conflict_case,fallback_name_municipality,yamap_2022-11-26_04_41.gpx,銅山峰・西山・綱繰山・獅子舞の鼻・冠山・平家平,NaN,NaN,,NaN,,,,strong,true,missing_csv_coordinate;timezone_ambiguity;multiple_mountains_for_candidate;near_tie_candidates_for_mountain,
309,平家平,summit-candidate:dc647fe1827a43e3,7,1,0.65,medium,v3_conflict_case,fallback_name_municipality,yamap_2024-06-15_08_50.gpx,平家平,NaN,NaN,,NaN,,,,strong,true,missing_csv_coordinate;timezone_ambiguity;near_tie_candidates_for_mountain,
310,薬師山,summit-candidate:167756a8b787a168,1,1,0.65,medium,v3_candidate_review_required,fallback_name_municipality,yamap_2024-06-16_07_27.gpx,薬師山,NaN,NaN,,,,,,strong,true,grounding_missing;missing_csv_coordinate;timezone_ambiguity,
311,子持権現山,summit-candidate:df6b60d513f5518e,1,6,0.65,medium,v3_conflict_case,fallback_name_municipality,yamap_2024-07-06_10_01.gpx,子持権現山・男山・瓶ヶ森,NaN,NaN,,NaN,,,,strong,true,missing_csv_coordinate;timezone_ambiguity;multiple_mountains_for_candidate;near_tie_candidates_for_mountain,
311,子持権現山,summit-candidate:f2538b7f88e2dd06,2,1,0.65,medium,v3_conflict_case,fallback_name_municipality,yamap_2024-07-06_10_01.gpx,子持権現山・男山・瓶ヶ森,NaN,NaN,,NaN,,,,strong,true,missing_csv_coordinate;timezone_ambiguity;multiple_mountains_for_candidate;near_tie_candidates_for_mountain,
312,男山,summit-candidate:53a6401abf71c488,1,1,0.65,medium,v3_conflict_case,fallback_name_municipality,yamap_2026-05-02_09_29.gpx,男山・瓶ヶ森・台ヶ森,NaN,NaN,,NaN,,,,strong,true,missing_csv_coordinate;timezone_ambiguity;multiple_mountains_for_candidate;near_tie_candidates_for_mountain,
312,男山,summit-candidate:7a5ca8d918f43720,2,1,0.65,medium,v3_conflict_case,fallback_name_municipality,yamap_2026-05-02_09_29.gpx,男山・瓶ヶ森・台ヶ森,NaN,NaN,,NaN,,,,strong,true,missing_csv_coordinate;timezone_ambiguity;multiple_mountains_for_candidate;near_tie_candidates_for_mountain,
312,男山,summit-candidate:c9e357d000632346,3,1,0.65,medium,v3_conflict_case,fallback_name_municipality,yamap_2026-05-02_09_29.gpx,男山・瓶ヶ森・台ヶ森,NaN,NaN,,NaN,,,,strong,true,missing_csv_coordinate;timezone_ambiguity;multiple_mountains_for_candidate;near_tie_candidates_for_mountain,
312,男山,summit-candidate:ccaadb71f8ae2bd1,4,2,0.65,medium,v3_conflict_case,fallback_name_municipality,yamap_2022-07-10_07_25.gpx,男山・瓶ヶ森・西黒森,NaN,NaN,,NaN,,,,strong,true,missing_csv_coordinate;timezone_ambiguity;multiple_mountains_for_candidate;near_tie_candidates_for_mountain,
312,男山,summit-candidate:db28fcca36deb720,5,2,0.65,medium,v3_conflict_case,fallback_name_municipality,yamap_2022-07-10_07_25.gpx,男山・瓶ヶ森・西黒森,NaN,NaN,,NaN,,,,strong,true,missing_csv_coordinate;timezone_ambiguity;multiple_mountains_for_candidate;near_tie_candidates_for_mountain,
312,男山,summit-candidate:df6b60d513f5518e,6,7,0.65,medium,v3_conflict_case,fallback_name_municipality,yamap_2024-07-06_10_01.gpx,子持権現山・男山・瓶ヶ森,NaN,NaN,,NaN,,,,strong,true,missing_csv_coordinate;timezone_ambiguity;multiple_mountains_for_candidate;near_tie_candidates_for_mountain,
312,男山,summit-candidate:f09a1f754bcb761e,7,2,0.65,medium,v3_conflict_case,fallback_name_municipality,yamap_2022-07-10_07_25.gpx,男山・瓶ヶ森・西黒森,NaN,NaN,,NaN,,,,strong,true,missing_csv_coordinate;timezone_ambiguity;multiple_mountains_for_candidate;near_tie_candidates_for_mountain,
312,男山,summit-candidate:f2538b7f88e2dd06,8,2,0.65,medium,v3_conflict_case,fallback_name_municipality,yamap_2024-07-06_10_01.gpx,子持権現山・男山・瓶ヶ森,NaN,NaN,,NaN,,,,strong,true,missing_csv_coordinate;timezone_ambiguity;multiple_mountains_for_candidate;near_tie_candidates_for_mountain,
313,瓶ヶ森,summit-candidate:53a6401abf71c488,1,2,0.65,medium,v3_conflict_case,fallback_name_municipality,yamap_2026-05-02_09_29.gpx,男山・瓶ヶ森・台ヶ森,NaN,NaN,,NaN,,,,strong,true,missing_csv_coordinate;timezone_ambiguity;multiple_mountains_for_candidate;near_tie_candidates_for_mountain,
313,瓶ヶ森,summit-candidate:7a5ca8d918f43720,2,2,0.65,medium,v3_conflict_case,fallback_name_municipality,yamap_2026-05-02_09_29.gpx,男山・瓶ヶ森・台ヶ森,NaN,NaN,,NaN,,,,strong,true,missing_csv_coordinate;timezone_ambiguity;multiple_mountains_for_candidate;near_tie_candidates_for_mountain,
313,瓶ヶ森,summit-candidate:c9e357d000632346,3,2,0.65,medium,v3_conflict_case,fallback_name_municipality,yamap_2026-05-02_09_29.gpx,男山・瓶ヶ森・台ヶ森,NaN,NaN,,NaN,,,,strong,true,missing_csv_coordinate;timezone_ambiguity;multiple_mountains_for_candidate;near_tie_candidates_for_mountain,
313,瓶ヶ森,summit-candidate:ccaadb71f8ae2bd1,4,3,0.65,medium,v3_conflict_case,fallback_name_municipality,yamap_2022-07-10_07_25.gpx,男山・瓶ヶ森・西黒森,NaN,NaN,,NaN,,,,strong,true,missing_csv_coordinate;timezone_ambiguity;multiple_mountains_for_candidate;near_tie_candidates_for_mountain,
313,瓶ヶ森,summit-candidate:db28fcca36deb720,5,3,0.65,medium,v3_conflict_case,fallback_name_municipality,yamap_2022-07-10_07_25.gpx,男山・瓶ヶ森・西黒森,NaN,NaN,,NaN,,,,strong,true,missing_csv_coordinate;timezone_ambiguity;multiple_mountains_for_candidate;near_tie_candidates_for_mountain,
313,瓶ヶ森,summit-candidate:df6b60d513f5518e,6,8,0.65,medium,v3_conflict_case,fallback_name_municipality,yamap_2024-07-06_10_01.gpx,子持権現山・男山・瓶ヶ森,NaN,NaN,,NaN,,,,strong,true,missing_csv_coordinate;timezone_ambiguity;multiple_mountains_for_candidate;near_tie_candidates_for_mountain,
313,瓶ヶ森,summit-candidate:f09a1f754bcb761e,7,3,0.65,medium,v3_conflict_case,fallback_name_municipality,yamap_2022-07-10_07_25.gpx,男山・瓶ヶ森・西黒森,NaN,NaN,,NaN,,,,strong,true,missing_csv_coordinate;timezone_ambiguity;multiple_mountains_for_candidate;near_tie_candidates_for_mountain,
313,瓶ヶ森,summit-candidate:f2538b7f88e2dd06,8,3,0.65,medium,v3_conflict_case,fallback_name_municipality,yamap_2024-07-06_10_01.gpx,子持権現山・男山・瓶ヶ森,NaN,NaN,,NaN,,,,strong,true,missing_csv_coordinate;timezone_ambiguity;multiple_mountains_for_candidate;near_tie_candidates_for_mountain,
314,宅並山,summit-candidate:f1ee81f4d467a28e,1,1,0.65,medium,v3_candidate_review_required,fallback_name_municipality,yamap_2024-07-08_11_33.gpx,宅並山,NaN,NaN,,,,,,strong,true,grounding_missing;missing_csv_coordinate;timezone_ambiguity,
315,岩屋山,summit-candidate:c9156b7eea77a1b0,1,1,0.65,medium,v3_candidate_review_required,fallback_name_municipality,yamap_2024-07-28_15_53.gpx,岩屋山,NaN,NaN,,,,,,strong,true,grounding_missing;missing_csv_coordinate;timezone_sensitive_activity_link,
316,高縄山,summit-candidate:6ba0d3c6b0fb6b96,1,2,0.65,medium,v3_conflict_case,fallback_name_municipality,yamap_2022-04-09_14_44.gpx,大月山・高縄山,NaN,NaN,,NaN,,,,strong,true,missing_csv_coordinate;timezone_ambiguity;multiple_mountains_for_candidate;near_tie_candidates_for_mountain,
316,高縄山,summit-candidate:96e5be71880efe52,2,1,0.65,medium,v3_conflict_case,fallback_name_municipality,yamap_2024-08-03_20_36.gpx,高縄山,NaN,NaN,,NaN,,,,strong,true,missing_csv_coordinate;timezone_sensitive_activity_link;near_tie_candidates_for_mountain,
316,高縄山,summit-candidate:9a68e7a3a97831ff,3,2,0.65,medium,v3_conflict_case,fallback_name_municipality,yamap_2022-04-09_14_44.gpx,大月山・高縄山,NaN,NaN,,NaN,,,,strong,true,missing_csv_coordinate;timezone_ambiguity;multiple_mountains_for_candidate;near_tie_candidates_for_mountain,
317,伊予富士,summit-candidate:6f70c7d3c27fe164,1,1,0.65,medium,v3_conflict_case,fallback_name_municipality,yamap_2024-09-14_07_46.gpx,伊予富士,NaN,NaN,,,,,,strong,true,grounding_missing;missing_csv_coordinate;timezone_ambiguity;near_tie_candidates_for_mountain,
317,伊予富士,summit-candidate:756a1162bc669c0b,2,1,0.65,medium,v3_conflict_case,fallback_name_municipality,yamap_2024-09-14_07_46.gpx,伊予富士,NaN,NaN,,,,,,strong,true,grounding_missing;missing_csv_coordinate;timezone_ambiguity;near_tie_candidates_for_mountain,
317,伊予富士,summit-candidate:9aa0e8d9e593d79d,3,1,0.65,medium,v3_conflict_case,fallback_name_municipality,yamap_2024-09-14_07_46.gpx,伊予富士,NaN,NaN,,,,,,strong,true,grounding_missing;missing_csv_coordinate;timezone_ambiguity;near_tie_candidates_for_mountain,
318,中津山(明神山),summit-candidate:a0c5556d9432a199,1,2,0.65,medium,v3_conflict_case,fallback_name_municipality,yamap_2024-09-23_07_35.gpx,中津山(明神山)・猿越山,NaN,NaN,,,,,,strong,true,grounding_missing;missing_csv_coordinate;timezone_ambiguity;multiple_mountains_for_candidate;near_tie_candidates_for_mountain,
318,中津山(明神山),summit-candidate:bd875ddf4679d1f7,2,2,0.65,medium,v3_conflict_case,fallback_name_municipality,yamap_2024-09-23_07_35.gpx,中津山(明神山)・猿越山,NaN,NaN,,,,,,strong,true,grounding_missing;missing_csv_coordinate;timezone_ambiguity;multiple_mountains_for_candidate;near_tie_candidates_for_mountain,
318,中津山(明神山),summit-candidate:eb3b108c5d508377,3,2,0.65,medium,v3_conflict_case,fallback_name_municipality,yamap_2024-09-23_07_35.gpx,中津山(明神山)・猿越山,NaN,NaN,,,,,,strong,true,grounding_missing;missing_csv_coordinate;timezone_ambiguity;multiple_mountains_for_candidate;near_tie_candidates_for_mountain,
318,中津山(明神山),summit-candidate:fec0bb942061619b,4,1,0.65,medium,v3_conflict_case,fallback_name_municipality,yamap_2024-09-23_07_35.gpx,中津山(明神山)・猿越山,NaN,NaN,,,,,,strong,true,grounding_missing;missing_csv_coordinate;timezone_ambiguity;multiple_mountains_for_candidate;near_tie_candidates_for_mountain,
319,猿越山,summit-candidate:a0c5556d9432a199,1,3,0.65,medium,v3_conflict_case,fallback_name_municipality,yamap_2024-09-23_07_35.gpx,中津山(明神山)・猿越山,NaN,NaN,,NaN,,,,strong,true,missing_csv_coordinate;timezone_ambiguity;multiple_mountains_for_candidate;near_tie_candidates_for_mountain,
319,猿越山,summit-candidate:bd875ddf4679d1f7,2,3,0.65,medium,v3_conflict_case,fallback_name_municipality,yamap_2024-09-23_07_35.gpx,中津山(明神山)・猿越山,NaN,NaN,,NaN,,,,strong,true,missing_csv_coordinate;timezone_ambiguity;multiple_mountains_for_candidate;near_tie_candidates_for_mountain,
319,猿越山,summit-candidate:eb3b108c5d508377,3,3,0.65,medium,v3_conflict_case,fallback_name_municipality,yamap_2024-09-23_07_35.gpx,中津山(明神山)・猿越山,NaN,NaN,,NaN,,,,strong,true,missing_csv_coordinate;timezone_ambiguity;multiple_mountains_for_candidate;near_tie_candidates_for_mountain,
319,猿越山,summit-candidate:fec0bb942061619b,4,2,0.65,medium,v3_conflict_case,fallback_name_municipality,yamap_2024-09-23_07_35.gpx,中津山(明神山)・猿越山,NaN,NaN,,NaN,,,,strong,true,missing_csv_coordinate;timezone_ambiguity;multiple_mountains_for_candidate;near_tie_candidates_for_mountain,
320,銅山峰,summit-candidate:006436491de34784,1,5,0.65,medium,v3_conflict_case,fallback_name_municipality,yamap_2022-11-26_04_41.gpx,銅山峰・西山・綱繰山・獅子舞の鼻・冠山・平家平,NaN,NaN,,NaN,,,,strong,true,missing_csv_coordinate;timezone_ambiguity;multiple_mountains_for_candidate;near_tie_candidates_for_mountain,
320,銅山峰,summit-candidate:057580d1c60049b6,2,1,0.65,medium,v3_conflict_case,fallback_name_municipality,yamap_2024-10-05_06_40.gpx,銅山峰・西山・三の森・二の森・一の森,NaN,NaN,,NaN,,,,strong,true,missing_csv_coordinate;timezone_ambiguity;multiple_mountains_for_candidate;near_tie_candidates_for_mountain,
320,銅山峰,summit-candidate:0dea5d073885dc9d,3,1,0.65,medium,v3_conflict_case,fallback_name_municipality,yamap_2024-10-05_06_40.gpx,銅山峰・西山・三の森・二の森・一の森,NaN,NaN,,NaN,,,,strong,true,missing_csv_coordinate;timezone_ambiguity;multiple_mountains_for_candidate;near_tie_candidates_for_mountain,
320,銅山峰,summit-candidate:53d0e375c60814f6,4,5,0.65,medium,v3_conflict_case,fallback_name_municipality,yamap_2022-11-26_04_41.gpx,銅山峰・西山・綱繰山・獅子舞の鼻・冠山・平家平,NaN,NaN,,NaN,,,,strong,true,missing_csv_coordinate;timezone_ambiguity;multiple_mountains_for_candidate;near_tie_candidates_for_mountain,
320,銅山峰,summit-candidate:a00d481162af54e2,5,6,0.65,medium,v3_conflict_case,fallback_name_municipality,yamap_2022-11-26_04_41.gpx,銅山峰・西山・綱繰山・獅子舞の鼻・冠山・平家平,NaN,NaN,,NaN,,,,strong,true,missing_csv_coordinate;timezone_ambiguity;multiple_mountains_for_candidate;near_tie_candidates_for_mountain,
320,銅山峰,summit-candidate:a03fbec9bab2fe7a,6,5,0.65,medium,v3_conflict_case,fallback_name_municipality,yamap_2022-11-26_04_41.gpx,銅山峰・西山・綱繰山・獅子舞の鼻・冠山・平家平,NaN,NaN,,NaN,,,,strong,true,missing_csv_coordinate;timezone_ambiguity;multiple_mountains_for_candidate;near_tie_candidates_for_mountain,
320,銅山峰,summit-candidate:a557f14fb032a808,7,5,0.65,medium,v3_conflict_case,fallback_name_municipality,yamap_2022-11-26_04_41.gpx,銅山峰・西山・綱繰山・獅子舞の鼻・冠山・平家平,NaN,NaN,,NaN,,,,strong,true,missing_csv_coordinate;timezone_ambiguity;multiple_mountains_for_candidate;near_tie_candidates_for_mountain,
320,銅山峰,summit-candidate:c256cfef3720557f,8,6,0.65,medium,v3_conflict_case,fallback_name_municipality,yamap_2022-11-26_04_41.gpx,銅山峰・西山・綱繰山・獅子舞の鼻・冠山・平家平,NaN,NaN,,NaN,,,,strong,true,missing_csv_coordinate;timezone_ambiguity;multiple_mountains_for_candidate;near_tie_candidates_for_mountain,
321,西山,summit-candidate:006436491de34784,1,6,0.65,medium,v3_conflict_case,fallback_name_municipality,yamap_2022-11-26_04_41.gpx,銅山峰・西山・綱繰山・獅子舞の鼻・冠山・平家平,NaN,NaN,,NaN,,,,strong,true,missing_csv_coordinate;timezone_ambiguity;multiple_mountains_for_candidate;near_tie_candidates_for_mountain,
321,西山,summit-candidate:057580d1c60049b6,2,2,0.65,medium,v3_conflict_case,fallback_name_municipality,yamap_2024-10-05_06_40.gpx,銅山峰・西山・三の森・二の森・一の森,NaN,NaN,,NaN,,,,strong,true,missing_csv_coordinate;timezone_ambiguity;multiple_mountains_for_candidate;near_tie_candidates_for_mountain,
321,西山,summit-candidate:0dea5d073885dc9d,3,2,0.65,medium,v3_conflict_case,fallback_name_municipality,yamap_2024-10-05_06_40.gpx,銅山峰・西山・三の森・二の森・一の森,NaN,NaN,,NaN,,,,strong,true,missing_csv_coordinate;timezone_ambiguity;multiple_mountains_for_candidate;near_tie_candidates_for_mountain,
321,西山,summit-candidate:53d0e375c60814f6,4,6,0.65,medium,v3_conflict_case,fallback_name_municipality,yamap_2022-11-26_04_41.gpx,銅山峰・西山・綱繰山・獅子舞の鼻・冠山・平家平,NaN,NaN,,NaN,,,,strong,true,missing_csv_coordinate;timezone_ambiguity;multiple_mountains_for_candidate;near_tie_candidates_for_mountain,
321,西山,summit-candidate:a00d481162af54e2,5,7,0.65,medium,v3_conflict_case,fallback_name_municipality,yamap_2022-11-26_04_41.gpx,銅山峰・西山・綱繰山・獅子舞の鼻・冠山・平家平,NaN,NaN,,NaN,,,,strong,true,missing_csv_coordinate;timezone_ambiguity;multiple_mountains_for_candidate;near_tie_candidates_for_mountain,
321,西山,summit-candidate:a03fbec9bab2fe7a,6,6,0.65,medium,v3_conflict_case,fallback_name_municipality,yamap_2022-11-26_04_41.gpx,銅山峰・西山・綱繰山・獅子舞の鼻・冠山・平家平,NaN,NaN,,NaN,,,,strong,true,missing_csv_coordinate;timezone_ambiguity;multiple_mountains_for_candidate;near_tie_candidates_for_mountain,
321,西山,summit-candidate:a557f14fb032a808,7,6,0.65,medium,v3_conflict_case,fallback_name_municipality,yamap_2022-11-26_04_41.gpx,銅山峰・西山・綱繰山・獅子舞の鼻・冠山・平家平,NaN,NaN,,NaN,,,,strong,true,missing_csv_coordinate;timezone_ambiguity;multiple_mountains_for_candidate;near_tie_candidates_for_mountain,
321,西山,summit-candidate:c256cfef3720557f,8,7,0.65,medium,v3_conflict_case,fallback_name_municipality,yamap_2022-11-26_04_41.gpx,銅山峰・西山・綱繰山・獅子舞の鼻・冠山・平家平,NaN,NaN,,NaN,,,,strong,true,missing_csv_coordinate;timezone_ambiguity;multiple_mountains_for_candidate;near_tie_candidates_for_mountain,
321,西山,summit-candidate:23c112538ef91e0d,9,6,0.55,low,v3_conflict_case,fallback_name_only_review,yamap_2022-02-23_08_42.gpx,西山・経ヶ森・岩子山・護摩ヶ森,NaN,NaN,,NaN,,,,strong,true,municipality_mismatch;missing_csv_coordinate;timezone_ambiguity;multiple_mountains_for_candidate;near_tie_candidates_for_mountain,
321,西山,summit-candidate:bdfa250c89c1ca90,10,6,0.55,low,v3_conflict_case,fallback_name_only_review,yamap_2022-02-23_08_42.gpx,西山・経ヶ森・岩子山・護摩ヶ森,NaN,NaN,,NaN,,,,strong,true,municipality_mismatch;missing_csv_coordinate;timezone_ambiguity;multiple_mountains_for_candidate;near_tie_candidates_for_mountain,
322,三の森,summit-candidate:057580d1c60049b6,1,3,0.65,medium,v3_conflict_case,fallback_name_municipality,yamap_2024-10-05_06_40.gpx,銅山峰・西山・三の森・二の森・一の森,NaN,NaN,,NaN,,,,strong,true,missing_csv_coordinate;timezone_ambiguity;multiple_mountains_for_candidate;near_tie_candidates_for_mountain,
322,三の森,summit-candidate:0dea5d073885dc9d,2,3,0.65,medium,v3_conflict_case,fallback_name_municipality,yamap_2024-10-05_06_40.gpx,銅山峰・西山・三の森・二の森・一の森,NaN,NaN,,NaN,,,,strong,true,missing_csv_coordinate;timezone_ambiguity;multiple_mountains_for_candidate;near_tie_candidates_for_mountain,
323,二の森,summit-candidate:057580d1c60049b6,1,4,0.65,medium,v3_conflict_case,fallback_name_municipality,yamap_2024-10-05_06_40.gpx,銅山峰・西山・三の森・二の森・一の森,NaN,NaN,,NaN,,,,strong,true,missing_csv_coordinate;timezone_ambiguity;multiple_mountains_for_candidate;near_tie_candidates_for_mountain,
323,二の森,summit-candidate:0dea5d073885dc9d,2,4,0.65,medium,v3_conflict_case,fallback_name_municipality,yamap_2024-10-05_06_40.gpx,銅山峰・西山・三の森・二の森・一の森,NaN,NaN,,NaN,,,,strong,true,missing_csv_coordinate;timezone_ambiguity;multiple_mountains_for_candidate;near_tie_candidates_for_mountain,
324,一の森,summit-candidate:057580d1c60049b6,1,5,0.65,medium,v3_conflict_case,fallback_name_municipality,yamap_2024-10-05_06_40.gpx,銅山峰・西山・三の森・二の森・一の森,NaN,NaN,,,,,,strong,true,grounding_missing;missing_csv_coordinate;timezone_ambiguity;multiple_mountains_for_candidate;near_tie_candidates_for_mountain,
324,一の森,summit-candidate:0dea5d073885dc9d,2,5,0.65,medium,v3_conflict_case,fallback_name_municipality,yamap_2024-10-05_06_40.gpx,銅山峰・西山・三の森・二の森・一の森,NaN,NaN,,,,,,strong,true,grounding_missing;missing_csv_coordinate;timezone_ambiguity;multiple_mountains_for_candidate;near_tie_candidates_for_mountain,
325,三ッ足山,summit-candidate:0886436b79473a6c,1,1,0.65,medium,v3_conflict_case,fallback_name_municipality,yamap_2024-10-14_04_48.gpx,三ッ足山・カガマシ山・橡尾山・笹ヶ峰,NaN,NaN,,NaN,,,,strong,true,missing_csv_coordinate;timezone_ambiguity;multiple_mountains_for_candidate;near_tie_candidates_for_mountain,
325,三ッ足山,summit-candidate:8078eb6cc96c519a,2,1,0.65,medium,v3_conflict_case,fallback_name_municipality,yamap_2024-10-14_04_48.gpx,三ッ足山・カガマシ山・橡尾山・笹ヶ峰,NaN,NaN,,NaN,,,,strong,true,missing_csv_coordinate;timezone_ambiguity;multiple_mountains_for_candidate;near_tie_candidates_for_mountain,
325,三ッ足山,summit-candidate:851dc9683d2d7442,3,2,0.65,medium,v3_conflict_case,fallback_name_municipality,yamap_2024-10-14_04_48.gpx,三ッ足山・カガマシ山・橡尾山・笹ヶ峰,NaN,NaN,,NaN,,,,strong,true,missing_csv_coordinate;timezone_ambiguity;multiple_mountains_for_candidate;near_tie_candidates_for_mountain,
325,三ッ足山,summit-candidate:a1b1b7885eeab893,4,2,0.65,medium,v3_conflict_case,fallback_name_municipality,yamap_2024-10-14_04_48.gpx,三ッ足山・カガマシ山・橡尾山・笹ヶ峰,NaN,NaN,,NaN,,,,strong,true,missing_csv_coordinate;timezone_ambiguity;multiple_mountains_for_candidate;near_tie_candidates_for_mountain,
325,三ッ足山,summit-candidate:a53ed6259e132097,5,1,0.65,medium,v3_conflict_case,fallback_name_municipality,yamap_2024-10-14_04_48.gpx,三ッ足山・カガマシ山・橡尾山・笹ヶ峰,NaN,NaN,,NaN,,,,strong,true,missing_csv_coordinate;timezone_ambiguity;multiple_mountains_for_candidate;near_tie_candidates_for_mountain,
325,三ッ足山,summit-candidate:fecfbf815fc6d5a7,6,1,0.65,medium,v3_conflict_case,fallback_name_municipality,yamap_2024-10-14_04_48.gpx,三ッ足山・カガマシ山・橡尾山・笹ヶ峰,NaN,NaN,,NaN,,,,strong,true,missing_csv_coordinate;timezone_ambiguity;multiple_mountains_for_candidate;near_tie_candidates_for_mountain,
326,カガマシ山,summit-candidate:0886436b79473a6c,1,2,0.65,medium,v3_conflict_case,fallback_name_municipality,yamap_2024-10-14_04_48.gpx,三ッ足山・カガマシ山・橡尾山・笹ヶ峰,NaN,NaN,,NaN,,,,strong,true,missing_csv_coordinate;timezone_ambiguity;multiple_mountains_for_candidate;near_tie_candidates_for_mountain,
326,カガマシ山,summit-candidate:8078eb6cc96c519a,2,2,0.65,medium,v3_conflict_case,fallback_name_municipality,yamap_2024-10-14_04_48.gpx,三ッ足山・カガマシ山・橡尾山・笹ヶ峰,NaN,NaN,,NaN,,,,strong,true,missing_csv_coordinate;timezone_ambiguity;multiple_mountains_for_candidate;near_tie_candidates_for_mountain,
326,カガマシ山,summit-candidate:851dc9683d2d7442,3,3,0.65,medium,v3_conflict_case,fallback_name_municipality,yamap_2024-10-14_04_48.gpx,三ッ足山・カガマシ山・橡尾山・笹ヶ峰,NaN,NaN,,NaN,,,,strong,true,missing_csv_coordinate;timezone_ambiguity;multiple_mountains_for_candidate;near_tie_candidates_for_mountain,
326,カガマシ山,summit-candidate:a1b1b7885eeab893,4,3,0.65,medium,v3_conflict_case,fallback_name_municipality,yamap_2024-10-14_04_48.gpx,三ッ足山・カガマシ山・橡尾山・笹ヶ峰,NaN,NaN,,NaN,,,,strong,true,missing_csv_coordinate;timezone_ambiguity;multiple_mountains_for_candidate;near_tie_candidates_for_mountain,
326,カガマシ山,summit-candidate:a53ed6259e132097,5,2,0.65,medium,v3_conflict_case,fallback_name_municipality,yamap_2024-10-14_04_48.gpx,三ッ足山・カガマシ山・橡尾山・笹ヶ峰,NaN,NaN,,NaN,,,,strong,true,missing_csv_coordinate;timezone_ambiguity;multiple_mountains_for_candidate;near_tie_candidates_for_mountain,
326,カガマシ山,summit-candidate:fecfbf815fc6d5a7,6,2,0.65,medium,v3_conflict_case,fallback_name_municipality,yamap_2024-10-14_04_48.gpx,三ッ足山・カガマシ山・橡尾山・笹ヶ峰,NaN,NaN,,NaN,,,,strong,true,missing_csv_coordinate;timezone_ambiguity;multiple_mountains_for_candidate;near_tie_candidates_for_mountain,
327,橡尾山,summit-candidate:0886436b79473a6c,1,3,0.65,medium,v3_conflict_case,fallback_name_municipality,yamap_2024-10-14_04_48.gpx,三ッ足山・カガマシ山・橡尾山・笹ヶ峰,NaN,NaN,,NaN,,,,strong,true,missing_csv_coordinate;timezone_ambiguity;multiple_mountains_for_candidate;near_tie_candidates_for_mountain,
327,橡尾山,summit-candidate:8078eb6cc96c519a,2,3,0.65,medium,v3_conflict_case,fallback_name_municipality,yamap_2024-10-14_04_48.gpx,三ッ足山・カガマシ山・橡尾山・笹ヶ峰,NaN,NaN,,NaN,,,,strong,true,missing_csv_coordinate;timezone_ambiguity;multiple_mountains_for_candidate;near_tie_candidates_for_mountain,
327,橡尾山,summit-candidate:851dc9683d2d7442,3,4,0.65,medium,v3_conflict_case,fallback_name_municipality,yamap_2024-10-14_04_48.gpx,三ッ足山・カガマシ山・橡尾山・笹ヶ峰,NaN,NaN,,NaN,,,,strong,true,missing_csv_coordinate;timezone_ambiguity;multiple_mountains_for_candidate;near_tie_candidates_for_mountain,
327,橡尾山,summit-candidate:a1b1b7885eeab893,4,4,0.65,medium,v3_conflict_case,fallback_name_municipality,yamap_2024-10-14_04_48.gpx,三ッ足山・カガマシ山・橡尾山・笹ヶ峰,NaN,NaN,,NaN,,,,strong,true,missing_csv_coordinate;timezone_ambiguity;multiple_mountains_for_candidate;near_tie_candidates_for_mountain,
327,橡尾山,summit-candidate:a53ed6259e132097,5,3,0.65,medium,v3_conflict_case,fallback_name_municipality,yamap_2024-10-14_04_48.gpx,三ッ足山・カガマシ山・橡尾山・笹ヶ峰,NaN,NaN,,NaN,,,,strong,true,missing_csv_coordinate;timezone_ambiguity;multiple_mountains_for_candidate;near_tie_candidates_for_mountain,
327,橡尾山,summit-candidate:fecfbf815fc6d5a7,6,3,0.65,medium,v3_conflict_case,fallback_name_municipality,yamap_2024-10-14_04_48.gpx,三ッ足山・カガマシ山・橡尾山・笹ヶ峰,NaN,NaN,,NaN,,,,strong,true,missing_csv_coordinate;timezone_ambiguity;multiple_mountains_for_candidate;near_tie_candidates_for_mountain,
328,笹ヶ峰,summit-candidate:0886436b79473a6c,1,4,0.65,medium,v3_conflict_case,fallback_name_municipality,yamap_2024-10-14_04_48.gpx,三ッ足山・カガマシ山・橡尾山・笹ヶ峰,NaN,NaN,,,,,,strong,true,grounding_missing;missing_csv_coordinate;timezone_ambiguity;multiple_mountains_for_candidate;near_tie_candidates_for_mountain,
328,笹ヶ峰,summit-candidate:23eea13de5db5c9f,2,4,0.65,medium,v3_conflict_case,fallback_name_municipality,yamap_2022-09-09_06_58.gpx,寒風山・笹ヶ峰・ちち山,NaN,NaN,,,,,,strong,true,grounding_missing;missing_csv_coordinate;timezone_ambiguity;multiple_mountains_for_candidate;near_tie_candidates_for_mountain,
328,笹ヶ峰,summit-candidate:395bb631522975b6,3,4,0.65,medium,v3_conflict_case,fallback_name_municipality,yamap_2022-09-09_06_58.gpx,寒風山・笹ヶ峰・ちち山,NaN,NaN,,,,,,strong,true,grounding_missing;missing_csv_coordinate;timezone_ambiguity;multiple_mountains_for_candidate;near_tie_candidates_for_mountain,
328,笹ヶ峰,summit-candidate:453327d51d16e202,4,4,0.65,medium,v3_conflict_case,fallback_name_municipality,yamap_2026-05-06_07_28.gpx,丸山・ちち山・笹ヶ峰,NaN,NaN,,,,,,strong,true,grounding_missing;missing_csv_coordinate;timezone_ambiguity;multiple_mountains_for_candidate;near_tie_candidates_for_mountain,
328,笹ヶ峰,summit-candidate:8078eb6cc96c519a,5,4,0.65,medium,v3_conflict_case,fallback_name_municipality,yamap_2024-10-14_04_48.gpx,三ッ足山・カガマシ山・橡尾山・笹ヶ峰,NaN,NaN,,,,,,strong,true,grounding_missing;missing_csv_coordinate;timezone_ambiguity;multiple_mountains_for_candidate;near_tie_candidates_for_mountain,
328,笹ヶ峰,summit-candidate:851dc9683d2d7442,6,5,0.65,medium,v3_conflict_case,fallback_name_municipality,yamap_2024-10-14_04_48.gpx,三ッ足山・カガマシ山・橡尾山・笹ヶ峰,NaN,NaN,,,,,,strong,true,grounding_missing;missing_csv_coordinate;timezone_ambiguity;multiple_mountains_for_candidate;near_tie_candidates_for_mountain,
328,笹ヶ峰,summit-candidate:9a59c4b620ba3792,7,4,0.65,medium,v3_conflict_case,fallback_name_municipality,yamap_2022-09-09_06_58.gpx,寒風山・笹ヶ峰・ちち山,NaN,NaN,,,,,,strong,true,grounding_missing;missing_csv_coordinate;timezone_ambiguity;multiple_mountains_for_candidate;near_tie_candidates_for_mountain,
328,笹ヶ峰,summit-candidate:a1b1b7885eeab893,8,5,0.65,medium,v3_conflict_case,fallback_name_municipality,yamap_2024-10-14_04_48.gpx,三ッ足山・カガマシ山・橡尾山・笹ヶ峰,NaN,NaN,,,,,,strong,true,grounding_missing;missing_csv_coordinate;timezone_ambiguity;multiple_mountains_for_candidate;near_tie_candidates_for_mountain,
328,笹ヶ峰,summit-candidate:a53ed6259e132097,9,4,0.65,medium,v3_conflict_case,fallback_name_municipality,yamap_2024-10-14_04_48.gpx,三ッ足山・カガマシ山・橡尾山・笹ヶ峰,NaN,NaN,,,,,,strong,true,grounding_missing;missing_csv_coordinate;timezone_ambiguity;multiple_mountains_for_candidate;near_tie_candidates_for_mountain,
328,笹ヶ峰,summit-candidate:fecfbf815fc6d5a7,10,4,0.65,medium,v3_conflict_case,fallback_name_municipality,yamap_2024-10-14_04_48.gpx,三ッ足山・カガマシ山・橡尾山・笹ヶ峰,NaN,NaN,,,,,,strong,true,grounding_missing;missing_csv_coordinate;timezone_ambiguity;multiple_mountains_for_candidate;near_tie_candidates_for_mountain,
328,笹ヶ峰,summit-candidate:7213c478833fd90f,11,4,0.55,low,v3_conflict_case,fallback_name_only_review,yamap_2022-09-09_06_58.gpx,寒風山・笹ヶ峰・ちち山,NaN,NaN,,,,,,strong,true,grounding_missing;municipality_mismatch;missing_csv_coordinate;timezone_ambiguity;multiple_mountains_for_candidate;near_tie_candidates_for_mountain,
328,笹ヶ峰,summit-candidate:b87c90ebd1eb0d06,12,5,0.55,low,v3_conflict_case,fallback_name_only_review,yamap_2026-05-06_07_28.gpx,丸山・ちち山・笹ヶ峰,NaN,NaN,,,,,,strong,true,grounding_missing;municipality_mismatch;missing_csv_coordinate;timezone_ambiguity;multiple_mountains_for_candidate;near_tie_candidates_for_mountain,
329,ハネズル山,summit-candidate:e2c08955f9275289,1,1,0.65,medium,v3_candidate_review_required,fallback_name_municipality,yamap_2024-10-20_06_42.gpx,ハネズル山,NaN,NaN,,NaN,,,,strong,true,missing_csv_coordinate;timezone_ambiguity,
330,天堤山,summit-candidate:f54f44da226a4a15,1,1,0.65,medium,v3_candidate_review_required,fallback_name_municipality,yamap_2024-10-20_11_05.gpx,天堤山,NaN,NaN,,,,,,strong,true,grounding_missing;missing_csv_coordinate;timezone_ambiguity,
331,五郎丸,summit-candidate:32c1cf967ab82dbe,1,1,0.65,medium,v3_conflict_case,fallback_name_municipality,yamap_2024-12-01_06_40.gpx,唐谷山・天狗森・木峰・金見山・高丸・五郎丸・大谷山・龍王山,NaN,NaN,,NaN,,,,strong,true,missing_csv_coordinate;timezone_ambiguity;multiple_mountains_for_candidate;near_tie_candidates_for_mountain,
331,五郎丸,summit-candidate:9cc74b44e1289236,2,1,0.65,medium,v3_conflict_case,fallback_name_municipality,yamap_2024-12-01_06_40.gpx,唐谷山・天狗森・木峰・金見山・高丸・五郎丸・大谷山・龍王山,NaN,NaN,,NaN,,,,strong,true,missing_csv_coordinate;timezone_ambiguity;multiple_mountains_for_candidate;near_tie_candidates_for_mountain,
331,五郎丸,summit-candidate:c8607e1f03bb5db1,3,1,0.65,medium,v3_conflict_case,fallback_name_municipality,yamap_2024-12-01_06_40.gpx,唐谷山・天狗森・木峰・金見山・高丸・五郎丸・大谷山・龍王山,NaN,NaN,,NaN,,,,strong,true,missing_csv_coordinate;timezone_ambiguity;multiple_mountains_for_candidate;near_tie_candidates_for_mountain,
331,五郎丸,summit-candidate:edac81b361bdc70c,4,1,0.65,medium,v3_conflict_case,fallback_name_municipality,yamap_2024-12-01_06_40.gpx,唐谷山・天狗森・木峰・金見山・高丸・五郎丸・大谷山・龍王山,NaN,NaN,,NaN,,,,strong,true,missing_csv_coordinate;timezone_ambiguity;multiple_mountains_for_candidate;near_tie_candidates_for_mountain,
332,高丸,summit-candidate:32c1cf967ab82dbe,1,2,0.65,medium,v3_conflict_case,fallback_name_municipality,yamap_2024-12-01_06_40.gpx,唐谷山・天狗森・木峰・金見山・高丸・五郎丸・大谷山・龍王山,NaN,NaN,,NaN,,,,strong,true,missing_csv_coordinate;timezone_ambiguity;multiple_mountains_for_candidate;near_tie_candidates_for_mountain,
332,高丸,summit-candidate:9cc74b44e1289236,2,2,0.65,medium,v3_conflict_case,fallback_name_municipality,yamap_2024-12-01_06_40.gpx,唐谷山・天狗森・木峰・金見山・高丸・五郎丸・大谷山・龍王山,NaN,NaN,,NaN,,,,strong,true,missing_csv_coordinate;timezone_ambiguity;multiple_mountains_for_candidate;near_tie_candidates_for_mountain,
332,高丸,summit-candidate:c8607e1f03bb5db1,3,2,0.65,medium,v3_conflict_case,fallback_name_municipality,yamap_2024-12-01_06_40.gpx,唐谷山・天狗森・木峰・金見山・高丸・五郎丸・大谷山・龍王山,NaN,NaN,,NaN,,,,strong,true,missing_csv_coordinate;timezone_ambiguity;multiple_mountains_for_candidate;near_tie_candidates_for_mountain,
332,高丸,summit-candidate:edac81b361bdc70c,4,2,0.65,medium,v3_conflict_case,fallback_name_municipality,yamap_2024-12-01_06_40.gpx,唐谷山・天狗森・木峰・金見山・高丸・五郎丸・大谷山・龍王山,NaN,NaN,,NaN,,,,strong,true,missing_csv_coordinate;timezone_ambiguity;multiple_mountains_for_candidate;near_tie_candidates_for_mountain,
333,金見山,summit-candidate:32c1cf967ab82dbe,1,3,0.65,medium,v3_conflict_case,fallback_name_municipality,yamap_2024-12-01_06_40.gpx,唐谷山・天狗森・木峰・金見山・高丸・五郎丸・大谷山・龍王山,NaN,NaN,,NaN,,,,strong,true,missing_csv_coordinate;timezone_ambiguity;multiple_mountains_for_candidate;near_tie_candidates_for_mountain,
333,金見山,summit-candidate:9cc74b44e1289236,2,3,0.65,medium,v3_conflict_case,fallback_name_municipality,yamap_2024-12-01_06_40.gpx,唐谷山・天狗森・木峰・金見山・高丸・五郎丸・大谷山・龍王山,NaN,NaN,,NaN,,,,strong,true,missing_csv_coordinate;timezone_ambiguity;multiple_mountains_for_candidate;near_tie_candidates_for_mountain,
333,金見山,summit-candidate:c8607e1f03bb5db1,3,3,0.65,medium,v3_conflict_case,fallback_name_municipality,yamap_2024-12-01_06_40.gpx,唐谷山・天狗森・木峰・金見山・高丸・五郎丸・大谷山・龍王山,NaN,NaN,,NaN,,,,strong,true,missing_csv_coordinate;timezone_ambiguity;multiple_mountains_for_candidate;near_tie_candidates_for_mountain,
333,金見山,summit-candidate:edac81b361bdc70c,4,3,0.65,medium,v3_conflict_case,fallback_name_municipality,yamap_2024-12-01_06_40.gpx,唐谷山・天狗森・木峰・金見山・高丸・五郎丸・大谷山・龍王山,NaN,NaN,,NaN,,,,strong,true,missing_csv_coordinate;timezone_ambiguity;multiple_mountains_for_candidate;near_tie_candidates_for_mountain,
334,木峰,summit-candidate:32c1cf967ab82dbe,1,4,0.65,medium,v3_conflict_case,fallback_name_municipality,yamap_2024-12-01_06_40.gpx,唐谷山・天狗森・木峰・金見山・高丸・五郎丸・大谷山・龍王山,NaN,NaN,,NaN,,,,strong,true,missing_csv_coordinate;timezone_ambiguity;multiple_mountains_for_candidate;near_tie_candidates_for_mountain,
334,木峰,summit-candidate:9cc74b44e1289236,2,4,0.65,medium,v3_conflict_case,fallback_name_municipality,yamap_2024-12-01_06_40.gpx,唐谷山・天狗森・木峰・金見山・高丸・五郎丸・大谷山・龍王山,NaN,NaN,,NaN,,,,strong,true,missing_csv_coordinate;timezone_ambiguity;multiple_mountains_for_candidate;near_tie_candidates_for_mountain,
334,木峰,summit-candidate:c8607e1f03bb5db1,3,4,0.65,medium,v3_conflict_case,fallback_name_municipality,yamap_2024-12-01_06_40.gpx,唐谷山・天狗森・木峰・金見山・高丸・五郎丸・大谷山・龍王山,NaN,NaN,,NaN,,,,strong,true,missing_csv_coordinate;timezone_ambiguity;multiple_mountains_for_candidate;near_tie_candidates_for_mountain,
334,木峰,summit-candidate:edac81b361bdc70c,4,4,0.65,medium,v3_conflict_case,fallback_name_municipality,yamap_2024-12-01_06_40.gpx,唐谷山・天狗森・木峰・金見山・高丸・五郎丸・大谷山・龍王山,NaN,NaN,,NaN,,,,strong,true,missing_csv_coordinate;timezone_ambiguity;multiple_mountains_for_candidate;near_tie_candidates_for_mountain,
335,天狗森,summit-candidate:32c1cf967ab82dbe,1,5,0.65,medium,v3_conflict_case,fallback_name_municipality,yamap_2024-12-01_06_40.gpx,唐谷山・天狗森・木峰・金見山・高丸・五郎丸・大谷山・龍王山,NaN,NaN,,NaN,,,,strong,true,missing_csv_coordinate;timezone_ambiguity;multiple_mountains_for_candidate;near_tie_candidates_for_mountain,
335,天狗森,summit-candidate:9cc74b44e1289236,2,5,0.65,medium,v3_conflict_case,fallback_name_municipality,yamap_2024-12-01_06_40.gpx,唐谷山・天狗森・木峰・金見山・高丸・五郎丸・大谷山・龍王山,NaN,NaN,,NaN,,,,strong,true,missing_csv_coordinate;timezone_ambiguity;multiple_mountains_for_candidate;near_tie_candidates_for_mountain,
335,天狗森,summit-candidate:c8607e1f03bb5db1,3,5,0.65,medium,v3_conflict_case,fallback_name_municipality,yamap_2024-12-01_06_40.gpx,唐谷山・天狗森・木峰・金見山・高丸・五郎丸・大谷山・龍王山,NaN,NaN,,NaN,,,,strong,true,missing_csv_coordinate;timezone_ambiguity;multiple_mountains_for_candidate;near_tie_candidates_for_mountain,
335,天狗森,summit-candidate:edac81b361bdc70c,4,5,0.65,medium,v3_conflict_case,fallback_name_municipality,yamap_2024-12-01_06_40.gpx,唐谷山・天狗森・木峰・金見山・高丸・五郎丸・大谷山・龍王山,NaN,NaN,,NaN,,,,strong,true,missing_csv_coordinate;timezone_ambiguity;multiple_mountains_for_candidate;near_tie_candidates_for_mountain,
336,唐谷山,summit-candidate:32c1cf967ab82dbe,1,6,0.65,medium,v3_conflict_case,fallback_name_municipality,yamap_2024-12-01_06_40.gpx,唐谷山・天狗森・木峰・金見山・高丸・五郎丸・大谷山・龍王山,NaN,NaN,,NaN,,,,strong,true,missing_csv_coordinate;timezone_ambiguity;multiple_mountains_for_candidate;near_tie_candidates_for_mountain,
336,唐谷山,summit-candidate:9cc74b44e1289236,2,6,0.65,medium,v3_conflict_case,fallback_name_municipality,yamap_2024-12-01_06_40.gpx,唐谷山・天狗森・木峰・金見山・高丸・五郎丸・大谷山・龍王山,NaN,NaN,,NaN,,,,strong,true,missing_csv_coordinate;timezone_ambiguity;multiple_mountains_for_candidate;near_tie_candidates_for_mountain,
336,唐谷山,summit-candidate:c8607e1f03bb5db1,3,6,0.65,medium,v3_conflict_case,fallback_name_municipality,yamap_2024-12-01_06_40.gpx,唐谷山・天狗森・木峰・金見山・高丸・五郎丸・大谷山・龍王山,NaN,NaN,,NaN,,,,strong,true,missing_csv_coordinate;timezone_ambiguity;multiple_mountains_for_candidate;near_tie_candidates_for_mountain,
336,唐谷山,summit-candidate:edac81b361bdc70c,4,6,0.65,medium,v3_conflict_case,fallback_name_municipality,yamap_2024-12-01_06_40.gpx,唐谷山・天狗森・木峰・金見山・高丸・五郎丸・大谷山・龍王山,NaN,NaN,,NaN,,,,strong,true,missing_csv_coordinate;timezone_ambiguity;multiple_mountains_for_candidate;near_tie_candidates_for_mountain,
337,龍王山,summit-candidate:32c1cf967ab82dbe,1,7,0.65,medium,v3_conflict_case,fallback_name_municipality,yamap_2024-12-01_06_40.gpx,唐谷山・天狗森・木峰・金見山・高丸・五郎丸・大谷山・龍王山,NaN,NaN,,NaN,,,,strong,true,missing_csv_coordinate;timezone_ambiguity;multiple_mountains_for_candidate;near_tie_candidates_for_mountain,
337,龍王山,summit-candidate:9cc74b44e1289236,2,7,0.65,medium,v3_conflict_case,fallback_name_municipality,yamap_2024-12-01_06_40.gpx,唐谷山・天狗森・木峰・金見山・高丸・五郎丸・大谷山・龍王山,NaN,NaN,,NaN,,,,strong,true,missing_csv_coordinate;timezone_ambiguity;multiple_mountains_for_candidate;near_tie_candidates_for_mountain,
337,龍王山,summit-candidate:c8607e1f03bb5db1,3,7,0.65,medium,v3_conflict_case,fallback_name_municipality,yamap_2024-12-01_06_40.gpx,唐谷山・天狗森・木峰・金見山・高丸・五郎丸・大谷山・龍王山,NaN,NaN,,NaN,,,,strong,true,missing_csv_coordinate;timezone_ambiguity;multiple_mountains_for_candidate;near_tie_candidates_for_mountain,
337,龍王山,summit-candidate:edac81b361bdc70c,4,7,0.65,medium,v3_conflict_case,fallback_name_municipality,yamap_2024-12-01_06_40.gpx,唐谷山・天狗森・木峰・金見山・高丸・五郎丸・大谷山・龍王山,NaN,NaN,,NaN,,,,strong,true,missing_csv_coordinate;timezone_ambiguity;multiple_mountains_for_candidate;near_tie_candidates_for_mountain,
338,大谷山,summit-candidate:32c1cf967ab82dbe,1,8,0.65,medium,v3_conflict_case,fallback_name_municipality,yamap_2024-12-01_06_40.gpx,唐谷山・天狗森・木峰・金見山・高丸・五郎丸・大谷山・龍王山,NaN,NaN,,NaN,,,,strong,true,missing_csv_coordinate;timezone_ambiguity;multiple_mountains_for_candidate;near_tie_candidates_for_mountain,
338,大谷山,summit-candidate:9cc74b44e1289236,2,8,0.65,medium,v3_conflict_case,fallback_name_municipality,yamap_2024-12-01_06_40.gpx,唐谷山・天狗森・木峰・金見山・高丸・五郎丸・大谷山・龍王山,NaN,NaN,,NaN,,,,strong,true,missing_csv_coordinate;timezone_ambiguity;multiple_mountains_for_candidate;near_tie_candidates_for_mountain,
338,大谷山,summit-candidate:c8607e1f03bb5db1,3,8,0.65,medium,v3_conflict_case,fallback_name_municipality,yamap_2024-12-01_06_40.gpx,唐谷山・天狗森・木峰・金見山・高丸・五郎丸・大谷山・龍王山,NaN,NaN,,NaN,,,,strong,true,missing_csv_coordinate;timezone_ambiguity;multiple_mountains_for_candidate;near_tie_candidates_for_mountain,
338,大谷山,summit-candidate:edac81b361bdc70c,4,8,0.65,medium,v3_conflict_case,fallback_name_municipality,yamap_2024-12-01_06_40.gpx,唐谷山・天狗森・木峰・金見山・高丸・五郎丸・大谷山・龍王山,NaN,NaN,,NaN,,,,strong,true,missing_csv_coordinate;timezone_ambiguity;multiple_mountains_for_candidate;near_tie_candidates_for_mountain,
339,城山,summit-candidate:95a8fa74fd4af7b0,1,4,0.65,medium,v3_conflict_case,fallback_name_municipality,yamap_2024-04-28_07_11.gpx,狼ヶ城山,NaN,NaN,,NaN,,,,strong,true,missing_csv_coordinate;timezone_ambiguity;multiple_mountains_for_candidate,
339,城山,summit-candidate:0022a746b396d4c7,2,9,0.55,low,v3_conflict_case,fallback_name_only_review,yamap_2024-03-10_07_12.gpx,夫婦山・白山・観音山・国見山・城山・御勧請山,NaN,NaN,,NaN,,,,strong,true,municipality_mismatch;missing_csv_coordinate;timezone_ambiguity;multiple_mountains_for_candidate,
339,城山,summit-candidate:07834c521328cc1d,3,5,0.55,low,v3_conflict_case,fallback_name_only_review,yamap_2022-03-05_09_44.gpx,城山・水梨山・向山,NaN,NaN,,NaN,,,,strong,true,municipality_mismatch;missing_csv_coordinate;timezone_ambiguity;multiple_mountains_for_candidate,
339,城山,summit-candidate:0a765b89058b256b,4,5,0.55,low,v3_conflict_case,fallback_name_only_review,yamap_2022-03-05_09_44.gpx,城山・水梨山・向山,NaN,NaN,,NaN,,,,strong,true,municipality_mismatch;missing_csv_coordinate;timezone_ambiguity;multiple_mountains_for_candidate,
339,城山,summit-candidate:0ec3be2fa2295b82,5,5,0.55,low,v3_conflict_case,fallback_name_only_review,yamap_2022-03-03_10_47.gpx,奥之城山・ヌタノサコ,NaN,NaN,,NaN,,,,strong,true,municipality_mismatch;missing_csv_coordinate;timezone_ambiguity;multiple_mountains_for_candidate,
339,城山,summit-candidate:13b7a4bb8154974a,6,9,0.55,low,v3_conflict_case,fallback_name_only_review,yamap_2024-03-10_07_12.gpx,夫婦山・白山・観音山・国見山・城山・御勧請山,NaN,NaN,,NaN,,,,strong,true,municipality_mismatch;missing_csv_coordinate;timezone_ambiguity;multiple_mountains_for_candidate,
339,城山,summit-candidate:1432f597b5dca157,7,5,0.55,low,v3_conflict_case,fallback_name_only_review,yamap_2023-01-28_14_27.gpx,古城山・尾崎山,NaN,NaN,,NaN,,,,strong,true,municipality_mismatch;missing_csv_coordinate;timezone_ambiguity;multiple_mountains_for_candidate,
339,城山,summit-candidate:27c1036d4aa2230e,8,11,0.55,low,v3_conflict_case,fallback_name_only_review,yamap_2022-04-08_09_33.gpx,鬼ヶ城山・大久保山・八面山・三本杭・横ノ森・小屋ヶ森・毛山,NaN,NaN,,NaN,,,,strong,true,municipality_mismatch;missing_csv_coordinate;timezone_ambiguity;multiple_mountains_for_candidate,
339,城山,summit-candidate:2ab43729f5e80cbe,9,9,0.55,low,v3_conflict_case,fallback_name_only_review,yamap_2024-03-10_07_12.gpx,夫婦山・白山・観音山・国見山・城山・御勧請山,NaN,NaN,,NaN,,,,strong,true,municipality_mismatch;missing_csv_coordinate;timezone_ambiguity;multiple_mountains_for_candidate,
339,城山,summit-candidate:36e3ac8003e8b5d0,10,7,0.55,low,v3_conflict_case,fallback_name_only_review,yamap_2022-01-28_12_28.gpx,尾ノ峰・新城山・腰折山・恵良山,NaN,NaN,,NaN,,,,strong,true,municipality_mismatch;missing_csv_coordinate;timezone_ambiguity;multiple_mountains_for_candidate,
339,城山,summit-candidate:3a491eecbf684185,11,9,0.55,low,v3_conflict_case,fallback_name_only_review,yamap_2024-03-10_07_12.gpx,夫婦山・白山・観音山・国見山・城山・御勧請山,NaN,NaN,,NaN,,,,strong,true,municipality_mismatch;missing_csv_coordinate;timezone_ambiguity;multiple_mountains_for_candidate,
339,城山,summit-candidate:3e9348428f22a320,12,9,0.55,low,v3_conflict_case,fallback_name_only_review,yamap_2024-03-10_07_12.gpx,夫婦山・白山・観音山・国見山・城山・御勧請山,NaN,NaN,,NaN,,,,strong,true,municipality_mismatch;missing_csv_coordinate;timezone_ambiguity;multiple_mountains_for_candidate,
339,城山,summit-candidate:40068653b28bad40,13,11,0.55,low,v3_conflict_case,fallback_name_only_review,yamap_2022-04-08_09_33.gpx,鬼ヶ城山・大久保山・八面山・三本杭・横ノ森・小屋ヶ森・毛山,NaN,NaN,,NaN,,,,strong,true,municipality_mismatch;missing_csv_coordinate;timezone_ambiguity;multiple_mountains_for_candidate,
339,城山,summit-candidate:40260be41579ab8f,14,7,0.55,low,v3_conflict_case,fallback_name_only_review,yamap_2022-01-28_12_28.gpx,尾ノ峰・新城山・腰折山・恵良山,NaN,NaN,,NaN,,,,strong,true,municipality_mismatch;missing_csv_coordinate;timezone_ambiguity;multiple_mountains_for_candidate,
339,城山,summit-candidate:7ceb76663c2bb81b,15,11,0.55,low,v3_conflict_case,fallback_name_only_review,yamap_2022-04-08_09_33.gpx,鬼ヶ城山・大久保山・八面山・三本杭・横ノ森・小屋ヶ森・毛山,NaN,NaN,,NaN,,,,strong,true,municipality_mismatch;missing_csv_coordinate;timezone_ambiguity;multiple_mountains_for_candidate,
339,城山,summit-candidate:7d7066baad9d7077,16,5,0.55,low,v3_conflict_case,fallback_name_only_review,yamap_2022-03-03_10_47.gpx,奥之城山・ヌタノサコ,NaN,NaN,,NaN,,,,strong,true,municipality_mismatch;missing_csv_coordinate;timezone_ambiguity;multiple_mountains_for_candidate,
339,城山,summit-candidate:91ebf1d99654d5b2,17,11,0.55,low,v3_conflict_case,fallback_name_only_review,yamap_2022-04-08_09_33.gpx,鬼ヶ城山・大久保山・八面山・三本杭・横ノ森・小屋ヶ森・毛山,NaN,NaN,,NaN,,,,strong,true,municipality_mismatch;missing_csv_coordinate;timezone_ambiguity;multiple_mountains_for_candidate,
339,城山,summit-candidate:9fe27d7d4a51aa70,18,4,0.55,low,v3_conflict_case,fallback_name_only_review,yamap_2026-03-04_06_40.gpx,登議城山,NaN,NaN,,NaN,,,,strong,true,municipality_mismatch;missing_csv_coordinate;timezone_ambiguity;multiple_mountains_for_candidate,
339,城山,summit-candidate:ac7a1ebef52ea30c,19,7,0.55,low,v3_conflict_case,fallback_name_only_review,yamap_2022-01-28_12_28.gpx,尾ノ峰・新城山・腰折山・恵良山,NaN,NaN,,NaN,,,,strong,true,municipality_mismatch;missing_csv_coordinate;timezone_ambiguity;multiple_mountains_for_candidate,
339,城山,summit-candidate:babbcdf7bbd23463,20,11,0.55,low,v3_conflict_case,fallback_name_only_review,yamap_2022-04-08_09_33.gpx,鬼ヶ城山・大久保山・八面山・三本杭・横ノ森・小屋ヶ森・毛山,NaN,NaN,,NaN,,,,strong,true,municipality_mismatch;missing_csv_coordinate;timezone_ambiguity;multiple_mountains_for_candidate,
339,城山,summit-candidate:c1f175d0616be696,21,5,0.55,low,v3_conflict_case,fallback_name_only_review,yamap_2022-03-05_09_44.gpx,城山・水梨山・向山,NaN,NaN,,NaN,,,,strong,true,municipality_mismatch;missing_csv_coordinate;timezone_ambiguity;multiple_mountains_for_candidate,
339,城山,summit-candidate:cf1e11202c4f4280,22,5,0.55,low,v3_conflict_case,fallback_name_only_review,yamap_2022-03-05_09_44.gpx,城山・水梨山・向山,NaN,NaN,,NaN,,,,strong,true,municipality_mismatch;missing_csv_coordinate;timezone_ambiguity;multiple_mountains_for_candidate,
339,城山,summit-candidate:cf29543e6beaa1ec,23,9,0.55,low,v3_conflict_case,fallback_name_only_review,yamap_2024-03-10_07_12.gpx,夫婦山・白山・観音山・国見山・城山・御勧請山,NaN,NaN,,NaN,,,,strong,true,municipality_mismatch;missing_csv_coordinate;timezone_ambiguity;multiple_mountains_for_candidate,
339,城山,summit-candidate:d19542a61a416537,24,9,0.55,low,v3_conflict_case,fallback_name_only_review,yamap_2024-03-10_07_12.gpx,夫婦山・白山・観音山・国見山・城山・御勧請山,NaN,NaN,,NaN,,,,strong,true,municipality_mismatch;missing_csv_coordinate;timezone_ambiguity;multiple_mountains_for_candidate,
339,城山,summit-candidate:d6b806525709cc22,25,7,0.55,low,v3_conflict_case,fallback_name_only_review,yamap_2022-01-28_12_28.gpx,尾ノ峰・新城山・腰折山・恵良山,NaN,NaN,,NaN,,,,strong,true,municipality_mismatch;missing_csv_coordinate;timezone_ambiguity;multiple_mountains_for_candidate,
339,城山,summit-candidate:ea33d870d4700a56,26,5,0.55,low,v3_conflict_case,fallback_name_only_review,yamap_2022-03-03_10_47.gpx,奥之城山・ヌタノサコ,NaN,NaN,,NaN,,,,strong,true,municipality_mismatch;missing_csv_coordinate;timezone_ambiguity;multiple_mountains_for_candidate,
339,城山,summit-candidate:edd15dad4a862cba,27,5,0.55,low,v3_conflict_case,fallback_name_only_review,yamap_2022-03-05_09_44.gpx,城山・水梨山・向山,NaN,NaN,,NaN,,,,strong,true,municipality_mismatch;missing_csv_coordinate;timezone_ambiguity;multiple_mountains_for_candidate,
339,城山,summit-candidate:f028aab45221cee6,28,4,0.55,low,v3_conflict_case,fallback_name_only_review,yamap_2025-12-20_07_28.gpx,池ノ城山,NaN,NaN,,NaN,,,,strong,true,municipality_mismatch;missing_csv_coordinate;timezone_ambiguity;multiple_mountains_for_candidate,
340,本尊山,summit-candidate:0bd3d051cdb972fd,1,1,0.65,medium,v3_conflict_case,fallback_name_municipality,yamap_2024-12-08_06_59.gpx,本尊山・秋葉山・立烏帽子山・明神山,NaN,NaN,,NaN,,,,strong,true,missing_csv_coordinate;timezone_ambiguity;multiple_mountains_for_candidate;near_tie_candidates_for_mountain,
340,本尊山,summit-candidate:23316af255d30882,2,1,0.65,medium,v3_conflict_case,fallback_name_municipality,yamap_2024-12-08_06_59.gpx,本尊山・秋葉山・立烏帽子山・明神山,NaN,NaN,,NaN,,,,strong,true,missing_csv_coordinate;timezone_ambiguity;multiple_mountains_for_candidate;near_tie_candidates_for_mountain,
340,本尊山,summit-candidate:f12898f5821b63b8,3,1,0.65,medium,v3_conflict_case,fallback_name_municipality,yamap_2024-12-08_06_59.gpx,本尊山・秋葉山・立烏帽子山・明神山,NaN,NaN,,NaN,,,,strong,true,missing_csv_coordinate;timezone_ambiguity;multiple_mountains_for_candidate;near_tie_candidates_for_mountain,
341,秋葉山,summit-candidate:0bd3d051cdb972fd,1,2,0.65,medium,v3_conflict_case,fallback_name_municipality,yamap_2024-12-08_06_59.gpx,本尊山・秋葉山・立烏帽子山・明神山,NaN,NaN,,NaN,,,,strong,true,missing_csv_coordinate;timezone_ambiguity;multiple_mountains_for_candidate;near_tie_candidates_for_mountain,
341,秋葉山,summit-candidate:23316af255d30882,2,2,0.65,medium,v3_conflict_case,fallback_name_municipality,yamap_2024-12-08_06_59.gpx,本尊山・秋葉山・立烏帽子山・明神山,NaN,NaN,,NaN,,,,strong,true,missing_csv_coordinate;timezone_ambiguity;multiple_mountains_for_candidate;near_tie_candidates_for_mountain,
341,秋葉山,summit-candidate:f12898f5821b63b8,3,2,0.65,medium,v3_conflict_case,fallback_name_municipality,yamap_2024-12-08_06_59.gpx,本尊山・秋葉山・立烏帽子山・明神山,NaN,NaN,,NaN,,,,strong,true,missing_csv_coordinate;timezone_ambiguity;multiple_mountains_for_candidate;near_tie_candidates_for_mountain,
342,立烏帽子山,summit-candidate:0bd3d051cdb972fd,1,3,0.65,medium,v3_conflict_case,fallback_name_municipality,yamap_2024-12-08_06_59.gpx,本尊山・秋葉山・立烏帽子山・明神山,NaN,NaN,,,,,,strong,true,grounding_missing;missing_csv_coordinate;timezone_ambiguity;multiple_mountains_for_candidate;near_tie_candidates_for_mountain,
342,立烏帽子山,summit-candidate:23316af255d30882,2,3,0.65,medium,v3_conflict_case,fallback_name_municipality,yamap_2024-12-08_06_59.gpx,本尊山・秋葉山・立烏帽子山・明神山,NaN,NaN,,,,,,strong,true,grounding_missing;missing_csv_coordinate;timezone_ambiguity;multiple_mountains_for_candidate;near_tie_candidates_for_mountain,
342,立烏帽子山,summit-candidate:f12898f5821b63b8,3,3,0.65,medium,v3_conflict_case,fallback_name_municipality,yamap_2024-12-08_06_59.gpx,本尊山・秋葉山・立烏帽子山・明神山,NaN,NaN,,,,,,strong,true,grounding_missing;missing_csv_coordinate;timezone_ambiguity;multiple_mountains_for_candidate;near_tie_candidates_for_mountain,
343,明神山,summit-candidate:0bd3d051cdb972fd,1,4,0.65,medium,v3_conflict_case,fallback_name_municipality,yamap_2024-12-08_06_59.gpx,本尊山・秋葉山・立烏帽子山・明神山,NaN,NaN,,NaN,,,,strong,true,missing_csv_coordinate;timezone_ambiguity;multiple_mountains_for_candidate;near_tie_candidates_for_mountain,
343,明神山,summit-candidate:23316af255d30882,2,4,0.65,medium,v3_conflict_case,fallback_name_municipality,yamap_2024-12-08_06_59.gpx,本尊山・秋葉山・立烏帽子山・明神山,NaN,NaN,,NaN,,,,strong,true,missing_csv_coordinate;timezone_ambiguity;multiple_mountains_for_candidate;near_tie_candidates_for_mountain,
343,明神山,summit-candidate:a0c5556d9432a199,3,4,0.65,medium,v3_conflict_case,fallback_name_municipality,yamap_2024-09-23_07_35.gpx,中津山(明神山)・猿越山,NaN,NaN,,NaN,,,,strong,true,missing_csv_coordinate;timezone_ambiguity;multiple_mountains_for_candidate;near_tie_candidates_for_mountain,
343,明神山,summit-candidate:bd875ddf4679d1f7,4,4,0.65,medium,v3_conflict_case,fallback_name_municipality,yamap_2024-09-23_07_35.gpx,中津山(明神山)・猿越山,NaN,NaN,,NaN,,,,strong,true,missing_csv_coordinate;timezone_ambiguity;multiple_mountains_for_candidate;near_tie_candidates_for_mountain,
343,明神山,summit-candidate:eb3b108c5d508377,5,4,0.65,medium,v3_conflict_case,fallback_name_municipality,yamap_2024-09-23_07_35.gpx,中津山(明神山)・猿越山,NaN,NaN,,NaN,,,,strong,true,missing_csv_coordinate;timezone_ambiguity;multiple_mountains_for_candidate;near_tie_candidates_for_mountain,
343,明神山,summit-candidate:f12898f5821b63b8,6,4,0.65,medium,v3_conflict_case,fallback_name_municipality,yamap_2024-12-08_06_59.gpx,本尊山・秋葉山・立烏帽子山・明神山,NaN,NaN,,NaN,,,,strong,true,missing_csv_coordinate;timezone_ambiguity;multiple_mountains_for_candidate;near_tie_candidates_for_mountain,
343,明神山,summit-candidate:3259dfe3d9ce60c5,7,4,0.55,low,v3_conflict_case,fallback_name_only_review,yamap_2022-03-23_07_38.gpx,明神山・潮見山,NaN,NaN,,NaN,,,,strong,true,municipality_mismatch;missing_csv_coordinate;timezone_ambiguity;multiple_mountains_for_candidate;near_tie_candidates_for_mountain,
343,明神山,summit-candidate:45439217573adfc4,8,4,0.55,low,v3_conflict_case,fallback_name_only_review,yamap_2022-03-23_07_38.gpx,明神山・潮見山,NaN,NaN,,NaN,,,,strong,true,municipality_mismatch;missing_csv_coordinate;timezone_ambiguity;multiple_mountains_for_candidate;near_tie_candidates_for_mountain,
343,明神山,summit-candidate:fec0bb942061619b,9,4,0.55,low,v3_conflict_case,fallback_name_only_review,yamap_2024-09-23_07_35.gpx,中津山(明神山)・猿越山,NaN,NaN,,NaN,,,,strong,true,municipality_mismatch;missing_csv_coordinate;timezone_ambiguity;multiple_mountains_for_candidate;near_tie_candidates_for_mountain,
344,陣が森,summit-candidate:6b0155a434d72d79,1,1,0.65,medium,v3_conflict_case,fallback_name_municipality,yamap_2024-12-15_07_21.gpx,陣が森・岩が森・スクモ塚・高萩山・長者森,NaN,NaN,,NaN,,,,strong,true,missing_csv_coordinate;timezone_ambiguity;multiple_mountains_for_candidate;near_tie_candidates_for_mountain,
344,陣が森,summit-candidate:c195c34fb7e38d7a,2,1,0.65,medium,v3_conflict_case,fallback_name_municipality,yamap_2024-12-15_07_21.gpx,陣が森・岩が森・スクモ塚・高萩山・長者森,NaN,NaN,,NaN,,,,strong,true,missing_csv_coordinate;timezone_ambiguity;multiple_mountains_for_candidate;near_tie_candidates_for_mountain,
344,陣が森,summit-candidate:d8270fc572efc0b2,3,1,0.65,medium,v3_conflict_case,fallback_name_municipality,yamap_2024-12-15_07_21.gpx,陣が森・岩が森・スクモ塚・高萩山・長者森,NaN,NaN,,NaN,,,,strong,true,missing_csv_coordinate;timezone_ambiguity;multiple_mountains_for_candidate;near_tie_candidates_for_mountain,
344,陣が森,summit-candidate:f0a03b36c279ddd3,4,1,0.65,medium,v3_conflict_case,fallback_name_municipality,yamap_2024-12-15_07_21.gpx,陣が森・岩が森・スクモ塚・高萩山・長者森,NaN,NaN,,NaN,,,,strong,true,missing_csv_coordinate;timezone_ambiguity;multiple_mountains_for_candidate;near_tie_candidates_for_mountain,
344,陣が森,summit-candidate:1fd59e0e67624706,5,2,0.55,low,v3_conflict_case,fallback_name_only_review,yamap_2026-01-11_10_38.gpx,陣が森岳,NaN,NaN,,NaN,,,,strong,true,municipality_mismatch;missing_csv_coordinate;timezone_ambiguity;multiple_mountains_for_candidate;near_tie_candidates_for_mountain,
344,陣が森,summit-candidate:bcc05b721653749f,6,2,0.55,low,v3_conflict_case,fallback_name_only_review,yamap_2024-12-15_07_21.gpx,陣が森・岩が森・スクモ塚・高萩山・長者森,NaN,NaN,,NaN,,,,strong,true,municipality_mismatch;missing_csv_coordinate;timezone_ambiguity;multiple_mountains_for_candidate;near_tie_candidates_for_mountain,
345,岩が森,summit-candidate:6b0155a434d72d79,1,2,0.65,medium,v3_conflict_case,fallback_name_municipality,yamap_2024-12-15_07_21.gpx,陣が森・岩が森・スクモ塚・高萩山・長者森,NaN,NaN,,NaN,,,,strong,true,missing_csv_coordinate;timezone_ambiguity;multiple_mountains_for_candidate;near_tie_candidates_for_mountain,
345,岩が森,summit-candidate:c195c34fb7e38d7a,2,2,0.65,medium,v3_conflict_case,fallback_name_municipality,yamap_2024-12-15_07_21.gpx,陣が森・岩が森・スクモ塚・高萩山・長者森,NaN,NaN,,NaN,,,,strong,true,missing_csv_coordinate;timezone_ambiguity;multiple_mountains_for_candidate;near_tie_candidates_for_mountain,
345,岩が森,summit-candidate:d8270fc572efc0b2,3,2,0.65,medium,v3_conflict_case,fallback_name_municipality,yamap_2024-12-15_07_21.gpx,陣が森・岩が森・スクモ塚・高萩山・長者森,NaN,NaN,,NaN,,,,strong,true,missing_csv_coordinate;timezone_ambiguity;multiple_mountains_for_candidate;near_tie_candidates_for_mountain,
345,岩が森,summit-candidate:f0a03b36c279ddd3,4,2,0.65,medium,v3_conflict_case,fallback_name_municipality,yamap_2024-12-15_07_21.gpx,陣が森・岩が森・スクモ塚・高萩山・長者森,NaN,NaN,,NaN,,,,strong,true,missing_csv_coordinate;timezone_ambiguity;multiple_mountains_for_candidate;near_tie_candidates_for_mountain,
345,岩が森,summit-candidate:bcc05b721653749f,5,3,0.55,low,v3_conflict_case,fallback_name_only_review,yamap_2024-12-15_07_21.gpx,陣が森・岩が森・スクモ塚・高萩山・長者森,NaN,NaN,,NaN,,,,strong,true,municipality_mismatch;missing_csv_coordinate;timezone_ambiguity;multiple_mountains_for_candidate;near_tie_candidates_for_mountain,
346,スクモ塚,summit-candidate:6b0155a434d72d79,1,3,0.65,medium,v3_conflict_case,fallback_name_municipality,yamap_2024-12-15_07_21.gpx,陣が森・岩が森・スクモ塚・高萩山・長者森,NaN,NaN,,,,,,strong,true,grounding_missing;missing_csv_coordinate;timezone_ambiguity;multiple_mountains_for_candidate;near_tie_candidates_for_mountain,
346,スクモ塚,summit-candidate:c195c34fb7e38d7a,2,3,0.65,medium,v3_conflict_case,fallback_name_municipality,yamap_2024-12-15_07_21.gpx,陣が森・岩が森・スクモ塚・高萩山・長者森,NaN,NaN,,,,,,strong,true,grounding_missing;missing_csv_coordinate;timezone_ambiguity;multiple_mountains_for_candidate;near_tie_candidates_for_mountain,
346,スクモ塚,summit-candidate:d8270fc572efc0b2,3,3,0.65,medium,v3_conflict_case,fallback_name_municipality,yamap_2024-12-15_07_21.gpx,陣が森・岩が森・スクモ塚・高萩山・長者森,NaN,NaN,,,,,,strong,true,grounding_missing;missing_csv_coordinate;timezone_ambiguity;multiple_mountains_for_candidate;near_tie_candidates_for_mountain,
346,スクモ塚,summit-candidate:f0a03b36c279ddd3,4,3,0.65,medium,v3_conflict_case,fallback_name_municipality,yamap_2024-12-15_07_21.gpx,陣が森・岩が森・スクモ塚・高萩山・長者森,NaN,NaN,,,,,,strong,true,grounding_missing;missing_csv_coordinate;timezone_ambiguity;multiple_mountains_for_candidate;near_tie_candidates_for_mountain,
346,スクモ塚,summit-candidate:bcc05b721653749f,5,4,0.55,low,v3_conflict_case,fallback_name_only_review,yamap_2024-12-15_07_21.gpx,陣が森・岩が森・スクモ塚・高萩山・長者森,NaN,NaN,,,,,,strong,true,grounding_missing;municipality_mismatch;missing_csv_coordinate;timezone_ambiguity;multiple_mountains_for_candidate;near_tie_candidates_for_mountain,
347,高萩山,summit-candidate:6b0155a434d72d79,1,4,0.65,medium,v3_conflict_case,fallback_name_municipality,yamap_2024-12-15_07_21.gpx,陣が森・岩が森・スクモ塚・高萩山・長者森,NaN,NaN,,NaN,,,,strong,true,missing_csv_coordinate;timezone_ambiguity;multiple_mountains_for_candidate;near_tie_candidates_for_mountain,
347,高萩山,summit-candidate:c195c34fb7e38d7a,2,4,0.65,medium,v3_conflict_case,fallback_name_municipality,yamap_2024-12-15_07_21.gpx,陣が森・岩が森・スクモ塚・高萩山・長者森,NaN,NaN,,NaN,,,,strong,true,missing_csv_coordinate;timezone_ambiguity;multiple_mountains_for_candidate;near_tie_candidates_for_mountain,
347,高萩山,summit-candidate:d8270fc572efc0b2,3,4,0.65,medium,v3_conflict_case,fallback_name_municipality,yamap_2024-12-15_07_21.gpx,陣が森・岩が森・スクモ塚・高萩山・長者森,NaN,NaN,,NaN,,,,strong,true,missing_csv_coordinate;timezone_ambiguity;multiple_mountains_for_candidate;near_tie_candidates_for_mountain,
347,高萩山,summit-candidate:f0a03b36c279ddd3,4,4,0.65,medium,v3_conflict_case,fallback_name_municipality,yamap_2024-12-15_07_21.gpx,陣が森・岩が森・スクモ塚・高萩山・長者森,NaN,NaN,,NaN,,,,strong,true,missing_csv_coordinate;timezone_ambiguity;multiple_mountains_for_candidate;near_tie_candidates_for_mountain,
347,高萩山,summit-candidate:bcc05b721653749f,5,5,0.55,low,v3_conflict_case,fallback_name_only_review,yamap_2024-12-15_07_21.gpx,陣が森・岩が森・スクモ塚・高萩山・長者森,NaN,NaN,,NaN,,,,strong,true,municipality_mismatch;missing_csv_coordinate;timezone_ambiguity;multiple_mountains_for_candidate;near_tie_candidates_for_mountain,
348,長者森,summit-candidate:6b0155a434d72d79,1,5,0.65,medium,v3_conflict_case,fallback_name_municipality,yamap_2024-12-15_07_21.gpx,陣が森・岩が森・スクモ塚・高萩山・長者森,NaN,NaN,,,,,,strong,true,grounding_missing;missing_csv_coordinate;timezone_ambiguity;multiple_mountains_for_candidate;near_tie_candidates_for_mountain,
348,長者森,summit-candidate:bcc05b721653749f,2,1,0.65,medium,v3_conflict_case,fallback_name_municipality,yamap_2024-12-15_07_21.gpx,陣が森・岩が森・スクモ塚・高萩山・長者森,NaN,NaN,,,,,,strong,true,grounding_missing;missing_csv_coordinate;timezone_ambiguity;multiple_mountains_for_candidate;near_tie_candidates_for_mountain,
348,長者森,summit-candidate:c195c34fb7e38d7a,3,5,0.65,medium,v3_conflict_case,fallback_name_municipality,yamap_2024-12-15_07_21.gpx,陣が森・岩が森・スクモ塚・高萩山・長者森,NaN,NaN,,,,,,strong,true,grounding_missing;missing_csv_coordinate;timezone_ambiguity;multiple_mountains_for_candidate;near_tie_candidates_for_mountain,
348,長者森,summit-candidate:f0a03b36c279ddd3,4,5,0.65,medium,v3_conflict_case,fallback_name_municipality,yamap_2024-12-15_07_21.gpx,陣が森・岩が森・スクモ塚・高萩山・長者森,NaN,NaN,,,,,,strong,true,grounding_missing;missing_csv_coordinate;timezone_ambiguity;multiple_mountains_for_candidate;near_tie_candidates_for_mountain,
348,長者森,summit-candidate:d8270fc572efc0b2,5,5,0.55,low,v3_conflict_case,fallback_name_only_review,yamap_2024-12-15_07_21.gpx,陣が森・岩が森・スクモ塚・高萩山・長者森,NaN,NaN,,,,,,strong,true,grounding_missing;municipality_mismatch;missing_csv_coordinate;timezone_ambiguity;multiple_mountains_for_candidate;near_tie_candidates_for_mountain,
349,八倉山,summit-candidate:cfd366be872f9534,1,1,0.65,medium,v3_conflict_case,fallback_name_municipality,yamap_2024-12-22_06_34.gpx,八倉山・行道山・水晶ヶ森,NaN,NaN,,NaN,,,,strong,true,missing_csv_coordinate;timezone_ambiguity;multiple_mountains_for_candidate,
349,八倉山,summit-candidate:4973965873779cdc,2,1,0.55,low,v3_conflict_case,fallback_name_only_review,yamap_2024-12-22_06_34.gpx,八倉山・行道山・水晶ヶ森,NaN,NaN,,NaN,,,,strong,true,municipality_mismatch;missing_csv_coordinate;timezone_ambiguity;multiple_mountains_for_candidate,
350,行道山,summit-candidate:cfd366be872f9534,1,2,0.65,medium,v3_conflict_case,fallback_name_municipality,yamap_2024-12-22_06_34.gpx,八倉山・行道山・水晶ヶ森,NaN,NaN,,NaN,,,,strong,true,missing_csv_coordinate;timezone_ambiguity;multiple_mountains_for_candidate,
350,行道山,summit-candidate:4973965873779cdc,2,2,0.55,low,v3_conflict_case,fallback_name_only_review,yamap_2024-12-22_06_34.gpx,八倉山・行道山・水晶ヶ森,NaN,NaN,,NaN,,,,strong,true,municipality_mismatch;missing_csv_coordinate;timezone_ambiguity;multiple_mountains_for_candidate,
351,水晶ヶ森,summit-candidate:cfd366be872f9534,1,3,0.65,medium,v3_conflict_case,fallback_name_municipality,yamap_2024-12-22_06_34.gpx,八倉山・行道山・水晶ヶ森,NaN,NaN,,NaN,,,,strong,true,missing_csv_coordinate;timezone_ambiguity;multiple_mountains_for_candidate,
351,水晶ヶ森,summit-candidate:4973965873779cdc,2,3,0.55,low,v3_conflict_case,fallback_name_only_review,yamap_2024-12-22_06_34.gpx,八倉山・行道山・水晶ヶ森,NaN,NaN,,NaN,,,,strong,true,municipality_mismatch;missing_csv_coordinate;timezone_ambiguity;multiple_mountains_for_candidate,
352,笹ヶ平山,summit-candidate:4416099ca0f9da08,1,1,0.65,medium,v3_candidate_review_required,fallback_name_municipality,yamap_2024-12-22_10_25.gpx,笹ヶ平山,NaN,NaN,,NaN,,,,strong,true,missing_csv_coordinate;timezone_ambiguity,
353,壺神山,summit-candidate:0048d4d3a7981b80,1,1,0.65,medium,v3_conflict_case,fallback_name_municipality,yamap_2025-01-03_07_19.gpx,壺神山・滝山・足山・皿が森,NaN,NaN,,NaN,,,,strong,true,missing_csv_coordinate;timezone_ambiguity;multiple_mountains_for_candidate;near_tie_candidates_for_mountain,
353,壺神山,summit-candidate:38105da918da8262,2,1,0.65,medium,v3_conflict_case,fallback_name_municipality,yamap_2025-01-03_07_19.gpx,壺神山・滝山・足山・皿が森,NaN,NaN,,NaN,,,,strong,true,missing_csv_coordinate;timezone_ambiguity;multiple_mountains_for_candidate;near_tie_candidates_for_mountain,
353,壺神山,summit-candidate:4db5b3ffd85092bf,3,1,0.65,medium,v3_conflict_case,fallback_name_municipality,yamap_2025-01-03_07_19.gpx,壺神山・滝山・足山・皿が森,NaN,NaN,,NaN,,,,strong,true,missing_csv_coordinate;timezone_ambiguity;multiple_mountains_for_candidate;near_tie_candidates_for_mountain,
353,壺神山,summit-candidate:9306f5a7fe249a15,4,1,0.65,medium,v3_conflict_case,fallback_name_municipality,yamap_2025-01-03_07_19.gpx,壺神山・滝山・足山・皿が森,NaN,NaN,,NaN,,,,strong,true,missing_csv_coordinate;timezone_ambiguity;multiple_mountains_for_candidate;near_tie_candidates_for_mountain,
353,壺神山,summit-candidate:c58c0ba7145621b9,5,1,0.65,medium,v3_conflict_case,fallback_name_municipality,yamap_2025-01-03_07_19.gpx,壺神山・滝山・足山・皿が森,NaN,NaN,,NaN,,,,strong,true,missing_csv_coordinate;timezone_ambiguity;multiple_mountains_for_candidate;near_tie_candidates_for_mountain,
354,滝山,summit-candidate:0048d4d3a7981b80,1,2,0.65,medium,v3_conflict_case,fallback_name_municipality,yamap_2025-01-03_07_19.gpx,壺神山・滝山・足山・皿が森,NaN,NaN,,,,,,strong,true,grounding_missing;missing_csv_coordinate;timezone_ambiguity;multiple_mountains_for_candidate;near_tie_candidates_for_mountain,
354,滝山,summit-candidate:124ae25a51aa9a64,2,6,0.65,medium,v3_conflict_case,fallback_name_municipality,yamap_2022-05-15_06_10.gpx,割石東山・青滝山・堂ヶ森,NaN,NaN,,,,,,strong,true,grounding_missing;missing_csv_coordinate;timezone_ambiguity;multiple_mountains_for_candidate;near_tie_candidates_for_mountain,
354,滝山,summit-candidate:242762a3c600ff91,3,6,0.65,medium,v3_conflict_case,fallback_name_municipality,yamap_2022-05-15_06_10.gpx,割石東山・青滝山・堂ヶ森,NaN,NaN,,,,,,strong,true,grounding_missing;missing_csv_coordinate;timezone_ambiguity;multiple_mountains_for_candidate;near_tie_candidates_for_mountain,
354,滝山,summit-candidate:2b97141dc260a078,4,6,0.65,medium,v3_conflict_case,fallback_name_municipality,yamap_2022-05-15_06_10.gpx,割石東山・青滝山・堂ヶ森,NaN,NaN,,,,,,strong,true,grounding_missing;missing_csv_coordinate;timezone_ambiguity;multiple_mountains_for_candidate;near_tie_candidates_for_mountain,
354,滝山,summit-candidate:2c817617699a0a45,5,9,0.65,medium,v3_conflict_case,fallback_name_municipality,yamap_2022-02-06_08_26.gpx,谷上山・権現山・白滝山・障子山,NaN,NaN,,,,,,strong,true,grounding_missing;missing_csv_coordinate;timezone_ambiguity;multiple_mountains_for_candidate;near_tie_candidates_for_mountain,
354,滝山,summit-candidate:38105da918da8262,6,2,0.65,medium,v3_conflict_case,fallback_name_municipality,yamap_2025-01-03_07_19.gpx,壺神山・滝山・足山・皿が森,NaN,NaN,,,,,,strong,true,grounding_missing;missing_csv_coordinate;timezone_ambiguity;multiple_mountains_for_candidate;near_tie_candidates_for_mountain,
354,滝山,summit-candidate:4db5b3ffd85092bf,7,2,0.65,medium,v3_conflict_case,fallback_name_municipality,yamap_2025-01-03_07_19.gpx,壺神山・滝山・足山・皿が森,NaN,NaN,,,,,,strong,true,grounding_missing;missing_csv_coordinate;timezone_ambiguity;multiple_mountains_for_candidate;near_tie_candidates_for_mountain,
354,滝山,summit-candidate:9306f5a7fe249a15,8,2,0.65,medium,v3_conflict_case,fallback_name_municipality,yamap_2025-01-03_07_19.gpx,壺神山・滝山・足山・皿が森,NaN,NaN,,,,,,strong,true,grounding_missing;missing_csv_coordinate;timezone_ambiguity;multiple_mountains_for_candidate;near_tie_candidates_for_mountain,
354,滝山,summit-candidate:a0ef25e9a532b62e,9,9,0.65,medium,v3_conflict_case,fallback_name_municipality,yamap_2022-02-06_08_26.gpx,谷上山・権現山・白滝山・障子山,NaN,NaN,,,,,,strong,true,grounding_missing;missing_csv_coordinate;timezone_ambiguity;multiple_mountains_for_candidate;near_tie_candidates_for_mountain,
354,滝山,summit-candidate:c58c0ba7145621b9,10,2,0.65,medium,v3_conflict_case,fallback_name_municipality,yamap_2025-01-03_07_19.gpx,壺神山・滝山・足山・皿が森,NaN,NaN,,,,,,strong,true,grounding_missing;missing_csv_coordinate;timezone_ambiguity;multiple_mountains_for_candidate;near_tie_candidates_for_mountain,
354,滝山,summit-candidate:c94d8d76133fda1a,11,9,0.65,medium,v3_conflict_case,fallback_name_municipality,yamap_2022-02-06_08_26.gpx,谷上山・権現山・白滝山・障子山,NaN,NaN,,,,,,strong,true,grounding_missing;missing_csv_coordinate;timezone_ambiguity;multiple_mountains_for_candidate;near_tie_candidates_for_mountain,
354,滝山,summit-candidate:ea5f711625df386b,12,9,0.65,medium,v3_conflict_case,fallback_name_municipality,yamap_2022-02-06_08_26.gpx,谷上山・権現山・白滝山・障子山,NaN,NaN,,,,,,strong,true,grounding_missing;missing_csv_coordinate;timezone_ambiguity;multiple_mountains_for_candidate;near_tie_candidates_for_mountain,
354,滝山,summit-candidate:0eff3d1ea2b48d73,13,9,0.55,low,v3_conflict_case,fallback_name_only_review,yamap_2022-02-06_08_26.gpx,谷上山・権現山・白滝山・障子山,NaN,NaN,,,,,,strong,true,grounding_missing;municipality_mismatch;missing_csv_coordinate;timezone_ambiguity;multiple_mountains_for_candidate;near_tie_candidates_for_mountain,
354,滝山,summit-candidate:4b33f9c73e644793,14,6,0.55,low,v3_conflict_case,fallback_name_only_review,yamap_2022-05-15_06_10.gpx,割石東山・青滝山・堂ヶ森,NaN,NaN,,,,,,strong,true,grounding_missing;municipality_mismatch;missing_csv_coordinate;timezone_ambiguity;multiple_mountains_for_candidate;near_tie_candidates_for_mountain,
354,滝山,summit-candidate:57e8c6cb102c9500,15,6,0.55,low,v3_conflict_case,fallback_name_only_review,yamap_2022-05-15_06_10.gpx,割石東山・青滝山・堂ヶ森,NaN,NaN,,,,,,strong,true,grounding_missing;municipality_mismatch;missing_csv_coordinate;timezone_ambiguity;multiple_mountains_for_candidate;near_tie_candidates_for_mountain,
354,滝山,summit-candidate:9669b668bebfc145,16,3,0.55,low,v3_conflict_case,fallback_name_only_review,yamap_2023-04-18_10_53.gpx,黒滝山・木久ヶ森,NaN,NaN,,,,,,strong,true,grounding_missing;municipality_mismatch;missing_csv_coordinate;timezone_ambiguity;multiple_mountains_for_candidate;near_tie_candidates_for_mountain,
354,滝山,summit-candidate:aa6060fe8a831f45,17,2,0.55,low,v3_conflict_case,fallback_name_only_review,yamap_2024-05-11_13_46.gpx,丸滝山,NaN,NaN,,,,,,strong,true,grounding_missing;municipality_mismatch;missing_csv_coordinate;timezone_ambiguity;multiple_mountains_for_candidate;near_tie_candidates_for_mountain,
354,滝山,summit-candidate:bb644412fd9a132c,18,6,0.55,low,v3_conflict_case,fallback_name_only_review,yamap_2022-05-15_06_10.gpx,割石東山・青滝山・堂ヶ森,NaN,NaN,,,,,,strong,true,grounding_missing;municipality_mismatch;missing_csv_coordinate;timezone_ambiguity;multiple_mountains_for_candidate;near_tie_candidates_for_mountain,
354,滝山,summit-candidate:da65a16f23740e83,19,2,0.55,low,v3_conflict_case,fallback_name_only_review,yamap_2022-04-22_12_22.gpx,三滝山,NaN,NaN,,,,,,strong,true,grounding_missing;municipality_mismatch;missing_csv_coordinate;timezone_ambiguity;multiple_mountains_for_candidate;near_tie_candidates_for_mountain,
355,足山,summit-candidate:0048d4d3a7981b80,1,3,0.65,medium,v3_conflict_case,fallback_name_municipality,yamap_2025-01-03_07_19.gpx,壺神山・滝山・足山・皿が森,NaN,NaN,,NaN,,,,strong,true,missing_csv_coordinate;timezone_ambiguity;multiple_mountains_for_candidate;near_tie_candidates_for_mountain,
355,足山,summit-candidate:38105da918da8262,2,3,0.65,medium,v3_conflict_case,fallback_name_municipality,yamap_2025-01-03_07_19.gpx,壺神山・滝山・足山・皿が森,NaN,NaN,,NaN,,,,strong,true,missing_csv_coordinate;timezone_ambiguity;multiple_mountains_for_candidate;near_tie_candidates_for_mountain,
355,足山,summit-candidate:4db5b3ffd85092bf,3,3,0.65,medium,v3_conflict_case,fallback_name_municipality,yamap_2025-01-03_07_19.gpx,壺神山・滝山・足山・皿が森,NaN,NaN,,NaN,,,,strong,true,missing_csv_coordinate;timezone_ambiguity;multiple_mountains_for_candidate;near_tie_candidates_for_mountain,
355,足山,summit-candidate:851dc9683d2d7442,4,6,0.65,medium,v3_conflict_case,fallback_name_municipality,yamap_2024-10-14_04_48.gpx,三ッ足山・カガマシ山・橡尾山・笹ヶ峰,NaN,NaN,,NaN,,,,strong,true,missing_csv_coordinate;timezone_ambiguity;multiple_mountains_for_candidate;near_tie_candidates_for_mountain,
355,足山,summit-candidate:9306f5a7fe249a15,5,3,0.65,medium,v3_conflict_case,fallback_name_municipality,yamap_2025-01-03_07_19.gpx,壺神山・滝山・足山・皿が森,NaN,NaN,,NaN,,,,strong,true,missing_csv_coordinate;timezone_ambiguity;multiple_mountains_for_candidate;near_tie_candidates_for_mountain,
355,足山,summit-candidate:a1b1b7885eeab893,6,6,0.65,medium,v3_conflict_case,fallback_name_municipality,yamap_2024-10-14_04_48.gpx,三ッ足山・カガマシ山・橡尾山・笹ヶ峰,NaN,NaN,,NaN,,,,strong,true,missing_csv_coordinate;timezone_ambiguity;multiple_mountains_for_candidate;near_tie_candidates_for_mountain,
355,足山,summit-candidate:a80dd0489247a839,7,2,0.65,medium,v3_conflict_case,fallback_name_municipality,yamap_2025-10-11_06_24.gpx,大森山・佐々連尾山・三つ足山,NaN,NaN,,NaN,,,,strong,true,missing_csv_coordinate;timezone_ambiguity;multiple_mountains_for_candidate;near_tie_candidates_for_mountain,
355,足山,summit-candidate:c58c0ba7145621b9,8,3,0.65,medium,v3_conflict_case,fallback_name_municipality,yamap_2025-01-03_07_19.gpx,壺神山・滝山・足山・皿が森,NaN,NaN,,NaN,,,,strong,true,missing_csv_coordinate;timezone_ambiguity;multiple_mountains_for_candidate;near_tie_candidates_for_mountain,
355,足山,summit-candidate:0886436b79473a6c,9,6,0.55,low,v3_conflict_case,fallback_name_only_review,yamap_2024-10-14_04_48.gpx,三ッ足山・カガマシ山・橡尾山・笹ヶ峰,NaN,NaN,,NaN,,,,strong,true,municipality_mismatch;missing_csv_coordinate;timezone_ambiguity;multiple_mountains_for_candidate;near_tie_candidates_for_mountain,
355,足山,summit-candidate:565ba3761956d9b3,10,5,0.55,low,v3_conflict_case,fallback_name_only_review,yamap_2025-10-11_06_24.gpx,大森山・佐々連尾山・三つ足山,NaN,NaN,,NaN,,,,strong,true,municipality_mismatch;missing_csv_coordinate;timezone_ambiguity;multiple_mountains_for_candidate;near_tie_candidates_for_mountain,
355,足山,summit-candidate:8078eb6cc96c519a,11,6,0.55,low,v3_conflict_case,fallback_name_only_review,yamap_2024-10-14_04_48.gpx,三ッ足山・カガマシ山・橡尾山・笹ヶ峰,NaN,NaN,,NaN,,,,strong,true,municipality_mismatch;missing_csv_coordinate;timezone_ambiguity;multiple_mountains_for_candidate;near_tie_candidates_for_mountain,
355,足山,summit-candidate:a53ed6259e132097,12,6,0.55,low,v3_conflict_case,fallback_name_only_review,yamap_2024-10-14_04_48.gpx,三ッ足山・カガマシ山・橡尾山・笹ヶ峰,NaN,NaN,,NaN,,,,strong,true,municipality_mismatch;missing_csv_coordinate;timezone_ambiguity;multiple_mountains_for_candidate;near_tie_candidates_for_mountain,
355,足山,summit-candidate:fecfbf815fc6d5a7,13,6,0.55,low,v3_conflict_case,fallback_name_only_review,yamap_2024-10-14_04_48.gpx,三ッ足山・カガマシ山・橡尾山・笹ヶ峰,NaN,NaN,,NaN,,,,strong,true,municipality_mismatch;missing_csv_coordinate;timezone_ambiguity;multiple_mountains_for_candidate;near_tie_candidates_for_mountain,
356,皿が森,summit-candidate:0048d4d3a7981b80,1,4,0.65,medium,v3_conflict_case,fallback_name_municipality,yamap_2025-01-03_07_19.gpx,壺神山・滝山・足山・皿が森,NaN,NaN,,,,,,strong,true,grounding_missing;missing_csv_coordinate;timezone_ambiguity;multiple_mountains_for_candidate;near_tie_candidates_for_mountain,
356,皿が森,summit-candidate:38105da918da8262,2,4,0.65,medium,v3_conflict_case,fallback_name_municipality,yamap_2025-01-03_07_19.gpx,壺神山・滝山・足山・皿が森,NaN,NaN,,,,,,strong,true,grounding_missing;missing_csv_coordinate;timezone_ambiguity;multiple_mountains_for_candidate;near_tie_candidates_for_mountain,
356,皿が森,summit-candidate:4db5b3ffd85092bf,3,4,0.65,medium,v3_conflict_case,fallback_name_municipality,yamap_2025-01-03_07_19.gpx,壺神山・滝山・足山・皿が森,NaN,NaN,,,,,,strong,true,grounding_missing;missing_csv_coordinate;timezone_ambiguity;multiple_mountains_for_candidate;near_tie_candidates_for_mountain,
356,皿が森,summit-candidate:9306f5a7fe249a15,4,4,0.65,medium,v3_conflict_case,fallback_name_municipality,yamap_2025-01-03_07_19.gpx,壺神山・滝山・足山・皿が森,NaN,NaN,,,,,,strong,true,grounding_missing;missing_csv_coordinate;timezone_ambiguity;multiple_mountains_for_candidate;near_tie_candidates_for_mountain,
356,皿が森,summit-candidate:c58c0ba7145621b9,5,4,0.65,medium,v3_conflict_case,fallback_name_municipality,yamap_2025-01-03_07_19.gpx,壺神山・滝山・足山・皿が森,NaN,NaN,,,,,,strong,true,grounding_missing;missing_csv_coordinate;timezone_ambiguity;multiple_mountains_for_candidate;near_tie_candidates_for_mountain,
357,尉之山,summit-candidate:12f30719aca26806,1,1,0.65,medium,v3_conflict_case,fallback_name_municipality,yamap_2025-01-11_08_43.gpx,尉之山・小山岳,NaN,NaN,,NaN,,,,strong,true,missing_csv_coordinate;timezone_ambiguity;multiple_mountains_for_candidate;near_tie_candidates_for_mountain,
357,尉之山,summit-candidate:7749b785ef007c1a,2,1,0.65,medium,v3_conflict_case,fallback_name_municipality,yamap_2025-01-11_08_43.gpx,尉之山・小山岳,NaN,NaN,,NaN,,,,strong,true,missing_csv_coordinate;timezone_ambiguity;multiple_mountains_for_candidate;near_tie_candidates_for_mountain,
358,小山岳,summit-candidate:12f30719aca26806,1,2,0.65,medium,v3_conflict_case,fallback_name_municipality,yamap_2025-01-11_08_43.gpx,尉之山・小山岳,NaN,NaN,,NaN,,,,strong,true,missing_csv_coordinate;timezone_ambiguity;multiple_mountains_for_candidate;near_tie_candidates_for_mountain,
358,小山岳,summit-candidate:7749b785ef007c1a,2,2,0.65,medium,v3_conflict_case,fallback_name_municipality,yamap_2025-01-11_08_43.gpx,尉之山・小山岳,NaN,NaN,,NaN,,,,strong,true,missing_csv_coordinate;timezone_ambiguity;multiple_mountains_for_candidate;near_tie_candidates_for_mountain,
359,勝山,summit-candidate:2b833dfb6f3f84c1,1,2,0.65,medium,v3_conflict_case,fallback_name_municipality,yamap_2025-01-11_11_51.gpx,勝山,NaN,NaN,,NaN,,,,strong,true,missing_csv_coordinate;timezone_ambiguity;multiple_mountains_for_candidate;near_tie_candidates_for_mountain,
359,勝山,summit-candidate:91cacd7deced8470,2,2,0.65,medium,v3_conflict_case,fallback_name_municipality,yamap_2022-06-04_14_13.gpx,勝山,NaN,NaN,,NaN,,,,strong,true,missing_csv_coordinate;timezone_ambiguity;multiple_mountains_for_candidate;near_tie_candidates_for_mountain,
360,松葉山（松葉城址）,summit-candidate:2c1cbc474e49f1ec,1,1,0.65,medium,v3_conflict_case,fallback_name_municipality,yamap_2025-01-24_13_34.gpx,御篠山・松葉山（松葉城址）・烏殿,NaN,NaN,,,,,,strong,true,grounding_missing;missing_csv_coordinate;timezone_ambiguity;multiple_mountains_for_candidate;near_tie_candidates_for_mountain,
360,松葉山（松葉城址）,summit-candidate:7a59a4750a70552c,2,1,0.65,medium,v3_conflict_case,fallback_name_municipality,yamap_2025-01-24_13_34.gpx,御篠山・松葉山（松葉城址）・烏殿,NaN,NaN,,,,,,strong,true,grounding_missing;missing_csv_coordinate;timezone_ambiguity;multiple_mountains_for_candidate;near_tie_candidates_for_mountain,
360,松葉山（松葉城址）,summit-candidate:d71483d289d0c575,3,1,0.65,medium,v3_conflict_case,fallback_name_municipality,yamap_2025-01-24_13_34.gpx,御篠山・松葉山（松葉城址）・烏殿,NaN,NaN,,,,,,strong,true,grounding_missing;missing_csv_coordinate;timezone_ambiguity;multiple_mountains_for_candidate;near_tie_candidates_for_mountain,
361,烏殿,summit-candidate:2c1cbc474e49f1ec,1,2,0.65,medium,v3_conflict_case,fallback_name_municipality,yamap_2025-01-24_13_34.gpx,御篠山・松葉山（松葉城址）・烏殿,NaN,NaN,,,,,,strong,true,grounding_missing;missing_csv_coordinate;timezone_ambiguity;multiple_mountains_for_candidate;near_tie_candidates_for_mountain,
361,烏殿,summit-candidate:7a59a4750a70552c,2,2,0.65,medium,v3_conflict_case,fallback_name_municipality,yamap_2025-01-24_13_34.gpx,御篠山・松葉山（松葉城址）・烏殿,NaN,NaN,,,,,,strong,true,grounding_missing;missing_csv_coordinate;timezone_ambiguity;multiple_mountains_for_candidate;near_tie_candidates_for_mountain,
361,烏殿,summit-candidate:d71483d289d0c575,3,2,0.65,medium,v3_conflict_case,fallback_name_municipality,yamap_2025-01-24_13_34.gpx,御篠山・松葉山（松葉城址）・烏殿,NaN,NaN,,,,,,strong,true,grounding_missing;missing_csv_coordinate;timezone_ambiguity;multiple_mountains_for_candidate;near_tie_candidates_for_mountain,
362,御篠山,summit-candidate:2c1cbc474e49f1ec,1,3,0.65,medium,v3_conflict_case,fallback_name_municipality,yamap_2025-01-24_13_34.gpx,御篠山・松葉山（松葉城址）・烏殿,NaN,NaN,,,,,,strong,true,grounding_missing;missing_csv_coordinate;timezone_ambiguity;multiple_mountains_for_candidate;near_tie_candidates_for_mountain,
362,御篠山,summit-candidate:7a59a4750a70552c,2,3,0.65,medium,v3_conflict_case,fallback_name_municipality,yamap_2025-01-24_13_34.gpx,御篠山・松葉山（松葉城址）・烏殿,NaN,NaN,,,,,,strong,true,grounding_missing;missing_csv_coordinate;timezone_ambiguity;multiple_mountains_for_candidate;near_tie_candidates_for_mountain,
362,御篠山,summit-candidate:d71483d289d0c575,3,3,0.65,medium,v3_conflict_case,fallback_name_municipality,yamap_2025-01-24_13_34.gpx,御篠山・松葉山（松葉城址）・烏殿,NaN,NaN,,,,,,strong,true,grounding_missing;missing_csv_coordinate;timezone_ambiguity;multiple_mountains_for_candidate;near_tie_candidates_for_mountain,
363,天が森,summit-candidate:090f7fa4be89ec5e,1,1,0.65,medium,v3_conflict_case,fallback_name_municipality,yamap_2025-01-26_07_09.gpx,天が森・浄心山・銅が鳴,NaN,NaN,,NaN,,,,strong,true,missing_csv_coordinate;timezone_ambiguity;multiple_mountains_for_candidate;near_tie_candidates_for_mountain,
363,天が森,summit-candidate:37c3a34c16599379,2,1,0.65,medium,v3_conflict_case,fallback_name_municipality,yamap_2025-01-26_07_09.gpx,天が森・浄心山・銅が鳴,NaN,NaN,,NaN,,,,strong,true,missing_csv_coordinate;timezone_ambiguity;multiple_mountains_for_candidate;near_tie_candidates_for_mountain,
364,浄心山,summit-candidate:090f7fa4be89ec5e,1,2,0.65,medium,v3_conflict_case,fallback_name_municipality,yamap_2025-01-26_07_09.gpx,天が森・浄心山・銅が鳴,NaN,NaN,,NaN,,,,strong,true,missing_csv_coordinate;timezone_ambiguity;multiple_mountains_for_candidate;near_tie_candidates_for_mountain,
364,浄心山,summit-candidate:37c3a34c16599379,2,2,0.65,medium,v3_conflict_case,fallback_name_municipality,yamap_2025-01-26_07_09.gpx,天が森・浄心山・銅が鳴,NaN,NaN,,NaN,,,,strong,true,missing_csv_coordinate;timezone_ambiguity;multiple_mountains_for_candidate;near_tie_candidates_for_mountain,
365,銅が鳴,summit-candidate:090f7fa4be89ec5e,1,3,0.65,medium,v3_conflict_case,fallback_name_municipality,yamap_2025-01-26_07_09.gpx,天が森・浄心山・銅が鳴,NaN,NaN,,NaN,,,,strong,true,missing_csv_coordinate;timezone_ambiguity;multiple_mountains_for_candidate;near_tie_candidates_for_mountain,
365,銅が鳴,summit-candidate:37c3a34c16599379,2,3,0.65,medium,v3_conflict_case,fallback_name_municipality,yamap_2025-01-26_07_09.gpx,天が森・浄心山・銅が鳴,NaN,NaN,,NaN,,,,strong,true,missing_csv_coordinate;timezone_ambiguity;multiple_mountains_for_candidate;near_tie_candidates_for_mountain,
366,弥八山,summit-candidate:0cc40babcd0ce6bf,1,1,0.65,medium,v3_candidate_review_required,fallback_name_municipality,yamap_2025-01-30_06_55.gpx,弥八山,NaN,NaN,,,,,,strong,true,grounding_missing;missing_csv_coordinate;timezone_ambiguity,
367,西の山,summit-candidate:a14a745323a3d3af,1,1,0.65,medium,v3_candidate_review_required,fallback_name_municipality,yamap_2025-01-30_08_48.gpx,西の山,NaN,NaN,,NaN,,,,strong,true,missing_csv_coordinate;timezone_ambiguity,
368,北山,summit-candidate:8cef52d6989a94db,1,1,0.65,medium,v3_candidate_review_required,fallback_name_municipality,yamap_2025-01-30_10_12.gpx,北山,NaN,NaN,,NaN,,,,strong,true,missing_csv_coordinate;timezone_ambiguity,
369,垣生山,summit-candidate:6c20bef6dc4e973b,1,1,0.65,medium,v3_conflict_case,fallback_name_municipality,yamap_2025-01-30_12_21.gpx,垣生山,NaN,NaN,,,,,,strong,true,grounding_missing;missing_csv_coordinate;timezone_ambiguity;multiple_mountains_for_candidate,
369,垣生山,summit-candidate:45f49d8fd831427c,2,7,0.55,low,v3_conflict_case,fallback_name_only_review,yamap_2023-01-06_11_33.gpx,岩子山・垣生山・津田山・弁天山,NaN,NaN,,,,,,strong,true,grounding_missing;municipality_mismatch;missing_csv_coordinate;timezone_ambiguity;multiple_mountains_for_candidate,
369,垣生山,summit-candidate:49cfd09def5fce03,3,7,0.55,low,v3_conflict_case,fallback_name_only_review,yamap_2023-01-06_11_33.gpx,岩子山・垣生山・津田山・弁天山,NaN,NaN,,,,,,strong,true,grounding_missing;municipality_mismatch;missing_csv_coordinate;timezone_ambiguity;multiple_mountains_for_candidate,
369,垣生山,summit-candidate:8178723bbadb1c72,4,7,0.55,low,v3_conflict_case,fallback_name_only_review,yamap_2023-01-06_11_33.gpx,岩子山・垣生山・津田山・弁天山,NaN,NaN,,,,,,strong,true,grounding_missing;municipality_mismatch;missing_csv_coordinate;timezone_ambiguity;multiple_mountains_for_candidate,
369,垣生山,summit-candidate:ea18d38abe59ed57,5,7,0.55,low,v3_conflict_case,fallback_name_only_review,yamap_2023-01-06_11_33.gpx,岩子山・垣生山・津田山・弁天山,NaN,NaN,,,,,,strong,true,grounding_missing;municipality_mismatch;missing_csv_coordinate;timezone_ambiguity;multiple_mountains_for_candidate,
370,金子山,summit-candidate:3c1e55e6cc05c0ad,1,1,0.65,medium,v3_candidate_review_required,fallback_name_municipality,yamap_2025-01-30_13_18.gpx,金子山,NaN,NaN,,,,,,strong,true,grounding_missing;missing_csv_coordinate;timezone_ambiguity,
371,八堂山,summit-candidate:bf9808bbf86d5d73,1,1,0.65,medium,v3_candidate_review_required,fallback_name_municipality,yamap_2025-01-30_14_42.gpx,八堂山,NaN,NaN,,,,,,strong,true,grounding_missing;missing_csv_coordinate;timezone_ambiguity,
374,念仏山,summit-candidate:110345ef4fb31191,1,1,0.65,medium,v3_candidate_review_required,fallback_name_municipality,yamap_2025-02-09_08_01.gpx,念仏山,NaN,NaN,,,,,,strong,true,grounding_missing;missing_csv_coordinate;timezone_ambiguity,
375,大頭山,summit-candidate:afc2e407c1d6b464,1,1,0.65,medium,v3_candidate_review_required,fallback_name_municipality,yamap_2025-02-09_09_27.gpx,大頭山,NaN,NaN,,NaN,,,,strong,true,missing_csv_coordinate;timezone_ambiguity,
376,高取山,summit-candidate:86e4db352b85ced4,1,1,0.65,medium,v3_candidate_review_required,fallback_name_municipality,yamap_2025-02-09_11_27.gpx,高取山,NaN,NaN,,NaN,,,,strong,true,missing_csv_coordinate;timezone_ambiguity,
377,八幡山,summit-candidate:b9ae103da9e3136b,1,1,0.65,medium,v3_candidate_review_required,fallback_name_municipality,yamap_2025-02-09_12_21.gpx,八幡山,NaN,NaN,,,,,,strong,true,grounding_missing;missing_csv_coordinate;timezone_ambiguity,
378,要害山,summit-candidate:0005c0040c7c7966,1,1,0.65,medium,v3_candidate_review_required,fallback_name_municipality,yamap_2025-02-11_08_43.gpx,要害山,NaN,NaN,,,,,,strong,true,grounding_missing;missing_csv_coordinate;timezone_ambiguity,
379,高穴山,summit-candidate:a0b87feaf88e526d,1,1,0.65,medium,v3_candidate_review_required,fallback_name_municipality,yamap_2025-02-11_09_46.gpx,高穴山,NaN,NaN,,,,,,strong,true,grounding_missing;missing_csv_coordinate;timezone_ambiguity,
380,高仙山,summit-candidate:3807e62715de33f9,1,1,0.65,medium,v3_candidate_review_required,fallback_name_municipality,yamap_2025-02-11_13_28.gpx,高仙山,NaN,NaN,,,,,,strong,true,grounding_missing;missing_csv_coordinate;timezone_ambiguity,
381,霊仙山,summit-candidate:47b61397fb9c5d3f,1,1,0.65,medium,v3_candidate_review_required,fallback_name_municipality,yamap_2025-02-24_10_12.gpx,霊仙山,NaN,NaN,,NaN,,,,strong,true,missing_csv_coordinate;timezone_ambiguity,
383,無宗天山,summit-candidate:0f09bdcc25daff65,1,1,0.65,medium,v3_conflict_case,fallback_name_municipality,yamap_2025-02-24_07_30.gpx,無宗天山,NaN,NaN,,,,,,strong,true,grounding_missing;missing_csv_coordinate;timezone_ambiguity;multiple_mountains_for_candidate,
384,綱付山,summit-candidate:e4f762179d85915d,1,1,0.65,medium,v3_conflict_case,fallback_name_municipality,yamap_2025-02-28_07_34.gpx,綱付山・幻城上城,NaN,NaN,,,,,,strong,true,grounding_missing;missing_csv_coordinate;timezone_ambiguity;multiple_mountains_for_candidate;near_tie_candidates_for_mountain,
384,綱付山,summit-candidate:f19fd681c4c84753,2,1,0.65,medium,v3_conflict_case,fallback_name_municipality,yamap_2025-02-28_07_34.gpx,綱付山・幻城上城,NaN,NaN,,,,,,strong,true,grounding_missing;missing_csv_coordinate;timezone_ambiguity;multiple_mountains_for_candidate;near_tie_candidates_for_mountain,
385,幻城上城,summit-candidate:e4f762179d85915d,1,2,0.65,medium,v3_conflict_case,fallback_name_municipality,yamap_2025-02-28_07_34.gpx,綱付山・幻城上城,NaN,NaN,,,,,,strong,true,grounding_missing;missing_csv_coordinate;timezone_ambiguity;multiple_mountains_for_candidate;near_tie_candidates_for_mountain,
385,幻城上城,summit-candidate:f19fd681c4c84753,2,2,0.65,medium,v3_conflict_case,fallback_name_municipality,yamap_2025-02-28_07_34.gpx,綱付山・幻城上城,NaN,NaN,,,,,,strong,true,grounding_missing;missing_csv_coordinate;timezone_ambiguity;multiple_mountains_for_candidate;near_tie_candidates_for_mountain,
386,幻城下城,summit-candidate:2129bbc9c3950a91,1,1,0.65,medium,v3_candidate_review_required,fallback_name_municipality,yamap_2025-02-28_10_24.gpx,幻城下城,NaN,NaN,,,,,,strong,true,grounding_missing;missing_csv_coordinate;timezone_ambiguity,
387,階上山,summit-candidate:276fed5ecb7b3eb4,1,1,0.65,medium,v3_candidate_review_required,fallback_name_municipality,yamap_2025-03-02_13_17.gpx,階上山,NaN,NaN,,,,,,strong,true,grounding_missing;missing_csv_coordinate;timezone_ambiguity,
388,姫政山,summit-candidate:d456af62868c5044,1,1,0.65,medium,v3_candidate_review_required,fallback_name_municipality,yamap_2025-03-10_08_18.gpx,姫政山,NaN,NaN,,,,,,strong,true,grounding_missing;missing_csv_coordinate;timezone_ambiguity,
389,館山,summit-candidate:6b836f5beefdd52c,1,1,0.65,medium,v3_candidate_review_required,fallback_name_municipality,yamap_2025-03-10_10_25.gpx,館山,NaN,NaN,,,,,,strong,true,grounding_missing;missing_csv_coordinate;timezone_ambiguity,
390,高森山,summit-candidate:428f403ddcc5a31a,1,3,0.65,medium,v3_conflict_case,fallback_name_municipality,yamap_2026-02-22_07_32.gpx,高森山・町木山・寒台山・鎧掛山,NaN,NaN,,,,,,strong,true,grounding_missing;missing_csv_coordinate;timezone_ambiguity;multiple_mountains_for_candidate;near_tie_candidates_for_mountain,
390,高森山,summit-candidate:682d61b87016166b,2,1,0.65,medium,v3_conflict_case,fallback_name_municipality,yamap_2025-03-17_13_17.gpx,高森山,NaN,NaN,,,,,,strong,true,grounding_missing;missing_csv_coordinate;timezone_ambiguity;multiple_mountains_for_candidate;near_tie_candidates_for_mountain,
390,高森山,summit-candidate:7a8dca9b423536f5,3,3,0.65,medium,v3_conflict_case,fallback_name_municipality,yamap_2026-02-22_07_32.gpx,高森山・町木山・寒台山・鎧掛山,NaN,NaN,,,,,,strong,true,grounding_missing;missing_csv_coordinate;timezone_ambiguity;multiple_mountains_for_candidate;near_tie_candidates_for_mountain,
390,高森山,summit-candidate:e7ae682a07af2e10,4,6,0.65,medium,v3_conflict_case,fallback_name_municipality,yamap_2022-01-22_09_04.gpx,高森山・岩伽羅山・衣掛山・吉山(吉山城址),NaN,NaN,,,,,,strong,true,grounding_missing;missing_csv_coordinate;timezone_ambiguity;multiple_mountains_for_candidate;near_tie_candidates_for_mountain,
390,高森山,summit-candidate:19ab381ef6c337af,5,6,0.55,low,v3_conflict_case,fallback_name_only_review,yamap_2026-02-22_07_32.gpx,高森山・町木山・寒台山・鎧掛山,NaN,NaN,,,,,,strong,true,grounding_missing;municipality_mismatch;missing_csv_coordinate;timezone_ambiguity;multiple_mountains_for_candidate;near_tie_candidates_for_mountain,
390,高森山,summit-candidate:5f31b84e049f61fa,6,6,0.55,low,v3_conflict_case,fallback_name_only_review,yamap_2026-02-22_07_32.gpx,高森山・町木山・寒台山・鎧掛山,NaN,NaN,,,,,,strong,true,grounding_missing;municipality_mismatch;missing_csv_coordinate;timezone_ambiguity;multiple_mountains_for_candidate;near_tie_candidates_for_mountain,
390,高森山,summit-candidate:a9b00b48e0c94eab,7,3,0.55,low,v3_conflict_case,fallback_name_only_review,yamap_2026-01-31_13_52.gpx,高森山,NaN,NaN,,,,,,strong,true,grounding_missing;municipality_mismatch;missing_csv_coordinate;timezone_ambiguity;multiple_mountains_for_candidate;near_tie_candidates_for_mountain,
390,高森山,summit-candidate:d03c84134ca0989d,8,6,0.55,low,v3_conflict_case,fallback_name_only_review,yamap_2022-01-22_09_04.gpx,高森山・岩伽羅山・衣掛山・吉山(吉山城址),NaN,NaN,,,,,,strong,true,grounding_missing;municipality_mismatch;missing_csv_coordinate;timezone_ambiguity;multiple_mountains_for_candidate;near_tie_candidates_for_mountain,
390,高森山,summit-candidate:f55ffb534aa2ae4c,9,6,0.55,low,v3_conflict_case,fallback_name_only_review,yamap_2026-02-22_07_32.gpx,高森山・町木山・寒台山・鎧掛山,NaN,NaN,,,,,,strong,true,grounding_missing;municipality_mismatch;missing_csv_coordinate;timezone_ambiguity;multiple_mountains_for_candidate;near_tie_candidates_for_mountain,
391,大登山,summit-candidate:230b9847a05c8052,1,1,0.65,medium,v3_candidate_review_required,fallback_name_municipality,yamap_2025-03-17_14_08.gpx,大登山,NaN,NaN,,,,,,strong,true,grounding_missing;missing_csv_coordinate;timezone_ambiguity,
392,高山,summit-candidate:101c1b0635c0bec0,1,2,0.65,medium,v3_conflict_case,fallback_name_municipality,yamap_2022-12-25_10_09.gpx,高山,NaN,NaN,,NaN,,,,strong,true,missing_csv_coordinate;timezone_ambiguity;multiple_mountains_for_candidate;near_tie_candidates_for_mountain,
392,高山,summit-candidate:8ff6361109e5ed5c,2,2,0.65,medium,v3_conflict_case,fallback_name_municipality,yamap_2025-03-20_08_27.gpx,高山・大里山・泰ノ山,NaN,NaN,,NaN,,,,strong,true,missing_csv_coordinate;timezone_ambiguity;multiple_mountains_for_candidate;near_tie_candidates_for_mountain,
392,高山,summit-candidate:98457196a66e294d,3,2,0.65,medium,v3_conflict_case,fallback_name_municipality,yamap_2025-03-20_08_27.gpx,高山・大里山・泰ノ山,NaN,NaN,,NaN,,,,strong,true,missing_csv_coordinate;timezone_ambiguity;multiple_mountains_for_candidate;near_tie_candidates_for_mountain,
392,高山,summit-candidate:c9aa57cdeb1b49fa,4,2,0.65,medium,v3_conflict_case,fallback_name_municipality,yamap_2025-03-20_08_27.gpx,高山・大里山・泰ノ山,NaN,NaN,,NaN,,,,strong,true,missing_csv_coordinate;timezone_ambiguity;multiple_mountains_for_candidate;near_tie_candidates_for_mountain,
392,高山,summit-candidate:fe8f624bdaa57afd,5,2,0.65,medium,v3_conflict_case,fallback_name_municipality,yamap_2025-03-20_08_27.gpx,高山・大里山・泰ノ山,NaN,NaN,,NaN,,,,strong,true,missing_csv_coordinate;timezone_ambiguity;multiple_mountains_for_candidate;near_tie_candidates_for_mountain,
393,泰ノ山,summit-candidate:8ff6361109e5ed5c,1,3,0.65,medium,v3_conflict_case,fallback_name_municipality,yamap_2025-03-20_08_27.gpx,高山・大里山・泰ノ山,NaN,NaN,,,,,,strong,true,grounding_missing;missing_csv_coordinate;timezone_ambiguity;multiple_mountains_for_candidate;near_tie_candidates_for_mountain,
393,泰ノ山,summit-candidate:98457196a66e294d,2,3,0.65,medium,v3_conflict_case,fallback_name_municipality,yamap_2025-03-20_08_27.gpx,高山・大里山・泰ノ山,NaN,NaN,,,,,,strong,true,grounding_missing;missing_csv_coordinate;timezone_ambiguity;multiple_mountains_for_candidate;near_tie_candidates_for_mountain,
393,泰ノ山,summit-candidate:c9aa57cdeb1b49fa,3,3,0.65,medium,v3_conflict_case,fallback_name_municipality,yamap_2025-03-20_08_27.gpx,高山・大里山・泰ノ山,NaN,NaN,,,,,,strong,true,grounding_missing;missing_csv_coordinate;timezone_ambiguity;multiple_mountains_for_candidate;near_tie_candidates_for_mountain,
393,泰ノ山,summit-candidate:fe8f624bdaa57afd,4,3,0.65,medium,v3_conflict_case,fallback_name_municipality,yamap_2025-03-20_08_27.gpx,高山・大里山・泰ノ山,NaN,NaN,,,,,,strong,true,grounding_missing;missing_csv_coordinate;timezone_ambiguity;multiple_mountains_for_candidate;near_tie_candidates_for_mountain,
394,大里山,summit-candidate:8ff6361109e5ed5c,1,4,0.65,medium,v3_conflict_case,fallback_name_municipality,yamap_2025-03-20_08_27.gpx,高山・大里山・泰ノ山,NaN,NaN,,NaN,,,,strong,true,missing_csv_coordinate;timezone_ambiguity;multiple_mountains_for_candidate;near_tie_candidates_for_mountain,
394,大里山,summit-candidate:98457196a66e294d,2,4,0.65,medium,v3_conflict_case,fallback_name_municipality,yamap_2025-03-20_08_27.gpx,高山・大里山・泰ノ山,NaN,NaN,,NaN,,,,strong,true,missing_csv_coordinate;timezone_ambiguity;multiple_mountains_for_candidate;near_tie_candidates_for_mountain,
394,大里山,summit-candidate:c9aa57cdeb1b49fa,3,4,0.65,medium,v3_conflict_case,fallback_name_municipality,yamap_2025-03-20_08_27.gpx,高山・大里山・泰ノ山,NaN,NaN,,NaN,,,,strong,true,missing_csv_coordinate;timezone_ambiguity;multiple_mountains_for_candidate;near_tie_candidates_for_mountain,
394,大里山,summit-candidate:fe8f624bdaa57afd,4,4,0.65,medium,v3_conflict_case,fallback_name_municipality,yamap_2025-03-20_08_27.gpx,高山・大里山・泰ノ山,NaN,NaN,,NaN,,,,strong,true,missing_csv_coordinate;timezone_ambiguity;multiple_mountains_for_candidate;near_tie_candidates_for_mountain,
395,北ヶ森,summit-candidate:dedadc05e5f6d5d5,1,1,0.65,medium,v3_conflict_case,fallback_name_municipality,yamap_2025-03-23_11_12.gpx,北ヶ森・高土の峰,NaN,NaN,,NaN,,,,strong,true,missing_csv_coordinate;timezone_ambiguity;multiple_mountains_for_candidate,
396,高土の峰,summit-candidate:dedadc05e5f6d5d5,1,2,0.65,medium,v3_conflict_case,fallback_name_municipality,yamap_2025-03-23_11_12.gpx,北ヶ森・高土の峰,NaN,NaN,,NaN,,,,strong,true,missing_csv_coordinate;timezone_ambiguity;multiple_mountains_for_candidate,
397,竜王山,summit-candidate:62d2811f5d1a9f29,1,1,0.65,medium,v3_candidate_review_required,fallback_name_municipality,yamap_2025-03-30_07_01.gpx,竜王山,NaN,NaN,,NaN,,,,strong,true,missing_csv_coordinate;timezone_ambiguity,
398,岳山,summit-candidate:54cf4155ab259d9d,1,2,0.55,low,v3_conflict_case,fallback_name_only_review,yamap_2022-02-26_07_43.gpx,御岳山,NaN,NaN,,NaN,,,,strong,true,municipality_mismatch;missing_csv_coordinate;timezone_ambiguity;multiple_mountains_for_candidate;near_tie_candidates_for_mountain,
398,岳山,summit-candidate:80fb4ff56016a4dd,2,2,0.55,low,v3_conflict_case,fallback_name_only_review,yamap_2022-02-26_07_43.gpx,御岳山,NaN,NaN,,NaN,,,,strong,true,municipality_mismatch;missing_csv_coordinate;timezone_ambiguity;multiple_mountains_for_candidate;near_tie_candidates_for_mountain,
398,岳山,summit-candidate:b02ff952b74ca472,3,1,0.55,low,v3_conflict_case,fallback_name_only_review,yamap_2025-03-30_08_20.gpx,岳山,NaN,NaN,,NaN,,,,strong,true,municipality_mismatch;missing_csv_coordinate;timezone_ambiguity;near_tie_candidates_for_mountain,
399,一ヶ森,summit-candidate:5f3f2f47d84464c4,1,1,0.55,low,v3_candidate_review_required,fallback_name_only_review,yamap_2025-03-30_09_12.gpx,一ヶ森,NaN,NaN,,NaN,,,,strong,true,municipality_mismatch;missing_csv_coordinate;timezone_ambiguity,
401,京の森,summit-candidate:13aa9354da4eb6d6,1,1,0.65,medium,v3_conflict_case,fallback_name_municipality,yamap_2025-03-30_12_56.gpx,京の森・大迫山,NaN,NaN,,NaN,,,,strong,true,missing_csv_coordinate;timezone_ambiguity;multiple_mountains_for_candidate,
402,大迫山,summit-candidate:13aa9354da4eb6d6,1,2,0.65,medium,v3_conflict_case,fallback_name_municipality,yamap_2025-03-30_12_56.gpx,京の森・大迫山,NaN,NaN,,NaN,,,,strong,true,missing_csv_coordinate;timezone_ambiguity;multiple_mountains_for_candidate,
404,コクゾ峰,summit-candidate:94e39d837730a5c7,1,1,0.65,medium,v3_candidate_review_required,fallback_name_municipality,yamap_2025-04-04_06_19.gpx,コクゾ峰,NaN,NaN,,,,,,strong,true,grounding_missing;missing_csv_coordinate;timezone_ambiguity,
405,加塚山,summit-candidate:18f6f4b086668887,1,1,0.65,medium,v3_conflict_case,fallback_name_municipality,yamap_2025-04-06_08_48.gpx,加塚山,NaN,NaN,,,,,,strong,true,grounding_missing;missing_csv_coordinate;timezone_ambiguity;near_tie_candidates_for_mountain,
405,加塚山,summit-candidate:3f84cc393481fcf2,2,1,0.65,medium,v3_conflict_case,fallback_name_municipality,yamap_2025-04-06_08_48.gpx,加塚山,NaN,NaN,,,,,,strong,true,grounding_missing;missing_csv_coordinate;timezone_ambiguity;near_tie_candidates_for_mountain,
405,加塚山,summit-candidate:69da123016e6ad8b,3,1,0.65,medium,v3_conflict_case,fallback_name_municipality,yamap_2025-04-06_08_48.gpx,加塚山,NaN,NaN,,,,,,strong,true,grounding_missing;missing_csv_coordinate;timezone_ambiguity;near_tie_candidates_for_mountain,
405,加塚山,summit-candidate:6a1baa0667de8a9d,4,1,0.65,medium,v3_conflict_case,fallback_name_municipality,yamap_2025-04-06_08_48.gpx,加塚山,NaN,NaN,,,,,,strong,true,grounding_missing;missing_csv_coordinate;timezone_ambiguity;near_tie_candidates_for_mountain,
405,加塚山,summit-candidate:cdd4a9ba931c816e,5,1,0.65,medium,v3_conflict_case,fallback_name_municipality,yamap_2025-04-06_08_48.gpx,加塚山,NaN,NaN,,,,,,strong,true,grounding_missing;missing_csv_coordinate;timezone_ambiguity;near_tie_candidates_for_mountain,
405,加塚山,summit-candidate:f59e1ba73617c383,6,1,0.65,medium,v3_conflict_case,fallback_name_municipality,yamap_2025-04-06_08_48.gpx,加塚山,NaN,NaN,,,,,,strong,true,grounding_missing;missing_csv_coordinate;timezone_ambiguity;near_tie_candidates_for_mountain,
406,新谷神南山,summit-candidate:49147712961a83be,1,1,0.65,medium,v3_conflict_case,fallback_name_municipality,yamap_2025-04-09_06_48.gpx,新谷神南山・五十崎神南山,NaN,NaN,,,,,,strong,true,grounding_missing;missing_csv_coordinate;timezone_ambiguity;multiple_mountains_for_candidate;near_tie_candidates_for_mountain,
406,新谷神南山,summit-candidate:6342f0069cd164e8,2,1,0.65,medium,v3_conflict_case,fallback_name_municipality,yamap_2025-04-09_06_48.gpx,新谷神南山・五十崎神南山,NaN,NaN,,,,,,strong,true,grounding_missing;missing_csv_coordinate;timezone_ambiguity;multiple_mountains_for_candidate;near_tie_candidates_for_mountain,
407,五十崎神南山,summit-candidate:49147712961a83be,1,2,0.65,medium,v3_conflict_case,fallback_name_municipality,yamap_2025-04-09_06_48.gpx,新谷神南山・五十崎神南山,NaN,NaN,,NaN,,,,strong,true,missing_csv_coordinate;timezone_ambiguity;multiple_mountains_for_candidate;near_tie_candidates_for_mountain,
407,五十崎神南山,summit-candidate:6342f0069cd164e8,2,2,0.65,medium,v3_conflict_case,fallback_name_municipality,yamap_2025-04-09_06_48.gpx,新谷神南山・五十崎神南山,NaN,NaN,,NaN,,,,strong,true,missing_csv_coordinate;timezone_ambiguity;multiple_mountains_for_candidate;near_tie_candidates_for_mountain,
408,笠成山,summit-candidate:81081ef1b6e58a79,1,1,0.65,medium,v3_candidate_review_required,fallback_name_municipality,yamap_2025-04-14_05_56.gpx,笠成山,NaN,NaN,,,,,,strong,true,grounding_missing;missing_csv_coordinate;timezone_ambiguity,
409,小屋山,summit-candidate:01f601a63b1874f6,1,1,0.65,medium,v3_conflict_case,fallback_name_municipality,yamap_2025-04-19_07_10.gpx,小屋山・丸石山,NaN,NaN,,NaN,,,,strong,true,missing_csv_coordinate;timezone_ambiguity;multiple_mountains_for_candidate;near_tie_candidates_for_mountain,
409,小屋山,summit-candidate:0cc9c1186612ceaa,2,1,0.65,medium,v3_conflict_case,fallback_name_municipality,yamap_2025-04-19_07_10.gpx,小屋山・丸石山,NaN,NaN,,NaN,,,,strong,true,missing_csv_coordinate;timezone_ambiguity;multiple_mountains_for_candidate;near_tie_candidates_for_mountain,
409,小屋山,summit-candidate:1f61c36c208539fd,3,1,0.65,medium,v3_conflict_case,fallback_name_municipality,yamap_2025-04-19_07_10.gpx,小屋山・丸石山,NaN,NaN,,NaN,,,,strong,true,missing_csv_coordinate;timezone_ambiguity;multiple_mountains_for_candidate;near_tie_candidates_for_mountain,
409,小屋山,summit-candidate:422a9e74717ca96d,4,1,0.65,medium,v3_conflict_case,fallback_name_municipality,yamap_2025-04-19_07_10.gpx,小屋山・丸石山,NaN,NaN,,NaN,,,,strong,true,missing_csv_coordinate;timezone_ambiguity;multiple_mountains_for_candidate;near_tie_candidates_for_mountain,
410,丸石山,summit-candidate:01f601a63b1874f6,1,2,0.65,medium,v3_conflict_case,fallback_name_municipality,yamap_2025-04-19_07_10.gpx,小屋山・丸石山,NaN,NaN,,NaN,,,,strong,true,missing_csv_coordinate;timezone_ambiguity;multiple_mountains_for_candidate;near_tie_candidates_for_mountain,
410,丸石山,summit-candidate:1f61c36c208539fd,2,2,0.65,medium,v3_conflict_case,fallback_name_municipality,yamap_2025-04-19_07_10.gpx,小屋山・丸石山,NaN,NaN,,NaN,,,,strong,true,missing_csv_coordinate;timezone_ambiguity;multiple_mountains_for_candidate;near_tie_candidates_for_mountain,
410,丸石山,summit-candidate:422a9e74717ca96d,3,2,0.65,medium,v3_conflict_case,fallback_name_municipality,yamap_2025-04-19_07_10.gpx,小屋山・丸石山,NaN,NaN,,NaN,,,,strong,true,missing_csv_coordinate;timezone_ambiguity;multiple_mountains_for_candidate;near_tie_candidates_for_mountain,
410,丸石山,summit-candidate:0cc9c1186612ceaa,4,2,0.55,low,v3_conflict_case,fallback_name_only_review,yamap_2025-04-19_07_10.gpx,小屋山・丸石山,NaN,NaN,,NaN,,,,strong,true,municipality_mismatch;missing_csv_coordinate;timezone_ambiguity;multiple_mountains_for_candidate;near_tie_candidates_for_mountain,
411,野地峰,summit-candidate:17a471cc45af2c05,1,1,0.65,medium,v3_conflict_case,fallback_name_municipality,yamap_2025-04-27_06_23.gpx,野地峰・黒岩山・大野山,NaN,NaN,,NaN,,,,strong,true,missing_csv_coordinate;timezone_ambiguity;multiple_mountains_for_candidate;near_tie_candidates_for_mountain,
411,野地峰,summit-candidate:8326f30918c16cbe,2,1,0.65,medium,v3_conflict_case,fallback_name_municipality,yamap_2025-04-27_06_23.gpx,野地峰・黒岩山・大野山,NaN,NaN,,NaN,,,,strong,true,missing_csv_coordinate;timezone_ambiguity;multiple_mountains_for_candidate;near_tie_candidates_for_mountain,
411,野地峰,summit-candidate:e93bba1998d4efb5,3,1,0.65,medium,v3_conflict_case,fallback_name_municipality,yamap_2025-04-27_06_23.gpx,野地峰・黒岩山・大野山,NaN,NaN,,NaN,,,,strong,true,missing_csv_coordinate;timezone_ambiguity;multiple_mountains_for_candidate;near_tie_candidates_for_mountain,
411,野地峰,summit-candidate:53bf856dccad5eab,4,1,0.55,low,v3_conflict_case,fallback_name_only_review,yamap_2025-04-27_06_23.gpx,野地峰・黒岩山・大野山,NaN,NaN,,NaN,,,,strong,true,municipality_mismatch;missing_csv_coordinate;timezone_ambiguity;multiple_mountains_for_candidate;near_tie_candidates_for_mountain,
412,黒岩山,summit-candidate:17a471cc45af2c05,1,2,0.65,medium,v3_conflict_case,fallback_name_municipality,yamap_2025-04-27_06_23.gpx,野地峰・黒岩山・大野山,NaN,NaN,,NaN,,,,strong,true,missing_csv_coordinate;timezone_ambiguity;multiple_mountains_for_candidate;near_tie_candidates_for_mountain,
412,黒岩山,summit-candidate:8326f30918c16cbe,2,2,0.65,medium,v3_conflict_case,fallback_name_municipality,yamap_2025-04-27_06_23.gpx,野地峰・黒岩山・大野山,NaN,NaN,,NaN,,,,strong,true,missing_csv_coordinate;timezone_ambiguity;multiple_mountains_for_candidate;near_tie_candidates_for_mountain,
412,黒岩山,summit-candidate:e93bba1998d4efb5,3,2,0.65,medium,v3_conflict_case,fallback_name_municipality,yamap_2025-04-27_06_23.gpx,野地峰・黒岩山・大野山,NaN,NaN,,NaN,,,,strong,true,missing_csv_coordinate;timezone_ambiguity;multiple_mountains_for_candidate;near_tie_candidates_for_mountain,
412,黒岩山,summit-candidate:53bf856dccad5eab,4,2,0.55,low,v3_conflict_case,fallback_name_only_review,yamap_2025-04-27_06_23.gpx,野地峰・黒岩山・大野山,NaN,NaN,,NaN,,,,strong,true,municipality_mismatch;missing_csv_coordinate;timezone_ambiguity;multiple_mountains_for_candidate;near_tie_candidates_for_mountain,
413,大野山,summit-candidate:17a471cc45af2c05,1,3,0.65,medium,v3_conflict_case,fallback_name_municipality,yamap_2025-04-27_06_23.gpx,野地峰・黒岩山・大野山,NaN,NaN,,NaN,,,,strong,true,missing_csv_coordinate;timezone_ambiguity;multiple_mountains_for_candidate;near_tie_candidates_for_mountain,
413,大野山,summit-candidate:8326f30918c16cbe,2,3,0.65,medium,v3_conflict_case,fallback_name_municipality,yamap_2025-04-27_06_23.gpx,野地峰・黒岩山・大野山,NaN,NaN,,NaN,,,,strong,true,missing_csv_coordinate;timezone_ambiguity;multiple_mountains_for_candidate;near_tie_candidates_for_mountain,
413,大野山,summit-candidate:e93bba1998d4efb5,3,3,0.65,medium,v3_conflict_case,fallback_name_municipality,yamap_2025-04-27_06_23.gpx,野地峰・黒岩山・大野山,NaN,NaN,,NaN,,,,strong,true,missing_csv_coordinate;timezone_ambiguity;multiple_mountains_for_candidate;near_tie_candidates_for_mountain,
413,大野山,summit-candidate:53bf856dccad5eab,4,3,0.55,low,v3_conflict_case,fallback_name_only_review,yamap_2025-04-27_06_23.gpx,野地峰・黒岩山・大野山,NaN,NaN,,NaN,,,,strong,true,municipality_mismatch;missing_csv_coordinate;timezone_ambiguity;multiple_mountains_for_candidate;near_tie_candidates_for_mountain,
414,水なし山,summit-candidate:403c0894babcf279,1,1,0.65,medium,v3_conflict_case,fallback_name_municipality,yamap_2025-06-21_08_53.gpx,貝渚山・水なし山,NaN,NaN,,NaN,,,,strong,true,missing_csv_coordinate;timezone_ambiguity;multiple_mountains_for_candidate,
415,貝渚山,summit-candidate:403c0894babcf279,1,2,0.65,medium,v3_conflict_case,fallback_name_municipality,yamap_2025-06-21_08_53.gpx,貝渚山・水なし山,NaN,NaN,,NaN,,,,strong,true,missing_csv_coordinate;timezone_ambiguity;multiple_mountains_for_candidate,
416,谷崎山,summit-candidate:0d157ed871f76807,1,1,0.65,medium,v3_candidate_review_required,fallback_name_municipality,yamap_2025-07-06_07_10.gpx,谷崎山,NaN,NaN,,,,,,strong,true,grounding_missing;missing_csv_coordinate;timezone_ambiguity,
417,東黒森,summit-candidate:20f1c44b99e3d708,1,1,0.65,medium,v3_conflict_case,fallback_name_municipality,yamap_2025-07-06_09_43.gpx,東黒森,NaN,NaN,,NaN,,,,strong,true,missing_csv_coordinate;timezone_ambiguity;multiple_mountains_for_candidate,
418,伊吹山,summit-candidate:e79e77da4bfd1f13,1,1,0.65,medium,v3_candidate_review_required,fallback_name_municipality,yamap_2025-07-06_12_03.gpx,伊吹山,NaN,NaN,,NaN,,,,strong,true,missing_csv_coordinate;timezone_ambiguity,
419,小牛城,summit-candidate:ba78489e4d448645,1,2,0.65,medium,v3_conflict_case,fallback_name_municipality,yamap_2025-08-15_10_51.gpx,小牛城,NaN,NaN,,NaN,,,,strong,true,missing_csv_coordinate;timezone_ambiguity;multiple_mountains_for_candidate,
420,正木ノ森,summit-candidate:1c085703f9a891aa,1,1,0.65,medium,v3_candidate_review_required,fallback_name_municipality,yamap_2025-08-15_12_44.gpx,正木ノ森,NaN,NaN,,,,,,strong,true,grounding_missing;missing_csv_coordinate;timezone_ambiguity,
421,五段城,summit-candidate:00dfcd8bd36a1f00,1,1,0.65,medium,v3_candidate_review_required,fallback_name_municipality,yamap_2025-08-15_11_47.gpx,五段城,NaN,NaN,,,,,,strong,true,grounding_missing;missing_csv_coordinate;timezone_ambiguity,
422,天狗ノ森,summit-candidate:54dc6f5d29d60052,1,1,0.65,medium,v3_candidate_review_required,fallback_name_municipality,yamap_2025-08-15_09_21.gpx,天狗ノ森 ,NaN,NaN,,NaN,,,,strong,true,missing_csv_coordinate;timezone_ambiguity,
423,鶴ノ子ノ頭,summit-candidate:19713e48698f3e2a,1,2,0.65,medium,v3_conflict_case,fallback_name_municipality,yamap_2025-09-07_08_00.gpx,鶴ノ子ノ頭・石鎚山,NaN,NaN,,NaN,,,,strong,true,missing_csv_coordinate;timezone_ambiguity;multiple_mountains_for_candidate;near_tie_candidates_for_mountain,
423,鶴ノ子ノ頭,summit-candidate:65906dbbd6e5b747,2,2,0.65,medium,v3_conflict_case,fallback_name_municipality,yamap_2025-09-07_08_00.gpx,鶴ノ子ノ頭・石鎚山,NaN,NaN,,NaN,,,,strong,true,missing_csv_coordinate;timezone_ambiguity;multiple_mountains_for_candidate;near_tie_candidates_for_mountain,
425,黒川山,summit-candidate:109bc31ba8b3aa15,1,1,0.65,medium,v3_conflict_case,fallback_name_municipality,yamap_2025-09-21_08_53.gpx,前社ヶ森・剣山・黒川山,NaN,NaN,,,,,,strong,true,grounding_missing;missing_csv_coordinate;timezone_ambiguity;multiple_mountains_for_candidate;near_tie_candidates_for_mountain,
425,黒川山,summit-candidate:56e8244e578a141a,2,1,0.65,medium,v3_conflict_case,fallback_name_municipality,yamap_2025-09-21_08_53.gpx,前社ヶ森・剣山・黒川山,NaN,NaN,,,,,,strong,true,grounding_missing;missing_csv_coordinate;timezone_ambiguity;multiple_mountains_for_candidate;near_tie_candidates_for_mountain,
425,黒川山,summit-candidate:6b97922a3935a9a5,3,1,0.65,medium,v3_conflict_case,fallback_name_municipality,yamap_2025-09-21_08_53.gpx,前社ヶ森・剣山・黒川山,NaN,NaN,,,,,,strong,true,grounding_missing;missing_csv_coordinate;timezone_ambiguity;multiple_mountains_for_candidate;near_tie_candidates_for_mountain,
425,黒川山,summit-candidate:ee632dd427dbb1ff,4,1,0.65,medium,v3_conflict_case,fallback_name_municipality,yamap_2025-09-21_08_53.gpx,前社ヶ森・剣山・黒川山,NaN,NaN,,,,,,strong,true,grounding_missing;missing_csv_coordinate;timezone_ambiguity;multiple_mountains_for_candidate;near_tie_candidates_for_mountain,
426,前社ヶ森,summit-candidate:109bc31ba8b3aa15,1,2,0.65,medium,v3_conflict_case,fallback_name_municipality,yamap_2025-09-21_08_53.gpx,前社ヶ森・剣山・黒川山,NaN,NaN,,NaN,,,,strong,true,missing_csv_coordinate;timezone_ambiguity;multiple_mountains_for_candidate;near_tie_candidates_for_mountain,
426,前社ヶ森,summit-candidate:56e8244e578a141a,2,2,0.65,medium,v3_conflict_case,fallback_name_municipality,yamap_2025-09-21_08_53.gpx,前社ヶ森・剣山・黒川山,NaN,NaN,,NaN,,,,strong,true,missing_csv_coordinate;timezone_ambiguity;multiple_mountains_for_candidate;near_tie_candidates_for_mountain,
426,前社ヶ森,summit-candidate:6b97922a3935a9a5,3,2,0.65,medium,v3_conflict_case,fallback_name_municipality,yamap_2025-09-21_08_53.gpx,前社ヶ森・剣山・黒川山,NaN,NaN,,NaN,,,,strong,true,missing_csv_coordinate;timezone_ambiguity;multiple_mountains_for_candidate;near_tie_candidates_for_mountain,
426,前社ヶ森,summit-candidate:ee632dd427dbb1ff,4,2,0.65,medium,v3_conflict_case,fallback_name_municipality,yamap_2025-09-21_08_53.gpx,前社ヶ森・剣山・黒川山,NaN,NaN,,NaN,,,,strong,true,missing_csv_coordinate;timezone_ambiguity;multiple_mountains_for_candidate;near_tie_candidates_for_mountain,
427,剣山,summit-candidate:109bc31ba8b3aa15,1,3,0.65,medium,v3_conflict_case,fallback_name_municipality,yamap_2025-09-21_08_53.gpx,前社ヶ森・剣山・黒川山,NaN,NaN,,NaN,,,,strong,true,missing_csv_coordinate;timezone_ambiguity;multiple_mountains_for_candidate;near_tie_candidates_for_mountain,
427,剣山,summit-candidate:56e8244e578a141a,2,3,0.65,medium,v3_conflict_case,fallback_name_municipality,yamap_2025-09-21_08_53.gpx,前社ヶ森・剣山・黒川山,NaN,NaN,,NaN,,,,strong,true,missing_csv_coordinate;timezone_ambiguity;multiple_mountains_for_candidate;near_tie_candidates_for_mountain,
427,剣山,summit-candidate:6b97922a3935a9a5,3,3,0.65,medium,v3_conflict_case,fallback_name_municipality,yamap_2025-09-21_08_53.gpx,前社ヶ森・剣山・黒川山,NaN,NaN,,NaN,,,,strong,true,missing_csv_coordinate;timezone_ambiguity;multiple_mountains_for_candidate;near_tie_candidates_for_mountain,
427,剣山,summit-candidate:ee632dd427dbb1ff,4,3,0.65,medium,v3_conflict_case,fallback_name_municipality,yamap_2025-09-21_08_53.gpx,前社ヶ森・剣山・黒川山,NaN,NaN,,NaN,,,,strong,true,missing_csv_coordinate;timezone_ambiguity;multiple_mountains_for_candidate;near_tie_candidates_for_mountain,
428,東光森山,summit-candidate:4b66146264e5e167,1,1,0.65,medium,v3_conflict_case,fallback_name_municipality,yamap_2025-09-27_06_52.gpx,東光森山・別子山,NaN,NaN,,NaN,,,,strong,true,missing_csv_coordinate;timezone_ambiguity;multiple_mountains_for_candidate;near_tie_candidates_for_mountain,
428,東光森山,summit-candidate:6358c7fb40ce841e,2,1,0.65,medium,v3_conflict_case,fallback_name_municipality,yamap_2025-09-27_06_52.gpx,東光森山・別子山,NaN,NaN,,NaN,,,,strong,true,missing_csv_coordinate;timezone_ambiguity;multiple_mountains_for_candidate;near_tie_candidates_for_mountain,
428,東光森山,summit-candidate:69652a1c97f3b2eb,3,1,0.65,medium,v3_conflict_case,fallback_name_municipality,yamap_2025-09-27_06_52.gpx,東光森山・別子山,NaN,NaN,,NaN,,,,strong,true,missing_csv_coordinate;timezone_ambiguity;multiple_mountains_for_candidate;near_tie_candidates_for_mountain,
428,東光森山,summit-candidate:accbb6cf4fee8a2f,4,1,0.65,medium,v3_conflict_case,fallback_name_municipality,yamap_2025-09-27_06_52.gpx,東光森山・別子山,NaN,NaN,,NaN,,,,strong,true,missing_csv_coordinate;timezone_ambiguity;multiple_mountains_for_candidate;near_tie_candidates_for_mountain,
429,別子山,summit-candidate:4b66146264e5e167,1,2,0.65,medium,v3_conflict_case,fallback_name_municipality,yamap_2025-09-27_06_52.gpx,東光森山・別子山,NaN,NaN,,NaN,,,,strong,true,missing_csv_coordinate;timezone_ambiguity;multiple_mountains_for_candidate;near_tie_candidates_for_mountain,
429,別子山,summit-candidate:6358c7fb40ce841e,2,2,0.65,medium,v3_conflict_case,fallback_name_municipality,yamap_2025-09-27_06_52.gpx,東光森山・別子山,NaN,NaN,,NaN,,,,strong,true,missing_csv_coordinate;timezone_ambiguity;multiple_mountains_for_candidate;near_tie_candidates_for_mountain,
429,別子山,summit-candidate:69652a1c97f3b2eb,3,2,0.65,medium,v3_conflict_case,fallback_name_municipality,yamap_2025-09-27_06_52.gpx,東光森山・別子山,NaN,NaN,,NaN,,,,strong,true,missing_csv_coordinate;timezone_ambiguity;multiple_mountains_for_candidate;near_tie_candidates_for_mountain,
429,別子山,summit-candidate:accbb6cf4fee8a2f,4,2,0.65,medium,v3_conflict_case,fallback_name_municipality,yamap_2025-09-27_06_52.gpx,東光森山・別子山,NaN,NaN,,NaN,,,,strong,true,missing_csv_coordinate;timezone_ambiguity;multiple_mountains_for_candidate;near_tie_candidates_for_mountain,
430,三ッ森山,summit-candidate:20557338e1ab5de6,1,1,0.65,medium,v3_conflict_case,fallback_name_municipality,yamap_2025-10-05_08_42.gpx,三ッ森山・大座礼山,NaN,NaN,,,,,,strong,true,grounding_missing;missing_csv_coordinate;timezone_ambiguity;multiple_mountains_for_candidate;near_tie_candidates_for_mountain,
430,三ッ森山,summit-candidate:2666cead0a841bbb,2,1,0.65,medium,v3_conflict_case,fallback_name_municipality,yamap_2025-10-05_08_42.gpx,三ッ森山・大座礼山,NaN,NaN,,,,,,strong,true,grounding_missing;missing_csv_coordinate;timezone_ambiguity;multiple_mountains_for_candidate;near_tie_candidates_for_mountain,
430,三ッ森山,summit-candidate:8f124a2a1de32654,3,1,0.65,medium,v3_conflict_case,fallback_name_municipality,yamap_2025-10-05_08_42.gpx,三ッ森山・大座礼山,NaN,NaN,,,,,,strong,true,grounding_missing;missing_csv_coordinate;timezone_ambiguity;multiple_mountains_for_candidate;near_tie_candidates_for_mountain,
430,三ッ森山,summit-candidate:b2662116bd1858b6,4,1,0.65,medium,v3_conflict_case,fallback_name_municipality,yamap_2025-10-05_08_42.gpx,三ッ森山・大座礼山,NaN,NaN,,,,,,strong,true,grounding_missing;missing_csv_coordinate;timezone_ambiguity;multiple_mountains_for_candidate;near_tie_candidates_for_mountain,
431,大座礼山,summit-candidate:20557338e1ab5de6,1,2,0.65,medium,v3_conflict_case,fallback_name_municipality,yamap_2025-10-05_08_42.gpx,三ッ森山・大座礼山,NaN,NaN,,NaN,,,,strong,true,missing_csv_coordinate;timezone_ambiguity;multiple_mountains_for_candidate;near_tie_candidates_for_mountain,
431,大座礼山,summit-candidate:2666cead0a841bbb,2,2,0.65,medium,v3_conflict_case,fallback_name_municipality,yamap_2025-10-05_08_42.gpx,三ッ森山・大座礼山,NaN,NaN,,NaN,,,,strong,true,missing_csv_coordinate;timezone_ambiguity;multiple_mountains_for_candidate;near_tie_candidates_for_mountain,
431,大座礼山,summit-candidate:8f124a2a1de32654,3,2,0.65,medium,v3_conflict_case,fallback_name_municipality,yamap_2025-10-05_08_42.gpx,三ッ森山・大座礼山,NaN,NaN,,NaN,,,,strong,true,missing_csv_coordinate;timezone_ambiguity;multiple_mountains_for_candidate;near_tie_candidates_for_mountain,
431,大座礼山,summit-candidate:b2662116bd1858b6,4,2,0.65,medium,v3_conflict_case,fallback_name_municipality,yamap_2025-10-05_08_42.gpx,三ッ森山・大座礼山,NaN,NaN,,NaN,,,,strong,true,missing_csv_coordinate;timezone_ambiguity;multiple_mountains_for_candidate;near_tie_candidates_for_mountain,
432,三つ足山,summit-candidate:565ba3761956d9b3,1,1,0.65,medium,v3_conflict_case,fallback_name_municipality,yamap_2025-10-11_06_24.gpx,大森山・佐々連尾山・三つ足山,NaN,NaN,,NaN,,,,strong,true,missing_csv_coordinate;timezone_ambiguity;multiple_mountains_for_candidate;near_tie_candidates_for_mountain,
432,三つ足山,summit-candidate:a80dd0489247a839,2,3,0.65,medium,v3_conflict_case,fallback_name_municipality,yamap_2025-10-11_06_24.gpx,大森山・佐々連尾山・三つ足山,NaN,NaN,,NaN,,,,strong,true,missing_csv_coordinate;timezone_ambiguity;multiple_mountains_for_candidate;near_tie_candidates_for_mountain,
433,大森山,summit-candidate:565ba3761956d9b3,1,2,0.65,medium,v3_conflict_case,fallback_name_municipality,yamap_2025-10-11_06_24.gpx,大森山・佐々連尾山・三つ足山,NaN,NaN,,NaN,,,,strong,true,missing_csv_coordinate;timezone_ambiguity;multiple_mountains_for_candidate;near_tie_candidates_for_mountain,
433,大森山,summit-candidate:a80dd0489247a839,2,4,0.65,medium,v3_conflict_case,fallback_name_municipality,yamap_2025-10-11_06_24.gpx,大森山・佐々連尾山・三つ足山,NaN,NaN,,NaN,,,,strong,true,missing_csv_coordinate;timezone_ambiguity;multiple_mountains_for_candidate;near_tie_candidates_for_mountain,
433,大森山,summit-candidate:b3cf76c035511afe,3,2,0.65,medium,v3_conflict_case,fallback_name_municipality,yamap_2026-02-22_06_23.gpx,大森山,NaN,NaN,,NaN,,,,strong,true,missing_csv_coordinate;timezone_ambiguity;multiple_mountains_for_candidate;near_tie_candidates_for_mountain,
433,大森山,summit-candidate:830c63408bf56cc5,4,2,0.55,low,v3_conflict_case,fallback_name_only_review,yamap_2023-01-21_09_56.gpx,大森山,NaN,NaN,,NaN,,,,strong,true,municipality_mismatch;missing_csv_coordinate;timezone_ambiguity;multiple_mountains_for_candidate;near_tie_candidates_for_mountain,
434,佐々連尾山,summit-candidate:565ba3761956d9b3,1,3,0.65,medium,v3_conflict_case,fallback_name_municipality,yamap_2025-10-11_06_24.gpx,大森山・佐々連尾山・三つ足山,NaN,NaN,,NaN,,,,strong,true,missing_csv_coordinate;timezone_ambiguity;multiple_mountains_for_candidate;near_tie_candidates_for_mountain,
434,佐々連尾山,summit-candidate:a80dd0489247a839,2,5,0.65,medium,v3_conflict_case,fallback_name_municipality,yamap_2025-10-11_06_24.gpx,大森山・佐々連尾山・三つ足山,NaN,NaN,,NaN,,,,strong,true,missing_csv_coordinate;timezone_ambiguity;multiple_mountains_for_candidate;near_tie_candidates_for_mountain,
436,大峰,summit-candidate:1946316119cd7251,1,1,0.65,medium,v3_conflict_case,fallback_name_municipality,yamap_2025-10-23_15_58.gpx,大峰,NaN,NaN,,,,,,strong,true,grounding_missing;missing_csv_coordinate;timezone_sensitive_activity_link,
436,大峰,summit-candidate:8de328f982753d58,2,2,0.55,low,v3_conflict_case,fallback_name_only_review,yamap_2022-08-21_15_44.gpx,大峰ヶ台,NaN,NaN,,,,,,strong,true,grounding_missing;municipality_mismatch;missing_csv_coordinate;timezone_sensitive_activity_link;multiple_mountains_for_candidate,
437,堂堂山,summit-candidate:f3bf8b21a01f29ef,1,1,0.65,medium,v3_candidate_review_required,fallback_name_municipality,yamap_2025-10-23_16_38.gpx,堂堂山,NaN,NaN,,,,,,strong,true,grounding_missing;missing_csv_coordinate;timezone_sensitive_activity_link,
438,堂所山,summit-candidate:192b785fe79890e5,1,1,0.65,medium,v3_candidate_review_required,fallback_name_municipality,yamap_2025-10-26_11_45.gpx,堂所山,NaN,NaN,,,,,,strong,true,grounding_missing;missing_csv_coordinate;timezone_ambiguity,
440,霧立山,summit-candidate:9fe4d21715424f17,1,1,0.65,medium,v3_conflict_case,fallback_name_municipality,yamap_2025-12-06_08_06.gpx,霧立山・地蔵山,NaN,NaN,,,,,,strong,true,grounding_missing;missing_csv_coordinate;timezone_ambiguity;multiple_mountains_for_candidate;near_tie_candidates_for_mountain,
440,霧立山,summit-candidate:b319c20dc9ecb5f1,2,1,0.65,medium,v3_conflict_case,fallback_name_municipality,yamap_2025-12-06_08_06.gpx,霧立山・地蔵山,NaN,NaN,,,,,,strong,true,grounding_missing;missing_csv_coordinate;timezone_ambiguity;multiple_mountains_for_candidate;near_tie_candidates_for_mountain,
441,地蔵山,summit-candidate:9fe4d21715424f17,1,2,0.65,medium,v3_conflict_case,fallback_name_municipality,yamap_2025-12-06_08_06.gpx,霧立山・地蔵山,NaN,NaN,,,,,,strong,true,grounding_missing;missing_csv_coordinate;timezone_ambiguity;multiple_mountains_for_candidate;near_tie_candidates_for_mountain,
441,地蔵山,summit-candidate:b319c20dc9ecb5f1,2,2,0.65,medium,v3_conflict_case,fallback_name_municipality,yamap_2025-12-06_08_06.gpx,霧立山・地蔵山,NaN,NaN,,,,,,strong,true,grounding_missing;missing_csv_coordinate;timezone_ambiguity;multiple_mountains_for_candidate;near_tie_candidates_for_mountain,
442,天道ヶ頭,summit-candidate:8d1f2bd134bed04d,1,1,0.65,medium,v3_candidate_review_required,fallback_name_municipality,yamap_2025-12-10_11_40.gpx,天道ヶ頭,NaN,NaN,,,,,,strong,true,grounding_missing;missing_csv_coordinate;timezone_ambiguity,
443,根太山,summit-candidate:b1bd2a482a691bd8,1,1,0.65,medium,v3_candidate_review_required,fallback_name_municipality,yamap_2025-12-14_12_03.gpx,根太山,NaN,NaN,,,,,,strong,true,grounding_missing;missing_csv_coordinate;timezone_ambiguity,
444,紅葉山,summit-candidate:6b62cbb916ef874d,1,1,0.65,medium,v3_conflict_case,fallback_name_municipality,yamap_2025-12-14_08_56.gpx,梁瀬山・紅葉山,NaN,NaN,,NaN,,,,strong,true,missing_csv_coordinate;timezone_ambiguity;multiple_mountains_for_candidate;near_tie_candidates_for_mountain,
444,紅葉山,summit-candidate:d663a75e24f23530,2,1,0.65,medium,v3_conflict_case,fallback_name_municipality,yamap_2025-12-14_08_56.gpx,梁瀬山・紅葉山,NaN,NaN,,NaN,,,,strong,true,missing_csv_coordinate;timezone_ambiguity;multiple_mountains_for_candidate;near_tie_candidates_for_mountain,
445,梁瀬山,summit-candidate:6b62cbb916ef874d,1,2,0.65,medium,v3_conflict_case,fallback_name_municipality,yamap_2025-12-14_08_56.gpx,梁瀬山・紅葉山,NaN,NaN,,NaN,,,,strong,true,missing_csv_coordinate;timezone_ambiguity;multiple_mountains_for_candidate;near_tie_candidates_for_mountain,
445,梁瀬山,summit-candidate:d663a75e24f23530,2,2,0.65,medium,v3_conflict_case,fallback_name_municipality,yamap_2025-12-14_08_56.gpx,梁瀬山・紅葉山,NaN,NaN,,NaN,,,,strong,true,missing_csv_coordinate;timezone_ambiguity;multiple_mountains_for_candidate;near_tie_candidates_for_mountain,
446,池ノ城山,summit-candidate:f028aab45221cee6,1,1,0.65,medium,v3_conflict_case,fallback_name_municipality,yamap_2025-12-20_07_28.gpx,池ノ城山,NaN,NaN,,NaN,,,,strong,true,missing_csv_coordinate;timezone_ambiguity;multiple_mountains_for_candidate,
447,峠ヶ森,summit-candidate:e7b64a377534c79e,1,1,0.65,medium,v3_candidate_review_required,fallback_name_municipality,yamap_2026-01-04_11_16.gpx,峠ヶ森,NaN,NaN,,,,,,strong,true,grounding_missing;missing_csv_coordinate;timezone_ambiguity,
448,雨森山,summit-candidate:730e21bca5cdf60d,1,1,0.65,medium,v3_candidate_review_required,fallback_name_municipality,yamap_2026-01-04_08_20.gpx,雨森山,NaN,NaN,,,,,,strong,true,grounding_missing;missing_csv_coordinate;timezone_ambiguity,
449,御在所山,summit-candidate:17c3649ad9b147ce,1,2,0.65,medium,v3_conflict_case,fallback_name_municipality,yamap_2026-01-07_07_05.gpx,御在所山,NaN,NaN,,NaN,,,,strong,true,missing_csv_coordinate;timezone_ambiguity;multiple_mountains_for_candidate;near_tie_candidates_for_mountain,
449,御在所山,summit-candidate:61f36127d879648f,2,2,0.65,medium,v3_conflict_case,fallback_name_municipality,yamap_2022-04-27_10_31.gpx,御在所山,NaN,NaN,,NaN,,,,strong,true,missing_csv_coordinate;timezone_ambiguity;multiple_mountains_for_candidate;near_tie_candidates_for_mountain,
450,高雄山,summit-candidate:a271a6c73ad11b69,1,1,0.65,medium,v3_candidate_review_required,fallback_name_municipality,yamap_2026-01-07_09_14.gpx,高雄山,NaN,NaN,,NaN,,,,strong,true,missing_csv_coordinate;timezone_ambiguity,
451,陣が森岳,summit-candidate:1fd59e0e67624706,1,1,0.65,medium,v3_conflict_case,fallback_name_municipality,yamap_2026-01-11_10_38.gpx,陣が森岳,NaN,NaN,,,,,,strong,true,grounding_missing;missing_csv_coordinate;timezone_ambiguity;multiple_mountains_for_candidate,
452,黒岩岳,summit-candidate:61304308f9a58d0d,1,1,0.65,medium,v3_candidate_review_required,fallback_name_municipality,yamap_2026-01-11_07_50.gpx,黒岩岳,NaN,NaN,,,,,,strong,true,grounding_missing;missing_csv_coordinate;timezone_ambiguity,
453,大判山,summit-candidate:fa9a4432fbf76027,1,1,0.65,medium,v3_candidate_review_required,fallback_name_municipality,yamap_2026-01-18_06_03.gpx,大判山,NaN,NaN,,,,,,strong,true,grounding_missing;missing_csv_coordinate;timezone_ambiguity,
454,竜王の峰,summit-candidate:51c8bc6a368c422c,1,1,0.65,medium,v3_candidate_review_required,fallback_name_municipality,yamap_2026-01-18_09_11.gpx,竜王の峰,NaN,NaN,,NaN,,,,strong,true,missing_csv_coordinate;timezone_ambiguity,
455,船ヶ迫岳,summit-candidate:4a22801b12460992,1,1,0.65,medium,v3_conflict_case,fallback_name_municipality,yamap_2026-01-25_07_43.gpx,船ヶ迫岳・鎌倉山,NaN,NaN,,NaN,,,,strong,true,missing_csv_coordinate;timezone_ambiguity;multiple_mountains_for_candidate;near_tie_candidates_for_mountain,
455,船ヶ迫岳,summit-candidate:ce7fc6697696cde7,2,1,0.65,medium,v3_conflict_case,fallback_name_municipality,yamap_2026-01-25_07_43.gpx,船ヶ迫岳・鎌倉山,NaN,NaN,,NaN,,,,strong,true,missing_csv_coordinate;timezone_ambiguity;multiple_mountains_for_candidate;near_tie_candidates_for_mountain,
456,鎌倉山,summit-candidate:4a22801b12460992,1,2,0.65,medium,v3_conflict_case,fallback_name_municipality,yamap_2026-01-25_07_43.gpx,船ヶ迫岳・鎌倉山,NaN,NaN,,NaN,,,,strong,true,missing_csv_coordinate;timezone_ambiguity;multiple_mountains_for_candidate;near_tie_candidates_for_mountain,
456,鎌倉山,summit-candidate:ce7fc6697696cde7,2,2,0.65,medium,v3_conflict_case,fallback_name_municipality,yamap_2026-01-25_07_43.gpx,船ヶ迫岳・鎌倉山,NaN,NaN,,NaN,,,,strong,true,missing_csv_coordinate;timezone_ambiguity;multiple_mountains_for_candidate;near_tie_candidates_for_mountain,
457,槇ノ山,summit-candidate:f39b40bd0d9b0192,1,1,0.65,medium,v3_conflict_case,fallback_name_municipality,yamap_2026-01-31_07_40.gpx,槇ノ山,NaN,NaN,,,,,,strong,true,grounding_missing;missing_csv_coordinate;timezone_ambiguity;near_tie_candidates_for_mountain,
457,槇ノ山,summit-candidate:fcfb64bccceb89d4,2,1,0.65,medium,v3_conflict_case,fallback_name_municipality,yamap_2026-01-31_07_40.gpx,槇ノ山,NaN,NaN,,,,,,strong,true,grounding_missing;missing_csv_coordinate;timezone_ambiguity;near_tie_candidates_for_mountain,
458,遠見山,summit-candidate:e55456349660bd14,1,1,0.65,medium,v3_conflict_case,fallback_name_municipality,yamap_2026-01-31_10_49.gpx,遠見山,NaN,NaN,,,,,,strong,true,grounding_missing;missing_csv_coordinate;timezone_ambiguity;multiple_mountains_for_candidate,
459,高森山,summit-candidate:428f403ddcc5a31a,1,4,0.65,medium,v3_conflict_case,fallback_name_municipality,yamap_2026-02-22_07_32.gpx,高森山・町木山・寒台山・鎧掛山,NaN,NaN,,NaN,,,,strong,true,missing_csv_coordinate;timezone_ambiguity;multiple_mountains_for_candidate;near_tie_candidates_for_mountain,
459,高森山,summit-candidate:7a8dca9b423536f5,2,4,0.65,medium,v3_conflict_case,fallback_name_municipality,yamap_2026-02-22_07_32.gpx,高森山・町木山・寒台山・鎧掛山,NaN,NaN,,NaN,,,,strong,true,missing_csv_coordinate;timezone_ambiguity;multiple_mountains_for_candidate;near_tie_candidates_for_mountain,
459,高森山,summit-candidate:e7ae682a07af2e10,3,7,0.65,medium,v3_conflict_case,fallback_name_municipality,yamap_2022-01-22_09_04.gpx,高森山・岩伽羅山・衣掛山・吉山(吉山城址),NaN,NaN,,NaN,,,,strong,true,missing_csv_coordinate;timezone_ambiguity;multiple_mountains_for_candidate;near_tie_candidates_for_mountain,
459,高森山,summit-candidate:19ab381ef6c337af,4,7,0.55,low,v3_conflict_case,fallback_name_only_review,yamap_2026-02-22_07_32.gpx,高森山・町木山・寒台山・鎧掛山,NaN,NaN,,NaN,,,,strong,true,municipality_mismatch;missing_csv_coordinate;timezone_ambiguity;multiple_mountains_for_candidate;near_tie_candidates_for_mountain,
459,高森山,summit-candidate:5f31b84e049f61fa,5,7,0.55,low,v3_conflict_case,fallback_name_only_review,yamap_2026-02-22_07_32.gpx,高森山・町木山・寒台山・鎧掛山,NaN,NaN,,NaN,,,,strong,true,municipality_mismatch;missing_csv_coordinate;timezone_ambiguity;multiple_mountains_for_candidate;near_tie_candidates_for_mountain,
459,高森山,summit-candidate:682d61b87016166b,6,4,0.55,low,v3_conflict_case,fallback_name_only_review,yamap_2025-03-17_13_17.gpx,高森山,NaN,NaN,,NaN,,,,strong,true,municipality_mismatch;missing_csv_coordinate;timezone_ambiguity;multiple_mountains_for_candidate;near_tie_candidates_for_mountain,
459,高森山,summit-candidate:a9b00b48e0c94eab,7,4,0.55,low,v3_conflict_case,fallback_name_only_review,yamap_2026-01-31_13_52.gpx,高森山,NaN,NaN,,NaN,,,,strong,true,municipality_mismatch;missing_csv_coordinate;timezone_ambiguity;multiple_mountains_for_candidate;near_tie_candidates_for_mountain,
459,高森山,summit-candidate:d03c84134ca0989d,8,7,0.55,low,v3_conflict_case,fallback_name_only_review,yamap_2022-01-22_09_04.gpx,高森山・岩伽羅山・衣掛山・吉山(吉山城址),NaN,NaN,,NaN,,,,strong,true,municipality_mismatch;missing_csv_coordinate;timezone_ambiguity;multiple_mountains_for_candidate;near_tie_candidates_for_mountain,
459,高森山,summit-candidate:f55ffb534aa2ae4c,9,7,0.55,low,v3_conflict_case,fallback_name_only_review,yamap_2026-02-22_07_32.gpx,高森山・町木山・寒台山・鎧掛山,NaN,NaN,,NaN,,,,strong,true,municipality_mismatch;missing_csv_coordinate;timezone_ambiguity;multiple_mountains_for_candidate;near_tie_candidates_for_mountain,
460,牛の峰,summit-candidate:6adfa15b8dbd8966,1,1,0.65,medium,v3_conflict_case,fallback_name_municipality,yamap_2026-02-07_07_21.gpx,牛の峰・尻高峰,NaN,NaN,,,,,,strong,true,grounding_missing;missing_csv_coordinate;timezone_ambiguity;multiple_mountains_for_candidate;near_tie_candidates_for_mountain,
460,牛の峰,summit-candidate:bd8fda9e743f2008,2,1,0.65,medium,v3_conflict_case,fallback_name_municipality,yamap_2026-02-07_07_21.gpx,牛の峰・尻高峰,NaN,NaN,,,,,,strong,true,grounding_missing;missing_csv_coordinate;timezone_ambiguity;multiple_mountains_for_candidate;near_tie_candidates_for_mountain,
461,尻高峰,summit-candidate:6adfa15b8dbd8966,1,2,0.65,medium,v3_conflict_case,fallback_name_municipality,yamap_2026-02-07_07_21.gpx,牛の峰・尻高峰,NaN,NaN,,NaN,,,,strong,true,missing_csv_coordinate;timezone_ambiguity;multiple_mountains_for_candidate;near_tie_candidates_for_mountain,
461,尻高峰,summit-candidate:bd8fda9e743f2008,2,2,0.65,medium,v3_conflict_case,fallback_name_municipality,yamap_2026-02-07_07_21.gpx,牛の峰・尻高峰,NaN,NaN,,NaN,,,,strong,true,missing_csv_coordinate;timezone_ambiguity;multiple_mountains_for_candidate;near_tie_candidates_for_mountain,
462,鞍掛山,summit-candidate:6b19d2116121b615,1,1,0.65,medium,v3_candidate_review_required,fallback_name_municipality,yamap_2026-02-07_11_17.gpx,鞍掛山,NaN,NaN,,NaN,,,,strong,true,missing_csv_coordinate;timezone_ambiguity,
463,大畑山,summit-candidate:bb84b00f3a929195,1,1,0.65,medium,v3_candidate_review_required,fallback_name_municipality,yamap_2026-02-14_08_22.gpx,大畑山,NaN,NaN,,NaN,,,,strong,true,missing_csv_coordinate;timezone_ambiguity,
465,権現山,summit-candidate:2c817617699a0a45,1,10,0.65,medium,v3_conflict_case,fallback_name_municipality,yamap_2022-02-06_08_26.gpx,谷上山・権現山・白滝山・障子山,NaN,NaN,,NaN,,,,strong,true,missing_csv_coordinate;timezone_ambiguity;multiple_mountains_for_candidate;near_tie_candidates_for_mountain,
465,権現山,summit-candidate:6756239601754708,2,1,0.65,medium,v3_conflict_case,fallback_name_municipality,yamap_2026-02-14_13_33.gpx,権現山,NaN,NaN,,NaN,,,,strong,true,missing_csv_coordinate;timezone_ambiguity;multiple_mountains_for_candidate;near_tie_candidates_for_mountain,
465,権現山,summit-candidate:7ef7c15a52318cc9,3,9,0.65,medium,v3_conflict_case,fallback_name_municipality,yamap_2022-11-05_04_38.gpx,権現山・黒岳・エビラ山・二ッ岳,NaN,NaN,,NaN,,,,strong,true,missing_csv_coordinate;timezone_ambiguity;multiple_mountains_for_candidate;near_tie_candidates_for_mountain,
465,権現山,summit-candidate:a0ef25e9a532b62e,4,10,0.65,medium,v3_conflict_case,fallback_name_municipality,yamap_2022-02-06_08_26.gpx,谷上山・権現山・白滝山・障子山,NaN,NaN,,NaN,,,,strong,true,missing_csv_coordinate;timezone_ambiguity;multiple_mountains_for_candidate;near_tie_candidates_for_mountain,
465,権現山,summit-candidate:c94d8d76133fda1a,5,10,0.65,medium,v3_conflict_case,fallback_name_municipality,yamap_2022-02-06_08_26.gpx,谷上山・権現山・白滝山・障子山,NaN,NaN,,NaN,,,,strong,true,missing_csv_coordinate;timezone_ambiguity;multiple_mountains_for_candidate;near_tie_candidates_for_mountain,
465,権現山,summit-candidate:cf97b8470d2ed1d7,6,9,0.65,medium,v3_conflict_case,fallback_name_municipality,yamap_2022-11-05_04_38.gpx,権現山・黒岳・エビラ山・二ッ岳,NaN,NaN,,NaN,,,,strong,true,missing_csv_coordinate;timezone_ambiguity;multiple_mountains_for_candidate;near_tie_candidates_for_mountain,
465,権現山,summit-candidate:df6b60d513f5518e,7,9,0.65,medium,v3_conflict_case,fallback_name_municipality,yamap_2024-07-06_10_01.gpx,子持権現山・男山・瓶ヶ森,NaN,NaN,,NaN,,,,strong,true,missing_csv_coordinate;timezone_ambiguity;multiple_mountains_for_candidate;near_tie_candidates_for_mountain,
465,権現山,summit-candidate:ea5f711625df386b,8,10,0.65,medium,v3_conflict_case,fallback_name_municipality,yamap_2022-02-06_08_26.gpx,谷上山・権現山・白滝山・障子山,NaN,NaN,,NaN,,,,strong,true,missing_csv_coordinate;timezone_ambiguity;multiple_mountains_for_candidate;near_tie_candidates_for_mountain,
465,権現山,summit-candidate:ffa6a88e4e680fd5,9,9,0.65,medium,v3_conflict_case,fallback_name_municipality,yamap_2022-11-05_04_38.gpx,権現山・黒岳・エビラ山・二ッ岳,NaN,NaN,,NaN,,,,strong,true,missing_csv_coordinate;timezone_ambiguity;multiple_mountains_for_candidate;near_tie_candidates_for_mountain,
465,権現山,summit-candidate:047b9599ec28c6ad,10,6,0.55,low,v3_conflict_case,fallback_name_only_review,yamap_2023-01-08_09_18.gpx,権現山,NaN,NaN,,NaN,,,,strong,true,municipality_mismatch;missing_csv_coordinate;timezone_ambiguity;multiple_mountains_for_candidate;near_tie_candidates_for_mountain,
465,権現山,summit-candidate:09547fd48f24d064,11,9,0.55,low,v3_conflict_case,fallback_name_only_review,yamap_2022-11-05_04_38.gpx,権現山・黒岳・エビラ山・二ッ岳,NaN,NaN,,NaN,,,,strong,true,municipality_mismatch;missing_csv_coordinate;timezone_ambiguity;multiple_mountains_for_candidate;near_tie_candidates_for_mountain,
465,権現山,summit-candidate:0c2609d9e7e31a00,12,9,0.55,low,v3_conflict_case,fallback_name_only_review,yamap_2022-10-16_10_19.gpx,楢原山・古権現山・中三方ヶ森,NaN,NaN,,NaN,,,,strong,true,municipality_mismatch;missing_csv_coordinate;timezone_ambiguity;multiple_mountains_for_candidate;near_tie_candidates_for_mountain,
465,権現山,summit-candidate:0eff3d1ea2b48d73,13,10,0.55,low,v3_conflict_case,fallback_name_only_review,yamap_2022-02-06_08_26.gpx,谷上山・権現山・白滝山・障子山,NaN,NaN,,NaN,,,,strong,true,municipality_mismatch;missing_csv_coordinate;timezone_ambiguity;multiple_mountains_for_candidate;near_tie_candidates_for_mountain,
465,権現山,summit-candidate:17b2365d322cd022,14,9,0.55,low,v3_conflict_case,fallback_name_only_review,yamap_2022-10-16_10_19.gpx,楢原山・古権現山・中三方ヶ森,NaN,NaN,,NaN,,,,strong,true,municipality_mismatch;missing_csv_coordinate;timezone_ambiguity;multiple_mountains_for_candidate;near_tie_candidates_for_mountain,
465,権現山,summit-candidate:2011a6c909945d6f,15,7,0.55,low,v3_conflict_case,fallback_name_only_review,yamap_2026-04-12_11_03.gpx,権現山,NaN,NaN,,NaN,,,,strong,true,municipality_mismatch;missing_csv_coordinate;timezone_ambiguity;multiple_mountains_for_candidate;near_tie_candidates_for_mountain,
465,権現山,summit-candidate:32bb5e7e1071e808,16,6,0.55,low,v3_conflict_case,fallback_name_only_review,yamap_2023-01-08_09_18.gpx,権現山,NaN,NaN,,NaN,,,,strong,true,municipality_mismatch;missing_csv_coordinate;timezone_ambiguity;multiple_mountains_for_candidate;near_tie_candidates_for_mountain,
465,権現山,summit-candidate:84f974876f397da1,17,7,0.55,low,v3_conflict_case,fallback_name_only_review,yamap_2024-02-10_13_09.gpx,権現山,NaN,NaN,,NaN,,,,strong,true,municipality_mismatch;missing_csv_coordinate;timezone_ambiguity;multiple_mountains_for_candidate;near_tie_candidates_for_mountain,
465,権現山,summit-candidate:bcf5d9d5a90e5cda,18,9,0.55,low,v3_conflict_case,fallback_name_only_review,yamap_2022-10-16_10_19.gpx,楢原山・古権現山・中三方ヶ森,NaN,NaN,,NaN,,,,strong,true,municipality_mismatch;missing_csv_coordinate;timezone_ambiguity;multiple_mountains_for_candidate;near_tie_candidates_for_mountain,
465,権現山,summit-candidate:c7ac7ff98cacc074,19,9,0.55,low,v3_conflict_case,fallback_name_only_review,yamap_2022-10-16_10_19.gpx,楢原山・古権現山・中三方ヶ森,NaN,NaN,,NaN,,,,strong,true,municipality_mismatch;missing_csv_coordinate;timezone_ambiguity;multiple_mountains_for_candidate;near_tie_candidates_for_mountain,
465,権現山,summit-candidate:e8b129f70e703be5,20,7,0.55,low,v3_conflict_case,fallback_name_only_review,yamap_2026-03-07_11_08.gpx,権現山,NaN,NaN,,NaN,,,,strong,true,municipality_mismatch;missing_csv_coordinate;timezone_ambiguity;multiple_mountains_for_candidate;near_tie_candidates_for_mountain,
465,権現山,summit-candidate:f108570a8e33ce90,21,7,0.55,low,v3_conflict_case,fallback_name_only_review,yamap_2023-12-17_07_11.gpx,総津権現山,NaN,NaN,,NaN,,,,strong,true,municipality_mismatch;missing_csv_coordinate;timezone_ambiguity;multiple_mountains_for_candidate;near_tie_candidates_for_mountain,
465,権現山,summit-candidate:f2538b7f88e2dd06,22,9,0.55,low,v3_conflict_case,fallback_name_only_review,yamap_2024-07-06_10_01.gpx,子持権現山・男山・瓶ヶ森,NaN,NaN,,NaN,,,,strong,true,municipality_mismatch;missing_csv_coordinate;timezone_ambiguity;multiple_mountains_for_candidate;near_tie_candidates_for_mountain,
466,大森山,summit-candidate:a80dd0489247a839,1,6,0.65,medium,v3_conflict_case,fallback_name_municipality,yamap_2025-10-11_06_24.gpx,大森山・佐々連尾山・三つ足山,NaN,NaN,,NaN,,,,strong,true,missing_csv_coordinate;timezone_ambiguity;multiple_mountains_for_candidate;near_tie_candidates_for_mountain,
466,大森山,summit-candidate:b3cf76c035511afe,2,3,0.65,medium,v3_conflict_case,fallback_name_municipality,yamap_2026-02-22_06_23.gpx,大森山,NaN,NaN,,NaN,,,,strong,true,missing_csv_coordinate;timezone_ambiguity;multiple_mountains_for_candidate;near_tie_candidates_for_mountain,
466,大森山,summit-candidate:565ba3761956d9b3,3,6,0.55,low,v3_conflict_case,fallback_name_only_review,yamap_2025-10-11_06_24.gpx,大森山・佐々連尾山・三つ足山,NaN,NaN,,NaN,,,,strong,true,municipality_mismatch;missing_csv_coordinate;timezone_ambiguity;multiple_mountains_for_candidate;near_tie_candidates_for_mountain,
466,大森山,summit-candidate:830c63408bf56cc5,4,3,0.55,low,v3_conflict_case,fallback_name_only_review,yamap_2023-01-21_09_56.gpx,大森山,NaN,NaN,,NaN,,,,strong,true,municipality_mismatch;missing_csv_coordinate;timezone_ambiguity;multiple_mountains_for_candidate;near_tie_candidates_for_mountain,
467,高森山,summit-candidate:19ab381ef6c337af,1,1,0.65,medium,v3_conflict_case,fallback_name_municipality,yamap_2026-02-22_07_32.gpx,高森山・町木山・寒台山・鎧掛山,NaN,NaN,,NaN,,,,strong,true,missing_csv_coordinate;timezone_ambiguity;multiple_mountains_for_candidate;near_tie_candidates_for_mountain,
467,高森山,summit-candidate:428f403ddcc5a31a,2,5,0.65,medium,v3_conflict_case,fallback_name_municipality,yamap_2026-02-22_07_32.gpx,高森山・町木山・寒台山・鎧掛山,NaN,NaN,,NaN,,,,strong,true,missing_csv_coordinate;timezone_ambiguity;multiple_mountains_for_candidate;near_tie_candidates_for_mountain,
467,高森山,summit-candidate:5f31b84e049f61fa,3,1,0.65,medium,v3_conflict_case,fallback_name_municipality,yamap_2026-02-22_07_32.gpx,高森山・町木山・寒台山・鎧掛山,NaN,NaN,,NaN,,,,strong,true,missing_csv_coordinate;timezone_ambiguity;multiple_mountains_for_candidate;near_tie_candidates_for_mountain,
467,高森山,summit-candidate:7a8dca9b423536f5,4,5,0.65,medium,v3_conflict_case,fallback_name_municipality,yamap_2026-02-22_07_32.gpx,高森山・町木山・寒台山・鎧掛山,NaN,NaN,,NaN,,,,strong,true,missing_csv_coordinate;timezone_ambiguity;multiple_mountains_for_candidate;near_tie_candidates_for_mountain,
467,高森山,summit-candidate:e7ae682a07af2e10,5,8,0.65,medium,v3_conflict_case,fallback_name_municipality,yamap_2022-01-22_09_04.gpx,高森山・岩伽羅山・衣掛山・吉山(吉山城址),NaN,NaN,,NaN,,,,strong,true,missing_csv_coordinate;timezone_ambiguity;multiple_mountains_for_candidate;near_tie_candidates_for_mountain,
467,高森山,summit-candidate:f55ffb534aa2ae4c,6,1,0.65,medium,v3_conflict_case,fallback_name_municipality,yamap_2026-02-22_07_32.gpx,高森山・町木山・寒台山・鎧掛山,NaN,NaN,,NaN,,,,strong,true,missing_csv_coordinate;timezone_ambiguity;multiple_mountains_for_candidate;near_tie_candidates_for_mountain,
467,高森山,summit-candidate:682d61b87016166b,7,5,0.55,low,v3_conflict_case,fallback_name_only_review,yamap_2025-03-17_13_17.gpx,高森山,NaN,NaN,,NaN,,,,strong,true,municipality_mismatch;missing_csv_coordinate;timezone_ambiguity;multiple_mountains_for_candidate;near_tie_candidates_for_mountain,
467,高森山,summit-candidate:a9b00b48e0c94eab,8,5,0.55,low,v3_conflict_case,fallback_name_only_review,yamap_2026-01-31_13_52.gpx,高森山,NaN,NaN,,NaN,,,,strong,true,municipality_mismatch;missing_csv_coordinate;timezone_ambiguity;multiple_mountains_for_candidate;near_tie_candidates_for_mountain,
467,高森山,summit-candidate:d03c84134ca0989d,9,8,0.55,low,v3_conflict_case,fallback_name_only_review,yamap_2022-01-22_09_04.gpx,高森山・岩伽羅山・衣掛山・吉山(吉山城址),NaN,NaN,,NaN,,,,strong,true,municipality_mismatch;missing_csv_coordinate;timezone_ambiguity;multiple_mountains_for_candidate;near_tie_candidates_for_mountain,
468,町木山,summit-candidate:19ab381ef6c337af,1,2,0.65,medium,v3_conflict_case,fallback_name_municipality,yamap_2026-02-22_07_32.gpx,高森山・町木山・寒台山・鎧掛山,NaN,NaN,,,,,,strong,true,grounding_missing;missing_csv_coordinate;timezone_ambiguity;multiple_mountains_for_candidate;near_tie_candidates_for_mountain,
468,町木山,summit-candidate:428f403ddcc5a31a,2,6,0.65,medium,v3_conflict_case,fallback_name_municipality,yamap_2026-02-22_07_32.gpx,高森山・町木山・寒台山・鎧掛山,NaN,NaN,,,,,,strong,true,grounding_missing;missing_csv_coordinate;timezone_ambiguity;multiple_mountains_for_candidate;near_tie_candidates_for_mountain,
468,町木山,summit-candidate:5f31b84e049f61fa,3,2,0.65,medium,v3_conflict_case,fallback_name_municipality,yamap_2026-02-22_07_32.gpx,高森山・町木山・寒台山・鎧掛山,NaN,NaN,,,,,,strong,true,grounding_missing;missing_csv_coordinate;timezone_ambiguity;multiple_mountains_for_candidate;near_tie_candidates_for_mountain,
468,町木山,summit-candidate:7a8dca9b423536f5,4,6,0.65,medium,v3_conflict_case,fallback_name_municipality,yamap_2026-02-22_07_32.gpx,高森山・町木山・寒台山・鎧掛山,NaN,NaN,,,,,,strong,true,grounding_missing;missing_csv_coordinate;timezone_ambiguity;multiple_mountains_for_candidate;near_tie_candidates_for_mountain,
468,町木山,summit-candidate:f55ffb534aa2ae4c,5,2,0.65,medium,v3_conflict_case,fallback_name_municipality,yamap_2026-02-22_07_32.gpx,高森山・町木山・寒台山・鎧掛山,NaN,NaN,,,,,,strong,true,grounding_missing;missing_csv_coordinate;timezone_ambiguity;multiple_mountains_for_candidate;near_tie_candidates_for_mountain,
469,寒台山,summit-candidate:428f403ddcc5a31a,1,7,0.65,medium,v3_conflict_case,fallback_name_municipality,yamap_2026-02-22_07_32.gpx,高森山・町木山・寒台山・鎧掛山,NaN,NaN,,NaN,,,,strong,true,missing_csv_coordinate;timezone_ambiguity;multiple_mountains_for_candidate;near_tie_candidates_for_mountain,
469,寒台山,summit-candidate:7a8dca9b423536f5,2,7,0.65,medium,v3_conflict_case,fallback_name_municipality,yamap_2026-02-22_07_32.gpx,高森山・町木山・寒台山・鎧掛山,NaN,NaN,,NaN,,,,strong,true,missing_csv_coordinate;timezone_ambiguity;multiple_mountains_for_candidate;near_tie_candidates_for_mountain,
469,寒台山,summit-candidate:19ab381ef6c337af,3,8,0.55,low,v3_conflict_case,fallback_name_only_review,yamap_2026-02-22_07_32.gpx,高森山・町木山・寒台山・鎧掛山,NaN,NaN,,NaN,,,,strong,true,municipality_mismatch;missing_csv_coordinate;timezone_ambiguity;multiple_mountains_for_candidate;near_tie_candidates_for_mountain,
469,寒台山,summit-candidate:5f31b84e049f61fa,4,8,0.55,low,v3_conflict_case,fallback_name_only_review,yamap_2026-02-22_07_32.gpx,高森山・町木山・寒台山・鎧掛山,NaN,NaN,,NaN,,,,strong,true,municipality_mismatch;missing_csv_coordinate;timezone_ambiguity;multiple_mountains_for_candidate;near_tie_candidates_for_mountain,
469,寒台山,summit-candidate:f55ffb534aa2ae4c,5,8,0.55,low,v3_conflict_case,fallback_name_only_review,yamap_2026-02-22_07_32.gpx,高森山・町木山・寒台山・鎧掛山,NaN,NaN,,NaN,,,,strong,true,municipality_mismatch;missing_csv_coordinate;timezone_ambiguity;multiple_mountains_for_candidate;near_tie_candidates_for_mountain,
470,鎧掛山,summit-candidate:19ab381ef6c337af,1,3,0.65,medium,v3_conflict_case,fallback_name_municipality,yamap_2026-02-22_07_32.gpx,高森山・町木山・寒台山・鎧掛山,NaN,NaN,,NaN,,,,strong,true,missing_csv_coordinate;timezone_ambiguity;multiple_mountains_for_candidate;near_tie_candidates_for_mountain,
470,鎧掛山,summit-candidate:428f403ddcc5a31a,2,8,0.65,medium,v3_conflict_case,fallback_name_municipality,yamap_2026-02-22_07_32.gpx,高森山・町木山・寒台山・鎧掛山,NaN,NaN,,NaN,,,,strong,true,missing_csv_coordinate;timezone_ambiguity;multiple_mountains_for_candidate;near_tie_candidates_for_mountain,
470,鎧掛山,summit-candidate:5f31b84e049f61fa,3,3,0.65,medium,v3_conflict_case,fallback_name_municipality,yamap_2026-02-22_07_32.gpx,高森山・町木山・寒台山・鎧掛山,NaN,NaN,,NaN,,,,strong,true,missing_csv_coordinate;timezone_ambiguity;multiple_mountains_for_candidate;near_tie_candidates_for_mountain,
470,鎧掛山,summit-candidate:7a8dca9b423536f5,4,8,0.65,medium,v3_conflict_case,fallback_name_municipality,yamap_2026-02-22_07_32.gpx,高森山・町木山・寒台山・鎧掛山,NaN,NaN,,NaN,,,,strong,true,missing_csv_coordinate;timezone_ambiguity;multiple_mountains_for_candidate;near_tie_candidates_for_mountain,
470,鎧掛山,summit-candidate:f55ffb534aa2ae4c,5,3,0.65,medium,v3_conflict_case,fallback_name_municipality,yamap_2026-02-22_07_32.gpx,高森山・町木山・寒台山・鎧掛山,NaN,NaN,,NaN,,,,strong,true,missing_csv_coordinate;timezone_ambiguity;multiple_mountains_for_candidate;near_tie_candidates_for_mountain,
472,剣ノ山,summit-candidate:0d5802be6f4a6c6e,1,1,0.65,medium,v3_conflict_case,fallback_name_municipality,yamap_2026-03-01_06_45.gpx,剣ノ山・三傍示山・塩塚峰,NaN,NaN,,NaN,,,,strong,true,missing_csv_coordinate;timezone_ambiguity;multiple_mountains_for_candidate;near_tie_candidates_for_mountain,
472,剣ノ山,summit-candidate:737ce2580de91527,2,1,0.65,medium,v3_conflict_case,fallback_name_municipality,yamap_2026-03-01_06_45.gpx,剣ノ山・三傍示山・塩塚峰,NaN,NaN,,NaN,,,,strong,true,missing_csv_coordinate;timezone_ambiguity;multiple_mountains_for_candidate;near_tie_candidates_for_mountain,
472,剣ノ山,summit-candidate:740ae36ed8c63d60,3,1,0.65,medium,v3_conflict_case,fallback_name_municipality,yamap_2026-03-01_06_45.gpx,剣ノ山・三傍示山・塩塚峰,NaN,NaN,,NaN,,,,strong,true,missing_csv_coordinate;timezone_ambiguity;multiple_mountains_for_candidate;near_tie_candidates_for_mountain,
472,剣ノ山,summit-candidate:78274ad93e160452,4,1,0.65,medium,v3_conflict_case,fallback_name_municipality,yamap_2026-03-01_06_45.gpx,剣ノ山・三傍示山・塩塚峰,NaN,NaN,,NaN,,,,strong,true,missing_csv_coordinate;timezone_ambiguity;multiple_mountains_for_candidate;near_tie_candidates_for_mountain,
472,剣ノ山,summit-candidate:7a53852cc6c3e971,5,1,0.65,medium,v3_conflict_case,fallback_name_municipality,yamap_2026-03-01_06_45.gpx,剣ノ山・三傍示山・塩塚峰,NaN,NaN,,NaN,,,,strong,true,missing_csv_coordinate;timezone_ambiguity;multiple_mountains_for_candidate;near_tie_candidates_for_mountain,
473,三傍示山,summit-candidate:0d5802be6f4a6c6e,1,2,0.65,medium,v3_conflict_case,fallback_name_municipality,yamap_2026-03-01_06_45.gpx,剣ノ山・三傍示山・塩塚峰,NaN,NaN,,NaN,,,,strong,true,missing_csv_coordinate;timezone_ambiguity;multiple_mountains_for_candidate;near_tie_candidates_for_mountain,
473,三傍示山,summit-candidate:737ce2580de91527,2,2,0.65,medium,v3_conflict_case,fallback_name_municipality,yamap_2026-03-01_06_45.gpx,剣ノ山・三傍示山・塩塚峰,NaN,NaN,,NaN,,,,strong,true,missing_csv_coordinate;timezone_ambiguity;multiple_mountains_for_candidate;near_tie_candidates_for_mountain,
473,三傍示山,summit-candidate:740ae36ed8c63d60,3,2,0.65,medium,v3_conflict_case,fallback_name_municipality,yamap_2026-03-01_06_45.gpx,剣ノ山・三傍示山・塩塚峰,NaN,NaN,,NaN,,,,strong,true,missing_csv_coordinate;timezone_ambiguity;multiple_mountains_for_candidate;near_tie_candidates_for_mountain,
473,三傍示山,summit-candidate:78274ad93e160452,4,2,0.65,medium,v3_conflict_case,fallback_name_municipality,yamap_2026-03-01_06_45.gpx,剣ノ山・三傍示山・塩塚峰,NaN,NaN,,NaN,,,,strong,true,missing_csv_coordinate;timezone_ambiguity;multiple_mountains_for_candidate;near_tie_candidates_for_mountain,
473,三傍示山,summit-candidate:7a53852cc6c3e971,5,2,0.65,medium,v3_conflict_case,fallback_name_municipality,yamap_2026-03-01_06_45.gpx,剣ノ山・三傍示山・塩塚峰,NaN,NaN,,NaN,,,,strong,true,missing_csv_coordinate;timezone_ambiguity;multiple_mountains_for_candidate;near_tie_candidates_for_mountain,
474,塩塚峰,summit-candidate:0d5802be6f4a6c6e,1,3,0.65,medium,v3_conflict_case,fallback_name_municipality,yamap_2026-03-01_06_45.gpx,剣ノ山・三傍示山・塩塚峰,NaN,NaN,,NaN,,,,strong,true,missing_csv_coordinate;timezone_ambiguity;multiple_mountains_for_candidate;near_tie_candidates_for_mountain,
474,塩塚峰,summit-candidate:737ce2580de91527,2,3,0.65,medium,v3_conflict_case,fallback_name_municipality,yamap_2026-03-01_06_45.gpx,剣ノ山・三傍示山・塩塚峰,NaN,NaN,,NaN,,,,strong,true,missing_csv_coordinate;timezone_ambiguity;multiple_mountains_for_candidate;near_tie_candidates_for_mountain,
474,塩塚峰,summit-candidate:740ae36ed8c63d60,3,3,0.65,medium,v3_conflict_case,fallback_name_municipality,yamap_2026-03-01_06_45.gpx,剣ノ山・三傍示山・塩塚峰,NaN,NaN,,NaN,,,,strong,true,missing_csv_coordinate;timezone_ambiguity;multiple_mountains_for_candidate;near_tie_candidates_for_mountain,
474,塩塚峰,summit-candidate:78274ad93e160452,4,3,0.65,medium,v3_conflict_case,fallback_name_municipality,yamap_2026-03-01_06_45.gpx,剣ノ山・三傍示山・塩塚峰,NaN,NaN,,NaN,,,,strong,true,missing_csv_coordinate;timezone_ambiguity;multiple_mountains_for_candidate;near_tie_candidates_for_mountain,
474,塩塚峰,summit-candidate:7a53852cc6c3e971,5,3,0.65,medium,v3_conflict_case,fallback_name_municipality,yamap_2026-03-01_06_45.gpx,剣ノ山・三傍示山・塩塚峰,NaN,NaN,,NaN,,,,strong,true,missing_csv_coordinate;timezone_ambiguity;multiple_mountains_for_candidate;near_tie_candidates_for_mountain,
475,登議城山,summit-candidate:9fe27d7d4a51aa70,1,1,0.65,medium,v3_conflict_case,fallback_name_municipality,yamap_2026-03-04_06_40.gpx,登議城山,NaN,NaN,,,,,,strong,true,grounding_missing;missing_csv_coordinate;timezone_ambiguity;multiple_mountains_for_candidate,
476,愛宕山,summit-candidate:c6ea08c2953b4cb8,1,1,0.65,medium,v3_conflict_case,fallback_name_municipality,yamap_2026-03-04_09_46.gpx,愛宕山,NaN,NaN,,,,,,strong,true,grounding_missing;missing_csv_coordinate;timezone_ambiguity;multiple_mountains_for_candidate,
476,愛宕山,summit-candidate:22b4a5a5c856bf4d,2,3,0.55,low,v3_conflict_case,fallback_name_only_review,yamap_2022-02-16_11_57.gpx,愛宕山・常光寺山,NaN,NaN,,,,,,strong,true,grounding_missing;municipality_mismatch;missing_csv_coordinate;timezone_ambiguity;multiple_mountains_for_candidate,
476,愛宕山,summit-candidate:d9391b001d4bc442,3,3,0.55,low,v3_conflict_case,fallback_name_only_review,yamap_2022-02-16_11_57.gpx,愛宕山・常光寺山,NaN,NaN,,,,,,strong,true,grounding_missing;municipality_mismatch;missing_csv_coordinate;timezone_ambiguity;multiple_mountains_for_candidate,
477,笠松山東峰,summit-candidate:8f25ad4ff380df77,1,3,0.65,medium,v3_conflict_case,fallback_name_municipality,yamap_2026-03-06_09_00.gpx,世田山・笠松山東峰・笠松山,NaN,NaN,,NaN,,,,strong,true,missing_csv_coordinate;timezone_ambiguity;multiple_mountains_for_candidate,
480,権現山,summit-candidate:2c817617699a0a45,1,11,0.65,medium,v3_conflict_case,fallback_name_municipality,yamap_2022-02-06_08_26.gpx,谷上山・権現山・白滝山・障子山,NaN,NaN,,NaN,,,,strong,true,missing_csv_coordinate;timezone_ambiguity;multiple_mountains_for_candidate;near_tie_candidates_for_mountain,
480,権現山,summit-candidate:7ef7c15a52318cc9,2,10,0.65,medium,v3_conflict_case,fallback_name_municipality,yamap_2022-11-05_04_38.gpx,権現山・黒岳・エビラ山・二ッ岳,NaN,NaN,,NaN,,,,strong,true,missing_csv_coordinate;timezone_ambiguity;multiple_mountains_for_candidate;near_tie_candidates_for_mountain,
480,権現山,summit-candidate:84f974876f397da1,3,2,0.65,medium,v3_conflict_case,fallback_name_municipality,yamap_2024-02-10_13_09.gpx,権現山,NaN,NaN,,NaN,,,,strong,true,missing_csv_coordinate;timezone_ambiguity;multiple_mountains_for_candidate;near_tie_candidates_for_mountain,
480,権現山,summit-candidate:a0ef25e9a532b62e,4,11,0.65,medium,v3_conflict_case,fallback_name_municipality,yamap_2022-02-06_08_26.gpx,谷上山・権現山・白滝山・障子山,NaN,NaN,,NaN,,,,strong,true,missing_csv_coordinate;timezone_ambiguity;multiple_mountains_for_candidate;near_tie_candidates_for_mountain,
480,権現山,summit-candidate:c94d8d76133fda1a,5,11,0.65,medium,v3_conflict_case,fallback_name_municipality,yamap_2022-02-06_08_26.gpx,谷上山・権現山・白滝山・障子山,NaN,NaN,,NaN,,,,strong,true,missing_csv_coordinate;timezone_ambiguity;multiple_mountains_for_candidate;near_tie_candidates_for_mountain,
480,権現山,summit-candidate:cf97b8470d2ed1d7,6,10,0.65,medium,v3_conflict_case,fallback_name_municipality,yamap_2022-11-05_04_38.gpx,権現山・黒岳・エビラ山・二ッ岳,NaN,NaN,,NaN,,,,strong,true,missing_csv_coordinate;timezone_ambiguity;multiple_mountains_for_candidate;near_tie_candidates_for_mountain,
480,権現山,summit-candidate:df6b60d513f5518e,7,10,0.65,medium,v3_conflict_case,fallback_name_municipality,yamap_2024-07-06_10_01.gpx,子持権現山・男山・瓶ヶ森,NaN,NaN,,NaN,,,,strong,true,missing_csv_coordinate;timezone_ambiguity;multiple_mountains_for_candidate;near_tie_candidates_for_mountain,
480,権現山,summit-candidate:e8b129f70e703be5,8,2,0.65,medium,v3_conflict_case,fallback_name_municipality,yamap_2026-03-07_11_08.gpx,権現山,NaN,NaN,,NaN,,,,strong,true,missing_csv_coordinate;timezone_ambiguity;multiple_mountains_for_candidate;near_tie_candidates_for_mountain,
480,権現山,summit-candidate:ea5f711625df386b,9,11,0.65,medium,v3_conflict_case,fallback_name_municipality,yamap_2022-02-06_08_26.gpx,谷上山・権現山・白滝山・障子山,NaN,NaN,,NaN,,,,strong,true,missing_csv_coordinate;timezone_ambiguity;multiple_mountains_for_candidate;near_tie_candidates_for_mountain,
480,権現山,summit-candidate:ffa6a88e4e680fd5,10,10,0.65,medium,v3_conflict_case,fallback_name_municipality,yamap_2022-11-05_04_38.gpx,権現山・黒岳・エビラ山・二ッ岳,NaN,NaN,,NaN,,,,strong,true,missing_csv_coordinate;timezone_ambiguity;multiple_mountains_for_candidate;near_tie_candidates_for_mountain,
480,権現山,summit-candidate:047b9599ec28c6ad,11,7,0.55,low,v3_conflict_case,fallback_name_only_review,yamap_2023-01-08_09_18.gpx,権現山,NaN,NaN,,NaN,,,,strong,true,municipality_mismatch;missing_csv_coordinate;timezone_ambiguity;multiple_mountains_for_candidate;near_tie_candidates_for_mountain,
480,権現山,summit-candidate:09547fd48f24d064,12,10,0.55,low,v3_conflict_case,fallback_name_only_review,yamap_2022-11-05_04_38.gpx,権現山・黒岳・エビラ山・二ッ岳,NaN,NaN,,NaN,,,,strong,true,municipality_mismatch;missing_csv_coordinate;timezone_ambiguity;multiple_mountains_for_candidate;near_tie_candidates_for_mountain,
480,権現山,summit-candidate:0c2609d9e7e31a00,13,10,0.55,low,v3_conflict_case,fallback_name_only_review,yamap_2022-10-16_10_19.gpx,楢原山・古権現山・中三方ヶ森,NaN,NaN,,NaN,,,,strong,true,municipality_mismatch;missing_csv_coordinate;timezone_ambiguity;multiple_mountains_for_candidate;near_tie_candidates_for_mountain,
480,権現山,summit-candidate:0eff3d1ea2b48d73,14,11,0.55,low,v3_conflict_case,fallback_name_only_review,yamap_2022-02-06_08_26.gpx,谷上山・権現山・白滝山・障子山,NaN,NaN,,NaN,,,,strong,true,municipality_mismatch;missing_csv_coordinate;timezone_ambiguity;multiple_mountains_for_candidate;near_tie_candidates_for_mountain,
480,権現山,summit-candidate:17b2365d322cd022,15,10,0.55,low,v3_conflict_case,fallback_name_only_review,yamap_2022-10-16_10_19.gpx,楢原山・古権現山・中三方ヶ森,NaN,NaN,,NaN,,,,strong,true,municipality_mismatch;missing_csv_coordinate;timezone_ambiguity;multiple_mountains_for_candidate;near_tie_candidates_for_mountain,
480,権現山,summit-candidate:2011a6c909945d6f,16,8,0.55,low,v3_conflict_case,fallback_name_only_review,yamap_2026-04-12_11_03.gpx,権現山,NaN,NaN,,NaN,,,,strong,true,municipality_mismatch;missing_csv_coordinate;timezone_ambiguity;multiple_mountains_for_candidate;near_tie_candidates_for_mountain,
480,権現山,summit-candidate:32bb5e7e1071e808,17,7,0.55,low,v3_conflict_case,fallback_name_only_review,yamap_2023-01-08_09_18.gpx,権現山,NaN,NaN,,NaN,,,,strong,true,municipality_mismatch;missing_csv_coordinate;timezone_ambiguity;multiple_mountains_for_candidate;near_tie_candidates_for_mountain,
480,権現山,summit-candidate:6756239601754708,18,7,0.55,low,v3_conflict_case,fallback_name_only_review,yamap_2026-02-14_13_33.gpx,権現山,NaN,NaN,,NaN,,,,strong,true,municipality_mismatch;missing_csv_coordinate;timezone_ambiguity;multiple_mountains_for_candidate;near_tie_candidates_for_mountain,
480,権現山,summit-candidate:bcf5d9d5a90e5cda,19,10,0.55,low,v3_conflict_case,fallback_name_only_review,yamap_2022-10-16_10_19.gpx,楢原山・古権現山・中三方ヶ森,NaN,NaN,,NaN,,,,strong,true,municipality_mismatch;missing_csv_coordinate;timezone_ambiguity;multiple_mountains_for_candidate;near_tie_candidates_for_mountain,
480,権現山,summit-candidate:c7ac7ff98cacc074,20,10,0.55,low,v3_conflict_case,fallback_name_only_review,yamap_2022-10-16_10_19.gpx,楢原山・古権現山・中三方ヶ森,NaN,NaN,,NaN,,,,strong,true,municipality_mismatch;missing_csv_coordinate;timezone_ambiguity;multiple_mountains_for_candidate;near_tie_candidates_for_mountain,
480,権現山,summit-candidate:f108570a8e33ce90,21,8,0.55,low,v3_conflict_case,fallback_name_only_review,yamap_2023-12-17_07_11.gpx,総津権現山,NaN,NaN,,NaN,,,,strong,true,municipality_mismatch;missing_csv_coordinate;timezone_ambiguity;multiple_mountains_for_candidate;near_tie_candidates_for_mountain,
480,権現山,summit-candidate:f2538b7f88e2dd06,22,10,0.55,low,v3_conflict_case,fallback_name_only_review,yamap_2024-07-06_10_01.gpx,子持権現山・男山・瓶ヶ森,NaN,NaN,,NaN,,,,strong,true,municipality_mismatch;missing_csv_coordinate;timezone_ambiguity;multiple_mountains_for_candidate;near_tie_candidates_for_mountain,
481,呉石山,summit-candidate:784df3690acb5365,1,1,0.65,medium,v3_candidate_review_required,fallback_name_municipality,yamap_2026-03-08_07_27.gpx,呉石山,NaN,NaN,,,,,,strong,true,grounding_missing;missing_csv_coordinate;timezone_ambiguity,
482,峰畑山,summit-candidate:eb031d650d8e9a7a,1,1,0.65,medium,v3_candidate_review_required,fallback_name_municipality,yamap_2026-03-08_08_05.gpx,峰畑山,NaN,NaN,,,,,,strong,true,grounding_missing;missing_csv_coordinate;timezone_ambiguity,
483,白木山,summit-candidate:ab39145b6a448b8d,1,1,0.65,medium,v3_candidate_review_required,fallback_name_municipality,yamap_2026-03-08_10_45.gpx,白木山,NaN,NaN,,,,,,strong,true,grounding_missing;missing_csv_coordinate;timezone_ambiguity,
484,軽ノ山,summit-candidate:084fa7c9e55252dc,1,1,0.65,medium,v3_conflict_case,fallback_name_municipality,yamap_2026-03-11_10_35.gpx,野津子山・軽ノ山,NaN,NaN,,NaN,,,,strong,true,missing_csv_coordinate;timezone_ambiguity;multiple_mountains_for_candidate,
485,野津子山,summit-candidate:084fa7c9e55252dc,1,2,0.65,medium,v3_conflict_case,fallback_name_municipality,yamap_2026-03-11_10_35.gpx,野津子山・軽ノ山,NaN,NaN,,NaN,,,,strong,true,missing_csv_coordinate;timezone_ambiguity;multiple_mountains_for_candidate,
486,長山,summit-candidate:c246a8edb72dbebb,1,1,0.65,medium,v3_candidate_review_required,fallback_name_municipality,yamap_2026-03-15_06_14.gpx,長山,NaN,NaN,,,,,,strong,true,grounding_missing;missing_csv_coordinate;timezone_ambiguity,
487,高研山,summit-candidate:314bd84876bc3fc3,1,1,0.65,medium,v3_candidate_review_required,fallback_name_municipality,yamap_2026-03-15_10_21.gpx,高研山,NaN,NaN,,,,,,strong,true,grounding_missing;missing_csv_coordinate;timezone_ambiguity,
488,大ノ森,summit-candidate:777bcc5c6ed2c27e,1,1,0.65,medium,v3_candidate_review_required,fallback_name_municipality,yamap_2026-03-17_06_58.gpx,大ノ森,NaN,NaN,,NaN,,,,strong,true,missing_csv_coordinate;timezone_ambiguity,
489,雨乞山,summit-candidate:0f61b39e537be0a6,1,1,0.65,medium,v3_conflict_case,fallback_name_municipality,yamap_2026-03-21_07_01.gpx,雨乞山・妙見森,NaN,NaN,,,,,,strong,true,grounding_missing;missing_csv_coordinate;timezone_ambiguity;multiple_mountains_for_candidate;near_tie_candidates_for_mountain,
489,雨乞山,summit-candidate:118b217506eb653f,2,1,0.65,medium,v3_conflict_case,fallback_name_municipality,yamap_2026-03-21_07_01.gpx,雨乞山・妙見森,NaN,NaN,,,,,,strong,true,grounding_missing;missing_csv_coordinate;timezone_ambiguity;multiple_mountains_for_candidate;near_tie_candidates_for_mountain,
489,雨乞山,summit-candidate:cad0ade9ddec2b1a,3,1,0.65,medium,v3_conflict_case,fallback_name_municipality,yamap_2026-03-21_07_01.gpx,雨乞山・妙見森,NaN,NaN,,,,,,strong,true,grounding_missing;missing_csv_coordinate;timezone_ambiguity;multiple_mountains_for_candidate;near_tie_candidates_for_mountain,
489,雨乞山,summit-candidate:f760bededfedfc09,4,1,0.65,medium,v3_conflict_case,fallback_name_municipality,yamap_2026-03-21_07_01.gpx,雨乞山・妙見森,NaN,NaN,,,,,,strong,true,grounding_missing;missing_csv_coordinate;timezone_ambiguity;multiple_mountains_for_candidate;near_tie_candidates_for_mountain,
489,雨乞山,summit-candidate:d0d3096d540f375e,5,2,0.55,low,v3_conflict_case,fallback_name_only_review,yamap_2026-04-19_07_43.gpx,雨乞山,NaN,NaN,,,,,,strong,true,grounding_missing;municipality_mismatch;missing_csv_coordinate;timezone_ambiguity;multiple_mountains_for_candidate;near_tie_candidates_for_mountain,
490,妙見森,summit-candidate:0f61b39e537be0a6,1,2,0.65,medium,v3_conflict_case,fallback_name_municipality,yamap_2026-03-21_07_01.gpx,雨乞山・妙見森,NaN,NaN,,NaN,,,,strong,true,missing_csv_coordinate;timezone_ambiguity;multiple_mountains_for_candidate;near_tie_candidates_for_mountain,
490,妙見森,summit-candidate:118b217506eb653f,2,2,0.65,medium,v3_conflict_case,fallback_name_municipality,yamap_2026-03-21_07_01.gpx,雨乞山・妙見森,NaN,NaN,,NaN,,,,strong,true,missing_csv_coordinate;timezone_ambiguity;multiple_mountains_for_candidate;near_tie_candidates_for_mountain,
490,妙見森,summit-candidate:cad0ade9ddec2b1a,3,2,0.65,medium,v3_conflict_case,fallback_name_municipality,yamap_2026-03-21_07_01.gpx,雨乞山・妙見森,NaN,NaN,,NaN,,,,strong,true,missing_csv_coordinate;timezone_ambiguity;multiple_mountains_for_candidate;near_tie_candidates_for_mountain,
490,妙見森,summit-candidate:f760bededfedfc09,4,2,0.65,medium,v3_conflict_case,fallback_name_municipality,yamap_2026-03-21_07_01.gpx,雨乞山・妙見森,NaN,NaN,,NaN,,,,strong,true,missing_csv_coordinate;timezone_ambiguity;multiple_mountains_for_candidate;near_tie_candidates_for_mountain,
491,笹峠山,summit-candidate:05007aaf499a4ecc,1,1,0.65,medium,v3_candidate_review_required,fallback_name_municipality,yamap_2026-03-21_13_44.gpx,笹峠山,NaN,NaN,,NaN,,,,strong,true,missing_csv_coordinate;timezone_ambiguity,
492,雨霧山,summit-candidate:d5d39ec66a34deb5,1,1,0.65,medium,v3_candidate_review_required,fallback_name_municipality,yamap_2026-03-21_14_58.gpx,雨霧山,NaN,NaN,,,,,,strong,true,grounding_missing;missing_csv_coordinate;timezone_ambiguity,
493,三郷の辻,summit-candidate:46ab73ee0e06e924,1,1,0.65,medium,v3_candidate_review_required,fallback_name_municipality,yamap_2026-04-11_09_14.gpx,三郷の辻,NaN,NaN,,NaN,,,,strong,true,missing_csv_coordinate;timezone_ambiguity,
494,権現山,summit-candidate:2011a6c909945d6f,1,1,0.65,medium,v3_conflict_case,fallback_name_municipality,yamap_2026-04-12_11_03.gpx,権現山,NaN,NaN,,NaN,,,,strong,true,missing_csv_coordinate;timezone_ambiguity;multiple_mountains_for_candidate;near_tie_candidates_for_mountain,
494,権現山,summit-candidate:2c817617699a0a45,2,12,0.65,medium,v3_conflict_case,fallback_name_municipality,yamap_2022-02-06_08_26.gpx,谷上山・権現山・白滝山・障子山,NaN,NaN,,NaN,,,,strong,true,missing_csv_coordinate;timezone_ambiguity;multiple_mountains_for_candidate;near_tie_candidates_for_mountain,
494,権現山,summit-candidate:7ef7c15a52318cc9,3,11,0.65,medium,v3_conflict_case,fallback_name_municipality,yamap_2022-11-05_04_38.gpx,権現山・黒岳・エビラ山・二ッ岳,NaN,NaN,,NaN,,,,strong,true,missing_csv_coordinate;timezone_ambiguity;multiple_mountains_for_candidate;near_tie_candidates_for_mountain,
494,権現山,summit-candidate:a0ef25e9a532b62e,4,12,0.65,medium,v3_conflict_case,fallback_name_municipality,yamap_2022-02-06_08_26.gpx,谷上山・権現山・白滝山・障子山,NaN,NaN,,NaN,,,,strong,true,missing_csv_coordinate;timezone_ambiguity;multiple_mountains_for_candidate;near_tie_candidates_for_mountain,
494,権現山,summit-candidate:c94d8d76133fda1a,5,12,0.65,medium,v3_conflict_case,fallback_name_municipality,yamap_2022-02-06_08_26.gpx,谷上山・権現山・白滝山・障子山,NaN,NaN,,NaN,,,,strong,true,missing_csv_coordinate;timezone_ambiguity;multiple_mountains_for_candidate;near_tie_candidates_for_mountain,
494,権現山,summit-candidate:cf97b8470d2ed1d7,6,11,0.65,medium,v3_conflict_case,fallback_name_municipality,yamap_2022-11-05_04_38.gpx,権現山・黒岳・エビラ山・二ッ岳,NaN,NaN,,NaN,,,,strong,true,missing_csv_coordinate;timezone_ambiguity;multiple_mountains_for_candidate;near_tie_candidates_for_mountain,
494,権現山,summit-candidate:df6b60d513f5518e,7,11,0.65,medium,v3_conflict_case,fallback_name_municipality,yamap_2024-07-06_10_01.gpx,子持権現山・男山・瓶ヶ森,NaN,NaN,,NaN,,,,strong,true,missing_csv_coordinate;timezone_ambiguity;multiple_mountains_for_candidate;near_tie_candidates_for_mountain,
494,権現山,summit-candidate:ea5f711625df386b,8,12,0.65,medium,v3_conflict_case,fallback_name_municipality,yamap_2022-02-06_08_26.gpx,谷上山・権現山・白滝山・障子山,NaN,NaN,,NaN,,,,strong,true,missing_csv_coordinate;timezone_ambiguity;multiple_mountains_for_candidate;near_tie_candidates_for_mountain,
494,権現山,summit-candidate:ffa6a88e4e680fd5,9,11,0.65,medium,v3_conflict_case,fallback_name_municipality,yamap_2022-11-05_04_38.gpx,権現山・黒岳・エビラ山・二ッ岳,NaN,NaN,,NaN,,,,strong,true,missing_csv_coordinate;timezone_ambiguity;multiple_mountains_for_candidate;near_tie_candidates_for_mountain,
494,権現山,summit-candidate:047b9599ec28c6ad,10,8,0.55,low,v3_conflict_case,fallback_name_only_review,yamap_2023-01-08_09_18.gpx,権現山,NaN,NaN,,NaN,,,,strong,true,municipality_mismatch;missing_csv_coordinate;timezone_ambiguity;multiple_mountains_for_candidate;near_tie_candidates_for_mountain,
494,権現山,summit-candidate:09547fd48f24d064,11,11,0.55,low,v3_conflict_case,fallback_name_only_review,yamap_2022-11-05_04_38.gpx,権現山・黒岳・エビラ山・二ッ岳,NaN,NaN,,NaN,,,,strong,true,municipality_mismatch;missing_csv_coordinate;timezone_ambiguity;multiple_mountains_for_candidate;near_tie_candidates_for_mountain,
494,権現山,summit-candidate:0c2609d9e7e31a00,12,11,0.55,low,v3_conflict_case,fallback_name_only_review,yamap_2022-10-16_10_19.gpx,楢原山・古権現山・中三方ヶ森,NaN,NaN,,NaN,,,,strong,true,municipality_mismatch;missing_csv_coordinate;timezone_ambiguity;multiple_mountains_for_candidate;near_tie_candidates_for_mountain,
494,権現山,summit-candidate:0eff3d1ea2b48d73,13,12,0.55,low,v3_conflict_case,fallback_name_only_review,yamap_2022-02-06_08_26.gpx,谷上山・権現山・白滝山・障子山,NaN,NaN,,NaN,,,,strong,true,municipality_mismatch;missing_csv_coordinate;timezone_ambiguity;multiple_mountains_for_candidate;near_tie_candidates_for_mountain,
494,権現山,summit-candidate:17b2365d322cd022,14,11,0.55,low,v3_conflict_case,fallback_name_only_review,yamap_2022-10-16_10_19.gpx,楢原山・古権現山・中三方ヶ森,NaN,NaN,,NaN,,,,strong,true,municipality_mismatch;missing_csv_coordinate;timezone_ambiguity;multiple_mountains_for_candidate;near_tie_candidates_for_mountain,
494,権現山,summit-candidate:32bb5e7e1071e808,15,8,0.55,low,v3_conflict_case,fallback_name_only_review,yamap_2023-01-08_09_18.gpx,権現山,NaN,NaN,,NaN,,,,strong,true,municipality_mismatch;missing_csv_coordinate;timezone_ambiguity;multiple_mountains_for_candidate;near_tie_candidates_for_mountain,
494,権現山,summit-candidate:6756239601754708,16,8,0.55,low,v3_conflict_case,fallback_name_only_review,yamap_2026-02-14_13_33.gpx,権現山,NaN,NaN,,NaN,,,,strong,true,municipality_mismatch;missing_csv_coordinate;timezone_ambiguity;multiple_mountains_for_candidate;near_tie_candidates_for_mountain,
494,権現山,summit-candidate:84f974876f397da1,17,8,0.55,low,v3_conflict_case,fallback_name_only_review,yamap_2024-02-10_13_09.gpx,権現山,NaN,NaN,,NaN,,,,strong,true,municipality_mismatch;missing_csv_coordinate;timezone_ambiguity;multiple_mountains_for_candidate;near_tie_candidates_for_mountain,
494,権現山,summit-candidate:bcf5d9d5a90e5cda,18,11,0.55,low,v3_conflict_case,fallback_name_only_review,yamap_2022-10-16_10_19.gpx,楢原山・古権現山・中三方ヶ森,NaN,NaN,,NaN,,,,strong,true,municipality_mismatch;missing_csv_coordinate;timezone_ambiguity;multiple_mountains_for_candidate;near_tie_candidates_for_mountain,
494,権現山,summit-candidate:c7ac7ff98cacc074,19,11,0.55,low,v3_conflict_case,fallback_name_only_review,yamap_2022-10-16_10_19.gpx,楢原山・古権現山・中三方ヶ森,NaN,NaN,,NaN,,,,strong,true,municipality_mismatch;missing_csv_coordinate;timezone_ambiguity;multiple_mountains_for_candidate;near_tie_candidates_for_mountain,
494,権現山,summit-candidate:e8b129f70e703be5,20,8,0.55,low,v3_conflict_case,fallback_name_only_review,yamap_2026-03-07_11_08.gpx,権現山,NaN,NaN,,NaN,,,,strong,true,municipality_mismatch;missing_csv_coordinate;timezone_ambiguity;multiple_mountains_for_candidate;near_tie_candidates_for_mountain,
494,権現山,summit-candidate:f108570a8e33ce90,21,9,0.55,low,v3_conflict_case,fallback_name_only_review,yamap_2023-12-17_07_11.gpx,総津権現山,NaN,NaN,,NaN,,,,strong,true,municipality_mismatch;missing_csv_coordinate;timezone_ambiguity;multiple_mountains_for_candidate;near_tie_candidates_for_mountain,
494,権現山,summit-candidate:f2538b7f88e2dd06,22,11,0.55,low,v3_conflict_case,fallback_name_only_review,yamap_2024-07-06_10_01.gpx,子持権現山・男山・瓶ヶ森,NaN,NaN,,NaN,,,,strong,true,municipality_mismatch;missing_csv_coordinate;timezone_ambiguity;multiple_mountains_for_candidate;near_tie_candidates_for_mountain,
495,雨乞山,summit-candidate:0f61b39e537be0a6,1,3,0.65,medium,v3_conflict_case,fallback_name_municipality,yamap_2026-03-21_07_01.gpx,雨乞山・妙見森,NaN,NaN,,,,,,strong,true,grounding_missing;missing_csv_coordinate;timezone_ambiguity;multiple_mountains_for_candidate;near_tie_candidates_for_mountain,
495,雨乞山,summit-candidate:cad0ade9ddec2b1a,2,3,0.65,medium,v3_conflict_case,fallback_name_municipality,yamap_2026-03-21_07_01.gpx,雨乞山・妙見森,NaN,NaN,,,,,,strong,true,grounding_missing;missing_csv_coordinate;timezone_ambiguity;multiple_mountains_for_candidate;near_tie_candidates_for_mountain,
495,雨乞山,summit-candidate:d0d3096d540f375e,3,1,0.65,medium,v3_conflict_case,fallback_name_municipality,yamap_2026-04-19_07_43.gpx,雨乞山,NaN,NaN,,,,,,strong,true,grounding_missing;missing_csv_coordinate;timezone_ambiguity;multiple_mountains_for_candidate;near_tie_candidates_for_mountain,
495,雨乞山,summit-candidate:118b217506eb653f,4,3,0.55,low,v3_conflict_case,fallback_name_only_review,yamap_2026-03-21_07_01.gpx,雨乞山・妙見森,NaN,NaN,,,,,,strong,true,grounding_missing;municipality_mismatch;missing_csv_coordinate;timezone_ambiguity;multiple_mountains_for_candidate;near_tie_candidates_for_mountain,
495,雨乞山,summit-candidate:f760bededfedfc09,5,3,0.55,low,v3_conflict_case,fallback_name_only_review,yamap_2026-03-21_07_01.gpx,雨乞山・妙見森,NaN,NaN,,,,,,strong,true,grounding_missing;municipality_mismatch;missing_csv_coordinate;timezone_ambiguity;multiple_mountains_for_candidate;near_tie_candidates_for_mountain,
496,鼻欠山,summit-candidate:9e86644a708cb211,1,1,0.65,medium,v3_candidate_review_required,fallback_name_municipality,yamap_2026-04-19_10_27.gpx,鼻欠山,NaN,NaN,,,,,,strong,true,grounding_missing;missing_csv_coordinate;timezone_ambiguity,
497,面木山,summit-candidate:a96db37bf518f31a,1,1,0.65,medium,v3_conflict_case,fallback_name_municipality,yamap_2026-04-29_06_34.gpx,面木山・黒森,NaN,NaN,,NaN,,,,strong,true,missing_csv_coordinate;timezone_ambiguity;multiple_mountains_for_candidate;near_tie_candidates_for_mountain,
497,面木山,summit-candidate:c87a377b77c80862,2,1,0.65,medium,v3_conflict_case,fallback_name_municipality,yamap_2026-04-29_06_34.gpx,面木山・黒森,NaN,NaN,,NaN,,,,strong,true,missing_csv_coordinate;timezone_ambiguity;multiple_mountains_for_candidate;near_tie_candidates_for_mountain,
497,面木山,summit-candidate:d5a6fcb592162088,3,1,0.65,medium,v3_conflict_case,fallback_name_municipality,yamap_2026-04-29_06_34.gpx,面木山・黒森,NaN,NaN,,NaN,,,,strong,true,missing_csv_coordinate;timezone_ambiguity;multiple_mountains_for_candidate;near_tie_candidates_for_mountain,
498,黒森,summit-candidate:20f1c44b99e3d708,1,2,0.65,medium,v3_conflict_case,fallback_name_municipality,yamap_2025-07-06_09_43.gpx,東黒森,NaN,NaN,,NaN,,,,strong,true,missing_csv_coordinate;timezone_ambiguity;multiple_mountains_for_candidate;near_tie_candidates_for_mountain,
498,黒森,summit-candidate:290abf917754fd0b,2,5,0.65,medium,v3_conflict_case,fallback_name_municipality,yamap_2023-11-19_06_46.gpx,瀬戸黒森・三森・羽子山・観音森,NaN,NaN,,NaN,,,,strong,true,missing_csv_coordinate;timezone_ambiguity;multiple_mountains_for_candidate;near_tie_candidates_for_mountain,
498,黒森,summit-candidate:40e090ce41a89b55,3,4,0.65,medium,v3_conflict_case,fallback_name_municipality,yamap_2024-06-08_08_42.gpx,沓掛山・黒森山,NaN,NaN,,NaN,,,,strong,true,missing_csv_coordinate;timezone_ambiguity;multiple_mountains_for_candidate;near_tie_candidates_for_mountain,
498,黒森,summit-candidate:924ccfedeb6c2d2c,4,3,0.65,medium,v3_conflict_case,fallback_name_municipality,yamap_2023-04-04_12_51.gpx,黒森山,NaN,NaN,,NaN,,,,strong,true,missing_csv_coordinate;timezone_ambiguity;multiple_mountains_for_candidate;near_tie_candidates_for_mountain,
498,黒森,summit-candidate:a96db37bf518f31a,5,2,0.65,medium,v3_conflict_case,fallback_name_municipality,yamap_2026-04-29_06_34.gpx,面木山・黒森,NaN,NaN,,NaN,,,,strong,true,missing_csv_coordinate;timezone_ambiguity;multiple_mountains_for_candidate;near_tie_candidates_for_mountain,
498,黒森,summit-candidate:c87a377b77c80862,6,2,0.65,medium,v3_conflict_case,fallback_name_municipality,yamap_2026-04-29_06_34.gpx,面木山・黒森,NaN,NaN,,NaN,,,,strong,true,missing_csv_coordinate;timezone_ambiguity;multiple_mountains_for_candidate;near_tie_candidates_for_mountain,
498,黒森,summit-candidate:ccaadb71f8ae2bd1,7,4,0.65,medium,v3_conflict_case,fallback_name_municipality,yamap_2022-07-10_07_25.gpx,男山・瓶ヶ森・西黒森,NaN,NaN,,NaN,,,,strong,true,missing_csv_coordinate;timezone_ambiguity;multiple_mountains_for_candidate;near_tie_candidates_for_mountain,
498,黒森,summit-candidate:d5a6fcb592162088,8,2,0.65,medium,v3_conflict_case,fallback_name_municipality,yamap_2026-04-29_06_34.gpx,面木山・黒森,NaN,NaN,,NaN,,,,strong,true,missing_csv_coordinate;timezone_ambiguity;multiple_mountains_for_candidate;near_tie_candidates_for_mountain,
498,黒森,summit-candidate:db28fcca36deb720,9,4,0.65,medium,v3_conflict_case,fallback_name_municipality,yamap_2022-07-10_07_25.gpx,男山・瓶ヶ森・西黒森,NaN,NaN,,NaN,,,,strong,true,missing_csv_coordinate;timezone_ambiguity;multiple_mountains_for_candidate;near_tie_candidates_for_mountain,
498,黒森,summit-candidate:dd7a40896ae9f6d4,10,4,0.65,medium,v3_conflict_case,fallback_name_municipality,yamap_2024-06-08_08_42.gpx,沓掛山・黒森山,NaN,NaN,,NaN,,,,strong,true,missing_csv_coordinate;timezone_ambiguity;multiple_mountains_for_candidate;near_tie_candidates_for_mountain,
498,黒森,summit-candidate:f09a1f754bcb761e,11,4,0.65,medium,v3_conflict_case,fallback_name_municipality,yamap_2022-07-10_07_25.gpx,男山・瓶ヶ森・西黒森,NaN,NaN,,NaN,,,,strong,true,missing_csv_coordinate;timezone_ambiguity;multiple_mountains_for_candidate;near_tie_candidates_for_mountain,
498,黒森,summit-candidate:9a0532ee2b40e5f3,12,5,0.55,low,v3_conflict_case,fallback_name_only_review,yamap_2023-11-19_06_46.gpx,瀬戸黒森・三森・羽子山・観音森,NaN,NaN,,NaN,,,,strong,true,municipality_mismatch;missing_csv_coordinate;timezone_ambiguity;multiple_mountains_for_candidate;near_tie_candidates_for_mountain,
498,黒森,summit-candidate:b997b8fd6709731d,13,5,0.55,low,v3_conflict_case,fallback_name_only_review,yamap_2023-11-19_06_46.gpx,瀬戸黒森・三森・羽子山・観音森,NaN,NaN,,NaN,,,,strong,true,municipality_mismatch;missing_csv_coordinate;timezone_ambiguity;multiple_mountains_for_candidate;near_tie_candidates_for_mountain,
498,黒森,summit-candidate:cf1cb583d492455c,14,5,0.55,low,v3_conflict_case,fallback_name_only_review,yamap_2023-11-19_06_46.gpx,瀬戸黒森・三森・羽子山・観音森,NaN,NaN,,NaN,,,,strong,true,municipality_mismatch;missing_csv_coordinate;timezone_ambiguity;multiple_mountains_for_candidate;near_tie_candidates_for_mountain,
498,黒森,summit-candidate:f7593239fa7bdcc9,15,5,0.55,low,v3_conflict_case,fallback_name_only_review,yamap_2023-11-19_06_46.gpx,瀬戸黒森・三森・羽子山・観音森,NaN,NaN,,NaN,,,,strong,true,municipality_mismatch;missing_csv_coordinate;timezone_ambiguity;multiple_mountains_for_candidate;near_tie_candidates_for_mountain,
499,台ヶ森,summit-candidate:53a6401abf71c488,1,3,0.65,medium,v3_conflict_case,fallback_name_municipality,yamap_2026-05-02_09_29.gpx,男山・瓶ヶ森・台ヶ森,NaN,NaN,,NaN,,,,strong,true,missing_csv_coordinate;timezone_ambiguity;multiple_mountains_for_candidate;near_tie_candidates_for_mountain,
499,台ヶ森,summit-candidate:7a5ca8d918f43720,2,3,0.65,medium,v3_conflict_case,fallback_name_municipality,yamap_2026-05-02_09_29.gpx,男山・瓶ヶ森・台ヶ森,NaN,NaN,,NaN,,,,strong,true,missing_csv_coordinate;timezone_ambiguity;multiple_mountains_for_candidate;near_tie_candidates_for_mountain,
499,台ヶ森,summit-candidate:c9e357d000632346,3,3,0.65,medium,v3_conflict_case,fallback_name_municipality,yamap_2026-05-02_09_29.gpx,男山・瓶ヶ森・台ヶ森,NaN,NaN,,NaN,,,,strong,true,missing_csv_coordinate;timezone_ambiguity;multiple_mountains_for_candidate;near_tie_candidates_for_mountain,
500,丸山,summit-candidate:453327d51d16e202,1,5,0.65,medium,v3_conflict_case,fallback_name_municipality,yamap_2026-05-06_07_28.gpx,丸山・ちち山・笹ヶ峰,NaN,NaN,,NaN,,,,strong,true,missing_csv_coordinate;timezone_ambiguity;multiple_mountains_for_candidate;near_tie_candidates_for_mountain,
500,丸山,summit-candidate:b87c90ebd1eb0d06,2,3,0.65,medium,v3_conflict_case,fallback_name_municipality,yamap_2026-05-06_07_28.gpx,丸山・ちち山・笹ヶ峰,NaN,NaN,,NaN,,,,strong,true,missing_csv_coordinate;timezone_ambiguity;multiple_mountains_for_candidate;near_tie_candidates_for_mountain,
500,丸山,summit-candidate:2670057d58a25475,3,2,0.55,low,v3_conflict_case,fallback_name_only_review,yamap_2023-10-14_07_53.gpx,丸山,NaN,NaN,,NaN,,,,strong,true,municipality_mismatch;missing_csv_coordinate;timezone_ambiguity;multiple_mountains_for_candidate;near_tie_candidates_for_mountain,
500,丸山,summit-candidate:5f001ac124f82ef6,4,5,0.55,low,v3_conflict_case,fallback_name_only_review,yamap_2022-10-19_16_00.gpx,西港山・大丸山・港山,NaN,NaN,,NaN,,,,strong,true,municipality_mismatch;missing_csv_coordinate;timezone_sensitive_activity_link;multiple_mountains_for_candidate;near_tie_candidates_for_mountain,
500,丸山,summit-candidate:a9a2a270fb6273fe,5,5,0.55,low,v3_conflict_case,fallback_name_only_review,yamap_2022-10-19_16_00.gpx,西港山・大丸山・港山,NaN,NaN,,NaN,,,,strong,true,municipality_mismatch;missing_csv_coordinate;timezone_sensitive_activity_link;multiple_mountains_for_candidate;near_tie_candidates_for_mountain,
500,丸山,summit-candidate:bf2b3499e08da2df,6,5,0.55,low,v3_conflict_case,fallback_name_only_review,yamap_2022-10-19_16_00.gpx,西港山・大丸山・港山,NaN,NaN,,NaN,,,,strong,true,municipality_mismatch;missing_csv_coordinate;timezone_sensitive_activity_link;multiple_mountains_for_candidate;near_tie_candidates_for_mountain,
501,大森山,summit-candidate:a80dd0489247a839,1,7,0.65,medium,v3_conflict_case,fallback_name_municipality,yamap_2025-10-11_06_24.gpx,大森山・佐々連尾山・三つ足山,NaN,NaN,,NaN,,,,strong,true,timezone_ambiguity;multiple_mountains_for_candidate;near_tie_candidates_for_mountain,
501,大森山,summit-candidate:b3cf76c035511afe,2,4,0.65,medium,v3_conflict_case,fallback_name_municipality,yamap_2026-02-22_06_23.gpx,大森山,NaN,NaN,,NaN,,,,strong,true,timezone_ambiguity;multiple_mountains_for_candidate;near_tie_candidates_for_mountain,
501,大森山,summit-candidate:565ba3761956d9b3,3,7,0.55,low,v3_conflict_case,fallback_name_only_review,yamap_2025-10-11_06_24.gpx,大森山・佐々連尾山・三つ足山,NaN,NaN,,NaN,,,,strong,true,municipality_mismatch;timezone_ambiguity;multiple_mountains_for_candidate;near_tie_candidates_for_mountain,
501,大森山,summit-candidate:830c63408bf56cc5,4,4,0.55,low,v3_conflict_case,fallback_name_only_review,yamap_2023-01-21_09_56.gpx,大森山,NaN,NaN,,NaN,,,,strong,true,municipality_mismatch;timezone_ambiguity;multiple_mountains_for_candidate;near_tie_candidates_for_mountain,
506,陣ヶ森,summit-candidate:e7e4429a39f6359f,1,4,0.65,medium,v3_conflict_case,fallback_name_municipality,yamap_2022-05-05_13_29.gpx,陣ヶ森・前々司山・うなめご,NaN,NaN,,NaN,,,,strong,true,timezone_ambiguity;multiple_mountains_for_candidate,
506,陣ヶ森,summit-candidate:e084389cc60ad329,2,4,0.55,low,v3_conflict_case,fallback_name_only_review,yamap_2022-05-05_13_29.gpx,陣ヶ森・前々司山・うなめご,NaN,NaN,,NaN,,,,strong,true,municipality_mismatch;timezone_ambiguity;multiple_mountains_for_candidate,
506,陣ヶ森,summit-candidate:ea6bebee79234da7,3,4,0.55,low,v3_conflict_case,fallback_name_only_review,yamap_2022-05-05_13_29.gpx,陣ヶ森・前々司山・うなめご,NaN,NaN,,NaN,,,,strong,true,municipality_mismatch;timezone_ambiguity;multiple_mountains_for_candidate,
511,秋葉山,summit-candidate:0bd3d051cdb972fd,1,6,0.55,low,v3_conflict_case,fallback_name_only_review,yamap_2024-12-08_06_59.gpx,本尊山・秋葉山・立烏帽子山・明神山,NaN,NaN,,NaN,,,,strong,true,municipality_mismatch;timezone_ambiguity;multiple_mountains_for_candidate;near_tie_candidates_for_mountain,
511,秋葉山,summit-candidate:23316af255d30882,2,6,0.55,low,v3_conflict_case,fallback_name_only_review,yamap_2024-12-08_06_59.gpx,本尊山・秋葉山・立烏帽子山・明神山,NaN,NaN,,NaN,,,,strong,true,municipality_mismatch;timezone_ambiguity;multiple_mountains_for_candidate;near_tie_candidates_for_mountain,
511,秋葉山,summit-candidate:f12898f5821b63b8,3,6,0.55,low,v3_conflict_case,fallback_name_only_review,yamap_2024-12-08_06_59.gpx,本尊山・秋葉山・立烏帽子山・明神山,NaN,NaN,,NaN,,,,strong,true,municipality_mismatch;timezone_ambiguity;multiple_mountains_for_candidate;near_tie_candidates_for_mountain,
512,黒山,summit-candidate:282882317c3aab0b,1,4,0.65,medium,v3_conflict_case,fallback_name_municipality,yamap_2024-02-17_05_38.gpx,大黒山・譲ヶ葉森,NaN,NaN,,NaN,,,,strong,true,timezone_ambiguity;multiple_mountains_for_candidate;near_tie_candidates_for_mountain,
512,黒山,summit-candidate:43f9d4fa36aabb79,2,4,0.65,medium,v3_conflict_case,fallback_name_municipality,yamap_2022-04-30_08_30.gpx,岩黒山・筒上山・手箱山,NaN,NaN,,NaN,,,,strong,true,timezone_ambiguity;multiple_mountains_for_candidate;near_tie_candidates_for_mountain,
512,黒山,summit-candidate:591204fdc01b55b6,3,4,0.65,medium,v3_conflict_case,fallback_name_municipality,yamap_2022-04-30_08_30.gpx,岩黒山・筒上山・手箱山,NaN,NaN,,NaN,,,,strong,true,timezone_ambiguity;multiple_mountains_for_candidate;near_tie_candidates_for_mountain,
512,黒山,summit-candidate:64a47ed9c06f56d5,4,4,0.65,medium,v3_conflict_case,fallback_name_municipality,yamap_2024-01-14_10_18.gpx,竜門山・大黒山,NaN,NaN,,NaN,,,,strong,true,timezone_ambiguity;multiple_mountains_for_candidate;near_tie_candidates_for_mountain,
512,黒山,summit-candidate:f5c22dac4bd015ae,5,4,0.65,medium,v3_conflict_case,fallback_name_municipality,yamap_2024-02-17_05_38.gpx,大黒山・譲ヶ葉森,NaN,NaN,,NaN,,,,strong,true,timezone_ambiguity;multiple_mountains_for_candidate;near_tie_candidates_for_mountain,
512,黒山,summit-candidate:19baf3ce30f8991a,6,4,0.55,low,v3_conflict_case,fallback_name_only_review,yamap_2024-02-17_05_38.gpx,大黒山・譲ヶ葉森,NaN,NaN,,NaN,,,,strong,true,municipality_mismatch;timezone_ambiguity;multiple_mountains_for_candidate;near_tie_candidates_for_mountain,
512,黒山,summit-candidate:56cffb103cbe3aac,7,4,0.55,low,v3_conflict_case,fallback_name_only_review,yamap_2024-02-17_05_38.gpx,大黒山・譲ヶ葉森,NaN,NaN,,NaN,,,,strong,true,municipality_mismatch;timezone_ambiguity;multiple_mountains_for_candidate;near_tie_candidates_for_mountain,
512,黒山,summit-candidate:71b10e23075edf20,8,4,0.55,low,v3_conflict_case,fallback_name_only_review,yamap_2022-04-30_08_30.gpx,岩黒山・筒上山・手箱山,NaN,NaN,,NaN,,,,strong,true,municipality_mismatch;timezone_ambiguity;multiple_mountains_for_candidate;near_tie_candidates_for_mountain,
512,黒山,summit-candidate:99b1b356cad63b98,9,4,0.55,low,v3_conflict_case,fallback_name_only_review,yamap_2024-01-14_10_18.gpx,竜門山・大黒山,NaN,NaN,,NaN,,,,strong,true,municipality_mismatch;timezone_ambiguity;multiple_mountains_for_candidate;near_tie_candidates_for_mountain,
512,黒山,summit-candidate:d13554ef3debca9d,10,4,0.55,low,v3_conflict_case,fallback_name_only_review,yamap_2022-04-30_08_30.gpx,岩黒山・筒上山・手箱山,NaN,NaN,,NaN,,,,strong,true,municipality_mismatch;timezone_ambiguity;multiple_mountains_for_candidate;near_tie_candidates_for_mountain,
513,大野山,summit-candidate:17a471cc45af2c05,1,4,0.65,medium,v3_conflict_case,fallback_name_municipality,yamap_2025-04-27_06_23.gpx,野地峰・黒岩山・大野山,NaN,NaN,,NaN,,,,strong,true,timezone_ambiguity;multiple_mountains_for_candidate;near_tie_candidates_for_mountain,
513,大野山,summit-candidate:8326f30918c16cbe,2,4,0.65,medium,v3_conflict_case,fallback_name_municipality,yamap_2025-04-27_06_23.gpx,野地峰・黒岩山・大野山,NaN,NaN,,NaN,,,,strong,true,timezone_ambiguity;multiple_mountains_for_candidate;near_tie_candidates_for_mountain,
513,大野山,summit-candidate:e93bba1998d4efb5,3,4,0.65,medium,v3_conflict_case,fallback_name_municipality,yamap_2025-04-27_06_23.gpx,野地峰・黒岩山・大野山,NaN,NaN,,NaN,,,,strong,true,timezone_ambiguity;multiple_mountains_for_candidate;near_tie_candidates_for_mountain,
513,大野山,summit-candidate:53bf856dccad5eab,4,4,0.55,low,v3_conflict_case,fallback_name_only_review,yamap_2025-04-27_06_23.gpx,野地峰・黒岩山・大野山,NaN,NaN,,NaN,,,,strong,true,municipality_mismatch;timezone_ambiguity;multiple_mountains_for_candidate;near_tie_candidates_for_mountain,
518,笠松山,summit-candidate:8f25ad4ff380df77,1,4,0.55,low,v3_conflict_case,fallback_name_only_review,yamap_2026-03-06_09_00.gpx,世田山・笠松山東峰・笠松山,NaN,NaN,,NaN,,,,strong,true,municipality_mismatch;timezone_ambiguity;multiple_mountains_for_candidate;near_tie_candidates_for_mountain,
518,笠松山,summit-candidate:9d5a3bd31bedfeda,2,3,0.55,low,v3_conflict_case,fallback_name_only_review,yamap_2022-08-26_08_45.gpx,世田山・笠松山,NaN,NaN,,NaN,,,,strong,true,municipality_mismatch;timezone_ambiguity;multiple_mountains_for_candidate;near_tie_candidates_for_mountain,
518,笠松山,summit-candidate:d0f2d4ee46a862c3,3,3,0.55,low,v3_conflict_case,fallback_name_only_review,yamap_2022-08-26_08_45.gpx,世田山・笠松山,NaN,NaN,,NaN,,,,strong,true,municipality_mismatch;timezone_ambiguity;multiple_mountains_for_candidate;near_tie_candidates_for_mountain,
531,扇山,summit-candidate:9acc21860aa8a208,1,2,0.55,low,v3_conflict_case,fallback_name_only_review,yamap_2022-12-12_10_30.gpx,扇山,NaN,NaN,,NaN,,,,strong,true,municipality_mismatch;timezone_ambiguity;multiple_mountains_for_candidate,