summit_candidate_id,source_gpx_path,source_track_id,source_trackpoint_index,valid_elevation_index,lat,lon,ele,time,smoothed_ele,prominence,detection_method,detection_parameters,candidate_status,needs_review,notes
summit-candidate:a0c35720552a78c8,yamap_2022-01-15_08_17.gpx,,192,192,33.8560644,132.8432176,573.7066666666666,2022-01-15T00:40:10Z,571.862,476.12199999999996,local_maxima_with_prominence,"window=5,radius=10,min_prominence=30,merge=100",unresolved,false,
summit-candidate:cb62a56e70cedbce,yamap_2022-01-15_08_17.gpx,,341,341,33.8382073,132.8403915,495.64000000000004,2022-01-15T01:53:34Z,493.01466666666664,41.958666666666716,local_maxima_with_prominence,"window=5,radius=10,min_prominence=30,merge=100",unresolved,false,
summit-candidate:feca346909b97b92,yamap_2022-01-15_08_17.gpx,,561,561,33.8376784,132.825374,402.01,2022-01-15T04:42:37Z,401.554,212.24999999999997,local_maxima_with_prominence,"window=5,radius=10,min_prominence=30,merge=100",unresolved,false,
summit-candidate:c284068144ec2cfd,yamap_2022-01-15_08_17.gpx,,691,691,33.8245858,132.8164365,278.01,2022-01-15T05:29:30Z,275.71666666666664,52.52866666666668,local_maxima_with_prominence,"window=5,radius=10,min_prominence=30,merge=100",unresolved,false,
summit-candidate:e7ae682a07af2e10,yamap_2022-01-22_09_04.gpx,,247,247,33.8423734,132.8811963,719.2533333333334,2022-01-22T01:49:55Z,714.6853333333333,561.767,local_maxima_with_prominence,"window=5,radius=10,min_prominence=30,merge=100",unresolved,false,
summit-candidate:d03c84134ca0989d,yamap_2022-01-22_09_04.gpx,,636,636,33.8192567,132.8731185,306.31,2022-01-22T05:19:15Z,305.55,153.4466666666667,local_maxima_with_prominence,"window=5,radius=10,min_prominence=30,merge=100",unresolved,false,
summit-candidate:36e3ac8003e8b5d0,yamap_2022-01-28_12_28.gpx,,55,55,33.9989521,132.785492,190.94333333333336,2022-01-28T03:54:55Z,187.77333333333337,132.0644444444445,local_maxima_with_prominence,"window=5,radius=10,min_prominence=30,merge=100",unresolved,false,
summit-candidate:ac7a1ebef52ea30c,yamap_2022-01-28_12_28.gpx,,120,120,33.9926561,132.7813592,156.4466666666667,2022-01-28T04:30:51Z,155.99266666666668,51.47266666666667,local_maxima_with_prominence,"window=5,radius=10,min_prominence=30,merge=100",unresolved,false,
summit-candidate:d6b806525709cc22,yamap_2022-01-28_12_28.gpx,,211,211,33.9932805,132.7899177,206.86333333333332,2022-01-28T05:30:02Z,204.65800000000002,75.714,local_maxima_with_prominence,"window=5,radius=10,min_prominence=30,merge=100",unresolved,false,
summit-candidate:40260be41579ab8f,yamap_2022-01-28_12_28.gpx,,289,289,33.9922702,132.7992645,299.12666666666667,2022-01-28T06:29:34Z,298.44733333333335,256.32866666666666,local_maxima_with_prominence,"window=5,radius=10,min_prominence=30,merge=100",unresolved,false,
summit-candidate:59c561a08189d6b9,yamap_2022-01-29_08_35.gpx,,141,141,33.8233656,132.9413939,630.2399999999999,2022-01-29T00:46:32Z,628.7966666666666,32.43266666666659,local_maxima_with_prominence,"window=5,radius=10,min_prominence=30,merge=100",unresolved,false,
summit-candidate:7c532ef1be71a4d1,yamap_2022-01-29_08_35.gpx,,306,306,33.8412373,132.9293942,924.7866666666665,2022-01-29T02:35:59Z,924.65,691.2077777777778,local_maxima_with_prominence,"window=5,radius=10,min_prominence=30,merge=100",unresolved,false,
summit-candidate:0eff3d1ea2b48d73,yamap_2022-02-06_08_26.gpx,,37,37,33.7351844,132.7317786,456.90483803547824,2022-02-05T23:46:45Z,455.1231428038674,134.22168276645874,local_maxima_with_prominence,"window=5,radius=10,min_prominence=30,merge=100",unresolved,false,
summit-candidate:c94d8d76133fda1a,yamap_2022-02-06_08_26.gpx,,97,97,33.7339357,132.7416297,383.6048516063258,2022-02-06T00:26:33Z,382.61104180954226,39.084889214017835,local_maxima_with_prominence,"window=5,radius=10,min_prominence=30,merge=100",unresolved,false,
summit-candidate:2c817617699a0a45,yamap_2022-02-06_08_26.gpx,,219,219,33.7235493,132.7563447,485.20803085647475,2022-02-06T01:26:55Z,482.261163429914,37.08177189703832,local_maxima_with_prominence,"window=5,radius=10,min_prominence=30,merge=100",unresolved,false,
summit-candidate:ea5f711625df386b,yamap_2022-02-06_08_26.gpx,,255,255,33.7190577,132.7591133,510.2597700981308,2022-02-06T01:54:58Z,504.89623537489035,92.42422766202509,local_maxima_with_prominence,"window=5,radius=10,min_prominence=30,merge=100",unresolved,false,
summit-candidate:a0ef25e9a532b62e,yamap_2022-02-06_08_26.gpx,,392,392,33.7052794,132.7652806,888.5027304594954,2022-02-06T03:20:45Z,890.1032420602126,576.1204573024515,local_maxima_with_prominence,"window=5,radius=10,min_prominence=30,merge=100",unresolved,false,
summit-candidate:40d5b4863907057a,yamap_2022-02-09_10_01.gpx,,47,47,33.3437391,132.0161535,50.463046185756546,2022-02-09T01:19:47Z,50.461028677802105,35.29457697768352,local_maxima_with_prominence,"window=5,radius=10,min_prominence=30,merge=100",unresolved,false,
summit-candidate:da46e12c02d47edf,yamap_2022-02-09_10_01.gpx,,285,285,33.401877,132.1168226,413.7400702411658,2022-02-09T04:02:12Z,411.5175840226515,213.63552003125582,local_maxima_with_prominence,"window=5,radius=10,min_prominence=30,merge=100",unresolved,false,
summit-candidate:0c210f0edfbda06f,yamap_2022-02-11_08_26.gpx,,80,80,33.7794142,132.9091359,522.6766666666666,2022-02-10T23:55:32Z,521.302,37.12666666666672,local_maxima_with_prominence,"window=5,radius=10,min_prominence=30,merge=100",unresolved,false,
summit-candidate:a637fbc518f58ac5,yamap_2022-02-11_08_26.gpx,,136,136,33.7736953,132.9019215,600.8033333333334,2022-02-11T00:24:53Z,597.0426666666667,31.4526666666668,local_maxima_with_prominence,"window=5,radius=10,min_prominence=30,merge=100",unresolved,false,
summit-candidate:24dc6cf37ce4e715,yamap_2022-02-11_08_26.gpx,,182,182,33.7661685,132.9049612,646.4833333333332,2022-02-11T00:49:21Z,648.0186666666666,151.83666666666664,local_maxima_with_prominence,"window=5,radius=10,min_prominence=30,merge=100",unresolved,false,
summit-candidate:d4dc6f2bbe1f994f,yamap_2022-02-11_08_26.gpx,,211,211,33.7646004,132.900658,643.7166666666667,2022-02-11T01:18:15Z,643.6406666666667,30.307999999999993,local_maxima_with_prominence,"window=5,radius=10,min_prominence=30,merge=100",unresolved,false,
summit-candidate:c2491268ea5645b7,yamap_2022-02-11_08_26.gpx,,310,310,33.7502454,132.9097454,801.5633333333334,2022-02-11T03:04:29Z,800.1253333333333,383.3336666666666,local_maxima_with_prominence,"window=5,radius=10,min_prominence=30,merge=100",unresolved,false,
summit-candidate:543b4550a3ef3e87,yamap_2022-02-15_10_36.gpx,,86,86,33.8634835,132.7695824,195.11333333333334,2022-02-15T02:18:03Z,193.88799999999998,165.77577777777776,local_maxima_with_prominence,"window=5,radius=10,min_prominence=30,merge=100",unresolved,false,
summit-candidate:e4808690532bb46c,yamap_2022-02-15_10_36.gpx,,239,239,33.85598,132.7730493,158.70333333333335,2022-02-15T03:04:09Z,155.05599999999998,118.49733333333332,local_maxima_with_prominence,"window=5,radius=10,min_prominence=30,merge=100",unresolved,false,
summit-candidate:22b4a5a5c856bf4d,yamap_2022-02-16_11_57.gpx,,17,17,33.8487713,132.7957131,104.27999999999999,2022-02-16T03:05:54Z,100.88866666666667,39.211333333333336,local_maxima_with_prominence,"window=5,radius=10,min_prominence=30,merge=100",unresolved,false,
summit-candidate:d9391b001d4bc442,yamap_2022-02-16_11_57.gpx,,38,38,33.8494454,132.7983769,120.82333333333334,2022-02-16T03:16:40Z,116.77066666666667,67.87511111111112,local_maxima_with_prominence,"window=5,radius=10,min_prominence=30,merge=100",unresolved,false,
summit-candidate:bdfa250c89c1ca90,yamap_2022-02-23_08_42.gpx,,52,52,33.8865639,132.7116504,168.98333333333335,2022-02-23T00:06:01Z,165.38400000000001,135.28900000000002,local_maxima_with_prominence,"window=5,radius=10,min_prominence=30,merge=100",unresolved,false,
summit-candidate:23c112538ef91e0d,yamap_2022-02-23_08_42.gpx,,310,310,33.8831745,132.7109537,195.95000000000002,2022-02-23T01:40:47Z,189.256,162.05044444444445,local_maxima_with_prominence,"window=5,radius=10,min_prominence=30,merge=100",unresolved,false,
summit-candidate:54cf4155ab259d9d,yamap_2022-02-26_07_43.gpx,,81,81,33.7480679,132.8711955,430.59999999999997,2022-02-25T23:23:00Z,423.62333333333333,178.1938888888889,local_maxima_with_prominence,"window=5,radius=10,min_prominence=30,merge=100",unresolved,false,
summit-candidate:80fb4ff56016a4dd,yamap_2022-02-26_07_43.gpx,,147,147,33.7482827,132.8648856,326.3533333333333,2022-02-26T00:31:22Z,321.97133333333335,72.29133333333337,local_maxima_with_prominence,"window=5,radius=10,min_prominence=30,merge=100",unresolved,false,
summit-candidate:fbd725fc8006e2c8,yamap_2022-02-28_13_13.gpx,,24,24,34.0752611,132.9233053,50.49,2022-02-28T04:35:07Z,48.68066666666667,41.365,local_maxima_with_prominence,"window=5,radius=10,min_prominence=30,merge=100",unresolved,false,
summit-candidate:ea33d870d4700a56,yamap_2022-03-03_10_47.gpx,,114,114,33.8778648,132.8306597,414.2866666666667,2022-03-03T02:34:29Z,409.57866666666666,54.827999999999975,local_maxima_with_prominence,"window=5,radius=10,min_prominence=30,merge=100",unresolved,false,
summit-candidate:7d7066baad9d7077,yamap_2022-03-03_10_47.gpx,,215,215,33.8922068,132.8273765,505.77666666666664,2022-03-03T03:21:01Z,506.2546666666667,359.1157777777778,local_maxima_with_prominence,"window=5,radius=10,min_prominence=30,merge=100",unresolved,false,
summit-candidate:0ec3be2fa2295b82,yamap_2022-03-03_10_47.gpx,,329,329,33.8795615,132.8282109,388.2833333333333,2022-03-03T04:18:52Z,386.41066666666666,32.661333333333346,local_maxima_with_prominence,"window=5,radius=10,min_prominence=30,merge=100",unresolved,false,
summit-candidate:c1f175d0616be696,yamap_2022-03-05_09_44.gpx,,30,30,33.6968367,132.7954997,589.8691282114027,2022-03-05T01:05:57Z,587.6378037803177,109.20891689650028,local_maxima_with_prominence,"window=5,radius=10,min_prominence=30,merge=100",unresolved,false,
summit-candidate:07834c521328cc1d,yamap_2022-03-05_09_44.gpx,,152,152,33.6848511,132.7812374,707.7550916004999,2022-03-05T02:10:10Z,701.8391490916579,138.98343143985971,local_maxima_with_prominence,"window=5,radius=10,min_prominence=30,merge=100",unresolved,false,
summit-candidate:0a765b89058b256b,yamap_2022-03-05_09_44.gpx,,222,222,33.6808914,132.7938736,734.4240556679409,2022-03-05T03:03:54Z,733.5336557566152,317.65323732456454,local_maxima_with_prominence,"window=5,radius=10,min_prominence=30,merge=100",unresolved,false,
summit-candidate:cf1e11202c4f4280,yamap_2022-03-05_09_44.gpx,,505,505,33.6926089,132.8062765,694.2914342760145,2022-03-05T05:12:34Z,690.8306344441705,290.33112160430676,local_maxima_with_prominence,"window=5,radius=10,min_prominence=30,merge=100",unresolved,false,
summit-candidate:edd15dad4a862cba,yamap_2022-03-05_09_44.gpx,,618,618,33.6953574,132.7931539,478.48019710501103,2022-03-05T06:10:19Z,478.576244049343,50.15306890428923,local_maxima_with_prominence,"window=5,radius=10,min_prominence=30,merge=100",unresolved,false,
summit-candidate:622b899de76208ef,yamap_2022-03-09_10_20.gpx,,230,230,33.8609206,132.9700981,911.0766666666667,2022-03-09T03:29:56Z,910.162,530.2753333333335,local_maxima_with_prominence,"window=5,radius=10,min_prominence=30,merge=100",unresolved,false,
summit-candidate:d1269170b687c5bc,yamap_2022-03-09_10_20.gpx,,296,296,33.8581024,132.9583176,873.4633333333333,2022-03-09T04:00:19Z,871.5813333333333,49.82999999999993,local_maxima_with_prominence,"window=5,radius=10,min_prominence=30,merge=100",unresolved,false,
summit-candidate:ab8cf0f07d2a219d,yamap_2022-03-12_08_31.gpx,,40,40,33.859723,132.8152899,145.66,2022-03-11T23:52:38Z,142.25266666666667,32.81711111111112,local_maxima_with_prominence,"window=5,radius=10,min_prominence=30,merge=100",unresolved,false,
summit-candidate:7c680b0eed0187fa,yamap_2022-03-12_09_19.gpx,,73,73,33.8556124,132.7933144,221.10333333333332,2022-03-12T00:52:24Z,220.5166666666667,143.50400000000002,local_maxima_with_prominence,"window=5,radius=10,min_prominence=30,merge=100",unresolved,false,
summit-candidate:aba609f471e97e4a,yamap_2022-03-13_09_49.gpx,,182,182,33.837858,132.8256729,405.40333333333336,2022-03-13T01:44:36Z,403.34200000000004,346.052,local_maxima_with_prominence,"window=5,radius=10,min_prominence=30,merge=100",unresolved,false,
summit-candidate:079ae30d76fb11c2,yamap_2022-03-13_09_49.gpx,,317,317,33.8265074,132.8167326,280.85333333333335,2022-03-13T02:16:41Z,280.92600000000004,56.868666666666684,local_maxima_with_prominence,"window=5,radius=10,min_prominence=30,merge=100",unresolved,false,
summit-candidate:b9e78d4a587ceaa0,yamap_2022-03-13_09_49.gpx,,444,444,33.8349112,132.8127369,278.7366666666667,2022-03-13T03:02:28Z,276.7606666666667,86.98400000000001,local_maxima_with_prominence,"window=5,radius=10,min_prominence=30,merge=100",unresolved,false,
summit-candidate:5e94c87cc5fcc87b,yamap_2022-03-20_07_06.gpx,,65,65,33.8792239,132.7715271,173.09,2022-03-19T22:31:53Z,172.47400000000002,123.61133333333335,local_maxima_with_prominence,"window=5,radius=10,min_prominence=30,merge=100",unresolved,false,
summit-candidate:5aff666aa93b3a17,yamap_2022-03-20_07_06.gpx,,184,184,33.8841169,132.7626522,181.12,2022-03-19T23:13:18Z,177.77533333333332,129.204,local_maxima_with_prominence,"window=5,radius=10,min_prominence=30,merge=100",unresolved,false,
summit-candidate:c2c9094225d1da63,yamap_2022-03-20_07_06.gpx,,222,222,33.8828272,132.7569442,87.11000000000001,2022-03-19T23:38:00Z,84.53,34.278666666666666,local_maxima_with_prominence,"window=5,radius=10,min_prominence=30,merge=100",unresolved,false,
summit-candidate:452c10a1db199870,yamap_2022-03-20_07_06.gpx,,344,344,33.8773459,132.7614769,76.83333333333333,2022-03-20T00:19:27Z,74,35.510666666666665,local_maxima_with_prominence,"window=5,radius=10,min_prominence=30,merge=100",unresolved,false,
summit-candidate:3259dfe3d9ce60c5,yamap_2022-03-23_07_38.gpx,,41,41,33.816673,132.8428244,152.25333333333333,2022-03-22T22:51:07Z,153.29333333333335,56.46200000000002,local_maxima_with_prominence,"window=5,radius=10,min_prominence=30,merge=100",unresolved,false,
summit-candidate:45439217573adfc4,yamap_2022-03-23_07_38.gpx,,141,141,33.8188713,132.8530104,210.93999999999997,2022-03-22T23:37:05Z,208.02866666666668,104.732,local_maxima_with_prominence,"window=5,radius=10,min_prominence=30,merge=100",unresolved,false,
summit-candidate:a94564816fd4afff,yamap_2022-03-25_12_12.gpx,,70,70,33.8503146,132.9103674,676.7066666666667,2022-03-25T04:11:51Z,675.188,53.919333333333384,local_maxima_with_prominence,"window=5,radius=10,min_prominence=30,merge=100",unresolved,false,
summit-candidate:555fd1e3be8780dd,yamap_2022-03-25_12_12.gpx,,190,190,33.8408635,132.9292547,923.8766666666667,2022-03-25T05:17:14Z,922.3733333333332,695.305,local_maxima_with_prominence,"window=5,radius=10,min_prominence=30,merge=100",unresolved,false,
summit-candidate:daa8d4127fc92552,yamap_2022-04-06_09_25.gpx,,16,16,33.8441067,132.7004302,42.296666666666674,2022-04-06T00:32:58Z,39.89933333333334,34.08155555555556,local_maxima_with_prominence,"window=5,radius=10,min_prominence=30,merge=100",unresolved,false,
summit-candidate:7ceb76663c2bb81b,yamap_2022-04-08_09_33.gpx,,39,39,33.1905947,132.6094331,1155.4333072605007,2022-04-08T00:54:40Z,1154.694432589434,100.21873922444047,local_maxima_with_prominence,"window=5,radius=10,min_prominence=30,merge=100",unresolved,false,
summit-candidate:27c1036d4aa2230e,yamap_2022-04-08_09_33.gpx,,111,111,33.1812975,132.6194355,1167.5519282683324,2022-04-08T01:34:13Z,1165.6822239228245,127.99264956473075,local_maxima_with_prominence,"window=5,radius=10,min_prominence=30,merge=100",unresolved,false,
summit-candidate:babbcdf7bbd23463,yamap_2022-04-08_09_33.gpx,,205,205,33.1878433,132.6355525,1222.4936499541386,2022-04-08T02:26:01Z,1219.280039532869,199.59591833705952,local_maxima_with_prominence,"window=5,radius=10,min_prominence=30,merge=100",unresolved,false,
summit-candidate:91ebf1d99654d5b2,yamap_2022-04-08_09_33.gpx,,369,369,33.1848651,132.6159575,1162.2731411431716,2022-04-08T04:03:22Z,1159.4103176788672,112.70646127274085,local_maxima_with_prominence,"window=5,radius=10,min_prominence=30,merge=100",unresolved,false,
summit-candidate:40068653b28bad40,yamap_2022-04-08_09_33.gpx,,533,533,33.2001424,132.6082692,1090.3964691990484,2022-04-08T05:17:22Z,1089.6164763512995,73.97412148025501,local_maxima_with_prominence,"window=5,radius=10,min_prominence=30,merge=100",unresolved,false,
summit-candidate:9a68e7a3a97831ff,yamap_2022-04-09_14_44.gpx,,126,126,33.92961,132.8476038,950.6066666666666,2022-04-09T06:28:57Z,947.8386666666665,121.524,local_maxima_with_prominence,"window=5,radius=10,min_prominence=30,merge=100",unresolved,false,
summit-candidate:6ba0d3c6b0fb6b96,yamap_2022-04-09_14_44.gpx,,265,265,33.9456945,132.8499533,981.3100000000001,2022-04-09T07:10:52Z,980.4326666666668,59.94155555555574,local_maxima_with_prominence,"window=5,radius=10,min_prominence=30,merge=100",unresolved,false,
summit-candidate:7a1f0e8b5f9e5cc2,yamap_2022-04-15_11_52.gpx,,157,157,33.7157017,132.8951897,1277.043085490437,2022-04-15T04:40:23Z,1276.8795567022137,334.6426018089121,local_maxima_with_prominence,"window=5,radius=10,min_prominence=30,merge=100",unresolved,false,
summit-candidate:b06e13a9483478e5,yamap_2022-04-15_11_52.gpx,,366,366,33.7217271,132.882066,1139.9767402874822,2022-04-15T05:55:09Z,1139.1845147709828,118.19356129498044,local_maxima_with_prominence,"window=5,radius=10,min_prominence=30,merge=100",unresolved,false,
summit-candidate:8e8035372e25eb9d,yamap_2022-04-16_07_39.gpx,,129,129,33.887339,132.9480065,628.7666666666668,2022-04-15T23:18:55Z,622.1993333333334,31.553333333333285,local_maxima_with_prominence,"window=5,radius=10,min_prominence=30,merge=100",unresolved,false,
summit-candidate:77bb5774f7fa012e,yamap_2022-04-16_07_39.gpx,,238,238,33.8997373,132.9587422,1199.216666666667,2022-04-16T01:00:28Z,1195.4166666666667,32.6866666666665,local_maxima_with_prominence,"window=5,radius=10,min_prominence=30,merge=100",unresolved,false,
summit-candidate:d06b9d5365beffaa,yamap_2022-04-16_07_39.gpx,,258,258,33.9025981,132.959899,1229.5033333333333,2022-04-16T01:40:36Z,1225.4919999999997,854.519222222222,local_maxima_with_prominence,"window=5,radius=10,min_prominence=30,merge=100",unresolved,false,
summit-candidate:b6f296c230c1891d,yamap_2022-04-16_07_39.gpx,,454,454,33.8761667,132.9651395,598.0666666666667,2022-04-16T03:14:24Z,596.3646666666667,43.085333333333324,local_maxima_with_prominence,"window=5,radius=10,min_prominence=30,merge=100",unresolved,false,
summit-candidate:50d68ea03af3c4ff,yamap_2022-04-22_11_13.gpx,,65,65,33.3884297,132.7572928,456.7219376700282,2022-04-22T02:33:15Z,457.23848879788,99.98510139227648,local_maxima_with_prominence,"window=5,radius=10,min_prominence=30,merge=100",unresolved,false,
summit-candidate:da65a16f23740e83,yamap_2022-04-22_12_22.gpx,,90,90,33.4130019,132.7969092,646.7704243218062,2022-04-22T04:02:15Z,646.8117727295592,223.6981971779374,local_maxima_with_prominence,"window=5,radius=10,min_prominence=30,merge=100",unresolved,false,
summit-candidate:6198ad7009d86ec2,yamap_2022-04-22_14_13.gpx,,68,68,33.4536468,132.8065716,1117.4867674520622,2022-04-22T05:40:34Z,1115.4109183043774,123.89425535913199,local_maxima_with_prominence,"window=5,radius=10,min_prominence=30,merge=100",unresolved,false,
summit-candidate:e85b9bd32eb5e6f1,yamap_2022-04-22_16_48.gpx,,37,37,33.4721185,132.8658682,1415.7321709473536,2022-04-22T08:04:32Z,1415.7341063856818,79.8762122074545,local_maxima_with_prominence,"window=5,radius=10,min_prominence=30,merge=100",unresolved,false,
summit-candidate:101254053567838a,yamap_2022-04-22_17_29.gpx,,10,10,33.4823808,132.8861266,1188.1187548490348,2022-04-22T08:37:01Z,1184.5819836781006,51.8077420141401,local_maxima_with_prominence,"window=5,radius=7,min_prominence=30,merge=100",unresolved,false,
summit-candidate:e793f83b8a4fd86f,yamap_2022-04-25_11_35.gpx,,146,146,33.9268119,132.9242667,927.37,2022-04-25T04:04:28Z,923.832,58.681333333333214,local_maxima_with_prominence,"window=5,radius=10,min_prominence=30,merge=100",unresolved,false,
summit-candidate:15c71a530dcecd2e,yamap_2022-04-25_11_35.gpx,,195,195,33.9189905,132.9253476,943.7166666666667,2022-04-25T04:47:22Z,941.0766666666666,414.1686666666666,local_maxima_with_prominence,"window=5,radius=10,min_prominence=30,merge=100",unresolved,false,
summit-candidate:61f36127d879648f,yamap_2022-04-27_10_31.gpx,,340,340,33.3438869,132.7560391,911.8788921966252,2022-04-27T04:10:55Z,911.3258841914882,717.0495586907397,local_maxima_with_prominence,"window=5,radius=10,min_prominence=30,merge=100",unresolved,false,
summit-candidate:591204fdc01b55b6,yamap_2022-04-30_08_30.gpx,,68,68,33.7507578,133.1571706,1749.5652002309682,2022-04-30T00:08:01Z,1746.5403748782949,195.7486748826252,local_maxima_with_prominence,"window=5,radius=10,min_prominence=30,merge=100",unresolved,false,
summit-candidate:71b10e23075edf20,yamap_2022-04-30_08_30.gpx,,198,198,33.732243,133.160912,1863.226432016608,2022-04-30T01:43:24Z,1862.380433997942,357.9856034235868,local_maxima_with_prominence,"window=5,radius=10,min_prominence=30,merge=100",unresolved,false,
summit-candidate:43f9d4fa36aabb79,yamap_2022-04-30_08_30.gpx,,294,294,33.7288641,133.1784766,1808.4700055808014,2022-04-30T02:49:25Z,1806.6300660595139,69.33627527367207,local_maxima_with_prominence,"window=5,radius=10,min_prominence=30,merge=100",unresolved,false,
summit-candidate:d13554ef3debca9d,yamap_2022-04-30_08_30.gpx,,470,470,33.7457474,133.1572601,1638.4079336000111,2022-04-30T04:12:06Z,1637.047941537518,76.64448412568618,local_maxima_with_prominence,"window=5,radius=10,min_prominence=30,merge=100",unresolved,false,
summit-candidate:33637f0e3b5b1405,yamap_2022-05-02_09_06.gpx,,83,83,33.5552593,132.9223115,1567.7094910140197,2022-05-02T00:41:57Z,1566.5567877087597,73.64648110618464,local_maxima_with_prominence,"window=5,radius=10,min_prominence=30,merge=100",unresolved,false,
summit-candidate:1ebd63d8e2790409,yamap_2022-05-02_09_06.gpx,,258,258,33.5604174,132.9270238,1532.1452947696732,2022-05-02T01:51:08Z,1531.8521124382016,61.57797085829429,local_maxima_with_prominence,"window=5,radius=10,min_prominence=30,merge=100",unresolved,false,
summit-candidate:e084389cc60ad329,yamap_2022-05-05_13_29.gpx,,90,90,33.7260215,132.9136819,1203.3533333333332,2022-05-05T05:00:25Z,1201.1933333333334,62.1099999999999,local_maxima_with_prominence,"window=5,radius=10,min_prominence=30,merge=100",unresolved,false,
summit-candidate:e7e4429a39f6359f,yamap_2022-05-05_13_29.gpx,,146,146,33.7306327,132.9237927,1250.17,2022-05-05T05:25:20Z,1248.4733333333334,43.9666666666667,local_maxima_with_prominence,"window=5,radius=10,min_prominence=30,merge=100",unresolved,false,
summit-candidate:ea6bebee79234da7,yamap_2022-05-05_13_29.gpx,,183,183,33.7301727,132.9307483,1276.53,2022-05-05T05:53:21Z,1275.0846666666666,237.2635555555555,local_maxima_with_prominence,"window=5,radius=10,min_prominence=30,merge=100",unresolved,false,
summit-candidate:2f7dbee4c5bde53e,yamap_2022-05-07_07_14.gpx,,308,308,33.9280045,133.4790952,1251.9766666666667,2022-05-07T00:33:44Z,1251.6086666666667,65.96066666666684,local_maxima_with_prominence,"window=5,radius=10,min_prominence=30,merge=100",unresolved,false,
summit-candidate:db51ae1b2be57eea,yamap_2022-05-07_07_14.gpx,,443,443,33.9193511,133.4578173,1451.0833333333333,2022-05-07T01:55:18Z,1450.523333333333,723.5986666666665,local_maxima_with_prominence,"window=5,radius=10,min_prominence=30,merge=100",unresolved,false,
summit-candidate:eaabf45a5163fb65,yamap_2022-05-07_07_14.gpx,,564,564,33.9274448,133.4799523,1251.2133333333334,2022-05-07T02:45:12Z,1250.3773333333331,62.40333333333297,local_maxima_with_prominence,"window=5,radius=10,min_prominence=30,merge=100",unresolved,false,
summit-candidate:4b33f9c73e644793,yamap_2022-05-15_06_10.gpx,,38,38,33.7587783,132.9928848,1076.4162189328617,2022-05-14T21:38:19Z,1075.5448539337842,35.543086465780334,local_maxima_with_prominence,"window=5,radius=10,min_prominence=30,merge=100",unresolved,false,
summit-candidate:2b97141dc260a078,yamap_2022-05-15_06_10.gpx,,166,166,33.7587106,133.0192751,1232.6866666666667,2022-05-14T22:30:47Z,1232.0893333333333,105.53999999999996,local_maxima_with_prominence,"window=5,radius=10,min_prominence=30,merge=100",unresolved,false,
summit-candidate:242762a3c600ff91,yamap_2022-05-15_06_10.gpx,,262,262,33.7620048,133.0352237,1301.993333333333,2022-05-14T23:22:34Z,1301.3780000000002,136.32200000000012,local_maxima_with_prominence,"window=5,radius=10,min_prominence=30,merge=100",unresolved,false,
summit-candidate:124ae25a51aa9a64,yamap_2022-05-15_06_10.gpx,,311,311,33.7589522,133.0444754,1256.8500000000001,2022-05-14T23:39:55Z,1254.2993333333334,43.69066666666663,local_maxima_with_prominence,"window=5,radius=10,min_prominence=30,merge=100",unresolved,false,
summit-candidate:bb644412fd9a132c,yamap_2022-05-15_06_10.gpx,,440,440,33.7557226,133.066955,1682.5333333333335,2022-05-15T01:18:56Z,1682.226,683.9684680676697,local_maxima_with_prominence,"window=5,radius=10,min_prominence=30,merge=100",unresolved,false,
summit-candidate:57e8c6cb102c9500,yamap_2022-05-15_06_10.gpx,,790,790,33.7374797,133.0312873,766.7766666666666,2022-05-15T03:59:36Z,765.0846666666666,58.08999999999992,local_maxima_with_prominence,"window=5,radius=10,min_prominence=30,merge=100",unresolved,false,
summit-candidate:3b98b67bbe0fe0f9,yamap_2022-05-22_08_09.gpx,,234,234,33.7675949,133.1152818,1979.1701508543217,2022-05-22T01:05:34Z,1976.4844286770015,472.2130532503336,local_maxima_with_prominence,"window=5,radius=10,min_prominence=30,merge=100",unresolved,false,
summit-candidate:6b5100f449c22108,yamap_2022-05-25_09_48.gpx,,84,84,33.7805717,133.2216507,1698.7424939329492,2022-05-25T01:48:15Z,1695.7074055066732,90.7779026904825,local_maxima_with_prominence,"window=5,radius=10,min_prominence=30,merge=100",unresolved,false,
summit-candidate:91cacd7deced8470,yamap_2022-06-04_14_13.gpx,,35,35,33.844404,132.7665578,129.4799661552467,2022-06-04T05:24:43Z,128.89307410279838,98.43963080069058,local_maxima_with_prominence,"window=5,radius=10,min_prominence=30,merge=100",unresolved,false,
summit-candidate:a787265150d4f3ee,yamap_2022-06-16_16_00.gpx,,10,10,33.4707047,132.8970608,1272.03184660662,2022-06-16T07:11:11Z,1267.7652250307078,48.050306307021174,local_maxima_with_prominence,"window=5,radius=7,min_prominence=30,merge=100",unresolved,false,
summit-candidate:c7ff156edb321d12,yamap_2022-06-16_16_25.gpx,,17,17,33.4674336,132.9161606,1345.4997959227253,2022-06-16T07:44:39Z,1341.7090223961698,120.55707220350382,local_maxima_with_prominence,"window=5,radius=10,min_prominence=30,merge=100",unresolved,false,
summit-candidate:76a5e492c9dcf980,yamap_2022-06-18_11_15.gpx,,125,125,34.2566278,133.1474902,363.7359939346231,2022-06-18T02:58:49Z,360.3612323725641,200.47093097639944,local_maxima_with_prominence,"window=5,radius=10,min_prominence=30,merge=100",unresolved,false,
summit-candidate:c4169cdcaf61f31a,yamap_2022-06-18_13_12.gpx,,49,49,34.2604083,133.178604,132.84324070749756,2022-06-18T04:44:19Z,129.37581916290455,127.05673398619939,local_maxima_with_prominence,"window=5,radius=10,min_prominence=30,merge=100",unresolved,false,
summit-candidate:50aa5073a99759cf,yamap_2022-06-18_14_26.gpx,,45,45,34.280645,133.1726806,133.6903994266386,2022-06-18T05:52:23Z,131.27616207319215,123.72232414852802,local_maxima_with_prominence,"window=5,radius=10,min_prominence=30,merge=100",unresolved,false,
summit-candidate:a92a94d8b5e0fb90,yamap_2022-06-20_12_02.gpx,,96,96,34.2432829,133.0072567,156.04151443047127,2022-06-20T03:36:53Z,152.4102188428815,142.60185042892624,local_maxima_with_prominence,"window=5,radius=10,min_prominence=30,merge=100",unresolved,false,
summit-candidate:159deb385560c198,yamap_2022-06-20_12_02.gpx,,226,226,34.2396526,133.0209828,436.9143046126708,2022-06-20T04:58:54Z,434.921827867275,425.080905186852,local_maxima_with_prominence,"window=5,radius=10,min_prominence=30,merge=100",unresolved,false,
summit-candidate:c8a7a1f1d1dad353,yamap_2022-06-23_13_59.gpx,,48,48,33.0558602,132.6590657,1061.6229039079428,2022-06-23T05:34:24Z,1062.3611992798205,239.0884633525717,local_maxima_with_prominence,"window=5,radius=10,min_prominence=30,merge=100",unresolved,false,
summit-candidate:43911aa413390192,yamap_2022-06-29_08_48.gpx,,79,79,33.9200756,132.807533,449.0333333333333,2022-06-29T01:17:43Z,448.11933333333326,48.231555555555474,local_maxima_with_prominence,"window=5,radius=10,min_prominence=30,merge=100",unresolved,false,
summit-candidate:fe43b0b6aa90cb8f,yamap_2022-07-02_07_43.gpx,,215,215,33.7697167,133.1131197,1920.7933333333333,2022-07-02T00:17:09Z,1915.8086666666666,136.70799999999986,local_maxima_with_prominence,"window=5,radius=10,min_prominence=30,merge=100",unresolved,false,
summit-candidate:bca203164e26ce6a,yamap_2022-07-02_07_43.gpx,,359,359,33.7585064,133.093322,1924.4866666666667,2022-07-02T01:37:07Z,1921.570666666667,429.1162222222224,local_maxima_with_prominence,"window=5,radius=10,min_prominence=30,merge=100",unresolved,false,
summit-candidate:846b096132c533d6,yamap_2022-07-02_07_43.gpx,,398,398,33.7578996,133.086527,1879.8966666666665,2022-07-02T02:05:13Z,1877.4253333333334,44.363999999999805,local_maxima_with_prominence,"window=5,radius=10,min_prominence=30,merge=100",unresolved,false,
summit-candidate:db28fcca36deb720,yamap_2022-07-10_07_25.gpx,,57,57,33.7943958,133.1932944,1892.6599999999999,2022-07-09T23:58:06Z,1890.609333333333,223.23099999999977,local_maxima_with_prominence,"window=5,radius=10,min_prominence=30,merge=100",unresolved,false,
summit-candidate:f09a1f754bcb761e,yamap_2022-07-10_07_25.gpx,,142,142,33.7942477,133.2060388,1850.4420465524036,2022-07-10T01:00:25Z,1844.7108470150247,165.49005138874054,local_maxima_with_prominence,"window=5,radius=10,min_prominence=30,merge=100",unresolved,false,
summit-candidate:ccaadb71f8ae2bd1,yamap_2022-07-10_07_25.gpx,,321,321,33.7890862,133.1926167,1711.8700000000001,2022-07-10T01:59:41Z,1706.1893333333333,35.23933333333321,local_maxima_with_prominence,"window=5,radius=10,min_prominence=30,merge=100",unresolved,false,
summit-candidate:75832271d4e4d0ba,yamap_2022-07-14_09_57.gpx,,57,57,33.8816318,132.6714828,281.5,2022-07-14T01:43:25Z,280.448,276.3157777777778,local_maxima_with_prominence,"window=5,radius=10,min_prominence=30,merge=100",unresolved,false,
summit-candidate:93b30125fa1dcd57,yamap_2022-07-21_10_02.gpx,,21,21,33.8920646,132.6706697,62.39020293366199,2022-07-21T01:16:26Z,57.265508709578306,55.11717537624497,local_maxima_with_prominence,"window=5,radius=10,min_prominence=30,merge=100",unresolved,false,
summit-candidate:8de328f982753d58,yamap_2022-08-21_15_44.gpx,,45,45,33.8440521,132.7412572,117.91000000000001,2022-08-21T07:11:06Z,118.05133333333333,43.761999999999986,local_maxima_with_prominence,"window=5,radius=10,min_prominence=30,merge=100",unresolved,false,
summit-candidate:9d5a3bd31bedfeda,yamap_2022-08-26_08_45.gpx,,101,101,33.9792546,133.0397832,356.6686284540569,2022-08-26T00:34:41Z,356.3051994255068,252.36779087861396,local_maxima_with_prominence,"window=5,radius=10,min_prominence=30,merge=100",unresolved,false,
summit-candidate:d0f2d4ee46a862c3,yamap_2022-08-26_08_45.gpx,,140,140,33.9821643,133.0333086,360.61048094906045,2022-08-26T00:50:11Z,356.1083702082207,57.580666157379426,local_maxima_with_prominence,"window=5,radius=10,min_prominence=30,merge=100",unresolved,false,
summit-candidate:3111fcf6a23addd2,yamap_2022-08-27_06_05.gpx,,262,262,33.9465925,132.896379,905.61,2022-08-26T23:08:23Z,905.1686666666667,41.215333333333206,local_maxima_with_prominence,"window=5,radius=10,min_prominence=30,merge=100",unresolved,false,
summit-candidate:80368eea9aabeb96,yamap_2022-08-27_06_05.gpx,,307,307,33.9503258,132.8887705,964.82,2022-08-26T23:28:45Z,961.2239999999999,504.96622222222214,local_maxima_with_prominence,"window=5,radius=10,min_prominence=30,merge=100",unresolved,false,
summit-candidate:9b4175d2d4104530,yamap_2022-09-04_12_08.gpx,,113,113,33.7528018,132.8052723,343.08666666666664,2022-09-04T04:21:51Z,342.36600000000004,43.36466666666672,local_maxima_with_prominence,"window=5,radius=10,min_prominence=30,merge=100",unresolved,false,
summit-candidate:2b56d4ad77a0c4b7,yamap_2022-09-04_12_08.gpx,,143,143,33.7484344,132.8072111,404.05,2022-09-04T05:07:20Z,402.18466666666666,338.01355555555557,local_maxima_with_prominence,"window=5,radius=10,min_prominence=30,merge=100",unresolved,false,
summit-candidate:23eea13de5db5c9f,yamap_2022-09-09_06_58.gpx,,138,138,33.8116552,133.2616339,1758.0533333333333,2022-09-09T00:07:04Z,1755.8059999999998,135.25466666666648,local_maxima_with_prominence,"window=5,radius=10,min_prominence=30,merge=100",unresolved,false,
summit-candidate:9a59c4b620ba3792,yamap_2022-09-09_06_58.gpx,,263,263,33.8282719,133.274721,1856.2533333333333,2022-09-09T01:37:36Z,1854.9260000000002,740.9765555555557,local_maxima_with_prominence,"window=5,radius=10,min_prominence=30,merge=100",unresolved,false,
summit-candidate:7213c478833fd90f,yamap_2022-09-09_06_58.gpx,,325,325,33.8318331,133.2842619,1846.8,2022-09-09T02:33:01Z,1848.9200000000005,94.97666666666714,local_maxima_with_prominence,"window=5,radius=10,min_prominence=30,merge=100",unresolved,false,
summit-candidate:395bb631522975b6,yamap_2022-09-09_06_58.gpx,,582,582,33.8051544,133.2736798,1138.3266666666668,2022-09-09T04:41:22Z,1137.6580000000001,40.846666666666806,local_maxima_with_prominence,"window=5,radius=10,min_prominence=30,merge=100",unresolved,false,
summit-candidate:35b464661fa62df9,yamap_2022-09-15_09_20.gpx,,156,156,34.2803533,133.2279632,323.2966666666667,2022-09-15T01:10:44Z,322.302,269.99533333333335,local_maxima_with_prominence,"window=5,radius=10,min_prominence=30,merge=100",unresolved,false,
summit-candidate:bd145a45a7d01b99,yamap_2022-09-15_11_02.gpx,,14,14,34.2687521,133.1998766,52.94,2022-09-15T02:18:43Z,48.35933333333334,40.11016666666667,local_maxima_with_prominence,"window=5,radius=10,min_prominence=30,merge=100",unresolved,false,
summit-candidate:329d2ab957090210,yamap_2022-09-15_11_50.gpx,,10,10,34.2444484,133.2061963,136.67,2022-09-15T03:01:50Z,132.7853333333333,34.601999999999975,local_maxima_with_prominence,"window=5,radius=7,min_prominence=30,merge=100",unresolved,false,
summit-candidate:4d0f5f75da9165b8,yamap_2022-09-15_12_35.gpx,,92,92,34.2665635,133.2120741,269.75333333333333,2022-09-15T05:09:55Z,264.6286666666667,231.982,local_maxima_with_prominence,"window=5,radius=10,min_prominence=30,merge=100",unresolved,false,
summit-candidate:ef5127a689eaf48a,yamap_2022-09-20_14_24.gpx,,34,34,33.3425963,132.4607227,559.4133333333333,2022-09-20T05:44:56Z,559.2346666666666,97.58744444444432,local_maxima_with_prominence,"window=5,radius=10,min_prominence=30,merge=100",unresolved,false,
summit-candidate:3a1a951de82d4254,yamap_2022-09-21_13_09.gpx,,49,49,34.0131705,133.6055034,227.89170104701893,2022-09-21T04:46:18Z,222.18811644811666,179.7467699269736,local_maxima_with_prominence,"window=5,radius=10,min_prominence=30,merge=100",unresolved,false,
summit-candidate:88555c5557efeb46,yamap_2022-09-24_08_33.gpx,,237,237,33.7688125,133.1135435,1967.3733333333332,2022-09-24T01:20:54Z,1961.9266666666667,468.05133333333356,local_maxima_with_prominence,"window=5,radius=10,min_prominence=30,merge=100",unresolved,false,
summit-candidate:8251283605282249,yamap_2022-09-26_12_07.gpx,,53,53,34.2867345,132.9886798,246.47333333333336,2022-09-26T04:02:56Z,239.456,229.3571111111111,local_maxima_with_prominence,"window=5,radius=10,min_prominence=30,merge=100",unresolved,false,
summit-candidate:588c967023117267,yamap_2022-09-26_14_04.gpx,,67,67,34.2634531,132.9718171,201.48000000000002,2022-09-26T05:36:26Z,203.47933333333333,195.856,local_maxima_with_prominence,"window=5,radius=10,min_prominence=30,merge=100",unresolved,false,
summit-candidate:7bda9ba8d2b47d6e,yamap_2022-10-01_08_30.gpx,,241,241,33.2788845,132.7701055,947.3511063301806,2022-10-01T01:32:17Z,945.7599055161445,703.6414208032384,local_maxima_with_prominence,"window=5,radius=10,min_prominence=30,merge=100",unresolved,false,
summit-candidate:82d3009a6c1b2511,yamap_2022-10-03_14_57.gpx,,73,73,33.9465786,132.799306,218.9593458353185,2022-10-03T06:26:44Z,214.57108521408654,161.65809505608593,local_maxima_with_prominence,"window=5,radius=10,min_prominence=30,merge=100",unresolved,false,
summit-candidate:ff0e7de3b62f5ed8,yamap_2022-10-04_12_47.gpx,,100,100,33.2597751,132.6071981,760.3519951848507,2022-10-04T04:17:51Z,759.2584605798177,162.82551212120575,local_maxima_with_prominence,"window=5,radius=10,min_prominence=30,merge=100",unresolved,false,
summit-candidate:5104c47f17101d63,yamap_2022-10-08_06_12.gpx,,259,259,33.8754953,133.3399899,1621.9866666666667,2022-10-07T23:33:23Z,1618.4233333333336,88.34333333333325,local_maxima_with_prominence,"window=5,radius=10,min_prominence=30,merge=100",unresolved,false,
summit-candidate:61a5956a49a7ace2,yamap_2022-10-08_06_12.gpx,,324,324,33.879673,133.3538898,1631.9833333333333,2022-10-08T00:11:50Z,1629.6713333333332,43.63399999999979,local_maxima_with_prominence,"window=5,radius=10,min_prominence=30,merge=100",unresolved,false,
summit-candidate:e2bdd25969c7f122,yamap_2022-10-08_06_12.gpx,,375,375,33.8762013,133.3626992,1651.7766666666666,2022-10-08T01:00:38Z,1645.8173333333332,103.50333333333333,local_maxima_with_prominence,"window=5,radius=10,min_prominence=30,merge=100",unresolved,false,
summit-candidate:2b7cce23b57844a5,yamap_2022-10-08_06_12.gpx,,436,436,33.8752971,133.3737015,1699.1266666666668,2022-10-08T01:56:30Z,1696.9026666666664,866.4026666666664,local_maxima_with_prominence,"window=5,radius=10,min_prominence=30,merge=100",unresolved,false,
summit-candidate:541ec86327b86307,yamap_2022-10-11_15_15.gpx,,48,48,33.8763934,132.685607,89.01666666666667,2022-10-11T06:37:16Z,88.53799999999998,88.02066666666664,local_maxima_with_prominence,"window=5,radius=10,min_prominence=30,merge=100",unresolved,false,
summit-candidate:aadeb26cf0359691,yamap_2022-10-14_12_05.gpx,,21,21,33.9054103,132.6682142,112.67333333333333,2022-10-14T03:21:38Z,108.79466666666667,34.56800000000001,local_maxima_with_prominence,"window=5,radius=10,min_prominence=30,merge=100",unresolved,false,
summit-candidate:cc3fbb2358d0d4fc,yamap_2022-10-14_13_01.gpx,,32,32,33.9183794,132.6903824,120.40666666666665,2022-10-14T04:21:38Z,118.02933333333333,106.43266666666666,local_maxima_with_prominence,"window=5,radius=10,min_prominence=30,merge=100",unresolved,false,
summit-candidate:c7de309bf838af87,yamap_2022-10-14_13_42.gpx,,58,58,33.9108676,132.6865172,111.76333333333332,2022-10-14T05:43:37Z,108.022,73.98533333333333,local_maxima_with_prominence,"window=5,radius=10,min_prominence=30,merge=100",unresolved,false,
summit-candidate:c7ac7ff98cacc074,yamap_2022-10-16_10_19.gpx,,31,31,33.9400809,132.9443333,1037.9733333333334,2022-10-16T01:40:58Z,1034.2626666666667,97.07600000000002,local_maxima_with_prominence,"window=5,radius=10,min_prominence=30,merge=100",unresolved,false,
summit-candidate:0c2609d9e7e31a00,yamap_2022-10-16_10_19.gpx,,115,115,33.9279339,132.945849,1012.4166666666666,2022-10-16T02:19:18Z,1011.5873333333333,60.94999999999982,local_maxima_with_prominence,"window=5,radius=10,min_prominence=30,merge=100",unresolved,false,
summit-candidate:17b2365d322cd022,yamap_2022-10-16_10_19.gpx,,243,243,33.9071584,132.9439167,1212.63,2022-10-16T03:42:27Z,1204.1453333333334,300.1531111111111,local_maxima_with_prominence,"window=5,radius=10,min_prominence=30,merge=100",unresolved,false,
summit-candidate:bcf5d9d5a90e5cda,yamap_2022-10-16_10_19.gpx,,378,378,33.9283914,132.9469495,1010.1166666666667,2022-10-16T04:44:39Z,1005.7073333333334,53.4620000000001,local_maxima_with_prominence,"window=5,radius=10,min_prominence=30,merge=100",unresolved,false,
summit-candidate:bf2b3499e08da2df,yamap_2022-10-19_16_00.gpx,,16,16,33.8685514,132.7112215,47.879999999999995,2022-10-19T07:07:18Z,45.224666666666664,37.32866666666666,local_maxima_with_prominence,"window=5,radius=10,min_prominence=30,merge=100",unresolved,false,
summit-candidate:a9a2a270fb6273fe,yamap_2022-10-19_16_00.gpx,,57,57,33.8724674,132.7108146,63.77666666666667,2022-10-19T07:27:41Z,57.410000000000004,55.914,local_maxima_with_prominence,"window=5,radius=10,min_prominence=30,merge=100",unresolved,false,
summit-candidate:5f001ac124f82ef6,yamap_2022-10-19_16_00.gpx,,117,117,33.8685926,132.7153244,41.080000000000005,2022-10-19T07:50:46Z,40.882000000000005,38.610666666666674,local_maxima_with_prominence,"window=5,radius=10,min_prominence=30,merge=100",unresolved,false,
summit-candidate:f676e5a22f523492,yamap_2022-10-21_12_15.gpx,,82,82,33.8924606,133.0391092,211.39459610568747,2022-10-21T03:59:05Z,209.35156788382614,160.00527588728468,local_maxima_with_prominence,"window=5,radius=10,min_prominence=30,merge=100",unresolved,false,
summit-candidate:9d447faef6efe2ab,yamap_2022-10-27_13_37.gpx,,19,19,33.5090382,132.5604,335.74500437341317,2022-10-27T04:49:05Z,333.21343629835576,41.81435987751223,local_maxima_with_prominence,"window=5,radius=10,min_prominence=30,merge=100",unresolved,false,
summit-candidate:45f2c6fc88212acd,yamap_2022-10-28_06_21.gpx,,23,23,33.7504959,132.9904187,1059.54,2022-10-27T21:33:54Z,1056.6893333333333,37.8599999999999,local_maxima_with_prominence,"window=5,radius=10,min_prominence=30,merge=100",unresolved,false,
summit-candidate:9f01494435790d72,yamap_2022-10-28_06_21.gpx,,135,135,33.7341084,132.9846838,1437.8266666666666,2022-10-27T22:59:44Z,1432.1366666666668,445.0861111111112,local_maxima_with_prominence,"window=5,radius=10,min_prominence=30,merge=100",unresolved,false,
summit-candidate:16e9de2bedeb2d1c,yamap_2022-10-28_06_21.gpx,,313,313,33.7433387,132.9562696,1252.3999999999999,2022-10-28T00:57:47Z,1250.4333333333334,48.75,local_maxima_with_prominence,"window=5,radius=10,min_prominence=30,merge=100",unresolved,false,
summit-candidate:25e47e34740282d2,yamap_2022-10-28_06_21.gpx,,378,378,33.7336817,132.9534746,1313.3500000000001,2022-10-28T01:48:22Z,1311.8753333333334,189.78399999999988,local_maxima_with_prominence,"window=5,radius=10,min_prominence=30,merge=100",unresolved,false,
summit-candidate:5cb1fa3d9dcf60f5,yamap_2022-10-28_06_21.gpx,,486,486,33.7477413,132.9624107,1237.0966666666666,2022-10-28T02:57:48Z,1233.7639999999997,42.291333333333114,local_maxima_with_prominence,"window=5,radius=10,min_prominence=30,merge=100",unresolved,false,
summit-candidate:c2fc382b492cfde4,yamap_2022-10-28_06_21.gpx,,574,574,33.7499423,132.9750274,961.2033333333334,2022-10-28T03:52:56Z,958.3873333333333,72.59000000000003,local_maxima_with_prominence,"window=5,radius=10,min_prominence=30,merge=100",unresolved,false,
summit-candidate:cf97b8470d2ed1d7,yamap_2022-11-05_04_38.gpx,,219,219,33.8793374,133.3915368,1584.2533333333333,2022-11-04T22:07:07Z,1580.636,71.07533333333322,local_maxima_with_prominence,"window=5,radius=10,min_prominence=30,merge=100",unresolved,false,
summit-candidate:ffa6a88e4e680fd5,yamap_2022-11-05_04_38.gpx,,290,290,33.8869696,133.4012543,1626.996666666667,2022-11-04T23:19:27Z,1620.976666666667,39.13666666666677,local_maxima_with_prominence,"window=5,radius=10,min_prominence=30,merge=100",unresolved,false,
summit-candidate:09547fd48f24d064,yamap_2022-11-05_04_38.gpx,,327,327,33.8858865,133.4078131,1672.3333333333333,2022-11-05T00:27:55Z,1671.772666666667,1026.816666666667,local_maxima_with_prominence,"window=5,radius=10,min_prominence=30,merge=100",unresolved,false,
summit-candidate:7ef7c15a52318cc9,yamap_2022-11-05_04_38.gpx,,385,385,33.8894776,133.4182784,1664.1233333333332,2022-11-05T01:49:59Z,1659.6093333333333,82.46799999999985,local_maxima_with_prominence,"window=5,radius=10,min_prominence=30,merge=100",unresolved,false,
summit-candidate:e4fbd033b13d73ce,yamap_2022-11-07_12_37.gpx,,16,16,33.9739877,132.7641726,99.19338457582633,2022-11-07T03:54:14Z,99.33989596016553,85.64264954622311,local_maxima_with_prominence,"window=5,radius=10,min_prominence=30,merge=100",unresolved,false,
summit-candidate:615a70cf4401199b,yamap_2022-11-14_13_02.gpx,,26,26,33.5350475,132.4654448,822.6353431394673,2022-11-14T04:16:20Z,820.9310706086587,52.910994033107045,local_maxima_with_prominence,"window=5,radius=10,min_prominence=30,merge=100",unresolved,false,
summit-candidate:a557f14fb032a808,yamap_2022-11-26_04_41.gpx,,182,182,33.8594931,133.3189152,1423.68,2022-11-25T21:15:02Z,1418.9720000000002,70.32066666666697,local_maxima_with_prominence,"window=5,radius=10,min_prominence=30,merge=100",unresolved,false,
summit-candidate:53d0e375c60814f6,yamap_2022-11-26_04_41.gpx,,219,219,33.8537021,133.3199199,1457.99,2022-11-25T21:53:27Z,1455.028,269.07266666666646,local_maxima_with_prominence,"window=5,radius=10,min_prominence=30,merge=100",unresolved,false,
summit-candidate:a00d481162af54e2,yamap_2022-11-26_04_41.gpx,,456,456,33.8285796,133.2937377,1719.1733333333334,2022-11-26T00:42:34Z,1715.4026666666664,161.51933333333318,local_maxima_with_prominence,"window=5,radius=10,min_prominence=30,merge=100",unresolved,false,
summit-candidate:006436491de34784,yamap_2022-11-26_04_41.gpx,,567,567,33.8159575,133.3107033,1729.61,2022-11-26T01:44:08Z,1727.995333333333,896.6446666666665,local_maxima_with_prominence,"window=5,radius=10,min_prominence=30,merge=100",unresolved,false,
summit-candidate:c256cfef3720557f,yamap_2022-11-26_04_41.gpx,,639,639,33.8146236,133.3260701,1691.2766666666666,2022-11-26T02:13:56Z,1691.0313333333331,47.8479999999995,local_maxima_with_prominence,"window=5,radius=10,min_prominence=30,merge=100",unresolved,false,
summit-candidate:a03fbec9bab2fe7a,yamap_2022-11-26_04_41.gpx,,986,986,33.8478086,133.3416978,907.3366666666667,2022-11-26T05:07:47Z,900.024,50.12199999999996,local_maxima_with_prominence,"window=5,radius=10,min_prominence=30,merge=100",unresolved,false,
summit-candidate:02fa4cfab6fa90d3,yamap_2022-12-12_08_41.gpx,,34,34,33.7134297,132.824108,731.4733333333334,2022-12-12T00:15:54Z,726.2120000000001,192.76088888888899,local_maxima_with_prominence,"window=5,radius=10,min_prominence=30,merge=100",unresolved,false,
summit-candidate:9acc21860aa8a208,yamap_2022-12-12_10_30.gpx,,58,58,33.7680114,132.779871,192.99666666666667,2022-12-12T01:51:57Z,192.9246666666667,71.25933333333337,local_maxima_with_prominence,"window=5,radius=10,min_prominence=30,merge=100",unresolved,false,
summit-candidate:101c1b0635c0bec0,yamap_2022-12-25_10_09.gpx,,33,33,34.1144302,132.9156361,131.66666666666666,2022-12-25T01:23:17Z,131.382,72.68422222222222,local_maxima_with_prominence,"window=5,radius=10,min_prominence=30,merge=100",unresolved,false,
summit-candidate:d5b708b4d3aa86a0,yamap_2022-12-25_11_41.gpx,,25,25,34.0853958,132.9709549,239.86,2022-12-25T02:55:44Z,237.618,68.9868888888889,local_maxima_with_prominence,"window=5,radius=10,min_prominence=30,merge=100",unresolved,false,
summit-candidate:71f4bbfe52f75585,yamap_2022-12-25_12_44.gpx,,23,23,34.0274965,133.032579,108.91779584922217,2022-12-25T03:58:27Z,107.90442579095357,97.62068119273441,local_maxima_with_prominence,"window=5,radius=10,min_prominence=30,merge=100",unresolved,false,
summit-candidate:1ed32ce6414c2781,yamap_2022-12-25_13_36.gpx,,22,22,33.9801287,133.0507842,98.37666666666667,2022-12-25T04:52:48Z,95.92600000000002,53.33155555555557,local_maxima_with_prominence,"window=5,radius=10,min_prominence=30,merge=100",unresolved,false,
summit-candidate:5c9365b2a5a9c97f,yamap_2022-12-31_15_00.gpx,,21,21,33.8164872,132.787544,69.03333333333333,2022-12-31T06:12:10Z,67.41733333333335,36.384555555555565,local_maxima_with_prominence,"window=5,radius=10,min_prominence=30,merge=100",unresolved,false,
summit-candidate:4fec4dd128e55ab0,yamap_2023-01-03_07_36.gpx,,52,52,33.8892419,132.8755576,410.7033333333334,2023-01-02T22:48:59Z,408.29266666666666,30.884000000000015,local_maxima_with_prominence,"window=5,radius=10,min_prominence=30,merge=100",unresolved,false,
summit-candidate:90f628409cfebc32,yamap_2023-01-03_07_36.gpx,,213,213,33.8894209,132.9016775,1046.8,2023-01-03T00:20:50Z,1046.3866666666668,688.73,local_maxima_with_prominence,"window=5,radius=10,min_prominence=30,merge=100",unresolved,false,
summit-candidate:b1d864fd1fcc9dcb,yamap_2023-01-03_07_36.gpx,,383,383,33.8717799,132.8815633,860.4766666666668,2023-01-03T01:35:32Z,855.9460000000001,181.94666666666683,local_maxima_with_prominence,"window=5,radius=10,min_prominence=30,merge=100",unresolved,false,
summit-candidate:f2aae42aff3dea24,yamap_2023-01-03_07_36.gpx,,631,631,33.8843866,132.8629961,543.3533333333334,2023-01-03T03:35:54Z,542.78,181.86399999999998,local_maxima_with_prominence,"window=5,radius=10,min_prominence=30,merge=100",unresolved,false,
summit-candidate:74dd1729abbd7bb5,yamap_2023-01-03_07_36.gpx,,662,662,33.8887442,132.8659698,538.9699999999999,2023-01-03T04:07:42Z,536.7333333333333,37.405333333333374,local_maxima_with_prominence,"window=5,radius=10,min_prominence=30,merge=100",unresolved,false,
summit-candidate:49cfd09def5fce03,yamap_2023-01-06_11_33.gpx,,48,48,33.8420709,132.731764,107.46,2023-01-06T02:55:35Z,104.42133333333334,75.83925,local_maxima_with_prominence,"window=5,radius=10,min_prominence=30,merge=100",unresolved,false,
summit-candidate:45f49d8fd831427c,yamap_2023-01-06_11_33.gpx,,155,155,33.8362547,132.7147629,110.77666666666669,2023-01-06T03:41:19Z,109.59466666666667,37.18333333333334,local_maxima_with_prominence,"window=5,radius=10,min_prominence=30,merge=100",unresolved,false,
summit-candidate:8178723bbadb1c72,yamap_2023-01-06_11_33.gpx,,216,216,33.8442998,132.7151969,123.67,2023-01-06T04:10:38Z,121.88133333333333,114.24333333333333,local_maxima_with_prominence,"window=5,radius=10,min_prominence=30,merge=100",unresolved,false,
summit-candidate:ea18d38abe59ed57,yamap_2023-01-06_11_33.gpx,,324,324,33.8438046,132.7313169,67.89666666666668,2023-01-06T04:41:30Z,66.70400000000001,38.58466666666668,local_maxima_with_prominence,"window=5,radius=10,min_prominence=30,merge=100",unresolved,false,
summit-candidate:047b9599ec28c6ad,yamap_2023-01-08_09_18.gpx,,55,55,32.9109139,132.4871509,368.9381628408408,2023-01-08T00:59:00Z,368.389372877523,36.57770879966023,local_maxima_with_prominence,"window=5,radius=10,min_prominence=30,merge=100",unresolved,false,
summit-candidate:32bb5e7e1071e808,yamap_2023-01-08_09_18.gpx,,149,149,32.9252175,132.4855806,497.2277182534487,2023-01-08T02:15:33Z,496.37559680492006,336.9719192539245,local_maxima_with_prominence,"window=5,radius=10,min_prominence=30,merge=100",unresolved,false,
summit-candidate:a660f8ef78c69ab0,yamap_2023-01-08_14_24.gpx,,69,69,33.3548241,132.5023048,432.21000000000004,2023-01-08T05:56:12Z,426.53533333333337,202.1125555555556,local_maxima_with_prominence,"window=5,radius=10,min_prominence=30,merge=100",unresolved,false,
summit-candidate:a5f51c62e44d0847,yamap_2023-01-08_14_24.gpx,,106,106,33.3541563,132.5087392,379.3966666666667,2023-01-08T06:14:50Z,376.882,43.3893333333333,local_maxima_with_prominence,"window=5,radius=10,min_prominence=30,merge=100",unresolved,false,
summit-candidate:8a7a47d167c1aba6,yamap_2023-01-08_14_24.gpx,,147,147,33.3556223,132.5138567,349.4466666666667,2023-01-08T06:34:42Z,346.5866666666667,40.17466666666667,local_maxima_with_prominence,"window=5,radius=10,min_prominence=30,merge=100",unresolved,false,
summit-candidate:51a919059b1a6dbb,yamap_2023-01-10_10_30.gpx,,72,72,33.0306132,132.399974,194.63,2023-01-10T02:11:41Z,196.26466666666664,87.01266666666665,local_maxima_with_prominence,"window=5,radius=10,min_prominence=30,merge=100",unresolved,false,
summit-candidate:8f19c4c16e72e270,yamap_2023-01-10_10_30.gpx,,174,174,33.0229168,132.387323,243.4,2023-01-10T02:58:30Z,242.18400000000003,191.4917777777778,local_maxima_with_prominence,"window=5,radius=10,min_prominence=30,merge=100",unresolved,false,
summit-candidate:830c63408bf56cc5,yamap_2023-01-21_09_56.gpx,,16,16,33.4134474,132.1753954,289.2,2023-01-21T01:15:51Z,286.80133333333333,92.50022222222219,local_maxima_with_prominence,"window=5,radius=10,min_prominence=30,merge=100",unresolved,false,
summit-candidate:47129c06b82cf694,yamap_2023-01-21_12_43.gpx,,49,49,33.4533154,132.27344,295.1133333333334,2023-01-21T04:29:17Z,292.48,217.40066666666667,local_maxima_with_prominence,"window=5,radius=10,min_prominence=30,merge=100",unresolved,false,
summit-candidate:c6ced2088a2376f5,yamap_2023-01-21_12_43.gpx,,168,168,33.4565633,132.2726227,225.95666666666668,2023-01-21T05:24:38Z,221.39666666666668,54.69866666666667,local_maxima_with_prominence,"window=5,radius=10,min_prominence=30,merge=100",unresolved,false,
summit-candidate:5b7c833ac0535534,yamap_2023-01-28_11_53.gpx,,25,25,33.8899037,132.758853,99.92333333333335,2023-01-28T03:01:50Z,98.18533333333333,48.202000000000005,local_maxima_with_prominence,"window=5,radius=10,min_prominence=30,merge=100",unresolved,false,
summit-candidate:ab7edbc3a52d24bf,yamap_2023-01-28_12_19.gpx,,54,54,33.8919295,132.7535894,58.70666666666667,2023-01-28T03:57:10Z,56.25600000000001,37.26933333333334,local_maxima_with_prominence,"window=5,radius=10,min_prominence=30,merge=100",unresolved,false,
summit-candidate:cf6802c2dafdbf46,yamap_2023-01-28_13_44.gpx,,22,22,33.8941455,132.7646371,59.99333333333334,2023-01-28T04:53:50Z,55.33866666666667,35.154222222222224,local_maxima_with_prominence,"window=5,radius=10,min_prominence=30,merge=100",unresolved,false,
summit-candidate:1432f597b5dca157,yamap_2023-01-28_14_27.gpx,,100,100,33.9038632,132.7837316,253.17333333333332,2023-01-28T06:20:26Z,244.4253333333333,72.69666666666663,local_maxima_with_prominence,"window=5,radius=10,min_prominence=30,merge=100",unresolved,false,
summit-candidate:d43fade4de3e33c8,yamap_2023-03-05_11_09.gpx,,123,123,33.8346163,132.8126367,278.9166666666667,2023-03-05T02:46:34Z,277.32399999999996,231.9462222222222,local_maxima_with_prominence,"window=5,radius=10,min_prominence=30,merge=100",unresolved,false,
summit-candidate:446b5fe1e7a8b2fd,yamap_2023-03-11_06_08.gpx,,198,198,33.8893781,132.9018403,1048.2366666666665,2023-03-10T22:53:22Z,1046.19,65.6919999999999,local_maxima_with_prominence,"window=5,radius=10,min_prominence=30,merge=100",unresolved,false,
summit-candidate:83f3af0488659ac8,yamap_2023-03-11_06_08.gpx,,289,289,33.8940921,132.9178729,1212.2866666666666,2023-03-10T23:57:37Z,1207.5813333333333,881.0753333333333,local_maxima_with_prominence,"window=5,radius=10,min_prominence=30,merge=100",unresolved,false,
summit-candidate:5b124255339c0714,yamap_2023-03-11_06_08.gpx,,366,366,33.9046499,132.9247864,1147.7433333333333,2023-03-11T01:00:54Z,1146.1633333333332,64.46666666666647,local_maxima_with_prominence,"window=5,radius=10,min_prominence=30,merge=100",unresolved,false,
summit-candidate:0ff024bf702c13bb,yamap_2023-03-11_06_08.gpx,,502,502,33.9266494,132.924009,927.3133333333334,2023-03-11T02:40:46Z,922.1619999999999,50.99533333333318,local_maxima_with_prominence,"window=5,radius=10,min_prominence=30,merge=100",unresolved,false,
summit-candidate:6d533e458b56f1d6,yamap_2023-03-15_09_53.gpx,,72,72,33.7246538,132.8569052,583.6133333333333,2023-03-15T01:28:01Z,581.9653333333333,285.1073333333333,local_maxima_with_prominence,"window=5,radius=10,min_prominence=30,merge=100",unresolved,false,
summit-candidate:afd70dd670366e77,yamap_2023-03-20_15_17.gpx,,182,182,33.8312843,132.9832873,406.43,2023-03-20T07:28:45Z,405.034,213.49533333333332,local_maxima_with_prominence,"window=5,radius=10,min_prominence=30,merge=100",unresolved,false,
summit-candidate:339138a4e53293da,yamap_2023-03-29_05_31.gpx,,160,160,33.9047167,133.3174422,571.1733333333333,2023-03-28T22:05:53Z,565.9433333333334,42.97600000000011,local_maxima_with_prominence,"window=5,radius=10,min_prominence=30,merge=100",unresolved,false,
summit-candidate:473a62086144ac33,yamap_2023-03-29_05_31.gpx,,416,416,33.8755645,133.3400675,1619.846666666667,2023-03-29T02:22:03Z,1617.2766666666666,87.35933333333332,local_maxima_with_prominence,"window=5,radius=10,min_prominence=30,merge=100",unresolved,false,
summit-candidate:a6379cb2ebc004fb,yamap_2023-03-29_05_31.gpx,,485,485,33.8797048,133.3537674,1631.17,2023-03-29T02:52:27Z,1628.262666666667,1572.6771111111113,local_maxima_with_prominence,"window=5,radius=10,min_prominence=30,merge=100",unresolved,false,
summit-candidate:4311f3ae9948ea08,yamap_2023-03-29_05_31.gpx,,637,637,33.8989598,133.3586627,1239.3733333333334,2023-03-29T05:04:55Z,1236.9226666666666,31.684666666666544,local_maxima_with_prominence,"window=5,radius=10,min_prominence=30,merge=100",unresolved,false,
summit-candidate:924ccfedeb6c2d2c,yamap_2023-04-04_12_51.gpx,,165,165,33.6897024,132.8493405,1151.5666666666666,2023-04-04T05:01:43Z,1148.686666666667,364.1755555555559,local_maxima_with_prominence,"window=5,radius=10,min_prominence=30,merge=100",unresolved,false,
summit-candidate:2a670286f545beb2,yamap_2023-04-09_09_08.gpx,,79,79,33.6772505,132.9121114,910.6433333333334,2023-04-09T01:07:54Z,907.912,108.49333333333334,local_maxima_with_prominence,"window=5,radius=10,min_prominence=30,merge=100",unresolved,false,
summit-candidate:4ffd2320af7e6acc,yamap_2023-04-09_09_08.gpx,,121,121,33.6828739,132.9084423,845.2599999999999,2023-04-09T01:49:43Z,843.6073333333334,41.94933333333336,local_maxima_with_prominence,"window=5,radius=10,min_prominence=30,merge=100",unresolved,false,
summit-candidate:be07cff01023e072,yamap_2023-04-09_09_08.gpx,,193,193,33.6908158,132.9052102,950.8066666666667,2023-04-09T03:37:37Z,943.0853333333334,364.7099166666667,local_maxima_with_prominence,"window=5,radius=10,min_prominence=30,merge=100",unresolved,false,
summit-candidate:7880c9d0de83468b,yamap_2023-04-18_06_58.gpx,,41,41,33.8031315,132.9547814,452.99666666666667,2023-04-17T22:20:31Z,451.076,184.0048888888889,local_maxima_with_prominence,"window=5,radius=10,min_prominence=30,merge=100",unresolved,false,
summit-candidate:9669b668bebfc145,yamap_2023-04-18_10_53.gpx,,102,102,33.9017492,132.9949732,811.0092135228584,2023-04-18T03:40:48Z,810.5635357588556,421.07943096221226,local_maxima_with_prominence,"window=5,radius=10,min_prominence=30,merge=100",unresolved,false,
summit-candidate:367897a1c7a2d287,yamap_2023-05-27_09_55.gpx,,204,204,33.737749,132.9184402,1089.5833333333333,2023-05-27T03:34:36Z,1090.3393333333331,633.4715555555554,local_maxima_with_prominence,"window=5,radius=10,min_prominence=30,merge=100",unresolved,false,
summit-candidate:9488d92d9ea95406,yamap_2023-06-11_11_57.gpx,,176,176,33.9483028,132.9785604,837.212880782981,2023-06-11T04:25:02Z,833.011777022882,456.97955480065974,local_maxima_with_prominence,"window=5,radius=10,min_prominence=30,merge=100",unresolved,false,
summit-candidate:1d3eb619bd125bfd,yamap_2023-06-11_11_57.gpx,,229,229,33.9422285,132.9779374,778.4133333333334,2023-06-11T05:01:40Z,774.494,31.661333333333232,local_maxima_with_prominence,"window=5,radius=10,min_prominence=30,merge=100",unresolved,false,
summit-candidate:b73a23fa4b3abc39,yamap_2023-09-06_13_30.gpx,,37,37,33.728215,133.1156537,1375.6266666666668,2023-09-06T05:48:43Z,1374.7713333333334,285.356888888889,local_maxima_with_prominence,"window=5,radius=10,min_prominence=30,merge=100",unresolved,false,
summit-candidate:dba931625b34d9ac,yamap_2023-10-13_10_02.gpx,,145,145,33.741489,132.7329923,313.21999999999997,2023-10-13T02:11:35Z,313.2493333333333,173.82016666666664,local_maxima_with_prominence,"window=5,radius=10,min_prominence=30,merge=100",unresolved,false,
summit-candidate:2670057d58a25475,yamap_2023-10-14_07_53.gpx,,97,97,33.9725881,132.924821,616.4333333333334,2023-10-14T00:24:31Z,612.5966666666667,437.7505555555556,local_maxima_with_prominence,"window=5,radius=10,min_prominence=30,merge=100",unresolved,false,
summit-candidate:b58470f57bb41331,yamap_2023-10-22_06_44.gpx,,111,111,33.8130309,133.154101,1152.69,2023-10-21T23:29:53Z,1152.3586666666667,208.91800000000012,local_maxima_with_prominence,"window=5,radius=10,min_prominence=30,merge=100",unresolved,false,
summit-candidate:5771cdd191c3861d,yamap_2023-10-22_06_44.gpx,,254,254,33.8259035,133.1757371,1351.1733333333334,2023-10-22T01:45:28Z,1347.3773333333334,50.01866666666683,local_maxima_with_prominence,"window=5,radius=10,min_prominence=30,merge=100",unresolved,false,
summit-candidate:a61fd78e4e062683,yamap_2023-10-22_06_44.gpx,,285,285,33.8209712,133.1775059,1361.2233333333334,2023-10-22T02:16:15Z,1360.5253333333335,781.8520000000002,local_maxima_with_prominence,"window=5,radius=10,min_prominence=30,merge=100",unresolved,false,
summit-candidate:c4504025c94f843c,yamap_2023-11-11_07_17.gpx,,142,142,33.6609688,133.0432584,1215.0715256104047,2023-11-11T00:36:35Z,1211.6949138397356,161.97662139472345,local_maxima_with_prominence,"window=5,radius=10,min_prominence=30,merge=100",unresolved,false,
summit-candidate:d659f1dc6e5fa0b5,yamap_2023-11-11_07_17.gpx,,168,168,33.6584439,133.0393458,1206.9212487152886,2023-11-11T01:13:15Z,1199.2823178447425,49.764472245914476,local_maxima_with_prominence,"window=5,radius=10,min_prominence=30,merge=100",unresolved,false,
summit-candidate:ad2256a1bfd3ef78,yamap_2023-11-11_07_17.gpx,,248,248,33.6557256,133.0525977,1157.3250757909168,2023-11-11T02:12:09Z,1156.3514936375257,66.00229615721173,local_maxima_with_prominence,"window=5,radius=10,min_prominence=30,merge=100",unresolved,false,
summit-candidate:b27cb491de0f94b6,yamap_2023-11-11_07_17.gpx,,311,311,33.6540726,133.0652222,1140.991937743903,2023-11-11T02:53:50Z,1140.0075979494486,70.48936992144058,local_maxima_with_prominence,"window=5,radius=10,min_prominence=30,merge=100",unresolved,false,
summit-candidate:05f8527418663d3a,yamap_2023-11-11_07_17.gpx,,375,375,33.6537104,133.077342,1237.4900548329229,2023-11-11T04:15:14Z,1232.6379566279227,744.3858325994702,local_maxima_with_prominence,"window=5,radius=10,min_prominence=30,merge=100",unresolved,false,
summit-candidate:290abf917754fd0b,yamap_2023-11-19_06_46.gpx,,127,127,33.0633959,132.6373234,972.6666666666666,2023-11-18T22:47:17Z,971.8986666666666,235.73644444444437,local_maxima_with_prominence,"window=5,radius=10,min_prominence=30,merge=100",unresolved,false,
summit-candidate:f7593239fa7bdcc9,yamap_2023-11-19_06_46.gpx,,305,305,33.0409924,132.624637,864.3133333333334,2023-11-19T00:36:39Z,863.6659999999999,111.8839999999999,local_maxima_with_prominence,"window=5,radius=10,min_prominence=30,merge=100",unresolved,false,
summit-candidate:9a0532ee2b40e5f3,yamap_2023-11-19_06_46.gpx,,442,442,33.0274144,132.6396303,725.5,2023-11-19T01:54:05Z,724.7333333333333,48.35666666666668,local_maxima_with_prominence,"window=5,radius=10,min_prominence=30,merge=100",unresolved,false,
summit-candidate:b997b8fd6709731d,yamap_2023-11-19_06_46.gpx,,534,534,33.034531,132.6236886,806.4699999999999,2023-11-19T02:35:28Z,805.8893333333333,109.49333333333334,local_maxima_with_prominence,"window=5,radius=10,min_prominence=30,merge=100",unresolved,false,
summit-candidate:cf1cb583d492455c,yamap_2023-11-19_06_46.gpx,,622,622,33.0210963,132.6156053,784.9416257231666,2023-11-19T03:21:58Z,784.7183824665319,87.1810491331986,local_maxima_with_prominence,"window=5,radius=10,min_prominence=30,merge=100",unresolved,false,
summit-candidate:f108570a8e33ce90,yamap_2023-12-17_07_11.gpx,,14,14,33.6386291,132.7905473,437.40333333333336,2023-12-16T22:35:22Z,435.8946666666667,130.6363333333333,local_maxima_with_prominence,"window=5,radius=10,min_prominence=30,merge=100",unresolved,false,
summit-candidate:1d97e1955af85092,yamap_2023-12-17_10_30.gpx,,24,24,33.7116367,132.7230323,417.80228626332246,2023-12-17T01:44:36Z,412.883191434955,50.70341489540186,local_maxima_with_prominence,"window=5,radius=10,min_prominence=30,merge=100",unresolved,false,
summit-candidate:64a47ed9c06f56d5,yamap_2024-01-14_10_18.gpx,,61,61,33.9577565,133.0133542,430.9866666666667,2024-01-14T02:12:07Z,424.816,152.39866666666666,local_maxima_with_prominence,"window=5,radius=10,min_prominence=30,merge=100",unresolved,false,
summit-candidate:99b1b356cad63b98,yamap_2024-01-14_10_18.gpx,,137,137,33.9484547,133.0175021,384.9466666666667,2024-01-14T03:02:34Z,382.76000000000005,100.21400000000006,local_maxima_with_prominence,"window=5,radius=10,min_prominence=30,merge=100",unresolved,false,
summit-candidate:fd13fabb918486e6,yamap_2024-01-27_08_01.gpx,,66,66,34.2657519,132.9964757,348.28333333333336,2024-01-27T00:08:32Z,343.824,336.8428888888889,local_maxima_with_prominence,"window=5,radius=10,min_prominence=30,merge=100",unresolved,false,
summit-candidate:02d59cd1260af017,yamap_2024-01-27_10_11.gpx,,29,29,34.2470088,132.9890515,62.803333333333335,2024-01-27T01:29:37Z,60.40266666666666,42.20822222222222,local_maxima_with_prominence,"window=5,radius=10,min_prominence=30,merge=100",unresolved,false,
summit-candidate:468c5bbccd8aba53,yamap_2024-01-27_13_31.gpx,,15,15,34.212287,133.0867989,300.6033333333333,2024-01-27T04:45:57Z,300.40933333333334,91.83377777777778,local_maxima_with_prominence,"window=5,radius=10,min_prominence=30,merge=100",unresolved,false,
summit-candidate:ef6730fa259856ec,yamap_2024-02-10_07_09.gpx,,203,203,33.2302311,132.5212462,319.6933333333333,2024-02-09T23:24:47Z,314.1693333333333,293.46377777777775,local_maxima_with_prominence,"window=5,radius=10,min_prominence=30,merge=100",unresolved,false,
summit-candidate:ef3e845b5d632dd3,yamap_2024-02-10_09_58.gpx,,173,173,33.1991626,132.5213654,340.53999999999996,2024-02-10T02:23:57Z,338.90666666666664,314.7246666666666,local_maxima_with_prominence,"window=5,radius=10,min_prominence=30,merge=100",unresolved,false,
summit-candidate:84f974876f397da1,yamap_2024-02-10_13_09.gpx,,98,98,33.1592369,132.4691277,498.7563056512352,2024-02-10T05:36:20Z,496.714288629924,491.7254997326777,local_maxima_with_prominence,"window=5,radius=10,min_prominence=30,merge=100",unresolved,false,
summit-candidate:282882317c3aab0b,yamap_2024-02-17_05_38.gpx,,323,323,33.1093173,132.663091,1106.79,2024-02-16T23:54:27Z,1106.1213333333333,746.3785555555555,local_maxima_with_prominence,"window=5,radius=10,min_prominence=30,merge=100",unresolved,false,
summit-candidate:f5c22dac4bd015ae,yamap_2024-02-17_05_38.gpx,,524,524,33.1325116,132.6372183,1098.249041559603,2024-02-17T02:04:07Z,1095.6415003759198,402.6174445294421,local_maxima_with_prominence,"window=5,radius=10,min_prominence=30,merge=100",unresolved,false,
summit-candidate:19baf3ce30f8991a,yamap_2024-02-17_05_38.gpx,,635,635,33.1234747,132.6207282,1021.9555481598042,2024-02-17T03:27:08Z,1018.7121027115447,88.05674638838775,local_maxima_with_prominence,"window=5,radius=10,min_prominence=30,merge=100",unresolved,false,
summit-candidate:56cffb103cbe3aac,yamap_2024-02-17_05_38.gpx,,673,673,33.1177367,132.6239642,863.4266666666667,2024-02-17T04:08:19Z,857.6866666666667,54.12819720280538,local_maxima_with_prominence,"window=5,radius=10,min_prominence=30,merge=100",unresolved,false,
summit-candidate:ba56c1ac8ac55c5f,yamap_2024-02-24_07_06.gpx,,106,106,33.2026814,132.6251485,1062.8166666666666,2024-02-23T22:44:36Z,1061.808,31.526000000000295,local_maxima_with_prominence,"window=5,radius=10,min_prominence=30,merge=100",unresolved,false,
summit-candidate:90c3723735d95c0d,yamap_2024-02-24_07_06.gpx,,164,164,33.2086892,132.6346403,1224.2266666666667,2024-02-23T23:28:16Z,1220.968,244.9713333333334,local_maxima_with_prominence,"window=5,radius=10,min_prominence=30,merge=100",unresolved,false,
summit-candidate:62351b8782d6f597,yamap_2024-02-24_07_06.gpx,,213,213,33.213477,132.6419476,1191.8999999999999,2024-02-23T23:53:46Z,1190.754666666667,51.13000000000011,local_maxima_with_prominence,"window=5,radius=10,min_prominence=30,merge=100",unresolved,false,
summit-candidate:3853fbbba7330ec4,yamap_2024-02-24_07_06.gpx,,298,298,33.2137233,132.6584283,1010,2024-02-24T00:51:47Z,1009.1846666666667,52.1099999999999,local_maxima_with_prominence,"window=5,radius=10,min_prominence=30,merge=100",unresolved,false,
summit-candidate:f7e5fd7b11eb7bd4,yamap_2024-02-24_07_06.gpx,,587,587,33.2001402,132.60837,1084.0533333333333,2024-02-24T03:40:17Z,1082.664,62.26177777777764,local_maxima_with_prominence,"window=5,radius=10,min_prominence=30,merge=100",unresolved,false,
summit-candidate:ac8e3853fbbf0c6f,yamap_2024-03-03_06_23.gpx,,114,114,33.0072084,132.5866268,651.8438770113412,2024-03-02T22:34:24Z,649.3519229879415,312.1676328298518,local_maxima_with_prominence,"window=5,radius=10,min_prominence=30,merge=100",unresolved,false,
summit-candidate:a53cc9868b7f2f70,yamap_2024-03-03_08_44.gpx,,25,25,33.0342378,132.5322872,780.6233333333334,2024-03-02T23:57:26Z,779.476,62.1204444444445,local_maxima_with_prominence,"window=5,radius=10,min_prominence=30,merge=100",unresolved,false,
summit-candidate:97e45d6eab227d56,yamap_2024-03-03_10_00.gpx,,154,154,33.1131437,132.6235455,845.57,2024-03-03T02:54:39Z,840.0013333333334,542.9235555555556,local_maxima_with_prominence,"window=5,radius=10,min_prominence=30,merge=100",unresolved,false,
summit-candidate:93a4d66ef3ee559d,yamap_2024-03-03_13_33.gpx,,69,69,33.1178859,132.5317791,343.7659610142553,2024-03-03T05:57:30Z,340.09794834126006,325.3038967229135,local_maxima_with_prominence,"window=5,radius=10,min_prominence=30,merge=100",unresolved,false,
summit-candidate:2ab43729f5e80cbe,yamap_2024-03-10_07_12.gpx,,43,43,33.9003229,132.8034521,376.3033333333333,2024-03-09T22:49:39Z,369.7993333333333,78.40336385031367,local_maxima_with_prominence,"window=5,radius=10,min_prominence=30,merge=100",unresolved,false,
summit-candidate:3a491eecbf684185,yamap_2024-03-10_07_12.gpx,,116,116,33.8995828,132.7922499,332.31718344424,2024-03-09T23:15:53Z,332.99403997734737,40.83635060550205,local_maxima_with_prominence,"window=5,radius=10,min_prominence=30,merge=100",unresolved,false,
summit-candidate:cf29543e6beaa1ec,yamap_2024-03-10_07_12.gpx,,178,178,33.8974685,132.7904961,365.7180112898549,2024-03-10T00:22:58Z,364.2446206790604,43.44940729854562,local_maxima_with_prominence,"window=5,radius=10,min_prominence=30,merge=100",unresolved,false,
summit-candidate:3e9348428f22a320,yamap_2024-03-10_07_12.gpx,,222,222,33.892102,132.788188,385.21553569431927,2024-03-10T00:48:07Z,384.9373712920937,96.53470462542703,local_maxima_with_prominence,"window=5,radius=10,min_prominence=30,merge=100",unresolved,false,
summit-candidate:d19542a61a416537,yamap_2024-03-10_07_12.gpx,,317,317,33.8844211,132.786858,249.26694835004648,2024-03-10T01:27:15Z,247.61728883381974,30.349070633727877,local_maxima_with_prominence,"window=5,radius=10,min_prominence=30,merge=100",unresolved,false,
summit-candidate:0022a746b396d4c7,yamap_2024-03-10_07_12.gpx,,351,351,33.8836999,132.7830348,264.2867991594412,2024-03-10T02:18:54Z,256.54696989335054,65.38369615036959,local_maxima_with_prominence,"window=5,radius=10,min_prominence=30,merge=100",unresolved,false,
summit-candidate:13b7a4bb8154974a,yamap_2024-03-10_07_12.gpx,,545,545,33.8682654,132.7980997,336.02549564153543,2024-03-10T03:41:07Z,336.0843849889674,230.45486932889503,local_maxima_with_prominence,"window=5,radius=10,min_prominence=30,merge=100",unresolved,false,
summit-candidate:b49681fa67b2b53e,yamap_2024-03-16_09_21.gpx,,267,267,33.5634523,132.4596426,477.8922286451063,2024-03-16T02:25:31Z,477.0675638346937,457.7209617421382,local_maxima_with_prominence,"window=5,radius=10,min_prominence=30,merge=100",unresolved,false,
summit-candidate:e75e04c2fbe61c2f,yamap_2024-03-16_09_21.gpx,,404,404,33.5806252,132.4593069,391.45205218380346,2024-03-16T03:33:11Z,391.99937648553566,135.9617677060553,local_maxima_with_prominence,"window=5,radius=10,min_prominence=30,merge=100",unresolved,false,
summit-candidate:3c28b6ebd5a97155,yamap_2024-03-16_13_58.gpx,,109,109,33.5944697,132.4784739,472.13310176947385,2024-03-16T05:38:53Z,471.5195015213961,224.86150381867165,local_maxima_with_prominence,"window=5,radius=10,min_prominence=30,merge=100",unresolved,false,
summit-candidate:12c27f259b66de80,yamap_2024-03-30_07_11.gpx,,191,191,33.1850023,132.6371878,1201.04,2024-03-30T00:33:52Z,1200.1426666666669,854.3143333333335,local_maxima_with_prominence,"window=5,radius=10,min_prominence=30,merge=100",unresolved,false,
summit-candidate:9186201ca03b041d,yamap_2024-03-30_07_11.gpx,,270,270,33.1727703,132.6401559,1160.4399999999998,2024-03-30T01:31:36Z,1158.024,39.42133333333322,local_maxima_with_prominence,"window=5,radius=10,min_prominence=30,merge=100",unresolved,false,
summit-candidate:0a89128346167f6e,yamap_2024-04-07_06_45.gpx,,152,152,33.62142,133.0520358,1158.3666666666668,2024-04-06T23:36:18Z,1155.106,33.93933333333325,local_maxima_with_prominence,"window=5,radius=10,min_prominence=30,merge=100",unresolved,false,
summit-candidate:67df63dc99cf8614,yamap_2024-04-07_06_45.gpx,,196,196,33.6216493,133.061506,1190.45,2024-04-06T23:55:28Z,1189.2493333333334,36.50000000000023,local_maxima_with_prominence,"window=5,radius=10,min_prominence=30,merge=100",unresolved,false,
summit-candidate:ec2a95521eaac250,yamap_2024-04-07_06_45.gpx,,239,239,33.6192163,133.0702571,1252.7733333333333,2024-04-07T00:17:52Z,1251.74,77.2166666666667,local_maxima_with_prominence,"window=5,radius=10,min_prominence=30,merge=100",unresolved,false,
summit-candidate:e4172c5503fdcc89,yamap_2024-04-07_06_45.gpx,,328,328,33.6086175,133.0786503,1338.5933333333335,2024-04-07T01:22:01Z,1336.4460000000001,103.31466666666688,local_maxima_with_prominence,"window=5,radius=10,min_prominence=30,merge=100",unresolved,false,
summit-candidate:aa8ff99fc3bd426d,yamap_2024-04-07_06_45.gpx,,387,387,33.601894,133.0710189,1347.9433333333334,2024-04-07T02:18:28Z,1344.9926666666665,53.52933333333317,local_maxima_with_prominence,"window=5,radius=10,min_prominence=30,merge=100",unresolved,false,
summit-candidate:09c1602c02ce7f78,yamap_2024-04-07_06_45.gpx,,422,422,33.5997914,133.06404,1357.4633333333334,2024-04-07T02:53:14Z,1352.5533333333335,686.0611111111112,local_maxima_with_prominence,"window=5,radius=10,min_prominence=30,merge=100",unresolved,false,
summit-candidate:e010f98d2b23f547,yamap_2024-04-20_05_43.gpx,,116,116,33.6973447,133.0732035,1212.5233333333333,2024-04-19T21:59:07Z,1211.8746666666666,45.61333333333323,local_maxima_with_prominence,"window=5,radius=10,min_prominence=30,merge=100",unresolved,false,
summit-candidate:83056c3652757f25,yamap_2024-04-20_05_43.gpx,,179,179,33.7064228,133.0786753,1281.8966666666665,2024-04-19T22:56:41Z,1280.7693333333332,110.13666666666654,local_maxima_with_prominence,"window=5,radius=10,min_prominence=30,merge=100",unresolved,false,
summit-candidate:3f404ba3e31c8b54,yamap_2024-04-20_05_43.gpx,,303,303,33.7258222,133.0801009,1478.8966666666668,2024-04-20T00:59:24Z,1476.1200000000001,33.52666666666664,local_maxima_with_prominence,"window=5,radius=10,min_prominence=30,merge=100",unresolved,false,
summit-candidate:76cc7bb75549e7a1,yamap_2024-04-20_05_43.gpx,,369,369,33.7367329,133.0832761,1709.1566666666668,2024-04-20T03:12:28Z,1706.8326666666667,914.6115555555556,local_maxima_with_prominence,"window=5,radius=10,min_prominence=30,merge=100",unresolved,false,
summit-candidate:c210f415fc55501f,yamap_2024-04-27_08_04.gpx,,141,141,33.6590168,132.8578473,1220.0333333333335,2024-04-27T00:58:38Z,1217.4106666666669,549.7173333333336,local_maxima_with_prominence,"window=5,radius=10,min_prominence=30,merge=100",unresolved,false,
summit-candidate:95a8fa74fd4af7b0,yamap_2024-04-28_07_11.gpx,,98,98,33.5763649,132.9111904,1376.7700000000002,2024-04-27T23:20:43Z,1375.1493333333333,303.3048888888891,local_maxima_with_prominence,"window=5,radius=10,min_prominence=30,merge=100",unresolved,false,
summit-candidate:606168b97944fce5,yamap_2024-04-28_10_37.gpx,,110,110,33.5926584,132.8486131,900.0566666666667,2024-04-28T03:10:40Z,898.184,336.20955555555554,local_maxima_with_prominence,"window=5,radius=10,min_prominence=30,merge=100",unresolved,false,
summit-candidate:498b9618ca98fa34,yamap_2024-04-28_10_37.gpx,,265,265,33.6118803,132.8524765,854.2033333333333,2024-04-28T05:00:31Z,849.7359999999999,124.50266666666653,local_maxima_with_prominence,"window=5,radius=10,min_prominence=30,merge=100",unresolved,false,
summit-candidate:22e40e9eb117a033,yamap_2024-05-03_08_45.gpx,,198,198,33.7513188,133.1115977,1519.8633333333335,2024-05-03T02:40:25Z,1516.934,818.2146666666667,local_maxima_with_prominence,"window=5,radius=10,min_prominence=30,merge=100",unresolved,false,
summit-candidate:8917a066a1c03aeb,yamap_2024-05-11_07_45.gpx,,110,110,33.7198736,133.1390614,1431.0566666666666,2024-05-11T00:06:41Z,1429.3173333333334,30.142666666666628,local_maxima_with_prominence,"window=5,radius=10,min_prominence=30,merge=100",unresolved,false,
summit-candidate:5ec5a611be375a53,yamap_2024-05-11_07_45.gpx,,188,188,33.7195139,133.1457476,1567.1366666666665,2024-05-11T01:33:24Z,1564.7133333333331,572.2586666666664,local_maxima_with_prominence,"window=5,radius=10,min_prominence=30,merge=100",unresolved,false,
summit-candidate:cd739a0fffbb0a8d,yamap_2024-05-11_13_46.gpx,,12,12,33.7465829,133.1513298,1542.9666666666665,2024-05-11T05:25:47Z,1537.9406666666666,99.33733333333316,local_maxima_with_prominence,"window=5,radius=8,min_prominence=30,merge=100",unresolved,false,
summit-candidate:ea919bf883e31a7b,yamap_2024-05-15_11_16.gpx,,30,30,34.0063802,132.8186843,289.7633333333333,2024-05-15T02:31:58Z,284.8353333333333,95.1692222222222,local_maxima_with_prominence,"window=5,radius=10,min_prominence=30,merge=100",unresolved,false,
summit-candidate:94e96018c0a5450d,yamap_2024-05-19_08_47.gpx,,153,153,34.2837172,133.0100334,392.00666666666666,2024-05-19T04:42:21Z,389.3246666666667,63.57800000000009,local_maxima_with_prominence,"window=5,radius=10,min_prominence=30,merge=100",unresolved,false,
summit-candidate:26848eb9192f4a1a,yamap_2024-06-01_07_14.gpx,,168,168,33.7159431,133.1399924,1600.17,2024-06-01T00:22:06Z,1598.9133333333334,606.7206666666668,local_maxima_with_prominence,"window=5,radius=10,min_prominence=30,merge=100",unresolved,false,
summit-candidate:1b665bc67a34756a,yamap_2024-06-01_07_14.gpx,,257,257,33.7033183,133.1423731,1579.6733333333332,2024-06-01T02:31:03Z,1574.5566666666666,134.05533333333324,local_maxima_with_prominence,"window=5,radius=10,min_prominence=30,merge=100",unresolved,false,
summit-candidate:6ff5d266707ae664,yamap_2024-06-01_07_14.gpx,,398,398,33.7195218,133.1387616,1431.7833333333335,2024-06-01T05:40:09Z,1430.158,31.01133333333314,local_maxima_with_prominence,"window=5,radius=10,min_prominence=30,merge=100",unresolved,false,
summit-candidate:40e090ce41a89b55,yamap_2024-06-08_08_42.gpx,,172,172,33.8493229,133.2701244,1690.4033333333334,2024-06-08T01:47:02Z,1686.8020000000001,719.639777777778,local_maxima_with_prominence,"window=5,radius=10,min_prominence=30,merge=100",unresolved,false,
summit-candidate:dd7a40896ae9f6d4,yamap_2024-06-08_08_42.gpx,,209,209,33.8551537,133.2686747,1666.7,2024-06-08T02:44:18Z,1663.4019999999996,47.66199999999958,local_maxima_with_prominence,"window=5,radius=10,min_prominence=30,merge=100",unresolved,false,
summit-candidate:bdf43111ae9de6ae,yamap_2024-06-14_06_46.gpx,,120,120,34.28362,133.0099608,391.75,2024-06-14T00:33:45Z,389.66133333333335,286.935,local_maxima_with_prominence,"window=5,radius=10,min_prominence=30,merge=100",unresolved,false,
summit-candidate:dc647fe1827a43e3,yamap_2024-06-15_08_50.gpx,,228,228,33.8146381,133.3259827,1691.0633333333335,2024-06-15T03:11:16Z,1690.7953333333335,528.2697777777778,local_maxima_with_prominence,"window=5,radius=10,min_prominence=30,merge=100",unresolved,false,
summit-candidate:167756a8b787a168,yamap_2024-06-16_07_27.gpx,,73,73,34.2035605,132.9686491,429.98333333333335,2024-06-15T23:22:16Z,427.82733333333334,334.0517777777778,local_maxima_with_prominence,"window=5,radius=10,min_prominence=30,merge=100",unresolved,false,
summit-candidate:df6b60d513f5518e,yamap_2024-07-06_10_01.gpx,,39,39,33.7802626,133.1879064,1661.57,2024-07-06T01:35:26Z,1656.4946666666667,44.64133333333348,local_maxima_with_prominence,"window=5,radius=10,min_prominence=30,merge=100",unresolved,false,
summit-candidate:f2538b7f88e2dd06,yamap_2024-07-06_10_01.gpx,,127,127,33.7945738,133.1929016,1892.493333333333,2024-07-06T03:24:21Z,1889.3673333333331,217.05288888888867,local_maxima_with_prominence,"window=5,radius=10,min_prominence=30,merge=100",unresolved,false,
summit-candidate:f1ee81f4d467a28e,yamap_2024-07-08_11_33.gpx,,32,32,33.9194619,132.7676241,191.34803656971437,2024-07-08T02:52:59Z,189.40537083487018,146.56540411637306,local_maxima_with_prominence,"window=5,radius=10,min_prominence=30,merge=100",unresolved,false,
summit-candidate:c9156b7eea77a1b0,yamap_2024-07-28_15_53.gpx,,84,84,33.6581301,132.974538,769.7933333333334,2024-07-28T07:59:39Z,770.642,316.4586666666667,local_maxima_with_prominence,"window=5,radius=10,min_prominence=30,merge=100",unresolved,false,
summit-candidate:96e5be71880efe52,yamap_2024-08-03_20_36.gpx,,22,22,33.9454763,132.8500201,978.8978042618015,2024-08-03T11:54:56Z,977.8028075286493,36.57428589551523,local_maxima_with_prominence,"window=5,radius=10,min_prominence=30,merge=100",unresolved,false,
summit-candidate:9aa0e8d9e593d79d,yamap_2024-09-14_07_46.gpx,,119,119,33.7910786,133.2533442,1628.8633333333335,2024-09-14T00:23:13Z,1628.9733333333334,37.597333333333154,local_maxima_with_prominence,"window=5,radius=10,min_prominence=30,merge=100",unresolved,false,
summit-candidate:6f70c7d3c27fe164,yamap_2024-09-14_07_46.gpx,,152,152,33.7882403,133.2475791,1746.743333333333,2024-09-14T01:02:18Z,1740.98,626.872222222222,local_maxima_with_prominence,"window=5,radius=10,min_prominence=30,merge=100",unresolved,false,
summit-candidate:756a1162bc669c0b,yamap_2024-09-14_07_46.gpx,,375,375,33.7844425,133.269845,1452.5600000000002,2024-09-14T02:38:33Z,1450.5086666666666,47.71866666666665,local_maxima_with_prominence,"window=5,radius=10,min_prominence=30,merge=100",unresolved,false,
summit-candidate:fec0bb942061619b,yamap_2024-09-23_07_35.gpx,,132,132,33.5755696,133.0461981,1539.5333333333335,2024-09-23T00:26:46Z,1537.4113333333335,698.5691111111113,local_maxima_with_prominence,"window=5,radius=10,min_prominence=30,merge=100",unresolved,false,
summit-candidate:a0c5556d9432a199,yamap_2024-09-23_07_35.gpx,,296,296,33.5919794,133.0545216,1432.5666666666666,2024-09-23T02:02:22Z,1431.2393333333332,67.78933333333316,local_maxima_with_prominence,"window=5,radius=10,min_prominence=30,merge=100",unresolved,false,
summit-candidate:bd875ddf4679d1f7,yamap_2024-09-23_07_35.gpx,,343,343,33.5852426,133.0497345,1415.6933333333334,2024-09-23T02:31:43Z,1416.304,30.555333333333238,local_maxima_with_prominence,"window=5,radius=10,min_prominence=30,merge=100",unresolved,false,
summit-candidate:eb3b108c5d508377,yamap_2024-09-23_07_35.gpx,,416,416,33.5756361,133.0483249,1459.6666666666667,2024-09-23T02:55:39Z,1459.6206666666667,96.19599999999991,local_maxima_with_prominence,"window=5,radius=10,min_prominence=30,merge=100",unresolved,false,
summit-candidate:057580d1c60049b6,yamap_2024-10-05_06_40.gpx,,163,163,33.8596586,133.3188738,1425.3166666666668,2024-10-05T00:05:39Z,1423.6286666666667,681.566,local_maxima_with_prominence,"window=5,radius=10,min_prominence=30,merge=100",unresolved,false,
summit-candidate:0dea5d073885dc9d,yamap_2024-10-05_06_40.gpx,,309,309,33.8793776,133.3116827,831.0900000000001,2024-10-05T02:16:12Z,829.488,46.411333333333346,local_maxima_with_prominence,"window=5,radius=10,min_prominence=30,merge=100",unresolved,false,
summit-candidate:8078eb6cc96c519a,yamap_2024-10-14_04_48.gpx,,95,95,33.895514,133.6139166,1096.6433333333332,2024-10-13T22:45:27Z,1096.6593333333333,138.08199999999988,local_maxima_with_prominence,"window=5,radius=10,min_prominence=30,merge=100",unresolved,false,
summit-candidate:0886436b79473a6c,yamap_2024-10-14_04_48.gpx,,200,200,33.8803402,133.6037486,1340.51,2024-10-14T01:04:11Z,1338.2066666666665,972.5505555555553,local_maxima_with_prominence,"window=5,radius=10,min_prominence=30,merge=100",unresolved,false,
summit-candidate:a1b1b7885eeab893,yamap_2024-10-14_04_48.gpx,,327,327,33.8717366,133.6269198,1220.8566666666666,2024-10-14T02:23:58Z,1220.808,72.654,local_maxima_with_prominence,"window=5,radius=10,min_prominence=30,merge=100",unresolved,false,
summit-candidate:851dc9683d2d7442,yamap_2024-10-14_04_48.gpx,,393,393,33.8802331,133.6356728,1024.2766666666666,2024-10-14T03:37:46Z,1022.9906666666666,43.927999999999884,local_maxima_with_prominence,"window=5,radius=10,min_prominence=30,merge=100",unresolved,false,
summit-candidate:a53ed6259e132097,yamap_2024-10-14_04_48.gpx,,436,436,33.8837598,133.6434747,1017.4166666666666,2024-10-14T04:14:29Z,1016.5326666666667,42.78733333333321,local_maxima_with_prominence,"window=5,radius=10,min_prominence=30,merge=100",unresolved,false,
summit-candidate:fecfbf815fc6d5a7,yamap_2024-10-14_04_48.gpx,,543,543,33.9019921,133.6396523,846.3000000000001,2024-10-14T05:13:07Z,844.284,75.3993333333334,local_maxima_with_prominence,"window=5,radius=10,min_prominence=30,merge=100",unresolved,false,
summit-candidate:e2c08955f9275289,yamap_2024-10-20_06_42.gpx,,153,153,33.88745,133.4510092,1291.8700000000001,2024-10-20T00:09:43Z,1288.9366666666667,819.6466666666668,local_maxima_with_prominence,"window=5,radius=10,min_prominence=30,merge=100",unresolved,false,
summit-candidate:f54f44da226a4a15,yamap_2024-10-20_11_05.gpx,,35,35,33.8625158,133.4945751,1134.8500000000001,2024-10-20T02:34:37Z,1131.7813333333334,132.40577777777787,local_maxima_with_prominence,"window=5,radius=10,min_prominence=30,merge=100",unresolved,false,
summit-candidate:edac81b361bdc70c,yamap_2024-12-01_06_40.gpx,,287,287,34.0123819,133.6793921,591.7966666666667,2024-12-01T00:28:02Z,592.1446666666667,185.723,local_maxima_with_prominence,"window=5,radius=10,min_prominence=30,merge=100",unresolved,false,
summit-candidate:c8607e1f03bb5db1,yamap_2024-12-01_06_40.gpx,,416,416,34.0272665,133.6616846,585.22,2024-12-01T01:32:45Z,580.9153333333334,85.36733333333342,local_maxima_with_prominence,"window=5,radius=10,min_prominence=30,merge=100",unresolved,false,
summit-candidate:9cc74b44e1289236,yamap_2024-12-01_06_40.gpx,,505,505,34.0275511,133.6441984,589.3233333333334,2024-12-01T02:23:32Z,584.8226666666667,160.6026666666666,local_maxima_with_prominence,"window=5,radius=10,min_prominence=30,merge=100",unresolved,false,
summit-candidate:32c1cf967ab82dbe,yamap_2024-12-01_06_40.gpx,,670,670,34.0356467,133.6297572,503.24333333333334,2024-12-01T04:20:32Z,500.88533333333334,67.19533333333328,local_maxima_with_prominence,"window=5,radius=10,min_prominence=30,merge=100",unresolved,false,
summit-candidate:f12898f5821b63b8,yamap_2024-12-08_06_59.gpx,,174,174,33.6910161,132.6669514,530.1166666666667,2024-12-08T00:20:36Z,528.374,55.20066666666668,local_maxima_with_prominence,"window=5,radius=10,min_prominence=30,merge=100",unresolved,false,
summit-candidate:23316af255d30882,yamap_2024-12-08_06_59.gpx,,210,210,33.692167,132.6731896,627.2966666666666,2024-12-08T01:15:18Z,624.4386666666667,125.77066666666667,local_maxima_with_prominence,"window=5,radius=10,min_prominence=30,merge=100",unresolved,false,
summit-candidate:0bd3d051cdb972fd,yamap_2024-12-08_06_59.gpx,,347,347,33.6988091,132.6831717,632.3133333333334,2024-12-08T02:56:56Z,631.4066666666668,626.9220000000001,local_maxima_with_prominence,"window=5,radius=10,min_prominence=30,merge=100",unresolved,false,
summit-candidate:6b0155a434d72d79,yamap_2024-12-15_07_21.gpx,,100,100,33.9890249,132.8891658,532.4466666666667,2024-12-14T23:02:53Z,529.9246666666667,174.44400000000002,local_maxima_with_prominence,"window=5,radius=10,min_prominence=30,merge=100",unresolved,false,
summit-candidate:c195c34fb7e38d7a,yamap_2024-12-15_07_21.gpx,,239,239,33.9955014,132.8701408,418.54333333333335,2024-12-14T23:59:12Z,415.896,59.07000000000005,local_maxima_with_prominence,"window=5,radius=10,min_prominence=30,merge=100",unresolved,false,
summit-candidate:d8270fc572efc0b2,yamap_2024-12-15_07_21.gpx,,361,361,33.99782,132.8482925,279.05333333333334,2024-12-15T01:33:32Z,273.95066666666673,64.94266666666675,local_maxima_with_prominence,"window=5,radius=10,min_prominence=30,merge=100",unresolved,false,
summit-candidate:f0a03b36c279ddd3,yamap_2024-12-15_07_21.gpx,,478,478,33.9985859,132.8339632,352.79,2024-12-15T02:51:34Z,349.1633333333333,209.55133333333328,local_maxima_with_prominence,"window=5,radius=10,min_prominence=30,merge=100",unresolved,false,
summit-candidate:bcc05b721653749f,yamap_2024-12-15_07_21.gpx,,566,566,34.0073425,132.8450021,290.3833333333333,2024-12-15T03:55:38Z,288.55266666666665,137.9933333333333,local_maxima_with_prominence,"window=5,radius=10,min_prominence=30,merge=100",unresolved,false,
summit-candidate:4973965873779cdc,yamap_2024-12-22_06_34.gpx,,80,80,33.778716,132.7722765,251.46333333333337,2024-12-21T22:11:40Z,251.12000000000003,42.78133333333335,local_maxima_with_prominence,"window=5,radius=10,min_prominence=30,merge=100",unresolved,false,
summit-candidate:cfd366be872f9534,yamap_2024-12-22_06_34.gpx,,264,264,33.7579255,132.7571571,401.8633333333333,2024-12-21T23:52:18Z,400.05999999999995,342.1039999999999,local_maxima_with_prominence,"window=5,radius=10,min_prominence=30,merge=100",unresolved,false,
summit-candidate:4416099ca0f9da08,yamap_2024-12-22_10_25.gpx,,39,39,33.7478819,132.7506238,260.1933333333333,2024-12-22T01:47:36Z,258.13933333333335,89.25066666666669,local_maxima_with_prominence,"window=5,radius=10,min_prominence=30,merge=100",unresolved,false,
summit-candidate:c58c0ba7145621b9,yamap_2025-01-03_07_19.gpx,,330,330,33.6056753,132.5543754,984.3464928489406,2025-01-03T01:49:37Z,982.5745361239308,965.0239474498255,local_maxima_with_prominence,"window=5,radius=10,min_prominence=30,merge=100",unresolved,false,
summit-candidate:38105da918da8262,yamap_2025-01-03_07_19.gpx,,411,411,33.6137407,132.5447284,733.0708946789382,2025-01-03T03:00:38Z,730.9351020008371,31.2598972316066,local_maxima_with_prominence,"window=5,radius=10,min_prominence=30,merge=100",unresolved,false,
summit-candidate:9306f5a7fe249a15,yamap_2025-01-03_07_19.gpx,,465,465,33.6157929,132.5364783,646.4861527563789,2025-01-03T03:29:20Z,645.5101840312111,30.482713848449293,local_maxima_with_prominence,"window=5,radius=10,min_prominence=30,merge=100",unresolved,false,
summit-candidate:0048d4d3a7981b80,yamap_2025-01-03_07_19.gpx,,608,608,33.6062894,132.5155614,697.5172644320495,2025-01-03T04:46:26Z,692.3609656017352,195.37612427739384,local_maxima_with_prominence,"window=5,radius=10,min_prominence=30,merge=100",unresolved,false,
summit-candidate:4db5b3ffd85092bf,yamap_2025-01-03_07_19.gpx,,649,649,33.5995314,132.5168274,626.9591280717788,2025-01-03T05:29:44Z,623.3996579880206,60.68897897385341,local_maxima_with_prominence,"window=5,radius=10,min_prominence=30,merge=100",unresolved,false,
summit-candidate:12f30719aca26806,yamap_2025-01-11_08_43.gpx,,124,124,33.7584434,132.8469734,397.0566666666667,2025-01-11T00:49:42Z,396.6313333333333,36.46999999999997,local_maxima_with_prominence,"window=5,radius=10,min_prominence=30,merge=100",unresolved,false,
summit-candidate:7749b785ef007c1a,yamap_2025-01-11_08_43.gpx,,197,197,33.7568663,132.8499505,430.1766666666667,2025-01-11T01:44:20Z,426.6326666666667,305.0687777777778,local_maxima_with_prominence,"window=5,radius=10,min_prominence=30,merge=100",unresolved,false,
summit-candidate:2b833dfb6f3f84c1,yamap_2025-01-11_11_51.gpx,,42,42,33.7282794,132.8388236,371.26,2025-01-11T03:43:39Z,364.6926666666667,165.2626666666667,local_maxima_with_prominence,"window=5,radius=10,min_prominence=30,merge=100",unresolved,false,
summit-candidate:2c1cbc474e49f1ec,yamap_2025-01-24_13_34.gpx,,75,75,33.372906,132.5153141,387.82666666666665,2025-01-24T05:09:23Z,386.658,31.670000000000073,local_maxima_with_prominence,"window=5,radius=10,min_prominence=30,merge=100",unresolved,false,
summit-candidate:7a59a4750a70552c,yamap_2025-01-24_13_34.gpx,,113,113,33.3754372,132.5110871,400.06,2025-01-24T05:30:19Z,398.6913333333334,35.07333333333332,local_maxima_with_prominence,"window=5,radius=10,min_prominence=30,merge=100",unresolved,false,
summit-candidate:d71483d289d0c575,yamap_2025-01-24_13_34.gpx,,192,192,33.384401,132.5180668,583.88,2025-01-24T06:17:15Z,583.4766666666667,368.41999999999996,local_maxima_with_prominence,"window=5,radius=10,min_prominence=30,merge=100",unresolved,false,
summit-candidate:37c3a34c16599379,yamap_2025-01-26_07_09.gpx,,293,293,33.5358155,132.4487801,791.270282533162,2025-01-26T01:09:00Z,788.3278262067251,780.0716648983155,local_maxima_with_prominence,"window=5,radius=10,min_prominence=30,merge=100",unresolved,false,
summit-candidate:090f7fa4be89ec5e,yamap_2025-01-26_07_09.gpx,,429,429,33.5225161,132.4288807,782.4408357907463,2025-01-26T02:17:30Z,778.8984513209876,221.8125592416801,local_maxima_with_prominence,"window=5,radius=10,min_prominence=30,merge=100",unresolved,false,
summit-candidate:0cc40babcd0ce6bf,yamap_2025-01-30_06_55.gpx,,101,101,34.0273223,133.5919989,261.15000000000003,2025-01-29T22:31:04Z,259.78800000000007,172.11466666666672,local_maxima_with_prominence,"window=5,radius=10,min_prominence=30,merge=100",unresolved,false,
summit-candidate:a14a745323a3d3af,yamap_2025-01-30_08_48.gpx,,27,27,33.9827566,133.3976892,250.30998537053583,2025-01-30T00:28:47Z,249.33600609413884,105.14815881281206,local_maxima_with_prominence,"window=5,radius=10,min_prominence=30,merge=100",unresolved,false,
summit-candidate:8cef52d6989a94db,yamap_2025-01-30_10_12.gpx,,66,66,33.9640455,133.4034525,237.66666666666666,2025-01-30T02:00:35Z,233.92266666666666,112.74266666666665,local_maxima_with_prominence,"window=5,radius=10,min_prominence=30,merge=100",unresolved,false,
summit-candidate:6c20bef6dc4e973b,yamap_2025-01-30_12_21.gpx,,15,15,33.9892197,133.3258232,103.26298735700367,2025-01-30T03:30:37Z,99.46610219463642,80.76657123603388,local_maxima_with_prominence,"window=5,radius=10,min_prominence=30,merge=100",unresolved,false,
summit-candidate:3c1e55e6cc05c0ad,yamap_2025-01-30_13_18.gpx,,52,52,33.9423212,133.2748429,148.30058041636374,2025-01-30T04:43:22Z,148.56702774740694,126.06431099862145,local_maxima_with_prominence,"window=5,radius=10,min_prominence=30,merge=100",unresolved,false,
summit-candidate:bf9808bbf86d5d73,yamap_2025-01-30_14_42.gpx,,46,46,33.8975964,133.1980477,191.83333333333334,2025-01-30T06:03:47Z,191.148,180.298,local_maxima_with_prominence,"window=5,radius=10,min_prominence=30,merge=100",unresolved,false,
summit-candidate:110345ef4fb31191,yamap_2025-02-09_08_01.gpx,,93,93,34.1747341,133.0532069,374.65000000000003,2025-02-08T23:43:10Z,372.5166666666667,215.75777777777782,local_maxima_with_prominence,"window=5,radius=10,min_prominence=30,merge=100",unresolved,false,
summit-candidate:afc2e407c1d6b464,yamap_2025-02-09_09_27.gpx,,77,77,34.1640532,133.047568,260.3866666666667,2025-02-09T01:25:36Z,259.43533333333335,166.84866666666667,local_maxima_with_prominence,"window=5,radius=10,min_prominence=30,merge=100",unresolved,false,
summit-candidate:b956d53ee33fd22f,yamap_2025-02-09_11_27.gpx,,9,9,34.1597225,133.0770866,235.75333333333333,2025-02-09T02:46:55Z,229.19333333333333,44.29333333333332,local_maxima_with_prominence,"window=5,radius=6,min_prominence=30,merge=100",unresolved,false,
summit-candidate:b9ae103da9e3136b,yamap_2025-02-09_12_21.gpx,,36,36,34.140513,133.0475658,211.73666666666668,2025-02-09T03:54:52Z,208.03466666666668,137.4857777777778,local_maxima_with_prominence,"window=5,radius=10,min_prominence=30,merge=100",unresolved,false,
summit-candidate:0005c0040c7c7966,yamap_2025-02-11_08_43.gpx,,29,29,33.9135717,132.7570186,92.21,2025-02-11T00:01:26Z,92.91866666666667,79.292,local_maxima_with_prominence,"window=5,radius=10,min_prominence=30,merge=100",unresolved,false,
summit-candidate:a0b87feaf88e526d,yamap_2025-02-11_09_46.gpx,,64,64,33.9536062,132.8113157,282.46000000000004,2025-02-11T01:30:40Z,275.58733333333333,89.21066666666667,local_maxima_with_prominence,"window=5,radius=10,min_prominence=30,merge=100",unresolved,false,
summit-candidate:3807e62715de33f9,yamap_2025-02-11_13_28.gpx,,50,50,34.0326072,132.8753902,240.99666666666667,2025-02-11T04:53:20Z,239.75799999999998,153.56599999999997,local_maxima_with_prominence,"window=5,radius=10,min_prominence=30,merge=100",unresolved,false,
summit-candidate:0f09bdcc25daff65,yamap_2025-02-24_07_30.gpx,,95,95,34.0386314,132.8923059,311.96,2025-02-23T23:22:54Z,309.394,232.656,local_maxima_with_prominence,"window=5,radius=10,min_prominence=30,merge=100",unresolved,false,
summit-candidate:47b61397fb9c5d3f,yamap_2025-02-24_10_12.gpx,,52,52,34.0105612,133.0203144,152.43333333333337,2025-02-24T01:36:09Z,151.05866666666668,131.9958888888889,local_maxima_with_prominence,"window=5,radius=10,min_prominence=30,merge=100",unresolved,false,
summit-candidate:f19fd681c4c84753,yamap_2025-02-28_07_34.gpx,,115,115,33.8680685,133.1174852,516.7233333333334,2025-02-27T23:26:47Z,514.3206666666667,132.67955555555562,local_maxima_with_prominence,"window=5,radius=10,min_prominence=30,merge=100",unresolved,false,
summit-candidate:e4f762179d85915d,yamap_2025-02-28_07_34.gpx,,250,250,33.8666424,133.106705,477.85999999999996,2025-02-28T00:21:18Z,478.49733333333336,75.79266666666672,local_maxima_with_prominence,"window=5,radius=10,min_prominence=30,merge=100",unresolved,false,
summit-candidate:2129bbc9c3950a91,yamap_2025-02-28_10_24.gpx,,29,29,33.8756903,133.1037524,243.64333333333335,2025-02-28T01:40:20Z,242.4786666666667,39.075000000000045,local_maxima_with_prominence,"window=5,radius=10,min_prominence=30,merge=100",unresolved,false,
summit-candidate:276fed5ecb7b3eb4,yamap_2025-03-02_13_17.gpx,,79,79,33.6859182,132.7609047,893.9066666666668,2025-03-02T05:06:51Z,892.9533333333335,317.0822222222224,local_maxima_with_prominence,"window=5,radius=10,min_prominence=30,merge=100",unresolved,false,
summit-candidate:d456af62868c5044,yamap_2025-03-10_08_18.gpx,,71,71,34.1283255,133.047895,268.5833333333333,2025-03-10T00:30:54Z,266.85733333333326,198.17399999999992,local_maxima_with_prominence,"window=5,radius=10,min_prominence=30,merge=100",unresolved,false,
summit-candidate:6b836f5beefdd52c,yamap_2025-03-10_10_25.gpx,,134,134,34.1133271,133.0210613,218.65,2025-03-10T02:59:31Z,213.69733333333335,211.28133333333335,local_maxima_with_prominence,"window=5,radius=10,min_prominence=30,merge=100",unresolved,false,
summit-candidate:682d61b87016166b,yamap_2025-03-17_13_17.gpx,,44,44,33.5504243,132.669431,307.18333333333334,2025-03-17T04:31:56Z,306.6686666666667,33.25333333333339,local_maxima_with_prominence,"window=5,radius=10,min_prominence=30,merge=100",unresolved,false,
summit-candidate:230b9847a05c8052,yamap_2025-03-17_14_08.gpx,,42,42,33.525029,132.6716242,362.42333333333335,2025-03-17T05:23:23Z,362.178,55.94911111111111,local_maxima_with_prominence,"window=5,radius=10,min_prominence=30,merge=100",unresolved,false,
summit-candidate:8ff6361109e5ed5c,yamap_2025-03-20_08_27.gpx,,86,86,33.9651048,132.6367544,121.16666666666667,2025-03-20T00:08:47Z,111.804,103.85,local_maxima_with_prominence,"window=5,radius=10,min_prominence=30,merge=100",unresolved,false,
summit-candidate:fe8f624bdaa57afd,yamap_2025-03-20_08_27.gpx,,299,299,33.9704741,132.6073111,288.9433333333333,2025-03-20T04:01:49Z,285.206,284.6164166666667,local_maxima_with_prominence,"window=5,radius=10,min_prominence=30,merge=100",unresolved,false,
summit-candidate:c9aa57cdeb1b49fa,yamap_2025-03-20_08_27.gpx,,451,451,33.9769486,132.6147118,105.34333333333332,2025-03-20T05:33:40Z,102.72,93.434,local_maxima_with_prominence,"window=5,radius=10,min_prominence=30,merge=100",unresolved,false,
summit-candidate:98457196a66e294d,yamap_2025-03-20_08_27.gpx,,654,654,33.9891451,132.6270439,282.75666666666666,2025-03-20T07:09:04Z,282.4273333333333,281.49066666666664,local_maxima_with_prominence,"window=5,radius=10,min_prominence=30,merge=100",unresolved,false,
summit-candidate:dedadc05e5f6d5d5,yamap_2025-03-23_11_12.gpx,,75,75,33.6707038,132.8271198,1008.4066666666666,2025-03-23T02:54:42Z,1006.1773333333334,105.81733333333341,local_maxima_with_prominence,"window=5,radius=10,min_prominence=30,merge=100",unresolved,false,
summit-candidate:62d2811f5d1a9f29,yamap_2025-03-30_07_01.gpx,,70,70,33.4256595,132.7088906,459.07666666666665,2025-03-29T22:29:27Z,454.0346666666666,175.82577777777772,local_maxima_with_prominence,"window=5,radius=10,min_prominence=30,merge=100",unresolved,false,
summit-candidate:b02ff952b74ca472,yamap_2025-03-30_08_20.gpx,,16,16,33.454717,132.7240857,622.8707379152734,2025-03-29T23:41:13Z,622.2809508315079,30.873599379034886,local_maxima_with_prominence,"window=5,radius=10,min_prominence=30,merge=100",unresolved,false,
summit-candidate:8ba81304cbdbd764,yamap_2025-03-30_09_12.gpx,,14,14,33.4530897,132.7168465,605.2468947172716,2025-03-30T00:25:11Z,603.4472958877797,44.65225892194508,local_maxima_with_prominence,"window=5,radius=9,min_prominence=30,merge=100",unresolved,false,
summit-candidate:13aa9354da4eb6d6,yamap_2025-03-30_12_56.gpx,,87,87,33.5055365,132.6868759,572.4394591518229,2025-03-30T05:00:54Z,567.0751413121822,209.97981976707285,local_maxima_with_prominence,"window=5,radius=10,min_prominence=30,merge=100",unresolved,false,
summit-candidate:94e39d837730a5c7,yamap_2025-04-04_06_19.gpx,,141,141,33.6297301,132.7781689,822.6366666666667,2025-04-03T22:13:41Z,821.5800000000002,300.9244444444446,local_maxima_with_prominence,"window=5,radius=10,min_prominence=30,merge=100",unresolved,false,
summit-candidate:18f6f4b086668887,yamap_2025-04-06_08_48.gpx,,112,112,33.1538778,132.6270428,936.75,2025-04-06T00:44:44Z,932.8826666666668,36.97133333333352,local_maxima_with_prominence,"window=5,radius=10,min_prominence=30,merge=100",unresolved,false,
summit-candidate:6a1baa0667de8a9d,yamap_2025-04-06_08_48.gpx,,142,142,33.1518363,132.6299101,959.7999999999998,2025-04-06T01:09:31Z,958.0213333333334,107.0680000000001,local_maxima_with_prominence,"window=5,radius=10,min_prominence=30,merge=100",unresolved,false,
summit-candidate:cdd4a9ba931c816e,yamap_2025-04-06_08_48.gpx,,261,261,33.1328174,132.6290592,1069.8255484698216,2025-04-06T02:34:54Z,1067.5038305862865,270.13916391961993,local_maxima_with_prominence,"window=5,radius=10,min_prominence=30,merge=100",unresolved,false,
summit-candidate:f59e1ba73617c383,yamap_2025-04-06_08_48.gpx,,294,294,33.1347793,132.6282847,1005.7346655272108,2025-04-06T02:54:36Z,1000.8829183810255,48.06303523799795,local_maxima_with_prominence,"window=5,radius=10,min_prominence=30,merge=100",unresolved,false,
summit-candidate:69da123016e6ad8b,yamap_2025-04-06_08_48.gpx,,357,357,33.142538,132.6306376,921.62,2025-04-06T03:39:53Z,920.8226666666667,86.48199999999997,local_maxima_with_prominence,"window=5,radius=10,min_prominence=30,merge=100",unresolved,false,
summit-candidate:3f84cc393481fcf2,yamap_2025-04-06_08_48.gpx,,477,477,33.155717,132.6258832,850.5566666666667,2025-04-06T04:26:18Z,850.3533333333332,52.32599999999991,local_maxima_with_prominence,"window=5,radius=10,min_prominence=30,merge=100",unresolved,false,
summit-candidate:6342f0069cd164e8,yamap_2025-04-09_06_48.gpx,,247,247,33.5194593,132.6057323,649.24,2025-04-08T23:23:07Z,648.1106666666667,149.6493333333334,local_maxima_with_prominence,"window=5,radius=10,min_prominence=30,merge=100",unresolved,false,
summit-candidate:49147712961a83be,yamap_2025-04-09_06_48.gpx,,384,384,33.5174638,132.6333302,708.9699999999999,2025-04-09T00:22:53Z,708.5173333333333,571.4184444444445,local_maxima_with_prominence,"window=5,radius=10,min_prominence=30,merge=100",unresolved,false,
summit-candidate:81081ef1b6e58a79,yamap_2025-04-14_05_56.gpx,,154,154,33.6509595,132.7915875,711,2025-04-13T22:05:57Z,710.5886666666668,316.52533333333344,local_maxima_with_prominence,"window=5,radius=10,min_prominence=30,merge=100",unresolved,false,
summit-candidate:0cc9c1186612ceaa,yamap_2025-04-19_07_10.gpx,,79,79,33.4889649,132.8660449,1297.49,2025-04-18T22:35:37Z,1296.362,39.89666666666676,local_maxima_with_prominence,"window=5,radius=10,min_prominence=30,merge=100",unresolved,false,
summit-candidate:422a9e74717ca96d,yamap_2025-04-19_07_10.gpx,,178,178,33.5012064,132.8649354,1341.5,2025-04-18T23:17:23Z,1341.3213333333333,37.070000000000164,local_maxima_with_prominence,"window=5,radius=10,min_prominence=30,merge=100",unresolved,false,
summit-candidate:1f61c36c208539fd,yamap_2025-04-19_07_10.gpx,,233,233,33.4978098,132.8738842,1380.8466666666666,2025-04-19T00:12:33Z,1378.5126666666667,190.0446666666669,local_maxima_with_prominence,"window=5,radius=10,min_prominence=30,merge=100",unresolved,false,
summit-candidate:01f601a63b1874f6,yamap_2025-04-19_07_10.gpx,,286,286,33.4979362,132.8835088,1371.8433333333335,2025-04-19T00:51:36Z,1370.5026666666668,43.21333333333337,local_maxima_with_prominence,"window=5,radius=10,min_prominence=30,merge=100",unresolved,false,
summit-candidate:17a471cc45af2c05,yamap_2025-04-27_06_23.gpx,,218,218,33.833662,133.4735407,1270.3933333333332,2025-04-26T23:58:28Z,1267.7166666666667,47.108000000000175,local_maxima_with_prominence,"window=5,radius=10,min_prominence=30,merge=100",unresolved,false,
summit-candidate:e93bba1998d4efb5,yamap_2025-04-27_06_23.gpx,,289,289,33.8295237,133.4864513,1350.0266666666666,2025-04-27T00:50:22Z,1348.154,127.14733333333334,local_maxima_with_prominence,"window=5,radius=10,min_prominence=30,merge=100",unresolved,false,
summit-candidate:53bf856dccad5eab,yamap_2025-04-27_06_23.gpx,,483,483,33.8369517,133.454669,1397.78,2025-04-27T03:30:52Z,1393.8513333333333,920.3706666666667,local_maxima_with_prominence,"window=5,radius=10,min_prominence=30,merge=100",unresolved,false,
summit-candidate:8326f30918c16cbe,yamap_2025-04-27_06_23.gpx,,607,607,33.8487719,133.4543032,1061.7766666666666,2025-04-27T04:51:31Z,1057.1873333333333,54.24199999999996,local_maxima_with_prominence,"window=5,radius=10,min_prominence=30,merge=100",unresolved,false,
summit-candidate:403c0894babcf279,yamap_2025-06-21_08_53.gpx,,135,135,33.5339268,132.9213872,1403.506666666667,2025-06-21T01:47:12Z,1400.976,47.157333333333554,local_maxima_with_prominence,"window=5,radius=10,min_prominence=30,merge=100",unresolved,false,
summit-candidate:0d157ed871f76807,yamap_2025-07-06_07_10.gpx,,43,43,33.8127427,133.2473801,1210.7966666666669,2025-07-05T22:49:03Z,1208.4780000000003,221.79577777777808,local_maxima_with_prominence,"window=5,radius=10,min_prominence=30,merge=100",unresolved,false,
summit-candidate:20f1c44b99e3d708,yamap_2025-07-06_09_43.gpx,,58,58,33.7826057,133.2367653,1731.0666666666668,2025-07-06T01:38:00Z,1728.218,131.75800000000004,local_maxima_with_prominence,"window=5,radius=10,min_prominence=30,merge=100",unresolved,false,
summit-candidate:4f4cc23f6e2fa26e,yamap_2025-07-06_12_03.gpx,,15,15,33.7638082,133.1769575,1506.6639933943752,2025-07-06T03:15:26Z,1506.1031681971504,30.860224624435205,local_maxima_with_prominence,"window=5,radius=9,min_prominence=30,merge=100",unresolved,false,
summit-candidate:54dc6f5d29d60052,yamap_2025-08-15_09_21.gpx,,49,49,33.4805132,133.0152222,1479.58,2025-08-15T01:04:32Z,1476.4666666666667,109.54444444444425,local_maxima_with_prominence,"window=5,radius=10,min_prominence=30,merge=100",unresolved,false,
summit-candidate:ba78489e4d448645,yamap_2025-08-15_10_51.gpx,,16,16,33.4706698,132.9365377,1141.42,2025-08-15T02:15:25Z,1141.1253333333334,44.70422222222237,local_maxima_with_prominence,"window=5,radius=10,min_prominence=30,merge=100",unresolved,false,
summit-candidate:00dfcd8bd36a1f00,yamap_2025-08-15_11_47.gpx,,28,28,33.4728129,132.9862432,1452.0633333333335,2025-08-15T03:08:42Z,1451.6006666666667,64.41733333333332,local_maxima_with_prominence,"window=5,radius=10,min_prominence=30,merge=100",unresolved,false,
summit-candidate:1c085703f9a891aa,yamap_2025-08-15_12_44.gpx,,32,32,33.4903782,133.0130292,1363.1366666666665,2025-08-15T04:48:34Z,1361.9386666666667,104.94074999999975,local_maxima_with_prominence,"window=5,radius=10,min_prominence=30,merge=100",unresolved,false,
summit-candidate:65906dbbd6e5b747,yamap_2025-09-07_08_00.gpx,,76,76,33.7605415,133.1358584,1647.683322091346,2025-09-06T23:57:27Z,1647.2900023565503,83.56713115526964,local_maxima_with_prominence,"window=5,radius=10,min_prominence=30,merge=100",unresolved,false,
summit-candidate:19713e48698f3e2a,yamap_2025-09-07_08_00.gpx,,221,221,33.768961,133.1134874,1967.0036586656968,2025-09-07T02:06:07Z,1963.8297022145903,458.7483711268128,local_maxima_with_prominence,"window=5,radius=10,min_prominence=30,merge=100",unresolved,false,
summit-candidate:109bc31ba8b3aa15,yamap_2025-09-21_08_53.gpx,,93,93,33.7755639,133.1209272,1627.0833333333333,2025-09-21T00:58:38Z,1624.488,322.5540000000001,local_maxima_with_prominence,"window=5,radius=10,min_prominence=30,merge=100",unresolved,false,
summit-candidate:ee632dd427dbb1ff,yamap_2025-09-21_08_53.gpx,,201,201,33.7905443,133.1279248,1416.9733333333334,2025-09-21T02:08:10Z,1415.0466666666666,113.16733333333309,local_maxima_with_prominence,"window=5,radius=10,min_prominence=30,merge=100",unresolved,false,
summit-candidate:6b97922a3935a9a5,yamap_2025-09-21_08_53.gpx,,268,268,33.7968869,133.1208698,1354.6866666666667,2025-09-21T03:13:33Z,1349.06,52.0300000000002,local_maxima_with_prominence,"window=5,radius=10,min_prominence=30,merge=100",unresolved,false,
summit-candidate:56e8244e578a141a,yamap_2025-09-21_08_53.gpx,,336,336,33.7904157,133.1298398,1409.006666666667,2025-09-21T03:46:30Z,1408.12,111.57466666666664,local_maxima_with_prominence,"window=5,radius=10,min_prominence=30,merge=100",unresolved,false,
summit-candidate:4b66146264e5e167,yamap_2025-09-27_06_52.gpx,,31,31,33.8367026,133.4035972,1271.6466666666668,2025-09-26T22:28:48Z,1270.842666666667,65.08133333333353,local_maxima_with_prominence,"window=5,radius=10,min_prominence=30,merge=100",unresolved,false,
summit-candidate:6358c7fb40ce841e,yamap_2025-09-27_06_52.gpx,,90,90,33.8398487,133.4152863,1480.9266666666665,2025-09-26T23:38:45Z,1472.4666666666667,146.80866666666657,local_maxima_with_prominence,"window=5,radius=10,min_prominence=30,merge=100",unresolved,false,
summit-candidate:accbb6cf4fee8a2f,yamap_2025-09-27_06_52.gpx,,140,140,33.8391673,133.4252204,1449.5566666666666,2025-09-27T00:13:14Z,1445.404,76.62733333333313,local_maxima_with_prominence,"window=5,radius=10,min_prominence=30,merge=100",unresolved,false,
summit-candidate:69652a1c97f3b2eb,yamap_2025-09-27_06_52.gpx,,178,178,33.8353414,133.4313475,1369.4399999999998,2025-09-27T00:53:53Z,1368.5873333333334,42.60400000000004,local_maxima_with_prominence,"window=5,radius=10,min_prominence=30,merge=100",unresolved,false,
summit-candidate:2666cead0a841bbb,yamap_2025-10-05_08_42.gpx,,69,69,33.824185,133.391598,1532.5633333333333,2025-10-05T01:00:18Z,1528.402,187.91733333333332,local_maxima_with_prominence,"window=5,radius=10,min_prominence=30,merge=100",unresolved,false,
summit-candidate:8f124a2a1de32654,yamap_2025-10-05_08_42.gpx,,250,250,33.8344836,133.3567357,1423.7,2025-10-05T03:39:08Z,1419.9726666666666,78.88066666666646,local_maxima_with_prominence,"window=5,radius=10,min_prominence=30,merge=100",unresolved,false,
summit-candidate:b2662116bd1858b6,yamap_2025-10-05_08_42.gpx,,325,325,33.8295378,133.3706113,1446.9966666666667,2025-10-05T04:32:00Z,1443.102666666667,39.71200000000022,local_maxima_with_prominence,"window=5,radius=10,min_prominence=30,merge=100",unresolved,false,
summit-candidate:20557338e1ab5de6,yamap_2025-10-05_08_42.gpx,,451,451,33.8212475,133.3941804,1586.6333333333332,2025-10-05T06:02:36Z,1585.0000000000002,482.1250000000002,local_maxima_with_prominence,"window=5,radius=10,min_prominence=30,merge=100",unresolved,false,
summit-candidate:565ba3761956d9b3,yamap_2025-10-11_06_24.gpx,,98,98,33.8789795,133.544002,1426.5633333333335,2025-10-10T23:11:21Z,1423.6166666666666,201.56333333333305,local_maxima_with_prominence,"window=5,radius=10,min_prominence=30,merge=100",unresolved,false,
summit-candidate:a80dd0489247a839,yamap_2025-10-11_06_24.gpx,,321,321,33.8677482,133.5827925,1445.6433333333334,2025-10-11T02:16:36Z,1443.6793333333335,483.0985000000002,local_maxima_with_prominence,"window=5,radius=10,min_prominence=30,merge=100",unresolved,false,
summit-candidate:1946316119cd7251,yamap_2025-10-23_15_58.gpx,,22,22,33.4909198,132.330294,362.5859909540507,2025-10-23T07:10:50Z,361.69085653868564,54.27252127037207,local_maxima_with_prominence,"window=5,radius=10,min_prominence=30,merge=100",unresolved,false,
summit-candidate:f3bf8b21a01f29ef,yamap_2025-10-23_16_38.gpx,,24,24,33.5004147,132.3547022,408.84971455495605,2025-10-23T07:46:59Z,408.05207286724476,33.91907628349662,local_maxima_with_prominence,"window=5,radius=10,min_prominence=30,merge=100",unresolved,false,
summit-candidate:192b785fe79890e5,yamap_2025-10-26_11_45.gpx,,85,85,33.3653822,132.4528183,592.0266666666666,2025-10-26T03:13:55Z,591.0286666666667,130.09799999999996,local_maxima_with_prominence,"window=5,radius=10,min_prominence=30,merge=100",unresolved,false,
summit-candidate:b319c20dc9ecb5f1,yamap_2025-12-06_08_06.gpx,,264,264,33.3272325,132.9014493,1106.7248732843473,2025-12-06T01:39:57Z,1104.8018230333096,74.92343717799213,local_maxima_with_prominence,"window=5,radius=10,min_prominence=30,merge=100",unresolved,false,
summit-candidate:9fe4d21715424f17,yamap_2025-12-06_08_06.gpx,,372,372,33.3120212,132.8936817,1139.8423907433491,2025-12-06T03:12:55Z,1139.5683428355137,706.7377397705114,local_maxima_with_prominence,"window=5,radius=10,min_prominence=30,merge=100",unresolved,false,
summit-candidate:8d1f2bd134bed04d,yamap_2025-12-10_11_40.gpx,,56,56,33.9910002,132.9850803,507.77,2025-12-10T04:03:40Z,505.23066666666665,339.0951111111111,local_maxima_with_prominence,"window=5,radius=10,min_prominence=30,merge=100",unresolved,false,
summit-candidate:d663a75e24f23530,yamap_2025-12-14_08_56.gpx,,137,137,33.4832129,132.5575289,373.03999999999996,2025-12-14T01:37:34Z,370.9626666666667,352.62600000000003,local_maxima_with_prominence,"window=5,radius=10,min_prominence=30,merge=100",unresolved,false,
summit-candidate:6b62cbb916ef874d,yamap_2025-12-14_08_56.gpx,,192,192,33.4920833,132.5614224,371.28,2025-12-14T02:00:29Z,370.7606666666667,88.38266666666664,local_maxima_with_prominence,"window=5,radius=10,min_prominence=30,merge=100",unresolved,false,
summit-candidate:b1bd2a482a691bd8,yamap_2025-12-14_12_03.gpx,,80,80,33.4977228,132.5826447,285.99333333333334,2025-12-14T04:02:00Z,284.4426666666667,253.20822222222225,local_maxima_with_prominence,"window=5,radius=10,min_prominence=30,merge=100",unresolved,false,
summit-candidate:f028aab45221cee6,yamap_2025-12-20_07_28.gpx,,139,139,33.6093279,132.8006087,599.1233333333333,2025-12-19T23:45:52Z,596.5193333333333,401.24711111111105,local_maxima_with_prominence,"window=5,radius=10,min_prominence=30,merge=100",unresolved,false,
summit-candidate:730e21bca5cdf60d,yamap_2026-01-04_08_20.gpx,,170,170,33.1120886,132.4865753,312.2633333333334,2026-01-04T00:43:59Z,309.57533333333333,300.548,local_maxima_with_prominence,"window=5,radius=10,min_prominence=30,merge=100",unresolved,false,
summit-candidate:e7b64a377534c79e,yamap_2026-01-04_11_16.gpx,,63,63,33.1384517,132.4477537,217.52368147012137,2026-01-04T03:20:26Z,214.27566756610736,208.7699442503126,local_maxima_with_prominence,"window=5,radius=10,min_prominence=30,merge=100",unresolved,false,
summit-candidate:17c3649ad9b147ce,yamap_2026-01-07_07_05.gpx,,122,122,33.4376592,132.6335849,665.1833333333333,2026-01-06T23:23:22Z,663.2819999999999,279.0073333333333,local_maxima_with_prominence,"window=5,radius=10,min_prominence=30,merge=100",unresolved,false,
summit-candidate:a271a6c73ad11b69,yamap_2026-01-07_09_14.gpx,,94,94,33.4270319,132.6809369,382.21000000000004,2026-01-07T01:04:20Z,378.74,199.88933333333335,local_maxima_with_prominence,"window=5,radius=10,min_prominence=30,merge=100",unresolved,false,
summit-candidate:61304308f9a58d0d,yamap_2026-01-11_07_50.gpx,,135,135,33.654334,132.6895797,694.3566666666667,2026-01-11T00:13:29Z,691.6560000000001,435.41600000000005,local_maxima_with_prominence,"window=5,radius=10,min_prominence=30,merge=100",unresolved,false,
summit-candidate:1fd59e0e67624706,yamap_2026-01-11_10_38.gpx,,53,53,33.6266981,132.6808191,620.0533333333333,2026-01-11T02:32:53Z,619.286,253.7448888888888,local_maxima_with_prominence,"window=5,radius=10,min_prominence=30,merge=100",unresolved,false,
summit-candidate:fa9a4432fbf76027,yamap_2026-01-18_06_03.gpx,,94,94,33.3926301,132.5594513,791.2866666666665,2026-01-17T22:42:45Z,784.1606666666665,438.4617777777776,local_maxima_with_prominence,"window=5,radius=10,min_prominence=30,merge=100",unresolved,false,
summit-candidate:51c8bc6a368c422c,yamap_2026-01-18_09_11.gpx,,34,34,33.3475127,132.4815915,542.5079186549784,2026-01-18T00:35:41Z,540.8508883247874,90.18150322463288,local_maxima_with_prominence,"window=5,radius=10,min_prominence=30,merge=100",unresolved,false,
summit-candidate:ce7fc6697696cde7,yamap_2026-01-25_07_43.gpx,,221,221,33.6204803,132.6529617,669.23,2026-01-25T01:04:21Z,666.366,98.73599999999999,local_maxima_with_prominence,"window=5,radius=10,min_prominence=30,merge=100",unresolved,false,
summit-candidate:4a22801b12460992,yamap_2026-01-25_07_43.gpx,,329,329,33.6034415,132.6564373,676.61,2026-01-25T02:02:47Z,677.72,519.3946666666667,local_maxima_with_prominence,"window=5,radius=10,min_prominence=30,merge=100",unresolved,false,
summit-candidate:fcfb64bccceb89d4,yamap_2026-01-31_07_40.gpx,,104,104,33.2525878,132.5586899,367.51666666666665,2026-01-31T00:01:36Z,363.41666666666663,30.513333333333264,local_maxima_with_prominence,"window=5,radius=10,min_prominence=30,merge=100",unresolved,false,
summit-candidate:f39b40bd0d9b0192,yamap_2026-01-31_07_40.gpx,,146,146,33.2533161,132.5564232,433.24,2026-01-31T00:31:10Z,432.4793333333334,398.1973333333334,local_maxima_with_prominence,"window=5,radius=10,min_prominence=30,merge=100",unresolved,false,
summit-candidate:e55456349660bd14,yamap_2026-01-31_10_49.gpx,,119,119,33.2720922,132.5543833,325.42,2026-01-31T03:00:07Z,322.76466666666664,314.907,local_maxima_with_prominence,"window=5,radius=10,min_prominence=30,merge=100",unresolved,false,
summit-candidate:a9b00b48e0c94eab,yamap_2026-01-31_13_52.gpx,,101,101,33.3270345,132.5414704,631.8566666666667,2026-01-31T05:51:41Z,631.0846666666666,243.94799999999998,local_maxima_with_prominence,"window=5,radius=10,min_prominence=30,merge=100",unresolved,false,
summit-candidate:6adfa15b8dbd8966,yamap_2026-02-07_07_21.gpx,,18,18,33.5381203,132.4689665,756.9766666666668,2026-02-06T22:27:45Z,756.4300000000001,32.30666666666673,local_maxima_with_prominence,"window=5,radius=10,min_prominence=30,merge=100",unresolved,false,
summit-candidate:bd8fda9e743f2008,yamap_2026-02-07_07_21.gpx,,195,195,33.54274,132.4754911,681.2333333333333,2026-02-06T23:39:54Z,677.8766666666667,34.13133333333326,local_maxima_with_prominence,"window=5,radius=10,min_prominence=30,merge=100",unresolved,false,
summit-candidate:6b19d2116121b615,yamap_2026-02-07_11_17.gpx,,99,99,33.4883211,132.4618686,624.4499999999999,2026-02-07T03:46:30Z,623.2033333333334,429.05166666666673,local_maxima_with_prominence,"window=5,radius=10,min_prominence=30,merge=100",unresolved,false,
summit-candidate:bb84b00f3a929195,yamap_2026-02-14_08_22.gpx,,148,148,33.4309452,132.482212,642.6,2026-02-14T00:28:24Z,640.51,327.5466666666667,local_maxima_with_prominence,"window=5,radius=10,min_prominence=30,merge=100",unresolved,false,
summit-candidate:6756239601754708,yamap_2026-02-14_13_33.gpx,,216,216,33.4692555,132.4112445,358.1833333333334,2026-02-14T06:19:27Z,358.62600000000003,353.53822222222226,local_maxima_with_prominence,"window=5,radius=10,min_prominence=30,merge=100",unresolved,false,
summit-candidate:b3cf76c035511afe,yamap_2026-02-22_06_23.gpx,,55,55,33.5171137,132.7257366,737.4383606793477,2026-02-21T21:51:10Z,734.9700943958876,66.97658594002019,local_maxima_with_prominence,"window=5,radius=10,min_prominence=30,merge=100",unresolved,false,
summit-candidate:f55ffb534aa2ae4c,yamap_2026-02-22_07_32.gpx,,179,179,33.5133814,132.7770265,825.9826876717713,2026-02-21T23:55:05Z,823.6844387814565,84.64658823201762,local_maxima_with_prominence,"window=5,radius=10,min_prominence=30,merge=100",unresolved,false,
summit-candidate:19ab381ef6c337af,yamap_2026-02-22_07_32.gpx,,274,274,33.5275826,132.7817668,993.1336935716172,2026-02-22T00:52:57Z,993.3933215934446,598.4095108344079,local_maxima_with_prominence,"window=5,radius=10,min_prominence=30,merge=100",unresolved,false,
summit-candidate:428f403ddcc5a31a,yamap_2026-02-22_07_32.gpx,,364,364,33.5404689,132.7754857,904.780552530514,2026-02-22T02:02:05Z,902.73360432418,91.59468838831049,local_maxima_with_prominence,"window=5,radius=10,min_prominence=30,merge=100",unresolved,false,
summit-candidate:7a8dca9b423536f5,yamap_2026-02-22_07_32.gpx,,461,461,33.5324276,132.7604222,836.1037770875326,2026-02-22T03:07:05Z,833.8331009077092,55.93007492525271,local_maxima_with_prominence,"window=5,radius=10,min_prominence=30,merge=100",unresolved,false,
summit-candidate:5f31b84e049f61fa,yamap_2026-02-22_07_32.gpx,,529,529,33.525575,132.750723,798.325694253476,2026-02-22T03:48:37Z,799.6428059457506,30.90126819398415,local_maxima_with_prominence,"window=5,radius=10,min_prominence=30,merge=100",unresolved,false,
summit-candidate:0d5802be6f4a6c6e,yamap_2026-03-01_06_45.gpx,,110,110,33.9162332,133.6903613,1012.1166666666668,2026-02-28T22:31:31Z,1010.2346666666666,153.76066666666668,local_maxima_with_prominence,"window=5,radius=10,min_prominence=30,merge=100",unresolved,false,
summit-candidate:78274ad93e160452,yamap_2026-03-01_06_45.gpx,,393,393,33.8838209,133.660917,1152.4499999999998,2026-03-01T01:55:38Z,1151.9546666666665,328.4646666666665,local_maxima_with_prominence,"window=5,radius=10,min_prominence=30,merge=100",unresolved,false,
summit-candidate:740ae36ed8c63d60,yamap_2026-03-01_06_45.gpx,,493,493,33.8934243,133.6780358,1110.4433333333334,2026-03-01T02:50:34Z,1107.3120000000001,77.32600000000002,local_maxima_with_prominence,"window=5,radius=10,min_prominence=30,merge=100",unresolved,false,
summit-candidate:7a53852cc6c3e971,yamap_2026-03-01_06_45.gpx,,521,521,33.8986853,133.6776458,1103.0333333333333,2026-03-01T03:26:08Z,1100.4806666666668,38.92600000000016,local_maxima_with_prominence,"window=5,radius=10,min_prominence=30,merge=100",unresolved,false,
summit-candidate:737ce2580de91527,yamap_2026-03-01_06_45.gpx,,804,804,33.9263671,133.6759094,1041.1266666666668,2026-03-01T06:24:58Z,1039.4646666666667,41.96333333333337,local_maxima_with_prominence,"window=5,radius=10,min_prominence=30,merge=100",unresolved,false,
summit-candidate:9fe27d7d4a51aa70,yamap_2026-03-04_06_40.gpx,,123,123,33.590232,132.798511,649.16,2026-03-03T23:17:22Z,645.0833333333334,467.42555555555555,local_maxima_with_prominence,"window=5,radius=10,min_prominence=30,merge=100",unresolved,false,
summit-candidate:c6ea08c2953b4cb8,yamap_2026-03-04_09_46.gpx,,76,76,33.5709203,132.8411558,369.3233333333333,2026-03-04T01:18:03Z,367.5913333333333,124.08266666666663,local_maxima_with_prominence,"window=5,radius=10,min_prominence=30,merge=100",unresolved,false,
summit-candidate:8f25ad4ff380df77,yamap_2026-03-06_09_00.gpx,,97,97,33.9820342,133.0334752,346.8866666666666,2026-03-06T00:52:42Z,345.49333333333334,169.98444444444445,local_maxima_with_prominence,"window=5,radius=10,min_prominence=30,merge=100",unresolved,false,
summit-candidate:e8b129f70e703be5,yamap_2026-03-07_11_08.gpx,,57,57,33.1828203,132.5956974,949.9166666666666,2026-03-07T02:43:40Z,947.7286666666666,77.62999999999988,local_maxima_with_prominence,"window=5,radius=10,min_prominence=30,merge=100",unresolved,false,
summit-candidate:784df3690acb5365,yamap_2026-03-08_07_27.gpx,,15,15,33.9710941,133.6468525,833.5256703454279,2026-03-07T22:40:34Z,832.4484175109383,39.147079171188466,local_maxima_with_prominence,"window=5,radius=10,min_prominence=30,merge=100",unresolved,false,
summit-candidate:eb031d650d8e9a7a,yamap_2026-03-08_08_05.gpx,,111,111,33.9835402,133.681909,753.8057910293684,2026-03-08T00:08:39Z,751.6952397262621,52.796117856295155,local_maxima_with_prominence,"window=5,radius=10,min_prominence=30,merge=100",unresolved,false,
summit-candidate:ab39145b6a448b8d,yamap_2026-03-08_10_45.gpx,,46,46,33.9386003,133.5857961,617.3566666666667,2026-03-08T02:36:48Z,611.2973333333333,336.54066666666665,local_maxima_with_prominence,"window=5,radius=10,min_prominence=30,merge=100",unresolved,false,
summit-candidate:084fa7c9e55252dc,yamap_2026-03-11_10_35.gpx,,26,26,33.8667446,132.768519,165.84333333333333,2026-03-11T01:59:15Z,160.274,121.40511111111113,local_maxima_with_prominence,"window=5,radius=10,min_prominence=30,merge=100",unresolved,false,
summit-candidate:c246a8edb72dbebb,yamap_2026-03-15_06_14.gpx,,227,227,33.294387,132.8359236,939.7329137961616,2026-03-14T23:16:38Z,939.6205435069911,683.5566290400661,local_maxima_with_prominence,"window=5,radius=10,min_prominence=30,merge=100",unresolved,false,
summit-candidate:314bd84876bc3fc3,yamap_2026-03-15_10_21.gpx,,82,82,33.3677949,132.8609245,1065.780524285452,2026-03-15T02:33:34Z,1063.4559558543774,433.33065254013684,local_maxima_with_prominence,"window=5,radius=10,min_prominence=30,merge=100",unresolved,false,
summit-candidate:777bcc5c6ed2c27e,yamap_2026-03-17_06_58.gpx,,141,141,33.7182406,133.056812,1317.4533333333331,2026-03-17T00:26:33Z,1314.9913333333334,579.2302222222223,local_maxima_with_prominence,"window=5,radius=10,min_prominence=30,merge=100",unresolved,false,
summit-candidate:f760bededfedfc09,yamap_2026-03-21_07_01.gpx,,101,101,33.5377687,132.8255571,1215.7332944221434,2026-03-20T22:52:45Z,1214.395316157898,96.80540351396485,local_maxima_with_prominence,"window=5,radius=10,min_prominence=30,merge=100",unresolved,false,
summit-candidate:0f61b39e537be0a6,yamap_2026-03-21_07_01.gpx,,226,226,33.5236645,132.8378477,1268.5535851519437,2026-03-21T00:17:05Z,1266.3857110801823,163.5751120713985,local_maxima_with_prominence,"window=5,radius=10,min_prominence=30,merge=100",unresolved,false,
summit-candidate:cad0ade9ddec2b1a,yamap_2026-03-21_07_01.gpx,,337,337,33.5219713,132.8429594,1296.6768919465774,2026-03-21T01:40:43Z,1295.364399667419,59.44395926557581,local_maxima_with_prominence,"window=5,radius=10,min_prominence=30,merge=100",unresolved,false,
summit-candidate:118b217506eb653f,yamap_2026-03-21_07_01.gpx,,397,397,33.5274365,132.8527908,1334.4923924855789,2026-03-21T02:31:39Z,1331.9699816302978,384.68109274140886,local_maxima_with_prominence,"window=5,radius=10,min_prominence=30,merge=100",unresolved,false,
summit-candidate:05007aaf499a4ecc,yamap_2026-03-21_13_44.gpx,,40,40,33.5409797,132.8012664,967.0418485014342,2026-03-21T05:06:58Z,965.2871195385175,102.81045287185066,local_maxima_with_prominence,"window=5,radius=10,min_prominence=30,merge=100",unresolved,false,
summit-candidate:d5d39ec66a34deb5,yamap_2026-03-21_14_58.gpx,,75,75,33.5549522,132.8679548,1235.86,2026-03-21T06:46:07Z,1231.8333333333335,259.8966666666669,local_maxima_with_prominence,"window=5,radius=10,min_prominence=30,merge=100",unresolved,false,
summit-candidate:46ab73ee0e06e924,yamap_2026-04-11_09_14.gpx,,139,139,33.640684,132.8369828,926.7733333333334,2026-04-11T01:54:14Z,924.51,344.5922222222222,local_maxima_with_prominence,"window=5,radius=10,min_prominence=30,merge=100",unresolved,false,
summit-candidate:2011a6c909945d6f,yamap_2026-04-12_11_03.gpx,,25,25,33.8390197,132.7201785,102.87,2026-04-12T02:20:02Z,101.19733333333333,68.71622222222223,local_maxima_with_prominence,"window=5,radius=10,min_prominence=30,merge=100",unresolved,false,
summit-candidate:d0d3096d540f375e,yamap_2026-04-19_07_43.gpx,,163,163,33.5112211,132.3821763,496.59999999999997,2026-04-18T23:56:16Z,495.17733333333337,322.19900000000007,local_maxima_with_prominence,"window=5,radius=10,min_prominence=30,merge=100",unresolved,false,
summit-candidate:9e86644a708cb211,yamap_2026-04-19_10_27.gpx,,93,93,33.582033,132.5041115,459.0429986192042,2026-04-19T02:22:01Z,455.9008117689029,203.55873807351617,local_maxima_with_prominence,"window=5,radius=10,min_prominence=30,merge=100",unresolved,false,
summit-candidate:d5a6fcb592162088,yamap_2026-04-29_06_34.gpx,,232,232,33.8136584,133.0127568,981.2133333333335,2026-04-29T00:07:58Z,977.732,679.9125555555554,local_maxima_with_prominence,"window=5,radius=10,min_prominence=30,merge=100",unresolved,false,
summit-candidate:c87a377b77c80862,yamap_2026-04-29_06_34.gpx,,327,327,33.798558,133.0173655,890.1266666666667,2026-04-29T01:32:31Z,888.9686666666666,49.264666666666585,local_maxima_with_prominence,"window=5,radius=10,min_prominence=30,merge=100",unresolved,false,
summit-candidate:a96db37bf518f31a,yamap_2026-04-29_06_34.gpx,,375,375,33.7912411,133.0215447,894.5,2026-04-29T02:18:54Z,889.3933333333334,165.83933333333334,local_maxima_with_prominence,"window=5,radius=10,min_prominence=30,merge=100",unresolved,false,
summit-candidate:53a6401abf71c488,yamap_2026-05-02_09_29.gpx,,58,58,33.7946359,133.1931324,1892.1433333333334,2026-05-02T01:13:04Z,1891.1760000000002,222.4418333333333,local_maxima_with_prominence,"window=5,radius=10,min_prominence=30,merge=100",unresolved,false,
summit-candidate:c9e357d000632346,yamap_2026-05-02_09_29.gpx,,204,204,33.7913501,133.1887871,1732.5766666666666,2026-05-02T03:35:06Z,1732.1746666666666,68.36733333333314,local_maxima_with_prominence,"window=5,radius=10,min_prominence=30,merge=100",unresolved,false,
summit-candidate:7a5ca8d918f43720,yamap_2026-05-02_09_29.gpx,,253,253,33.7876019,133.1885096,1708.05,2026-05-02T04:06:55Z,1707.1806666666666,35.23622222222207,local_maxima_with_prominence,"window=5,radius=10,min_prominence=30,merge=100",unresolved,false,
summit-candidate:453327d51d16e202,yamap_2026-05-06_07_28.gpx,,201,201,33.8318164,133.2841218,1850.97,2026-05-06T03:48:38Z,1850.348,96.29999999999995,local_maxima_with_prominence,"window=5,radius=10,min_prominence=30,merge=100",unresolved,false,
summit-candidate:b87c90ebd1eb0d06,yamap_2026-05-06_07_28.gpx,,260,260,33.8280769,133.2743948,1856.6633333333332,2026-05-06T04:26:02Z,1854.9586666666667,837.2075555555556,local_maxima_with_prominence,"window=5,radius=10,min_prominence=30,merge=100",unresolved,false,
