mountain_no,mountain_name,summit_candidate_id,source_gpx_basename,track_name,candidate_ele_m,mountain_elevation_m,elevation_diff_m,location_refined_candidate_score,location_refined_rank_for_mountain,location_refined_rank_for_summit_candidate,score_gap_to_next_candidate,mutual_top1,mutual_top3,confidence,review_priority,compact_review_priority,review_bucket,location_refinement_level,csv_municipality,csv_island,matched_terms,nearest_display_name,review_reason_codes,review_priority_reason_codes,compact_review_reason_codes,notes
1,関ヶ森,summit-candidate:a0c35720552a78c8,yamap_2022-01-15_08_17.gpx,関ヶ森・観音山・倉谷山・芝ヶ峠,573.7066666666666,592,18.29,0.79,1,1,0.12,true,true,medium,medium,medium,accept_candidate_after_map_check,location_strong_match,松山市,,same_municipality,松山市,multiple_candidates_for_mountain|multiple_mountains_for_candidate|missing_csv_coordinate,top_1_but_ambiguous|priority_reduced_strong_match_mutual_top1,clear_mutual_top1,"mountain=関ヶ森(#1); candidate=summit-candidate:a0c35720552a78c8; track=""関ヶ森・観音山・倉谷山・芝ヶ峠""; score=0.69; name_tier=strong; ele_diff=18.29m; loc=strong_overlap; act_conf=high"
1,関ヶ森,summit-candidate:c284068144ec2cfd,yamap_2022-01-15_08_17.gpx,関ヶ森・観音山・倉谷山・芝ヶ峠,278.01,592,313.99,0.67,2,2,0,false,true,medium,medium,low,low_priority,location_strong_match,松山市,,same_municipality,松山市,multiple_candidates_for_mountain|multiple_mountains_for_candidate|weak_elevation_evidence|missing_csv_coordinate,top_3_with_evidence,low_priority_alternative,"mountain=関ヶ森(#1); candidate=summit-candidate:c284068144ec2cfd; track=""関ヶ森・観音山・倉谷山・芝ヶ峠""; score=0.57; name_tier=strong; ele_diff=313.99m; loc=strong_overlap; act_conf=high"
1,関ヶ森,summit-candidate:cb62a56e70cedbce,yamap_2022-01-15_08_17.gpx,関ヶ森・観音山・倉谷山・芝ヶ峠,495.64000000000004,592,96.36,0.67,3,2,0,false,true,medium,medium,low,low_priority,location_strong_match,松山市,,same_municipality,松山市,multiple_candidates_for_mountain|multiple_mountains_for_candidate|weak_elevation_evidence|missing_csv_coordinate,top_3_with_evidence,low_priority_alternative,"mountain=関ヶ森(#1); candidate=summit-candidate:cb62a56e70cedbce; track=""関ヶ森・観音山・倉谷山・芝ヶ峠""; score=0.57; name_tier=strong; ele_diff=96.36m; loc=strong_overlap; act_conf=high"
2,観音山,summit-candidate:cb62a56e70cedbce,yamap_2022-01-15_08_17.gpx,関ヶ森・観音山・倉谷山・芝ヶ峠,495.64000000000004,518,22.36,0.79,1,1,0.12,true,true,medium,medium,medium,accept_candidate_after_map_check,location_strong_match,松山市,,same_municipality,松山市,multiple_candidates_for_mountain|multiple_mountains_for_candidate|missing_csv_coordinate,top_1_but_ambiguous|priority_reduced_strong_match_mutual_top1,clear_mutual_top1,"mountain=観音山(#2); candidate=summit-candidate:cb62a56e70cedbce; track=""関ヶ森・観音山・倉谷山・芝ヶ峠""; score=0.69; name_tier=strong; ele_diff=22.36m; loc=strong_overlap; act_conf=high"
2,観音山,summit-candidate:0022a746b396d4c7,yamap_2024-03-10_07_12.gpx,夫婦山・白山・観音山・国見山・城山・御勧請山,264.2867991594412,518,253.71,0.67,2,2,0,false,true,medium,medium,low,low_priority,location_strong_match,松山市,,same_municipality,松山市,multiple_candidates_for_mountain|multiple_mountains_for_candidate|weak_elevation_evidence|missing_csv_coordinate,top_3_with_evidence,low_priority_alternative,"mountain=観音山(#2); candidate=summit-candidate:0022a746b396d4c7; track=""夫婦山・白山・観音山・国見山・城山・御勧請山""; score=0.57; name_tier=strong; ele_diff=253.71m; loc=strong_overlap; act_conf=high"
2,観音山,summit-candidate:13b7a4bb8154974a,yamap_2024-03-10_07_12.gpx,夫婦山・白山・観音山・国見山・城山・御勧請山,336.02549564153543,518,181.97,0.67,3,5,0,false,false,medium,high,high,resolve_conflict,location_strong_match,松山市,,same_municipality,松山市,multiple_candidates_for_mountain|multiple_mountains_for_candidate|weak_elevation_evidence|missing_csv_coordinate,top_candidate_for_multiple_mountains,shared_candidate,"mountain=観音山(#2); candidate=summit-candidate:13b7a4bb8154974a; track=""夫婦山・白山・観音山・国見山・城山・御勧請山""; score=0.57; name_tier=strong; ele_diff=181.97m; loc=strong_overlap; act_conf=high"
3,高森山,summit-candidate:e7ae682a07af2e10,yamap_2022-01-22_09_04.gpx,高森山・岩伽羅山・衣掛山・吉山(吉山城址),719.2533333333334,724,4.75,0.75,1,1,0.08,true,true,medium,high,high,resolve_conflict,location_uncertain_keep,東温市,,candidate_boundary_ambiguous,,multiple_candidates_for_mountain|multiple_mountains_for_candidate|missing_csv_coordinate,top_1_but_ambiguous|top_candidate_for_multiple_mountains,shared_candidate,"mountain=高森山(#3); candidate=summit-candidate:e7ae682a07af2e10; track=""高森山・岩伽羅山・衣掛山・吉山(吉山城址)""; score=0.75; name_tier=strong; ele_diff=4.75m; loc=strong_overlap; act_conf=high"
3,高森山,summit-candidate:d03c84134ca0989d,yamap_2022-01-22_09_04.gpx,高森山・岩伽羅山・衣掛山・吉山(吉山城址),306.31,724,417.69,0.67,2,3,0.05,false,true,medium,high,high,resolve_conflict,location_strong_match,東温市,,same_municipality,東温市,multiple_candidates_for_mountain|multiple_mountains_for_candidate|weak_elevation_evidence|missing_csv_coordinate,top_candidate_for_multiple_mountains,shared_candidate,"mountain=高森山(#3); candidate=summit-candidate:d03c84134ca0989d; track=""高森山・岩伽羅山・衣掛山・吉山(吉山城址)""; score=0.57; name_tier=strong; ele_diff=417.69m; loc=strong_overlap; act_conf=high"
3,高森山,summit-candidate:b3cf76c035511afe,yamap_2026-02-22_06_23.gpx,大森山,737.4383606793477,724,13.44,0.62,3,2,0.12,false,true,medium,medium,low,low_priority,location_uncertain_keep,東温市,,candidate_boundary_ambiguous,,multiple_candidates_for_mountain|multiple_mountains_for_candidate|missing_csv_coordinate|location_mismatch_warning|activity_link_ambiguous,top_3_with_evidence,low_priority_alternative,"mountain=高森山(#3); candidate=summit-candidate:b3cf76c035511afe; track=""大森山""; score=0.62; name_tier=strong; ele_diff=13.44m; loc=mismatch_warning; act_conf=high"
4,岩伽羅山,summit-candidate:e7ae682a07af2e10,yamap_2022-01-22_09_04.gpx,高森山・岩伽羅山・衣掛山・吉山(吉山城址),719.2533333333334,696,23.25,0.69,1,2,0.02,false,true,medium,high,high,resolve_conflict,location_uncertain_keep,東温市,,candidate_boundary_ambiguous,,multiple_candidates_for_mountain|multiple_mountains_for_candidate|missing_csv_coordinate,top_1_but_ambiguous|top_candidate_for_multiple_mountains,shared_candidate|not_mutual_top1,"mountain=岩伽羅山(#4); candidate=summit-candidate:e7ae682a07af2e10; track=""高森山・岩伽羅山・衣掛山・吉山(吉山城址)""; score=0.69; name_tier=strong; ele_diff=23.25m; loc=strong_overlap; act_conf=high"
4,岩伽羅山,summit-candidate:d03c84134ca0989d,yamap_2022-01-22_09_04.gpx,高森山・岩伽羅山・衣掛山・吉山(吉山城址),306.31,696,389.69,0.67,2,4,0.23,false,false,medium,high,high,resolve_conflict,location_strong_match,東温市,,same_municipality,東温市,multiple_candidates_for_mountain|multiple_mountains_for_candidate|weak_elevation_evidence|missing_csv_coordinate,top_candidate_for_multiple_mountains,shared_candidate,"mountain=岩伽羅山(#4); candidate=summit-candidate:d03c84134ca0989d; track=""高森山・岩伽羅山・衣掛山・吉山(吉山城址)""; score=0.57; name_tier=strong; ele_diff=389.69m; loc=strong_overlap; act_conf=high"
4,岩伽羅山,summit-candidate:a94564816fd4afff,yamap_2022-03-25_12_12.gpx,十門山(十門城址)・ヨソ山,676.7066666666667,696,19.29,0.44,3,3,0.17,false,true,low,medium,low,low_priority,location_strong_match,東温市,,same_municipality,東温市,multiple_candidates_for_mountain|multiple_mountains_for_candidate|weak_name_evidence|missing_csv_coordinate,top_3_with_evidence,low_priority_alternative,"mountain=岩伽羅山(#4); candidate=summit-candidate:a94564816fd4afff; track=""十門山(十門城址)・ヨソ山""; score=0.34; name_tier=none; ele_diff=19.29m; loc=strong_overlap; act_conf=high"
5,衣掛山,summit-candidate:d03c84134ca0989d,yamap_2022-01-22_09_04.gpx,高森山・岩伽羅山・衣掛山・吉山(吉山城址),306.31,463,156.69,0.67,1,5,0.1,false,false,medium,high,high,resolve_conflict,location_strong_match,東温市,,same_municipality,東温市,multiple_candidates_for_mountain|multiple_mountains_for_candidate|weak_elevation_evidence|missing_csv_coordinate,top_1_but_ambiguous|top_candidate_for_multiple_mountains,shared_candidate|not_mutual_top1,"mountain=衣掛山(#5); candidate=summit-candidate:d03c84134ca0989d; track=""高森山・岩伽羅山・衣掛山・吉山(吉山城址)""; score=0.57; name_tier=strong; ele_diff=156.69m; loc=strong_overlap; act_conf=high"
5,衣掛山,summit-candidate:e7ae682a07af2e10,yamap_2022-01-22_09_04.gpx,高森山・岩伽羅山・衣掛山・吉山(吉山城址),719.2533333333334,463,256.25,0.57,2,3,0.13,false,true,medium,high,high,resolve_conflict,location_uncertain_keep,東温市,,candidate_boundary_ambiguous,,multiple_candidates_for_mountain|multiple_mountains_for_candidate|weak_elevation_evidence|missing_csv_coordinate,top_candidate_for_multiple_mountains,shared_candidate,"mountain=衣掛山(#5); candidate=summit-candidate:e7ae682a07af2e10; track=""高森山・岩伽羅山・衣掛山・吉山(吉山城址)""; score=0.57; name_tier=strong; ele_diff=256.25m; loc=strong_overlap; act_conf=high"
5,衣掛山,summit-candidate:7880c9d0de83468b,yamap_2023-04-18_06_58.gpx,船野山,452.99666666666667,463,10,0.44,3,4,0.11,false,false,low,medium,low,low_priority,location_strong_match,東温市,,same_municipality,東温市,multiple_candidates_for_mountain|multiple_mountains_for_candidate|weak_name_evidence|missing_csv_coordinate|activity_link_ambiguous,top_3_with_evidence,low_priority_alternative,"mountain=衣掛山(#5); candidate=summit-candidate:7880c9d0de83468b; track=""船野山""; score=0.34; name_tier=none; ele_diff=10m; loc=strong_overlap; act_conf=high"
6,吉山(吉山城址),summit-candidate:d03c84134ca0989d,yamap_2022-01-22_09_04.gpx,高森山・岩伽羅山・衣掛山・吉山(吉山城址),306.31,262,44.31,0.73,1,1,0.16,true,true,medium,medium,high,resolve_conflict,location_strong_match,東温市,,same_municipality,東温市,multiple_candidates_for_mountain|multiple_mountains_for_candidate|missing_csv_coordinate,top_1_but_ambiguous|top_candidate_for_multiple_mountains|priority_reduced_strong_match_mutual_top1,shared_candidate,"mountain=吉山(吉山城址)(#6); candidate=summit-candidate:d03c84134ca0989d; track=""高森山・岩伽羅山・衣掛山・吉山(吉山城址)""; score=0.63; name_tier=strong; ele_diff=44.31m; loc=strong_overlap; act_conf=high"
6,吉山(吉山城址),summit-candidate:e7ae682a07af2e10,yamap_2022-01-22_09_04.gpx,高森山・岩伽羅山・衣掛山・吉山(吉山城址),719.2533333333334,262,457.25,0.57,2,4,0.19,false,false,medium,high,high,resolve_conflict,location_uncertain_keep,東温市,,candidate_boundary_ambiguous,,multiple_candidates_for_mountain|multiple_mountains_for_candidate|weak_elevation_evidence|missing_csv_coordinate,top_candidate_for_multiple_mountains,shared_candidate,"mountain=吉山(吉山城址)(#6); candidate=summit-candidate:e7ae682a07af2e10; track=""高森山・岩伽羅山・衣掛山・吉山(吉山城址)""; score=0.57; name_tier=strong; ele_diff=457.25m; loc=strong_overlap; act_conf=high"
6,吉山(吉山城址),summit-candidate:d456af62868c5044,yamap_2025-03-10_08_18.gpx,姫政山,268.5833333333333,262,6.58,0.38,3,7,0.05,false,false,low,medium,high,check_location_warning,boundary_plausible,東温市,,adjacent_municipality,今治市,multiple_candidates_for_mountain|multiple_mountains_for_candidate|weak_name_evidence|missing_csv_coordinate|location_mismatch_warning|activity_link_ambiguous,top_3_with_evidence,boundary_plausible,"mountain=吉山(吉山城址)(#6); candidate=summit-candidate:d456af62868c5044; track=""姫政山""; score=0.33; name_tier=none; ele_diff=6.58m; loc=mismatch_warning; act_conf=high"
7,尾ノ峰,summit-candidate:36e3ac8003e8b5d0,yamap_2022-01-28_12_28.gpx,尾ノ峰・新城山・腰折山・恵良山,190.94333333333336,193,2.06,0.85,1,1,0.06,true,true,medium,medium,medium,accept_candidate_after_map_check,location_strong_match,松山市,,same_municipality,松山市,multiple_candidates_for_mountain|multiple_mountains_for_candidate|missing_csv_coordinate,top_1_but_ambiguous|priority_reduced_strong_match_mutual_top1,clear_mutual_top1,"mountain=尾ノ峰(#7); candidate=summit-candidate:36e3ac8003e8b5d0; track=""尾ノ峰・新城山・腰折山・恵良山""; score=0.75; name_tier=strong; ele_diff=2.06m; loc=strong_overlap; act_conf=high"
7,尾ノ峰,summit-candidate:d6b806525709cc22,yamap_2022-01-28_12_28.gpx,尾ノ峰・新城山・腰折山・恵良山,206.86333333333332,193,13.86,0.79,2,2,0.06,false,true,medium,medium,low,low_priority,location_strong_match,松山市,,same_municipality,松山市,multiple_candidates_for_mountain|multiple_mountains_for_candidate|missing_csv_coordinate,top_3_with_evidence,low_priority_alternative,"mountain=尾ノ峰(#7); candidate=summit-candidate:d6b806525709cc22; track=""尾ノ峰・新城山・腰折山・恵良山""; score=0.69; name_tier=strong; ele_diff=13.86m; loc=strong_overlap; act_conf=high"
7,尾ノ峰,summit-candidate:ac7a1ebef52ea30c,yamap_2022-01-28_12_28.gpx,尾ノ峰・新城山・腰折山・恵良山,156.4466666666667,193,36.55,0.73,3,2,0.06,false,true,medium,medium,low,low_priority,location_strong_match,松山市,,same_municipality,松山市,multiple_candidates_for_mountain|multiple_mountains_for_candidate|missing_csv_coordinate,top_3_with_evidence,low_priority_alternative,"mountain=尾ノ峰(#7); candidate=summit-candidate:ac7a1ebef52ea30c; track=""尾ノ峰・新城山・腰折山・恵良山""; score=0.63; name_tier=strong; ele_diff=36.55m; loc=strong_overlap; act_conf=high"
8,新城山,summit-candidate:ac7a1ebef52ea30c,yamap_2022-01-28_12_28.gpx,尾ノ峰・新城山・腰折山・恵良山,156.4466666666667,161,4.55,0.85,1,1,0.06,true,true,medium,medium,medium,accept_candidate_after_map_check,location_strong_match,松山市,,same_municipality,松山市,multiple_candidates_for_mountain|multiple_mountains_for_candidate|missing_csv_coordinate,top_1_but_ambiguous|priority_reduced_strong_match_mutual_top1,clear_mutual_top1,"mountain=新城山(#8); candidate=summit-candidate:ac7a1ebef52ea30c; track=""尾ノ峰・新城山・腰折山・恵良山""; score=0.75; name_tier=strong; ele_diff=4.55m; loc=strong_overlap; act_conf=high"
8,新城山,summit-candidate:36e3ac8003e8b5d0,yamap_2022-01-28_12_28.gpx,尾ノ峰・新城山・腰折山・恵良山,190.94333333333336,161,29.94,0.79,2,2,0.06,false,true,medium,medium,low,low_priority,location_strong_match,松山市,,same_municipality,松山市,multiple_candidates_for_mountain|multiple_mountains_for_candidate|missing_csv_coordinate,top_3_with_evidence,low_priority_alternative,"mountain=新城山(#8); candidate=summit-candidate:36e3ac8003e8b5d0; track=""尾ノ峰・新城山・腰折山・恵良山""; score=0.69; name_tier=strong; ele_diff=29.94m; loc=strong_overlap; act_conf=high"
8,新城山,summit-candidate:d6b806525709cc22,yamap_2022-01-28_12_28.gpx,尾ノ峰・新城山・腰折山・恵良山,206.86333333333332,161,45.86,0.73,3,3,0.06,false,true,medium,medium,low,low_priority,location_strong_match,松山市,,same_municipality,松山市,multiple_candidates_for_mountain|multiple_mountains_for_candidate|missing_csv_coordinate,top_3_with_evidence,low_priority_alternative,"mountain=新城山(#8); candidate=summit-candidate:d6b806525709cc22; track=""尾ノ峰・新城山・腰折山・恵良山""; score=0.63; name_tier=strong; ele_diff=45.86m; loc=strong_overlap; act_conf=high"
9,腰折山,summit-candidate:d6b806525709cc22,yamap_2022-01-28_12_28.gpx,尾ノ峰・新城山・腰折山・恵良山,206.86333333333332,213,6.14,0.85,1,1,0.06,true,true,medium,medium,medium,accept_candidate_after_map_check,location_strong_match,松山市,,same_municipality,松山市,multiple_candidates_for_mountain|multiple_mountains_for_candidate|missing_csv_coordinate,top_1_but_ambiguous|priority_reduced_strong_match_mutual_top1,clear_mutual_top1,"mountain=腰折山(#9); candidate=summit-candidate:d6b806525709cc22; track=""尾ノ峰・新城山・腰折山・恵良山""; score=0.75; name_tier=strong; ele_diff=6.14m; loc=strong_overlap; act_conf=high"
9,腰折山,summit-candidate:36e3ac8003e8b5d0,yamap_2022-01-28_12_28.gpx,尾ノ峰・新城山・腰折山・恵良山,190.94333333333336,213,22.06,0.79,2,3,0.12,false,true,medium,medium,low,low_priority,location_strong_match,松山市,,same_municipality,松山市,multiple_candidates_for_mountain|multiple_mountains_for_candidate|missing_csv_coordinate,top_3_with_evidence,low_priority_alternative,"mountain=腰折山(#9); candidate=summit-candidate:36e3ac8003e8b5d0; track=""尾ノ峰・新城山・腰折山・恵良山""; score=0.69; name_tier=strong; ele_diff=22.06m; loc=strong_overlap; act_conf=high"
9,腰折山,summit-candidate:40260be41579ab8f,yamap_2022-01-28_12_28.gpx,尾ノ峰・新城山・腰折山・恵良山,299.12666666666667,213,86.13,0.67,3,4,0,false,false,medium,high,high,resolve_conflict,location_strong_match,松山市,,same_municipality,松山市,multiple_candidates_for_mountain|multiple_mountains_for_candidate|weak_elevation_evidence|missing_csv_coordinate,top_candidate_for_multiple_mountains,shared_candidate,"mountain=腰折山(#9); candidate=summit-candidate:40260be41579ab8f; track=""尾ノ峰・新城山・腰折山・恵良山""; score=0.57; name_tier=strong; ele_diff=86.13m; loc=strong_overlap; act_conf=high"
10,恵良山,summit-candidate:40260be41579ab8f,yamap_2022-01-28_12_28.gpx,尾ノ峰・新城山・腰折山・恵良山,299.12666666666667,302,2.87,0.85,1,1,0.18,true,true,medium,medium,high,resolve_conflict,location_strong_match,松山市,,same_municipality,松山市,multiple_candidates_for_mountain|multiple_mountains_for_candidate|missing_csv_coordinate,top_1_but_ambiguous|top_candidate_for_multiple_mountains|priority_reduced_strong_match_mutual_top1,shared_candidate,"mountain=恵良山(#10); candidate=summit-candidate:40260be41579ab8f; track=""尾ノ峰・新城山・腰折山・恵良山""; score=0.75; name_tier=strong; ele_diff=2.87m; loc=strong_overlap; act_conf=high"
10,恵良山,summit-candidate:36e3ac8003e8b5d0,yamap_2022-01-28_12_28.gpx,尾ノ峰・新城山・腰折山・恵良山,190.94333333333336,302,111.06,0.67,2,4,0,false,false,medium,medium,low,low_priority,location_strong_match,松山市,,same_municipality,松山市,multiple_candidates_for_mountain|multiple_mountains_for_candidate|weak_elevation_evidence|missing_csv_coordinate,top_3_with_evidence,low_priority_alternative,"mountain=恵良山(#10); candidate=summit-candidate:36e3ac8003e8b5d0; track=""尾ノ峰・新城山・腰折山・恵良山""; score=0.57; name_tier=strong; ele_diff=111.06m; loc=strong_overlap; act_conf=high"
10,恵良山,summit-candidate:ac7a1ebef52ea30c,yamap_2022-01-28_12_28.gpx,尾ノ峰・新城山・腰折山・恵良山,156.4466666666667,302,145.55,0.67,3,4,0,false,false,medium,medium,low,low_priority,location_strong_match,松山市,,same_municipality,松山市,multiple_candidates_for_mountain|multiple_mountains_for_candidate|weak_elevation_evidence|missing_csv_coordinate,top_3_with_evidence,low_priority_alternative,"mountain=恵良山(#10); candidate=summit-candidate:ac7a1ebef52ea30c; track=""尾ノ峰・新城山・腰折山・恵良山""; score=0.57; name_tier=strong; ele_diff=145.55m; loc=strong_overlap; act_conf=high"
11,皿ヶ森,summit-candidate:59c561a08189d6b9,yamap_2022-01-29_08_35.gpx,皿ヶ森・経座ヶ森・ヨソ山,630.2399999999999,633,2.76,0.85,1,1,0.18,true,true,medium,medium,high,resolve_conflict,location_strong_match,東温市,,same_municipality,東温市,multiple_candidates_for_mountain|multiple_mountains_for_candidate|missing_csv_coordinate,top_1_but_ambiguous|top_candidate_for_multiple_mountains|priority_reduced_strong_match_mutual_top1,shared_candidate,"mountain=皿ヶ森(#11); candidate=summit-candidate:59c561a08189d6b9; track=""皿ヶ森・経座ヶ森・ヨソ山""; score=0.75; name_tier=strong; ele_diff=2.76m; loc=strong_overlap; act_conf=high"
11,皿ヶ森,summit-candidate:7c532ef1be71a4d1,yamap_2022-01-29_08_35.gpx,皿ヶ森・経座ヶ森・ヨソ山,924.7866666666665,633,291.79,0.67,2,1,0.17,false,true,medium,medium,low,low_priority,location_strong_match,東温市,,same_municipality,東温市,multiple_candidates_for_mountain|multiple_mountains_for_candidate|weak_elevation_evidence|missing_csv_coordinate,top_3_with_evidence,low_priority_alternative,"mountain=皿ヶ森(#11); candidate=summit-candidate:7c532ef1be71a4d1; track=""皿ヶ森・経座ヶ森・ヨソ山""; score=0.57; name_tier=strong; ele_diff=291.79m; loc=strong_overlap; act_conf=high"
11,皿ヶ森,summit-candidate:8e8035372e25eb9d,yamap_2022-04-16_07_39.gpx,東三方ヶ森,628.7666666666668,633,4.23,0.5,3,2,0.06,false,true,low,medium,low,low_priority,location_strong_match,東温市,,same_municipality,東温市,multiple_candidates_for_mountain|multiple_mountains_for_candidate|weak_name_evidence|missing_csv_coordinate,top_3_with_evidence,low_priority_alternative,"mountain=皿ヶ森(#11); candidate=summit-candidate:8e8035372e25eb9d; track=""東三方ヶ森""; score=0.4; name_tier=none; ele_diff=4.23m; loc=strong_overlap; act_conf=high"
12,経座ヶ森,summit-candidate:59c561a08189d6b9,yamap_2022-01-29_08_35.gpx,皿ヶ森・経座ヶ森・ヨソ山,630.2399999999999,735,104.76,0.67,1,2,0,false,true,medium,high,high,resolve_conflict,location_strong_match,東温市,,same_municipality,東温市,multiple_candidates_for_mountain|multiple_mountains_for_candidate|weak_elevation_evidence|missing_csv_coordinate,top_1_but_ambiguous|top_candidate_for_multiple_mountains,shared_candidate|not_mutual_top1,"mountain=経座ヶ森(#12); candidate=summit-candidate:59c561a08189d6b9; track=""皿ヶ森・経座ヶ森・ヨソ山""; score=0.57; name_tier=strong; ele_diff=104.76m; loc=strong_overlap; act_conf=high"
12,経座ヶ森,summit-candidate:7c532ef1be71a4d1,yamap_2022-01-29_08_35.gpx,皿ヶ森・経座ヶ森・ヨソ山,924.7866666666665,735,189.79,0.67,2,2,0.33,false,true,medium,medium,high,check_close_alternatives,location_strong_match,東温市,,same_municipality,東温市,multiple_candidates_for_mountain|multiple_mountains_for_candidate|weak_elevation_evidence|missing_csv_coordinate,top_3_with_evidence,small_score_gap,"mountain=経座ヶ森(#12); candidate=summit-candidate:7c532ef1be71a4d1; track=""皿ヶ森・経座ヶ森・ヨソ山""; score=0.57; name_tier=strong; ele_diff=189.79m; loc=strong_overlap; act_conf=high"
12,経座ヶ森,summit-candidate:e7ae682a07af2e10,yamap_2022-01-22_09_04.gpx,高森山・岩伽羅山・衣掛山・吉山(吉山城址),719.2533333333334,735,15.75,0.34,3,11,0.01,false,false,low,high,high,resolve_conflict,location_uncertain_keep,東温市,,candidate_boundary_ambiguous,,multiple_candidates_for_mountain|multiple_mountains_for_candidate|weak_name_evidence|missing_csv_coordinate,top_candidate_for_multiple_mountains,shared_candidate,"mountain=経座ヶ森(#12); candidate=summit-candidate:e7ae682a07af2e10; track=""高森山・岩伽羅山・衣掛山・吉山(吉山城址)""; score=0.34; name_tier=none; ele_diff=15.75m; loc=strong_overlap; act_conf=high"
13,谷上山,summit-candidate:0eff3d1ea2b48d73,yamap_2022-02-06_08_26.gpx,谷上山・権現山・白滝山・障子山,456.90483803547824,455,1.9,0.85,1,1,0.22,true,true,medium,medium,high,resolve_conflict,location_strong_match,伊予市,,same_municipality,伊予市,multiple_candidates_for_mountain|multiple_mountains_for_candidate|missing_csv_coordinate,top_1_but_ambiguous|top_candidate_for_multiple_mountains|priority_reduced_strong_match_mutual_top1,shared_candidate,"mountain=谷上山(#13); candidate=summit-candidate:0eff3d1ea2b48d73; track=""谷上山・権現山・白滝山・障子山""; score=0.75; name_tier=strong; ele_diff=1.9m; loc=strong_overlap; act_conf=high"
13,谷上山,summit-candidate:2c817617699a0a45,yamap_2022-02-06_08_26.gpx,谷上山・権現山・白滝山・障子山,485.20803085647475,455,30.21,0.63,2,5,0.06,false,false,medium,medium,low,low_priority,location_uncertain_keep,伊予市,,candidate_boundary_ambiguous,,multiple_candidates_for_mountain|multiple_mountains_for_candidate|missing_csv_coordinate,top_3_with_evidence,low_priority_alternative,"mountain=谷上山(#13); candidate=summit-candidate:2c817617699a0a45; track=""谷上山・権現山・白滝山・障子山""; score=0.63; name_tier=strong; ele_diff=30.21m; loc=strong_overlap; act_conf=high"
13,谷上山,summit-candidate:c94d8d76133fda1a,yamap_2022-02-06_08_26.gpx,谷上山・権現山・白滝山・障子山,383.6048516063258,455,71.4,0.57,3,3,0,false,true,medium,medium,low,low_priority,location_uncertain_keep,伊予市,,candidate_boundary_ambiguous,,multiple_candidates_for_mountain|multiple_mountains_for_candidate|weak_elevation_evidence|missing_csv_coordinate,top_3_with_evidence,low_priority_alternative,"mountain=谷上山(#13); candidate=summit-candidate:c94d8d76133fda1a; track=""谷上山・権現山・白滝山・障子山""; score=0.57; name_tier=strong; ele_diff=71.4m; loc=strong_overlap; act_conf=high"
14,権現山,summit-candidate:0eff3d1ea2b48d73,yamap_2022-02-06_08_26.gpx,谷上山・権現山・白滝山・障子山,456.90483803547824,479,22.1,0.79,1,2,0.04,false,true,medium,high,high,resolve_conflict,location_strong_match,伊予市,,same_municipality,伊予市,multiple_candidates_for_mountain|multiple_mountains_for_candidate|missing_csv_coordinate,top_1_but_ambiguous|top_candidate_for_multiple_mountains,shared_candidate|not_mutual_top1,"mountain=権現山(#14); candidate=summit-candidate:0eff3d1ea2b48d73; track=""谷上山・権現山・白滝山・障子山""; score=0.69; name_tier=strong; ele_diff=22.1m; loc=strong_overlap; act_conf=high"
14,権現山,summit-candidate:2c817617699a0a45,yamap_2022-02-06_08_26.gpx,谷上山・権現山・白滝山・障子山,485.20803085647475,479,6.21,0.75,2,1,0.12,false,true,medium,medium,low,low_priority,location_uncertain_keep,伊予市,,candidate_boundary_ambiguous,,multiple_candidates_for_mountain|multiple_mountains_for_candidate|missing_csv_coordinate,top_3_with_evidence,low_priority_alternative,"mountain=権現山(#14); candidate=summit-candidate:2c817617699a0a45; track=""谷上山・権現山・白滝山・障子山""; score=0.75; name_tier=strong; ele_diff=6.21m; loc=strong_overlap; act_conf=high"
14,権現山,summit-candidate:ea5f711625df386b,yamap_2022-02-06_08_26.gpx,谷上山・権現山・白滝山・障子山,510.2597700981308,479,31.26,0.63,3,2,0.06,false,true,medium,medium,low,low_priority,location_uncertain_keep,伊予市,,candidate_boundary_ambiguous,,multiple_candidates_for_mountain|multiple_mountains_for_candidate|missing_csv_coordinate,top_3_with_evidence,low_priority_alternative,"mountain=権現山(#14); candidate=summit-candidate:ea5f711625df386b; track=""谷上山・権現山・白滝山・障子山""; score=0.63; name_tier=strong; ele_diff=31.26m; loc=strong_overlap; act_conf=high"
15,白滝山,summit-candidate:ea5f711625df386b,yamap_2022-02-06_08_26.gpx,谷上山・権現山・白滝山・障子山,510.2597700981308,504,6.26,0.75,1,1,0.02,true,true,medium,high,medium,accept_candidate_after_map_check,location_uncertain_keep,伊予市,,candidate_boundary_ambiguous,,multiple_candidates_for_mountain|multiple_mountains_for_candidate|missing_csv_coordinate,top_1_but_ambiguous,clear_mutual_top1,"mountain=白滝山(#15); candidate=summit-candidate:ea5f711625df386b; track=""谷上山・権現山・白滝山・障子山""; score=0.75; name_tier=strong; ele_diff=6.26m; loc=strong_overlap; act_conf=high"
15,白滝山,summit-candidate:0eff3d1ea2b48d73,yamap_2022-02-06_08_26.gpx,谷上山・権現山・白滝山・障子山,456.90483803547824,504,47.1,0.73,2,3,0.04,false,true,medium,high,high,resolve_conflict,location_strong_match,伊予市,,same_municipality,伊予市,multiple_candidates_for_mountain|multiple_mountains_for_candidate|missing_csv_coordinate,top_candidate_for_multiple_mountains,shared_candidate,"mountain=白滝山(#15); candidate=summit-candidate:0eff3d1ea2b48d73; track=""谷上山・権現山・白滝山・障子山""; score=0.63; name_tier=strong; ele_diff=47.1m; loc=strong_overlap; act_conf=high"
15,白滝山,summit-candidate:2c817617699a0a45,yamap_2022-02-06_08_26.gpx,谷上山・権現山・白滝山・障子山,485.20803085647475,504,18.79,0.69,3,2,0.12,false,true,medium,medium,low,low_priority,location_uncertain_keep,伊予市,,candidate_boundary_ambiguous,,multiple_candidates_for_mountain|multiple_mountains_for_candidate|missing_csv_coordinate,top_3_with_evidence,low_priority_alternative,"mountain=白滝山(#15); candidate=summit-candidate:2c817617699a0a45; track=""谷上山・権現山・白滝山・障子山""; score=0.69; name_tier=strong; ele_diff=18.79m; loc=strong_overlap; act_conf=high"
16,障子山,summit-candidate:a0ef25e9a532b62e,yamap_2022-02-06_08_26.gpx,谷上山・権現山・白滝山・障子山,888.5027304594954,885,3.5,0.68,1,1,0.01,true,true,medium,high,high,resolve_conflict,location_uncertain_keep,伊予市,,candidate_boundary_ambiguous,,multiple_candidates_for_mountain|multiple_mountains_for_candidate|missing_csv_coordinate|location_mismatch_warning,top_1_but_ambiguous|top_candidate_for_multiple_mountains,shared_candidate,"mountain=障子山(#16); candidate=summit-candidate:a0ef25e9a532b62e; track=""谷上山・権現山・白滝山・障子山""; score=0.68; name_tier=strong; ele_diff=3.5m; loc=mismatch_warning; act_conf=high"
16,障子山,summit-candidate:0eff3d1ea2b48d73,yamap_2022-02-06_08_26.gpx,谷上山・権現山・白滝山・障子山,456.90483803547824,885,428.1,0.67,2,4,0.1,false,false,medium,high,high,resolve_conflict,location_strong_match,伊予市,,same_municipality,伊予市,multiple_candidates_for_mountain|multiple_mountains_for_candidate|weak_elevation_evidence|missing_csv_coordinate,top_candidate_for_multiple_mountains,shared_candidate,"mountain=障子山(#16); candidate=summit-candidate:0eff3d1ea2b48d73; track=""谷上山・権現山・白滝山・障子山""; score=0.57; name_tier=strong; ele_diff=428.1m; loc=strong_overlap; act_conf=high"
16,障子山,summit-candidate:2c817617699a0a45,yamap_2022-02-06_08_26.gpx,谷上山・権現山・白滝山・障子山,485.20803085647475,885,399.79,0.57,3,6,0,false,false,medium,medium,low,low_priority,location_uncertain_keep,伊予市,,candidate_boundary_ambiguous,,multiple_candidates_for_mountain|multiple_mountains_for_candidate|weak_elevation_evidence|missing_csv_coordinate,top_3_with_evidence,low_priority_alternative,"mountain=障子山(#16); candidate=summit-candidate:2c817617699a0a45; track=""谷上山・権現山・白滝山・障子山""; score=0.57; name_tier=strong; ele_diff=399.79m; loc=strong_overlap; act_conf=high"
17,伽藍山,summit-candidate:da46e12c02d47edf,yamap_2022-02-09_10_01.gpx,佐田岬と伽藍山,413.7400702411658,414,0.26,0.85,1,1,0.18,true,true,medium,medium,medium,accept_candidate_after_map_check,location_strong_match,伊方町,,same_municipality,伊方町,multiple_candidates_for_mountain|multiple_mountains_for_candidate|missing_csv_coordinate,top_1_but_ambiguous|priority_reduced_strong_match_mutual_top1,clear_mutual_top1,"mountain=伽藍山(#17); candidate=summit-candidate:da46e12c02d47edf; track=""佐田岬と伽藍山""; score=0.75; name_tier=strong; ele_diff=0.26m; loc=strong_overlap; act_conf=high"
17,伽藍山,summit-candidate:40d5b4863907057a,yamap_2022-02-09_10_01.gpx,佐田岬と伽藍山,50.463046185756546,414,363.54,0.67,2,1,0.17,false,true,medium,medium,low,low_priority,location_strong_match,伊方町,,same_municipality,伊方町,multiple_candidates_for_mountain|multiple_mountains_for_candidate|weak_elevation_evidence|missing_csv_coordinate,top_3_with_evidence,low_priority_alternative,"mountain=伽藍山(#17); candidate=summit-candidate:40d5b4863907057a; track=""佐田岬と伽藍山""; score=0.57; name_tier=strong; ele_diff=363.54m; loc=strong_overlap; act_conf=high"
17,伽藍山,summit-candidate:f3bf8b21a01f29ef,yamap_2025-10-23_16_38.gpx,堂堂山,408.84971455495605,414,5.15,0.5,3,3,0.17,false,true,low,medium,low,low_priority,location_strong_match,伊方町,,same_municipality,伊方町,multiple_candidates_for_mountain|multiple_mountains_for_candidate|weak_name_evidence|missing_csv_coordinate|activity_link_ambiguous|timezone_sensitive_activity_link,top_3_with_evidence,low_priority_alternative,"mountain=伽藍山(#17); candidate=summit-candidate:f3bf8b21a01f29ef; track=""堂堂山""; score=0.4; name_tier=none; ele_diff=5.15m; loc=strong_overlap; act_conf=high"
18,塩ヶ森,summit-candidate:0c210f0edfbda06f,yamap_2022-02-11_08_26.gpx,塩ヶ森・番駄ヶ森・ケタ山・大磨山・鍵山（象ヶ森）,522.6766666666666,526,3.32,0.85,1,1,0.18,true,true,medium,medium,medium,accept_candidate_after_map_check,location_strong_match,東温市,,same_municipality,東温市,multiple_candidates_for_mountain|multiple_mountains_for_candidate|missing_csv_coordinate,top_1_but_ambiguous|priority_reduced_strong_match_mutual_top1,clear_mutual_top1,"mountain=塩ヶ森(#18); candidate=summit-candidate:0c210f0edfbda06f; track=""塩ヶ森・番駄ヶ森・ケタ山・大磨山・鍵山（象ヶ森）""; score=0.75; name_tier=strong; ele_diff=3.32m; loc=strong_overlap; act_conf=high"
18,塩ヶ森,summit-candidate:24dc6cf37ce4e715,yamap_2022-02-11_08_26.gpx,塩ヶ森・番駄ヶ森・ケタ山・大磨山・鍵山（象ヶ森）,646.4833333333332,526,120.48,0.67,2,4,0,false,false,medium,high,high,resolve_conflict,location_strong_match,東温市,,same_municipality,東温市,multiple_candidates_for_mountain|multiple_mountains_for_candidate|weak_elevation_evidence|missing_csv_coordinate,top_candidate_for_multiple_mountains,shared_candidate,"mountain=塩ヶ森(#18); candidate=summit-candidate:24dc6cf37ce4e715; track=""塩ヶ森・番駄ヶ森・ケタ山・大磨山・鍵山（象ヶ森）""; score=0.57; name_tier=strong; ele_diff=120.48m; loc=strong_overlap; act_conf=high"
18,塩ヶ森,summit-candidate:a637fbc518f58ac5,yamap_2022-02-11_08_26.gpx,塩ヶ森・番駄ヶ森・ケタ山・大磨山・鍵山（象ヶ森）,600.8033333333334,526,74.8,0.67,3,3,0,false,true,medium,medium,low,low_priority,location_strong_match,東温市,,same_municipality,東温市,multiple_candidates_for_mountain|multiple_mountains_for_candidate|weak_elevation_evidence|missing_csv_coordinate,top_3_with_evidence,low_priority_alternative,"mountain=塩ヶ森(#18); candidate=summit-candidate:a637fbc518f58ac5; track=""塩ヶ森・番駄ヶ森・ケタ山・大磨山・鍵山（象ヶ森）""; score=0.57; name_tier=strong; ele_diff=74.8m; loc=strong_overlap; act_conf=high"
19,番駄ヶ森,summit-candidate:a637fbc518f58ac5,yamap_2022-02-11_08_26.gpx,塩ヶ森・番駄ヶ森・ケタ山・大磨山・鍵山（象ヶ森）,600.8033333333334,605,4.2,0.85,1,1,0.12,true,true,medium,medium,medium,accept_candidate_after_map_check,location_strong_match,東温市,,same_municipality,東温市,multiple_candidates_for_mountain|multiple_mountains_for_candidate|missing_csv_coordinate,top_1_but_ambiguous|priority_reduced_strong_match_mutual_top1,clear_mutual_top1,"mountain=番駄ヶ森(#19); candidate=summit-candidate:a637fbc518f58ac5; track=""塩ヶ森・番駄ヶ森・ケタ山・大磨山・鍵山（象ヶ森）""; score=0.75; name_tier=strong; ele_diff=4.2m; loc=strong_overlap; act_conf=high"
19,番駄ヶ森,summit-candidate:24dc6cf37ce4e715,yamap_2022-02-11_08_26.gpx,塩ヶ森・番駄ヶ森・ケタ山・大磨山・鍵山（象ヶ森）,646.4833333333332,605,41.48,0.73,2,3,0,false,true,medium,high,high,resolve_conflict,location_strong_match,東温市,,same_municipality,東温市,multiple_candidates_for_mountain|multiple_mountains_for_candidate|missing_csv_coordinate,top_candidate_for_multiple_mountains,shared_candidate,"mountain=番駄ヶ森(#19); candidate=summit-candidate:24dc6cf37ce4e715; track=""塩ヶ森・番駄ヶ森・ケタ山・大磨山・鍵山（象ヶ森）""; score=0.63; name_tier=strong; ele_diff=41.48m; loc=strong_overlap; act_conf=high"
19,番駄ヶ森,summit-candidate:d4dc6f2bbe1f994f,yamap_2022-02-11_08_26.gpx,塩ヶ森・番駄ヶ森・ケタ山・大磨山・鍵山（象ヶ森）,643.7166666666667,605,38.72,0.73,3,3,0.06,false,true,medium,medium,low,low_priority,location_strong_match,東温市,,same_municipality,東温市,multiple_candidates_for_mountain|multiple_mountains_for_candidate|missing_csv_coordinate,top_3_with_evidence,low_priority_alternative,"mountain=番駄ヶ森(#19); candidate=summit-candidate:d4dc6f2bbe1f994f; track=""塩ヶ森・番駄ヶ森・ケタ山・大磨山・鍵山（象ヶ森）""; score=0.63; name_tier=strong; ele_diff=38.72m; loc=strong_overlap; act_conf=high"
20,ケタ山,summit-candidate:24dc6cf37ce4e715,yamap_2022-02-11_08_26.gpx,塩ヶ森・番駄ヶ森・ケタ山・大磨山・鍵山（象ヶ森）,646.4833333333332,659,12.52,0.79,1,2,0,false,true,medium,high,high,resolve_conflict,location_strong_match,東温市,,same_municipality,東温市,multiple_candidates_for_mountain|multiple_mountains_for_candidate|missing_csv_coordinate,top_1_but_ambiguous|top_candidate_for_multiple_mountains,shared_candidate|not_mutual_top1,"mountain=ケタ山(#20); candidate=summit-candidate:24dc6cf37ce4e715; track=""塩ヶ森・番駄ヶ森・ケタ山・大磨山・鍵山（象ヶ森）""; score=0.69; name_tier=strong; ele_diff=12.52m; loc=strong_overlap; act_conf=high"
20,ケタ山,summit-candidate:d4dc6f2bbe1f994f,yamap_2022-02-11_08_26.gpx,塩ヶ森・番駄ヶ森・ケタ山・大磨山・鍵山（象ヶ森）,643.7166666666667,659,15.28,0.79,2,2,0.12,false,true,medium,medium,high,check_close_alternatives,location_strong_match,東温市,,same_municipality,東温市,multiple_candidates_for_mountain|multiple_mountains_for_candidate|missing_csv_coordinate,top_3_with_evidence,small_score_gap,"mountain=ケタ山(#20); candidate=summit-candidate:d4dc6f2bbe1f994f; track=""塩ヶ森・番駄ヶ森・ケタ山・大磨山・鍵山（象ヶ森）""; score=0.69; name_tier=strong; ele_diff=15.28m; loc=strong_overlap; act_conf=high"
20,ケタ山,summit-candidate:0c210f0edfbda06f,yamap_2022-02-11_08_26.gpx,塩ヶ森・番駄ヶ森・ケタ山・大磨山・鍵山（象ヶ森）,522.6766666666666,659,136.32,0.67,3,3,0,false,true,medium,medium,low,low_priority,location_strong_match,東温市,,same_municipality,東温市,multiple_candidates_for_mountain|multiple_mountains_for_candidate|weak_elevation_evidence|missing_csv_coordinate,top_3_with_evidence,low_priority_alternative,"mountain=ケタ山(#20); candidate=summit-candidate:0c210f0edfbda06f; track=""塩ヶ森・番駄ヶ森・ケタ山・大磨山・鍵山（象ヶ森）""; score=0.57; name_tier=strong; ele_diff=136.32m; loc=strong_overlap; act_conf=high"
21,大磨山,summit-candidate:24dc6cf37ce4e715,yamap_2022-02-11_08_26.gpx,塩ヶ森・番駄ヶ森・ケタ山・大磨山・鍵山（象ヶ森）,646.4833333333332,648,1.52,0.85,1,1,0,true,true,medium,medium,high,resolve_conflict,location_strong_match,東温市,,same_municipality,東温市,multiple_candidates_for_mountain|multiple_mountains_for_candidate|missing_csv_coordinate,top_1_but_ambiguous|top_candidate_for_multiple_mountains|priority_reduced_strong_match_mutual_top1,shared_candidate,"mountain=大磨山(#21); candidate=summit-candidate:24dc6cf37ce4e715; track=""塩ヶ森・番駄ヶ森・ケタ山・大磨山・鍵山（象ヶ森）""; score=0.75; name_tier=strong; ele_diff=1.52m; loc=strong_overlap; act_conf=high"
21,大磨山,summit-candidate:d4dc6f2bbe1f994f,yamap_2022-02-11_08_26.gpx,塩ヶ森・番駄ヶ森・ケタ山・大磨山・鍵山（象ヶ森）,643.7166666666667,648,4.28,0.85,2,1,0.12,false,true,medium,medium,high,check_close_alternatives,location_strong_match,東温市,,same_municipality,東温市,multiple_candidates_for_mountain|multiple_mountains_for_candidate|missing_csv_coordinate,top_3_with_evidence,small_score_gap,"mountain=大磨山(#21); candidate=summit-candidate:d4dc6f2bbe1f994f; track=""塩ヶ森・番駄ヶ森・ケタ山・大磨山・鍵山（象ヶ森）""; score=0.75; name_tier=strong; ele_diff=4.28m; loc=strong_overlap; act_conf=high"
21,大磨山,summit-candidate:a637fbc518f58ac5,yamap_2022-02-11_08_26.gpx,塩ヶ森・番駄ヶ森・ケタ山・大磨山・鍵山（象ヶ森）,600.8033333333334,648,47.2,0.73,3,2,0.06,false,true,medium,medium,low,low_priority,location_strong_match,東温市,,same_municipality,東温市,multiple_candidates_for_mountain|multiple_mountains_for_candidate|missing_csv_coordinate,top_3_with_evidence,low_priority_alternative,"mountain=大磨山(#21); candidate=summit-candidate:a637fbc518f58ac5; track=""塩ヶ森・番駄ヶ森・ケタ山・大磨山・鍵山（象ヶ森）""; score=0.63; name_tier=strong; ele_diff=47.2m; loc=strong_overlap; act_conf=high"
22,鍵山（象ヶ森）,summit-candidate:c2491268ea5645b7,yamap_2022-02-11_08_26.gpx,塩ヶ森・番駄ヶ森・ケタ山・大磨山・鍵山（象ヶ森）,801.5633333333334,804,2.44,0.85,1,1,0.18,true,true,medium,medium,medium,accept_candidate_after_map_check,location_strong_match,東温市,,same_municipality,東温市,multiple_candidates_for_mountain|multiple_mountains_for_candidate|missing_csv_coordinate,top_1_but_ambiguous|priority_reduced_strong_match_mutual_top1,clear_mutual_top1,"mountain=鍵山（象ヶ森）(#22); candidate=summit-candidate:c2491268ea5645b7; track=""塩ヶ森・番駄ヶ森・ケタ山・大磨山・鍵山（象ヶ森）""; score=0.75; name_tier=strong; ele_diff=2.44m; loc=strong_overlap; act_conf=high"
22,鍵山（象ヶ森）,summit-candidate:0c210f0edfbda06f,yamap_2022-02-11_08_26.gpx,塩ヶ森・番駄ヶ森・ケタ山・大磨山・鍵山（象ヶ森）,522.6766666666666,804,281.32,0.67,2,5,0,false,false,medium,medium,low,low_priority,location_strong_match,東温市,,same_municipality,東温市,multiple_candidates_for_mountain|multiple_mountains_for_candidate|weak_elevation_evidence|missing_csv_coordinate,top_3_with_evidence,low_priority_alternative,"mountain=鍵山（象ヶ森）(#22); candidate=summit-candidate:0c210f0edfbda06f; track=""塩ヶ森・番駄ヶ森・ケタ山・大磨山・鍵山（象ヶ森）""; score=0.57; name_tier=strong; ele_diff=281.32m; loc=strong_overlap; act_conf=high"
22,鍵山（象ヶ森）,summit-candidate:24dc6cf37ce4e715,yamap_2022-02-11_08_26.gpx,塩ヶ森・番駄ヶ森・ケタ山・大磨山・鍵山（象ヶ森）,646.4833333333332,804,157.52,0.67,3,5,0,false,false,medium,high,high,resolve_conflict,location_strong_match,東温市,,same_municipality,東温市,multiple_candidates_for_mountain|multiple_mountains_for_candidate|weak_elevation_evidence|missing_csv_coordinate,top_candidate_for_multiple_mountains,shared_candidate,"mountain=鍵山（象ヶ森）(#22); candidate=summit-candidate:24dc6cf37ce4e715; track=""塩ヶ森・番駄ヶ森・ケタ山・大磨山・鍵山（象ヶ森）""; score=0.57; name_tier=strong; ele_diff=157.52m; loc=strong_overlap; act_conf=high"
23,天神山,summit-candidate:543b4550a3ef3e87,yamap_2022-02-15_10_36.gpx,天神山・御幸寺山,195.11333333333334,200,4.89,0.85,1,1,0.06,true,true,medium,medium,medium,accept_candidate_after_map_check,location_strong_match,松山市,,same_municipality,松山市,multiple_candidates_for_mountain|multiple_mountains_for_candidate|missing_csv_coordinate,top_1_but_ambiguous|priority_reduced_strong_match_mutual_top1,clear_mutual_top1,"mountain=天神山(#23); candidate=summit-candidate:543b4550a3ef3e87; track=""天神山・御幸寺山""; score=0.75; name_tier=strong; ele_diff=4.89m; loc=strong_overlap; act_conf=high"
23,天神山,summit-candidate:5aff666aa93b3a17,yamap_2022-03-20_07_06.gpx,大久保山・八里ヶ峠・中坂山・天神山・室岡山・潮見山,181.12,200,18.88,0.79,2,3,0,false,true,medium,high,high,resolve_conflict,location_strong_match,松山市,,same_municipality,松山市,multiple_candidates_for_mountain|multiple_mountains_for_candidate|missing_csv_coordinate,top_candidate_for_multiple_mountains,shared_candidate,"mountain=天神山(#23); candidate=summit-candidate:5aff666aa93b3a17; track=""大久保山・八里ヶ峠・中坂山・天神山・室岡山・潮見山""; score=0.69; name_tier=strong; ele_diff=18.88m; loc=strong_overlap; act_conf=high"
23,天神山,summit-candidate:5e94c87cc5fcc87b,yamap_2022-03-20_07_06.gpx,大久保山・八里ヶ峠・中坂山・天神山・室岡山・潮見山,173.09,200,26.91,0.79,3,3,0.06,false,true,medium,medium,low,low_priority,location_strong_match,松山市,,same_municipality,松山市,multiple_candidates_for_mountain|multiple_mountains_for_candidate|missing_csv_coordinate,top_3_with_evidence,low_priority_alternative,"mountain=天神山(#23); candidate=summit-candidate:5e94c87cc5fcc87b; track=""大久保山・八里ヶ峠・中坂山・天神山・室岡山・潮見山""; score=0.69; name_tier=strong; ele_diff=26.91m; loc=strong_overlap; act_conf=high"
24,御幸寺山,summit-candidate:e4808690532bb46c,yamap_2022-02-15_10_36.gpx,天神山・御幸寺山,158.70333333333335,165,6.3,0.85,1,1,0.12,true,true,medium,medium,medium,accept_candidate_after_map_check,location_strong_match,松山市,,same_municipality,松山市,multiple_candidates_for_mountain|multiple_mountains_for_candidate|missing_csv_coordinate,top_1_but_ambiguous|priority_reduced_strong_match_mutual_top1,clear_mutual_top1,"mountain=御幸寺山(#24); candidate=summit-candidate:e4808690532bb46c; track=""天神山・御幸寺山""; score=0.75; name_tier=strong; ele_diff=6.3m; loc=strong_overlap; act_conf=high"
24,御幸寺山,summit-candidate:543b4550a3ef3e87,yamap_2022-02-15_10_36.gpx,天神山・御幸寺山,195.11333333333334,165,30.11,0.73,2,2,0.23,false,true,medium,medium,low,low_priority,location_strong_match,松山市,,same_municipality,松山市,multiple_candidates_for_mountain|multiple_mountains_for_candidate|missing_csv_coordinate,top_3_with_evidence,low_priority_alternative,"mountain=御幸寺山(#24); candidate=summit-candidate:543b4550a3ef3e87; track=""天神山・御幸寺山""; score=0.63; name_tier=strong; ele_diff=30.11m; loc=strong_overlap; act_conf=high"
24,御幸寺山,summit-candidate:084fa7c9e55252dc,yamap_2026-03-11_10_35.gpx,野津子山・軽ノ山,165.84333333333333,165,0.84,0.5,3,4,0,false,false,low,high,high,resolve_conflict,location_strong_match,松山市,,same_municipality,松山市,multiple_candidates_for_mountain|multiple_mountains_for_candidate|weak_name_evidence|missing_csv_coordinate,top_candidate_for_multiple_mountains,shared_candidate,"mountain=御幸寺山(#24); candidate=summit-candidate:084fa7c9e55252dc; track=""野津子山・軽ノ山""; score=0.4; name_tier=none; ele_diff=0.84m; loc=strong_overlap; act_conf=high"
25,愛宕山,summit-candidate:d9391b001d4bc442,yamap_2022-02-16_11_57.gpx,愛宕山・常光寺山,120.82333333333334,115,5.82,0.85,1,1,0.06,true,true,medium,medium,high,resolve_conflict,location_strong_match,松山市,,same_municipality,松山市,multiple_candidates_for_mountain|multiple_mountains_for_candidate|missing_csv_coordinate,top_1_but_ambiguous|top_candidate_for_multiple_mountains|priority_reduced_strong_match_mutual_top1,shared_candidate,"mountain=愛宕山(#25); candidate=summit-candidate:d9391b001d4bc442; track=""愛宕山・常光寺山""; score=0.75; name_tier=strong; ele_diff=5.82m; loc=strong_overlap; act_conf=high"
25,愛宕山,summit-candidate:22b4a5a5c856bf4d,yamap_2022-02-16_11_57.gpx,愛宕山・常光寺山,104.27999999999999,115,10.72,0.79,2,1,0.29,false,true,medium,medium,low,low_priority,location_strong_match,松山市,,same_municipality,松山市,multiple_candidates_for_mountain|multiple_mountains_for_candidate|missing_csv_coordinate,top_3_with_evidence,low_priority_alternative,"mountain=愛宕山(#25); candidate=summit-candidate:22b4a5a5c856bf4d; track=""愛宕山・常光寺山""; score=0.69; name_tier=strong; ele_diff=10.72m; loc=strong_overlap; act_conf=high"
25,愛宕山,summit-candidate:45f49d8fd831427c,yamap_2023-01-06_11_33.gpx,岩子山・垣生山・津田山・弁天山,110.77666666666669,115,4.22,0.5,3,7,0,false,false,low,high,high,resolve_conflict,location_strong_match,松山市,,same_municipality,松山市,multiple_candidates_for_mountain|multiple_mountains_for_candidate|weak_name_evidence|missing_csv_coordinate,top_candidate_for_multiple_mountains,shared_candidate,"mountain=愛宕山(#25); candidate=summit-candidate:45f49d8fd831427c; track=""岩子山・垣生山・津田山・弁天山""; score=0.4; name_tier=none; ele_diff=4.22m; loc=strong_overlap; act_conf=high"
26,常光寺山,summit-candidate:d9391b001d4bc442,yamap_2022-02-16_11_57.gpx,愛宕山・常光寺山,120.82333333333334,124,3.18,0.85,1,2,0.06,false,true,medium,high,high,resolve_conflict,location_strong_match,松山市,,same_municipality,松山市,multiple_candidates_for_mountain|multiple_mountains_for_candidate|missing_csv_coordinate,top_1_but_ambiguous|top_candidate_for_multiple_mountains,shared_candidate|not_mutual_top1,"mountain=常光寺山(#26); candidate=summit-candidate:d9391b001d4bc442; track=""愛宕山・常光寺山""; score=0.75; name_tier=strong; ele_diff=3.18m; loc=strong_overlap; act_conf=high"
26,常光寺山,summit-candidate:22b4a5a5c856bf4d,yamap_2022-02-16_11_57.gpx,愛宕山・常光寺山,104.27999999999999,124,19.72,0.79,2,2,0.29,false,true,medium,medium,low,low_priority,location_strong_match,松山市,,same_municipality,松山市,multiple_candidates_for_mountain|multiple_mountains_for_candidate|missing_csv_coordinate,top_3_with_evidence,low_priority_alternative,"mountain=常光寺山(#26); candidate=summit-candidate:22b4a5a5c856bf4d; track=""愛宕山・常光寺山""; score=0.69; name_tier=strong; ele_diff=19.72m; loc=strong_overlap; act_conf=high"
26,常光寺山,summit-candidate:8178723bbadb1c72,yamap_2023-01-06_11_33.gpx,岩子山・垣生山・津田山・弁天山,123.67,124,0.33,0.5,3,8,0,false,false,low,medium,low,low_priority,location_strong_match,松山市,,same_municipality,松山市,multiple_candidates_for_mountain|multiple_mountains_for_candidate|weak_name_evidence|missing_csv_coordinate,top_3_with_evidence,low_priority_alternative,"mountain=常光寺山(#26); candidate=summit-candidate:8178723bbadb1c72; track=""岩子山・垣生山・津田山・弁天山""; score=0.4; name_tier=none; ele_diff=0.33m; loc=strong_overlap; act_conf=high"
27,杉立山,summit-candidate:17c3649ad9b147ce,yamap_2026-01-07_07_05.gpx,御在所山,665.1833333333333,669,3.82,0.33,1,9,0,false,false,low,high,high,resolve_conflict,location_uncertain_keep,松山市,,candidate_boundary_ambiguous,,multiple_candidates_for_mountain|multiple_mountains_for_candidate|weak_name_evidence|missing_csv_coordinate|location_mismatch_warning|activity_link_ambiguous,top_1_but_ambiguous|top_candidate_for_multiple_mountains,shared_candidate|not_mutual_top1,"mountain=杉立山(#27); candidate=summit-candidate:17c3649ad9b147ce; track=""御在所山""; score=0.33; name_tier=none; ele_diff=3.82m; loc=mismatch_warning; act_conf=high"
27,杉立山,summit-candidate:ce7fc6697696cde7,yamap_2026-01-25_07_43.gpx,船ヶ迫岳・鎌倉山,669.23,669,0.23,0.33,2,9,0.05,false,false,low,medium,high,check_close_alternatives,location_uncertain_keep,松山市,,non_adjacent_municipality,内子町,multiple_candidates_for_mountain|multiple_mountains_for_candidate|weak_name_evidence|missing_csv_coordinate|location_mismatch_warning,top_3_with_evidence,small_score_gap,"mountain=杉立山(#27); candidate=summit-candidate:ce7fc6697696cde7; track=""船ヶ迫岳・鎌倉山""; score=0.33; name_tier=none; ele_diff=0.23m; loc=mismatch_warning; act_conf=high"
27,杉立山,summit-candidate:a94564816fd4afff,yamap_2022-03-25_12_12.gpx,十門山(十門城址)・ヨソ山,676.7066666666667,669,7.71,0.28,3,6,0.01,false,false,low,low,high,check_location_warning,adjacent_but_deep_inside,松山市,,adjacent_municipality,東温市,multiple_candidates_for_mountain|multiple_mountains_for_candidate|weak_name_evidence|missing_csv_coordinate|location_mismatch_warning,adjacent_but_deep_inside,adjacent_but_deep_inside,"mountain=杉立山(#27); candidate=summit-candidate:a94564816fd4afff; track=""十門山(十門城址)・ヨソ山""; score=0.33; name_tier=none; ele_diff=7.71m; loc=mismatch_warning; act_conf=high"
28,岩柄山,summit-candidate:7d7066baad9d7077,yamap_2022-03-03_10_47.gpx,奥之城山・ヌタノサコ,505.77666666666664,507,1.22,0.5,1,4,0.06,false,false,low,high,high,resolve_conflict,location_strong_match,松山市,,same_municipality,松山市,multiple_candidates_for_mountain|multiple_mountains_for_candidate|weak_name_evidence|missing_csv_coordinate,top_1_but_ambiguous|top_candidate_for_multiple_mountains,shared_candidate|not_mutual_top1,"mountain=岩柄山(#28); candidate=summit-candidate:7d7066baad9d7077; track=""奥之城山・ヌタノサコ""; score=0.4; name_tier=none; ele_diff=1.22m; loc=strong_overlap; act_conf=high"
28,岩柄山,summit-candidate:cb62a56e70cedbce,yamap_2022-01-15_08_17.gpx,関ヶ森・観音山・倉谷山・芝ヶ峠,495.64000000000004,507,11.36,0.44,2,6,0.11,false,false,low,medium,low,low_priority,location_strong_match,松山市,,same_municipality,松山市,multiple_candidates_for_mountain|multiple_mountains_for_candidate|weak_name_evidence|missing_csv_coordinate,top_3_with_evidence,low_priority_alternative,"mountain=岩柄山(#28); candidate=summit-candidate:cb62a56e70cedbce; track=""関ヶ森・観音山・倉谷山・芝ヶ峠""; score=0.34; name_tier=none; ele_diff=11.36m; loc=strong_overlap; act_conf=high"
28,岩柄山,summit-candidate:32c1cf967ab82dbe,yamap_2024-12-01_06_40.gpx,唐谷山・天狗森・木峰・金見山・高丸・五郎丸・大谷山・龍王山,503.24333333333334,507,3.76,0.33,3,15,0,false,false,low,high,high,resolve_conflict,location_uncertain_keep,松山市,,candidate_boundary_ambiguous,,multiple_candidates_for_mountain|multiple_mountains_for_candidate|weak_name_evidence|missing_csv_coordinate|location_mismatch_warning|activity_link_ambiguous,top_candidate_for_multiple_mountains,shared_candidate,"mountain=岩柄山(#28); candidate=summit-candidate:32c1cf967ab82dbe; track=""唐谷山・天狗森・木峰・金見山・高丸・五郎丸・大谷山・龍王山""; score=0.33; name_tier=none; ele_diff=3.76m; loc=mismatch_warning; act_conf=high"
29,高山,summit-candidate:8ff6361109e5ed5c,yamap_2025-03-20_08_27.gpx,高山・大里山・泰ノ山,121.16666666666667,463,341.83,0.67,1,1,0,true,true,medium,medium,medium,accept_candidate_after_map_check,location_strong_match,松山市,,same_municipality,松山市,multiple_candidates_for_mountain|multiple_mountains_for_candidate|weak_elevation_evidence|missing_csv_coordinate,top_1_but_ambiguous|priority_reduced_strong_match_mutual_top1,clear_mutual_top1,"mountain=高山(#29); candidate=summit-candidate:8ff6361109e5ed5c; track=""高山・大里山・泰ノ山""; score=0.57; name_tier=strong; ele_diff=341.83m; loc=strong_overlap; act_conf=high"
29,高山,summit-candidate:98457196a66e294d,yamap_2025-03-20_08_27.gpx,高山・大里山・泰ノ山,282.75666666666666,463,180.24,0.67,2,2,0,false,true,medium,medium,high,check_close_alternatives,location_strong_match,松山市,,same_municipality,松山市,multiple_candidates_for_mountain|multiple_mountains_for_candidate|weak_elevation_evidence|missing_csv_coordinate,top_3_with_evidence,small_score_gap,"mountain=高山(#29); candidate=summit-candidate:98457196a66e294d; track=""高山・大里山・泰ノ山""; score=0.57; name_tier=strong; ele_diff=180.24m; loc=strong_overlap; act_conf=high"
29,高山,summit-candidate:c9aa57cdeb1b49fa,yamap_2025-03-20_08_27.gpx,高山・大里山・泰ノ山,105.34333333333332,463,357.66,0.67,3,1,0,false,true,medium,medium,high,check_close_alternatives,location_strong_match,松山市,,same_municipality,松山市,multiple_candidates_for_mountain|multiple_mountains_for_candidate|weak_elevation_evidence|missing_csv_coordinate,top_3_with_evidence,small_score_gap,"mountain=高山(#29); candidate=summit-candidate:c9aa57cdeb1b49fa; track=""高山・大里山・泰ノ山""; score=0.57; name_tier=strong; ele_diff=357.66m; loc=strong_overlap; act_conf=high"
30,勝岡山,summit-candidate:43911aa413390192,yamap_2022-06-29_08_48.gpx,横山(横山城址),449.0333333333333,453,3.97,0.5,1,2,0.16,false,true,low,high,high,resolve_conflict,location_strong_match,松山市,,same_municipality,松山市,multiple_candidates_for_mountain|multiple_mountains_for_candidate|weak_name_evidence|missing_csv_coordinate,top_1_but_ambiguous|top_candidate_for_multiple_mountains,shared_candidate|not_mutual_top1,"mountain=勝岡山(#30); candidate=summit-candidate:43911aa413390192; track=""横山(横山城址)""; score=0.4; name_tier=none; ele_diff=3.97m; loc=strong_overlap; act_conf=high"
30,勝岡山,summit-candidate:7749b785ef007c1a,yamap_2025-01-11_08_43.gpx,尉之山・小山岳,430.1766666666667,453,22.82,0.34,2,5,0.01,false,false,low,medium,low,low_priority,location_uncertain_keep,松山市,,candidate_boundary_ambiguous,,multiple_candidates_for_mountain|multiple_mountains_for_candidate|weak_name_evidence|missing_csv_coordinate|activity_link_ambiguous,top_3_with_evidence,low_priority_alternative,"mountain=勝岡山(#30); candidate=summit-candidate:7749b785ef007c1a; track=""尉之山・小山岳""; score=0.34; name_tier=none; ele_diff=22.82m; loc=strong_overlap; act_conf=high"
30,勝岡山,summit-candidate:0eff3d1ea2b48d73,yamap_2022-02-06_08_26.gpx,谷上山・権現山・白滝山・障子山,456.90483803547824,453,3.9,0.33,3,18,0,false,false,low,high,high,resolve_conflict,location_uncertain_keep,松山市,,non_adjacent_municipality,伊予市,multiple_candidates_for_mountain|multiple_mountains_for_candidate|weak_name_evidence|missing_csv_coordinate|location_mismatch_warning,top_candidate_for_multiple_mountains,shared_candidate,"mountain=勝岡山(#30); candidate=summit-candidate:0eff3d1ea2b48d73; track=""谷上山・権現山・白滝山・障子山""; score=0.33; name_tier=none; ele_diff=3.9m; loc=mismatch_warning; act_conf=high"
31,西山,summit-candidate:bdfa250c89c1ca90,yamap_2022-02-23_08_42.gpx,西山・経ヶ森・岩子山・護摩ヶ森,168.98333333333335,172,3.02,0.85,1,1,0.06,true,true,medium,medium,high,resolve_conflict,location_strong_match,松山市,,same_municipality,松山市,multiple_candidates_for_mountain|multiple_mountains_for_candidate|missing_csv_coordinate,top_1_but_ambiguous|top_candidate_for_multiple_mountains|priority_reduced_strong_match_mutual_top1,shared_candidate,"mountain=西山(#31); candidate=summit-candidate:bdfa250c89c1ca90; track=""西山・経ヶ森・岩子山・護摩ヶ森""; score=0.75; name_tier=strong; ele_diff=3.02m; loc=strong_overlap; act_conf=high"
31,西山,summit-candidate:23c112538ef91e0d,yamap_2022-02-23_08_42.gpx,西山・経ヶ森・岩子山・護摩ヶ森,195.95000000000002,172,23.95,0.79,2,2,0.29,false,true,medium,high,high,resolve_conflict,location_strong_match,松山市,,same_municipality,松山市,multiple_candidates_for_mountain|multiple_mountains_for_candidate|missing_csv_coordinate,top_candidate_for_multiple_mountains,shared_candidate,"mountain=西山(#31); candidate=summit-candidate:23c112538ef91e0d; track=""西山・経ヶ森・岩子山・護摩ヶ森""; score=0.69; name_tier=strong; ele_diff=23.95m; loc=strong_overlap; act_conf=high"
31,西山,summit-candidate:006436491de34784,yamap_2022-11-26_04_41.gpx,銅山峰・西山・綱繰山・獅子舞の鼻・冠山・平家平,1729.61,172,1557.61,0.5,3,7,0,false,false,low,high,high,resolve_conflict,location_uncertain_keep,松山市,,non_adjacent_municipality,新居浜市,multiple_candidates_for_mountain|multiple_mountains_for_candidate|weak_elevation_evidence|missing_csv_coordinate|location_mismatch_warning,top_candidate_for_multiple_mountains,shared_candidate,"mountain=西山(#31); candidate=summit-candidate:006436491de34784; track=""銅山峰・西山・綱繰山・獅子舞の鼻・冠山・平家平""; score=0.5; name_tier=strong; ele_diff=1557.61m; loc=mismatch_warning; act_conf=high"
32,岩子山,summit-candidate:23c112538ef91e0d,yamap_2022-02-23_08_42.gpx,西山・経ヶ森・岩子山・護摩ヶ森,195.95000000000002,181,14.95,0.79,1,3,0,false,true,medium,high,high,resolve_conflict,location_strong_match,松山市,,same_municipality,松山市,multiple_candidates_for_mountain|multiple_mountains_for_candidate|missing_csv_coordinate,top_1_but_ambiguous|top_candidate_for_multiple_mountains,shared_candidate|not_mutual_top1,"mountain=岩子山(#32); candidate=summit-candidate:23c112538ef91e0d; track=""西山・経ヶ森・岩子山・護摩ヶ森""; score=0.69; name_tier=strong; ele_diff=14.95m; loc=strong_overlap; act_conf=high"
32,岩子山,summit-candidate:bdfa250c89c1ca90,yamap_2022-02-23_08_42.gpx,西山・経ヶ森・岩子山・護摩ヶ森,168.98333333333335,181,12.02,0.79,2,3,0.12,false,true,medium,high,high,resolve_conflict,location_strong_match,松山市,,same_municipality,松山市,multiple_candidates_for_mountain|multiple_mountains_for_candidate|missing_csv_coordinate,top_candidate_for_multiple_mountains,shared_candidate,"mountain=岩子山(#32); candidate=summit-candidate:bdfa250c89c1ca90; track=""西山・経ヶ森・岩子山・護摩ヶ森""; score=0.69; name_tier=strong; ele_diff=12.02m; loc=strong_overlap; act_conf=high"
32,岩子山,summit-candidate:45f49d8fd831427c,yamap_2023-01-06_11_33.gpx,岩子山・垣生山・津田山・弁天山,110.77666666666669,181,70.22,0.67,3,5,0,false,false,medium,high,high,resolve_conflict,location_strong_match,松山市,,same_municipality,松山市,multiple_candidates_for_mountain|multiple_mountains_for_candidate|weak_elevation_evidence|missing_csv_coordinate,top_candidate_for_multiple_mountains,shared_candidate,"mountain=岩子山(#32); candidate=summit-candidate:45f49d8fd831427c; track=""岩子山・垣生山・津田山・弁天山""; score=0.57; name_tier=strong; ele_diff=70.22m; loc=strong_overlap; act_conf=high"
33,経ヶ森,summit-candidate:23c112538ef91e0d,yamap_2022-02-23_08_42.gpx,西山・経ヶ森・岩子山・護摩ヶ森,195.95000000000002,200,4.05,0.85,1,1,0.12,true,true,medium,medium,high,resolve_conflict,location_strong_match,松山市,,same_municipality,松山市,multiple_candidates_for_mountain|multiple_mountains_for_candidate|missing_csv_coordinate,top_1_but_ambiguous|top_candidate_for_multiple_mountains|priority_reduced_strong_match_mutual_top1,shared_candidate,"mountain=経ヶ森(#33); candidate=summit-candidate:23c112538ef91e0d; track=""西山・経ヶ森・岩子山・護摩ヶ森""; score=0.75; name_tier=strong; ele_diff=4.05m; loc=strong_overlap; act_conf=high"
33,経ヶ森,summit-candidate:bdfa250c89c1ca90,yamap_2022-02-23_08_42.gpx,西山・経ヶ森・岩子山・護摩ヶ森,168.98333333333335,200,31.02,0.73,2,4,0.23,false,false,medium,high,high,resolve_conflict,location_strong_match,松山市,,same_municipality,松山市,multiple_candidates_for_mountain|multiple_mountains_for_candidate|missing_csv_coordinate,top_candidate_for_multiple_mountains,shared_candidate,"mountain=経ヶ森(#33); candidate=summit-candidate:bdfa250c89c1ca90; track=""西山・経ヶ森・岩子山・護摩ヶ森""; score=0.63; name_tier=strong; ele_diff=31.02m; loc=strong_overlap; act_conf=high"
33,経ヶ森,summit-candidate:36e3ac8003e8b5d0,yamap_2022-01-28_12_28.gpx,尾ノ峰・新城山・腰折山・恵良山,190.94333333333336,200,9.06,0.5,3,8,0,false,false,low,medium,low,low_priority,location_strong_match,松山市,,same_municipality,松山市,multiple_candidates_for_mountain|multiple_mountains_for_candidate|weak_name_evidence|missing_csv_coordinate,top_3_with_evidence,low_priority_alternative,"mountain=経ヶ森(#33); candidate=summit-candidate:36e3ac8003e8b5d0; track=""尾ノ峰・新城山・腰折山・恵良山""; score=0.4; name_tier=none; ele_diff=9.06m; loc=strong_overlap; act_conf=high"
34,護摩ヶ森,summit-candidate:bdfa250c89c1ca90,yamap_2022-02-23_08_42.gpx,西山・経ヶ森・岩子山・護摩ヶ森,168.98333333333335,170,1.02,0.85,1,2,0.06,false,true,medium,high,high,resolve_conflict,location_strong_match,松山市,,same_municipality,松山市,multiple_candidates_for_mountain|multiple_mountains_for_candidate|missing_csv_coordinate,top_1_but_ambiguous|top_candidate_for_multiple_mountains,shared_candidate|not_mutual_top1,"mountain=護摩ヶ森(#34); candidate=summit-candidate:bdfa250c89c1ca90; track=""西山・経ヶ森・岩子山・護摩ヶ森""; score=0.75; name_tier=strong; ele_diff=1.02m; loc=strong_overlap; act_conf=high"
34,護摩ヶ森,summit-candidate:23c112538ef91e0d,yamap_2022-02-23_08_42.gpx,西山・経ヶ森・岩子山・護摩ヶ森,195.95000000000002,170,25.95,0.79,2,4,0.29,false,false,medium,high,high,resolve_conflict,location_strong_match,松山市,,same_municipality,松山市,multiple_candidates_for_mountain|multiple_mountains_for_candidate|missing_csv_coordinate,top_candidate_for_multiple_mountains,shared_candidate,"mountain=護摩ヶ森(#34); candidate=summit-candidate:23c112538ef91e0d; track=""西山・経ヶ森・岩子山・護摩ヶ森""; score=0.69; name_tier=strong; ele_diff=25.95m; loc=strong_overlap; act_conf=high"
34,護摩ヶ森,summit-candidate:047b9599ec28c6ad,yamap_2023-01-08_09_18.gpx,権現山,368.9381628408408,170,198.94,0.5,3,10,0,false,false,low,medium,low,low_priority,location_uncertain_keep,松山市,,non_adjacent_municipality,愛南町,multiple_candidates_for_mountain|multiple_mountains_for_candidate|weak_elevation_evidence|missing_csv_coordinate|location_mismatch_warning|activity_link_ambiguous,top_3_with_evidence,low_priority_alternative,"mountain=護摩ヶ森(#34); candidate=summit-candidate:047b9599ec28c6ad; track=""権現山""; score=0.5; name_tier=strong; ele_diff=198.94m; loc=mismatch_warning; act_conf=high"
35,御岳山,summit-candidate:54cf4155ab259d9d,yamap_2022-02-26_07_43.gpx,御岳山,430.59999999999997,438,7.4,0.85,1,1,0.18,true,true,medium,medium,high,resolve_conflict,location_strong_match,東温市,,same_municipality,東温市,multiple_candidates_for_mountain|multiple_mountains_for_candidate|missing_csv_coordinate|activity_link_ambiguous,top_1_but_ambiguous|top_candidate_for_multiple_mountains|priority_reduced_strong_match_mutual_top1,shared_candidate,"mountain=御岳山(#35); candidate=summit-candidate:54cf4155ab259d9d; track=""御岳山""; score=0.75; name_tier=strong; ele_diff=7.4m; loc=strong_overlap; act_conf=high"
35,御岳山,summit-candidate:80fb4ff56016a4dd,yamap_2022-02-26_07_43.gpx,御岳山,326.3533333333333,438,111.65,0.67,2,1,0.166655,false,true,medium,medium,low,low_priority,location_strong_match,東温市,,same_municipality,東温市,multiple_candidates_for_mountain|multiple_mountains_for_candidate|weak_elevation_evidence|missing_csv_coordinate|activity_link_ambiguous,top_3_with_evidence,low_priority_alternative,"mountain=御岳山(#35); candidate=summit-candidate:80fb4ff56016a4dd; track=""御岳山""; score=0.57; name_tier=strong; ele_diff=111.65m; loc=strong_overlap; act_conf=high"
35,御岳山,summit-candidate:62d2811f5d1a9f29,yamap_2025-03-30_07_01.gpx,竜王山,459.07666666666665,438,21.08,0.503345,3,7,0.063345,false,false,low,high,high,resolve_conflict,location_uncertain_keep,東温市,,candidate_boundary_ambiguous,,multiple_candidates_for_mountain|multiple_mountains_for_candidate|missing_csv_coordinate|location_mismatch_warning|activity_link_ambiguous,top_candidate_for_multiple_mountains,shared_candidate,"mountain=御岳山(#35); candidate=summit-candidate:62d2811f5d1a9f29; track=""竜王山""; score=0.503345; name_tier=medium; ele_diff=21.08m; loc=mismatch_warning; act_conf=high"
36,石槌山,summit-candidate:54cf4155ab259d9d,yamap_2022-02-26_07_43.gpx,御岳山,430.59999999999997,252,178.6,0.67,1,2,0,false,true,medium,high,high,resolve_conflict,location_strong_match,東温市,,same_municipality,東温市,multiple_candidates_for_mountain|multiple_mountains_for_candidate|weak_elevation_evidence|missing_csv_coordinate|activity_link_ambiguous,top_1_but_ambiguous|top_candidate_for_multiple_mountains,shared_candidate|not_mutual_top1,"mountain=石槌山(#36); candidate=summit-candidate:54cf4155ab259d9d; track=""御岳山""; score=0.57; name_tier=strong; ele_diff=178.6m; loc=strong_overlap; act_conf=high"
36,石槌山,summit-candidate:80fb4ff56016a4dd,yamap_2022-02-26_07_43.gpx,御岳山,326.3533333333333,252,74.35,0.67,2,2,0.29,false,true,medium,medium,high,check_close_alternatives,location_strong_match,東温市,,same_municipality,東温市,multiple_candidates_for_mountain|multiple_mountains_for_candidate|weak_elevation_evidence|missing_csv_coordinate|activity_link_ambiguous,top_3_with_evidence,small_score_gap,"mountain=石槌山(#36); candidate=summit-candidate:80fb4ff56016a4dd; track=""御岳山""; score=0.57; name_tier=strong; ele_diff=74.35m; loc=strong_overlap; act_conf=high"
36,石槌山,summit-candidate:8251283605282249,yamap_2022-09-26_12_07.gpx,三本榎,246.47333333333336,252,5.53,0.38,3,7,0.05,false,false,low,medium,high,check_location_warning,boundary_plausible,東温市,,adjacent_municipality,今治市,multiple_candidates_for_mountain|multiple_mountains_for_candidate|weak_name_evidence|missing_csv_coordinate|location_mismatch_warning|activity_link_ambiguous,top_3_with_evidence,boundary_plausible,"mountain=石槌山(#36); candidate=summit-candidate:8251283605282249; track=""三本榎""; score=0.33; name_tier=none; ele_diff=5.53m; loc=mismatch_warning; act_conf=high"
37,日王山,summit-candidate:2011a6c909945d6f,yamap_2026-04-12_11_03.gpx,権現山,102.87,109,6.13,0.5,1,2,0,false,true,low,high,high,resolve_conflict,location_strong_match,松山市,,same_municipality,松山市,multiple_candidates_for_mountain|multiple_mountains_for_candidate|weak_name_evidence|missing_csv_coordinate,top_1_but_ambiguous|top_candidate_for_multiple_mountains,shared_candidate|not_mutual_top1,"mountain=日王山(#37); candidate=summit-candidate:2011a6c909945d6f; track=""権現山""; score=0.4; name_tier=none; ele_diff=6.13m; loc=strong_overlap; act_conf=high"
37,日王山,summit-candidate:22b4a5a5c856bf4d,yamap_2022-02-16_11_57.gpx,愛宕山・常光寺山,104.27999999999999,109,4.72,0.5,2,3,0,false,true,low,medium,high,check_close_alternatives,location_strong_match,松山市,,same_municipality,松山市,multiple_candidates_for_mountain|multiple_mountains_for_candidate|weak_name_evidence|missing_csv_coordinate,top_3_with_evidence,small_score_gap,"mountain=日王山(#37); candidate=summit-candidate:22b4a5a5c856bf4d; track=""愛宕山・常光寺山""; score=0.4; name_tier=none; ele_diff=4.72m; loc=strong_overlap; act_conf=high"
37,日王山,summit-candidate:45f49d8fd831427c,yamap_2023-01-06_11_33.gpx,岩子山・垣生山・津田山・弁天山,110.77666666666669,109,1.78,0.5,3,8,0,false,false,low,high,high,resolve_conflict,location_strong_match,松山市,,same_municipality,松山市,multiple_candidates_for_mountain|multiple_mountains_for_candidate|weak_name_evidence|missing_csv_coordinate,top_candidate_for_multiple_mountains,shared_candidate,"mountain=日王山(#37); candidate=summit-candidate:45f49d8fd831427c; track=""岩子山・垣生山・津田山・弁天山""; score=0.4; name_tier=none; ele_diff=1.78m; loc=strong_overlap; act_conf=high"
38,重茂山,summit-candidate:fbd725fc8006e2c8,yamap_2022-02-28_13_13.gpx,花木山,50.49,291,240.51,0.67,1,2,0.17,false,true,medium,high,high,resolve_conflict,location_strong_match,今治市,,same_municipality,今治市,multiple_candidates_for_mountain|multiple_mountains_for_candidate|weak_elevation_evidence|missing_csv_coordinate|activity_link_ambiguous,top_1_but_ambiguous|top_candidate_for_multiple_mountains,shared_candidate|not_mutual_top1,"mountain=重茂山(#38); candidate=summit-candidate:fbd725fc8006e2c8; track=""花木山""; score=0.57; name_tier=strong; ele_diff=240.51m; loc=strong_overlap; act_conf=high"
38,重茂山,summit-candidate:468c5bbccd8aba53,yamap_2024-01-27_13_31.gpx,宝股山,300.6033333333333,291,9.6,0.5,2,2,0,false,true,low,medium,low,low_priority,location_strong_match,今治市,,same_municipality,今治市,multiple_candidates_for_mountain|multiple_mountains_for_candidate|weak_name_evidence|missing_csv_coordinate|activity_link_ambiguous,top_3_with_evidence,low_priority_alternative,"mountain=重茂山(#38); candidate=summit-candidate:468c5bbccd8aba53; track=""宝股山""; score=0.4; name_tier=none; ele_diff=9.6m; loc=strong_overlap; act_conf=high"
38,重茂山,summit-candidate:bcc05b721653749f,yamap_2024-12-15_07_21.gpx,陣が森・岩が森・スクモ塚・高萩山・長者森,290.3833333333333,291,0.62,0.5,3,6,0.06,false,false,low,medium,low,low_priority,location_strong_match,今治市,,same_municipality,今治市,multiple_candidates_for_mountain|multiple_mountains_for_candidate|weak_name_evidence|missing_csv_coordinate,top_3_with_evidence,low_priority_alternative,"mountain=重茂山(#38); candidate=summit-candidate:bcc05b721653749f; track=""陣が森・岩が森・スクモ塚・高萩山・長者森""; score=0.4; name_tier=none; ele_diff=0.62m; loc=strong_overlap; act_conf=high"
39,花木山,summit-candidate:fbd725fc8006e2c8,yamap_2022-02-28_13_13.gpx,花木山,50.49,53,2.51,0.85,1,1,0.35,true,true,medium,medium,high,resolve_conflict,location_strong_match,今治市,,same_municipality,今治市,multiple_candidates_for_mountain|multiple_mountains_for_candidate|missing_csv_coordinate|activity_link_ambiguous,top_1_but_ambiguous|top_candidate_for_multiple_mountains|priority_reduced_strong_match_mutual_top1,shared_candidate,"mountain=花木山(#39); candidate=summit-candidate:fbd725fc8006e2c8; track=""花木山""; score=0.75; name_tier=strong; ele_diff=2.51m; loc=strong_overlap; act_conf=high"
39,花木山,summit-candidate:02d59cd1260af017,yamap_2024-01-27_10_11.gpx,御串山,62.803333333333335,53,9.8,0.5,2,2,0.12,false,true,low,high,high,resolve_conflict,location_strong_match,今治市,,same_municipality,今治市,multiple_candidates_for_mountain|multiple_mountains_for_candidate|weak_name_evidence|missing_csv_coordinate|activity_link_ambiguous,top_candidate_for_multiple_mountains,shared_candidate,"mountain=花木山(#39); candidate=summit-candidate:02d59cd1260af017; track=""御串山""; score=0.4; name_tier=none; ele_diff=9.8m; loc=strong_overlap; act_conf=high"
39,花木山,summit-candidate:93b30125fa1dcd57,yamap_2022-07-21_10_02.gpx,子持山（頂上にたどり着けず）,62.39020293366199,53,9.39,0.38,3,15,0,false,false,low,medium,high,check_location_warning,boundary_plausible,今治市,,adjacent_municipality,松山市,multiple_candidates_for_mountain|multiple_mountains_for_candidate|weak_name_evidence|missing_csv_coordinate|location_mismatch_warning,top_3_with_evidence,boundary_plausible,"mountain=花木山(#39); candidate=summit-candidate:93b30125fa1dcd57; track=""子持山（頂上にたどり着けず）""; score=0.33; name_tier=none; ele_diff=9.39m; loc=mismatch_warning; act_conf=high"
40,ヌタノサコ,summit-candidate:7d7066baad9d7077,yamap_2022-03-03_10_47.gpx,奥之城山・ヌタノサコ,505.77666666666664,514,8.22,0.85,1,1,0.18,true,true,medium,medium,high,resolve_conflict,location_strong_match,松山市,,same_municipality,松山市,multiple_candidates_for_mountain|multiple_mountains_for_candidate|missing_csv_coordinate,top_1_but_ambiguous|top_candidate_for_multiple_mountains|priority_reduced_strong_match_mutual_top1,shared_candidate,"mountain=ヌタノサコ(#40); candidate=summit-candidate:7d7066baad9d7077; track=""奥之城山・ヌタノサコ""; score=0.75; name_tier=strong; ele_diff=8.22m; loc=strong_overlap; act_conf=high"
40,ヌタノサコ,summit-candidate:0ec3be2fa2295b82,yamap_2022-03-03_10_47.gpx,奥之城山・ヌタノサコ,388.2833333333333,514,125.72,0.67,2,2,0,false,true,medium,medium,low,low_priority,location_strong_match,松山市,,same_municipality,松山市,multiple_candidates_for_mountain|multiple_mountains_for_candidate|weak_elevation_evidence|missing_csv_coordinate,top_3_with_evidence,low_priority_alternative,"mountain=ヌタノサコ(#40); candidate=summit-candidate:0ec3be2fa2295b82; track=""奥之城山・ヌタノサコ""; score=0.57; name_tier=strong; ele_diff=125.72m; loc=strong_overlap; act_conf=high"
40,ヌタノサコ,summit-candidate:ea33d870d4700a56,yamap_2022-03-03_10_47.gpx,奥之城山・ヌタノサコ,414.2866666666667,514,99.71,0.67,3,2,0.23,false,true,medium,medium,low,low_priority,location_strong_match,松山市,,same_municipality,松山市,multiple_candidates_for_mountain|multiple_mountains_for_candidate|weak_elevation_evidence|missing_csv_coordinate,top_3_with_evidence,low_priority_alternative,"mountain=ヌタノサコ(#40); candidate=summit-candidate:ea33d870d4700a56; track=""奥之城山・ヌタノサコ""; score=0.57; name_tier=strong; ele_diff=99.71m; loc=strong_overlap; act_conf=high"
41,城山,summit-candidate:c1f175d0616be696,yamap_2022-03-05_09_44.gpx,城山・水梨山・向山,589.8691282114027,592,2.13,0.85,1,1,0.17,true,true,medium,medium,medium,accept_candidate_after_map_check,location_strong_match,砥部町,,same_municipality,砥部町,multiple_candidates_for_mountain|multiple_mountains_for_candidate|missing_csv_coordinate,top_1_but_ambiguous|priority_reduced_strong_match_mutual_top1,clear_mutual_top1,"mountain=城山(#41); candidate=summit-candidate:c1f175d0616be696; track=""城山・水梨山・向山""; score=0.75; name_tier=strong; ele_diff=2.13m; loc=strong_overlap; act_conf=high"
41,城山,summit-candidate:9cc74b44e1289236,yamap_2024-12-01_06_40.gpx,唐谷山・天狗森・木峰・金見山・高丸・五郎丸・大谷山・龍王山,589.3233333333334,592,2.68,0.68,2,5,0,false,false,medium,medium,low,low_priority,location_uncertain_keep,砥部町,,candidate_boundary_ambiguous,,multiple_candidates_for_mountain|multiple_mountains_for_candidate|missing_csv_coordinate|location_mismatch_warning|activity_link_ambiguous,top_3_with_evidence,low_priority_alternative,"mountain=城山(#41); candidate=summit-candidate:9cc74b44e1289236; track=""唐谷山・天狗森・木峰・金見山・高丸・五郎丸・大谷山・龍王山""; score=0.68; name_tier=strong; ele_diff=2.68m; loc=mismatch_warning; act_conf=high"
41,城山,summit-candidate:c8607e1f03bb5db1,yamap_2024-12-01_06_40.gpx,唐谷山・天狗森・木峰・金見山・高丸・五郎丸・大谷山・龍王山,585.22,592,6.78,0.68,3,5,0,false,false,medium,medium,low,low_priority,location_uncertain_keep,砥部町,,candidate_boundary_ambiguous,,multiple_candidates_for_mountain|multiple_mountains_for_candidate|missing_csv_coordinate|location_mismatch_warning|activity_link_ambiguous,top_3_with_evidence,low_priority_alternative,"mountain=城山(#41); candidate=summit-candidate:c8607e1f03bb5db1; track=""唐谷山・天狗森・木峰・金見山・高丸・五郎丸・大谷山・龍王山""; score=0.68; name_tier=strong; ele_diff=6.78m; loc=mismatch_warning; act_conf=high"
42,水梨山,summit-candidate:0a765b89058b256b,yamap_2022-03-05_09_44.gpx,城山・水梨山・向山,734.4240556679409,729,5.42,0.85,1,1,0.06,true,true,medium,medium,medium,accept_candidate_after_map_check,location_strong_match,砥部町,,same_municipality,砥部町,multiple_candidates_for_mountain|multiple_mountains_for_candidate|missing_csv_coordinate,top_1_but_ambiguous|priority_reduced_strong_match_mutual_top1,clear_mutual_top1,"mountain=水梨山(#42); candidate=summit-candidate:0a765b89058b256b; track=""城山・水梨山・向山""; score=0.75; name_tier=strong; ele_diff=5.42m; loc=strong_overlap; act_conf=high"
42,水梨山,summit-candidate:07834c521328cc1d,yamap_2022-03-05_09_44.gpx,城山・水梨山・向山,707.7550916004999,729,21.24,0.79,2,1,0.06,false,true,medium,medium,low,low_priority,location_strong_match,砥部町,,same_municipality,砥部町,multiple_candidates_for_mountain|multiple_mountains_for_candidate|missing_csv_coordinate,top_3_with_evidence,low_priority_alternative,"mountain=水梨山(#42); candidate=summit-candidate:07834c521328cc1d; track=""城山・水梨山・向山""; score=0.69; name_tier=strong; ele_diff=21.24m; loc=strong_overlap; act_conf=high"
42,水梨山,summit-candidate:cf1e11202c4f4280,yamap_2022-03-05_09_44.gpx,城山・水梨山・向山,694.2914342760145,729,34.71,0.73,3,2,0.06,false,true,medium,medium,low,low_priority,location_strong_match,砥部町,,same_municipality,砥部町,multiple_candidates_for_mountain|multiple_mountains_for_candidate|missing_csv_coordinate,top_3_with_evidence,low_priority_alternative,"mountain=水梨山(#42); candidate=summit-candidate:cf1e11202c4f4280; track=""城山・水梨山・向山""; score=0.63; name_tier=strong; ele_diff=34.71m; loc=strong_overlap; act_conf=high"
43,向山,summit-candidate:07834c521328cc1d,yamap_2022-03-05_09_44.gpx,城山・水梨山・向山,707.7550916004999,683,24.76,0.79,1,2,0,false,true,medium,high,high,resolve_conflict,location_strong_match,砥部町,,same_municipality,砥部町,multiple_candidates_for_mountain|multiple_mountains_for_candidate|missing_csv_coordinate,top_1_but_ambiguous,not_mutual_top1,"mountain=向山(#43); candidate=summit-candidate:07834c521328cc1d; track=""城山・水梨山・向山""; score=0.69; name_tier=strong; ele_diff=24.76m; loc=strong_overlap; act_conf=high"
43,向山,summit-candidate:cf1e11202c4f4280,yamap_2022-03-05_09_44.gpx,城山・水梨山・向山,694.2914342760145,683,11.29,0.79,2,1,0.12,false,true,medium,medium,high,check_close_alternatives,location_strong_match,砥部町,,same_municipality,砥部町,multiple_candidates_for_mountain|multiple_mountains_for_candidate|missing_csv_coordinate,top_3_with_evidence,small_score_gap,"mountain=向山(#43); candidate=summit-candidate:cf1e11202c4f4280; track=""城山・水梨山・向山""; score=0.69; name_tier=strong; ele_diff=11.29m; loc=strong_overlap; act_conf=high"
43,向山,summit-candidate:0a765b89058b256b,yamap_2022-03-05_09_44.gpx,城山・水梨山・向山,734.4240556679409,683,51.42,0.67,3,3,0,false,true,medium,medium,low,low_priority,location_strong_match,砥部町,,same_municipality,砥部町,multiple_candidates_for_mountain|multiple_mountains_for_candidate|weak_elevation_evidence|missing_csv_coordinate,top_3_with_evidence,low_priority_alternative,"mountain=向山(#43); candidate=summit-candidate:0a765b89058b256b; track=""城山・水梨山・向山""; score=0.57; name_tier=strong; ele_diff=51.42m; loc=strong_overlap; act_conf=high"
44,稔山,summit-candidate:622b899de76208ef,yamap_2022-03-09_10_20.gpx,稔山,911.0766666666667,917,5.92,0.85,1,1,0.12,true,true,medium,medium,medium,accept_candidate_after_map_check,location_strong_match,東温市,,same_municipality,東温市,multiple_candidates_for_mountain|multiple_mountains_for_candidate|missing_csv_coordinate,top_1_but_ambiguous|priority_reduced_strong_match_mutual_top1,clear_mutual_top1,"mountain=稔山(#44); candidate=summit-candidate:622b899de76208ef; track=""稔山""; score=0.75; name_tier=strong; ele_diff=5.92m; loc=strong_overlap; act_conf=high"
44,稔山,summit-candidate:d1269170b687c5bc,yamap_2022-03-09_10_20.gpx,稔山,873.4633333333333,917,43.54,0.73,2,1,0.23,false,true,medium,medium,low,low_priority,location_strong_match,東温市,,same_municipality,東温市,multiple_candidates_for_mountain|multiple_mountains_for_candidate|missing_csv_coordinate,top_3_with_evidence,low_priority_alternative,"mountain=稔山(#44); candidate=summit-candidate:d1269170b687c5bc; track=""稔山""; score=0.63; name_tier=strong; ele_diff=43.54m; loc=strong_overlap; act_conf=high"
44,稔山,summit-candidate:555fd1e3be8780dd,yamap_2022-03-25_12_12.gpx,十門山(十門城址)・ヨソ山,923.8766666666667,917,6.88,0.5,3,3,0,false,true,low,medium,low,low_priority,location_strong_match,東温市,,same_municipality,東温市,multiple_candidates_for_mountain|multiple_mountains_for_candidate|weak_name_evidence|missing_csv_coordinate,top_3_with_evidence,low_priority_alternative,"mountain=稔山(#44); candidate=summit-candidate:555fd1e3be8780dd; track=""十門山(十門城址)・ヨソ山""; score=0.4; name_tier=none; ele_diff=6.88m; loc=strong_overlap; act_conf=high"
45,菊ヶ森,summit-candidate:ab8cf0f07d2a219d,yamap_2022-03-12_08_31.gpx,菊ヶ森,145.66,151,5.34,0.85,1,1,0.18,true,true,medium,medium,medium,accept_candidate_after_map_check,location_strong_match,松山市,,same_municipality,松山市,multiple_candidates_for_mountain|multiple_mountains_for_candidate|missing_csv_coordinate|activity_link_ambiguous,top_1_but_ambiguous|priority_reduced_strong_match_mutual_top1,clear_mutual_top1,"mountain=菊ヶ森(#45); candidate=summit-candidate:ab8cf0f07d2a219d; track=""菊ヶ森""; score=0.75; name_tier=strong; ele_diff=5.34m; loc=strong_overlap; act_conf=high"
45,菊ヶ森,summit-candidate:7c680b0eed0187fa,yamap_2022-03-12_09_19.gpx,道後山,221.10333333333332,151,70.1,0.67,2,2,0.17,false,true,medium,medium,low,low_priority,location_strong_match,松山市,,same_municipality,松山市,multiple_candidates_for_mountain|multiple_mountains_for_candidate|weak_elevation_evidence|missing_csv_coordinate|activity_link_ambiguous,top_3_with_evidence,low_priority_alternative,"mountain=菊ヶ森(#45); candidate=summit-candidate:7c680b0eed0187fa; track=""道後山""; score=0.57; name_tier=strong; ele_diff=70.1m; loc=strong_overlap; act_conf=high"
45,菊ヶ森,summit-candidate:3259dfe3d9ce60c5,yamap_2022-03-23_07_38.gpx,明神山・潮見山,152.25333333333333,151,1.25,0.5,3,5,0,false,false,low,high,high,resolve_conflict,location_strong_match,松山市,,same_municipality,松山市,multiple_candidates_for_mountain|multiple_mountains_for_candidate|weak_name_evidence|missing_csv_coordinate,top_candidate_for_multiple_mountains,shared_candidate,"mountain=菊ヶ森(#45); candidate=summit-candidate:3259dfe3d9ce60c5; track=""明神山・潮見山""; score=0.4; name_tier=none; ele_diff=1.25m; loc=strong_overlap; act_conf=high"
46,道後山,summit-candidate:7c680b0eed0187fa,yamap_2022-03-12_09_19.gpx,道後山,221.10333333333332,224,2.9,0.85,1,1,0.18,true,true,medium,medium,medium,accept_candidate_after_map_check,location_strong_match,松山市,,same_municipality,松山市,multiple_candidates_for_mountain|multiple_mountains_for_candidate|missing_csv_coordinate|activity_link_ambiguous,top_1_but_ambiguous|priority_reduced_strong_match_mutual_top1,clear_mutual_top1,"mountain=道後山(#46); candidate=summit-candidate:7c680b0eed0187fa; track=""道後山""; score=0.75; name_tier=strong; ele_diff=2.9m; loc=strong_overlap; act_conf=high"
46,道後山,summit-candidate:ab8cf0f07d2a219d,yamap_2022-03-12_08_31.gpx,菊ヶ森,145.66,224,78.34,0.67,2,2,0.17,false,true,medium,medium,low,low_priority,location_strong_match,松山市,,same_municipality,松山市,multiple_candidates_for_mountain|multiple_mountains_for_candidate|weak_elevation_evidence|missing_csv_coordinate|activity_link_ambiguous,top_3_with_evidence,low_priority_alternative,"mountain=道後山(#46); candidate=summit-candidate:ab8cf0f07d2a219d; track=""菊ヶ森""; score=0.57; name_tier=strong; ele_diff=78.34m; loc=strong_overlap; act_conf=high"
46,道後山,summit-candidate:82d3009a6c1b2511,yamap_2022-10-03_14_57.gpx,雄甲山・雌甲山,218.9593458353185,224,5.04,0.5,3,4,0.06,false,false,low,high,high,resolve_conflict,location_strong_match,松山市,,same_municipality,松山市,multiple_candidates_for_mountain|multiple_mountains_for_candidate|weak_name_evidence|missing_csv_coordinate,top_candidate_for_multiple_mountains,shared_candidate,"mountain=道後山(#46); candidate=summit-candidate:82d3009a6c1b2511; track=""雄甲山・雌甲山""; score=0.4; name_tier=none; ele_diff=5.04m; loc=strong_overlap; act_conf=high"
47,倉谷山,summit-candidate:aba609f471e97e4a,yamap_2022-03-13_09_49.gpx,倉谷山・芝ヶ峠・淡路ヶ峠・宝ヶ峯,405.40333333333336,420,14.6,0.79,1,1,0,true,true,medium,medium,medium,accept_candidate_after_map_check,location_strong_match,松山市,,same_municipality,松山市,multiple_candidates_for_mountain|multiple_mountains_for_candidate|missing_csv_coordinate,top_1_but_ambiguous|priority_reduced_strong_match_mutual_top1,clear_mutual_top1,"mountain=倉谷山(#47); candidate=summit-candidate:aba609f471e97e4a; track=""倉谷山・芝ヶ峠・淡路ヶ峠・宝ヶ峯""; score=0.69; name_tier=strong; ele_diff=14.6m; loc=strong_overlap; act_conf=high"
47,倉谷山,summit-candidate:feca346909b97b92,yamap_2022-01-15_08_17.gpx,関ヶ森・観音山・倉谷山・芝ヶ峠,402.01,420,17.99,0.79,2,1,0.12,false,true,medium,medium,high,check_close_alternatives,location_strong_match,松山市,,same_municipality,松山市,multiple_candidates_for_mountain|multiple_mountains_for_candidate|missing_csv_coordinate,top_3_with_evidence,small_score_gap,"mountain=倉谷山(#47); candidate=summit-candidate:feca346909b97b92; track=""関ヶ森・観音山・倉谷山・芝ヶ峠""; score=0.69; name_tier=strong; ele_diff=17.99m; loc=strong_overlap; act_conf=high"
47,倉谷山,summit-candidate:079ae30d76fb11c2,yamap_2022-03-13_09_49.gpx,倉谷山・芝ヶ峠・淡路ヶ峠・宝ヶ峯,280.85333333333335,420,139.15,0.67,3,4,0,false,false,medium,high,high,resolve_conflict,location_strong_match,松山市,,same_municipality,松山市,multiple_candidates_for_mountain|multiple_mountains_for_candidate|weak_elevation_evidence|missing_csv_coordinate,top_candidate_for_multiple_mountains,shared_candidate,"mountain=倉谷山(#47); candidate=summit-candidate:079ae30d76fb11c2; track=""倉谷山・芝ヶ峠・淡路ヶ峠・宝ヶ峯""; score=0.57; name_tier=strong; ele_diff=139.15m; loc=strong_overlap; act_conf=high"
48,芝ヶ峠,summit-candidate:079ae30d76fb11c2,yamap_2022-03-13_09_49.gpx,倉谷山・芝ヶ峠・淡路ヶ峠・宝ヶ峯,280.85333333333335,282,1.15,0.85,1,1,0,true,true,medium,medium,high,resolve_conflict,location_strong_match,松山市,,same_municipality,松山市,multiple_candidates_for_mountain|multiple_mountains_for_candidate|missing_csv_coordinate,top_1_but_ambiguous|top_candidate_for_multiple_mountains|priority_reduced_strong_match_mutual_top1,shared_candidate,"mountain=芝ヶ峠(#48); candidate=summit-candidate:079ae30d76fb11c2; track=""倉谷山・芝ヶ峠・淡路ヶ峠・宝ヶ峯""; score=0.75; name_tier=strong; ele_diff=1.15m; loc=strong_overlap; act_conf=high"
48,芝ヶ峠,summit-candidate:b9e78d4a587ceaa0,yamap_2022-03-13_09_49.gpx,倉谷山・芝ヶ峠・淡路ヶ峠・宝ヶ峯,278.7366666666667,282,3.26,0.85,2,1,0,false,true,medium,medium,high,check_close_alternatives,location_strong_match,松山市,,same_municipality,松山市,multiple_candidates_for_mountain|multiple_mountains_for_candidate|missing_csv_coordinate,top_3_with_evidence,small_score_gap,"mountain=芝ヶ峠(#48); candidate=summit-candidate:b9e78d4a587ceaa0; track=""倉谷山・芝ヶ峠・淡路ヶ峠・宝ヶ峯""; score=0.75; name_tier=strong; ele_diff=3.26m; loc=strong_overlap; act_conf=high"
48,芝ヶ峠,summit-candidate:c284068144ec2cfd,yamap_2022-01-15_08_17.gpx,関ヶ森・観音山・倉谷山・芝ヶ峠,278.01,282,3.99,0.85,3,1,0.18,false,true,medium,medium,high,check_close_alternatives,location_strong_match,松山市,,same_municipality,松山市,multiple_candidates_for_mountain|multiple_mountains_for_candidate|missing_csv_coordinate,top_3_with_evidence,small_score_gap,"mountain=芝ヶ峠(#48); candidate=summit-candidate:c284068144ec2cfd; track=""関ヶ森・観音山・倉谷山・芝ヶ峠""; score=0.75; name_tier=strong; ele_diff=3.99m; loc=strong_overlap; act_conf=high"
49,大久保山,summit-candidate:5aff666aa93b3a17,yamap_2022-03-20_07_06.gpx,大久保山・八里ヶ峠・中坂山・天神山・室岡山・潮見山,181.12,175,6.12,0.85,1,1,0,true,true,medium,medium,high,resolve_conflict,location_strong_match,松山市,,same_municipality,松山市,multiple_candidates_for_mountain|multiple_mountains_for_candidate|missing_csv_coordinate,top_1_but_ambiguous|top_candidate_for_multiple_mountains|priority_reduced_strong_match_mutual_top1,shared_candidate,"mountain=大久保山(#49); candidate=summit-candidate:5aff666aa93b3a17; track=""大久保山・八里ヶ峠・中坂山・天神山・室岡山・潮見山""; score=0.75; name_tier=strong; ele_diff=6.12m; loc=strong_overlap; act_conf=high"
49,大久保山,summit-candidate:5e94c87cc5fcc87b,yamap_2022-03-20_07_06.gpx,大久保山・八里ヶ峠・中坂山・天神山・室岡山・潮見山,173.09,175,1.91,0.85,2,1,0.18,false,true,medium,medium,high,check_close_alternatives,location_strong_match,松山市,,same_municipality,松山市,multiple_candidates_for_mountain|multiple_mountains_for_candidate|missing_csv_coordinate,top_3_with_evidence,small_score_gap,"mountain=大久保山(#49); candidate=summit-candidate:5e94c87cc5fcc87b; track=""大久保山・八里ヶ峠・中坂山・天神山・室岡山・潮見山""; score=0.75; name_tier=strong; ele_diff=1.91m; loc=strong_overlap; act_conf=high"
49,大久保山,summit-candidate:452c10a1db199870,yamap_2022-03-20_07_06.gpx,大久保山・八里ヶ峠・中坂山・天神山・室岡山・潮見山,76.83333333333333,175,98.17,0.67,3,6,0,false,false,medium,high,high,resolve_conflict,location_strong_match,松山市,,same_municipality,松山市,multiple_candidates_for_mountain|multiple_mountains_for_candidate|weak_elevation_evidence|missing_csv_coordinate,top_candidate_for_multiple_mountains,shared_candidate,"mountain=大久保山(#49); candidate=summit-candidate:452c10a1db199870; track=""大久保山・八里ヶ峠・中坂山・天神山・室岡山・潮見山""; score=0.57; name_tier=strong; ele_diff=98.17m; loc=strong_overlap; act_conf=high"
50,八里ヶ峠,summit-candidate:5aff666aa93b3a17,yamap_2022-03-20_07_06.gpx,大久保山・八里ヶ峠・中坂山・天神山・室岡山・潮見山,181.12,182,0.88,0.85,1,2,0,false,true,medium,high,high,resolve_conflict,location_strong_match,松山市,,same_municipality,松山市,multiple_candidates_for_mountain|multiple_mountains_for_candidate|missing_csv_coordinate,top_1_but_ambiguous|top_candidate_for_multiple_mountains,shared_candidate|not_mutual_top1,"mountain=八里ヶ峠(#50); candidate=summit-candidate:5aff666aa93b3a17; track=""大久保山・八里ヶ峠・中坂山・天神山・室岡山・潮見山""; score=0.75; name_tier=strong; ele_diff=0.88m; loc=strong_overlap; act_conf=high"
50,八里ヶ峠,summit-candidate:5e94c87cc5fcc87b,yamap_2022-03-20_07_06.gpx,大久保山・八里ヶ峠・中坂山・天神山・室岡山・潮見山,173.09,182,8.91,0.85,2,2,0.18,false,true,medium,medium,high,check_close_alternatives,location_strong_match,松山市,,same_municipality,松山市,multiple_candidates_for_mountain|multiple_mountains_for_candidate|missing_csv_coordinate,top_3_with_evidence,small_score_gap,"mountain=八里ヶ峠(#50); candidate=summit-candidate:5e94c87cc5fcc87b; track=""大久保山・八里ヶ峠・中坂山・天神山・室岡山・潮見山""; score=0.75; name_tier=strong; ele_diff=8.91m; loc=strong_overlap; act_conf=high"
50,八里ヶ峠,summit-candidate:452c10a1db199870,yamap_2022-03-20_07_06.gpx,大久保山・八里ヶ峠・中坂山・天神山・室岡山・潮見山,76.83333333333333,182,105.17,0.67,3,7,0,false,false,medium,high,high,resolve_conflict,location_strong_match,松山市,,same_municipality,松山市,multiple_candidates_for_mountain|multiple_mountains_for_candidate|weak_elevation_evidence|missing_csv_coordinate,top_candidate_for_multiple_mountains,shared_candidate,"mountain=八里ヶ峠(#50); candidate=summit-candidate:452c10a1db199870; track=""大久保山・八里ヶ峠・中坂山・天神山・室岡山・潮見山""; score=0.57; name_tier=strong; ele_diff=105.17m; loc=strong_overlap; act_conf=high"
51,中坂山,summit-candidate:452c10a1db199870,yamap_2022-03-20_07_06.gpx,大久保山・八里ヶ峠・中坂山・天神山・室岡山・潮見山,76.83333333333333,98,21.17,0.79,1,1,0,true,true,medium,medium,high,resolve_conflict,location_strong_match,松山市,,same_municipality,松山市,multiple_candidates_for_mountain|multiple_mountains_for_candidate|missing_csv_coordinate,top_1_but_ambiguous|top_candidate_for_multiple_mountains|priority_reduced_strong_match_mutual_top1,shared_candidate,"mountain=中坂山(#51); candidate=summit-candidate:452c10a1db199870; track=""大久保山・八里ヶ峠・中坂山・天神山・室岡山・潮見山""; score=0.69; name_tier=strong; ele_diff=21.17m; loc=strong_overlap; act_conf=high"
51,中坂山,summit-candidate:c2c9094225d1da63,yamap_2022-03-20_07_06.gpx,大久保山・八里ヶ峠・中坂山・天神山・室岡山・潮見山,87.11000000000001,98,10.89,0.79,2,1,0.12,false,true,medium,medium,high,check_close_alternatives,location_strong_match,松山市,,same_municipality,松山市,multiple_candidates_for_mountain|multiple_mountains_for_candidate|missing_csv_coordinate,top_3_with_evidence,small_score_gap,"mountain=中坂山(#51); candidate=summit-candidate:c2c9094225d1da63; track=""大久保山・八里ヶ峠・中坂山・天神山・室岡山・潮見山""; score=0.69; name_tier=strong; ele_diff=10.89m; loc=strong_overlap; act_conf=high"
51,中坂山,summit-candidate:5aff666aa93b3a17,yamap_2022-03-20_07_06.gpx,大久保山・八里ヶ峠・中坂山・天神山・室岡山・潮見山,181.12,98,83.12,0.67,3,5,0,false,false,medium,high,high,resolve_conflict,location_strong_match,松山市,,same_municipality,松山市,multiple_candidates_for_mountain|multiple_mountains_for_candidate|weak_elevation_evidence|missing_csv_coordinate,top_candidate_for_multiple_mountains,shared_candidate,"mountain=中坂山(#51); candidate=summit-candidate:5aff666aa93b3a17; track=""大久保山・八里ヶ峠・中坂山・天神山・室岡山・潮見山""; score=0.57; name_tier=strong; ele_diff=83.12m; loc=strong_overlap; act_conf=high"
52,天神山,summit-candidate:452c10a1db199870,yamap_2022-03-20_07_06.gpx,大久保山・八里ヶ峠・中坂山・天神山・室岡山・潮見山,76.83333333333333,47,29.83,0.79,1,2,0.06,false,true,medium,high,high,resolve_conflict,location_strong_match,松山市,,same_municipality,松山市,multiple_candidates_for_mountain|multiple_mountains_for_candidate|missing_csv_coordinate,top_1_but_ambiguous|top_candidate_for_multiple_mountains,shared_candidate|not_mutual_top1,"mountain=天神山(#52); candidate=summit-candidate:452c10a1db199870; track=""大久保山・八里ヶ峠・中坂山・天神山・室岡山・潮見山""; score=0.69; name_tier=strong; ele_diff=29.83m; loc=strong_overlap; act_conf=high"
52,天神山,summit-candidate:c2c9094225d1da63,yamap_2022-03-20_07_06.gpx,大久保山・八里ヶ峠・中坂山・天神山・室岡山・潮見山,87.11000000000001,47,40.11,0.73,2,2,0.06,false,true,medium,medium,low,low_priority,location_strong_match,松山市,,same_municipality,松山市,multiple_candidates_for_mountain|multiple_mountains_for_candidate|missing_csv_coordinate,top_3_with_evidence,low_priority_alternative,"mountain=天神山(#52); candidate=summit-candidate:c2c9094225d1da63; track=""大久保山・八里ヶ峠・中坂山・天神山・室岡山・潮見山""; score=0.63; name_tier=strong; ele_diff=40.11m; loc=strong_overlap; act_conf=high"
52,天神山,summit-candidate:543b4550a3ef3e87,yamap_2022-02-15_10_36.gpx,天神山・御幸寺山,195.11333333333334,47,148.11,0.67,3,3,0,false,true,medium,medium,low,low_priority,location_strong_match,松山市,,same_municipality,松山市,multiple_candidates_for_mountain|multiple_mountains_for_candidate|weak_elevation_evidence|missing_csv_coordinate,top_3_with_evidence,low_priority_alternative,"mountain=天神山(#52); candidate=summit-candidate:543b4550a3ef3e87; track=""天神山・御幸寺山""; score=0.57; name_tier=strong; ele_diff=148.11m; loc=strong_overlap; act_conf=high"
53,室岡山,summit-candidate:452c10a1db199870,yamap_2022-03-20_07_06.gpx,大久保山・八里ヶ峠・中坂山・天神山・室岡山・潮見山,76.83333333333333,42,34.83,0.73,1,3,0,false,true,medium,high,high,resolve_conflict,location_strong_match,松山市,,same_municipality,松山市,multiple_candidates_for_mountain|multiple_mountains_for_candidate|missing_csv_coordinate,top_1_but_ambiguous|top_candidate_for_multiple_mountains,shared_candidate|not_mutual_top1,"mountain=室岡山(#53); candidate=summit-candidate:452c10a1db199870; track=""大久保山・八里ヶ峠・中坂山・天神山・室岡山・潮見山""; score=0.63; name_tier=strong; ele_diff=34.83m; loc=strong_overlap; act_conf=high"
53,室岡山,summit-candidate:c2c9094225d1da63,yamap_2022-03-20_07_06.gpx,大久保山・八里ヶ峠・中坂山・天神山・室岡山・潮見山,87.11000000000001,42,45.11,0.73,2,3,0.06,false,true,medium,medium,high,check_close_alternatives,location_strong_match,松山市,,same_municipality,松山市,multiple_candidates_for_mountain|multiple_mountains_for_candidate|missing_csv_coordinate,top_3_with_evidence,small_score_gap,"mountain=室岡山(#53); candidate=summit-candidate:c2c9094225d1da63; track=""大久保山・八里ヶ峠・中坂山・天神山・室岡山・潮見山""; score=0.63; name_tier=strong; ele_diff=45.11m; loc=strong_overlap; act_conf=high"
53,室岡山,summit-candidate:5aff666aa93b3a17,yamap_2022-03-20_07_06.gpx,大久保山・八里ヶ峠・中坂山・天神山・室岡山・潮見山,181.12,42,139.12,0.67,3,7,0,false,false,medium,high,high,resolve_conflict,location_strong_match,松山市,,same_municipality,松山市,multiple_candidates_for_mountain|multiple_mountains_for_candidate|weak_elevation_evidence|missing_csv_coordinate,top_candidate_for_multiple_mountains,shared_candidate,"mountain=室岡山(#53); candidate=summit-candidate:5aff666aa93b3a17; track=""大久保山・八里ヶ峠・中坂山・天神山・室岡山・潮見山""; score=0.57; name_tier=strong; ele_diff=139.12m; loc=strong_overlap; act_conf=high"
54,潮見山,summit-candidate:3259dfe3d9ce60c5,yamap_2022-03-23_07_38.gpx,明神山・潮見山,152.25333333333333,123,29.25,0.79,1,2,0.06,false,true,medium,high,high,resolve_conflict,location_strong_match,松山市,,same_municipality,松山市,multiple_candidates_for_mountain|multiple_mountains_for_candidate|missing_csv_coordinate,top_1_but_ambiguous|top_candidate_for_multiple_mountains,shared_candidate|not_mutual_top1,"mountain=潮見山(#54); candidate=summit-candidate:3259dfe3d9ce60c5; track=""明神山・潮見山""; score=0.69; name_tier=strong; ele_diff=29.25m; loc=strong_overlap; act_conf=high"
54,潮見山,summit-candidate:452c10a1db199870,yamap_2022-03-20_07_06.gpx,大久保山・八里ヶ峠・中坂山・天神山・室岡山・潮見山,76.83333333333333,123,46.17,0.73,2,4,0,false,false,medium,high,high,resolve_conflict,location_strong_match,松山市,,same_municipality,松山市,multiple_candidates_for_mountain|multiple_mountains_for_candidate|missing_csv_coordinate,top_candidate_for_multiple_mountains,shared_candidate,"mountain=潮見山(#54); candidate=summit-candidate:452c10a1db199870; track=""大久保山・八里ヶ峠・中坂山・天神山・室岡山・潮見山""; score=0.63; name_tier=strong; ele_diff=46.17m; loc=strong_overlap; act_conf=high"
54,潮見山,summit-candidate:c2c9094225d1da63,yamap_2022-03-20_07_06.gpx,大久保山・八里ヶ峠・中坂山・天神山・室岡山・潮見山,87.11000000000001,123,35.89,0.73,3,4,0.06,false,false,medium,medium,low,low_priority,location_strong_match,松山市,,same_municipality,松山市,multiple_candidates_for_mountain|multiple_mountains_for_candidate|missing_csv_coordinate,top_3_with_evidence,low_priority_alternative,"mountain=潮見山(#54); candidate=summit-candidate:c2c9094225d1da63; track=""大久保山・八里ヶ峠・中坂山・天神山・室岡山・潮見山""; score=0.63; name_tier=strong; ele_diff=35.89m; loc=strong_overlap; act_conf=high"
55,明神山,summit-candidate:3259dfe3d9ce60c5,yamap_2022-03-23_07_38.gpx,明神山・潮見山,152.25333333333333,161,8.75,0.85,1,1,0.12,true,true,medium,medium,high,resolve_conflict,location_strong_match,松山市,,same_municipality,松山市,multiple_candidates_for_mountain|multiple_mountains_for_candidate|missing_csv_coordinate,top_1_but_ambiguous|top_candidate_for_multiple_mountains|priority_reduced_strong_match_mutual_top1,shared_candidate,"mountain=明神山(#55); candidate=summit-candidate:3259dfe3d9ce60c5; track=""明神山・潮見山""; score=0.75; name_tier=strong; ele_diff=8.75m; loc=strong_overlap; act_conf=high"
55,明神山,summit-candidate:45439217573adfc4,yamap_2022-03-23_07_38.gpx,明神山・潮見山,210.93999999999997,161,49.94,0.73,2,2,0.18,false,true,medium,medium,low,low_priority,location_strong_match,松山市,,same_municipality,松山市,multiple_candidates_for_mountain|multiple_mountains_for_candidate|missing_csv_coordinate,top_3_with_evidence,low_priority_alternative,"mountain=明神山(#55); candidate=summit-candidate:45439217573adfc4; track=""明神山・潮見山""; score=0.63; name_tier=strong; ele_diff=49.94m; loc=strong_overlap; act_conf=high"
55,明神山,summit-candidate:fec0bb942061619b,yamap_2024-09-23_07_35.gpx,中津山(明神山)・猿越山,1539.5333333333335,161,1378.53,0.55,3,3,0.05,false,true,low,medium,high,check_location_warning,boundary_plausible,松山市,,adjacent_municipality,久万高原町,multiple_candidates_for_mountain|multiple_mountains_for_candidate|weak_elevation_evidence|missing_csv_coordinate|location_mismatch_warning,top_3_with_evidence,boundary_plausible,"mountain=明神山(#55); candidate=summit-candidate:fec0bb942061619b; track=""中津山(明神山)・猿越山""; score=0.5; name_tier=strong; ele_diff=1378.53m; loc=mismatch_warning; act_conf=high"
56,潮見山,summit-candidate:45439217573adfc4,yamap_2022-03-23_07_38.gpx,明神山・潮見山,210.93999999999997,214,3.06,0.85,1,1,0.12,true,true,medium,medium,medium,accept_candidate_after_map_check,location_strong_match,松山市,,same_municipality,松山市,multiple_candidates_for_mountain|multiple_mountains_for_candidate|missing_csv_coordinate,top_1_but_ambiguous|priority_reduced_strong_match_mutual_top1,clear_mutual_top1,"mountain=潮見山(#56); candidate=summit-candidate:45439217573adfc4; track=""明神山・潮見山""; score=0.75; name_tier=strong; ele_diff=3.06m; loc=strong_overlap; act_conf=high"
56,潮見山,summit-candidate:5aff666aa93b3a17,yamap_2022-03-20_07_06.gpx,大久保山・八里ヶ峠・中坂山・天神山・室岡山・潮見山,181.12,214,32.88,0.73,2,4,0,false,false,medium,high,high,resolve_conflict,location_strong_match,松山市,,same_municipality,松山市,multiple_candidates_for_mountain|multiple_mountains_for_candidate|missing_csv_coordinate,top_candidate_for_multiple_mountains,shared_candidate,"mountain=潮見山(#56); candidate=summit-candidate:5aff666aa93b3a17; track=""大久保山・八里ヶ峠・中坂山・天神山・室岡山・潮見山""; score=0.63; name_tier=strong; ele_diff=32.88m; loc=strong_overlap; act_conf=high"
56,潮見山,summit-candidate:5e94c87cc5fcc87b,yamap_2022-03-20_07_06.gpx,大久保山・八里ヶ峠・中坂山・天神山・室岡山・潮見山,173.09,214,40.91,0.73,3,4,0.06,false,false,medium,medium,low,low_priority,location_strong_match,松山市,,same_municipality,松山市,multiple_candidates_for_mountain|multiple_mountains_for_candidate|missing_csv_coordinate,top_3_with_evidence,low_priority_alternative,"mountain=潮見山(#56); candidate=summit-candidate:5e94c87cc5fcc87b; track=""大久保山・八里ヶ峠・中坂山・天神山・室岡山・潮見山""; score=0.63; name_tier=strong; ele_diff=40.91m; loc=strong_overlap; act_conf=high"
57,十門山(十門城址),summit-candidate:a94564816fd4afff,yamap_2022-03-25_12_12.gpx,十門山(十門城址)・ヨソ山,676.7066666666667,683,6.29,0.85,1,1,0.18,true,true,medium,medium,medium,accept_candidate_after_map_check,location_strong_match,東温市,,same_municipality,東温市,multiple_candidates_for_mountain|multiple_mountains_for_candidate|missing_csv_coordinate,top_1_but_ambiguous|priority_reduced_strong_match_mutual_top1,clear_mutual_top1,"mountain=十門山(十門城址)(#57); candidate=summit-candidate:a94564816fd4afff; track=""十門山(十門城址)・ヨソ山""; score=0.75; name_tier=strong; ele_diff=6.29m; loc=strong_overlap; act_conf=high"
57,十門山(十門城址),summit-candidate:555fd1e3be8780dd,yamap_2022-03-25_12_12.gpx,十門山(十門城址)・ヨソ山,923.8766666666667,683,240.88,0.67,2,1,0.4,false,true,medium,medium,low,low_priority,location_strong_match,東温市,,same_municipality,東温市,multiple_candidates_for_mountain|multiple_mountains_for_candidate|weak_elevation_evidence|missing_csv_coordinate,top_3_with_evidence,low_priority_alternative,"mountain=十門山(十門城址)(#57); candidate=summit-candidate:555fd1e3be8780dd; track=""十門山(十門城址)・ヨソ山""; score=0.57; name_tier=strong; ele_diff=240.88m; loc=strong_overlap; act_conf=high"
57,十門山(十門城址),summit-candidate:07834c521328cc1d,yamap_2022-03-05_09_44.gpx,城山・水梨山・向山,707.7550916004999,683,24.76,0.27,3,18,0,false,false,none,medium,low,low_priority,location_uncertain_keep,東温市,,non_adjacent_municipality,砥部町,multiple_candidates_for_mountain|multiple_mountains_for_candidate|weak_name_evidence|missing_csv_coordinate|location_mismatch_warning,top_3_with_evidence,low_priority_alternative,"mountain=十門山(十門城址)(#57); candidate=summit-candidate:07834c521328cc1d; track=""城山・水梨山・向山""; score=0.27; name_tier=none; ele_diff=24.76m; loc=mismatch_warning; act_conf=high"
58,ヨソ山,summit-candidate:555fd1e3be8780dd,yamap_2022-03-25_12_12.gpx,十門山(十門城址)・ヨソ山,923.8766666666667,928,4.12,0.63,1,2,0,false,true,medium,low,high,resolve_conflict,adjacent_but_deep_inside,西条市,,adjacent_municipality,東温市,multiple_candidates_for_mountain|multiple_mountains_for_candidate|missing_csv_coordinate|location_mismatch_warning,adjacent_but_deep_inside,not_mutual_top1,"mountain=ヨソ山(#58); candidate=summit-candidate:555fd1e3be8780dd; track=""十門山(十門城址)・ヨソ山""; score=0.68; name_tier=strong; ele_diff=4.12m; loc=mismatch_warning; act_conf=high"
58,ヨソ山,summit-candidate:7c532ef1be71a4d1,yamap_2022-01-29_08_35.gpx,皿ヶ森・経座ヶ森・ヨソ山,924.7866666666665,928,3.21,0.63,2,3,0.18,false,true,medium,low,high,check_close_alternatives,adjacent_but_deep_inside,西条市,,adjacent_municipality,東温市,multiple_candidates_for_mountain|multiple_mountains_for_candidate|missing_csv_coordinate|location_mismatch_warning,adjacent_but_deep_inside,small_score_gap,"mountain=ヨソ山(#58); candidate=summit-candidate:7c532ef1be71a4d1; track=""皿ヶ森・経座ヶ森・ヨソ山""; score=0.68; name_tier=strong; ele_diff=3.21m; loc=mismatch_warning; act_conf=high"
58,ヨソ山,summit-candidate:59c561a08189d6b9,yamap_2022-01-29_08_35.gpx,皿ヶ森・経座ヶ森・ヨソ山,630.2399999999999,928,297.76,0.45,3,3,0,false,true,low,low,high,resolve_conflict,adjacent_but_deep_inside,西条市,,adjacent_municipality,東温市,multiple_candidates_for_mountain|multiple_mountains_for_candidate|weak_elevation_evidence|missing_csv_coordinate|location_mismatch_warning,adjacent_but_deep_inside,shared_candidate,"mountain=ヨソ山(#58); candidate=summit-candidate:59c561a08189d6b9; track=""皿ヶ森・経座ヶ森・ヨソ山""; score=0.5; name_tier=strong; ele_diff=297.76m; loc=mismatch_warning; act_conf=high"
59,忽那山,summit-candidate:daa8d4127fc92552,yamap_2022-04-06_09_25.gpx,忽那山,42.296666666666674,45,2.7,0.85,1,1,0.35,true,true,medium,medium,medium,accept_candidate_after_map_check,location_strong_match,松山市,,same_municipality,松山市,multiple_candidates_for_mountain|multiple_mountains_for_candidate|missing_csv_coordinate,top_1_but_ambiguous|priority_reduced_strong_match_mutual_top1,clear_mutual_top1,"mountain=忽那山(#59); candidate=summit-candidate:daa8d4127fc92552; track=""忽那山""; score=0.75; name_tier=strong; ele_diff=2.7m; loc=strong_overlap; act_conf=high"
59,忽那山,summit-candidate:5f001ac124f82ef6,yamap_2022-10-19_16_00.gpx,西港山・大丸山・港山,41.080000000000005,45,3.92,0.5,2,7,0,false,false,low,high,high,resolve_conflict,location_strong_match,松山市,,same_municipality,松山市,multiple_candidates_for_mountain|multiple_mountains_for_candidate|weak_name_evidence|missing_csv_coordinate|timezone_sensitive_activity_link,top_candidate_for_multiple_mountains,shared_candidate,"mountain=忽那山(#59); candidate=summit-candidate:5f001ac124f82ef6; track=""西港山・大丸山・港山""; score=0.4; name_tier=none; ele_diff=3.92m; loc=strong_overlap; act_conf=high"
59,忽那山,summit-candidate:bf2b3499e08da2df,yamap_2022-10-19_16_00.gpx,西港山・大丸山・港山,47.879999999999995,45,2.88,0.5,3,7,0.06,false,false,low,medium,low,low_priority,location_strong_match,松山市,,same_municipality,松山市,multiple_candidates_for_mountain|multiple_mountains_for_candidate|weak_name_evidence|missing_csv_coordinate|timezone_sensitive_activity_link,top_3_with_evidence,low_priority_alternative,"mountain=忽那山(#59); candidate=summit-candidate:bf2b3499e08da2df; track=""西港山・大丸山・港山""; score=0.4; name_tier=none; ele_diff=2.88m; loc=strong_overlap; act_conf=high"
60,鬼ヶ城山,summit-candidate:7ceb76663c2bb81b,yamap_2022-04-08_09_33.gpx,鬼ヶ城山・大久保山・八面山・三本杭・横ノ森・小屋ヶ森・毛山,1155.4333072605007,1151,4.43,0.85,1,1,0.06,true,true,medium,medium,high,resolve_conflict,location_strong_match,宇和島市,,same_municipality,宇和島市,multiple_candidates_for_mountain|multiple_mountains_for_candidate|missing_csv_coordinate,top_1_but_ambiguous|top_candidate_for_multiple_mountains|priority_reduced_strong_match_mutual_top1,shared_candidate,"mountain=鬼ヶ城山(#60); candidate=summit-candidate:7ceb76663c2bb81b; track=""鬼ヶ城山・大久保山・八面山・三本杭・横ノ森・小屋ヶ森・毛山""; score=0.75; name_tier=strong; ele_diff=4.43m; loc=strong_overlap; act_conf=high"
60,鬼ヶ城山,summit-candidate:27c1036d4aa2230e,yamap_2022-04-08_09_33.gpx,鬼ヶ城山・大久保山・八面山・三本杭・横ノ森・小屋ヶ森・毛山,1167.5519282683324,1151,16.55,0.79,2,2,0,false,true,medium,medium,low,low_priority,location_strong_match,宇和島市,,same_municipality,宇和島市,multiple_candidates_for_mountain|multiple_mountains_for_candidate|missing_csv_coordinate,top_3_with_evidence,low_priority_alternative,"mountain=鬼ヶ城山(#60); candidate=summit-candidate:27c1036d4aa2230e; track=""鬼ヶ城山・大久保山・八面山・三本杭・横ノ森・小屋ヶ森・毛山""; score=0.69; name_tier=strong; ele_diff=16.55m; loc=strong_overlap; act_conf=high"
60,鬼ヶ城山,summit-candidate:91ebf1d99654d5b2,yamap_2022-04-08_09_33.gpx,鬼ヶ城山・大久保山・八面山・三本杭・横ノ森・小屋ヶ森・毛山,1162.2731411431716,1151,11.27,0.79,3,3,0.12,false,true,medium,medium,low,low_priority,location_strong_match,宇和島市,,same_municipality,宇和島市,multiple_candidates_for_mountain|multiple_mountains_for_candidate|missing_csv_coordinate,top_3_with_evidence,low_priority_alternative,"mountain=鬼ヶ城山(#60); candidate=summit-candidate:91ebf1d99654d5b2; track=""鬼ヶ城山・大久保山・八面山・三本杭・横ノ森・小屋ヶ森・毛山""; score=0.69; name_tier=strong; ele_diff=11.27m; loc=strong_overlap; act_conf=high"
61,三本杭,summit-candidate:babbcdf7bbd23463,yamap_2022-04-08_09_33.gpx,鬼ヶ城山・大久保山・八面山・三本杭・横ノ森・小屋ヶ森・毛山,1222.4936499541386,1226,3.51,0.85,1,1,0.18,true,true,medium,medium,medium,accept_candidate_after_map_check,location_strong_match,宇和島市,,same_municipality,宇和島市,multiple_candidates_for_mountain|multiple_mountains_for_candidate|missing_csv_coordinate,top_1_but_ambiguous|priority_reduced_strong_match_mutual_top1,clear_mutual_top1,"mountain=三本杭(#61); candidate=summit-candidate:babbcdf7bbd23463; track=""鬼ヶ城山・大久保山・八面山・三本杭・横ノ森・小屋ヶ森・毛山""; score=0.75; name_tier=strong; ele_diff=3.51m; loc=strong_overlap; act_conf=high"
61,三本杭,summit-candidate:27c1036d4aa2230e,yamap_2022-04-08_09_33.gpx,鬼ヶ城山・大久保山・八面山・三本杭・横ノ森・小屋ヶ森・毛山,1167.5519282683324,1226,58.45,0.67,2,4,0,false,false,medium,medium,low,low_priority,location_strong_match,宇和島市,,same_municipality,宇和島市,multiple_candidates_for_mountain|multiple_mountains_for_candidate|weak_elevation_evidence|missing_csv_coordinate,top_3_with_evidence,low_priority_alternative,"mountain=三本杭(#61); candidate=summit-candidate:27c1036d4aa2230e; track=""鬼ヶ城山・大久保山・八面山・三本杭・横ノ森・小屋ヶ森・毛山""; score=0.57; name_tier=strong; ele_diff=58.45m; loc=strong_overlap; act_conf=high"
61,三本杭,summit-candidate:40068653b28bad40,yamap_2022-04-08_09_33.gpx,鬼ヶ城山・大久保山・八面山・三本杭・横ノ森・小屋ヶ森・毛山,1090.3964691990484,1226,135.6,0.67,3,3,0,false,true,medium,medium,low,low_priority,location_strong_match,宇和島市,,same_municipality,宇和島市,multiple_candidates_for_mountain|multiple_mountains_for_candidate|weak_elevation_evidence|missing_csv_coordinate,top_3_with_evidence,low_priority_alternative,"mountain=三本杭(#61); candidate=summit-candidate:40068653b28bad40; track=""鬼ヶ城山・大久保山・八面山・三本杭・横ノ森・小屋ヶ森・毛山""; score=0.57; name_tier=strong; ele_diff=135.6m; loc=strong_overlap; act_conf=high"
62,八面山,summit-candidate:27c1036d4aa2230e,yamap_2022-04-08_09_33.gpx,鬼ヶ城山・大久保山・八面山・三本杭・横ノ森・小屋ヶ森・毛山,1167.5519282683324,1166,1.55,0.85,1,1,0,true,true,medium,medium,medium,accept_candidate_after_map_check,location_strong_match,宇和島市,,same_municipality,宇和島市,multiple_candidates_for_mountain|multiple_mountains_for_candidate|missing_csv_coordinate,top_1_but_ambiguous|priority_reduced_strong_match_mutual_top1,clear_mutual_top1,"mountain=八面山(#62); candidate=summit-candidate:27c1036d4aa2230e; track=""鬼ヶ城山・大久保山・八面山・三本杭・横ノ森・小屋ヶ森・毛山""; score=0.75; name_tier=strong; ele_diff=1.55m; loc=strong_overlap; act_conf=high"
62,八面山,summit-candidate:91ebf1d99654d5b2,yamap_2022-04-08_09_33.gpx,鬼ヶ城山・大久保山・八面山・三本杭・横ノ森・小屋ヶ森・毛山,1162.2731411431716,1166,3.73,0.85,2,1,0.06,false,true,medium,medium,high,check_close_alternatives,location_strong_match,宇和島市,,same_municipality,宇和島市,multiple_candidates_for_mountain|multiple_mountains_for_candidate|missing_csv_coordinate,top_3_with_evidence,small_score_gap,"mountain=八面山(#62); candidate=summit-candidate:91ebf1d99654d5b2; track=""鬼ヶ城山・大久保山・八面山・三本杭・横ノ森・小屋ヶ森・毛山""; score=0.75; name_tier=strong; ele_diff=3.73m; loc=strong_overlap; act_conf=high"
62,八面山,summit-candidate:7ceb76663c2bb81b,yamap_2022-04-08_09_33.gpx,鬼ヶ城山・大久保山・八面山・三本杭・横ノ森・小屋ヶ森・毛山,1155.4333072605007,1166,10.57,0.79,3,3,0.12,false,true,medium,high,high,resolve_conflict,location_strong_match,宇和島市,,same_municipality,宇和島市,multiple_candidates_for_mountain|multiple_mountains_for_candidate|missing_csv_coordinate,top_candidate_for_multiple_mountains,shared_candidate,"mountain=八面山(#62); candidate=summit-candidate:7ceb76663c2bb81b; track=""鬼ヶ城山・大久保山・八面山・三本杭・横ノ森・小屋ヶ森・毛山""; score=0.69; name_tier=strong; ele_diff=10.57m; loc=strong_overlap; act_conf=high"
63,大久保山,summit-candidate:7ceb76663c2bb81b,yamap_2022-04-08_09_33.gpx,鬼ヶ城山・大久保山・八面山・三本杭・横ノ森・小屋ヶ森・毛山,1155.4333072605007,1155,0.43,0.85,1,2,0,false,true,medium,high,high,resolve_conflict,location_strong_match,宇和島市,,same_municipality,宇和島市,multiple_candidates_for_mountain|multiple_mountains_for_candidate|missing_csv_coordinate,top_1_but_ambiguous|top_candidate_for_multiple_mountains,shared_candidate|not_mutual_top1,"mountain=大久保山(#63); candidate=summit-candidate:7ceb76663c2bb81b; track=""鬼ヶ城山・大久保山・八面山・三本杭・横ノ森・小屋ヶ森・毛山""; score=0.75; name_tier=strong; ele_diff=0.43m; loc=strong_overlap; act_conf=high"
63,大久保山,summit-candidate:91ebf1d99654d5b2,yamap_2022-04-08_09_33.gpx,鬼ヶ城山・大久保山・八面山・三本杭・横ノ森・小屋ヶ森・毛山,1162.2731411431716,1155,7.27,0.85,2,2,0.06,false,true,medium,medium,high,check_close_alternatives,location_strong_match,宇和島市,,same_municipality,宇和島市,multiple_candidates_for_mountain|multiple_mountains_for_candidate|missing_csv_coordinate,top_3_with_evidence,small_score_gap,"mountain=大久保山(#63); candidate=summit-candidate:91ebf1d99654d5b2; track=""鬼ヶ城山・大久保山・八面山・三本杭・横ノ森・小屋ヶ森・毛山""; score=0.75; name_tier=strong; ele_diff=7.27m; loc=strong_overlap; act_conf=high"
63,大久保山,summit-candidate:27c1036d4aa2230e,yamap_2022-04-08_09_33.gpx,鬼ヶ城山・大久保山・八面山・三本杭・横ノ森・小屋ヶ森・毛山,1167.5519282683324,1155,12.55,0.79,3,3,0.12,false,true,medium,medium,low,low_priority,location_strong_match,宇和島市,,same_municipality,宇和島市,multiple_candidates_for_mountain|multiple_mountains_for_candidate|missing_csv_coordinate,top_3_with_evidence,low_priority_alternative,"mountain=大久保山(#63); candidate=summit-candidate:27c1036d4aa2230e; track=""鬼ヶ城山・大久保山・八面山・三本杭・横ノ森・小屋ヶ森・毛山""; score=0.69; name_tier=strong; ele_diff=12.55m; loc=strong_overlap; act_conf=high"
64,大月山,summit-candidate:9a68e7a3a97831ff,yamap_2022-04-09_14_44.gpx,大月山・高縄山,950.6066666666666,953,2.39,0.85,1,1,0.06,true,true,medium,medium,medium,accept_candidate_after_map_check,location_strong_match,松山市,,same_municipality,松山市,multiple_candidates_for_mountain|multiple_mountains_for_candidate|missing_csv_coordinate|activity_link_ambiguous,top_1_but_ambiguous|priority_reduced_strong_match_mutual_top1,clear_mutual_top1,"mountain=大月山(#64); candidate=summit-candidate:9a68e7a3a97831ff; track=""大月山・高縄山""; score=0.75; name_tier=strong; ele_diff=2.39m; loc=strong_overlap; act_conf=high"
64,大月山,summit-candidate:6ba0d3c6b0fb6b96,yamap_2022-04-09_14_44.gpx,大月山・高縄山,981.3100000000001,953,28.31,0.79,2,1,0.35,false,true,medium,medium,low,low_priority,location_strong_match,松山市,,same_municipality,松山市,multiple_candidates_for_mountain|multiple_mountains_for_candidate|missing_csv_coordinate|activity_link_ambiguous,top_3_with_evidence,low_priority_alternative,"mountain=大月山(#64); candidate=summit-candidate:6ba0d3c6b0fb6b96; track=""大月山・高縄山""; score=0.69; name_tier=strong; ele_diff=28.31m; loc=strong_overlap; act_conf=high"
64,大月山,summit-candidate:0ff024bf702c13bb,yamap_2023-03-11_06_08.gpx,福見山・明神ヶ森・南三方ヶ森・魚谷森・左谷ノ森,927.3133333333334,953,25.69,0.44,3,6,0.03,false,false,low,high,high,resolve_conflict,location_strong_match,松山市,,same_municipality,松山市,multiple_candidates_for_mountain|multiple_mountains_for_candidate|weak_name_evidence|missing_csv_coordinate,top_candidate_for_multiple_mountains,shared_candidate,"mountain=大月山(#64); candidate=summit-candidate:0ff024bf702c13bb; track=""福見山・明神ヶ森・南三方ヶ森・魚谷森・左谷ノ森""; score=0.34; name_tier=none; ele_diff=25.69m; loc=strong_overlap; act_conf=high"
65,引地山,summit-candidate:7a1f0e8b5f9e5cc2,yamap_2022-04-15_11_52.gpx,皿ヶ嶺・引地山,1277.043085490437,1027,250.04,0.55,1,2,0.05,false,true,low,high,high,resolve_conflict,boundary_plausible,松山市,,adjacent_municipality,久万高原町,multiple_candidates_for_mountain|multiple_mountains_for_candidate|weak_elevation_evidence|missing_csv_coordinate|location_mismatch_warning,top_1_but_ambiguous|top_candidate_for_multiple_mountains,shared_candidate|not_mutual_top1,"mountain=引地山(#65); candidate=summit-candidate:7a1f0e8b5f9e5cc2; track=""皿ヶ嶺・引地山""; score=0.5; name_tier=strong; ele_diff=250.04m; loc=mismatch_warning; act_conf=high"
65,引地山,summit-candidate:b06e13a9483478e5,yamap_2022-04-15_11_52.gpx,皿ヶ嶺・引地山,1139.9767402874822,1027,112.98,0.5,2,1,0.17,false,true,low,medium,low,low_priority,location_uncertain_keep,松山市,,candidate_boundary_ambiguous,,multiple_candidates_for_mountain|multiple_mountains_for_candidate|weak_elevation_evidence|missing_csv_coordinate|location_mismatch_warning,top_3_with_evidence,low_priority_alternative,"mountain=引地山(#65); candidate=summit-candidate:b06e13a9483478e5; track=""皿ヶ嶺・引地山""; score=0.5; name_tier=strong; ele_diff=112.98m; loc=mismatch_warning; act_conf=high"
65,引地山,summit-candidate:851dc9683d2d7442,yamap_2024-10-14_04_48.gpx,三ッ足山・カガマシ山・橡尾山・笹ヶ峰,1024.2766666666666,1027,2.72,0.33,3,9,0,false,false,low,medium,low,low_priority,location_uncertain_keep,松山市,,candidate_boundary_ambiguous,,multiple_candidates_for_mountain|multiple_mountains_for_candidate|weak_name_evidence|missing_csv_coordinate|location_mismatch_warning,top_3_with_evidence,low_priority_alternative,"mountain=引地山(#65); candidate=summit-candidate:851dc9683d2d7442; track=""三ッ足山・カガマシ山・橡尾山・笹ヶ峰""; score=0.33; name_tier=none; ele_diff=2.72m; loc=mismatch_warning; act_conf=high"
66,東三方ヶ森,summit-candidate:d06b9d5365beffaa,yamap_2022-04-16_07_39.gpx,東三方ヶ森,1229.5033333333333,1233,3.5,0.75,1,1,0.08,true,true,medium,high,medium,accept_candidate_after_map_check,location_uncertain_keep,東温市,,candidate_boundary_ambiguous,,multiple_candidates_for_mountain|multiple_mountains_for_candidate|missing_csv_coordinate,top_1_but_ambiguous,clear_mutual_top1,"mountain=東三方ヶ森(#66); candidate=summit-candidate:d06b9d5365beffaa; track=""東三方ヶ森""; score=0.75; name_tier=strong; ele_diff=3.5m; loc=strong_overlap; act_conf=high"
66,東三方ヶ森,summit-candidate:8e8035372e25eb9d,yamap_2022-04-16_07_39.gpx,東三方ヶ森,628.7666666666668,1233,604.23,0.67,2,1,0.04,false,true,medium,medium,low,low_priority,location_strong_match,東温市,,same_municipality,東温市,multiple_candidates_for_mountain|multiple_mountains_for_candidate|weak_elevation_evidence|missing_csv_coordinate,top_3_with_evidence,low_priority_alternative,"mountain=東三方ヶ森(#66); candidate=summit-candidate:8e8035372e25eb9d; track=""東三方ヶ森""; score=0.57; name_tier=strong; ele_diff=604.23m; loc=strong_overlap; act_conf=high"
66,東三方ヶ森,summit-candidate:77bb5774f7fa012e,yamap_2022-04-16_07_39.gpx,東三方ヶ森,1199.216666666667,1233,33.78,0.63,3,1,0.08,false,true,medium,medium,low,low_priority,location_uncertain_keep,東温市,,candidate_boundary_ambiguous,,multiple_candidates_for_mountain|multiple_mountains_for_candidate|missing_csv_coordinate,top_3_with_evidence,low_priority_alternative,"mountain=東三方ヶ森(#66); candidate=summit-candidate:77bb5774f7fa012e; track=""東三方ヶ森""; score=0.63; name_tier=strong; ele_diff=33.78m; loc=strong_overlap; act_conf=high"
67,甲が森,summit-candidate:50d68ea03af3c4ff,yamap_2022-04-22_11_13.gpx,甲が森,456.7219376700282,451,5.72,0.85,1,1,0.18,true,true,medium,medium,medium,accept_candidate_after_map_check,location_strong_match,西予市,,same_municipality,西予市,multiple_candidates_for_mountain|multiple_mountains_for_candidate|missing_csv_coordinate|activity_link_ambiguous,top_1_but_ambiguous|priority_reduced_strong_match_mutual_top1,clear_mutual_top1,"mountain=甲が森(#67); candidate=summit-candidate:50d68ea03af3c4ff; track=""甲が森""; score=0.75; name_tier=strong; ele_diff=5.72m; loc=strong_overlap; act_conf=high"
67,甲が森,summit-candidate:6198ad7009d86ec2,yamap_2022-04-22_14_13.gpx,雨包山,1117.4867674520622,451,666.49,0.67,2,2,0,false,true,medium,medium,low,low_priority,location_strong_match,西予市,,same_municipality,西予市,multiple_candidates_for_mountain|multiple_mountains_for_candidate|weak_elevation_evidence|missing_csv_coordinate|activity_link_ambiguous,top_3_with_evidence,low_priority_alternative,"mountain=甲が森(#67); candidate=summit-candidate:6198ad7009d86ec2; track=""雨包山""; score=0.57; name_tier=strong; ele_diff=666.49m; loc=strong_overlap; act_conf=high"
67,甲が森,summit-candidate:da65a16f23740e83,yamap_2022-04-22_12_22.gpx,三滝山,646.7704243218062,451,195.77,0.67,3,2,0,false,true,medium,medium,low,low_priority,location_strong_match,西予市,,same_municipality,西予市,multiple_candidates_for_mountain|multiple_mountains_for_candidate|weak_elevation_evidence|missing_csv_coordinate|activity_link_ambiguous,top_3_with_evidence,low_priority_alternative,"mountain=甲が森(#67); candidate=summit-candidate:da65a16f23740e83; track=""三滝山""; score=0.57; name_tier=strong; ele_diff=195.77m; loc=strong_overlap; act_conf=high"
68,三滝山,summit-candidate:da65a16f23740e83,yamap_2022-04-22_12_22.gpx,三滝山,646.7704243218062,642,4.77,0.85,1,1,0.18,true,true,medium,medium,medium,accept_candidate_after_map_check,location_strong_match,西予市,,same_municipality,西予市,multiple_candidates_for_mountain|multiple_mountains_for_candidate|missing_csv_coordinate|activity_link_ambiguous,top_1_but_ambiguous|priority_reduced_strong_match_mutual_top1,clear_mutual_top1,"mountain=三滝山(#68); candidate=summit-candidate:da65a16f23740e83; track=""三滝山""; score=0.75; name_tier=strong; ele_diff=4.77m; loc=strong_overlap; act_conf=high"
68,三滝山,summit-candidate:50d68ea03af3c4ff,yamap_2022-04-22_11_13.gpx,甲が森,456.7219376700282,642,185.28,0.67,2,2,0,false,true,medium,medium,low,low_priority,location_strong_match,西予市,,same_municipality,西予市,multiple_candidates_for_mountain|multiple_mountains_for_candidate|weak_elevation_evidence|missing_csv_coordinate|activity_link_ambiguous,top_3_with_evidence,low_priority_alternative,"mountain=三滝山(#68); candidate=summit-candidate:50d68ea03af3c4ff; track=""甲が森""; score=0.57; name_tier=strong; ele_diff=185.28m; loc=strong_overlap; act_conf=high"
68,三滝山,summit-candidate:6198ad7009d86ec2,yamap_2022-04-22_14_13.gpx,雨包山,1117.4867674520622,642,475.49,0.67,3,3,0,false,true,medium,medium,low,low_priority,location_strong_match,西予市,,same_municipality,西予市,multiple_candidates_for_mountain|multiple_mountains_for_candidate|weak_elevation_evidence|missing_csv_coordinate|activity_link_ambiguous,top_3_with_evidence,low_priority_alternative,"mountain=三滝山(#68); candidate=summit-candidate:6198ad7009d86ec2; track=""雨包山""; score=0.57; name_tier=strong; ele_diff=475.49m; loc=strong_overlap; act_conf=high"
69,雨包山,summit-candidate:6198ad7009d86ec2,yamap_2022-04-22_14_13.gpx,雨包山,1117.4867674520622,1111,6.49,0.85,1,1,0.18,true,true,medium,medium,medium,accept_candidate_after_map_check,location_strong_match,西予市,,same_municipality,西予市,multiple_candidates_for_mountain|multiple_mountains_for_candidate|missing_csv_coordinate|activity_link_ambiguous,top_1_but_ambiguous|priority_reduced_strong_match_mutual_top1,clear_mutual_top1,"mountain=雨包山(#69); candidate=summit-candidate:6198ad7009d86ec2; track=""雨包山""; score=0.75; name_tier=strong; ele_diff=6.49m; loc=strong_overlap; act_conf=high"
69,雨包山,summit-candidate:50d68ea03af3c4ff,yamap_2022-04-22_11_13.gpx,甲が森,456.7219376700282,1111,654.28,0.67,2,3,0,false,true,medium,medium,low,low_priority,location_strong_match,西予市,,same_municipality,西予市,multiple_candidates_for_mountain|multiple_mountains_for_candidate|weak_elevation_evidence|missing_csv_coordinate|activity_link_ambiguous,top_3_with_evidence,low_priority_alternative,"mountain=雨包山(#69); candidate=summit-candidate:50d68ea03af3c4ff; track=""甲が森""; score=0.57; name_tier=strong; ele_diff=654.28m; loc=strong_overlap; act_conf=high"
69,雨包山,summit-candidate:da65a16f23740e83,yamap_2022-04-22_12_22.gpx,三滝山,646.7704243218062,1111,464.23,0.67,3,3,0,false,true,medium,medium,low,low_priority,location_strong_match,西予市,,same_municipality,西予市,multiple_candidates_for_mountain|multiple_mountains_for_candidate|weak_elevation_evidence|missing_csv_coordinate|activity_link_ambiguous,top_3_with_evidence,low_priority_alternative,"mountain=雨包山(#69); candidate=summit-candidate:da65a16f23740e83; track=""三滝山""; score=0.57; name_tier=strong; ele_diff=464.23m; loc=strong_overlap; act_conf=high"
70,源氏ヶ駄場（薊野峰）,summit-candidate:e85b9bd32eb5e6f1,yamap_2022-04-22_16_48.gpx,源氏ヶ駄場（薊野峰）,1415.7321709473536,1403,12.73,0.79,1,1,0.12,true,true,medium,medium,medium,accept_candidate_after_map_check,location_strong_match,西予市,,same_municipality,西予市,multiple_candidates_for_mountain|multiple_mountains_for_candidate|missing_csv_coordinate|activity_link_ambiguous|timezone_sensitive_activity_link,top_1_but_ambiguous|priority_reduced_strong_match_mutual_top1,clear_mutual_top1,"mountain=源氏ヶ駄場（薊野峰）(#70); candidate=summit-candidate:e85b9bd32eb5e6f1; track=""源氏ヶ駄場（薊野峰）""; score=0.69; name_tier=strong; ele_diff=12.73m; loc=strong_overlap; act_conf=high"
70,源氏ヶ駄場（薊野峰）,summit-candidate:50d68ea03af3c4ff,yamap_2022-04-22_11_13.gpx,甲が森,456.7219376700282,1403,946.28,0.67,2,4,0,false,false,medium,medium,low,low_priority,location_strong_match,西予市,,same_municipality,西予市,multiple_candidates_for_mountain|multiple_mountains_for_candidate|weak_elevation_evidence|missing_csv_coordinate|activity_link_ambiguous,top_3_with_evidence,low_priority_alternative,"mountain=源氏ヶ駄場（薊野峰）(#70); candidate=summit-candidate:50d68ea03af3c4ff; track=""甲が森""; score=0.57; name_tier=strong; ele_diff=946.28m; loc=strong_overlap; act_conf=high"
70,源氏ヶ駄場（薊野峰）,summit-candidate:6198ad7009d86ec2,yamap_2022-04-22_14_13.gpx,雨包山,1117.4867674520622,1403,285.51,0.67,3,4,0,false,false,medium,medium,low,low_priority,location_strong_match,西予市,,same_municipality,西予市,multiple_candidates_for_mountain|multiple_mountains_for_candidate|weak_elevation_evidence|missing_csv_coordinate|activity_link_ambiguous,top_3_with_evidence,low_priority_alternative,"mountain=源氏ヶ駄場（薊野峰）(#70); candidate=summit-candidate:6198ad7009d86ec2; track=""雨包山""; score=0.57; name_tier=strong; ele_diff=285.51m; loc=strong_overlap; act_conf=high"
71,碁石ヶ森,summit-candidate:ee9d736a090185dd,yamap_2022-04-22_17_29.gpx,碁石ヶ森,1188.1187548490348,1183,5.12,0.85,1,1,0.18,true,true,medium,medium,high,resolve_conflict,location_strong_match,西予市,,same_municipality,西予市,multiple_candidates_for_mountain|multiple_mountains_for_candidate|missing_csv_coordinate|activity_link_ambiguous|timezone_sensitive_activity_link,top_1_but_ambiguous|top_candidate_for_multiple_mountains|priority_reduced_strong_match_mutual_top1,shared_candidate,"mountain=碁石ヶ森(#71); candidate=summit-candidate:ee9d736a090185dd; track=""碁石ヶ森""; score=0.75; name_tier=strong; ele_diff=5.12m; loc=strong_overlap; act_conf=high"
71,碁石ヶ森,summit-candidate:50d68ea03af3c4ff,yamap_2022-04-22_11_13.gpx,甲が森,456.7219376700282,1183,726.28,0.67,2,5,0,false,false,medium,medium,low,low_priority,location_strong_match,西予市,,same_municipality,西予市,multiple_candidates_for_mountain|multiple_mountains_for_candidate|weak_elevation_evidence|missing_csv_coordinate|activity_link_ambiguous,top_3_with_evidence,low_priority_alternative,"mountain=碁石ヶ森(#71); candidate=summit-candidate:50d68ea03af3c4ff; track=""甲が森""; score=0.57; name_tier=strong; ele_diff=726.28m; loc=strong_overlap; act_conf=high"
71,碁石ヶ森,summit-candidate:6198ad7009d86ec2,yamap_2022-04-22_14_13.gpx,雨包山,1117.4867674520622,1183,65.51,0.67,3,5,0,false,false,medium,medium,low,low_priority,location_strong_match,西予市,,same_municipality,西予市,multiple_candidates_for_mountain|multiple_mountains_for_candidate|weak_elevation_evidence|missing_csv_coordinate|activity_link_ambiguous,top_3_with_evidence,low_priority_alternative,"mountain=碁石ヶ森(#71); candidate=summit-candidate:6198ad7009d86ec2; track=""雨包山""; score=0.57; name_tier=strong; ele_diff=65.51m; loc=strong_overlap; act_conf=high"
72,伊之子山,summit-candidate:15c71a530dcecd2e,yamap_2022-04-25_11_35.gpx,伊之子山・左谷ノ森,943.7166666666667,872,71.72,0.58,1,2,0.1,false,true,low,high,high,resolve_conflict,location_strong_match,松山市,,same_municipality,松山市,multiple_candidates_for_mountain|multiple_mountains_for_candidate|weak_elevation_evidence|missing_csv_coordinate|activity_link_ambiguous,top_1_but_ambiguous,not_mutual_top1,"mountain=伊之子山(#72); candidate=summit-candidate:15c71a530dcecd2e; track=""伊之子山・左谷ノ森""; score=0.48; name_tier=strong; ele_diff=71.72m; loc=strong_overlap; act_conf=low"
72,伊之子山,summit-candidate:e793f83b8a4fd86f,yamap_2022-04-25_11_35.gpx,伊之子山・左谷ノ森,927.37,872,55.37,0.48,2,2,0.14,false,true,low,medium,low,low_priority,location_uncertain_keep,松山市,,candidate_boundary_ambiguous,,multiple_candidates_for_mountain|multiple_mountains_for_candidate|weak_elevation_evidence|missing_csv_coordinate|activity_link_ambiguous,top_3_with_evidence,low_priority_alternative,"mountain=伊之子山(#72); candidate=summit-candidate:e793f83b8a4fd86f; track=""伊之子山・左谷ノ森""; score=0.48; name_tier=strong; ele_diff=55.37m; loc=strong_overlap; act_conf=low"
72,伊之子山,summit-candidate:b1d864fd1fcc9dcb,yamap_2023-01-03_07_36.gpx,福見山・河原樋山・真松嶺・柿王寺森,860.4766666666668,872,11.52,0.34,3,7,0.06,false,false,low,medium,low,low_priority,location_uncertain_keep,松山市,,candidate_boundary_ambiguous,,multiple_candidates_for_mountain|multiple_mountains_for_candidate|weak_name_evidence|missing_csv_coordinate,top_3_with_evidence,low_priority_alternative,"mountain=伊之子山(#72); candidate=summit-candidate:b1d864fd1fcc9dcb; track=""福見山・河原樋山・真松嶺・柿王寺森""; score=0.34; name_tier=none; ele_diff=11.52m; loc=strong_overlap; act_conf=high"
73,御在所山,summit-candidate:61f36127d879648f,yamap_2022-04-27_10_31.gpx,御在所山,911.8788921966252,915,3.12,0.75,1,1,0.25,true,true,medium,high,medium,accept_candidate_after_map_check,location_uncertain_keep,西予市,,candidate_boundary_ambiguous,,multiple_candidates_for_mountain|multiple_mountains_for_candidate|missing_csv_coordinate,top_1_but_ambiguous,clear_mutual_top1,"mountain=御在所山(#73); candidate=summit-candidate:61f36127d879648f; track=""御在所山""; score=0.75; name_tier=strong; ele_diff=3.12m; loc=strong_overlap; act_conf=high"
73,御在所山,summit-candidate:17c3649ad9b147ce,yamap_2026-01-07_07_05.gpx,御在所山,665.1833333333333,915,249.82,0.5,2,2,0,false,true,low,high,high,resolve_conflict,location_uncertain_keep,西予市,,candidate_boundary_ambiguous,,multiple_candidates_for_mountain|multiple_mountains_for_candidate|weak_elevation_evidence|missing_csv_coordinate|location_mismatch_warning|activity_link_ambiguous,top_candidate_for_multiple_mountains,shared_candidate,"mountain=御在所山(#73); candidate=summit-candidate:17c3649ad9b147ce; track=""御在所山""; score=0.5; name_tier=strong; ele_diff=249.82m; loc=mismatch_warning; act_conf=high"
73,御在所山,summit-candidate:a271a6c73ad11b69,yamap_2026-01-07_09_14.gpx,高雄山,382.21000000000004,915,532.79,0.5,3,3,0.17,false,true,low,medium,low,low_priority,location_uncertain_keep,西予市,,candidate_boundary_ambiguous,,multiple_candidates_for_mountain|multiple_mountains_for_candidate|weak_elevation_evidence|missing_csv_coordinate|location_mismatch_warning|activity_link_ambiguous,top_3_with_evidence,low_priority_alternative,"mountain=御在所山(#73); candidate=summit-candidate:a271a6c73ad11b69; track=""高雄山""; score=0.5; name_tier=strong; ele_diff=532.79m; loc=mismatch_warning; act_conf=high"
74,岩黒山,summit-candidate:591204fdc01b55b6,yamap_2022-04-30_08_30.gpx,岩黒山・筒上山・手箱山,1749.5652002309682,1746,3.57,0.75,1,1,0.08,true,true,medium,high,medium,accept_candidate_after_map_check,location_uncertain_keep,久万高原町,,candidate_boundary_ambiguous,,multiple_candidates_for_mountain|multiple_mountains_for_candidate|missing_csv_coordinate|activity_link_ambiguous,top_1_but_ambiguous,clear_mutual_top1,"mountain=岩黒山(#74); candidate=summit-candidate:591204fdc01b55b6; track=""岩黒山・筒上山・手箱山""; score=0.75; name_tier=strong; ele_diff=3.57m; loc=strong_overlap; act_conf=high"
74,岩黒山,summit-candidate:71b10e23075edf20,yamap_2022-04-30_08_30.gpx,岩黒山・筒上山・手箱山,1863.226432016608,1746,117.23,0.67,2,2,0,false,true,medium,high,high,resolve_conflict,location_strong_match,久万高原町,,same_municipality,久万高原町,multiple_candidates_for_mountain|multiple_mountains_for_candidate|weak_elevation_evidence|missing_csv_coordinate|activity_link_ambiguous,top_candidate_for_multiple_mountains,shared_candidate,"mountain=岩黒山(#74); candidate=summit-candidate:71b10e23075edf20; track=""岩黒山・筒上山・手箱山""; score=0.57; name_tier=strong; ele_diff=117.23m; loc=strong_overlap; act_conf=high"
74,岩黒山,summit-candidate:d13554ef3debca9d,yamap_2022-04-30_08_30.gpx,岩黒山・筒上山・手箱山,1638.4079336000111,1746,107.59,0.67,3,1,0.17,false,true,medium,medium,low,low_priority,location_strong_match,久万高原町,,same_municipality,久万高原町,multiple_candidates_for_mountain|multiple_mountains_for_candidate|weak_elevation_evidence|missing_csv_coordinate|activity_link_ambiguous,top_3_with_evidence,low_priority_alternative,"mountain=岩黒山(#74); candidate=summit-candidate:d13554ef3debca9d; track=""岩黒山・筒上山・手箱山""; score=0.57; name_tier=strong; ele_diff=107.59m; loc=strong_overlap; act_conf=high"
75,筒上山,summit-candidate:71b10e23075edf20,yamap_2022-04-30_08_30.gpx,岩黒山・筒上山・手箱山,1863.226432016608,1860,3.23,0.85,1,1,0.18,true,true,medium,medium,high,resolve_conflict,location_strong_match,久万高原町,,same_municipality,久万高原町,multiple_candidates_for_mountain|multiple_mountains_for_candidate|missing_csv_coordinate|activity_link_ambiguous,top_1_but_ambiguous|top_candidate_for_multiple_mountains|priority_reduced_strong_match_mutual_top1,shared_candidate,"mountain=筒上山(#75); candidate=summit-candidate:71b10e23075edf20; track=""岩黒山・筒上山・手箱山""; score=0.75; name_tier=strong; ele_diff=3.23m; loc=strong_overlap; act_conf=high"
75,筒上山,summit-candidate:d13554ef3debca9d,yamap_2022-04-30_08_30.gpx,岩黒山・筒上山・手箱山,1638.4079336000111,1860,221.59,0.67,2,2,0.1,false,true,medium,medium,low,low_priority,location_strong_match,久万高原町,,same_municipality,久万高原町,multiple_candidates_for_mountain|multiple_mountains_for_candidate|weak_elevation_evidence|missing_csv_coordinate|activity_link_ambiguous,top_3_with_evidence,low_priority_alternative,"mountain=筒上山(#75); candidate=summit-candidate:d13554ef3debca9d; track=""岩黒山・筒上山・手箱山""; score=0.57; name_tier=strong; ele_diff=221.59m; loc=strong_overlap; act_conf=high"
75,筒上山,summit-candidate:591204fdc01b55b6,yamap_2022-04-30_08_30.gpx,岩黒山・筒上山・手箱山,1749.5652002309682,1860,110.43,0.57,3,2,0.07,false,true,medium,medium,low,low_priority,location_uncertain_keep,久万高原町,,candidate_boundary_ambiguous,,multiple_candidates_for_mountain|multiple_mountains_for_candidate|weak_elevation_evidence|missing_csv_coordinate|activity_link_ambiguous,top_3_with_evidence,low_priority_alternative,"mountain=筒上山(#75); candidate=summit-candidate:591204fdc01b55b6; track=""岩黒山・筒上山・手箱山""; score=0.57; name_tier=strong; ele_diff=110.43m; loc=strong_overlap; act_conf=high"
76,手箱山,summit-candidate:43f9d4fa36aabb79,yamap_2022-04-30_08_30.gpx,岩黒山・筒上山・手箱山,1808.4700055808014,1806,2.47,0.68,1,1,0.01,true,true,medium,high,medium,accept_candidate_after_map_check,location_uncertain_keep,久万高原町,,candidate_outside_prefecture,,multiple_candidates_for_mountain|multiple_mountains_for_candidate|missing_csv_coordinate|location_mismatch_warning|activity_link_ambiguous,top_1_but_ambiguous,clear_mutual_top1,"mountain=手箱山(#76); candidate=summit-candidate:43f9d4fa36aabb79; track=""岩黒山・筒上山・手箱山""; score=0.68; name_tier=strong; ele_diff=2.47m; loc=mismatch_warning; act_conf=high"
76,手箱山,summit-candidate:71b10e23075edf20,yamap_2022-04-30_08_30.gpx,岩黒山・筒上山・手箱山,1863.226432016608,1806,57.23,0.67,2,3,0,false,true,medium,high,high,resolve_conflict,location_strong_match,久万高原町,,same_municipality,久万高原町,multiple_candidates_for_mountain|multiple_mountains_for_candidate|weak_elevation_evidence|missing_csv_coordinate|activity_link_ambiguous,top_candidate_for_multiple_mountains,shared_candidate,"mountain=手箱山(#76); candidate=summit-candidate:71b10e23075edf20; track=""岩黒山・筒上山・手箱山""; score=0.57; name_tier=strong; ele_diff=57.23m; loc=strong_overlap; act_conf=high"
76,手箱山,summit-candidate:d13554ef3debca9d,yamap_2022-04-30_08_30.gpx,岩黒山・筒上山・手箱山,1638.4079336000111,1806,167.59,0.67,3,3,0.1,false,true,medium,medium,high,check_close_alternatives,location_strong_match,久万高原町,,same_municipality,久万高原町,multiple_candidates_for_mountain|multiple_mountains_for_candidate|weak_elevation_evidence|missing_csv_coordinate|activity_link_ambiguous,top_3_with_evidence,small_score_gap,"mountain=手箱山(#76); candidate=summit-candidate:d13554ef3debca9d; track=""岩黒山・筒上山・手箱山""; score=0.57; name_tier=strong; ele_diff=167.59m; loc=strong_overlap; act_conf=high"
77,大川嶺,summit-candidate:1ebd63d8e2790409,yamap_2022-05-02_09_06.gpx,大川嶺・笠取山・ウバホド山,1532.1452947696732,1525,7.15,0.85,1,1,0.22,true,true,medium,medium,high,resolve_conflict,location_strong_match,久万高原町,,same_municipality,久万高原町,multiple_candidates_for_mountain|multiple_mountains_for_candidate|missing_csv_coordinate,top_1_but_ambiguous|top_candidate_for_multiple_mountains|priority_reduced_strong_match_mutual_top1,shared_candidate,"mountain=大川嶺(#77); candidate=summit-candidate:1ebd63d8e2790409; track=""大川嶺・笠取山・ウバホド山""; score=0.75; name_tier=strong; ele_diff=7.15m; loc=strong_overlap; act_conf=high"
77,大川嶺,summit-candidate:33637f0e3b5b1405,yamap_2022-05-02_09_06.gpx,大川嶺・笠取山・ウバホド山,1567.7094910140197,1525,42.71,0.63,2,2,0.13,false,true,medium,medium,low,low_priority,location_uncertain_keep,久万高原町,,candidate_boundary_ambiguous,,multiple_candidates_for_mountain|multiple_mountains_for_candidate|missing_csv_coordinate,top_3_with_evidence,low_priority_alternative,"mountain=大川嶺(#77); candidate=summit-candidate:33637f0e3b5b1405; track=""大川嶺・笠取山・ウバホド山""; score=0.63; name_tier=strong; ele_diff=42.71m; loc=strong_overlap; act_conf=high"
77,大川嶺,summit-candidate:22e40e9eb117a033,yamap_2024-05-03_08_45.gpx,面河山,1519.8633333333335,1525,5.14,0.5,3,2,0.06,false,true,low,medium,low,low_priority,location_strong_match,久万高原町,,same_municipality,久万高原町,multiple_candidates_for_mountain|multiple_mountains_for_candidate|weak_name_evidence|missing_csv_coordinate,top_3_with_evidence,low_priority_alternative,"mountain=大川嶺(#77); candidate=summit-candidate:22e40e9eb117a033; track=""面河山""; score=0.4; name_tier=none; ele_diff=5.14m; loc=strong_overlap; act_conf=high"
78,笠取山,summit-candidate:1ebd63d8e2790409,yamap_2022-05-02_09_06.gpx,大川嶺・笠取山・ウバホド山,1532.1452947696732,1562,29.85,0.79,1,2,0.04,false,true,medium,high,high,resolve_conflict,location_strong_match,久万高原町,,same_municipality,久万高原町,multiple_candidates_for_mountain|multiple_mountains_for_candidate|missing_csv_coordinate,top_1_but_ambiguous|top_candidate_for_multiple_mountains,shared_candidate|not_mutual_top1,"mountain=笠取山(#78); candidate=summit-candidate:1ebd63d8e2790409; track=""大川嶺・笠取山・ウバホド山""; score=0.69; name_tier=strong; ele_diff=29.85m; loc=strong_overlap; act_conf=high"
78,笠取山,summit-candidate:33637f0e3b5b1405,yamap_2022-05-02_09_06.gpx,大川嶺・笠取山・ウバホド山,1567.7094910140197,1562,5.71,0.75,2,1,0.25,false,true,medium,medium,low,low_priority,location_uncertain_keep,久万高原町,,candidate_boundary_ambiguous,,multiple_candidates_for_mountain|multiple_mountains_for_candidate|missing_csv_coordinate,top_3_with_evidence,low_priority_alternative,"mountain=笠取山(#78); candidate=summit-candidate:33637f0e3b5b1405; track=""大川嶺・笠取山・ウバホド山""; score=0.75; name_tier=strong; ele_diff=5.71m; loc=strong_overlap; act_conf=high"
78,笠取山,summit-candidate:5ec5a611be375a53,yamap_2024-05-11_07_45.gpx,丸笹山,1567.1366666666665,1562,5.14,0.5,3,3,0.06,false,true,low,medium,low,low_priority,location_strong_match,久万高原町,,same_municipality,久万高原町,multiple_candidates_for_mountain|multiple_mountains_for_candidate|weak_name_evidence|missing_csv_coordinate|activity_link_ambiguous,top_3_with_evidence,low_priority_alternative,"mountain=笠取山(#78); candidate=summit-candidate:5ec5a611be375a53; track=""丸笹山""; score=0.4; name_tier=none; ele_diff=5.14m; loc=strong_overlap; act_conf=high"
79,ウバホド山,summit-candidate:1ebd63d8e2790409,yamap_2022-05-02_09_06.gpx,大川嶺・笠取山・ウバホド山,1532.1452947696732,1482,50.15,0.67,1,3,0.1,false,true,medium,high,high,resolve_conflict,location_strong_match,久万高原町,,same_municipality,久万高原町,multiple_candidates_for_mountain|multiple_mountains_for_candidate|weak_elevation_evidence|missing_csv_coordinate,top_1_but_ambiguous|top_candidate_for_multiple_mountains,shared_candidate|not_mutual_top1,"mountain=ウバホド山(#79); candidate=summit-candidate:1ebd63d8e2790409; track=""大川嶺・笠取山・ウバホド山""; score=0.57; name_tier=strong; ele_diff=50.15m; loc=strong_overlap; act_conf=high"
79,ウバホド山,summit-candidate:33637f0e3b5b1405,yamap_2022-05-02_09_06.gpx,大川嶺・笠取山・ウバホド山,1567.7094910140197,1482,85.71,0.57,2,3,0.07,false,true,medium,medium,low,low_priority,location_uncertain_keep,久万高原町,,candidate_boundary_ambiguous,,multiple_candidates_for_mountain|multiple_mountains_for_candidate|weak_elevation_evidence|missing_csv_coordinate,top_3_with_evidence,low_priority_alternative,"mountain=ウバホド山(#79); candidate=summit-candidate:33637f0e3b5b1405; track=""大川嶺・笠取山・ウバホド山""; score=0.57; name_tier=strong; ele_diff=85.71m; loc=strong_overlap; act_conf=high"
79,ウバホド山,summit-candidate:3f404ba3e31c8b54,yamap_2024-04-20_05_43.gpx,気多山・八辻ノ峰・五代ヶ森,1478.8966666666668,1482,3.1,0.5,3,4,0.13,false,false,low,medium,low,low_priority,location_strong_match,久万高原町,,same_municipality,久万高原町,multiple_candidates_for_mountain|multiple_mountains_for_candidate|weak_name_evidence|missing_csv_coordinate,top_3_with_evidence,low_priority_alternative,"mountain=ウバホド山(#79); candidate=summit-candidate:3f404ba3e31c8b54; track=""気多山・八辻ノ峰・五代ヶ森""; score=0.4; name_tier=none; ele_diff=3.1m; loc=strong_overlap; act_conf=high"
80,うなめご,summit-candidate:ea6bebee79234da7,yamap_2022-05-05_13_29.gpx,陣ヶ森・前々司山・うなめご,1276.53,1284,7.47,0.73,1,1,0.1,true,true,medium,high,medium,accept_candidate_after_map_check,boundary_plausible,東温市,,adjacent_municipality,久万高原町,multiple_candidates_for_mountain|multiple_mountains_for_candidate|missing_csv_coordinate|location_mismatch_warning,top_1_but_ambiguous,clear_mutual_top1,"mountain=うなめご(#80); candidate=summit-candidate:ea6bebee79234da7; track=""陣ヶ森・前々司山・うなめご""; score=0.68; name_tier=strong; ele_diff=7.47m; loc=mismatch_warning; act_conf=high"
80,うなめご,summit-candidate:e7e4429a39f6359f,yamap_2022-05-05_13_29.gpx,陣ヶ森・前々司山・うなめご,1250.17,1284,33.83,0.63,2,2,0.08,false,true,medium,medium,low,low_priority,location_uncertain_keep,東温市,,candidate_boundary_ambiguous,,multiple_candidates_for_mountain|multiple_mountains_for_candidate|missing_csv_coordinate,top_3_with_evidence,low_priority_alternative,"mountain=うなめご(#80); candidate=summit-candidate:e7e4429a39f6359f; track=""陣ヶ森・前々司山・うなめご""; score=0.63; name_tier=strong; ele_diff=33.83m; loc=strong_overlap; act_conf=high"
80,うなめご,summit-candidate:e084389cc60ad329,yamap_2022-05-05_13_29.gpx,陣ヶ森・前々司山・うなめご,1203.3533333333332,1284,80.65,0.55,3,4,0.1,false,false,low,high,high,resolve_conflict,boundary_plausible,東温市,,adjacent_municipality,久万高原町,multiple_candidates_for_mountain|multiple_mountains_for_candidate|weak_elevation_evidence|missing_csv_coordinate|location_mismatch_warning,top_candidate_for_multiple_mountains,shared_candidate,"mountain=うなめご(#80); candidate=summit-candidate:e084389cc60ad329; track=""陣ヶ森・前々司山・うなめご""; score=0.5; name_tier=strong; ele_diff=80.65m; loc=mismatch_warning; act_conf=high"
81,前々司山,summit-candidate:e7e4429a39f6359f,yamap_2022-05-05_13_29.gpx,陣ヶ森・前々司山・うなめご,1250.17,1253,2.83,0.75,1,1,0.08,true,true,medium,high,medium,accept_candidate_after_map_check,location_uncertain_keep,東温市,,candidate_boundary_ambiguous,,multiple_candidates_for_mountain|multiple_mountains_for_candidate|missing_csv_coordinate,top_1_but_ambiguous,clear_mutual_top1,"mountain=前々司山(#81); candidate=summit-candidate:e7e4429a39f6359f; track=""陣ヶ森・前々司山・うなめご""; score=0.75; name_tier=strong; ele_diff=2.83m; loc=strong_overlap; act_conf=high"
81,前々司山,summit-candidate:ea6bebee79234da7,yamap_2022-05-05_13_29.gpx,陣ヶ森・前々司山・うなめご,1276.53,1253,23.53,0.67,2,2,0.06,false,true,medium,medium,high,check_location_warning,boundary_plausible,東温市,,adjacent_municipality,久万高原町,multiple_candidates_for_mountain|multiple_mountains_for_candidate|missing_csv_coordinate|location_mismatch_warning,top_3_with_evidence,boundary_plausible,"mountain=前々司山(#81); candidate=summit-candidate:ea6bebee79234da7; track=""陣ヶ森・前々司山・うなめご""; score=0.62; name_tier=strong; ele_diff=23.53m; loc=mismatch_warning; act_conf=high"
81,前々司山,summit-candidate:e084389cc60ad329,yamap_2022-05-05_13_29.gpx,陣ヶ森・前々司山・うなめご,1203.3533333333332,1253,49.65,0.61,3,2,0.21,false,true,medium,high,high,resolve_conflict,boundary_plausible,東温市,,adjacent_municipality,久万高原町,multiple_candidates_for_mountain|multiple_mountains_for_candidate|missing_csv_coordinate|location_mismatch_warning,top_candidate_for_multiple_mountains,shared_candidate,"mountain=前々司山(#81); candidate=summit-candidate:e084389cc60ad329; track=""陣ヶ森・前々司山・うなめご""; score=0.56; name_tier=strong; ele_diff=49.65m; loc=mismatch_warning; act_conf=high"
82,陣ヶ森,summit-candidate:e084389cc60ad329,yamap_2022-05-05_13_29.gpx,陣ヶ森・前々司山・うなめご,1203.3533333333332,1207,3.65,0.73,1,1,0.1,true,true,medium,high,high,resolve_conflict,boundary_plausible,東温市,,adjacent_municipality,久万高原町,multiple_candidates_for_mountain|multiple_mountains_for_candidate|missing_csv_coordinate|location_mismatch_warning,top_1_but_ambiguous|top_candidate_for_multiple_mountains,shared_candidate,"mountain=陣ヶ森(#82); candidate=summit-candidate:e084389cc60ad329; track=""陣ヶ森・前々司山・うなめご""; score=0.68; name_tier=strong; ele_diff=3.65m; loc=mismatch_warning; act_conf=high"
82,陣ヶ森,summit-candidate:e7e4429a39f6359f,yamap_2022-05-05_13_29.gpx,陣ヶ森・前々司山・うなめご,1250.17,1207,43.17,0.63,2,3,0.08,false,true,medium,medium,low,low_priority,location_uncertain_keep,東温市,,candidate_boundary_ambiguous,,multiple_candidates_for_mountain|multiple_mountains_for_candidate|missing_csv_coordinate,top_3_with_evidence,low_priority_alternative,"mountain=陣ヶ森(#82); candidate=summit-candidate:e7e4429a39f6359f; track=""陣ヶ森・前々司山・うなめご""; score=0.63; name_tier=strong; ele_diff=43.17m; loc=strong_overlap; act_conf=high"
82,陣ヶ森,summit-candidate:ea6bebee79234da7,yamap_2022-05-05_13_29.gpx,陣ヶ森・前々司山・うなめご,1276.53,1207,69.53,0.55,3,4,0.15,false,false,low,medium,high,check_location_warning,boundary_plausible,東温市,,adjacent_municipality,久万高原町,multiple_candidates_for_mountain|multiple_mountains_for_candidate|weak_elevation_evidence|missing_csv_coordinate|location_mismatch_warning,top_3_with_evidence,boundary_plausible,"mountain=陣ヶ森(#82); candidate=summit-candidate:ea6bebee79234da7; track=""陣ヶ森・前々司山・うなめご""; score=0.5; name_tier=strong; ele_diff=69.53m; loc=mismatch_warning; act_conf=high"
83,寒川山,summit-candidate:2f7dbee4c5bde53e,yamap_2022-05-07_07_14.gpx,寒川山・鋸山・七々木山・豊受山・赤星山,1251.9766666666667,817,434.98,0.67,1,2,0,false,true,medium,high,high,resolve_conflict,location_strong_match,四国中央市,,same_municipality,四国中央市,multiple_candidates_for_mountain|multiple_mountains_for_candidate|weak_elevation_evidence|missing_csv_coordinate|activity_link_ambiguous,top_1_but_ambiguous|top_candidate_for_multiple_mountains,shared_candidate|not_mutual_top1,"mountain=寒川山(#83); candidate=summit-candidate:2f7dbee4c5bde53e; track=""寒川山・鋸山・七々木山・豊受山・赤星山""; score=0.57; name_tier=strong; ele_diff=434.98m; loc=strong_overlap; act_conf=high"
83,寒川山,summit-candidate:db51ae1b2be57eea,yamap_2022-05-07_07_14.gpx,寒川山・鋸山・七々木山・豊受山・赤星山,1451.0833333333333,817,634.08,0.67,2,2,0,false,true,medium,medium,high,check_close_alternatives,location_strong_match,四国中央市,,same_municipality,四国中央市,multiple_candidates_for_mountain|multiple_mountains_for_candidate|weak_elevation_evidence|missing_csv_coordinate|activity_link_ambiguous,top_3_with_evidence,small_score_gap,"mountain=寒川山(#83); candidate=summit-candidate:db51ae1b2be57eea; track=""寒川山・鋸山・七々木山・豊受山・赤星山""; score=0.57; name_tier=strong; ele_diff=634.08m; loc=strong_overlap; act_conf=high"
83,寒川山,summit-candidate:eaabf45a5163fb65,yamap_2022-05-07_07_14.gpx,寒川山・鋸山・七々木山・豊受山・赤星山,1251.2133333333334,817,434.21,0.67,3,2,0.23,false,true,medium,medium,high,check_close_alternatives,location_strong_match,四国中央市,,same_municipality,四国中央市,multiple_candidates_for_mountain|multiple_mountains_for_candidate|weak_elevation_evidence|missing_csv_coordinate|activity_link_ambiguous,top_3_with_evidence,small_score_gap,"mountain=寒川山(#83); candidate=summit-candidate:eaabf45a5163fb65; track=""寒川山・鋸山・七々木山・豊受山・赤星山""; score=0.57; name_tier=strong; ele_diff=434.21m; loc=strong_overlap; act_conf=high"
84,豊受山,summit-candidate:2f7dbee4c5bde53e,yamap_2022-05-07_07_14.gpx,寒川山・鋸山・七々木山・豊受山・赤星山,1251.9766666666667,1247,4.98,0.85,1,1,0,true,true,medium,medium,high,resolve_conflict,location_strong_match,四国中央市,,same_municipality,四国中央市,multiple_candidates_for_mountain|multiple_mountains_for_candidate|missing_csv_coordinate|activity_link_ambiguous,top_1_but_ambiguous|top_candidate_for_multiple_mountains|priority_reduced_strong_match_mutual_top1,shared_candidate,"mountain=豊受山(#84); candidate=summit-candidate:2f7dbee4c5bde53e; track=""寒川山・鋸山・七々木山・豊受山・赤星山""; score=0.75; name_tier=strong; ele_diff=4.98m; loc=strong_overlap; act_conf=high"
84,豊受山,summit-candidate:eaabf45a5163fb65,yamap_2022-05-07_07_14.gpx,寒川山・鋸山・七々木山・豊受山・赤星山,1251.2133333333334,1247,4.21,0.85,2,1,0.18,false,true,medium,medium,high,check_close_alternatives,location_strong_match,四国中央市,,same_municipality,四国中央市,multiple_candidates_for_mountain|multiple_mountains_for_candidate|missing_csv_coordinate|activity_link_ambiguous,top_3_with_evidence,small_score_gap,"mountain=豊受山(#84); candidate=summit-candidate:eaabf45a5163fb65; track=""寒川山・鋸山・七々木山・豊受山・赤星山""; score=0.75; name_tier=strong; ele_diff=4.21m; loc=strong_overlap; act_conf=high"
84,豊受山,summit-candidate:db51ae1b2be57eea,yamap_2022-05-07_07_14.gpx,寒川山・鋸山・七々木山・豊受山・赤星山,1451.0833333333333,1247,204.08,0.67,3,3,0.29,false,true,medium,medium,low,low_priority,location_strong_match,四国中央市,,same_municipality,四国中央市,multiple_candidates_for_mountain|multiple_mountains_for_candidate|weak_elevation_evidence|missing_csv_coordinate|activity_link_ambiguous,top_3_with_evidence,low_priority_alternative,"mountain=豊受山(#84); candidate=summit-candidate:db51ae1b2be57eea; track=""寒川山・鋸山・七々木山・豊受山・赤星山""; score=0.57; name_tier=strong; ele_diff=204.08m; loc=strong_overlap; act_conf=high"
85,赤星山,summit-candidate:db51ae1b2be57eea,yamap_2022-05-07_07_14.gpx,寒川山・鋸山・七々木山・豊受山・赤星山,1451.0833333333333,1453,1.92,0.85,1,1,0.18,true,true,medium,medium,medium,accept_candidate_after_map_check,location_strong_match,四国中央市,,same_municipality,四国中央市,multiple_candidates_for_mountain|multiple_mountains_for_candidate|missing_csv_coordinate|activity_link_ambiguous,top_1_but_ambiguous|priority_reduced_strong_match_mutual_top1,clear_mutual_top1,"mountain=赤星山(#85); candidate=summit-candidate:db51ae1b2be57eea; track=""寒川山・鋸山・七々木山・豊受山・赤星山""; score=0.75; name_tier=strong; ele_diff=1.92m; loc=strong_overlap; act_conf=high"
85,赤星山,summit-candidate:2f7dbee4c5bde53e,yamap_2022-05-07_07_14.gpx,寒川山・鋸山・七々木山・豊受山・赤星山,1251.9766666666667,1453,201.02,0.67,2,3,0,false,true,medium,high,high,resolve_conflict,location_strong_match,四国中央市,,same_municipality,四国中央市,multiple_candidates_for_mountain|multiple_mountains_for_candidate|weak_elevation_evidence|missing_csv_coordinate|activity_link_ambiguous,top_candidate_for_multiple_mountains,shared_candidate,"mountain=赤星山(#85); candidate=summit-candidate:2f7dbee4c5bde53e; track=""寒川山・鋸山・七々木山・豊受山・赤星山""; score=0.57; name_tier=strong; ele_diff=201.02m; loc=strong_overlap; act_conf=high"
85,赤星山,summit-candidate:eaabf45a5163fb65,yamap_2022-05-07_07_14.gpx,寒川山・鋸山・七々木山・豊受山・赤星山,1251.2133333333334,1453,201.79,0.67,3,3,0.23,false,true,medium,medium,low,low_priority,location_strong_match,四国中央市,,same_municipality,四国中央市,multiple_candidates_for_mountain|multiple_mountains_for_candidate|weak_elevation_evidence|missing_csv_coordinate|activity_link_ambiguous,top_3_with_evidence,low_priority_alternative,"mountain=赤星山(#85); candidate=summit-candidate:eaabf45a5163fb65; track=""寒川山・鋸山・七々木山・豊受山・赤星山""; score=0.57; name_tier=strong; ele_diff=201.79m; loc=strong_overlap; act_conf=high"
86,七々木山,summit-candidate:2f7dbee4c5bde53e,yamap_2022-05-07_07_14.gpx,寒川山・鋸山・七々木山・豊受山・赤星山,1251.9766666666667,1145,106.98,0.67,1,4,0,false,false,medium,high,high,resolve_conflict,location_strong_match,四国中央市,,same_municipality,四国中央市,multiple_candidates_for_mountain|multiple_mountains_for_candidate|weak_elevation_evidence|missing_csv_coordinate|activity_link_ambiguous,top_1_but_ambiguous|top_candidate_for_multiple_mountains,shared_candidate|not_mutual_top1,"mountain=七々木山(#86); candidate=summit-candidate:2f7dbee4c5bde53e; track=""寒川山・鋸山・七々木山・豊受山・赤星山""; score=0.57; name_tier=strong; ele_diff=106.98m; loc=strong_overlap; act_conf=high"
86,七々木山,summit-candidate:db51ae1b2be57eea,yamap_2022-05-07_07_14.gpx,寒川山・鋸山・七々木山・豊受山・赤星山,1451.0833333333333,1145,306.08,0.67,2,4,0,false,false,medium,medium,high,check_close_alternatives,location_strong_match,四国中央市,,same_municipality,四国中央市,multiple_candidates_for_mountain|multiple_mountains_for_candidate|weak_elevation_evidence|missing_csv_coordinate|activity_link_ambiguous,top_3_with_evidence,small_score_gap,"mountain=七々木山(#86); candidate=summit-candidate:db51ae1b2be57eea; track=""寒川山・鋸山・七々木山・豊受山・赤星山""; score=0.57; name_tier=strong; ele_diff=306.08m; loc=strong_overlap; act_conf=high"
86,七々木山,summit-candidate:eaabf45a5163fb65,yamap_2022-05-07_07_14.gpx,寒川山・鋸山・七々木山・豊受山・赤星山,1251.2133333333334,1145,106.21,0.67,3,4,0.17,false,false,medium,medium,high,check_close_alternatives,location_strong_match,四国中央市,,same_municipality,四国中央市,multiple_candidates_for_mountain|multiple_mountains_for_candidate|weak_elevation_evidence|missing_csv_coordinate|activity_link_ambiguous,top_3_with_evidence,small_score_gap,"mountain=七々木山(#86); candidate=summit-candidate:eaabf45a5163fb65; track=""寒川山・鋸山・七々木山・豊受山・赤星山""; score=0.57; name_tier=strong; ele_diff=106.21m; loc=strong_overlap; act_conf=high"
87,鋸山,summit-candidate:2f7dbee4c5bde53e,yamap_2022-05-07_07_14.gpx,寒川山・鋸山・七々木山・豊受山・赤星山,1251.9766666666667,1017,234.98,0.67,1,5,0,false,false,medium,high,high,resolve_conflict,location_strong_match,四国中央市,,same_municipality,四国中央市,multiple_candidates_for_mountain|multiple_mountains_for_candidate|weak_elevation_evidence|missing_csv_coordinate|activity_link_ambiguous,top_1_but_ambiguous|top_candidate_for_multiple_mountains,shared_candidate|not_mutual_top1,"mountain=鋸山(#87); candidate=summit-candidate:2f7dbee4c5bde53e; track=""寒川山・鋸山・七々木山・豊受山・赤星山""; score=0.57; name_tier=strong; ele_diff=234.98m; loc=strong_overlap; act_conf=high"
87,鋸山,summit-candidate:db51ae1b2be57eea,yamap_2022-05-07_07_14.gpx,寒川山・鋸山・七々木山・豊受山・赤星山,1451.0833333333333,1017,434.08,0.67,2,5,0,false,false,medium,medium,high,check_close_alternatives,location_strong_match,四国中央市,,same_municipality,四国中央市,multiple_candidates_for_mountain|multiple_mountains_for_candidate|weak_elevation_evidence|missing_csv_coordinate|activity_link_ambiguous,top_3_with_evidence,small_score_gap,"mountain=鋸山(#87); candidate=summit-candidate:db51ae1b2be57eea; track=""寒川山・鋸山・七々木山・豊受山・赤星山""; score=0.57; name_tier=strong; ele_diff=434.08m; loc=strong_overlap; act_conf=high"
87,鋸山,summit-candidate:eaabf45a5163fb65,yamap_2022-05-07_07_14.gpx,寒川山・鋸山・七々木山・豊受山・赤星山,1251.2133333333334,1017,234.21,0.67,3,5,0.17,false,false,medium,medium,high,check_close_alternatives,location_strong_match,四国中央市,,same_municipality,四国中央市,multiple_candidates_for_mountain|multiple_mountains_for_candidate|weak_elevation_evidence|missing_csv_coordinate|activity_link_ambiguous,top_3_with_evidence,small_score_gap,"mountain=鋸山(#87); candidate=summit-candidate:eaabf45a5163fb65; track=""寒川山・鋸山・七々木山・豊受山・赤星山""; score=0.57; name_tier=strong; ele_diff=234.21m; loc=strong_overlap; act_conf=high"
88,翠波峰,summit-candidate:2f7dbee4c5bde53e,yamap_2022-05-07_07_14.gpx,寒川山・鋸山・七々木山・豊受山・赤星山,1251.9766666666667,891,360.98,0.67,1,6,0,false,false,medium,high,high,resolve_conflict,location_strong_match,四国中央市,,same_municipality,四国中央市,multiple_candidates_for_mountain|multiple_mountains_for_candidate|weak_elevation_evidence|missing_csv_coordinate|activity_link_ambiguous,top_1_but_ambiguous|top_candidate_for_multiple_mountains,shared_candidate|not_mutual_top1,"mountain=翠波峰(#88); candidate=summit-candidate:2f7dbee4c5bde53e; track=""寒川山・鋸山・七々木山・豊受山・赤星山""; score=0.57; name_tier=strong; ele_diff=360.98m; loc=strong_overlap; act_conf=high"
88,翠波峰,summit-candidate:db51ae1b2be57eea,yamap_2022-05-07_07_14.gpx,寒川山・鋸山・七々木山・豊受山・赤星山,1451.0833333333333,891,560.08,0.67,2,6,0,false,false,medium,medium,high,check_close_alternatives,location_strong_match,四国中央市,,same_municipality,四国中央市,multiple_candidates_for_mountain|multiple_mountains_for_candidate|weak_elevation_evidence|missing_csv_coordinate|activity_link_ambiguous,top_3_with_evidence,small_score_gap,"mountain=翠波峰(#88); candidate=summit-candidate:db51ae1b2be57eea; track=""寒川山・鋸山・七々木山・豊受山・赤星山""; score=0.57; name_tier=strong; ele_diff=560.08m; loc=strong_overlap; act_conf=high"
88,翠波峰,summit-candidate:eaabf45a5163fb65,yamap_2022-05-07_07_14.gpx,寒川山・鋸山・七々木山・豊受山・赤星山,1251.2133333333334,891,360.21,0.67,3,6,0.34,false,false,medium,medium,high,check_close_alternatives,location_strong_match,四国中央市,,same_municipality,四国中央市,multiple_candidates_for_mountain|multiple_mountains_for_candidate|weak_elevation_evidence|missing_csv_coordinate|activity_link_ambiguous,top_3_with_evidence,small_score_gap,"mountain=翠波峰(#88); candidate=summit-candidate:eaabf45a5163fb65; track=""寒川山・鋸山・七々木山・豊受山・赤星山""; score=0.57; name_tier=strong; ele_diff=360.21m; loc=strong_overlap; act_conf=high"
89,平石山,summit-candidate:2f7dbee4c5bde53e,yamap_2022-05-07_07_14.gpx,寒川山・鋸山・七々木山・豊受山・赤星山,1251.9766666666667,826,425.98,0.67,1,7,0,false,false,medium,high,high,resolve_conflict,location_strong_match,四国中央市,,same_municipality,四国中央市,multiple_candidates_for_mountain|multiple_mountains_for_candidate|weak_elevation_evidence|missing_csv_coordinate|activity_link_ambiguous,top_1_but_ambiguous|top_candidate_for_multiple_mountains,shared_candidate|not_mutual_top1,"mountain=平石山(#89); candidate=summit-candidate:2f7dbee4c5bde53e; track=""寒川山・鋸山・七々木山・豊受山・赤星山""; score=0.57; name_tier=strong; ele_diff=425.98m; loc=strong_overlap; act_conf=high"
89,平石山,summit-candidate:db51ae1b2be57eea,yamap_2022-05-07_07_14.gpx,寒川山・鋸山・七々木山・豊受山・赤星山,1451.0833333333333,826,625.08,0.67,2,7,0,false,false,medium,medium,high,check_close_alternatives,location_strong_match,四国中央市,,same_municipality,四国中央市,multiple_candidates_for_mountain|multiple_mountains_for_candidate|weak_elevation_evidence|missing_csv_coordinate|activity_link_ambiguous,top_3_with_evidence,small_score_gap,"mountain=平石山(#89); candidate=summit-candidate:db51ae1b2be57eea; track=""寒川山・鋸山・七々木山・豊受山・赤星山""; score=0.57; name_tier=strong; ele_diff=625.08m; loc=strong_overlap; act_conf=high"
89,平石山,summit-candidate:eaabf45a5163fb65,yamap_2022-05-07_07_14.gpx,寒川山・鋸山・七々木山・豊受山・赤星山,1251.2133333333334,826,425.21,0.67,3,7,0.17,false,false,medium,medium,high,check_close_alternatives,location_strong_match,四国中央市,,same_municipality,四国中央市,multiple_candidates_for_mountain|multiple_mountains_for_candidate|weak_elevation_evidence|missing_csv_coordinate|activity_link_ambiguous,top_3_with_evidence,small_score_gap,"mountain=平石山(#89); candidate=summit-candidate:eaabf45a5163fb65; track=""寒川山・鋸山・七々木山・豊受山・赤星山""; score=0.57; name_tier=strong; ele_diff=425.21m; loc=strong_overlap; act_conf=high"
90,割石東山,summit-candidate:4b33f9c73e644793,yamap_2022-05-15_06_10.gpx,割石東山・青滝山・堂ヶ森,1076.4162189328617,1074,2.42,0.85,1,1,0.18,true,true,medium,medium,medium,accept_candidate_after_map_check,location_strong_match,久万高原町,,same_municipality,久万高原町,multiple_candidates_for_mountain|multiple_mountains_for_candidate|missing_csv_coordinate|activity_link_ambiguous,top_1_but_ambiguous|priority_reduced_strong_match_mutual_top1,clear_mutual_top1,"mountain=割石東山(#90); candidate=summit-candidate:4b33f9c73e644793; track=""割石東山・青滝山・堂ヶ森""; score=0.75; name_tier=strong; ele_diff=2.42m; loc=strong_overlap; act_conf=high"
90,割石東山,summit-candidate:57e8c6cb102c9500,yamap_2022-05-15_06_10.gpx,割石東山・青滝山・堂ヶ森,766.7766666666666,1074,307.22,0.67,2,1,0,false,true,medium,medium,low,low_priority,location_strong_match,久万高原町,,same_municipality,久万高原町,multiple_candidates_for_mountain|multiple_mountains_for_candidate|weak_elevation_evidence|missing_csv_coordinate|activity_link_ambiguous,top_3_with_evidence,low_priority_alternative,"mountain=割石東山(#90); candidate=summit-candidate:57e8c6cb102c9500; track=""割石東山・青滝山・堂ヶ森""; score=0.57; name_tier=strong; ele_diff=307.22m; loc=strong_overlap; act_conf=high"
90,割石東山,summit-candidate:bb644412fd9a132c,yamap_2022-05-15_06_10.gpx,割石東山・青滝山・堂ヶ森,1682.5333333333335,1074,608.53,0.67,3,2,0.1,false,true,medium,medium,low,low_priority,location_strong_match,久万高原町,,same_municipality,久万高原町,multiple_candidates_for_mountain|multiple_mountains_for_candidate|weak_elevation_evidence|missing_csv_coordinate|activity_link_ambiguous,top_3_with_evidence,low_priority_alternative,"mountain=割石東山(#90); candidate=summit-candidate:bb644412fd9a132c; track=""割石東山・青滝山・堂ヶ森""; score=0.57; name_tier=strong; ele_diff=608.53m; loc=strong_overlap; act_conf=high"
91,青滝山,summit-candidate:242762a3c600ff91,yamap_2022-05-15_06_10.gpx,割石東山・青滝山・堂ヶ森,1301.993333333333,1303,1.01,0.75,1,1,0.08,true,true,medium,high,medium,accept_candidate_after_map_check,location_uncertain_keep,久万高原町,,candidate_boundary_ambiguous,,multiple_candidates_for_mountain|multiple_mountains_for_candidate|missing_csv_coordinate|activity_link_ambiguous,top_1_but_ambiguous,clear_mutual_top1,"mountain=青滝山(#91); candidate=summit-candidate:242762a3c600ff91; track=""割石東山・青滝山・堂ヶ森""; score=0.75; name_tier=strong; ele_diff=1.01m; loc=strong_overlap; act_conf=high"
91,青滝山,summit-candidate:4b33f9c73e644793,yamap_2022-05-15_06_10.gpx,割石東山・青滝山・堂ヶ森,1076.4162189328617,1303,226.58,0.67,2,2,0,false,true,medium,medium,low,low_priority,location_strong_match,久万高原町,,same_municipality,久万高原町,multiple_candidates_for_mountain|multiple_mountains_for_candidate|weak_elevation_evidence|missing_csv_coordinate|activity_link_ambiguous,top_3_with_evidence,low_priority_alternative,"mountain=青滝山(#91); candidate=summit-candidate:4b33f9c73e644793; track=""割石東山・青滝山・堂ヶ森""; score=0.57; name_tier=strong; ele_diff=226.58m; loc=strong_overlap; act_conf=high"
91,青滝山,summit-candidate:57e8c6cb102c9500,yamap_2022-05-15_06_10.gpx,割石東山・青滝山・堂ヶ森,766.7766666666666,1303,536.22,0.67,3,2,0,false,true,medium,medium,low,low_priority,location_strong_match,久万高原町,,same_municipality,久万高原町,multiple_candidates_for_mountain|multiple_mountains_for_candidate|weak_elevation_evidence|missing_csv_coordinate|activity_link_ambiguous,top_3_with_evidence,low_priority_alternative,"mountain=青滝山(#91); candidate=summit-candidate:57e8c6cb102c9500; track=""割石東山・青滝山・堂ヶ森""; score=0.57; name_tier=strong; ele_diff=536.22m; loc=strong_overlap; act_conf=high"
92,堂ヶ森,summit-candidate:bb644412fd9a132c,yamap_2022-05-15_06_10.gpx,割石東山・青滝山・堂ヶ森,1682.5333333333335,1689,6.47,0.85,1,1,0.18,true,true,medium,medium,medium,accept_candidate_after_map_check,location_strong_match,久万高原町,,same_municipality,久万高原町,multiple_candidates_for_mountain|multiple_mountains_for_candidate|missing_csv_coordinate|activity_link_ambiguous,top_1_but_ambiguous|priority_reduced_strong_match_mutual_top1,clear_mutual_top1,"mountain=堂ヶ森(#92); candidate=summit-candidate:bb644412fd9a132c; track=""割石東山・青滝山・堂ヶ森""; score=0.75; name_tier=strong; ele_diff=6.47m; loc=strong_overlap; act_conf=high"
92,堂ヶ森,summit-candidate:4b33f9c73e644793,yamap_2022-05-15_06_10.gpx,割石東山・青滝山・堂ヶ森,1076.4162189328617,1689,612.58,0.67,2,3,0,false,true,medium,medium,low,low_priority,location_strong_match,久万高原町,,same_municipality,久万高原町,multiple_candidates_for_mountain|multiple_mountains_for_candidate|weak_elevation_evidence|missing_csv_coordinate|activity_link_ambiguous,top_3_with_evidence,low_priority_alternative,"mountain=堂ヶ森(#92); candidate=summit-candidate:4b33f9c73e644793; track=""割石東山・青滝山・堂ヶ森""; score=0.57; name_tier=strong; ele_diff=612.58m; loc=strong_overlap; act_conf=high"
92,堂ヶ森,summit-candidate:57e8c6cb102c9500,yamap_2022-05-15_06_10.gpx,割石東山・青滝山・堂ヶ森,766.7766666666666,1689,922.22,0.67,3,3,0.1,false,true,medium,medium,low,low_priority,location_strong_match,久万高原町,,same_municipality,久万高原町,multiple_candidates_for_mountain|multiple_mountains_for_candidate|weak_elevation_evidence|missing_csv_coordinate|activity_link_ambiguous,top_3_with_evidence,low_priority_alternative,"mountain=堂ヶ森(#92); candidate=summit-candidate:57e8c6cb102c9500; track=""割石東山・青滝山・堂ヶ森""; score=0.57; name_tier=strong; ele_diff=922.22m; loc=strong_overlap; act_conf=high"
93,南尖峰,summit-candidate:3b98b67bbe0fe0f9,yamap_2022-05-22_08_09.gpx,石鎚山・天狗岳・南尖峰,1979.1701508543217,1982,2.83,0.68,1,1,0.41,true,true,medium,high,high,resolve_conflict,location_uncertain_keep,久万高原町,,candidate_boundary_ambiguous,,multiple_candidates_for_mountain|multiple_mountains_for_candidate|missing_csv_coordinate|location_mismatch_warning|activity_link_ambiguous,top_1_but_ambiguous|top_candidate_for_multiple_mountains,shared_candidate,"mountain=南尖峰(#93); candidate=summit-candidate:3b98b67bbe0fe0f9; track=""石鎚山・天狗岳・南尖峰""; score=0.68; name_tier=strong; ele_diff=2.83m; loc=mismatch_warning; act_conf=high"
93,南尖峰,summit-candidate:19713e48698f3e2a,yamap_2025-09-07_08_00.gpx,鶴ノ子ノ頭・石鎚山,1967.0036586656968,1982,15,0.27,2,3,0,false,true,none,medium,low,low_priority,location_uncertain_keep,久万高原町,,candidate_boundary_ambiguous,,multiple_candidates_for_mountain|multiple_mountains_for_candidate|weak_name_evidence|missing_csv_coordinate|location_mismatch_warning,top_3_with_evidence,low_priority_alternative,"mountain=南尖峰(#93); candidate=summit-candidate:19713e48698f3e2a; track=""鶴ノ子ノ頭・石鎚山""; score=0.27; name_tier=none; ele_diff=15m; loc=mismatch_warning; act_conf=high"
93,南尖峰,summit-candidate:88555c5557efeb46,yamap_2022-09-24_08_33.gpx,石鎚山,1967.3733333333332,1982,14.63,0.27,3,2,,false,true,none,medium,low,low_priority,location_uncertain_keep,久万高原町,,candidate_boundary_ambiguous,,multiple_candidates_for_mountain|multiple_mountains_for_candidate|weak_name_evidence|missing_csv_coordinate|location_mismatch_warning,top_3_with_evidence,low_priority_alternative,"mountain=南尖峰(#93); candidate=summit-candidate:88555c5557efeb46; track=""石鎚山""; score=0.27; name_tier=none; ele_diff=14.63m; loc=mismatch_warning; act_conf=high"
94,自念子ノ頭,summit-candidate:6b5100f449c22108,yamap_2022-05-25_09_48.gpx,自念子ノ頭,1698.7424939329492,1702,3.26,0.78,1,1,0.28,true,true,medium,medium,medium,accept_candidate_after_map_check,location_strong_match,西条市,,same_municipality,西条市,multiple_candidates_for_mountain|multiple_mountains_for_candidate|missing_csv_coordinate|location_mismatch_warning,top_1_but_ambiguous|priority_reduced_strong_match_mutual_top1,clear_mutual_top1,"mountain=自念子ノ頭(#94); candidate=summit-candidate:6b5100f449c22108; track=""自念子ノ頭""; score=0.68; name_tier=strong; ele_diff=3.26m; loc=mismatch_warning; act_conf=high"
94,自念子ノ頭,summit-candidate:7a5ca8d918f43720,yamap_2026-05-02_09_29.gpx,男山・瓶ヶ森・台ヶ森,1708.05,1702,6.05,0.5,2,4,0.16,false,false,low,medium,low,low_priority,location_strong_match,西条市,,same_municipality,西条市,multiple_candidates_for_mountain|multiple_mountains_for_candidate|weak_name_evidence|missing_csv_coordinate,top_3_with_evidence,low_priority_alternative,"mountain=自念子ノ頭(#94); candidate=summit-candidate:7a5ca8d918f43720; track=""男山・瓶ヶ森・台ヶ森""; score=0.4; name_tier=none; ele_diff=6.05m; loc=strong_overlap; act_conf=high"
94,自念子ノ頭,summit-candidate:40e090ce41a89b55,yamap_2024-06-08_08_42.gpx,沓掛山・黒森山,1690.4033333333334,1702,11.6,0.34,3,5,0.01,false,false,low,high,high,resolve_conflict,location_uncertain_keep,西条市,,candidate_boundary_ambiguous,,multiple_candidates_for_mountain|multiple_mountains_for_candidate|weak_name_evidence|missing_csv_coordinate,top_candidate_for_multiple_mountains,shared_candidate,"mountain=自念子ノ頭(#94); candidate=summit-candidate:40e090ce41a89b55; track=""沓掛山・黒森山""; score=0.34; name_tier=none; ele_diff=11.6m; loc=strong_overlap; act_conf=high"
95,勝山,summit-candidate:91cacd7deced8470,yamap_2022-06-04_14_13.gpx,勝山,129.4799661552467,131,1.52,0.85,1,1,0.18,true,true,medium,medium,medium,accept_candidate_after_map_check,location_strong_match,松山市,,same_municipality,松山市,multiple_candidates_for_mountain|multiple_mountains_for_candidate|missing_csv_coordinate,top_1_but_ambiguous|priority_reduced_strong_match_mutual_top1,clear_mutual_top1,"mountain=勝山(#95); candidate=summit-candidate:91cacd7deced8470; track=""勝山""; score=0.75; name_tier=strong; ele_diff=1.52m; loc=strong_overlap; act_conf=high"
95,勝山,summit-candidate:2b833dfb6f3f84c1,yamap_2025-01-11_11_51.gpx,勝山,371.26,131,240.26,0.67,2,3,0.1,false,true,medium,high,high,resolve_conflict,location_strong_match,松山市,,same_municipality,松山市,multiple_candidates_for_mountain|multiple_mountains_for_candidate|weak_elevation_evidence|missing_csv_coordinate|activity_link_ambiguous,top_candidate_for_multiple_mountains,shared_candidate,"mountain=勝山(#95); candidate=summit-candidate:2b833dfb6f3f84c1; track=""勝山""; score=0.57; name_tier=strong; ele_diff=240.26m; loc=strong_overlap; act_conf=high"
95,勝山,summit-candidate:12f30719aca26806,yamap_2025-01-11_08_43.gpx,尉之山・小山岳,397.0566666666667,131,266.06,0.57,3,4,0,false,false,medium,medium,low,low_priority,location_uncertain_keep,松山市,,candidate_boundary_ambiguous,,multiple_candidates_for_mountain|multiple_mountains_for_candidate|weak_elevation_evidence|missing_csv_coordinate|activity_link_ambiguous,top_3_with_evidence,low_priority_alternative,"mountain=勝山(#95); candidate=summit-candidate:12f30719aca26806; track=""尉之山・小山岳""; score=0.57; name_tier=strong; ele_diff=266.06m; loc=strong_overlap; act_conf=high"
96,姫草,summit-candidate:dc456a72b89d4d52,yamap_2022-06-16_16_00.gpx,姫草,1272.03184660662,1274,1.97,0.75,1,1,0.25,true,true,medium,high,medium,accept_candidate_after_map_check,location_uncertain_keep,西予市,,candidate_boundary_ambiguous,,multiple_candidates_for_mountain|multiple_mountains_for_candidate|missing_csv_coordinate|activity_link_ambiguous|timezone_sensitive_activity_link,top_1_but_ambiguous,clear_mutual_top1,"mountain=姫草(#96); candidate=summit-candidate:dc456a72b89d4d52; track=""姫草""; score=0.75; name_tier=strong; ele_diff=1.97m; loc=strong_overlap; act_conf=high"
96,姫草,summit-candidate:c7ff156edb321d12,yamap_2022-06-16_16_25.gpx,牛城,1345.4997959227253,1274,71.5,0.5,2,2,0.06,false,true,low,medium,low,low_priority,location_uncertain_keep,西予市,,candidate_outside_prefecture,,multiple_candidates_for_mountain|multiple_mountains_for_candidate|weak_elevation_evidence|missing_csv_coordinate|location_mismatch_warning|activity_link_ambiguous|timezone_sensitive_activity_link,top_3_with_evidence,low_priority_alternative,"mountain=姫草(#96); candidate=summit-candidate:c7ff156edb321d12; track=""牛城""; score=0.5; name_tier=strong; ele_diff=71.5m; loc=mismatch_warning; act_conf=high"
96,姫草,summit-candidate:0cc9c1186612ceaa,yamap_2025-04-19_07_10.gpx,小屋山・丸石山,1297.49,1274,23.49,0.44,3,3,0.06,false,true,low,medium,low,low_priority,location_strong_match,西予市,,same_municipality,西予市,multiple_candidates_for_mountain|multiple_mountains_for_candidate|weak_name_evidence|missing_csv_coordinate,top_3_with_evidence,low_priority_alternative,"mountain=姫草(#96); candidate=summit-candidate:0cc9c1186612ceaa; track=""小屋山・丸石山""; score=0.34; name_tier=none; ele_diff=23.49m; loc=strong_overlap; act_conf=high"
97,牛城,summit-candidate:c7ff156edb321d12,yamap_2022-06-16_16_25.gpx,牛城,1345.4997959227253,1342,3.5,0.68,1,1,0.11,true,true,medium,high,medium,accept_candidate_after_map_check,location_uncertain_keep,西予市,,candidate_outside_prefecture,,multiple_candidates_for_mountain|multiple_mountains_for_candidate|missing_csv_coordinate|location_mismatch_warning|activity_link_ambiguous|timezone_sensitive_activity_link,top_1_but_ambiguous,clear_mutual_top1,"mountain=牛城(#97); candidate=summit-candidate:c7ff156edb321d12; track=""牛城""; score=0.68; name_tier=strong; ele_diff=3.5m; loc=mismatch_warning; act_conf=high"
97,牛城,summit-candidate:dc456a72b89d4d52,yamap_2022-06-16_16_00.gpx,姫草,1272.03184660662,1342,69.97,0.57,2,2,0.016655,false,true,medium,medium,low,low_priority,location_uncertain_keep,西予市,,candidate_boundary_ambiguous,,multiple_candidates_for_mountain|multiple_mountains_for_candidate|weak_elevation_evidence|missing_csv_coordinate|activity_link_ambiguous|timezone_sensitive_activity_link,top_3_with_evidence,low_priority_alternative,"mountain=牛城(#97); candidate=summit-candidate:dc456a72b89d4d52; track=""姫草""; score=0.57; name_tier=strong; ele_diff=69.97m; loc=strong_overlap; act_conf=high"
97,牛城,summit-candidate:1c085703f9a891aa,yamap_2025-08-15_12_44.gpx,正木ノ森,1363.1366666666665,1342,21.14,0.553345,3,5,0.053345,false,false,low,medium,low,low_priority,boundary_plausible,西予市,,adjacent_municipality,久万高原町,multiple_candidates_for_mountain|multiple_mountains_for_candidate|missing_csv_coordinate|location_mismatch_warning|activity_link_ambiguous,top_3_with_evidence,low_priority_alternative,"mountain=牛城(#97); candidate=summit-candidate:1c085703f9a891aa; track=""正木ノ森""; score=0.503345; name_tier=medium; ele_diff=21.14m; loc=mismatch_warning; act_conf=high"
98,積善山,summit-candidate:76a5e492c9dcf980,yamap_2022-06-18_11_15.gpx,積善山,363.7359939346231,370,6.26,0.68,1,1,0.18,true,true,medium,high,medium,accept_candidate_after_map_check,missing_location_evidence,,,missing_mountain_municipality,上島町,multiple_candidates_for_mountain|multiple_mountains_for_candidate|missing_csv_coordinate|location_mismatch_warning|activity_link_ambiguous,top_1_but_ambiguous,clear_mutual_top1,"mountain=積善山(#98); candidate=summit-candidate:76a5e492c9dcf980; track=""積善山""; score=0.68; name_tier=strong; ele_diff=6.26m; loc=mismatch_warning; act_conf=high"
98,積善山,summit-candidate:50aa5073a99759cf,yamap_2022-06-18_14_26.gpx,立石山,133.6903994266386,370,236.31,0.5,2,3,0,false,true,low,high,high,resolve_conflict,missing_location_evidence,,,missing_mountain_municipality,上島町,multiple_candidates_for_mountain|multiple_mountains_for_candidate|weak_elevation_evidence|missing_csv_coordinate|location_mismatch_warning|activity_link_ambiguous,top_candidate_for_multiple_mountains,shared_candidate,"mountain=積善山(#98); candidate=summit-candidate:50aa5073a99759cf; track=""立石山""; score=0.5; name_tier=strong; ele_diff=236.31m; loc=mismatch_warning; act_conf=high"
98,積善山,summit-candidate:c4169cdcaf61f31a,yamap_2022-06-18_13_12.gpx,鉢巻山,132.84324070749756,370,237.16,0.5,3,3,0.17,false,true,low,medium,low,low_priority,missing_location_evidence,,,missing_mountain_municipality,上島町,multiple_candidates_for_mountain|multiple_mountains_for_candidate|weak_elevation_evidence|missing_csv_coordinate|location_mismatch_warning|activity_link_ambiguous,top_3_with_evidence,low_priority_alternative,"mountain=積善山(#98); candidate=summit-candidate:c4169cdcaf61f31a; track=""鉢巻山""; score=0.5; name_tier=strong; ele_diff=237.16m; loc=mismatch_warning; act_conf=high"
99,鉢巻山,summit-candidate:50aa5073a99759cf,yamap_2022-06-18_14_26.gpx,立石山,133.6903994266386,142,8.31,0.68,1,1,0,true,true,medium,high,high,resolve_conflict,missing_location_evidence,,,missing_mountain_municipality,上島町,multiple_candidates_for_mountain|multiple_mountains_for_candidate|missing_csv_coordinate|location_mismatch_warning|activity_link_ambiguous,top_1_but_ambiguous|top_candidate_for_multiple_mountains,shared_candidate,"mountain=鉢巻山(#99); candidate=summit-candidate:50aa5073a99759cf; track=""立石山""; score=0.68; name_tier=strong; ele_diff=8.31m; loc=mismatch_warning; act_conf=high"
99,鉢巻山,summit-candidate:c4169cdcaf61f31a,yamap_2022-06-18_13_12.gpx,鉢巻山,132.84324070749756,142,9.16,0.68,2,1,0.18,false,true,medium,medium,high,check_close_alternatives,missing_location_evidence,,,missing_mountain_municipality,上島町,multiple_candidates_for_mountain|multiple_mountains_for_candidate|missing_csv_coordinate|location_mismatch_warning|activity_link_ambiguous,top_3_with_evidence,small_score_gap,"mountain=鉢巻山(#99); candidate=summit-candidate:c4169cdcaf61f31a; track=""鉢巻山""; score=0.68; name_tier=strong; ele_diff=9.16m; loc=mismatch_warning; act_conf=high"
99,鉢巻山,summit-candidate:76a5e492c9dcf980,yamap_2022-06-18_11_15.gpx,積善山,363.7359939346231,142,221.74,0.5,3,2,0.17,false,true,low,medium,low,low_priority,missing_location_evidence,,,missing_mountain_municipality,上島町,multiple_candidates_for_mountain|multiple_mountains_for_candidate|weak_elevation_evidence|missing_csv_coordinate|location_mismatch_warning|activity_link_ambiguous,top_3_with_evidence,low_priority_alternative,"mountain=鉢巻山(#99); candidate=summit-candidate:76a5e492c9dcf980; track=""積善山""; score=0.5; name_tier=strong; ele_diff=221.74m; loc=mismatch_warning; act_conf=high"
100,立石山,summit-candidate:50aa5073a99759cf,yamap_2022-06-18_14_26.gpx,立石山,133.6903994266386,139,5.31,0.68,1,2,0,false,true,medium,high,high,resolve_conflict,missing_location_evidence,,,missing_mountain_municipality,上島町,multiple_candidates_for_mountain|multiple_mountains_for_candidate|missing_csv_coordinate|location_mismatch_warning|activity_link_ambiguous,top_1_but_ambiguous|top_candidate_for_multiple_mountains,shared_candidate|not_mutual_top1,"mountain=立石山(#100); candidate=summit-candidate:50aa5073a99759cf; track=""立石山""; score=0.68; name_tier=strong; ele_diff=5.31m; loc=mismatch_warning; act_conf=high"
100,立石山,summit-candidate:c4169cdcaf61f31a,yamap_2022-06-18_13_12.gpx,鉢巻山,132.84324070749756,139,6.16,0.68,2,2,0.18,false,true,medium,medium,high,check_close_alternatives,missing_location_evidence,,,missing_mountain_municipality,上島町,multiple_candidates_for_mountain|multiple_mountains_for_candidate|missing_csv_coordinate|location_mismatch_warning|activity_link_ambiguous,top_3_with_evidence,small_score_gap,"mountain=立石山(#100); candidate=summit-candidate:c4169cdcaf61f31a; track=""鉢巻山""; score=0.68; name_tier=strong; ele_diff=6.16m; loc=mismatch_warning; act_conf=high"
100,立石山,summit-candidate:76a5e492c9dcf980,yamap_2022-06-18_11_15.gpx,積善山,363.7359939346231,139,224.74,0.5,3,3,0.17,false,true,low,medium,low,low_priority,missing_location_evidence,,,missing_mountain_municipality,上島町,multiple_candidates_for_mountain|multiple_mountains_for_candidate|weak_elevation_evidence|missing_csv_coordinate|location_mismatch_warning|activity_link_ambiguous,top_3_with_evidence,low_priority_alternative,"mountain=立石山(#100); candidate=summit-candidate:76a5e492c9dcf980; track=""積善山""; score=0.5; name_tier=strong; ele_diff=224.74m; loc=mismatch_warning; act_conf=high"
101,鷲ヶ頭山,summit-candidate:159deb385560c198,yamap_2022-06-20_12_02.gpx,安神山・鷲ヶ頭山,436.9143046126708,436,0.91,0.68,1,1,0.18,true,true,medium,high,high,resolve_conflict,missing_location_evidence,,,missing_mountain_municipality,今治市,multiple_candidates_for_mountain|multiple_mountains_for_candidate|missing_csv_coordinate|location_mismatch_warning,top_1_but_ambiguous|top_candidate_for_multiple_mountains,shared_candidate,"mountain=鷲ヶ頭山(#101); candidate=summit-candidate:159deb385560c198; track=""安神山・鷲ヶ頭山""; score=0.68; name_tier=strong; ele_diff=0.91m; loc=mismatch_warning; act_conf=high"
101,鷲ヶ頭山,summit-candidate:a92a94d8b5e0fb90,yamap_2022-06-20_12_02.gpx,安神山・鷲ヶ頭山,156.04151443047127,436,279.96,0.5,2,1,0.17,false,true,low,medium,low,low_priority,missing_location_evidence,,,missing_mountain_municipality,今治市,multiple_candidates_for_mountain|multiple_mountains_for_candidate|weak_elevation_evidence|missing_csv_coordinate|location_mismatch_warning,top_3_with_evidence,low_priority_alternative,"mountain=鷲ヶ頭山(#101); candidate=summit-candidate:a92a94d8b5e0fb90; track=""安神山・鷲ヶ頭山""; score=0.5; name_tier=strong; ele_diff=279.96m; loc=mismatch_warning; act_conf=high"
101,鷲ヶ頭山,summit-candidate:54cf4155ab259d9d,yamap_2022-02-26_07_43.gpx,御岳山,430.59999999999997,436,5.4,0.33,3,7,0,false,false,low,high,high,resolve_conflict,missing_location_evidence,,,missing_mountain_municipality,東温市,multiple_candidates_for_mountain|multiple_mountains_for_candidate|weak_name_evidence|missing_csv_coordinate|location_mismatch_warning|activity_link_ambiguous,top_candidate_for_multiple_mountains,shared_candidate,"mountain=鷲ヶ頭山(#101); candidate=summit-candidate:54cf4155ab259d9d; track=""御岳山""; score=0.33; name_tier=none; ele_diff=5.4m; loc=mismatch_warning; act_conf=high"
102,安神山,summit-candidate:159deb385560c198,yamap_2022-06-20_12_02.gpx,安神山・鷲ヶ頭山,436.9143046126708,267,169.91,0.5,1,2,0,false,true,low,high,high,resolve_conflict,missing_location_evidence,,,missing_mountain_municipality,今治市,multiple_candidates_for_mountain|multiple_mountains_for_candidate|weak_elevation_evidence|missing_csv_coordinate|location_mismatch_warning,top_1_but_ambiguous|top_candidate_for_multiple_mountains,shared_candidate|not_mutual_top1,"mountain=安神山(#102); candidate=summit-candidate:159deb385560c198; track=""安神山・鷲ヶ頭山""; score=0.5; name_tier=strong; ele_diff=169.91m; loc=mismatch_warning; act_conf=high"
102,安神山,summit-candidate:a92a94d8b5e0fb90,yamap_2022-06-20_12_02.gpx,安神山・鷲ヶ頭山,156.04151443047127,267,110.96,0.5,2,2,0.17,false,true,low,medium,high,check_close_alternatives,missing_location_evidence,,,missing_mountain_municipality,今治市,multiple_candidates_for_mountain|multiple_mountains_for_candidate|weak_elevation_evidence|missing_csv_coordinate|location_mismatch_warning,top_3_with_evidence,small_score_gap,"mountain=安神山(#102); candidate=summit-candidate:a92a94d8b5e0fb90; track=""安神山・鷲ヶ頭山""; score=0.5; name_tier=strong; ele_diff=110.96m; loc=mismatch_warning; act_conf=high"
102,安神山,summit-candidate:0022a746b396d4c7,yamap_2024-03-10_07_12.gpx,夫婦山・白山・観音山・国見山・城山・御勧請山,264.2867991594412,267,2.71,0.33,3,16,0,false,false,low,medium,low,low_priority,missing_location_evidence,,,missing_mountain_municipality,松山市,multiple_candidates_for_mountain|multiple_mountains_for_candidate|weak_name_evidence|missing_csv_coordinate|location_mismatch_warning,top_3_with_evidence,low_priority_alternative,"mountain=安神山(#102); candidate=summit-candidate:0022a746b396d4c7; track=""夫婦山・白山・観音山・国見山・城山・御勧請山""; score=0.33; name_tier=none; ele_diff=2.71m; loc=mismatch_warning; act_conf=high"
103,篠山,summit-candidate:c8a7a1f1d1dad353,yamap_2022-06-23_13_59.gpx,篠山,1061.6229039079428,1065,3.38,0.75,1,1,0.37,true,true,medium,high,medium,accept_candidate_after_map_check,location_uncertain_keep,愛南町,,candidate_outside_prefecture,,multiple_candidates_for_mountain|multiple_mountains_for_candidate|missing_csv_coordinate,top_1_but_ambiguous,clear_mutual_top1,"mountain=篠山(#103); candidate=summit-candidate:c8a7a1f1d1dad353; track=""篠山""; score=0.75; name_tier=strong; ele_diff=3.38m; loc=strong_overlap; act_conf=high"
103,篠山,summit-candidate:cdd4a9ba931c816e,yamap_2025-04-06_08_48.gpx,加塚山,1069.8255484698216,1065,4.83,0.38,2,4,0.05,false,false,low,medium,high,check_location_warning,boundary_plausible,愛南町,,adjacent_municipality,宇和島市,multiple_candidates_for_mountain|multiple_mountains_for_candidate|weak_name_evidence|missing_csv_coordinate|location_mismatch_warning,top_3_with_evidence,boundary_plausible,"mountain=篠山(#103); candidate=summit-candidate:cdd4a9ba931c816e; track=""加塚山""; score=0.33; name_tier=none; ele_diff=4.83m; loc=mismatch_warning; act_conf=high"
103,篠山,summit-candidate:314bd84876bc3fc3,yamap_2026-03-15_10_21.gpx,高研山,1065.780524285452,1065,0.78,0.33,3,6,0,false,false,low,medium,low,low_priority,location_uncertain_keep,愛南町,,non_adjacent_municipality,鬼北町,multiple_candidates_for_mountain|multiple_mountains_for_candidate|weak_name_evidence|missing_csv_coordinate|location_mismatch_warning|activity_link_ambiguous,top_3_with_evidence,low_priority_alternative,"mountain=篠山(#103); candidate=summit-candidate:314bd84876bc3fc3; track=""高研山""; score=0.33; name_tier=none; ele_diff=0.78m; loc=mismatch_warning; act_conf=high"
104,横山(横山城址),summit-candidate:43911aa413390192,yamap_2022-06-29_08_48.gpx,横山(横山城址),449.0333333333333,453,3.97,0.85,1,1,0.51,true,true,medium,medium,high,resolve_conflict,location_strong_match,松山市,,same_municipality,松山市,multiple_candidates_for_mountain|multiple_mountains_for_candidate|missing_csv_coordinate,top_1_but_ambiguous|top_candidate_for_multiple_mountains|priority_reduced_strong_match_mutual_top1,shared_candidate,"mountain=横山(横山城址)(#104); candidate=summit-candidate:43911aa413390192; track=""横山(横山城址)""; score=0.75; name_tier=strong; ele_diff=3.97m; loc=strong_overlap; act_conf=high"
104,横山(横山城址),summit-candidate:7749b785ef007c1a,yamap_2025-01-11_08_43.gpx,尉之山・小山岳,430.1766666666667,453,22.82,0.34,2,7,0.01,false,false,low,medium,low,low_priority,location_uncertain_keep,松山市,,candidate_boundary_ambiguous,,multiple_candidates_for_mountain|multiple_mountains_for_candidate|weak_name_evidence|missing_csv_coordinate|activity_link_ambiguous,top_3_with_evidence,low_priority_alternative,"mountain=横山(横山城址)(#104); candidate=summit-candidate:7749b785ef007c1a; track=""尉之山・小山岳""; score=0.34; name_tier=none; ele_diff=22.82m; loc=strong_overlap; act_conf=high"
104,横山(横山城址),summit-candidate:0eff3d1ea2b48d73,yamap_2022-02-06_08_26.gpx,谷上山・権現山・白滝山・障子山,456.90483803547824,453,3.9,0.33,3,20,0,false,false,low,high,high,resolve_conflict,location_uncertain_keep,松山市,,non_adjacent_municipality,伊予市,multiple_candidates_for_mountain|multiple_mountains_for_candidate|weak_name_evidence|missing_csv_coordinate|location_mismatch_warning,top_candidate_for_multiple_mountains,shared_candidate,"mountain=横山(横山城址)(#104); candidate=summit-candidate:0eff3d1ea2b48d73; track=""谷上山・権現山・白滝山・障子山""; score=0.33; name_tier=none; ele_diff=3.9m; loc=mismatch_warning; act_conf=high"
105,鞍瀬ノ頭,summit-candidate:846b096132c533d6,yamap_2022-07-02_07_43.gpx,石鎚山・西ノ冠岳・面河の頭・二ノ森・鞍瀬ノ頭,1879.8966666666665,1889,9.1,0.68,1,1,0.07,true,true,medium,high,high,resolve_conflict,location_uncertain_keep,久万高原町,,candidate_boundary_ambiguous,,multiple_candidates_for_mountain|multiple_mountains_for_candidate|missing_csv_coordinate|location_mismatch_warning,top_1_but_ambiguous|top_candidate_for_multiple_mountains,shared_candidate,"mountain=鞍瀬ノ頭(#105); candidate=summit-candidate:846b096132c533d6; track=""石鎚山・西ノ冠岳・面河の頭・二ノ森・鞍瀬ノ頭""; score=0.68; name_tier=strong; ele_diff=9.1m; loc=mismatch_warning; act_conf=high"
105,鞍瀬ノ頭,summit-candidate:fe43b0b6aa90cb8f,yamap_2022-07-02_07_43.gpx,石鎚山・西ノ冠岳・面河の頭・二ノ森・鞍瀬ノ頭,1920.7933333333333,1889,31.79,0.61,2,2,0.05,false,true,medium,medium,high,check_location_warning,boundary_plausible,久万高原町,,adjacent_municipality,西条市,multiple_candidates_for_mountain|multiple_mountains_for_candidate|missing_csv_coordinate|location_mismatch_warning,top_3_with_evidence,boundary_plausible,"mountain=鞍瀬ノ頭(#105); candidate=summit-candidate:fe43b0b6aa90cb8f; track=""石鎚山・西ノ冠岳・面河の頭・二ノ森・鞍瀬ノ頭""; score=0.56; name_tier=strong; ele_diff=31.79m; loc=mismatch_warning; act_conf=high"
105,鞍瀬ノ頭,summit-candidate:bca203164e26ce6a,yamap_2022-07-02_07_43.gpx,石鎚山・西ノ冠岳・面河の頭・二ノ森・鞍瀬ノ頭,1924.4866666666667,1889,35.49,0.56,3,2,0.12,false,true,medium,medium,low,low_priority,location_uncertain_keep,久万高原町,,candidate_boundary_ambiguous,,multiple_candidates_for_mountain|multiple_mountains_for_candidate|missing_csv_coordinate|location_mismatch_warning,top_3_with_evidence,low_priority_alternative,"mountain=鞍瀬ノ頭(#105); candidate=summit-candidate:bca203164e26ce6a; track=""石鎚山・西ノ冠岳・面河の頭・二ノ森・鞍瀬ノ頭""; score=0.56; name_tier=strong; ele_diff=35.49m; loc=mismatch_warning; act_conf=high"
106,二ノ森,summit-candidate:fe43b0b6aa90cb8f,yamap_2022-07-02_07_43.gpx,石鎚山・西ノ冠岳・面河の頭・二ノ森・鞍瀬ノ頭,1920.7933333333333,1930,9.21,0.73,1,1,0.05,true,true,medium,high,medium,accept_candidate_after_map_check,boundary_plausible,久万高原町,,adjacent_municipality,西条市,multiple_candidates_for_mountain|multiple_mountains_for_candidate|missing_csv_coordinate|location_mismatch_warning,top_1_but_ambiguous,clear_mutual_top1,"mountain=二ノ森(#106); candidate=summit-candidate:fe43b0b6aa90cb8f; track=""石鎚山・西ノ冠岳・面河の頭・二ノ森・鞍瀬ノ頭""; score=0.68; name_tier=strong; ele_diff=9.21m; loc=mismatch_warning; act_conf=high"
106,二ノ森,summit-candidate:bca203164e26ce6a,yamap_2022-07-02_07_43.gpx,石鎚山・西ノ冠岳・面河の頭・二ノ森・鞍瀬ノ頭,1924.4866666666667,1930,5.51,0.68,2,1,0.18,false,true,medium,medium,low,low_priority,location_uncertain_keep,久万高原町,,candidate_boundary_ambiguous,,multiple_candidates_for_mountain|multiple_mountains_for_candidate|missing_csv_coordinate|location_mismatch_warning,top_3_with_evidence,low_priority_alternative,"mountain=二ノ森(#106); candidate=summit-candidate:bca203164e26ce6a; track=""石鎚山・西ノ冠岳・面河の頭・二ノ森・鞍瀬ノ頭""; score=0.68; name_tier=strong; ele_diff=5.51m; loc=mismatch_warning; act_conf=high"
106,二ノ森,summit-candidate:846b096132c533d6,yamap_2022-07-02_07_43.gpx,石鎚山・西ノ冠岳・面河の頭・二ノ森・鞍瀬ノ頭,1879.8966666666665,1930,50.1,0.5,3,4,,false,false,low,high,high,resolve_conflict,location_uncertain_keep,久万高原町,,candidate_boundary_ambiguous,,multiple_candidates_for_mountain|multiple_mountains_for_candidate|weak_elevation_evidence|missing_csv_coordinate|location_mismatch_warning,top_candidate_for_multiple_mountains,shared_candidate,"mountain=二ノ森(#106); candidate=summit-candidate:846b096132c533d6; track=""石鎚山・西ノ冠岳・面河の頭・二ノ森・鞍瀬ノ頭""; score=0.5; name_tier=strong; ele_diff=50.1m; loc=mismatch_warning; act_conf=high"
107,面河の頭,summit-candidate:846b096132c533d6,yamap_2022-07-02_07_43.gpx,石鎚山・西ノ冠岳・面河の頭・二ノ森・鞍瀬ノ頭,1879.8966666666665,1866,13.9,0.62,1,2,0.07,false,true,medium,high,high,resolve_conflict,location_uncertain_keep,久万高原町,,candidate_boundary_ambiguous,,multiple_candidates_for_mountain|multiple_mountains_for_candidate|missing_csv_coordinate|location_mismatch_warning,top_1_but_ambiguous|top_candidate_for_multiple_mountains,shared_candidate|not_mutual_top1,"mountain=面河の頭(#107); candidate=summit-candidate:846b096132c533d6; track=""石鎚山・西ノ冠岳・面河の頭・二ノ森・鞍瀬ノ頭""; score=0.62; name_tier=strong; ele_diff=13.9m; loc=mismatch_warning; act_conf=high"
107,面河の頭,summit-candidate:fe43b0b6aa90cb8f,yamap_2022-07-02_07_43.gpx,石鎚山・西ノ冠岳・面河の頭・二ノ森・鞍瀬ノ頭,1920.7933333333333,1866,54.79,0.55,2,4,0.05,false,false,low,medium,high,check_location_warning,boundary_plausible,久万高原町,,adjacent_municipality,西条市,multiple_candidates_for_mountain|multiple_mountains_for_candidate|weak_elevation_evidence|missing_csv_coordinate|location_mismatch_warning,top_3_with_evidence,boundary_plausible,"mountain=面河の頭(#107); candidate=summit-candidate:fe43b0b6aa90cb8f; track=""石鎚山・西ノ冠岳・面河の頭・二ノ森・鞍瀬ノ頭""; score=0.5; name_tier=strong; ele_diff=54.79m; loc=mismatch_warning; act_conf=high"
107,面河の頭,summit-candidate:71b10e23075edf20,yamap_2022-04-30_08_30.gpx,岩黒山・筒上山・手箱山,1863.226432016608,1866,2.77,0.5,3,5,0,false,false,low,high,high,resolve_conflict,location_strong_match,久万高原町,,same_municipality,久万高原町,multiple_candidates_for_mountain|multiple_mountains_for_candidate|weak_name_evidence|missing_csv_coordinate|activity_link_ambiguous,top_candidate_for_multiple_mountains,shared_candidate,"mountain=面河の頭(#107); candidate=summit-candidate:71b10e23075edf20; track=""岩黒山・筒上山・手箱山""; score=0.4; name_tier=none; ele_diff=2.77m; loc=strong_overlap; act_conf=high"
108,西ノ冠岳,summit-candidate:846b096132c533d6,yamap_2022-07-02_07_43.gpx,石鎚山・西ノ冠岳・面河の頭・二ノ森・鞍瀬ノ頭,1879.8966666666665,1890,10.1,0.62,1,3,0.01,false,true,medium,high,high,resolve_conflict,location_uncertain_keep,久万高原町,,candidate_boundary_ambiguous,,multiple_candidates_for_mountain|multiple_mountains_for_candidate|missing_csv_coordinate|location_mismatch_warning,top_1_but_ambiguous|top_candidate_for_multiple_mountains,shared_candidate|not_mutual_top1,"mountain=西ノ冠岳(#108); candidate=summit-candidate:846b096132c533d6; track=""石鎚山・西ノ冠岳・面河の頭・二ノ森・鞍瀬ノ頭""; score=0.62; name_tier=strong; ele_diff=10.1m; loc=mismatch_warning; act_conf=high"
108,西ノ冠岳,summit-candidate:fe43b0b6aa90cb8f,yamap_2022-07-02_07_43.gpx,石鎚山・西ノ冠岳・面河の頭・二ノ森・鞍瀬ノ頭,1920.7933333333333,1890,30.79,0.61,2,3,0.01,false,true,medium,medium,high,check_close_alternatives,boundary_plausible,久万高原町,,adjacent_municipality,西条市,multiple_candidates_for_mountain|multiple_mountains_for_candidate|missing_csv_coordinate|location_mismatch_warning,top_3_with_evidence,small_score_gap,"mountain=西ノ冠岳(#108); candidate=summit-candidate:fe43b0b6aa90cb8f; track=""石鎚山・西ノ冠岳・面河の頭・二ノ森・鞍瀬ノ頭""; score=0.56; name_tier=strong; ele_diff=30.79m; loc=mismatch_warning; act_conf=high"
108,西ノ冠岳,summit-candidate:b73a23fa4b3abc39,yamap_2023-09-06_13_30.gpx,冠岳,1375.6266666666668,1890,514.37,0.6,3,2,0.04,false,true,low,high,high,resolve_conflict,location_strong_match,久万高原町,,same_municipality,久万高原町,multiple_candidates_for_mountain|multiple_mountains_for_candidate|weak_elevation_evidence|missing_csv_coordinate,top_candidate_for_multiple_mountains,shared_candidate,"mountain=西ノ冠岳(#108); candidate=summit-candidate:b73a23fa4b3abc39; track=""冠岳""; score=0.5; name_tier=medium; ele_diff=514.37m; loc=strong_overlap; act_conf=high"
109,西黒森,summit-candidate:db28fcca36deb720,yamap_2022-07-10_07_25.gpx,男山・瓶ヶ森・西黒森,1892.6599999999999,1861,31.66,0.61,1,2,0.11,false,true,low,high,high,resolve_conflict,location_strong_match,西条市,,same_municipality,西条市,multiple_candidates_for_mountain|multiple_mountains_for_candidate|missing_csv_coordinate,top_1_but_ambiguous,not_mutual_top1,"mountain=西黒森(#109); candidate=summit-candidate:db28fcca36deb720; track=""男山・瓶ヶ森・西黒森""; score=0.51; name_tier=strong; ele_diff=31.66m; loc=strong_overlap; act_conf=none"
109,西黒森,summit-candidate:b87c90ebd1eb0d06,yamap_2026-05-06_07_28.gpx,丸山・ちち山・笹ヶ峰,1856.6633333333332,1861,4.34,0.5,2,5,0,false,false,low,high,high,resolve_conflict,location_strong_match,西条市,,same_municipality,西条市,multiple_candidates_for_mountain|multiple_mountains_for_candidate|weak_name_evidence|missing_csv_coordinate,top_candidate_for_multiple_mountains,shared_candidate,"mountain=西黒森(#109); candidate=summit-candidate:b87c90ebd1eb0d06; track=""丸山・ちち山・笹ヶ峰""; score=0.4; name_tier=none; ele_diff=4.34m; loc=strong_overlap; act_conf=high"
109,西黒森,summit-candidate:f09a1f754bcb761e,yamap_2022-07-10_07_25.gpx,男山・瓶ヶ森・西黒森,1850.4420465524036,1861,10.56,0.5,3,1,0.05,false,true,low,medium,low,low_priority,location_uncertain_keep,西条市,,candidate_boundary_ambiguous,,multiple_candidates_for_mountain|multiple_mountains_for_candidate|missing_csv_coordinate|location_mismatch_warning,top_3_with_evidence,low_priority_alternative,"mountain=西黒森(#109); candidate=summit-candidate:f09a1f754bcb761e; track=""男山・瓶ヶ森・西黒森""; score=0.5; name_tier=strong; ele_diff=10.56m; loc=mismatch_warning; act_conf=none"
110,小富士,summit-candidate:75832271d4e4d0ba,yamap_2022-07-14_09_57.gpx,小富士,281.5,282,0.5,0.68,1,1,0.35,true,true,medium,high,high,resolve_conflict,missing_location_evidence,,,missing_mountain_municipality,松山市,multiple_candidates_for_mountain|multiple_mountains_for_candidate|missing_csv_coordinate|location_mismatch_warning|activity_link_ambiguous,top_1_but_ambiguous|top_candidate_for_multiple_mountains,shared_candidate,"mountain=小富士(#110); candidate=summit-candidate:75832271d4e4d0ba; track=""小富士""; score=0.68; name_tier=strong; ele_diff=0.5m; loc=mismatch_warning; act_conf=high"
110,小富士,summit-candidate:079ae30d76fb11c2,yamap_2022-03-13_09_49.gpx,倉谷山・芝ヶ峠・淡路ヶ峠・宝ヶ峯,280.85333333333335,282,1.15,0.33,2,10,0,false,false,low,high,high,resolve_conflict,missing_location_evidence,,,missing_mountain_municipality,松山市,multiple_candidates_for_mountain|multiple_mountains_for_candidate|weak_name_evidence|missing_csv_coordinate|location_mismatch_warning,top_candidate_for_multiple_mountains,shared_candidate,"mountain=小富士(#110); candidate=summit-candidate:079ae30d76fb11c2; track=""倉谷山・芝ヶ峠・淡路ヶ峠・宝ヶ峯""; score=0.33; name_tier=none; ele_diff=1.15m; loc=mismatch_warning; act_conf=high"
110,小富士,summit-candidate:830c63408bf56cc5,yamap_2023-01-21_09_56.gpx,大森山,289.2,282,7.2,0.33,3,24,0,false,false,low,medium,low,low_priority,missing_location_evidence,,,missing_mountain_municipality,伊方町,multiple_candidates_for_mountain|multiple_mountains_for_candidate|weak_name_evidence|missing_csv_coordinate|location_mismatch_warning|activity_link_ambiguous,top_3_with_evidence,low_priority_alternative,"mountain=小富士(#110); candidate=summit-candidate:830c63408bf56cc5; track=""大森山""; score=0.33; name_tier=none; ele_diff=7.2m; loc=mismatch_warning; act_conf=high"
111,龍石山,summit-candidate:75832271d4e4d0ba,yamap_2022-07-14_09_57.gpx,小富士,281.5,32,249.5,0.5,1,3,0.17,false,true,low,high,high,resolve_conflict,missing_location_evidence,,,missing_mountain_municipality,松山市,multiple_candidates_for_mountain|multiple_mountains_for_candidate|weak_elevation_evidence|missing_csv_coordinate|location_mismatch_warning|activity_link_ambiguous,top_1_but_ambiguous|top_candidate_for_multiple_mountains,shared_candidate|not_mutual_top1,"mountain=龍石山(#111); candidate=summit-candidate:75832271d4e4d0ba; track=""小富士""; score=0.5; name_tier=strong; ele_diff=249.5m; loc=mismatch_warning; act_conf=high"
111,龍石山,summit-candidate:5f001ac124f82ef6,yamap_2022-10-19_16_00.gpx,西港山・大丸山・港山,41.080000000000005,32,9.08,0.33,2,14,0.06,false,false,low,high,high,resolve_conflict,missing_location_evidence,,,missing_mountain_municipality,松山市,multiple_candidates_for_mountain|multiple_mountains_for_candidate|weak_name_evidence|missing_csv_coordinate|location_mismatch_warning|timezone_sensitive_activity_link,top_candidate_for_multiple_mountains,shared_candidate,"mountain=龍石山(#111); candidate=summit-candidate:5f001ac124f82ef6; track=""西港山・大丸山・港山""; score=0.33; name_tier=none; ele_diff=9.08m; loc=mismatch_warning; act_conf=high"
111,龍石山,summit-candidate:40d5b4863907057a,yamap_2022-02-09_10_01.gpx,佐田岬と伽藍山,50.463046185756546,32,18.46,0.27,3,15,0,false,false,none,medium,low,low_priority,missing_location_evidence,,,missing_mountain_municipality,伊方町,multiple_candidates_for_mountain|multiple_mountains_for_candidate|weak_name_evidence|missing_csv_coordinate|location_mismatch_warning,top_3_with_evidence,low_priority_alternative,"mountain=龍石山(#111); candidate=summit-candidate:40d5b4863907057a; track=""佐田岬と伽藍山""; score=0.27; name_tier=none; ele_diff=18.46m; loc=mismatch_warning; act_conf=high"
112,子持山,summit-candidate:93b30125fa1dcd57,yamap_2022-07-21_10_02.gpx,子持山（頂上にたどり着けず）,62.39020293366199,123,60.61,0.5,1,1,0.17,true,true,low,high,low,low_priority,missing_location_evidence,,,missing_mountain_municipality,松山市,multiple_candidates_for_mountain|multiple_mountains_for_candidate|weak_elevation_evidence|missing_csv_coordinate|location_mismatch_warning,top_1_but_ambiguous,low_priority_alternative,"mountain=子持山(#112); candidate=summit-candidate:93b30125fa1dcd57; track=""子持山（頂上にたどり着けず）""; score=0.5; name_tier=strong; ele_diff=60.61m; loc=mismatch_warning; act_conf=high"
112,子持山,summit-candidate:101c1b0635c0bec0,yamap_2022-12-25_10_09.gpx,高山,131.66666666666666,123,8.67,0.33,2,20,0,false,false,low,high,high,resolve_conflict,missing_location_evidence,,,missing_mountain_municipality,今治市,multiple_candidates_for_mountain|multiple_mountains_for_candidate|weak_name_evidence|missing_csv_coordinate|location_mismatch_warning|activity_link_ambiguous,top_candidate_for_multiple_mountains,shared_candidate,"mountain=子持山(#112); candidate=summit-candidate:101c1b0635c0bec0; track=""高山""; score=0.33; name_tier=none; ele_diff=8.67m; loc=mismatch_warning; act_conf=high"
112,子持山,summit-candidate:8178723bbadb1c72,yamap_2023-01-06_11_33.gpx,岩子山・垣生山・津田山・弁天山,123.67,123,0.67,0.33,3,21,0,false,false,low,medium,low,low_priority,missing_location_evidence,,,missing_mountain_municipality,松山市,multiple_candidates_for_mountain|multiple_mountains_for_candidate|weak_name_evidence|missing_csv_coordinate|location_mismatch_warning,top_3_with_evidence,low_priority_alternative,"mountain=子持山(#112); candidate=summit-candidate:8178723bbadb1c72; track=""岩子山・垣生山・津田山・弁天山""; score=0.33; name_tier=none; ele_diff=0.67m; loc=mismatch_warning; act_conf=high"
113,大峰ヶ台,summit-candidate:8de328f982753d58,yamap_2022-08-21_15_44.gpx,大峰ヶ台,117.91000000000001,141,23.09,0.79,1,1,0.29,true,true,medium,medium,medium,accept_candidate_after_map_check,location_strong_match,松山市,,same_municipality,松山市,multiple_candidates_for_mountain|multiple_mountains_for_candidate|missing_csv_coordinate|timezone_sensitive_activity_link,top_1_but_ambiguous|priority_reduced_strong_match_mutual_top1,clear_mutual_top1,"mountain=大峰ヶ台(#113); candidate=summit-candidate:8de328f982753d58; track=""大峰ヶ台""; score=0.69; name_tier=strong; ele_diff=23.09m; loc=strong_overlap; act_conf=high"
113,大峰ヶ台,summit-candidate:ab8cf0f07d2a219d,yamap_2022-03-12_08_31.gpx,菊ヶ森,145.66,141,4.66,0.5,2,3,0.06,false,true,low,medium,low,low_priority,location_strong_match,松山市,,same_municipality,松山市,multiple_candidates_for_mountain|multiple_mountains_for_candidate|weak_name_evidence|missing_csv_coordinate|activity_link_ambiguous,top_3_with_evidence,low_priority_alternative,"mountain=大峰ヶ台(#113); candidate=summit-candidate:ab8cf0f07d2a219d; track=""菊ヶ森""; score=0.4; name_tier=none; ele_diff=4.66m; loc=strong_overlap; act_conf=high"
113,大峰ヶ台,summit-candidate:084fa7c9e55252dc,yamap_2026-03-11_10_35.gpx,野津子山・軽ノ山,165.84333333333333,141,24.84,0.44,3,14,0,false,false,low,high,high,resolve_conflict,location_strong_match,松山市,,same_municipality,松山市,multiple_candidates_for_mountain|multiple_mountains_for_candidate|weak_name_evidence|missing_csv_coordinate,top_candidate_for_multiple_mountains,shared_candidate,"mountain=大峰ヶ台(#113); candidate=summit-candidate:084fa7c9e55252dc; track=""野津子山・軽ノ山""; score=0.34; name_tier=none; ele_diff=24.84m; loc=strong_overlap; act_conf=high"
114,世田山,summit-candidate:8f25ad4ff380df77,yamap_2026-03-06_09_00.gpx,世田山・笠松山東峰・笠松山,346.8866666666666,339,7.89,0.85,1,1,0.06,true,true,medium,medium,high,resolve_conflict,location_strong_match,今治市,,same_municipality,今治市,multiple_candidates_for_mountain|multiple_mountains_for_candidate|missing_csv_coordinate,top_1_but_ambiguous|top_candidate_for_multiple_mountains|priority_reduced_strong_match_mutual_top1,shared_candidate,"mountain=世田山(#114); candidate=summit-candidate:8f25ad4ff380df77; track=""世田山・笠松山東峰・笠松山""; score=0.75; name_tier=strong; ele_diff=7.89m; loc=strong_overlap; act_conf=high"
114,世田山,summit-candidate:9d5a3bd31bedfeda,yamap_2022-08-26_08_45.gpx,世田山・笠松山,356.6686284540569,339,17.67,0.79,2,2,0,false,true,medium,high,high,resolve_conflict,location_strong_match,今治市,,same_municipality,今治市,multiple_candidates_for_mountain|multiple_mountains_for_candidate|missing_csv_coordinate,top_candidate_for_multiple_mountains,shared_candidate,"mountain=世田山(#114); candidate=summit-candidate:9d5a3bd31bedfeda; track=""世田山・笠松山""; score=0.69; name_tier=strong; ele_diff=17.67m; loc=strong_overlap; act_conf=high"
114,世田山,summit-candidate:d0f2d4ee46a862c3,yamap_2022-08-26_08_45.gpx,世田山・笠松山,360.61048094906045,339,21.61,0.79,3,2,0.29,false,true,medium,medium,low,low_priority,location_strong_match,今治市,,same_municipality,今治市,multiple_candidates_for_mountain|multiple_mountains_for_candidate|missing_csv_coordinate,top_3_with_evidence,low_priority_alternative,"mountain=世田山(#114); candidate=summit-candidate:d0f2d4ee46a862c3; track=""世田山・笠松山""; score=0.69; name_tier=strong; ele_diff=21.61m; loc=strong_overlap; act_conf=high"
115,笠松山,summit-candidate:9d5a3bd31bedfeda,yamap_2022-08-26_08_45.gpx,世田山・笠松山,356.6686284540569,357,0.33,0.85,1,1,0,true,true,medium,medium,high,resolve_conflict,location_strong_match,今治市,,same_municipality,今治市,multiple_candidates_for_mountain|multiple_mountains_for_candidate|missing_csv_coordinate,top_1_but_ambiguous|top_candidate_for_multiple_mountains|priority_reduced_strong_match_mutual_top1,shared_candidate,"mountain=笠松山(#115); candidate=summit-candidate:9d5a3bd31bedfeda; track=""世田山・笠松山""; score=0.75; name_tier=strong; ele_diff=0.33m; loc=strong_overlap; act_conf=high"
115,笠松山,summit-candidate:d0f2d4ee46a862c3,yamap_2022-08-26_08_45.gpx,世田山・笠松山,360.61048094906045,357,3.61,0.85,2,1,0.06,false,true,medium,medium,high,check_close_alternatives,location_strong_match,今治市,,same_municipality,今治市,multiple_candidates_for_mountain|multiple_mountains_for_candidate|missing_csv_coordinate,top_3_with_evidence,small_score_gap,"mountain=笠松山(#115); candidate=summit-candidate:d0f2d4ee46a862c3; track=""世田山・笠松山""; score=0.75; name_tier=strong; ele_diff=3.61m; loc=strong_overlap; act_conf=high"
115,笠松山,summit-candidate:8f25ad4ff380df77,yamap_2026-03-06_09_00.gpx,世田山・笠松山東峰・笠松山,346.8866666666666,357,10.11,0.79,3,2,0.29,false,true,medium,high,high,resolve_conflict,location_strong_match,今治市,,same_municipality,今治市,multiple_candidates_for_mountain|multiple_mountains_for_candidate|missing_csv_coordinate,top_candidate_for_multiple_mountains,shared_candidate,"mountain=笠松山(#115); candidate=summit-candidate:8f25ad4ff380df77; track=""世田山・笠松山東峰・笠松山""; score=0.69; name_tier=strong; ele_diff=10.11m; loc=strong_overlap; act_conf=high"
116,北三方ヶ森,summit-candidate:80368eea9aabeb96,yamap_2022-08-27_06_05.gpx,北三方ヶ森,964.82,978,13.18,0.62,1,1,0.12,true,true,medium,high,medium,accept_candidate_after_map_check,location_uncertain_keep,松山市,,candidate_boundary_ambiguous,,multiple_candidates_for_mountain|multiple_mountains_for_candidate|missing_csv_coordinate|location_mismatch_warning,top_1_but_ambiguous,clear_mutual_top1,"mountain=北三方ヶ森(#116); candidate=summit-candidate:80368eea9aabeb96; track=""北三方ヶ森""; score=0.62; name_tier=strong; ele_diff=13.18m; loc=mismatch_warning; act_conf=high"
116,北三方ヶ森,summit-candidate:3111fcf6a23addd2,yamap_2022-08-27_06_05.gpx,北三方ヶ森,905.61,978,72.39,0.5,2,1,0,false,true,low,medium,low,low_priority,location_uncertain_keep,松山市,,candidate_boundary_ambiguous,,multiple_candidates_for_mountain|multiple_mountains_for_candidate|weak_elevation_evidence|missing_csv_coordinate|location_mismatch_warning,top_3_with_evidence,low_priority_alternative,"mountain=北三方ヶ森(#116); candidate=summit-candidate:3111fcf6a23addd2; track=""北三方ヶ森""; score=0.5; name_tier=strong; ele_diff=72.39m; loc=mismatch_warning; act_conf=high"
116,北三方ヶ森,summit-candidate:6ba0d3c6b0fb6b96,yamap_2022-04-09_14_44.gpx,大月山・高縄山,981.3100000000001,978,3.31,0.5,3,4,0.06,false,false,low,medium,low,low_priority,location_strong_match,松山市,,same_municipality,松山市,multiple_candidates_for_mountain|multiple_mountains_for_candidate|weak_name_evidence|missing_csv_coordinate|activity_link_ambiguous,top_3_with_evidence,low_priority_alternative,"mountain=北三方ヶ森(#116); candidate=summit-candidate:6ba0d3c6b0fb6b96; track=""大月山・高縄山""; score=0.4; name_tier=none; ele_diff=3.31m; loc=strong_overlap; act_conf=high"
117,大友山,summit-candidate:2b56d4ad77a0c4b7,yamap_2022-09-04_12_08.gpx,大友山,404.05,407,2.95,0.75,1,1,0.18,true,true,medium,high,medium,accept_candidate_after_map_check,location_uncertain_keep,松山市,,candidate_boundary_ambiguous,,multiple_candidates_for_mountain|multiple_mountains_for_candidate|missing_csv_coordinate,top_1_but_ambiguous,clear_mutual_top1,"mountain=大友山(#117); candidate=summit-candidate:2b56d4ad77a0c4b7; track=""大友山""; score=0.75; name_tier=strong; ele_diff=2.95m; loc=strong_overlap; act_conf=high"
117,大友山,summit-candidate:9b4175d2d4104530,yamap_2022-09-04_12_08.gpx,大友山,343.08666666666664,407,63.91,0.57,2,1,0.07,false,true,medium,medium,low,low_priority,location_uncertain_keep,松山市,,candidate_boundary_ambiguous,,multiple_candidates_for_mountain|multiple_mountains_for_candidate|weak_elevation_evidence|missing_csv_coordinate,top_3_with_evidence,low_priority_alternative,"mountain=大友山(#117); candidate=summit-candidate:9b4175d2d4104530; track=""大友山""; score=0.57; name_tier=strong; ele_diff=63.91m; loc=strong_overlap; act_conf=high"
117,大友山,summit-candidate:4fec4dd128e55ab0,yamap_2023-01-03_07_36.gpx,福見山・河原樋山・真松嶺・柿王寺森,410.7033333333334,407,3.7,0.5,3,6,0,false,false,low,medium,low,low_priority,location_strong_match,松山市,,same_municipality,松山市,multiple_candidates_for_mountain|multiple_mountains_for_candidate|weak_name_evidence|missing_csv_coordinate,top_3_with_evidence,low_priority_alternative,"mountain=大友山(#117); candidate=summit-candidate:4fec4dd128e55ab0; track=""福見山・河原樋山・真松嶺・柿王寺森""; score=0.4; name_tier=none; ele_diff=3.7m; loc=strong_overlap; act_conf=high"
118,湯築山,summit-candidate:452c10a1db199870,yamap_2022-03-20_07_06.gpx,大久保山・八里ヶ峠・中坂山・天神山・室岡山・潮見山,76.83333333333333,71,5.83,0.5,1,9,0,false,false,low,high,high,resolve_conflict,location_strong_match,松山市,,same_municipality,松山市,multiple_candidates_for_mountain|multiple_mountains_for_candidate|weak_name_evidence|missing_csv_coordinate,top_1_but_ambiguous|top_candidate_for_multiple_mountains,shared_candidate|not_mutual_top1,"mountain=湯築山(#118); candidate=summit-candidate:452c10a1db199870; track=""大久保山・八里ヶ峠・中坂山・天神山・室岡山・潮見山""; score=0.4; name_tier=none; ele_diff=5.83m; loc=strong_overlap; act_conf=high"
118,湯築山,summit-candidate:5c9365b2a5a9c97f,yamap_2022-12-31_15_00.gpx,星岡山,69.03333333333333,71,1.97,0.5,2,6,0,false,false,low,high,high,resolve_conflict,location_strong_match,松山市,,same_municipality,松山市,multiple_candidates_for_mountain|multiple_mountains_for_candidate|weak_name_evidence|missing_csv_coordinate|activity_link_ambiguous|timezone_sensitive_activity_link,top_candidate_for_multiple_mountains,shared_candidate,"mountain=湯築山(#118); candidate=summit-candidate:5c9365b2a5a9c97f; track=""星岡山""; score=0.4; name_tier=none; ele_diff=1.97m; loc=strong_overlap; act_conf=high"
118,湯築山,summit-candidate:93b30125fa1dcd57,yamap_2022-07-21_10_02.gpx,子持山（頂上にたどり着けず）,62.39020293366199,71,8.61,0.5,3,2,0,false,true,low,medium,high,check_close_alternatives,location_strong_match,松山市,,same_municipality,松山市,multiple_candidates_for_mountain|multiple_mountains_for_candidate|weak_name_evidence|missing_csv_coordinate,top_3_with_evidence,small_score_gap,"mountain=湯築山(#118); candidate=summit-candidate:93b30125fa1dcd57; track=""子持山（頂上にたどり着けず）""; score=0.4; name_tier=none; ele_diff=8.61m; loc=strong_overlap; act_conf=high"
119,寒風山,summit-candidate:23eea13de5db5c9f,yamap_2022-09-09_06_58.gpx,寒風山・笹ヶ峰・ちち山,1758.0533333333333,1762,3.95,0.68,1,1,0.11,true,true,medium,high,medium,accept_candidate_after_map_check,location_uncertain_keep,西条市,,candidate_boundary_ambiguous,,multiple_candidates_for_mountain|multiple_mountains_for_candidate|missing_csv_coordinate|location_mismatch_warning,top_1_but_ambiguous,clear_mutual_top1,"mountain=寒風山(#119); candidate=summit-candidate:23eea13de5db5c9f; track=""寒風山・笹ヶ峰・ちち山""; score=0.68; name_tier=strong; ele_diff=3.95m; loc=mismatch_warning; act_conf=high"
119,寒風山,summit-candidate:9a59c4b620ba3792,yamap_2022-09-09_06_58.gpx,寒風山・笹ヶ峰・ちち山,1856.2533333333333,1762,94.25,0.57,2,3,0.02,false,true,medium,medium,low,low_priority,location_uncertain_keep,西条市,,candidate_boundary_ambiguous,,multiple_candidates_for_mountain|multiple_mountains_for_candidate|weak_elevation_evidence|missing_csv_coordinate,top_3_with_evidence,low_priority_alternative,"mountain=寒風山(#119); candidate=summit-candidate:9a59c4b620ba3792; track=""寒風山・笹ヶ峰・ちち山""; score=0.57; name_tier=strong; ele_diff=94.25m; loc=strong_overlap; act_conf=high"
119,寒風山,summit-candidate:7213c478833fd90f,yamap_2022-09-09_06_58.gpx,寒風山・笹ヶ峰・ちち山,1846.8,1762,84.8,0.55,3,3,0.05,false,true,low,medium,high,check_location_warning,boundary_plausible,西条市,,adjacent_municipality,新居浜市,multiple_candidates_for_mountain|multiple_mountains_for_candidate|weak_elevation_evidence|missing_csv_coordinate|location_mismatch_warning,top_3_with_evidence,boundary_plausible,"mountain=寒風山(#119); candidate=summit-candidate:7213c478833fd90f; track=""寒風山・笹ヶ峰・ちち山""; score=0.5; name_tier=strong; ele_diff=84.8m; loc=mismatch_warning; act_conf=high"
120,ちち山,summit-candidate:b87c90ebd1eb0d06,yamap_2026-05-06_07_28.gpx,丸山・ちち山・笹ヶ峰,1856.6633333333332,1855,1.66,0.85,1,1,0.1,true,true,medium,medium,high,resolve_conflict,location_strong_match,西条市,,same_municipality,西条市,multiple_candidates_for_mountain|multiple_mountains_for_candidate|missing_csv_coordinate,top_1_but_ambiguous|top_candidate_for_multiple_mountains|priority_reduced_strong_match_mutual_top1,shared_candidate,"mountain=ちち山(#120); candidate=summit-candidate:b87c90ebd1eb0d06; track=""丸山・ちち山・笹ヶ峰""; score=0.75; name_tier=strong; ele_diff=1.66m; loc=strong_overlap; act_conf=high"
120,ちち山,summit-candidate:453327d51d16e202,yamap_2026-05-06_07_28.gpx,丸山・ちち山・笹ヶ峰,1850.97,1855,4.03,0.75,2,1,0,false,true,medium,medium,low,low_priority,location_uncertain_keep,西条市,,candidate_boundary_ambiguous,,multiple_candidates_for_mountain|multiple_mountains_for_candidate|missing_csv_coordinate,top_3_with_evidence,low_priority_alternative,"mountain=ちち山(#120); candidate=summit-candidate:453327d51d16e202; track=""丸山・ちち山・笹ヶ峰""; score=0.75; name_tier=strong; ele_diff=4.03m; loc=strong_overlap; act_conf=high"
120,ちち山,summit-candidate:9a59c4b620ba3792,yamap_2022-09-09_06_58.gpx,寒風山・笹ヶ峰・ちち山,1856.2533333333333,1855,1.25,0.75,3,1,0.02,false,true,medium,medium,low,low_priority,location_uncertain_keep,西条市,,candidate_boundary_ambiguous,,multiple_candidates_for_mountain|multiple_mountains_for_candidate|missing_csv_coordinate,top_3_with_evidence,low_priority_alternative,"mountain=ちち山(#120); candidate=summit-candidate:9a59c4b620ba3792; track=""寒風山・笹ヶ峰・ちち山""; score=0.75; name_tier=strong; ele_diff=1.25m; loc=strong_overlap; act_conf=high"
121,笹ヶ峰,summit-candidate:b87c90ebd1eb0d06,yamap_2026-05-06_07_28.gpx,丸山・ちち山・笹ヶ峰,1856.6633333333332,1860,3.34,0.85,1,2,0.1,false,true,medium,high,high,resolve_conflict,location_strong_match,西条市,,same_municipality,西条市,multiple_candidates_for_mountain|multiple_mountains_for_candidate|missing_csv_coordinate,top_1_but_ambiguous|top_candidate_for_multiple_mountains,shared_candidate|not_mutual_top1,"mountain=笹ヶ峰(#121); candidate=summit-candidate:b87c90ebd1eb0d06; track=""丸山・ちち山・笹ヶ峰""; score=0.75; name_tier=strong; ele_diff=3.34m; loc=strong_overlap; act_conf=high"
121,笹ヶ峰,summit-candidate:453327d51d16e202,yamap_2026-05-06_07_28.gpx,丸山・ちち山・笹ヶ峰,1850.97,1860,9.03,0.75,2,2,0,false,true,medium,medium,low,low_priority,location_uncertain_keep,西条市,,candidate_boundary_ambiguous,,multiple_candidates_for_mountain|multiple_mountains_for_candidate|missing_csv_coordinate,top_3_with_evidence,low_priority_alternative,"mountain=笹ヶ峰(#121); candidate=summit-candidate:453327d51d16e202; track=""丸山・ちち山・笹ヶ峰""; score=0.75; name_tier=strong; ele_diff=9.03m; loc=strong_overlap; act_conf=high"
121,笹ヶ峰,summit-candidate:9a59c4b620ba3792,yamap_2022-09-09_06_58.gpx,寒風山・笹ヶ峰・ちち山,1856.2533333333333,1860,3.75,0.75,3,2,0.08,false,true,medium,medium,low,low_priority,location_uncertain_keep,西条市,,candidate_boundary_ambiguous,,multiple_candidates_for_mountain|multiple_mountains_for_candidate|missing_csv_coordinate,top_3_with_evidence,low_priority_alternative,"mountain=笹ヶ峰(#121); candidate=summit-candidate:9a59c4b620ba3792; track=""寒風山・笹ヶ峰・ちち山""; score=0.75; name_tier=strong; ele_diff=3.75m; loc=strong_overlap; act_conf=high"
122,松軒山,summit-candidate:51a919059b1a6dbb,yamap_2023-01-10_10_30.gpx,由良山,194.63,190,4.63,0.4,1,2,0.07,false,true,low,high,high,resolve_conflict,location_uncertain_keep,愛南町,,candidate_boundary_ambiguous,,multiple_candidates_for_mountain|multiple_mountains_for_candidate|weak_name_evidence|missing_csv_coordinate,top_1_but_ambiguous,not_mutual_top1,"mountain=松軒山(#122); candidate=summit-candidate:51a919059b1a6dbb; track=""由良山""; score=0.4; name_tier=none; ele_diff=4.63m; loc=strong_overlap; act_conf=high"
122,松軒山,summit-candidate:23c112538ef91e0d,yamap_2022-02-23_08_42.gpx,西山・経ヶ森・岩子山・護摩ヶ森,195.95000000000002,190,5.95,0.33,2,19,0,false,false,low,high,high,resolve_conflict,location_uncertain_keep,愛南町,,non_adjacent_municipality,松山市,multiple_candidates_for_mountain|multiple_mountains_for_candidate|weak_name_evidence|missing_csv_coordinate|location_mismatch_warning,top_candidate_for_multiple_mountains,shared_candidate,"mountain=松軒山(#122); candidate=summit-candidate:23c112538ef91e0d; track=""西山・経ヶ森・岩子山・護摩ヶ森""; score=0.33; name_tier=none; ele_diff=5.95m; loc=mismatch_warning; act_conf=high"
122,松軒山,summit-candidate:f1ee81f4d467a28e,yamap_2024-07-08_11_33.gpx,宅並山,191.34803656971437,190,1.35,0.33,3,17,0.01,false,false,low,medium,low,low_priority,location_uncertain_keep,愛南町,,non_adjacent_municipality,松山市,multiple_candidates_for_mountain|multiple_mountains_for_candidate|weak_name_evidence|missing_csv_coordinate|location_mismatch_warning,top_3_with_evidence,low_priority_alternative,"mountain=松軒山(#122); candidate=summit-candidate:f1ee81f4d467a28e; track=""宅並山""; score=0.33; name_tier=none; ele_diff=1.35m; loc=mismatch_warning; act_conf=high"
123,三山,summit-candidate:35b464661fa62df9,yamap_2022-09-15_09_20.gpx,三山,323.2966666666667,325,1.7,0.68,1,1,0.18,true,true,medium,high,high,resolve_conflict,missing_location_evidence,,,missing_mountain_municipality,上島町,multiple_candidates_for_mountain|multiple_mountains_for_candidate|missing_csv_coordinate|location_mismatch_warning|activity_link_ambiguous,top_1_but_ambiguous|top_candidate_for_multiple_mountains,shared_candidate,"mountain=三山(#123); candidate=summit-candidate:35b464661fa62df9; track=""三山""; score=0.68; name_tier=strong; ele_diff=1.7m; loc=mismatch_warning; act_conf=high"
123,三山,summit-candidate:4d0f5f75da9165b8,yamap_2022-09-15_12_35.gpx,石灰山・古法皇山,269.75333333333333,325,55.25,0.5,2,2,0,false,true,low,medium,low,low_priority,missing_location_evidence,,,missing_mountain_municipality,上島町,multiple_candidates_for_mountain|multiple_mountains_for_candidate|weak_elevation_evidence|missing_csv_coordinate|location_mismatch_warning|activity_link_ambiguous,top_3_with_evidence,low_priority_alternative,"mountain=三山(#123); candidate=summit-candidate:4d0f5f75da9165b8; track=""石灰山・古法皇山""; score=0.5; name_tier=strong; ele_diff=55.25m; loc=mismatch_warning; act_conf=high"
123,三山,summit-candidate:507809fc1a4b9e4e,yamap_2022-09-15_11_50.gpx,久司山,136.67,325,188.33,0.5,3,2,0,false,true,low,medium,low,low_priority,missing_location_evidence,,,missing_mountain_municipality,上島町,multiple_candidates_for_mountain|multiple_mountains_for_candidate|weak_elevation_evidence|missing_csv_coordinate|location_mismatch_warning|activity_link_ambiguous,top_3_with_evidence,low_priority_alternative,"mountain=三山(#123); candidate=summit-candidate:507809fc1a4b9e4e; track=""久司山""; score=0.5; name_tier=strong; ele_diff=188.33m; loc=mismatch_warning; act_conf=high"
124,伊勢山,summit-candidate:bd145a45a7d01b99,yamap_2022-09-15_11_02.gpx,伊勢山,52.94,57,4.06,0.68,1,1,0.18,true,true,medium,high,medium,accept_candidate_after_map_check,missing_location_evidence,,,missing_mountain_municipality,上島町,multiple_candidates_for_mountain|multiple_mountains_for_candidate|missing_csv_coordinate|location_mismatch_warning|activity_link_ambiguous,top_1_but_ambiguous,clear_mutual_top1,"mountain=伊勢山(#124); candidate=summit-candidate:bd145a45a7d01b99; track=""伊勢山""; score=0.68; name_tier=strong; ele_diff=4.06m; loc=mismatch_warning; act_conf=high"
124,伊勢山,summit-candidate:35b464661fa62df9,yamap_2022-09-15_09_20.gpx,三山,323.2966666666667,57,266.3,0.5,2,3,0,false,true,low,high,high,resolve_conflict,missing_location_evidence,,,missing_mountain_municipality,上島町,multiple_candidates_for_mountain|multiple_mountains_for_candidate|weak_elevation_evidence|missing_csv_coordinate|location_mismatch_warning|activity_link_ambiguous,top_candidate_for_multiple_mountains,shared_candidate,"mountain=伊勢山(#124); candidate=summit-candidate:35b464661fa62df9; track=""三山""; score=0.5; name_tier=strong; ele_diff=266.3m; loc=mismatch_warning; act_conf=high"
124,伊勢山,summit-candidate:4d0f5f75da9165b8,yamap_2022-09-15_12_35.gpx,石灰山・古法皇山,269.75333333333333,57,212.75,0.5,3,3,0,false,true,low,medium,low,low_priority,missing_location_evidence,,,missing_mountain_municipality,上島町,multiple_candidates_for_mountain|multiple_mountains_for_candidate|weak_elevation_evidence|missing_csv_coordinate|location_mismatch_warning|activity_link_ambiguous,top_3_with_evidence,low_priority_alternative,"mountain=伊勢山(#124); candidate=summit-candidate:4d0f5f75da9165b8; track=""石灰山・古法皇山""; score=0.5; name_tier=strong; ele_diff=212.75m; loc=mismatch_warning; act_conf=high"
125,久司山,summit-candidate:507809fc1a4b9e4e,yamap_2022-09-15_11_50.gpx,久司山,136.67,142,5.33,0.68,1,1,0.18,true,true,medium,high,medium,accept_candidate_after_map_check,missing_location_evidence,,,missing_mountain_municipality,上島町,multiple_candidates_for_mountain|multiple_mountains_for_candidate|missing_csv_coordinate|location_mismatch_warning|activity_link_ambiguous,top_1_but_ambiguous,clear_mutual_top1,"mountain=久司山(#125); candidate=summit-candidate:507809fc1a4b9e4e; track=""久司山""; score=0.68; name_tier=strong; ele_diff=5.33m; loc=mismatch_warning; act_conf=high"
125,久司山,summit-candidate:35b464661fa62df9,yamap_2022-09-15_09_20.gpx,三山,323.2966666666667,142,181.3,0.5,2,4,0,false,false,low,high,high,resolve_conflict,missing_location_evidence,,,missing_mountain_municipality,上島町,multiple_candidates_for_mountain|multiple_mountains_for_candidate|weak_elevation_evidence|missing_csv_coordinate|location_mismatch_warning|activity_link_ambiguous,top_candidate_for_multiple_mountains,shared_candidate,"mountain=久司山(#125); candidate=summit-candidate:35b464661fa62df9; track=""三山""; score=0.5; name_tier=strong; ele_diff=181.3m; loc=mismatch_warning; act_conf=high"
125,久司山,summit-candidate:4d0f5f75da9165b8,yamap_2022-09-15_12_35.gpx,石灰山・古法皇山,269.75333333333333,142,127.75,0.5,3,4,0,false,false,low,medium,low,low_priority,missing_location_evidence,,,missing_mountain_municipality,上島町,multiple_candidates_for_mountain|multiple_mountains_for_candidate|weak_elevation_evidence|missing_csv_coordinate|location_mismatch_warning|activity_link_ambiguous,top_3_with_evidence,low_priority_alternative,"mountain=久司山(#125); candidate=summit-candidate:4d0f5f75da9165b8; track=""石灰山・古法皇山""; score=0.5; name_tier=strong; ele_diff=127.75m; loc=mismatch_warning; act_conf=high"
126,石灰山,summit-candidate:35b464661fa62df9,yamap_2022-09-15_09_20.gpx,三山,323.2966666666667,216,107.3,0.5,1,5,0,false,false,low,high,high,resolve_conflict,missing_location_evidence,,,missing_mountain_municipality,上島町,multiple_candidates_for_mountain|multiple_mountains_for_candidate|weak_elevation_evidence|missing_csv_coordinate|location_mismatch_warning|activity_link_ambiguous,top_1_but_ambiguous|top_candidate_for_multiple_mountains,shared_candidate|not_mutual_top1,"mountain=石灰山(#126); candidate=summit-candidate:35b464661fa62df9; track=""三山""; score=0.5; name_tier=strong; ele_diff=107.3m; loc=mismatch_warning; act_conf=high"
126,石灰山,summit-candidate:4d0f5f75da9165b8,yamap_2022-09-15_12_35.gpx,石灰山・古法皇山,269.75333333333333,216,53.75,0.5,2,5,0,false,false,low,medium,high,check_close_alternatives,missing_location_evidence,,,missing_mountain_municipality,上島町,multiple_candidates_for_mountain|multiple_mountains_for_candidate|weak_elevation_evidence|missing_csv_coordinate|location_mismatch_warning|activity_link_ambiguous,top_3_with_evidence,small_score_gap,"mountain=石灰山(#126); candidate=summit-candidate:4d0f5f75da9165b8; track=""石灰山・古法皇山""; score=0.5; name_tier=strong; ele_diff=53.75m; loc=mismatch_warning; act_conf=high"
126,石灰山,summit-candidate:507809fc1a4b9e4e,yamap_2022-09-15_11_50.gpx,久司山,136.67,216,79.33,0.5,3,4,0,false,false,low,medium,high,check_close_alternatives,missing_location_evidence,,,missing_mountain_municipality,上島町,multiple_candidates_for_mountain|multiple_mountains_for_candidate|weak_elevation_evidence|missing_csv_coordinate|location_mismatch_warning|activity_link_ambiguous,top_3_with_evidence,small_score_gap,"mountain=石灰山(#126); candidate=summit-candidate:507809fc1a4b9e4e; track=""久司山""; score=0.5; name_tier=strong; ele_diff=79.33m; loc=mismatch_warning; act_conf=high"
127,古法皇山,summit-candidate:4d0f5f75da9165b8,yamap_2022-09-15_12_35.gpx,石灰山・古法皇山,269.75333333333333,279,9.25,0.68,1,1,0.12,true,true,medium,high,medium,accept_candidate_after_map_check,missing_location_evidence,,,missing_mountain_municipality,上島町,multiple_candidates_for_mountain|multiple_mountains_for_candidate|missing_csv_coordinate|location_mismatch_warning|activity_link_ambiguous,top_1_but_ambiguous,clear_mutual_top1,"mountain=古法皇山(#127); candidate=summit-candidate:4d0f5f75da9165b8; track=""石灰山・古法皇山""; score=0.68; name_tier=strong; ele_diff=9.25m; loc=mismatch_warning; act_conf=high"
127,古法皇山,summit-candidate:35b464661fa62df9,yamap_2022-09-15_09_20.gpx,三山,323.2966666666667,279,44.3,0.56,2,2,0.06,false,true,medium,high,high,resolve_conflict,missing_location_evidence,,,missing_mountain_municipality,上島町,multiple_candidates_for_mountain|multiple_mountains_for_candidate|missing_csv_coordinate|location_mismatch_warning|activity_link_ambiguous,top_candidate_for_multiple_mountains,shared_candidate,"mountain=古法皇山(#127); candidate=summit-candidate:35b464661fa62df9; track=""三山""; score=0.56; name_tier=strong; ele_diff=44.3m; loc=mismatch_warning; act_conf=high"
127,古法皇山,summit-candidate:507809fc1a4b9e4e,yamap_2022-09-15_11_50.gpx,久司山,136.67,279,142.33,0.5,3,5,0,false,false,low,medium,low,low_priority,missing_location_evidence,,,missing_mountain_municipality,上島町,multiple_candidates_for_mountain|multiple_mountains_for_candidate|weak_elevation_evidence|missing_csv_coordinate|location_mismatch_warning|activity_link_ambiguous,top_3_with_evidence,low_priority_alternative,"mountain=古法皇山(#127); candidate=summit-candidate:507809fc1a4b9e4e; track=""久司山""; score=0.5; name_tier=strong; ele_diff=142.33m; loc=mismatch_warning; act_conf=high"
128,狩江権現山,summit-candidate:ef5127a689eaf48a,yamap_2022-09-20_14_24.gpx,極山,559.4133333333333,464,95.41,0.67,1,2,0.08,false,true,medium,high,high,resolve_conflict,location_strong_match,西予市,,same_municipality,西予市,multiple_candidates_for_mountain|multiple_mountains_for_candidate|weak_elevation_evidence|missing_csv_coordinate|activity_link_ambiguous,top_1_but_ambiguous|top_candidate_for_multiple_mountains,shared_candidate|not_mutual_top1,"mountain=狩江権現山(#128); candidate=summit-candidate:ef5127a689eaf48a; track=""極山""; score=0.57; name_tier=strong; ele_diff=95.41m; loc=strong_overlap; act_conf=high"
128,狩江権現山,summit-candidate:a660f8ef78c69ab0,yamap_2023-01-08_14_24.gpx,黒瀬山(黒瀬城址)・岡山(岡山城址)・鉢ヶ森(鉢ヶ森城址)・護摩ヶ森(護摩ヶ森城址)・我合山(...,432.21000000000004,464,31.79,0.59,2,4,0.06,false,false,low,medium,low,low_priority,location_strong_match,西予市,,same_municipality,西予市,multiple_candidates_for_mountain|multiple_mountains_for_candidate|missing_csv_coordinate|activity_link_ambiguous,top_3_with_evidence,low_priority_alternative,"mountain=狩江権現山(#128); candidate=summit-candidate:a660f8ef78c69ab0; track=""黒瀬山(黒瀬城址)・岡山(岡山城址)・鉢ヶ森(鉢ヶ森城址)・護摩ヶ森(護摩ヶ森城址)・我合山(...""; score=0.49; name_tier=medium; ele_diff=31.79m; loc=strong_overlap; act_conf=high"
128,狩江権現山,summit-candidate:8a7a47d167c1aba6,yamap_2023-01-08_14_24.gpx,黒瀬山(黒瀬城址)・岡山(岡山城址)・鉢ヶ森(鉢ヶ森城址)・護摩ヶ森(護摩ヶ森城址)・我合山(...,349.4466666666667,464,114.55,0.53,3,7,0,false,false,low,high,high,resolve_conflict,location_strong_match,西予市,,same_municipality,西予市,multiple_candidates_for_mountain|multiple_mountains_for_candidate|weak_elevation_evidence|missing_csv_coordinate|activity_link_ambiguous,top_candidate_for_multiple_mountains,shared_candidate,"mountain=狩江権現山(#128); candidate=summit-candidate:8a7a47d167c1aba6; track=""黒瀬山(黒瀬城址)・岡山(岡山城址)・鉢ヶ森(鉢ヶ森城址)・護摩ヶ森(護摩ヶ森城址)・我合山(...""; score=0.43; name_tier=medium; ele_diff=114.55m; loc=strong_overlap; act_conf=high"
129,極山,summit-candidate:ef5127a689eaf48a,yamap_2022-09-20_14_24.gpx,極山,559.4133333333333,561,1.59,0.85,1,1,0.41,true,true,medium,medium,high,resolve_conflict,location_strong_match,西予市,,same_municipality,西予市,multiple_candidates_for_mountain|multiple_mountains_for_candidate|missing_csv_coordinate|activity_link_ambiguous,top_1_but_ambiguous|top_candidate_for_multiple_mountains|priority_reduced_strong_match_mutual_top1,shared_candidate,"mountain=極山(#129); candidate=summit-candidate:ef5127a689eaf48a; track=""極山""; score=0.75; name_tier=strong; ele_diff=1.59m; loc=strong_overlap; act_conf=high"
129,極山,summit-candidate:51c8bc6a368c422c,yamap_2026-01-18_09_11.gpx,竜王の峰,542.5079186549784,561,18.49,0.44,2,4,0,false,false,low,high,high,resolve_conflict,location_strong_match,西予市,,same_municipality,西予市,multiple_candidates_for_mountain|multiple_mountains_for_candidate|weak_name_evidence|missing_csv_coordinate|activity_link_ambiguous,top_candidate_for_multiple_mountains,shared_candidate,"mountain=極山(#129); candidate=summit-candidate:51c8bc6a368c422c; track=""竜王の峰""; score=0.34; name_tier=none; ele_diff=18.49m; loc=strong_overlap; act_conf=high"
129,極山,summit-candidate:d71483d289d0c575,yamap_2025-01-24_13_34.gpx,御篠山・松葉山（松葉城址）・烏殿,583.88,561,22.88,0.44,3,5,0.17,false,false,low,medium,low,low_priority,location_strong_match,西予市,,same_municipality,西予市,multiple_candidates_for_mountain|multiple_mountains_for_candidate|weak_name_evidence|missing_csv_coordinate,top_3_with_evidence,low_priority_alternative,"mountain=極山(#129); candidate=summit-candidate:d71483d289d0c575; track=""御篠山・松葉山（松葉城址）・烏殿""; score=0.34; name_tier=none; ele_diff=22.88m; loc=strong_overlap; act_conf=high"
130,高文殊山,summit-candidate:3a1a951de82d4254,yamap_2022-09-21_13_09.gpx,高文殊山,227.89170104701893,221,6.89,0.85,1,1,0.41,true,true,medium,medium,medium,accept_candidate_after_map_check,location_strong_match,四国中央市,,same_municipality,四国中央市,multiple_candidates_for_mountain|multiple_mountains_for_candidate|missing_csv_coordinate,top_1_but_ambiguous|priority_reduced_strong_match_mutual_top1,clear_mutual_top1,"mountain=高文殊山(#130); candidate=summit-candidate:3a1a951de82d4254; track=""高文殊山""; score=0.75; name_tier=strong; ele_diff=6.89m; loc=strong_overlap; act_conf=high"
130,高文殊山,summit-candidate:8cef52d6989a94db,yamap_2025-01-30_10_12.gpx,北山,237.66666666666666,221,16.67,0.44,2,6,0,false,false,low,high,high,resolve_conflict,location_strong_match,四国中央市,,same_municipality,四国中央市,multiple_candidates_for_mountain|multiple_mountains_for_candidate|weak_name_evidence|missing_csv_coordinate|activity_link_ambiguous,top_candidate_for_multiple_mountains,shared_candidate,"mountain=高文殊山(#130); candidate=summit-candidate:8cef52d6989a94db; track=""北山""; score=0.34; name_tier=none; ele_diff=16.67m; loc=strong_overlap; act_conf=high"
130,高文殊山,summit-candidate:a14a745323a3d3af,yamap_2025-01-30_08_48.gpx,西の山,250.30998537053583,221,29.31,0.44,3,8,0.11,false,false,low,medium,low,low_priority,location_strong_match,四国中央市,,same_municipality,四国中央市,multiple_candidates_for_mountain|multiple_mountains_for_candidate|weak_name_evidence|missing_csv_coordinate|activity_link_ambiguous,top_3_with_evidence,low_priority_alternative,"mountain=高文殊山(#130); candidate=summit-candidate:a14a745323a3d3af; track=""西の山""; score=0.34; name_tier=none; ele_diff=29.31m; loc=strong_overlap; act_conf=high"
131,三本榎,summit-candidate:8251283605282249,yamap_2022-09-26_12_07.gpx,三本榎,246.47333333333336,256,9.53,0.68,1,1,0.18,true,true,medium,high,medium,accept_candidate_after_map_check,missing_location_evidence,,,missing_mountain_municipality,今治市,multiple_candidates_for_mountain|multiple_mountains_for_candidate|missing_csv_coordinate|location_mismatch_warning|activity_link_ambiguous,top_1_but_ambiguous,clear_mutual_top1,"mountain=三本榎(#131); candidate=summit-candidate:8251283605282249; track=""三本榎""; score=0.68; name_tier=strong; ele_diff=9.53m; loc=mismatch_warning; act_conf=high"
131,三本榎,summit-candidate:588c967023117267,yamap_2022-09-26_14_04.gpx,鏡山,201.48000000000002,256,54.52,0.5,2,2,0.17,false,true,low,high,high,resolve_conflict,missing_location_evidence,,,missing_mountain_municipality,今治市,multiple_candidates_for_mountain|multiple_mountains_for_candidate|weak_elevation_evidence|missing_csv_coordinate|location_mismatch_warning|activity_link_ambiguous,top_candidate_for_multiple_mountains,shared_candidate,"mountain=三本榎(#131); candidate=summit-candidate:588c967023117267; track=""鏡山""; score=0.5; name_tier=strong; ele_diff=54.52m; loc=mismatch_warning; act_conf=high"
131,三本榎,summit-candidate:0022a746b396d4c7,yamap_2024-03-10_07_12.gpx,夫婦山・白山・観音山・国見山・城山・御勧請山,264.2867991594412,256,8.29,0.33,3,17,0,false,false,low,medium,low,low_priority,missing_location_evidence,,,missing_mountain_municipality,松山市,multiple_candidates_for_mountain|multiple_mountains_for_candidate|weak_name_evidence|missing_csv_coordinate|location_mismatch_warning,top_3_with_evidence,low_priority_alternative,"mountain=三本榎(#131); candidate=summit-candidate:0022a746b396d4c7; track=""夫婦山・白山・観音山・国見山・城山・御勧請山""; score=0.33; name_tier=none; ele_diff=8.29m; loc=mismatch_warning; act_conf=high"
132,鏡山,summit-candidate:588c967023117267,yamap_2022-09-26_14_04.gpx,鏡山,201.48000000000002,212,10.52,0.62,1,1,0.06,true,true,medium,high,high,resolve_conflict,missing_location_evidence,,,missing_mountain_municipality,今治市,multiple_candidates_for_mountain|multiple_mountains_for_candidate|missing_csv_coordinate|location_mismatch_warning|activity_link_ambiguous,top_1_but_ambiguous|top_candidate_for_multiple_mountains,shared_candidate,"mountain=鏡山(#132); candidate=summit-candidate:588c967023117267; track=""鏡山""; score=0.62; name_tier=strong; ele_diff=10.52m; loc=mismatch_warning; act_conf=high"
132,鏡山,summit-candidate:8251283605282249,yamap_2022-09-26_12_07.gpx,三本榎,246.47333333333336,212,34.47,0.56,2,2,0.23,false,true,medium,medium,low,low_priority,missing_location_evidence,,,missing_mountain_municipality,今治市,multiple_candidates_for_mountain|multiple_mountains_for_candidate|missing_csv_coordinate|location_mismatch_warning|activity_link_ambiguous,top_3_with_evidence,low_priority_alternative,"mountain=鏡山(#132); candidate=summit-candidate:8251283605282249; track=""三本榎""; score=0.56; name_tier=strong; ele_diff=34.47m; loc=mismatch_warning; act_conf=high"
132,鏡山,summit-candidate:45439217573adfc4,yamap_2022-03-23_07_38.gpx,明神山・潮見山,210.93999999999997,212,1.06,0.33,3,16,0,false,false,low,medium,low,low_priority,missing_location_evidence,,,missing_mountain_municipality,松山市,multiple_candidates_for_mountain|multiple_mountains_for_candidate|weak_name_evidence|missing_csv_coordinate|location_mismatch_warning,top_3_with_evidence,low_priority_alternative,"mountain=鏡山(#132); candidate=summit-candidate:45439217573adfc4; track=""明神山・潮見山""; score=0.33; name_tier=none; ele_diff=1.06m; loc=mismatch_warning; act_conf=high"
133,戸祇御前山,summit-candidate:7bda9ba8d2b47d6e,yamap_2022-10-01_08_30.gpx,戸祇御前山,947.3511063301806,946,1.35,0.85,1,1,0.35,true,true,medium,medium,medium,accept_candidate_after_map_check,location_strong_match,鬼北町,,same_municipality,鬼北町,multiple_candidates_for_mountain|multiple_mountains_for_candidate|missing_csv_coordinate,top_1_but_ambiguous|priority_reduced_strong_match_mutual_top1,clear_mutual_top1,"mountain=戸祇御前山(#133); candidate=summit-candidate:7bda9ba8d2b47d6e; track=""戸祇御前山""; score=0.75; name_tier=strong; ele_diff=1.35m; loc=strong_overlap; act_conf=high"
133,戸祇御前山,summit-candidate:c246a8edb72dbebb,yamap_2026-03-15_06_14.gpx,長山,939.7329137961616,946,6.27,0.5,2,3,0.12,false,true,low,medium,low,low_priority,location_strong_match,鬼北町,,same_municipality,鬼北町,multiple_candidates_for_mountain|multiple_mountains_for_candidate|weak_name_evidence|missing_csv_coordinate|activity_link_ambiguous,top_3_with_evidence,low_priority_alternative,"mountain=戸祇御前山(#133); candidate=summit-candidate:c246a8edb72dbebb; track=""長山""; score=0.4; name_tier=none; ele_diff=6.27m; loc=strong_overlap; act_conf=high"
133,戸祇御前山,summit-candidate:18f6f4b086668887,yamap_2025-04-06_08_48.gpx,加塚山,936.75,946,9.25,0.38,3,2,0.06,false,true,low,medium,high,check_location_warning,boundary_plausible,鬼北町,,adjacent_municipality,宇和島市,multiple_candidates_for_mountain|multiple_mountains_for_candidate|weak_name_evidence|missing_csv_coordinate|location_mismatch_warning,top_3_with_evidence,boundary_plausible,"mountain=戸祇御前山(#133); candidate=summit-candidate:18f6f4b086668887; track=""加塚山""; score=0.33; name_tier=none; ele_diff=9.25m; loc=mismatch_warning; act_conf=high"
134,雄甲山,summit-candidate:82d3009a6c1b2511,yamap_2022-10-03_14_57.gpx,雄甲山・雌甲山,218.9593458353185,239,20.04,0.79,1,1,0.35,true,true,medium,medium,high,resolve_conflict,location_strong_match,松山市,,same_municipality,松山市,multiple_candidates_for_mountain|multiple_mountains_for_candidate|missing_csv_coordinate,top_1_but_ambiguous|top_candidate_for_multiple_mountains|priority_reduced_strong_match_mutual_top1,shared_candidate,"mountain=雄甲山(#134); candidate=summit-candidate:82d3009a6c1b2511; track=""雄甲山・雌甲山""; score=0.69; name_tier=strong; ele_diff=20.04m; loc=strong_overlap; act_conf=high"
134,雄甲山,summit-candidate:0022a746b396d4c7,yamap_2024-03-10_07_12.gpx,夫婦山・白山・観音山・国見山・城山・御勧請山,264.2867991594412,239,25.29,0.44,2,12,0,false,false,low,medium,low,low_priority,location_strong_match,松山市,,same_municipality,松山市,multiple_candidates_for_mountain|multiple_mountains_for_candidate|weak_name_evidence|missing_csv_coordinate,top_3_with_evidence,low_priority_alternative,"mountain=雄甲山(#134); candidate=summit-candidate:0022a746b396d4c7; track=""夫婦山・白山・観音山・国見山・城山・御勧請山""; score=0.34; name_tier=none; ele_diff=25.29m; loc=strong_overlap; act_conf=high"
134,雄甲山,summit-candidate:1432f597b5dca157,yamap_2023-01-28_14_27.gpx,古城山・尾崎山,253.17333333333332,239,14.17,0.44,3,11,0,false,false,low,high,high,resolve_conflict,location_strong_match,松山市,,same_municipality,松山市,multiple_candidates_for_mountain|multiple_mountains_for_candidate|weak_name_evidence|missing_csv_coordinate|activity_link_ambiguous,top_candidate_for_multiple_mountains,shared_candidate,"mountain=雄甲山(#134); candidate=summit-candidate:1432f597b5dca157; track=""古城山・尾崎山""; score=0.34; name_tier=none; ele_diff=14.17m; loc=strong_overlap; act_conf=high"
135,雌甲山,summit-candidate:82d3009a6c1b2511,yamap_2022-10-03_14_57.gpx,雄甲山・雌甲山,218.9593458353185,189,29.96,0.79,1,2,0.29,false,true,medium,high,high,resolve_conflict,location_strong_match,松山市,,same_municipality,松山市,multiple_candidates_for_mountain|multiple_mountains_for_candidate|missing_csv_coordinate,top_1_but_ambiguous|top_candidate_for_multiple_mountains,shared_candidate|not_mutual_top1,"mountain=雌甲山(#135); candidate=summit-candidate:82d3009a6c1b2511; track=""雄甲山・雌甲山""; score=0.69; name_tier=strong; ele_diff=29.96m; loc=strong_overlap; act_conf=high"
135,雌甲山,summit-candidate:23c112538ef91e0d,yamap_2022-02-23_08_42.gpx,西山・経ヶ森・岩子山・護摩ヶ森,195.95000000000002,189,6.95,0.5,2,8,0,false,false,low,high,high,resolve_conflict,location_strong_match,松山市,,same_municipality,松山市,multiple_candidates_for_mountain|multiple_mountains_for_candidate|weak_name_evidence|missing_csv_coordinate,top_candidate_for_multiple_mountains,shared_candidate,"mountain=雌甲山(#135); candidate=summit-candidate:23c112538ef91e0d; track=""西山・経ヶ森・岩子山・護摩ヶ森""; score=0.4; name_tier=none; ele_diff=6.95m; loc=strong_overlap; act_conf=high"
135,雌甲山,summit-candidate:36e3ac8003e8b5d0,yamap_2022-01-28_12_28.gpx,尾ノ峰・新城山・腰折山・恵良山,190.94333333333336,189,1.94,0.5,3,10,0,false,false,low,medium,low,low_priority,location_strong_match,松山市,,same_municipality,松山市,multiple_candidates_for_mountain|multiple_mountains_for_candidate|weak_name_evidence|missing_csv_coordinate,top_3_with_evidence,low_priority_alternative,"mountain=雌甲山(#135); candidate=summit-candidate:36e3ac8003e8b5d0; track=""尾ノ峰・新城山・腰折山・恵良山""; score=0.4; name_tier=none; ele_diff=1.94m; loc=strong_overlap; act_conf=high"
136,泉ガ森,summit-candidate:ff0e7de3b62f5ed8,yamap_2022-10-04_12_47.gpx,泉ガ森,760.3519951848507,755,5.35,0.68,1,1,0.35,true,true,medium,high,medium,accept_candidate_after_map_check,location_uncertain_keep,鬼北町,,candidate_boundary_ambiguous,,multiple_candidates_for_mountain|multiple_mountains_for_candidate|missing_csv_coordinate|location_mismatch_warning,top_1_but_ambiguous,clear_mutual_top1,"mountain=泉ガ森(#136); candidate=summit-candidate:ff0e7de3b62f5ed8; track=""泉ガ森""; score=0.68; name_tier=strong; ele_diff=5.35m; loc=mismatch_warning; act_conf=high"
136,泉ガ森,summit-candidate:6adfa15b8dbd8966,yamap_2026-02-07_07_21.gpx,牛の峰・尻高峰,756.9766666666668,755,1.98,0.33,2,6,0,false,false,low,medium,low,low_priority,location_uncertain_keep,鬼北町,,non_adjacent_municipality,大洲市,multiple_candidates_for_mountain|multiple_mountains_for_candidate|weak_name_evidence|missing_csv_coordinate|location_mismatch_warning|activity_link_ambiguous,top_3_with_evidence,low_priority_alternative,"mountain=泉ガ森(#136); candidate=summit-candidate:6adfa15b8dbd8966; track=""牛の峰・尻高峰""; score=0.33; name_tier=none; ele_diff=1.98m; loc=mismatch_warning; act_conf=high"
136,泉ガ森,summit-candidate:eb031d650d8e9a7a,yamap_2026-03-08_08_05.gpx,峰畑山,753.8057910293684,755,1.19,0.33,3,4,0.06,false,false,low,medium,low,low_priority,location_uncertain_keep,鬼北町,,non_adjacent_municipality,四国中央市,multiple_candidates_for_mountain|multiple_mountains_for_candidate|weak_name_evidence|missing_csv_coordinate|location_mismatch_warning|activity_link_ambiguous,top_3_with_evidence,low_priority_alternative,"mountain=泉ガ森(#136); candidate=summit-candidate:eb031d650d8e9a7a; track=""峰畑山""; score=0.33; name_tier=none; ele_diff=1.19m; loc=mismatch_warning; act_conf=high"
137,東山,summit-candidate:5c9365b2a5a9c97f,yamap_2022-12-31_15_00.gpx,星岡山,69.03333333333333,1392,1322.97,0.67,1,4,0.12,false,false,medium,high,high,resolve_conflict,location_strong_match,松山市,,same_municipality,松山市,multiple_candidates_for_mountain|multiple_mountains_for_candidate|weak_elevation_evidence|missing_csv_coordinate|activity_link_ambiguous|timezone_sensitive_activity_link,top_1_but_ambiguous|top_candidate_for_multiple_mountains,shared_candidate|not_mutual_top1,"mountain=東山(#137); candidate=summit-candidate:5c9365b2a5a9c97f; track=""星岡山""; score=0.57; name_tier=strong; ele_diff=1322.97m; loc=strong_overlap; act_conf=high"
137,東山,summit-candidate:4b33f9c73e644793,yamap_2022-05-15_06_10.gpx,割石東山・青滝山・堂ヶ森,1076.4162189328617,1392,315.58,0.55,2,4,0,false,false,low,medium,high,check_location_warning,boundary_plausible,松山市,,adjacent_municipality,久万高原町,multiple_candidates_for_mountain|multiple_mountains_for_candidate|weak_elevation_evidence|missing_csv_coordinate|location_mismatch_warning|activity_link_ambiguous,top_3_with_evidence,boundary_plausible,"mountain=東山(#137); candidate=summit-candidate:4b33f9c73e644793; track=""割石東山・青滝山・堂ヶ森""; score=0.5; name_tier=strong; ele_diff=315.58m; loc=mismatch_warning; act_conf=high"
137,東山,summit-candidate:bb644412fd9a132c,yamap_2022-05-15_06_10.gpx,割石東山・青滝山・堂ヶ森,1682.5333333333335,1392,290.53,0.55,3,4,0.05,false,false,low,medium,high,check_location_warning,boundary_plausible,松山市,,adjacent_municipality,久万高原町,multiple_candidates_for_mountain|multiple_mountains_for_candidate|weak_elevation_evidence|missing_csv_coordinate|location_mismatch_warning|activity_link_ambiguous,top_3_with_evidence,boundary_plausible,"mountain=東山(#137); candidate=summit-candidate:bb644412fd9a132c; track=""割石東山・青滝山・堂ヶ森""; score=0.5; name_tier=strong; ele_diff=290.53m; loc=mismatch_warning; act_conf=high"
138,前赤石山,summit-candidate:e2bdd25969c7f122,yamap_2022-10-08_06_12.gpx,東山・西赤石山・物住頭・前赤石山・東赤石山・八巻山,1651.7766666666666,1677,25.22,0.79,1,1,0.1,true,true,medium,medium,medium,accept_candidate_after_map_check,location_strong_match,新居浜市,,same_municipality,新居浜市,multiple_candidates_for_mountain|multiple_mountains_for_candidate|missing_csv_coordinate,top_1_but_ambiguous|priority_reduced_strong_match_mutual_top1,clear_mutual_top1,"mountain=前赤石山(#138); candidate=summit-candidate:e2bdd25969c7f122; track=""東山・西赤石山・物住頭・前赤石山・東赤石山・八巻山""; score=0.69; name_tier=strong; ele_diff=25.22m; loc=strong_overlap; act_conf=high"
138,前赤石山,summit-candidate:2b7cce23b57844a5,yamap_2022-10-08_06_12.gpx,東山・西赤石山・物住頭・前赤石山・東赤石山・八巻山,1699.1266666666668,1677,22.13,0.69,2,2,0.02,false,true,medium,high,high,resolve_conflict,location_uncertain_keep,新居浜市,,candidate_boundary_ambiguous,,multiple_candidates_for_mountain|multiple_mountains_for_candidate|missing_csv_coordinate,top_candidate_for_multiple_mountains,shared_candidate,"mountain=前赤石山(#138); candidate=summit-candidate:2b7cce23b57844a5; track=""東山・西赤石山・物住頭・前赤石山・東赤石山・八巻山""; score=0.69; name_tier=strong; ele_diff=22.13m; loc=strong_overlap; act_conf=high"
138,前赤石山,summit-candidate:5104c47f17101d63,yamap_2022-10-08_06_12.gpx,東山・西赤石山・物住頭・前赤石山・東赤石山・八巻山,1621.9866666666667,1677,55.01,0.67,3,3,0.04,false,true,medium,medium,low,low_priority,location_strong_match,新居浜市,,same_municipality,新居浜市,multiple_candidates_for_mountain|multiple_mountains_for_candidate|weak_elevation_evidence|missing_csv_coordinate,top_3_with_evidence,low_priority_alternative,"mountain=前赤石山(#138); candidate=summit-candidate:5104c47f17101d63; track=""東山・西赤石山・物住頭・前赤石山・東赤石山・八巻山""; score=0.57; name_tier=strong; ele_diff=55.01m; loc=strong_overlap; act_conf=high"
139,黒崎山,summit-candidate:541ec86327b86307,yamap_2022-10-11_15_15.gpx,黒崎山,89.01666666666667,57,32.02,0.56,1,1,0.23,true,true,medium,high,medium,accept_candidate_after_map_check,missing_location_evidence,,,missing_mountain_municipality,松山市,multiple_candidates_for_mountain|multiple_mountains_for_candidate|missing_csv_coordinate|location_mismatch_warning|timezone_sensitive_activity_link,top_1_but_ambiguous,clear_mutual_top1,"mountain=黒崎山(#139); candidate=summit-candidate:541ec86327b86307; track=""黒崎山""; score=0.56; name_tier=strong; ele_diff=32.02m; loc=mismatch_warning; act_conf=high"
139,黒崎山,summit-candidate:02d59cd1260af017,yamap_2024-01-27_10_11.gpx,御串山,62.803333333333335,57,5.8,0.33,2,10,0,false,false,low,high,high,resolve_conflict,missing_location_evidence,,,missing_mountain_municipality,今治市,multiple_candidates_for_mountain|multiple_mountains_for_candidate|weak_name_evidence|missing_csv_coordinate|location_mismatch_warning|activity_link_ambiguous,top_candidate_for_multiple_mountains,shared_candidate,"mountain=黒崎山(#139); candidate=summit-candidate:02d59cd1260af017; track=""御串山""; score=0.33; name_tier=none; ele_diff=5.8m; loc=mismatch_warning; act_conf=high"
139,黒崎山,summit-candidate:40d5b4863907057a,yamap_2022-02-09_10_01.gpx,佐田岬と伽藍山,50.463046185756546,57,6.54,0.33,3,7,0,false,false,low,medium,low,low_priority,missing_location_evidence,,,missing_mountain_municipality,伊方町,multiple_candidates_for_mountain|multiple_mountains_for_candidate|weak_name_evidence|missing_csv_coordinate|location_mismatch_warning,top_3_with_evidence,low_priority_alternative,"mountain=黒崎山(#139); candidate=summit-candidate:40d5b4863907057a; track=""佐田岬と伽藍山""; score=0.33; name_tier=none; ele_diff=6.54m; loc=mismatch_warning; act_conf=high"
140,高戸山,summit-candidate:aadeb26cf0359691,yamap_2022-10-14_12_05.gpx,高戸山,112.67333333333333,115,2.33,0.68,1,1,0,true,true,medium,high,high,resolve_conflict,missing_location_evidence,,,missing_mountain_municipality,松山市,multiple_candidates_for_mountain|multiple_mountains_for_candidate|missing_csv_coordinate|location_mismatch_warning|activity_link_ambiguous,top_1_but_ambiguous|top_candidate_for_multiple_mountains,shared_candidate,"mountain=高戸山(#140); candidate=summit-candidate:aadeb26cf0359691; track=""高戸山""; score=0.68; name_tier=strong; ele_diff=2.33m; loc=mismatch_warning; act_conf=high"
140,高戸山,summit-candidate:c7de309bf838af87,yamap_2022-10-14_13_42.gpx,泰の山,111.76333333333332,115,3.24,0.68,2,1,0,false,true,medium,medium,high,check_close_alternatives,missing_location_evidence,,,missing_mountain_municipality,松山市,multiple_candidates_for_mountain|multiple_mountains_for_candidate|missing_csv_coordinate|location_mismatch_warning|activity_link_ambiguous,top_3_with_evidence,small_score_gap,"mountain=高戸山(#140); candidate=summit-candidate:c7de309bf838af87; track=""泰の山""; score=0.68; name_tier=strong; ele_diff=3.24m; loc=mismatch_warning; act_conf=high"
140,高戸山,summit-candidate:cc3fbb2358d0d4fc,yamap_2022-10-14_13_01.gpx,犬吠山,120.40666666666665,115,5.41,0.68,3,1,0.35,false,true,medium,medium,high,check_close_alternatives,missing_location_evidence,,,missing_mountain_municipality,松山市,multiple_candidates_for_mountain|multiple_mountains_for_candidate|missing_csv_coordinate|location_mismatch_warning|activity_link_ambiguous,top_3_with_evidence,small_score_gap,"mountain=高戸山(#140); candidate=summit-candidate:cc3fbb2358d0d4fc; track=""犬吠山""; score=0.68; name_tier=strong; ele_diff=5.41m; loc=mismatch_warning; act_conf=high"
141,犬吠山,summit-candidate:cc3fbb2358d0d4fc,yamap_2022-10-14_13_01.gpx,犬吠山,120.40666666666665,124,3.59,0.68,1,2,0.06,false,true,medium,high,high,resolve_conflict,missing_location_evidence,,,missing_mountain_municipality,松山市,multiple_candidates_for_mountain|multiple_mountains_for_candidate|missing_csv_coordinate|location_mismatch_warning|activity_link_ambiguous,top_1_but_ambiguous,not_mutual_top1,"mountain=犬吠山(#141); candidate=summit-candidate:cc3fbb2358d0d4fc; track=""犬吠山""; score=0.68; name_tier=strong; ele_diff=3.59m; loc=mismatch_warning; act_conf=high"
141,犬吠山,summit-candidate:aadeb26cf0359691,yamap_2022-10-14_12_05.gpx,高戸山,112.67333333333333,124,11.33,0.62,2,3,0,false,true,medium,high,high,resolve_conflict,missing_location_evidence,,,missing_mountain_municipality,松山市,multiple_candidates_for_mountain|multiple_mountains_for_candidate|missing_csv_coordinate|location_mismatch_warning|activity_link_ambiguous,top_candidate_for_multiple_mountains,shared_candidate,"mountain=犬吠山(#141); candidate=summit-candidate:aadeb26cf0359691; track=""高戸山""; score=0.62; name_tier=strong; ele_diff=11.33m; loc=mismatch_warning; act_conf=high"
141,犬吠山,summit-candidate:c7de309bf838af87,yamap_2022-10-14_13_42.gpx,泰の山,111.76333333333332,124,12.24,0.62,3,3,0.29,false,true,medium,medium,low,low_priority,missing_location_evidence,,,missing_mountain_municipality,松山市,multiple_candidates_for_mountain|multiple_mountains_for_candidate|missing_csv_coordinate|location_mismatch_warning|activity_link_ambiguous,top_3_with_evidence,low_priority_alternative,"mountain=犬吠山(#141); candidate=summit-candidate:c7de309bf838af87; track=""泰の山""; score=0.62; name_tier=strong; ele_diff=12.24m; loc=mismatch_warning; act_conf=high"
142,泰の山,summit-candidate:aadeb26cf0359691,yamap_2022-10-14_12_05.gpx,高戸山,112.67333333333333,115,2.33,0.68,1,2,0,false,true,medium,high,high,resolve_conflict,missing_location_evidence,,,missing_mountain_municipality,松山市,multiple_candidates_for_mountain|multiple_mountains_for_candidate|missing_csv_coordinate|location_mismatch_warning|activity_link_ambiguous,top_1_but_ambiguous|top_candidate_for_multiple_mountains,shared_candidate|not_mutual_top1,"mountain=泰の山(#142); candidate=summit-candidate:aadeb26cf0359691; track=""高戸山""; score=0.68; name_tier=strong; ele_diff=2.33m; loc=mismatch_warning; act_conf=high"
142,泰の山,summit-candidate:c7de309bf838af87,yamap_2022-10-14_13_42.gpx,泰の山,111.76333333333332,115,3.24,0.68,2,2,0,false,true,medium,medium,high,check_close_alternatives,missing_location_evidence,,,missing_mountain_municipality,松山市,multiple_candidates_for_mountain|multiple_mountains_for_candidate|missing_csv_coordinate|location_mismatch_warning|activity_link_ambiguous,top_3_with_evidence,small_score_gap,"mountain=泰の山(#142); candidate=summit-candidate:c7de309bf838af87; track=""泰の山""; score=0.68; name_tier=strong; ele_diff=3.24m; loc=mismatch_warning; act_conf=high"
142,泰の山,summit-candidate:cc3fbb2358d0d4fc,yamap_2022-10-14_13_01.gpx,犬吠山,120.40666666666665,115,5.41,0.68,3,3,0.35,false,true,medium,medium,high,check_close_alternatives,missing_location_evidence,,,missing_mountain_municipality,松山市,multiple_candidates_for_mountain|multiple_mountains_for_candidate|missing_csv_coordinate|location_mismatch_warning|activity_link_ambiguous,top_3_with_evidence,small_score_gap,"mountain=泰の山(#142); candidate=summit-candidate:cc3fbb2358d0d4fc; track=""犬吠山""; score=0.68; name_tier=strong; ele_diff=5.41m; loc=mismatch_warning; act_conf=high"
143,中三方ヶ森,summit-candidate:17b2365d322cd022,yamap_2022-10-16_10_19.gpx,楢原山・古権現山・中三方ヶ森,1212.63,1229,16.37,0.79,1,1,0.12,true,true,medium,medium,medium,accept_candidate_after_map_check,location_strong_match,今治市,,same_municipality,今治市,multiple_candidates_for_mountain|multiple_mountains_for_candidate|missing_csv_coordinate,top_1_but_ambiguous|priority_reduced_strong_match_mutual_top1,clear_mutual_top1,"mountain=中三方ヶ森(#143); candidate=summit-candidate:17b2365d322cd022; track=""楢原山・古権現山・中三方ヶ森""; score=0.69; name_tier=strong; ele_diff=16.37m; loc=strong_overlap; act_conf=high"
143,中三方ヶ森,summit-candidate:0c2609d9e7e31a00,yamap_2022-10-16_10_19.gpx,楢原山・古権現山・中三方ヶ森,1012.4166666666666,1229,216.58,0.67,2,3,0,false,true,medium,medium,low,low_priority,location_strong_match,今治市,,same_municipality,今治市,multiple_candidates_for_mountain|multiple_mountains_for_candidate|weak_elevation_evidence|missing_csv_coordinate,top_3_with_evidence,low_priority_alternative,"mountain=中三方ヶ森(#143); candidate=summit-candidate:0c2609d9e7e31a00; track=""楢原山・古権現山・中三方ヶ森""; score=0.57; name_tier=strong; ele_diff=216.58m; loc=strong_overlap; act_conf=high"
143,中三方ヶ森,summit-candidate:bcf5d9d5a90e5cda,yamap_2022-10-16_10_19.gpx,楢原山・古権現山・中三方ヶ森,1010.1166666666667,1229,218.88,0.67,3,3,0,false,true,medium,medium,low,low_priority,location_strong_match,今治市,,same_municipality,今治市,multiple_candidates_for_mountain|multiple_mountains_for_candidate|weak_elevation_evidence|missing_csv_coordinate,top_3_with_evidence,low_priority_alternative,"mountain=中三方ヶ森(#143); candidate=summit-candidate:bcf5d9d5a90e5cda; track=""楢原山・古権現山・中三方ヶ森""; score=0.57; name_tier=strong; ele_diff=218.88m; loc=strong_overlap; act_conf=high"
144,古権現山,summit-candidate:0c2609d9e7e31a00,yamap_2022-10-16_10_19.gpx,楢原山・古権現山・中三方ヶ森,1012.4166666666666,1003,9.42,0.85,1,1,0,true,true,medium,medium,medium,accept_candidate_after_map_check,location_strong_match,今治市,,same_municipality,今治市,multiple_candidates_for_mountain|multiple_mountains_for_candidate|missing_csv_coordinate,top_1_but_ambiguous|priority_reduced_strong_match_mutual_top1,clear_mutual_top1,"mountain=古権現山(#144); candidate=summit-candidate:0c2609d9e7e31a00; track=""楢原山・古権現山・中三方ヶ森""; score=0.75; name_tier=strong; ele_diff=9.42m; loc=strong_overlap; act_conf=high"
144,古権現山,summit-candidate:bcf5d9d5a90e5cda,yamap_2022-10-16_10_19.gpx,楢原山・古権現山・中三方ヶ森,1010.1166666666667,1003,7.12,0.85,2,1,0.12,false,true,medium,medium,high,check_close_alternatives,location_strong_match,今治市,,same_municipality,今治市,multiple_candidates_for_mountain|multiple_mountains_for_candidate|missing_csv_coordinate,top_3_with_evidence,small_score_gap,"mountain=古権現山(#144); candidate=summit-candidate:bcf5d9d5a90e5cda; track=""楢原山・古権現山・中三方ヶ森""; score=0.75; name_tier=strong; ele_diff=7.12m; loc=strong_overlap; act_conf=high"
144,古権現山,summit-candidate:c7ac7ff98cacc074,yamap_2022-10-16_10_19.gpx,楢原山・古権現山・中三方ヶ森,1037.9733333333334,1003,34.97,0.73,3,2,0.06,false,true,medium,medium,low,low_priority,location_strong_match,今治市,,same_municipality,今治市,multiple_candidates_for_mountain|multiple_mountains_for_candidate|missing_csv_coordinate,top_3_with_evidence,low_priority_alternative,"mountain=古権現山(#144); candidate=summit-candidate:c7ac7ff98cacc074; track=""楢原山・古権現山・中三方ヶ森""; score=0.63; name_tier=strong; ele_diff=34.97m; loc=strong_overlap; act_conf=high"
145,楢原山,summit-candidate:c7ac7ff98cacc074,yamap_2022-10-16_10_19.gpx,楢原山・古権現山・中三方ヶ森,1037.9733333333334,1041,3.03,0.85,1,1,0.06,true,true,medium,medium,medium,accept_candidate_after_map_check,location_strong_match,今治市,,same_municipality,今治市,multiple_candidates_for_mountain|multiple_mountains_for_candidate|missing_csv_coordinate,top_1_but_ambiguous|priority_reduced_strong_match_mutual_top1,clear_mutual_top1,"mountain=楢原山(#145); candidate=summit-candidate:c7ac7ff98cacc074; track=""楢原山・古権現山・中三方ヶ森""; score=0.75; name_tier=strong; ele_diff=3.03m; loc=strong_overlap; act_conf=high"
145,楢原山,summit-candidate:0c2609d9e7e31a00,yamap_2022-10-16_10_19.gpx,楢原山・古権現山・中三方ヶ森,1012.4166666666666,1041,28.58,0.79,2,2,0.06,false,true,medium,medium,low,low_priority,location_strong_match,今治市,,same_municipality,今治市,multiple_candidates_for_mountain|multiple_mountains_for_candidate|missing_csv_coordinate,top_3_with_evidence,low_priority_alternative,"mountain=楢原山(#145); candidate=summit-candidate:0c2609d9e7e31a00; track=""楢原山・古権現山・中三方ヶ森""; score=0.69; name_tier=strong; ele_diff=28.58m; loc=strong_overlap; act_conf=high"
145,楢原山,summit-candidate:bcf5d9d5a90e5cda,yamap_2022-10-16_10_19.gpx,楢原山・古権現山・中三方ヶ森,1010.1166666666667,1041,30.88,0.73,3,2,0.06,false,true,medium,medium,low,low_priority,location_strong_match,今治市,,same_municipality,今治市,multiple_candidates_for_mountain|multiple_mountains_for_candidate|missing_csv_coordinate,top_3_with_evidence,low_priority_alternative,"mountain=楢原山(#145); candidate=summit-candidate:bcf5d9d5a90e5cda; track=""楢原山・古権現山・中三方ヶ森""; score=0.63; name_tier=strong; ele_diff=30.88m; loc=strong_overlap; act_conf=high"
146,西港山,summit-candidate:bf2b3499e08da2df,yamap_2022-10-19_16_00.gpx,西港山・大丸山・港山,47.879999999999995,52,4.12,0.85,1,1,0.06,true,true,medium,medium,medium,accept_candidate_after_map_check,location_strong_match,松山市,,same_municipality,松山市,multiple_candidates_for_mountain|multiple_mountains_for_candidate|missing_csv_coordinate|timezone_sensitive_activity_link,top_1_but_ambiguous|priority_reduced_strong_match_mutual_top1,clear_mutual_top1,"mountain=西港山(#146); candidate=summit-candidate:bf2b3499e08da2df; track=""西港山・大丸山・港山""; score=0.75; name_tier=strong; ele_diff=4.12m; loc=strong_overlap; act_conf=high"
146,西港山,summit-candidate:5f001ac124f82ef6,yamap_2022-10-19_16_00.gpx,西港山・大丸山・港山,41.080000000000005,52,10.92,0.79,2,2,0,false,true,medium,high,high,resolve_conflict,location_strong_match,松山市,,same_municipality,松山市,multiple_candidates_for_mountain|multiple_mountains_for_candidate|missing_csv_coordinate|timezone_sensitive_activity_link,top_candidate_for_multiple_mountains,shared_candidate,"mountain=西港山(#146); candidate=summit-candidate:5f001ac124f82ef6; track=""西港山・大丸山・港山""; score=0.69; name_tier=strong; ele_diff=10.92m; loc=strong_overlap; act_conf=high"
146,西港山,summit-candidate:a9a2a270fb6273fe,yamap_2022-10-19_16_00.gpx,西港山・大丸山・港山,63.77666666666667,52,11.78,0.79,3,1,0.29,false,true,medium,medium,low,low_priority,location_strong_match,松山市,,same_municipality,松山市,multiple_candidates_for_mountain|multiple_mountains_for_candidate|missing_csv_coordinate|timezone_sensitive_activity_link,top_3_with_evidence,low_priority_alternative,"mountain=西港山(#146); candidate=summit-candidate:a9a2a270fb6273fe; track=""西港山・大丸山・港山""; score=0.69; name_tier=strong; ele_diff=11.78m; loc=strong_overlap; act_conf=high"
147,大丸山,summit-candidate:a9a2a270fb6273fe,yamap_2022-10-19_16_00.gpx,西港山・大丸山・港山,63.77666666666667,76,12.22,0.79,1,2,0,false,true,medium,high,high,resolve_conflict,location_strong_match,松山市,,same_municipality,松山市,multiple_candidates_for_mountain|multiple_mountains_for_candidate|missing_csv_coordinate|timezone_sensitive_activity_link,top_1_but_ambiguous,not_mutual_top1,"mountain=大丸山(#147); candidate=summit-candidate:a9a2a270fb6273fe; track=""西港山・大丸山・港山""; score=0.69; name_tier=strong; ele_diff=12.22m; loc=strong_overlap; act_conf=high"
147,大丸山,summit-candidate:bf2b3499e08da2df,yamap_2022-10-19_16_00.gpx,西港山・大丸山・港山,47.879999999999995,76,28.12,0.79,2,3,0.06,false,true,medium,medium,high,check_close_alternatives,location_strong_match,松山市,,same_municipality,松山市,multiple_candidates_for_mountain|multiple_mountains_for_candidate|missing_csv_coordinate|timezone_sensitive_activity_link,top_3_with_evidence,small_score_gap,"mountain=大丸山(#147); candidate=summit-candidate:bf2b3499e08da2df; track=""西港山・大丸山・港山""; score=0.69; name_tier=strong; ele_diff=28.12m; loc=strong_overlap; act_conf=high"
147,大丸山,summit-candidate:5f001ac124f82ef6,yamap_2022-10-19_16_00.gpx,西港山・大丸山・港山,41.080000000000005,76,34.92,0.73,3,3,0.23,false,true,medium,high,high,resolve_conflict,location_strong_match,松山市,,same_municipality,松山市,multiple_candidates_for_mountain|multiple_mountains_for_candidate|missing_csv_coordinate|timezone_sensitive_activity_link,top_candidate_for_multiple_mountains,shared_candidate,"mountain=大丸山(#147); candidate=summit-candidate:5f001ac124f82ef6; track=""西港山・大丸山・港山""; score=0.63; name_tier=strong; ele_diff=34.92m; loc=strong_overlap; act_conf=high"
148,港山,summit-candidate:5f001ac124f82ef6,yamap_2022-10-19_16_00.gpx,西港山・大丸山・港山,41.080000000000005,42,0.92,0.85,1,1,0,true,true,medium,medium,high,resolve_conflict,location_strong_match,松山市,,same_municipality,松山市,multiple_candidates_for_mountain|multiple_mountains_for_candidate|missing_csv_coordinate|timezone_sensitive_activity_link,top_1_but_ambiguous|top_candidate_for_multiple_mountains|priority_reduced_strong_match_mutual_top1,shared_candidate,"mountain=港山(#148); candidate=summit-candidate:5f001ac124f82ef6; track=""西港山・大丸山・港山""; score=0.75; name_tier=strong; ele_diff=0.92m; loc=strong_overlap; act_conf=high"
148,港山,summit-candidate:bf2b3499e08da2df,yamap_2022-10-19_16_00.gpx,西港山・大丸山・港山,47.879999999999995,42,5.88,0.85,2,2,0.06,false,true,medium,medium,high,check_close_alternatives,location_strong_match,松山市,,same_municipality,松山市,multiple_candidates_for_mountain|multiple_mountains_for_candidate|missing_csv_coordinate|timezone_sensitive_activity_link,top_3_with_evidence,small_score_gap,"mountain=港山(#148); candidate=summit-candidate:bf2b3499e08da2df; track=""西港山・大丸山・港山""; score=0.75; name_tier=strong; ele_diff=5.88m; loc=strong_overlap; act_conf=high"
148,港山,summit-candidate:a9a2a270fb6273fe,yamap_2022-10-19_16_00.gpx,西港山・大丸山・港山,63.77666666666667,42,21.78,0.79,3,3,0.29,false,true,medium,medium,low,low_priority,location_strong_match,松山市,,same_municipality,松山市,multiple_candidates_for_mountain|multiple_mountains_for_candidate|missing_csv_coordinate|timezone_sensitive_activity_link,top_3_with_evidence,low_priority_alternative,"mountain=港山(#148); candidate=summit-candidate:a9a2a270fb6273fe; track=""西港山・大丸山・港山""; score=0.69; name_tier=strong; ele_diff=21.78m; loc=strong_overlap; act_conf=high"
149,すくも山,summit-candidate:f676e5a22f523492,yamap_2022-10-21_12_15.gpx,愛ノ山,211.39459610568747,41,170.39,0.67,1,2,0.29,false,true,medium,high,high,resolve_conflict,location_strong_match,西条市,,same_municipality,西条市,multiple_candidates_for_mountain|multiple_mountains_for_candidate|weak_elevation_evidence|missing_csv_coordinate|activity_link_ambiguous,top_1_but_ambiguous|top_candidate_for_multiple_mountains,shared_candidate|not_mutual_top1,"mountain=すくも山(#149); candidate=summit-candidate:f676e5a22f523492; track=""愛ノ山""; score=0.57; name_tier=strong; ele_diff=170.39m; loc=strong_overlap; act_conf=high"
149,すくも山,summit-candidate:fbd725fc8006e2c8,yamap_2022-02-28_13_13.gpx,花木山,50.49,41,9.49,0.38,2,8,0.05,false,false,low,high,high,resolve_conflict,boundary_plausible,西条市,,adjacent_municipality,今治市,multiple_candidates_for_mountain|multiple_mountains_for_candidate|weak_name_evidence|missing_csv_coordinate|location_mismatch_warning|activity_link_ambiguous,top_candidate_for_multiple_mountains,shared_candidate,"mountain=すくも山(#149); candidate=summit-candidate:fbd725fc8006e2c8; track=""花木山""; score=0.33; name_tier=none; ele_diff=9.49m; loc=mismatch_warning; act_conf=high"
149,すくも山,summit-candidate:40d5b4863907057a,yamap_2022-02-09_10_01.gpx,佐田岬と伽藍山,50.463046185756546,41,9.46,0.33,3,10,0,false,false,low,medium,low,low_priority,location_uncertain_keep,西条市,,non_adjacent_municipality,伊方町,multiple_candidates_for_mountain|multiple_mountains_for_candidate|weak_name_evidence|missing_csv_coordinate|location_mismatch_warning,top_3_with_evidence,low_priority_alternative,"mountain=すくも山(#149); candidate=summit-candidate:40d5b4863907057a; track=""佐田岬と伽藍山""; score=0.33; name_tier=none; ele_diff=9.46m; loc=mismatch_warning; act_conf=high"
150,愛ノ山,summit-candidate:f676e5a22f523492,yamap_2022-10-21_12_15.gpx,愛ノ山,211.39459610568747,198,13.39,0.79,1,1,0.29,true,true,medium,medium,high,resolve_conflict,location_strong_match,西条市,,same_municipality,西条市,multiple_candidates_for_mountain|multiple_mountains_for_candidate|missing_csv_coordinate|activity_link_ambiguous,top_1_but_ambiguous|top_candidate_for_multiple_mountains|priority_reduced_strong_match_mutual_top1,shared_candidate,"mountain=愛ノ山(#150); candidate=summit-candidate:f676e5a22f523492; track=""愛ノ山""; score=0.69; name_tier=strong; ele_diff=13.39m; loc=strong_overlap; act_conf=high"
150,愛ノ山,summit-candidate:bf9808bbf86d5d73,yamap_2025-01-30_14_42.gpx,八堂山,191.83333333333334,198,6.17,0.5,2,3,0.12,false,true,low,medium,low,low_priority,location_strong_match,西条市,,same_municipality,西条市,multiple_candidates_for_mountain|multiple_mountains_for_candidate|weak_name_evidence|missing_csv_coordinate|activity_link_ambiguous,top_3_with_evidence,low_priority_alternative,"mountain=愛ノ山(#150); candidate=summit-candidate:bf9808bbf86d5d73; track=""八堂山""; score=0.4; name_tier=none; ele_diff=6.17m; loc=strong_overlap; act_conf=high"
150,愛ノ山,summit-candidate:588c967023117267,yamap_2022-09-26_14_04.gpx,鏡山,201.48000000000002,198,3.48,0.38,3,8,0.05,false,false,low,high,high,resolve_conflict,boundary_plausible,西条市,,adjacent_municipality,今治市,multiple_candidates_for_mountain|multiple_mountains_for_candidate|weak_name_evidence|missing_csv_coordinate|location_mismatch_warning|activity_link_ambiguous,top_candidate_for_multiple_mountains,shared_candidate,"mountain=愛ノ山(#150); candidate=summit-candidate:588c967023117267; track=""鏡山""; score=0.33; name_tier=none; ele_diff=3.48m; loc=mismatch_warning; act_conf=high"
151,冨士山,summit-candidate:9d447faef6efe2ab,yamap_2022-10-27_13_37.gpx,冨士山,335.74500437341317,320,15.75,0.79,1,1,0.41,true,true,medium,medium,medium,accept_candidate_after_map_check,location_strong_match,大洲市,,same_municipality,大洲市,multiple_candidates_for_mountain|multiple_mountains_for_candidate|missing_csv_coordinate,top_1_but_ambiguous|priority_reduced_strong_match_mutual_top1,clear_mutual_top1,"mountain=冨士山(#151); candidate=summit-candidate:9d447faef6efe2ab; track=""冨士山""; score=0.69; name_tier=strong; ele_diff=15.75m; loc=strong_overlap; act_conf=high"
151,冨士山,summit-candidate:dba931625b34d9ac,yamap_2023-10-13_10_02.gpx,ベツソ山・歯朶谷山,313.21999999999997,320,6.78,0.38,2,3,0.05,false,true,low,high,high,resolve_conflict,boundary_plausible,大洲市,,adjacent_municipality,伊予市,multiple_candidates_for_mountain|multiple_mountains_for_candidate|weak_name_evidence|missing_csv_coordinate|location_mismatch_warning,top_candidate_for_multiple_mountains,shared_candidate,"mountain=冨士山(#151); candidate=summit-candidate:dba931625b34d9ac; track=""ベツソ山・歯朶谷山""; score=0.33; name_tier=none; ele_diff=6.78m; loc=mismatch_warning; act_conf=high"
151,冨士山,summit-candidate:35b464661fa62df9,yamap_2022-09-15_09_20.gpx,三山,323.2966666666667,320,3.3,0.33,3,6,0,false,false,low,high,high,resolve_conflict,location_uncertain_keep,大洲市,,non_adjacent_municipality,上島町,multiple_candidates_for_mountain|multiple_mountains_for_candidate|weak_name_evidence|missing_csv_coordinate|location_mismatch_warning|activity_link_ambiguous,top_candidate_for_multiple_mountains,shared_candidate,"mountain=冨士山(#151); candidate=summit-candidate:35b464661fa62df9; track=""三山""; score=0.33; name_tier=none; ele_diff=3.3m; loc=mismatch_warning; act_conf=high"
152,割石峠山,summit-candidate:45f2c6fc88212acd,yamap_2022-10-28_06_21.gpx,割石峠山・石墨山・法師山・白猪山・根無山・樽谷山・梅ヶ谷山,1059.54,1037,22.54,0.69,1,1,0.02,true,true,medium,high,medium,accept_candidate_after_map_check,location_uncertain_keep,東温市,,candidate_boundary_ambiguous,,multiple_candidates_for_mountain|multiple_mountains_for_candidate|missing_csv_coordinate,top_1_but_ambiguous,clear_mutual_top1,"mountain=割石峠山(#152); candidate=summit-candidate:45f2c6fc88212acd; track=""割石峠山・石墨山・法師山・白猪山・根無山・樽谷山・梅ヶ谷山""; score=0.69; name_tier=strong; ele_diff=22.54m; loc=strong_overlap; act_conf=high"
152,割石峠山,summit-candidate:c2fc382b492cfde4,yamap_2022-10-28_06_21.gpx,割石峠山・石墨山・法師山・白猪山・根無山・樽谷山・梅ヶ谷山,961.2033333333334,1037,75.8,0.67,2,1,0.1,false,true,medium,high,high,resolve_conflict,location_strong_match,東温市,,same_municipality,東温市,multiple_candidates_for_mountain|multiple_mountains_for_candidate|weak_elevation_evidence|missing_csv_coordinate,top_candidate_for_multiple_mountains,shared_candidate,"mountain=割石峠山(#152); candidate=summit-candidate:c2fc382b492cfde4; track=""割石峠山・石墨山・法師山・白猪山・根無山・樽谷山・梅ヶ谷山""; score=0.57; name_tier=strong; ele_diff=75.8m; loc=strong_overlap; act_conf=high"
152,割石峠山,summit-candidate:16e9de2bedeb2d1c,yamap_2022-10-28_06_21.gpx,割石峠山・石墨山・法師山・白猪山・根無山・樽谷山・梅ヶ谷山,1252.3999999999999,1037,215.4,0.57,3,3,0,false,true,medium,medium,low,low_priority,location_uncertain_keep,東温市,,candidate_boundary_ambiguous,,multiple_candidates_for_mountain|multiple_mountains_for_candidate|weak_elevation_evidence|missing_csv_coordinate,top_3_with_evidence,low_priority_alternative,"mountain=割石峠山(#152); candidate=summit-candidate:16e9de2bedeb2d1c; track=""割石峠山・石墨山・法師山・白猪山・根無山・樽谷山・梅ヶ谷山""; score=0.57; name_tier=strong; ele_diff=215.4m; loc=strong_overlap; act_conf=high"
153,石墨山,summit-candidate:c2fc382b492cfde4,yamap_2022-10-28_06_21.gpx,割石峠山・石墨山・法師山・白猪山・根無山・樽谷山・梅ヶ谷山,961.2033333333334,1456,494.8,0.67,1,2,0.1,false,true,medium,high,high,resolve_conflict,location_strong_match,東温市,,same_municipality,東温市,multiple_candidates_for_mountain|multiple_mountains_for_candidate|weak_elevation_evidence|missing_csv_coordinate,top_1_but_ambiguous|top_candidate_for_multiple_mountains,shared_candidate|not_mutual_top1,"mountain=石墨山(#153); candidate=summit-candidate:c2fc382b492cfde4; track=""割石峠山・石墨山・法師山・白猪山・根無山・樽谷山・梅ヶ谷山""; score=0.57; name_tier=strong; ele_diff=494.8m; loc=strong_overlap; act_conf=high"
153,石墨山,summit-candidate:16e9de2bedeb2d1c,yamap_2022-10-28_06_21.gpx,割石峠山・石墨山・法師山・白猪山・根無山・樽谷山・梅ヶ谷山,1252.3999999999999,1456,203.6,0.57,2,4,0,false,false,medium,medium,low,low_priority,location_uncertain_keep,東温市,,candidate_boundary_ambiguous,,multiple_candidates_for_mountain|multiple_mountains_for_candidate|weak_elevation_evidence|missing_csv_coordinate,top_3_with_evidence,low_priority_alternative,"mountain=石墨山(#153); candidate=summit-candidate:16e9de2bedeb2d1c; track=""割石峠山・石墨山・法師山・白猪山・根無山・樽谷山・梅ヶ谷山""; score=0.57; name_tier=strong; ele_diff=203.6m; loc=strong_overlap; act_conf=high"
153,石墨山,summit-candidate:25e47e34740282d2,yamap_2022-10-28_06_21.gpx,割石峠山・石墨山・法師山・白猪山・根無山・樽谷山・梅ヶ谷山,1313.3500000000001,1456,142.65,0.57,3,4,0,false,false,medium,high,high,resolve_conflict,location_uncertain_keep,東温市,,candidate_boundary_ambiguous,,multiple_candidates_for_mountain|multiple_mountains_for_candidate|weak_elevation_evidence|missing_csv_coordinate,top_candidate_for_multiple_mountains,shared_candidate,"mountain=石墨山(#153); candidate=summit-candidate:25e47e34740282d2; track=""割石峠山・石墨山・法師山・白猪山・根無山・樽谷山・梅ヶ谷山""; score=0.57; name_tier=strong; ele_diff=142.65m; loc=strong_overlap; act_conf=high"
154,法師山,summit-candidate:25e47e34740282d2,yamap_2022-10-28_06_21.gpx,割石峠山・石墨山・法師山・白猪山・根無山・樽谷山・梅ヶ谷山,1313.3500000000001,1310,3.35,0.75,1,1,0.08,true,true,medium,high,high,resolve_conflict,location_uncertain_keep,東温市,,candidate_boundary_ambiguous,,multiple_candidates_for_mountain|multiple_mountains_for_candidate|missing_csv_coordinate,top_1_but_ambiguous|top_candidate_for_multiple_mountains,shared_candidate,"mountain=法師山(#154); candidate=summit-candidate:25e47e34740282d2; track=""割石峠山・石墨山・法師山・白猪山・根無山・樽谷山・梅ヶ谷山""; score=0.75; name_tier=strong; ele_diff=3.35m; loc=strong_overlap; act_conf=high"
154,法師山,summit-candidate:c2fc382b492cfde4,yamap_2022-10-28_06_21.gpx,割石峠山・石墨山・法師山・白猪山・根無山・樽谷山・梅ヶ谷山,961.2033333333334,1310,348.8,0.67,2,3,0.1,false,true,medium,high,high,resolve_conflict,location_strong_match,東温市,,same_municipality,東温市,multiple_candidates_for_mountain|multiple_mountains_for_candidate|weak_elevation_evidence|missing_csv_coordinate,top_candidate_for_multiple_mountains,shared_candidate,"mountain=法師山(#154); candidate=summit-candidate:c2fc382b492cfde4; track=""割石峠山・石墨山・法師山・白猪山・根無山・樽谷山・梅ヶ谷山""; score=0.57; name_tier=strong; ele_diff=348.8m; loc=strong_overlap; act_conf=high"
154,法師山,summit-candidate:16e9de2bedeb2d1c,yamap_2022-10-28_06_21.gpx,割石峠山・石墨山・法師山・白猪山・根無山・樽谷山・梅ヶ谷山,1252.3999999999999,1310,57.6,0.57,3,5,0,false,false,medium,medium,low,low_priority,location_uncertain_keep,東温市,,candidate_boundary_ambiguous,,multiple_candidates_for_mountain|multiple_mountains_for_candidate|weak_elevation_evidence|missing_csv_coordinate,top_3_with_evidence,low_priority_alternative,"mountain=法師山(#154); candidate=summit-candidate:16e9de2bedeb2d1c; track=""割石峠山・石墨山・法師山・白猪山・根無山・樽谷山・梅ヶ谷山""; score=0.57; name_tier=strong; ele_diff=57.6m; loc=strong_overlap; act_conf=high"
155,白猪山,summit-candidate:c2fc382b492cfde4,yamap_2022-10-28_06_21.gpx,割石峠山・石墨山・法師山・白猪山・根無山・樽谷山・梅ヶ谷山,961.2033333333334,1202,240.8,0.67,1,4,0.04,false,false,medium,high,high,resolve_conflict,location_strong_match,東温市,,same_municipality,東温市,multiple_candidates_for_mountain|multiple_mountains_for_candidate|weak_elevation_evidence|missing_csv_coordinate,top_1_but_ambiguous|top_candidate_for_multiple_mountains,shared_candidate|not_mutual_top1,"mountain=白猪山(#155); candidate=summit-candidate:c2fc382b492cfde4; track=""割石峠山・石墨山・法師山・白猪山・根無山・樽谷山・梅ヶ谷山""; score=0.57; name_tier=strong; ele_diff=240.8m; loc=strong_overlap; act_conf=high"
155,白猪山,summit-candidate:5cb1fa3d9dcf60f5,yamap_2022-10-28_06_21.gpx,割石峠山・石墨山・法師山・白猪山・根無山・樽谷山・梅ヶ谷山,1237.0966666666666,1202,35.1,0.63,2,3,0.06,false,true,medium,medium,low,low_priority,location_uncertain_keep,東温市,,candidate_boundary_ambiguous,,multiple_candidates_for_mountain|multiple_mountains_for_candidate|missing_csv_coordinate,top_3_with_evidence,low_priority_alternative,"mountain=白猪山(#155); candidate=summit-candidate:5cb1fa3d9dcf60f5; track=""割石峠山・石墨山・法師山・白猪山・根無山・樽谷山・梅ヶ谷山""; score=0.63; name_tier=strong; ele_diff=35.1m; loc=strong_overlap; act_conf=high"
155,白猪山,summit-candidate:16e9de2bedeb2d1c,yamap_2022-10-28_06_21.gpx,割石峠山・石墨山・法師山・白猪山・根無山・樽谷山・梅ヶ谷山,1252.3999999999999,1202,50.4,0.57,3,6,0,false,false,medium,medium,low,low_priority,location_uncertain_keep,東温市,,candidate_boundary_ambiguous,,multiple_candidates_for_mountain|multiple_mountains_for_candidate|weak_elevation_evidence|missing_csv_coordinate,top_3_with_evidence,low_priority_alternative,"mountain=白猪山(#155); candidate=summit-candidate:16e9de2bedeb2d1c; track=""割石峠山・石墨山・法師山・白猪山・根無山・樽谷山・梅ヶ谷山""; score=0.57; name_tier=strong; ele_diff=50.4m; loc=strong_overlap; act_conf=high"
156,梅ヶ谷山,summit-candidate:25e47e34740282d2,yamap_2022-10-28_06_21.gpx,割石峠山・石墨山・法師山・白猪山・根無山・樽谷山・梅ヶ谷山,1313.3500000000001,1316,2.65,0.75,1,2,0.08,false,true,medium,high,high,resolve_conflict,location_uncertain_keep,東温市,,candidate_boundary_ambiguous,,multiple_candidates_for_mountain|multiple_mountains_for_candidate|missing_csv_coordinate,top_1_but_ambiguous|top_candidate_for_multiple_mountains,shared_candidate|not_mutual_top1,"mountain=梅ヶ谷山(#156); candidate=summit-candidate:25e47e34740282d2; track=""割石峠山・石墨山・法師山・白猪山・根無山・樽谷山・梅ヶ谷山""; score=0.75; name_tier=strong; ele_diff=2.65m; loc=strong_overlap; act_conf=high"
156,梅ヶ谷山,summit-candidate:c2fc382b492cfde4,yamap_2022-10-28_06_21.gpx,割石峠山・石墨山・法師山・白猪山・根無山・樽谷山・梅ヶ谷山,961.2033333333334,1316,354.8,0.67,2,5,0.1,false,false,medium,high,high,resolve_conflict,location_strong_match,東温市,,same_municipality,東温市,multiple_candidates_for_mountain|multiple_mountains_for_candidate|weak_elevation_evidence|missing_csv_coordinate,top_candidate_for_multiple_mountains,shared_candidate,"mountain=梅ヶ谷山(#156); candidate=summit-candidate:c2fc382b492cfde4; track=""割石峠山・石墨山・法師山・白猪山・根無山・樽谷山・梅ヶ谷山""; score=0.57; name_tier=strong; ele_diff=354.8m; loc=strong_overlap; act_conf=high"
156,梅ヶ谷山,summit-candidate:16e9de2bedeb2d1c,yamap_2022-10-28_06_21.gpx,割石峠山・石墨山・法師山・白猪山・根無山・樽谷山・梅ヶ谷山,1252.3999999999999,1316,63.6,0.57,3,7,0,false,false,medium,medium,low,low_priority,location_uncertain_keep,東温市,,candidate_boundary_ambiguous,,multiple_candidates_for_mountain|multiple_mountains_for_candidate|weak_elevation_evidence|missing_csv_coordinate,top_3_with_evidence,low_priority_alternative,"mountain=梅ヶ谷山(#156); candidate=summit-candidate:16e9de2bedeb2d1c; track=""割石峠山・石墨山・法師山・白猪山・根無山・樽谷山・梅ヶ谷山""; score=0.57; name_tier=strong; ele_diff=63.6m; loc=strong_overlap; act_conf=high"
157,樽谷山,summit-candidate:16e9de2bedeb2d1c,yamap_2022-10-28_06_21.gpx,割石峠山・石墨山・法師山・白猪山・根無山・樽谷山・梅ヶ谷山,1252.3999999999999,1255,2.6,0.75,1,1,0.06,true,true,medium,high,medium,accept_candidate_after_map_check,location_uncertain_keep,東温市,,candidate_boundary_ambiguous,,multiple_candidates_for_mountain|multiple_mountains_for_candidate|missing_csv_coordinate,top_1_but_ambiguous,clear_mutual_top1,"mountain=樽谷山(#157); candidate=summit-candidate:16e9de2bedeb2d1c; track=""割石峠山・石墨山・法師山・白猪山・根無山・樽谷山・梅ヶ谷山""; score=0.75; name_tier=strong; ele_diff=2.6m; loc=strong_overlap; act_conf=high"
157,樽谷山,summit-candidate:5cb1fa3d9dcf60f5,yamap_2022-10-28_06_21.gpx,割石峠山・石墨山・法師山・白猪山・根無山・樽谷山・梅ヶ谷山,1237.0966666666666,1255,17.9,0.69,2,2,0.02,false,true,medium,medium,low,low_priority,location_uncertain_keep,東温市,,candidate_boundary_ambiguous,,multiple_candidates_for_mountain|multiple_mountains_for_candidate|missing_csv_coordinate,top_3_with_evidence,low_priority_alternative,"mountain=樽谷山(#157); candidate=summit-candidate:5cb1fa3d9dcf60f5; track=""割石峠山・石墨山・法師山・白猪山・根無山・樽谷山・梅ヶ谷山""; score=0.69; name_tier=strong; ele_diff=17.9m; loc=strong_overlap; act_conf=high"
157,樽谷山,summit-candidate:c2fc382b492cfde4,yamap_2022-10-28_06_21.gpx,割石峠山・石墨山・法師山・白猪山・根無山・樽谷山・梅ヶ谷山,961.2033333333334,1255,293.8,0.67,3,6,0.1,false,false,medium,high,high,resolve_conflict,location_strong_match,東温市,,same_municipality,東温市,multiple_candidates_for_mountain|multiple_mountains_for_candidate|weak_elevation_evidence|missing_csv_coordinate,top_candidate_for_multiple_mountains,shared_candidate,"mountain=樽谷山(#157); candidate=summit-candidate:c2fc382b492cfde4; track=""割石峠山・石墨山・法師山・白猪山・根無山・樽谷山・梅ヶ谷山""; score=0.57; name_tier=strong; ele_diff=293.8m; loc=strong_overlap; act_conf=high"
158,根無山,summit-candidate:5cb1fa3d9dcf60f5,yamap_2022-10-28_06_21.gpx,割石峠山・石墨山・法師山・白猪山・根無山・樽谷山・梅ヶ谷山,1237.0966666666666,1241,3.9,0.75,1,1,0.06,true,true,medium,high,medium,accept_candidate_after_map_check,location_uncertain_keep,東温市,,candidate_boundary_ambiguous,,multiple_candidates_for_mountain|multiple_mountains_for_candidate|missing_csv_coordinate,top_1_but_ambiguous,clear_mutual_top1,"mountain=根無山(#158); candidate=summit-candidate:5cb1fa3d9dcf60f5; track=""割石峠山・石墨山・法師山・白猪山・根無山・樽谷山・梅ヶ谷山""; score=0.75; name_tier=strong; ele_diff=3.9m; loc=strong_overlap; act_conf=high"
158,根無山,summit-candidate:16e9de2bedeb2d1c,yamap_2022-10-28_06_21.gpx,割石峠山・石墨山・法師山・白猪山・根無山・樽谷山・梅ヶ谷山,1252.3999999999999,1241,11.4,0.69,2,2,0.02,false,true,medium,medium,low,low_priority,location_uncertain_keep,東温市,,candidate_boundary_ambiguous,,multiple_candidates_for_mountain|multiple_mountains_for_candidate|missing_csv_coordinate,top_3_with_evidence,low_priority_alternative,"mountain=根無山(#158); candidate=summit-candidate:16e9de2bedeb2d1c; track=""割石峠山・石墨山・法師山・白猪山・根無山・樽谷山・梅ヶ谷山""; score=0.69; name_tier=strong; ele_diff=11.4m; loc=strong_overlap; act_conf=high"
158,根無山,summit-candidate:c2fc382b492cfde4,yamap_2022-10-28_06_21.gpx,割石峠山・石墨山・法師山・白猪山・根無山・樽谷山・梅ヶ谷山,961.2033333333334,1241,279.8,0.67,3,7,0.1,false,false,medium,high,high,resolve_conflict,location_strong_match,東温市,,same_municipality,東温市,multiple_candidates_for_mountain|multiple_mountains_for_candidate|weak_elevation_evidence|missing_csv_coordinate,top_candidate_for_multiple_mountains,shared_candidate,"mountain=根無山(#158); candidate=summit-candidate:c2fc382b492cfde4; track=""割石峠山・石墨山・法師山・白猪山・根無山・樽谷山・梅ヶ谷山""; score=0.57; name_tier=strong; ele_diff=279.8m; loc=strong_overlap; act_conf=high"
159,権現山,summit-candidate:cf97b8470d2ed1d7,yamap_2022-11-05_04_38.gpx,権現山・黒岳・エビラ山・二ッ岳,1584.2533333333333,1594,9.75,0.75,1,1,0.08,true,true,medium,high,medium,accept_candidate_after_map_check,location_uncertain_keep,新居浜市,,candidate_boundary_ambiguous,,multiple_candidates_for_mountain|multiple_mountains_for_candidate|missing_csv_coordinate,top_1_but_ambiguous,clear_mutual_top1,"mountain=権現山(#159); candidate=summit-candidate:cf97b8470d2ed1d7; track=""権現山・黒岳・エビラ山・二ッ岳""; score=0.75; name_tier=strong; ele_diff=9.75m; loc=strong_overlap; act_conf=high"
159,権現山,summit-candidate:09547fd48f24d064,yamap_2022-11-05_04_38.gpx,権現山・黒岳・エビラ山・二ッ岳,1672.3333333333333,1594,78.33,0.67,2,4,0.04,false,false,medium,high,high,resolve_conflict,location_strong_match,新居浜市,,same_municipality,新居浜市,multiple_candidates_for_mountain|multiple_mountains_for_candidate|weak_elevation_evidence|missing_csv_coordinate,top_candidate_for_multiple_mountains,shared_candidate,"mountain=権現山(#159); candidate=summit-candidate:09547fd48f24d064; track=""権現山・黒岳・エビラ山・二ッ岳""; score=0.57; name_tier=strong; ele_diff=78.33m; loc=strong_overlap; act_conf=high"
159,権現山,summit-candidate:ffa6a88e4e680fd5,yamap_2022-11-05_04_38.gpx,権現山・黒岳・エビラ山・二ッ岳,1626.996666666667,1594,33,0.63,3,3,0.06,false,true,medium,medium,low,low_priority,location_uncertain_keep,新居浜市,,candidate_boundary_ambiguous,,multiple_candidates_for_mountain|multiple_mountains_for_candidate|missing_csv_coordinate,top_3_with_evidence,low_priority_alternative,"mountain=権現山(#159); candidate=summit-candidate:ffa6a88e4e680fd5; track=""権現山・黒岳・エビラ山・二ッ岳""; score=0.63; name_tier=strong; ele_diff=33m; loc=strong_overlap; act_conf=high"
160,黒岳,summit-candidate:ffa6a88e4e680fd5,yamap_2022-11-05_04_38.gpx,権現山・黒岳・エビラ山・二ッ岳,1626.996666666667,1636,9,0.75,1,1,0.02,true,true,medium,high,medium,accept_candidate_after_map_check,location_uncertain_keep,新居浜市,,candidate_boundary_ambiguous,,multiple_candidates_for_mountain|multiple_mountains_for_candidate|missing_csv_coordinate,top_1_but_ambiguous,clear_mutual_top1,"mountain=黒岳(#160); candidate=summit-candidate:ffa6a88e4e680fd5; track=""権現山・黒岳・エビラ山・二ッ岳""; score=0.75; name_tier=strong; ele_diff=9m; loc=strong_overlap; act_conf=high"
160,黒岳,summit-candidate:09547fd48f24d064,yamap_2022-11-05_04_38.gpx,権現山・黒岳・エビラ山・二ッ岳,1672.3333333333333,1636,36.33,0.73,2,3,0.04,false,true,medium,high,high,resolve_conflict,location_strong_match,新居浜市,,same_municipality,新居浜市,multiple_candidates_for_mountain|multiple_mountains_for_candidate|missing_csv_coordinate,top_candidate_for_multiple_mountains,shared_candidate,"mountain=黒岳(#160); candidate=summit-candidate:09547fd48f24d064; track=""権現山・黒岳・エビラ山・二ッ岳""; score=0.63; name_tier=strong; ele_diff=36.33m; loc=strong_overlap; act_conf=high"
160,黒岳,summit-candidate:7ef7c15a52318cc9,yamap_2022-11-05_04_38.gpx,権現山・黒岳・エビラ山・二ッ岳,1664.1233333333332,1636,28.12,0.69,3,2,0.12,false,true,medium,medium,low,low_priority,location_uncertain_keep,新居浜市,,candidate_boundary_ambiguous,,multiple_candidates_for_mountain|multiple_mountains_for_candidate|missing_csv_coordinate,top_3_with_evidence,low_priority_alternative,"mountain=黒岳(#160); candidate=summit-candidate:7ef7c15a52318cc9; track=""権現山・黒岳・エビラ山・二ッ岳""; score=0.69; name_tier=strong; ele_diff=28.12m; loc=strong_overlap; act_conf=high"
161,エビラ山,summit-candidate:09547fd48f24d064,yamap_2022-11-05_04_38.gpx,権現山・黒岳・エビラ山・二ッ岳,1672.3333333333333,1673,0.67,0.85,1,1,0.1,true,true,medium,medium,high,resolve_conflict,location_strong_match,新居浜市,,same_municipality,新居浜市,multiple_candidates_for_mountain|multiple_mountains_for_candidate|missing_csv_coordinate,top_1_but_ambiguous|top_candidate_for_multiple_mountains|priority_reduced_strong_match_mutual_top1,shared_candidate,"mountain=エビラ山(#161); candidate=summit-candidate:09547fd48f24d064; track=""権現山・黒岳・エビラ山・二ッ岳""; score=0.75; name_tier=strong; ele_diff=0.67m; loc=strong_overlap; act_conf=high"
161,エビラ山,summit-candidate:7ef7c15a52318cc9,yamap_2022-11-05_04_38.gpx,権現山・黒岳・エビラ山・二ッ岳,1664.1233333333332,1673,8.88,0.75,2,1,0.12,false,true,medium,medium,low,low_priority,location_uncertain_keep,新居浜市,,candidate_boundary_ambiguous,,multiple_candidates_for_mountain|multiple_mountains_for_candidate|missing_csv_coordinate,top_3_with_evidence,low_priority_alternative,"mountain=エビラ山(#161); candidate=summit-candidate:7ef7c15a52318cc9; track=""権現山・黒岳・エビラ山・二ッ岳""; score=0.75; name_tier=strong; ele_diff=8.88m; loc=strong_overlap; act_conf=high"
161,エビラ山,summit-candidate:ffa6a88e4e680fd5,yamap_2022-11-05_04_38.gpx,権現山・黒岳・エビラ山・二ッ岳,1626.996666666667,1673,46,0.63,3,4,0.06,false,false,medium,medium,low,low_priority,location_uncertain_keep,新居浜市,,candidate_boundary_ambiguous,,multiple_candidates_for_mountain|multiple_mountains_for_candidate|missing_csv_coordinate,top_3_with_evidence,low_priority_alternative,"mountain=エビラ山(#161); candidate=summit-candidate:ffa6a88e4e680fd5; track=""権現山・黒岳・エビラ山・二ッ岳""; score=0.63; name_tier=strong; ele_diff=46m; loc=strong_overlap; act_conf=high"
162,二ッ岳,summit-candidate:09547fd48f24d064,yamap_2022-11-05_04_38.gpx,権現山・黒岳・エビラ山・二ッ岳,1672.3333333333333,1647,25.33,0.79,1,2,0.1,false,true,medium,high,high,resolve_conflict,location_strong_match,新居浜市,,same_municipality,新居浜市,multiple_candidates_for_mountain|multiple_mountains_for_candidate|missing_csv_coordinate,top_1_but_ambiguous|top_candidate_for_multiple_mountains,shared_candidate|not_mutual_top1,"mountain=二ッ岳(#162); candidate=summit-candidate:09547fd48f24d064; track=""権現山・黒岳・エビラ山・二ッ岳""; score=0.69; name_tier=strong; ele_diff=25.33m; loc=strong_overlap; act_conf=high"
162,二ッ岳,summit-candidate:7ef7c15a52318cc9,yamap_2022-11-05_04_38.gpx,権現山・黒岳・エビラ山・二ッ岳,1664.1233333333332,1647,17.12,0.69,2,3,0,false,true,medium,medium,low,low_priority,location_uncertain_keep,新居浜市,,candidate_boundary_ambiguous,,multiple_candidates_for_mountain|multiple_mountains_for_candidate|missing_csv_coordinate,top_3_with_evidence,low_priority_alternative,"mountain=二ッ岳(#162); candidate=summit-candidate:7ef7c15a52318cc9; track=""権現山・黒岳・エビラ山・二ッ岳""; score=0.69; name_tier=strong; ele_diff=17.12m; loc=strong_overlap; act_conf=high"
162,二ッ岳,summit-candidate:ffa6a88e4e680fd5,yamap_2022-11-05_04_38.gpx,権現山・黒岳・エビラ山・二ッ岳,1626.996666666667,1647,20,0.69,3,2,0.12,false,true,medium,medium,low,low_priority,location_uncertain_keep,新居浜市,,candidate_boundary_ambiguous,,multiple_candidates_for_mountain|multiple_mountains_for_candidate|missing_csv_coordinate,top_3_with_evidence,low_priority_alternative,"mountain=二ッ岳(#162); candidate=summit-candidate:ffa6a88e4e680fd5; track=""権現山・黒岳・エビラ山・二ッ岳""; score=0.69; name_tier=strong; ele_diff=20m; loc=strong_overlap; act_conf=high"
163,鹿島山,summit-candidate:e4fbd033b13d73ce,yamap_2022-11-07_12_37.gpx,鹿島山,99.19338457582633,114,14.81,0.79,1,1,0.29,true,true,medium,medium,medium,accept_candidate_after_map_check,location_strong_match,松山市,,same_municipality,松山市,multiple_candidates_for_mountain|multiple_mountains_for_candidate|missing_csv_coordinate,top_1_but_ambiguous|priority_reduced_strong_match_mutual_top1,clear_mutual_top1,"mountain=鹿島山(#163); candidate=summit-candidate:e4fbd033b13d73ce; track=""鹿島山""; score=0.69; name_tier=strong; ele_diff=14.81m; loc=strong_overlap; act_conf=high"
163,鹿島山,summit-candidate:22b4a5a5c856bf4d,yamap_2022-02-16_11_57.gpx,愛宕山・常光寺山,104.27999999999999,114,9.72,0.5,2,5,0,false,false,low,medium,low,low_priority,location_strong_match,松山市,,same_municipality,松山市,multiple_candidates_for_mountain|multiple_mountains_for_candidate|weak_name_evidence|missing_csv_coordinate,top_3_with_evidence,low_priority_alternative,"mountain=鹿島山(#163); candidate=summit-candidate:22b4a5a5c856bf4d; track=""愛宕山・常光寺山""; score=0.4; name_tier=none; ele_diff=9.72m; loc=strong_overlap; act_conf=high"
163,鹿島山,summit-candidate:45f49d8fd831427c,yamap_2023-01-06_11_33.gpx,岩子山・垣生山・津田山・弁天山,110.77666666666669,114,3.22,0.5,3,9,0,false,false,low,high,high,resolve_conflict,location_strong_match,松山市,,same_municipality,松山市,multiple_candidates_for_mountain|multiple_mountains_for_candidate|weak_name_evidence|missing_csv_coordinate,top_candidate_for_multiple_mountains,shared_candidate,"mountain=鹿島山(#163); candidate=summit-candidate:45f49d8fd831427c; track=""岩子山・垣生山・津田山・弁天山""; score=0.4; name_tier=none; ele_diff=3.22m; loc=strong_overlap; act_conf=high"
164,出石山,summit-candidate:615a70cf4401199b,yamap_2022-11-14_13_02.gpx,出石山,822.6353431394673,812,10.64,0.69,1,1,0.25,true,true,medium,high,medium,accept_candidate_after_map_check,location_uncertain_keep,大洲市,,candidate_boundary_ambiguous,,multiple_candidates_for_mountain|multiple_mountains_for_candidate|missing_csv_coordinate,top_1_but_ambiguous,clear_mutual_top1,"mountain=出石山(#164); candidate=summit-candidate:615a70cf4401199b; track=""出石山""; score=0.69; name_tier=strong; ele_diff=10.64m; loc=strong_overlap; act_conf=high"
164,出石山,summit-candidate:5f31b84e049f61fa,yamap_2026-02-22_07_32.gpx,高森山・町木山・寒台山・鎧掛山,798.325694253476,812,13.67,0.44,2,14,0,false,false,low,high,high,resolve_conflict,location_strong_match,大洲市,,same_municipality,大洲市,multiple_candidates_for_mountain|multiple_mountains_for_candidate|weak_name_evidence|missing_csv_coordinate|activity_link_ambiguous,top_candidate_for_multiple_mountains,shared_candidate,"mountain=出石山(#164); candidate=summit-candidate:5f31b84e049f61fa; track=""高森山・町木山・寒台山・鎧掛山""; score=0.34; name_tier=none; ele_diff=13.67m; loc=strong_overlap; act_conf=high"
164,出石山,summit-candidate:f55ffb534aa2ae4c,yamap_2026-02-22_07_32.gpx,高森山・町木山・寒台山・鎧掛山,825.9826876717713,812,13.98,0.44,3,9,0.1,false,false,low,high,high,resolve_conflict,location_strong_match,大洲市,,same_municipality,大洲市,multiple_candidates_for_mountain|multiple_mountains_for_candidate|weak_name_evidence|missing_csv_coordinate|activity_link_ambiguous,top_candidate_for_multiple_mountains,shared_candidate,"mountain=出石山(#164); candidate=summit-candidate:f55ffb534aa2ae4c; track=""高森山・町木山・寒台山・鎧掛山""; score=0.34; name_tier=none; ele_diff=13.98m; loc=strong_overlap; act_conf=high"
165,綱繰山,summit-candidate:53d0e375c60814f6,yamap_2022-11-26_04_41.gpx,銅山峰・西山・綱繰山・獅子舞の鼻・冠山・平家平,1457.99,1466,8.01,0.85,1,1,0.12,true,true,medium,medium,high,resolve_conflict,location_strong_match,新居浜市,,same_municipality,新居浜市,multiple_candidates_for_mountain|multiple_mountains_for_candidate|missing_csv_coordinate,top_1_but_ambiguous|top_candidate_for_multiple_mountains|priority_reduced_strong_match_mutual_top1,shared_candidate,"mountain=綱繰山(#165); candidate=summit-candidate:53d0e375c60814f6; track=""銅山峰・西山・綱繰山・獅子舞の鼻・冠山・平家平""; score=0.75; name_tier=strong; ele_diff=8.01m; loc=strong_overlap; act_conf=high"
165,綱繰山,summit-candidate:a557f14fb032a808,yamap_2022-11-26_04_41.gpx,銅山峰・西山・綱繰山・獅子舞の鼻・冠山・平家平,1423.68,1466,42.32,0.73,2,2,0.06,false,true,medium,medium,low,low_priority,location_strong_match,新居浜市,,same_municipality,新居浜市,multiple_candidates_for_mountain|multiple_mountains_for_candidate|missing_csv_coordinate,top_3_with_evidence,low_priority_alternative,"mountain=綱繰山(#165); candidate=summit-candidate:a557f14fb032a808; track=""銅山峰・西山・綱繰山・獅子舞の鼻・冠山・平家平""; score=0.63; name_tier=strong; ele_diff=42.32m; loc=strong_overlap; act_conf=high"
165,綱繰山,summit-candidate:006436491de34784,yamap_2022-11-26_04_41.gpx,銅山峰・西山・綱繰山・獅子舞の鼻・冠山・平家平,1729.61,1466,263.61,0.67,3,3,0,false,true,medium,high,high,resolve_conflict,location_strong_match,新居浜市,,same_municipality,新居浜市,multiple_candidates_for_mountain|multiple_mountains_for_candidate|weak_elevation_evidence|missing_csv_coordinate,top_candidate_for_multiple_mountains,shared_candidate,"mountain=綱繰山(#165); candidate=summit-candidate:006436491de34784; track=""銅山峰・西山・綱繰山・獅子舞の鼻・冠山・平家平""; score=0.57; name_tier=strong; ele_diff=263.61m; loc=strong_overlap; act_conf=high"
166,獅子舞の鼻,summit-candidate:53d0e375c60814f6,yamap_2022-11-26_04_41.gpx,銅山峰・西山・綱繰山・獅子舞の鼻・冠山・平家平,1457.99,1482,24.01,0.79,1,2,0.12,false,true,medium,high,high,resolve_conflict,location_strong_match,新居浜市,,same_municipality,新居浜市,multiple_candidates_for_mountain|multiple_mountains_for_candidate|missing_csv_coordinate,top_1_but_ambiguous|top_candidate_for_multiple_mountains,shared_candidate|not_mutual_top1,"mountain=獅子舞の鼻(#166); candidate=summit-candidate:53d0e375c60814f6; track=""銅山峰・西山・綱繰山・獅子舞の鼻・冠山・平家平""; score=0.69; name_tier=strong; ele_diff=24.01m; loc=strong_overlap; act_conf=high"
166,獅子舞の鼻,summit-candidate:006436491de34784,yamap_2022-11-26_04_41.gpx,銅山峰・西山・綱繰山・獅子舞の鼻・冠山・平家平,1729.61,1482,247.61,0.67,2,4,0,false,false,medium,high,high,resolve_conflict,location_strong_match,新居浜市,,same_municipality,新居浜市,multiple_candidates_for_mountain|multiple_mountains_for_candidate|weak_elevation_evidence|missing_csv_coordinate,top_candidate_for_multiple_mountains,shared_candidate,"mountain=獅子舞の鼻(#166); candidate=summit-candidate:006436491de34784; track=""銅山峰・西山・綱繰山・獅子舞の鼻・冠山・平家平""; score=0.57; name_tier=strong; ele_diff=247.61m; loc=strong_overlap; act_conf=high"
166,獅子舞の鼻,summit-candidate:a03fbec9bab2fe7a,yamap_2022-11-26_04_41.gpx,銅山峰・西山・綱繰山・獅子舞の鼻・冠山・平家平,907.3366666666667,1482,574.66,0.67,3,2,0,false,true,medium,medium,low,low_priority,location_strong_match,新居浜市,,same_municipality,新居浜市,multiple_candidates_for_mountain|multiple_mountains_for_candidate|weak_elevation_evidence|missing_csv_coordinate,top_3_with_evidence,low_priority_alternative,"mountain=獅子舞の鼻(#166); candidate=summit-candidate:a03fbec9bab2fe7a; track=""銅山峰・西山・綱繰山・獅子舞の鼻・冠山・平家平""; score=0.57; name_tier=strong; ele_diff=574.66m; loc=strong_overlap; act_conf=high"
167,冠山,summit-candidate:006436491de34784,yamap_2022-11-26_04_41.gpx,銅山峰・西山・綱繰山・獅子舞の鼻・冠山・平家平,1729.61,1731,1.39,0.85,1,1,0.18,true,true,medium,medium,high,resolve_conflict,location_strong_match,新居浜市,,same_municipality,新居浜市,multiple_candidates_for_mountain|multiple_mountains_for_candidate|missing_csv_coordinate,top_1_but_ambiguous|top_candidate_for_multiple_mountains|priority_reduced_strong_match_mutual_top1,shared_candidate,"mountain=冠山(#167); candidate=summit-candidate:006436491de34784; track=""銅山峰・西山・綱繰山・獅子舞の鼻・冠山・平家平""; score=0.75; name_tier=strong; ele_diff=1.39m; loc=strong_overlap; act_conf=high"
167,冠山,summit-candidate:53d0e375c60814f6,yamap_2022-11-26_04_41.gpx,銅山峰・西山・綱繰山・獅子舞の鼻・冠山・平家平,1457.99,1731,273.01,0.67,2,4,0,false,false,medium,high,high,resolve_conflict,location_strong_match,新居浜市,,same_municipality,新居浜市,multiple_candidates_for_mountain|multiple_mountains_for_candidate|weak_elevation_evidence|missing_csv_coordinate,top_candidate_for_multiple_mountains,shared_candidate,"mountain=冠山(#167); candidate=summit-candidate:53d0e375c60814f6; track=""銅山峰・西山・綱繰山・獅子舞の鼻・冠山・平家平""; score=0.57; name_tier=strong; ele_diff=273.01m; loc=strong_overlap; act_conf=high"
167,冠山,summit-candidate:a03fbec9bab2fe7a,yamap_2022-11-26_04_41.gpx,銅山峰・西山・綱繰山・獅子舞の鼻・冠山・平家平,907.3366666666667,1731,823.66,0.67,3,3,0,false,true,medium,medium,low,low_priority,location_strong_match,新居浜市,,same_municipality,新居浜市,multiple_candidates_for_mountain|multiple_mountains_for_candidate|weak_elevation_evidence|missing_csv_coordinate,top_3_with_evidence,low_priority_alternative,"mountain=冠山(#167); candidate=summit-candidate:a03fbec9bab2fe7a; track=""銅山峰・西山・綱繰山・獅子舞の鼻・冠山・平家平""; score=0.57; name_tier=strong; ele_diff=823.66m; loc=strong_overlap; act_conf=high"
168,遠ヶ森,summit-candidate:02fa4cfab6fa90d3,yamap_2022-12-12_08_41.gpx,遠ヶ森,731.4733333333334,728,3.47,0.75,1,1,0.3,true,true,medium,high,high,resolve_conflict,location_uncertain_keep,松山市,,candidate_boundary_ambiguous,,multiple_candidates_for_mountain|multiple_mountains_for_candidate|missing_csv_coordinate|activity_link_ambiguous,top_1_but_ambiguous|top_candidate_for_multiple_mountains,shared_candidate,"mountain=遠ヶ森(#168); candidate=summit-candidate:02fa4cfab6fa90d3; track=""遠ヶ森""; score=0.75; name_tier=strong; ele_diff=3.47m; loc=strong_overlap; act_conf=high"
168,遠ヶ森,summit-candidate:9acc21860aa8a208,yamap_2022-12-12_10_30.gpx,扇山,192.99666666666667,728,535,0.45,2,2,0.12,false,true,low,low,high,check_location_warning,adjacent_but_deep_inside,松山市,,adjacent_municipality,砥部町,multiple_candidates_for_mountain|multiple_mountains_for_candidate|weak_elevation_evidence|missing_csv_coordinate|location_mismatch_warning|activity_link_ambiguous,adjacent_but_deep_inside,adjacent_but_deep_inside,"mountain=遠ヶ森(#168); candidate=summit-candidate:9acc21860aa8a208; track=""扇山""; score=0.5; name_tier=strong; ele_diff=535m; loc=mismatch_warning; act_conf=high"
168,遠ヶ森,summit-candidate:38105da918da8262,yamap_2025-01-03_07_19.gpx,壺神山・滝山・足山・皿が森,733.0708946789382,728,5.07,0.33,3,12,0,false,false,low,medium,low,low_priority,location_uncertain_keep,松山市,,non_adjacent_municipality,大洲市,multiple_candidates_for_mountain|multiple_mountains_for_candidate|weak_name_evidence|missing_csv_coordinate|location_mismatch_warning,top_3_with_evidence,low_priority_alternative,"mountain=遠ヶ森(#168); candidate=summit-candidate:38105da918da8262; track=""壺神山・滝山・足山・皿が森""; score=0.33; name_tier=none; ele_diff=5.07m; loc=mismatch_warning; act_conf=high"
169,扇山,summit-candidate:9acc21860aa8a208,yamap_2022-12-12_10_30.gpx,扇山,192.99666666666667,200,7,0.85,1,1,0.35,true,true,medium,medium,medium,accept_candidate_after_map_check,location_strong_match,砥部町,,same_municipality,砥部町,multiple_candidates_for_mountain|multiple_mountains_for_candidate|missing_csv_coordinate|activity_link_ambiguous,top_1_but_ambiguous|priority_reduced_strong_match_mutual_top1,clear_mutual_top1,"mountain=扇山(#169); candidate=summit-candidate:9acc21860aa8a208; track=""扇山""; score=0.75; name_tier=strong; ele_diff=7m; loc=strong_overlap; act_conf=high"
169,扇山,summit-candidate:02fa4cfab6fa90d3,yamap_2022-12-12_08_41.gpx,遠ヶ森,731.4733333333334,200,531.47,0.5,2,3,0.12,false,true,low,high,high,resolve_conflict,location_uncertain_keep,砥部町,,candidate_boundary_ambiguous,,multiple_candidates_for_mountain|multiple_mountains_for_candidate|weak_elevation_evidence|missing_csv_coordinate|location_mismatch_warning|activity_link_ambiguous,top_candidate_for_multiple_mountains,shared_candidate,"mountain=扇山(#169); candidate=summit-candidate:02fa4cfab6fa90d3; track=""遠ヶ森""; score=0.5; name_tier=strong; ele_diff=531.47m; loc=mismatch_warning; act_conf=high"
169,扇山,summit-candidate:23c112538ef91e0d,yamap_2022-02-23_08_42.gpx,西山・経ヶ森・岩子山・護摩ヶ森,195.95000000000002,200,4.05,0.38,3,18,0,false,false,low,high,high,resolve_conflict,boundary_plausible,砥部町,,adjacent_municipality,松山市,multiple_candidates_for_mountain|multiple_mountains_for_candidate|weak_name_evidence|missing_csv_coordinate|location_mismatch_warning,top_candidate_for_multiple_mountains,shared_candidate,"mountain=扇山(#169); candidate=summit-candidate:23c112538ef91e0d; track=""西山・経ヶ森・岩子山・護摩ヶ森""; score=0.33; name_tier=none; ele_diff=4.05m; loc=mismatch_warning; act_conf=high"
170,高山,summit-candidate:101c1b0635c0bec0,yamap_2022-12-25_10_09.gpx,高山,131.66666666666666,135,3.33,0.85,1,1,0.06,true,true,medium,medium,high,resolve_conflict,location_strong_match,今治市,,same_municipality,今治市,multiple_candidates_for_mountain|multiple_mountains_for_candidate|missing_csv_coordinate|activity_link_ambiguous,top_1_but_ambiguous|top_candidate_for_multiple_mountains|priority_reduced_strong_match_mutual_top1,shared_candidate,"mountain=高山(#170); candidate=summit-candidate:101c1b0635c0bec0; track=""高山""; score=0.75; name_tier=strong; ele_diff=3.33m; loc=strong_overlap; act_conf=high"
170,高山,summit-candidate:71f4bbfe52f75585,yamap_2022-12-25_12_44.gpx,唐子山,108.91779584922217,135,26.08,0.79,2,2,0.12,false,true,medium,medium,low,low_priority,location_strong_match,今治市,,same_municipality,今治市,multiple_candidates_for_mountain|multiple_mountains_for_candidate|missing_csv_coordinate|activity_link_ambiguous,top_3_with_evidence,low_priority_alternative,"mountain=高山(#170); candidate=summit-candidate:71f4bbfe52f75585; track=""唐子山""; score=0.69; name_tier=strong; ele_diff=26.08m; loc=strong_overlap; act_conf=high"
170,高山,summit-candidate:8ff6361109e5ed5c,yamap_2025-03-20_08_27.gpx,高山・大里山・泰ノ山,121.16666666666667,135,13.83,0.67,3,2,0,false,true,medium,medium,high,check_location_warning,boundary_plausible,今治市,,adjacent_municipality,松山市,multiple_candidates_for_mountain|multiple_mountains_for_candidate|missing_csv_coordinate|location_mismatch_warning,top_3_with_evidence,boundary_plausible,"mountain=高山(#170); candidate=summit-candidate:8ff6361109e5ed5c; track=""高山・大里山・泰ノ山""; score=0.62; name_tier=strong; ele_diff=13.83m; loc=mismatch_warning; act_conf=high"
171,塔ノ峰,summit-candidate:101c1b0635c0bec0,yamap_2022-12-25_10_09.gpx,高山,131.66666666666666,150,18.33,0.79,1,2,0.06,false,true,medium,high,high,resolve_conflict,location_strong_match,今治市,,same_municipality,今治市,multiple_candidates_for_mountain|multiple_mountains_for_candidate|missing_csv_coordinate|activity_link_ambiguous,top_1_but_ambiguous|top_candidate_for_multiple_mountains,shared_candidate|not_mutual_top1,"mountain=塔ノ峰(#171); candidate=summit-candidate:101c1b0635c0bec0; track=""高山""; score=0.69; name_tier=strong; ele_diff=18.33m; loc=strong_overlap; act_conf=high"
171,塔ノ峰,summit-candidate:71f4bbfe52f75585,yamap_2022-12-25_12_44.gpx,唐子山,108.91779584922217,150,41.08,0.73,2,3,0.06,false,true,medium,medium,low,low_priority,location_strong_match,今治市,,same_municipality,今治市,multiple_candidates_for_mountain|multiple_mountains_for_candidate|missing_csv_coordinate|activity_link_ambiguous,top_3_with_evidence,low_priority_alternative,"mountain=塔ノ峰(#171); candidate=summit-candidate:71f4bbfe52f75585; track=""唐子山""; score=0.63; name_tier=strong; ele_diff=41.08m; loc=strong_overlap; act_conf=high"
171,塔ノ峰,summit-candidate:d5b708b4d3aa86a0,yamap_2022-12-25_11_41.gpx,近見山,239.86,150,89.86,0.67,3,3,0.17,false,true,medium,medium,low,low_priority,location_strong_match,今治市,,same_municipality,今治市,multiple_candidates_for_mountain|multiple_mountains_for_candidate|weak_elevation_evidence|missing_csv_coordinate|activity_link_ambiguous,top_3_with_evidence,low_priority_alternative,"mountain=塔ノ峰(#171); candidate=summit-candidate:d5b708b4d3aa86a0; track=""近見山""; score=0.57; name_tier=strong; ele_diff=89.86m; loc=strong_overlap; act_conf=high"
172,海山,summit-candidate:101c1b0635c0bec0,yamap_2022-12-25_10_09.gpx,高山,131.66666666666666,155,23.33,0.79,1,3,0.06,false,true,medium,high,high,resolve_conflict,location_strong_match,今治市,,same_municipality,今治市,multiple_candidates_for_mountain|multiple_mountains_for_candidate|missing_csv_coordinate|activity_link_ambiguous,top_1_but_ambiguous|top_candidate_for_multiple_mountains,shared_candidate|not_mutual_top1,"mountain=海山(#172); candidate=summit-candidate:101c1b0635c0bec0; track=""高山""; score=0.69; name_tier=strong; ele_diff=23.33m; loc=strong_overlap; act_conf=high"
172,海山,summit-candidate:71f4bbfe52f75585,yamap_2022-12-25_12_44.gpx,唐子山,108.91779584922217,155,46.08,0.73,2,4,0.06,false,false,medium,medium,low,low_priority,location_strong_match,今治市,,same_municipality,今治市,multiple_candidates_for_mountain|multiple_mountains_for_candidate|missing_csv_coordinate|activity_link_ambiguous,top_3_with_evidence,low_priority_alternative,"mountain=海山(#172); candidate=summit-candidate:71f4bbfe52f75585; track=""唐子山""; score=0.63; name_tier=strong; ele_diff=46.08m; loc=strong_overlap; act_conf=high"
172,海山,summit-candidate:d5b708b4d3aa86a0,yamap_2022-12-25_11_41.gpx,近見山,239.86,155,84.86,0.67,3,4,0.17,false,false,medium,medium,low,low_priority,location_strong_match,今治市,,same_municipality,今治市,multiple_candidates_for_mountain|multiple_mountains_for_candidate|weak_elevation_evidence|missing_csv_coordinate|activity_link_ambiguous,top_3_with_evidence,low_priority_alternative,"mountain=海山(#172); candidate=summit-candidate:d5b708b4d3aa86a0; track=""近見山""; score=0.57; name_tier=strong; ele_diff=84.86m; loc=strong_overlap; act_conf=high"
173,近見山,summit-candidate:d5b708b4d3aa86a0,yamap_2022-12-25_11_41.gpx,近見山,239.86,244,4.14,0.85,1,1,0.18,true,true,medium,medium,medium,accept_candidate_after_map_check,location_strong_match,今治市,,same_municipality,今治市,multiple_candidates_for_mountain|multiple_mountains_for_candidate|missing_csv_coordinate|activity_link_ambiguous,top_1_but_ambiguous|priority_reduced_strong_match_mutual_top1,clear_mutual_top1,"mountain=近見山(#173); candidate=summit-candidate:d5b708b4d3aa86a0; track=""近見山""; score=0.75; name_tier=strong; ele_diff=4.14m; loc=strong_overlap; act_conf=high"
173,近見山,summit-candidate:101c1b0635c0bec0,yamap_2022-12-25_10_09.gpx,高山,131.66666666666666,244,112.33,0.67,2,6,0,false,false,medium,high,high,resolve_conflict,location_strong_match,今治市,,same_municipality,今治市,multiple_candidates_for_mountain|multiple_mountains_for_candidate|weak_elevation_evidence|missing_csv_coordinate|activity_link_ambiguous,top_candidate_for_multiple_mountains,shared_candidate,"mountain=近見山(#173); candidate=summit-candidate:101c1b0635c0bec0; track=""高山""; score=0.57; name_tier=strong; ele_diff=112.33m; loc=strong_overlap; act_conf=high"
173,近見山,summit-candidate:71f4bbfe52f75585,yamap_2022-12-25_12_44.gpx,唐子山,108.91779584922217,244,135.08,0.67,3,6,0.17,false,false,medium,medium,low,low_priority,location_strong_match,今治市,,same_municipality,今治市,multiple_candidates_for_mountain|multiple_mountains_for_candidate|weak_elevation_evidence|missing_csv_coordinate|activity_link_ambiguous,top_3_with_evidence,low_priority_alternative,"mountain=近見山(#173); candidate=summit-candidate:71f4bbfe52f75585; track=""唐子山""; score=0.57; name_tier=strong; ele_diff=135.08m; loc=strong_overlap; act_conf=high"
174,唐子山,summit-candidate:71f4bbfe52f75585,yamap_2022-12-25_12_44.gpx,唐子山,108.91779584922217,105,3.92,0.85,1,1,0.06,true,true,medium,medium,medium,accept_candidate_after_map_check,location_strong_match,今治市,,same_municipality,今治市,multiple_candidates_for_mountain|multiple_mountains_for_candidate|missing_csv_coordinate|activity_link_ambiguous,top_1_but_ambiguous|priority_reduced_strong_match_mutual_top1,clear_mutual_top1,"mountain=唐子山(#174); candidate=summit-candidate:71f4bbfe52f75585; track=""唐子山""; score=0.75; name_tier=strong; ele_diff=3.92m; loc=strong_overlap; act_conf=high"
174,唐子山,summit-candidate:101c1b0635c0bec0,yamap_2022-12-25_10_09.gpx,高山,131.66666666666666,105,26.67,0.79,2,4,0.11,false,false,medium,high,high,resolve_conflict,location_strong_match,今治市,,same_municipality,今治市,multiple_candidates_for_mountain|multiple_mountains_for_candidate|missing_csv_coordinate|activity_link_ambiguous,top_candidate_for_multiple_mountains,shared_candidate,"mountain=唐子山(#174); candidate=summit-candidate:101c1b0635c0bec0; track=""高山""; score=0.69; name_tier=strong; ele_diff=26.67m; loc=strong_overlap; act_conf=high"
174,唐子山,summit-candidate:1ed32ce6414c2781,yamap_2022-12-25_13_36.gpx,医王山,98.37666666666667,105,6.62,0.68,3,2,0.01,false,true,medium,high,high,resolve_conflict,location_uncertain_keep,今治市,,candidate_boundary_ambiguous,,multiple_candidates_for_mountain|multiple_mountains_for_candidate|missing_csv_coordinate|location_mismatch_warning|activity_link_ambiguous,top_candidate_for_multiple_mountains,shared_candidate,"mountain=唐子山(#174); candidate=summit-candidate:1ed32ce6414c2781; track=""医王山""; score=0.68; name_tier=strong; ele_diff=6.62m; loc=mismatch_warning; act_conf=high"
175,医王山,summit-candidate:1ed32ce6414c2781,yamap_2022-12-25_13_36.gpx,医王山,98.37666666666667,100,1.62,0.75,1,1,0.02,true,true,medium,high,high,resolve_conflict,location_uncertain_keep,西条市,,candidate_boundary_ambiguous,,multiple_candidates_for_mountain|multiple_mountains_for_candidate|missing_csv_coordinate|activity_link_ambiguous,top_1_but_ambiguous|top_candidate_for_multiple_mountains,shared_candidate,"mountain=医王山(#175); candidate=summit-candidate:1ed32ce6414c2781; track=""医王山""; score=0.75; name_tier=strong; ele_diff=1.62m; loc=strong_overlap; act_conf=high"
175,医王山,summit-candidate:71f4bbfe52f75585,yamap_2022-12-25_12_44.gpx,唐子山,108.91779584922217,100,8.92,0.73,2,5,0.12,false,false,medium,medium,high,check_close_alternatives,boundary_plausible,西条市,,adjacent_municipality,今治市,multiple_candidates_for_mountain|multiple_mountains_for_candidate|missing_csv_coordinate|location_mismatch_warning|activity_link_ambiguous,top_3_with_evidence,small_score_gap,"mountain=医王山(#175); candidate=summit-candidate:71f4bbfe52f75585; track=""唐子山""; score=0.68; name_tier=strong; ele_diff=8.92m; loc=mismatch_warning; act_conf=high"
175,医王山,summit-candidate:101c1b0635c0bec0,yamap_2022-12-25_10_09.gpx,高山,131.66666666666666,100,31.67,0.61,3,8,0.16,false,false,medium,high,high,resolve_conflict,boundary_plausible,西条市,,adjacent_municipality,今治市,multiple_candidates_for_mountain|multiple_mountains_for_candidate|missing_csv_coordinate|location_mismatch_warning|activity_link_ambiguous,top_candidate_for_multiple_mountains,shared_candidate,"mountain=医王山(#175); candidate=summit-candidate:101c1b0635c0bec0; track=""高山""; score=0.56; name_tier=strong; ele_diff=31.67m; loc=mismatch_warning; act_conf=high"
176,永納山(永納山城址),summit-candidate:101c1b0635c0bec0,yamap_2022-12-25_10_09.gpx,高山,131.66666666666666,132,0.33,0.73,1,5,0.06,false,false,medium,high,high,resolve_conflict,boundary_plausible,西条市,,adjacent_municipality,今治市,multiple_candidates_for_mountain|multiple_mountains_for_candidate|missing_csv_coordinate|location_mismatch_warning|activity_link_ambiguous,top_1_but_ambiguous|top_candidate_for_multiple_mountains,shared_candidate|not_mutual_top1,"mountain=永納山(永納山城址)(#176); candidate=summit-candidate:101c1b0635c0bec0; track=""高山""; score=0.68; name_tier=strong; ele_diff=0.33m; loc=mismatch_warning; act_conf=high"
176,永納山(永納山城址),summit-candidate:71f4bbfe52f75585,yamap_2022-12-25_12_44.gpx,唐子山,108.91779584922217,132,23.08,0.67,2,7,0.04,false,false,medium,medium,high,check_location_warning,boundary_plausible,西条市,,adjacent_municipality,今治市,multiple_candidates_for_mountain|multiple_mountains_for_candidate|missing_csv_coordinate|location_mismatch_warning|activity_link_ambiguous,top_3_with_evidence,boundary_plausible,"mountain=永納山(永納山城址)(#176); candidate=summit-candidate:71f4bbfe52f75585; track=""唐子山""; score=0.62; name_tier=strong; ele_diff=23.08m; loc=mismatch_warning; act_conf=high"
176,永納山(永納山城址),summit-candidate:1ed32ce6414c2781,yamap_2022-12-25_13_36.gpx,医王山,98.37666666666667,132,33.62,0.63,3,3,0.18,false,true,medium,high,high,resolve_conflict,location_uncertain_keep,西条市,,candidate_boundary_ambiguous,,multiple_candidates_for_mountain|multiple_mountains_for_candidate|missing_csv_coordinate|activity_link_ambiguous,top_candidate_for_multiple_mountains,shared_candidate,"mountain=永納山(永納山城址)(#176); candidate=summit-candidate:1ed32ce6414c2781; track=""医王山""; score=0.63; name_tier=strong; ele_diff=33.62m; loc=strong_overlap; act_conf=high"
177,佐々久山,summit-candidate:1ed32ce6414c2781,yamap_2022-12-25_13_36.gpx,医王山,98.37666666666667,56,42.38,0.63,1,4,0.08,false,false,medium,high,high,resolve_conflict,location_uncertain_keep,西条市,,candidate_boundary_ambiguous,,multiple_candidates_for_mountain|multiple_mountains_for_candidate|missing_csv_coordinate|activity_link_ambiguous,top_1_but_ambiguous|top_candidate_for_multiple_mountains,shared_candidate|not_mutual_top1,"mountain=佐々久山(#177); candidate=summit-candidate:1ed32ce6414c2781; track=""医王山""; score=0.63; name_tier=strong; ele_diff=42.38m; loc=strong_overlap; act_conf=high"
177,佐々久山,summit-candidate:101c1b0635c0bec0,yamap_2022-12-25_10_09.gpx,高山,131.66666666666666,56,75.67,0.55,2,10,0,false,false,low,high,high,resolve_conflict,boundary_plausible,西条市,,adjacent_municipality,今治市,multiple_candidates_for_mountain|multiple_mountains_for_candidate|weak_elevation_evidence|missing_csv_coordinate|location_mismatch_warning|activity_link_ambiguous,top_candidate_for_multiple_mountains,shared_candidate,"mountain=佐々久山(#177); candidate=summit-candidate:101c1b0635c0bec0; track=""高山""; score=0.5; name_tier=strong; ele_diff=75.67m; loc=mismatch_warning; act_conf=high"
177,佐々久山,summit-candidate:71f4bbfe52f75585,yamap_2022-12-25_12_44.gpx,唐子山,108.91779584922217,56,52.92,0.55,3,10,0.1,false,false,low,medium,high,check_location_warning,boundary_plausible,西条市,,adjacent_municipality,今治市,multiple_candidates_for_mountain|multiple_mountains_for_candidate|weak_elevation_evidence|missing_csv_coordinate|location_mismatch_warning|activity_link_ambiguous,top_3_with_evidence,boundary_plausible,"mountain=佐々久山(#177); candidate=summit-candidate:71f4bbfe52f75585; track=""唐子山""; score=0.5; name_tier=strong; ele_diff=52.92m; loc=mismatch_warning; act_conf=high"
178,土亀山,summit-candidate:5c9365b2a5a9c97f,yamap_2022-12-31_15_00.gpx,星岡山,69.03333333333333,50,19.03,0.79,1,2,0.29,false,true,medium,high,high,resolve_conflict,location_strong_match,松山市,,same_municipality,松山市,multiple_candidates_for_mountain|multiple_mountains_for_candidate|missing_csv_coordinate|activity_link_ambiguous|timezone_sensitive_activity_link,top_1_but_ambiguous|top_candidate_for_multiple_mountains,shared_candidate|not_mutual_top1,"mountain=土亀山(#178); candidate=summit-candidate:5c9365b2a5a9c97f; track=""星岡山""; score=0.69; name_tier=strong; ele_diff=19.03m; loc=strong_overlap; act_conf=high"
178,土亀山,summit-candidate:5f001ac124f82ef6,yamap_2022-10-19_16_00.gpx,西港山・大丸山・港山,41.080000000000005,50,8.92,0.5,2,8,0,false,false,low,high,high,resolve_conflict,location_strong_match,松山市,,same_municipality,松山市,multiple_candidates_for_mountain|multiple_mountains_for_candidate|weak_name_evidence|missing_csv_coordinate|timezone_sensitive_activity_link,top_candidate_for_multiple_mountains,shared_candidate,"mountain=土亀山(#178); candidate=summit-candidate:5f001ac124f82ef6; track=""西港山・大丸山・港山""; score=0.4; name_tier=none; ele_diff=8.92m; loc=strong_overlap; act_conf=high"
178,土亀山,summit-candidate:ab7edbc3a52d24bf,yamap_2023-01-28_12_19.gpx,谷田山・金毘羅山,58.70666666666667,50,8.71,0.5,3,8,0,false,false,low,medium,low,low_priority,location_strong_match,松山市,,same_municipality,松山市,multiple_candidates_for_mountain|multiple_mountains_for_candidate|weak_name_evidence|missing_csv_coordinate|activity_link_ambiguous,top_3_with_evidence,low_priority_alternative,"mountain=土亀山(#178); candidate=summit-candidate:ab7edbc3a52d24bf; track=""谷田山・金毘羅山""; score=0.4; name_tier=none; ele_diff=8.71m; loc=strong_overlap; act_conf=high"
179,天山,summit-candidate:5c9365b2a5a9c97f,yamap_2022-12-31_15_00.gpx,星岡山,69.03333333333333,51,18.03,0.79,1,3,0,false,true,medium,high,high,resolve_conflict,location_strong_match,松山市,,same_municipality,松山市,multiple_candidates_for_mountain|multiple_mountains_for_candidate|missing_csv_coordinate|activity_link_ambiguous|timezone_sensitive_activity_link,top_1_but_ambiguous|top_candidate_for_multiple_mountains,shared_candidate|not_mutual_top1,"mountain=天山(#179); candidate=summit-candidate:5c9365b2a5a9c97f; track=""星岡山""; score=0.69; name_tier=strong; ele_diff=18.03m; loc=strong_overlap; act_conf=high"
179,天山,summit-candidate:ea18d38abe59ed57,yamap_2023-01-06_11_33.gpx,岩子山・垣生山・津田山・弁天山,67.89666666666668,51,16.9,0.79,2,1,0.12,false,true,medium,medium,high,check_close_alternatives,location_strong_match,松山市,,same_municipality,松山市,multiple_candidates_for_mountain|multiple_mountains_for_candidate|missing_csv_coordinate,top_3_with_evidence,small_score_gap,"mountain=天山(#179); candidate=summit-candidate:ea18d38abe59ed57; track=""岩子山・垣生山・津田山・弁天山""; score=0.69; name_tier=strong; ele_diff=16.9m; loc=strong_overlap; act_conf=high"
179,天山,summit-candidate:45f49d8fd831427c,yamap_2023-01-06_11_33.gpx,岩子山・垣生山・津田山・弁天山,110.77666666666669,51,59.78,0.67,3,6,0,false,false,medium,high,high,resolve_conflict,location_strong_match,松山市,,same_municipality,松山市,multiple_candidates_for_mountain|multiple_mountains_for_candidate|weak_elevation_evidence|missing_csv_coordinate,top_candidate_for_multiple_mountains,shared_candidate,"mountain=天山(#179); candidate=summit-candidate:45f49d8fd831427c; track=""岩子山・垣生山・津田山・弁天山""; score=0.57; name_tier=strong; ele_diff=59.78m; loc=strong_overlap; act_conf=high"
180,東山,summit-candidate:5104c47f17101d63,yamap_2022-10-08_06_12.gpx,東山・西赤石山・物住頭・前赤石山・東赤石山・八巻山,1621.9866666666667,1392,229.99,0.67,1,4,0,false,false,medium,high,high,resolve_conflict,location_strong_match,新居浜市,,same_municipality,新居浜市,multiple_candidates_for_mountain|multiple_mountains_for_candidate|weak_elevation_evidence|missing_csv_coordinate,top_1_but_ambiguous,not_mutual_top1,"mountain=東山(#180); candidate=summit-candidate:5104c47f17101d63; track=""東山・西赤石山・物住頭・前赤石山・東赤石山・八巻山""; score=0.57; name_tier=strong; ele_diff=229.99m; loc=strong_overlap; act_conf=high"
180,東山,summit-candidate:e2bdd25969c7f122,yamap_2022-10-08_06_12.gpx,東山・西赤石山・物住頭・前赤石山・東赤石山・八巻山,1651.7766666666666,1392,259.78,0.67,2,5,0.1,false,false,medium,medium,high,check_close_alternatives,location_strong_match,新居浜市,,same_municipality,新居浜市,multiple_candidates_for_mountain|multiple_mountains_for_candidate|weak_elevation_evidence|missing_csv_coordinate,top_3_with_evidence,small_score_gap,"mountain=東山(#180); candidate=summit-candidate:e2bdd25969c7f122; track=""東山・西赤石山・物住頭・前赤石山・東赤石山・八巻山""; score=0.57; name_tier=strong; ele_diff=259.78m; loc=strong_overlap; act_conf=high"
180,東山,summit-candidate:2b7cce23b57844a5,yamap_2022-10-08_06_12.gpx,東山・西赤石山・物住頭・前赤石山・東赤石山・八巻山,1699.1266666666668,1392,307.13,0.57,3,4,0,false,false,medium,high,high,resolve_conflict,location_uncertain_keep,新居浜市,,candidate_boundary_ambiguous,,multiple_candidates_for_mountain|multiple_mountains_for_candidate|weak_elevation_evidence|missing_csv_coordinate,top_candidate_for_multiple_mountains,shared_candidate,"mountain=東山(#180); candidate=summit-candidate:2b7cce23b57844a5; track=""東山・西赤石山・物住頭・前赤石山・東赤石山・八巻山""; score=0.57; name_tier=strong; ele_diff=307.13m; loc=strong_overlap; act_conf=high"
181,星岡山,summit-candidate:5c9365b2a5a9c97f,yamap_2022-12-31_15_00.gpx,星岡山,69.03333333333333,75,5.97,0.85,1,1,0.35,true,true,medium,medium,high,resolve_conflict,location_strong_match,松山市,,same_municipality,松山市,multiple_candidates_for_mountain|multiple_mountains_for_candidate|missing_csv_coordinate|activity_link_ambiguous|timezone_sensitive_activity_link,top_1_but_ambiguous|top_candidate_for_multiple_mountains|priority_reduced_strong_match_mutual_top1,shared_candidate,"mountain=星岡山(#181); candidate=summit-candidate:5c9365b2a5a9c97f; track=""星岡山""; score=0.75; name_tier=strong; ele_diff=5.97m; loc=strong_overlap; act_conf=high"
181,星岡山,summit-candidate:452c10a1db199870,yamap_2022-03-20_07_06.gpx,大久保山・八里ヶ峠・中坂山・天神山・室岡山・潮見山,76.83333333333333,75,1.83,0.5,2,11,0,false,false,low,high,high,resolve_conflict,location_strong_match,松山市,,same_municipality,松山市,multiple_candidates_for_mountain|multiple_mountains_for_candidate|weak_name_evidence|missing_csv_coordinate,top_candidate_for_multiple_mountains,shared_candidate,"mountain=星岡山(#181); candidate=summit-candidate:452c10a1db199870; track=""大久保山・八里ヶ峠・中坂山・天神山・室岡山・潮見山""; score=0.4; name_tier=none; ele_diff=1.83m; loc=strong_overlap; act_conf=high"
181,星岡山,summit-candidate:ea18d38abe59ed57,yamap_2023-01-06_11_33.gpx,岩子山・垣生山・津田山・弁天山,67.89666666666668,75,7.1,0.5,3,9,0.06,false,false,low,medium,low,low_priority,location_strong_match,松山市,,same_municipality,松山市,multiple_candidates_for_mountain|multiple_mountains_for_candidate|weak_name_evidence|missing_csv_coordinate,top_3_with_evidence,low_priority_alternative,"mountain=星岡山(#181); candidate=summit-candidate:ea18d38abe59ed57; track=""岩子山・垣生山・津田山・弁天山""; score=0.4; name_tier=none; ele_diff=7.1m; loc=strong_overlap; act_conf=high"
182,河原樋山,summit-candidate:b1d864fd1fcc9dcb,yamap_2023-01-03_07_36.gpx,福見山・河原樋山・真松嶺・柿王寺森,860.4766666666668,864,3.52,0.75,1,1,0.08,true,true,medium,high,medium,accept_candidate_after_map_check,location_uncertain_keep,松山市,,candidate_boundary_ambiguous,,multiple_candidates_for_mountain|multiple_mountains_for_candidate|missing_csv_coordinate,top_1_but_ambiguous,clear_mutual_top1,"mountain=河原樋山(#182); candidate=summit-candidate:b1d864fd1fcc9dcb; track=""福見山・河原樋山・真松嶺・柿王寺森""; score=0.75; name_tier=strong; ele_diff=3.52m; loc=strong_overlap; act_conf=high"
182,河原樋山,summit-candidate:4fec4dd128e55ab0,yamap_2023-01-03_07_36.gpx,福見山・河原樋山・真松嶺・柿王寺森,410.7033333333334,864,453.3,0.67,2,1,0,false,true,medium,medium,low,low_priority,location_strong_match,松山市,,same_municipality,松山市,multiple_candidates_for_mountain|multiple_mountains_for_candidate|weak_elevation_evidence|missing_csv_coordinate,top_3_with_evidence,low_priority_alternative,"mountain=河原樋山(#182); candidate=summit-candidate:4fec4dd128e55ab0; track=""福見山・河原樋山・真松嶺・柿王寺森""; score=0.57; name_tier=strong; ele_diff=453.3m; loc=strong_overlap; act_conf=high"
182,河原樋山,summit-candidate:74dd1729abbd7bb5,yamap_2023-01-03_07_36.gpx,福見山・河原樋山・真松嶺・柿王寺森,538.9699999999999,864,325.03,0.67,3,3,0,false,true,medium,high,high,resolve_conflict,location_strong_match,松山市,,same_municipality,松山市,multiple_candidates_for_mountain|multiple_mountains_for_candidate|weak_elevation_evidence|missing_csv_coordinate,top_candidate_for_multiple_mountains,shared_candidate,"mountain=河原樋山(#182); candidate=summit-candidate:74dd1729abbd7bb5; track=""福見山・河原樋山・真松嶺・柿王寺森""; score=0.57; name_tier=strong; ele_diff=325.03m; loc=strong_overlap; act_conf=high"
183,真松嶺,summit-candidate:74dd1729abbd7bb5,yamap_2023-01-03_07_36.gpx,福見山・河原樋山・真松嶺・柿王寺森,538.9699999999999,548,9.03,0.85,1,1,0,true,true,medium,medium,high,resolve_conflict,location_strong_match,松山市,,same_municipality,松山市,multiple_candidates_for_mountain|multiple_mountains_for_candidate|missing_csv_coordinate,top_1_but_ambiguous|top_candidate_for_multiple_mountains|priority_reduced_strong_match_mutual_top1,shared_candidate,"mountain=真松嶺(#183); candidate=summit-candidate:74dd1729abbd7bb5; track=""福見山・河原樋山・真松嶺・柿王寺森""; score=0.75; name_tier=strong; ele_diff=9.03m; loc=strong_overlap; act_conf=high"
183,真松嶺,summit-candidate:f2aae42aff3dea24,yamap_2023-01-03_07_36.gpx,福見山・河原樋山・真松嶺・柿王寺森,543.3533333333334,548,4.65,0.85,2,1,0.18,false,true,medium,medium,high,check_close_alternatives,location_strong_match,松山市,,same_municipality,松山市,multiple_candidates_for_mountain|multiple_mountains_for_candidate|missing_csv_coordinate,top_3_with_evidence,small_score_gap,"mountain=真松嶺(#183); candidate=summit-candidate:f2aae42aff3dea24; track=""福見山・河原樋山・真松嶺・柿王寺森""; score=0.75; name_tier=strong; ele_diff=4.65m; loc=strong_overlap; act_conf=high"
183,真松嶺,summit-candidate:4fec4dd128e55ab0,yamap_2023-01-03_07_36.gpx,福見山・河原樋山・真松嶺・柿王寺森,410.7033333333334,548,137.3,0.67,3,2,0.1,false,true,medium,medium,low,low_priority,location_strong_match,松山市,,same_municipality,松山市,multiple_candidates_for_mountain|multiple_mountains_for_candidate|weak_elevation_evidence|missing_csv_coordinate,top_3_with_evidence,low_priority_alternative,"mountain=真松嶺(#183); candidate=summit-candidate:4fec4dd128e55ab0; track=""福見山・河原樋山・真松嶺・柿王寺森""; score=0.57; name_tier=strong; ele_diff=137.3m; loc=strong_overlap; act_conf=high"
184,柿王寺森,summit-candidate:74dd1729abbd7bb5,yamap_2023-01-03_07_36.gpx,福見山・河原樋山・真松嶺・柿王寺森,538.9699999999999,545,6.03,0.85,1,2,0,false,true,medium,high,high,resolve_conflict,location_strong_match,松山市,,same_municipality,松山市,multiple_candidates_for_mountain|multiple_mountains_for_candidate|missing_csv_coordinate,top_1_but_ambiguous|top_candidate_for_multiple_mountains,shared_candidate|not_mutual_top1,"mountain=柿王寺森(#184); candidate=summit-candidate:74dd1729abbd7bb5; track=""福見山・河原樋山・真松嶺・柿王寺森""; score=0.75; name_tier=strong; ele_diff=6.03m; loc=strong_overlap; act_conf=high"
184,柿王寺森,summit-candidate:f2aae42aff3dea24,yamap_2023-01-03_07_36.gpx,福見山・河原樋山・真松嶺・柿王寺森,543.3533333333334,545,1.65,0.85,2,2,0.18,false,true,medium,medium,high,check_close_alternatives,location_strong_match,松山市,,same_municipality,松山市,multiple_candidates_for_mountain|multiple_mountains_for_candidate|missing_csv_coordinate,top_3_with_evidence,small_score_gap,"mountain=柿王寺森(#184); candidate=summit-candidate:f2aae42aff3dea24; track=""福見山・河原樋山・真松嶺・柿王寺森""; score=0.75; name_tier=strong; ele_diff=1.65m; loc=strong_overlap; act_conf=high"
184,柿王寺森,summit-candidate:4fec4dd128e55ab0,yamap_2023-01-03_07_36.gpx,福見山・河原樋山・真松嶺・柿王寺森,410.7033333333334,545,134.3,0.67,3,3,0.1,false,true,medium,medium,low,low_priority,location_strong_match,松山市,,same_municipality,松山市,multiple_candidates_for_mountain|multiple_mountains_for_candidate|weak_elevation_evidence|missing_csv_coordinate,top_3_with_evidence,low_priority_alternative,"mountain=柿王寺森(#184); candidate=summit-candidate:4fec4dd128e55ab0; track=""福見山・河原樋山・真松嶺・柿王寺森""; score=0.57; name_tier=strong; ele_diff=134.3m; loc=strong_overlap; act_conf=high"
185,岩子山,summit-candidate:45f49d8fd831427c,yamap_2023-01-06_11_33.gpx,岩子山・垣生山・津田山・弁天山,110.77666666666669,111,0.22,0.85,1,1,0,true,true,medium,medium,high,resolve_conflict,location_strong_match,松山市,,same_municipality,松山市,multiple_candidates_for_mountain|multiple_mountains_for_candidate|missing_csv_coordinate,top_1_but_ambiguous|top_candidate_for_multiple_mountains|priority_reduced_strong_match_mutual_top1,shared_candidate,"mountain=岩子山(#185); candidate=summit-candidate:45f49d8fd831427c; track=""岩子山・垣生山・津田山・弁天山""; score=0.75; name_tier=strong; ele_diff=0.22m; loc=strong_overlap; act_conf=high"
185,岩子山,summit-candidate:49cfd09def5fce03,yamap_2023-01-06_11_33.gpx,岩子山・垣生山・津田山・弁天山,107.46,111,3.54,0.85,2,1,0.06,false,true,medium,medium,high,check_close_alternatives,location_strong_match,松山市,,same_municipality,松山市,multiple_candidates_for_mountain|multiple_mountains_for_candidate|missing_csv_coordinate,top_3_with_evidence,small_score_gap,"mountain=岩子山(#185); candidate=summit-candidate:49cfd09def5fce03; track=""岩子山・垣生山・津田山・弁天山""; score=0.75; name_tier=strong; ele_diff=3.54m; loc=strong_overlap; act_conf=high"
185,岩子山,summit-candidate:8178723bbadb1c72,yamap_2023-01-06_11_33.gpx,岩子山・垣生山・津田山・弁天山,123.67,111,12.67,0.79,3,3,0.06,false,true,medium,medium,low,low_priority,location_strong_match,松山市,,same_municipality,松山市,multiple_candidates_for_mountain|multiple_mountains_for_candidate|missing_csv_coordinate,top_3_with_evidence,low_priority_alternative,"mountain=岩子山(#185); candidate=summit-candidate:8178723bbadb1c72; track=""岩子山・垣生山・津田山・弁天山""; score=0.69; name_tier=strong; ele_diff=12.67m; loc=strong_overlap; act_conf=high"
186,垣生山,summit-candidate:45f49d8fd831427c,yamap_2023-01-06_11_33.gpx,岩子山・垣生山・津田山・弁天山,110.77666666666669,118,7.22,0.85,1,2,0,false,true,medium,high,high,resolve_conflict,location_strong_match,松山市,,same_municipality,松山市,multiple_candidates_for_mountain|multiple_mountains_for_candidate|missing_csv_coordinate,top_1_but_ambiguous|top_candidate_for_multiple_mountains,shared_candidate|not_mutual_top1,"mountain=垣生山(#186); candidate=summit-candidate:45f49d8fd831427c; track=""岩子山・垣生山・津田山・弁天山""; score=0.75; name_tier=strong; ele_diff=7.22m; loc=strong_overlap; act_conf=high"
186,垣生山,summit-candidate:8178723bbadb1c72,yamap_2023-01-06_11_33.gpx,岩子山・垣生山・津田山・弁天山,123.67,118,5.67,0.85,2,1,0.06,false,true,medium,medium,high,check_close_alternatives,location_strong_match,松山市,,same_municipality,松山市,multiple_candidates_for_mountain|multiple_mountains_for_candidate|missing_csv_coordinate,top_3_with_evidence,small_score_gap,"mountain=垣生山(#186); candidate=summit-candidate:8178723bbadb1c72; track=""岩子山・垣生山・津田山・弁天山""; score=0.75; name_tier=strong; ele_diff=5.67m; loc=strong_overlap; act_conf=high"
186,垣生山,summit-candidate:49cfd09def5fce03,yamap_2023-01-06_11_33.gpx,岩子山・垣生山・津田山・弁天山,107.46,118,10.54,0.79,3,3,0.12,false,true,medium,medium,low,low_priority,location_strong_match,松山市,,same_municipality,松山市,multiple_candidates_for_mountain|multiple_mountains_for_candidate|missing_csv_coordinate,top_3_with_evidence,low_priority_alternative,"mountain=垣生山(#186); candidate=summit-candidate:49cfd09def5fce03; track=""岩子山・垣生山・津田山・弁天山""; score=0.69; name_tier=strong; ele_diff=10.54m; loc=strong_overlap; act_conf=high"
187,津田山,summit-candidate:45f49d8fd831427c,yamap_2023-01-06_11_33.gpx,岩子山・垣生山・津田山・弁天山,110.77666666666669,110,0.78,0.85,1,3,0,false,true,medium,high,high,resolve_conflict,location_strong_match,松山市,,same_municipality,松山市,multiple_candidates_for_mountain|multiple_mountains_for_candidate|missing_csv_coordinate,top_1_but_ambiguous|top_candidate_for_multiple_mountains,shared_candidate|not_mutual_top1,"mountain=津田山(#187); candidate=summit-candidate:45f49d8fd831427c; track=""岩子山・垣生山・津田山・弁天山""; score=0.75; name_tier=strong; ele_diff=0.78m; loc=strong_overlap; act_conf=high"
187,津田山,summit-candidate:49cfd09def5fce03,yamap_2023-01-06_11_33.gpx,岩子山・垣生山・津田山・弁天山,107.46,110,2.54,0.85,2,2,0.06,false,true,medium,medium,high,check_close_alternatives,location_strong_match,松山市,,same_municipality,松山市,multiple_candidates_for_mountain|multiple_mountains_for_candidate|missing_csv_coordinate,top_3_with_evidence,small_score_gap,"mountain=津田山(#187); candidate=summit-candidate:49cfd09def5fce03; track=""岩子山・垣生山・津田山・弁天山""; score=0.75; name_tier=strong; ele_diff=2.54m; loc=strong_overlap; act_conf=high"
187,津田山,summit-candidate:8178723bbadb1c72,yamap_2023-01-06_11_33.gpx,岩子山・垣生山・津田山・弁天山,123.67,110,13.67,0.79,3,4,0.06,false,false,medium,medium,low,low_priority,location_strong_match,松山市,,same_municipality,松山市,multiple_candidates_for_mountain|multiple_mountains_for_candidate|missing_csv_coordinate,top_3_with_evidence,low_priority_alternative,"mountain=津田山(#187); candidate=summit-candidate:8178723bbadb1c72; track=""岩子山・垣生山・津田山・弁天山""; score=0.69; name_tier=strong; ele_diff=13.67m; loc=strong_overlap; act_conf=high"
188,弁天山,summit-candidate:8178723bbadb1c72,yamap_2023-01-06_11_33.gpx,岩子山・垣生山・津田山・弁天山,123.67,130,6.33,0.85,1,2,0.06,false,true,medium,high,high,resolve_conflict,location_strong_match,松山市,,same_municipality,松山市,multiple_candidates_for_mountain|multiple_mountains_for_candidate|missing_csv_coordinate,top_1_but_ambiguous,not_mutual_top1,"mountain=弁天山(#188); candidate=summit-candidate:8178723bbadb1c72; track=""岩子山・垣生山・津田山・弁天山""; score=0.75; name_tier=strong; ele_diff=6.33m; loc=strong_overlap; act_conf=high"
188,弁天山,summit-candidate:45f49d8fd831427c,yamap_2023-01-06_11_33.gpx,岩子山・垣生山・津田山・弁天山,110.77666666666669,130,19.22,0.79,2,4,0,false,false,medium,high,high,resolve_conflict,location_strong_match,松山市,,same_municipality,松山市,multiple_candidates_for_mountain|multiple_mountains_for_candidate|missing_csv_coordinate,top_candidate_for_multiple_mountains,shared_candidate,"mountain=弁天山(#188); candidate=summit-candidate:45f49d8fd831427c; track=""岩子山・垣生山・津田山・弁天山""; score=0.69; name_tier=strong; ele_diff=19.22m; loc=strong_overlap; act_conf=high"
188,弁天山,summit-candidate:49cfd09def5fce03,yamap_2023-01-06_11_33.gpx,岩子山・垣生山・津田山・弁天山,107.46,130,22.54,0.79,3,4,0.12,false,false,medium,medium,low,low_priority,location_strong_match,松山市,,same_municipality,松山市,multiple_candidates_for_mountain|multiple_mountains_for_candidate|missing_csv_coordinate,top_3_with_evidence,low_priority_alternative,"mountain=弁天山(#188); candidate=summit-candidate:49cfd09def5fce03; track=""岩子山・垣生山・津田山・弁天山""; score=0.69; name_tier=strong; ele_diff=22.54m; loc=strong_overlap; act_conf=high"
189,権現山,summit-candidate:32bb5e7e1071e808,yamap_2023-01-08_09_18.gpx,権現山,497.2277182534487,491,6.23,0.85,1,1,0.17,true,true,medium,medium,medium,accept_candidate_after_map_check,location_strong_match,愛南町,,same_municipality,愛南町,multiple_candidates_for_mountain|multiple_mountains_for_candidate|missing_csv_coordinate|activity_link_ambiguous,top_1_but_ambiguous|priority_reduced_strong_match_mutual_top1,clear_mutual_top1,"mountain=権現山(#189); candidate=summit-candidate:32bb5e7e1071e808; track=""権現山""; score=0.75; name_tier=strong; ele_diff=6.23m; loc=strong_overlap; act_conf=high"
189,権現山,summit-candidate:2c817617699a0a45,yamap_2022-02-06_08_26.gpx,谷上山・権現山・白滝山・障子山,485.20803085647475,491,5.79,0.68,2,3,0.01,false,true,medium,medium,low,low_priority,location_uncertain_keep,愛南町,,candidate_boundary_ambiguous,,multiple_candidates_for_mountain|multiple_mountains_for_candidate|missing_csv_coordinate|location_mismatch_warning,top_3_with_evidence,low_priority_alternative,"mountain=権現山(#189); candidate=summit-candidate:2c817617699a0a45; track=""谷上山・権現山・白滝山・障子山""; score=0.68; name_tier=strong; ele_diff=5.79m; loc=mismatch_warning; act_conf=high"
189,権現山,summit-candidate:047b9599ec28c6ad,yamap_2023-01-08_09_18.gpx,権現山,368.9381628408408,491,122.06,0.67,3,3,0.04,false,true,medium,medium,low,low_priority,location_strong_match,愛南町,,same_municipality,愛南町,multiple_candidates_for_mountain|multiple_mountains_for_candidate|weak_elevation_evidence|missing_csv_coordinate|activity_link_ambiguous,top_3_with_evidence,low_priority_alternative,"mountain=権現山(#189); candidate=summit-candidate:047b9599ec28c6ad; track=""権現山""; score=0.57; name_tier=strong; ele_diff=122.06m; loc=strong_overlap; act_conf=high"
190,黒瀬山（黒瀬城址）,summit-candidate:8a7a47d167c1aba6,yamap_2023-01-08_14_24.gpx,黒瀬山(黒瀬城址)・岡山(岡山城址)・鉢ヶ森(鉢ヶ森城址)・護摩ヶ森(護摩ヶ森城址)・我合山(...,349.4466666666667,341,8.45,0.85,1,1,0.12,true,true,medium,medium,high,resolve_conflict,location_strong_match,西予市,,same_municipality,西予市,multiple_candidates_for_mountain|multiple_mountains_for_candidate|missing_csv_coordinate|activity_link_ambiguous,top_1_but_ambiguous|top_candidate_for_multiple_mountains|priority_reduced_strong_match_mutual_top1,shared_candidate,"mountain=黒瀬山（黒瀬城址）(#190); candidate=summit-candidate:8a7a47d167c1aba6; track=""黒瀬山(黒瀬城址)・岡山(岡山城址)・鉢ヶ森(鉢ヶ森城址)・護摩ヶ森(護摩ヶ森城址)・我合山(...""; score=0.75; name_tier=strong; ele_diff=8.45m; loc=strong_overlap; act_conf=high"
190,黒瀬山（黒瀬城址）,summit-candidate:a5f51c62e44d0847,yamap_2023-01-08_14_24.gpx,黒瀬山(黒瀬城址)・岡山(岡山城址)・鉢ヶ森(鉢ヶ森城址)・護摩ヶ森(護摩ヶ森城址)・我合山(...,379.3966666666667,341,38.4,0.73,2,2,0.06,false,true,medium,medium,low,low_priority,location_strong_match,西予市,,same_municipality,西予市,multiple_candidates_for_mountain|multiple_mountains_for_candidate|missing_csv_coordinate|activity_link_ambiguous,top_3_with_evidence,low_priority_alternative,"mountain=黒瀬山（黒瀬城址）(#190); candidate=summit-candidate:a5f51c62e44d0847; track=""黒瀬山(黒瀬城址)・岡山(岡山城址)・鉢ヶ森(鉢ヶ森城址)・護摩ヶ森(護摩ヶ森城址)・我合山(...""; score=0.63; name_tier=strong; ele_diff=38.4m; loc=strong_overlap; act_conf=high"
190,黒瀬山（黒瀬城址）,summit-candidate:a660f8ef78c69ab0,yamap_2023-01-08_14_24.gpx,黒瀬山(黒瀬城址)・岡山(岡山城址)・鉢ヶ森(鉢ヶ森城址)・護摩ヶ森(護摩ヶ森城址)・我合山(...,432.21000000000004,341,91.21,0.67,3,2,0.05,false,true,medium,medium,low,low_priority,location_strong_match,西予市,,same_municipality,西予市,multiple_candidates_for_mountain|multiple_mountains_for_candidate|weak_elevation_evidence|missing_csv_coordinate|activity_link_ambiguous,top_3_with_evidence,low_priority_alternative,"mountain=黒瀬山（黒瀬城址）(#190); candidate=summit-candidate:a660f8ef78c69ab0; track=""黒瀬山(黒瀬城址)・岡山(岡山城址)・鉢ヶ森(鉢ヶ森城址)・護摩ヶ森(護摩ヶ森城址)・我合山(...""; score=0.57; name_tier=strong; ele_diff=91.21m; loc=strong_overlap; act_conf=high"
191,岡山（岡城址）,summit-candidate:8a7a47d167c1aba6,yamap_2023-01-08_14_24.gpx,黒瀬山(黒瀬城址)・岡山(岡山城址)・鉢ヶ森(鉢ヶ森城址)・護摩ヶ森(護摩ヶ森城址)・我合山(...,349.4466666666667,360,10.55,0.615,1,5,0,false,false,low,high,high,resolve_conflict,location_strong_match,西予市,,same_municipality,西予市,multiple_candidates_for_mountain|multiple_mountains_for_candidate|weak_name_evidence|missing_csv_coordinate|activity_link_ambiguous,top_1_but_ambiguous|top_candidate_for_multiple_mountains,shared_candidate|not_mutual_top1,"mountain=岡山（岡城址）(#191); candidate=summit-candidate:8a7a47d167c1aba6; track=""黒瀬山(黒瀬城址)・岡山(岡山城址)・鉢ヶ森(鉢ヶ森城址)・護摩ヶ森(護摩ヶ森城址)・我合山(...""; score=0.515; name_tier=weak; ele_diff=10.55m; loc=strong_overlap; act_conf=high"
191,岡山（岡城址）,summit-candidate:a5f51c62e44d0847,yamap_2023-01-08_14_24.gpx,黒瀬山(黒瀬城址)・岡山(岡山城址)・鉢ヶ森(鉢ヶ森城址)・護摩ヶ森(護摩ヶ森城址)・我合山(...,379.3966666666667,360,19.4,0.615,2,4,0.11,false,false,low,medium,high,check_close_alternatives,location_strong_match,西予市,,same_municipality,西予市,multiple_candidates_for_mountain|multiple_mountains_for_candidate|weak_name_evidence|missing_csv_coordinate|activity_link_ambiguous,top_3_with_evidence,small_score_gap,"mountain=岡山（岡城址）(#191); candidate=summit-candidate:a5f51c62e44d0847; track=""黒瀬山(黒瀬城址)・岡山(岡山城址)・鉢ヶ森(鉢ヶ森城址)・護摩ヶ森(護摩ヶ森城址)・我合山(...""; score=0.515; name_tier=weak; ele_diff=19.4m; loc=strong_overlap; act_conf=high"
191,岡山（岡城址）,summit-candidate:047b9599ec28c6ad,yamap_2023-01-08_09_18.gpx,権現山,368.9381628408408,360,8.94,0.505,3,8,0.01,false,false,low,medium,low,low_priority,location_uncertain_keep,西予市,,non_adjacent_municipality,愛南町,multiple_candidates_for_mountain|multiple_mountains_for_candidate|weak_name_evidence|missing_csv_coordinate|location_mismatch_warning|activity_link_ambiguous,top_3_with_evidence,low_priority_alternative,"mountain=岡山（岡城址）(#191); candidate=summit-candidate:047b9599ec28c6ad; track=""権現山""; score=0.505; name_tier=weak; ele_diff=8.94m; loc=mismatch_warning; act_conf=high"
192,鉢ヶ森（鉢ヶ森城址）,summit-candidate:a660f8ef78c69ab0,yamap_2023-01-08_14_24.gpx,黒瀬山(黒瀬城址)・岡山(岡山城址)・鉢ヶ森(鉢ヶ森城址)・護摩ヶ森(護摩ヶ森城址)・我合山(...,432.21000000000004,434,1.79,0.85,1,1,0.18,true,true,medium,medium,medium,accept_candidate_after_map_check,location_strong_match,西予市,,same_municipality,西予市,multiple_candidates_for_mountain|multiple_mountains_for_candidate|missing_csv_coordinate|activity_link_ambiguous,top_1_but_ambiguous|priority_reduced_strong_match_mutual_top1,clear_mutual_top1,"mountain=鉢ヶ森（鉢ヶ森城址）(#192); candidate=summit-candidate:a660f8ef78c69ab0; track=""黒瀬山(黒瀬城址)・岡山(岡山城址)・鉢ヶ森(鉢ヶ森城址)・護摩ヶ森(護摩ヶ森城址)・我合山(...""; score=0.75; name_tier=strong; ele_diff=1.79m; loc=strong_overlap; act_conf=high"
192,鉢ヶ森（鉢ヶ森城址）,summit-candidate:8a7a47d167c1aba6,yamap_2023-01-08_14_24.gpx,黒瀬山(黒瀬城址)・岡山(岡山城址)・鉢ヶ森(鉢ヶ森城址)・護摩ヶ森(護摩ヶ森城址)・我合山(...,349.4466666666667,434,84.55,0.67,2,4,0,false,false,medium,high,high,resolve_conflict,location_strong_match,西予市,,same_municipality,西予市,multiple_candidates_for_mountain|multiple_mountains_for_candidate|weak_elevation_evidence|missing_csv_coordinate|activity_link_ambiguous,top_candidate_for_multiple_mountains,shared_candidate,"mountain=鉢ヶ森（鉢ヶ森城址）(#192); candidate=summit-candidate:8a7a47d167c1aba6; track=""黒瀬山(黒瀬城址)・岡山(岡山城址)・鉢ヶ森(鉢ヶ森城址)・護摩ヶ森(護摩ヶ森城址)・我合山(...""; score=0.57; name_tier=strong; ele_diff=84.55m; loc=strong_overlap; act_conf=high"
192,鉢ヶ森（鉢ヶ森城址）,summit-candidate:a5f51c62e44d0847,yamap_2023-01-08_14_24.gpx,黒瀬山(黒瀬城址)・岡山(岡山城址)・鉢ヶ森(鉢ヶ森城址)・護摩ヶ森(護摩ヶ森城址)・我合山(...,379.3966666666667,434,54.6,0.67,3,3,0.17,false,true,medium,medium,low,low_priority,location_strong_match,西予市,,same_municipality,西予市,multiple_candidates_for_mountain|multiple_mountains_for_candidate|weak_elevation_evidence|missing_csv_coordinate|activity_link_ambiguous,top_3_with_evidence,low_priority_alternative,"mountain=鉢ヶ森（鉢ヶ森城址）(#192); candidate=summit-candidate:a5f51c62e44d0847; track=""黒瀬山(黒瀬城址)・岡山(岡山城址)・鉢ヶ森(鉢ヶ森城址)・護摩ヶ森(護摩ヶ森城址)・我合山(...""; score=0.57; name_tier=strong; ele_diff=54.6m; loc=strong_overlap; act_conf=high"
193,護摩ヶ森（護摩ヶ森城址）,summit-candidate:a5f51c62e44d0847,yamap_2023-01-08_14_24.gpx,黒瀬山(黒瀬城址)・岡山(岡山城址)・鉢ヶ森(鉢ヶ森城址)・護摩ヶ森(護摩ヶ森城址)・我合山(...,379.3966666666667,380,0.6,0.85,1,1,0.12,true,true,medium,medium,medium,accept_candidate_after_map_check,location_strong_match,西予市,,same_municipality,西予市,multiple_candidates_for_mountain|multiple_mountains_for_candidate|missing_csv_coordinate|activity_link_ambiguous,top_1_but_ambiguous|priority_reduced_strong_match_mutual_top1,clear_mutual_top1,"mountain=護摩ヶ森（護摩ヶ森城址）(#193); candidate=summit-candidate:a5f51c62e44d0847; track=""黒瀬山(黒瀬城址)・岡山(岡山城址)・鉢ヶ森(鉢ヶ森城址)・護摩ヶ森(護摩ヶ森城址)・我合山(...""; score=0.75; name_tier=strong; ele_diff=0.6m; loc=strong_overlap; act_conf=high"
193,護摩ヶ森（護摩ヶ森城址）,summit-candidate:8a7a47d167c1aba6,yamap_2023-01-08_14_24.gpx,黒瀬山(黒瀬城址)・岡山(岡山城址)・鉢ヶ森(鉢ヶ森城址)・護摩ヶ森(護摩ヶ森城址)・我合山(...,349.4466666666667,380,30.55,0.73,2,2,0.06,false,true,medium,high,high,resolve_conflict,location_strong_match,西予市,,same_municipality,西予市,multiple_candidates_for_mountain|multiple_mountains_for_candidate|missing_csv_coordinate|activity_link_ambiguous,top_candidate_for_multiple_mountains,shared_candidate,"mountain=護摩ヶ森（護摩ヶ森城址）(#193); candidate=summit-candidate:8a7a47d167c1aba6; track=""黒瀬山(黒瀬城址)・岡山(岡山城址)・鉢ヶ森(鉢ヶ森城址)・護摩ヶ森(護摩ヶ森城址)・我合山(...""; score=0.63; name_tier=strong; ele_diff=30.55m; loc=strong_overlap; act_conf=high"
193,護摩ヶ森（護摩ヶ森城址）,summit-candidate:a660f8ef78c69ab0,yamap_2023-01-08_14_24.gpx,黒瀬山(黒瀬城址)・岡山(岡山城址)・鉢ヶ森(鉢ヶ森城址)・護摩ヶ森(護摩ヶ森城址)・我合山(...,432.21000000000004,380,52.21,0.67,3,3,0.05,false,true,medium,medium,low,low_priority,location_strong_match,西予市,,same_municipality,西予市,multiple_candidates_for_mountain|multiple_mountains_for_candidate|weak_elevation_evidence|missing_csv_coordinate|activity_link_ambiguous,top_3_with_evidence,low_priority_alternative,"mountain=護摩ヶ森（護摩ヶ森城址）(#193); candidate=summit-candidate:a660f8ef78c69ab0; track=""黒瀬山(黒瀬城址)・岡山(岡山城址)・鉢ヶ森(鉢ヶ森城址)・護摩ヶ森(護摩ヶ森城址)・我合山(...""; score=0.57; name_tier=strong; ele_diff=52.21m; loc=strong_overlap; act_conf=high"
194,我合山（我合城址）,summit-candidate:8a7a47d167c1aba6,yamap_2023-01-08_14_24.gpx,黒瀬山(黒瀬城址)・岡山(岡山城址)・鉢ヶ森(鉢ヶ森城址)・護摩ヶ森(護摩ヶ森城址)・我合山(...,349.4466666666667,350,0.55,0.675,1,3,0.06,false,true,low,high,high,resolve_conflict,location_strong_match,西予市,,same_municipality,西予市,multiple_candidates_for_mountain|multiple_mountains_for_candidate|weak_name_evidence|missing_csv_coordinate|activity_link_ambiguous,top_1_but_ambiguous|top_candidate_for_multiple_mountains,shared_candidate|not_mutual_top1,"mountain=我合山（我合城址）(#194); candidate=summit-candidate:8a7a47d167c1aba6; track=""黒瀬山(黒瀬城址)・岡山(岡山城址)・鉢ヶ森(鉢ヶ森城址)・護摩ヶ森(護摩ヶ森城址)・我合山(...""; score=0.575; name_tier=weak; ele_diff=0.55m; loc=strong_overlap; act_conf=high"
194,我合山（我合城址）,summit-candidate:a5f51c62e44d0847,yamap_2023-01-08_14_24.gpx,黒瀬山(黒瀬城址)・岡山(岡山城址)・鉢ヶ森(鉢ヶ森城址)・護摩ヶ森(護摩ヶ森城址)・我合山(...,379.3966666666667,350,29.4,0.615,2,5,0.12,false,false,low,medium,low,low_priority,location_strong_match,西予市,,same_municipality,西予市,multiple_candidates_for_mountain|multiple_mountains_for_candidate|weak_name_evidence|missing_csv_coordinate|activity_link_ambiguous,top_3_with_evidence,low_priority_alternative,"mountain=我合山（我合城址）(#194); candidate=summit-candidate:a5f51c62e44d0847; track=""黒瀬山(黒瀬城址)・岡山(岡山城址)・鉢ヶ森(鉢ヶ森城址)・護摩ヶ森(護摩ヶ森城址)・我合山(...""; score=0.515; name_tier=weak; ele_diff=29.4m; loc=strong_overlap; act_conf=high"
194,我合山（我合城址）,summit-candidate:a660f8ef78c69ab0,yamap_2023-01-08_14_24.gpx,黒瀬山(黒瀬城址)・岡山(岡山城址)・鉢ヶ森(鉢ヶ森城址)・護摩ヶ森(護摩ヶ森城址)・我合山(...,432.21000000000004,350,82.21,0.495,3,6,0.05,false,false,low,medium,low,low_priority,location_strong_match,西予市,,same_municipality,西予市,multiple_candidates_for_mountain|multiple_mountains_for_candidate|weak_name_evidence|weak_elevation_evidence|missing_csv_coordinate|activity_link_ambiguous,top_3_with_evidence,low_priority_alternative,"mountain=我合山（我合城址）(#194); candidate=summit-candidate:a660f8ef78c69ab0; track=""黒瀬山(黒瀬城址)・岡山(岡山城址)・鉢ヶ森(鉢ヶ森城址)・護摩ヶ森(護摩ヶ森城址)・我合山(...""; score=0.395; name_tier=weak; ele_diff=82.21m; loc=strong_overlap; act_conf=high"
195,由良山,summit-candidate:8f19c4c16e72e270,yamap_2023-01-10_10_30.gpx,由良山,243.4,249,5.6,0.75,1,1,0.25,true,true,medium,high,medium,accept_candidate_after_map_check,location_uncertain_keep,宇和島市,,candidate_boundary_ambiguous,,multiple_candidates_for_mountain|multiple_mountains_for_candidate|missing_csv_coordinate,top_1_but_ambiguous,clear_mutual_top1,"mountain=由良山(#195); candidate=summit-candidate:8f19c4c16e72e270; track=""由良山""; score=0.75; name_tier=strong; ele_diff=5.6m; loc=strong_overlap; act_conf=high"
195,由良山,summit-candidate:51a919059b1a6dbb,yamap_2023-01-10_10_30.gpx,由良山,194.63,249,54.37,0.5,2,1,0.17,false,true,low,medium,low,low_priority,location_uncertain_keep,宇和島市,,candidate_boundary_ambiguous,,multiple_candidates_for_mountain|multiple_mountains_for_candidate|weak_elevation_evidence|missing_csv_coordinate|location_mismatch_warning,top_3_with_evidence,low_priority_alternative,"mountain=由良山(#195); candidate=summit-candidate:51a919059b1a6dbb; track=""由良山""; score=0.5; name_tier=strong; ele_diff=54.37m; loc=mismatch_warning; act_conf=high"
195,由良山,summit-candidate:4973965873779cdc,yamap_2024-12-22_06_34.gpx,八倉山・行道山・水晶ヶ森,251.46333333333337,249,2.46,0.33,3,9,0,false,false,low,medium,low,low_priority,location_uncertain_keep,宇和島市,,non_adjacent_municipality,伊予市,multiple_candidates_for_mountain|multiple_mountains_for_candidate|weak_name_evidence|missing_csv_coordinate|location_mismatch_warning|activity_link_ambiguous,top_3_with_evidence,low_priority_alternative,"mountain=由良山(#195); candidate=summit-candidate:4973965873779cdc; track=""八倉山・行道山・水晶ヶ森""; score=0.33; name_tier=none; ele_diff=2.46m; loc=mismatch_warning; act_conf=high"
196,大森山,summit-candidate:47129c06b82cf694,yamap_2023-01-21_12_43.gpx,石神山・金比羅山,295.1133333333334,291,4.11,0.85,1,1,0,true,true,medium,medium,high,resolve_conflict,location_strong_match,伊方町,,same_municipality,伊方町,multiple_candidates_for_mountain|multiple_mountains_for_candidate|missing_csv_coordinate|activity_link_ambiguous,top_1_but_ambiguous|top_candidate_for_multiple_mountains|priority_reduced_strong_match_mutual_top1,shared_candidate,"mountain=大森山(#196); candidate=summit-candidate:47129c06b82cf694; track=""石神山・金比羅山""; score=0.75; name_tier=strong; ele_diff=4.11m; loc=strong_overlap; act_conf=high"
196,大森山,summit-candidate:830c63408bf56cc5,yamap_2023-01-21_09_56.gpx,大森山,289.2,291,1.8,0.85,2,1,0.18,false,true,medium,medium,high,check_close_alternatives,location_strong_match,伊方町,,same_municipality,伊方町,multiple_candidates_for_mountain|multiple_mountains_for_candidate|missing_csv_coordinate|activity_link_ambiguous,top_3_with_evidence,small_score_gap,"mountain=大森山(#196); candidate=summit-candidate:830c63408bf56cc5; track=""大森山""; score=0.75; name_tier=strong; ele_diff=1.8m; loc=strong_overlap; act_conf=high"
196,大森山,summit-candidate:c6ced2088a2376f5,yamap_2023-01-21_12_43.gpx,石神山・金比羅山,225.95666666666668,291,65.04,0.67,3,2,0.17,false,true,medium,medium,low,low_priority,location_strong_match,伊方町,,same_municipality,伊方町,multiple_candidates_for_mountain|multiple_mountains_for_candidate|weak_elevation_evidence|missing_csv_coordinate|activity_link_ambiguous,top_3_with_evidence,low_priority_alternative,"mountain=大森山(#196); candidate=summit-candidate:c6ced2088a2376f5; track=""石神山・金比羅山""; score=0.57; name_tier=strong; ele_diff=65.04m; loc=strong_overlap; act_conf=high"
197,見晴山,summit-candidate:47129c06b82cf694,yamap_2023-01-21_12_43.gpx,石神山・金比羅山,295.1133333333334,395,99.89,0.67,1,3,0,false,true,medium,high,high,resolve_conflict,location_strong_match,伊方町,,same_municipality,伊方町,multiple_candidates_for_mountain|multiple_mountains_for_candidate|weak_elevation_evidence|missing_csv_coordinate|activity_link_ambiguous,top_1_but_ambiguous|top_candidate_for_multiple_mountains,shared_candidate|not_mutual_top1,"mountain=見晴山(#197); candidate=summit-candidate:47129c06b82cf694; track=""石神山・金比羅山""; score=0.57; name_tier=strong; ele_diff=99.89m; loc=strong_overlap; act_conf=high"
197,見晴山,summit-candidate:830c63408bf56cc5,yamap_2023-01-21_09_56.gpx,大森山,289.2,395,105.8,0.67,2,3,0,false,true,medium,medium,high,check_close_alternatives,location_strong_match,伊方町,,same_municipality,伊方町,multiple_candidates_for_mountain|multiple_mountains_for_candidate|weak_elevation_evidence|missing_csv_coordinate|activity_link_ambiguous,top_3_with_evidence,small_score_gap,"mountain=見晴山(#197); candidate=summit-candidate:830c63408bf56cc5; track=""大森山""; score=0.57; name_tier=strong; ele_diff=105.8m; loc=strong_overlap; act_conf=high"
197,見晴山,summit-candidate:c6ced2088a2376f5,yamap_2023-01-21_12_43.gpx,石神山・金比羅山,225.95666666666668,395,169.04,0.67,3,3,0.23,false,true,medium,medium,high,check_close_alternatives,location_strong_match,伊方町,,same_municipality,伊方町,multiple_candidates_for_mountain|multiple_mountains_for_candidate|weak_elevation_evidence|missing_csv_coordinate|activity_link_ambiguous,top_3_with_evidence,small_score_gap,"mountain=見晴山(#197); candidate=summit-candidate:c6ced2088a2376f5; track=""石神山・金比羅山""; score=0.57; name_tier=strong; ele_diff=169.04m; loc=strong_overlap; act_conf=high"
198,権現山,summit-candidate:047b9599ec28c6ad,yamap_2023-01-08_09_18.gpx,権現山,368.9381628408408,375,6.06,0.68,1,1,0,true,true,medium,high,medium,accept_candidate_after_map_check,location_uncertain_keep,伊方町,,non_adjacent_municipality,愛南町,multiple_candidates_for_mountain|multiple_mountains_for_candidate|missing_csv_coordinate|location_mismatch_warning|activity_link_ambiguous,top_1_but_ambiguous,clear_mutual_top1,"mountain=権現山(#198); candidate=summit-candidate:047b9599ec28c6ad; track=""権現山""; score=0.68; name_tier=strong; ele_diff=6.06m; loc=mismatch_warning; act_conf=high"
198,権現山,summit-candidate:c94d8d76133fda1a,yamap_2022-02-06_08_26.gpx,谷上山・権現山・白滝山・障子山,383.6048516063258,375,8.6,0.68,2,1,0.01,false,true,medium,medium,high,check_close_alternatives,location_uncertain_keep,伊方町,,candidate_boundary_ambiguous,,multiple_candidates_for_mountain|multiple_mountains_for_candidate|missing_csv_coordinate|location_mismatch_warning,top_3_with_evidence,small_score_gap,"mountain=権現山(#198); candidate=summit-candidate:c94d8d76133fda1a; track=""谷上山・権現山・白滝山・障子山""; score=0.68; name_tier=strong; ele_diff=8.6m; loc=mismatch_warning; act_conf=high"
198,権現山,summit-candidate:47129c06b82cf694,yamap_2023-01-21_12_43.gpx,石神山・金比羅山,295.1133333333334,375,79.89,0.67,3,4,0,false,false,medium,high,high,resolve_conflict,location_strong_match,伊方町,,same_municipality,伊方町,multiple_candidates_for_mountain|multiple_mountains_for_candidate|weak_elevation_evidence|missing_csv_coordinate|activity_link_ambiguous,top_candidate_for_multiple_mountains,shared_candidate,"mountain=権現山(#198); candidate=summit-candidate:47129c06b82cf694; track=""石神山・金比羅山""; score=0.57; name_tier=strong; ele_diff=79.89m; loc=strong_overlap; act_conf=high"
199,遠見山,summit-candidate:47129c06b82cf694,yamap_2023-01-21_12_43.gpx,石神山・金比羅山,295.1133333333334,130,165.11,0.67,1,5,0,false,false,medium,high,high,resolve_conflict,location_strong_match,伊方町,,same_municipality,伊方町,multiple_candidates_for_mountain|multiple_mountains_for_candidate|weak_elevation_evidence|missing_csv_coordinate|activity_link_ambiguous,top_1_but_ambiguous|top_candidate_for_multiple_mountains,shared_candidate|not_mutual_top1,"mountain=遠見山(#199); candidate=summit-candidate:47129c06b82cf694; track=""石神山・金比羅山""; score=0.57; name_tier=strong; ele_diff=165.11m; loc=strong_overlap; act_conf=high"
199,遠見山,summit-candidate:830c63408bf56cc5,yamap_2023-01-21_09_56.gpx,大森山,289.2,130,159.2,0.67,2,5,0,false,false,medium,medium,high,check_close_alternatives,location_strong_match,伊方町,,same_municipality,伊方町,multiple_candidates_for_mountain|multiple_mountains_for_candidate|weak_elevation_evidence|missing_csv_coordinate|activity_link_ambiguous,top_3_with_evidence,small_score_gap,"mountain=遠見山(#199); candidate=summit-candidate:830c63408bf56cc5; track=""大森山""; score=0.57; name_tier=strong; ele_diff=159.2m; loc=strong_overlap; act_conf=high"
199,遠見山,summit-candidate:c6ced2088a2376f5,yamap_2023-01-21_12_43.gpx,石神山・金比羅山,225.95666666666668,130,95.96,0.67,3,5,0.17,false,false,medium,medium,high,check_close_alternatives,location_strong_match,伊方町,,same_municipality,伊方町,multiple_candidates_for_mountain|multiple_mountains_for_candidate|weak_elevation_evidence|missing_csv_coordinate|activity_link_ambiguous,top_3_with_evidence,small_score_gap,"mountain=遠見山(#199); candidate=summit-candidate:c6ced2088a2376f5; track=""石神山・金比羅山""; score=0.57; name_tier=strong; ele_diff=95.96m; loc=strong_overlap; act_conf=high"
200,石神山,summit-candidate:47129c06b82cf694,yamap_2023-01-21_12_43.gpx,石神山・金比羅山,295.1133333333334,303,7.89,0.85,1,2,0.06,false,true,medium,high,high,resolve_conflict,location_strong_match,伊方町,,same_municipality,伊方町,multiple_candidates_for_mountain|multiple_mountains_for_candidate|missing_csv_coordinate|activity_link_ambiguous,top_1_but_ambiguous|top_candidate_for_multiple_mountains,shared_candidate|not_mutual_top1,"mountain=石神山(#200); candidate=summit-candidate:47129c06b82cf694; track=""石神山・金比羅山""; score=0.75; name_tier=strong; ele_diff=7.89m; loc=strong_overlap; act_conf=high"
200,石神山,summit-candidate:830c63408bf56cc5,yamap_2023-01-21_09_56.gpx,大森山,289.2,303,13.8,0.79,2,2,0.12,false,true,medium,medium,low,low_priority,location_strong_match,伊方町,,same_municipality,伊方町,multiple_candidates_for_mountain|multiple_mountains_for_candidate|missing_csv_coordinate|activity_link_ambiguous,top_3_with_evidence,low_priority_alternative,"mountain=石神山(#200); candidate=summit-candidate:830c63408bf56cc5; track=""大森山""; score=0.69; name_tier=strong; ele_diff=13.8m; loc=strong_overlap; act_conf=high"
200,石神山,summit-candidate:c6ced2088a2376f5,yamap_2023-01-21_12_43.gpx,石神山・金比羅山,225.95666666666668,303,77.04,0.67,3,6,0.34,false,false,medium,medium,low,low_priority,location_strong_match,伊方町,,same_municipality,伊方町,multiple_candidates_for_mountain|multiple_mountains_for_candidate|weak_elevation_evidence|missing_csv_coordinate|activity_link_ambiguous,top_3_with_evidence,low_priority_alternative,"mountain=石神山(#200); candidate=summit-candidate:c6ced2088a2376f5; track=""石神山・金比羅山""; score=0.57; name_tier=strong; ele_diff=77.04m; loc=strong_overlap; act_conf=high"
201,金比羅山,summit-candidate:c6ced2088a2376f5,yamap_2023-01-21_12_43.gpx,石神山・金比羅山,225.95666666666668,203,22.96,0.79,1,1,0.12,true,true,medium,medium,medium,accept_candidate_after_map_check,location_strong_match,伊方町,,same_municipality,伊方町,multiple_candidates_for_mountain|multiple_mountains_for_candidate|missing_csv_coordinate|activity_link_ambiguous,top_1_but_ambiguous|priority_reduced_strong_match_mutual_top1,clear_mutual_top1,"mountain=金比羅山(#201); candidate=summit-candidate:c6ced2088a2376f5; track=""石神山・金比羅山""; score=0.69; name_tier=strong; ele_diff=22.96m; loc=strong_overlap; act_conf=high"
201,金比羅山,summit-candidate:47129c06b82cf694,yamap_2023-01-21_12_43.gpx,石神山・金比羅山,295.1133333333334,203,92.11,0.67,2,6,0,false,false,medium,high,high,resolve_conflict,location_strong_match,伊方町,,same_municipality,伊方町,multiple_candidates_for_mountain|multiple_mountains_for_candidate|weak_elevation_evidence|missing_csv_coordinate|activity_link_ambiguous,top_candidate_for_multiple_mountains,shared_candidate,"mountain=金比羅山(#201); candidate=summit-candidate:47129c06b82cf694; track=""石神山・金比羅山""; score=0.57; name_tier=strong; ele_diff=92.11m; loc=strong_overlap; act_conf=high"
201,金比羅山,summit-candidate:830c63408bf56cc5,yamap_2023-01-21_09_56.gpx,大森山,289.2,203,86.2,0.67,3,6,0.34,false,false,medium,medium,low,low_priority,location_strong_match,伊方町,,same_municipality,伊方町,multiple_candidates_for_mountain|multiple_mountains_for_candidate|weak_elevation_evidence|missing_csv_coordinate|activity_link_ambiguous,top_3_with_evidence,low_priority_alternative,"mountain=金比羅山(#201); candidate=summit-candidate:830c63408bf56cc5; track=""大森山""; score=0.57; name_tier=strong; ele_diff=86.2m; loc=strong_overlap; act_conf=high"
202,鳥越山,summit-candidate:5b7c833ac0535534,yamap_2023-01-28_11_53.gpx,鳥越山,99.92333333333335,100,0.08,0.85,1,1,0.12,true,true,medium,medium,high,resolve_conflict,location_strong_match,松山市,,same_municipality,松山市,multiple_candidates_for_mountain|multiple_mountains_for_candidate|missing_csv_coordinate|activity_link_ambiguous,top_1_but_ambiguous|top_candidate_for_multiple_mountains|priority_reduced_strong_match_mutual_top1,shared_candidate,"mountain=鳥越山(#202); candidate=summit-candidate:5b7c833ac0535534; track=""鳥越山""; score=0.75; name_tier=strong; ele_diff=0.08m; loc=strong_overlap; act_conf=high"
202,鳥越山,summit-candidate:ab7edbc3a52d24bf,yamap_2023-01-28_12_19.gpx,谷田山・金毘羅山,58.70666666666667,100,41.29,0.73,2,4,0,false,false,medium,medium,low,low_priority,location_strong_match,松山市,,same_municipality,松山市,multiple_candidates_for_mountain|multiple_mountains_for_candidate|missing_csv_coordinate|activity_link_ambiguous,top_3_with_evidence,low_priority_alternative,"mountain=鳥越山(#202); candidate=summit-candidate:ab7edbc3a52d24bf; track=""谷田山・金毘羅山""; score=0.63; name_tier=strong; ele_diff=41.29m; loc=strong_overlap; act_conf=high"
202,鳥越山,summit-candidate:cf6802c2dafdbf46,yamap_2023-01-28_13_44.gpx,佐古田山,59.99333333333334,100,40.01,0.73,3,4,0.06,false,false,medium,medium,low,low_priority,location_strong_match,松山市,,same_municipality,松山市,multiple_candidates_for_mountain|multiple_mountains_for_candidate|missing_csv_coordinate|activity_link_ambiguous,top_3_with_evidence,low_priority_alternative,"mountain=鳥越山(#202); candidate=summit-candidate:cf6802c2dafdbf46; track=""佐古田山""; score=0.63; name_tier=strong; ele_diff=40.01m; loc=strong_overlap; act_conf=high"
203,谷田山,summit-candidate:5b7c833ac0535534,yamap_2023-01-28_11_53.gpx,鳥越山,99.92333333333335,78,21.92,0.79,1,2,0,false,true,medium,high,high,resolve_conflict,location_strong_match,松山市,,same_municipality,松山市,multiple_candidates_for_mountain|multiple_mountains_for_candidate|missing_csv_coordinate|activity_link_ambiguous,top_1_but_ambiguous|top_candidate_for_multiple_mountains,shared_candidate|not_mutual_top1,"mountain=谷田山(#203); candidate=summit-candidate:5b7c833ac0535534; track=""鳥越山""; score=0.69; name_tier=strong; ele_diff=21.92m; loc=strong_overlap; act_conf=high"
203,谷田山,summit-candidate:ab7edbc3a52d24bf,yamap_2023-01-28_12_19.gpx,谷田山・金毘羅山,58.70666666666667,78,19.29,0.79,2,1,0,false,true,medium,medium,high,check_close_alternatives,location_strong_match,松山市,,same_municipality,松山市,multiple_candidates_for_mountain|multiple_mountains_for_candidate|missing_csv_coordinate|activity_link_ambiguous,top_3_with_evidence,small_score_gap,"mountain=谷田山(#203); candidate=summit-candidate:ab7edbc3a52d24bf; track=""谷田山・金毘羅山""; score=0.69; name_tier=strong; ele_diff=19.29m; loc=strong_overlap; act_conf=high"
203,谷田山,summit-candidate:cf6802c2dafdbf46,yamap_2023-01-28_13_44.gpx,佐古田山,59.99333333333334,78,18.01,0.79,3,1,0.12,false,true,medium,medium,high,check_close_alternatives,location_strong_match,松山市,,same_municipality,松山市,multiple_candidates_for_mountain|multiple_mountains_for_candidate|missing_csv_coordinate|activity_link_ambiguous,top_3_with_evidence,small_score_gap,"mountain=谷田山(#203); candidate=summit-candidate:cf6802c2dafdbf46; track=""佐古田山""; score=0.69; name_tier=strong; ele_diff=18.01m; loc=strong_overlap; act_conf=high"
204,金毘羅山,summit-candidate:ab7edbc3a52d24bf,yamap_2023-01-28_12_19.gpx,谷田山・金毘羅山,58.70666666666667,41,17.71,0.79,1,2,0,false,true,medium,high,high,resolve_conflict,location_strong_match,松山市,,same_municipality,松山市,multiple_candidates_for_mountain|multiple_mountains_for_candidate|missing_csv_coordinate|activity_link_ambiguous,top_1_but_ambiguous,not_mutual_top1,"mountain=金毘羅山(#204); candidate=summit-candidate:ab7edbc3a52d24bf; track=""谷田山・金毘羅山""; score=0.69; name_tier=strong; ele_diff=17.71m; loc=strong_overlap; act_conf=high"
204,金毘羅山,summit-candidate:cf6802c2dafdbf46,yamap_2023-01-28_13_44.gpx,佐古田山,59.99333333333334,41,18.99,0.79,2,2,0.12,false,true,medium,medium,high,check_close_alternatives,location_strong_match,松山市,,same_municipality,松山市,multiple_candidates_for_mountain|multiple_mountains_for_candidate|missing_csv_coordinate|activity_link_ambiguous,top_3_with_evidence,small_score_gap,"mountain=金毘羅山(#204); candidate=summit-candidate:cf6802c2dafdbf46; track=""佐古田山""; score=0.69; name_tier=strong; ele_diff=18.99m; loc=strong_overlap; act_conf=high"
204,金毘羅山,summit-candidate:1432f597b5dca157,yamap_2023-01-28_14_27.gpx,古城山・尾崎山,253.17333333333332,41,212.17,0.67,3,5,0,false,false,medium,high,high,resolve_conflict,location_strong_match,松山市,,same_municipality,松山市,multiple_candidates_for_mountain|multiple_mountains_for_candidate|weak_elevation_evidence|missing_csv_coordinate|activity_link_ambiguous,top_candidate_for_multiple_mountains,shared_candidate,"mountain=金毘羅山(#204); candidate=summit-candidate:1432f597b5dca157; track=""古城山・尾崎山""; score=0.57; name_tier=strong; ele_diff=212.17m; loc=strong_overlap; act_conf=high"
205,佐古田山,summit-candidate:5b7c833ac0535534,yamap_2023-01-28_11_53.gpx,鳥越山,99.92333333333335,77,22.92,0.79,1,3,0,false,true,medium,high,high,resolve_conflict,location_strong_match,松山市,,same_municipality,松山市,multiple_candidates_for_mountain|multiple_mountains_for_candidate|missing_csv_coordinate|activity_link_ambiguous,top_1_but_ambiguous|top_candidate_for_multiple_mountains,shared_candidate|not_mutual_top1,"mountain=佐古田山(#205); candidate=summit-candidate:5b7c833ac0535534; track=""鳥越山""; score=0.69; name_tier=strong; ele_diff=22.92m; loc=strong_overlap; act_conf=high"
205,佐古田山,summit-candidate:ab7edbc3a52d24bf,yamap_2023-01-28_12_19.gpx,谷田山・金毘羅山,58.70666666666667,77,18.29,0.79,2,3,0,false,true,medium,medium,high,check_close_alternatives,location_strong_match,松山市,,same_municipality,松山市,multiple_candidates_for_mountain|multiple_mountains_for_candidate|missing_csv_coordinate|activity_link_ambiguous,top_3_with_evidence,small_score_gap,"mountain=佐古田山(#205); candidate=summit-candidate:ab7edbc3a52d24bf; track=""谷田山・金毘羅山""; score=0.69; name_tier=strong; ele_diff=18.29m; loc=strong_overlap; act_conf=high"
205,佐古田山,summit-candidate:cf6802c2dafdbf46,yamap_2023-01-28_13_44.gpx,佐古田山,59.99333333333334,77,17.01,0.79,3,3,0.12,false,true,medium,medium,high,check_close_alternatives,location_strong_match,松山市,,same_municipality,松山市,multiple_candidates_for_mountain|multiple_mountains_for_candidate|missing_csv_coordinate|activity_link_ambiguous,top_3_with_evidence,small_score_gap,"mountain=佐古田山(#205); candidate=summit-candidate:cf6802c2dafdbf46; track=""佐古田山""; score=0.69; name_tier=strong; ele_diff=17.01m; loc=strong_overlap; act_conf=high"
206,古城山,summit-candidate:1432f597b5dca157,yamap_2023-01-28_14_27.gpx,古城山・尾崎山,253.17333333333332,202,51.17,0.67,1,7,0,false,false,medium,high,high,resolve_conflict,location_strong_match,松山市,,same_municipality,松山市,multiple_candidates_for_mountain|multiple_mountains_for_candidate|weak_elevation_evidence|missing_csv_coordinate|activity_link_ambiguous,top_1_but_ambiguous|top_candidate_for_multiple_mountains,shared_candidate|not_mutual_top1,"mountain=古城山(#206); candidate=summit-candidate:1432f597b5dca157; track=""古城山・尾崎山""; score=0.57; name_tier=strong; ele_diff=51.17m; loc=strong_overlap; act_conf=high"
206,古城山,summit-candidate:5b7c833ac0535534,yamap_2023-01-28_11_53.gpx,鳥越山,99.92333333333335,202,102.08,0.67,2,5,0,false,false,medium,high,high,resolve_conflict,location_strong_match,松山市,,same_municipality,松山市,multiple_candidates_for_mountain|multiple_mountains_for_candidate|weak_elevation_evidence|missing_csv_coordinate|activity_link_ambiguous,top_candidate_for_multiple_mountains,shared_candidate,"mountain=古城山(#206); candidate=summit-candidate:5b7c833ac0535534; track=""鳥越山""; score=0.57; name_tier=strong; ele_diff=102.08m; loc=strong_overlap; act_conf=high"
206,古城山,summit-candidate:ab7edbc3a52d24bf,yamap_2023-01-28_12_19.gpx,谷田山・金毘羅山,58.70666666666667,202,143.29,0.67,3,5,0,false,false,medium,medium,high,check_close_alternatives,location_strong_match,松山市,,same_municipality,松山市,multiple_candidates_for_mountain|multiple_mountains_for_candidate|weak_elevation_evidence|missing_csv_coordinate|activity_link_ambiguous,top_3_with_evidence,small_score_gap,"mountain=古城山(#206); candidate=summit-candidate:ab7edbc3a52d24bf; track=""谷田山・金毘羅山""; score=0.57; name_tier=strong; ele_diff=143.29m; loc=strong_overlap; act_conf=high"
207,尾崎山,summit-candidate:1432f597b5dca157,yamap_2023-01-28_14_27.gpx,古城山・尾崎山,253.17333333333332,260,6.83,0.85,1,1,0.18,true,true,medium,medium,high,resolve_conflict,location_strong_match,松山市,,same_municipality,松山市,multiple_candidates_for_mountain|multiple_mountains_for_candidate|missing_csv_coordinate|activity_link_ambiguous,top_1_but_ambiguous|top_candidate_for_multiple_mountains|priority_reduced_strong_match_mutual_top1,shared_candidate,"mountain=尾崎山(#207); candidate=summit-candidate:1432f597b5dca157; track=""古城山・尾崎山""; score=0.75; name_tier=strong; ele_diff=6.83m; loc=strong_overlap; act_conf=high"
207,尾崎山,summit-candidate:5b7c833ac0535534,yamap_2023-01-28_11_53.gpx,鳥越山,99.92333333333335,260,160.08,0.67,2,6,0,false,false,medium,high,high,resolve_conflict,location_strong_match,松山市,,same_municipality,松山市,multiple_candidates_for_mountain|multiple_mountains_for_candidate|weak_elevation_evidence|missing_csv_coordinate|activity_link_ambiguous,top_candidate_for_multiple_mountains,shared_candidate,"mountain=尾崎山(#207); candidate=summit-candidate:5b7c833ac0535534; track=""鳥越山""; score=0.57; name_tier=strong; ele_diff=160.08m; loc=strong_overlap; act_conf=high"
207,尾崎山,summit-candidate:ab7edbc3a52d24bf,yamap_2023-01-28_12_19.gpx,谷田山・金毘羅山,58.70666666666667,260,201.29,0.67,3,6,0,false,false,medium,medium,low,low_priority,location_strong_match,松山市,,same_municipality,松山市,multiple_candidates_for_mountain|multiple_mountains_for_candidate|weak_elevation_evidence|missing_csv_coordinate|activity_link_ambiguous,top_3_with_evidence,low_priority_alternative,"mountain=尾崎山(#207); candidate=summit-candidate:ab7edbc3a52d24bf; track=""谷田山・金毘羅山""; score=0.57; name_tier=strong; ele_diff=201.29m; loc=strong_overlap; act_conf=high"
208,宝ヶ峯,summit-candidate:079ae30d76fb11c2,yamap_2022-03-13_09_49.gpx,倉谷山・芝ヶ峠・淡路ヶ峠・宝ヶ峯,280.85333333333335,284,3.15,0.85,1,2,0,false,true,medium,high,high,resolve_conflict,location_strong_match,松山市,,same_municipality,松山市,multiple_candidates_for_mountain|multiple_mountains_for_candidate|missing_csv_coordinate,top_1_but_ambiguous|top_candidate_for_multiple_mountains,shared_candidate|not_mutual_top1,"mountain=宝ヶ峯(#208); candidate=summit-candidate:079ae30d76fb11c2; track=""倉谷山・芝ヶ峠・淡路ヶ峠・宝ヶ峯""; score=0.75; name_tier=strong; ele_diff=3.15m; loc=strong_overlap; act_conf=high"
208,宝ヶ峯,summit-candidate:b9e78d4a587ceaa0,yamap_2022-03-13_09_49.gpx,倉谷山・芝ヶ峠・淡路ヶ峠・宝ヶ峯,278.7366666666667,284,5.26,0.85,2,2,0,false,true,medium,medium,high,check_close_alternatives,location_strong_match,松山市,,same_municipality,松山市,multiple_candidates_for_mountain|multiple_mountains_for_candidate|missing_csv_coordinate,top_3_with_evidence,small_score_gap,"mountain=宝ヶ峯(#208); candidate=summit-candidate:b9e78d4a587ceaa0; track=""倉谷山・芝ヶ峠・淡路ヶ峠・宝ヶ峯""; score=0.75; name_tier=strong; ele_diff=5.26m; loc=strong_overlap; act_conf=high"
208,宝ヶ峯,summit-candidate:d43fade4de3e33c8,yamap_2023-03-05_11_09.gpx,宝ヶ峯・淡路ヶ峠,278.9166666666667,284,5.08,0.85,3,1,0.18,false,true,medium,medium,high,check_close_alternatives,location_strong_match,松山市,,same_municipality,松山市,multiple_candidates_for_mountain|multiple_mountains_for_candidate|missing_csv_coordinate,top_3_with_evidence,small_score_gap,"mountain=宝ヶ峯(#208); candidate=summit-candidate:d43fade4de3e33c8; track=""宝ヶ峯・淡路ヶ峠""; score=0.75; name_tier=strong; ele_diff=5.08m; loc=strong_overlap; act_conf=high"
209,淡路ヶ峠,summit-candidate:079ae30d76fb11c2,yamap_2022-03-13_09_49.gpx,倉谷山・芝ヶ峠・淡路ヶ峠・宝ヶ峯,280.85333333333335,273,7.85,0.85,1,3,0,false,true,medium,high,high,resolve_conflict,location_strong_match,松山市,,same_municipality,松山市,multiple_candidates_for_mountain|multiple_mountains_for_candidate|missing_csv_coordinate,top_1_but_ambiguous|top_candidate_for_multiple_mountains,shared_candidate|not_mutual_top1,"mountain=淡路ヶ峠(#209); candidate=summit-candidate:079ae30d76fb11c2; track=""倉谷山・芝ヶ峠・淡路ヶ峠・宝ヶ峯""; score=0.75; name_tier=strong; ele_diff=7.85m; loc=strong_overlap; act_conf=high"
209,淡路ヶ峠,summit-candidate:b9e78d4a587ceaa0,yamap_2022-03-13_09_49.gpx,倉谷山・芝ヶ峠・淡路ヶ峠・宝ヶ峯,278.7366666666667,273,5.74,0.85,2,3,0,false,true,medium,medium,high,check_close_alternatives,location_strong_match,松山市,,same_municipality,松山市,multiple_candidates_for_mountain|multiple_mountains_for_candidate|missing_csv_coordinate,top_3_with_evidence,small_score_gap,"mountain=淡路ヶ峠(#209); candidate=summit-candidate:b9e78d4a587ceaa0; track=""倉谷山・芝ヶ峠・淡路ヶ峠・宝ヶ峯""; score=0.75; name_tier=strong; ele_diff=5.74m; loc=strong_overlap; act_conf=high"
209,淡路ヶ峠,summit-candidate:d43fade4de3e33c8,yamap_2023-03-05_11_09.gpx,宝ヶ峯・淡路ヶ峠,278.9166666666667,273,5.92,0.85,3,2,0.18,false,true,medium,medium,high,check_close_alternatives,location_strong_match,松山市,,same_municipality,松山市,multiple_candidates_for_mountain|multiple_mountains_for_candidate|missing_csv_coordinate,top_3_with_evidence,small_score_gap,"mountain=淡路ヶ峠(#209); candidate=summit-candidate:d43fade4de3e33c8; track=""宝ヶ峯・淡路ヶ峠""; score=0.75; name_tier=strong; ele_diff=5.92m; loc=strong_overlap; act_conf=high"
210,福見山,summit-candidate:446b5fe1e7a8b2fd,yamap_2023-03-11_06_08.gpx,福見山・明神ヶ森・南三方ヶ森・魚谷森・左谷ノ森,1048.2366666666665,1051,2.76,0.68,1,1,0,true,true,medium,high,medium,accept_candidate_after_map_check,location_uncertain_keep,松山市,,candidate_boundary_ambiguous,,multiple_candidates_for_mountain|multiple_mountains_for_candidate|missing_csv_coordinate|location_mismatch_warning,top_1_but_ambiguous,clear_mutual_top1,"mountain=福見山(#210); candidate=summit-candidate:446b5fe1e7a8b2fd; track=""福見山・明神ヶ森・南三方ヶ森・魚谷森・左谷ノ森""; score=0.68; name_tier=strong; ele_diff=2.76m; loc=mismatch_warning; act_conf=high"
210,福見山,summit-candidate:90f628409cfebc32,yamap_2023-01-03_07_36.gpx,福見山・河原樋山・真松嶺・柿王寺森,1046.8,1051,4.2,0.68,2,1,0.01,false,true,medium,medium,high,check_close_alternatives,location_uncertain_keep,松山市,,candidate_boundary_ambiguous,,multiple_candidates_for_mountain|multiple_mountains_for_candidate|missing_csv_coordinate|location_mismatch_warning,top_3_with_evidence,small_score_gap,"mountain=福見山(#210); candidate=summit-candidate:90f628409cfebc32; track=""福見山・河原樋山・真松嶺・柿王寺森""; score=0.68; name_tier=strong; ele_diff=4.2m; loc=mismatch_warning; act_conf=high"
210,福見山,summit-candidate:0ff024bf702c13bb,yamap_2023-03-11_06_08.gpx,福見山・明神ヶ森・南三方ヶ森・魚谷森・左谷ノ森,927.3133333333334,1051,123.69,0.67,3,2,0,false,true,medium,high,high,resolve_conflict,location_strong_match,松山市,,same_municipality,松山市,multiple_candidates_for_mountain|multiple_mountains_for_candidate|weak_elevation_evidence|missing_csv_coordinate,top_candidate_for_multiple_mountains,shared_candidate,"mountain=福見山(#210); candidate=summit-candidate:0ff024bf702c13bb; track=""福見山・明神ヶ森・南三方ヶ森・魚谷森・左谷ノ森""; score=0.57; name_tier=strong; ele_diff=123.69m; loc=strong_overlap; act_conf=high"
211,明神ヶ森,summit-candidate:83f3af0488659ac8,yamap_2023-03-11_06_08.gpx,福見山・明神ヶ森・南三方ヶ森・魚谷森・左谷ノ森,1212.2866666666666,1217,4.71,0.68,1,1,0.01,true,true,medium,high,medium,accept_candidate_after_map_check,location_uncertain_keep,松山市,,candidate_boundary_ambiguous,,multiple_candidates_for_mountain|multiple_mountains_for_candidate|missing_csv_coordinate|location_mismatch_warning,top_1_but_ambiguous,clear_mutual_top1,"mountain=明神ヶ森(#211); candidate=summit-candidate:83f3af0488659ac8; track=""福見山・明神ヶ森・南三方ヶ森・魚谷森・左谷ノ森""; score=0.68; name_tier=strong; ele_diff=4.71m; loc=mismatch_warning; act_conf=high"
211,明神ヶ森,summit-candidate:0ff024bf702c13bb,yamap_2023-03-11_06_08.gpx,福見山・明神ヶ森・南三方ヶ森・魚谷森・左谷ノ森,927.3133333333334,1217,289.69,0.67,2,3,0.17,false,true,medium,high,high,resolve_conflict,location_strong_match,松山市,,same_municipality,松山市,multiple_candidates_for_mountain|multiple_mountains_for_candidate|weak_elevation_evidence|missing_csv_coordinate,top_candidate_for_multiple_mountains,shared_candidate,"mountain=明神ヶ森(#211); candidate=summit-candidate:0ff024bf702c13bb; track=""福見山・明神ヶ森・南三方ヶ森・魚谷森・左谷ノ森""; score=0.57; name_tier=strong; ele_diff=289.69m; loc=strong_overlap; act_conf=high"
211,明神ヶ森,summit-candidate:446b5fe1e7a8b2fd,yamap_2023-03-11_06_08.gpx,福見山・明神ヶ森・南三方ヶ森・魚谷森・左谷ノ森,1048.2366666666665,1217,168.76,0.5,3,3,0,false,true,low,medium,low,low_priority,location_uncertain_keep,松山市,,candidate_boundary_ambiguous,,multiple_candidates_for_mountain|multiple_mountains_for_candidate|weak_elevation_evidence|missing_csv_coordinate|location_mismatch_warning,top_3_with_evidence,low_priority_alternative,"mountain=明神ヶ森(#211); candidate=summit-candidate:446b5fe1e7a8b2fd; track=""福見山・明神ヶ森・南三方ヶ森・魚谷森・左谷ノ森""; score=0.5; name_tier=strong; ele_diff=168.76m; loc=mismatch_warning; act_conf=high"
212,南三方ヶ森,summit-candidate:5b124255339c0714,yamap_2023-03-11_06_08.gpx,福見山・明神ヶ森・南三方ヶ森・魚谷森・左谷ノ森,1147.7433333333333,1156,8.26,0.68,1,1,0.01,true,true,medium,high,medium,accept_candidate_after_map_check,location_uncertain_keep,松山市,,candidate_boundary_ambiguous,,multiple_candidates_for_mountain|multiple_mountains_for_candidate|missing_csv_coordinate|location_mismatch_warning,top_1_but_ambiguous,clear_mutual_top1,"mountain=南三方ヶ森(#212); candidate=summit-candidate:5b124255339c0714; track=""福見山・明神ヶ森・南三方ヶ森・魚谷森・左谷ノ森""; score=0.68; name_tier=strong; ele_diff=8.26m; loc=mismatch_warning; act_conf=high"
212,南三方ヶ森,summit-candidate:0ff024bf702c13bb,yamap_2023-03-11_06_08.gpx,福見山・明神ヶ森・南三方ヶ森・魚谷森・左谷ノ森,927.3133333333334,1156,228.69,0.67,2,4,0.17,false,false,medium,high,high,resolve_conflict,location_strong_match,松山市,,same_municipality,松山市,multiple_candidates_for_mountain|multiple_mountains_for_candidate|weak_elevation_evidence|missing_csv_coordinate,top_candidate_for_multiple_mountains,shared_candidate,"mountain=南三方ヶ森(#212); candidate=summit-candidate:0ff024bf702c13bb; track=""福見山・明神ヶ森・南三方ヶ森・魚谷森・左谷ノ森""; score=0.57; name_tier=strong; ele_diff=228.69m; loc=strong_overlap; act_conf=high"
212,南三方ヶ森,summit-candidate:446b5fe1e7a8b2fd,yamap_2023-03-11_06_08.gpx,福見山・明神ヶ森・南三方ヶ森・魚谷森・左谷ノ森,1048.2366666666665,1156,107.76,0.5,3,4,0,false,false,low,medium,low,low_priority,location_uncertain_keep,松山市,,candidate_boundary_ambiguous,,multiple_candidates_for_mountain|multiple_mountains_for_candidate|weak_elevation_evidence|missing_csv_coordinate|location_mismatch_warning,top_3_with_evidence,low_priority_alternative,"mountain=南三方ヶ森(#212); candidate=summit-candidate:446b5fe1e7a8b2fd; track=""福見山・明神ヶ森・南三方ヶ森・魚谷森・左谷ノ森""; score=0.5; name_tier=strong; ele_diff=107.76m; loc=mismatch_warning; act_conf=high"
213,魚谷森,summit-candidate:0ff024bf702c13bb,yamap_2023-03-11_06_08.gpx,福見山・明神ヶ森・南三方ヶ森・魚谷森・左谷ノ森,927.3133333333334,1005,77.69,0.67,1,5,0.11,false,false,medium,high,high,resolve_conflict,location_strong_match,松山市,,same_municipality,松山市,multiple_candidates_for_mountain|multiple_mountains_for_candidate|weak_elevation_evidence|missing_csv_coordinate,top_1_but_ambiguous|top_candidate_for_multiple_mountains,shared_candidate|not_mutual_top1,"mountain=魚谷森(#213); candidate=summit-candidate:0ff024bf702c13bb; track=""福見山・明神ヶ森・南三方ヶ森・魚谷森・左谷ノ森""; score=0.57; name_tier=strong; ele_diff=77.69m; loc=strong_overlap; act_conf=high"
213,魚谷森,summit-candidate:446b5fe1e7a8b2fd,yamap_2023-03-11_06_08.gpx,福見山・明神ヶ森・南三方ヶ森・魚谷森・左谷ノ森,1048.2366666666665,1005,43.24,0.56,2,2,0.06,false,true,medium,medium,low,low_priority,location_uncertain_keep,松山市,,candidate_boundary_ambiguous,,multiple_candidates_for_mountain|multiple_mountains_for_candidate|missing_csv_coordinate|location_mismatch_warning,top_3_with_evidence,low_priority_alternative,"mountain=魚谷森(#213); candidate=summit-candidate:446b5fe1e7a8b2fd; track=""福見山・明神ヶ森・南三方ヶ森・魚谷森・左谷ノ森""; score=0.56; name_tier=strong; ele_diff=43.24m; loc=mismatch_warning; act_conf=high"
213,魚谷森,summit-candidate:5b124255339c0714,yamap_2023-03-11_06_08.gpx,福見山・明神ヶ森・南三方ヶ森・魚谷森・左谷ノ森,1147.7433333333333,1005,142.74,0.5,3,4,0,false,false,low,medium,low,low_priority,location_uncertain_keep,松山市,,candidate_boundary_ambiguous,,multiple_candidates_for_mountain|multiple_mountains_for_candidate|weak_elevation_evidence|missing_csv_coordinate|location_mismatch_warning,top_3_with_evidence,low_priority_alternative,"mountain=魚谷森(#213); candidate=summit-candidate:5b124255339c0714; track=""福見山・明神ヶ森・南三方ヶ森・魚谷森・左谷ノ森""; score=0.5; name_tier=strong; ele_diff=142.74m; loc=mismatch_warning; act_conf=high"
214,左谷ノ森,summit-candidate:0ff024bf702c13bb,yamap_2023-03-11_06_08.gpx,福見山・明神ヶ森・南三方ヶ森・魚谷森・左谷ノ森,927.3133333333334,932,4.69,0.85,1,1,0.15,true,true,medium,medium,high,resolve_conflict,location_strong_match,松山市,,same_municipality,松山市,multiple_candidates_for_mountain|multiple_mountains_for_candidate|missing_csv_coordinate,top_1_but_ambiguous|top_candidate_for_multiple_mountains|priority_reduced_strong_match_mutual_top1,shared_candidate,"mountain=左谷ノ森(#214); candidate=summit-candidate:0ff024bf702c13bb; track=""福見山・明神ヶ森・南三方ヶ森・魚谷森・左谷ノ森""; score=0.75; name_tier=strong; ele_diff=4.69m; loc=strong_overlap; act_conf=high"
214,左谷ノ森,summit-candidate:15c71a530dcecd2e,yamap_2022-04-25_11_35.gpx,伊之子山・左谷ノ森,943.7166666666667,932,11.72,0.7,2,1,0.04,false,true,medium,medium,low,low_priority,location_strong_match,松山市,,same_municipality,松山市,multiple_candidates_for_mountain|multiple_mountains_for_candidate|missing_csv_coordinate|activity_link_ambiguous,top_3_with_evidence,low_priority_alternative,"mountain=左谷ノ森(#214); candidate=summit-candidate:15c71a530dcecd2e; track=""伊之子山・左谷ノ森""; score=0.6; name_tier=strong; ele_diff=11.72m; loc=strong_overlap; act_conf=low"
214,左谷ノ森,summit-candidate:e793f83b8a4fd86f,yamap_2022-04-25_11_35.gpx,伊之子山・左谷ノ森,927.37,932,4.63,0.66,3,1,0.16,false,true,medium,medium,low,low_priority,location_uncertain_keep,松山市,,candidate_boundary_ambiguous,,multiple_candidates_for_mountain|multiple_mountains_for_candidate|missing_csv_coordinate|activity_link_ambiguous,top_3_with_evidence,low_priority_alternative,"mountain=左谷ノ森(#214); candidate=summit-candidate:e793f83b8a4fd86f; track=""伊之子山・左谷ノ森""; score=0.66; name_tier=strong; ele_diff=4.63m; loc=strong_overlap; act_conf=low"
215,真城ヶ台,summit-candidate:6d533e458b56f1d6,yamap_2023-03-15_09_53.gpx,真城ヶ台,583.6133333333333,587,3.39,0.85,1,1,0.41,true,true,medium,medium,medium,accept_candidate_after_map_check,location_strong_match,松山市,,same_municipality,松山市,multiple_candidates_for_mountain|multiple_mountains_for_candidate|missing_csv_coordinate,top_1_but_ambiguous|priority_reduced_strong_match_mutual_top1,clear_mutual_top1,"mountain=真城ヶ台(#215); candidate=summit-candidate:6d533e458b56f1d6; track=""真城ヶ台""; score=0.75; name_tier=strong; ele_diff=3.39m; loc=strong_overlap; act_conf=high"
215,真城ヶ台,summit-candidate:a0c35720552a78c8,yamap_2022-01-15_08_17.gpx,関ヶ森・観音山・倉谷山・芝ヶ峠,573.7066666666666,587,13.29,0.44,2,8,0.11,false,false,low,medium,low,low_priority,location_strong_match,松山市,,same_municipality,松山市,multiple_candidates_for_mountain|multiple_mountains_for_candidate|weak_name_evidence|missing_csv_coordinate,top_3_with_evidence,low_priority_alternative,"mountain=真城ヶ台(#215); candidate=summit-candidate:a0c35720552a78c8; track=""関ヶ森・観音山・倉谷山・芝ヶ峠""; score=0.34; name_tier=none; ele_diff=13.29m; loc=strong_overlap; act_conf=high"
215,真城ヶ台,summit-candidate:9cc74b44e1289236,yamap_2024-12-01_06_40.gpx,唐谷山・天狗森・木峰・金見山・高丸・五郎丸・大谷山・龍王山,589.3233333333334,587,2.32,0.33,3,17,0,false,false,low,medium,low,low_priority,location_uncertain_keep,松山市,,candidate_boundary_ambiguous,,multiple_candidates_for_mountain|multiple_mountains_for_candidate|weak_name_evidence|missing_csv_coordinate|location_mismatch_warning|activity_link_ambiguous,top_3_with_evidence,low_priority_alternative,"mountain=真城ヶ台(#215); candidate=summit-candidate:9cc74b44e1289236; track=""唐谷山・天狗森・木峰・金見山・高丸・五郎丸・大谷山・龍王山""; score=0.33; name_tier=none; ele_diff=2.32m; loc=mismatch_warning; act_conf=high"
216,千羽ヶ岳,summit-candidate:afd70dd670366e77,yamap_2023-03-20_15_17.gpx,千羽ヶ岳,406.43,412,5.57,0.85,1,1,0.41,true,true,medium,medium,medium,accept_candidate_after_map_check,location_strong_match,西条市,,same_municipality,西条市,multiple_candidates_for_mountain|multiple_mountains_for_candidate|missing_csv_coordinate|timezone_sensitive_activity_link,top_1_but_ambiguous|priority_reduced_strong_match_mutual_top1,clear_mutual_top1,"mountain=千羽ヶ岳(#216); candidate=summit-candidate:afd70dd670366e77; track=""千羽ヶ岳""; score=0.75; name_tier=strong; ele_diff=5.57m; loc=strong_overlap; act_conf=high"
216,千羽ヶ岳,summit-candidate:99b1b356cad63b98,yamap_2024-01-14_10_18.gpx,竜門山・大黒山,384.9466666666667,412,27.05,0.44,2,3,0.1,false,true,low,medium,low,low_priority,location_strong_match,西条市,,same_municipality,西条市,multiple_candidates_for_mountain|multiple_mountains_for_candidate|weak_name_evidence|missing_csv_coordinate,top_3_with_evidence,low_priority_alternative,"mountain=千羽ヶ岳(#216); candidate=summit-candidate:99b1b356cad63b98; track=""竜門山・大黒山""; score=0.34; name_tier=none; ele_diff=27.05m; loc=strong_overlap; act_conf=high"
216,千羽ヶ岳,summit-candidate:64a47ed9c06f56d5,yamap_2024-01-14_10_18.gpx,竜門山・大黒山,430.9866666666667,412,18.99,0.34,3,5,0.01,false,false,low,medium,low,low_priority,location_uncertain_keep,西条市,,candidate_boundary_ambiguous,,multiple_candidates_for_mountain|multiple_mountains_for_candidate|weak_name_evidence|missing_csv_coordinate,top_3_with_evidence,low_priority_alternative,"mountain=千羽ヶ岳(#216); candidate=summit-candidate:64a47ed9c06f56d5; track=""竜門山・大黒山""; score=0.34; name_tier=none; ele_diff=18.99m; loc=strong_overlap; act_conf=high"
217,皿ヶ嶺,summit-candidate:7a1f0e8b5f9e5cc2,yamap_2022-04-15_11_52.gpx,皿ヶ嶺・引地山,1277.043085490437,1278,0.96,0.8,1,1,0.3,true,true,medium,high,high,resolve_conflict,boundary_plausible,東温市,,adjacent_municipality,久万高原町,multiple_candidates_for_mountain|multiple_mountains_for_candidate|missing_csv_coordinate,top_1_but_ambiguous|top_candidate_for_multiple_mountains,shared_candidate,"mountain=皿ヶ嶺(#217); candidate=summit-candidate:7a1f0e8b5f9e5cc2; track=""皿ヶ嶺・引地山""; score=0.75; name_tier=strong; ele_diff=0.96m; loc=strong_overlap; act_conf=high"
217,皿ヶ嶺,summit-candidate:b06e13a9483478e5,yamap_2022-04-15_11_52.gpx,皿ヶ嶺・引地山,1139.9767402874822,1278,138.02,0.5,2,2,0.12,false,true,low,medium,low,low_priority,location_uncertain_keep,東温市,,candidate_boundary_ambiguous,,multiple_candidates_for_mountain|multiple_mountains_for_candidate|weak_elevation_evidence|missing_csv_coordinate|location_mismatch_warning,top_3_with_evidence,low_priority_alternative,"mountain=皿ヶ嶺(#217); candidate=summit-candidate:b06e13a9483478e5; track=""皿ヶ嶺・引地山""; score=0.5; name_tier=strong; ele_diff=138.02m; loc=mismatch_warning; act_conf=high"
217,皿ヶ嶺,summit-candidate:ea6bebee79234da7,yamap_2022-05-05_13_29.gpx,陣ヶ森・前々司山・うなめご,1276.53,1278,1.47,0.38,3,7,0.04,false,false,low,medium,high,check_location_warning,boundary_plausible,東温市,,adjacent_municipality,久万高原町,multiple_candidates_for_mountain|multiple_mountains_for_candidate|weak_name_evidence|missing_csv_coordinate|location_mismatch_warning,top_3_with_evidence,boundary_plausible,"mountain=皿ヶ嶺(#217); candidate=summit-candidate:ea6bebee79234da7; track=""陣ヶ森・前々司山・うなめご""; score=0.33; name_tier=none; ele_diff=1.47m; loc=mismatch_warning; act_conf=high"
218,えんとつ山,summit-candidate:339138a4e53293da,yamap_2023-03-29_05_31.gpx,えんとつ山・生子山・犬返・種子川山・西赤石山・物住頭・上兜山・下兜山,571.1733333333333,127,444.17,0.67,1,3,0,false,true,medium,high,high,resolve_conflict,location_strong_match,新居浜市,,same_municipality,新居浜市,multiple_candidates_for_mountain|multiple_mountains_for_candidate|weak_elevation_evidence|missing_csv_coordinate,top_1_but_ambiguous|top_candidate_for_multiple_mountains,shared_candidate|not_mutual_top1,"mountain=えんとつ山(#218); candidate=summit-candidate:339138a4e53293da; track=""えんとつ山・生子山・犬返・種子川山・西赤石山・物住頭・上兜山・下兜山""; score=0.57; name_tier=strong; ele_diff=444.17m; loc=strong_overlap; act_conf=high"
218,えんとつ山,summit-candidate:4311f3ae9948ea08,yamap_2023-03-29_05_31.gpx,えんとつ山・生子山・犬返・種子川山・西赤石山・物住頭・上兜山・下兜山,1239.3733333333334,127,1112.37,0.67,2,2,0,false,true,medium,medium,high,check_close_alternatives,location_strong_match,新居浜市,,same_municipality,新居浜市,multiple_candidates_for_mountain|multiple_mountains_for_candidate|weak_elevation_evidence|missing_csv_coordinate,top_3_with_evidence,small_score_gap,"mountain=えんとつ山(#218); candidate=summit-candidate:4311f3ae9948ea08; track=""えんとつ山・生子山・犬返・種子川山・西赤石山・物住頭・上兜山・下兜山""; score=0.57; name_tier=strong; ele_diff=1112.37m; loc=strong_overlap; act_conf=high"
218,えんとつ山,summit-candidate:473a62086144ac33,yamap_2023-03-29_05_31.gpx,えんとつ山・生子山・犬返・種子川山・西赤石山・物住頭・上兜山・下兜山,1619.846666666667,127,1492.85,0.67,3,3,0.1,false,true,medium,high,high,resolve_conflict,location_strong_match,新居浜市,,same_municipality,新居浜市,multiple_candidates_for_mountain|multiple_mountains_for_candidate|weak_elevation_evidence|missing_csv_coordinate,top_candidate_for_multiple_mountains,shared_candidate,"mountain=えんとつ山(#218); candidate=summit-candidate:473a62086144ac33; track=""えんとつ山・生子山・犬返・種子川山・西赤石山・物住頭・上兜山・下兜山""; score=0.57; name_tier=strong; ele_diff=1492.85m; loc=strong_overlap; act_conf=high"
219,生子山,summit-candidate:339138a4e53293da,yamap_2023-03-29_05_31.gpx,えんとつ山・生子山・犬返・種子川山・西赤石山・物住頭・上兜山・下兜山,571.1733333333333,301,270.17,0.67,1,4,0,false,false,medium,high,high,resolve_conflict,location_strong_match,新居浜市,,same_municipality,新居浜市,multiple_candidates_for_mountain|multiple_mountains_for_candidate|weak_elevation_evidence|missing_csv_coordinate,top_1_but_ambiguous|top_candidate_for_multiple_mountains,shared_candidate|not_mutual_top1,"mountain=生子山(#219); candidate=summit-candidate:339138a4e53293da; track=""えんとつ山・生子山・犬返・種子川山・西赤石山・物住頭・上兜山・下兜山""; score=0.57; name_tier=strong; ele_diff=270.17m; loc=strong_overlap; act_conf=high"
219,生子山,summit-candidate:4311f3ae9948ea08,yamap_2023-03-29_05_31.gpx,えんとつ山・生子山・犬返・種子川山・西赤石山・物住頭・上兜山・下兜山,1239.3733333333334,301,938.37,0.67,2,3,0,false,true,medium,medium,high,check_close_alternatives,location_strong_match,新居浜市,,same_municipality,新居浜市,multiple_candidates_for_mountain|multiple_mountains_for_candidate|weak_elevation_evidence|missing_csv_coordinate,top_3_with_evidence,small_score_gap,"mountain=生子山(#219); candidate=summit-candidate:4311f3ae9948ea08; track=""えんとつ山・生子山・犬返・種子川山・西赤石山・物住頭・上兜山・下兜山""; score=0.57; name_tier=strong; ele_diff=938.37m; loc=strong_overlap; act_conf=high"
219,生子山,summit-candidate:473a62086144ac33,yamap_2023-03-29_05_31.gpx,えんとつ山・生子山・犬返・種子川山・西赤石山・物住頭・上兜山・下兜山,1619.846666666667,301,1318.85,0.67,3,4,0.1,false,false,medium,high,high,resolve_conflict,location_strong_match,新居浜市,,same_municipality,新居浜市,multiple_candidates_for_mountain|multiple_mountains_for_candidate|weak_elevation_evidence|missing_csv_coordinate,top_candidate_for_multiple_mountains,shared_candidate,"mountain=生子山(#219); candidate=summit-candidate:473a62086144ac33; track=""えんとつ山・生子山・犬返・種子川山・西赤石山・物住頭・上兜山・下兜山""; score=0.57; name_tier=strong; ele_diff=1318.85m; loc=strong_overlap; act_conf=high"
220,犬返,summit-candidate:339138a4e53293da,yamap_2023-03-29_05_31.gpx,えんとつ山・生子山・犬返・種子川山・西赤石山・物住頭・上兜山・下兜山,571.1733333333333,576,4.83,0.85,1,1,0.18,true,true,medium,medium,high,resolve_conflict,location_strong_match,新居浜市,,same_municipality,新居浜市,multiple_candidates_for_mountain|multiple_mountains_for_candidate|missing_csv_coordinate,top_1_but_ambiguous|top_candidate_for_multiple_mountains|priority_reduced_strong_match_mutual_top1,shared_candidate,"mountain=犬返(#220); candidate=summit-candidate:339138a4e53293da; track=""えんとつ山・生子山・犬返・種子川山・西赤石山・物住頭・上兜山・下兜山""; score=0.75; name_tier=strong; ele_diff=4.83m; loc=strong_overlap; act_conf=high"
220,犬返,summit-candidate:4311f3ae9948ea08,yamap_2023-03-29_05_31.gpx,えんとつ山・生子山・犬返・種子川山・西赤石山・物住頭・上兜山・下兜山,1239.3733333333334,576,663.37,0.67,2,4,0,false,false,medium,medium,low,low_priority,location_strong_match,新居浜市,,same_municipality,新居浜市,multiple_candidates_for_mountain|multiple_mountains_for_candidate|weak_elevation_evidence|missing_csv_coordinate,top_3_with_evidence,low_priority_alternative,"mountain=犬返(#220); candidate=summit-candidate:4311f3ae9948ea08; track=""えんとつ山・生子山・犬返・種子川山・西赤石山・物住頭・上兜山・下兜山""; score=0.57; name_tier=strong; ele_diff=663.37m; loc=strong_overlap; act_conf=high"
220,犬返,summit-candidate:473a62086144ac33,yamap_2023-03-29_05_31.gpx,えんとつ山・生子山・犬返・種子川山・西赤石山・物住頭・上兜山・下兜山,1619.846666666667,576,1043.85,0.67,3,5,0.1,false,false,medium,high,high,resolve_conflict,location_strong_match,新居浜市,,same_municipality,新居浜市,multiple_candidates_for_mountain|multiple_mountains_for_candidate|weak_elevation_evidence|missing_csv_coordinate,top_candidate_for_multiple_mountains,shared_candidate,"mountain=犬返(#220); candidate=summit-candidate:473a62086144ac33; track=""えんとつ山・生子山・犬返・種子川山・西赤石山・物住頭・上兜山・下兜山""; score=0.57; name_tier=strong; ele_diff=1043.85m; loc=strong_overlap; act_conf=high"
221,種子川山,summit-candidate:339138a4e53293da,yamap_2023-03-29_05_31.gpx,えんとつ山・生子山・犬返・種子川山・西赤石山・物住頭・上兜山・下兜山,571.1733333333333,539,32.17,0.73,1,2,0.06,false,true,medium,high,high,resolve_conflict,location_strong_match,新居浜市,,same_municipality,新居浜市,multiple_candidates_for_mountain|multiple_mountains_for_candidate|missing_csv_coordinate,top_1_but_ambiguous|top_candidate_for_multiple_mountains,shared_candidate|not_mutual_top1,"mountain=種子川山(#221); candidate=summit-candidate:339138a4e53293da; track=""えんとつ山・生子山・犬返・種子川山・西赤石山・物住頭・上兜山・下兜山""; score=0.63; name_tier=strong; ele_diff=32.17m; loc=strong_overlap; act_conf=high"
221,種子川山,summit-candidate:4311f3ae9948ea08,yamap_2023-03-29_05_31.gpx,えんとつ山・生子山・犬返・種子川山・西赤石山・物住頭・上兜山・下兜山,1239.3733333333334,539,700.37,0.67,2,5,0,false,false,medium,medium,low,low_priority,location_strong_match,新居浜市,,same_municipality,新居浜市,multiple_candidates_for_mountain|multiple_mountains_for_candidate|weak_elevation_evidence|missing_csv_coordinate,top_3_with_evidence,low_priority_alternative,"mountain=種子川山(#221); candidate=summit-candidate:4311f3ae9948ea08; track=""えんとつ山・生子山・犬返・種子川山・西赤石山・物住頭・上兜山・下兜山""; score=0.57; name_tier=strong; ele_diff=700.37m; loc=strong_overlap; act_conf=high"
221,種子川山,summit-candidate:473a62086144ac33,yamap_2023-03-29_05_31.gpx,えんとつ山・生子山・犬返・種子川山・西赤石山・物住頭・上兜山・下兜山,1619.846666666667,539,1080.85,0.67,3,6,0.1,false,false,medium,high,high,resolve_conflict,location_strong_match,新居浜市,,same_municipality,新居浜市,multiple_candidates_for_mountain|multiple_mountains_for_candidate|weak_elevation_evidence|missing_csv_coordinate,top_candidate_for_multiple_mountains,shared_candidate,"mountain=種子川山(#221); candidate=summit-candidate:473a62086144ac33; track=""えんとつ山・生子山・犬返・種子川山・西赤石山・物住頭・上兜山・下兜山""; score=0.57; name_tier=strong; ele_diff=1080.85m; loc=strong_overlap; act_conf=high"
222,西赤石山,summit-candidate:473a62086144ac33,yamap_2023-03-29_05_31.gpx,えんとつ山・生子山・犬返・種子川山・西赤石山・物住頭・上兜山・下兜山,1619.846666666667,1626,6.15,0.85,1,1,0,true,true,medium,medium,high,resolve_conflict,location_strong_match,新居浜市,,same_municipality,新居浜市,multiple_candidates_for_mountain|multiple_mountains_for_candidate|missing_csv_coordinate,top_1_but_ambiguous|top_candidate_for_multiple_mountains|priority_reduced_strong_match_mutual_top1,shared_candidate,"mountain=西赤石山(#222); candidate=summit-candidate:473a62086144ac33; track=""えんとつ山・生子山・犬返・種子川山・西赤石山・物住頭・上兜山・下兜山""; score=0.75; name_tier=strong; ele_diff=6.15m; loc=strong_overlap; act_conf=high"
222,西赤石山,summit-candidate:5104c47f17101d63,yamap_2022-10-08_06_12.gpx,東山・西赤石山・物住頭・前赤石山・東赤石山・八巻山,1621.9866666666667,1626,4.01,0.85,2,1,0.06,false,true,medium,medium,high,check_close_alternatives,location_strong_match,新居浜市,,same_municipality,新居浜市,multiple_candidates_for_mountain|multiple_mountains_for_candidate|missing_csv_coordinate,top_3_with_evidence,small_score_gap,"mountain=西赤石山(#222); candidate=summit-candidate:5104c47f17101d63; track=""東山・西赤石山・物住頭・前赤石山・東赤石山・八巻山""; score=0.75; name_tier=strong; ele_diff=4.01m; loc=strong_overlap; act_conf=high"
222,西赤石山,summit-candidate:e2bdd25969c7f122,yamap_2022-10-08_06_12.gpx,東山・西赤石山・物住頭・前赤石山・東赤石山・八巻山,1651.7766666666666,1626,25.78,0.79,3,2,0.04,false,true,medium,medium,low,low_priority,location_strong_match,新居浜市,,same_municipality,新居浜市,multiple_candidates_for_mountain|multiple_mountains_for_candidate|missing_csv_coordinate,top_3_with_evidence,low_priority_alternative,"mountain=西赤石山(#222); candidate=summit-candidate:e2bdd25969c7f122; track=""東山・西赤石山・物住頭・前赤石山・東赤石山・八巻山""; score=0.69; name_tier=strong; ele_diff=25.78m; loc=strong_overlap; act_conf=high"
223,物住頭,summit-candidate:473a62086144ac33,yamap_2023-03-29_05_31.gpx,えんとつ山・生子山・犬返・種子川山・西赤石山・物住頭・上兜山・下兜山,1619.846666666667,1635,15.15,0.79,1,2,0,false,true,medium,high,high,resolve_conflict,location_strong_match,新居浜市,,same_municipality,新居浜市,multiple_candidates_for_mountain|multiple_mountains_for_candidate|missing_csv_coordinate,top_1_but_ambiguous|top_candidate_for_multiple_mountains,shared_candidate|not_mutual_top1,"mountain=物住頭(#223); candidate=summit-candidate:473a62086144ac33; track=""えんとつ山・生子山・犬返・種子川山・西赤石山・物住頭・上兜山・下兜山""; score=0.69; name_tier=strong; ele_diff=15.15m; loc=strong_overlap; act_conf=high"
223,物住頭,summit-candidate:5104c47f17101d63,yamap_2022-10-08_06_12.gpx,東山・西赤石山・物住頭・前赤石山・東赤石山・八巻山,1621.9866666666667,1635,13.01,0.79,2,2,0,false,true,medium,medium,high,check_close_alternatives,location_strong_match,新居浜市,,same_municipality,新居浜市,multiple_candidates_for_mountain|multiple_mountains_for_candidate|missing_csv_coordinate,top_3_with_evidence,small_score_gap,"mountain=物住頭(#223); candidate=summit-candidate:5104c47f17101d63; track=""東山・西赤石山・物住頭・前赤石山・東赤石山・八巻山""; score=0.69; name_tier=strong; ele_diff=13.01m; loc=strong_overlap; act_conf=high"
223,物住頭,summit-candidate:e2bdd25969c7f122,yamap_2022-10-08_06_12.gpx,東山・西赤石山・物住頭・前赤石山・東赤石山・八巻山,1651.7766666666666,1635,16.78,0.79,3,3,0.04,false,true,medium,medium,high,check_close_alternatives,location_strong_match,新居浜市,,same_municipality,新居浜市,multiple_candidates_for_mountain|multiple_mountains_for_candidate|missing_csv_coordinate,top_3_with_evidence,small_score_gap,"mountain=物住頭(#223); candidate=summit-candidate:e2bdd25969c7f122; track=""東山・西赤石山・物住頭・前赤石山・東赤石山・八巻山""; score=0.69; name_tier=strong; ele_diff=16.78m; loc=strong_overlap; act_conf=high"
224,上兜山,summit-candidate:339138a4e53293da,yamap_2023-03-29_05_31.gpx,えんとつ山・生子山・犬返・種子川山・西赤石山・物住頭・上兜山・下兜山,571.1733333333333,1559,987.83,0.67,1,7,0,false,false,medium,high,high,resolve_conflict,location_strong_match,新居浜市,,same_municipality,新居浜市,multiple_candidates_for_mountain|multiple_mountains_for_candidate|weak_elevation_evidence|missing_csv_coordinate,top_1_but_ambiguous|top_candidate_for_multiple_mountains,shared_candidate|not_mutual_top1,"mountain=上兜山(#224); candidate=summit-candidate:339138a4e53293da; track=""えんとつ山・生子山・犬返・種子川山・西赤石山・物住頭・上兜山・下兜山""; score=0.57; name_tier=strong; ele_diff=987.83m; loc=strong_overlap; act_conf=high"
224,上兜山,summit-candidate:4311f3ae9948ea08,yamap_2023-03-29_05_31.gpx,えんとつ山・生子山・犬返・種子川山・西赤石山・物住頭・上兜山・下兜山,1239.3733333333334,1559,319.63,0.67,2,8,0,false,false,medium,medium,high,check_close_alternatives,location_strong_match,新居浜市,,same_municipality,新居浜市,multiple_candidates_for_mountain|multiple_mountains_for_candidate|weak_elevation_evidence|missing_csv_coordinate,top_3_with_evidence,small_score_gap,"mountain=上兜山(#224); candidate=summit-candidate:4311f3ae9948ea08; track=""えんとつ山・生子山・犬返・種子川山・西赤石山・物住頭・上兜山・下兜山""; score=0.57; name_tier=strong; ele_diff=319.63m; loc=strong_overlap; act_conf=high"
224,上兜山,summit-candidate:473a62086144ac33,yamap_2023-03-29_05_31.gpx,えんとつ山・生子山・犬返・種子川山・西赤石山・物住頭・上兜山・下兜山,1619.846666666667,1559,60.85,0.67,3,7,0.1,false,false,medium,high,high,resolve_conflict,location_strong_match,新居浜市,,same_municipality,新居浜市,multiple_candidates_for_mountain|multiple_mountains_for_candidate|weak_elevation_evidence|missing_csv_coordinate,top_candidate_for_multiple_mountains,shared_candidate,"mountain=上兜山(#224); candidate=summit-candidate:473a62086144ac33; track=""えんとつ山・生子山・犬返・種子川山・西赤石山・物住頭・上兜山・下兜山""; score=0.57; name_tier=strong; ele_diff=60.85m; loc=strong_overlap; act_conf=high"
225,下兜山,summit-candidate:4311f3ae9948ea08,yamap_2023-03-29_05_31.gpx,えんとつ山・生子山・犬返・種子川山・西赤石山・物住頭・上兜山・下兜山,1239.3733333333334,1234,5.37,0.85,1,1,0.18,true,true,medium,medium,medium,accept_candidate_after_map_check,location_strong_match,新居浜市,,same_municipality,新居浜市,multiple_candidates_for_mountain|multiple_mountains_for_candidate|missing_csv_coordinate,top_1_but_ambiguous|priority_reduced_strong_match_mutual_top1,clear_mutual_top1,"mountain=下兜山(#225); candidate=summit-candidate:4311f3ae9948ea08; track=""えんとつ山・生子山・犬返・種子川山・西赤石山・物住頭・上兜山・下兜山""; score=0.75; name_tier=strong; ele_diff=5.37m; loc=strong_overlap; act_conf=high"
225,下兜山,summit-candidate:339138a4e53293da,yamap_2023-03-29_05_31.gpx,えんとつ山・生子山・犬返・種子川山・西赤石山・物住頭・上兜山・下兜山,571.1733333333333,1234,662.83,0.67,2,8,0,false,false,medium,high,high,resolve_conflict,location_strong_match,新居浜市,,same_municipality,新居浜市,multiple_candidates_for_mountain|multiple_mountains_for_candidate|weak_elevation_evidence|missing_csv_coordinate,top_candidate_for_multiple_mountains,shared_candidate,"mountain=下兜山(#225); candidate=summit-candidate:339138a4e53293da; track=""えんとつ山・生子山・犬返・種子川山・西赤石山・物住頭・上兜山・下兜山""; score=0.57; name_tier=strong; ele_diff=662.83m; loc=strong_overlap; act_conf=high"
225,下兜山,summit-candidate:473a62086144ac33,yamap_2023-03-29_05_31.gpx,えんとつ山・生子山・犬返・種子川山・西赤石山・物住頭・上兜山・下兜山,1619.846666666667,1234,385.85,0.67,3,8,0.1,false,false,medium,high,high,resolve_conflict,location_strong_match,新居浜市,,same_municipality,新居浜市,multiple_candidates_for_mountain|multiple_mountains_for_candidate|weak_elevation_evidence|missing_csv_coordinate,top_candidate_for_multiple_mountains,shared_candidate,"mountain=下兜山(#225); candidate=summit-candidate:473a62086144ac33; track=""えんとつ山・生子山・犬返・種子川山・西赤石山・物住頭・上兜山・下兜山""; score=0.57; name_tier=strong; ele_diff=385.85m; loc=strong_overlap; act_conf=high"
226,黒森山,summit-candidate:924ccfedeb6c2d2c,yamap_2023-04-04_12_51.gpx,黒森山,1151.5666666666666,1154,2.43,0.68,1,1,0.18,true,true,medium,high,medium,accept_candidate_after_map_check,location_uncertain_keep,松山市,,candidate_boundary_ambiguous,,multiple_candidates_for_mountain|multiple_mountains_for_candidate|missing_csv_coordinate|location_mismatch_warning,top_1_but_ambiguous,clear_mutual_top1,"mountain=黒森山(#226); candidate=summit-candidate:924ccfedeb6c2d2c; track=""黒森山""; score=0.68; name_tier=strong; ele_diff=2.43m; loc=mismatch_warning; act_conf=high"
226,黒森山,summit-candidate:40e090ce41a89b55,yamap_2024-06-08_08_42.gpx,沓掛山・黒森山,1690.4033333333334,1154,536.4,0.5,2,4,0,false,false,low,high,high,resolve_conflict,location_uncertain_keep,松山市,,candidate_boundary_ambiguous,,multiple_candidates_for_mountain|multiple_mountains_for_candidate|weak_elevation_evidence|missing_csv_coordinate|location_mismatch_warning,top_candidate_for_multiple_mountains,shared_candidate,"mountain=黒森山(#226); candidate=summit-candidate:40e090ce41a89b55; track=""沓掛山・黒森山""; score=0.5; name_tier=strong; ele_diff=536.4m; loc=mismatch_warning; act_conf=high"
226,黒森山,summit-candidate:dd7a40896ae9f6d4,yamap_2024-06-08_08_42.gpx,沓掛山・黒森山,1666.7,1154,512.7,0.5,3,4,0.17,false,false,low,medium,low,low_priority,location_uncertain_keep,松山市,,candidate_boundary_ambiguous,,multiple_candidates_for_mountain|multiple_mountains_for_candidate|weak_elevation_evidence|missing_csv_coordinate|location_mismatch_warning,top_3_with_evidence,low_priority_alternative,"mountain=黒森山(#226); candidate=summit-candidate:dd7a40896ae9f6d4; track=""沓掛山・黒森山""; score=0.5; name_tier=strong; ele_diff=512.7m; loc=mismatch_warning; act_conf=high"
227,菊ヶ森,summit-candidate:2a670286f545beb2,yamap_2023-04-09_09_08.gpx,菊ヶ森・餓鬼ヶ森,910.6433333333334,914,3.36,0.85,1,1,0.12,true,true,medium,medium,high,resolve_conflict,location_strong_match,久万高原町,,same_municipality,久万高原町,multiple_candidates_for_mountain|multiple_mountains_for_candidate|missing_csv_coordinate,top_1_but_ambiguous|top_candidate_for_multiple_mountains|priority_reduced_strong_match_mutual_top1,shared_candidate,"mountain=菊ヶ森(#227); candidate=summit-candidate:2a670286f545beb2; track=""菊ヶ森・餓鬼ヶ森""; score=0.75; name_tier=strong; ele_diff=3.36m; loc=strong_overlap; act_conf=high"
227,菊ヶ森,summit-candidate:be07cff01023e072,yamap_2023-04-09_09_08.gpx,菊ヶ森・餓鬼ヶ森,950.8066666666667,914,36.81,0.73,2,2,0.06,false,true,medium,medium,low,low_priority,location_strong_match,久万高原町,,same_municipality,久万高原町,multiple_candidates_for_mountain|multiple_mountains_for_candidate|missing_csv_coordinate,top_3_with_evidence,low_priority_alternative,"mountain=菊ヶ森(#227); candidate=summit-candidate:be07cff01023e072; track=""菊ヶ森・餓鬼ヶ森""; score=0.63; name_tier=strong; ele_diff=36.81m; loc=strong_overlap; act_conf=high"
227,菊ヶ森,summit-candidate:4ffd2320af7e6acc,yamap_2023-04-09_09_08.gpx,菊ヶ森・餓鬼ヶ森,845.2599999999999,914,68.74,0.67,3,1,0.22,false,true,medium,medium,low,low_priority,location_strong_match,久万高原町,,same_municipality,久万高原町,multiple_candidates_for_mountain|multiple_mountains_for_candidate|weak_elevation_evidence|missing_csv_coordinate,top_3_with_evidence,low_priority_alternative,"mountain=菊ヶ森(#227); candidate=summit-candidate:4ffd2320af7e6acc; track=""菊ヶ森・餓鬼ヶ森""; score=0.57; name_tier=strong; ele_diff=68.74m; loc=strong_overlap; act_conf=high"
228,餓鬼ヶ森,summit-candidate:be07cff01023e072,yamap_2023-04-09_09_08.gpx,菊ヶ森・餓鬼ヶ森,950.8066666666667,954,3.19,0.85,1,1,0.12,true,true,medium,medium,medium,accept_candidate_after_map_check,location_strong_match,久万高原町,,same_municipality,久万高原町,multiple_candidates_for_mountain|multiple_mountains_for_candidate|missing_csv_coordinate,top_1_but_ambiguous|priority_reduced_strong_match_mutual_top1,clear_mutual_top1,"mountain=餓鬼ヶ森(#228); candidate=summit-candidate:be07cff01023e072; track=""菊ヶ森・餓鬼ヶ森""; score=0.75; name_tier=strong; ele_diff=3.19m; loc=strong_overlap; act_conf=high"
228,餓鬼ヶ森,summit-candidate:2a670286f545beb2,yamap_2023-04-09_09_08.gpx,菊ヶ森・餓鬼ヶ森,910.6433333333334,954,43.36,0.73,2,2,0.06,false,true,medium,high,high,resolve_conflict,location_strong_match,久万高原町,,same_municipality,久万高原町,multiple_candidates_for_mountain|multiple_mountains_for_candidate|missing_csv_coordinate,top_candidate_for_multiple_mountains,shared_candidate,"mountain=餓鬼ヶ森(#228); candidate=summit-candidate:2a670286f545beb2; track=""菊ヶ森・餓鬼ヶ森""; score=0.63; name_tier=strong; ele_diff=43.36m; loc=strong_overlap; act_conf=high"
228,餓鬼ヶ森,summit-candidate:4ffd2320af7e6acc,yamap_2023-04-09_09_08.gpx,菊ヶ森・餓鬼ヶ森,845.2599999999999,954,108.74,0.67,3,2,0.29,false,true,medium,medium,low,low_priority,location_strong_match,久万高原町,,same_municipality,久万高原町,multiple_candidates_for_mountain|multiple_mountains_for_candidate|weak_elevation_evidence|missing_csv_coordinate,top_3_with_evidence,low_priority_alternative,"mountain=餓鬼ヶ森(#228); candidate=summit-candidate:4ffd2320af7e6acc; track=""菊ヶ森・餓鬼ヶ森""; score=0.57; name_tier=strong; ele_diff=108.74m; loc=strong_overlap; act_conf=high"
229,船野山,summit-candidate:7880c9d0de83468b,yamap_2023-04-18_06_58.gpx,船野山,452.99666666666667,412,41,0.73,1,1,0.28,true,true,medium,medium,medium,accept_candidate_after_map_check,location_strong_match,東温市,,same_municipality,東温市,multiple_candidates_for_mountain|multiple_mountains_for_candidate|missing_csv_coordinate|activity_link_ambiguous,top_1_but_ambiguous|priority_reduced_strong_match_mutual_top1,clear_mutual_top1,"mountain=船野山(#229); candidate=summit-candidate:7880c9d0de83468b; track=""船野山""; score=0.63; name_tier=strong; ele_diff=41m; loc=strong_overlap; act_conf=high"
229,船野山,summit-candidate:9669b668bebfc145,yamap_2023-04-18_10_53.gpx,黒滝山・木久ヶ森,811.0092135228584,412,399.01,0.45,2,4,0.01,false,false,low,low,high,resolve_conflict,adjacent_but_deep_inside,東温市,,adjacent_municipality,西条市,multiple_candidates_for_mountain|multiple_mountains_for_candidate|weak_elevation_evidence|missing_csv_coordinate|location_mismatch_warning|activity_link_ambiguous,adjacent_but_deep_inside,shared_candidate,"mountain=船野山(#229); candidate=summit-candidate:9669b668bebfc145; track=""黒滝山・木久ヶ森""; score=0.5; name_tier=strong; ele_diff=399.01m; loc=mismatch_warning; act_conf=high"
229,船野山,summit-candidate:54cf4155ab259d9d,yamap_2022-02-26_07_43.gpx,御岳山,430.59999999999997,412,18.6,0.44,3,4,0.06,false,false,low,high,high,resolve_conflict,location_strong_match,東温市,,same_municipality,東温市,multiple_candidates_for_mountain|multiple_mountains_for_candidate|weak_name_evidence|missing_csv_coordinate|activity_link_ambiguous,top_candidate_for_multiple_mountains,shared_candidate,"mountain=船野山(#229); candidate=summit-candidate:54cf4155ab259d9d; track=""御岳山""; score=0.34; name_tier=none; ele_diff=18.6m; loc=strong_overlap; act_conf=high"
230,木久ヶ森,summit-candidate:9669b668bebfc145,yamap_2023-04-18_10_53.gpx,黒滝山・木久ヶ森,811.0092135228584,752,59.01,0.67,1,2,0.22,false,true,medium,high,high,resolve_conflict,location_strong_match,西条市,,same_municipality,西条市,multiple_candidates_for_mountain|multiple_mountains_for_candidate|weak_elevation_evidence|missing_csv_coordinate|activity_link_ambiguous,top_1_but_ambiguous|top_candidate_for_multiple_mountains,shared_candidate|not_mutual_top1,"mountain=木久ヶ森(#230); candidate=summit-candidate:9669b668bebfc145; track=""黒滝山・木久ヶ森""; score=0.57; name_tier=strong; ele_diff=59.01m; loc=strong_overlap; act_conf=high"
230,木久ヶ森,summit-candidate:7880c9d0de83468b,yamap_2023-04-18_06_58.gpx,船野山,452.99666666666667,752,299,0.45,2,2,0.12,false,true,low,low,high,check_location_warning,adjacent_but_deep_inside,西条市,,adjacent_municipality,東温市,multiple_candidates_for_mountain|multiple_mountains_for_candidate|weak_elevation_evidence|missing_csv_coordinate|location_mismatch_warning|activity_link_ambiguous,adjacent_but_deep_inside,adjacent_but_deep_inside,"mountain=木久ヶ森(#230); candidate=summit-candidate:7880c9d0de83468b; track=""船野山""; score=0.5; name_tier=strong; ele_diff=299m; loc=mismatch_warning; act_conf=high"
230,木久ヶ森,summit-candidate:6adfa15b8dbd8966,yamap_2026-02-07_07_21.gpx,牛の峰・尻高峰,756.9766666666668,752,4.98,0.33,3,7,0,false,false,low,medium,low,low_priority,location_uncertain_keep,西条市,,non_adjacent_municipality,大洲市,multiple_candidates_for_mountain|multiple_mountains_for_candidate|weak_name_evidence|missing_csv_coordinate|location_mismatch_warning|activity_link_ambiguous,top_3_with_evidence,low_priority_alternative,"mountain=木久ヶ森(#230); candidate=summit-candidate:6adfa15b8dbd8966; track=""牛の峰・尻高峰""; score=0.33; name_tier=none; ele_diff=4.98m; loc=mismatch_warning; act_conf=high"
231,黒滝山,summit-candidate:9669b668bebfc145,yamap_2023-04-18_10_53.gpx,黒滝山・木久ヶ森,811.0092135228584,809,2.01,0.85,1,1,0.4,true,true,medium,medium,high,resolve_conflict,location_strong_match,西条市,,same_municipality,西条市,multiple_candidates_for_mountain|multiple_mountains_for_candidate|missing_csv_coordinate|activity_link_ambiguous,top_1_but_ambiguous|top_candidate_for_multiple_mountains|priority_reduced_strong_match_mutual_top1,shared_candidate,"mountain=黒滝山(#231); candidate=summit-candidate:9669b668bebfc145; track=""黒滝山・木久ヶ森""; score=0.75; name_tier=strong; ele_diff=2.01m; loc=strong_overlap; act_conf=high"
231,黒滝山,summit-candidate:7880c9d0de83468b,yamap_2023-04-18_06_58.gpx,船野山,452.99666666666667,809,356,0.45,2,3,0.17,false,true,low,low,high,check_location_warning,adjacent_but_deep_inside,西条市,,adjacent_municipality,東温市,multiple_candidates_for_mountain|multiple_mountains_for_candidate|weak_elevation_evidence|missing_csv_coordinate|location_mismatch_warning|activity_link_ambiguous,adjacent_but_deep_inside,adjacent_but_deep_inside,"mountain=黒滝山(#231); candidate=summit-candidate:7880c9d0de83468b; track=""船野山""; score=0.5; name_tier=strong; ele_diff=356m; loc=mismatch_warning; act_conf=high"
231,黒滝山,summit-candidate:c2491268ea5645b7,yamap_2022-02-11_08_26.gpx,塩ヶ森・番駄ヶ森・ケタ山・大磨山・鍵山（象ヶ森）,801.5633333333334,809,7.44,0.28,3,6,0.01,false,false,low,low,high,check_location_warning,adjacent_but_deep_inside,西条市,,adjacent_municipality,東温市,multiple_candidates_for_mountain|multiple_mountains_for_candidate|weak_name_evidence|missing_csv_coordinate|location_mismatch_warning,adjacent_but_deep_inside,adjacent_but_deep_inside,"mountain=黒滝山(#231); candidate=summit-candidate:c2491268ea5645b7; track=""塩ヶ森・番駄ヶ森・ケタ山・大磨山・鍵山（象ヶ森）""; score=0.33; name_tier=none; ele_diff=7.44m; loc=mismatch_warning; act_conf=high"
232,奥之城山,summit-candidate:ea33d870d4700a56,yamap_2022-03-03_10_47.gpx,奥之城山・ヌタノサコ,414.2866666666667,420,5.71,0.85,1,1,0.12,true,true,medium,medium,medium,accept_candidate_after_map_check,location_strong_match,松山市,,same_municipality,松山市,multiple_candidates_for_mountain|multiple_mountains_for_candidate|missing_csv_coordinate,top_1_but_ambiguous|priority_reduced_strong_match_mutual_top1,clear_mutual_top1,"mountain=奥之城山(#232); candidate=summit-candidate:ea33d870d4700a56; track=""奥之城山・ヌタノサコ""; score=0.75; name_tier=strong; ele_diff=5.71m; loc=strong_overlap; act_conf=high"
232,奥之城山,summit-candidate:0ec3be2fa2295b82,yamap_2022-03-03_10_47.gpx,奥之城山・ヌタノサコ,388.2833333333333,420,31.72,0.73,2,1,0.06,false,true,medium,medium,low,low_priority,location_strong_match,松山市,,same_municipality,松山市,multiple_candidates_for_mountain|multiple_mountains_for_candidate|missing_csv_coordinate,top_3_with_evidence,low_priority_alternative,"mountain=奥之城山(#232); candidate=summit-candidate:0ec3be2fa2295b82; track=""奥之城山・ヌタノサコ""; score=0.63; name_tier=strong; ele_diff=31.72m; loc=strong_overlap; act_conf=high"
232,奥之城山,summit-candidate:7d7066baad9d7077,yamap_2022-03-03_10_47.gpx,奥之城山・ヌタノサコ,505.77666666666664,420,85.78,0.67,3,2,0.17,false,true,medium,high,high,resolve_conflict,location_strong_match,松山市,,same_municipality,松山市,multiple_candidates_for_mountain|multiple_mountains_for_candidate|weak_elevation_evidence|missing_csv_coordinate,top_candidate_for_multiple_mountains,shared_candidate,"mountain=奥之城山(#232); candidate=summit-candidate:7d7066baad9d7077; track=""奥之城山・ヌタノサコ""; score=0.57; name_tier=strong; ele_diff=85.78m; loc=strong_overlap; act_conf=high"
233,天狗岳,summit-candidate:3b98b67bbe0fe0f9,yamap_2022-05-22_08_09.gpx,石鎚山・天狗岳・南尖峰,1979.1701508543217,1982,2.83,0.68,1,2,0.41,false,true,medium,high,high,resolve_conflict,location_uncertain_keep,久万高原町,,candidate_boundary_ambiguous,,multiple_candidates_for_mountain|multiple_mountains_for_candidate|missing_csv_coordinate|location_mismatch_warning|activity_link_ambiguous,top_1_but_ambiguous|top_candidate_for_multiple_mountains,shared_candidate|not_mutual_top1,"mountain=天狗岳(#233); candidate=summit-candidate:3b98b67bbe0fe0f9; track=""石鎚山・天狗岳・南尖峰""; score=0.68; name_tier=strong; ele_diff=2.83m; loc=mismatch_warning; act_conf=high"
233,天狗岳,summit-candidate:19713e48698f3e2a,yamap_2025-09-07_08_00.gpx,鶴ノ子ノ頭・石鎚山,1967.0036586656968,1982,15,0.27,2,4,0,false,false,none,medium,low,low_priority,location_uncertain_keep,久万高原町,,candidate_boundary_ambiguous,,multiple_candidates_for_mountain|multiple_mountains_for_candidate|weak_name_evidence|missing_csv_coordinate|location_mismatch_warning,top_3_with_evidence,low_priority_alternative,"mountain=天狗岳(#233); candidate=summit-candidate:19713e48698f3e2a; track=""鶴ノ子ノ頭・石鎚山""; score=0.27; name_tier=none; ele_diff=15m; loc=mismatch_warning; act_conf=high"
233,天狗岳,summit-candidate:88555c5557efeb46,yamap_2022-09-24_08_33.gpx,石鎚山,1967.3733333333332,1982,14.63,0.27,3,3,,false,true,none,medium,low,low_priority,location_uncertain_keep,久万高原町,,candidate_boundary_ambiguous,,multiple_candidates_for_mountain|multiple_mountains_for_candidate|weak_name_evidence|missing_csv_coordinate|location_mismatch_warning,top_3_with_evidence,low_priority_alternative,"mountain=天狗岳(#233); candidate=summit-candidate:88555c5557efeb46; track=""石鎚山""; score=0.27; name_tier=none; ele_diff=14.63m; loc=mismatch_warning; act_conf=high"
234,石鎚山,summit-candidate:19713e48698f3e2a,yamap_2025-09-07_08_00.gpx,鶴ノ子ノ頭・石鎚山,1967.0036586656968,1972,5,0.68,1,1,0,true,true,medium,high,medium,accept_candidate_after_map_check,location_uncertain_keep,久万高原町,,candidate_boundary_ambiguous,,multiple_candidates_for_mountain|multiple_mountains_for_candidate|missing_csv_coordinate|location_mismatch_warning,top_1_but_ambiguous,clear_mutual_top1,"mountain=石鎚山(#234); candidate=summit-candidate:19713e48698f3e2a; track=""鶴ノ子ノ頭・石鎚山""; score=0.68; name_tier=strong; ele_diff=5m; loc=mismatch_warning; act_conf=high"
234,石鎚山,summit-candidate:3b98b67bbe0fe0f9,yamap_2022-05-22_08_09.gpx,石鎚山・天狗岳・南尖峰,1979.1701508543217,1972,7.17,0.68,2,3,0,false,true,medium,high,high,resolve_conflict,location_uncertain_keep,久万高原町,,candidate_boundary_ambiguous,,multiple_candidates_for_mountain|multiple_mountains_for_candidate|missing_csv_coordinate|location_mismatch_warning|activity_link_ambiguous,top_candidate_for_multiple_mountains,shared_candidate,"mountain=石鎚山(#234); candidate=summit-candidate:3b98b67bbe0fe0f9; track=""石鎚山・天狗岳・南尖峰""; score=0.68; name_tier=strong; ele_diff=7.17m; loc=mismatch_warning; act_conf=high"
234,石鎚山,summit-candidate:88555c5557efeb46,yamap_2022-09-24_08_33.gpx,石鎚山,1967.3733333333332,1972,4.63,0.68,3,1,0.11,false,true,medium,medium,high,check_close_alternatives,location_uncertain_keep,久万高原町,,candidate_boundary_ambiguous,,multiple_candidates_for_mountain|multiple_mountains_for_candidate|missing_csv_coordinate|location_mismatch_warning,top_3_with_evidence,small_score_gap,"mountain=石鎚山(#234); candidate=summit-candidate:88555c5557efeb46; track=""石鎚山""; score=0.68; name_tier=strong; ele_diff=4.63m; loc=mismatch_warning; act_conf=high"
235,善神山,summit-candidate:367897a1c7a2d287,yamap_2023-05-27_09_55.gpx,前善神山・善神山,1089.5833333333333,1094,4.42,0.85,1,1,0.46,true,true,medium,medium,high,resolve_conflict,location_strong_match,東温市,,same_municipality,東温市,multiple_candidates_for_mountain|multiple_mountains_for_candidate|missing_csv_coordinate,top_1_but_ambiguous|top_candidate_for_multiple_mountains|priority_reduced_strong_match_mutual_top1,shared_candidate,"mountain=善神山(#235); candidate=summit-candidate:367897a1c7a2d287; track=""前善神山・善神山""; score=0.75; name_tier=strong; ele_diff=4.42m; loc=strong_overlap; act_conf=high"
235,善神山,summit-candidate:4b33f9c73e644793,yamap_2022-05-15_06_10.gpx,割石東山・青滝山・堂ヶ森,1076.4162189328617,1094,17.58,0.39,2,8,0.06,false,false,low,medium,low,low_priority,boundary_plausible,東温市,,adjacent_municipality,久万高原町,multiple_candidates_for_mountain|multiple_mountains_for_candidate|weak_name_evidence|missing_csv_coordinate|activity_link_ambiguous,top_3_with_evidence,low_priority_alternative,"mountain=善神山(#235); candidate=summit-candidate:4b33f9c73e644793; track=""割石東山・青滝山・堂ヶ森""; score=0.34; name_tier=none; ele_diff=17.58m; loc=strong_overlap; act_conf=high"
235,善神山,summit-candidate:7a53852cc6c3e971,yamap_2026-03-01_06_45.gpx,剣ノ山・三傍示山・塩塚峰,1103.0333333333333,1094,9.03,0.33,3,7,0,false,false,low,medium,low,low_priority,location_uncertain_keep,東温市,,candidate_boundary_ambiguous,,multiple_candidates_for_mountain|multiple_mountains_for_candidate|weak_name_evidence|missing_csv_coordinate|location_mismatch_warning,top_3_with_evidence,low_priority_alternative,"mountain=善神山(#235); candidate=summit-candidate:7a53852cc6c3e971; track=""剣ノ山・三傍示山・塩塚峰""; score=0.33; name_tier=none; ele_diff=9.03m; loc=mismatch_warning; act_conf=high"
236,前善神山,summit-candidate:367897a1c7a2d287,yamap_2023-05-27_09_55.gpx,前善神山・善神山,1089.5833333333333,1070,19.58,0.79,1,2,0.34,false,true,medium,high,high,resolve_conflict,location_strong_match,東温市,,same_municipality,東温市,multiple_candidates_for_mountain|multiple_mountains_for_candidate|missing_csv_coordinate,top_1_but_ambiguous|top_candidate_for_multiple_mountains,shared_candidate|not_mutual_top1,"mountain=前善神山(#236); candidate=summit-candidate:367897a1c7a2d287; track=""前善神山・善神山""; score=0.69; name_tier=strong; ele_diff=19.58m; loc=strong_overlap; act_conf=high"
236,前善神山,summit-candidate:4b33f9c73e644793,yamap_2022-05-15_06_10.gpx,割石東山・青滝山・堂ヶ森,1076.4162189328617,1070,6.42,0.45,2,7,0.11,false,false,low,medium,high,check_location_warning,boundary_plausible,東温市,,adjacent_municipality,久万高原町,multiple_candidates_for_mountain|multiple_mountains_for_candidate|weak_name_evidence|missing_csv_coordinate|activity_link_ambiguous,top_3_with_evidence,boundary_plausible,"mountain=前善神山(#236); candidate=summit-candidate:4b33f9c73e644793; track=""割石東山・青滝山・堂ヶ森""; score=0.4; name_tier=none; ele_diff=6.42m; loc=strong_overlap; act_conf=high"
236,前善神山,summit-candidate:446b5fe1e7a8b2fd,yamap_2023-03-11_06_08.gpx,福見山・明神ヶ森・南三方ヶ森・魚谷森・左谷ノ森,1048.2366666666665,1070,21.76,0.34,3,7,0,false,false,low,medium,low,low_priority,location_uncertain_keep,東温市,,candidate_boundary_ambiguous,,multiple_candidates_for_mountain|multiple_mountains_for_candidate|weak_name_evidence|missing_csv_coordinate,top_3_with_evidence,low_priority_alternative,"mountain=前善神山(#236); candidate=summit-candidate:446b5fe1e7a8b2fd; track=""福見山・明神ヶ森・南三方ヶ森・魚谷森・左谷ノ森""; score=0.34; name_tier=none; ele_diff=21.76m; loc=strong_overlap; act_conf=high"
237,五葉が森,summit-candidate:9488d92d9ea95406,yamap_2023-06-11_11_57.gpx,五葉が森,837.212880782981,841,3.79,0.75,1,1,0.18,true,true,medium,high,medium,accept_candidate_after_map_check,location_uncertain_keep,今治市,,candidate_boundary_ambiguous,,multiple_candidates_for_mountain|multiple_mountains_for_candidate|missing_csv_coordinate,top_1_but_ambiguous,clear_mutual_top1,"mountain=五葉が森(#237); candidate=summit-candidate:9488d92d9ea95406; track=""五葉が森""; score=0.75; name_tier=strong; ele_diff=3.79m; loc=strong_overlap; act_conf=high"
237,五葉が森,summit-candidate:1d3eb619bd125bfd,yamap_2023-06-11_11_57.gpx,五葉が森,778.4133333333334,841,62.59,0.57,2,1,0.24,false,true,medium,medium,low,low_priority,location_uncertain_keep,今治市,,candidate_boundary_ambiguous,,multiple_candidates_for_mountain|multiple_mountains_for_candidate|weak_elevation_evidence|missing_csv_coordinate,top_3_with_evidence,low_priority_alternative,"mountain=五葉が森(#237); candidate=summit-candidate:1d3eb619bd125bfd; track=""五葉が森""; score=0.57; name_tier=strong; ele_diff=62.59m; loc=strong_overlap; act_conf=high"
237,五葉が森,summit-candidate:3f84cc393481fcf2,yamap_2025-04-06_08_48.gpx,加塚山,850.5566666666667,841,9.56,0.33,3,4,0,false,false,low,medium,low,low_priority,location_uncertain_keep,今治市,,non_adjacent_municipality,宇和島市,multiple_candidates_for_mountain|multiple_mountains_for_candidate|weak_name_evidence|missing_csv_coordinate|location_mismatch_warning,top_3_with_evidence,low_priority_alternative,"mountain=五葉が森(#237); candidate=summit-candidate:3f84cc393481fcf2; track=""加塚山""; score=0.33; name_tier=none; ele_diff=9.56m; loc=mismatch_warning; act_conf=high"
238,冠岳,summit-candidate:b73a23fa4b3abc39,yamap_2023-09-06_13_30.gpx,冠岳,1375.6266666666668,1380,4.37,0.85,1,1,0.3,true,true,medium,medium,high,resolve_conflict,location_strong_match,久万高原町,,same_municipality,久万高原町,multiple_candidates_for_mountain|multiple_mountains_for_candidate|missing_csv_coordinate,top_1_but_ambiguous|top_candidate_for_multiple_mountains|priority_reduced_strong_match_mutual_top1,shared_candidate,"mountain=冠岳(#238); candidate=summit-candidate:b73a23fa4b3abc39; track=""冠岳""; score=0.75; name_tier=strong; ele_diff=4.37m; loc=strong_overlap; act_conf=high"
238,冠岳,summit-candidate:fe43b0b6aa90cb8f,yamap_2022-07-02_07_43.gpx,石鎚山・西ノ冠岳・面河の頭・二ノ森・鞍瀬ノ頭,1920.7933333333333,1380,540.79,0.55,2,6,0.05,false,false,low,medium,high,check_location_warning,boundary_plausible,久万高原町,,adjacent_municipality,西条市,multiple_candidates_for_mountain|multiple_mountains_for_candidate|weak_elevation_evidence|missing_csv_coordinate|location_mismatch_warning,top_3_with_evidence,boundary_plausible,"mountain=冠岳(#238); candidate=summit-candidate:fe43b0b6aa90cb8f; track=""石鎚山・西ノ冠岳・面河の頭・二ノ森・鞍瀬ノ頭""; score=0.5; name_tier=strong; ele_diff=540.79m; loc=mismatch_warning; act_conf=high"
238,冠岳,summit-candidate:846b096132c533d6,yamap_2022-07-02_07_43.gpx,石鎚山・西ノ冠岳・面河の頭・二ノ森・鞍瀬ノ頭,1879.8966666666665,1380,499.9,0.5,3,6,0,false,false,low,high,high,resolve_conflict,location_uncertain_keep,久万高原町,,candidate_boundary_ambiguous,,multiple_candidates_for_mountain|multiple_mountains_for_candidate|weak_elevation_evidence|missing_csv_coordinate|location_mismatch_warning,top_candidate_for_multiple_mountains,shared_candidate,"mountain=冠岳(#238); candidate=summit-candidate:846b096132c533d6; track=""石鎚山・西ノ冠岳・面河の頭・二ノ森・鞍瀬ノ頭""; score=0.5; name_tier=strong; ele_diff=499.9m; loc=mismatch_warning; act_conf=high"
239,東赤石山,summit-candidate:2b7cce23b57844a5,yamap_2022-10-08_06_12.gpx,東山・西赤石山・物住頭・前赤石山・東赤石山・八巻山,1699.1266666666668,1710,10.87,0.69,1,3,0.02,false,true,medium,high,high,resolve_conflict,location_uncertain_keep,新居浜市,,candidate_boundary_ambiguous,,multiple_candidates_for_mountain|multiple_mountains_for_candidate|missing_csv_coordinate,top_1_but_ambiguous|top_candidate_for_multiple_mountains,shared_candidate|not_mutual_top1,"mountain=東赤石山(#239); candidate=summit-candidate:2b7cce23b57844a5; track=""東山・西赤石山・物住頭・前赤石山・東赤石山・八巻山""; score=0.69; name_tier=strong; ele_diff=10.87m; loc=strong_overlap; act_conf=high"
239,東赤石山,summit-candidate:5104c47f17101d63,yamap_2022-10-08_06_12.gpx,東山・西赤石山・物住頭・前赤石山・東赤石山・八巻山,1621.9866666666667,1710,88.01,0.67,2,5,0,false,false,medium,medium,high,check_close_alternatives,location_strong_match,新居浜市,,same_municipality,新居浜市,multiple_candidates_for_mountain|multiple_mountains_for_candidate|weak_elevation_evidence|missing_csv_coordinate,top_3_with_evidence,small_score_gap,"mountain=東赤石山(#239); candidate=summit-candidate:5104c47f17101d63; track=""東山・西赤石山・物住頭・前赤石山・東赤石山・八巻山""; score=0.57; name_tier=strong; ele_diff=88.01m; loc=strong_overlap; act_conf=high"
239,東赤石山,summit-candidate:e2bdd25969c7f122,yamap_2022-10-08_06_12.gpx,東山・西赤石山・物住頭・前赤石山・東赤石山・八巻山,1651.7766666666666,1710,58.22,0.67,3,6,0.1,false,false,medium,medium,high,check_close_alternatives,location_strong_match,新居浜市,,same_municipality,新居浜市,multiple_candidates_for_mountain|multiple_mountains_for_candidate|weak_elevation_evidence|missing_csv_coordinate,top_3_with_evidence,small_score_gap,"mountain=東赤石山(#239); candidate=summit-candidate:e2bdd25969c7f122; track=""東山・西赤石山・物住頭・前赤石山・東赤石山・八巻山""; score=0.57; name_tier=strong; ele_diff=58.22m; loc=strong_overlap; act_conf=high"
240,八巻山,summit-candidate:2b7cce23b57844a5,yamap_2022-10-08_06_12.gpx,東山・西赤石山・物住頭・前赤石山・東赤石山・八巻山,1699.1266666666668,1698,1.13,0.75,1,1,0.02,true,true,medium,high,high,resolve_conflict,location_uncertain_keep,新居浜市,,candidate_boundary_ambiguous,,multiple_candidates_for_mountain|multiple_mountains_for_candidate|missing_csv_coordinate,top_1_but_ambiguous|top_candidate_for_multiple_mountains,shared_candidate,"mountain=八巻山(#240); candidate=summit-candidate:2b7cce23b57844a5; track=""東山・西赤石山・物住頭・前赤石山・東赤石山・八巻山""; score=0.75; name_tier=strong; ele_diff=1.13m; loc=strong_overlap; act_conf=high"
240,八巻山,summit-candidate:e2bdd25969c7f122,yamap_2022-10-08_06_12.gpx,東山・西赤石山・物住頭・前赤石山・東赤石山・八巻山,1651.7766666666666,1698,46.22,0.73,2,4,0.06,false,false,medium,medium,high,check_close_alternatives,location_strong_match,新居浜市,,same_municipality,新居浜市,multiple_candidates_for_mountain|multiple_mountains_for_candidate|missing_csv_coordinate,top_3_with_evidence,small_score_gap,"mountain=八巻山(#240); candidate=summit-candidate:e2bdd25969c7f122; track=""東山・西赤石山・物住頭・前赤石山・東赤石山・八巻山""; score=0.63; name_tier=strong; ele_diff=46.22m; loc=strong_overlap; act_conf=high"
240,八巻山,summit-candidate:5104c47f17101d63,yamap_2022-10-08_06_12.gpx,東山・西赤石山・物住頭・前赤石山・東赤石山・八巻山,1621.9866666666667,1698,76.01,0.67,3,6,0.1,false,false,medium,medium,low,low_priority,location_strong_match,新居浜市,,same_municipality,新居浜市,multiple_candidates_for_mountain|multiple_mountains_for_candidate|weak_elevation_evidence|missing_csv_coordinate,top_3_with_evidence,low_priority_alternative,"mountain=八巻山(#240); candidate=summit-candidate:5104c47f17101d63; track=""東山・西赤石山・物住頭・前赤石山・東赤石山・八巻山""; score=0.57; name_tier=strong; ele_diff=76.01m; loc=strong_overlap; act_conf=high"
241,ベツソ山,summit-candidate:dba931625b34d9ac,yamap_2023-10-13_10_02.gpx,ベツソ山・歯朶谷山,313.21999999999997,266,47.22,0.73,1,2,0.35,false,true,medium,high,high,resolve_conflict,location_strong_match,伊予市,,same_municipality,伊予市,multiple_candidates_for_mountain|multiple_mountains_for_candidate|missing_csv_coordinate,top_1_but_ambiguous|top_candidate_for_multiple_mountains,shared_candidate|not_mutual_top1,"mountain=ベツソ山(#241); candidate=summit-candidate:dba931625b34d9ac; track=""ベツソ山・歯朶谷山""; score=0.63; name_tier=strong; ele_diff=47.22m; loc=strong_overlap; act_conf=high"
241,ベツソ山,summit-candidate:4416099ca0f9da08,yamap_2024-12-22_10_25.gpx,笹ヶ平山,260.1933333333333,266,5.81,0.38,2,6,0.01,false,false,low,high,high,resolve_conflict,boundary_plausible,伊予市,,adjacent_municipality,砥部町,multiple_candidates_for_mountain|multiple_mountains_for_candidate|weak_name_evidence|missing_csv_coordinate|location_mismatch_warning|activity_link_ambiguous,top_candidate_for_multiple_mountains,shared_candidate,"mountain=ベツソ山(#241); candidate=summit-candidate:4416099ca0f9da08; track=""笹ヶ平山""; score=0.33; name_tier=none; ele_diff=5.81m; loc=mismatch_warning; act_conf=high"
241,ベツソ山,summit-candidate:4973965873779cdc,yamap_2024-12-22_06_34.gpx,八倉山・行道山・水晶ヶ森,251.46333333333337,266,14.54,0.37,3,5,0.04,false,false,none,medium,low,low_priority,location_strong_match,伊予市,,same_municipality,伊予市,multiple_candidates_for_mountain|multiple_mountains_for_candidate|weak_name_evidence|missing_csv_coordinate|location_mismatch_warning|activity_link_ambiguous,top_3_with_evidence,low_priority_alternative,"mountain=ベツソ山(#241); candidate=summit-candidate:4973965873779cdc; track=""八倉山・行道山・水晶ヶ森""; score=0.27; name_tier=none; ele_diff=14.54m; loc=mismatch_warning; act_conf=high"
242,歯朶谷山,summit-candidate:dba931625b34d9ac,yamap_2023-10-13_10_02.gpx,ベツソ山・歯朶谷山,313.21999999999997,314,0.78,0.85,1,1,0.52,true,true,medium,medium,high,resolve_conflict,location_strong_match,伊予市,,same_municipality,伊予市,multiple_candidates_for_mountain|multiple_mountains_for_candidate|missing_csv_coordinate,top_1_but_ambiguous|top_candidate_for_multiple_mountains|priority_reduced_strong_match_mutual_top1,shared_candidate,"mountain=歯朶谷山(#242); candidate=summit-candidate:dba931625b34d9ac; track=""ベツソ山・歯朶谷山""; score=0.75; name_tier=strong; ele_diff=0.78m; loc=strong_overlap; act_conf=high"
242,歯朶谷山,summit-candidate:35b464661fa62df9,yamap_2022-09-15_09_20.gpx,三山,323.2966666666667,314,9.3,0.33,2,7,0,false,false,low,high,high,resolve_conflict,location_uncertain_keep,伊予市,,non_adjacent_municipality,上島町,multiple_candidates_for_mountain|multiple_mountains_for_candidate|weak_name_evidence|missing_csv_coordinate|location_mismatch_warning|activity_link_ambiguous,top_candidate_for_multiple_mountains,shared_candidate,"mountain=歯朶谷山(#242); candidate=summit-candidate:35b464661fa62df9; track=""三山""; score=0.33; name_tier=none; ele_diff=9.3m; loc=mismatch_warning; act_conf=high"
242,歯朶谷山,summit-candidate:d03c84134ca0989d,yamap_2022-01-22_09_04.gpx,高森山・岩伽羅山・衣掛山・吉山(吉山城址),306.31,314,7.69,0.33,3,14,0,false,false,low,high,high,resolve_conflict,location_uncertain_keep,伊予市,,non_adjacent_municipality,東温市,multiple_candidates_for_mountain|multiple_mountains_for_candidate|weak_name_evidence|missing_csv_coordinate|location_mismatch_warning,top_candidate_for_multiple_mountains,shared_candidate,"mountain=歯朶谷山(#242); candidate=summit-candidate:d03c84134ca0989d; track=""高森山・岩伽羅山・衣掛山・吉山(吉山城址)""; score=0.33; name_tier=none; ele_diff=7.69m; loc=mismatch_warning; act_conf=high"
243,丸山,summit-candidate:2670057d58a25475,yamap_2023-10-14_07_53.gpx,丸山,616.4333333333334,624,7.57,0.85,1,1,0.3,true,true,medium,medium,medium,accept_candidate_after_map_check,location_strong_match,今治市,,same_municipality,今治市,multiple_candidates_for_mountain|multiple_mountains_for_candidate|missing_csv_coordinate,top_1_but_ambiguous|priority_reduced_strong_match_mutual_top1,clear_mutual_top1,"mountain=丸山(#243); candidate=summit-candidate:2670057d58a25475; track=""丸山""; score=0.75; name_tier=strong; ele_diff=7.57m; loc=strong_overlap; act_conf=high"
243,丸山,summit-candidate:5f001ac124f82ef6,yamap_2022-10-19_16_00.gpx,西港山・大丸山・港山,41.080000000000005,624,582.92,0.55,2,4,0,false,false,low,high,high,resolve_conflict,boundary_plausible,今治市,,adjacent_municipality,松山市,multiple_candidates_for_mountain|multiple_mountains_for_candidate|weak_elevation_evidence|missing_csv_coordinate|location_mismatch_warning|timezone_sensitive_activity_link,top_candidate_for_multiple_mountains,shared_candidate,"mountain=丸山(#243); candidate=summit-candidate:5f001ac124f82ef6; track=""西港山・大丸山・港山""; score=0.5; name_tier=strong; ele_diff=582.92m; loc=mismatch_warning; act_conf=high"
243,丸山,summit-candidate:a9a2a270fb6273fe,yamap_2022-10-19_16_00.gpx,西港山・大丸山・港山,63.77666666666667,624,560.22,0.55,3,4,0,false,false,low,medium,high,check_location_warning,boundary_plausible,今治市,,adjacent_municipality,松山市,multiple_candidates_for_mountain|multiple_mountains_for_candidate|weak_elevation_evidence|missing_csv_coordinate|location_mismatch_warning|timezone_sensitive_activity_link,top_3_with_evidence,boundary_plausible,"mountain=丸山(#243); candidate=summit-candidate:a9a2a270fb6273fe; track=""西港山・大丸山・港山""; score=0.5; name_tier=strong; ele_diff=560.22m; loc=mismatch_warning; act_conf=high"
244,二ノ岳,summit-candidate:b58470f57bb41331,yamap_2023-10-22_06_44.gpx,二ノ岳・高森,1152.69,1156,3.31,0.63,1,1,0.13,true,true,medium,low,medium,accept_candidate_after_map_check,adjacent_but_deep_inside,久万高原町,,adjacent_municipality,西条市,multiple_candidates_for_mountain|multiple_mountains_for_candidate|missing_csv_coordinate|location_mismatch_warning,adjacent_but_deep_inside,clear_mutual_top1,"mountain=二ノ岳(#244); candidate=summit-candidate:b58470f57bb41331; track=""二ノ岳・高森""; score=0.68; name_tier=strong; ele_diff=3.31m; loc=mismatch_warning; act_conf=high"
244,二ノ岳,summit-candidate:0a89128346167f6e,yamap_2024-04-07_06_45.gpx,二箆山・西雑誌山,1158.3666666666668,1156,2.37,0.5,2,3,0,false,true,low,medium,low,low_priority,location_strong_match,久万高原町,,same_municipality,久万高原町,multiple_candidates_for_mountain|multiple_mountains_for_candidate|weak_name_evidence|missing_csv_coordinate,top_3_with_evidence,low_priority_alternative,"mountain=二ノ岳(#244); candidate=summit-candidate:0a89128346167f6e; track=""二箆山・西雑誌山""; score=0.4; name_tier=none; ele_diff=2.37m; loc=strong_overlap; act_conf=high"
244,二ノ岳,summit-candidate:ad2256a1bfd3ef78,yamap_2023-11-11_07_17.gpx,四辻ノ森・三光ノ辻山,1157.3250757909168,1156,1.33,0.5,3,3,0.05,false,true,low,medium,low,low_priority,location_strong_match,久万高原町,,same_municipality,久万高原町,multiple_candidates_for_mountain|multiple_mountains_for_candidate|weak_name_evidence|missing_csv_coordinate,top_3_with_evidence,low_priority_alternative,"mountain=二ノ岳(#244); candidate=summit-candidate:ad2256a1bfd3ef78; track=""四辻ノ森・三光ノ辻山""; score=0.4; name_tier=none; ele_diff=1.33m; loc=strong_overlap; act_conf=high"
245,高森,summit-candidate:5771cdd191c3861d,yamap_2023-10-22_06_44.gpx,二ノ岳・高森,1351.1733333333334,1360,8.83,0.63,1,1,0,true,true,medium,low,high,resolve_conflict,adjacent_but_deep_inside,久万高原町,,adjacent_municipality,西条市,multiple_candidates_for_mountain|multiple_mountains_for_candidate|missing_csv_coordinate|location_mismatch_warning,adjacent_but_deep_inside,shared_candidate,"mountain=高森(#245); candidate=summit-candidate:5771cdd191c3861d; track=""二ノ岳・高森""; score=0.68; name_tier=strong; ele_diff=8.83m; loc=mismatch_warning; act_conf=high"
245,高森,summit-candidate:a61fd78e4e062683,yamap_2023-10-22_06_44.gpx,二ノ岳・高森,1361.2233333333334,1360,1.22,0.63,2,1,0.08,false,true,medium,low,high,check_close_alternatives,adjacent_but_deep_inside,久万高原町,,adjacent_municipality,西条市,multiple_candidates_for_mountain|multiple_mountains_for_candidate|missing_csv_coordinate|location_mismatch_warning,adjacent_but_deep_inside,small_score_gap,"mountain=高森(#245); candidate=summit-candidate:a61fd78e4e062683; track=""二ノ岳・高森""; score=0.68; name_tier=strong; ele_diff=1.22m; loc=mismatch_warning; act_conf=high"
245,高森,summit-candidate:d03c84134ca0989d,yamap_2022-01-22_09_04.gpx,高森山・岩伽羅山・衣掛山・吉山(吉山城址),306.31,1360,1053.69,0.55,3,6,0.05,false,false,low,high,high,resolve_conflict,boundary_plausible,久万高原町,,adjacent_municipality,東温市,multiple_candidates_for_mountain|multiple_mountains_for_candidate|weak_elevation_evidence|missing_csv_coordinate|location_mismatch_warning,top_candidate_for_multiple_mountains,shared_candidate,"mountain=高森(#245); candidate=summit-candidate:d03c84134ca0989d; track=""高森山・岩伽羅山・衣掛山・吉山(吉山城址)""; score=0.5; name_tier=strong; ele_diff=1053.69m; loc=mismatch_warning; act_conf=high"
246,四辻ノ森,summit-candidate:d659f1dc6e5fa0b5,yamap_2023-11-11_07_17.gpx,四辻ノ森・三光ノ辻山,1206.9212487152886,1201,5.92,0.85,1,1,0.06,true,true,medium,medium,medium,accept_candidate_after_map_check,location_strong_match,久万高原町,,same_municipality,久万高原町,multiple_candidates_for_mountain|multiple_mountains_for_candidate|missing_csv_coordinate,top_1_but_ambiguous|priority_reduced_strong_match_mutual_top1,clear_mutual_top1,"mountain=四辻ノ森(#246); candidate=summit-candidate:d659f1dc6e5fa0b5; track=""四辻ノ森・三光ノ辻山""; score=0.75; name_tier=strong; ele_diff=5.92m; loc=strong_overlap; act_conf=high"
246,四辻ノ森,summit-candidate:c4504025c94f843c,yamap_2023-11-11_07_17.gpx,四辻ノ森・三光ノ辻山,1215.0715256104047,1201,14.07,0.79,2,2,0.06,false,true,medium,medium,low,low_priority,location_strong_match,久万高原町,,same_municipality,久万高原町,multiple_candidates_for_mountain|multiple_mountains_for_candidate|missing_csv_coordinate,top_3_with_evidence,low_priority_alternative,"mountain=四辻ノ森(#246); candidate=summit-candidate:c4504025c94f843c; track=""四辻ノ森・三光ノ辻山""; score=0.69; name_tier=strong; ele_diff=14.07m; loc=strong_overlap; act_conf=high"
246,四辻ノ森,summit-candidate:05f8527418663d3a,yamap_2023-11-11_07_17.gpx,四辻ノ森・三光ノ辻山,1237.4900548329229,1201,36.49,0.73,3,2,0,false,true,medium,medium,low,low_priority,location_strong_match,久万高原町,,same_municipality,久万高原町,multiple_candidates_for_mountain|multiple_mountains_for_candidate|missing_csv_coordinate,top_3_with_evidence,low_priority_alternative,"mountain=四辻ノ森(#246); candidate=summit-candidate:05f8527418663d3a; track=""四辻ノ森・三光ノ辻山""; score=0.63; name_tier=strong; ele_diff=36.49m; loc=strong_overlap; act_conf=high"
247,三光ノ辻山,summit-candidate:c4504025c94f843c,yamap_2023-11-11_07_17.gpx,四辻ノ森・三光ノ辻山,1215.0715256104047,1215,0.07,0.85,1,1,0,true,true,medium,medium,medium,accept_candidate_after_map_check,location_strong_match,久万高原町,,same_municipality,久万高原町,multiple_candidates_for_mountain|multiple_mountains_for_candidate|missing_csv_coordinate,top_1_but_ambiguous|priority_reduced_strong_match_mutual_top1,clear_mutual_top1,"mountain=三光ノ辻山(#247); candidate=summit-candidate:c4504025c94f843c; track=""四辻ノ森・三光ノ辻山""; score=0.75; name_tier=strong; ele_diff=0.07m; loc=strong_overlap; act_conf=high"
247,三光ノ辻山,summit-candidate:d659f1dc6e5fa0b5,yamap_2023-11-11_07_17.gpx,四辻ノ森・三光ノ辻山,1206.9212487152886,1215,8.08,0.85,2,2,0.06,false,true,medium,medium,high,check_close_alternatives,location_strong_match,久万高原町,,same_municipality,久万高原町,multiple_candidates_for_mountain|multiple_mountains_for_candidate|missing_csv_coordinate,top_3_with_evidence,small_score_gap,"mountain=三光ノ辻山(#247); candidate=summit-candidate:d659f1dc6e5fa0b5; track=""四辻ノ森・三光ノ辻山""; score=0.75; name_tier=strong; ele_diff=8.08m; loc=strong_overlap; act_conf=high"
247,三光ノ辻山,summit-candidate:05f8527418663d3a,yamap_2023-11-11_07_17.gpx,四辻ノ森・三光ノ辻山,1237.4900548329229,1215,22.49,0.79,3,1,0.12,false,true,medium,medium,low,low_priority,location_strong_match,久万高原町,,same_municipality,久万高原町,multiple_candidates_for_mountain|multiple_mountains_for_candidate|missing_csv_coordinate,top_3_with_evidence,low_priority_alternative,"mountain=三光ノ辻山(#247); candidate=summit-candidate:05f8527418663d3a; track=""四辻ノ森・三光ノ辻山""; score=0.69; name_tier=strong; ele_diff=22.49m; loc=strong_overlap; act_conf=high"
248,瀬戸黒森,summit-candidate:290abf917754fd0b,yamap_2023-11-19_06_46.gpx,瀬戸黒森・三森・羽子山・観音森,972.6666666666666,976,3.33,0.75,1,1,0.08,true,true,medium,high,medium,accept_candidate_after_map_check,location_uncertain_keep,愛南町,,candidate_boundary_ambiguous,,multiple_candidates_for_mountain|multiple_mountains_for_candidate|missing_csv_coordinate,top_1_but_ambiguous,clear_mutual_top1,"mountain=瀬戸黒森(#248); candidate=summit-candidate:290abf917754fd0b; track=""瀬戸黒森・三森・羽子山・観音森""; score=0.75; name_tier=strong; ele_diff=3.33m; loc=strong_overlap; act_conf=high"
248,瀬戸黒森,summit-candidate:9a0532ee2b40e5f3,yamap_2023-11-19_06_46.gpx,瀬戸黒森・三森・羽子山・観音森,725.5,976,250.5,0.67,2,2,0,false,true,medium,medium,low,low_priority,location_strong_match,愛南町,,same_municipality,愛南町,multiple_candidates_for_mountain|multiple_mountains_for_candidate|weak_elevation_evidence|missing_csv_coordinate,top_3_with_evidence,low_priority_alternative,"mountain=瀬戸黒森(#248); candidate=summit-candidate:9a0532ee2b40e5f3; track=""瀬戸黒森・三森・羽子山・観音森""; score=0.57; name_tier=strong; ele_diff=250.5m; loc=strong_overlap; act_conf=high"
248,瀬戸黒森,summit-candidate:b997b8fd6709731d,yamap_2023-11-19_06_46.gpx,瀬戸黒森・三森・羽子山・観音森,806.4699999999999,976,169.53,0.67,3,2,0,false,true,medium,medium,low,low_priority,location_strong_match,愛南町,,same_municipality,愛南町,multiple_candidates_for_mountain|multiple_mountains_for_candidate|weak_elevation_evidence|missing_csv_coordinate,top_3_with_evidence,low_priority_alternative,"mountain=瀬戸黒森(#248); candidate=summit-candidate:b997b8fd6709731d; track=""瀬戸黒森・三森・羽子山・観音森""; score=0.57; name_tier=strong; ele_diff=169.53m; loc=strong_overlap; act_conf=high"
249,羽子山,summit-candidate:9a0532ee2b40e5f3,yamap_2023-11-19_06_46.gpx,瀬戸黒森・三森・羽子山・観音森,725.5,730,4.5,0.85,1,1,0.18,true,true,medium,medium,medium,accept_candidate_after_map_check,location_strong_match,愛南町,,same_municipality,愛南町,multiple_candidates_for_mountain|multiple_mountains_for_candidate|missing_csv_coordinate,top_1_but_ambiguous|priority_reduced_strong_match_mutual_top1,clear_mutual_top1,"mountain=羽子山(#249); candidate=summit-candidate:9a0532ee2b40e5f3; track=""瀬戸黒森・三森・羽子山・観音森""; score=0.75; name_tier=strong; ele_diff=4.5m; loc=strong_overlap; act_conf=high"
249,羽子山,summit-candidate:b997b8fd6709731d,yamap_2023-11-19_06_46.gpx,瀬戸黒森・三森・羽子山・観音森,806.4699999999999,730,76.47,0.67,2,3,0,false,true,medium,medium,low,low_priority,location_strong_match,愛南町,,same_municipality,愛南町,multiple_candidates_for_mountain|multiple_mountains_for_candidate|weak_elevation_evidence|missing_csv_coordinate,top_3_with_evidence,low_priority_alternative,"mountain=羽子山(#249); candidate=summit-candidate:b997b8fd6709731d; track=""瀬戸黒森・三森・羽子山・観音森""; score=0.57; name_tier=strong; ele_diff=76.47m; loc=strong_overlap; act_conf=high"
249,羽子山,summit-candidate:cf1cb583d492455c,yamap_2023-11-19_06_46.gpx,瀬戸黒森・三森・羽子山・観音森,784.9416257231666,730,54.94,0.67,3,3,0,false,true,medium,medium,low,low_priority,location_strong_match,愛南町,,same_municipality,愛南町,multiple_candidates_for_mountain|multiple_mountains_for_candidate|weak_elevation_evidence|missing_csv_coordinate,top_3_with_evidence,low_priority_alternative,"mountain=羽子山(#249); candidate=summit-candidate:cf1cb583d492455c; track=""瀬戸黒森・三森・羽子山・観音森""; score=0.57; name_tier=strong; ele_diff=54.94m; loc=strong_overlap; act_conf=high"
250,観音森,summit-candidate:cf1cb583d492455c,yamap_2023-11-19_06_46.gpx,瀬戸黒森・三森・羽子山・観音森,784.9416257231666,779,5.94,0.85,1,1,0.06,true,true,medium,medium,medium,accept_candidate_after_map_check,location_strong_match,愛南町,,same_municipality,愛南町,multiple_candidates_for_mountain|multiple_mountains_for_candidate|missing_csv_coordinate,top_1_but_ambiguous|priority_reduced_strong_match_mutual_top1,clear_mutual_top1,"mountain=観音森(#250); candidate=summit-candidate:cf1cb583d492455c; track=""瀬戸黒森・三森・羽子山・観音森""; score=0.75; name_tier=strong; ele_diff=5.94m; loc=strong_overlap; act_conf=high"
250,観音森,summit-candidate:b997b8fd6709731d,yamap_2023-11-19_06_46.gpx,瀬戸黒森・三森・羽子山・観音森,806.4699999999999,779,27.47,0.79,2,1,0.12,false,true,medium,medium,low,low_priority,location_strong_match,愛南町,,same_municipality,愛南町,multiple_candidates_for_mountain|multiple_mountains_for_candidate|missing_csv_coordinate,top_3_with_evidence,low_priority_alternative,"mountain=観音森(#250); candidate=summit-candidate:b997b8fd6709731d; track=""瀬戸黒森・三森・羽子山・観音森""; score=0.69; name_tier=strong; ele_diff=27.47m; loc=strong_overlap; act_conf=high"
250,観音森,summit-candidate:9a0532ee2b40e5f3,yamap_2023-11-19_06_46.gpx,瀬戸黒森・三森・羽子山・観音森,725.5,779,53.5,0.67,3,3,0,false,true,medium,medium,low,low_priority,location_strong_match,愛南町,,same_municipality,愛南町,multiple_candidates_for_mountain|multiple_mountains_for_candidate|weak_elevation_evidence|missing_csv_coordinate,top_3_with_evidence,low_priority_alternative,"mountain=観音森(#250); candidate=summit-candidate:9a0532ee2b40e5f3; track=""瀬戸黒森・三森・羽子山・観音森""; score=0.57; name_tier=strong; ele_diff=53.5m; loc=strong_overlap; act_conf=high"
251,三森,summit-candidate:f7593239fa7bdcc9,yamap_2023-11-19_06_46.gpx,瀬戸黒森・三森・羽子山・観音森,864.3133333333334,867,2.69,0.85,1,1,0.18,true,true,medium,medium,medium,accept_candidate_after_map_check,location_strong_match,愛南町,,same_municipality,愛南町,multiple_candidates_for_mountain|multiple_mountains_for_candidate|missing_csv_coordinate,top_1_but_ambiguous|priority_reduced_strong_match_mutual_top1,clear_mutual_top1,"mountain=三森(#251); candidate=summit-candidate:f7593239fa7bdcc9; track=""瀬戸黒森・三森・羽子山・観音森""; score=0.75; name_tier=strong; ele_diff=2.69m; loc=strong_overlap; act_conf=high"
251,三森,summit-candidate:9a0532ee2b40e5f3,yamap_2023-11-19_06_46.gpx,瀬戸黒森・三森・羽子山・観音森,725.5,867,141.5,0.67,2,4,0,false,false,medium,medium,low,low_priority,location_strong_match,愛南町,,same_municipality,愛南町,multiple_candidates_for_mountain|multiple_mountains_for_candidate|weak_elevation_evidence|missing_csv_coordinate,top_3_with_evidence,low_priority_alternative,"mountain=三森(#251); candidate=summit-candidate:9a0532ee2b40e5f3; track=""瀬戸黒森・三森・羽子山・観音森""; score=0.57; name_tier=strong; ele_diff=141.5m; loc=strong_overlap; act_conf=high"
251,三森,summit-candidate:b997b8fd6709731d,yamap_2023-11-19_06_46.gpx,瀬戸黒森・三森・羽子山・観音森,806.4699999999999,867,60.53,0.67,3,4,0,false,false,medium,medium,low,low_priority,location_strong_match,愛南町,,same_municipality,愛南町,multiple_candidates_for_mountain|multiple_mountains_for_candidate|weak_elevation_evidence|missing_csv_coordinate,top_3_with_evidence,low_priority_alternative,"mountain=三森(#251); candidate=summit-candidate:b997b8fd6709731d; track=""瀬戸黒森・三森・羽子山・観音森""; score=0.57; name_tier=strong; ele_diff=60.53m; loc=strong_overlap; act_conf=high"
252,総津権現山,summit-candidate:f108570a8e33ce90,yamap_2023-12-17_07_11.gpx,総津権現山,437.40333333333336,440,2.6,0.85,1,1,0.28,true,true,medium,medium,medium,accept_candidate_after_map_check,location_strong_match,砥部町,,same_municipality,砥部町,multiple_candidates_for_mountain|multiple_mountains_for_candidate|missing_csv_coordinate|activity_link_ambiguous,top_1_but_ambiguous|priority_reduced_strong_match_mutual_top1,clear_mutual_top1,"mountain=総津権現山(#252); candidate=summit-candidate:f108570a8e33ce90; track=""総津権現山""; score=0.75; name_tier=strong; ele_diff=2.6m; loc=strong_overlap; act_conf=high"
252,総津権現山,summit-candidate:1d97e1955af85092,yamap_2023-12-17_10_30.gpx,平岡山(平岡城址) ,417.80228626332246,440,22.2,0.57,2,3,0.14,false,true,medium,low,high,resolve_conflict,adjacent_but_deep_inside,砥部町,,adjacent_municipality,伊予市,multiple_candidates_for_mountain|multiple_mountains_for_candidate|missing_csv_coordinate|location_mismatch_warning|activity_link_ambiguous,adjacent_but_deep_inside,shared_candidate,"mountain=総津権現山(#252); candidate=summit-candidate:1d97e1955af85092; track=""平岡山(平岡城址) ""; score=0.62; name_tier=strong; ele_diff=22.2m; loc=mismatch_warning; act_conf=high"
252,総津権現山,summit-candidate:047b9599ec28c6ad,yamap_2023-01-08_09_18.gpx,権現山,368.9381628408408,440,71.06,0.43,3,17,0,false,false,low,medium,low,low_priority,location_uncertain_keep,砥部町,,non_adjacent_municipality,愛南町,multiple_candidates_for_mountain|multiple_mountains_for_candidate|weak_elevation_evidence|missing_csv_coordinate|location_mismatch_warning|activity_link_ambiguous,top_3_with_evidence,low_priority_alternative,"mountain=総津権現山(#252); candidate=summit-candidate:047b9599ec28c6ad; track=""権現山""; score=0.43; name_tier=medium; ele_diff=71.06m; loc=mismatch_warning; act_conf=high"
253,秦皇山,summit-candidate:1d97e1955af85092,yamap_2023-12-17_10_30.gpx,平岡山(平岡城址) ,417.80228626332246,874,456.2,0.67,1,2,0.22,false,true,medium,high,high,resolve_conflict,location_strong_match,伊予市,,same_municipality,伊予市,multiple_candidates_for_mountain|multiple_mountains_for_candidate|weak_elevation_evidence|missing_csv_coordinate|activity_link_ambiguous,top_1_but_ambiguous|top_candidate_for_multiple_mountains,shared_candidate|not_mutual_top1,"mountain=秦皇山(#253); candidate=summit-candidate:1d97e1955af85092; track=""平岡山(平岡城址) ""; score=0.57; name_tier=strong; ele_diff=456.2m; loc=strong_overlap; act_conf=high"
253,秦皇山,summit-candidate:f108570a8e33ce90,yamap_2023-12-17_07_11.gpx,総津権現山,437.40333333333336,874,436.6,0.45,2,4,0.01,false,false,low,low,high,check_location_warning,adjacent_but_deep_inside,伊予市,,adjacent_municipality,砥部町,multiple_candidates_for_mountain|multiple_mountains_for_candidate|weak_elevation_evidence|missing_csv_coordinate|location_mismatch_warning|activity_link_ambiguous,adjacent_but_deep_inside,adjacent_but_deep_inside,"mountain=秦皇山(#253); candidate=summit-candidate:f108570a8e33ce90; track=""総津権現山""; score=0.5; name_tier=strong; ele_diff=436.6m; loc=mismatch_warning; act_conf=high"
253,秦皇山,summit-candidate:276fed5ecb7b3eb4,yamap_2025-03-02_13_17.gpx,階上山,893.9066666666668,874,19.91,0.44,3,3,0.17,false,true,low,medium,low,low_priority,location_strong_match,伊予市,,same_municipality,伊予市,multiple_candidates_for_mountain|multiple_mountains_for_candidate|weak_name_evidence|missing_csv_coordinate,top_3_with_evidence,low_priority_alternative,"mountain=秦皇山(#253); candidate=summit-candidate:276fed5ecb7b3eb4; track=""階上山""; score=0.34; name_tier=none; ele_diff=19.91m; loc=strong_overlap; act_conf=high"
254,平岡山(平岡城址),summit-candidate:1d97e1955af85092,yamap_2023-12-17_10_30.gpx,平岡山(平岡城址) ,417.80228626332246,414,3.8,0.85,1,1,0.28,true,true,medium,medium,high,resolve_conflict,location_strong_match,伊予市,,same_municipality,伊予市,multiple_candidates_for_mountain|multiple_mountains_for_candidate|missing_csv_coordinate|activity_link_ambiguous,top_1_but_ambiguous|top_candidate_for_multiple_mountains|priority_reduced_strong_match_mutual_top1,shared_candidate,"mountain=平岡山(平岡城址)(#254); candidate=summit-candidate:1d97e1955af85092; track=""平岡山(平岡城址) ""; score=0.75; name_tier=strong; ele_diff=3.8m; loc=strong_overlap; act_conf=high"
254,平岡山(平岡城址),summit-candidate:f108570a8e33ce90,yamap_2023-12-17_07_11.gpx,総津権現山,437.40333333333336,414,23.4,0.57,2,2,0.24,false,true,medium,low,high,check_location_warning,adjacent_but_deep_inside,伊予市,,adjacent_municipality,砥部町,multiple_candidates_for_mountain|multiple_mountains_for_candidate|missing_csv_coordinate|location_mismatch_warning|activity_link_ambiguous,adjacent_but_deep_inside,adjacent_but_deep_inside,"mountain=平岡山(平岡城址)(#254); candidate=summit-candidate:f108570a8e33ce90; track=""総津権現山""; score=0.62; name_tier=strong; ele_diff=23.4m; loc=mismatch_warning; act_conf=high"
254,平岡山(平岡城址),summit-candidate:2b56d4ad77a0c4b7,yamap_2022-09-04_12_08.gpx,大友山,404.05,414,9.95,0.33,3,14,0,false,false,low,medium,low,low_priority,location_uncertain_keep,伊予市,,candidate_boundary_ambiguous,,multiple_candidates_for_mountain|multiple_mountains_for_candidate|weak_name_evidence|missing_csv_coordinate|location_mismatch_warning,top_3_with_evidence,low_priority_alternative,"mountain=平岡山(平岡城址)(#254); candidate=summit-candidate:2b56d4ad77a0c4b7; track=""大友山""; score=0.33; name_tier=none; ele_diff=9.95m; loc=mismatch_warning; act_conf=high"
255,竜門山,summit-candidate:64a47ed9c06f56d5,yamap_2024-01-14_10_18.gpx,竜門山・大黒山,430.9866666666667,439,8.01,0.75,1,1,0.08,true,true,medium,high,medium,accept_candidate_after_map_check,location_uncertain_keep,西条市,,candidate_boundary_ambiguous,,multiple_candidates_for_mountain|multiple_mountains_for_candidate|missing_csv_coordinate,top_1_but_ambiguous,clear_mutual_top1,"mountain=竜門山(#255); candidate=summit-candidate:64a47ed9c06f56d5; track=""竜門山・大黒山""; score=0.75; name_tier=strong; ele_diff=8.01m; loc=strong_overlap; act_conf=high"
255,竜門山,summit-candidate:99b1b356cad63b98,yamap_2024-01-14_10_18.gpx,竜門山・大黒山,384.9466666666667,439,54.05,0.67,2,1,0.29,false,true,medium,medium,low,low_priority,location_strong_match,西条市,,same_municipality,西条市,multiple_candidates_for_mountain|multiple_mountains_for_candidate|weak_elevation_evidence|missing_csv_coordinate,top_3_with_evidence,low_priority_alternative,"mountain=竜門山(#255); candidate=summit-candidate:99b1b356cad63b98; track=""竜門山・大黒山""; score=0.57; name_tier=strong; ele_diff=54.05m; loc=strong_overlap; act_conf=high"
255,竜門山,summit-candidate:54cf4155ab259d9d,yamap_2022-02-26_07_43.gpx,御岳山,430.59999999999997,439,8.4,0.38,3,5,0.05,false,false,low,high,high,resolve_conflict,boundary_plausible,西条市,,adjacent_municipality,東温市,multiple_candidates_for_mountain|multiple_mountains_for_candidate|weak_name_evidence|missing_csv_coordinate|location_mismatch_warning|activity_link_ambiguous,top_candidate_for_multiple_mountains,shared_candidate,"mountain=竜門山(#255); candidate=summit-candidate:54cf4155ab259d9d; track=""御岳山""; score=0.33; name_tier=none; ele_diff=8.4m; loc=mismatch_warning; act_conf=high"
256,大黒山,summit-candidate:99b1b356cad63b98,yamap_2024-01-14_10_18.gpx,竜門山・大黒山,384.9466666666667,321,63.95,0.67,1,2,0.1,false,true,medium,high,high,resolve_conflict,location_strong_match,西条市,,same_municipality,西条市,multiple_candidates_for_mountain|multiple_mountains_for_candidate|weak_elevation_evidence|missing_csv_coordinate,top_1_but_ambiguous,not_mutual_top1,"mountain=大黒山(#256); candidate=summit-candidate:99b1b356cad63b98; track=""竜門山・大黒山""; score=0.57; name_tier=strong; ele_diff=63.95m; loc=strong_overlap; act_conf=high"
256,大黒山,summit-candidate:64a47ed9c06f56d5,yamap_2024-01-14_10_18.gpx,竜門山・大黒山,430.9866666666667,321,109.99,0.57,2,2,0.07,false,true,medium,medium,low,low_priority,location_uncertain_keep,西条市,,candidate_boundary_ambiguous,,multiple_candidates_for_mountain|multiple_mountains_for_candidate|weak_elevation_evidence|missing_csv_coordinate,top_3_with_evidence,low_priority_alternative,"mountain=大黒山(#256); candidate=summit-candidate:64a47ed9c06f56d5; track=""竜門山・大黒山""; score=0.57; name_tier=strong; ele_diff=109.99m; loc=strong_overlap; act_conf=high"
256,大黒山,summit-candidate:282882317c3aab0b,yamap_2024-02-17_05_38.gpx,大黒山・譲ヶ葉森,1106.79,321,785.79,0.5,3,3,0,false,true,low,medium,low,low_priority,location_uncertain_keep,西条市,,candidate_boundary_ambiguous,,multiple_candidates_for_mountain|multiple_mountains_for_candidate|weak_elevation_evidence|missing_csv_coordinate|location_mismatch_warning,top_3_with_evidence,low_priority_alternative,"mountain=大黒山(#256); candidate=summit-candidate:282882317c3aab0b; track=""大黒山・譲ヶ葉森""; score=0.5; name_tier=strong; ele_diff=785.79m; loc=mismatch_warning; act_conf=high"
257,大空山,summit-candidate:fd13fabb918486e6,yamap_2024-01-27_08_01.gpx,大空山,348.28333333333336,352,3.72,0.68,1,1,0.18,true,true,medium,high,medium,accept_candidate_after_map_check,missing_location_evidence,,,missing_mountain_municipality,今治市,multiple_candidates_for_mountain|multiple_mountains_for_candidate|missing_csv_coordinate|location_mismatch_warning|activity_link_ambiguous,top_1_but_ambiguous,clear_mutual_top1,"mountain=大空山(#257); candidate=summit-candidate:fd13fabb918486e6; track=""大空山""; score=0.68; name_tier=strong; ele_diff=3.72m; loc=mismatch_warning; act_conf=high"
257,大空山,summit-candidate:02d59cd1260af017,yamap_2024-01-27_10_11.gpx,御串山,62.803333333333335,352,289.2,0.5,2,3,0,false,true,low,high,high,resolve_conflict,missing_location_evidence,,,missing_mountain_municipality,今治市,multiple_candidates_for_mountain|multiple_mountains_for_candidate|weak_elevation_evidence|missing_csv_coordinate|location_mismatch_warning|activity_link_ambiguous,top_candidate_for_multiple_mountains,shared_candidate,"mountain=大空山(#257); candidate=summit-candidate:02d59cd1260af017; track=""御串山""; score=0.5; name_tier=strong; ele_diff=289.2m; loc=mismatch_warning; act_conf=high"
257,大空山,summit-candidate:468c5bbccd8aba53,yamap_2024-01-27_13_31.gpx,宝股山,300.6033333333333,352,51.4,0.5,3,3,0.17,false,true,low,medium,low,low_priority,missing_location_evidence,,,missing_mountain_municipality,今治市,multiple_candidates_for_mountain|multiple_mountains_for_candidate|weak_elevation_evidence|missing_csv_coordinate|location_mismatch_warning|activity_link_ambiguous,top_3_with_evidence,low_priority_alternative,"mountain=大空山(#257); candidate=summit-candidate:468c5bbccd8aba53; track=""宝股山""; score=0.5; name_tier=strong; ele_diff=51.4m; loc=mismatch_warning; act_conf=high"
258,御串山,summit-candidate:02d59cd1260af017,yamap_2024-01-27_10_11.gpx,御串山,62.803333333333335,66,3.2,0.68,1,1,0.18,true,true,medium,high,high,resolve_conflict,missing_location_evidence,,,missing_mountain_municipality,今治市,multiple_candidates_for_mountain|multiple_mountains_for_candidate|missing_csv_coordinate|location_mismatch_warning|activity_link_ambiguous,top_1_but_ambiguous|top_candidate_for_multiple_mountains,shared_candidate,"mountain=御串山(#258); candidate=summit-candidate:02d59cd1260af017; track=""御串山""; score=0.68; name_tier=strong; ele_diff=3.2m; loc=mismatch_warning; act_conf=high"
258,御串山,summit-candidate:468c5bbccd8aba53,yamap_2024-01-27_13_31.gpx,宝股山,300.6033333333333,66,234.6,0.5,2,4,0,false,false,low,medium,low,low_priority,missing_location_evidence,,,missing_mountain_municipality,今治市,multiple_candidates_for_mountain|multiple_mountains_for_candidate|weak_elevation_evidence|missing_csv_coordinate|location_mismatch_warning|activity_link_ambiguous,top_3_with_evidence,low_priority_alternative,"mountain=御串山(#258); candidate=summit-candidate:468c5bbccd8aba53; track=""宝股山""; score=0.5; name_tier=strong; ele_diff=234.6m; loc=mismatch_warning; act_conf=high"
258,御串山,summit-candidate:fd13fabb918486e6,yamap_2024-01-27_08_01.gpx,大空山,348.28333333333336,66,282.28,0.5,3,5,0.17,false,false,low,medium,low,low_priority,missing_location_evidence,,,missing_mountain_municipality,今治市,multiple_candidates_for_mountain|multiple_mountains_for_candidate|weak_elevation_evidence|missing_csv_coordinate|location_mismatch_warning|activity_link_ambiguous,top_3_with_evidence,low_priority_alternative,"mountain=御串山(#258); candidate=summit-candidate:fd13fabb918486e6; track=""大空山""; score=0.5; name_tier=strong; ele_diff=282.28m; loc=mismatch_warning; act_conf=high"
259,宝股山,summit-candidate:468c5bbccd8aba53,yamap_2024-01-27_13_31.gpx,宝股山,300.6033333333333,304,3.4,0.68,1,1,0.12,true,true,medium,high,medium,accept_candidate_after_map_check,missing_location_evidence,,,missing_mountain_municipality,今治市,multiple_candidates_for_mountain|multiple_mountains_for_candidate|missing_csv_coordinate|location_mismatch_warning|activity_link_ambiguous,top_1_but_ambiguous,clear_mutual_top1,"mountain=宝股山(#259); candidate=summit-candidate:468c5bbccd8aba53; track=""宝股山""; score=0.68; name_tier=strong; ele_diff=3.4m; loc=mismatch_warning; act_conf=high"
259,宝股山,summit-candidate:fd13fabb918486e6,yamap_2024-01-27_08_01.gpx,大空山,348.28333333333336,304,44.28,0.56,2,2,0.06,false,true,medium,medium,low,low_priority,missing_location_evidence,,,missing_mountain_municipality,今治市,multiple_candidates_for_mountain|multiple_mountains_for_candidate|missing_csv_coordinate|location_mismatch_warning|activity_link_ambiguous,top_3_with_evidence,low_priority_alternative,"mountain=宝股山(#259); candidate=summit-candidate:fd13fabb918486e6; track=""大空山""; score=0.56; name_tier=strong; ele_diff=44.28m; loc=mismatch_warning; act_conf=high"
259,宝股山,summit-candidate:02d59cd1260af017,yamap_2024-01-27_10_11.gpx,御串山,62.803333333333335,304,241.2,0.5,3,4,0.17,false,false,low,high,high,resolve_conflict,missing_location_evidence,,,missing_mountain_municipality,今治市,multiple_candidates_for_mountain|multiple_mountains_for_candidate|weak_elevation_evidence|missing_csv_coordinate|location_mismatch_warning|activity_link_ambiguous,top_candidate_for_multiple_mountains,shared_candidate,"mountain=宝股山(#259); candidate=summit-candidate:02d59cd1260af017; track=""御串山""; score=0.5; name_tier=strong; ele_diff=241.2m; loc=mismatch_warning; act_conf=high"
260,開山,summit-candidate:02d59cd1260af017,yamap_2024-01-27_10_11.gpx,御串山,62.803333333333335,149,86.2,0.5,1,5,0,false,false,low,high,high,resolve_conflict,missing_location_evidence,,,missing_mountain_municipality,今治市,multiple_candidates_for_mountain|multiple_mountains_for_candidate|weak_elevation_evidence|missing_csv_coordinate|location_mismatch_warning|activity_link_ambiguous,top_1_but_ambiguous|top_candidate_for_multiple_mountains,shared_candidate|not_mutual_top1,"mountain=開山(#260); candidate=summit-candidate:02d59cd1260af017; track=""御串山""; score=0.5; name_tier=strong; ele_diff=86.2m; loc=mismatch_warning; act_conf=high"
260,開山,summit-candidate:468c5bbccd8aba53,yamap_2024-01-27_13_31.gpx,宝股山,300.6033333333333,149,151.6,0.5,2,5,0,false,false,low,medium,high,check_close_alternatives,missing_location_evidence,,,missing_mountain_municipality,今治市,multiple_candidates_for_mountain|multiple_mountains_for_candidate|weak_elevation_evidence|missing_csv_coordinate|location_mismatch_warning|activity_link_ambiguous,top_3_with_evidence,small_score_gap,"mountain=開山(#260); candidate=summit-candidate:468c5bbccd8aba53; track=""宝股山""; score=0.5; name_tier=strong; ele_diff=151.6m; loc=mismatch_warning; act_conf=high"
260,開山,summit-candidate:fd13fabb918486e6,yamap_2024-01-27_08_01.gpx,大空山,348.28333333333336,149,199.28,0.5,3,6,0.17,false,false,low,medium,high,check_close_alternatives,missing_location_evidence,,,missing_mountain_municipality,今治市,multiple_candidates_for_mountain|multiple_mountains_for_candidate|weak_elevation_evidence|missing_csv_coordinate|location_mismatch_warning|activity_link_ambiguous,top_3_with_evidence,small_score_gap,"mountain=開山(#260); candidate=summit-candidate:fd13fabb918486e6; track=""大空山""; score=0.5; name_tier=strong; ele_diff=199.28m; loc=mismatch_warning; act_conf=high"
261,鳥屋ヶ森,summit-candidate:ef6730fa259856ec,yamap_2024-02-10_07_09.gpx,鳥屋ヶ森,319.6933333333333,322,2.31,0.85,1,1,0.06,true,true,medium,medium,medium,accept_candidate_after_map_check,location_strong_match,宇和島市,,same_municipality,宇和島市,multiple_candidates_for_mountain|multiple_mountains_for_candidate|missing_csv_coordinate|activity_link_ambiguous,top_1_but_ambiguous|priority_reduced_strong_match_mutual_top1,clear_mutual_top1,"mountain=鳥屋ヶ森(#261); candidate=summit-candidate:ef6730fa259856ec; track=""鳥屋ヶ森""; score=0.75; name_tier=strong; ele_diff=2.31m; loc=strong_overlap; act_conf=high"
261,鳥屋ヶ森,summit-candidate:ef3e845b5d632dd3,yamap_2024-02-10_09_58.gpx,熊ガ峰,340.53999999999996,322,18.54,0.79,2,2,0.12,false,true,medium,medium,low,low_priority,location_strong_match,宇和島市,,same_municipality,宇和島市,multiple_candidates_for_mountain|multiple_mountains_for_candidate|missing_csv_coordinate|activity_link_ambiguous,top_3_with_evidence,low_priority_alternative,"mountain=鳥屋ヶ森(#261); candidate=summit-candidate:ef3e845b5d632dd3; track=""熊ガ峰""; score=0.69; name_tier=strong; ele_diff=18.54m; loc=strong_overlap; act_conf=high"
261,鳥屋ヶ森,summit-candidate:84f974876f397da1,yamap_2024-02-10_13_09.gpx,権現山,498.7563056512352,322,176.76,0.67,3,2,0.17,false,true,medium,medium,low,low_priority,location_strong_match,宇和島市,,same_municipality,宇和島市,multiple_candidates_for_mountain|multiple_mountains_for_candidate|weak_elevation_evidence|missing_csv_coordinate|activity_link_ambiguous,top_3_with_evidence,low_priority_alternative,"mountain=鳥屋ヶ森(#261); candidate=summit-candidate:84f974876f397da1; track=""権現山""; score=0.57; name_tier=strong; ele_diff=176.76m; loc=strong_overlap; act_conf=high"
262,熊ガ峰,summit-candidate:ef3e845b5d632dd3,yamap_2024-02-10_09_58.gpx,熊ガ峰,340.53999999999996,343,2.46,0.85,1,1,0.06,true,true,medium,medium,medium,accept_candidate_after_map_check,location_strong_match,宇和島市,,same_municipality,宇和島市,multiple_candidates_for_mountain|multiple_mountains_for_candidate|missing_csv_coordinate|activity_link_ambiguous,top_1_but_ambiguous|priority_reduced_strong_match_mutual_top1,clear_mutual_top1,"mountain=熊ガ峰(#262); candidate=summit-candidate:ef3e845b5d632dd3; track=""熊ガ峰""; score=0.75; name_tier=strong; ele_diff=2.46m; loc=strong_overlap; act_conf=high"
262,熊ガ峰,summit-candidate:ef6730fa259856ec,yamap_2024-02-10_07_09.gpx,鳥屋ヶ森,319.6933333333333,343,23.31,0.79,2,2,0.12,false,true,medium,medium,low,low_priority,location_strong_match,宇和島市,,same_municipality,宇和島市,multiple_candidates_for_mountain|multiple_mountains_for_candidate|missing_csv_coordinate|activity_link_ambiguous,top_3_with_evidence,low_priority_alternative,"mountain=熊ガ峰(#262); candidate=summit-candidate:ef6730fa259856ec; track=""鳥屋ヶ森""; score=0.69; name_tier=strong; ele_diff=23.31m; loc=strong_overlap; act_conf=high"
262,熊ガ峰,summit-candidate:84f974876f397da1,yamap_2024-02-10_13_09.gpx,権現山,498.7563056512352,343,155.76,0.67,3,3,0.17,false,true,medium,medium,low,low_priority,location_strong_match,宇和島市,,same_municipality,宇和島市,multiple_candidates_for_mountain|multiple_mountains_for_candidate|weak_elevation_evidence|missing_csv_coordinate|activity_link_ambiguous,top_3_with_evidence,low_priority_alternative,"mountain=熊ガ峰(#262); candidate=summit-candidate:84f974876f397da1; track=""権現山""; score=0.57; name_tier=strong; ele_diff=155.76m; loc=strong_overlap; act_conf=high"
263,権現山,summit-candidate:84f974876f397da1,yamap_2024-02-10_13_09.gpx,権現山,498.7563056512352,489,9.76,0.85,1,1,0.17,true,true,medium,medium,medium,accept_candidate_after_map_check,location_strong_match,宇和島市,,same_municipality,宇和島市,multiple_candidates_for_mountain|multiple_mountains_for_candidate|missing_csv_coordinate|activity_link_ambiguous,top_1_but_ambiguous|priority_reduced_strong_match_mutual_top1,clear_mutual_top1,"mountain=権現山(#263); candidate=summit-candidate:84f974876f397da1; track=""権現山""; score=0.75; name_tier=strong; ele_diff=9.76m; loc=strong_overlap; act_conf=high"
263,権現山,summit-candidate:2c817617699a0a45,yamap_2022-02-06_08_26.gpx,谷上山・権現山・白滝山・障子山,485.20803085647475,489,3.79,0.68,2,4,0.01,false,false,medium,medium,low,low_priority,location_uncertain_keep,宇和島市,,candidate_boundary_ambiguous,,multiple_candidates_for_mountain|multiple_mountains_for_candidate|missing_csv_coordinate|location_mismatch_warning,top_3_with_evidence,low_priority_alternative,"mountain=権現山(#263); candidate=summit-candidate:2c817617699a0a45; track=""谷上山・権現山・白滝山・障子山""; score=0.68; name_tier=strong; ele_diff=3.79m; loc=mismatch_warning; act_conf=high"
263,権現山,summit-candidate:e8b129f70e703be5,yamap_2026-03-07_11_08.gpx,権現山,949.9166666666666,489,460.92,0.67,3,3,0,false,true,medium,high,high,resolve_conflict,location_strong_match,宇和島市,,same_municipality,宇和島市,multiple_candidates_for_mountain|multiple_mountains_for_candidate|weak_elevation_evidence|missing_csv_coordinate|activity_link_ambiguous,top_candidate_for_multiple_mountains,shared_candidate,"mountain=権現山(#263); candidate=summit-candidate:e8b129f70e703be5; track=""権現山""; score=0.57; name_tier=strong; ele_diff=460.92m; loc=strong_overlap; act_conf=high"
264,大黒山,summit-candidate:f5c22dac4bd015ae,yamap_2024-02-17_05_38.gpx,大黒山・譲ヶ葉森,1098.249041559603,1106,7.75,0.75,1,1,0.07,true,true,medium,high,medium,accept_candidate_after_map_check,location_uncertain_keep,宇和島市,,candidate_boundary_ambiguous,,multiple_candidates_for_mountain|multiple_mountains_for_candidate|missing_csv_coordinate,top_1_but_ambiguous,clear_mutual_top1,"mountain=大黒山(#264); candidate=summit-candidate:f5c22dac4bd015ae; track=""大黒山・譲ヶ葉森""; score=0.75; name_tier=strong; ele_diff=7.75m; loc=strong_overlap; act_conf=high"
264,大黒山,summit-candidate:282882317c3aab0b,yamap_2024-02-17_05_38.gpx,大黒山・譲ヶ葉森,1106.79,1106,0.79,0.68,2,1,0.01,false,true,medium,medium,low,low_priority,location_uncertain_keep,宇和島市,,candidate_boundary_ambiguous,,multiple_candidates_for_mountain|multiple_mountains_for_candidate|missing_csv_coordinate|location_mismatch_warning,top_3_with_evidence,low_priority_alternative,"mountain=大黒山(#264); candidate=summit-candidate:282882317c3aab0b; track=""大黒山・譲ヶ葉森""; score=0.68; name_tier=strong; ele_diff=0.79m; loc=mismatch_warning; act_conf=high"
264,大黒山,summit-candidate:19baf3ce30f8991a,yamap_2024-02-17_05_38.gpx,大黒山・譲ヶ葉森,1021.9555481598042,1106,84.04,0.67,3,2,0,false,true,medium,medium,low,low_priority,location_strong_match,宇和島市,,same_municipality,宇和島市,multiple_candidates_for_mountain|multiple_mountains_for_candidate|weak_elevation_evidence|missing_csv_coordinate,top_3_with_evidence,low_priority_alternative,"mountain=大黒山(#264); candidate=summit-candidate:19baf3ce30f8991a; track=""大黒山・譲ヶ葉森""; score=0.57; name_tier=strong; ele_diff=84.04m; loc=strong_overlap; act_conf=high"
265,譲ヶ葉森,summit-candidate:19baf3ce30f8991a,yamap_2024-02-17_05_38.gpx,大黒山・譲ヶ葉森,1021.9555481598042,1016,5.96,0.85,1,1,0.18,true,true,medium,medium,medium,accept_candidate_after_map_check,location_strong_match,宇和島市,,same_municipality,宇和島市,multiple_candidates_for_mountain|multiple_mountains_for_candidate|missing_csv_coordinate,top_1_but_ambiguous|priority_reduced_strong_match_mutual_top1,clear_mutual_top1,"mountain=譲ヶ葉森(#265); candidate=summit-candidate:19baf3ce30f8991a; track=""大黒山・譲ヶ葉森""; score=0.75; name_tier=strong; ele_diff=5.96m; loc=strong_overlap; act_conf=high"
265,譲ヶ葉森,summit-candidate:56cffb103cbe3aac,yamap_2024-02-17_05_38.gpx,大黒山・譲ヶ葉森,863.4266666666667,1016,152.57,0.67,2,2,0.1,false,true,medium,medium,low,low_priority,location_strong_match,宇和島市,,same_municipality,宇和島市,multiple_candidates_for_mountain|multiple_mountains_for_candidate|weak_elevation_evidence|missing_csv_coordinate,top_3_with_evidence,low_priority_alternative,"mountain=譲ヶ葉森(#265); candidate=summit-candidate:56cffb103cbe3aac; track=""大黒山・譲ヶ葉森""; score=0.57; name_tier=strong; ele_diff=152.57m; loc=strong_overlap; act_conf=high"
265,譲ヶ葉森,summit-candidate:f5c22dac4bd015ae,yamap_2024-02-17_05_38.gpx,大黒山・譲ヶ葉森,1098.249041559603,1016,82.25,0.57,3,2,0.07,false,true,medium,medium,low,low_priority,location_uncertain_keep,宇和島市,,candidate_boundary_ambiguous,,multiple_candidates_for_mountain|multiple_mountains_for_candidate|weak_elevation_evidence|missing_csv_coordinate,top_3_with_evidence,low_priority_alternative,"mountain=譲ヶ葉森(#265); candidate=summit-candidate:f5c22dac4bd015ae; track=""大黒山・譲ヶ葉森""; score=0.57; name_tier=strong; ele_diff=82.25m; loc=strong_overlap; act_conf=high"
266,郭公岳,summit-candidate:3853fbbba7330ec4,yamap_2024-02-24_07_06.gpx,高月山・東高月山・郭公岳・櫨ヶ森・毛山,1010,1010,0,0.68,1,1,0.01,true,true,medium,high,medium,accept_candidate_after_map_check,location_uncertain_keep,宇和島市,,candidate_boundary_ambiguous,,multiple_candidates_for_mountain|multiple_mountains_for_candidate|missing_csv_coordinate|location_mismatch_warning,top_1_but_ambiguous,clear_mutual_top1,"mountain=郭公岳(#266); candidate=summit-candidate:3853fbbba7330ec4; track=""高月山・東高月山・郭公岳・櫨ヶ森・毛山""; score=0.68; name_tier=strong; ele_diff=0m; loc=mismatch_warning; act_conf=high"
266,郭公岳,summit-candidate:f7e5fd7b11eb7bd4,yamap_2024-02-24_07_06.gpx,高月山・東高月山・郭公岳・櫨ヶ森・毛山,1084.0533333333333,1010,74.05,0.67,2,3,0.1,false,true,medium,medium,high,check_close_alternatives,location_strong_match,宇和島市,,same_municipality,宇和島市,multiple_candidates_for_mountain|multiple_mountains_for_candidate|weak_elevation_evidence|missing_csv_coordinate,top_3_with_evidence,small_score_gap,"mountain=郭公岳(#266); candidate=summit-candidate:f7e5fd7b11eb7bd4; track=""高月山・東高月山・郭公岳・櫨ヶ森・毛山""; score=0.57; name_tier=strong; ele_diff=74.05m; loc=strong_overlap; act_conf=high"
266,郭公岳,summit-candidate:62351b8782d6f597,yamap_2024-02-24_07_06.gpx,高月山・東高月山・郭公岳・櫨ヶ森・毛山,1191.8999999999999,1010,181.9,0.57,3,3,0,false,true,medium,medium,low,low_priority,location_uncertain_keep,宇和島市,,candidate_boundary_ambiguous,,multiple_candidates_for_mountain|multiple_mountains_for_candidate|weak_elevation_evidence|missing_csv_coordinate,top_3_with_evidence,low_priority_alternative,"mountain=郭公岳(#266); candidate=summit-candidate:62351b8782d6f597; track=""高月山・東高月山・郭公岳・櫨ヶ森・毛山""; score=0.57; name_tier=strong; ele_diff=181.9m; loc=strong_overlap; act_conf=high"
267,東高月山,summit-candidate:62351b8782d6f597,yamap_2024-02-24_07_06.gpx,高月山・東高月山・郭公岳・櫨ヶ森・毛山,1191.8999999999999,1181,10.9,0.69,1,1,0.02,true,true,medium,high,medium,accept_candidate_after_map_check,location_uncertain_keep,宇和島市,,candidate_boundary_ambiguous,,multiple_candidates_for_mountain|multiple_mountains_for_candidate|missing_csv_coordinate,top_1_but_ambiguous,clear_mutual_top1,"mountain=東高月山(#267); candidate=summit-candidate:62351b8782d6f597; track=""高月山・東高月山・郭公岳・櫨ヶ森・毛山""; score=0.69; name_tier=strong; ele_diff=10.9m; loc=strong_overlap; act_conf=high"
267,東高月山,summit-candidate:f7e5fd7b11eb7bd4,yamap_2024-02-24_07_06.gpx,高月山・東高月山・郭公岳・櫨ヶ森・毛山,1084.0533333333333,1181,96.95,0.67,2,4,0.04,false,false,medium,medium,high,check_close_alternatives,location_strong_match,宇和島市,,same_municipality,宇和島市,multiple_candidates_for_mountain|multiple_mountains_for_candidate|weak_elevation_evidence|missing_csv_coordinate,top_3_with_evidence,small_score_gap,"mountain=東高月山(#267); candidate=summit-candidate:f7e5fd7b11eb7bd4; track=""高月山・東高月山・郭公岳・櫨ヶ森・毛山""; score=0.57; name_tier=strong; ele_diff=96.95m; loc=strong_overlap; act_conf=high"
267,東高月山,summit-candidate:90c3723735d95c0d,yamap_2024-02-24_07_06.gpx,高月山・東高月山・郭公岳・櫨ヶ森・毛山,1224.2266666666667,1181,43.23,0.63,3,2,0.06,false,true,medium,medium,low,low_priority,location_uncertain_keep,宇和島市,,candidate_boundary_ambiguous,,multiple_candidates_for_mountain|multiple_mountains_for_candidate|missing_csv_coordinate,top_3_with_evidence,low_priority_alternative,"mountain=東高月山(#267); candidate=summit-candidate:90c3723735d95c0d; track=""高月山・東高月山・郭公岳・櫨ヶ森・毛山""; score=0.63; name_tier=strong; ele_diff=43.23m; loc=strong_overlap; act_conf=high"
268,高月山,summit-candidate:90c3723735d95c0d,yamap_2024-02-24_07_06.gpx,高月山・東高月山・郭公岳・櫨ヶ森・毛山,1224.2266666666667,1229,4.77,0.75,1,1,0.08,true,true,medium,high,medium,accept_candidate_after_map_check,location_uncertain_keep,宇和島市,,candidate_boundary_ambiguous,,multiple_candidates_for_mountain|multiple_mountains_for_candidate|missing_csv_coordinate,top_1_but_ambiguous,clear_mutual_top1,"mountain=高月山(#268); candidate=summit-candidate:90c3723735d95c0d; track=""高月山・東高月山・郭公岳・櫨ヶ森・毛山""; score=0.75; name_tier=strong; ele_diff=4.77m; loc=strong_overlap; act_conf=high"
268,高月山,summit-candidate:f7e5fd7b11eb7bd4,yamap_2024-02-24_07_06.gpx,高月山・東高月山・郭公岳・櫨ヶ森・毛山,1084.0533333333333,1229,144.95,0.67,2,5,0.04,false,false,medium,medium,low,low_priority,location_strong_match,宇和島市,,same_municipality,宇和島市,multiple_candidates_for_mountain|multiple_mountains_for_candidate|weak_elevation_evidence|missing_csv_coordinate,top_3_with_evidence,low_priority_alternative,"mountain=高月山(#268); candidate=summit-candidate:f7e5fd7b11eb7bd4; track=""高月山・東高月山・郭公岳・櫨ヶ森・毛山""; score=0.57; name_tier=strong; ele_diff=144.95m; loc=strong_overlap; act_conf=high"
268,高月山,summit-candidate:62351b8782d6f597,yamap_2024-02-24_07_06.gpx,高月山・東高月山・郭公岳・櫨ヶ森・毛山,1191.8999999999999,1229,37.1,0.63,3,2,0.06,false,true,medium,medium,low,low_priority,location_uncertain_keep,宇和島市,,candidate_boundary_ambiguous,,multiple_candidates_for_mountain|multiple_mountains_for_candidate|missing_csv_coordinate,top_3_with_evidence,low_priority_alternative,"mountain=高月山(#268); candidate=summit-candidate:62351b8782d6f597; track=""高月山・東高月山・郭公岳・櫨ヶ森・毛山""; score=0.63; name_tier=strong; ele_diff=37.1m; loc=strong_overlap; act_conf=high"
269,櫨ヶ森,summit-candidate:f7e5fd7b11eb7bd4,yamap_2024-02-24_07_06.gpx,高月山・東高月山・郭公岳・櫨ヶ森・毛山,1084.0533333333333,1064,20.05,0.79,1,2,0.04,false,true,medium,high,high,resolve_conflict,location_strong_match,宇和島市,,same_municipality,宇和島市,multiple_candidates_for_mountain|multiple_mountains_for_candidate|missing_csv_coordinate,top_1_but_ambiguous,not_mutual_top1,"mountain=櫨ヶ森(#269); candidate=summit-candidate:f7e5fd7b11eb7bd4; track=""高月山・東高月山・郭公岳・櫨ヶ森・毛山""; score=0.69; name_tier=strong; ele_diff=20.05m; loc=strong_overlap; act_conf=high"
269,櫨ヶ森,summit-candidate:ba56c1ac8ac55c5f,yamap_2024-02-24_07_06.gpx,高月山・東高月山・郭公岳・櫨ヶ森・毛山,1062.8166666666666,1064,1.18,0.75,2,1,0.18,false,true,medium,medium,low,low_priority,location_uncertain_keep,宇和島市,,candidate_boundary_ambiguous,,multiple_candidates_for_mountain|multiple_mountains_for_candidate|missing_csv_coordinate,top_3_with_evidence,low_priority_alternative,"mountain=櫨ヶ森(#269); candidate=summit-candidate:ba56c1ac8ac55c5f; track=""高月山・東高月山・郭公岳・櫨ヶ森・毛山""; score=0.75; name_tier=strong; ele_diff=1.18m; loc=strong_overlap; act_conf=high"
269,櫨ヶ森,summit-candidate:62351b8782d6f597,yamap_2024-02-24_07_06.gpx,高月山・東高月山・郭公岳・櫨ヶ森・毛山,1191.8999999999999,1064,127.9,0.57,3,4,0,false,false,medium,medium,low,low_priority,location_uncertain_keep,宇和島市,,candidate_boundary_ambiguous,,multiple_candidates_for_mountain|multiple_mountains_for_candidate|weak_elevation_evidence|missing_csv_coordinate,top_3_with_evidence,low_priority_alternative,"mountain=櫨ヶ森(#269); candidate=summit-candidate:62351b8782d6f597; track=""高月山・東高月山・郭公岳・櫨ヶ森・毛山""; score=0.57; name_tier=strong; ele_diff=127.9m; loc=strong_overlap; act_conf=high"
270,毛山,summit-candidate:40068653b28bad40,yamap_2022-04-08_09_33.gpx,鬼ヶ城山・大久保山・八面山・三本杭・横ノ森・小屋ヶ森・毛山,1090.3964691990484,1089,1.4,0.85,1,1,0,true,true,medium,medium,medium,accept_candidate_after_map_check,location_strong_match,宇和島市,,same_municipality,宇和島市,multiple_candidates_for_mountain|multiple_mountains_for_candidate|missing_csv_coordinate,top_1_but_ambiguous|priority_reduced_strong_match_mutual_top1,clear_mutual_top1,"mountain=毛山(#270); candidate=summit-candidate:40068653b28bad40; track=""鬼ヶ城山・大久保山・八面山・三本杭・横ノ森・小屋ヶ森・毛山""; score=0.75; name_tier=strong; ele_diff=1.4m; loc=strong_overlap; act_conf=high"
270,毛山,summit-candidate:f7e5fd7b11eb7bd4,yamap_2024-02-24_07_06.gpx,高月山・東高月山・郭公岳・櫨ヶ森・毛山,1084.0533333333333,1089,4.95,0.85,2,1,0.16,false,true,medium,medium,high,check_close_alternatives,location_strong_match,宇和島市,,same_municipality,宇和島市,multiple_candidates_for_mountain|multiple_mountains_for_candidate|missing_csv_coordinate,top_3_with_evidence,small_score_gap,"mountain=毛山(#270); candidate=summit-candidate:f7e5fd7b11eb7bd4; track=""高月山・東高月山・郭公岳・櫨ヶ森・毛山""; score=0.75; name_tier=strong; ele_diff=4.95m; loc=strong_overlap; act_conf=high"
270,毛山,summit-candidate:ba56c1ac8ac55c5f,yamap_2024-02-24_07_06.gpx,高月山・東高月山・郭公岳・櫨ヶ森・毛山,1062.8166666666666,1089,26.18,0.69,3,2,0.02,false,true,medium,medium,low,low_priority,location_uncertain_keep,宇和島市,,candidate_boundary_ambiguous,,multiple_candidates_for_mountain|multiple_mountains_for_candidate|missing_csv_coordinate,top_3_with_evidence,low_priority_alternative,"mountain=毛山(#270); candidate=summit-candidate:ba56c1ac8ac55c5f; track=""高月山・東高月山・郭公岳・櫨ヶ森・毛山""; score=0.69; name_tier=strong; ele_diff=26.18m; loc=strong_overlap; act_conf=high"
271,白石山,summit-candidate:ac8e3853fbbf0c6f,yamap_2024-03-03_06_23.gpx,白石山,651.8438770113412,648,3.84,0.85,1,1,0.25,true,true,medium,medium,medium,accept_candidate_after_map_check,location_strong_match,愛南町,,same_municipality,愛南町,multiple_candidates_for_mountain|multiple_mountains_for_candidate|missing_csv_coordinate|activity_link_ambiguous,top_1_but_ambiguous|priority_reduced_strong_match_mutual_top1,clear_mutual_top1,"mountain=白石山(#271); candidate=summit-candidate:ac8e3853fbbf0c6f; track=""白石山""; score=0.75; name_tier=strong; ele_diff=3.84m; loc=strong_overlap; act_conf=high"
271,白石山,summit-candidate:a53cc9868b7f2f70,yamap_2024-03-03_08_44.gpx,観音岳,780.6233333333334,648,132.62,0.6,2,4,0.15,false,false,low,medium,low,low_priority,location_strong_match,愛南町,,same_municipality,愛南町,multiple_candidates_for_mountain|multiple_mountains_for_candidate|weak_elevation_evidence|missing_csv_coordinate|location_mismatch_warning|activity_link_ambiguous,top_3_with_evidence,low_priority_alternative,"mountain=白石山(#271); candidate=summit-candidate:a53cc9868b7f2f70; track=""観音岳""; score=0.5; name_tier=strong; ele_diff=132.62m; loc=mismatch_warning; act_conf=high"
271,白石山,summit-candidate:93a4d66ef3ee559d,yamap_2024-03-03_13_33.gpx,天ガ森,343.7659610142553,648,304.23,0.45,3,4,0,false,false,low,low,high,check_location_warning,adjacent_but_deep_inside,愛南町,,adjacent_municipality,宇和島市,multiple_candidates_for_mountain|multiple_mountains_for_candidate|weak_elevation_evidence|missing_csv_coordinate|location_mismatch_warning|activity_link_ambiguous,adjacent_but_deep_inside,adjacent_but_deep_inside,"mountain=白石山(#271); candidate=summit-candidate:93a4d66ef3ee559d; track=""天ガ森""; score=0.5; name_tier=strong; ele_diff=304.23m; loc=mismatch_warning; act_conf=high"
272,観音岳,summit-candidate:a53cc9868b7f2f70,yamap_2024-03-03_08_44.gpx,観音岳,780.6233333333334,782,1.38,0.78,1,1,0.11,true,true,medium,medium,medium,accept_candidate_after_map_check,location_strong_match,愛南町,,same_municipality,愛南町,multiple_candidates_for_mountain|multiple_mountains_for_candidate|missing_csv_coordinate|location_mismatch_warning|activity_link_ambiguous,top_1_but_ambiguous|priority_reduced_strong_match_mutual_top1,clear_mutual_top1,"mountain=観音岳(#272); candidate=summit-candidate:a53cc9868b7f2f70; track=""観音岳""; score=0.68; name_tier=strong; ele_diff=1.38m; loc=mismatch_warning; act_conf=high"
272,観音岳,summit-candidate:ac8e3853fbbf0c6f,yamap_2024-03-03_06_23.gpx,白石山,651.8438770113412,782,130.16,0.67,2,2,0.17,false,true,medium,medium,low,low_priority,location_strong_match,愛南町,,same_municipality,愛南町,multiple_candidates_for_mountain|multiple_mountains_for_candidate|weak_elevation_evidence|missing_csv_coordinate|activity_link_ambiguous,top_3_with_evidence,low_priority_alternative,"mountain=観音岳(#272); candidate=summit-candidate:ac8e3853fbbf0c6f; track=""白石山""; score=0.57; name_tier=strong; ele_diff=130.16m; loc=strong_overlap; act_conf=high"
272,観音岳,summit-candidate:cf1cb583d492455c,yamap_2023-11-19_06_46.gpx,瀬戸黒森・三森・羽子山・観音森,784.9416257231666,782,2.94,0.5,3,5,0.05,false,false,low,medium,low,low_priority,location_strong_match,愛南町,,same_municipality,愛南町,multiple_candidates_for_mountain|multiple_mountains_for_candidate|weak_name_evidence|missing_csv_coordinate,top_3_with_evidence,low_priority_alternative,"mountain=観音岳(#272); candidate=summit-candidate:cf1cb583d492455c; track=""瀬戸黒森・三森・羽子山・観音森""; score=0.4; name_tier=none; ele_diff=2.94m; loc=strong_overlap; act_conf=high"
273,音無山,summit-candidate:97e45d6eab227d56,yamap_2024-03-03_10_00.gpx,音無山,845.57,850,4.43,0.85,1,1,0.18,true,true,medium,medium,medium,accept_candidate_after_map_check,location_strong_match,宇和島市,,same_municipality,宇和島市,multiple_candidates_for_mountain|multiple_mountains_for_candidate|missing_csv_coordinate|activity_link_ambiguous,top_1_but_ambiguous|priority_reduced_strong_match_mutual_top1,clear_mutual_top1,"mountain=音無山(#273); candidate=summit-candidate:97e45d6eab227d56; track=""音無山""; score=0.75; name_tier=strong; ele_diff=4.43m; loc=strong_overlap; act_conf=high"
273,音無山,summit-candidate:93a4d66ef3ee559d,yamap_2024-03-03_13_33.gpx,天ガ森,343.7659610142553,850,506.23,0.67,2,2,0.05,false,true,medium,medium,low,low_priority,location_strong_match,宇和島市,,same_municipality,宇和島市,multiple_candidates_for_mountain|multiple_mountains_for_candidate|weak_elevation_evidence|missing_csv_coordinate|activity_link_ambiguous,top_3_with_evidence,low_priority_alternative,"mountain=音無山(#273); candidate=summit-candidate:93a4d66ef3ee559d; track=""天ガ森""; score=0.57; name_tier=strong; ele_diff=506.23m; loc=strong_overlap; act_conf=high"
273,音無山,summit-candidate:a53cc9868b7f2f70,yamap_2024-03-03_08_44.gpx,観音岳,780.6233333333334,850,69.38,0.62,3,2,0.17,false,true,medium,medium,high,check_location_warning,boundary_plausible,宇和島市,,adjacent_municipality,愛南町,multiple_candidates_for_mountain|multiple_mountains_for_candidate|weak_elevation_evidence|missing_csv_coordinate|activity_link_ambiguous,top_3_with_evidence,boundary_plausible,"mountain=音無山(#273); candidate=summit-candidate:a53cc9868b7f2f70; track=""観音岳""; score=0.57; name_tier=strong; ele_diff=69.38m; loc=strong_overlap; act_conf=high"
274,天ガ森,summit-candidate:93a4d66ef3ee559d,yamap_2024-03-03_13_33.gpx,天ガ森,343.7659610142553,331,12.77,0.79,1,1,0.12,true,true,medium,medium,medium,accept_candidate_after_map_check,location_strong_match,宇和島市,,same_municipality,宇和島市,multiple_candidates_for_mountain|multiple_mountains_for_candidate|missing_csv_coordinate|activity_link_ambiguous,top_1_but_ambiguous|priority_reduced_strong_match_mutual_top1,clear_mutual_top1,"mountain=天ガ森(#274); candidate=summit-candidate:93a4d66ef3ee559d; track=""天ガ森""; score=0.69; name_tier=strong; ele_diff=12.77m; loc=strong_overlap; act_conf=high"
274,天ガ森,summit-candidate:97e45d6eab227d56,yamap_2024-03-03_10_00.gpx,音無山,845.57,331,514.57,0.67,2,2,0.05,false,true,medium,medium,low,low_priority,location_strong_match,宇和島市,,same_municipality,宇和島市,multiple_candidates_for_mountain|multiple_mountains_for_candidate|weak_elevation_evidence|missing_csv_coordinate|activity_link_ambiguous,top_3_with_evidence,low_priority_alternative,"mountain=天ガ森(#274); candidate=summit-candidate:97e45d6eab227d56; track=""音無山""; score=0.57; name_tier=strong; ele_diff=514.57m; loc=strong_overlap; act_conf=high"
274,天ガ森,summit-candidate:a53cc9868b7f2f70,yamap_2024-03-03_08_44.gpx,観音岳,780.6233333333334,331,449.62,0.62,3,3,0.12,false,true,medium,medium,high,check_location_warning,boundary_plausible,宇和島市,,adjacent_municipality,愛南町,multiple_candidates_for_mountain|multiple_mountains_for_candidate|weak_elevation_evidence|missing_csv_coordinate|activity_link_ambiguous,top_3_with_evidence,boundary_plausible,"mountain=天ガ森(#274); candidate=summit-candidate:a53cc9868b7f2f70; track=""観音岳""; score=0.57; name_tier=strong; ele_diff=449.62m; loc=strong_overlap; act_conf=high"
275,夫婦山,summit-candidate:3e9348428f22a320,yamap_2024-03-10_07_12.gpx,夫婦山・白山・観音山・国見山・城山・御勧請山,385.21553569431927,387,1.78,0.85,1,1,0.06,true,true,medium,medium,medium,accept_candidate_after_map_check,location_strong_match,松山市,,same_municipality,松山市,multiple_candidates_for_mountain|multiple_mountains_for_candidate|missing_csv_coordinate,top_1_but_ambiguous|priority_reduced_strong_match_mutual_top1,clear_mutual_top1,"mountain=夫婦山(#275); candidate=summit-candidate:3e9348428f22a320; track=""夫婦山・白山・観音山・国見山・城山・御勧請山""; score=0.75; name_tier=strong; ele_diff=1.78m; loc=strong_overlap; act_conf=high"
275,夫婦山,summit-candidate:2ab43729f5e80cbe,yamap_2024-03-10_07_12.gpx,夫婦山・白山・観音山・国見山・城山・御勧請山,376.3033333333333,387,10.7,0.79,2,2,0,false,true,medium,medium,low,low_priority,location_strong_match,松山市,,same_municipality,松山市,multiple_candidates_for_mountain|multiple_mountains_for_candidate|missing_csv_coordinate,top_3_with_evidence,low_priority_alternative,"mountain=夫婦山(#275); candidate=summit-candidate:2ab43729f5e80cbe; track=""夫婦山・白山・観音山・国見山・城山・御勧請山""; score=0.69; name_tier=strong; ele_diff=10.7m; loc=strong_overlap; act_conf=high"
275,夫婦山,summit-candidate:cf29543e6beaa1ec,yamap_2024-03-10_07_12.gpx,夫婦山・白山・観音山・国見山・城山・御勧請山,365.7180112898549,387,21.28,0.79,3,2,0.12,false,true,medium,medium,low,low_priority,location_strong_match,松山市,,same_municipality,松山市,multiple_candidates_for_mountain|multiple_mountains_for_candidate|missing_csv_coordinate,top_3_with_evidence,low_priority_alternative,"mountain=夫婦山(#275); candidate=summit-candidate:cf29543e6beaa1ec; track=""夫婦山・白山・観音山・国見山・城山・御勧請山""; score=0.69; name_tier=strong; ele_diff=21.28m; loc=strong_overlap; act_conf=high"
276,白山,summit-candidate:13b7a4bb8154974a,yamap_2024-03-10_07_12.gpx,夫婦山・白山・観音山・国見山・城山・御勧請山,336.02549564153543,327,9.03,0.85,1,1,0,true,true,medium,medium,high,resolve_conflict,location_strong_match,松山市,,same_municipality,松山市,multiple_candidates_for_mountain|multiple_mountains_for_candidate|missing_csv_coordinate,top_1_but_ambiguous|top_candidate_for_multiple_mountains|priority_reduced_strong_match_mutual_top1,shared_candidate,"mountain=白山(#276); candidate=summit-candidate:13b7a4bb8154974a; track=""夫婦山・白山・観音山・国見山・城山・御勧請山""; score=0.75; name_tier=strong; ele_diff=9.03m; loc=strong_overlap; act_conf=high"
276,白山,summit-candidate:3a491eecbf684185,yamap_2024-03-10_07_12.gpx,夫婦山・白山・観音山・国見山・城山・御勧請山,332.31718344424,327,5.32,0.85,2,1,0.12,false,true,medium,medium,high,check_close_alternatives,location_strong_match,松山市,,same_municipality,松山市,multiple_candidates_for_mountain|multiple_mountains_for_candidate|missing_csv_coordinate,top_3_with_evidence,small_score_gap,"mountain=白山(#276); candidate=summit-candidate:3a491eecbf684185; track=""夫婦山・白山・観音山・国見山・城山・御勧請山""; score=0.75; name_tier=strong; ele_diff=5.32m; loc=strong_overlap; act_conf=high"
276,白山,summit-candidate:2ab43729f5e80cbe,yamap_2024-03-10_07_12.gpx,夫婦山・白山・観音山・国見山・城山・御勧請山,376.3033333333333,327,49.3,0.73,3,4,0,false,false,medium,medium,low,low_priority,location_strong_match,松山市,,same_municipality,松山市,multiple_candidates_for_mountain|multiple_mountains_for_candidate|missing_csv_coordinate,top_3_with_evidence,low_priority_alternative,"mountain=白山(#276); candidate=summit-candidate:2ab43729f5e80cbe; track=""夫婦山・白山・観音山・国見山・城山・御勧請山""; score=0.63; name_tier=strong; ele_diff=49.3m; loc=strong_overlap; act_conf=high"
277,観音山,summit-candidate:cf29543e6beaa1ec,yamap_2024-03-10_07_12.gpx,夫婦山・白山・観音山・国見山・城山・御勧請山,365.7180112898549,360,5.72,0.85,1,1,0.06,true,true,medium,medium,medium,accept_candidate_after_map_check,location_strong_match,松山市,,same_municipality,松山市,multiple_candidates_for_mountain|multiple_mountains_for_candidate|missing_csv_coordinate,top_1_but_ambiguous|priority_reduced_strong_match_mutual_top1,clear_mutual_top1,"mountain=観音山(#277); candidate=summit-candidate:cf29543e6beaa1ec; track=""夫婦山・白山・観音山・国見山・城山・御勧請山""; score=0.75; name_tier=strong; ele_diff=5.72m; loc=strong_overlap; act_conf=high"
277,観音山,summit-candidate:13b7a4bb8154974a,yamap_2024-03-10_07_12.gpx,夫婦山・白山・観音山・国見山・城山・御勧請山,336.02549564153543,360,23.97,0.79,2,3,0,false,true,medium,high,high,resolve_conflict,location_strong_match,松山市,,same_municipality,松山市,multiple_candidates_for_mountain|multiple_mountains_for_candidate|missing_csv_coordinate,top_candidate_for_multiple_mountains,shared_candidate,"mountain=観音山(#277); candidate=summit-candidate:13b7a4bb8154974a; track=""夫婦山・白山・観音山・国見山・城山・御勧請山""; score=0.69; name_tier=strong; ele_diff=23.97m; loc=strong_overlap; act_conf=high"
277,観音山,summit-candidate:2ab43729f5e80cbe,yamap_2024-03-10_07_12.gpx,夫婦山・白山・観音山・国見山・城山・御勧請山,376.3033333333333,360,16.3,0.79,3,3,0,false,true,medium,medium,low,low_priority,location_strong_match,松山市,,same_municipality,松山市,multiple_candidates_for_mountain|multiple_mountains_for_candidate|missing_csv_coordinate,top_3_with_evidence,low_priority_alternative,"mountain=観音山(#277); candidate=summit-candidate:2ab43729f5e80cbe; track=""夫婦山・白山・観音山・国見山・城山・御勧請山""; score=0.69; name_tier=strong; ele_diff=16.3m; loc=strong_overlap; act_conf=high"
278,国見山,summit-candidate:2ab43729f5e80cbe,yamap_2024-03-10_07_12.gpx,夫婦山・白山・観音山・国見山・城山・御勧請山,376.3033333333333,380,3.7,0.85,1,1,0,true,true,medium,medium,medium,accept_candidate_after_map_check,location_strong_match,松山市,,same_municipality,松山市,multiple_candidates_for_mountain|multiple_mountains_for_candidate|missing_csv_coordinate,top_1_but_ambiguous|priority_reduced_strong_match_mutual_top1,clear_mutual_top1,"mountain=国見山(#278); candidate=summit-candidate:2ab43729f5e80cbe; track=""夫婦山・白山・観音山・国見山・城山・御勧請山""; score=0.75; name_tier=strong; ele_diff=3.7m; loc=strong_overlap; act_conf=high"
278,国見山,summit-candidate:3e9348428f22a320,yamap_2024-03-10_07_12.gpx,夫婦山・白山・観音山・国見山・城山・御勧請山,385.21553569431927,380,5.22,0.85,2,2,0.06,false,true,medium,medium,high,check_close_alternatives,location_strong_match,松山市,,same_municipality,松山市,multiple_candidates_for_mountain|multiple_mountains_for_candidate|missing_csv_coordinate,top_3_with_evidence,small_score_gap,"mountain=国見山(#278); candidate=summit-candidate:3e9348428f22a320; track=""夫婦山・白山・観音山・国見山・城山・御勧請山""; score=0.75; name_tier=strong; ele_diff=5.22m; loc=strong_overlap; act_conf=high"
278,国見山,summit-candidate:cf29543e6beaa1ec,yamap_2024-03-10_07_12.gpx,夫婦山・白山・観音山・国見山・城山・御勧請山,365.7180112898549,380,14.28,0.79,3,3,0.06,false,true,medium,medium,low,low_priority,location_strong_match,松山市,,same_municipality,松山市,multiple_candidates_for_mountain|multiple_mountains_for_candidate|missing_csv_coordinate,top_3_with_evidence,low_priority_alternative,"mountain=国見山(#278); candidate=summit-candidate:cf29543e6beaa1ec; track=""夫婦山・白山・観音山・国見山・城山・御勧請山""; score=0.69; name_tier=strong; ele_diff=14.28m; loc=strong_overlap; act_conf=high"
279,城山,summit-candidate:1432f597b5dca157,yamap_2023-01-28_14_27.gpx,古城山・尾崎山,253.17333333333332,244,9.17,0.85,1,2,0,false,true,medium,high,high,resolve_conflict,location_strong_match,松山市,,same_municipality,松山市,multiple_candidates_for_mountain|multiple_mountains_for_candidate|missing_csv_coordinate|activity_link_ambiguous,top_1_but_ambiguous|top_candidate_for_multiple_mountains,shared_candidate|not_mutual_top1,"mountain=城山(#279); candidate=summit-candidate:1432f597b5dca157; track=""古城山・尾崎山""; score=0.75; name_tier=strong; ele_diff=9.17m; loc=strong_overlap; act_conf=high"
279,城山,summit-candidate:d19542a61a416537,yamap_2024-03-10_07_12.gpx,夫婦山・白山・観音山・国見山・城山・御勧請山,249.26694835004648,244,5.27,0.85,2,1,0.06,false,true,medium,medium,high,check_close_alternatives,location_strong_match,松山市,,same_municipality,松山市,multiple_candidates_for_mountain|multiple_mountains_for_candidate|missing_csv_coordinate,top_3_with_evidence,small_score_gap,"mountain=城山(#279); candidate=summit-candidate:d19542a61a416537; track=""夫婦山・白山・観音山・国見山・城山・御勧請山""; score=0.75; name_tier=strong; ele_diff=5.27m; loc=strong_overlap; act_conf=high"
279,城山,summit-candidate:0022a746b396d4c7,yamap_2024-03-10_07_12.gpx,夫婦山・白山・観音山・国見山・城山・御勧請山,264.2867991594412,244,20.29,0.79,3,1,0.06,false,true,medium,medium,low,low_priority,location_strong_match,松山市,,same_municipality,松山市,multiple_candidates_for_mountain|multiple_mountains_for_candidate|missing_csv_coordinate,top_3_with_evidence,low_priority_alternative,"mountain=城山(#279); candidate=summit-candidate:0022a746b396d4c7; track=""夫婦山・白山・観音山・国見山・城山・御勧請山""; score=0.69; name_tier=strong; ele_diff=20.29m; loc=strong_overlap; act_conf=high"
280,御勧請山,summit-candidate:13b7a4bb8154974a,yamap_2024-03-10_07_12.gpx,夫婦山・白山・観音山・国見山・城山・御勧請山,336.02549564153543,327,9.03,0.85,1,2,0,false,true,medium,high,high,resolve_conflict,location_strong_match,松山市,,same_municipality,松山市,multiple_candidates_for_mountain|multiple_mountains_for_candidate|missing_csv_coordinate,top_1_but_ambiguous|top_candidate_for_multiple_mountains,shared_candidate|not_mutual_top1,"mountain=御勧請山(#280); candidate=summit-candidate:13b7a4bb8154974a; track=""夫婦山・白山・観音山・国見山・城山・御勧請山""; score=0.75; name_tier=strong; ele_diff=9.03m; loc=strong_overlap; act_conf=high"
280,御勧請山,summit-candidate:3a491eecbf684185,yamap_2024-03-10_07_12.gpx,夫婦山・白山・観音山・国見山・城山・御勧請山,332.31718344424,327,5.32,0.85,2,2,0.12,false,true,medium,medium,high,check_close_alternatives,location_strong_match,松山市,,same_municipality,松山市,multiple_candidates_for_mountain|multiple_mountains_for_candidate|missing_csv_coordinate,top_3_with_evidence,small_score_gap,"mountain=御勧請山(#280); candidate=summit-candidate:3a491eecbf684185; track=""夫婦山・白山・観音山・国見山・城山・御勧請山""; score=0.75; name_tier=strong; ele_diff=5.32m; loc=strong_overlap; act_conf=high"
280,御勧請山,summit-candidate:2ab43729f5e80cbe,yamap_2024-03-10_07_12.gpx,夫婦山・白山・観音山・国見山・城山・御勧請山,376.3033333333333,327,49.3,0.73,3,5,0,false,false,medium,medium,low,low_priority,location_strong_match,松山市,,same_municipality,松山市,multiple_candidates_for_mountain|multiple_mountains_for_candidate|missing_csv_coordinate,top_3_with_evidence,low_priority_alternative,"mountain=御勧請山(#280); candidate=summit-candidate:2ab43729f5e80cbe; track=""夫婦山・白山・観音山・国見山・城山・御勧請山""; score=0.63; name_tier=strong; ele_diff=49.3m; loc=strong_overlap; act_conf=high"
281,トギ,summit-candidate:e75e04c2fbe61c2f,yamap_2024-03-16_09_21.gpx,トギ・張木山・高手山,391.45205218380346,391,0.45,0.85,1,1,0.18,true,true,medium,medium,high,resolve_conflict,location_strong_match,大洲市,,same_municipality,大洲市,multiple_candidates_for_mountain|multiple_mountains_for_candidate|missing_csv_coordinate|activity_link_ambiguous,top_1_but_ambiguous|top_candidate_for_multiple_mountains|priority_reduced_strong_match_mutual_top1,shared_candidate,"mountain=トギ(#281); candidate=summit-candidate:e75e04c2fbe61c2f; track=""トギ・張木山・高手山""; score=0.75; name_tier=strong; ele_diff=0.45m; loc=strong_overlap; act_conf=high"
281,トギ,summit-candidate:3c28b6ebd5a97155,yamap_2024-03-16_13_58.gpx,斎藤山,472.13310176947385,391,81.13,0.67,2,3,0,false,true,medium,high,high,resolve_conflict,location_strong_match,大洲市,,same_municipality,大洲市,multiple_candidates_for_mountain|multiple_mountains_for_candidate|weak_elevation_evidence|missing_csv_coordinate|activity_link_ambiguous,top_candidate_for_multiple_mountains,shared_candidate,"mountain=トギ(#281); candidate=summit-candidate:3c28b6ebd5a97155; track=""斎藤山""; score=0.57; name_tier=strong; ele_diff=81.13m; loc=strong_overlap; act_conf=high"
281,トギ,summit-candidate:b49681fa67b2b53e,yamap_2024-03-16_09_21.gpx,トギ・張木山・高手山,477.8922286451063,391,86.89,0.67,3,3,0.23,false,true,medium,medium,low,low_priority,location_strong_match,大洲市,,same_municipality,大洲市,multiple_candidates_for_mountain|multiple_mountains_for_candidate|weak_elevation_evidence|missing_csv_coordinate|activity_link_ambiguous,top_3_with_evidence,low_priority_alternative,"mountain=トギ(#281); candidate=summit-candidate:b49681fa67b2b53e; track=""トギ・張木山・高手山""; score=0.57; name_tier=strong; ele_diff=86.89m; loc=strong_overlap; act_conf=high"
282,張木山,summit-candidate:3c28b6ebd5a97155,yamap_2024-03-16_13_58.gpx,斎藤山,472.13310176947385,468,4.13,0.85,1,1,0,true,true,medium,medium,high,resolve_conflict,location_strong_match,大洲市,,same_municipality,大洲市,multiple_candidates_for_mountain|multiple_mountains_for_candidate|missing_csv_coordinate|activity_link_ambiguous,top_1_but_ambiguous|top_candidate_for_multiple_mountains|priority_reduced_strong_match_mutual_top1,shared_candidate,"mountain=張木山(#282); candidate=summit-candidate:3c28b6ebd5a97155; track=""斎藤山""; score=0.75; name_tier=strong; ele_diff=4.13m; loc=strong_overlap; act_conf=high"
282,張木山,summit-candidate:b49681fa67b2b53e,yamap_2024-03-16_09_21.gpx,トギ・張木山・高手山,477.8922286451063,468,9.89,0.85,2,1,0.18,false,true,medium,medium,high,check_close_alternatives,location_strong_match,大洲市,,same_municipality,大洲市,multiple_candidates_for_mountain|multiple_mountains_for_candidate|missing_csv_coordinate|activity_link_ambiguous,top_3_with_evidence,small_score_gap,"mountain=張木山(#282); candidate=summit-candidate:b49681fa67b2b53e; track=""トギ・張木山・高手山""; score=0.75; name_tier=strong; ele_diff=9.89m; loc=strong_overlap; act_conf=high"
282,張木山,summit-candidate:e75e04c2fbe61c2f,yamap_2024-03-16_09_21.gpx,トギ・張木山・高手山,391.45205218380346,468,76.55,0.67,3,3,0.17,false,true,medium,high,high,resolve_conflict,location_strong_match,大洲市,,same_municipality,大洲市,multiple_candidates_for_mountain|multiple_mountains_for_candidate|weak_elevation_evidence|missing_csv_coordinate|activity_link_ambiguous,top_candidate_for_multiple_mountains,shared_candidate,"mountain=張木山(#282); candidate=summit-candidate:e75e04c2fbe61c2f; track=""トギ・張木山・高手山""; score=0.57; name_tier=strong; ele_diff=76.55m; loc=strong_overlap; act_conf=high"
283,高手山,summit-candidate:e75e04c2fbe61c2f,yamap_2024-03-16_09_21.gpx,トギ・張木山・高手山,391.45205218380346,381,10.45,0.79,1,2,0.12,false,true,medium,high,high,resolve_conflict,location_strong_match,大洲市,,same_municipality,大洲市,multiple_candidates_for_mountain|multiple_mountains_for_candidate|missing_csv_coordinate|activity_link_ambiguous,top_1_but_ambiguous|top_candidate_for_multiple_mountains,shared_candidate|not_mutual_top1,"mountain=高手山(#283); candidate=summit-candidate:e75e04c2fbe61c2f; track=""トギ・張木山・高手山""; score=0.69; name_tier=strong; ele_diff=10.45m; loc=strong_overlap; act_conf=high"
283,高手山,summit-candidate:3c28b6ebd5a97155,yamap_2024-03-16_13_58.gpx,斎藤山,472.13310176947385,381,91.13,0.67,2,4,0,false,false,medium,high,high,resolve_conflict,location_strong_match,大洲市,,same_municipality,大洲市,multiple_candidates_for_mountain|multiple_mountains_for_candidate|weak_elevation_evidence|missing_csv_coordinate|activity_link_ambiguous,top_candidate_for_multiple_mountains,shared_candidate,"mountain=高手山(#283); candidate=summit-candidate:3c28b6ebd5a97155; track=""斎藤山""; score=0.57; name_tier=strong; ele_diff=91.13m; loc=strong_overlap; act_conf=high"
283,高手山,summit-candidate:b49681fa67b2b53e,yamap_2024-03-16_09_21.gpx,トギ・張木山・高手山,477.8922286451063,381,96.89,0.67,3,4,0.17,false,false,medium,medium,low,low_priority,location_strong_match,大洲市,,same_municipality,大洲市,multiple_candidates_for_mountain|multiple_mountains_for_candidate|weak_elevation_evidence|missing_csv_coordinate|activity_link_ambiguous,top_3_with_evidence,low_priority_alternative,"mountain=高手山(#283); candidate=summit-candidate:b49681fa67b2b53e; track=""トギ・張木山・高手山""; score=0.57; name_tier=strong; ele_diff=96.89m; loc=strong_overlap; act_conf=high"
284,斎藤山,summit-candidate:3c28b6ebd5a97155,yamap_2024-03-16_13_58.gpx,斎藤山,472.13310176947385,459,13.13,0.79,1,2,0,false,true,medium,high,high,resolve_conflict,location_strong_match,大洲市,,same_municipality,大洲市,multiple_candidates_for_mountain|multiple_mountains_for_candidate|missing_csv_coordinate|activity_link_ambiguous,top_1_but_ambiguous|top_candidate_for_multiple_mountains,shared_candidate|not_mutual_top1,"mountain=斎藤山(#284); candidate=summit-candidate:3c28b6ebd5a97155; track=""斎藤山""; score=0.69; name_tier=strong; ele_diff=13.13m; loc=strong_overlap; act_conf=high"
284,斎藤山,summit-candidate:b49681fa67b2b53e,yamap_2024-03-16_09_21.gpx,トギ・張木山・高手山,477.8922286451063,459,18.89,0.79,2,2,0.12,false,true,medium,medium,high,check_close_alternatives,location_strong_match,大洲市,,same_municipality,大洲市,multiple_candidates_for_mountain|multiple_mountains_for_candidate|missing_csv_coordinate|activity_link_ambiguous,top_3_with_evidence,small_score_gap,"mountain=斎藤山(#284); candidate=summit-candidate:b49681fa67b2b53e; track=""トギ・張木山・高手山""; score=0.69; name_tier=strong; ele_diff=18.89m; loc=strong_overlap; act_conf=high"
284,斎藤山,summit-candidate:e75e04c2fbe61c2f,yamap_2024-03-16_09_21.gpx,トギ・張木山・高手山,391.45205218380346,459,67.55,0.67,3,4,0.17,false,false,medium,high,high,resolve_conflict,location_strong_match,大洲市,,same_municipality,大洲市,multiple_candidates_for_mountain|multiple_mountains_for_candidate|weak_elevation_evidence|missing_csv_coordinate|activity_link_ambiguous,top_candidate_for_multiple_mountains,shared_candidate,"mountain=斎藤山(#284); candidate=summit-candidate:e75e04c2fbe61c2f; track=""トギ・張木山・高手山""; score=0.57; name_tier=strong; ele_diff=67.55m; loc=strong_overlap; act_conf=high"
285,御祝山,summit-candidate:9186201ca03b041d,yamap_2024-03-30_07_11.gpx,御祝山・横ノ森・小屋ヶ森・串ヶ森・目黒鳥屋・長尾森,1160.4399999999998,999,161.44,0.67,1,6,0.12,false,false,medium,high,high,resolve_conflict,location_strong_match,松野町,,same_municipality,松野町,multiple_candidates_for_mountain|multiple_mountains_for_candidate|weak_elevation_evidence|missing_csv_coordinate,top_1_but_ambiguous|top_candidate_for_multiple_mountains,shared_candidate|not_mutual_top1,"mountain=御祝山(#285); candidate=summit-candidate:9186201ca03b041d; track=""御祝山・横ノ森・小屋ヶ森・串ヶ森・目黒鳥屋・長尾森""; score=0.57; name_tier=strong; ele_diff=161.44m; loc=strong_overlap; act_conf=high"
285,御祝山,summit-candidate:12c27f259b66de80,yamap_2024-03-30_07_11.gpx,御祝山・横ノ森・小屋ヶ森・串ヶ森・目黒鳥屋・長尾森,1201.04,999,202.04,0.55,2,6,0.22,false,false,low,medium,high,check_location_warning,boundary_plausible,松野町,,adjacent_municipality,宇和島市,multiple_candidates_for_mountain|multiple_mountains_for_candidate|weak_elevation_evidence|missing_csv_coordinate|location_mismatch_warning,top_3_with_evidence,boundary_plausible,"mountain=御祝山(#285); candidate=summit-candidate:12c27f259b66de80; track=""御祝山・横ノ森・小屋ヶ森・串ヶ森・目黒鳥屋・長尾森""; score=0.5; name_tier=strong; ele_diff=202.04m; loc=mismatch_warning; act_conf=high"
285,御祝山,summit-candidate:19ab381ef6c337af,yamap_2026-02-22_07_32.gpx,高森山・町木山・寒台山・鎧掛山,993.1336935716172,999,5.87,0.33,3,16,0,false,false,low,medium,low,low_priority,location_uncertain_keep,松野町,,non_adjacent_municipality,大洲市,multiple_candidates_for_mountain|multiple_mountains_for_candidate|weak_name_evidence|missing_csv_coordinate|location_mismatch_warning|activity_link_ambiguous,top_3_with_evidence,low_priority_alternative,"mountain=御祝山(#285); candidate=summit-candidate:19ab381ef6c337af; track=""高森山・町木山・寒台山・鎧掛山""; score=0.33; name_tier=none; ele_diff=5.87m; loc=mismatch_warning; act_conf=high"
286,横ノ森,summit-candidate:12c27f259b66de80,yamap_2024-03-30_07_11.gpx,御祝山・横ノ森・小屋ヶ森・串ヶ森・目黒鳥屋・長尾森,1201.04,1200,1.04,0.73,1,1,0,true,true,medium,high,medium,accept_candidate_after_map_check,boundary_plausible,松野町,,adjacent_municipality,宇和島市,multiple_candidates_for_mountain|multiple_mountains_for_candidate|missing_csv_coordinate|location_mismatch_warning,top_1_but_ambiguous,clear_mutual_top1,"mountain=横ノ森(#286); candidate=summit-candidate:12c27f259b66de80; track=""御祝山・横ノ森・小屋ヶ森・串ヶ森・目黒鳥屋・長尾森""; score=0.68; name_tier=strong; ele_diff=1.04m; loc=mismatch_warning; act_conf=high"
286,横ノ森,summit-candidate:9186201ca03b041d,yamap_2024-03-30_07_11.gpx,御祝山・横ノ森・小屋ヶ森・串ヶ森・目黒鳥屋・長尾森,1160.4399999999998,1200,39.56,0.73,2,5,0.06,false,false,medium,high,high,resolve_conflict,location_strong_match,松野町,,same_municipality,松野町,multiple_candidates_for_mountain|multiple_mountains_for_candidate|missing_csv_coordinate,top_candidate_for_multiple_mountains,shared_candidate,"mountain=横ノ森(#286); candidate=summit-candidate:9186201ca03b041d; track=""御祝山・横ノ森・小屋ヶ森・串ヶ森・目黒鳥屋・長尾森""; score=0.63; name_tier=strong; ele_diff=39.56m; loc=strong_overlap; act_conf=high"
286,横ノ森,summit-candidate:babbcdf7bbd23463,yamap_2022-04-08_09_33.gpx,鬼ヶ城山・大久保山・八面山・三本杭・横ノ森・小屋ヶ森・毛山,1222.4936499541386,1200,22.49,0.67,3,6,0.06,false,false,medium,medium,high,check_location_warning,boundary_plausible,松野町,,adjacent_municipality,宇和島市,multiple_candidates_for_mountain|multiple_mountains_for_candidate|missing_csv_coordinate|location_mismatch_warning,top_3_with_evidence,boundary_plausible,"mountain=横ノ森(#286); candidate=summit-candidate:babbcdf7bbd23463; track=""鬼ヶ城山・大久保山・八面山・三本杭・横ノ森・小屋ヶ森・毛山""; score=0.62; name_tier=strong; ele_diff=22.49m; loc=mismatch_warning; act_conf=high"
287,小屋ヶ森,summit-candidate:9186201ca03b041d,yamap_2024-03-30_07_11.gpx,御祝山・横ノ森・小屋ヶ森・串ヶ森・目黒鳥屋・長尾森,1160.4399999999998,1184,23.56,0.79,1,3,0.12,false,true,medium,high,high,resolve_conflict,location_strong_match,松野町,,same_municipality,松野町,multiple_candidates_for_mountain|multiple_mountains_for_candidate|missing_csv_coordinate,top_1_but_ambiguous|top_candidate_for_multiple_mountains,shared_candidate|not_mutual_top1,"mountain=小屋ヶ森(#287); candidate=summit-candidate:9186201ca03b041d; track=""御祝山・横ノ森・小屋ヶ森・串ヶ森・目黒鳥屋・長尾森""; score=0.69; name_tier=strong; ele_diff=23.56m; loc=strong_overlap; act_conf=high"
287,小屋ヶ森,summit-candidate:12c27f259b66de80,yamap_2024-03-30_07_11.gpx,御祝山・横ノ森・小屋ヶ森・串ヶ森・目黒鳥屋・長尾森,1201.04,1184,17.04,0.67,2,2,0,false,true,medium,medium,high,check_location_warning,boundary_plausible,松野町,,adjacent_municipality,宇和島市,multiple_candidates_for_mountain|multiple_mountains_for_candidate|missing_csv_coordinate|location_mismatch_warning,top_3_with_evidence,boundary_plausible,"mountain=小屋ヶ森(#287); candidate=summit-candidate:12c27f259b66de80; track=""御祝山・横ノ森・小屋ヶ森・串ヶ森・目黒鳥屋・長尾森""; score=0.62; name_tier=strong; ele_diff=17.04m; loc=mismatch_warning; act_conf=high"
287,小屋ヶ森,summit-candidate:27c1036d4aa2230e,yamap_2022-04-08_09_33.gpx,鬼ヶ城山・大久保山・八面山・三本杭・横ノ森・小屋ヶ森・毛山,1167.5519282683324,1184,16.45,0.67,3,6,0.06,false,false,medium,medium,high,check_location_warning,boundary_plausible,松野町,,adjacent_municipality,宇和島市,multiple_candidates_for_mountain|multiple_mountains_for_candidate|missing_csv_coordinate|location_mismatch_warning,top_3_with_evidence,boundary_plausible,"mountain=小屋ヶ森(#287); candidate=summit-candidate:27c1036d4aa2230e; track=""鬼ヶ城山・大久保山・八面山・三本杭・横ノ森・小屋ヶ森・毛山""; score=0.62; name_tier=strong; ele_diff=16.45m; loc=mismatch_warning; act_conf=high"
288,串ヶ森,summit-candidate:9186201ca03b041d,yamap_2024-03-30_07_11.gpx,御祝山・横ノ森・小屋ヶ森・串ヶ森・目黒鳥屋・長尾森,1160.4399999999998,1160,0.44,0.85,1,1,0.24,true,true,medium,medium,high,resolve_conflict,location_strong_match,松野町,,same_municipality,松野町,multiple_candidates_for_mountain|multiple_mountains_for_candidate|missing_csv_coordinate,top_1_but_ambiguous|top_candidate_for_multiple_mountains|priority_reduced_strong_match_mutual_top1,shared_candidate,"mountain=串ヶ森(#288); candidate=summit-candidate:9186201ca03b041d; track=""御祝山・横ノ森・小屋ヶ森・串ヶ森・目黒鳥屋・長尾森""; score=0.75; name_tier=strong; ele_diff=0.44m; loc=strong_overlap; act_conf=high"
288,串ヶ森,summit-candidate:12c27f259b66de80,yamap_2024-03-30_07_11.gpx,御祝山・横ノ森・小屋ヶ森・串ヶ森・目黒鳥屋・長尾森,1201.04,1160,41.04,0.61,2,4,0.23,false,false,medium,medium,high,check_location_warning,boundary_plausible,松野町,,adjacent_municipality,宇和島市,multiple_candidates_for_mountain|multiple_mountains_for_candidate|missing_csv_coordinate|location_mismatch_warning,top_3_with_evidence,boundary_plausible,"mountain=串ヶ森(#288); candidate=summit-candidate:12c27f259b66de80; track=""御祝山・横ノ森・小屋ヶ森・串ヶ森・目黒鳥屋・長尾森""; score=0.56; name_tier=strong; ele_diff=41.04m; loc=mismatch_warning; act_conf=high"
288,串ヶ森,summit-candidate:27c1036d4aa2230e,yamap_2022-04-08_09_33.gpx,鬼ヶ城山・大久保山・八面山・三本杭・横ノ森・小屋ヶ森・毛山,1167.5519282683324,1160,7.55,0.38,3,13,0.05,false,false,low,medium,high,check_location_warning,boundary_plausible,松野町,,adjacent_municipality,宇和島市,multiple_candidates_for_mountain|multiple_mountains_for_candidate|weak_name_evidence|missing_csv_coordinate|location_mismatch_warning,top_3_with_evidence,boundary_plausible,"mountain=串ヶ森(#288); candidate=summit-candidate:27c1036d4aa2230e; track=""鬼ヶ城山・大久保山・八面山・三本杭・横ノ森・小屋ヶ森・毛山""; score=0.33; name_tier=none; ele_diff=7.55m; loc=mismatch_warning; act_conf=high"
289,目黒鳥屋,summit-candidate:9186201ca03b041d,yamap_2024-03-30_07_11.gpx,御祝山・横ノ森・小屋ヶ森・串ヶ森・目黒鳥屋・長尾森,1160.4399999999998,1157,3.44,0.85,1,2,0.24,false,true,medium,high,high,resolve_conflict,location_strong_match,松野町,,same_municipality,松野町,multiple_candidates_for_mountain|multiple_mountains_for_candidate|missing_csv_coordinate,top_1_but_ambiguous|top_candidate_for_multiple_mountains,shared_candidate|not_mutual_top1,"mountain=目黒鳥屋(#289); candidate=summit-candidate:9186201ca03b041d; track=""御祝山・横ノ森・小屋ヶ森・串ヶ森・目黒鳥屋・長尾森""; score=0.75; name_tier=strong; ele_diff=3.44m; loc=strong_overlap; act_conf=high"
289,目黒鳥屋,summit-candidate:12c27f259b66de80,yamap_2024-03-30_07_11.gpx,御祝山・横ノ森・小屋ヶ森・串ヶ森・目黒鳥屋・長尾森,1201.04,1157,44.04,0.61,2,5,0.28,false,false,medium,medium,high,check_location_warning,boundary_plausible,松野町,,adjacent_municipality,宇和島市,multiple_candidates_for_mountain|multiple_mountains_for_candidate|missing_csv_coordinate|location_mismatch_warning,top_3_with_evidence,boundary_plausible,"mountain=目黒鳥屋(#289); candidate=summit-candidate:12c27f259b66de80; track=""御祝山・横ノ森・小屋ヶ森・串ヶ森・目黒鳥屋・長尾森""; score=0.56; name_tier=strong; ele_diff=44.04m; loc=mismatch_warning; act_conf=high"
289,目黒鳥屋,summit-candidate:5b124255339c0714,yamap_2023-03-11_06_08.gpx,福見山・明神ヶ森・南三方ヶ森・魚谷森・左谷ノ森,1147.7433333333333,1157,9.26,0.33,3,11,0,false,false,low,medium,low,low_priority,location_uncertain_keep,松野町,,candidate_boundary_ambiguous,,multiple_candidates_for_mountain|multiple_mountains_for_candidate|weak_name_evidence|missing_csv_coordinate|location_mismatch_warning,top_3_with_evidence,low_priority_alternative,"mountain=目黒鳥屋(#289); candidate=summit-candidate:5b124255339c0714; track=""福見山・明神ヶ森・南三方ヶ森・魚谷森・左谷ノ森""; score=0.33; name_tier=none; ele_diff=9.26m; loc=mismatch_warning; act_conf=high"
290,長尾森,summit-candidate:9186201ca03b041d,yamap_2024-03-30_07_11.gpx,御祝山・横ノ森・小屋ヶ森・串ヶ森・目黒鳥屋・長尾森,1160.4399999999998,1180,19.56,0.79,1,4,0.12,false,false,medium,high,high,resolve_conflict,location_strong_match,松野町,,same_municipality,松野町,multiple_candidates_for_mountain|multiple_mountains_for_candidate|missing_csv_coordinate,top_1_but_ambiguous|top_candidate_for_multiple_mountains,shared_candidate|not_mutual_top1,"mountain=長尾森(#290); candidate=summit-candidate:9186201ca03b041d; track=""御祝山・横ノ森・小屋ヶ森・串ヶ森・目黒鳥屋・長尾森""; score=0.69; name_tier=strong; ele_diff=19.56m; loc=strong_overlap; act_conf=high"
290,長尾森,summit-candidate:12c27f259b66de80,yamap_2024-03-30_07_11.gpx,御祝山・横ノ森・小屋ヶ森・串ヶ森・目黒鳥屋・長尾森,1201.04,1180,21.04,0.67,2,3,0.35,false,true,medium,medium,high,check_location_warning,boundary_plausible,松野町,,adjacent_municipality,宇和島市,multiple_candidates_for_mountain|multiple_mountains_for_candidate|missing_csv_coordinate|location_mismatch_warning,top_3_with_evidence,boundary_plausible,"mountain=長尾森(#290); candidate=summit-candidate:12c27f259b66de80; track=""御祝山・横ノ森・小屋ヶ森・串ヶ森・目黒鳥屋・長尾森""; score=0.62; name_tier=strong; ele_diff=21.04m; loc=mismatch_warning; act_conf=high"
290,長尾森,summit-candidate:27c1036d4aa2230e,yamap_2022-04-08_09_33.gpx,鬼ヶ城山・大久保山・八面山・三本杭・横ノ森・小屋ヶ森・毛山,1167.5519282683324,1180,12.45,0.32,3,18,0.05,false,false,none,medium,low,low_priority,boundary_plausible,松野町,,adjacent_municipality,宇和島市,multiple_candidates_for_mountain|multiple_mountains_for_candidate|weak_name_evidence|missing_csv_coordinate|location_mismatch_warning,top_3_with_evidence,low_priority_alternative,"mountain=長尾森(#290); candidate=summit-candidate:27c1036d4aa2230e; track=""鬼ヶ城山・大久保山・八面山・三本杭・横ノ森・小屋ヶ森・毛山""; score=0.27; name_tier=none; ele_diff=12.45m; loc=mismatch_warning; act_conf=high"
291,二箆山,summit-candidate:0a89128346167f6e,yamap_2024-04-07_06_45.gpx,二箆山・西雑誌山,1158.3666666666668,1169,10.63,0.79,1,1,0,true,true,medium,medium,medium,accept_candidate_after_map_check,location_strong_match,久万高原町,,same_municipality,久万高原町,multiple_candidates_for_mountain|multiple_mountains_for_candidate|missing_csv_coordinate,top_1_but_ambiguous|priority_reduced_strong_match_mutual_top1,clear_mutual_top1,"mountain=二箆山(#291); candidate=summit-candidate:0a89128346167f6e; track=""二箆山・西雑誌山""; score=0.69; name_tier=strong; ele_diff=10.63m; loc=strong_overlap; act_conf=high"
291,二箆山,summit-candidate:67df63dc99cf8614,yamap_2024-04-07_06_45.gpx,二箆山・西雑誌山,1190.45,1169,21.45,0.79,2,1,0.12,false,true,medium,medium,high,check_close_alternatives,location_strong_match,久万高原町,,same_municipality,久万高原町,multiple_candidates_for_mountain|multiple_mountains_for_candidate|missing_csv_coordinate,top_3_with_evidence,small_score_gap,"mountain=二箆山(#291); candidate=summit-candidate:67df63dc99cf8614; track=""二箆山・西雑誌山""; score=0.69; name_tier=strong; ele_diff=21.45m; loc=strong_overlap; act_conf=high"
291,二箆山,summit-candidate:09c1602c02ce7f78,yamap_2024-04-07_06_45.gpx,二箆山・西雑誌山,1357.4633333333334,1169,188.46,0.67,3,2,0,false,true,medium,medium,low,low_priority,location_strong_match,久万高原町,,same_municipality,久万高原町,multiple_candidates_for_mountain|multiple_mountains_for_candidate|weak_elevation_evidence|missing_csv_coordinate,top_3_with_evidence,low_priority_alternative,"mountain=二箆山(#291); candidate=summit-candidate:09c1602c02ce7f78; track=""二箆山・西雑誌山""; score=0.57; name_tier=strong; ele_diff=188.46m; loc=strong_overlap; act_conf=high"
292,西雑誌山,summit-candidate:aa8ff99fc3bd426d,yamap_2024-04-07_06_45.gpx,二箆山・西雑誌山,1347.9433333333334,1341,6.94,0.85,1,1,0.06,true,true,medium,medium,medium,accept_candidate_after_map_check,location_strong_match,久万高原町,,same_municipality,久万高原町,multiple_candidates_for_mountain|multiple_mountains_for_candidate|missing_csv_coordinate,top_1_but_ambiguous|priority_reduced_strong_match_mutual_top1,clear_mutual_top1,"mountain=西雑誌山(#292); candidate=summit-candidate:aa8ff99fc3bd426d; track=""二箆山・西雑誌山""; score=0.75; name_tier=strong; ele_diff=6.94m; loc=strong_overlap; act_conf=high"
292,西雑誌山,summit-candidate:09c1602c02ce7f78,yamap_2024-04-07_06_45.gpx,二箆山・西雑誌山,1357.4633333333334,1341,16.46,0.79,2,1,0.01,false,true,medium,medium,low,low_priority,location_strong_match,久万高原町,,same_municipality,久万高原町,multiple_candidates_for_mountain|multiple_mountains_for_candidate|missing_csv_coordinate,top_3_with_evidence,low_priority_alternative,"mountain=西雑誌山(#292); candidate=summit-candidate:09c1602c02ce7f78; track=""二箆山・西雑誌山""; score=0.69; name_tier=strong; ele_diff=16.46m; loc=strong_overlap; act_conf=high"
292,西雑誌山,summit-candidate:e4172c5503fdcc89,yamap_2024-04-07_06_45.gpx,二箆山・西雑誌山,1338.5933333333335,1341,2.41,0.78,3,1,0.11,false,true,medium,medium,low,low_priority,location_strong_match,久万高原町,,same_municipality,久万高原町,multiple_candidates_for_mountain|multiple_mountains_for_candidate|missing_csv_coordinate|location_mismatch_warning,top_3_with_evidence,low_priority_alternative,"mountain=西雑誌山(#292); candidate=summit-candidate:e4172c5503fdcc89; track=""二箆山・西雑誌山""; score=0.68; name_tier=strong; ele_diff=2.41m; loc=mismatch_warning; act_conf=high"
293,気多山,summit-candidate:e010f98d2b23f547,yamap_2024-04-20_05_43.gpx,気多山・八辻ノ峰・五代ヶ森,1212.5233333333333,1218,5.48,0.85,1,1,0.18,true,true,medium,medium,medium,accept_candidate_after_map_check,location_strong_match,久万高原町,,same_municipality,久万高原町,multiple_candidates_for_mountain|multiple_mountains_for_candidate|missing_csv_coordinate,top_1_but_ambiguous|priority_reduced_strong_match_mutual_top1,clear_mutual_top1,"mountain=気多山(#293); candidate=summit-candidate:e010f98d2b23f547; track=""気多山・八辻ノ峰・五代ヶ森""; score=0.75; name_tier=strong; ele_diff=5.48m; loc=strong_overlap; act_conf=high"
293,気多山,summit-candidate:3f404ba3e31c8b54,yamap_2024-04-20_05_43.gpx,気多山・八辻ノ峰・五代ヶ森,1478.8966666666668,1218,260.9,0.67,2,1,0,false,true,medium,medium,low,low_priority,location_strong_match,久万高原町,,same_municipality,久万高原町,multiple_candidates_for_mountain|multiple_mountains_for_candidate|weak_elevation_evidence|missing_csv_coordinate,top_3_with_evidence,low_priority_alternative,"mountain=気多山(#293); candidate=summit-candidate:3f404ba3e31c8b54; track=""気多山・八辻ノ峰・五代ヶ森""; score=0.57; name_tier=strong; ele_diff=260.9m; loc=strong_overlap; act_conf=high"
293,気多山,summit-candidate:76cc7bb75549e7a1,yamap_2024-04-20_05_43.gpx,気多山・八辻ノ峰・五代ヶ森,1709.1566666666668,1218,491.16,0.67,3,3,0,false,true,medium,high,high,resolve_conflict,location_strong_match,久万高原町,,same_municipality,久万高原町,multiple_candidates_for_mountain|multiple_mountains_for_candidate|weak_elevation_evidence|missing_csv_coordinate,top_candidate_for_multiple_mountains,shared_candidate,"mountain=気多山(#293); candidate=summit-candidate:76cc7bb75549e7a1; track=""気多山・八辻ノ峰・五代ヶ森""; score=0.57; name_tier=strong; ele_diff=491.16m; loc=strong_overlap; act_conf=high"
294,八辻ノ峰,summit-candidate:76cc7bb75549e7a1,yamap_2024-04-20_05_43.gpx,気多山・八辻ノ峰・五代ヶ森,1709.1566666666668,1724,14.84,0.79,1,2,0.12,false,true,medium,high,high,resolve_conflict,location_strong_match,久万高原町,,same_municipality,久万高原町,multiple_candidates_for_mountain|multiple_mountains_for_candidate|missing_csv_coordinate,top_1_but_ambiguous|top_candidate_for_multiple_mountains,shared_candidate|not_mutual_top1,"mountain=八辻ノ峰(#294); candidate=summit-candidate:76cc7bb75549e7a1; track=""気多山・八辻ノ峰・五代ヶ森""; score=0.69; name_tier=strong; ele_diff=14.84m; loc=strong_overlap; act_conf=high"
294,八辻ノ峰,summit-candidate:3f404ba3e31c8b54,yamap_2024-04-20_05_43.gpx,気多山・八辻ノ峰・五代ヶ森,1478.8966666666668,1724,245.1,0.67,2,2,0,false,true,medium,medium,low,low_priority,location_strong_match,久万高原町,,same_municipality,久万高原町,multiple_candidates_for_mountain|multiple_mountains_for_candidate|weak_elevation_evidence|missing_csv_coordinate,top_3_with_evidence,low_priority_alternative,"mountain=八辻ノ峰(#294); candidate=summit-candidate:3f404ba3e31c8b54; track=""気多山・八辻ノ峰・五代ヶ森""; score=0.57; name_tier=strong; ele_diff=245.1m; loc=strong_overlap; act_conf=high"
294,八辻ノ峰,summit-candidate:83056c3652757f25,yamap_2024-04-20_05_43.gpx,気多山・八辻ノ峰・五代ヶ森,1281.8966666666665,1724,442.1,0.67,3,2,0,false,true,medium,medium,low,low_priority,location_strong_match,久万高原町,,same_municipality,久万高原町,multiple_candidates_for_mountain|multiple_mountains_for_candidate|weak_elevation_evidence|missing_csv_coordinate,top_3_with_evidence,low_priority_alternative,"mountain=八辻ノ峰(#294); candidate=summit-candidate:83056c3652757f25; track=""気多山・八辻ノ峰・五代ヶ森""; score=0.57; name_tier=strong; ele_diff=442.1m; loc=strong_overlap; act_conf=high"
295,五代ヶ森,summit-candidate:76cc7bb75549e7a1,yamap_2024-04-20_05_43.gpx,気多山・八辻ノ峰・五代ヶ森,1709.1566666666668,1711,1.84,0.85,1,1,0.18,true,true,medium,medium,high,resolve_conflict,location_strong_match,久万高原町,,same_municipality,久万高原町,multiple_candidates_for_mountain|multiple_mountains_for_candidate|missing_csv_coordinate,top_1_but_ambiguous|top_candidate_for_multiple_mountains|priority_reduced_strong_match_mutual_top1,shared_candidate,"mountain=五代ヶ森(#295); candidate=summit-candidate:76cc7bb75549e7a1; track=""気多山・八辻ノ峰・五代ヶ森""; score=0.75; name_tier=strong; ele_diff=1.84m; loc=strong_overlap; act_conf=high"
295,五代ヶ森,summit-candidate:3f404ba3e31c8b54,yamap_2024-04-20_05_43.gpx,気多山・八辻ノ峰・五代ヶ森,1478.8966666666668,1711,232.1,0.67,2,3,0,false,true,medium,medium,low,low_priority,location_strong_match,久万高原町,,same_municipality,久万高原町,multiple_candidates_for_mountain|multiple_mountains_for_candidate|weak_elevation_evidence|missing_csv_coordinate,top_3_with_evidence,low_priority_alternative,"mountain=五代ヶ森(#295); candidate=summit-candidate:3f404ba3e31c8b54; track=""気多山・八辻ノ峰・五代ヶ森""; score=0.57; name_tier=strong; ele_diff=232.1m; loc=strong_overlap; act_conf=high"
295,五代ヶ森,summit-candidate:83056c3652757f25,yamap_2024-04-20_05_43.gpx,気多山・八辻ノ峰・五代ヶ森,1281.8966666666665,1711,429.1,0.67,3,3,0,false,true,medium,medium,low,low_priority,location_strong_match,久万高原町,,same_municipality,久万高原町,multiple_candidates_for_mountain|multiple_mountains_for_candidate|weak_elevation_evidence|missing_csv_coordinate,top_3_with_evidence,low_priority_alternative,"mountain=五代ヶ森(#295); candidate=summit-candidate:83056c3652757f25; track=""気多山・八辻ノ峰・五代ヶ森""; score=0.57; name_tier=strong; ele_diff=429.1m; loc=strong_overlap; act_conf=high"
296,桂ヶ森,summit-candidate:c210f415fc55501f,yamap_2024-04-27_08_04.gpx,桂ヶ森,1220.0333333333335,1224,3.97,0.85,1,1,0.35,true,true,medium,medium,medium,accept_candidate_after_map_check,location_strong_match,久万高原町,,same_municipality,久万高原町,multiple_candidates_for_mountain|multiple_mountains_for_candidate|missing_csv_coordinate,top_1_but_ambiguous|priority_reduced_strong_match_mutual_top1,clear_mutual_top1,"mountain=桂ヶ森(#296); candidate=summit-candidate:c210f415fc55501f; track=""桂ヶ森""; score=0.75; name_tier=strong; ele_diff=3.97m; loc=strong_overlap; act_conf=high"
296,桂ヶ森,summit-candidate:c4504025c94f843c,yamap_2023-11-11_07_17.gpx,四辻ノ森・三光ノ辻山,1215.0715256104047,1224,8.93,0.5,2,4,0.06,false,false,low,medium,low,low_priority,location_strong_match,久万高原町,,same_municipality,久万高原町,multiple_candidates_for_mountain|multiple_mountains_for_candidate|weak_name_evidence|missing_csv_coordinate,top_3_with_evidence,low_priority_alternative,"mountain=桂ヶ森(#296); candidate=summit-candidate:c4504025c94f843c; track=""四辻ノ森・三光ノ辻山""; score=0.4; name_tier=none; ele_diff=8.93m; loc=strong_overlap; act_conf=high"
296,桂ヶ森,summit-candidate:05f8527418663d3a,yamap_2023-11-11_07_17.gpx,四辻ノ森・三光ノ辻山,1237.4900548329229,1224,13.49,0.44,3,4,0,false,false,low,medium,low,low_priority,location_strong_match,久万高原町,,same_municipality,久万高原町,multiple_candidates_for_mountain|multiple_mountains_for_candidate|weak_name_evidence|missing_csv_coordinate,top_3_with_evidence,low_priority_alternative,"mountain=桂ヶ森(#296); candidate=summit-candidate:05f8527418663d3a; track=""四辻ノ森・三光ノ辻山""; score=0.34; name_tier=none; ele_diff=13.49m; loc=strong_overlap; act_conf=high"
297,狼ヶ城山,summit-candidate:95a8fa74fd4af7b0,yamap_2024-04-28_07_11.gpx,狼ヶ城山,1376.7700000000002,1380,3.23,0.75,1,1,0.25,true,true,medium,high,medium,accept_candidate_after_map_check,location_uncertain_keep,久万高原町,,candidate_boundary_ambiguous,,multiple_candidates_for_mountain|multiple_mountains_for_candidate|missing_csv_coordinate|activity_link_ambiguous,top_1_but_ambiguous,clear_mutual_top1,"mountain=狼ヶ城山(#297); candidate=summit-candidate:95a8fa74fd4af7b0; track=""狼ヶ城山""; score=0.75; name_tier=strong; ele_diff=3.23m; loc=strong_overlap; act_conf=high"
297,狼ヶ城山,summit-candidate:498b9618ca98fa34,yamap_2024-04-28_10_37.gpx,日浦嶺・打越山,854.2033333333333,1380,525.8,0.5,2,3,0,false,true,low,medium,low,low_priority,location_uncertain_keep,久万高原町,,candidate_boundary_ambiguous,,multiple_candidates_for_mountain|multiple_mountains_for_candidate|weak_elevation_evidence|missing_csv_coordinate|location_mismatch_warning|activity_link_ambiguous,top_3_with_evidence,low_priority_alternative,"mountain=狼ヶ城山(#297); candidate=summit-candidate:498b9618ca98fa34; track=""日浦嶺・打越山""; score=0.5; name_tier=strong; ele_diff=525.8m; loc=mismatch_warning; act_conf=high"
297,狼ヶ城山,summit-candidate:606168b97944fce5,yamap_2024-04-28_10_37.gpx,日浦嶺・打越山,900.0566666666667,1380,479.94,0.5,3,3,0,false,true,low,high,high,resolve_conflict,location_uncertain_keep,久万高原町,,candidate_boundary_ambiguous,,multiple_candidates_for_mountain|multiple_mountains_for_candidate|weak_elevation_evidence|missing_csv_coordinate|location_mismatch_warning|activity_link_ambiguous,top_candidate_for_multiple_mountains,shared_candidate,"mountain=狼ヶ城山(#297); candidate=summit-candidate:606168b97944fce5; track=""日浦嶺・打越山""; score=0.5; name_tier=strong; ele_diff=479.94m; loc=mismatch_warning; act_conf=high"
298,日浦嶺,summit-candidate:606168b97944fce5,yamap_2024-04-28_10_37.gpx,日浦嶺・打越山,900.0566666666667,901,0.94,0.68,1,1,0.11,true,true,medium,high,high,resolve_conflict,location_uncertain_keep,久万高原町,,candidate_boundary_ambiguous,,multiple_candidates_for_mountain|multiple_mountains_for_candidate|missing_csv_coordinate|location_mismatch_warning|activity_link_ambiguous,top_1_but_ambiguous|top_candidate_for_multiple_mountains,shared_candidate,"mountain=日浦嶺(#298); candidate=summit-candidate:606168b97944fce5; track=""日浦嶺・打越山""; score=0.68; name_tier=strong; ele_diff=0.94m; loc=mismatch_warning; act_conf=high"
298,日浦嶺,summit-candidate:95a8fa74fd4af7b0,yamap_2024-04-28_07_11.gpx,狼ヶ城山,1376.7700000000002,901,475.77,0.57,2,2,0.01,false,true,medium,medium,low,low_priority,location_uncertain_keep,久万高原町,,candidate_boundary_ambiguous,,multiple_candidates_for_mountain|multiple_mountains_for_candidate|weak_elevation_evidence|missing_csv_coordinate|activity_link_ambiguous,top_3_with_evidence,low_priority_alternative,"mountain=日浦嶺(#298); candidate=summit-candidate:95a8fa74fd4af7b0; track=""狼ヶ城山""; score=0.57; name_tier=strong; ele_diff=475.77m; loc=strong_overlap; act_conf=high"
298,日浦嶺,summit-candidate:498b9618ca98fa34,yamap_2024-04-28_10_37.gpx,日浦嶺・打越山,854.2033333333333,901,46.8,0.56,3,2,0.06,false,true,medium,medium,low,low_priority,location_uncertain_keep,久万高原町,,candidate_boundary_ambiguous,,multiple_candidates_for_mountain|multiple_mountains_for_candidate|missing_csv_coordinate|location_mismatch_warning|activity_link_ambiguous,top_3_with_evidence,low_priority_alternative,"mountain=日浦嶺(#298); candidate=summit-candidate:498b9618ca98fa34; track=""日浦嶺・打越山""; score=0.56; name_tier=strong; ele_diff=46.8m; loc=mismatch_warning; act_conf=high"
299,打越山,summit-candidate:498b9618ca98fa34,yamap_2024-04-28_10_37.gpx,日浦嶺・打越山,854.2033333333333,860,5.8,0.68,1,1,0.11,true,true,medium,high,medium,accept_candidate_after_map_check,location_uncertain_keep,久万高原町,,candidate_boundary_ambiguous,,multiple_candidates_for_mountain|multiple_mountains_for_candidate|missing_csv_coordinate|location_mismatch_warning|activity_link_ambiguous,top_1_but_ambiguous,clear_mutual_top1,"mountain=打越山(#299); candidate=summit-candidate:498b9618ca98fa34; track=""日浦嶺・打越山""; score=0.68; name_tier=strong; ele_diff=5.8m; loc=mismatch_warning; act_conf=high"
299,打越山,summit-candidate:95a8fa74fd4af7b0,yamap_2024-04-28_07_11.gpx,狼ヶ城山,1376.7700000000002,860,516.77,0.57,2,3,0.01,false,true,medium,medium,low,low_priority,location_uncertain_keep,久万高原町,,candidate_boundary_ambiguous,,multiple_candidates_for_mountain|multiple_mountains_for_candidate|weak_elevation_evidence|missing_csv_coordinate|activity_link_ambiguous,top_3_with_evidence,low_priority_alternative,"mountain=打越山(#299); candidate=summit-candidate:95a8fa74fd4af7b0; track=""狼ヶ城山""; score=0.57; name_tier=strong; ele_diff=516.77m; loc=strong_overlap; act_conf=high"
299,打越山,summit-candidate:606168b97944fce5,yamap_2024-04-28_10_37.gpx,日浦嶺・打越山,900.0566666666667,860,40.06,0.56,3,2,0.12,false,true,medium,high,high,resolve_conflict,location_uncertain_keep,久万高原町,,candidate_boundary_ambiguous,,multiple_candidates_for_mountain|multiple_mountains_for_candidate|missing_csv_coordinate|location_mismatch_warning|activity_link_ambiguous,top_candidate_for_multiple_mountains,shared_candidate,"mountain=打越山(#299); candidate=summit-candidate:606168b97944fce5; track=""日浦嶺・打越山""; score=0.56; name_tier=strong; ele_diff=40.06m; loc=mismatch_warning; act_conf=high"
300,面河山,summit-candidate:22e40e9eb117a033,yamap_2024-05-03_08_45.gpx,面河山,1519.8633333333335,1521,1.14,0.85,1,1,0.41,true,true,medium,medium,medium,accept_candidate_after_map_check,location_strong_match,久万高原町,,same_municipality,久万高原町,multiple_candidates_for_mountain|multiple_mountains_for_candidate|missing_csv_coordinate,top_1_but_ambiguous|priority_reduced_strong_match_mutual_top1,clear_mutual_top1,"mountain=面河山(#300); candidate=summit-candidate:22e40e9eb117a033; track=""面河山""; score=0.75; name_tier=strong; ele_diff=1.14m; loc=strong_overlap; act_conf=high"
300,面河山,summit-candidate:1ebd63d8e2790409,yamap_2022-05-02_09_06.gpx,大川嶺・笠取山・ウバホド山,1532.1452947696732,1521,11.15,0.44,2,6,0,false,false,low,high,high,resolve_conflict,location_strong_match,久万高原町,,same_municipality,久万高原町,multiple_candidates_for_mountain|multiple_mountains_for_candidate|weak_name_evidence|missing_csv_coordinate,top_candidate_for_multiple_mountains,shared_candidate,"mountain=面河山(#300); candidate=summit-candidate:1ebd63d8e2790409; track=""大川嶺・笠取山・ウバホド山""; score=0.34; name_tier=none; ele_diff=11.15m; loc=strong_overlap; act_conf=high"
300,面河山,summit-candidate:aa6060fe8a831f45,yamap_2024-05-11_13_46.gpx,丸滝山,1542.9666666666665,1521,21.97,0.44,3,8,0,false,false,low,medium,low,low_priority,location_strong_match,久万高原町,,same_municipality,久万高原町,multiple_candidates_for_mountain|multiple_mountains_for_candidate|weak_name_evidence|missing_csv_coordinate|activity_link_ambiguous,top_3_with_evidence,low_priority_alternative,"mountain=面河山(#300); candidate=summit-candidate:aa6060fe8a831f45; track=""丸滝山""; score=0.34; name_tier=none; ele_diff=21.97m; loc=strong_overlap; act_conf=high"
301,丸笹山,summit-candidate:aa6060fe8a831f45,yamap_2024-05-11_13_46.gpx,丸滝山,1542.9666666666665,1535,7.97,0.85,1,1,0.12,true,true,medium,medium,medium,accept_candidate_after_map_check,location_strong_match,久万高原町,,same_municipality,久万高原町,multiple_candidates_for_mountain|multiple_mountains_for_candidate|missing_csv_coordinate|activity_link_ambiguous,top_1_but_ambiguous|priority_reduced_strong_match_mutual_top1,clear_mutual_top1,"mountain=丸笹山(#301); candidate=summit-candidate:aa6060fe8a831f45; track=""丸滝山""; score=0.75; name_tier=strong; ele_diff=7.97m; loc=strong_overlap; act_conf=high"
301,丸笹山,summit-candidate:5ec5a611be375a53,yamap_2024-05-11_07_45.gpx,丸笹山,1567.1366666666665,1535,32.14,0.73,2,2,0.06,false,true,medium,medium,low,low_priority,location_strong_match,久万高原町,,same_municipality,久万高原町,multiple_candidates_for_mountain|multiple_mountains_for_candidate|missing_csv_coordinate|activity_link_ambiguous,top_3_with_evidence,low_priority_alternative,"mountain=丸笹山(#301); candidate=summit-candidate:5ec5a611be375a53; track=""丸笹山""; score=0.63; name_tier=strong; ele_diff=32.14m; loc=strong_overlap; act_conf=high"
301,丸笹山,summit-candidate:8917a066a1c03aeb,yamap_2024-05-11_07_45.gpx,丸笹山,1431.0566666666666,1535,103.94,0.67,3,1,0.17,false,true,medium,medium,low,low_priority,location_strong_match,久万高原町,,same_municipality,久万高原町,multiple_candidates_for_mountain|multiple_mountains_for_candidate|weak_elevation_evidence|missing_csv_coordinate|activity_link_ambiguous,top_3_with_evidence,low_priority_alternative,"mountain=丸笹山(#301); candidate=summit-candidate:8917a066a1c03aeb; track=""丸笹山""; score=0.57; name_tier=strong; ele_diff=103.94m; loc=strong_overlap; act_conf=high"
302,丸滝山,summit-candidate:5ec5a611be375a53,yamap_2024-05-11_07_45.gpx,丸笹山,1567.1366666666665,1556,11.14,0.79,1,1,0,true,true,medium,medium,medium,accept_candidate_after_map_check,location_strong_match,久万高原町,,same_municipality,久万高原町,multiple_candidates_for_mountain|multiple_mountains_for_candidate|missing_csv_coordinate|activity_link_ambiguous,top_1_but_ambiguous|priority_reduced_strong_match_mutual_top1,clear_mutual_top1,"mountain=丸滝山(#302); candidate=summit-candidate:5ec5a611be375a53; track=""丸笹山""; score=0.69; name_tier=strong; ele_diff=11.14m; loc=strong_overlap; act_conf=high"
302,丸滝山,summit-candidate:aa6060fe8a831f45,yamap_2024-05-11_13_46.gpx,丸滝山,1542.9666666666665,1556,13.03,0.79,2,2,0.12,false,true,medium,medium,high,check_close_alternatives,location_strong_match,久万高原町,,same_municipality,久万高原町,multiple_candidates_for_mountain|multiple_mountains_for_candidate|missing_csv_coordinate|activity_link_ambiguous,top_3_with_evidence,small_score_gap,"mountain=丸滝山(#302); candidate=summit-candidate:aa6060fe8a831f45; track=""丸滝山""; score=0.69; name_tier=strong; ele_diff=13.03m; loc=strong_overlap; act_conf=high"
302,丸滝山,summit-candidate:8917a066a1c03aeb,yamap_2024-05-11_07_45.gpx,丸笹山,1431.0566666666666,1556,124.94,0.67,3,2,0.23,false,true,medium,medium,low,low_priority,location_strong_match,久万高原町,,same_municipality,久万高原町,multiple_candidates_for_mountain|multiple_mountains_for_candidate|weak_elevation_evidence|missing_csv_coordinate|activity_link_ambiguous,top_3_with_evidence,low_priority_alternative,"mountain=丸滝山(#302); candidate=summit-candidate:8917a066a1c03aeb; track=""丸笹山""; score=0.57; name_tier=strong; ele_diff=124.94m; loc=strong_overlap; act_conf=high"
303,名石山,summit-candidate:ea919bf883e31a7b,yamap_2024-05-15_11_16.gpx,名石山,289.7633333333333,297,7.24,0.75,1,1,0.25,true,true,medium,high,medium,accept_candidate_after_map_check,location_uncertain_keep,松山市,,candidate_boundary_ambiguous,,multiple_candidates_for_mountain|multiple_mountains_for_candidate|missing_csv_coordinate,top_1_but_ambiguous,clear_mutual_top1,"mountain=名石山(#303); candidate=summit-candidate:ea919bf883e31a7b; track=""名石山""; score=0.75; name_tier=strong; ele_diff=7.24m; loc=strong_overlap; act_conf=high"
303,名石山,summit-candidate:40260be41579ab8f,yamap_2022-01-28_12_28.gpx,尾ノ峰・新城山・腰折山・恵良山,299.12666666666667,297,2.13,0.5,2,6,0,false,false,low,high,high,resolve_conflict,location_strong_match,松山市,,same_municipality,松山市,multiple_candidates_for_mountain|multiple_mountains_for_candidate|weak_name_evidence|missing_csv_coordinate,top_candidate_for_multiple_mountains,shared_candidate,"mountain=名石山(#303); candidate=summit-candidate:40260be41579ab8f; track=""尾ノ峰・新城山・腰折山・恵良山""; score=0.4; name_tier=none; ele_diff=2.13m; loc=strong_overlap; act_conf=high"
303,名石山,summit-candidate:fe8f624bdaa57afd,yamap_2025-03-20_08_27.gpx,高山・大里山・泰ノ山,288.9433333333333,297,8.06,0.5,3,6,0.06,false,false,low,medium,low,low_priority,location_strong_match,松山市,,same_municipality,松山市,multiple_candidates_for_mountain|multiple_mountains_for_candidate|weak_name_evidence|missing_csv_coordinate,top_3_with_evidence,low_priority_alternative,"mountain=名石山(#303); candidate=summit-candidate:fe8f624bdaa57afd; track=""高山・大里山・泰ノ山""; score=0.4; name_tier=none; ele_diff=8.06m; loc=strong_overlap; act_conf=high"
304,青刈山,summit-candidate:588c967023117267,yamap_2022-09-26_14_04.gpx,鏡山,201.48000000000002,342,140.52,0.5,1,3,0,false,true,low,high,high,resolve_conflict,missing_location_evidence,,,missing_mountain_municipality,今治市,multiple_candidates_for_mountain|multiple_mountains_for_candidate|weak_elevation_evidence|missing_csv_coordinate|location_mismatch_warning|activity_link_ambiguous,top_1_but_ambiguous|top_candidate_for_multiple_mountains,shared_candidate|not_mutual_top1,"mountain=青刈山(#304); candidate=summit-candidate:588c967023117267; track=""鏡山""; score=0.5; name_tier=strong; ele_diff=140.52m; loc=mismatch_warning; act_conf=high"
304,青刈山,summit-candidate:8251283605282249,yamap_2022-09-26_12_07.gpx,三本榎,246.47333333333336,342,95.53,0.5,2,4,0.12,false,false,low,medium,high,check_close_alternatives,missing_location_evidence,,,missing_mountain_municipality,今治市,multiple_candidates_for_mountain|multiple_mountains_for_candidate|weak_elevation_evidence|missing_csv_coordinate|location_mismatch_warning|activity_link_ambiguous,top_3_with_evidence,small_score_gap,"mountain=青刈山(#304); candidate=summit-candidate:8251283605282249; track=""三本榎""; score=0.5; name_tier=strong; ele_diff=95.53m; loc=mismatch_warning; act_conf=high"
304,青刈山,summit-candidate:94e96018c0a5450d,yamap_2024-05-19_08_47.gpx,二反山・青刈山,392.00666666666666,342,50.01,0.38,3,2,0.05,false,true,low,medium,low,low_priority,missing_location_evidence,,,missing_mountain_municipality,今治市,multiple_candidates_for_mountain|multiple_mountains_for_candidate|weak_elevation_evidence|missing_csv_coordinate|location_mismatch_warning,top_3_with_evidence,low_priority_alternative,"mountain=青刈山(#304); candidate=summit-candidate:94e96018c0a5450d; track=""二反山・青刈山""; score=0.38; name_tier=strong; ele_diff=50.01m; loc=mismatch_warning; act_conf=none"
305,椿山,summit-candidate:1b665bc67a34756a,yamap_2024-06-01_07_14.gpx,椿山,1579.6733333333332,1585,5.33,0.85,1,1,0.06,true,true,medium,medium,medium,accept_candidate_after_map_check,location_strong_match,久万高原町,,same_municipality,久万高原町,multiple_candidates_for_mountain|multiple_mountains_for_candidate|missing_csv_coordinate,top_1_but_ambiguous|priority_reduced_strong_match_mutual_top1,clear_mutual_top1,"mountain=椿山(#305); candidate=summit-candidate:1b665bc67a34756a; track=""椿山""; score=0.75; name_tier=strong; ele_diff=5.33m; loc=strong_overlap; act_conf=high"
305,椿山,summit-candidate:26848eb9192f4a1a,yamap_2024-06-01_07_14.gpx,椿山,1600.17,1585,15.17,0.79,2,1,0.12,false,true,medium,medium,low,low_priority,location_strong_match,久万高原町,,same_municipality,久万高原町,multiple_candidates_for_mountain|multiple_mountains_for_candidate|missing_csv_coordinate,top_3_with_evidence,low_priority_alternative,"mountain=椿山(#305); candidate=summit-candidate:26848eb9192f4a1a; track=""椿山""; score=0.69; name_tier=strong; ele_diff=15.17m; loc=strong_overlap; act_conf=high"
305,椿山,summit-candidate:6ff5d266707ae664,yamap_2024-06-01_07_14.gpx,椿山,1431.7833333333335,1585,153.22,0.67,3,1,0.23,false,true,medium,medium,low,low_priority,location_strong_match,久万高原町,,same_municipality,久万高原町,multiple_candidates_for_mountain|multiple_mountains_for_candidate|weak_elevation_evidence|missing_csv_coordinate,top_3_with_evidence,low_priority_alternative,"mountain=椿山(#305); candidate=summit-candidate:6ff5d266707ae664; track=""椿山""; score=0.57; name_tier=strong; ele_diff=153.22m; loc=strong_overlap; act_conf=high"
306,黒森山,summit-candidate:40e090ce41a89b55,yamap_2024-06-08_08_42.gpx,沓掛山・黒森山,1690.4033333333334,1678,12.4,0.69,1,2,0,false,true,medium,high,high,resolve_conflict,location_uncertain_keep,西条市,,candidate_boundary_ambiguous,,multiple_candidates_for_mountain|multiple_mountains_for_candidate|missing_csv_coordinate,top_1_but_ambiguous|top_candidate_for_multiple_mountains,shared_candidate|not_mutual_top1,"mountain=黒森山(#306); candidate=summit-candidate:40e090ce41a89b55; track=""沓掛山・黒森山""; score=0.69; name_tier=strong; ele_diff=12.4m; loc=strong_overlap; act_conf=high"
306,黒森山,summit-candidate:dd7a40896ae9f6d4,yamap_2024-06-08_08_42.gpx,沓掛山・黒森山,1666.7,1678,11.3,0.69,2,1,0.19,false,true,medium,medium,high,check_close_alternatives,location_uncertain_keep,西条市,,candidate_boundary_ambiguous,,multiple_candidates_for_mountain|multiple_mountains_for_candidate|missing_csv_coordinate,top_3_with_evidence,small_score_gap,"mountain=黒森山(#306); candidate=summit-candidate:dd7a40896ae9f6d4; track=""沓掛山・黒森山""; score=0.69; name_tier=strong; ele_diff=11.3m; loc=strong_overlap; act_conf=high"
306,黒森山,summit-candidate:924ccfedeb6c2d2c,yamap_2023-04-04_12_51.gpx,黒森山,1151.5666666666666,1678,526.43,0.5,3,2,0.12,false,true,low,medium,low,low_priority,location_uncertain_keep,西条市,,candidate_boundary_ambiguous,,multiple_candidates_for_mountain|multiple_mountains_for_candidate|weak_elevation_evidence|missing_csv_coordinate|location_mismatch_warning,top_3_with_evidence,low_priority_alternative,"mountain=黒森山(#306); candidate=summit-candidate:924ccfedeb6c2d2c; track=""黒森山""; score=0.5; name_tier=strong; ele_diff=526.43m; loc=mismatch_warning; act_conf=high"
307,沓掛山,summit-candidate:40e090ce41a89b55,yamap_2024-06-08_08_42.gpx,沓掛山・黒森山,1690.4033333333334,1691,0.6,0.75,1,1,0.06,true,true,medium,high,high,resolve_conflict,location_uncertain_keep,西条市,,candidate_boundary_ambiguous,,multiple_candidates_for_mountain|multiple_mountains_for_candidate|missing_csv_coordinate,top_1_but_ambiguous|top_candidate_for_multiple_mountains,shared_candidate,"mountain=沓掛山(#307); candidate=summit-candidate:40e090ce41a89b55; track=""沓掛山・黒森山""; score=0.75; name_tier=strong; ele_diff=0.6m; loc=strong_overlap; act_conf=high"
307,沓掛山,summit-candidate:dd7a40896ae9f6d4,yamap_2024-06-08_08_42.gpx,沓掛山・黒森山,1666.7,1691,24.3,0.69,2,2,0.25,false,true,medium,medium,low,low_priority,location_uncertain_keep,西条市,,candidate_boundary_ambiguous,,multiple_candidates_for_mountain|multiple_mountains_for_candidate|missing_csv_coordinate,top_3_with_evidence,low_priority_alternative,"mountain=沓掛山(#307); candidate=summit-candidate:dd7a40896ae9f6d4; track=""沓掛山・黒森山""; score=0.69; name_tier=strong; ele_diff=24.3m; loc=strong_overlap; act_conf=high"
307,沓掛山,summit-candidate:7a5ca8d918f43720,yamap_2026-05-02_09_29.gpx,男山・瓶ヶ森・台ヶ森,1708.05,1691,17.05,0.44,3,5,0.01,false,false,low,medium,low,low_priority,location_strong_match,西条市,,same_municipality,西条市,multiple_candidates_for_mountain|multiple_mountains_for_candidate|weak_name_evidence|missing_csv_coordinate,top_3_with_evidence,low_priority_alternative,"mountain=沓掛山(#307); candidate=summit-candidate:7a5ca8d918f43720; track=""男山・瓶ヶ森・台ヶ森""; score=0.34; name_tier=none; ele_diff=17.05m; loc=strong_overlap; act_conf=high"
308,二反山,summit-candidate:94e96018c0a5450d,yamap_2024-05-19_08_47.gpx,二反山・青刈山,392.00666666666666,395,2.99,0.56,1,1,0,true,true,medium,high,medium,accept_candidate_after_map_check,missing_location_evidence,,,missing_mountain_municipality,今治市,multiple_candidates_for_mountain|multiple_mountains_for_candidate|missing_csv_coordinate|location_mismatch_warning,top_1_but_ambiguous,clear_mutual_top1,"mountain=二反山(#308); candidate=summit-candidate:94e96018c0a5450d; track=""二反山・青刈山""; score=0.56; name_tier=strong; ele_diff=2.99m; loc=mismatch_warning; act_conf=none"
308,二反山,summit-candidate:bdf43111ae9de6ae,yamap_2024-06-14_06_46.gpx,二反山,391.75,395,3.25,0.56,2,1,0.06,false,true,medium,medium,high,check_close_alternatives,missing_location_evidence,,,missing_mountain_municipality,今治市,multiple_candidates_for_mountain|multiple_mountains_for_candidate|missing_csv_coordinate|location_mismatch_warning,top_3_with_evidence,small_score_gap,"mountain=二反山(#308); candidate=summit-candidate:bdf43111ae9de6ae; track=""二反山""; score=0.56; name_tier=strong; ele_diff=3.25m; loc=mismatch_warning; act_conf=none"
308,二反山,summit-candidate:588c967023117267,yamap_2022-09-26_14_04.gpx,鏡山,201.48000000000002,395,193.52,0.5,3,4,0,false,false,low,high,high,resolve_conflict,missing_location_evidence,,,missing_mountain_municipality,今治市,multiple_candidates_for_mountain|multiple_mountains_for_candidate|weak_elevation_evidence|missing_csv_coordinate|location_mismatch_warning|activity_link_ambiguous,top_candidate_for_multiple_mountains,shared_candidate,"mountain=二反山(#308); candidate=summit-candidate:588c967023117267; track=""鏡山""; score=0.5; name_tier=strong; ele_diff=193.52m; loc=mismatch_warning; act_conf=high"
309,平家平,summit-candidate:006436491de34784,yamap_2022-11-26_04_41.gpx,銅山峰・西山・綱繰山・獅子舞の鼻・冠山・平家平,1729.61,1693,36.61,0.73,1,2,0.05,false,true,medium,high,high,resolve_conflict,location_strong_match,新居浜市,,same_municipality,新居浜市,multiple_candidates_for_mountain|multiple_mountains_for_candidate|missing_csv_coordinate,top_1_but_ambiguous|top_candidate_for_multiple_mountains,shared_candidate|not_mutual_top1,"mountain=平家平(#309); candidate=summit-candidate:006436491de34784; track=""銅山峰・西山・綱繰山・獅子舞の鼻・冠山・平家平""; score=0.63; name_tier=strong; ele_diff=36.61m; loc=strong_overlap; act_conf=high"
309,平家平,summit-candidate:c256cfef3720557f,yamap_2022-11-26_04_41.gpx,銅山峰・西山・綱繰山・獅子舞の鼻・冠山・平家平,1691.2766666666666,1693,1.72,0.68,2,1,0,false,true,medium,medium,low,low_priority,location_uncertain_keep,新居浜市,,candidate_boundary_ambiguous,,multiple_candidates_for_mountain|multiple_mountains_for_candidate|missing_csv_coordinate|location_mismatch_warning,top_3_with_evidence,low_priority_alternative,"mountain=平家平(#309); candidate=summit-candidate:c256cfef3720557f; track=""銅山峰・西山・綱繰山・獅子舞の鼻・冠山・平家平""; score=0.68; name_tier=strong; ele_diff=1.72m; loc=mismatch_warning; act_conf=high"
309,平家平,summit-candidate:dc647fe1827a43e3,yamap_2024-06-15_08_50.gpx,平家平,1691.0633333333335,1693,1.94,0.68,3,1,0.01,false,true,medium,medium,low,low_priority,location_uncertain_keep,新居浜市,,candidate_boundary_ambiguous,,multiple_candidates_for_mountain|multiple_mountains_for_candidate|missing_csv_coordinate|location_mismatch_warning,top_3_with_evidence,low_priority_alternative,"mountain=平家平(#309); candidate=summit-candidate:dc647fe1827a43e3; track=""平家平""; score=0.68; name_tier=strong; ele_diff=1.94m; loc=mismatch_warning; act_conf=high"
310,薬師山,summit-candidate:167756a8b787a168,yamap_2024-06-16_07_27.gpx,薬師山,429.98333333333335,435,5.02,0.56,1,1,0.06,true,true,medium,high,medium,accept_candidate_after_map_check,missing_location_evidence,,,missing_mountain_municipality,今治市,multiple_candidates_for_mountain|multiple_mountains_for_candidate|missing_csv_coordinate|location_mismatch_warning,top_1_but_ambiguous,clear_mutual_top1,"mountain=薬師山(#310); candidate=summit-candidate:167756a8b787a168; track=""薬師山""; score=0.56; name_tier=strong; ele_diff=5.02m; loc=mismatch_warning; act_conf=none"
310,薬師山,summit-candidate:02d59cd1260af017,yamap_2024-01-27_10_11.gpx,御串山,62.803333333333335,435,372.2,0.5,2,6,0,false,false,low,high,high,resolve_conflict,missing_location_evidence,,,missing_mountain_municipality,今治市,multiple_candidates_for_mountain|multiple_mountains_for_candidate|weak_elevation_evidence|missing_csv_coordinate|location_mismatch_warning|activity_link_ambiguous,top_candidate_for_multiple_mountains,shared_candidate,"mountain=薬師山(#310); candidate=summit-candidate:02d59cd1260af017; track=""御串山""; score=0.5; name_tier=strong; ele_diff=372.2m; loc=mismatch_warning; act_conf=high"
310,薬師山,summit-candidate:468c5bbccd8aba53,yamap_2024-01-27_13_31.gpx,宝股山,300.6033333333333,435,134.4,0.5,3,6,0,false,false,low,medium,low,low_priority,missing_location_evidence,,,missing_mountain_municipality,今治市,multiple_candidates_for_mountain|multiple_mountains_for_candidate|weak_elevation_evidence|missing_csv_coordinate|location_mismatch_warning|activity_link_ambiguous,top_3_with_evidence,low_priority_alternative,"mountain=薬師山(#310); candidate=summit-candidate:468c5bbccd8aba53; track=""宝股山""; score=0.5; name_tier=strong; ele_diff=134.4m; loc=mismatch_warning; act_conf=high"
311,子持権現山,summit-candidate:df6b60d513f5518e,yamap_2024-07-06_10_01.gpx,子持権現山・男山・瓶ヶ森,1661.57,1673,11.43,0.69,1,1,0.02,true,true,medium,high,medium,accept_candidate_after_map_check,location_uncertain_keep,西条市,,candidate_boundary_ambiguous,,multiple_candidates_for_mountain|multiple_mountains_for_candidate|missing_csv_coordinate,top_1_but_ambiguous,clear_mutual_top1,"mountain=子持権現山(#311); candidate=summit-candidate:df6b60d513f5518e; track=""子持権現山・男山・瓶ヶ森""; score=0.69; name_tier=strong; ele_diff=11.43m; loc=strong_overlap; act_conf=high"
311,子持権現山,summit-candidate:f2538b7f88e2dd06,yamap_2024-07-06_10_01.gpx,子持権現山・男山・瓶ヶ森,1892.493333333333,1673,219.49,0.67,2,2,0.24,false,true,medium,medium,high,check_close_alternatives,location_strong_match,西条市,,same_municipality,西条市,multiple_candidates_for_mountain|multiple_mountains_for_candidate|weak_elevation_evidence|missing_csv_coordinate,top_3_with_evidence,small_score_gap,"mountain=子持権現山(#311); candidate=summit-candidate:f2538b7f88e2dd06; track=""子持権現山・男山・瓶ヶ森""; score=0.57; name_tier=strong; ele_diff=219.49m; loc=strong_overlap; act_conf=high"
311,子持権現山,summit-candidate:047b9599ec28c6ad,yamap_2023-01-08_09_18.gpx,権現山,368.9381628408408,1673,1304.06,0.43,3,18,0,false,false,low,medium,low,low_priority,location_uncertain_keep,西条市,,non_adjacent_municipality,愛南町,multiple_candidates_for_mountain|multiple_mountains_for_candidate|weak_elevation_evidence|missing_csv_coordinate|location_mismatch_warning|activity_link_ambiguous,top_3_with_evidence,low_priority_alternative,"mountain=子持権現山(#311); candidate=summit-candidate:047b9599ec28c6ad; track=""権現山""; score=0.43; name_tier=medium; ele_diff=1304.06m; loc=mismatch_warning; act_conf=high"
312,男山,summit-candidate:53a6401abf71c488,yamap_2026-05-02_09_29.gpx,男山・瓶ヶ森・台ヶ森,1892.1433333333334,1838,54.14,0.67,1,2,0,false,true,medium,high,high,resolve_conflict,location_strong_match,西条市,,same_municipality,西条市,multiple_candidates_for_mountain|multiple_mountains_for_candidate|weak_elevation_evidence|missing_csv_coordinate,top_1_but_ambiguous|top_candidate_for_multiple_mountains,shared_candidate|not_mutual_top1,"mountain=男山(#312); candidate=summit-candidate:53a6401abf71c488; track=""男山・瓶ヶ森・台ヶ森""; score=0.57; name_tier=strong; ele_diff=54.14m; loc=strong_overlap; act_conf=high"
312,男山,summit-candidate:7a5ca8d918f43720,yamap_2026-05-02_09_29.gpx,男山・瓶ヶ森・台ヶ森,1708.05,1838,129.95,0.67,2,1,0,false,true,medium,medium,high,check_close_alternatives,location_strong_match,西条市,,same_municipality,西条市,multiple_candidates_for_mountain|multiple_mountains_for_candidate|weak_elevation_evidence|missing_csv_coordinate,top_3_with_evidence,small_score_gap,"mountain=男山(#312); candidate=summit-candidate:7a5ca8d918f43720; track=""男山・瓶ヶ森・台ヶ森""; score=0.57; name_tier=strong; ele_diff=129.95m; loc=strong_overlap; act_conf=high"
312,男山,summit-candidate:c9e357d000632346,yamap_2026-05-02_09_29.gpx,男山・瓶ヶ森・台ヶ森,1732.5766666666666,1838,105.42,0.67,3,1,0,false,true,medium,medium,high,check_close_alternatives,location_strong_match,西条市,,same_municipality,西条市,multiple_candidates_for_mountain|multiple_mountains_for_candidate|weak_elevation_evidence|missing_csv_coordinate,top_3_with_evidence,small_score_gap,"mountain=男山(#312); candidate=summit-candidate:c9e357d000632346; track=""男山・瓶ヶ森・台ヶ森""; score=0.57; name_tier=strong; ele_diff=105.42m; loc=strong_overlap; act_conf=high"
313,瓶ヶ森,summit-candidate:53a6401abf71c488,yamap_2026-05-02_09_29.gpx,男山・瓶ヶ森・台ヶ森,1892.1433333333334,1897,4.86,0.85,1,1,0,true,true,medium,medium,high,resolve_conflict,location_strong_match,西条市,,same_municipality,西条市,multiple_candidates_for_mountain|multiple_mountains_for_candidate|missing_csv_coordinate,top_1_but_ambiguous|top_candidate_for_multiple_mountains|priority_reduced_strong_match_mutual_top1,shared_candidate,"mountain=瓶ヶ森(#313); candidate=summit-candidate:53a6401abf71c488; track=""男山・瓶ヶ森・台ヶ森""; score=0.75; name_tier=strong; ele_diff=4.86m; loc=strong_overlap; act_conf=high"
313,瓶ヶ森,summit-candidate:f2538b7f88e2dd06,yamap_2024-07-06_10_01.gpx,子持権現山・男山・瓶ヶ森,1892.493333333333,1897,4.51,0.85,2,1,0.12,false,true,medium,medium,high,check_close_alternatives,location_strong_match,西条市,,same_municipality,西条市,multiple_candidates_for_mountain|multiple_mountains_for_candidate|missing_csv_coordinate,top_3_with_evidence,small_score_gap,"mountain=瓶ヶ森(#313); candidate=summit-candidate:f2538b7f88e2dd06; track=""子持権現山・男山・瓶ヶ森""; score=0.75; name_tier=strong; ele_diff=4.51m; loc=strong_overlap; act_conf=high"
313,瓶ヶ森,summit-candidate:db28fcca36deb720,yamap_2022-07-10_07_25.gpx,男山・瓶ヶ森・西黒森,1892.6599999999999,1897,4.34,0.73,3,1,0.06,false,true,medium,medium,low,low_priority,location_strong_match,西条市,,same_municipality,西条市,multiple_candidates_for_mountain|multiple_mountains_for_candidate|missing_csv_coordinate,top_3_with_evidence,low_priority_alternative,"mountain=瓶ヶ森(#313); candidate=summit-candidate:db28fcca36deb720; track=""男山・瓶ヶ森・西黒森""; score=0.63; name_tier=strong; ele_diff=4.34m; loc=strong_overlap; act_conf=none"
314,宅並山,summit-candidate:f1ee81f4d467a28e,yamap_2024-07-08_11_33.gpx,宅並山,191.34803656971437,200,8.65,0.85,1,1,0.35,true,true,medium,medium,medium,accept_candidate_after_map_check,location_strong_match,松山市,,same_municipality,松山市,multiple_candidates_for_mountain|multiple_mountains_for_candidate|missing_csv_coordinate,top_1_but_ambiguous|priority_reduced_strong_match_mutual_top1,clear_mutual_top1,"mountain=宅並山(#314); candidate=summit-candidate:f1ee81f4d467a28e; track=""宅並山""; score=0.75; name_tier=strong; ele_diff=8.65m; loc=strong_overlap; act_conf=high"
314,宅並山,summit-candidate:23c112538ef91e0d,yamap_2022-02-23_08_42.gpx,西山・経ヶ森・岩子山・護摩ヶ森,195.95000000000002,200,4.05,0.5,2,10,0,false,false,low,high,high,resolve_conflict,location_strong_match,松山市,,same_municipality,松山市,multiple_candidates_for_mountain|multiple_mountains_for_candidate|weak_name_evidence|missing_csv_coordinate,top_candidate_for_multiple_mountains,shared_candidate,"mountain=宅並山(#314); candidate=summit-candidate:23c112538ef91e0d; track=""西山・経ヶ森・岩子山・護摩ヶ森""; score=0.4; name_tier=none; ele_diff=4.05m; loc=strong_overlap; act_conf=high"
314,宅並山,summit-candidate:36e3ac8003e8b5d0,yamap_2022-01-28_12_28.gpx,尾ノ峰・新城山・腰折山・恵良山,190.94333333333336,200,9.06,0.5,3,11,0,false,false,low,medium,low,low_priority,location_strong_match,松山市,,same_municipality,松山市,multiple_candidates_for_mountain|multiple_mountains_for_candidate|weak_name_evidence|missing_csv_coordinate,top_3_with_evidence,low_priority_alternative,"mountain=宅並山(#314); candidate=summit-candidate:36e3ac8003e8b5d0; track=""尾ノ峰・新城山・腰折山・恵良山""; score=0.4; name_tier=none; ele_diff=9.06m; loc=strong_overlap; act_conf=high"
315,岩屋山,summit-candidate:c9156b7eea77a1b0,yamap_2024-07-28_15_53.gpx,岩屋山,769.7933333333334,786,16.21,0.79,1,1,0.35,true,true,medium,medium,medium,accept_candidate_after_map_check,location_strong_match,久万高原町,,same_municipality,久万高原町,multiple_candidates_for_mountain|multiple_mountains_for_candidate|missing_csv_coordinate|timezone_sensitive_activity_link,top_1_but_ambiguous|priority_reduced_strong_match_mutual_top1,clear_mutual_top1,"mountain=岩屋山(#315); candidate=summit-candidate:c9156b7eea77a1b0; track=""岩屋山""; score=0.69; name_tier=strong; ele_diff=16.21m; loc=strong_overlap; act_conf=high"
315,岩屋山,summit-candidate:57e8c6cb102c9500,yamap_2022-05-15_06_10.gpx,割石東山・青滝山・堂ヶ森,766.7766666666666,786,19.22,0.44,2,5,0.11,false,false,low,medium,low,low_priority,location_strong_match,久万高原町,,same_municipality,久万高原町,multiple_candidates_for_mountain|multiple_mountains_for_candidate|weak_name_evidence|missing_csv_coordinate|activity_link_ambiguous,top_3_with_evidence,low_priority_alternative,"mountain=岩屋山(#315); candidate=summit-candidate:57e8c6cb102c9500; track=""割石東山・青滝山・堂ヶ森""; score=0.34; name_tier=none; ele_diff=19.22m; loc=strong_overlap; act_conf=high"
315,岩屋山,summit-candidate:1d3eb619bd125bfd,yamap_2023-06-11_11_57.gpx,五葉が森,778.4133333333334,786,7.59,0.33,3,4,0,false,false,low,medium,low,low_priority,location_uncertain_keep,久万高原町,,candidate_boundary_ambiguous,,multiple_candidates_for_mountain|multiple_mountains_for_candidate|weak_name_evidence|missing_csv_coordinate|location_mismatch_warning,top_3_with_evidence,low_priority_alternative,"mountain=岩屋山(#315); candidate=summit-candidate:1d3eb619bd125bfd; track=""五葉が森""; score=0.33; name_tier=none; ele_diff=7.59m; loc=mismatch_warning; act_conf=high"
316,高縄山,summit-candidate:6ba0d3c6b0fb6b96,yamap_2022-04-09_14_44.gpx,大月山・高縄山,981.3100000000001,993,11.69,0.79,1,2,0.06,false,true,medium,high,high,resolve_conflict,location_strong_match,松山市,,same_municipality,松山市,multiple_candidates_for_mountain|multiple_mountains_for_candidate|missing_csv_coordinate|activity_link_ambiguous,top_1_but_ambiguous,not_mutual_top1,"mountain=高縄山(#316); candidate=summit-candidate:6ba0d3c6b0fb6b96; track=""大月山・高縄山""; score=0.69; name_tier=strong; ele_diff=11.69m; loc=strong_overlap; act_conf=high"
316,高縄山,summit-candidate:9a68e7a3a97831ff,yamap_2022-04-09_14_44.gpx,大月山・高縄山,950.6066666666666,993,42.39,0.73,2,2,0.06,false,true,medium,medium,low,low_priority,location_strong_match,松山市,,same_municipality,松山市,multiple_candidates_for_mountain|multiple_mountains_for_candidate|missing_csv_coordinate|activity_link_ambiguous,top_3_with_evidence,low_priority_alternative,"mountain=高縄山(#316); candidate=summit-candidate:9a68e7a3a97831ff; track=""大月山・高縄山""; score=0.63; name_tier=strong; ele_diff=42.39m; loc=strong_overlap; act_conf=high"
316,高縄山,summit-candidate:96e5be71880efe52,yamap_2024-08-03_20_36.gpx,高縄山,978.8978042618015,993,14.1,0.67,3,1,0.34,false,true,medium,medium,low,low_priority,location_strong_match,松山市,,same_municipality,松山市,multiple_candidates_for_mountain|multiple_mountains_for_candidate|missing_csv_coordinate|timezone_sensitive_activity_link,top_3_with_evidence,low_priority_alternative,"mountain=高縄山(#316); candidate=summit-candidate:96e5be71880efe52; track=""高縄山""; score=0.57; name_tier=strong; ele_diff=14.1m; loc=strong_overlap; act_conf=none"
317,伊予富士,summit-candidate:6f70c7d3c27fe164,yamap_2024-09-14_07_46.gpx,伊予富士,1746.743333333333,1756,9.26,0.78,1,1,0.28,true,true,medium,medium,medium,accept_candidate_after_map_check,location_strong_match,西条市,,same_municipality,西条市,multiple_candidates_for_mountain|multiple_mountains_for_candidate|missing_csv_coordinate|location_mismatch_warning,top_1_but_ambiguous|priority_reduced_strong_match_mutual_top1,clear_mutual_top1,"mountain=伊予富士(#317); candidate=summit-candidate:6f70c7d3c27fe164; track=""伊予富士""; score=0.68; name_tier=strong; ele_diff=9.26m; loc=mismatch_warning; act_conf=high"
317,伊予富士,summit-candidate:756a1162bc669c0b,yamap_2024-09-14_07_46.gpx,伊予富士,1452.5600000000002,1756,303.44,0.5,2,1,0,false,true,low,medium,low,low_priority,location_uncertain_keep,西条市,,candidate_outside_prefecture,,multiple_candidates_for_mountain|multiple_mountains_for_candidate|weak_elevation_evidence|missing_csv_coordinate|location_mismatch_warning,top_3_with_evidence,low_priority_alternative,"mountain=伊予富士(#317); candidate=summit-candidate:756a1162bc669c0b; track=""伊予富士""; score=0.5; name_tier=strong; ele_diff=303.44m; loc=mismatch_warning; act_conf=high"
317,伊予富士,summit-candidate:9aa0e8d9e593d79d,yamap_2024-09-14_07_46.gpx,伊予富士,1628.8633333333335,1756,127.14,0.5,3,1,0.06,false,true,low,medium,low,low_priority,location_uncertain_keep,西条市,,candidate_boundary_ambiguous,,multiple_candidates_for_mountain|multiple_mountains_for_candidate|weak_elevation_evidence|missing_csv_coordinate|location_mismatch_warning,top_3_with_evidence,low_priority_alternative,"mountain=伊予富士(#317); candidate=summit-candidate:9aa0e8d9e593d79d; track=""伊予富士""; score=0.5; name_tier=strong; ele_diff=127.14m; loc=mismatch_warning; act_conf=high"
318,中津山(明神山),summit-candidate:fec0bb942061619b,yamap_2024-09-23_07_35.gpx,中津山(明神山)・猿越山,1539.5333333333335,1541,1.47,0.85,1,1,0.28,true,true,medium,medium,medium,accept_candidate_after_map_check,location_strong_match,久万高原町,,same_municipality,久万高原町,multiple_candidates_for_mountain|multiple_mountains_for_candidate|missing_csv_coordinate,top_1_but_ambiguous|priority_reduced_strong_match_mutual_top1,clear_mutual_top1,"mountain=中津山(明神山)(#318); candidate=summit-candidate:fec0bb942061619b; track=""中津山(明神山)・猿越山""; score=0.75; name_tier=strong; ele_diff=1.47m; loc=strong_overlap; act_conf=high"
318,中津山(明神山),summit-candidate:eb3b108c5d508377,yamap_2024-09-23_07_35.gpx,中津山(明神山)・猿越山,1459.6666666666667,1541,81.33,0.57,2,2,0.07,false,true,medium,medium,low,low_priority,location_uncertain_keep,久万高原町,,candidate_outside_prefecture,,multiple_candidates_for_mountain|multiple_mountains_for_candidate|weak_elevation_evidence|missing_csv_coordinate,top_3_with_evidence,low_priority_alternative,"mountain=中津山(明神山)(#318); candidate=summit-candidate:eb3b108c5d508377; track=""中津山(明神山)・猿越山""; score=0.57; name_tier=strong; ele_diff=81.33m; loc=strong_overlap; act_conf=high"
318,中津山(明神山),summit-candidate:1ebd63d8e2790409,yamap_2022-05-02_09_06.gpx,大川嶺・笠取山・ウバホド山,1532.1452947696732,1541,8.85,0.5,3,5,0,false,false,low,high,high,resolve_conflict,location_strong_match,久万高原町,,same_municipality,久万高原町,multiple_candidates_for_mountain|multiple_mountains_for_candidate|weak_name_evidence|missing_csv_coordinate,top_candidate_for_multiple_mountains,shared_candidate,"mountain=中津山(明神山)(#318); candidate=summit-candidate:1ebd63d8e2790409; track=""大川嶺・笠取山・ウバホド山""; score=0.4; name_tier=none; ele_diff=8.85m; loc=strong_overlap; act_conf=high"
319,猿越山,summit-candidate:eb3b108c5d508377,yamap_2024-09-23_07_35.gpx,中津山(明神山)・猿越山,1459.6666666666667,1435,24.67,0.69,1,1,0.01,true,true,medium,high,medium,accept_candidate_after_map_check,location_uncertain_keep,久万高原町,,candidate_outside_prefecture,,multiple_candidates_for_mountain|multiple_mountains_for_candidate|missing_csv_coordinate,top_1_but_ambiguous,clear_mutual_top1,"mountain=猿越山(#319); candidate=summit-candidate:eb3b108c5d508377; track=""中津山(明神山)・猿越山""; score=0.69; name_tier=strong; ele_diff=24.67m; loc=strong_overlap; act_conf=high"
319,猿越山,summit-candidate:a0c5556d9432a199,yamap_2024-09-23_07_35.gpx,中津山(明神山)・猿越山,1432.5666666666666,1435,2.43,0.68,2,1,0.01,false,true,medium,medium,high,check_close_alternatives,location_uncertain_keep,久万高原町,,candidate_boundary_ambiguous,,multiple_candidates_for_mountain|multiple_mountains_for_candidate|missing_csv_coordinate|location_mismatch_warning,top_3_with_evidence,small_score_gap,"mountain=猿越山(#319); candidate=summit-candidate:a0c5556d9432a199; track=""中津山(明神山)・猿越山""; score=0.68; name_tier=strong; ele_diff=2.43m; loc=mismatch_warning; act_conf=high"
319,猿越山,summit-candidate:fec0bb942061619b,yamap_2024-09-23_07_35.gpx,中津山(明神山)・猿越山,1539.5333333333335,1435,104.53,0.67,3,2,0.05,false,true,medium,medium,high,check_close_alternatives,location_strong_match,久万高原町,,same_municipality,久万高原町,multiple_candidates_for_mountain|multiple_mountains_for_candidate|weak_elevation_evidence|missing_csv_coordinate,top_3_with_evidence,small_score_gap,"mountain=猿越山(#319); candidate=summit-candidate:fec0bb942061619b; track=""中津山(明神山)・猿越山""; score=0.57; name_tier=strong; ele_diff=104.53m; loc=strong_overlap; act_conf=high"
320,銅山峰,summit-candidate:006436491de34784,yamap_2022-11-26_04_41.gpx,銅山峰・西山・綱繰山・獅子舞の鼻・冠山・平家平,1729.61,1330,399.61,0.67,1,5,0,false,false,medium,high,high,resolve_conflict,location_strong_match,新居浜市,,same_municipality,新居浜市,multiple_candidates_for_mountain|multiple_mountains_for_candidate|weak_elevation_evidence|missing_csv_coordinate,top_1_but_ambiguous|top_candidate_for_multiple_mountains,shared_candidate|not_mutual_top1,"mountain=銅山峰(#320); candidate=summit-candidate:006436491de34784; track=""銅山峰・西山・綱繰山・獅子舞の鼻・冠山・平家平""; score=0.57; name_tier=strong; ele_diff=399.61m; loc=strong_overlap; act_conf=high"
320,銅山峰,summit-candidate:057580d1c60049b6,yamap_2024-10-05_06_40.gpx,銅山峰・西山・三の森・二の森・一の森,1425.3166666666668,1330,95.32,0.67,2,2,0,false,true,medium,high,high,resolve_conflict,location_strong_match,新居浜市,,same_municipality,新居浜市,multiple_candidates_for_mountain|multiple_mountains_for_candidate|weak_elevation_evidence|missing_csv_coordinate,top_candidate_for_multiple_mountains,shared_candidate,"mountain=銅山峰(#320); candidate=summit-candidate:057580d1c60049b6; track=""銅山峰・西山・三の森・二の森・一の森""; score=0.57; name_tier=strong; ele_diff=95.32m; loc=strong_overlap; act_conf=high"
320,銅山峰,summit-candidate:0dea5d073885dc9d,yamap_2024-10-05_06_40.gpx,銅山峰・西山・三の森・二の森・一の森,831.0900000000001,1330,498.91,0.67,3,2,0,false,true,medium,medium,high,check_close_alternatives,location_strong_match,新居浜市,,same_municipality,新居浜市,multiple_candidates_for_mountain|multiple_mountains_for_candidate|weak_elevation_evidence|missing_csv_coordinate,top_3_with_evidence,small_score_gap,"mountain=銅山峰(#320); candidate=summit-candidate:0dea5d073885dc9d; track=""銅山峰・西山・三の森・二の森・一の森""; score=0.57; name_tier=strong; ele_diff=498.91m; loc=strong_overlap; act_conf=high"
321,西山,summit-candidate:057580d1c60049b6,yamap_2024-10-05_06_40.gpx,銅山峰・西山・三の森・二の森・一の森,1425.3166666666668,1429,3.68,0.85,1,1,0,true,true,medium,medium,high,resolve_conflict,location_strong_match,新居浜市,,same_municipality,新居浜市,multiple_candidates_for_mountain|multiple_mountains_for_candidate|missing_csv_coordinate,top_1_but_ambiguous|top_candidate_for_multiple_mountains|priority_reduced_strong_match_mutual_top1,shared_candidate,"mountain=西山(#321); candidate=summit-candidate:057580d1c60049b6; track=""銅山峰・西山・三の森・二の森・一の森""; score=0.75; name_tier=strong; ele_diff=3.68m; loc=strong_overlap; act_conf=high"
321,西山,summit-candidate:a557f14fb032a808,yamap_2022-11-26_04_41.gpx,銅山峰・西山・綱繰山・獅子舞の鼻・冠山・平家平,1423.68,1429,5.32,0.85,2,1,0.06,false,true,medium,medium,high,check_close_alternatives,location_strong_match,新居浜市,,same_municipality,新居浜市,multiple_candidates_for_mountain|multiple_mountains_for_candidate|missing_csv_coordinate,top_3_with_evidence,small_score_gap,"mountain=西山(#321); candidate=summit-candidate:a557f14fb032a808; track=""銅山峰・西山・綱繰山・獅子舞の鼻・冠山・平家平""; score=0.75; name_tier=strong; ele_diff=5.32m; loc=strong_overlap; act_conf=high"
321,西山,summit-candidate:53d0e375c60814f6,yamap_2022-11-26_04_41.gpx,銅山峰・西山・綱繰山・獅子舞の鼻・冠山・平家平,1457.99,1429,28.99,0.79,3,3,0.12,false,true,medium,high,high,resolve_conflict,location_strong_match,新居浜市,,same_municipality,新居浜市,multiple_candidates_for_mountain|multiple_mountains_for_candidate|missing_csv_coordinate,top_candidate_for_multiple_mountains,shared_candidate,"mountain=西山(#321); candidate=summit-candidate:53d0e375c60814f6; track=""銅山峰・西山・綱繰山・獅子舞の鼻・冠山・平家平""; score=0.69; name_tier=strong; ele_diff=28.99m; loc=strong_overlap; act_conf=high"
322,三の森,summit-candidate:057580d1c60049b6,yamap_2024-10-05_06_40.gpx,銅山峰・西山・三の森・二の森・一の森,1425.3166666666668,1154,271.32,0.67,1,3,0,false,true,medium,high,high,resolve_conflict,location_strong_match,新居浜市,,same_municipality,新居浜市,multiple_candidates_for_mountain|multiple_mountains_for_candidate|weak_elevation_evidence|missing_csv_coordinate,top_1_but_ambiguous|top_candidate_for_multiple_mountains,shared_candidate|not_mutual_top1,"mountain=三の森(#322); candidate=summit-candidate:057580d1c60049b6; track=""銅山峰・西山・三の森・二の森・一の森""; score=0.57; name_tier=strong; ele_diff=271.32m; loc=strong_overlap; act_conf=high"
322,三の森,summit-candidate:0dea5d073885dc9d,yamap_2024-10-05_06_40.gpx,銅山峰・西山・三の森・二の森・一の森,831.0900000000001,1154,322.91,0.67,2,4,0.29,false,false,medium,medium,high,check_close_alternatives,location_strong_match,新居浜市,,same_municipality,新居浜市,multiple_candidates_for_mountain|multiple_mountains_for_candidate|weak_elevation_evidence|missing_csv_coordinate,top_3_with_evidence,small_score_gap,"mountain=三の森(#322); candidate=summit-candidate:0dea5d073885dc9d; track=""銅山峰・西山・三の森・二の森・一の森""; score=0.57; name_tier=strong; ele_diff=322.91m; loc=strong_overlap; act_conf=high"
322,三の森,summit-candidate:78274ad93e160452,yamap_2026-03-01_06_45.gpx,剣ノ山・三傍示山・塩塚峰,1152.4499999999998,1154,1.55,0.38,3,6,0.05,false,false,low,high,high,resolve_conflict,boundary_plausible,新居浜市,,adjacent_municipality,四国中央市,multiple_candidates_for_mountain|multiple_mountains_for_candidate|weak_name_evidence|missing_csv_coordinate|location_mismatch_warning,top_candidate_for_multiple_mountains,shared_candidate,"mountain=三の森(#322); candidate=summit-candidate:78274ad93e160452; track=""剣ノ山・三傍示山・塩塚峰""; score=0.33; name_tier=none; ele_diff=1.55m; loc=mismatch_warning; act_conf=high"
323,二の森,summit-candidate:057580d1c60049b6,yamap_2024-10-05_06_40.gpx,銅山峰・西山・三の森・二の森・一の森,1425.3166666666668,1040,385.32,0.67,1,4,0,false,false,medium,high,high,resolve_conflict,location_strong_match,新居浜市,,same_municipality,新居浜市,multiple_candidates_for_mountain|multiple_mountains_for_candidate|weak_elevation_evidence|missing_csv_coordinate,top_1_but_ambiguous|top_candidate_for_multiple_mountains,shared_candidate|not_mutual_top1,"mountain=二の森(#323); candidate=summit-candidate:057580d1c60049b6; track=""銅山峰・西山・三の森・二の森・一の森""; score=0.57; name_tier=strong; ele_diff=385.32m; loc=strong_overlap; act_conf=high"
323,二の森,summit-candidate:0dea5d073885dc9d,yamap_2024-10-05_06_40.gpx,銅山峰・西山・三の森・二の森・一の森,831.0900000000001,1040,208.91,0.67,2,5,0.34,false,false,medium,medium,high,check_close_alternatives,location_strong_match,新居浜市,,same_municipality,新居浜市,multiple_candidates_for_mountain|multiple_mountains_for_candidate|weak_elevation_evidence|missing_csv_coordinate,top_3_with_evidence,small_score_gap,"mountain=二の森(#323); candidate=summit-candidate:0dea5d073885dc9d; track=""銅山峰・西山・三の森・二の森・一の森""; score=0.57; name_tier=strong; ele_diff=208.91m; loc=strong_overlap; act_conf=high"
323,二の森,summit-candidate:446b5fe1e7a8b2fd,yamap_2023-03-11_06_08.gpx,福見山・明神ヶ森・南三方ヶ森・魚谷森・左谷ノ森,1048.2366666666665,1040,8.24,0.33,3,9,0,false,false,low,medium,low,low_priority,location_uncertain_keep,新居浜市,,candidate_boundary_ambiguous,,multiple_candidates_for_mountain|multiple_mountains_for_candidate|weak_name_evidence|missing_csv_coordinate|location_mismatch_warning,top_3_with_evidence,low_priority_alternative,"mountain=二の森(#323); candidate=summit-candidate:446b5fe1e7a8b2fd; track=""福見山・明神ヶ森・南三方ヶ森・魚谷森・左谷ノ森""; score=0.33; name_tier=none; ele_diff=8.24m; loc=mismatch_warning; act_conf=high"
324,一の森,summit-candidate:0dea5d073885dc9d,yamap_2024-10-05_06_40.gpx,銅山峰・西山・三の森・二の森・一の森,831.0900000000001,832,0.91,0.85,1,1,0.18,true,true,medium,medium,medium,accept_candidate_after_map_check,location_strong_match,新居浜市,,same_municipality,新居浜市,multiple_candidates_for_mountain|multiple_mountains_for_candidate|missing_csv_coordinate,top_1_but_ambiguous|priority_reduced_strong_match_mutual_top1,clear_mutual_top1,"mountain=一の森(#324); candidate=summit-candidate:0dea5d073885dc9d; track=""銅山峰・西山・三の森・二の森・一の森""; score=0.75; name_tier=strong; ele_diff=0.91m; loc=strong_overlap; act_conf=high"
324,一の森,summit-candidate:057580d1c60049b6,yamap_2024-10-05_06_40.gpx,銅山峰・西山・三の森・二の森・一の森,1425.3166666666668,832,593.32,0.67,2,5,0.34,false,false,medium,high,high,resolve_conflict,location_strong_match,新居浜市,,same_municipality,新居浜市,multiple_candidates_for_mountain|multiple_mountains_for_candidate|weak_elevation_evidence|missing_csv_coordinate,top_candidate_for_multiple_mountains,shared_candidate,"mountain=一の森(#324); candidate=summit-candidate:057580d1c60049b6; track=""銅山峰・西山・三の森・二の森・一の森""; score=0.57; name_tier=strong; ele_diff=593.32m; loc=strong_overlap; act_conf=high"
324,一の森,summit-candidate:615a70cf4401199b,yamap_2022-11-14_13_02.gpx,出石山,822.6353431394673,832,9.36,0.33,3,7,0,false,false,low,medium,low,low_priority,location_uncertain_keep,新居浜市,,candidate_boundary_ambiguous,,multiple_candidates_for_mountain|multiple_mountains_for_candidate|weak_name_evidence|missing_csv_coordinate|location_mismatch_warning,top_3_with_evidence,low_priority_alternative,"mountain=一の森(#324); candidate=summit-candidate:615a70cf4401199b; track=""出石山""; score=0.33; name_tier=none; ele_diff=9.36m; loc=mismatch_warning; act_conf=high"
325,三ッ足山,summit-candidate:8078eb6cc96c519a,yamap_2024-10-14_04_48.gpx,三ッ足山・カガマシ山・橡尾山・笹ヶ峰,1096.6433333333332,1103,6.36,0.85,1,1,0.18,true,true,medium,medium,high,resolve_conflict,location_strong_match,四国中央市,,same_municipality,四国中央市,multiple_candidates_for_mountain|multiple_mountains_for_candidate|missing_csv_coordinate,top_1_but_ambiguous|top_candidate_for_multiple_mountains|priority_reduced_strong_match_mutual_top1,shared_candidate,"mountain=三ッ足山(#325); candidate=summit-candidate:8078eb6cc96c519a; track=""三ッ足山・カガマシ山・橡尾山・笹ヶ峰""; score=0.75; name_tier=strong; ele_diff=6.36m; loc=strong_overlap; act_conf=high"
325,三ッ足山,summit-candidate:0886436b79473a6c,yamap_2024-10-14_04_48.gpx,三ッ足山・カガマシ山・橡尾山・笹ヶ峰,1340.51,1103,237.51,0.67,2,2,0,false,true,medium,high,high,resolve_conflict,location_strong_match,四国中央市,,same_municipality,四国中央市,multiple_candidates_for_mountain|multiple_mountains_for_candidate|weak_elevation_evidence|missing_csv_coordinate,top_candidate_for_multiple_mountains,shared_candidate,"mountain=三ッ足山(#325); candidate=summit-candidate:0886436b79473a6c; track=""三ッ足山・カガマシ山・橡尾山・笹ヶ峰""; score=0.57; name_tier=strong; ele_diff=237.51m; loc=strong_overlap; act_conf=high"
325,三ッ足山,summit-candidate:a53ed6259e132097,yamap_2024-10-14_04_48.gpx,三ッ足山・カガマシ山・橡尾山・笹ヶ峰,1017.4166666666666,1103,85.58,0.67,3,2,0,false,true,medium,medium,low,low_priority,location_strong_match,四国中央市,,same_municipality,四国中央市,multiple_candidates_for_mountain|multiple_mountains_for_candidate|weak_elevation_evidence|missing_csv_coordinate,top_3_with_evidence,low_priority_alternative,"mountain=三ッ足山(#325); candidate=summit-candidate:a53ed6259e132097; track=""三ッ足山・カガマシ山・橡尾山・笹ヶ峰""; score=0.57; name_tier=strong; ele_diff=85.58m; loc=strong_overlap; act_conf=high"
326,カガマシ山,summit-candidate:0886436b79473a6c,yamap_2024-10-14_04_48.gpx,三ッ足山・カガマシ山・橡尾山・笹ヶ峰,1340.51,1343,2.49,0.85,1,1,0.18,true,true,medium,medium,high,resolve_conflict,location_strong_match,四国中央市,,same_municipality,四国中央市,multiple_candidates_for_mountain|multiple_mountains_for_candidate|missing_csv_coordinate,top_1_but_ambiguous|top_candidate_for_multiple_mountains|priority_reduced_strong_match_mutual_top1,shared_candidate,"mountain=カガマシ山(#326); candidate=summit-candidate:0886436b79473a6c; track=""三ッ足山・カガマシ山・橡尾山・笹ヶ峰""; score=0.75; name_tier=strong; ele_diff=2.49m; loc=strong_overlap; act_conf=high"
326,カガマシ山,summit-candidate:8078eb6cc96c519a,yamap_2024-10-14_04_48.gpx,三ッ足山・カガマシ山・橡尾山・笹ヶ峰,1096.6433333333332,1343,246.36,0.67,2,2,0,false,true,medium,high,high,resolve_conflict,location_strong_match,四国中央市,,same_municipality,四国中央市,multiple_candidates_for_mountain|multiple_mountains_for_candidate|weak_elevation_evidence|missing_csv_coordinate,top_candidate_for_multiple_mountains,shared_candidate,"mountain=カガマシ山(#326); candidate=summit-candidate:8078eb6cc96c519a; track=""三ッ足山・カガマシ山・橡尾山・笹ヶ峰""; score=0.57; name_tier=strong; ele_diff=246.36m; loc=strong_overlap; act_conf=high"
326,カガマシ山,summit-candidate:a53ed6259e132097,yamap_2024-10-14_04_48.gpx,三ッ足山・カガマシ山・橡尾山・笹ヶ峰,1017.4166666666666,1343,325.58,0.67,3,3,0,false,true,medium,medium,low,low_priority,location_strong_match,四国中央市,,same_municipality,四国中央市,multiple_candidates_for_mountain|multiple_mountains_for_candidate|weak_elevation_evidence|missing_csv_coordinate,top_3_with_evidence,low_priority_alternative,"mountain=カガマシ山(#326); candidate=summit-candidate:a53ed6259e132097; track=""三ッ足山・カガマシ山・橡尾山・笹ヶ峰""; score=0.57; name_tier=strong; ele_diff=325.58m; loc=strong_overlap; act_conf=high"
327,橡尾山,summit-candidate:a1b1b7885eeab893,yamap_2024-10-14_04_48.gpx,三ッ足山・カガマシ山・橡尾山・笹ヶ峰,1220.8566666666666,1222,1.14,0.68,1,1,0.01,true,true,medium,high,medium,accept_candidate_after_map_check,location_uncertain_keep,四国中央市,,candidate_outside_prefecture,,multiple_candidates_for_mountain|multiple_mountains_for_candidate|missing_csv_coordinate|location_mismatch_warning,top_1_but_ambiguous,clear_mutual_top1,"mountain=橡尾山(#327); candidate=summit-candidate:a1b1b7885eeab893; track=""三ッ足山・カガマシ山・橡尾山・笹ヶ峰""; score=0.68; name_tier=strong; ele_diff=1.14m; loc=mismatch_warning; act_conf=high"
327,橡尾山,summit-candidate:0886436b79473a6c,yamap_2024-10-14_04_48.gpx,三ッ足山・カガマシ山・橡尾山・笹ヶ峰,1340.51,1222,118.51,0.67,2,3,0,false,true,medium,high,high,resolve_conflict,location_strong_match,四国中央市,,same_municipality,四国中央市,multiple_candidates_for_mountain|multiple_mountains_for_candidate|weak_elevation_evidence|missing_csv_coordinate,top_candidate_for_multiple_mountains,shared_candidate,"mountain=橡尾山(#327); candidate=summit-candidate:0886436b79473a6c; track=""三ッ足山・カガマシ山・橡尾山・笹ヶ峰""; score=0.57; name_tier=strong; ele_diff=118.51m; loc=strong_overlap; act_conf=high"
327,橡尾山,summit-candidate:8078eb6cc96c519a,yamap_2024-10-14_04_48.gpx,三ッ足山・カガマシ山・橡尾山・笹ヶ峰,1096.6433333333332,1222,125.36,0.67,3,3,0,false,true,medium,high,high,resolve_conflict,location_strong_match,四国中央市,,same_municipality,四国中央市,multiple_candidates_for_mountain|multiple_mountains_for_candidate|weak_elevation_evidence|missing_csv_coordinate,top_candidate_for_multiple_mountains,shared_candidate,"mountain=橡尾山(#327); candidate=summit-candidate:8078eb6cc96c519a; track=""三ッ足山・カガマシ山・橡尾山・笹ヶ峰""; score=0.57; name_tier=strong; ele_diff=125.36m; loc=strong_overlap; act_conf=high"
328,笹ヶ峰,summit-candidate:a53ed6259e132097,yamap_2024-10-14_04_48.gpx,三ッ足山・カガマシ山・橡尾山・笹ヶ峰,1017.4166666666666,1019,1.58,0.85,1,1,0.1,true,true,medium,medium,medium,accept_candidate_after_map_check,location_strong_match,四国中央市,,same_municipality,四国中央市,multiple_candidates_for_mountain|multiple_mountains_for_candidate|missing_csv_coordinate,top_1_but_ambiguous|priority_reduced_strong_match_mutual_top1,clear_mutual_top1,"mountain=笹ヶ峰(#328); candidate=summit-candidate:a53ed6259e132097; track=""三ッ足山・カガマシ山・橡尾山・笹ヶ峰""; score=0.75; name_tier=strong; ele_diff=1.58m; loc=strong_overlap; act_conf=high"
328,笹ヶ峰,summit-candidate:851dc9683d2d7442,yamap_2024-10-14_04_48.gpx,三ッ足山・カガマシ山・橡尾山・笹ヶ峰,1024.2766666666666,1019,5.28,0.75,2,1,0.08,false,true,medium,medium,low,low_priority,location_uncertain_keep,四国中央市,,candidate_boundary_ambiguous,,multiple_candidates_for_mountain|multiple_mountains_for_candidate|missing_csv_coordinate,top_3_with_evidence,low_priority_alternative,"mountain=笹ヶ峰(#328); candidate=summit-candidate:851dc9683d2d7442; track=""三ッ足山・カガマシ山・橡尾山・笹ヶ峰""; score=0.75; name_tier=strong; ele_diff=5.28m; loc=strong_overlap; act_conf=high"
328,笹ヶ峰,summit-candidate:0886436b79473a6c,yamap_2024-10-14_04_48.gpx,三ッ足山・カガマシ山・橡尾山・笹ヶ峰,1340.51,1019,321.51,0.67,3,4,0,false,false,medium,high,high,resolve_conflict,location_strong_match,四国中央市,,same_municipality,四国中央市,multiple_candidates_for_mountain|multiple_mountains_for_candidate|weak_elevation_evidence|missing_csv_coordinate,top_candidate_for_multiple_mountains,shared_candidate,"mountain=笹ヶ峰(#328); candidate=summit-candidate:0886436b79473a6c; track=""三ッ足山・カガマシ山・橡尾山・笹ヶ峰""; score=0.57; name_tier=strong; ele_diff=321.51m; loc=strong_overlap; act_conf=high"
329,ハネズル山,summit-candidate:e2c08955f9275289,yamap_2024-10-20_06_42.gpx,ハネズル山,1291.8700000000001,1299,7.13,0.85,1,1,0.18,true,true,medium,medium,high,resolve_conflict,location_strong_match,四国中央市,,same_municipality,四国中央市,multiple_candidates_for_mountain|multiple_mountains_for_candidate|missing_csv_coordinate|activity_link_ambiguous,top_1_but_ambiguous|top_candidate_for_multiple_mountains|priority_reduced_strong_match_mutual_top1,shared_candidate,"mountain=ハネズル山(#329); candidate=summit-candidate:e2c08955f9275289; track=""ハネズル山""; score=0.75; name_tier=strong; ele_diff=7.13m; loc=strong_overlap; act_conf=high"
329,ハネズル山,summit-candidate:f54f44da226a4a15,yamap_2024-10-20_11_05.gpx,天堤山,1134.8500000000001,1299,164.15,0.67,2,2,0.34,false,true,medium,medium,low,low_priority,location_strong_match,四国中央市,,same_municipality,四国中央市,multiple_candidates_for_mountain|multiple_mountains_for_candidate|weak_elevation_evidence|missing_csv_coordinate|activity_link_ambiguous,top_3_with_evidence,low_priority_alternative,"mountain=ハネズル山(#329); candidate=summit-candidate:f54f44da226a4a15; track=""天堤山""; score=0.57; name_tier=strong; ele_diff=164.15m; loc=strong_overlap; act_conf=high"
329,ハネズル山,summit-candidate:242762a3c600ff91,yamap_2022-05-15_06_10.gpx,割石東山・青滝山・堂ヶ森,1301.993333333333,1299,2.99,0.33,3,12,0,false,false,low,medium,low,low_priority,location_uncertain_keep,四国中央市,,candidate_boundary_ambiguous,,multiple_candidates_for_mountain|multiple_mountains_for_candidate|weak_name_evidence|missing_csv_coordinate|location_mismatch_warning|activity_link_ambiguous,top_3_with_evidence,low_priority_alternative,"mountain=ハネズル山(#329); candidate=summit-candidate:242762a3c600ff91; track=""割石東山・青滝山・堂ヶ森""; score=0.33; name_tier=none; ele_diff=2.99m; loc=mismatch_warning; act_conf=high"
330,天堤山,summit-candidate:f54f44da226a4a15,yamap_2024-10-20_11_05.gpx,天堤山,1134.8500000000001,1147,12.15,0.79,1,1,0.12,true,true,medium,medium,medium,accept_candidate_after_map_check,location_strong_match,四国中央市,,same_municipality,四国中央市,multiple_candidates_for_mountain|multiple_mountains_for_candidate|missing_csv_coordinate|activity_link_ambiguous,top_1_but_ambiguous|priority_reduced_strong_match_mutual_top1,clear_mutual_top1,"mountain=天堤山(#330); candidate=summit-candidate:f54f44da226a4a15; track=""天堤山""; score=0.69; name_tier=strong; ele_diff=12.15m; loc=strong_overlap; act_conf=high"
330,天堤山,summit-candidate:e2c08955f9275289,yamap_2024-10-20_06_42.gpx,ハネズル山,1291.8700000000001,1147,144.87,0.67,2,2,0.17,false,true,medium,high,high,resolve_conflict,location_strong_match,四国中央市,,same_municipality,四国中央市,multiple_candidates_for_mountain|multiple_mountains_for_candidate|weak_elevation_evidence|missing_csv_coordinate|activity_link_ambiguous,top_candidate_for_multiple_mountains,shared_candidate,"mountain=天堤山(#330); candidate=summit-candidate:e2c08955f9275289; track=""ハネズル山""; score=0.57; name_tier=strong; ele_diff=144.87m; loc=strong_overlap; act_conf=high"
330,天堤山,summit-candidate:78274ad93e160452,yamap_2026-03-01_06_45.gpx,剣ノ山・三傍示山・塩塚峰,1152.4499999999998,1147,5.45,0.5,3,5,0.17,false,false,low,high,high,resolve_conflict,location_strong_match,四国中央市,,same_municipality,四国中央市,multiple_candidates_for_mountain|multiple_mountains_for_candidate|weak_name_evidence|missing_csv_coordinate,top_candidate_for_multiple_mountains,shared_candidate,"mountain=天堤山(#330); candidate=summit-candidate:78274ad93e160452; track=""剣ノ山・三傍示山・塩塚峰""; score=0.4; name_tier=none; ele_diff=5.45m; loc=strong_overlap; act_conf=high"
331,五郎丸,summit-candidate:edac81b361bdc70c,yamap_2024-12-01_06_40.gpx,唐谷山・天狗森・木峰・金見山・高丸・五郎丸・大谷山・龍王山,591.7966666666667,595,3.2,0.78,1,1,0.03,true,true,medium,medium,high,resolve_conflict,location_strong_match,四国中央市,,same_municipality,四国中央市,multiple_candidates_for_mountain|multiple_mountains_for_candidate|missing_csv_coordinate|location_mismatch_warning|activity_link_ambiguous,top_1_but_ambiguous|top_candidate_for_multiple_mountains|priority_reduced_strong_match_mutual_top1,shared_candidate,"mountain=五郎丸(#331); candidate=summit-candidate:edac81b361bdc70c; track=""唐谷山・天狗森・木峰・金見山・高丸・五郎丸・大谷山・龍王山""; score=0.68; name_tier=strong; ele_diff=3.2m; loc=mismatch_warning; act_conf=high"
331,五郎丸,summit-candidate:9cc74b44e1289236,yamap_2024-12-01_06_40.gpx,唐谷山・天狗森・木峰・金見山・高丸・五郎丸・大谷山・龍王山,589.3233333333334,595,5.68,0.75,2,1,0,false,true,medium,medium,low,low_priority,location_uncertain_keep,四国中央市,,candidate_boundary_ambiguous,,multiple_candidates_for_mountain|multiple_mountains_for_candidate|missing_csv_coordinate|activity_link_ambiguous,top_3_with_evidence,low_priority_alternative,"mountain=五郎丸(#331); candidate=summit-candidate:9cc74b44e1289236; track=""唐谷山・天狗森・木峰・金見山・高丸・五郎丸・大谷山・龍王山""; score=0.75; name_tier=strong; ele_diff=5.68m; loc=strong_overlap; act_conf=high"
331,五郎丸,summit-candidate:c8607e1f03bb5db1,yamap_2024-12-01_06_40.gpx,唐谷山・天狗森・木峰・金見山・高丸・五郎丸・大谷山・龍王山,585.22,595,9.78,0.75,3,1,0.25,false,true,medium,medium,low,low_priority,location_uncertain_keep,四国中央市,,candidate_boundary_ambiguous,,multiple_candidates_for_mountain|multiple_mountains_for_candidate|missing_csv_coordinate|activity_link_ambiguous,top_3_with_evidence,low_priority_alternative,"mountain=五郎丸(#331); candidate=summit-candidate:c8607e1f03bb5db1; track=""唐谷山・天狗森・木峰・金見山・高丸・五郎丸・大谷山・龍王山""; score=0.75; name_tier=strong; ele_diff=9.78m; loc=strong_overlap; act_conf=high"
332,高丸,summit-candidate:edac81b361bdc70c,yamap_2024-12-01_06_40.gpx,唐谷山・天狗森・木峰・金見山・高丸・五郎丸・大谷山・龍王山,591.7966666666667,589,2.8,0.78,1,2,0.03,false,true,medium,high,high,resolve_conflict,location_strong_match,四国中央市,,same_municipality,四国中央市,multiple_candidates_for_mountain|multiple_mountains_for_candidate|missing_csv_coordinate|location_mismatch_warning|activity_link_ambiguous,top_1_but_ambiguous|top_candidate_for_multiple_mountains,shared_candidate|not_mutual_top1,"mountain=高丸(#332); candidate=summit-candidate:edac81b361bdc70c; track=""唐谷山・天狗森・木峰・金見山・高丸・五郎丸・大谷山・龍王山""; score=0.68; name_tier=strong; ele_diff=2.8m; loc=mismatch_warning; act_conf=high"
332,高丸,summit-candidate:9cc74b44e1289236,yamap_2024-12-01_06_40.gpx,唐谷山・天狗森・木峰・金見山・高丸・五郎丸・大谷山・龍王山,589.3233333333334,589,0.32,0.75,2,2,0,false,true,medium,medium,low,low_priority,location_uncertain_keep,四国中央市,,candidate_boundary_ambiguous,,multiple_candidates_for_mountain|multiple_mountains_for_candidate|missing_csv_coordinate|activity_link_ambiguous,top_3_with_evidence,low_priority_alternative,"mountain=高丸(#332); candidate=summit-candidate:9cc74b44e1289236; track=""唐谷山・天狗森・木峰・金見山・高丸・五郎丸・大谷山・龍王山""; score=0.75; name_tier=strong; ele_diff=0.32m; loc=strong_overlap; act_conf=high"
332,高丸,summit-candidate:c8607e1f03bb5db1,yamap_2024-12-01_06_40.gpx,唐谷山・天狗森・木峰・金見山・高丸・五郎丸・大谷山・龍王山,585.22,589,3.78,0.75,3,2,0.25,false,true,medium,medium,low,low_priority,location_uncertain_keep,四国中央市,,candidate_boundary_ambiguous,,multiple_candidates_for_mountain|multiple_mountains_for_candidate|missing_csv_coordinate|activity_link_ambiguous,top_3_with_evidence,low_priority_alternative,"mountain=高丸(#332); candidate=summit-candidate:c8607e1f03bb5db1; track=""唐谷山・天狗森・木峰・金見山・高丸・五郎丸・大谷山・龍王山""; score=0.75; name_tier=strong; ele_diff=3.78m; loc=strong_overlap; act_conf=high"
333,金見山,summit-candidate:edac81b361bdc70c,yamap_2024-12-01_06_40.gpx,唐谷山・天狗森・木峰・金見山・高丸・五郎丸・大谷山・龍王山,591.7966666666667,596,4.2,0.78,1,3,0.03,false,true,medium,high,high,resolve_conflict,location_strong_match,四国中央市,,same_municipality,四国中央市,multiple_candidates_for_mountain|multiple_mountains_for_candidate|missing_csv_coordinate|location_mismatch_warning|activity_link_ambiguous,top_1_but_ambiguous|top_candidate_for_multiple_mountains,shared_candidate|not_mutual_top1,"mountain=金見山(#333); candidate=summit-candidate:edac81b361bdc70c; track=""唐谷山・天狗森・木峰・金見山・高丸・五郎丸・大谷山・龍王山""; score=0.68; name_tier=strong; ele_diff=4.2m; loc=mismatch_warning; act_conf=high"
333,金見山,summit-candidate:9cc74b44e1289236,yamap_2024-12-01_06_40.gpx,唐谷山・天狗森・木峰・金見山・高丸・五郎丸・大谷山・龍王山,589.3233333333334,596,6.68,0.75,2,3,0.06,false,true,medium,medium,low,low_priority,location_uncertain_keep,四国中央市,,candidate_boundary_ambiguous,,multiple_candidates_for_mountain|multiple_mountains_for_candidate|missing_csv_coordinate|activity_link_ambiguous,top_3_with_evidence,low_priority_alternative,"mountain=金見山(#333); candidate=summit-candidate:9cc74b44e1289236; track=""唐谷山・天狗森・木峰・金見山・高丸・五郎丸・大谷山・龍王山""; score=0.75; name_tier=strong; ele_diff=6.68m; loc=strong_overlap; act_conf=high"
333,金見山,summit-candidate:c8607e1f03bb5db1,yamap_2024-12-01_06_40.gpx,唐谷山・天狗森・木峰・金見山・高丸・五郎丸・大谷山・龍王山,585.22,596,10.78,0.69,3,4,0.19,false,false,medium,medium,low,low_priority,location_uncertain_keep,四国中央市,,candidate_boundary_ambiguous,,multiple_candidates_for_mountain|multiple_mountains_for_candidate|missing_csv_coordinate|activity_link_ambiguous,top_3_with_evidence,low_priority_alternative,"mountain=金見山(#333); candidate=summit-candidate:c8607e1f03bb5db1; track=""唐谷山・天狗森・木峰・金見山・高丸・五郎丸・大谷山・龍王山""; score=0.69; name_tier=strong; ele_diff=10.78m; loc=strong_overlap; act_conf=high"
334,木峰,summit-candidate:edac81b361bdc70c,yamap_2024-12-01_06_40.gpx,唐谷山・天狗森・木峰・金見山・高丸・五郎丸・大谷山・龍王山,591.7966666666667,594,2.2,0.78,1,4,0.03,false,false,medium,high,high,resolve_conflict,location_strong_match,四国中央市,,same_municipality,四国中央市,multiple_candidates_for_mountain|multiple_mountains_for_candidate|missing_csv_coordinate|location_mismatch_warning|activity_link_ambiguous,top_1_but_ambiguous|top_candidate_for_multiple_mountains,shared_candidate|not_mutual_top1,"mountain=木峰(#334); candidate=summit-candidate:edac81b361bdc70c; track=""唐谷山・天狗森・木峰・金見山・高丸・五郎丸・大谷山・龍王山""; score=0.68; name_tier=strong; ele_diff=2.2m; loc=mismatch_warning; act_conf=high"
334,木峰,summit-candidate:9cc74b44e1289236,yamap_2024-12-01_06_40.gpx,唐谷山・天狗森・木峰・金見山・高丸・五郎丸・大谷山・龍王山,589.3233333333334,594,4.68,0.75,2,4,0,false,false,medium,medium,low,low_priority,location_uncertain_keep,四国中央市,,candidate_boundary_ambiguous,,multiple_candidates_for_mountain|multiple_mountains_for_candidate|missing_csv_coordinate|activity_link_ambiguous,top_3_with_evidence,low_priority_alternative,"mountain=木峰(#334); candidate=summit-candidate:9cc74b44e1289236; track=""唐谷山・天狗森・木峰・金見山・高丸・五郎丸・大谷山・龍王山""; score=0.75; name_tier=strong; ele_diff=4.68m; loc=strong_overlap; act_conf=high"
334,木峰,summit-candidate:c8607e1f03bb5db1,yamap_2024-12-01_06_40.gpx,唐谷山・天狗森・木峰・金見山・高丸・五郎丸・大谷山・龍王山,585.22,594,8.78,0.75,3,3,0.25,false,true,medium,medium,low,low_priority,location_uncertain_keep,四国中央市,,candidate_boundary_ambiguous,,multiple_candidates_for_mountain|multiple_mountains_for_candidate|missing_csv_coordinate|activity_link_ambiguous,top_3_with_evidence,low_priority_alternative,"mountain=木峰(#334); candidate=summit-candidate:c8607e1f03bb5db1; track=""唐谷山・天狗森・木峰・金見山・高丸・五郎丸・大谷山・龍王山""; score=0.75; name_tier=strong; ele_diff=8.78m; loc=strong_overlap; act_conf=high"
335,天狗森,summit-candidate:edac81b361bdc70c,yamap_2024-12-01_06_40.gpx,唐谷山・天狗森・木峰・金見山・高丸・五郎丸・大谷山・龍王山,591.7966666666667,535,56.8,0.6,1,6,0.03,false,false,low,high,high,resolve_conflict,location_strong_match,四国中央市,,same_municipality,四国中央市,multiple_candidates_for_mountain|multiple_mountains_for_candidate|weak_elevation_evidence|missing_csv_coordinate|location_mismatch_warning|activity_link_ambiguous,top_1_but_ambiguous|top_candidate_for_multiple_mountains,shared_candidate|not_mutual_top1,"mountain=天狗森(#335); candidate=summit-candidate:edac81b361bdc70c; track=""唐谷山・天狗森・木峰・金見山・高丸・五郎丸・大谷山・龍王山""; score=0.5; name_tier=strong; ele_diff=56.8m; loc=mismatch_warning; act_conf=high"
335,天狗森,summit-candidate:9cc74b44e1289236,yamap_2024-12-01_06_40.gpx,唐谷山・天狗森・木峰・金見山・高丸・五郎丸・大谷山・龍王山,589.3233333333334,535,54.32,0.57,2,6,0,false,false,medium,medium,low,low_priority,location_uncertain_keep,四国中央市,,candidate_boundary_ambiguous,,multiple_candidates_for_mountain|multiple_mountains_for_candidate|weak_elevation_evidence|missing_csv_coordinate|activity_link_ambiguous,top_3_with_evidence,low_priority_alternative,"mountain=天狗森(#335); candidate=summit-candidate:9cc74b44e1289236; track=""唐谷山・天狗森・木峰・金見山・高丸・五郎丸・大谷山・龍王山""; score=0.57; name_tier=strong; ele_diff=54.32m; loc=strong_overlap; act_conf=high"
335,天狗森,summit-candidate:c8607e1f03bb5db1,yamap_2024-12-01_06_40.gpx,唐谷山・天狗森・木峰・金見山・高丸・五郎丸・大谷山・龍王山,585.22,535,50.22,0.57,3,6,0.01,false,false,medium,medium,low,low_priority,location_uncertain_keep,四国中央市,,candidate_boundary_ambiguous,,multiple_candidates_for_mountain|multiple_mountains_for_candidate|weak_elevation_evidence|missing_csv_coordinate|activity_link_ambiguous,top_3_with_evidence,low_priority_alternative,"mountain=天狗森(#335); candidate=summit-candidate:c8607e1f03bb5db1; track=""唐谷山・天狗森・木峰・金見山・高丸・五郎丸・大谷山・龍王山""; score=0.57; name_tier=strong; ele_diff=50.22m; loc=strong_overlap; act_conf=high"
336,唐谷山,summit-candidate:32c1cf967ab82dbe,yamap_2024-12-01_06_40.gpx,唐谷山・天狗森・木峰・金見山・高丸・五郎丸・大谷山・龍王山,503.24333333333334,485,18.24,0.62,1,2,0.02,false,true,medium,high,high,resolve_conflict,location_uncertain_keep,四国中央市,,candidate_boundary_ambiguous,,multiple_candidates_for_mountain|multiple_mountains_for_candidate|missing_csv_coordinate|location_mismatch_warning|activity_link_ambiguous,top_1_but_ambiguous|top_candidate_for_multiple_mountains,shared_candidate|not_mutual_top1,"mountain=唐谷山(#336); candidate=summit-candidate:32c1cf967ab82dbe; track=""唐谷山・天狗森・木峰・金見山・高丸・五郎丸・大谷山・龍王山""; score=0.62; name_tier=strong; ele_diff=18.24m; loc=mismatch_warning; act_conf=high"
336,唐谷山,summit-candidate:edac81b361bdc70c,yamap_2024-12-01_06_40.gpx,唐谷山・天狗森・木峰・金見山・高丸・五郎丸・大谷山・龍王山,591.7966666666667,485,106.8,0.6,2,7,0.03,false,false,low,high,high,resolve_conflict,location_strong_match,四国中央市,,same_municipality,四国中央市,multiple_candidates_for_mountain|multiple_mountains_for_candidate|weak_elevation_evidence|missing_csv_coordinate|location_mismatch_warning|activity_link_ambiguous,top_candidate_for_multiple_mountains,shared_candidate,"mountain=唐谷山(#336); candidate=summit-candidate:edac81b361bdc70c; track=""唐谷山・天狗森・木峰・金見山・高丸・五郎丸・大谷山・龍王山""; score=0.5; name_tier=strong; ele_diff=106.8m; loc=mismatch_warning; act_conf=high"
336,唐谷山,summit-candidate:9cc74b44e1289236,yamap_2024-12-01_06_40.gpx,唐谷山・天狗森・木峰・金見山・高丸・五郎丸・大谷山・龍王山,589.3233333333334,485,104.32,0.57,3,7,0,false,false,medium,medium,low,low_priority,location_uncertain_keep,四国中央市,,candidate_boundary_ambiguous,,multiple_candidates_for_mountain|multiple_mountains_for_candidate|weak_elevation_evidence|missing_csv_coordinate|activity_link_ambiguous,top_3_with_evidence,low_priority_alternative,"mountain=唐谷山(#336); candidate=summit-candidate:9cc74b44e1289236; track=""唐谷山・天狗森・木峰・金見山・高丸・五郎丸・大谷山・龍王山""; score=0.57; name_tier=strong; ele_diff=104.32m; loc=strong_overlap; act_conf=high"
337,龍王山,summit-candidate:edac81b361bdc70c,yamap_2024-12-01_06_40.gpx,唐谷山・天狗森・木峰・金見山・高丸・五郎丸・大谷山・龍王山,591.7966666666667,450,141.8,0.6,1,8,0.03,false,false,low,high,high,resolve_conflict,location_strong_match,四国中央市,,same_municipality,四国中央市,multiple_candidates_for_mountain|multiple_mountains_for_candidate|weak_elevation_evidence|missing_csv_coordinate|location_mismatch_warning|activity_link_ambiguous,top_1_but_ambiguous|top_candidate_for_multiple_mountains,shared_candidate|not_mutual_top1,"mountain=龍王山(#337); candidate=summit-candidate:edac81b361bdc70c; track=""唐谷山・天狗森・木峰・金見山・高丸・五郎丸・大谷山・龍王山""; score=0.5; name_tier=strong; ele_diff=141.8m; loc=mismatch_warning; act_conf=high"
337,龍王山,summit-candidate:9cc74b44e1289236,yamap_2024-12-01_06_40.gpx,唐谷山・天狗森・木峰・金見山・高丸・五郎丸・大谷山・龍王山,589.3233333333334,450,139.32,0.57,2,8,0,false,false,medium,medium,low,low_priority,location_uncertain_keep,四国中央市,,candidate_boundary_ambiguous,,multiple_candidates_for_mountain|multiple_mountains_for_candidate|weak_elevation_evidence|missing_csv_coordinate|activity_link_ambiguous,top_3_with_evidence,low_priority_alternative,"mountain=龍王山(#337); candidate=summit-candidate:9cc74b44e1289236; track=""唐谷山・天狗森・木峰・金見山・高丸・五郎丸・大谷山・龍王山""; score=0.57; name_tier=strong; ele_diff=139.32m; loc=strong_overlap; act_conf=high"
337,龍王山,summit-candidate:c8607e1f03bb5db1,yamap_2024-12-01_06_40.gpx,唐谷山・天狗森・木峰・金見山・高丸・五郎丸・大谷山・龍王山,585.22,450,135.22,0.57,3,8,0.07,false,false,medium,medium,low,low_priority,location_uncertain_keep,四国中央市,,candidate_boundary_ambiguous,,multiple_candidates_for_mountain|multiple_mountains_for_candidate|weak_elevation_evidence|missing_csv_coordinate|activity_link_ambiguous,top_3_with_evidence,low_priority_alternative,"mountain=龍王山(#337); candidate=summit-candidate:c8607e1f03bb5db1; track=""唐谷山・天狗森・木峰・金見山・高丸・五郎丸・大谷山・龍王山""; score=0.57; name_tier=strong; ele_diff=135.22m; loc=strong_overlap; act_conf=high"
338,大谷山,summit-candidate:32c1cf967ab82dbe,yamap_2024-12-01_06_40.gpx,唐谷山・天狗森・木峰・金見山・高丸・五郎丸・大谷山・龍王山,503.24333333333334,507,3.76,0.68,1,1,0.08,true,true,medium,high,high,resolve_conflict,location_uncertain_keep,四国中央市,,candidate_boundary_ambiguous,,multiple_candidates_for_mountain|multiple_mountains_for_candidate|missing_csv_coordinate|location_mismatch_warning|activity_link_ambiguous,top_1_but_ambiguous|top_candidate_for_multiple_mountains,shared_candidate,"mountain=大谷山(#338); candidate=summit-candidate:32c1cf967ab82dbe; track=""唐谷山・天狗森・木峰・金見山・高丸・五郎丸・大谷山・龍王山""; score=0.68; name_tier=strong; ele_diff=3.76m; loc=mismatch_warning; act_conf=high"
338,大谷山,summit-candidate:edac81b361bdc70c,yamap_2024-12-01_06_40.gpx,唐谷山・天狗森・木峰・金見山・高丸・五郎丸・大谷山・龍王山,591.7966666666667,507,84.8,0.6,2,9,0.03,false,false,low,high,high,resolve_conflict,location_strong_match,四国中央市,,same_municipality,四国中央市,multiple_candidates_for_mountain|multiple_mountains_for_candidate|weak_elevation_evidence|missing_csv_coordinate|location_mismatch_warning|activity_link_ambiguous,top_candidate_for_multiple_mountains,shared_candidate,"mountain=大谷山(#338); candidate=summit-candidate:edac81b361bdc70c; track=""唐谷山・天狗森・木峰・金見山・高丸・五郎丸・大谷山・龍王山""; score=0.5; name_tier=strong; ele_diff=84.8m; loc=mismatch_warning; act_conf=high"
338,大谷山,summit-candidate:9cc74b44e1289236,yamap_2024-12-01_06_40.gpx,唐谷山・天狗森・木峰・金見山・高丸・五郎丸・大谷山・龍王山,589.3233333333334,507,82.32,0.57,3,9,0,false,false,medium,medium,low,low_priority,location_uncertain_keep,四国中央市,,candidate_boundary_ambiguous,,multiple_candidates_for_mountain|multiple_mountains_for_candidate|weak_elevation_evidence|missing_csv_coordinate|activity_link_ambiguous,top_3_with_evidence,low_priority_alternative,"mountain=大谷山(#338); candidate=summit-candidate:9cc74b44e1289236; track=""唐谷山・天狗森・木峰・金見山・高丸・五郎丸・大谷山・龍王山""; score=0.57; name_tier=strong; ele_diff=82.32m; loc=strong_overlap; act_conf=high"
339,城山,summit-candidate:edac81b361bdc70c,yamap_2024-12-01_06_40.gpx,唐谷山・天狗森・木峰・金見山・高丸・五郎丸・大谷山・龍王山,591.7966666666667,62,529.8,0.6,1,10,0.03,false,false,low,high,high,resolve_conflict,location_strong_match,四国中央市,,same_municipality,四国中央市,multiple_candidates_for_mountain|multiple_mountains_for_candidate|weak_elevation_evidence|missing_csv_coordinate|location_mismatch_warning|activity_link_ambiguous,top_1_but_ambiguous|top_candidate_for_multiple_mountains,shared_candidate|not_mutual_top1,"mountain=城山(#339); candidate=summit-candidate:edac81b361bdc70c; track=""唐谷山・天狗森・木峰・金見山・高丸・五郎丸・大谷山・龍王山""; score=0.5; name_tier=strong; ele_diff=529.8m; loc=mismatch_warning; act_conf=high"
339,城山,summit-candidate:9cc74b44e1289236,yamap_2024-12-01_06_40.gpx,唐谷山・天狗森・木峰・金見山・高丸・五郎丸・大谷山・龍王山,589.3233333333334,62,527.32,0.57,2,10,0,false,false,medium,medium,low,low_priority,location_uncertain_keep,四国中央市,,candidate_boundary_ambiguous,,multiple_candidates_for_mountain|multiple_mountains_for_candidate|weak_elevation_evidence|missing_csv_coordinate|activity_link_ambiguous,top_3_with_evidence,low_priority_alternative,"mountain=城山(#339); candidate=summit-candidate:9cc74b44e1289236; track=""唐谷山・天狗森・木峰・金見山・高丸・五郎丸・大谷山・龍王山""; score=0.57; name_tier=strong; ele_diff=527.32m; loc=strong_overlap; act_conf=high"
339,城山,summit-candidate:c8607e1f03bb5db1,yamap_2024-12-01_06_40.gpx,唐谷山・天狗森・木峰・金見山・高丸・五郎丸・大谷山・龍王山,585.22,62,523.22,0.57,3,10,0.07,false,false,medium,medium,low,low_priority,location_uncertain_keep,四国中央市,,candidate_boundary_ambiguous,,multiple_candidates_for_mountain|multiple_mountains_for_candidate|weak_elevation_evidence|missing_csv_coordinate|activity_link_ambiguous,top_3_with_evidence,low_priority_alternative,"mountain=城山(#339); candidate=summit-candidate:c8607e1f03bb5db1; track=""唐谷山・天狗森・木峰・金見山・高丸・五郎丸・大谷山・龍王山""; score=0.57; name_tier=strong; ele_diff=523.22m; loc=strong_overlap; act_conf=high"
340,本尊山,summit-candidate:0bd3d051cdb972fd,yamap_2024-12-08_06_59.gpx,本尊山・秋葉山・立烏帽子山・明神山,632.3133333333334,187,445.31,0.67,1,3,0,false,true,medium,high,high,resolve_conflict,location_strong_match,伊予市,,same_municipality,伊予市,multiple_candidates_for_mountain|multiple_mountains_for_candidate|weak_elevation_evidence|missing_csv_coordinate,top_1_but_ambiguous|top_candidate_for_multiple_mountains,shared_candidate|not_mutual_top1,"mountain=本尊山(#340); candidate=summit-candidate:0bd3d051cdb972fd; track=""本尊山・秋葉山・立烏帽子山・明神山""; score=0.57; name_tier=strong; ele_diff=445.31m; loc=strong_overlap; act_conf=high"
340,本尊山,summit-candidate:23316af255d30882,yamap_2024-12-08_06_59.gpx,本尊山・秋葉山・立烏帽子山・明神山,627.2966666666666,187,440.3,0.67,2,3,0,false,true,medium,medium,high,check_close_alternatives,location_strong_match,伊予市,,same_municipality,伊予市,multiple_candidates_for_mountain|multiple_mountains_for_candidate|weak_elevation_evidence|missing_csv_coordinate,top_3_with_evidence,small_score_gap,"mountain=本尊山(#340); candidate=summit-candidate:23316af255d30882; track=""本尊山・秋葉山・立烏帽子山・明神山""; score=0.57; name_tier=strong; ele_diff=440.3m; loc=strong_overlap; act_conf=high"
340,本尊山,summit-candidate:f12898f5821b63b8,yamap_2024-12-08_06_59.gpx,本尊山・秋葉山・立烏帽子山・明神山,530.1166666666667,187,343.12,0.67,3,2,0.34,false,true,medium,medium,high,check_close_alternatives,location_strong_match,伊予市,,same_municipality,伊予市,multiple_candidates_for_mountain|multiple_mountains_for_candidate|weak_elevation_evidence|missing_csv_coordinate,top_3_with_evidence,small_score_gap,"mountain=本尊山(#340); candidate=summit-candidate:f12898f5821b63b8; track=""本尊山・秋葉山・立烏帽子山・明神山""; score=0.57; name_tier=strong; ele_diff=343.12m; loc=strong_overlap; act_conf=high"
341,秋葉山,summit-candidate:0bd3d051cdb972fd,yamap_2024-12-08_06_59.gpx,本尊山・秋葉山・立烏帽子山・明神山,632.3133333333334,631,1.31,0.85,1,1,0,true,true,medium,medium,high,resolve_conflict,location_strong_match,伊予市,,same_municipality,伊予市,multiple_candidates_for_mountain|multiple_mountains_for_candidate|missing_csv_coordinate,top_1_but_ambiguous|top_candidate_for_multiple_mountains|priority_reduced_strong_match_mutual_top1,shared_candidate,"mountain=秋葉山(#341); candidate=summit-candidate:0bd3d051cdb972fd; track=""本尊山・秋葉山・立烏帽子山・明神山""; score=0.75; name_tier=strong; ele_diff=1.31m; loc=strong_overlap; act_conf=high"
341,秋葉山,summit-candidate:23316af255d30882,yamap_2024-12-08_06_59.gpx,本尊山・秋葉山・立烏帽子山・明神山,627.2966666666666,631,3.7,0.85,2,1,0.18,false,true,medium,medium,high,check_close_alternatives,location_strong_match,伊予市,,same_municipality,伊予市,multiple_candidates_for_mountain|multiple_mountains_for_candidate|missing_csv_coordinate,top_3_with_evidence,small_score_gap,"mountain=秋葉山(#341); candidate=summit-candidate:23316af255d30882; track=""本尊山・秋葉山・立烏帽子山・明神山""; score=0.75; name_tier=strong; ele_diff=3.7m; loc=strong_overlap; act_conf=high"
341,秋葉山,summit-candidate:f12898f5821b63b8,yamap_2024-12-08_06_59.gpx,本尊山・秋葉山・立烏帽子山・明神山,530.1166666666667,631,100.88,0.67,3,3,0.23,false,true,medium,medium,low,low_priority,location_strong_match,伊予市,,same_municipality,伊予市,multiple_candidates_for_mountain|multiple_mountains_for_candidate|weak_elevation_evidence|missing_csv_coordinate,top_3_with_evidence,low_priority_alternative,"mountain=秋葉山(#341); candidate=summit-candidate:f12898f5821b63b8; track=""本尊山・秋葉山・立烏帽子山・明神山""; score=0.57; name_tier=strong; ele_diff=100.88m; loc=strong_overlap; act_conf=high"
342,立烏帽子山,summit-candidate:f12898f5821b63b8,yamap_2024-12-08_06_59.gpx,本尊山・秋葉山・立烏帽子山・明神山,530.1166666666667,536,5.88,0.85,1,1,0.18,true,true,medium,medium,medium,accept_candidate_after_map_check,location_strong_match,伊予市,,same_municipality,伊予市,multiple_candidates_for_mountain|multiple_mountains_for_candidate|missing_csv_coordinate,top_1_but_ambiguous|priority_reduced_strong_match_mutual_top1,clear_mutual_top1,"mountain=立烏帽子山(#342); candidate=summit-candidate:f12898f5821b63b8; track=""本尊山・秋葉山・立烏帽子山・明神山""; score=0.75; name_tier=strong; ele_diff=5.88m; loc=strong_overlap; act_conf=high"
342,立烏帽子山,summit-candidate:0bd3d051cdb972fd,yamap_2024-12-08_06_59.gpx,本尊山・秋葉山・立烏帽子山・明神山,632.3133333333334,536,96.31,0.67,2,4,0,false,false,medium,high,high,resolve_conflict,location_strong_match,伊予市,,same_municipality,伊予市,multiple_candidates_for_mountain|multiple_mountains_for_candidate|weak_elevation_evidence|missing_csv_coordinate,top_candidate_for_multiple_mountains,shared_candidate,"mountain=立烏帽子山(#342); candidate=summit-candidate:0bd3d051cdb972fd; track=""本尊山・秋葉山・立烏帽子山・明神山""; score=0.57; name_tier=strong; ele_diff=96.31m; loc=strong_overlap; act_conf=high"
342,立烏帽子山,summit-candidate:23316af255d30882,yamap_2024-12-08_06_59.gpx,本尊山・秋葉山・立烏帽子山・明神山,627.2966666666666,536,91.3,0.67,3,4,0.33,false,false,medium,medium,low,low_priority,location_strong_match,伊予市,,same_municipality,伊予市,multiple_candidates_for_mountain|multiple_mountains_for_candidate|weak_elevation_evidence|missing_csv_coordinate,top_3_with_evidence,low_priority_alternative,"mountain=立烏帽子山(#342); candidate=summit-candidate:23316af255d30882; track=""本尊山・秋葉山・立烏帽子山・明神山""; score=0.57; name_tier=strong; ele_diff=91.3m; loc=strong_overlap; act_conf=high"
343,明神山,summit-candidate:0bd3d051cdb972fd,yamap_2024-12-08_06_59.gpx,本尊山・秋葉山・立烏帽子山・明神山,632.3133333333334,634,1.69,0.85,1,2,0,false,true,medium,high,high,resolve_conflict,location_strong_match,伊予市,,same_municipality,伊予市,multiple_candidates_for_mountain|multiple_mountains_for_candidate|missing_csv_coordinate,top_1_but_ambiguous|top_candidate_for_multiple_mountains,shared_candidate|not_mutual_top1,"mountain=明神山(#343); candidate=summit-candidate:0bd3d051cdb972fd; track=""本尊山・秋葉山・立烏帽子山・明神山""; score=0.75; name_tier=strong; ele_diff=1.69m; loc=strong_overlap; act_conf=high"
343,明神山,summit-candidate:23316af255d30882,yamap_2024-12-08_06_59.gpx,本尊山・秋葉山・立烏帽子山・明神山,627.2966666666666,634,6.7,0.85,2,2,0.18,false,true,medium,medium,high,check_close_alternatives,location_strong_match,伊予市,,same_municipality,伊予市,multiple_candidates_for_mountain|multiple_mountains_for_candidate|missing_csv_coordinate,top_3_with_evidence,small_score_gap,"mountain=明神山(#343); candidate=summit-candidate:23316af255d30882; track=""本尊山・秋葉山・立烏帽子山・明神山""; score=0.75; name_tier=strong; ele_diff=6.7m; loc=strong_overlap; act_conf=high"
343,明神山,summit-candidate:f12898f5821b63b8,yamap_2024-12-08_06_59.gpx,本尊山・秋葉山・立烏帽子山・明神山,530.1166666666667,634,103.88,0.67,3,4,0.17,false,false,medium,medium,low,low_priority,location_strong_match,伊予市,,same_municipality,伊予市,multiple_candidates_for_mountain|multiple_mountains_for_candidate|weak_elevation_evidence|missing_csv_coordinate,top_3_with_evidence,low_priority_alternative,"mountain=明神山(#343); candidate=summit-candidate:f12898f5821b63b8; track=""本尊山・秋葉山・立烏帽子山・明神山""; score=0.57; name_tier=strong; ele_diff=103.88m; loc=strong_overlap; act_conf=high"
344,陣が森,summit-candidate:6b0155a434d72d79,yamap_2024-12-15_07_21.gpx,陣が森・岩が森・スクモ塚・高萩山・長者森,532.4466666666667,538,5.55,0.68,1,1,0.01,true,true,medium,high,high,resolve_conflict,location_uncertain_keep,松山市,,candidate_boundary_ambiguous,,multiple_candidates_for_mountain|multiple_mountains_for_candidate|missing_csv_coordinate|location_mismatch_warning,top_1_but_ambiguous|top_candidate_for_multiple_mountains,shared_candidate,"mountain=陣が森(#344); candidate=summit-candidate:6b0155a434d72d79; track=""陣が森・岩が森・スクモ塚・高萩山・長者森""; score=0.68; name_tier=strong; ele_diff=5.55m; loc=mismatch_warning; act_conf=high"
344,陣が森,summit-candidate:d8270fc572efc0b2,yamap_2024-12-15_07_21.gpx,陣が森・岩が森・スクモ塚・高萩山・長者森,279.05333333333334,538,258.95,0.67,2,2,0.1,false,true,medium,medium,high,check_close_alternatives,location_strong_match,松山市,,same_municipality,松山市,multiple_candidates_for_mountain|multiple_mountains_for_candidate|weak_elevation_evidence|missing_csv_coordinate,top_3_with_evidence,small_score_gap,"mountain=陣が森(#344); candidate=summit-candidate:d8270fc572efc0b2; track=""陣が森・岩が森・スクモ塚・高萩山・長者森""; score=0.57; name_tier=strong; ele_diff=258.95m; loc=strong_overlap; act_conf=high"
344,陣が森,summit-candidate:f0a03b36c279ddd3,yamap_2024-12-15_07_21.gpx,陣が森・岩が森・スクモ塚・高萩山・長者森,352.79,538,185.21,0.57,3,2,0.02,false,true,medium,medium,low,low_priority,location_uncertain_keep,松山市,,candidate_boundary_ambiguous,,multiple_candidates_for_mountain|multiple_mountains_for_candidate|weak_elevation_evidence|missing_csv_coordinate,top_3_with_evidence,low_priority_alternative,"mountain=陣が森(#344); candidate=summit-candidate:f0a03b36c279ddd3; track=""陣が森・岩が森・スクモ塚・高萩山・長者森""; score=0.57; name_tier=strong; ele_diff=185.21m; loc=strong_overlap; act_conf=high"
345,岩が森,summit-candidate:c195c34fb7e38d7a,yamap_2024-12-15_07_21.gpx,陣が森・岩が森・スクモ塚・高萩山・長者森,418.54333333333335,413,5.54,0.68,1,1,0.01,true,true,medium,high,medium,accept_candidate_after_map_check,location_uncertain_keep,松山市,,candidate_boundary_ambiguous,,multiple_candidates_for_mountain|multiple_mountains_for_candidate|missing_csv_coordinate|location_mismatch_warning,top_1_but_ambiguous,clear_mutual_top1,"mountain=岩が森(#345); candidate=summit-candidate:c195c34fb7e38d7a; track=""陣が森・岩が森・スクモ塚・高萩山・長者森""; score=0.68; name_tier=strong; ele_diff=5.54m; loc=mismatch_warning; act_conf=high"
345,岩が森,summit-candidate:d8270fc572efc0b2,yamap_2024-12-15_07_21.gpx,陣が森・岩が森・スクモ塚・高萩山・長者森,279.05333333333334,413,133.95,0.67,2,3,0.1,false,true,medium,medium,high,check_close_alternatives,location_strong_match,松山市,,same_municipality,松山市,multiple_candidates_for_mountain|multiple_mountains_for_candidate|weak_elevation_evidence|missing_csv_coordinate,top_3_with_evidence,small_score_gap,"mountain=岩が森(#345); candidate=summit-candidate:d8270fc572efc0b2; track=""陣が森・岩が森・スクモ塚・高萩山・長者森""; score=0.57; name_tier=strong; ele_diff=133.95m; loc=strong_overlap; act_conf=high"
345,岩が森,summit-candidate:f0a03b36c279ddd3,yamap_2024-12-15_07_21.gpx,陣が森・岩が森・スクモ塚・高萩山・長者森,352.79,413,60.21,0.57,3,3,0.02,false,true,medium,medium,low,low_priority,location_uncertain_keep,松山市,,candidate_boundary_ambiguous,,multiple_candidates_for_mountain|multiple_mountains_for_candidate|weak_elevation_evidence|missing_csv_coordinate,top_3_with_evidence,low_priority_alternative,"mountain=岩が森(#345); candidate=summit-candidate:f0a03b36c279ddd3; track=""陣が森・岩が森・スクモ塚・高萩山・長者森""; score=0.57; name_tier=strong; ele_diff=60.21m; loc=strong_overlap; act_conf=high"
346,スクモ塚,summit-candidate:d8270fc572efc0b2,yamap_2024-12-15_07_21.gpx,陣が森・岩が森・スクモ塚・高萩山・長者森,279.05333333333334,283,3.95,0.85,1,1,0.12,true,true,medium,medium,medium,accept_candidate_after_map_check,location_strong_match,松山市,,same_municipality,松山市,multiple_candidates_for_mountain|multiple_mountains_for_candidate|missing_csv_coordinate,top_1_but_ambiguous|priority_reduced_strong_match_mutual_top1,clear_mutual_top1,"mountain=スクモ塚(#346); candidate=summit-candidate:d8270fc572efc0b2; track=""陣が森・岩が森・スクモ塚・高萩山・長者森""; score=0.75; name_tier=strong; ele_diff=3.95m; loc=strong_overlap; act_conf=high"
346,スクモ塚,summit-candidate:bcc05b721653749f,yamap_2024-12-15_07_21.gpx,陣が森・岩が森・スクモ塚・高萩山・長者森,290.3833333333333,283,7.38,0.73,2,2,0.16,false,true,medium,medium,high,check_location_warning,boundary_plausible,松山市,,adjacent_municipality,今治市,multiple_candidates_for_mountain|multiple_mountains_for_candidate|missing_csv_coordinate|location_mismatch_warning,top_3_with_evidence,boundary_plausible,"mountain=スクモ塚(#346); candidate=summit-candidate:bcc05b721653749f; track=""陣が森・岩が森・スクモ塚・高萩山・長者森""; score=0.68; name_tier=strong; ele_diff=7.38m; loc=mismatch_warning; act_conf=high"
346,スクモ塚,summit-candidate:f0a03b36c279ddd3,yamap_2024-12-15_07_21.gpx,陣が森・岩が森・スクモ塚・高萩山・長者森,352.79,283,69.79,0.57,3,4,0.07,false,false,medium,medium,low,low_priority,location_uncertain_keep,松山市,,candidate_boundary_ambiguous,,multiple_candidates_for_mountain|multiple_mountains_for_candidate|weak_elevation_evidence|missing_csv_coordinate,top_3_with_evidence,low_priority_alternative,"mountain=スクモ塚(#346); candidate=summit-candidate:f0a03b36c279ddd3; track=""陣が森・岩が森・スクモ塚・高萩山・長者森""; score=0.57; name_tier=strong; ele_diff=69.79m; loc=strong_overlap; act_conf=high"
347,高萩山,summit-candidate:f0a03b36c279ddd3,yamap_2024-12-15_07_21.gpx,陣が森・岩が森・スクモ塚・高萩山・長者森,352.79,356,3.21,0.75,1,1,0.08,true,true,medium,high,medium,accept_candidate_after_map_check,location_uncertain_keep,松山市,,candidate_boundary_ambiguous,,multiple_candidates_for_mountain|multiple_mountains_for_candidate|missing_csv_coordinate,top_1_but_ambiguous,clear_mutual_top1,"mountain=高萩山(#347); candidate=summit-candidate:f0a03b36c279ddd3; track=""陣が森・岩が森・スクモ塚・高萩山・長者森""; score=0.75; name_tier=strong; ele_diff=3.21m; loc=strong_overlap; act_conf=high"
347,高萩山,summit-candidate:d8270fc572efc0b2,yamap_2024-12-15_07_21.gpx,陣が森・岩が森・スクモ塚・高萩山・長者森,279.05333333333334,356,76.95,0.67,2,4,0.12,false,false,medium,medium,low,low_priority,location_strong_match,松山市,,same_municipality,松山市,multiple_candidates_for_mountain|multiple_mountains_for_candidate|weak_elevation_evidence|missing_csv_coordinate,top_3_with_evidence,low_priority_alternative,"mountain=高萩山(#347); candidate=summit-candidate:d8270fc572efc0b2; track=""陣が森・岩が森・スクモ塚・高萩山・長者森""; score=0.57; name_tier=strong; ele_diff=76.95m; loc=strong_overlap; act_conf=high"
347,高萩山,summit-candidate:bcc05b721653749f,yamap_2024-12-15_07_21.gpx,陣が森・岩が森・スクモ塚・高萩山・長者森,290.3833333333333,356,65.62,0.55,3,5,0.05,false,false,low,medium,high,check_location_warning,boundary_plausible,松山市,,adjacent_municipality,今治市,multiple_candidates_for_mountain|multiple_mountains_for_candidate|weak_elevation_evidence|missing_csv_coordinate|location_mismatch_warning,top_3_with_evidence,boundary_plausible,"mountain=高萩山(#347); candidate=summit-candidate:bcc05b721653749f; track=""陣が森・岩が森・スクモ塚・高萩山・長者森""; score=0.5; name_tier=strong; ele_diff=65.62m; loc=mismatch_warning; act_conf=high"
348,長者森,summit-candidate:bcc05b721653749f,yamap_2024-12-15_07_21.gpx,陣が森・岩が森・スクモ塚・高萩山・長者森,290.3833333333333,293,2.62,0.85,1,1,0.18,true,true,medium,medium,medium,accept_candidate_after_map_check,location_strong_match,今治市,,same_municipality,今治市,multiple_candidates_for_mountain|multiple_mountains_for_candidate|missing_csv_coordinate,top_1_but_ambiguous|priority_reduced_strong_match_mutual_top1,clear_mutual_top1,"mountain=長者森(#348); candidate=summit-candidate:bcc05b721653749f; track=""陣が森・岩が森・スクモ塚・高萩山・長者森""; score=0.75; name_tier=strong; ele_diff=2.62m; loc=strong_overlap; act_conf=high"
348,長者森,summit-candidate:d8270fc572efc0b2,yamap_2024-12-15_07_21.gpx,陣が森・岩が森・スクモ塚・高萩山・長者森,279.05333333333334,293,13.95,0.67,2,5,0.1,false,false,medium,medium,high,check_location_warning,boundary_plausible,今治市,,adjacent_municipality,松山市,multiple_candidates_for_mountain|multiple_mountains_for_candidate|missing_csv_coordinate|location_mismatch_warning,top_3_with_evidence,boundary_plausible,"mountain=長者森(#348); candidate=summit-candidate:d8270fc572efc0b2; track=""陣が森・岩が森・スクモ塚・高萩山・長者森""; score=0.62; name_tier=strong; ele_diff=13.95m; loc=mismatch_warning; act_conf=high"
348,長者森,summit-candidate:6b0155a434d72d79,yamap_2024-12-15_07_21.gpx,陣が森・岩が森・スクモ塚・高萩山・長者森,532.4466666666667,293,239.45,0.57,3,2,0,false,true,medium,high,high,resolve_conflict,location_uncertain_keep,今治市,,candidate_boundary_ambiguous,,multiple_candidates_for_mountain|multiple_mountains_for_candidate|weak_elevation_evidence|missing_csv_coordinate,top_candidate_for_multiple_mountains,shared_candidate,"mountain=長者森(#348); candidate=summit-candidate:6b0155a434d72d79; track=""陣が森・岩が森・スクモ塚・高萩山・長者森""; score=0.57; name_tier=strong; ele_diff=239.45m; loc=strong_overlap; act_conf=high"
349,八倉山,summit-candidate:4416099ca0f9da08,yamap_2024-12-22_10_25.gpx,笹ヶ平山,260.1933333333333,257,3.19,0.85,1,1,0.05,true,true,medium,medium,high,resolve_conflict,location_strong_match,砥部町,,same_municipality,砥部町,multiple_candidates_for_mountain|multiple_mountains_for_candidate|missing_csv_coordinate|activity_link_ambiguous,top_1_but_ambiguous|top_candidate_for_multiple_mountains|priority_reduced_strong_match_mutual_top1,shared_candidate,"mountain=八倉山(#349); candidate=summit-candidate:4416099ca0f9da08; track=""笹ヶ平山""; score=0.75; name_tier=strong; ele_diff=3.19m; loc=strong_overlap; act_conf=high"
349,八倉山,summit-candidate:4973965873779cdc,yamap_2024-12-22_06_34.gpx,八倉山・行道山・水晶ヶ森,251.46333333333337,257,5.54,0.8,2,1,0.13,false,true,medium,medium,high,check_location_warning,boundary_plausible,砥部町,,adjacent_municipality,伊予市,multiple_candidates_for_mountain|multiple_mountains_for_candidate|missing_csv_coordinate|activity_link_ambiguous,top_3_with_evidence,boundary_plausible,"mountain=八倉山(#349); candidate=summit-candidate:4973965873779cdc; track=""八倉山・行道山・水晶ヶ森""; score=0.75; name_tier=strong; ele_diff=5.54m; loc=strong_overlap; act_conf=high"
349,八倉山,summit-candidate:cfd366be872f9534,yamap_2024-12-22_06_34.gpx,八倉山・行道山・水晶ヶ森,401.8633333333333,257,144.86,0.67,3,3,0.34,false,true,medium,high,high,resolve_conflict,location_strong_match,砥部町,,same_municipality,砥部町,multiple_candidates_for_mountain|multiple_mountains_for_candidate|weak_elevation_evidence|missing_csv_coordinate|activity_link_ambiguous,top_candidate_for_multiple_mountains,shared_candidate,"mountain=八倉山(#349); candidate=summit-candidate:cfd366be872f9534; track=""八倉山・行道山・水晶ヶ森""; score=0.57; name_tier=strong; ele_diff=144.86m; loc=strong_overlap; act_conf=high"
350,行道山,summit-candidate:cfd366be872f9534,yamap_2024-12-22_06_34.gpx,八倉山・行道山・水晶ヶ森,401.8633333333333,371,30.86,0.73,1,2,0.06,false,true,medium,high,high,resolve_conflict,location_strong_match,砥部町,,same_municipality,砥部町,multiple_candidates_for_mountain|multiple_mountains_for_candidate|missing_csv_coordinate|activity_link_ambiguous,top_1_but_ambiguous|top_candidate_for_multiple_mountains,shared_candidate|not_mutual_top1,"mountain=行道山(#350); candidate=summit-candidate:cfd366be872f9534; track=""八倉山・行道山・水晶ヶ森""; score=0.63; name_tier=strong; ele_diff=30.86m; loc=strong_overlap; act_conf=high"
350,行道山,summit-candidate:4416099ca0f9da08,yamap_2024-12-22_10_25.gpx,笹ヶ平山,260.1933333333333,371,110.81,0.67,2,3,0.05,false,true,medium,high,high,resolve_conflict,location_strong_match,砥部町,,same_municipality,砥部町,multiple_candidates_for_mountain|multiple_mountains_for_candidate|weak_elevation_evidence|missing_csv_coordinate|activity_link_ambiguous,top_candidate_for_multiple_mountains,shared_candidate,"mountain=行道山(#350); candidate=summit-candidate:4416099ca0f9da08; track=""笹ヶ平山""; score=0.57; name_tier=strong; ele_diff=110.81m; loc=strong_overlap; act_conf=high"
350,行道山,summit-candidate:4973965873779cdc,yamap_2024-12-22_06_34.gpx,八倉山・行道山・水晶ヶ森,251.46333333333337,371,119.54,0.62,3,3,0.28,false,true,medium,medium,high,check_location_warning,boundary_plausible,砥部町,,adjacent_municipality,伊予市,multiple_candidates_for_mountain|multiple_mountains_for_candidate|weak_elevation_evidence|missing_csv_coordinate|activity_link_ambiguous,top_3_with_evidence,boundary_plausible,"mountain=行道山(#350); candidate=summit-candidate:4973965873779cdc; track=""八倉山・行道山・水晶ヶ森""; score=0.57; name_tier=strong; ele_diff=119.54m; loc=strong_overlap; act_conf=high"
351,水晶ヶ森,summit-candidate:cfd366be872f9534,yamap_2024-12-22_06_34.gpx,八倉山・行道山・水晶ヶ森,401.8633333333333,403,1.14,0.85,1,1,0.18,true,true,medium,medium,high,resolve_conflict,location_strong_match,砥部町,,same_municipality,砥部町,multiple_candidates_for_mountain|multiple_mountains_for_candidate|missing_csv_coordinate|activity_link_ambiguous,top_1_but_ambiguous|top_candidate_for_multiple_mountains|priority_reduced_strong_match_mutual_top1,shared_candidate,"mountain=水晶ヶ森(#351); candidate=summit-candidate:cfd366be872f9534; track=""八倉山・行道山・水晶ヶ森""; score=0.75; name_tier=strong; ele_diff=1.14m; loc=strong_overlap; act_conf=high"
351,水晶ヶ森,summit-candidate:4416099ca0f9da08,yamap_2024-12-22_10_25.gpx,笹ヶ平山,260.1933333333333,403,142.81,0.67,2,4,0.05,false,false,medium,high,high,resolve_conflict,location_strong_match,砥部町,,same_municipality,砥部町,multiple_candidates_for_mountain|multiple_mountains_for_candidate|weak_elevation_evidence|missing_csv_coordinate|activity_link_ambiguous,top_candidate_for_multiple_mountains,shared_candidate,"mountain=水晶ヶ森(#351); candidate=summit-candidate:4416099ca0f9da08; track=""笹ヶ平山""; score=0.57; name_tier=strong; ele_diff=142.81m; loc=strong_overlap; act_conf=high"
351,水晶ヶ森,summit-candidate:4973965873779cdc,yamap_2024-12-22_06_34.gpx,八倉山・行道山・水晶ヶ森,251.46333333333337,403,151.54,0.62,3,4,0.22,false,false,medium,medium,high,check_location_warning,boundary_plausible,砥部町,,adjacent_municipality,伊予市,multiple_candidates_for_mountain|multiple_mountains_for_candidate|weak_elevation_evidence|missing_csv_coordinate|activity_link_ambiguous,top_3_with_evidence,boundary_plausible,"mountain=水晶ヶ森(#351); candidate=summit-candidate:4973965873779cdc; track=""八倉山・行道山・水晶ヶ森""; score=0.57; name_tier=strong; ele_diff=151.54m; loc=strong_overlap; act_conf=high"
352,笹ヶ平山,summit-candidate:4416099ca0f9da08,yamap_2024-12-22_10_25.gpx,笹ヶ平山,260.1933333333333,261,0.81,0.85,1,2,0.05,false,true,medium,high,high,resolve_conflict,location_strong_match,砥部町,,same_municipality,砥部町,multiple_candidates_for_mountain|multiple_mountains_for_candidate|missing_csv_coordinate|activity_link_ambiguous,top_1_but_ambiguous|top_candidate_for_multiple_mountains,shared_candidate|not_mutual_top1,"mountain=笹ヶ平山(#352); candidate=summit-candidate:4416099ca0f9da08; track=""笹ヶ平山""; score=0.75; name_tier=strong; ele_diff=0.81m; loc=strong_overlap; act_conf=high"
352,笹ヶ平山,summit-candidate:4973965873779cdc,yamap_2024-12-22_06_34.gpx,八倉山・行道山・水晶ヶ森,251.46333333333337,261,9.54,0.8,2,2,0.13,false,true,medium,medium,high,check_location_warning,boundary_plausible,砥部町,,adjacent_municipality,伊予市,multiple_candidates_for_mountain|multiple_mountains_for_candidate|missing_csv_coordinate|activity_link_ambiguous,top_3_with_evidence,boundary_plausible,"mountain=笹ヶ平山(#352); candidate=summit-candidate:4973965873779cdc; track=""八倉山・行道山・水晶ヶ森""; score=0.75; name_tier=strong; ele_diff=9.54m; loc=strong_overlap; act_conf=high"
352,笹ヶ平山,summit-candidate:cfd366be872f9534,yamap_2024-12-22_06_34.gpx,八倉山・行道山・水晶ヶ森,401.8633333333333,261,140.86,0.67,3,4,0.34,false,false,medium,high,high,resolve_conflict,location_strong_match,砥部町,,same_municipality,砥部町,multiple_candidates_for_mountain|multiple_mountains_for_candidate|weak_elevation_evidence|missing_csv_coordinate|activity_link_ambiguous,top_candidate_for_multiple_mountains,shared_candidate,"mountain=笹ヶ平山(#352); candidate=summit-candidate:cfd366be872f9534; track=""八倉山・行道山・水晶ヶ森""; score=0.57; name_tier=strong; ele_diff=140.86m; loc=strong_overlap; act_conf=high"
353,壺神山,summit-candidate:c58c0ba7145621b9,yamap_2025-01-03_07_19.gpx,壺神山・滝山・足山・皿が森,984.3464928489406,971,13.35,0.69,1,1,0.02,true,true,medium,high,medium,accept_candidate_after_map_check,location_uncertain_keep,大洲市,,candidate_boundary_ambiguous,,multiple_candidates_for_mountain|multiple_mountains_for_candidate|missing_csv_coordinate,top_1_but_ambiguous,clear_mutual_top1,"mountain=壺神山(#353); candidate=summit-candidate:c58c0ba7145621b9; track=""壺神山・滝山・足山・皿が森""; score=0.69; name_tier=strong; ele_diff=13.35m; loc=strong_overlap; act_conf=high"
353,壺神山,summit-candidate:0048d4d3a7981b80,yamap_2025-01-03_07_19.gpx,壺神山・滝山・足山・皿が森,697.5172644320495,971,273.48,0.67,2,3,0,false,true,medium,high,high,resolve_conflict,location_strong_match,大洲市,,same_municipality,大洲市,multiple_candidates_for_mountain|multiple_mountains_for_candidate|weak_elevation_evidence|missing_csv_coordinate,top_candidate_for_multiple_mountains,shared_candidate,"mountain=壺神山(#353); candidate=summit-candidate:0048d4d3a7981b80; track=""壺神山・滝山・足山・皿が森""; score=0.57; name_tier=strong; ele_diff=273.48m; loc=strong_overlap; act_conf=high"
353,壺神山,summit-candidate:38105da918da8262,yamap_2025-01-03_07_19.gpx,壺神山・滝山・足山・皿が森,733.0708946789382,971,237.93,0.67,3,2,0,false,true,medium,medium,high,check_close_alternatives,location_strong_match,大洲市,,same_municipality,大洲市,multiple_candidates_for_mountain|multiple_mountains_for_candidate|weak_elevation_evidence|missing_csv_coordinate,top_3_with_evidence,small_score_gap,"mountain=壺神山(#353); candidate=summit-candidate:38105da918da8262; track=""壺神山・滝山・足山・皿が森""; score=0.57; name_tier=strong; ele_diff=237.93m; loc=strong_overlap; act_conf=high"
354,滝山,summit-candidate:38105da918da8262,yamap_2025-01-03_07_19.gpx,壺神山・滝山・足山・皿が森,733.0708946789382,726,7.07,0.85,1,1,0.06,true,true,medium,medium,medium,accept_candidate_after_map_check,location_strong_match,大洲市,,same_municipality,大洲市,multiple_candidates_for_mountain|multiple_mountains_for_candidate|missing_csv_coordinate,top_1_but_ambiguous|priority_reduced_strong_match_mutual_top1,clear_mutual_top1,"mountain=滝山(#354); candidate=summit-candidate:38105da918da8262; track=""壺神山・滝山・足山・皿が森""; score=0.75; name_tier=strong; ele_diff=7.07m; loc=strong_overlap; act_conf=high"
354,滝山,summit-candidate:0048d4d3a7981b80,yamap_2025-01-03_07_19.gpx,壺神山・滝山・足山・皿が森,697.5172644320495,726,28.48,0.79,2,1,0.12,false,true,medium,high,high,resolve_conflict,location_strong_match,大洲市,,same_municipality,大洲市,multiple_candidates_for_mountain|multiple_mountains_for_candidate|missing_csv_coordinate,top_candidate_for_multiple_mountains,shared_candidate,"mountain=滝山(#354); candidate=summit-candidate:0048d4d3a7981b80; track=""壺神山・滝山・足山・皿が森""; score=0.69; name_tier=strong; ele_diff=28.48m; loc=strong_overlap; act_conf=high"
354,滝山,summit-candidate:4db5b3ffd85092bf,yamap_2025-01-03_07_19.gpx,壺神山・滝山・足山・皿が森,626.9591280717788,726,99.04,0.67,3,4,0,false,false,medium,medium,low,low_priority,location_strong_match,大洲市,,same_municipality,大洲市,multiple_candidates_for_mountain|multiple_mountains_for_candidate|weak_elevation_evidence|missing_csv_coordinate,top_3_with_evidence,low_priority_alternative,"mountain=滝山(#354); candidate=summit-candidate:4db5b3ffd85092bf; track=""壺神山・滝山・足山・皿が森""; score=0.57; name_tier=strong; ele_diff=99.04m; loc=strong_overlap; act_conf=high"
355,足山,summit-candidate:0048d4d3a7981b80,yamap_2025-01-03_07_19.gpx,壺神山・滝山・足山・皿が森,697.5172644320495,675,22.52,0.79,1,2,0,false,true,medium,high,high,resolve_conflict,location_strong_match,大洲市,,same_municipality,大洲市,multiple_candidates_for_mountain|multiple_mountains_for_candidate|missing_csv_coordinate,top_1_but_ambiguous|top_candidate_for_multiple_mountains,shared_candidate|not_mutual_top1,"mountain=足山(#355); candidate=summit-candidate:0048d4d3a7981b80; track=""壺神山・滝山・足山・皿が森""; score=0.69; name_tier=strong; ele_diff=22.52m; loc=strong_overlap; act_conf=high"
355,足山,summit-candidate:9306f5a7fe249a15,yamap_2025-01-03_07_19.gpx,壺神山・滝山・足山・皿が森,646.4861527563789,675,28.51,0.79,2,1,0.06,false,true,medium,medium,high,check_close_alternatives,location_strong_match,大洲市,,same_municipality,大洲市,multiple_candidates_for_mountain|multiple_mountains_for_candidate|missing_csv_coordinate,top_3_with_evidence,small_score_gap,"mountain=足山(#355); candidate=summit-candidate:9306f5a7fe249a15; track=""壺神山・滝山・足山・皿が森""; score=0.69; name_tier=strong; ele_diff=28.51m; loc=strong_overlap; act_conf=high"
355,足山,summit-candidate:4db5b3ffd85092bf,yamap_2025-01-03_07_19.gpx,壺神山・滝山・足山・皿が森,626.9591280717788,675,48.04,0.73,3,2,0.06,false,true,medium,medium,low,low_priority,location_strong_match,大洲市,,same_municipality,大洲市,multiple_candidates_for_mountain|multiple_mountains_for_candidate|missing_csv_coordinate,top_3_with_evidence,low_priority_alternative,"mountain=足山(#355); candidate=summit-candidate:4db5b3ffd85092bf; track=""壺神山・滝山・足山・皿が森""; score=0.63; name_tier=strong; ele_diff=48.04m; loc=strong_overlap; act_conf=high"
356,皿が森,summit-candidate:4db5b3ffd85092bf,yamap_2025-01-03_07_19.gpx,壺神山・滝山・足山・皿が森,626.9591280717788,610,16.96,0.79,1,1,0.06,true,true,medium,medium,medium,accept_candidate_after_map_check,location_strong_match,大洲市,,same_municipality,大洲市,multiple_candidates_for_mountain|multiple_mountains_for_candidate|missing_csv_coordinate,top_1_but_ambiguous|priority_reduced_strong_match_mutual_top1,clear_mutual_top1,"mountain=皿が森(#356); candidate=summit-candidate:4db5b3ffd85092bf; track=""壺神山・滝山・足山・皿が森""; score=0.69; name_tier=strong; ele_diff=16.96m; loc=strong_overlap; act_conf=high"
356,皿が森,summit-candidate:9306f5a7fe249a15,yamap_2025-01-03_07_19.gpx,壺神山・滝山・足山・皿が森,646.4861527563789,610,36.49,0.73,2,2,0.06,false,true,medium,medium,low,low_priority,location_strong_match,大洲市,,same_municipality,大洲市,multiple_candidates_for_mountain|multiple_mountains_for_candidate|missing_csv_coordinate,top_3_with_evidence,low_priority_alternative,"mountain=皿が森(#356); candidate=summit-candidate:9306f5a7fe249a15; track=""壺神山・滝山・足山・皿が森""; score=0.63; name_tier=strong; ele_diff=36.49m; loc=strong_overlap; act_conf=high"
356,皿が森,summit-candidate:0048d4d3a7981b80,yamap_2025-01-03_07_19.gpx,壺神山・滝山・足山・皿が森,697.5172644320495,610,87.52,0.67,3,4,0,false,false,medium,high,high,resolve_conflict,location_strong_match,大洲市,,same_municipality,大洲市,multiple_candidates_for_mountain|multiple_mountains_for_candidate|weak_elevation_evidence|missing_csv_coordinate,top_candidate_for_multiple_mountains,shared_candidate,"mountain=皿が森(#356); candidate=summit-candidate:0048d4d3a7981b80; track=""壺神山・滝山・足山・皿が森""; score=0.57; name_tier=strong; ele_diff=87.52m; loc=strong_overlap; act_conf=high"
357,尉之山,summit-candidate:2b833dfb6f3f84c1,yamap_2025-01-11_11_51.gpx,勝山,371.26,383,11.74,0.79,1,1,0.1,true,true,medium,medium,high,resolve_conflict,location_strong_match,松山市,,same_municipality,松山市,multiple_candidates_for_mountain|multiple_mountains_for_candidate|missing_csv_coordinate|activity_link_ambiguous,top_1_but_ambiguous|top_candidate_for_multiple_mountains|priority_reduced_strong_match_mutual_top1,shared_candidate,"mountain=尉之山(#357); candidate=summit-candidate:2b833dfb6f3f84c1; track=""勝山""; score=0.69; name_tier=strong; ele_diff=11.74m; loc=strong_overlap; act_conf=high"
357,尉之山,summit-candidate:12f30719aca26806,yamap_2025-01-11_08_43.gpx,尉之山・小山岳,397.0566666666667,383,14.06,0.69,2,1,0.06,false,true,medium,medium,low,low_priority,location_uncertain_keep,松山市,,candidate_boundary_ambiguous,,multiple_candidates_for_mountain|multiple_mountains_for_candidate|missing_csv_coordinate|activity_link_ambiguous,top_3_with_evidence,low_priority_alternative,"mountain=尉之山(#357); candidate=summit-candidate:12f30719aca26806; track=""尉之山・小山岳""; score=0.69; name_tier=strong; ele_diff=14.06m; loc=strong_overlap; act_conf=high"
357,尉之山,summit-candidate:7749b785ef007c1a,yamap_2025-01-11_08_43.gpx,尉之山・小山岳,430.1766666666667,383,47.18,0.63,3,2,0.13,false,true,medium,medium,low,low_priority,location_uncertain_keep,松山市,,candidate_boundary_ambiguous,,multiple_candidates_for_mountain|multiple_mountains_for_candidate|missing_csv_coordinate|activity_link_ambiguous,top_3_with_evidence,low_priority_alternative,"mountain=尉之山(#357); candidate=summit-candidate:7749b785ef007c1a; track=""尉之山・小山岳""; score=0.63; name_tier=strong; ele_diff=47.18m; loc=strong_overlap; act_conf=high"
358,小山岳,summit-candidate:7749b785ef007c1a,yamap_2025-01-11_08_43.gpx,尉之山・小山岳,430.1766666666667,435,4.82,0.75,1,1,0.08,true,true,medium,high,medium,accept_candidate_after_map_check,location_uncertain_keep,松山市,,candidate_boundary_ambiguous,,multiple_candidates_for_mountain|multiple_mountains_for_candidate|missing_csv_coordinate|activity_link_ambiguous,top_1_but_ambiguous,clear_mutual_top1,"mountain=小山岳(#358); candidate=summit-candidate:7749b785ef007c1a; track=""尉之山・小山岳""; score=0.75; name_tier=strong; ele_diff=4.82m; loc=strong_overlap; act_conf=high"
358,小山岳,summit-candidate:2b833dfb6f3f84c1,yamap_2025-01-11_11_51.gpx,勝山,371.26,435,63.74,0.67,2,4,0.04,false,false,medium,high,high,resolve_conflict,location_strong_match,松山市,,same_municipality,松山市,multiple_candidates_for_mountain|multiple_mountains_for_candidate|weak_elevation_evidence|missing_csv_coordinate|activity_link_ambiguous,top_candidate_for_multiple_mountains,shared_candidate,"mountain=小山岳(#358); candidate=summit-candidate:2b833dfb6f3f84c1; track=""勝山""; score=0.57; name_tier=strong; ele_diff=63.74m; loc=strong_overlap; act_conf=high"
358,小山岳,summit-candidate:12f30719aca26806,yamap_2025-01-11_08_43.gpx,尉之山・小山岳,397.0566666666667,435,37.94,0.63,3,3,0.19,false,true,medium,medium,low,low_priority,location_uncertain_keep,松山市,,candidate_boundary_ambiguous,,multiple_candidates_for_mountain|multiple_mountains_for_candidate|missing_csv_coordinate|activity_link_ambiguous,top_3_with_evidence,low_priority_alternative,"mountain=小山岳(#358); candidate=summit-candidate:12f30719aca26806; track=""尉之山・小山岳""; score=0.63; name_tier=strong; ele_diff=37.94m; loc=strong_overlap; act_conf=high"
359,勝山,summit-candidate:2b833dfb6f3f84c1,yamap_2025-01-11_11_51.gpx,勝山,371.26,385,13.74,0.79,1,2,0.1,false,true,medium,high,high,resolve_conflict,location_strong_match,松山市,,same_municipality,松山市,multiple_candidates_for_mountain|multiple_mountains_for_candidate|missing_csv_coordinate|activity_link_ambiguous,top_1_but_ambiguous|top_candidate_for_multiple_mountains,shared_candidate|not_mutual_top1,"mountain=勝山(#359); candidate=summit-candidate:2b833dfb6f3f84c1; track=""勝山""; score=0.69; name_tier=strong; ele_diff=13.74m; loc=strong_overlap; act_conf=high"
359,勝山,summit-candidate:12f30719aca26806,yamap_2025-01-11_08_43.gpx,尉之山・小山岳,397.0566666666667,385,12.06,0.69,2,2,0.02,false,true,medium,medium,low,low_priority,location_uncertain_keep,松山市,,candidate_boundary_ambiguous,,multiple_candidates_for_mountain|multiple_mountains_for_candidate|missing_csv_coordinate|activity_link_ambiguous,top_3_with_evidence,low_priority_alternative,"mountain=勝山(#359); candidate=summit-candidate:12f30719aca26806; track=""尉之山・小山岳""; score=0.69; name_tier=strong; ele_diff=12.06m; loc=strong_overlap; act_conf=high"
359,勝山,summit-candidate:91cacd7deced8470,yamap_2022-06-04_14_13.gpx,勝山,129.4799661552467,385,255.52,0.67,3,2,0.04,false,true,medium,medium,low,low_priority,location_strong_match,松山市,,same_municipality,松山市,multiple_candidates_for_mountain|multiple_mountains_for_candidate|weak_elevation_evidence|missing_csv_coordinate,top_3_with_evidence,low_priority_alternative,"mountain=勝山(#359); candidate=summit-candidate:91cacd7deced8470; track=""勝山""; score=0.57; name_tier=strong; ele_diff=255.52m; loc=strong_overlap; act_conf=high"
360,松葉山（松葉城址）,summit-candidate:7a59a4750a70552c,yamap_2025-01-24_13_34.gpx,御篠山・松葉山（松葉城址）・烏殿,400.06,410,9.94,0.85,1,1,0.06,true,true,medium,medium,medium,accept_candidate_after_map_check,location_strong_match,西予市,,same_municipality,西予市,multiple_candidates_for_mountain|multiple_mountains_for_candidate|missing_csv_coordinate,top_1_but_ambiguous|priority_reduced_strong_match_mutual_top1,clear_mutual_top1,"mountain=松葉山（松葉城址）(#360); candidate=summit-candidate:7a59a4750a70552c; track=""御篠山・松葉山（松葉城址）・烏殿""; score=0.75; name_tier=strong; ele_diff=9.94m; loc=strong_overlap; act_conf=high"
360,松葉山（松葉城址）,summit-candidate:2c1cbc474e49f1ec,yamap_2025-01-24_13_34.gpx,御篠山・松葉山（松葉城址）・烏殿,387.82666666666665,410,22.17,0.79,2,2,0.12,false,true,medium,medium,low,low_priority,location_strong_match,西予市,,same_municipality,西予市,multiple_candidates_for_mountain|multiple_mountains_for_candidate|missing_csv_coordinate,top_3_with_evidence,low_priority_alternative,"mountain=松葉山（松葉城址）(#360); candidate=summit-candidate:2c1cbc474e49f1ec; track=""御篠山・松葉山（松葉城址）・烏殿""; score=0.69; name_tier=strong; ele_diff=22.17m; loc=strong_overlap; act_conf=high"
360,松葉山（松葉城址）,summit-candidate:d71483d289d0c575,yamap_2025-01-24_13_34.gpx,御篠山・松葉山（松葉城址）・烏殿,583.88,410,173.88,0.67,3,2,0.23,false,true,medium,medium,low,low_priority,location_strong_match,西予市,,same_municipality,西予市,multiple_candidates_for_mountain|multiple_mountains_for_candidate|weak_elevation_evidence|missing_csv_coordinate,top_3_with_evidence,low_priority_alternative,"mountain=松葉山（松葉城址）(#360); candidate=summit-candidate:d71483d289d0c575; track=""御篠山・松葉山（松葉城址）・烏殿""; score=0.57; name_tier=strong; ele_diff=173.88m; loc=strong_overlap; act_conf=high"
361,烏殿,summit-candidate:d71483d289d0c575,yamap_2025-01-24_13_34.gpx,御篠山・松葉山（松葉城址）・烏殿,583.88,588,4.12,0.85,1,1,0.18,true,true,medium,medium,medium,accept_candidate_after_map_check,location_strong_match,西予市,,same_municipality,西予市,multiple_candidates_for_mountain|multiple_mountains_for_candidate|missing_csv_coordinate,top_1_but_ambiguous|priority_reduced_strong_match_mutual_top1,clear_mutual_top1,"mountain=烏殿(#361); candidate=summit-candidate:d71483d289d0c575; track=""御篠山・松葉山（松葉城址）・烏殿""; score=0.75; name_tier=strong; ele_diff=4.12m; loc=strong_overlap; act_conf=high"
361,烏殿,summit-candidate:2c1cbc474e49f1ec,yamap_2025-01-24_13_34.gpx,御篠山・松葉山（松葉城址）・烏殿,387.82666666666665,588,200.17,0.67,2,3,0,false,true,medium,medium,low,low_priority,location_strong_match,西予市,,same_municipality,西予市,multiple_candidates_for_mountain|multiple_mountains_for_candidate|weak_elevation_evidence|missing_csv_coordinate,top_3_with_evidence,low_priority_alternative,"mountain=烏殿(#361); candidate=summit-candidate:2c1cbc474e49f1ec; track=""御篠山・松葉山（松葉城址）・烏殿""; score=0.57; name_tier=strong; ele_diff=200.17m; loc=strong_overlap; act_conf=high"
361,烏殿,summit-candidate:7a59a4750a70552c,yamap_2025-01-24_13_34.gpx,御篠山・松葉山（松葉城址）・烏殿,400.06,588,187.94,0.67,3,3,0.17,false,true,medium,medium,low,low_priority,location_strong_match,西予市,,same_municipality,西予市,multiple_candidates_for_mountain|multiple_mountains_for_candidate|weak_elevation_evidence|missing_csv_coordinate,top_3_with_evidence,low_priority_alternative,"mountain=烏殿(#361); candidate=summit-candidate:7a59a4750a70552c; track=""御篠山・松葉山（松葉城址）・烏殿""; score=0.57; name_tier=strong; ele_diff=187.94m; loc=strong_overlap; act_conf=high"
362,御篠山,summit-candidate:2c1cbc474e49f1ec,yamap_2025-01-24_13_34.gpx,御篠山・松葉山（松葉城址）・烏殿,387.82666666666665,384,3.83,0.85,1,1,0.06,true,true,medium,medium,medium,accept_candidate_after_map_check,location_strong_match,西予市,,same_municipality,西予市,multiple_candidates_for_mountain|multiple_mountains_for_candidate|missing_csv_coordinate,top_1_but_ambiguous|priority_reduced_strong_match_mutual_top1,clear_mutual_top1,"mountain=御篠山(#362); candidate=summit-candidate:2c1cbc474e49f1ec; track=""御篠山・松葉山（松葉城址）・烏殿""; score=0.75; name_tier=strong; ele_diff=3.83m; loc=strong_overlap; act_conf=high"
362,御篠山,summit-candidate:7a59a4750a70552c,yamap_2025-01-24_13_34.gpx,御篠山・松葉山（松葉城址）・烏殿,400.06,384,16.06,0.79,2,2,0.12,false,true,medium,medium,low,low_priority,location_strong_match,西予市,,same_municipality,西予市,multiple_candidates_for_mountain|multiple_mountains_for_candidate|missing_csv_coordinate,top_3_with_evidence,low_priority_alternative,"mountain=御篠山(#362); candidate=summit-candidate:7a59a4750a70552c; track=""御篠山・松葉山（松葉城址）・烏殿""; score=0.69; name_tier=strong; ele_diff=16.06m; loc=strong_overlap; act_conf=high"
362,御篠山,summit-candidate:d71483d289d0c575,yamap_2025-01-24_13_34.gpx,御篠山・松葉山（松葉城址）・烏殿,583.88,384,199.88,0.67,3,3,0.17,false,true,medium,medium,low,low_priority,location_strong_match,西予市,,same_municipality,西予市,multiple_candidates_for_mountain|multiple_mountains_for_candidate|weak_elevation_evidence|missing_csv_coordinate,top_3_with_evidence,low_priority_alternative,"mountain=御篠山(#362); candidate=summit-candidate:d71483d289d0c575; track=""御篠山・松葉山（松葉城址）・烏殿""; score=0.57; name_tier=strong; ele_diff=199.88m; loc=strong_overlap; act_conf=high"
363,天が森,summit-candidate:090f7fa4be89ec5e,yamap_2025-01-26_07_09.gpx,天が森・浄心山・銅が鳴,782.4408357907463,393,389.44,0.67,1,3,0.17,false,true,medium,high,high,resolve_conflict,location_strong_match,八幡浜市,,same_municipality,八幡浜市,multiple_candidates_for_mountain|multiple_mountains_for_candidate|weak_elevation_evidence|missing_csv_coordinate,top_1_but_ambiguous|top_candidate_for_multiple_mountains,shared_candidate|not_mutual_top1,"mountain=天が森(#363); candidate=summit-candidate:090f7fa4be89ec5e; track=""天が森・浄心山・銅が鳴""; score=0.57; name_tier=strong; ele_diff=389.44m; loc=strong_overlap; act_conf=high"
363,天が森,summit-candidate:37c3a34c16599379,yamap_2025-01-26_07_09.gpx,天が森・浄心山・銅が鳴,791.270282533162,393,398.27,0.5,2,3,0.17,false,true,low,medium,low,low_priority,location_uncertain_keep,八幡浜市,,candidate_boundary_ambiguous,,multiple_candidates_for_mountain|multiple_mountains_for_candidate|weak_elevation_evidence|missing_csv_coordinate|location_mismatch_warning,top_3_with_evidence,low_priority_alternative,"mountain=天が森(#363); candidate=summit-candidate:37c3a34c16599379; track=""天が森・浄心山・銅が鳴""; score=0.5; name_tier=strong; ele_diff=398.27m; loc=mismatch_warning; act_conf=high"
363,天が森,summit-candidate:12f30719aca26806,yamap_2025-01-11_08_43.gpx,尉之山・小山岳,397.0566666666667,393,4.06,0.33,3,15,0,false,false,low,medium,low,low_priority,location_uncertain_keep,八幡浜市,,candidate_boundary_ambiguous,,multiple_candidates_for_mountain|multiple_mountains_for_candidate|weak_name_evidence|missing_csv_coordinate|location_mismatch_warning|activity_link_ambiguous,top_3_with_evidence,low_priority_alternative,"mountain=天が森(#363); candidate=summit-candidate:12f30719aca26806; track=""尉之山・小山岳""; score=0.33; name_tier=none; ele_diff=4.06m; loc=mismatch_warning; act_conf=high"
364,浄心山,summit-candidate:090f7fa4be89ec5e,yamap_2025-01-26_07_09.gpx,天が森・浄心山・銅が鳴,782.4408357907463,781,1.44,0.85,1,1,0.23,true,true,medium,medium,high,resolve_conflict,location_strong_match,八幡浜市,,same_municipality,八幡浜市,multiple_candidates_for_mountain|multiple_mountains_for_candidate|missing_csv_coordinate,top_1_but_ambiguous|top_candidate_for_multiple_mountains|priority_reduced_strong_match_mutual_top1,shared_candidate,"mountain=浄心山(#364); candidate=summit-candidate:090f7fa4be89ec5e; track=""天が森・浄心山・銅が鳴""; score=0.75; name_tier=strong; ele_diff=1.44m; loc=strong_overlap; act_conf=high"
364,浄心山,summit-candidate:37c3a34c16599379,yamap_2025-01-26_07_09.gpx,天が森・浄心山・銅が鳴,791.270282533162,781,10.27,0.62,2,1,0.29,false,true,medium,medium,low,low_priority,location_uncertain_keep,八幡浜市,,candidate_boundary_ambiguous,,multiple_candidates_for_mountain|multiple_mountains_for_candidate|missing_csv_coordinate|location_mismatch_warning,top_3_with_evidence,low_priority_alternative,"mountain=浄心山(#364); candidate=summit-candidate:37c3a34c16599379; track=""天が森・浄心山・銅が鳴""; score=0.62; name_tier=strong; ele_diff=10.27m; loc=mismatch_warning; act_conf=high"
364,浄心山,summit-candidate:1d3eb619bd125bfd,yamap_2023-06-11_11_57.gpx,五葉が森,778.4133333333334,781,2.59,0.33,3,5,0,false,false,low,medium,low,low_priority,location_uncertain_keep,八幡浜市,,candidate_boundary_ambiguous,,multiple_candidates_for_mountain|multiple_mountains_for_candidate|weak_name_evidence|missing_csv_coordinate|location_mismatch_warning,top_3_with_evidence,low_priority_alternative,"mountain=浄心山(#364); candidate=summit-candidate:1d3eb619bd125bfd; track=""五葉が森""; score=0.33; name_tier=none; ele_diff=2.59m; loc=mismatch_warning; act_conf=high"
365,銅が鳴,summit-candidate:090f7fa4be89ec5e,yamap_2025-01-26_07_09.gpx,天が森・浄心山・銅が鳴,782.4408357907463,767,15.44,0.79,1,2,0.17,false,true,medium,high,high,resolve_conflict,location_strong_match,八幡浜市,,same_municipality,八幡浜市,multiple_candidates_for_mountain|multiple_mountains_for_candidate|missing_csv_coordinate,top_1_but_ambiguous|top_candidate_for_multiple_mountains,shared_candidate|not_mutual_top1,"mountain=銅が鳴(#365); candidate=summit-candidate:090f7fa4be89ec5e; track=""天が森・浄心山・銅が鳴""; score=0.69; name_tier=strong; ele_diff=15.44m; loc=strong_overlap; act_conf=high"
365,銅が鳴,summit-candidate:37c3a34c16599379,yamap_2025-01-26_07_09.gpx,天が森・浄心山・銅が鳴,791.270282533162,767,24.27,0.62,2,2,0.29,false,true,medium,medium,low,low_priority,location_uncertain_keep,八幡浜市,,candidate_boundary_ambiguous,,multiple_candidates_for_mountain|multiple_mountains_for_candidate|missing_csv_coordinate|location_mismatch_warning,top_3_with_evidence,low_priority_alternative,"mountain=銅が鳴(#365); candidate=summit-candidate:37c3a34c16599379; track=""天が森・浄心山・銅が鳴""; score=0.62; name_tier=strong; ele_diff=24.27m; loc=mismatch_warning; act_conf=high"
365,銅が鳴,summit-candidate:ff0e7de3b62f5ed8,yamap_2022-10-04_12_47.gpx,泉ガ森,760.3519951848507,767,6.65,0.33,3,3,0.01,false,true,low,medium,low,low_priority,location_uncertain_keep,八幡浜市,,candidate_boundary_ambiguous,,multiple_candidates_for_mountain|multiple_mountains_for_candidate|weak_name_evidence|missing_csv_coordinate|location_mismatch_warning,top_3_with_evidence,low_priority_alternative,"mountain=銅が鳴(#365); candidate=summit-candidate:ff0e7de3b62f5ed8; track=""泉ガ森""; score=0.33; name_tier=none; ele_diff=6.65m; loc=mismatch_warning; act_conf=high"
366,弥八山,summit-candidate:0cc40babcd0ce6bf,yamap_2025-01-30_06_55.gpx,弥八山,261.15000000000003,263,1.85,0.85,1,1,0.06,true,true,medium,medium,medium,accept_candidate_after_map_check,location_strong_match,四国中央市,,same_municipality,四国中央市,multiple_candidates_for_mountain|multiple_mountains_for_candidate|missing_csv_coordinate|activity_link_ambiguous,top_1_but_ambiguous|priority_reduced_strong_match_mutual_top1,clear_mutual_top1,"mountain=弥八山(#366); candidate=summit-candidate:0cc40babcd0ce6bf; track=""弥八山""; score=0.75; name_tier=strong; ele_diff=1.85m; loc=strong_overlap; act_conf=high"
366,弥八山,summit-candidate:8cef52d6989a94db,yamap_2025-01-30_10_12.gpx,北山,237.66666666666666,263,25.33,0.79,2,3,0,false,true,medium,high,high,resolve_conflict,location_strong_match,四国中央市,,same_municipality,四国中央市,multiple_candidates_for_mountain|multiple_mountains_for_candidate|missing_csv_coordinate|activity_link_ambiguous,top_candidate_for_multiple_mountains,shared_candidate,"mountain=弥八山(#366); candidate=summit-candidate:8cef52d6989a94db; track=""北山""; score=0.69; name_tier=strong; ele_diff=25.33m; loc=strong_overlap; act_conf=high"
366,弥八山,summit-candidate:a14a745323a3d3af,yamap_2025-01-30_08_48.gpx,西の山,250.30998537053583,263,12.69,0.79,3,3,0.24,false,true,medium,medium,low,low_priority,location_strong_match,四国中央市,,same_municipality,四国中央市,multiple_candidates_for_mountain|multiple_mountains_for_candidate|missing_csv_coordinate|activity_link_ambiguous,top_3_with_evidence,low_priority_alternative,"mountain=弥八山(#366); candidate=summit-candidate:a14a745323a3d3af; track=""西の山""; score=0.69; name_tier=strong; ele_diff=12.69m; loc=strong_overlap; act_conf=high"
367,西の山,summit-candidate:8cef52d6989a94db,yamap_2025-01-30_10_12.gpx,北山,237.66666666666666,244,6.33,0.85,1,1,0,true,true,medium,medium,high,resolve_conflict,location_strong_match,四国中央市,,same_municipality,四国中央市,multiple_candidates_for_mountain|multiple_mountains_for_candidate|missing_csv_coordinate|activity_link_ambiguous,top_1_but_ambiguous|top_candidate_for_multiple_mountains|priority_reduced_strong_match_mutual_top1,shared_candidate,"mountain=西の山(#367); candidate=summit-candidate:8cef52d6989a94db; track=""北山""; score=0.75; name_tier=strong; ele_diff=6.33m; loc=strong_overlap; act_conf=high"
367,西の山,summit-candidate:a14a745323a3d3af,yamap_2025-01-30_08_48.gpx,西の山,250.30998537053583,244,6.31,0.85,2,1,0.06,false,true,medium,medium,high,check_close_alternatives,location_strong_match,四国中央市,,same_municipality,四国中央市,multiple_candidates_for_mountain|multiple_mountains_for_candidate|missing_csv_coordinate|activity_link_ambiguous,top_3_with_evidence,small_score_gap,"mountain=西の山(#367); candidate=summit-candidate:a14a745323a3d3af; track=""西の山""; score=0.75; name_tier=strong; ele_diff=6.31m; loc=strong_overlap; act_conf=high"
367,西の山,summit-candidate:0cc40babcd0ce6bf,yamap_2025-01-30_06_55.gpx,弥八山,261.15000000000003,244,17.15,0.79,3,2,0.24,false,true,medium,medium,low,low_priority,location_strong_match,四国中央市,,same_municipality,四国中央市,multiple_candidates_for_mountain|multiple_mountains_for_candidate|missing_csv_coordinate|activity_link_ambiguous,top_3_with_evidence,low_priority_alternative,"mountain=西の山(#367); candidate=summit-candidate:0cc40babcd0ce6bf; track=""弥八山""; score=0.69; name_tier=strong; ele_diff=17.15m; loc=strong_overlap; act_conf=high"
368,北山,summit-candidate:8cef52d6989a94db,yamap_2025-01-30_10_12.gpx,北山,237.66666666666666,241,3.33,0.85,1,2,0,false,true,medium,high,high,resolve_conflict,location_strong_match,四国中央市,,same_municipality,四国中央市,multiple_candidates_for_mountain|multiple_mountains_for_candidate|missing_csv_coordinate|activity_link_ambiguous,top_1_but_ambiguous|top_candidate_for_multiple_mountains,shared_candidate|not_mutual_top1,"mountain=北山(#368); candidate=summit-candidate:8cef52d6989a94db; track=""北山""; score=0.75; name_tier=strong; ele_diff=3.33m; loc=strong_overlap; act_conf=high"
368,北山,summit-candidate:a14a745323a3d3af,yamap_2025-01-30_08_48.gpx,西の山,250.30998537053583,241,9.31,0.85,2,2,0.06,false,true,medium,medium,high,check_close_alternatives,location_strong_match,四国中央市,,same_municipality,四国中央市,multiple_candidates_for_mountain|multiple_mountains_for_candidate|missing_csv_coordinate|activity_link_ambiguous,top_3_with_evidence,small_score_gap,"mountain=北山(#368); candidate=summit-candidate:a14a745323a3d3af; track=""西の山""; score=0.75; name_tier=strong; ele_diff=9.31m; loc=strong_overlap; act_conf=high"
368,北山,summit-candidate:0cc40babcd0ce6bf,yamap_2025-01-30_06_55.gpx,弥八山,261.15000000000003,241,20.15,0.79,3,3,0.24,false,true,medium,medium,low,low_priority,location_strong_match,四国中央市,,same_municipality,四国中央市,multiple_candidates_for_mountain|multiple_mountains_for_candidate|missing_csv_coordinate|activity_link_ambiguous,top_3_with_evidence,low_priority_alternative,"mountain=北山(#368); candidate=summit-candidate:0cc40babcd0ce6bf; track=""弥八山""; score=0.69; name_tier=strong; ele_diff=20.15m; loc=strong_overlap; act_conf=high"
369,垣生山,summit-candidate:6c20bef6dc4e973b,yamap_2025-01-30_12_21.gpx,垣生山,103.26298735700367,101,2.26,0.85,1,1,0.12,true,true,medium,medium,medium,accept_candidate_after_map_check,location_strong_match,新居浜市,,same_municipality,新居浜市,multiple_candidates_for_mountain|multiple_mountains_for_candidate|missing_csv_coordinate|activity_link_ambiguous,top_1_but_ambiguous|priority_reduced_strong_match_mutual_top1,clear_mutual_top1,"mountain=垣生山(#369); candidate=summit-candidate:6c20bef6dc4e973b; track=""垣生山""; score=0.75; name_tier=strong; ele_diff=2.26m; loc=strong_overlap; act_conf=high"
369,垣生山,summit-candidate:3c1e55e6cc05c0ad,yamap_2025-01-30_13_18.gpx,金子山,148.30058041636374,101,47.3,0.73,2,2,0.18,false,true,medium,medium,low,low_priority,location_strong_match,新居浜市,,same_municipality,新居浜市,multiple_candidates_for_mountain|multiple_mountains_for_candidate|missing_csv_coordinate|activity_link_ambiguous,top_3_with_evidence,low_priority_alternative,"mountain=垣生山(#369); candidate=summit-candidate:3c1e55e6cc05c0ad; track=""金子山""; score=0.63; name_tier=strong; ele_diff=47.3m; loc=strong_overlap; act_conf=high"
369,垣生山,summit-candidate:0cc40babcd0ce6bf,yamap_2025-01-30_06_55.gpx,弥八山,261.15000000000003,101,160.15,0.55,3,4,0,false,false,low,medium,high,check_location_warning,boundary_plausible,新居浜市,,adjacent_municipality,四国中央市,multiple_candidates_for_mountain|multiple_mountains_for_candidate|weak_elevation_evidence|missing_csv_coordinate|location_mismatch_warning|activity_link_ambiguous,top_3_with_evidence,boundary_plausible,"mountain=垣生山(#369); candidate=summit-candidate:0cc40babcd0ce6bf; track=""弥八山""; score=0.5; name_tier=strong; ele_diff=160.15m; loc=mismatch_warning; act_conf=high"
370,金子山,summit-candidate:3c1e55e6cc05c0ad,yamap_2025-01-30_13_18.gpx,金子山,148.30058041636374,146,2.3,0.85,1,1,0.12,true,true,medium,medium,medium,accept_candidate_after_map_check,location_strong_match,新居浜市,,same_municipality,新居浜市,multiple_candidates_for_mountain|multiple_mountains_for_candidate|missing_csv_coordinate|activity_link_ambiguous,top_1_but_ambiguous|priority_reduced_strong_match_mutual_top1,clear_mutual_top1,"mountain=金子山(#370); candidate=summit-candidate:3c1e55e6cc05c0ad; track=""金子山""; score=0.75; name_tier=strong; ele_diff=2.3m; loc=strong_overlap; act_conf=high"
370,金子山,summit-candidate:6c20bef6dc4e973b,yamap_2025-01-30_12_21.gpx,垣生山,103.26298735700367,146,42.74,0.73,2,2,0.18,false,true,medium,medium,low,low_priority,location_strong_match,新居浜市,,same_municipality,新居浜市,multiple_candidates_for_mountain|multiple_mountains_for_candidate|missing_csv_coordinate|activity_link_ambiguous,top_3_with_evidence,low_priority_alternative,"mountain=金子山(#370); candidate=summit-candidate:6c20bef6dc4e973b; track=""垣生山""; score=0.63; name_tier=strong; ele_diff=42.74m; loc=strong_overlap; act_conf=high"
370,金子山,summit-candidate:0cc40babcd0ce6bf,yamap_2025-01-30_06_55.gpx,弥八山,261.15000000000003,146,115.15,0.55,3,5,0,false,false,low,medium,high,check_location_warning,boundary_plausible,新居浜市,,adjacent_municipality,四国中央市,multiple_candidates_for_mountain|multiple_mountains_for_candidate|weak_elevation_evidence|missing_csv_coordinate|location_mismatch_warning|activity_link_ambiguous,top_3_with_evidence,boundary_plausible,"mountain=金子山(#370); candidate=summit-candidate:0cc40babcd0ce6bf; track=""弥八山""; score=0.5; name_tier=strong; ele_diff=115.15m; loc=mismatch_warning; act_conf=high"
371,八堂山,summit-candidate:bf9808bbf86d5d73,yamap_2025-01-30_14_42.gpx,八堂山,191.83333333333334,193,1.17,0.85,1,1,0.3,true,true,medium,medium,medium,accept_candidate_after_map_check,location_strong_match,西条市,,same_municipality,西条市,multiple_candidates_for_mountain|multiple_mountains_for_candidate|missing_csv_coordinate|activity_link_ambiguous,top_1_but_ambiguous|priority_reduced_strong_match_mutual_top1,clear_mutual_top1,"mountain=八堂山(#371); candidate=summit-candidate:bf9808bbf86d5d73; track=""八堂山""; score=0.75; name_tier=strong; ele_diff=1.17m; loc=strong_overlap; act_conf=high"
371,八堂山,summit-candidate:6c20bef6dc4e973b,yamap_2025-01-30_12_21.gpx,垣生山,103.26298735700367,193,89.74,0.55,2,7,0.04,false,false,low,medium,high,check_location_warning,boundary_plausible,西条市,,adjacent_municipality,新居浜市,multiple_candidates_for_mountain|multiple_mountains_for_candidate|weak_elevation_evidence|missing_csv_coordinate|location_mismatch_warning|activity_link_ambiguous,top_3_with_evidence,boundary_plausible,"mountain=八堂山(#371); candidate=summit-candidate:6c20bef6dc4e973b; track=""垣生山""; score=0.5; name_tier=strong; ele_diff=89.74m; loc=mismatch_warning; act_conf=high"
371,八堂山,summit-candidate:3c1e55e6cc05c0ad,yamap_2025-01-30_13_18.gpx,金子山,148.30058041636374,193,44.7,0.51,3,3,0.01,false,true,medium,low,high,check_location_warning,adjacent_but_deep_inside,西条市,,adjacent_municipality,新居浜市,multiple_candidates_for_mountain|multiple_mountains_for_candidate|missing_csv_coordinate|location_mismatch_warning|activity_link_ambiguous,adjacent_but_deep_inside,adjacent_but_deep_inside,"mountain=八堂山(#371); candidate=summit-candidate:3c1e55e6cc05c0ad; track=""金子山""; score=0.56; name_tier=strong; ele_diff=44.7m; loc=mismatch_warning; act_conf=high"
372,亀老山,summit-candidate:40260be41579ab8f,yamap_2022-01-28_12_28.gpx,尾ノ峰・新城山・腰折山・恵良山,299.12666666666667,301,1.87,0.33,1,16,0,false,false,low,high,high,resolve_conflict,missing_location_evidence,,,missing_mountain_municipality,松山市,multiple_candidates_for_mountain|multiple_mountains_for_candidate|weak_name_evidence|missing_csv_coordinate|location_mismatch_warning,top_1_but_ambiguous|top_candidate_for_multiple_mountains,shared_candidate|not_mutual_top1,"mountain=亀老山(#372); candidate=summit-candidate:40260be41579ab8f; track=""尾ノ峰・新城山・腰折山・恵良山""; score=0.33; name_tier=none; ele_diff=1.87m; loc=mismatch_warning; act_conf=high"
372,亀老山,summit-candidate:468c5bbccd8aba53,yamap_2024-01-27_13_31.gpx,宝股山,300.6033333333333,301,0.4,0.33,2,10,0,false,false,low,medium,high,check_close_alternatives,missing_location_evidence,,,missing_mountain_municipality,今治市,multiple_candidates_for_mountain|multiple_mountains_for_candidate|weak_name_evidence|missing_csv_coordinate|location_mismatch_warning|activity_link_ambiguous,top_3_with_evidence,small_score_gap,"mountain=亀老山(#372); candidate=summit-candidate:468c5bbccd8aba53; track=""宝股山""; score=0.33; name_tier=none; ele_diff=0.4m; loc=mismatch_warning; act_conf=high"
372,亀老山,summit-candidate:47129c06b82cf694,yamap_2023-01-21_12_43.gpx,石神山・金比羅山,295.1133333333334,301,5.89,0.33,3,28,0,false,false,low,high,high,resolve_conflict,missing_location_evidence,,,missing_mountain_municipality,伊方町,multiple_candidates_for_mountain|multiple_mountains_for_candidate|weak_name_evidence|missing_csv_coordinate|location_mismatch_warning|activity_link_ambiguous,top_candidate_for_multiple_mountains,shared_candidate,"mountain=亀老山(#372); candidate=summit-candidate:47129c06b82cf694; track=""石神山・金比羅山""; score=0.33; name_tier=none; ele_diff=5.89m; loc=mismatch_warning; act_conf=high"
373,カレイ山,summit-candidate:86e4db352b85ced4,yamap_2025-02-09_11_27.gpx,高取山,235.75333333333333,232,3.75,0.68,1,1,0.06,true,true,medium,high,medium,accept_candidate_after_map_check,missing_location_evidence,,,missing_mountain_municipality,今治市,multiple_candidates_for_mountain|multiple_mountains_for_candidate|missing_csv_coordinate|location_mismatch_warning|activity_link_ambiguous,top_1_but_ambiguous,clear_mutual_top1,"mountain=カレイ山(#373); candidate=summit-candidate:86e4db352b85ced4; track=""高取山""; score=0.68; name_tier=strong; ele_diff=3.75m; loc=mismatch_warning; act_conf=high"
373,カレイ山,summit-candidate:afc2e407c1d6b464,yamap_2025-02-09_09_27.gpx,大頭山,260.3866666666667,232,28.39,0.62,2,3,0,false,true,medium,high,high,resolve_conflict,missing_location_evidence,,,missing_mountain_municipality,今治市,multiple_candidates_for_mountain|multiple_mountains_for_candidate|missing_csv_coordinate|location_mismatch_warning|activity_link_ambiguous,top_candidate_for_multiple_mountains,shared_candidate,"mountain=カレイ山(#373); candidate=summit-candidate:afc2e407c1d6b464; track=""大頭山""; score=0.62; name_tier=strong; ele_diff=28.39m; loc=mismatch_warning; act_conf=high"
373,カレイ山,summit-candidate:b9ae103da9e3136b,yamap_2025-02-09_12_21.gpx,八幡山,211.73666666666668,232,20.26,0.62,3,2,0.12,false,true,medium,medium,low,low_priority,missing_location_evidence,,,missing_mountain_municipality,今治市,multiple_candidates_for_mountain|multiple_mountains_for_candidate|missing_csv_coordinate|location_mismatch_warning|activity_link_ambiguous,top_3_with_evidence,low_priority_alternative,"mountain=カレイ山(#373); candidate=summit-candidate:b9ae103da9e3136b; track=""八幡山""; score=0.62; name_tier=strong; ele_diff=20.26m; loc=mismatch_warning; act_conf=high"
374,念仏山,summit-candidate:110345ef4fb31191,yamap_2025-02-09_08_01.gpx,念仏山,374.65000000000003,381,6.35,0.68,1,1,0.18,true,true,medium,high,medium,accept_candidate_after_map_check,missing_location_evidence,,,missing_mountain_municipality,今治市,multiple_candidates_for_mountain|multiple_mountains_for_candidate|missing_csv_coordinate|location_mismatch_warning|activity_link_ambiguous,top_1_but_ambiguous,clear_mutual_top1,"mountain=念仏山(#374); candidate=summit-candidate:110345ef4fb31191; track=""念仏山""; score=0.68; name_tier=strong; ele_diff=6.35m; loc=mismatch_warning; act_conf=high"
374,念仏山,summit-candidate:86e4db352b85ced4,yamap_2025-02-09_11_27.gpx,高取山,235.75333333333333,381,145.25,0.5,2,6,0,false,false,low,medium,low,low_priority,missing_location_evidence,,,missing_mountain_municipality,今治市,multiple_candidates_for_mountain|multiple_mountains_for_candidate|weak_elevation_evidence|missing_csv_coordinate|location_mismatch_warning|activity_link_ambiguous,top_3_with_evidence,low_priority_alternative,"mountain=念仏山(#374); candidate=summit-candidate:86e4db352b85ced4; track=""高取山""; score=0.5; name_tier=strong; ele_diff=145.25m; loc=mismatch_warning; act_conf=high"
374,念仏山,summit-candidate:afc2e407c1d6b464,yamap_2025-02-09_09_27.gpx,大頭山,260.3866666666667,381,120.61,0.5,3,5,0,false,false,low,high,high,resolve_conflict,missing_location_evidence,,,missing_mountain_municipality,今治市,multiple_candidates_for_mountain|multiple_mountains_for_candidate|weak_elevation_evidence|missing_csv_coordinate|location_mismatch_warning|activity_link_ambiguous,top_candidate_for_multiple_mountains,shared_candidate,"mountain=念仏山(#374); candidate=summit-candidate:afc2e407c1d6b464; track=""大頭山""; score=0.5; name_tier=strong; ele_diff=120.61m; loc=mismatch_warning; act_conf=high"
375,大頭山,summit-candidate:afc2e407c1d6b464,yamap_2025-02-09_09_27.gpx,大頭山,260.3866666666667,264,3.61,0.68,1,1,0.06,true,true,medium,high,high,resolve_conflict,missing_location_evidence,,,missing_mountain_municipality,今治市,multiple_candidates_for_mountain|multiple_mountains_for_candidate|missing_csv_coordinate|location_mismatch_warning|activity_link_ambiguous,top_1_but_ambiguous|top_candidate_for_multiple_mountains,shared_candidate,"mountain=大頭山(#375); candidate=summit-candidate:afc2e407c1d6b464; track=""大頭山""; score=0.68; name_tier=strong; ele_diff=3.61m; loc=mismatch_warning; act_conf=high"
375,大頭山,summit-candidate:86e4db352b85ced4,yamap_2025-02-09_11_27.gpx,高取山,235.75333333333333,264,28.25,0.62,2,2,0.12,false,true,medium,medium,low,low_priority,missing_location_evidence,,,missing_mountain_municipality,今治市,multiple_candidates_for_mountain|multiple_mountains_for_candidate|missing_csv_coordinate|location_mismatch_warning|activity_link_ambiguous,top_3_with_evidence,low_priority_alternative,"mountain=大頭山(#375); candidate=summit-candidate:86e4db352b85ced4; track=""高取山""; score=0.62; name_tier=strong; ele_diff=28.25m; loc=mismatch_warning; act_conf=high"
375,大頭山,summit-candidate:110345ef4fb31191,yamap_2025-02-09_08_01.gpx,念仏山,374.65000000000003,264,110.65,0.5,3,3,0,false,true,low,medium,low,low_priority,missing_location_evidence,,,missing_mountain_municipality,今治市,multiple_candidates_for_mountain|multiple_mountains_for_candidate|weak_elevation_evidence|missing_csv_coordinate|location_mismatch_warning|activity_link_ambiguous,top_3_with_evidence,low_priority_alternative,"mountain=大頭山(#375); candidate=summit-candidate:110345ef4fb31191; track=""念仏山""; score=0.5; name_tier=strong; ele_diff=110.65m; loc=mismatch_warning; act_conf=high"
376,高取山,summit-candidate:afc2e407c1d6b464,yamap_2025-02-09_09_27.gpx,大頭山,260.3866666666667,252,8.39,0.68,1,2,0.06,false,true,medium,high,high,resolve_conflict,missing_location_evidence,,,missing_mountain_municipality,今治市,multiple_candidates_for_mountain|multiple_mountains_for_candidate|missing_csv_coordinate|location_mismatch_warning|activity_link_ambiguous,top_1_but_ambiguous|top_candidate_for_multiple_mountains,shared_candidate|not_mutual_top1,"mountain=高取山(#376); candidate=summit-candidate:afc2e407c1d6b464; track=""大頭山""; score=0.68; name_tier=strong; ele_diff=8.39m; loc=mismatch_warning; act_conf=high"
376,高取山,summit-candidate:86e4db352b85ced4,yamap_2025-02-09_11_27.gpx,高取山,235.75333333333333,252,16.25,0.62,2,3,0.06,false,true,medium,medium,low,low_priority,missing_location_evidence,,,missing_mountain_municipality,今治市,multiple_candidates_for_mountain|multiple_mountains_for_candidate|missing_csv_coordinate|location_mismatch_warning|activity_link_ambiguous,top_3_with_evidence,low_priority_alternative,"mountain=高取山(#376); candidate=summit-candidate:86e4db352b85ced4; track=""高取山""; score=0.62; name_tier=strong; ele_diff=16.25m; loc=mismatch_warning; act_conf=high"
376,高取山,summit-candidate:b9ae103da9e3136b,yamap_2025-02-09_12_21.gpx,八幡山,211.73666666666668,252,40.26,0.56,3,3,0.06,false,true,medium,medium,low,low_priority,missing_location_evidence,,,missing_mountain_municipality,今治市,multiple_candidates_for_mountain|multiple_mountains_for_candidate|missing_csv_coordinate|location_mismatch_warning|activity_link_ambiguous,top_3_with_evidence,low_priority_alternative,"mountain=高取山(#376); candidate=summit-candidate:b9ae103da9e3136b; track=""八幡山""; score=0.56; name_tier=strong; ele_diff=40.26m; loc=mismatch_warning; act_conf=high"
377,八幡山,summit-candidate:b9ae103da9e3136b,yamap_2025-02-09_12_21.gpx,八幡山,211.73666666666668,212,0.26,0.68,1,1,0.06,true,true,medium,high,medium,accept_candidate_after_map_check,missing_location_evidence,,,missing_mountain_municipality,今治市,multiple_candidates_for_mountain|multiple_mountains_for_candidate|missing_csv_coordinate|location_mismatch_warning|activity_link_ambiguous,top_1_but_ambiguous,clear_mutual_top1,"mountain=八幡山(#377); candidate=summit-candidate:b9ae103da9e3136b; track=""八幡山""; score=0.68; name_tier=strong; ele_diff=0.26m; loc=mismatch_warning; act_conf=high"
377,八幡山,summit-candidate:86e4db352b85ced4,yamap_2025-02-09_11_27.gpx,高取山,235.75333333333333,212,23.75,0.62,2,4,0.06,false,false,medium,medium,low,low_priority,missing_location_evidence,,,missing_mountain_municipality,今治市,multiple_candidates_for_mountain|multiple_mountains_for_candidate|missing_csv_coordinate|location_mismatch_warning|activity_link_ambiguous,top_3_with_evidence,low_priority_alternative,"mountain=八幡山(#377); candidate=summit-candidate:86e4db352b85ced4; track=""高取山""; score=0.62; name_tier=strong; ele_diff=23.75m; loc=mismatch_warning; act_conf=high"
377,八幡山,summit-candidate:afc2e407c1d6b464,yamap_2025-02-09_09_27.gpx,大頭山,260.3866666666667,212,48.39,0.56,3,4,0.06,false,false,medium,high,high,resolve_conflict,missing_location_evidence,,,missing_mountain_municipality,今治市,multiple_candidates_for_mountain|multiple_mountains_for_candidate|missing_csv_coordinate|location_mismatch_warning|activity_link_ambiguous,top_candidate_for_multiple_mountains,shared_candidate,"mountain=八幡山(#377); candidate=summit-candidate:afc2e407c1d6b464; track=""大頭山""; score=0.56; name_tier=strong; ele_diff=48.39m; loc=mismatch_warning; act_conf=high"
378,要害山,summit-candidate:0005c0040c7c7966,yamap_2025-02-11_08_43.gpx,要害山,92.21,107,14.79,0.79,1,1,0.12,true,true,medium,medium,medium,accept_candidate_after_map_check,location_strong_match,松山市,,same_municipality,松山市,multiple_candidates_for_mountain|multiple_mountains_for_candidate|missing_csv_coordinate|activity_link_ambiguous,top_1_but_ambiguous|priority_reduced_strong_match_mutual_top1,clear_mutual_top1,"mountain=要害山(#378); candidate=summit-candidate:0005c0040c7c7966; track=""要害山""; score=0.69; name_tier=strong; ele_diff=14.79m; loc=strong_overlap; act_conf=high"
378,要害山,summit-candidate:a0b87feaf88e526d,yamap_2025-02-11_09_46.gpx,高穴山,282.46000000000004,107,175.46,0.67,2,2,0.17,false,true,medium,medium,low,low_priority,location_strong_match,松山市,,same_municipality,松山市,multiple_candidates_for_mountain|multiple_mountains_for_candidate|weak_elevation_evidence|missing_csv_coordinate|activity_link_ambiguous,top_3_with_evidence,low_priority_alternative,"mountain=要害山(#378); candidate=summit-candidate:a0b87feaf88e526d; track=""高穴山""; score=0.57; name_tier=strong; ele_diff=175.46m; loc=strong_overlap; act_conf=high"
378,要害山,summit-candidate:2011a6c909945d6f,yamap_2026-04-12_11_03.gpx,権現山,102.87,107,4.13,0.5,3,7,0,false,false,low,high,high,resolve_conflict,location_strong_match,松山市,,same_municipality,松山市,multiple_candidates_for_mountain|multiple_mountains_for_candidate|weak_name_evidence|missing_csv_coordinate,top_candidate_for_multiple_mountains,shared_candidate,"mountain=要害山(#378); candidate=summit-candidate:2011a6c909945d6f; track=""権現山""; score=0.4; name_tier=none; ele_diff=4.13m; loc=strong_overlap; act_conf=high"
379,高穴山,summit-candidate:a0b87feaf88e526d,yamap_2025-02-11_09_46.gpx,高穴山,282.46000000000004,292,9.54,0.85,1,1,0.18,true,true,medium,medium,medium,accept_candidate_after_map_check,location_strong_match,松山市,,same_municipality,松山市,multiple_candidates_for_mountain|multiple_mountains_for_candidate|missing_csv_coordinate|activity_link_ambiguous,top_1_but_ambiguous|priority_reduced_strong_match_mutual_top1,clear_mutual_top1,"mountain=高穴山(#379); candidate=summit-candidate:a0b87feaf88e526d; track=""高穴山""; score=0.75; name_tier=strong; ele_diff=9.54m; loc=strong_overlap; act_conf=high"
379,高穴山,summit-candidate:0005c0040c7c7966,yamap_2025-02-11_08_43.gpx,要害山,92.21,292,199.79,0.67,2,2,0.17,false,true,medium,medium,low,low_priority,location_strong_match,松山市,,same_municipality,松山市,multiple_candidates_for_mountain|multiple_mountains_for_candidate|weak_elevation_evidence|missing_csv_coordinate|activity_link_ambiguous,top_3_with_evidence,low_priority_alternative,"mountain=高穴山(#379); candidate=summit-candidate:0005c0040c7c7966; track=""要害山""; score=0.57; name_tier=strong; ele_diff=199.79m; loc=strong_overlap; act_conf=high"
379,高穴山,summit-candidate:40260be41579ab8f,yamap_2022-01-28_12_28.gpx,尾ノ峰・新城山・腰折山・恵良山,299.12666666666667,292,7.13,0.5,3,7,0,false,false,low,high,high,resolve_conflict,location_strong_match,松山市,,same_municipality,松山市,multiple_candidates_for_mountain|multiple_mountains_for_candidate|weak_name_evidence|missing_csv_coordinate,top_candidate_for_multiple_mountains,shared_candidate,"mountain=高穴山(#379); candidate=summit-candidate:40260be41579ab8f; track=""尾ノ峰・新城山・腰折山・恵良山""; score=0.4; name_tier=none; ele_diff=7.13m; loc=strong_overlap; act_conf=high"
380,高仙山,summit-candidate:3807e62715de33f9,yamap_2025-02-11_13_28.gpx,高仙山,240.99666666666667,248,7,0.85,1,1,0.3,true,true,medium,medium,medium,accept_candidate_after_map_check,location_strong_match,今治市,,same_municipality,今治市,multiple_candidates_for_mountain|multiple_mountains_for_candidate|missing_csv_coordinate|activity_link_ambiguous,top_1_but_ambiguous|priority_reduced_strong_match_mutual_top1,clear_mutual_top1,"mountain=高仙山(#380); candidate=summit-candidate:3807e62715de33f9; track=""高仙山""; score=0.75; name_tier=strong; ele_diff=7m; loc=strong_overlap; act_conf=high"
380,高仙山,summit-candidate:0005c0040c7c7966,yamap_2025-02-11_08_43.gpx,要害山,92.21,248,155.79,0.55,2,3,0.04,false,true,low,medium,high,check_location_warning,boundary_plausible,今治市,,adjacent_municipality,松山市,multiple_candidates_for_mountain|multiple_mountains_for_candidate|weak_elevation_evidence|missing_csv_coordinate|location_mismatch_warning|activity_link_ambiguous,top_3_with_evidence,boundary_plausible,"mountain=高仙山(#380); candidate=summit-candidate:0005c0040c7c7966; track=""要害山""; score=0.5; name_tier=strong; ele_diff=155.79m; loc=mismatch_warning; act_conf=high"
380,高仙山,summit-candidate:a0b87feaf88e526d,yamap_2025-02-11_09_46.gpx,高穴山,282.46000000000004,248,34.46,0.51,3,3,0.01,false,true,medium,low,high,check_location_warning,adjacent_but_deep_inside,今治市,,adjacent_municipality,松山市,multiple_candidates_for_mountain|multiple_mountains_for_candidate|missing_csv_coordinate|location_mismatch_warning|activity_link_ambiguous,adjacent_but_deep_inside,adjacent_but_deep_inside,"mountain=高仙山(#380); candidate=summit-candidate:a0b87feaf88e526d; track=""高穴山""; score=0.56; name_tier=strong; ele_diff=34.46m; loc=mismatch_warning; act_conf=high"
381,霊仙山,summit-candidate:47b61397fb9c5d3f,yamap_2025-02-24_10_12.gpx,霊仙山,152.43333333333337,156,3.57,0.85,1,1,0.18,true,true,medium,medium,high,resolve_conflict,location_strong_match,今治市,,same_municipality,今治市,multiple_candidates_for_mountain|multiple_mountains_for_candidate|missing_csv_coordinate|activity_link_ambiguous,top_1_but_ambiguous|top_candidate_for_multiple_mountains|priority_reduced_strong_match_mutual_top1,shared_candidate,"mountain=霊仙山(#381); candidate=summit-candidate:47b61397fb9c5d3f; track=""霊仙山""; score=0.75; name_tier=strong; ele_diff=3.57m; loc=strong_overlap; act_conf=high"
381,霊仙山,summit-candidate:0f09bdcc25daff65,yamap_2025-02-24_07_30.gpx,無宗天山,311.96,156,155.96,0.67,2,2,0.17,false,true,medium,medium,low,low_priority,location_strong_match,今治市,,same_municipality,今治市,multiple_candidates_for_mountain|multiple_mountains_for_candidate|weak_elevation_evidence|missing_csv_coordinate|activity_link_ambiguous,top_3_with_evidence,low_priority_alternative,"mountain=霊仙山(#381); candidate=summit-candidate:0f09bdcc25daff65; track=""無宗天山""; score=0.57; name_tier=strong; ele_diff=155.96m; loc=strong_overlap; act_conf=high"
381,霊仙山,summit-candidate:a92a94d8b5e0fb90,yamap_2022-06-20_12_02.gpx,安神山・鷲ヶ頭山,156.04151443047127,156,0.04,0.5,3,5,0.06,false,false,low,medium,low,low_priority,location_strong_match,今治市,,same_municipality,今治市,multiple_candidates_for_mountain|multiple_mountains_for_candidate|weak_name_evidence|missing_csv_coordinate,top_3_with_evidence,low_priority_alternative,"mountain=霊仙山(#381); candidate=summit-candidate:a92a94d8b5e0fb90; track=""安神山・鷲ヶ頭山""; score=0.4; name_tier=none; ele_diff=0.04m; loc=strong_overlap; act_conf=high"
382,若いもん山,summit-candidate:47b61397fb9c5d3f,yamap_2025-02-24_10_12.gpx,霊仙山,152.43333333333337,127,25.43,0.79,1,2,0.12,false,true,medium,high,high,resolve_conflict,location_strong_match,今治市,,same_municipality,今治市,multiple_candidates_for_mountain|multiple_mountains_for_candidate|missing_csv_coordinate|activity_link_ambiguous,top_1_but_ambiguous|top_candidate_for_multiple_mountains,shared_candidate|not_mutual_top1,"mountain=若いもん山(#382); candidate=summit-candidate:47b61397fb9c5d3f; track=""霊仙山""; score=0.69; name_tier=strong; ele_diff=25.43m; loc=strong_overlap; act_conf=high"
382,若いもん山,summit-candidate:0f09bdcc25daff65,yamap_2025-02-24_07_30.gpx,無宗天山,311.96,127,184.96,0.67,2,3,0.17,false,true,medium,medium,low,low_priority,location_strong_match,今治市,,same_municipality,今治市,multiple_candidates_for_mountain|multiple_mountains_for_candidate|weak_elevation_evidence|missing_csv_coordinate|activity_link_ambiguous,top_3_with_evidence,low_priority_alternative,"mountain=若いもん山(#382); candidate=summit-candidate:0f09bdcc25daff65; track=""無宗天山""; score=0.57; name_tier=strong; ele_diff=184.96m; loc=strong_overlap; act_conf=high"
382,若いもん山,summit-candidate:101c1b0635c0bec0,yamap_2022-12-25_10_09.gpx,高山,131.66666666666666,127,4.67,0.5,3,11,0.06,false,false,low,high,high,resolve_conflict,location_strong_match,今治市,,same_municipality,今治市,multiple_candidates_for_mountain|multiple_mountains_for_candidate|weak_name_evidence|missing_csv_coordinate|activity_link_ambiguous,top_candidate_for_multiple_mountains,shared_candidate,"mountain=若いもん山(#382); candidate=summit-candidate:101c1b0635c0bec0; track=""高山""; score=0.4; name_tier=none; ele_diff=4.67m; loc=strong_overlap; act_conf=high"
383,無宗天山,summit-candidate:0f09bdcc25daff65,yamap_2025-02-24_07_30.gpx,無宗天山,311.96,313,1.04,0.85,1,1,0.18,true,true,medium,medium,medium,accept_candidate_after_map_check,location_strong_match,今治市,,same_municipality,今治市,multiple_candidates_for_mountain|multiple_mountains_for_candidate|missing_csv_coordinate|activity_link_ambiguous,top_1_but_ambiguous|priority_reduced_strong_match_mutual_top1,clear_mutual_top1,"mountain=無宗天山(#383); candidate=summit-candidate:0f09bdcc25daff65; track=""無宗天山""; score=0.75; name_tier=strong; ele_diff=1.04m; loc=strong_overlap; act_conf=high"
383,無宗天山,summit-candidate:47b61397fb9c5d3f,yamap_2025-02-24_10_12.gpx,霊仙山,152.43333333333337,313,160.57,0.67,2,3,0.23,false,true,medium,high,high,resolve_conflict,location_strong_match,今治市,,same_municipality,今治市,multiple_candidates_for_mountain|multiple_mountains_for_candidate|weak_elevation_evidence|missing_csv_coordinate|activity_link_ambiguous,top_candidate_for_multiple_mountains,shared_candidate,"mountain=無宗天山(#383); candidate=summit-candidate:47b61397fb9c5d3f; track=""霊仙山""; score=0.57; name_tier=strong; ele_diff=160.57m; loc=strong_overlap; act_conf=high"
383,無宗天山,summit-candidate:468c5bbccd8aba53,yamap_2024-01-27_13_31.gpx,宝股山,300.6033333333333,313,12.4,0.44,3,8,0,false,false,low,medium,low,low_priority,location_strong_match,今治市,,same_municipality,今治市,multiple_candidates_for_mountain|multiple_mountains_for_candidate|weak_name_evidence|missing_csv_coordinate|activity_link_ambiguous,top_3_with_evidence,low_priority_alternative,"mountain=無宗天山(#383); candidate=summit-candidate:468c5bbccd8aba53; track=""宝股山""; score=0.34; name_tier=none; ele_diff=12.4m; loc=strong_overlap; act_conf=high"
384,綱付山,summit-candidate:f19fd681c4c84753,yamap_2025-02-28_07_34.gpx,綱付山・幻城上城,516.7233333333334,519,2.28,0.85,1,1,0.12,true,true,medium,medium,medium,accept_candidate_after_map_check,location_strong_match,西条市,,same_municipality,西条市,multiple_candidates_for_mountain|multiple_mountains_for_candidate|missing_csv_coordinate|activity_link_ambiguous,top_1_but_ambiguous|priority_reduced_strong_match_mutual_top1,clear_mutual_top1,"mountain=綱付山(#384); candidate=summit-candidate:f19fd681c4c84753; track=""綱付山・幻城上城""; score=0.75; name_tier=strong; ele_diff=2.28m; loc=strong_overlap; act_conf=high"
384,綱付山,summit-candidate:e4f762179d85915d,yamap_2025-02-28_07_34.gpx,綱付山・幻城上城,477.85999999999996,519,41.14,0.73,2,2,0.06,false,true,medium,medium,low,low_priority,location_strong_match,西条市,,same_municipality,西条市,multiple_candidates_for_mountain|multiple_mountains_for_candidate|missing_csv_coordinate|activity_link_ambiguous,top_3_with_evidence,low_priority_alternative,"mountain=綱付山(#384); candidate=summit-candidate:e4f762179d85915d; track=""綱付山・幻城上城""; score=0.63; name_tier=strong; ele_diff=41.14m; loc=strong_overlap; act_conf=high"
384,綱付山,summit-candidate:2129bbc9c3950a91,yamap_2025-02-28_10_24.gpx,幻城下城,243.64333333333335,519,275.36,0.67,3,2,0.34,false,true,medium,medium,low,low_priority,location_strong_match,西条市,,same_municipality,西条市,multiple_candidates_for_mountain|multiple_mountains_for_candidate|weak_elevation_evidence|missing_csv_coordinate|activity_link_ambiguous,top_3_with_evidence,low_priority_alternative,"mountain=綱付山(#384); candidate=summit-candidate:2129bbc9c3950a91; track=""幻城下城""; score=0.57; name_tier=strong; ele_diff=275.36m; loc=strong_overlap; act_conf=high"
385,幻城上城,summit-candidate:e4f762179d85915d,yamap_2025-02-28_07_34.gpx,綱付山・幻城上城,477.85999999999996,479,1.14,0.85,1,1,0.12,true,true,medium,medium,medium,accept_candidate_after_map_check,location_strong_match,西条市,,same_municipality,西条市,multiple_candidates_for_mountain|multiple_mountains_for_candidate|missing_csv_coordinate|activity_link_ambiguous,top_1_but_ambiguous|priority_reduced_strong_match_mutual_top1,clear_mutual_top1,"mountain=幻城上城(#385); candidate=summit-candidate:e4f762179d85915d; track=""綱付山・幻城上城""; score=0.75; name_tier=strong; ele_diff=1.14m; loc=strong_overlap; act_conf=high"
385,幻城上城,summit-candidate:f19fd681c4c84753,yamap_2025-02-28_07_34.gpx,綱付山・幻城上城,516.7233333333334,479,37.72,0.73,2,2,0.06,false,true,medium,medium,low,low_priority,location_strong_match,西条市,,same_municipality,西条市,multiple_candidates_for_mountain|multiple_mountains_for_candidate|missing_csv_coordinate|activity_link_ambiguous,top_3_with_evidence,low_priority_alternative,"mountain=幻城上城(#385); candidate=summit-candidate:f19fd681c4c84753; track=""綱付山・幻城上城""; score=0.63; name_tier=strong; ele_diff=37.72m; loc=strong_overlap; act_conf=high"
385,幻城上城,summit-candidate:2129bbc9c3950a91,yamap_2025-02-28_10_24.gpx,幻城下城,243.64333333333335,479,235.36,0.67,3,3,0.34,false,true,medium,medium,low,low_priority,location_strong_match,西条市,,same_municipality,西条市,multiple_candidates_for_mountain|multiple_mountains_for_candidate|weak_elevation_evidence|missing_csv_coordinate|activity_link_ambiguous,top_3_with_evidence,low_priority_alternative,"mountain=幻城上城(#385); candidate=summit-candidate:2129bbc9c3950a91; track=""幻城下城""; score=0.57; name_tier=strong; ele_diff=235.36m; loc=strong_overlap; act_conf=high"
386,幻城下城,summit-candidate:2129bbc9c3950a91,yamap_2025-02-28_10_24.gpx,幻城下城,243.64333333333335,245,1.36,0.85,1,1,0.18,true,true,medium,medium,medium,accept_candidate_after_map_check,location_strong_match,西条市,,same_municipality,西条市,multiple_candidates_for_mountain|multiple_mountains_for_candidate|missing_csv_coordinate|activity_link_ambiguous,top_1_but_ambiguous|priority_reduced_strong_match_mutual_top1,clear_mutual_top1,"mountain=幻城下城(#386); candidate=summit-candidate:2129bbc9c3950a91; track=""幻城下城""; score=0.75; name_tier=strong; ele_diff=1.36m; loc=strong_overlap; act_conf=high"
386,幻城下城,summit-candidate:e4f762179d85915d,yamap_2025-02-28_07_34.gpx,綱付山・幻城上城,477.85999999999996,245,232.86,0.67,2,3,0,false,true,medium,medium,low,low_priority,location_strong_match,西条市,,same_municipality,西条市,multiple_candidates_for_mountain|multiple_mountains_for_candidate|weak_elevation_evidence|missing_csv_coordinate|activity_link_ambiguous,top_3_with_evidence,low_priority_alternative,"mountain=幻城下城(#386); candidate=summit-candidate:e4f762179d85915d; track=""綱付山・幻城上城""; score=0.57; name_tier=strong; ele_diff=232.86m; loc=strong_overlap; act_conf=high"
386,幻城下城,summit-candidate:f19fd681c4c84753,yamap_2025-02-28_07_34.gpx,綱付山・幻城上城,516.7233333333334,245,271.72,0.67,3,3,0.29,false,true,medium,medium,low,low_priority,location_strong_match,西条市,,same_municipality,西条市,multiple_candidates_for_mountain|multiple_mountains_for_candidate|weak_elevation_evidence|missing_csv_coordinate|activity_link_ambiguous,top_3_with_evidence,low_priority_alternative,"mountain=幻城下城(#386); candidate=summit-candidate:f19fd681c4c84753; track=""綱付山・幻城上城""; score=0.57; name_tier=strong; ele_diff=271.72m; loc=strong_overlap; act_conf=high"
387,階上山,summit-candidate:276fed5ecb7b3eb4,yamap_2025-03-02_13_17.gpx,階上山,893.9066666666668,898,4.09,0.85,1,1,0.52,true,true,medium,medium,medium,accept_candidate_after_map_check,location_strong_match,伊予市,,same_municipality,伊予市,multiple_candidates_for_mountain|multiple_mountains_for_candidate|missing_csv_coordinate,top_1_but_ambiguous|priority_reduced_strong_match_mutual_top1,clear_mutual_top1,"mountain=階上山(#387); candidate=summit-candidate:276fed5ecb7b3eb4; track=""階上山""; score=0.75; name_tier=strong; ele_diff=4.09m; loc=strong_overlap; act_conf=high"
387,階上山,summit-candidate:3111fcf6a23addd2,yamap_2022-08-27_06_05.gpx,北三方ヶ森,905.61,898,7.61,0.33,2,5,0,false,false,low,medium,low,low_priority,location_uncertain_keep,伊予市,,candidate_boundary_ambiguous,,multiple_candidates_for_mountain|multiple_mountains_for_candidate|weak_name_evidence|missing_csv_coordinate|location_mismatch_warning,top_3_with_evidence,low_priority_alternative,"mountain=階上山(#387); candidate=summit-candidate:3111fcf6a23addd2; track=""北三方ヶ森""; score=0.33; name_tier=none; ele_diff=7.61m; loc=mismatch_warning; act_conf=high"
387,階上山,summit-candidate:428f403ddcc5a31a,yamap_2026-02-22_07_32.gpx,高森山・町木山・寒台山・鎧掛山,904.780552530514,898,6.78,0.33,3,16,0,false,false,low,medium,low,low_priority,location_uncertain_keep,伊予市,,candidate_boundary_ambiguous,,multiple_candidates_for_mountain|multiple_mountains_for_candidate|weak_name_evidence|missing_csv_coordinate|location_mismatch_warning|activity_link_ambiguous,top_3_with_evidence,low_priority_alternative,"mountain=階上山(#387); candidate=summit-candidate:428f403ddcc5a31a; track=""高森山・町木山・寒台山・鎧掛山""; score=0.33; name_tier=none; ele_diff=6.78m; loc=mismatch_warning; act_conf=high"
388,姫政山,summit-candidate:d456af62868c5044,yamap_2025-03-10_08_18.gpx,姫政山,268.5833333333333,277,8.42,0.68,1,1,0.18,true,true,medium,high,medium,accept_candidate_after_map_check,missing_location_evidence,,,missing_mountain_municipality,今治市,multiple_candidates_for_mountain|multiple_mountains_for_candidate|missing_csv_coordinate|location_mismatch_warning|activity_link_ambiguous,top_1_but_ambiguous,clear_mutual_top1,"mountain=姫政山(#388); candidate=summit-candidate:d456af62868c5044; track=""姫政山""; score=0.68; name_tier=strong; ele_diff=8.42m; loc=mismatch_warning; act_conf=high"
388,姫政山,summit-candidate:6b836f5beefdd52c,yamap_2025-03-10_10_25.gpx,館山,218.65,277,58.35,0.5,2,2,0.17,false,true,low,medium,low,low_priority,missing_location_evidence,,,missing_mountain_municipality,今治市,multiple_candidates_for_mountain|multiple_mountains_for_candidate|weak_elevation_evidence|missing_csv_coordinate|location_mismatch_warning|activity_link_ambiguous,top_3_with_evidence,low_priority_alternative,"mountain=姫政山(#388); candidate=summit-candidate:6b836f5beefdd52c; track=""館山""; score=0.5; name_tier=strong; ele_diff=58.35m; loc=mismatch_warning; act_conf=high"
388,姫政山,summit-candidate:079ae30d76fb11c2,yamap_2022-03-13_09_49.gpx,倉谷山・芝ヶ峠・淡路ヶ峠・宝ヶ峯,280.85333333333335,277,3.85,0.33,3,12,0,false,false,low,high,high,resolve_conflict,missing_location_evidence,,,missing_mountain_municipality,松山市,multiple_candidates_for_mountain|multiple_mountains_for_candidate|weak_name_evidence|missing_csv_coordinate|location_mismatch_warning,top_candidate_for_multiple_mountains,shared_candidate,"mountain=姫政山(#388); candidate=summit-candidate:079ae30d76fb11c2; track=""倉谷山・芝ヶ峠・淡路ヶ峠・宝ヶ峯""; score=0.33; name_tier=none; ele_diff=3.85m; loc=mismatch_warning; act_conf=high"
389,館山,summit-candidate:6b836f5beefdd52c,yamap_2025-03-10_10_25.gpx,館山,218.65,230,11.35,0.62,1,1,0.06,true,true,medium,high,medium,accept_candidate_after_map_check,missing_location_evidence,,,missing_mountain_municipality,今治市,multiple_candidates_for_mountain|multiple_mountains_for_candidate|missing_csv_coordinate|location_mismatch_warning|activity_link_ambiguous,top_1_but_ambiguous,clear_mutual_top1,"mountain=館山(#389); candidate=summit-candidate:6b836f5beefdd52c; track=""館山""; score=0.62; name_tier=strong; ele_diff=11.35m; loc=mismatch_warning; act_conf=high"
389,館山,summit-candidate:d456af62868c5044,yamap_2025-03-10_08_18.gpx,姫政山,268.5833333333333,230,38.58,0.56,2,2,0.23,false,true,medium,medium,low,low_priority,missing_location_evidence,,,missing_mountain_municipality,今治市,multiple_candidates_for_mountain|multiple_mountains_for_candidate|missing_csv_coordinate|location_mismatch_warning|activity_link_ambiguous,top_3_with_evidence,low_priority_alternative,"mountain=館山(#389); candidate=summit-candidate:d456af62868c5044; track=""姫政山""; score=0.56; name_tier=strong; ele_diff=38.58m; loc=mismatch_warning; act_conf=high"
389,館山,summit-candidate:3a1a951de82d4254,yamap_2022-09-21_13_09.gpx,高文殊山,227.89170104701893,230,2.11,0.33,3,5,0,false,false,low,medium,low,low_priority,missing_location_evidence,,,missing_mountain_municipality,四国中央市,multiple_candidates_for_mountain|multiple_mountains_for_candidate|weak_name_evidence|missing_csv_coordinate|location_mismatch_warning,top_3_with_evidence,low_priority_alternative,"mountain=館山(#389); candidate=summit-candidate:3a1a951de82d4254; track=""高文殊山""; score=0.33; name_tier=none; ele_diff=2.11m; loc=mismatch_warning; act_conf=high"
390,高森山,summit-candidate:682d61b87016166b,yamap_2025-03-17_13_17.gpx,高森山,307.18333333333334,309,1.82,0.85,1,1,0.17,true,true,medium,medium,medium,accept_candidate_after_map_check,location_strong_match,内子町,,same_municipality,内子町,multiple_candidates_for_mountain|multiple_mountains_for_candidate|missing_csv_coordinate|activity_link_ambiguous,top_1_but_ambiguous|priority_reduced_strong_match_mutual_top1,clear_mutual_top1,"mountain=高森山(#390); candidate=summit-candidate:682d61b87016166b; track=""高森山""; score=0.75; name_tier=strong; ele_diff=1.82m; loc=strong_overlap; act_conf=high"
390,高森山,summit-candidate:d03c84134ca0989d,yamap_2022-01-22_09_04.gpx,高森山・岩伽羅山・衣掛山・吉山(吉山城址),306.31,309,2.69,0.68,2,2,0.01,false,true,medium,high,high,resolve_conflict,location_uncertain_keep,内子町,,non_adjacent_municipality,東温市,multiple_candidates_for_mountain|multiple_mountains_for_candidate|missing_csv_coordinate|location_mismatch_warning,top_candidate_for_multiple_mountains,shared_candidate,"mountain=高森山(#390); candidate=summit-candidate:d03c84134ca0989d; track=""高森山・岩伽羅山・衣掛山・吉山(吉山城址)""; score=0.68; name_tier=strong; ele_diff=2.69m; loc=mismatch_warning; act_conf=high"
390,高森山,summit-candidate:230b9847a05c8052,yamap_2025-03-17_14_08.gpx,大登山,362.42333333333335,309,53.42,0.67,3,2,0.1,false,true,medium,medium,low,low_priority,location_strong_match,内子町,,same_municipality,内子町,multiple_candidates_for_mountain|multiple_mountains_for_candidate|weak_elevation_evidence|missing_csv_coordinate|activity_link_ambiguous,top_3_with_evidence,low_priority_alternative,"mountain=高森山(#390); candidate=summit-candidate:230b9847a05c8052; track=""大登山""; score=0.57; name_tier=strong; ele_diff=53.42m; loc=strong_overlap; act_conf=high"
391,大登山,summit-candidate:230b9847a05c8052,yamap_2025-03-17_14_08.gpx,大登山,362.42333333333335,364,1.58,0.85,1,1,0.18,true,true,medium,medium,medium,accept_candidate_after_map_check,location_strong_match,内子町,,same_municipality,内子町,multiple_candidates_for_mountain|multiple_mountains_for_candidate|missing_csv_coordinate|activity_link_ambiguous,top_1_but_ambiguous|priority_reduced_strong_match_mutual_top1,clear_mutual_top1,"mountain=大登山(#391); candidate=summit-candidate:230b9847a05c8052; track=""大登山""; score=0.75; name_tier=strong; ele_diff=1.58m; loc=strong_overlap; act_conf=high"
391,大登山,summit-candidate:682d61b87016166b,yamap_2025-03-17_13_17.gpx,高森山,307.18333333333334,364,56.82,0.67,2,2,0.17,false,true,medium,medium,low,low_priority,location_strong_match,内子町,,same_municipality,内子町,multiple_candidates_for_mountain|multiple_mountains_for_candidate|weak_elevation_evidence|missing_csv_coordinate|activity_link_ambiguous,top_3_with_evidence,low_priority_alternative,"mountain=大登山(#391); candidate=summit-candidate:682d61b87016166b; track=""高森山""; score=0.57; name_tier=strong; ele_diff=56.82m; loc=strong_overlap; act_conf=high"
391,大登山,summit-candidate:c6ea08c2953b4cb8,yamap_2026-03-04_09_46.gpx,愛宕山,369.3233333333333,364,5.32,0.5,3,3,0.17,false,true,low,medium,low,low_priority,location_strong_match,内子町,,same_municipality,内子町,multiple_candidates_for_mountain|multiple_mountains_for_candidate|weak_name_evidence|missing_csv_coordinate|activity_link_ambiguous,top_3_with_evidence,low_priority_alternative,"mountain=大登山(#391); candidate=summit-candidate:c6ea08c2953b4cb8; track=""愛宕山""; score=0.4; name_tier=none; ele_diff=5.32m; loc=strong_overlap; act_conf=high"
392,高山,summit-candidate:101c1b0635c0bec0,yamap_2022-12-25_10_09.gpx,高山,131.66666666666666,149,17.33,0.62,1,7,0,false,false,medium,high,high,resolve_conflict,missing_location_evidence,,,missing_mountain_municipality,今治市,multiple_candidates_for_mountain|multiple_mountains_for_candidate|missing_csv_coordinate|location_mismatch_warning|activity_link_ambiguous,top_1_but_ambiguous|top_candidate_for_multiple_mountains,shared_candidate|not_mutual_top1,"mountain=高山(#392); candidate=summit-candidate:101c1b0635c0bec0; track=""高山""; score=0.62; name_tier=strong; ele_diff=17.33m; loc=mismatch_warning; act_conf=high"
392,高山,summit-candidate:8ff6361109e5ed5c,yamap_2025-03-20_08_27.gpx,高山・大里山・泰ノ山,121.16666666666667,149,27.83,0.62,2,3,0.06,false,true,medium,medium,high,check_close_alternatives,missing_location_evidence,,,missing_mountain_municipality,松山市,multiple_candidates_for_mountain|multiple_mountains_for_candidate|missing_csv_coordinate|location_mismatch_warning,top_3_with_evidence,small_score_gap,"mountain=高山(#392); candidate=summit-candidate:8ff6361109e5ed5c; track=""高山・大里山・泰ノ山""; score=0.62; name_tier=strong; ele_diff=27.83m; loc=mismatch_warning; act_conf=high"
392,高山,summit-candidate:71f4bbfe52f75585,yamap_2022-12-25_12_44.gpx,唐子山,108.91779584922217,149,40.08,0.56,3,8,0,false,false,medium,medium,low,low_priority,missing_location_evidence,,,missing_mountain_municipality,今治市,multiple_candidates_for_mountain|multiple_mountains_for_candidate|missing_csv_coordinate|location_mismatch_warning|activity_link_ambiguous,top_3_with_evidence,low_priority_alternative,"mountain=高山(#392); candidate=summit-candidate:71f4bbfe52f75585; track=""唐子山""; score=0.56; name_tier=strong; ele_diff=40.08m; loc=mismatch_warning; act_conf=high"
393,泰ノ山,summit-candidate:98457196a66e294d,yamap_2025-03-20_08_27.gpx,高山・大里山・泰ノ山,282.75666666666666,289,6.24,0.68,1,1,0,true,true,medium,high,medium,accept_candidate_after_map_check,missing_location_evidence,,,missing_mountain_municipality,松山市,multiple_candidates_for_mountain|multiple_mountains_for_candidate|missing_csv_coordinate|location_mismatch_warning,top_1_but_ambiguous,clear_mutual_top1,"mountain=泰ノ山(#393); candidate=summit-candidate:98457196a66e294d; track=""高山・大里山・泰ノ山""; score=0.68; name_tier=strong; ele_diff=6.24m; loc=mismatch_warning; act_conf=high"
393,泰ノ山,summit-candidate:fe8f624bdaa57afd,yamap_2025-03-20_08_27.gpx,高山・大里山・泰ノ山,288.9433333333333,289,0.06,0.68,2,1,0.18,false,true,medium,medium,high,check_close_alternatives,missing_location_evidence,,,missing_mountain_municipality,松山市,multiple_candidates_for_mountain|multiple_mountains_for_candidate|missing_csv_coordinate|location_mismatch_warning,top_3_with_evidence,small_score_gap,"mountain=泰ノ山(#393); candidate=summit-candidate:fe8f624bdaa57afd; track=""高山・大里山・泰ノ山""; score=0.68; name_tier=strong; ele_diff=0.06m; loc=mismatch_warning; act_conf=high"
393,泰ノ山,summit-candidate:8ff6361109e5ed5c,yamap_2025-03-20_08_27.gpx,高山・大里山・泰ノ山,121.16666666666667,289,167.83,0.5,3,11,0,false,false,low,medium,low,low_priority,missing_location_evidence,,,missing_mountain_municipality,松山市,multiple_candidates_for_mountain|multiple_mountains_for_candidate|weak_elevation_evidence|missing_csv_coordinate|location_mismatch_warning,top_3_with_evidence,low_priority_alternative,"mountain=泰ノ山(#393); candidate=summit-candidate:8ff6361109e5ed5c; track=""高山・大里山・泰ノ山""; score=0.5; name_tier=strong; ele_diff=167.83m; loc=mismatch_warning; act_conf=high"
394,大里山,summit-candidate:fe8f624bdaa57afd,yamap_2025-03-20_08_27.gpx,高山・大里山・泰ノ山,288.9433333333333,296,7.06,0.68,1,2,0.06,false,true,medium,high,high,resolve_conflict,missing_location_evidence,,,missing_mountain_municipality,松山市,multiple_candidates_for_mountain|multiple_mountains_for_candidate|missing_csv_coordinate|location_mismatch_warning,top_1_but_ambiguous,not_mutual_top1,"mountain=大里山(#394); candidate=summit-candidate:fe8f624bdaa57afd; track=""高山・大里山・泰ノ山""; score=0.68; name_tier=strong; ele_diff=7.06m; loc=mismatch_warning; act_conf=high"
394,大里山,summit-candidate:98457196a66e294d,yamap_2025-03-20_08_27.gpx,高山・大里山・泰ノ山,282.75666666666666,296,13.24,0.62,2,3,0.12,false,true,medium,medium,low,low_priority,missing_location_evidence,,,missing_mountain_municipality,松山市,multiple_candidates_for_mountain|multiple_mountains_for_candidate|missing_csv_coordinate|location_mismatch_warning,top_3_with_evidence,low_priority_alternative,"mountain=大里山(#394); candidate=summit-candidate:98457196a66e294d; track=""高山・大里山・泰ノ山""; score=0.62; name_tier=strong; ele_diff=13.24m; loc=mismatch_warning; act_conf=high"
394,大里山,summit-candidate:8ff6361109e5ed5c,yamap_2025-03-20_08_27.gpx,高山・大里山・泰ノ山,121.16666666666667,296,174.83,0.5,3,12,0,false,false,low,medium,low,low_priority,missing_location_evidence,,,missing_mountain_municipality,松山市,multiple_candidates_for_mountain|multiple_mountains_for_candidate|weak_elevation_evidence|missing_csv_coordinate|location_mismatch_warning,top_3_with_evidence,low_priority_alternative,"mountain=大里山(#394); candidate=summit-candidate:8ff6361109e5ed5c; track=""高山・大里山・泰ノ山""; score=0.5; name_tier=strong; ele_diff=174.83m; loc=mismatch_warning; act_conf=high"
395,北ヶ森,summit-candidate:dedadc05e5f6d5d5,yamap_2025-03-23_11_12.gpx,北ヶ森・高土の峰,1008.4066666666666,1010,1.59,0.75,1,1,0.42,true,true,medium,high,high,resolve_conflict,location_uncertain_keep,久万高原町,,candidate_boundary_ambiguous,,multiple_candidates_for_mountain|multiple_mountains_for_candidate|missing_csv_coordinate,top_1_but_ambiguous|top_candidate_for_multiple_mountains,shared_candidate,"mountain=北ヶ森(#395); candidate=summit-candidate:dedadc05e5f6d5d5; track=""北ヶ森・高土の峰""; score=0.75; name_tier=strong; ele_diff=1.59m; loc=strong_overlap; act_conf=high"
395,北ヶ森,summit-candidate:0d5802be6f4a6c6e,yamap_2026-03-01_06_45.gpx,剣ノ山・三傍示山・塩塚峰,1012.1166666666668,1010,2.12,0.33,2,10,0,false,false,low,medium,low,low_priority,location_uncertain_keep,久万高原町,,non_adjacent_municipality,四国中央市,multiple_candidates_for_mountain|multiple_mountains_for_candidate|weak_name_evidence|missing_csv_coordinate|location_mismatch_warning,top_3_with_evidence,low_priority_alternative,"mountain=北ヶ森(#395); candidate=summit-candidate:0d5802be6f4a6c6e; track=""剣ノ山・三傍示山・塩塚峰""; score=0.33; name_tier=none; ele_diff=2.12m; loc=mismatch_warning; act_conf=high"
395,北ヶ森,summit-candidate:3853fbbba7330ec4,yamap_2024-02-24_07_06.gpx,高月山・東高月山・郭公岳・櫨ヶ森・毛山,1010,1010,0,0.33,3,11,0,false,false,low,medium,low,low_priority,location_uncertain_keep,久万高原町,,candidate_boundary_ambiguous,,multiple_candidates_for_mountain|multiple_mountains_for_candidate|weak_name_evidence|missing_csv_coordinate|location_mismatch_warning,top_3_with_evidence,low_priority_alternative,"mountain=北ヶ森(#395); candidate=summit-candidate:3853fbbba7330ec4; track=""高月山・東高月山・郭公岳・櫨ヶ森・毛山""; score=0.33; name_tier=none; ele_diff=0m; loc=mismatch_warning; act_conf=high"
396,高土の峰,summit-candidate:dedadc05e5f6d5d5,yamap_2025-03-23_11_12.gpx,北ヶ森・高土の峰,1008.4066666666666,794,214.41,0.5,1,2,0.06,false,true,low,high,high,resolve_conflict,location_uncertain_keep,砥部町,,candidate_boundary_ambiguous,,multiple_candidates_for_mountain|multiple_mountains_for_candidate|weak_elevation_evidence|missing_csv_coordinate|location_mismatch_warning,top_1_but_ambiguous|top_candidate_for_multiple_mountains,shared_candidate|not_mutual_top1,"mountain=高土の峰(#396); candidate=summit-candidate:dedadc05e5f6d5d5; track=""北ヶ森・高土の峰""; score=0.5; name_tier=strong; ele_diff=214.41m; loc=mismatch_warning; act_conf=high"
396,高土の峰,summit-candidate:94e39d837730a5c7,yamap_2025-04-04_06_19.gpx,コクゾ峰,822.6366666666667,794,28.64,0.44,2,2,0.11,false,true,low,medium,low,low_priority,location_strong_match,砥部町,,same_municipality,砥部町,multiple_candidates_for_mountain|multiple_mountains_for_candidate|weak_name_evidence|missing_csv_coordinate,top_3_with_evidence,low_priority_alternative,"mountain=高土の峰(#396); candidate=summit-candidate:94e39d837730a5c7; track=""コクゾ峰""; score=0.34; name_tier=none; ele_diff=28.64m; loc=strong_overlap; act_conf=high"
396,高土の峰,summit-candidate:37c3a34c16599379,yamap_2025-01-26_07_09.gpx,天が森・浄心山・銅が鳴,791.270282533162,794,2.73,0.33,3,10,0,false,false,low,medium,low,low_priority,location_uncertain_keep,砥部町,,candidate_boundary_ambiguous,,multiple_candidates_for_mountain|multiple_mountains_for_candidate|weak_name_evidence|missing_csv_coordinate|location_mismatch_warning,top_3_with_evidence,low_priority_alternative,"mountain=高土の峰(#396); candidate=summit-candidate:37c3a34c16599379; track=""天が森・浄心山・銅が鳴""; score=0.33; name_tier=none; ele_diff=2.73m; loc=mismatch_warning; act_conf=high"
397,竜王山,summit-candidate:62d2811f5d1a9f29,yamap_2025-03-30_07_01.gpx,竜王山,459.07666666666665,460,0.92,0.68,1,2,0.01,false,true,medium,high,high,resolve_conflict,location_uncertain_keep,西予市,,candidate_boundary_ambiguous,,multiple_candidates_for_mountain|multiple_mountains_for_candidate|missing_csv_coordinate|location_mismatch_warning|activity_link_ambiguous,top_1_but_ambiguous|top_candidate_for_multiple_mountains,shared_candidate|not_mutual_top1,"mountain=竜王山(#397); candidate=summit-candidate:62d2811f5d1a9f29; track=""竜王山""; score=0.68; name_tier=strong; ele_diff=0.92m; loc=mismatch_warning; act_conf=high"
397,竜王山,summit-candidate:5f3f2f47d84464c4,yamap_2025-03-30_09_12.gpx,一ヶ森,605.2468947172716,460,145.25,0.67,2,3,0,false,true,medium,high,high,resolve_conflict,location_strong_match,西予市,,same_municipality,西予市,multiple_candidates_for_mountain|multiple_mountains_for_candidate|weak_elevation_evidence|missing_csv_coordinate|activity_link_ambiguous,top_candidate_for_multiple_mountains,shared_candidate,"mountain=竜王山(#397); candidate=summit-candidate:5f3f2f47d84464c4; track=""一ヶ森""; score=0.57; name_tier=strong; ele_diff=145.25m; loc=strong_overlap; act_conf=high"
397,竜王山,summit-candidate:b02ff952b74ca472,yamap_2025-03-30_08_20.gpx,岳山,622.8707379152734,460,162.87,0.67,3,1,0.17,false,true,medium,medium,high,check_close_alternatives,location_strong_match,西予市,,same_municipality,西予市,multiple_candidates_for_mountain|multiple_mountains_for_candidate|weak_elevation_evidence|missing_csv_coordinate|activity_link_ambiguous,top_3_with_evidence,small_score_gap,"mountain=竜王山(#397); candidate=summit-candidate:b02ff952b74ca472; track=""岳山""; score=0.57; name_tier=strong; ele_diff=162.87m; loc=strong_overlap; act_conf=high"
398,岳山,summit-candidate:5f3f2f47d84464c4,yamap_2025-03-30_09_12.gpx,一ヶ森,605.2468947172716,606,0.75,0.73,1,1,0.06,true,true,medium,high,high,resolve_conflict,boundary_plausible,大洲市,,adjacent_municipality,西予市,multiple_candidates_for_mountain|multiple_mountains_for_candidate|missing_csv_coordinate|location_mismatch_warning|activity_link_ambiguous,top_1_but_ambiguous|top_candidate_for_multiple_mountains,shared_candidate,"mountain=岳山(#398); candidate=summit-candidate:5f3f2f47d84464c4; track=""一ヶ森""; score=0.68; name_tier=strong; ele_diff=0.75m; loc=mismatch_warning; act_conf=high"
398,岳山,summit-candidate:b02ff952b74ca472,yamap_2025-03-30_08_20.gpx,岳山,622.8707379152734,606,16.87,0.67,2,2,0.04,false,true,medium,medium,high,check_location_warning,boundary_plausible,大洲市,,adjacent_municipality,西予市,multiple_candidates_for_mountain|multiple_mountains_for_candidate|missing_csv_coordinate|location_mismatch_warning|activity_link_ambiguous,top_3_with_evidence,boundary_plausible,"mountain=岳山(#398); candidate=summit-candidate:b02ff952b74ca472; track=""岳山""; score=0.62; name_tier=strong; ele_diff=16.87m; loc=mismatch_warning; act_conf=high"
398,岳山,summit-candidate:13aa9354da4eb6d6,yamap_2025-03-30_12_56.gpx,京の森・大迫山,572.4394591518229,606,33.56,0.63,3,4,0.06,false,false,medium,high,high,resolve_conflict,location_uncertain_keep,大洲市,,candidate_boundary_ambiguous,,multiple_candidates_for_mountain|multiple_mountains_for_candidate|missing_csv_coordinate|activity_link_ambiguous,top_candidate_for_multiple_mountains,shared_candidate,"mountain=岳山(#398); candidate=summit-candidate:13aa9354da4eb6d6; track=""京の森・大迫山""; score=0.63; name_tier=strong; ele_diff=33.56m; loc=strong_overlap; act_conf=high"
399,一ヶ森,summit-candidate:5f3f2f47d84464c4,yamap_2025-03-30_09_12.gpx,一ヶ森,605.2468947172716,597,8.25,0.73,1,2,0.04,false,true,medium,high,high,resolve_conflict,boundary_plausible,大洲市,,adjacent_municipality,西予市,multiple_candidates_for_mountain|multiple_mountains_for_candidate|missing_csv_coordinate|location_mismatch_warning|activity_link_ambiguous,top_1_but_ambiguous|top_candidate_for_multiple_mountains,shared_candidate|not_mutual_top1,"mountain=一ヶ森(#399); candidate=summit-candidate:5f3f2f47d84464c4; track=""一ヶ森""; score=0.68; name_tier=strong; ele_diff=8.25m; loc=mismatch_warning; act_conf=high"
399,一ヶ森,summit-candidate:13aa9354da4eb6d6,yamap_2025-03-30_12_56.gpx,京の森・大迫山,572.4394591518229,597,24.56,0.69,2,1,0.02,false,true,medium,high,high,resolve_conflict,location_uncertain_keep,大洲市,,candidate_boundary_ambiguous,,multiple_candidates_for_mountain|multiple_mountains_for_candidate|missing_csv_coordinate|activity_link_ambiguous,top_candidate_for_multiple_mountains,shared_candidate,"mountain=一ヶ森(#399); candidate=summit-candidate:13aa9354da4eb6d6; track=""京の森・大迫山""; score=0.69; name_tier=strong; ele_diff=24.56m; loc=strong_overlap; act_conf=high"
399,一ヶ森,summit-candidate:b02ff952b74ca472,yamap_2025-03-30_08_20.gpx,岳山,622.8707379152734,597,25.87,0.67,3,3,0.1,false,true,medium,medium,high,check_location_warning,boundary_plausible,大洲市,,adjacent_municipality,西予市,multiple_candidates_for_mountain|multiple_mountains_for_candidate|missing_csv_coordinate|location_mismatch_warning|activity_link_ambiguous,top_3_with_evidence,boundary_plausible,"mountain=一ヶ森(#399); candidate=summit-candidate:b02ff952b74ca472; track=""岳山""; score=0.62; name_tier=strong; ele_diff=25.87m; loc=mismatch_warning; act_conf=high"
400,愛の森,summit-candidate:62d2811f5d1a9f29,yamap_2025-03-30_07_01.gpx,竜王山,459.07666666666665,466,6.92,0.75,1,1,0.18,true,true,medium,high,high,resolve_conflict,location_uncertain_keep,大洲市,,candidate_boundary_ambiguous,,multiple_candidates_for_mountain|multiple_mountains_for_candidate|missing_csv_coordinate|activity_link_ambiguous,top_1_but_ambiguous|top_candidate_for_multiple_mountains,shared_candidate,"mountain=愛の森(#400); candidate=summit-candidate:62d2811f5d1a9f29; track=""竜王山""; score=0.75; name_tier=strong; ele_diff=6.92m; loc=strong_overlap; act_conf=high"
400,愛の森,summit-candidate:13aa9354da4eb6d6,yamap_2025-03-30_12_56.gpx,京の森・大迫山,572.4394591518229,466,106.44,0.57,2,5,0.02,false,false,medium,high,high,resolve_conflict,location_uncertain_keep,大洲市,,candidate_boundary_ambiguous,,multiple_candidates_for_mountain|multiple_mountains_for_candidate|weak_elevation_evidence|missing_csv_coordinate|activity_link_ambiguous,top_candidate_for_multiple_mountains,shared_candidate,"mountain=愛の森(#400); candidate=summit-candidate:13aa9354da4eb6d6; track=""京の森・大迫山""; score=0.57; name_tier=strong; ele_diff=106.44m; loc=strong_overlap; act_conf=high"
400,愛の森,summit-candidate:5f3f2f47d84464c4,yamap_2025-03-30_09_12.gpx,一ヶ森,605.2468947172716,466,139.25,0.55,3,5,0,false,false,low,high,high,resolve_conflict,boundary_plausible,大洲市,,adjacent_municipality,西予市,multiple_candidates_for_mountain|multiple_mountains_for_candidate|weak_elevation_evidence|missing_csv_coordinate|location_mismatch_warning|activity_link_ambiguous,top_candidate_for_multiple_mountains,shared_candidate,"mountain=愛の森(#400); candidate=summit-candidate:5f3f2f47d84464c4; track=""一ヶ森""; score=0.5; name_tier=strong; ele_diff=139.25m; loc=mismatch_warning; act_conf=high"
401,京の森,summit-candidate:13aa9354da4eb6d6,yamap_2025-03-30_12_56.gpx,京の森・大迫山,572.4394591518229,545,27.44,0.69,1,2,0.12,false,true,medium,high,high,resolve_conflict,location_uncertain_keep,大洲市,,candidate_boundary_ambiguous,,multiple_candidates_for_mountain|multiple_mountains_for_candidate|missing_csv_coordinate|activity_link_ambiguous,top_1_but_ambiguous|top_candidate_for_multiple_mountains,shared_candidate|not_mutual_top1,"mountain=京の森(#401); candidate=summit-candidate:13aa9354da4eb6d6; track=""京の森・大迫山""; score=0.69; name_tier=strong; ele_diff=27.44m; loc=strong_overlap; act_conf=high"
401,京の森,summit-candidate:62d2811f5d1a9f29,yamap_2025-03-30_07_01.gpx,竜王山,459.07666666666665,545,85.92,0.57,2,5,0.02,false,false,medium,high,high,resolve_conflict,location_uncertain_keep,大洲市,,candidate_boundary_ambiguous,,multiple_candidates_for_mountain|multiple_mountains_for_candidate|weak_elevation_evidence|missing_csv_coordinate|activity_link_ambiguous,top_candidate_for_multiple_mountains,shared_candidate,"mountain=京の森(#401); candidate=summit-candidate:62d2811f5d1a9f29; track=""竜王山""; score=0.57; name_tier=strong; ele_diff=85.92m; loc=strong_overlap; act_conf=high"
401,京の森,summit-candidate:5f3f2f47d84464c4,yamap_2025-03-30_09_12.gpx,一ヶ森,605.2468947172716,545,60.25,0.55,3,6,0,false,false,low,high,high,resolve_conflict,boundary_plausible,大洲市,,adjacent_municipality,西予市,multiple_candidates_for_mountain|multiple_mountains_for_candidate|weak_elevation_evidence|missing_csv_coordinate|location_mismatch_warning|activity_link_ambiguous,top_candidate_for_multiple_mountains,shared_candidate,"mountain=京の森(#401); candidate=summit-candidate:5f3f2f47d84464c4; track=""一ヶ森""; score=0.5; name_tier=strong; ele_diff=60.25m; loc=mismatch_warning; act_conf=high"
402,大迫山,summit-candidate:13aa9354da4eb6d6,yamap_2025-03-30_12_56.gpx,京の森・大迫山,572.4394591518229,559,13.44,0.69,1,3,0.08,false,true,medium,high,high,resolve_conflict,location_uncertain_keep,大洲市,,candidate_boundary_ambiguous,,multiple_candidates_for_mountain|multiple_mountains_for_candidate|missing_csv_coordinate|activity_link_ambiguous,top_1_but_ambiguous|top_candidate_for_multiple_mountains,shared_candidate|not_mutual_top1,"mountain=大迫山(#402); candidate=summit-candidate:13aa9354da4eb6d6; track=""京の森・大迫山""; score=0.69; name_tier=strong; ele_diff=13.44m; loc=strong_overlap; act_conf=high"
402,大迫山,summit-candidate:5f3f2f47d84464c4,yamap_2025-03-30_09_12.gpx,一ヶ森,605.2468947172716,559,46.25,0.61,2,4,0.04,false,false,medium,high,high,resolve_conflict,boundary_plausible,大洲市,,adjacent_municipality,西予市,multiple_candidates_for_mountain|multiple_mountains_for_candidate|missing_csv_coordinate|location_mismatch_warning|activity_link_ambiguous,top_candidate_for_multiple_mountains,shared_candidate,"mountain=大迫山(#402); candidate=summit-candidate:5f3f2f47d84464c4; track=""一ヶ森""; score=0.56; name_tier=strong; ele_diff=46.25m; loc=mismatch_warning; act_conf=high"
402,大迫山,summit-candidate:62d2811f5d1a9f29,yamap_2025-03-30_07_01.gpx,竜王山,459.07666666666665,559,99.92,0.57,3,6,0.02,false,false,medium,high,high,resolve_conflict,location_uncertain_keep,大洲市,,candidate_boundary_ambiguous,,multiple_candidates_for_mountain|multiple_mountains_for_candidate|weak_elevation_evidence|missing_csv_coordinate|activity_link_ambiguous,top_candidate_for_multiple_mountains,shared_candidate,"mountain=大迫山(#402); candidate=summit-candidate:62d2811f5d1a9f29; track=""竜王山""; score=0.57; name_tier=strong; ele_diff=99.92m; loc=strong_overlap; act_conf=high"
403,船山,summit-candidate:2a670286f545beb2,yamap_2023-04-09_09_08.gpx,菊ヶ森・餓鬼ヶ森,910.6433333333334,910,0.64,0.5,1,4,0.12,false,false,low,high,high,resolve_conflict,location_strong_match,久万高原町,,same_municipality,久万高原町,multiple_candidates_for_mountain|multiple_mountains_for_candidate|weak_name_evidence|missing_csv_coordinate,top_1_but_ambiguous|top_candidate_for_multiple_mountains,shared_candidate|not_mutual_top1,"mountain=船山(#403); candidate=summit-candidate:2a670286f545beb2; track=""菊ヶ森・餓鬼ヶ森""; score=0.4; name_tier=none; ele_diff=0.64m; loc=strong_overlap; act_conf=high"
403,船山,summit-candidate:622b899de76208ef,yamap_2022-03-09_10_20.gpx,稔山,911.0766666666667,910,1.08,0.38,2,3,0.04,false,true,low,medium,high,check_location_warning,boundary_plausible,久万高原町,,adjacent_municipality,東温市,multiple_candidates_for_mountain|multiple_mountains_for_candidate|weak_name_evidence|missing_csv_coordinate|location_mismatch_warning,top_3_with_evidence,boundary_plausible,"mountain=船山(#403); candidate=summit-candidate:622b899de76208ef; track=""稔山""; score=0.33; name_tier=none; ele_diff=1.08m; loc=mismatch_warning; act_conf=high"
403,船山,summit-candidate:46ab73ee0e06e924,yamap_2026-04-11_09_14.gpx,三郷の辻,926.7733333333334,910,16.77,0.34,3,6,0.01,false,false,low,medium,low,low_priority,location_uncertain_keep,久万高原町,,candidate_boundary_ambiguous,,multiple_candidates_for_mountain|multiple_mountains_for_candidate|weak_name_evidence|missing_csv_coordinate,top_3_with_evidence,low_priority_alternative,"mountain=船山(#403); candidate=summit-candidate:46ab73ee0e06e924; track=""三郷の辻""; score=0.34; name_tier=none; ele_diff=16.77m; loc=strong_overlap; act_conf=high"
404,コクゾ峰,summit-candidate:94e39d837730a5c7,yamap_2025-04-04_06_19.gpx,コクゾ峰,822.6366666666667,824,1.36,0.85,1,1,0.52,true,true,medium,medium,medium,accept_candidate_after_map_check,location_strong_match,砥部町,,same_municipality,砥部町,multiple_candidates_for_mountain|multiple_mountains_for_candidate|missing_csv_coordinate,top_1_but_ambiguous|priority_reduced_strong_match_mutual_top1,clear_mutual_top1,"mountain=コクゾ峰(#404); candidate=summit-candidate:94e39d837730a5c7; track=""コクゾ峰""; score=0.75; name_tier=strong; ele_diff=1.36m; loc=strong_overlap; act_conf=high"
404,コクゾ峰,summit-candidate:615a70cf4401199b,yamap_2022-11-14_13_02.gpx,出石山,822.6353431394673,824,1.36,0.33,2,8,0.06,false,false,low,medium,low,low_priority,location_uncertain_keep,砥部町,,candidate_boundary_ambiguous,,multiple_candidates_for_mountain|multiple_mountains_for_candidate|weak_name_evidence|missing_csv_coordinate|location_mismatch_warning,top_3_with_evidence,low_priority_alternative,"mountain=コクゾ峰(#404); candidate=summit-candidate:615a70cf4401199b; track=""出石山""; score=0.33; name_tier=none; ele_diff=1.36m; loc=mismatch_warning; act_conf=high"
404,コクゾ峰,summit-candidate:3f84cc393481fcf2,yamap_2025-04-06_08_48.gpx,加塚山,850.5566666666667,824,26.56,0.27,3,15,0,false,false,none,medium,low,low_priority,location_uncertain_keep,砥部町,,non_adjacent_municipality,宇和島市,multiple_candidates_for_mountain|multiple_mountains_for_candidate|weak_name_evidence|missing_csv_coordinate|location_mismatch_warning,top_3_with_evidence,low_priority_alternative,"mountain=コクゾ峰(#404); candidate=summit-candidate:3f84cc393481fcf2; track=""加塚山""; score=0.27; name_tier=none; ele_diff=26.56m; loc=mismatch_warning; act_conf=high"
405,加塚山,summit-candidate:cdd4a9ba931c816e,yamap_2025-04-06_08_48.gpx,加塚山,1069.8255484698216,1065,4.83,0.85,1,1,0.25,true,true,medium,medium,medium,accept_candidate_after_map_check,location_strong_match,宇和島市,,same_municipality,宇和島市,multiple_candidates_for_mountain|multiple_mountains_for_candidate|missing_csv_coordinate,top_1_but_ambiguous|priority_reduced_strong_match_mutual_top1,clear_mutual_top1,"mountain=加塚山(#405); candidate=summit-candidate:cdd4a9ba931c816e; track=""加塚山""; score=0.75; name_tier=strong; ele_diff=4.83m; loc=strong_overlap; act_conf=high"
405,加塚山,summit-candidate:18f6f4b086668887,yamap_2025-04-06_08_48.gpx,加塚山,936.75,1065,128.25,0.6,2,1,0,false,true,low,medium,low,low_priority,location_strong_match,宇和島市,,same_municipality,宇和島市,multiple_candidates_for_mountain|multiple_mountains_for_candidate|weak_elevation_evidence|missing_csv_coordinate|location_mismatch_warning,top_3_with_evidence,low_priority_alternative,"mountain=加塚山(#405); candidate=summit-candidate:18f6f4b086668887; track=""加塚山""; score=0.5; name_tier=strong; ele_diff=128.25m; loc=mismatch_warning; act_conf=high"
405,加塚山,summit-candidate:3f84cc393481fcf2,yamap_2025-04-06_08_48.gpx,加塚山,850.5566666666667,1065,214.44,0.6,3,1,0,false,true,low,medium,low,low_priority,location_strong_match,宇和島市,,same_municipality,宇和島市,multiple_candidates_for_mountain|multiple_mountains_for_candidate|weak_elevation_evidence|missing_csv_coordinate|location_mismatch_warning,top_3_with_evidence,low_priority_alternative,"mountain=加塚山(#405); candidate=summit-candidate:3f84cc393481fcf2; track=""加塚山""; score=0.5; name_tier=strong; ele_diff=214.44m; loc=mismatch_warning; act_conf=high"
406,新谷神南山,summit-candidate:6342f0069cd164e8,yamap_2025-04-09_06_48.gpx,新谷神南山・五十崎神南山,649.24,654,4.76,0.85,1,1,0.35,true,true,medium,medium,medium,accept_candidate_after_map_check,location_strong_match,大洲市,,same_municipality,大洲市,multiple_candidates_for_mountain|multiple_mountains_for_candidate|missing_csv_coordinate,top_1_but_ambiguous|priority_reduced_strong_match_mutual_top1,clear_mutual_top1,"mountain=新谷神南山(#406); candidate=summit-candidate:6342f0069cd164e8; track=""新谷神南山・五十崎神南山""; score=0.75; name_tier=strong; ele_diff=4.76m; loc=strong_overlap; act_conf=high"
406,新谷神南山,summit-candidate:49147712961a83be,yamap_2025-04-09_06_48.gpx,新谷神南山・五十崎神南山,708.9699999999999,654,54.97,0.5,2,2,0,false,true,low,medium,low,low_priority,location_uncertain_keep,大洲市,,candidate_boundary_ambiguous,,multiple_candidates_for_mountain|multiple_mountains_for_candidate|weak_elevation_evidence|missing_csv_coordinate|location_mismatch_warning,top_3_with_evidence,low_priority_alternative,"mountain=新谷神南山(#406); candidate=summit-candidate:49147712961a83be; track=""新谷神南山・五十崎神南山""; score=0.5; name_tier=strong; ele_diff=54.97m; loc=mismatch_warning; act_conf=high"
406,新谷神南山,summit-candidate:9306f5a7fe249a15,yamap_2025-01-03_07_19.gpx,壺神山・滝山・足山・皿が森,646.4861527563789,654,7.51,0.5,3,5,0.06,false,false,low,medium,low,low_priority,location_strong_match,大洲市,,same_municipality,大洲市,multiple_candidates_for_mountain|multiple_mountains_for_candidate|weak_name_evidence|missing_csv_coordinate,top_3_with_evidence,low_priority_alternative,"mountain=新谷神南山(#406); candidate=summit-candidate:9306f5a7fe249a15; track=""壺神山・滝山・足山・皿が森""; score=0.4; name_tier=none; ele_diff=7.51m; loc=strong_overlap; act_conf=high"
407,五十崎神南山,summit-candidate:49147712961a83be,yamap_2025-04-09_06_48.gpx,新谷神南山・五十崎神南山,708.9699999999999,710,1.03,0.68,1,1,0.01,true,true,medium,high,medium,accept_candidate_after_map_check,location_uncertain_keep,大洲市,,candidate_boundary_ambiguous,,multiple_candidates_for_mountain|multiple_mountains_for_candidate|missing_csv_coordinate|location_mismatch_warning,top_1_but_ambiguous,clear_mutual_top1,"mountain=五十崎神南山(#407); candidate=summit-candidate:49147712961a83be; track=""新谷神南山・五十崎神南山""; score=0.68; name_tier=strong; ele_diff=1.03m; loc=mismatch_warning; act_conf=high"
407,五十崎神南山,summit-candidate:6342f0069cd164e8,yamap_2025-04-09_06_48.gpx,新谷神南山・五十崎神南山,649.24,710,60.76,0.67,2,2,0.23,false,true,medium,medium,high,check_close_alternatives,location_strong_match,大洲市,,same_municipality,大洲市,multiple_candidates_for_mountain|multiple_mountains_for_candidate|weak_elevation_evidence|missing_csv_coordinate,top_3_with_evidence,small_score_gap,"mountain=五十崎神南山(#407); candidate=summit-candidate:6342f0069cd164e8; track=""新谷神南山・五十崎神南山""; score=0.57; name_tier=strong; ele_diff=60.76m; loc=strong_overlap; act_conf=high"
407,五十崎神南山,summit-candidate:0048d4d3a7981b80,yamap_2025-01-03_07_19.gpx,壺神山・滝山・足山・皿が森,697.5172644320495,710,12.48,0.44,3,7,0,false,false,low,high,high,resolve_conflict,location_strong_match,大洲市,,same_municipality,大洲市,multiple_candidates_for_mountain|multiple_mountains_for_candidate|weak_name_evidence|missing_csv_coordinate,top_candidate_for_multiple_mountains,shared_candidate,"mountain=五十崎神南山(#407); candidate=summit-candidate:0048d4d3a7981b80; track=""壺神山・滝山・足山・皿が森""; score=0.34; name_tier=none; ele_diff=12.48m; loc=strong_overlap; act_conf=high"
408,笠成山,summit-candidate:81081ef1b6e58a79,yamap_2025-04-14_05_56.gpx,笠成山,711,713,2,0.85,1,1,0.35,true,true,medium,medium,medium,accept_candidate_after_map_check,location_strong_match,砥部町,,same_municipality,砥部町,multiple_candidates_for_mountain|multiple_mountains_for_candidate|missing_csv_coordinate,top_1_but_ambiguous|priority_reduced_strong_match_mutual_top1,clear_mutual_top1,"mountain=笠成山(#408); candidate=summit-candidate:81081ef1b6e58a79; track=""笠成山""; score=0.75; name_tier=strong; ele_diff=2m; loc=strong_overlap; act_conf=high"
408,笠成山,summit-candidate:07834c521328cc1d,yamap_2022-03-05_09_44.gpx,城山・水梨山・向山,707.7550916004999,713,5.24,0.5,2,6,0.06,false,false,low,medium,low,low_priority,location_strong_match,砥部町,,same_municipality,砥部町,multiple_candidates_for_mountain|multiple_mountains_for_candidate|weak_name_evidence|missing_csv_coordinate,top_3_with_evidence,low_priority_alternative,"mountain=笠成山(#408); candidate=summit-candidate:07834c521328cc1d; track=""城山・水梨山・向山""; score=0.4; name_tier=none; ele_diff=5.24m; loc=strong_overlap; act_conf=high"
408,笠成山,summit-candidate:0a765b89058b256b,yamap_2022-03-05_09_44.gpx,城山・水梨山・向山,734.4240556679409,713,21.42,0.44,3,5,0,false,false,low,medium,low,low_priority,location_strong_match,砥部町,,same_municipality,砥部町,multiple_candidates_for_mountain|multiple_mountains_for_candidate|weak_name_evidence|missing_csv_coordinate,top_3_with_evidence,low_priority_alternative,"mountain=笠成山(#408); candidate=summit-candidate:0a765b89058b256b; track=""城山・水梨山・向山""; score=0.34; name_tier=none; ele_diff=21.42m; loc=strong_overlap; act_conf=high"
409,小屋山,summit-candidate:422a9e74717ca96d,yamap_2025-04-19_07_10.gpx,小屋山・丸石山,1341.5,1344,2.5,0.75,1,1,0.02,true,true,medium,high,high,resolve_conflict,location_uncertain_keep,西予市,,candidate_boundary_ambiguous,,multiple_candidates_for_mountain|multiple_mountains_for_candidate|missing_csv_coordinate,top_1_but_ambiguous|top_candidate_for_multiple_mountains,shared_candidate,"mountain=小屋山(#409); candidate=summit-candidate:422a9e74717ca96d; track=""小屋山・丸石山""; score=0.75; name_tier=strong; ele_diff=2.5m; loc=strong_overlap; act_conf=high"
409,小屋山,summit-candidate:0cc9c1186612ceaa,yamap_2025-04-19_07_10.gpx,小屋山・丸石山,1297.49,1344,46.51,0.73,2,1,0.04,false,true,medium,medium,high,check_close_alternatives,location_strong_match,西予市,,same_municipality,西予市,multiple_candidates_for_mountain|multiple_mountains_for_candidate|missing_csv_coordinate,top_3_with_evidence,small_score_gap,"mountain=小屋山(#409); candidate=summit-candidate:0cc9c1186612ceaa; track=""小屋山・丸石山""; score=0.63; name_tier=strong; ele_diff=46.51m; loc=strong_overlap; act_conf=high"
409,小屋山,summit-candidate:01f601a63b1874f6,yamap_2025-04-19_07_10.gpx,小屋山・丸石山,1371.8433333333335,1344,27.84,0.69,3,1,0.06,false,true,medium,medium,low,low_priority,location_uncertain_keep,西予市,,candidate_boundary_ambiguous,,multiple_candidates_for_mountain|multiple_mountains_for_candidate|missing_csv_coordinate,top_3_with_evidence,low_priority_alternative,"mountain=小屋山(#409); candidate=summit-candidate:01f601a63b1874f6; track=""小屋山・丸石山""; score=0.69; name_tier=strong; ele_diff=27.84m; loc=strong_overlap; act_conf=high"
410,丸石山,summit-candidate:422a9e74717ca96d,yamap_2025-04-19_07_10.gpx,小屋山・丸石山,1341.5,1327,14.5,0.62,1,2,0.05,false,true,medium,high,high,resolve_conflict,location_uncertain_keep,久万高原町,,candidate_boundary_ambiguous,,multiple_candidates_for_mountain|multiple_mountains_for_candidate|missing_csv_coordinate|location_mismatch_warning,top_1_but_ambiguous|top_candidate_for_multiple_mountains,shared_candidate|not_mutual_top1,"mountain=丸石山(#410); candidate=summit-candidate:422a9e74717ca96d; track=""小屋山・丸石山""; score=0.62; name_tier=strong; ele_diff=14.5m; loc=mismatch_warning; act_conf=high"
410,丸石山,summit-candidate:0cc9c1186612ceaa,yamap_2025-04-19_07_10.gpx,小屋山・丸石山,1297.49,1327,29.51,0.57,2,2,0.01,false,true,medium,low,high,check_location_warning,adjacent_but_deep_inside,久万高原町,,adjacent_municipality,西予市,multiple_candidates_for_mountain|multiple_mountains_for_candidate|missing_csv_coordinate|location_mismatch_warning,adjacent_but_deep_inside,adjacent_but_deep_inside,"mountain=丸石山(#410); candidate=summit-candidate:0cc9c1186612ceaa; track=""小屋山・丸石山""; score=0.62; name_tier=strong; ele_diff=29.51m; loc=mismatch_warning; act_conf=high"
410,丸石山,summit-candidate:01f601a63b1874f6,yamap_2025-04-19_07_10.gpx,小屋山・丸石山,1371.8433333333335,1327,44.84,0.56,3,2,0.06,false,true,medium,medium,low,low_priority,location_uncertain_keep,久万高原町,,candidate_boundary_ambiguous,,multiple_candidates_for_mountain|multiple_mountains_for_candidate|missing_csv_coordinate|location_mismatch_warning,top_3_with_evidence,low_priority_alternative,"mountain=丸石山(#410); candidate=summit-candidate:01f601a63b1874f6; track=""小屋山・丸石山""; score=0.56; name_tier=strong; ele_diff=44.84m; loc=mismatch_warning; act_conf=high"
411,野地峰,summit-candidate:17a471cc45af2c05,yamap_2025-04-27_06_23.gpx,野地峰・黒岩山・大野山,1270.3933333333332,1279,8.61,0.68,1,1,0.11,true,true,medium,high,high,resolve_conflict,location_uncertain_keep,四国中央市,,candidate_boundary_ambiguous,,multiple_candidates_for_mountain|multiple_mountains_for_candidate|missing_csv_coordinate|location_mismatch_warning,top_1_but_ambiguous|top_candidate_for_multiple_mountains,shared_candidate,"mountain=野地峰(#411); candidate=summit-candidate:17a471cc45af2c05; track=""野地峰・黒岩山・大野山""; score=0.68; name_tier=strong; ele_diff=8.61m; loc=mismatch_warning; act_conf=high"
411,野地峰,summit-candidate:8326f30918c16cbe,yamap_2025-04-27_06_23.gpx,野地峰・黒岩山・大野山,1061.7766666666666,1279,217.22,0.57,2,1,0.02,false,true,medium,medium,low,low_priority,location_uncertain_keep,四国中央市,,candidate_boundary_ambiguous,,multiple_candidates_for_mountain|multiple_mountains_for_candidate|weak_elevation_evidence|missing_csv_coordinate,top_3_with_evidence,low_priority_alternative,"mountain=野地峰(#411); candidate=summit-candidate:8326f30918c16cbe; track=""野地峰・黒岩山・大野山""; score=0.57; name_tier=strong; ele_diff=217.22m; loc=strong_overlap; act_conf=high"
411,野地峰,summit-candidate:53bf856dccad5eab,yamap_2025-04-27_06_23.gpx,野地峰・黒岩山・大野山,1397.78,1279,118.78,0.55,3,3,0.05,false,true,low,medium,high,check_location_warning,boundary_plausible,四国中央市,,adjacent_municipality,新居浜市,multiple_candidates_for_mountain|multiple_mountains_for_candidate|weak_elevation_evidence|missing_csv_coordinate|location_mismatch_warning,top_3_with_evidence,boundary_plausible,"mountain=野地峰(#411); candidate=summit-candidate:53bf856dccad5eab; track=""野地峰・黒岩山・大野山""; score=0.5; name_tier=strong; ele_diff=118.78m; loc=mismatch_warning; act_conf=high"
412,黒岩山,summit-candidate:e93bba1998d4efb5,yamap_2025-04-27_06_23.gpx,野地峰・黒岩山・大野山,1350.0266666666666,1350,0.03,0.68,1,1,0.07,true,true,medium,high,medium,accept_candidate_after_map_check,location_uncertain_keep,四国中央市,,candidate_outside_prefecture,,multiple_candidates_for_mountain|multiple_mountains_for_candidate|missing_csv_coordinate|location_mismatch_warning,top_1_but_ambiguous,clear_mutual_top1,"mountain=黒岩山(#412); candidate=summit-candidate:e93bba1998d4efb5; track=""野地峰・黒岩山・大野山""; score=0.68; name_tier=strong; ele_diff=0.03m; loc=mismatch_warning; act_conf=high"
412,黒岩山,summit-candidate:53bf856dccad5eab,yamap_2025-04-27_06_23.gpx,野地峰・黒岩山・大野山,1397.78,1350,47.78,0.61,2,2,0.04,false,true,medium,medium,high,check_location_warning,boundary_plausible,四国中央市,,adjacent_municipality,新居浜市,multiple_candidates_for_mountain|multiple_mountains_for_candidate|missing_csv_coordinate|location_mismatch_warning,top_3_with_evidence,boundary_plausible,"mountain=黒岩山(#412); candidate=summit-candidate:53bf856dccad5eab; track=""野地峰・黒岩山・大野山""; score=0.56; name_tier=strong; ele_diff=47.78m; loc=mismatch_warning; act_conf=high"
412,黒岩山,summit-candidate:8326f30918c16cbe,yamap_2025-04-27_06_23.gpx,野地峰・黒岩山・大野山,1061.7766666666666,1350,288.22,0.57,3,2,0.07,false,true,medium,medium,low,low_priority,location_uncertain_keep,四国中央市,,candidate_boundary_ambiguous,,multiple_candidates_for_mountain|multiple_mountains_for_candidate|weak_elevation_evidence|missing_csv_coordinate,top_3_with_evidence,low_priority_alternative,"mountain=黒岩山(#412); candidate=summit-candidate:8326f30918c16cbe; track=""野地峰・黒岩山・大野山""; score=0.57; name_tier=strong; ele_diff=288.22m; loc=strong_overlap; act_conf=high"
413,大野山,summit-candidate:53bf856dccad5eab,yamap_2025-04-27_06_23.gpx,野地峰・黒岩山・大野山,1397.78,1400,2.22,0.73,1,1,0.16,true,true,medium,high,medium,accept_candidate_after_map_check,boundary_plausible,四国中央市,,adjacent_municipality,新居浜市,multiple_candidates_for_mountain|multiple_mountains_for_candidate|missing_csv_coordinate|location_mismatch_warning,top_1_but_ambiguous,clear_mutual_top1,"mountain=大野山(#413); candidate=summit-candidate:53bf856dccad5eab; track=""野地峰・黒岩山・大野山""; score=0.68; name_tier=strong; ele_diff=2.22m; loc=mismatch_warning; act_conf=high"
413,大野山,summit-candidate:8326f30918c16cbe,yamap_2025-04-27_06_23.gpx,野地峰・黒岩山・大野山,1061.7766666666666,1400,338.22,0.57,2,3,0.01,false,true,medium,medium,low,low_priority,location_uncertain_keep,四国中央市,,candidate_boundary_ambiguous,,multiple_candidates_for_mountain|multiple_mountains_for_candidate|weak_elevation_evidence|missing_csv_coordinate,top_3_with_evidence,low_priority_alternative,"mountain=大野山(#413); candidate=summit-candidate:8326f30918c16cbe; track=""野地峰・黒岩山・大野山""; score=0.57; name_tier=strong; ele_diff=338.22m; loc=strong_overlap; act_conf=high"
413,大野山,summit-candidate:e93bba1998d4efb5,yamap_2025-04-27_06_23.gpx,野地峰・黒岩山・大野山,1350.0266666666666,1400,49.97,0.56,3,2,0.06,false,true,medium,medium,low,low_priority,location_uncertain_keep,四国中央市,,candidate_outside_prefecture,,multiple_candidates_for_mountain|multiple_mountains_for_candidate|missing_csv_coordinate|location_mismatch_warning,top_3_with_evidence,low_priority_alternative,"mountain=大野山(#413); candidate=summit-candidate:e93bba1998d4efb5; track=""野地峰・黒岩山・大野山""; score=0.56; name_tier=strong; ele_diff=49.97m; loc=mismatch_warning; act_conf=high"
414,水なし山,summit-candidate:403c0894babcf279,yamap_2025-06-21_08_53.gpx,貝渚山・水なし山,1403.506666666667,1406,2.49,0.75,1,1,0.31,true,true,medium,high,high,resolve_conflict,location_uncertain_keep,久万高原町,,candidate_boundary_ambiguous,,multiple_candidates_for_mountain|multiple_mountains_for_candidate|missing_csv_coordinate,top_1_but_ambiguous|top_candidate_for_multiple_mountains,shared_candidate,"mountain=水なし山(#414); candidate=summit-candidate:403c0894babcf279; track=""貝渚山・水なし山""; score=0.75; name_tier=strong; ele_diff=2.49m; loc=strong_overlap; act_conf=high"
414,水なし山,summit-candidate:6ff5d266707ae664,yamap_2024-06-01_07_14.gpx,椿山,1431.7833333333335,1406,25.78,0.44,2,4,0,false,false,low,medium,low,low_priority,location_strong_match,久万高原町,,same_municipality,久万高原町,multiple_candidates_for_mountain|multiple_mountains_for_candidate|weak_name_evidence|missing_csv_coordinate,top_3_with_evidence,low_priority_alternative,"mountain=水なし山(#414); candidate=summit-candidate:6ff5d266707ae664; track=""椿山""; score=0.34; name_tier=none; ele_diff=25.78m; loc=strong_overlap; act_conf=high"
414,水なし山,summit-candidate:8917a066a1c03aeb,yamap_2024-05-11_07_45.gpx,丸笹山,1431.0566666666666,1406,25.06,0.44,3,5,0.06,false,false,low,medium,low,low_priority,location_strong_match,久万高原町,,same_municipality,久万高原町,multiple_candidates_for_mountain|multiple_mountains_for_candidate|weak_name_evidence|missing_csv_coordinate|activity_link_ambiguous,top_3_with_evidence,low_priority_alternative,"mountain=水なし山(#414); candidate=summit-candidate:8917a066a1c03aeb; track=""丸笹山""; score=0.34; name_tier=none; ele_diff=25.06m; loc=strong_overlap; act_conf=high"
415,貝渚山,summit-candidate:403c0894babcf279,yamap_2025-06-21_08_53.gpx,貝渚山・水なし山,1403.506666666667,1422,18.49,0.69,1,2,0.19,false,true,medium,high,high,resolve_conflict,location_uncertain_keep,久万高原町,,candidate_boundary_ambiguous,,multiple_candidates_for_mountain|multiple_mountains_for_candidate|missing_csv_coordinate,top_1_but_ambiguous|top_candidate_for_multiple_mountains,shared_candidate|not_mutual_top1,"mountain=貝渚山(#415); candidate=summit-candidate:403c0894babcf279; track=""貝渚山・水なし山""; score=0.69; name_tier=strong; ele_diff=18.49m; loc=strong_overlap; act_conf=high"
415,貝渚山,summit-candidate:6ff5d266707ae664,yamap_2024-06-01_07_14.gpx,椿山,1431.7833333333335,1422,9.78,0.5,2,3,0,false,true,low,medium,low,low_priority,location_strong_match,久万高原町,,same_municipality,久万高原町,multiple_candidates_for_mountain|multiple_mountains_for_candidate|weak_name_evidence|missing_csv_coordinate,top_3_with_evidence,low_priority_alternative,"mountain=貝渚山(#415); candidate=summit-candidate:6ff5d266707ae664; track=""椿山""; score=0.4; name_tier=none; ele_diff=9.78m; loc=strong_overlap; act_conf=high"
415,貝渚山,summit-candidate:8917a066a1c03aeb,yamap_2024-05-11_07_45.gpx,丸笹山,1431.0566666666666,1422,9.06,0.5,3,4,0.06,false,false,low,medium,low,low_priority,location_strong_match,久万高原町,,same_municipality,久万高原町,multiple_candidates_for_mountain|multiple_mountains_for_candidate|weak_name_evidence|missing_csv_coordinate|activity_link_ambiguous,top_3_with_evidence,low_priority_alternative,"mountain=貝渚山(#415); candidate=summit-candidate:8917a066a1c03aeb; track=""丸笹山""; score=0.4; name_tier=none; ele_diff=9.06m; loc=strong_overlap; act_conf=high"
416,谷崎山,summit-candidate:0d157ed871f76807,yamap_2025-07-06_07_10.gpx,谷崎山,1210.7966666666669,1203,7.8,0.85,1,1,0.28,true,true,medium,medium,medium,accept_candidate_after_map_check,location_strong_match,西条市,,same_municipality,西条市,multiple_candidates_for_mountain|multiple_mountains_for_candidate|missing_csv_coordinate|activity_link_ambiguous,top_1_but_ambiguous|priority_reduced_strong_match_mutual_top1,clear_mutual_top1,"mountain=谷崎山(#416); candidate=summit-candidate:0d157ed871f76807; track=""谷崎山""; score=0.75; name_tier=strong; ele_diff=7.8m; loc=strong_overlap; act_conf=high"
416,谷崎山,summit-candidate:e79e77da4bfd1f13,yamap_2025-07-06_12_03.gpx,伊吹山,1506.6639933943752,1203,303.66,0.57,2,2,0.07,false,true,medium,medium,low,low_priority,location_uncertain_keep,西条市,,candidate_boundary_ambiguous,,multiple_candidates_for_mountain|multiple_mountains_for_candidate|weak_elevation_evidence|missing_csv_coordinate|activity_link_ambiguous,top_3_with_evidence,low_priority_alternative,"mountain=谷崎山(#416); candidate=summit-candidate:e79e77da4bfd1f13; track=""伊吹山""; score=0.57; name_tier=strong; ele_diff=303.66m; loc=strong_overlap; act_conf=high"
416,谷崎山,summit-candidate:20f1c44b99e3d708,yamap_2025-07-06_09_43.gpx,東黒森,1731.0666666666668,1203,528.07,0.5,3,2,0.1,false,true,low,medium,low,low_priority,location_uncertain_keep,西条市,,candidate_boundary_ambiguous,,multiple_candidates_for_mountain|multiple_mountains_for_candidate|weak_elevation_evidence|missing_csv_coordinate|location_mismatch_warning|activity_link_ambiguous,top_3_with_evidence,low_priority_alternative,"mountain=谷崎山(#416); candidate=summit-candidate:20f1c44b99e3d708; track=""東黒森""; score=0.5; name_tier=strong; ele_diff=528.07m; loc=mismatch_warning; act_conf=high"
417,東黒森,summit-candidate:20f1c44b99e3d708,yamap_2025-07-06_09_43.gpx,東黒森,1731.0666666666668,1733,1.93,0.68,1,1,0.01,true,true,medium,high,medium,accept_candidate_after_map_check,location_uncertain_keep,西条市,,candidate_boundary_ambiguous,,multiple_candidates_for_mountain|multiple_mountains_for_candidate|missing_csv_coordinate|location_mismatch_warning|activity_link_ambiguous,top_1_but_ambiguous,clear_mutual_top1,"mountain=東黒森(#417); candidate=summit-candidate:20f1c44b99e3d708; track=""東黒森""; score=0.68; name_tier=strong; ele_diff=1.93m; loc=mismatch_warning; act_conf=high"
417,東黒森,summit-candidate:0d157ed871f76807,yamap_2025-07-06_07_10.gpx,谷崎山,1210.7966666666669,1733,522.2,0.67,2,2,0.1,false,true,medium,medium,high,check_close_alternatives,location_strong_match,西条市,,same_municipality,西条市,multiple_candidates_for_mountain|multiple_mountains_for_candidate|weak_elevation_evidence|missing_csv_coordinate|activity_link_ambiguous,top_3_with_evidence,small_score_gap,"mountain=東黒森(#417); candidate=summit-candidate:0d157ed871f76807; track=""谷崎山""; score=0.57; name_tier=strong; ele_diff=522.2m; loc=strong_overlap; act_conf=high"
417,東黒森,summit-candidate:e79e77da4bfd1f13,yamap_2025-07-06_12_03.gpx,伊吹山,1506.6639933943752,1733,226.34,0.57,3,3,0.07,false,true,medium,medium,low,low_priority,location_uncertain_keep,西条市,,candidate_boundary_ambiguous,,multiple_candidates_for_mountain|multiple_mountains_for_candidate|weak_elevation_evidence|missing_csv_coordinate|activity_link_ambiguous,top_3_with_evidence,low_priority_alternative,"mountain=東黒森(#417); candidate=summit-candidate:e79e77da4bfd1f13; track=""伊吹山""; score=0.57; name_tier=strong; ele_diff=226.34m; loc=strong_overlap; act_conf=high"
418,伊吹山,summit-candidate:e79e77da4bfd1f13,yamap_2025-07-06_12_03.gpx,伊吹山,1506.6639933943752,1503,3.66,0.75,1,1,0.08,true,true,medium,high,medium,accept_candidate_after_map_check,location_uncertain_keep,西条市,,candidate_boundary_ambiguous,,multiple_candidates_for_mountain|multiple_mountains_for_candidate|missing_csv_coordinate|activity_link_ambiguous,top_1_but_ambiguous,clear_mutual_top1,"mountain=伊吹山(#418); candidate=summit-candidate:e79e77da4bfd1f13; track=""伊吹山""; score=0.75; name_tier=strong; ele_diff=3.66m; loc=strong_overlap; act_conf=high"
418,伊吹山,summit-candidate:0d157ed871f76807,yamap_2025-07-06_07_10.gpx,谷崎山,1210.7966666666669,1503,292.2,0.67,2,3,0.17,false,true,medium,medium,low,low_priority,location_strong_match,西条市,,same_municipality,西条市,multiple_candidates_for_mountain|multiple_mountains_for_candidate|weak_elevation_evidence|missing_csv_coordinate|activity_link_ambiguous,top_3_with_evidence,low_priority_alternative,"mountain=伊吹山(#418); candidate=summit-candidate:0d157ed871f76807; track=""谷崎山""; score=0.57; name_tier=strong; ele_diff=292.2m; loc=strong_overlap; act_conf=high"
418,伊吹山,summit-candidate:20f1c44b99e3d708,yamap_2025-07-06_09_43.gpx,東黒森,1731.0666666666668,1503,228.07,0.5,3,3,0.18,false,true,low,medium,low,low_priority,location_uncertain_keep,西条市,,candidate_boundary_ambiguous,,multiple_candidates_for_mountain|multiple_mountains_for_candidate|weak_elevation_evidence|missing_csv_coordinate|location_mismatch_warning|activity_link_ambiguous,top_3_with_evidence,low_priority_alternative,"mountain=伊吹山(#418); candidate=summit-candidate:20f1c44b99e3d708; track=""東黒森""; score=0.5; name_tier=strong; ele_diff=228.07m; loc=mismatch_warning; act_conf=high"
419,小牛城,summit-candidate:ba78489e4d448645,yamap_2025-08-15_10_51.gpx,小牛城,1141.42,1142,0.58,0.75,1,1,0.08,true,true,medium,high,medium,accept_candidate_after_map_check,location_uncertain_keep,久万高原町,,candidate_boundary_ambiguous,,multiple_candidates_for_mountain|multiple_mountains_for_candidate|missing_csv_coordinate|activity_link_ambiguous,top_1_but_ambiguous,clear_mutual_top1,"mountain=小牛城(#419); candidate=summit-candidate:ba78489e4d448645; track=""小牛城""; score=0.75; name_tier=strong; ele_diff=0.58m; loc=strong_overlap; act_conf=high"
419,小牛城,summit-candidate:1c085703f9a891aa,yamap_2025-08-15_12_44.gpx,正木ノ森,1363.1366666666665,1142,221.14,0.67,2,2,0.07,false,true,medium,medium,low,low_priority,location_strong_match,久万高原町,,same_municipality,久万高原町,multiple_candidates_for_mountain|multiple_mountains_for_candidate|weak_elevation_evidence|missing_csv_coordinate|activity_link_ambiguous,top_3_with_evidence,low_priority_alternative,"mountain=小牛城(#419); candidate=summit-candidate:1c085703f9a891aa; track=""正木ノ森""; score=0.57; name_tier=strong; ele_diff=221.14m; loc=strong_overlap; act_conf=high"
419,小牛城,summit-candidate:00dfcd8bd36a1f00,yamap_2025-08-15_11_47.gpx,五段城,1452.0633333333335,1142,310.06,0.6,3,3,0.1,false,true,low,medium,low,low_priority,location_strong_match,久万高原町,,same_municipality,久万高原町,multiple_candidates_for_mountain|multiple_mountains_for_candidate|weak_elevation_evidence|missing_csv_coordinate|location_mismatch_warning|activity_link_ambiguous,top_3_with_evidence,low_priority_alternative,"mountain=小牛城(#419); candidate=summit-candidate:00dfcd8bd36a1f00; track=""五段城""; score=0.5; name_tier=strong; ele_diff=310.06m; loc=mismatch_warning; act_conf=high"
420,正木ノ森,summit-candidate:1c085703f9a891aa,yamap_2025-08-15_12_44.gpx,正木ノ森,1363.1366666666665,1365,1.86,0.85,1,1,0.25,true,true,medium,medium,medium,accept_candidate_after_map_check,location_strong_match,久万高原町,,same_municipality,久万高原町,multiple_candidates_for_mountain|multiple_mountains_for_candidate|missing_csv_coordinate|activity_link_ambiguous,top_1_but_ambiguous|priority_reduced_strong_match_mutual_top1,clear_mutual_top1,"mountain=正木ノ森(#420); candidate=summit-candidate:1c085703f9a891aa; track=""正木ノ森""; score=0.75; name_tier=strong; ele_diff=1.86m; loc=strong_overlap; act_conf=high"
420,正木ノ森,summit-candidate:00dfcd8bd36a1f00,yamap_2025-08-15_11_47.gpx,五段城,1452.0633333333335,1365,87.06,0.6,2,4,0.03,false,false,low,medium,low,low_priority,location_strong_match,久万高原町,,same_municipality,久万高原町,multiple_candidates_for_mountain|multiple_mountains_for_candidate|weak_elevation_evidence|missing_csv_coordinate|location_mismatch_warning|activity_link_ambiguous,top_3_with_evidence,low_priority_alternative,"mountain=正木ノ森(#420); candidate=summit-candidate:00dfcd8bd36a1f00; track=""五段城""; score=0.5; name_tier=strong; ele_diff=87.06m; loc=mismatch_warning; act_conf=high"
420,正木ノ森,summit-candidate:ba78489e4d448645,yamap_2025-08-15_10_51.gpx,小牛城,1141.42,1365,223.58,0.57,3,2,0.07,false,true,medium,medium,low,low_priority,location_uncertain_keep,久万高原町,,candidate_boundary_ambiguous,,multiple_candidates_for_mountain|multiple_mountains_for_candidate|weak_elevation_evidence|missing_csv_coordinate|activity_link_ambiguous,top_3_with_evidence,low_priority_alternative,"mountain=正木ノ森(#420); candidate=summit-candidate:ba78489e4d448645; track=""小牛城""; score=0.57; name_tier=strong; ele_diff=223.58m; loc=strong_overlap; act_conf=high"
421,五段城,summit-candidate:00dfcd8bd36a1f00,yamap_2025-08-15_11_47.gpx,五段城,1452.0633333333335,1455,2.94,0.78,1,1,0.11,true,true,medium,medium,medium,accept_candidate_after_map_check,location_strong_match,久万高原町,,same_municipality,久万高原町,multiple_candidates_for_mountain|multiple_mountains_for_candidate|missing_csv_coordinate|location_mismatch_warning|activity_link_ambiguous,top_1_but_ambiguous|priority_reduced_strong_match_mutual_top1,clear_mutual_top1,"mountain=五段城(#421); candidate=summit-candidate:00dfcd8bd36a1f00; track=""五段城""; score=0.68; name_tier=strong; ele_diff=2.94m; loc=mismatch_warning; act_conf=high"
421,五段城,summit-candidate:1c085703f9a891aa,yamap_2025-08-15_12_44.gpx,正木ノ森,1363.1366666666665,1455,91.86,0.67,2,3,0.05,false,true,medium,medium,low,low_priority,location_strong_match,久万高原町,,same_municipality,久万高原町,multiple_candidates_for_mountain|multiple_mountains_for_candidate|weak_elevation_evidence|missing_csv_coordinate|activity_link_ambiguous,top_3_with_evidence,low_priority_alternative,"mountain=五段城(#421); candidate=summit-candidate:1c085703f9a891aa; track=""正木ノ森""; score=0.57; name_tier=strong; ele_diff=91.86m; loc=strong_overlap; act_conf=high"
421,五段城,summit-candidate:54dc6f5d29d60052,yamap_2025-08-15_09_21.gpx,天狗ノ森 ,1479.58,1455,24.58,0.62,3,2,0.05,false,true,medium,medium,low,low_priority,location_uncertain_keep,久万高原町,,candidate_outside_prefecture,,multiple_candidates_for_mountain|multiple_mountains_for_candidate|missing_csv_coordinate|location_mismatch_warning|activity_link_ambiguous,top_3_with_evidence,low_priority_alternative,"mountain=五段城(#421); candidate=summit-candidate:54dc6f5d29d60052; track=""天狗ノ森 ""; score=0.62; name_tier=strong; ele_diff=24.58m; loc=mismatch_warning; act_conf=high"
422,天狗ノ森,summit-candidate:54dc6f5d29d60052,yamap_2025-08-15_09_21.gpx,天狗ノ森 ,1479.58,1485,5.42,0.68,1,1,0.01,true,true,medium,high,medium,accept_candidate_after_map_check,location_uncertain_keep,久万高原町,,candidate_outside_prefecture,,multiple_candidates_for_mountain|multiple_mountains_for_candidate|missing_csv_coordinate|location_mismatch_warning|activity_link_ambiguous,top_1_but_ambiguous,clear_mutual_top1,"mountain=天狗ノ森(#422); candidate=summit-candidate:54dc6f5d29d60052; track=""天狗ノ森 ""; score=0.68; name_tier=strong; ele_diff=5.42m; loc=mismatch_warning; act_conf=high"
422,天狗ノ森,summit-candidate:1c085703f9a891aa,yamap_2025-08-15_12_44.gpx,正木ノ森,1363.1366666666665,1485,121.86,0.67,2,4,0.01,false,false,medium,medium,high,check_close_alternatives,location_strong_match,久万高原町,,same_municipality,久万高原町,multiple_candidates_for_mountain|multiple_mountains_for_candidate|weak_elevation_evidence|missing_csv_coordinate|activity_link_ambiguous,top_3_with_evidence,small_score_gap,"mountain=天狗ノ森(#422); candidate=summit-candidate:1c085703f9a891aa; track=""正木ノ森""; score=0.57; name_tier=strong; ele_diff=121.86m; loc=strong_overlap; act_conf=high"
422,天狗ノ森,summit-candidate:00dfcd8bd36a1f00,yamap_2025-08-15_11_47.gpx,五段城,1452.0633333333335,1485,32.94,0.66,3,2,0.09,false,true,medium,medium,high,check_close_alternatives,location_strong_match,久万高原町,,same_municipality,久万高原町,multiple_candidates_for_mountain|multiple_mountains_for_candidate|missing_csv_coordinate|location_mismatch_warning|activity_link_ambiguous,top_3_with_evidence,small_score_gap,"mountain=天狗ノ森(#422); candidate=summit-candidate:00dfcd8bd36a1f00; track=""五段城""; score=0.56; name_tier=strong; ele_diff=32.94m; loc=mismatch_warning; act_conf=high"
423,鶴ノ子ノ頭,summit-candidate:65906dbbd6e5b747,yamap_2025-09-07_08_00.gpx,鶴ノ子ノ頭・石鎚山,1647.683322091346,1637,10.68,0.69,1,1,0.19,true,true,medium,high,medium,accept_candidate_after_map_check,location_uncertain_keep,久万高原町,,candidate_boundary_ambiguous,,multiple_candidates_for_mountain|multiple_mountains_for_candidate|missing_csv_coordinate,top_1_but_ambiguous,clear_mutual_top1,"mountain=鶴ノ子ノ頭(#423); candidate=summit-candidate:65906dbbd6e5b747; track=""鶴ノ子ノ頭・石鎚山""; score=0.69; name_tier=strong; ele_diff=10.68m; loc=strong_overlap; act_conf=high"
423,鶴ノ子ノ頭,summit-candidate:19713e48698f3e2a,yamap_2025-09-07_08_00.gpx,鶴ノ子ノ頭・石鎚山,1967.0036586656968,1637,330,0.5,2,2,0,false,true,low,medium,low,low_priority,location_uncertain_keep,久万高原町,,candidate_boundary_ambiguous,,multiple_candidates_for_mountain|multiple_mountains_for_candidate|weak_elevation_evidence|missing_csv_coordinate|location_mismatch_warning,top_3_with_evidence,low_priority_alternative,"mountain=鶴ノ子ノ頭(#423); candidate=summit-candidate:19713e48698f3e2a; track=""鶴ノ子ノ頭・石鎚山""; score=0.5; name_tier=strong; ele_diff=330m; loc=mismatch_warning; act_conf=high"
423,鶴ノ子ノ頭,summit-candidate:d13554ef3debca9d,yamap_2022-04-30_08_30.gpx,岩黒山・筒上山・手箱山,1638.4079336000111,1637,1.41,0.5,3,5,0.17,false,false,low,medium,low,low_priority,location_strong_match,久万高原町,,same_municipality,久万高原町,multiple_candidates_for_mountain|multiple_mountains_for_candidate|weak_name_evidence|missing_csv_coordinate|activity_link_ambiguous,top_3_with_evidence,low_priority_alternative,"mountain=鶴ノ子ノ頭(#423); candidate=summit-candidate:d13554ef3debca9d; track=""岩黒山・筒上山・手箱山""; score=0.4; name_tier=none; ele_diff=1.41m; loc=strong_overlap; act_conf=high"
424,千秋寺山,summit-candidate:084fa7c9e55252dc,yamap_2026-03-11_10_35.gpx,野津子山・軽ノ山,165.84333333333333,157,8.84,0.5,1,9,0,false,false,low,high,high,resolve_conflict,location_strong_match,松山市,,same_municipality,松山市,multiple_candidates_for_mountain|multiple_mountains_for_candidate|weak_name_evidence|missing_csv_coordinate,top_1_but_ambiguous|top_candidate_for_multiple_mountains,shared_candidate|not_mutual_top1,"mountain=千秋寺山(#424); candidate=summit-candidate:084fa7c9e55252dc; track=""野津子山・軽ノ山""; score=0.4; name_tier=none; ele_diff=8.84m; loc=strong_overlap; act_conf=high"
424,千秋寺山,summit-candidate:3259dfe3d9ce60c5,yamap_2022-03-23_07_38.gpx,明神山・潮見山,152.25333333333333,157,4.75,0.5,2,6,0,false,false,low,high,high,resolve_conflict,location_strong_match,松山市,,same_municipality,松山市,multiple_candidates_for_mountain|multiple_mountains_for_candidate|weak_name_evidence|missing_csv_coordinate,top_candidate_for_multiple_mountains,shared_candidate,"mountain=千秋寺山(#424); candidate=summit-candidate:3259dfe3d9ce60c5; track=""明神山・潮見山""; score=0.4; name_tier=none; ele_diff=4.75m; loc=strong_overlap; act_conf=high"
424,千秋寺山,summit-candidate:ac7a1ebef52ea30c,yamap_2022-01-28_12_28.gpx,尾ノ峰・新城山・腰折山・恵良山,156.4466666666667,157,0.55,0.5,3,11,0,false,false,low,medium,high,check_close_alternatives,location_strong_match,松山市,,same_municipality,松山市,multiple_candidates_for_mountain|multiple_mountains_for_candidate|weak_name_evidence|missing_csv_coordinate,top_3_with_evidence,small_score_gap,"mountain=千秋寺山(#424); candidate=summit-candidate:ac7a1ebef52ea30c; track=""尾ノ峰・新城山・腰折山・恵良山""; score=0.4; name_tier=none; ele_diff=0.55m; loc=strong_overlap; act_conf=high"
425,黒川山,summit-candidate:6b97922a3935a9a5,yamap_2025-09-21_08_53.gpx,前社ヶ森・剣山・黒川山,1354.6866666666667,1365,10.31,0.79,1,1,0.06,true,true,medium,medium,medium,accept_candidate_after_map_check,location_strong_match,西条市,,same_municipality,西条市,multiple_candidates_for_mountain|multiple_mountains_for_candidate|missing_csv_coordinate,top_1_but_ambiguous|priority_reduced_strong_match_mutual_top1,clear_mutual_top1,"mountain=黒川山(#425); candidate=summit-candidate:6b97922a3935a9a5; track=""前社ヶ森・剣山・黒川山""; score=0.69; name_tier=strong; ele_diff=10.31m; loc=strong_overlap; act_conf=high"
425,黒川山,summit-candidate:56e8244e578a141a,yamap_2025-09-21_08_53.gpx,前社ヶ森・剣山・黒川山,1409.006666666667,1365,44.01,0.73,2,1,0.06,false,true,medium,medium,low,low_priority,location_strong_match,西条市,,same_municipality,西条市,multiple_candidates_for_mountain|multiple_mountains_for_candidate|missing_csv_coordinate,top_3_with_evidence,low_priority_alternative,"mountain=黒川山(#425); candidate=summit-candidate:56e8244e578a141a; track=""前社ヶ森・剣山・黒川山""; score=0.63; name_tier=strong; ele_diff=44.01m; loc=strong_overlap; act_conf=high"
425,黒川山,summit-candidate:109bc31ba8b3aa15,yamap_2025-09-21_08_53.gpx,前社ヶ森・剣山・黒川山,1627.0833333333333,1365,262.08,0.67,3,3,0,false,true,medium,high,high,resolve_conflict,location_strong_match,西条市,,same_municipality,西条市,multiple_candidates_for_mountain|multiple_mountains_for_candidate|weak_elevation_evidence|missing_csv_coordinate,top_candidate_for_multiple_mountains,shared_candidate,"mountain=黒川山(#425); candidate=summit-candidate:109bc31ba8b3aa15; track=""前社ヶ森・剣山・黒川山""; score=0.57; name_tier=strong; ele_diff=262.08m; loc=strong_overlap; act_conf=high"
426,前社ヶ森,summit-candidate:109bc31ba8b3aa15,yamap_2025-09-21_08_53.gpx,前社ヶ森・剣山・黒川山,1627.0833333333333,1592,35.08,0.73,1,2,0.06,false,true,medium,high,high,resolve_conflict,location_strong_match,西条市,,same_municipality,西条市,multiple_candidates_for_mountain|multiple_mountains_for_candidate|missing_csv_coordinate,top_1_but_ambiguous|top_candidate_for_multiple_mountains,shared_candidate|not_mutual_top1,"mountain=前社ヶ森(#426); candidate=summit-candidate:109bc31ba8b3aa15; track=""前社ヶ森・剣山・黒川山""; score=0.63; name_tier=strong; ele_diff=35.08m; loc=strong_overlap; act_conf=high"
426,前社ヶ森,summit-candidate:56e8244e578a141a,yamap_2025-09-21_08_53.gpx,前社ヶ森・剣山・黒川山,1409.006666666667,1592,182.99,0.67,2,2,0,false,true,medium,medium,low,low_priority,location_strong_match,西条市,,same_municipality,西条市,multiple_candidates_for_mountain|multiple_mountains_for_candidate|weak_elevation_evidence|missing_csv_coordinate,top_3_with_evidence,low_priority_alternative,"mountain=前社ヶ森(#426); candidate=summit-candidate:56e8244e578a141a; track=""前社ヶ森・剣山・黒川山""; score=0.57; name_tier=strong; ele_diff=182.99m; loc=strong_overlap; act_conf=high"
426,前社ヶ森,summit-candidate:6b97922a3935a9a5,yamap_2025-09-21_08_53.gpx,前社ヶ森・剣山・黒川山,1354.6866666666667,1592,237.31,0.67,3,2,0,false,true,medium,medium,low,low_priority,location_strong_match,西条市,,same_municipality,西条市,multiple_candidates_for_mountain|multiple_mountains_for_candidate|weak_elevation_evidence|missing_csv_coordinate,top_3_with_evidence,low_priority_alternative,"mountain=前社ヶ森(#426); candidate=summit-candidate:6b97922a3935a9a5; track=""前社ヶ森・剣山・黒川山""; score=0.57; name_tier=strong; ele_diff=237.31m; loc=strong_overlap; act_conf=high"
427,剣山,summit-candidate:109bc31ba8b3aa15,yamap_2025-09-21_08_53.gpx,前社ヶ森・剣山・黒川山,1627.0833333333333,1627,0.08,0.85,1,1,0.18,true,true,medium,medium,high,resolve_conflict,location_strong_match,西条市,,same_municipality,西条市,multiple_candidates_for_mountain|multiple_mountains_for_candidate|missing_csv_coordinate,top_1_but_ambiguous|top_candidate_for_multiple_mountains|priority_reduced_strong_match_mutual_top1,shared_candidate,"mountain=剣山(#427); candidate=summit-candidate:109bc31ba8b3aa15; track=""前社ヶ森・剣山・黒川山""; score=0.75; name_tier=strong; ele_diff=0.08m; loc=strong_overlap; act_conf=high"
427,剣山,summit-candidate:56e8244e578a141a,yamap_2025-09-21_08_53.gpx,前社ヶ森・剣山・黒川山,1409.006666666667,1627,217.99,0.67,2,3,0,false,true,medium,medium,low,low_priority,location_strong_match,西条市,,same_municipality,西条市,multiple_candidates_for_mountain|multiple_mountains_for_candidate|weak_elevation_evidence|missing_csv_coordinate,top_3_with_evidence,low_priority_alternative,"mountain=剣山(#427); candidate=summit-candidate:56e8244e578a141a; track=""前社ヶ森・剣山・黒川山""; score=0.57; name_tier=strong; ele_diff=217.99m; loc=strong_overlap; act_conf=high"
427,剣山,summit-candidate:6b97922a3935a9a5,yamap_2025-09-21_08_53.gpx,前社ヶ森・剣山・黒川山,1354.6866666666667,1627,272.31,0.67,3,3,0,false,true,medium,medium,low,low_priority,location_strong_match,西条市,,same_municipality,西条市,multiple_candidates_for_mountain|multiple_mountains_for_candidate|weak_elevation_evidence|missing_csv_coordinate,top_3_with_evidence,low_priority_alternative,"mountain=剣山(#427); candidate=summit-candidate:6b97922a3935a9a5; track=""前社ヶ森・剣山・黒川山""; score=0.57; name_tier=strong; ele_diff=272.31m; loc=strong_overlap; act_conf=high"
428,東光森山,summit-candidate:6358c7fb40ce841e,yamap_2025-09-27_06_52.gpx,東光森山・別子山,1480.9266666666665,1486,5.07,0.75,1,1,0.02,true,true,medium,high,medium,accept_candidate_after_map_check,location_uncertain_keep,新居浜市,,candidate_boundary_ambiguous,,multiple_candidates_for_mountain|multiple_mountains_for_candidate|missing_csv_coordinate,top_1_but_ambiguous,clear_mutual_top1,"mountain=東光森山(#428); candidate=summit-candidate:6358c7fb40ce841e; track=""東光森山・別子山""; score=0.75; name_tier=strong; ele_diff=5.07m; loc=strong_overlap; act_conf=high"
428,東光森山,summit-candidate:accbb6cf4fee8a2f,yamap_2025-09-27_06_52.gpx,東光森山・別子山,1449.5566666666666,1486,36.44,0.73,2,1,0.06,false,true,medium,medium,high,check_close_alternatives,location_strong_match,新居浜市,,same_municipality,新居浜市,multiple_candidates_for_mountain|multiple_mountains_for_candidate|missing_csv_coordinate,top_3_with_evidence,small_score_gap,"mountain=東光森山(#428); candidate=summit-candidate:accbb6cf4fee8a2f; track=""東光森山・別子山""; score=0.63; name_tier=strong; ele_diff=36.44m; loc=strong_overlap; act_conf=high"
428,東光森山,summit-candidate:4b66146264e5e167,yamap_2025-09-27_06_52.gpx,東光森山・別子山,1271.6466666666668,1486,214.35,0.67,3,1,0.1,false,true,medium,medium,low,low_priority,location_strong_match,新居浜市,,same_municipality,新居浜市,multiple_candidates_for_mountain|multiple_mountains_for_candidate|weak_elevation_evidence|missing_csv_coordinate,top_3_with_evidence,low_priority_alternative,"mountain=東光森山(#428); candidate=summit-candidate:4b66146264e5e167; track=""東光森山・別子山""; score=0.57; name_tier=strong; ele_diff=214.35m; loc=strong_overlap; act_conf=high"
429,別子山,summit-candidate:69652a1c97f3b2eb,yamap_2025-09-27_06_52.gpx,東光森山・別子山,1369.4399999999998,1374,4.56,0.75,1,1,0.08,true,true,medium,high,high,resolve_conflict,location_uncertain_keep,新居浜市,,candidate_boundary_ambiguous,,multiple_candidates_for_mountain|multiple_mountains_for_candidate|missing_csv_coordinate,top_1_but_ambiguous|top_candidate_for_multiple_mountains,shared_candidate,"mountain=別子山(#429); candidate=summit-candidate:69652a1c97f3b2eb; track=""東光森山・別子山""; score=0.75; name_tier=strong; ele_diff=4.56m; loc=strong_overlap; act_conf=high"
429,別子山,summit-candidate:4b66146264e5e167,yamap_2025-09-27_06_52.gpx,東光森山・別子山,1271.6466666666668,1374,102.35,0.67,2,2,0,false,true,medium,medium,low,low_priority,location_strong_match,新居浜市,,same_municipality,新居浜市,multiple_candidates_for_mountain|multiple_mountains_for_candidate|weak_elevation_evidence|missing_csv_coordinate,top_3_with_evidence,low_priority_alternative,"mountain=別子山(#429); candidate=summit-candidate:4b66146264e5e167; track=""東光森山・別子山""; score=0.57; name_tier=strong; ele_diff=102.35m; loc=strong_overlap; act_conf=high"
429,別子山,summit-candidate:accbb6cf4fee8a2f,yamap_2025-09-27_06_52.gpx,東光森山・別子山,1449.5566666666666,1374,75.56,0.67,3,2,0.1,false,true,medium,medium,low,low_priority,location_strong_match,新居浜市,,same_municipality,新居浜市,multiple_candidates_for_mountain|multiple_mountains_for_candidate|weak_elevation_evidence|missing_csv_coordinate,top_3_with_evidence,low_priority_alternative,"mountain=別子山(#429); candidate=summit-candidate:accbb6cf4fee8a2f; track=""東光森山・別子山""; score=0.57; name_tier=strong; ele_diff=75.56m; loc=strong_overlap; act_conf=high"
430,三ッ森山,summit-candidate:8f124a2a1de32654,yamap_2025-10-05_08_42.gpx,三ッ森山・大座礼山,1423.7,1429,5.3,0.85,1,1,0.06,true,true,medium,medium,medium,accept_candidate_after_map_check,location_strong_match,新居浜市,,same_municipality,新居浜市,multiple_candidates_for_mountain|multiple_mountains_for_candidate|missing_csv_coordinate,top_1_but_ambiguous|priority_reduced_strong_match_mutual_top1,clear_mutual_top1,"mountain=三ッ森山(#430); candidate=summit-candidate:8f124a2a1de32654; track=""三ッ森山・大座礼山""; score=0.75; name_tier=strong; ele_diff=5.3m; loc=strong_overlap; act_conf=high"
430,三ッ森山,summit-candidate:b2662116bd1858b6,yamap_2025-10-05_08_42.gpx,三ッ森山・大座礼山,1446.9966666666667,1429,18,0.79,2,1,0.29,false,true,medium,medium,low,low_priority,location_strong_match,新居浜市,,same_municipality,新居浜市,multiple_candidates_for_mountain|multiple_mountains_for_candidate|missing_csv_coordinate,top_3_with_evidence,low_priority_alternative,"mountain=三ッ森山(#430); candidate=summit-candidate:b2662116bd1858b6; track=""三ッ森山・大座礼山""; score=0.69; name_tier=strong; ele_diff=18m; loc=strong_overlap; act_conf=high"
430,三ッ森山,summit-candidate:057580d1c60049b6,yamap_2024-10-05_06_40.gpx,銅山峰・西山・三の森・二の森・一の森,1425.3166666666668,1429,3.68,0.5,3,6,0,false,false,low,high,high,resolve_conflict,location_strong_match,新居浜市,,same_municipality,新居浜市,multiple_candidates_for_mountain|multiple_mountains_for_candidate|weak_name_evidence|missing_csv_coordinate,top_candidate_for_multiple_mountains,shared_candidate,"mountain=三ッ森山(#430); candidate=summit-candidate:057580d1c60049b6; track=""銅山峰・西山・三の森・二の森・一の森""; score=0.4; name_tier=none; ele_diff=3.68m; loc=strong_overlap; act_conf=high"
431,大座礼山,summit-candidate:20557338e1ab5de6,yamap_2025-10-05_08_42.gpx,三ッ森山・大座礼山,1586.6333333333332,1587,0.37,0.68,1,1,0.01,true,true,medium,high,medium,accept_candidate_after_map_check,location_uncertain_keep,新居浜市,,candidate_outside_prefecture,,multiple_candidates_for_mountain|multiple_mountains_for_candidate|missing_csv_coordinate|location_mismatch_warning,top_1_but_ambiguous,clear_mutual_top1,"mountain=大座礼山(#431); candidate=summit-candidate:20557338e1ab5de6; track=""三ッ森山・大座礼山""; score=0.68; name_tier=strong; ele_diff=0.37m; loc=mismatch_warning; act_conf=high"
431,大座礼山,summit-candidate:8f124a2a1de32654,yamap_2025-10-05_08_42.gpx,三ッ森山・大座礼山,1423.7,1587,163.3,0.67,2,2,0,false,true,medium,medium,high,check_close_alternatives,location_strong_match,新居浜市,,same_municipality,新居浜市,multiple_candidates_for_mountain|multiple_mountains_for_candidate|weak_elevation_evidence|missing_csv_coordinate,top_3_with_evidence,small_score_gap,"mountain=大座礼山(#431); candidate=summit-candidate:8f124a2a1de32654; track=""三ッ森山・大座礼山""; score=0.57; name_tier=strong; ele_diff=163.3m; loc=strong_overlap; act_conf=high"
431,大座礼山,summit-candidate:b2662116bd1858b6,yamap_2025-10-05_08_42.gpx,三ッ森山・大座礼山,1446.9966666666667,1587,140,0.67,3,2,0.17,false,true,medium,medium,high,check_close_alternatives,location_strong_match,新居浜市,,same_municipality,新居浜市,multiple_candidates_for_mountain|multiple_mountains_for_candidate|weak_elevation_evidence|missing_csv_coordinate,top_3_with_evidence,small_score_gap,"mountain=大座礼山(#431); candidate=summit-candidate:b2662116bd1858b6; track=""三ッ森山・大座礼山""; score=0.57; name_tier=strong; ele_diff=140m; loc=strong_overlap; act_conf=high"
432,三つ足山,summit-candidate:565ba3761956d9b3,yamap_2025-10-11_06_24.gpx,大森山・佐々連尾山・三つ足山,1426.5633333333335,1452,25.44,0.79,1,2,0.11,false,true,medium,high,high,resolve_conflict,location_strong_match,四国中央市,,same_municipality,四国中央市,multiple_candidates_for_mountain|multiple_mountains_for_candidate|missing_csv_coordinate,top_1_but_ambiguous|top_candidate_for_multiple_mountains,shared_candidate|not_mutual_top1,"mountain=三つ足山(#432); candidate=summit-candidate:565ba3761956d9b3; track=""大森山・佐々連尾山・三つ足山""; score=0.69; name_tier=strong; ele_diff=25.44m; loc=strong_overlap; act_conf=high"
432,三つ足山,summit-candidate:a80dd0489247a839,yamap_2025-10-11_06_24.gpx,大森山・佐々連尾山・三つ足山,1445.6433333333334,1452,6.36,0.68,2,1,0.18,false,true,medium,medium,low,low_priority,location_uncertain_keep,四国中央市,,candidate_boundary_ambiguous,,multiple_candidates_for_mountain|multiple_mountains_for_candidate|missing_csv_coordinate|location_mismatch_warning,top_3_with_evidence,low_priority_alternative,"mountain=三つ足山(#432); candidate=summit-candidate:a80dd0489247a839; track=""大森山・佐々連尾山・三つ足山""; score=0.68; name_tier=strong; ele_diff=6.36m; loc=mismatch_warning; act_conf=high"
432,三つ足山,summit-candidate:db51ae1b2be57eea,yamap_2022-05-07_07_14.gpx,寒川山・鋸山・七々木山・豊受山・赤星山,1451.0833333333333,1452,0.92,0.5,3,8,0.12,false,false,low,medium,low,low_priority,location_strong_match,四国中央市,,same_municipality,四国中央市,multiple_candidates_for_mountain|multiple_mountains_for_candidate|weak_name_evidence|missing_csv_coordinate|activity_link_ambiguous,top_3_with_evidence,low_priority_alternative,"mountain=三つ足山(#432); candidate=summit-candidate:db51ae1b2be57eea; track=""寒川山・鋸山・七々木山・豊受山・赤星山""; score=0.4; name_tier=none; ele_diff=0.92m; loc=strong_overlap; act_conf=high"
433,大森山,summit-candidate:565ba3761956d9b3,yamap_2025-10-11_06_24.gpx,大森山・佐々連尾山・三つ足山,1426.5633333333335,1433,6.44,0.85,1,1,0.23,true,true,medium,medium,high,resolve_conflict,location_strong_match,四国中央市,,same_municipality,四国中央市,multiple_candidates_for_mountain|multiple_mountains_for_candidate|missing_csv_coordinate,top_1_but_ambiguous|top_candidate_for_multiple_mountains|priority_reduced_strong_match_mutual_top1,shared_candidate,"mountain=大森山(#433); candidate=summit-candidate:565ba3761956d9b3; track=""大森山・佐々連尾山・三つ足山""; score=0.75; name_tier=strong; ele_diff=6.44m; loc=strong_overlap; act_conf=high"
433,大森山,summit-candidate:a80dd0489247a839,yamap_2025-10-11_06_24.gpx,大森山・佐々連尾山・三つ足山,1445.6433333333334,1433,12.64,0.62,2,2,0.12,false,true,medium,medium,low,low_priority,location_uncertain_keep,四国中央市,,candidate_boundary_ambiguous,,multiple_candidates_for_mountain|multiple_mountains_for_candidate|missing_csv_coordinate|location_mismatch_warning,top_3_with_evidence,low_priority_alternative,"mountain=大森山(#433); candidate=summit-candidate:a80dd0489247a839; track=""大森山・佐々連尾山・三つ足山""; score=0.62; name_tier=strong; ele_diff=12.64m; loc=mismatch_warning; act_conf=high"
433,大森山,summit-candidate:19ab381ef6c337af,yamap_2026-02-22_07_32.gpx,高森山・町木山・寒台山・鎧掛山,993.1336935716172,1433,439.87,0.5,3,12,0,false,false,low,medium,low,low_priority,location_uncertain_keep,四国中央市,,non_adjacent_municipality,大洲市,multiple_candidates_for_mountain|multiple_mountains_for_candidate|weak_elevation_evidence|missing_csv_coordinate|location_mismatch_warning|activity_link_ambiguous,top_3_with_evidence,low_priority_alternative,"mountain=大森山(#433); candidate=summit-candidate:19ab381ef6c337af; track=""高森山・町木山・寒台山・鎧掛山""; score=0.5; name_tier=strong; ele_diff=439.87m; loc=mismatch_warning; act_conf=high"
434,佐々連尾山,summit-candidate:565ba3761956d9b3,yamap_2025-10-11_06_24.gpx,大森山・佐々連尾山・三つ足山,1426.5633333333335,1404,22.56,0.79,1,3,0.23,false,true,medium,high,high,resolve_conflict,location_strong_match,四国中央市,,same_municipality,四国中央市,multiple_candidates_for_mountain|multiple_mountains_for_candidate|missing_csv_coordinate,top_1_but_ambiguous|top_candidate_for_multiple_mountains,shared_candidate|not_mutual_top1,"mountain=佐々連尾山(#434); candidate=summit-candidate:565ba3761956d9b3; track=""大森山・佐々連尾山・三つ足山""; score=0.69; name_tier=strong; ele_diff=22.56m; loc=strong_overlap; act_conf=high"
434,佐々連尾山,summit-candidate:a80dd0489247a839,yamap_2025-10-11_06_24.gpx,大森山・佐々連尾山・三つ足山,1445.6433333333334,1404,41.64,0.56,2,4,0.18,false,false,medium,medium,low,low_priority,location_uncertain_keep,四国中央市,,candidate_boundary_ambiguous,,multiple_candidates_for_mountain|multiple_mountains_for_candidate|missing_csv_coordinate|location_mismatch_warning,top_3_with_evidence,low_priority_alternative,"mountain=佐々連尾山(#434); candidate=summit-candidate:a80dd0489247a839; track=""大森山・佐々連尾山・三つ足山""; score=0.56; name_tier=strong; ele_diff=41.64m; loc=mismatch_warning; act_conf=high"
434,佐々連尾山,summit-candidate:53bf856dccad5eab,yamap_2025-04-27_06_23.gpx,野地峰・黒岩山・大野山,1397.78,1404,6.22,0.38,3,9,0.05,false,false,low,medium,high,check_location_warning,boundary_plausible,四国中央市,,adjacent_municipality,新居浜市,multiple_candidates_for_mountain|multiple_mountains_for_candidate|weak_name_evidence|missing_csv_coordinate|location_mismatch_warning,top_3_with_evidence,boundary_plausible,"mountain=佐々連尾山(#434); candidate=summit-candidate:53bf856dccad5eab; track=""野地峰・黒岩山・大野山""; score=0.33; name_tier=none; ele_diff=6.22m; loc=mismatch_warning; act_conf=high"
435,東ノ冠岳,summit-candidate:b73a23fa4b3abc39,yamap_2023-09-06_13_30.gpx,冠岳,1375.6266666666668,1920,544.37,0.6,1,3,0.22,false,true,low,high,high,resolve_conflict,location_strong_match,久万高原町,,same_municipality,久万高原町,multiple_candidates_for_mountain|multiple_mountains_for_candidate|weak_elevation_evidence|missing_csv_coordinate,top_1_but_ambiguous|top_candidate_for_multiple_mountains,shared_candidate|not_mutual_top1,"mountain=東ノ冠岳(#435); candidate=summit-candidate:b73a23fa4b3abc39; track=""冠岳""; score=0.5; name_tier=medium; ele_diff=544.37m; loc=strong_overlap; act_conf=high"
435,東ノ冠岳,summit-candidate:fe43b0b6aa90cb8f,yamap_2022-07-02_07_43.gpx,石鎚山・西ノ冠岳・面河の頭・二ノ森・鞍瀬ノ頭,1920.7933333333333,1920,0.79,0.38,2,8,0.05,false,false,low,medium,high,check_location_warning,boundary_plausible,久万高原町,,adjacent_municipality,西条市,multiple_candidates_for_mountain|multiple_mountains_for_candidate|weak_name_evidence|missing_csv_coordinate|location_mismatch_warning,top_3_with_evidence,boundary_plausible,"mountain=東ノ冠岳(#435); candidate=summit-candidate:fe43b0b6aa90cb8f; track=""石鎚山・西ノ冠岳・面河の頭・二ノ森・鞍瀬ノ頭""; score=0.33; name_tier=none; ele_diff=0.79m; loc=mismatch_warning; act_conf=high"
435,東ノ冠岳,summit-candidate:bca203164e26ce6a,yamap_2022-07-02_07_43.gpx,石鎚山・西ノ冠岳・面河の頭・二ノ森・鞍瀬ノ頭,1924.4866666666667,1920,4.49,0.33,3,8,0.01,false,false,low,medium,low,low_priority,location_uncertain_keep,久万高原町,,candidate_boundary_ambiguous,,multiple_candidates_for_mountain|multiple_mountains_for_candidate|weak_name_evidence|missing_csv_coordinate|location_mismatch_warning,top_3_with_evidence,low_priority_alternative,"mountain=東ノ冠岳(#435); candidate=summit-candidate:bca203164e26ce6a; track=""石鎚山・西ノ冠岳・面河の頭・二ノ森・鞍瀬ノ頭""; score=0.33; name_tier=none; ele_diff=4.49m; loc=mismatch_warning; act_conf=high"
436,大峰,summit-candidate:1946316119cd7251,yamap_2025-10-23_15_58.gpx,大峰,362.5859909540507,358,4.59,0.85,1,1,0.18,true,true,medium,medium,medium,accept_candidate_after_map_check,location_strong_match,伊方町,,same_municipality,伊方町,multiple_candidates_for_mountain|multiple_mountains_for_candidate|missing_csv_coordinate|activity_link_ambiguous|timezone_sensitive_activity_link,top_1_but_ambiguous|priority_reduced_strong_match_mutual_top1,clear_mutual_top1,"mountain=大峰(#436); candidate=summit-candidate:1946316119cd7251; track=""大峰""; score=0.75; name_tier=strong; ele_diff=4.59m; loc=strong_overlap; act_conf=high"
436,大峰,summit-candidate:f3bf8b21a01f29ef,yamap_2025-10-23_16_38.gpx,堂堂山,408.84971455495605,358,50.85,0.67,2,2,0.29,false,true,medium,medium,low,low_priority,location_strong_match,伊方町,,same_municipality,伊方町,multiple_candidates_for_mountain|multiple_mountains_for_candidate|weak_elevation_evidence|missing_csv_coordinate|activity_link_ambiguous|timezone_sensitive_activity_link,top_3_with_evidence,low_priority_alternative,"mountain=大峰(#436); candidate=summit-candidate:f3bf8b21a01f29ef; track=""堂堂山""; score=0.57; name_tier=strong; ele_diff=50.85m; loc=strong_overlap; act_conf=high"
436,大峰,summit-candidate:6756239601754708,yamap_2026-02-14_13_33.gpx,権現山,358.1833333333334,358,0.18,0.38,3,17,0.05,false,false,low,high,high,resolve_conflict,boundary_plausible,伊方町,,adjacent_municipality,八幡浜市,multiple_candidates_for_mountain|multiple_mountains_for_candidate|weak_name_evidence|missing_csv_coordinate|location_mismatch_warning|activity_link_ambiguous,top_candidate_for_multiple_mountains,shared_candidate,"mountain=大峰(#436); candidate=summit-candidate:6756239601754708; track=""権現山""; score=0.33; name_tier=none; ele_diff=0.18m; loc=mismatch_warning; act_conf=high"
437,堂堂山,summit-candidate:f3bf8b21a01f29ef,yamap_2025-10-23_16_38.gpx,堂堂山,408.84971455495605,403,5.85,0.85,1,1,0.12,true,true,medium,medium,medium,accept_candidate_after_map_check,location_strong_match,伊方町,,same_municipality,伊方町,multiple_candidates_for_mountain|multiple_mountains_for_candidate|missing_csv_coordinate|activity_link_ambiguous|timezone_sensitive_activity_link,top_1_but_ambiguous|priority_reduced_strong_match_mutual_top1,clear_mutual_top1,"mountain=堂堂山(#437); candidate=summit-candidate:f3bf8b21a01f29ef; track=""堂堂山""; score=0.75; name_tier=strong; ele_diff=5.85m; loc=strong_overlap; act_conf=high"
437,堂堂山,summit-candidate:1946316119cd7251,yamap_2025-10-23_15_58.gpx,大峰,362.5859909540507,403,40.41,0.73,2,2,0.29,false,true,medium,medium,low,low_priority,location_strong_match,伊方町,,same_municipality,伊方町,multiple_candidates_for_mountain|multiple_mountains_for_candidate|missing_csv_coordinate|activity_link_ambiguous|timezone_sensitive_activity_link,top_3_with_evidence,low_priority_alternative,"mountain=堂堂山(#437); candidate=summit-candidate:1946316119cd7251; track=""大峰""; score=0.63; name_tier=strong; ele_diff=40.41m; loc=strong_overlap; act_conf=high"
437,堂堂山,summit-candidate:da46e12c02d47edf,yamap_2022-02-09_10_01.gpx,佐田岬と伽藍山,413.7400702411658,403,10.74,0.44,3,3,0.11,false,true,low,medium,low,low_priority,location_strong_match,伊方町,,same_municipality,伊方町,multiple_candidates_for_mountain|multiple_mountains_for_candidate|weak_name_evidence|missing_csv_coordinate,top_3_with_evidence,low_priority_alternative,"mountain=堂堂山(#437); candidate=summit-candidate:da46e12c02d47edf; track=""佐田岬と伽藍山""; score=0.34; name_tier=none; ele_diff=10.74m; loc=strong_overlap; act_conf=high"
438,堂所山,summit-candidate:192b785fe79890e5,yamap_2025-10-26_11_45.gpx,堂所山,592.0266666666666,593,0.97,0.85,1,1,0.35,true,true,medium,medium,medium,accept_candidate_after_map_check,location_strong_match,西予市,,same_municipality,西予市,multiple_candidates_for_mountain|multiple_mountains_for_candidate|missing_csv_coordinate,top_1_but_ambiguous|priority_reduced_strong_match_mutual_top1,clear_mutual_top1,"mountain=堂所山(#438); candidate=summit-candidate:192b785fe79890e5; track=""堂所山""; score=0.75; name_tier=strong; ele_diff=0.97m; loc=strong_overlap; act_conf=high"
438,堂所山,summit-candidate:d71483d289d0c575,yamap_2025-01-24_13_34.gpx,御篠山・松葉山（松葉城址）・烏殿,583.88,593,9.12,0.5,2,4,0.06,false,false,low,medium,low,low_priority,location_strong_match,西予市,,same_municipality,西予市,multiple_candidates_for_mountain|multiple_mountains_for_candidate|weak_name_evidence|missing_csv_coordinate,top_3_with_evidence,low_priority_alternative,"mountain=堂所山(#438); candidate=summit-candidate:d71483d289d0c575; track=""御篠山・松葉山（松葉城址）・烏殿""; score=0.4; name_tier=none; ele_diff=9.12m; loc=strong_overlap; act_conf=high"
438,堂所山,summit-candidate:5f3f2f47d84464c4,yamap_2025-03-30_09_12.gpx,一ヶ森,605.2468947172716,593,12.25,0.44,3,8,0,false,false,low,high,high,resolve_conflict,location_strong_match,西予市,,same_municipality,西予市,multiple_candidates_for_mountain|multiple_mountains_for_candidate|weak_name_evidence|missing_csv_coordinate|activity_link_ambiguous,top_candidate_for_multiple_mountains,shared_candidate,"mountain=堂所山(#438); candidate=summit-candidate:5f3f2f47d84464c4; track=""一ヶ森""; score=0.34; name_tier=none; ele_diff=12.25m; loc=strong_overlap; act_conf=high"
439,天満山,summit-candidate:69652a1c97f3b2eb,yamap_2025-09-27_06_52.gpx,東光森山・別子山,1369.4399999999998,1360,9.44,0.4,1,3,0.07,false,true,low,high,high,resolve_conflict,location_uncertain_keep,新居浜市,,candidate_boundary_ambiguous,,multiple_candidates_for_mountain|multiple_mountains_for_candidate|weak_name_evidence|missing_csv_coordinate,top_1_but_ambiguous|top_candidate_for_multiple_mountains,shared_candidate|not_mutual_top1,"mountain=天満山(#439); candidate=summit-candidate:69652a1c97f3b2eb; track=""東光森山・別子山""; score=0.4; name_tier=none; ele_diff=9.44m; loc=strong_overlap; act_conf=high"
439,天満山,summit-candidate:09c1602c02ce7f78,yamap_2024-04-07_06_45.gpx,二箆山・西雑誌山,1357.4633333333334,1360,2.54,0.33,2,10,0,false,false,low,medium,low,low_priority,location_uncertain_keep,新居浜市,,non_adjacent_municipality,久万高原町,multiple_candidates_for_mountain|multiple_mountains_for_candidate|weak_name_evidence|missing_csv_coordinate|location_mismatch_warning,top_3_with_evidence,low_priority_alternative,"mountain=天満山(#439); candidate=summit-candidate:09c1602c02ce7f78; track=""二箆山・西雑誌山""; score=0.33; name_tier=none; ele_diff=2.54m; loc=mismatch_warning; act_conf=high"
439,天満山,summit-candidate:1c085703f9a891aa,yamap_2025-08-15_12_44.gpx,正木ノ森,1363.1366666666665,1360,3.14,0.33,3,13,0,false,false,low,medium,low,low_priority,location_uncertain_keep,新居浜市,,non_adjacent_municipality,久万高原町,multiple_candidates_for_mountain|multiple_mountains_for_candidate|weak_name_evidence|missing_csv_coordinate|location_mismatch_warning|activity_link_ambiguous,top_3_with_evidence,low_priority_alternative,"mountain=天満山(#439); candidate=summit-candidate:1c085703f9a891aa; track=""正木ノ森""; score=0.33; name_tier=none; ele_diff=3.14m; loc=mismatch_warning; act_conf=high"
440,霧立山,summit-candidate:b319c20dc9ecb5f1,yamap_2025-12-06_08_06.gpx,霧立山・地蔵山,1106.7248732843473,1096,10.72,0.79,1,1,0.06,true,true,medium,medium,medium,accept_candidate_after_map_check,location_strong_match,鬼北町,,same_municipality,鬼北町,multiple_candidates_for_mountain|multiple_mountains_for_candidate|missing_csv_coordinate,top_1_but_ambiguous|priority_reduced_strong_match_mutual_top1,clear_mutual_top1,"mountain=霧立山(#440); candidate=summit-candidate:b319c20dc9ecb5f1; track=""霧立山・地蔵山""; score=0.69; name_tier=strong; ele_diff=10.72m; loc=strong_overlap; act_conf=high"
440,霧立山,summit-candidate:9fe4d21715424f17,yamap_2025-12-06_08_06.gpx,霧立山・地蔵山,1139.8423907433491,1096,43.84,0.73,2,2,0.4,false,true,medium,medium,low,low_priority,location_strong_match,鬼北町,,same_municipality,鬼北町,multiple_candidates_for_mountain|multiple_mountains_for_candidate|missing_csv_coordinate,top_3_with_evidence,low_priority_alternative,"mountain=霧立山(#440); candidate=summit-candidate:9fe4d21715424f17; track=""霧立山・地蔵山""; score=0.63; name_tier=strong; ele_diff=43.84m; loc=strong_overlap; act_conf=high"
440,霧立山,summit-candidate:7a53852cc6c3e971,yamap_2026-03-01_06_45.gpx,剣ノ山・三傍示山・塩塚峰,1103.0333333333333,1096,7.03,0.33,3,10,0,false,false,low,medium,low,low_priority,location_uncertain_keep,鬼北町,,candidate_boundary_ambiguous,,multiple_candidates_for_mountain|multiple_mountains_for_candidate|weak_name_evidence|missing_csv_coordinate|location_mismatch_warning,top_3_with_evidence,low_priority_alternative,"mountain=霧立山(#440); candidate=summit-candidate:7a53852cc6c3e971; track=""剣ノ山・三傍示山・塩塚峰""; score=0.33; name_tier=none; ele_diff=7.03m; loc=mismatch_warning; act_conf=high"
441,地蔵山,summit-candidate:9fe4d21715424f17,yamap_2025-12-06_08_06.gpx,霧立山・地蔵山,1139.8423907433491,1126,13.84,0.79,1,1,0,true,true,medium,medium,medium,accept_candidate_after_map_check,location_strong_match,鬼北町,,same_municipality,鬼北町,multiple_candidates_for_mountain|multiple_mountains_for_candidate|missing_csv_coordinate,top_1_but_ambiguous|priority_reduced_strong_match_mutual_top1,clear_mutual_top1,"mountain=地蔵山(#441); candidate=summit-candidate:9fe4d21715424f17; track=""霧立山・地蔵山""; score=0.69; name_tier=strong; ele_diff=13.84m; loc=strong_overlap; act_conf=high"
441,地蔵山,summit-candidate:b319c20dc9ecb5f1,yamap_2025-12-06_08_06.gpx,霧立山・地蔵山,1106.7248732843473,1126,19.28,0.79,2,2,0.41,false,true,medium,medium,high,check_close_alternatives,location_strong_match,鬼北町,,same_municipality,鬼北町,multiple_candidates_for_mountain|multiple_mountains_for_candidate|missing_csv_coordinate,top_3_with_evidence,small_score_gap,"mountain=地蔵山(#441); candidate=summit-candidate:b319c20dc9ecb5f1; track=""霧立山・地蔵山""; score=0.69; name_tier=strong; ele_diff=19.28m; loc=strong_overlap; act_conf=high"
441,地蔵山,summit-candidate:6198ad7009d86ec2,yamap_2022-04-22_14_13.gpx,雨包山,1117.4867674520622,1126,8.51,0.38,3,7,0.11,false,false,low,medium,high,check_location_warning,boundary_plausible,鬼北町,,adjacent_municipality,西予市,multiple_candidates_for_mountain|multiple_mountains_for_candidate|weak_name_evidence|missing_csv_coordinate|location_mismatch_warning|activity_link_ambiguous,top_3_with_evidence,boundary_plausible,"mountain=地蔵山(#441); candidate=summit-candidate:6198ad7009d86ec2; track=""雨包山""; score=0.33; name_tier=none; ele_diff=8.51m; loc=mismatch_warning; act_conf=high"
442,天道ヶ頭,summit-candidate:8d1f2bd134bed04d,yamap_2025-12-10_11_40.gpx,天道ヶ頭,507.77,510,2.23,0.85,1,1,0.51,true,true,medium,medium,medium,accept_candidate_after_map_check,location_strong_match,今治市,,same_municipality,今治市,multiple_candidates_for_mountain|multiple_mountains_for_candidate|missing_csv_coordinate,top_1_but_ambiguous|priority_reduced_strong_match_mutual_top1,clear_mutual_top1,"mountain=天道ヶ頭(#442); candidate=summit-candidate:8d1f2bd134bed04d; track=""天道ヶ頭""; score=0.75; name_tier=strong; ele_diff=2.23m; loc=strong_overlap; act_conf=high"
442,天道ヶ頭,summit-candidate:6b0155a434d72d79,yamap_2024-12-15_07_21.gpx,陣が森・岩が森・スクモ塚・高萩山・長者森,532.4466666666667,510,22.45,0.34,2,8,0.01,false,false,low,high,high,resolve_conflict,location_uncertain_keep,今治市,,candidate_boundary_ambiguous,,multiple_candidates_for_mountain|multiple_mountains_for_candidate|weak_name_evidence|missing_csv_coordinate,top_candidate_for_multiple_mountains,shared_candidate,"mountain=天道ヶ頭(#442); candidate=summit-candidate:6b0155a434d72d79; track=""陣が森・岩が森・スクモ塚・高萩山・長者森""; score=0.34; name_tier=none; ele_diff=22.45m; loc=strong_overlap; act_conf=high"
442,天道ヶ頭,summit-candidate:32c1cf967ab82dbe,yamap_2024-12-01_06_40.gpx,唐谷山・天狗森・木峰・金見山・高丸・五郎丸・大谷山・龍王山,503.24333333333334,510,6.76,0.33,3,16,0,false,false,low,high,high,resolve_conflict,location_uncertain_keep,今治市,,candidate_boundary_ambiguous,,multiple_candidates_for_mountain|multiple_mountains_for_candidate|weak_name_evidence|missing_csv_coordinate|location_mismatch_warning|activity_link_ambiguous,top_candidate_for_multiple_mountains,shared_candidate,"mountain=天道ヶ頭(#442); candidate=summit-candidate:32c1cf967ab82dbe; track=""唐谷山・天狗森・木峰・金見山・高丸・五郎丸・大谷山・龍王山""; score=0.33; name_tier=none; ele_diff=6.76m; loc=mismatch_warning; act_conf=high"
443,根太山,summit-candidate:b1bd2a482a691bd8,yamap_2025-12-14_12_03.gpx,根太山,285.99333333333334,299,13.01,0.79,1,1,0.12,true,true,medium,medium,medium,accept_candidate_after_map_check,location_strong_match,大洲市,,same_municipality,大洲市,multiple_candidates_for_mountain|multiple_mountains_for_candidate|missing_csv_coordinate|activity_link_ambiguous,top_1_but_ambiguous|priority_reduced_strong_match_mutual_top1,clear_mutual_top1,"mountain=根太山(#443); candidate=summit-candidate:b1bd2a482a691bd8; track=""根太山""; score=0.69; name_tier=strong; ele_diff=13.01m; loc=strong_overlap; act_conf=high"
443,根太山,summit-candidate:6b62cbb916ef874d,yamap_2025-12-14_08_56.gpx,梁瀬山・紅葉山,371.28,299,72.28,0.67,2,3,0,false,true,medium,high,high,resolve_conflict,location_strong_match,大洲市,,same_municipality,大洲市,multiple_candidates_for_mountain|multiple_mountains_for_candidate|weak_elevation_evidence|missing_csv_coordinate|activity_link_ambiguous,top_candidate_for_multiple_mountains,shared_candidate,"mountain=根太山(#443); candidate=summit-candidate:6b62cbb916ef874d; track=""梁瀬山・紅葉山""; score=0.57; name_tier=strong; ele_diff=72.28m; loc=strong_overlap; act_conf=high"
443,根太山,summit-candidate:d663a75e24f23530,yamap_2025-12-14_08_56.gpx,梁瀬山・紅葉山,373.03999999999996,299,74.04,0.67,3,3,0.34,false,true,medium,medium,low,low_priority,location_strong_match,大洲市,,same_municipality,大洲市,multiple_candidates_for_mountain|multiple_mountains_for_candidate|weak_elevation_evidence|missing_csv_coordinate|activity_link_ambiguous,top_3_with_evidence,low_priority_alternative,"mountain=根太山(#443); candidate=summit-candidate:d663a75e24f23530; track=""梁瀬山・紅葉山""; score=0.57; name_tier=strong; ele_diff=74.04m; loc=strong_overlap; act_conf=high"
444,紅葉山,summit-candidate:6b62cbb916ef874d,yamap_2025-12-14_08_56.gpx,梁瀬山・紅葉山,371.28,376,4.72,0.85,1,1,0,true,true,medium,medium,high,resolve_conflict,location_strong_match,大洲市,,same_municipality,大洲市,multiple_candidates_for_mountain|multiple_mountains_for_candidate|missing_csv_coordinate|activity_link_ambiguous,top_1_but_ambiguous|top_candidate_for_multiple_mountains|priority_reduced_strong_match_mutual_top1,shared_candidate,"mountain=紅葉山(#444); candidate=summit-candidate:6b62cbb916ef874d; track=""梁瀬山・紅葉山""; score=0.75; name_tier=strong; ele_diff=4.72m; loc=strong_overlap; act_conf=high"
444,紅葉山,summit-candidate:d663a75e24f23530,yamap_2025-12-14_08_56.gpx,梁瀬山・紅葉山,373.03999999999996,376,2.96,0.85,2,1,0.18,false,true,medium,medium,high,check_close_alternatives,location_strong_match,大洲市,,same_municipality,大洲市,multiple_candidates_for_mountain|multiple_mountains_for_candidate|missing_csv_coordinate|activity_link_ambiguous,top_3_with_evidence,small_score_gap,"mountain=紅葉山(#444); candidate=summit-candidate:d663a75e24f23530; track=""梁瀬山・紅葉山""; score=0.75; name_tier=strong; ele_diff=2.96m; loc=strong_overlap; act_conf=high"
444,紅葉山,summit-candidate:b1bd2a482a691bd8,yamap_2025-12-14_12_03.gpx,根太山,285.99333333333334,376,90.01,0.67,3,2,0.23,false,true,medium,medium,low,low_priority,location_strong_match,大洲市,,same_municipality,大洲市,multiple_candidates_for_mountain|multiple_mountains_for_candidate|weak_elevation_evidence|missing_csv_coordinate|activity_link_ambiguous,top_3_with_evidence,low_priority_alternative,"mountain=紅葉山(#444); candidate=summit-candidate:b1bd2a482a691bd8; track=""根太山""; score=0.57; name_tier=strong; ele_diff=90.01m; loc=strong_overlap; act_conf=high"
445,梁瀬山,summit-candidate:6b62cbb916ef874d,yamap_2025-12-14_08_56.gpx,梁瀬山・紅葉山,371.28,372,0.72,0.85,1,2,0,false,true,medium,high,high,resolve_conflict,location_strong_match,大洲市,,same_municipality,大洲市,multiple_candidates_for_mountain|multiple_mountains_for_candidate|missing_csv_coordinate|activity_link_ambiguous,top_1_but_ambiguous|top_candidate_for_multiple_mountains,shared_candidate|not_mutual_top1,"mountain=梁瀬山(#445); candidate=summit-candidate:6b62cbb916ef874d; track=""梁瀬山・紅葉山""; score=0.75; name_tier=strong; ele_diff=0.72m; loc=strong_overlap; act_conf=high"
445,梁瀬山,summit-candidate:d663a75e24f23530,yamap_2025-12-14_08_56.gpx,梁瀬山・紅葉山,373.03999999999996,372,1.04,0.85,2,2,0.18,false,true,medium,medium,high,check_close_alternatives,location_strong_match,大洲市,,same_municipality,大洲市,multiple_candidates_for_mountain|multiple_mountains_for_candidate|missing_csv_coordinate|activity_link_ambiguous,top_3_with_evidence,small_score_gap,"mountain=梁瀬山(#445); candidate=summit-candidate:d663a75e24f23530; track=""梁瀬山・紅葉山""; score=0.75; name_tier=strong; ele_diff=1.04m; loc=strong_overlap; act_conf=high"
445,梁瀬山,summit-candidate:b1bd2a482a691bd8,yamap_2025-12-14_12_03.gpx,根太山,285.99333333333334,372,86.01,0.67,3,3,0.23,false,true,medium,medium,low,low_priority,location_strong_match,大洲市,,same_municipality,大洲市,multiple_candidates_for_mountain|multiple_mountains_for_candidate|weak_elevation_evidence|missing_csv_coordinate|activity_link_ambiguous,top_3_with_evidence,low_priority_alternative,"mountain=梁瀬山(#445); candidate=summit-candidate:b1bd2a482a691bd8; track=""根太山""; score=0.57; name_tier=strong; ele_diff=86.01m; loc=strong_overlap; act_conf=high"
446,池ノ城山,summit-candidate:f028aab45221cee6,yamap_2025-12-20_07_28.gpx,池ノ城山,599.1233333333333,589,10.12,0.79,1,1,0.285,true,true,medium,medium,high,resolve_conflict,location_strong_match,内子町,,same_municipality,内子町,multiple_candidates_for_mountain|multiple_mountains_for_candidate|missing_csv_coordinate,top_1_but_ambiguous|top_candidate_for_multiple_mountains|priority_reduced_strong_match_mutual_top1,shared_candidate,"mountain=池ノ城山(#446); candidate=summit-candidate:f028aab45221cee6; track=""池ノ城山""; score=0.69; name_tier=strong; ele_diff=10.12m; loc=strong_overlap; act_conf=high"
446,池ノ城山,summit-candidate:9cc74b44e1289236,yamap_2024-12-01_06_40.gpx,唐谷山・天狗森・木峰・金見山・高丸・五郎丸・大谷山・龍王山,589.3233333333334,589,0.32,0.505,2,11,0,false,false,low,medium,low,low_priority,location_uncertain_keep,内子町,,candidate_boundary_ambiguous,,multiple_candidates_for_mountain|multiple_mountains_for_candidate|weak_name_evidence|missing_csv_coordinate|location_mismatch_warning|activity_link_ambiguous,top_3_with_evidence,low_priority_alternative,"mountain=池ノ城山(#446); candidate=summit-candidate:9cc74b44e1289236; track=""唐谷山・天狗森・木峰・金見山・高丸・五郎丸・大谷山・龍王山""; score=0.505; name_tier=weak; ele_diff=0.32m; loc=mismatch_warning; act_conf=high"
446,池ノ城山,summit-candidate:c8607e1f03bb5db1,yamap_2024-12-01_06_40.gpx,唐谷山・天狗森・木峰・金見山・高丸・五郎丸・大谷山・龍王山,585.22,589,3.78,0.505,3,11,0,false,false,low,medium,low,low_priority,location_uncertain_keep,内子町,,candidate_boundary_ambiguous,,multiple_candidates_for_mountain|multiple_mountains_for_candidate|weak_name_evidence|missing_csv_coordinate|location_mismatch_warning|activity_link_ambiguous,top_3_with_evidence,low_priority_alternative,"mountain=池ノ城山(#446); candidate=summit-candidate:c8607e1f03bb5db1; track=""唐谷山・天狗森・木峰・金見山・高丸・五郎丸・大谷山・龍王山""; score=0.505; name_tier=weak; ele_diff=3.78m; loc=mismatch_warning; act_conf=high"
447,峠ヶ森,summit-candidate:e7b64a377534c79e,yamap_2026-01-04_11_16.gpx,峠ヶ森,217.52368147012137,202,15.52,0.79,1,1,0.12,true,true,medium,medium,medium,accept_candidate_after_map_check,location_strong_match,宇和島市,,same_municipality,宇和島市,multiple_candidates_for_mountain|multiple_mountains_for_candidate|missing_csv_coordinate|activity_link_ambiguous,top_1_but_ambiguous|priority_reduced_strong_match_mutual_top1,clear_mutual_top1,"mountain=峠ヶ森(#447); candidate=summit-candidate:e7b64a377534c79e; track=""峠ヶ森""; score=0.69; name_tier=strong; ele_diff=15.52m; loc=strong_overlap; act_conf=high"
447,峠ヶ森,summit-candidate:730e21bca5cdf60d,yamap_2026-01-04_08_20.gpx,雨森山,312.2633333333334,202,110.26,0.67,2,2,0.34,false,true,medium,medium,low,low_priority,location_strong_match,宇和島市,,same_municipality,宇和島市,multiple_candidates_for_mountain|multiple_mountains_for_candidate|weak_elevation_evidence|missing_csv_coordinate|activity_link_ambiguous,top_3_with_evidence,low_priority_alternative,"mountain=峠ヶ森(#447); candidate=summit-candidate:730e21bca5cdf60d; track=""雨森山""; score=0.57; name_tier=strong; ele_diff=110.26m; loc=strong_overlap; act_conf=high"
447,峠ヶ森,summit-candidate:23c112538ef91e0d,yamap_2022-02-23_08_42.gpx,西山・経ヶ森・岩子山・護摩ヶ森,195.95000000000002,202,6.05,0.33,3,24,0,false,false,low,high,high,resolve_conflict,location_uncertain_keep,宇和島市,,non_adjacent_municipality,松山市,multiple_candidates_for_mountain|multiple_mountains_for_candidate|weak_name_evidence|missing_csv_coordinate|location_mismatch_warning,top_candidate_for_multiple_mountains,shared_candidate,"mountain=峠ヶ森(#447); candidate=summit-candidate:23c112538ef91e0d; track=""西山・経ヶ森・岩子山・護摩ヶ森""; score=0.33; name_tier=none; ele_diff=6.05m; loc=mismatch_warning; act_conf=high"
448,雨森山,summit-candidate:730e21bca5cdf60d,yamap_2026-01-04_08_20.gpx,雨森山,312.2633333333334,302,10.26,0.79,1,1,0.12,true,true,medium,medium,medium,accept_candidate_after_map_check,location_strong_match,宇和島市,,same_municipality,宇和島市,multiple_candidates_for_mountain|multiple_mountains_for_candidate|missing_csv_coordinate|activity_link_ambiguous,top_1_but_ambiguous|priority_reduced_strong_match_mutual_top1,clear_mutual_top1,"mountain=雨森山(#448); candidate=summit-candidate:730e21bca5cdf60d; track=""雨森山""; score=0.69; name_tier=strong; ele_diff=10.26m; loc=strong_overlap; act_conf=high"
448,雨森山,summit-candidate:e7b64a377534c79e,yamap_2026-01-04_11_16.gpx,峠ヶ森,217.52368147012137,302,84.48,0.67,2,2,0.23,false,true,medium,medium,low,low_priority,location_strong_match,宇和島市,,same_municipality,宇和島市,multiple_candidates_for_mountain|multiple_mountains_for_candidate|weak_elevation_evidence|missing_csv_coordinate|activity_link_ambiguous,top_3_with_evidence,low_priority_alternative,"mountain=雨森山(#448); candidate=summit-candidate:e7b64a377534c79e; track=""峠ヶ森""; score=0.57; name_tier=strong; ele_diff=84.48m; loc=strong_overlap; act_conf=high"
448,雨森山,summit-candidate:e55456349660bd14,yamap_2026-01-31_10_49.gpx,遠見山,325.42,302,23.42,0.44,3,7,0,false,false,low,medium,low,low_priority,location_strong_match,宇和島市,,same_municipality,宇和島市,multiple_candidates_for_mountain|multiple_mountains_for_candidate|weak_name_evidence|missing_csv_coordinate|activity_link_ambiguous,top_3_with_evidence,low_priority_alternative,"mountain=雨森山(#448); candidate=summit-candidate:e55456349660bd14; track=""遠見山""; score=0.34; name_tier=none; ele_diff=23.42m; loc=strong_overlap; act_conf=high"
449,御在所山,summit-candidate:17c3649ad9b147ce,yamap_2026-01-07_07_05.gpx,御在所山,665.1833333333333,668,2.82,0.75,1,1,0.18,true,true,medium,high,high,resolve_conflict,location_uncertain_keep,大洲市,,candidate_boundary_ambiguous,,multiple_candidates_for_mountain|multiple_mountains_for_candidate|missing_csv_coordinate|activity_link_ambiguous,top_1_but_ambiguous|top_candidate_for_multiple_mountains,shared_candidate,"mountain=御在所山(#449); candidate=summit-candidate:17c3649ad9b147ce; track=""御在所山""; score=0.75; name_tier=strong; ele_diff=2.82m; loc=strong_overlap; act_conf=high"
449,御在所山,summit-candidate:a271a6c73ad11b69,yamap_2026-01-07_09_14.gpx,高雄山,382.21000000000004,668,285.79,0.57,2,2,0.07,false,true,medium,medium,low,low_priority,location_uncertain_keep,大洲市,,candidate_boundary_ambiguous,,multiple_candidates_for_mountain|multiple_mountains_for_candidate|weak_elevation_evidence|missing_csv_coordinate|activity_link_ambiguous,top_3_with_evidence,low_priority_alternative,"mountain=御在所山(#449); candidate=summit-candidate:a271a6c73ad11b69; track=""高雄山""; score=0.57; name_tier=strong; ele_diff=285.79m; loc=strong_overlap; act_conf=high"
449,御在所山,summit-candidate:61f36127d879648f,yamap_2022-04-27_10_31.gpx,御在所山,911.8788921966252,668,243.88,0.5,3,2,0.06,false,true,low,medium,low,low_priority,location_uncertain_keep,大洲市,,candidate_boundary_ambiguous,,multiple_candidates_for_mountain|multiple_mountains_for_candidate|weak_elevation_evidence|missing_csv_coordinate|location_mismatch_warning,top_3_with_evidence,low_priority_alternative,"mountain=御在所山(#449); candidate=summit-candidate:61f36127d879648f; track=""御在所山""; score=0.5; name_tier=strong; ele_diff=243.88m; loc=mismatch_warning; act_conf=high"
450,高雄山,summit-candidate:a271a6c73ad11b69,yamap_2026-01-07_09_14.gpx,高雄山,382.21000000000004,388,5.79,0.68,1,1,0.18,true,true,medium,high,medium,accept_candidate_after_map_check,location_uncertain_keep,西予市,,candidate_boundary_ambiguous,,multiple_candidates_for_mountain|multiple_mountains_for_candidate|missing_csv_coordinate|location_mismatch_warning|activity_link_ambiguous,top_1_but_ambiguous,clear_mutual_top1,"mountain=高雄山(#450); candidate=summit-candidate:a271a6c73ad11b69; track=""高雄山""; score=0.68; name_tier=strong; ele_diff=5.79m; loc=mismatch_warning; act_conf=high"
450,高雄山,summit-candidate:17c3649ad9b147ce,yamap_2026-01-07_07_05.gpx,御在所山,665.1833333333333,388,277.18,0.5,2,3,0,false,true,low,high,high,resolve_conflict,location_uncertain_keep,西予市,,candidate_boundary_ambiguous,,multiple_candidates_for_mountain|multiple_mountains_for_candidate|weak_elevation_evidence|missing_csv_coordinate|location_mismatch_warning|activity_link_ambiguous,top_candidate_for_multiple_mountains,shared_candidate,"mountain=高雄山(#450); candidate=summit-candidate:17c3649ad9b147ce; track=""御在所山""; score=0.5; name_tier=strong; ele_diff=277.18m; loc=mismatch_warning; act_conf=high"
450,高雄山,summit-candidate:2c1cbc474e49f1ec,yamap_2025-01-24_13_34.gpx,御篠山・松葉山（松葉城址）・烏殿,387.82666666666665,388,0.17,0.5,3,5,0,false,false,low,medium,low,low_priority,location_strong_match,西予市,,same_municipality,西予市,multiple_candidates_for_mountain|multiple_mountains_for_candidate|weak_name_evidence|missing_csv_coordinate,top_3_with_evidence,low_priority_alternative,"mountain=高雄山(#450); candidate=summit-candidate:2c1cbc474e49f1ec; track=""御篠山・松葉山（松葉城址）・烏殿""; score=0.4; name_tier=none; ele_diff=0.17m; loc=strong_overlap; act_conf=high"
451,陣が森岳,summit-candidate:1fd59e0e67624706,yamap_2026-01-11_10_38.gpx,陣が森岳,620.0533333333333,620,0.05,0.85,1,1,0.18,true,true,medium,medium,medium,accept_candidate_after_map_check,location_strong_match,伊予市,,same_municipality,伊予市,multiple_candidates_for_mountain|multiple_mountains_for_candidate|missing_csv_coordinate|activity_link_ambiguous,top_1_but_ambiguous|priority_reduced_strong_match_mutual_top1,clear_mutual_top1,"mountain=陣が森岳(#451); candidate=summit-candidate:1fd59e0e67624706; track=""陣が森岳""; score=0.75; name_tier=strong; ele_diff=0.05m; loc=strong_overlap; act_conf=high"
451,陣が森岳,summit-candidate:61304308f9a58d0d,yamap_2026-01-11_07_50.gpx,黒岩岳,694.3566666666667,620,74.36,0.67,2,2,0.17,false,true,medium,medium,low,low_priority,location_strong_match,伊予市,,same_municipality,伊予市,multiple_candidates_for_mountain|multiple_mountains_for_candidate|weak_elevation_evidence|missing_csv_coordinate|activity_link_ambiguous,top_3_with_evidence,low_priority_alternative,"mountain=陣が森岳(#451); candidate=summit-candidate:61304308f9a58d0d; track=""黒岩岳""; score=0.57; name_tier=strong; ele_diff=74.36m; loc=strong_overlap; act_conf=high"
451,陣が森岳,summit-candidate:23316af255d30882,yamap_2024-12-08_06_59.gpx,本尊山・秋葉山・立烏帽子山・明神山,627.2966666666666,620,7.3,0.5,3,5,0.06,false,false,low,medium,low,low_priority,location_strong_match,伊予市,,same_municipality,伊予市,multiple_candidates_for_mountain|multiple_mountains_for_candidate|weak_name_evidence|missing_csv_coordinate,top_3_with_evidence,low_priority_alternative,"mountain=陣が森岳(#451); candidate=summit-candidate:23316af255d30882; track=""本尊山・秋葉山・立烏帽子山・明神山""; score=0.4; name_tier=none; ele_diff=7.3m; loc=strong_overlap; act_conf=high"
452,黒岩岳,summit-candidate:61304308f9a58d0d,yamap_2026-01-11_07_50.gpx,黒岩岳,694.3566666666667,698,3.64,0.85,1,1,0.18,true,true,medium,medium,medium,accept_candidate_after_map_check,location_strong_match,伊予市,,same_municipality,伊予市,multiple_candidates_for_mountain|multiple_mountains_for_candidate|missing_csv_coordinate|activity_link_ambiguous,top_1_but_ambiguous|priority_reduced_strong_match_mutual_top1,clear_mutual_top1,"mountain=黒岩岳(#452); candidate=summit-candidate:61304308f9a58d0d; track=""黒岩岳""; score=0.75; name_tier=strong; ele_diff=3.64m; loc=strong_overlap; act_conf=high"
452,黒岩岳,summit-candidate:1fd59e0e67624706,yamap_2026-01-11_10_38.gpx,陣が森岳,620.0533333333333,698,77.95,0.67,2,2,0.28,false,true,medium,medium,low,low_priority,location_strong_match,伊予市,,same_municipality,伊予市,multiple_candidates_for_mountain|multiple_mountains_for_candidate|weak_elevation_evidence|missing_csv_coordinate|activity_link_ambiguous,top_3_with_evidence,low_priority_alternative,"mountain=黒岩岳(#452); candidate=summit-candidate:1fd59e0e67624706; track=""陣が森岳""; score=0.57; name_tier=strong; ele_diff=77.95m; loc=strong_overlap; act_conf=high"
452,黒岩岳,summit-candidate:ce7fc6697696cde7,yamap_2026-01-25_07_43.gpx,船ヶ迫岳・鎌倉山,669.23,698,28.77,0.39,3,3,0.01,false,true,low,medium,low,low_priority,boundary_plausible,伊予市,,adjacent_municipality,内子町,multiple_candidates_for_mountain|multiple_mountains_for_candidate|weak_name_evidence|missing_csv_coordinate,top_3_with_evidence,low_priority_alternative,"mountain=黒岩岳(#452); candidate=summit-candidate:ce7fc6697696cde7; track=""船ヶ迫岳・鎌倉山""; score=0.34; name_tier=none; ele_diff=28.77m; loc=strong_overlap; act_conf=high"
453,大判山,summit-candidate:fa9a4432fbf76027,yamap_2026-01-18_06_03.gpx,大判山,791.2866666666665,798,6.71,0.85,1,1,0.18,true,true,medium,medium,medium,accept_candidate_after_map_check,location_strong_match,西予市,,same_municipality,西予市,multiple_candidates_for_mountain|multiple_mountains_for_candidate|missing_csv_coordinate|activity_link_ambiguous,top_1_but_ambiguous|priority_reduced_strong_match_mutual_top1,clear_mutual_top1,"mountain=大判山(#453); candidate=summit-candidate:fa9a4432fbf76027; track=""大判山""; score=0.75; name_tier=strong; ele_diff=6.71m; loc=strong_overlap; act_conf=high"
453,大判山,summit-candidate:51c8bc6a368c422c,yamap_2026-01-18_09_11.gpx,竜王の峰,542.5079186549784,798,255.49,0.67,2,2,0.29,false,true,medium,high,high,resolve_conflict,location_strong_match,西予市,,same_municipality,西予市,multiple_candidates_for_mountain|multiple_mountains_for_candidate|weak_elevation_evidence|missing_csv_coordinate|activity_link_ambiguous,top_candidate_for_multiple_mountains,shared_candidate,"mountain=大判山(#453); candidate=summit-candidate:51c8bc6a368c422c; track=""竜王の峰""; score=0.57; name_tier=strong; ele_diff=255.49m; loc=strong_overlap; act_conf=high"
453,大判山,summit-candidate:5f31b84e049f61fa,yamap_2026-02-22_07_32.gpx,高森山・町木山・寒台山・鎧掛山,798.325694253476,798,0.33,0.38,3,17,0.05,false,false,low,high,high,resolve_conflict,boundary_plausible,西予市,,adjacent_municipality,大洲市,multiple_candidates_for_mountain|multiple_mountains_for_candidate|weak_name_evidence|missing_csv_coordinate|location_mismatch_warning|activity_link_ambiguous,top_candidate_for_multiple_mountains,shared_candidate,"mountain=大判山(#453); candidate=summit-candidate:5f31b84e049f61fa; track=""高森山・町木山・寒台山・鎧掛山""; score=0.33; name_tier=none; ele_diff=0.33m; loc=mismatch_warning; act_conf=high"
454,竜王の峰,summit-candidate:51c8bc6a368c422c,yamap_2026-01-18_09_11.gpx,竜王の峰,542.5079186549784,534,8.51,0.85,1,1,0.18,true,true,medium,medium,high,resolve_conflict,location_strong_match,西予市,,same_municipality,西予市,multiple_candidates_for_mountain|multiple_mountains_for_candidate|missing_csv_coordinate|activity_link_ambiguous,top_1_but_ambiguous|top_candidate_for_multiple_mountains|priority_reduced_strong_match_mutual_top1,shared_candidate,"mountain=竜王の峰(#454); candidate=summit-candidate:51c8bc6a368c422c; track=""竜王の峰""; score=0.75; name_tier=strong; ele_diff=8.51m; loc=strong_overlap; act_conf=high"
454,竜王の峰,summit-candidate:fa9a4432fbf76027,yamap_2026-01-18_06_03.gpx,大判山,791.2866666666665,534,257.29,0.67,2,2,0.23,false,true,medium,medium,low,low_priority,location_strong_match,西予市,,same_municipality,西予市,multiple_candidates_for_mountain|multiple_mountains_for_candidate|weak_elevation_evidence|missing_csv_coordinate|activity_link_ambiguous,top_3_with_evidence,low_priority_alternative,"mountain=竜王の峰(#454); candidate=summit-candidate:fa9a4432fbf76027; track=""大判山""; score=0.57; name_tier=strong; ele_diff=257.29m; loc=strong_overlap; act_conf=high"
454,竜王の峰,summit-candidate:ef5127a689eaf48a,yamap_2022-09-20_14_24.gpx,極山,559.4133333333333,534,25.41,0.44,3,5,0.11,false,false,low,high,high,resolve_conflict,location_strong_match,西予市,,same_municipality,西予市,multiple_candidates_for_mountain|multiple_mountains_for_candidate|weak_name_evidence|missing_csv_coordinate|activity_link_ambiguous,top_candidate_for_multiple_mountains,shared_candidate,"mountain=竜王の峰(#454); candidate=summit-candidate:ef5127a689eaf48a; track=""極山""; score=0.34; name_tier=none; ele_diff=25.41m; loc=strong_overlap; act_conf=high"
455,船ヶ迫岳,summit-candidate:4a22801b12460992,yamap_2026-01-25_07_43.gpx,船ヶ迫岳・鎌倉山,676.61,631,45.61,0.73,1,2,0.07,false,true,medium,high,high,resolve_conflict,location_strong_match,内子町,,same_municipality,内子町,multiple_candidates_for_mountain|multiple_mountains_for_candidate|missing_csv_coordinate,top_1_but_ambiguous|top_candidate_for_multiple_mountains,shared_candidate|not_mutual_top1,"mountain=船ヶ迫岳(#455); candidate=summit-candidate:4a22801b12460992; track=""船ヶ迫岳・鎌倉山""; score=0.63; name_tier=strong; ele_diff=45.61m; loc=strong_overlap; act_conf=high"
455,船ヶ迫岳,summit-candidate:ce7fc6697696cde7,yamap_2026-01-25_07_43.gpx,船ヶ迫岳・鎌倉山,669.23,631,38.23,0.66,2,2,0.22,false,true,medium,medium,low,low_priority,location_strong_match,内子町,,same_municipality,内子町,multiple_candidates_for_mountain|multiple_mountains_for_candidate|missing_csv_coordinate|location_mismatch_warning,top_3_with_evidence,low_priority_alternative,"mountain=船ヶ迫岳(#455); candidate=summit-candidate:ce7fc6697696cde7; track=""船ヶ迫岳・鎌倉山""; score=0.56; name_tier=strong; ele_diff=38.23m; loc=mismatch_warning; act_conf=high"
455,船ヶ迫岳,summit-candidate:9fe27d7d4a51aa70,yamap_2026-03-04_06_40.gpx,登議城山,649.16,631,18.16,0.44,3,4,0.06,false,false,low,medium,low,low_priority,location_strong_match,内子町,,same_municipality,内子町,multiple_candidates_for_mountain|multiple_mountains_for_candidate|weak_name_evidence|missing_csv_coordinate|activity_link_ambiguous,top_3_with_evidence,low_priority_alternative,"mountain=船ヶ迫岳(#455); candidate=summit-candidate:9fe27d7d4a51aa70; track=""登議城山""; score=0.34; name_tier=none; ele_diff=18.16m; loc=strong_overlap; act_conf=high"
456,鎌倉山,summit-candidate:4a22801b12460992,yamap_2026-01-25_07_43.gpx,船ヶ迫岳・鎌倉山,676.61,681,4.39,0.85,1,1,0.13,true,true,medium,medium,high,resolve_conflict,location_strong_match,内子町,,same_municipality,内子町,multiple_candidates_for_mountain|multiple_mountains_for_candidate|missing_csv_coordinate,top_1_but_ambiguous|top_candidate_for_multiple_mountains|priority_reduced_strong_match_mutual_top1,shared_candidate,"mountain=鎌倉山(#456); candidate=summit-candidate:4a22801b12460992; track=""船ヶ迫岳・鎌倉山""; score=0.75; name_tier=strong; ele_diff=4.39m; loc=strong_overlap; act_conf=high"
456,鎌倉山,summit-candidate:ce7fc6697696cde7,yamap_2026-01-25_07_43.gpx,船ヶ迫岳・鎌倉山,669.23,681,11.77,0.72,2,1,0.38,false,true,medium,medium,low,low_priority,location_strong_match,内子町,,same_municipality,内子町,multiple_candidates_for_mountain|multiple_mountains_for_candidate|missing_csv_coordinate|location_mismatch_warning,top_3_with_evidence,low_priority_alternative,"mountain=鎌倉山(#456); candidate=summit-candidate:ce7fc6697696cde7; track=""船ヶ迫岳・鎌倉山""; score=0.62; name_tier=strong; ele_diff=11.77m; loc=mismatch_warning; act_conf=high"
456,鎌倉山,summit-candidate:49147712961a83be,yamap_2025-04-09_06_48.gpx,新谷神南山・五十崎神南山,708.9699999999999,681,27.97,0.34,3,5,0.02,false,false,low,medium,low,low_priority,location_uncertain_keep,内子町,,candidate_boundary_ambiguous,,multiple_candidates_for_mountain|multiple_mountains_for_candidate|weak_name_evidence|missing_csv_coordinate,top_3_with_evidence,low_priority_alternative,"mountain=鎌倉山(#456); candidate=summit-candidate:49147712961a83be; track=""新谷神南山・五十崎神南山""; score=0.34; name_tier=none; ele_diff=27.97m; loc=strong_overlap; act_conf=high"
457,槇ノ山,summit-candidate:f39b40bd0d9b0192,yamap_2026-01-31_07_40.gpx,槇ノ山,433.24,439,5.76,0.85,1,1,0.18,true,true,medium,medium,medium,accept_candidate_after_map_check,location_strong_match,宇和島市,,same_municipality,宇和島市,multiple_candidates_for_mountain|multiple_mountains_for_candidate|missing_csv_coordinate|activity_link_ambiguous,top_1_but_ambiguous|priority_reduced_strong_match_mutual_top1,clear_mutual_top1,"mountain=槇ノ山(#457); candidate=summit-candidate:f39b40bd0d9b0192; track=""槇ノ山""; score=0.75; name_tier=strong; ele_diff=5.76m; loc=strong_overlap; act_conf=high"
457,槇ノ山,summit-candidate:a9b00b48e0c94eab,yamap_2026-01-31_13_52.gpx,高森山,631.8566666666667,439,192.86,0.67,2,2,0,false,true,medium,medium,low,low_priority,location_strong_match,宇和島市,,same_municipality,宇和島市,multiple_candidates_for_mountain|multiple_mountains_for_candidate|weak_elevation_evidence|missing_csv_coordinate|activity_link_ambiguous,top_3_with_evidence,low_priority_alternative,"mountain=槇ノ山(#457); candidate=summit-candidate:a9b00b48e0c94eab; track=""高森山""; score=0.57; name_tier=strong; ele_diff=192.86m; loc=strong_overlap; act_conf=high"
457,槇ノ山,summit-candidate:e55456349660bd14,yamap_2026-01-31_10_49.gpx,遠見山,325.42,439,113.58,0.67,3,2,0,false,true,medium,medium,low,low_priority,location_strong_match,宇和島市,,same_municipality,宇和島市,multiple_candidates_for_mountain|multiple_mountains_for_candidate|weak_elevation_evidence|missing_csv_coordinate|activity_link_ambiguous,top_3_with_evidence,low_priority_alternative,"mountain=槇ノ山(#457); candidate=summit-candidate:e55456349660bd14; track=""遠見山""; score=0.57; name_tier=strong; ele_diff=113.58m; loc=strong_overlap; act_conf=high"
458,遠見山,summit-candidate:e55456349660bd14,yamap_2026-01-31_10_49.gpx,遠見山,325.42,322,3.42,0.85,1,1,0.12,true,true,medium,medium,medium,accept_candidate_after_map_check,location_strong_match,宇和島市,,same_municipality,宇和島市,multiple_candidates_for_mountain|multiple_mountains_for_candidate|missing_csv_coordinate|activity_link_ambiguous,top_1_but_ambiguous|priority_reduced_strong_match_mutual_top1,clear_mutual_top1,"mountain=遠見山(#458); candidate=summit-candidate:e55456349660bd14; track=""遠見山""; score=0.75; name_tier=strong; ele_diff=3.42m; loc=strong_overlap; act_conf=high"
458,遠見山,summit-candidate:fcfb64bccceb89d4,yamap_2026-01-31_07_40.gpx,槇ノ山,367.51666666666665,322,45.52,0.73,2,1,0.06,false,true,medium,medium,low,low_priority,location_strong_match,宇和島市,,same_municipality,宇和島市,multiple_candidates_for_mountain|multiple_mountains_for_candidate|missing_csv_coordinate|activity_link_ambiguous,top_3_with_evidence,low_priority_alternative,"mountain=遠見山(#458); candidate=summit-candidate:fcfb64bccceb89d4; track=""槇ノ山""; score=0.63; name_tier=strong; ele_diff=45.52m; loc=strong_overlap; act_conf=high"
458,遠見山,summit-candidate:a9b00b48e0c94eab,yamap_2026-01-31_13_52.gpx,高森山,631.8566666666667,322,309.86,0.67,3,3,0,false,true,medium,medium,low,low_priority,location_strong_match,宇和島市,,same_municipality,宇和島市,multiple_candidates_for_mountain|multiple_mountains_for_candidate|weak_elevation_evidence|missing_csv_coordinate|activity_link_ambiguous,top_3_with_evidence,low_priority_alternative,"mountain=遠見山(#458); candidate=summit-candidate:a9b00b48e0c94eab; track=""高森山""; score=0.57; name_tier=strong; ele_diff=309.86m; loc=strong_overlap; act_conf=high"
459,高森山,summit-candidate:a9b00b48e0c94eab,yamap_2026-01-31_13_52.gpx,高森山,631.8566666666667,634,2.14,0.73,1,1,0.18,true,true,medium,high,medium,accept_candidate_after_map_check,boundary_plausible,西予市,,adjacent_municipality,宇和島市,multiple_candidates_for_mountain|multiple_mountains_for_candidate|missing_csv_coordinate|location_mismatch_warning|activity_link_ambiguous,top_1_but_ambiguous,clear_mutual_top1,"mountain=高森山(#459); candidate=summit-candidate:a9b00b48e0c94eab; track=""高森山""; score=0.68; name_tier=strong; ele_diff=2.14m; loc=mismatch_warning; act_conf=high"
459,高森山,summit-candidate:19ab381ef6c337af,yamap_2026-02-22_07_32.gpx,高森山・町木山・寒台山・鎧掛山,993.1336935716172,634,359.13,0.55,2,6,0,false,false,low,medium,high,check_location_warning,boundary_plausible,西予市,,adjacent_municipality,大洲市,multiple_candidates_for_mountain|multiple_mountains_for_candidate|weak_elevation_evidence|missing_csv_coordinate|location_mismatch_warning|activity_link_ambiguous,top_3_with_evidence,boundary_plausible,"mountain=高森山(#459); candidate=summit-candidate:19ab381ef6c337af; track=""高森山・町木山・寒台山・鎧掛山""; score=0.5; name_tier=strong; ele_diff=359.13m; loc=mismatch_warning; act_conf=high"
459,高森山,summit-candidate:5f31b84e049f61fa,yamap_2026-02-22_07_32.gpx,高森山・町木山・寒台山・鎧掛山,798.325694253476,634,164.33,0.55,3,6,0.05,false,false,low,high,high,resolve_conflict,boundary_plausible,西予市,,adjacent_municipality,大洲市,multiple_candidates_for_mountain|multiple_mountains_for_candidate|weak_elevation_evidence|missing_csv_coordinate|location_mismatch_warning|activity_link_ambiguous,top_candidate_for_multiple_mountains,shared_candidate,"mountain=高森山(#459); candidate=summit-candidate:5f31b84e049f61fa; track=""高森山・町木山・寒台山・鎧掛山""; score=0.5; name_tier=strong; ele_diff=164.33m; loc=mismatch_warning; act_conf=high"
460,牛の峰,summit-candidate:bd8fda9e743f2008,yamap_2026-02-07_07_21.gpx,牛の峰・尻高峰,681.2333333333333,660,21.23,0.79,1,1,0.12,true,true,medium,medium,medium,accept_candidate_after_map_check,location_strong_match,大洲市,,same_municipality,大洲市,multiple_candidates_for_mountain|multiple_mountains_for_candidate|missing_csv_coordinate|activity_link_ambiguous,top_1_but_ambiguous|priority_reduced_strong_match_mutual_top1,clear_mutual_top1,"mountain=牛の峰(#460); candidate=summit-candidate:bd8fda9e743f2008; track=""牛の峰・尻高峰""; score=0.69; name_tier=strong; ele_diff=21.23m; loc=strong_overlap; act_conf=high"
460,牛の峰,summit-candidate:6adfa15b8dbd8966,yamap_2026-02-07_07_21.gpx,牛の峰・尻高峰,756.9766666666668,660,96.98,0.67,2,1,0.11,false,true,medium,medium,low,low_priority,location_strong_match,大洲市,,same_municipality,大洲市,multiple_candidates_for_mountain|multiple_mountains_for_candidate|weak_elevation_evidence|missing_csv_coordinate|activity_link_ambiguous,top_3_with_evidence,low_priority_alternative,"mountain=牛の峰(#460); candidate=summit-candidate:6adfa15b8dbd8966; track=""牛の峰・尻高峰""; score=0.57; name_tier=strong; ele_diff=96.98m; loc=strong_overlap; act_conf=high"
460,牛の峰,summit-candidate:6b19d2116121b615,yamap_2026-02-07_11_17.gpx,鞍掛山,624.4499999999999,660,35.55,0.56,3,2,0.12,false,true,medium,medium,low,low_priority,location_uncertain_keep,大洲市,,candidate_boundary_ambiguous,,multiple_candidates_for_mountain|multiple_mountains_for_candidate|missing_csv_coordinate|location_mismatch_warning|activity_link_ambiguous,top_3_with_evidence,low_priority_alternative,"mountain=牛の峰(#460); candidate=summit-candidate:6b19d2116121b615; track=""鞍掛山""; score=0.56; name_tier=strong; ele_diff=35.55m; loc=mismatch_warning; act_conf=high"
461,尻高峰,summit-candidate:6adfa15b8dbd8966,yamap_2026-02-07_07_21.gpx,牛の峰・尻高峰,756.9766666666668,566,190.98,0.67,1,2,0,false,true,medium,high,high,resolve_conflict,location_strong_match,大洲市,,same_municipality,大洲市,multiple_candidates_for_mountain|multiple_mountains_for_candidate|weak_elevation_evidence|missing_csv_coordinate|activity_link_ambiguous,top_1_but_ambiguous,not_mutual_top1,"mountain=尻高峰(#461); candidate=summit-candidate:6adfa15b8dbd8966; track=""牛の峰・尻高峰""; score=0.57; name_tier=strong; ele_diff=190.98m; loc=strong_overlap; act_conf=high"
461,尻高峰,summit-candidate:bd8fda9e743f2008,yamap_2026-02-07_07_21.gpx,牛の峰・尻高峰,681.2333333333333,566,115.23,0.67,2,2,0.17,false,true,medium,medium,high,check_close_alternatives,location_strong_match,大洲市,,same_municipality,大洲市,multiple_candidates_for_mountain|multiple_mountains_for_candidate|weak_elevation_evidence|missing_csv_coordinate|activity_link_ambiguous,top_3_with_evidence,small_score_gap,"mountain=尻高峰(#461); candidate=summit-candidate:bd8fda9e743f2008; track=""牛の峰・尻高峰""; score=0.57; name_tier=strong; ele_diff=115.23m; loc=strong_overlap; act_conf=high"
461,尻高峰,summit-candidate:6b19d2116121b615,yamap_2026-02-07_11_17.gpx,鞍掛山,624.4499999999999,566,58.45,0.5,3,3,0.1,false,true,low,medium,low,low_priority,location_uncertain_keep,大洲市,,candidate_boundary_ambiguous,,multiple_candidates_for_mountain|multiple_mountains_for_candidate|weak_elevation_evidence|missing_csv_coordinate|location_mismatch_warning|activity_link_ambiguous,top_3_with_evidence,low_priority_alternative,"mountain=尻高峰(#461); candidate=summit-candidate:6b19d2116121b615; track=""鞍掛山""; score=0.5; name_tier=strong; ele_diff=58.45m; loc=mismatch_warning; act_conf=high"
462,鞍掛山,summit-candidate:6b19d2116121b615,yamap_2026-02-07_11_17.gpx,鞍掛山,624.4499999999999,629,4.55,0.75,1,1,0.2,true,true,medium,high,medium,accept_candidate_after_map_check,location_uncertain_keep,八幡浜市,,candidate_boundary_ambiguous,,multiple_candidates_for_mountain|multiple_mountains_for_candidate|missing_csv_coordinate|activity_link_ambiguous,top_1_but_ambiguous,clear_mutual_top1,"mountain=鞍掛山(#462); candidate=summit-candidate:6b19d2116121b615; track=""鞍掛山""; score=0.75; name_tier=strong; ele_diff=4.55m; loc=strong_overlap; act_conf=high"
462,鞍掛山,summit-candidate:6adfa15b8dbd8966,yamap_2026-02-07_07_21.gpx,牛の峰・尻高峰,756.9766666666668,629,127.98,0.55,2,3,0.1,false,true,low,medium,high,check_location_warning,boundary_plausible,八幡浜市,,adjacent_municipality,大洲市,multiple_candidates_for_mountain|multiple_mountains_for_candidate|weak_elevation_evidence|missing_csv_coordinate|location_mismatch_warning|activity_link_ambiguous,top_3_with_evidence,boundary_plausible,"mountain=鞍掛山(#462); candidate=summit-candidate:6adfa15b8dbd8966; track=""牛の峰・尻高峰""; score=0.5; name_tier=strong; ele_diff=127.98m; loc=mismatch_warning; act_conf=high"
462,鞍掛山,summit-candidate:bd8fda9e743f2008,yamap_2026-02-07_07_21.gpx,牛の峰・尻高峰,681.2333333333333,629,52.23,0.45,3,5,0.07,false,false,low,low,high,check_location_warning,adjacent_but_deep_inside,八幡浜市,,adjacent_municipality,大洲市,multiple_candidates_for_mountain|multiple_mountains_for_candidate|weak_elevation_evidence|missing_csv_coordinate|location_mismatch_warning|activity_link_ambiguous,adjacent_but_deep_inside,adjacent_but_deep_inside,"mountain=鞍掛山(#462); candidate=summit-candidate:bd8fda9e743f2008; track=""牛の峰・尻高峰""; score=0.5; name_tier=strong; ele_diff=52.23m; loc=mismatch_warning; act_conf=high"
463,大畑山,summit-candidate:bb84b00f3a929195,yamap_2026-02-14_08_22.gpx,大畑山,642.6,645,2.4,0.68,1,1,0.01,true,true,medium,high,medium,accept_candidate_after_map_check,location_uncertain_keep,八幡浜市,,candidate_boundary_ambiguous,,multiple_candidates_for_mountain|multiple_mountains_for_candidate|missing_csv_coordinate|location_mismatch_warning|activity_link_ambiguous,top_1_but_ambiguous,clear_mutual_top1,"mountain=大畑山(#463); candidate=summit-candidate:bb84b00f3a929195; track=""大畑山""; score=0.68; name_tier=strong; ele_diff=2.4m; loc=mismatch_warning; act_conf=high"
463,大畑山,summit-candidate:6756239601754708,yamap_2026-02-14_13_33.gpx,権現山,358.1833333333334,645,286.82,0.67,2,4,0.33,false,false,medium,high,high,resolve_conflict,location_strong_match,八幡浜市,,same_municipality,八幡浜市,multiple_candidates_for_mountain|multiple_mountains_for_candidate|weak_elevation_evidence|missing_csv_coordinate|activity_link_ambiguous,top_candidate_for_multiple_mountains,shared_candidate,"mountain=大畑山(#463); candidate=summit-candidate:6756239601754708; track=""権現山""; score=0.57; name_tier=strong; ele_diff=286.82m; loc=strong_overlap; act_conf=high"
463,大畑山,summit-candidate:6b19d2116121b615,yamap_2026-02-07_11_17.gpx,鞍掛山,624.4499999999999,645,20.55,0.34,3,5,0.02,false,false,low,medium,low,low_priority,location_uncertain_keep,八幡浜市,,candidate_boundary_ambiguous,,multiple_candidates_for_mountain|multiple_mountains_for_candidate|weak_name_evidence|missing_csv_coordinate|activity_link_ambiguous,top_3_with_evidence,low_priority_alternative,"mountain=大畑山(#463); candidate=summit-candidate:6b19d2116121b615; track=""鞍掛山""; score=0.34; name_tier=none; ele_diff=20.55m; loc=strong_overlap; act_conf=high"
464,飯之山,summit-candidate:6756239601754708,yamap_2026-02-14_13_33.gpx,権現山,358.1833333333334,320,38.18,0.73,1,2,0.23,false,true,medium,high,high,resolve_conflict,location_strong_match,八幡浜市,,same_municipality,八幡浜市,multiple_candidates_for_mountain|multiple_mountains_for_candidate|missing_csv_coordinate|activity_link_ambiguous,top_1_but_ambiguous|top_candidate_for_multiple_mountains,shared_candidate|not_mutual_top1,"mountain=飯之山(#464); candidate=summit-candidate:6756239601754708; track=""権現山""; score=0.63; name_tier=strong; ele_diff=38.18m; loc=strong_overlap; act_conf=high"
464,飯之山,summit-candidate:bb84b00f3a929195,yamap_2026-02-14_08_22.gpx,大畑山,642.6,320,322.6,0.5,2,7,0.17,false,false,low,medium,low,low_priority,location_uncertain_keep,八幡浜市,,candidate_boundary_ambiguous,,multiple_candidates_for_mountain|multiple_mountains_for_candidate|weak_elevation_evidence|missing_csv_coordinate|location_mismatch_warning|activity_link_ambiguous,top_3_with_evidence,low_priority_alternative,"mountain=飯之山(#464); candidate=summit-candidate:bb84b00f3a929195; track=""大畑山""; score=0.5; name_tier=strong; ele_diff=322.6m; loc=mismatch_warning; act_conf=high"
464,飯之山,summit-candidate:35b464661fa62df9,yamap_2022-09-15_09_20.gpx,三山,323.2966666666667,320,3.3,0.33,3,14,0,false,false,low,high,high,resolve_conflict,location_uncertain_keep,八幡浜市,,non_adjacent_municipality,上島町,multiple_candidates_for_mountain|multiple_mountains_for_candidate|weak_name_evidence|missing_csv_coordinate|location_mismatch_warning|activity_link_ambiguous,top_candidate_for_multiple_mountains,shared_candidate,"mountain=飯之山(#464); candidate=summit-candidate:35b464661fa62df9; track=""三山""; score=0.33; name_tier=none; ele_diff=3.3m; loc=mismatch_warning; act_conf=high"
465,権現山,summit-candidate:6756239601754708,yamap_2026-02-14_13_33.gpx,権現山,358.1833333333334,364,5.82,0.85,1,1,0.17,true,true,medium,medium,high,resolve_conflict,location_strong_match,八幡浜市,,same_municipality,八幡浜市,multiple_candidates_for_mountain|multiple_mountains_for_candidate|missing_csv_coordinate|activity_link_ambiguous,top_1_but_ambiguous|top_candidate_for_multiple_mountains|priority_reduced_strong_match_mutual_top1,shared_candidate,"mountain=権現山(#465); candidate=summit-candidate:6756239601754708; track=""権現山""; score=0.75; name_tier=strong; ele_diff=5.82m; loc=strong_overlap; act_conf=high"
465,権現山,summit-candidate:047b9599ec28c6ad,yamap_2023-01-08_09_18.gpx,権現山,368.9381628408408,364,4.94,0.68,2,2,0.06,false,true,medium,medium,low,low_priority,location_uncertain_keep,八幡浜市,,non_adjacent_municipality,愛南町,multiple_candidates_for_mountain|multiple_mountains_for_candidate|missing_csv_coordinate|location_mismatch_warning|activity_link_ambiguous,top_3_with_evidence,low_priority_alternative,"mountain=権現山(#465); candidate=summit-candidate:047b9599ec28c6ad; track=""権現山""; score=0.68; name_tier=strong; ele_diff=4.94m; loc=mismatch_warning; act_conf=high"
465,権現山,summit-candidate:c94d8d76133fda1a,yamap_2022-02-06_08_26.gpx,谷上山・権現山・白滝山・障子山,383.6048516063258,364,19.6,0.62,3,2,0.05,false,true,medium,medium,low,low_priority,location_uncertain_keep,八幡浜市,,candidate_boundary_ambiguous,,multiple_candidates_for_mountain|multiple_mountains_for_candidate|missing_csv_coordinate|location_mismatch_warning,top_3_with_evidence,low_priority_alternative,"mountain=権現山(#465); candidate=summit-candidate:c94d8d76133fda1a; track=""谷上山・権現山・白滝山・障子山""; score=0.62; name_tier=strong; ele_diff=19.6m; loc=mismatch_warning; act_conf=high"
466,大森山,summit-candidate:b3cf76c035511afe,yamap_2026-02-22_06_23.gpx,大森山,737.4383606793477,729,8.44,0.75,1,1,0.08,true,true,medium,high,medium,accept_candidate_after_map_check,location_uncertain_keep,大洲市,,candidate_boundary_ambiguous,,multiple_candidates_for_mountain|multiple_mountains_for_candidate|missing_csv_coordinate|activity_link_ambiguous,top_1_but_ambiguous,clear_mutual_top1,"mountain=大森山(#466); candidate=summit-candidate:b3cf76c035511afe; track=""大森山""; score=0.75; name_tier=strong; ele_diff=8.44m; loc=strong_overlap; act_conf=high"
466,大森山,summit-candidate:19ab381ef6c337af,yamap_2026-02-22_07_32.gpx,高森山・町木山・寒台山・鎧掛山,993.1336935716172,729,264.13,0.67,2,2,0,false,true,medium,medium,low,low_priority,location_strong_match,大洲市,,same_municipality,大洲市,multiple_candidates_for_mountain|multiple_mountains_for_candidate|weak_elevation_evidence|missing_csv_coordinate|activity_link_ambiguous,top_3_with_evidence,low_priority_alternative,"mountain=大森山(#466); candidate=summit-candidate:19ab381ef6c337af; track=""高森山・町木山・寒台山・鎧掛山""; score=0.57; name_tier=strong; ele_diff=264.13m; loc=strong_overlap; act_conf=high"
466,大森山,summit-candidate:5f31b84e049f61fa,yamap_2026-02-22_07_32.gpx,高森山・町木山・寒台山・鎧掛山,798.325694253476,729,69.33,0.67,3,3,0,false,true,medium,high,high,resolve_conflict,location_strong_match,大洲市,,same_municipality,大洲市,multiple_candidates_for_mountain|multiple_mountains_for_candidate|weak_elevation_evidence|missing_csv_coordinate|activity_link_ambiguous,top_candidate_for_multiple_mountains,shared_candidate,"mountain=大森山(#466); candidate=summit-candidate:5f31b84e049f61fa; track=""高森山・町木山・寒台山・鎧掛山""; score=0.57; name_tier=strong; ele_diff=69.33m; loc=strong_overlap; act_conf=high"
467,高森山,summit-candidate:f55ffb534aa2ae4c,yamap_2026-02-22_07_32.gpx,高森山・町木山・寒台山・鎧掛山,825.9826876717713,819,6.98,0.85,1,1,0.06,true,true,medium,medium,high,resolve_conflict,location_strong_match,大洲市,,same_municipality,大洲市,multiple_candidates_for_mountain|multiple_mountains_for_candidate|missing_csv_coordinate|activity_link_ambiguous,top_1_but_ambiguous|top_candidate_for_multiple_mountains|priority_reduced_strong_match_mutual_top1,shared_candidate,"mountain=高森山(#467); candidate=summit-candidate:f55ffb534aa2ae4c; track=""高森山・町木山・寒台山・鎧掛山""; score=0.75; name_tier=strong; ele_diff=6.98m; loc=strong_overlap; act_conf=high"
467,高森山,summit-candidate:5f31b84e049f61fa,yamap_2026-02-22_07_32.gpx,高森山・町木山・寒台山・鎧掛山,798.325694253476,819,20.67,0.79,2,1,0.12,false,true,medium,high,high,resolve_conflict,location_strong_match,大洲市,,same_municipality,大洲市,multiple_candidates_for_mountain|multiple_mountains_for_candidate|missing_csv_coordinate|activity_link_ambiguous,top_candidate_for_multiple_mountains,shared_candidate,"mountain=高森山(#467); candidate=summit-candidate:5f31b84e049f61fa; track=""高森山・町木山・寒台山・鎧掛山""; score=0.69; name_tier=strong; ele_diff=20.67m; loc=strong_overlap; act_conf=high"
467,高森山,summit-candidate:19ab381ef6c337af,yamap_2026-02-22_07_32.gpx,高森山・町木山・寒台山・鎧掛山,993.1336935716172,819,174.13,0.67,3,3,0.05,false,true,medium,medium,low,low_priority,location_strong_match,大洲市,,same_municipality,大洲市,multiple_candidates_for_mountain|multiple_mountains_for_candidate|weak_elevation_evidence|missing_csv_coordinate|activity_link_ambiguous,top_3_with_evidence,low_priority_alternative,"mountain=高森山(#467); candidate=summit-candidate:19ab381ef6c337af; track=""高森山・町木山・寒台山・鎧掛山""; score=0.57; name_tier=strong; ele_diff=174.13m; loc=strong_overlap; act_conf=high"
468,町木山,summit-candidate:19ab381ef6c337af,yamap_2026-02-22_07_32.gpx,高森山・町木山・寒台山・鎧掛山,993.1336935716172,982,11.13,0.79,1,1,0.12,true,true,medium,medium,medium,accept_candidate_after_map_check,location_strong_match,大洲市,,same_municipality,大洲市,multiple_candidates_for_mountain|multiple_mountains_for_candidate|missing_csv_coordinate|activity_link_ambiguous,top_1_but_ambiguous|priority_reduced_strong_match_mutual_top1,clear_mutual_top1,"mountain=町木山(#468); candidate=summit-candidate:19ab381ef6c337af; track=""高森山・町木山・寒台山・鎧掛山""; score=0.69; name_tier=strong; ele_diff=11.13m; loc=strong_overlap; act_conf=high"
468,町木山,summit-candidate:5f31b84e049f61fa,yamap_2026-02-22_07_32.gpx,高森山・町木山・寒台山・鎧掛山,798.325694253476,982,183.67,0.67,2,4,0,false,false,medium,high,high,resolve_conflict,location_strong_match,大洲市,,same_municipality,大洲市,multiple_candidates_for_mountain|multiple_mountains_for_candidate|weak_elevation_evidence|missing_csv_coordinate|activity_link_ambiguous,top_candidate_for_multiple_mountains,shared_candidate,"mountain=町木山(#468); candidate=summit-candidate:5f31b84e049f61fa; track=""高森山・町木山・寒台山・鎧掛山""; score=0.57; name_tier=strong; ele_diff=183.67m; loc=strong_overlap; act_conf=high"
468,町木山,summit-candidate:f55ffb534aa2ae4c,yamap_2026-02-22_07_32.gpx,高森山・町木山・寒台山・鎧掛山,825.9826876717713,982,156.02,0.67,3,4,0.1,false,false,medium,high,high,resolve_conflict,location_strong_match,大洲市,,same_municipality,大洲市,multiple_candidates_for_mountain|multiple_mountains_for_candidate|weak_elevation_evidence|missing_csv_coordinate|activity_link_ambiguous,top_candidate_for_multiple_mountains,shared_candidate,"mountain=町木山(#468); candidate=summit-candidate:f55ffb534aa2ae4c; track=""高森山・町木山・寒台山・鎧掛山""; score=0.57; name_tier=strong; ele_diff=156.02m; loc=strong_overlap; act_conf=high"
469,寒台山,summit-candidate:428f403ddcc5a31a,yamap_2026-02-22_07_32.gpx,高森山・町木山・寒台山・鎧掛山,904.780552530514,895,9.78,0.68,1,1,0.11,true,true,medium,high,medium,accept_candidate_after_map_check,location_uncertain_keep,内子町,,candidate_boundary_ambiguous,,multiple_candidates_for_mountain|multiple_mountains_for_candidate|missing_csv_coordinate|location_mismatch_warning|activity_link_ambiguous,top_1_but_ambiguous,clear_mutual_top1,"mountain=寒台山(#469); candidate=summit-candidate:428f403ddcc5a31a; track=""高森山・町木山・寒台山・鎧掛山""; score=0.68; name_tier=strong; ele_diff=9.78m; loc=mismatch_warning; act_conf=high"
469,寒台山,summit-candidate:7a8dca9b423536f5,yamap_2026-02-22_07_32.gpx,高森山・町木山・寒台山・鎧掛山,836.1037770875326,895,58.9,0.57,2,3,0.02,false,true,medium,medium,low,low_priority,location_uncertain_keep,内子町,,candidate_boundary_ambiguous,,multiple_candidates_for_mountain|multiple_mountains_for_candidate|weak_elevation_evidence|missing_csv_coordinate|activity_link_ambiguous,top_3_with_evidence,low_priority_alternative,"mountain=寒台山(#469); candidate=summit-candidate:7a8dca9b423536f5; track=""高森山・町木山・寒台山・鎧掛山""; score=0.57; name_tier=strong; ele_diff=58.9m; loc=strong_overlap; act_conf=high"
469,寒台山,summit-candidate:19ab381ef6c337af,yamap_2026-02-22_07_32.gpx,高森山・町木山・寒台山・鎧掛山,993.1336935716172,895,98.13,0.55,3,7,0,false,false,low,medium,high,check_location_warning,boundary_plausible,内子町,,adjacent_municipality,大洲市,multiple_candidates_for_mountain|multiple_mountains_for_candidate|weak_elevation_evidence|missing_csv_coordinate|location_mismatch_warning|activity_link_ambiguous,top_3_with_evidence,boundary_plausible,"mountain=寒台山(#469); candidate=summit-candidate:19ab381ef6c337af; track=""高森山・町木山・寒台山・鎧掛山""; score=0.5; name_tier=strong; ele_diff=98.13m; loc=mismatch_warning; act_conf=high"
470,鎧掛山,summit-candidate:5f31b84e049f61fa,yamap_2026-02-22_07_32.gpx,高森山・町木山・寒台山・鎧掛山,798.325694253476,788,10.33,0.79,1,2,0.06,false,true,medium,high,high,resolve_conflict,location_strong_match,大洲市,,same_municipality,大洲市,multiple_candidates_for_mountain|multiple_mountains_for_candidate|missing_csv_coordinate|activity_link_ambiguous,top_1_but_ambiguous|top_candidate_for_multiple_mountains,shared_candidate|not_mutual_top1,"mountain=鎧掛山(#470); candidate=summit-candidate:5f31b84e049f61fa; track=""高森山・町木山・寒台山・鎧掛山""; score=0.69; name_tier=strong; ele_diff=10.33m; loc=strong_overlap; act_conf=high"
470,鎧掛山,summit-candidate:f55ffb534aa2ae4c,yamap_2026-02-22_07_32.gpx,高森山・町木山・寒台山・鎧掛山,825.9826876717713,788,37.98,0.73,2,2,0.06,false,true,medium,high,high,resolve_conflict,location_strong_match,大洲市,,same_municipality,大洲市,multiple_candidates_for_mountain|multiple_mountains_for_candidate|missing_csv_coordinate|activity_link_ambiguous,top_candidate_for_multiple_mountains,shared_candidate,"mountain=鎧掛山(#470); candidate=summit-candidate:f55ffb534aa2ae4c; track=""高森山・町木山・寒台山・鎧掛山""; score=0.63; name_tier=strong; ele_diff=37.98m; loc=strong_overlap; act_conf=high"
470,鎧掛山,summit-candidate:19ab381ef6c337af,yamap_2026-02-22_07_32.gpx,高森山・町木山・寒台山・鎧掛山,993.1336935716172,788,205.13,0.67,3,4,0.1,false,false,medium,medium,low,low_priority,location_strong_match,大洲市,,same_municipality,大洲市,multiple_candidates_for_mountain|multiple_mountains_for_candidate|weak_elevation_evidence|missing_csv_coordinate|activity_link_ambiguous,top_3_with_evidence,low_priority_alternative,"mountain=鎧掛山(#470); candidate=summit-candidate:19ab381ef6c337af; track=""高森山・町木山・寒台山・鎧掛山""; score=0.57; name_tier=strong; ele_diff=205.13m; loc=strong_overlap; act_conf=high"
471,花見山,summit-candidate:5f001ac124f82ef6,yamap_2022-10-19_16_00.gpx,西港山・大丸山・港山,41.080000000000005,23,18.08,0.44,1,13,0,false,false,low,high,high,resolve_conflict,location_strong_match,松山市,,same_municipality,松山市,multiple_candidates_for_mountain|multiple_mountains_for_candidate|weak_name_evidence|missing_csv_coordinate|timezone_sensitive_activity_link,top_1_but_ambiguous|top_candidate_for_multiple_mountains,shared_candidate|not_mutual_top1,"mountain=花見山(#471); candidate=summit-candidate:5f001ac124f82ef6; track=""西港山・大丸山・港山""; score=0.34; name_tier=none; ele_diff=18.08m; loc=strong_overlap; act_conf=high"
471,花見山,summit-candidate:bf2b3499e08da2df,yamap_2022-10-19_16_00.gpx,西港山・大丸山・港山,47.879999999999995,23,24.88,0.44,2,15,0,false,false,low,medium,high,check_close_alternatives,location_strong_match,松山市,,same_municipality,松山市,multiple_candidates_for_mountain|multiple_mountains_for_candidate|weak_name_evidence|missing_csv_coordinate|timezone_sensitive_activity_link,top_3_with_evidence,small_score_gap,"mountain=花見山(#471); candidate=summit-candidate:bf2b3499e08da2df; track=""西港山・大丸山・港山""; score=0.34; name_tier=none; ele_diff=24.88m; loc=strong_overlap; act_conf=high"
471,花見山,summit-candidate:daa8d4127fc92552,yamap_2022-04-06_09_25.gpx,忽那山,42.296666666666674,23,19.3,0.44,3,10,0.12,false,false,low,medium,high,check_close_alternatives,location_strong_match,松山市,,same_municipality,松山市,multiple_candidates_for_mountain|multiple_mountains_for_candidate|weak_name_evidence|missing_csv_coordinate,top_3_with_evidence,small_score_gap,"mountain=花見山(#471); candidate=summit-candidate:daa8d4127fc92552; track=""忽那山""; score=0.34; name_tier=none; ele_diff=19.3m; loc=strong_overlap; act_conf=high"
472,剣ノ山,summit-candidate:78274ad93e160452,yamap_2026-03-01_06_45.gpx,剣ノ山・三傍示山・塩塚峰,1152.4499999999998,1105,47.45,0.73,1,2,0.05,false,true,medium,high,high,resolve_conflict,location_strong_match,四国中央市,,same_municipality,四国中央市,multiple_candidates_for_mountain|multiple_mountains_for_candidate|missing_csv_coordinate,top_1_but_ambiguous|top_candidate_for_multiple_mountains,shared_candidate|not_mutual_top1,"mountain=剣ノ山(#472); candidate=summit-candidate:78274ad93e160452; track=""剣ノ山・三傍示山・塩塚峰""; score=0.63; name_tier=strong; ele_diff=47.45m; loc=strong_overlap; act_conf=high"
472,剣ノ山,summit-candidate:740ae36ed8c63d60,yamap_2026-03-01_06_45.gpx,剣ノ山・三傍示山・塩塚峰,1110.4433333333334,1105,5.44,0.68,2,1,0,false,true,medium,medium,low,low_priority,location_uncertain_keep,四国中央市,,candidate_boundary_ambiguous,,multiple_candidates_for_mountain|multiple_mountains_for_candidate|missing_csv_coordinate|location_mismatch_warning,top_3_with_evidence,low_priority_alternative,"mountain=剣ノ山(#472); candidate=summit-candidate:740ae36ed8c63d60; track=""剣ノ山・三傍示山・塩塚峰""; score=0.68; name_tier=strong; ele_diff=5.44m; loc=mismatch_warning; act_conf=high"
472,剣ノ山,summit-candidate:7a53852cc6c3e971,yamap_2026-03-01_06_45.gpx,剣ノ山・三傍示山・塩塚峰,1103.0333333333333,1105,1.97,0.68,3,1,0.01,false,true,medium,medium,low,low_priority,location_uncertain_keep,四国中央市,,candidate_boundary_ambiguous,,multiple_candidates_for_mountain|multiple_mountains_for_candidate|missing_csv_coordinate|location_mismatch_warning,top_3_with_evidence,low_priority_alternative,"mountain=剣ノ山(#472); candidate=summit-candidate:7a53852cc6c3e971; track=""剣ノ山・三傍示山・塩塚峰""; score=0.68; name_tier=strong; ele_diff=1.97m; loc=mismatch_warning; act_conf=high"
473,三傍示山,summit-candidate:78274ad93e160452,yamap_2026-03-01_06_45.gpx,剣ノ山・三傍示山・塩塚峰,1152.4499999999998,1157,4.55,0.85,1,1,0.18,true,true,medium,medium,high,resolve_conflict,location_strong_match,四国中央市,,same_municipality,四国中央市,multiple_candidates_for_mountain|multiple_mountains_for_candidate|missing_csv_coordinate,top_1_but_ambiguous|top_candidate_for_multiple_mountains|priority_reduced_strong_match_mutual_top1,shared_candidate,"mountain=三傍示山(#473); candidate=summit-candidate:78274ad93e160452; track=""剣ノ山・三傍示山・塩塚峰""; score=0.75; name_tier=strong; ele_diff=4.55m; loc=strong_overlap; act_conf=high"
473,三傍示山,summit-candidate:0d5802be6f4a6c6e,yamap_2026-03-01_06_45.gpx,剣ノ山・三傍示山・塩塚峰,1012.1166666666668,1157,144.88,0.67,2,3,0.1,false,true,medium,medium,low,low_priority,location_strong_match,四国中央市,,same_municipality,四国中央市,multiple_candidates_for_mountain|multiple_mountains_for_candidate|weak_elevation_evidence|missing_csv_coordinate,top_3_with_evidence,low_priority_alternative,"mountain=三傍示山(#473); candidate=summit-candidate:0d5802be6f4a6c6e; track=""剣ノ山・三傍示山・塩塚峰""; score=0.57; name_tier=strong; ele_diff=144.88m; loc=strong_overlap; act_conf=high"
473,三傍示山,summit-candidate:737ce2580de91527,yamap_2026-03-01_06_45.gpx,剣ノ山・三傍示山・塩塚峰,1041.1266666666668,1157,115.87,0.57,3,3,0.01,false,true,medium,medium,low,low_priority,location_uncertain_keep,四国中央市,,candidate_boundary_ambiguous,,multiple_candidates_for_mountain|multiple_mountains_for_candidate|weak_elevation_evidence|missing_csv_coordinate,top_3_with_evidence,low_priority_alternative,"mountain=三傍示山(#473); candidate=summit-candidate:737ce2580de91527; track=""剣ノ山・三傍示山・塩塚峰""; score=0.57; name_tier=strong; ele_diff=115.87m; loc=strong_overlap; act_conf=high"
474,塩塚峰,summit-candidate:737ce2580de91527,yamap_2026-03-01_06_45.gpx,剣ノ山・三傍示山・塩塚峰,1041.1266666666668,1043,1.87,0.75,1,1,0.02,true,true,medium,high,medium,accept_candidate_after_map_check,location_uncertain_keep,四国中央市,,candidate_boundary_ambiguous,,multiple_candidates_for_mountain|multiple_mountains_for_candidate|missing_csv_coordinate,top_1_but_ambiguous,clear_mutual_top1,"mountain=塩塚峰(#474); candidate=summit-candidate:737ce2580de91527; track=""剣ノ山・三傍示山・塩塚峰""; score=0.75; name_tier=strong; ele_diff=1.87m; loc=strong_overlap; act_conf=high"
474,塩塚峰,summit-candidate:0d5802be6f4a6c6e,yamap_2026-03-01_06_45.gpx,剣ノ山・三傍示山・塩塚峰,1012.1166666666668,1043,30.88,0.73,2,1,0.06,false,true,medium,medium,high,check_close_alternatives,location_strong_match,四国中央市,,same_municipality,四国中央市,multiple_candidates_for_mountain|multiple_mountains_for_candidate|missing_csv_coordinate,top_3_with_evidence,small_score_gap,"mountain=塩塚峰(#474); candidate=summit-candidate:0d5802be6f4a6c6e; track=""剣ノ山・三傍示山・塩塚峰""; score=0.63; name_tier=strong; ele_diff=30.88m; loc=strong_overlap; act_conf=high"
474,塩塚峰,summit-candidate:78274ad93e160452,yamap_2026-03-01_06_45.gpx,剣ノ山・三傍示山・塩塚峰,1152.4499999999998,1043,109.45,0.67,3,3,0.17,false,true,medium,high,high,resolve_conflict,location_strong_match,四国中央市,,same_municipality,四国中央市,multiple_candidates_for_mountain|multiple_mountains_for_candidate|weak_elevation_evidence|missing_csv_coordinate,top_candidate_for_multiple_mountains,shared_candidate,"mountain=塩塚峰(#474); candidate=summit-candidate:78274ad93e160452; track=""剣ノ山・三傍示山・塩塚峰""; score=0.57; name_tier=strong; ele_diff=109.45m; loc=strong_overlap; act_conf=high"
475,登議城山,summit-candidate:9fe27d7d4a51aa70,yamap_2026-03-04_06_40.gpx,登議城山,649.16,655,5.84,0.85,1,1,0.18,true,true,medium,medium,medium,accept_candidate_after_map_check,location_strong_match,内子町,,same_municipality,内子町,multiple_candidates_for_mountain|multiple_mountains_for_candidate|missing_csv_coordinate|activity_link_ambiguous,top_1_but_ambiguous|priority_reduced_strong_match_mutual_top1,clear_mutual_top1,"mountain=登議城山(#475); candidate=summit-candidate:9fe27d7d4a51aa70; track=""登議城山""; score=0.75; name_tier=strong; ele_diff=5.84m; loc=strong_overlap; act_conf=high"
475,登議城山,summit-candidate:c6ea08c2953b4cb8,yamap_2026-03-04_09_46.gpx,愛宕山,369.3233333333333,655,285.68,0.67,2,2,0.23,false,true,medium,medium,low,low_priority,location_strong_match,内子町,,same_municipality,内子町,multiple_candidates_for_mountain|multiple_mountains_for_candidate|weak_elevation_evidence|missing_csv_coordinate|activity_link_ambiguous,top_3_with_evidence,low_priority_alternative,"mountain=登議城山(#475); candidate=summit-candidate:c6ea08c2953b4cb8; track=""愛宕山""; score=0.57; name_tier=strong; ele_diff=285.68m; loc=strong_overlap; act_conf=high"
475,登議城山,summit-candidate:4a22801b12460992,yamap_2026-01-25_07_43.gpx,船ヶ迫岳・鎌倉山,676.61,655,21.61,0.44,3,4,0.07,false,false,low,high,high,resolve_conflict,location_strong_match,内子町,,same_municipality,内子町,multiple_candidates_for_mountain|multiple_mountains_for_candidate|weak_name_evidence|missing_csv_coordinate,top_candidate_for_multiple_mountains,shared_candidate,"mountain=登議城山(#475); candidate=summit-candidate:4a22801b12460992; track=""船ヶ迫岳・鎌倉山""; score=0.34; name_tier=none; ele_diff=21.61m; loc=strong_overlap; act_conf=high"
476,愛宕山,summit-candidate:c6ea08c2953b4cb8,yamap_2026-03-04_09_46.gpx,愛宕山,369.3233333333333,357,12.32,0.79,1,1,0.12,true,true,medium,medium,medium,accept_candidate_after_map_check,location_strong_match,内子町,,same_municipality,内子町,multiple_candidates_for_mountain|multiple_mountains_for_candidate|missing_csv_coordinate|activity_link_ambiguous,top_1_but_ambiguous|priority_reduced_strong_match_mutual_top1,clear_mutual_top1,"mountain=愛宕山(#476); candidate=summit-candidate:c6ea08c2953b4cb8; track=""愛宕山""; score=0.69; name_tier=strong; ele_diff=12.32m; loc=strong_overlap; act_conf=high"
476,愛宕山,summit-candidate:9fe27d7d4a51aa70,yamap_2026-03-04_06_40.gpx,登議城山,649.16,357,292.16,0.67,2,2,0.17,false,true,medium,medium,low,low_priority,location_strong_match,内子町,,same_municipality,内子町,multiple_candidates_for_mountain|multiple_mountains_for_candidate|weak_elevation_evidence|missing_csv_coordinate|activity_link_ambiguous,top_3_with_evidence,low_priority_alternative,"mountain=愛宕山(#476); candidate=summit-candidate:9fe27d7d4a51aa70; track=""登議城山""; score=0.57; name_tier=strong; ele_diff=292.16m; loc=strong_overlap; act_conf=high"
476,愛宕山,summit-candidate:230b9847a05c8052,yamap_2025-03-17_14_08.gpx,大登山,362.42333333333335,357,5.42,0.5,3,3,0.17,false,true,low,medium,low,low_priority,location_strong_match,内子町,,same_municipality,内子町,multiple_candidates_for_mountain|multiple_mountains_for_candidate|weak_name_evidence|missing_csv_coordinate|activity_link_ambiguous,top_3_with_evidence,low_priority_alternative,"mountain=愛宕山(#476); candidate=summit-candidate:230b9847a05c8052; track=""大登山""; score=0.4; name_tier=none; ele_diff=5.42m; loc=strong_overlap; act_conf=high"
477,笠松山東峰,summit-candidate:8f25ad4ff380df77,yamap_2026-03-06_09_00.gpx,世田山・笠松山東峰・笠松山,346.8866666666666,327,19.89,0.79,1,3,0.35,false,true,medium,high,high,resolve_conflict,location_strong_match,今治市,,same_municipality,今治市,multiple_candidates_for_mountain|multiple_mountains_for_candidate|missing_csv_coordinate,top_1_but_ambiguous|top_candidate_for_multiple_mountains,shared_candidate|not_mutual_top1,"mountain=笠松山東峰(#477); candidate=summit-candidate:8f25ad4ff380df77; track=""世田山・笠松山東峰・笠松山""; score=0.69; name_tier=strong; ele_diff=19.89m; loc=strong_overlap; act_conf=high"
477,笠松山東峰,summit-candidate:0f09bdcc25daff65,yamap_2025-02-24_07_30.gpx,無宗天山,311.96,327,15.04,0.44,2,8,0,false,false,low,medium,low,low_priority,location_strong_match,今治市,,same_municipality,今治市,multiple_candidates_for_mountain|multiple_mountains_for_candidate|weak_name_evidence|missing_csv_coordinate|activity_link_ambiguous,top_3_with_evidence,low_priority_alternative,"mountain=笠松山東峰(#477); candidate=summit-candidate:0f09bdcc25daff65; track=""無宗天山""; score=0.34; name_tier=none; ele_diff=15.04m; loc=strong_overlap; act_conf=high"
477,笠松山東峰,summit-candidate:468c5bbccd8aba53,yamap_2024-01-27_13_31.gpx,宝股山,300.6033333333333,327,26.4,0.44,3,9,0,false,false,low,medium,low,low_priority,location_strong_match,今治市,,same_municipality,今治市,multiple_candidates_for_mountain|multiple_mountains_for_candidate|weak_name_evidence|missing_csv_coordinate|activity_link_ambiguous,top_3_with_evidence,low_priority_alternative,"mountain=笠松山東峰(#477); candidate=summit-candidate:468c5bbccd8aba53; track=""宝股山""; score=0.34; name_tier=none; ele_diff=26.4m; loc=strong_overlap; act_conf=high"
478,尻割山,summit-candidate:e8b129f70e703be5,yamap_2026-03-07_11_08.gpx,権現山,949.9166666666666,980,30.08,0.73,1,2,0.36,false,true,medium,high,high,resolve_conflict,location_strong_match,宇和島市,,same_municipality,宇和島市,multiple_candidates_for_mountain|multiple_mountains_for_candidate|missing_csv_coordinate|activity_link_ambiguous,top_1_but_ambiguous|top_candidate_for_multiple_mountains,shared_candidate|not_mutual_top1,"mountain=尻割山(#478); candidate=summit-candidate:e8b129f70e703be5; track=""権現山""; score=0.63; name_tier=strong; ele_diff=30.08m; loc=strong_overlap; act_conf=high"
478,尻割山,summit-candidate:6a1baa0667de8a9d,yamap_2025-04-06_08_48.gpx,加塚山,959.7999999999998,980,20.2,0.37,2,3,0.03,false,true,none,medium,low,low_priority,location_strong_match,宇和島市,,same_municipality,宇和島市,multiple_candidates_for_mountain|multiple_mountains_for_candidate|weak_name_evidence|missing_csv_coordinate|location_mismatch_warning,top_3_with_evidence,low_priority_alternative,"mountain=尻割山(#478); candidate=summit-candidate:6a1baa0667de8a9d; track=""加塚山""; score=0.27; name_tier=none; ele_diff=20.2m; loc=mismatch_warning; act_conf=high"
478,尻割山,summit-candidate:f59e1ba73617c383,yamap_2025-04-06_08_48.gpx,加塚山,1005.7346655272108,980,25.73,0.34,3,4,0.01,false,false,low,medium,low,low_priority,location_uncertain_keep,宇和島市,,candidate_boundary_ambiguous,,multiple_candidates_for_mountain|multiple_mountains_for_candidate|weak_name_evidence|missing_csv_coordinate,top_3_with_evidence,low_priority_alternative,"mountain=尻割山(#478); candidate=summit-candidate:f59e1ba73617c383; track=""加塚山""; score=0.34; name_tier=none; ele_diff=25.73m; loc=strong_overlap; act_conf=high"
479,四本松,summit-candidate:e8b129f70e703be5,yamap_2026-03-07_11_08.gpx,権現山,949.9166666666666,721,228.92,0.67,1,4,0.34,false,false,medium,high,high,resolve_conflict,location_strong_match,宇和島市,,same_municipality,宇和島市,multiple_candidates_for_mountain|multiple_mountains_for_candidate|weak_elevation_evidence|missing_csv_coordinate|activity_link_ambiguous,top_1_but_ambiguous|top_candidate_for_multiple_mountains,shared_candidate|not_mutual_top1,"mountain=四本松(#479); candidate=summit-candidate:e8b129f70e703be5; track=""権現山""; score=0.57; name_tier=strong; ele_diff=228.92m; loc=strong_overlap; act_conf=high"
479,四本松,summit-candidate:e7ae682a07af2e10,yamap_2022-01-22_09_04.gpx,高森山・岩伽羅山・衣掛山・吉山(吉山城址),719.2533333333334,721,1.75,0.33,2,18,0.05,false,false,low,high,high,resolve_conflict,location_uncertain_keep,宇和島市,,candidate_boundary_ambiguous,,multiple_candidates_for_mountain|multiple_mountains_for_candidate|weak_name_evidence|missing_csv_coordinate|location_mismatch_warning,top_candidate_for_multiple_mountains,shared_candidate,"mountain=四本松(#479); candidate=summit-candidate:e7ae682a07af2e10; track=""高森山・岩伽羅山・衣掛山・吉山(吉山城址)""; score=0.33; name_tier=none; ele_diff=1.75m; loc=mismatch_warning; act_conf=high"
479,四本松,summit-candidate:9a0532ee2b40e5f3,yamap_2023-11-19_06_46.gpx,瀬戸黒森・三森・羽子山・観音森,725.5,721,4.5,0.28,3,6,0.01,false,false,low,low,high,check_location_warning,adjacent_but_deep_inside,宇和島市,,adjacent_municipality,愛南町,multiple_candidates_for_mountain|multiple_mountains_for_candidate|weak_name_evidence|missing_csv_coordinate|location_mismatch_warning,adjacent_but_deep_inside,adjacent_but_deep_inside,"mountain=四本松(#479); candidate=summit-candidate:9a0532ee2b40e5f3; track=""瀬戸黒森・三森・羽子山・観音森""; score=0.33; name_tier=none; ele_diff=4.5m; loc=mismatch_warning; act_conf=high"
480,権現山,summit-candidate:e8b129f70e703be5,yamap_2026-03-07_11_08.gpx,権現山,949.9166666666666,952,2.08,0.85,1,1,0.18,true,true,medium,medium,high,resolve_conflict,location_strong_match,宇和島市,,same_municipality,宇和島市,multiple_candidates_for_mountain|multiple_mountains_for_candidate|missing_csv_coordinate|activity_link_ambiguous,top_1_but_ambiguous|top_candidate_for_multiple_mountains|priority_reduced_strong_match_mutual_top1,shared_candidate,"mountain=権現山(#480); candidate=summit-candidate:e8b129f70e703be5; track=""権現山""; score=0.75; name_tier=strong; ele_diff=2.08m; loc=strong_overlap; act_conf=high"
480,権現山,summit-candidate:84f974876f397da1,yamap_2024-02-10_13_09.gpx,権現山,498.7563056512352,952,453.24,0.67,2,4,0,false,false,medium,medium,low,low_priority,location_strong_match,宇和島市,,same_municipality,宇和島市,multiple_candidates_for_mountain|multiple_mountains_for_candidate|weak_elevation_evidence|missing_csv_coordinate|activity_link_ambiguous,top_3_with_evidence,low_priority_alternative,"mountain=権現山(#480); candidate=summit-candidate:84f974876f397da1; track=""権現山""; score=0.57; name_tier=strong; ele_diff=453.24m; loc=strong_overlap; act_conf=high"
480,権現山,summit-candidate:ef3e845b5d632dd3,yamap_2024-02-10_09_58.gpx,熊ガ峰,340.53999999999996,952,611.46,0.67,3,4,0,false,false,medium,medium,low,low_priority,location_strong_match,宇和島市,,same_municipality,宇和島市,multiple_candidates_for_mountain|multiple_mountains_for_candidate|weak_elevation_evidence|missing_csv_coordinate|activity_link_ambiguous,top_3_with_evidence,low_priority_alternative,"mountain=権現山(#480); candidate=summit-candidate:ef3e845b5d632dd3; track=""熊ガ峰""; score=0.57; name_tier=strong; ele_diff=611.46m; loc=strong_overlap; act_conf=high"
481,呉石山,summit-candidate:784df3690acb5365,yamap_2026-03-08_07_27.gpx,呉石山,833.5256703454279,826,7.53,0.85,1,1,0.18,true,true,medium,medium,medium,accept_candidate_after_map_check,location_strong_match,四国中央市,,same_municipality,四国中央市,multiple_candidates_for_mountain|multiple_mountains_for_candidate|missing_csv_coordinate|activity_link_ambiguous,top_1_but_ambiguous|priority_reduced_strong_match_mutual_top1,clear_mutual_top1,"mountain=呉石山(#481); candidate=summit-candidate:784df3690acb5365; track=""呉石山""; score=0.75; name_tier=strong; ele_diff=7.53m; loc=strong_overlap; act_conf=high"
481,呉石山,summit-candidate:ab39145b6a448b8d,yamap_2026-03-08_10_45.gpx,白木山,617.3566666666667,826,208.64,0.67,2,2,0.07,false,true,medium,medium,low,low_priority,location_strong_match,四国中央市,,same_municipality,四国中央市,multiple_candidates_for_mountain|multiple_mountains_for_candidate|weak_elevation_evidence|missing_csv_coordinate|activity_link_ambiguous,top_3_with_evidence,low_priority_alternative,"mountain=呉石山(#481); candidate=summit-candidate:ab39145b6a448b8d; track=""白木山""; score=0.57; name_tier=strong; ele_diff=208.64m; loc=strong_overlap; act_conf=high"
481,呉石山,summit-candidate:eb031d650d8e9a7a,yamap_2026-03-08_08_05.gpx,峰畑山,753.8057910293684,826,72.19,0.6,3,2,0.16,false,true,low,medium,low,low_priority,location_strong_match,四国中央市,,same_municipality,四国中央市,multiple_candidates_for_mountain|multiple_mountains_for_candidate|weak_elevation_evidence|missing_csv_coordinate|location_mismatch_warning|activity_link_ambiguous,top_3_with_evidence,low_priority_alternative,"mountain=呉石山(#481); candidate=summit-candidate:eb031d650d8e9a7a; track=""峰畑山""; score=0.5; name_tier=strong; ele_diff=72.19m; loc=mismatch_warning; act_conf=high"
482,峰畑山,summit-candidate:eb031d650d8e9a7a,yamap_2026-03-08_08_05.gpx,峰畑山,753.8057910293684,747,6.81,0.78,1,1,0.11,true,true,medium,medium,medium,accept_candidate_after_map_check,location_strong_match,四国中央市,,same_municipality,四国中央市,multiple_candidates_for_mountain|multiple_mountains_for_candidate|missing_csv_coordinate|location_mismatch_warning|activity_link_ambiguous,top_1_but_ambiguous|priority_reduced_strong_match_mutual_top1,clear_mutual_top1,"mountain=峰畑山(#482); candidate=summit-candidate:eb031d650d8e9a7a; track=""峰畑山""; score=0.68; name_tier=strong; ele_diff=6.81m; loc=mismatch_warning; act_conf=high"
482,峰畑山,summit-candidate:784df3690acb5365,yamap_2026-03-08_07_27.gpx,呉石山,833.5256703454279,747,86.53,0.67,2,2,0,false,true,medium,medium,low,low_priority,location_strong_match,四国中央市,,same_municipality,四国中央市,multiple_candidates_for_mountain|multiple_mountains_for_candidate|weak_elevation_evidence|missing_csv_coordinate|activity_link_ambiguous,top_3_with_evidence,low_priority_alternative,"mountain=峰畑山(#482); candidate=summit-candidate:784df3690acb5365; track=""呉石山""; score=0.57; name_tier=strong; ele_diff=86.53m; loc=strong_overlap; act_conf=high"
482,峰畑山,summit-candidate:ab39145b6a448b8d,yamap_2026-03-08_10_45.gpx,白木山,617.3566666666667,747,129.64,0.67,3,3,0.34,false,true,medium,medium,low,low_priority,location_strong_match,四国中央市,,same_municipality,四国中央市,multiple_candidates_for_mountain|multiple_mountains_for_candidate|weak_elevation_evidence|missing_csv_coordinate|activity_link_ambiguous,top_3_with_evidence,low_priority_alternative,"mountain=峰畑山(#482); candidate=summit-candidate:ab39145b6a448b8d; track=""白木山""; score=0.57; name_tier=strong; ele_diff=129.64m; loc=strong_overlap; act_conf=high"
483,白木山,summit-candidate:ab39145b6a448b8d,yamap_2026-03-08_10_45.gpx,白木山,617.3566666666667,624,6.64,0.85,1,1,0.18,true,true,medium,medium,medium,accept_candidate_after_map_check,location_strong_match,四国中央市,,same_municipality,四国中央市,multiple_candidates_for_mountain|multiple_mountains_for_candidate|missing_csv_coordinate|activity_link_ambiguous,top_1_but_ambiguous|priority_reduced_strong_match_mutual_top1,clear_mutual_top1,"mountain=白木山(#483); candidate=summit-candidate:ab39145b6a448b8d; track=""白木山""; score=0.75; name_tier=strong; ele_diff=6.64m; loc=strong_overlap; act_conf=high"
483,白木山,summit-candidate:784df3690acb5365,yamap_2026-03-08_07_27.gpx,呉石山,833.5256703454279,624,209.53,0.67,2,3,0.07,false,true,medium,medium,low,low_priority,location_strong_match,四国中央市,,same_municipality,四国中央市,multiple_candidates_for_mountain|multiple_mountains_for_candidate|weak_elevation_evidence|missing_csv_coordinate|activity_link_ambiguous,top_3_with_evidence,low_priority_alternative,"mountain=白木山(#483); candidate=summit-candidate:784df3690acb5365; track=""呉石山""; score=0.57; name_tier=strong; ele_diff=209.53m; loc=strong_overlap; act_conf=high"
483,白木山,summit-candidate:eb031d650d8e9a7a,yamap_2026-03-08_08_05.gpx,峰畑山,753.8057910293684,624,129.81,0.6,3,3,0.27,false,true,low,medium,low,low_priority,location_strong_match,四国中央市,,same_municipality,四国中央市,multiple_candidates_for_mountain|multiple_mountains_for_candidate|weak_elevation_evidence|missing_csv_coordinate|location_mismatch_warning|activity_link_ambiguous,top_3_with_evidence,low_priority_alternative,"mountain=白木山(#483); candidate=summit-candidate:eb031d650d8e9a7a; track=""峰畑山""; score=0.5; name_tier=strong; ele_diff=129.81m; loc=mismatch_warning; act_conf=high"
484,軽ノ山,summit-candidate:084fa7c9e55252dc,yamap_2026-03-11_10_35.gpx,野津子山・軽ノ山,165.84333333333333,171,5.16,0.85,1,1,0.35,true,true,medium,medium,high,resolve_conflict,location_strong_match,松山市,,same_municipality,松山市,multiple_candidates_for_mountain|multiple_mountains_for_candidate|missing_csv_coordinate,top_1_but_ambiguous|top_candidate_for_multiple_mountains|priority_reduced_strong_match_mutual_top1,shared_candidate,"mountain=軽ノ山(#484); candidate=summit-candidate:084fa7c9e55252dc; track=""野津子山・軽ノ山""; score=0.75; name_tier=strong; ele_diff=5.16m; loc=strong_overlap; act_conf=high"
484,軽ノ山,summit-candidate:5e94c87cc5fcc87b,yamap_2022-03-20_07_06.gpx,大久保山・八里ヶ峠・中坂山・天神山・室岡山・潮見山,173.09,171,2.09,0.5,2,13,0,false,false,low,medium,low,low_priority,location_strong_match,松山市,,same_municipality,松山市,multiple_candidates_for_mountain|multiple_mountains_for_candidate|weak_name_evidence|missing_csv_coordinate,top_3_with_evidence,low_priority_alternative,"mountain=軽ノ山(#484); candidate=summit-candidate:5e94c87cc5fcc87b; track=""大久保山・八里ヶ峠・中坂山・天神山・室岡山・潮見山""; score=0.4; name_tier=none; ele_diff=2.09m; loc=strong_overlap; act_conf=high"
484,軽ノ山,summit-candidate:bdfa250c89c1ca90,yamap_2022-02-23_08_42.gpx,西山・経ヶ森・岩子山・護摩ヶ森,168.98333333333335,171,2.02,0.5,3,11,0.06,false,false,low,high,high,resolve_conflict,location_strong_match,松山市,,same_municipality,松山市,multiple_candidates_for_mountain|multiple_mountains_for_candidate|weak_name_evidence|missing_csv_coordinate,top_candidate_for_multiple_mountains,shared_candidate,"mountain=軽ノ山(#484); candidate=summit-candidate:bdfa250c89c1ca90; track=""西山・経ヶ森・岩子山・護摩ヶ森""; score=0.4; name_tier=none; ele_diff=2.02m; loc=strong_overlap; act_conf=high"
485,野津子山,summit-candidate:084fa7c9e55252dc,yamap_2026-03-11_10_35.gpx,野津子山・軽ノ山,165.84333333333333,144,21.84,0.79,1,2,0.29,false,true,medium,high,high,resolve_conflict,location_strong_match,松山市,,same_municipality,松山市,multiple_candidates_for_mountain|multiple_mountains_for_candidate|missing_csv_coordinate,top_1_but_ambiguous|top_candidate_for_multiple_mountains,shared_candidate|not_mutual_top1,"mountain=野津子山(#485); candidate=summit-candidate:084fa7c9e55252dc; track=""野津子山・軽ノ山""; score=0.69; name_tier=strong; ele_diff=21.84m; loc=strong_overlap; act_conf=high"
485,野津子山,summit-candidate:3259dfe3d9ce60c5,yamap_2022-03-23_07_38.gpx,明神山・潮見山,152.25333333333333,144,8.25,0.5,2,7,0,false,false,low,high,high,resolve_conflict,location_strong_match,松山市,,same_municipality,松山市,multiple_candidates_for_mountain|multiple_mountains_for_candidate|weak_name_evidence|missing_csv_coordinate,top_candidate_for_multiple_mountains,shared_candidate,"mountain=野津子山(#485); candidate=summit-candidate:3259dfe3d9ce60c5; track=""明神山・潮見山""; score=0.4; name_tier=none; ele_diff=8.25m; loc=strong_overlap; act_conf=high"
485,野津子山,summit-candidate:ab8cf0f07d2a219d,yamap_2022-03-12_08_31.gpx,菊ヶ森,145.66,144,1.66,0.5,3,4,0.06,false,false,low,medium,low,low_priority,location_strong_match,松山市,,same_municipality,松山市,multiple_candidates_for_mountain|multiple_mountains_for_candidate|weak_name_evidence|missing_csv_coordinate|activity_link_ambiguous,top_3_with_evidence,low_priority_alternative,"mountain=野津子山(#485); candidate=summit-candidate:ab8cf0f07d2a219d; track=""菊ヶ森""; score=0.4; name_tier=none; ele_diff=1.66m; loc=strong_overlap; act_conf=high"
486,長山,summit-candidate:c246a8edb72dbebb,yamap_2026-03-15_06_14.gpx,長山,939.7329137961616,939,0.73,0.85,1,1,0.18,true,true,medium,medium,medium,accept_candidate_after_map_check,location_strong_match,鬼北町,,same_municipality,鬼北町,multiple_candidates_for_mountain|multiple_mountains_for_candidate|missing_csv_coordinate|activity_link_ambiguous,top_1_but_ambiguous|priority_reduced_strong_match_mutual_top1,clear_mutual_top1,"mountain=長山(#486); candidate=summit-candidate:c246a8edb72dbebb; track=""長山""; score=0.75; name_tier=strong; ele_diff=0.73m; loc=strong_overlap; act_conf=high"
486,長山,summit-candidate:314bd84876bc3fc3,yamap_2026-03-15_10_21.gpx,高研山,1065.780524285452,939,126.78,0.67,2,2,0.17,false,true,medium,medium,low,low_priority,location_strong_match,鬼北町,,same_municipality,鬼北町,multiple_candidates_for_mountain|multiple_mountains_for_candidate|weak_elevation_evidence|missing_csv_coordinate|activity_link_ambiguous,top_3_with_evidence,low_priority_alternative,"mountain=長山(#486); candidate=summit-candidate:314bd84876bc3fc3; track=""高研山""; score=0.57; name_tier=strong; ele_diff=126.78m; loc=strong_overlap; act_conf=high"
486,長山,summit-candidate:7bda9ba8d2b47d6e,yamap_2022-10-01_08_30.gpx,戸祇御前山,947.3511063301806,939,8.35,0.5,3,2,0.12,false,true,low,medium,low,low_priority,location_strong_match,鬼北町,,same_municipality,鬼北町,multiple_candidates_for_mountain|multiple_mountains_for_candidate|weak_name_evidence|missing_csv_coordinate,top_3_with_evidence,low_priority_alternative,"mountain=長山(#486); candidate=summit-candidate:7bda9ba8d2b47d6e; track=""戸祇御前山""; score=0.4; name_tier=none; ele_diff=8.35m; loc=strong_overlap; act_conf=high"
487,高研山,summit-candidate:314bd84876bc3fc3,yamap_2026-03-15_10_21.gpx,高研山,1065.780524285452,1055,10.78,0.79,1,1,0.12,true,true,medium,medium,medium,accept_candidate_after_map_check,location_strong_match,鬼北町,,same_municipality,鬼北町,multiple_candidates_for_mountain|multiple_mountains_for_candidate|missing_csv_coordinate|activity_link_ambiguous,top_1_but_ambiguous|priority_reduced_strong_match_mutual_top1,clear_mutual_top1,"mountain=高研山(#487); candidate=summit-candidate:314bd84876bc3fc3; track=""高研山""; score=0.69; name_tier=strong; ele_diff=10.78m; loc=strong_overlap; act_conf=high"
487,高研山,summit-candidate:c246a8edb72dbebb,yamap_2026-03-15_06_14.gpx,長山,939.7329137961616,1055,115.27,0.67,2,2,0.34,false,true,medium,medium,low,low_priority,location_strong_match,鬼北町,,same_municipality,鬼北町,multiple_candidates_for_mountain|multiple_mountains_for_candidate|weak_elevation_evidence|missing_csv_coordinate|activity_link_ambiguous,top_3_with_evidence,low_priority_alternative,"mountain=高研山(#487); candidate=summit-candidate:c246a8edb72dbebb; track=""長山""; score=0.57; name_tier=strong; ele_diff=115.27m; loc=strong_overlap; act_conf=high"
487,高研山,summit-candidate:446b5fe1e7a8b2fd,yamap_2023-03-11_06_08.gpx,福見山・明神ヶ森・南三方ヶ森・魚谷森・左谷ノ森,1048.2366666666665,1055,6.76,0.33,3,11,0,false,false,low,medium,low,low_priority,location_uncertain_keep,鬼北町,,candidate_boundary_ambiguous,,multiple_candidates_for_mountain|multiple_mountains_for_candidate|weak_name_evidence|missing_csv_coordinate|location_mismatch_warning,top_3_with_evidence,low_priority_alternative,"mountain=高研山(#487); candidate=summit-candidate:446b5fe1e7a8b2fd; track=""福見山・明神ヶ森・南三方ヶ森・魚谷森・左谷ノ森""; score=0.33; name_tier=none; ele_diff=6.76m; loc=mismatch_warning; act_conf=high"
488,大ノ森,summit-candidate:777bcc5c6ed2c27e,yamap_2026-03-17_06_58.gpx,大ノ森,1317.4533333333331,1320,2.55,0.85,1,1,0.41,true,true,medium,medium,high,resolve_conflict,location_strong_match,久万高原町,,same_municipality,久万高原町,multiple_candidates_for_mountain|multiple_mountains_for_candidate|missing_csv_coordinate,top_1_but_ambiguous|top_candidate_for_multiple_mountains|priority_reduced_strong_match_mutual_top1,shared_candidate,"mountain=大ノ森(#488); candidate=summit-candidate:777bcc5c6ed2c27e; track=""大ノ森""; score=0.75; name_tier=strong; ele_diff=2.55m; loc=strong_overlap; act_conf=high"
488,大ノ森,summit-candidate:aa8ff99fc3bd426d,yamap_2024-04-07_06_45.gpx,二箆山・西雑誌山,1347.9433333333334,1320,27.94,0.44,2,6,0.07,false,false,low,medium,low,low_priority,location_strong_match,久万高原町,,same_municipality,久万高原町,multiple_candidates_for_mountain|multiple_mountains_for_candidate|weak_name_evidence|missing_csv_coordinate,top_3_with_evidence,low_priority_alternative,"mountain=大ノ森(#488); candidate=summit-candidate:aa8ff99fc3bd426d; track=""二箆山・西雑誌山""; score=0.34; name_tier=none; ele_diff=27.94m; loc=strong_overlap; act_conf=high"
488,大ノ森,summit-candidate:e4172c5503fdcc89,yamap_2024-04-07_06_45.gpx,二箆山・西雑誌山,1338.5933333333335,1320,18.59,0.37,3,9,0.03,false,false,none,medium,low,low_priority,location_strong_match,久万高原町,,same_municipality,久万高原町,multiple_candidates_for_mountain|multiple_mountains_for_candidate|weak_name_evidence|missing_csv_coordinate|location_mismatch_warning,top_3_with_evidence,low_priority_alternative,"mountain=大ノ森(#488); candidate=summit-candidate:e4172c5503fdcc89; track=""二箆山・西雑誌山""; score=0.27; name_tier=none; ele_diff=18.59m; loc=mismatch_warning; act_conf=high"
489,雨乞山,summit-candidate:f760bededfedfc09,yamap_2026-03-21_07_01.gpx,雨乞山・妙見森,1215.7332944221434,1213,2.73,0.85,1,1,0.06,true,true,medium,medium,medium,accept_candidate_after_map_check,location_strong_match,内子町,,same_municipality,内子町,multiple_candidates_for_mountain|multiple_mountains_for_candidate|missing_csv_coordinate|activity_link_ambiguous,top_1_but_ambiguous|priority_reduced_strong_match_mutual_top1,clear_mutual_top1,"mountain=雨乞山(#489); candidate=summit-candidate:f760bededfedfc09; track=""雨乞山・妙見森""; score=0.75; name_tier=strong; ele_diff=2.73m; loc=strong_overlap; act_conf=high"
489,雨乞山,summit-candidate:d5d39ec66a34deb5,yamap_2026-03-21_14_58.gpx,雨霧山,1235.86,1213,22.86,0.79,2,2,0.12,false,true,medium,medium,low,low_priority,location_strong_match,内子町,,same_municipality,内子町,multiple_candidates_for_mountain|multiple_mountains_for_candidate|missing_csv_coordinate|activity_link_ambiguous,top_3_with_evidence,low_priority_alternative,"mountain=雨乞山(#489); candidate=summit-candidate:d5d39ec66a34deb5; track=""雨霧山""; score=0.69; name_tier=strong; ele_diff=22.86m; loc=strong_overlap; act_conf=high"
489,雨乞山,summit-candidate:118b217506eb653f,yamap_2026-03-21_07_01.gpx,雨乞山・妙見森,1334.4923924855789,1213,121.49,0.67,3,2,0.17,false,true,medium,high,high,resolve_conflict,location_strong_match,内子町,,same_municipality,内子町,multiple_candidates_for_mountain|multiple_mountains_for_candidate|weak_elevation_evidence|missing_csv_coordinate|activity_link_ambiguous,top_candidate_for_multiple_mountains,shared_candidate,"mountain=雨乞山(#489); candidate=summit-candidate:118b217506eb653f; track=""雨乞山・妙見森""; score=0.57; name_tier=strong; ele_diff=121.49m; loc=strong_overlap; act_conf=high"
490,妙見森,summit-candidate:118b217506eb653f,yamap_2026-03-21_07_01.gpx,雨乞山・妙見森,1334.4923924855789,1325,9.49,0.85,1,1,0.18,true,true,medium,medium,high,resolve_conflict,location_strong_match,内子町,,same_municipality,内子町,multiple_candidates_for_mountain|multiple_mountains_for_candidate|missing_csv_coordinate|activity_link_ambiguous,top_1_but_ambiguous|top_candidate_for_multiple_mountains|priority_reduced_strong_match_mutual_top1,shared_candidate,"mountain=妙見森(#490); candidate=summit-candidate:118b217506eb653f; track=""雨乞山・妙見森""; score=0.75; name_tier=strong; ele_diff=9.49m; loc=strong_overlap; act_conf=high"
490,妙見森,summit-candidate:d5d39ec66a34deb5,yamap_2026-03-21_14_58.gpx,雨霧山,1235.86,1325,89.14,0.67,2,3,0,false,true,medium,medium,low,low_priority,location_strong_match,内子町,,same_municipality,内子町,multiple_candidates_for_mountain|multiple_mountains_for_candidate|weak_elevation_evidence|missing_csv_coordinate|activity_link_ambiguous,top_3_with_evidence,low_priority_alternative,"mountain=妙見森(#490); candidate=summit-candidate:d5d39ec66a34deb5; track=""雨霧山""; score=0.57; name_tier=strong; ele_diff=89.14m; loc=strong_overlap; act_conf=high"
490,妙見森,summit-candidate:f760bededfedfc09,yamap_2026-03-21_07_01.gpx,雨乞山・妙見森,1215.7332944221434,1325,109.27,0.67,3,3,0.05,false,true,medium,medium,low,low_priority,location_strong_match,内子町,,same_municipality,内子町,multiple_candidates_for_mountain|multiple_mountains_for_candidate|weak_elevation_evidence|missing_csv_coordinate|activity_link_ambiguous,top_3_with_evidence,low_priority_alternative,"mountain=妙見森(#490); candidate=summit-candidate:f760bededfedfc09; track=""雨乞山・妙見森""; score=0.57; name_tier=strong; ele_diff=109.27m; loc=strong_overlap; act_conf=high"
491,笹峠山,summit-candidate:118b217506eb653f,yamap_2026-03-21_07_01.gpx,雨乞山・妙見森,1334.4923924855789,954,380.49,0.67,1,3,0,false,true,medium,high,high,resolve_conflict,location_strong_match,内子町,,same_municipality,内子町,multiple_candidates_for_mountain|multiple_mountains_for_candidate|weak_elevation_evidence|missing_csv_coordinate|activity_link_ambiguous,top_1_but_ambiguous|top_candidate_for_multiple_mountains,shared_candidate|not_mutual_top1,"mountain=笹峠山(#491); candidate=summit-candidate:118b217506eb653f; track=""雨乞山・妙見森""; score=0.57; name_tier=strong; ele_diff=380.49m; loc=strong_overlap; act_conf=high"
491,笹峠山,summit-candidate:d5d39ec66a34deb5,yamap_2026-03-21_14_58.gpx,雨霧山,1235.86,954,281.86,0.67,2,4,0,false,false,medium,medium,high,check_close_alternatives,location_strong_match,内子町,,same_municipality,内子町,multiple_candidates_for_mountain|multiple_mountains_for_candidate|weak_elevation_evidence|missing_csv_coordinate|activity_link_ambiguous,top_3_with_evidence,small_score_gap,"mountain=笹峠山(#491); candidate=summit-candidate:d5d39ec66a34deb5; track=""雨霧山""; score=0.57; name_tier=strong; ele_diff=281.86m; loc=strong_overlap; act_conf=high"
491,笹峠山,summit-candidate:f760bededfedfc09,yamap_2026-03-21_07_01.gpx,雨乞山・妙見森,1215.7332944221434,954,261.73,0.67,3,4,0.05,false,false,medium,medium,high,check_close_alternatives,location_strong_match,内子町,,same_municipality,内子町,multiple_candidates_for_mountain|multiple_mountains_for_candidate|weak_elevation_evidence|missing_csv_coordinate|activity_link_ambiguous,top_3_with_evidence,small_score_gap,"mountain=笹峠山(#491); candidate=summit-candidate:f760bededfedfc09; track=""雨乞山・妙見森""; score=0.57; name_tier=strong; ele_diff=261.73m; loc=strong_overlap; act_conf=high"
492,雨霧山,summit-candidate:d5d39ec66a34deb5,yamap_2026-03-21_14_58.gpx,雨霧山,1235.86,1245,9.14,0.85,1,1,0.06,true,true,medium,medium,medium,accept_candidate_after_map_check,location_strong_match,内子町,,same_municipality,内子町,multiple_candidates_for_mountain|multiple_mountains_for_candidate|missing_csv_coordinate|activity_link_ambiguous,top_1_but_ambiguous|priority_reduced_strong_match_mutual_top1,clear_mutual_top1,"mountain=雨霧山(#492); candidate=summit-candidate:d5d39ec66a34deb5; track=""雨霧山""; score=0.75; name_tier=strong; ele_diff=9.14m; loc=strong_overlap; act_conf=high"
492,雨霧山,summit-candidate:f760bededfedfc09,yamap_2026-03-21_07_01.gpx,雨乞山・妙見森,1215.7332944221434,1245,29.27,0.79,2,2,0.12,false,true,medium,medium,low,low_priority,location_strong_match,内子町,,same_municipality,内子町,multiple_candidates_for_mountain|multiple_mountains_for_candidate|missing_csv_coordinate|activity_link_ambiguous,top_3_with_evidence,low_priority_alternative,"mountain=雨霧山(#492); candidate=summit-candidate:f760bededfedfc09; track=""雨乞山・妙見森""; score=0.69; name_tier=strong; ele_diff=29.27m; loc=strong_overlap; act_conf=high"
492,雨霧山,summit-candidate:118b217506eb653f,yamap_2026-03-21_07_01.gpx,雨乞山・妙見森,1334.4923924855789,1245,89.49,0.67,3,4,0.05,false,false,medium,high,high,resolve_conflict,location_strong_match,内子町,,same_municipality,内子町,multiple_candidates_for_mountain|multiple_mountains_for_candidate|weak_elevation_evidence|missing_csv_coordinate|activity_link_ambiguous,top_candidate_for_multiple_mountains,shared_candidate,"mountain=雨霧山(#492); candidate=summit-candidate:118b217506eb653f; track=""雨乞山・妙見森""; score=0.57; name_tier=strong; ele_diff=89.49m; loc=strong_overlap; act_conf=high"
493,三郷の辻,summit-candidate:46ab73ee0e06e924,yamap_2026-04-11_09_14.gpx,三郷の辻,926.7733333333334,931,4.23,0.75,1,1,0.31,true,true,medium,high,medium,accept_candidate_after_map_check,location_uncertain_keep,久万高原町,,candidate_boundary_ambiguous,,multiple_candidates_for_mountain|multiple_mountains_for_candidate|missing_csv_coordinate,top_1_but_ambiguous,clear_mutual_top1,"mountain=三郷の辻(#493); candidate=summit-candidate:46ab73ee0e06e924; track=""三郷の辻""; score=0.75; name_tier=strong; ele_diff=4.23m; loc=strong_overlap; act_conf=high"
493,三郷の辻,summit-candidate:2a670286f545beb2,yamap_2023-04-09_09_08.gpx,菊ヶ森・餓鬼ヶ森,910.6433333333334,931,20.36,0.44,2,6,0,false,false,low,high,high,resolve_conflict,location_strong_match,久万高原町,,same_municipality,久万高原町,multiple_candidates_for_mountain|multiple_mountains_for_candidate|weak_name_evidence|missing_csv_coordinate,top_candidate_for_multiple_mountains,shared_candidate,"mountain=三郷の辻(#493); candidate=summit-candidate:2a670286f545beb2; track=""菊ヶ森・餓鬼ヶ森""; score=0.34; name_tier=none; ele_diff=20.36m; loc=strong_overlap; act_conf=high"
493,三郷の辻,summit-candidate:be07cff01023e072,yamap_2023-04-09_09_08.gpx,菊ヶ森・餓鬼ヶ森,950.8066666666667,931,19.81,0.44,3,4,0.06,false,false,low,medium,low,low_priority,location_strong_match,久万高原町,,same_municipality,久万高原町,multiple_candidates_for_mountain|multiple_mountains_for_candidate|weak_name_evidence|missing_csv_coordinate,top_3_with_evidence,low_priority_alternative,"mountain=三郷の辻(#493); candidate=summit-candidate:be07cff01023e072; track=""菊ヶ森・餓鬼ヶ森""; score=0.34; name_tier=none; ele_diff=19.81m; loc=strong_overlap; act_conf=high"
494,権現山,summit-candidate:2011a6c909945d6f,yamap_2026-04-12_11_03.gpx,権現山,102.87,117,14.13,0.79,1,1,0.24,true,true,medium,medium,high,resolve_conflict,location_strong_match,松山市,,same_municipality,松山市,multiple_candidates_for_mountain|multiple_mountains_for_candidate|missing_csv_coordinate,top_1_but_ambiguous|top_candidate_for_multiple_mountains|priority_reduced_strong_match_mutual_top1,shared_candidate,"mountain=権現山(#494); candidate=summit-candidate:2011a6c909945d6f; track=""権現山""; score=0.69; name_tier=strong; ele_diff=14.13m; loc=strong_overlap; act_conf=high"
494,権現山,summit-candidate:17b2365d322cd022,yamap_2022-10-16_10_19.gpx,楢原山・古権現山・中三方ヶ森,1212.63,117,1095.63,0.55,2,4,0.05,false,false,low,medium,high,check_location_warning,boundary_plausible,松山市,,adjacent_municipality,今治市,multiple_candidates_for_mountain|multiple_mountains_for_candidate|weak_elevation_evidence|missing_csv_coordinate|location_mismatch_warning,top_3_with_evidence,boundary_plausible,"mountain=権現山(#494); candidate=summit-candidate:17b2365d322cd022; track=""楢原山・古権現山・中三方ヶ森""; score=0.5; name_tier=strong; ele_diff=1095.63m; loc=mismatch_warning; act_conf=high"
494,権現山,summit-candidate:047b9599ec28c6ad,yamap_2023-01-08_09_18.gpx,権現山,368.9381628408408,117,251.94,0.5,3,13,0,false,false,low,medium,low,low_priority,location_uncertain_keep,松山市,,non_adjacent_municipality,愛南町,multiple_candidates_for_mountain|multiple_mountains_for_candidate|weak_elevation_evidence|missing_csv_coordinate|location_mismatch_warning|activity_link_ambiguous,top_3_with_evidence,low_priority_alternative,"mountain=権現山(#494); candidate=summit-candidate:047b9599ec28c6ad; track=""権現山""; score=0.5; name_tier=strong; ele_diff=251.94m; loc=mismatch_warning; act_conf=high"
495,雨乞山,summit-candidate:d0d3096d540f375e,yamap_2026-04-19_07_43.gpx,雨乞山,496.59999999999997,499,2.4,0.85,1,1,0.34,true,true,medium,medium,medium,accept_candidate_after_map_check,location_strong_match,八幡浜市,,same_municipality,八幡浜市,multiple_candidates_for_mountain|multiple_mountains_for_candidate|missing_csv_coordinate|activity_link_ambiguous,top_1_but_ambiguous|priority_reduced_strong_match_mutual_top1,clear_mutual_top1,"mountain=雨乞山(#495); candidate=summit-candidate:d0d3096d540f375e; track=""雨乞山""; score=0.75; name_tier=strong; ele_diff=2.4m; loc=strong_overlap; act_conf=high"
495,雨乞山,summit-candidate:9e86644a708cb211,yamap_2026-04-19_10_27.gpx,鼻欠山,459.0429986192042,499,39.96,0.51,2,2,0.01,false,true,medium,low,high,check_location_warning,adjacent_but_deep_inside,八幡浜市,,adjacent_municipality,大洲市,multiple_candidates_for_mountain|multiple_mountains_for_candidate|missing_csv_coordinate|location_mismatch_warning|activity_link_ambiguous,adjacent_but_deep_inside,adjacent_but_deep_inside,"mountain=雨乞山(#495); candidate=summit-candidate:9e86644a708cb211; track=""鼻欠山""; score=0.56; name_tier=strong; ele_diff=39.96m; loc=mismatch_warning; act_conf=high"
495,雨乞山,summit-candidate:05007aaf499a4ecc,yamap_2026-03-21_13_44.gpx,笹峠山,967.0418485014342,499,468.04,0.5,3,5,0,false,false,low,medium,low,low_priority,location_uncertain_keep,八幡浜市,,candidate_boundary_ambiguous,,multiple_candidates_for_mountain|multiple_mountains_for_candidate|weak_elevation_evidence|missing_csv_coordinate|location_mismatch_warning|activity_link_ambiguous,top_3_with_evidence,low_priority_alternative,"mountain=雨乞山(#495); candidate=summit-candidate:05007aaf499a4ecc; track=""笹峠山""; score=0.5; name_tier=strong; ele_diff=468.04m; loc=mismatch_warning; act_conf=high"
496,鼻欠山,summit-candidate:9e86644a708cb211,yamap_2026-04-19_10_27.gpx,鼻欠山,459.0429986192042,446,13.04,0.79,1,1,0.34,true,true,medium,medium,medium,accept_candidate_after_map_check,location_strong_match,大洲市,,same_municipality,大洲市,multiple_candidates_for_mountain|multiple_mountains_for_candidate|missing_csv_coordinate|activity_link_ambiguous,top_1_but_ambiguous|priority_reduced_strong_match_mutual_top1,clear_mutual_top1,"mountain=鼻欠山(#496); candidate=summit-candidate:9e86644a708cb211; track=""鼻欠山""; score=0.69; name_tier=strong; ele_diff=13.04m; loc=strong_overlap; act_conf=high"
496,鼻欠山,summit-candidate:d0d3096d540f375e,yamap_2026-04-19_07_43.gpx,雨乞山,496.59999999999997,446,50.6,0.45,2,2,0.01,false,true,low,low,high,check_location_warning,adjacent_but_deep_inside,大洲市,,adjacent_municipality,八幡浜市,multiple_candidates_for_mountain|multiple_mountains_for_candidate|weak_elevation_evidence|missing_csv_coordinate|location_mismatch_warning|activity_link_ambiguous,adjacent_but_deep_inside,adjacent_but_deep_inside,"mountain=鼻欠山(#496); candidate=summit-candidate:d0d3096d540f375e; track=""雨乞山""; score=0.5; name_tier=strong; ele_diff=50.6m; loc=mismatch_warning; act_conf=high"
496,鼻欠山,summit-candidate:3c28b6ebd5a97155,yamap_2024-03-16_13_58.gpx,斎藤山,472.13310176947385,446,26.13,0.44,3,6,0.1,false,false,low,high,high,resolve_conflict,location_strong_match,大洲市,,same_municipality,大洲市,multiple_candidates_for_mountain|multiple_mountains_for_candidate|weak_name_evidence|missing_csv_coordinate|activity_link_ambiguous,top_candidate_for_multiple_mountains,shared_candidate,"mountain=鼻欠山(#496); candidate=summit-candidate:3c28b6ebd5a97155; track=""斎藤山""; score=0.34; name_tier=none; ele_diff=26.13m; loc=strong_overlap; act_conf=high"
497,面木山,summit-candidate:d5a6fcb592162088,yamap_2026-04-29_06_34.gpx,面木山・黒森,981.2133333333335,988,6.79,0.75,1,1,0.25,true,true,medium,high,high,resolve_conflict,location_uncertain_keep,西条市,,candidate_boundary_ambiguous,,multiple_candidates_for_mountain|multiple_mountains_for_candidate|missing_csv_coordinate,top_1_but_ambiguous|top_candidate_for_multiple_mountains,shared_candidate,"mountain=面木山(#497); candidate=summit-candidate:d5a6fcb592162088; track=""面木山・黒森""; score=0.75; name_tier=strong; ele_diff=6.79m; loc=strong_overlap; act_conf=high"
497,面木山,summit-candidate:a96db37bf518f31a,yamap_2026-04-29_06_34.gpx,面木山・黒森,894.5,988,93.5,0.5,2,2,0,false,true,low,medium,low,low_priority,location_uncertain_keep,西条市,,candidate_boundary_ambiguous,,multiple_candidates_for_mountain|multiple_mountains_for_candidate|weak_elevation_evidence|missing_csv_coordinate|location_mismatch_warning,top_3_with_evidence,low_priority_alternative,"mountain=面木山(#497); candidate=summit-candidate:a96db37bf518f31a; track=""面木山・黒森""; score=0.5; name_tier=strong; ele_diff=93.5m; loc=mismatch_warning; act_conf=high"
497,面木山,summit-candidate:c87a377b77c80862,yamap_2026-04-29_06_34.gpx,面木山・黒森,890.1266666666667,988,97.87,0.5,3,2,0.17,false,true,low,medium,low,low_priority,location_uncertain_keep,西条市,,candidate_boundary_ambiguous,,multiple_candidates_for_mountain|multiple_mountains_for_candidate|weak_elevation_evidence|missing_csv_coordinate|location_mismatch_warning,top_3_with_evidence,low_priority_alternative,"mountain=面木山(#497); candidate=summit-candidate:c87a377b77c80862; track=""面木山・黒森""; score=0.5; name_tier=strong; ele_diff=97.87m; loc=mismatch_warning; act_conf=high"
498,黒森,summit-candidate:a96db37bf518f31a,yamap_2026-04-29_06_34.gpx,面木山・黒森,894.5,903,8.5,0.68,1,1,0.06,true,true,medium,high,medium,accept_candidate_after_map_check,location_uncertain_keep,西条市,,candidate_boundary_ambiguous,,multiple_candidates_for_mountain|multiple_mountains_for_candidate|missing_csv_coordinate|location_mismatch_warning,top_1_but_ambiguous,clear_mutual_top1,"mountain=黒森(#498); candidate=summit-candidate:a96db37bf518f31a; track=""面木山・黒森""; score=0.68; name_tier=strong; ele_diff=8.5m; loc=mismatch_warning; act_conf=high"
498,黒森,summit-candidate:c87a377b77c80862,yamap_2026-04-29_06_34.gpx,面木山・黒森,890.1266666666667,903,12.87,0.62,2,1,0.05,false,true,medium,medium,low,low_priority,location_uncertain_keep,西条市,,candidate_boundary_ambiguous,,multiple_candidates_for_mountain|multiple_mountains_for_candidate|missing_csv_coordinate|location_mismatch_warning,top_3_with_evidence,low_priority_alternative,"mountain=黒森(#498); candidate=summit-candidate:c87a377b77c80862; track=""面木山・黒森""; score=0.62; name_tier=strong; ele_diff=12.87m; loc=mismatch_warning; act_conf=high"
498,黒森,summit-candidate:40e090ce41a89b55,yamap_2024-06-08_08_42.gpx,沓掛山・黒森山,1690.4033333333334,903,787.4,0.57,3,3,0,false,true,medium,high,high,resolve_conflict,location_uncertain_keep,西条市,,candidate_boundary_ambiguous,,multiple_candidates_for_mountain|multiple_mountains_for_candidate|weak_elevation_evidence|missing_csv_coordinate,top_candidate_for_multiple_mountains,shared_candidate,"mountain=黒森(#498); candidate=summit-candidate:40e090ce41a89b55; track=""沓掛山・黒森山""; score=0.57; name_tier=strong; ele_diff=787.4m; loc=strong_overlap; act_conf=high"
499,台ヶ森,summit-candidate:53a6401abf71c488,yamap_2026-05-02_09_29.gpx,男山・瓶ヶ森・台ヶ森,1892.1433333333334,1501,391.14,0.67,1,3,0,false,true,medium,high,high,resolve_conflict,location_strong_match,西条市,,same_municipality,西条市,multiple_candidates_for_mountain|multiple_mountains_for_candidate|weak_elevation_evidence|missing_csv_coordinate,top_1_but_ambiguous|top_candidate_for_multiple_mountains,shared_candidate|not_mutual_top1,"mountain=台ヶ森(#499); candidate=summit-candidate:53a6401abf71c488; track=""男山・瓶ヶ森・台ヶ森""; score=0.57; name_tier=strong; ele_diff=391.14m; loc=strong_overlap; act_conf=high"
499,台ヶ森,summit-candidate:7a5ca8d918f43720,yamap_2026-05-02_09_29.gpx,男山・瓶ヶ森・台ヶ森,1708.05,1501,207.05,0.67,2,3,0,false,true,medium,medium,high,check_close_alternatives,location_strong_match,西条市,,same_municipality,西条市,multiple_candidates_for_mountain|multiple_mountains_for_candidate|weak_elevation_evidence|missing_csv_coordinate,top_3_with_evidence,small_score_gap,"mountain=台ヶ森(#499); candidate=summit-candidate:7a5ca8d918f43720; track=""男山・瓶ヶ森・台ヶ森""; score=0.57; name_tier=strong; ele_diff=207.05m; loc=strong_overlap; act_conf=high"
499,台ヶ森,summit-candidate:c9e357d000632346,yamap_2026-05-02_09_29.gpx,男山・瓶ヶ森・台ヶ森,1732.5766666666666,1501,231.58,0.67,3,3,0.27,false,true,medium,medium,high,check_close_alternatives,location_strong_match,西条市,,same_municipality,西条市,multiple_candidates_for_mountain|multiple_mountains_for_candidate|weak_elevation_evidence|missing_csv_coordinate,top_3_with_evidence,small_score_gap,"mountain=台ヶ森(#499); candidate=summit-candidate:c9e357d000632346; track=""男山・瓶ヶ森・台ヶ森""; score=0.57; name_tier=strong; ele_diff=231.58m; loc=strong_overlap; act_conf=high"
500,丸山,summit-candidate:b87c90ebd1eb0d06,yamap_2026-05-06_07_28.gpx,丸山・ちち山・笹ヶ峰,1856.6633333333332,1547,309.66,0.67,1,3,0.1,false,true,medium,high,high,resolve_conflict,location_strong_match,西条市,,same_municipality,西条市,multiple_candidates_for_mountain|multiple_mountains_for_candidate|weak_elevation_evidence|missing_csv_coordinate,top_1_but_ambiguous|top_candidate_for_multiple_mountains,shared_candidate|not_mutual_top1,"mountain=丸山(#500); candidate=summit-candidate:b87c90ebd1eb0d06; track=""丸山・ちち山・笹ヶ峰""; score=0.57; name_tier=strong; ele_diff=309.66m; loc=strong_overlap; act_conf=high"
500,丸山,summit-candidate:453327d51d16e202,yamap_2026-05-06_07_28.gpx,丸山・ちち山・笹ヶ峰,1850.97,1547,303.97,0.57,2,3,0.07,false,true,medium,medium,low,low_priority,location_uncertain_keep,西条市,,candidate_boundary_ambiguous,,multiple_candidates_for_mountain|multiple_mountains_for_candidate|weak_elevation_evidence|missing_csv_coordinate,top_3_with_evidence,low_priority_alternative,"mountain=丸山(#500); candidate=summit-candidate:453327d51d16e202; track=""丸山・ちち山・笹ヶ峰""; score=0.57; name_tier=strong; ele_diff=303.97m; loc=strong_overlap; act_conf=high"
500,丸山,summit-candidate:5f001ac124f82ef6,yamap_2022-10-19_16_00.gpx,西港山・大丸山・港山,41.080000000000005,1547,1505.92,0.5,3,11,0,false,false,low,high,high,resolve_conflict,location_uncertain_keep,西条市,,non_adjacent_municipality,松山市,multiple_candidates_for_mountain|multiple_mountains_for_candidate|weak_elevation_evidence|missing_csv_coordinate|location_mismatch_warning|timezone_sensitive_activity_link,top_candidate_for_multiple_mountains,shared_candidate,"mountain=丸山(#500); candidate=summit-candidate:5f001ac124f82ef6; track=""西港山・大丸山・港山""; score=0.5; name_tier=strong; ele_diff=1505.92m; loc=mismatch_warning; act_conf=high"
501,大森山,summit-candidate:565ba3761956d9b3,yamap_2025-10-11_06_24.gpx,大森山・佐々連尾山・三つ足山,1426.5633333333335,1399,27.56,0.64,1,4,0.06,false,false,medium,high,high,resolve_conflict,location_uncertain_keep,西条市,,non_adjacent_municipality,四国中央市,multiple_candidates_for_mountain|multiple_mountains_for_candidate|csv_coordinate_far|location_mismatch_warning,top_1_but_ambiguous|top_candidate_for_multiple_mountains,shared_candidate|not_mutual_top1,"mountain=大森山(#501); candidate=summit-candidate:565ba3761956d9b3; track=""大森山・佐々連尾山・三つ足山""; score=0.64; name_tier=strong; ele_diff=27.56m; loc=mismatch_warning; act_conf=high"
501,大森山,summit-candidate:a80dd0489247a839,yamap_2025-10-11_06_24.gpx,大森山・佐々連尾山・三つ足山,1445.6433333333334,1399,46.64,0.58,2,3,0.06,false,true,medium,medium,low,low_priority,location_uncertain_keep,西条市,,candidate_boundary_ambiguous,,multiple_candidates_for_mountain|multiple_mountains_for_candidate|csv_coordinate_far|location_mismatch_warning,top_3_with_evidence,low_priority_alternative,"mountain=大森山(#501); candidate=summit-candidate:a80dd0489247a839; track=""大森山・佐々連尾山・三つ足山""; score=0.58; name_tier=strong; ele_diff=46.64m; loc=mismatch_warning; act_conf=high"
501,大森山,summit-candidate:19ab381ef6c337af,yamap_2026-02-22_07_32.gpx,高森山・町木山・寒台山・鎧掛山,993.1336935716172,1399,405.87,0.52,3,8,0,false,false,low,medium,low,low_priority,location_uncertain_keep,西条市,,non_adjacent_municipality,大洲市,multiple_candidates_for_mountain|multiple_mountains_for_candidate|weak_elevation_evidence|csv_coordinate_far|location_mismatch_warning|activity_link_ambiguous,top_3_with_evidence,low_priority_alternative,"mountain=大森山(#501); candidate=summit-candidate:19ab381ef6c337af; track=""高森山・町木山・寒台山・鎧掛山""; score=0.52; name_tier=strong; ele_diff=405.87m; loc=mismatch_warning; act_conf=high"
502,うつむき山,summit-candidate:6b0155a434d72d79,yamap_2024-12-15_07_21.gpx,陣が森・岩が森・スクモ塚・高萩山・長者森,532.4466666666667,535,2.55,0.35,1,6,0.05,false,false,low,high,high,resolve_conflict,location_uncertain_keep,内子町,,candidate_boundary_ambiguous,,multiple_candidates_for_mountain|multiple_mountains_for_candidate|weak_name_evidence|csv_coordinate_far|location_mismatch_warning,top_1_but_ambiguous|top_candidate_for_multiple_mountains,shared_candidate|not_mutual_top1,"mountain=うつむき山(#502); candidate=summit-candidate:6b0155a434d72d79; track=""陣が森・岩が森・スクモ塚・高萩山・長者森""; score=0.35; name_tier=none; ele_diff=2.55m; loc=mismatch_warning; act_conf=high"
502,うつむき山,summit-candidate:51c8bc6a368c422c,yamap_2026-01-18_09_11.gpx,竜王の峰,542.5079186549784,535,7.51,0.3,2,5,0,false,false,low,low,high,resolve_conflict,adjacent_but_deep_inside,内子町,,adjacent_municipality,西予市,multiple_candidates_for_mountain|multiple_mountains_for_candidate|weak_name_evidence|csv_coordinate_far|location_mismatch_warning|activity_link_ambiguous,adjacent_but_deep_inside,shared_candidate,"mountain=うつむき山(#502); candidate=summit-candidate:51c8bc6a368c422c; track=""竜王の峰""; score=0.35; name_tier=none; ele_diff=7.51m; loc=mismatch_warning; act_conf=high"
502,うつむき山,summit-candidate:f12898f5821b63b8,yamap_2024-12-08_06_59.gpx,本尊山・秋葉山・立烏帽子山・明神山,530.1166666666667,535,4.88,0.3,3,8,0.01,false,false,low,low,high,check_location_warning,adjacent_but_deep_inside,内子町,,adjacent_municipality,伊予市,multiple_candidates_for_mountain|multiple_mountains_for_candidate|weak_name_evidence|csv_coordinate_far|location_mismatch_warning,adjacent_but_deep_inside,adjacent_but_deep_inside,"mountain=うつむき山(#502); candidate=summit-candidate:f12898f5821b63b8; track=""本尊山・秋葉山・立烏帽子山・明神山""; score=0.35; name_tier=none; ele_diff=4.88m; loc=mismatch_warning; act_conf=high"
503,妙見山,summit-candidate:6b0155a434d72d79,yamap_2024-12-15_07_21.gpx,陣が森・岩が森・スクモ塚・高萩山・長者森,532.4466666666667,535,2.55,0.35,1,7,0.05,false,false,low,high,high,resolve_conflict,location_uncertain_keep,大洲市,,candidate_boundary_ambiguous,,multiple_candidates_for_mountain|multiple_mountains_for_candidate|weak_name_evidence|csv_coordinate_far|location_mismatch_warning,top_1_but_ambiguous|top_candidate_for_multiple_mountains,shared_candidate|not_mutual_top1,"mountain=妙見山(#503); candidate=summit-candidate:6b0155a434d72d79; track=""陣が森・岩が森・スクモ塚・高萩山・長者森""; score=0.35; name_tier=none; ele_diff=2.55m; loc=mismatch_warning; act_conf=high"
503,妙見山,summit-candidate:51c8bc6a368c422c,yamap_2026-01-18_09_11.gpx,竜王の峰,542.5079186549784,535,7.51,0.3,2,6,0,false,false,low,low,high,resolve_conflict,adjacent_but_deep_inside,大洲市,,adjacent_municipality,西予市,multiple_candidates_for_mountain|multiple_mountains_for_candidate|weak_name_evidence|csv_coordinate_far|location_mismatch_warning|activity_link_ambiguous,adjacent_but_deep_inside,shared_candidate,"mountain=妙見山(#503); candidate=summit-candidate:51c8bc6a368c422c; track=""竜王の峰""; score=0.35; name_tier=none; ele_diff=7.51m; loc=mismatch_warning; act_conf=high"
503,妙見山,summit-candidate:f12898f5821b63b8,yamap_2024-12-08_06_59.gpx,本尊山・秋葉山・立烏帽子山・明神山,530.1166666666667,535,4.88,0.3,3,9,0.01,false,false,low,low,high,check_location_warning,adjacent_but_deep_inside,大洲市,,adjacent_municipality,伊予市,multiple_candidates_for_mountain|multiple_mountains_for_candidate|weak_name_evidence|csv_coordinate_far|location_mismatch_warning,adjacent_but_deep_inside,adjacent_but_deep_inside,"mountain=妙見山(#503); candidate=summit-candidate:f12898f5821b63b8; track=""本尊山・秋葉山・立烏帽子山・明神山""; score=0.35; name_tier=none; ele_diff=4.88m; loc=mismatch_warning; act_conf=high"
504,鉢が森,summit-candidate:51c8bc6a368c422c,yamap_2026-01-18_09_11.gpx,竜王の峰,542.5079186549784,552,9.49,0.52,1,3,0,false,true,low,high,high,resolve_conflict,location_strong_match,西予市,,same_municipality,西予市,multiple_candidates_for_mountain|multiple_mountains_for_candidate|weak_name_evidence|csv_coordinate_far|activity_link_ambiguous,top_1_but_ambiguous|top_candidate_for_multiple_mountains,shared_candidate|not_mutual_top1,"mountain=鉢が森(#504); candidate=summit-candidate:51c8bc6a368c422c; track=""竜王の峰""; score=0.42; name_tier=none; ele_diff=9.49m; loc=strong_overlap; act_conf=high"
504,鉢が森,summit-candidate:ef5127a689eaf48a,yamap_2022-09-20_14_24.gpx,極山,559.4133333333333,552,7.41,0.52,2,3,0.23,false,true,low,high,high,resolve_conflict,location_strong_match,西予市,,same_municipality,西予市,multiple_candidates_for_mountain|multiple_mountains_for_candidate|weak_name_evidence|csv_coordinate_far|activity_link_ambiguous,top_candidate_for_multiple_mountains,shared_candidate,"mountain=鉢が森(#504); candidate=summit-candidate:ef5127a689eaf48a; track=""極山""; score=0.42; name_tier=none; ele_diff=7.41m; loc=strong_overlap; act_conf=high"
504,鉢が森,summit-candidate:13aa9354da4eb6d6,yamap_2025-03-30_12_56.gpx,京の森・大迫山,572.4394591518229,552,20.44,0.29,3,12,0,false,false,none,high,high,resolve_conflict,location_uncertain_keep,西予市,,candidate_boundary_ambiguous,,multiple_candidates_for_mountain|multiple_mountains_for_candidate|weak_name_evidence|csv_coordinate_far|location_mismatch_warning|activity_link_ambiguous,top_candidate_for_multiple_mountains,shared_candidate,"mountain=鉢が森(#504); candidate=summit-candidate:13aa9354da4eb6d6; track=""京の森・大迫山""; score=0.29; name_tier=none; ele_diff=20.44m; loc=mismatch_warning; act_conf=high"
505,高山寺山,summit-candidate:101c1b0635c0bec0,yamap_2022-12-25_10_09.gpx,高山,131.66666666666666,561,429.33,0.45,1,12,0.09,false,false,low,high,high,resolve_conflict,location_uncertain_keep,大洲市,,non_adjacent_municipality,今治市,multiple_candidates_for_mountain|multiple_mountains_for_candidate|weak_elevation_evidence|csv_coordinate_far|location_mismatch_warning|activity_link_ambiguous,top_1_but_ambiguous|top_candidate_for_multiple_mountains,shared_candidate|not_mutual_top1,"mountain=高山寺山(#505); candidate=summit-candidate:101c1b0635c0bec0; track=""高山""; score=0.45; name_tier=medium; ele_diff=429.33m; loc=mismatch_warning; act_conf=high"
505,高山寺山,summit-candidate:13aa9354da4eb6d6,yamap_2025-03-30_12_56.gpx,京の森・大迫山,572.4394591518229,561,11.44,0.36,2,9,0.015,false,false,low,high,high,resolve_conflict,location_uncertain_keep,大洲市,,candidate_boundary_ambiguous,,multiple_candidates_for_mountain|multiple_mountains_for_candidate|weak_name_evidence|csv_coordinate_far|activity_link_ambiguous,top_candidate_for_multiple_mountains,shared_candidate,"mountain=高山寺山(#505); candidate=summit-candidate:13aa9354da4eb6d6; track=""京の森・大迫山""; score=0.36; name_tier=none; ele_diff=11.44m; loc=strong_overlap; act_conf=high"
505,高山寺山,summit-candidate:1ed32ce6414c2781,yamap_2022-12-25_13_36.gpx,医王山,98.37666666666667,561,462.62,0.345,3,11,0,false,false,low,high,high,resolve_conflict,location_uncertain_keep,大洲市,,candidate_boundary_ambiguous,,multiple_candidates_for_mountain|multiple_mountains_for_candidate|weak_name_evidence|weak_elevation_evidence|csv_coordinate_far|location_mismatch_warning|activity_link_ambiguous,top_candidate_for_multiple_mountains,shared_candidate,"mountain=高山寺山(#505); candidate=summit-candidate:1ed32ce6414c2781; track=""医王山""; score=0.345; name_tier=weak; ele_diff=462.62m; loc=mismatch_warning; act_conf=high"
506,陣ヶ森,summit-candidate:e084389cc60ad329,yamap_2022-05-05_13_29.gpx,陣ヶ森・前々司山・うなめご,1203.3533333333332,565,638.35,0.57,1,3,0,false,true,low,high,high,resolve_conflict,boundary_plausible,内子町,,adjacent_municipality,久万高原町,multiple_candidates_for_mountain|multiple_mountains_for_candidate|weak_elevation_evidence|csv_coordinate_far|location_mismatch_warning,top_1_but_ambiguous|top_candidate_for_multiple_mountains,shared_candidate|not_mutual_top1,"mountain=陣ヶ森(#506); candidate=summit-candidate:e084389cc60ad329; track=""陣ヶ森・前々司山・うなめご""; score=0.52; name_tier=strong; ele_diff=638.35m; loc=mismatch_warning; act_conf=high"
506,陣ヶ森,summit-candidate:ea6bebee79234da7,yamap_2022-05-05_13_29.gpx,陣ヶ森・前々司山・うなめご,1276.53,565,711.53,0.57,2,3,0.05,false,true,low,medium,high,check_close_alternatives,boundary_plausible,内子町,,adjacent_municipality,久万高原町,multiple_candidates_for_mountain|multiple_mountains_for_candidate|weak_elevation_evidence|csv_coordinate_far|location_mismatch_warning,top_3_with_evidence,small_score_gap,"mountain=陣ヶ森(#506); candidate=summit-candidate:ea6bebee79234da7; track=""陣ヶ森・前々司山・うなめご""; score=0.52; name_tier=strong; ele_diff=711.53m; loc=mismatch_warning; act_conf=high"
506,陣ヶ森,summit-candidate:e7e4429a39f6359f,yamap_2022-05-05_13_29.gpx,陣ヶ森・前々司山・うなめご,1250.17,565,685.17,0.52,3,4,0.17,false,false,low,medium,low,low_priority,location_uncertain_keep,内子町,,candidate_boundary_ambiguous,,multiple_candidates_for_mountain|multiple_mountains_for_candidate|weak_elevation_evidence|csv_coordinate_far|location_mismatch_warning,top_3_with_evidence,low_priority_alternative,"mountain=陣ヶ森(#506); candidate=summit-candidate:e7e4429a39f6359f; track=""陣ヶ森・前々司山・うなめご""; score=0.52; name_tier=strong; ele_diff=685.17m; loc=mismatch_warning; act_conf=high"
507,牛ヶ首,summit-candidate:339138a4e53293da,yamap_2023-03-29_05_31.gpx,えんとつ山・生子山・犬返・種子川山・西赤石山・物住頭・上兜山・下兜山,571.1733333333333,584,12.83,0.46,1,9,0.06,false,false,low,high,high,resolve_conflict,location_strong_match,新居浜市,,same_municipality,新居浜市,multiple_candidates_for_mountain|multiple_mountains_for_candidate|weak_name_evidence|csv_coordinate_far,top_1_but_ambiguous|top_candidate_for_multiple_mountains,shared_candidate|not_mutual_top1,"mountain=牛ヶ首(#507); candidate=summit-candidate:339138a4e53293da; track=""えんとつ山・生子山・犬返・種子川山・西赤石山・物住頭・上兜山・下兜山""; score=0.36; name_tier=none; ele_diff=12.83m; loc=strong_overlap; act_conf=high"
507,牛ヶ首,summit-candidate:edac81b361bdc70c,yamap_2024-12-01_06_40.gpx,唐谷山・天狗森・木峰・金見山・高丸・五郎丸・大谷山・龍王山,591.7966666666667,584,7.8,0.4,2,13,0.05,false,false,low,high,high,resolve_conflict,boundary_plausible,新居浜市,,adjacent_municipality,四国中央市,multiple_candidates_for_mountain|multiple_mountains_for_candidate|weak_name_evidence|csv_coordinate_far|location_mismatch_warning|activity_link_ambiguous,top_candidate_for_multiple_mountains,shared_candidate,"mountain=牛ヶ首(#507); candidate=summit-candidate:edac81b361bdc70c; track=""唐谷山・天狗森・木峰・金見山・高丸・五郎丸・大谷山・龍王山""; score=0.35; name_tier=none; ele_diff=7.8m; loc=mismatch_warning; act_conf=high"
507,牛ヶ首,summit-candidate:9cc74b44e1289236,yamap_2024-12-01_06_40.gpx,唐谷山・天狗森・木峰・金見山・高丸・五郎丸・大谷山・龍王山,589.3233333333334,584,5.32,0.35,3,15,0,false,false,low,medium,low,low_priority,location_uncertain_keep,新居浜市,,candidate_boundary_ambiguous,,multiple_candidates_for_mountain|multiple_mountains_for_candidate|weak_name_evidence|csv_coordinate_far|location_mismatch_warning|activity_link_ambiguous,top_3_with_evidence,low_priority_alternative,"mountain=牛ヶ首(#507); candidate=summit-candidate:9cc74b44e1289236; track=""唐谷山・天狗森・木峰・金見山・高丸・五郎丸・大谷山・龍王山""; score=0.35; name_tier=none; ele_diff=5.32m; loc=mismatch_warning; act_conf=high"
508,三石山,summit-candidate:f028aab45221cee6,yamap_2025-12-20_07_28.gpx,池ノ城山,599.1233333333333,616,16.88,0.46,1,3,0.06,false,true,low,high,high,resolve_conflict,location_strong_match,内子町,,same_municipality,内子町,multiple_candidates_for_mountain|multiple_mountains_for_candidate|weak_name_evidence|csv_coordinate_far,top_1_but_ambiguous|top_candidate_for_multiple_mountains,shared_candidate|not_mutual_top1,"mountain=三石山(#508); candidate=summit-candidate:f028aab45221cee6; track=""池ノ城山""; score=0.36; name_tier=none; ele_diff=16.88m; loc=strong_overlap; act_conf=high"
508,三石山,summit-candidate:1fd59e0e67624706,yamap_2026-01-11_10_38.gpx,陣が森岳,620.0533333333333,616,4.05,0.4,2,6,0,false,false,low,medium,high,check_location_warning,boundary_plausible,内子町,,adjacent_municipality,伊予市,multiple_candidates_for_mountain|multiple_mountains_for_candidate|weak_name_evidence|csv_coordinate_far|location_mismatch_warning|activity_link_ambiguous,top_3_with_evidence,boundary_plausible,"mountain=三石山(#508); candidate=summit-candidate:1fd59e0e67624706; track=""陣が森岳""; score=0.35; name_tier=none; ele_diff=4.05m; loc=mismatch_warning; act_conf=high"
508,三石山,summit-candidate:b02ff952b74ca472,yamap_2025-03-30_08_20.gpx,岳山,622.8707379152734,616,6.87,0.4,3,11,0.05,false,false,low,medium,high,check_location_warning,boundary_plausible,内子町,,adjacent_municipality,西予市,multiple_candidates_for_mountain|multiple_mountains_for_candidate|weak_name_evidence|csv_coordinate_far|location_mismatch_warning|activity_link_ambiguous,top_3_with_evidence,boundary_plausible,"mountain=三石山(#508); candidate=summit-candidate:b02ff952b74ca472; track=""岳山""; score=0.35; name_tier=none; ele_diff=6.87m; loc=mismatch_warning; act_conf=high"
509,感応寺山,summit-candidate:0048d4d3a7981b80,yamap_2025-01-03_07_19.gpx,壺神山・滝山・足山・皿が森,697.5172644320495,688,9.52,0.52,1,5,0,false,false,low,high,high,resolve_conflict,location_strong_match,大洲市,,same_municipality,大洲市,multiple_candidates_for_mountain|multiple_mountains_for_candidate|weak_name_evidence|csv_coordinate_far,top_1_but_ambiguous|top_candidate_for_multiple_mountains,shared_candidate|not_mutual_top1,"mountain=感応寺山(#509); candidate=summit-candidate:0048d4d3a7981b80; track=""壺神山・滝山・足山・皿が森""; score=0.42; name_tier=none; ele_diff=9.52m; loc=strong_overlap; act_conf=high"
509,感応寺山,summit-candidate:bd8fda9e743f2008,yamap_2026-02-07_07_21.gpx,牛の峰・尻高峰,681.2333333333333,688,6.77,0.52,2,3,0.16,false,true,low,medium,high,check_close_alternatives,location_strong_match,大洲市,,same_municipality,大洲市,multiple_candidates_for_mountain|multiple_mountains_for_candidate|weak_name_evidence|csv_coordinate_far|activity_link_ambiguous,top_3_with_evidence,small_score_gap,"mountain=感応寺山(#509); candidate=summit-candidate:bd8fda9e743f2008; track=""牛の峰・尻高峰""; score=0.42; name_tier=none; ele_diff=6.77m; loc=strong_overlap; act_conf=high"
509,感応寺山,summit-candidate:17c3649ad9b147ce,yamap_2026-01-07_07_05.gpx,御在所山,665.1833333333333,688,22.82,0.36,3,6,0.02,false,false,low,high,high,resolve_conflict,location_uncertain_keep,大洲市,,candidate_boundary_ambiguous,,multiple_candidates_for_mountain|multiple_mountains_for_candidate|weak_name_evidence|csv_coordinate_far|activity_link_ambiguous,top_candidate_for_multiple_mountains,shared_candidate,"mountain=感応寺山(#509); candidate=summit-candidate:17c3649ad9b147ce; track=""御在所山""; score=0.36; name_tier=none; ele_diff=22.82m; loc=strong_overlap; act_conf=high"
510,水無権現,summit-candidate:4a22801b12460992,yamap_2026-01-25_07_43.gpx,船ヶ迫岳・鎌倉山,676.61,703,26.39,0.46,1,3,0.04,false,true,low,high,high,resolve_conflict,location_strong_match,内子町,,same_municipality,内子町,multiple_candidates_for_mountain|multiple_mountains_for_candidate|weak_name_evidence|csv_coordinate_far,top_1_but_ambiguous|top_candidate_for_multiple_mountains,shared_candidate|not_mutual_top1,"mountain=水無権現(#510); candidate=summit-candidate:4a22801b12460992; track=""船ヶ迫岳・鎌倉山""; score=0.36; name_tier=none; ele_diff=26.39m; loc=strong_overlap; act_conf=high"
510,水無権現,summit-candidate:49147712961a83be,yamap_2025-04-09_06_48.gpx,新谷神南山・五十崎神南山,708.9699999999999,703,5.97,0.42,2,3,0.02,false,true,low,medium,low,low_priority,location_uncertain_keep,内子町,,candidate_boundary_ambiguous,,multiple_candidates_for_mountain|multiple_mountains_for_candidate|weak_name_evidence|csv_coordinate_far,top_3_with_evidence,low_priority_alternative,"mountain=水無権現(#510); candidate=summit-candidate:49147712961a83be; track=""新谷神南山・五十崎神南山""; score=0.42; name_tier=none; ele_diff=5.97m; loc=strong_overlap; act_conf=high"
510,水無権現,summit-candidate:07834c521328cc1d,yamap_2022-03-05_09_44.gpx,城山・水梨山・向山,707.7550916004999,703,4.76,0.4,3,7,0.1,false,false,low,medium,high,check_location_warning,boundary_plausible,内子町,,adjacent_municipality,砥部町,multiple_candidates_for_mountain|multiple_mountains_for_candidate|weak_name_evidence|csv_coordinate_far|location_mismatch_warning,top_3_with_evidence,boundary_plausible,"mountain=水無権現(#510); candidate=summit-candidate:07834c521328cc1d; track=""城山・水梨山・向山""; score=0.35; name_tier=none; ele_diff=4.76m; loc=mismatch_warning; act_conf=high"
511,秋葉山,summit-candidate:0bd3d051cdb972fd,yamap_2024-12-08_06_59.gpx,本尊山・秋葉山・立烏帽子山・明神山,632.3133333333334,722,89.69,0.47,1,5,0,false,false,low,low,high,resolve_conflict,adjacent_but_deep_inside,大洲市,,adjacent_municipality,伊予市,multiple_candidates_for_mountain|multiple_mountains_for_candidate|weak_elevation_evidence|csv_coordinate_far|location_mismatch_warning,adjacent_but_deep_inside,shared_candidate|not_mutual_top1,"mountain=秋葉山(#511); candidate=summit-candidate:0bd3d051cdb972fd; track=""本尊山・秋葉山・立烏帽子山・明神山""; score=0.52; name_tier=strong; ele_diff=89.69m; loc=mismatch_warning; act_conf=high"
511,秋葉山,summit-candidate:23316af255d30882,yamap_2024-12-08_06_59.gpx,本尊山・秋葉山・立烏帽子山・明神山,627.2966666666666,722,94.7,0.47,2,6,0,false,false,low,low,high,check_close_alternatives,adjacent_but_deep_inside,大洲市,,adjacent_municipality,伊予市,multiple_candidates_for_mountain|multiple_mountains_for_candidate|weak_elevation_evidence|csv_coordinate_far|location_mismatch_warning,adjacent_but_deep_inside,small_score_gap,"mountain=秋葉山(#511); candidate=summit-candidate:23316af255d30882; track=""本尊山・秋葉山・立烏帽子山・明神山""; score=0.52; name_tier=strong; ele_diff=94.7m; loc=mismatch_warning; act_conf=high"
511,秋葉山,summit-candidate:f12898f5821b63b8,yamap_2024-12-08_06_59.gpx,本尊山・秋葉山・立烏帽子山・明神山,530.1166666666667,722,191.88,0.47,3,5,0.01,false,false,low,low,high,check_close_alternatives,adjacent_but_deep_inside,大洲市,,adjacent_municipality,伊予市,multiple_candidates_for_mountain|multiple_mountains_for_candidate|weak_elevation_evidence|csv_coordinate_far|location_mismatch_warning,adjacent_but_deep_inside,small_score_gap,"mountain=秋葉山(#511); candidate=summit-candidate:f12898f5821b63b8; track=""本尊山・秋葉山・立烏帽子山・明神山""; score=0.52; name_tier=strong; ele_diff=191.88m; loc=mismatch_warning; act_conf=high"
512,黒山,summit-candidate:71b10e23075edf20,yamap_2022-04-30_08_30.gpx,岩黒山・筒上山・手箱山,1863.226432016608,729,1134.23,0.57,1,4,0,false,false,low,high,high,resolve_conflict,boundary_plausible,内子町,,adjacent_municipality,久万高原町,multiple_candidates_for_mountain|multiple_mountains_for_candidate|weak_elevation_evidence|csv_coordinate_far|location_mismatch_warning|activity_link_ambiguous,top_1_but_ambiguous|top_candidate_for_multiple_mountains,shared_candidate|not_mutual_top1,"mountain=黒山(#512); candidate=summit-candidate:71b10e23075edf20; track=""岩黒山・筒上山・手箱山""; score=0.52; name_tier=strong; ele_diff=1134.23m; loc=mismatch_warning; act_conf=high"
512,黒山,summit-candidate:d13554ef3debca9d,yamap_2022-04-30_08_30.gpx,岩黒山・筒上山・手箱山,1638.4079336000111,729,909.41,0.57,2,4,0.05,false,false,low,medium,high,check_close_alternatives,boundary_plausible,内子町,,adjacent_municipality,久万高原町,multiple_candidates_for_mountain|multiple_mountains_for_candidate|weak_elevation_evidence|csv_coordinate_far|location_mismatch_warning|activity_link_ambiguous,top_3_with_evidence,small_score_gap,"mountain=黒山(#512); candidate=summit-candidate:d13554ef3debca9d; track=""岩黒山・筒上山・手箱山""; score=0.52; name_tier=strong; ele_diff=909.41m; loc=mismatch_warning; act_conf=high"
512,黒山,summit-candidate:282882317c3aab0b,yamap_2024-02-17_05_38.gpx,大黒山・譲ヶ葉森,1106.79,729,377.79,0.52,3,2,0,false,true,low,medium,low,low_priority,location_uncertain_keep,内子町,,candidate_boundary_ambiguous,,multiple_candidates_for_mountain|multiple_mountains_for_candidate|weak_elevation_evidence|csv_coordinate_far|location_mismatch_warning,top_3_with_evidence,low_priority_alternative,"mountain=黒山(#512); candidate=summit-candidate:282882317c3aab0b; track=""大黒山・譲ヶ葉森""; score=0.52; name_tier=strong; ele_diff=377.79m; loc=mismatch_warning; act_conf=high"
513,大野山,summit-candidate:17a471cc45af2c05,yamap_2025-04-27_06_23.gpx,野地峰・黒岩山・大野山,1270.3933333333332,800,470.39,0.52,1,2,0,false,true,low,high,high,resolve_conflict,location_uncertain_keep,西予市,,candidate_boundary_ambiguous,,multiple_candidates_for_mountain|multiple_mountains_for_candidate|weak_elevation_evidence|csv_coordinate_far|location_mismatch_warning,top_1_but_ambiguous|top_candidate_for_multiple_mountains,shared_candidate|not_mutual_top1,"mountain=大野山(#513); candidate=summit-candidate:17a471cc45af2c05; track=""野地峰・黒岩山・大野山""; score=0.52; name_tier=strong; ele_diff=470.39m; loc=mismatch_warning; act_conf=high"
513,大野山,summit-candidate:53bf856dccad5eab,yamap_2025-04-27_06_23.gpx,野地峰・黒岩山・大野山,1397.78,800,597.78,0.52,2,4,0,false,false,low,medium,high,check_close_alternatives,location_uncertain_keep,西予市,,non_adjacent_municipality,新居浜市,multiple_candidates_for_mountain|multiple_mountains_for_candidate|weak_elevation_evidence|csv_coordinate_far|location_mismatch_warning,top_3_with_evidence,small_score_gap,"mountain=大野山(#513); candidate=summit-candidate:53bf856dccad5eab; track=""野地峰・黒岩山・大野山""; score=0.52; name_tier=strong; ele_diff=597.78m; loc=mismatch_warning; act_conf=high"
513,大野山,summit-candidate:8326f30918c16cbe,yamap_2025-04-27_06_23.gpx,野地峰・黒岩山・大野山,1061.7766666666666,800,261.78,0.52,3,4,0,false,false,low,medium,high,check_close_alternatives,location_uncertain_keep,西予市,,candidate_boundary_ambiguous,,multiple_candidates_for_mountain|multiple_mountains_for_candidate|weak_elevation_evidence|csv_coordinate_far|location_mismatch_warning,top_3_with_evidence,small_score_gap,"mountain=大野山(#513); candidate=summit-candidate:8326f30918c16cbe; track=""野地峰・黒岩山・大野山""; score=0.52; name_tier=strong; ele_diff=261.78m; loc=mismatch_warning; act_conf=high"
514,棟山,summit-candidate:5f31b84e049f61fa,yamap_2026-02-22_07_32.gpx,高森山・町木山・寒台山・鎧掛山,798.325694253476,808,9.67,0.4,1,16,0.04,false,false,low,high,high,resolve_conflict,boundary_plausible,内子町,,adjacent_municipality,大洲市,multiple_candidates_for_mountain|multiple_mountains_for_candidate|weak_name_evidence|csv_coordinate_far|location_mismatch_warning|activity_link_ambiguous,top_1_but_ambiguous|top_candidate_for_multiple_mountains,shared_candidate|not_mutual_top1,"mountain=棟山(#514); candidate=summit-candidate:5f31b84e049f61fa; track=""高森山・町木山・寒台山・鎧掛山""; score=0.35; name_tier=none; ele_diff=9.67m; loc=mismatch_warning; act_conf=high"
514,棟山,summit-candidate:7a8dca9b423536f5,yamap_2026-02-22_07_32.gpx,高森山・町木山・寒台山・鎧掛山,836.1037770875326,808,28.1,0.36,2,13,0.07,false,false,low,medium,low,low_priority,location_uncertain_keep,内子町,,candidate_boundary_ambiguous,,multiple_candidates_for_mountain|multiple_mountains_for_candidate|weak_name_evidence|csv_coordinate_far|activity_link_ambiguous,top_3_with_evidence,low_priority_alternative,"mountain=棟山(#514); candidate=summit-candidate:7a8dca9b423536f5; track=""高森山・町木山・寒台山・鎧掛山""; score=0.36; name_tier=none; ele_diff=28.1m; loc=strong_overlap; act_conf=high"
514,棟山,summit-candidate:1d3eb619bd125bfd,yamap_2023-06-11_11_57.gpx,五葉が森,778.4133333333334,808,29.59,0.29,3,8,0,false,false,none,medium,low,low_priority,location_uncertain_keep,内子町,,candidate_boundary_ambiguous,,multiple_candidates_for_mountain|multiple_mountains_for_candidate|weak_name_evidence|csv_coordinate_far|location_mismatch_warning,top_3_with_evidence,low_priority_alternative,"mountain=棟山(#514); candidate=summit-candidate:1d3eb619bd125bfd; track=""五葉が森""; score=0.29; name_tier=none; ele_diff=29.59m; loc=mismatch_warning; act_conf=high"
515,星ヶ森,summit-candidate:9669b668bebfc145,yamap_2023-04-18_10_53.gpx,黒滝山・木久ヶ森,811.0092135228584,820,8.99,0.52,1,3,0.17,false,true,low,high,high,resolve_conflict,location_strong_match,西条市,,same_municipality,西条市,multiple_candidates_for_mountain|multiple_mountains_for_candidate|weak_name_evidence|csv_coordinate_far|activity_link_ambiguous,top_1_but_ambiguous|top_candidate_for_multiple_mountains,shared_candidate|not_mutual_top1,"mountain=星ヶ森(#515); candidate=summit-candidate:9669b668bebfc145; track=""黒滝山・木久ヶ森""; score=0.42; name_tier=none; ele_diff=8.99m; loc=strong_overlap; act_conf=high"
515,星ヶ森,summit-candidate:615a70cf4401199b,yamap_2022-11-14_13_02.gpx,出石山,822.6353431394673,820,2.64,0.35,2,4,0.06,false,false,low,medium,low,low_priority,location_uncertain_keep,西条市,,candidate_boundary_ambiguous,,multiple_candidates_for_mountain|multiple_mountains_for_candidate|weak_name_evidence|csv_coordinate_far|location_mismatch_warning,top_3_with_evidence,low_priority_alternative,"mountain=星ヶ森(#515); candidate=summit-candidate:615a70cf4401199b; track=""出石山""; score=0.35; name_tier=none; ele_diff=2.64m; loc=mismatch_warning; act_conf=high"
515,星ヶ森,summit-candidate:37c3a34c16599379,yamap_2025-01-26_07_09.gpx,天が森・浄心山・銅が鳴,791.270282533162,820,28.73,0.29,3,13,0,false,false,none,medium,low,low_priority,location_uncertain_keep,西条市,,candidate_boundary_ambiguous,,multiple_candidates_for_mountain|multiple_mountains_for_candidate|weak_name_evidence|csv_coordinate_far|location_mismatch_warning,top_3_with_evidence,low_priority_alternative,"mountain=星ヶ森(#515); candidate=summit-candidate:37c3a34c16599379; track=""天が森・浄心山・銅が鳴""; score=0.29; name_tier=none; ele_diff=28.73m; loc=mismatch_warning; act_conf=high"
516,草屋敷,summit-candidate:f55ffb534aa2ae4c,yamap_2026-02-22_07_32.gpx,高森山・町木山・寒台山・鎧掛山,825.9826876717713,824,1.98,0.52,1,5,0.06,false,false,low,high,high,resolve_conflict,location_strong_match,大洲市,,same_municipality,大洲市,multiple_candidates_for_mountain|multiple_mountains_for_candidate|weak_name_evidence|csv_coordinate_far|activity_link_ambiguous,top_1_but_ambiguous|top_candidate_for_multiple_mountains,shared_candidate|not_mutual_top1,"mountain=草屋敷(#516); candidate=summit-candidate:f55ffb534aa2ae4c; track=""高森山・町木山・寒台山・鎧掛山""; score=0.42; name_tier=none; ele_diff=1.98m; loc=strong_overlap; act_conf=high"
516,草屋敷,summit-candidate:5f31b84e049f61fa,yamap_2026-02-22_07_32.gpx,高森山・町木山・寒台山・鎧掛山,798.325694253476,824,25.67,0.46,2,13,0.04,false,false,low,high,high,resolve_conflict,location_strong_match,大洲市,,same_municipality,大洲市,multiple_candidates_for_mountain|multiple_mountains_for_candidate|weak_name_evidence|csv_coordinate_far|activity_link_ambiguous,top_candidate_for_multiple_mountains,shared_candidate,"mountain=草屋敷(#516); candidate=summit-candidate:5f31b84e049f61fa; track=""高森山・町木山・寒台山・鎧掛山""; score=0.36; name_tier=none; ele_diff=25.67m; loc=strong_overlap; act_conf=high"
516,草屋敷,summit-candidate:615a70cf4401199b,yamap_2022-11-14_13_02.gpx,出石山,822.6353431394673,824,1.36,0.42,3,2,0.13,false,true,low,medium,low,low_priority,location_uncertain_keep,大洲市,,candidate_boundary_ambiguous,,multiple_candidates_for_mountain|multiple_mountains_for_candidate|weak_name_evidence|csv_coordinate_far,top_3_with_evidence,low_priority_alternative,"mountain=草屋敷(#516); candidate=summit-candidate:615a70cf4401199b; track=""出石山""; score=0.42; name_tier=none; ele_diff=1.36m; loc=strong_overlap; act_conf=high"
517,大熊山,summit-candidate:d1269170b687c5bc,yamap_2022-03-09_10_20.gpx,稔山,873.4633333333333,856,17.46,0.46,1,2,0.11,false,true,low,high,high,resolve_conflict,location_strong_match,東温市,,same_municipality,東温市,multiple_candidates_for_mountain|multiple_mountains_for_candidate|weak_name_evidence|csv_coordinate_far,top_1_but_ambiguous,not_mutual_top1,"mountain=大熊山(#517); candidate=summit-candidate:d1269170b687c5bc; track=""稔山""; score=0.36; name_tier=none; ele_diff=17.46m; loc=strong_overlap; act_conf=high"
517,大熊山,summit-candidate:3f84cc393481fcf2,yamap_2025-04-06_08_48.gpx,加塚山,850.5566666666667,856,5.44,0.35,2,3,0,false,true,low,medium,low,low_priority,location_uncertain_keep,東温市,,non_adjacent_municipality,宇和島市,multiple_candidates_for_mountain|multiple_mountains_for_candidate|weak_name_evidence|csv_coordinate_far|location_mismatch_warning,top_3_with_evidence,low_priority_alternative,"mountain=大熊山(#517); candidate=summit-candidate:3f84cc393481fcf2; track=""加塚山""; score=0.35; name_tier=none; ele_diff=5.44m; loc=mismatch_warning; act_conf=high"
517,大熊山,summit-candidate:498b9618ca98fa34,yamap_2024-04-28_10_37.gpx,日浦嶺・打越山,854.2033333333333,856,1.8,0.35,3,4,0,false,false,low,medium,low,low_priority,location_uncertain_keep,東温市,,candidate_boundary_ambiguous,,multiple_candidates_for_mountain|multiple_mountains_for_candidate|weak_name_evidence|csv_coordinate_far|location_mismatch_warning|activity_link_ambiguous,top_3_with_evidence,low_priority_alternative,"mountain=大熊山(#517); candidate=summit-candidate:498b9618ca98fa34; track=""日浦嶺・打越山""; score=0.35; name_tier=none; ele_diff=1.8m; loc=mismatch_warning; act_conf=high"
518,笠松山,summit-candidate:9d5a3bd31bedfeda,yamap_2022-08-26_08_45.gpx,世田山・笠松山,356.6686284540569,868,511.33,0.52,1,3,0.06,false,true,low,high,high,resolve_conflict,location_uncertain_keep,久万高原町,,non_adjacent_municipality,今治市,multiple_candidates_for_mountain|multiple_mountains_for_candidate|weak_elevation_evidence|csv_coordinate_far|location_mismatch_warning,top_1_but_ambiguous|top_candidate_for_multiple_mountains,shared_candidate|not_mutual_top1,"mountain=笠松山(#518); candidate=summit-candidate:9d5a3bd31bedfeda; track=""世田山・笠松山""; score=0.52; name_tier=strong; ele_diff=511.33m; loc=mismatch_warning; act_conf=high"
518,笠松山,summit-candidate:4ffd2320af7e6acc,yamap_2023-04-09_09_08.gpx,菊ヶ森・餓鬼ヶ森,845.2599999999999,868,22.74,0.46,2,3,0.06,false,true,low,medium,low,low_priority,location_strong_match,久万高原町,,same_municipality,久万高原町,multiple_candidates_for_mountain|multiple_mountains_for_candidate|weak_name_evidence|csv_coordinate_far,top_3_with_evidence,low_priority_alternative,"mountain=笠松山(#518); candidate=summit-candidate:4ffd2320af7e6acc; track=""菊ヶ森・餓鬼ヶ森""; score=0.36; name_tier=none; ele_diff=22.74m; loc=strong_overlap; act_conf=high"
518,笠松山,summit-candidate:be07cff01023e072,yamap_2023-04-09_09_08.gpx,菊ヶ森・餓鬼ヶ森,950.8066666666667,868,82.81,0.4,3,5,0.05,false,false,low,low,low,low_priority,location_strong_match,久万高原町,,same_municipality,久万高原町,multiple_candidates_for_mountain|multiple_mountains_for_candidate|weak_name_evidence|weak_elevation_evidence,weak_confidence_no_strong_evidence,low_priority_alternative,"mountain=笠松山(#518); candidate=summit-candidate:be07cff01023e072; track=""菊ヶ森・餓鬼ヶ森""; score=0.3; name_tier=none; ele_diff=82.81m; loc=strong_overlap; act_conf=high"
519,蒲山,summit-candidate:a0ef25e9a532b62e,yamap_2022-02-06_08_26.gpx,谷上山・権現山・白滝山・障子山,888.5027304594954,873,15.5,0.36,1,13,0.07,false,false,low,high,high,resolve_conflict,location_uncertain_keep,砥部町,,candidate_boundary_ambiguous,,multiple_candidates_for_mountain|multiple_mountains_for_candidate|weak_name_evidence|csv_coordinate_far,top_1_but_ambiguous|top_candidate_for_multiple_mountains,shared_candidate|not_mutual_top1,"mountain=蒲山(#519); candidate=summit-candidate:a0ef25e9a532b62e; track=""谷上山・権現山・白滝山・障子山""; score=0.36; name_tier=none; ele_diff=15.5m; loc=strong_overlap; act_conf=high"
519,蒲山,summit-candidate:3f84cc393481fcf2,yamap_2025-04-06_08_48.gpx,加塚山,850.5566666666667,873,22.44,0.29,2,9,0,false,false,none,medium,low,low_priority,location_uncertain_keep,砥部町,,non_adjacent_municipality,宇和島市,multiple_candidates_for_mountain|multiple_mountains_for_candidate|weak_name_evidence|csv_coordinate_far|location_mismatch_warning,top_3_with_evidence,low_priority_alternative,"mountain=蒲山(#519); candidate=summit-candidate:3f84cc393481fcf2; track=""加塚山""; score=0.29; name_tier=none; ele_diff=22.44m; loc=mismatch_warning; act_conf=high"
519,蒲山,summit-candidate:498b9618ca98fa34,yamap_2024-04-28_10_37.gpx,日浦嶺・打越山,854.2033333333333,873,18.8,0.29,3,11,0,false,false,none,medium,low,low_priority,location_uncertain_keep,砥部町,,candidate_boundary_ambiguous,,multiple_candidates_for_mountain|multiple_mountains_for_candidate|weak_name_evidence|csv_coordinate_far|location_mismatch_warning|activity_link_ambiguous,top_3_with_evidence,low_priority_alternative,"mountain=蒲山(#519); candidate=summit-candidate:498b9618ca98fa34; track=""日浦嶺・打越山""; score=0.29; name_tier=none; ele_diff=18.8m; loc=mismatch_warning; act_conf=high"
520,牛ノ峯,summit-candidate:606168b97944fce5,yamap_2024-04-28_10_37.gpx,日浦嶺・打越山,900.0566666666667,895,5.06,0.42,1,4,0.07,false,false,low,high,high,resolve_conflict,location_uncertain_keep,内子町,,candidate_boundary_ambiguous,,multiple_candidates_for_mountain|multiple_mountains_for_candidate|weak_name_evidence|csv_coordinate_far|activity_link_ambiguous,top_1_but_ambiguous|top_candidate_for_multiple_mountains,shared_candidate|not_mutual_top1,"mountain=牛ノ峯(#520); candidate=summit-candidate:606168b97944fce5; track=""日浦嶺・打越山""; score=0.42; name_tier=none; ele_diff=5.06m; loc=strong_overlap; act_conf=high"
520,牛ノ峯,summit-candidate:428f403ddcc5a31a,yamap_2026-02-22_07_32.gpx,高森山・町木山・寒台山・鎧掛山,904.780552530514,895,9.78,0.35,2,13,0,false,false,low,medium,low,low_priority,location_uncertain_keep,内子町,,candidate_boundary_ambiguous,,multiple_candidates_for_mountain|multiple_mountains_for_candidate|weak_name_evidence|csv_coordinate_far|location_mismatch_warning|activity_link_ambiguous,top_3_with_evidence,low_priority_alternative,"mountain=牛ノ峯(#520); candidate=summit-candidate:428f403ddcc5a31a; track=""高森山・町木山・寒台山・鎧掛山""; score=0.35; name_tier=none; ele_diff=9.78m; loc=mismatch_warning; act_conf=high"
520,牛ノ峯,summit-candidate:a0ef25e9a532b62e,yamap_2022-02-06_08_26.gpx,谷上山・権現山・白滝山・障子山,888.5027304594954,895,6.5,0.35,3,14,0,false,false,low,high,high,resolve_conflict,location_uncertain_keep,内子町,,candidate_boundary_ambiguous,,multiple_candidates_for_mountain|multiple_mountains_for_candidate|weak_name_evidence|csv_coordinate_far|location_mismatch_warning,top_candidate_for_multiple_mountains,shared_candidate,"mountain=牛ノ峯(#520); candidate=summit-candidate:a0ef25e9a532b62e; track=""谷上山・権現山・白滝山・障子山""; score=0.35; name_tier=none; ele_diff=6.5m; loc=mismatch_warning; act_conf=high"
521,小森,summit-candidate:0ff024bf702c13bb,yamap_2023-03-11_06_08.gpx,福見山・明神ヶ森・南三方ヶ森・魚谷森・左谷ノ森,927.3133333333334,932,4.69,0.35,1,8,0,false,false,low,high,high,resolve_conflict,location_uncertain_keep,西条市,,non_adjacent_municipality,松山市,multiple_candidates_for_mountain|multiple_mountains_for_candidate|weak_name_evidence|csv_coordinate_far|location_mismatch_warning,top_1_but_ambiguous|top_candidate_for_multiple_mountains,shared_candidate|not_mutual_top1,"mountain=小森(#521); candidate=summit-candidate:0ff024bf702c13bb; track=""福見山・明神ヶ森・南三方ヶ森・魚谷森・左谷ノ森""; score=0.35; name_tier=none; ele_diff=4.69m; loc=mismatch_warning; act_conf=high"
521,小森,summit-candidate:18f6f4b086668887,yamap_2025-04-06_08_48.gpx,加塚山,936.75,932,4.75,0.35,2,5,0,false,false,low,medium,high,check_close_alternatives,location_uncertain_keep,西条市,,non_adjacent_municipality,宇和島市,multiple_candidates_for_mountain|multiple_mountains_for_candidate|weak_name_evidence|csv_coordinate_far|location_mismatch_warning,top_3_with_evidence,small_score_gap,"mountain=小森(#521); candidate=summit-candidate:18f6f4b086668887; track=""加塚山""; score=0.35; name_tier=none; ele_diff=4.75m; loc=mismatch_warning; act_conf=high"
521,小森,summit-candidate:46ab73ee0e06e924,yamap_2026-04-11_09_14.gpx,三郷の辻,926.7733333333334,932,5.23,0.35,3,2,0,false,true,low,medium,high,check_close_alternatives,location_uncertain_keep,西条市,,candidate_boundary_ambiguous,,multiple_candidates_for_mountain|multiple_mountains_for_candidate|weak_name_evidence|csv_coordinate_far|location_mismatch_warning,top_3_with_evidence,small_score_gap,"mountain=小森(#521); candidate=summit-candidate:46ab73ee0e06e924; track=""三郷の辻""; score=0.35; name_tier=none; ele_diff=5.23m; loc=mismatch_warning; act_conf=high"
522,辻ヶ峰,summit-candidate:6a1baa0667de8a9d,yamap_2025-04-06_08_48.gpx,加塚山,959.7999999999998,957,2.8,0.35,1,4,0,false,false,low,high,high,resolve_conflict,location_uncertain_keep,新居浜市,,non_adjacent_municipality,宇和島市,multiple_candidates_for_mountain|multiple_mountains_for_candidate|weak_name_evidence|csv_coordinate_far|location_mismatch_warning,top_1_but_ambiguous,not_mutual_top1,"mountain=辻ヶ峰(#522); candidate=summit-candidate:6a1baa0667de8a9d; track=""加塚山""; score=0.35; name_tier=none; ele_diff=2.8m; loc=mismatch_warning; act_conf=high"
522,辻ヶ峰,summit-candidate:7bda9ba8d2b47d6e,yamap_2022-10-01_08_30.gpx,戸祇御前山,947.3511063301806,957,9.65,0.35,2,4,0,false,false,low,medium,high,check_close_alternatives,location_uncertain_keep,新居浜市,,non_adjacent_municipality,鬼北町,multiple_candidates_for_mountain|multiple_mountains_for_candidate|weak_name_evidence|csv_coordinate_far|location_mismatch_warning,top_3_with_evidence,small_score_gap,"mountain=辻ヶ峰(#522); candidate=summit-candidate:7bda9ba8d2b47d6e; track=""戸祇御前山""; score=0.35; name_tier=none; ele_diff=9.65m; loc=mismatch_warning; act_conf=high"
522,辻ヶ峰,summit-candidate:80368eea9aabeb96,yamap_2022-08-27_06_05.gpx,北三方ヶ森,964.82,957,7.82,0.35,3,2,0,false,true,low,medium,high,check_close_alternatives,location_uncertain_keep,新居浜市,,candidate_boundary_ambiguous,,multiple_candidates_for_mountain|multiple_mountains_for_candidate|weak_name_evidence|csv_coordinate_far|location_mismatch_warning,top_3_with_evidence,small_score_gap,"mountain=辻ヶ峰(#522); candidate=summit-candidate:80368eea9aabeb96; track=""北三方ヶ森""; score=0.35; name_tier=none; ele_diff=7.82m; loc=mismatch_warning; act_conf=high"
523,常住,summit-candidate:d5a6fcb592162088,yamap_2026-04-29_06_34.gpx,面木山・黒森,981.2133333333335,984,2.79,0.42,1,3,0.07,false,true,low,high,high,resolve_conflict,location_uncertain_keep,西条市,,candidate_boundary_ambiguous,,multiple_candidates_for_mountain|multiple_mountains_for_candidate|weak_name_evidence|csv_coordinate_far,top_1_but_ambiguous|top_candidate_for_multiple_mountains,shared_candidate|not_mutual_top1,"mountain=常住(#523); candidate=summit-candidate:d5a6fcb592162088; track=""面木山・黒森""; score=0.42; name_tier=none; ele_diff=2.79m; loc=strong_overlap; act_conf=high"
523,常住,summit-candidate:19ab381ef6c337af,yamap_2026-02-22_07_32.gpx,高森山・町木山・寒台山・鎧掛山,993.1336935716172,984,9.13,0.35,2,14,0,false,false,low,medium,low,low_priority,location_uncertain_keep,西条市,,non_adjacent_municipality,大洲市,multiple_candidates_for_mountain|multiple_mountains_for_candidate|weak_name_evidence|csv_coordinate_far|location_mismatch_warning|activity_link_ambiguous,top_3_with_evidence,low_priority_alternative,"mountain=常住(#523); candidate=summit-candidate:19ab381ef6c337af; track=""高森山・町木山・寒台山・鎧掛山""; score=0.35; name_tier=none; ele_diff=9.13m; loc=mismatch_warning; act_conf=high"
523,常住,summit-candidate:c58c0ba7145621b9,yamap_2025-01-03_07_19.gpx,壺神山・滝山・足山・皿が森,984.3464928489406,984,0.35,0.35,3,6,0.01,false,false,low,medium,low,low_priority,location_uncertain_keep,西条市,,candidate_boundary_ambiguous,,multiple_candidates_for_mountain|multiple_mountains_for_candidate|weak_name_evidence|csv_coordinate_far|location_mismatch_warning,top_3_with_evidence,low_priority_alternative,"mountain=常住(#523); candidate=summit-candidate:c58c0ba7145621b9; track=""壺神山・滝山・足山・皿が森""; score=0.35; name_tier=none; ele_diff=0.35m; loc=mismatch_warning; act_conf=high"
524,熊鷹山,summit-candidate:8078eb6cc96c519a,yamap_2024-10-14_04_48.gpx,三ッ足山・カガマシ山・橡尾山・笹ヶ峰,1096.6433333333332,1095,1.64,0.52,1,5,0.17,false,false,low,high,high,resolve_conflict,location_strong_match,四国中央市,,same_municipality,四国中央市,multiple_candidates_for_mountain|multiple_mountains_for_candidate|weak_name_evidence|csv_coordinate_far,top_1_but_ambiguous|top_candidate_for_multiple_mountains,shared_candidate|not_mutual_top1,"mountain=熊鷹山(#524); candidate=summit-candidate:8078eb6cc96c519a; track=""三ッ足山・カガマシ山・橡尾山・笹ヶ峰""; score=0.42; name_tier=none; ele_diff=1.64m; loc=strong_overlap; act_conf=high"
524,熊鷹山,summit-candidate:7a53852cc6c3e971,yamap_2026-03-01_06_45.gpx,剣ノ山・三傍示山・塩塚峰,1103.0333333333333,1095,8.03,0.35,2,4,0,false,false,low,medium,low,low_priority,location_uncertain_keep,四国中央市,,candidate_boundary_ambiguous,,multiple_candidates_for_mountain|multiple_mountains_for_candidate|weak_name_evidence|csv_coordinate_far|location_mismatch_warning,top_3_with_evidence,low_priority_alternative,"mountain=熊鷹山(#524); candidate=summit-candidate:7a53852cc6c3e971; track=""剣ノ山・三傍示山・塩塚峰""; score=0.35; name_tier=none; ele_diff=8.03m; loc=mismatch_warning; act_conf=high"
524,熊鷹山,summit-candidate:f5c22dac4bd015ae,yamap_2024-02-17_05_38.gpx,大黒山・譲ヶ葉森,1098.249041559603,1095,3.25,0.35,3,6,0.06,false,false,low,medium,low,low_priority,location_uncertain_keep,四国中央市,,candidate_boundary_ambiguous,,multiple_candidates_for_mountain|multiple_mountains_for_candidate|weak_name_evidence|csv_coordinate_far|location_mismatch_warning,top_3_with_evidence,low_priority_alternative,"mountain=熊鷹山(#524); candidate=summit-candidate:f5c22dac4bd015ae; track=""大黒山・譲ヶ葉森""; score=0.35; name_tier=none; ele_diff=3.25m; loc=mismatch_warning; act_conf=high"
525,櫛ヶ峰,summit-candidate:282882317c3aab0b,yamap_2024-02-17_05_38.gpx,大黒山・譲ヶ葉森,1106.79,1112,5.21,0.35,1,5,0,false,false,low,high,high,resolve_conflict,location_uncertain_keep,西条市,,candidate_boundary_ambiguous,,multiple_candidates_for_mountain|multiple_mountains_for_candidate|weak_name_evidence|csv_coordinate_far|location_mismatch_warning,top_1_but_ambiguous,not_mutual_top1,"mountain=櫛ヶ峰(#525); candidate=summit-candidate:282882317c3aab0b; track=""大黒山・譲ヶ葉森""; score=0.35; name_tier=none; ele_diff=5.21m; loc=mismatch_warning; act_conf=high"
525,櫛ヶ峰,summit-candidate:6198ad7009d86ec2,yamap_2022-04-22_14_13.gpx,雨包山,1117.4867674520622,1112,5.49,0.35,2,8,0,false,false,low,medium,high,check_close_alternatives,location_uncertain_keep,西条市,,non_adjacent_municipality,西予市,multiple_candidates_for_mountain|multiple_mountains_for_candidate|weak_name_evidence|csv_coordinate_far|location_mismatch_warning|activity_link_ambiguous,top_3_with_evidence,small_score_gap,"mountain=櫛ヶ峰(#525); candidate=summit-candidate:6198ad7009d86ec2; track=""雨包山""; score=0.35; name_tier=none; ele_diff=5.49m; loc=mismatch_warning; act_conf=high"
525,櫛ヶ峰,summit-candidate:740ae36ed8c63d60,yamap_2026-03-01_06_45.gpx,剣ノ山・三傍示山・塩塚峰,1110.4433333333334,1112,1.56,0.35,3,4,0,false,false,low,medium,high,check_close_alternatives,location_uncertain_keep,西条市,,candidate_boundary_ambiguous,,multiple_candidates_for_mountain|multiple_mountains_for_candidate|weak_name_evidence|csv_coordinate_far|location_mismatch_warning,top_3_with_evidence,small_score_gap,"mountain=櫛ヶ峰(#525); candidate=summit-candidate:740ae36ed8c63d60; track=""剣ノ山・三傍示山・塩塚峰""; score=0.35; name_tier=none; ele_diff=1.56m; loc=mismatch_warning; act_conf=high"
526,大旗山,summit-candidate:ee9d736a090185dd,yamap_2022-04-22_17_29.gpx,碁石ヶ森,1188.1187548490348,1184,4.12,0.52,1,6,0.12,false,false,low,high,high,resolve_conflict,location_strong_match,西予市,,same_municipality,西予市,multiple_candidates_for_mountain|multiple_mountains_for_candidate|weak_name_evidence|csv_coordinate_far|activity_link_ambiguous|timezone_sensitive_activity_link,top_1_but_ambiguous|top_candidate_for_multiple_mountains,shared_candidate|not_mutual_top1,"mountain=大旗山(#526); candidate=summit-candidate:ee9d736a090185dd; track=""碁石ヶ森""; score=0.42; name_tier=none; ele_diff=4.12m; loc=strong_overlap; act_conf=high"
526,大旗山,summit-candidate:67df63dc99cf8614,yamap_2024-04-07_06_45.gpx,二箆山・西雑誌山,1190.45,1184,6.45,0.4,2,6,0.05,false,false,low,medium,high,check_location_warning,boundary_plausible,西予市,,adjacent_municipality,久万高原町,multiple_candidates_for_mountain|multiple_mountains_for_candidate|weak_name_evidence|csv_coordinate_far|location_mismatch_warning,top_3_with_evidence,boundary_plausible,"mountain=大旗山(#526); candidate=summit-candidate:67df63dc99cf8614; track=""二箆山・西雑誌山""; score=0.35; name_tier=none; ele_diff=6.45m; loc=mismatch_warning; act_conf=high"
526,大旗山,summit-candidate:62351b8782d6f597,yamap_2024-02-24_07_06.gpx,高月山・東高月山・郭公岳・櫨ヶ森・毛山,1191.8999999999999,1184,7.9,0.35,3,6,0.01,false,false,low,medium,low,low_priority,location_uncertain_keep,西予市,,candidate_boundary_ambiguous,,multiple_candidates_for_mountain|multiple_mountains_for_candidate|weak_name_evidence|csv_coordinate_far|location_mismatch_warning,top_3_with_evidence,low_priority_alternative,"mountain=大旗山(#526); candidate=summit-candidate:62351b8782d6f597; track=""高月山・東高月山・郭公岳・櫨ヶ森・毛山""; score=0.35; name_tier=none; ele_diff=7.9m; loc=mismatch_warning; act_conf=high"
527,兵庫山,summit-candidate:e2c08955f9275289,yamap_2024-10-20_06_42.gpx,ハネズル山,1291.8700000000001,1303,11.13,0.46,1,3,0.11,false,true,low,high,high,resolve_conflict,location_strong_match,四国中央市,,same_municipality,四国中央市,multiple_candidates_for_mountain|multiple_mountains_for_candidate|weak_name_evidence|csv_coordinate_far|activity_link_ambiguous,top_1_but_ambiguous|top_candidate_for_multiple_mountains,shared_candidate|not_mutual_top1,"mountain=兵庫山(#527); candidate=summit-candidate:e2c08955f9275289; track=""ハネズル山""; score=0.36; name_tier=none; ele_diff=11.13m; loc=strong_overlap; act_conf=high"
527,兵庫山,summit-candidate:242762a3c600ff91,yamap_2022-05-15_06_10.gpx,割石東山・青滝山・堂ヶ森,1301.993333333333,1303,1.01,0.35,2,8,0,false,false,low,medium,low,low_priority,location_uncertain_keep,四国中央市,,candidate_boundary_ambiguous,,multiple_candidates_for_mountain|multiple_mountains_for_candidate|weak_name_evidence|csv_coordinate_far|location_mismatch_warning|activity_link_ambiguous,top_3_with_evidence,low_priority_alternative,"mountain=兵庫山(#527); candidate=summit-candidate:242762a3c600ff91; track=""割石東山・青滝山・堂ヶ森""; score=0.35; name_tier=none; ele_diff=1.01m; loc=mismatch_warning; act_conf=high"
527,兵庫山,summit-candidate:cad0ade9ddec2b1a,yamap_2026-03-21_07_01.gpx,雨乞山・妙見森,1296.6768919465774,1303,6.32,0.35,3,6,0.06,false,false,low,medium,low,low_priority,location_uncertain_keep,四国中央市,,candidate_boundary_ambiguous,,multiple_candidates_for_mountain|multiple_mountains_for_candidate|weak_name_evidence|csv_coordinate_far|location_mismatch_warning|activity_link_ambiguous,top_3_with_evidence,low_priority_alternative,"mountain=兵庫山(#527); candidate=summit-candidate:cad0ade9ddec2b1a; track=""雨乞山・妙見森""; score=0.35; name_tier=none; ele_diff=6.32m; loc=mismatch_warning; act_conf=high"
528,生之越,summit-candidate:777bcc5c6ed2c27e,yamap_2026-03-17_06_58.gpx,大ノ森,1317.4533333333331,1310,7.45,0.52,1,2,0.06,false,true,low,high,high,resolve_conflict,location_strong_match,久万高原町,,same_municipality,久万高原町,multiple_candidates_for_mountain|multiple_mountains_for_candidate|weak_name_evidence|csv_coordinate_far,top_1_but_ambiguous|top_candidate_for_multiple_mountains,shared_candidate|not_mutual_top1,"mountain=生之越(#528); candidate=summit-candidate:777bcc5c6ed2c27e; track=""大ノ森""; score=0.42; name_tier=none; ele_diff=7.45m; loc=strong_overlap; act_conf=high"
528,生之越,summit-candidate:83056c3652757f25,yamap_2024-04-20_05_43.gpx,気多山・八辻ノ峰・五代ヶ森,1281.8966666666665,1310,28.1,0.46,2,4,0.04,false,false,low,medium,low,low_priority,location_strong_match,久万高原町,,same_municipality,久万高原町,multiple_candidates_for_mountain|multiple_mountains_for_candidate|weak_name_evidence|csv_coordinate_far,top_3_with_evidence,low_priority_alternative,"mountain=生之越(#528); candidate=summit-candidate:83056c3652757f25; track=""気多山・八辻ノ峰・五代ヶ森""; score=0.36; name_tier=none; ele_diff=28.1m; loc=strong_overlap; act_conf=high"
528,生之越,summit-candidate:242762a3c600ff91,yamap_2022-05-15_06_10.gpx,割石東山・青滝山・堂ヶ森,1301.993333333333,1310,8.01,0.42,3,7,0.03,false,false,low,medium,low,low_priority,location_uncertain_keep,久万高原町,,candidate_boundary_ambiguous,,multiple_candidates_for_mountain|multiple_mountains_for_candidate|weak_name_evidence|csv_coordinate_far|activity_link_ambiguous,top_3_with_evidence,low_priority_alternative,"mountain=生之越(#528); candidate=summit-candidate:242762a3c600ff91; track=""割石東山・青滝山・堂ヶ森""; score=0.42; name_tier=none; ele_diff=8.01m; loc=strong_overlap; act_conf=high"
529,玉取山,summit-candidate:0886436b79473a6c,yamap_2024-10-14_04_48.gpx,三ッ足山・カガマシ山・橡尾山・笹ヶ峰,1340.51,1330,10.51,0.46,1,8,0.11,false,false,low,high,high,resolve_conflict,location_strong_match,四国中央市,,same_municipality,四国中央市,multiple_candidates_for_mountain|multiple_mountains_for_candidate|weak_name_evidence|csv_coordinate_far,top_1_but_ambiguous|top_candidate_for_multiple_mountains,shared_candidate|not_mutual_top1,"mountain=玉取山(#529); candidate=summit-candidate:0886436b79473a6c; track=""三ッ足山・カガマシ山・橡尾山・笹ヶ峰""; score=0.36; name_tier=none; ele_diff=10.51m; loc=strong_overlap; act_conf=high"
529,玉取山,summit-candidate:e4172c5503fdcc89,yamap_2024-04-07_06_45.gpx,二箆山・西雑誌山,1338.5933333333335,1330,8.59,0.35,2,10,0.06,false,false,low,medium,low,low_priority,location_uncertain_keep,四国中央市,,non_adjacent_municipality,久万高原町,multiple_candidates_for_mountain|multiple_mountains_for_candidate|weak_name_evidence|csv_coordinate_far|location_mismatch_warning,top_3_with_evidence,low_priority_alternative,"mountain=玉取山(#529); candidate=summit-candidate:e4172c5503fdcc89; track=""二箆山・西雑誌山""; score=0.35; name_tier=none; ele_diff=8.59m; loc=mismatch_warning; act_conf=high"
529,玉取山,summit-candidate:09c1602c02ce7f78,yamap_2024-04-07_06_45.gpx,二箆山・西雑誌山,1357.4633333333334,1330,27.46,0.29,3,13,0,false,false,none,medium,low,low_priority,location_uncertain_keep,四国中央市,,non_adjacent_municipality,久万高原町,multiple_candidates_for_mountain|multiple_mountains_for_candidate|weak_name_evidence|csv_coordinate_far|location_mismatch_warning,top_3_with_evidence,low_priority_alternative,"mountain=玉取山(#529); candidate=summit-candidate:09c1602c02ce7f78; track=""二箆山・西雑誌山""; score=0.29; name_tier=none; ele_diff=27.46m; loc=mismatch_warning; act_conf=high"
530,三ヶ森,summit-candidate:5771cdd191c3861d,yamap_2023-10-22_06_44.gpx,二ノ岳・高森,1351.1733333333334,1377,25.83,0.46,1,2,0,false,true,low,high,high,resolve_conflict,location_strong_match,西条市,,same_municipality,西条市,multiple_candidates_for_mountain|multiple_mountains_for_candidate|weak_name_evidence|csv_coordinate_far,top_1_but_ambiguous|top_candidate_for_multiple_mountains,shared_candidate|not_mutual_top1,"mountain=三ヶ森(#530); candidate=summit-candidate:5771cdd191c3861d; track=""二ノ岳・高森""; score=0.36; name_tier=none; ele_diff=25.83m; loc=strong_overlap; act_conf=high"
530,三ヶ森,summit-candidate:6b97922a3935a9a5,yamap_2025-09-21_08_53.gpx,前社ヶ森・剣山・黒川山,1354.6866666666667,1377,22.31,0.46,2,4,0,false,false,low,medium,high,check_close_alternatives,location_strong_match,西条市,,same_municipality,西条市,multiple_candidates_for_mountain|multiple_mountains_for_candidate|weak_name_evidence|csv_coordinate_far,top_3_with_evidence,small_score_gap,"mountain=三ヶ森(#530); candidate=summit-candidate:6b97922a3935a9a5; track=""前社ヶ森・剣山・黒川山""; score=0.36; name_tier=none; ele_diff=22.31m; loc=strong_overlap; act_conf=high"
530,三ヶ森,summit-candidate:a61fd78e4e062683,yamap_2023-10-22_06_44.gpx,二ノ岳・高森,1361.2233333333334,1377,15.78,0.46,3,3,0.11,false,true,low,medium,high,check_close_alternatives,location_strong_match,西条市,,same_municipality,西条市,multiple_candidates_for_mountain|multiple_mountains_for_candidate|weak_name_evidence|csv_coordinate_far,top_3_with_evidence,small_score_gap,"mountain=三ヶ森(#530); candidate=summit-candidate:a61fd78e4e062683; track=""二ノ岳・高森""; score=0.36; name_tier=none; ele_diff=15.78m; loc=strong_overlap; act_conf=high"
531,扇山,summit-candidate:02fa4cfab6fa90d3,yamap_2022-12-12_08_41.gpx,遠ヶ森,731.4733333333334,1392,660.53,0.52,1,2,0.06,false,true,low,high,high,resolve_conflict,location_uncertain_keep,西条市,,candidate_boundary_ambiguous,,multiple_candidates_for_mountain|multiple_mountains_for_candidate|weak_elevation_evidence|csv_coordinate_far|location_mismatch_warning|activity_link_ambiguous,top_1_but_ambiguous|top_candidate_for_multiple_mountains,shared_candidate|not_mutual_top1,"mountain=扇山(#531); candidate=summit-candidate:02fa4cfab6fa90d3; track=""遠ヶ森""; score=0.52; name_tier=strong; ele_diff=660.53m; loc=mismatch_warning; act_conf=high"
531,扇山,summit-candidate:56e8244e578a141a,yamap_2025-09-21_08_53.gpx,前社ヶ森・剣山・黒川山,1409.006666666667,1392,17.01,0.46,2,5,0,false,false,low,medium,low,low_priority,location_strong_match,西条市,,same_municipality,西条市,multiple_candidates_for_mountain|multiple_mountains_for_candidate|weak_name_evidence|csv_coordinate_far,top_3_with_evidence,low_priority_alternative,"mountain=扇山(#531); candidate=summit-candidate:56e8244e578a141a; track=""前社ヶ森・剣山・黒川山""; score=0.36; name_tier=none; ele_diff=17.01m; loc=strong_overlap; act_conf=high"
531,扇山,summit-candidate:ee632dd427dbb1ff,yamap_2025-09-21_08_53.gpx,前社ヶ森・剣山・黒川山,1416.9733333333334,1392,24.97,0.46,3,5,0.06,false,false,low,medium,low,low_priority,location_strong_match,西条市,,same_municipality,西条市,multiple_candidates_for_mountain|multiple_mountains_for_candidate|weak_name_evidence|csv_coordinate_far,top_3_with_evidence,low_priority_alternative,"mountain=扇山(#531); candidate=summit-candidate:ee632dd427dbb1ff; track=""前社ヶ森・剣山・黒川山""; score=0.36; name_tier=none; ele_diff=24.97m; loc=strong_overlap; act_conf=high"
