summit_candidate_id,source_gpx_basename,track_name,candidate_lat,candidate_lon,candidate_ele_m,top1_mountain_count,top3_mountain_count,top1_mountain_nos,top1_mountain_names,top3_mountain_nos,top3_mountain_names,max_score,score_spread,suggested_review_bucket,notes
summit-candidate:edac81b361bdc70c,yamap_2024-12-01_06_40.gpx,唐谷山・天狗森・木峰・金見山・高丸・五郎丸・大谷山・龍王山,34.0123819,133.6793921,591.7966666666667,7,10,331|332|333|334|335|337|339,五郎丸|高丸|金見山|木峰|天狗森|龍王山|城山,331|332|333|334|335|336|337|338|339|507,五郎丸|高丸|金見山|木峰|天狗森|唐谷山|龍王山|大谷山|城山|牛ヶ首,0.78,0.51,resolve_conflict,top1_count=7; top3_count=10; max_score=0.78
summit-candidate:101c1b0635c0bec0,yamap_2022-12-25_10_09.gpx,高山,34.1144302,132.9156361,131.66666666666666,6,12,170|171|172|176|392|505,高山|塔ノ峰|海山|永納山(永納山城址)|高山|高山寺山,112|170|171|172|173|174|175|176|177|382|392|505,子持山|高山|塔ノ峰|海山|近見山|唐子山|医王山|永納山(永納山城址)|佐々久山|若いもん山|高山|高山寺山,0.85,0.58,resolve_conflict,top1_count=6; top3_count=12; max_score=0.85
summit-candidate:2f7dbee4c5bde53e,yamap_2022-05-07_07_14.gpx,寒川山・鋸山・七々木山・豊受山・赤星山,33.9280045,133.4790952,1251.9766666666667,6,7,83|84|86|87|88|89,寒川山|豊受山|七々木山|鋸山|翠波峰|平石山,83|84|85|86|87|88|89,寒川山|豊受山|赤星山|七々木山|鋸山|翠波峰|平石山,0.85,0.78,resolve_conflict,top1_count=6; top3_count=7; max_score=0.85
summit-candidate:339138a4e53293da,yamap_2023-03-29_05_31.gpx,えんとつ山・生子山・犬返・種子川山・西赤石山・物住頭・上兜山・下兜山,33.9047167,133.3174422,571.1733333333333,6,7,218|219|220|221|224|507,えんとつ山|生子山|犬返|種子川山|上兜山|牛ヶ首,218|219|220|221|224|225|507,えんとつ山|生子山|犬返|種子川山|上兜山|下兜山|牛ヶ首,0.85,0.78,resolve_conflict,top1_count=6; top3_count=7; max_score=0.85
summit-candidate:9186201ca03b041d,yamap_2024-03-30_07_11.gpx,御祝山・横ノ森・小屋ヶ森・串ヶ森・目黒鳥屋・長尾森,33.1727703,132.6401559,1160.4399999999998,5,6,285|287|288|289|290,御祝山|小屋ヶ森|串ヶ森|目黒鳥屋|長尾森,285|286|287|288|289|290,御祝山|横ノ森|小屋ヶ森|串ヶ森|目黒鳥屋|長尾森,0.85,0.58,resolve_conflict,top1_count=5; top3_count=6; max_score=0.85
summit-candidate:452c10a1db199870,yamap_2022-03-20_07_06.gpx,大久保山・八里ヶ峠・中坂山・天神山・室岡山・潮見山,33.8773459,132.7614769,76.83333333333333,4,8,51|52|53|118,中坂山|天神山|室岡山|湯築山,49|50|51|52|53|54|118|181,大久保山|八里ヶ峠|中坂山|天神山|室岡山|潮見山|湯築山|星岡山,0.79,0.72,resolve_conflict,top1_count=4; top3_count=8; max_score=0.79
summit-candidate:47129c06b82cf694,yamap_2023-01-21_12_43.gpx,石神山・金比羅山,33.4533154,132.27344,295.1133333333334,4,7,196|197|199|200,大森山|見晴山|遠見山|石神山,196|197|198|199|200|201|372,大森山|見晴山|権現山|遠見山|石神山|金比羅山|亀老山,0.85,0.58,resolve_conflict,top1_count=4; top3_count=7; max_score=0.85
summit-candidate:0bd3d051cdb972fd,yamap_2024-12-08_06_59.gpx,本尊山・秋葉山・立烏帽子山・明神山,33.6988091,132.6831717,632.3133333333334,4,5,340|341|343|511,本尊山|秋葉山|明神山|秋葉山,340|341|342|343|511,本尊山|秋葉山|立烏帽子山|明神山|秋葉山,0.85,0.78,resolve_conflict,top1_count=4; top3_count=5; max_score=0.85
summit-candidate:5c9365b2a5a9c97f,yamap_2022-12-31_15_00.gpx,星岡山,33.8164872,132.787544,69.03333333333333,4,5,137|178|179|181,東山|土亀山|天山|星岡山,118|137|178|179|181,湯築山|東山|土亀山|天山|星岡山,0.85,0.78,resolve_conflict,top1_count=4; top3_count=5; max_score=0.85
summit-candidate:565ba3761956d9b3,yamap_2025-10-11_06_24.gpx,大森山・佐々連尾山・三つ足山,33.8789795,133.544002,1426.5633333333335,4,4,432|433|434|501,三つ足山|大森山|佐々連尾山|大森山,432|433|434|501,三つ足山|大森山|佐々連尾山|大森山,0.85,0.58,resolve_conflict,top1_count=4; top3_count=4; max_score=0.85
summit-candidate:45f49d8fd831427c,yamap_2023-01-06_11_33.gpx,岩子山・垣生山・津田山・弁天山,33.8362547,132.7147629,110.77666666666669,3,9,185|186|187,岩子山|垣生山|津田山,25|32|37|163|179|185|186|187|188,愛宕山|岩子山|日王山|鹿島山|天山|岩子山|垣生山|津田山|弁天山,0.85,0.78,resolve_conflict,top1_count=3; top3_count=9; max_score=0.85
summit-candidate:0ff024bf702c13bb,yamap_2023-03-11_06_08.gpx,福見山・明神ヶ森・南三方ヶ森・魚谷森・左谷ノ森,33.9266494,132.924009,927.3133333333334,3,7,213|214|521,魚谷森|左谷ノ森|小森,64|210|211|212|213|214|521,大月山|福見山|明神ヶ森|南三方ヶ森|魚谷森|左谷ノ森|小森,0.85,0.58,resolve_conflict,top1_count=3; top3_count=7; max_score=0.85
summit-candidate:006436491de34784,yamap_2022-11-26_04_41.gpx,銅山峰・西山・綱繰山・獅子舞の鼻・冠山・平家平,33.8159575,133.3107033,1729.61,3,6,167|309|320,冠山|平家平|銅山峰,31|165|166|167|309|320,西山|綱繰山|獅子舞の鼻|冠山|平家平|銅山峰,0.85,0.58,resolve_conflict,top1_count=3; top3_count=6; max_score=0.85
summit-candidate:057580d1c60049b6,yamap_2024-10-05_06_40.gpx,銅山峰・西山・三の森・二の森・一の森,33.8596586,133.3188738,1425.3166666666668,3,6,321|322|323,西山|三の森|二の森,320|321|322|323|324|430,銅山峰|西山|三の森|二の森|一の森|三ッ森山,0.85,0.78,resolve_conflict,top1_count=3; top3_count=6; max_score=0.85
summit-candidate:079ae30d76fb11c2,yamap_2022-03-13_09_49.gpx,倉谷山・芝ヶ峠・淡路ヶ峠・宝ヶ峯,33.8265074,132.8167326,280.85333333333335,3,6,48|208|209,芝ヶ峠|宝ヶ峯|淡路ヶ峠,47|48|110|208|209|388,倉谷山|芝ヶ峠|小富士|宝ヶ峯|淡路ヶ峠|姫政山,0.85,0.78,resolve_conflict,top1_count=3; top3_count=6; max_score=0.85
summit-candidate:8a7a47d167c1aba6,yamap_2023-01-08_14_24.gpx,黒瀬山(黒瀬城址)・岡山(岡山城址)・鉢ヶ森(鉢ヶ森城址)・護摩ヶ森(護摩ヶ森城址)・我合山(...,33.3556223,132.5138567,349.4466666666667,3,6,190|191|194,黒瀬山（黒瀬城址）|岡山（岡城址）|我合山（我合城址）,128|190|191|192|193|194,狩江権現山|黒瀬山（黒瀬城址）|岡山（岡城址）|鉢ヶ森（鉢ヶ森城址）|護摩ヶ森（護摩ヶ森城址）|我合山（我合城址）,0.85,0.78,resolve_conflict,top1_count=3; top3_count=6; max_score=0.85
summit-candidate:084fa7c9e55252dc,yamap_2026-03-11_10_35.gpx,野津子山・軽ノ山,33.8667446,132.768519,165.84333333333333,3,5,424|484|485,千秋寺山|軽ノ山|野津子山,24|113|424|484|485,御幸寺山|大峰ヶ台|千秋寺山|軽ノ山|野津子山,0.85,0.78,resolve_conflict,top1_count=3; top3_count=5; max_score=0.85
summit-candidate:1432f597b5dca157,yamap_2023-01-28_14_27.gpx,古城山・尾崎山,33.9038632,132.7837316,253.17333333333332,3,5,206|207|279,古城山|尾崎山|城山,134|204|206|207|279,雄甲山|金毘羅山|古城山|尾崎山|城山,0.85,0.78,resolve_conflict,top1_count=3; top3_count=5; max_score=0.85
summit-candidate:1ebd63d8e2790409,yamap_2022-05-02_09_06.gpx,大川嶺・笠取山・ウバホド山,33.5604174,132.9270238,1532.1452947696732,3,5,77|78|79,大川嶺|笠取山|ウバホド山,77|78|79|300|318,大川嶺|笠取山|ウバホド山|面河山|中津山(明神山),0.85,0.58,resolve_conflict,top1_count=3; top3_count=5; max_score=0.85
summit-candidate:5b7c833ac0535534,yamap_2023-01-28_11_53.gpx,鳥越山,33.8899037,132.758853,99.92333333333335,3,5,202|203|205,鳥越山|谷田山|佐古田山,202|203|205|206|207,鳥越山|谷田山|佐古田山|古城山|尾崎山,0.85,0.78,resolve_conflict,top1_count=3; top3_count=5; max_score=0.85
summit-candidate:6b0155a434d72d79,yamap_2024-12-15_07_21.gpx,陣が森・岩が森・スクモ塚・高萩山・長者森,33.9890249,132.8891658,532.4466666666667,3,5,344|502|503,陣が森|うつむき山|妙見山,344|348|442|502|503,陣が森|長者森|天道ヶ頭|うつむき山|妙見山,0.68,0.41,resolve_conflict,top1_count=3; top3_count=5; max_score=0.68
summit-candidate:846b096132c533d6,yamap_2022-07-02_07_43.gpx,石鎚山・西ノ冠岳・面河の頭・二ノ森・鞍瀬ノ頭,33.7578996,133.086527,1879.8966666666665,3,5,105|107|108,鞍瀬ノ頭|面河の頭|西ノ冠岳,105|106|107|108|238,鞍瀬ノ頭|二ノ森|面河の頭|西ノ冠岳|冠岳,0.68,0.41,resolve_conflict,top1_count=3; top3_count=5; max_score=0.68
summit-candidate:4a22801b12460992,yamap_2026-01-25_07_43.gpx,船ヶ迫岳・鎌倉山,33.6034415,132.6564373,676.61,3,4,455|456|510,船ヶ迫岳|鎌倉山|水無権現,455|456|475|510,船ヶ迫岳|鎌倉山|登議城山|水無権現,0.85,0.78,resolve_conflict,top1_count=3; top3_count=4; max_score=0.85
summit-candidate:9669b668bebfc145,yamap_2023-04-18_10_53.gpx,黒滝山・木久ヶ森,33.9017492,132.9949732,811.0092135228584,3,4,230|231|515,木久ヶ森|黒滝山|星ヶ森,229|230|231|515,船野山|木久ヶ森|黒滝山|星ヶ森,0.85,0.78,resolve_conflict,top1_count=3; top3_count=4; max_score=0.85
summit-candidate:b87c90ebd1eb0d06,yamap_2026-05-06_07_28.gpx,丸山・ちち山・笹ヶ峰,33.8280769,133.2743948,1856.6633333333332,3,4,120|121|500,ちち山|笹ヶ峰|丸山,109|120|121|500,西黒森|ちち山|笹ヶ峰|丸山,0.85,0.47,resolve_conflict,top1_count=3; top3_count=4; max_score=0.85
summit-candidate:e8b129f70e703be5,yamap_2026-03-07_11_08.gpx,権現山,33.1828203,132.5956974,949.9166666666666,3,4,478|479|480,尻割山|四本松|権現山,263|478|479|480,権現山|尻割山|四本松|権現山,0.85,0.78,resolve_conflict,top1_count=3; top3_count=4; max_score=0.85
summit-candidate:090f7fa4be89ec5e,yamap_2025-01-26_07_09.gpx,天が森・浄心山・銅が鳴,33.5225161,132.4288807,782.4408357907463,3,3,363|364|365,天が森|浄心山|銅が鳴,363|364|365,天が森|浄心山|銅が鳴,0.85,0.78,resolve_conflict,top1_count=3; top3_count=3; max_score=0.85
summit-candidate:53a6401abf71c488,yamap_2026-05-02_09_29.gpx,男山・瓶ヶ森・台ヶ森,33.7946359,133.1931324,1892.1433333333334,3,3,312|313|499,男山|瓶ヶ森|台ヶ森,312|313|499,男山|瓶ヶ森|台ヶ森,0.85,0.53,resolve_conflict,top1_count=3; top3_count=3; max_score=0.85
summit-candidate:23c112538ef91e0d,yamap_2022-02-23_08_42.gpx,西山・経ヶ森・岩子山・護摩ヶ森,33.8831745,132.7109537,195.95000000000002,2,9,32|33,岩子山|経ヶ森,31|32|33|34|122|135|169|314|447,西山|岩子山|経ヶ森|護摩ヶ森|松軒山|雌甲山|扇山|宅並山|峠ヶ森,0.85,0.58,resolve_conflict,top1_count=2; top3_count=9; max_score=0.85
summit-candidate:5f001ac124f82ef6,yamap_2022-10-19_16_00.gpx,西港山・大丸山・港山,33.8685926,132.7153244,41.080000000000005,2,9,148|471,港山|花見山,59|111|146|147|148|178|243|471|500,忽那山|龍石山|西港山|大丸山|港山|土亀山|丸山|花見山|丸山,0.85,0.58,resolve_conflict,top1_count=2; top3_count=9; max_score=0.85
summit-candidate:5f31b84e049f61fa,yamap_2026-02-22_07_32.gpx,高森山・町木山・寒台山・鎧掛山,33.525575,132.750723,798.325694253476,2,9,470|514,鎧掛山|棟山,164|453|459|466|467|468|470|514|516,出石山|大判山|高森山|大森山|高森山|町木山|鎧掛山|棟山|草屋敷,0.79,0.52,resolve_conflict,top1_count=2; top3_count=9; max_score=0.79
summit-candidate:35b464661fa62df9,yamap_2022-09-15_09_20.gpx,三山,34.2803533,133.2279632,323.2966666666667,2,8,123|126,三山|石灰山,123|124|125|126|127|151|242|464,三山|伊勢山|久司山|石灰山|古法皇山|冨士山|歯朶谷山|飯之山,0.68,0.41,resolve_conflict,top1_count=2; top3_count=8; max_score=0.68
summit-candidate:473a62086144ac33,yamap_2023-03-29_05_31.gpx,えんとつ山・生子山・犬返・種子川山・西赤石山・物住頭・上兜山・下兜山,33.8755645,133.3400675,1619.846666666667,2,8,222|223,西赤石山|物住頭,218|219|220|221|222|223|224|225,えんとつ山|生子山|犬返|種子川山|西赤石山|物住頭|上兜山|下兜山,0.85,0.78,resolve_conflict,top1_count=2; top3_count=8; max_score=0.85
summit-candidate:02d59cd1260af017,yamap_2024-01-27_10_11.gpx,御串山,34.2470088,132.9890515,62.803333333333335,2,7,258|260,御串山|開山,39|139|257|258|259|260|310,花木山|黒崎山|大空山|御串山|宝股山|開山|薬師山,0.68,0.36,resolve_conflict,top1_count=2; top3_count=7; max_score=0.68
summit-candidate:13aa9354da4eb6d6,yamap_2025-03-30_12_56.gpx,京の森・大迫山,33.5055365,132.6868759,572.4394591518229,2,7,401|402,京の森|大迫山,398|399|400|401|402|504|505,岳山|一ヶ森|愛の森|京の森|大迫山|鉢が森|高山寺山,0.69,0.42,resolve_conflict,top1_count=2; top3_count=7; max_score=0.69
summit-candidate:5f3f2f47d84464c4,yamap_2025-03-30_09_12.gpx,一ヶ森,33.4530897,132.7168465,605.2468947172716,2,7,398|399,岳山|一ヶ森,397|398|399|400|401|402|438,竜王山|岳山|一ヶ森|愛の森|京の森|大迫山|堂所山,0.73,0.46,resolve_conflict,top1_count=2; top3_count=7; max_score=0.73
summit-candidate:c2fc382b492cfde4,yamap_2022-10-28_06_21.gpx,割石峠山・石墨山・法師山・白猪山・根無山・樽谷山・梅ヶ谷山,33.7499423,132.9750274,961.2033333333334,2,7,153|155,石墨山|白猪山,152|153|154|155|156|157|158,割石峠山|石墨山|法師山|白猪山|梅ヶ谷山|樽谷山|根無山,0.67,0.4,resolve_conflict,top1_count=2; top3_count=7; max_score=0.67
summit-candidate:d03c84134ca0989d,yamap_2022-01-22_09_04.gpx,高森山・岩伽羅山・衣掛山・吉山(吉山城址),33.8192567,132.8731185,306.31,2,7,5|6,衣掛山|吉山(吉山城址),3|4|5|6|242|245|390,高森山|岩伽羅山|衣掛山|吉山(吉山城址)|歯朶谷山|高森|高森山,0.73,0.46,resolve_conflict,top1_count=2; top3_count=7; max_score=0.73
summit-candidate:0048d4d3a7981b80,yamap_2025-01-03_07_19.gpx,壺神山・滝山・足山・皿が森,33.6062894,132.5155614,697.5172644320495,2,6,355|509,足山|感応寺山,353|354|355|356|407|509,壺神山|滝山|足山|皿が森|五十崎神南山|感応寺山,0.79,0.72,resolve_conflict,top1_count=2; top3_count=6; max_score=0.79
summit-candidate:0eff3d1ea2b48d73,yamap_2022-02-06_08_26.gpx,谷上山・権現山・白滝山・障子山,33.7351844,132.7317786,456.90483803547824,2,6,13|14,谷上山|権現山,13|14|15|16|30|104,谷上山|権現山|白滝山|障子山|勝岡山|横山(横山城址),0.85,0.58,resolve_conflict,top1_count=2; top3_count=6; max_score=0.85
summit-candidate:51c8bc6a368c422c,yamap_2026-01-18_09_11.gpx,竜王の峰,33.3475127,132.4815915,542.5079186549784,2,6,454|504,竜王の峰|鉢が森,129|453|454|502|503|504,極山|大判山|竜王の峰|うつむき山|妙見山|鉢が森,0.85,0.78,resolve_conflict,top1_count=2; top3_count=6; max_score=0.85
summit-candidate:5aff666aa93b3a17,yamap_2022-03-20_07_06.gpx,大久保山・八里ヶ峠・中坂山・天神山・室岡山・潮見山,33.8841169,132.7626522,181.12,2,6,49|50,大久保山|八里ヶ峠,23|49|50|51|53|56,天神山|大久保山|八里ヶ峠|中坂山|室岡山|潮見山,0.85,0.78,resolve_conflict,top1_count=2; top3_count=6; max_score=0.85
summit-candidate:e7ae682a07af2e10,yamap_2022-01-22_09_04.gpx,高森山・岩伽羅山・衣掛山・吉山(吉山城址),33.8423734,132.8811963,719.2533333333334,2,6,3|4,高森山|岩伽羅山,3|4|5|6|12|479,高森山|岩伽羅山|衣掛山|吉山(吉山城址)|経座ヶ森|四本松,0.75,0.48,resolve_conflict,top1_count=2; top3_count=6; max_score=0.75
summit-candidate:0886436b79473a6c,yamap_2024-10-14_04_48.gpx,三ッ足山・カガマシ山・橡尾山・笹ヶ峰,33.8803402,133.6037486,1340.51,2,5,326|529,カガマシ山|玉取山,325|326|327|328|529,三ッ足山|カガマシ山|橡尾山|笹ヶ峰|玉取山,0.85,0.58,resolve_conflict,top1_count=2; top3_count=5; max_score=0.85
summit-candidate:17c3649ad9b147ce,yamap_2026-01-07_07_05.gpx,御在所山,33.4376592,132.6335849,665.1833333333333,2,5,27|449,杉立山|御在所山,27|73|449|450|509,杉立山|御在所山|御在所山|高雄山|感応寺山,0.75,0.48,resolve_conflict,top1_count=2; top3_count=5; max_score=0.75
summit-candidate:1ed32ce6414c2781,yamap_2022-12-25_13_36.gpx,医王山,33.9801287,133.0507842,98.37666666666667,2,5,175|177,医王山|佐々久山,174|175|176|177|505,唐子山|医王山|永納山(永納山城址)|佐々久山|高山寺山,0.75,0.48,resolve_conflict,top1_count=2; top3_count=5; max_score=0.75
summit-candidate:24dc6cf37ce4e715,yamap_2022-02-11_08_26.gpx,塩ヶ森・番駄ヶ森・ケタ山・大磨山・鍵山（象ヶ森）,33.7661685,132.9049612,646.4833333333332,2,5,20|21,ケタ山|大磨山,18|19|20|21|22,塩ヶ森|番駄ヶ森|ケタ山|大磨山|鍵山（象ヶ森）,0.85,0.78,resolve_conflict,top1_count=2; top3_count=5; max_score=0.85
summit-candidate:3259dfe3d9ce60c5,yamap_2022-03-23_07_38.gpx,明神山・潮見山,33.816673,132.8428244,152.25333333333333,2,5,54|55,潮見山|明神山,45|54|55|424|485,菊ヶ森|潮見山|明神山|千秋寺山|野津子山,0.85,0.78,resolve_conflict,top1_count=2; top3_count=5; max_score=0.85
summit-candidate:3c28b6ebd5a97155,yamap_2024-03-16_13_58.gpx,斎藤山,33.5944697,132.4784739,472.13310176947385,2,5,282|284,張木山|斎藤山,281|282|283|284|496,トギ|張木山|高手山|斎藤山|鼻欠山,0.85,0.78,resolve_conflict,top1_count=2; top3_count=5; max_score=0.85
summit-candidate:40260be41579ab8f,yamap_2022-01-28_12_28.gpx,尾ノ峰・新城山・腰折山・恵良山,33.9922702,132.7992645,299.12666666666667,2,5,10|372,恵良山|亀老山,9|10|303|372|379,腰折山|恵良山|名石山|亀老山|高穴山,0.85,0.78,resolve_conflict,top1_count=2; top3_count=5; max_score=0.85
summit-candidate:40e090ce41a89b55,yamap_2024-06-08_08_42.gpx,沓掛山・黒森山,33.8493229,133.2701244,1690.4033333333334,2,5,306|307,黒森山|沓掛山,94|226|306|307|498,自念子ノ頭|黒森山|黒森山|沓掛山|黒森,0.75,0.48,resolve_conflict,top1_count=2; top3_count=5; max_score=0.75
summit-candidate:4416099ca0f9da08,yamap_2024-12-22_10_25.gpx,笹ヶ平山,33.7478819,132.7506238,260.1933333333333,2,5,349|352,八倉山|笹ヶ平山,241|349|350|351|352,ベツソ山|八倉山|行道山|水晶ヶ森|笹ヶ平山,0.85,0.58,resolve_conflict,top1_count=2; top3_count=5; max_score=0.85
summit-candidate:54cf4155ab259d9d,yamap_2022-02-26_07_43.gpx,御岳山,33.7480679,132.8711955,430.59999999999997,2,5,35|36,御岳山|石槌山,35|36|101|229|255,御岳山|石槌山|鷲ヶ頭山|船野山|竜門山,0.85,0.58,resolve_conflict,top1_count=2; top3_count=5; max_score=0.85
summit-candidate:588c967023117267,yamap_2022-09-26_14_04.gpx,鏡山,34.2634531,132.9718171,201.48000000000002,2,5,132|304,鏡山|青刈山,131|132|150|304|308,三本榎|鏡山|愛ノ山|青刈山|二反山,0.62,0.35,resolve_conflict,top1_count=2; top3_count=5; max_score=0.62
summit-candidate:62d2811f5d1a9f29,yamap_2025-03-30_07_01.gpx,竜王山,33.4256595,132.7088906,459.07666666666665,2,5,397|400,竜王山|愛の森,35|397|400|401|402,御岳山|竜王山|愛の森|京の森|大迫山,0.75,0.48,resolve_conflict,top1_count=2; top3_count=5; max_score=0.75
summit-candidate:71b10e23075edf20,yamap_2022-04-30_08_30.gpx,岩黒山・筒上山・手箱山,33.732243,133.160912,1863.226432016608,2,5,75|512,筒上山|黒山,74|75|76|107|512,岩黒山|筒上山|手箱山|面河の頭|黒山,0.85,0.53,resolve_conflict,top1_count=2; top3_count=5; max_score=0.85
summit-candidate:78274ad93e160452,yamap_2026-03-01_06_45.gpx,剣ノ山・三傍示山・塩塚峰,33.8838209,133.660917,1152.4499999999998,2,5,472|473,剣ノ山|三傍示山,322|330|472|473|474,三の森|天堤山|剣ノ山|三傍示山|塩塚峰,0.85,0.58,resolve_conflict,top1_count=2; top3_count=5; max_score=0.85
summit-candidate:afc2e407c1d6b464,yamap_2025-02-09_09_27.gpx,大頭山,34.1640532,133.047568,260.3866666666667,2,5,375|376,大頭山|高取山,373|374|375|376|377,カレイ山|念仏山|大頭山|高取山|八幡山,0.68,0.61,resolve_conflict,top1_count=2; top3_count=5; max_score=0.68
summit-candidate:bdfa250c89c1ca90,yamap_2022-02-23_08_42.gpx,西山・経ヶ森・岩子山・護摩ヶ森,33.8865639,132.7116504,168.98333333333335,2,5,31|34,西山|護摩ヶ森,31|32|33|34|484,西山|岩子山|経ヶ森|護摩ヶ森|軽ノ山,0.85,0.58,resolve_conflict,top1_count=2; top3_count=5; max_score=0.85
summit-candidate:f55ffb534aa2ae4c,yamap_2026-02-22_07_32.gpx,高森山・町木山・寒台山・鎧掛山,33.5133814,132.7770265,825.9826876717713,2,5,467|516,高森山|草屋敷,164|467|468|470|516,出石山|高森山|町木山|鎧掛山|草屋敷,0.85,0.78,resolve_conflict,top1_count=2; top3_count=5; max_score=0.85
summit-candidate:09547fd48f24d064,yamap_2022-11-05_04_38.gpx,権現山・黒岳・エビラ山・二ッ岳,33.8858865,133.4078131,1672.3333333333333,2,4,161|162,エビラ山|二ッ岳,159|160|161|162,権現山|黒岳|エビラ山|二ッ岳,0.85,0.58,resolve_conflict,top1_count=2; top3_count=4; max_score=0.85
summit-candidate:118b217506eb653f,yamap_2026-03-21_07_01.gpx,雨乞山・妙見森,33.5274365,132.8527908,1334.4923924855789,2,4,490|491,妙見森|笹峠山,489|490|491|492,雨乞山|妙見森|笹峠山|雨霧山,0.85,0.78,resolve_conflict,top1_count=2; top3_count=4; max_score=0.85
summit-candidate:13b7a4bb8154974a,yamap_2024-03-10_07_12.gpx,夫婦山・白山・観音山・国見山・城山・御勧請山,33.8682654,132.7980997,336.02549564153543,2,4,276|280,白山|御勧請山,2|276|277|280,観音山|白山|観音山|御勧請山,0.85,0.78,resolve_conflict,top1_count=2; top3_count=4; max_score=0.85
summit-candidate:2a670286f545beb2,yamap_2023-04-09_09_08.gpx,菊ヶ森・餓鬼ヶ森,33.6772505,132.9121114,910.6433333333334,2,4,227|403,菊ヶ森|船山,227|228|403|493,菊ヶ森|餓鬼ヶ森|船山|三郷の辻,0.85,0.78,resolve_conflict,top1_count=2; top3_count=4; max_score=0.85
summit-candidate:2b7cce23b57844a5,yamap_2022-10-08_06_12.gpx,東山・西赤石山・物住頭・前赤石山・東赤石山・八巻山,33.8752971,133.3737015,1699.1266666666668,2,4,239|240,東赤石山|八巻山,138|180|239|240,前赤石山|東山|東赤石山|八巻山,0.75,0.48,resolve_conflict,top1_count=2; top3_count=4; max_score=0.75
summit-candidate:2b833dfb6f3f84c1,yamap_2025-01-11_11_51.gpx,勝山,33.7282794,132.8388236,371.26,2,4,357|359,尉之山|勝山,95|357|358|359,勝山|尉之山|小山岳|勝山,0.79,0.72,resolve_conflict,top1_count=2; top3_count=4; max_score=0.79
summit-candidate:32c1cf967ab82dbe,yamap_2024-12-01_06_40.gpx,唐谷山・天狗森・木峰・金見山・高丸・五郎丸・大谷山・龍王山,34.0356467,133.6297572,503.24333333333334,2,4,336|338,唐谷山|大谷山,28|336|338|442,岩柄山|唐谷山|大谷山|天道ヶ頭,0.68,0.41,resolve_conflict,top1_count=2; top3_count=4; max_score=0.68
summit-candidate:53d0e375c60814f6,yamap_2022-11-26_04_41.gpx,銅山峰・西山・綱繰山・獅子舞の鼻・冠山・平家平,33.8537021,133.3199199,1457.99,2,4,165|166,綱繰山|獅子舞の鼻,165|166|167|321,綱繰山|獅子舞の鼻|冠山|西山,0.85,0.78,resolve_conflict,top1_count=2; top3_count=4; max_score=0.85
summit-candidate:606168b97944fce5,yamap_2024-04-28_10_37.gpx,日浦嶺・打越山,33.5926584,132.8486131,900.0566666666667,2,4,298|520,日浦嶺|牛ノ峯,297|298|299|520,狼ヶ城山|日浦嶺|打越山|牛ノ峯,0.68,0.41,resolve_conflict,top1_count=2; top3_count=4; max_score=0.68
summit-candidate:6756239601754708,yamap_2026-02-14_13_33.gpx,権現山,33.4692555,132.4112445,358.1833333333334,2,4,464|465,飯之山|権現山,436|463|464|465,大峰|大畑山|飯之山|権現山,0.85,0.58,resolve_conflict,top1_count=2; top3_count=4; max_score=0.85
summit-candidate:8078eb6cc96c519a,yamap_2024-10-14_04_48.gpx,三ッ足山・カガマシ山・橡尾山・笹ヶ峰,33.895514,133.6139166,1096.6433333333332,2,4,325|524,三ッ足山|熊鷹山,325|326|327|524,三ッ足山|カガマシ山|橡尾山|熊鷹山,0.85,0.78,resolve_conflict,top1_count=2; top3_count=4; max_score=0.85
summit-candidate:8cef52d6989a94db,yamap_2025-01-30_10_12.gpx,北山,33.9640455,133.4034525,237.66666666666666,2,4,367|368,西の山|北山,130|366|367|368,高文殊山|弥八山|西の山|北山,0.85,0.78,resolve_conflict,top1_count=2; top3_count=4; max_score=0.85
summit-candidate:cfd366be872f9534,yamap_2024-12-22_06_34.gpx,八倉山・行道山・水晶ヶ森,33.7579255,132.7571571,401.8633333333333,2,4,350|351,行道山|水晶ヶ森,349|350|351|352,八倉山|行道山|水晶ヶ森|笹ヶ平山,0.85,0.58,resolve_conflict,top1_count=2; top3_count=4; max_score=0.85
summit-candidate:e084389cc60ad329,yamap_2022-05-05_13_29.gpx,陣ヶ森・前々司山・うなめご,33.7260215,132.9136819,1203.3533333333332,2,4,82|506,陣ヶ森|陣ヶ森,80|81|82|506,うなめご|前々司山|陣ヶ森|陣ヶ森,0.73,0.46,resolve_conflict,top1_count=2; top3_count=4; max_score=0.73
summit-candidate:e75e04c2fbe61c2f,yamap_2024-03-16_09_21.gpx,トギ・張木山・高手山,33.5806252,132.4593069,391.45205218380346,2,4,281|283,トギ|高手山,281|282|283|284,トギ|張木山|高手山|斎藤山,0.85,0.78,resolve_conflict,top1_count=2; top3_count=4; max_score=0.85
summit-candidate:ef5127a689eaf48a,yamap_2022-09-20_14_24.gpx,極山,33.3425963,132.4607227,559.4133333333333,2,4,128|129,狩江権現山|極山,128|129|454|504,狩江権現山|極山|竜王の峰|鉢が森,0.85,0.78,resolve_conflict,top1_count=2; top3_count=4; max_score=0.85
summit-candidate:02fa4cfab6fa90d3,yamap_2022-12-12_08_41.gpx,遠ヶ森,33.7134297,132.824108,731.4733333333334,2,3,168|531,遠ヶ森|扇山,168|169|531,遠ヶ森|扇山|扇山,0.75,0.48,resolve_conflict,top1_count=2; top3_count=3; max_score=0.75
summit-candidate:109bc31ba8b3aa15,yamap_2025-09-21_08_53.gpx,前社ヶ森・剣山・黒川山,33.7755639,133.1209272,1627.0833333333333,2,3,426|427,前社ヶ森|剣山,425|426|427,黒川山|前社ヶ森|剣山,0.85,0.63,resolve_conflict,top1_count=2; top3_count=3; max_score=0.85
summit-candidate:1d97e1955af85092,yamap_2023-12-17_10_30.gpx,平岡山(平岡城址) ,33.7116367,132.7230323,417.80228626332246,2,3,253|254,秦皇山|平岡山(平岡城址),252|253|254,総津権現山|秦皇山|平岡山(平岡城址),0.85,0.78,resolve_conflict,top1_count=2; top3_count=3; max_score=0.85
summit-candidate:2011a6c909945d6f,yamap_2026-04-12_11_03.gpx,権現山,33.8390197,132.7201785,102.87,2,3,37|494,日王山|権現山,37|378|494,日王山|要害山|権現山,0.79,0.72,resolve_conflict,top1_count=2; top3_count=3; max_score=0.79
summit-candidate:25e47e34740282d2,yamap_2022-10-28_06_21.gpx,割石峠山・石墨山・法師山・白猪山・根無山・樽谷山・梅ヶ谷山,33.7336817,132.9534746,1313.3500000000001,2,3,154|156,法師山|梅ヶ谷山,153|154|156,石墨山|法師山|梅ヶ谷山,0.75,0.48,resolve_conflict,top1_count=2; top3_count=3; max_score=0.75
summit-candidate:3b98b67bbe0fe0f9,yamap_2022-05-22_08_09.gpx,石鎚山・天狗岳・南尖峰,33.7675949,133.1152818,1979.1701508543217,2,3,93|233,南尖峰|天狗岳,93|233|234,南尖峰|天狗岳|石鎚山,0.68,0,resolve_conflict,top1_count=2; top3_count=3; max_score=0.68
summit-candidate:47b61397fb9c5d3f,yamap_2025-02-24_10_12.gpx,霊仙山,34.0105612,133.0203144,152.43333333333337,2,3,381|382,霊仙山|若いもん山,381|382|383,霊仙山|若いもん山|無宗天山,0.85,0.78,resolve_conflict,top1_count=2; top3_count=3; max_score=0.85
summit-candidate:50aa5073a99759cf,yamap_2022-06-18_14_26.gpx,立石山,34.280645,133.1726806,133.6903994266386,2,3,99|100,鉢巻山|立石山,98|99|100,積善山|鉢巻山|立石山,0.68,0.41,resolve_conflict,top1_count=2; top3_count=3; max_score=0.68
summit-candidate:59c561a08189d6b9,yamap_2022-01-29_08_35.gpx,皿ヶ森・経座ヶ森・ヨソ山,33.8233656,132.9413939,630.2399999999999,2,3,11|12,皿ヶ森|経座ヶ森,11|12|58,皿ヶ森|経座ヶ森|ヨソ山,0.85,0.78,resolve_conflict,top1_count=2; top3_count=3; max_score=0.85
summit-candidate:6b62cbb916ef874d,yamap_2025-12-14_08_56.gpx,梁瀬山・紅葉山,33.4920833,132.5614224,371.28,2,3,444|445,紅葉山|梁瀬山,443|444|445,根太山|紅葉山|梁瀬山,0.85,0.78,resolve_conflict,top1_count=2; top3_count=3; max_score=0.85
summit-candidate:74dd1729abbd7bb5,yamap_2023-01-03_07_36.gpx,福見山・河原樋山・真松嶺・柿王寺森,33.8887442,132.8659698,538.9699999999999,2,3,183|184,真松嶺|柿王寺森,182|183|184,河原樋山|真松嶺|柿王寺森,0.85,0.78,resolve_conflict,top1_count=2; top3_count=3; max_score=0.85
summit-candidate:76cc7bb75549e7a1,yamap_2024-04-20_05_43.gpx,気多山・八辻ノ峰・五代ヶ森,33.7367329,133.0832761,1709.1566666666668,2,3,294|295,八辻ノ峰|五代ヶ森,293|294|295,気多山|八辻ノ峰|五代ヶ森,0.85,0.78,resolve_conflict,top1_count=2; top3_count=3; max_score=0.85
summit-candidate:7ceb76663c2bb81b,yamap_2022-04-08_09_33.gpx,鬼ヶ城山・大久保山・八面山・三本杭・横ノ森・小屋ヶ森・毛山,33.1905947,132.6094331,1155.4333072605007,2,3,60|63,鬼ヶ城山|大久保山,60|62|63,鬼ヶ城山|八面山|大久保山,0.85,0.78,resolve_conflict,top1_count=2; top3_count=3; max_score=0.85
summit-candidate:7d7066baad9d7077,yamap_2022-03-03_10_47.gpx,奥之城山・ヌタノサコ,33.8922068,132.8273765,505.77666666666664,2,3,28|40,岩柄山|ヌタノサコ,28|40|232,岩柄山|ヌタノサコ|奥之城山,0.85,0.78,resolve_conflict,top1_count=2; top3_count=3; max_score=0.85
summit-candidate:82d3009a6c1b2511,yamap_2022-10-03_14_57.gpx,雄甲山・雌甲山,33.9465786,132.799306,218.9593458353185,2,3,134|135,雄甲山|雌甲山,46|134|135,道後山|雄甲山|雌甲山,0.79,0.72,resolve_conflict,top1_count=2; top3_count=3; max_score=0.79
summit-candidate:8f25ad4ff380df77,yamap_2026-03-06_09_00.gpx,世田山・笠松山東峰・笠松山,33.9820342,133.0334752,346.8866666666666,2,3,114|477,世田山|笠松山東峰,114|115|477,世田山|笠松山|笠松山東峰,0.85,0.78,resolve_conflict,top1_count=2; top3_count=3; max_score=0.85
summit-candidate:9d5a3bd31bedfeda,yamap_2022-08-26_08_45.gpx,世田山・笠松山,33.9792546,133.0397832,356.6686284540569,2,3,115|518,笠松山|笠松山,114|115|518,世田山|笠松山|笠松山,0.85,0.58,resolve_conflict,top1_count=2; top3_count=3; max_score=0.85
summit-candidate:a0ef25e9a532b62e,yamap_2022-02-06_08_26.gpx,谷上山・権現山・白滝山・障子山,33.7052794,132.7652806,888.5027304594954,2,3,16|519,障子山|蒲山,16|519|520,障子山|蒲山|牛ノ峯,0.68,0.41,resolve_conflict,top1_count=2; top3_count=3; max_score=0.68
summit-candidate:aadeb26cf0359691,yamap_2022-10-14_12_05.gpx,高戸山,33.9054103,132.6682142,112.67333333333333,2,3,140|142,高戸山|泰の山,140|141|142,高戸山|犬吠山|泰の山,0.68,0.41,resolve_conflict,top1_count=2; top3_count=3; max_score=0.68
summit-candidate:b73a23fa4b3abc39,yamap_2023-09-06_13_30.gpx,冠岳,33.728215,133.1156537,1375.6266666666668,2,3,238|435,冠岳|東ノ冠岳,108|238|435,西ノ冠岳|冠岳|東ノ冠岳,0.85,0.78,resolve_conflict,top1_count=2; top3_count=3; max_score=0.85
summit-candidate:dba931625b34d9ac,yamap_2023-10-13_10_02.gpx,ベツソ山・歯朶谷山,33.741489,132.7329923,313.21999999999997,2,3,241|242,ベツソ山|歯朶谷山,151|241|242,冨士山|ベツソ山|歯朶谷山,0.85,0.58,resolve_conflict,top1_count=2; top3_count=3; max_score=0.85
summit-candidate:e2c08955f9275289,yamap_2024-10-20_06_42.gpx,ハネズル山,33.88745,133.4510092,1291.8700000000001,2,3,329|527,ハネズル山|兵庫山,329|330|527,ハネズル山|天堤山|兵庫山,0.85,0.58,resolve_conflict,top1_count=2; top3_count=3; max_score=0.85
summit-candidate:fbd725fc8006e2c8,yamap_2022-02-28_13_13.gpx,花木山,34.0752611,132.9233053,50.49,2,3,38|39,重茂山|花木山,38|39|149,重茂山|花木山|すくも山,0.85,0.58,resolve_conflict,top1_count=2; top3_count=3; max_score=0.85
summit-candidate:159deb385560c198,yamap_2022-06-20_12_02.gpx,安神山・鷲ヶ頭山,34.2396526,133.0209828,436.9143046126708,2,2,101|102,鷲ヶ頭山|安神山,101|102,鷲ヶ頭山|安神山,0.68,0.61,resolve_conflict,top1_count=2; top3_count=2; max_score=0.68
summit-candidate:17a471cc45af2c05,yamap_2025-04-27_06_23.gpx,野地峰・黒岩山・大野山,33.833662,133.4735407,1270.3933333333332,2,2,411|513,野地峰|大野山,411|513,野地峰|大野山,0.68,0.41,resolve_conflict,top1_count=2; top3_count=2; max_score=0.68
summit-candidate:367897a1c7a2d287,yamap_2023-05-27_09_55.gpx,前善神山・善神山,33.737749,132.9184402,1089.5833333333333,2,2,235|236,善神山|前善神山,235|236,善神山|前善神山,0.85,0.78,resolve_conflict,top1_count=2; top3_count=2; max_score=0.85
summit-candidate:403c0894babcf279,yamap_2025-06-21_08_53.gpx,貝渚山・水なし山,33.5339268,132.9213872,1403.506666666667,2,2,414|415,水なし山|貝渚山,414|415,水なし山|貝渚山,0.75,0.48,resolve_conflict,top1_count=2; top3_count=2; max_score=0.75
summit-candidate:422a9e74717ca96d,yamap_2025-04-19_07_10.gpx,小屋山・丸石山,33.5012064,132.8649354,1341.5,2,2,409|410,小屋山|丸石山,409|410,小屋山|丸石山,0.75,0.48,resolve_conflict,top1_count=2; top3_count=2; max_score=0.75
summit-candidate:43911aa413390192,yamap_2022-06-29_08_48.gpx,横山(横山城址),33.9200756,132.807533,449.0333333333333,2,2,30|104,勝岡山|横山(横山城址),30|104,勝岡山|横山(横山城址),0.85,0.78,resolve_conflict,top1_count=2; top3_count=2; max_score=0.85
summit-candidate:5771cdd191c3861d,yamap_2023-10-22_06_44.gpx,二ノ岳・高森,33.8259035,133.1757371,1351.1733333333334,2,2,245|530,高森|三ヶ森,245|530,高森|三ヶ森,0.63,0.56,resolve_conflict,top1_count=2; top3_count=2; max_score=0.63
summit-candidate:69652a1c97f3b2eb,yamap_2025-09-27_06_52.gpx,東光森山・別子山,33.8353414,133.4313475,1369.4399999999998,2,2,429|439,別子山|天満山,429|439,別子山|天満山,0.75,0.48,resolve_conflict,top1_count=2; top3_count=2; max_score=0.75
summit-candidate:75832271d4e4d0ba,yamap_2022-07-14_09_57.gpx,小富士,33.8816318,132.6714828,281.5,2,2,110|111,小富士|龍石山,110|111,小富士|龍石山,0.68,0.41,resolve_conflict,top1_count=2; top3_count=2; max_score=0.68
summit-candidate:777bcc5c6ed2c27e,yamap_2026-03-17_06_58.gpx,大ノ森,33.7182406,133.056812,1317.4533333333331,2,2,488|528,大ノ森|生之越,488|528,大ノ森|生之越,0.85,0.78,resolve_conflict,top1_count=2; top3_count=2; max_score=0.85
summit-candidate:7a1f0e8b5f9e5cc2,yamap_2022-04-15_11_52.gpx,皿ヶ嶺・引地山,33.7157017,132.8951897,1277.043085490437,2,2,65|217,引地山|皿ヶ嶺,65|217,引地山|皿ヶ嶺,0.8,0.53,resolve_conflict,top1_count=2; top3_count=2; max_score=0.8
summit-candidate:d5a6fcb592162088,yamap_2026-04-29_06_34.gpx,面木山・黒森,33.8136584,133.0127568,981.2133333333335,2,2,497|523,面木山|常住,497|523,面木山|常住,0.75,0.48,resolve_conflict,top1_count=2; top3_count=2; max_score=0.75
summit-candidate:d9391b001d4bc442,yamap_2022-02-16_11_57.gpx,愛宕山・常光寺山,33.8494454,132.7983769,120.82333333333334,2,2,25|26,愛宕山|常光寺山,25|26,愛宕山|常光寺山,0.85,0.78,resolve_conflict,top1_count=2; top3_count=2; max_score=0.85
summit-candidate:dedadc05e5f6d5d5,yamap_2025-03-23_11_12.gpx,北ヶ森・高土の峰,33.6707038,132.8271198,1008.4066666666666,2,2,395|396,北ヶ森|高土の峰,395|396,北ヶ森|高土の峰,0.75,0.48,resolve_conflict,top1_count=2; top3_count=2; max_score=0.75
summit-candidate:ee9d736a090185dd,yamap_2022-04-22_17_29.gpx,碁石ヶ森,33.4823808,132.8861266,1188.1187548490348,2,2,71|526,碁石ヶ森|大旗山,71|526,碁石ヶ森|大旗山,0.85,0.78,resolve_conflict,top1_count=2; top3_count=2; max_score=0.85
summit-candidate:f028aab45221cee6,yamap_2025-12-20_07_28.gpx,池ノ城山,33.6093279,132.8006087,599.1233333333333,2,2,446|508,池ノ城山|三石山,446|508,池ノ城山|三石山,0.79,0.72,resolve_conflict,top1_count=2; top3_count=2; max_score=0.79
summit-candidate:f676e5a22f523492,yamap_2022-10-21_12_15.gpx,愛ノ山,33.8924606,133.0391092,211.39459610568747,2,2,149|150,すくも山|愛ノ山,149|150,すくも山|愛ノ山,0.79,0.72,resolve_conflict,top1_count=2; top3_count=2; max_score=0.79
summit-candidate:19ab381ef6c337af,yamap_2026-02-22_07_32.gpx,高森山・町木山・寒台山・鎧掛山,33.5275826,132.7817668,993.1336935716172,1,10,468,町木山,285|433|459|466|467|468|469|470|501|523,御祝山|大森山|高森山|大森山|高森山|町木山|寒台山|鎧掛山|大森山|常住,0.79,0.52,accept,top1_count=1; top3_count=10; max_score=0.79
summit-candidate:468c5bbccd8aba53,yamap_2024-01-27_13_31.gpx,宝股山,34.212287,133.0867989,300.6033333333333,1,9,259,宝股山,38|257|258|259|260|310|372|383|477,重茂山|大空山|御串山|宝股山|開山|薬師山|亀老山|無宗天山|笠松山東峰,0.68,0.61,accept,top1_count=1; top3_count=9; max_score=0.68
summit-candidate:71f4bbfe52f75585,yamap_2022-12-25_12_44.gpx,唐子山,34.0274965,133.032579,108.91779584922217,1,9,174,唐子山,170|171|172|173|174|175|176|177|392,高山|塔ノ峰|海山|近見山|唐子山|医王山|永納山(永納山城址)|佐々久山|高山,0.85,0.58,accept,top1_count=1; top3_count=9; max_score=0.85
summit-candidate:047b9599ec28c6ad,yamap_2023-01-08_09_18.gpx,権現山,32.9109139,132.4871509,368.9381628408408,1,8,198,権現山,34|189|191|198|252|311|465|494,護摩ヶ森|権現山|岡山（岡城址）|権現山|総津権現山|子持権現山|権現山|権現山,0.68,0.41,accept,top1_count=1; top3_count=8; max_score=0.68
summit-candidate:db51ae1b2be57eea,yamap_2022-05-07_07_14.gpx,寒川山・鋸山・七々木山・豊受山・赤星山,33.9193511,133.4578173,1451.0833333333333,1,8,85,赤星山,83|84|85|86|87|88|89|432,寒川山|豊受山|赤星山|七々木山|鋸山|翠波峰|平石山|三つ足山,0.85,0.78,accept,top1_count=1; top3_count=8; max_score=0.85
summit-candidate:16e9de2bedeb2d1c,yamap_2022-10-28_06_21.gpx,割石峠山・石墨山・法師山・白猪山・根無山・樽谷山・梅ヶ谷山,33.7433387,132.9562696,1252.3999999999999,1,7,157,樽谷山,152|153|154|155|156|157|158,割石峠山|石墨山|法師山|白猪山|梅ヶ谷山|樽谷山|根無山,0.75,0.48,accept,top1_count=1; top3_count=7; max_score=0.75
summit-candidate:27c1036d4aa2230e,yamap_2022-04-08_09_33.gpx,鬼ヶ城山・大久保山・八面山・三本杭・横ノ森・小屋ヶ森・毛山,33.1812975,132.6194355,1167.5519282683324,1,7,62,八面山,60|61|62|63|287|288|290,鬼ヶ城山|三本杭|八面山|大久保山|小屋ヶ森|串ヶ森|長尾森,0.85,0.58,accept,top1_count=1; top3_count=7; max_score=0.85
summit-candidate:36e3ac8003e8b5d0,yamap_2022-01-28_12_28.gpx,尾ノ峰・新城山・腰折山・恵良山,33.9989521,132.785492,190.94333333333336,1,7,7,尾ノ峰,7|8|9|10|33|135|314,尾ノ峰|新城山|腰折山|恵良山|経ヶ森|雌甲山|宅並山,0.85,0.78,accept,top1_count=1; top3_count=7; max_score=0.85
summit-candidate:446b5fe1e7a8b2fd,yamap_2023-03-11_06_08.gpx,福見山・明神ヶ森・南三方ヶ森・魚谷森・左谷ノ森,33.8893781,132.9018403,1048.2366666666665,1,7,210,福見山,210|211|212|213|236|323|487,福見山|明神ヶ森|南三方ヶ森|魚谷森|前善神山|二の森|高研山,0.68,0.41,accept,top1_count=1; top3_count=7; max_score=0.68
summit-candidate:6198ad7009d86ec2,yamap_2022-04-22_14_13.gpx,雨包山,33.4536468,132.8065716,1117.4867674520622,1,7,69,雨包山,67|68|69|70|71|441|525,甲が森|三滝山|雨包山|源氏ヶ駄場（薊野峰）|碁石ヶ森|地蔵山|櫛ヶ峰,0.85,0.58,accept,top1_count=1; top3_count=7; max_score=0.85
summit-candidate:ab7edbc3a52d24bf,yamap_2023-01-28_12_19.gpx,谷田山・金毘羅山,33.8919295,132.7535894,58.70666666666667,1,7,204,金毘羅山,178|202|203|204|205|206|207,土亀山|鳥越山|谷田山|金毘羅山|佐古田山|古城山|尾崎山,0.79,0.72,accept,top1_count=1; top3_count=7; max_score=0.79
summit-candidate:f12898f5821b63b8,yamap_2024-12-08_06_59.gpx,本尊山・秋葉山・立烏帽子山・明神山,33.6910161,132.6669514,530.1166666666667,1,7,342,立烏帽子山,340|341|342|343|502|503|511,本尊山|秋葉山|立烏帽子山|明神山|うつむき山|妙見山|秋葉山,0.85,0.78,accept,top1_count=1; top3_count=7; max_score=0.85
summit-candidate:12c27f259b66de80,yamap_2024-03-30_07_11.gpx,御祝山・横ノ森・小屋ヶ森・串ヶ森・目黒鳥屋・長尾森,33.1850023,132.6371878,1201.04,1,6,286,横ノ森,285|286|287|288|289|290,御祝山|横ノ森|小屋ヶ森|串ヶ森|目黒鳥屋|長尾森,0.73,0.46,accept,top1_count=1; top3_count=6; max_score=0.73
summit-candidate:1c085703f9a891aa,yamap_2025-08-15_12_44.gpx,正木ノ森,33.4903782,133.0130292,1363.1366666666665,1,6,420,正木ノ森,97|419|420|421|422|439,牛城|小牛城|正木ノ森|五段城|天狗ノ森|天満山,0.85,0.58,accept,top1_count=1; top3_count=6; max_score=0.85
summit-candidate:4311f3ae9948ea08,yamap_2023-03-29_05_31.gpx,えんとつ山・生子山・犬返・種子川山・西赤石山・物住頭・上兜山・下兜山,33.8989598,133.3586627,1239.3733333333334,1,6,225,下兜山,218|219|220|221|224|225,えんとつ山|生子山|犬返|種子川山|上兜山|下兜山,0.85,0.58,accept,top1_count=1; top3_count=6; max_score=0.85
summit-candidate:4b33f9c73e644793,yamap_2022-05-15_06_10.gpx,割石東山・青滝山・堂ヶ森,33.7587783,132.9928848,1076.4162189328617,1,6,90,割石東山,90|91|92|137|235|236,割石東山|青滝山|堂ヶ森|東山|善神山|前善神山,0.85,0.58,accept,top1_count=1; top3_count=6; max_score=0.85
summit-candidate:5104c47f17101d63,yamap_2022-10-08_06_12.gpx,東山・西赤石山・物住頭・前赤石山・東赤石山・八巻山,33.8754953,133.3399899,1621.9866666666667,1,6,180,東山,138|180|222|223|239|240,前赤石山|東山|西赤石山|物住頭|東赤石山|八巻山,0.85,0.78,accept,top1_count=1; top3_count=6; max_score=0.85
summit-candidate:8178723bbadb1c72,yamap_2023-01-06_11_33.gpx,岩子山・垣生山・津田山・弁天山,33.8442998,132.7151969,123.67,1,6,188,弁天山,26|112|185|186|187|188,常光寺山|子持山|岩子山|垣生山|津田山|弁天山,0.85,0.78,accept,top1_count=1; top3_count=6; max_score=0.85
summit-candidate:e2bdd25969c7f122,yamap_2022-10-08_06_12.gpx,東山・西赤石山・物住頭・前赤石山・東赤石山・八巻山,33.8762013,133.3626992,1651.7766666666666,1,6,138,前赤石山,138|180|222|223|239|240,前赤石山|東山|西赤石山|物住頭|東赤石山|八巻山,0.79,0.52,accept,top1_count=1; top3_count=6; max_score=0.79
summit-candidate:fe43b0b6aa90cb8f,yamap_2022-07-02_07_43.gpx,石鎚山・西ノ冠岳・面河の頭・二ノ森・鞍瀬ノ頭,33.7697167,133.1131197,1920.7933333333333,1,6,106,二ノ森,105|106|107|108|238|435,鞍瀬ノ頭|二ノ森|面河の頭|西ノ冠岳|冠岳|東ノ冠岳,0.73,0.35,accept,top1_count=1; top3_count=6; max_score=0.73
summit-candidate:07834c521328cc1d,yamap_2022-03-05_09_44.gpx,城山・水梨山・向山,33.6848511,132.7812374,707.7550916004999,1,5,43,向山,42|43|57|408|510,水梨山|向山|十門山(十門城址)|笠成山|水無権現,0.79,0.52,accept,top1_count=1; top3_count=5; max_score=0.79
summit-candidate:0cc40babcd0ce6bf,yamap_2025-01-30_06_55.gpx,弥八山,34.0273223,133.5919989,261.15000000000003,1,5,366,弥八山,366|367|368|369|370,弥八山|西の山|北山|垣生山|金子山,0.85,0.58,accept,top1_count=1; top3_count=5; max_score=0.85
summit-candidate:2ab43729f5e80cbe,yamap_2024-03-10_07_12.gpx,夫婦山・白山・観音山・国見山・城山・御勧請山,33.9003229,132.8034521,376.3033333333333,1,5,278,国見山,275|276|277|278|280,夫婦山|白山|観音山|国見山|御勧請山,0.85,0.78,accept,top1_count=1; top3_count=5; max_score=0.85
summit-candidate:498b9618ca98fa34,yamap_2024-04-28_10_37.gpx,日浦嶺・打越山,33.6118803,132.8524765,854.2033333333333,1,5,299,打越山,297|298|299|517|519,狼ヶ城山|日浦嶺|打越山|大熊山|蒲山,0.68,0.41,accept,top1_count=1; top3_count=5; max_score=0.68
summit-candidate:4d0f5f75da9165b8,yamap_2022-09-15_12_35.gpx,石灰山・古法皇山,34.2665635,133.2120741,269.75333333333333,1,5,127,古法皇山,123|124|125|126|127,三山|伊勢山|久司山|石灰山|古法皇山,0.68,0.41,accept,top1_count=1; top3_count=5; max_score=0.68
summit-candidate:50d68ea03af3c4ff,yamap_2022-04-22_11_13.gpx,甲が森,33.3884297,132.7572928,456.7219376700282,1,5,67,甲が森,67|68|69|70|71,甲が森|三滝山|雨包山|源氏ヶ駄場（薊野峰）|碁石ヶ森,0.85,0.78,accept,top1_count=1; top3_count=5; max_score=0.85
summit-candidate:53bf856dccad5eab,yamap_2025-04-27_06_23.gpx,野地峰・黒岩山・大野山,33.8369517,133.454669,1397.78,1,5,413,大野山,411|412|413|434|513,野地峰|黒岩山|大野山|佐々連尾山|大野山,0.73,0.46,accept,top1_count=1; top3_count=5; max_score=0.73
summit-candidate:615a70cf4401199b,yamap_2022-11-14_13_02.gpx,出石山,33.5350475,132.4654448,822.6353431394673,1,5,164,出石山,164|324|404|515|516,出石山|一の森|コクゾ峰|星ヶ森|草屋敷,0.69,0.42,accept,top1_count=1; top3_count=5; max_score=0.69
summit-candidate:62351b8782d6f597,yamap_2024-02-24_07_06.gpx,高月山・東高月山・郭公岳・櫨ヶ森・毛山,33.213477,132.6419476,1191.8999999999999,1,5,267,東高月山,266|267|268|269|526,郭公岳|東高月山|高月山|櫨ヶ森|大旗山,0.69,0.42,accept,top1_count=1; top3_count=5; max_score=0.69
summit-candidate:6adfa15b8dbd8966,yamap_2026-02-07_07_21.gpx,牛の峰・尻高峰,33.5381203,132.4689665,756.9766666666668,1,5,461,尻高峰,136|230|460|461|462,泉ガ森|木久ヶ森|牛の峰|尻高峰|鞍掛山,0.67,0.4,accept,top1_count=1; top3_count=5; max_score=0.67
summit-candidate:86e4db352b85ced4,yamap_2025-02-09_11_27.gpx,高取山,34.1597225,133.0770866,235.75333333333333,1,5,373,カレイ山,373|374|375|376|377,カレイ山|念仏山|大頭山|高取山|八幡山,0.68,0.61,accept,top1_count=1; top3_count=5; max_score=0.68
summit-candidate:8ff6361109e5ed5c,yamap_2025-03-20_08_27.gpx,高山・大里山・泰ノ山,33.9651048,132.6367544,121.16666666666667,1,5,29,高山,29|170|392|393|394,高山|高山|高山|泰ノ山|大里山,0.67,0.4,accept,top1_count=1; top3_count=5; max_score=0.67
summit-candidate:9a0532ee2b40e5f3,yamap_2023-11-19_06_46.gpx,瀬戸黒森・三森・羽子山・観音森,33.0274144,132.6396303,725.5,1,5,249,羽子山,248|249|250|251|479,瀬戸黒森|羽子山|観音森|三森|四本松,0.85,0.78,accept,top1_count=1; top3_count=5; max_score=0.85
summit-candidate:a5f51c62e44d0847,yamap_2023-01-08_14_24.gpx,黒瀬山(黒瀬城址)・岡山(岡山城址)・鉢ヶ森(鉢ヶ森城址)・護摩ヶ森(護摩ヶ森城址)・我合山(...,33.3541563,132.5087392,379.3966666666667,1,5,193,護摩ヶ森（護摩ヶ森城址）,190|191|192|193|194,黒瀬山（黒瀬城址）|岡山（岡城址）|鉢ヶ森（鉢ヶ森城址）|護摩ヶ森（護摩ヶ森城址）|我合山（我合城址）,0.85,0.78,accept,top1_count=1; top3_count=5; max_score=0.85
summit-candidate:a660f8ef78c69ab0,yamap_2023-01-08_14_24.gpx,黒瀬山(黒瀬城址)・岡山(岡山城址)・鉢ヶ森(鉢ヶ森城址)・護摩ヶ森(護摩ヶ森城址)・我合山(...,33.3548241,132.5023048,432.21000000000004,1,5,192,鉢ヶ森（鉢ヶ森城址）,128|190|192|193|194,狩江権現山|黒瀬山（黒瀬城址）|鉢ヶ森（鉢ヶ森城址）|護摩ヶ森（護摩ヶ森城址）|我合山（我合城址）,0.85,0.78,accept,top1_count=1; top3_count=5; max_score=0.85
summit-candidate:bf2b3499e08da2df,yamap_2022-10-19_16_00.gpx,西港山・大丸山・港山,33.8685514,132.7112215,47.879999999999995,1,5,146,西港山,59|146|147|148|471,忽那山|西港山|大丸山|港山|花見山,0.85,0.58,accept,top1_count=1; top3_count=5; max_score=0.85
summit-candidate:c6ced2088a2376f5,yamap_2023-01-21_12_43.gpx,石神山・金比羅山,33.4565633,132.2726227,225.95666666666668,1,5,201,金比羅山,196|197|199|200|201,大森山|見晴山|遠見山|石神山|金比羅山,0.79,0.52,accept,top1_count=1; top3_count=5; max_score=0.79
summit-candidate:d71483d289d0c575,yamap_2025-01-24_13_34.gpx,御篠山・松葉山（松葉城址）・烏殿,33.384401,132.5180668,583.88,1,5,361,烏殿,129|360|361|362|438,極山|松葉山（松葉城址）|烏殿|御篠山|堂所山,0.85,0.78,accept,top1_count=1; top3_count=5; max_score=0.85
summit-candidate:d8270fc572efc0b2,yamap_2024-12-15_07_21.gpx,陣が森・岩が森・スクモ塚・高萩山・長者森,33.99782,132.8482925,279.05333333333334,1,5,346,スクモ塚,344|345|346|347|348,陣が森|岩が森|スクモ塚|高萩山|長者森,0.85,0.58,accept,top1_count=1; top3_count=5; max_score=0.85
summit-candidate:ea6bebee79234da7,yamap_2022-05-05_13_29.gpx,陣ヶ森・前々司山・うなめご,33.7301727,132.9307483,1276.53,1,5,80,うなめご,80|81|82|217|506,うなめご|前々司山|陣ヶ森|皿ヶ嶺|陣ヶ森,0.73,0.46,accept,top1_count=1; top3_count=5; max_score=0.73
summit-candidate:f7e5fd7b11eb7bd4,yamap_2024-02-24_07_06.gpx,高月山・東高月山・郭公岳・櫨ヶ森・毛山,33.2001402,132.60837,1084.0533333333333,1,5,269,櫨ヶ森,266|267|268|269|270,郭公岳|東高月山|高月山|櫨ヶ森|毛山,0.85,0.78,accept,top1_count=1; top3_count=5; max_score=0.85
summit-candidate:00dfcd8bd36a1f00,yamap_2025-08-15_11_47.gpx,五段城,33.4728129,132.9862432,1452.0633333333335,1,4,421,五段城,419|420|421|422,小牛城|正木ノ森|五段城|天狗ノ森,0.78,0.51,accept,top1_count=1; top3_count=4; max_score=0.78
summit-candidate:0dea5d073885dc9d,yamap_2024-10-05_06_40.gpx,銅山峰・西山・三の森・二の森・一の森,33.8793776,133.3116827,831.0900000000001,1,4,324,一の森,320|322|323|324,銅山峰|三の森|二の森|一の森,0.85,0.78,accept,top1_count=1; top3_count=4; max_score=0.85
summit-candidate:0f09bdcc25daff65,yamap_2025-02-24_07_30.gpx,無宗天山,34.0386314,132.8923059,311.96,1,4,383,無宗天山,381|382|383|477,霊仙山|若いもん山|無宗天山|笠松山東峰,0.85,0.78,accept,top1_count=1; top3_count=4; max_score=0.85
summit-candidate:19713e48698f3e2a,yamap_2025-09-07_08_00.gpx,鶴ノ子ノ頭・石鎚山,33.768961,133.1134874,1967.0036586656968,1,4,234,石鎚山,93|233|234|423,南尖峰|天狗岳|石鎚山|鶴ノ子ノ頭,0.68,0.41,accept,top1_count=1; top3_count=4; max_score=0.68
summit-candidate:242762a3c600ff91,yamap_2022-05-15_06_10.gpx,割石東山・青滝山・堂ヶ森,33.7620048,133.0352237,1301.993333333333,1,4,91,青滝山,91|329|527|528,青滝山|ハネズル山|兵庫山|生之越,0.75,0.48,accept,top1_count=1; top3_count=4; max_score=0.75
summit-candidate:282882317c3aab0b,yamap_2024-02-17_05_38.gpx,大黒山・譲ヶ葉森,33.1093173,132.663091,1106.79,1,4,525,櫛ヶ峰,256|264|512|525,大黒山|大黒山|黒山|櫛ヶ峰,0.68,0.41,accept,top1_count=1; top3_count=4; max_score=0.68
summit-candidate:2c1cbc474e49f1ec,yamap_2025-01-24_13_34.gpx,御篠山・松葉山（松葉城址）・烏殿,33.372906,132.5153141,387.82666666666665,1,4,362,御篠山,360|361|362|450,松葉山（松葉城址）|烏殿|御篠山|高雄山,0.85,0.78,accept,top1_count=1; top3_count=4; max_score=0.85
summit-candidate:49147712961a83be,yamap_2025-04-09_06_48.gpx,新谷神南山・五十崎神南山,33.5174638,132.6333302,708.9699999999999,1,4,407,五十崎神南山,406|407|456|510,新谷神南山|五十崎神南山|鎌倉山|水無権現,0.68,0.41,accept,top1_count=1; top3_count=4; max_score=0.68
summit-candidate:507809fc1a4b9e4e,yamap_2022-09-15_11_50.gpx,久司山,34.2444484,133.2061963,136.67,1,4,125,久司山,123|125|126|127,三山|久司山|石灰山|古法皇山,0.68,0.41,accept,top1_count=1; top3_count=4; max_score=0.68
summit-candidate:6b19d2116121b615,yamap_2026-02-07_11_17.gpx,鞍掛山,33.4883211,132.4618686,624.4499999999999,1,4,462,鞍掛山,460|461|462|463,牛の峰|尻高峰|鞍掛山|大畑山,0.75,0.48,accept,top1_count=1; top3_count=4; max_score=0.75
summit-candidate:6b97922a3935a9a5,yamap_2025-09-21_08_53.gpx,前社ヶ森・剣山・黒川山,33.7968869,133.1208698,1354.6866666666667,1,4,425,黒川山,425|426|427|530,黒川山|前社ヶ森|剣山|三ヶ森,0.79,0.72,accept,top1_count=1; top3_count=4; max_score=0.79
summit-candidate:7749b785ef007c1a,yamap_2025-01-11_08_43.gpx,尉之山・小山岳,33.7568663,132.8499505,430.1766666666667,1,4,358,小山岳,30|104|357|358,勝岡山|横山(横山城址)|尉之山|小山岳,0.75,0.48,accept,top1_count=1; top3_count=4; max_score=0.75
summit-candidate:7880c9d0de83468b,yamap_2023-04-18_06_58.gpx,船野山,33.8031315,132.9547814,452.99666666666667,1,4,229,船野山,5|229|230|231,衣掛山|船野山|木久ヶ森|黒滝山,0.73,0.66,accept,top1_count=1; top3_count=4; max_score=0.73
summit-candidate:8251283605282249,yamap_2022-09-26_12_07.gpx,三本榎,34.2867345,132.9886798,246.47333333333336,1,4,131,三本榎,36|131|132|304,石槌山|三本榎|鏡山|青刈山,0.68,0.41,accept,top1_count=1; top3_count=4; max_score=0.68
summit-candidate:84f974876f397da1,yamap_2024-02-10_13_09.gpx,権現山,33.1592369,132.4691277,498.7563056512352,1,4,263,権現山,261|262|263|480,鳥屋ヶ森|熊ガ峰|権現山|権現山,0.85,0.78,accept,top1_count=1; top3_count=4; max_score=0.85
summit-candidate:a53cc9868b7f2f70,yamap_2024-03-03_08_44.gpx,観音岳,33.0342378,132.5322872,780.6233333333334,1,4,272,観音岳,271|272|273|274,白石山|観音岳|音無山|天ガ森,0.78,0.51,accept,top1_count=1; top3_count=4; max_score=0.78
summit-candidate:a9a2a270fb6273fe,yamap_2022-10-19_16_00.gpx,西港山・大丸山・港山,33.8724674,132.7108146,63.77666666666667,1,4,147,大丸山,146|147|148|243,西港山|大丸山|港山|丸山,0.79,0.52,accept,top1_count=1; top3_count=4; max_score=0.79
summit-candidate:ab8cf0f07d2a219d,yamap_2022-03-12_08_31.gpx,菊ヶ森,33.859723,132.8152899,145.66,1,4,45,菊ヶ森,45|46|113|485,菊ヶ森|道後山|大峰ヶ台|野津子山,0.85,0.78,accept,top1_count=1; top3_count=4; max_score=0.85
summit-candidate:ac7a1ebef52ea30c,yamap_2022-01-28_12_28.gpx,尾ノ峰・新城山・腰折山・恵良山,33.9926561,132.7813592,156.4466666666667,1,4,8,新城山,7|8|10|424,尾ノ峰|新城山|恵良山|千秋寺山,0.85,0.58,accept,top1_count=1; top3_count=4; max_score=0.85
summit-candidate:bcc05b721653749f,yamap_2024-12-15_07_21.gpx,陣が森・岩が森・スクモ塚・高萩山・長者森,34.0073425,132.8450021,290.3833333333333,1,4,348,長者森,38|346|347|348,重茂山|スクモ塚|高萩山|長者森,0.85,0.58,accept,top1_count=1; top3_count=4; max_score=0.85
summit-candidate:bd8fda9e743f2008,yamap_2026-02-07_07_21.gpx,牛の峰・尻高峰,33.54274,132.4754911,681.2333333333333,1,4,460,牛の峰,460|461|462|509,牛の峰|尻高峰|鞍掛山|感応寺山,0.79,0.72,accept,top1_count=1; top3_count=4; max_score=0.79
summit-candidate:be07cff01023e072,yamap_2023-04-09_09_08.gpx,菊ヶ森・餓鬼ヶ森,33.6908158,132.9052102,950.8066666666667,1,4,228,餓鬼ヶ森,227|228|493|518,菊ヶ森|餓鬼ヶ森|三郷の辻|笠松山,0.85,0.78,accept,top1_count=1; top3_count=4; max_score=0.85
summit-candidate:d5d39ec66a34deb5,yamap_2026-03-21_14_58.gpx,雨霧山,33.5549522,132.8679548,1235.86,1,4,492,雨霧山,489|490|491|492,雨乞山|妙見森|笹峠山|雨霧山,0.85,0.78,accept,top1_count=1; top3_count=4; max_score=0.85
summit-candidate:e7e4429a39f6359f,yamap_2022-05-05_13_29.gpx,陣ヶ森・前々司山・うなめご,33.7306327,132.9237927,1250.17,1,4,81,前々司山,80|81|82|506,うなめご|前々司山|陣ヶ森|陣ヶ森,0.75,0.48,accept,top1_count=1; top3_count=4; max_score=0.75
summit-candidate:eb031d650d8e9a7a,yamap_2026-03-08_08_05.gpx,峰畑山,33.9835402,133.681909,753.8057910293684,1,4,482,峰畑山,136|481|482|483,泉ガ森|呉石山|峰畑山|白木山,0.78,0.51,accept,top1_count=1; top3_count=4; max_score=0.78
summit-candidate:f0a03b36c279ddd3,yamap_2024-12-15_07_21.gpx,陣が森・岩が森・スクモ塚・高萩山・長者森,33.9985859,132.8339632,352.79,1,4,347,高萩山,344|345|346|347,陣が森|岩が森|スクモ塚|高萩山,0.75,0.48,accept,top1_count=1; top3_count=4; max_score=0.75
summit-candidate:f760bededfedfc09,yamap_2026-03-21_07_01.gpx,雨乞山・妙見森,33.5377687,132.8255571,1215.7332944221434,1,4,489,雨乞山,489|490|491|492,雨乞山|妙見森|笹峠山|雨霧山,0.85,0.58,accept,top1_count=1; top3_count=4; max_score=0.85
summit-candidate:fd13fabb918486e6,yamap_2024-01-27_08_01.gpx,大空山,34.2657519,132.9964757,348.28333333333336,1,4,257,大空山,257|258|259|260,大空山|御串山|宝股山|開山,0.68,0.61,accept,top1_count=1; top3_count=4; max_score=0.68
summit-candidate:ffa6a88e4e680fd5,yamap_2022-11-05_04_38.gpx,権現山・黒岳・エビラ山・二ッ岳,33.8869696,133.4012543,1626.996666666667,1,4,160,黒岳,159|160|161|162,権現山|黒岳|エビラ山|二ッ岳,0.75,0.48,accept,top1_count=1; top3_count=4; max_score=0.75
summit-candidate:0005c0040c7c7966,yamap_2025-02-11_08_43.gpx,要害山,33.9135717,132.7570186,92.21,1,3,378,要害山,378|379|380,要害山|高穴山|高仙山,0.79,0.52,accept,top1_count=1; top3_count=3; max_score=0.79
summit-candidate:0a765b89058b256b,yamap_2022-03-05_09_44.gpx,城山・水梨山・向山,33.6808914,132.7938736,734.4240556679409,1,3,42,水梨山,42|43|408,水梨山|向山|笠成山,0.85,0.78,accept,top1_count=1; top3_count=3; max_score=0.85
summit-candidate:0c210f0edfbda06f,yamap_2022-02-11_08_26.gpx,塩ヶ森・番駄ヶ森・ケタ山・大磨山・鍵山（象ヶ森）,33.7794142,132.9091359,522.6766666666666,1,3,18,塩ヶ森,18|20|22,塩ヶ森|ケタ山|鍵山（象ヶ森）,0.85,0.78,accept,top1_count=1; top3_count=3; max_score=0.85
summit-candidate:0c2609d9e7e31a00,yamap_2022-10-16_10_19.gpx,楢原山・古権現山・中三方ヶ森,33.9279339,132.945849,1012.4166666666666,1,3,144,古権現山,143|144|145,中三方ヶ森|古権現山|楢原山,0.85,0.78,accept,top1_count=1; top3_count=3; max_score=0.85
summit-candidate:0d157ed871f76807,yamap_2025-07-06_07_10.gpx,谷崎山,33.8127427,133.2473801,1210.7966666666669,1,3,416,谷崎山,416|417|418,谷崎山|東黒森|伊吹山,0.85,0.78,accept,top1_count=1; top3_count=3; max_score=0.85
summit-candidate:1fd59e0e67624706,yamap_2026-01-11_10_38.gpx,陣が森岳,33.6266981,132.6808191,620.0533333333333,1,3,451,陣が森岳,451|452|508,陣が森岳|黒岩岳|三石山,0.85,0.58,accept,top1_count=1; top3_count=3; max_score=0.85
summit-candidate:20f1c44b99e3d708,yamap_2025-07-06_09_43.gpx,東黒森,33.7826057,133.2367653,1731.0666666666668,1,3,417,東黒森,416|417|418,谷崎山|東黒森|伊吹山,0.68,0.41,accept,top1_count=1; top3_count=3; max_score=0.68
summit-candidate:2129bbc9c3950a91,yamap_2025-02-28_10_24.gpx,幻城下城,33.8756903,133.1037524,243.64333333333335,1,3,386,幻城下城,384|385|386,綱付山|幻城上城|幻城下城,0.85,0.78,accept,top1_count=1; top3_count=3; max_score=0.85
summit-candidate:230b9847a05c8052,yamap_2025-03-17_14_08.gpx,大登山,33.525029,132.6716242,362.42333333333335,1,3,391,大登山,390|391|476,高森山|大登山|愛宕山,0.85,0.78,accept,top1_count=1; top3_count=3; max_score=0.85
summit-candidate:314bd84876bc3fc3,yamap_2026-03-15_10_21.gpx,高研山,33.3677949,132.8609245,1065.780524285452,1,3,487,高研山,103|486|487,篠山|長山|高研山,0.79,0.52,accept,top1_count=1; top3_count=3; max_score=0.79
summit-candidate:38105da918da8262,yamap_2025-01-03_07_19.gpx,壺神山・滝山・足山・皿が森,33.6137407,132.5447284,733.0708946789382,1,3,354,滝山,168|353|354,遠ヶ森|壺神山|滝山,0.85,0.58,accept,top1_count=1; top3_count=3; max_score=0.85
summit-candidate:3c1e55e6cc05c0ad,yamap_2025-01-30_13_18.gpx,金子山,33.9423212,133.2748429,148.30058041636374,1,3,370,金子山,369|370|371,垣生山|金子山|八堂山,0.85,0.78,accept,top1_count=1; top3_count=3; max_score=0.85
summit-candidate:428f403ddcc5a31a,yamap_2026-02-22_07_32.gpx,高森山・町木山・寒台山・鎧掛山,33.5404689,132.7754857,904.780552530514,1,3,469,寒台山,387|469|520,階上山|寒台山|牛ノ峯,0.68,0.41,accept,top1_count=1; top3_count=3; max_score=0.68
summit-candidate:45439217573adfc4,yamap_2022-03-23_07_38.gpx,明神山・潮見山,33.8188713,132.8530104,210.93999999999997,1,3,56,潮見山,55|56|132,明神山|潮見山|鏡山,0.85,0.78,accept,top1_count=1; top3_count=3; max_score=0.85
summit-candidate:46ab73ee0e06e924,yamap_2026-04-11_09_14.gpx,三郷の辻,33.640684,132.8369828,926.7733333333334,1,3,493,三郷の辻,403|493|521,船山|三郷の辻|小森,0.75,0.48,accept,top1_count=1; top3_count=3; max_score=0.75
summit-candidate:4db5b3ffd85092bf,yamap_2025-01-03_07_19.gpx,壺神山・滝山・足山・皿が森,33.5995314,132.5168274,626.9591280717788,1,3,356,皿が森,354|355|356,滝山|足山|皿が森,0.79,0.72,accept,top1_count=1; top3_count=3; max_score=0.79
summit-candidate:543b4550a3ef3e87,yamap_2022-02-15_10_36.gpx,天神山・御幸寺山,33.8634835,132.7695824,195.11333333333334,1,3,23,天神山,23|24|52,天神山|御幸寺山|天神山,0.85,0.78,accept,top1_count=1; top3_count=3; max_score=0.85
summit-candidate:555fd1e3be8780dd,yamap_2022-03-25_12_12.gpx,十門山(十門城址)・ヨソ山,33.8408635,132.9292547,923.8766666666667,1,3,58,ヨソ山,44|57|58,稔山|十門山(十門城址)|ヨソ山,0.67,0.6,accept,top1_count=1; top3_count=3; max_score=0.67
summit-candidate:5b124255339c0714,yamap_2023-03-11_06_08.gpx,福見山・明神ヶ森・南三方ヶ森・魚谷森・左谷ノ森,33.9046499,132.9247864,1147.7433333333333,1,3,212,南三方ヶ森,212|213|289,南三方ヶ森|魚谷森|目黒鳥屋,0.68,0.41,accept,top1_count=1; top3_count=3; max_score=0.68
summit-candidate:5cb1fa3d9dcf60f5,yamap_2022-10-28_06_21.gpx,割石峠山・石墨山・法師山・白猪山・根無山・樽谷山・梅ヶ谷山,33.7477413,132.9624107,1237.0966666666666,1,3,158,根無山,155|157|158,白猪山|樽谷山|根無山,0.75,0.48,accept,top1_count=1; top3_count=3; max_score=0.75
summit-candidate:5ec5a611be375a53,yamap_2024-05-11_07_45.gpx,丸笹山,33.7195139,133.1457476,1567.1366666666665,1,3,302,丸滝山,78|301|302,笠取山|丸笹山|丸滝山,0.79,0.52,accept,top1_count=1; top3_count=3; max_score=0.79
summit-candidate:64a47ed9c06f56d5,yamap_2024-01-14_10_18.gpx,竜門山・大黒山,33.9577565,133.0133542,430.9866666666667,1,3,255,竜門山,216|255|256,千羽ヶ岳|竜門山|大黒山,0.75,0.48,accept,top1_count=1; top3_count=3; max_score=0.75
summit-candidate:6ba0d3c6b0fb6b96,yamap_2022-04-09_14_44.gpx,大月山・高縄山,33.9456945,132.8499533,981.3100000000001,1,3,316,高縄山,64|116|316,大月山|北三方ヶ森|高縄山,0.79,0.72,accept,top1_count=1; top3_count=3; max_score=0.79
summit-candidate:6c20bef6dc4e973b,yamap_2025-01-30_12_21.gpx,垣生山,33.9892197,133.3258232,103.26298735700367,1,3,369,垣生山,369|370|371,垣生山|金子山|八堂山,0.85,0.58,accept,top1_count=1; top3_count=3; max_score=0.85
summit-candidate:76a5e492c9dcf980,yamap_2022-06-18_11_15.gpx,積善山,34.2566278,133.1474902,363.7359939346231,1,3,98,積善山,98|99|100,積善山|鉢巻山|立石山,0.68,0.61,accept,top1_count=1; top3_count=3; max_score=0.68
summit-candidate:784df3690acb5365,yamap_2026-03-08_07_27.gpx,呉石山,33.9710941,133.6468525,833.5256703454279,1,3,481,呉石山,481|482|483,呉石山|峰畑山|白木山,0.85,0.78,accept,top1_count=1; top3_count=3; max_score=0.85
summit-candidate:7a59a4750a70552c,yamap_2025-01-24_13_34.gpx,御篠山・松葉山（松葉城址）・烏殿,33.3754372,132.5110871,400.06,1,3,360,松葉山（松葉城址）,360|361|362,松葉山（松葉城址）|烏殿|御篠山,0.85,0.78,accept,top1_count=1; top3_count=3; max_score=0.85
summit-candidate:7bda9ba8d2b47d6e,yamap_2022-10-01_08_30.gpx,戸祇御前山,33.2788845,132.7701055,947.3511063301806,1,3,133,戸祇御前山,133|486|522,戸祇御前山|長山|辻ヶ峰,0.85,0.58,accept,top1_count=1; top3_count=3; max_score=0.85
summit-candidate:93a4d66ef3ee559d,yamap_2024-03-03_13_33.gpx,天ガ森,33.1178859,132.5317791,343.7659610142553,1,3,274,天ガ森,271|273|274,白石山|音無山|天ガ森,0.79,0.72,accept,top1_count=1; top3_count=3; max_score=0.79
summit-candidate:93b30125fa1dcd57,yamap_2022-07-21_10_02.gpx,子持山（頂上にたどり着けず）,33.8920646,132.6706697,62.39020293366199,1,3,112,子持山,39|112|118,花木山|子持山|湯築山,0.5,0.23,accept,top1_count=1; top3_count=3; max_score=0.5
summit-candidate:95a8fa74fd4af7b0,yamap_2024-04-28_07_11.gpx,狼ヶ城山,33.5763649,132.9111904,1376.7700000000002,1,3,297,狼ヶ城山,297|298|299,狼ヶ城山|日浦嶺|打越山,0.75,0.48,accept,top1_count=1; top3_count=3; max_score=0.75
summit-candidate:98457196a66e294d,yamap_2025-03-20_08_27.gpx,高山・大里山・泰ノ山,33.9891451,132.6270439,282.75666666666666,1,3,393,泰ノ山,29|393|394,高山|泰ノ山|大里山,0.68,0.61,accept,top1_count=1; top3_count=3; max_score=0.68
summit-candidate:99b1b356cad63b98,yamap_2024-01-14_10_18.gpx,竜門山・大黒山,33.9484547,133.0175021,384.9466666666667,1,3,256,大黒山,216|255|256,千羽ヶ岳|竜門山|大黒山,0.67,0.6,accept,top1_count=1; top3_count=3; max_score=0.67
summit-candidate:9fe27d7d4a51aa70,yamap_2026-03-04_06_40.gpx,登議城山,33.590232,132.798511,649.16,1,3,475,登議城山,455|475|476,船ヶ迫岳|登議城山|愛宕山,0.85,0.78,accept,top1_count=1; top3_count=3; max_score=0.85
summit-candidate:a0b87feaf88e526d,yamap_2025-02-11_09_46.gpx,高穴山,33.9536062,132.8113157,282.46000000000004,1,3,379,高穴山,378|379|380,要害山|高穴山|高仙山,0.85,0.78,accept,top1_count=1; top3_count=3; max_score=0.85
summit-candidate:a271a6c73ad11b69,yamap_2026-01-07_09_14.gpx,高雄山,33.4270319,132.6809369,382.21000000000004,1,3,450,高雄山,73|449|450,御在所山|御在所山|高雄山,0.68,0.41,accept,top1_count=1; top3_count=3; max_score=0.68
summit-candidate:a53ed6259e132097,yamap_2024-10-14_04_48.gpx,三ッ足山・カガマシ山・橡尾山・笹ヶ峰,33.8837598,133.6434747,1017.4166666666666,1,3,328,笹ヶ峰,325|326|328,三ッ足山|カガマシ山|笹ヶ峰,0.85,0.58,accept,top1_count=1; top3_count=3; max_score=0.85
summit-candidate:a637fbc518f58ac5,yamap_2022-02-11_08_26.gpx,塩ヶ森・番駄ヶ森・ケタ山・大磨山・鍵山（象ヶ森）,33.7736953,132.9019215,600.8033333333334,1,3,19,番駄ヶ森,18|19|21,塩ヶ森|番駄ヶ森|大磨山,0.85,0.78,accept,top1_count=1; top3_count=3; max_score=0.85
summit-candidate:a94564816fd4afff,yamap_2022-03-25_12_12.gpx,十門山(十門城址)・ヨソ山,33.8503146,132.9103674,676.7066666666667,1,3,57,十門山(十門城址),4|27|57,岩伽羅山|杉立山|十門山(十門城址),0.85,0.78,accept,top1_count=1; top3_count=3; max_score=0.85
summit-candidate:a9b00b48e0c94eab,yamap_2026-01-31_13_52.gpx,高森山,33.3270345,132.5414704,631.8566666666667,1,3,459,高森山,457|458|459,槇ノ山|遠見山|高森山,0.73,0.46,accept,top1_count=1; top3_count=3; max_score=0.73
summit-candidate:aa6060fe8a831f45,yamap_2024-05-11_13_46.gpx,丸滝山,33.7465829,133.1513298,1542.9666666666665,1,3,301,丸笹山,300|301|302,面河山|丸笹山|丸滝山,0.85,0.58,accept,top1_count=1; top3_count=3; max_score=0.85
summit-candidate:ab39145b6a448b8d,yamap_2026-03-08_10_45.gpx,白木山,33.9386003,133.5857961,617.3566666666667,1,3,483,白木山,481|482|483,呉石山|峰畑山|白木山,0.85,0.78,accept,top1_count=1; top3_count=3; max_score=0.85
summit-candidate:b1bd2a482a691bd8,yamap_2025-12-14_12_03.gpx,根太山,33.4977228,132.5826447,285.99333333333334,1,3,443,根太山,443|444|445,根太山|紅葉山|梁瀬山,0.79,0.72,accept,top1_count=1; top3_count=3; max_score=0.79
summit-candidate:b9ae103da9e3136b,yamap_2025-02-09_12_21.gpx,八幡山,34.140513,133.0475658,211.73666666666668,1,3,377,八幡山,373|376|377,カレイ山|高取山|八幡山,0.68,0.61,accept,top1_count=1; top3_count=3; max_score=0.68
summit-candidate:bb644412fd9a132c,yamap_2022-05-15_06_10.gpx,割石東山・青滝山・堂ヶ森,33.7557226,133.066955,1682.5333333333335,1,3,92,堂ヶ森,90|92|137,割石東山|堂ヶ森|東山,0.85,0.58,accept,top1_count=1; top3_count=3; max_score=0.85
summit-candidate:c246a8edb72dbebb,yamap_2026-03-15_06_14.gpx,長山,33.294387,132.8359236,939.7329137961616,1,3,486,長山,133|486|487,戸祇御前山|長山|高研山,0.85,0.58,accept,top1_count=1; top3_count=3; max_score=0.85
summit-candidate:c4504025c94f843c,yamap_2023-11-11_07_17.gpx,四辻ノ森・三光ノ辻山,33.6609688,133.0432584,1215.0715256104047,1,3,247,三光ノ辻山,246|247|296,四辻ノ森|三光ノ辻山|桂ヶ森,0.85,0.78,accept,top1_count=1; top3_count=3; max_score=0.85
summit-candidate:c6ea08c2953b4cb8,yamap_2026-03-04_09_46.gpx,愛宕山,33.5709203,132.8411558,369.3233333333333,1,3,476,愛宕山,391|475|476,大登山|登議城山|愛宕山,0.79,0.72,accept,top1_count=1; top3_count=3; max_score=0.79
summit-candidate:cb62a56e70cedbce,yamap_2022-01-15_08_17.gpx,関ヶ森・観音山・倉谷山・芝ヶ峠,33.8382073,132.8403915,495.64000000000004,1,3,2,観音山,1|2|28,関ヶ森|観音山|岩柄山,0.79,0.72,accept,top1_count=1; top3_count=3; max_score=0.79
summit-candidate:cc3fbb2358d0d4fc,yamap_2022-10-14_13_01.gpx,犬吠山,33.9183794,132.6903824,120.40666666666665,1,3,141,犬吠山,140|141|142,高戸山|犬吠山|泰の山,0.68,0.41,accept,top1_count=1; top3_count=3; max_score=0.68
summit-candidate:cf1cb583d492455c,yamap_2023-11-19_06_46.gpx,瀬戸黒森・三森・羽子山・観音森,33.0210963,132.6156053,784.9416257231666,1,3,250,観音森,249|250|272,羽子山|観音森|観音岳,0.85,0.78,accept,top1_count=1; top3_count=3; max_score=0.85
summit-candidate:cf29543e6beaa1ec,yamap_2024-03-10_07_12.gpx,夫婦山・白山・観音山・国見山・城山・御勧請山,33.8974685,132.7904961,365.7180112898549,1,3,277,観音山,275|277|278,夫婦山|観音山|国見山,0.85,0.78,accept,top1_count=1; top3_count=3; max_score=0.85
summit-candidate:d456af62868c5044,yamap_2025-03-10_08_18.gpx,姫政山,34.1283255,133.047895,268.5833333333333,1,3,388,姫政山,6|388|389,吉山(吉山城址)|姫政山|館山,0.68,0.41,accept,top1_count=1; top3_count=3; max_score=0.68
summit-candidate:d5b708b4d3aa86a0,yamap_2022-12-25_11_41.gpx,近見山,34.0853958,132.9709549,239.86,1,3,173,近見山,171|172|173,塔ノ峰|海山|近見山,0.85,0.78,accept,top1_count=1; top3_count=3; max_score=0.85
summit-candidate:d6b806525709cc22,yamap_2022-01-28_12_28.gpx,尾ノ峰・新城山・腰折山・恵良山,33.9932805,132.7899177,206.86333333333332,1,3,9,腰折山,7|8|9,尾ノ峰|新城山|腰折山,0.85,0.78,accept,top1_count=1; top3_count=3; max_score=0.85
summit-candidate:da65a16f23740e83,yamap_2022-04-22_12_22.gpx,三滝山,33.4130019,132.7969092,646.7704243218062,1,3,68,三滝山,67|68|69,甲が森|三滝山|雨包山,0.85,0.78,accept,top1_count=1; top3_count=3; max_score=0.85
summit-candidate:e4f762179d85915d,yamap_2025-02-28_07_34.gpx,綱付山・幻城上城,33.8666424,133.106705,477.85999999999996,1,3,385,幻城上城,384|385|386,綱付山|幻城上城|幻城下城,0.85,0.78,accept,top1_count=1; top3_count=3; max_score=0.85
summit-candidate:e55456349660bd14,yamap_2026-01-31_10_49.gpx,遠見山,33.2720922,132.5543833,325.42,1,3,458,遠見山,448|457|458,雨森山|槇ノ山|遠見山,0.85,0.78,accept,top1_count=1; top3_count=3; max_score=0.85
summit-candidate:e79e77da4bfd1f13,yamap_2025-07-06_12_03.gpx,伊吹山,33.7638082,133.1769575,1506.6639933943752,1,3,418,伊吹山,416|417|418,谷崎山|東黒森|伊吹山,0.75,0.48,accept,top1_count=1; top3_count=3; max_score=0.75
summit-candidate:ef3e845b5d632dd3,yamap_2024-02-10_09_58.gpx,熊ガ峰,33.1991626,132.5213654,340.53999999999996,1,3,262,熊ガ峰,261|262|480,鳥屋ヶ森|熊ガ峰|権現山,0.85,0.78,accept,top1_count=1; top3_count=3; max_score=0.85
summit-candidate:f108570a8e33ce90,yamap_2023-12-17_07_11.gpx,総津権現山,33.6386291,132.7905473,437.40333333333336,1,3,252,総津権現山,252|253|254,総津権現山|秦皇山|平岡山(平岡城址),0.85,0.78,accept,top1_count=1; top3_count=3; max_score=0.85
summit-candidate:f19fd681c4c84753,yamap_2025-02-28_07_34.gpx,綱付山・幻城上城,33.8680685,133.1174852,516.7233333333334,1,3,384,綱付山,384|385|386,綱付山|幻城上城|幻城下城,0.85,0.78,accept,top1_count=1; top3_count=3; max_score=0.85
summit-candidate:f3bf8b21a01f29ef,yamap_2025-10-23_16_38.gpx,堂堂山,33.5004147,132.3547022,408.84971455495605,1,3,437,堂堂山,17|436|437,伽藍山|大峰|堂堂山,0.85,0.78,accept,top1_count=1; top3_count=3; max_score=0.85
summit-candidate:f5c22dac4bd015ae,yamap_2024-02-17_05_38.gpx,大黒山・譲ヶ葉森,33.1325116,132.6372183,1098.249041559603,1,3,264,大黒山,264|265|524,大黒山|譲ヶ葉森|熊鷹山,0.75,0.48,accept,top1_count=1; top3_count=3; max_score=0.75
summit-candidate:fe8f624bdaa57afd,yamap_2025-03-20_08_27.gpx,高山・大里山・泰ノ山,33.9704741,132.6073111,288.9433333333333,1,3,394,大里山,303|393|394,名石山|泰ノ山|大里山,0.68,0.61,accept,top1_count=1; top3_count=3; max_score=0.68
summit-candidate:fec0bb942061619b,yamap_2024-09-23_07_35.gpx,中津山(明神山)・猿越山,33.5755696,133.0461981,1539.5333333333335,1,3,318,中津山(明神山),55|318|319,明神山|中津山(明神山)|猿越山,0.85,0.58,accept,top1_count=1; top3_count=3; max_score=0.85
summit-candidate:0a89128346167f6e,yamap_2024-04-07_06_45.gpx,二箆山・西雑誌山,33.62142,133.0520358,1158.3666666666668,1,2,291,二箆山,244|291,二ノ岳|二箆山,0.79,0.72,accept,top1_count=1; top3_count=2; max_score=0.79
summit-candidate:110345ef4fb31191,yamap_2025-02-09_08_01.gpx,念仏山,34.1747341,133.0532069,374.65000000000003,1,2,374,念仏山,374|375,念仏山|大頭山,0.68,0.61,accept,top1_count=1; top3_count=2; max_score=0.68
summit-candidate:15c71a530dcecd2e,yamap_2022-04-25_11_35.gpx,伊之子山・左谷ノ森,33.9189905,132.9253476,943.7166666666667,1,2,72,伊之子山,72|214,伊之子山|左谷ノ森,0.7,0.52,accept,top1_count=1; top3_count=2; max_score=0.7
summit-candidate:17b2365d322cd022,yamap_2022-10-16_10_19.gpx,楢原山・古権現山・中三方ヶ森,33.9071584,132.9439167,1212.63,1,2,143,中三方ヶ森,143|494,中三方ヶ森|権現山,0.79,0.52,accept,top1_count=1; top3_count=2; max_score=0.79
summit-candidate:1946316119cd7251,yamap_2025-10-23_15_58.gpx,大峰,33.4909198,132.330294,362.5859909540507,1,2,436,大峰,436|437,大峰|堂堂山,0.85,0.78,accept,top1_count=1; top3_count=2; max_score=0.85
summit-candidate:19baf3ce30f8991a,yamap_2024-02-17_05_38.gpx,大黒山・譲ヶ葉森,33.1234747,132.6207282,1021.9555481598042,1,2,265,譲ヶ葉森,264|265,大黒山|譲ヶ葉森,0.85,0.78,accept,top1_count=1; top3_count=2; max_score=0.85
summit-candidate:22e40e9eb117a033,yamap_2024-05-03_08_45.gpx,面河山,33.7513188,133.1115977,1519.8633333333335,1,2,300,面河山,77|300,大川嶺|面河山,0.85,0.63,accept,top1_count=1; top3_count=2; max_score=0.85
summit-candidate:276fed5ecb7b3eb4,yamap_2025-03-02_13_17.gpx,階上山,33.6859182,132.7609047,893.9066666666668,1,2,387,階上山,253|387,秦皇山|階上山,0.85,0.78,accept,top1_count=1; top3_count=2; max_score=0.85
summit-candidate:2b56d4ad77a0c4b7,yamap_2022-09-04_12_08.gpx,大友山,33.7484344,132.8072111,404.05,1,2,117,大友山,117|254,大友山|平岡山(平岡城址),0.75,0.48,accept,top1_count=1; top3_count=2; max_score=0.75
summit-candidate:3853fbbba7330ec4,yamap_2024-02-24_07_06.gpx,高月山・東高月山・郭公岳・櫨ヶ森・毛山,33.2137233,132.6584283,1010,1,2,266,郭公岳,266|395,郭公岳|北ヶ森,0.68,0.41,accept,top1_count=1; top3_count=2; max_score=0.68
summit-candidate:3a1a951de82d4254,yamap_2022-09-21_13_09.gpx,高文殊山,34.0131705,133.6055034,227.89170104701893,1,2,130,高文殊山,130|389,高文殊山|館山,0.85,0.78,accept,top1_count=1; top3_count=2; max_score=0.85
summit-candidate:3e9348428f22a320,yamap_2024-03-10_07_12.gpx,夫婦山・白山・観音山・国見山・城山・御勧請山,33.892102,132.788188,385.21553569431927,1,2,275,夫婦山,275|278,夫婦山|国見山,0.85,0.78,accept,top1_count=1; top3_count=2; max_score=0.85
summit-candidate:40068653b28bad40,yamap_2022-04-08_09_33.gpx,鬼ヶ城山・大久保山・八面山・三本杭・横ノ森・小屋ヶ森・毛山,33.2001424,132.6082692,1090.3964691990484,1,2,270,毛山,61|270,三本杭|毛山,0.85,0.78,accept,top1_count=1; top3_count=2; max_score=0.85
summit-candidate:51a919059b1a6dbb,yamap_2023-01-10_10_30.gpx,由良山,33.0306132,132.399974,194.63,1,2,122,松軒山,122|195,松軒山|由良山,0.5,0.23,accept,top1_count=1; top3_count=2; max_score=0.5
summit-candidate:54dc6f5d29d60052,yamap_2025-08-15_09_21.gpx,天狗ノ森 ,33.4805132,133.0152222,1479.58,1,2,422,天狗ノ森,421|422,五段城|天狗ノ森,0.68,0.41,accept,top1_count=1; top3_count=2; max_score=0.68
summit-candidate:591204fdc01b55b6,yamap_2022-04-30_08_30.gpx,岩黒山・筒上山・手箱山,33.7507578,133.1571706,1749.5652002309682,1,2,74,岩黒山,74|75,岩黒山|筒上山,0.75,0.48,accept,top1_count=1; top3_count=2; max_score=0.75
summit-candidate:61304308f9a58d0d,yamap_2026-01-11_07_50.gpx,黒岩岳,33.654334,132.6895797,694.3566666666667,1,2,452,黒岩岳,451|452,陣が森岳|黒岩岳,0.85,0.78,accept,top1_count=1; top3_count=2; max_score=0.85
summit-candidate:61f36127d879648f,yamap_2022-04-27_10_31.gpx,御在所山,33.3438869,132.7560391,911.8788921966252,1,2,73,御在所山,73|449,御在所山|御在所山,0.75,0.48,accept,top1_count=1; top3_count=2; max_score=0.75
summit-candidate:622b899de76208ef,yamap_2022-03-09_10_20.gpx,稔山,33.8609206,132.9700981,911.0766666666667,1,2,44,稔山,44|403,稔山|船山,0.85,0.58,accept,top1_count=1; top3_count=2; max_score=0.85
summit-candidate:6342f0069cd164e8,yamap_2025-04-09_06_48.gpx,新谷神南山・五十崎神南山,33.5194593,132.6057323,649.24,1,2,406,新谷神南山,406|407,新谷神南山|五十崎神南山,0.85,0.78,accept,top1_count=1; top3_count=2; max_score=0.85
summit-candidate:682d61b87016166b,yamap_2025-03-17_13_17.gpx,高森山,33.5504243,132.669431,307.18333333333334,1,2,390,高森山,390|391,高森山|大登山,0.85,0.78,accept,top1_count=1; top3_count=2; max_score=0.85
summit-candidate:6a1baa0667de8a9d,yamap_2025-04-06_08_48.gpx,加塚山,33.1518363,132.6299101,959.7999999999998,1,2,522,辻ヶ峰,478|522,尻割山|辻ヶ峰,0.6,0.33,accept,top1_count=1; top3_count=2; max_score=0.6
summit-candidate:6b836f5beefdd52c,yamap_2025-03-10_10_25.gpx,館山,34.1133271,133.0210613,218.65,1,2,389,館山,388|389,姫政山|館山,0.62,0.35,accept,top1_count=1; top3_count=2; max_score=0.62
summit-candidate:730e21bca5cdf60d,yamap_2026-01-04_08_20.gpx,雨森山,33.1120886,132.4865753,312.2633333333334,1,2,448,雨森山,447|448,峠ヶ森|雨森山,0.79,0.72,accept,top1_count=1; top3_count=2; max_score=0.79
summit-candidate:737ce2580de91527,yamap_2026-03-01_06_45.gpx,剣ノ山・三傍示山・塩塚峰,33.9263671,133.6759094,1041.1266666666668,1,2,474,塩塚峰,473|474,三傍示山|塩塚峰,0.75,0.48,accept,top1_count=1; top3_count=2; max_score=0.75
summit-candidate:7c680b0eed0187fa,yamap_2022-03-12_09_19.gpx,道後山,33.8556124,132.7933144,221.10333333333332,1,2,46,道後山,45|46,菊ヶ森|道後山,0.85,0.78,accept,top1_count=1; top3_count=2; max_score=0.85
summit-candidate:80368eea9aabeb96,yamap_2022-08-27_06_05.gpx,北三方ヶ森,33.9503258,132.8887705,964.82,1,2,116,北三方ヶ森,116|522,北三方ヶ森|辻ヶ峰,0.62,0.35,accept,top1_count=1; top3_count=2; max_score=0.62
summit-candidate:8f124a2a1de32654,yamap_2025-10-05_08_42.gpx,三ッ森山・大座礼山,33.8344836,133.3567357,1423.7,1,2,430,三ッ森山,430|431,三ッ森山|大座礼山,0.85,0.58,accept,top1_count=1; top3_count=2; max_score=0.85
summit-candidate:90c3723735d95c0d,yamap_2024-02-24_07_06.gpx,高月山・東高月山・郭公岳・櫨ヶ森・毛山,33.2086892,132.6346403,1224.2266666666667,1,2,268,高月山,267|268,東高月山|高月山,0.75,0.48,accept,top1_count=1; top3_count=2; max_score=0.75
summit-candidate:91cacd7deced8470,yamap_2022-06-04_14_13.gpx,勝山,33.844404,132.7665578,129.4799661552467,1,2,95,勝山,95|359,勝山|勝山,0.85,0.78,accept,top1_count=1; top3_count=2; max_score=0.85
summit-candidate:924ccfedeb6c2d2c,yamap_2023-04-04_12_51.gpx,黒森山,33.6897024,132.8493405,1151.5666666666666,1,2,226,黒森山,226|306,黒森山|黒森山,0.68,0.41,accept,top1_count=1; top3_count=2; max_score=0.68
summit-candidate:94e39d837730a5c7,yamap_2025-04-04_06_19.gpx,コクゾ峰,33.6297301,132.7781689,822.6366666666667,1,2,404,コクゾ峰,396|404,高土の峰|コクゾ峰,0.85,0.78,accept,top1_count=1; top3_count=2; max_score=0.85
summit-candidate:94e96018c0a5450d,yamap_2024-05-19_08_47.gpx,二反山・青刈山,34.2837172,133.0100334,392.00666666666666,1,2,308,二反山,304|308,青刈山|二反山,0.56,0.56,accept,top1_count=1; top3_count=2; max_score=0.56
summit-candidate:97e45d6eab227d56,yamap_2024-03-03_10_00.gpx,音無山,33.1131437,132.6235455,845.57,1,2,273,音無山,273|274,音無山|天ガ森,0.85,0.78,accept,top1_count=1; top3_count=2; max_score=0.85
summit-candidate:9a68e7a3a97831ff,yamap_2022-04-09_14_44.gpx,大月山・高縄山,33.92961,132.8476038,950.6066666666666,1,2,64,大月山,64|316,大月山|高縄山,0.85,0.78,accept,top1_count=1; top3_count=2; max_score=0.85
summit-candidate:9acc21860aa8a208,yamap_2022-12-12_10_30.gpx,扇山,33.7680114,132.779871,192.99666666666667,1,2,169,扇山,168|169,遠ヶ森|扇山,0.85,0.78,accept,top1_count=1; top3_count=2; max_score=0.85
summit-candidate:9e86644a708cb211,yamap_2026-04-19_10_27.gpx,鼻欠山,33.582033,132.5041115,459.0429986192042,1,2,496,鼻欠山,495|496,雨乞山|鼻欠山,0.79,0.72,accept,top1_count=1; top3_count=2; max_score=0.79
summit-candidate:9fe4d21715424f17,yamap_2025-12-06_08_06.gpx,霧立山・地蔵山,33.3120212,132.8936817,1139.8423907433491,1,2,441,地蔵山,440|441,霧立山|地蔵山,0.79,0.52,accept,top1_count=1; top3_count=2; max_score=0.79
summit-candidate:a0c35720552a78c8,yamap_2022-01-15_08_17.gpx,関ヶ森・観音山・倉谷山・芝ヶ峠,33.8560644,132.8432176,573.7066666666666,1,2,1,関ヶ森,1|215,関ヶ森|真城ヶ台,0.79,0.72,accept,top1_count=1; top3_count=2; max_score=0.79
summit-candidate:a96db37bf518f31a,yamap_2026-04-29_06_34.gpx,面木山・黒森,33.7912411,133.0215447,894.5,1,2,498,黒森,497|498,面木山|黒森,0.68,0.41,accept,top1_count=1; top3_count=2; max_score=0.68
summit-candidate:aa8ff99fc3bd426d,yamap_2024-04-07_06_45.gpx,二箆山・西雑誌山,33.601894,133.0710189,1347.9433333333334,1,2,292,西雑誌山,292|488,西雑誌山|大ノ森,0.85,0.58,accept,top1_count=1; top3_count=2; max_score=0.85
summit-candidate:ac8e3853fbbf0c6f,yamap_2024-03-03_06_23.gpx,白石山,33.0072084,132.5866268,651.8438770113412,1,2,271,白石山,271|272,白石山|観音岳,0.85,0.78,accept,top1_count=1; top3_count=2; max_score=0.85
summit-candidate:b1d864fd1fcc9dcb,yamap_2023-01-03_07_36.gpx,福見山・河原樋山・真松嶺・柿王寺森,33.8717799,132.8815633,860.4766666666668,1,2,182,河原樋山,72|182,伊之子山|河原樋山,0.75,0.48,accept,top1_count=1; top3_count=2; max_score=0.75
summit-candidate:b319c20dc9ecb5f1,yamap_2025-12-06_08_06.gpx,霧立山・地蔵山,33.3272325,132.9014493,1106.7248732843473,1,2,440,霧立山,440|441,霧立山|地蔵山,0.79,0.52,accept,top1_count=1; top3_count=2; max_score=0.79
summit-candidate:b3cf76c035511afe,yamap_2026-02-22_06_23.gpx,大森山,33.5171137,132.7257366,737.4383606793477,1,2,466,大森山,3|466,高森山|大森山,0.75,0.48,accept,top1_count=1; top3_count=2; max_score=0.75
summit-candidate:ba78489e4d448645,yamap_2025-08-15_10_51.gpx,小牛城,33.4706698,132.9365377,1141.42,1,2,419,小牛城,419|420,小牛城|正木ノ森,0.75,0.48,accept,top1_count=1; top3_count=2; max_score=0.75
summit-candidate:babbcdf7bbd23463,yamap_2022-04-08_09_33.gpx,鬼ヶ城山・大久保山・八面山・三本杭・横ノ森・小屋ヶ森・毛山,33.1878433,132.6355525,1222.4936499541386,1,2,61,三本杭,61|286,三本杭|横ノ森,0.85,0.58,accept,top1_count=1; top3_count=2; max_score=0.85
summit-candidate:bb84b00f3a929195,yamap_2026-02-14_08_22.gpx,大畑山,33.4309452,132.482212,642.6,1,2,463,大畑山,463|464,大畑山|飯之山,0.68,0.41,accept,top1_count=1; top3_count=2; max_score=0.68
summit-candidate:bf9808bbf86d5d73,yamap_2025-01-30_14_42.gpx,八堂山,33.8975964,133.1980477,191.83333333333334,1,2,371,八堂山,150|371,愛ノ山|八堂山,0.85,0.78,accept,top1_count=1; top3_count=2; max_score=0.85
summit-candidate:c2491268ea5645b7,yamap_2022-02-11_08_26.gpx,塩ヶ森・番駄ヶ森・ケタ山・大磨山・鍵山（象ヶ森）,33.7502454,132.9097454,801.5633333333334,1,2,22,鍵山（象ヶ森）,22|231,鍵山（象ヶ森）|黒滝山,0.85,0.78,accept,top1_count=1; top3_count=2; max_score=0.85
summit-candidate:c58c0ba7145621b9,yamap_2025-01-03_07_19.gpx,壺神山・滝山・足山・皿が森,33.6056753,132.5543754,984.3464928489406,1,2,353,壺神山,353|523,壺神山|常住,0.69,0.42,accept,top1_count=1; top3_count=2; max_score=0.69
summit-candidate:c7ac7ff98cacc074,yamap_2022-10-16_10_19.gpx,楢原山・古権現山・中三方ヶ森,33.9400809,132.9443333,1037.9733333333334,1,2,145,楢原山,144|145,古権現山|楢原山,0.85,0.78,accept,top1_count=1; top3_count=2; max_score=0.85
summit-candidate:c7ff156edb321d12,yamap_2022-06-16_16_25.gpx,牛城,33.4674336,132.9161606,1345.4997959227253,1,2,97,牛城,96|97,姫草|牛城,0.68,0.41,accept,top1_count=1; top3_count=2; max_score=0.68
summit-candidate:cdd4a9ba931c816e,yamap_2025-04-06_08_48.gpx,加塚山,33.1328174,132.6290592,1069.8255484698216,1,2,405,加塚山,103|405,篠山|加塚山,0.85,0.58,accept,top1_count=1; top3_count=2; max_score=0.85
summit-candidate:d0d3096d540f375e,yamap_2026-04-19_07_43.gpx,雨乞山,33.5112211,132.3821763,496.59999999999997,1,2,495,雨乞山,495|496,雨乞山|鼻欠山,0.85,0.78,accept,top1_count=1; top3_count=2; max_score=0.85
summit-candidate:d1269170b687c5bc,yamap_2022-03-09_10_20.gpx,稔山,33.8581024,132.9583176,873.4633333333333,1,2,517,大熊山,44|517,稔山|大熊山,0.73,0.66,accept,top1_count=1; top3_count=2; max_score=0.73
summit-candidate:d659f1dc6e5fa0b5,yamap_2023-11-11_07_17.gpx,四辻ノ森・三光ノ辻山,33.6584439,133.0393458,1206.9212487152886,1,2,246,四辻ノ森,246|247,四辻ノ森|三光ノ辻山,0.85,0.78,accept,top1_count=1; top3_count=2; max_score=0.85
summit-candidate:da46e12c02d47edf,yamap_2022-02-09_10_01.gpx,佐田岬と伽藍山,33.401877,132.1168226,413.7400702411658,1,2,17,伽藍山,17|437,伽藍山|堂堂山,0.85,0.78,accept,top1_count=1; top3_count=2; max_score=0.85
summit-candidate:daa8d4127fc92552,yamap_2022-04-06_09_25.gpx,忽那山,33.8441067,132.7004302,42.296666666666674,1,2,59,忽那山,59|471,忽那山|花見山,0.85,0.58,accept,top1_count=1; top3_count=2; max_score=0.85
summit-candidate:db28fcca36deb720,yamap_2022-07-10_07_25.gpx,男山・瓶ヶ森・西黒森,33.7943958,133.1932944,1892.6599999999999,1,2,109,西黒森,109|313,西黒森|瓶ヶ森,0.73,0.53,accept,top1_count=1; top3_count=2; max_score=0.73
summit-candidate:dc456a72b89d4d52,yamap_2022-06-16_16_00.gpx,姫草,33.4707047,132.8970608,1272.03184660662,1,2,96,姫草,96|97,姫草|牛城,0.75,0.48,accept,top1_count=1; top3_count=2; max_score=0.75
summit-candidate:e7b64a377534c79e,yamap_2026-01-04_11_16.gpx,峠ヶ森,33.1384517,132.4477537,217.52368147012137,1,2,447,峠ヶ森,447|448,峠ヶ森|雨森山,0.79,0.52,accept,top1_count=1; top3_count=2; max_score=0.79
summit-candidate:e93bba1998d4efb5,yamap_2025-04-27_06_23.gpx,野地峰・黒岩山・大野山,33.8295237,133.4864513,1350.0266666666666,1,2,412,黒岩山,412|413,黒岩山|大野山,0.68,0.41,accept,top1_count=1; top3_count=2; max_score=0.68
summit-candidate:ea33d870d4700a56,yamap_2022-03-03_10_47.gpx,奥之城山・ヌタノサコ,33.8778648,132.8306597,414.2866666666667,1,2,232,奥之城山,40|232,ヌタノサコ|奥之城山,0.85,0.78,accept,top1_count=1; top3_count=2; max_score=0.85
summit-candidate:ea5f711625df386b,yamap_2022-02-06_08_26.gpx,谷上山・権現山・白滝山・障子山,33.7190577,132.7591133,510.2597700981308,1,2,15,白滝山,14|15,権現山|白滝山,0.75,0.48,accept,top1_count=1; top3_count=2; max_score=0.75
summit-candidate:eb3b108c5d508377,yamap_2024-09-23_07_35.gpx,中津山(明神山)・猿越山,33.5756361,133.0483249,1459.6666666666667,1,2,319,猿越山,318|319,中津山(明神山)|猿越山,0.69,0.42,accept,top1_count=1; top3_count=2; max_score=0.69
summit-candidate:ef6730fa259856ec,yamap_2024-02-10_07_09.gpx,鳥屋ヶ森,33.2302311,132.5212462,319.6933333333333,1,2,261,鳥屋ヶ森,261|262,鳥屋ヶ森|熊ガ峰,0.85,0.58,accept,top1_count=1; top3_count=2; max_score=0.85
summit-candidate:f1ee81f4d467a28e,yamap_2024-07-08_11_33.gpx,宅並山,33.9194619,132.7676241,191.34803656971437,1,2,314,宅並山,122|314,松軒山|宅並山,0.85,0.58,accept,top1_count=1; top3_count=2; max_score=0.85
summit-candidate:f54f44da226a4a15,yamap_2024-10-20_11_05.gpx,天堤山,33.8625158,133.4945751,1134.8500000000001,1,2,330,天堤山,329|330,ハネズル山|天堤山,0.79,0.72,accept,top1_count=1; top3_count=2; max_score=0.79
summit-candidate:fa9a4432fbf76027,yamap_2026-01-18_06_03.gpx,大判山,33.3926301,132.5594513,791.2866666666665,1,2,453,大判山,453|454,大判山|竜王の峰,0.85,0.78,accept,top1_count=1; top3_count=2; max_score=0.85
summit-candidate:ff0e7de3b62f5ed8,yamap_2022-10-04_12_47.gpx,泉ガ森,33.2597751,132.6071981,760.3519951848507,1,2,136,泉ガ森,136|365,泉ガ森|銅が鳴,0.68,0.41,accept,top1_count=1; top3_count=2; max_score=0.68
summit-candidate:167756a8b787a168,yamap_2024-06-16_07_27.gpx,薬師山,34.2035605,132.9686491,429.98333333333335,1,1,310,薬師山,310,薬師山,0.56,0.56,accept,top1_count=1; top3_count=1; max_score=0.56
summit-candidate:192b785fe79890e5,yamap_2025-10-26_11_45.gpx,堂所山,33.3653822,132.4528183,592.0266666666666,1,1,438,堂所山,438,堂所山,0.85,0.78,accept,top1_count=1; top3_count=1; max_score=0.85
summit-candidate:1b665bc67a34756a,yamap_2024-06-01_07_14.gpx,椿山,33.7033183,133.1423731,1579.6733333333332,1,1,305,椿山,305,椿山,0.85,0.58,accept,top1_count=1; top3_count=1; max_score=0.85
summit-candidate:20557338e1ab5de6,yamap_2025-10-05_08_42.gpx,三ッ森山・大座礼山,33.8212475,133.3941804,1586.6333333333332,1,1,431,大座礼山,431,大座礼山,0.68,0.41,accept,top1_count=1; top3_count=1; max_score=0.68
summit-candidate:23eea13de5db5c9f,yamap_2022-09-09_06_58.gpx,寒風山・笹ヶ峰・ちち山,33.8116552,133.2616339,1758.0533333333333,1,1,119,寒風山,119,寒風山,0.68,0.41,accept,top1_count=1; top3_count=1; max_score=0.68
summit-candidate:2670057d58a25475,yamap_2023-10-14_07_53.gpx,丸山,33.9725881,132.924821,616.4333333333334,1,1,243,丸山,243,丸山,0.85,0.78,accept,top1_count=1; top3_count=1; max_score=0.85
summit-candidate:290abf917754fd0b,yamap_2023-11-19_06_46.gpx,瀬戸黒森・三森・羽子山・観音森,33.0633959,132.6373234,972.6666666666666,1,1,248,瀬戸黒森,248,瀬戸黒森,0.75,0.48,accept,top1_count=1; top3_count=1; max_score=0.75
summit-candidate:32bb5e7e1071e808,yamap_2023-01-08_09_18.gpx,権現山,32.9252175,132.4855806,497.2277182534487,1,1,189,権現山,189,権現山,0.85,0.78,accept,top1_count=1; top3_count=1; max_score=0.85
summit-candidate:3807e62715de33f9,yamap_2025-02-11_13_28.gpx,高仙山,34.0326072,132.8753902,240.99666666666667,1,1,380,高仙山,380,高仙山,0.85,0.78,accept,top1_count=1; top3_count=1; max_score=0.85
summit-candidate:43f9d4fa36aabb79,yamap_2022-04-30_08_30.gpx,岩黒山・筒上山・手箱山,33.7288641,133.1784766,1808.4700055808014,1,1,76,手箱山,76,手箱山,0.68,0.41,accept,top1_count=1; top3_count=1; max_score=0.68
summit-candidate:45f2c6fc88212acd,yamap_2022-10-28_06_21.gpx,割石峠山・石墨山・法師山・白猪山・根無山・樽谷山・梅ヶ谷山,33.7504959,132.9904187,1059.54,1,1,152,割石峠山,152,割石峠山,0.69,0.42,accept,top1_count=1; top3_count=1; max_score=0.69
summit-candidate:541ec86327b86307,yamap_2022-10-11_15_15.gpx,黒崎山,33.8763934,132.685607,89.01666666666667,1,1,139,黒崎山,139,黒崎山,0.56,0.29,accept,top1_count=1; top3_count=1; max_score=0.56
summit-candidate:6358c7fb40ce841e,yamap_2025-09-27_06_52.gpx,東光森山・別子山,33.8398487,133.4152863,1480.9266666666665,1,1,428,東光森山,428,東光森山,0.75,0.48,accept,top1_count=1; top3_count=1; max_score=0.75
summit-candidate:65906dbbd6e5b747,yamap_2025-09-07_08_00.gpx,鶴ノ子ノ頭・石鎚山,33.7605415,133.1358584,1647.683322091346,1,1,423,鶴ノ子ノ頭,423,鶴ノ子ノ頭,0.69,0.42,accept,top1_count=1; top3_count=1; max_score=0.69
summit-candidate:6b5100f449c22108,yamap_2022-05-25_09_48.gpx,自念子ノ頭,33.7805717,133.2216507,1698.7424939329492,1,1,94,自念子ノ頭,94,自念子ノ頭,0.78,0.46,accept,top1_count=1; top3_count=1; max_score=0.78
summit-candidate:6d533e458b56f1d6,yamap_2023-03-15_09_53.gpx,真城ヶ台,33.7246538,132.8569052,583.6133333333333,1,1,215,真城ヶ台,215,真城ヶ台,0.85,0.78,accept,top1_count=1; top3_count=1; max_score=0.85
summit-candidate:6f70c7d3c27fe164,yamap_2024-09-14_07_46.gpx,伊予富士,33.7882403,133.2475791,1746.743333333333,1,1,317,伊予富士,317,伊予富士,0.78,0.46,accept,top1_count=1; top3_count=1; max_score=0.78
summit-candidate:81081ef1b6e58a79,yamap_2025-04-14_05_56.gpx,笠成山,33.6509595,132.7915875,711,1,1,408,笠成山,408,笠成山,0.85,0.78,accept,top1_count=1; top3_count=1; max_score=0.85
summit-candidate:83f3af0488659ac8,yamap_2023-03-11_06_08.gpx,福見山・明神ヶ森・南三方ヶ森・魚谷森・左谷ノ森,33.8940921,132.9178729,1212.2866666666666,1,1,211,明神ヶ森,211,明神ヶ森,0.68,0.41,accept,top1_count=1; top3_count=1; max_score=0.68
summit-candidate:8d1f2bd134bed04d,yamap_2025-12-10_11_40.gpx,天道ヶ頭,33.9910002,132.9850803,507.77,1,1,442,天道ヶ頭,442,天道ヶ頭,0.85,0.78,accept,top1_count=1; top3_count=1; max_score=0.85
summit-candidate:8de328f982753d58,yamap_2022-08-21_15_44.gpx,大峰ヶ台,33.8440521,132.7412572,117.91000000000001,1,1,113,大峰ヶ台,113,大峰ヶ台,0.79,0.72,accept,top1_count=1; top3_count=1; max_score=0.79
summit-candidate:8f19c4c16e72e270,yamap_2023-01-10_10_30.gpx,由良山,33.0229168,132.387323,243.4,1,1,195,由良山,195,由良山,0.75,0.48,accept,top1_count=1; top3_count=1; max_score=0.75
summit-candidate:9488d92d9ea95406,yamap_2023-06-11_11_57.gpx,五葉が森,33.9483028,132.9785604,837.212880782981,1,1,237,五葉が森,237,五葉が森,0.75,0.48,accept,top1_count=1; top3_count=1; max_score=0.75
summit-candidate:9d447faef6efe2ab,yamap_2022-10-27_13_37.gpx,冨士山,33.5090382,132.5604,335.74500437341317,1,1,151,冨士山,151,冨士山,0.79,0.72,accept,top1_count=1; top3_count=1; max_score=0.79
summit-candidate:a1b1b7885eeab893,yamap_2024-10-14_04_48.gpx,三ッ足山・カガマシ山・橡尾山・笹ヶ峰,33.8717366,133.6269198,1220.8566666666666,1,1,327,橡尾山,327,橡尾山,0.68,0.41,accept,top1_count=1; top3_count=1; max_score=0.68
summit-candidate:aba609f471e97e4a,yamap_2022-03-13_09_49.gpx,倉谷山・芝ヶ峠・淡路ヶ峠・宝ヶ峯,33.837858,132.8256729,405.40333333333336,1,1,47,倉谷山,47,倉谷山,0.79,0.72,accept,top1_count=1; top3_count=1; max_score=0.79
summit-candidate:afd70dd670366e77,yamap_2023-03-20_15_17.gpx,千羽ヶ岳,33.8312843,132.9832873,406.43,1,1,216,千羽ヶ岳,216,千羽ヶ岳,0.85,0.58,accept,top1_count=1; top3_count=1; max_score=0.85
summit-candidate:b58470f57bb41331,yamap_2023-10-22_06_44.gpx,二ノ岳・高森,33.8130309,133.154101,1152.69,1,1,244,二ノ岳,244,二ノ岳,0.63,0.56,accept,top1_count=1; top3_count=1; max_score=0.63
summit-candidate:bd145a45a7d01b99,yamap_2022-09-15_11_02.gpx,伊勢山,34.2687521,133.1998766,52.94,1,1,124,伊勢山,124,伊勢山,0.68,0.41,accept,top1_count=1; top3_count=1; max_score=0.68
summit-candidate:c195c34fb7e38d7a,yamap_2024-12-15_07_21.gpx,陣が森・岩が森・スクモ塚・高萩山・長者森,33.9955014,132.8701408,418.54333333333335,1,1,345,岩が森,345,岩が森,0.68,0.41,accept,top1_count=1; top3_count=1; max_score=0.68
summit-candidate:c1f175d0616be696,yamap_2022-03-05_09_44.gpx,城山・水梨山・向山,33.6968367,132.7954997,589.8691282114027,1,1,41,城山,41,城山,0.85,0.78,accept,top1_count=1; top3_count=1; max_score=0.85
summit-candidate:c210f415fc55501f,yamap_2024-04-27_08_04.gpx,桂ヶ森,33.6590168,132.8578473,1220.0333333333335,1,1,296,桂ヶ森,296,桂ヶ森,0.85,0.78,accept,top1_count=1; top3_count=1; max_score=0.85
summit-candidate:c8a7a1f1d1dad353,yamap_2022-06-23_13_59.gpx,篠山,33.0558602,132.6590657,1061.6229039079428,1,1,103,篠山,103,篠山,0.75,0.48,accept,top1_count=1; top3_count=1; max_score=0.75
summit-candidate:c9156b7eea77a1b0,yamap_2024-07-28_15_53.gpx,岩屋山,33.6581301,132.974538,769.7933333333334,1,1,315,岩屋山,315,岩屋山,0.79,0.72,accept,top1_count=1; top3_count=1; max_score=0.79
summit-candidate:cf97b8470d2ed1d7,yamap_2022-11-05_04_38.gpx,権現山・黒岳・エビラ山・二ッ岳,33.8793374,133.3915368,1584.2533333333333,1,1,159,権現山,159,権現山,0.75,0.48,accept,top1_count=1; top3_count=1; max_score=0.75
summit-candidate:d06b9d5365beffaa,yamap_2022-04-16_07_39.gpx,東三方ヶ森,33.9025981,132.959899,1229.5033333333333,1,1,66,東三方ヶ森,66,東三方ヶ森,0.75,0.48,accept,top1_count=1; top3_count=1; max_score=0.75
summit-candidate:df6b60d513f5518e,yamap_2024-07-06_10_01.gpx,子持権現山・男山・瓶ヶ森,33.7802626,133.1879064,1661.57,1,1,311,子持権現山,311,子持権現山,0.69,0.42,accept,top1_count=1; top3_count=1; max_score=0.69
summit-candidate:e010f98d2b23f547,yamap_2024-04-20_05_43.gpx,気多山・八辻ノ峰・五代ヶ森,33.6973447,133.0732035,1212.5233333333333,1,1,293,気多山,293,気多山,0.85,0.78,accept,top1_count=1; top3_count=1; max_score=0.85
summit-candidate:e4808690532bb46c,yamap_2022-02-15_10_36.gpx,天神山・御幸寺山,33.85598,132.7730493,158.70333333333335,1,1,24,御幸寺山,24,御幸寺山,0.85,0.78,accept,top1_count=1; top3_count=1; max_score=0.85
summit-candidate:e4fbd033b13d73ce,yamap_2022-11-07_12_37.gpx,鹿島山,33.9739877,132.7641726,99.19338457582633,1,1,163,鹿島山,163,鹿島山,0.79,0.52,accept,top1_count=1; top3_count=1; max_score=0.79
summit-candidate:e85b9bd32eb5e6f1,yamap_2022-04-22_16_48.gpx,源氏ヶ駄場（薊野峰）,33.4721185,132.8658682,1415.7321709473536,1,1,70,源氏ヶ駄場（薊野峰）,70,源氏ヶ駄場（薊野峰）,0.79,0.52,accept,top1_count=1; top3_count=1; max_score=0.79
summit-candidate:ea919bf883e31a7b,yamap_2024-05-15_11_16.gpx,名石山,34.0063802,132.8186843,289.7633333333333,1,1,303,名石山,303,名石山,0.75,0.48,accept,top1_count=1; top3_count=1; max_score=0.75
summit-candidate:f39b40bd0d9b0192,yamap_2026-01-31_07_40.gpx,槇ノ山,33.2533161,132.5564232,433.24,1,1,457,槇ノ山,457,槇ノ山,0.85,0.78,accept,top1_count=1; top3_count=1; max_score=0.85
summit-candidate:f7593239fa7bdcc9,yamap_2023-11-19_06_46.gpx,瀬戸黒森・三森・羽子山・観音森,33.0409924,132.624637,864.3133333333334,1,1,251,三森,251,三森,0.85,0.78,accept,top1_count=1; top3_count=1; max_score=0.85
summit-candidate:9cc74b44e1289236,yamap_2024-12-01_06_40.gpx,唐谷山・天狗森・木峰・金見山・高丸・五郎丸・大谷山・龍王山,34.0275511,133.6441984,589.3233333333334,0,13,,,41|215|331|332|333|334|335|336|337|338|339|446|507,城山|真城ヶ台|五郎丸|高丸|金見山|木峰|天狗森|唐谷山|龍王山|大谷山|城山|池ノ城山|牛ヶ首,0.75,0.48,check,top1_count=0; top3_count=13; max_score=0.75
summit-candidate:c8607e1f03bb5db1,yamap_2024-12-01_06_40.gpx,唐谷山・天狗森・木峰・金見山・高丸・五郎丸・大谷山・龍王山,34.0272665,133.6616846,585.22,0,9,,,41|331|332|333|334|335|337|339|446,城山|五郎丸|高丸|金見山|木峰|天狗森|龍王山|城山|池ノ城山,0.75,0.48,check,top1_count=0; top3_count=9; max_score=0.75
summit-candidate:eaabf45a5163fb65,yamap_2022-05-07_07_14.gpx,寒川山・鋸山・七々木山・豊受山・赤星山,33.9274448,133.4799523,1251.2133333333334,0,7,,,83|84|85|86|87|88|89,寒川山|豊受山|赤星山|七々木山|鋸山|翠波峰|平石山,0.85,0.78,check,top1_count=0; top3_count=7; max_score=0.85
summit-candidate:23316af255d30882,yamap_2024-12-08_06_59.gpx,本尊山・秋葉山・立烏帽子山・明神山,33.692167,132.6731896,627.2966666666666,0,6,,,340|341|342|343|451|511,本尊山|秋葉山|立烏帽子山|明神山|陣が森岳|秋葉山,0.85,0.78,check,top1_count=0; top3_count=6; max_score=0.85
summit-candidate:2c817617699a0a45,yamap_2022-02-06_08_26.gpx,谷上山・権現山・白滝山・障子山,33.7235493,132.7563447,485.20803085647475,0,6,,,13|14|15|16|189|263,谷上山|権現山|白滝山|障子山|権現山|権現山,0.75,0.48,check,top1_count=0; top3_count=6; max_score=0.75
summit-candidate:4973965873779cdc,yamap_2024-12-22_06_34.gpx,八倉山・行道山・水晶ヶ森,33.778716,132.7722765,251.46333333333337,0,6,,,195|241|349|350|351|352,由良山|ベツソ山|八倉山|行道山|水晶ヶ森|笹ヶ平山,0.8,0.53,check,top1_count=0; top3_count=6; max_score=0.8
summit-candidate:830c63408bf56cc5,yamap_2023-01-21_09_56.gpx,大森山,33.4134474,132.1753954,289.2,0,6,,,110|196|197|199|200|201,小富士|大森山|見晴山|遠見山|石神山|金比羅山,0.85,0.58,check,top1_count=0; top3_count=6; max_score=0.85
summit-candidate:0022a746b396d4c7,yamap_2024-03-10_07_12.gpx,夫婦山・白山・観音山・国見山・城山・御勧請山,33.8836999,132.7830348,264.2867991594412,0,5,,,2|102|131|134|279,観音山|安神山|三本榎|雄甲山|城山,0.79,0.72,check,top1_count=0; top3_count=5; max_score=0.79
summit-candidate:12f30719aca26806,yamap_2025-01-11_08_43.gpx,尉之山・小山岳,33.7584434,132.8469734,397.0566666666667,0,5,,,95|357|358|359|363,勝山|尉之山|小山岳|勝山|天が森,0.69,0.42,check,top1_count=0; top3_count=5; max_score=0.69
summit-candidate:37c3a34c16599379,yamap_2025-01-26_07_09.gpx,天が森・浄心山・銅が鳴,33.5358155,132.4487801,791.270282533162,0,5,,,363|364|365|396|515,天が森|浄心山|銅が鳴|高土の峰|星ヶ森,0.62,0.35,check,top1_count=0; top3_count=5; max_score=0.62
summit-candidate:3f84cc393481fcf2,yamap_2025-04-06_08_48.gpx,加塚山,33.155717,132.6258832,850.5566666666667,0,5,,,237|404|405|517|519,五葉が森|コクゾ峰|加塚山|大熊山|蒲山,0.6,0.33,check,top1_count=0; top3_count=5; max_score=0.6
summit-candidate:5e94c87cc5fcc87b,yamap_2022-03-20_07_06.gpx,大久保山・八里ヶ峠・中坂山・天神山・室岡山・潮見山,33.8792239,132.7715271,173.09,0,5,,,23|49|50|56|484,天神山|大久保山|八里ヶ峠|潮見山|軽ノ山,0.85,0.78,check,top1_count=0; top3_count=5; max_score=0.85
summit-candidate:d13554ef3debca9d,yamap_2022-04-30_08_30.gpx,岩黒山・筒上山・手箱山,33.7457474,133.1572601,1638.4079336000111,0,5,,,74|75|76|423|512,岩黒山|筒上山|手箱山|鶴ノ子ノ頭|黒山,0.67,0.4,check,top1_count=0; top3_count=5; max_score=0.67
summit-candidate:09c1602c02ce7f78,yamap_2024-04-07_06_45.gpx,二箆山・西雑誌山,33.5997914,133.06404,1357.4633333333334,0,4,,,291|292|439|529,二箆山|西雑誌山|天満山|玉取山,0.79,0.52,check,top1_count=0; top3_count=4; max_score=0.79
summit-candidate:1d3eb619bd125bfd,yamap_2023-06-11_11_57.gpx,五葉が森,33.9422285,132.9779374,778.4133333333334,0,4,,,237|315|364|514,五葉が森|岩屋山|浄心山|棟山,0.57,0.3,check,top1_count=0; top3_count=4; max_score=0.57
summit-candidate:22b4a5a5c856bf4d,yamap_2022-02-16_11_57.gpx,愛宕山・常光寺山,33.8487713,132.7957131,104.27999999999999,0,4,,,25|26|37|163,愛宕山|常光寺山|日王山|鹿島山,0.79,0.72,check,top1_count=0; top3_count=4; max_score=0.79
summit-candidate:3f404ba3e31c8b54,yamap_2024-04-20_05_43.gpx,気多山・八辻ノ峰・五代ヶ森,33.7258222,133.0801009,1478.8966666666668,0,4,,,79|293|294|295,ウバホド山|気多山|八辻ノ峰|五代ヶ森,0.67,0.6,check,top1_count=0; top3_count=4; max_score=0.67
summit-candidate:40d5b4863907057a,yamap_2022-02-09_10_01.gpx,佐田岬と伽藍山,33.3437391,132.0161535,50.463046185756546,0,4,,,17|111|139|149,伽藍山|龍石山|黒崎山|すくも山,0.67,0.4,check,top1_count=0; top3_count=4; max_score=0.67
summit-candidate:49cfd09def5fce03,yamap_2023-01-06_11_33.gpx,岩子山・垣生山・津田山・弁天山,33.8420709,132.731764,107.46,0,4,,,185|186|187|188,岩子山|垣生山|津田山|弁天山,0.85,0.78,check,top1_count=0; top3_count=4; max_score=0.85
summit-candidate:4fec4dd128e55ab0,yamap_2023-01-03_07_36.gpx,福見山・河原樋山・真松嶺・柿王寺森,33.8892419,132.8755576,410.7033333333334,0,4,,,117|182|183|184,大友山|河原樋山|真松嶺|柿王寺森,0.67,0.6,check,top1_count=0; top3_count=4; max_score=0.67
summit-candidate:56e8244e578a141a,yamap_2025-09-21_08_53.gpx,前社ヶ森・剣山・黒川山,33.7904157,133.1298398,1409.006666666667,0,4,,,425|426|427|531,黒川山|前社ヶ森|剣山|扇山,0.73,0.66,check,top1_count=0; top3_count=4; max_score=0.73
summit-candidate:57e8c6cb102c9500,yamap_2022-05-15_06_10.gpx,割石東山・青滝山・堂ヶ森,33.7374797,133.0312873,766.7766666666666,0,4,,,90|91|92|315,割石東山|青滝山|堂ヶ森|岩屋山,0.67,0.6,check,top1_count=0; top3_count=4; max_score=0.67
summit-candidate:7a53852cc6c3e971,yamap_2026-03-01_06_45.gpx,剣ノ山・三傍示山・塩塚峰,33.8986853,133.6776458,1103.0333333333333,0,4,,,235|440|472|524,善神山|霧立山|剣ノ山|熊鷹山,0.68,0.41,check,top1_count=0; top3_count=4; max_score=0.68
summit-candidate:7a5ca8d918f43720,yamap_2026-05-02_09_29.gpx,男山・瓶ヶ森・台ヶ森,33.7876019,133.1885096,1708.05,0,4,,,94|307|312|499,自念子ノ頭|沓掛山|男山|台ヶ森,0.67,0.35,check,top1_count=0; top3_count=4; max_score=0.67
summit-candidate:8326f30918c16cbe,yamap_2025-04-27_06_23.gpx,野地峰・黒岩山・大野山,33.8487719,133.4543032,1061.7766666666666,0,4,,,411|412|413|513,野地峰|黒岩山|大野山|大野山,0.57,0.3,check,top1_count=0; top3_count=4; max_score=0.57
summit-candidate:8917a066a1c03aeb,yamap_2024-05-11_07_45.gpx,丸笹山,33.7198736,133.1390614,1431.0566666666666,0,4,,,301|302|414|415,丸笹山|丸滝山|水なし山|貝渚山,0.67,0.4,check,top1_count=0; top3_count=4; max_score=0.67
summit-candidate:a14a745323a3d3af,yamap_2025-01-30_08_48.gpx,西の山,33.9827566,133.3976892,250.30998537053583,0,4,,,130|366|367|368,高文殊山|弥八山|西の山|北山,0.85,0.58,check,top1_count=0; top3_count=4; max_score=0.85
summit-candidate:a80dd0489247a839,yamap_2025-10-11_06_24.gpx,大森山・佐々連尾山・三つ足山,33.8677482,133.5827925,1445.6433333333334,0,4,,,432|433|434|501,三つ足山|大森山|佐々連尾山|大森山,0.68,0.41,check,top1_count=0; top3_count=4; max_score=0.68
summit-candidate:b02ff952b74ca472,yamap_2025-03-30_08_20.gpx,岳山,33.454717,132.7240857,622.8707379152734,0,4,,,397|398|399|508,竜王山|岳山|一ヶ森|三石山,0.67,0.4,check,top1_count=0; top3_count=4; max_score=0.67
summit-candidate:b49681fa67b2b53e,yamap_2024-03-16_09_21.gpx,トギ・張木山・高手山,33.5634523,132.4596426,477.8922286451063,0,4,,,281|282|283|284,トギ|張木山|高手山|斎藤山,0.85,0.78,check,top1_count=0; top3_count=4; max_score=0.85
summit-candidate:b997b8fd6709731d,yamap_2023-11-19_06_46.gpx,瀬戸黒森・三森・羽子山・観音森,33.034531,132.6236886,806.4699999999999,0,4,,,248|249|250|251,瀬戸黒森|羽子山|観音森|三森,0.79,0.72,check,top1_count=0; top3_count=4; max_score=0.79
summit-candidate:c2c9094225d1da63,yamap_2022-03-20_07_06.gpx,大久保山・八里ヶ峠・中坂山・天神山・室岡山・潮見山,33.8828272,132.7569442,87.11000000000001,0,4,,,51|52|53|54,中坂山|天神山|室岡山|潮見山,0.79,0.72,check,top1_count=0; top3_count=4; max_score=0.79
summit-candidate:ce7fc6697696cde7,yamap_2026-01-25_07_43.gpx,船ヶ迫岳・鎌倉山,33.6204803,132.6529617,669.23,0,4,,,27|452|455|456,杉立山|黒岩岳|船ヶ迫岳|鎌倉山,0.72,0.45,check,top1_count=0; top3_count=4; max_score=0.72
summit-candidate:cf6802c2dafdbf46,yamap_2023-01-28_13_44.gpx,佐古田山,33.8941455,132.7646371,59.99333333333334,0,4,,,202|203|204|205,鳥越山|谷田山|金毘羅山|佐古田山,0.79,0.72,check,top1_count=0; top3_count=4; max_score=0.79
summit-candidate:05f8527418663d3a,yamap_2023-11-11_07_17.gpx,四辻ノ森・三光ノ辻山,33.6537104,133.077342,1237.4900548329229,0,3,,,246|247|296,四辻ノ森|三光ノ辻山|桂ヶ森,0.79,0.52,check,top1_count=0; top3_count=3; max_score=0.79
summit-candidate:0cc9c1186612ceaa,yamap_2025-04-19_07_10.gpx,小屋山・丸石山,33.4889649,132.8660449,1297.49,0,3,,,96|409|410,姫草|小屋山|丸石山,0.73,0.66,check,top1_count=0; top3_count=3; max_score=0.73
summit-candidate:0d5802be6f4a6c6e,yamap_2026-03-01_06_45.gpx,剣ノ山・三傍示山・塩塚峰,33.9162332,133.6903613,1012.1166666666668,0,3,,,395|473|474,北ヶ森|三傍示山|塩塚峰,0.73,0.46,check,top1_count=0; top3_count=3; max_score=0.73
summit-candidate:18f6f4b086668887,yamap_2025-04-06_08_48.gpx,加塚山,33.1538778,132.6270428,936.75,0,3,,,133|405|521,戸祇御前山|加塚山|小森,0.6,0.33,check,top1_count=0; top3_count=3; max_score=0.6
summit-candidate:33637f0e3b5b1405,yamap_2022-05-02_09_06.gpx,大川嶺・笠取山・ウバホド山,33.5552593,132.9223115,1567.7094910140197,0,3,,,77|78|79,大川嶺|笠取山|ウバホド山,0.75,0.48,check,top1_count=0; top3_count=3; max_score=0.75
summit-candidate:453327d51d16e202,yamap_2026-05-06_07_28.gpx,丸山・ちち山・笹ヶ峰,33.8318164,133.2841218,1850.97,0,3,,,120|121|500,ちち山|笹ヶ峰|丸山,0.75,0.48,check,top1_count=0; top3_count=3; max_score=0.75
summit-candidate:4ffd2320af7e6acc,yamap_2023-04-09_09_08.gpx,菊ヶ森・餓鬼ヶ森,33.6828739,132.9084423,845.2599999999999,0,3,,,227|228|518,菊ヶ森|餓鬼ヶ森|笠松山,0.67,0.6,check,top1_count=0; top3_count=3; max_score=0.67
summit-candidate:6ff5d266707ae664,yamap_2024-06-01_07_14.gpx,椿山,33.7195218,133.1387616,1431.7833333333335,0,3,,,305|414|415,椿山|水なし山|貝渚山,0.67,0.4,check,top1_count=0; top3_count=3; max_score=0.67
summit-candidate:7c532ef1be71a4d1,yamap_2022-01-29_08_35.gpx,皿ヶ森・経座ヶ森・ヨソ山,33.8412373,132.9293942,924.7866666666665,0,3,,,11|12|58,皿ヶ森|経座ヶ森|ヨソ山,0.67,0.6,check,top1_count=0; top3_count=3; max_score=0.67
summit-candidate:7ef7c15a52318cc9,yamap_2022-11-05_04_38.gpx,権現山・黒岳・エビラ山・二ッ岳,33.8894776,133.4182784,1664.1233333333332,0,3,,,160|161|162,黒岳|エビラ山|二ッ岳,0.75,0.48,check,top1_count=0; top3_count=3; max_score=0.75
summit-candidate:83056c3652757f25,yamap_2024-04-20_05_43.gpx,気多山・八辻ノ峰・五代ヶ森,33.7064228,133.0786753,1281.8966666666665,0,3,,,294|295|528,八辻ノ峰|五代ヶ森|生之越,0.67,0.6,check,top1_count=0; top3_count=3; max_score=0.67
summit-candidate:88555c5557efeb46,yamap_2022-09-24_08_33.gpx,石鎚山,33.7688125,133.1135435,1967.3733333333332,0,3,,,93|233|234,南尖峰|天狗岳|石鎚山,0.68,0.41,check,top1_count=0; top3_count=3; max_score=0.68
summit-candidate:91ebf1d99654d5b2,yamap_2022-04-08_09_33.gpx,鬼ヶ城山・大久保山・八面山・三本杭・横ノ森・小屋ヶ森・毛山,33.1848651,132.6159575,1162.2731411431716,0,3,,,60|62|63,鬼ヶ城山|八面山|大久保山,0.85,0.78,check,top1_count=0; top3_count=3; max_score=0.85
summit-candidate:9306f5a7fe249a15,yamap_2025-01-03_07_19.gpx,壺神山・滝山・足山・皿が森,33.6157929,132.5364783,646.4861527563789,0,3,,,355|356|406,足山|皿が森|新谷神南山,0.79,0.72,check,top1_count=0; top3_count=3; max_score=0.79
summit-candidate:9a59c4b620ba3792,yamap_2022-09-09_06_58.gpx,寒風山・笹ヶ峰・ちち山,33.8282719,133.274721,1856.2533333333333,0,3,,,119|120|121,寒風山|ちち山|笹ヶ峰,0.75,0.42,check,top1_count=0; top3_count=3; max_score=0.75
summit-candidate:a92a94d8b5e0fb90,yamap_2022-06-20_12_02.gpx,安神山・鷲ヶ頭山,34.2432829,133.0072567,156.04151443047127,0,3,,,101|102|381,鷲ヶ頭山|安神山|霊仙山,0.5,0.43,check,top1_count=0; top3_count=3; max_score=0.5
summit-candidate:b9e78d4a587ceaa0,yamap_2022-03-13_09_49.gpx,倉谷山・芝ヶ峠・淡路ヶ峠・宝ヶ峯,33.8349112,132.8127369,278.7366666666667,0,3,,,48|208|209,芝ヶ峠|宝ヶ峯|淡路ヶ峠,0.85,0.78,check,top1_count=0; top3_count=3; max_score=0.85
summit-candidate:bca203164e26ce6a,yamap_2022-07-02_07_43.gpx,石鎚山・西ノ冠岳・面河の頭・二ノ森・鞍瀬ノ頭,33.7585064,133.093322,1924.4866666666667,0,3,,,105|106|435,鞍瀬ノ頭|二ノ森|東ノ冠岳,0.68,0.35,check,top1_count=0; top3_count=3; max_score=0.68
summit-candidate:bcf5d9d5a90e5cda,yamap_2022-10-16_10_19.gpx,楢原山・古権現山・中三方ヶ森,33.9283914,132.9469495,1010.1166666666667,0,3,,,143|144|145,中三方ヶ森|古権現山|楢原山,0.85,0.78,check,top1_count=0; top3_count=3; max_score=0.85
summit-candidate:c4169cdcaf61f31a,yamap_2022-06-18_13_12.gpx,鉢巻山,34.2604083,133.178604,132.84324070749756,0,3,,,98|99|100,積善山|鉢巻山|立石山,0.68,0.41,check,top1_count=0; top3_count=3; max_score=0.68
summit-candidate:c7de309bf838af87,yamap_2022-10-14_13_42.gpx,泰の山,33.9108676,132.6865172,111.76333333333332,0,3,,,140|141|142,高戸山|犬吠山|泰の山,0.68,0.41,check,top1_count=0; top3_count=3; max_score=0.68
summit-candidate:c94d8d76133fda1a,yamap_2022-02-06_08_26.gpx,谷上山・権現山・白滝山・障子山,33.7339357,132.7416297,383.6048516063258,0,3,,,13|198|465,谷上山|権現山|権現山,0.68,0.41,check,top1_count=0; top3_count=3; max_score=0.68
summit-candidate:d4dc6f2bbe1f994f,yamap_2022-02-11_08_26.gpx,塩ヶ森・番駄ヶ森・ケタ山・大磨山・鍵山（象ヶ森）,33.7646004,132.900658,643.7166666666667,0,3,,,19|20|21,番駄ヶ森|ケタ山|大磨山,0.85,0.78,check,top1_count=0; top3_count=3; max_score=0.85
summit-candidate:d663a75e24f23530,yamap_2025-12-14_08_56.gpx,梁瀬山・紅葉山,33.4832129,132.5575289,373.03999999999996,0,3,,,443|444|445,根太山|紅葉山|梁瀬山,0.85,0.78,check,top1_count=0; top3_count=3; max_score=0.85
summit-candidate:dd7a40896ae9f6d4,yamap_2024-06-08_08_42.gpx,沓掛山・黒森山,33.8551537,133.2686747,1666.7,0,3,,,226|306|307,黒森山|黒森山|沓掛山,0.69,0.42,check,top1_count=0; top3_count=3; max_score=0.69
summit-candidate:e4172c5503fdcc89,yamap_2024-04-07_06_45.gpx,二箆山・西雑誌山,33.6086175,133.0786503,1338.5933333333335,0,3,,,292|488|529,西雑誌山|大ノ森|玉取山,0.78,0.51,check,top1_count=0; top3_count=3; max_score=0.78
summit-candidate:01f601a63b1874f6,yamap_2025-04-19_07_10.gpx,小屋山・丸石山,33.4979362,132.8835088,1371.8433333333335,0,2,,,409|410,小屋山|丸石山,0.69,0.42,check,top1_count=0; top3_count=2; max_score=0.69
summit-candidate:0ec3be2fa2295b82,yamap_2022-03-03_10_47.gpx,奥之城山・ヌタノサコ,33.8795615,132.8282109,388.2833333333333,0,2,,,40|232,ヌタノサコ|奥之城山,0.73,0.66,check,top1_count=0; top3_count=2; max_score=0.73
summit-candidate:3111fcf6a23addd2,yamap_2022-08-27_06_05.gpx,北三方ヶ森,33.9465925,132.896379,905.61,0,2,,,116|387,北三方ヶ森|階上山,0.5,0.23,check,top1_count=0; top3_count=2; max_score=0.5
summit-candidate:3a491eecbf684185,yamap_2024-03-10_07_12.gpx,夫婦山・白山・観音山・国見山・城山・御勧請山,33.8995828,132.7922499,332.31718344424,0,2,,,276|280,白山|御勧請山,0.85,0.78,check,top1_count=0; top3_count=2; max_score=0.85
summit-candidate:4b66146264e5e167,yamap_2025-09-27_06_52.gpx,東光森山・別子山,33.8367026,133.4035972,1271.6466666666668,0,2,,,428|429,東光森山|別子山,0.67,0.4,check,top1_count=0; top3_count=2; max_score=0.67
summit-candidate:67df63dc99cf8614,yamap_2024-04-07_06_45.gpx,二箆山・西雑誌山,33.6216493,133.061506,1190.45,0,2,,,291|526,二箆山|大旗山,0.79,0.52,check,top1_count=0; top3_count=2; max_score=0.79
summit-candidate:740ae36ed8c63d60,yamap_2026-03-01_06_45.gpx,剣ノ山・三傍示山・塩塚峰,33.8934243,133.6780358,1110.4433333333334,0,2,,,472|525,剣ノ山|櫛ヶ峰,0.68,0.41,check,top1_count=0; top3_count=2; max_score=0.68
summit-candidate:7a8dca9b423536f5,yamap_2026-02-22_07_32.gpx,高森山・町木山・寒台山・鎧掛山,33.5324276,132.7604222,836.1037770875326,0,2,,,469|514,寒台山|棟山,0.62,0.35,check,top1_count=0; top3_count=2; max_score=0.62
summit-candidate:80fb4ff56016a4dd,yamap_2022-02-26_07_43.gpx,御岳山,33.7482827,132.8648856,326.3533333333333,0,2,,,35|36,御岳山|石槌山,0.67,0.4,check,top1_count=0; top3_count=2; max_score=0.67
summit-candidate:851dc9683d2d7442,yamap_2024-10-14_04_48.gpx,三ッ足山・カガマシ山・橡尾山・笹ヶ峰,33.8802331,133.6356728,1024.2766666666666,0,2,,,65|328,引地山|笹ヶ峰,0.75,0.48,check,top1_count=0; top3_count=2; max_score=0.75
summit-candidate:8e8035372e25eb9d,yamap_2022-04-16_07_39.gpx,東三方ヶ森,33.887339,132.9480065,628.7666666666668,0,2,,,11|66,皿ヶ森|東三方ヶ森,0.67,0.4,check,top1_count=0; top3_count=2; max_score=0.67
summit-candidate:a03fbec9bab2fe7a,yamap_2022-11-26_04_41.gpx,銅山峰・西山・綱繰山・獅子舞の鼻・冠山・平家平,33.8478086,133.3416978,907.3366666666667,0,2,,,166|167,獅子舞の鼻|冠山,0.67,0.6,check,top1_count=0; top3_count=2; max_score=0.67
summit-candidate:a557f14fb032a808,yamap_2022-11-26_04_41.gpx,銅山峰・西山・綱繰山・獅子舞の鼻・冠山・平家平,33.8594931,133.3189152,1423.68,0,2,,,165|321,綱繰山|西山,0.85,0.78,check,top1_count=0; top3_count=2; max_score=0.85
summit-candidate:a61fd78e4e062683,yamap_2023-10-22_06_44.gpx,二ノ岳・高森,33.8209712,133.1775059,1361.2233333333334,0,2,,,245|530,高森|三ヶ森,0.63,0.56,check,top1_count=0; top3_count=2; max_score=0.63
summit-candidate:accbb6cf4fee8a2f,yamap_2025-09-27_06_52.gpx,東光森山・別子山,33.8391673,133.4252204,1449.5566666666666,0,2,,,428|429,東光森山|別子山,0.73,0.46,check,top1_count=0; top3_count=2; max_score=0.73
summit-candidate:b06e13a9483478e5,yamap_2022-04-15_11_52.gpx,皿ヶ嶺・引地山,33.7217271,132.882066,1139.9767402874822,0,2,,,65|217,引地山|皿ヶ嶺,0.5,0.23,check,top1_count=0; top3_count=2; max_score=0.5
summit-candidate:b2662116bd1858b6,yamap_2025-10-05_08_42.gpx,三ッ森山・大座礼山,33.8295378,133.3706113,1446.9966666666667,0,2,,,430|431,三ッ森山|大座礼山,0.79,0.52,check,top1_count=0; top3_count=2; max_score=0.79
summit-candidate:ba56c1ac8ac55c5f,yamap_2024-02-24_07_06.gpx,高月山・東高月山・郭公岳・櫨ヶ森・毛山,33.2026814,132.6251485,1062.8166666666666,0,2,,,269|270,櫨ヶ森|毛山,0.75,0.48,check,top1_count=0; top3_count=2; max_score=0.75
summit-candidate:c284068144ec2cfd,yamap_2022-01-15_08_17.gpx,関ヶ森・観音山・倉谷山・芝ヶ峠,33.8245858,132.8164365,278.01,0,2,,,1|48,関ヶ森|芝ヶ峠,0.85,0.78,check,top1_count=0; top3_count=2; max_score=0.85
summit-candidate:c87a377b77c80862,yamap_2026-04-29_06_34.gpx,面木山・黒森,33.798558,133.0173655,890.1266666666667,0,2,,,497|498,面木山|黒森,0.62,0.35,check,top1_count=0; top3_count=2; max_score=0.62
summit-candidate:c9e357d000632346,yamap_2026-05-02_09_29.gpx,男山・瓶ヶ森・台ヶ森,33.7913501,133.1887871,1732.5766666666666,0,2,,,312|499,男山|台ヶ森,0.67,0.35,check,top1_count=0; top3_count=2; max_score=0.67
summit-candidate:cf1e11202c4f4280,yamap_2022-03-05_09_44.gpx,城山・水梨山・向山,33.6926089,132.8062765,694.2914342760145,0,2,,,42|43,水梨山|向山,0.79,0.72,check,top1_count=0; top3_count=2; max_score=0.79
summit-candidate:d0f2d4ee46a862c3,yamap_2022-08-26_08_45.gpx,世田山・笠松山,33.9821643,133.0333086,360.61048094906045,0,2,,,114|115,世田山|笠松山,0.85,0.78,check,top1_count=0; top3_count=2; max_score=0.85
summit-candidate:d43fade4de3e33c8,yamap_2023-03-05_11_09.gpx,宝ヶ峯・淡路ヶ峠,33.8346163,132.8126367,278.9166666666667,0,2,,,208|209,宝ヶ峯|淡路ヶ峠,0.85,0.78,check,top1_count=0; top3_count=2; max_score=0.85
summit-candidate:e793f83b8a4fd86f,yamap_2022-04-25_11_35.gpx,伊之子山・左谷ノ森,33.9268119,132.9242667,927.37,0,2,,,72|214,伊之子山|左谷ノ森,0.66,0.48,check,top1_count=0; top3_count=2; max_score=0.66
summit-candidate:ea18d38abe59ed57,yamap_2023-01-06_11_33.gpx,岩子山・垣生山・津田山・弁天山,33.8438046,132.7313169,67.89666666666668,0,2,,,179|181,天山|星岡山,0.79,0.72,check,top1_count=0; top3_count=2; max_score=0.79
summit-candidate:f2538b7f88e2dd06,yamap_2024-07-06_10_01.gpx,子持権現山・男山・瓶ヶ森,33.7945738,133.1929016,1892.493333333333,0,2,,,311|313,子持権現山|瓶ヶ森,0.85,0.53,check,top1_count=0; top3_count=2; max_score=0.85
summit-candidate:f2aae42aff3dea24,yamap_2023-01-03_07_36.gpx,福見山・河原樋山・真松嶺・柿王寺森,33.8843866,132.8629961,543.3533333333334,0,2,,,183|184,真松嶺|柿王寺森,0.85,0.78,check,top1_count=0; top3_count=2; max_score=0.85
summit-candidate:05007aaf499a4ecc,yamap_2026-03-21_13_44.gpx,笹峠山,33.5409797,132.8012664,967.0418485014342,0,1,,,495,雨乞山,0.62,0.35,check,top1_count=0; top3_count=1; max_score=0.62
summit-candidate:26848eb9192f4a1a,yamap_2024-06-01_07_14.gpx,椿山,33.7159431,133.1399924,1600.17,0,1,,,305,椿山,0.79,0.52,check,top1_count=0; top3_count=1; max_score=0.79
summit-candidate:56cffb103cbe3aac,yamap_2024-02-17_05_38.gpx,大黒山・譲ヶ葉森,33.1177367,132.6239642,863.4266666666667,0,1,,,265,譲ヶ葉森,0.67,0.6,check,top1_count=0; top3_count=1; max_score=0.67
summit-candidate:7213c478833fd90f,yamap_2022-09-09_06_58.gpx,寒風山・笹ヶ峰・ちち山,33.8318331,133.2842619,1846.8,0,1,,,119,寒風山,0.73,0.46,check,top1_count=0; top3_count=1; max_score=0.73
summit-candidate:756a1162bc669c0b,yamap_2024-09-14_07_46.gpx,伊予富士,33.7844425,133.269845,1452.5600000000002,0,1,,,317,伊予富士,0.5,0.23,check,top1_count=0; top3_count=1; max_score=0.5
summit-candidate:77bb5774f7fa012e,yamap_2022-04-16_07_39.gpx,東三方ヶ森,33.8997373,132.9587422,1199.216666666667,0,1,,,66,東三方ヶ森,0.63,0.36,check,top1_count=0; top3_count=1; max_score=0.63
summit-candidate:90f628409cfebc32,yamap_2023-01-03_07_36.gpx,福見山・河原樋山・真松嶺・柿王寺森,33.8894209,132.9016775,1046.8,0,1,,,210,福見山,0.68,0.41,check,top1_count=0; top3_count=1; max_score=0.68
summit-candidate:96e5be71880efe52,yamap_2024-08-03_20_36.gpx,高縄山,33.9454763,132.8500201,978.8978042618015,0,1,,,316,高縄山,0.67,0.67,check,top1_count=0; top3_count=1; max_score=0.67
summit-candidate:9aa0e8d9e593d79d,yamap_2024-09-14_07_46.gpx,伊予富士,33.7910786,133.2533442,1628.8633333333335,0,1,,,317,伊予富士,0.5,0.23,check,top1_count=0; top3_count=1; max_score=0.5
summit-candidate:9b4175d2d4104530,yamap_2022-09-04_12_08.gpx,大友山,33.7528018,132.8052723,343.08666666666664,0,1,,,117,大友山,0.57,0.3,check,top1_count=0; top3_count=1; max_score=0.57
summit-candidate:a0c5556d9432a199,yamap_2024-09-23_07_35.gpx,中津山(明神山)・猿越山,33.5919794,133.0545216,1432.5666666666666,0,1,,,319,猿越山,0.68,0.41,check,top1_count=0; top3_count=1; max_score=0.68
summit-candidate:ad2256a1bfd3ef78,yamap_2023-11-11_07_17.gpx,四辻ノ森・三光ノ辻山,33.6557256,133.0525977,1157.3250757909168,0,1,,,244,二ノ岳,0.73,0.66,check,top1_count=0; top3_count=1; max_score=0.73
summit-candidate:bdf43111ae9de6ae,yamap_2024-06-14_06_46.gpx,二反山,34.28362,133.0099608,391.75,0,1,,,308,二反山,0.56,0.56,check,top1_count=0; top3_count=1; max_score=0.56
summit-candidate:c256cfef3720557f,yamap_2022-11-26_04_41.gpx,銅山峰・西山・綱繰山・獅子舞の鼻・冠山・平家平,33.8146236,133.3260701,1691.2766666666666,0,1,,,309,平家平,0.68,0.41,check,top1_count=0; top3_count=1; max_score=0.68
summit-candidate:c9aa57cdeb1b49fa,yamap_2025-03-20_08_27.gpx,高山・大里山・泰ノ山,33.9769486,132.6147118,105.34333333333332,0,1,,,29,高山,0.67,0.6,check,top1_count=0; top3_count=1; max_score=0.67
summit-candidate:cad0ade9ddec2b1a,yamap_2026-03-21_07_01.gpx,雨乞山・妙見森,33.5219713,132.8429594,1296.6768919465774,0,1,,,527,兵庫山,0.62,0.35,check,top1_count=0; top3_count=1; max_score=0.62
summit-candidate:d19542a61a416537,yamap_2024-03-10_07_12.gpx,夫婦山・白山・観音山・国見山・城山・御勧請山,33.8844211,132.786858,249.26694835004648,0,1,,,279,城山,0.85,0.78,check,top1_count=0; top3_count=1; max_score=0.85
summit-candidate:dc647fe1827a43e3,yamap_2024-06-15_08_50.gpx,平家平,33.8146381,133.3259827,1691.0633333333335,0,1,,,309,平家平,0.68,0.41,check,top1_count=0; top3_count=1; max_score=0.68
summit-candidate:ee632dd427dbb1ff,yamap_2025-09-21_08_53.gpx,前社ヶ森・剣山・黒川山,33.7905443,133.1279248,1416.9733333333334,0,1,,,531,扇山,0.67,0.6,check,top1_count=0; top3_count=1; max_score=0.67
summit-candidate:f09a1f754bcb761e,yamap_2022-07-10_07_25.gpx,男山・瓶ヶ森・西黒森,33.7942477,133.2060388,1850.4420465524036,0,1,,,109,西黒森,0.5,0.35,check,top1_count=0; top3_count=1; max_score=0.5
summit-candidate:f59e1ba73617c383,yamap_2025-04-06_08_48.gpx,加塚山,33.1347793,132.6282847,1005.7346655272108,0,1,,,478,尻割山,0.57,0.3,check,top1_count=0; top3_count=1; max_score=0.57
summit-candidate:fcfb64bccceb89d4,yamap_2026-01-31_07_40.gpx,槇ノ山,33.2525878,132.5586899,367.51666666666665,0,1,,,458,遠見山,0.73,0.66,check,top1_count=0; top3_count=1; max_score=0.73
summit-candidate:feca346909b97b92,yamap_2022-01-15_08_17.gpx,関ヶ森・観音山・倉谷山・芝ヶ峠,33.8376784,132.825374,402.01,0,1,,,47,倉谷山,0.79,0.72,check,top1_count=0; top3_count=1; max_score=0.79
summit-candidate:0f61b39e537be0a6,yamap_2026-03-21_07_01.gpx,雨乞山・妙見森,33.5236645,132.8378477,1268.5535851519437,0,0,,,,,0.62,0.35,check,top1_count=0; top3_count=0; max_score=0.62
summit-candidate:124ae25a51aa9a64,yamap_2022-05-15_06_10.gpx,割石東山・青滝山・堂ヶ森,33.7589522,133.0444754,1256.8500000000001,0,0,,,,,0.63,0.36,check,top1_count=0; top3_count=0; max_score=0.63
summit-candidate:1f61c36c208539fd,yamap_2025-04-19_07_10.gpx,小屋山・丸石山,33.4978098,132.8738842,1380.8466666666666,0,0,,,,,0.63,0.36,check,top1_count=0; top3_count=0; max_score=0.63
summit-candidate:2666cead0a841bbb,yamap_2025-10-05_08_42.gpx,三ッ森山・大座礼山,33.824185,133.391598,1532.5633333333333,0,0,,,,,0.5,0.23,check,top1_count=0; top3_count=0; max_score=0.5
summit-candidate:2b97141dc260a078,yamap_2022-05-15_06_10.gpx,割石東山・青滝山・堂ヶ森,33.7587106,133.0192751,1232.6866666666667,0,0,,,,,0.57,0.3,check,top1_count=0; top3_count=0; max_score=0.57
summit-candidate:395bb631522975b6,yamap_2022-09-09_06_58.gpx,寒風山・笹ヶ峰・ちち山,33.8051544,133.2736798,1138.3266666666668,0,0,,,,,0.5,0.23,check,top1_count=0; top3_count=0; max_score=0.5
summit-candidate:61a5956a49a7ace2,yamap_2022-10-08_06_12.gpx,東山・西赤石山・物住頭・前赤石山・東赤石山・八巻山,33.879673,133.3538898,1631.9833333333333,0,0,,,,,0.75,0.42,check,top1_count=0; top3_count=0; max_score=0.75
summit-candidate:69da123016e6ad8b,yamap_2025-04-06_08_48.gpx,加塚山,33.142538,132.6306376,921.62,0,0,,,,,0.5,0.23,check,top1_count=0; top3_count=0; max_score=0.5
summit-candidate:9f01494435790d72,yamap_2022-10-28_06_21.gpx,割石峠山・石墨山・法師山・白猪山・根無山・樽谷山・梅ヶ谷山,33.7341084,132.9846838,1437.8266666666666,0,0,,,,,0.57,0.5,check,top1_count=0; top3_count=0; max_score=0.57
summit-candidate:a00d481162af54e2,yamap_2022-11-26_04_41.gpx,銅山峰・西山・綱繰山・獅子舞の鼻・冠山・平家平,33.8285796,133.2937377,1719.1733333333334,0,0,,,,,0.62,0.35,check,top1_count=0; top3_count=0; max_score=0.62
summit-candidate:a6379cb2ebc004fb,yamap_2023-03-29_05_31.gpx,えんとつ山・生子山・犬返・種子川山・西赤石山・物住頭・上兜山・下兜山,33.8797048,133.3537674,1631.17,0,0,,,,,0.75,0.42,check,top1_count=0; top3_count=0; max_score=0.75
summit-candidate:b27cb491de0f94b6,yamap_2023-11-11_07_17.gpx,四辻ノ森・三光ノ辻山,33.6540726,133.0652222,1140.991937743903,0,0,,,,,0.67,0.6,check,top1_count=0; top3_count=0; max_score=0.67
summit-candidate:b6f296c230c1891d,yamap_2022-04-16_07_39.gpx,東三方ヶ森,33.8761667,132.9651395,598.0666666666667,0,0,,,,,0.55,0.28,check,top1_count=0; top3_count=0; max_score=0.55
summit-candidate:bd875ddf4679d1f7,yamap_2024-09-23_07_35.gpx,中津山(明神山)・猿越山,33.5852426,133.0497345,1415.6933333333334,0,0,,,,,0.62,0.35,check,top1_count=0; top3_count=0; max_score=0.62
summit-candidate:ccaadb71f8ae2bd1,yamap_2022-07-10_07_25.gpx,男山・瓶ヶ森・西黒森,33.7890862,133.1926167,1711.8700000000001,0,0,,,,,0.45,0.3,check,top1_count=0; top3_count=0; max_score=0.45
summit-candidate:ec2a95521eaac250,yamap_2024-04-07_06_45.gpx,二箆山・西雑誌山,33.6192163,133.0702571,1252.7733333333333,0,0,,,,,0.67,0.4,check,top1_count=0; top3_count=0; max_score=0.67
summit-candidate:edd15dad4a862cba,yamap_2022-03-05_09_44.gpx,城山・水梨山・向山,33.6953574,132.7931539,478.48019710501103,0,0,,,,,0.67,0.6,check,top1_count=0; top3_count=0; max_score=0.67
summit-candidate:fecfbf815fc6d5a7,yamap_2024-10-14_04_48.gpx,三ッ足山・カガマシ山・橡尾山・笹ヶ峰,33.9019921,133.6396523,846.3000000000001,0,0,,,,,0.67,0.6,check,top1_count=0; top3_count=0; max_score=0.67
