<?xml version='1.0' encoding='UTF-8'?>
<gpx creator="YAMAP - https://yamap.com"
    xsi:schemaLocation="http://www.topografix.com/GPX/1/1 http://www.topografix.com/GPX/1/1/gpx.xsd"
    version="1.1" xmlns="http://www.topografix.com/GPX/1/1"
    xmlns:xsi="http://www.w3.org/2001/XMLSchema-instance">
    <metadata>
        <bounds maxlat="33.8620526" maxlon="132.8436154" minlat="33.820842" minlon="132.8079906" />
    </metadata>
    <trk>
        <name>関ヶ森・観音山・倉谷山・芝ヶ峠</name>
        <number>1</number>
        <trkseg>
            <trkpt lat="33.861658" lon="132.8188644">
                <ele>95.57000000000001</ele>
                <time>2022-01-14T23:17:49Z</time>
            </trkpt>
            <trkpt lat="33.8616658" lon="132.8190871">
                <ele>95.88</ele>
                <time>2022-01-14T23:18:19Z</time>
            </trkpt>
            <trkpt lat="33.8617799" lon="132.8192636">
                <ele>95.77</ele>
                <time>2022-01-14T23:18:33Z</time>
            </trkpt>
            <trkpt lat="33.8618508" lon="132.8194636">
                <ele>95.98333333333335</ele>
                <time>2022-01-14T23:23:42Z</time>
            </trkpt>
            <trkpt lat="33.8619454" lon="132.8196508">
                <ele>96.27666666666666</ele>
                <time>2022-01-14T23:23:59Z</time>
            </trkpt>
            <trkpt lat="33.8620226" lon="132.8198471">
                <ele>96.82333333333334</ele>
                <time>2022-01-14T23:24:10Z</time>
            </trkpt>
            <trkpt lat="33.8620526" lon="132.8200702">
                <ele>97.67333333333333</ele>
                <time>2022-01-14T23:24:20Z</time>
            </trkpt>
            <trkpt lat="33.8620032" lon="132.8202796">
                <ele>99.0</ele>
                <time>2022-01-14T23:24:32Z</time>
            </trkpt>
            <trkpt lat="33.8618769" lon="132.8204445">
                <ele>100.44</ele>
                <time>2022-01-14T23:24:47Z</time>
            </trkpt>
            <trkpt lat="33.8617386" lon="132.8206025">
                <ele>101.19666666666667</ele>
                <time>2022-01-14T23:25:02Z</time>
            </trkpt>
            <trkpt lat="33.8615924" lon="132.8207324">
                <ele>101.11333333333334</ele>
                <time>2022-01-14T23:25:18Z</time>
            </trkpt>
            <trkpt lat="33.8614171" lon="132.8206679">
                <ele>102.99666666666667</ele>
                <time>2022-01-14T23:25:32Z</time>
            </trkpt>
            <trkpt lat="33.8613448" lon="132.8208788">
                <ele>103.83</ele>
                <time>2022-01-14T23:25:46Z</time>
            </trkpt>
            <trkpt lat="33.8613392" lon="132.8211021">
                <ele>104.55666666666667</ele>
                <time>2022-01-14T23:26:00Z</time>
            </trkpt>
            <trkpt lat="33.8612842" lon="132.8213179">
                <ele>104.07666666666667</ele>
                <time>2022-01-14T23:26:13Z</time>
            </trkpt>
            <trkpt lat="33.8612418" lon="132.8215461">
                <ele>105.48</ele>
                <time>2022-01-14T23:26:28Z</time>
            </trkpt>
            <trkpt lat="33.8613452" lon="132.8217421">
                <ele>108.06</ele>
                <time>2022-01-14T23:26:43Z</time>
            </trkpt>
            <trkpt lat="33.861455" lon="132.8219221">
                <ele>113.48</ele>
                <time>2022-01-14T23:26:57Z</time>
            </trkpt>
            <trkpt lat="33.8614979" lon="132.8221327">
                <ele>118.32333333333332</ele>
                <time>2022-01-14T23:27:10Z</time>
            </trkpt>
            <trkpt lat="33.8615005" lon="132.8223535">
                <ele>124.84333333333332</ele>
                <time>2022-01-14T23:27:24Z</time>
            </trkpt>
            <trkpt lat="33.8613569" lon="132.8224901">
                <ele>128.03666666666666</ele>
                <time>2022-01-14T23:27:38Z</time>
            </trkpt>
            <trkpt lat="33.8611818" lon="132.8225768">
                <ele>129.9466666666667</ele>
                <time>2022-01-14T23:27:54Z</time>
            </trkpt>
            <trkpt lat="33.8611118" lon="132.8227763">
                <ele>129.14000000000001</ele>
                <time>2022-01-14T23:28:08Z</time>
            </trkpt>
            <trkpt lat="33.8611355" lon="132.8229908">
                <ele>128.27333333333334</ele>
                <time>2022-01-14T23:28:25Z</time>
            </trkpt>
            <trkpt lat="33.861261" lon="132.8231495">
                <ele>132.02333333333334</ele>
                <time>2022-01-14T23:29:00Z</time>
            </trkpt>
            <trkpt lat="33.8613374" lon="132.8233516">
                <ele>137.76666666666668</ele>
                <time>2022-01-14T23:29:14Z</time>
            </trkpt>
            <trkpt lat="33.8613399" lon="132.8235688">
                <ele>142.70666666666668</ele>
                <time>2022-01-14T23:29:31Z</time>
            </trkpt>
            <trkpt lat="33.8613168" lon="132.8237835">
                <ele>143.35</ele>
                <time>2022-01-14T23:30:42Z</time>
            </trkpt>
            <trkpt lat="33.8614279" lon="132.8239685">
                <ele>143.11333333333334</ele>
                <time>2022-01-14T23:30:58Z</time>
            </trkpt>
            <trkpt lat="33.861492" lon="132.8241837">
                <ele>144.66666666666666</ele>
                <time>2022-01-14T23:31:08Z</time>
            </trkpt>
            <trkpt lat="33.8615482" lon="132.8244146">
                <ele>148.61666666666667</ele>
                <time>2022-01-14T23:31:22Z</time>
            </trkpt>
            <trkpt lat="33.8616339" lon="132.8246091">
                <ele>153.92666666666668</ele>
                <time>2022-01-14T23:31:36Z</time>
            </trkpt>
            <trkpt lat="33.8616185" lon="132.8248281">
                <ele>158.89666666666668</ele>
                <time>2022-01-14T23:31:56Z</time>
            </trkpt>
            <trkpt lat="33.8614984" lon="132.8250016">
                <ele>159.57</ele>
                <time>2022-01-14T23:32:21Z</time>
            </trkpt>
            <trkpt lat="33.8615624" lon="132.8252109">
                <ele>160.47666666666666</ele>
                <time>2022-01-14T23:32:35Z</time>
            </trkpt>
            <trkpt lat="33.8616192" lon="132.825418">
                <ele>162.48666666666668</ele>
                <time>2022-01-14T23:32:56Z</time>
            </trkpt>
            <trkpt lat="33.8617095" lon="132.8256129">
                <ele>168.89</ele>
                <time>2022-01-14T23:33:15Z</time>
            </trkpt>
            <trkpt lat="33.8616904" lon="132.8258321">
                <ele>172.33</ele>
                <time>2022-01-14T23:33:35Z</time>
            </trkpt>
            <trkpt lat="33.861707" lon="132.8260521">
                <ele>173.9</ele>
                <time>2022-01-14T23:34:00Z</time>
            </trkpt>
            <trkpt lat="33.8617194" lon="132.8262734">
                <ele>174.98333333333335</ele>
                <time>2022-01-14T23:34:13Z</time>
            </trkpt>
            <trkpt lat="33.8617118" lon="132.8264923">
                <ele>177.45333333333335</ele>
                <time>2022-01-14T23:34:27Z</time>
            </trkpt>
            <trkpt lat="33.861744" lon="132.8267108">
                <ele>183.41</ele>
                <time>2022-01-14T23:34:44Z</time>
            </trkpt>
            <trkpt lat="33.8618089" lon="132.826918">
                <ele>191.60666666666668</ele>
                <time>2022-01-14T23:35:05Z</time>
            </trkpt>
            <trkpt lat="33.8616688" lon="132.8270614">
                <ele>197.13333333333333</ele>
                <time>2022-01-14T23:35:22Z</time>
            </trkpt>
            <trkpt lat="33.8615463" lon="132.8272253">
                <ele>198.01</ele>
                <time>2022-01-14T23:35:37Z</time>
            </trkpt>
            <trkpt lat="33.8614633" lon="132.8274181">
                <ele>196.33666666666667</ele>
                <time>2022-01-14T23:35:54Z</time>
            </trkpt>
            <trkpt lat="33.8613602" lon="132.827599">
                <ele>195.99666666666667</ele>
                <time>2022-01-14T23:36:11Z</time>
            </trkpt>
            <trkpt lat="33.8612246" lon="132.8277463">
                <ele>197.76666666666665</ele>
                <time>2022-01-14T23:36:28Z</time>
            </trkpt>
            <trkpt lat="33.8610472" lon="132.8278019">
                <ele>195.88333333333335</ele>
                <time>2022-01-14T23:36:46Z</time>
            </trkpt>
            <trkpt lat="33.8609319" lon="132.8279744">
                <ele>194.52666666666667</ele>
                <time>2022-01-14T23:37:05Z</time>
            </trkpt>
            <trkpt lat="33.8609066" lon="132.8281892">
                <ele>194.45666666666668</ele>
                <time>2022-01-14T23:37:20Z</time>
            </trkpt>
            <trkpt lat="33.8607523" lon="132.8283059">
                <ele>195.83333333333334</ele>
                <time>2022-01-14T23:37:57Z</time>
            </trkpt>
            <trkpt lat="33.8607681" lon="132.8285215">
                <ele>198.68666666666664</ele>
                <time>2022-01-14T23:40:38Z</time>
            </trkpt>
            <trkpt lat="33.8607457" lon="132.8287416">
                <ele>200.79</ele>
                <time>2022-01-14T23:40:58Z</time>
            </trkpt>
            <trkpt lat="33.8606786" lon="132.8289502">
                <ele>204.39666666666668</ele>
                <time>2022-01-14T23:41:26Z</time>
            </trkpt>
            <trkpt lat="33.8606414" lon="132.8291646">
                <ele>206.53333333333333</ele>
                <time>2022-01-14T23:41:40Z</time>
            </trkpt>
            <trkpt lat="33.8606736" lon="132.8293799">
                <ele>209.04333333333332</ele>
                <time>2022-01-14T23:41:58Z</time>
            </trkpt>
            <trkpt lat="33.8608119" lon="132.8295237">
                <ele>214.73333333333335</ele>
                <time>2022-01-14T23:42:13Z</time>
            </trkpt>
            <trkpt lat="33.8608907" lon="132.8297219">
                <ele>223.08666666666667</ele>
                <time>2022-01-14T23:42:48Z</time>
            </trkpt>
            <trkpt lat="33.8608861" lon="132.8299434">
                <ele>230.14000000000001</ele>
                <time>2022-01-14T23:43:00Z</time>
            </trkpt>
            <trkpt lat="33.8608678" lon="132.8301705">
                <ele>234.23000000000002</ele>
                <time>2022-01-14T23:43:16Z</time>
            </trkpt>
            <trkpt lat="33.8608585" lon="132.8303866">
                <ele>234.49</ele>
                <time>2022-01-14T23:43:32Z</time>
            </trkpt>
            <trkpt lat="33.8608564" lon="132.8306075">
                <ele>235.69999999999996</ele>
                <time>2022-01-14T23:43:49Z</time>
            </trkpt>
            <trkpt lat="33.8608243" lon="132.8308285">
                <ele>238.96</ele>
                <time>2022-01-14T23:44:14Z</time>
            </trkpt>
            <trkpt lat="33.8607081" lon="132.8310018">
                <ele>243.38666666666666</ele>
                <time>2022-01-14T23:44:29Z</time>
            </trkpt>
            <trkpt lat="33.8606078" lon="132.8311836">
                <ele>247.2166666666667</ele>
                <time>2022-01-14T23:44:44Z</time>
            </trkpt>
            <trkpt lat="33.8604552" lon="132.83132">
                <ele>248.98666666666668</ele>
                <time>2022-01-14T23:45:00Z</time>
            </trkpt>
            <trkpt lat="33.860321" lon="132.8314675">
                <ele>250.91666666666666</ele>
                <time>2022-01-14T23:45:16Z</time>
            </trkpt>
            <trkpt lat="33.8602706" lon="132.831683">
                <ele>253.0666666666667</ele>
                <time>2022-01-14T23:45:35Z</time>
            </trkpt>
            <trkpt lat="33.8601341" lon="132.8318414">
                <ele>255.02666666666664</ele>
                <time>2022-01-14T23:45:56Z</time>
            </trkpt>
            <trkpt lat="33.8600119" lon="132.8320022">
                <ele>256.54333333333335</ele>
                <time>2022-01-14T23:46:50Z</time>
            </trkpt>
            <trkpt lat="33.8599823" lon="132.8322264">
                <ele>258.08</ele>
                <time>2022-01-14T23:47:04Z</time>
            </trkpt>
            <trkpt lat="33.8599057" lon="132.8324265">
                <ele>261.20666666666665</ele>
                <time>2022-01-14T23:47:19Z</time>
            </trkpt>
            <trkpt lat="33.8598288" lon="132.8326243">
                <ele>267.99666666666667</ele>
                <time>2022-01-14T23:47:35Z</time>
            </trkpt>
            <trkpt lat="33.8597134" lon="132.8327917">
                <ele>272.81</ele>
                <time>2022-01-14T23:47:54Z</time>
            </trkpt>
            <trkpt lat="33.8597442" lon="132.8330089">
                <ele>278.92333333333335</ele>
                <time>2022-01-14T23:48:15Z</time>
            </trkpt>
            <trkpt lat="33.8597829" lon="132.8332203">
                <ele>283.28333333333336</ele>
                <time>2022-01-14T23:48:38Z</time>
            </trkpt>
            <trkpt lat="33.8596837" lon="132.833414">
                <ele>287.92</ele>
                <time>2022-01-14T23:48:56Z</time>
            </trkpt>
            <trkpt lat="33.8595804" lon="132.8335985">
                <ele>288.3066666666667</ele>
                <time>2022-01-14T23:49:16Z</time>
            </trkpt>
            <trkpt lat="33.8595119" lon="132.8337994">
                <ele>288.31</ele>
                <time>2022-01-14T23:49:38Z</time>
            </trkpt>
            <trkpt lat="33.8595526" lon="132.8340162">
                <ele>290.43666666666667</ele>
                <time>2022-01-14T23:50:07Z</time>
            </trkpt>
            <trkpt lat="33.8595365" lon="132.8342425">
                <ele>296.5566666666667</ele>
                <time>2022-01-14T23:50:37Z</time>
            </trkpt>
            <trkpt lat="33.8593883" lon="132.834376">
                <ele>299.42333333333335</ele>
                <time>2022-01-14T23:50:55Z</time>
            </trkpt>
            <trkpt lat="33.8593498" lon="132.8345892">
                <ele>303.16333333333336</ele>
                <time>2022-01-14T23:51:35Z</time>
            </trkpt>
            <trkpt lat="33.859219" lon="132.8347478">
                <ele>303.28666666666663</ele>
                <time>2022-01-14T23:51:58Z</time>
            </trkpt>
            <trkpt lat="33.8590749" lon="132.8348965">
                <ele>306.4066666666667</ele>
                <time>2022-01-14T23:52:16Z</time>
            </trkpt>
            <trkpt lat="33.8589048" lon="132.8349708">
                <ele>306.72</ele>
                <time>2022-01-14T23:52:38Z</time>
            </trkpt>
            <trkpt lat="33.8587148" lon="132.8349583">
                <ele>309.68</ele>
                <time>2022-01-14T23:52:51Z</time>
            </trkpt>
            <trkpt lat="33.8588827" lon="132.8348696">
                <ele>308.94</ele>
                <time>2022-01-14T23:53:47Z</time>
            </trkpt>
            <trkpt lat="33.8590468" lon="132.8349749">
                <ele>309.77</ele>
                <time>2022-01-14T23:53:58Z</time>
            </trkpt>
            <trkpt lat="33.8589833" lon="132.835196">
                <ele>310.81666666666666</ele>
                <time>2022-01-14T23:54:31Z</time>
            </trkpt>
            <trkpt lat="33.8589973" lon="132.8354182">
                <ele>317.0566666666667</ele>
                <time>2022-01-14T23:55:24Z</time>
            </trkpt>
            <trkpt lat="33.8589641" lon="132.8356372">
                <ele>325.54333333333335</ele>
                <time>2022-01-14T23:55:36Z</time>
            </trkpt>
            <trkpt lat="33.8591401" lon="132.8355755">
                <ele>333.53</ele>
                <time>2022-01-14T23:56:12Z</time>
            </trkpt>
            <trkpt lat="33.8591147" lon="132.8357916">
                <ele>341.6266666666667</ele>
                <time>2022-01-14T23:57:44Z</time>
            </trkpt>
            <trkpt lat="33.8590276" lon="132.8359866">
                <ele>346.0933333333334</ele>
                <time>2022-01-14T23:58:00Z</time>
            </trkpt>
            <trkpt lat="33.8589707" lon="132.8362">
                <ele>349.1333333333334</ele>
                <time>2022-01-14T23:58:14Z</time>
            </trkpt>
            <trkpt lat="33.8588511" lon="132.8363644">
                <ele>348.6166666666666</ele>
                <time>2022-01-14T23:58:42Z</time>
            </trkpt>
            <trkpt lat="33.858729" lon="132.8365262">
                <ele>348.6566666666667</ele>
                <time>2022-01-14T23:59:06Z</time>
            </trkpt>
            <trkpt lat="33.8587694" lon="132.8367415">
                <ele>351.3633333333334</ele>
                <time>2022-01-14T23:59:30Z</time>
            </trkpt>
            <trkpt lat="33.8587576" lon="132.8369588">
                <ele>356.40333333333336</ele>
                <time>2022-01-14T23:59:50Z</time>
            </trkpt>
            <trkpt lat="33.8587299" lon="132.8371782">
                <ele>362.92</ele>
                <time>2022-01-15T00:00:29Z</time>
            </trkpt>
            <trkpt lat="33.858705" lon="132.8373986">
                <ele>365.74333333333334</ele>
                <time>2022-01-15T00:00:47Z</time>
            </trkpt>
            <trkpt lat="33.8586728" lon="132.8376153">
                <ele>367.99333333333334</ele>
                <time>2022-01-15T00:01:10Z</time>
            </trkpt>
            <trkpt lat="33.8587032" lon="132.8378314">
                <ele>368.59</ele>
                <time>2022-01-15T00:01:32Z</time>
            </trkpt>
            <trkpt lat="33.8588108" lon="132.8380082">
                <ele>373.31333333333333</ele>
                <time>2022-01-15T00:01:56Z</time>
            </trkpt>
            <trkpt lat="33.8589159" lon="132.8381854">
                <ele>377.74333333333334</ele>
                <time>2022-01-15T00:02:35Z</time>
            </trkpt>
            <trkpt lat="33.8589894" lon="132.8383851">
                <ele>382.29</ele>
                <time>2022-01-15T00:02:48Z</time>
            </trkpt>
            <trkpt lat="33.8590535" lon="132.8385905">
                <ele>383.91333333333336</ele>
                <time>2022-01-15T00:03:02Z</time>
            </trkpt>
            <trkpt lat="33.8592014" lon="132.838728">
                <ele>386.0733333333333</ele>
                <time>2022-01-15T00:03:15Z</time>
            </trkpt>
            <trkpt lat="33.8593199" lon="132.8388977">
                <ele>389.49666666666667</ele>
                <time>2022-01-15T00:03:38Z</time>
            </trkpt>
            <trkpt lat="33.8591931" lon="132.8390537">
                <ele>390.59666666666664</ele>
                <time>2022-01-15T00:04:11Z</time>
            </trkpt>
            <trkpt lat="33.8590119" lon="132.8389516">
                <ele>388.2733333333333</ele>
                <time>2022-01-15T00:04:46Z</time>
            </trkpt>
            <trkpt lat="33.8588286" lon="132.8389577">
                <ele>386.60999999999996</ele>
                <time>2022-01-15T00:04:58Z</time>
            </trkpt>
            <trkpt lat="33.8586515" lon="132.8389047">
                <ele>388.82666666666665</ele>
                <time>2022-01-15T00:05:08Z</time>
            </trkpt>
            <trkpt lat="33.858477" lon="132.8388303">
                <ele>394.16333333333336</ele>
                <time>2022-01-15T00:05:20Z</time>
            </trkpt>
            <trkpt lat="33.8583168" lon="132.8387247">
                <ele>397.65333333333336</ele>
                <time>2022-01-15T00:05:41Z</time>
            </trkpt>
            <trkpt lat="33.8585041" lon="132.8387288">
                <ele>396.85666666666674</ele>
                <time>2022-01-15T00:06:10Z</time>
            </trkpt>
            <trkpt lat="33.8585942" lon="132.8389256">
                <ele>395.8433333333334</ele>
                <time>2022-01-15T00:06:32Z</time>
            </trkpt>
            <trkpt lat="33.8586958" lon="132.8391146">
                <ele>396.34</ele>
                <time>2022-01-15T00:06:57Z</time>
            </trkpt>
            <trkpt lat="33.8587839" lon="132.8393154">
                <ele>403.8533333333333</ele>
                <time>2022-01-15T00:07:47Z</time>
            </trkpt>
            <trkpt lat="33.8588871" lon="132.8394961">
                <ele>411.5</ele>
                <time>2022-01-15T00:08:21Z</time>
            </trkpt>
            <trkpt lat="33.8590311" lon="132.8396478">
                <ele>417.68333333333334</ele>
                <time>2022-01-15T00:08:52Z</time>
            </trkpt>
            <trkpt lat="33.8591849" lon="132.8397671">
                <ele>418.60666666666674</ele>
                <time>2022-01-15T00:09:02Z</time>
            </trkpt>
            <trkpt lat="33.8593336" lon="132.839899">
                <ele>418.1033333333334</ele>
                <time>2022-01-15T00:09:16Z</time>
            </trkpt>
            <trkpt lat="33.8594485" lon="132.8400693">
                <ele>418.2066666666667</ele>
                <time>2022-01-15T00:09:33Z</time>
            </trkpt>
            <trkpt lat="33.859583" lon="132.8402284">
                <ele>420.6566666666667</ele>
                <time>2022-01-15T00:09:51Z</time>
            </trkpt>
            <trkpt lat="33.8597596" lon="132.8403009">
                <ele>423.4066666666667</ele>
                <time>2022-01-15T00:10:07Z</time>
            </trkpt>
            <trkpt lat="33.8598975" lon="132.8404409">
                <ele>426.75666666666666</ele>
                <time>2022-01-15T00:10:29Z</time>
            </trkpt>
            <trkpt lat="33.860054" lon="132.8405504">
                <ele>428.59666666666664</ele>
                <time>2022-01-15T00:10:45Z</time>
            </trkpt>
            <trkpt lat="33.860215" lon="132.8404405">
                <ele>431.1166666666666</ele>
                <time>2022-01-15T00:11:15Z</time>
            </trkpt>
            <trkpt lat="33.8601743" lon="132.8402192">
                <ele>434.3633333333334</ele>
                <time>2022-01-15T00:11:29Z</time>
            </trkpt>
            <trkpt lat="33.8601379" lon="132.8400063">
                <ele>437.09666666666664</ele>
                <time>2022-01-15T00:12:24Z</time>
            </trkpt>
            <trkpt lat="33.8601457" lon="132.8397863">
                <ele>439.6466666666667</ele>
                <time>2022-01-15T00:12:41Z</time>
            </trkpt>
            <trkpt lat="33.8602041" lon="132.8395772">
                <ele>440.84666666666664</ele>
                <time>2022-01-15T00:13:03Z</time>
            </trkpt>
            <trkpt lat="33.8602614" lon="132.8393662">
                <ele>444.26666666666665</ele>
                <time>2022-01-15T00:13:20Z</time>
            </trkpt>
            <trkpt lat="33.8602121" lon="132.8391567">
                <ele>447.32666666666665</ele>
                <time>2022-01-15T00:13:38Z</time>
            </trkpt>
            <trkpt lat="33.8601494" lon="132.8389481">
                <ele>448.9866666666667</ele>
                <time>2022-01-15T00:14:07Z</time>
            </trkpt>
            <trkpt lat="33.8601756" lon="132.8387306">
                <ele>450.93</ele>
                <time>2022-01-15T00:14:29Z</time>
            </trkpt>
            <trkpt lat="33.8602549" lon="132.83853">
                <ele>454.6466666666667</ele>
                <time>2022-01-15T00:14:53Z</time>
            </trkpt>
            <trkpt lat="33.8603837" lon="132.8387026">
                <ele>463.4266666666667</ele>
                <time>2022-01-15T00:16:16Z</time>
            </trkpt>
            <trkpt lat="33.8605317" lon="132.8388357">
                <ele>473.1766666666667</ele>
                <time>2022-01-15T00:16:29Z</time>
            </trkpt>
            <trkpt lat="33.8606187" lon="132.8390278">
                <ele>481.27</ele>
                <time>2022-01-15T00:17:04Z</time>
            </trkpt>
            <trkpt lat="33.8605888" lon="132.8392465">
                <ele>482.71999999999997</ele>
                <time>2022-01-15T00:17:14Z</time>
            </trkpt>
            <trkpt lat="33.8606109" lon="132.8394633">
                <ele>481.5566666666667</ele>
                <time>2022-01-15T00:17:31Z</time>
            </trkpt>
            <trkpt lat="33.860728" lon="132.8396612">
                <ele>483.8733333333334</ele>
                <time>2022-01-15T00:17:48Z</time>
            </trkpt>
            <trkpt lat="33.8608582" lon="132.8398138">
                <ele>487.75333333333333</ele>
                <time>2022-01-15T00:18:04Z</time>
            </trkpt>
            <trkpt lat="33.8609789" lon="132.8399838">
                <ele>492.8500000000001</ele>
                <time>2022-01-15T00:18:38Z</time>
            </trkpt>
            <trkpt lat="33.8610695" lon="132.8401966">
                <ele>491.9433333333333</ele>
                <time>2022-01-15T00:18:52Z</time>
            </trkpt>
            <trkpt lat="33.8611589" lon="132.840388">
                <ele>495.27</ele>
                <time>2022-01-15T00:19:09Z</time>
            </trkpt>
            <trkpt lat="33.8612184" lon="132.8405997">
                <ele>497.3333333333333</ele>
                <time>2022-01-15T00:19:24Z</time>
            </trkpt>
            <trkpt lat="33.8612867" lon="132.8408029">
                <ele>502.78999999999996</ele>
                <time>2022-01-15T00:19:40Z</time>
            </trkpt>
            <trkpt lat="33.8612739" lon="132.8410243">
                <ele>500.76</ele>
                <time>2022-01-15T00:20:00Z</time>
            </trkpt>
            <trkpt lat="33.8614195" lon="132.8411519">
                <ele>500.63000000000005</ele>
                <time>2022-01-15T00:20:34Z</time>
            </trkpt>
            <trkpt lat="33.8615404" lon="132.841318">
                <ele>503.15000000000003</ele>
                <time>2022-01-15T00:20:50Z</time>
            </trkpt>
            <trkpt lat="33.8615993" lon="132.8415469">
                <ele>511.1033333333333</ele>
                <time>2022-01-15T00:21:02Z</time>
            </trkpt>
            <trkpt lat="33.861621" lon="132.8417646">
                <ele>516.3566666666667</ele>
                <time>2022-01-15T00:21:15Z</time>
            </trkpt>
            <trkpt lat="33.8616239" lon="132.8419875">
                <ele>517.3633333333332</ele>
                <time>2022-01-15T00:21:27Z</time>
            </trkpt>
            <trkpt lat="33.8616078" lon="132.8422046">
                <ele>516.4433333333333</ele>
                <time>2022-01-15T00:21:44Z</time>
            </trkpt>
            <trkpt lat="33.8614778" lon="132.8423645">
                <ele>514.4233333333333</ele>
                <time>2022-01-15T00:22:15Z</time>
            </trkpt>
            <trkpt lat="33.8613569" lon="132.8425328">
                <ele>512.3666666666667</ele>
                <time>2022-01-15T00:22:27Z</time>
            </trkpt>
            <trkpt lat="33.861201" lon="132.8426496">
                <ele>509.93666666666667</ele>
                <time>2022-01-15T00:22:49Z</time>
            </trkpt>
            <trkpt lat="33.8610384" lon="132.8425531">
                <ele>508.6966666666667</ele>
                <time>2022-01-15T00:30:23Z</time>
            </trkpt>
            <trkpt lat="33.8608306" lon="132.842499">
                <ele>511.35999999999996</ele>
                <time>2022-01-15T00:30:47Z</time>
            </trkpt>
            <trkpt lat="33.8607135" lon="132.8423258">
                <ele>514.0466666666666</ele>
                <time>2022-01-15T00:30:57Z</time>
            </trkpt>
            <trkpt lat="33.8605477" lon="132.8422175">
                <ele>516.59</ele>
                <time>2022-01-15T00:31:10Z</time>
            </trkpt>
            <trkpt lat="33.8603574" lon="132.8422259">
                <ele>516.7166666666667</ele>
                <time>2022-01-15T00:31:37Z</time>
            </trkpt>
            <trkpt lat="33.8601937" lon="132.8423257">
                <ele>518.1933333333334</ele>
                <time>2022-01-15T00:31:49Z</time>
            </trkpt>
            <trkpt lat="33.8600134" lon="132.8423287">
                <ele>520.6766666666666</ele>
                <time>2022-01-15T00:32:05Z</time>
            </trkpt>
            <trkpt lat="33.8598655" lon="132.8424558">
                <ele>521.4133333333334</ele>
                <time>2022-01-15T00:32:24Z</time>
            </trkpt>
            <trkpt lat="33.8596839" lon="132.8424621">
                <ele>521.6266666666667</ele>
                <time>2022-01-15T00:32:54Z</time>
            </trkpt>
            <trkpt lat="33.8594911" lon="132.8424673">
                <ele>522.6433333333333</ele>
                <time>2022-01-15T00:33:15Z</time>
            </trkpt>
            <trkpt lat="33.8593097" lon="132.8424824">
                <ele>525.5400000000001</ele>
                <time>2022-01-15T00:33:28Z</time>
            </trkpt>
            <trkpt lat="33.8591532" lon="132.8425982">
                <ele>528.0433333333334</ele>
                <time>2022-01-15T00:33:42Z</time>
            </trkpt>
            <trkpt lat="33.8589682" lon="132.8426091">
                <ele>528.69</ele>
                <time>2022-01-15T00:33:55Z</time>
            </trkpt>
            <trkpt lat="33.8588245" lon="132.8427415">
                <ele>530.9466666666666</ele>
                <time>2022-01-15T00:34:11Z</time>
            </trkpt>
            <trkpt lat="33.8586866" lon="132.8428894">
                <ele>536.2833333333333</ele>
                <time>2022-01-15T00:34:45Z</time>
            </trkpt>
            <trkpt lat="33.8585025" lon="132.8428892">
                <ele>543.1566666666666</ele>
                <time>2022-01-15T00:35:01Z</time>
            </trkpt>
            <trkpt lat="33.8583074" lon="132.8429006">
                <ele>547.7366666666667</ele>
                <time>2022-01-15T00:35:12Z</time>
            </trkpt>
            <trkpt lat="33.8581274" lon="132.842879">
                <ele>549.65</ele>
                <time>2022-01-15T00:35:32Z</time>
            </trkpt>
            <trkpt lat="33.8579451" lon="132.8428954">
                <ele>550.57</ele>
                <time>2022-01-15T00:35:59Z</time>
            </trkpt>
            <trkpt lat="33.8577698" lon="132.8429619">
                <ele>552.1566666666666</ele>
                <time>2022-01-15T00:36:17Z</time>
            </trkpt>
            <trkpt lat="33.8575972" lon="132.8430312">
                <ele>553.8433333333332</ele>
                <time>2022-01-15T00:36:43Z</time>
            </trkpt>
            <trkpt lat="33.8574348" lon="132.8431311">
                <ele>554.6933333333333</ele>
                <time>2022-01-15T00:37:08Z</time>
            </trkpt>
            <trkpt lat="33.8573206" lon="132.8433024">
                <ele>555.0633333333334</ele>
                <time>2022-01-15T00:37:35Z</time>
            </trkpt>
            <trkpt lat="33.8571587" lon="132.8434036">
                <ele>555.0766666666667</ele>
                <time>2022-01-15T00:37:56Z</time>
            </trkpt>
            <trkpt lat="33.8569904" lon="132.8434837">
                <ele>556.2833333333334</ele>
                <time>2022-01-15T00:38:13Z</time>
            </trkpt>
            <trkpt lat="33.856811" lon="132.8435266">
                <ele>557.6666666666666</ele>
                <time>2022-01-15T00:38:29Z</time>
            </trkpt>
            <trkpt lat="33.8566265" lon="132.8435656">
                <ele>559.3666666666667</ele>
                <time>2022-01-15T00:38:51Z</time>
            </trkpt>
            <trkpt lat="33.856451" lon="132.8436154">
                <ele>564.08</ele>
                <time>2022-01-15T00:39:07Z</time>
            </trkpt>
            <trkpt lat="33.8562731" lon="132.8435786">
                <ele>569.6033333333334</ele>
                <time>2022-01-15T00:39:28Z</time>
            </trkpt>
            <trkpt lat="33.8561779" lon="132.8433903">
                <ele>573.0500000000001</ele>
                <time>2022-01-15T00:39:51Z</time>
            </trkpt>
            <trkpt lat="33.8560644" lon="132.8432176">
                <ele>573.7066666666666</ele>
                <time>2022-01-15T00:40:10Z</time>
            </trkpt>
            <trkpt lat="33.855959" lon="132.8430378">
                <ele>572.31</ele>
                <time>2022-01-15T00:40:25Z</time>
            </trkpt>
            <trkpt lat="33.8558111" lon="132.842907">
                <ele>570.64</ele>
                <time>2022-01-15T00:40:57Z</time>
            </trkpt>
            <trkpt lat="33.855652" lon="132.842801">
                <ele>567.0866666666667</ele>
                <time>2022-01-15T00:41:11Z</time>
            </trkpt>
            <trkpt lat="33.8554729" lon="132.8427575">
                <ele>563.96</ele>
                <time>2022-01-15T00:41:35Z</time>
            </trkpt>
            <trkpt lat="33.8552977" lon="132.8426944">
                <ele>563.9833333333333</ele>
                <time>2022-01-15T00:41:46Z</time>
            </trkpt>
            <trkpt lat="33.8551146" lon="132.8427019">
                <ele>566.1533333333333</ele>
                <time>2022-01-15T00:42:05Z</time>
            </trkpt>
            <trkpt lat="33.8549354" lon="132.8426409">
                <ele>568.57</ele>
                <time>2022-01-15T00:42:23Z</time>
            </trkpt>
            <trkpt lat="33.8547564" lon="132.8425781">
                <ele>568.3333333333334</ele>
                <time>2022-01-15T00:42:42Z</time>
            </trkpt>
            <trkpt lat="33.854578" lon="132.8425325">
                <ele>566.4399999999999</ele>
                <time>2022-01-15T00:42:58Z</time>
            </trkpt>
            <trkpt lat="33.8544206" lon="132.8424244">
                <ele>564.1899999999999</ele>
                <time>2022-01-15T00:43:13Z</time>
            </trkpt>
            <trkpt lat="33.8542465" lon="132.8423435">
                <ele>562.9433333333333</ele>
                <time>2022-01-15T00:43:27Z</time>
            </trkpt>
            <trkpt lat="33.8540841" lon="132.8422147">
                <ele>561.8133333333334</ele>
                <time>2022-01-15T00:43:39Z</time>
            </trkpt>
            <trkpt lat="33.8539502" lon="132.8420641">
                <ele>560.1833333333334</ele>
                <time>2022-01-15T00:43:55Z</time>
            </trkpt>
            <trkpt lat="33.8538159" lon="132.8419082">
                <ele>559.8066666666667</ele>
                <time>2022-01-15T00:44:41Z</time>
            </trkpt>
            <trkpt lat="33.8536515" lon="132.8417763">
                <ele>560.02</ele>
                <time>2022-01-15T00:44:53Z</time>
            </trkpt>
            <trkpt lat="33.853493" lon="132.841673">
                <ele>560.8933333333333</ele>
                <time>2022-01-15T00:45:06Z</time>
            </trkpt>
            <trkpt lat="33.853312" lon="132.8416668">
                <ele>560.0733333333333</ele>
                <time>2022-01-15T00:45:35Z</time>
            </trkpt>
            <trkpt lat="33.8531265" lon="132.8416302">
                <ele>558.2433333333333</ele>
                <time>2022-01-15T00:45:47Z</time>
            </trkpt>
            <trkpt lat="33.8529485" lon="132.841571">
                <ele>557.7600000000001</ele>
                <time>2022-01-15T00:46:02Z</time>
            </trkpt>
            <trkpt lat="33.8527671" lon="132.8415638">
                <ele>558.2333333333335</ele>
                <time>2022-01-15T00:46:27Z</time>
            </trkpt>
            <trkpt lat="33.8525844" lon="132.8415394">
                <ele>559.7600000000001</ele>
                <time>2022-01-15T00:46:43Z</time>
            </trkpt>
            <trkpt lat="33.8524176" lon="132.8414509">
                <ele>559.94</ele>
                <time>2022-01-15T00:47:01Z</time>
            </trkpt>
            <trkpt lat="33.8522593" lon="132.8413423">
                <ele>559.44</ele>
                <time>2022-01-15T00:47:18Z</time>
            </trkpt>
            <trkpt lat="33.8520963" lon="132.8412408">
                <ele>560.0633333333334</ele>
                <time>2022-01-15T00:47:33Z</time>
            </trkpt>
            <trkpt lat="33.8519588" lon="132.8410973">
                <ele>563.0066666666667</ele>
                <time>2022-01-15T00:47:48Z</time>
            </trkpt>
            <trkpt lat="33.8517761" lon="132.841143">
                <ele>563.33</ele>
                <time>2022-01-15T00:48:16Z</time>
            </trkpt>
            <trkpt lat="33.8515958" lon="132.8411895">
                <ele>562.5533333333334</ele>
                <time>2022-01-15T00:48:29Z</time>
            </trkpt>
            <trkpt lat="33.8514813" lon="132.8413593">
                <ele>558.67</ele>
                <time>2022-01-15T00:48:46Z</time>
            </trkpt>
            <trkpt lat="33.8513019" lon="132.8413833">
                <ele>559.0566666666667</ele>
                <time>2022-01-15T00:49:12Z</time>
            </trkpt>
            <trkpt lat="33.8511533" lon="132.8412588">
                <ele>561.49</ele>
                <time>2022-01-15T00:49:26Z</time>
            </trkpt>
            <trkpt lat="33.8510723" lon="132.8410655">
                <ele>566.0766666666667</ele>
                <time>2022-01-15T00:49:41Z</time>
            </trkpt>
            <trkpt lat="33.851016" lon="132.8408592">
                <ele>569.5133333333333</ele>
                <time>2022-01-15T00:50:00Z</time>
            </trkpt>
            <trkpt lat="33.8509006" lon="132.8406834">
                <ele>570.3100000000001</ele>
                <time>2022-01-15T00:50:14Z</time>
            </trkpt>
            <trkpt lat="33.8507873" lon="132.8405047">
                <ele>568.71</ele>
                <time>2022-01-15T00:50:45Z</time>
            </trkpt>
            <trkpt lat="33.8507291" lon="132.8402987">
                <ele>568.7766666666668</ele>
                <time>2022-01-15T00:51:12Z</time>
            </trkpt>
            <trkpt lat="33.8505512" lon="132.8402384">
                <ele>569.2133333333333</ele>
                <time>2022-01-15T00:51:30Z</time>
            </trkpt>
            <trkpt lat="33.8503946" lon="132.8401222">
                <ele>570.88</ele>
                <time>2022-01-15T00:51:45Z</time>
            </trkpt>
            <trkpt lat="33.8504606" lon="132.8399149">
                <ele>571.71</ele>
                <time>2022-01-15T00:51:55Z</time>
            </trkpt>
            <trkpt lat="33.8503605" lon="132.8397343">
                <ele>571.57</ele>
                <time>2022-01-15T00:54:31Z</time>
            </trkpt>
            <trkpt lat="33.8503188" lon="132.8395158">
                <ele>569.7033333333334</ele>
                <time>2022-01-15T00:54:53Z</time>
            </trkpt>
            <trkpt lat="33.8503622" lon="132.8393">
                <ele>565.8133333333334</ele>
                <time>2022-01-15T00:55:06Z</time>
            </trkpt>
            <trkpt lat="33.8503507" lon="132.839081">
                <ele>563.8566666666667</ele>
                <time>2022-01-15T00:55:41Z</time>
            </trkpt>
            <trkpt lat="33.8503399" lon="132.8388595">
                <ele>565.57</ele>
                <time>2022-01-15T00:56:03Z</time>
            </trkpt>
            <trkpt lat="33.8503147" lon="132.8386396">
                <ele>568.47</ele>
                <time>2022-01-15T00:57:02Z</time>
            </trkpt>
            <trkpt lat="33.8501703" lon="132.838509">
                <ele>570.1333333333333</ele>
                <time>2022-01-15T01:00:01Z</time>
            </trkpt>
            <trkpt lat="33.8499868" lon="132.8384748">
                <ele>568.3433333333334</ele>
                <time>2022-01-15T01:00:16Z</time>
            </trkpt>
            <trkpt lat="33.8498221" lon="132.8383867">
                <ele>564.9433333333333</ele>
                <time>2022-01-15T01:00:55Z</time>
            </trkpt>
            <trkpt lat="33.8496445" lon="132.8384302">
                <ele>558.4466666666667</ele>
                <time>2022-01-15T01:01:20Z</time>
            </trkpt>
            <trkpt lat="33.8494637" lon="132.8384613">
                <ele>551.2866666666667</ele>
                <time>2022-01-15T01:01:49Z</time>
            </trkpt>
            <trkpt lat="33.8492818" lon="132.8384805">
                <ele>543.0533333333334</ele>
                <time>2022-01-15T01:02:06Z</time>
            </trkpt>
            <trkpt lat="33.8491246" lon="132.8385978">
                <ele>536.1766666666667</ele>
                <time>2022-01-15T01:02:19Z</time>
            </trkpt>
            <trkpt lat="33.8489418" lon="132.8386167">
                <ele>527.7733333333334</ele>
                <time>2022-01-15T01:02:50Z</time>
            </trkpt>
            <trkpt lat="33.8487492" lon="132.838568">
                <ele>521.2033333333334</ele>
                <time>2022-01-15T01:03:05Z</time>
            </trkpt>
            <trkpt lat="33.8485664" lon="132.8385949">
                <ele>516.0833333333334</ele>
                <time>2022-01-15T01:03:40Z</time>
            </trkpt>
            <trkpt lat="33.8483979" lon="132.8386731">
                <ele>514.1166666666667</ele>
                <time>2022-01-15T01:03:53Z</time>
            </trkpt>
            <trkpt lat="33.8482177" lon="132.838663">
                <ele>511.96333333333337</ele>
                <time>2022-01-15T01:04:04Z</time>
            </trkpt>
            <trkpt lat="33.8480302" lon="132.8386757">
                <ele>509.32</ele>
                <time>2022-01-15T01:04:18Z</time>
            </trkpt>
            <trkpt lat="33.8478472" lon="132.8386524">
                <ele>506.4433333333334</ele>
                <time>2022-01-15T01:04:34Z</time>
            </trkpt>
            <trkpt lat="33.8477582" lon="132.8388461">
                <ele>504.64000000000004</ele>
                <time>2022-01-15T01:05:26Z</time>
            </trkpt>
            <trkpt lat="33.8475865" lon="132.8389279">
                <ele>503.45</ele>
                <time>2022-01-15T01:05:44Z</time>
            </trkpt>
            <trkpt lat="33.8474261" lon="132.8390358">
                <ele>502.50333333333333</ele>
                <time>2022-01-15T01:06:13Z</time>
            </trkpt>
            <trkpt lat="33.8472549" lon="132.8391307">
                <ele>500.8733333333333</ele>
                <time>2022-01-15T01:06:29Z</time>
            </trkpt>
            <trkpt lat="33.8470705" lon="132.8391168">
                <ele>497.88000000000005</ele>
                <time>2022-01-15T01:06:44Z</time>
            </trkpt>
            <trkpt lat="33.8469059" lon="132.8390014">
                <ele>493.95</ele>
                <time>2022-01-15T01:06:57Z</time>
            </trkpt>
            <trkpt lat="33.8467218" lon="132.8389923">
                <ele>489.66</ele>
                <time>2022-01-15T01:07:13Z</time>
            </trkpt>
            <trkpt lat="33.8465802" lon="132.8388471">
                <ele>486.03999999999996</ele>
                <time>2022-01-15T01:07:26Z</time>
            </trkpt>
            <trkpt lat="33.8464425" lon="132.8386939">
                <ele>483.16333333333336</ele>
                <time>2022-01-15T01:07:41Z</time>
            </trkpt>
            <trkpt lat="33.8462535" lon="132.8386775">
                <ele>481.71333333333337</ele>
                <time>2022-01-15T01:07:57Z</time>
            </trkpt>
            <trkpt lat="33.846098" lon="132.8387933">
                <ele>481.60999999999996</ele>
                <time>2022-01-15T01:08:19Z</time>
            </trkpt>
            <trkpt lat="33.8459295" lon="132.8388749">
                <ele>482.4433333333334</ele>
                <time>2022-01-15T01:08:57Z</time>
            </trkpt>
            <trkpt lat="33.8457755" lon="132.8389948">
                <ele>483.78000000000003</ele>
                <time>2022-01-15T01:11:05Z</time>
            </trkpt>
            <trkpt lat="33.8455956" lon="132.8390399">
                <ele>487.09999999999997</ele>
                <time>2022-01-15T01:11:23Z</time>
            </trkpt>
            <trkpt lat="33.8454143" lon="132.8390814">
                <ele>491.34666666666664</ele>
                <time>2022-01-15T01:11:44Z</time>
            </trkpt>
            <trkpt lat="33.8452868" lon="132.8389268">
                <ele>493.99</ele>
                <time>2022-01-15T01:12:07Z</time>
            </trkpt>
            <trkpt lat="33.8451016" lon="132.8389077">
                <ele>496.00333333333333</ele>
                <time>2022-01-15T01:12:20Z</time>
            </trkpt>
            <trkpt lat="33.8449193" lon="132.8389352">
                <ele>497.52333333333337</ele>
                <time>2022-01-15T01:12:34Z</time>
            </trkpt>
            <trkpt lat="33.844739" lon="132.8389137">
                <ele>500.65000000000003</ele>
                <time>2022-01-15T01:12:58Z</time>
            </trkpt>
            <trkpt lat="33.8445582" lon="132.8389691">
                <ele>501.8533333333333</ele>
                <time>2022-01-15T01:13:23Z</time>
            </trkpt>
            <trkpt lat="33.8444306" lon="132.8391309">
                <ele>501.73333333333335</ele>
                <time>2022-01-15T01:13:46Z</time>
            </trkpt>
            <trkpt lat="33.8443864" lon="132.8393415">
                <ele>500.62000000000006</ele>
                <time>2022-01-15T01:14:02Z</time>
            </trkpt>
            <trkpt lat="33.8443911" lon="132.8395633">
                <ele>498.7</ele>
                <time>2022-01-15T01:14:18Z</time>
            </trkpt>
            <trkpt lat="33.8443327" lon="132.8397744">
                <ele>497.2366666666667</ele>
                <time>2022-01-15T01:14:34Z</time>
            </trkpt>
            <trkpt lat="33.8442836" lon="132.8399882">
                <ele>497.84666666666664</ele>
                <time>2022-01-15T01:14:52Z</time>
            </trkpt>
            <trkpt lat="33.844138" lon="132.840127">
                <ele>502.23333333333335</ele>
                <time>2022-01-15T01:15:04Z</time>
            </trkpt>
            <trkpt lat="33.8439661" lon="132.8402078">
                <ele>507.05</ele>
                <time>2022-01-15T01:15:17Z</time>
            </trkpt>
            <trkpt lat="33.8438272" lon="132.8403481">
                <ele>509.93666666666667</ele>
                <time>2022-01-15T01:15:31Z</time>
            </trkpt>
            <trkpt lat="33.8436987" lon="132.840512">
                <ele>510.60999999999996</ele>
                <time>2022-01-15T01:15:47Z</time>
            </trkpt>
            <trkpt lat="33.8436404" lon="132.8407168">
                <ele>511.04333333333335</ele>
                <time>2022-01-15T01:16:06Z</time>
            </trkpt>
            <trkpt lat="33.8435882" lon="132.8409259">
                <ele>511.2033333333334</ele>
                <time>2022-01-15T01:16:19Z</time>
            </trkpt>
            <trkpt lat="33.8435105" lon="132.8411316">
                <ele>511.0833333333333</ele>
                <time>2022-01-15T01:16:36Z</time>
            </trkpt>
            <trkpt lat="33.8435124" lon="132.8413486">
                <ele>510.92</ele>
                <time>2022-01-15T01:16:51Z</time>
            </trkpt>
            <trkpt lat="33.8433929" lon="132.8415145">
                <ele>509.8766666666667</ele>
                <time>2022-01-15T01:17:22Z</time>
            </trkpt>
            <trkpt lat="33.8432289" lon="132.8416207">
                <ele>506.9466666666667</ele>
                <time>2022-01-15T01:17:35Z</time>
            </trkpt>
            <trkpt lat="33.8430483" lon="132.8416712">
                <ele>502.62000000000006</ele>
                <time>2022-01-15T01:17:51Z</time>
            </trkpt>
            <trkpt lat="33.8428609" lon="132.8415895">
                <ele>499.5833333333333</ele>
                <time>2022-01-15T01:18:10Z</time>
            </trkpt>
            <trkpt lat="33.8426796" lon="132.8415487">
                <ele>498.46333333333337</ele>
                <time>2022-01-15T01:18:29Z</time>
            </trkpt>
            <trkpt lat="33.8424934" lon="132.8415593">
                <ele>498.90000000000003</ele>
                <time>2022-01-15T01:18:43Z</time>
            </trkpt>
            <trkpt lat="33.8423101" lon="132.8415731">
                <ele>498.36999999999995</ele>
                <time>2022-01-15T01:18:58Z</time>
            </trkpt>
            <trkpt lat="33.8421427" lon="132.8416576">
                <ele>498.08666666666664</ele>
                <time>2022-01-15T01:19:41Z</time>
            </trkpt>
            <trkpt lat="33.8419672" lon="132.841721">
                <ele>497.67333333333335</ele>
                <time>2022-01-15T01:19:57Z</time>
            </trkpt>
            <trkpt lat="33.8417971" lon="132.8417931">
                <ele>499.55333333333334</ele>
                <time>2022-01-15T01:20:30Z</time>
            </trkpt>
            <trkpt lat="33.8416207" lon="132.8417282">
                <ele>500.7733333333333</ele>
                <time>2022-01-15T01:20:48Z</time>
            </trkpt>
            <trkpt lat="33.8414573" lon="132.8416323">
                <ele>502.6266666666667</ele>
                <time>2022-01-15T01:21:06Z</time>
            </trkpt>
            <trkpt lat="33.8412789" lon="132.8415889">
                <ele>502.33</ele>
                <time>2022-01-15T01:21:21Z</time>
            </trkpt>
            <trkpt lat="33.8410969" lon="132.8416346">
                <ele>503.1966666666667</ele>
                <time>2022-01-15T01:21:39Z</time>
            </trkpt>
            <trkpt lat="33.8409103" lon="132.8416412">
                <ele>502.62000000000006</ele>
                <time>2022-01-15T01:21:52Z</time>
            </trkpt>
            <trkpt lat="33.8407363" lon="132.8417148">
                <ele>502.87000000000006</ele>
                <time>2022-01-15T01:22:07Z</time>
            </trkpt>
            <trkpt lat="33.8405526" lon="132.8416528">
                <ele>501.91</ele>
                <time>2022-01-15T01:22:33Z</time>
            </trkpt>
            <trkpt lat="33.8403845" lon="132.8415703">
                <ele>501.2766666666667</ele>
                <time>2022-01-15T01:22:46Z</time>
            </trkpt>
            <trkpt lat="33.8402137" lon="132.8414755">
                <ele>498.82666666666665</ele>
                <time>2022-01-15T01:23:20Z</time>
            </trkpt>
            <trkpt lat="33.8400662" lon="132.84134">
                <ele>495.43666666666667</ele>
                <time>2022-01-15T01:23:32Z</time>
            </trkpt>
            <trkpt lat="33.8399601" lon="132.8411623">
                <ele>492.5566666666667</ele>
                <time>2022-01-15T01:23:52Z</time>
            </trkpt>
            <trkpt lat="33.8397966" lon="132.8410582">
                <ele>491.41333333333336</ele>
                <time>2022-01-15T01:24:22Z</time>
            </trkpt>
            <trkpt lat="33.8396442" lon="132.8409365">
                <ele>491.77</ele>
                <time>2022-01-15T01:24:31Z</time>
            </trkpt>
            <trkpt lat="33.8395063" lon="132.8407902">
                <ele>492.08666666666664</ele>
                <time>2022-01-15T01:24:38Z</time>
            </trkpt>
            <trkpt lat="33.8394183" lon="132.8405932">
                <ele>491.9766666666667</ele>
                <time>2022-01-15T01:24:49Z</time>
            </trkpt>
            <trkpt lat="33.8394474" lon="132.8403745">
                <ele>491.90333333333336</ele>
                <time>2022-01-15T01:25:03Z</time>
            </trkpt>
            <trkpt lat="33.8393123" lon="132.8402223">
                <ele>493.73333333333335</ele>
                <time>2022-01-15T01:25:39Z</time>
            </trkpt>
            <trkpt lat="33.8391866" lon="132.8400648">
                <ele>497.52</ele>
                <time>2022-01-15T01:25:46Z</time>
            </trkpt>
            <trkpt lat="33.8391149" lon="132.8398643">
                <ele>502.19000000000005</ele>
                <time>2022-01-15T01:26:51Z</time>
            </trkpt>
            <trkpt lat="33.8389755" lon="132.8397199">
                <ele>507.2966666666666</ele>
                <time>2022-01-15T01:27:11Z</time>
            </trkpt>
            <trkpt lat="33.8389117" lon="132.8394949">
                <ele>511.32</ele>
                <time>2022-01-15T01:27:59Z</time>
            </trkpt>
            <trkpt lat="33.838726" lon="132.8395085">
                <ele>513.8366666666667</ele>
                <time>2022-01-15T01:39:01Z</time>
            </trkpt>
            <trkpt lat="33.8385414" lon="132.8395316">
                <ele>511.5666666666666</ele>
                <time>2022-01-15T01:39:14Z</time>
            </trkpt>
            <trkpt lat="33.8383701" lon="132.8396071">
                <ele>507.1466666666666</ele>
                <time>2022-01-15T01:39:35Z</time>
            </trkpt>
            <trkpt lat="33.8381874" lon="132.8396307">
                <ele>499.69666666666666</ele>
                <time>2022-01-15T01:41:02Z</time>
            </trkpt>
            <trkpt lat="33.8380157" lon="132.8395608">
                <ele>492.6366666666667</ele>
                <time>2022-01-15T01:41:21Z</time>
            </trkpt>
            <trkpt lat="33.8378478" lon="132.8394659">
                <ele>483.9566666666667</ele>
                <time>2022-01-15T01:41:35Z</time>
            </trkpt>
            <trkpt lat="33.8377144" lon="132.8393044">
                <ele>477.99333333333334</ele>
                <time>2022-01-15T01:41:50Z</time>
            </trkpt>
            <trkpt lat="33.8376387" lon="132.839107">
                <ele>471.5166666666667</ele>
                <time>2022-01-15T01:42:01Z</time>
            </trkpt>
            <trkpt lat="33.837522" lon="132.838938">
                <ele>466.32666666666665</ele>
                <time>2022-01-15T01:42:16Z</time>
            </trkpt>
            <trkpt lat="33.8373635" lon="132.8388265">
                <ele>461.4866666666667</ele>
                <time>2022-01-15T01:43:43Z</time>
            </trkpt>
            <trkpt lat="33.8372419" lon="132.8386577">
                <ele>457.7866666666667</ele>
                <time>2022-01-15T01:44:01Z</time>
            </trkpt>
            <trkpt lat="33.837124" lon="132.8384891">
                <ele>455.23</ele>
                <time>2022-01-15T01:44:42Z</time>
            </trkpt>
            <trkpt lat="33.837005" lon="132.8383219">
                <ele>452.8633333333334</ele>
                <time>2022-01-15T01:45:11Z</time>
            </trkpt>
            <trkpt lat="33.8369316" lon="132.8380919">
                <ele>451.58</ele>
                <time>2022-01-15T01:45:25Z</time>
            </trkpt>
            <trkpt lat="33.8370139" lon="132.8382862">
                <ele>451.2866666666667</ele>
                <time>2022-01-15T01:46:54Z</time>
            </trkpt>
            <trkpt lat="33.837151" lon="132.8384289">
                <ele>450.66333333333336</ele>
                <time>2022-01-15T01:47:16Z</time>
            </trkpt>
            <trkpt lat="33.8372787" lon="132.8385871">
                <ele>450.3666666666666</ele>
                <time>2022-01-15T01:47:38Z</time>
            </trkpt>
            <trkpt lat="33.8373828" lon="132.8387759">
                <ele>451.3833333333334</ele>
                <time>2022-01-15T01:47:57Z</time>
            </trkpt>
            <trkpt lat="33.8374895" lon="132.8389558">
                <ele>455.99333333333334</ele>
                <time>2022-01-15T01:48:12Z</time>
            </trkpt>
            <trkpt lat="33.8376411" lon="132.8390745">
                <ele>461.27333333333337</ele>
                <time>2022-01-15T01:49:27Z</time>
            </trkpt>
            <trkpt lat="33.8377215" lon="132.8392709">
                <ele>466.31</ele>
                <time>2022-01-15T01:49:56Z</time>
            </trkpt>
            <trkpt lat="33.8378844" lon="132.8394289">
                <ele>470.3633333333333</ele>
                <time>2022-01-15T01:50:49Z</time>
            </trkpt>
            <trkpt lat="33.8380185" lon="132.839577">
                <ele>476.84</ele>
                <time>2022-01-15T01:51:12Z</time>
            </trkpt>
            <trkpt lat="33.8380995" lon="132.839772">
                <ele>485.67666666666673</ele>
                <time>2022-01-15T01:51:30Z</time>
            </trkpt>
            <trkpt lat="33.838191" lon="132.8399612">
                <ele>493.6666666666667</ele>
                <time>2022-01-15T01:51:50Z</time>
            </trkpt>
            <trkpt lat="33.8382347" lon="132.8401713">
                <ele>496.91333333333336</ele>
                <time>2022-01-15T01:52:09Z</time>
            </trkpt>
            <trkpt lat="33.8382073" lon="132.8403915">
                <ele>495.64000000000004</ele>
                <time>2022-01-15T01:53:34Z</time>
            </trkpt>
            <trkpt lat="33.8381213" lon="132.8405886">
                <ele>491.25666666666666</ele>
                <time>2022-01-15T01:54:45Z</time>
            </trkpt>
            <trkpt lat="33.8381217" lon="132.8408068">
                <ele>487.59666666666675</ele>
                <time>2022-01-15T01:55:22Z</time>
            </trkpt>
            <trkpt lat="33.8379893" lon="132.8409551">
                <ele>483.20666666666665</ele>
                <time>2022-01-15T01:55:38Z</time>
            </trkpt>
            <trkpt lat="33.8378179" lon="132.8410234">
                <ele>479.74666666666667</ele>
                <time>2022-01-15T01:56:02Z</time>
            </trkpt>
            <trkpt lat="33.8376985" lon="132.8411882">
                <ele>476.6833333333334</ele>
                <time>2022-01-15T01:56:16Z</time>
            </trkpt>
            <trkpt lat="33.8375257" lon="132.8412561">
                <ele>474.74666666666667</ele>
                <time>2022-01-15T01:56:27Z</time>
            </trkpt>
            <trkpt lat="33.8374049" lon="132.8414395">
                <ele>473.3633333333333</ele>
                <time>2022-01-15T01:56:40Z</time>
            </trkpt>
            <trkpt lat="33.8373662" lon="132.8416542">
                <ele>471.24333333333334</ele>
                <time>2022-01-15T01:56:53Z</time>
            </trkpt>
            <trkpt lat="33.8373203" lon="132.8418641">
                <ele>468.15333333333336</ele>
                <time>2022-01-15T01:57:19Z</time>
            </trkpt>
            <trkpt lat="33.8372387" lon="132.8420645">
                <ele>463.62000000000006</ele>
                <time>2022-01-15T01:57:38Z</time>
            </trkpt>
            <trkpt lat="33.837236" lon="132.8422842">
                <ele>458.81333333333333</ele>
                <time>2022-01-15T01:58:59Z</time>
            </trkpt>
            <trkpt lat="33.8371694" lon="132.8424939">
                <ele>452.70000000000005</ele>
                <time>2022-01-15T01:59:12Z</time>
            </trkpt>
            <trkpt lat="33.8370567" lon="132.8426737">
                <ele>446.0566666666667</ele>
                <time>2022-01-15T01:59:30Z</time>
            </trkpt>
            <trkpt lat="33.836893" lon="132.8427657">
                <ele>439.05333333333334</ele>
                <time>2022-01-15T02:00:20Z</time>
            </trkpt>
            <trkpt lat="33.8367143" lon="132.8427092">
                <ele>433.0833333333333</ele>
                <time>2022-01-15T02:01:40Z</time>
            </trkpt>
            <trkpt lat="33.8367284" lon="132.842482">
                <ele>429.6666666666667</ele>
                <time>2022-01-15T02:02:15Z</time>
            </trkpt>
            <trkpt lat="33.8367161" lon="132.8422612">
                <ele>428.9166666666667</ele>
                <time>2022-01-15T02:02:27Z</time>
            </trkpt>
            <trkpt lat="33.8366577" lon="132.8420554">
                <ele>431.3433333333333</ele>
                <time>2022-01-15T02:02:43Z</time>
            </trkpt>
            <trkpt lat="33.8364763" lon="132.8420296">
                <ele>432.00666666666666</ele>
                <time>2022-01-15T02:03:01Z</time>
            </trkpt>
            <trkpt lat="33.8363231" lon="132.8419065">
                <ele>429.5933333333333</ele>
                <time>2022-01-15T02:03:21Z</time>
            </trkpt>
            <trkpt lat="33.836165" lon="132.8417967">
                <ele>423.84</ele>
                <time>2022-01-15T02:03:41Z</time>
            </trkpt>
            <trkpt lat="33.8359854" lon="132.841869">
                <ele>415.9066666666667</ele>
                <time>2022-01-15T02:04:37Z</time>
            </trkpt>
            <trkpt lat="33.8358276" lon="132.8417439">
                <ele>409.02</ele>
                <time>2022-01-15T02:04:53Z</time>
            </trkpt>
            <trkpt lat="33.8357056" lon="132.8415668">
                <ele>404.5533333333333</ele>
                <time>2022-01-15T02:05:07Z</time>
            </trkpt>
            <trkpt lat="33.8355283" lon="132.8416341">
                <ele>400.68</ele>
                <time>2022-01-15T02:05:52Z</time>
            </trkpt>
            <trkpt lat="33.8355069" lon="132.8413928">
                <ele>399.52666666666664</ele>
                <time>2022-01-15T02:09:13Z</time>
            </trkpt>
            <trkpt lat="33.835332" lon="132.8415344">
                <ele>395.78333333333336</ele>
                <time>2022-01-15T02:10:43Z</time>
            </trkpt>
            <trkpt lat="33.8351892" lon="132.8417066">
                <ele>393.3333333333333</ele>
                <time>2022-01-15T02:11:13Z</time>
            </trkpt>
            <trkpt lat="33.8350126" lon="132.8417516">
                <ele>388.9766666666667</ele>
                <time>2022-01-15T02:11:50Z</time>
            </trkpt>
            <trkpt lat="33.83483" lon="132.8417447">
                <ele>385.1366666666666</ele>
                <time>2022-01-15T02:12:29Z</time>
            </trkpt>
            <trkpt lat="33.8346461" lon="132.8417416">
                <ele>382.00666666666666</ele>
                <time>2022-01-15T02:12:43Z</time>
            </trkpt>
            <trkpt lat="33.8344662" lon="132.8417159">
                <ele>377.3533333333333</ele>
                <time>2022-01-15T02:13:06Z</time>
            </trkpt>
            <trkpt lat="33.834364" lon="132.8415296">
                <ele>373.46333333333337</ele>
                <time>2022-01-15T02:13:23Z</time>
            </trkpt>
            <trkpt lat="33.83427" lon="132.8413451">
                <ele>369.0833333333333</ele>
                <time>2022-01-15T02:13:57Z</time>
            </trkpt>
            <trkpt lat="33.834111" lon="132.8412247">
                <ele>364.92333333333335</ele>
                <time>2022-01-15T02:26:14Z</time>
            </trkpt>
            <trkpt lat="33.8339621" lon="132.8410955">
                <ele>360.3066666666667</ele>
                <time>2022-01-15T02:26:39Z</time>
            </trkpt>
            <trkpt lat="33.8337928" lon="132.8409903">
                <ele>355.75</ele>
                <time>2022-01-15T02:26:52Z</time>
            </trkpt>
            <trkpt lat="33.833659" lon="132.840834">
                <ele>352.8733333333334</ele>
                <time>2022-01-15T02:27:12Z</time>
            </trkpt>
            <trkpt lat="33.8335011" lon="132.8407278">
                <ele>351.1033333333333</ele>
                <time>2022-01-15T02:27:28Z</time>
            </trkpt>
            <trkpt lat="33.8333199" lon="132.8407536">
                <ele>350.72</ele>
                <time>2022-01-15T02:27:45Z</time>
            </trkpt>
            <trkpt lat="33.833145" lon="132.8407002">
                <ele>349.76666666666665</ele>
                <time>2022-01-15T02:28:03Z</time>
            </trkpt>
            <trkpt lat="33.8330227" lon="132.8405359">
                <ele>350.77666666666664</ele>
                <time>2022-01-15T02:28:43Z</time>
            </trkpt>
            <trkpt lat="33.8332043" lon="132.8405313">
                <ele>352.8333333333333</ele>
                <time>2022-01-15T02:29:24Z</time>
            </trkpt>
            <trkpt lat="33.8333845" lon="132.8405057">
                <ele>355.60666666666674</ele>
                <time>2022-01-15T02:29:41Z</time>
            </trkpt>
            <trkpt lat="33.8335566" lon="132.8404392">
                <ele>355.85666666666674</ele>
                <time>2022-01-15T02:30:19Z</time>
            </trkpt>
            <trkpt lat="33.833655" lon="132.8402519">
                <ele>353.66</ele>
                <time>2022-01-15T02:30:54Z</time>
            </trkpt>
            <trkpt lat="33.8337292" lon="132.8400526">
                <ele>350.2866666666667</ele>
                <time>2022-01-15T02:31:45Z</time>
            </trkpt>
            <trkpt lat="33.8338693" lon="132.839915">
                <ele>345.9533333333334</ele>
                <time>2022-01-15T02:32:24Z</time>
            </trkpt>
            <trkpt lat="33.8339645" lon="132.8397227">
                <ele>341.43666666666667</ele>
                <time>2022-01-15T02:32:37Z</time>
            </trkpt>
            <trkpt lat="33.8339103" lon="132.8395118">
                <ele>337.07</ele>
                <time>2022-01-15T02:32:52Z</time>
            </trkpt>
            <trkpt lat="33.8338213" lon="132.8393238">
                <ele>334.25666666666666</ele>
                <time>2022-01-15T02:33:19Z</time>
            </trkpt>
            <trkpt lat="33.8337334" lon="132.8391341">
                <ele>333.85333333333335</ele>
                <time>2022-01-15T02:33:49Z</time>
            </trkpt>
            <trkpt lat="33.8337544" lon="132.8389171">
                <ele>332.55333333333334</ele>
                <time>2022-01-15T02:34:35Z</time>
            </trkpt>
            <trkpt lat="33.8337032" lon="132.8387062">
                <ele>330.43333333333334</ele>
                <time>2022-01-15T02:34:48Z</time>
            </trkpt>
            <trkpt lat="33.8336417" lon="132.8385002">
                <ele>325.34666666666664</ele>
                <time>2022-01-15T02:35:05Z</time>
            </trkpt>
            <trkpt lat="33.8335608" lon="132.8382982">
                <ele>321.73</ele>
                <time>2022-01-15T02:35:22Z</time>
            </trkpt>
            <trkpt lat="33.8335411" lon="132.8380827">
                <ele>317.0966666666667</ele>
                <time>2022-01-15T02:35:38Z</time>
            </trkpt>
            <trkpt lat="33.8335102" lon="132.8378688">
                <ele>314.06666666666666</ele>
                <time>2022-01-15T02:35:55Z</time>
            </trkpt>
            <trkpt lat="33.8333929" lon="132.8377028">
                <ele>310.4166666666667</ele>
                <time>2022-01-15T02:38:42Z</time>
            </trkpt>
            <trkpt lat="33.8333366" lon="132.8374941">
                <ele>307.22333333333336</ele>
                <time>2022-01-15T02:38:48Z</time>
            </trkpt>
            <trkpt lat="33.8332089" lon="132.8373369">
                <ele>304.0733333333333</ele>
                <time>2022-01-15T02:39:14Z</time>
            </trkpt>
            <trkpt lat="33.8331195" lon="132.8371438">
                <ele>301.5</ele>
                <time>2022-01-15T02:39:43Z</time>
            </trkpt>
            <trkpt lat="33.8331082" lon="132.8369251">
                <ele>299.96000000000004</ele>
                <time>2022-01-15T02:39:57Z</time>
            </trkpt>
            <trkpt lat="33.8330476" lon="132.8367205">
                <ele>300.33666666666664</ele>
                <time>2022-01-15T02:40:13Z</time>
            </trkpt>
            <trkpt lat="33.8330967" lon="132.8365122">
                <ele>299.4166666666667</ele>
                <time>2022-01-15T02:40:56Z</time>
            </trkpt>
            <trkpt lat="33.8330621" lon="132.836299">
                <ele>300.5933333333333</ele>
                <time>2022-01-15T02:41:14Z</time>
            </trkpt>
            <trkpt lat="33.8331159" lon="132.8360907">
                <ele>298.6666666666667</ele>
                <time>2022-01-15T02:41:44Z</time>
            </trkpt>
            <trkpt lat="33.8331425" lon="132.8358723">
                <ele>295.35999999999996</ele>
                <time>2022-01-15T02:42:06Z</time>
            </trkpt>
            <trkpt lat="33.8332117" lon="132.8356714">
                <ele>287.43666666666667</ele>
                <time>2022-01-15T02:42:23Z</time>
            </trkpt>
            <trkpt lat="33.8332541" lon="132.8354574">
                <ele>280.54</ele>
                <time>2022-01-15T02:42:41Z</time>
            </trkpt>
            <trkpt lat="33.8333317" lon="132.8352612">
                <ele>274.81</ele>
                <time>2022-01-15T02:42:59Z</time>
            </trkpt>
            <trkpt lat="33.8333703" lon="132.8350422">
                <ele>270.96333333333337</ele>
                <time>2022-01-15T02:43:19Z</time>
            </trkpt>
            <trkpt lat="33.833335" lon="132.8348168">
                <ele>268.63666666666666</ele>
                <time>2022-01-15T02:43:35Z</time>
            </trkpt>
            <trkpt lat="33.8333722" lon="132.8345962">
                <ele>267.0133333333333</ele>
                <time>2022-01-15T02:43:56Z</time>
            </trkpt>
            <trkpt lat="33.8333346" lon="132.834379">
                <ele>267.75333333333333</ele>
                <time>2022-01-15T02:44:39Z</time>
            </trkpt>
            <trkpt lat="33.8332899" lon="132.8341667">
                <ele>267.1333333333333</ele>
                <time>2022-01-15T02:44:51Z</time>
            </trkpt>
            <trkpt lat="33.833218" lon="132.8339465">
                <ele>266.78</ele>
                <time>2022-01-15T02:45:06Z</time>
            </trkpt>
            <trkpt lat="33.8333351" lon="132.8337784">
                <ele>262.98333333333335</ele>
                <time>2022-01-15T02:45:19Z</time>
            </trkpt>
            <trkpt lat="33.8333986" lon="132.8335749">
                <ele>259.0833333333333</ele>
                <time>2022-01-15T02:45:35Z</time>
            </trkpt>
            <trkpt lat="33.8333568" lon="132.8333565">
                <ele>255.3733333333333</ele>
                <time>2022-01-15T02:45:49Z</time>
            </trkpt>
            <trkpt lat="33.8333637" lon="132.8331403">
                <ele>253.2266666666667</ele>
                <time>2022-01-15T02:46:01Z</time>
            </trkpt>
            <trkpt lat="33.8334383" lon="132.8329343">
                <ele>251.44000000000003</ele>
                <time>2022-01-15T02:46:15Z</time>
            </trkpt>
            <trkpt lat="33.8334645" lon="132.8327151">
                <ele>249.95666666666668</ele>
                <time>2022-01-15T02:46:32Z</time>
            </trkpt>
            <trkpt lat="33.8335381" lon="132.8325076">
                <ele>249.56333333333336</ele>
                <time>2022-01-15T02:46:46Z</time>
            </trkpt>
            <trkpt lat="33.833622" lon="132.8323138">
                <ele>250.59666666666666</ele>
                <time>2022-01-15T02:47:01Z</time>
            </trkpt>
            <trkpt lat="33.8337806" lon="132.8321839">
                <ele>251.46333333333334</ele>
                <time>2022-01-15T02:47:16Z</time>
            </trkpt>
            <trkpt lat="33.833891" lon="132.8320092">
                <ele>252.61666666666667</ele>
                <time>2022-01-15T02:47:31Z</time>
            </trkpt>
            <trkpt lat="33.8339692" lon="132.831808">
                <ele>254.18666666666664</ele>
                <time>2022-01-15T02:47:45Z</time>
            </trkpt>
            <trkpt lat="33.8341303" lon="132.8317077">
                <ele>254.87666666666667</ele>
                <time>2022-01-15T02:47:59Z</time>
            </trkpt>
            <trkpt lat="33.8342476" lon="132.8315422">
                <ele>252.84</ele>
                <time>2022-01-15T02:48:16Z</time>
            </trkpt>
            <trkpt lat="33.8344198" lon="132.831622">
                <ele>248.08</ele>
                <time>2022-01-15T02:49:53Z</time>
            </trkpt>
            <trkpt lat="33.8345983" lon="132.8316772">
                <ele>243.94333333333336</ele>
                <time>2022-01-15T02:50:06Z</time>
            </trkpt>
            <trkpt lat="33.834765" lon="132.8317767">
                <ele>241.59</ele>
                <time>2022-01-15T02:50:22Z</time>
            </trkpt>
            <trkpt lat="33.8349546" lon="132.8318218">
                <ele>240.2733333333333</ele>
                <time>2022-01-15T02:50:41Z</time>
            </trkpt>
            <trkpt lat="33.8351348" lon="132.8318421">
                <ele>239.92</ele>
                <time>2022-01-15T02:50:54Z</time>
            </trkpt>
            <trkpt lat="33.8353094" lon="132.8317749">
                <ele>239.09</ele>
                <time>2022-01-15T02:51:07Z</time>
            </trkpt>
            <trkpt lat="33.8354817" lon="132.831685">
                <ele>237.92666666666665</ele>
                <time>2022-01-15T02:51:16Z</time>
            </trkpt>
            <trkpt lat="33.8356228" lon="132.8315458">
                <ele>235.2966666666667</ele>
                <time>2022-01-15T02:51:26Z</time>
            </trkpt>
            <trkpt lat="33.8357222" lon="132.8313572">
                <ele>232.70666666666668</ele>
                <time>2022-01-15T02:51:42Z</time>
            </trkpt>
            <trkpt lat="33.8356568" lon="132.831562">
                <ele>230.92</ele>
                <time>2022-01-15T02:52:19Z</time>
            </trkpt>
            <trkpt lat="33.8355357" lon="132.8317291">
                <ele>232.18000000000004</ele>
                <time>2022-01-15T02:52:32Z</time>
            </trkpt>
            <trkpt lat="33.8353891" lon="132.8318662">
                <ele>235.42333333333332</ele>
                <time>2022-01-15T02:52:51Z</time>
            </trkpt>
            <trkpt lat="33.8352477" lon="132.8320166">
                <ele>241.2966666666667</ele>
                <time>2022-01-15T02:53:09Z</time>
            </trkpt>
            <trkpt lat="33.8350588" lon="132.8320364">
                <ele>244.95000000000002</ele>
                <time>2022-01-15T02:53:22Z</time>
            </trkpt>
            <trkpt lat="33.8348708" lon="132.8320128">
                <ele>247.09666666666666</ele>
                <time>2022-01-15T02:53:36Z</time>
            </trkpt>
            <trkpt lat="33.8347141" lon="132.8318875">
                <ele>245.01999999999998</ele>
                <time>2022-01-15T02:53:47Z</time>
            </trkpt>
            <trkpt lat="33.8345407" lon="132.8318098">
                <ele>243.5533333333333</ele>
                <time>2022-01-15T02:54:00Z</time>
            </trkpt>
            <trkpt lat="33.8343898" lon="132.8316824">
                <ele>243.0666666666667</ele>
                <time>2022-01-15T02:54:12Z</time>
            </trkpt>
            <trkpt lat="33.8342444" lon="132.8315546">
                <ele>244.95000000000002</ele>
                <time>2022-01-15T02:54:24Z</time>
            </trkpt>
            <trkpt lat="33.8341784" lon="132.8313492">
                <ele>247.01666666666668</ele>
                <time>2022-01-15T02:54:38Z</time>
            </trkpt>
            <trkpt lat="33.8340343" lon="132.8312089">
                <ele>246.40333333333334</ele>
                <time>2022-01-15T02:54:52Z</time>
            </trkpt>
            <trkpt lat="33.8339511" lon="132.8310135">
                <ele>244.09</ele>
                <time>2022-01-15T02:56:18Z</time>
            </trkpt>
            <trkpt lat="33.8337701" lon="132.8310221">
                <ele>240.70000000000002</ele>
                <time>2022-01-15T02:56:31Z</time>
            </trkpt>
            <trkpt lat="33.8335915" lon="132.8309726">
                <ele>238.55333333333337</ele>
                <time>2022-01-15T02:56:45Z</time>
            </trkpt>
            <trkpt lat="33.8333947" lon="132.8309094">
                <ele>236.36333333333334</ele>
                <time>2022-01-15T02:56:59Z</time>
            </trkpt>
            <trkpt lat="33.8332244" lon="132.8308345">
                <ele>235.02</ele>
                <time>2022-01-15T02:57:16Z</time>
            </trkpt>
            <trkpt lat="33.8330463" lon="132.8307942">
                <ele>233.56000000000003</ele>
                <time>2022-01-15T02:57:31Z</time>
            </trkpt>
            <trkpt lat="33.8328084" lon="132.8307788">
                <ele>231.38666666666668</ele>
                <time>2022-01-15T02:57:50Z</time>
            </trkpt>
            <trkpt lat="33.8326165" lon="132.830778">
                <ele>227.58333333333334</ele>
                <time>2022-01-15T02:58:02Z</time>
            </trkpt>
            <trkpt lat="33.8324607" lon="132.8306479">
                <ele>223.34333333333333</ele>
                <time>2022-01-15T02:58:16Z</time>
            </trkpt>
            <trkpt lat="33.8323094" lon="132.83052">
                <ele>219.73666666666668</ele>
                <time>2022-01-15T02:58:29Z</time>
            </trkpt>
            <trkpt lat="33.8321438" lon="132.8304148">
                <ele>215.71</ele>
                <time>2022-01-15T02:58:42Z</time>
            </trkpt>
            <trkpt lat="33.8321722" lon="132.8301995">
                <ele>216.83666666666667</ele>
                <time>2022-01-15T02:59:15Z</time>
            </trkpt>
            <trkpt lat="33.8319855" lon="132.8302388">
                <ele>217.88333333333333</ele>
                <time>2022-01-15T03:00:20Z</time>
            </trkpt>
            <trkpt lat="33.8318032" lon="132.8302258">
                <ele>221.04666666666665</ele>
                <time>2022-01-15T03:00:32Z</time>
            </trkpt>
            <trkpt lat="33.8316207" lon="132.8302662">
                <ele>218.42</ele>
                <time>2022-01-15T03:00:47Z</time>
            </trkpt>
            <trkpt lat="33.8314321" lon="132.8302822">
                <ele>214.92666666666665</ele>
                <time>2022-01-15T03:01:09Z</time>
            </trkpt>
            <trkpt lat="33.8312441" lon="132.8302992">
                <ele>207.42999999999998</ele>
                <time>2022-01-15T03:01:21Z</time>
            </trkpt>
            <trkpt lat="33.8310509" lon="132.8302406">
                <ele>199.91666666666666</ele>
                <time>2022-01-15T03:01:33Z</time>
            </trkpt>
            <trkpt lat="33.83088" lon="132.8301512">
                <ele>194.85000000000002</ele>
                <time>2022-01-15T03:01:45Z</time>
            </trkpt>
            <trkpt lat="33.8306979" lon="132.8301135">
                <ele>195.0233333333333</ele>
                <time>2022-01-15T03:01:57Z</time>
            </trkpt>
            <trkpt lat="33.8305202" lon="132.8300748">
                <ele>196.25333333333333</ele>
                <time>2022-01-15T03:02:10Z</time>
            </trkpt>
            <trkpt lat="33.8303392" lon="132.8301256">
                <ele>194.4333333333333</ele>
                <time>2022-01-15T03:02:22Z</time>
            </trkpt>
            <trkpt lat="33.8301593" lon="132.8301866">
                <ele>190.50333333333333</ele>
                <time>2022-01-15T03:02:38Z</time>
            </trkpt>
            <trkpt lat="33.8299711" lon="132.8301478">
                <ele>185.54333333333332</ele>
                <time>2022-01-15T03:02:57Z</time>
            </trkpt>
            <trkpt lat="33.8300054" lon="132.8299337">
                <ele>185.98666666666668</ele>
                <time>2022-01-15T03:06:52Z</time>
            </trkpt>
            <trkpt lat="33.8299521" lon="132.8297242">
                <ele>190.05333333333337</ele>
                <time>2022-01-15T03:07:46Z</time>
            </trkpt>
            <trkpt lat="33.8298447" lon="132.8295401">
                <ele>199.4766666666667</ele>
                <time>2022-01-15T03:09:55Z</time>
            </trkpt>
            <trkpt lat="33.8296702" lon="132.8294665">
                <ele>208.9666666666667</ele>
                <time>2022-01-15T03:13:40Z</time>
            </trkpt>
            <trkpt lat="33.8294122" lon="132.8295437">
                <ele>216.08</ele>
                <time>2022-01-15T03:19:23Z</time>
            </trkpt>
            <trkpt lat="33.8295251" lon="132.8293723">
                <ele>221.04</ele>
                <time>2022-01-15T03:25:35Z</time>
            </trkpt>
            <trkpt lat="33.8297014" lon="132.829276">
                <ele>222.0966666666667</ele>
                <time>2022-01-15T03:27:55Z</time>
            </trkpt>
            <trkpt lat="33.8298832" lon="132.8291985">
                <ele>218.41</ele>
                <time>2022-01-15T03:29:03Z</time>
            </trkpt>
            <trkpt lat="33.8300256" lon="132.8290585">
                <ele>210.37333333333333</ele>
                <time>2022-01-15T03:29:32Z</time>
            </trkpt>
            <trkpt lat="33.8300112" lon="132.8288431">
                <ele>204.42</ele>
                <time>2022-01-15T03:31:23Z</time>
            </trkpt>
            <trkpt lat="33.8300629" lon="132.8286342">
                <ele>205.42</ele>
                <time>2022-01-15T03:32:01Z</time>
            </trkpt>
            <trkpt lat="33.8301342" lon="132.8284301">
                <ele>209.69333333333336</ele>
                <time>2022-01-15T03:47:21Z</time>
            </trkpt>
            <trkpt lat="33.8301564" lon="132.8282094">
                <ele>214.20666666666668</ele>
                <time>2022-01-15T03:52:48Z</time>
            </trkpt>
            <trkpt lat="33.8301982" lon="132.8279944">
                <ele>216.89</ele>
                <time>2022-01-15T03:53:04Z</time>
            </trkpt>
            <trkpt lat="33.8302985" lon="132.8278115">
                <ele>216.40666666666667</ele>
                <time>2022-01-15T03:53:22Z</time>
            </trkpt>
            <trkpt lat="33.8304789" lon="132.827784">
                <ele>213.38333333333333</ele>
                <time>2022-01-15T03:54:10Z</time>
            </trkpt>
            <trkpt lat="33.8306088" lon="132.827626">
                <ele>209.78</ele>
                <time>2022-01-15T03:54:33Z</time>
            </trkpt>
            <trkpt lat="33.83065" lon="132.8274139">
                <ele>208.8466666666667</ele>
                <time>2022-01-15T03:54:45Z</time>
            </trkpt>
            <trkpt lat="33.8306778" lon="132.8271994">
                <ele>209.51</ele>
                <time>2022-01-15T03:55:17Z</time>
            </trkpt>
            <trkpt lat="33.8307841" lon="132.8270154">
                <ele>211.20666666666668</ele>
                <time>2022-01-15T03:55:34Z</time>
            </trkpt>
            <trkpt lat="33.8309537" lon="132.8269047">
                <ele>213.75666666666666</ele>
                <time>2022-01-15T03:56:19Z</time>
            </trkpt>
            <trkpt lat="33.8310697" lon="132.8267369">
                <ele>216.21333333333334</ele>
                <time>2022-01-15T03:58:51Z</time>
            </trkpt>
            <trkpt lat="33.8311068" lon="132.8265153">
                <ele>218.80666666666664</ele>
                <time>2022-01-15T03:59:05Z</time>
            </trkpt>
            <trkpt lat="33.8311902" lon="132.8263175">
                <ele>220.54999999999998</ele>
                <time>2022-01-15T03:59:32Z</time>
            </trkpt>
            <trkpt lat="33.8313408" lon="132.8261899">
                <ele>223.51</ele>
                <time>2022-01-15T04:00:10Z</time>
            </trkpt>
            <trkpt lat="33.8314407" lon="132.8260086">
                <ele>227.78666666666666</ele>
                <time>2022-01-15T04:00:31Z</time>
            </trkpt>
            <trkpt lat="33.8315867" lon="132.8258809">
                <ele>234.44000000000003</ele>
                <time>2022-01-15T04:01:01Z</time>
            </trkpt>
            <trkpt lat="33.8317543" lon="132.8257369">
                <ele>241.02666666666667</ele>
                <time>2022-01-15T04:02:15Z</time>
            </trkpt>
            <trkpt lat="33.831859" lon="132.8255598">
                <ele>247.25333333333333</ele>
                <time>2022-01-15T04:06:06Z</time>
            </trkpt>
            <trkpt lat="33.83179" lon="132.8253583">
                <ele>252.67</ele>
                <time>2022-01-15T04:07:36Z</time>
            </trkpt>
            <trkpt lat="33.8318148" lon="132.8251319">
                <ele>259.24666666666667</ele>
                <time>2022-01-15T04:08:30Z</time>
            </trkpt>
            <trkpt lat="33.8319545" lon="132.8249909">
                <ele>265.96</ele>
                <time>2022-01-15T04:09:53Z</time>
            </trkpt>
            <trkpt lat="33.8319837" lon="132.824777">
                <ele>273.70000000000005</ele>
                <time>2022-01-15T04:12:03Z</time>
            </trkpt>
            <trkpt lat="33.8318466" lon="132.8246328">
                <ele>278.46333333333337</ele>
                <time>2022-01-15T04:13:01Z</time>
            </trkpt>
            <trkpt lat="33.8317818" lon="132.8244278">
                <ele>284.06666666666666</ele>
                <time>2022-01-15T04:14:40Z</time>
            </trkpt>
            <trkpt lat="33.8316365" lon="132.8242891">
                <ele>286.88666666666666</ele>
                <time>2022-01-15T04:15:15Z</time>
            </trkpt>
            <trkpt lat="33.8315115" lon="132.8241252">
                <ele>291.04</ele>
                <time>2022-01-15T04:15:55Z</time>
            </trkpt>
            <trkpt lat="33.8313243" lon="132.8240993">
                <ele>291.67</ele>
                <time>2022-01-15T04:17:00Z</time>
            </trkpt>
            <trkpt lat="33.8311457" lon="132.824015">
                <ele>292.54333333333335</ele>
                <time>2022-01-15T04:17:14Z</time>
            </trkpt>
            <trkpt lat="33.83099" lon="132.823892">
                <ele>291.52333333333337</ele>
                <time>2022-01-15T04:17:29Z</time>
            </trkpt>
            <trkpt lat="33.8308922" lon="132.8236997">
                <ele>290.84666666666664</ele>
                <time>2022-01-15T04:17:43Z</time>
            </trkpt>
            <trkpt lat="33.8309071" lon="132.8234806">
                <ele>289.52666666666664</ele>
                <time>2022-01-15T04:18:03Z</time>
            </trkpt>
            <trkpt lat="33.8309089" lon="132.8237093">
                <ele>289.6266666666667</ele>
                <time>2022-01-15T04:23:37Z</time>
            </trkpt>
            <trkpt lat="33.8310152" lon="132.8238904">
                <ele>289.8966666666667</ele>
                <time>2022-01-15T04:23:54Z</time>
            </trkpt>
            <trkpt lat="33.8311811" lon="132.8239841">
                <ele>291.2166666666667</ele>
                <time>2022-01-15T04:24:11Z</time>
            </trkpt>
            <trkpt lat="33.8313713" lon="132.824001">
                <ele>292.3833333333334</ele>
                <time>2022-01-15T04:24:28Z</time>
            </trkpt>
            <trkpt lat="33.8315621" lon="132.8240228">
                <ele>293.20000000000005</ele>
                <time>2022-01-15T04:24:43Z</time>
            </trkpt>
            <trkpt lat="33.8317478" lon="132.8240649">
                <ele>293.6433333333334</ele>
                <time>2022-01-15T04:25:03Z</time>
            </trkpt>
            <trkpt lat="33.8319325" lon="132.824067">
                <ele>293.6466666666667</ele>
                <time>2022-01-15T04:25:18Z</time>
            </trkpt>
            <trkpt lat="33.8320804" lon="132.8241936">
                <ele>294.15000000000003</ele>
                <time>2022-01-15T04:25:34Z</time>
            </trkpt>
            <trkpt lat="33.8322357" lon="132.8243104">
                <ele>295.81</ele>
                <time>2022-01-15T04:25:49Z</time>
            </trkpt>
            <trkpt lat="33.8324161" lon="132.824328">
                <ele>298.64000000000004</ele>
                <time>2022-01-15T04:26:19Z</time>
            </trkpt>
            <trkpt lat="33.8325973" lon="132.8243487">
                <ele>302.3933333333334</ele>
                <time>2022-01-15T04:27:03Z</time>
            </trkpt>
            <trkpt lat="33.8327728" lon="132.8244142">
                <ele>306.22</ele>
                <time>2022-01-15T04:27:20Z</time>
            </trkpt>
            <trkpt lat="33.8329153" lon="132.8245486">
                <ele>310.7</ele>
                <time>2022-01-15T04:27:56Z</time>
            </trkpt>
            <trkpt lat="33.8330952" lon="132.8245831">
                <ele>316.36666666666673</ele>
                <time>2022-01-15T04:28:45Z</time>
            </trkpt>
            <trkpt lat="33.8332765" lon="132.824617">
                <ele>321.7333333333333</ele>
                <time>2022-01-15T04:29:44Z</time>
            </trkpt>
            <trkpt lat="33.8334456" lon="132.8246944">
                <ele>326.1433333333333</ele>
                <time>2022-01-15T04:30:21Z</time>
            </trkpt>
            <trkpt lat="33.8336046" lon="132.8248126">
                <ele>329.66</ele>
                <time>2022-01-15T04:30:42Z</time>
            </trkpt>
            <trkpt lat="33.833778" lon="132.8248768">
                <ele>332.9066666666667</ele>
                <time>2022-01-15T04:31:05Z</time>
            </trkpt>
            <trkpt lat="33.833962" lon="132.8249007">
                <ele>336.62</ele>
                <time>2022-01-15T04:31:22Z</time>
            </trkpt>
            <trkpt lat="33.8341436" lon="132.8249245">
                <ele>338.8933333333334</ele>
                <time>2022-01-15T04:31:37Z</time>
            </trkpt>
            <trkpt lat="33.8343212" lon="132.8249802">
                <ele>341.7833333333333</ele>
                <time>2022-01-15T04:31:57Z</time>
            </trkpt>
            <trkpt lat="33.8345063" lon="132.8249704">
                <ele>344.89000000000004</ele>
                <time>2022-01-15T04:32:54Z</time>
            </trkpt>
            <trkpt lat="33.8346839" lon="132.8250369">
                <ele>349.2</ele>
                <time>2022-01-15T04:33:11Z</time>
            </trkpt>
            <trkpt lat="33.8348641" lon="132.8250236">
                <ele>354.23333333333335</ele>
                <time>2022-01-15T04:33:32Z</time>
            </trkpt>
            <trkpt lat="33.8350478" lon="132.8250273">
                <ele>359.15000000000003</ele>
                <time>2022-01-15T04:34:11Z</time>
            </trkpt>
            <trkpt lat="33.835221" lon="132.8249268">
                <ele>364.57</ele>
                <time>2022-01-15T04:34:39Z</time>
            </trkpt>
            <trkpt lat="33.8354001" lon="132.8248939">
                <ele>368.8666666666666</ele>
                <time>2022-01-15T04:34:54Z</time>
            </trkpt>
            <trkpt lat="33.8355238" lon="132.8247334">
                <ele>372.2033333333333</ele>
                <time>2022-01-15T04:35:20Z</time>
            </trkpt>
            <trkpt lat="33.8356877" lon="132.8246271">
                <ele>374.50333333333333</ele>
                <time>2022-01-15T04:35:41Z</time>
            </trkpt>
            <trkpt lat="33.8358695" lon="132.8246351">
                <ele>375.81</ele>
                <time>2022-01-15T04:36:00Z</time>
            </trkpt>
            <trkpt lat="33.8360551" lon="132.8246334">
                <ele>376.17</ele>
                <time>2022-01-15T04:36:35Z</time>
            </trkpt>
            <trkpt lat="33.8362323" lon="132.824694">
                <ele>374.6033333333333</ele>
                <time>2022-01-15T04:36:50Z</time>
            </trkpt>
            <trkpt lat="33.8363935" lon="132.8247969">
                <ele>376.01666666666665</ele>
                <time>2022-01-15T04:37:05Z</time>
            </trkpt>
            <trkpt lat="33.8365706" lon="132.8248502">
                <ele>378.2966666666666</ele>
                <time>2022-01-15T04:37:23Z</time>
            </trkpt>
            <trkpt lat="33.8367472" lon="132.8249385">
                <ele>383.3933333333334</ele>
                <time>2022-01-15T04:37:43Z</time>
            </trkpt>
            <trkpt lat="33.8369207" lon="132.8248754">
                <ele>383.46333333333337</ele>
                <time>2022-01-15T04:37:56Z</time>
            </trkpt>
            <trkpt lat="33.8370999" lon="132.8248435">
                <ele>383.93</ele>
                <time>2022-01-15T04:38:11Z</time>
            </trkpt>
            <trkpt lat="33.8372265" lon="132.8250012">
                <ele>386.43</ele>
                <time>2022-01-15T04:38:30Z</time>
            </trkpt>
            <trkpt lat="33.8373592" lon="132.825158">
                <ele>393.0366666666667</ele>
                <time>2022-01-15T04:39:11Z</time>
            </trkpt>
            <trkpt lat="33.8375049" lon="132.8252885">
                <ele>398.80333333333334</ele>
                <time>2022-01-15T04:39:32Z</time>
            </trkpt>
            <trkpt lat="33.8376682" lon="132.8253894">
                <ele>400.56</ele>
                <time>2022-01-15T04:39:55Z</time>
            </trkpt>
            <trkpt lat="33.8378138" lon="132.8255289">
                <ele>402.23</ele>
                <time>2022-01-15T04:40:26Z</time>
            </trkpt>
            <trkpt lat="33.8376784" lon="132.825374">
                <ele>402.01</ele>
                <time>2022-01-15T04:42:37Z</time>
            </trkpt>
            <trkpt lat="33.8375065" lon="132.8253076">
                <ele>402.23</ele>
                <time>2022-01-15T04:42:47Z</time>
            </trkpt>
            <trkpt lat="33.8373306" lon="132.8252237">
                <ele>400.74</ele>
                <time>2022-01-15T04:43:01Z</time>
            </trkpt>
            <trkpt lat="33.837195" lon="132.825081">
                <ele>399.77</ele>
                <time>2022-01-15T04:43:29Z</time>
            </trkpt>
            <trkpt lat="33.8370523" lon="132.8249424">
                <ele>395.31666666666666</ele>
                <time>2022-01-15T04:43:44Z</time>
            </trkpt>
            <trkpt lat="33.8368627" lon="132.8249574">
                <ele>390.2766666666667</ele>
                <time>2022-01-15T04:44:04Z</time>
            </trkpt>
            <trkpt lat="33.8366796" lon="132.8249723">
                <ele>388.2833333333333</ele>
                <time>2022-01-15T04:44:18Z</time>
            </trkpt>
            <trkpt lat="33.8365069" lon="132.8248998">
                <ele>388.48333333333335</ele>
                <time>2022-01-15T04:44:33Z</time>
            </trkpt>
            <trkpt lat="33.836325" lon="132.8248682">
                <ele>386.6666666666667</ele>
                <time>2022-01-15T04:44:57Z</time>
            </trkpt>
            <trkpt lat="33.8361695" lon="132.8247475">
                <ele>382.03999999999996</ele>
                <time>2022-01-15T04:45:15Z</time>
            </trkpt>
            <trkpt lat="33.8360058" lon="132.8246415">
                <ele>377.78000000000003</ele>
                <time>2022-01-15T04:45:30Z</time>
            </trkpt>
            <trkpt lat="33.8358244" lon="132.8246458">
                <ele>376.6033333333333</ele>
                <time>2022-01-15T04:45:47Z</time>
            </trkpt>
            <trkpt lat="33.8356556" lon="132.8247454">
                <ele>377.0</ele>
                <time>2022-01-15T04:46:11Z</time>
            </trkpt>
            <trkpt lat="33.8355053" lon="132.8248651">
                <ele>376.99666666666667</ele>
                <time>2022-01-15T04:46:27Z</time>
            </trkpt>
            <trkpt lat="33.8353232" lon="132.8249352">
                <ele>374.99666666666667</ele>
                <time>2022-01-15T04:46:41Z</time>
            </trkpt>
            <trkpt lat="33.835153" lon="132.8250113">
                <ele>371.65333333333336</ele>
                <time>2022-01-15T04:48:45Z</time>
            </trkpt>
            <trkpt lat="33.8349779" lon="132.8251011">
                <ele>367.31666666666666</ele>
                <time>2022-01-15T04:48:57Z</time>
            </trkpt>
            <trkpt lat="33.8347962" lon="132.8250477">
                <ele>362.76</ele>
                <time>2022-01-15T04:49:09Z</time>
            </trkpt>
            <trkpt lat="33.8346833" lon="132.824878">
                <ele>356.7833333333333</ele>
                <time>2022-01-15T04:49:30Z</time>
            </trkpt>
            <trkpt lat="33.8345005" lon="132.8248436">
                <ele>350.81666666666666</ele>
                <time>2022-01-15T04:49:46Z</time>
            </trkpt>
            <trkpt lat="33.8344094" lon="132.8250368">
                <ele>346.8833333333334</ele>
                <time>2022-01-15T04:50:02Z</time>
            </trkpt>
            <trkpt lat="33.8342179" lon="132.8250104">
                <ele>344.68666666666667</ele>
                <time>2022-01-15T04:50:16Z</time>
            </trkpt>
            <trkpt lat="33.8340437" lon="132.8249521">
                <ele>343.3433333333333</ele>
                <time>2022-01-15T04:50:33Z</time>
            </trkpt>
            <trkpt lat="33.8338671" lon="132.8250115">
                <ele>341.99666666666667</ele>
                <time>2022-01-15T04:50:47Z</time>
            </trkpt>
            <trkpt lat="33.8336819" lon="132.8250046">
                <ele>340.65000000000003</ele>
                <time>2022-01-15T04:51:04Z</time>
            </trkpt>
            <trkpt lat="33.8335324" lon="132.8248783">
                <ele>338.43666666666667</ele>
                <time>2022-01-15T04:51:32Z</time>
            </trkpt>
            <trkpt lat="33.8333571" lon="132.824775">
                <ele>334.65000000000003</ele>
                <time>2022-01-15T04:51:45Z</time>
            </trkpt>
            <trkpt lat="33.8332033" lon="132.8246557">
                <ele>329.68</ele>
                <time>2022-01-15T04:51:56Z</time>
            </trkpt>
            <trkpt lat="33.8330189" lon="132.8246209">
                <ele>325.58</ele>
                <time>2022-01-15T04:52:13Z</time>
            </trkpt>
            <trkpt lat="33.8328212" lon="132.8246324">
                <ele>319.10333333333335</ele>
                <time>2022-01-15T04:52:32Z</time>
            </trkpt>
            <trkpt lat="33.8327397" lon="132.8244272">
                <ele>314.22</ele>
                <time>2022-01-15T04:52:45Z</time>
            </trkpt>
            <trkpt lat="33.8325559" lon="132.824419">
                <ele>308.8466666666667</ele>
                <time>2022-01-15T04:52:59Z</time>
            </trkpt>
            <trkpt lat="33.8323753" lon="132.8243642">
                <ele>305.84333333333336</ele>
                <time>2022-01-15T04:53:10Z</time>
            </trkpt>
            <trkpt lat="33.8321903" lon="132.8243506">
                <ele>301.37</ele>
                <time>2022-01-15T04:53:22Z</time>
            </trkpt>
            <trkpt lat="33.8320286" lon="132.8242404">
                <ele>297.6766666666667</ele>
                <time>2022-01-15T04:53:38Z</time>
            </trkpt>
            <trkpt lat="33.8318735" lon="132.824121">
                <ele>294.9566666666667</ele>
                <time>2022-01-15T04:53:51Z</time>
            </trkpt>
            <trkpt lat="33.8316913" lon="132.8240976">
                <ele>293.89000000000004</ele>
                <time>2022-01-15T04:54:08Z</time>
            </trkpt>
            <trkpt lat="33.8315025" lon="132.8240836">
                <ele>293.68333333333334</ele>
                <time>2022-01-15T04:54:24Z</time>
            </trkpt>
            <trkpt lat="33.8313131" lon="132.8240188">
                <ele>293.43333333333334</ele>
                <time>2022-01-15T04:54:37Z</time>
            </trkpt>
            <trkpt lat="33.8311324" lon="132.823986">
                <ele>292.82666666666665</ele>
                <time>2022-01-15T04:54:51Z</time>
            </trkpt>
            <trkpt lat="33.8309785" lon="132.8238721">
                <ele>291.64</ele>
                <time>2022-01-15T04:55:07Z</time>
            </trkpt>
            <trkpt lat="33.8308319" lon="132.8237149">
                <ele>290.1566666666667</ele>
                <time>2022-01-15T04:55:22Z</time>
            </trkpt>
            <trkpt lat="33.8309125" lon="132.8234968">
                <ele>289.05333333333334</ele>
                <time>2022-01-15T04:55:37Z</time>
            </trkpt>
            <trkpt lat="33.830747" lon="132.8236285">
                <ele>287.8733333333333</ele>
                <time>2022-01-15T04:56:21Z</time>
            </trkpt>
            <trkpt lat="33.8305624" lon="132.8236893">
                <ele>286.06666666666666</ele>
                <time>2022-01-15T04:56:34Z</time>
            </trkpt>
            <trkpt lat="33.8303787" lon="132.82364">
                <ele>283.18</ele>
                <time>2022-01-15T04:56:47Z</time>
            </trkpt>
            <trkpt lat="33.8302481" lon="132.8234833">
                <ele>279.1766666666667</ele>
                <time>2022-01-15T04:57:12Z</time>
            </trkpt>
            <trkpt lat="33.8300915" lon="132.8233677">
                <ele>276.40000000000003</ele>
                <time>2022-01-15T04:57:29Z</time>
            </trkpt>
            <trkpt lat="33.829933" lon="132.8232578">
                <ele>275.1233333333333</ele>
                <time>2022-01-15T04:58:12Z</time>
            </trkpt>
            <trkpt lat="33.8298009" lon="132.8231094">
                <ele>275.24333333333334</ele>
                <time>2022-01-15T04:58:30Z</time>
            </trkpt>
            <trkpt lat="33.8296773" lon="132.8229464">
                <ele>274.87</ele>
                <time>2022-01-15T04:58:42Z</time>
            </trkpt>
            <trkpt lat="33.8296699" lon="132.8227281">
                <ele>273.72999999999996</ele>
                <time>2022-01-15T04:58:55Z</time>
            </trkpt>
            <trkpt lat="33.8296812" lon="132.8225106">
                <ele>272.7733333333333</ele>
                <time>2022-01-15T04:59:10Z</time>
            </trkpt>
            <trkpt lat="33.8297263" lon="132.8222955">
                <ele>271.2666666666667</ele>
                <time>2022-01-15T04:59:26Z</time>
            </trkpt>
            <trkpt lat="33.8297484" lon="132.8220749">
                <ele>268.5366666666667</ele>
                <time>2022-01-15T04:59:44Z</time>
            </trkpt>
            <trkpt lat="33.8295791" lon="132.8219801">
                <ele>265.40333333333336</ele>
                <time>2022-01-15T05:00:01Z</time>
            </trkpt>
            <trkpt lat="33.8293962" lon="132.821972">
                <ele>263.5466666666667</ele>
                <time>2022-01-15T05:00:16Z</time>
            </trkpt>
            <trkpt lat="33.8292139" lon="132.8220205">
                <ele>264.3766666666667</ele>
                <time>2022-01-15T05:00:32Z</time>
            </trkpt>
            <trkpt lat="33.8291472" lon="132.8218145">
                <ele>264.6466666666667</ele>
                <time>2022-01-15T05:00:50Z</time>
            </trkpt>
            <trkpt lat="33.8292757" lon="132.8216608">
                <ele>262.89000000000004</ele>
                <time>2022-01-15T05:01:05Z</time>
            </trkpt>
            <trkpt lat="33.8293288" lon="132.8214487">
                <ele>258.27333333333337</ele>
                <time>2022-01-15T05:01:23Z</time>
            </trkpt>
            <trkpt lat="33.8291423" lon="132.8214346">
                <ele>254.16666666666666</ele>
                <time>2022-01-15T05:02:26Z</time>
            </trkpt>
            <trkpt lat="33.8289526" lon="132.8214676">
                <ele>252.42999999999998</ele>
                <time>2022-01-15T05:02:39Z</time>
            </trkpt>
            <trkpt lat="33.8287845" lon="132.8215581">
                <ele>252.44000000000003</ele>
                <time>2022-01-15T05:02:51Z</time>
            </trkpt>
            <trkpt lat="33.8286156" lon="132.8216531">
                <ele>252.57000000000002</ele>
                <time>2022-01-15T05:03:02Z</time>
            </trkpt>
            <trkpt lat="33.8284612" lon="132.8217701">
                <ele>250.84333333333333</ele>
                <time>2022-01-15T05:03:14Z</time>
            </trkpt>
            <trkpt lat="33.8282736" lon="132.8217997">
                <ele>247.55666666666664</ele>
                <time>2022-01-15T05:03:47Z</time>
            </trkpt>
            <trkpt lat="33.8281153" lon="132.8216741">
                <ele>244.88</ele>
                <time>2022-01-15T05:04:14Z</time>
            </trkpt>
            <trkpt lat="33.8279646" lon="132.8215524">
                <ele>243.23666666666668</ele>
                <time>2022-01-15T05:04:29Z</time>
            </trkpt>
            <trkpt lat="33.8277892" lon="132.8214319">
                <ele>242.51333333333335</ele>
                <time>2022-01-15T05:04:44Z</time>
            </trkpt>
            <trkpt lat="33.8276066" lon="132.821359">
                <ele>242.56000000000003</ele>
                <time>2022-01-15T05:05:02Z</time>
            </trkpt>
            <trkpt lat="33.8274491" lon="132.8212514">
                <ele>244.07666666666668</ele>
                <time>2022-01-15T05:05:24Z</time>
            </trkpt>
            <trkpt lat="33.8272615" lon="132.8212519">
                <ele>247.51</ele>
                <time>2022-01-15T05:05:42Z</time>
            </trkpt>
            <trkpt lat="33.827091" lon="132.8211541">
                <ele>251.71333333333334</ele>
                <time>2022-01-15T05:06:38Z</time>
            </trkpt>
            <trkpt lat="33.8269329" lon="132.8210382">
                <ele>254.75</ele>
                <time>2022-01-15T05:06:52Z</time>
            </trkpt>
            <trkpt lat="33.8268365" lon="132.8208529">
                <ele>256.24666666666667</ele>
                <time>2022-01-15T05:07:09Z</time>
            </trkpt>
            <trkpt lat="33.8266802" lon="132.8207287">
                <ele>256.00666666666666</ele>
                <time>2022-01-15T05:07:26Z</time>
            </trkpt>
            <trkpt lat="33.8264989" lon="132.8207241">
                <ele>255.26999999999998</ele>
                <time>2022-01-15T05:07:59Z</time>
            </trkpt>
            <trkpt lat="33.8263166" lon="132.8207552">
                <ele>254.5</ele>
                <time>2022-01-15T05:08:15Z</time>
            </trkpt>
            <trkpt lat="33.8261397" lon="132.8207034">
                <ele>253.57333333333335</ele>
                <time>2022-01-15T05:08:29Z</time>
            </trkpt>
            <trkpt lat="33.8259685" lon="132.8206291">
                <ele>252.39000000000001</ele>
                <time>2022-01-15T05:08:45Z</time>
            </trkpt>
            <trkpt lat="33.8257855" lon="132.8206123">
                <ele>251.06000000000003</ele>
                <time>2022-01-15T05:09:03Z</time>
            </trkpt>
            <trkpt lat="33.8255975" lon="132.8206282">
                <ele>249.59666666666666</ele>
                <time>2022-01-15T05:09:34Z</time>
            </trkpt>
            <trkpt lat="33.8254153" lon="132.8206017">
                <ele>247.84</ele>
                <time>2022-01-15T05:09:46Z</time>
            </trkpt>
            <trkpt lat="33.825231" lon="132.8205964">
                <ele>246.58</ele>
                <time>2022-01-15T05:10:03Z</time>
            </trkpt>
            <trkpt lat="33.8250511" lon="132.8206446">
                <ele>245.54</ele>
                <time>2022-01-15T05:10:27Z</time>
            </trkpt>
            <trkpt lat="33.8248833" lon="132.8207337">
                <ele>244.1</ele>
                <time>2022-01-15T05:10:40Z</time>
            </trkpt>
            <trkpt lat="33.8246983" lon="132.8207555">
                <ele>241.70000000000002</ele>
                <time>2022-01-15T05:10:53Z</time>
            </trkpt>
            <trkpt lat="33.8245598" lon="132.8205797">
                <ele>240.17333333333332</ele>
                <time>2022-01-15T05:11:04Z</time>
            </trkpt>
            <trkpt lat="33.8245353" lon="132.8203629">
                <ele>241.04666666666665</ele>
                <time>2022-01-15T05:11:21Z</time>
            </trkpt>
            <trkpt lat="33.8243417" lon="132.8203963">
                <ele>241.33666666666667</ele>
                <time>2022-01-15T05:11:36Z</time>
            </trkpt>
            <trkpt lat="33.8241599" lon="132.8204073">
                <ele>238.98333333333335</ele>
                <time>2022-01-15T05:13:56Z</time>
            </trkpt>
            <trkpt lat="33.8240356" lon="132.8202374">
                <ele>233.88000000000002</ele>
                <time>2022-01-15T05:14:18Z</time>
            </trkpt>
            <trkpt lat="33.8239854" lon="132.8200247">
                <ele>230.21333333333334</ele>
                <time>2022-01-15T05:14:30Z</time>
            </trkpt>
            <trkpt lat="33.8239088" lon="132.8198069">
                <ele>228.38666666666666</ele>
                <time>2022-01-15T05:14:45Z</time>
            </trkpt>
            <trkpt lat="33.8237679" lon="132.8196614">
                <ele>226.32333333333335</ele>
                <time>2022-01-15T05:14:59Z</time>
            </trkpt>
            <trkpt lat="33.8236729" lon="132.8194741">
                <ele>223.52666666666664</ele>
                <time>2022-01-15T05:15:16Z</time>
            </trkpt>
            <trkpt lat="33.8235762" lon="132.8192795">
                <ele>220.55666666666664</ele>
                <time>2022-01-15T05:17:02Z</time>
            </trkpt>
            <trkpt lat="33.8237842" lon="132.819178">
                <ele>222.13333333333333</ele>
                <time>2022-01-15T05:18:20Z</time>
            </trkpt>
            <trkpt lat="33.823966" lon="132.8190922">
                <ele>224.11666666666667</ele>
                <time>2022-01-15T05:19:07Z</time>
            </trkpt>
            <trkpt lat="33.8240939" lon="132.8189388">
                <ele>225.60666666666665</ele>
                <time>2022-01-15T05:19:25Z</time>
            </trkpt>
            <trkpt lat="33.8242099" lon="132.8187699">
                <ele>224.18000000000004</ele>
                <time>2022-01-15T05:19:41Z</time>
            </trkpt>
            <trkpt lat="33.8241597" lon="132.8185508">
                <ele>222.37333333333333</ele>
                <time>2022-01-15T05:19:57Z</time>
            </trkpt>
            <trkpt lat="33.8239859" lon="132.8184643">
                <ele>223.45666666666668</ele>
                <time>2022-01-15T05:20:16Z</time>
            </trkpt>
            <trkpt lat="33.8238689" lon="132.8182923">
                <ele>224.92</ele>
                <time>2022-01-15T05:20:27Z</time>
            </trkpt>
            <trkpt lat="33.8236985" lon="132.8182085">
                <ele>226.80666666666664</ele>
                <time>2022-01-15T05:20:41Z</time>
            </trkpt>
            <trkpt lat="33.8237427" lon="132.8179978">
                <ele>228.34666666666666</ele>
                <time>2022-01-15T05:21:02Z</time>
            </trkpt>
            <trkpt lat="33.8237936" lon="132.8177873">
                <ele>229.31000000000003</ele>
                <time>2022-01-15T05:21:18Z</time>
            </trkpt>
            <trkpt lat="33.8238007" lon="132.8175693">
                <ele>231.6</ele>
                <time>2022-01-15T05:21:36Z</time>
            </trkpt>
            <trkpt lat="33.8238469" lon="132.8173568">
                <ele>232.56000000000003</ele>
                <time>2022-01-15T05:21:53Z</time>
            </trkpt>
            <trkpt lat="33.8238632" lon="132.8171392">
                <ele>235.56000000000003</ele>
                <time>2022-01-15T05:22:11Z</time>
            </trkpt>
            <trkpt lat="33.8237635" lon="132.8169521">
                <ele>238.03</ele>
                <time>2022-01-15T05:22:34Z</time>
            </trkpt>
            <trkpt lat="33.8238381" lon="132.8167138">
                <ele>245.18999999999997</ele>
                <time>2022-01-15T05:22:48Z</time>
            </trkpt>
            <trkpt lat="33.8236502" lon="132.8166235">
                <ele>245.79333333333338</ele>
                <time>2022-01-15T05:22:56Z</time>
            </trkpt>
            <trkpt lat="33.8238355" lon="132.8166635">
                <ele>250.83666666666667</ele>
                <time>2022-01-15T05:23:19Z</time>
            </trkpt>
            <trkpt lat="33.8239908" lon="132.8167816">
                <ele>252.38333333333335</ele>
                <time>2022-01-15T05:23:33Z</time>
            </trkpt>
            <trkpt lat="33.824079" lon="132.8169884">
                <ele>258.2866666666667</ele>
                <time>2022-01-15T05:24:16Z</time>
            </trkpt>
            <trkpt lat="33.824164" lon="132.8172133">
                <ele>260.4166666666667</ele>
                <time>2022-01-15T05:24:28Z</time>
            </trkpt>
            <trkpt lat="33.8242406" lon="132.8174312">
                <ele>260.54</ele>
                <time>2022-01-15T05:24:41Z</time>
            </trkpt>
            <trkpt lat="33.8243506" lon="132.8176051">
                <ele>260.2633333333333</ele>
                <time>2022-01-15T05:24:56Z</time>
            </trkpt>
            <trkpt lat="33.8245293" lon="132.817571">
                <ele>259.87333333333333</ele>
                <time>2022-01-15T05:25:17Z</time>
            </trkpt>
            <trkpt lat="33.8247174" lon="132.8175211">
                <ele>259.17333333333335</ele>
                <time>2022-01-15T05:25:37Z</time>
            </trkpt>
            <trkpt lat="33.8246295" lon="132.8173257">
                <ele>259.7</ele>
                <time>2022-01-15T05:26:03Z</time>
            </trkpt>
            <trkpt lat="33.8244496" lon="132.8172685">
                <ele>260.19666666666666</ele>
                <time>2022-01-15T05:26:16Z</time>
            </trkpt>
            <trkpt lat="33.8243517" lon="132.8170844">
                <ele>262.79</ele>
                <time>2022-01-15T05:26:31Z</time>
            </trkpt>
            <trkpt lat="33.8243519" lon="132.8168631">
                <ele>266.62333333333333</ele>
                <time>2022-01-15T05:26:48Z</time>
            </trkpt>
            <trkpt lat="33.8242849" lon="132.8166574">
                <ele>269.7266666666667</ele>
                <time>2022-01-15T05:27:13Z</time>
            </trkpt>
            <trkpt lat="33.8244338" lon="132.816523">
                <ele>271.8633333333333</ele>
                <time>2022-01-15T05:27:55Z</time>
            </trkpt>
            <trkpt lat="33.8245835" lon="132.8163974">
                <ele>274.34</ele>
                <time>2022-01-15T05:28:07Z</time>
            </trkpt>
            <trkpt lat="33.8247395" lon="132.8162879">
                <ele>276.08</ele>
                <time>2022-01-15T05:28:25Z</time>
            </trkpt>
            <trkpt lat="33.8245858" lon="132.8164365">
                <ele>278.01</ele>
                <time>2022-01-15T05:29:30Z</time>
            </trkpt>
            <trkpt lat="33.8244107" lon="132.8165052">
                <ele>276.08</ele>
                <time>2022-01-15T05:29:45Z</time>
            </trkpt>
            <trkpt lat="33.8242245" lon="132.816567">
                <ele>274.0733333333333</ele>
                <time>2022-01-15T05:30:11Z</time>
            </trkpt>
            <trkpt lat="33.824312" lon="132.8167652">
                <ele>272.32666666666665</ele>
                <time>2022-01-15T05:39:32Z</time>
            </trkpt>
            <trkpt lat="33.824384" lon="132.8169649">
                <ele>271.46000000000004</ele>
                <time>2022-01-15T05:39:49Z</time>
            </trkpt>
            <trkpt lat="33.8244404" lon="132.8171727">
                <ele>269.03333333333336</ele>
                <time>2022-01-15T05:40:01Z</time>
            </trkpt>
            <trkpt lat="33.8245928" lon="132.817299">
                <ele>264.1566666666667</ele>
                <time>2022-01-15T05:40:14Z</time>
            </trkpt>
            <trkpt lat="33.824776" lon="132.8173768">
                <ele>259.42</ele>
                <time>2022-01-15T05:40:26Z</time>
            </trkpt>
            <trkpt lat="33.8247314" lon="132.8175865">
                <ele>256.5466666666667</ele>
                <time>2022-01-15T05:40:43Z</time>
            </trkpt>
            <trkpt lat="33.8245633" lon="132.8176731">
                <ele>255.4766666666667</ele>
                <time>2022-01-15T05:40:58Z</time>
            </trkpt>
            <trkpt lat="33.8243771" lon="132.8176649">
                <ele>256.6366666666667</ele>
                <time>2022-01-15T05:41:12Z</time>
            </trkpt>
            <trkpt lat="33.8242024" lon="132.8175495">
                <ele>256.8866666666667</ele>
                <time>2022-01-15T05:41:27Z</time>
            </trkpt>
            <trkpt lat="33.8240794" lon="132.8173668">
                <ele>255.89000000000001</ele>
                <time>2022-01-15T05:41:42Z</time>
            </trkpt>
            <trkpt lat="33.8240445" lon="132.8171515">
                <ele>255.20666666666668</ele>
                <time>2022-01-15T05:41:56Z</time>
            </trkpt>
            <trkpt lat="33.8239423" lon="132.8169675">
                <ele>255.06000000000003</ele>
                <time>2022-01-15T05:42:12Z</time>
            </trkpt>
            <trkpt lat="33.8238392" lon="132.8167875">
                <ele>255.31000000000003</ele>
                <time>2022-01-15T05:42:25Z</time>
            </trkpt>
            <trkpt lat="33.8236872" lon="132.8166541">
                <ele>251.49</ele>
                <time>2022-01-15T05:42:39Z</time>
            </trkpt>
            <trkpt lat="33.8237848" lon="132.8168424">
                <ele>247.84</ele>
                <time>2022-01-15T05:43:22Z</time>
            </trkpt>
            <trkpt lat="33.8238805" lon="132.8170303">
                <ele>245.94666666666663</ele>
                <time>2022-01-15T05:43:36Z</time>
            </trkpt>
            <trkpt lat="33.8238894" lon="132.8172483">
                <ele>244.17</ele>
                <time>2022-01-15T05:43:57Z</time>
            </trkpt>
            <trkpt lat="33.8238565" lon="132.8174645">
                <ele>240.51333333333332</ele>
                <time>2022-01-15T05:44:12Z</time>
            </trkpt>
            <trkpt lat="33.8238515" lon="132.8176807">
                <ele>236.11333333333334</ele>
                <time>2022-01-15T05:44:27Z</time>
            </trkpt>
            <trkpt lat="33.8238015" lon="132.8178945">
                <ele>234.03666666666666</ele>
                <time>2022-01-15T05:44:40Z</time>
            </trkpt>
            <trkpt lat="33.8237463" lon="132.8181003">
                <ele>232.54666666666665</ele>
                <time>2022-01-15T05:45:08Z</time>
            </trkpt>
            <trkpt lat="33.8238971" lon="132.8182238">
                <ele>230.59333333333333</ele>
                <time>2022-01-15T05:45:41Z</time>
            </trkpt>
            <trkpt lat="33.8240815" lon="132.818256">
                <ele>228.34666666666666</ele>
                <time>2022-01-15T05:45:58Z</time>
            </trkpt>
            <trkpt lat="33.8242426" lon="132.8183729">
                <ele>226.41333333333333</ele>
                <time>2022-01-15T05:46:17Z</time>
            </trkpt>
            <trkpt lat="33.8242918" lon="132.8185811">
                <ele>223.17</ele>
                <time>2022-01-15T05:46:28Z</time>
            </trkpt>
            <trkpt lat="33.8242224" lon="132.8187875">
                <ele>221.45333333333335</ele>
                <time>2022-01-15T05:46:38Z</time>
            </trkpt>
            <trkpt lat="33.8241339" lon="132.8189869">
                <ele>221.01</ele>
                <time>2022-01-15T05:46:52Z</time>
            </trkpt>
            <trkpt lat="33.8240407" lon="132.8191772">
                <ele>222.96333333333334</ele>
                <time>2022-01-15T05:47:25Z</time>
            </trkpt>
            <trkpt lat="33.8238576" lon="132.819227">
                <ele>224.31666666666663</ele>
                <time>2022-01-15T05:47:41Z</time>
            </trkpt>
            <trkpt lat="33.8236679" lon="132.8191763">
                <ele>225.81999999999996</ele>
                <time>2022-01-15T05:47:52Z</time>
            </trkpt>
            <trkpt lat="33.8234901" lon="132.8191067">
                <ele>223.91</ele>
                <time>2022-01-15T05:48:02Z</time>
            </trkpt>
            <trkpt lat="33.8233277" lon="132.8189984">
                <ele>218.73000000000002</ele>
                <time>2022-01-15T05:50:04Z</time>
            </trkpt>
            <trkpt lat="33.8231723" lon="132.818847">
                <ele>211.85666666666665</ele>
                <time>2022-01-15T05:50:15Z</time>
            </trkpt>
            <trkpt lat="33.8230219" lon="132.8187033">
                <ele>205.70666666666668</ele>
                <time>2022-01-15T05:50:29Z</time>
            </trkpt>
            <trkpt lat="33.8229578" lon="132.818499">
                <ele>201.59333333333333</ele>
                <time>2022-01-15T05:50:42Z</time>
            </trkpt>
            <trkpt lat="33.8231238" lon="132.8183878">
                <ele>201.03</ele>
                <time>2022-01-15T05:50:57Z</time>
            </trkpt>
            <trkpt lat="33.8231823" lon="132.8181813">
                <ele>200.58666666666667</ele>
                <time>2022-01-15T05:52:51Z</time>
            </trkpt>
            <trkpt lat="33.8232864" lon="132.8180009">
                <ele>200.0</ele>
                <time>2022-01-15T05:53:03Z</time>
            </trkpt>
            <trkpt lat="33.8233625" lon="132.8177943">
                <ele>197.53666666666666</ele>
                <time>2022-01-15T05:53:15Z</time>
            </trkpt>
            <trkpt lat="33.8233052" lon="132.8175826">
                <ele>196.12666666666667</ele>
                <time>2022-01-15T05:53:26Z</time>
            </trkpt>
            <trkpt lat="33.823335" lon="132.8173366">
                <ele>195.66333333333333</ele>
                <time>2022-01-15T05:53:42Z</time>
            </trkpt>
            <trkpt lat="33.8231752" lon="132.8172096">
                <ele>195.73</ele>
                <time>2022-01-15T05:53:56Z</time>
            </trkpt>
            <trkpt lat="33.8230113" lon="132.81731">
                <ele>194.35333333333332</ele>
                <time>2022-01-15T05:54:07Z</time>
            </trkpt>
            <trkpt lat="33.8228852" lon="132.8174743">
                <ele>188.03666666666663</ele>
                <time>2022-01-15T05:54:21Z</time>
            </trkpt>
            <trkpt lat="33.8227042" lon="132.8174632">
                <ele>180.24</ele>
                <time>2022-01-15T05:54:37Z</time>
            </trkpt>
            <trkpt lat="33.8225783" lon="132.8173077">
                <ele>176.87</ele>
                <time>2022-01-15T05:54:50Z</time>
            </trkpt>
            <trkpt lat="33.8224163" lon="132.8172082">
                <ele>178.3166666666667</ele>
                <time>2022-01-15T05:55:09Z</time>
            </trkpt>
            <trkpt lat="33.8222949" lon="132.8170458">
                <ele>180.73666666666668</ele>
                <time>2022-01-15T05:55:23Z</time>
            </trkpt>
            <trkpt lat="33.8223114" lon="132.8168268">
                <ele>182.31333333333336</ele>
                <time>2022-01-15T05:55:40Z</time>
            </trkpt>
            <trkpt lat="33.8222265" lon="132.8166293">
                <ele>182.38</ele>
                <time>2022-01-15T05:56:02Z</time>
            </trkpt>
            <trkpt lat="33.8220822" lon="132.8164983">
                <ele>179.31333333333336</ele>
                <time>2022-01-15T05:56:15Z</time>
            </trkpt>
            <trkpt lat="33.8219884" lon="132.8163095">
                <ele>174.16333333333333</ele>
                <time>2022-01-15T05:56:28Z</time>
            </trkpt>
            <trkpt lat="33.8218415" lon="132.8161648">
                <ele>168.94</ele>
                <time>2022-01-15T05:56:40Z</time>
            </trkpt>
            <trkpt lat="33.8216675" lon="132.8160623">
                <ele>164.93333333333334</ele>
                <time>2022-01-15T05:56:53Z</time>
            </trkpt>
            <trkpt lat="33.8216007" lon="132.8158568">
                <ele>162.08</ele>
                <time>2022-01-15T05:57:05Z</time>
            </trkpt>
            <trkpt lat="33.8215981" lon="132.8156302">
                <ele>161.09333333333333</ele>
                <time>2022-01-15T05:57:20Z</time>
            </trkpt>
            <trkpt lat="33.8214635" lon="132.8154766">
                <ele>160.60333333333335</ele>
                <time>2022-01-15T05:57:35Z</time>
            </trkpt>
            <trkpt lat="33.8214055" lon="132.8152658">
                <ele>157.77</ele>
                <time>2022-01-15T05:58:32Z</time>
            </trkpt>
            <trkpt lat="33.8213305" lon="132.8150649">
                <ele>154.41666666666666</ele>
                <time>2022-01-15T05:58:44Z</time>
            </trkpt>
            <trkpt lat="33.8212189" lon="132.8148717">
                <ele>152.78666666666666</ele>
                <time>2022-01-15T05:59:01Z</time>
            </trkpt>
            <trkpt lat="33.8212026" lon="132.8146511">
                <ele>154.38</ele>
                <time>2022-01-15T05:59:16Z</time>
            </trkpt>
            <trkpt lat="33.8213468" lon="132.8145151">
                <ele>156.0666666666667</ele>
                <time>2022-01-15T06:00:00Z</time>
            </trkpt>
            <trkpt lat="33.8215186" lon="132.8144029">
                <ele>157.17666666666665</ele>
                <time>2022-01-15T06:00:26Z</time>
            </trkpt>
            <trkpt lat="33.8216782" lon="132.8142949">
                <ele>155.09666666666666</ele>
                <time>2022-01-15T06:00:39Z</time>
            </trkpt>
            <trkpt lat="33.8217577" lon="132.8140869">
                <ele>148.99</ele>
                <time>2022-01-15T06:00:54Z</time>
            </trkpt>
            <trkpt lat="33.8215865" lon="132.8140112">
                <ele>143.58</ele>
                <time>2022-01-15T06:01:07Z</time>
            </trkpt>
            <trkpt lat="33.8214044" lon="132.8140321">
                <ele>141.33</ele>
                <time>2022-01-15T06:01:23Z</time>
            </trkpt>
            <trkpt lat="33.8212193" lon="132.813955">
                <ele>143.58333333333334</ele>
                <time>2022-01-15T06:01:40Z</time>
            </trkpt>
            <trkpt lat="33.8210672" lon="132.8138311">
                <ele>145.94</ele>
                <time>2022-01-15T06:01:55Z</time>
            </trkpt>
            <trkpt lat="33.8211205" lon="132.8135997">
                <ele>143.36666666666665</ele>
                <time>2022-01-15T06:06:14Z</time>
            </trkpt>
            <trkpt lat="33.8210874" lon="132.8133837">
                <ele>139.61333333333334</ele>
                <time>2022-01-15T06:06:33Z</time>
            </trkpt>
            <trkpt lat="33.8212456" lon="132.8132778">
                <ele>134.36333333333334</ele>
                <time>2022-01-15T06:07:10Z</time>
            </trkpt>
            <trkpt lat="33.82129" lon="132.8134928">
                <ele>132.94666666666666</ele>
                <time>2022-01-15T06:07:29Z</time>
            </trkpt>
            <trkpt lat="33.8212282" lon="132.8137021">
                <ele>133.43333333333334</ele>
                <time>2022-01-15T06:07:49Z</time>
            </trkpt>
            <trkpt lat="33.8214193" lon="132.8137007">
                <ele>131.39000000000001</ele>
                <time>2022-01-15T06:08:04Z</time>
            </trkpt>
            <trkpt lat="33.82158" lon="132.8136027">
                <ele>125.93</ele>
                <time>2022-01-15T06:08:21Z</time>
            </trkpt>
            <trkpt lat="33.8217646" lon="132.8135812">
                <ele>118.42</ele>
                <time>2022-01-15T06:08:37Z</time>
            </trkpt>
            <trkpt lat="33.8219141" lon="132.8137075">
                <ele>114.50666666666666</ele>
                <time>2022-01-15T06:08:52Z</time>
            </trkpt>
            <trkpt lat="33.8220419" lon="132.8138661">
                <ele>113.58666666666666</ele>
                <time>2022-01-15T06:09:05Z</time>
            </trkpt>
            <trkpt lat="33.8221275" lon="132.8140815">
                <ele>114.51666666666667</ele>
                <time>2022-01-15T06:09:20Z</time>
            </trkpt>
            <trkpt lat="33.8221944" lon="132.8142897">
                <ele>115.67333333333335</ele>
                <time>2022-01-15T06:09:36Z</time>
            </trkpt>
            <trkpt lat="33.822283" lon="132.814093">
                <ele>115.53666666666668</ele>
                <time>2022-01-15T06:10:17Z</time>
            </trkpt>
            <trkpt lat="33.8221779" lon="132.8139131">
                <ele>113.85000000000001</ele>
                <time>2022-01-15T06:10:34Z</time>
            </trkpt>
            <trkpt lat="33.8221496" lon="132.8136978">
                <ele>110.87666666666667</ele>
                <time>2022-01-15T06:10:58Z</time>
            </trkpt>
            <trkpt lat="33.822301" lon="132.8135698">
                <ele>108.25666666666666</ele>
                <time>2022-01-15T06:12:44Z</time>
            </trkpt>
            <trkpt lat="33.8221918" lon="132.8133872">
                <ele>105.33666666666666</ele>
                <time>2022-01-15T06:13:05Z</time>
            </trkpt>
            <trkpt lat="33.8220893" lon="132.8132036">
                <ele>102.25</ele>
                <time>2022-01-15T06:13:25Z</time>
            </trkpt>
            <trkpt lat="33.8219557" lon="132.8130572">
                <ele>100.21333333333332</ele>
                <time>2022-01-15T06:13:42Z</time>
            </trkpt>
            <trkpt lat="33.8218423" lon="132.8128861">
                <ele>99.64666666666666</ele>
                <time>2022-01-15T06:13:55Z</time>
            </trkpt>
            <trkpt lat="33.8218776" lon="132.8126737">
                <ele>97.15666666666668</ele>
                <time>2022-01-15T06:14:28Z</time>
            </trkpt>
            <trkpt lat="33.8218795" lon="132.8124548">
                <ele>93.19333333333334</ele>
                <time>2022-01-15T06:15:45Z</time>
            </trkpt>
            <trkpt lat="33.8218063" lon="132.8122469">
                <ele>87.20333333333333</ele>
                <time>2022-01-15T06:15:55Z</time>
            </trkpt>
            <trkpt lat="33.8216456" lon="132.8121454">
                <ele>84.83</ele>
                <time>2022-01-15T06:16:06Z</time>
            </trkpt>
            <trkpt lat="33.821479" lon="132.8120202">
                <ele>82.80333333333333</ele>
                <time>2022-01-15T06:16:17Z</time>
            </trkpt>
            <trkpt lat="33.8213985" lon="132.8118206">
                <ele>82.61666666666667</ele>
                <time>2022-01-15T06:16:28Z</time>
            </trkpt>
            <trkpt lat="33.8213679" lon="132.8116054">
                <ele>82.38666666666667</ele>
                <time>2022-01-15T06:16:39Z</time>
            </trkpt>
            <trkpt lat="33.8213006" lon="132.8113978">
                <ele>80.55</ele>
                <time>2022-01-15T06:16:56Z</time>
            </trkpt>
            <trkpt lat="33.8211987" lon="132.811219">
                <ele>77.92666666666666</ele>
                <time>2022-01-15T06:17:08Z</time>
            </trkpt>
            <trkpt lat="33.8210427" lon="132.8110883">
                <ele>75.06666666666666</ele>
                <time>2022-01-15T06:17:35Z</time>
            </trkpt>
            <trkpt lat="33.8208795" lon="132.8109817">
                <ele>74.45</ele>
                <time>2022-01-15T06:17:59Z</time>
            </trkpt>
            <trkpt lat="33.820842" lon="132.8107637">
                <ele>72.91000000000001</ele>
                <time>2022-01-15T06:18:15Z</time>
            </trkpt>
            <trkpt lat="33.8209895" lon="132.8106171">
                <ele>70.88333333333334</ele>
                <time>2022-01-15T06:18:27Z</time>
            </trkpt>
            <trkpt lat="33.820992" lon="132.8103968">
                <ele>69.42</ele>
                <time>2022-01-15T06:19:12Z</time>
            </trkpt>
            <trkpt lat="33.8210852" lon="132.810208">
                <ele>69.25666666666667</ele>
                <time>2022-01-15T06:20:21Z</time>
            </trkpt>
            <trkpt lat="33.8211642" lon="132.8100085">
                <ele>69.01666666666667</ele>
                <time>2022-01-15T06:20:34Z</time>
            </trkpt>
            <trkpt lat="33.821305" lon="132.8098729">
                <ele>68.02333333333334</ele>
                <time>2022-01-15T06:20:52Z</time>
            </trkpt>
            <trkpt lat="33.8214874" lon="132.8098671">
                <ele>66.47333333333334</ele>
                <time>2022-01-15T06:21:10Z</time>
            </trkpt>
            <trkpt lat="33.8216716" lon="132.8098465">
                <ele>65.58</ele>
                <time>2022-01-15T06:21:26Z</time>
            </trkpt>
            <trkpt lat="33.8217921" lon="132.8096728">
                <ele>65.03666666666666</ele>
                <time>2022-01-15T06:21:42Z</time>
            </trkpt>
            <trkpt lat="33.8218466" lon="132.8094497">
                <ele>64.51333333333334</ele>
                <time>2022-01-15T06:21:57Z</time>
            </trkpt>
            <trkpt lat="33.8219463" lon="132.8092604">
                <ele>63.07</ele>
                <time>2022-01-15T06:22:19Z</time>
            </trkpt>
            <trkpt lat="33.8220528" lon="132.8090776">
                <ele>61.27</ele>
                <time>2022-01-15T06:22:35Z</time>
            </trkpt>
            <trkpt lat="33.8221671" lon="132.8089048">
                <ele>60.53</ele>
                <time>2022-01-15T06:22:52Z</time>
            </trkpt>
            <trkpt lat="33.8223238" lon="132.8087926">
                <ele>61.18000000000001</ele>
                <time>2022-01-15T06:23:27Z</time>
            </trkpt>
            <trkpt lat="33.8223358" lon="132.808572">
                <ele>62.4</ele>
                <time>2022-01-15T06:23:40Z</time>
            </trkpt>
            <trkpt lat="33.822285" lon="132.8083599">
                <ele>62.663333333333334</ele>
                <time>2022-01-15T06:23:52Z</time>
            </trkpt>
            <trkpt lat="33.8221981" lon="132.808154">
                <ele>61.38666666666668</ele>
                <time>2022-01-15T06:24:10Z</time>
            </trkpt>
            <trkpt lat="33.8223175" lon="132.8079906">
                <ele>60.35666666666666</ele>
                <time>2022-01-15T06:24:33Z</time>
            </trkpt>
        </trkseg>
    </trk>
</gpx>