<?xml version="1.0" encoding="UTF-8" standalone="yes"?>
<gpx version="1.1" creator="Merge Summits Skill" xmlns="http://www.topografix.com/GPX/1/1" xmlns:address="http://example.com/address">
  <wpt lat="33.7675949" lon="133.1152818">
    <ele>1979.1701508543217</ele>
    <name>天狗岳</name>
    <desc>Peak detected at 1979m (prominence: 472m)
[Address] 愛媛県西条市三の鎖</desc>
    <sym>Summit</sym>
    <extensions>
      <address:prefecture>愛媛県</address:prefecture>
      <address:city>西条市</address:city>
      <address:local>三の鎖</address:local>
    </extensions>
  </wpt>
  <wpt lat="33.7688125" lon="133.1135435">
    <ele>1967.3733333333332</ele>
    <name>石鎚山</name>
    <desc>Peak detected at 1967m (prominence: 468m)
[Address] 愛媛県西条市三の鎖</desc>
    <sym>Summit</sym>
    <extensions>
      <address:prefecture>愛媛県</address:prefecture>
      <address:city>西条市</address:city>
      <address:local>三の鎖</address:local>
    </extensions>
  </wpt>
  <wpt lat="33.7585064" lon="133.093322">
    <ele>1924.4866666666667</ele>
    <name>西ノ冠岳</name>
    <desc>Peak detected at 1924m (prominence: 429m)
[Address] 愛媛県西条市</desc>
    <sym>Summit</sym>
    <extensions>
      <address:prefecture>愛媛県</address:prefecture>
      <address:city>西条市</address:city>
    </extensions>
  </wpt>
  <wpt lat="33.7697167" lon="133.1131197">
    <ele>1920.7933333333333</ele>
    <name>二ノ森</name>
    <desc>Peak detected at 1921m (prominence: 137m)
[Address] 愛媛県西条市三の鎖</desc>
    <sym>Summit</sym>
    <extensions>
      <address:prefecture>愛媛県</address:prefecture>
      <address:city>西条市</address:city>
      <address:local>三の鎖</address:local>
    </extensions>
  </wpt>
  <wpt lat="33.7943958" lon="133.1932944">
    <ele>1892.6599999999999</ele>
    <name>瓶ヶ森</name>
    <desc>Peak detected at 1893m (prominence: 223m)
[Address] 高知県吾川郡いの町町道瓶ヶ森線</desc>
    <sym>Summit</sym>
    <extensions>
      <address:prefecture>高知県</address:prefecture>
      <address:county>吾川郡</address:county>
      <address:city>いの町</address:city>
      <address:local>町道瓶ヶ森線</address:local>
    </extensions>
  </wpt>
  <wpt lat="33.7578996" lon="133.086527">
    <ele>1879.8966666666665</ele>
    <name>鞍瀬ノ頭</name>
    <desc>Peak detected at 1880m (prominence: 44m)
[Address] 愛媛県西条市</desc>
    <sym>Summit</sym>
    <extensions>
      <address:prefecture>愛媛県</address:prefecture>
      <address:city>西条市</address:city>
    </extensions>
  </wpt>
  <wpt lat="33.732243" lon="133.160912">
    <ele>1863.226432016608</ele>
    <name>筒上山</name>
    <desc>Peak detected at 1863m (prominence: 358m)
[Address] 愛媛県上浮穴郡久万高原町</desc>
    <sym>Summit</sym>
    <extensions>
      <address:prefecture>愛媛県</address:prefecture>
      <address:county>上浮穴郡</address:county>
      <address:city>久万高原町</address:city>
    </extensions>
  </wpt>
  <wpt lat="33.8280769" lon="133.2743948">
    <ele>1856.6633333333332</ele>
    <name>ちち山</name>
    <desc>Peak detected at 1857m (prominence: 837m)
[Address] 愛媛県西条市</desc>
    <sym>Summit</sym>
    <extensions>
      <address:prefecture>愛媛県</address:prefecture>
      <address:city>西条市</address:city>
    </extensions>
  </wpt>
  <wpt lat="33.8318164" lon="133.2841218">
    <ele>1850.97</ele>
    <name>ちち山</name>
    <desc>Peak detected at 1851m (prominence: 96m)
[Address] 高知県吾川郡いの町</desc>
    <sym>Summit</sym>
    <extensions>
      <address:prefecture>高知県</address:prefecture>
      <address:county>吾川郡</address:county>
      <address:city>いの町</address:city>
    </extensions>
  </wpt>
  <wpt lat="33.7942477" lon="133.2060388">
    <ele>1850.4420465524036</ele>
    <name>西黒森</name>
    <desc>Peak detected at 1850m (prominence: 165m)
[Address] 高知県吾川郡いの町町道瓶ヶ森線</desc>
    <sym>Summit</sym>
    <extensions>
      <address:prefecture>高知県</address:prefecture>
      <address:county>吾川郡</address:county>
      <address:city>いの町</address:city>
      <address:local>町道瓶ヶ森線</address:local>
    </extensions>
  </wpt>
  <wpt lat="33.7288641" lon="133.1784766">
    <ele>1808.4700055808014</ele>
    <name>手箱山</name>
    <desc>Peak detected at 1808m (prominence: 69m)
[Address] 高知県吾川郡いの町寺川</desc>
    <sym>Summit</sym>
    <extensions>
      <address:prefecture>高知県</address:prefecture>
      <address:county>吾川郡</address:county>
      <address:city>いの町</address:city>
      <address:local>寺川</address:local>
    </extensions>
  </wpt>
  <wpt lat="33.8116552" lon="133.2616339">
    <ele>1758.0533333333333</ele>
    <name>寒風山</name>
    <desc>Peak detected at 1758m (prominence: 135m)
[Address] 高知県吾川郡いの町</desc>
    <sym>Summit</sym>
    <extensions>
      <address:prefecture>高知県</address:prefecture>
      <address:county>吾川郡</address:county>
      <address:city>いの町</address:city>
    </extensions>
  </wpt>
  <wpt lat="33.7507578" lon="133.1571706">
    <ele>1749.5652002309682</ele>
    <name>岩黒山</name>
    <desc>Peak detected at 1750m (prominence: 196m)
[Address] 愛媛県吾川郡西条市町道瓶ヶ森線</desc>
    <sym>Summit</sym>
    <extensions>
      <address:prefecture>愛媛県</address:prefecture>
      <address:county>吾川郡</address:county>
      <address:city>西条市</address:city>
      <address:local>町道瓶ヶ森線</address:local>
    </extensions>
  </wpt>
  <wpt lat="33.7882403" lon="133.2475791">
    <ele>1746.743333333333</ele>
    <name>伊予富士</name>
    <desc>Peak detected at 1747m (prominence: 627m)
[Address] 高知県吾川郡いの町町道瓶ヶ森線</desc>
    <sym>Summit</sym>
    <extensions>
      <address:prefecture>高知県</address:prefecture>
      <address:county>吾川郡</address:county>
      <address:city>いの町</address:city>
      <address:local>町道瓶ヶ森線</address:local>
    </extensions>
  </wpt>
  <wpt lat="33.7913501" lon="133.1887871">
    <ele>1732.5766666666666</ele>
    <name>Peak (1733m)</name>
    <desc>Peak detected at 1733m (prominence: 68m)
[Address] 愛媛県吾川郡西条市町道瓶ヶ森線</desc>
    <sym>Summit</sym>
    <extensions>
      <address:prefecture>愛媛県</address:prefecture>
      <address:county>吾川郡</address:county>
      <address:city>西条市</address:city>
      <address:local>町道瓶ヶ森線</address:local>
    </extensions>
  </wpt>
  <wpt lat="33.7826057" lon="133.2367653">
    <ele>1731.0666666666668</ele>
    <name>東黒森</name>
    <desc>Peak detected at 1731m (prominence: 132m)
[Address] 高知県吾川郡いの町町道瓶ヶ森線</desc>
    <sym>Summit</sym>
    <extensions>
      <address:prefecture>高知県</address:prefecture>
      <address:county>吾川郡</address:county>
      <address:city>いの町</address:city>
      <address:local>町道瓶ヶ森線</address:local>
    </extensions>
  </wpt>
  <wpt lat="33.8159575" lon="133.3107033">
    <ele>1729.61</ele>
    <name>平家平</name>
    <desc>Peak detected at 1730m (prominence: 897m)
[Address] 愛媛県新居浜市</desc>
    <sym>Summit</sym>
    <extensions>
      <address:prefecture>愛媛県</address:prefecture>
      <address:city>新居浜市</address:city>
    </extensions>
  </wpt>
  <wpt lat="33.8285796" lon="133.2937377">
    <ele>1719.1733333333334</ele>
    <name>冠山</name>
    <desc>Peak detected at 1719m (prominence: 162m)
[Address] 高知県吾川郡いの町</desc>
    <sym>Summit</sym>
    <extensions>
      <address:prefecture>高知県</address:prefecture>
      <address:county>吾川郡</address:county>
      <address:city>いの町</address:city>
    </extensions>
  </wpt>
  <wpt lat="33.7890862" lon="133.1926167">
    <ele>1711.8700000000001</ele>
    <name>Peak (1712m)</name>
    <desc>Peak detected at 1712m (prominence: 35m)
[Address] 高知県吾川郡いの町町道瓶ヶ森線</desc>
    <sym>Summit</sym>
    <extensions>
      <address:prefecture>高知県</address:prefecture>
      <address:county>吾川郡</address:county>
      <address:city>いの町</address:city>
      <address:local>町道瓶ヶ森線</address:local>
    </extensions>
  </wpt>
  <wpt lat="33.7367329" lon="133.0832761">
    <ele>1709.1566666666668</ele>
    <name>五代ヶ森</name>
    <desc>Peak detected at 1709m (prominence: 915m)
[Address] 愛媛県上浮穴郡久万高原町</desc>
    <sym>Summit</sym>
    <extensions>
      <address:prefecture>愛媛県</address:prefecture>
      <address:county>上浮穴郡</address:county>
      <address:city>久万高原町</address:city>
    </extensions>
  </wpt>
  <wpt lat="33.7876019" lon="133.1885096">
    <ele>1708.05</ele>
    <name>Peak (1708m)</name>
    <desc>Peak detected at 1708m (prominence: 35m)
[Address] 愛媛県吾川郡西条市町道瓶ヶ森線</desc>
    <sym>Summit</sym>
    <extensions>
      <address:prefecture>愛媛県</address:prefecture>
      <address:county>吾川郡</address:county>
      <address:city>西条市</address:city>
      <address:local>町道瓶ヶ森線</address:local>
    </extensions>
  </wpt>
  <wpt lat="33.8752971" lon="133.3737015">
    <ele>1699.1266666666668</ele>
    <name>八巻山</name>
    <desc>Peak detected at 1699m (prominence: 866m)
[Address] 愛媛県新居浜市</desc>
    <sym>Summit</sym>
    <extensions>
      <address:prefecture>愛媛県</address:prefecture>
      <address:city>新居浜市</address:city>
    </extensions>
  </wpt>
  <wpt lat="33.7805717" lon="133.2216507">
    <ele>1698.7424939329492</ele>
    <name>自念子ノ頭</name>
    <desc>Peak detected at 1699m (prominence: 91m)
[Address] 高知県吾川郡いの町町道瓶ヶ森線</desc>
    <sym>Summit</sym>
    <extensions>
      <address:prefecture>高知県</address:prefecture>
      <address:county>吾川郡</address:county>
      <address:city>いの町</address:city>
      <address:local>町道瓶ヶ森線</address:local>
    </extensions>
  </wpt>
  <wpt lat="33.8146236" lon="133.3260701">
    <ele>1691.2766666666666</ele>
    <name>平家平</name>
    <desc>Peak detected at 1691m (prominence: 48m)
[Address] 高知県吾川郡いの町</desc>
    <sym>Summit</sym>
    <extensions>
      <address:prefecture>高知県</address:prefecture>
      <address:county>吾川郡</address:county>
      <address:city>いの町</address:city>
    </extensions>
  </wpt>
  <wpt lat="33.8493229" lon="133.2701244">
    <ele>1690.4033333333334</ele>
    <name>沓掛山</name>
    <desc>Peak detected at 1690m (prominence: 720m)
[Address] 愛媛県西条市</desc>
    <sym>Summit</sym>
    <extensions>
      <address:prefecture>愛媛県</address:prefecture>
      <address:city>西条市</address:city>
    </extensions>
  </wpt>
  <wpt lat="33.7557226" lon="133.066955">
    <ele>1682.5333333333335</ele>
    <name>堂ヶ森</name>
    <desc>Peak detected at 1683m (prominence: 684m)
[Address] 愛媛県上浮穴郡久万高原町</desc>
    <sym>Summit</sym>
    <extensions>
      <address:prefecture>愛媛県</address:prefecture>
      <address:county>上浮穴郡</address:county>
      <address:city>久万高原町</address:city>
    </extensions>
  </wpt>
  <wpt lat="33.8858865" lon="133.4078131">
    <ele>1672.3333333333333</ele>
    <name>エビラ山</name>
    <desc>Peak detected at 1672m (prominence: 1027m)
[Address] 愛媛県新居浜市</desc>
    <sym>Summit</sym>
    <extensions>
      <address:prefecture>愛媛県</address:prefecture>
      <address:city>新居浜市</address:city>
    </extensions>
  </wpt>
  <wpt lat="33.8551537" lon="133.2686747">
    <ele>1666.7</ele>
    <name>黒森山</name>
    <desc>Peak detected at 1667m (prominence: 48m)
[Address] 愛媛県西条市</desc>
    <sym>Summit</sym>
    <extensions>
      <address:prefecture>愛媛県</address:prefecture>
      <address:city>西条市</address:city>
    </extensions>
  </wpt>
  <wpt lat="33.8894776" lon="133.4182784">
    <ele>1664.1233333333332</ele>
    <name>二ッ岳</name>
    <desc>Peak detected at 1664m (prominence: 82m)
[Address] 愛媛県新居浜市</desc>
    <sym>Summit</sym>
    <extensions>
      <address:prefecture>愛媛県</address:prefecture>
      <address:city>新居浜市</address:city>
    </extensions>
  </wpt>
  <wpt lat="33.7802626" lon="133.1879064">
    <ele>1661.57</ele>
    <name>子持権現山</name>
    <desc>Peak detected at 1662m (prominence: 45m)
[Address] 高知県吾川郡いの町町道瓶ヶ森線</desc>
    <sym>Summit</sym>
    <extensions>
      <address:prefecture>高知県</address:prefecture>
      <address:county>吾川郡</address:county>
      <address:city>いの町</address:city>
      <address:local>町道瓶ヶ森線</address:local>
    </extensions>
  </wpt>
  <wpt lat="33.8762013" lon="133.3626992">
    <ele>1651.7766666666666</ele>
    <name>前赤石山</name>
    <desc>Peak detected at 1652m (prominence: 104m)
[Address] 愛媛県新居浜市</desc>
    <sym>Summit</sym>
    <extensions>
      <address:prefecture>愛媛県</address:prefecture>
      <address:city>新居浜市</address:city>
    </extensions>
  </wpt>
  <wpt lat="33.7605415" lon="133.1358584">
    <ele>1647.683322091346</ele>
    <name>鶴ノ子ノ頭</name>
    <desc>Peak detected at 1648m (prominence: 84m)
[Address] 愛媛県上浮穴郡久万高原町</desc>
    <sym>Summit</sym>
    <extensions>
      <address:prefecture>愛媛県</address:prefecture>
      <address:county>上浮穴郡</address:county>
      <address:city>久万高原町</address:city>
    </extensions>
  </wpt>
  <wpt lat="33.7457474" lon="133.1572601">
    <ele>1638.4079336000111</ele>
    <name>Peak (1638m)</name>
    <desc>Peak detected at 1638m (prominence: 77m)
[Address] 愛媛県上浮穴郡久万高原町石鎚スカイライン</desc>
    <sym>Summit</sym>
    <extensions>
      <address:prefecture>愛媛県</address:prefecture>
      <address:county>上浮穴郡</address:county>
      <address:city>久万高原町</address:city>
      <address:local>石鎚スカイライン</address:local>
    </extensions>
  </wpt>
  <wpt lat="33.879673" lon="133.3538898">
    <ele>1631.9833333333333</ele>
    <name>物住頭</name>
    <desc>Peak detected at 1632m (prominence: 44m)
[Address] 愛媛県新居浜市</desc>
    <sym>Summit</sym>
    <extensions>
      <address:prefecture>愛媛県</address:prefecture>
      <address:city>新居浜市</address:city>
    </extensions>
  </wpt>
  <wpt lat="33.7910786" lon="133.2533442">
    <ele>1628.8633333333335</ele>
    <name>Peak (1629m)</name>
    <desc>Peak detected at 1629m (prominence: 38m)
[Address] 高知県吾川郡いの町町道瓶ヶ森線</desc>
    <sym>Summit</sym>
    <extensions>
      <address:prefecture>高知県</address:prefecture>
      <address:county>吾川郡</address:county>
      <address:city>いの町</address:city>
      <address:local>町道瓶ヶ森線</address:local>
    </extensions>
  </wpt>
  <wpt lat="33.7755639" lon="133.1209272">
    <ele>1627.0833333333333</ele>
    <name>剣山</name>
    <desc>Peak detected at 1627m (prominence: 323m)
[Address] 愛媛県西条市試しの鎖</desc>
    <sym>Summit</sym>
    <extensions>
      <address:prefecture>愛媛県</address:prefecture>
      <address:city>西条市</address:city>
      <address:local>試しの鎖</address:local>
    </extensions>
  </wpt>
  <wpt lat="33.8869696" lon="133.4012543">
    <ele>1626.996666666667</ele>
    <name>黒岳</name>
    <desc>Peak detected at 1627m (prominence: 39m)
[Address] 愛媛県新居浜市</desc>
    <sym>Summit</sym>
    <extensions>
      <address:prefecture>愛媛県</address:prefecture>
      <address:city>新居浜市</address:city>
    </extensions>
  </wpt>
  <wpt lat="33.8754953" lon="133.3399899">
    <ele>1621.9866666666667</ele>
    <name>西赤石山</name>
    <desc>Peak detected at 1622m (prominence: 88m)
[Address] 愛媛県新居浜市</desc>
    <sym>Summit</sym>
    <extensions>
      <address:prefecture>愛媛県</address:prefecture>
      <address:city>新居浜市</address:city>
    </extensions>
  </wpt>
  <wpt lat="33.7159431" lon="133.1399924">
    <ele>1600.17</ele>
    <name>椿山</name>
    <desc>Peak detected at 1600m (prominence: 607m)
[Address] 愛媛県上浮穴郡久万高原町</desc>
    <sym>Summit</sym>
    <extensions>
      <address:prefecture>愛媛県</address:prefecture>
      <address:county>上浮穴郡</address:county>
      <address:city>久万高原町</address:city>
    </extensions>
  </wpt>
  <wpt lat="33.8212475" lon="133.3941804">
    <ele>1586.6333333333332</ele>
    <name>大座礼山</name>
    <desc>Peak detected at 1587m (prominence: 482m)
[Address] 高知県土佐郡大川村大平</desc>
    <sym>Summit</sym>
    <extensions>
      <address:prefecture>高知県</address:prefecture>
      <address:county>土佐郡</address:county>
      <address:city>大川村</address:city>
      <address:local>大平</address:local>
    </extensions>
  </wpt>
  <wpt lat="33.8793374" lon="133.3915368">
    <ele>1584.2533333333333</ele>
    <name>Peak (1584m)</name>
    <desc>Peak detected at 1584m (prominence: 71m)
[Address] 愛媛県新居浜市</desc>
    <sym>Summit</sym>
    <extensions>
      <address:prefecture>愛媛県</address:prefecture>
      <address:city>新居浜市</address:city>
    </extensions>
  </wpt>
  <wpt lat="33.7033183" lon="133.1423731">
    <ele>1579.6733333333332</ele>
    <name>Peak (1580m)</name>
    <desc>Peak detected at 1580m (prominence: 134m)
[Address] 愛媛県上浮穴郡久万高原町</desc>
    <sym>Summit</sym>
    <extensions>
      <address:prefecture>愛媛県</address:prefecture>
      <address:county>上浮穴郡</address:county>
      <address:city>久万高原町</address:city>
    </extensions>
  </wpt>
  <wpt lat="33.5552593" lon="132.9223115">
    <ele>1567.7094910140197</ele>
    <name>笠取山</name>
    <desc>Peak detected at 1568m (prominence: 74m)
[Address] 愛媛県上浮穴郡久万高原町</desc>
    <sym>Summit</sym>
    <extensions>
      <address:prefecture>愛媛県</address:prefecture>
      <address:county>上浮穴郡</address:county>
      <address:city>久万高原町</address:city>
    </extensions>
  </wpt>
  <wpt lat="33.7195139" lon="133.1457476">
    <ele>1567.1366666666665</ele>
    <name>丸笹山</name>
    <desc>Peak detected at 1567m (prominence: 572m)
[Address] 愛媛県上浮穴郡久万高原町</desc>
    <sym>Summit</sym>
    <extensions>
      <address:prefecture>愛媛県</address:prefecture>
      <address:county>上浮穴郡</address:county>
      <address:city>久万高原町</address:city>
    </extensions>
  </wpt>
  <wpt lat="33.7465829" lon="133.1513298">
    <ele>1542.9666666666665</ele>
    <name>丸滝山</name>
    <desc>Peak detected at 1543m (prominence: 99m)
[Address] 愛媛県上浮穴郡久万高原町石鎚スカイライン</desc>
    <sym>Summit</sym>
    <extensions>
      <address:prefecture>愛媛県</address:prefecture>
      <address:county>上浮穴郡</address:county>
      <address:city>久万高原町</address:city>
      <address:local>石鎚スカイライン</address:local>
    </extensions>
  </wpt>
  <wpt lat="33.5755696" lon="133.0461981">
    <ele>1539.5333333333335</ele>
    <name>Peak (1540m)</name>
    <desc>Peak detected at 1540m (prominence: 699m)
[Address] 愛媛県上浮穴郡久万高原町</desc>
    <sym>Summit</sym>
    <extensions>
      <address:prefecture>愛媛県</address:prefecture>
      <address:county>上浮穴郡</address:county>
      <address:city>久万高原町</address:city>
    </extensions>
  </wpt>
  <wpt lat="33.824185" lon="133.391598">
    <ele>1532.5633333333333</ele>
    <name>Peak (1533m)</name>
    <desc>Peak detected at 1533m (prominence: 188m)
[Address] 高知県土佐郡大川村大平</desc>
    <sym>Summit</sym>
    <extensions>
      <address:prefecture>高知県</address:prefecture>
      <address:county>土佐郡</address:county>
      <address:city>大川村</address:city>
      <address:local>大平</address:local>
    </extensions>
  </wpt>
  <wpt lat="33.5604174" lon="132.9270238">
    <ele>1532.1452947696732</ele>
    <name>大川嶺</name>
    <desc>Peak detected at 1532m (prominence: 62m)
[Address] 愛媛県上浮穴郡久万高原町</desc>
    <sym>Summit</sym>
    <extensions>
      <address:prefecture>愛媛県</address:prefecture>
      <address:county>上浮穴郡</address:county>
      <address:city>久万高原町</address:city>
    </extensions>
  </wpt>
  <wpt lat="33.7513188" lon="133.1115977">
    <ele>1519.8633333333335</ele>
    <name>面河山</name>
    <desc>Peak detected at 1520m (prominence: 818m)
[Address] 愛媛県上浮穴郡久万高原町</desc>
    <sym>Summit</sym>
    <extensions>
      <address:prefecture>愛媛県</address:prefecture>
      <address:county>上浮穴郡</address:county>
      <address:city>久万高原町</address:city>
    </extensions>
  </wpt>
  <wpt lat="33.7638082" lon="133.1769575">
    <ele>1506.6639933943752</ele>
    <name>伊吹山</name>
    <desc>Peak detected at 1507m (prominence: 31m)
[Address] 愛媛県吾川郡西条市町道瓶ヶ森線</desc>
    <sym>Summit</sym>
    <extensions>
      <address:prefecture>愛媛県</address:prefecture>
      <address:county>吾川郡</address:county>
      <address:city>西条市</address:city>
      <address:local>町道瓶ヶ森線</address:local>
    </extensions>
  </wpt>
  <wpt lat="33.8398487" lon="133.4152863">
    <ele>1480.9266666666665</ele>
    <name>東光森山</name>
    <desc>Peak detected at 1481m (prominence: 147m)
[Address] 愛媛県新居浜市</desc>
    <sym>Summit</sym>
    <extensions>
      <address:prefecture>愛媛県</address:prefecture>
      <address:city>新居浜市</address:city>
    </extensions>
  </wpt>
  <wpt lat="33.4805132" lon="133.0152222">
    <ele>1479.58</ele>
    <name>天狗ノ森</name>
    <desc>Peak detected at 1480m (prominence: 110m)
[Address] 高知県高岡郡津野町セラピーロード</desc>
    <sym>Summit</sym>
    <extensions>
      <address:prefecture>高知県</address:prefecture>
      <address:county>高岡郡</address:county>
      <address:city>津野町</address:city>
      <address:local>セラピーロード</address:local>
    </extensions>
  </wpt>
  <wpt lat="33.7258222" lon="133.0801009">
    <ele>1478.8966666666668</ele>
    <name>Peak (1479m)</name>
    <desc>Peak detected at 1479m (prominence: 34m)
[Address] 愛媛県上浮穴郡久万高原町</desc>
    <sym>Summit</sym>
    <extensions>
      <address:prefecture>愛媛県</address:prefecture>
      <address:county>上浮穴郡</address:county>
      <address:city>久万高原町</address:city>
    </extensions>
  </wpt>
  <wpt lat="33.5756361" lon="133.0483249">
    <ele>1459.6666666666667</ele>
    <name>Peak (1460m)</name>
    <desc>Peak detected at 1460m (prominence: 96m)
[Address] 高知県吾川郡仁淀川町</desc>
    <sym>Summit</sym>
    <extensions>
      <address:prefecture>高知県</address:prefecture>
      <address:county>吾川郡</address:county>
      <address:city>仁淀川町</address:city>
    </extensions>
  </wpt>
  <wpt lat="33.8537021" lon="133.3199199">
    <ele>1457.99</ele>
    <name>綱繰山</name>
    <desc>Peak detected at 1458m (prominence: 269m)
[Address] 愛媛県新居浜市</desc>
    <sym>Summit</sym>
    <extensions>
      <address:prefecture>愛媛県</address:prefecture>
      <address:city>新居浜市</address:city>
    </extensions>
  </wpt>
  <wpt lat="33.7844425" lon="133.269845">
    <ele>1452.5600000000002</ele>
    <name>Peak (1453m)</name>
    <desc>Peak detected at 1453m (prominence: 48m)
[Address] 高知県吾川郡いの町瓶ヶ森林道</desc>
    <sym>Summit</sym>
    <extensions>
      <address:prefecture>高知県</address:prefecture>
      <address:county>吾川郡</address:county>
      <address:city>いの町</address:city>
      <address:local>瓶ヶ森林道</address:local>
    </extensions>
  </wpt>
  <wpt lat="33.4728129" lon="132.9862432">
    <ele>1452.0633333333335</ele>
    <name>五段城</name>
    <desc>Peak detected at 1452m (prominence: 64m)
[Address] 高知県高岡郡檮原町四国カルスト公園縦断線</desc>
    <sym>Summit</sym>
    <extensions>
      <address:prefecture>高知県</address:prefecture>
      <address:county>高岡郡</address:county>
      <address:city>檮原町</address:city>
      <address:local>四国カルスト公園縦断線</address:local>
    </extensions>
  </wpt>
  <wpt lat="33.9193511" lon="133.4578173">
    <ele>1451.0833333333333</ele>
    <name>赤星山</name>
    <desc>Peak detected at 1451m (prominence: 724m)
[Address] 愛媛県四国中央市</desc>
    <sym>Summit</sym>
    <extensions>
      <address:prefecture>愛媛県</address:prefecture>
      <address:city>四国中央市</address:city>
    </extensions>
  </wpt>
  <wpt lat="33.8391673" lon="133.4252204">
    <ele>1449.5566666666666</ele>
    <name>Peak (1450m)</name>
    <desc>Peak detected at 1450m (prominence: 77m)
[Address] 愛媛県新居浜市</desc>
    <sym>Summit</sym>
    <extensions>
      <address:prefecture>愛媛県</address:prefecture>
      <address:city>新居浜市</address:city>
    </extensions>
  </wpt>
  <wpt lat="33.8295378" lon="133.3706113">
    <ele>1446.9966666666667</ele>
    <name>Peak (1447m)</name>
    <desc>Peak detected at 1447m (prominence: 40m)
[Address] 愛媛県新居浜市</desc>
    <sym>Summit</sym>
    <extensions>
      <address:prefecture>愛媛県</address:prefecture>
      <address:city>新居浜市</address:city>
    </extensions>
  </wpt>
  <wpt lat="33.8677482" lon="133.5827925">
    <ele>1445.6433333333334</ele>
    <name>三つ足山</name>
    <desc>Peak detected at 1446m (prominence: 483m)
[Address] 高知県長岡郡本山町</desc>
    <sym>Summit</sym>
    <extensions>
      <address:prefecture>高知県</address:prefecture>
      <address:county>長岡郡</address:county>
      <address:city>本山町</address:city>
    </extensions>
  </wpt>
  <wpt lat="33.7341084" lon="132.9846838">
    <ele>1437.8266666666666</ele>
    <name>石墨山</name>
    <desc>Peak detected at 1438m (prominence: 445m)
[Address] 愛媛県上浮穴郡久万高原町</desc>
    <sym>Summit</sym>
    <extensions>
      <address:prefecture>愛媛県</address:prefecture>
      <address:county>上浮穴郡</address:county>
      <address:city>久万高原町</address:city>
    </extensions>
  </wpt>
  <wpt lat="33.5919794" lon="133.0545216">
    <ele>1432.5666666666666</ele>
    <name>猿越山</name>
    <desc>Peak detected at 1433m (prominence: 68m)
[Address] 高知県吾川郡仁淀川町林道上名野川線</desc>
    <sym>Summit</sym>
    <extensions>
      <address:prefecture>高知県</address:prefecture>
      <address:county>吾川郡</address:county>
      <address:city>仁淀川町</address:city>
      <address:local>林道上名野川線</address:local>
    </extensions>
  </wpt>
  <wpt lat="33.7195218" lon="133.1387616">
    <ele>1431.7833333333335</ele>
    <name>Peak (1432m)</name>
    <desc>Peak detected at 1432m (prominence: 31m)
[Address] 愛媛県上浮穴郡久万高原町</desc>
    <sym>Summit</sym>
    <extensions>
      <address:prefecture>愛媛県</address:prefecture>
      <address:county>上浮穴郡</address:county>
      <address:city>久万高原町</address:city>
    </extensions>
  </wpt>
  <wpt lat="33.8789795" lon="133.544002">
    <ele>1426.5633333333335</ele>
    <name>佐々連尾山</name>
    <desc>Peak detected at 1427m (prominence: 202m)
[Address] 愛媛県四国中央市</desc>
    <sym>Summit</sym>
    <extensions>
      <address:prefecture>愛媛県</address:prefecture>
      <address:city>四国中央市</address:city>
    </extensions>
  </wpt>
  <wpt lat="33.8596586" lon="133.3188738">
    <ele>1425.3166666666668</ele>
    <name>西山</name>
    <desc>Peak detected at 1425m (prominence: 682m)
[Address] 愛媛県新居浜市</desc>
    <sym>Summit</sym>
    <extensions>
      <address:prefecture>愛媛県</address:prefecture>
      <address:city>新居浜市</address:city>
    </extensions>
  </wpt>
  <wpt lat="33.8344836" lon="133.3567357">
    <ele>1423.7</ele>
    <name>三ッ森山</name>
    <desc>Peak detected at 1424m (prominence: 79m)
[Address] 愛媛県新居浜市</desc>
    <sym>Summit</sym>
    <extensions>
      <address:prefecture>愛媛県</address:prefecture>
      <address:city>新居浜市</address:city>
    </extensions>
  </wpt>
  <wpt lat="33.7905443" lon="133.1279248">
    <ele>1416.9733333333334</ele>
    <name>Peak (1417m)</name>
    <desc>Peak detected at 1417m (prominence: 113m)
[Address] 愛媛県西条市試しの鎖</desc>
    <sym>Summit</sym>
    <extensions>
      <address:prefecture>愛媛県</address:prefecture>
      <address:city>西条市</address:city>
      <address:local>試しの鎖</address:local>
    </extensions>
  </wpt>
  <wpt lat="33.4721185" lon="132.8658682">
    <ele>1415.7321709473536</ele>
    <name>源氏ヶ駄場（薊野峰）</name>
    <desc>Peak detected at 1416m (prominence: 80m)
[Address] 愛媛県西予市野村町大野ケ原</desc>
    <sym>Summit</sym>
    <extensions>
      <address:prefecture>愛媛県</address:prefecture>
      <address:city>西予市</address:city>
      <address:local>野村町大野ケ原</address:local>
    </extensions>
  </wpt>
  <wpt lat="33.5852426" lon="133.0497345">
    <ele>1415.6933333333334</ele>
    <name>Peak (1416m)</name>
    <desc>Peak detected at 1416m (prominence: 31m)
[Address] 高知県吾川郡仁淀川町林道上名野川線</desc>
    <sym>Summit</sym>
    <extensions>
      <address:prefecture>高知県</address:prefecture>
      <address:county>吾川郡</address:county>
      <address:city>仁淀川町</address:city>
      <address:local>林道上名野川線</address:local>
    </extensions>
  </wpt>
  <wpt lat="33.7904157" lon="133.1298398">
    <ele>1409.006666666667</ele>
    <name>Peak (1409m)</name>
    <desc>Peak detected at 1409m (prominence: 112m)
[Address] 愛媛県西条市試しの鎖</desc>
    <sym>Summit</sym>
    <extensions>
      <address:prefecture>愛媛県</address:prefecture>
      <address:city>西条市</address:city>
      <address:local>試しの鎖</address:local>
    </extensions>
  </wpt>
  <wpt lat="33.5339268" lon="132.9213872">
    <ele>1403.506666666667</ele>
    <name>水なし山</name>
    <desc>Peak detected at 1404m (prominence: 47m)
[Address] 愛媛県上浮穴郡久万高原町</desc>
    <sym>Summit</sym>
    <extensions>
      <address:prefecture>愛媛県</address:prefecture>
      <address:county>上浮穴郡</address:county>
      <address:city>久万高原町</address:city>
    </extensions>
  </wpt>
  <wpt lat="33.8369517" lon="133.454669">
    <ele>1397.78</ele>
    <name>Peak (1398m)</name>
    <desc>Peak detected at 1398m (prominence: 920m)
[Address] 愛媛県新居浜市</desc>
    <sym>Summit</sym>
    <extensions>
      <address:prefecture>愛媛県</address:prefecture>
      <address:city>新居浜市</address:city>
    </extensions>
  </wpt>
  <wpt lat="33.4978098" lon="132.8738842">
    <ele>1380.8466666666666</ele>
    <name>Peak (1381m)</name>
    <desc>Peak detected at 1381m (prominence: 190m)
[Address] 愛媛県西予市野村町大野ケ原</desc>
    <sym>Summit</sym>
    <extensions>
      <address:prefecture>愛媛県</address:prefecture>
      <address:city>西予市</address:city>
      <address:local>野村町大野ケ原</address:local>
    </extensions>
  </wpt>
  <wpt lat="33.5763649" lon="132.9111904">
    <ele>1376.7700000000002</ele>
    <name>狼ヶ城山</name>
    <desc>Peak detected at 1377m (prominence: 303m)
[Address] 愛媛県上浮穴郡久万高原町狼ヶ城林道</desc>
    <sym>Summit</sym>
    <extensions>
      <address:prefecture>愛媛県</address:prefecture>
      <address:county>上浮穴郡</address:county>
      <address:city>久万高原町</address:city>
      <address:local>狼ヶ城林道</address:local>
    </extensions>
  </wpt>
  <wpt lat="33.728215" lon="133.1156537">
    <ele>1375.6266666666668</ele>
    <name>冠岳</name>
    <desc>Peak detected at 1376m (prominence: 285m)
[Address] 愛媛県上浮穴郡久万高原町石鎚スカイライン</desc>
    <sym>Summit</sym>
    <extensions>
      <address:prefecture>愛媛県</address:prefecture>
      <address:county>上浮穴郡</address:county>
      <address:city>久万高原町</address:city>
      <address:local>石鎚スカイライン</address:local>
    </extensions>
  </wpt>
  <wpt lat="33.4979362" lon="132.8835088">
    <ele>1371.8433333333335</ele>
    <name>Peak (1372m)</name>
    <desc>Peak detected at 1372m (prominence: 43m)
[Address] 愛媛県喜多郡内子町</desc>
    <sym>Summit</sym>
    <extensions>
      <address:prefecture>愛媛県</address:prefecture>
      <address:county>喜多郡</address:county>
      <address:city>内子町</address:city>
    </extensions>
  </wpt>
  <wpt lat="33.8353414" lon="133.4313475">
    <ele>1369.4399999999998</ele>
    <name>別子山</name>
    <desc>Peak detected at 1369m (prominence: 43m)
[Address] 高知県土佐郡大川村大北川</desc>
    <sym>Summit</sym>
    <extensions>
      <address:prefecture>高知県</address:prefecture>
      <address:county>土佐郡</address:county>
      <address:city>大川村</address:city>
      <address:local>大北川</address:local>
    </extensions>
  </wpt>
  <wpt lat="33.4903782" lon="133.0130292">
    <ele>1363.1366666666665</ele>
    <name>正木ノ森</name>
    <desc>Peak detected at 1363m (prominence: 105m)
[Address] 愛媛県上浮穴郡久万高原町林道 小田・池川線</desc>
    <sym>Summit</sym>
    <extensions>
      <address:prefecture>愛媛県</address:prefecture>
      <address:county>上浮穴郡</address:county>
      <address:city>久万高原町</address:city>
      <address:local>林道 小田・池川線</address:local>
    </extensions>
  </wpt>
  <wpt lat="33.8209712" lon="133.1775059">
    <ele>1361.2233333333334</ele>
    <name>Peak (1361m)</name>
    <desc>Peak detected at 1361m (prominence: 782m)
[Address] 愛媛県西条市蔭地林道</desc>
    <sym>Summit</sym>
    <extensions>
      <address:prefecture>愛媛県</address:prefecture>
      <address:city>西条市</address:city>
      <address:local>蔭地林道</address:local>
    </extensions>
  </wpt>
  <wpt lat="33.5997914" lon="133.06404">
    <ele>1357.4633333333334</ele>
    <name>Peak (1357m)</name>
    <desc>Peak detected at 1357m (prominence: 686m)
[Address] 愛媛県上浮穴郡久万高原町</desc>
    <sym>Summit</sym>
    <extensions>
      <address:prefecture>愛媛県</address:prefecture>
      <address:county>上浮穴郡</address:county>
      <address:city>久万高原町</address:city>
    </extensions>
  </wpt>
  <wpt lat="33.7968869" lon="133.1208698">
    <ele>1354.6866666666667</ele>
    <name>黒川山</name>
    <desc>Peak detected at 1355m (prominence: 52m)
[Address] 愛媛県西条市</desc>
    <sym>Summit</sym>
    <extensions>
      <address:prefecture>愛媛県</address:prefecture>
      <address:city>西条市</address:city>
    </extensions>
  </wpt>
  <wpt lat="33.8259035" lon="133.1757371">
    <ele>1351.1733333333334</ele>
    <name>高森</name>
    <desc>Peak detected at 1351m (prominence: 50m)
[Address] 愛媛県西条市東之川</desc>
    <sym>Summit</sym>
    <extensions>
      <address:prefecture>愛媛県</address:prefecture>
      <address:city>西条市</address:city>
      <address:local>東之川</address:local>
    </extensions>
  </wpt>
  <wpt lat="33.8295237" lon="133.4864513">
    <ele>1350.0266666666666</ele>
    <name>黒岩山</name>
    <desc>Peak detected at 1350m (prominence: 127m)
[Address] 高知県土佐郡土佐町</desc>
    <sym>Summit</sym>
    <extensions>
      <address:prefecture>高知県</address:prefecture>
      <address:county>土佐郡</address:county>
      <address:city>土佐町</address:city>
    </extensions>
  </wpt>
  <wpt lat="33.601894" lon="133.0710189">
    <ele>1347.9433333333334</ele>
    <name>Peak (1348m)</name>
    <desc>Peak detected at 1348m (prominence: 54m)
[Address] 高知県吾川郡仁淀川町寄合</desc>
    <sym>Summit</sym>
    <extensions>
      <address:prefecture>高知県</address:prefecture>
      <address:county>吾川郡</address:county>
      <address:city>仁淀川町</address:city>
      <address:local>寄合</address:local>
    </extensions>
  </wpt>
  <wpt lat="33.4674336" lon="132.9161606">
    <ele>1345.4997959227253</ele>
    <name>牛城</name>
    <desc>Peak detected at 1345m (prominence: 121m)
[Address] 愛媛県上浮穴郡久万高原町</desc>
    <sym>Summit</sym>
    <extensions>
      <address:prefecture>愛媛県</address:prefecture>
      <address:county>上浮穴郡</address:county>
      <address:city>久万高原町</address:city>
    </extensions>
  </wpt>
  <wpt lat="33.5012064" lon="132.8649354">
    <ele>1341.5</ele>
    <name>小屋山</name>
    <desc>Peak detected at 1342m (prominence: 37m)
[Address] 愛媛県喜多郡内子町高樽林道</desc>
    <sym>Summit</sym>
    <extensions>
      <address:prefecture>愛媛県</address:prefecture>
      <address:county>喜多郡</address:county>
      <address:city>内子町</address:city>
      <address:local>高樽林道</address:local>
    </extensions>
  </wpt>
  <wpt lat="33.8803402" lon="133.6037486">
    <ele>1340.51</ele>
    <name>カガマシ山</name>
    <desc>Peak detected at 1341m (prominence: 973m)
[Address] 愛媛県四国中央市</desc>
    <sym>Summit</sym>
    <extensions>
      <address:prefecture>愛媛県</address:prefecture>
      <address:city>四国中央市</address:city>
    </extensions>
  </wpt>
  <wpt lat="33.6086175" lon="133.0786503">
    <ele>1338.5933333333335</ele>
    <name>西雑誌山</name>
    <desc>Peak detected at 1339m (prominence: 103m)
[Address] 高知県吾川郡仁淀川町寄合</desc>
    <sym>Summit</sym>
    <extensions>
      <address:prefecture>高知県</address:prefecture>
      <address:county>吾川郡</address:county>
      <address:city>仁淀川町</address:city>
      <address:local>寄合</address:local>
    </extensions>
  </wpt>
  <wpt lat="33.5274365" lon="132.8527908">
    <ele>1334.4923924855789</ele>
    <name>Peak (1334m)</name>
    <desc>Peak detected at 1334m (prominence: 385m)
[Address] 愛媛県喜多郡内子町</desc>
    <sym>Summit</sym>
    <extensions>
      <address:prefecture>愛媛県</address:prefecture>
      <address:county>喜多郡</address:county>
      <address:city>内子町</address:city>
    </extensions>
  </wpt>
  <wpt lat="33.7182406" lon="133.056812">
    <ele>1317.4533333333331</ele>
    <name>大ノ森</name>
    <desc>Peak detected at 1317m (prominence: 579m)
[Address] 愛媛県上浮穴郡久万高原町大成</desc>
    <sym>Summit</sym>
    <extensions>
      <address:prefecture>愛媛県</address:prefecture>
      <address:county>上浮穴郡</address:county>
      <address:city>久万高原町</address:city>
      <address:local>大成</address:local>
    </extensions>
  </wpt>
  <wpt lat="33.7336817" lon="132.9534746">
    <ele>1313.3500000000001</ele>
    <name>梅ヶ谷山</name>
    <desc>Peak detected at 1313m (prominence: 190m)
[Address] 愛媛県東温市根無山林道</desc>
    <sym>Summit</sym>
    <extensions>
      <address:prefecture>愛媛県</address:prefecture>
      <address:city>東温市</address:city>
      <address:local>根無山林道</address:local>
    </extensions>
  </wpt>
  <wpt lat="33.7620048" lon="133.0352237">
    <ele>1301.993333333333</ele>
    <name>青滝山</name>
    <desc>Peak detected at 1302m (prominence: 136m)
[Address] 愛媛県上浮穴郡久万高原町梅ヶ市林道</desc>
    <sym>Summit</sym>
    <extensions>
      <address:prefecture>愛媛県</address:prefecture>
      <address:county>上浮穴郡</address:county>
      <address:city>久万高原町</address:city>
      <address:local>梅ヶ市林道</address:local>
    </extensions>
  </wpt>
  <wpt lat="33.4889649" lon="132.8660449">
    <ele>1297.49</ele>
    <name>丸石山</name>
    <desc>Peak detected at 1297m (prominence: 40m)
[Address] 愛媛県西予市</desc>
    <sym>Summit</sym>
    <extensions>
      <address:prefecture>愛媛県</address:prefecture>
      <address:city>西予市</address:city>
    </extensions>
  </wpt>
  <wpt lat="33.5219713" lon="132.8429594">
    <ele>1296.6768919465774</ele>
    <name>妙見森</name>
    <desc>Peak detected at 1297m (prominence: 59m)
[Address] 愛媛県大洲市</desc>
    <sym>Summit</sym>
    <extensions>
      <address:prefecture>愛媛県</address:prefecture>
      <address:city>大洲市</address:city>
    </extensions>
  </wpt>
  <wpt lat="33.88745" lon="133.4510092">
    <ele>1291.8700000000001</ele>
    <name>ハネズル山</name>
    <desc>Peak detected at 1292m (prominence: 820m)
[Address] 愛媛県四国中央市</desc>
    <sym>Summit</sym>
    <extensions>
      <address:prefecture>愛媛県</address:prefecture>
      <address:city>四国中央市</address:city>
    </extensions>
  </wpt>
  <wpt lat="33.7064228" lon="133.0786753">
    <ele>1281.8966666666665</ele>
    <name>Peak (1282m)</name>
    <desc>Peak detected at 1282m (prominence: 110m)
[Address] 愛媛県上浮穴郡久万高原町大成</desc>
    <sym>Summit</sym>
    <extensions>
      <address:prefecture>愛媛県</address:prefecture>
      <address:county>上浮穴郡</address:county>
      <address:city>久万高原町</address:city>
      <address:local>大成</address:local>
    </extensions>
  </wpt>
  <wpt lat="33.7157017" lon="132.8951897">
    <ele>1277.043085490437</ele>
    <name>皿ヶ嶺</name>
    <desc>Peak detected at 1277m (prominence: 335m)
[Address] 愛媛県東温市上林林道重信線</desc>
    <sym>Summit</sym>
    <extensions>
      <address:prefecture>愛媛県</address:prefecture>
      <address:city>東温市</address:city>
      <address:local>上林林道重信線</address:local>
    </extensions>
  </wpt>
  <wpt lat="33.7301727" lon="132.9307483">
    <ele>1276.53</ele>
    <name>Peak (1277m)</name>
    <desc>Peak detected at 1277m (prominence: 237m)
[Address] 愛媛県上浮穴郡久万高原町成鈴山林道</desc>
    <sym>Summit</sym>
    <extensions>
      <address:prefecture>愛媛県</address:prefecture>
      <address:county>上浮穴郡</address:county>
      <address:city>久万高原町</address:city>
      <address:local>成鈴山林道</address:local>
    </extensions>
  </wpt>
  <wpt lat="33.4707047" lon="132.8970608">
    <ele>1272.03184660662</ele>
    <name>姫草</name>
    <desc>Peak detected at 1272m (prominence: 48m)
[Address] 愛媛県高岡郡西予市永野</desc>
    <sym>Summit</sym>
    <extensions>
      <address:prefecture>愛媛県</address:prefecture>
      <address:county>高岡郡</address:county>
      <address:city>西予市</address:city>
      <address:local>永野</address:local>
    </extensions>
  </wpt>
  <wpt lat="33.8367026" lon="133.4035972">
    <ele>1271.6466666666668</ele>
    <name>Peak (1272m)</name>
    <desc>Peak detected at 1272m (prominence: 65m)
[Address] 愛媛県新居浜市</desc>
    <sym>Summit</sym>
    <extensions>
      <address:prefecture>愛媛県</address:prefecture>
      <address:city>新居浜市</address:city>
    </extensions>
  </wpt>
  <wpt lat="33.833662" lon="133.4735407">
    <ele>1270.3933333333332</ele>
    <name>野地峰</name>
    <desc>Peak detected at 1270m (prominence: 47m)
[Address] 高知県土佐郡大川村朝谷</desc>
    <sym>Summit</sym>
    <extensions>
      <address:prefecture>高知県</address:prefecture>
      <address:county>土佐郡</address:county>
      <address:city>大川村</address:city>
      <address:local>朝谷</address:local>
    </extensions>
  </wpt>
  <wpt lat="33.5236645" lon="132.8378477">
    <ele>1268.5535851519437</ele>
    <name>Peak (1269m)</name>
    <desc>Peak detected at 1269m (prominence: 164m)
[Address] 愛媛県大洲市</desc>
    <sym>Summit</sym>
    <extensions>
      <address:prefecture>愛媛県</address:prefecture>
      <address:city>大洲市</address:city>
    </extensions>
  </wpt>
  <wpt lat="33.7589522" lon="133.0444754">
    <ele>1256.8500000000001</ele>
    <name>Peak (1257m)</name>
    <desc>Peak detected at 1257m (prominence: 44m)
[Address] 愛媛県上浮穴郡久万高原町梅ヶ市林道</desc>
    <sym>Summit</sym>
    <extensions>
      <address:prefecture>愛媛県</address:prefecture>
      <address:county>上浮穴郡</address:county>
      <address:city>久万高原町</address:city>
      <address:local>梅ヶ市林道</address:local>
    </extensions>
  </wpt>
  <wpt lat="33.6192163" lon="133.0702571">
    <ele>1252.7733333333333</ele>
    <name>Peak (1253m)</name>
    <desc>Peak detected at 1253m (prominence: 77m)
[Address] 愛媛県上浮穴郡久万高原町ササミネ林道</desc>
    <sym>Summit</sym>
    <extensions>
      <address:prefecture>愛媛県</address:prefecture>
      <address:county>上浮穴郡</address:county>
      <address:city>久万高原町</address:city>
      <address:local>ササミネ林道</address:local>
    </extensions>
  </wpt>
  <wpt lat="33.7433387" lon="132.9562696">
    <ele>1252.3999999999999</ele>
    <name>樽谷山</name>
    <desc>Peak detected at 1252m (prominence: 49m)
[Address] 愛媛県東温市根無山林道</desc>
    <sym>Summit</sym>
    <extensions>
      <address:prefecture>愛媛県</address:prefecture>
      <address:city>東温市</address:city>
      <address:local>根無山林道</address:local>
    </extensions>
  </wpt>
  <wpt lat="33.9280045" lon="133.4790952">
    <ele>1251.9766666666667</ele>
    <name>豊受山</name>
    <desc>Peak detected at 1252m (prominence: 66m)
[Address] 愛媛県四国中央市林道法皇線</desc>
    <sym>Summit</sym>
    <extensions>
      <address:prefecture>愛媛県</address:prefecture>
      <address:city>四国中央市</address:city>
      <address:local>林道法皇線</address:local>
    </extensions>
  </wpt>
  <wpt lat="33.9274448" lon="133.4799523">
    <ele>1251.2133333333334</ele>
    <name>Peak (1251m)</name>
    <desc>Peak detected at 1251m (prominence: 62m)
[Address] 愛媛県四国中央市林道法皇線</desc>
    <sym>Summit</sym>
    <extensions>
      <address:prefecture>愛媛県</address:prefecture>
      <address:city>四国中央市</address:city>
      <address:local>林道法皇線</address:local>
    </extensions>
  </wpt>
  <wpt lat="33.7306327" lon="132.9237927">
    <ele>1250.17</ele>
    <name>うなめご</name>
    <desc>Peak detected at 1250m (prominence: 44m)
[Address] 愛媛県上浮穴郡久万高原町</desc>
    <sym>Summit</sym>
    <extensions>
      <address:prefecture>愛媛県</address:prefecture>
      <address:county>上浮穴郡</address:county>
      <address:city>久万高原町</address:city>
    </extensions>
  </wpt>
  <wpt lat="33.8989598" lon="133.3586627">
    <ele>1239.3733333333334</ele>
    <name>下兜山</name>
    <desc>Peak detected at 1239m (prominence: 32m)
[Address] 愛媛県新居浜市</desc>
    <sym>Summit</sym>
    <extensions>
      <address:prefecture>愛媛県</address:prefecture>
      <address:city>新居浜市</address:city>
    </extensions>
  </wpt>
  <wpt lat="33.6537104" lon="133.077342">
    <ele>1237.4900548329229</ele>
    <name>Peak (1237m)</name>
    <desc>Peak detected at 1237m (prominence: 744m)
[Address] 愛媛県上浮穴郡久万高原町</desc>
    <sym>Summit</sym>
    <extensions>
      <address:prefecture>愛媛県</address:prefecture>
      <address:county>上浮穴郡</address:county>
      <address:city>久万高原町</address:city>
    </extensions>
  </wpt>
  <wpt lat="33.7477413" lon="132.9624107">
    <ele>1237.0966666666666</ele>
    <name>根無山</name>
    <desc>Peak detected at 1237m (prominence: 42m)
[Address] 愛媛県東温市根無山林道</desc>
    <sym>Summit</sym>
    <extensions>
      <address:prefecture>愛媛県</address:prefecture>
      <address:city>東温市</address:city>
      <address:local>根無山林道</address:local>
    </extensions>
  </wpt>
  <wpt lat="33.5549522" lon="132.8679548">
    <ele>1235.86</ele>
    <name>雨霧山</name>
    <desc>Peak detected at 1236m (prominence: 260m)
[Address] 愛媛県喜多郡内子町</desc>
    <sym>Summit</sym>
    <extensions>
      <address:prefecture>愛媛県</address:prefecture>
      <address:county>喜多郡</address:county>
      <address:city>内子町</address:city>
    </extensions>
  </wpt>
  <wpt lat="33.7587106" lon="133.0192751">
    <ele>1232.6866666666667</ele>
    <name>Peak (1233m)</name>
    <desc>Peak detected at 1233m (prominence: 106m)
[Address] 愛媛県上浮穴郡久万高原町</desc>
    <sym>Summit</sym>
    <extensions>
      <address:prefecture>愛媛県</address:prefecture>
      <address:county>上浮穴郡</address:county>
      <address:city>久万高原町</address:city>
    </extensions>
  </wpt>
  <wpt lat="33.9025981" lon="132.959899">
    <ele>1229.5033333333333</ele>
    <name>Peak (1230m)</name>
    <desc>Peak detected at 1230m (prominence: 855m)
[Address] 愛媛県東温市</desc>
    <sym>Summit</sym>
    <extensions>
      <address:prefecture>愛媛県</address:prefecture>
      <address:city>東温市</address:city>
    </extensions>
  </wpt>
  <wpt lat="33.2086892" lon="132.6346403">
    <ele>1224.2266666666667</ele>
    <name>高月山</name>
    <desc>Peak detected at 1224m (prominence: 245m)
[Address] 愛媛県宇和島市滑床林道63支線</desc>
    <sym>Summit</sym>
    <extensions>
      <address:prefecture>愛媛県</address:prefecture>
      <address:city>宇和島市</address:city>
      <address:local>滑床林道63支線</address:local>
    </extensions>
  </wpt>
  <wpt lat="33.1878433" lon="132.6355525">
    <ele>1222.4936499541386</ele>
    <name>三本杭</name>
    <desc>Peak detected at 1222m (prominence: 200m)
[Address] 愛媛県宇和島市</desc>
    <sym>Summit</sym>
    <extensions>
      <address:prefecture>愛媛県</address:prefecture>
      <address:city>宇和島市</address:city>
    </extensions>
  </wpt>
  <wpt lat="33.8717366" lon="133.6269198">
    <ele>1220.8566666666666</ele>
    <name>橡尾山</name>
    <desc>Peak detected at 1221m (prominence: 73m)
[Address] 高知県長岡郡大豊町</desc>
    <sym>Summit</sym>
    <extensions>
      <address:prefecture>高知県</address:prefecture>
      <address:county>長岡郡</address:county>
      <address:city>大豊町</address:city>
    </extensions>
  </wpt>
  <wpt lat="33.6590168" lon="132.8578473">
    <ele>1220.0333333333335</ele>
    <name>桂ヶ森</name>
    <desc>Peak detected at 1220m (prominence: 550m)
[Address] 愛媛県上浮穴郡久万高原町二名</desc>
    <sym>Summit</sym>
    <extensions>
      <address:prefecture>愛媛県</address:prefecture>
      <address:county>上浮穴郡</address:county>
      <address:city>久万高原町</address:city>
      <address:local>二名</address:local>
    </extensions>
  </wpt>
  <wpt lat="33.5377687" lon="132.8255571">
    <ele>1215.7332944221434</ele>
    <name>Peak (1216m)</name>
    <desc>Peak detected at 1216m (prominence: 97m)
[Address] 愛媛県喜多郡内子町本川</desc>
    <sym>Summit</sym>
    <extensions>
      <address:prefecture>愛媛県</address:prefecture>
      <address:county>喜多郡</address:county>
      <address:city>内子町</address:city>
      <address:local>本川</address:local>
    </extensions>
  </wpt>
  <wpt lat="33.6609688" lon="133.0432584">
    <ele>1215.0715256104047</ele>
    <name>三光ノ辻山</name>
    <desc>Peak detected at 1215m (prominence: 162m)
[Address] 愛媛県上浮穴郡久万高原町中組</desc>
    <sym>Summit</sym>
    <extensions>
      <address:prefecture>愛媛県</address:prefecture>
      <address:county>上浮穴郡</address:county>
      <address:city>久万高原町</address:city>
      <address:local>中組</address:local>
    </extensions>
  </wpt>
  <wpt lat="33.9071584" lon="132.9439167">
    <ele>1212.63</ele>
    <name>中三方ヶ森</name>
    <desc>Peak detected at 1213m (prominence: 300m)
[Address] 愛媛県今治市木地奥第2隧道</desc>
    <sym>Summit</sym>
    <extensions>
      <address:prefecture>愛媛県</address:prefecture>
      <address:city>今治市</address:city>
      <address:local>木地奥第2隧道</address:local>
    </extensions>
  </wpt>
  <wpt lat="33.6973447" lon="133.0732035">
    <ele>1212.5233333333333</ele>
    <name>気多山</name>
    <desc>Peak detected at 1213m (prominence: 46m)
[Address] 愛媛県上浮穴郡久万高原町大成</desc>
    <sym>Summit</sym>
    <extensions>
      <address:prefecture>愛媛県</address:prefecture>
      <address:county>上浮穴郡</address:county>
      <address:city>久万高原町</address:city>
      <address:local>大成</address:local>
    </extensions>
  </wpt>
  <wpt lat="33.8940921" lon="132.9178729">
    <ele>1212.2866666666666</ele>
    <name>明神ヶ森</name>
    <desc>Peak detected at 1212m (prominence: 881m)
[Address] 愛媛県東温市</desc>
    <sym>Summit</sym>
    <extensions>
      <address:prefecture>愛媛県</address:prefecture>
      <address:city>東温市</address:city>
    </extensions>
  </wpt>
  <wpt lat="33.8127427" lon="133.2473801">
    <ele>1210.7966666666669</ele>
    <name>谷崎山</name>
    <desc>Peak detected at 1211m (prominence: 222m)
[Address] 愛媛県西条市藤之石</desc>
    <sym>Summit</sym>
    <extensions>
      <address:prefecture>愛媛県</address:prefecture>
      <address:city>西条市</address:city>
      <address:local>藤之石</address:local>
    </extensions>
  </wpt>
  <wpt lat="33.6584439" lon="133.0393458">
    <ele>1206.9212487152886</ele>
    <name>四辻ノ森</name>
    <desc>Peak detected at 1207m (prominence: 50m)
[Address] 愛媛県上浮穴郡久万高原町東川</desc>
    <sym>Summit</sym>
    <extensions>
      <address:prefecture>愛媛県</address:prefecture>
      <address:county>上浮穴郡</address:county>
      <address:city>久万高原町</address:city>
      <address:local>東川</address:local>
    </extensions>
  </wpt>
  <wpt lat="33.7260215" lon="132.9136819">
    <ele>1203.3533333333332</ele>
    <name>前々司山</name>
    <desc>Peak detected at 1203m (prominence: 62m)
[Address] 愛媛県上浮穴郡久万高原町</desc>
    <sym>Summit</sym>
    <extensions>
      <address:prefecture>愛媛県</address:prefecture>
      <address:county>上浮穴郡</address:county>
      <address:city>久万高原町</address:city>
    </extensions>
  </wpt>
  <wpt lat="33.1850023" lon="132.6371878">
    <ele>1201.04</ele>
    <name>横ノ森</name>
    <desc>Peak detected at 1201m (prominence: 854m)
[Address] 愛媛県宇和島市</desc>
    <sym>Summit</sym>
    <extensions>
      <address:prefecture>愛媛県</address:prefecture>
      <address:city>宇和島市</address:city>
    </extensions>
  </wpt>
  <wpt lat="33.8997373" lon="132.9587422">
    <ele>1199.216666666667</ele>
    <name>東三方ヶ森</name>
    <desc>Peak detected at 1199m (prominence: 33m)
[Address] 愛媛県西条市</desc>
    <sym>Summit</sym>
    <extensions>
      <address:prefecture>愛媛県</address:prefecture>
      <address:city>西条市</address:city>
    </extensions>
  </wpt>
  <wpt lat="33.213477" lon="132.6419476">
    <ele>1191.8999999999999</ele>
    <name>東高月山</name>
    <desc>Peak detected at 1192m (prominence: 51m)
[Address] 愛媛県宇和島市滑床林道63支線</desc>
    <sym>Summit</sym>
    <extensions>
      <address:prefecture>愛媛県</address:prefecture>
      <address:city>宇和島市</address:city>
      <address:local>滑床林道63支線</address:local>
    </extensions>
  </wpt>
  <wpt lat="33.6216493" lon="133.061506">
    <ele>1190.45</ele>
    <name>Peak (1190m)</name>
    <desc>Peak detected at 1190m (prominence: 37m)
[Address] 愛媛県上浮穴郡久万高原町ササミネ林道</desc>
    <sym>Summit</sym>
    <extensions>
      <address:prefecture>愛媛県</address:prefecture>
      <address:county>上浮穴郡</address:county>
      <address:city>久万高原町</address:city>
      <address:local>ササミネ林道</address:local>
    </extensions>
  </wpt>
  <wpt lat="33.4823808" lon="132.8861266">
    <ele>1188.1187548490348</ele>
    <name>碁石ヶ森</name>
    <desc>Peak detected at 1188m (prominence: 52m)
[Address] 愛媛県西予市野村町大野ケ原</desc>
    <sym>Summit</sym>
    <extensions>
      <address:prefecture>愛媛県</address:prefecture>
      <address:city>西予市</address:city>
      <address:local>野村町大野ケ原</address:local>
    </extensions>
  </wpt>
  <wpt lat="33.1812975" lon="132.6194355">
    <ele>1167.5519282683324</ele>
    <name>八面山</name>
    <desc>Peak detected at 1168m (prominence: 128m)
[Address] 愛媛県宇和島市</desc>
    <sym>Summit</sym>
    <extensions>
      <address:prefecture>愛媛県</address:prefecture>
      <address:city>宇和島市</address:city>
    </extensions>
  </wpt>
  <wpt lat="33.1848651" lon="132.6159575">
    <ele>1162.2731411431716</ele>
    <name>鬼ヶ城山</name>
    <desc>Peak detected at 1162m (prominence: 113m)
[Address] 愛媛県宇和島市</desc>
    <sym>Summit</sym>
    <extensions>
      <address:prefecture>愛媛県</address:prefecture>
      <address:city>宇和島市</address:city>
    </extensions>
  </wpt>
  <wpt lat="33.1727703" lon="132.6401559">
    <ele>1160.4399999999998</ele>
    <name>串ヶ森</name>
    <desc>Peak detected at 1160m (prominence: 39m)
[Address] 愛媛県北宇和郡松野町</desc>
    <sym>Summit</sym>
    <extensions>
      <address:prefecture>愛媛県</address:prefecture>
      <address:county>北宇和郡</address:county>
      <address:city>松野町</address:city>
    </extensions>
  </wpt>
  <wpt lat="33.62142" lon="133.0520358">
    <ele>1158.3666666666668</ele>
    <name>二箆山</name>
    <desc>Peak detected at 1158m (prominence: 34m)
[Address] 愛媛県上浮穴郡久万高原町ササミネ林道</desc>
    <sym>Summit</sym>
    <extensions>
      <address:prefecture>愛媛県</address:prefecture>
      <address:county>上浮穴郡</address:county>
      <address:city>久万高原町</address:city>
      <address:local>ササミネ林道</address:local>
    </extensions>
  </wpt>
  <wpt lat="33.6557256" lon="133.0525977">
    <ele>1157.3250757909168</ele>
    <name>Peak (1157m)</name>
    <desc>Peak detected at 1157m (prominence: 66m)
[Address] 愛媛県上浮穴郡久万高原町東川</desc>
    <sym>Summit</sym>
    <extensions>
      <address:prefecture>愛媛県</address:prefecture>
      <address:county>上浮穴郡</address:county>
      <address:city>久万高原町</address:city>
      <address:local>東川</address:local>
    </extensions>
  </wpt>
  <wpt lat="33.1905947" lon="132.6094331">
    <ele>1155.4333072605007</ele>
    <name>大久保山</name>
    <desc>Peak detected at 1155m (prominence: 100m)
[Address] 愛媛県宇和島市野川</desc>
    <sym>Summit</sym>
    <extensions>
      <address:prefecture>愛媛県</address:prefecture>
      <address:city>宇和島市</address:city>
      <address:local>野川</address:local>
    </extensions>
  </wpt>
  <wpt lat="33.8130309" lon="133.154101">
    <ele>1152.69</ele>
    <name>二ノ岳</name>
    <desc>Peak detected at 1153m (prominence: 209m)
[Address] 愛媛県西条市中奥</desc>
    <sym>Summit</sym>
    <extensions>
      <address:prefecture>愛媛県</address:prefecture>
      <address:city>西条市</address:city>
      <address:local>中奥</address:local>
    </extensions>
  </wpt>
  <wpt lat="33.8838209" lon="133.660917">
    <ele>1152.4499999999998</ele>
    <name>三傍示山</name>
    <desc>Peak detected at 1152m (prominence: 328m)
[Address] 愛媛県四国中央市</desc>
    <sym>Summit</sym>
    <extensions>
      <address:prefecture>愛媛県</address:prefecture>
      <address:city>四国中央市</address:city>
    </extensions>
  </wpt>
  <wpt lat="33.6897024" lon="132.8493405">
    <ele>1151.5666666666666</ele>
    <name>Peak (1152m)</name>
    <desc>Peak detected at 1152m (prominence: 364m)
[Address] 愛媛県上浮穴郡久万高原町</desc>
    <sym>Summit</sym>
    <extensions>
      <address:prefecture>愛媛県</address:prefecture>
      <address:county>上浮穴郡</address:county>
      <address:city>久万高原町</address:city>
    </extensions>
  </wpt>
  <wpt lat="33.9046499" lon="132.9247864">
    <ele>1147.7433333333333</ele>
    <name>南三方ヶ森</name>
    <desc>Peak detected at 1148m (prominence: 64m)
[Address] 愛媛県東温市</desc>
    <sym>Summit</sym>
    <extensions>
      <address:prefecture>愛媛県</address:prefecture>
      <address:city>東温市</address:city>
    </extensions>
  </wpt>
  <wpt lat="33.4706698" lon="132.9365377">
    <ele>1141.42</ele>
    <name>小牛城</name>
    <desc>Peak detected at 1141m (prominence: 45m)
[Address] 愛媛県上浮穴郡久万高原町四国カルスト公園縦断線</desc>
    <sym>Summit</sym>
    <extensions>
      <address:prefecture>愛媛県</address:prefecture>
      <address:county>上浮穴郡</address:county>
      <address:city>久万高原町</address:city>
      <address:local>四国カルスト公園縦断線</address:local>
    </extensions>
  </wpt>
  <wpt lat="33.6540726" lon="133.0652222">
    <ele>1140.991937743903</ele>
    <name>Peak (1141m)</name>
    <desc>Peak detected at 1141m (prominence: 70m)
[Address] 愛媛県上浮穴郡久万高原町東川</desc>
    <sym>Summit</sym>
    <extensions>
      <address:prefecture>愛媛県</address:prefecture>
      <address:county>上浮穴郡</address:county>
      <address:city>久万高原町</address:city>
      <address:local>東川</address:local>
    </extensions>
  </wpt>
  <wpt lat="33.7217271" lon="132.882066">
    <ele>1139.9767402874822</ele>
    <name>Peak (1140m)</name>
    <desc>Peak detected at 1140m (prominence: 118m)
[Address] 愛媛県上浮穴郡久万高原町</desc>
    <sym>Summit</sym>
    <extensions>
      <address:prefecture>愛媛県</address:prefecture>
      <address:county>上浮穴郡</address:county>
      <address:city>久万高原町</address:city>
    </extensions>
  </wpt>
  <wpt lat="33.3120212" lon="132.8936817">
    <ele>1139.8423907433491</ele>
    <name>地蔵山</name>
    <desc>Peak detected at 1140m (prominence: 707m)
[Address] 愛媛県北宇和郡鬼北町</desc>
    <sym>Summit</sym>
    <extensions>
      <address:prefecture>愛媛県</address:prefecture>
      <address:county>北宇和郡</address:county>
      <address:city>鬼北町</address:city>
    </extensions>
  </wpt>
  <wpt lat="33.8051544" lon="133.2736798">
    <ele>1138.3266666666668</ele>
    <name>Peak (1138m)</name>
    <desc>Peak detected at 1138m (prominence: 41m)
[Address] 高知県吾川郡いの町桑瀬</desc>
    <sym>Summit</sym>
    <extensions>
      <address:prefecture>高知県</address:prefecture>
      <address:county>吾川郡</address:county>
      <address:city>いの町</address:city>
      <address:local>桑瀬</address:local>
    </extensions>
  </wpt>
  <wpt lat="33.8625158" lon="133.4945751">
    <ele>1134.8500000000001</ele>
    <name>天堤山</name>
    <desc>Peak detected at 1135m (prominence: 132m)
[Address] 愛媛県四国中央市</desc>
    <sym>Summit</sym>
    <extensions>
      <address:prefecture>愛媛県</address:prefecture>
      <address:city>四国中央市</address:city>
    </extensions>
  </wpt>
  <wpt lat="33.4536468" lon="132.8065716">
    <ele>1117.4867674520622</ele>
    <name>雨包山</name>
    <desc>Peak detected at 1117m (prominence: 124m)
[Address] 愛媛県西予市</desc>
    <sym>Summit</sym>
    <extensions>
      <address:prefecture>愛媛県</address:prefecture>
      <address:city>西予市</address:city>
    </extensions>
  </wpt>
  <wpt lat="33.8934243" lon="133.6780358">
    <ele>1110.4433333333334</ele>
    <name>剣ノ山</name>
    <desc>Peak detected at 1110m (prominence: 77m)
[Address] 徳島県三好市</desc>
    <sym>Summit</sym>
    <extensions>
      <address:prefecture>徳島県</address:prefecture>
      <address:city>三好市</address:city>
    </extensions>
  </wpt>
  <wpt lat="33.1093173" lon="132.663091">
    <ele>1106.79</ele>
    <name>大黒山</name>
    <desc>Peak detected at 1107m (prominence: 746m)
[Address] 高知県四万十市</desc>
    <sym>Summit</sym>
    <extensions>
      <address:prefecture>高知県</address:prefecture>
      <address:city>四万十市</address:city>
    </extensions>
  </wpt>
  <wpt lat="33.3272325" lon="132.9014493">
    <ele>1106.7248732843473</ele>
    <name>霧立山</name>
    <desc>Peak detected at 1107m (prominence: 75m)
[Address] 愛媛県北宇和郡鬼北町</desc>
    <sym>Summit</sym>
    <extensions>
      <address:prefecture>愛媛県</address:prefecture>
      <address:county>北宇和郡</address:county>
      <address:city>鬼北町</address:city>
    </extensions>
  </wpt>
  <wpt lat="33.8986853" lon="133.6776458">
    <ele>1103.0333333333333</ele>
    <name>Peak (1103m)</name>
    <desc>Peak detected at 1103m (prominence: 39m)
[Address] 徳島県三好市</desc>
    <sym>Summit</sym>
    <extensions>
      <address:prefecture>徳島県</address:prefecture>
      <address:city>三好市</address:city>
    </extensions>
  </wpt>
  <wpt lat="33.1325116" lon="132.6372183">
    <ele>1098.249041559603</ele>
    <name>Peak (1098m)</name>
    <desc>Peak detected at 1098m (prominence: 403m)
[Address] 高知県四万十市</desc>
    <sym>Summit</sym>
    <extensions>
      <address:prefecture>高知県</address:prefecture>
      <address:city>四万十市</address:city>
    </extensions>
  </wpt>
  <wpt lat="33.895514" lon="133.6139166">
    <ele>1096.6433333333332</ele>
    <name>三ッ足山</name>
    <desc>Peak detected at 1097m (prominence: 138m)
[Address] 愛媛県四国中央市</desc>
    <sym>Summit</sym>
    <extensions>
      <address:prefecture>愛媛県</address:prefecture>
      <address:city>四国中央市</address:city>
    </extensions>
  </wpt>
  <wpt lat="33.2001424" lon="132.6082692">
    <ele>1090.3964691990484</ele>
    <name>毛山</name>
    <desc>Peak detected at 1090m (prominence: 74m)
[Address] 愛媛県宇和島市野川</desc>
    <sym>Summit</sym>
    <extensions>
      <address:prefecture>愛媛県</address:prefecture>
      <address:city>宇和島市</address:city>
      <address:local>野川</address:local>
    </extensions>
  </wpt>
  <wpt lat="33.737749" lon="132.9184402">
    <ele>1089.5833333333333</ele>
    <name>善神山</name>
    <desc>Peak detected at 1090m (prominence: 633m)
[Address] 愛媛県東温市井内</desc>
    <sym>Summit</sym>
    <extensions>
      <address:prefecture>愛媛県</address:prefecture>
      <address:city>東温市</address:city>
      <address:local>井内</address:local>
    </extensions>
  </wpt>
  <wpt lat="33.7587783" lon="132.9928848">
    <ele>1076.4162189328617</ele>
    <name>割石東山</name>
    <desc>Peak detected at 1076m (prominence: 36m)
[Address] 愛媛県上浮穴郡久万高原町国道494号</desc>
    <sym>Summit</sym>
    <extensions>
      <address:prefecture>愛媛県</address:prefecture>
      <address:county>上浮穴郡</address:county>
      <address:city>久万高原町</address:city>
      <address:local>国道494号</address:local>
    </extensions>
  </wpt>
  <wpt lat="33.1328174" lon="132.6290592">
    <ele>1069.8255484698216</ele>
    <name>加塚山</name>
    <desc>Peak detected at 1070m (prominence: 270m)
[Address] 愛媛県宇和島市</desc>
    <sym>Summit</sym>
    <extensions>
      <address:prefecture>愛媛県</address:prefecture>
      <address:city>宇和島市</address:city>
    </extensions>
  </wpt>
  <wpt lat="33.3677949" lon="132.8609245">
    <ele>1065.780524285452</ele>
    <name>高研山</name>
    <desc>Peak detected at 1066m (prominence: 433m)
[Address] 愛媛県北宇和郡鬼北町</desc>
    <sym>Summit</sym>
    <extensions>
      <address:prefecture>愛媛県</address:prefecture>
      <address:county>北宇和郡</address:county>
      <address:city>鬼北町</address:city>
    </extensions>
  </wpt>
  <wpt lat="33.2026814" lon="132.6251485">
    <ele>1062.8166666666666</ele>
    <name>櫨ヶ森</name>
    <desc>Peak detected at 1063m (prominence: 32m)
[Address] 愛媛県宇和島市</desc>
    <sym>Summit</sym>
    <extensions>
      <address:prefecture>愛媛県</address:prefecture>
      <address:city>宇和島市</address:city>
    </extensions>
  </wpt>
  <wpt lat="33.8487719" lon="133.4543032">
    <ele>1061.7766666666666</ele>
    <name>Peak (1062m)</name>
    <desc>Peak detected at 1062m (prominence: 54m)
[Address] 愛媛県四国中央市</desc>
    <sym>Summit</sym>
    <extensions>
      <address:prefecture>愛媛県</address:prefecture>
      <address:city>四国中央市</address:city>
    </extensions>
  </wpt>
  <wpt lat="33.0558602" lon="132.6590657">
    <ele>1061.6229039079428</ele>
    <name>篠山</name>
    <desc>Peak detected at 1062m (prominence: 239m)
[Address] 愛媛県南宇和郡愛南町篠山公園線</desc>
    <sym>Summit</sym>
    <extensions>
      <address:prefecture>愛媛県</address:prefecture>
      <address:county>南宇和郡</address:county>
      <address:city>愛南町</address:city>
      <address:local>篠山公園線</address:local>
    </extensions>
  </wpt>
  <wpt lat="33.7504959" lon="132.9904187">
    <ele>1059.54</ele>
    <name>割石峠山</name>
    <desc>Peak detected at 1060m (prominence: 38m)
[Address] 愛媛県上浮穴郡東温市国道494号</desc>
    <sym>Summit</sym>
    <extensions>
      <address:prefecture>愛媛県</address:prefecture>
      <address:county>上浮穴郡</address:county>
      <address:city>東温市</address:city>
      <address:local>国道494号</address:local>
    </extensions>
  </wpt>
  <wpt lat="33.8893781" lon="132.9018403">
    <ele>1048.2366666666665</ele>
    <name>福見山</name>
    <desc>Peak detected at 1048m (prominence: 66m)
[Address] 愛媛県東温市</desc>
    <sym>Summit</sym>
    <extensions>
      <address:prefecture>愛媛県</address:prefecture>
      <address:city>東温市</address:city>
    </extensions>
  </wpt>
  <wpt lat="33.9263671" lon="133.6759094">
    <ele>1041.1266666666668</ele>
    <name>Peak (1041m)</name>
    <desc>Peak detected at 1041m (prominence: 42m)
[Address] 愛媛県四国中央市</desc>
    <sym>Summit</sym>
    <extensions>
      <address:prefecture>愛媛県</address:prefecture>
      <address:city>四国中央市</address:city>
    </extensions>
  </wpt>
  <wpt lat="33.9400809" lon="132.9443333">
    <ele>1037.9733333333334</ele>
    <name>楢原山</name>
    <desc>Peak detected at 1038m (prominence: 97m)
[Address] 愛媛県今治市</desc>
    <sym>Summit</sym>
    <extensions>
      <address:prefecture>愛媛県</address:prefecture>
      <address:city>今治市</address:city>
    </extensions>
  </wpt>
  <wpt lat="33.8802331" lon="133.6356728">
    <ele>1024.2766666666666</ele>
    <name>笹ヶ峰</name>
    <desc>Peak detected at 1024m (prominence: 44m)
[Address] 愛媛県長岡郡四国中央市高知自動車道;笹ヶ峰トンネル</desc>
    <sym>Summit</sym>
    <extensions>
      <address:prefecture>愛媛県</address:prefecture>
      <address:county>長岡郡</address:county>
      <address:city>四国中央市</address:city>
      <address:local>高知自動車道;笹ヶ峰トンネル</address:local>
    </extensions>
  </wpt>
  <wpt lat="33.1234747" lon="132.6207282">
    <ele>1021.9555481598042</ele>
    <name>譲ヶ葉森</name>
    <desc>Peak detected at 1022m (prominence: 88m)
[Address] 愛媛県宇和島市</desc>
    <sym>Summit</sym>
    <extensions>
      <address:prefecture>愛媛県</address:prefecture>
      <address:city>宇和島市</address:city>
    </extensions>
  </wpt>
  <wpt lat="33.8837598" lon="133.6434747">
    <ele>1017.4166666666666</ele>
    <name>Peak (1017m)</name>
    <desc>Peak detected at 1017m (prominence: 43m)
[Address] 愛媛県長岡郡四国中央市高知自動車道;笹ヶ峰トンネル</desc>
    <sym>Summit</sym>
    <extensions>
      <address:prefecture>愛媛県</address:prefecture>
      <address:county>長岡郡</address:county>
      <address:city>四国中央市</address:city>
      <address:local>高知自動車道;笹ヶ峰トンネル</address:local>
    </extensions>
  </wpt>
  <wpt lat="33.9279339" lon="132.945849">
    <ele>1012.4166666666666</ele>
    <name>古権現山</name>
    <desc>Peak detected at 1012m (prominence: 61m)
[Address] 愛媛県今治市木地奥林道51線</desc>
    <sym>Summit</sym>
    <extensions>
      <address:prefecture>愛媛県</address:prefecture>
      <address:city>今治市</address:city>
      <address:local>木地奥林道51線</address:local>
    </extensions>
  </wpt>
  <wpt lat="33.9162332" lon="133.6903613">
    <ele>1012.1166666666668</ele>
    <name>塩塚峰</name>
    <desc>Peak detected at 1012m (prominence: 154m)
[Address] 愛媛県四国中央市</desc>
    <sym>Summit</sym>
    <extensions>
      <address:prefecture>愛媛県</address:prefecture>
      <address:city>四国中央市</address:city>
    </extensions>
  </wpt>
  <wpt lat="33.9283914" lon="132.9469495">
    <ele>1010.1166666666667</ele>
    <name>Peak (1010m)</name>
    <desc>Peak detected at 1010m (prominence: 53m)
[Address] 愛媛県今治市木地奥林道51線</desc>
    <sym>Summit</sym>
    <extensions>
      <address:prefecture>愛媛県</address:prefecture>
      <address:city>今治市</address:city>
      <address:local>木地奥林道51線</address:local>
    </extensions>
  </wpt>
  <wpt lat="33.2137233" lon="132.6584283">
    <ele>1010</ele>
    <name>郭公岳</name>
    <desc>Peak detected at 1010m (prominence: 52m)
[Address] 愛媛県北宇和郡鬼北町</desc>
    <sym>Summit</sym>
    <extensions>
      <address:prefecture>愛媛県</address:prefecture>
      <address:county>北宇和郡</address:county>
      <address:city>鬼北町</address:city>
    </extensions>
  </wpt>
  <wpt lat="33.6707038" lon="132.8271198">
    <ele>1008.4066666666666</ele>
    <name>北ヶ森</name>
    <desc>Peak detected at 1008m (prominence: 106m)
[Address] 愛媛県上浮穴郡久万高原町</desc>
    <sym>Summit</sym>
    <extensions>
      <address:prefecture>愛媛県</address:prefecture>
      <address:county>上浮穴郡</address:county>
      <address:city>久万高原町</address:city>
    </extensions>
  </wpt>
  <wpt lat="33.1347793" lon="132.6282847">
    <ele>1005.7346655272108</ele>
    <name>Peak (1006m)</name>
    <desc>Peak detected at 1006m (prominence: 48m)
[Address] 高知県四万十市</desc>
    <sym>Summit</sym>
    <extensions>
      <address:prefecture>高知県</address:prefecture>
      <address:city>四万十市</address:city>
    </extensions>
  </wpt>
  <wpt lat="33.5275826" lon="132.7817668">
    <ele>993.1336935716172</ele>
    <name>町木山</name>
    <desc>Peak detected at 993m (prominence: 598m)
[Address] 愛媛県大洲市</desc>
    <sym>Summit</sym>
    <extensions>
      <address:prefecture>愛媛県</address:prefecture>
      <address:city>大洲市</address:city>
    </extensions>
  </wpt>
  <wpt lat="33.6056753" lon="132.5543754">
    <ele>984.3464928489406</ele>
    <name>壺神山</name>
    <desc>Peak detected at 984m (prominence: 965m)
[Address] 愛媛県大洲市戒川</desc>
    <sym>Summit</sym>
    <extensions>
      <address:prefecture>愛媛県</address:prefecture>
      <address:city>大洲市</address:city>
      <address:local>戒川</address:local>
    </extensions>
  </wpt>
  <wpt lat="33.9456945" lon="132.8499533">
    <ele>981.3100000000001</ele>
    <name>高縄山</name>
    <desc>Peak detected at 981m (prominence: 60m)
[Address] 愛媛県松山市</desc>
    <sym>Summit</sym>
    <extensions>
      <address:prefecture>愛媛県</address:prefecture>
      <address:city>松山市</address:city>
    </extensions>
  </wpt>
  <wpt lat="33.8136584" lon="133.0127568">
    <ele>981.2133333333335</ele>
    <name>面木山</name>
    <desc>Peak detected at 981m (prominence: 680m)
[Address] 愛媛県西条市丹原町鞍瀬</desc>
    <sym>Summit</sym>
    <extensions>
      <address:prefecture>愛媛県</address:prefecture>
      <address:city>西条市</address:city>
      <address:local>丹原町鞍瀬</address:local>
    </extensions>
  </wpt>
  <wpt lat="33.0633959" lon="132.6373234">
    <ele>972.6666666666666</ele>
    <name>瀬戸黒森</name>
    <desc>Peak detected at 973m (prominence: 236m)
[Address] 愛媛県南宇和郡愛南町</desc>
    <sym>Summit</sym>
    <extensions>
      <address:prefecture>愛媛県</address:prefecture>
      <address:county>南宇和郡</address:county>
      <address:city>愛南町</address:city>
    </extensions>
  </wpt>
  <wpt lat="33.5409797" lon="132.8012664">
    <ele>967.0418485014342</ele>
    <name>笹峠山</name>
    <desc>Peak detected at 967m (prominence: 103m)
[Address] 愛媛県喜多郡大洲市南山</desc>
    <sym>Summit</sym>
    <extensions>
      <address:prefecture>愛媛県</address:prefecture>
      <address:county>喜多郡</address:county>
      <address:city>大洲市</address:city>
      <address:local>南山</address:local>
    </extensions>
  </wpt>
  <wpt lat="33.9503258" lon="132.8887705">
    <ele>964.82</ele>
    <name>北三方ヶ森</name>
    <desc>Peak detected at 965m (prominence: 505m)
[Address] 愛媛県今治市</desc>
    <sym>Summit</sym>
    <extensions>
      <address:prefecture>愛媛県</address:prefecture>
      <address:city>今治市</address:city>
    </extensions>
  </wpt>
  <wpt lat="33.7499423" lon="132.9750274">
    <ele>961.2033333333334</ele>
    <name>Peak (961m)</name>
    <desc>Peak detected at 961m (prominence: 73m)
[Address] 愛媛県東温市国道494号</desc>
    <sym>Summit</sym>
    <extensions>
      <address:prefecture>愛媛県</address:prefecture>
      <address:city>東温市</address:city>
      <address:local>国道494号</address:local>
    </extensions>
  </wpt>
  <wpt lat="33.1518363" lon="132.6299101">
    <ele>959.7999999999998</ele>
    <name>Peak (960m)</name>
    <desc>Peak detected at 960m (prominence: 107m)
[Address] 高知県四万十市</desc>
    <sym>Summit</sym>
    <extensions>
      <address:prefecture>高知県</address:prefecture>
      <address:city>四万十市</address:city>
    </extensions>
  </wpt>
  <wpt lat="33.6908158" lon="132.9052102">
    <ele>950.8066666666667</ele>
    <name>餓鬼ヶ森</name>
    <desc>Peak detected at 951m (prominence: 365m)
[Address] 愛媛県上浮穴郡久万高原町</desc>
    <sym>Summit</sym>
    <extensions>
      <address:prefecture>愛媛県</address:prefecture>
      <address:county>上浮穴郡</address:county>
      <address:city>久万高原町</address:city>
    </extensions>
  </wpt>
  <wpt lat="33.92961" lon="132.8476038">
    <ele>950.6066666666666</ele>
    <name>大月山</name>
    <desc>Peak detected at 951m (prominence: 122m)
[Address] 愛媛県松山市九川</desc>
    <sym>Summit</sym>
    <extensions>
      <address:prefecture>愛媛県</address:prefecture>
      <address:city>松山市</address:city>
      <address:local>九川</address:local>
    </extensions>
  </wpt>
  <wpt lat="33.1828203" lon="132.5956974">
    <ele>949.9166666666666</ele>
    <name>Peak (950m)</name>
    <desc>Peak detected at 950m (prominence: 78m)
[Address] 愛媛県宇和島市野川</desc>
    <sym>Summit</sym>
    <extensions>
      <address:prefecture>愛媛県</address:prefecture>
      <address:city>宇和島市</address:city>
      <address:local>野川</address:local>
    </extensions>
  </wpt>
  <wpt lat="33.2788845" lon="132.7701055">
    <ele>947.3511063301806</ele>
    <name>戸祇御前山</name>
    <desc>Peak detected at 947m (prominence: 704m)
[Address] 愛媛県北宇和郡鬼北町</desc>
    <sym>Summit</sym>
    <extensions>
      <address:prefecture>愛媛県</address:prefecture>
      <address:county>北宇和郡</address:county>
      <address:city>鬼北町</address:city>
    </extensions>
  </wpt>
  <wpt lat="33.9189905" lon="132.9253476">
    <ele>943.7166666666667</ele>
    <name>Peak (944m)</name>
    <desc>Peak detected at 944m (prominence: 414m)
[Address] 愛媛県松山市米野町</desc>
    <sym>Summit</sym>
    <extensions>
      <address:prefecture>愛媛県</address:prefecture>
      <address:city>松山市</address:city>
      <address:local>米野町</address:local>
    </extensions>
  </wpt>
  <wpt lat="33.294387" lon="132.8359236">
    <ele>939.7329137961616</ele>
    <name>長山</name>
    <desc>Peak detected at 940m (prominence: 684m)
[Address] 愛媛県北宇和郡鬼北町</desc>
    <sym>Summit</sym>
    <extensions>
      <address:prefecture>愛媛県</address:prefecture>
      <address:county>北宇和郡</address:county>
      <address:city>鬼北町</address:city>
    </extensions>
  </wpt>
  <wpt lat="33.1538778" lon="132.6270428">
    <ele>936.75</ele>
    <name>Peak (937m)</name>
    <desc>Peak detected at 937m (prominence: 37m)
[Address] 高知県四万十市</desc>
    <sym>Summit</sym>
    <extensions>
      <address:prefecture>高知県</address:prefecture>
      <address:city>四万十市</address:city>
    </extensions>
  </wpt>
  <wpt lat="33.9268119" lon="132.9242667">
    <ele>927.37</ele>
    <name>左谷ノ森</name>
    <desc>Peak detected at 927m (prominence: 59m)
[Address] 愛媛県松山市米野町</desc>
    <sym>Summit</sym>
    <extensions>
      <address:prefecture>愛媛県</address:prefecture>
      <address:city>松山市</address:city>
      <address:local>米野町</address:local>
    </extensions>
  </wpt>
  <wpt lat="33.640684" lon="132.8369828">
    <ele>926.7733333333334</ele>
    <name>三郷の辻</name>
    <desc>Peak detected at 927m (prominence: 345m)
[Address] 愛媛県上浮穴郡久万高原町</desc>
    <sym>Summit</sym>
    <extensions>
      <address:prefecture>愛媛県</address:prefecture>
      <address:county>上浮穴郡</address:county>
      <address:city>久万高原町</address:city>
    </extensions>
  </wpt>
  <wpt lat="33.8412373" lon="132.9293942">
    <ele>924.7866666666665</ele>
    <name>ヨソ山</name>
    <desc>Peak detected at 925m (prominence: 691m)
[Address] 愛媛県東温市</desc>
    <sym>Summit</sym>
    <extensions>
      <address:prefecture>愛媛県</address:prefecture>
      <address:city>東温市</address:city>
    </extensions>
  </wpt>
  <wpt lat="33.142538" lon="132.6306376">
    <ele>921.62</ele>
    <name>Peak (922m)</name>
    <desc>Peak detected at 922m (prominence: 86m)
[Address] 高知県四万十市神殿谷林道</desc>
    <sym>Summit</sym>
    <extensions>
      <address:prefecture>高知県</address:prefecture>
      <address:city>四万十市</address:city>
      <address:local>神殿谷林道</address:local>
    </extensions>
  </wpt>
  <wpt lat="33.3438869" lon="132.7560391">
    <ele>911.8788921966252</ele>
    <name>Peak (912m)</name>
    <desc>Peak detected at 912m (prominence: 717m)
[Address] 愛媛県西予市</desc>
    <sym>Summit</sym>
    <extensions>
      <address:prefecture>愛媛県</address:prefecture>
      <address:city>西予市</address:city>
    </extensions>
  </wpt>
  <wpt lat="33.8609206" lon="132.9700981">
    <ele>911.0766666666667</ele>
    <name>稔山</name>
    <desc>Peak detected at 911m (prominence: 530m)
[Address] 愛媛県東温市</desc>
    <sym>Summit</sym>
    <extensions>
      <address:prefecture>愛媛県</address:prefecture>
      <address:city>東温市</address:city>
    </extensions>
  </wpt>
  <wpt lat="33.6772505" lon="132.9121114">
    <ele>910.6433333333334</ele>
    <name>菊ヶ森</name>
    <desc>Peak detected at 911m (prominence: 108m)
[Address] 愛媛県上浮穴郡久万高原町</desc>
    <sym>Summit</sym>
    <extensions>
      <address:prefecture>愛媛県</address:prefecture>
      <address:county>上浮穴郡</address:county>
      <address:city>久万高原町</address:city>
    </extensions>
  </wpt>
  <wpt lat="33.8478086" lon="133.3416978">
    <ele>907.3366666666667</ele>
    <name>Peak (907m)</name>
    <desc>Peak detected at 907m (prominence: 50m)
[Address] 愛媛県新居浜市新居浜別子山線</desc>
    <sym>Summit</sym>
    <extensions>
      <address:prefecture>愛媛県</address:prefecture>
      <address:city>新居浜市</address:city>
      <address:local>新居浜別子山線</address:local>
    </extensions>
  </wpt>
  <wpt lat="33.9465925" lon="132.896379">
    <ele>905.61</ele>
    <name>Peak (906m)</name>
    <desc>Peak detected at 906m (prominence: 41m)
[Address] 愛媛県今治市</desc>
    <sym>Summit</sym>
    <extensions>
      <address:prefecture>愛媛県</address:prefecture>
      <address:city>今治市</address:city>
    </extensions>
  </wpt>
  <wpt lat="33.5404689" lon="132.7754857">
    <ele>904.780552530514</ele>
    <name>寒台山</name>
    <desc>Peak detected at 905m (prominence: 92m)
[Address] 愛媛県大洲市</desc>
    <sym>Summit</sym>
    <extensions>
      <address:prefecture>愛媛県</address:prefecture>
      <address:city>大洲市</address:city>
    </extensions>
  </wpt>
  <wpt lat="33.5926584" lon="132.8486131">
    <ele>900.0566666666667</ele>
    <name>日浦嶺</name>
    <desc>Peak detected at 900m (prominence: 336m)
[Address] 愛媛県喜多郡内子町</desc>
    <sym>Summit</sym>
    <extensions>
      <address:prefecture>愛媛県</address:prefecture>
      <address:county>喜多郡</address:county>
      <address:city>内子町</address:city>
    </extensions>
  </wpt>
  <wpt lat="33.7912411" lon="133.0215447">
    <ele>894.5</ele>
    <name>Peak (895m)</name>
    <desc>Peak detected at 895m (prominence: 166m)
[Address] 愛媛県東温市明河</desc>
    <sym>Summit</sym>
    <extensions>
      <address:prefecture>愛媛県</address:prefecture>
      <address:city>東温市</address:city>
      <address:local>明河</address:local>
    </extensions>
  </wpt>
  <wpt lat="33.6859182" lon="132.7609047">
    <ele>893.9066666666668</ele>
    <name>階上山</name>
    <desc>Peak detected at 894m (prominence: 317m)
[Address] 愛媛県伊予市中山町栗田</desc>
    <sym>Summit</sym>
    <extensions>
      <address:prefecture>愛媛県</address:prefecture>
      <address:city>伊予市</address:city>
      <address:local>中山町栗田</address:local>
    </extensions>
  </wpt>
  <wpt lat="33.798558" lon="133.0173655">
    <ele>890.1266666666667</ele>
    <name>黒森</name>
    <desc>Peak detected at 890m (prominence: 49m)
[Address] 愛媛県東温市滑川</desc>
    <sym>Summit</sym>
    <extensions>
      <address:prefecture>愛媛県</address:prefecture>
      <address:city>東温市</address:city>
      <address:local>滑川</address:local>
    </extensions>
  </wpt>
  <wpt lat="33.7052794" lon="132.7652806">
    <ele>888.5027304594954</ele>
    <name>障子山</name>
    <desc>Peak detected at 889m (prominence: 576m)
[Address] 愛媛県伊予郡砥部町鵜崎</desc>
    <sym>Summit</sym>
    <extensions>
      <address:prefecture>愛媛県</address:prefecture>
      <address:county>伊予郡</address:county>
      <address:city>砥部町</address:city>
      <address:local>鵜崎</address:local>
    </extensions>
  </wpt>
  <wpt lat="33.8581024" lon="132.9583176">
    <ele>873.4633333333333</ele>
    <name>Peak (873m)</name>
    <desc>Peak detected at 873m (prominence: 50m)
[Address] 愛媛県東温市</desc>
    <sym>Summit</sym>
    <extensions>
      <address:prefecture>愛媛県</address:prefecture>
      <address:city>東温市</address:city>
    </extensions>
  </wpt>
  <wpt lat="33.0409924" lon="132.624637">
    <ele>864.3133333333334</ele>
    <name>三森</name>
    <desc>Peak detected at 864m (prominence: 112m)
[Address] 愛媛県南宇和郡愛南町三森林道</desc>
    <sym>Summit</sym>
    <extensions>
      <address:prefecture>愛媛県</address:prefecture>
      <address:county>南宇和郡</address:county>
      <address:city>愛南町</address:city>
      <address:local>三森林道</address:local>
    </extensions>
  </wpt>
  <wpt lat="33.1177367" lon="132.6239642">
    <ele>863.4266666666667</ele>
    <name>Peak (863m)</name>
    <desc>Peak detected at 863m (prominence: 54m)
[Address] 愛媛県宇和島市</desc>
    <sym>Summit</sym>
    <extensions>
      <address:prefecture>愛媛県</address:prefecture>
      <address:city>宇和島市</address:city>
    </extensions>
  </wpt>
  <wpt lat="33.8717799" lon="132.8815633">
    <ele>860.4766666666668</ele>
    <name>河原樋山</name>
    <desc>Peak detected at 860m (prominence: 182m)
[Address] 愛媛県松山市川の郷町</desc>
    <sym>Summit</sym>
    <extensions>
      <address:prefecture>愛媛県</address:prefecture>
      <address:city>松山市</address:city>
      <address:local>川の郷町</address:local>
    </extensions>
  </wpt>
  <wpt lat="33.6118803" lon="132.8524765">
    <ele>854.2033333333333</ele>
    <name>打越山</name>
    <desc>Peak detected at 854m (prominence: 125m)
[Address] 愛媛県喜多郡内子町</desc>
    <sym>Summit</sym>
    <extensions>
      <address:prefecture>愛媛県</address:prefecture>
      <address:county>喜多郡</address:county>
      <address:city>内子町</address:city>
    </extensions>
  </wpt>
  <wpt lat="33.155717" lon="132.6258832">
    <ele>850.5566666666667</ele>
    <name>Peak (851m)</name>
    <desc>Peak detected at 851m (prominence: 52m)
[Address] 高知県四万十市</desc>
    <sym>Summit</sym>
    <extensions>
      <address:prefecture>高知県</address:prefecture>
      <address:city>四万十市</address:city>
    </extensions>
  </wpt>
  <wpt lat="33.9019921" lon="133.6396523">
    <ele>846.3000000000001</ele>
    <name>Peak (846m)</name>
    <desc>Peak detected at 846m (prominence: 75m)
[Address] 愛媛県四国中央市</desc>
    <sym>Summit</sym>
    <extensions>
      <address:prefecture>愛媛県</address:prefecture>
      <address:city>四国中央市</address:city>
    </extensions>
  </wpt>
  <wpt lat="33.1131437" lon="132.6235455">
    <ele>845.57</ele>
    <name>音無山</name>
    <desc>Peak detected at 846m (prominence: 543m)
[Address] 愛媛県宇和島市</desc>
    <sym>Summit</sym>
    <extensions>
      <address:prefecture>愛媛県</address:prefecture>
      <address:city>宇和島市</address:city>
    </extensions>
  </wpt>
  <wpt lat="33.6828739" lon="132.9084423">
    <ele>845.2599999999999</ele>
    <name>Peak (845m)</name>
    <desc>Peak detected at 845m (prominence: 42m)
[Address] 愛媛県上浮穴郡久万高原町</desc>
    <sym>Summit</sym>
    <extensions>
      <address:prefecture>愛媛県</address:prefecture>
      <address:county>上浮穴郡</address:county>
      <address:city>久万高原町</address:city>
    </extensions>
  </wpt>
  <wpt lat="33.9483028" lon="132.9785604">
    <ele>837.212880782981</ele>
    <name>五葉が森</name>
    <desc>Peak detected at 837m (prominence: 457m)
[Address] 愛媛県今治市</desc>
    <sym>Summit</sym>
    <extensions>
      <address:prefecture>愛媛県</address:prefecture>
      <address:city>今治市</address:city>
    </extensions>
  </wpt>
  <wpt lat="33.5324276" lon="132.7604222">
    <ele>836.1037770875326</ele>
    <name>鎧掛山</name>
    <desc>Peak detected at 836m (prominence: 56m)
[Address] 愛媛県喜多郡内子町</desc>
    <sym>Summit</sym>
    <extensions>
      <address:prefecture>愛媛県</address:prefecture>
      <address:county>喜多郡</address:county>
      <address:city>内子町</address:city>
    </extensions>
  </wpt>
  <wpt lat="33.9710941" lon="133.6468525">
    <ele>833.5256703454279</ele>
    <name>呉石山</name>
    <desc>Peak detected at 834m (prominence: 39m)
[Address] 愛媛県四国中央市林道呉石境目線</desc>
    <sym>Summit</sym>
    <extensions>
      <address:prefecture>愛媛県</address:prefecture>
      <address:city>四国中央市</address:city>
      <address:local>林道呉石境目線</address:local>
    </extensions>
  </wpt>
  <wpt lat="33.8793776" lon="133.3116827">
    <ele>831.0900000000001</ele>
    <name>一の森</name>
    <desc>Peak detected at 831m (prominence: 46m)
[Address] 愛媛県新居浜市市道河又東平線</desc>
    <sym>Summit</sym>
    <extensions>
      <address:prefecture>愛媛県</address:prefecture>
      <address:city>新居浜市</address:city>
      <address:local>市道河又東平線</address:local>
    </extensions>
  </wpt>
  <wpt lat="33.5133814" lon="132.7770265">
    <ele>825.9826876717713</ele>
    <name>高森山</name>
    <desc>Peak detected at 826m (prominence: 85m)
[Address] 愛媛県大洲市河辺町川上</desc>
    <sym>Summit</sym>
    <extensions>
      <address:prefecture>愛媛県</address:prefecture>
      <address:city>大洲市</address:city>
      <address:local>河辺町川上</address:local>
    </extensions>
  </wpt>
  <wpt lat="33.6297301" lon="132.7781689">
    <ele>822.6366666666667</ele>
    <name>コクゾ峰</name>
    <desc>Peak detected at 823m (prominence: 301m)
[Address] 愛媛県伊予郡砥部町</desc>
    <sym>Summit</sym>
    <extensions>
      <address:prefecture>愛媛県</address:prefecture>
      <address:county>伊予郡</address:county>
      <address:city>砥部町</address:city>
    </extensions>
  </wpt>
  <wpt lat="33.5350475" lon="132.4654448">
    <ele>822.6353431394673</ele>
    <name>出石山</name>
    <desc>Peak detected at 823m (prominence: 53m)
[Address] 愛媛県大洲市</desc>
    <sym>Summit</sym>
    <extensions>
      <address:prefecture>愛媛県</address:prefecture>
      <address:city>大洲市</address:city>
    </extensions>
  </wpt>
  <wpt lat="33.9017492" lon="132.9949732">
    <ele>811.0092135228584</ele>
    <name>黒滝山</name>
    <desc>Peak detected at 811m (prominence: 421m)
[Address] 愛媛県西条市丹原町関屋</desc>
    <sym>Summit</sym>
    <extensions>
      <address:prefecture>愛媛県</address:prefecture>
      <address:city>西条市</address:city>
      <address:local>丹原町関屋</address:local>
    </extensions>
  </wpt>
  <wpt lat="33.034531" lon="132.6236886">
    <ele>806.4699999999999</ele>
    <name>観音森</name>
    <desc>Peak detected at 806m (prominence: 109m)
[Address] 愛媛県南宇和郡愛南町山出林道</desc>
    <sym>Summit</sym>
    <extensions>
      <address:prefecture>愛媛県</address:prefecture>
      <address:county>南宇和郡</address:county>
      <address:city>愛南町</address:city>
      <address:local>山出林道</address:local>
    </extensions>
  </wpt>
  <wpt lat="33.7502454" lon="132.9097454">
    <ele>801.5633333333334</ele>
    <name>鍵山（象ヶ森）</name>
    <desc>Peak detected at 802m (prominence: 383m)
[Address] 愛媛県東温市</desc>
    <sym>Summit</sym>
    <extensions>
      <address:prefecture>愛媛県</address:prefecture>
      <address:city>東温市</address:city>
    </extensions>
  </wpt>
  <wpt lat="33.525575" lon="132.750723">
    <ele>798.325694253476</ele>
    <name>Peak (798m)</name>
    <desc>Peak detected at 798m (prominence: 31m)
[Address] 愛媛県喜多郡大洲市池田川崎線</desc>
    <sym>Summit</sym>
    <extensions>
      <address:prefecture>愛媛県</address:prefecture>
      <address:county>喜多郡</address:county>
      <address:city>大洲市</address:city>
      <address:local>池田川崎線</address:local>
    </extensions>
  </wpt>
  <wpt lat="33.3926301" lon="132.5594513">
    <ele>791.2866666666665</ele>
    <name>大判山</name>
    <desc>Peak detected at 791m (prominence: 438m)
[Address] 愛媛県西予市宇和町窪</desc>
    <sym>Summit</sym>
    <extensions>
      <address:prefecture>愛媛県</address:prefecture>
      <address:city>西予市</address:city>
      <address:local>宇和町窪</address:local>
    </extensions>
  </wpt>
  <wpt lat="33.5358155" lon="132.4487801">
    <ele>791.270282533162</ele>
    <name>浄心山</name>
    <desc>Peak detected at 791m (prominence: 780m)
[Address] 愛媛県大洲市</desc>
    <sym>Summit</sym>
    <extensions>
      <address:prefecture>愛媛県</address:prefecture>
      <address:city>大洲市</address:city>
    </extensions>
  </wpt>
  <wpt lat="33.0210963" lon="132.6156053">
    <ele>784.9416257231666</ele>
    <name>Peak (785m)</name>
    <desc>Peak detected at 785m (prominence: 87m)
[Address] 愛媛県南宇和郡愛南町緑丙</desc>
    <sym>Summit</sym>
    <extensions>
      <address:prefecture>愛媛県</address:prefecture>
      <address:county>南宇和郡</address:county>
      <address:city>愛南町</address:city>
      <address:local>緑丙</address:local>
    </extensions>
  </wpt>
  <wpt lat="33.5225161" lon="132.4288807">
    <ele>782.4408357907463</ele>
    <name>銅が鳴</name>
    <desc>Peak detected at 782m (prominence: 222m)
[Address] 愛媛県八幡浜市</desc>
    <sym>Summit</sym>
    <extensions>
      <address:prefecture>愛媛県</address:prefecture>
      <address:city>八幡浜市</address:city>
    </extensions>
  </wpt>
  <wpt lat="33.0342378" lon="132.5322872">
    <ele>780.6233333333334</ele>
    <name>観音岳</name>
    <desc>Peak detected at 781m (prominence: 62m)
[Address] 愛媛県宇和島市緑資源幹線林道　広見・篠川線　小岩道・鳥越区間</desc>
    <sym>Summit</sym>
    <extensions>
      <address:prefecture>愛媛県</address:prefecture>
      <address:city>宇和島市</address:city>
      <address:local>緑資源幹線林道　広見・篠川線　小岩道・鳥越区間</address:local>
    </extensions>
  </wpt>
  <wpt lat="33.9422285" lon="132.9779374">
    <ele>778.4133333333334</ele>
    <name>Peak (778m)</name>
    <desc>Peak detected at 778m (prominence: 32m)
[Address] 愛媛県今治市玉川町木地</desc>
    <sym>Summit</sym>
    <extensions>
      <address:prefecture>愛媛県</address:prefecture>
      <address:city>今治市</address:city>
      <address:local>玉川町木地</address:local>
    </extensions>
  </wpt>
  <wpt lat="33.6581301" lon="132.974538">
    <ele>769.7933333333334</ele>
    <name>岩屋山</name>
    <desc>Peak detected at 770m (prominence: 316m)
[Address] 愛媛県上浮穴郡久万高原町西条久万線</desc>
    <sym>Summit</sym>
    <extensions>
      <address:prefecture>愛媛県</address:prefecture>
      <address:county>上浮穴郡</address:county>
      <address:city>久万高原町</address:city>
      <address:local>西条久万線</address:local>
    </extensions>
  </wpt>
  <wpt lat="33.7374797" lon="133.0312873">
    <ele>766.7766666666666</ele>
    <name>Peak (767m)</name>
    <desc>Peak detected at 767m (prominence: 58m)
[Address] 愛媛県上浮穴郡久万高原町笠方</desc>
    <sym>Summit</sym>
    <extensions>
      <address:prefecture>愛媛県</address:prefecture>
      <address:county>上浮穴郡</address:county>
      <address:city>久万高原町</address:city>
      <address:local>笠方</address:local>
    </extensions>
  </wpt>
  <wpt lat="33.2597751" lon="132.6071981">
    <ele>760.3519951848507</ele>
    <name>泉ガ森</name>
    <desc>Peak detected at 760m (prominence: 163m)
[Address] 愛媛県宇和島市柿原</desc>
    <sym>Summit</sym>
    <extensions>
      <address:prefecture>愛媛県</address:prefecture>
      <address:city>宇和島市</address:city>
      <address:local>柿原</address:local>
    </extensions>
  </wpt>
  <wpt lat="33.5381203" lon="132.4689665">
    <ele>756.9766666666668</ele>
    <name>Peak (757m)</name>
    <desc>Peak detected at 757m (prominence: 32m)
[Address] 愛媛県大洲市</desc>
    <sym>Summit</sym>
    <extensions>
      <address:prefecture>愛媛県</address:prefecture>
      <address:city>大洲市</address:city>
    </extensions>
  </wpt>
  <wpt lat="33.9835402" lon="133.681909">
    <ele>753.8057910293684</ele>
    <name>峰畑山</name>
    <desc>Peak detected at 754m (prominence: 53m)
[Address] 徳島県三好市山城町佐連</desc>
    <sym>Summit</sym>
    <extensions>
      <address:prefecture>徳島県</address:prefecture>
      <address:city>三好市</address:city>
      <address:local>山城町佐連</address:local>
    </extensions>
  </wpt>
  <wpt lat="33.5171137" lon="132.7257366">
    <ele>737.4383606793477</ele>
    <name>Peak (737m)</name>
    <desc>Peak detected at 737m (prominence: 67m)
[Address] 愛媛県大洲市</desc>
    <sym>Summit</sym>
    <extensions>
      <address:prefecture>愛媛県</address:prefecture>
      <address:city>大洲市</address:city>
    </extensions>
  </wpt>
  <wpt lat="33.6808914" lon="132.7938736">
    <ele>734.4240556679409</ele>
    <name>Peak (734m)</name>
    <desc>Peak detected at 734m (prominence: 318m)
[Address] 愛媛県伊予郡砥部町玉谷</desc>
    <sym>Summit</sym>
    <extensions>
      <address:prefecture>愛媛県</address:prefecture>
      <address:county>伊予郡</address:county>
      <address:city>砥部町</address:city>
      <address:local>玉谷</address:local>
    </extensions>
  </wpt>
  <wpt lat="33.6137407" lon="132.5447284">
    <ele>733.0708946789382</ele>
    <name>滝山</name>
    <desc>Peak detected at 733m (prominence: 31m)
[Address] 愛媛県大洲市長浜町今坊</desc>
    <sym>Summit</sym>
    <extensions>
      <address:prefecture>愛媛県</address:prefecture>
      <address:city>大洲市</address:city>
      <address:local>長浜町今坊</address:local>
    </extensions>
  </wpt>
  <wpt lat="33.7134297" lon="132.824108">
    <ele>731.4733333333334</ele>
    <name>遠ヶ森</name>
    <desc>Peak detected at 731m (prominence: 193m)
[Address] 愛媛県松山市久谷町</desc>
    <sym>Summit</sym>
    <extensions>
      <address:prefecture>愛媛県</address:prefecture>
      <address:city>松山市</address:city>
      <address:local>久谷町</address:local>
    </extensions>
  </wpt>
  <wpt lat="33.0274144" lon="132.6396303">
    <ele>725.5</ele>
    <name>羽子山</name>
    <desc>Peak detected at 726m (prominence: 48m)
[Address] 愛媛県南宇和郡愛南町</desc>
    <sym>Summit</sym>
    <extensions>
      <address:prefecture>愛媛県</address:prefecture>
      <address:county>南宇和郡</address:county>
      <address:city>愛南町</address:city>
    </extensions>
  </wpt>
  <wpt lat="33.8423734" lon="132.8811963">
    <ele>719.2533333333334</ele>
    <name>岩伽羅山</name>
    <desc>Peak detected at 719m (prominence: 562m)
[Address] 愛媛県東温市樋口</desc>
    <sym>Summit</sym>
    <extensions>
      <address:prefecture>愛媛県</address:prefecture>
      <address:city>東温市</address:city>
      <address:local>樋口</address:local>
    </extensions>
  </wpt>
  <wpt lat="33.6509595" lon="132.7915875">
    <ele>711</ele>
    <name>笠成山</name>
    <desc>Peak detected at 711m (prominence: 317m)
[Address] 愛媛県伊予郡砥部町中野川</desc>
    <sym>Summit</sym>
    <extensions>
      <address:prefecture>愛媛県</address:prefecture>
      <address:county>伊予郡</address:county>
      <address:city>砥部町</address:city>
      <address:local>中野川</address:local>
    </extensions>
  </wpt>
  <wpt lat="33.5174638" lon="132.6333302">
    <ele>708.9699999999999</ele>
    <name>五十崎神南山</name>
    <desc>Peak detected at 709m (prominence: 571m)
[Address] 愛媛県喜多郡内子町</desc>
    <sym>Summit</sym>
    <extensions>
      <address:prefecture>愛媛県</address:prefecture>
      <address:county>喜多郡</address:county>
      <address:city>内子町</address:city>
    </extensions>
  </wpt>
  <wpt lat="33.6848511" lon="132.7812374">
    <ele>707.7550916004999</ele>
    <name>水梨山</name>
    <desc>Peak detected at 708m (prominence: 139m)
[Address] 愛媛県伊予郡砥部町</desc>
    <sym>Summit</sym>
    <extensions>
      <address:prefecture>愛媛県</address:prefecture>
      <address:county>伊予郡</address:county>
      <address:city>砥部町</address:city>
    </extensions>
  </wpt>
  <wpt lat="33.6062894" lon="132.5155614">
    <ele>697.5172644320495</ele>
    <name>Peak (698m)</name>
    <desc>Peak detected at 698m (prominence: 195m)
[Address] 愛媛県大洲市長浜町大越</desc>
    <sym>Summit</sym>
    <extensions>
      <address:prefecture>愛媛県</address:prefecture>
      <address:city>大洲市</address:city>
      <address:local>長浜町大越</address:local>
    </extensions>
  </wpt>
  <wpt lat="33.654334" lon="132.6895797">
    <ele>694.3566666666667</ele>
    <name>黒岩岳</name>
    <desc>Peak detected at 694m (prominence: 435m)
[Address] 愛媛県伊予市中山町中山</desc>
    <sym>Summit</sym>
    <extensions>
      <address:prefecture>愛媛県</address:prefecture>
      <address:city>伊予市</address:city>
      <address:local>中山町中山</address:local>
    </extensions>
  </wpt>
  <wpt lat="33.6926089" lon="132.8062765">
    <ele>694.2914342760145</ele>
    <name>向山</name>
    <desc>Peak detected at 694m (prominence: 290m)
[Address] 愛媛県伊予郡砥部町</desc>
    <sym>Summit</sym>
    <extensions>
      <address:prefecture>愛媛県</address:prefecture>
      <address:county>伊予郡</address:county>
      <address:city>砥部町</address:city>
    </extensions>
  </wpt>
  <wpt lat="33.54274" lon="132.4754911">
    <ele>681.2333333333333</ele>
    <name>牛の峰</name>
    <desc>Peak detected at 681m (prominence: 34m)
[Address] 愛媛県大洲市</desc>
    <sym>Summit</sym>
    <extensions>
      <address:prefecture>愛媛県</address:prefecture>
      <address:city>大洲市</address:city>
    </extensions>
  </wpt>
  <wpt lat="33.8503146" lon="132.9103674">
    <ele>676.7066666666667</ele>
    <name>十門山</name>
    <desc>Peak detected at 677m (prominence: 54m)
[Address] 愛媛県東温市</desc>
    <sym>Summit</sym>
    <extensions>
      <address:prefecture>愛媛県</address:prefecture>
      <address:city>東温市</address:city>
    </extensions>
  </wpt>
  <wpt lat="33.6034415" lon="132.6564373">
    <ele>676.61</ele>
    <name>船ヶ迫岳</name>
    <desc>Peak detected at 677m (prominence: 519m)
[Address] 愛媛県喜多郡内子町</desc>
    <sym>Summit</sym>
    <extensions>
      <address:prefecture>愛媛県</address:prefecture>
      <address:county>喜多郡</address:county>
      <address:city>内子町</address:city>
    </extensions>
  </wpt>
  <wpt lat="33.6204803" lon="132.6529617">
    <ele>669.23</ele>
    <name>鎌倉山</name>
    <desc>Peak detected at 669m (prominence: 99m)
[Address] 愛媛県伊予市</desc>
    <sym>Summit</sym>
    <extensions>
      <address:prefecture>愛媛県</address:prefecture>
      <address:city>伊予市</address:city>
    </extensions>
  </wpt>
  <wpt lat="33.4376592" lon="132.6335849">
    <ele>665.1833333333333</ele>
    <name>御在所山</name>
    <desc>Peak detected at 665m (prominence: 279m)
[Address] 愛媛県大洲市</desc>
    <sym>Summit</sym>
    <extensions>
      <address:prefecture>愛媛県</address:prefecture>
      <address:city>大洲市</address:city>
    </extensions>
  </wpt>
  <wpt lat="33.0072084" lon="132.5866268">
    <ele>651.8438770113412</ele>
    <name>白石山</name>
    <desc>Peak detected at 652m (prominence: 312m)
[Address] 愛媛県南宇和郡愛南町</desc>
    <sym>Summit</sym>
    <extensions>
      <address:prefecture>愛媛県</address:prefecture>
      <address:county>南宇和郡</address:county>
      <address:city>愛南町</address:city>
    </extensions>
  </wpt>
  <wpt lat="33.5194593" lon="132.6057323">
    <ele>649.24</ele>
    <name>新谷神南山</name>
    <desc>Peak detected at 649m (prominence: 150m)
[Address] 愛媛県大洲市新谷町</desc>
    <sym>Summit</sym>
    <extensions>
      <address:prefecture>愛媛県</address:prefecture>
      <address:city>大洲市</address:city>
      <address:local>新谷町</address:local>
    </extensions>
  </wpt>
  <wpt lat="33.590232" lon="132.798511">
    <ele>649.16</ele>
    <name>登議城山</name>
    <desc>Peak detected at 649m (prominence: 467m)
[Address] 愛媛県喜多郡内子町日野川</desc>
    <sym>Summit</sym>
    <extensions>
      <address:prefecture>愛媛県</address:prefecture>
      <address:county>喜多郡</address:county>
      <address:city>内子町</address:city>
      <address:local>日野川</address:local>
    </extensions>
  </wpt>
  <wpt lat="33.4130019" lon="132.7969092">
    <ele>646.7704243218062</ele>
    <name>三滝山</name>
    <desc>Peak detected at 647m (prominence: 224m)
[Address] 愛媛県西予市城川町窪野</desc>
    <sym>Summit</sym>
    <extensions>
      <address:prefecture>愛媛県</address:prefecture>
      <address:city>西予市</address:city>
      <address:local>城川町窪野</address:local>
    </extensions>
  </wpt>
  <wpt lat="33.6157929" lon="132.5364783">
    <ele>646.4861527563789</ele>
    <name>足山</name>
    <desc>Peak detected at 646m (prominence: 30m)
[Address] 愛媛県大洲市長浜町今坊</desc>
    <sym>Summit</sym>
    <extensions>
      <address:prefecture>愛媛県</address:prefecture>
      <address:city>大洲市</address:city>
      <address:local>長浜町今坊</address:local>
    </extensions>
  </wpt>
  <wpt lat="33.7661685" lon="132.9049612">
    <ele>646.4833333333332</ele>
    <name>大磨山</name>
    <desc>Peak detected at 646m (prominence: 152m)
[Address] 愛媛県東温市</desc>
    <sym>Summit</sym>
    <extensions>
      <address:prefecture>愛媛県</address:prefecture>
      <address:city>東温市</address:city>
    </extensions>
  </wpt>
  <wpt lat="33.7646004" lon="132.900658">
    <ele>643.7166666666667</ele>
    <name>ケタ山</name>
    <desc>Peak detected at 644m (prominence: 30m)
[Address] 愛媛県東温市</desc>
    <sym>Summit</sym>
    <extensions>
      <address:prefecture>愛媛県</address:prefecture>
      <address:city>東温市</address:city>
    </extensions>
  </wpt>
  <wpt lat="33.4309452" lon="132.482212">
    <ele>642.6</ele>
    <name>大畑山</name>
    <desc>Peak detected at 643m (prominence: 328m)
[Address] 愛媛県西予市宇和町伊延</desc>
    <sym>Summit</sym>
    <extensions>
      <address:prefecture>愛媛県</address:prefecture>
      <address:city>西予市</address:city>
      <address:local>宇和町伊延</address:local>
    </extensions>
  </wpt>
  <wpt lat="33.6988091" lon="132.6831717">
    <ele>632.3133333333334</ele>
    <name>Peak (632m)</name>
    <desc>Peak detected at 632m (prominence: 627m)
[Address] 愛媛県伊予市双海町高野川</desc>
    <sym>Summit</sym>
    <extensions>
      <address:prefecture>愛媛県</address:prefecture>
      <address:city>伊予市</address:city>
      <address:local>双海町高野川</address:local>
    </extensions>
  </wpt>
  <wpt lat="33.3270345" lon="132.5414704">
    <ele>631.8566666666667</ele>
    <name>Peak (632m)</name>
    <desc>Peak detected at 632m (prominence: 244m)
[Address] 愛媛県宇和島市</desc>
    <sym>Summit</sym>
    <extensions>
      <address:prefecture>愛媛県</address:prefecture>
      <address:city>宇和島市</address:city>
    </extensions>
  </wpt>
  <wpt lat="33.8233656" lon="132.9413939">
    <ele>630.2399999999999</ele>
    <name>皿ヶ森</name>
    <desc>Peak detected at 630m (prominence: 32m)
[Address] 愛媛県東温市松瀬川</desc>
    <sym>Summit</sym>
    <extensions>
      <address:prefecture>愛媛県</address:prefecture>
      <address:city>東温市</address:city>
      <address:local>松瀬川</address:local>
    </extensions>
  </wpt>
  <wpt lat="33.887339" lon="132.9480065">
    <ele>628.7666666666668</ele>
    <name>Peak (629m)</name>
    <desc>Peak detected at 629m (prominence: 32m)
[Address] 愛媛県東温市</desc>
    <sym>Summit</sym>
    <extensions>
      <address:prefecture>愛媛県</address:prefecture>
      <address:city>東温市</address:city>
    </extensions>
  </wpt>
  <wpt lat="33.692167" lon="132.6731896">
    <ele>627.2966666666666</ele>
    <name>明神山</name>
    <desc>Peak detected at 627m (prominence: 126m)
[Address] 愛媛県伊予市双海町高野川</desc>
    <sym>Summit</sym>
    <extensions>
      <address:prefecture>愛媛県</address:prefecture>
      <address:city>伊予市</address:city>
      <address:local>双海町高野川</address:local>
    </extensions>
  </wpt>
  <wpt lat="33.5995314" lon="132.5168274">
    <ele>626.9591280717788</ele>
    <name>皿が森</name>
    <desc>Peak detected at 627m (prominence: 61m)
[Address] 愛媛県大洲市長浜町大越</desc>
    <sym>Summit</sym>
    <extensions>
      <address:prefecture>愛媛県</address:prefecture>
      <address:city>大洲市</address:city>
      <address:local>長浜町大越</address:local>
    </extensions>
  </wpt>
  <wpt lat="33.4883211" lon="132.4618686">
    <ele>624.4499999999999</ele>
    <name>鞍掛山</name>
    <desc>Peak detected at 624m (prominence: 429m)
[Address] 愛媛県八幡浜市</desc>
    <sym>Summit</sym>
    <extensions>
      <address:prefecture>愛媛県</address:prefecture>
      <address:city>八幡浜市</address:city>
    </extensions>
  </wpt>
  <wpt lat="33.454717" lon="132.7240857">
    <ele>622.8707379152734</ele>
    <name>岳山</name>
    <desc>Peak detected at 623m (prominence: 31m)
[Address] 愛媛県西予市</desc>
    <sym>Summit</sym>
    <extensions>
      <address:prefecture>愛媛県</address:prefecture>
      <address:city>西予市</address:city>
    </extensions>
  </wpt>
  <wpt lat="33.6266981" lon="132.6808191">
    <ele>620.0533333333333</ele>
    <name>陣が森岳</name>
    <desc>Peak detected at 620m (prominence: 254m)
[Address] 愛媛県伊予市</desc>
    <sym>Summit</sym>
    <extensions>
      <address:prefecture>愛媛県</address:prefecture>
      <address:city>伊予市</address:city>
    </extensions>
  </wpt>
  <wpt lat="33.9386003" lon="133.5857961">
    <ele>617.3566666666667</ele>
    <name>白木山</name>
    <desc>Peak detected at 617m (prominence: 337m)
[Address] 愛媛県四国中央市金砂町小川山</desc>
    <sym>Summit</sym>
    <extensions>
      <address:prefecture>愛媛県</address:prefecture>
      <address:city>四国中央市</address:city>
      <address:local>金砂町小川山</address:local>
    </extensions>
  </wpt>
  <wpt lat="33.9725881" lon="132.924821">
    <ele>616.4333333333334</ele>
    <name>Peak (616m)</name>
    <desc>Peak detected at 616m (prominence: 438m)
[Address] 愛媛県今治市</desc>
    <sym>Summit</sym>
    <extensions>
      <address:prefecture>愛媛県</address:prefecture>
      <address:city>今治市</address:city>
    </extensions>
  </wpt>
  <wpt lat="33.4530897" lon="132.7168465">
    <ele>605.2468947172716</ele>
    <name>一ヶ森</name>
    <desc>Peak detected at 605m (prominence: 45m)
[Address] 愛媛県西予市</desc>
    <sym>Summit</sym>
    <extensions>
      <address:prefecture>愛媛県</address:prefecture>
      <address:city>西予市</address:city>
    </extensions>
  </wpt>
  <wpt lat="33.7736953" lon="132.9019215">
    <ele>600.8033333333334</ele>
    <name>番駄ヶ森</name>
    <desc>Peak detected at 601m (prominence: 31m)
[Address] 愛媛県東温市南方</desc>
    <sym>Summit</sym>
    <extensions>
      <address:prefecture>愛媛県</address:prefecture>
      <address:city>東温市</address:city>
      <address:local>南方</address:local>
    </extensions>
  </wpt>
  <wpt lat="33.6093279" lon="132.8006087">
    <ele>599.1233333333333</ele>
    <name>池ノ城山</name>
    <desc>Peak detected at 599m (prominence: 401m)
[Address] 愛媛県喜多郡内子町</desc>
    <sym>Summit</sym>
    <extensions>
      <address:prefecture>愛媛県</address:prefecture>
      <address:county>喜多郡</address:county>
      <address:city>内子町</address:city>
    </extensions>
  </wpt>
  <wpt lat="33.8761667" lon="132.9651395">
    <ele>598.0666666666667</ele>
    <name>Peak (598m)</name>
    <desc>Peak detected at 598m (prominence: 43m)
[Address] 愛媛県西条市丹原町関屋</desc>
    <sym>Summit</sym>
    <extensions>
      <address:prefecture>愛媛県</address:prefecture>
      <address:city>西条市</address:city>
      <address:local>丹原町関屋</address:local>
    </extensions>
  </wpt>
  <wpt lat="33.3653822" lon="132.4528183">
    <ele>592.0266666666666</ele>
    <name>堂所山</name>
    <desc>Peak detected at 592m (prominence: 130m)
[Address] 愛媛県西予市宇和町山田</desc>
    <sym>Summit</sym>
    <extensions>
      <address:prefecture>愛媛県</address:prefecture>
      <address:city>西予市</address:city>
      <address:local>宇和町山田</address:local>
    </extensions>
  </wpt>
  <wpt lat="34.0123819" lon="133.6793921">
    <ele>591.7966666666667</ele>
    <name>木峰</name>
    <desc>Peak detected at 592m (prominence: 186m)
[Address] 徳島県三好市大野原町海老済</desc>
    <sym>Summit</sym>
    <extensions>
      <address:prefecture>徳島県</address:prefecture>
      <address:city>三好市</address:city>
      <address:local>大野原町海老済</address:local>
    </extensions>
  </wpt>
  <wpt lat="33.6968367" lon="132.7954997">
    <ele>589.8691282114027</ele>
    <name>Peak (590m)</name>
    <desc>Peak detected at 590m (prominence: 109m)
[Address] 愛媛県伊予郡砥部町</desc>
    <sym>Summit</sym>
    <extensions>
      <address:prefecture>愛媛県</address:prefecture>
      <address:county>伊予郡</address:county>
      <address:city>砥部町</address:city>
    </extensions>
  </wpt>
  <wpt lat="34.0275511" lon="133.6441984">
    <ele>589.3233333333334</ele>
    <name>五郎丸</name>
    <desc>Peak detected at 589m (prominence: 161m)
[Address] 愛媛県四国中央市金生町山田井</desc>
    <sym>Summit</sym>
    <extensions>
      <address:prefecture>愛媛県</address:prefecture>
      <address:city>四国中央市</address:city>
      <address:local>金生町山田井</address:local>
    </extensions>
  </wpt>
  <wpt lat="34.0272665" lon="133.6616846">
    <ele>585.22</ele>
    <name>高丸</name>
    <desc>Peak detected at 585m (prominence: 85m)
[Address] 愛媛県四国中央市金生町山田井</desc>
    <sym>Summit</sym>
    <extensions>
      <address:prefecture>愛媛県</address:prefecture>
      <address:city>四国中央市</address:city>
      <address:local>金生町山田井</address:local>
    </extensions>
  </wpt>
  <wpt lat="33.384401" lon="132.5180668">
    <ele>583.88</ele>
    <name>烏殿</name>
    <desc>Peak detected at 584m (prominence: 368m)
[Address] 愛媛県西予市宇和町常定寺</desc>
    <sym>Summit</sym>
    <extensions>
      <address:prefecture>愛媛県</address:prefecture>
      <address:city>西予市</address:city>
      <address:local>宇和町常定寺</address:local>
    </extensions>
  </wpt>
  <wpt lat="33.7246538" lon="132.8569052">
    <ele>583.6133333333333</ele>
    <name>真城ヶ台</name>
    <desc>Peak detected at 584m (prominence: 285m)
[Address] 愛媛県松山市窪野町</desc>
    <sym>Summit</sym>
    <extensions>
      <address:prefecture>愛媛県</address:prefecture>
      <address:city>松山市</address:city>
      <address:local>窪野町</address:local>
    </extensions>
  </wpt>
  <wpt lat="33.8560644" lon="132.8432176">
    <ele>573.7066666666666</ele>
    <name>関ヶ森</name>
    <desc>Peak detected at 574m (prominence: 476m)
[Address] 愛媛県松山市杉立町</desc>
    <sym>Summit</sym>
    <extensions>
      <address:prefecture>愛媛県</address:prefecture>
      <address:city>松山市</address:city>
      <address:local>杉立町</address:local>
    </extensions>
  </wpt>
  <wpt lat="33.5055365" lon="132.6868759">
    <ele>572.4394591518229</ele>
    <name>大迫山</name>
    <desc>Peak detected at 572m (prominence: 210m)
[Address] 愛媛県喜多郡大洲市</desc>
    <sym>Summit</sym>
    <extensions>
      <address:prefecture>愛媛県</address:prefecture>
      <address:county>喜多郡</address:county>
      <address:city>大洲市</address:city>
    </extensions>
  </wpt>
  <wpt lat="33.9047167" lon="133.3174422">
    <ele>571.1733333333333</ele>
    <name>犬返</name>
    <desc>Peak detected at 571m (prominence: 43m)
[Address] 愛媛県新居浜市</desc>
    <sym>Summit</sym>
    <extensions>
      <address:prefecture>愛媛県</address:prefecture>
      <address:city>新居浜市</address:city>
    </extensions>
  </wpt>
  <wpt lat="33.3425963" lon="132.4607227">
    <ele>559.4133333333333</ele>
    <name>極山</name>
    <desc>Peak detected at 559m (prominence: 98m)
[Address] 愛媛県西予市宇和町野田</desc>
    <sym>Summit</sym>
    <extensions>
      <address:prefecture>愛媛県</address:prefecture>
      <address:city>西予市</address:city>
      <address:local>宇和町野田</address:local>
    </extensions>
  </wpt>
  <wpt lat="33.8843866" lon="132.8629961">
    <ele>543.3533333333334</ele>
    <name>柿王寺森</name>
    <desc>Peak detected at 543m (prominence: 182m)
[Address] 愛媛県松山市川の郷町</desc>
    <sym>Summit</sym>
    <extensions>
      <address:prefecture>愛媛県</address:prefecture>
      <address:city>松山市</address:city>
      <address:local>川の郷町</address:local>
    </extensions>
  </wpt>
  <wpt lat="33.3475127" lon="132.4815915">
    <ele>542.5079186549784</ele>
    <name>竜王の峰</name>
    <desc>Peak detected at 543m (prominence: 90m)
[Address] 愛媛県西予市宇和町野田</desc>
    <sym>Summit</sym>
    <extensions>
      <address:prefecture>愛媛県</address:prefecture>
      <address:city>西予市</address:city>
      <address:local>宇和町野田</address:local>
    </extensions>
  </wpt>
  <wpt lat="33.8887442" lon="132.8659698">
    <ele>538.9699999999999</ele>
    <name>真松嶺</name>
    <desc>Peak detected at 539m (prominence: 37m)
[Address] 愛媛県松山市河中町</desc>
    <sym>Summit</sym>
    <extensions>
      <address:prefecture>愛媛県</address:prefecture>
      <address:city>松山市</address:city>
      <address:local>河中町</address:local>
    </extensions>
  </wpt>
  <wpt lat="33.9890249" lon="132.8891658">
    <ele>532.4466666666667</ele>
    <name>陣が森</name>
    <desc>Peak detected at 532m (prominence: 174m)
[Address] 愛媛県今治市</desc>
    <sym>Summit</sym>
    <extensions>
      <address:prefecture>愛媛県</address:prefecture>
      <address:city>今治市</address:city>
    </extensions>
  </wpt>
  <wpt lat="33.6910161" lon="132.6669514">
    <ele>530.1166666666667</ele>
    <name>立烏帽子山</name>
    <desc>Peak detected at 530m (prominence: 55m)
[Address] 愛媛県伊予市</desc>
    <sym>Summit</sym>
    <extensions>
      <address:prefecture>愛媛県</address:prefecture>
      <address:city>伊予市</address:city>
    </extensions>
  </wpt>
  <wpt lat="33.7794142" lon="132.9091359">
    <ele>522.6766666666666</ele>
    <name>塩ヶ森</name>
    <desc>Peak detected at 523m (prominence: 37m)
[Address] 愛媛県東温市</desc>
    <sym>Summit</sym>
    <extensions>
      <address:prefecture>愛媛県</address:prefecture>
      <address:city>東温市</address:city>
    </extensions>
  </wpt>
  <wpt lat="33.8680685" lon="133.1174852">
    <ele>516.7233333333334</ele>
    <name>綱付山</name>
    <desc>Peak detected at 517m (prominence: 133m)
[Address] 愛媛県西条市小松町新屋敷</desc>
    <sym>Summit</sym>
    <extensions>
      <address:prefecture>愛媛県</address:prefecture>
      <address:city>西条市</address:city>
      <address:local>小松町新屋敷</address:local>
    </extensions>
  </wpt>
  <wpt lat="33.7190577" lon="132.7591133">
    <ele>510.2597700981308</ele>
    <name>Peak (510m)</name>
    <desc>Peak detected at 510m (prominence: 92m)
[Address] 愛媛県伊予郡伊予市鵜崎</desc>
    <sym>Summit</sym>
    <extensions>
      <address:prefecture>愛媛県</address:prefecture>
      <address:county>伊予郡</address:county>
      <address:city>伊予市</address:city>
      <address:local>鵜崎</address:local>
    </extensions>
  </wpt>
  <wpt lat="33.9910002" lon="132.9850803">
    <ele>507.77</ele>
    <name>天道ヶ頭</name>
    <desc>Peak detected at 508m (prominence: 339m)
[Address] 愛媛県今治市</desc>
    <sym>Summit</sym>
    <extensions>
      <address:prefecture>愛媛県</address:prefecture>
      <address:city>今治市</address:city>
    </extensions>
  </wpt>
  <wpt lat="33.8922068" lon="132.8273765">
    <ele>505.77666666666664</ele>
    <name>ヌタノサコ</name>
    <desc>Peak detected at 506m (prominence: 359m)
[Address] 愛媛県松山市湯山柳</desc>
    <sym>Summit</sym>
    <extensions>
      <address:prefecture>愛媛県</address:prefecture>
      <address:city>松山市</address:city>
      <address:local>湯山柳</address:local>
    </extensions>
  </wpt>
  <wpt lat="34.0356467" lon="133.6297572">
    <ele>503.24333333333334</ele>
    <name>大谷山</name>
    <desc>Peak detected at 503m (prominence: 67m)
[Address] 香川県観音寺市大野原町田野々</desc>
    <sym>Summit</sym>
    <extensions>
      <address:prefecture>香川県</address:prefecture>
      <address:city>観音寺市</address:city>
      <address:local>大野原町田野々</address:local>
    </extensions>
  </wpt>
  <wpt lat="33.1592369" lon="132.4691277">
    <ele>498.7563056512352</ele>
    <name>Peak (499m)</name>
    <desc>Peak detected at 499m (prominence: 492m)
[Address] 愛媛県宇和島市津島町北灘</desc>
    <sym>Summit</sym>
    <extensions>
      <address:prefecture>愛媛県</address:prefecture>
      <address:city>宇和島市</address:city>
      <address:local>津島町北灘</address:local>
    </extensions>
  </wpt>
  <wpt lat="32.9252175" lon="132.4855806">
    <ele>497.2277182534487</ele>
    <name>Peak (497m)</name>
    <desc>Peak detected at 497m (prominence: 337m)
[Address] 愛媛県南宇和郡愛南町中泊</desc>
    <sym>Summit</sym>
    <extensions>
      <address:prefecture>愛媛県</address:prefecture>
      <address:county>南宇和郡</address:county>
      <address:city>愛南町</address:city>
      <address:local>中泊</address:local>
    </extensions>
  </wpt>
  <wpt lat="33.5112211" lon="132.3821763">
    <ele>496.59999999999997</ele>
    <name>雨乞山</name>
    <desc>Peak detected at 497m (prominence: 322m)
[Address] 愛媛県八幡浜市</desc>
    <sym>Summit</sym>
    <extensions>
      <address:prefecture>愛媛県</address:prefecture>
      <address:city>八幡浜市</address:city>
    </extensions>
  </wpt>
  <wpt lat="33.8382073" lon="132.8403915">
    <ele>495.64000000000004</ele>
    <name>Peak (496m)</name>
    <desc>Peak detected at 496m (prominence: 42m)
[Address] 愛媛県松山市平井町</desc>
    <sym>Summit</sym>
    <extensions>
      <address:prefecture>愛媛県</address:prefecture>
      <address:city>松山市</address:city>
      <address:local>平井町</address:local>
    </extensions>
  </wpt>
  <wpt lat="33.7235493" lon="132.7563447">
    <ele>485.20803085647475</ele>
    <name>白滝山</name>
    <desc>Peak detected at 485m (prominence: 37m)
[Address] 愛媛県伊予郡伊予市鵜崎</desc>
    <sym>Summit</sym>
    <extensions>
      <address:prefecture>愛媛県</address:prefecture>
      <address:county>伊予郡</address:county>
      <address:city>伊予市</address:city>
      <address:local>鵜崎</address:local>
    </extensions>
  </wpt>
  <wpt lat="33.6953574" lon="132.7931539">
    <ele>478.48019710501103</ele>
    <name>Peak (478m)</name>
    <desc>Peak detected at 478m (prominence: 50m)
[Address] 愛媛県伊予郡砥部町</desc>
    <sym>Summit</sym>
    <extensions>
      <address:prefecture>愛媛県</address:prefecture>
      <address:county>伊予郡</address:county>
      <address:city>砥部町</address:city>
    </extensions>
  </wpt>
  <wpt lat="33.5634523" lon="132.4596426">
    <ele>477.8922286451063</ele>
    <name>張木山</name>
    <desc>Peak detected at 478m (prominence: 458m)
[Address] 愛媛県大洲市豊茂</desc>
    <sym>Summit</sym>
    <extensions>
      <address:prefecture>愛媛県</address:prefecture>
      <address:city>大洲市</address:city>
      <address:local>豊茂</address:local>
    </extensions>
  </wpt>
  <wpt lat="33.8666424" lon="133.106705">
    <ele>477.85999999999996</ele>
    <name>幻城上城</name>
    <desc>Peak detected at 478m (prominence: 76m)
[Address] 愛媛県西条市</desc>
    <sym>Summit</sym>
    <extensions>
      <address:prefecture>愛媛県</address:prefecture>
      <address:city>西条市</address:city>
    </extensions>
  </wpt>
  <wpt lat="33.5944697" lon="132.4784739">
    <ele>472.13310176947385</ele>
    <name>斎藤山</name>
    <desc>Peak detected at 472m (prominence: 225m)
[Address] 愛媛県大洲市長浜町穂積</desc>
    <sym>Summit</sym>
    <extensions>
      <address:prefecture>愛媛県</address:prefecture>
      <address:city>大洲市</address:city>
      <address:local>長浜町穂積</address:local>
    </extensions>
  </wpt>
  <wpt lat="33.4256595" lon="132.7088906">
    <ele>459.07666666666665</ele>
    <name>竜王山</name>
    <desc>Peak detected at 459m (prominence: 176m)
[Address] 愛媛県大洲市肱川町予子林</desc>
    <sym>Summit</sym>
    <extensions>
      <address:prefecture>愛媛県</address:prefecture>
      <address:city>大洲市</address:city>
      <address:local>肱川町予子林</address:local>
    </extensions>
  </wpt>
  <wpt lat="33.582033" lon="132.5041115">
    <ele>459.0429986192042</ele>
    <name>鼻欠山</name>
    <desc>Peak detected at 459m (prominence: 204m)
[Address] 愛媛県大洲市長浜町下須戒</desc>
    <sym>Summit</sym>
    <extensions>
      <address:prefecture>愛媛県</address:prefecture>
      <address:city>大洲市</address:city>
      <address:local>長浜町下須戒</address:local>
    </extensions>
  </wpt>
  <wpt lat="33.7351844" lon="132.7317786">
    <ele>456.90483803547824</ele>
    <name>谷上山</name>
    <desc>Peak detected at 457m (prominence: 134m)
[Address] 愛媛県伊予市</desc>
    <sym>Summit</sym>
    <extensions>
      <address:prefecture>愛媛県</address:prefecture>
      <address:city>伊予市</address:city>
    </extensions>
  </wpt>
  <wpt lat="33.3884297" lon="132.7572928">
    <ele>456.7219376700282</ele>
    <name>甲が森</name>
    <desc>Peak detected at 457m (prominence: 100m)
[Address] 愛媛県西予市</desc>
    <sym>Summit</sym>
    <extensions>
      <address:prefecture>愛媛県</address:prefecture>
      <address:city>西予市</address:city>
    </extensions>
  </wpt>
  <wpt lat="33.8031315" lon="132.9547814">
    <ele>452.99666666666667</ele>
    <name>船野山</name>
    <desc>Peak detected at 453m (prominence: 184m)
[Address] 愛媛県東温市</desc>
    <sym>Summit</sym>
    <extensions>
      <address:prefecture>愛媛県</address:prefecture>
      <address:city>東温市</address:city>
    </extensions>
  </wpt>
  <wpt lat="33.9200756" lon="132.807533">
    <ele>449.0333333333333</ele>
    <name>横山</name>
    <desc>Peak detected at 449m (prominence: 48m)
[Address] 愛媛県松山市麓</desc>
    <sym>Summit</sym>
    <extensions>
      <address:prefecture>愛媛県</address:prefecture>
      <address:city>松山市</address:city>
      <address:local>麓</address:local>
    </extensions>
  </wpt>
  <wpt lat="33.6386291" lon="132.7905473">
    <ele>437.40333333333336</ele>
    <name>総津権現山</name>
    <desc>Peak detected at 437m (prominence: 131m)
[Address] 愛媛県伊予郡砥部町中野川</desc>
    <sym>Summit</sym>
    <extensions>
      <address:prefecture>愛媛県</address:prefecture>
      <address:county>伊予郡</address:county>
      <address:city>砥部町</address:city>
      <address:local>中野川</address:local>
    </extensions>
  </wpt>
  <wpt lat="34.2396526" lon="133.0209828">
    <ele>436.9143046126708</ele>
    <name>鷲ヶ頭山</name>
    <desc>Peak detected at 437m (prominence: 425m)
[Address] 愛媛県今治市県道今治大三島自転車道線</desc>
    <sym>Summit</sym>
    <extensions>
      <address:prefecture>愛媛県</address:prefecture>
      <address:city>今治市</address:city>
      <address:local>県道今治大三島自転車道線</address:local>
    </extensions>
  </wpt>
  <wpt lat="33.2533161" lon="132.5564232">
    <ele>433.24</ele>
    <name>槇ノ山</name>
    <desc>Peak detected at 433m (prominence: 398m)
[Address] 愛媛県宇和島市藤江</desc>
    <sym>Summit</sym>
    <extensions>
      <address:prefecture>愛媛県</address:prefecture>
      <address:city>宇和島市</address:city>
      <address:local>藤江</address:local>
    </extensions>
  </wpt>
  <wpt lat="33.3548241" lon="132.5023048">
    <ele>432.21000000000004</ele>
    <name>Peak (432m)</name>
    <desc>Peak detected at 432m (prominence: 202m)
[Address] 愛媛県西予市宇和町久枝</desc>
    <sym>Summit</sym>
    <extensions>
      <address:prefecture>愛媛県</address:prefecture>
      <address:city>西予市</address:city>
      <address:local>宇和町久枝</address:local>
    </extensions>
  </wpt>
  <wpt lat="33.9577565" lon="133.0133542">
    <ele>430.9866666666667</ele>
    <name>竜門山</name>
    <desc>Peak detected at 431m (prominence: 152m)
[Address] 愛媛県西条市</desc>
    <sym>Summit</sym>
    <extensions>
      <address:prefecture>愛媛県</address:prefecture>
      <address:city>西条市</address:city>
    </extensions>
  </wpt>
  <wpt lat="33.7480679" lon="132.8711955">
    <ele>430.59999999999997</ele>
    <name>御岳山</name>
    <desc>Peak detected at 431m (prominence: 178m)
[Address] 愛媛県東温市下林</desc>
    <sym>Summit</sym>
    <extensions>
      <address:prefecture>愛媛県</address:prefecture>
      <address:city>東温市</address:city>
      <address:local>下林</address:local>
    </extensions>
  </wpt>
  <wpt lat="33.7568663" lon="132.8499505">
    <ele>430.1766666666667</ele>
    <name>小山岳</name>
    <desc>Peak detected at 430m (prominence: 305m)
[Address] 愛媛県松山市</desc>
    <sym>Summit</sym>
    <extensions>
      <address:prefecture>愛媛県</address:prefecture>
      <address:city>松山市</address:city>
    </extensions>
  </wpt>
  <wpt lat="34.2035605" lon="132.9686491">
    <ele>429.98333333333335</ele>
    <name>薬師山</name>
    <desc>Peak detected at 430m (prominence: 334m)
[Address] 愛媛県今治市口総</desc>
    <sym>Summit</sym>
    <extensions>
      <address:prefecture>愛媛県</address:prefecture>
      <address:city>今治市</address:city>
      <address:local>口総</address:local>
    </extensions>
  </wpt>
  <wpt lat="33.9955014" lon="132.8701408">
    <ele>418.54333333333335</ele>
    <name>岩が森</name>
    <desc>Peak detected at 419m (prominence: 59m)
[Address] 愛媛県今治市菊間町中川</desc>
    <sym>Summit</sym>
    <extensions>
      <address:prefecture>愛媛県</address:prefecture>
      <address:city>今治市</address:city>
      <address:local>菊間町中川</address:local>
    </extensions>
  </wpt>
  <wpt lat="33.7116367" lon="132.7230323">
    <ele>417.80228626332246</ele>
    <name>平岡山</name>
    <desc>Peak detected at 418m (prominence: 51m)
[Address] 愛媛県伊予市平岡</desc>
    <sym>Summit</sym>
    <extensions>
      <address:prefecture>愛媛県</address:prefecture>
      <address:city>伊予市</address:city>
      <address:local>平岡</address:local>
    </extensions>
  </wpt>
  <wpt lat="33.8778648" lon="132.8306597">
    <ele>414.2866666666667</ele>
    <name>奥之城山</name>
    <desc>Peak detected at 414m (prominence: 55m)
[Address] 愛媛県松山市末町</desc>
    <sym>Summit</sym>
    <extensions>
      <address:prefecture>愛媛県</address:prefecture>
      <address:city>松山市</address:city>
      <address:local>末町</address:local>
    </extensions>
  </wpt>
  <wpt lat="33.401877" lon="132.1168226">
    <ele>413.7400702411658</ele>
    <name>伽藍山</name>
    <desc>Peak detected at 414m (prominence: 214m)
[Address] 愛媛県西宇和郡伊方町松</desc>
    <sym>Summit</sym>
    <extensions>
      <address:prefecture>愛媛県</address:prefecture>
      <address:county>西宇和郡</address:county>
      <address:city>伊方町</address:city>
      <address:local>松</address:local>
    </extensions>
  </wpt>
  <wpt lat="33.8892419" lon="132.8755576">
    <ele>410.7033333333334</ele>
    <name>Peak (411m)</name>
    <desc>Peak detected at 411m (prominence: 31m)
[Address] 愛媛県松山市福見川町</desc>
    <sym>Summit</sym>
    <extensions>
      <address:prefecture>愛媛県</address:prefecture>
      <address:city>松山市</address:city>
      <address:local>福見川町</address:local>
    </extensions>
  </wpt>
  <wpt lat="33.5004147" lon="132.3547022">
    <ele>408.84971455495605</ele>
    <name>堂堂山</name>
    <desc>Peak detected at 409m (prominence: 34m)
[Address] 愛媛県西宇和郡伊方町伊方越</desc>
    <sym>Summit</sym>
    <extensions>
      <address:prefecture>愛媛県</address:prefecture>
      <address:county>西宇和郡</address:county>
      <address:city>伊方町</address:city>
      <address:local>伊方越</address:local>
    </extensions>
  </wpt>
  <wpt lat="33.8312843" lon="132.9832873">
    <ele>406.43</ele>
    <name>千羽ヶ岳</name>
    <desc>Peak detected at 406m (prominence: 213m)
[Address] 愛媛県西条市松山自動車道;四国縦貫自動車道</desc>
    <sym>Summit</sym>
    <extensions>
      <address:prefecture>愛媛県</address:prefecture>
      <address:city>西条市</address:city>
      <address:local>松山自動車道;四国縦貫自動車道</address:local>
    </extensions>
  </wpt>
  <wpt lat="33.837858" lon="132.8256729">
    <ele>405.40333333333336</ele>
    <name>倉谷山</name>
    <desc>Peak detected at 405m (prominence: 346m)
[Address] 愛媛県松山市食場町</desc>
    <sym>Summit</sym>
    <extensions>
      <address:prefecture>愛媛県</address:prefecture>
      <address:city>松山市</address:city>
      <address:local>食場町</address:local>
    </extensions>
  </wpt>
  <wpt lat="33.7484344" lon="132.8072111">
    <ele>404.05</ele>
    <name>大友山</name>
    <desc>Peak detected at 404m (prominence: 338m)
[Address] 愛媛県伊予郡松山市千足</desc>
    <sym>Summit</sym>
    <extensions>
      <address:prefecture>愛媛県</address:prefecture>
      <address:county>伊予郡</address:county>
      <address:city>松山市</address:city>
      <address:local>千足</address:local>
    </extensions>
  </wpt>
  <wpt lat="33.7579255" lon="132.7571571">
    <ele>401.8633333333333</ele>
    <name>水晶ヶ森</name>
    <desc>Peak detected at 402m (prominence: 342m)
[Address] 愛媛県伊予郡砥部町七折</desc>
    <sym>Summit</sym>
    <extensions>
      <address:prefecture>愛媛県</address:prefecture>
      <address:county>伊予郡</address:county>
      <address:city>砥部町</address:city>
      <address:local>七折</address:local>
    </extensions>
  </wpt>
  <wpt lat="33.3754372" lon="132.5110871">
    <ele>400.06</ele>
    <name>松葉山（松葉城址）</name>
    <desc>Peak detected at 400m (prominence: 35m)
[Address] 愛媛県西予市宇和町上松葉</desc>
    <sym>Summit</sym>
    <extensions>
      <address:prefecture>愛媛県</address:prefecture>
      <address:city>西予市</address:city>
      <address:local>宇和町上松葉</address:local>
    </extensions>
  </wpt>
  <wpt lat="33.7584434" lon="132.8469734">
    <ele>397.0566666666667</ele>
    <name>尉之山</name>
    <desc>Peak detected at 397m (prominence: 36m)
[Address] 愛媛県松山市</desc>
    <sym>Summit</sym>
    <extensions>
      <address:prefecture>愛媛県</address:prefecture>
      <address:city>松山市</address:city>
    </extensions>
  </wpt>
  <wpt lat="34.2837172" lon="133.0100334">
    <ele>392.00666666666666</ele>
    <name>二反山</name>
    <desc>Peak detected at 392m (prominence: 64m)
[Address] 愛媛県今治市</desc>
    <sym>Summit</sym>
    <extensions>
      <address:prefecture>愛媛県</address:prefecture>
      <address:city>今治市</address:city>
    </extensions>
  </wpt>
  <wpt lat="33.5806252" lon="132.4593069">
    <ele>391.45205218380346</ele>
    <name>トギ</name>
    <desc>Peak detected at 391m (prominence: 136m)
[Address] 愛媛県大洲市長浜町須沢</desc>
    <sym>Summit</sym>
    <extensions>
      <address:prefecture>愛媛県</address:prefecture>
      <address:city>大洲市</address:city>
      <address:local>長浜町須沢</address:local>
    </extensions>
  </wpt>
  <wpt lat="33.8795615" lon="132.8282109">
    <ele>388.2833333333333</ele>
    <name>Peak (388m)</name>
    <desc>Peak detected at 388m (prominence: 33m)
[Address] 愛媛県松山市末町</desc>
    <sym>Summit</sym>
    <extensions>
      <address:prefecture>愛媛県</address:prefecture>
      <address:city>松山市</address:city>
      <address:local>末町</address:local>
    </extensions>
  </wpt>
  <wpt lat="33.372906" lon="132.5153141">
    <ele>387.82666666666665</ele>
    <name>御篠山</name>
    <desc>Peak detected at 388m (prominence: 32m)
[Address] 愛媛県西予市宇和町さくら</desc>
    <sym>Summit</sym>
    <extensions>
      <address:prefecture>愛媛県</address:prefecture>
      <address:city>西予市</address:city>
      <address:local>宇和町さくら</address:local>
    </extensions>
  </wpt>
  <wpt lat="33.892102" lon="132.788188">
    <ele>385.21553569431927</ele>
    <name>夫婦山</name>
    <desc>Peak detected at 385m (prominence: 97m)
[Address] 愛媛県松山市東大栗町</desc>
    <sym>Summit</sym>
    <extensions>
      <address:prefecture>愛媛県</address:prefecture>
      <address:city>松山市</address:city>
      <address:local>東大栗町</address:local>
    </extensions>
  </wpt>
  <wpt lat="33.9484547" lon="133.0175021">
    <ele>384.9466666666667</ele>
    <name>Peak (385m)</name>
    <desc>Peak detected at 385m (prominence: 100m)
[Address] 愛媛県西条市旦之上</desc>
    <sym>Summit</sym>
    <extensions>
      <address:prefecture>愛媛県</address:prefecture>
      <address:city>西条市</address:city>
      <address:local>旦之上</address:local>
    </extensions>
  </wpt>
  <wpt lat="33.7339357" lon="132.7416297">
    <ele>383.6048516063258</ele>
    <name>Peak (384m)</name>
    <desc>Peak detected at 384m (prominence: 39m)
[Address] 愛媛県伊予郡砥部町大角蔵</desc>
    <sym>Summit</sym>
    <extensions>
      <address:prefecture>愛媛県</address:prefecture>
      <address:county>伊予郡</address:county>
      <address:city>砥部町</address:city>
      <address:local>大角蔵</address:local>
    </extensions>
  </wpt>
  <wpt lat="33.4270319" lon="132.6809369">
    <ele>382.21000000000004</ele>
    <name>高雄山</name>
    <desc>Peak detected at 382m (prominence: 200m)
[Address] 愛媛県大洲市</desc>
    <sym>Summit</sym>
    <extensions>
      <address:prefecture>愛媛県</address:prefecture>
      <address:city>大洲市</address:city>
    </extensions>
  </wpt>
  <wpt lat="33.3541563" lon="132.5087392">
    <ele>379.3966666666667</ele>
    <name>Peak (379m)</name>
    <desc>Peak detected at 379m (prominence: 43m)
[Address] 愛媛県西予市宇和町神領</desc>
    <sym>Summit</sym>
    <extensions>
      <address:prefecture>愛媛県</address:prefecture>
      <address:city>西予市</address:city>
      <address:local>宇和町神領</address:local>
    </extensions>
  </wpt>
  <wpt lat="33.9003229" lon="132.8034521">
    <ele>376.3033333333333</ele>
    <name>国見山</name>
    <desc>Peak detected at 376m (prominence: 78m)
[Address] 愛媛県松山市上伊台町</desc>
    <sym>Summit</sym>
    <extensions>
      <address:prefecture>愛媛県</address:prefecture>
      <address:city>松山市</address:city>
      <address:local>上伊台町</address:local>
    </extensions>
  </wpt>
  <wpt lat="34.1747341" lon="133.0532069">
    <ele>374.65000000000003</ele>
    <name>念仏山</name>
    <desc>Peak detected at 375m (prominence: 216m)
[Address] 愛媛県今治市宮窪町余所国</desc>
    <sym>Summit</sym>
    <extensions>
      <address:prefecture>愛媛県</address:prefecture>
      <address:city>今治市</address:city>
      <address:local>宮窪町余所国</address:local>
    </extensions>
  </wpt>
  <wpt lat="33.4832129" lon="132.5575289">
    <ele>373.03999999999996</ele>
    <name>梁瀬山</name>
    <desc>Peak detected at 373m (prominence: 353m)
[Address] 愛媛県大洲市松尾</desc>
    <sym>Summit</sym>
    <extensions>
      <address:prefecture>愛媛県</address:prefecture>
      <address:city>大洲市</address:city>
      <address:local>松尾</address:local>
    </extensions>
  </wpt>
  <wpt lat="33.4920833" lon="132.5614224">
    <ele>371.28</ele>
    <name>紅葉山</name>
    <desc>Peak detected at 371m (prominence: 88m)
[Address] 愛媛県大洲市柚木</desc>
    <sym>Summit</sym>
    <extensions>
      <address:prefecture>愛媛県</address:prefecture>
      <address:city>大洲市</address:city>
      <address:local>柚木</address:local>
    </extensions>
  </wpt>
  <wpt lat="33.7282794" lon="132.8388236">
    <ele>371.26</ele>
    <name>勝山</name>
    <desc>Peak detected at 371m (prominence: 165m)
[Address] 愛媛県松山市四国のみち 旧道三坂峠を下るみち</desc>
    <sym>Summit</sym>
    <extensions>
      <address:prefecture>愛媛県</address:prefecture>
      <address:city>松山市</address:city>
      <address:local>四国のみち 旧道三坂峠を下るみち</address:local>
    </extensions>
  </wpt>
  <wpt lat="33.5709203" lon="132.8411558">
    <ele>369.3233333333333</ele>
    <name>愛宕山</name>
    <desc>Peak detected at 369m (prominence: 124m)
[Address] 愛媛県喜多郡内子町</desc>
    <sym>Summit</sym>
    <extensions>
      <address:prefecture>愛媛県</address:prefecture>
      <address:county>喜多郡</address:county>
      <address:city>内子町</address:city>
    </extensions>
  </wpt>
  <wpt lat="32.9109139" lon="132.4871509">
    <ele>368.9381628408408</ele>
    <name>Peak (369m)</name>
    <desc>Peak detected at 369m (prominence: 37m)
[Address] 愛媛県南宇和郡愛南町武者泊</desc>
    <sym>Summit</sym>
    <extensions>
      <address:prefecture>愛媛県</address:prefecture>
      <address:county>南宇和郡</address:county>
      <address:city>愛南町</address:city>
      <address:local>武者泊</address:local>
    </extensions>
  </wpt>
  <wpt lat="33.2525878" lon="132.5586899">
    <ele>367.51666666666665</ele>
    <name>Peak (368m)</name>
    <desc>Peak detected at 368m (prominence: 31m)
[Address] 愛媛県宇和島市藤江</desc>
    <sym>Summit</sym>
    <extensions>
      <address:prefecture>愛媛県</address:prefecture>
      <address:city>宇和島市</address:city>
      <address:local>藤江</address:local>
    </extensions>
  </wpt>
  <wpt lat="33.8974685" lon="132.7904961">
    <ele>365.7180112898549</ele>
    <name>観音山</name>
    <desc>Peak detected at 366m (prominence: 43m)
[Address] 愛媛県松山市東大栗町</desc>
    <sym>Summit</sym>
    <extensions>
      <address:prefecture>愛媛県</address:prefecture>
      <address:city>松山市</address:city>
      <address:local>東大栗町</address:local>
    </extensions>
  </wpt>
  <wpt lat="34.2566278" lon="133.1474902">
    <ele>363.7359939346231</ele>
    <name>積善山</name>
    <desc>Peak detected at 364m (prominence: 200m)
[Address] 愛媛県越智郡上島町岩城</desc>
    <sym>Summit</sym>
    <extensions>
      <address:prefecture>愛媛県</address:prefecture>
      <address:county>越智郡</address:county>
      <address:city>上島町</address:city>
      <address:local>岩城</address:local>
    </extensions>
  </wpt>
  <wpt lat="33.4909198" lon="132.330294">
    <ele>362.5859909540507</ele>
    <name>大峰</name>
    <desc>Peak detected at 363m (prominence: 54m)
[Address] 愛媛県西宇和郡伊方町亀浦</desc>
    <sym>Summit</sym>
    <extensions>
      <address:prefecture>愛媛県</address:prefecture>
      <address:county>西宇和郡</address:county>
      <address:city>伊方町</address:city>
      <address:local>亀浦</address:local>
    </extensions>
  </wpt>
  <wpt lat="33.525029" lon="132.6716242">
    <ele>362.42333333333335</ele>
    <name>大登山</name>
    <desc>Peak detected at 362m (prominence: 56m)
[Address] 愛媛県喜多郡内子町宿間</desc>
    <sym>Summit</sym>
    <extensions>
      <address:prefecture>愛媛県</address:prefecture>
      <address:county>喜多郡</address:county>
      <address:city>内子町</address:city>
      <address:local>宿間</address:local>
    </extensions>
  </wpt>
  <wpt lat="33.9821643" lon="133.0333086">
    <ele>360.61048094906045</ele>
    <name>世田山</name>
    <desc>Peak detected at 361m (prominence: 58m)
[Address] 愛媛県今治市</desc>
    <sym>Summit</sym>
    <extensions>
      <address:prefecture>愛媛県</address:prefecture>
      <address:city>今治市</address:city>
    </extensions>
  </wpt>
  <wpt lat="33.4692555" lon="132.4112445">
    <ele>358.1833333333334</ele>
    <name>Peak (358m)</name>
    <desc>Peak detected at 358m (prominence: 354m)
[Address] 愛媛県八幡浜市向灘</desc>
    <sym>Summit</sym>
    <extensions>
      <address:prefecture>愛媛県</address:prefecture>
      <address:city>八幡浜市</address:city>
      <address:local>向灘</address:local>
    </extensions>
  </wpt>
  <wpt lat="33.9792546" lon="133.0397832">
    <ele>356.6686284540569</ele>
    <name>世田山</name>
    <desc>Peak detected at 357m (prominence: 252m)
[Address] 愛媛県今治市朝倉南</desc>
    <sym>Summit</sym>
    <extensions>
      <address:prefecture>愛媛県</address:prefecture>
      <address:city>今治市</address:city>
      <address:local>朝倉南</address:local>
    </extensions>
  </wpt>
  <wpt lat="33.9985859" lon="132.8339632">
    <ele>352.79</ele>
    <name>高萩山</name>
    <desc>Peak detected at 353m (prominence: 210m)
[Address] 愛媛県松山市小山田</desc>
    <sym>Summit</sym>
    <extensions>
      <address:prefecture>愛媛県</address:prefecture>
      <address:city>松山市</address:city>
      <address:local>小山田</address:local>
    </extensions>
  </wpt>
  <wpt lat="33.3556223" lon="132.5138567">
    <ele>349.4466666666667</ele>
    <name>Peak (349m)</name>
    <desc>Peak detected at 349m (prominence: 40m)
[Address] 愛媛県西予市宇和町神領</desc>
    <sym>Summit</sym>
    <extensions>
      <address:prefecture>愛媛県</address:prefecture>
      <address:city>西予市</address:city>
      <address:local>宇和町神領</address:local>
    </extensions>
  </wpt>
  <wpt lat="34.2657519" lon="132.9964757">
    <ele>348.28333333333336</ele>
    <name>大空山</name>
    <desc>Peak detected at 348m (prominence: 337m)
[Address] 愛媛県今治市大三島町明日</desc>
    <sym>Summit</sym>
    <extensions>
      <address:prefecture>愛媛県</address:prefecture>
      <address:city>今治市</address:city>
      <address:local>大三島町明日</address:local>
    </extensions>
  </wpt>
  <wpt lat="33.1178859" lon="132.5317791">
    <ele>343.7659610142553</ele>
    <name>天ガ森</name>
    <desc>Peak detected at 344m (prominence: 325m)
[Address] 愛媛県宇和島市</desc>
    <sym>Summit</sym>
    <extensions>
      <address:prefecture>愛媛県</address:prefecture>
      <address:city>宇和島市</address:city>
    </extensions>
  </wpt>
  <wpt lat="33.7528018" lon="132.8052723">
    <ele>343.08666666666664</ele>
    <name>Peak (343m)</name>
    <desc>Peak detected at 343m (prominence: 43m)
[Address] 愛媛県伊予郡砥部町宮内</desc>
    <sym>Summit</sym>
    <extensions>
      <address:prefecture>愛媛県</address:prefecture>
      <address:county>伊予郡</address:county>
      <address:city>砥部町</address:city>
      <address:local>宮内</address:local>
    </extensions>
  </wpt>
  <wpt lat="33.1991626" lon="132.5213654">
    <ele>340.53999999999996</ele>
    <name>熊ガ峰</name>
    <desc>Peak detected at 341m (prominence: 315m)
[Address] 愛媛県宇和島市蕨</desc>
    <sym>Summit</sym>
    <extensions>
      <address:prefecture>愛媛県</address:prefecture>
      <address:city>宇和島市</address:city>
      <address:local>蕨</address:local>
    </extensions>
  </wpt>
  <wpt lat="33.8682654" lon="132.7980997">
    <ele>336.02549564153543</ele>
    <name>御勧請山</name>
    <desc>Peak detected at 336m (prominence: 230m)
[Address] 愛媛県松山市下伊台町</desc>
    <sym>Summit</sym>
    <extensions>
      <address:prefecture>愛媛県</address:prefecture>
      <address:city>松山市</address:city>
      <address:local>下伊台町</address:local>
    </extensions>
  </wpt>
  <wpt lat="33.5090382" lon="132.5604">
    <ele>335.74500437341317</ele>
    <name>冨士山</name>
    <desc>Peak detected at 336m (prominence: 42m)
[Address] 愛媛県大洲市田口</desc>
    <sym>Summit</sym>
    <extensions>
      <address:prefecture>愛媛県</address:prefecture>
      <address:city>大洲市</address:city>
      <address:local>田口</address:local>
    </extensions>
  </wpt>
  <wpt lat="33.8995828" lon="132.7922499">
    <ele>332.31718344424</ele>
    <name>白山</name>
    <desc>Peak detected at 332m (prominence: 41m)
[Address] 愛媛県松山市東大栗町</desc>
    <sym>Summit</sym>
    <extensions>
      <address:prefecture>愛媛県</address:prefecture>
      <address:city>松山市</address:city>
      <address:local>東大栗町</address:local>
    </extensions>
  </wpt>
  <wpt lat="33.7482827" lon="132.8648856">
    <ele>326.3533333333333</ele>
    <name>Peak (326m)</name>
    <desc>Peak detected at 326m (prominence: 72m)
[Address] 愛媛県東温市下林</desc>
    <sym>Summit</sym>
    <extensions>
      <address:prefecture>愛媛県</address:prefecture>
      <address:city>東温市</address:city>
      <address:local>下林</address:local>
    </extensions>
  </wpt>
  <wpt lat="33.2720922" lon="132.5543833">
    <ele>325.42</ele>
    <name>遠見山</name>
    <desc>Peak detected at 325m (prominence: 315m)
[Address] 愛媛県宇和島市吉田町立間尻</desc>
    <sym>Summit</sym>
    <extensions>
      <address:prefecture>愛媛県</address:prefecture>
      <address:city>宇和島市</address:city>
      <address:local>吉田町立間尻</address:local>
    </extensions>
  </wpt>
  <wpt lat="34.2803533" lon="133.2279632">
    <ele>323.2966666666667</ele>
    <name>三山</name>
    <desc>Peak detected at 323m (prominence: 270m)
[Address] 愛媛県越智郡上島町弓削大谷</desc>
    <sym>Summit</sym>
    <extensions>
      <address:prefecture>愛媛県</address:prefecture>
      <address:county>越智郡</address:county>
      <address:city>上島町</address:city>
      <address:local>弓削大谷</address:local>
    </extensions>
  </wpt>
  <wpt lat="33.2302311" lon="132.5212462">
    <ele>319.6933333333333</ele>
    <name>鳥屋ヶ森</name>
    <desc>Peak detected at 320m (prominence: 293m)
[Address] 愛媛県宇和島市百之浦</desc>
    <sym>Summit</sym>
    <extensions>
      <address:prefecture>愛媛県</address:prefecture>
      <address:city>宇和島市</address:city>
      <address:local>百之浦</address:local>
    </extensions>
  </wpt>
  <wpt lat="33.741489" lon="132.7329923">
    <ele>313.21999999999997</ele>
    <name>歯朶谷山</name>
    <desc>Peak detected at 313m (prominence: 174m)
[Address] 愛媛県伊予市</desc>
    <sym>Summit</sym>
    <extensions>
      <address:prefecture>愛媛県</address:prefecture>
      <address:city>伊予市</address:city>
    </extensions>
  </wpt>
  <wpt lat="33.1120886" lon="132.4865753">
    <ele>312.2633333333334</ele>
    <name>雨森山</name>
    <desc>Peak detected at 312m (prominence: 301m)
[Address] 愛媛県宇和島市津島町田之浜</desc>
    <sym>Summit</sym>
    <extensions>
      <address:prefecture>愛媛県</address:prefecture>
      <address:city>宇和島市</address:city>
      <address:local>津島町田之浜</address:local>
    </extensions>
  </wpt>
  <wpt lat="34.0386314" lon="132.8923059">
    <ele>311.96</ele>
    <name>無宗天山</name>
    <desc>Peak detected at 312m (prominence: 233m)
[Address] 愛媛県今治市</desc>
    <sym>Summit</sym>
    <extensions>
      <address:prefecture>愛媛県</address:prefecture>
      <address:city>今治市</address:city>
    </extensions>
  </wpt>
  <wpt lat="33.5504243" lon="132.669431">
    <ele>307.18333333333334</ele>
    <name>Peak (307m)</name>
    <desc>Peak detected at 307m (prominence: 33m)
[Address] 愛媛県喜多郡内子町知清</desc>
    <sym>Summit</sym>
    <extensions>
      <address:prefecture>愛媛県</address:prefecture>
      <address:county>喜多郡</address:county>
      <address:city>内子町</address:city>
      <address:local>知清</address:local>
    </extensions>
  </wpt>
  <wpt lat="33.8192567" lon="132.8731185">
    <ele>306.31</ele>
    <name>吉山</name>
    <desc>Peak detected at 306m (prominence: 153m)
[Address] 愛媛県東温市志津川</desc>
    <sym>Summit</sym>
    <extensions>
      <address:prefecture>愛媛県</address:prefecture>
      <address:city>東温市</address:city>
      <address:local>志津川</address:local>
    </extensions>
  </wpt>
  <wpt lat="34.212287" lon="133.0867989">
    <ele>300.6033333333333</ele>
    <name>宝股山</name>
    <desc>Peak detected at 301m (prominence: 92m)
[Address] 愛媛県今治市伯方町叶浦</desc>
    <sym>Summit</sym>
    <extensions>
      <address:prefecture>愛媛県</address:prefecture>
      <address:city>今治市</address:city>
      <address:local>伯方町叶浦</address:local>
    </extensions>
  </wpt>
  <wpt lat="33.9922702" lon="132.7992645">
    <ele>299.12666666666667</ele>
    <name>恵良山</name>
    <desc>Peak detected at 299m (prominence: 256m)
[Address] 愛媛県松山市浅海原</desc>
    <sym>Summit</sym>
    <extensions>
      <address:prefecture>愛媛県</address:prefecture>
      <address:city>松山市</address:city>
      <address:local>浅海原</address:local>
    </extensions>
  </wpt>
  <wpt lat="33.4533154" lon="132.27344">
    <ele>295.1133333333334</ele>
    <name>石神山</name>
    <desc>Peak detected at 295m (prominence: 217m)
[Address] 愛媛県西宇和郡伊方町国道197号</desc>
    <sym>Summit</sym>
    <extensions>
      <address:prefecture>愛媛県</address:prefecture>
      <address:county>西宇和郡</address:county>
      <address:city>伊方町</address:city>
      <address:local>国道197号</address:local>
    </extensions>
  </wpt>
  <wpt lat="34.0073425" lon="132.8450021">
    <ele>290.3833333333333</ele>
    <name>長者森</name>
    <desc>Peak detected at 290m (prominence: 138m)
[Address] 愛媛県今治市菊間町高田</desc>
    <sym>Summit</sym>
    <extensions>
      <address:prefecture>愛媛県</address:prefecture>
      <address:city>今治市</address:city>
      <address:local>菊間町高田</address:local>
    </extensions>
  </wpt>
  <wpt lat="34.0063802" lon="132.8186843">
    <ele>289.7633333333333</ele>
    <name>名石山</name>
    <desc>Peak detected at 290m (prominence: 95m)
[Address] 愛媛県松山市萩原</desc>
    <sym>Summit</sym>
    <extensions>
      <address:prefecture>愛媛県</address:prefecture>
      <address:city>松山市</address:city>
      <address:local>萩原</address:local>
    </extensions>
  </wpt>
  <wpt lat="33.4134474" lon="132.1753954">
    <ele>289.2</ele>
    <name>Peak (289m)</name>
    <desc>Peak detected at 289m (prominence: 93m)
[Address] 愛媛県西宇和郡伊方町国道197号</desc>
    <sym>Summit</sym>
    <extensions>
      <address:prefecture>愛媛県</address:prefecture>
      <address:county>西宇和郡</address:county>
      <address:city>伊方町</address:city>
      <address:local>国道197号</address:local>
    </extensions>
  </wpt>
  <wpt lat="33.9704741" lon="132.6073111">
    <ele>288.9433333333333</ele>
    <name>泰ノ山</name>
    <desc>Peak detected at 289m (prominence: 285m)
[Address] 愛媛県松山市熊田</desc>
    <sym>Summit</sym>
    <extensions>
      <address:prefecture>愛媛県</address:prefecture>
      <address:city>松山市</address:city>
      <address:local>熊田</address:local>
    </extensions>
  </wpt>
  <wpt lat="33.4977228" lon="132.5826447">
    <ele>285.99333333333334</ele>
    <name>根太山</name>
    <desc>Peak detected at 286m (prominence: 253m)
[Address] 愛媛県大洲市菅田町菅田</desc>
    <sym>Summit</sym>
    <extensions>
      <address:prefecture>愛媛県</address:prefecture>
      <address:city>大洲市</address:city>
      <address:local>菅田町菅田</address:local>
    </extensions>
  </wpt>
  <wpt lat="33.9891451" lon="132.6270439">
    <ele>282.75666666666666</ele>
    <name>大里山</name>
    <desc>Peak detected at 283m (prominence: 281m)
[Address] 愛媛県松山市中島大浦</desc>
    <sym>Summit</sym>
    <extensions>
      <address:prefecture>愛媛県</address:prefecture>
      <address:city>松山市</address:city>
      <address:local>中島大浦</address:local>
    </extensions>
  </wpt>
  <wpt lat="33.9536062" lon="132.8113157">
    <ele>282.46000000000004</ele>
    <name>高穴山</name>
    <desc>Peak detected at 282m (prominence: 89m)
[Address] 愛媛県松山市横谷</desc>
    <sym>Summit</sym>
    <extensions>
      <address:prefecture>愛媛県</address:prefecture>
      <address:city>松山市</address:city>
      <address:local>横谷</address:local>
    </extensions>
  </wpt>
  <wpt lat="33.8816318" lon="132.6714828">
    <ele>281.5</ele>
    <name>小富士</name>
    <desc>Peak detected at 282m (prominence: 276m)
[Address] 愛媛県松山市門田町</desc>
    <sym>Summit</sym>
    <extensions>
      <address:prefecture>愛媛県</address:prefecture>
      <address:city>松山市</address:city>
      <address:local>門田町</address:local>
    </extensions>
  </wpt>
  <wpt lat="33.8265074" lon="132.8167326">
    <ele>280.85333333333335</ele>
    <name>芝ヶ峠</name>
    <desc>Peak detected at 281m (prominence: 57m)
[Address] 愛媛県松山市鷹子町</desc>
    <sym>Summit</sym>
    <extensions>
      <address:prefecture>愛媛県</address:prefecture>
      <address:city>松山市</address:city>
      <address:local>鷹子町</address:local>
    </extensions>
  </wpt>
  <wpt lat="33.99782" lon="132.8482925">
    <ele>279.05333333333334</ele>
    <name>スクモ塚</name>
    <desc>Peak detected at 279m (prominence: 65m)
[Address] 愛媛県松山市小山田</desc>
    <sym>Summit</sym>
    <extensions>
      <address:prefecture>愛媛県</address:prefecture>
      <address:city>松山市</address:city>
      <address:local>小山田</address:local>
    </extensions>
  </wpt>
  <wpt lat="33.8346163" lon="132.8126367">
    <ele>278.9166666666667</ele>
    <name>宝ヶ峯</name>
    <desc>Peak detected at 279m (prominence: 232m)
[Address] 愛媛県松山市畑寺町</desc>
    <sym>Summit</sym>
    <extensions>
      <address:prefecture>愛媛県</address:prefecture>
      <address:city>松山市</address:city>
      <address:local>畑寺町</address:local>
    </extensions>
  </wpt>
  <wpt lat="33.8245858" lon="132.8164365">
    <ele>278.01</ele>
    <name>芝ヶ峠</name>
    <desc>Peak detected at 278m (prominence: 53m)
[Address] 愛媛県松山市鷹子町</desc>
    <sym>Summit</sym>
    <extensions>
      <address:prefecture>愛媛県</address:prefecture>
      <address:city>松山市</address:city>
      <address:local>鷹子町</address:local>
    </extensions>
  </wpt>
  <wpt lat="34.2665635" lon="133.2120741">
    <ele>269.75333333333333</ele>
    <name>古法皇山</name>
    <desc>Peak detected at 270m (prominence: 232m)
[Address] 愛媛県越智郡上島町弓削藤谷</desc>
    <sym>Summit</sym>
    <extensions>
      <address:prefecture>愛媛県</address:prefecture>
      <address:county>越智郡</address:county>
      <address:city>上島町</address:city>
      <address:local>弓削藤谷</address:local>
    </extensions>
  </wpt>
  <wpt lat="34.1283255" lon="133.047895">
    <ele>268.5833333333333</ele>
    <name>姫政山</name>
    <desc>Peak detected at 269m (prominence: 198m)
[Address] 愛媛県今治市吉海町名</desc>
    <sym>Summit</sym>
    <extensions>
      <address:prefecture>愛媛県</address:prefecture>
      <address:city>今治市</address:city>
      <address:local>吉海町名</address:local>
    </extensions>
  </wpt>
  <wpt lat="33.8836999" lon="132.7830348">
    <ele>264.2867991594412</ele>
    <name>Peak (264m)</name>
    <desc>Peak detected at 264m (prominence: 65m)
[Address] 愛媛県松山市白水台三丁目</desc>
    <sym>Summit</sym>
    <extensions>
      <address:prefecture>愛媛県</address:prefecture>
      <address:city>松山市</address:city>
      <address:local>白水台三丁目</address:local>
    </extensions>
  </wpt>
  <wpt lat="34.0273223" lon="133.5919989">
    <ele>261.15000000000003</ele>
    <name>弥八山</name>
    <desc>Peak detected at 261m (prominence: 172m)
[Address] 愛媛県四国中央市川之江町長須</desc>
    <sym>Summit</sym>
    <extensions>
      <address:prefecture>愛媛県</address:prefecture>
      <address:city>四国中央市</address:city>
      <address:local>川之江町長須</address:local>
    </extensions>
  </wpt>
  <wpt lat="34.1640532" lon="133.047568">
    <ele>260.3866666666667</ele>
    <name>大頭山</name>
    <desc>Peak detected at 260m (prominence: 167m)
[Address] 愛媛県今治市吉海町福田</desc>
    <sym>Summit</sym>
    <extensions>
      <address:prefecture>愛媛県</address:prefecture>
      <address:city>今治市</address:city>
      <address:local>吉海町福田</address:local>
    </extensions>
  </wpt>
  <wpt lat="33.7478819" lon="132.7506238">
    <ele>260.1933333333333</ele>
    <name>笹ヶ平山</name>
    <desc>Peak detected at 260m (prominence: 89m)
[Address] 愛媛県伊予郡砥部町七折</desc>
    <sym>Summit</sym>
    <extensions>
      <address:prefecture>愛媛県</address:prefecture>
      <address:county>伊予郡</address:county>
      <address:city>砥部町</address:city>
      <address:local>七折</address:local>
    </extensions>
  </wpt>
  <wpt lat="33.9038632" lon="132.7837316">
    <ele>253.17333333333332</ele>
    <name>尾崎山</name>
    <desc>Peak detected at 253m (prominence: 73m)
[Address] 愛媛県松山市東大栗町</desc>
    <sym>Summit</sym>
    <extensions>
      <address:prefecture>愛媛県</address:prefecture>
      <address:city>松山市</address:city>
      <address:local>東大栗町</address:local>
    </extensions>
  </wpt>
  <wpt lat="33.778716" lon="132.7722765">
    <ele>251.46333333333337</ele>
    <name>八倉山</name>
    <desc>Peak detected at 251m (prominence: 43m)
[Address] 愛媛県伊予郡砥部町田ノ浦</desc>
    <sym>Summit</sym>
    <extensions>
      <address:prefecture>愛媛県</address:prefecture>
      <address:county>伊予郡</address:county>
      <address:city>砥部町</address:city>
      <address:local>田ノ浦</address:local>
    </extensions>
  </wpt>
  <wpt lat="33.9827566" lon="133.3976892">
    <ele>250.30998537053583</ele>
    <name>西の山</name>
    <desc>Peak detected at 250m (prominence: 105m)
[Address] 愛媛県四国中央市土居町天満</desc>
    <sym>Summit</sym>
    <extensions>
      <address:prefecture>愛媛県</address:prefecture>
      <address:city>四国中央市</address:city>
      <address:local>土居町天満</address:local>
    </extensions>
  </wpt>
  <wpt lat="33.8844211" lon="132.786858">
    <ele>249.26694835004648</ele>
    <name>Peak (249m)</name>
    <desc>Peak detected at 249m (prominence: 30m)
[Address] 愛媛県松山市白水台三丁目</desc>
    <sym>Summit</sym>
    <extensions>
      <address:prefecture>愛媛県</address:prefecture>
      <address:city>松山市</address:city>
      <address:local>白水台三丁目</address:local>
    </extensions>
  </wpt>
  <wpt lat="34.2867345" lon="132.9886798">
    <ele>246.47333333333336</ele>
    <name>三本榎</name>
    <desc>Peak detected at 246m (prominence: 229m)
[Address] 愛媛県今治市洲元</desc>
    <sym>Summit</sym>
    <extensions>
      <address:prefecture>愛媛県</address:prefecture>
      <address:city>今治市</address:city>
      <address:local>洲元</address:local>
    </extensions>
  </wpt>
  <wpt lat="33.8756903" lon="133.1037524">
    <ele>243.64333333333335</ele>
    <name>幻城下城</name>
    <desc>Peak detected at 244m (prominence: 39m)
[Address] 愛媛県西条市小松町新屋敷</desc>
    <sym>Summit</sym>
    <extensions>
      <address:prefecture>愛媛県</address:prefecture>
      <address:city>西条市</address:city>
      <address:local>小松町新屋敷</address:local>
    </extensions>
  </wpt>
  <wpt lat="33.0229168" lon="132.387323">
    <ele>243.4</ele>
    <name>由良山</name>
    <desc>Peak detected at 243m (prominence: 191m)
[Address] 愛媛県宇和島市津島町鰹網代</desc>
    <sym>Summit</sym>
    <extensions>
      <address:prefecture>愛媛県</address:prefecture>
      <address:city>宇和島市</address:city>
      <address:local>津島町鰹網代</address:local>
    </extensions>
  </wpt>
  <wpt lat="34.0326072" lon="132.8753902">
    <ele>240.99666666666667</ele>
    <name>高仙山</name>
    <desc>Peak detected at 241m (prominence: 154m)
[Address] 愛媛県今治市菊間町種</desc>
    <sym>Summit</sym>
    <extensions>
      <address:prefecture>愛媛県</address:prefecture>
      <address:city>今治市</address:city>
      <address:local>菊間町種</address:local>
    </extensions>
  </wpt>
  <wpt lat="34.0853958" lon="132.9709549">
    <ele>239.86</ele>
    <name>近見山</name>
    <desc>Peak detected at 240m (prominence: 69m)
[Address] 愛媛県今治市近見町五丁目</desc>
    <sym>Summit</sym>
    <extensions>
      <address:prefecture>愛媛県</address:prefecture>
      <address:city>今治市</address:city>
      <address:local>近見町五丁目</address:local>
    </extensions>
  </wpt>
  <wpt lat="33.9640455" lon="133.4034525">
    <ele>237.66666666666666</ele>
    <name>北山</name>
    <desc>Peak detected at 238m (prominence: 113m)
[Address] 愛媛県四国中央市土居町北野</desc>
    <sym>Summit</sym>
    <extensions>
      <address:prefecture>愛媛県</address:prefecture>
      <address:city>四国中央市</address:city>
      <address:local>土居町北野</address:local>
    </extensions>
  </wpt>
  <wpt lat="34.1597225" lon="133.0770866">
    <ele>235.75333333333333</ele>
    <name>高取山</name>
    <desc>Peak detected at 236m (prominence: 44m)
[Address] 愛媛県今治市宮窪町友浦</desc>
    <sym>Summit</sym>
    <extensions>
      <address:prefecture>愛媛県</address:prefecture>
      <address:city>今治市</address:city>
      <address:local>宮窪町友浦</address:local>
    </extensions>
  </wpt>
  <wpt lat="34.0131705" lon="133.6055034">
    <ele>227.89170104701893</ele>
    <name>高文殊山</name>
    <desc>Peak detected at 228m (prominence: 180m)
[Address] 愛媛県四国中央市金生町山田井</desc>
    <sym>Summit</sym>
    <extensions>
      <address:prefecture>愛媛県</address:prefecture>
      <address:city>四国中央市</address:city>
      <address:local>金生町山田井</address:local>
    </extensions>
  </wpt>
  <wpt lat="33.4565633" lon="132.2726227">
    <ele>225.95666666666668</ele>
    <name>金比羅山</name>
    <desc>Peak detected at 226m (prominence: 55m)
[Address] 愛媛県西宇和郡伊方町足成</desc>
    <sym>Summit</sym>
    <extensions>
      <address:prefecture>愛媛県</address:prefecture>
      <address:county>西宇和郡</address:county>
      <address:city>伊方町</address:city>
      <address:local>足成</address:local>
    </extensions>
  </wpt>
  <wpt lat="33.8556124" lon="132.7933144">
    <ele>221.10333333333332</ele>
    <name>道後山</name>
    <desc>Peak detected at 221m (prominence: 144m)
[Address] 愛媛県松山市常光寺町</desc>
    <sym>Summit</sym>
    <extensions>
      <address:prefecture>愛媛県</address:prefecture>
      <address:city>松山市</address:city>
      <address:local>常光寺町</address:local>
    </extensions>
  </wpt>
  <wpt lat="33.9465786" lon="132.799306">
    <ele>218.9593458353185</ele>
    <name>雄甲山</name>
    <desc>Peak detected at 219m (prominence: 162m)
[Address] 愛媛県松山市河野高山</desc>
    <sym>Summit</sym>
    <extensions>
      <address:prefecture>愛媛県</address:prefecture>
      <address:city>松山市</address:city>
      <address:local>河野高山</address:local>
    </extensions>
  </wpt>
  <wpt lat="34.1133271" lon="133.0210613">
    <ele>218.65</ele>
    <name>館山</name>
    <desc>Peak detected at 219m (prominence: 211m)
[Address] 愛媛県今治市吉海町臥間</desc>
    <sym>Summit</sym>
    <extensions>
      <address:prefecture>愛媛県</address:prefecture>
      <address:city>今治市</address:city>
      <address:local>吉海町臥間</address:local>
    </extensions>
  </wpt>
  <wpt lat="33.1384517" lon="132.4477537">
    <ele>217.52368147012137</ele>
    <name>峠ヶ森</name>
    <desc>Peak detected at 218m (prominence: 209m)
[Address] 愛媛県宇和島市</desc>
    <sym>Summit</sym>
    <extensions>
      <address:prefecture>愛媛県</address:prefecture>
      <address:city>宇和島市</address:city>
    </extensions>
  </wpt>
  <wpt lat="34.140513" lon="133.0475658">
    <ele>211.73666666666668</ele>
    <name>八幡山</name>
    <desc>Peak detected at 212m (prominence: 137m)
[Address] 愛媛県今治市吉海町八幡</desc>
    <sym>Summit</sym>
    <extensions>
      <address:prefecture>愛媛県</address:prefecture>
      <address:city>今治市</address:city>
      <address:local>吉海町八幡</address:local>
    </extensions>
  </wpt>
  <wpt lat="33.8924606" lon="133.0391092">
    <ele>211.39459610568747</ele>
    <name>愛ノ山</name>
    <desc>Peak detected at 211m (prominence: 160m)
[Address] 愛媛県西条市丹原町今井</desc>
    <sym>Summit</sym>
    <extensions>
      <address:prefecture>愛媛県</address:prefecture>
      <address:city>西条市</address:city>
      <address:local>丹原町今井</address:local>
    </extensions>
  </wpt>
  <wpt lat="33.8188713" lon="132.8530104">
    <ele>210.93999999999997</ele>
    <name>潮見山</name>
    <desc>Peak detected at 211m (prominence: 105m)
[Address] 愛媛県松山市北梅本町</desc>
    <sym>Summit</sym>
    <extensions>
      <address:prefecture>愛媛県</address:prefecture>
      <address:city>松山市</address:city>
      <address:local>北梅本町</address:local>
    </extensions>
  </wpt>
  <wpt lat="33.9932805" lon="132.7899177">
    <ele>206.86333333333332</ele>
    <name>腰折山</name>
    <desc>Peak detected at 207m (prominence: 76m)
[Address] 愛媛県松山市浅海原</desc>
    <sym>Summit</sym>
    <extensions>
      <address:prefecture>愛媛県</address:prefecture>
      <address:city>松山市</address:city>
      <address:local>浅海原</address:local>
    </extensions>
  </wpt>
  <wpt lat="34.2634531" lon="132.9718171">
    <ele>201.48000000000002</ele>
    <name>鏡山</name>
    <desc>Peak detected at 201m (prominence: 196m)
[Address] 愛媛県今治市</desc>
    <sym>Summit</sym>
    <extensions>
      <address:prefecture>愛媛県</address:prefecture>
      <address:city>今治市</address:city>
    </extensions>
  </wpt>
  <wpt lat="33.8831745" lon="132.7109537">
    <ele>195.95000000000002</ele>
    <name>経ヶ森</name>
    <desc>Peak detected at 196m (prominence: 162m)
[Address] 愛媛県松山市新浜町</desc>
    <sym>Summit</sym>
    <extensions>
      <address:prefecture>愛媛県</address:prefecture>
      <address:city>松山市</address:city>
      <address:local>新浜町</address:local>
    </extensions>
  </wpt>
  <wpt lat="33.8634835" lon="132.7695824">
    <ele>195.11333333333334</ele>
    <name>御幸寺山</name>
    <desc>Peak detected at 195m (prominence: 166m)
[Address] 愛媛県松山市祝谷西町</desc>
    <sym>Summit</sym>
    <extensions>
      <address:prefecture>愛媛県</address:prefecture>
      <address:city>松山市</address:city>
      <address:local>祝谷西町</address:local>
    </extensions>
  </wpt>
  <wpt lat="33.0306132" lon="132.399974">
    <ele>194.63</ele>
    <name>Peak (195m)</name>
    <desc>Peak detected at 195m (prominence: 87m)
[Address] 愛媛県南宇和郡愛南町網代</desc>
    <sym>Summit</sym>
    <extensions>
      <address:prefecture>愛媛県</address:prefecture>
      <address:county>南宇和郡</address:county>
      <address:city>愛南町</address:city>
      <address:local>網代</address:local>
    </extensions>
  </wpt>
  <wpt lat="33.7680114" lon="132.779871">
    <ele>192.99666666666667</ele>
    <name>Peak (193m)</name>
    <desc>Peak detected at 193m (prominence: 71m)
[Address] 愛媛県伊予郡砥部町三角</desc>
    <sym>Summit</sym>
    <extensions>
      <address:prefecture>愛媛県</address:prefecture>
      <address:county>伊予郡</address:county>
      <address:city>砥部町</address:city>
      <address:local>三角</address:local>
    </extensions>
  </wpt>
  <wpt lat="33.8975964" lon="133.1980477">
    <ele>191.83333333333334</ele>
    <name>八堂山</name>
    <desc>Peak detected at 192m (prominence: 180m)
[Address] 愛媛県西条市福武乙</desc>
    <sym>Summit</sym>
    <extensions>
      <address:prefecture>愛媛県</address:prefecture>
      <address:city>西条市</address:city>
      <address:local>福武乙</address:local>
    </extensions>
  </wpt>
  <wpt lat="33.9194619" lon="132.7676241">
    <ele>191.34803656971437</ele>
    <name>宅並山</name>
    <desc>Peak detected at 191m (prominence: 147m)
[Address] 愛媛県松山市小川</desc>
    <sym>Summit</sym>
    <extensions>
      <address:prefecture>愛媛県</address:prefecture>
      <address:city>松山市</address:city>
      <address:local>小川</address:local>
    </extensions>
  </wpt>
  <wpt lat="33.9989521" lon="132.785492">
    <ele>190.94333333333336</ele>
    <name>尾ノ峰</name>
    <desc>Peak detected at 191m (prominence: 132m)
[Address] 愛媛県松山市大浦</desc>
    <sym>Summit</sym>
    <extensions>
      <address:prefecture>愛媛県</address:prefecture>
      <address:city>松山市</address:city>
      <address:local>大浦</address:local>
    </extensions>
  </wpt>
  <wpt lat="33.8841169" lon="132.7626522">
    <ele>181.12</ele>
    <name>潮見山</name>
    <desc>Peak detected at 181m (prominence: 129m)
[Address] 愛媛県松山市平田町</desc>
    <sym>Summit</sym>
    <extensions>
      <address:prefecture>愛媛県</address:prefecture>
      <address:city>松山市</address:city>
      <address:local>平田町</address:local>
    </extensions>
  </wpt>
  <wpt lat="33.8792239" lon="132.7715271">
    <ele>173.09</ele>
    <name>八里ヶ峠</name>
    <desc>Peak detected at 173m (prominence: 124m)
[Address] 愛媛県松山市吉藤五丁目</desc>
    <sym>Summit</sym>
    <extensions>
      <address:prefecture>愛媛県</address:prefecture>
      <address:city>松山市</address:city>
      <address:local>吉藤五丁目</address:local>
    </extensions>
  </wpt>
  <wpt lat="33.8865639" lon="132.7116504">
    <ele>168.98333333333335</ele>
    <name>護摩ヶ森</name>
    <desc>Peak detected at 169m (prominence: 135m)
[Address] 愛媛県松山市新浜町</desc>
    <sym>Summit</sym>
    <extensions>
      <address:prefecture>愛媛県</address:prefecture>
      <address:city>松山市</address:city>
      <address:local>新浜町</address:local>
    </extensions>
  </wpt>
  <wpt lat="33.8667446" lon="132.768519">
    <ele>165.84333333333333</ele>
    <name>軽ノ山</name>
    <desc>Peak detected at 166m (prominence: 121m)
[Address] 愛媛県松山市祝谷西町</desc>
    <sym>Summit</sym>
    <extensions>
      <address:prefecture>愛媛県</address:prefecture>
      <address:city>松山市</address:city>
      <address:local>祝谷西町</address:local>
    </extensions>
  </wpt>
  <wpt lat="33.85598" lon="132.7730493">
    <ele>158.70333333333335</ele>
    <name>Peak (159m)</name>
    <desc>Peak detected at 159m (prominence: 118m)
[Address] 愛媛県松山市道後北代</desc>
    <sym>Summit</sym>
    <extensions>
      <address:prefecture>愛媛県</address:prefecture>
      <address:city>松山市</address:city>
      <address:local>道後北代</address:local>
    </extensions>
  </wpt>
  <wpt lat="33.9926561" lon="132.7813592">
    <ele>156.4466666666667</ele>
    <name>新城山</name>
    <desc>Peak detected at 156m (prominence: 51m)
[Address] 愛媛県松山市下難波</desc>
    <sym>Summit</sym>
    <extensions>
      <address:prefecture>愛媛県</address:prefecture>
      <address:city>松山市</address:city>
      <address:local>下難波</address:local>
    </extensions>
  </wpt>
  <wpt lat="34.2432829" lon="133.0072567">
    <ele>156.04151443047127</ele>
    <name>Peak (156m)</name>
    <desc>Peak detected at 156m (prominence: 140m)
[Address] 愛媛県今治市大三島町宮浦</desc>
    <sym>Summit</sym>
    <extensions>
      <address:prefecture>愛媛県</address:prefecture>
      <address:city>今治市</address:city>
      <address:local>大三島町宮浦</address:local>
    </extensions>
  </wpt>
  <wpt lat="34.0105612" lon="133.0203144">
    <ele>152.43333333333337</ele>
    <name>霊仙山</name>
    <desc>Peak detected at 152m (prominence: 132m)
[Address] 愛媛県今治市旦</desc>
    <sym>Summit</sym>
    <extensions>
      <address:prefecture>愛媛県</address:prefecture>
      <address:city>今治市</address:city>
      <address:local>旦</address:local>
    </extensions>
  </wpt>
  <wpt lat="33.816673" lon="132.8428244">
    <ele>152.25333333333333</ele>
    <name>Peak (152m)</name>
    <desc>Peak detected at 152m (prominence: 56m)
[Address] 愛媛県松山市平井町</desc>
    <sym>Summit</sym>
    <extensions>
      <address:prefecture>愛媛県</address:prefecture>
      <address:city>松山市</address:city>
      <address:local>平井町</address:local>
    </extensions>
  </wpt>
  <wpt lat="33.9423212" lon="133.2748429">
    <ele>148.30058041636374</ele>
    <name>金子山</name>
    <desc>Peak detected at 148m (prominence: 126m)
[Address] 愛媛県新居浜市横水町</desc>
    <sym>Summit</sym>
    <extensions>
      <address:prefecture>愛媛県</address:prefecture>
      <address:city>新居浜市</address:city>
      <address:local>横水町</address:local>
    </extensions>
  </wpt>
  <wpt lat="33.859723" lon="132.8152899">
    <ele>145.66</ele>
    <name>Peak (146m)</name>
    <desc>Peak detected at 146m (prominence: 33m)
[Address] 愛媛県松山市上高野町</desc>
    <sym>Summit</sym>
    <extensions>
      <address:prefecture>愛媛県</address:prefecture>
      <address:city>松山市</address:city>
      <address:local>上高野町</address:local>
    </extensions>
  </wpt>
  <wpt lat="34.2444484" lon="133.2061963">
    <ele>136.67</ele>
    <name>久司山</name>
    <desc>Peak detected at 137m (prominence: 35m)
[Address] 愛媛県越智郡上島町弓削鎌田</desc>
    <sym>Summit</sym>
    <extensions>
      <address:prefecture>愛媛県</address:prefecture>
      <address:county>越智郡</address:county>
      <address:city>上島町</address:city>
      <address:local>弓削鎌田</address:local>
    </extensions>
  </wpt>
  <wpt lat="34.280645" lon="133.1726806">
    <ele>133.6903994266386</ele>
    <name>立石山</name>
    <desc>Peak detected at 134m (prominence: 124m)
[Address] 愛媛県越智郡上島町生名</desc>
    <sym>Summit</sym>
    <extensions>
      <address:prefecture>愛媛県</address:prefecture>
      <address:county>越智郡</address:county>
      <address:city>上島町</address:city>
      <address:local>生名</address:local>
    </extensions>
  </wpt>
  <wpt lat="34.2604083" lon="133.178604">
    <ele>132.84324070749756</ele>
    <name>鉢巻山</name>
    <desc>Peak detected at 133m (prominence: 121m)
[Address] 愛媛県越智郡上島町生名</desc>
    <sym>Summit</sym>
    <extensions>
      <address:prefecture>愛媛県</address:prefecture>
      <address:county>越智郡</address:county>
      <address:city>上島町</address:city>
      <address:local>生名</address:local>
    </extensions>
  </wpt>
  <wpt lat="34.1144302" lon="132.9156361">
    <ele>131.66666666666666</ele>
    <name>高山</name>
    <desc>Peak detected at 132m (prominence: 73m)
[Address] 愛媛県今治市波方町馬刀潟</desc>
    <sym>Summit</sym>
    <extensions>
      <address:prefecture>愛媛県</address:prefecture>
      <address:city>今治市</address:city>
      <address:local>波方町馬刀潟</address:local>
    </extensions>
  </wpt>
  <wpt lat="33.844404" lon="132.7665578">
    <ele>129.4799661552467</ele>
    <name>Peak (129m)</name>
    <desc>Peak detected at 129m (prominence: 98m)
[Address] 愛媛県松山市鉄砲町</desc>
    <sym>Summit</sym>
    <extensions>
      <address:prefecture>愛媛県</address:prefecture>
      <address:city>松山市</address:city>
      <address:local>鉄砲町</address:local>
    </extensions>
  </wpt>
  <wpt lat="33.8442998" lon="132.7151969">
    <ele>123.67</ele>
    <name>弁天山</name>
    <desc>Peak detected at 124m (prominence: 114m)
[Address] 愛媛県松山市別府町</desc>
    <sym>Summit</sym>
    <extensions>
      <address:prefecture>愛媛県</address:prefecture>
      <address:city>松山市</address:city>
      <address:local>別府町</address:local>
    </extensions>
  </wpt>
  <wpt lat="33.9651048" lon="132.6367544">
    <ele>121.16666666666667</ele>
    <name>高山</name>
    <desc>Peak detected at 121m (prominence: 104m)
[Address] 愛媛県松山市小浜</desc>
    <sym>Summit</sym>
    <extensions>
      <address:prefecture>愛媛県</address:prefecture>
      <address:city>松山市</address:city>
      <address:local>小浜</address:local>
    </extensions>
  </wpt>
  <wpt lat="33.8494454" lon="132.7983769">
    <ele>120.82333333333334</ele>
    <name>Peak (121m)</name>
    <desc>Peak detected at 121m (prominence: 68m)
[Address] 愛媛県松山市新石手</desc>
    <sym>Summit</sym>
    <extensions>
      <address:prefecture>愛媛県</address:prefecture>
      <address:city>松山市</address:city>
      <address:local>新石手</address:local>
    </extensions>
  </wpt>
  <wpt lat="33.9183794" lon="132.6903824">
    <ele>120.40666666666665</ele>
    <name>犬吠山</name>
    <desc>Peak detected at 120m (prominence: 106m)
[Address] 愛媛県松山市門田町</desc>
    <sym>Summit</sym>
    <extensions>
      <address:prefecture>愛媛県</address:prefecture>
      <address:city>松山市</address:city>
      <address:local>門田町</address:local>
    </extensions>
  </wpt>
  <wpt lat="33.8440521" lon="132.7412572">
    <ele>117.91000000000001</ele>
    <name>大峰ヶ台</name>
    <desc>Peak detected at 118m (prominence: 44m)
[Address] 愛媛県松山市南江戸町</desc>
    <sym>Summit</sym>
    <extensions>
      <address:prefecture>愛媛県</address:prefecture>
      <address:city>松山市</address:city>
      <address:local>南江戸町</address:local>
    </extensions>
  </wpt>
  <wpt lat="33.9054103" lon="132.6682142">
    <ele>112.67333333333333</ele>
    <name>高戸山</name>
    <desc>Peak detected at 113m (prominence: 35m)
[Address] 愛媛県松山市由良町</desc>
    <sym>Summit</sym>
    <extensions>
      <address:prefecture>愛媛県</address:prefecture>
      <address:city>松山市</address:city>
      <address:local>由良町</address:local>
    </extensions>
  </wpt>
  <wpt lat="33.9108676" lon="132.6865172">
    <ele>111.76333333333332</ele>
    <name>泰の山</name>
    <desc>Peak detected at 112m (prominence: 74m)
[Address] 愛媛県松山市門田町</desc>
    <sym>Summit</sym>
    <extensions>
      <address:prefecture>愛媛県</address:prefecture>
      <address:city>松山市</address:city>
      <address:local>門田町</address:local>
    </extensions>
  </wpt>
  <wpt lat="33.8362547" lon="132.7147629">
    <ele>110.77666666666669</ele>
    <name>岩子山</name>
    <desc>Peak detected at 111m (prominence: 37m)
[Address] 愛媛県松山市高岡町</desc>
    <sym>Summit</sym>
    <extensions>
      <address:prefecture>愛媛県</address:prefecture>
      <address:city>松山市</address:city>
      <address:local>高岡町</address:local>
    </extensions>
  </wpt>
  <wpt lat="34.0274965" lon="133.032579">
    <ele>108.91779584922217</ele>
    <name>唐子山</name>
    <desc>Peak detected at 109m (prominence: 98m)
[Address] 愛媛県今治市古国分三丁目</desc>
    <sym>Summit</sym>
    <extensions>
      <address:prefecture>愛媛県</address:prefecture>
      <address:city>今治市</address:city>
      <address:local>古国分三丁目</address:local>
    </extensions>
  </wpt>
  <wpt lat="33.8420709" lon="132.731764">
    <ele>107.46</ele>
    <name>津田山</name>
    <desc>Peak detected at 107m (prominence: 76m)
[Address] 愛媛県松山市南斎院町</desc>
    <sym>Summit</sym>
    <extensions>
      <address:prefecture>愛媛県</address:prefecture>
      <address:city>松山市</address:city>
      <address:local>南斎院町</address:local>
    </extensions>
  </wpt>
  <wpt lat="33.9769486" lon="132.6147118">
    <ele>105.34333333333332</ele>
    <name>Peak (105m)</name>
    <desc>Peak detected at 105m (prominence: 93m)
[Address] 愛媛県松山市中島大浦</desc>
    <sym>Summit</sym>
    <extensions>
      <address:prefecture>愛媛県</address:prefecture>
      <address:city>松山市</address:city>
      <address:local>中島大浦</address:local>
    </extensions>
  </wpt>
  <wpt lat="33.8487713" lon="132.7957131">
    <ele>104.27999999999999</ele>
    <name>常光寺山</name>
    <desc>Peak detected at 104m (prominence: 39m)
[Address] 愛媛県松山市新石手</desc>
    <sym>Summit</sym>
    <extensions>
      <address:prefecture>愛媛県</address:prefecture>
      <address:city>松山市</address:city>
      <address:local>新石手</address:local>
    </extensions>
  </wpt>
  <wpt lat="33.9892197" lon="133.3258232">
    <ele>103.26298735700367</ele>
    <name>垣生山</name>
    <desc>Peak detected at 103m (prominence: 64m)
[Address] 愛媛県新居浜市垣生</desc>
    <sym>Summit</sym>
    <extensions>
      <address:prefecture>愛媛県</address:prefecture>
      <address:city>新居浜市</address:city>
      <address:local>垣生</address:local>
    </extensions>
  </wpt>
  <wpt lat="33.8390197" lon="132.7201785">
    <ele>102.87</ele>
    <name>権現山</name>
    <desc>Peak detected at 103m (prominence: 69m)
[Address] 愛媛県松山市北斎院町</desc>
    <sym>Summit</sym>
    <extensions>
      <address:prefecture>愛媛県</address:prefecture>
      <address:city>松山市</address:city>
      <address:local>北斎院町</address:local>
    </extensions>
  </wpt>
  <wpt lat="33.8899037" lon="132.758853">
    <ele>99.92333333333335</ele>
    <name>鳥越山</name>
    <desc>Peak detected at 100m (prominence: 48m)
[Address] 愛媛県松山市平田町</desc>
    <sym>Summit</sym>
    <extensions>
      <address:prefecture>愛媛県</address:prefecture>
      <address:city>松山市</address:city>
      <address:local>平田町</address:local>
    </extensions>
  </wpt>
  <wpt lat="33.9739877" lon="132.7641726">
    <ele>99.19338457582633</ele>
    <name>鹿島山</name>
    <desc>Peak detected at 99m (prominence: 86m)
[Address] 愛媛県松山市土手内</desc>
    <sym>Summit</sym>
    <extensions>
      <address:prefecture>愛媛県</address:prefecture>
      <address:city>松山市</address:city>
      <address:local>土手内</address:local>
    </extensions>
  </wpt>
  <wpt lat="33.9801287" lon="133.0507842">
    <ele>98.37666666666667</ele>
    <name>医王山</name>
    <desc>Peak detected at 98m (prominence: 53m)
[Address] 愛媛県西条市楠</desc>
    <sym>Summit</sym>
    <extensions>
      <address:prefecture>愛媛県</address:prefecture>
      <address:city>西条市</address:city>
      <address:local>楠</address:local>
    </extensions>
  </wpt>
  <wpt lat="33.9135717" lon="132.7570186">
    <ele>92.21</ele>
    <name>要害山</name>
    <desc>Peak detected at 92m (prominence: 79m)
[Address] 愛媛県松山市堀江町</desc>
    <sym>Summit</sym>
    <extensions>
      <address:prefecture>愛媛県</address:prefecture>
      <address:city>松山市</address:city>
      <address:local>堀江町</address:local>
    </extensions>
  </wpt>
  <wpt lat="33.8763934" lon="132.685607">
    <ele>89.01666666666667</ele>
    <name>黒崎山</name>
    <desc>Peak detected at 89m (prominence: 88m)
[Address] 愛媛県松山市泊町</desc>
    <sym>Summit</sym>
    <extensions>
      <address:prefecture>愛媛県</address:prefecture>
      <address:city>松山市</address:city>
      <address:local>泊町</address:local>
    </extensions>
  </wpt>
  <wpt lat="33.8828272" lon="132.7569442">
    <ele>87.11000000000001</ele>
    <name>中坂山</name>
    <desc>Peak detected at 87m (prominence: 34m)
[Address] 愛媛県松山市谷町</desc>
    <sym>Summit</sym>
    <extensions>
      <address:prefecture>愛媛県</address:prefecture>
      <address:city>松山市</address:city>
      <address:local>谷町</address:local>
    </extensions>
  </wpt>
  <wpt lat="33.8773459" lon="132.7614769">
    <ele>76.83333333333333</ele>
    <name>天神山</name>
    <desc>Peak detected at 77m (prominence: 36m)
[Address] 愛媛県松山市谷町</desc>
    <sym>Summit</sym>
    <extensions>
      <address:prefecture>愛媛県</address:prefecture>
      <address:city>松山市</address:city>
      <address:local>谷町</address:local>
    </extensions>
  </wpt>
  <wpt lat="33.8164872" lon="132.787544">
    <ele>69.03333333333333</ele>
    <name>星岡山</name>
    <desc>Peak detected at 69m (prominence: 36m)
[Address] 愛媛県松山市星岡町</desc>
    <sym>Summit</sym>
    <extensions>
      <address:prefecture>愛媛県</address:prefecture>
      <address:city>松山市</address:city>
      <address:local>星岡町</address:local>
    </extensions>
  </wpt>
  <wpt lat="33.8438046" lon="132.7313169">
    <ele>67.89666666666668</ele>
    <name>垣生山</name>
    <desc>Peak detected at 68m (prominence: 39m)
[Address] 愛媛県松山市南江戸町</desc>
    <sym>Summit</sym>
    <extensions>
      <address:prefecture>愛媛県</address:prefecture>
      <address:city>松山市</address:city>
      <address:local>南江戸町</address:local>
    </extensions>
  </wpt>
  <wpt lat="33.8724674" lon="132.7108146">
    <ele>63.77666666666667</ele>
    <name>大丸山</name>
    <desc>Peak detected at 64m (prominence: 56m)
[Address] 愛媛県松山市梅津寺町</desc>
    <sym>Summit</sym>
    <extensions>
      <address:prefecture>愛媛県</address:prefecture>
      <address:city>松山市</address:city>
      <address:local>梅津寺町</address:local>
    </extensions>
  </wpt>
  <wpt lat="34.2470088" lon="132.9890515">
    <ele>62.803333333333335</ele>
    <name>御串山</name>
    <desc>Peak detected at 63m (prominence: 42m)
[Address] 愛媛県今治市大三島町明日</desc>
    <sym>Summit</sym>
    <extensions>
      <address:prefecture>愛媛県</address:prefecture>
      <address:city>今治市</address:city>
      <address:local>大三島町明日</address:local>
    </extensions>
  </wpt>
  <wpt lat="33.8920646" lon="132.6706697">
    <ele>62.39020293366199</ele>
    <name>Peak (62m)</name>
    <desc>Peak detected at 62m (prominence: 55m)
[Address] 愛媛県松山市門田町</desc>
    <sym>Summit</sym>
    <extensions>
      <address:prefecture>愛媛県</address:prefecture>
      <address:city>松山市</address:city>
      <address:local>門田町</address:local>
    </extensions>
  </wpt>
  <wpt lat="33.8941455" lon="132.7646371">
    <ele>59.99333333333334</ele>
    <name>佐古田山</name>
    <desc>Peak detected at 60m (prominence: 35m)
[Address] 愛媛県松山市福角町</desc>
    <sym>Summit</sym>
    <extensions>
      <address:prefecture>愛媛県</address:prefecture>
      <address:city>松山市</address:city>
      <address:local>福角町</address:local>
    </extensions>
  </wpt>
  <wpt lat="33.8919295" lon="132.7535894">
    <ele>58.70666666666667</ele>
    <name>金毘羅山</name>
    <desc>Peak detected at 59m (prominence: 37m)
[Address] 愛媛県松山市平田町</desc>
    <sym>Summit</sym>
    <extensions>
      <address:prefecture>愛媛県</address:prefecture>
      <address:city>松山市</address:city>
      <address:local>平田町</address:local>
    </extensions>
  </wpt>
  <wpt lat="34.2687521" lon="133.1998766">
    <ele>52.94</ele>
    <name>伊勢山</name>
    <desc>Peak detected at 53m (prominence: 40m)
[Address] 愛媛県越智郡上島町弓削明神</desc>
    <sym>Summit</sym>
    <extensions>
      <address:prefecture>愛媛県</address:prefecture>
      <address:county>越智郡</address:county>
      <address:city>上島町</address:city>
      <address:local>弓削明神</address:local>
    </extensions>
  </wpt>
  <wpt lat="34.0752611" lon="132.9233053">
    <ele>50.49</ele>
    <name>花木山</name>
    <desc>Peak detected at 50m (prominence: 41m)
[Address] 愛媛県今治市大西町九王</desc>
    <sym>Summit</sym>
    <extensions>
      <address:prefecture>愛媛県</address:prefecture>
      <address:city>今治市</address:city>
      <address:local>大西町九王</address:local>
    </extensions>
  </wpt>
  <wpt lat="33.3437391" lon="132.0161535">
    <ele>50.463046185756546</ele>
    <name>Peak (50m)</name>
    <desc>Peak detected at 50m (prominence: 35m)
[Address] 愛媛県西宇和郡伊方町佐田岬三崎線</desc>
    <sym>Summit</sym>
    <extensions>
      <address:prefecture>愛媛県</address:prefecture>
      <address:county>西宇和郡</address:county>
      <address:city>伊方町</address:city>
      <address:local>佐田岬三崎線</address:local>
    </extensions>
  </wpt>
  <wpt lat="33.8685514" lon="132.7112215">
    <ele>47.879999999999995</ele>
    <name>西港山</name>
    <desc>Peak detected at 48m (prominence: 37m)
[Address] 愛媛県松山市梅津寺町</desc>
    <sym>Summit</sym>
    <extensions>
      <address:prefecture>愛媛県</address:prefecture>
      <address:city>松山市</address:city>
      <address:local>梅津寺町</address:local>
    </extensions>
  </wpt>
  <wpt lat="33.8441067" lon="132.7004302">
    <ele>42.296666666666674</ele>
    <name>忽那山</name>
    <desc>Peak detected at 42m (prominence: 34m)
[Address] 愛媛県松山市北吉田町</desc>
    <sym>Summit</sym>
    <extensions>
      <address:prefecture>愛媛県</address:prefecture>
      <address:city>松山市</address:city>
      <address:local>北吉田町</address:local>
    </extensions>
  </wpt>
  <wpt lat="33.8685926" lon="132.7153244">
    <ele>41.080000000000005</ele>
    <name>港山</name>
    <desc>Peak detected at 41m (prominence: 39m)
[Address] 愛媛県松山市港山町</desc>
    <sym>Summit</sym>
    <extensions>
      <address:prefecture>愛媛県</address:prefecture>
      <address:city>松山市</address:city>
      <address:local>港山町</address:local>
    </extensions>
  </wpt>
</gpx>