<?xml version='1.0' encoding='UTF-8'?><gpx creator="YAMAP - https://yamap.com" xsi:schemaLocation="http://www.topografix.com/GPX/1/1 http://www.topografix.com/GPX/1/1/gpx.xsd" version="1.1" xmlns="http://www.topografix.com/GPX/1/1" xmlns:xsi="http://www.w3.org/2001/XMLSchema-instance"><metadata><bounds maxlat="33.9250358" maxlon="133.3591666" minlat="33.8755359" minlon="133.308552"/></metadata><trk><name>えんとつ山・生子山・犬返・種子川山・西赤石山・物住頭・上兜山・下兜山</name><number>1</number><trkseg><trkpt lat="33.9231979" lon="133.3100693"><ele>55.45</ele><time>2023-03-28T20:31:42Z</time></trkpt><trkpt lat="33.923038" lon="133.3099622"><ele>55.57</ele><time>2023-03-28T20:32:15Z</time></trkpt><trkpt lat="33.9228597" lon="133.3099203"><ele>55.73666666666667</ele><time>2023-03-28T20:32:32Z</time></trkpt><trkpt lat="33.9227142" lon="133.309787"><ele>55.98333333333333</ele><time>2023-03-28T20:32:49Z</time></trkpt><trkpt lat="33.9225845" lon="133.3096235"><ele>56.19333333333333</ele><time>2023-03-28T20:33:04Z</time></trkpt><trkpt lat="33.9224858" lon="133.3094362"><ele>56.32333333333333</ele><time>2023-03-28T20:33:16Z</time></trkpt><trkpt lat="33.9223765" lon="133.3092586"><ele>56.54</ele><time>2023-03-28T20:33:32Z</time></trkpt><trkpt lat="33.9222932" lon="133.3090609"><ele>56.663333333333334</ele><time>2023-03-28T20:34:10Z</time></trkpt><trkpt lat="33.9221126" lon="133.3090735"><ele>57.13666666666666</ele><time>2023-03-28T20:36:05Z</time></trkpt><trkpt lat="33.9219625" lon="133.3092073"><ele>57.839999999999996</ele><time>2023-03-28T20:36:13Z</time></trkpt><trkpt lat="33.9218362" lon="133.3093659"><ele>59.223333333333336</ele><time>2023-03-28T20:36:24Z</time></trkpt><trkpt lat="33.9218683" lon="133.3095847"><ele>59.75333333333333</ele><time>2023-03-28T20:36:38Z</time></trkpt><trkpt lat="33.9217873" lon="133.3093905"><ele>60.38333333333333</ele><time>2023-03-28T20:36:59Z</time></trkpt><trkpt lat="33.9217508" lon="133.3091608"><ele>60.31333333333333</ele><time>2023-03-28T20:37:13Z</time></trkpt><trkpt lat="33.9216566" lon="133.3089715"><ele>60.32</ele><time>2023-03-28T20:37:24Z</time></trkpt><trkpt lat="33.921471" lon="133.3089722"><ele>60.18666666666667</ele><time>2023-03-28T20:37:35Z</time></trkpt><trkpt lat="33.9213733" lon="133.3087754"><ele>59.74</ele><time>2023-03-28T20:38:00Z</time></trkpt><trkpt lat="33.9212059" lon="133.3086876"><ele>59.76</ele><time>2023-03-28T20:38:18Z</time></trkpt><trkpt lat="33.9210274" lon="133.3086451"><ele>59.98666666666667</ele><time>2023-03-28T20:38:32Z</time></trkpt><trkpt lat="33.9208463" lon="133.3086128"><ele>60.543333333333344</ele><time>2023-03-28T20:38:46Z</time></trkpt><trkpt lat="33.9206726" lon="133.308552"><ele>61.26666666666667</ele><time>2023-03-28T20:39:02Z</time></trkpt><trkpt lat="33.9204841" lon="133.3085661"><ele>62.31</ele><time>2023-03-28T20:39:15Z</time></trkpt><trkpt lat="33.9203105" lon="133.3086391"><ele>64.10000000000001</ele><time>2023-03-28T20:39:25Z</time></trkpt><trkpt lat="33.920128" lon="133.3086695"><ele>65.83999999999999</ele><time>2023-03-28T20:39:41Z</time></trkpt><trkpt lat="33.9199693" lon="133.3087733"><ele>67.17666666666666</ele><time>2023-03-28T20:39:59Z</time></trkpt><trkpt lat="33.9201432" lon="133.3088395"><ele>68.27999999999999</ele><time>2023-03-28T20:40:51Z</time></trkpt><trkpt lat="33.9203277" lon="133.3088326"><ele>69.2</ele><time>2023-03-28T20:41:06Z</time></trkpt><trkpt lat="33.9205128" lon="133.3088792"><ele>71.89333333333333</ele><time>2023-03-28T20:41:23Z</time></trkpt><trkpt lat="33.9206407" lon="133.3090352"><ele>76.37666666666668</ele><time>2023-03-28T20:42:04Z</time></trkpt><trkpt lat="33.9207917" lon="133.3091561"><ele>82.32666666666667</ele><time>2023-03-28T20:42:18Z</time></trkpt><trkpt lat="33.9208901" lon="133.3093404"><ele>86.68666666666667</ele><time>2023-03-28T20:42:35Z</time></trkpt><trkpt lat="33.9209381" lon="133.3095545"><ele>88.09333333333332</ele><time>2023-03-28T20:43:11Z</time></trkpt><trkpt lat="33.9208747" lon="133.3097665"><ele>90.29333333333334</ele><time>2023-03-28T20:43:27Z</time></trkpt><trkpt lat="33.9208339" lon="133.3099873"><ele>93.95666666666666</ele><time>2023-03-28T20:43:39Z</time></trkpt><trkpt lat="33.9207985" lon="133.310205"><ele>98.42666666666666</ele><time>2023-03-28T20:43:52Z</time></trkpt><trkpt lat="33.920848" lon="133.3104148"><ele>101.78000000000002</ele><time>2023-03-28T20:44:24Z</time></trkpt><trkpt lat="33.9208261" lon="133.3106359"><ele>106.52</ele><time>2023-03-28T20:44:37Z</time></trkpt><trkpt lat="33.9209487" lon="133.3108013"><ele>110.43666666666667</ele><time>2023-03-28T20:45:03Z</time></trkpt><trkpt lat="33.920963" lon="133.3110199"><ele>115.13333333333333</ele><time>2023-03-28T20:45:31Z</time></trkpt><trkpt lat="33.920916" lon="133.3112301"><ele>118.91666666666667</ele><time>2023-03-28T20:45:44Z</time></trkpt><trkpt lat="33.9207777" lon="133.3110862"><ele>125.08999999999999</ele><time>2023-03-28T20:46:12Z</time></trkpt><trkpt lat="33.9207579" lon="133.3108672"><ele>128.60000000000002</ele><time>2023-03-28T20:46:31Z</time></trkpt><trkpt lat="33.9206734" lon="133.3106711"><ele>128.20333333333335</ele><time>2023-03-28T20:46:46Z</time></trkpt><trkpt lat="33.9205516" lon="133.3105085"><ele>127.27666666666669</ele><time>2023-03-28T20:47:04Z</time></trkpt><trkpt lat="33.9204989" lon="133.3102992"><ele>126.61666666666667</ele><time>2023-03-28T20:47:18Z</time></trkpt><trkpt lat="33.9204846" lon="133.310082"><ele>127.14666666666666</ele><time>2023-03-28T20:49:00Z</time></trkpt><trkpt lat="33.9204391" lon="133.3098698"><ele>126.87666666666667</ele><time>2023-03-28T20:49:26Z</time></trkpt><trkpt lat="33.9205098" lon="133.3100727"><ele>125.84333333333335</ele><time>2023-03-28T20:51:08Z</time></trkpt><trkpt lat="33.9205333" lon="133.3102874"><ele>125.32000000000001</ele><time>2023-03-28T20:51:27Z</time></trkpt><trkpt lat="33.9205564" lon="133.3105026"><ele>125.58999999999999</ele><time>2023-03-28T20:51:44Z</time></trkpt><trkpt lat="33.9206464" lon="133.3106979"><ele>126.86000000000001</ele><time>2023-03-28T20:51:58Z</time></trkpt><trkpt lat="33.9207432" lon="133.3108895"><ele>128.20000000000002</ele><time>2023-03-28T20:52:09Z</time></trkpt><trkpt lat="33.9207887" lon="133.3111069"><ele>128.23333333333332</ele><time>2023-03-28T20:52:24Z</time></trkpt><trkpt lat="33.9208343" lon="133.3113198"><ele>129.02666666666667</ele><time>2023-03-28T20:54:05Z</time></trkpt><trkpt lat="33.9208328" lon="133.311552"><ele>129.60333333333332</ele><time>2023-03-28T20:54:20Z</time></trkpt><trkpt lat="33.9208607" lon="133.3117664"><ele>129.29666666666665</ele><time>2023-03-28T20:54:39Z</time></trkpt><trkpt lat="33.9208572" lon="133.3119886"><ele>129.74</ele><time>2023-03-28T20:54:56Z</time></trkpt><trkpt lat="33.9208329" lon="133.3122033"><ele>132.11666666666667</ele><time>2023-03-28T20:55:14Z</time></trkpt><trkpt lat="33.9209139" lon="133.3123983"><ele>137.49666666666667</ele><time>2023-03-28T20:55:30Z</time></trkpt><trkpt lat="33.9208125" lon="133.3125804"><ele>143.9466666666667</ele><time>2023-03-28T20:55:58Z</time></trkpt><trkpt lat="33.9207238" lon="133.3127698"><ele>151.33666666666667</ele><time>2023-03-28T20:57:18Z</time></trkpt><trkpt lat="33.9206246" lon="133.312956"><ele>159.44000000000003</ele><time>2023-03-28T20:58:16Z</time></trkpt><trkpt lat="33.9205562" lon="133.313161"><ele>167.1266666666667</ele><time>2023-03-28T20:58:59Z</time></trkpt><trkpt lat="33.9204649" lon="133.3133479"><ele>175.79666666666665</ele><time>2023-03-28T20:59:38Z</time></trkpt><trkpt lat="33.9203836" lon="133.3135507"><ele>185.40666666666667</ele><time>2023-03-28T21:00:01Z</time></trkpt><trkpt lat="33.920338" lon="133.3137623"><ele>196.09333333333333</ele><time>2023-03-28T21:01:14Z</time></trkpt><trkpt lat="33.9201863" lon="133.3138841"><ele>205.32666666666668</ele><time>2023-03-28T21:01:36Z</time></trkpt><trkpt lat="33.9200916" lon="133.3140714"><ele>213.58</ele><time>2023-03-28T21:03:21Z</time></trkpt><trkpt lat="33.9199759" lon="133.3142405"><ele>221.5533333333333</ele><time>2023-03-28T21:03:41Z</time></trkpt><trkpt lat="33.9198948" lon="133.3144361"><ele>229.77</ele><time>2023-03-28T21:04:37Z</time></trkpt><trkpt lat="33.9197729" lon="133.3145962"><ele>239.07000000000002</ele><time>2023-03-28T21:05:06Z</time></trkpt><trkpt lat="33.9196378" lon="133.314741"><ele>249.99666666666667</ele><time>2023-03-28T21:05:48Z</time></trkpt><trkpt lat="33.9197247" lon="133.3149334"><ele>259.96999999999997</ele><time>2023-03-28T21:07:01Z</time></trkpt><trkpt lat="33.9196348" lon="133.3151227"><ele>269.3333333333333</ele><time>2023-03-28T21:07:28Z</time></trkpt><trkpt lat="33.9194582" lon="133.3150679"><ele>275.81333333333333</ele><time>2023-03-28T21:13:59Z</time></trkpt><trkpt lat="33.9192749" lon="133.3151137"><ele>283.38666666666666</ele><time>2023-03-28T21:14:11Z</time></trkpt><trkpt lat="33.919101" lon="133.3150549"><ele>289.8666666666667</ele><time>2023-03-28T21:15:07Z</time></trkpt><trkpt lat="33.9189201" lon="133.315065"><ele>295.88000000000005</ele><time>2023-03-28T21:15:39Z</time></trkpt><trkpt lat="33.9187438" lon="133.3150186"><ele>298.99333333333334</ele><time>2023-03-28T21:16:08Z</time></trkpt><trkpt lat="33.9186063" lon="133.3151627"><ele>299.84999999999997</ele><time>2023-03-28T21:22:13Z</time></trkpt><trkpt lat="33.9184456" lon="133.3152716"><ele>298.31</ele><time>2023-03-28T21:23:01Z</time></trkpt><trkpt lat="33.9182978" lon="133.3153967"><ele>294.2033333333333</ele><time>2023-03-28T21:23:19Z</time></trkpt><trkpt lat="33.9181079" lon="133.3154625"><ele>288.25</ele><time>2023-03-28T21:23:57Z</time></trkpt><trkpt lat="33.9179206" lon="133.315511"><ele>283.6766666666667</ele><time>2023-03-28T21:24:18Z</time></trkpt><trkpt lat="33.9177657" lon="133.3156273"><ele>281.1766666666667</ele><time>2023-03-28T21:24:33Z</time></trkpt><trkpt lat="33.9176101" lon="133.3157406"><ele>278.25333333333333</ele><time>2023-03-28T21:24:59Z</time></trkpt><trkpt lat="33.9175537" lon="133.3159465"><ele>279.70000000000005</ele><time>2023-03-28T21:25:21Z</time></trkpt><trkpt lat="33.9173671" lon="133.3159574"><ele>283.2766666666667</ele><time>2023-03-28T21:26:41Z</time></trkpt><trkpt lat="33.9171875" lon="133.3159079"><ele>287.50666666666666</ele><time>2023-03-28T21:26:59Z</time></trkpt><trkpt lat="33.9170101" lon="133.3158646"><ele>287.26</ele><time>2023-03-28T21:27:26Z</time></trkpt><trkpt lat="33.9168442" lon="133.3159563"><ele>288.47333333333336</ele><time>2023-03-28T21:27:54Z</time></trkpt><trkpt lat="33.9166639" lon="133.3159951"><ele>294.50333333333333</ele><time>2023-03-28T21:28:41Z</time></trkpt><trkpt lat="33.9165369" lon="133.316149"><ele>302.1133333333333</ele><time>2023-03-28T21:28:54Z</time></trkpt><trkpt lat="33.9163595" lon="133.3161918"><ele>308.4533333333333</ele><time>2023-03-28T21:29:34Z</time></trkpt><trkpt lat="33.9161791" lon="133.3162464"><ele>312.9633333333333</ele><time>2023-03-28T21:29:48Z</time></trkpt><trkpt lat="33.9159972" lon="133.3162754"><ele>316.0466666666667</ele><time>2023-03-28T21:30:03Z</time></trkpt><trkpt lat="33.9158314" lon="133.3161842"><ele>318.01</ele><time>2023-03-28T21:30:21Z</time></trkpt><trkpt lat="33.9156503" lon="133.3162025"><ele>319.49</ele><time>2023-03-28T21:30:40Z</time></trkpt><trkpt lat="33.9155491" lon="133.3163877"><ele>320.53333333333336</ele><time>2023-03-28T21:31:19Z</time></trkpt><trkpt lat="33.9153821" lon="133.3164832"><ele>321.50333333333333</ele><time>2023-03-28T21:31:35Z</time></trkpt><trkpt lat="33.9152025" lon="133.3165809"><ele>322.17333333333335</ele><time>2023-03-28T21:31:48Z</time></trkpt><trkpt lat="33.9150251" lon="133.3166216"><ele>323.38</ele><time>2023-03-28T21:32:01Z</time></trkpt><trkpt lat="33.9148453" lon="133.3166411"><ele>324.35999999999996</ele><time>2023-03-28T21:32:17Z</time></trkpt><trkpt lat="33.914653" lon="133.3166973"><ele>324.8</ele><time>2023-03-28T21:32:49Z</time></trkpt><trkpt lat="33.9144694" lon="133.3167015"><ele>326.79333333333335</ele><time>2023-03-28T21:33:21Z</time></trkpt><trkpt lat="33.9143135" lon="133.3168121"><ele>330.3966666666667</ele><time>2023-03-28T21:33:37Z</time></trkpt><trkpt lat="33.9141327" lon="133.3168297"><ele>336.94666666666666</ele><time>2023-03-28T21:33:57Z</time></trkpt><trkpt lat="33.913946" lon="133.3168404"><ele>343.56</ele><time>2023-03-28T21:35:08Z</time></trkpt><trkpt lat="33.9137651" lon="133.3168424"><ele>348.57</ele><time>2023-03-28T21:35:22Z</time></trkpt><trkpt lat="33.9135848" lon="133.3168669"><ele>351.5833333333333</ele><time>2023-03-28T21:35:38Z</time></trkpt><trkpt lat="33.9134057" lon="133.3168351"><ele>353.1000000000001</ele><time>2023-03-28T21:36:16Z</time></trkpt><trkpt lat="33.9132326" lon="133.3167744"><ele>356.56</ele><time>2023-03-28T21:37:02Z</time></trkpt><trkpt lat="33.9130513" lon="133.3167728"><ele>360.0566666666667</ele><time>2023-03-28T21:37:25Z</time></trkpt><trkpt lat="33.9128702" lon="133.3167798"><ele>366.28999999999996</ele><time>2023-03-28T21:38:38Z</time></trkpt><trkpt lat="33.9126951" lon="133.316832"><ele>372.0333333333333</ele><time>2023-03-28T21:38:57Z</time></trkpt><trkpt lat="33.9125204" lon="133.3168913"><ele>383.01666666666665</ele><time>2023-03-28T21:39:35Z</time></trkpt><trkpt lat="33.9123398" lon="133.3169271"><ele>393.07</ele><time>2023-03-28T21:40:31Z</time></trkpt><trkpt lat="33.9121643" lon="133.3168736"><ele>402.98</ele><time>2023-03-28T21:40:58Z</time></trkpt><trkpt lat="33.9119933" lon="133.3167896"><ele>406.8633333333334</ele><time>2023-03-28T21:41:16Z</time></trkpt><trkpt lat="33.9118103" lon="133.3167896"><ele>409.02666666666664</ele><time>2023-03-28T21:41:35Z</time></trkpt><trkpt lat="33.9116322" lon="133.3167402"><ele>409.25</ele><time>2023-03-28T21:42:13Z</time></trkpt><trkpt lat="33.9114676" lon="133.3166488"><ele>408.55333333333334</ele><time>2023-03-28T21:43:44Z</time></trkpt><trkpt lat="33.9113414" lon="133.3164893"><ele>406.28000000000003</ele><time>2023-03-28T21:44:00Z</time></trkpt><trkpt lat="33.9111802" lon="133.3163864"><ele>405.7</ele><time>2023-03-28T21:44:33Z</time></trkpt><trkpt lat="33.9109997" lon="133.3163618"><ele>409.17</ele><time>2023-03-28T21:45:44Z</time></trkpt><trkpt lat="33.9108436" lon="133.316239"><ele>415.7633333333333</ele><time>2023-03-28T21:46:14Z</time></trkpt><trkpt lat="33.9106612" lon="133.3162545"><ele>424.8633333333334</ele><time>2023-03-28T21:47:04Z</time></trkpt><trkpt lat="33.9104934" lon="133.316343"><ele>433.3233333333333</ele><time>2023-03-28T21:47:27Z</time></trkpt><trkpt lat="33.9103128" lon="133.3163899"><ele>442.70666666666665</ele><time>2023-03-28T21:48:18Z</time></trkpt><trkpt lat="33.9101536" lon="133.316496"><ele>448.52666666666664</ele><time>2023-03-28T21:48:41Z</time></trkpt><trkpt lat="33.9099707" lon="133.3165325"><ele>452.3</ele><time>2023-03-28T21:49:03Z</time></trkpt><trkpt lat="33.9098166" lon="133.3166594"><ele>453.7733333333333</ele><time>2023-03-28T21:49:20Z</time></trkpt><trkpt lat="33.9096451" lon="133.3167394"><ele>456.07</ele><time>2023-03-28T21:49:45Z</time></trkpt><trkpt lat="33.9094609" lon="133.3167509"><ele>458.49333333333334</ele><time>2023-03-28T21:50:33Z</time></trkpt><trkpt lat="33.9092823" lon="133.3167126"><ele>460.95</ele><time>2023-03-28T21:50:49Z</time></trkpt><trkpt lat="33.9091096" lon="133.3167812"><ele>463.65333333333336</ele><time>2023-03-28T21:51:18Z</time></trkpt><trkpt lat="33.9089251" lon="133.3167733"><ele>466.65333333333336</ele><time>2023-03-28T21:51:55Z</time></trkpt><trkpt lat="33.9087443" lon="133.316809"><ele>472.10999999999996</ele><time>2023-03-28T21:52:13Z</time></trkpt><trkpt lat="33.9085723" lon="133.3168884"><ele>478.8733333333334</ele><time>2023-03-28T21:53:30Z</time></trkpt><trkpt lat="33.9084074" lon="133.3169817"><ele>486.4433333333334</ele><time>2023-03-28T21:53:54Z</time></trkpt><trkpt lat="33.9082746" lon="133.3171281"><ele>492.83666666666664</ele><time>2023-03-28T21:54:28Z</time></trkpt><trkpt lat="33.9081064" lon="133.3172374"><ele>498.49333333333334</ele><time>2023-03-28T21:54:51Z</time></trkpt><trkpt lat="33.9079547" lon="133.3173581"><ele>504.3533333333333</ele><time>2023-03-28T21:55:27Z</time></trkpt><trkpt lat="33.9077899" lon="133.3174569"><ele>511.0</ele><time>2023-03-28T21:56:09Z</time></trkpt><trkpt lat="33.9076165" lon="133.3173837"><ele>517.25</ele><time>2023-03-28T21:56:38Z</time></trkpt><trkpt lat="33.9074184" lon="133.3173368"><ele>523.7166666666667</ele><time>2023-03-28T21:57:24Z</time></trkpt><trkpt lat="33.9072439" lon="133.3172764"><ele>528.2566666666667</ele><time>2023-03-28T21:57:37Z</time></trkpt><trkpt lat="33.9070691" lon="133.3172072"><ele>532.1966666666667</ele><time>2023-03-28T21:58:53Z</time></trkpt><trkpt lat="33.9068861" lon="133.3172249"><ele>535.4933333333333</ele><time>2023-03-28T21:59:26Z</time></trkpt><trkpt lat="33.906714" lon="133.3173197"><ele>538.8266666666667</ele><time>2023-03-28T21:59:38Z</time></trkpt><trkpt lat="33.9065307" lon="133.3173164"><ele>541.6366666666667</ele><time>2023-03-28T22:00:16Z</time></trkpt><trkpt lat="33.9063451" lon="133.3173294"><ele>543.4866666666667</ele><time>2023-03-28T22:00:32Z</time></trkpt><trkpt lat="33.9061609" lon="133.3173457"><ele>545.5866666666667</ele><time>2023-03-28T22:01:21Z</time></trkpt><trkpt lat="33.9059816" lon="133.3173227"><ele>548.1066666666667</ele><time>2023-03-28T22:01:50Z</time></trkpt><trkpt lat="33.9058006" lon="133.3173214"><ele>551.1966666666667</ele><time>2023-03-28T22:02:05Z</time></trkpt><trkpt lat="33.9056192" lon="133.3172986"><ele>554.5500000000001</ele><time>2023-03-28T22:02:32Z</time></trkpt><trkpt lat="33.9054373" lon="133.3172717"><ele>556.3133333333334</ele><time>2023-03-28T22:03:26Z</time></trkpt><trkpt lat="33.9052596" lon="133.3173103"><ele>559.2466666666668</ele><time>2023-03-28T22:03:47Z</time></trkpt><trkpt lat="33.9050791" lon="133.3173239"><ele>562.4033333333333</ele><time>2023-03-28T22:04:34Z</time></trkpt><trkpt lat="33.9048946" lon="133.3173485"><ele>567.0133333333333</ele><time>2023-03-28T22:05:27Z</time></trkpt><trkpt lat="33.9047167" lon="133.3174422"><ele>571.1733333333333</ele><time>2023-03-28T22:05:53Z</time></trkpt><trkpt lat="33.9045239" lon="133.3174077"><ele>568.5300000000001</ele><time>2023-03-28T22:18:08Z</time></trkpt><trkpt lat="33.9044171" lon="133.317232"><ele>560.5966666666667</ele><time>2023-03-28T22:20:18Z</time></trkpt><trkpt lat="33.9042538" lon="133.3173722"><ele>549.5699999999999</ele><time>2023-03-28T22:21:24Z</time></trkpt><trkpt lat="33.9041004" lon="133.3174872"><ele>544.8733333333333</ele><time>2023-03-28T22:22:34Z</time></trkpt><trkpt lat="33.9039079" lon="133.3175629"><ele>543.4533333333333</ele><time>2023-03-28T22:24:43Z</time></trkpt><trkpt lat="33.9037437" lon="133.31743"><ele>541.4466666666666</ele><time>2023-03-28T22:24:47Z</time></trkpt><trkpt lat="33.9035627" lon="133.3174502"><ele>537.2199999999999</ele><time>2023-03-28T22:25:08Z</time></trkpt><trkpt lat="33.9034473" lon="133.317621"><ele>536.4200000000001</ele><time>2023-03-28T22:25:28Z</time></trkpt><trkpt lat="33.9032786" lon="133.3175388"><ele>534.6266666666667</ele><time>2023-03-28T22:25:59Z</time></trkpt><trkpt lat="33.9030991" lon="133.3175757"><ele>535.0766666666667</ele><time>2023-03-28T22:27:13Z</time></trkpt><trkpt lat="33.9029312" lon="133.3176646"><ele>532.5133333333333</ele><time>2023-03-28T22:27:27Z</time></trkpt><trkpt lat="33.9027567" lon="133.3177398"><ele>532.3033333333333</ele><time>2023-03-28T22:27:37Z</time></trkpt><trkpt lat="33.902607" lon="133.3178654"><ele>530.0733333333334</ele><time>2023-03-28T22:28:15Z</time></trkpt><trkpt lat="33.9024258" lon="133.3178329"><ele>527.8533333333334</ele><time>2023-03-28T22:28:49Z</time></trkpt><trkpt lat="33.9022624" lon="133.3179324"><ele>524.87</ele><time>2023-03-28T22:29:19Z</time></trkpt><trkpt lat="33.9020955" lon="133.3180185"><ele>522.7033333333333</ele><time>2023-03-28T22:29:38Z</time></trkpt><trkpt lat="33.9019785" lon="133.3178495"><ele>521.5733333333333</ele><time>2023-03-28T22:30:13Z</time></trkpt><trkpt lat="33.9017936" lon="133.3178279"><ele>522.45</ele><time>2023-03-28T22:30:33Z</time></trkpt><trkpt lat="33.9016085" lon="133.3178155"><ele>523.2400000000001</ele><time>2023-03-28T22:30:46Z</time></trkpt><trkpt lat="33.901485" lon="133.3179759"><ele>526.1666666666666</ele><time>2023-03-28T22:31:09Z</time></trkpt><trkpt lat="33.9013279" lon="133.3180965"><ele>528.6366666666667</ele><time>2023-03-28T22:35:50Z</time></trkpt><trkpt lat="33.9011872" lon="133.3182427"><ele>530.1566666666666</ele><time>2023-03-28T22:37:33Z</time></trkpt><trkpt lat="33.9009995" lon="133.3182865"><ele>528.8233333333334</ele><time>2023-03-28T22:37:48Z</time></trkpt><trkpt lat="33.9008432" lon="133.3184048"><ele>528.4000000000001</ele><time>2023-03-28T22:38:01Z</time></trkpt><trkpt lat="33.9006561" lon="133.3184307"><ele>530.88</ele><time>2023-03-28T22:38:15Z</time></trkpt><trkpt lat="33.9004679" lon="133.3184408"><ele>533.6966666666667</ele><time>2023-03-28T22:38:29Z</time></trkpt><trkpt lat="33.9002906" lon="133.3184896"><ele>535.66</ele><time>2023-03-28T22:38:48Z</time></trkpt><trkpt lat="33.900117" lon="133.3185681"><ele>539.06</ele><time>2023-03-28T22:39:07Z</time></trkpt><trkpt lat="33.8999438" lon="133.3186449"><ele>545.0166666666667</ele><time>2023-03-28T22:39:23Z</time></trkpt><trkpt lat="33.8997687" lon="133.3185924"><ele>551.4633333333335</ele><time>2023-03-28T22:39:37Z</time></trkpt><trkpt lat="33.8995955" lon="133.3184765"><ele>552.4</ele><time>2023-03-28T22:39:51Z</time></trkpt><trkpt lat="33.899434" lon="133.3183562"><ele>549.9433333333333</ele><time>2023-03-28T22:40:01Z</time></trkpt><trkpt lat="33.899257" lon="133.3184189"><ele>548.9499999999999</ele><time>2023-03-28T22:40:27Z</time></trkpt><trkpt lat="33.8990854" lon="133.3184875"><ele>550.19</ele><time>2023-03-28T22:40:46Z</time></trkpt><trkpt lat="33.8989103" lon="133.3185568"><ele>553.2466666666667</ele><time>2023-03-28T22:41:01Z</time></trkpt><trkpt lat="33.8987388" lon="133.3186417"><ele>555.3266666666667</ele><time>2023-03-28T22:41:42Z</time></trkpt><trkpt lat="33.8985603" lon="133.3186789"><ele>559.6</ele><time>2023-03-28T22:41:58Z</time></trkpt><trkpt lat="33.8983815" lon="133.3186507"><ele>562.1300000000001</ele><time>2023-03-28T22:42:17Z</time></trkpt><trkpt lat="33.8983051" lon="133.3184545"><ele>559.8533333333334</ele><time>2023-03-28T22:42:31Z</time></trkpt><trkpt lat="33.8981283" lon="133.3183842"><ele>555.0533333333334</ele><time>2023-03-28T22:42:45Z</time></trkpt><trkpt lat="33.8979586" lon="133.3184586"><ele>554.5300000000001</ele><time>2023-03-28T22:42:56Z</time></trkpt><trkpt lat="33.897778" lon="133.3185038"><ele>562.9033333333333</ele><time>2023-03-28T22:43:09Z</time></trkpt><trkpt lat="33.8975897" lon="133.3185225"><ele>575.5466666666666</ele><time>2023-03-28T22:43:26Z</time></trkpt><trkpt lat="33.8974361" lon="133.3184042"><ele>581.4333333333333</ele><time>2023-03-28T22:43:39Z</time></trkpt><trkpt lat="33.89732" lon="133.3182355"><ele>580.6733333333333</ele><time>2023-03-28T22:43:52Z</time></trkpt><trkpt lat="33.8971812" lon="133.3180849"><ele>573.6433333333333</ele><time>2023-03-28T22:44:07Z</time></trkpt><trkpt lat="33.8970513" lon="133.3179306"><ele>567.2766666666666</ele><time>2023-03-28T22:44:25Z</time></trkpt><trkpt lat="33.8968736" lon="133.3178739"><ele>560.4933333333333</ele><time>2023-03-28T22:44:44Z</time></trkpt><trkpt lat="33.8967534" lon="133.3180352"><ele>562.3533333333334</ele><time>2023-03-28T22:44:54Z</time></trkpt><trkpt lat="33.8965716" lon="133.3180346"><ele>568.4666666666667</ele><time>2023-03-28T22:45:11Z</time></trkpt><trkpt lat="33.8963908" lon="133.3180164"><ele>579.3933333333333</ele><time>2023-03-28T22:45:27Z</time></trkpt><trkpt lat="33.8962621" lon="133.3178536"><ele>582.7166666666667</ele><time>2023-03-28T22:45:40Z</time></trkpt><trkpt lat="33.896419" lon="133.3179629"><ele>584.3966666666666</ele><time>2023-03-28T22:46:04Z</time></trkpt><trkpt lat="33.8965556" lon="133.3178166"><ele>579.1700000000001</ele><time>2023-03-28T22:46:20Z</time></trkpt><trkpt lat="33.8967242" lon="133.317916"><ele>573.3100000000001</ele><time>2023-03-28T22:46:49Z</time></trkpt><trkpt lat="33.8968789" lon="133.3180327"><ele>569.3433333333334</ele><time>2023-03-28T22:47:04Z</time></trkpt><trkpt lat="33.8970168" lon="133.3181792"><ele>572.8966666666666</ele><time>2023-03-28T22:47:16Z</time></trkpt><trkpt lat="33.8971555" lon="133.3183339"><ele>579.5633333333334</ele><time>2023-03-28T22:47:28Z</time></trkpt><trkpt lat="33.8973049" lon="133.3184562"><ele>584.9866666666667</ele><time>2023-03-28T22:47:41Z</time></trkpt><trkpt lat="33.8974839" lon="133.3184898"><ele>585.9200000000001</ele><time>2023-03-28T22:48:09Z</time></trkpt><trkpt lat="33.8976443" lon="133.3185916"><ele>588.6333333333333</ele><time>2023-03-28T22:48:26Z</time></trkpt><trkpt lat="33.897832" lon="133.3186034"><ele>588.4433333333334</ele><time>2023-03-28T22:48:40Z</time></trkpt><trkpt lat="33.8980103" lon="133.3186899"><ele>587.7199999999999</ele><time>2023-03-28T22:48:56Z</time></trkpt><trkpt lat="33.898192" lon="133.3187344"><ele>581.9733333333332</ele><time>2023-03-28T22:49:12Z</time></trkpt><trkpt lat="33.8983529" lon="133.3188402"><ele>579.5766666666667</ele><time>2023-03-28T22:49:29Z</time></trkpt><trkpt lat="33.8984099" lon="133.3190587"><ele>578.9366666666666</ele><time>2023-03-28T22:49:47Z</time></trkpt><trkpt lat="33.8982256" lon="133.3190487"><ele>582.0666666666667</ele><time>2023-03-28T22:51:18Z</time></trkpt><trkpt lat="33.898045" lon="133.319012"><ele>587.4333333333334</ele><time>2023-03-28T22:51:59Z</time></trkpt><trkpt lat="33.8978617" lon="133.3190626"><ele>594.5366666666667</ele><time>2023-03-28T22:54:09Z</time></trkpt><trkpt lat="33.8976827" lon="133.3190956"><ele>603.1066666666667</ele><time>2023-03-28T22:54:50Z</time></trkpt><trkpt lat="33.8975231" lon="133.3192002"><ele>611.3433333333334</ele><time>2023-03-28T22:55:55Z</time></trkpt><trkpt lat="33.8974345" lon="133.3193893"><ele>619.5966666666667</ele><time>2023-03-28T22:56:48Z</time></trkpt><trkpt lat="33.8972607" lon="133.3194568"><ele>629.3333333333334</ele><time>2023-03-28T22:57:32Z</time></trkpt><trkpt lat="33.8971349" lon="133.3196163"><ele>638.5666666666666</ele><time>2023-03-28T22:58:29Z</time></trkpt><trkpt lat="33.8969686" lon="133.319703"><ele>647.7566666666667</ele><time>2023-03-28T22:59:05Z</time></trkpt><trkpt lat="33.8967845" lon="133.3197203"><ele>654.7666666666668</ele><time>2023-03-28T23:00:11Z</time></trkpt><trkpt lat="33.8966087" lon="133.3197909"><ele>662.54</ele><time>2023-03-28T23:00:33Z</time></trkpt><trkpt lat="33.8964295" lon="133.3198337"><ele>670.7566666666667</ele><time>2023-03-28T23:02:15Z</time></trkpt><trkpt lat="33.8962564" lon="133.3198957"><ele>680.1033333333334</ele><time>2023-03-28T23:02:46Z</time></trkpt><trkpt lat="33.8960749" lon="133.3198977"><ele>688.8333333333334</ele><time>2023-03-28T23:04:07Z</time></trkpt><trkpt lat="33.8959256" lon="133.3197741"><ele>695.7533333333334</ele><time>2023-03-28T23:04:38Z</time></trkpt><trkpt lat="33.8957593" lon="133.3198704"><ele>704.02</ele><time>2023-03-28T23:06:40Z</time></trkpt><trkpt lat="33.8956934" lon="133.3200741"><ele>712.2800000000001</ele><time>2023-03-28T23:07:30Z</time></trkpt><trkpt lat="33.8955774" lon="133.3202588"><ele>721.6633333333333</ele><time>2023-03-28T23:08:21Z</time></trkpt><trkpt lat="33.895393" lon="133.3202388"><ele>727.4466666666667</ele><time>2023-03-28T23:09:37Z</time></trkpt><trkpt lat="33.8954739" lon="133.3204337"><ele>732.3633333333332</ele><time>2023-03-28T23:11:52Z</time></trkpt><trkpt lat="33.8954232" lon="133.3206493"><ele>736.1266666666667</ele><time>2023-03-28T23:12:51Z</time></trkpt><trkpt lat="33.8953108" lon="133.3208262"><ele>738.4033333333333</ele><time>2023-03-28T23:13:20Z</time></trkpt><trkpt lat="33.8951234" lon="133.3208189"><ele>742.5533333333334</ele><time>2023-03-28T23:14:14Z</time></trkpt><trkpt lat="33.8949618" lon="133.3209274"><ele>745.5066666666667</ele><time>2023-03-28T23:14:27Z</time></trkpt><trkpt lat="33.8947762" lon="133.3209407"><ele>748.8333333333334</ele><time>2023-03-28T23:14:40Z</time></trkpt><trkpt lat="33.8945967" lon="133.3209801"><ele>748.9733333333334</ele><time>2023-03-28T23:15:05Z</time></trkpt><trkpt lat="33.8947322" lon="133.3211283"><ele>745.9133333333334</ele><time>2023-03-28T23:21:38Z</time></trkpt><trkpt lat="33.8945238" lon="133.3212544"><ele>743.4466666666667</ele><time>2023-03-28T23:22:03Z</time></trkpt><trkpt lat="33.8943384" lon="133.3212244"><ele>746.61</ele><time>2023-03-28T23:22:10Z</time></trkpt><trkpt lat="33.8942366" lon="133.3210202"><ele>755.8766666666667</ele><time>2023-03-28T23:22:28Z</time></trkpt><trkpt lat="33.894079" lon="133.3211273"><ele>766.37</ele><time>2023-03-28T23:22:54Z</time></trkpt><trkpt lat="33.8941173" lon="133.3213449"><ele>768.37</ele><time>2023-03-28T23:23:21Z</time></trkpt><trkpt lat="33.894263" lon="133.3211927"><ele>767.1300000000001</ele><time>2023-03-28T23:24:15Z</time></trkpt><trkpt lat="33.8941745" lon="133.3209978"><ele>766.4</ele><time>2023-03-28T23:24:20Z</time></trkpt><trkpt lat="33.8940182" lon="133.320886"><ele>768.4466666666667</ele><time>2023-03-28T23:24:36Z</time></trkpt><trkpt lat="33.8938356" lon="133.3209463"><ele>776.3100000000001</ele><time>2023-03-28T23:25:06Z</time></trkpt><trkpt lat="33.8937373" lon="133.3211308"><ele>784.4433333333333</ele><time>2023-03-28T23:25:31Z</time></trkpt><trkpt lat="33.8935521" lon="133.3210888"><ele>797.1233333333333</ele><time>2023-03-28T23:27:09Z</time></trkpt><trkpt lat="33.8933578" lon="133.3211567"><ele>809.6166666666668</ele><time>2023-03-28T23:27:26Z</time></trkpt><trkpt lat="33.8931991" lon="133.3212627"><ele>822.2199999999999</ele><time>2023-03-28T23:30:40Z</time></trkpt><trkpt lat="33.8930348" lon="133.3213849"><ele>832.69</ele><time>2023-03-28T23:31:03Z</time></trkpt><trkpt lat="33.8929759" lon="133.3215906"><ele>840.87</ele><time>2023-03-28T23:32:22Z</time></trkpt><trkpt lat="33.8927907" lon="133.3216202"><ele>849.02</ele><time>2023-03-28T23:33:06Z</time></trkpt><trkpt lat="33.8926282" lon="133.3217163"><ele>858.1166666666667</ele><time>2023-03-28T23:33:20Z</time></trkpt><trkpt lat="33.8924902" lon="133.3218596"><ele>867.4</ele><time>2023-03-28T23:36:23Z</time></trkpt><trkpt lat="33.892314" lon="133.3219057"><ele>876.0066666666668</ele><time>2023-03-28T23:37:53Z</time></trkpt><trkpt lat="33.8921546" lon="133.3220108"><ele>884.5166666666668</ele><time>2023-03-28T23:39:03Z</time></trkpt><trkpt lat="33.891987" lon="133.3220973"><ele>893.4666666666667</ele><time>2023-03-28T23:39:47Z</time></trkpt><trkpt lat="33.8918112" lon="133.3221664"><ele>902.2933333333334</ele><time>2023-03-28T23:40:37Z</time></trkpt><trkpt lat="33.8916472" lon="133.3222644"><ele>910.0366666666667</ele><time>2023-03-28T23:41:15Z</time></trkpt><trkpt lat="33.8914618" lon="133.3222798"><ele>916.8800000000001</ele><time>2023-03-28T23:41:34Z</time></trkpt><trkpt lat="33.8912817" lon="133.3222342"><ele>925.7166666666667</ele><time>2023-03-28T23:43:24Z</time></trkpt><trkpt lat="33.8911039" lon="133.3221925"><ele>935.2966666666667</ele><time>2023-03-28T23:45:20Z</time></trkpt><trkpt lat="33.8909236" lon="133.3221869"><ele>947.3433333333334</ele><time>2023-03-28T23:46:04Z</time></trkpt><trkpt lat="33.8907441" lon="133.3221567"><ele>958.6066666666667</ele><time>2023-03-28T23:48:44Z</time></trkpt><trkpt lat="33.8906128" lon="133.322318"><ele>969.07</ele><time>2023-03-28T23:51:48Z</time></trkpt><trkpt lat="33.8904809" lon="133.3224857"><ele>976.32</ele><time>2023-03-28T23:52:01Z</time></trkpt><trkpt lat="33.8903886" lon="133.3226735"><ele>980.4566666666666</ele><time>2023-03-28T23:52:37Z</time></trkpt><trkpt lat="33.8902352" lon="133.3227876"><ele>984.1533333333333</ele><time>2023-03-28T23:53:19Z</time></trkpt><trkpt lat="33.89008" lon="133.322898"><ele>990.7533333333334</ele><time>2023-03-28T23:53:53Z</time></trkpt><trkpt lat="33.889947" lon="133.3230453"><ele>998.9399999999999</ele><time>2023-03-28T23:55:12Z</time></trkpt><trkpt lat="33.8897655" lon="133.323065"><ele>1008.3466666666667</ele><time>2023-03-28T23:56:19Z</time></trkpt><trkpt lat="33.889623" lon="133.3231994"><ele>1017.9633333333335</ele><time>2023-03-28T23:58:20Z</time></trkpt><trkpt lat="33.8894468" lon="133.3232567"><ele>1030.75</ele><time>2023-03-29T00:00:08Z</time></trkpt><trkpt lat="33.8892688" lon="133.3233041"><ele>1044.8133333333333</ele><time>2023-03-29T00:01:02Z</time></trkpt><trkpt lat="33.8891535" lon="133.3234738"><ele>1057.3533333333332</ele><time>2023-03-29T00:02:48Z</time></trkpt><trkpt lat="33.8891276" lon="133.3236878"><ele>1067.3866666666665</ele><time>2023-03-29T00:03:43Z</time></trkpt><trkpt lat="33.8890528" lon="133.3238936"><ele>1076.1900000000003</ele><time>2023-03-29T00:04:46Z</time></trkpt><trkpt lat="33.8889785" lon="133.3240912"><ele>1083.95</ele><time>2023-03-29T00:05:12Z</time></trkpt><trkpt lat="33.8889732" lon="133.3243095"><ele>1090.0833333333333</ele><time>2023-03-29T00:06:25Z</time></trkpt><trkpt lat="33.888925" lon="133.3245216"><ele>1095.1999999999998</ele><time>2023-03-29T00:06:59Z</time></trkpt><trkpt lat="33.8888902" lon="133.3247371"><ele>1099.32</ele><time>2023-03-29T00:08:00Z</time></trkpt><trkpt lat="33.8887749" lon="133.3249043"><ele>1104.6966666666667</ele><time>2023-03-29T00:08:31Z</time></trkpt><trkpt lat="33.8887012" lon="133.3251082"><ele>1111.486666666667</ele><time>2023-03-29T00:10:33Z</time></trkpt><trkpt lat="33.8886203" lon="133.3253021"><ele>1118.8400000000001</ele><time>2023-03-29T00:11:27Z</time></trkpt><trkpt lat="33.888487" lon="133.3254694"><ele>1125.5333333333335</ele><time>2023-03-29T00:12:17Z</time></trkpt><trkpt lat="33.8883421" lon="133.3255983"><ele>1127.6699999999998</ele><time>2023-03-29T00:12:29Z</time></trkpt><trkpt lat="33.8881871" lon="133.325709"><ele>1126.8333333333333</ele><time>2023-03-29T00:12:50Z</time></trkpt><trkpt lat="33.8880521" lon="133.3258555"><ele>1122.5200000000002</ele><time>2023-03-29T00:13:27Z</time></trkpt><trkpt lat="33.8878725" lon="133.3258932"><ele>1116.1433333333334</ele><time>2023-03-29T00:14:04Z</time></trkpt><trkpt lat="33.8876909" lon="133.3259462"><ele>1110.7466666666667</ele><time>2023-03-29T00:14:30Z</time></trkpt><trkpt lat="33.88751" lon="133.325944"><ele>1109.426666666667</ele><time>2023-03-29T00:15:44Z</time></trkpt><trkpt lat="33.8873611" lon="133.3260677"><ele>1114.5400000000002</ele><time>2023-03-29T00:20:49Z</time></trkpt><trkpt lat="33.8871808" lon="133.326056"><ele>1123.1966666666667</ele><time>2023-03-29T00:21:27Z</time></trkpt><trkpt lat="33.8870011" lon="133.3260111"><ele>1134.11</ele><time>2023-03-29T00:26:24Z</time></trkpt><trkpt lat="33.886836" lon="133.3261089"><ele>1145.1566666666668</ele><time>2023-03-29T00:27:15Z</time></trkpt><trkpt lat="33.8866568" lon="133.3261378"><ele>1156.3433333333332</ele><time>2023-03-29T00:27:50Z</time></trkpt><trkpt lat="33.886456" lon="133.3260817"><ele>1163.64</ele><time>2023-03-29T00:28:37Z</time></trkpt><trkpt lat="33.8862662" lon="133.3260685"><ele>1168.9800000000002</ele><time>2023-03-29T00:29:19Z</time></trkpt><trkpt lat="33.8860855" lon="133.3260772"><ele>1173.8366666666666</ele><time>2023-03-29T00:29:38Z</time></trkpt><trkpt lat="33.8859068" lon="133.326039"><ele>1180.0199999999998</ele><time>2023-03-29T00:32:07Z</time></trkpt><trkpt lat="33.8857283" lon="133.3260711"><ele>1188.0466666666669</ele><time>2023-03-29T00:32:29Z</time></trkpt><trkpt lat="33.8855511" lon="133.3261197"><ele>1194.2066666666667</ele><time>2023-03-29T00:33:06Z</time></trkpt><trkpt lat="33.8853706" lon="133.3261533"><ele>1200.8100000000002</ele><time>2023-03-29T00:33:40Z</time></trkpt><trkpt lat="33.8851993" lon="133.3262279"><ele>1205.4933333333333</ele><time>2023-03-29T00:35:05Z</time></trkpt><trkpt lat="33.8850357" lon="133.3263196"><ele>1210.49</ele><time>2023-03-29T00:35:45Z</time></trkpt><trkpt lat="33.884879" lon="133.3264333"><ele>1215.7033333333334</ele><time>2023-03-29T00:36:42Z</time></trkpt><trkpt lat="33.8846985" lon="133.3265304"><ele>1221.216666666667</ele><time>2023-03-29T00:37:09Z</time></trkpt><trkpt lat="33.8845219" lon="133.326586"><ele>1228.0266666666666</ele><time>2023-03-29T00:37:45Z</time></trkpt><trkpt lat="33.884349" lon="133.3266655"><ele>1234.42</ele><time>2023-03-29T00:38:14Z</time></trkpt><trkpt lat="33.8841952" lon="133.3267806"><ele>1240.03</ele><time>2023-03-29T00:38:46Z</time></trkpt><trkpt lat="33.8840314" lon="133.3268738"><ele>1244.6733333333334</ele><time>2023-03-29T00:39:49Z</time></trkpt><trkpt lat="33.8838616" lon="133.3269702"><ele>1249.6833333333334</ele><time>2023-03-29T00:40:20Z</time></trkpt><trkpt lat="33.8836764" lon="133.3269689"><ele>1254.4166666666667</ele><time>2023-03-29T00:40:38Z</time></trkpt><trkpt lat="33.8835477" lon="133.3271214"><ele>1259.5666666666666</ele><time>2023-03-29T00:42:11Z</time></trkpt><trkpt lat="33.8834841" lon="133.3273243"><ele>1264.4433333333334</ele><time>2023-03-29T00:43:27Z</time></trkpt><trkpt lat="33.8833611" lon="133.3274847"><ele>1271.1599999999999</ele><time>2023-03-29T00:44:03Z</time></trkpt><trkpt lat="33.8832635" lon="133.3276668"><ele>1277.506666666667</ele><time>2023-03-29T00:48:46Z</time></trkpt><trkpt lat="33.8831271" lon="133.3278203"><ele>1283.9399999999998</ele><time>2023-03-29T00:49:14Z</time></trkpt><trkpt lat="33.8830252" lon="133.3280124"><ele>1288.0466666666669</ele><time>2023-03-29T00:49:36Z</time></trkpt><trkpt lat="33.8829699" lon="133.3282182"><ele>1291.6366666666668</ele><time>2023-03-29T00:49:57Z</time></trkpt><trkpt lat="33.8829611" lon="133.3284352"><ele>1294.0466666666669</ele><time>2023-03-29T00:51:18Z</time></trkpt><trkpt lat="33.882937" lon="133.3286526"><ele>1297.9433333333334</ele><time>2023-03-29T00:52:13Z</time></trkpt><trkpt lat="33.8828915" lon="133.3288644"><ele>1301.63</ele><time>2023-03-29T00:52:37Z</time></trkpt><trkpt lat="33.8829784" lon="133.3290601"><ele>1305.5233333333333</ele><time>2023-03-29T00:53:04Z</time></trkpt><trkpt lat="33.8828361" lon="133.3292066"><ele>1309.5533333333333</ele><time>2023-03-29T00:53:49Z</time></trkpt><trkpt lat="33.8828361" lon="133.3294228"><ele>1314.39</ele><time>2023-03-29T00:54:55Z</time></trkpt><trkpt lat="33.8827916" lon="133.3296363"><ele>1319.5266666666669</ele><time>2023-03-29T00:55:21Z</time></trkpt><trkpt lat="33.8826964" lon="133.3298211"><ele>1325.5533333333333</ele><time>2023-03-29T00:56:02Z</time></trkpt><trkpt lat="33.8826859" lon="133.3300373"><ele>1332.2133333333334</ele><time>2023-03-29T00:57:33Z</time></trkpt><trkpt lat="33.8826916" lon="133.3302557"><ele>1338.9766666666667</ele><time>2023-03-29T00:57:58Z</time></trkpt><trkpt lat="33.8825881" lon="133.3304374"><ele>1344.7233333333334</ele><time>2023-03-29T00:58:18Z</time></trkpt><trkpt lat="33.8824823" lon="133.3306219"><ele>1349.0400000000002</ele><time>2023-03-29T00:58:42Z</time></trkpt><trkpt lat="33.8824766" lon="133.3308415"><ele>1352.17</ele><time>2023-03-29T00:59:20Z</time></trkpt><trkpt lat="33.8824186" lon="133.331048"><ele>1355.7266666666667</ele><time>2023-03-29T00:59:47Z</time></trkpt><trkpt lat="33.8823733" lon="133.3312672"><ele>1360.3033333333335</ele><time>2023-03-29T01:02:15Z</time></trkpt><trkpt lat="33.8822866" lon="133.3314578"><ele>1369.0433333333333</ele><time>2023-03-29T01:02:45Z</time></trkpt><trkpt lat="33.8821379" lon="133.3315823"><ele>1376.9766666666667</ele><time>2023-03-29T01:03:21Z</time></trkpt><trkpt lat="33.8820477" lon="133.3317705"><ele>1383.5233333333333</ele><time>2023-03-29T01:11:03Z</time></trkpt><trkpt lat="33.8819391" lon="133.3319438"><ele>1385.0633333333335</ele><time>2023-03-29T01:11:40Z</time></trkpt><trkpt lat="33.88177" lon="133.3320371"><ele>1384.0266666666666</ele><time>2023-03-29T01:12:01Z</time></trkpt><trkpt lat="33.8816306" lon="133.3321788"><ele>1382.4666666666665</ele><time>2023-03-29T01:12:29Z</time></trkpt><trkpt lat="33.8815578" lon="133.332377"><ele>1381.4399999999998</ele><time>2023-03-29T01:12:52Z</time></trkpt><trkpt lat="33.8814605" lon="133.3325754"><ele>1381.0</ele><time>2023-03-29T01:13:11Z</time></trkpt><trkpt lat="33.8813662" lon="133.332762"><ele>1379.37</ele><time>2023-03-29T01:17:40Z</time></trkpt><trkpt lat="33.8812906" lon="133.3329593"><ele>1376.9733333333334</ele><time>2023-03-29T01:17:55Z</time></trkpt><trkpt lat="33.881298" lon="133.333179"><ele>1373.8366666666668</ele><time>2023-03-29T01:18:20Z</time></trkpt><trkpt lat="33.8811859" lon="133.3333489"><ele>1370.7366666666667</ele><time>2023-03-29T01:18:38Z</time></trkpt><trkpt lat="33.8810353" lon="133.3334823"><ele>1367.3999999999999</ele><time>2023-03-29T01:18:52Z</time></trkpt><trkpt lat="33.8809557" lon="133.3336768"><ele>1364.9766666666667</ele><time>2023-03-29T01:19:17Z</time></trkpt><trkpt lat="33.8808406" lon="133.3338476"><ele>1365.0533333333333</ele><time>2023-03-29T01:20:15Z</time></trkpt><trkpt lat="33.8808766" lon="133.3340597"><ele>1367.4233333333334</ele><time>2023-03-29T01:20:40Z</time></trkpt><trkpt lat="33.8808608" lon="133.3342758"><ele>1370.7633333333333</ele><time>2023-03-29T01:21:50Z</time></trkpt><trkpt lat="33.8808548" lon="133.3344972"><ele>1375.3066666666666</ele><time>2023-03-29T01:22:08Z</time></trkpt><trkpt lat="33.880875" lon="133.3347131"><ele>1382.1566666666668</ele><time>2023-03-29T01:23:16Z</time></trkpt><trkpt lat="33.8809273" lon="133.3349202"><ele>1390.456666666667</ele><time>2023-03-29T01:24:29Z</time></trkpt><trkpt lat="33.8809265" lon="133.335137"><ele>1398.54</ele><time>2023-03-29T01:25:47Z</time></trkpt><trkpt lat="33.8809846" lon="133.3353436"><ele>1406.4633333333331</ele><time>2023-03-29T01:26:46Z</time></trkpt><trkpt lat="33.880987" lon="133.3355621"><ele>1413.9333333333334</ele><time>2023-03-29T01:27:24Z</time></trkpt><trkpt lat="33.8808414" lon="133.3357061"><ele>1419.6466666666668</ele><time>2023-03-29T01:27:54Z</time></trkpt><trkpt lat="33.8807025" lon="133.3358638"><ele>1422.1533333333334</ele><time>2023-03-29T01:28:07Z</time></trkpt><trkpt lat="33.8805735" lon="133.3360184"><ele>1423.67</ele><time>2023-03-29T01:28:30Z</time></trkpt><trkpt lat="33.8804217" lon="133.336139"><ele>1425.2933333333333</ele><time>2023-03-29T01:29:16Z</time></trkpt><trkpt lat="33.8802432" lon="133.3361785"><ele>1428.2466666666667</ele><time>2023-03-29T01:29:44Z</time></trkpt><trkpt lat="33.8800784" lon="133.3362883"><ele>1431.1333333333334</ele><time>2023-03-29T01:30:06Z</time></trkpt><trkpt lat="33.8799591" lon="133.3364508"><ele>1434.7433333333336</ele><time>2023-03-29T01:30:44Z</time></trkpt><trkpt lat="33.8798535" lon="133.3366344"><ele>1438.006666666667</ele><time>2023-03-29T01:31:09Z</time></trkpt><trkpt lat="33.8797172" lon="133.3367913"><ele>1441.6499999999999</ele><time>2023-03-29T01:31:22Z</time></trkpt><trkpt lat="33.8796066" lon="133.3369642"><ele>1444.3100000000002</ele><time>2023-03-29T01:31:43Z</time></trkpt><trkpt lat="33.8795434" lon="133.3371706"><ele>1444.28</ele><time>2023-03-29T01:32:47Z</time></trkpt><trkpt lat="33.8795173" lon="133.3373849"><ele>1440.75</ele><time>2023-03-29T01:33:23Z</time></trkpt><trkpt lat="33.8794478" lon="133.3375877"><ele>1437.5666666666666</ele><time>2023-03-29T01:34:15Z</time></trkpt><trkpt lat="33.8793906" lon="133.3377941"><ele>1437.7766666666666</ele><time>2023-03-29T01:35:14Z</time></trkpt><trkpt lat="33.8793802" lon="133.3380112"><ele>1440.8266666666668</ele><time>2023-03-29T01:36:03Z</time></trkpt><trkpt lat="33.8793986" lon="133.338228"><ele>1442.7766666666666</ele><time>2023-03-29T01:36:22Z</time></trkpt><trkpt lat="33.8792149" lon="133.3382867"><ele>1446.9166666666667</ele><time>2023-03-29T01:37:47Z</time></trkpt><trkpt lat="33.8790348" lon="133.3383065"><ele>1453.4533333333331</ele><time>2023-03-29T01:38:39Z</time></trkpt><trkpt lat="33.8788721" lon="133.3384011"><ele>1461.39</ele><time>2023-03-29T01:39:15Z</time></trkpt><trkpt lat="33.8786981" lon="133.3384606"><ele>1466.706666666667</ele><time>2023-03-29T01:40:23Z</time></trkpt><trkpt lat="33.8785287" lon="133.3385553"><ele>1472.3400000000001</ele><time>2023-03-29T01:41:00Z</time></trkpt><trkpt lat="33.8783623" lon="133.3384361"><ele>1479.2966666666664</ele><time>2023-03-29T01:41:39Z</time></trkpt><trkpt lat="33.8781809" lon="133.3384156"><ele>1488.79</ele><time>2023-03-29T01:42:51Z</time></trkpt><trkpt lat="33.878024" lon="133.3383088"><ele>1497.45</ele><time>2023-03-29T01:43:55Z</time></trkpt><trkpt lat="33.8778465" lon="133.3383586"><ele>1503.3433333333332</ele><time>2023-03-29T01:54:42Z</time></trkpt><trkpt lat="33.8776608" lon="133.338411"><ele>1507.22</ele><time>2023-03-29T01:55:00Z</time></trkpt><trkpt lat="33.8774981" lon="133.3385102"><ele>1509.79</ele><time>2023-03-29T01:55:42Z</time></trkpt><trkpt lat="33.8773188" lon="133.3385354"><ele>1513.89</ele><time>2023-03-29T01:56:08Z</time></trkpt><trkpt lat="33.8771371" lon="133.3385679"><ele>1517.86</ele><time>2023-03-29T01:56:44Z</time></trkpt><trkpt lat="33.8769836" lon="133.3386861"><ele>1523.3033333333333</ele><time>2023-03-29T01:57:41Z</time></trkpt><trkpt lat="33.8768263" lon="133.3387959"><ele>1529.3566666666666</ele><time>2023-03-29T01:58:19Z</time></trkpt><trkpt lat="33.8766688" lon="133.3389038"><ele>1535.7366666666667</ele><time>2023-03-29T01:59:00Z</time></trkpt><trkpt lat="33.8764623" lon="133.3389538"><ele>1542.4633333333334</ele><time>2023-03-29T02:00:20Z</time></trkpt><trkpt lat="33.8763093" lon="133.3390725"><ele>1550.4833333333333</ele><time>2023-03-29T02:00:54Z</time></trkpt><trkpt lat="33.8761366" lon="133.3391474"><ele>1559.8966666666668</ele><time>2023-03-29T02:03:53Z</time></trkpt><trkpt lat="33.8759674" lon="133.3392238"><ele>1571.95</ele><time>2023-03-29T02:06:03Z</time></trkpt><trkpt lat="33.8758045" lon="133.3393231"><ele>1585.6000000000001</ele><time>2023-03-29T02:08:12Z</time></trkpt><trkpt lat="33.8756576" lon="133.3394509"><ele>1601.43</ele><time>2023-03-29T02:08:53Z</time></trkpt><trkpt lat="33.875629" lon="133.3396649"><ele>1613.1533333333334</ele><time>2023-03-29T02:20:02Z</time></trkpt><trkpt lat="33.8755359" lon="133.3398521"><ele>1620.5866666666668</ele><time>2023-03-29T02:20:51Z</time></trkpt><trkpt lat="33.8755645" lon="133.3400675"><ele>1619.846666666667</ele><time>2023-03-29T02:22:03Z</time></trkpt><trkpt lat="33.8755442" lon="133.3402829"><ele>1618.7133333333331</ele><time>2023-03-29T02:22:19Z</time></trkpt><trkpt lat="33.8755671" lon="133.3405021"><ele>1614.0833333333333</ele><time>2023-03-29T02:22:32Z</time></trkpt><trkpt lat="33.8756406" lon="133.3406995"><ele>1609.4000000000003</ele><time>2023-03-29T02:23:01Z</time></trkpt><trkpt lat="33.8757101" lon="133.3409086"><ele>1601.6266666666668</ele><time>2023-03-29T02:23:25Z</time></trkpt><trkpt lat="33.8757013" lon="133.3411413"><ele>1596.4433333333334</ele><time>2023-03-29T02:23:43Z</time></trkpt><trkpt lat="33.8757573" lon="133.3413518"><ele>1593.6433333333334</ele><time>2023-03-29T02:23:59Z</time></trkpt><trkpt lat="33.8757022" lon="133.3415642"><ele>1592.6233333333332</ele><time>2023-03-29T02:24:15Z</time></trkpt><trkpt lat="33.8757224" lon="133.3417808"><ele>1591.7133333333334</ele><time>2023-03-29T02:24:35Z</time></trkpt><trkpt lat="33.8757608" lon="133.3419937"><ele>1590.016666666667</ele><time>2023-03-29T02:24:52Z</time></trkpt><trkpt lat="33.8757845" lon="133.3422101"><ele>1587.9066666666668</ele><time>2023-03-29T02:25:07Z</time></trkpt><trkpt lat="33.8758443" lon="133.3424281"><ele>1585.5433333333333</ele><time>2023-03-29T02:25:22Z</time></trkpt><trkpt lat="33.8759502" lon="133.3426099"><ele>1583.42</ele><time>2023-03-29T02:25:48Z</time></trkpt><trkpt lat="33.8760189" lon="133.3428104"><ele>1581.7</ele><time>2023-03-29T02:26:11Z</time></trkpt><trkpt lat="33.8760772" lon="133.3430171"><ele>1578.9466666666667</ele><time>2023-03-29T02:26:29Z</time></trkpt><trkpt lat="33.8762111" lon="133.3431719"><ele>1573.6200000000001</ele><time>2023-03-29T02:26:52Z</time></trkpt><trkpt lat="33.8762743" lon="133.3433775"><ele>1568.2166666666665</ele><time>2023-03-29T02:27:16Z</time></trkpt><trkpt lat="33.87641" lon="133.3435298"><ele>1563.1366666666665</ele><time>2023-03-29T02:27:44Z</time></trkpt><trkpt lat="33.8765583" lon="133.3436549"><ele>1560.493333333333</ele><time>2023-03-29T02:27:57Z</time></trkpt><trkpt lat="33.8766977" lon="133.343795"><ele>1556.4099999999999</ele><time>2023-03-29T02:28:12Z</time></trkpt><trkpt lat="33.8768011" lon="133.3439786"><ele>1555.47</ele><time>2023-03-29T02:28:30Z</time></trkpt><trkpt lat="33.8769423" lon="133.3441163"><ele>1556.6599999999999</ele><time>2023-03-29T02:28:51Z</time></trkpt><trkpt lat="33.8771028" lon="133.3442163"><ele>1559.7300000000002</ele><time>2023-03-29T02:29:08Z</time></trkpt><trkpt lat="33.8771867" lon="133.3444134"><ele>1560.8500000000001</ele><time>2023-03-29T02:29:28Z</time></trkpt><trkpt lat="33.8772471" lon="133.3446287"><ele>1560.5933333333335</ele><time>2023-03-29T02:30:13Z</time></trkpt><trkpt lat="33.8772379" lon="133.3448599"><ele>1559.03</ele><time>2023-03-29T02:30:29Z</time></trkpt><trkpt lat="33.8772375" lon="133.3450832"><ele>1555.9433333333334</ele><time>2023-03-29T02:30:46Z</time></trkpt><trkpt lat="33.8772938" lon="133.3452953"><ele>1551.6733333333332</ele><time>2023-03-29T02:31:08Z</time></trkpt><trkpt lat="33.8773778" lon="133.3454907"><ele>1548.2533333333333</ele><time>2023-03-29T02:31:26Z</time></trkpt><trkpt lat="33.8774746" lon="133.3456738"><ele>1545.6366666666665</ele><time>2023-03-29T02:31:43Z</time></trkpt><trkpt lat="33.8775222" lon="133.3458983"><ele>1544.3400000000001</ele><time>2023-03-29T02:32:03Z</time></trkpt><trkpt lat="33.8776238" lon="133.3460878"><ele>1542.8833333333332</ele><time>2023-03-29T02:32:19Z</time></trkpt><trkpt lat="33.8777072" lon="133.3462826"><ele>1541.9966666666667</ele><time>2023-03-29T02:32:39Z</time></trkpt><trkpt lat="33.8778318" lon="133.3464447"><ele>1539.97</ele><time>2023-03-29T02:32:58Z</time></trkpt><trkpt lat="33.8778882" lon="133.3466561"><ele>1538.64</ele><time>2023-03-29T02:33:14Z</time></trkpt><trkpt lat="33.8779435" lon="133.3468679"><ele>1536.9033333333334</ele><time>2023-03-29T02:33:38Z</time></trkpt><trkpt lat="33.8780598" lon="133.3470394"><ele>1534.7066666666667</ele><time>2023-03-29T02:33:57Z</time></trkpt><trkpt lat="33.8780853" lon="133.3472577"><ele>1532.4166666666667</ele><time>2023-03-29T02:34:15Z</time></trkpt><trkpt lat="33.8780452" lon="133.3474732"><ele>1530.99</ele><time>2023-03-29T02:34:32Z</time></trkpt><trkpt lat="33.8780497" lon="133.3476942"><ele>1531.0200000000002</ele><time>2023-03-29T02:34:55Z</time></trkpt><trkpt lat="33.8781038" lon="133.3479021"><ele>1531.0200000000002</ele><time>2023-03-29T02:35:12Z</time></trkpt><trkpt lat="33.8782184" lon="133.3480691"><ele>1529.5433333333333</ele><time>2023-03-29T02:35:38Z</time></trkpt><trkpt lat="33.8782053" lon="133.3482913"><ele>1529.1233333333337</ele><time>2023-03-29T02:35:57Z</time></trkpt><trkpt lat="33.8782206" lon="133.3485137"><ele>1529.1566666666668</ele><time>2023-03-29T02:36:20Z</time></trkpt><trkpt lat="33.8782742" lon="133.3487253"><ele>1530.743333333333</ele><time>2023-03-29T02:36:41Z</time></trkpt><trkpt lat="33.8783502" lon="133.3489285"><ele>1531.4466666666667</ele><time>2023-03-29T02:37:17Z</time></trkpt><trkpt lat="33.8784287" lon="133.3491318"><ele>1532.2</ele><time>2023-03-29T02:37:35Z</time></trkpt><trkpt lat="33.8784896" lon="133.3493407"><ele>1533.4166666666667</ele><time>2023-03-29T02:37:55Z</time></trkpt><trkpt lat="33.8785838" lon="133.3495322"><ele>1534.7066666666667</ele><time>2023-03-29T02:38:11Z</time></trkpt><trkpt lat="33.8786747" lon="133.3497348"><ele>1535.5666666666666</ele><time>2023-03-29T02:38:32Z</time></trkpt><trkpt lat="33.8786328" lon="133.3499509"><ele>1536.6333333333332</ele><time>2023-03-29T02:38:57Z</time></trkpt><trkpt lat="33.8786672" lon="133.3501677"><ele>1540.1533333333334</ele><time>2023-03-29T02:39:27Z</time></trkpt><trkpt lat="33.8786537" lon="133.3503884"><ele>1545.1000000000001</ele><time>2023-03-29T02:40:47Z</time></trkpt><trkpt lat="33.8787713" lon="133.3505658"><ele>1548.7433333333336</ele><time>2023-03-29T02:41:21Z</time></trkpt><trkpt lat="33.8788231" lon="133.3507736"><ele>1551.0900000000001</ele><time>2023-03-29T02:41:56Z</time></trkpt><trkpt lat="33.8788415" lon="133.3509926"><ele>1552.8933333333334</ele><time>2023-03-29T02:42:22Z</time></trkpt><trkpt lat="33.8788631" lon="133.3512167"><ele>1557.5033333333333</ele><time>2023-03-29T02:42:42Z</time></trkpt><trkpt lat="33.8789215" lon="133.351426"><ele>1561.5966666666666</ele><time>2023-03-29T02:43:34Z</time></trkpt><trkpt lat="33.8790142" lon="133.3516203"><ele>1565.5366666666669</ele><time>2023-03-29T02:43:49Z</time></trkpt><trkpt lat="33.8791072" lon="133.3518192"><ele>1569.0566666666666</ele><time>2023-03-29T02:44:44Z</time></trkpt><trkpt lat="33.8791759" lon="133.3520218"><ele>1572.4233333333334</ele><time>2023-03-29T02:45:02Z</time></trkpt><trkpt lat="33.8791788" lon="133.3522413"><ele>1578.1033333333332</ele><time>2023-03-29T02:45:56Z</time></trkpt><trkpt lat="33.8791781" lon="133.3524581"><ele>1584.0199999999998</ele><time>2023-03-29T02:47:11Z</time></trkpt><trkpt lat="33.879194" lon="133.3526776"><ele>1593.7933333333333</ele><time>2023-03-29T02:48:35Z</time></trkpt><trkpt lat="33.8793214" lon="133.3528324"><ele>1603.2066666666667</ele><time>2023-03-29T02:49:12Z</time></trkpt><trkpt lat="33.8793125" lon="133.3530491"><ele>1612.0033333333333</ele><time>2023-03-29T02:50:09Z</time></trkpt><trkpt lat="33.8793708" lon="133.3532537"><ele>1618.4300000000003</ele><time>2023-03-29T02:50:29Z</time></trkpt><trkpt lat="33.879441" lon="133.3534599"><ele>1623.8366666666668</ele><time>2023-03-29T02:51:38Z</time></trkpt><trkpt lat="33.8795824" lon="133.3536084"><ele>1628.2866666666669</ele><time>2023-03-29T02:51:55Z</time></trkpt><trkpt lat="33.8797048" lon="133.3537674"><ele>1631.17</ele><time>2023-03-29T02:52:27Z</time></trkpt><trkpt lat="33.8798855" lon="133.3537444"><ele>1631.0766666666666</ele><time>2023-03-29T02:58:53Z</time></trkpt><trkpt lat="33.8800564" lon="133.3536414"><ele>1626.9433333333334</ele><time>2023-03-29T02:59:08Z</time></trkpt><trkpt lat="33.8802403" lon="133.3535967"><ele>1620.716666666667</ele><time>2023-03-29T02:59:35Z</time></trkpt><trkpt lat="33.8804157" lon="133.3535459"><ele>1611.5633333333335</ele><time>2023-03-29T02:59:59Z</time></trkpt><trkpt lat="33.880599" lon="133.3535415"><ele>1603.8433333333335</ele><time>2023-03-29T03:01:06Z</time></trkpt><trkpt lat="33.8807713" lon="133.3534746"><ele>1595.1599999999999</ele><time>2023-03-29T03:01:25Z</time></trkpt><trkpt lat="33.8809478" lon="133.3534303"><ele>1590.0033333333333</ele><time>2023-03-29T03:01:51Z</time></trkpt><trkpt lat="33.8811361" lon="133.3534088"><ele>1586.41</ele><time>2023-03-29T03:02:08Z</time></trkpt><trkpt lat="33.8813158" lon="133.3533822"><ele>1584.5600000000002</ele><time>2023-03-29T03:02:53Z</time></trkpt><trkpt lat="33.8814844" lon="133.3532661"><ele>1582.6333333333332</ele><time>2023-03-29T03:03:34Z</time></trkpt><trkpt lat="33.8816052" lon="133.3531022"><ele>1580.6500000000003</ele><time>2023-03-29T03:03:53Z</time></trkpt><trkpt lat="33.8817489" lon="133.3529615"><ele>1577.32</ele><time>2023-03-29T03:05:58Z</time></trkpt><trkpt lat="33.8818112" lon="133.3527567"><ele>1573.46</ele><time>2023-03-29T03:06:14Z</time></trkpt><trkpt lat="33.8819559" lon="133.3526266"><ele>1566.6633333333332</ele><time>2023-03-29T03:06:40Z</time></trkpt><trkpt lat="33.8821374" lon="133.3525575"><ele>1559.78</ele><time>2023-03-29T03:07:51Z</time></trkpt><trkpt lat="33.8823079" lon="133.3524788"><ele>1552.5666666666668</ele><time>2023-03-29T03:08:12Z</time></trkpt><trkpt lat="33.8824682" lon="133.3523745"><ele>1547.2466666666667</ele><time>2023-03-29T03:08:43Z</time></trkpt><trkpt lat="33.8825866" lon="133.352209"><ele>1543.006666666667</ele><time>2023-03-29T03:09:11Z</time></trkpt><trkpt lat="33.8827094" lon="133.3520478"><ele>1539.6533333333334</ele><time>2023-03-29T03:09:27Z</time></trkpt><trkpt lat="33.8828073" lon="133.3518612"><ele>1538.4033333333334</ele><time>2023-03-29T03:09:57Z</time></trkpt><trkpt lat="33.8829353" lon="133.3517055"><ele>1538.4533333333336</ele><time>2023-03-29T03:10:47Z</time></trkpt><trkpt lat="33.8830921" lon="133.3515928"><ele>1538.0433333333333</ele><time>2023-03-29T03:11:20Z</time></trkpt><trkpt lat="33.8832684" lon="133.3515163"><ele>1534.3766666666668</ele><time>2023-03-29T03:12:51Z</time></trkpt><trkpt lat="33.883424" lon="133.3513979"><ele>1528.5200000000002</ele><time>2023-03-29T03:13:11Z</time></trkpt><trkpt lat="33.8835998" lon="133.3513346"><ele>1522.8033333333333</ele><time>2023-03-29T03:13:54Z</time></trkpt><trkpt lat="33.8837463" lon="133.3512066"><ele>1522.8033333333333</ele><time>2023-03-29T03:14:32Z</time></trkpt><trkpt lat="33.8838968" lon="133.351082"><ele>1528.92</ele><time>2023-03-29T03:16:26Z</time></trkpt><trkpt lat="33.8840753" lon="133.3510308"><ele>1539.43</ele><time>2023-03-29T03:18:18Z</time></trkpt><trkpt lat="33.8842411" lon="133.350916"><ele>1546.0366666666666</ele><time>2023-03-29T03:19:02Z</time></trkpt><trkpt lat="33.8844113" lon="133.3509927"><ele>1549.4633333333334</ele><time>2023-03-29T03:20:31Z</time></trkpt><trkpt lat="33.8846036" lon="133.3510058"><ele>1547.92</ele><time>2023-03-29T03:20:51Z</time></trkpt><trkpt lat="33.8847813" lon="133.3510451"><ele>1546.6000000000001</ele><time>2023-03-29T03:21:24Z</time></trkpt><trkpt lat="33.8849656" lon="133.3510469"><ele>1542.1900000000003</ele><time>2023-03-29T03:22:06Z</time></trkpt><trkpt lat="33.8851447" lon="133.3509939"><ele>1539.78</ele><time>2023-03-29T03:22:37Z</time></trkpt><trkpt lat="33.8853169" lon="133.3510586"><ele>1540.0933333333335</ele><time>2023-03-29T03:23:53Z</time></trkpt><trkpt lat="33.8854817" lon="133.3509545"><ele>1545.67</ele><time>2023-03-29T03:24:20Z</time></trkpt><trkpt lat="33.8856564" lon="133.3508986"><ele>1552.6366666666665</ele><time>2023-03-29T03:25:09Z</time></trkpt><trkpt lat="33.8858323" lon="133.3509507"><ele>1554.2700000000002</ele><time>2023-03-29T03:34:10Z</time></trkpt><trkpt lat="33.8859374" lon="133.3511541"><ele>1546.0733333333335</ele><time>2023-03-29T03:35:31Z</time></trkpt><trkpt lat="33.8860881" lon="133.3509797"><ele>1536.3099999999997</ele><time>2023-03-29T03:35:36Z</time></trkpt><trkpt lat="33.8861283" lon="133.3507564"><ele>1530.1833333333334</ele><time>2023-03-29T03:35:48Z</time></trkpt><trkpt lat="33.886182" lon="133.3505481"><ele>1528.5466666666669</ele><time>2023-03-29T03:35:55Z</time></trkpt><trkpt lat="33.886184" lon="133.3503286"><ele>1527.6233333333332</ele><time>2023-03-29T03:36:54Z</time></trkpt><trkpt lat="33.8862156" lon="133.3501144"><ele>1526.2833333333335</ele><time>2023-03-29T03:37:27Z</time></trkpt><trkpt lat="33.8863785" lon="133.3500114"><ele>1528.64</ele><time>2023-03-29T03:39:43Z</time></trkpt><trkpt lat="33.8865363" lon="133.3498923"><ele>1530.7299999999998</ele><time>2023-03-29T03:39:57Z</time></trkpt><trkpt lat="33.8866828" lon="133.3497561"><ele>1532.7900000000002</ele><time>2023-03-29T03:40:31Z</time></trkpt><trkpt lat="33.8867524" lon="133.3499713"><ele>1532.2966666666669</ele><time>2023-03-29T03:41:47Z</time></trkpt><trkpt lat="33.8868992" lon="133.3501234"><ele>1526.92</ele><time>2023-03-29T03:42:24Z</time></trkpt><trkpt lat="33.8870281" lon="133.3502822"><ele>1518.03</ele><time>2023-03-29T03:43:45Z</time></trkpt><trkpt lat="33.8871508" lon="133.3504412"><ele>1506.8766666666668</ele><time>2023-03-29T03:44:27Z</time></trkpt><trkpt lat="33.8872899" lon="133.3505813"><ele>1496.3466666666666</ele><time>2023-03-29T03:46:58Z</time></trkpt><trkpt lat="33.8874329" lon="133.3507208"><ele>1484.1666666666667</ele><time>2023-03-29T03:47:15Z</time></trkpt><trkpt lat="33.8875929" lon="133.3508323"><ele>1472.3400000000001</ele><time>2023-03-29T03:47:44Z</time></trkpt><trkpt lat="33.8877758" lon="133.3508752"><ele>1462.5833333333333</ele><time>2023-03-29T03:48:18Z</time></trkpt><trkpt lat="33.8879577" lon="133.3508942"><ele>1455.5333333333335</ele><time>2023-03-29T03:48:35Z</time></trkpt><trkpt lat="33.88813" lon="133.3509655"><ele>1452.2300000000002</ele><time>2023-03-29T03:49:14Z</time></trkpt><trkpt lat="33.8883099" lon="133.3509171"><ele>1449.4766666666667</ele><time>2023-03-29T03:49:28Z</time></trkpt><trkpt lat="33.88849" lon="133.350875"><ele>1448.9533333333336</ele><time>2023-03-29T03:49:44Z</time></trkpt><trkpt lat="33.888665" lon="133.3507855"><ele>1447.2033333333336</ele><time>2023-03-29T03:50:00Z</time></trkpt><trkpt lat="33.8888368" lon="133.350715"><ele>1445.9733333333334</ele><time>2023-03-29T03:50:18Z</time></trkpt><trkpt lat="33.8890136" lon="133.3506651"><ele>1444.6266666666668</ele><time>2023-03-29T03:50:39Z</time></trkpt><trkpt lat="33.8891888" lon="133.3506016"><ele>1443.4733333333334</ele><time>2023-03-29T03:51:02Z</time></trkpt><trkpt lat="33.8893748" lon="133.3505662"><ele>1442.1899999999998</ele><time>2023-03-29T03:51:20Z</time></trkpt><trkpt lat="33.8895472" lon="133.350641"><ele>1441.256666666667</ele><time>2023-03-29T03:51:41Z</time></trkpt><trkpt lat="33.8896829" lon="133.350785"><ele>1438.8066666666666</ele><time>2023-03-29T03:52:38Z</time></trkpt><trkpt lat="33.8898437" lon="133.3508925"><ele>1433.53</ele><time>2023-03-29T03:53:54Z</time></trkpt><trkpt lat="33.8899352" lon="133.351104"><ele>1425.6366666666665</ele><time>2023-03-29T03:54:01Z</time></trkpt><trkpt lat="33.890096" lon="133.3512096"><ele>1415.2966666666669</ele><time>2023-03-29T03:54:18Z</time></trkpt><trkpt lat="33.89028" lon="133.351255"><ele>1406.5933333333332</ele><time>2023-03-29T03:54:50Z</time></trkpt><trkpt lat="33.8904647" lon="133.3512879"><ele>1401.2966666666664</ele><time>2023-03-29T03:55:06Z</time></trkpt><trkpt lat="33.8906383" lon="133.3513512"><ele>1400.2166666666665</ele><time>2023-03-29T03:55:22Z</time></trkpt><trkpt lat="33.8908189" lon="133.3513961"><ele>1402.0566666666666</ele><time>2023-03-29T03:55:40Z</time></trkpt><trkpt lat="33.890941" lon="133.3515587"><ele>1404.43</ele><time>2023-03-29T03:57:49Z</time></trkpt><trkpt lat="33.8911153" lon="133.3516235"><ele>1407.5333333333335</ele><time>2023-03-29T03:58:05Z</time></trkpt><trkpt lat="33.8912994" lon="133.3516388"><ele>1410.1933333333334</ele><time>2023-03-29T03:58:23Z</time></trkpt><trkpt lat="33.8914818" lon="133.3516199"><ele>1411.5566666666666</ele><time>2023-03-29T03:58:37Z</time></trkpt><trkpt lat="33.891657" lon="133.35156"><ele>1411.64</ele><time>2023-03-29T03:58:59Z</time></trkpt><trkpt lat="33.8918132" lon="133.3514298"><ele>1409.9666666666665</ele><time>2023-03-29T03:59:16Z</time></trkpt><trkpt lat="33.8919809" lon="133.3513485"><ele>1406.7133333333334</ele><time>2023-03-29T03:59:33Z</time></trkpt><trkpt lat="33.8921248" lon="133.351216"><ele>1402.55</ele><time>2023-03-29T03:59:52Z</time></trkpt><trkpt lat="33.8922602" lon="133.3510706"><ele>1398.08</ele><time>2023-03-29T04:00:20Z</time></trkpt><trkpt lat="33.8923953" lon="133.350921"><ele>1392.9600000000003</ele><time>2023-03-29T04:00:43Z</time></trkpt><trkpt lat="33.8925002" lon="133.3507394"><ele>1387.3666666666668</ele><time>2023-03-29T04:01:00Z</time></trkpt><trkpt lat="33.8923997" lon="133.3509214"><ele>1385.1833333333334</ele><time>2023-03-29T04:03:32Z</time></trkpt><trkpt lat="33.8923352" lon="133.3511247"><ele>1386.9333333333334</ele><time>2023-03-29T04:03:56Z</time></trkpt><trkpt lat="33.8922123" lon="133.3512842"><ele>1391.5633333333335</ele><time>2023-03-29T04:04:57Z</time></trkpt><trkpt lat="33.8920504" lon="133.3514083"><ele>1395.7033333333331</ele><time>2023-03-29T04:05:12Z</time></trkpt><trkpt lat="33.8919816" lon="133.3516108"><ele>1397.75</ele><time>2023-03-29T04:05:32Z</time></trkpt><trkpt lat="33.8919051" lon="133.3518121"><ele>1397.04</ele><time>2023-03-29T04:06:06Z</time></trkpt><trkpt lat="33.8918761" lon="133.35203"><ele>1393.8766666666668</ele><time>2023-03-29T04:06:47Z</time></trkpt><trkpt lat="33.891973" lon="133.3522164"><ele>1389.8533333333335</ele><time>2023-03-29T04:07:06Z</time></trkpt><trkpt lat="33.8919537" lon="133.3524318"><ele>1387.706666666667</ele><time>2023-03-29T04:07:47Z</time></trkpt><trkpt lat="33.8918836" lon="133.3526333"><ele>1387.4666666666665</ele><time>2023-03-29T04:08:50Z</time></trkpt><trkpt lat="33.8919765" lon="133.3528209"><ele>1387.2133333333334</ele><time>2023-03-29T04:09:13Z</time></trkpt><trkpt lat="33.8920557" lon="133.3530157"><ele>1385.5133333333333</ele><time>2023-03-29T04:09:31Z</time></trkpt><trkpt lat="33.8922081" lon="133.3531415"><ele>1380.7266666666667</ele><time>2023-03-29T04:09:53Z</time></trkpt><trkpt lat="33.8923046" lon="133.3533372"><ele>1376.07</ele><time>2023-03-29T04:10:13Z</time></trkpt><trkpt lat="33.8924787" lon="133.353428"><ele>1372.04</ele><time>2023-03-29T04:11:11Z</time></trkpt><trkpt lat="33.8926494" lon="133.3535029"><ele>1367.3633333333335</ele><time>2023-03-29T04:11:28Z</time></trkpt><trkpt lat="33.8928316" lon="133.3535259"><ele>1364.6200000000001</ele><time>2023-03-29T04:11:47Z</time></trkpt><trkpt lat="33.8929909" lon="133.3536335"><ele>1362.72</ele><time>2023-03-29T04:12:08Z</time></trkpt><trkpt lat="33.8931361" lon="133.3537678"><ele>1363.1133333333335</ele><time>2023-03-29T04:12:41Z</time></trkpt><trkpt lat="33.8932485" lon="133.3539383"><ele>1361.4433333333334</ele><time>2023-03-29T04:13:09Z</time></trkpt><trkpt lat="33.8933984" lon="133.354087"><ele>1359.63</ele><time>2023-03-29T04:13:37Z</time></trkpt><trkpt lat="33.89354" lon="133.3542264"><ele>1357.8966666666665</ele><time>2023-03-29T04:13:59Z</time></trkpt><trkpt lat="33.8937177" lon="133.3542716"><ele>1356.3266666666666</ele><time>2023-03-29T04:14:40Z</time></trkpt><trkpt lat="33.8938325" lon="133.3544623"><ele>1353.3999999999999</ele><time>2023-03-29T04:15:38Z</time></trkpt><trkpt lat="33.8939193" lon="133.3546528"><ele>1348.2</ele><time>2023-03-29T04:15:53Z</time></trkpt><trkpt lat="33.8938263" lon="133.3548424"><ele>1341.64</ele><time>2023-03-29T04:16:40Z</time></trkpt><trkpt lat="33.8937333" lon="133.3550301"><ele>1332.9066666666668</ele><time>2023-03-29T04:17:51Z</time></trkpt><trkpt lat="33.8937907" lon="133.3552372"><ele>1322.4633333333334</ele><time>2023-03-29T04:19:15Z</time></trkpt><trkpt lat="33.8937778" lon="133.3554539"><ele>1312.5366666666666</ele><time>2023-03-29T04:20:07Z</time></trkpt><trkpt lat="33.8938913" lon="133.3556313"><ele>1302.45</ele><time>2023-03-29T04:21:10Z</time></trkpt><trkpt lat="33.8940418" lon="133.3557568"><ele>1293.5766666666666</ele><time>2023-03-29T04:21:28Z</time></trkpt><trkpt lat="33.8940179" lon="133.3559821"><ele>1284.1933333333334</ele><time>2023-03-29T04:22:59Z</time></trkpt><trkpt lat="33.894175" lon="133.3561003"><ele>1276.17</ele><time>2023-03-29T04:25:49Z</time></trkpt><trkpt lat="33.8943457" lon="133.3561768"><ele>1269.9366666666667</ele><time>2023-03-29T04:26:17Z</time></trkpt><trkpt lat="33.8945021" lon="133.3562943"><ele>1264.99</ele><time>2023-03-29T04:26:37Z</time></trkpt><trkpt lat="33.8946209" lon="133.3564584"><ele>1259.82</ele><time>2023-03-29T04:26:50Z</time></trkpt><trkpt lat="33.8947731" lon="133.3565837"><ele>1254.5933333333335</ele><time>2023-03-29T04:27:15Z</time></trkpt><trkpt lat="33.894911" lon="133.3567265"><ele>1247.7866666666666</ele><time>2023-03-29T04:27:44Z</time></trkpt><trkpt lat="33.8950139" lon="133.3569085"><ele>1240.7766666666666</ele><time>2023-03-29T04:28:31Z</time></trkpt><trkpt lat="33.89506" lon="133.3571189"><ele>1233.72</ele><time>2023-03-29T04:28:47Z</time></trkpt><trkpt lat="33.8951181" lon="133.3573265"><ele>1228.8766666666668</ele><time>2023-03-29T04:28:59Z</time></trkpt><trkpt lat="33.8951286" lon="133.357543"><ele>1227.8066666666666</ele><time>2023-03-29T04:29:40Z</time></trkpt><trkpt lat="33.8952665" lon="133.3576876"><ele>1228.2833333333335</ele><time>2023-03-29T04:30:14Z</time></trkpt><trkpt lat="33.895433" lon="133.3577917"><ele>1227.4666666666667</ele><time>2023-03-29T04:30:27Z</time></trkpt><trkpt lat="33.8955355" lon="133.3579741"><ele>1226.0733333333335</ele><time>2023-03-29T04:30:46Z</time></trkpt><trkpt lat="33.8956622" lon="133.3581312"><ele>1224.79</ele><time>2023-03-29T04:31:02Z</time></trkpt><trkpt lat="33.8958373" lon="133.3582226"><ele>1225.756666666667</ele><time>2023-03-29T04:31:51Z</time></trkpt><trkpt lat="33.8959381" lon="133.3584067"><ele>1227.08</ele><time>2023-03-29T04:32:13Z</time></trkpt><trkpt lat="33.8960922" lon="133.3585328"><ele>1226.6166666666666</ele><time>2023-03-29T04:32:46Z</time></trkpt><trkpt lat="33.8962544" lon="133.3586304"><ele>1224.0533333333335</ele><time>2023-03-29T04:33:00Z</time></trkpt><trkpt lat="33.8963819" lon="133.3587942"><ele>1219.4733333333334</ele><time>2023-03-29T04:33:14Z</time></trkpt><trkpt lat="33.8965329" lon="133.3589161"><ele>1215.5733333333335</ele><time>2023-03-29T04:33:38Z</time></trkpt><trkpt lat="33.89671" lon="133.3589703"><ele>1212.2066666666667</ele><time>2023-03-29T04:33:57Z</time></trkpt><trkpt lat="33.8968769" lon="133.3590542"><ele>1210.01</ele><time>2023-03-29T04:34:29Z</time></trkpt><trkpt lat="33.8970617" lon="133.3590836"><ele>1207.9166666666667</ele><time>2023-03-29T04:34:43Z</time></trkpt><trkpt lat="33.8972333" lon="133.3589908"><ele>1207.05</ele><time>2023-03-29T04:34:56Z</time></trkpt><trkpt lat="33.8974015" lon="133.3588938"><ele>1205.7466666666667</ele><time>2023-03-29T04:35:11Z</time></trkpt><trkpt lat="33.8975842" lon="133.3588982"><ele>1204.3000000000002</ele><time>2023-03-29T04:35:38Z</time></trkpt><trkpt lat="33.8977547" lon="133.3589688"><ele>1203.6233333333332</ele><time>2023-03-29T04:37:31Z</time></trkpt><trkpt lat="33.8979128" lon="133.3590757"><ele>1205.4700000000003</ele><time>2023-03-29T04:39:46Z</time></trkpt><trkpt lat="33.8980964" lon="133.3591041"><ele>1210.9933333333336</ele><time>2023-03-29T04:45:21Z</time></trkpt><trkpt lat="33.898252" lon="133.3589924"><ele>1215.8866666666668</ele><time>2023-03-29T04:45:42Z</time></trkpt><trkpt lat="33.8984031" lon="133.3588725"><ele>1220.5433333333333</ele><time>2023-03-29T04:47:33Z</time></trkpt><trkpt lat="33.8985816" lon="133.3589109"><ele>1226.23</ele><time>2023-03-29T04:50:12Z</time></trkpt><trkpt lat="33.8987268" lon="133.3591666"><ele>1231.0333333333335</ele><time>2023-03-29T04:51:44Z</time></trkpt><trkpt lat="33.89871" lon="133.3589424"><ele>1236.1433333333332</ele><time>2023-03-29T04:52:24Z</time></trkpt><trkpt lat="33.8988848" lon="133.3588609"><ele>1237.6766666666665</ele><time>2023-03-29T05:04:29Z</time></trkpt><trkpt lat="33.8989598" lon="133.3586627"><ele>1239.3733333333334</ele><time>2023-03-29T05:04:55Z</time></trkpt><trkpt lat="33.8990936" lon="133.3585082"><ele>1237.2033333333336</ele><time>2023-03-29T05:06:31Z</time></trkpt><trkpt lat="33.8991856" lon="133.3583219"><ele>1234.2166666666665</ele><time>2023-03-29T05:06:48Z</time></trkpt><trkpt lat="33.8992809" lon="133.3581342"><ele>1231.9</ele><time>2023-03-29T05:07:29Z</time></trkpt><trkpt lat="33.8994343" lon="133.3580043"><ele>1230.5800000000002</ele><time>2023-03-29T05:07:51Z</time></trkpt><trkpt lat="33.8996017" lon="133.3578886"><ele>1227.55</ele><time>2023-03-29T05:08:06Z</time></trkpt><trkpt lat="33.8997069" lon="133.3577052"><ele>1221.9766666666667</ele><time>2023-03-29T05:08:24Z</time></trkpt><trkpt lat="33.8997938" lon="133.3574928"><ele>1216.6166666666668</ele><time>2023-03-29T05:08:42Z</time></trkpt><trkpt lat="33.8999411" lon="133.3573596"><ele>1211.69</ele><time>2023-03-29T05:08:59Z</time></trkpt><trkpt lat="33.9000135" lon="133.3571602"><ele>1206.0233333333335</ele><time>2023-03-29T05:09:13Z</time></trkpt><trkpt lat="33.8999666" lon="133.3569424"><ele>1198.7333333333333</ele><time>2023-03-29T05:09:52Z</time></trkpt><trkpt lat="33.9000028" lon="133.3567304"><ele>1190.4233333333334</ele><time>2023-03-29T05:10:58Z</time></trkpt><trkpt lat="33.8999556" lon="133.3565015"><ele>1183.7166666666667</ele><time>2023-03-29T05:11:10Z</time></trkpt><trkpt lat="33.8999085" lon="133.356276"><ele>1177.5433333333333</ele><time>2023-03-29T05:11:22Z</time></trkpt><trkpt lat="33.899979" lon="133.356075"><ele>1171.24</ele><time>2023-03-29T05:11:42Z</time></trkpt><trkpt lat="33.9000923" lon="133.3559066"><ele>1164.33</ele><time>2023-03-29T05:12:16Z</time></trkpt><trkpt lat="33.9002064" lon="133.3557366"><ele>1157.29</ele><time>2023-03-29T05:12:44Z</time></trkpt><trkpt lat="33.9002673" lon="133.3555227"><ele>1153.1866666666667</ele><time>2023-03-29T05:13:00Z</time></trkpt><trkpt lat="33.9002786" lon="133.3553032"><ele>1149.18</ele><time>2023-03-29T05:13:15Z</time></trkpt><trkpt lat="33.9002368" lon="133.3550893"><ele>1146.8799999999999</ele><time>2023-03-29T05:13:34Z</time></trkpt><trkpt lat="33.9002105" lon="133.3548729"><ele>1142.6866666666667</ele><time>2023-03-29T05:13:59Z</time></trkpt><trkpt lat="33.9002498" lon="133.3546596"><ele>1138.92</ele><time>2023-03-29T05:14:22Z</time></trkpt><trkpt lat="33.9002746" lon="133.3544453"><ele>1132.2366666666667</ele><time>2023-03-29T05:14:36Z</time></trkpt><trkpt lat="33.9002382" lon="133.354229"><ele>1127.6433333333334</ele><time>2023-03-29T05:14:49Z</time></trkpt><trkpt lat="33.9002445" lon="133.3540127"><ele>1122.0133333333333</ele><time>2023-03-29T05:16:32Z</time></trkpt><trkpt lat="33.9003892" lon="133.353857"><ele>1116.1699999999998</ele><time>2023-03-29T05:17:24Z</time></trkpt><trkpt lat="33.9004072" lon="133.3536347"><ele>1109.4133333333332</ele><time>2023-03-29T05:17:35Z</time></trkpt><trkpt lat="33.9004317" lon="133.3534169"><ele>1104.1966666666667</ele><time>2023-03-29T05:18:00Z</time></trkpt><trkpt lat="33.9005339" lon="133.3532267"><ele>1100.7133333333334</ele><time>2023-03-29T05:18:20Z</time></trkpt><trkpt lat="33.9006577" lon="133.3530583"><ele>1096.3233333333335</ele><time>2023-03-29T05:18:36Z</time></trkpt><trkpt lat="33.9007329" lon="133.3528608"><ele>1091.4266666666665</ele><time>2023-03-29T05:19:16Z</time></trkpt><trkpt lat="33.9007992" lon="133.3526512"><ele>1085.5833333333333</ele><time>2023-03-29T05:19:49Z</time></trkpt><trkpt lat="33.9009207" lon="133.3524899"><ele>1079.3933333333332</ele><time>2023-03-29T05:20:02Z</time></trkpt><trkpt lat="33.9010191" lon="133.3523057"><ele>1070.57</ele><time>2023-03-29T05:20:19Z</time></trkpt><trkpt lat="33.9011882" lon="133.3522174"><ele>1060.8799999999999</ele><time>2023-03-29T05:22:06Z</time></trkpt><trkpt lat="33.9013361" lon="133.352086"><ele>1050.6366666666665</ele><time>2023-03-29T05:22:20Z</time></trkpt><trkpt lat="33.9014705" lon="133.3519271"><ele>1042.3433333333332</ele><time>2023-03-29T05:23:13Z</time></trkpt><trkpt lat="33.9016252" lon="133.351806"><ele>1037.0633333333335</ele><time>2023-03-29T05:23:59Z</time></trkpt><trkpt lat="33.9017829" lon="133.3516872"><ele>1034.2466666666667</ele><time>2023-03-29T05:24:14Z</time></trkpt><trkpt lat="33.9018848" lon="133.3514998"><ele>1033.966666666667</ele><time>2023-03-29T05:24:30Z</time></trkpt><trkpt lat="33.9020017" lon="133.3513246"><ele>1033.41</ele><time>2023-03-29T05:25:06Z</time></trkpt><trkpt lat="33.9020631" lon="133.3511173"><ele>1032.97</ele><time>2023-03-29T05:25:25Z</time></trkpt><trkpt lat="33.9021473" lon="133.3509214"><ele>1032.0066666666664</ele><time>2023-03-29T05:25:38Z</time></trkpt><trkpt lat="33.9022609" lon="133.3507497"><ele>1031.3333333333333</ele><time>2023-03-29T05:25:53Z</time></trkpt><trkpt lat="33.9023548" lon="133.3505599"><ele>1029.5633333333333</ele><time>2023-03-29T05:26:15Z</time></trkpt><trkpt lat="33.902416" lon="133.3503543"><ele>1026.2233333333331</ele><time>2023-03-29T05:26:48Z</time></trkpt><trkpt lat="33.9024156" lon="133.3501268"><ele>1022.3733333333333</ele><time>2023-03-29T05:27:03Z</time></trkpt><trkpt lat="33.902448" lon="133.3499096"><ele>1019.1666666666666</ele><time>2023-03-29T05:27:26Z</time></trkpt><trkpt lat="33.9024338" lon="133.349692"><ele>1014.3166666666667</ele><time>2023-03-29T05:27:40Z</time></trkpt><trkpt lat="33.902614" lon="133.3497313"><ele>1009.0466666666667</ele><time>2023-03-29T05:29:46Z</time></trkpt><trkpt lat="33.902738" lon="133.3495695"><ele>1001.8633333333333</ele><time>2023-03-29T05:29:57Z</time></trkpt><trkpt lat="33.9029226" lon="133.3494327"><ele>997.0266666666666</ele><time>2023-03-29T05:30:26Z</time></trkpt><trkpt lat="33.9030964" lon="133.3493713"><ele>993.54</ele><time>2023-03-29T05:30:53Z</time></trkpt><trkpt lat="33.9032357" lon="133.3492278"><ele>992.63</ele><time>2023-03-29T05:31:09Z</time></trkpt><trkpt lat="33.9033966" lon="133.349116"><ele>994.3299999999999</ele><time>2023-03-29T05:31:30Z</time></trkpt><trkpt lat="33.9035133" lon="133.3489463"><ele>997.6833333333334</ele><time>2023-03-29T05:32:12Z</time></trkpt><trkpt lat="33.903649" lon="133.348787"><ele>1000.3566666666667</ele><time>2023-03-29T05:32:42Z</time></trkpt><trkpt lat="33.9038308" lon="133.3487524"><ele>1001.3433333333332</ele><time>2023-03-29T05:33:38Z</time></trkpt><trkpt lat="33.904019" lon="133.3486706"><ele>999.5099999999999</ele><time>2023-03-29T05:33:54Z</time></trkpt><trkpt lat="33.9041682" lon="133.3485461"><ele>998.0066666666667</ele><time>2023-03-29T05:34:12Z</time></trkpt><trkpt lat="33.9042751" lon="133.3483671"><ele>995.4133333333334</ele><time>2023-03-29T05:35:15Z</time></trkpt><trkpt lat="33.9043834" lon="133.3481826"><ele>993.7866666666667</ele><time>2023-03-29T05:35:24Z</time></trkpt><trkpt lat="33.9045078" lon="133.3480217"><ele>992.2599999999999</ele><time>2023-03-29T05:35:37Z</time></trkpt><trkpt lat="33.9045587" lon="133.3478092"><ele>992.0100000000001</ele><time>2023-03-29T05:35:49Z</time></trkpt><trkpt lat="33.9045495" lon="133.3475854"><ele>991.7266666666666</ele><time>2023-03-29T05:36:06Z</time></trkpt><trkpt lat="33.9047052" lon="133.3474613"><ele>991.3433333333334</ele><time>2023-03-29T05:36:47Z</time></trkpt><trkpt lat="33.9047551" lon="133.3472473"><ele>991.0066666666667</ele><time>2023-03-29T05:37:04Z</time></trkpt><trkpt lat="33.904845" lon="133.3470512"><ele>990.5666666666666</ele><time>2023-03-29T05:37:23Z</time></trkpt><trkpt lat="33.9048976" lon="133.3468411"><ele>989.6466666666666</ele><time>2023-03-29T05:37:59Z</time></trkpt><trkpt lat="33.905005" lon="133.3466621"><ele>987.9433333333333</ele><time>2023-03-29T05:38:18Z</time></trkpt><trkpt lat="33.905081" lon="133.3464558"><ele>985.32</ele><time>2023-03-29T05:38:35Z</time></trkpt><trkpt lat="33.9051791" lon="133.3462714"><ele>983.62</ele><time>2023-03-29T05:38:54Z</time></trkpt><trkpt lat="33.9052597" lon="133.3460706"><ele>982.9266666666666</ele><time>2023-03-29T05:39:08Z</time></trkpt><trkpt lat="33.9054171" lon="133.3459646"><ele>982.84</ele><time>2023-03-29T05:39:40Z</time></trkpt><trkpt lat="33.9055123" lon="133.3457795"><ele>981.7599999999999</ele><time>2023-03-29T05:39:58Z</time></trkpt><trkpt lat="33.905696" lon="133.3457805"><ele>980.89</ele><time>2023-03-29T05:42:11Z</time></trkpt><trkpt lat="33.9058806" lon="133.3457756"><ele>980.46</ele><time>2023-03-29T05:42:24Z</time></trkpt><trkpt lat="33.9059183" lon="133.3455634"><ele>980.1433333333334</ele><time>2023-03-29T05:43:27Z</time></trkpt><trkpt lat="33.9059133" lon="133.3453463"><ele>976.3100000000001</ele><time>2023-03-29T05:44:29Z</time></trkpt><trkpt lat="33.9058893" lon="133.3451228"><ele>969.8466666666667</ele><time>2023-03-29T05:44:57Z</time></trkpt><trkpt lat="33.9058878" lon="133.3449006"><ele>961.2366666666667</ele><time>2023-03-29T05:45:17Z</time></trkpt><trkpt lat="33.9059327" lon="133.3446844"><ele>955.6733333333333</ele><time>2023-03-29T05:45:35Z</time></trkpt><trkpt lat="33.9059429" lon="133.3444602"><ele>951.7000000000002</ele><time>2023-03-29T05:46:12Z</time></trkpt><trkpt lat="33.9059538" lon="133.3442408"><ele>950.0666666666666</ele><time>2023-03-29T05:46:24Z</time></trkpt><trkpt lat="33.9060387" lon="133.3440428"><ele>949.6533333333333</ele><time>2023-03-29T05:46:40Z</time></trkpt><trkpt lat="33.9060312" lon="133.3438255"><ele>950.2433333333333</ele><time>2023-03-29T05:47:26Z</time></trkpt><trkpt lat="33.9060628" lon="133.3436109"><ele>951.0566666666667</ele><time>2023-03-29T05:48:02Z</time></trkpt><trkpt lat="33.9060755" lon="133.3433926"><ele>950.7333333333332</ele><time>2023-03-29T05:48:30Z</time></trkpt><trkpt lat="33.9061291" lon="133.3431693"><ele>949.65</ele><time>2023-03-29T05:49:07Z</time></trkpt><trkpt lat="33.9060608" lon="133.342962"><ele>950.0633333333332</ele><time>2023-03-29T05:49:15Z</time></trkpt><trkpt lat="33.9060856" lon="133.3427459"><ele>950.5</ele><time>2023-03-29T05:49:49Z</time></trkpt><trkpt lat="33.9060686" lon="133.3425304"><ele>952.65</ele><time>2023-03-29T05:50:18Z</time></trkpt><trkpt lat="33.9061563" lon="133.3423409"><ele>952.3866666666667</ele><time>2023-03-29T05:50:51Z</time></trkpt><trkpt lat="33.9063415" lon="133.3423142"><ele>949.0766666666667</ele><time>2023-03-29T05:51:16Z</time></trkpt><trkpt lat="33.9063991" lon="133.3421055"><ele>942.8166666666666</ele><time>2023-03-29T05:51:51Z</time></trkpt><trkpt lat="33.9065801" lon="133.3420738"><ele>935.0166666666668</ele><time>2023-03-29T05:53:16Z</time></trkpt><trkpt lat="33.9067397" lon="133.3419605"><ele>927.8866666666667</ele><time>2023-03-29T05:53:37Z</time></trkpt><trkpt lat="33.9068603" lon="133.3417968"><ele>919.4</ele><time>2023-03-29T05:53:54Z</time></trkpt><trkpt lat="33.9070249" lon="133.3417024"><ele>911.2333333333335</ele><time>2023-03-29T05:54:13Z</time></trkpt><trkpt lat="33.9071901" lon="133.3416091"><ele>903.3266666666667</ele><time>2023-03-29T05:54:33Z</time></trkpt><trkpt lat="33.9073638" lon="133.3415425"><ele>897.2233333333334</ele><time>2023-03-29T05:55:33Z</time></trkpt><trkpt lat="33.9075465" lon="133.3415207"><ele>892.1766666666666</ele><time>2023-03-29T05:56:09Z</time></trkpt><trkpt lat="33.9076741" lon="133.3413649"><ele>887.4333333333334</ele><time>2023-03-29T05:56:17Z</time></trkpt><trkpt lat="33.907853" lon="133.3413065"><ele>882.0633333333334</ele><time>2023-03-29T05:56:55Z</time></trkpt><trkpt lat="33.9079757" lon="133.3411409"><ele>876.3066666666667</ele><time>2023-03-29T05:58:28Z</time></trkpt><trkpt lat="33.9080961" lon="133.3409799"><ele>870.96</ele><time>2023-03-29T05:58:58Z</time></trkpt><trkpt lat="33.9081471" lon="133.3407711"><ele>864.8433333333332</ele><time>2023-03-29T05:59:17Z</time></trkpt><trkpt lat="33.9082922" lon="133.340632"><ele>857.3533333333334</ele><time>2023-03-29T06:00:19Z</time></trkpt><trkpt lat="33.9084726" lon="133.3406195"><ele>850.1866666666666</ele><time>2023-03-29T06:01:11Z</time></trkpt><trkpt lat="33.9086727" lon="133.3405681"><ele>844.3033333333334</ele><time>2023-03-29T06:01:34Z</time></trkpt><trkpt lat="33.9088356" lon="133.3404465"><ele>840.8366666666667</ele><time>2023-03-29T06:01:40Z</time></trkpt><trkpt lat="33.9089838" lon="133.340321"><ele>836.2966666666667</ele><time>2023-03-29T06:01:55Z</time></trkpt><trkpt lat="33.909148" lon="133.3402269"><ele>831.58</ele><time>2023-03-29T06:02:13Z</time></trkpt><trkpt lat="33.9093304" lon="133.3401937"><ele>823.9166666666666</ele><time>2023-03-29T06:03:52Z</time></trkpt><trkpt lat="33.9091604" lon="133.3401064"><ele>824.2533333333334</ele><time>2023-03-29T06:04:16Z</time></trkpt><trkpt lat="33.9093287" lon="133.3400269"><ele>823.6433333333334</ele><time>2023-03-29T06:08:12Z</time></trkpt><trkpt lat="33.9093823" lon="133.3398028"><ele>828.16</ele><time>2023-03-29T06:08:51Z</time></trkpt><trkpt lat="33.9095178" lon="133.3396581"><ele>825.04</ele><time>2023-03-29T06:09:30Z</time></trkpt><trkpt lat="33.909609" lon="133.339471"><ele>822.6133333333333</ele><time>2023-03-29T06:09:52Z</time></trkpt><trkpt lat="33.9097526" lon="133.3393394"><ele>814.3566666666667</ele><time>2023-03-29T06:10:31Z</time></trkpt><trkpt lat="33.9099233" lon="133.3392634"><ele>806.4899999999999</ele><time>2023-03-29T06:12:08Z</time></trkpt><trkpt lat="33.9101016" lon="133.3392263"><ele>797.3433333333334</ele><time>2023-03-29T06:12:54Z</time></trkpt><trkpt lat="33.9102747" lon="133.3391459"><ele>791.0500000000001</ele><time>2023-03-29T06:13:24Z</time></trkpt><trkpt lat="33.9104164" lon="133.3390107"><ele>785.4066666666668</ele><time>2023-03-29T06:13:44Z</time></trkpt><trkpt lat="33.9105822" lon="133.3389084"><ele>781.8466666666667</ele><time>2023-03-29T06:13:57Z</time></trkpt><trkpt lat="33.9107583" lon="133.3388372"><ele>778.4566666666668</ele><time>2023-03-29T06:15:03Z</time></trkpt><trkpt lat="33.910942" lon="133.3387831"><ele>772.64</ele><time>2023-03-29T06:15:13Z</time></trkpt><trkpt lat="33.9111132" lon="133.3387133"><ele>763.7833333333333</ele><time>2023-03-29T06:15:27Z</time></trkpt><trkpt lat="33.9112824" lon="133.3386358"><ele>755.0600000000001</ele><time>2023-03-29T06:15:59Z</time></trkpt><trkpt lat="33.9114568" lon="133.3385613"><ele>748.7600000000001</ele><time>2023-03-29T06:16:40Z</time></trkpt><trkpt lat="33.9116337" lon="133.3385041"><ele>744.9200000000001</ele><time>2023-03-29T06:16:58Z</time></trkpt><trkpt lat="33.9116616" lon="133.3382889"><ele>743.32</ele><time>2023-03-29T06:18:40Z</time></trkpt><trkpt lat="33.9118451" lon="133.3382399"><ele>740.43</ele><time>2023-03-29T06:19:39Z</time></trkpt><trkpt lat="33.9119863" lon="133.3381037"><ele>738.8266666666667</ele><time>2023-03-29T06:19:53Z</time></trkpt><trkpt lat="33.9121082" lon="133.3379415"><ele>734.7733333333334</ele><time>2023-03-29T06:20:19Z</time></trkpt><trkpt lat="33.9122623" lon="133.337828"><ele>731.19</ele><time>2023-03-29T06:20:32Z</time></trkpt><trkpt lat="33.9124271" lon="133.3377388"><ele>726.9333333333334</ele><time>2023-03-29T06:20:47Z</time></trkpt><trkpt lat="33.9126108" lon="133.3377229"><ele>723.1566666666668</ele><time>2023-03-29T06:21:10Z</time></trkpt><trkpt lat="33.9127963" lon="133.3377171"><ele>719.2566666666668</ele><time>2023-03-29T06:21:34Z</time></trkpt><trkpt lat="33.912977" lon="133.3376985"><ele>715.8066666666667</ele><time>2023-03-29T06:21:50Z</time></trkpt><trkpt lat="33.9131006" lon="133.337532"><ele>713.4966666666666</ele><time>2023-03-29T06:22:14Z</time></trkpt><trkpt lat="33.9132538" lon="133.3374133"><ele>712.4666666666667</ele><time>2023-03-29T06:23:19Z</time></trkpt><trkpt lat="33.9134035" lon="133.3372713"><ele>712.6633333333333</ele><time>2023-03-29T06:23:50Z</time></trkpt><trkpt lat="33.9135453" lon="133.3371358"><ele>712.6733333333333</ele><time>2023-03-29T06:24:48Z</time></trkpt><trkpt lat="33.913666" lon="133.336966"><ele>714.5366666666667</ele><time>2023-03-29T06:25:35Z</time></trkpt><trkpt lat="33.9137958" lon="133.3368114"><ele>716.2766666666666</ele><time>2023-03-29T06:25:50Z</time></trkpt><trkpt lat="33.9139216" lon="133.33665"><ele>716.7466666666668</ele><time>2023-03-29T06:26:08Z</time></trkpt><trkpt lat="33.9140592" lon="133.3365046"><ele>714.3299999999999</ele><time>2023-03-29T06:26:28Z</time></trkpt><trkpt lat="33.914087" lon="133.3362892"><ele>710.4233333333335</ele><time>2023-03-29T06:26:47Z</time></trkpt><trkpt lat="33.9140597" lon="133.3360729"><ele>705.5233333333334</ele><time>2023-03-29T06:27:12Z</time></trkpt><trkpt lat="33.9142216" lon="133.3359751"><ele>701.0933333333332</ele><time>2023-03-29T06:27:39Z</time></trkpt><trkpt lat="33.9142767" lon="133.3357526"><ele>696.4266666666666</ele><time>2023-03-29T06:28:04Z</time></trkpt><trkpt lat="33.9143089" lon="133.3355396"><ele>691.94</ele><time>2023-03-29T06:28:23Z</time></trkpt><trkpt lat="33.9142647" lon="133.3353192"><ele>688.0433333333334</ele><time>2023-03-29T06:28:39Z</time></trkpt><trkpt lat="33.9142347" lon="133.3350938"><ele>684.8033333333333</ele><time>2023-03-29T06:28:54Z</time></trkpt><trkpt lat="33.9143488" lon="133.3349239"><ele>682.3766666666667</ele><time>2023-03-29T06:29:20Z</time></trkpt><trkpt lat="33.9143365" lon="133.3347078"><ele>678.6899999999999</ele><time>2023-03-29T06:30:12Z</time></trkpt><trkpt lat="33.9143168" lon="133.334491"><ele>675.08</ele><time>2023-03-29T06:30:29Z</time></trkpt><trkpt lat="33.9143611" lon="133.3342792"><ele>670.4</ele><time>2023-03-29T06:30:42Z</time></trkpt><trkpt lat="33.9144554" lon="133.3340922"><ele>664.7866666666667</ele><time>2023-03-29T06:30:58Z</time></trkpt><trkpt lat="33.9145016" lon="133.3338725"><ele>658.8066666666667</ele><time>2023-03-29T06:31:13Z</time></trkpt><trkpt lat="33.91458" lon="133.3336676"><ele>652.1666666666667</ele><time>2023-03-29T06:31:44Z</time></trkpt><trkpt lat="33.9146792" lon="133.3334854"><ele>645.34</ele><time>2023-03-29T06:32:21Z</time></trkpt><trkpt lat="33.9147484" lon="133.3332829"><ele>637.2233333333334</ele><time>2023-03-29T06:32:56Z</time></trkpt><trkpt lat="33.9148686" lon="133.3331198"><ele>629.7266666666667</ele><time>2023-03-29T06:33:14Z</time></trkpt><trkpt lat="33.9150441" lon="133.333051"><ele>622.5400000000001</ele><time>2023-03-29T06:33:45Z</time></trkpt><trkpt lat="33.915172" lon="133.3328946"><ele>615.2433333333333</ele><time>2023-03-29T06:34:30Z</time></trkpt><trkpt lat="33.9152596" lon="133.3326991"><ele>608.7666666666667</ele><time>2023-03-29T06:34:44Z</time></trkpt><trkpt lat="33.9153343" lon="133.3324997"><ele>602.5766666666667</ele><time>2023-03-29T06:35:47Z</time></trkpt><trkpt lat="33.9154859" lon="133.3323771"><ele>596.9866666666667</ele><time>2023-03-29T06:36:09Z</time></trkpt><trkpt lat="33.9156082" lon="133.3322179"><ele>590.9466666666667</ele><time>2023-03-29T06:36:49Z</time></trkpt><trkpt lat="33.9157703" lon="133.3321082"><ele>584.8433333333334</ele><time>2023-03-29T06:37:12Z</time></trkpt><trkpt lat="33.9159442" lon="133.3320389"><ele>577.85</ele><time>2023-03-29T06:37:26Z</time></trkpt><trkpt lat="33.9161277" lon="133.3319851"><ele>571.0733333333333</ele><time>2023-03-29T06:37:52Z</time></trkpt><trkpt lat="33.916307" lon="133.331927"><ele>565.0033333333334</ele><time>2023-03-29T06:38:21Z</time></trkpt><trkpt lat="33.9164547" lon="133.3317915"><ele>560.8433333333334</ele><time>2023-03-29T06:38:31Z</time></trkpt><trkpt lat="33.9166361" lon="133.3318252"><ele>556.2433333333332</ele><time>2023-03-29T06:38:53Z</time></trkpt><trkpt lat="33.9168081" lon="133.3317438"><ele>549.43</ele><time>2023-03-29T06:40:50Z</time></trkpt><trkpt lat="33.9169853" lon="133.3316896"><ele>538.8933333333333</ele><time>2023-03-29T06:41:07Z</time></trkpt><trkpt lat="33.9171656" lon="133.3316967"><ele>526.3333333333334</ele><time>2023-03-29T06:42:24Z</time></trkpt><trkpt lat="33.9173354" lon="133.3316227"><ele>515.46</ele><time>2023-03-29T06:43:10Z</time></trkpt><trkpt lat="33.9174025" lon="133.3314178"><ele>506.76</ele><time>2023-03-29T06:44:21Z</time></trkpt><trkpt lat="33.9175009" lon="133.3312264"><ele>500.81666666666666</ele><time>2023-03-29T06:44:31Z</time></trkpt><trkpt lat="33.9175623" lon="133.3310216"><ele>494.05</ele><time>2023-03-29T06:44:46Z</time></trkpt><trkpt lat="33.917594" lon="133.330803"><ele>488.43</ele><time>2023-03-29T06:45:06Z</time></trkpt><trkpt lat="33.9176836" lon="133.3306122"><ele>482.75333333333333</ele><time>2023-03-29T06:45:19Z</time></trkpt><trkpt lat="33.9178522" lon="133.3305339"><ele>480.92333333333335</ele><time>2023-03-29T06:46:37Z</time></trkpt><trkpt lat="33.9178835" lon="133.3303158"><ele>476.93</ele><time>2023-03-29T06:46:52Z</time></trkpt><trkpt lat="33.9178769" lon="133.3300991"><ele>471.8633333333333</ele><time>2023-03-29T06:47:15Z</time></trkpt><trkpt lat="33.9180091" lon="133.3299489"><ele>465.75333333333333</ele><time>2023-03-29T06:47:38Z</time></trkpt><trkpt lat="33.9181513" lon="133.3298072"><ele>463.4633333333333</ele><time>2023-03-29T06:47:49Z</time></trkpt><trkpt lat="33.9182562" lon="133.3296232"><ele>463.06666666666666</ele><time>2023-03-29T06:48:02Z</time></trkpt><trkpt lat="33.9183852" lon="133.3294614"><ele>462.2666666666667</ele><time>2023-03-29T06:48:23Z</time></trkpt><trkpt lat="33.9185645" lon="133.3294237"><ele>459.81666666666666</ele><time>2023-03-29T06:49:32Z</time></trkpt><trkpt lat="33.9186477" lon="133.3292282"><ele>457.27666666666664</ele><time>2023-03-29T06:49:53Z</time></trkpt><trkpt lat="33.9187392" lon="133.3290385"><ele>452.1133333333334</ele><time>2023-03-29T06:50:09Z</time></trkpt><trkpt lat="33.9188236" lon="133.328842"><ele>446.92</ele><time>2023-03-29T06:50:28Z</time></trkpt><trkpt lat="33.9187865" lon="133.3286239"><ele>442.9866666666667</ele><time>2023-03-29T06:50:44Z</time></trkpt><trkpt lat="33.9187715" lon="133.3284058"><ele>439.8233333333333</ele><time>2023-03-29T06:51:01Z</time></trkpt><trkpt lat="33.9189539" lon="133.3283818"><ele>437.89333333333326</ele><time>2023-03-29T06:51:25Z</time></trkpt><trkpt lat="33.9191021" lon="133.3285111"><ele>434.6466666666667</ele><time>2023-03-29T06:51:48Z</time></trkpt><trkpt lat="33.9192589" lon="133.3286246"><ele>432.65333333333336</ele><time>2023-03-29T06:52:09Z</time></trkpt><trkpt lat="33.9193713" lon="133.3284429"><ele>430.8233333333333</ele><time>2023-03-29T06:52:44Z</time></trkpt><trkpt lat="33.9194835" lon="133.3282718"><ele>429.21000000000004</ele><time>2023-03-29T06:53:31Z</time></trkpt><trkpt lat="33.9195639" lon="133.328078"><ele>427.80333333333334</ele><time>2023-03-29T06:54:07Z</time></trkpt><trkpt lat="33.91963" lon="133.3278714"><ele>425.81666666666666</ele><time>2023-03-29T06:54:23Z</time></trkpt><trkpt lat="33.9197144" lon="133.327677"><ele>423.6566666666667</ele><time>2023-03-29T06:54:45Z</time></trkpt><trkpt lat="33.9197499" lon="133.3274588"><ele>420.6266666666666</ele><time>2023-03-29T06:55:03Z</time></trkpt><trkpt lat="33.9198007" lon="133.3272439"><ele>416.67</ele><time>2023-03-29T06:55:33Z</time></trkpt><trkpt lat="33.9199609" lon="133.3271293"><ele>411.9166666666667</ele><time>2023-03-29T06:56:04Z</time></trkpt><trkpt lat="33.9201098" lon="133.3270043"><ele>407.27</ele><time>2023-03-29T06:56:22Z</time></trkpt><trkpt lat="33.9202399" lon="133.3268461"><ele>401.5833333333333</ele><time>2023-03-29T06:56:51Z</time></trkpt><trkpt lat="33.9204207" lon="133.3268102"><ele>394.5466666666666</ele><time>2023-03-29T06:57:55Z</time></trkpt><trkpt lat="33.920602" lon="133.3268072"><ele>386.84666666666664</ele><time>2023-03-29T06:58:53Z</time></trkpt><trkpt lat="33.9207512" lon="133.3266852"><ele>379.15000000000003</ele><time>2023-03-29T07:01:12Z</time></trkpt><trkpt lat="33.9209328" lon="133.3267067"><ele>371.6433333333334</ele><time>2023-03-29T07:01:53Z</time></trkpt><trkpt lat="33.9211094" lon="133.3266373"><ele>363.51000000000005</ele><time>2023-03-29T07:02:39Z</time></trkpt><trkpt lat="33.9212432" lon="133.3264889"><ele>355.2966666666667</ele><time>2023-03-29T07:03:31Z</time></trkpt><trkpt lat="33.9213608" lon="133.3263213"><ele>347.2666666666667</ele><time>2023-03-29T07:04:49Z</time></trkpt><trkpt lat="33.9215373" lon="133.3262591"><ele>339.3366666666667</ele><time>2023-03-29T07:06:15Z</time></trkpt><trkpt lat="33.9217147" lon="133.3261991"><ele>329.19666666666666</ele><time>2023-03-29T07:06:33Z</time></trkpt><trkpt lat="33.9218897" lon="133.3261417"><ele>318.90000000000003</ele><time>2023-03-29T07:07:15Z</time></trkpt><trkpt lat="33.9220625" lon="133.3260713"><ele>309.7866666666667</ele><time>2023-03-29T07:09:14Z</time></trkpt><trkpt lat="33.9222424" lon="133.3259996"><ele>302.58666666666664</ele><time>2023-03-29T07:11:12Z</time></trkpt><trkpt lat="33.9224135" lon="133.3259091"><ele>294.6933333333333</ele><time>2023-03-29T07:11:34Z</time></trkpt><trkpt lat="33.9225927" lon="133.325938"><ele>284.83666666666664</ele><time>2023-03-29T07:12:06Z</time></trkpt><trkpt lat="33.9227777" lon="133.3258851"><ele>275.83</ele><time>2023-03-29T07:12:49Z</time></trkpt><trkpt lat="33.9229449" lon="133.325801"><ele>267.08</ele><time>2023-03-29T07:13:16Z</time></trkpt><trkpt lat="33.9231514" lon="133.3257685"><ele>259.41333333333336</ele><time>2023-03-29T07:15:11Z</time></trkpt><trkpt lat="33.9233125" lon="133.3256647"><ele>251.17333333333332</ele><time>2023-03-29T07:15:25Z</time></trkpt><trkpt lat="33.9234965" lon="133.3256572"><ele>241.01666666666668</ele><time>2023-03-29T07:16:50Z</time></trkpt><trkpt lat="33.923687" lon="133.3256607"><ele>228.97</ele><time>2023-03-29T07:18:07Z</time></trkpt><trkpt lat="33.923868" lon="133.3256814"><ele>213.53666666666666</ele><time>2023-03-29T07:18:38Z</time></trkpt><trkpt lat="33.923873" lon="133.3254621"><ele>202.66666666666666</ele><time>2023-03-29T07:20:44Z</time></trkpt><trkpt lat="33.9240525" lon="133.3254409"><ele>192.98333333333335</ele><time>2023-03-29T07:21:40Z</time></trkpt><trkpt lat="33.9242233" lon="133.3255127"><ele>185.33666666666667</ele><time>2023-03-29T07:22:49Z</time></trkpt><trkpt lat="33.9243806" lon="133.3254069"><ele>174.83333333333334</ele><time>2023-03-29T07:23:36Z</time></trkpt><trkpt lat="33.9244518" lon="133.3252006"><ele>165.12333333333333</ele><time>2023-03-29T07:24:08Z</time></trkpt><trkpt lat="33.92461" lon="133.3250905"><ele>156.29666666666668</ele><time>2023-03-29T07:24:50Z</time></trkpt><trkpt lat="33.9247673" lon="133.3249743"><ele>147.33</ele><time>2023-03-29T07:25:18Z</time></trkpt><trkpt lat="33.9248312" lon="133.3247694"><ele>137.12333333333333</ele><time>2023-03-29T07:26:45Z</time></trkpt><trkpt lat="33.9249191" lon="133.3245794"><ele>124.96000000000002</ele><time>2023-03-29T07:28:04Z</time></trkpt><trkpt lat="33.9248434" lon="133.3243825"><ele>117.69333333333334</ele><time>2023-03-29T07:28:14Z</time></trkpt><trkpt lat="33.9248044" lon="133.324168"><ele>112.32333333333334</ele><time>2023-03-29T07:28:29Z</time></trkpt><trkpt lat="33.9248449" lon="133.323955"><ele>109.64</ele><time>2023-03-29T07:28:49Z</time></trkpt><trkpt lat="33.9247882" lon="133.3237456"><ele>105.08999999999999</ele><time>2023-03-29T07:29:18Z</time></trkpt><trkpt lat="33.9248233" lon="133.3235329"><ele>98.25333333333333</ele><time>2023-03-29T07:29:40Z</time></trkpt><trkpt lat="33.924829" lon="133.3233165"><ele>93.08333333333333</ele><time>2023-03-29T07:30:44Z</time></trkpt><trkpt lat="33.9248499" lon="133.3230999"><ele>88.06666666666666</ele><time>2023-03-29T07:31:48Z</time></trkpt><trkpt lat="33.9250358" lon="133.3231179"><ele>86.37</ele><time>2023-03-29T07:32:47Z</time></trkpt><trkpt lat="33.9249935" lon="133.3228944"><ele>85.22333333333334</ele><time>2023-03-29T07:33:06Z</time></trkpt><trkpt lat="33.9248804" lon="133.3227198"><ele>84.91666666666667</ele><time>2023-03-29T07:33:22Z</time></trkpt><trkpt lat="33.9248526" lon="133.3224914"><ele>84.93333333333334</ele><time>2023-03-29T07:33:40Z</time></trkpt><trkpt lat="33.92478" lon="133.3222894"><ele>85.24333333333334</ele><time>2023-03-29T07:33:57Z</time></trkpt><trkpt lat="33.9247684" lon="133.3220735"><ele>85.07</ele><time>2023-03-29T07:34:25Z</time></trkpt><trkpt lat="33.9247356" lon="133.3218588"><ele>84.86666666666666</ele><time>2023-03-29T07:34:45Z</time></trkpt><trkpt lat="33.9245809" lon="133.3217388"><ele>84.94666666666667</ele><time>2023-03-29T07:34:59Z</time></trkpt><trkpt lat="33.9244782" lon="133.3215504"><ele>85.33999999999999</ele><time>2023-03-29T07:35:19Z</time></trkpt><trkpt lat="33.9244046" lon="133.3213452"><ele>85.96333333333332</ele><time>2023-03-29T07:35:38Z</time></trkpt><trkpt lat="33.9243323" lon="133.3211433"><ele>86.09000000000002</ele><time>2023-03-29T07:35:56Z</time></trkpt><trkpt lat="33.9242082" lon="133.3209846"><ele>86.13</ele><time>2023-03-29T07:36:12Z</time></trkpt><trkpt lat="33.9240989" lon="133.3208091"><ele>86.64</ele><time>2023-03-29T07:36:27Z</time></trkpt><trkpt lat="33.9240418" lon="133.3206006"><ele>87.19333333333333</ele><time>2023-03-29T07:36:42Z</time></trkpt><trkpt lat="33.9240615" lon="133.3203813"><ele>86.99666666666667</ele><time>2023-03-29T07:36:56Z</time></trkpt><trkpt lat="33.9240371" lon="133.3201603"><ele>86.36333333333334</ele><time>2023-03-29T07:37:14Z</time></trkpt><trkpt lat="33.9239194" lon="133.319991"><ele>85.82666666666667</ele><time>2023-03-29T07:37:32Z</time></trkpt><trkpt lat="33.9237459" lon="133.3199314"><ele>86.54333333333334</ele><time>2023-03-29T07:37:48Z</time></trkpt><trkpt lat="33.9236066" lon="133.3197885"><ele>87.82666666666667</ele><time>2023-03-29T07:38:03Z</time></trkpt><trkpt lat="33.9235562" lon="133.3195706"><ele>88.75</ele><time>2023-03-29T07:38:20Z</time></trkpt><trkpt lat="33.9234946" lon="133.3193623"><ele>88.70333333333333</ele><time>2023-03-29T07:38:41Z</time></trkpt><trkpt lat="33.9233456" lon="133.31924"><ele>87.11000000000001</ele><time>2023-03-29T07:38:58Z</time></trkpt><trkpt lat="33.9232222" lon="133.3190742"><ele>84.57000000000001</ele><time>2023-03-29T07:39:13Z</time></trkpt><trkpt lat="33.9231065" lon="133.3189063"><ele>80.24666666666667</ele><time>2023-03-29T07:39:31Z</time></trkpt><trkpt lat="33.9229857" lon="133.3187349"><ele>77.12666666666667</ele><time>2023-03-29T07:39:49Z</time></trkpt><trkpt lat="33.9230638" lon="133.3185344"><ele>74.62666666666667</ele><time>2023-03-29T07:40:10Z</time></trkpt><trkpt lat="33.9231228" lon="133.318324"><ele>73.36</ele><time>2023-03-29T07:40:26Z</time></trkpt><trkpt lat="33.9231076" lon="133.3181071"><ele>71.12666666666667</ele><time>2023-03-29T07:40:44Z</time></trkpt><trkpt lat="33.9231033" lon="133.3178857"><ele>68.38666666666667</ele><time>2023-03-29T07:41:00Z</time></trkpt><trkpt lat="33.9231423" lon="133.3176693"><ele>66.79</ele><time>2023-03-29T07:41:20Z</time></trkpt><trkpt lat="33.9232887" lon="133.3175375"><ele>65.84666666666666</ele><time>2023-03-29T07:41:35Z</time></trkpt><trkpt lat="33.9233945" lon="133.3173588"><ele>66.11333333333333</ele><time>2023-03-29T07:41:52Z</time></trkpt><trkpt lat="33.9235185" lon="133.3171917"><ele>65.86000000000001</ele><time>2023-03-29T07:42:05Z</time></trkpt><trkpt lat="33.9235762" lon="133.3169858"><ele>65.70666666666666</ele><time>2023-03-29T07:42:22Z</time></trkpt><trkpt lat="33.923727" lon="133.316842"><ele>64.49000000000001</ele><time>2023-03-29T07:42:49Z</time></trkpt><trkpt lat="33.9237409" lon="133.3166198"><ele>63.24666666666667</ele><time>2023-03-29T07:43:00Z</time></trkpt><trkpt lat="33.9237494" lon="133.3163941"><ele>61.96333333333334</ele><time>2023-03-29T07:43:15Z</time></trkpt><trkpt lat="33.9238796" lon="133.316239"><ele>60.95000000000001</ele><time>2023-03-29T07:43:25Z</time></trkpt><trkpt lat="33.9237536" lon="133.3160784"><ele>60.25666666666667</ele><time>2023-03-29T07:43:36Z</time></trkpt><trkpt lat="33.9237271" lon="133.3158589"><ele>59.43666666666667</ele><time>2023-03-29T07:43:50Z</time></trkpt><trkpt lat="33.9237037" lon="133.3156379"><ele>59.153333333333336</ele><time>2023-03-29T07:44:06Z</time></trkpt><trkpt lat="33.9235877" lon="133.3154723"><ele>58.79333333333333</ele><time>2023-03-29T07:44:22Z</time></trkpt><trkpt lat="33.9234551" lon="133.3153146"><ele>58.73333333333333</ele><time>2023-03-29T07:44:41Z</time></trkpt><trkpt lat="33.923473" lon="133.3150991"><ele>58.5</ele><time>2023-03-29T07:44:53Z</time></trkpt><trkpt lat="33.9234078" lon="133.3148968"><ele>57.75</ele><time>2023-03-29T07:45:12Z</time></trkpt><trkpt lat="33.923333" lon="133.3146922"><ele>57.67666666666667</ele><time>2023-03-29T07:45:29Z</time></trkpt><trkpt lat="33.9232872" lon="133.3144756"><ele>57.913333333333334</ele><time>2023-03-29T07:45:44Z</time></trkpt><trkpt lat="33.9232533" lon="133.3142595"><ele>58.73333333333333</ele><time>2023-03-29T07:45:57Z</time></trkpt><trkpt lat="33.9232184" lon="133.3140376"><ele>58.723333333333336</ele><time>2023-03-29T07:46:14Z</time></trkpt><trkpt lat="33.923175" lon="133.3138271"><ele>58.800000000000004</ele><time>2023-03-29T07:46:32Z</time></trkpt><trkpt lat="33.9231465" lon="133.3136069"><ele>58.693333333333335</ele><time>2023-03-29T07:46:48Z</time></trkpt><trkpt lat="33.9231667" lon="133.3133857"><ele>58.51666666666667</ele><time>2023-03-29T07:47:04Z</time></trkpt><trkpt lat="33.9231723" lon="133.3131643"><ele>58.25</ele><time>2023-03-29T07:47:20Z</time></trkpt><trkpt lat="33.9231394" lon="133.3129369"><ele>58.03333333333334</ele><time>2023-03-29T07:47:35Z</time></trkpt><trkpt lat="33.9231618" lon="133.312711"><ele>57.85333333333333</ele><time>2023-03-29T07:47:51Z</time></trkpt><trkpt lat="33.9232159" lon="133.3124978"><ele>57.50666666666667</ele><time>2023-03-29T07:48:06Z</time></trkpt><trkpt lat="33.923145" lon="133.3122946"><ele>57.10666666666666</ele><time>2023-03-29T07:48:19Z</time></trkpt><trkpt lat="33.9232461" lon="133.3121053"><ele>56.63666666666666</ele><time>2023-03-29T07:48:33Z</time></trkpt><trkpt lat="33.923217" lon="133.3118813"><ele>56.173333333333325</ele><time>2023-03-29T07:48:49Z</time></trkpt><trkpt lat="33.9232059" lon="133.3116562"><ele>55.75666666666666</ele><time>2023-03-29T07:49:07Z</time></trkpt><trkpt lat="33.9231986" lon="133.3114332"><ele>55.53666666666667</ele><time>2023-03-29T07:49:24Z</time></trkpt><trkpt lat="33.9232177" lon="133.3112162"><ele>55.45666666666667</ele><time>2023-03-29T07:49:40Z</time></trkpt><trkpt lat="33.9232391" lon="133.3109988"><ele>55.48333333333334</ele><time>2023-03-29T07:49:55Z</time></trkpt><trkpt lat="33.923219" lon="133.3107832"><ele>55.51333333333334</ele><time>2023-03-29T07:50:10Z</time></trkpt><trkpt lat="33.9232785" lon="133.3105695"><ele>55.54333333333333</ele><time>2023-03-29T07:50:30Z</time></trkpt><trkpt lat="33.9232598" lon="133.3103482"><ele>55.653333333333336</ele><time>2023-03-29T07:50:45Z</time></trkpt><trkpt lat="33.9232831" lon="133.3101293"><ele>55.47666666666667</ele><time>2023-03-29T07:51:02Z</time></trkpt></trkseg></trk></gpx>